사업장명,배출구,측정일시,"측정
항목",측정값
한국중부발전㈜보령발전본부,3,2018-04-01 00:00,TSP,5.94
한국중부발전㈜보령발전본부,3,2018-04-01 00:00,SOx,25.53
한국중부발전㈜보령발전본부,3,2018-04-01 00:00,NOx,26.47
한국중부발전㈜보령발전본부,3,2018-04-01 00:30,TSP,5.81
한국중부발전㈜보령발전본부,3,2018-04-01 00:30,SOx,26.99
한국중부발전㈜보령발전본부,3,2018-04-01 00:30,NOx,29.3
한국중부발전㈜보령발전본부,3,2018-04-01 01:00,TSP,5.91
한국중부발전㈜보령발전본부,3,2018-04-01 01:00,SOx,27.34
한국중부발전㈜보령발전본부,3,2018-04-01 01:00,NOx,31.64
한국중부발전㈜보령발전본부,3,2018-04-01 01:30,TSP,5.64
한국중부발전㈜보령발전본부,3,2018-04-01 01:30,SOx,28.39
한국중부발전㈜보령발전본부,3,2018-04-01 01:30,NOx,30.43
한국중부발전㈜보령발전본부,3,2018-04-01 02:00,TSP,5.85
한국중부발전㈜보령발전본부,3,2018-04-01 02:00,SOx,29.39
한국중부발전㈜보령발전본부,3,2018-04-01 02:00,NOx,38.36
한국중부발전㈜보령발전본부,3,2018-04-01 02:30,TSP,5.66
한국중부발전㈜보령발전본부,3,2018-04-01 02:30,SOx,29.82
한국중부발전㈜보령발전본부,3,2018-04-01 02:30,NOx,25.6
한국중부발전㈜보령발전본부,3,2018-04-01 03:00,TSP,5.52
한국중부발전㈜보령발전본부,3,2018-04-01 03:00,SOx,31.75
한국중부발전㈜보령발전본부,3,2018-04-01 03:00,NOx,26.46
한국중부발전㈜보령발전본부,3,2018-04-01 03:30,TSP,5.38
한국중부발전㈜보령발전본부,3,2018-04-01 03:30,SOx,32.29
한국중부발전㈜보령발전본부,3,2018-04-01 03:30,NOx,23.24
한국중부발전㈜보령발전본부,3,2018-04-01 04:00,TSP,5.19
한국중부발전㈜보령발전본부,3,2018-04-01 04:00,SOx,33.67
한국중부발전㈜보령발전본부,3,2018-04-01 04:00,NOx,24.91
한국중부발전㈜보령발전본부,3,2018-04-01 04:30,TSP,5.06
한국중부발전㈜보령발전본부,3,2018-04-01 04:30,SOx,36.78
한국중부발전㈜보령발전본부,3,2018-04-01 04:30,NOx,24.17
한국중부발전㈜보령발전본부,3,2018-04-01 05:00,TSP,4.89
한국중부발전㈜보령발전본부,3,2018-04-01 05:00,SOx,33.77
한국중부발전㈜보령발전본부,3,2018-04-01 05:00,NOx,27.53
한국중부발전㈜보령발전본부,3,2018-04-01 05:30,TSP,4.78
한국중부발전㈜보령발전본부,3,2018-04-01 05:30,SOx,35.72
한국중부발전㈜보령발전본부,3,2018-04-01 05:30,NOx,22.37
한국중부발전㈜보령발전본부,3,2018-04-01 06:00,TSP,4.7
한국중부발전㈜보령발전본부,3,2018-04-01 06:00,SOx,32.54
한국중부발전㈜보령발전본부,3,2018-04-01 06:00,NOx,25.22
한국중부발전㈜보령발전본부,3,2018-04-01 06:30,TSP,4.81
한국중부발전㈜보령발전본부,3,2018-04-01 06:30,SOx,29.13
한국중부발전㈜보령발전본부,3,2018-04-01 06:30,NOx,22.55
한국중부발전㈜보령발전본부,3,2018-04-01 07:00,TSP,5.26
한국중부발전㈜보령발전본부,3,2018-04-01 07:00,SOx,26.75
한국중부발전㈜보령발전본부,3,2018-04-01 07:00,NOx,23.86
한국중부발전㈜보령발전본부,3,2018-04-01 07:30,TSP,5.26
한국중부발전㈜보령발전본부,3,2018-04-01 07:30,SOx,26.39
한국중부발전㈜보령발전본부,3,2018-04-01 07:30,NOx,24.85
한국중부발전㈜보령발전본부,3,2018-04-01 08:00,TSP,4.84
한국중부발전㈜보령발전본부,3,2018-04-01 08:00,SOx,24.86
한국중부발전㈜보령발전본부,3,2018-04-01 08:00,NOx,24.3
한국중부발전㈜보령발전본부,3,2018-04-01 08:30,TSP,5.06
한국중부발전㈜보령발전본부,3,2018-04-01 08:30,SOx,25.02
한국중부발전㈜보령발전본부,3,2018-04-01 08:30,NOx,25.47
한국중부발전㈜보령발전본부,3,2018-04-01 09:00,TSP,5.17
한국중부발전㈜보령발전본부,3,2018-04-01 09:00,SOx,24.64
한국중부발전㈜보령발전본부,3,2018-04-01 09:00,NOx,24.16
한국중부발전㈜보령발전본부,3,2018-04-01 09:30,TSP,4.79
한국중부발전㈜보령발전본부,3,2018-04-01 09:30,SOx,25.62
한국중부발전㈜보령발전본부,3,2018-04-01 09:30,NOx,32.65
한국중부발전㈜보령발전본부,3,2018-04-01 10:00,TSP,4.83
한국중부발전㈜보령발전본부,3,2018-04-01 10:00,SOx,23.23
한국중부발전㈜보령발전본부,3,2018-04-01 10:00,NOx,31.85
한국중부발전㈜보령발전본부,3,2018-04-01 10:30,TSP,4.6
한국중부발전㈜보령발전본부,3,2018-04-01 10:30,SOx,23.3
한국중부발전㈜보령발전본부,3,2018-04-01 10:30,NOx,23.62
한국중부발전㈜보령발전본부,3,2018-04-01 11:00,TSP,4.58
한국중부발전㈜보령발전본부,3,2018-04-01 11:00,SOx,23.84
한국중부발전㈜보령발전본부,3,2018-04-01 11:00,NOx,23.57
한국중부발전㈜보령발전본부,3,2018-04-01 11:30,TSP,4.67
한국중부발전㈜보령발전본부,3,2018-04-01 11:30,SOx,26.23
한국중부발전㈜보령발전본부,3,2018-04-01 11:30,NOx,23.57
한국중부발전㈜보령발전본부,3,2018-04-01 12:00,TSP,4.81
한국중부발전㈜보령발전본부,3,2018-04-01 12:00,SOx,25.21
한국중부발전㈜보령발전본부,3,2018-04-01 12:00,NOx,25.15
한국중부발전㈜보령발전본부,3,2018-04-01 12:30,TSP,4.54
한국중부발전㈜보령발전본부,3,2018-04-01 12:30,SOx,21.62
한국중부발전㈜보령발전본부,3,2018-04-01 12:30,NOx,25.58
한국중부발전㈜보령발전본부,3,2018-04-01 13:00,TSP,4.47
한국중부발전㈜보령발전본부,3,2018-04-01 13:00,SOx,22.05
한국중부발전㈜보령발전본부,3,2018-04-01 13:00,NOx,24.31
한국중부발전㈜보령발전본부,3,2018-04-01 13:30,TSP,4.41
한국중부발전㈜보령발전본부,3,2018-04-01 13:30,SOx,22.67
한국중부발전㈜보령발전본부,3,2018-04-01 13:30,NOx,23.39
한국중부발전㈜보령발전본부,3,2018-04-01 14:00,TSP,4.46
한국중부발전㈜보령발전본부,3,2018-04-01 14:00,SOx,22.84
한국중부발전㈜보령발전본부,3,2018-04-01 14:00,NOx,24.07
한국중부발전㈜보령발전본부,3,2018-04-01 14:30,TSP,4.38
한국중부발전㈜보령발전본부,3,2018-04-01 14:30,SOx,23.21
한국중부발전㈜보령발전본부,3,2018-04-01 14:30,NOx,24.85
한국중부발전㈜보령발전본부,3,2018-04-01 15:00,TSP,4.63
한국중부발전㈜보령발전본부,3,2018-04-01 15:00,SOx,23.21
한국중부발전㈜보령발전본부,3,2018-04-01 15:00,NOx,24.85
한국중부발전㈜보령발전본부,3,2018-04-01 15:30,TSP,4.63
한국중부발전㈜보령발전본부,3,2018-04-01 15:30,SOx,23.75
한국중부발전㈜보령발전본부,3,2018-04-01 15:30,NOx,22.96
한국중부발전㈜보령발전본부,3,2018-04-01 16:00,TSP,4.48
한국중부발전㈜보령발전본부,3,2018-04-01 16:00,SOx,23.27
한국중부발전㈜보령발전본부,3,2018-04-01 16:00,NOx,23.02
한국중부발전㈜보령발전본부,3,2018-04-01 16:30,TSP,4.54
한국중부발전㈜보령발전본부,3,2018-04-01 16:30,SOx,22.58
한국중부발전㈜보령발전본부,3,2018-04-01 16:30,NOx,22.9
한국중부발전㈜보령발전본부,3,2018-04-01 17:00,TSP,4.63
한국중부발전㈜보령발전본부,3,2018-04-01 17:00,SOx,22.44
한국중부발전㈜보령발전본부,3,2018-04-01 17:00,NOx,23.76
한국중부발전㈜보령발전본부,3,2018-04-01 17:30,TSP,4.47
한국중부발전㈜보령발전본부,3,2018-04-01 17:30,SOx,23.19
한국중부발전㈜보령발전본부,3,2018-04-01 17:30,NOx,25.84
한국중부발전㈜보령발전본부,3,2018-04-01 18:00,TSP,4.22
한국중부발전㈜보령발전본부,3,2018-04-01 18:00,SOx,24.45
한국중부발전㈜보령발전본부,3,2018-04-01 18:00,NOx,25.77
한국중부발전㈜보령발전본부,3,2018-04-01 18:30,TSP,4.18
한국중부발전㈜보령발전본부,3,2018-04-01 18:30,SOx,24.7
한국중부발전㈜보령발전본부,3,2018-04-01 18:30,NOx,22.58
한국중부발전㈜보령발전본부,3,2018-04-01 19:00,TSP,4.1
한국중부발전㈜보령발전본부,3,2018-04-01 19:00,SOx,23.94
한국중부발전㈜보령발전본부,3,2018-04-01 19:00,NOx,22.06
한국중부발전㈜보령발전본부,3,2018-04-01 19:30,TSP,4.12
한국중부발전㈜보령발전본부,3,2018-04-01 19:30,SOx,23.97
한국중부발전㈜보령발전본부,3,2018-04-01 19:30,NOx,23.72
한국중부발전㈜보령발전본부,3,2018-04-01 20:00,TSP,4.09
한국중부발전㈜보령발전본부,3,2018-04-01 20:00,SOx,24.27
한국중부발전㈜보령발전본부,3,2018-04-01 20:00,NOx,21.69
한국중부발전㈜보령발전본부,3,2018-04-01 20:30,TSP,4.01
한국중부발전㈜보령발전본부,3,2018-04-01 20:30,SOx,24.55
한국중부발전㈜보령발전본부,3,2018-04-01 20:30,NOx,22.6
한국중부발전㈜보령발전본부,3,2018-04-01 21:00,TSP,4.02
한국중부발전㈜보령발전본부,3,2018-04-01 21:00,SOx,25.3
한국중부발전㈜보령발전본부,3,2018-04-01 21:00,NOx,21.88
한국중부발전㈜보령발전본부,3,2018-04-01 21:30,TSP,4.01
한국중부발전㈜보령발전본부,3,2018-04-01 21:30,SOx,25.56
한국중부발전㈜보령발전본부,3,2018-04-01 21:30,NOx,23.79
한국중부발전㈜보령발전본부,3,2018-04-01 22:00,TSP,4.17
한국중부발전㈜보령발전본부,3,2018-04-01 22:00,SOx,26.24
한국중부발전㈜보령발전본부,3,2018-04-01 22:00,NOx,24.59
한국중부발전㈜보령발전본부,3,2018-04-01 22:30,TSP,4.26
한국중부발전㈜보령발전본부,3,2018-04-01 22:30,SOx,27.5
한국중부발전㈜보령발전본부,3,2018-04-01 22:30,NOx,22.79
한국중부발전㈜보령발전본부,3,2018-04-01 23:00,TSP,4.49
한국중부발전㈜보령발전본부,3,2018-04-01 23:00,SOx,29.51
한국중부발전㈜보령발전본부,3,2018-04-01 23:00,NOx,23.92
한국중부발전㈜보령발전본부,3,2018-04-01 23:30,TSP,4.49
한국중부발전㈜보령발전본부,3,2018-04-01 23:30,SOx,30.16
한국중부발전㈜보령발전본부,3,2018-04-01 23:30,NOx,25.62
한국중부발전㈜보령발전본부,3,2018-04-02 00:00,TSP,4.68
한국중부발전㈜보령발전본부,3,2018-04-02 00:00,SOx,30.25
한국중부발전㈜보령발전본부,3,2018-04-02 00:00,NOx,29.0
한국중부발전㈜보령발전본부,3,2018-04-02 00:30,TSP,4.61
한국중부발전㈜보령발전본부,3,2018-04-02 00:30,SOx,30.48
한국중부발전㈜보령발전본부,3,2018-04-02 00:30,NOx,27.09
한국중부발전㈜보령발전본부,3,2018-04-02 01:00,TSP,4.95
한국중부발전㈜보령발전본부,3,2018-04-02 01:00,SOx,31.12
한국중부발전㈜보령발전본부,3,2018-04-02 01:00,NOx,29.56
한국중부발전㈜보령발전본부,3,2018-04-02 01:30,TSP,4.64
한국중부발전㈜보령발전본부,3,2018-04-02 01:30,SOx,32.04
한국중부발전㈜보령발전본부,3,2018-04-02 01:30,NOx,31.48
한국중부발전㈜보령발전본부,3,2018-04-02 02:00,TSP,4.54
한국중부발전㈜보령발전본부,3,2018-04-02 02:00,SOx,33.87
한국중부발전㈜보령발전본부,3,2018-04-02 02:00,NOx,22.96
한국중부발전㈜보령발전본부,3,2018-04-02 02:30,TSP,4.62
한국중부발전㈜보령발전본부,3,2018-04-02 02:30,SOx,33.6
한국중부발전㈜보령발전본부,3,2018-04-02 02:30,NOx,23.42
한국중부발전㈜보령발전본부,3,2018-04-02 03:00,TSP,4.74
한국중부발전㈜보령발전본부,3,2018-04-02 03:00,SOx,34.23
한국중부발전㈜보령발전본부,3,2018-04-02 03:00,NOx,24.42
한국중부발전㈜보령발전본부,3,2018-04-02 03:30,TSP,4.82
한국중부발전㈜보령발전본부,3,2018-04-02 03:30,SOx,35.02
한국중부발전㈜보령발전본부,3,2018-04-02 03:30,NOx,23.46
한국중부발전㈜보령발전본부,3,2018-04-02 04:00,TSP,4.4
한국중부발전㈜보령발전본부,3,2018-04-02 04:00,SOx,34.93
한국중부발전㈜보령발전본부,3,2018-04-02 04:00,NOx,25.1
한국중부발전㈜보령발전본부,3,2018-04-02 04:30,TSP,4.44
한국중부발전㈜보령발전본부,3,2018-04-02 04:30,SOx,33.19
한국중부발전㈜보령발전본부,3,2018-04-02 04:30,NOx,24.41
한국중부발전㈜보령발전본부,3,2018-04-02 05:00,TSP,4.36
한국중부발전㈜보령발전본부,3,2018-04-02 05:00,SOx,30.61
한국중부발전㈜보령발전본부,3,2018-04-02 05:00,NOx,24.38
한국중부발전㈜보령발전본부,3,2018-04-02 05:30,TSP,4.33
한국중부발전㈜보령발전본부,3,2018-04-02 05:30,SOx,30.04
한국중부발전㈜보령발전본부,3,2018-04-02 05:30,NOx,24.01
한국중부발전㈜보령발전본부,3,2018-04-02 06:00,TSP,4.28
한국중부발전㈜보령발전본부,3,2018-04-02 06:00,SOx,29.9
한국중부발전㈜보령발전본부,3,2018-04-02 06:00,NOx,23.76
한국중부발전㈜보령발전본부,3,2018-04-02 06:30,TSP,4.26
한국중부발전㈜보령발전본부,3,2018-04-02 06:30,SOx,29.17
한국중부발전㈜보령발전본부,3,2018-04-02 06:30,NOx,22.86
한국중부발전㈜보령발전본부,3,2018-04-02 07:00,TSP,4.21
한국중부발전㈜보령발전본부,3,2018-04-02 07:00,SOx,28.44
한국중부발전㈜보령발전본부,3,2018-04-02 07:00,NOx,24.16
한국중부발전㈜보령발전본부,3,2018-04-02 07:30,TSP,4.21
한국중부발전㈜보령발전본부,3,2018-04-02 07:30,SOx,27.35
한국중부발전㈜보령발전본부,3,2018-04-02 07:30,NOx,24.26
한국중부발전㈜보령발전본부,3,2018-04-02 08:00,TSP,4.24
한국중부발전㈜보령발전본부,3,2018-04-02 08:00,SOx,25.35
한국중부발전㈜보령발전본부,3,2018-04-02 08:00,NOx,23.62
한국중부발전㈜보령발전본부,3,2018-04-02 08:30,TSP,4.55
한국중부발전㈜보령발전본부,3,2018-04-02 08:30,SOx,23.91
한국중부발전㈜보령발전본부,3,2018-04-02 08:30,NOx,23.13
한국중부발전㈜보령발전본부,3,2018-04-02 09:00,TSP,4.81
한국중부발전㈜보령발전본부,3,2018-04-02 09:00,SOx,23.02
한국중부발전㈜보령발전본부,3,2018-04-02 09:00,NOx,37.34
한국중부발전㈜보령발전본부,3,2018-04-02 09:30,TSP,4.8
한국중부발전㈜보령발전본부,3,2018-04-02 09:30,SOx,22.85
한국중부발전㈜보령발전본부,3,2018-04-02 09:30,NOx,22.69
한국중부발전㈜보령발전본부,3,2018-04-02 10:00,TSP,4.7
한국중부발전㈜보령발전본부,3,2018-04-02 10:00,SOx,23.13
한국중부발전㈜보령발전본부,3,2018-04-02 10:00,NOx,25.11
한국중부발전㈜보령발전본부,3,2018-04-02 10:30,TSP,4.9
한국중부발전㈜보령발전본부,3,2018-04-02 10:30,SOx,23.8
한국중부발전㈜보령발전본부,3,2018-04-02 10:30,NOx,23.36
한국중부발전㈜보령발전본부,3,2018-04-02 11:00,TSP,4.8
한국중부발전㈜보령발전본부,3,2018-04-02 11:00,SOx,23.7
한국중부발전㈜보령발전본부,3,2018-04-02 11:00,NOx,23.92
한국중부발전㈜보령발전본부,3,2018-04-02 11:30,TSP,4.98
한국중부발전㈜보령발전본부,3,2018-04-02 11:30,SOx,24.74
한국중부발전㈜보령발전본부,3,2018-04-02 11:30,NOx,29.18
한국중부발전㈜보령발전본부,3,2018-04-02 12:00,TSP,4.82
한국중부발전㈜보령발전본부,3,2018-04-02 12:00,SOx,23.75
한국중부발전㈜보령발전본부,3,2018-04-02 12:00,NOx,19.31
한국중부발전㈜보령발전본부,3,2018-04-02 12:30,TSP,4.65
한국중부발전㈜보령발전본부,3,2018-04-02 12:30,SOx,23.11
한국중부발전㈜보령발전본부,3,2018-04-02 12:30,NOx,23.77
한국중부발전㈜보령발전본부,3,2018-04-02 13:00,TSP,4.78
한국중부발전㈜보령발전본부,3,2018-04-02 13:00,SOx,23.01
한국중부발전㈜보령발전본부,3,2018-04-02 13:00,NOx,27.22
한국중부발전㈜보령발전본부,3,2018-04-02 13:30,TSP,4.5
한국중부발전㈜보령발전본부,3,2018-04-02 13:30,SOx,23.3
한국중부발전㈜보령발전본부,3,2018-04-02 13:30,NOx,27.04
한국중부발전㈜보령발전본부,3,2018-04-02 14:00,TSP,4.3
한국중부발전㈜보령발전본부,3,2018-04-02 14:00,SOx,23.68
한국중부발전㈜보령발전본부,3,2018-04-02 14:00,NOx,22.78
한국중부발전㈜보령발전본부,3,2018-04-02 14:30,TSP,4.48
한국중부발전㈜보령발전본부,3,2018-04-02 14:30,SOx,23.01
한국중부발전㈜보령발전본부,3,2018-04-02 14:30,NOx,24.02
한국중부발전㈜보령발전본부,3,2018-04-02 15:00,TSP,4.46
한국중부발전㈜보령발전본부,3,2018-04-02 15:00,SOx,23.01
한국중부발전㈜보령발전본부,3,2018-04-02 15:00,NOx,24.02
한국중부발전㈜보령발전본부,3,2018-04-02 15:30,TSP,4.46
한국중부발전㈜보령발전본부,3,2018-04-02 15:30,SOx,21.67
한국중부발전㈜보령발전본부,3,2018-04-02 15:30,NOx,23.54
한국중부발전㈜보령발전본부,3,2018-04-02 16:00,TSP,4.11
한국중부발전㈜보령발전본부,3,2018-04-02 16:00,SOx,20.34
한국중부발전㈜보령발전본부,3,2018-04-02 16:00,NOx,23.8
한국중부발전㈜보령발전본부,3,2018-04-02 16:30,TSP,4.11
한국중부발전㈜보령발전본부,3,2018-04-02 16:30,SOx,19.92
한국중부발전㈜보령발전본부,3,2018-04-02 16:30,NOx,23.96
한국중부발전㈜보령발전본부,3,2018-04-02 17:00,TSP,3.94
한국중부발전㈜보령발전본부,3,2018-04-02 17:00,SOx,21.32
한국중부발전㈜보령발전본부,3,2018-04-02 17:00,NOx,24.44
한국중부발전㈜보령발전본부,3,2018-04-02 17:30,TSP,3.94
한국중부발전㈜보령발전본부,3,2018-04-02 17:30,SOx,22.34
한국중부발전㈜보령발전본부,3,2018-04-02 17:30,NOx,24.7
한국중부발전㈜보령발전본부,3,2018-04-02 18:00,TSP,3.88
한국중부발전㈜보령발전본부,3,2018-04-02 18:00,SOx,23.17
한국중부발전㈜보령발전본부,3,2018-04-02 18:00,NOx,24.21
한국중부발전㈜보령발전본부,3,2018-04-02 18:30,TSP,4.05
한국중부발전㈜보령발전본부,3,2018-04-02 18:30,SOx,23.49
한국중부발전㈜보령발전본부,3,2018-04-02 18:30,NOx,20.82
한국중부발전㈜보령발전본부,3,2018-04-02 19:00,TSP,3.81
한국중부발전㈜보령발전본부,3,2018-04-02 19:00,SOx,23.3
한국중부발전㈜보령발전본부,3,2018-04-02 19:00,NOx,21.58
한국중부발전㈜보령발전본부,3,2018-04-02 19:30,TSP,3.83
한국중부발전㈜보령발전본부,3,2018-04-02 19:30,SOx,24.09
한국중부발전㈜보령발전본부,3,2018-04-02 19:30,NOx,21.75
한국중부발전㈜보령발전본부,3,2018-04-02 20:00,TSP,3.76
한국중부발전㈜보령발전본부,3,2018-04-02 20:00,SOx,24.8
한국중부발전㈜보령발전본부,3,2018-04-02 20:00,NOx,22.55
한국중부발전㈜보령발전본부,3,2018-04-02 20:30,TSP,4.04
한국중부발전㈜보령발전본부,3,2018-04-02 20:30,SOx,25.52
한국중부발전㈜보령발전본부,3,2018-04-02 20:30,NOx,23.25
한국중부발전㈜보령발전본부,3,2018-04-02 21:00,TSP,3.99
한국중부발전㈜보령발전본부,3,2018-04-02 21:00,SOx,29.81
한국중부발전㈜보령발전본부,3,2018-04-02 21:00,NOx,22.27
한국중부발전㈜보령발전본부,3,2018-04-02 21:30,TSP,3.89
한국중부발전㈜보령발전본부,3,2018-04-02 21:30,SOx,32.75
한국중부발전㈜보령발전본부,3,2018-04-02 21:30,NOx,23.89
한국중부발전㈜보령발전본부,3,2018-04-02 22:00,TSP,3.77
한국중부발전㈜보령발전본부,3,2018-04-02 22:00,SOx,34.14
한국중부발전㈜보령발전본부,3,2018-04-02 22:00,NOx,21.25
한국중부발전㈜보령발전본부,3,2018-04-02 22:30,TSP,3.95
한국중부발전㈜보령발전본부,3,2018-04-02 22:30,SOx,30.33
한국중부발전㈜보령발전본부,3,2018-04-02 22:30,NOx,23.73
한국중부발전㈜보령발전본부,3,2018-04-02 23:00,TSP,3.85
한국중부발전㈜보령발전본부,3,2018-04-02 23:00,SOx,33.27
한국중부발전㈜보령발전본부,3,2018-04-02 23:00,NOx,23.57
한국중부발전㈜보령발전본부,3,2018-04-02 23:30,TSP,4.08
한국중부발전㈜보령발전본부,3,2018-04-02 23:30,SOx,34.6
한국중부발전㈜보령발전본부,3,2018-04-02 23:30,NOx,23.52
한국중부발전㈜보령발전본부,3,2018-04-03 00:00,TSP,4.08
한국중부발전㈜보령발전본부,3,2018-04-03 00:00,SOx,33.61
한국중부발전㈜보령발전본부,3,2018-04-03 00:00,NOx,24.3
한국중부발전㈜보령발전본부,3,2018-04-03 00:30,TSP,4.26
한국중부발전㈜보령발전본부,3,2018-04-03 00:30,SOx,32.61
한국중부발전㈜보령발전본부,3,2018-04-03 00:30,NOx,24.0
한국중부발전㈜보령발전본부,3,2018-04-03 01:00,TSP,4.28
한국중부발전㈜보령발전본부,3,2018-04-03 01:00,SOx,32.45
한국중부발전㈜보령발전본부,3,2018-04-03 01:00,NOx,24.93
한국중부발전㈜보령발전본부,3,2018-04-03 01:30,TSP,4.3
한국중부발전㈜보령발전본부,3,2018-04-03 01:30,SOx,32.4
한국중부발전㈜보령발전본부,3,2018-04-03 01:30,NOx,23.79
한국중부발전㈜보령발전본부,3,2018-04-03 02:00,TSP,4.33
한국중부발전㈜보령발전본부,3,2018-04-03 02:00,SOx,33.59
한국중부발전㈜보령발전본부,3,2018-04-03 02:00,NOx,25.99
한국중부발전㈜보령발전본부,3,2018-04-03 02:30,TSP,4.5
한국중부발전㈜보령발전본부,3,2018-04-03 02:30,SOx,34.71
한국중부발전㈜보령발전본부,3,2018-04-03 02:30,NOx,26.49
한국중부발전㈜보령발전본부,3,2018-04-03 03:00,TSP,4.49
한국중부발전㈜보령발전본부,3,2018-04-03 03:00,SOx,34.28
한국중부발전㈜보령발전본부,3,2018-04-03 03:00,NOx,23.9
한국중부발전㈜보령발전본부,3,2018-04-03 03:30,TSP,4.22
한국중부발전㈜보령발전본부,3,2018-04-03 03:30,SOx,33.04
한국중부발전㈜보령발전본부,3,2018-04-03 03:30,NOx,25.56
한국중부발전㈜보령발전본부,3,2018-04-03 04:00,TSP,4.19
한국중부발전㈜보령발전본부,3,2018-04-03 04:00,SOx,32.43
한국중부발전㈜보령발전본부,3,2018-04-03 04:00,NOx,26.14
한국중부발전㈜보령발전본부,3,2018-04-03 04:30,TSP,4.26
한국중부발전㈜보령발전본부,3,2018-04-03 04:30,SOx,31.12
한국중부발전㈜보령발전본부,3,2018-04-03 04:30,NOx,27.59
한국중부발전㈜보령발전본부,3,2018-04-03 05:00,TSP,4.21
한국중부발전㈜보령발전본부,3,2018-04-03 05:00,SOx,32.3
한국중부발전㈜보령발전본부,3,2018-04-03 05:00,NOx,23.54
한국중부발전㈜보령발전본부,3,2018-04-03 05:30,TSP,4.24
한국중부발전㈜보령발전본부,3,2018-04-03 05:30,SOx,34.43
한국중부발전㈜보령발전본부,3,2018-04-03 05:30,NOx,24.53
한국중부발전㈜보령발전본부,3,2018-04-03 06:00,TSP,4.2
한국중부발전㈜보령발전본부,3,2018-04-03 06:00,SOx,36.35
한국중부발전㈜보령발전본부,3,2018-04-03 06:00,NOx,23.59
한국중부발전㈜보령발전본부,3,2018-04-03 06:30,TSP,4.13
한국중부발전㈜보령발전본부,3,2018-04-03 06:30,SOx,37.88
한국중부발전㈜보령발전본부,3,2018-04-03 06:30,NOx,24.01
한국중부발전㈜보령발전본부,3,2018-04-03 07:00,TSP,4.21
한국중부발전㈜보령발전본부,3,2018-04-03 07:00,SOx,39.32
한국중부발전㈜보령발전본부,3,2018-04-03 07:00,NOx,25.95
한국중부발전㈜보령발전본부,3,2018-04-03 07:30,TSP,4.21
한국중부발전㈜보령발전본부,3,2018-04-03 07:30,SOx,38.23
한국중부발전㈜보령발전본부,3,2018-04-03 07:30,NOx,23.11
한국중부발전㈜보령발전본부,3,2018-04-03 08:00,TSP,4.19
한국중부발전㈜보령발전본부,3,2018-04-03 08:00,SOx,37.32
한국중부발전㈜보령발전본부,3,2018-04-03 08:00,NOx,22.95
한국중부발전㈜보령발전본부,3,2018-04-03 08:30,TSP,4.28
한국중부발전㈜보령발전본부,3,2018-04-03 08:30,SOx,37.09
한국중부발전㈜보령발전본부,3,2018-04-03 08:30,NOx,23.68
한국중부발전㈜보령발전본부,3,2018-04-03 09:00,TSP,4.24
한국중부발전㈜보령발전본부,3,2018-04-03 09:00,SOx,37.26
한국중부발전㈜보령발전본부,3,2018-04-03 09:00,NOx,23.37
한국중부발전㈜보령발전본부,3,2018-04-03 09:30,TSP,4.14
한국중부발전㈜보령발전본부,3,2018-04-03 09:30,SOx,30.97
한국중부발전㈜보령발전본부,3,2018-04-03 09:30,NOx,20.34
한국중부발전㈜보령발전본부,3,2018-04-03 10:00,TSP,4.15
한국중부발전㈜보령발전본부,3,2018-04-03 10:00,SOx,28.12
한국중부발전㈜보령발전본부,3,2018-04-03 10:00,NOx,25.08
한국중부발전㈜보령발전본부,3,2018-04-03 10:30,TSP,4.08
한국중부발전㈜보령발전본부,3,2018-04-03 10:30,SOx,26.89
한국중부발전㈜보령발전본부,3,2018-04-03 10:30,NOx,24.28
한국중부발전㈜보령발전본부,3,2018-04-03 11:00,TSP,4.15
한국중부발전㈜보령발전본부,3,2018-04-03 11:00,SOx,28.24
한국중부발전㈜보령발전본부,3,2018-04-03 11:00,NOx,26.8
한국중부발전㈜보령발전본부,3,2018-04-03 11:30,TSP,4.13
한국중부발전㈜보령발전본부,3,2018-04-03 11:30,SOx,30.69
한국중부발전㈜보령발전본부,3,2018-04-03 11:30,NOx,22.84
한국중부발전㈜보령발전본부,3,2018-04-03 12:00,TSP,4.6
한국중부발전㈜보령발전본부,3,2018-04-03 12:00,SOx,31.3
한국중부발전㈜보령발전본부,3,2018-04-03 12:00,NOx,28.98
한국중부발전㈜보령발전본부,3,2018-04-03 12:30,TSP,4.4
한국중부발전㈜보령발전본부,3,2018-04-03 12:30,SOx,30.96
한국중부발전㈜보령발전본부,3,2018-04-03 12:30,NOx,26.85
한국중부발전㈜보령발전본부,3,2018-04-03 13:00,TSP,4.58
한국중부발전㈜보령발전본부,3,2018-04-03 13:00,SOx,30.86
한국중부발전㈜보령발전본부,3,2018-04-03 13:00,NOx,26.57
한국중부발전㈜보령발전본부,3,2018-04-03 13:30,TSP,4.8
한국중부발전㈜보령발전본부,3,2018-04-03 13:30,SOx,31.04
한국중부발전㈜보령발전본부,3,2018-04-03 13:30,NOx,28.15
한국중부발전㈜보령발전본부,3,2018-04-03 14:00,TSP,4.82
한국중부발전㈜보령발전본부,3,2018-04-03 14:00,SOx,30.77
한국중부발전㈜보령발전본부,3,2018-04-03 14:00,NOx,27.08
한국중부발전㈜보령발전본부,3,2018-04-03 14:30,TSP,4.45
한국중부발전㈜보령발전본부,3,2018-04-03 14:30,SOx,30.33
한국중부발전㈜보령발전본부,3,2018-04-03 14:30,NOx,25.21
한국중부발전㈜보령발전본부,3,2018-04-03 15:00,TSP,4.33
한국중부발전㈜보령발전본부,3,2018-04-03 15:00,SOx,30.33
한국중부발전㈜보령발전본부,3,2018-04-03 15:00,NOx,25.21
한국중부발전㈜보령발전본부,3,2018-04-03 15:30,TSP,4.21
한국중부발전㈜보령발전본부,3,2018-04-03 15:30,SOx,28.08
한국중부발전㈜보령발전본부,3,2018-04-03 15:30,NOx,25.33
한국중부발전㈜보령발전본부,3,2018-04-03 16:00,TSP,4.2
한국중부발전㈜보령발전본부,3,2018-04-03 16:00,SOx,26.5
한국중부발전㈜보령발전본부,3,2018-04-03 16:00,NOx,27.89
한국중부발전㈜보령발전본부,3,2018-04-03 16:30,TSP,4.11
한국중부발전㈜보령발전본부,3,2018-04-03 16:30,SOx,25.97
한국중부발전㈜보령발전본부,3,2018-04-03 16:30,NOx,25.25
한국중부발전㈜보령발전본부,3,2018-04-03 17:00,TSP,4.05
한국중부발전㈜보령발전본부,3,2018-04-03 17:00,SOx,26.93
한국중부발전㈜보령발전본부,3,2018-04-03 17:00,NOx,27.91
한국중부발전㈜보령발전본부,3,2018-04-03 17:30,TSP,4.17
한국중부발전㈜보령발전본부,3,2018-04-03 17:30,SOx,28.16
한국중부발전㈜보령발전본부,3,2018-04-03 17:30,NOx,25.52
한국중부발전㈜보령발전본부,3,2018-04-03 18:00,TSP,4.17
한국중부발전㈜보령발전본부,3,2018-04-03 18:00,SOx,28.86
한국중부발전㈜보령발전본부,3,2018-04-03 18:00,NOx,26.11
한국중부발전㈜보령발전본부,3,2018-04-03 18:30,TSP,4.14
한국중부발전㈜보령발전본부,3,2018-04-03 18:30,SOx,29.8
한국중부발전㈜보령발전본부,3,2018-04-03 18:30,NOx,24.7
한국중부발전㈜보령발전본부,3,2018-04-03 19:00,TSP,4.05
한국중부발전㈜보령발전본부,3,2018-04-03 19:00,SOx,29.72
한국중부발전㈜보령발전본부,3,2018-04-03 19:00,NOx,24.29
한국중부발전㈜보령발전본부,3,2018-04-03 19:30,TSP,4.08
한국중부발전㈜보령발전본부,3,2018-04-03 19:30,SOx,30.44
한국중부발전㈜보령발전본부,3,2018-04-03 19:30,NOx,23.57
한국중부발전㈜보령발전본부,3,2018-04-03 20:00,TSP,4.1
한국중부발전㈜보령발전본부,3,2018-04-03 20:00,SOx,30.96
한국중부발전㈜보령발전본부,3,2018-04-03 20:00,NOx,23.31
한국중부발전㈜보령발전본부,3,2018-04-03 20:30,TSP,4.22
한국중부발전㈜보령발전본부,3,2018-04-03 20:30,SOx,31.24
한국중부발전㈜보령발전본부,3,2018-04-03 20:30,NOx,24.67
한국중부발전㈜보령발전본부,3,2018-04-03 21:00,TSP,4.35
한국중부발전㈜보령발전본부,3,2018-04-03 21:00,SOx,30.2
한국중부발전㈜보령발전본부,3,2018-04-03 21:00,NOx,23.55
한국중부발전㈜보령발전본부,3,2018-04-03 21:30,TSP,4.26
한국중부발전㈜보령발전본부,3,2018-04-03 21:30,SOx,29.16
한국중부발전㈜보령발전본부,3,2018-04-03 21:30,NOx,25.0
한국중부발전㈜보령발전본부,3,2018-04-03 22:00,TSP,4.21
한국중부발전㈜보령발전본부,3,2018-04-03 22:00,SOx,28.46
한국중부발전㈜보령발전본부,3,2018-04-03 22:00,NOx,24.79
한국중부발전㈜보령발전본부,3,2018-04-03 22:30,TSP,4.32
한국중부발전㈜보령발전본부,3,2018-04-03 22:30,SOx,27.39
한국중부발전㈜보령발전본부,3,2018-04-03 22:30,NOx,24.68
한국중부발전㈜보령발전본부,3,2018-04-03 23:00,TSP,4.45
한국중부발전㈜보령발전본부,3,2018-04-03 23:00,SOx,27.61
한국중부발전㈜보령발전본부,3,2018-04-03 23:00,NOx,21.81
한국중부발전㈜보령발전본부,3,2018-04-03 23:30,TSP,4.45
한국중부발전㈜보령발전본부,3,2018-04-03 23:30,SOx,27.73
한국중부발전㈜보령발전본부,3,2018-04-03 23:30,NOx,22.85
한국중부발전㈜보령발전본부,3,2018-04-04 00:00,TSP,4.03
한국중부발전㈜보령발전본부,3,2018-04-04 00:00,SOx,29.56
한국중부발전㈜보령발전본부,3,2018-04-04 00:00,NOx,26.37
한국중부발전㈜보령발전본부,3,2018-04-04 00:30,TSP,4.02
한국중부발전㈜보령발전본부,3,2018-04-04 00:30,SOx,32.2
한국중부발전㈜보령발전본부,3,2018-04-04 00:30,NOx,26.18
한국중부발전㈜보령발전본부,3,2018-04-04 01:00,TSP,4.01
한국중부발전㈜보령발전본부,3,2018-04-04 01:00,SOx,33.26
한국중부발전㈜보령발전본부,3,2018-04-04 01:00,NOx,24.2
한국중부발전㈜보령발전본부,3,2018-04-04 01:30,TSP,4.09
한국중부발전㈜보령발전본부,3,2018-04-04 01:30,SOx,31.37
한국중부발전㈜보령발전본부,3,2018-04-04 01:30,NOx,24.61
한국중부발전㈜보령발전본부,3,2018-04-04 02:00,TSP,4.08
한국중부발전㈜보령발전본부,3,2018-04-04 02:00,SOx,32.55
한국중부발전㈜보령발전본부,3,2018-04-04 02:00,NOx,27.14
한국중부발전㈜보령발전본부,3,2018-04-04 02:30,TSP,4.11
한국중부발전㈜보령발전본부,3,2018-04-04 02:30,SOx,34.53
한국중부발전㈜보령발전본부,3,2018-04-04 02:30,NOx,23.36
한국중부발전㈜보령발전본부,3,2018-04-04 03:00,TSP,4.07
한국중부발전㈜보령발전본부,3,2018-04-04 03:00,SOx,35.87
한국중부발전㈜보령발전본부,3,2018-04-04 03:00,NOx,25.3
한국중부발전㈜보령발전본부,3,2018-04-04 03:30,TSP,4.0
한국중부발전㈜보령발전본부,3,2018-04-04 03:30,SOx,37.51
한국중부발전㈜보령발전본부,3,2018-04-04 03:30,NOx,24.03
한국중부발전㈜보령발전본부,3,2018-04-04 04:00,TSP,3.84
한국중부발전㈜보령발전본부,3,2018-04-04 04:00,SOx,41.05
한국중부발전㈜보령발전본부,3,2018-04-04 04:00,NOx,22.72
한국중부발전㈜보령발전본부,3,2018-04-04 04:30,TSP,3.89
한국중부발전㈜보령발전본부,3,2018-04-04 04:30,SOx,41.66
한국중부발전㈜보령발전본부,3,2018-04-04 04:30,NOx,22.28
한국중부발전㈜보령발전본부,3,2018-04-04 05:00,TSP,3.83
한국중부발전㈜보령발전본부,3,2018-04-04 05:00,SOx,42.59
한국중부발전㈜보령발전본부,3,2018-04-04 05:00,NOx,23.54
한국중부발전㈜보령발전본부,3,2018-04-04 05:30,TSP,3.48
한국중부발전㈜보령발전본부,3,2018-04-04 05:30,SOx,43.0
한국중부발전㈜보령발전본부,3,2018-04-04 05:30,NOx,23.19
한국중부발전㈜보령발전본부,3,2018-04-04 06:00,TSP,3.63
한국중부발전㈜보령발전본부,3,2018-04-04 06:00,SOx,43.22
한국중부발전㈜보령발전본부,3,2018-04-04 06:00,NOx,20.98
한국중부발전㈜보령발전본부,3,2018-04-04 06:30,TSP,3.49
한국중부발전㈜보령발전본부,3,2018-04-04 06:30,SOx,43.18
한국중부발전㈜보령발전본부,3,2018-04-04 06:30,NOx,25.57
한국중부발전㈜보령발전본부,3,2018-04-04 07:00,TSP,3.55
한국중부발전㈜보령발전본부,3,2018-04-04 07:00,SOx,41.84
한국중부발전㈜보령발전본부,3,2018-04-04 07:00,NOx,26.2
한국중부발전㈜보령발전본부,3,2018-04-04 07:30,TSP,3.61
한국중부발전㈜보령발전본부,3,2018-04-04 07:30,SOx,41.63
한국중부발전㈜보령발전본부,3,2018-04-04 07:30,NOx,21.45
한국중부발전㈜보령발전본부,3,2018-04-04 08:00,TSP,3.76
한국중부발전㈜보령발전본부,3,2018-04-04 08:00,SOx,40.7
한국중부발전㈜보령발전본부,3,2018-04-04 08:00,NOx,22.59
한국중부발전㈜보령발전본부,3,2018-04-04 08:30,TSP,3.69
한국중부발전㈜보령발전본부,3,2018-04-04 08:30,SOx,39.3
한국중부발전㈜보령발전본부,3,2018-04-04 08:30,NOx,21.36
한국중부발전㈜보령발전본부,3,2018-04-04 09:00,TSP,3.48
한국중부발전㈜보령발전본부,3,2018-04-04 09:00,SOx,38.0
한국중부발전㈜보령발전본부,3,2018-04-04 09:00,NOx,26.12
한국중부발전㈜보령발전본부,3,2018-04-04 09:30,TSP,3.6
한국중부발전㈜보령발전본부,3,2018-04-04 09:30,SOx,36.92
한국중부발전㈜보령발전본부,3,2018-04-04 09:30,NOx,27.9
한국중부발전㈜보령발전본부,3,2018-04-04 10:00,TSP,3.6
한국중부발전㈜보령발전본부,3,2018-04-04 10:00,SOx,36.92
한국중부발전㈜보령발전본부,3,2018-04-04 10:00,NOx,27.9
한국중부발전㈜보령발전본부,3,2018-04-04 10:30,TSP,3.6
한국중부발전㈜보령발전본부,3,2018-04-04 10:30,SOx,36.92
한국중부발전㈜보령발전본부,3,2018-04-04 10:30,NOx,27.9
한국중부발전㈜보령발전본부,3,2018-04-04 11:00,TSP,3.6
한국중부발전㈜보령발전본부,3,2018-04-04 11:00,SOx,36.92
한국중부발전㈜보령발전본부,3,2018-04-04 11:00,NOx,27.9
한국중부발전㈜보령발전본부,3,2018-04-04 11:30,TSP,3.6
한국중부발전㈜보령발전본부,3,2018-04-04 11:30,SOx,36.92
한국중부발전㈜보령발전본부,3,2018-04-04 11:30,NOx,27.9
한국중부발전㈜보령발전본부,3,2018-04-04 12:00,TSP,3.6
한국중부발전㈜보령발전본부,3,2018-04-04 12:00,SOx,36.92
한국중부발전㈜보령발전본부,3,2018-04-04 12:00,NOx,27.9
한국중부발전㈜보령발전본부,3,2018-04-04 12:30,TSP,3.6
한국중부발전㈜보령발전본부,3,2018-04-04 12:30,SOx,36.92
한국중부발전㈜보령발전본부,3,2018-04-04 12:30,NOx,27.9
한국중부발전㈜보령발전본부,3,2018-04-04 13:00,TSP,3.6
한국중부발전㈜보령발전본부,3,2018-04-04 13:00,SOx,36.92
한국중부발전㈜보령발전본부,3,2018-04-04 13:00,NOx,27.9
한국중부발전㈜보령발전본부,3,2018-04-04 13:30,TSP,3.6
한국중부발전㈜보령발전본부,3,2018-04-04 13:30,SOx,36.92
한국중부발전㈜보령발전본부,3,2018-04-04 13:30,NOx,27.9
한국중부발전㈜보령발전본부,3,2018-04-04 14:00,TSP,3.6
한국중부발전㈜보령발전본부,3,2018-04-04 14:00,SOx,36.92
한국중부발전㈜보령발전본부,3,2018-04-04 14:00,NOx,27.9
한국중부발전㈜보령발전본부,3,2018-04-04 14:30,TSP,3.6
한국중부발전㈜보령발전본부,3,2018-04-04 14:30,SOx,36.92
한국중부발전㈜보령발전본부,3,2018-04-04 14:30,NOx,27.9
한국중부발전㈜보령발전본부,3,2018-04-04 15:00,TSP,3.88
한국중부발전㈜보령발전본부,3,2018-04-04 15:00,SOx,36.92
한국중부발전㈜보령발전본부,3,2018-04-04 15:00,NOx,27.9
한국중부발전㈜보령발전본부,3,2018-04-04 15:30,TSP,3.81
한국중부발전㈜보령발전본부,3,2018-04-04 15:30,SOx,35.97
한국중부발전㈜보령발전본부,3,2018-04-04 15:30,NOx,22.13
한국중부발전㈜보령발전본부,3,2018-04-04 16:00,TSP,3.87
한국중부발전㈜보령발전본부,3,2018-04-04 16:00,SOx,35.33
한국중부발전㈜보령발전본부,3,2018-04-04 16:00,NOx,22.8
한국중부발전㈜보령발전본부,3,2018-04-04 16:30,TSP,3.82
한국중부발전㈜보령발전본부,3,2018-04-04 16:30,SOx,34.69
한국중부발전㈜보령발전본부,3,2018-04-04 16:30,NOx,21.98
한국중부발전㈜보령발전본부,3,2018-04-04 17:00,TSP,3.77
한국중부발전㈜보령발전본부,3,2018-04-04 17:00,SOx,34.09
한국중부발전㈜보령발전본부,3,2018-04-04 17:00,NOx,24.34
한국중부발전㈜보령발전본부,3,2018-04-04 17:30,TSP,3.73
한국중부발전㈜보령발전본부,3,2018-04-04 17:30,SOx,33.63
한국중부발전㈜보령발전본부,3,2018-04-04 17:30,NOx,21.39
한국중부발전㈜보령발전본부,3,2018-04-04 18:00,TSP,3.77
한국중부발전㈜보령발전본부,3,2018-04-04 18:00,SOx,33.18
한국중부발전㈜보령발전본부,3,2018-04-04 18:00,NOx,23.09
한국중부발전㈜보령발전본부,3,2018-04-04 18:30,TSP,3.61
한국중부발전㈜보령발전본부,3,2018-04-04 18:30,SOx,32.14
한국중부발전㈜보령발전본부,3,2018-04-04 18:30,NOx,21.57
한국중부발전㈜보령발전본부,3,2018-04-04 19:00,TSP,3.67
한국중부발전㈜보령발전본부,3,2018-04-04 19:00,SOx,30.22
한국중부발전㈜보령발전본부,3,2018-04-04 19:00,NOx,20.33
한국중부발전㈜보령발전본부,3,2018-04-04 19:30,TSP,3.51
한국중부발전㈜보령발전본부,3,2018-04-04 19:30,SOx,28.07
한국중부발전㈜보령발전본부,3,2018-04-04 19:30,NOx,22.82
한국중부발전㈜보령발전본부,3,2018-04-04 20:00,TSP,3.6
한국중부발전㈜보령발전본부,3,2018-04-04 20:00,SOx,27.73
한국중부발전㈜보령발전본부,3,2018-04-04 20:00,NOx,22.22
한국중부발전㈜보령발전본부,3,2018-04-04 20:30,TSP,3.52
한국중부발전㈜보령발전본부,3,2018-04-04 20:30,SOx,27.32
한국중부발전㈜보령발전본부,3,2018-04-04 20:30,NOx,23.06
한국중부발전㈜보령발전본부,3,2018-04-04 21:00,TSP,3.57
한국중부발전㈜보령발전본부,3,2018-04-04 21:00,SOx,27.26
한국중부발전㈜보령발전본부,3,2018-04-04 21:00,NOx,19.19
한국중부발전㈜보령발전본부,3,2018-04-04 21:30,TSP,3.5
한국중부발전㈜보령발전본부,3,2018-04-04 21:30,SOx,27.63
한국중부발전㈜보령발전본부,3,2018-04-04 21:30,NOx,23.02
한국중부발전㈜보령발전본부,3,2018-04-04 22:00,TSP,3.5
한국중부발전㈜보령발전본부,3,2018-04-04 22:00,SOx,27.69
한국중부발전㈜보령발전본부,3,2018-04-04 22:00,NOx,23.31
한국중부발전㈜보령발전본부,3,2018-04-04 22:30,TSP,3.48
한국중부발전㈜보령발전본부,3,2018-04-04 22:30,SOx,27.04
한국중부발전㈜보령발전본부,3,2018-04-04 22:30,NOx,25.67
한국중부발전㈜보령발전본부,3,2018-04-04 23:00,TSP,3.62
한국중부발전㈜보령발전본부,3,2018-04-04 23:00,SOx,26.96
한국중부발전㈜보령발전본부,3,2018-04-04 23:00,NOx,24.56
한국중부발전㈜보령발전본부,3,2018-04-04 23:30,TSP,3.66
한국중부발전㈜보령발전본부,3,2018-04-04 23:30,SOx,27.64
한국중부발전㈜보령발전본부,3,2018-04-04 23:30,NOx,24.53
한국중부발전㈜보령발전본부,3,2018-04-05 00:00,TSP,3.71
한국중부발전㈜보령발전본부,3,2018-04-05 00:00,SOx,27.67
한국중부발전㈜보령발전본부,3,2018-04-05 00:00,NOx,27.67
한국중부발전㈜보령발전본부,3,2018-04-05 00:30,TSP,4.05
한국중부발전㈜보령발전본부,3,2018-04-05 00:30,SOx,28.55
한국중부발전㈜보령발전본부,3,2018-04-05 00:30,NOx,28.08
한국중부발전㈜보령발전본부,3,2018-04-05 01:00,TSP,4.06
한국중부발전㈜보령발전본부,3,2018-04-05 01:00,SOx,30.05
한국중부발전㈜보령발전본부,3,2018-04-05 01:00,NOx,26.85
한국중부발전㈜보령발전본부,3,2018-04-05 01:30,TSP,4.26
한국중부발전㈜보령발전본부,3,2018-04-05 01:30,SOx,30.92
한국중부발전㈜보령발전본부,3,2018-04-05 01:30,NOx,26.37
한국중부발전㈜보령발전본부,3,2018-04-05 02:00,TSP,4.47
한국중부발전㈜보령발전본부,3,2018-04-05 02:00,SOx,31.94
한국중부발전㈜보령발전본부,3,2018-04-05 02:00,NOx,24.87
한국중부발전㈜보령발전본부,3,2018-04-05 02:30,TSP,4.66
한국중부발전㈜보령발전본부,3,2018-04-05 02:30,SOx,33.04
한국중부발전㈜보령발전본부,3,2018-04-05 02:30,NOx,26.72
한국중부발전㈜보령발전본부,3,2018-04-05 03:00,TSP,4.46
한국중부발전㈜보령발전본부,3,2018-04-05 03:00,SOx,33.36
한국중부발전㈜보령발전본부,3,2018-04-05 03:00,NOx,26.31
한국중부발전㈜보령발전본부,3,2018-04-05 03:30,TSP,4.11
한국중부발전㈜보령발전본부,3,2018-04-05 03:30,SOx,33.96
한국중부발전㈜보령발전본부,3,2018-04-05 03:30,NOx,26.83
한국중부발전㈜보령발전본부,3,2018-04-05 04:00,TSP,4.11
한국중부발전㈜보령발전본부,3,2018-04-05 04:00,SOx,34.67
한국중부발전㈜보령발전본부,3,2018-04-05 04:00,NOx,27.61
한국중부발전㈜보령발전본부,3,2018-04-05 04:30,TSP,4.03
한국중부발전㈜보령발전본부,3,2018-04-05 04:30,SOx,33.99
한국중부발전㈜보령발전본부,3,2018-04-05 04:30,NOx,24.39
한국중부발전㈜보령발전본부,3,2018-04-05 05:00,TSP,4.03
한국중부발전㈜보령발전본부,3,2018-04-05 05:00,SOx,34.25
한국중부발전㈜보령발전본부,3,2018-04-05 05:00,NOx,24.85
한국중부발전㈜보령발전본부,3,2018-04-05 05:30,TSP,3.82
한국중부발전㈜보령발전본부,3,2018-04-05 05:30,SOx,34.23
한국중부발전㈜보령발전본부,3,2018-04-05 05:30,NOx,24.56
한국중부발전㈜보령발전본부,3,2018-04-05 06:00,TSP,3.88
한국중부발전㈜보령발전본부,3,2018-04-05 06:00,SOx,34.45
한국중부발전㈜보령발전본부,3,2018-04-05 06:00,NOx,28.26
한국중부발전㈜보령발전본부,3,2018-04-05 06:30,TSP,3.8
한국중부발전㈜보령발전본부,3,2018-04-05 06:30,SOx,35.36
한국중부발전㈜보령발전본부,3,2018-04-05 06:30,NOx,24.92
한국중부발전㈜보령발전본부,3,2018-04-05 07:00,TSP,3.79
한국중부발전㈜보령발전본부,3,2018-04-05 07:00,SOx,36.18
한국중부발전㈜보령발전본부,3,2018-04-05 07:00,NOx,26.36
한국중부발전㈜보령발전본부,3,2018-04-05 07:30,TSP,3.75
한국중부발전㈜보령발전본부,3,2018-04-05 07:30,SOx,36.91
한국중부발전㈜보령발전본부,3,2018-04-05 07:30,NOx,24.85
한국중부발전㈜보령발전본부,3,2018-04-05 08:00,TSP,3.75
한국중부발전㈜보령발전본부,3,2018-04-05 08:00,SOx,37.03
한국중부발전㈜보령발전본부,3,2018-04-05 08:00,NOx,30.77
한국중부발전㈜보령발전본부,3,2018-04-05 08:30,TSP,3.68
한국중부발전㈜보령발전본부,3,2018-04-05 08:30,SOx,35.05
한국중부발전㈜보령발전본부,3,2018-04-05 08:30,NOx,37.86
한국중부발전㈜보령발전본부,3,2018-04-05 09:00,TSP,4.01
한국중부발전㈜보령발전본부,3,2018-04-05 09:00,SOx,33.68
한국중부발전㈜보령발전본부,3,2018-04-05 09:00,NOx,38.38
한국중부발전㈜보령발전본부,3,2018-04-05 09:30,TSP,3.89
한국중부발전㈜보령발전본부,3,2018-04-05 09:30,SOx,32.87
한국중부발전㈜보령발전본부,3,2018-04-05 09:30,NOx,41.07
한국중부발전㈜보령발전본부,3,2018-04-05 10:00,TSP,3.91
한국중부발전㈜보령발전본부,3,2018-04-05 10:00,SOx,36.19
한국중부발전㈜보령발전본부,3,2018-04-05 10:00,NOx,38.68
한국중부발전㈜보령발전본부,3,2018-04-05 10:30,TSP,3.96
한국중부발전㈜보령발전본부,3,2018-04-05 10:30,SOx,36.05
한국중부발전㈜보령발전본부,3,2018-04-05 10:30,NOx,25.14
한국중부발전㈜보령발전본부,3,2018-04-05 11:00,TSP,4.08
한국중부발전㈜보령발전본부,3,2018-04-05 11:00,SOx,34.84
한국중부발전㈜보령발전본부,3,2018-04-05 11:00,NOx,26.54
한국중부발전㈜보령발전본부,3,2018-04-05 11:30,TSP,4.0
한국중부발전㈜보령발전본부,3,2018-04-05 11:30,SOx,32.91
한국중부발전㈜보령발전본부,3,2018-04-05 11:30,NOx,28.67
한국중부발전㈜보령발전본부,3,2018-04-05 12:00,TSP,3.78
한국중부발전㈜보령발전본부,3,2018-04-05 12:00,SOx,31.62
한국중부발전㈜보령발전본부,3,2018-04-05 12:00,NOx,28.43
한국중부발전㈜보령발전본부,3,2018-04-05 12:30,TSP,3.77
한국중부발전㈜보령발전본부,3,2018-04-05 12:30,SOx,30.17
한국중부발전㈜보령발전본부,3,2018-04-05 12:30,NOx,26.48
한국중부발전㈜보령발전본부,3,2018-04-05 13:00,TSP,3.72
한국중부발전㈜보령발전본부,3,2018-04-05 13:00,SOx,28.19
한국중부발전㈜보령발전본부,3,2018-04-05 13:00,NOx,27.84
한국중부발전㈜보령발전본부,3,2018-04-05 13:30,TSP,3.66
한국중부발전㈜보령발전본부,3,2018-04-05 13:30,SOx,26.47
한국중부발전㈜보령발전본부,3,2018-04-05 13:30,NOx,24.9
한국중부발전㈜보령발전본부,3,2018-04-05 14:00,TSP,3.68
한국중부발전㈜보령발전본부,3,2018-04-05 14:00,SOx,24.65
한국중부발전㈜보령발전본부,3,2018-04-05 14:00,NOx,25.87
한국중부발전㈜보령발전본부,3,2018-04-05 14:30,TSP,3.67
한국중부발전㈜보령발전본부,3,2018-04-05 14:30,SOx,23.13
한국중부발전㈜보령발전본부,3,2018-04-05 14:30,NOx,24.29
한국중부발전㈜보령발전본부,3,2018-04-05 15:00,TSP,3.66
한국중부발전㈜보령발전본부,3,2018-04-05 15:00,SOx,23.13
한국중부발전㈜보령발전본부,3,2018-04-05 15:00,NOx,24.29
한국중부발전㈜보령발전본부,3,2018-04-05 15:30,TSP,3.77
한국중부발전㈜보령발전본부,3,2018-04-05 15:30,SOx,23.34
한국중부발전㈜보령발전본부,3,2018-04-05 15:30,NOx,24.96
한국중부발전㈜보령발전본부,3,2018-04-05 16:00,TSP,3.77
한국중부발전㈜보령발전본부,3,2018-04-05 16:00,SOx,24.7
한국중부발전㈜보령발전본부,3,2018-04-05 16:00,NOx,22.86
한국중부발전㈜보령발전본부,3,2018-04-05 16:30,TSP,3.76
한국중부발전㈜보령발전본부,3,2018-04-05 16:30,SOx,25.59
한국중부발전㈜보령발전본부,3,2018-04-05 16:30,NOx,24.47
한국중부발전㈜보령발전본부,3,2018-04-05 17:00,TSP,3.96
한국중부발전㈜보령발전본부,3,2018-04-05 17:00,SOx,26.7
한국중부발전㈜보령발전본부,3,2018-04-05 17:00,NOx,25.29
한국중부발전㈜보령발전본부,3,2018-04-05 17:30,TSP,3.87
한국중부발전㈜보령발전본부,3,2018-04-05 17:30,SOx,26.95
한국중부발전㈜보령발전본부,3,2018-04-05 17:30,NOx,25.92
한국중부발전㈜보령발전본부,3,2018-04-05 18:00,TSP,3.95
한국중부발전㈜보령발전본부,3,2018-04-05 18:00,SOx,27.92
한국중부발전㈜보령발전본부,3,2018-04-05 18:00,NOx,27.79
한국중부발전㈜보령발전본부,3,2018-04-05 18:30,TSP,4.12
한국중부발전㈜보령발전본부,3,2018-04-05 18:30,SOx,28.9
한국중부발전㈜보령발전본부,3,2018-04-05 18:30,NOx,28.37
한국중부발전㈜보령발전본부,3,2018-04-05 19:00,TSP,4.11
한국중부발전㈜보령발전본부,3,2018-04-05 19:00,SOx,29.97
한국중부발전㈜보령발전본부,3,2018-04-05 19:00,NOx,33.02
한국중부발전㈜보령발전본부,3,2018-04-05 19:30,TSP,4.2
한국중부발전㈜보령발전본부,3,2018-04-05 19:30,SOx,28.68
한국중부발전㈜보령발전본부,3,2018-04-05 19:30,NOx,38.58
한국중부발전㈜보령발전본부,3,2018-04-05 20:00,TSP,4.14
한국중부발전㈜보령발전본부,3,2018-04-05 20:00,SOx,29.81
한국중부발전㈜보령발전본부,3,2018-04-05 20:00,NOx,39.28
한국중부발전㈜보령발전본부,3,2018-04-05 20:30,TSP,4.19
한국중부발전㈜보령발전본부,3,2018-04-05 20:30,SOx,30.86
한국중부발전㈜보령발전본부,3,2018-04-05 20:30,NOx,37.12
한국중부발전㈜보령발전본부,3,2018-04-05 21:00,TSP,4.16
한국중부발전㈜보령발전본부,3,2018-04-05 21:00,SOx,31.9
한국중부발전㈜보령발전본부,3,2018-04-05 21:00,NOx,36.88
한국중부발전㈜보령발전본부,3,2018-04-05 21:30,TSP,4.23
한국중부발전㈜보령발전본부,3,2018-04-05 21:30,SOx,33.28
한국중부발전㈜보령발전본부,3,2018-04-05 21:30,NOx,37.28
한국중부발전㈜보령발전본부,3,2018-04-05 22:00,TSP,4.09
한국중부발전㈜보령발전본부,3,2018-04-05 22:00,SOx,34.47
한국중부발전㈜보령발전본부,3,2018-04-05 22:00,NOx,32.9
한국중부발전㈜보령발전본부,3,2018-04-05 22:30,TSP,4.09
한국중부발전㈜보령발전본부,3,2018-04-05 22:30,SOx,34.36
한국중부발전㈜보령발전본부,3,2018-04-05 22:30,NOx,32.37
한국중부발전㈜보령발전본부,3,2018-04-05 23:00,TSP,4.01
한국중부발전㈜보령발전본부,3,2018-04-05 23:00,SOx,35.04
한국중부발전㈜보령발전본부,3,2018-04-05 23:00,NOx,36.18
한국중부발전㈜보령발전본부,3,2018-04-05 23:30,TSP,4.09
한국중부발전㈜보령발전본부,3,2018-04-05 23:30,SOx,38.58
한국중부발전㈜보령발전본부,3,2018-04-05 23:30,NOx,45.48
한국중부발전㈜보령발전본부,3,2018-04-06 00:00,TSP,4.09
한국중부발전㈜보령발전본부,3,2018-04-06 00:00,SOx,40.28
한국중부발전㈜보령발전본부,3,2018-04-06 00:00,NOx,36.79
한국중부발전㈜보령발전본부,3,2018-04-06 00:30,TSP,3.84
한국중부발전㈜보령발전본부,3,2018-04-06 00:30,SOx,39.89
한국중부발전㈜보령발전본부,3,2018-04-06 00:30,NOx,32.4
한국중부발전㈜보령발전본부,3,2018-04-06 01:00,TSP,3.77
한국중부발전㈜보령발전본부,3,2018-04-06 01:00,SOx,39.14
한국중부발전㈜보령발전본부,3,2018-04-06 01:00,NOx,38.0
한국중부발전㈜보령발전본부,3,2018-04-06 01:30,TSP,4.09
한국중부발전㈜보령발전본부,3,2018-04-06 01:30,SOx,37.84
한국중부발전㈜보령발전본부,3,2018-04-06 01:30,NOx,35.07
한국중부발전㈜보령발전본부,3,2018-04-06 02:00,TSP,3.83
한국중부발전㈜보령발전본부,3,2018-04-06 02:00,SOx,36.5
한국중부발전㈜보령발전본부,3,2018-04-06 02:00,NOx,33.95
한국중부발전㈜보령발전본부,3,2018-04-06 02:30,TSP,3.86
한국중부발전㈜보령발전본부,3,2018-04-06 02:30,SOx,35.23
한국중부발전㈜보령발전본부,3,2018-04-06 02:30,NOx,31.2
한국중부발전㈜보령발전본부,3,2018-04-06 03:00,TSP,4.02
한국중부발전㈜보령발전본부,3,2018-04-06 03:00,SOx,35.55
한국중부발전㈜보령발전본부,3,2018-04-06 03:00,NOx,35.37
한국중부발전㈜보령발전본부,3,2018-04-06 03:30,TSP,4.11
한국중부발전㈜보령발전본부,3,2018-04-06 03:30,SOx,35.64
한국중부발전㈜보령발전본부,3,2018-04-06 03:30,NOx,36.57
한국중부발전㈜보령발전본부,3,2018-04-06 04:00,TSP,4.1
한국중부발전㈜보령발전본부,3,2018-04-06 04:00,SOx,34.19
한국중부발전㈜보령발전본부,3,2018-04-06 04:00,NOx,44.94
한국중부발전㈜보령발전본부,3,2018-04-06 04:30,TSP,3.86
한국중부발전㈜보령발전본부,3,2018-04-06 04:30,SOx,31.97
한국중부발전㈜보령발전본부,3,2018-04-06 04:30,NOx,35.3
한국중부발전㈜보령발전본부,3,2018-04-06 05:00,TSP,4.01
한국중부발전㈜보령발전본부,3,2018-04-06 05:00,SOx,29.07
한국중부발전㈜보령발전본부,3,2018-04-06 05:00,NOx,34.88
한국중부발전㈜보령발전본부,3,2018-04-06 05:30,TSP,3.83
한국중부발전㈜보령발전본부,3,2018-04-06 05:30,SOx,28.96
한국중부발전㈜보령발전본부,3,2018-04-06 05:30,NOx,32.64
한국중부발전㈜보령발전본부,3,2018-04-06 06:00,TSP,3.87
한국중부발전㈜보령발전본부,3,2018-04-06 06:00,SOx,28.26
한국중부발전㈜보령발전본부,3,2018-04-06 06:00,NOx,33.45
한국중부발전㈜보령발전본부,3,2018-04-06 06:30,TSP,3.79
한국중부발전㈜보령발전본부,3,2018-04-06 06:30,SOx,26.98
한국중부발전㈜보령발전본부,3,2018-04-06 06:30,NOx,31.38
한국중부발전㈜보령발전본부,3,2018-04-06 07:00,TSP,3.88
한국중부발전㈜보령발전본부,3,2018-04-06 07:00,SOx,26.69
한국중부발전㈜보령발전본부,3,2018-04-06 07:00,NOx,29.14
한국중부발전㈜보령발전본부,3,2018-04-06 07:30,TSP,3.85
한국중부발전㈜보령발전본부,3,2018-04-06 07:30,SOx,26.6
한국중부발전㈜보령발전본부,3,2018-04-06 07:30,NOx,29.22
한국중부발전㈜보령발전본부,3,2018-04-06 08:00,TSP,3.85
한국중부발전㈜보령발전본부,3,2018-04-06 08:00,SOx,26.15
한국중부발전㈜보령발전본부,3,2018-04-06 08:00,NOx,32.19
한국중부발전㈜보령발전본부,3,2018-04-06 08:30,TSP,4.14
한국중부발전㈜보령발전본부,3,2018-04-06 08:30,SOx,25.97
한국중부발전㈜보령발전본부,3,2018-04-06 08:30,NOx,38.26
한국중부발전㈜보령발전본부,3,2018-04-06 09:00,TSP,4.12
한국중부발전㈜보령발전본부,3,2018-04-06 09:00,SOx,24.94
한국중부발전㈜보령발전본부,3,2018-04-06 09:00,NOx,35.98
한국중부발전㈜보령발전본부,3,2018-04-06 09:30,TSP,3.73
한국중부발전㈜보령발전본부,3,2018-04-06 09:30,SOx,24.7
한국중부발전㈜보령발전본부,3,2018-04-06 09:30,NOx,30.1
한국중부발전㈜보령발전본부,3,2018-04-06 10:00,TSP,3.71
한국중부발전㈜보령발전본부,3,2018-04-06 10:00,SOx,24.18
한국중부발전㈜보령발전본부,3,2018-04-06 10:00,NOx,27.73
한국중부발전㈜보령발전본부,3,2018-04-06 10:30,TSP,3.82
한국중부발전㈜보령발전본부,3,2018-04-06 10:30,SOx,23.73
한국중부발전㈜보령발전본부,3,2018-04-06 10:30,NOx,27.59
한국중부발전㈜보령발전본부,3,2018-04-06 11:00,TSP,3.73
한국중부발전㈜보령발전본부,3,2018-04-06 11:00,SOx,22.72
한국중부발전㈜보령발전본부,3,2018-04-06 11:00,NOx,28.31
한국중부발전㈜보령발전본부,3,2018-04-06 11:30,TSP,3.79
한국중부발전㈜보령발전본부,3,2018-04-06 11:30,SOx,22.03
한국중부발전㈜보령발전본부,3,2018-04-06 11:30,NOx,23.79
한국중부발전㈜보령발전본부,3,2018-04-06 12:00,TSP,3.85
한국중부발전㈜보령발전본부,3,2018-04-06 12:00,SOx,22.28
한국중부발전㈜보령발전본부,3,2018-04-06 12:00,NOx,25.64
한국중부발전㈜보령발전본부,3,2018-04-06 12:30,TSP,3.9
한국중부발전㈜보령발전본부,3,2018-04-06 12:30,SOx,22.39
한국중부발전㈜보령발전본부,3,2018-04-06 12:30,NOx,27.13
한국중부발전㈜보령발전본부,3,2018-04-06 13:00,TSP,3.98
한국중부발전㈜보령발전본부,3,2018-04-06 13:00,SOx,22.7
한국중부발전㈜보령발전본부,3,2018-04-06 13:00,NOx,28.54
한국중부발전㈜보령발전본부,3,2018-04-06 13:30,TSP,4.46
한국중부발전㈜보령발전본부,3,2018-04-06 13:30,SOx,22.62
한국중부발전㈜보령발전본부,3,2018-04-06 13:30,NOx,29.68
한국중부발전㈜보령발전본부,3,2018-04-06 14:00,TSP,4.26
한국중부발전㈜보령발전본부,3,2018-04-06 14:00,SOx,22.15
한국중부발전㈜보령발전본부,3,2018-04-06 14:00,NOx,30.42
한국중부발전㈜보령발전본부,3,2018-04-06 14:30,TSP,4.29
한국중부발전㈜보령발전본부,3,2018-04-06 14:30,SOx,24.35
한국중부발전㈜보령발전본부,3,2018-04-06 14:30,NOx,24.86
한국중부발전㈜보령발전본부,3,2018-04-06 15:00,TSP,4.16
한국중부발전㈜보령발전본부,3,2018-04-06 15:00,SOx,24.35
한국중부발전㈜보령발전본부,3,2018-04-06 15:00,NOx,24.86
한국중부발전㈜보령발전본부,3,2018-04-06 15:30,TSP,4.4
한국중부발전㈜보령발전본부,3,2018-04-06 15:30,SOx,23.64
한국중부발전㈜보령발전본부,3,2018-04-06 15:30,NOx,26.81
한국중부발전㈜보령발전본부,3,2018-04-06 16:00,TSP,4.32
한국중부발전㈜보령발전본부,3,2018-04-06 16:00,SOx,23.51
한국중부발전㈜보령발전본부,3,2018-04-06 16:00,NOx,28.08
한국중부발전㈜보령발전본부,3,2018-04-06 16:30,TSP,4.09
한국중부발전㈜보령발전본부,3,2018-04-06 16:30,SOx,23.25
한국중부발전㈜보령발전본부,3,2018-04-06 16:30,NOx,25.71
한국중부발전㈜보령발전본부,3,2018-04-06 17:00,TSP,4.06
한국중부발전㈜보령발전본부,3,2018-04-06 17:00,SOx,24.28
한국중부발전㈜보령발전본부,3,2018-04-06 17:00,NOx,26.16
한국중부발전㈜보령발전본부,3,2018-04-06 17:30,TSP,4.14
한국중부발전㈜보령발전본부,3,2018-04-06 17:30,SOx,25.0
한국중부발전㈜보령발전본부,3,2018-04-06 17:30,NOx,30.55
한국중부발전㈜보령발전본부,3,2018-04-06 18:00,TSP,4.04
한국중부발전㈜보령발전본부,3,2018-04-06 18:00,SOx,24.26
한국중부발전㈜보령발전본부,3,2018-04-06 18:00,NOx,29.39
한국중부발전㈜보령발전본부,3,2018-04-06 18:30,TSP,4.0
한국중부발전㈜보령발전본부,3,2018-04-06 18:30,SOx,25.62
한국중부발전㈜보령발전본부,3,2018-04-06 18:30,NOx,29.77
한국중부발전㈜보령발전본부,3,2018-04-06 19:00,TSP,3.93
한국중부발전㈜보령발전본부,3,2018-04-06 19:00,SOx,26.24
한국중부발전㈜보령발전본부,3,2018-04-06 19:00,NOx,28.22
한국중부발전㈜보령발전본부,3,2018-04-06 19:30,TSP,3.86
한국중부발전㈜보령발전본부,3,2018-04-06 19:30,SOx,24.86
한국중부발전㈜보령발전본부,3,2018-04-06 19:30,NOx,29.16
한국중부발전㈜보령발전본부,3,2018-04-06 20:00,TSP,3.68
한국중부발전㈜보령발전본부,3,2018-04-06 20:00,SOx,27.24
한국중부발전㈜보령발전본부,3,2018-04-06 20:00,NOx,28.09
한국중부발전㈜보령발전본부,3,2018-04-06 20:30,TSP,3.72
한국중부발전㈜보령발전본부,3,2018-04-06 20:30,SOx,27.54
한국중부발전㈜보령발전본부,3,2018-04-06 20:30,NOx,29.8
한국중부발전㈜보령발전본부,3,2018-04-06 21:00,TSP,3.7
한국중부발전㈜보령발전본부,3,2018-04-06 21:00,SOx,28.89
한국중부발전㈜보령발전본부,3,2018-04-06 21:00,NOx,28.92
한국중부발전㈜보령발전본부,3,2018-04-06 21:30,TSP,3.64
한국중부발전㈜보령발전본부,3,2018-04-06 21:30,SOx,29.0
한국중부발전㈜보령발전본부,3,2018-04-06 21:30,NOx,29.14
한국중부발전㈜보령발전본부,3,2018-04-06 22:00,TSP,3.52
한국중부발전㈜보령발전본부,3,2018-04-06 22:00,SOx,28.7
한국중부발전㈜보령발전본부,3,2018-04-06 22:00,NOx,27.75
한국중부발전㈜보령발전본부,3,2018-04-06 22:30,TSP,3.74
한국중부발전㈜보령발전본부,3,2018-04-06 22:30,SOx,28.52
한국중부발전㈜보령발전본부,3,2018-04-06 22:30,NOx,29.0
한국중부발전㈜보령발전본부,3,2018-04-06 23:00,TSP,4.05
한국중부발전㈜보령발전본부,3,2018-04-06 23:00,SOx,28.78
한국중부발전㈜보령발전본부,3,2018-04-06 23:00,NOx,28.79
한국중부발전㈜보령발전본부,3,2018-04-06 23:30,TSP,4.04
한국중부발전㈜보령발전본부,3,2018-04-06 23:30,SOx,29.93
한국중부발전㈜보령발전본부,3,2018-04-06 23:30,NOx,32.5
한국중부발전㈜보령발전본부,3,2018-04-07 00:00,TSP,4.04
한국중부발전㈜보령발전본부,3,2018-04-07 00:00,SOx,30.78
한국중부발전㈜보령발전본부,3,2018-04-07 00:00,NOx,29.6
한국중부발전㈜보령발전본부,3,2018-04-07 00:30,TSP,4.3
한국중부발전㈜보령발전본부,3,2018-04-07 00:30,SOx,30.95
한국중부발전㈜보령발전본부,3,2018-04-07 00:30,NOx,32.88
한국중부발전㈜보령발전본부,3,2018-04-07 01:00,TSP,4.35
한국중부발전㈜보령발전본부,3,2018-04-07 01:00,SOx,30.95
한국중부발전㈜보령발전본부,3,2018-04-07 01:00,NOx,30.26
한국중부발전㈜보령발전본부,3,2018-04-07 01:30,TSP,4.43
한국중부발전㈜보령발전본부,3,2018-04-07 01:30,SOx,30.86
한국중부발전㈜보령발전본부,3,2018-04-07 01:30,NOx,37.12
한국중부발전㈜보령발전본부,3,2018-04-07 02:00,TSP,4.12
한국중부발전㈜보령발전본부,3,2018-04-07 02:00,SOx,30.4
한국중부발전㈜보령발전본부,3,2018-04-07 02:00,NOx,33.36
한국중부발전㈜보령발전본부,3,2018-04-07 02:30,TSP,4.32
한국중부발전㈜보령발전본부,3,2018-04-07 02:30,SOx,30.65
한국중부발전㈜보령발전본부,3,2018-04-07 02:30,NOx,30.94
한국중부발전㈜보령발전본부,3,2018-04-07 03:00,TSP,4.13
한국중부발전㈜보령발전본부,3,2018-04-07 03:00,SOx,31.0
한국중부발전㈜보령발전본부,3,2018-04-07 03:00,NOx,36.67
한국중부발전㈜보령발전본부,3,2018-04-07 03:30,TSP,4.47
한국중부발전㈜보령발전본부,3,2018-04-07 03:30,SOx,31.65
한국중부발전㈜보령발전본부,3,2018-04-07 03:30,NOx,31.63
한국중부발전㈜보령발전본부,3,2018-04-07 04:00,TSP,4.18
한국중부발전㈜보령발전본부,3,2018-04-07 04:00,SOx,32.0
한국중부발전㈜보령발전본부,3,2018-04-07 04:00,NOx,31.07
한국중부발전㈜보령발전본부,3,2018-04-07 04:30,TSP,4.33
한국중부발전㈜보령발전본부,3,2018-04-07 04:30,SOx,33.06
한국중부발전㈜보령발전본부,3,2018-04-07 04:30,NOx,30.91
한국중부발전㈜보령발전본부,3,2018-04-07 05:00,TSP,4.15
한국중부발전㈜보령발전본부,3,2018-04-07 05:00,SOx,33.96
한국중부발전㈜보령발전본부,3,2018-04-07 05:00,NOx,27.28
한국중부발전㈜보령발전본부,3,2018-04-07 05:30,TSP,4.27
한국중부발전㈜보령발전본부,3,2018-04-07 05:30,SOx,34.39
한국중부발전㈜보령발전본부,3,2018-04-07 05:30,NOx,27.73
한국중부발전㈜보령발전본부,3,2018-04-07 06:00,TSP,4.05
한국중부발전㈜보령발전본부,3,2018-04-07 06:00,SOx,33.39
한국중부발전㈜보령발전본부,3,2018-04-07 06:00,NOx,36.3
한국중부발전㈜보령발전본부,3,2018-04-07 06:30,TSP,4.0
한국중부발전㈜보령발전본부,3,2018-04-07 06:30,SOx,31.83
한국중부발전㈜보령발전본부,3,2018-04-07 06:30,NOx,27.45
한국중부발전㈜보령발전본부,3,2018-04-07 07:00,TSP,3.94
한국중부발전㈜보령발전본부,3,2018-04-07 07:00,SOx,30.87
한국중부발전㈜보령발전본부,3,2018-04-07 07:00,NOx,34.87
한국중부발전㈜보령발전본부,3,2018-04-07 07:30,TSP,4.32
한국중부발전㈜보령발전본부,3,2018-04-07 07:30,SOx,30.23
한국중부발전㈜보령발전본부,3,2018-04-07 07:30,NOx,35.08
한국중부발전㈜보령발전본부,3,2018-04-07 08:00,TSP,3.9
한국중부발전㈜보령발전본부,3,2018-04-07 08:00,SOx,29.55
한국중부발전㈜보령발전본부,3,2018-04-07 08:00,NOx,31.77
한국중부발전㈜보령발전본부,3,2018-04-07 08:30,TSP,3.92
한국중부발전㈜보령발전본부,3,2018-04-07 08:30,SOx,29.95
한국중부발전㈜보령발전본부,3,2018-04-07 08:30,NOx,28.92
한국중부발전㈜보령발전본부,3,2018-04-07 09:00,TSP,4.06
한국중부발전㈜보령발전본부,3,2018-04-07 09:00,SOx,29.94
한국중부발전㈜보령발전본부,3,2018-04-07 09:00,NOx,32.6
한국중부발전㈜보령발전본부,3,2018-04-07 09:30,TSP,4.4
한국중부발전㈜보령발전본부,3,2018-04-07 09:30,SOx,30.56
한국중부발전㈜보령발전본부,3,2018-04-07 09:30,NOx,33.08
한국중부발전㈜보령발전본부,3,2018-04-07 10:00,TSP,4.1
한국중부발전㈜보령발전본부,3,2018-04-07 10:00,SOx,31.35
한국중부발전㈜보령발전본부,3,2018-04-07 10:00,NOx,25.43
한국중부발전㈜보령발전본부,3,2018-04-07 10:30,TSP,4.1
한국중부발전㈜보령발전본부,3,2018-04-07 10:30,SOx,31.49
한국중부발전㈜보령발전본부,3,2018-04-07 10:30,NOx,29.11
한국중부발전㈜보령발전본부,3,2018-04-07 11:00,TSP,4.22
한국중부발전㈜보령발전본부,3,2018-04-07 11:00,SOx,32.36
한국중부발전㈜보령발전본부,3,2018-04-07 11:00,NOx,27.46
한국중부발전㈜보령발전본부,3,2018-04-07 11:30,TSP,4.23
한국중부발전㈜보령발전본부,3,2018-04-07 11:30,SOx,33.42
한국중부발전㈜보령발전본부,3,2018-04-07 11:30,NOx,26.9
한국중부발전㈜보령발전본부,3,2018-04-07 12:00,TSP,4.34
한국중부발전㈜보령발전본부,3,2018-04-07 12:00,SOx,34.13
한국중부발전㈜보령발전본부,3,2018-04-07 12:00,NOx,29.39
한국중부발전㈜보령발전본부,3,2018-04-07 12:30,TSP,4.35
한국중부발전㈜보령발전본부,3,2018-04-07 12:30,SOx,34.38
한국중부발전㈜보령발전본부,3,2018-04-07 12:30,NOx,31.21
한국중부발전㈜보령발전본부,3,2018-04-07 13:00,TSP,4.24
한국중부발전㈜보령발전본부,3,2018-04-07 13:00,SOx,35.64
한국중부발전㈜보령발전본부,3,2018-04-07 13:00,NOx,30.82
한국중부발전㈜보령발전본부,3,2018-04-07 13:30,TSP,4.31
한국중부발전㈜보령발전본부,3,2018-04-07 13:30,SOx,35.99
한국중부발전㈜보령발전본부,3,2018-04-07 13:30,NOx,32.02
한국중부발전㈜보령발전본부,3,2018-04-07 14:00,TSP,4.72
한국중부발전㈜보령발전본부,3,2018-04-07 14:00,SOx,35.84
한국중부발전㈜보령발전본부,3,2018-04-07 14:00,NOx,32.92
한국중부발전㈜보령발전본부,3,2018-04-07 14:30,TSP,4.4
한국중부발전㈜보령발전본부,3,2018-04-07 14:30,SOx,35.94
한국중부발전㈜보령발전본부,3,2018-04-07 14:30,NOx,39.03
한국중부발전㈜보령발전본부,3,2018-04-07 15:00,TSP,4.45
한국중부발전㈜보령발전본부,3,2018-04-07 15:00,SOx,35.94
한국중부발전㈜보령발전본부,3,2018-04-07 15:00,NOx,39.03
한국중부발전㈜보령발전본부,3,2018-04-07 15:30,TSP,4.65
한국중부발전㈜보령발전본부,3,2018-04-07 15:30,SOx,36.75
한국중부발전㈜보령발전본부,3,2018-04-07 15:30,NOx,38.18
한국중부발전㈜보령발전본부,3,2018-04-07 16:00,TSP,4.65
한국중부발전㈜보령발전본부,3,2018-04-07 16:00,SOx,36.66
한국중부발전㈜보령발전본부,3,2018-04-07 16:00,NOx,36.19
한국중부발전㈜보령발전본부,3,2018-04-07 16:30,TSP,4.51
한국중부발전㈜보령발전본부,3,2018-04-07 16:30,SOx,37.79
한국중부발전㈜보령발전본부,3,2018-04-07 16:30,NOx,39.67
한국중부발전㈜보령발전본부,3,2018-04-07 17:00,TSP,4.4
한국중부발전㈜보령발전본부,3,2018-04-07 17:00,SOx,40.09
한국중부발전㈜보령발전본부,3,2018-04-07 17:00,NOx,41.52
한국중부발전㈜보령발전본부,3,2018-04-07 17:30,TSP,4.51
한국중부발전㈜보령발전본부,3,2018-04-07 17:30,SOx,37.98
한국중부발전㈜보령발전본부,3,2018-04-07 17:30,NOx,40.49
한국중부발전㈜보령발전본부,3,2018-04-07 18:00,TSP,4.3
한국중부발전㈜보령발전본부,3,2018-04-07 18:00,SOx,35.56
한국중부발전㈜보령발전본부,3,2018-04-07 18:00,NOx,37.34
한국중부발전㈜보령발전본부,3,2018-04-07 18:30,TSP,4.19
한국중부발전㈜보령발전본부,3,2018-04-07 18:30,SOx,35.36
한국중부발전㈜보령발전본부,3,2018-04-07 18:30,NOx,41.92
한국중부발전㈜보령발전본부,3,2018-04-07 19:00,TSP,4.25
한국중부발전㈜보령발전본부,3,2018-04-07 19:00,SOx,35.7
한국중부발전㈜보령발전본부,3,2018-04-07 19:00,NOx,38.63
한국중부발전㈜보령발전본부,3,2018-04-07 19:30,TSP,4.15
한국중부발전㈜보령발전본부,3,2018-04-07 19:30,SOx,35.21
한국중부발전㈜보령발전본부,3,2018-04-07 19:30,NOx,22.64
한국중부발전㈜보령발전본부,3,2018-04-07 20:00,TSP,4.03
한국중부발전㈜보령발전본부,3,2018-04-07 20:00,SOx,35.65
한국중부발전㈜보령발전본부,3,2018-04-07 20:00,NOx,19.2
한국중부발전㈜보령발전본부,3,2018-04-07 20:30,TSP,4.27
한국중부발전㈜보령발전본부,3,2018-04-07 20:30,SOx,35.34
한국중부발전㈜보령발전본부,3,2018-04-07 20:30,NOx,32.34
한국중부발전㈜보령발전본부,3,2018-04-07 21:00,TSP,4.04
한국중부발전㈜보령발전본부,3,2018-04-07 21:00,SOx,34.41
한국중부발전㈜보령발전본부,3,2018-04-07 21:00,NOx,25.8
한국중부발전㈜보령발전본부,3,2018-04-07 21:30,TSP,3.94
한국중부발전㈜보령발전본부,3,2018-04-07 21:30,SOx,34.98
한국중부발전㈜보령발전본부,3,2018-04-07 21:30,NOx,20.15
한국중부발전㈜보령발전본부,3,2018-04-07 22:00,TSP,4.01
한국중부발전㈜보령발전본부,3,2018-04-07 22:00,SOx,34.1
한국중부발전㈜보령발전본부,3,2018-04-07 22:00,NOx,21.65
한국중부발전㈜보령발전본부,3,2018-04-07 22:30,TSP,4.08
한국중부발전㈜보령발전본부,3,2018-04-07 22:30,SOx,33.12
한국중부발전㈜보령발전본부,3,2018-04-07 22:30,NOx,20.37
한국중부발전㈜보령발전본부,3,2018-04-07 23:00,TSP,4.06
한국중부발전㈜보령발전본부,3,2018-04-07 23:00,SOx,32.78
한국중부발전㈜보령발전본부,3,2018-04-07 23:00,NOx,32.23
한국중부발전㈜보령발전본부,3,2018-04-07 23:30,TSP,3.94
한국중부발전㈜보령발전본부,3,2018-04-07 23:30,SOx,32.78
한국중부발전㈜보령발전본부,3,2018-04-07 23:30,NOx,33.09
한국중부발전㈜보령발전본부,3,2018-04-08 00:00,TSP,3.72
한국중부발전㈜보령발전본부,3,2018-04-08 00:00,SOx,33.96
한국중부발전㈜보령발전본부,3,2018-04-08 00:00,NOx,31.03
한국중부발전㈜보령발전본부,3,2018-04-08 00:30,TSP,3.76
한국중부발전㈜보령발전본부,3,2018-04-08 00:30,SOx,35.0
한국중부발전㈜보령발전본부,3,2018-04-08 00:30,NOx,20.93
한국중부발전㈜보령발전본부,3,2018-04-08 01:00,TSP,3.65
한국중부발전㈜보령발전본부,3,2018-04-08 01:00,SOx,36.64
한국중부발전㈜보령발전본부,3,2018-04-08 01:00,NOx,24.59
한국중부발전㈜보령발전본부,3,2018-04-08 01:30,TSP,3.73
한국중부발전㈜보령발전본부,3,2018-04-08 01:30,SOx,38.27
한국중부발전㈜보령발전본부,3,2018-04-08 01:30,NOx,23.8
한국중부발전㈜보령발전본부,3,2018-04-08 02:00,TSP,3.7
한국중부발전㈜보령발전본부,3,2018-04-08 02:00,SOx,38.14
한국중부발전㈜보령발전본부,3,2018-04-08 02:00,NOx,25.11
한국중부발전㈜보령발전본부,3,2018-04-08 02:30,TSP,3.75
한국중부발전㈜보령발전본부,3,2018-04-08 02:30,SOx,37.71
한국중부발전㈜보령발전본부,3,2018-04-08 02:30,NOx,21.83
한국중부발전㈜보령발전본부,3,2018-04-08 03:00,TSP,3.72
한국중부발전㈜보령발전본부,3,2018-04-08 03:00,SOx,38.34
한국중부발전㈜보령발전본부,3,2018-04-08 03:00,NOx,27.12
한국중부발전㈜보령발전본부,3,2018-04-08 03:30,TSP,3.81
한국중부발전㈜보령발전본부,3,2018-04-08 03:30,SOx,37.9
한국중부발전㈜보령발전본부,3,2018-04-08 03:30,NOx,20.86
한국중부발전㈜보령발전본부,3,2018-04-08 04:00,TSP,3.89
한국중부발전㈜보령발전본부,3,2018-04-08 04:00,SOx,39.54
한국중부발전㈜보령발전본부,3,2018-04-08 04:00,NOx,40.17
한국중부발전㈜보령발전본부,3,2018-04-08 04:30,TSP,3.97
한국중부발전㈜보령발전본부,3,2018-04-08 04:30,SOx,41.74
한국중부발전㈜보령발전본부,3,2018-04-08 04:30,NOx,29.31
한국중부발전㈜보령발전본부,3,2018-04-08 05:00,TSP,4.01
한국중부발전㈜보령발전본부,3,2018-04-08 05:00,SOx,40.91
한국중부발전㈜보령발전본부,3,2018-04-08 05:00,NOx,29.43
한국중부발전㈜보령발전본부,3,2018-04-08 05:30,TSP,3.89
한국중부발전㈜보령발전본부,3,2018-04-08 05:30,SOx,38.82
한국중부발전㈜보령발전본부,3,2018-04-08 05:30,NOx,31.72
한국중부발전㈜보령발전본부,3,2018-04-08 06:00,TSP,3.88
한국중부발전㈜보령발전본부,3,2018-04-08 06:00,SOx,40.2
한국중부발전㈜보령발전본부,3,2018-04-08 06:00,NOx,35.62
한국중부발전㈜보령발전본부,3,2018-04-08 06:30,TSP,3.78
한국중부발전㈜보령발전본부,3,2018-04-08 06:30,SOx,40.38
한국중부발전㈜보령발전본부,3,2018-04-08 06:30,NOx,32.91
한국중부발전㈜보령발전본부,3,2018-04-08 07:00,TSP,3.77
한국중부발전㈜보령발전본부,3,2018-04-08 07:00,SOx,40.03
한국중부발전㈜보령발전본부,3,2018-04-08 07:00,NOx,34.11
한국중부발전㈜보령발전본부,3,2018-04-08 07:30,TSP,4.07
한국중부발전㈜보령발전본부,3,2018-04-08 07:30,SOx,38.15
한국중부발전㈜보령발전본부,3,2018-04-08 07:30,NOx,30.97
한국중부발전㈜보령발전본부,3,2018-04-08 08:00,TSP,4.07
한국중부발전㈜보령발전본부,3,2018-04-08 08:00,SOx,40.62
한국중부발전㈜보령발전본부,3,2018-04-08 08:00,NOx,35.32
한국중부발전㈜보령발전본부,3,2018-04-08 08:30,TSP,4.15
한국중부발전㈜보령발전본부,3,2018-04-08 08:30,SOx,41.09
한국중부발전㈜보령발전본부,3,2018-04-08 08:30,NOx,38.72
한국중부발전㈜보령발전본부,3,2018-04-08 09:00,TSP,4.45
한국중부발전㈜보령발전본부,3,2018-04-08 09:00,SOx,40.28
한국중부발전㈜보령발전본부,3,2018-04-08 09:00,NOx,37.66
한국중부발전㈜보령발전본부,3,2018-04-08 09:30,TSP,4.62
한국중부발전㈜보령발전본부,3,2018-04-08 09:30,SOx,40.94
한국중부발전㈜보령발전본부,3,2018-04-08 09:30,NOx,35.02
한국중부발전㈜보령발전본부,3,2018-04-08 10:00,TSP,4.5
한국중부발전㈜보령발전본부,3,2018-04-08 10:00,SOx,39.12
한국중부발전㈜보령발전본부,3,2018-04-08 10:00,NOx,42.38
한국중부발전㈜보령발전본부,3,2018-04-08 10:30,TSP,4.41
한국중부발전㈜보령발전본부,3,2018-04-08 10:30,SOx,38.74
한국중부발전㈜보령발전본부,3,2018-04-08 10:30,NOx,36.82
한국중부발전㈜보령발전본부,3,2018-04-08 11:00,TSP,4.53
한국중부발전㈜보령발전본부,3,2018-04-08 11:00,SOx,40.72
한국중부발전㈜보령발전본부,3,2018-04-08 11:00,NOx,28.17
한국중부발전㈜보령발전본부,3,2018-04-08 11:30,TSP,4.59
한국중부발전㈜보령발전본부,3,2018-04-08 11:30,SOx,43.28
한국중부발전㈜보령발전본부,3,2018-04-08 11:30,NOx,31.7
한국중부발전㈜보령발전본부,3,2018-04-08 12:00,TSP,4.61
한국중부발전㈜보령발전본부,3,2018-04-08 12:00,SOx,44.01
한국중부발전㈜보령발전본부,3,2018-04-08 12:00,NOx,35.78
한국중부발전㈜보령발전본부,3,2018-04-08 12:30,TSP,4.42
한국중부발전㈜보령발전본부,3,2018-04-08 12:30,SOx,43.33
한국중부발전㈜보령발전본부,3,2018-04-08 12:30,NOx,41.78
한국중부발전㈜보령발전본부,3,2018-04-08 13:00,TSP,4.35
한국중부발전㈜보령발전본부,3,2018-04-08 13:00,SOx,43.79
한국중부발전㈜보령발전본부,3,2018-04-08 13:00,NOx,34.94
한국중부발전㈜보령발전본부,3,2018-04-08 13:30,TSP,4.26
한국중부발전㈜보령발전본부,3,2018-04-08 13:30,SOx,43.89
한국중부발전㈜보령발전본부,3,2018-04-08 13:30,NOx,39.82
한국중부발전㈜보령발전본부,3,2018-04-08 14:00,TSP,4.24
한국중부발전㈜보령발전본부,3,2018-04-08 14:00,SOx,42.99
한국중부발전㈜보령발전본부,3,2018-04-08 14:00,NOx,39.86
한국중부발전㈜보령발전본부,3,2018-04-08 14:30,TSP,4.14
한국중부발전㈜보령발전본부,3,2018-04-08 14:30,SOx,42.85
한국중부발전㈜보령발전본부,3,2018-04-08 14:30,NOx,38.23
한국중부발전㈜보령발전본부,3,2018-04-08 15:00,TSP,4.3
한국중부발전㈜보령발전본부,3,2018-04-08 15:00,SOx,42.85
한국중부발전㈜보령발전본부,3,2018-04-08 15:00,NOx,38.23
한국중부발전㈜보령발전본부,3,2018-04-08 15:30,TSP,4.47
한국중부발전㈜보령발전본부,3,2018-04-08 15:30,SOx,40.22
한국중부발전㈜보령발전본부,3,2018-04-08 15:30,NOx,38.16
한국중부발전㈜보령발전본부,3,2018-04-08 16:00,TSP,4.39
한국중부발전㈜보령발전본부,3,2018-04-08 16:00,SOx,41.52
한국중부발전㈜보령발전본부,3,2018-04-08 16:00,NOx,40.6
한국중부발전㈜보령발전본부,3,2018-04-08 16:30,TSP,4.47
한국중부발전㈜보령발전본부,3,2018-04-08 16:30,SOx,45.31
한국중부발전㈜보령발전본부,3,2018-04-08 16:30,NOx,43.12
한국중부발전㈜보령발전본부,3,2018-04-08 17:00,TSP,4.55
한국중부발전㈜보령발전본부,3,2018-04-08 17:00,SOx,46.65
한국중부발전㈜보령발전본부,3,2018-04-08 17:00,NOx,44.81
한국중부발전㈜보령발전본부,3,2018-04-08 17:30,TSP,4.47
한국중부발전㈜보령발전본부,3,2018-04-08 17:30,SOx,45.27
한국중부발전㈜보령발전본부,3,2018-04-08 17:30,NOx,44.1
한국중부발전㈜보령발전본부,3,2018-04-08 18:00,TSP,4.29
한국중부발전㈜보령발전본부,3,2018-04-08 18:00,SOx,45.64
한국중부발전㈜보령발전본부,3,2018-04-08 18:00,NOx,27.43
한국중부발전㈜보령발전본부,3,2018-04-08 18:30,TSP,4.27
한국중부발전㈜보령발전본부,3,2018-04-08 18:30,SOx,44.95
한국중부발전㈜보령발전본부,3,2018-04-08 18:30,NOx,35.23
한국중부발전㈜보령발전본부,3,2018-04-08 19:00,TSP,4.33
한국중부발전㈜보령발전본부,3,2018-04-08 19:00,SOx,42.53
한국중부발전㈜보령발전본부,3,2018-04-08 19:00,NOx,42.73
한국중부발전㈜보령발전본부,3,2018-04-08 19:30,TSP,4.22
한국중부발전㈜보령발전본부,3,2018-04-08 19:30,SOx,42.85
한국중부발전㈜보령발전본부,3,2018-04-08 19:30,NOx,41.38
한국중부발전㈜보령발전본부,3,2018-04-08 20:00,TSP,4.16
한국중부발전㈜보령발전본부,3,2018-04-08 20:00,SOx,42.49
한국중부발전㈜보령발전본부,3,2018-04-08 20:00,NOx,33.41
한국중부발전㈜보령발전본부,3,2018-04-08 20:30,TSP,4.18
한국중부발전㈜보령발전본부,3,2018-04-08 20:30,SOx,39.54
한국중부발전㈜보령발전본부,3,2018-04-08 20:30,NOx,29.37
한국중부발전㈜보령발전본부,3,2018-04-08 21:00,TSP,4.14
한국중부발전㈜보령발전본부,3,2018-04-08 21:00,SOx,36.0
한국중부발전㈜보령발전본부,3,2018-04-08 21:00,NOx,26.38
한국중부발전㈜보령발전본부,3,2018-04-08 21:30,TSP,3.96
한국중부발전㈜보령발전본부,3,2018-04-08 21:30,SOx,34.41
한국중부발전㈜보령발전본부,3,2018-04-08 21:30,NOx,23.64
한국중부발전㈜보령발전본부,3,2018-04-08 22:00,TSP,4.03
한국중부발전㈜보령발전본부,3,2018-04-08 22:00,SOx,31.4
한국중부발전㈜보령발전본부,3,2018-04-08 22:00,NOx,18.33
한국중부발전㈜보령발전본부,3,2018-04-08 22:30,TSP,3.77
한국중부발전㈜보령발전본부,3,2018-04-08 22:30,SOx,27.37
한국중부발전㈜보령발전본부,3,2018-04-08 22:30,NOx,21.55
한국중부발전㈜보령발전본부,3,2018-04-08 23:00,TSP,3.85
한국중부발전㈜보령발전본부,3,2018-04-08 23:00,SOx,25.76
한국중부발전㈜보령발전본부,3,2018-04-08 23:00,NOx,20.77
한국중부발전㈜보령발전본부,3,2018-04-08 23:30,TSP,3.6
한국중부발전㈜보령발전본부,3,2018-04-08 23:30,SOx,23.99
한국중부발전㈜보령발전본부,3,2018-04-08 23:30,NOx,18.59
한국중부발전㈜보령발전본부,3,2018-04-09 00:00,TSP,3.74
한국중부발전㈜보령발전본부,3,2018-04-09 00:00,SOx,23.24
한국중부발전㈜보령발전본부,3,2018-04-09 00:00,NOx,21.3
한국중부발전㈜보령발전본부,3,2018-04-09 00:30,TSP,3.59
한국중부발전㈜보령발전본부,3,2018-04-09 00:30,SOx,23.51
한국중부발전㈜보령발전본부,3,2018-04-09 00:30,NOx,18.41
한국중부발전㈜보령발전본부,3,2018-04-09 01:00,TSP,3.71
한국중부발전㈜보령발전본부,3,2018-04-09 01:00,SOx,24.59
한국중부발전㈜보령발전본부,3,2018-04-09 01:00,NOx,17.51
한국중부발전㈜보령발전본부,3,2018-04-09 01:30,TSP,3.44
한국중부발전㈜보령발전본부,3,2018-04-09 01:30,SOx,25.26
한국중부발전㈜보령발전본부,3,2018-04-09 01:30,NOx,20.17
한국중부발전㈜보령발전본부,3,2018-04-09 02:00,TSP,3.64
한국중부발전㈜보령발전본부,3,2018-04-09 02:00,SOx,25.09
한국중부발전㈜보령발전본부,3,2018-04-09 02:00,NOx,22.0
한국중부발전㈜보령발전본부,3,2018-04-09 02:30,TSP,3.45
한국중부발전㈜보령발전본부,3,2018-04-09 02:30,SOx,24.64
한국중부발전㈜보령발전본부,3,2018-04-09 02:30,NOx,17.35
한국중부발전㈜보령발전본부,3,2018-04-09 03:00,TSP,3.5
한국중부발전㈜보령발전본부,3,2018-04-09 03:00,SOx,23.93
한국중부발전㈜보령발전본부,3,2018-04-09 03:00,NOx,18.15
한국중부발전㈜보령발전본부,3,2018-04-09 03:30,TSP,3.7
한국중부발전㈜보령발전본부,3,2018-04-09 03:30,SOx,22.62
한국중부발전㈜보령발전본부,3,2018-04-09 03:30,NOx,17.77
한국중부발전㈜보령발전본부,3,2018-04-09 04:00,TSP,3.68
한국중부발전㈜보령발전본부,3,2018-04-09 04:00,SOx,21.7
한국중부발전㈜보령발전본부,3,2018-04-09 04:00,NOx,19.44
한국중부발전㈜보령발전본부,3,2018-04-09 04:30,TSP,3.55
한국중부발전㈜보령발전본부,3,2018-04-09 04:30,SOx,21.44
한국중부발전㈜보령발전본부,3,2018-04-09 04:30,NOx,22.96
한국중부발전㈜보령발전본부,3,2018-04-09 05:00,TSP,3.73
한국중부발전㈜보령발전본부,3,2018-04-09 05:00,SOx,21.08
한국중부발전㈜보령발전본부,3,2018-04-09 05:00,NOx,15.71
한국중부발전㈜보령발전본부,3,2018-04-09 05:30,TSP,3.75
한국중부발전㈜보령발전본부,3,2018-04-09 05:30,SOx,22.31
한국중부발전㈜보령발전본부,3,2018-04-09 05:30,NOx,22.08
한국중부발전㈜보령발전본부,3,2018-04-09 06:00,TSP,3.72
한국중부발전㈜보령발전본부,3,2018-04-09 06:00,SOx,23.25
한국중부발전㈜보령발전본부,3,2018-04-09 06:00,NOx,18.22
한국중부발전㈜보령발전본부,3,2018-04-09 06:30,TSP,3.52
한국중부발전㈜보령발전본부,3,2018-04-09 06:30,SOx,23.99
한국중부발전㈜보령발전본부,3,2018-04-09 06:30,NOx,15.07
한국중부발전㈜보령발전본부,3,2018-04-09 07:00,TSP,3.72
한국중부발전㈜보령발전본부,3,2018-04-09 07:00,SOx,24.74
한국중부발전㈜보령발전본부,3,2018-04-09 07:00,NOx,21.55
한국중부발전㈜보령발전본부,3,2018-04-09 07:30,TSP,3.61
한국중부발전㈜보령발전본부,3,2018-04-09 07:30,SOx,26.31
한국중부발전㈜보령발전본부,3,2018-04-09 07:30,NOx,28.06
한국중부발전㈜보령발전본부,3,2018-04-09 08:00,TSP,3.76
한국중부발전㈜보령발전본부,3,2018-04-09 08:00,SOx,27.09
한국중부발전㈜보령발전본부,3,2018-04-09 08:00,NOx,34.58
한국중부발전㈜보령발전본부,3,2018-04-09 08:30,TSP,3.87
한국중부발전㈜보령발전본부,3,2018-04-09 08:30,SOx,27.6
한국중부발전㈜보령발전본부,3,2018-04-09 08:30,NOx,23.63
한국중부발전㈜보령발전본부,3,2018-04-09 09:00,TSP,4.38
한국중부발전㈜보령발전본부,3,2018-04-09 09:00,SOx,30.38
한국중부발전㈜보령발전본부,3,2018-04-09 09:00,NOx,21.58
한국중부발전㈜보령발전본부,3,2018-04-09 09:30,TSP,4.46
한국중부발전㈜보령발전본부,3,2018-04-09 09:30,SOx,31.19
한국중부발전㈜보령발전본부,3,2018-04-09 09:30,NOx,24.25
한국중부발전㈜보령발전본부,3,2018-04-09 10:00,TSP,4.6
한국중부발전㈜보령발전본부,3,2018-04-09 10:00,SOx,31.78
한국중부발전㈜보령발전본부,3,2018-04-09 10:00,NOx,19.33
한국중부발전㈜보령발전본부,3,2018-04-09 10:30,TSP,4.61
한국중부발전㈜보령발전본부,3,2018-04-09 10:30,SOx,31.79
한국중부발전㈜보령발전본부,3,2018-04-09 10:30,NOx,17.55
한국중부발전㈜보령발전본부,3,2018-04-09 11:00,TSP,4.93
한국중부발전㈜보령발전본부,3,2018-04-09 11:00,SOx,32.13
한국중부발전㈜보령발전본부,3,2018-04-09 11:00,NOx,21.03
한국중부발전㈜보령발전본부,3,2018-04-09 11:30,TSP,4.86
한국중부발전㈜보령발전본부,3,2018-04-09 11:30,SOx,31.6
한국중부발전㈜보령발전본부,3,2018-04-09 11:30,NOx,21.14
한국중부발전㈜보령발전본부,3,2018-04-09 12:00,TSP,5.02
한국중부발전㈜보령발전본부,3,2018-04-09 12:00,SOx,31.48
한국중부발전㈜보령발전본부,3,2018-04-09 12:00,NOx,19.48
한국중부발전㈜보령발전본부,3,2018-04-09 12:30,TSP,4.55
한국중부발전㈜보령발전본부,3,2018-04-09 12:30,SOx,32.44
한국중부발전㈜보령발전본부,3,2018-04-09 12:30,NOx,18.65
한국중부발전㈜보령발전본부,3,2018-04-09 13:00,TSP,4.52
한국중부발전㈜보령발전본부,3,2018-04-09 13:00,SOx,31.93
한국중부발전㈜보령발전본부,3,2018-04-09 13:00,NOx,19.87
한국중부발전㈜보령발전본부,3,2018-04-09 13:30,TSP,4.39
한국중부발전㈜보령발전본부,3,2018-04-09 13:30,SOx,31.89
한국중부발전㈜보령발전본부,3,2018-04-09 13:30,NOx,20.05
한국중부발전㈜보령발전본부,3,2018-04-09 14:00,TSP,4.16
한국중부발전㈜보령발전본부,3,2018-04-09 14:00,SOx,31.31
한국중부발전㈜보령발전본부,3,2018-04-09 14:00,NOx,19.9
한국중부발전㈜보령발전본부,3,2018-04-09 14:30,TSP,3.98
한국중부발전㈜보령발전본부,3,2018-04-09 14:30,SOx,30.74
한국중부발전㈜보령발전본부,3,2018-04-09 14:30,NOx,19.39
한국중부발전㈜보령발전본부,3,2018-04-09 15:00,TSP,4.07
한국중부발전㈜보령발전본부,3,2018-04-09 15:00,SOx,30.74
한국중부발전㈜보령발전본부,3,2018-04-09 15:00,NOx,19.39
한국중부발전㈜보령발전본부,3,2018-04-09 15:30,TSP,4.13
한국중부발전㈜보령발전본부,3,2018-04-09 15:30,SOx,26.92
한국중부발전㈜보령발전본부,3,2018-04-09 15:30,NOx,23.62
한국중부발전㈜보령발전본부,3,2018-04-09 16:00,TSP,4.16
한국중부발전㈜보령발전본부,3,2018-04-09 16:00,SOx,27.41
한국중부발전㈜보령발전본부,3,2018-04-09 16:00,NOx,22.19
한국중부발전㈜보령발전본부,3,2018-04-09 16:30,TSP,4.16
한국중부발전㈜보령발전본부,3,2018-04-09 16:30,SOx,27.98
한국중부발전㈜보령발전본부,3,2018-04-09 16:30,NOx,22.33
한국중부발전㈜보령발전본부,3,2018-04-09 17:00,TSP,4.06
한국중부발전㈜보령발전본부,3,2018-04-09 17:00,SOx,28.36
한국중부발전㈜보령발전본부,3,2018-04-09 17:00,NOx,24.64
한국중부발전㈜보령발전본부,3,2018-04-09 17:30,TSP,4.08
한국중부발전㈜보령발전본부,3,2018-04-09 17:30,SOx,29.51
한국중부발전㈜보령발전본부,3,2018-04-09 17:30,NOx,24.36
한국중부발전㈜보령발전본부,3,2018-04-09 18:00,TSP,4.07
한국중부발전㈜보령발전본부,3,2018-04-09 18:00,SOx,29.92
한국중부발전㈜보령발전본부,3,2018-04-09 18:00,NOx,23.6
한국중부발전㈜보령발전본부,3,2018-04-09 18:30,TSP,4.09
한국중부발전㈜보령발전본부,3,2018-04-09 18:30,SOx,28.64
한국중부발전㈜보령발전본부,3,2018-04-09 18:30,NOx,23.29
한국중부발전㈜보령발전본부,3,2018-04-09 19:00,TSP,4.13
한국중부발전㈜보령발전본부,3,2018-04-09 19:00,SOx,29.12
한국중부발전㈜보령발전본부,3,2018-04-09 19:00,NOx,22.81
한국중부발전㈜보령발전본부,3,2018-04-09 19:30,TSP,3.86
한국중부발전㈜보령발전본부,3,2018-04-09 19:30,SOx,30.1
한국중부발전㈜보령발전본부,3,2018-04-09 19:30,NOx,21.28
한국중부발전㈜보령발전본부,3,2018-04-09 20:00,TSP,4.21
한국중부발전㈜보령발전본부,3,2018-04-09 20:00,SOx,30.97
한국중부발전㈜보령발전본부,3,2018-04-09 20:00,NOx,21.88
한국중부발전㈜보령발전본부,3,2018-04-09 20:30,TSP,4.06
한국중부발전㈜보령발전본부,3,2018-04-09 20:30,SOx,31.6
한국중부발전㈜보령발전본부,3,2018-04-09 20:30,NOx,21.37
한국중부발전㈜보령발전본부,3,2018-04-09 21:00,TSP,3.99
한국중부발전㈜보령발전본부,3,2018-04-09 21:00,SOx,31.86
한국중부발전㈜보령발전본부,3,2018-04-09 21:00,NOx,21.22
한국중부발전㈜보령발전본부,3,2018-04-09 21:30,TSP,4.08
한국중부발전㈜보령발전본부,3,2018-04-09 21:30,SOx,31.3
한국중부발전㈜보령발전본부,3,2018-04-09 21:30,NOx,22.35
한국중부발전㈜보령발전본부,3,2018-04-09 22:00,TSP,4.19
한국중부발전㈜보령발전본부,3,2018-04-09 22:00,SOx,30.96
한국중부발전㈜보령발전본부,3,2018-04-09 22:00,NOx,21.56
한국중부발전㈜보령발전본부,3,2018-04-09 22:30,TSP,4.11
한국중부발전㈜보령발전본부,3,2018-04-09 22:30,SOx,30.32
한국중부발전㈜보령발전본부,3,2018-04-09 22:30,NOx,21.28
한국중부발전㈜보령발전본부,3,2018-04-09 23:00,TSP,3.92
한국중부발전㈜보령발전본부,3,2018-04-09 23:00,SOx,29.4
한국중부발전㈜보령발전본부,3,2018-04-09 23:00,NOx,21.94
한국중부발전㈜보령발전본부,3,2018-04-09 23:30,TSP,3.88
한국중부발전㈜보령발전본부,3,2018-04-09 23:30,SOx,28.07
한국중부발전㈜보령발전본부,3,2018-04-09 23:30,NOx,22.14
한국중부발전㈜보령발전본부,3,2018-04-10 00:00,TSP,3.78
한국중부발전㈜보령발전본부,3,2018-04-10 00:00,SOx,27.12
한국중부발전㈜보령발전본부,3,2018-04-10 00:00,NOx,20.77
한국중부발전㈜보령발전본부,3,2018-04-10 00:30,TSP,3.78
한국중부발전㈜보령발전본부,3,2018-04-10 00:30,SOx,25.92
한국중부발전㈜보령발전본부,3,2018-04-10 00:30,NOx,21.59
한국중부발전㈜보령발전본부,3,2018-04-10 01:00,TSP,3.96
한국중부발전㈜보령발전본부,3,2018-04-10 01:00,SOx,24.27
한국중부발전㈜보령발전본부,3,2018-04-10 01:00,NOx,21.52
한국중부발전㈜보령발전본부,3,2018-04-10 01:30,TSP,4.0
한국중부발전㈜보령발전본부,3,2018-04-10 01:30,SOx,24.3
한국중부발전㈜보령발전본부,3,2018-04-10 01:30,NOx,21.28
한국중부발전㈜보령발전본부,3,2018-04-10 02:00,TSP,4.14
한국중부발전㈜보령발전본부,3,2018-04-10 02:00,SOx,22.89
한국중부발전㈜보령발전본부,3,2018-04-10 02:00,NOx,21.42
한국중부발전㈜보령발전본부,3,2018-04-10 02:30,TSP,4.23
한국중부발전㈜보령발전본부,3,2018-04-10 02:30,SOx,21.8
한국중부발전㈜보령발전본부,3,2018-04-10 02:30,NOx,21.87
한국중부발전㈜보령발전본부,3,2018-04-10 03:00,TSP,4.31
한국중부발전㈜보령발전본부,3,2018-04-10 03:00,SOx,20.57
한국중부발전㈜보령발전본부,3,2018-04-10 03:00,NOx,23.76
한국중부발전㈜보령발전본부,3,2018-04-10 03:30,TSP,4.26
한국중부발전㈜보령발전본부,3,2018-04-10 03:30,SOx,20.02
한국중부발전㈜보령발전본부,3,2018-04-10 03:30,NOx,22.19
한국중부발전㈜보령발전본부,3,2018-04-10 04:00,TSP,4.36
한국중부발전㈜보령발전본부,3,2018-04-10 04:00,SOx,19.07
한국중부발전㈜보령발전본부,3,2018-04-10 04:00,NOx,21.69
한국중부발전㈜보령발전본부,3,2018-04-10 04:30,TSP,4.44
한국중부발전㈜보령발전본부,3,2018-04-10 04:30,SOx,18.71
한국중부발전㈜보령발전본부,3,2018-04-10 04:30,NOx,21.33
한국중부발전㈜보령발전본부,3,2018-04-10 05:00,TSP,4.85
한국중부발전㈜보령발전본부,3,2018-04-10 05:00,SOx,18.36
한국중부발전㈜보령발전본부,3,2018-04-10 05:00,NOx,22.18
한국중부발전㈜보령발전본부,3,2018-04-10 05:30,TSP,4.61
한국중부발전㈜보령발전본부,3,2018-04-10 05:30,SOx,18.22
한국중부발전㈜보령발전본부,3,2018-04-10 05:30,NOx,21.15
한국중부발전㈜보령발전본부,3,2018-04-10 06:00,TSP,4.72
한국중부발전㈜보령발전본부,3,2018-04-10 06:00,SOx,18.07
한국중부발전㈜보령발전본부,3,2018-04-10 06:00,NOx,22.47
한국중부발전㈜보령발전본부,3,2018-04-10 06:30,TSP,4.76
한국중부발전㈜보령발전본부,3,2018-04-10 06:30,SOx,18.23
한국중부발전㈜보령발전본부,3,2018-04-10 06:30,NOx,21.98
한국중부발전㈜보령발전본부,3,2018-04-10 07:00,TSP,4.9
한국중부발전㈜보령발전본부,3,2018-04-10 07:00,SOx,18.66
한국중부발전㈜보령발전본부,3,2018-04-10 07:00,NOx,21.37
한국중부발전㈜보령발전본부,3,2018-04-10 07:30,TSP,4.81
한국중부발전㈜보령발전본부,3,2018-04-10 07:30,SOx,18.87
한국중부발전㈜보령발전본부,3,2018-04-10 07:30,NOx,23.55
한국중부발전㈜보령발전본부,3,2018-04-10 08:00,TSP,4.53
한국중부발전㈜보령발전본부,3,2018-04-10 08:00,SOx,19.43
한국중부발전㈜보령발전본부,3,2018-04-10 08:00,NOx,20.27
한국중부발전㈜보령발전본부,3,2018-04-10 08:30,TSP,4.52
한국중부발전㈜보령발전본부,3,2018-04-10 08:30,SOx,20.42
한국중부발전㈜보령발전본부,3,2018-04-10 08:30,NOx,22.29
한국중부발전㈜보령발전본부,3,2018-04-10 09:00,TSP,4.61
한국중부발전㈜보령발전본부,3,2018-04-10 09:00,SOx,20.4
한국중부발전㈜보령발전본부,3,2018-04-10 09:00,NOx,26.38
한국중부발전㈜보령발전본부,3,2018-04-10 09:30,TSP,4.62
한국중부발전㈜보령발전본부,3,2018-04-10 09:30,SOx,20.46
한국중부발전㈜보령발전본부,3,2018-04-10 09:30,NOx,23.98
한국중부발전㈜보령발전본부,3,2018-04-10 10:00,TSP,4.52
한국중부발전㈜보령발전본부,3,2018-04-10 10:00,SOx,20.97
한국중부발전㈜보령발전본부,3,2018-04-10 10:00,NOx,21.78
한국중부발전㈜보령발전본부,3,2018-04-10 10:30,TSP,4.62
한국중부발전㈜보령발전본부,3,2018-04-10 10:30,SOx,21.15
한국중부발전㈜보령발전본부,3,2018-04-10 10:30,NOx,20.6
한국중부발전㈜보령발전본부,3,2018-04-10 11:00,TSP,4.69
한국중부발전㈜보령발전본부,3,2018-04-10 11:00,SOx,21.19
한국중부발전㈜보령발전본부,3,2018-04-10 11:00,NOx,22.61
한국중부발전㈜보령발전본부,3,2018-04-10 11:30,TSP,4.62
한국중부발전㈜보령발전본부,3,2018-04-10 11:30,SOx,20.85
한국중부발전㈜보령발전본부,3,2018-04-10 11:30,NOx,21.18
한국중부발전㈜보령발전본부,3,2018-04-10 12:00,TSP,4.41
한국중부발전㈜보령발전본부,3,2018-04-10 12:00,SOx,20.56
한국중부발전㈜보령발전본부,3,2018-04-10 12:00,NOx,22.58
한국중부발전㈜보령발전본부,3,2018-04-10 12:30,TSP,4.32
한국중부발전㈜보령발전본부,3,2018-04-10 12:30,SOx,20.28
한국중부발전㈜보령발전본부,3,2018-04-10 12:30,NOx,21.2
한국중부발전㈜보령발전본부,3,2018-04-10 13:00,TSP,4.3
한국중부발전㈜보령발전본부,3,2018-04-10 13:00,SOx,20.53
한국중부발전㈜보령발전본부,3,2018-04-10 13:00,NOx,23.19
한국중부발전㈜보령발전본부,3,2018-04-10 13:30,TSP,4.56
한국중부발전㈜보령발전본부,3,2018-04-10 13:30,SOx,20.68
한국중부발전㈜보령발전본부,3,2018-04-10 13:30,NOx,23.49
한국중부발전㈜보령발전본부,3,2018-04-10 14:00,TSP,4.16
한국중부발전㈜보령발전본부,3,2018-04-10 14:00,SOx,20.16
한국중부발전㈜보령발전본부,3,2018-04-10 14:00,NOx,20.93
한국중부발전㈜보령발전본부,3,2018-04-10 14:30,TSP,4.29
한국중부발전㈜보령발전본부,3,2018-04-10 14:30,SOx,20.93
한국중부발전㈜보령발전본부,3,2018-04-10 14:30,NOx,21.07
한국중부발전㈜보령발전본부,3,2018-04-10 15:00,TSP,4.36
한국중부발전㈜보령발전본부,3,2018-04-10 15:00,SOx,20.93
한국중부발전㈜보령발전본부,3,2018-04-10 15:00,NOx,21.07
한국중부발전㈜보령발전본부,3,2018-04-10 15:30,TSP,4.48
한국중부발전㈜보령발전본부,3,2018-04-10 15:30,SOx,22.16
한국중부발전㈜보령발전본부,3,2018-04-10 15:30,NOx,22.62
한국중부발전㈜보령발전본부,3,2018-04-10 16:00,TSP,4.12
한국중부발전㈜보령발전본부,3,2018-04-10 16:00,SOx,22.61
한국중부발전㈜보령발전본부,3,2018-04-10 16:00,NOx,21.54
한국중부발전㈜보령발전본부,3,2018-04-10 16:30,TSP,4.12
한국중부발전㈜보령발전본부,3,2018-04-10 16:30,SOx,22.8
한국중부발전㈜보령발전본부,3,2018-04-10 16:30,NOx,21.3
한국중부발전㈜보령발전본부,3,2018-04-10 17:00,TSP,3.76
한국중부발전㈜보령발전본부,3,2018-04-10 17:00,SOx,22.6
한국중부발전㈜보령발전본부,3,2018-04-10 17:00,NOx,20.74
한국중부발전㈜보령발전본부,3,2018-04-10 17:30,TSP,3.78
한국중부발전㈜보령발전본부,3,2018-04-10 17:30,SOx,22.35
한국중부발전㈜보령발전본부,3,2018-04-10 17:30,NOx,21.74
한국중부발전㈜보령발전본부,3,2018-04-10 18:00,TSP,3.73
한국중부발전㈜보령발전본부,3,2018-04-10 18:00,SOx,23.7
한국중부발전㈜보령발전본부,3,2018-04-10 18:00,NOx,21.52
한국중부발전㈜보령발전본부,3,2018-04-10 18:30,TSP,3.83
한국중부발전㈜보령발전본부,3,2018-04-10 18:30,SOx,24.72
한국중부발전㈜보령발전본부,3,2018-04-10 18:30,NOx,22.77
한국중부발전㈜보령발전본부,3,2018-04-10 19:00,TSP,3.77
한국중부발전㈜보령발전본부,3,2018-04-10 19:00,SOx,25.48
한국중부발전㈜보령발전본부,3,2018-04-10 19:00,NOx,21.28
한국중부발전㈜보령발전본부,3,2018-04-10 19:30,TSP,3.8
한국중부발전㈜보령발전본부,3,2018-04-10 19:30,SOx,25.02
한국중부발전㈜보령발전본부,3,2018-04-10 19:30,NOx,22.85
한국중부발전㈜보령발전본부,3,2018-04-10 20:00,TSP,3.69
한국중부발전㈜보령발전본부,3,2018-04-10 20:00,SOx,24.73
한국중부발전㈜보령발전본부,3,2018-04-10 20:00,NOx,21.66
한국중부발전㈜보령발전본부,3,2018-04-10 20:30,TSP,3.8
한국중부발전㈜보령발전본부,3,2018-04-10 20:30,SOx,24.82
한국중부발전㈜보령발전본부,3,2018-04-10 20:30,NOx,22.02
한국중부발전㈜보령발전본부,3,2018-04-10 21:00,TSP,3.86
한국중부발전㈜보령발전본부,3,2018-04-10 21:00,SOx,25.33
한국중부발전㈜보령발전본부,3,2018-04-10 21:00,NOx,23.3
한국중부발전㈜보령발전본부,3,2018-04-10 21:30,TSP,3.83
한국중부발전㈜보령발전본부,3,2018-04-10 21:30,SOx,25.37
한국중부발전㈜보령발전본부,3,2018-04-10 21:30,NOx,20.55
한국중부발전㈜보령발전본부,3,2018-04-10 22:00,TSP,3.79
한국중부발전㈜보령발전본부,3,2018-04-10 22:00,SOx,25.26
한국중부발전㈜보령발전본부,3,2018-04-10 22:00,NOx,22.27
한국중부발전㈜보령발전본부,3,2018-04-10 22:30,TSP,4.03
한국중부발전㈜보령발전본부,3,2018-04-10 22:30,SOx,25.05
한국중부발전㈜보령발전본부,3,2018-04-10 22:30,NOx,21.13
한국중부발전㈜보령발전본부,3,2018-04-10 23:00,TSP,3.77
한국중부발전㈜보령발전본부,3,2018-04-10 23:00,SOx,25.96
한국중부발전㈜보령발전본부,3,2018-04-10 23:00,NOx,21.97
한국중부발전㈜보령발전본부,3,2018-04-10 23:30,TSP,3.86
한국중부발전㈜보령발전본부,3,2018-04-10 23:30,SOx,26.95
한국중부발전㈜보령발전본부,3,2018-04-10 23:30,NOx,21.95
한국중부발전㈜보령발전본부,3,2018-04-11 00:00,TSP,3.91
한국중부발전㈜보령발전본부,3,2018-04-11 00:00,SOx,26.69
한국중부발전㈜보령발전본부,3,2018-04-11 00:00,NOx,22.85
한국중부발전㈜보령발전본부,3,2018-04-11 00:30,TSP,3.91
한국중부발전㈜보령발전본부,3,2018-04-11 00:30,SOx,27.7
한국중부발전㈜보령발전본부,3,2018-04-11 00:30,NOx,22.98
한국중부발전㈜보령발전본부,3,2018-04-11 01:00,TSP,3.81
한국중부발전㈜보령발전본부,3,2018-04-11 01:00,SOx,28.63
한국중부발전㈜보령발전본부,3,2018-04-11 01:00,NOx,22.56
한국중부발전㈜보령발전본부,3,2018-04-11 01:30,TSP,3.79
한국중부발전㈜보령발전본부,3,2018-04-11 01:30,SOx,30.53
한국중부발전㈜보령발전본부,3,2018-04-11 01:30,NOx,22.51
한국중부발전㈜보령발전본부,3,2018-04-11 02:00,TSP,3.65
한국중부발전㈜보령발전본부,3,2018-04-11 02:00,SOx,32.4
한국중부발전㈜보령발전본부,3,2018-04-11 02:00,NOx,21.7
한국중부발전㈜보령발전본부,3,2018-04-11 02:30,TSP,3.9
한국중부발전㈜보령발전본부,3,2018-04-11 02:30,SOx,32.69
한국중부발전㈜보령발전본부,3,2018-04-11 02:30,NOx,22.51
한국중부발전㈜보령발전본부,3,2018-04-11 03:00,TSP,3.66
한국중부발전㈜보령발전본부,3,2018-04-11 03:00,SOx,32.65
한국중부발전㈜보령발전본부,3,2018-04-11 03:00,NOx,22.34
한국중부발전㈜보령발전본부,3,2018-04-11 03:30,TSP,3.78
한국중부발전㈜보령발전본부,3,2018-04-11 03:30,SOx,32.9
한국중부발전㈜보령발전본부,3,2018-04-11 03:30,NOx,22.07
한국중부발전㈜보령발전본부,3,2018-04-11 04:00,TSP,3.69
한국중부발전㈜보령발전본부,3,2018-04-11 04:00,SOx,32.27
한국중부발전㈜보령발전본부,3,2018-04-11 04:00,NOx,22.3
한국중부발전㈜보령발전본부,3,2018-04-11 04:30,TSP,3.87
한국중부발전㈜보령발전본부,3,2018-04-11 04:30,SOx,32.04
한국중부발전㈜보령발전본부,3,2018-04-11 04:30,NOx,20.68
한국중부발전㈜보령발전본부,3,2018-04-11 05:00,TSP,3.81
한국중부발전㈜보령발전본부,3,2018-04-11 05:00,SOx,31.41
한국중부발전㈜보령발전본부,3,2018-04-11 05:00,NOx,21.73
한국중부발전㈜보령발전본부,3,2018-04-11 05:30,TSP,3.63
한국중부발전㈜보령발전본부,3,2018-04-11 05:30,SOx,30.12
한국중부발전㈜보령발전본부,3,2018-04-11 05:30,NOx,21.49
한국중부발전㈜보령발전본부,3,2018-04-11 06:00,TSP,3.5
한국중부발전㈜보령발전본부,3,2018-04-11 06:00,SOx,29.51
한국중부발전㈜보령발전본부,3,2018-04-11 06:00,NOx,21.71
한국중부발전㈜보령발전본부,3,2018-04-11 06:30,TSP,3.66
한국중부발전㈜보령발전본부,3,2018-04-11 06:30,SOx,30.08
한국중부발전㈜보령발전본부,3,2018-04-11 06:30,NOx,19.83
한국중부발전㈜보령발전본부,3,2018-04-11 07:00,TSP,3.63
한국중부발전㈜보령발전본부,3,2018-04-11 07:00,SOx,32.53
한국중부발전㈜보령발전본부,3,2018-04-11 07:00,NOx,21.26
한국중부발전㈜보령발전본부,3,2018-04-11 07:30,TSP,3.85
한국중부발전㈜보령발전본부,3,2018-04-11 07:30,SOx,34.33
한국중부발전㈜보령발전본부,3,2018-04-11 07:30,NOx,21.34
한국중부발전㈜보령발전본부,3,2018-04-11 08:00,TSP,4.08
한국중부발전㈜보령발전본부,3,2018-04-11 08:00,SOx,34.12
한국중부발전㈜보령발전본부,3,2018-04-11 08:00,NOx,22.56
한국중부발전㈜보령발전본부,3,2018-04-11 08:30,TSP,4.08
한국중부발전㈜보령발전본부,3,2018-04-11 08:30,SOx,30.84
한국중부발전㈜보령발전본부,3,2018-04-11 08:30,NOx,19.88
한국중부발전㈜보령발전본부,3,2018-04-11 09:00,TSP,4.22
한국중부발전㈜보령발전본부,3,2018-04-11 09:00,SOx,29.4
한국중부발전㈜보령발전본부,3,2018-04-11 09:00,NOx,23.12
한국중부발전㈜보령발전본부,3,2018-04-11 09:30,TSP,4.48
한국중부발전㈜보령발전본부,3,2018-04-11 09:30,SOx,28.51
한국중부발전㈜보령발전본부,3,2018-04-11 09:30,NOx,22.19
한국중부발전㈜보령발전본부,3,2018-04-11 10:00,TSP,4.48
한국중부발전㈜보령발전본부,3,2018-04-11 10:00,SOx,28.51
한국중부발전㈜보령발전본부,3,2018-04-11 10:00,NOx,22.19
한국중부발전㈜보령발전본부,3,2018-04-11 10:30,TSP,4.48
한국중부발전㈜보령발전본부,3,2018-04-11 10:30,SOx,28.51
한국중부발전㈜보령발전본부,3,2018-04-11 10:30,NOx,22.19
한국중부발전㈜보령발전본부,3,2018-04-11 11:00,TSP,4.48
한국중부발전㈜보령발전본부,3,2018-04-11 11:00,SOx,28.51
한국중부발전㈜보령발전본부,3,2018-04-11 11:00,NOx,22.19
한국중부발전㈜보령발전본부,3,2018-04-11 11:30,TSP,4.48
한국중부발전㈜보령발전본부,3,2018-04-11 11:30,SOx,28.51
한국중부발전㈜보령발전본부,3,2018-04-11 11:30,NOx,22.19
한국중부발전㈜보령발전본부,3,2018-04-11 12:00,TSP,4.48
한국중부발전㈜보령발전본부,3,2018-04-11 12:00,SOx,28.51
한국중부발전㈜보령발전본부,3,2018-04-11 12:00,NOx,22.19
한국중부발전㈜보령발전본부,3,2018-04-11 12:30,TSP,4.48
한국중부발전㈜보령발전본부,3,2018-04-11 12:30,SOx,28.51
한국중부발전㈜보령발전본부,3,2018-04-11 12:30,NOx,22.19
한국중부발전㈜보령발전본부,3,2018-04-11 13:00,TSP,4.48
한국중부발전㈜보령발전본부,3,2018-04-11 13:00,SOx,28.51
한국중부발전㈜보령발전본부,3,2018-04-11 13:00,NOx,22.19
한국중부발전㈜보령발전본부,3,2018-04-11 13:30,TSP,4.48
한국중부발전㈜보령발전본부,3,2018-04-11 13:30,SOx,28.51
한국중부발전㈜보령발전본부,3,2018-04-11 13:30,NOx,22.19
한국중부발전㈜보령발전본부,3,2018-04-11 14:00,TSP,4.48
한국중부발전㈜보령발전본부,3,2018-04-11 14:00,SOx,28.51
한국중부발전㈜보령발전본부,3,2018-04-11 14:00,NOx,22.19
한국중부발전㈜보령발전본부,3,2018-04-11 14:30,TSP,3.98
한국중부발전㈜보령발전본부,3,2018-04-11 14:30,SOx,31.05
한국중부발전㈜보령발전본부,3,2018-04-11 14:30,NOx,26.15
한국중부발전㈜보령발전본부,3,2018-04-11 15:00,TSP,3.81
한국중부발전㈜보령발전본부,3,2018-04-11 15:00,SOx,31.05
한국중부발전㈜보령발전본부,3,2018-04-11 15:00,NOx,26.15
한국중부발전㈜보령발전본부,3,2018-04-11 15:30,TSP,3.91
한국중부발전㈜보령발전본부,3,2018-04-11 15:30,SOx,31.81
한국중부발전㈜보령발전본부,3,2018-04-11 15:30,NOx,22.41
한국중부발전㈜보령발전본부,3,2018-04-11 16:00,TSP,3.99
한국중부발전㈜보령발전본부,3,2018-04-11 16:00,SOx,32.06
한국중부발전㈜보령발전본부,3,2018-04-11 16:00,NOx,20.85
한국중부발전㈜보령발전본부,3,2018-04-11 16:30,TSP,3.74
한국중부발전㈜보령발전본부,3,2018-04-11 16:30,SOx,32.36
한국중부발전㈜보령발전본부,3,2018-04-11 16:30,NOx,21.93
한국중부발전㈜보령발전본부,3,2018-04-11 17:00,TSP,3.72
한국중부발전㈜보령발전본부,3,2018-04-11 17:00,SOx,34.02
한국중부발전㈜보령발전본부,3,2018-04-11 17:00,NOx,20.88
한국중부발전㈜보령발전본부,3,2018-04-11 17:30,TSP,3.92
한국중부발전㈜보령발전본부,3,2018-04-11 17:30,SOx,34.41
한국중부발전㈜보령발전본부,3,2018-04-11 17:30,NOx,21.22
한국중부발전㈜보령발전본부,3,2018-04-11 18:00,TSP,3.84
한국중부발전㈜보령발전본부,3,2018-04-11 18:00,SOx,34.75
한국중부발전㈜보령발전본부,3,2018-04-11 18:00,NOx,20.04
한국중부발전㈜보령발전본부,3,2018-04-11 18:30,TSP,3.86
한국중부발전㈜보령발전본부,3,2018-04-11 18:30,SOx,35.87
한국중부발전㈜보령발전본부,3,2018-04-11 18:30,NOx,21.36
한국중부발전㈜보령발전본부,3,2018-04-11 19:00,TSP,3.4
한국중부발전㈜보령발전본부,3,2018-04-11 19:00,SOx,36.69
한국중부발전㈜보령발전본부,3,2018-04-11 19:00,NOx,20.25
한국중부발전㈜보령발전본부,3,2018-04-11 19:30,TSP,3.41
한국중부발전㈜보령발전본부,3,2018-04-11 19:30,SOx,37.82
한국중부발전㈜보령발전본부,3,2018-04-11 19:30,NOx,20.19
한국중부발전㈜보령발전본부,3,2018-04-11 20:00,TSP,3.56
한국중부발전㈜보령발전본부,3,2018-04-11 20:00,SOx,38.61
한국중부발전㈜보령발전본부,3,2018-04-11 20:00,NOx,21.56
한국중부발전㈜보령발전본부,3,2018-04-11 20:30,TSP,3.57
한국중부발전㈜보령발전본부,3,2018-04-11 20:30,SOx,39.92
한국중부발전㈜보령발전본부,3,2018-04-11 20:30,NOx,20.35
한국중부발전㈜보령발전본부,3,2018-04-11 21:00,TSP,3.56
한국중부발전㈜보령발전본부,3,2018-04-11 21:00,SOx,40.19
한국중부발전㈜보령발전본부,3,2018-04-11 21:00,NOx,20.9
한국중부발전㈜보령발전본부,3,2018-04-11 21:30,TSP,3.68
한국중부발전㈜보령발전본부,3,2018-04-11 21:30,SOx,37.77
한국중부발전㈜보령발전본부,3,2018-04-11 21:30,NOx,21.75
한국중부발전㈜보령발전본부,3,2018-04-11 22:00,TSP,3.73
한국중부발전㈜보령발전본부,3,2018-04-11 22:00,SOx,39.6
한국중부발전㈜보령발전본부,3,2018-04-11 22:00,NOx,21.3
한국중부발전㈜보령발전본부,3,2018-04-11 22:30,TSP,3.67
한국중부발전㈜보령발전본부,3,2018-04-11 22:30,SOx,39.85
한국중부발전㈜보령발전본부,3,2018-04-11 22:30,NOx,21.25
한국중부발전㈜보령발전본부,3,2018-04-11 23:00,TSP,3.54
한국중부발전㈜보령발전본부,3,2018-04-11 23:00,SOx,38.13
한국중부발전㈜보령발전본부,3,2018-04-11 23:00,NOx,23.01
한국중부발전㈜보령발전본부,3,2018-04-11 23:30,TSP,3.63
한국중부발전㈜보령발전본부,3,2018-04-11 23:30,SOx,37.5
한국중부발전㈜보령발전본부,3,2018-04-11 23:30,NOx,23.67
한국중부발전㈜보령발전본부,3,2018-04-12 00:00,TSP,3.57
한국중부발전㈜보령발전본부,3,2018-04-12 00:00,SOx,38.74
한국중부발전㈜보령발전본부,3,2018-04-12 00:00,NOx,20.59
한국중부발전㈜보령발전본부,3,2018-04-12 00:30,TSP,3.57
한국중부발전㈜보령발전본부,3,2018-04-12 00:30,SOx,39.45
한국중부발전㈜보령발전본부,3,2018-04-12 00:30,NOx,20.43
한국중부발전㈜보령발전본부,3,2018-04-12 01:00,TSP,3.49
한국중부발전㈜보령발전본부,3,2018-04-12 01:00,SOx,36.88
한국중부발전㈜보령발전본부,3,2018-04-12 01:00,NOx,20.14
한국중부발전㈜보령발전본부,3,2018-04-12 01:30,TSP,3.53
한국중부발전㈜보령발전본부,3,2018-04-12 01:30,SOx,37.02
한국중부발전㈜보령발전본부,3,2018-04-12 01:30,NOx,21.64
한국중부발전㈜보령발전본부,3,2018-04-12 02:00,TSP,3.61
한국중부발전㈜보령발전본부,3,2018-04-12 02:00,SOx,37.34
한국중부발전㈜보령발전본부,3,2018-04-12 02:00,NOx,21.11
한국중부발전㈜보령발전본부,3,2018-04-12 02:30,TSP,3.62
한국중부발전㈜보령발전본부,3,2018-04-12 02:30,SOx,36.16
한국중부발전㈜보령발전본부,3,2018-04-12 02:30,NOx,22.82
한국중부발전㈜보령발전본부,3,2018-04-12 03:00,TSP,3.51
한국중부발전㈜보령발전본부,3,2018-04-12 03:00,SOx,36.27
한국중부발전㈜보령발전본부,3,2018-04-12 03:00,NOx,20.48
한국중부발전㈜보령발전본부,3,2018-04-12 03:30,TSP,3.87
한국중부발전㈜보령발전본부,3,2018-04-12 03:30,SOx,37.36
한국중부발전㈜보령발전본부,3,2018-04-12 03:30,NOx,23.03
한국중부발전㈜보령발전본부,3,2018-04-12 04:00,TSP,3.78
한국중부발전㈜보령발전본부,3,2018-04-12 04:00,SOx,39.81
한국중부발전㈜보령발전본부,3,2018-04-12 04:00,NOx,21.98
한국중부발전㈜보령발전본부,3,2018-04-12 04:30,TSP,3.9
한국중부발전㈜보령발전본부,3,2018-04-12 04:30,SOx,40.4
한국중부발전㈜보령발전본부,3,2018-04-12 04:30,NOx,22.54
한국중부발전㈜보령발전본부,3,2018-04-12 05:00,TSP,4.03
한국중부발전㈜보령발전본부,3,2018-04-12 05:00,SOx,38.8
한국중부발전㈜보령발전본부,3,2018-04-12 05:00,NOx,22.15
한국중부발전㈜보령발전본부,3,2018-04-12 05:30,TSP,4.13
한국중부발전㈜보령발전본부,3,2018-04-12 05:30,SOx,39.87
한국중부발전㈜보령발전본부,3,2018-04-12 05:30,NOx,21.28
한국중부발전㈜보령발전본부,3,2018-04-12 06:00,TSP,4.03
한국중부발전㈜보령발전본부,3,2018-04-12 06:00,SOx,38.51
한국중부발전㈜보령발전본부,3,2018-04-12 06:00,NOx,22.94
한국중부발전㈜보령발전본부,3,2018-04-12 06:30,TSP,3.65
한국중부발전㈜보령발전본부,3,2018-04-12 06:30,SOx,38.41
한국중부발전㈜보령발전본부,3,2018-04-12 06:30,NOx,20.22
한국중부발전㈜보령발전본부,3,2018-04-12 07:00,TSP,3.72
한국중부발전㈜보령발전본부,3,2018-04-12 07:00,SOx,38.62
한국중부발전㈜보령발전본부,3,2018-04-12 07:00,NOx,22.25
한국중부발전㈜보령발전본부,3,2018-04-12 07:30,TSP,3.74
한국중부발전㈜보령발전본부,3,2018-04-12 07:30,SOx,39.99
한국중부발전㈜보령발전본부,3,2018-04-12 07:30,NOx,21.8
한국중부발전㈜보령발전본부,3,2018-04-12 08:00,TSP,3.88
한국중부발전㈜보령발전본부,3,2018-04-12 08:00,SOx,42.19
한국중부발전㈜보령발전본부,3,2018-04-12 08:00,NOx,20.65
한국중부발전㈜보령발전본부,3,2018-04-12 08:30,TSP,4.07
한국중부발전㈜보령발전본부,3,2018-04-12 08:30,SOx,36.81
한국중부발전㈜보령발전본부,3,2018-04-12 08:30,NOx,21.93
한국중부발전㈜보령발전본부,3,2018-04-12 09:00,TSP,4.25
한국중부발전㈜보령발전본부,3,2018-04-12 09:00,SOx,34.3
한국중부발전㈜보령발전본부,3,2018-04-12 09:00,NOx,24.62
한국중부발전㈜보령발전본부,3,2018-04-12 09:30,TSP,4.58
한국중부발전㈜보령발전본부,3,2018-04-12 09:30,SOx,34.15
한국중부발전㈜보령발전본부,3,2018-04-12 09:30,NOx,26.86
한국중부발전㈜보령발전본부,3,2018-04-12 10:00,TSP,4.72
한국중부발전㈜보령발전본부,3,2018-04-12 10:00,SOx,33.32
한국중부발전㈜보령발전본부,3,2018-04-12 10:00,NOx,24.6
한국중부발전㈜보령발전본부,3,2018-04-12 10:30,TSP,4.87
한국중부발전㈜보령발전본부,3,2018-04-12 10:30,SOx,32.98
한국중부발전㈜보령발전본부,3,2018-04-12 10:30,NOx,22.77
한국중부발전㈜보령발전본부,3,2018-04-12 11:00,TSP,4.94
한국중부발전㈜보령발전본부,3,2018-04-12 11:00,SOx,33.24
한국중부발전㈜보령발전본부,3,2018-04-12 11:00,NOx,22.28
한국중부발전㈜보령발전본부,3,2018-04-12 11:30,TSP,4.8
한국중부발전㈜보령발전본부,3,2018-04-12 11:30,SOx,32.66
한국중부발전㈜보령발전본부,3,2018-04-12 11:30,NOx,23.5
한국중부발전㈜보령발전본부,3,2018-04-12 12:00,TSP,4.94
한국중부발전㈜보령발전본부,3,2018-04-12 12:00,SOx,31.66
한국중부발전㈜보령발전본부,3,2018-04-12 12:00,NOx,23.4
한국중부발전㈜보령발전본부,3,2018-04-12 12:30,TSP,4.43
한국중부발전㈜보령발전본부,3,2018-04-12 12:30,SOx,32.13
한국중부발전㈜보령발전본부,3,2018-04-12 12:30,NOx,22.41
한국중부발전㈜보령발전본부,3,2018-04-12 13:00,TSP,4.17
한국중부발전㈜보령발전본부,3,2018-04-12 13:00,SOx,33.37
한국중부발전㈜보령발전본부,3,2018-04-12 13:00,NOx,21.41
한국중부발전㈜보령발전본부,3,2018-04-12 13:30,TSP,4.42
한국중부발전㈜보령발전본부,3,2018-04-12 13:30,SOx,33.53
한국중부발전㈜보령발전본부,3,2018-04-12 13:30,NOx,21.79
한국중부발전㈜보령발전본부,3,2018-04-12 14:00,TSP,4.18
한국중부발전㈜보령발전본부,3,2018-04-12 14:00,SOx,33.73
한국중부발전㈜보령발전본부,3,2018-04-12 14:00,NOx,22.63
한국중부발전㈜보령발전본부,3,2018-04-12 14:30,TSP,4.11
한국중부발전㈜보령발전본부,3,2018-04-12 14:30,SOx,34.72
한국중부발전㈜보령발전본부,3,2018-04-12 14:30,NOx,23.17
한국중부발전㈜보령발전본부,3,2018-04-12 15:00,TSP,4.17
한국중부발전㈜보령발전본부,3,2018-04-12 15:00,SOx,34.72
한국중부발전㈜보령발전본부,3,2018-04-12 15:00,NOx,23.17
한국중부발전㈜보령발전본부,3,2018-04-12 15:30,TSP,4.25
한국중부발전㈜보령발전본부,3,2018-04-12 15:30,SOx,34.18
한국중부발전㈜보령발전본부,3,2018-04-12 15:30,NOx,21.25
한국중부발전㈜보령발전본부,3,2018-04-12 16:00,TSP,4.22
한국중부발전㈜보령발전본부,3,2018-04-12 16:00,SOx,32.97
한국중부발전㈜보령발전본부,3,2018-04-12 16:00,NOx,21.82
한국중부발전㈜보령발전본부,3,2018-04-12 16:30,TSP,4.22
한국중부발전㈜보령발전본부,3,2018-04-12 16:30,SOx,32.69
한국중부발전㈜보령발전본부,3,2018-04-12 16:30,NOx,22.74
한국중부발전㈜보령발전본부,3,2018-04-12 17:00,TSP,3.84
한국중부발전㈜보령발전본부,3,2018-04-12 17:00,SOx,32.7
한국중부발전㈜보령발전본부,3,2018-04-12 17:00,NOx,22.14
한국중부발전㈜보령발전본부,3,2018-04-12 17:30,TSP,3.84
한국중부발전㈜보령발전본부,3,2018-04-12 17:30,SOx,31.25
한국중부발전㈜보령발전본부,3,2018-04-12 17:30,NOx,20.17
한국중부발전㈜보령발전본부,3,2018-04-12 18:00,TSP,3.67
한국중부발전㈜보령발전본부,3,2018-04-12 18:00,SOx,30.34
한국중부발전㈜보령발전본부,3,2018-04-12 18:00,NOx,21.19
한국중부발전㈜보령발전본부,3,2018-04-12 18:30,TSP,3.72
한국중부발전㈜보령발전본부,3,2018-04-12 18:30,SOx,29.71
한국중부발전㈜보령발전본부,3,2018-04-12 18:30,NOx,19.64
한국중부발전㈜보령발전본부,3,2018-04-12 19:00,TSP,3.69
한국중부발전㈜보령발전본부,3,2018-04-12 19:00,SOx,30.12
한국중부발전㈜보령발전본부,3,2018-04-12 19:00,NOx,19.35
한국중부발전㈜보령발전본부,3,2018-04-12 19:30,TSP,3.72
한국중부발전㈜보령발전본부,3,2018-04-12 19:30,SOx,31.02
한국중부발전㈜보령발전본부,3,2018-04-12 19:30,NOx,19.96
한국중부발전㈜보령발전본부,3,2018-04-12 20:00,TSP,3.69
한국중부발전㈜보령발전본부,3,2018-04-12 20:00,SOx,33.58
한국중부발전㈜보령발전본부,3,2018-04-12 20:00,NOx,19.68
한국중부발전㈜보령발전본부,3,2018-04-12 20:30,TSP,3.62
한국중부발전㈜보령발전본부,3,2018-04-12 20:30,SOx,33.97
한국중부발전㈜보령발전본부,3,2018-04-12 20:30,NOx,19.5
한국중부발전㈜보령발전본부,3,2018-04-12 21:00,TSP,3.62
한국중부발전㈜보령발전본부,3,2018-04-12 21:00,SOx,32.88
한국중부발전㈜보령발전본부,3,2018-04-12 21:00,NOx,21.05
한국중부발전㈜보령발전본부,3,2018-04-12 21:30,TSP,3.72
한국중부발전㈜보령발전본부,3,2018-04-12 21:30,SOx,29.84
한국중부발전㈜보령발전본부,3,2018-04-12 21:30,NOx,19.31
한국중부발전㈜보령발전본부,3,2018-04-12 22:00,TSP,3.75
한국중부발전㈜보령발전본부,3,2018-04-12 22:00,SOx,30.88
한국중부발전㈜보령발전본부,3,2018-04-12 22:00,NOx,19.65
한국중부발전㈜보령발전본부,3,2018-04-12 22:30,TSP,4.06
한국중부발전㈜보령발전본부,3,2018-04-12 22:30,SOx,32.35
한국중부발전㈜보령발전본부,3,2018-04-12 22:30,NOx,19.31
한국중부발전㈜보령발전본부,3,2018-04-12 23:00,TSP,3.76
한국중부발전㈜보령발전본부,3,2018-04-12 23:00,SOx,33.11
한국중부발전㈜보령발전본부,3,2018-04-12 23:00,NOx,20.93
한국중부발전㈜보령발전본부,3,2018-04-12 23:30,TSP,3.84
한국중부발전㈜보령발전본부,3,2018-04-12 23:30,SOx,33.0
한국중부발전㈜보령발전본부,3,2018-04-12 23:30,NOx,20.73
한국중부발전㈜보령발전본부,3,2018-04-13 00:00,TSP,3.86
한국중부발전㈜보령발전본부,3,2018-04-13 00:00,SOx,33.19
한국중부발전㈜보령발전본부,3,2018-04-13 00:00,NOx,21.28
한국중부발전㈜보령발전본부,3,2018-04-13 00:30,TSP,3.81
한국중부발전㈜보령발전본부,3,2018-04-13 00:30,SOx,34.43
한국중부발전㈜보령발전본부,3,2018-04-13 00:30,NOx,19.71
한국중부발전㈜보령발전본부,3,2018-04-13 01:00,TSP,3.84
한국중부발전㈜보령발전본부,3,2018-04-13 01:00,SOx,35.14
한국중부발전㈜보령발전본부,3,2018-04-13 01:00,NOx,21.7
한국중부발전㈜보령발전본부,3,2018-04-13 01:30,TSP,3.49
한국중부발전㈜보령발전본부,3,2018-04-13 01:30,SOx,33.6
한국중부발전㈜보령발전본부,3,2018-04-13 01:30,NOx,20.06
한국중부발전㈜보령발전본부,3,2018-04-13 02:00,TSP,3.56
한국중부발전㈜보령발전본부,3,2018-04-13 02:00,SOx,32.94
한국중부발전㈜보령발전본부,3,2018-04-13 02:00,NOx,20.12
한국중부발전㈜보령발전본부,3,2018-04-13 02:30,TSP,3.57
한국중부발전㈜보령발전본부,3,2018-04-13 02:30,SOx,33.41
한국중부발전㈜보령발전본부,3,2018-04-13 02:30,NOx,20.15
한국중부발전㈜보령발전본부,3,2018-04-13 03:00,TSP,3.54
한국중부발전㈜보령발전본부,3,2018-04-13 03:00,SOx,32.83
한국중부발전㈜보령발전본부,3,2018-04-13 03:00,NOx,19.07
한국중부발전㈜보령발전본부,3,2018-04-13 03:30,TSP,3.42
한국중부발전㈜보령발전본부,3,2018-04-13 03:30,SOx,31.74
한국중부발전㈜보령발전본부,3,2018-04-13 03:30,NOx,20.55
한국중부발전㈜보령발전본부,3,2018-04-13 04:00,TSP,3.52
한국중부발전㈜보령발전본부,3,2018-04-13 04:00,SOx,31.48
한국중부발전㈜보령발전본부,3,2018-04-13 04:00,NOx,20.56
한국중부발전㈜보령발전본부,3,2018-04-13 04:30,TSP,3.47
한국중부발전㈜보령발전본부,3,2018-04-13 04:30,SOx,33.84
한국중부발전㈜보령발전본부,3,2018-04-13 04:30,NOx,18.71
한국중부발전㈜보령발전본부,3,2018-04-13 05:00,TSP,3.55
한국중부발전㈜보령발전본부,3,2018-04-13 05:00,SOx,34.99
한국중부발전㈜보령발전본부,3,2018-04-13 05:00,NOx,19.97
한국중부발전㈜보령발전본부,3,2018-04-13 05:30,TSP,3.48
한국중부발전㈜보령발전본부,3,2018-04-13 05:30,SOx,35.95
한국중부발전㈜보령발전본부,3,2018-04-13 05:30,NOx,20.02
한국중부발전㈜보령발전본부,3,2018-04-13 06:00,TSP,3.6
한국중부발전㈜보령발전본부,3,2018-04-13 06:00,SOx,36.53
한국중부발전㈜보령발전본부,3,2018-04-13 06:00,NOx,19.74
한국중부발전㈜보령발전본부,3,2018-04-13 06:30,TSP,3.9
한국중부발전㈜보령발전본부,3,2018-04-13 06:30,SOx,36.17
한국중부발전㈜보령발전본부,3,2018-04-13 06:30,NOx,18.83
한국중부발전㈜보령발전본부,3,2018-04-13 07:00,TSP,3.82
한국중부발전㈜보령발전본부,3,2018-04-13 07:00,SOx,37.74
한국중부발전㈜보령발전본부,3,2018-04-13 07:00,NOx,21.75
한국중부발전㈜보령발전본부,3,2018-04-13 07:30,TSP,4.01
한국중부발전㈜보령발전본부,3,2018-04-13 07:30,SOx,39.32
한국중부발전㈜보령발전본부,3,2018-04-13 07:30,NOx,21.1
한국중부발전㈜보령발전본부,3,2018-04-13 08:00,TSP,4.32
한국중부발전㈜보령발전본부,3,2018-04-13 08:00,SOx,40.11
한국중부발전㈜보령발전본부,3,2018-04-13 08:00,NOx,18.95
한국중부발전㈜보령발전본부,3,2018-04-13 08:30,TSP,4.39
한국중부발전㈜보령발전본부,3,2018-04-13 08:30,SOx,40.4
한국중부발전㈜보령발전본부,3,2018-04-13 08:30,NOx,18.89
한국중부발전㈜보령발전본부,3,2018-04-13 09:00,TSP,4.3
한국중부발전㈜보령발전본부,3,2018-04-13 09:00,SOx,40.6
한국중부발전㈜보령발전본부,3,2018-04-13 09:00,NOx,17.3
한국중부발전㈜보령발전본부,3,2018-04-13 09:30,TSP,4.21
한국중부발전㈜보령발전본부,3,2018-04-13 09:30,SOx,38.88
한국중부발전㈜보령발전본부,3,2018-04-13 09:30,NOx,20.36
한국중부발전㈜보령발전본부,3,2018-04-13 10:00,TSP,4.24
한국중부발전㈜보령발전본부,3,2018-04-13 10:00,SOx,38.96
한국중부발전㈜보령발전본부,3,2018-04-13 10:00,NOx,20.73
한국중부발전㈜보령발전본부,3,2018-04-13 10:30,TSP,4.19
한국중부발전㈜보령발전본부,3,2018-04-13 10:30,SOx,39.62
한국중부발전㈜보령발전본부,3,2018-04-13 10:30,NOx,19.68
한국중부발전㈜보령발전본부,3,2018-04-13 11:00,TSP,4.49
한국중부발전㈜보령발전본부,3,2018-04-13 11:00,SOx,37.61
한국중부발전㈜보령발전본부,3,2018-04-13 11:00,NOx,23.57
한국중부발전㈜보령발전본부,3,2018-04-13 11:30,TSP,4.48
한국중부발전㈜보령발전본부,3,2018-04-13 11:30,SOx,37.15
한국중부발전㈜보령발전본부,3,2018-04-13 11:30,NOx,23.05
한국중부발전㈜보령발전본부,3,2018-04-13 12:00,TSP,4.62
한국중부발전㈜보령발전본부,3,2018-04-13 12:00,SOx,37.52
한국중부발전㈜보령발전본부,3,2018-04-13 12:00,NOx,21.56
한국중부발전㈜보령발전본부,3,2018-04-13 12:30,TSP,4.48
한국중부발전㈜보령발전본부,3,2018-04-13 12:30,SOx,39.4
한국중부발전㈜보령발전본부,3,2018-04-13 12:30,NOx,23.2
한국중부발전㈜보령발전본부,3,2018-04-13 13:00,TSP,4.44
한국중부발전㈜보령발전본부,3,2018-04-13 13:00,SOx,37.79
한국중부발전㈜보령발전본부,3,2018-04-13 13:00,NOx,23.37
한국중부발전㈜보령발전본부,3,2018-04-13 13:30,TSP,4.64
한국중부발전㈜보령발전본부,3,2018-04-13 13:30,SOx,35.53
한국중부발전㈜보령발전본부,3,2018-04-13 13:30,NOx,21.2
한국중부발전㈜보령발전본부,3,2018-04-13 14:00,TSP,4.46
한국중부발전㈜보령발전본부,3,2018-04-13 14:00,SOx,36.69
한국중부발전㈜보령발전본부,3,2018-04-13 14:00,NOx,21.4
한국중부발전㈜보령발전본부,3,2018-04-13 14:30,TSP,4.46
한국중부발전㈜보령발전본부,3,2018-04-13 14:30,SOx,38.0
한국중부발전㈜보령발전본부,3,2018-04-13 14:30,NOx,22.08
한국중부발전㈜보령발전본부,3,2018-04-13 15:00,TSP,4.63
한국중부발전㈜보령발전본부,3,2018-04-13 15:00,SOx,38.0
한국중부발전㈜보령발전본부,3,2018-04-13 15:00,NOx,22.08
한국중부발전㈜보령발전본부,3,2018-04-13 15:30,TSP,4.8
한국중부발전㈜보령발전본부,3,2018-04-13 15:30,SOx,39.75
한국중부발전㈜보령발전본부,3,2018-04-13 15:30,NOx,22.66
한국중부발전㈜보령발전본부,3,2018-04-13 16:00,TSP,5.02
한국중부발전㈜보령발전본부,3,2018-04-13 16:00,SOx,39.94
한국중부발전㈜보령발전본부,3,2018-04-13 16:00,NOx,21.96
한국중부발전㈜보령발전본부,3,2018-04-13 16:30,TSP,4.51
한국중부발전㈜보령발전본부,3,2018-04-13 16:30,SOx,37.38
한국중부발전㈜보령발전본부,3,2018-04-13 16:30,NOx,20.94
한국중부발전㈜보령발전본부,3,2018-04-13 17:00,TSP,4.58
한국중부발전㈜보령발전본부,3,2018-04-13 17:00,SOx,38.27
한국중부발전㈜보령발전본부,3,2018-04-13 17:00,NOx,19.96
한국중부발전㈜보령발전본부,3,2018-04-13 17:30,TSP,4.49
한국중부발전㈜보령발전본부,3,2018-04-13 17:30,SOx,39.61
한국중부발전㈜보령발전본부,3,2018-04-13 17:30,NOx,20.95
한국중부발전㈜보령발전본부,3,2018-04-13 18:00,TSP,4.51
한국중부발전㈜보령발전본부,3,2018-04-13 18:00,SOx,39.55
한국중부발전㈜보령발전본부,3,2018-04-13 18:00,NOx,21.18
한국중부발전㈜보령발전본부,3,2018-04-13 18:30,TSP,4.31
한국중부발전㈜보령발전본부,3,2018-04-13 18:30,SOx,38.57
한국중부발전㈜보령발전본부,3,2018-04-13 18:30,NOx,21.83
한국중부발전㈜보령발전본부,3,2018-04-13 19:00,TSP,4.35
한국중부발전㈜보령발전본부,3,2018-04-13 19:00,SOx,37.5
한국중부발전㈜보령발전본부,3,2018-04-13 19:00,NOx,20.59
한국중부발전㈜보령발전본부,3,2018-04-13 19:30,TSP,4.31
한국중부발전㈜보령발전본부,3,2018-04-13 19:30,SOx,36.57
한국중부발전㈜보령발전본부,3,2018-04-13 19:30,NOx,21.27
한국중부발전㈜보령발전본부,3,2018-04-13 20:00,TSP,4.36
한국중부발전㈜보령발전본부,3,2018-04-13 20:00,SOx,35.27
한국중부발전㈜보령발전본부,3,2018-04-13 20:00,NOx,20.21
한국중부발전㈜보령발전본부,3,2018-04-13 20:30,TSP,4.35
한국중부발전㈜보령발전본부,3,2018-04-13 20:30,SOx,34.86
한국중부발전㈜보령발전본부,3,2018-04-13 20:30,NOx,20.97
한국중부발전㈜보령발전본부,3,2018-04-13 21:00,TSP,4.43
한국중부발전㈜보령발전본부,3,2018-04-13 21:00,SOx,33.41
한국중부발전㈜보령발전본부,3,2018-04-13 21:00,NOx,20.15
한국중부발전㈜보령발전본부,3,2018-04-13 21:30,TSP,4.23
한국중부발전㈜보령발전본부,3,2018-04-13 21:30,SOx,32.66
한국중부발전㈜보령발전본부,3,2018-04-13 21:30,NOx,23.37
한국중부발전㈜보령발전본부,3,2018-04-13 22:00,TSP,4.3
한국중부발전㈜보령발전본부,3,2018-04-13 22:00,SOx,32.85
한국중부발전㈜보령발전본부,3,2018-04-13 22:00,NOx,22.97
한국중부발전㈜보령발전본부,3,2018-04-13 22:30,TSP,4.24
한국중부발전㈜보령발전본부,3,2018-04-13 22:30,SOx,32.92
한국중부발전㈜보령발전본부,3,2018-04-13 22:30,NOx,22.82
한국중부발전㈜보령발전본부,3,2018-04-13 23:00,TSP,4.9
한국중부발전㈜보령발전본부,3,2018-04-13 23:00,SOx,31.53
한국중부발전㈜보령발전본부,3,2018-04-13 23:00,NOx,23.73
한국중부발전㈜보령발전본부,3,2018-04-13 23:30,TSP,4.4
한국중부발전㈜보령발전본부,3,2018-04-13 23:30,SOx,30.02
한국중부발전㈜보령발전본부,3,2018-04-13 23:30,NOx,21.62
한국중부발전㈜보령발전본부,3,2018-04-14 00:00,TSP,4.39
한국중부발전㈜보령발전본부,3,2018-04-14 00:00,SOx,28.63
한국중부발전㈜보령발전본부,3,2018-04-14 00:00,NOx,20.31
한국중부발전㈜보령발전본부,3,2018-04-14 00:30,TSP,4.41
한국중부발전㈜보령발전본부,3,2018-04-14 00:30,SOx,27.64
한국중부발전㈜보령발전본부,3,2018-04-14 00:30,NOx,20.52
한국중부발전㈜보령발전본부,3,2018-04-14 01:00,TSP,4.41
한국중부발전㈜보령발전본부,3,2018-04-14 01:00,SOx,26.1
한국중부발전㈜보령발전본부,3,2018-04-14 01:00,NOx,21.08
한국중부발전㈜보령발전본부,3,2018-04-14 01:30,TSP,4.56
한국중부발전㈜보령발전본부,3,2018-04-14 01:30,SOx,26.0
한국중부발전㈜보령발전본부,3,2018-04-14 01:30,NOx,19.69
한국중부발전㈜보령발전본부,3,2018-04-14 02:00,TSP,4.38
한국중부발전㈜보령발전본부,3,2018-04-14 02:00,SOx,25.72
한국중부발전㈜보령발전본부,3,2018-04-14 02:00,NOx,19.75
한국중부발전㈜보령발전본부,3,2018-04-14 02:30,TSP,4.33
한국중부발전㈜보령발전본부,3,2018-04-14 02:30,SOx,25.23
한국중부발전㈜보령발전본부,3,2018-04-14 02:30,NOx,21.3
한국중부발전㈜보령발전본부,3,2018-04-14 03:00,TSP,4.32
한국중부발전㈜보령발전본부,3,2018-04-14 03:00,SOx,26.53
한국중부발전㈜보령발전본부,3,2018-04-14 03:00,NOx,22.36
한국중부발전㈜보령발전본부,3,2018-04-14 03:30,TSP,4.33
한국중부발전㈜보령발전본부,3,2018-04-14 03:30,SOx,27.07
한국중부발전㈜보령발전본부,3,2018-04-14 03:30,NOx,22.78
한국중부발전㈜보령발전본부,3,2018-04-14 04:00,TSP,4.48
한국중부발전㈜보령발전본부,3,2018-04-14 04:00,SOx,27.91
한국중부발전㈜보령발전본부,3,2018-04-14 04:00,NOx,25.35
한국중부발전㈜보령발전본부,3,2018-04-14 04:30,TSP,4.19
한국중부발전㈜보령발전본부,3,2018-04-14 04:30,SOx,28.91
한국중부발전㈜보령발전본부,3,2018-04-14 04:30,NOx,23.37
한국중부발전㈜보령발전본부,3,2018-04-14 05:00,TSP,4.28
한국중부발전㈜보령발전본부,3,2018-04-14 05:00,SOx,29.58
한국중부발전㈜보령발전본부,3,2018-04-14 05:00,NOx,23.3
한국중부발전㈜보령발전본부,3,2018-04-14 05:30,TSP,4.01
한국중부발전㈜보령발전본부,3,2018-04-14 05:30,SOx,29.47
한국중부발전㈜보령발전본부,3,2018-04-14 05:30,NOx,23.85
한국중부발전㈜보령발전본부,3,2018-04-14 06:00,TSP,4.05
한국중부발전㈜보령발전본부,3,2018-04-14 06:00,SOx,28.83
한국중부발전㈜보령발전본부,3,2018-04-14 06:00,NOx,22.24
한국중부발전㈜보령발전본부,3,2018-04-14 06:30,TSP,3.95
한국중부발전㈜보령발전본부,3,2018-04-14 06:30,SOx,28.85
한국중부발전㈜보령발전본부,3,2018-04-14 06:30,NOx,20.98
한국중부발전㈜보령발전본부,3,2018-04-14 07:00,TSP,3.83
한국중부발전㈜보령발전본부,3,2018-04-14 07:00,SOx,28.37
한국중부발전㈜보령발전본부,3,2018-04-14 07:00,NOx,21.9
한국중부발전㈜보령발전본부,3,2018-04-14 07:30,TSP,4.31
한국중부발전㈜보령발전본부,3,2018-04-14 07:30,SOx,25.11
한국중부발전㈜보령발전본부,3,2018-04-14 07:30,NOx,20.88
한국중부발전㈜보령발전본부,3,2018-04-14 08:00,TSP,3.92
한국중부발전㈜보령발전본부,3,2018-04-14 08:00,SOx,24.68
한국중부발전㈜보령발전본부,3,2018-04-14 08:00,NOx,20.85
한국중부발전㈜보령발전본부,3,2018-04-14 08:30,TSP,4.07
한국중부발전㈜보령발전본부,3,2018-04-14 08:30,SOx,24.92
한국중부발전㈜보령발전본부,3,2018-04-14 08:30,NOx,25.37
한국중부발전㈜보령발전본부,3,2018-04-14 09:00,TSP,4.07
한국중부발전㈜보령발전본부,3,2018-04-14 09:00,SOx,24.1
한국중부발전㈜보령발전본부,3,2018-04-14 09:00,NOx,33.35
한국중부발전㈜보령발전본부,3,2018-04-14 09:30,TSP,4.32
한국중부발전㈜보령발전본부,3,2018-04-14 09:30,SOx,23.98
한국중부발전㈜보령발전본부,3,2018-04-14 09:30,NOx,23.43
한국중부발전㈜보령발전본부,3,2018-04-14 10:00,TSP,4.11
한국중부발전㈜보령발전본부,3,2018-04-14 10:00,SOx,24.92
한국중부발전㈜보령발전본부,3,2018-04-14 10:00,NOx,22.11
한국중부발전㈜보령발전본부,3,2018-04-14 10:30,TSP,4.05
한국중부발전㈜보령발전본부,3,2018-04-14 10:30,SOx,25.01
한국중부발전㈜보령발전본부,3,2018-04-14 10:30,NOx,22.54
한국중부발전㈜보령발전본부,3,2018-04-14 11:00,TSP,3.97
한국중부발전㈜보령발전본부,3,2018-04-14 11:00,SOx,25.89
한국중부발전㈜보령발전본부,3,2018-04-14 11:00,NOx,21.38
한국중부발전㈜보령발전본부,3,2018-04-14 11:30,TSP,3.97
한국중부발전㈜보령발전본부,3,2018-04-14 11:30,SOx,24.89
한국중부발전㈜보령발전본부,3,2018-04-14 11:30,NOx,22.21
한국중부발전㈜보령발전본부,3,2018-04-14 12:00,TSP,4.06
한국중부발전㈜보령발전본부,3,2018-04-14 12:00,SOx,25.41
한국중부발전㈜보령발전본부,3,2018-04-14 12:00,NOx,20.98
한국중부발전㈜보령발전본부,3,2018-04-14 12:30,TSP,4.11
한국중부발전㈜보령발전본부,3,2018-04-14 12:30,SOx,25.61
한국중부발전㈜보령발전본부,3,2018-04-14 12:30,NOx,22.23
한국중부발전㈜보령발전본부,3,2018-04-14 13:00,TSP,4.46
한국중부발전㈜보령발전본부,3,2018-04-14 13:00,SOx,24.93
한국중부발전㈜보령발전본부,3,2018-04-14 13:00,NOx,21.58
한국중부발전㈜보령발전본부,3,2018-04-14 13:30,TSP,4.22
한국중부발전㈜보령발전본부,3,2018-04-14 13:30,SOx,24.87
한국중부발전㈜보령발전본부,3,2018-04-14 13:30,NOx,22.01
한국중부발전㈜보령발전본부,3,2018-04-14 14:00,TSP,4.17
한국중부발전㈜보령발전본부,3,2018-04-14 14:00,SOx,25.13
한국중부발전㈜보령발전본부,3,2018-04-14 14:00,NOx,22.05
한국중부발전㈜보령발전본부,3,2018-04-14 14:30,TSP,4.36
한국중부발전㈜보령발전본부,3,2018-04-14 14:30,SOx,25.24
한국중부발전㈜보령발전본부,3,2018-04-14 14:30,NOx,24.07
한국중부발전㈜보령발전본부,3,2018-04-14 15:00,TSP,4.41
한국중부발전㈜보령발전본부,3,2018-04-14 15:00,SOx,25.24
한국중부발전㈜보령발전본부,3,2018-04-14 15:00,NOx,24.07
한국중부발전㈜보령발전본부,3,2018-04-14 15:30,TSP,4.36
한국중부발전㈜보령발전본부,3,2018-04-14 15:30,SOx,27.19
한국중부발전㈜보령발전본부,3,2018-04-14 15:30,NOx,23.52
한국중부발전㈜보령발전본부,3,2018-04-14 16:00,TSP,4.14
한국중부발전㈜보령발전본부,3,2018-04-14 16:00,SOx,27.69
한국중부발전㈜보령발전본부,3,2018-04-14 16:00,NOx,22.79
한국중부발전㈜보령발전본부,3,2018-04-14 16:30,TSP,4.19
한국중부발전㈜보령발전본부,3,2018-04-14 16:30,SOx,27.83
한국중부발전㈜보령발전본부,3,2018-04-14 16:30,NOx,23.53
한국중부발전㈜보령발전본부,3,2018-04-14 17:00,TSP,4.19
한국중부발전㈜보령발전본부,3,2018-04-14 17:00,SOx,28.83
한국중부발전㈜보령발전본부,3,2018-04-14 17:00,NOx,24.31
한국중부발전㈜보령발전본부,3,2018-04-14 17:30,TSP,4.26
한국중부발전㈜보령발전본부,3,2018-04-14 17:30,SOx,30.26
한국중부발전㈜보령발전본부,3,2018-04-14 17:30,NOx,24.34
한국중부발전㈜보령발전본부,3,2018-04-14 18:00,TSP,4.28
한국중부발전㈜보령발전본부,3,2018-04-14 18:00,SOx,31.17
한국중부발전㈜보령발전본부,3,2018-04-14 18:00,NOx,22.38
한국중부발전㈜보령발전본부,3,2018-04-14 18:30,TSP,4.35
한국중부발전㈜보령발전본부,3,2018-04-14 18:30,SOx,31.77
한국중부발전㈜보령발전본부,3,2018-04-14 18:30,NOx,24.75
한국중부발전㈜보령발전본부,3,2018-04-14 19:00,TSP,4.37
한국중부발전㈜보령발전본부,3,2018-04-14 19:00,SOx,32.59
한국중부발전㈜보령발전본부,3,2018-04-14 19:00,NOx,22.31
한국중부발전㈜보령발전본부,3,2018-04-14 19:30,TSP,4.15
한국중부발전㈜보령발전본부,3,2018-04-14 19:30,SOx,34.31
한국중부발전㈜보령발전본부,3,2018-04-14 19:30,NOx,21.71
한국중부발전㈜보령발전본부,3,2018-04-14 20:00,TSP,4.17
한국중부발전㈜보령발전본부,3,2018-04-14 20:00,SOx,36.16
한국중부발전㈜보령발전본부,3,2018-04-14 20:00,NOx,22.37
한국중부발전㈜보령발전본부,3,2018-04-14 20:30,TSP,4.11
한국중부발전㈜보령발전본부,3,2018-04-14 20:30,SOx,38.54
한국중부발전㈜보령발전본부,3,2018-04-14 20:30,NOx,23.76
한국중부발전㈜보령발전본부,3,2018-04-14 21:00,TSP,4.14
한국중부발전㈜보령발전본부,3,2018-04-14 21:00,SOx,33.03
한국중부발전㈜보령발전본부,3,2018-04-14 21:00,NOx,21.71
한국중부발전㈜보령발전본부,3,2018-04-14 21:30,TSP,4.1
한국중부발전㈜보령발전본부,3,2018-04-14 21:30,SOx,29.24
한국중부발전㈜보령발전본부,3,2018-04-14 21:30,NOx,21.57
한국중부발전㈜보령발전본부,3,2018-04-14 22:00,TSP,4.12
한국중부발전㈜보령발전본부,3,2018-04-14 22:00,SOx,31.01
한국중부발전㈜보령발전본부,3,2018-04-14 22:00,NOx,22.61
한국중부발전㈜보령발전본부,3,2018-04-14 22:30,TSP,4.11
한국중부발전㈜보령발전본부,3,2018-04-14 22:30,SOx,32.31
한국중부발전㈜보령발전본부,3,2018-04-14 22:30,NOx,21.15
한국중부발전㈜보령발전본부,3,2018-04-14 23:00,TSP,4.58
한국중부발전㈜보령발전본부,3,2018-04-14 23:00,SOx,30.45
한국중부발전㈜보령발전본부,3,2018-04-14 23:00,NOx,12.41
한국중부발전㈜보령발전본부,3,2018-04-14 23:30,TSP,5.04
한국중부발전㈜보령발전본부,3,2018-04-14 23:30,SOx,22.21
한국중부발전㈜보령발전본부,3,2018-04-14 23:30,NOx,12.65
한국중부발전㈜보령발전본부,3,2018-04-15 00:00,TSP,5.72
한국중부발전㈜보령발전본부,3,2018-04-15 00:00,SOx,33.48
한국중부발전㈜보령발전본부,3,2018-04-15 00:00,NOx,7.94
한국중부발전㈜보령발전본부,3,2018-04-15 00:30,TSP,7.19
한국중부발전㈜보령발전본부,3,2018-04-15 00:30,SOx,36.06
한국중부발전㈜보령발전본부,3,2018-04-15 00:30,NOx,75.18
한국중부발전㈜보령발전본부,3,2018-04-15 01:00,TSP,7.19
한국중부발전㈜보령발전본부,3,2018-04-15 01:00,SOx,9.63
한국중부발전㈜보령발전본부,3,2018-04-15 01:00,NOx,86.92
한국중부발전㈜보령발전본부,3,2018-04-15 01:30,TSP,0.0
한국중부발전㈜보령발전본부,3,2018-04-15 01:30,SOx,0.0
한국중부발전㈜보령발전본부,3,2018-04-15 01:30,NOx,0.0
한국중부발전㈜보령발전본부,3,2018-04-15 02:00,TSP,0.0
한국중부발전㈜보령발전본부,3,2018-04-15 02:00,SOx,0.0
한국중부발전㈜보령발전본부,3,2018-04-15 02:00,NOx,0.0
한국중부발전㈜보령발전본부,3,2018-04-15 02:30,TSP,0.0
한국중부발전㈜보령발전본부,3,2018-04-15 02:30,SOx,0.0
한국중부발전㈜보령발전본부,3,2018-04-15 02:30,NOx,0.0
한국중부발전㈜보령발전본부,3,2018-04-15 03:00,TSP,0.0
한국중부발전㈜보령발전본부,3,2018-04-15 03:00,SOx,0.0
한국중부발전㈜보령발전본부,3,2018-04-15 03:00,NOx,0.0
한국중부발전㈜보령발전본부,3,2018-04-15 03:30,TSP,0.0
한국중부발전㈜보령발전본부,3,2018-04-15 03:30,SOx,0.0
한국중부발전㈜보령발전본부,3,2018-04-15 03:30,NOx,0.0
한국중부발전㈜보령발전본부,3,2018-04-15 04:00,TSP,0.0
한국중부발전㈜보령발전본부,3,2018-04-15 04:00,SOx,0.0
한국중부발전㈜보령발전본부,3,2018-04-15 04:00,NOx,0.0
한국중부발전㈜보령발전본부,3,2018-04-15 04:30,TSP,0.0
한국중부발전㈜보령발전본부,3,2018-04-15 04:30,SOx,0.0
한국중부발전㈜보령발전본부,3,2018-04-15 04:30,NOx,0.0
한국중부발전㈜보령발전본부,3,2018-04-15 05:00,TSP,0.0
한국중부발전㈜보령발전본부,3,2018-04-15 05:00,SOx,0.0
한국중부발전㈜보령발전본부,3,2018-04-15 05:00,NOx,0.0
한국중부발전㈜보령발전본부,3,2018-04-15 05:30,TSP,0.0
한국중부발전㈜보령발전본부,3,2018-04-15 05:30,SOx,0.0
한국중부발전㈜보령발전본부,3,2018-04-15 05:30,NOx,0.0
한국중부발전㈜보령발전본부,3,2018-04-15 06:00,TSP,0.0
한국중부발전㈜보령발전본부,3,2018-04-15 06:00,SOx,0.0
한국중부발전㈜보령발전본부,3,2018-04-15 06:00,NOx,0.0
한국중부발전㈜보령발전본부,3,2018-04-15 06:30,TSP,0.0
한국중부발전㈜보령발전본부,3,2018-04-15 06:30,SOx,0.0
한국중부발전㈜보령발전본부,3,2018-04-15 06:30,NOx,0.0
한국중부발전㈜보령발전본부,3,2018-04-15 07:00,TSP,0.0
한국중부발전㈜보령발전본부,3,2018-04-15 07:00,SOx,0.0
한국중부발전㈜보령발전본부,3,2018-04-15 07:00,NOx,0.0
한국중부발전㈜보령발전본부,3,2018-04-15 07:30,TSP,0.0
한국중부발전㈜보령발전본부,3,2018-04-15 07:30,SOx,0.0
한국중부발전㈜보령발전본부,3,2018-04-15 07:30,NOx,0.0
한국중부발전㈜보령발전본부,3,2018-04-15 08:00,TSP,0.0
한국중부발전㈜보령발전본부,3,2018-04-15 08:00,SOx,0.0
한국중부발전㈜보령발전본부,3,2018-04-15 08:00,NOx,0.0
한국중부발전㈜보령발전본부,3,2018-04-15 08:30,TSP,0.0
한국중부발전㈜보령발전본부,3,2018-04-15 08:30,SOx,0.0
한국중부발전㈜보령발전본부,3,2018-04-15 08:30,NOx,0.0
한국중부발전㈜보령발전본부,3,2018-04-15 09:00,TSP,0.0
한국중부발전㈜보령발전본부,3,2018-04-15 09:00,SOx,0.0
한국중부발전㈜보령발전본부,3,2018-04-15 09:00,NOx,0.0
한국중부발전㈜보령발전본부,3,2018-04-15 09:30,TSP,0.0
한국중부발전㈜보령발전본부,3,2018-04-15 09:30,SOx,0.0
한국중부발전㈜보령발전본부,3,2018-04-15 09:30,NOx,0.0
한국중부발전㈜보령발전본부,3,2018-04-15 10:00,TSP,0.0
한국중부발전㈜보령발전본부,3,2018-04-15 10:00,SOx,0.0
한국중부발전㈜보령발전본부,3,2018-04-15 10:00,NOx,0.0
한국중부발전㈜보령발전본부,3,2018-04-15 10:30,TSP,0.0
한국중부발전㈜보령발전본부,3,2018-04-15 10:30,SOx,0.0
한국중부발전㈜보령발전본부,3,2018-04-15 10:30,NOx,0.0
한국중부발전㈜보령발전본부,3,2018-04-15 11:00,TSP,0.0
한국중부발전㈜보령발전본부,3,2018-04-15 11:00,SOx,0.0
한국중부발전㈜보령발전본부,3,2018-04-15 11:00,NOx,0.0
한국중부발전㈜보령발전본부,3,2018-04-15 11:30,TSP,0.0
한국중부발전㈜보령발전본부,3,2018-04-15 11:30,SOx,0.0
한국중부발전㈜보령발전본부,3,2018-04-15 11:30,NOx,0.0
한국중부발전㈜보령발전본부,3,2018-04-15 12:00,TSP,0.0
한국중부발전㈜보령발전본부,3,2018-04-15 12:00,SOx,0.0
한국중부발전㈜보령발전본부,3,2018-04-15 12:00,NOx,0.0
한국중부발전㈜보령발전본부,3,2018-04-15 12:30,TSP,0.0
한국중부발전㈜보령발전본부,3,2018-04-15 12:30,SOx,0.0
한국중부발전㈜보령발전본부,3,2018-04-15 12:30,NOx,0.0
한국중부발전㈜보령발전본부,3,2018-04-15 13:00,TSP,0.0
한국중부발전㈜보령발전본부,3,2018-04-15 13:00,SOx,0.0
한국중부발전㈜보령발전본부,3,2018-04-15 13:00,NOx,0.0
한국중부발전㈜보령발전본부,3,2018-04-15 13:30,TSP,0.0
한국중부발전㈜보령발전본부,3,2018-04-15 13:30,SOx,0.0
한국중부발전㈜보령발전본부,3,2018-04-15 13:30,NOx,0.0
한국중부발전㈜보령발전본부,3,2018-04-15 14:00,TSP,0.0
한국중부발전㈜보령발전본부,3,2018-04-15 14:00,SOx,0.0
한국중부발전㈜보령발전본부,3,2018-04-15 14:00,NOx,0.0
한국중부발전㈜보령발전본부,3,2018-04-15 14:30,TSP,0.0
한국중부발전㈜보령발전본부,3,2018-04-15 14:30,SOx,0.0
한국중부발전㈜보령발전본부,3,2018-04-15 14:30,NOx,0.0
한국중부발전㈜보령발전본부,3,2018-04-15 15:00,TSP,0.0
한국중부발전㈜보령발전본부,3,2018-04-15 15:00,SOx,0.0
한국중부발전㈜보령발전본부,3,2018-04-15 15:00,NOx,0.0
한국중부발전㈜보령발전본부,3,2018-04-15 15:30,TSP,0.0
한국중부발전㈜보령발전본부,3,2018-04-15 15:30,SOx,0.0
한국중부발전㈜보령발전본부,3,2018-04-15 15:30,NOx,0.0
한국중부발전㈜보령발전본부,3,2018-04-15 16:00,TSP,0.0
한국중부발전㈜보령발전본부,3,2018-04-15 16:00,SOx,0.0
한국중부발전㈜보령발전본부,3,2018-04-15 16:00,NOx,0.0
한국중부발전㈜보령발전본부,3,2018-04-15 16:30,TSP,0.0
한국중부발전㈜보령발전본부,3,2018-04-15 16:30,SOx,0.0
한국중부발전㈜보령발전본부,3,2018-04-15 16:30,NOx,0.0
한국중부발전㈜보령발전본부,3,2018-04-15 17:00,TSP,0.0
한국중부발전㈜보령발전본부,3,2018-04-15 17:00,SOx,0.0
한국중부발전㈜보령발전본부,3,2018-04-15 17:00,NOx,0.0
한국중부발전㈜보령발전본부,3,2018-04-15 17:30,TSP,0.0
한국중부발전㈜보령발전본부,3,2018-04-15 17:30,SOx,0.0
한국중부발전㈜보령발전본부,3,2018-04-15 17:30,NOx,0.0
한국중부발전㈜보령발전본부,3,2018-04-15 18:00,TSP,0.0
한국중부발전㈜보령발전본부,3,2018-04-15 18:00,SOx,0.0
한국중부발전㈜보령발전본부,3,2018-04-15 18:00,NOx,0.0
한국중부발전㈜보령발전본부,3,2018-04-15 18:30,TSP,0.0
한국중부발전㈜보령발전본부,3,2018-04-15 18:30,SOx,0.0
한국중부발전㈜보령발전본부,3,2018-04-15 18:30,NOx,0.0
한국중부발전㈜보령발전본부,3,2018-04-15 19:00,TSP,0.0
한국중부발전㈜보령발전본부,3,2018-04-15 19:00,SOx,0.0
한국중부발전㈜보령발전본부,3,2018-04-15 19:00,NOx,0.0
한국중부발전㈜보령발전본부,3,2018-04-15 19:30,TSP,0.0
한국중부발전㈜보령발전본부,3,2018-04-15 19:30,SOx,0.0
한국중부발전㈜보령발전본부,3,2018-04-15 19:30,NOx,0.0
한국중부발전㈜보령발전본부,3,2018-04-15 20:00,TSP,0.0
한국중부발전㈜보령발전본부,3,2018-04-15 20:00,SOx,0.0
한국중부발전㈜보령발전본부,3,2018-04-15 20:00,NOx,0.0
한국중부발전㈜보령발전본부,3,2018-04-15 20:30,TSP,0.0
한국중부발전㈜보령발전본부,3,2018-04-15 20:30,SOx,0.0
한국중부발전㈜보령발전본부,3,2018-04-15 20:30,NOx,0.0
한국중부발전㈜보령발전본부,3,2018-04-15 21:00,TSP,0.0
한국중부발전㈜보령발전본부,3,2018-04-15 21:00,SOx,0.0
한국중부발전㈜보령발전본부,3,2018-04-15 21:00,NOx,0.0
한국중부발전㈜보령발전본부,3,2018-04-15 21:30,TSP,0.0
한국중부발전㈜보령발전본부,3,2018-04-15 21:30,SOx,0.0
한국중부발전㈜보령발전본부,3,2018-04-15 21:30,NOx,0.0
한국중부발전㈜보령발전본부,3,2018-04-15 22:00,TSP,0.0
한국중부발전㈜보령발전본부,3,2018-04-15 22:00,SOx,0.0
한국중부발전㈜보령발전본부,3,2018-04-15 22:00,NOx,0.0
한국중부발전㈜보령발전본부,3,2018-04-15 22:30,TSP,0.0
한국중부발전㈜보령발전본부,3,2018-04-15 22:30,SOx,0.0
한국중부발전㈜보령발전본부,3,2018-04-15 22:30,NOx,0.0
한국중부발전㈜보령발전본부,3,2018-04-15 23:00,TSP,0.0
한국중부발전㈜보령발전본부,3,2018-04-15 23:00,SOx,0.0
한국중부발전㈜보령발전본부,3,2018-04-15 23:00,NOx,0.0
한국중부발전㈜보령발전본부,3,2018-04-15 23:30,TSP,0.0
한국중부발전㈜보령발전본부,3,2018-04-15 23:30,SOx,0.0
한국중부발전㈜보령발전본부,3,2018-04-15 23:30,NOx,0.0
한국중부발전㈜보령발전본부,3,2018-04-16 00:00,TSP,0.0
한국중부발전㈜보령발전본부,3,2018-04-16 00:00,SOx,0.0
한국중부발전㈜보령발전본부,3,2018-04-16 00:00,NOx,0.0
한국중부발전㈜보령발전본부,3,2018-04-16 00:30,TSP,0.0
한국중부발전㈜보령발전본부,3,2018-04-16 00:30,SOx,0.0
한국중부발전㈜보령발전본부,3,2018-04-16 00:30,NOx,0.0
한국중부발전㈜보령발전본부,3,2018-04-16 01:00,TSP,0.0
한국중부발전㈜보령발전본부,3,2018-04-16 01:00,SOx,0.0
한국중부발전㈜보령발전본부,3,2018-04-16 01:00,NOx,0.0
한국중부발전㈜보령발전본부,3,2018-04-16 01:30,TSP,0.0
한국중부발전㈜보령발전본부,3,2018-04-16 01:30,SOx,0.0
한국중부발전㈜보령발전본부,3,2018-04-16 01:30,NOx,0.0
한국중부발전㈜보령발전본부,3,2018-04-16 02:00,TSP,0.0
한국중부발전㈜보령발전본부,3,2018-04-16 02:00,SOx,0.0
한국중부발전㈜보령발전본부,3,2018-04-16 02:00,NOx,0.0
한국중부발전㈜보령발전본부,3,2018-04-16 02:30,TSP,0.0
한국중부발전㈜보령발전본부,3,2018-04-16 02:30,SOx,0.0
한국중부발전㈜보령발전본부,3,2018-04-16 02:30,NOx,0.0
한국중부발전㈜보령발전본부,3,2018-04-16 03:00,TSP,0.0
한국중부발전㈜보령발전본부,3,2018-04-16 03:00,SOx,0.0
한국중부발전㈜보령발전본부,3,2018-04-16 03:00,NOx,0.0
한국중부발전㈜보령발전본부,3,2018-04-16 03:30,TSP,0.0
한국중부발전㈜보령발전본부,3,2018-04-16 03:30,SOx,0.0
한국중부발전㈜보령발전본부,3,2018-04-16 03:30,NOx,0.0
한국중부발전㈜보령발전본부,3,2018-04-16 04:00,TSP,0.0
한국중부발전㈜보령발전본부,3,2018-04-16 04:00,SOx,0.0
한국중부발전㈜보령발전본부,3,2018-04-16 04:00,NOx,0.0
한국중부발전㈜보령발전본부,3,2018-04-16 04:30,TSP,0.0
한국중부발전㈜보령발전본부,3,2018-04-16 04:30,SOx,0.0
한국중부발전㈜보령발전본부,3,2018-04-16 04:30,NOx,0.0
한국중부발전㈜보령발전본부,3,2018-04-16 05:00,TSP,0.0
한국중부발전㈜보령발전본부,3,2018-04-16 05:00,SOx,0.0
한국중부발전㈜보령발전본부,3,2018-04-16 05:00,NOx,0.0
한국중부발전㈜보령발전본부,3,2018-04-16 05:30,TSP,0.0
한국중부발전㈜보령발전본부,3,2018-04-16 05:30,SOx,0.0
한국중부발전㈜보령발전본부,3,2018-04-16 05:30,NOx,0.0
한국중부발전㈜보령발전본부,3,2018-04-16 06:00,TSP,0.0
한국중부발전㈜보령발전본부,3,2018-04-16 06:00,SOx,0.0
한국중부발전㈜보령발전본부,3,2018-04-16 06:00,NOx,0.0
한국중부발전㈜보령발전본부,3,2018-04-16 06:30,TSP,0.0
한국중부발전㈜보령발전본부,3,2018-04-16 06:30,SOx,0.0
한국중부발전㈜보령발전본부,3,2018-04-16 06:30,NOx,0.0
한국중부발전㈜보령발전본부,3,2018-04-16 07:00,TSP,0.0
한국중부발전㈜보령발전본부,3,2018-04-16 07:00,SOx,0.0
한국중부발전㈜보령발전본부,3,2018-04-16 07:00,NOx,0.0
한국중부발전㈜보령발전본부,3,2018-04-16 07:30,TSP,0.0
한국중부발전㈜보령발전본부,3,2018-04-16 07:30,SOx,0.0
한국중부발전㈜보령발전본부,3,2018-04-16 07:30,NOx,0.0
한국중부발전㈜보령발전본부,3,2018-04-16 08:00,TSP,0.0
한국중부발전㈜보령발전본부,3,2018-04-16 08:00,SOx,0.0
한국중부발전㈜보령발전본부,3,2018-04-16 08:00,NOx,0.0
한국중부발전㈜보령발전본부,3,2018-04-16 08:30,TSP,0.0
한국중부발전㈜보령발전본부,3,2018-04-16 08:30,SOx,0.0
한국중부발전㈜보령발전본부,3,2018-04-16 08:30,NOx,0.0
한국중부발전㈜보령발전본부,3,2018-04-16 09:00,TSP,0.0
한국중부발전㈜보령발전본부,3,2018-04-16 09:00,SOx,0.0
한국중부발전㈜보령발전본부,3,2018-04-16 09:00,NOx,0.0
한국중부발전㈜보령발전본부,3,2018-04-16 09:30,TSP,0.0
한국중부발전㈜보령발전본부,3,2018-04-16 09:30,SOx,0.0
한국중부발전㈜보령발전본부,3,2018-04-16 09:30,NOx,0.0
한국중부발전㈜보령발전본부,3,2018-04-16 10:00,TSP,0.0
한국중부발전㈜보령발전본부,3,2018-04-16 10:00,SOx,0.0
한국중부발전㈜보령발전본부,3,2018-04-16 10:00,NOx,0.0
한국중부발전㈜보령발전본부,3,2018-04-16 10:30,TSP,0.0
한국중부발전㈜보령발전본부,3,2018-04-16 10:30,SOx,0.0
한국중부발전㈜보령발전본부,3,2018-04-16 10:30,NOx,0.0
한국중부발전㈜보령발전본부,3,2018-04-16 11:00,TSP,0.0
한국중부발전㈜보령발전본부,3,2018-04-16 11:00,SOx,0.0
한국중부발전㈜보령발전본부,3,2018-04-16 11:00,NOx,0.0
한국중부발전㈜보령발전본부,3,2018-04-16 11:30,TSP,0.0
한국중부발전㈜보령발전본부,3,2018-04-16 11:30,SOx,0.0
한국중부발전㈜보령발전본부,3,2018-04-16 11:30,NOx,0.0
한국중부발전㈜보령발전본부,3,2018-04-16 12:00,TSP,0.0
한국중부발전㈜보령발전본부,3,2018-04-16 12:00,SOx,0.0
한국중부발전㈜보령발전본부,3,2018-04-16 12:00,NOx,0.0
한국중부발전㈜보령발전본부,3,2018-04-16 12:30,TSP,0.0
한국중부발전㈜보령발전본부,3,2018-04-16 12:30,SOx,0.0
한국중부발전㈜보령발전본부,3,2018-04-16 12:30,NOx,0.0
한국중부발전㈜보령발전본부,3,2018-04-16 13:00,TSP,0.0
한국중부발전㈜보령발전본부,3,2018-04-16 13:00,SOx,0.0
한국중부발전㈜보령발전본부,3,2018-04-16 13:00,NOx,0.0
한국중부발전㈜보령발전본부,3,2018-04-16 13:30,TSP,0.0
한국중부발전㈜보령발전본부,3,2018-04-16 13:30,SOx,0.0
한국중부발전㈜보령발전본부,3,2018-04-16 13:30,NOx,0.0
한국중부발전㈜보령발전본부,3,2018-04-16 14:00,TSP,0.0
한국중부발전㈜보령발전본부,3,2018-04-16 14:00,SOx,0.0
한국중부발전㈜보령발전본부,3,2018-04-16 14:00,NOx,0.0
한국중부발전㈜보령발전본부,3,2018-04-16 14:30,TSP,0.0
한국중부발전㈜보령발전본부,3,2018-04-16 14:30,SOx,0.0
한국중부발전㈜보령발전본부,3,2018-04-16 14:30,NOx,0.0
한국중부발전㈜보령발전본부,3,2018-04-16 15:00,TSP,0.0
한국중부발전㈜보령발전본부,3,2018-04-16 15:00,SOx,0.0
한국중부발전㈜보령발전본부,3,2018-04-16 15:00,NOx,0.0
한국중부발전㈜보령발전본부,3,2018-04-16 15:30,TSP,0.0
한국중부발전㈜보령발전본부,3,2018-04-16 15:30,SOx,0.0
한국중부발전㈜보령발전본부,3,2018-04-16 15:30,NOx,0.0
한국중부발전㈜보령발전본부,3,2018-04-16 16:00,TSP,0.0
한국중부발전㈜보령발전본부,3,2018-04-16 16:00,SOx,0.0
한국중부발전㈜보령발전본부,3,2018-04-16 16:00,NOx,0.0
한국중부발전㈜보령발전본부,3,2018-04-16 16:30,TSP,0.0
한국중부발전㈜보령발전본부,3,2018-04-16 16:30,SOx,0.0
한국중부발전㈜보령발전본부,3,2018-04-16 16:30,NOx,0.0
한국중부발전㈜보령발전본부,3,2018-04-16 17:00,TSP,0.0
한국중부발전㈜보령발전본부,3,2018-04-16 17:00,SOx,0.0
한국중부발전㈜보령발전본부,3,2018-04-16 17:00,NOx,0.0
한국중부발전㈜보령발전본부,3,2018-04-16 17:30,TSP,0.0
한국중부발전㈜보령발전본부,3,2018-04-16 17:30,SOx,0.0
한국중부발전㈜보령발전본부,3,2018-04-16 17:30,NOx,0.0
한국중부발전㈜보령발전본부,3,2018-04-16 18:00,TSP,0.0
한국중부발전㈜보령발전본부,3,2018-04-16 18:00,SOx,0.0
한국중부발전㈜보령발전본부,3,2018-04-16 18:00,NOx,0.0
한국중부발전㈜보령발전본부,3,2018-04-16 18:30,TSP,0.0
한국중부발전㈜보령발전본부,3,2018-04-16 18:30,SOx,0.0
한국중부발전㈜보령발전본부,3,2018-04-16 18:30,NOx,0.0
한국중부발전㈜보령발전본부,3,2018-04-16 19:00,TSP,0.0
한국중부발전㈜보령발전본부,3,2018-04-16 19:00,SOx,0.0
한국중부발전㈜보령발전본부,3,2018-04-16 19:00,NOx,0.0
한국중부발전㈜보령발전본부,3,2018-04-16 19:30,TSP,0.0
한국중부발전㈜보령발전본부,3,2018-04-16 19:30,SOx,0.0
한국중부발전㈜보령발전본부,3,2018-04-16 19:30,NOx,0.0
한국중부발전㈜보령발전본부,3,2018-04-16 20:00,TSP,0.0
한국중부발전㈜보령발전본부,3,2018-04-16 20:00,SOx,0.0
한국중부발전㈜보령발전본부,3,2018-04-16 20:00,NOx,0.0
한국중부발전㈜보령발전본부,3,2018-04-16 20:30,TSP,0.0
한국중부발전㈜보령발전본부,3,2018-04-16 20:30,SOx,0.0
한국중부발전㈜보령발전본부,3,2018-04-16 20:30,NOx,0.0
한국중부발전㈜보령발전본부,3,2018-04-16 21:00,TSP,0.0
한국중부발전㈜보령발전본부,3,2018-04-16 21:00,SOx,0.0
한국중부발전㈜보령발전본부,3,2018-04-16 21:00,NOx,0.0
한국중부발전㈜보령발전본부,3,2018-04-16 21:30,TSP,0.0
한국중부발전㈜보령발전본부,3,2018-04-16 21:30,SOx,0.0
한국중부발전㈜보령발전본부,3,2018-04-16 21:30,NOx,0.0
한국중부발전㈜보령발전본부,3,2018-04-16 22:00,TSP,0.0
한국중부발전㈜보령발전본부,3,2018-04-16 22:00,SOx,0.0
한국중부발전㈜보령발전본부,3,2018-04-16 22:00,NOx,0.0
한국중부발전㈜보령발전본부,3,2018-04-16 22:30,TSP,0.0
한국중부발전㈜보령발전본부,3,2018-04-16 22:30,SOx,0.0
한국중부발전㈜보령발전본부,3,2018-04-16 22:30,NOx,0.0
한국중부발전㈜보령발전본부,3,2018-04-16 23:00,TSP,0.0
한국중부발전㈜보령발전본부,3,2018-04-16 23:00,SOx,0.0
한국중부발전㈜보령발전본부,3,2018-04-16 23:00,NOx,0.0
한국중부발전㈜보령발전본부,3,2018-04-16 23:30,TSP,0.0
한국중부발전㈜보령발전본부,3,2018-04-16 23:30,SOx,0.0
한국중부발전㈜보령발전본부,3,2018-04-16 23:30,NOx,0.0
한국중부발전㈜보령발전본부,3,2018-04-17 00:00,TSP,0.0
한국중부발전㈜보령발전본부,3,2018-04-17 00:00,SOx,0.0
한국중부발전㈜보령발전본부,3,2018-04-17 00:00,NOx,0.0
한국중부발전㈜보령발전본부,3,2018-04-17 00:30,TSP,0.0
한국중부발전㈜보령발전본부,3,2018-04-17 00:30,SOx,0.0
한국중부발전㈜보령발전본부,3,2018-04-17 00:30,NOx,0.0
한국중부발전㈜보령발전본부,3,2018-04-17 01:00,TSP,0.0
한국중부발전㈜보령발전본부,3,2018-04-17 01:00,SOx,0.0
한국중부발전㈜보령발전본부,3,2018-04-17 01:00,NOx,0.0
한국중부발전㈜보령발전본부,3,2018-04-17 01:30,TSP,0.0
한국중부발전㈜보령발전본부,3,2018-04-17 01:30,SOx,0.0
한국중부발전㈜보령발전본부,3,2018-04-17 01:30,NOx,0.0
한국중부발전㈜보령발전본부,3,2018-04-17 02:00,TSP,0.0
한국중부발전㈜보령발전본부,3,2018-04-17 02:00,SOx,0.0
한국중부발전㈜보령발전본부,3,2018-04-17 02:00,NOx,0.0
한국중부발전㈜보령발전본부,3,2018-04-17 02:30,TSP,0.0
한국중부발전㈜보령발전본부,3,2018-04-17 02:30,SOx,0.0
한국중부발전㈜보령발전본부,3,2018-04-17 02:30,NOx,0.0
한국중부발전㈜보령발전본부,3,2018-04-17 03:00,TSP,0.0
한국중부발전㈜보령발전본부,3,2018-04-17 03:00,SOx,0.0
한국중부발전㈜보령발전본부,3,2018-04-17 03:00,NOx,0.0
한국중부발전㈜보령발전본부,3,2018-04-17 03:30,TSP,0.0
한국중부발전㈜보령발전본부,3,2018-04-17 03:30,SOx,0.0
한국중부발전㈜보령발전본부,3,2018-04-17 03:30,NOx,0.0
한국중부발전㈜보령발전본부,3,2018-04-17 04:00,TSP,0.0
한국중부발전㈜보령발전본부,3,2018-04-17 04:00,SOx,0.0
한국중부발전㈜보령발전본부,3,2018-04-17 04:00,NOx,0.0
한국중부발전㈜보령발전본부,3,2018-04-17 04:30,TSP,0.0
한국중부발전㈜보령발전본부,3,2018-04-17 04:30,SOx,0.0
한국중부발전㈜보령발전본부,3,2018-04-17 04:30,NOx,0.0
한국중부발전㈜보령발전본부,3,2018-04-17 05:00,TSP,0.0
한국중부발전㈜보령발전본부,3,2018-04-17 05:00,SOx,0.0
한국중부발전㈜보령발전본부,3,2018-04-17 05:00,NOx,0.0
한국중부발전㈜보령발전본부,3,2018-04-17 05:30,TSP,0.0
한국중부발전㈜보령발전본부,3,2018-04-17 05:30,SOx,0.0
한국중부발전㈜보령발전본부,3,2018-04-17 05:30,NOx,0.0
한국중부발전㈜보령발전본부,3,2018-04-17 06:00,TSP,0.0
한국중부발전㈜보령발전본부,3,2018-04-17 06:00,SOx,0.0
한국중부발전㈜보령발전본부,3,2018-04-17 06:00,NOx,0.0
한국중부발전㈜보령발전본부,3,2018-04-17 06:30,TSP,0.0
한국중부발전㈜보령발전본부,3,2018-04-17 06:30,SOx,0.0
한국중부발전㈜보령발전본부,3,2018-04-17 06:30,NOx,0.0
한국중부발전㈜보령발전본부,3,2018-04-17 07:00,TSP,0.0
한국중부발전㈜보령발전본부,3,2018-04-17 07:00,SOx,0.0
한국중부발전㈜보령발전본부,3,2018-04-17 07:00,NOx,0.0
한국중부발전㈜보령발전본부,3,2018-04-17 07:30,TSP,0.0
한국중부발전㈜보령발전본부,3,2018-04-17 07:30,SOx,0.0
한국중부발전㈜보령발전본부,3,2018-04-17 07:30,NOx,0.0
한국중부발전㈜보령발전본부,3,2018-04-17 08:00,TSP,0.0
한국중부발전㈜보령발전본부,3,2018-04-17 08:00,SOx,0.0
한국중부발전㈜보령발전본부,3,2018-04-17 08:00,NOx,0.0
한국중부발전㈜보령발전본부,3,2018-04-17 08:30,TSP,0.0
한국중부발전㈜보령발전본부,3,2018-04-17 08:30,SOx,0.0
한국중부발전㈜보령발전본부,3,2018-04-17 08:30,NOx,0.0
한국중부발전㈜보령발전본부,3,2018-04-17 09:00,TSP,0.0
한국중부발전㈜보령발전본부,3,2018-04-17 09:00,SOx,0.0
한국중부발전㈜보령발전본부,3,2018-04-17 09:00,NOx,0.0
한국중부발전㈜보령발전본부,3,2018-04-17 09:30,TSP,0.0
한국중부발전㈜보령발전본부,3,2018-04-17 09:30,SOx,0.0
한국중부발전㈜보령발전본부,3,2018-04-17 09:30,NOx,0.0
한국중부발전㈜보령발전본부,3,2018-04-17 10:00,TSP,0.0
한국중부발전㈜보령발전본부,3,2018-04-17 10:00,SOx,0.0
한국중부발전㈜보령발전본부,3,2018-04-17 10:00,NOx,0.0
한국중부발전㈜보령발전본부,3,2018-04-17 10:30,TSP,0.0
한국중부발전㈜보령발전본부,3,2018-04-17 10:30,SOx,0.0
한국중부발전㈜보령발전본부,3,2018-04-17 10:30,NOx,0.0
한국중부발전㈜보령발전본부,3,2018-04-17 11:00,TSP,0.0
한국중부발전㈜보령발전본부,3,2018-04-17 11:00,SOx,0.0
한국중부발전㈜보령발전본부,3,2018-04-17 11:00,NOx,0.0
한국중부발전㈜보령발전본부,3,2018-04-17 11:30,TSP,0.0
한국중부발전㈜보령발전본부,3,2018-04-17 11:30,SOx,0.0
한국중부발전㈜보령발전본부,3,2018-04-17 11:30,NOx,0.0
한국중부발전㈜보령발전본부,3,2018-04-17 12:00,TSP,0.0
한국중부발전㈜보령발전본부,3,2018-04-17 12:00,SOx,0.0
한국중부발전㈜보령발전본부,3,2018-04-17 12:00,NOx,0.0
한국중부발전㈜보령발전본부,3,2018-04-17 12:30,TSP,0.0
한국중부발전㈜보령발전본부,3,2018-04-17 12:30,SOx,0.0
한국중부발전㈜보령발전본부,3,2018-04-17 12:30,NOx,0.0
한국중부발전㈜보령발전본부,3,2018-04-17 13:00,TSP,0.0
한국중부발전㈜보령발전본부,3,2018-04-17 13:00,SOx,0.0
한국중부발전㈜보령발전본부,3,2018-04-17 13:00,NOx,0.0
한국중부발전㈜보령발전본부,3,2018-04-17 13:30,TSP,0.0
한국중부발전㈜보령발전본부,3,2018-04-17 13:30,SOx,0.0
한국중부발전㈜보령발전본부,3,2018-04-17 13:30,NOx,0.0
한국중부발전㈜보령발전본부,3,2018-04-17 14:00,TSP,0.0
한국중부발전㈜보령발전본부,3,2018-04-17 14:00,SOx,0.0
한국중부발전㈜보령발전본부,3,2018-04-17 14:00,NOx,0.0
한국중부발전㈜보령발전본부,3,2018-04-17 14:30,TSP,0.0
한국중부발전㈜보령발전본부,3,2018-04-17 14:30,SOx,0.0
한국중부발전㈜보령발전본부,3,2018-04-17 14:30,NOx,0.0
한국중부발전㈜보령발전본부,3,2018-04-17 15:00,TSP,0.0
한국중부발전㈜보령발전본부,3,2018-04-17 15:00,SOx,0.0
한국중부발전㈜보령발전본부,3,2018-04-17 15:00,NOx,0.0
한국중부발전㈜보령발전본부,3,2018-04-17 15:30,TSP,0.0
한국중부발전㈜보령발전본부,3,2018-04-17 15:30,SOx,0.0
한국중부발전㈜보령발전본부,3,2018-04-17 15:30,NOx,0.0
한국중부발전㈜보령발전본부,3,2018-04-17 16:00,TSP,0.0
한국중부발전㈜보령발전본부,3,2018-04-17 16:00,SOx,0.0
한국중부발전㈜보령발전본부,3,2018-04-17 16:00,NOx,0.0
한국중부발전㈜보령발전본부,3,2018-04-17 16:30,TSP,0.0
한국중부발전㈜보령발전본부,3,2018-04-17 16:30,SOx,0.0
한국중부발전㈜보령발전본부,3,2018-04-17 16:30,NOx,0.0
한국중부발전㈜보령발전본부,3,2018-04-17 17:00,TSP,0.0
한국중부발전㈜보령발전본부,3,2018-04-17 17:00,SOx,0.0
한국중부발전㈜보령발전본부,3,2018-04-17 17:00,NOx,0.0
한국중부발전㈜보령발전본부,3,2018-04-17 17:30,TSP,0.0
한국중부발전㈜보령발전본부,3,2018-04-17 17:30,SOx,0.0
한국중부발전㈜보령발전본부,3,2018-04-17 17:30,NOx,0.0
한국중부발전㈜보령발전본부,3,2018-04-17 18:00,TSP,0.0
한국중부발전㈜보령발전본부,3,2018-04-17 18:00,SOx,0.0
한국중부발전㈜보령발전본부,3,2018-04-17 18:00,NOx,0.0
한국중부발전㈜보령발전본부,3,2018-04-17 18:30,TSP,0.0
한국중부발전㈜보령발전본부,3,2018-04-17 18:30,SOx,0.0
한국중부발전㈜보령발전본부,3,2018-04-17 18:30,NOx,0.0
한국중부발전㈜보령발전본부,3,2018-04-17 19:00,TSP,0.0
한국중부발전㈜보령발전본부,3,2018-04-17 19:00,SOx,0.0
한국중부발전㈜보령발전본부,3,2018-04-17 19:00,NOx,0.0
한국중부발전㈜보령발전본부,3,2018-04-17 19:30,TSP,0.0
한국중부발전㈜보령발전본부,3,2018-04-17 19:30,SOx,0.0
한국중부발전㈜보령발전본부,3,2018-04-17 19:30,NOx,0.0
한국중부발전㈜보령발전본부,3,2018-04-17 20:00,TSP,0.0
한국중부발전㈜보령발전본부,3,2018-04-17 20:00,SOx,0.0
한국중부발전㈜보령발전본부,3,2018-04-17 20:00,NOx,0.0
한국중부발전㈜보령발전본부,3,2018-04-17 20:30,TSP,0.0
한국중부발전㈜보령발전본부,3,2018-04-17 20:30,SOx,0.0
한국중부발전㈜보령발전본부,3,2018-04-17 20:30,NOx,0.0
한국중부발전㈜보령발전본부,3,2018-04-17 21:00,TSP,0.0
한국중부발전㈜보령발전본부,3,2018-04-17 21:00,SOx,0.0
한국중부발전㈜보령발전본부,3,2018-04-17 21:00,NOx,0.0
한국중부발전㈜보령발전본부,3,2018-04-17 21:30,TSP,0.0
한국중부발전㈜보령발전본부,3,2018-04-17 21:30,SOx,0.0
한국중부발전㈜보령발전본부,3,2018-04-17 21:30,NOx,0.0
한국중부발전㈜보령발전본부,3,2018-04-17 22:00,TSP,0.0
한국중부발전㈜보령발전본부,3,2018-04-17 22:00,SOx,0.0
한국중부발전㈜보령발전본부,3,2018-04-17 22:00,NOx,0.0
한국중부발전㈜보령발전본부,3,2018-04-17 22:30,TSP,0.0
한국중부발전㈜보령발전본부,3,2018-04-17 22:30,SOx,0.0
한국중부발전㈜보령발전본부,3,2018-04-17 22:30,NOx,0.0
한국중부발전㈜보령발전본부,3,2018-04-17 23:00,TSP,0.0
한국중부발전㈜보령발전본부,3,2018-04-17 23:00,SOx,0.0
한국중부발전㈜보령발전본부,3,2018-04-17 23:00,NOx,0.0
한국중부발전㈜보령발전본부,3,2018-04-17 23:30,TSP,0.0
한국중부발전㈜보령발전본부,3,2018-04-17 23:30,SOx,0.0
한국중부발전㈜보령발전본부,3,2018-04-17 23:30,NOx,0.0
한국중부발전㈜보령발전본부,3,2018-04-18 00:00,TSP,0.0
한국중부발전㈜보령발전본부,3,2018-04-18 00:00,SOx,0.0
한국중부발전㈜보령발전본부,3,2018-04-18 00:00,NOx,0.0
한국중부발전㈜보령발전본부,3,2018-04-18 00:30,TSP,0.0
한국중부발전㈜보령발전본부,3,2018-04-18 00:30,SOx,0.0
한국중부발전㈜보령발전본부,3,2018-04-18 00:30,NOx,0.0
한국중부발전㈜보령발전본부,3,2018-04-18 01:00,TSP,0.0
한국중부발전㈜보령발전본부,3,2018-04-18 01:00,SOx,0.0
한국중부발전㈜보령발전본부,3,2018-04-18 01:00,NOx,0.0
한국중부발전㈜보령발전본부,3,2018-04-18 01:30,TSP,0.0
한국중부발전㈜보령발전본부,3,2018-04-18 01:30,SOx,0.0
한국중부발전㈜보령발전본부,3,2018-04-18 01:30,NOx,0.0
한국중부발전㈜보령발전본부,3,2018-04-18 02:00,TSP,0.0
한국중부발전㈜보령발전본부,3,2018-04-18 02:00,SOx,0.0
한국중부발전㈜보령발전본부,3,2018-04-18 02:00,NOx,0.0
한국중부발전㈜보령발전본부,3,2018-04-18 02:30,TSP,0.0
한국중부발전㈜보령발전본부,3,2018-04-18 02:30,SOx,0.0
한국중부발전㈜보령발전본부,3,2018-04-18 02:30,NOx,0.0
한국중부발전㈜보령발전본부,3,2018-04-18 03:00,TSP,0.0
한국중부발전㈜보령발전본부,3,2018-04-18 03:00,SOx,0.0
한국중부발전㈜보령발전본부,3,2018-04-18 03:00,NOx,0.0
한국중부발전㈜보령발전본부,3,2018-04-18 03:30,TSP,0.0
한국중부발전㈜보령발전본부,3,2018-04-18 03:30,SOx,0.0
한국중부발전㈜보령발전본부,3,2018-04-18 03:30,NOx,0.0
한국중부발전㈜보령발전본부,3,2018-04-18 04:00,TSP,0.0
한국중부발전㈜보령발전본부,3,2018-04-18 04:00,SOx,0.0
한국중부발전㈜보령발전본부,3,2018-04-18 04:00,NOx,0.0
한국중부발전㈜보령발전본부,3,2018-04-18 04:30,TSP,0.0
한국중부발전㈜보령발전본부,3,2018-04-18 04:30,SOx,0.0
한국중부발전㈜보령발전본부,3,2018-04-18 04:30,NOx,0.0
한국중부발전㈜보령발전본부,3,2018-04-18 05:00,TSP,0.0
한국중부발전㈜보령발전본부,3,2018-04-18 05:00,SOx,0.0
한국중부발전㈜보령발전본부,3,2018-04-18 05:00,NOx,0.0
한국중부발전㈜보령발전본부,3,2018-04-18 05:30,TSP,0.0
한국중부발전㈜보령발전본부,3,2018-04-18 05:30,SOx,0.0
한국중부발전㈜보령발전본부,3,2018-04-18 05:30,NOx,0.0
한국중부발전㈜보령발전본부,3,2018-04-18 06:00,TSP,0.0
한국중부발전㈜보령발전본부,3,2018-04-18 06:00,SOx,0.0
한국중부발전㈜보령발전본부,3,2018-04-18 06:00,NOx,0.0
한국중부발전㈜보령발전본부,3,2018-04-18 06:30,TSP,0.0
한국중부발전㈜보령발전본부,3,2018-04-18 06:30,SOx,0.0
한국중부발전㈜보령발전본부,3,2018-04-18 06:30,NOx,0.0
한국중부발전㈜보령발전본부,3,2018-04-18 07:00,TSP,0.0
한국중부발전㈜보령발전본부,3,2018-04-18 07:00,SOx,0.0
한국중부발전㈜보령발전본부,3,2018-04-18 07:00,NOx,0.0
한국중부발전㈜보령발전본부,3,2018-04-18 07:30,TSP,0.0
한국중부발전㈜보령발전본부,3,2018-04-18 07:30,SOx,0.0
한국중부발전㈜보령발전본부,3,2018-04-18 07:30,NOx,0.0
한국중부발전㈜보령발전본부,3,2018-04-18 08:00,TSP,0.0
한국중부발전㈜보령발전본부,3,2018-04-18 08:00,SOx,0.0
한국중부발전㈜보령발전본부,3,2018-04-18 08:00,NOx,0.0
한국중부발전㈜보령발전본부,3,2018-04-18 08:30,TSP,0.0
한국중부발전㈜보령발전본부,3,2018-04-18 08:30,SOx,0.0
한국중부발전㈜보령발전본부,3,2018-04-18 08:30,NOx,0.0
한국중부발전㈜보령발전본부,3,2018-04-18 09:00,TSP,0.0
한국중부발전㈜보령발전본부,3,2018-04-18 09:00,SOx,0.0
한국중부발전㈜보령발전본부,3,2018-04-18 09:00,NOx,0.0
한국중부발전㈜보령발전본부,3,2018-04-18 09:30,TSP,7.19
한국중부발전㈜보령발전본부,3,2018-04-18 09:30,SOx,67.38
한국중부발전㈜보령발전본부,3,2018-04-18 09:30,NOx,174.69
한국중부발전㈜보령발전본부,3,2018-04-18 10:00,TSP,24.03
한국중부발전㈜보령발전본부,3,2018-04-18 10:00,SOx,7.91
한국중부발전㈜보령발전본부,3,2018-04-18 10:00,NOx,70.68
한국중부발전㈜보령발전본부,3,2018-04-18 10:30,TSP,25.8
한국중부발전㈜보령발전본부,3,2018-04-18 10:30,SOx,10.38
한국중부발전㈜보령발전본부,3,2018-04-18 10:30,NOx,80.45
한국중부발전㈜보령발전본부,3,2018-04-18 11:00,TSP,22.58
한국중부발전㈜보령발전본부,3,2018-04-18 11:00,SOx,42.86
한국중부발전㈜보령발전본부,3,2018-04-18 11:00,NOx,230.56
한국중부발전㈜보령발전본부,3,2018-04-18 11:30,TSP,18.09
한국중부발전㈜보령발전본부,3,2018-04-18 11:30,SOx,33.38
한국중부발전㈜보령발전본부,3,2018-04-18 11:30,NOx,209.39
한국중부발전㈜보령발전본부,3,2018-04-18 12:00,TSP,15.74
한국중부발전㈜보령발전본부,3,2018-04-18 12:00,SOx,36.95
한국중부발전㈜보령발전본부,3,2018-04-18 12:00,NOx,210.16
한국중부발전㈜보령발전본부,3,2018-04-18 12:30,TSP,13.99
한국중부발전㈜보령발전본부,3,2018-04-18 12:30,SOx,35.08
한국중부발전㈜보령발전본부,3,2018-04-18 12:30,NOx,216.0
한국중부발전㈜보령발전본부,3,2018-04-18 13:00,TSP,13.98
한국중부발전㈜보령발전본부,3,2018-04-18 13:00,SOx,32.38
한국중부발전㈜보령발전본부,3,2018-04-18 13:00,NOx,213.4
한국중부발전㈜보령발전본부,3,2018-04-18 13:30,TSP,11.63
한국중부발전㈜보령발전본부,3,2018-04-18 13:30,SOx,35.28
한국중부발전㈜보령발전본부,3,2018-04-18 13:30,NOx,187.61
한국중부발전㈜보령발전본부,3,2018-04-18 14:00,TSP,10.85
한국중부발전㈜보령발전본부,3,2018-04-18 14:00,SOx,30.68
한국중부발전㈜보령발전본부,3,2018-04-18 14:00,NOx,164.42
한국중부발전㈜보령발전본부,3,2018-04-18 14:30,TSP,10.5
한국중부발전㈜보령발전본부,3,2018-04-18 14:30,SOx,27.64
한국중부발전㈜보령발전본부,3,2018-04-18 14:30,NOx,206.89
한국중부발전㈜보령발전본부,3,2018-04-18 15:00,TSP,10.99
한국중부발전㈜보령발전본부,3,2018-04-18 15:00,SOx,27.64
한국중부발전㈜보령발전본부,3,2018-04-18 15:00,NOx,206.89
한국중부발전㈜보령발전본부,3,2018-04-18 15:30,TSP,10.09
한국중부발전㈜보령발전본부,3,2018-04-18 15:30,SOx,37.69
한국중부발전㈜보령발전본부,3,2018-04-18 15:30,NOx,185.54
한국중부발전㈜보령발전본부,3,2018-04-18 16:00,TSP,8.19
한국중부발전㈜보령발전본부,3,2018-04-18 16:00,SOx,39.77
한국중부발전㈜보령발전본부,3,2018-04-18 16:00,NOx,165.13
한국중부발전㈜보령발전본부,3,2018-04-18 16:30,TSP,8.38
한국중부발전㈜보령발전본부,3,2018-04-18 16:30,SOx,29.61
한국중부발전㈜보령발전본부,3,2018-04-18 16:30,NOx,93.87
한국중부발전㈜보령발전본부,3,2018-04-18 17:00,TSP,8.55
한국중부발전㈜보령발전본부,3,2018-04-18 17:00,SOx,20.11
한국중부발전㈜보령발전본부,3,2018-04-18 17:00,NOx,34.66
한국중부발전㈜보령발전본부,3,2018-04-18 17:30,TSP,8.55
한국중부발전㈜보령발전본부,3,2018-04-18 17:30,SOx,25.45
한국중부발전㈜보령발전본부,3,2018-04-18 17:30,NOx,67.05
한국중부발전㈜보령발전본부,3,2018-04-18 18:00,TSP,5.82
한국중부발전㈜보령발전본부,3,2018-04-18 18:00,SOx,25.2
한국중부발전㈜보령발전본부,3,2018-04-18 18:00,NOx,27.65
한국중부발전㈜보령발전본부,3,2018-04-18 18:30,TSP,6.62
한국중부발전㈜보령발전본부,3,2018-04-18 18:30,SOx,23.47
한국중부발전㈜보령발전본부,3,2018-04-18 18:30,NOx,73.4
한국중부발전㈜보령발전본부,3,2018-04-18 19:00,TSP,5.68
한국중부발전㈜보령발전본부,3,2018-04-18 19:00,SOx,22.98
한국중부발전㈜보령발전본부,3,2018-04-18 19:00,NOx,19.9
한국중부발전㈜보령발전본부,3,2018-04-18 19:30,TSP,5.52
한국중부발전㈜보령발전본부,3,2018-04-18 19:30,SOx,23.55
한국중부발전㈜보령발전본부,3,2018-04-18 19:30,NOx,36.04
한국중부발전㈜보령발전본부,3,2018-04-18 20:00,TSP,5.2
한국중부발전㈜보령발전본부,3,2018-04-18 20:00,SOx,23.31
한국중부발전㈜보령발전본부,3,2018-04-18 20:00,NOx,29.75
한국중부발전㈜보령발전본부,3,2018-04-18 20:30,TSP,5.71
한국중부발전㈜보령발전본부,3,2018-04-18 20:30,SOx,23.54
한국중부발전㈜보령발전본부,3,2018-04-18 20:30,NOx,28.17
한국중부발전㈜보령발전본부,3,2018-04-18 21:00,TSP,4.75
한국중부발전㈜보령발전본부,3,2018-04-18 21:00,SOx,23.11
한국중부발전㈜보령발전본부,3,2018-04-18 21:00,NOx,24.18
한국중부발전㈜보령발전본부,3,2018-04-18 21:30,TSP,4.41
한국중부발전㈜보령발전본부,3,2018-04-18 21:30,SOx,22.99
한국중부발전㈜보령발전본부,3,2018-04-18 21:30,NOx,26.02
한국중부발전㈜보령발전본부,3,2018-04-18 22:00,TSP,4.3
한국중부발전㈜보령발전본부,3,2018-04-18 22:00,SOx,22.59
한국중부발전㈜보령발전본부,3,2018-04-18 22:00,NOx,26.65
한국중부발전㈜보령발전본부,3,2018-04-18 22:30,TSP,4.22
한국중부발전㈜보령발전본부,3,2018-04-18 22:30,SOx,22.36
한국중부발전㈜보령발전본부,3,2018-04-18 22:30,NOx,24.63
한국중부발전㈜보령발전본부,3,2018-04-18 23:00,TSP,4.23
한국중부발전㈜보령발전본부,3,2018-04-18 23:00,SOx,22.67
한국중부발전㈜보령발전본부,3,2018-04-18 23:00,NOx,24.73
한국중부발전㈜보령발전본부,3,2018-04-18 23:30,TSP,4.39
한국중부발전㈜보령발전본부,3,2018-04-18 23:30,SOx,23.75
한국중부발전㈜보령발전본부,3,2018-04-18 23:30,NOx,25.24
한국중부발전㈜보령발전본부,3,2018-04-19 00:00,TSP,4.38
한국중부발전㈜보령발전본부,3,2018-04-19 00:00,SOx,24.49
한국중부발전㈜보령발전본부,3,2018-04-19 00:00,NOx,30.29
한국중부발전㈜보령발전본부,3,2018-04-19 00:30,TSP,3.86
한국중부발전㈜보령발전본부,3,2018-04-19 00:30,SOx,25.5
한국중부발전㈜보령발전본부,3,2018-04-19 00:30,NOx,22.75
한국중부발전㈜보령발전본부,3,2018-04-19 01:00,TSP,4.0
한국중부발전㈜보령발전본부,3,2018-04-19 01:00,SOx,26.57
한국중부발전㈜보령발전본부,3,2018-04-19 01:00,NOx,20.78
한국중부발전㈜보령발전본부,3,2018-04-19 01:30,TSP,4.0
한국중부발전㈜보령발전본부,3,2018-04-19 01:30,SOx,28.32
한국중부발전㈜보령발전본부,3,2018-04-19 01:30,NOx,22.38
한국중부발전㈜보령발전본부,3,2018-04-19 02:00,TSP,4.1
한국중부발전㈜보령발전본부,3,2018-04-19 02:00,SOx,28.59
한국중부발전㈜보령발전본부,3,2018-04-19 02:00,NOx,23.73
한국중부발전㈜보령발전본부,3,2018-04-19 02:30,TSP,4.1
한국중부발전㈜보령발전본부,3,2018-04-19 02:30,SOx,29.58
한국중부발전㈜보령발전본부,3,2018-04-19 02:30,NOx,24.99
한국중부발전㈜보령발전본부,3,2018-04-19 03:00,TSP,4.29
한국중부발전㈜보령발전본부,3,2018-04-19 03:00,SOx,30.95
한국중부발전㈜보령발전본부,3,2018-04-19 03:00,NOx,21.01
한국중부발전㈜보령발전본부,3,2018-04-19 03:30,TSP,4.46
한국중부발전㈜보령발전본부,3,2018-04-19 03:30,SOx,31.18
한국중부발전㈜보령발전본부,3,2018-04-19 03:30,NOx,22.54
한국중부발전㈜보령발전본부,3,2018-04-19 04:00,TSP,4.14
한국중부발전㈜보령발전본부,3,2018-04-19 04:00,SOx,31.99
한국중부발전㈜보령발전본부,3,2018-04-19 04:00,NOx,23.77
한국중부발전㈜보령발전본부,3,2018-04-19 04:30,TSP,4.2
한국중부발전㈜보령발전본부,3,2018-04-19 04:30,SOx,31.84
한국중부발전㈜보령발전본부,3,2018-04-19 04:30,NOx,23.12
한국중부발전㈜보령발전본부,3,2018-04-19 05:00,TSP,4.04
한국중부발전㈜보령발전본부,3,2018-04-19 05:00,SOx,31.02
한국중부발전㈜보령발전본부,3,2018-04-19 05:00,NOx,29.11
한국중부발전㈜보령발전본부,3,2018-04-19 05:30,TSP,3.85
한국중부발전㈜보령발전본부,3,2018-04-19 05:30,SOx,30.27
한국중부발전㈜보령발전본부,3,2018-04-19 05:30,NOx,25.25
한국중부발전㈜보령발전본부,3,2018-04-19 06:00,TSP,3.92
한국중부발전㈜보령발전본부,3,2018-04-19 06:00,SOx,29.13
한국중부발전㈜보령발전본부,3,2018-04-19 06:00,NOx,20.94
한국중부발전㈜보령발전본부,3,2018-04-19 06:30,TSP,3.89
한국중부발전㈜보령발전본부,3,2018-04-19 06:30,SOx,28.03
한국중부발전㈜보령발전본부,3,2018-04-19 06:30,NOx,24.91
한국중부발전㈜보령발전본부,3,2018-04-19 07:00,TSP,4.18
한국중부발전㈜보령발전본부,3,2018-04-19 07:00,SOx,27.03
한국중부발전㈜보령발전본부,3,2018-04-19 07:00,NOx,22.75
한국중부발전㈜보령발전본부,3,2018-04-19 07:30,TSP,4.27
한국중부발전㈜보령발전본부,3,2018-04-19 07:30,SOx,26.58
한국중부발전㈜보령발전본부,3,2018-04-19 07:30,NOx,21.87
한국중부발전㈜보령발전본부,3,2018-04-19 08:00,TSP,4.51
한국중부발전㈜보령발전본부,3,2018-04-19 08:00,SOx,26.95
한국중부발전㈜보령발전본부,3,2018-04-19 08:00,NOx,23.15
한국중부발전㈜보령발전본부,3,2018-04-19 08:30,TSP,4.87
한국중부발전㈜보령발전본부,3,2018-04-19 08:30,SOx,27.76
한국중부발전㈜보령발전본부,3,2018-04-19 08:30,NOx,23.71
한국중부발전㈜보령발전본부,3,2018-04-19 09:00,TSP,4.74
한국중부발전㈜보령발전본부,3,2018-04-19 09:00,SOx,29.7
한국중부발전㈜보령발전본부,3,2018-04-19 09:00,NOx,24.61
한국중부발전㈜보령발전본부,3,2018-04-19 09:30,TSP,4.74
한국중부발전㈜보령발전본부,3,2018-04-19 09:30,SOx,32.81
한국중부발전㈜보령발전본부,3,2018-04-19 09:30,NOx,28.59
한국중부발전㈜보령발전본부,3,2018-04-19 10:00,TSP,4.74
한국중부발전㈜보령발전본부,3,2018-04-19 10:00,SOx,32.81
한국중부발전㈜보령발전본부,3,2018-04-19 10:00,NOx,28.59
한국중부발전㈜보령발전본부,3,2018-04-19 10:30,TSP,4.74
한국중부발전㈜보령발전본부,3,2018-04-19 10:30,SOx,32.81
한국중부발전㈜보령발전본부,3,2018-04-19 10:30,NOx,28.59
한국중부발전㈜보령발전본부,3,2018-04-19 11:00,TSP,4.74
한국중부발전㈜보령발전본부,3,2018-04-19 11:00,SOx,32.81
한국중부발전㈜보령발전본부,3,2018-04-19 11:00,NOx,28.59
한국중부발전㈜보령발전본부,3,2018-04-19 11:30,TSP,4.74
한국중부발전㈜보령발전본부,3,2018-04-19 11:30,SOx,32.81
한국중부발전㈜보령발전본부,3,2018-04-19 11:30,NOx,28.59
한국중부발전㈜보령발전본부,3,2018-04-19 12:00,TSP,4.74
한국중부발전㈜보령발전본부,3,2018-04-19 12:00,SOx,32.81
한국중부발전㈜보령발전본부,3,2018-04-19 12:00,NOx,28.59
한국중부발전㈜보령발전본부,3,2018-04-19 12:30,TSP,4.74
한국중부발전㈜보령발전본부,3,2018-04-19 12:30,SOx,32.81
한국중부발전㈜보령발전본부,3,2018-04-19 12:30,NOx,28.59
한국중부발전㈜보령발전본부,3,2018-04-19 13:00,TSP,4.74
한국중부발전㈜보령발전본부,3,2018-04-19 13:00,SOx,32.81
한국중부발전㈜보령발전본부,3,2018-04-19 13:00,NOx,28.59
한국중부발전㈜보령발전본부,3,2018-04-19 13:30,TSP,4.74
한국중부발전㈜보령발전본부,3,2018-04-19 13:30,SOx,32.81
한국중부발전㈜보령발전본부,3,2018-04-19 13:30,NOx,28.59
한국중부발전㈜보령발전본부,3,2018-04-19 14:00,TSP,4.74
한국중부발전㈜보령발전본부,3,2018-04-19 14:00,SOx,32.81
한국중부발전㈜보령발전본부,3,2018-04-19 14:00,NOx,28.59
한국중부발전㈜보령발전본부,3,2018-04-19 14:30,TSP,4.74
한국중부발전㈜보령발전본부,3,2018-04-19 14:30,SOx,32.81
한국중부발전㈜보령발전본부,3,2018-04-19 14:30,NOx,28.59
한국중부발전㈜보령발전본부,3,2018-04-19 15:00,TSP,4.74
한국중부발전㈜보령발전본부,3,2018-04-19 15:00,SOx,32.81
한국중부발전㈜보령발전본부,3,2018-04-19 15:00,NOx,28.59
한국중부발전㈜보령발전본부,3,2018-04-19 15:30,TSP,4.74
한국중부발전㈜보령발전본부,3,2018-04-19 15:30,SOx,32.81
한국중부발전㈜보령발전본부,3,2018-04-19 15:30,NOx,28.59
한국중부발전㈜보령발전본부,3,2018-04-19 16:00,TSP,4.74
한국중부발전㈜보령발전본부,3,2018-04-19 16:00,SOx,32.81
한국중부발전㈜보령발전본부,3,2018-04-19 16:00,NOx,28.59
한국중부발전㈜보령발전본부,3,2018-04-19 16:30,TSP,4.81
한국중부발전㈜보령발전본부,3,2018-04-19 16:30,SOx,38.11
한국중부발전㈜보령발전본부,3,2018-04-19 16:30,NOx,30.35
한국중부발전㈜보령발전본부,3,2018-04-19 17:00,TSP,4.79
한국중부발전㈜보령발전본부,3,2018-04-19 17:00,SOx,39.55
한국중부발전㈜보령발전본부,3,2018-04-19 17:00,NOx,30.79
한국중부발전㈜보령발전본부,3,2018-04-19 17:30,TSP,4.6
한국중부발전㈜보령발전본부,3,2018-04-19 17:30,SOx,40.01
한국중부발전㈜보령발전본부,3,2018-04-19 17:30,NOx,32.38
한국중부발전㈜보령발전본부,3,2018-04-19 18:00,TSP,4.47
한국중부발전㈜보령발전본부,3,2018-04-19 18:00,SOx,39.54
한국중부발전㈜보령발전본부,3,2018-04-19 18:00,NOx,31.44
한국중부발전㈜보령발전본부,3,2018-04-19 18:30,TSP,4.43
한국중부발전㈜보령발전본부,3,2018-04-19 18:30,SOx,39.53
한국중부발전㈜보령발전본부,3,2018-04-19 18:30,NOx,28.67
한국중부발전㈜보령발전본부,3,2018-04-19 19:00,TSP,4.5
한국중부발전㈜보령발전본부,3,2018-04-19 19:00,SOx,39.12
한국중부발전㈜보령발전본부,3,2018-04-19 19:00,NOx,27.6
한국중부발전㈜보령발전본부,3,2018-04-19 19:30,TSP,4.24
한국중부발전㈜보령발전본부,3,2018-04-19 19:30,SOx,36.92
한국중부발전㈜보령발전본부,3,2018-04-19 19:30,NOx,22.89
한국중부발전㈜보령발전본부,3,2018-04-19 20:00,TSP,4.12
한국중부발전㈜보령발전본부,3,2018-04-19 20:00,SOx,36.88
한국중부발전㈜보령발전본부,3,2018-04-19 20:00,NOx,22.61
한국중부발전㈜보령발전본부,3,2018-04-19 20:30,TSP,4.25
한국중부발전㈜보령발전본부,3,2018-04-19 20:30,SOx,39.46
한국중부발전㈜보령발전본부,3,2018-04-19 20:30,NOx,19.87
한국중부발전㈜보령발전본부,3,2018-04-19 21:00,TSP,4.48
한국중부발전㈜보령발전본부,3,2018-04-19 21:00,SOx,39.0
한국중부발전㈜보령발전본부,3,2018-04-19 21:00,NOx,20.89
한국중부발전㈜보령발전본부,3,2018-04-19 21:30,TSP,4.36
한국중부발전㈜보령발전본부,3,2018-04-19 21:30,SOx,37.92
한국중부발전㈜보령발전본부,3,2018-04-19 21:30,NOx,20.27
한국중부발전㈜보령발전본부,3,2018-04-19 22:00,TSP,4.27
한국중부발전㈜보령발전본부,3,2018-04-19 22:00,SOx,36.82
한국중부발전㈜보령발전본부,3,2018-04-19 22:00,NOx,24.11
한국중부발전㈜보령발전본부,3,2018-04-19 22:30,TSP,4.26
한국중부발전㈜보령발전본부,3,2018-04-19 22:30,SOx,35.26
한국중부발전㈜보령발전본부,3,2018-04-19 22:30,NOx,26.27
한국중부발전㈜보령발전본부,3,2018-04-19 23:00,TSP,4.07
한국중부발전㈜보령발전본부,3,2018-04-19 23:00,SOx,36.15
한국중부발전㈜보령발전본부,3,2018-04-19 23:00,NOx,21.77
한국중부발전㈜보령발전본부,3,2018-04-19 23:30,TSP,4.24
한국중부발전㈜보령발전본부,3,2018-04-19 23:30,SOx,37.93
한국중부발전㈜보령발전본부,3,2018-04-19 23:30,NOx,25.49
한국중부발전㈜보령발전본부,3,2018-04-20 00:00,TSP,4.26
한국중부발전㈜보령발전본부,3,2018-04-20 00:00,SOx,38.83
한국중부발전㈜보령발전본부,3,2018-04-20 00:00,NOx,24.11
한국중부발전㈜보령발전본부,3,2018-04-20 00:30,TSP,4.33
한국중부발전㈜보령발전본부,3,2018-04-20 00:30,SOx,38.79
한국중부발전㈜보령발전본부,3,2018-04-20 00:30,NOx,19.52
한국중부발전㈜보령발전본부,3,2018-04-20 01:00,TSP,4.51
한국중부발전㈜보령발전본부,3,2018-04-20 01:00,SOx,39.68
한국중부발전㈜보령발전본부,3,2018-04-20 01:00,NOx,20.82
한국중부발전㈜보령발전본부,3,2018-04-20 01:30,TSP,4.51
한국중부발전㈜보령발전본부,3,2018-04-20 01:30,SOx,40.4
한국중부발전㈜보령발전본부,3,2018-04-20 01:30,NOx,20.24
한국중부발전㈜보령발전본부,3,2018-04-20 02:00,TSP,4.38
한국중부발전㈜보령발전본부,3,2018-04-20 02:00,SOx,40.37
한국중부발전㈜보령발전본부,3,2018-04-20 02:00,NOx,23.94
한국중부발전㈜보령발전본부,3,2018-04-20 02:30,TSP,4.2
한국중부발전㈜보령발전본부,3,2018-04-20 02:30,SOx,38.91
한국중부발전㈜보령발전본부,3,2018-04-20 02:30,NOx,18.73
한국중부발전㈜보령발전본부,3,2018-04-20 03:00,TSP,4.51
한국중부발전㈜보령발전본부,3,2018-04-20 03:00,SOx,40.82
한국중부발전㈜보령발전본부,3,2018-04-20 03:00,NOx,20.26
한국중부발전㈜보령발전본부,3,2018-04-20 03:30,TSP,4.33
한국중부발전㈜보령발전본부,3,2018-04-20 03:30,SOx,39.52
한국중부발전㈜보령발전본부,3,2018-04-20 03:30,NOx,20.5
한국중부발전㈜보령발전본부,3,2018-04-20 04:00,TSP,4.23
한국중부발전㈜보령발전본부,3,2018-04-20 04:00,SOx,40.62
한국중부발전㈜보령발전본부,3,2018-04-20 04:00,NOx,21.57
한국중부발전㈜보령발전본부,3,2018-04-20 04:30,TSP,4.37
한국중부발전㈜보령발전본부,3,2018-04-20 04:30,SOx,39.41
한국중부발전㈜보령발전본부,3,2018-04-20 04:30,NOx,20.58
한국중부발전㈜보령발전본부,3,2018-04-20 05:00,TSP,4.48
한국중부발전㈜보령발전본부,3,2018-04-20 05:00,SOx,39.94
한국중부발전㈜보령발전본부,3,2018-04-20 05:00,NOx,20.46
한국중부발전㈜보령발전본부,3,2018-04-20 05:30,TSP,4.51
한국중부발전㈜보령발전본부,3,2018-04-20 05:30,SOx,39.82
한국중부발전㈜보령발전본부,3,2018-04-20 05:30,NOx,21.42
한국중부발전㈜보령발전본부,3,2018-04-20 06:00,TSP,4.22
한국중부발전㈜보령발전본부,3,2018-04-20 06:00,SOx,39.86
한국중부발전㈜보령발전본부,3,2018-04-20 06:00,NOx,18.86
한국중부발전㈜보령발전본부,3,2018-04-20 06:30,TSP,4.25
한국중부발전㈜보령발전본부,3,2018-04-20 06:30,SOx,40.81
한국중부발전㈜보령발전본부,3,2018-04-20 06:30,NOx,20.37
한국중부발전㈜보령발전본부,3,2018-04-20 07:00,TSP,4.26
한국중부발전㈜보령발전본부,3,2018-04-20 07:00,SOx,41.29
한국중부발전㈜보령발전본부,3,2018-04-20 07:00,NOx,20.19
한국중부발전㈜보령발전본부,3,2018-04-20 07:30,TSP,4.33
한국중부발전㈜보령발전본부,3,2018-04-20 07:30,SOx,40.91
한국중부발전㈜보령발전본부,3,2018-04-20 07:30,NOx,26.38
한국중부발전㈜보령발전본부,3,2018-04-20 08:00,TSP,4.42
한국중부발전㈜보령발전본부,3,2018-04-20 08:00,SOx,40.81
한국중부발전㈜보령발전본부,3,2018-04-20 08:00,NOx,27.42
한국중부발전㈜보령발전본부,3,2018-04-20 08:30,TSP,5.08
한국중부발전㈜보령발전본부,3,2018-04-20 08:30,SOx,41.09
한국중부발전㈜보령발전본부,3,2018-04-20 08:30,NOx,24.9
한국중부발전㈜보령발전본부,3,2018-04-20 09:00,TSP,5.06
한국중부발전㈜보령발전본부,3,2018-04-20 09:00,SOx,40.26
한국중부발전㈜보령발전본부,3,2018-04-20 09:00,NOx,26.77
한국중부발전㈜보령발전본부,3,2018-04-20 09:30,TSP,4.93
한국중부발전㈜보령발전본부,3,2018-04-20 09:30,SOx,40.49
한국중부발전㈜보령발전본부,3,2018-04-20 09:30,NOx,23.15
한국중부발전㈜보령발전본부,3,2018-04-20 10:00,TSP,5.03
한국중부발전㈜보령발전본부,3,2018-04-20 10:00,SOx,40.59
한국중부발전㈜보령발전본부,3,2018-04-20 10:00,NOx,27.78
한국중부발전㈜보령발전본부,3,2018-04-20 10:30,TSP,5.14
한국중부발전㈜보령발전본부,3,2018-04-20 10:30,SOx,41.2
한국중부발전㈜보령발전본부,3,2018-04-20 10:30,NOx,27.6
한국중부발전㈜보령발전본부,3,2018-04-20 11:00,TSP,5.84
한국중부발전㈜보령발전본부,3,2018-04-20 11:00,SOx,41.26
한국중부발전㈜보령발전본부,3,2018-04-20 11:00,NOx,28.18
한국중부발전㈜보령발전본부,3,2018-04-20 11:30,TSP,5.71
한국중부발전㈜보령발전본부,3,2018-04-20 11:30,SOx,40.57
한국중부발전㈜보령발전본부,3,2018-04-20 11:30,NOx,24.47
한국중부발전㈜보령발전본부,3,2018-04-20 12:00,TSP,5.77
한국중부발전㈜보령발전본부,3,2018-04-20 12:00,SOx,42.4
한국중부발전㈜보령발전본부,3,2018-04-20 12:00,NOx,23.48
한국중부발전㈜보령발전본부,3,2018-04-20 12:30,TSP,5.72
한국중부발전㈜보령발전본부,3,2018-04-20 12:30,SOx,42.4
한국중부발전㈜보령발전본부,3,2018-04-20 12:30,NOx,23.48
한국중부발전㈜보령발전본부,3,2018-04-20 13:00,TSP,5.31
한국중부발전㈜보령발전본부,3,2018-04-20 13:00,SOx,42.4
한국중부발전㈜보령발전본부,3,2018-04-20 13:00,NOx,23.48
한국중부발전㈜보령발전본부,3,2018-04-20 13:30,TSP,5.09
한국중부발전㈜보령발전본부,3,2018-04-20 13:30,SOx,41.68
한국중부발전㈜보령발전본부,3,2018-04-20 13:30,NOx,27.22
한국중부발전㈜보령발전본부,3,2018-04-20 14:00,TSP,4.74
한국중부발전㈜보령발전본부,3,2018-04-20 14:00,SOx,41.64
한국중부발전㈜보령발전본부,3,2018-04-20 14:00,NOx,25.15
한국중부발전㈜보령발전본부,3,2018-04-20 14:30,TSP,4.82
한국중부발전㈜보령발전본부,3,2018-04-20 14:30,SOx,42.12
한국중부발전㈜보령발전본부,3,2018-04-20 14:30,NOx,18.47
한국중부발전㈜보령발전본부,3,2018-04-20 15:00,TSP,4.66
한국중부발전㈜보령발전본부,3,2018-04-20 15:00,SOx,41.71
한국중부발전㈜보령발전본부,3,2018-04-20 15:00,NOx,20.89
한국중부발전㈜보령발전본부,3,2018-04-20 15:30,TSP,4.58
한국중부발전㈜보령발전본부,3,2018-04-20 15:30,SOx,40.89
한국중부발전㈜보령발전본부,3,2018-04-20 15:30,NOx,21.8
한국중부발전㈜보령발전본부,3,2018-04-20 16:00,TSP,4.45
한국중부발전㈜보령발전본부,3,2018-04-20 16:00,SOx,42.06
한국중부발전㈜보령발전본부,3,2018-04-20 16:00,NOx,19.1
한국중부발전㈜보령발전본부,3,2018-04-20 16:30,TSP,4.42
한국중부발전㈜보령발전본부,3,2018-04-20 16:30,SOx,40.77
한국중부발전㈜보령발전본부,3,2018-04-20 16:30,NOx,19.11
한국중부발전㈜보령발전본부,3,2018-04-20 17:00,TSP,4.3
한국중부발전㈜보령발전본부,3,2018-04-20 17:00,SOx,42.08
한국중부발전㈜보령발전본부,3,2018-04-20 17:00,NOx,21.82
한국중부발전㈜보령발전본부,3,2018-04-20 17:30,TSP,4.3
한국중부발전㈜보령발전본부,3,2018-04-20 17:30,SOx,42.69
한국중부발전㈜보령발전본부,3,2018-04-20 17:30,NOx,21.0
한국중부발전㈜보령발전본부,3,2018-04-20 18:00,TSP,4.17
한국중부발전㈜보령발전본부,3,2018-04-20 18:00,SOx,41.29
한국중부발전㈜보령발전본부,3,2018-04-20 18:00,NOx,23.8
한국중부발전㈜보령발전본부,3,2018-04-20 18:30,TSP,4.19
한국중부발전㈜보령발전본부,3,2018-04-20 18:30,SOx,42.46
한국중부발전㈜보령발전본부,3,2018-04-20 18:30,NOx,27.38
한국중부발전㈜보령발전본부,3,2018-04-20 19:00,TSP,4.18
한국중부발전㈜보령발전본부,3,2018-04-20 19:00,SOx,42.21
한국중부발전㈜보령발전본부,3,2018-04-20 19:00,NOx,24.32
한국중부발전㈜보령발전본부,3,2018-04-20 19:30,TSP,4.1
한국중부발전㈜보령발전본부,3,2018-04-20 19:30,SOx,41.09
한국중부발전㈜보령발전본부,3,2018-04-20 19:30,NOx,24.74
한국중부발전㈜보령발전본부,3,2018-04-20 20:00,TSP,3.93
한국중부발전㈜보령발전본부,3,2018-04-20 20:00,SOx,42.21
한국중부발전㈜보령발전본부,3,2018-04-20 20:00,NOx,24.8
한국중부발전㈜보령발전본부,3,2018-04-20 20:30,TSP,4.44
한국중부발전㈜보령발전본부,3,2018-04-20 20:30,SOx,41.79
한국중부발전㈜보령발전본부,3,2018-04-20 20:30,NOx,24.75
한국중부발전㈜보령발전본부,3,2018-04-20 21:00,TSP,3.97
한국중부발전㈜보령발전본부,3,2018-04-20 21:00,SOx,41.57
한국중부발전㈜보령발전본부,3,2018-04-20 21:00,NOx,23.48
한국중부발전㈜보령발전본부,3,2018-04-20 21:30,TSP,3.98
한국중부발전㈜보령발전본부,3,2018-04-20 21:30,SOx,37.77
한국중부발전㈜보령발전본부,3,2018-04-20 21:30,NOx,25.02
한국중부발전㈜보령발전본부,3,2018-04-20 22:00,TSP,3.97
한국중부발전㈜보령발전본부,3,2018-04-20 22:00,SOx,36.84
한국중부발전㈜보령발전본부,3,2018-04-20 22:00,NOx,24.18
한국중부발전㈜보령발전본부,3,2018-04-20 22:30,TSP,4.1
한국중부발전㈜보령발전본부,3,2018-04-20 22:30,SOx,38.15
한국중부발전㈜보령발전본부,3,2018-04-20 22:30,NOx,24.2
한국중부발전㈜보령발전본부,3,2018-04-20 23:00,TSP,4.06
한국중부발전㈜보령발전본부,3,2018-04-20 23:00,SOx,33.64
한국중부발전㈜보령발전본부,3,2018-04-20 23:00,NOx,22.71
한국중부발전㈜보령발전본부,3,2018-04-20 23:30,TSP,3.79
한국중부발전㈜보령발전본부,3,2018-04-20 23:30,SOx,33.84
한국중부발전㈜보령발전본부,3,2018-04-20 23:30,NOx,24.57
한국중부발전㈜보령발전본부,3,2018-04-21 00:00,TSP,3.74
한국중부발전㈜보령발전본부,3,2018-04-21 00:00,SOx,32.92
한국중부발전㈜보령발전본부,3,2018-04-21 00:00,NOx,23.44
한국중부발전㈜보령발전본부,3,2018-04-21 00:30,TSP,3.74
한국중부발전㈜보령발전본부,3,2018-04-21 00:30,SOx,32.5
한국중부발전㈜보령발전본부,3,2018-04-21 00:30,NOx,23.97
한국중부발전㈜보령발전본부,3,2018-04-21 01:00,TSP,3.69
한국중부발전㈜보령발전본부,3,2018-04-21 01:00,SOx,31.38
한국중부발전㈜보령발전본부,3,2018-04-21 01:00,NOx,23.97
한국중부발전㈜보령발전본부,3,2018-04-21 01:30,TSP,3.78
한국중부발전㈜보령발전본부,3,2018-04-21 01:30,SOx,30.26
한국중부발전㈜보령발전본부,3,2018-04-21 01:30,NOx,22.83
한국중부발전㈜보령발전본부,3,2018-04-21 02:00,TSP,3.68
한국중부발전㈜보령발전본부,3,2018-04-21 02:00,SOx,28.68
한국중부발전㈜보령발전본부,3,2018-04-21 02:00,NOx,22.9
한국중부발전㈜보령발전본부,3,2018-04-21 02:30,TSP,3.74
한국중부발전㈜보령발전본부,3,2018-04-21 02:30,SOx,27.84
한국중부발전㈜보령발전본부,3,2018-04-21 02:30,NOx,23.63
한국중부발전㈜보령발전본부,3,2018-04-21 03:00,TSP,3.72
한국중부발전㈜보령발전본부,3,2018-04-21 03:00,SOx,27.62
한국중부발전㈜보령발전본부,3,2018-04-21 03:00,NOx,23.61
한국중부발전㈜보령발전본부,3,2018-04-21 03:30,TSP,3.79
한국중부발전㈜보령발전본부,3,2018-04-21 03:30,SOx,27.93
한국중부발전㈜보령발전본부,3,2018-04-21 03:30,NOx,23.89
한국중부발전㈜보령발전본부,3,2018-04-21 04:00,TSP,3.86
한국중부발전㈜보령발전본부,3,2018-04-21 04:00,SOx,28.51
한국중부발전㈜보령발전본부,3,2018-04-21 04:00,NOx,23.81
한국중부발전㈜보령발전본부,3,2018-04-21 04:30,TSP,3.92
한국중부발전㈜보령발전본부,3,2018-04-21 04:30,SOx,29.06
한국중부발전㈜보령발전본부,3,2018-04-21 04:30,NOx,25.88
한국중부발전㈜보령발전본부,3,2018-04-21 05:00,TSP,3.94
한국중부발전㈜보령발전본부,3,2018-04-21 05:00,SOx,28.38
한국중부발전㈜보령발전본부,3,2018-04-21 05:00,NOx,24.82
한국중부발전㈜보령발전본부,3,2018-04-21 05:30,TSP,4.16
한국중부발전㈜보령발전본부,3,2018-04-21 05:30,SOx,29.3
한국중부발전㈜보령발전본부,3,2018-04-21 05:30,NOx,24.12
한국중부발전㈜보령발전본부,3,2018-04-21 06:00,TSP,4.06
한국중부발전㈜보령발전본부,3,2018-04-21 06:00,SOx,30.07
한국중부발전㈜보령발전본부,3,2018-04-21 06:00,NOx,22.76
한국중부발전㈜보령발전본부,3,2018-04-21 06:30,TSP,4.46
한국중부발전㈜보령발전본부,3,2018-04-21 06:30,SOx,30.46
한국중부발전㈜보령발전본부,3,2018-04-21 06:30,NOx,23.06
한국중부발전㈜보령발전본부,3,2018-04-21 07:00,TSP,4.13
한국중부발전㈜보령발전본부,3,2018-04-21 07:00,SOx,31.94
한국중부발전㈜보령발전본부,3,2018-04-21 07:00,NOx,22.41
한국중부발전㈜보령발전본부,3,2018-04-21 07:30,TSP,4.41
한국중부발전㈜보령발전본부,3,2018-04-21 07:30,SOx,32.12
한국중부발전㈜보령발전본부,3,2018-04-21 07:30,NOx,22.1
한국중부발전㈜보령발전본부,3,2018-04-21 08:00,TSP,4.41
한국중부발전㈜보령발전본부,3,2018-04-21 08:00,SOx,32.8
한국중부발전㈜보령발전본부,3,2018-04-21 08:00,NOx,23.13
한국중부발전㈜보령발전본부,3,2018-04-21 08:30,TSP,5.04
한국중부발전㈜보령발전본부,3,2018-04-21 08:30,SOx,32.99
한국중부발전㈜보령발전본부,3,2018-04-21 08:30,NOx,26.01
한국중부발전㈜보령발전본부,3,2018-04-21 09:00,TSP,5.23
한국중부발전㈜보령발전본부,3,2018-04-21 09:00,SOx,32.41
한국중부발전㈜보령발전본부,3,2018-04-21 09:00,NOx,26.49
한국중부발전㈜보령발전본부,3,2018-04-21 09:30,TSP,5.23
한국중부발전㈜보령발전본부,3,2018-04-21 09:30,SOx,33.14
한국중부발전㈜보령발전본부,3,2018-04-21 09:30,NOx,31.62
한국중부발전㈜보령발전본부,3,2018-04-21 10:00,TSP,5.29
한국중부발전㈜보령발전본부,3,2018-04-21 10:00,SOx,33.48
한국중부발전㈜보령발전본부,3,2018-04-21 10:00,NOx,26.34
한국중부발전㈜보령발전본부,3,2018-04-21 10:30,TSP,5.44
한국중부발전㈜보령발전본부,3,2018-04-21 10:30,SOx,34.34
한국중부발전㈜보령발전본부,3,2018-04-21 10:30,NOx,26.03
한국중부발전㈜보령발전본부,3,2018-04-21 11:00,TSP,5.75
한국중부발전㈜보령발전본부,3,2018-04-21 11:00,SOx,35.1
한국중부발전㈜보령발전본부,3,2018-04-21 11:00,NOx,27.94
한국중부발전㈜보령발전본부,3,2018-04-21 11:30,TSP,6.01
한국중부발전㈜보령발전본부,3,2018-04-21 11:30,SOx,35.42
한국중부발전㈜보령발전본부,3,2018-04-21 11:30,NOx,26.4
한국중부발전㈜보령발전본부,3,2018-04-21 12:00,TSP,6.4
한국중부발전㈜보령발전본부,3,2018-04-21 12:00,SOx,35.45
한국중부발전㈜보령발전본부,3,2018-04-21 12:00,NOx,25.86
한국중부발전㈜보령발전본부,3,2018-04-21 12:30,TSP,5.88
한국중부발전㈜보령발전본부,3,2018-04-21 12:30,SOx,35.45
한국중부발전㈜보령발전본부,3,2018-04-21 12:30,NOx,25.86
한국중부발전㈜보령발전본부,3,2018-04-21 13:00,TSP,5.74
한국중부발전㈜보령발전본부,3,2018-04-21 13:00,SOx,35.45
한국중부발전㈜보령발전본부,3,2018-04-21 13:00,NOx,25.86
한국중부발전㈜보령발전본부,3,2018-04-21 13:30,TSP,5.86
한국중부발전㈜보령발전본부,3,2018-04-21 13:30,SOx,38.16
한국중부발전㈜보령발전본부,3,2018-04-21 13:30,NOx,25.92
한국중부발전㈜보령발전본부,3,2018-04-21 14:00,TSP,5.69
한국중부발전㈜보령발전본부,3,2018-04-21 14:00,SOx,39.65
한국중부발전㈜보령발전본부,3,2018-04-21 14:00,NOx,26.19
한국중부발전㈜보령발전본부,3,2018-04-21 14:30,TSP,5.43
한국중부발전㈜보령발전본부,3,2018-04-21 14:30,SOx,39.11
한국중부발전㈜보령발전본부,3,2018-04-21 14:30,NOx,25.76
한국중부발전㈜보령발전본부,3,2018-04-21 15:00,TSP,5.05
한국중부발전㈜보령발전본부,3,2018-04-21 15:00,SOx,37.68
한국중부발전㈜보령발전본부,3,2018-04-21 15:00,NOx,26.82
한국중부발전㈜보령발전본부,3,2018-04-21 15:30,TSP,5.07
한국중부발전㈜보령발전본부,3,2018-04-21 15:30,SOx,38.89
한국중부발전㈜보령발전본부,3,2018-04-21 15:30,NOx,26.9
한국중부발전㈜보령발전본부,3,2018-04-21 16:00,TSP,5.1
한국중부발전㈜보령발전본부,3,2018-04-21 16:00,SOx,40.07
한국중부발전㈜보령발전본부,3,2018-04-21 16:00,NOx,28.06
한국중부발전㈜보령발전본부,3,2018-04-21 16:30,TSP,5.2
한국중부발전㈜보령발전본부,3,2018-04-21 16:30,SOx,40.13
한국중부발전㈜보령발전본부,3,2018-04-21 16:30,NOx,25.2
한국중부발전㈜보령발전본부,3,2018-04-21 17:00,TSP,5.15
한국중부발전㈜보령발전본부,3,2018-04-21 17:00,SOx,39.66
한국중부발전㈜보령발전본부,3,2018-04-21 17:00,NOx,24.59
한국중부발전㈜보령발전본부,3,2018-04-21 17:30,TSP,5.15
한국중부발전㈜보령발전본부,3,2018-04-21 17:30,SOx,39.89
한국중부발전㈜보령발전본부,3,2018-04-21 17:30,NOx,28.63
한국중부발전㈜보령발전본부,3,2018-04-21 18:00,TSP,4.85
한국중부발전㈜보령발전본부,3,2018-04-21 18:00,SOx,40.77
한국중부발전㈜보령발전본부,3,2018-04-21 18:00,NOx,27.42
한국중부발전㈜보령발전본부,3,2018-04-21 18:30,TSP,4.95
한국중부발전㈜보령발전본부,3,2018-04-21 18:30,SOx,40.89
한국중부발전㈜보령발전본부,3,2018-04-21 18:30,NOx,25.14
한국중부발전㈜보령발전본부,3,2018-04-21 19:00,TSP,5.02
한국중부발전㈜보령발전본부,3,2018-04-21 19:00,SOx,41.4
한국중부발전㈜보령발전본부,3,2018-04-21 19:00,NOx,25.65
한국중부발전㈜보령발전본부,3,2018-04-21 19:30,TSP,5.58
한국중부발전㈜보령발전본부,3,2018-04-21 19:30,SOx,40.24
한국중부발전㈜보령발전본부,3,2018-04-21 19:30,NOx,25.75
한국중부발전㈜보령발전본부,3,2018-04-21 20:00,TSP,4.76
한국중부발전㈜보령발전본부,3,2018-04-21 20:00,SOx,41.44
한국중부발전㈜보령발전본부,3,2018-04-21 20:00,NOx,23.62
한국중부발전㈜보령발전본부,3,2018-04-21 20:30,TSP,4.71
한국중부발전㈜보령발전본부,3,2018-04-21 20:30,SOx,40.42
한국중부발전㈜보령발전본부,3,2018-04-21 20:30,NOx,25.69
한국중부발전㈜보령발전본부,3,2018-04-21 21:00,TSP,4.63
한국중부발전㈜보령발전본부,3,2018-04-21 21:00,SOx,41.47
한국중부발전㈜보령발전본부,3,2018-04-21 21:00,NOx,24.13
한국중부발전㈜보령발전본부,3,2018-04-21 21:30,TSP,4.91
한국중부발전㈜보령발전본부,3,2018-04-21 21:30,SOx,40.18
한국중부발전㈜보령발전본부,3,2018-04-21 21:30,NOx,24.35
한국중부발전㈜보령발전본부,3,2018-04-21 22:00,TSP,4.67
한국중부발전㈜보령발전본부,3,2018-04-21 22:00,SOx,41.08
한국중부발전㈜보령발전본부,3,2018-04-21 22:00,NOx,24.37
한국중부발전㈜보령발전본부,3,2018-04-21 22:30,TSP,4.85
한국중부발전㈜보령발전본부,3,2018-04-21 22:30,SOx,40.26
한국중부발전㈜보령발전본부,3,2018-04-21 22:30,NOx,24.57
한국중부발전㈜보령발전본부,3,2018-04-21 23:00,TSP,4.38
한국중부발전㈜보령발전본부,3,2018-04-21 23:00,SOx,40.86
한국중부발전㈜보령발전본부,3,2018-04-21 23:00,NOx,22.99
한국중부발전㈜보령발전본부,3,2018-04-21 23:30,TSP,4.63
한국중부발전㈜보령발전본부,3,2018-04-21 23:30,SOx,39.21
한국중부발전㈜보령발전본부,3,2018-04-21 23:30,NOx,25.91
한국중부발전㈜보령발전본부,3,2018-04-22 00:00,TSP,4.57
한국중부발전㈜보령발전본부,3,2018-04-22 00:00,SOx,41.78
한국중부발전㈜보령발전본부,3,2018-04-22 00:00,NOx,22.94
한국중부발전㈜보령발전본부,3,2018-04-22 00:30,TSP,4.58
한국중부발전㈜보령발전본부,3,2018-04-22 00:30,SOx,39.77
한국중부발전㈜보령발전본부,3,2018-04-22 00:30,NOx,24.91
한국중부발전㈜보령발전본부,3,2018-04-22 01:00,TSP,4.53
한국중부발전㈜보령발전본부,3,2018-04-22 01:00,SOx,39.43
한국중부발전㈜보령발전본부,3,2018-04-22 01:00,NOx,25.42
한국중부발전㈜보령발전본부,3,2018-04-22 01:30,TSP,4.39
한국중부발전㈜보령발전본부,3,2018-04-22 01:30,SOx,41.15
한국중부발전㈜보령발전본부,3,2018-04-22 01:30,NOx,26.98
한국중부발전㈜보령발전본부,3,2018-04-22 02:00,TSP,4.42
한국중부발전㈜보령발전본부,3,2018-04-22 02:00,SOx,41.31
한국중부발전㈜보령발전본부,3,2018-04-22 02:00,NOx,26.88
한국중부발전㈜보령발전본부,3,2018-04-22 02:30,TSP,4.46
한국중부발전㈜보령발전본부,3,2018-04-22 02:30,SOx,41.05
한국중부발전㈜보령발전본부,3,2018-04-22 02:30,NOx,26.09
한국중부발전㈜보령발전본부,3,2018-04-22 03:00,TSP,4.42
한국중부발전㈜보령발전본부,3,2018-04-22 03:00,SOx,38.68
한국중부발전㈜보령발전본부,3,2018-04-22 03:00,NOx,28.13
한국중부발전㈜보령발전본부,3,2018-04-22 03:30,TSP,4.44
한국중부발전㈜보령발전본부,3,2018-04-22 03:30,SOx,38.63
한국중부발전㈜보령발전본부,3,2018-04-22 03:30,NOx,27.2
한국중부발전㈜보령발전본부,3,2018-04-22 04:00,TSP,4.56
한국중부발전㈜보령발전본부,3,2018-04-22 04:00,SOx,41.38
한국중부발전㈜보령발전본부,3,2018-04-22 04:00,NOx,28.68
한국중부발전㈜보령발전본부,3,2018-04-22 04:30,TSP,4.38
한국중부발전㈜보령발전본부,3,2018-04-22 04:30,SOx,39.33
한국중부발전㈜보령발전본부,3,2018-04-22 04:30,NOx,32.5
한국중부발전㈜보령발전본부,3,2018-04-22 05:00,TSP,4.39
한국중부발전㈜보령발전본부,3,2018-04-22 05:00,SOx,40.1
한국중부발전㈜보령발전본부,3,2018-04-22 05:00,NOx,23.12
한국중부발전㈜보령발전본부,3,2018-04-22 05:30,TSP,4.27
한국중부발전㈜보령발전본부,3,2018-04-22 05:30,SOx,38.2
한국중부발전㈜보령발전본부,3,2018-04-22 05:30,NOx,25.65
한국중부발전㈜보령발전본부,3,2018-04-22 06:00,TSP,4.35
한국중부발전㈜보령발전본부,3,2018-04-22 06:00,SOx,38.62
한국중부발전㈜보령발전본부,3,2018-04-22 06:00,NOx,25.73
한국중부발전㈜보령발전본부,3,2018-04-22 06:30,TSP,4.21
한국중부발전㈜보령발전본부,3,2018-04-22 06:30,SOx,38.98
한국중부발전㈜보령발전본부,3,2018-04-22 06:30,NOx,25.49
한국중부발전㈜보령발전본부,3,2018-04-22 07:00,TSP,4.22
한국중부발전㈜보령발전본부,3,2018-04-22 07:00,SOx,39.94
한국중부발전㈜보령발전본부,3,2018-04-22 07:00,NOx,24.92
한국중부발전㈜보령발전본부,3,2018-04-22 07:30,TSP,5.13
한국중부발전㈜보령발전본부,3,2018-04-22 07:30,SOx,40.69
한국중부발전㈜보령발전본부,3,2018-04-22 07:30,NOx,27.4
한국중부발전㈜보령발전본부,3,2018-04-22 08:00,TSP,4.79
한국중부발전㈜보령발전본부,3,2018-04-22 08:00,SOx,40.32
한국중부발전㈜보령발전본부,3,2018-04-22 08:00,NOx,27.69
한국중부발전㈜보령발전본부,3,2018-04-22 08:30,TSP,4.6
한국중부발전㈜보령발전본부,3,2018-04-22 08:30,SOx,39.37
한국중부발전㈜보령발전본부,3,2018-04-22 08:30,NOx,28.3
한국중부발전㈜보령발전본부,3,2018-04-22 09:00,TSP,4.92
한국중부발전㈜보령발전본부,3,2018-04-22 09:00,SOx,41.44
한국중부발전㈜보령발전본부,3,2018-04-22 09:00,NOx,23.15
한국중부발전㈜보령발전본부,3,2018-04-22 09:30,TSP,5.02
한국중부발전㈜보령발전본부,3,2018-04-22 09:30,SOx,39.01
한국중부발전㈜보령발전본부,3,2018-04-22 09:30,NOx,30.69
한국중부발전㈜보령발전본부,3,2018-04-22 10:00,TSP,4.94
한국중부발전㈜보령발전본부,3,2018-04-22 10:00,SOx,36.97
한국중부발전㈜보령발전본부,3,2018-04-22 10:00,NOx,26.03
한국중부발전㈜보령발전본부,3,2018-04-22 10:30,TSP,4.11
한국중부발전㈜보령발전본부,3,2018-04-22 10:30,SOx,38.27
한국중부발전㈜보령발전본부,3,2018-04-22 10:30,NOx,22.48
한국중부발전㈜보령발전본부,3,2018-04-22 11:00,TSP,4.22
한국중부발전㈜보령발전본부,3,2018-04-22 11:00,SOx,38.32
한국중부발전㈜보령발전본부,3,2018-04-22 11:00,NOx,25.03
한국중부발전㈜보령발전본부,3,2018-04-22 11:30,TSP,4.02
한국중부발전㈜보령발전본부,3,2018-04-22 11:30,SOx,38.43
한국중부발전㈜보령발전본부,3,2018-04-22 11:30,NOx,21.46
한국중부발전㈜보령발전본부,3,2018-04-22 12:00,TSP,4.16
한국중부발전㈜보령발전본부,3,2018-04-22 12:00,SOx,39.18
한국중부발전㈜보령발전본부,3,2018-04-22 12:00,NOx,23.77
한국중부발전㈜보령발전본부,3,2018-04-22 12:30,TSP,4.25
한국중부발전㈜보령발전본부,3,2018-04-22 12:30,SOx,39.18
한국중부발전㈜보령발전본부,3,2018-04-22 12:30,NOx,23.77
한국중부발전㈜보령발전본부,3,2018-04-22 13:00,TSP,4.96
한국중부발전㈜보령발전본부,3,2018-04-22 13:00,SOx,39.18
한국중부발전㈜보령발전본부,3,2018-04-22 13:00,NOx,23.77
한국중부발전㈜보령발전본부,3,2018-04-22 13:30,TSP,4.55
한국중부발전㈜보령발전본부,3,2018-04-22 13:30,SOx,39.56
한국중부발전㈜보령발전본부,3,2018-04-22 13:30,NOx,22.69
한국중부발전㈜보령발전본부,3,2018-04-22 14:00,TSP,4.76
한국중부발전㈜보령발전본부,3,2018-04-22 14:00,SOx,39.85
한국중부발전㈜보령발전본부,3,2018-04-22 14:00,NOx,23.67
한국중부발전㈜보령발전본부,3,2018-04-22 14:30,TSP,4.81
한국중부발전㈜보령발전본부,3,2018-04-22 14:30,SOx,39.43
한국중부발전㈜보령발전본부,3,2018-04-22 14:30,NOx,24.3
한국중부발전㈜보령발전본부,3,2018-04-22 15:00,TSP,4.87
한국중부발전㈜보령발전본부,3,2018-04-22 15:00,SOx,39.89
한국중부발전㈜보령발전본부,3,2018-04-22 15:00,NOx,24.83
한국중부발전㈜보령발전본부,3,2018-04-22 15:30,TSP,4.67
한국중부발전㈜보령발전본부,3,2018-04-22 15:30,SOx,39.26
한국중부발전㈜보령발전본부,3,2018-04-22 15:30,NOx,23.19
한국중부발전㈜보령발전본부,3,2018-04-22 16:00,TSP,4.43
한국중부발전㈜보령발전본부,3,2018-04-22 16:00,SOx,40.22
한국중부발전㈜보령발전본부,3,2018-04-22 16:00,NOx,23.34
한국중부발전㈜보령발전본부,3,2018-04-22 16:30,TSP,4.35
한국중부발전㈜보령발전본부,3,2018-04-22 16:30,SOx,40.51
한국중부발전㈜보령발전본부,3,2018-04-22 16:30,NOx,23.1
한국중부발전㈜보령발전본부,3,2018-04-22 17:00,TSP,4.35
한국중부발전㈜보령발전본부,3,2018-04-22 17:00,SOx,39.64
한국중부발전㈜보령발전본부,3,2018-04-22 17:00,NOx,24.06
한국중부발전㈜보령발전본부,3,2018-04-22 17:30,TSP,4.32
한국중부발전㈜보령발전본부,3,2018-04-22 17:30,SOx,40.45
한국중부발전㈜보령발전본부,3,2018-04-22 17:30,NOx,23.06
한국중부발전㈜보령발전본부,3,2018-04-22 18:00,TSP,4.32
한국중부발전㈜보령발전본부,3,2018-04-22 18:00,SOx,39.89
한국중부발전㈜보령발전본부,3,2018-04-22 18:00,NOx,21.05
한국중부발전㈜보령발전본부,3,2018-04-22 18:30,TSP,4.77
한국중부발전㈜보령발전본부,3,2018-04-22 18:30,SOx,40.14
한국중부발전㈜보령발전본부,3,2018-04-22 18:30,NOx,24.24
한국중부발전㈜보령발전본부,3,2018-04-22 19:00,TSP,4.55
한국중부발전㈜보령발전본부,3,2018-04-22 19:00,SOx,38.85
한국중부발전㈜보령발전본부,3,2018-04-22 19:00,NOx,24.17
한국중부발전㈜보령발전본부,3,2018-04-22 19:30,TSP,4.54
한국중부발전㈜보령발전본부,3,2018-04-22 19:30,SOx,38.81
한국중부발전㈜보령발전본부,3,2018-04-22 19:30,NOx,26.08
한국중부발전㈜보령발전본부,3,2018-04-22 20:00,TSP,4.6
한국중부발전㈜보령발전본부,3,2018-04-22 20:00,SOx,40.54
한국중부발전㈜보령발전본부,3,2018-04-22 20:00,NOx,26.2
한국중부발전㈜보령발전본부,3,2018-04-22 20:30,TSP,4.61
한국중부발전㈜보령발전본부,3,2018-04-22 20:30,SOx,41.25
한국중부발전㈜보령발전본부,3,2018-04-22 20:30,NOx,27.72
한국중부발전㈜보령발전본부,3,2018-04-22 21:00,TSP,4.43
한국중부발전㈜보령발전본부,3,2018-04-22 21:00,SOx,40.66
한국중부발전㈜보령발전본부,3,2018-04-22 21:00,NOx,25.78
한국중부발전㈜보령발전본부,3,2018-04-22 21:30,TSP,4.31
한국중부발전㈜보령발전본부,3,2018-04-22 21:30,SOx,40.03
한국중부발전㈜보령발전본부,3,2018-04-22 21:30,NOx,24.56
한국중부발전㈜보령발전본부,3,2018-04-22 22:00,TSP,4.47
한국중부발전㈜보령발전본부,3,2018-04-22 22:00,SOx,38.28
한국중부발전㈜보령발전본부,3,2018-04-22 22:00,NOx,26.35
한국중부발전㈜보령발전본부,3,2018-04-22 22:30,TSP,4.59
한국중부발전㈜보령발전본부,3,2018-04-22 22:30,SOx,39.19
한국중부발전㈜보령발전본부,3,2018-04-22 22:30,NOx,24.49
한국중부발전㈜보령발전본부,3,2018-04-22 23:00,TSP,4.62
한국중부발전㈜보령발전본부,3,2018-04-22 23:00,SOx,40.3
한국중부발전㈜보령발전본부,3,2018-04-22 23:00,NOx,26.35
한국중부발전㈜보령발전본부,3,2018-04-22 23:30,TSP,4.51
한국중부발전㈜보령발전본부,3,2018-04-22 23:30,SOx,40.61
한국중부발전㈜보령발전본부,3,2018-04-22 23:30,NOx,24.49
한국중부발전㈜보령발전본부,3,2018-04-23 00:00,TSP,4.53
한국중부발전㈜보령발전본부,3,2018-04-23 00:00,SOx,41.67
한국중부발전㈜보령발전본부,3,2018-04-23 00:00,NOx,25.82
한국중부발전㈜보령발전본부,3,2018-04-23 00:30,TSP,4.54
한국중부발전㈜보령발전본부,3,2018-04-23 00:30,SOx,41.0
한국중부발전㈜보령발전본부,3,2018-04-23 00:30,NOx,23.42
한국중부발전㈜보령발전본부,3,2018-04-23 01:00,TSP,4.86
한국중부발전㈜보령발전본부,3,2018-04-23 01:00,SOx,41.58
한국중부발전㈜보령발전본부,3,2018-04-23 01:00,NOx,24.15
한국중부발전㈜보령발전본부,3,2018-04-23 01:30,TSP,4.62
한국중부발전㈜보령발전본부,3,2018-04-23 01:30,SOx,40.95
한국중부발전㈜보령발전본부,3,2018-04-23 01:30,NOx,24.44
한국중부발전㈜보령발전본부,3,2018-04-23 02:00,TSP,4.62
한국중부발전㈜보령발전본부,3,2018-04-23 02:00,SOx,41.0
한국중부발전㈜보령발전본부,3,2018-04-23 02:00,NOx,24.49
한국중부발전㈜보령발전본부,3,2018-04-23 02:30,TSP,4.87
한국중부발전㈜보령발전본부,3,2018-04-23 02:30,SOx,41.14
한국중부발전㈜보령발전본부,3,2018-04-23 02:30,NOx,24.29
한국중부발전㈜보령발전본부,3,2018-04-23 03:00,TSP,4.92
한국중부발전㈜보령발전본부,3,2018-04-23 03:00,SOx,41.22
한국중부발전㈜보령발전본부,3,2018-04-23 03:00,NOx,23.05
한국중부발전㈜보령발전본부,3,2018-04-23 03:30,TSP,4.5
한국중부발전㈜보령발전본부,3,2018-04-23 03:30,SOx,40.53
한국중부발전㈜보령발전본부,3,2018-04-23 03:30,NOx,23.98
한국중부발전㈜보령발전본부,3,2018-04-23 04:00,TSP,4.52
한국중부발전㈜보령발전본부,3,2018-04-23 04:00,SOx,41.35
한국중부발전㈜보령발전본부,3,2018-04-23 04:00,NOx,24.03
한국중부발전㈜보령발전본부,3,2018-04-23 04:30,TSP,4.48
한국중부발전㈜보령발전본부,3,2018-04-23 04:30,SOx,41.17
한국중부발전㈜보령발전본부,3,2018-04-23 04:30,NOx,24.28
한국중부발전㈜보령발전본부,3,2018-04-23 05:00,TSP,4.48
한국중부발전㈜보령발전본부,3,2018-04-23 05:00,SOx,40.53
한국중부발전㈜보령발전본부,3,2018-04-23 05:00,NOx,24.48
한국중부발전㈜보령발전본부,3,2018-04-23 05:30,TSP,4.34
한국중부발전㈜보령발전본부,3,2018-04-23 05:30,SOx,40.35
한국중부발전㈜보령발전본부,3,2018-04-23 05:30,NOx,25.76
한국중부발전㈜보령발전본부,3,2018-04-23 06:00,TSP,4.5
한국중부발전㈜보령발전본부,3,2018-04-23 06:00,SOx,40.7
한국중부발전㈜보령발전본부,3,2018-04-23 06:00,NOx,26.48
한국중부발전㈜보령발전본부,3,2018-04-23 06:30,TSP,4.65
한국중부발전㈜보령발전본부,3,2018-04-23 06:30,SOx,39.05
한국중부발전㈜보령발전본부,3,2018-04-23 06:30,NOx,25.11
한국중부발전㈜보령발전본부,3,2018-04-23 07:00,TSP,4.54
한국중부발전㈜보령발전본부,3,2018-04-23 07:00,SOx,38.48
한국중부발전㈜보령발전본부,3,2018-04-23 07:00,NOx,23.94
한국중부발전㈜보령발전본부,3,2018-04-23 07:30,TSP,4.47
한국중부발전㈜보령발전본부,3,2018-04-23 07:30,SOx,36.25
한국중부발전㈜보령발전본부,3,2018-04-23 07:30,NOx,26.19
한국중부발전㈜보령발전본부,3,2018-04-23 08:00,TSP,4.68
한국중부발전㈜보령발전본부,3,2018-04-23 08:00,SOx,33.04
한국중부발전㈜보령발전본부,3,2018-04-23 08:00,NOx,23.33
한국중부발전㈜보령발전본부,3,2018-04-23 08:30,TSP,4.6
한국중부발전㈜보령발전본부,3,2018-04-23 08:30,SOx,31.35
한국중부발전㈜보령발전본부,3,2018-04-23 08:30,NOx,25.8
한국중부발전㈜보령발전본부,3,2018-04-23 09:00,TSP,4.16
한국중부발전㈜보령발전본부,3,2018-04-23 09:00,SOx,31.61
한국중부발전㈜보령발전본부,3,2018-04-23 09:00,NOx,24.91
한국중부발전㈜보령발전본부,3,2018-04-23 09:30,TSP,4.16
한국중부발전㈜보령발전본부,3,2018-04-23 09:30,SOx,32.42
한국중부발전㈜보령발전본부,3,2018-04-23 09:30,NOx,23.83
한국중부발전㈜보령발전본부,3,2018-04-23 10:00,TSP,4.16
한국중부발전㈜보령발전본부,3,2018-04-23 10:00,SOx,32.49
한국중부발전㈜보령발전본부,3,2018-04-23 10:00,NOx,28.07
한국중부발전㈜보령발전본부,3,2018-04-23 10:30,TSP,4.09
한국중부발전㈜보령발전본부,3,2018-04-23 10:30,SOx,32.77
한국중부발전㈜보령발전본부,3,2018-04-23 10:30,NOx,26.06
한국중부발전㈜보령발전본부,3,2018-04-23 11:00,TSP,4.09
한국중부발전㈜보령발전본부,3,2018-04-23 11:00,SOx,33.48
한국중부발전㈜보령발전본부,3,2018-04-23 11:00,NOx,26.5
한국중부발전㈜보령발전본부,3,2018-04-23 11:30,TSP,4.03
한국중부발전㈜보령발전본부,3,2018-04-23 11:30,SOx,33.62
한국중부발전㈜보령발전본부,3,2018-04-23 11:30,NOx,26.85
한국중부발전㈜보령발전본부,3,2018-04-23 12:00,TSP,4.2
한국중부발전㈜보령발전본부,3,2018-04-23 12:00,SOx,33.53
한국중부발전㈜보령발전본부,3,2018-04-23 12:00,NOx,32.47
한국중부발전㈜보령발전본부,3,2018-04-23 12:30,TSP,4.03
한국중부발전㈜보령발전본부,3,2018-04-23 12:30,SOx,33.53
한국중부발전㈜보령발전본부,3,2018-04-23 12:30,NOx,32.47
한국중부발전㈜보령발전본부,3,2018-04-23 13:00,TSP,4.1
한국중부발전㈜보령발전본부,3,2018-04-23 13:00,SOx,33.53
한국중부발전㈜보령발전본부,3,2018-04-23 13:00,NOx,32.47
한국중부발전㈜보령발전본부,3,2018-04-23 13:30,TSP,4.05
한국중부발전㈜보령발전본부,3,2018-04-23 13:30,SOx,31.58
한국중부발전㈜보령발전본부,3,2018-04-23 13:30,NOx,29.14
한국중부발전㈜보령발전본부,3,2018-04-23 14:00,TSP,4.15
한국중부발전㈜보령발전본부,3,2018-04-23 14:00,SOx,31.04
한국중부발전㈜보령발전본부,3,2018-04-23 14:00,NOx,31.53
한국중부발전㈜보령발전본부,3,2018-04-23 14:30,TSP,4.24
한국중부발전㈜보령발전본부,3,2018-04-23 14:30,SOx,29.59
한국중부발전㈜보령발전본부,3,2018-04-23 14:30,NOx,32.83
한국중부발전㈜보령발전본부,3,2018-04-23 15:00,TSP,4.28
한국중부발전㈜보령발전본부,3,2018-04-23 15:00,SOx,29.24
한국중부발전㈜보령발전본부,3,2018-04-23 15:00,NOx,33.34
한국중부발전㈜보령발전본부,3,2018-04-23 15:30,TSP,4.19
한국중부발전㈜보령발전본부,3,2018-04-23 15:30,SOx,28.64
한국중부발전㈜보령발전본부,3,2018-04-23 15:30,NOx,28.62
한국중부발전㈜보령발전본부,3,2018-04-23 16:00,TSP,4.22
한국중부발전㈜보령발전본부,3,2018-04-23 16:00,SOx,29.27
한국중부발전㈜보령발전본부,3,2018-04-23 16:00,NOx,26.22
한국중부발전㈜보령발전본부,3,2018-04-23 16:30,TSP,4.16
한국중부발전㈜보령발전본부,3,2018-04-23 16:30,SOx,29.83
한국중부발전㈜보령발전본부,3,2018-04-23 16:30,NOx,30.47
한국중부발전㈜보령발전본부,3,2018-04-23 17:00,TSP,4.24
한국중부발전㈜보령발전본부,3,2018-04-23 17:00,SOx,30.27
한국중부발전㈜보령발전본부,3,2018-04-23 17:00,NOx,27.47
한국중부발전㈜보령발전본부,3,2018-04-23 17:30,TSP,4.16
한국중부발전㈜보령발전본부,3,2018-04-23 17:30,SOx,31.12
한국중부발전㈜보령발전본부,3,2018-04-23 17:30,NOx,28.53
한국중부발전㈜보령발전본부,3,2018-04-23 18:00,TSP,4.16
한국중부발전㈜보령발전본부,3,2018-04-23 18:00,SOx,32.14
한국중부발전㈜보령발전본부,3,2018-04-23 18:00,NOx,29.42
한국중부발전㈜보령발전본부,3,2018-04-23 18:30,TSP,4.32
한국중부발전㈜보령발전본부,3,2018-04-23 18:30,SOx,31.86
한국중부발전㈜보령발전본부,3,2018-04-23 18:30,NOx,28.83
한국중부발전㈜보령발전본부,3,2018-04-23 19:00,TSP,5.37
한국중부발전㈜보령발전본부,3,2018-04-23 19:00,SOx,31.29
한국중부발전㈜보령발전본부,3,2018-04-23 19:00,NOx,28.7
한국중부발전㈜보령발전본부,3,2018-04-23 19:30,TSP,4.72
한국중부발전㈜보령발전본부,3,2018-04-23 19:30,SOx,30.3
한국중부발전㈜보령발전본부,3,2018-04-23 19:30,NOx,28.53
한국중부발전㈜보령발전본부,3,2018-04-23 20:00,TSP,5.21
한국중부발전㈜보령발전본부,3,2018-04-23 20:00,SOx,29.46
한국중부발전㈜보령발전본부,3,2018-04-23 20:00,NOx,29.26
한국중부발전㈜보령발전본부,3,2018-04-23 20:30,TSP,5.33
한국중부발전㈜보령발전본부,3,2018-04-23 20:30,SOx,29.88
한국중부발전㈜보령발전본부,3,2018-04-23 20:30,NOx,30.61
한국중부발전㈜보령발전본부,3,2018-04-23 21:00,TSP,5.44
한국중부발전㈜보령발전본부,3,2018-04-23 21:00,SOx,31.23
한국중부발전㈜보령발전본부,3,2018-04-23 21:00,NOx,28.7
한국중부발전㈜보령발전본부,3,2018-04-23 21:30,TSP,4.76
한국중부발전㈜보령발전본부,3,2018-04-23 21:30,SOx,33.58
한국중부발전㈜보령발전본부,3,2018-04-23 21:30,NOx,27.6
한국중부발전㈜보령발전본부,3,2018-04-23 22:00,TSP,4.72
한국중부발전㈜보령발전본부,3,2018-04-23 22:00,SOx,36.13
한국중부발전㈜보령발전본부,3,2018-04-23 22:00,NOx,29.05
한국중부발전㈜보령발전본부,3,2018-04-23 22:30,TSP,4.58
한국중부발전㈜보령발전본부,3,2018-04-23 22:30,SOx,39.95
한국중부발전㈜보령발전본부,3,2018-04-23 22:30,NOx,27.53
한국중부발전㈜보령발전본부,3,2018-04-23 23:00,TSP,4.51
한국중부발전㈜보령발전본부,3,2018-04-23 23:00,SOx,42.62
한국중부발전㈜보령발전본부,3,2018-04-23 23:00,NOx,30.65
한국중부발전㈜보령발전본부,3,2018-04-23 23:30,TSP,4.54
한국중부발전㈜보령발전본부,3,2018-04-23 23:30,SOx,38.16
한국중부발전㈜보령발전본부,3,2018-04-23 23:30,NOx,27.54
한국중부발전㈜보령발전본부,3,2018-04-24 00:00,TSP,4.61
한국중부발전㈜보령발전본부,3,2018-04-24 00:00,SOx,36.96
한국중부발전㈜보령발전본부,3,2018-04-24 00:00,NOx,27.78
한국중부발전㈜보령발전본부,3,2018-04-24 00:30,TSP,4.44
한국중부발전㈜보령발전본부,3,2018-04-24 00:30,SOx,38.9
한국중부발전㈜보령발전본부,3,2018-04-24 00:30,NOx,26.94
한국중부발전㈜보령발전본부,3,2018-04-24 01:00,TSP,4.57
한국중부발전㈜보령발전본부,3,2018-04-24 01:00,SOx,39.45
한국중부발전㈜보령발전본부,3,2018-04-24 01:00,NOx,26.66
한국중부발전㈜보령발전본부,3,2018-04-24 01:30,TSP,4.43
한국중부발전㈜보령발전본부,3,2018-04-24 01:30,SOx,40.69
한국중부발전㈜보령발전본부,3,2018-04-24 01:30,NOx,29.5
한국중부발전㈜보령발전본부,3,2018-04-24 02:00,TSP,4.42
한국중부발전㈜보령발전본부,3,2018-04-24 02:00,SOx,39.14
한국중부발전㈜보령발전본부,3,2018-04-24 02:00,NOx,27.65
한국중부발전㈜보령발전본부,3,2018-04-24 02:30,TSP,4.46
한국중부발전㈜보령발전본부,3,2018-04-24 02:30,SOx,40.81
한국중부발전㈜보령발전본부,3,2018-04-24 02:30,NOx,28.37
한국중부발전㈜보령발전본부,3,2018-04-24 03:00,TSP,4.58
한국중부발전㈜보령발전본부,3,2018-04-24 03:00,SOx,39.61
한국중부발전㈜보령발전본부,3,2018-04-24 03:00,NOx,28.0
한국중부발전㈜보령발전본부,3,2018-04-24 03:30,TSP,5.02
한국중부발전㈜보령발전본부,3,2018-04-24 03:30,SOx,38.61
한국중부발전㈜보령발전본부,3,2018-04-24 03:30,NOx,28.88
한국중부발전㈜보령발전본부,3,2018-04-24 04:00,TSP,4.67
한국중부발전㈜보령발전본부,3,2018-04-24 04:00,SOx,39.04
한국중부발전㈜보령발전본부,3,2018-04-24 04:00,NOx,29.84
한국중부발전㈜보령발전본부,3,2018-04-24 04:30,TSP,4.66
한국중부발전㈜보령발전본부,3,2018-04-24 04:30,SOx,39.97
한국중부발전㈜보령발전본부,3,2018-04-24 04:30,NOx,26.86
한국중부발전㈜보령발전본부,3,2018-04-24 05:00,TSP,4.98
한국중부발전㈜보령발전본부,3,2018-04-24 05:00,SOx,39.0
한국중부발전㈜보령발전본부,3,2018-04-24 05:00,NOx,27.69
한국중부발전㈜보령발전본부,3,2018-04-24 05:30,TSP,5.1
한국중부발전㈜보령발전본부,3,2018-04-24 05:30,SOx,39.88
한국중부발전㈜보령발전본부,3,2018-04-24 05:30,NOx,25.39
한국중부발전㈜보령발전본부,3,2018-04-24 06:00,TSP,5.14
한국중부발전㈜보령발전본부,3,2018-04-24 06:00,SOx,40.08
한국중부발전㈜보령발전본부,3,2018-04-24 06:00,NOx,26.91
한국중부발전㈜보령발전본부,3,2018-04-24 06:30,TSP,4.53
한국중부발전㈜보령발전본부,3,2018-04-24 06:30,SOx,39.84
한국중부발전㈜보령발전본부,3,2018-04-24 06:30,NOx,26.37
한국중부발전㈜보령발전본부,3,2018-04-24 07:00,TSP,4.49
한국중부발전㈜보령발전본부,3,2018-04-24 07:00,SOx,39.58
한국중부발전㈜보령발전본부,3,2018-04-24 07:00,NOx,26.44
한국중부발전㈜보령발전본부,3,2018-04-24 07:30,TSP,4.39
한국중부발전㈜보령발전본부,3,2018-04-24 07:30,SOx,40.03
한국중부발전㈜보령발전본부,3,2018-04-24 07:30,NOx,27.14
한국중부발전㈜보령발전본부,3,2018-04-24 08:00,TSP,4.57
한국중부발전㈜보령발전본부,3,2018-04-24 08:00,SOx,39.35
한국중부발전㈜보령발전본부,3,2018-04-24 08:00,NOx,27.41
한국중부발전㈜보령발전본부,3,2018-04-24 08:30,TSP,4.57
한국중부발전㈜보령발전본부,3,2018-04-24 08:30,SOx,36.34
한국중부발전㈜보령발전본부,3,2018-04-24 08:30,NOx,26.81
한국중부발전㈜보령발전본부,3,2018-04-24 09:00,TSP,4.56
한국중부발전㈜보령발전본부,3,2018-04-24 09:00,SOx,35.24
한국중부발전㈜보령발전본부,3,2018-04-24 09:00,NOx,28.81
한국중부발전㈜보령발전본부,3,2018-04-24 09:30,TSP,4.75
한국중부발전㈜보령발전본부,3,2018-04-24 09:30,SOx,35.49
한국중부발전㈜보령발전본부,3,2018-04-24 09:30,NOx,29.5
한국중부발전㈜보령발전본부,3,2018-04-24 10:00,TSP,4.75
한국중부발전㈜보령발전본부,3,2018-04-24 10:00,SOx,36.3
한국중부발전㈜보령발전본부,3,2018-04-24 10:00,NOx,27.58
한국중부발전㈜보령발전본부,3,2018-04-24 10:30,TSP,5.0
한국중부발전㈜보령발전본부,3,2018-04-24 10:30,SOx,36.19
한국중부발전㈜보령발전본부,3,2018-04-24 10:30,NOx,28.95
한국중부발전㈜보령발전본부,3,2018-04-24 11:00,TSP,4.85
한국중부발전㈜보령발전본부,3,2018-04-24 11:00,SOx,35.81
한국중부발전㈜보령발전본부,3,2018-04-24 11:00,NOx,27.14
한국중부발전㈜보령발전본부,3,2018-04-24 11:30,TSP,4.89
한국중부발전㈜보령발전본부,3,2018-04-24 11:30,SOx,36.89
한국중부발전㈜보령발전본부,3,2018-04-24 11:30,NOx,30.42
한국중부발전㈜보령발전본부,3,2018-04-24 12:00,TSP,4.88
한국중부발전㈜보령발전본부,3,2018-04-24 12:00,SOx,37.74
한국중부발전㈜보령발전본부,3,2018-04-24 12:00,NOx,28.31
한국중부발전㈜보령발전본부,3,2018-04-24 12:30,TSP,4.94
한국중부발전㈜보령발전본부,3,2018-04-24 12:30,SOx,37.74
한국중부발전㈜보령발전본부,3,2018-04-24 12:30,NOx,28.31
한국중부발전㈜보령발전본부,3,2018-04-24 13:00,TSP,4.74
한국중부발전㈜보령발전본부,3,2018-04-24 13:00,SOx,37.74
한국중부발전㈜보령발전본부,3,2018-04-24 13:00,NOx,28.31
한국중부발전㈜보령발전본부,3,2018-04-24 13:30,TSP,5.79
한국중부발전㈜보령발전본부,3,2018-04-24 13:30,SOx,37.91
한국중부발전㈜보령발전본부,3,2018-04-24 13:30,NOx,31.18
한국중부발전㈜보령발전본부,3,2018-04-24 14:00,TSP,5.44
한국중부발전㈜보령발전본부,3,2018-04-24 14:00,SOx,38.56
한국중부발전㈜보령발전본부,3,2018-04-24 14:00,NOx,32.47
한국중부발전㈜보령발전본부,3,2018-04-24 14:30,TSP,5.74
한국중부발전㈜보령발전본부,3,2018-04-24 14:30,SOx,39.83
한국중부발전㈜보령발전본부,3,2018-04-24 14:30,NOx,39.29
한국중부발전㈜보령발전본부,3,2018-04-24 15:00,TSP,5.43
한국중부발전㈜보령발전본부,3,2018-04-24 15:00,SOx,39.05
한국중부발전㈜보령발전본부,3,2018-04-24 15:00,NOx,36.34
한국중부발전㈜보령발전본부,3,2018-04-24 15:30,TSP,5.78
한국중부발전㈜보령발전본부,3,2018-04-24 15:30,SOx,39.44
한국중부발전㈜보령발전본부,3,2018-04-24 15:30,NOx,29.38
한국중부발전㈜보령발전본부,3,2018-04-24 16:00,TSP,5.15
한국중부발전㈜보령발전본부,3,2018-04-24 16:00,SOx,40.1
한국중부발전㈜보령발전본부,3,2018-04-24 16:00,NOx,28.48
한국중부발전㈜보령발전본부,3,2018-04-24 16:30,TSP,5.02
한국중부발전㈜보령발전본부,3,2018-04-24 16:30,SOx,40.24
한국중부발전㈜보령발전본부,3,2018-04-24 16:30,NOx,29.65
한국중부발전㈜보령발전본부,3,2018-04-24 17:00,TSP,5.04
한국중부발전㈜보령발전본부,3,2018-04-24 17:00,SOx,38.79
한국중부발전㈜보령발전본부,3,2018-04-24 17:00,NOx,30.66
한국중부발전㈜보령발전본부,3,2018-04-24 17:30,TSP,5.24
한국중부발전㈜보령발전본부,3,2018-04-24 17:30,SOx,39.25
한국중부발전㈜보령발전본부,3,2018-04-24 17:30,NOx,31.34
한국중부발전㈜보령발전본부,3,2018-04-24 18:00,TSP,4.9
한국중부발전㈜보령발전본부,3,2018-04-24 18:00,SOx,38.86
한국중부발전㈜보령발전본부,3,2018-04-24 18:00,NOx,29.76
한국중부발전㈜보령발전본부,3,2018-04-24 18:30,TSP,4.84
한국중부발전㈜보령발전본부,3,2018-04-24 18:30,SOx,37.94
한국중부발전㈜보령발전본부,3,2018-04-24 18:30,NOx,30.34
한국중부발전㈜보령발전본부,3,2018-04-24 19:00,TSP,4.83
한국중부발전㈜보령발전본부,3,2018-04-24 19:00,SOx,37.81
한국중부발전㈜보령발전본부,3,2018-04-24 19:00,NOx,29.48
한국중부발전㈜보령발전본부,3,2018-04-24 19:30,TSP,4.96
한국중부발전㈜보령발전본부,3,2018-04-24 19:30,SOx,38.08
한국중부발전㈜보령발전본부,3,2018-04-24 19:30,NOx,30.36
한국중부발전㈜보령발전본부,3,2018-04-24 20:00,TSP,4.9
한국중부발전㈜보령발전본부,3,2018-04-24 20:00,SOx,38.37
한국중부발전㈜보령발전본부,3,2018-04-24 20:00,NOx,26.81
한국중부발전㈜보령발전본부,3,2018-04-24 20:30,TSP,5.54
한국중부발전㈜보령발전본부,3,2018-04-24 20:30,SOx,38.36
한국중부발전㈜보령발전본부,3,2018-04-24 20:30,NOx,29.55
한국중부발전㈜보령발전본부,3,2018-04-24 21:00,TSP,5.23
한국중부발전㈜보령발전본부,3,2018-04-24 21:00,SOx,37.7
한국중부발전㈜보령발전본부,3,2018-04-24 21:00,NOx,29.29
한국중부발전㈜보령발전본부,3,2018-04-24 21:30,TSP,5.3
한국중부발전㈜보령발전본부,3,2018-04-24 21:30,SOx,37.77
한국중부발전㈜보령발전본부,3,2018-04-24 21:30,NOx,28.34
한국중부발전㈜보령발전본부,3,2018-04-24 22:00,TSP,5.24
한국중부발전㈜보령발전본부,3,2018-04-24 22:00,SOx,38.14
한국중부발전㈜보령발전본부,3,2018-04-24 22:00,NOx,27.59
한국중부발전㈜보령발전본부,3,2018-04-24 22:30,TSP,5.47
한국중부발전㈜보령발전본부,3,2018-04-24 22:30,SOx,39.22
한국중부발전㈜보령발전본부,3,2018-04-24 22:30,NOx,28.93
한국중부발전㈜보령발전본부,3,2018-04-24 23:00,TSP,5.46
한국중부발전㈜보령발전본부,3,2018-04-24 23:00,SOx,39.63
한국중부발전㈜보령발전본부,3,2018-04-24 23:00,NOx,29.04
한국중부발전㈜보령발전본부,3,2018-04-24 23:30,TSP,5.24
한국중부발전㈜보령발전본부,3,2018-04-24 23:30,SOx,36.97
한국중부발전㈜보령발전본부,3,2018-04-24 23:30,NOx,28.92
한국중부발전㈜보령발전본부,3,2018-04-25 00:00,TSP,5.1
한국중부발전㈜보령발전본부,3,2018-04-25 00:00,SOx,34.81
한국중부발전㈜보령발전본부,3,2018-04-25 00:00,NOx,29.09
한국중부발전㈜보령발전본부,3,2018-04-25 00:30,TSP,5.12
한국중부발전㈜보령발전본부,3,2018-04-25 00:30,SOx,32.16
한국중부발전㈜보령발전본부,3,2018-04-25 00:30,NOx,31.06
한국중부발전㈜보령발전본부,3,2018-04-25 01:00,TSP,4.96
한국중부발전㈜보령발전본부,3,2018-04-25 01:00,SOx,33.62
한국중부발전㈜보령발전본부,3,2018-04-25 01:00,NOx,29.32
한국중부발전㈜보령발전본부,3,2018-04-25 01:30,TSP,4.86
한국중부발전㈜보령발전본부,3,2018-04-25 01:30,SOx,34.99
한국중부발전㈜보령발전본부,3,2018-04-25 01:30,NOx,28.24
한국중부발전㈜보령발전본부,3,2018-04-25 02:00,TSP,4.86
한국중부발전㈜보령발전본부,3,2018-04-25 02:00,SOx,35.2
한국중부발전㈜보령발전본부,3,2018-04-25 02:00,NOx,30.07
한국중부발전㈜보령발전본부,3,2018-04-25 02:30,TSP,4.92
한국중부발전㈜보령발전본부,3,2018-04-25 02:30,SOx,36.09
한국중부발전㈜보령발전본부,3,2018-04-25 02:30,NOx,29.42
한국중부발전㈜보령발전본부,3,2018-04-25 03:00,TSP,4.76
한국중부발전㈜보령발전본부,3,2018-04-25 03:00,SOx,37.28
한국중부발전㈜보령발전본부,3,2018-04-25 03:00,NOx,31.07
한국중부발전㈜보령발전본부,3,2018-04-25 03:30,TSP,4.66
한국중부발전㈜보령발전본부,3,2018-04-25 03:30,SOx,37.81
한국중부발전㈜보령발전본부,3,2018-04-25 03:30,NOx,27.08
한국중부발전㈜보령발전본부,3,2018-04-25 04:00,TSP,4.32
한국중부발전㈜보령발전본부,3,2018-04-25 04:00,SOx,37.35
한국중부발전㈜보령발전본부,3,2018-04-25 04:00,NOx,26.08
한국중부발전㈜보령발전본부,3,2018-04-25 04:30,TSP,4.41
한국중부발전㈜보령발전본부,3,2018-04-25 04:30,SOx,36.04
한국중부발전㈜보령발전본부,3,2018-04-25 04:30,NOx,27.77
한국중부발전㈜보령발전본부,3,2018-04-25 05:00,TSP,4.41
한국중부발전㈜보령발전본부,3,2018-04-25 05:00,SOx,35.34
한국중부발전㈜보령발전본부,3,2018-04-25 05:00,NOx,28.6
한국중부발전㈜보령발전본부,3,2018-04-25 05:30,TSP,4.42
한국중부발전㈜보령발전본부,3,2018-04-25 05:30,SOx,33.58
한국중부발전㈜보령발전본부,3,2018-04-25 05:30,NOx,27.49
한국중부발전㈜보령발전본부,3,2018-04-25 06:00,TSP,4.45
한국중부발전㈜보령발전본부,3,2018-04-25 06:00,SOx,32.07
한국중부발전㈜보령발전본부,3,2018-04-25 06:00,NOx,27.86
한국중부발전㈜보령발전본부,3,2018-04-25 06:30,TSP,4.57
한국중부발전㈜보령발전본부,3,2018-04-25 06:30,SOx,31.22
한국중부발전㈜보령발전본부,3,2018-04-25 06:30,NOx,26.16
한국중부발전㈜보령발전본부,3,2018-04-25 07:00,TSP,4.78
한국중부발전㈜보령발전본부,3,2018-04-25 07:00,SOx,31.61
한국중부발전㈜보령발전본부,3,2018-04-25 07:00,NOx,25.45
한국중부발전㈜보령발전본부,3,2018-04-25 07:30,TSP,5.57
한국중부발전㈜보령발전본부,3,2018-04-25 07:30,SOx,30.91
한국중부발전㈜보령발전본부,3,2018-04-25 07:30,NOx,27.28
한국중부발전㈜보령발전본부,3,2018-04-25 08:00,TSP,4.97
한국중부발전㈜보령발전본부,3,2018-04-25 08:00,SOx,31.23
한국중부발전㈜보령발전본부,3,2018-04-25 08:00,NOx,26.72
한국중부발전㈜보령발전본부,3,2018-04-25 08:30,TSP,5.55
한국중부발전㈜보령발전본부,3,2018-04-25 08:30,SOx,31.6
한국중부발전㈜보령발전본부,3,2018-04-25 08:30,NOx,27.42
한국중부발전㈜보령발전본부,3,2018-04-25 09:00,TSP,6.26
한국중부발전㈜보령발전본부,3,2018-04-25 09:00,SOx,32.38
한국중부발전㈜보령발전본부,3,2018-04-25 09:00,NOx,35.14
한국중부발전㈜보령발전본부,3,2018-04-25 09:30,TSP,6.14
한국중부발전㈜보령발전본부,3,2018-04-25 09:30,SOx,30.68
한국중부발전㈜보령발전본부,3,2018-04-25 09:30,NOx,36.3
한국중부발전㈜보령발전본부,3,2018-04-25 10:00,TSP,6.14
한국중부발전㈜보령발전본부,3,2018-04-25 10:00,SOx,30.68
한국중부발전㈜보령발전본부,3,2018-04-25 10:00,NOx,36.3
한국중부발전㈜보령발전본부,3,2018-04-25 10:30,TSP,6.14
한국중부발전㈜보령발전본부,3,2018-04-25 10:30,SOx,30.68
한국중부발전㈜보령발전본부,3,2018-04-25 10:30,NOx,36.3
한국중부발전㈜보령발전본부,3,2018-04-25 11:00,TSP,6.14
한국중부발전㈜보령발전본부,3,2018-04-25 11:00,SOx,30.68
한국중부발전㈜보령발전본부,3,2018-04-25 11:00,NOx,36.3
한국중부발전㈜보령발전본부,3,2018-04-25 11:30,TSP,6.14
한국중부발전㈜보령발전본부,3,2018-04-25 11:30,SOx,30.68
한국중부발전㈜보령발전본부,3,2018-04-25 11:30,NOx,36.3
한국중부발전㈜보령발전본부,3,2018-04-25 12:00,TSP,6.14
한국중부발전㈜보령발전본부,3,2018-04-25 12:00,SOx,30.68
한국중부발전㈜보령발전본부,3,2018-04-25 12:00,NOx,36.3
한국중부발전㈜보령발전본부,3,2018-04-25 12:30,TSP,6.14
한국중부발전㈜보령발전본부,3,2018-04-25 12:30,SOx,30.68
한국중부발전㈜보령발전본부,3,2018-04-25 12:30,NOx,36.3
한국중부발전㈜보령발전본부,3,2018-04-25 13:00,TSP,6.14
한국중부발전㈜보령발전본부,3,2018-04-25 13:00,SOx,30.68
한국중부발전㈜보령발전본부,3,2018-04-25 13:00,NOx,36.3
한국중부발전㈜보령발전본부,3,2018-04-25 13:30,TSP,6.14
한국중부발전㈜보령발전본부,3,2018-04-25 13:30,SOx,30.68
한국중부발전㈜보령발전본부,3,2018-04-25 13:30,NOx,36.3
한국중부발전㈜보령발전본부,3,2018-04-25 14:00,TSP,6.14
한국중부발전㈜보령발전본부,3,2018-04-25 14:00,SOx,30.68
한국중부발전㈜보령발전본부,3,2018-04-25 14:00,NOx,36.3
한국중부발전㈜보령발전본부,3,2018-04-25 14:30,TSP,6.14
한국중부발전㈜보령발전본부,3,2018-04-25 14:30,SOx,30.68
한국중부발전㈜보령발전본부,3,2018-04-25 14:30,NOx,36.3
한국중부발전㈜보령발전본부,3,2018-04-25 15:00,TSP,6.14
한국중부발전㈜보령발전본부,3,2018-04-25 15:00,SOx,30.68
한국중부발전㈜보령발전본부,3,2018-04-25 15:00,NOx,36.3
한국중부발전㈜보령발전본부,3,2018-04-25 15:30,TSP,5.79
한국중부발전㈜보령발전본부,3,2018-04-25 15:30,SOx,29.44
한국중부발전㈜보령발전본부,3,2018-04-25 15:30,NOx,30.31
한국중부발전㈜보령발전본부,3,2018-04-25 16:00,TSP,5.17
한국중부발전㈜보령발전본부,3,2018-04-25 16:00,SOx,29.97
한국중부발전㈜보령발전본부,3,2018-04-25 16:00,NOx,27.51
한국중부발전㈜보령발전본부,3,2018-04-25 16:30,TSP,5.14
한국중부발전㈜보령발전본부,3,2018-04-25 16:30,SOx,30.8
한국중부발전㈜보령발전본부,3,2018-04-25 16:30,NOx,29.37
한국중부발전㈜보령발전본부,3,2018-04-25 17:00,TSP,5.12
한국중부발전㈜보령발전본부,3,2018-04-25 17:00,SOx,32.17
한국중부발전㈜보령발전본부,3,2018-04-25 17:00,NOx,31.39
한국중부발전㈜보령발전본부,3,2018-04-25 17:30,TSP,5.23
한국중부발전㈜보령발전본부,3,2018-04-25 17:30,SOx,33.14
한국중부발전㈜보령발전본부,3,2018-04-25 17:30,NOx,35.76
한국중부발전㈜보령발전본부,3,2018-04-25 18:00,TSP,5.19
한국중부발전㈜보령발전본부,3,2018-04-25 18:00,SOx,33.31
한국중부발전㈜보령발전본부,3,2018-04-25 18:00,NOx,27.64
한국중부발전㈜보령발전본부,3,2018-04-25 18:30,TSP,5.32
한국중부발전㈜보령발전본부,3,2018-04-25 18:30,SOx,34.75
한국중부발전㈜보령발전본부,3,2018-04-25 18:30,NOx,32.01
한국중부발전㈜보령발전본부,3,2018-04-25 19:00,TSP,5.1
한국중부발전㈜보령발전본부,3,2018-04-25 19:00,SOx,35.25
한국중부발전㈜보령발전본부,3,2018-04-25 19:00,NOx,35.34
한국중부발전㈜보령발전본부,3,2018-04-25 19:30,TSP,5.12
한국중부발전㈜보령발전본부,3,2018-04-25 19:30,SOx,35.35
한국중부발전㈜보령발전본부,3,2018-04-25 19:30,NOx,37.9
한국중부발전㈜보령발전본부,3,2018-04-25 20:00,TSP,5.04
한국중부발전㈜보령발전본부,3,2018-04-25 20:00,SOx,36.31
한국중부발전㈜보령발전본부,3,2018-04-25 20:00,NOx,31.22
한국중부발전㈜보령발전본부,3,2018-04-25 20:30,TSP,5.23
한국중부발전㈜보령발전본부,3,2018-04-25 20:30,SOx,37.26
한국중부발전㈜보령발전본부,3,2018-04-25 20:30,NOx,28.16
한국중부발전㈜보령발전본부,3,2018-04-25 21:00,TSP,5.09
한국중부발전㈜보령발전본부,3,2018-04-25 21:00,SOx,37.91
한국중부발전㈜보령발전본부,3,2018-04-25 21:00,NOx,30.96
한국중부발전㈜보령발전본부,3,2018-04-25 21:30,TSP,5.13
한국중부발전㈜보령발전본부,3,2018-04-25 21:30,SOx,38.9
한국중부발전㈜보령발전본부,3,2018-04-25 21:30,NOx,29.03
한국중부발전㈜보령발전본부,3,2018-04-25 22:00,TSP,5.09
한국중부발전㈜보령발전본부,3,2018-04-25 22:00,SOx,39.86
한국중부발전㈜보령발전본부,3,2018-04-25 22:00,NOx,26.55
한국중부발전㈜보령발전본부,3,2018-04-25 22:30,TSP,5.15
한국중부발전㈜보령발전본부,3,2018-04-25 22:30,SOx,39.65
한국중부발전㈜보령발전본부,3,2018-04-25 22:30,NOx,29.75
한국중부발전㈜보령발전본부,3,2018-04-25 23:00,TSP,4.83
한국중부발전㈜보령발전본부,3,2018-04-25 23:00,SOx,39.02
한국중부발전㈜보령발전본부,3,2018-04-25 23:00,NOx,25.44
한국중부발전㈜보령발전본부,3,2018-04-25 23:30,TSP,4.68
한국중부발전㈜보령발전본부,3,2018-04-25 23:30,SOx,39.68
한국중부발전㈜보령발전본부,3,2018-04-25 23:30,NOx,29.21
한국중부발전㈜보령발전본부,3,2018-04-26 00:00,TSP,4.5
한국중부발전㈜보령발전본부,3,2018-04-26 00:00,SOx,39.14
한국중부발전㈜보령발전본부,3,2018-04-26 00:00,NOx,27.42
한국중부발전㈜보령발전본부,3,2018-04-26 00:30,TSP,4.57
한국중부발전㈜보령발전본부,3,2018-04-26 00:30,SOx,40.01
한국중부발전㈜보령발전본부,3,2018-04-26 00:30,NOx,26.85
한국중부발전㈜보령발전본부,3,2018-04-26 01:00,TSP,4.45
한국중부발전㈜보령발전본부,3,2018-04-26 01:00,SOx,39.23
한국중부발전㈜보령발전본부,3,2018-04-26 01:00,NOx,25.89
한국중부발전㈜보령발전본부,3,2018-04-26 01:30,TSP,4.41
한국중부발전㈜보령발전본부,3,2018-04-26 01:30,SOx,39.52
한국중부발전㈜보령발전본부,3,2018-04-26 01:30,NOx,28.25
한국중부발전㈜보령발전본부,3,2018-04-26 02:00,TSP,4.46
한국중부발전㈜보령발전본부,3,2018-04-26 02:00,SOx,38.34
한국중부발전㈜보령발전본부,3,2018-04-26 02:00,NOx,26.44
한국중부발전㈜보령발전본부,3,2018-04-26 02:30,TSP,4.42
한국중부발전㈜보령발전본부,3,2018-04-26 02:30,SOx,36.75
한국중부발전㈜보령발전본부,3,2018-04-26 02:30,NOx,27.09
한국중부발전㈜보령발전본부,3,2018-04-26 03:00,TSP,4.66
한국중부발전㈜보령발전본부,3,2018-04-26 03:00,SOx,36.12
한국중부발전㈜보령발전본부,3,2018-04-26 03:00,NOx,25.67
한국중부발전㈜보령발전본부,3,2018-04-26 03:30,TSP,5.22
한국중부발전㈜보령발전본부,3,2018-04-26 03:30,SOx,36.06
한국중부발전㈜보령발전본부,3,2018-04-26 03:30,NOx,25.73
한국중부발전㈜보령발전본부,3,2018-04-26 04:00,TSP,4.59
한국중부발전㈜보령발전본부,3,2018-04-26 04:00,SOx,36.7
한국중부발전㈜보령발전본부,3,2018-04-26 04:00,NOx,25.32
한국중부발전㈜보령발전본부,3,2018-04-26 04:30,TSP,4.69
한국중부발전㈜보령발전본부,3,2018-04-26 04:30,SOx,37.45
한국중부발전㈜보령발전본부,3,2018-04-26 04:30,NOx,26.68
한국중부발전㈜보령발전본부,3,2018-04-26 05:00,TSP,4.91
한국중부발전㈜보령발전본부,3,2018-04-26 05:00,SOx,37.83
한국중부발전㈜보령발전본부,3,2018-04-26 05:00,NOx,26.97
한국중부발전㈜보령발전본부,3,2018-04-26 05:30,TSP,5.07
한국중부발전㈜보령발전본부,3,2018-04-26 05:30,SOx,38.36
한국중부발전㈜보령발전본부,3,2018-04-26 05:30,NOx,26.57
한국중부발전㈜보령발전본부,3,2018-04-26 06:00,TSP,4.25
한국중부발전㈜보령발전본부,3,2018-04-26 06:00,SOx,38.63
한국중부발전㈜보령발전본부,3,2018-04-26 06:00,NOx,24.36
한국중부발전㈜보령발전본부,3,2018-04-26 06:30,TSP,4.38
한국중부발전㈜보령발전본부,3,2018-04-26 06:30,SOx,39.01
한국중부발전㈜보령발전본부,3,2018-04-26 06:30,NOx,26.4
한국중부발전㈜보령발전본부,3,2018-04-26 07:00,TSP,4.44
한국중부발전㈜보령발전본부,3,2018-04-26 07:00,SOx,39.17
한국중부발전㈜보령발전본부,3,2018-04-26 07:00,NOx,27.18
한국중부발전㈜보령발전본부,3,2018-04-26 07:30,TSP,4.81
한국중부발전㈜보령발전본부,3,2018-04-26 07:30,SOx,38.9
한국중부발전㈜보령발전본부,3,2018-04-26 07:30,NOx,27.17
한국중부발전㈜보령발전본부,3,2018-04-26 08:00,TSP,4.66
한국중부발전㈜보령발전본부,3,2018-04-26 08:00,SOx,37.22
한국중부발전㈜보령발전본부,3,2018-04-26 08:00,NOx,27.03
한국중부발전㈜보령발전본부,3,2018-04-26 08:30,TSP,4.8
한국중부발전㈜보령발전본부,3,2018-04-26 08:30,SOx,35.37
한국중부발전㈜보령발전본부,3,2018-04-26 08:30,NOx,26.86
한국중부발전㈜보령발전본부,3,2018-04-26 09:00,TSP,5.39
한국중부발전㈜보령발전본부,3,2018-04-26 09:00,SOx,36.44
한국중부발전㈜보령발전본부,3,2018-04-26 09:00,NOx,30.8
한국중부발전㈜보령발전본부,3,2018-04-26 09:30,TSP,5.38
한국중부발전㈜보령발전본부,3,2018-04-26 09:30,SOx,32.27
한국중부발전㈜보령발전본부,3,2018-04-26 09:30,NOx,27.22
한국중부발전㈜보령발전본부,3,2018-04-26 10:00,TSP,5.36
한국중부발전㈜보령발전본부,3,2018-04-26 10:00,SOx,33.81
한국중부발전㈜보령발전본부,3,2018-04-26 10:00,NOx,25.0
한국중부발전㈜보령발전본부,3,2018-04-26 10:30,TSP,5.18
한국중부발전㈜보령발전본부,3,2018-04-26 10:30,SOx,34.45
한국중부발전㈜보령발전본부,3,2018-04-26 10:30,NOx,26.52
한국중부발전㈜보령발전본부,3,2018-04-26 11:00,TSP,5.44
한국중부발전㈜보령발전본부,3,2018-04-26 11:00,SOx,34.38
한국중부발전㈜보령발전본부,3,2018-04-26 11:00,NOx,24.94
한국중부발전㈜보령발전본부,3,2018-04-26 11:30,TSP,5.73
한국중부발전㈜보령발전본부,3,2018-04-26 11:30,SOx,34.3
한국중부발전㈜보령발전본부,3,2018-04-26 11:30,NOx,26.4
한국중부발전㈜보령발전본부,3,2018-04-26 12:00,TSP,5.58
한국중부발전㈜보령발전본부,3,2018-04-26 12:00,SOx,36.03
한국중부발전㈜보령발전본부,3,2018-04-26 12:00,NOx,26.56
한국중부발전㈜보령발전본부,3,2018-04-26 12:30,TSP,5.12
한국중부발전㈜보령발전본부,3,2018-04-26 12:30,SOx,36.03
한국중부발전㈜보령발전본부,3,2018-04-26 12:30,NOx,26.56
한국중부발전㈜보령발전본부,3,2018-04-26 13:00,TSP,5.27
한국중부발전㈜보령발전본부,3,2018-04-26 13:00,SOx,36.03
한국중부발전㈜보령발전본부,3,2018-04-26 13:00,NOx,26.56
한국중부발전㈜보령발전본부,3,2018-04-26 13:30,TSP,5.0
한국중부발전㈜보령발전본부,3,2018-04-26 13:30,SOx,37.33
한국중부발전㈜보령발전본부,3,2018-04-26 13:30,NOx,27.6
한국중부발전㈜보령발전본부,3,2018-04-26 14:00,TSP,5.11
한국중부발전㈜보령발전본부,3,2018-04-26 14:00,SOx,37.8
한국중부발전㈜보령발전본부,3,2018-04-26 14:00,NOx,28.11
한국중부발전㈜보령발전본부,3,2018-04-26 14:30,TSP,5.1
한국중부발전㈜보령발전본부,3,2018-04-26 14:30,SOx,38.09
한국중부발전㈜보령발전본부,3,2018-04-26 14:30,NOx,26.49
한국중부발전㈜보령발전본부,3,2018-04-26 15:00,TSP,5.15
한국중부발전㈜보령발전본부,3,2018-04-26 15:00,SOx,37.04
한국중부발전㈜보령발전본부,3,2018-04-26 15:00,NOx,26.03
한국중부발전㈜보령발전본부,3,2018-04-26 15:30,TSP,4.89
한국중부발전㈜보령발전본부,3,2018-04-26 15:30,SOx,33.92
한국중부발전㈜보령발전본부,3,2018-04-26 15:30,NOx,26.14
한국중부발전㈜보령발전본부,3,2018-04-26 16:00,TSP,4.56
한국중부발전㈜보령발전본부,3,2018-04-26 16:00,SOx,35.58
한국중부발전㈜보령발전본부,3,2018-04-26 16:00,NOx,25.53
한국중부발전㈜보령발전본부,3,2018-04-26 16:30,TSP,4.55
한국중부발전㈜보령발전본부,3,2018-04-26 16:30,SOx,38.63
한국중부발전㈜보령발전본부,3,2018-04-26 16:30,NOx,25.38
한국중부발전㈜보령발전본부,3,2018-04-26 17:00,TSP,4.65
한국중부발전㈜보령발전본부,3,2018-04-26 17:00,SOx,36.38
한국중부발전㈜보령발전본부,3,2018-04-26 17:00,NOx,25.82
한국중부발전㈜보령발전본부,3,2018-04-26 17:30,TSP,4.59
한국중부발전㈜보령발전본부,3,2018-04-26 17:30,SOx,34.69
한국중부발전㈜보령발전본부,3,2018-04-26 17:30,NOx,27.76
한국중부발전㈜보령발전본부,3,2018-04-26 18:00,TSP,4.46
한국중부발전㈜보령발전본부,3,2018-04-26 18:00,SOx,35.74
한국중부발전㈜보령발전본부,3,2018-04-26 18:00,NOx,23.83
한국중부발전㈜보령발전본부,3,2018-04-26 18:30,TSP,4.86
한국중부발전㈜보령발전본부,3,2018-04-26 18:30,SOx,36.34
한국중부발전㈜보령발전본부,3,2018-04-26 18:30,NOx,25.47
한국중부발전㈜보령발전본부,3,2018-04-26 19:00,TSP,4.59
한국중부발전㈜보령발전본부,3,2018-04-26 19:00,SOx,36.16
한국중부발전㈜보령발전본부,3,2018-04-26 19:00,NOx,25.3
한국중부발전㈜보령발전본부,3,2018-04-26 19:30,TSP,4.56
한국중부발전㈜보령발전본부,3,2018-04-26 19:30,SOx,36.67
한국중부발전㈜보령발전본부,3,2018-04-26 19:30,NOx,25.3
한국중부발전㈜보령발전본부,3,2018-04-26 20:00,TSP,4.66
한국중부발전㈜보령발전본부,3,2018-04-26 20:00,SOx,36.45
한국중부발전㈜보령발전본부,3,2018-04-26 20:00,NOx,25.02
한국중부발전㈜보령발전본부,3,2018-04-26 20:30,TSP,4.7
한국중부발전㈜보령발전본부,3,2018-04-26 20:30,SOx,36.6
한국중부발전㈜보령발전본부,3,2018-04-26 20:30,NOx,24.45
한국중부발전㈜보령발전본부,3,2018-04-26 21:00,TSP,4.48
한국중부발전㈜보령발전본부,3,2018-04-26 21:00,SOx,37.76
한국중부발전㈜보령발전본부,3,2018-04-26 21:00,NOx,25.5
한국중부발전㈜보령발전본부,3,2018-04-26 21:30,TSP,4.29
한국중부발전㈜보령발전본부,3,2018-04-26 21:30,SOx,37.64
한국중부발전㈜보령발전본부,3,2018-04-26 21:30,NOx,24.51
한국중부발전㈜보령발전본부,3,2018-04-26 22:00,TSP,4.36
한국중부발전㈜보령발전본부,3,2018-04-26 22:00,SOx,37.62
한국중부발전㈜보령발전본부,3,2018-04-26 22:00,NOx,24.85
한국중부발전㈜보령발전본부,3,2018-04-26 22:30,TSP,4.2
한국중부발전㈜보령발전본부,3,2018-04-26 22:30,SOx,37.55
한국중부발전㈜보령발전본부,3,2018-04-26 22:30,NOx,23.17
한국중부발전㈜보령발전본부,3,2018-04-26 23:00,TSP,4.31
한국중부발전㈜보령발전본부,3,2018-04-26 23:00,SOx,37.99
한국중부발전㈜보령발전본부,3,2018-04-26 23:00,NOx,24.92
한국중부발전㈜보령발전본부,3,2018-04-26 23:30,TSP,4.3
한국중부발전㈜보령발전본부,3,2018-04-26 23:30,SOx,38.08
한국중부발전㈜보령발전본부,3,2018-04-26 23:30,NOx,26.14
한국중부발전㈜보령발전본부,3,2018-04-27 00:00,TSP,4.5
한국중부발전㈜보령발전본부,3,2018-04-27 00:00,SOx,38.17
한국중부발전㈜보령발전본부,3,2018-04-27 00:00,NOx,25.96
한국중부발전㈜보령발전본부,3,2018-04-27 00:30,TSP,4.27
한국중부발전㈜보령발전본부,3,2018-04-27 00:30,SOx,36.96
한국중부발전㈜보령발전본부,3,2018-04-27 00:30,NOx,25.91
한국중부발전㈜보령발전본부,3,2018-04-27 01:00,TSP,4.41
한국중부발전㈜보령발전본부,3,2018-04-27 01:00,SOx,36.39
한국중부발전㈜보령발전본부,3,2018-04-27 01:00,NOx,27.45
한국중부발전㈜보령발전본부,3,2018-04-27 01:30,TSP,5.11
한국중부발전㈜보령발전본부,3,2018-04-27 01:30,SOx,35.68
한국중부발전㈜보령발전본부,3,2018-04-27 01:30,NOx,27.17
한국중부발전㈜보령발전본부,3,2018-04-27 02:00,TSP,4.79
한국중부발전㈜보령발전본부,3,2018-04-27 02:00,SOx,35.62
한국중부발전㈜보령발전본부,3,2018-04-27 02:00,NOx,25.75
한국중부발전㈜보령발전본부,3,2018-04-27 02:30,TSP,4.88
한국중부발전㈜보령발전본부,3,2018-04-27 02:30,SOx,35.6
한국중부발전㈜보령발전본부,3,2018-04-27 02:30,NOx,27.17
한국중부발전㈜보령발전본부,3,2018-04-27 03:00,TSP,5.33
한국중부발전㈜보령발전본부,3,2018-04-27 03:00,SOx,36.13
한국중부발전㈜보령발전본부,3,2018-04-27 03:00,NOx,23.94
한국중부발전㈜보령발전본부,3,2018-04-27 03:30,TSP,5.37
한국중부발전㈜보령발전본부,3,2018-04-27 03:30,SOx,37.3
한국중부발전㈜보령발전본부,3,2018-04-27 03:30,NOx,25.45
한국중부발전㈜보령발전본부,3,2018-04-27 04:00,TSP,5.51
한국중부발전㈜보령발전본부,3,2018-04-27 04:00,SOx,37.99
한국중부발전㈜보령발전본부,3,2018-04-27 04:00,NOx,26.68
한국중부발전㈜보령발전본부,3,2018-04-27 04:30,TSP,5.02
한국중부발전㈜보령발전본부,3,2018-04-27 04:30,SOx,39.58
한국중부발전㈜보령발전본부,3,2018-04-27 04:30,NOx,23.5
한국중부발전㈜보령발전본부,3,2018-04-27 05:00,TSP,5.1
한국중부발전㈜보령발전본부,3,2018-04-27 05:00,SOx,36.73
한국중부발전㈜보령발전본부,3,2018-04-27 05:00,NOx,27.36
한국중부발전㈜보령발전본부,3,2018-04-27 05:30,TSP,4.91
한국중부발전㈜보령발전본부,3,2018-04-27 05:30,SOx,33.89
한국중부발전㈜보령발전본부,3,2018-04-27 05:30,NOx,26.83
한국중부발전㈜보령발전본부,3,2018-04-27 06:00,TSP,5.12
한국중부발전㈜보령발전본부,3,2018-04-27 06:00,SOx,34.76
한국중부발전㈜보령발전본부,3,2018-04-27 06:00,NOx,28.58
한국중부발전㈜보령발전본부,3,2018-04-27 06:30,TSP,5.04
한국중부발전㈜보령발전본부,3,2018-04-27 06:30,SOx,34.12
한국중부발전㈜보령발전본부,3,2018-04-27 06:30,NOx,26.78
한국중부발전㈜보령발전본부,3,2018-04-27 07:00,TSP,5.7
한국중부발전㈜보령발전본부,3,2018-04-27 07:00,SOx,35.28
한국중부발전㈜보령발전본부,3,2018-04-27 07:00,NOx,28.73
한국중부발전㈜보령발전본부,3,2018-04-27 07:30,TSP,5.65
한국중부발전㈜보령발전본부,3,2018-04-27 07:30,SOx,33.06
한국중부발전㈜보령발전본부,3,2018-04-27 07:30,NOx,30.09
한국중부발전㈜보령발전본부,3,2018-04-27 08:00,TSP,5.74
한국중부발전㈜보령발전본부,3,2018-04-27 08:00,SOx,35.79
한국중부발전㈜보령발전본부,3,2018-04-27 08:00,NOx,30.39
한국중부발전㈜보령발전본부,3,2018-04-27 08:30,TSP,5.93
한국중부발전㈜보령발전본부,3,2018-04-27 08:30,SOx,34.04
한국중부발전㈜보령발전본부,3,2018-04-27 08:30,NOx,47.81
한국중부발전㈜보령발전본부,3,2018-04-27 09:00,TSP,6.4
한국중부발전㈜보령발전본부,3,2018-04-27 09:00,SOx,33.43
한국중부발전㈜보령발전본부,3,2018-04-27 09:00,NOx,44.46
한국중부발전㈜보령발전본부,3,2018-04-27 09:30,TSP,6.1
한국중부발전㈜보령발전본부,3,2018-04-27 09:30,SOx,34.76
한국중부발전㈜보령발전본부,3,2018-04-27 09:30,NOx,36.1
한국중부발전㈜보령발전본부,3,2018-04-27 10:00,TSP,5.6
한국중부발전㈜보령발전본부,3,2018-04-27 10:00,SOx,34.12
한국중부발전㈜보령발전본부,3,2018-04-27 10:00,NOx,28.13
한국중부발전㈜보령발전본부,3,2018-04-27 10:30,TSP,5.4
한국중부발전㈜보령발전본부,3,2018-04-27 10:30,SOx,34.09
한국중부발전㈜보령발전본부,3,2018-04-27 10:30,NOx,29.06
한국중부발전㈜보령발전본부,3,2018-04-27 11:00,TSP,5.76
한국중부발전㈜보령발전본부,3,2018-04-27 11:00,SOx,34.7
한국중부발전㈜보령발전본부,3,2018-04-27 11:00,NOx,29.32
한국중부발전㈜보령발전본부,3,2018-04-27 11:30,TSP,5.7
한국중부발전㈜보령발전본부,3,2018-04-27 11:30,SOx,34.56
한국중부발전㈜보령발전본부,3,2018-04-27 11:30,NOx,28.08
한국중부발전㈜보령발전본부,3,2018-04-27 12:00,TSP,6.0
한국중부발전㈜보령발전본부,3,2018-04-27 12:00,SOx,34.95
한국중부발전㈜보령발전본부,3,2018-04-27 12:00,NOx,31.12
한국중부발전㈜보령발전본부,3,2018-04-27 12:30,TSP,5.63
한국중부발전㈜보령발전본부,3,2018-04-27 12:30,SOx,34.95
한국중부발전㈜보령발전본부,3,2018-04-27 12:30,NOx,31.12
한국중부발전㈜보령발전본부,3,2018-04-27 13:00,TSP,5.49
한국중부발전㈜보령발전본부,3,2018-04-27 13:00,SOx,34.95
한국중부발전㈜보령발전본부,3,2018-04-27 13:00,NOx,31.12
한국중부발전㈜보령발전본부,3,2018-04-27 13:30,TSP,5.31
한국중부발전㈜보령발전본부,3,2018-04-27 13:30,SOx,31.45
한국중부발전㈜보령발전본부,3,2018-04-27 13:30,NOx,29.87
한국중부발전㈜보령발전본부,3,2018-04-27 14:00,TSP,5.4
한국중부발전㈜보령발전본부,3,2018-04-27 14:00,SOx,29.24
한국중부발전㈜보령발전본부,3,2018-04-27 14:00,NOx,29.18
한국중부발전㈜보령발전본부,3,2018-04-27 14:30,TSP,5.05
한국중부발전㈜보령발전본부,3,2018-04-27 14:30,SOx,28.81
한국중부발전㈜보령발전본부,3,2018-04-27 14:30,NOx,31.44
한국중부발전㈜보령발전본부,3,2018-04-27 15:00,TSP,6.07
한국중부발전㈜보령발전본부,3,2018-04-27 15:00,SOx,29.46
한국중부발전㈜보령발전본부,3,2018-04-27 15:00,NOx,29.96
한국중부발전㈜보령발전본부,3,2018-04-27 15:30,TSP,5.53
한국중부발전㈜보령발전본부,3,2018-04-27 15:30,SOx,30.57
한국중부발전㈜보령발전본부,3,2018-04-27 15:30,NOx,30.23
한국중부발전㈜보령발전본부,3,2018-04-27 16:00,TSP,5.43
한국중부발전㈜보령발전본부,3,2018-04-27 16:00,SOx,31.49
한국중부발전㈜보령발전본부,3,2018-04-27 16:00,NOx,27.14
한국중부발전㈜보령발전본부,3,2018-04-27 16:30,TSP,5.47
한국중부발전㈜보령발전본부,3,2018-04-27 16:30,SOx,33.33
한국중부발전㈜보령발전본부,3,2018-04-27 16:30,NOx,23.25
한국중부발전㈜보령발전본부,3,2018-04-27 17:00,TSP,5.77
한국중부발전㈜보령발전본부,3,2018-04-27 17:00,SOx,34.74
한국중부발전㈜보령발전본부,3,2018-04-27 17:00,NOx,25.4
한국중부발전㈜보령발전본부,3,2018-04-27 17:30,TSP,5.54
한국중부발전㈜보령발전본부,3,2018-04-27 17:30,SOx,34.54
한국중부발전㈜보령발전본부,3,2018-04-27 17:30,NOx,23.29
한국중부발전㈜보령발전본부,3,2018-04-27 18:00,TSP,4.91
한국중부발전㈜보령발전본부,3,2018-04-27 18:00,SOx,35.71
한국중부발전㈜보령발전본부,3,2018-04-27 18:00,NOx,24.87
한국중부발전㈜보령발전본부,3,2018-04-27 18:30,TSP,4.86
한국중부발전㈜보령발전본부,3,2018-04-27 18:30,SOx,34.22
한국중부발전㈜보령발전본부,3,2018-04-27 18:30,NOx,24.62
한국중부발전㈜보령발전본부,3,2018-04-27 19:00,TSP,5.42
한국중부발전㈜보령발전본부,3,2018-04-27 19:00,SOx,35.4
한국중부발전㈜보령발전본부,3,2018-04-27 19:00,NOx,26.39
한국중부발전㈜보령발전본부,3,2018-04-27 19:30,TSP,4.99
한국중부발전㈜보령발전본부,3,2018-04-27 19:30,SOx,35.13
한국중부발전㈜보령발전본부,3,2018-04-27 19:30,NOx,29.71
한국중부발전㈜보령발전본부,3,2018-04-27 20:00,TSP,5.09
한국중부발전㈜보령발전본부,3,2018-04-27 20:00,SOx,34.9
한국중부발전㈜보령발전본부,3,2018-04-27 20:00,NOx,25.36
한국중부발전㈜보령발전본부,3,2018-04-27 20:30,TSP,5.06
한국중부발전㈜보령발전본부,3,2018-04-27 20:30,SOx,34.98
한국중부발전㈜보령발전본부,3,2018-04-27 20:30,NOx,24.92
한국중부발전㈜보령발전본부,3,2018-04-27 21:00,TSP,5.06
한국중부발전㈜보령발전본부,3,2018-04-27 21:00,SOx,34.98
한국중부발전㈜보령발전본부,3,2018-04-27 21:00,NOx,24.47
한국중부발전㈜보령발전본부,3,2018-04-27 21:30,TSP,5.07
한국중부발전㈜보령발전본부,3,2018-04-27 21:30,SOx,35.57
한국중부발전㈜보령발전본부,3,2018-04-27 21:30,NOx,23.42
한국중부발전㈜보령발전본부,3,2018-04-27 22:00,TSP,4.71
한국중부발전㈜보령발전본부,3,2018-04-27 22:00,SOx,34.56
한국중부발전㈜보령발전본부,3,2018-04-27 22:00,NOx,24.67
한국중부발전㈜보령발전본부,3,2018-04-27 22:30,TSP,4.58
한국중부발전㈜보령발전본부,3,2018-04-27 22:30,SOx,34.6
한국중부발전㈜보령발전본부,3,2018-04-27 22:30,NOx,22.89
한국중부발전㈜보령발전본부,3,2018-04-27 23:00,TSP,4.62
한국중부발전㈜보령발전본부,3,2018-04-27 23:00,SOx,35.28
한국중부발전㈜보령발전본부,3,2018-04-27 23:00,NOx,24.28
한국중부발전㈜보령발전본부,3,2018-04-27 23:30,TSP,4.44
한국중부발전㈜보령발전본부,3,2018-04-27 23:30,SOx,32.34
한국중부발전㈜보령발전본부,3,2018-04-27 23:30,NOx,23.68
한국중부발전㈜보령발전본부,3,2018-04-28 00:00,TSP,4.6
한국중부발전㈜보령발전본부,3,2018-04-28 00:00,SOx,29.03
한국중부발전㈜보령발전본부,3,2018-04-28 00:00,NOx,23.28
한국중부발전㈜보령발전본부,3,2018-04-28 00:30,TSP,4.68
한국중부발전㈜보령발전본부,3,2018-04-28 00:30,SOx,31.27
한국중부발전㈜보령발전본부,3,2018-04-28 00:30,NOx,22.91
한국중부발전㈜보령발전본부,3,2018-04-28 01:00,TSP,4.74
한국중부발전㈜보령발전본부,3,2018-04-28 01:00,SOx,33.21
한국중부발전㈜보령발전본부,3,2018-04-28 01:00,NOx,23.24
한국중부발전㈜보령발전본부,3,2018-04-28 01:30,TSP,4.58
한국중부발전㈜보령발전본부,3,2018-04-28 01:30,SOx,35.5
한국중부발전㈜보령발전본부,3,2018-04-28 01:30,NOx,24.33
한국중부발전㈜보령발전본부,3,2018-04-28 02:00,TSP,4.6
한국중부발전㈜보령발전본부,3,2018-04-28 02:00,SOx,36.94
한국중부발전㈜보령발전본부,3,2018-04-28 02:00,NOx,23.01
한국중부발전㈜보령발전본부,3,2018-04-28 02:30,TSP,4.31
한국중부발전㈜보령발전본부,3,2018-04-28 02:30,SOx,38.6
한국중부발전㈜보령발전본부,3,2018-04-28 02:30,NOx,24.51
한국중부발전㈜보령발전본부,3,2018-04-28 03:00,TSP,4.33
한국중부발전㈜보령발전본부,3,2018-04-28 03:00,SOx,36.68
한국중부발전㈜보령발전본부,3,2018-04-28 03:00,NOx,23.52
한국중부발전㈜보령발전본부,3,2018-04-28 03:30,TSP,4.22
한국중부발전㈜보령발전본부,3,2018-04-28 03:30,SOx,37.99
한국중부발전㈜보령발전본부,3,2018-04-28 03:30,NOx,24.01
한국중부발전㈜보령발전본부,3,2018-04-28 04:00,TSP,4.27
한국중부발전㈜보령발전본부,3,2018-04-28 04:00,SOx,39.1
한국중부발전㈜보령발전본부,3,2018-04-28 04:00,NOx,22.6
한국중부발전㈜보령발전본부,3,2018-04-28 04:30,TSP,4.11
한국중부발전㈜보령발전본부,3,2018-04-28 04:30,SOx,39.01
한국중부발전㈜보령발전본부,3,2018-04-28 04:30,NOx,23.63
한국중부발전㈜보령발전본부,3,2018-04-28 05:00,TSP,4.93
한국중부발전㈜보령발전본부,3,2018-04-28 05:00,SOx,37.98
한국중부발전㈜보령발전본부,3,2018-04-28 05:00,NOx,23.96
한국중부발전㈜보령발전본부,3,2018-04-28 05:30,TSP,4.34
한국중부발전㈜보령발전본부,3,2018-04-28 05:30,SOx,39.37
한국중부발전㈜보령발전본부,3,2018-04-28 05:30,NOx,22.37
한국중부발전㈜보령발전본부,3,2018-04-28 06:00,TSP,4.44
한국중부발전㈜보령발전본부,3,2018-04-28 06:00,SOx,38.0
한국중부발전㈜보령발전본부,3,2018-04-28 06:00,NOx,23.1
한국중부발전㈜보령발전본부,3,2018-04-28 06:30,TSP,4.61
한국중부발전㈜보령발전본부,3,2018-04-28 06:30,SOx,39.48
한국중부발전㈜보령발전본부,3,2018-04-28 06:30,NOx,21.64
한국중부발전㈜보령발전본부,3,2018-04-28 07:00,TSP,4.75
한국중부발전㈜보령발전본부,3,2018-04-28 07:00,SOx,38.5
한국중부발전㈜보령발전본부,3,2018-04-28 07:00,NOx,23.62
한국중부발전㈜보령발전본부,3,2018-04-28 07:30,TSP,4.28
한국중부발전㈜보령발전본부,3,2018-04-28 07:30,SOx,39.4
한국중부발전㈜보령발전본부,3,2018-04-28 07:30,NOx,22.25
한국중부발전㈜보령발전본부,3,2018-04-28 08:00,TSP,4.27
한국중부발전㈜보령발전본부,3,2018-04-28 08:00,SOx,38.2
한국중부발전㈜보령발전본부,3,2018-04-28 08:00,NOx,20.43
한국중부발전㈜보령발전본부,3,2018-04-28 08:30,TSP,4.37
한국중부발전㈜보령발전본부,3,2018-04-28 08:30,SOx,39.19
한국중부발전㈜보령발전본부,3,2018-04-28 08:30,NOx,25.0
한국중부발전㈜보령발전본부,3,2018-04-28 09:00,TSP,4.7
한국중부발전㈜보령발전본부,3,2018-04-28 09:00,SOx,38.91
한국중부발전㈜보령발전본부,3,2018-04-28 09:00,NOx,23.08
한국중부발전㈜보령발전본부,3,2018-04-28 09:30,TSP,5.01
한국중부발전㈜보령발전본부,3,2018-04-28 09:30,SOx,39.02
한국중부발전㈜보령발전본부,3,2018-04-28 09:30,NOx,30.83
한국중부발전㈜보령발전본부,3,2018-04-28 10:00,TSP,5.04
한국중부발전㈜보령발전본부,3,2018-04-28 10:00,SOx,39.35
한국중부발전㈜보령발전본부,3,2018-04-28 10:00,NOx,26.08
한국중부발전㈜보령발전본부,3,2018-04-28 10:30,TSP,5.07
한국중부발전㈜보령발전본부,3,2018-04-28 10:30,SOx,38.55
한국중부발전㈜보령발전본부,3,2018-04-28 10:30,NOx,23.73
한국중부발전㈜보령발전본부,3,2018-04-28 11:00,TSP,5.17
한국중부발전㈜보령발전본부,3,2018-04-28 11:00,SOx,38.86
한국중부발전㈜보령발전본부,3,2018-04-28 11:00,NOx,25.2
한국중부발전㈜보령발전본부,3,2018-04-28 11:30,TSP,5.07
한국중부발전㈜보령발전본부,3,2018-04-28 11:30,SOx,38.76
한국중부발전㈜보령발전본부,3,2018-04-28 11:30,NOx,23.97
한국중부발전㈜보령발전본부,3,2018-04-28 12:00,TSP,5.15
한국중부발전㈜보령발전본부,3,2018-04-28 12:00,SOx,39.37
한국중부발전㈜보령발전본부,3,2018-04-28 12:00,NOx,24.82
한국중부발전㈜보령발전본부,3,2018-04-28 12:30,TSP,4.72
한국중부발전㈜보령발전본부,3,2018-04-28 12:30,SOx,39.37
한국중부발전㈜보령발전본부,3,2018-04-28 12:30,NOx,24.82
한국중부발전㈜보령발전본부,3,2018-04-28 13:00,TSP,4.48
한국중부발전㈜보령발전본부,3,2018-04-28 13:00,SOx,39.37
한국중부발전㈜보령발전본부,3,2018-04-28 13:00,NOx,24.82
한국중부발전㈜보령발전본부,3,2018-04-28 13:30,TSP,4.42
한국중부발전㈜보령발전본부,3,2018-04-28 13:30,SOx,38.48
한국중부발전㈜보령발전본부,3,2018-04-28 13:30,NOx,25.11
한국중부발전㈜보령발전본부,3,2018-04-28 14:00,TSP,4.45
한국중부발전㈜보령발전본부,3,2018-04-28 14:00,SOx,38.95
한국중부발전㈜보령발전본부,3,2018-04-28 14:00,NOx,25.05
한국중부발전㈜보령발전본부,3,2018-04-28 14:30,TSP,4.44
한국중부발전㈜보령발전본부,3,2018-04-28 14:30,SOx,38.81
한국중부발전㈜보령발전본부,3,2018-04-28 14:30,NOx,25.43
한국중부발전㈜보령발전본부,3,2018-04-28 15:00,TSP,4.57
한국중부발전㈜보령발전본부,3,2018-04-28 15:00,SOx,39.85
한국중부발전㈜보령발전본부,3,2018-04-28 15:00,NOx,24.71
한국중부발전㈜보령발전본부,3,2018-04-28 15:30,TSP,4.9
한국중부발전㈜보령발전본부,3,2018-04-28 15:30,SOx,39.04
한국중부발전㈜보령발전본부,3,2018-04-28 15:30,NOx,26.65
한국중부발전㈜보령발전본부,3,2018-04-28 16:00,TSP,5.02
한국중부발전㈜보령발전본부,3,2018-04-28 16:00,SOx,38.17
한국중부발전㈜보령발전본부,3,2018-04-28 16:00,NOx,25.87
한국중부발전㈜보령발전본부,3,2018-04-28 16:30,TSP,4.7
한국중부발전㈜보령발전본부,3,2018-04-28 16:30,SOx,39.65
한국중부발전㈜보령발전본부,3,2018-04-28 16:30,NOx,24.74
한국중부발전㈜보령발전본부,3,2018-04-28 17:00,TSP,4.93
한국중부발전㈜보령발전본부,3,2018-04-28 17:00,SOx,38.92
한국중부발전㈜보령발전본부,3,2018-04-28 17:00,NOx,26.16
한국중부발전㈜보령발전본부,3,2018-04-28 17:30,TSP,5.03
한국중부발전㈜보령발전본부,3,2018-04-28 17:30,SOx,38.99
한국중부발전㈜보령발전본부,3,2018-04-28 17:30,NOx,26.97
한국중부발전㈜보령발전본부,3,2018-04-28 18:00,TSP,5.31
한국중부발전㈜보령발전본부,3,2018-04-28 18:00,SOx,38.07
한국중부발전㈜보령발전본부,3,2018-04-28 18:00,NOx,25.49
한국중부발전㈜보령발전본부,3,2018-04-28 18:30,TSP,4.57
한국중부발전㈜보령발전본부,3,2018-04-28 18:30,SOx,36.41
한국중부발전㈜보령발전본부,3,2018-04-28 18:30,NOx,25.67
한국중부발전㈜보령발전본부,3,2018-04-28 19:00,TSP,4.51
한국중부발전㈜보령발전본부,3,2018-04-28 19:00,SOx,33.42
한국중부발전㈜보령발전본부,3,2018-04-28 19:00,NOx,25.37
한국중부발전㈜보령발전본부,3,2018-04-28 19:30,TSP,4.36
한국중부발전㈜보령발전본부,3,2018-04-28 19:30,SOx,34.36
한국중부발전㈜보령발전본부,3,2018-04-28 19:30,NOx,25.05
한국중부발전㈜보령발전본부,3,2018-04-28 20:00,TSP,4.29
한국중부발전㈜보령발전본부,3,2018-04-28 20:00,SOx,37.2
한국중부발전㈜보령발전본부,3,2018-04-28 20:00,NOx,24.64
한국중부발전㈜보령발전본부,3,2018-04-28 20:30,TSP,4.2
한국중부발전㈜보령발전본부,3,2018-04-28 20:30,SOx,38.63
한국중부발전㈜보령발전본부,3,2018-04-28 20:30,NOx,24.89
한국중부발전㈜보령발전본부,3,2018-04-28 21:00,TSP,4.19
한국중부발전㈜보령발전본부,3,2018-04-28 21:00,SOx,35.68
한국중부발전㈜보령발전본부,3,2018-04-28 21:00,NOx,23.95
한국중부발전㈜보령발전본부,3,2018-04-28 21:30,TSP,4.2
한국중부발전㈜보령발전본부,3,2018-04-28 21:30,SOx,33.82
한국중부발전㈜보령발전본부,3,2018-04-28 21:30,NOx,25.03
한국중부발전㈜보령발전본부,3,2018-04-28 22:00,TSP,4.27
한국중부발전㈜보령발전본부,3,2018-04-28 22:00,SOx,34.72
한국중부발전㈜보령발전본부,3,2018-04-28 22:00,NOx,24.54
한국중부발전㈜보령발전본부,3,2018-04-28 22:30,TSP,4.29
한국중부발전㈜보령발전본부,3,2018-04-28 22:30,SOx,35.38
한국중부발전㈜보령발전본부,3,2018-04-28 22:30,NOx,25.97
한국중부발전㈜보령발전본부,3,2018-04-28 23:00,TSP,4.39
한국중부발전㈜보령발전본부,3,2018-04-28 23:00,SOx,36.09
한국중부발전㈜보령발전본부,3,2018-04-28 23:00,NOx,26.46
한국중부발전㈜보령발전본부,3,2018-04-28 23:30,TSP,4.36
한국중부발전㈜보령발전본부,3,2018-04-28 23:30,SOx,37.24
한국중부발전㈜보령발전본부,3,2018-04-28 23:30,NOx,24.24
한국중부발전㈜보령발전본부,3,2018-04-29 00:00,TSP,4.36
한국중부발전㈜보령발전본부,3,2018-04-29 00:00,SOx,38.52
한국중부발전㈜보령발전본부,3,2018-04-29 00:00,NOx,24.52
한국중부발전㈜보령발전본부,3,2018-04-29 00:30,TSP,4.34
한국중부발전㈜보령발전본부,3,2018-04-29 00:30,SOx,38.32
한국중부발전㈜보령발전본부,3,2018-04-29 00:30,NOx,24.81
한국중부발전㈜보령발전본부,3,2018-04-29 01:00,TSP,4.79
한국중부발전㈜보령발전본부,3,2018-04-29 01:00,SOx,37.49
한국중부발전㈜보령발전본부,3,2018-04-29 01:00,NOx,23.54
한국중부발전㈜보령발전본부,3,2018-04-29 01:30,TSP,4.89
한국중부발전㈜보령발전본부,3,2018-04-29 01:30,SOx,34.77
한국중부발전㈜보령발전본부,3,2018-04-29 01:30,NOx,22.75
한국중부발전㈜보령발전본부,3,2018-04-29 02:00,TSP,4.67
한국중부발전㈜보령발전본부,3,2018-04-29 02:00,SOx,33.71
한국중부발전㈜보령발전본부,3,2018-04-29 02:00,NOx,24.08
한국중부발전㈜보령발전본부,3,2018-04-29 02:30,TSP,5.01
한국중부발전㈜보령발전본부,3,2018-04-29 02:30,SOx,32.74
한국중부발전㈜보령발전본부,3,2018-04-29 02:30,NOx,25.07
한국중부발전㈜보령발전본부,3,2018-04-29 03:00,TSP,5.16
한국중부발전㈜보령발전본부,3,2018-04-29 03:00,SOx,31.92
한국중부발전㈜보령발전본부,3,2018-04-29 03:00,NOx,22.88
한국중부발전㈜보령발전본부,3,2018-04-29 03:30,TSP,5.52
한국중부발전㈜보령발전본부,3,2018-04-29 03:30,SOx,32.27
한국중부발전㈜보령발전본부,3,2018-04-29 03:30,NOx,26.12
한국중부발전㈜보령발전본부,3,2018-04-29 04:00,TSP,4.66
한국중부발전㈜보령발전본부,3,2018-04-29 04:00,SOx,32.82
한국중부발전㈜보령발전본부,3,2018-04-29 04:00,NOx,23.14
한국중부발전㈜보령발전본부,3,2018-04-29 04:30,TSP,4.87
한국중부발전㈜보령발전본부,3,2018-04-29 04:30,SOx,33.32
한국중부발전㈜보령발전본부,3,2018-04-29 04:30,NOx,27.96
한국중부발전㈜보령발전본부,3,2018-04-29 05:00,TSP,4.67
한국중부발전㈜보령발전본부,3,2018-04-29 05:00,SOx,34.21
한국중부발전㈜보령발전본부,3,2018-04-29 05:00,NOx,25.73
한국중부발전㈜보령발전본부,3,2018-04-29 05:30,TSP,4.8
한국중부발전㈜보령발전본부,3,2018-04-29 05:30,SOx,35.22
한국중부발전㈜보령발전본부,3,2018-04-29 05:30,NOx,27.45
한국중부발전㈜보령발전본부,3,2018-04-29 06:00,TSP,4.62
한국중부발전㈜보령발전본부,3,2018-04-29 06:00,SOx,35.91
한국중부발전㈜보령발전본부,3,2018-04-29 06:00,NOx,27.3
한국중부발전㈜보령발전본부,3,2018-04-29 06:30,TSP,5.1
한국중부발전㈜보령발전본부,3,2018-04-29 06:30,SOx,37.83
한국중부발전㈜보령발전본부,3,2018-04-29 06:30,NOx,27.59
한국중부발전㈜보령발전본부,3,2018-04-29 07:00,TSP,5.21
한국중부발전㈜보령발전본부,3,2018-04-29 07:00,SOx,39.38
한국중부발전㈜보령발전본부,3,2018-04-29 07:00,NOx,26.75
한국중부발전㈜보령발전본부,3,2018-04-29 07:30,TSP,6.29
한국중부발전㈜보령발전본부,3,2018-04-29 07:30,SOx,38.16
한국중부발전㈜보령발전본부,3,2018-04-29 07:30,NOx,27.16
한국중부발전㈜보령발전본부,3,2018-04-29 08:00,TSP,5.62
한국중부발전㈜보령발전본부,3,2018-04-29 08:00,SOx,38.02
한국중부발전㈜보령발전본부,3,2018-04-29 08:00,NOx,26.42
한국중부발전㈜보령발전본부,3,2018-04-29 08:30,TSP,6.47
한국중부발전㈜보령발전본부,3,2018-04-29 08:30,SOx,37.11
한국중부발전㈜보령발전본부,3,2018-04-29 08:30,NOx,30.3
한국중부발전㈜보령발전본부,3,2018-04-29 09:00,TSP,6.71
한국중부발전㈜보령발전본부,3,2018-04-29 09:00,SOx,35.77
한국중부발전㈜보령발전본부,3,2018-04-29 09:00,NOx,28.66
한국중부발전㈜보령발전본부,3,2018-04-29 09:30,TSP,7.36
한국중부발전㈜보령발전본부,3,2018-04-29 09:30,SOx,34.02
한국중부발전㈜보령발전본부,3,2018-04-29 09:30,NOx,27.66
한국중부발전㈜보령발전본부,3,2018-04-29 10:00,TSP,7.08
한국중부발전㈜보령발전본부,3,2018-04-29 10:00,SOx,34.94
한국중부발전㈜보령발전본부,3,2018-04-29 10:00,NOx,26.23
한국중부발전㈜보령발전본부,3,2018-04-29 10:30,TSP,6.94
한국중부발전㈜보령발전본부,3,2018-04-29 10:30,SOx,35.12
한국중부발전㈜보령발전본부,3,2018-04-29 10:30,NOx,28.09
한국중부발전㈜보령발전본부,3,2018-04-29 11:00,TSP,6.8
한국중부발전㈜보령발전본부,3,2018-04-29 11:00,SOx,37.53
한국중부발전㈜보령발전본부,3,2018-04-29 11:00,NOx,28.69
한국중부발전㈜보령발전본부,3,2018-04-29 11:30,TSP,7.1
한국중부발전㈜보령발전본부,3,2018-04-29 11:30,SOx,37.33
한국중부발전㈜보령발전본부,3,2018-04-29 11:30,NOx,29.57
한국중부발전㈜보령발전본부,3,2018-04-29 12:00,TSP,6.88
한국중부발전㈜보령발전본부,3,2018-04-29 12:00,SOx,37.82
한국중부발전㈜보령발전본부,3,2018-04-29 12:00,NOx,34.91
한국중부발전㈜보령발전본부,3,2018-04-29 12:30,TSP,6.6
한국중부발전㈜보령발전본부,3,2018-04-29 12:30,SOx,37.82
한국중부발전㈜보령발전본부,3,2018-04-29 12:30,NOx,34.91
한국중부발전㈜보령발전본부,3,2018-04-29 13:00,TSP,6.8
한국중부발전㈜보령발전본부,3,2018-04-29 13:00,SOx,37.82
한국중부발전㈜보령발전본부,3,2018-04-29 13:00,NOx,34.91
한국중부발전㈜보령발전본부,3,2018-04-29 13:30,TSP,6.3
한국중부발전㈜보령발전본부,3,2018-04-29 13:30,SOx,38.02
한국중부발전㈜보령발전본부,3,2018-04-29 13:30,NOx,26.02
한국중부발전㈜보령발전본부,3,2018-04-29 14:00,TSP,5.77
한국중부발전㈜보령발전본부,3,2018-04-29 14:00,SOx,39.63
한국중부발전㈜보령발전본부,3,2018-04-29 14:00,NOx,26.36
한국중부발전㈜보령발전본부,3,2018-04-29 14:30,TSP,6.39
한국중부발전㈜보령발전본부,3,2018-04-29 14:30,SOx,38.43
한국중부발전㈜보령발전본부,3,2018-04-29 14:30,NOx,26.51
한국중부발전㈜보령발전본부,3,2018-04-29 15:00,TSP,6.24
한국중부발전㈜보령발전본부,3,2018-04-29 15:00,SOx,39.57
한국중부발전㈜보령발전본부,3,2018-04-29 15:00,NOx,25.63
한국중부발전㈜보령발전본부,3,2018-04-29 15:30,TSP,6.2
한국중부발전㈜보령발전본부,3,2018-04-29 15:30,SOx,38.97
한국중부발전㈜보령발전본부,3,2018-04-29 15:30,NOx,27.15
한국중부발전㈜보령발전본부,3,2018-04-29 16:00,TSP,5.47
한국중부발전㈜보령발전본부,3,2018-04-29 16:00,SOx,39.12
한국중부발전㈜보령발전본부,3,2018-04-29 16:00,NOx,27.21
한국중부발전㈜보령발전본부,3,2018-04-29 16:30,TSP,5.8
한국중부발전㈜보령발전본부,3,2018-04-29 16:30,SOx,40.39
한국중부발전㈜보령발전본부,3,2018-04-29 16:30,NOx,27.41
한국중부발전㈜보령발전본부,3,2018-04-29 17:00,TSP,5.6
한국중부발전㈜보령발전본부,3,2018-04-29 17:00,SOx,37.96
한국중부발전㈜보령발전본부,3,2018-04-29 17:00,NOx,26.69
한국중부발전㈜보령발전본부,3,2018-04-29 17:30,TSP,5.59
한국중부발전㈜보령발전본부,3,2018-04-29 17:30,SOx,38.58
한국중부발전㈜보령발전본부,3,2018-04-29 17:30,NOx,29.49
한국중부발전㈜보령발전본부,3,2018-04-29 18:00,TSP,5.17
한국중부발전㈜보령발전본부,3,2018-04-29 18:00,SOx,38.77
한국중부발전㈜보령발전본부,3,2018-04-29 18:00,NOx,28.46
한국중부발전㈜보령발전본부,3,2018-04-29 18:30,TSP,5.24
한국중부발전㈜보령발전본부,3,2018-04-29 18:30,SOx,38.85
한국중부발전㈜보령발전본부,3,2018-04-29 18:30,NOx,25.95
한국중부발전㈜보령발전본부,3,2018-04-29 19:00,TSP,4.98
한국중부발전㈜보령발전본부,3,2018-04-29 19:00,SOx,38.34
한국중부발전㈜보령발전본부,3,2018-04-29 19:00,NOx,30.61
한국중부발전㈜보령발전본부,3,2018-04-29 19:30,TSP,5.17
한국중부발전㈜보령발전본부,3,2018-04-29 19:30,SOx,38.52
한국중부발전㈜보령발전본부,3,2018-04-29 19:30,NOx,25.6
한국중부발전㈜보령발전본부,3,2018-04-29 20:00,TSP,5.41
한국중부발전㈜보령발전본부,3,2018-04-29 20:00,SOx,39.32
한국중부발전㈜보령발전본부,3,2018-04-29 20:00,NOx,28.31
한국중부발전㈜보령발전본부,3,2018-04-29 20:30,TSP,5.59
한국중부발전㈜보령발전본부,3,2018-04-29 20:30,SOx,39.8
한국중부발전㈜보령발전본부,3,2018-04-29 20:30,NOx,27.24
한국중부발전㈜보령발전본부,3,2018-04-29 21:00,TSP,5.39
한국중부발전㈜보령발전본부,3,2018-04-29 21:00,SOx,38.67
한국중부발전㈜보령발전본부,3,2018-04-29 21:00,NOx,26.88
한국중부발전㈜보령발전본부,3,2018-04-29 21:30,TSP,5.63
한국중부발전㈜보령발전본부,3,2018-04-29 21:30,SOx,39.15
한국중부발전㈜보령발전본부,3,2018-04-29 21:30,NOx,26.01
한국중부발전㈜보령발전본부,3,2018-04-29 22:00,TSP,5.7
한국중부발전㈜보령발전본부,3,2018-04-29 22:00,SOx,38.75
한국중부발전㈜보령발전본부,3,2018-04-29 22:00,NOx,28.23
한국중부발전㈜보령발전본부,3,2018-04-29 22:30,TSP,5.91
한국중부발전㈜보령발전본부,3,2018-04-29 22:30,SOx,39.34
한국중부발전㈜보령발전본부,3,2018-04-29 22:30,NOx,27.59
한국중부발전㈜보령발전본부,3,2018-04-29 23:00,TSP,5.04
한국중부발전㈜보령발전본부,3,2018-04-29 23:00,SOx,38.29
한국중부발전㈜보령발전본부,3,2018-04-29 23:00,NOx,27.73
한국중부발전㈜보령발전본부,3,2018-04-29 23:30,TSP,5.22
한국중부발전㈜보령발전본부,3,2018-04-29 23:30,SOx,38.41
한국중부발전㈜보령발전본부,3,2018-04-29 23:30,NOx,25.36
한국중부발전㈜보령발전본부,3,2018-04-30 00:00,TSP,5.03
한국중부발전㈜보령발전본부,3,2018-04-30 00:00,SOx,38.5
한국중부발전㈜보령발전본부,3,2018-04-30 00:00,NOx,27.11
한국중부발전㈜보령발전본부,3,2018-04-30 00:30,TSP,5.3
한국중부발전㈜보령발전본부,3,2018-04-30 00:30,SOx,37.87
한국중부발전㈜보령발전본부,3,2018-04-30 00:30,NOx,27.11
한국중부발전㈜보령발전본부,3,2018-04-30 01:00,TSP,5.13
한국중부발전㈜보령발전본부,3,2018-04-30 01:00,SOx,37.64
한국중부발전㈜보령발전본부,3,2018-04-30 01:00,NOx,25.88
한국중부발전㈜보령발전본부,3,2018-04-30 01:30,TSP,5.25
한국중부발전㈜보령발전본부,3,2018-04-30 01:30,SOx,35.59
한국중부발전㈜보령발전본부,3,2018-04-30 01:30,NOx,27.75
한국중부발전㈜보령발전본부,3,2018-04-30 02:00,TSP,5.23
한국중부발전㈜보령발전본부,3,2018-04-30 02:00,SOx,34.41
한국중부발전㈜보령발전본부,3,2018-04-30 02:00,NOx,29.43
한국중부발전㈜보령발전본부,3,2018-04-30 02:30,TSP,5.23
한국중부발전㈜보령발전본부,3,2018-04-30 02:30,SOx,35.18
한국중부발전㈜보령발전본부,3,2018-04-30 02:30,NOx,31.53
한국중부발전㈜보령발전본부,3,2018-04-30 03:00,TSP,5.28
한국중부발전㈜보령발전본부,3,2018-04-30 03:00,SOx,36.57
한국중부발전㈜보령발전본부,3,2018-04-30 03:00,NOx,33.14
한국중부발전㈜보령발전본부,3,2018-04-30 03:30,TSP,5.4
한국중부발전㈜보령발전본부,3,2018-04-30 03:30,SOx,37.75
한국중부발전㈜보령발전본부,3,2018-04-30 03:30,NOx,31.0
한국중부발전㈜보령발전본부,3,2018-04-30 04:00,TSP,5.51
한국중부발전㈜보령발전본부,3,2018-04-30 04:00,SOx,36.43
한국중부발전㈜보령발전본부,3,2018-04-30 04:00,NOx,32.08
한국중부발전㈜보령발전본부,3,2018-04-30 04:30,TSP,5.59
한국중부발전㈜보령발전본부,3,2018-04-30 04:30,SOx,32.38
한국중부발전㈜보령발전본부,3,2018-04-30 04:30,NOx,28.95
한국중부발전㈜보령발전본부,3,2018-04-30 05:00,TSP,6.35
한국중부발전㈜보령발전본부,3,2018-04-30 05:00,SOx,34.02
한국중부발전㈜보령발전본부,3,2018-04-30 05:00,NOx,30.17
한국중부발전㈜보령발전본부,3,2018-04-30 05:30,TSP,6.0
한국중부발전㈜보령발전본부,3,2018-04-30 05:30,SOx,35.69
한국중부발전㈜보령발전본부,3,2018-04-30 05:30,NOx,27.83
한국중부발전㈜보령발전본부,3,2018-04-30 06:00,TSP,5.7
한국중부발전㈜보령발전본부,3,2018-04-30 06:00,SOx,37.8
한국중부발전㈜보령발전본부,3,2018-04-30 06:00,NOx,34.26
한국중부발전㈜보령발전본부,3,2018-04-30 06:30,TSP,6.2
한국중부발전㈜보령발전본부,3,2018-04-30 06:30,SOx,38.92
한국중부발전㈜보령발전본부,3,2018-04-30 06:30,NOx,32.41
한국중부발전㈜보령발전본부,3,2018-04-30 07:00,TSP,6.32
한국중부발전㈜보령발전본부,3,2018-04-30 07:00,SOx,36.67
한국중부발전㈜보령발전본부,3,2018-04-30 07:00,NOx,32.14
한국중부발전㈜보령발전본부,3,2018-04-30 07:30,TSP,6.31
한국중부발전㈜보령발전본부,3,2018-04-30 07:30,SOx,35.95
한국중부발전㈜보령발전본부,3,2018-04-30 07:30,NOx,27.75
한국중부발전㈜보령발전본부,3,2018-04-30 08:00,TSP,5.58
한국중부발전㈜보령발전본부,3,2018-04-30 08:00,SOx,37.88
한국중부발전㈜보령발전본부,3,2018-04-30 08:00,NOx,32.44
한국중부발전㈜보령발전본부,3,2018-04-30 08:30,TSP,6.12
한국중부발전㈜보령발전본부,3,2018-04-30 08:30,SOx,38.38
한국중부발전㈜보령발전본부,3,2018-04-30 08:30,NOx,37.62
한국중부발전㈜보령발전본부,3,2018-04-30 09:00,TSP,6.07
한국중부발전㈜보령발전본부,3,2018-04-30 09:00,SOx,37.15
한국중부발전㈜보령발전본부,3,2018-04-30 09:00,NOx,39.46
한국중부발전㈜보령발전본부,3,2018-04-30 09:30,TSP,6.34
한국중부발전㈜보령발전본부,3,2018-04-30 09:30,SOx,39.01
한국중부발전㈜보령발전본부,3,2018-04-30 09:30,NOx,30.99
한국중부발전㈜보령발전본부,3,2018-04-30 10:00,TSP,6.07
한국중부발전㈜보령발전본부,3,2018-04-30 10:00,SOx,39.03
한국중부발전㈜보령발전본부,3,2018-04-30 10:00,NOx,29.22
한국중부발전㈜보령발전본부,3,2018-04-30 10:30,TSP,6.16
한국중부발전㈜보령발전본부,3,2018-04-30 10:30,SOx,39.61
한국중부발전㈜보령발전본부,3,2018-04-30 10:30,NOx,28.36
한국중부발전㈜보령발전본부,3,2018-04-30 11:00,TSP,6.43
한국중부발전㈜보령발전본부,3,2018-04-30 11:00,SOx,40.15
한국중부발전㈜보령발전본부,3,2018-04-30 11:00,NOx,29.31
한국중부발전㈜보령발전본부,3,2018-04-30 11:30,TSP,6.7
한국중부발전㈜보령발전본부,3,2018-04-30 11:30,SOx,39.72
한국중부발전㈜보령발전본부,3,2018-04-30 11:30,NOx,29.17
한국중부발전㈜보령발전본부,3,2018-04-30 12:00,TSP,6.56
한국중부발전㈜보령발전본부,3,2018-04-30 12:00,SOx,40.76
한국중부발전㈜보령발전본부,3,2018-04-30 12:00,NOx,28.62
한국중부발전㈜보령발전본부,3,2018-04-30 12:30,TSP,5.77
한국중부발전㈜보령발전본부,3,2018-04-30 12:30,SOx,40.76
한국중부발전㈜보령발전본부,3,2018-04-30 12:30,NOx,28.62
한국중부발전㈜보령발전본부,3,2018-04-30 13:00,TSP,5.62
한국중부발전㈜보령발전본부,3,2018-04-30 13:00,SOx,40.76
한국중부발전㈜보령발전본부,3,2018-04-30 13:00,NOx,28.62
한국중부발전㈜보령발전본부,3,2018-04-30 13:30,TSP,5.97
한국중부발전㈜보령발전본부,3,2018-04-30 13:30,SOx,40.99
한국중부발전㈜보령발전본부,3,2018-04-30 13:30,NOx,27.69
한국중부발전㈜보령발전본부,3,2018-04-30 14:00,TSP,5.58
한국중부발전㈜보령발전본부,3,2018-04-30 14:00,SOx,38.45
한국중부발전㈜보령발전본부,3,2018-04-30 14:00,NOx,28.1
한국중부발전㈜보령발전본부,3,2018-04-30 14:30,TSP,5.49
한국중부발전㈜보령발전본부,3,2018-04-30 14:30,SOx,40.6
한국중부발전㈜보령발전본부,3,2018-04-30 14:30,NOx,30.48
한국중부발전㈜보령발전본부,3,2018-04-30 15:00,TSP,5.53
한국중부발전㈜보령발전본부,3,2018-04-30 15:00,SOx,39.75
한국중부발전㈜보령발전본부,3,2018-04-30 15:00,NOx,27.39
한국중부발전㈜보령발전본부,3,2018-04-30 15:30,TSP,5.38
한국중부발전㈜보령발전본부,3,2018-04-30 15:30,SOx,40.4
한국중부발전㈜보령발전본부,3,2018-04-30 15:30,NOx,28.09
한국중부발전㈜보령발전본부,3,2018-04-30 16:00,TSP,5.36
한국중부발전㈜보령발전본부,3,2018-04-30 16:00,SOx,40.65
한국중부발전㈜보령발전본부,3,2018-04-30 16:00,NOx,29.89
한국중부발전㈜보령발전본부,3,2018-04-30 16:30,TSP,5.41
한국중부발전㈜보령발전본부,3,2018-04-30 16:30,SOx,39.94
한국중부발전㈜보령발전본부,3,2018-04-30 16:30,NOx,28.35
한국중부발전㈜보령발전본부,3,2018-04-30 17:00,TSP,6.01
한국중부발전㈜보령발전본부,3,2018-04-30 17:00,SOx,39.73
한국중부발전㈜보령발전본부,3,2018-04-30 17:00,NOx,27.41
한국중부발전㈜보령발전본부,3,2018-04-30 17:30,TSP,5.32
한국중부발전㈜보령발전본부,3,2018-04-30 17:30,SOx,40.06
한국중부발전㈜보령발전본부,3,2018-04-30 17:30,NOx,26.62
한국중부발전㈜보령발전본부,3,2018-04-30 18:00,TSP,5.68
한국중부발전㈜보령발전본부,3,2018-04-30 18:00,SOx,39.96
한국중부발전㈜보령발전본부,3,2018-04-30 18:00,NOx,26.25
한국중부발전㈜보령발전본부,3,2018-04-30 18:30,TSP,5.66
한국중부발전㈜보령발전본부,3,2018-04-30 18:30,SOx,40.61
한국중부발전㈜보령발전본부,3,2018-04-30 18:30,NOx,27.35
한국중부발전㈜보령발전본부,3,2018-04-30 19:00,TSP,5.58
한국중부발전㈜보령발전본부,3,2018-04-30 19:00,SOx,39.0
한국중부발전㈜보령발전본부,3,2018-04-30 19:00,NOx,27.36
한국중부발전㈜보령발전본부,3,2018-04-30 19:30,TSP,5.74
한국중부발전㈜보령발전본부,3,2018-04-30 19:30,SOx,38.45
한국중부발전㈜보령발전본부,3,2018-04-30 19:30,NOx,26.92
한국중부발전㈜보령발전본부,3,2018-04-30 20:00,TSP,5.8
한국중부발전㈜보령발전본부,3,2018-04-30 20:00,SOx,38.9
한국중부발전㈜보령발전본부,3,2018-04-30 20:00,NOx,28.24
한국중부발전㈜보령발전본부,3,2018-04-30 20:30,TSP,5.92
한국중부발전㈜보령발전본부,3,2018-04-30 20:30,SOx,40.2
한국중부발전㈜보령발전본부,3,2018-04-30 20:30,NOx,27.25
한국중부발전㈜보령발전본부,3,2018-04-30 21:00,TSP,5.21
한국중부발전㈜보령발전본부,3,2018-04-30 21:00,SOx,39.94
한국중부발전㈜보령발전본부,3,2018-04-30 21:00,NOx,27.56
한국중부발전㈜보령발전본부,3,2018-04-30 21:30,TSP,5.36
한국중부발전㈜보령발전본부,3,2018-04-30 21:30,SOx,40.46
한국중부발전㈜보령발전본부,3,2018-04-30 21:30,NOx,26.66
한국중부발전㈜보령발전본부,3,2018-04-30 22:00,TSP,5.42
한국중부발전㈜보령발전본부,3,2018-04-30 22:00,SOx,38.93
한국중부발전㈜보령발전본부,3,2018-04-30 22:00,NOx,27.79
한국중부발전㈜보령발전본부,3,2018-04-30 22:30,TSP,5.33
한국중부발전㈜보령발전본부,3,2018-04-30 22:30,SOx,40.09
한국중부발전㈜보령발전본부,3,2018-04-30 22:30,NOx,26.32
한국중부발전㈜보령발전본부,3,2018-04-30 23:00,TSP,5.34
한국중부발전㈜보령발전본부,3,2018-04-30 23:00,SOx,40.26
한국중부발전㈜보령발전본부,3,2018-04-30 23:00,NOx,27.59
한국중부발전㈜보령발전본부,3,2018-04-30 23:30,TSP,5.3
한국중부발전㈜보령발전본부,3,2018-04-30 23:30,SOx,39.55
한국중부발전㈜보령발전본부,3,2018-04-30 23:30,NOx,32.57
한국중부발전㈜보령발전본부,3,2018-05-01 00:00,TSP,5.32
한국중부발전㈜보령발전본부,3,2018-05-01 00:00,SOx,40.45
한국중부발전㈜보령발전본부,3,2018-05-01 00:00,NOx,27.47
한국중부발전㈜보령발전본부,3,2018-05-01 00:30,TSP,5.29
한국중부발전㈜보령발전본부,3,2018-05-01 00:30,SOx,38.98
한국중부발전㈜보령발전본부,3,2018-05-01 00:30,NOx,25.85
한국중부발전㈜보령발전본부,3,2018-05-01 01:00,TSP,5.13
한국중부발전㈜보령발전본부,3,2018-05-01 01:00,SOx,38.92
한국중부발전㈜보령발전본부,3,2018-05-01 01:00,NOx,25.25
한국중부발전㈜보령발전본부,3,2018-05-01 01:30,TSP,4.96
한국중부발전㈜보령발전본부,3,2018-05-01 01:30,SOx,38.44
한국중부발전㈜보령발전본부,3,2018-05-01 01:30,NOx,25.88
한국중부발전㈜보령발전본부,3,2018-05-01 02:00,TSP,5.01
한국중부발전㈜보령발전본부,3,2018-05-01 02:00,SOx,40.27
한국중부발전㈜보령발전본부,3,2018-05-01 02:00,NOx,23.95
한국중부발전㈜보령발전본부,3,2018-05-01 02:30,TSP,4.91
한국중부발전㈜보령발전본부,3,2018-05-01 02:30,SOx,39.47
한국중부발전㈜보령발전본부,3,2018-05-01 02:30,NOx,24.59
한국중부발전㈜보령발전본부,3,2018-05-01 03:00,TSP,5.01
한국중부발전㈜보령발전본부,3,2018-05-01 03:00,SOx,40.29
한국중부발전㈜보령발전본부,3,2018-05-01 03:00,NOx,29.05
한국중부발전㈜보령발전본부,3,2018-05-01 03:30,TSP,4.89
한국중부발전㈜보령발전본부,3,2018-05-01 03:30,SOx,39.51
한국중부발전㈜보령발전본부,3,2018-05-01 03:30,NOx,25.51
한국중부발전㈜보령발전본부,3,2018-05-01 04:00,TSP,5.01
한국중부발전㈜보령발전본부,3,2018-05-01 04:00,SOx,39.74
한국중부발전㈜보령발전본부,3,2018-05-01 04:00,NOx,27.09
한국중부발전㈜보령발전본부,3,2018-05-01 04:30,TSP,4.98
한국중부발전㈜보령발전본부,3,2018-05-01 04:30,SOx,39.69
한국중부발전㈜보령발전본부,3,2018-05-01 04:30,NOx,23.77
한국중부발전㈜보령발전본부,3,2018-05-01 05:00,TSP,5.51
한국중부발전㈜보령발전본부,3,2018-05-01 05:00,SOx,39.16
한국중부발전㈜보령발전본부,3,2018-05-01 05:00,NOx,26.55
한국중부발전㈜보령발전본부,3,2018-05-01 05:30,TSP,5.02
한국중부발전㈜보령발전본부,3,2018-05-01 05:30,SOx,36.77
한국중부발전㈜보령발전본부,3,2018-05-01 05:30,NOx,25.12
한국중부발전㈜보령발전본부,3,2018-05-01 06:00,TSP,5.15
한국중부발전㈜보령발전본부,3,2018-05-01 06:00,SOx,37.63
한국중부발전㈜보령발전본부,3,2018-05-01 06:00,NOx,25.03
한국중부발전㈜보령발전본부,3,2018-05-01 06:30,TSP,5.25
한국중부발전㈜보령발전본부,3,2018-05-01 06:30,SOx,38.16
한국중부발전㈜보령발전본부,3,2018-05-01 06:30,NOx,22.99
한국중부발전㈜보령발전본부,3,2018-05-01 07:00,TSP,5.6
한국중부발전㈜보령발전본부,3,2018-05-01 07:00,SOx,37.34
한국중부발전㈜보령발전본부,3,2018-05-01 07:00,NOx,23.56
한국중부발전㈜보령발전본부,3,2018-05-01 07:30,TSP,5.01
한국중부발전㈜보령발전본부,3,2018-05-01 07:30,SOx,38.26
한국중부발전㈜보령발전본부,3,2018-05-01 07:30,NOx,25.34
한국중부발전㈜보령발전본부,3,2018-05-01 08:00,TSP,5.04
한국중부발전㈜보령발전본부,3,2018-05-01 08:00,SOx,37.61
한국중부발전㈜보령발전본부,3,2018-05-01 08:00,NOx,22.97
한국중부발전㈜보령발전본부,3,2018-05-01 08:30,TSP,5.22
한국중부발전㈜보령발전본부,3,2018-05-01 08:30,SOx,37.24
한국중부발전㈜보령발전본부,3,2018-05-01 08:30,NOx,32.77
한국중부발전㈜보령발전본부,3,2018-05-01 09:00,TSP,5.32
한국중부발전㈜보령발전본부,3,2018-05-01 09:00,SOx,33.5
한국중부발전㈜보령발전본부,3,2018-05-01 09:00,NOx,35.86
한국중부발전㈜보령발전본부,3,2018-05-01 09:30,TSP,5.29
한국중부발전㈜보령발전본부,3,2018-05-01 09:30,SOx,28.75
한국중부발전㈜보령발전본부,3,2018-05-01 09:30,NOx,27.19
한국중부발전㈜보령발전본부,3,2018-05-01 10:00,TSP,5.39
한국중부발전㈜보령발전본부,3,2018-05-01 10:00,SOx,32.48
한국중부발전㈜보령발전본부,3,2018-05-01 10:00,NOx,27.04
한국중부발전㈜보령발전본부,3,2018-05-01 10:30,TSP,5.32
한국중부발전㈜보령발전본부,3,2018-05-01 10:30,SOx,35.13
한국중부발전㈜보령발전본부,3,2018-05-01 10:30,NOx,28.26
한국중부발전㈜보령발전본부,3,2018-05-01 11:00,TSP,5.31
한국중부발전㈜보령발전본부,3,2018-05-01 11:00,SOx,36.7
한국중부발전㈜보령발전본부,3,2018-05-01 11:00,NOx,25.03
한국중부발전㈜보령발전본부,3,2018-05-01 11:30,TSP,5.43
한국중부발전㈜보령발전본부,3,2018-05-01 11:30,SOx,37.49
한국중부발전㈜보령발전본부,3,2018-05-01 11:30,NOx,25.63
한국중부발전㈜보령발전본부,3,2018-05-01 12:00,TSP,5.51
한국중부발전㈜보령발전본부,3,2018-05-01 12:00,SOx,37.84
한국중부발전㈜보령발전본부,3,2018-05-01 12:00,NOx,24.94
한국중부발전㈜보령발전본부,3,2018-05-01 12:30,TSP,5.37
한국중부발전㈜보령발전본부,3,2018-05-01 12:30,SOx,37.84
한국중부발전㈜보령발전본부,3,2018-05-01 12:30,NOx,24.94
한국중부발전㈜보령발전본부,3,2018-05-01 13:00,TSP,5.4
한국중부발전㈜보령발전본부,3,2018-05-01 13:00,SOx,37.84
한국중부발전㈜보령발전본부,3,2018-05-01 13:00,NOx,24.94
한국중부발전㈜보령발전본부,3,2018-05-01 13:30,TSP,6.03
한국중부발전㈜보령발전본부,3,2018-05-01 13:30,SOx,36.94
한국중부발전㈜보령발전본부,3,2018-05-01 13:30,NOx,24.86
한국중부발전㈜보령발전본부,3,2018-05-01 14:00,TSP,5.35
한국중부발전㈜보령발전본부,3,2018-05-01 14:00,SOx,37.32
한국중부발전㈜보령발전본부,3,2018-05-01 14:00,NOx,24.37
한국중부발전㈜보령발전본부,3,2018-05-01 14:30,TSP,5.34
한국중부발전㈜보령발전본부,3,2018-05-01 14:30,SOx,38.49
한국중부발전㈜보령발전본부,3,2018-05-01 14:30,NOx,24.49
한국중부발전㈜보령발전본부,3,2018-05-01 15:00,TSP,5.58
한국중부발전㈜보령발전본부,3,2018-05-01 15:00,SOx,37.48
한국중부발전㈜보령발전본부,3,2018-05-01 15:00,NOx,23.57
한국중부발전㈜보령발전본부,3,2018-05-01 15:30,TSP,5.62
한국중부발전㈜보령발전본부,3,2018-05-01 15:30,SOx,38.19
한국중부발전㈜보령발전본부,3,2018-05-01 15:30,NOx,22.18
한국중부발전㈜보령발전본부,3,2018-05-01 16:00,TSP,5.14
한국중부발전㈜보령발전본부,3,2018-05-01 16:00,SOx,37.44
한국중부발전㈜보령발전본부,3,2018-05-01 16:00,NOx,22.26
한국중부발전㈜보령발전본부,3,2018-05-01 16:30,TSP,4.78
한국중부발전㈜보령발전본부,3,2018-05-01 16:30,SOx,38.6
한국중부발전㈜보령발전본부,3,2018-05-01 16:30,NOx,23.17
한국중부발전㈜보령발전본부,3,2018-05-01 17:00,TSP,4.96
한국중부발전㈜보령발전본부,3,2018-05-01 17:00,SOx,37.98
한국중부발전㈜보령발전본부,3,2018-05-01 17:00,NOx,22.17
한국중부발전㈜보령발전본부,3,2018-05-01 17:30,TSP,4.83
한국중부발전㈜보령발전본부,3,2018-05-01 17:30,SOx,37.83
한국중부발전㈜보령발전본부,3,2018-05-01 17:30,NOx,22.3
한국중부발전㈜보령발전본부,3,2018-05-01 18:00,TSP,5.02
한국중부발전㈜보령발전본부,3,2018-05-01 18:00,SOx,38.35
한국중부발전㈜보령발전본부,3,2018-05-01 18:00,NOx,23.19
한국중부발전㈜보령발전본부,3,2018-05-01 18:30,TSP,5.02
한국중부발전㈜보령발전본부,3,2018-05-01 18:30,SOx,37.55
한국중부발전㈜보령발전본부,3,2018-05-01 18:30,NOx,23.32
한국중부발전㈜보령발전본부,3,2018-05-01 19:00,TSP,5.25
한국중부발전㈜보령발전본부,3,2018-05-01 19:00,SOx,36.15
한국중부발전㈜보령발전본부,3,2018-05-01 19:00,NOx,23.32
한국중부발전㈜보령발전본부,3,2018-05-01 19:30,TSP,4.95
한국중부발전㈜보령발전본부,3,2018-05-01 19:30,SOx,32.52
한국중부발전㈜보령발전본부,3,2018-05-01 19:30,NOx,22.89
한국중부발전㈜보령발전본부,3,2018-05-01 20:00,TSP,5.21
한국중부발전㈜보령발전본부,3,2018-05-01 20:00,SOx,28.98
한국중부발전㈜보령발전본부,3,2018-05-01 20:00,NOx,24.5
한국중부발전㈜보령발전본부,3,2018-05-01 20:30,TSP,5.16
한국중부발전㈜보령발전본부,3,2018-05-01 20:30,SOx,27.81
한국중부발전㈜보령발전본부,3,2018-05-01 20:30,NOx,24.02
한국중부발전㈜보령발전본부,3,2018-05-01 21:00,TSP,5.41
한국중부발전㈜보령발전본부,3,2018-05-01 21:00,SOx,27.06
한국중부발전㈜보령발전본부,3,2018-05-01 21:00,NOx,24.47
한국중부발전㈜보령발전본부,3,2018-05-01 21:30,TSP,4.68
한국중부발전㈜보령발전본부,3,2018-05-01 21:30,SOx,29.53
한국중부발전㈜보령발전본부,3,2018-05-01 21:30,NOx,22.55
한국중부발전㈜보령발전본부,3,2018-05-01 22:00,TSP,4.89
한국중부발전㈜보령발전본부,3,2018-05-01 22:00,SOx,32.64
한국중부발전㈜보령발전본부,3,2018-05-01 22:00,NOx,21.85
한국중부발전㈜보령발전본부,3,2018-05-01 22:30,TSP,4.59
한국중부발전㈜보령발전본부,3,2018-05-01 22:30,SOx,36.18
한국중부발전㈜보령발전본부,3,2018-05-01 22:30,NOx,22.16
한국중부발전㈜보령발전본부,3,2018-05-01 23:00,TSP,4.65
한국중부발전㈜보령발전본부,3,2018-05-01 23:00,SOx,38.82
한국중부발전㈜보령발전본부,3,2018-05-01 23:00,NOx,20.95
한국중부발전㈜보령발전본부,3,2018-05-01 23:30,TSP,4.63
한국중부발전㈜보령발전본부,3,2018-05-01 23:30,SOx,37.36
한국중부발전㈜보령발전본부,3,2018-05-01 23:30,NOx,22.88
한국중부발전㈜보령발전본부,3,2018-05-02 00:00,TSP,4.77
한국중부발전㈜보령발전본부,3,2018-05-02 00:00,SOx,38.96
한국중부발전㈜보령발전본부,3,2018-05-02 00:00,NOx,21.64
한국중부발전㈜보령발전본부,3,2018-05-02 00:30,TSP,4.56
한국중부발전㈜보령발전본부,3,2018-05-02 00:30,SOx,37.41
한국중부발전㈜보령발전본부,3,2018-05-02 00:30,NOx,22.04
한국중부발전㈜보령발전본부,3,2018-05-02 01:00,TSP,4.74
한국중부발전㈜보령발전본부,3,2018-05-02 01:00,SOx,38.99
한국중부발전㈜보령발전본부,3,2018-05-02 01:00,NOx,22.96
한국중부발전㈜보령발전본부,3,2018-05-02 01:30,TSP,4.49
한국중부발전㈜보령발전본부,3,2018-05-02 01:30,SOx,37.16
한국중부발전㈜보령발전본부,3,2018-05-02 01:30,NOx,21.94
한국중부발전㈜보령발전본부,3,2018-05-02 02:00,TSP,4.68
한국중부발전㈜보령발전본부,3,2018-05-02 02:00,SOx,38.71
한국중부발전㈜보령발전본부,3,2018-05-02 02:00,NOx,21.61
한국중부발전㈜보령발전본부,3,2018-05-02 02:30,TSP,4.48
한국중부발전㈜보령발전본부,3,2018-05-02 02:30,SOx,37.23
한국중부발전㈜보령발전본부,3,2018-05-02 02:30,NOx,22.39
한국중부발전㈜보령발전본부,3,2018-05-02 03:00,TSP,4.47
한국중부발전㈜보령발전본부,3,2018-05-02 03:00,SOx,38.43
한국중부발전㈜보령발전본부,3,2018-05-02 03:00,NOx,20.22
한국중부발전㈜보령발전본부,3,2018-05-02 03:30,TSP,5.1
한국중부발전㈜보령발전본부,3,2018-05-02 03:30,SOx,37.53
한국중부발전㈜보령발전본부,3,2018-05-02 03:30,NOx,21.04
한국중부발전㈜보령발전본부,3,2018-05-02 04:00,TSP,4.87
한국중부발전㈜보령발전본부,3,2018-05-02 04:00,SOx,38.52
한국중부발전㈜보령발전본부,3,2018-05-02 04:00,NOx,21.47
한국중부발전㈜보령발전본부,3,2018-05-02 04:30,TSP,4.71
한국중부발전㈜보령발전본부,3,2018-05-02 04:30,SOx,36.4
한국중부발전㈜보령발전본부,3,2018-05-02 04:30,NOx,22.35
한국중부발전㈜보령발전본부,3,2018-05-02 05:00,TSP,4.89
한국중부발전㈜보령발전본부,3,2018-05-02 05:00,SOx,38.56
한국중부발전㈜보령발전본부,3,2018-05-02 05:00,NOx,22.82
한국중부발전㈜보령발전본부,3,2018-05-02 05:30,TSP,5.09
한국중부발전㈜보령발전본부,3,2018-05-02 05:30,SOx,37.37
한국중부발전㈜보령발전본부,3,2018-05-02 05:30,NOx,23.02
한국중부발전㈜보령발전본부,3,2018-05-02 06:00,TSP,5.13
한국중부발전㈜보령발전본부,3,2018-05-02 06:00,SOx,38.4
한국중부발전㈜보령발전본부,3,2018-05-02 06:00,NOx,22.33
한국중부발전㈜보령발전본부,3,2018-05-02 06:30,TSP,4.62
한국중부발전㈜보령발전본부,3,2018-05-02 06:30,SOx,38.1
한국중부발전㈜보령발전본부,3,2018-05-02 06:30,NOx,22.26
한국중부발전㈜보령발전본부,3,2018-05-02 07:00,TSP,4.69
한국중부발전㈜보령발전본부,3,2018-05-02 07:00,SOx,37.83
한국중부발전㈜보령발전본부,3,2018-05-02 07:00,NOx,22.3
한국중부발전㈜보령발전본부,3,2018-05-02 07:30,TSP,4.61
한국중부발전㈜보령발전본부,3,2018-05-02 07:30,SOx,37.73
한국중부발전㈜보령발전본부,3,2018-05-02 07:30,NOx,23.53
한국중부발전㈜보령발전본부,3,2018-05-02 08:00,TSP,4.8
한국중부발전㈜보령발전본부,3,2018-05-02 08:00,SOx,39.53
한국중부발전㈜보령발전본부,3,2018-05-02 08:00,NOx,26.15
한국중부발전㈜보령발전본부,3,2018-05-02 08:30,TSP,4.92
한국중부발전㈜보령발전본부,3,2018-05-02 08:30,SOx,35.62
한국중부발전㈜보령발전본부,3,2018-05-02 08:30,NOx,33.17
한국중부발전㈜보령발전본부,3,2018-05-02 09:00,TSP,5.0
한국중부발전㈜보령발전본부,3,2018-05-02 09:00,SOx,35.58
한국중부발전㈜보령발전본부,3,2018-05-02 09:00,NOx,25.39
한국중부발전㈜보령발전본부,3,2018-05-02 09:30,TSP,5.0
한국중부발전㈜보령발전본부,3,2018-05-02 09:30,SOx,35.58
한국중부발전㈜보령발전본부,3,2018-05-02 09:30,NOx,25.39
한국중부발전㈜보령발전본부,3,2018-05-02 10:00,TSP,5.0
한국중부발전㈜보령발전본부,3,2018-05-02 10:00,SOx,35.58
한국중부발전㈜보령발전본부,3,2018-05-02 10:00,NOx,25.39
한국중부발전㈜보령발전본부,3,2018-05-02 10:30,TSP,5.0
한국중부발전㈜보령발전본부,3,2018-05-02 10:30,SOx,35.58
한국중부발전㈜보령발전본부,3,2018-05-02 10:30,NOx,25.39
한국중부발전㈜보령발전본부,3,2018-05-02 11:00,TSP,5.0
한국중부발전㈜보령발전본부,3,2018-05-02 11:00,SOx,35.58
한국중부발전㈜보령발전본부,3,2018-05-02 11:00,NOx,25.39
한국중부발전㈜보령발전본부,3,2018-05-02 11:30,TSP,5.0
한국중부발전㈜보령발전본부,3,2018-05-02 11:30,SOx,35.58
한국중부발전㈜보령발전본부,3,2018-05-02 11:30,NOx,25.39
한국중부발전㈜보령발전본부,3,2018-05-02 12:00,TSP,5.0
한국중부발전㈜보령발전본부,3,2018-05-02 12:00,SOx,35.58
한국중부발전㈜보령발전본부,3,2018-05-02 12:00,NOx,25.39
한국중부발전㈜보령발전본부,3,2018-05-02 12:30,TSP,5.0
한국중부발전㈜보령발전본부,3,2018-05-02 12:30,SOx,35.58
한국중부발전㈜보령발전본부,3,2018-05-02 12:30,NOx,25.39
한국중부발전㈜보령발전본부,3,2018-05-02 13:00,TSP,5.0
한국중부발전㈜보령발전본부,3,2018-05-02 13:00,SOx,35.58
한국중부발전㈜보령발전본부,3,2018-05-02 13:00,NOx,25.39
한국중부발전㈜보령발전본부,3,2018-05-02 13:30,TSP,5.0
한국중부발전㈜보령발전본부,3,2018-05-02 13:30,SOx,35.58
한국중부발전㈜보령발전본부,3,2018-05-02 13:30,NOx,25.39
한국중부발전㈜보령발전본부,3,2018-05-02 14:00,TSP,5.0
한국중부발전㈜보령발전본부,3,2018-05-02 14:00,SOx,35.58
한국중부발전㈜보령발전본부,3,2018-05-02 14:00,NOx,25.39
한국중부발전㈜보령발전본부,3,2018-05-02 14:30,TSP,5.0
한국중부발전㈜보령발전본부,3,2018-05-02 14:30,SOx,35.58
한국중부발전㈜보령발전본부,3,2018-05-02 14:30,NOx,25.39
한국중부발전㈜보령발전본부,3,2018-05-02 15:00,TSP,4.82
한국중부발전㈜보령발전본부,3,2018-05-02 15:00,SOx,36.38
한국중부발전㈜보령발전본부,3,2018-05-02 15:00,NOx,21.15
한국중부발전㈜보령발전본부,3,2018-05-02 15:30,TSP,4.97
한국중부발전㈜보령발전본부,3,2018-05-02 15:30,SOx,34.48
한국중부발전㈜보령발전본부,3,2018-05-02 15:30,NOx,21.19
한국중부발전㈜보령발전본부,3,2018-05-02 16:00,TSP,4.48
한국중부발전㈜보령발전본부,3,2018-05-02 16:00,SOx,31.15
한국중부발전㈜보령발전본부,3,2018-05-02 16:00,NOx,20.36
한국중부발전㈜보령발전본부,3,2018-05-02 16:30,TSP,4.53
한국중부발전㈜보령발전본부,3,2018-05-02 16:30,SOx,33.22
한국중부발전㈜보령발전본부,3,2018-05-02 16:30,NOx,22.16
한국중부발전㈜보령발전본부,3,2018-05-02 17:00,TSP,4.72
한국중부발전㈜보령발전본부,3,2018-05-02 17:00,SOx,34.0
한국중부발전㈜보령발전본부,3,2018-05-02 17:00,NOx,20.95
한국중부발전㈜보령발전본부,3,2018-05-02 17:30,TSP,4.91
한국중부발전㈜보령발전본부,3,2018-05-02 17:30,SOx,32.59
한국중부발전㈜보령발전본부,3,2018-05-02 17:30,NOx,22.84
한국중부발전㈜보령발전본부,3,2018-05-02 18:00,TSP,4.13
한국중부발전㈜보령발전본부,3,2018-05-02 18:00,SOx,31.4
한국중부발전㈜보령발전본부,3,2018-05-02 18:00,NOx,22.31
한국중부발전㈜보령발전본부,3,2018-05-02 18:30,TSP,4.15
한국중부발전㈜보령발전본부,3,2018-05-02 18:30,SOx,28.14
한국중부발전㈜보령발전본부,3,2018-05-02 18:30,NOx,20.35
한국중부발전㈜보령발전본부,3,2018-05-02 19:00,TSP,4.19
한국중부발전㈜보령발전본부,3,2018-05-02 19:00,SOx,26.3
한국중부발전㈜보령발전본부,3,2018-05-02 19:00,NOx,21.5
한국중부발전㈜보령발전본부,3,2018-05-02 19:30,TSP,4.32
한국중부발전㈜보령발전본부,3,2018-05-02 19:30,SOx,25.09
한국중부발전㈜보령발전본부,3,2018-05-02 19:30,NOx,20.98
한국중부발전㈜보령발전본부,3,2018-05-02 20:00,TSP,4.17
한국중부발전㈜보령발전본부,3,2018-05-02 20:00,SOx,26.64
한국중부발전㈜보령발전본부,3,2018-05-02 20:00,NOx,22.14
한국중부발전㈜보령발전본부,3,2018-05-02 20:30,TSP,4.08
한국중부발전㈜보령발전본부,3,2018-05-02 20:30,SOx,29.3
한국중부발전㈜보령발전본부,3,2018-05-02 20:30,NOx,23.84
한국중부발전㈜보령발전본부,3,2018-05-02 21:00,TSP,4.16
한국중부발전㈜보령발전본부,3,2018-05-02 21:00,SOx,29.89
한국중부발전㈜보령발전본부,3,2018-05-02 21:00,NOx,22.36
한국중부발전㈜보령발전본부,3,2018-05-02 21:30,TSP,4.07
한국중부발전㈜보령발전본부,3,2018-05-02 21:30,SOx,31.05
한국중부발전㈜보령발전본부,3,2018-05-02 21:30,NOx,20.04
한국중부발전㈜보령발전본부,3,2018-05-02 22:00,TSP,4.03
한국중부발전㈜보령발전본부,3,2018-05-02 22:00,SOx,29.57
한국중부발전㈜보령발전본부,3,2018-05-02 22:00,NOx,20.22
한국중부발전㈜보령발전본부,3,2018-05-02 22:30,TSP,3.86
한국중부발전㈜보령발전본부,3,2018-05-02 22:30,SOx,29.01
한국중부발전㈜보령발전본부,3,2018-05-02 22:30,NOx,19.08
한국중부발전㈜보령발전본부,3,2018-05-02 23:00,TSP,4.61
한국중부발전㈜보령발전본부,3,2018-05-02 23:00,SOx,28.11
한국중부발전㈜보령발전본부,3,2018-05-02 23:00,NOx,21.77
한국중부발전㈜보령발전본부,3,2018-05-02 23:30,TSP,4.14
한국중부발전㈜보령발전본부,3,2018-05-02 23:30,SOx,27.39
한국중부발전㈜보령발전본부,3,2018-05-02 23:30,NOx,23.62
한국중부발전㈜보령발전본부,3,2018-05-03 00:00,TSP,4.57
한국중부발전㈜보령발전본부,3,2018-05-03 00:00,SOx,27.71
한국중부발전㈜보령발전본부,3,2018-05-03 00:00,NOx,22.8
한국중부발전㈜보령발전본부,3,2018-05-03 00:30,TSP,4.6
한국중부발전㈜보령발전본부,3,2018-05-03 00:30,SOx,27.54
한국중부발전㈜보령발전본부,3,2018-05-03 00:30,NOx,21.7
한국중부발전㈜보령발전본부,3,2018-05-03 01:00,TSP,4.96
한국중부발전㈜보령발전본부,3,2018-05-03 01:00,SOx,27.26
한국중부발전㈜보령발전본부,3,2018-05-03 01:00,NOx,23.76
한국중부발전㈜보령발전본부,3,2018-05-03 01:30,TSP,4.35
한국중부발전㈜보령발전본부,3,2018-05-03 01:30,SOx,26.58
한국중부발전㈜보령발전본부,3,2018-05-03 01:30,NOx,20.93
한국중부발전㈜보령발전본부,3,2018-05-03 02:00,TSP,4.34
한국중부발전㈜보령발전본부,3,2018-05-03 02:00,SOx,27.11
한국중부발전㈜보령발전본부,3,2018-05-03 02:00,NOx,23.13
한국중부발전㈜보령발전본부,3,2018-05-03 02:30,TSP,4.07
한국중부발전㈜보령발전본부,3,2018-05-03 02:30,SOx,27.37
한국중부발전㈜보령발전본부,3,2018-05-03 02:30,NOx,23.39
한국중부발전㈜보령발전본부,3,2018-05-03 03:00,TSP,4.27
한국중부발전㈜보령발전본부,3,2018-05-03 03:00,SOx,28.47
한국중부발전㈜보령발전본부,3,2018-05-03 03:00,NOx,21.69
한국중부발전㈜보령발전본부,3,2018-05-03 03:30,TSP,4.14
한국중부발전㈜보령발전본부,3,2018-05-03 03:30,SOx,28.97
한국중부발전㈜보령발전본부,3,2018-05-03 03:30,NOx,22.27
한국중부발전㈜보령발전본부,3,2018-05-03 04:00,TSP,4.21
한국중부발전㈜보령발전본부,3,2018-05-03 04:00,SOx,29.8
한국중부발전㈜보령발전본부,3,2018-05-03 04:00,NOx,22.09
한국중부발전㈜보령발전본부,3,2018-05-03 04:30,TSP,3.96
한국중부발전㈜보령발전본부,3,2018-05-03 04:30,SOx,30.21
한국중부발전㈜보령발전본부,3,2018-05-03 04:30,NOx,21.28
한국중부발전㈜보령발전본부,3,2018-05-03 05:00,TSP,4.17
한국중부발전㈜보령발전본부,3,2018-05-03 05:00,SOx,31.36
한국중부발전㈜보령발전본부,3,2018-05-03 05:00,NOx,21.29
한국중부발전㈜보령발전본부,3,2018-05-03 05:30,TSP,3.98
한국중부발전㈜보령발전본부,3,2018-05-03 05:30,SOx,31.66
한국중부발전㈜보령발전본부,3,2018-05-03 05:30,NOx,20.2
한국중부발전㈜보령발전본부,3,2018-05-03 06:00,TSP,4.0
한국중부발전㈜보령발전본부,3,2018-05-03 06:00,SOx,32.55
한국중부발전㈜보령발전본부,3,2018-05-03 06:00,NOx,21.43
한국중부발전㈜보령발전본부,3,2018-05-03 06:30,TSP,4.15
한국중부발전㈜보령발전본부,3,2018-05-03 06:30,SOx,32.52
한국중부발전㈜보령발전본부,3,2018-05-03 06:30,NOx,20.64
한국중부발전㈜보령발전본부,3,2018-05-03 07:00,TSP,4.8
한국중부발전㈜보령발전본부,3,2018-05-03 07:00,SOx,33.73
한국중부발전㈜보령발전본부,3,2018-05-03 07:00,NOx,21.45
한국중부발전㈜보령발전본부,3,2018-05-03 07:30,TSP,5.04
한국중부발전㈜보령발전본부,3,2018-05-03 07:30,SOx,32.15
한국중부발전㈜보령발전본부,3,2018-05-03 07:30,NOx,23.43
한국중부발전㈜보령발전본부,3,2018-05-03 08:00,TSP,4.8
한국중부발전㈜보령발전본부,3,2018-05-03 08:00,SOx,33.12
한국중부발전㈜보령발전본부,3,2018-05-03 08:00,NOx,24.27
한국중부발전㈜보령발전본부,3,2018-05-03 08:30,TSP,5.01
한국중부발전㈜보령발전본부,3,2018-05-03 08:30,SOx,32.64
한국중부발전㈜보령발전본부,3,2018-05-03 08:30,NOx,22.97
한국중부발전㈜보령발전본부,3,2018-05-03 09:00,TSP,5.21
한국중부발전㈜보령발전본부,3,2018-05-03 09:00,SOx,33.57
한국중부발전㈜보령발전본부,3,2018-05-03 09:00,NOx,26.24
한국중부발전㈜보령발전본부,3,2018-05-03 09:30,TSP,5.31
한국중부발전㈜보령발전본부,3,2018-05-03 09:30,SOx,35.39
한국중부발전㈜보령발전본부,3,2018-05-03 09:30,NOx,22.99
한국중부발전㈜보령발전본부,3,2018-05-03 10:00,TSP,4.87
한국중부발전㈜보령발전본부,3,2018-05-03 10:00,SOx,27.28
한국중부발전㈜보령발전본부,3,2018-05-03 10:00,NOx,30.44
한국중부발전㈜보령발전본부,3,2018-05-03 10:30,TSP,4.88
한국중부발전㈜보령발전본부,3,2018-05-03 10:30,SOx,28.6
한국중부발전㈜보령발전본부,3,2018-05-03 10:30,NOx,32.63
한국중부발전㈜보령발전본부,3,2018-05-03 11:00,TSP,4.53
한국중부발전㈜보령발전본부,3,2018-05-03 11:00,SOx,30.05
한국중부발전㈜보령발전본부,3,2018-05-03 11:00,NOx,22.45
한국중부발전㈜보령발전본부,3,2018-05-03 11:30,TSP,4.91
한국중부발전㈜보령발전본부,3,2018-05-03 11:30,SOx,32.19
한국중부발전㈜보령발전본부,3,2018-05-03 11:30,NOx,26.28
한국중부발전㈜보령발전본부,3,2018-05-03 12:00,TSP,5.14
한국중부발전㈜보령발전본부,3,2018-05-03 12:00,SOx,33.35
한국중부발전㈜보령발전본부,3,2018-05-03 12:00,NOx,23.14
한국중부발전㈜보령발전본부,3,2018-05-03 12:30,TSP,4.95
한국중부발전㈜보령발전본부,3,2018-05-03 12:30,SOx,33.35
한국중부발전㈜보령발전본부,3,2018-05-03 12:30,NOx,23.14
한국중부발전㈜보령발전본부,3,2018-05-03 13:00,TSP,4.87
한국중부발전㈜보령발전본부,3,2018-05-03 13:00,SOx,33.35
한국중부발전㈜보령발전본부,3,2018-05-03 13:00,NOx,23.14
한국중부발전㈜보령발전본부,3,2018-05-03 13:30,TSP,4.74
한국중부발전㈜보령발전본부,3,2018-05-03 13:30,SOx,33.8
한국중부발전㈜보령발전본부,3,2018-05-03 13:30,NOx,25.55
한국중부발전㈜보령발전본부,3,2018-05-03 14:00,TSP,4.96
한국중부발전㈜보령발전본부,3,2018-05-03 14:00,SOx,33.08
한국중부발전㈜보령발전본부,3,2018-05-03 14:00,NOx,23.44
한국중부발전㈜보령발전본부,3,2018-05-03 14:30,TSP,5.13
한국중부발전㈜보령발전본부,3,2018-05-03 14:30,SOx,35.81
한국중부발전㈜보령발전본부,3,2018-05-03 14:30,NOx,23.28
한국중부발전㈜보령발전본부,3,2018-05-03 15:00,TSP,4.91
한국중부발전㈜보령발전본부,3,2018-05-03 15:00,SOx,34.28
한국중부발전㈜보령발전본부,3,2018-05-03 15:00,NOx,23.41
한국중부발전㈜보령발전본부,3,2018-05-03 15:30,TSP,5.09
한국중부발전㈜보령발전본부,3,2018-05-03 15:30,SOx,35.96
한국중부발전㈜보령발전본부,3,2018-05-03 15:30,NOx,25.62
한국중부발전㈜보령발전본부,3,2018-05-03 16:00,TSP,5.29
한국중부발전㈜보령발전본부,3,2018-05-03 16:00,SOx,34.41
한국중부발전㈜보령발전본부,3,2018-05-03 16:00,NOx,23.66
한국중부발전㈜보령발전본부,3,2018-05-03 16:30,TSP,5.36
한국중부발전㈜보령발전본부,3,2018-05-03 16:30,SOx,35.27
한국중부발전㈜보령발전본부,3,2018-05-03 16:30,NOx,25.49
한국중부발전㈜보령발전본부,3,2018-05-03 17:00,TSP,4.73
한국중부발전㈜보령발전본부,3,2018-05-03 17:00,SOx,34.86
한국중부발전㈜보령발전본부,3,2018-05-03 17:00,NOx,23.65
한국중부발전㈜보령발전본부,3,2018-05-03 17:30,TSP,4.6
한국중부발전㈜보령발전본부,3,2018-05-03 17:30,SOx,34.85
한국중부발전㈜보령발전본부,3,2018-05-03 17:30,NOx,24.91
한국중부발전㈜보령발전본부,3,2018-05-03 18:00,TSP,4.66
한국중부발전㈜보령발전본부,3,2018-05-03 18:00,SOx,35.18
한국중부발전㈜보령발전본부,3,2018-05-03 18:00,NOx,24.89
한국중부발전㈜보령발전본부,3,2018-05-03 18:30,TSP,4.66
한국중부발전㈜보령발전본부,3,2018-05-03 18:30,SOx,34.94
한국중부발전㈜보령발전본부,3,2018-05-03 18:30,NOx,23.48
한국중부발전㈜보령발전본부,3,2018-05-03 19:00,TSP,4.67
한국중부발전㈜보령발전본부,3,2018-05-03 19:00,SOx,33.91
한국중부발전㈜보령발전본부,3,2018-05-03 19:00,NOx,24.43
한국중부발전㈜보령발전본부,3,2018-05-03 19:30,TSP,4.72
한국중부발전㈜보령발전본부,3,2018-05-03 19:30,SOx,32.47
한국중부발전㈜보령발전본부,3,2018-05-03 19:30,NOx,24.06
한국중부발전㈜보령발전본부,3,2018-05-03 20:00,TSP,4.63
한국중부발전㈜보령발전본부,3,2018-05-03 20:00,SOx,33.58
한국중부발전㈜보령발전본부,3,2018-05-03 20:00,NOx,23.89
한국중부발전㈜보령발전본부,3,2018-05-03 20:30,TSP,4.51
한국중부발전㈜보령발전본부,3,2018-05-03 20:30,SOx,34.16
한국중부발전㈜보령발전본부,3,2018-05-03 20:30,NOx,21.85
한국중부발전㈜보령발전본부,3,2018-05-03 21:00,TSP,4.49
한국중부발전㈜보령발전본부,3,2018-05-03 21:00,SOx,34.54
한국중부발전㈜보령발전본부,3,2018-05-03 21:00,NOx,25.22
한국중부발전㈜보령발전본부,3,2018-05-03 21:30,TSP,4.61
한국중부발전㈜보령발전본부,3,2018-05-03 21:30,SOx,35.25
한국중부발전㈜보령발전본부,3,2018-05-03 21:30,NOx,25.21
한국중부발전㈜보령발전본부,3,2018-05-03 22:00,TSP,4.59
한국중부발전㈜보령발전본부,3,2018-05-03 22:00,SOx,32.83
한국중부발전㈜보령발전본부,3,2018-05-03 22:00,NOx,24.43
한국중부발전㈜보령발전본부,3,2018-05-03 22:30,TSP,5.74
한국중부발전㈜보령발전본부,3,2018-05-03 22:30,SOx,33.53
한국중부발전㈜보령발전본부,3,2018-05-03 22:30,NOx,23.25
한국중부발전㈜보령발전본부,3,2018-05-03 23:00,TSP,4.96
한국중부발전㈜보령발전본부,3,2018-05-03 23:00,SOx,34.77
한국중부발전㈜보령발전본부,3,2018-05-03 23:00,NOx,22.02
한국중부발전㈜보령발전본부,3,2018-05-03 23:30,TSP,5.06
한국중부발전㈜보령발전본부,3,2018-05-03 23:30,SOx,35.12
한국중부발전㈜보령발전본부,3,2018-05-03 23:30,NOx,23.59
한국중부발전㈜보령발전본부,3,2018-05-04 00:00,TSP,5.2
한국중부발전㈜보령발전본부,3,2018-05-04 00:00,SOx,34.98
한국중부발전㈜보령발전본부,3,2018-05-04 00:00,NOx,25.37
한국중부발전㈜보령발전본부,3,2018-05-04 00:30,TSP,5.47
한국중부발전㈜보령발전본부,3,2018-05-04 00:30,SOx,35.36
한국중부발전㈜보령발전본부,3,2018-05-04 00:30,NOx,23.51
한국중부발전㈜보령발전본부,3,2018-05-04 01:00,TSP,5.01
한국중부발전㈜보령발전본부,3,2018-05-04 01:00,SOx,34.69
한국중부발전㈜보령발전본부,3,2018-05-04 01:00,NOx,22.92
한국중부발전㈜보령발전본부,3,2018-05-04 01:30,TSP,4.87
한국중부발전㈜보령발전본부,3,2018-05-04 01:30,SOx,35.38
한국중부발전㈜보령발전본부,3,2018-05-04 01:30,NOx,23.3
한국중부발전㈜보령발전본부,3,2018-05-04 02:00,TSP,5.02
한국중부발전㈜보령발전본부,3,2018-05-04 02:00,SOx,34.81
한국중부발전㈜보령발전본부,3,2018-05-04 02:00,NOx,24.42
한국중부발전㈜보령발전본부,3,2018-05-04 02:30,TSP,5.05
한국중부발전㈜보령발전본부,3,2018-05-04 02:30,SOx,35.14
한국중부발전㈜보령발전본부,3,2018-05-04 02:30,NOx,24.97
한국중부발전㈜보령발전본부,3,2018-05-04 03:00,TSP,4.91
한국중부발전㈜보령발전본부,3,2018-05-04 03:00,SOx,34.98
한국중부발전㈜보령발전본부,3,2018-05-04 03:00,NOx,24.82
한국중부발전㈜보령발전본부,3,2018-05-04 03:30,TSP,5.0
한국중부발전㈜보령발전본부,3,2018-05-04 03:30,SOx,35.03
한국중부발전㈜보령발전본부,3,2018-05-04 03:30,NOx,25.04
한국중부발전㈜보령발전본부,3,2018-05-04 04:00,TSP,4.84
한국중부발전㈜보령발전본부,3,2018-05-04 04:00,SOx,35.35
한국중부발전㈜보령발전본부,3,2018-05-04 04:00,NOx,25.27
한국중부발전㈜보령발전본부,3,2018-05-04 04:30,TSP,4.91
한국중부발전㈜보령발전본부,3,2018-05-04 04:30,SOx,35.11
한국중부발전㈜보령발전본부,3,2018-05-04 04:30,NOx,27.16
한국중부발전㈜보령발전본부,3,2018-05-04 05:00,TSP,4.64
한국중부발전㈜보령발전본부,3,2018-05-04 05:00,SOx,35.56
한국중부발전㈜보령발전본부,3,2018-05-04 05:00,NOx,27.64
한국중부발전㈜보령발전본부,3,2018-05-04 05:30,TSP,4.8
한국중부발전㈜보령발전본부,3,2018-05-04 05:30,SOx,34.97
한국중부발전㈜보령발전본부,3,2018-05-04 05:30,NOx,28.0
한국중부발전㈜보령발전본부,3,2018-05-04 06:00,TSP,4.5
한국중부발전㈜보령발전본부,3,2018-05-04 06:00,SOx,34.76
한국중부발전㈜보령발전본부,3,2018-05-04 06:00,NOx,24.14
한국중부발전㈜보령발전본부,3,2018-05-04 06:30,TSP,4.74
한국중부발전㈜보령발전본부,3,2018-05-04 06:30,SOx,34.82
한국중부발전㈜보령발전본부,3,2018-05-04 06:30,NOx,23.06
한국중부발전㈜보령발전본부,3,2018-05-04 07:00,TSP,5.71
한국중부발전㈜보령발전본부,3,2018-05-04 07:00,SOx,35.43
한국중부발전㈜보령발전본부,3,2018-05-04 07:00,NOx,23.41
한국중부발전㈜보령발전본부,3,2018-05-04 07:30,TSP,5.43
한국중부발전㈜보령발전본부,3,2018-05-04 07:30,SOx,35.35
한국중부발전㈜보령발전본부,3,2018-05-04 07:30,NOx,24.82
한국중부발전㈜보령발전본부,3,2018-05-04 08:00,TSP,5.3
한국중부발전㈜보령발전본부,3,2018-05-04 08:00,SOx,37.93
한국중부발전㈜보령발전본부,3,2018-05-04 08:00,NOx,25.45
한국중부발전㈜보령발전본부,3,2018-05-04 08:30,TSP,5.56
한국중부발전㈜보령발전본부,3,2018-05-04 08:30,SOx,39.59
한국중부발전㈜보령발전본부,3,2018-05-04 08:30,NOx,26.09
한국중부발전㈜보령발전본부,3,2018-05-04 09:00,TSP,5.72
한국중부발전㈜보령발전본부,3,2018-05-04 09:00,SOx,40.69
한국중부발전㈜보령발전본부,3,2018-05-04 09:00,NOx,26.96
한국중부발전㈜보령발전본부,3,2018-05-04 09:30,TSP,5.98
한국중부발전㈜보령발전본부,3,2018-05-04 09:30,SOx,40.38
한국중부발전㈜보령발전본부,3,2018-05-04 09:30,NOx,28.21
한국중부발전㈜보령발전본부,3,2018-05-04 10:00,TSP,5.13
한국중부발전㈜보령발전본부,3,2018-05-04 10:00,SOx,40.96
한국중부발전㈜보령발전본부,3,2018-05-04 10:00,NOx,34.93
한국중부발전㈜보령발전본부,3,2018-05-04 10:30,TSP,5.15
한국중부발전㈜보령발전본부,3,2018-05-04 10:30,SOx,39.35
한국중부발전㈜보령발전본부,3,2018-05-04 10:30,NOx,36.03
한국중부발전㈜보령발전본부,3,2018-05-04 11:00,TSP,5.09
한국중부발전㈜보령발전본부,3,2018-05-04 11:00,SOx,39.57
한국중부발전㈜보령발전본부,3,2018-05-04 11:00,NOx,27.01
한국중부발전㈜보령발전본부,3,2018-05-04 11:30,TSP,5.43
한국중부발전㈜보령발전본부,3,2018-05-04 11:30,SOx,39.64
한국중부발전㈜보령발전본부,3,2018-05-04 11:30,NOx,27.22
한국중부발전㈜보령발전본부,3,2018-05-04 12:00,TSP,5.43
한국중부발전㈜보령발전본부,3,2018-05-04 12:00,SOx,38.71
한국중부발전㈜보령발전본부,3,2018-05-04 12:00,NOx,26.11
한국중부발전㈜보령발전본부,3,2018-05-04 12:30,TSP,4.81
한국중부발전㈜보령발전본부,3,2018-05-04 12:30,SOx,38.71
한국중부발전㈜보령발전본부,3,2018-05-04 12:30,NOx,26.11
한국중부발전㈜보령발전본부,3,2018-05-04 13:00,TSP,4.8
한국중부발전㈜보령발전본부,3,2018-05-04 13:00,SOx,38.71
한국중부발전㈜보령발전본부,3,2018-05-04 13:00,NOx,26.11
한국중부발전㈜보령발전본부,3,2018-05-04 13:30,TSP,4.78
한국중부발전㈜보령발전본부,3,2018-05-04 13:30,SOx,40.38
한국중부발전㈜보령발전본부,3,2018-05-04 13:30,NOx,25.42
한국중부발전㈜보령발전본부,3,2018-05-04 14:00,TSP,4.55
한국중부발전㈜보령발전본부,3,2018-05-04 14:00,SOx,39.05
한국중부발전㈜보령발전본부,3,2018-05-04 14:00,NOx,26.04
한국중부발전㈜보령발전본부,3,2018-05-04 14:30,TSP,4.67
한국중부발전㈜보령발전본부,3,2018-05-04 14:30,SOx,40.27
한국중부발전㈜보령발전본부,3,2018-05-04 14:30,NOx,24.71
한국중부발전㈜보령발전본부,3,2018-05-04 15:00,TSP,4.46
한국중부발전㈜보령발전본부,3,2018-05-04 15:00,SOx,38.8
한국중부발전㈜보령발전본부,3,2018-05-04 15:00,NOx,23.93
한국중부발전㈜보령발전본부,3,2018-05-04 15:30,TSP,4.57
한국중부발전㈜보령발전본부,3,2018-05-04 15:30,SOx,38.93
한국중부발전㈜보령발전본부,3,2018-05-04 15:30,NOx,23.53
한국중부발전㈜보령발전본부,3,2018-05-04 16:00,TSP,4.45
한국중부발전㈜보령발전본부,3,2018-05-04 16:00,SOx,39.53
한국중부발전㈜보령발전본부,3,2018-05-04 16:00,NOx,25.25
한국중부발전㈜보령발전본부,3,2018-05-04 16:30,TSP,4.56
한국중부발전㈜보령발전본부,3,2018-05-04 16:30,SOx,39.75
한국중부발전㈜보령발전본부,3,2018-05-04 16:30,NOx,22.34
한국중부발전㈜보령발전본부,3,2018-05-04 17:00,TSP,5.06
한국중부발전㈜보령발전본부,3,2018-05-04 17:00,SOx,40.29
한국중부발전㈜보령발전본부,3,2018-05-04 17:00,NOx,24.09
한국중부발전㈜보령발전본부,3,2018-05-04 17:30,TSP,4.82
한국중부발전㈜보령발전본부,3,2018-05-04 17:30,SOx,39.61
한국중부발전㈜보령발전본부,3,2018-05-04 17:30,NOx,24.84
한국중부발전㈜보령발전본부,3,2018-05-04 18:00,TSP,4.63
한국중부발전㈜보령발전본부,3,2018-05-04 18:00,SOx,39.53
한국중부발전㈜보령발전본부,3,2018-05-04 18:00,NOx,24.25
한국중부발전㈜보령발전본부,3,2018-05-04 18:30,TSP,4.66
한국중부발전㈜보령발전본부,3,2018-05-04 18:30,SOx,39.94
한국중부발전㈜보령발전본부,3,2018-05-04 18:30,NOx,23.83
한국중부발전㈜보령발전본부,3,2018-05-04 19:00,TSP,4.92
한국중부발전㈜보령발전본부,3,2018-05-04 19:00,SOx,39.98
한국중부발전㈜보령발전본부,3,2018-05-04 19:00,NOx,24.49
한국중부발전㈜보령발전본부,3,2018-05-04 19:30,TSP,4.97
한국중부발전㈜보령발전본부,3,2018-05-04 19:30,SOx,39.67
한국중부발전㈜보령발전본부,3,2018-05-04 19:30,NOx,23.39
한국중부발전㈜보령발전본부,3,2018-05-04 20:00,TSP,4.24
한국중부발전㈜보령발전본부,3,2018-05-04 20:00,SOx,38.18
한국중부발전㈜보령발전본부,3,2018-05-04 20:00,NOx,21.93
한국중부발전㈜보령발전본부,3,2018-05-04 20:30,TSP,4.38
한국중부발전㈜보령발전본부,3,2018-05-04 20:30,SOx,37.17
한국중부발전㈜보령발전본부,3,2018-05-04 20:30,NOx,22.56
한국중부발전㈜보령발전본부,3,2018-05-04 21:00,TSP,4.29
한국중부발전㈜보령발전본부,3,2018-05-04 21:00,SOx,37.08
한국중부발전㈜보령발전본부,3,2018-05-04 21:00,NOx,20.45
한국중부발전㈜보령발전본부,3,2018-05-04 21:30,TSP,4.47
한국중부발전㈜보령발전본부,3,2018-05-04 21:30,SOx,38.75
한국중부발전㈜보령발전본부,3,2018-05-04 21:30,NOx,22.44
한국중부발전㈜보령발전본부,3,2018-05-04 22:00,TSP,4.28
한국중부발전㈜보령발전본부,3,2018-05-04 22:00,SOx,35.98
한국중부발전㈜보령발전본부,3,2018-05-04 22:00,NOx,21.44
한국중부발전㈜보령발전본부,3,2018-05-04 22:30,TSP,4.49
한국중부발전㈜보령발전본부,3,2018-05-04 22:30,SOx,34.09
한국중부발전㈜보령발전본부,3,2018-05-04 22:30,NOx,23.04
한국중부발전㈜보령발전본부,3,2018-05-04 23:00,TSP,4.45
한국중부발전㈜보령발전본부,3,2018-05-04 23:00,SOx,34.01
한국중부발전㈜보령발전본부,3,2018-05-04 23:00,NOx,20.93
한국중부발전㈜보령발전본부,3,2018-05-04 23:30,TSP,4.55
한국중부발전㈜보령발전본부,3,2018-05-04 23:30,SOx,34.33
한국중부발전㈜보령발전본부,3,2018-05-04 23:30,NOx,23.27
한국중부발전㈜보령발전본부,3,2018-05-05 00:00,TSP,4.49
한국중부발전㈜보령발전본부,3,2018-05-05 00:00,SOx,33.88
한국중부발전㈜보령발전본부,3,2018-05-05 00:00,NOx,22.53
한국중부발전㈜보령발전본부,3,2018-05-05 00:30,TSP,4.59
한국중부발전㈜보령발전본부,3,2018-05-05 00:30,SOx,34.36
한국중부발전㈜보령발전본부,3,2018-05-05 00:30,NOx,22.84
한국중부발전㈜보령발전본부,3,2018-05-05 01:00,TSP,4.72
한국중부발전㈜보령발전본부,3,2018-05-05 01:00,SOx,34.2
한국중부발전㈜보령발전본부,3,2018-05-05 01:00,NOx,21.31
한국중부발전㈜보령발전본부,3,2018-05-05 01:30,TSP,5.69
한국중부발전㈜보령발전본부,3,2018-05-05 01:30,SOx,34.62
한국중부발전㈜보령발전본부,3,2018-05-05 01:30,NOx,23.39
한국중부발전㈜보령발전본부,3,2018-05-05 02:00,TSP,5.21
한국중부발전㈜보령발전본부,3,2018-05-05 02:00,SOx,35.29
한국중부발전㈜보령발전본부,3,2018-05-05 02:00,NOx,23.2
한국중부발전㈜보령발전본부,3,2018-05-05 02:30,TSP,5.62
한국중부발전㈜보령발전본부,3,2018-05-05 02:30,SOx,34.41
한국중부발전㈜보령발전본부,3,2018-05-05 02:30,NOx,23.93
한국중부발전㈜보령발전본부,3,2018-05-05 03:00,TSP,5.67
한국중부발전㈜보령발전본부,3,2018-05-05 03:00,SOx,34.72
한국중부발전㈜보령발전본부,3,2018-05-05 03:00,NOx,29.14
한국중부발전㈜보령발전본부,3,2018-05-05 03:30,TSP,6.14
한국중부발전㈜보령발전본부,3,2018-05-05 03:30,SOx,34.95
한국중부발전㈜보령발전본부,3,2018-05-05 03:30,NOx,27.32
한국중부발전㈜보령발전본부,3,2018-05-05 04:00,TSP,5.53
한국중부발전㈜보령발전본부,3,2018-05-05 04:00,SOx,34.21
한국중부발전㈜보령발전본부,3,2018-05-05 04:00,NOx,29.68
한국중부발전㈜보령발전본부,3,2018-05-05 04:30,TSP,5.6
한국중부발전㈜보령발전본부,3,2018-05-05 04:30,SOx,35.39
한국중부발전㈜보령발전본부,3,2018-05-05 04:30,NOx,29.67
한국중부발전㈜보령발전본부,3,2018-05-05 05:00,TSP,5.43
한국중부발전㈜보령발전본부,3,2018-05-05 05:00,SOx,34.7
한국중부발전㈜보령발전본부,3,2018-05-05 05:00,NOx,36.35
한국중부발전㈜보령발전본부,3,2018-05-05 05:30,TSP,5.63
한국중부발전㈜보령발전본부,3,2018-05-05 05:30,SOx,34.49
한국중부발전㈜보령발전본부,3,2018-05-05 05:30,NOx,40.09
한국중부발전㈜보령발전본부,3,2018-05-05 06:00,TSP,5.42
한국중부발전㈜보령발전본부,3,2018-05-05 06:00,SOx,35.13
한국중부발전㈜보령발전본부,3,2018-05-05 06:00,NOx,29.71
한국중부발전㈜보령발전본부,3,2018-05-05 06:30,TSP,5.53
한국중부발전㈜보령발전본부,3,2018-05-05 06:30,SOx,34.52
한국중부발전㈜보령발전본부,3,2018-05-05 06:30,NOx,27.35
한국중부발전㈜보령발전본부,3,2018-05-05 07:00,TSP,5.63
한국중부발전㈜보령발전본부,3,2018-05-05 07:00,SOx,35.42
한국중부발전㈜보령발전본부,3,2018-05-05 07:00,NOx,27.8
한국중부발전㈜보령발전본부,3,2018-05-05 07:30,TSP,5.74
한국중부발전㈜보령발전본부,3,2018-05-05 07:30,SOx,34.74
한국중부발전㈜보령발전본부,3,2018-05-05 07:30,NOx,27.34
한국중부발전㈜보령발전본부,3,2018-05-05 08:00,TSP,5.68
한국중부발전㈜보령발전본부,3,2018-05-05 08:00,SOx,33.99
한국중부발전㈜보령발전본부,3,2018-05-05 08:00,NOx,30.34
한국중부발전㈜보령발전본부,3,2018-05-05 08:30,TSP,5.8
한국중부발전㈜보령발전본부,3,2018-05-05 08:30,SOx,35.64
한국중부발전㈜보령발전본부,3,2018-05-05 08:30,NOx,29.8
한국중부발전㈜보령발전본부,3,2018-05-05 09:00,TSP,5.78
한국중부발전㈜보령발전본부,3,2018-05-05 09:00,SOx,34.35
한국중부발전㈜보령발전본부,3,2018-05-05 09:00,NOx,29.13
한국중부발전㈜보령발전본부,3,2018-05-05 09:30,TSP,6.15
한국중부발전㈜보령발전본부,3,2018-05-05 09:30,SOx,34.61
한국중부발전㈜보령발전본부,3,2018-05-05 09:30,NOx,29.25
한국중부발전㈜보령발전본부,3,2018-05-05 10:00,TSP,5.94
한국중부발전㈜보령발전본부,3,2018-05-05 10:00,SOx,35.28
한국중부발전㈜보령발전본부,3,2018-05-05 10:00,NOx,45.59
한국중부발전㈜보령발전본부,3,2018-05-05 10:30,TSP,5.99
한국중부발전㈜보령발전본부,3,2018-05-05 10:30,SOx,33.39
한국중부발전㈜보령발전본부,3,2018-05-05 10:30,NOx,28.47
한국중부발전㈜보령발전본부,3,2018-05-05 11:00,TSP,7.28
한국중부발전㈜보령발전본부,3,2018-05-05 11:00,SOx,31.12
한국중부발전㈜보령발전본부,3,2018-05-05 11:00,NOx,29.57
한국중부발전㈜보령발전본부,3,2018-05-05 11:30,TSP,6.55
한국중부발전㈜보령발전본부,3,2018-05-05 11:30,SOx,32.61
한국중부발전㈜보령발전본부,3,2018-05-05 11:30,NOx,29.66
한국중부발전㈜보령발전본부,3,2018-05-05 12:00,TSP,6.86
한국중부발전㈜보령발전본부,3,2018-05-05 12:00,SOx,34.84
한국중부발전㈜보령발전본부,3,2018-05-05 12:00,NOx,28.9
한국중부발전㈜보령발전본부,3,2018-05-05 12:30,TSP,6.75
한국중부발전㈜보령발전본부,3,2018-05-05 12:30,SOx,34.84
한국중부발전㈜보령발전본부,3,2018-05-05 12:30,NOx,28.9
한국중부발전㈜보령발전본부,3,2018-05-05 13:00,TSP,7.22
한국중부발전㈜보령발전본부,3,2018-05-05 13:00,SOx,34.84
한국중부발전㈜보령발전본부,3,2018-05-05 13:00,NOx,28.9
한국중부발전㈜보령발전본부,3,2018-05-05 13:30,TSP,6.41
한국중부발전㈜보령발전본부,3,2018-05-05 13:30,SOx,35.16
한국중부발전㈜보령발전본부,3,2018-05-05 13:30,NOx,30.52
한국중부발전㈜보령발전본부,3,2018-05-05 14:00,TSP,6.32
한국중부발전㈜보령발전본부,3,2018-05-05 14:00,SOx,33.0
한국중부발전㈜보령발전본부,3,2018-05-05 14:00,NOx,33.12
한국중부발전㈜보령발전본부,3,2018-05-05 14:30,TSP,6.27
한국중부발전㈜보령발전본부,3,2018-05-05 14:30,SOx,34.85
한국중부발전㈜보령발전본부,3,2018-05-05 14:30,NOx,29.16
한국중부발전㈜보령발전본부,3,2018-05-05 15:00,TSP,6.2
한국중부발전㈜보령발전본부,3,2018-05-05 15:00,SOx,34.66
한국중부발전㈜보령발전본부,3,2018-05-05 15:00,NOx,30.34
한국중부발전㈜보령발전본부,3,2018-05-05 15:30,TSP,6.23
한국중부발전㈜보령발전본부,3,2018-05-05 15:30,SOx,35.65
한국중부발전㈜보령발전본부,3,2018-05-05 15:30,NOx,31.15
한국중부발전㈜보령발전본부,3,2018-05-05 16:00,TSP,6.42
한국중부발전㈜보령발전본부,3,2018-05-05 16:00,SOx,34.07
한국중부발전㈜보령발전본부,3,2018-05-05 16:00,NOx,30.26
한국중부발전㈜보령발전본부,3,2018-05-05 16:30,TSP,6.24
한국중부발전㈜보령발전본부,3,2018-05-05 16:30,SOx,33.57
한국중부발전㈜보령발전본부,3,2018-05-05 16:30,NOx,32.87
한국중부발전㈜보령발전본부,3,2018-05-05 17:00,TSP,6.53
한국중부발전㈜보령발전본부,3,2018-05-05 17:00,SOx,35.44
한국중부발전㈜보령발전본부,3,2018-05-05 17:00,NOx,30.05
한국중부발전㈜보령발전본부,3,2018-05-05 17:30,TSP,6.41
한국중부발전㈜보령발전본부,3,2018-05-05 17:30,SOx,34.68
한국중부발전㈜보령발전본부,3,2018-05-05 17:30,NOx,33.14
한국중부발전㈜보령발전본부,3,2018-05-05 18:00,TSP,6.57
한국중부발전㈜보령발전본부,3,2018-05-05 18:00,SOx,35.52
한국중부발전㈜보령발전본부,3,2018-05-05 18:00,NOx,32.24
한국중부발전㈜보령발전본부,3,2018-05-05 18:30,TSP,7.44
한국중부발전㈜보령발전본부,3,2018-05-05 18:30,SOx,34.34
한국중부발전㈜보령발전본부,3,2018-05-05 18:30,NOx,30.97
한국중부발전㈜보령발전본부,3,2018-05-05 19:00,TSP,6.45
한국중부발전㈜보령발전본부,3,2018-05-05 19:00,SOx,31.53
한국중부발전㈜보령발전본부,3,2018-05-05 19:00,NOx,32.63
한국중부발전㈜보령발전본부,3,2018-05-05 19:30,TSP,6.72
한국중부발전㈜보령발전본부,3,2018-05-05 19:30,SOx,29.21
한국중부발전㈜보령발전본부,3,2018-05-05 19:30,NOx,30.09
한국중부발전㈜보령발전본부,3,2018-05-05 20:00,TSP,6.94
한국중부발전㈜보령발전본부,3,2018-05-05 20:00,SOx,29.21
한국중부발전㈜보령발전본부,3,2018-05-05 20:00,NOx,28.71
한국중부발전㈜보령발전본부,3,2018-05-05 20:30,TSP,7.14
한국중부발전㈜보령발전본부,3,2018-05-05 20:30,SOx,27.09
한국중부발전㈜보령발전본부,3,2018-05-05 20:30,NOx,29.83
한국중부발전㈜보령발전본부,3,2018-05-05 21:00,TSP,6.67
한국중부발전㈜보령발전본부,3,2018-05-05 21:00,SOx,27.54
한국중부발전㈜보령발전본부,3,2018-05-05 21:00,NOx,29.16
한국중부발전㈜보령발전본부,3,2018-05-05 21:30,TSP,6.12
한국중부발전㈜보령발전본부,3,2018-05-05 21:30,SOx,23.55
한국중부발전㈜보령발전본부,3,2018-05-05 21:30,NOx,28.55
한국중부발전㈜보령발전본부,3,2018-05-05 22:00,TSP,5.96
한국중부발전㈜보령발전본부,3,2018-05-05 22:00,SOx,21.47
한국중부발전㈜보령발전본부,3,2018-05-05 22:00,NOx,28.76
한국중부발전㈜보령발전본부,3,2018-05-05 22:30,TSP,5.85
한국중부발전㈜보령발전본부,3,2018-05-05 22:30,SOx,22.24
한국중부발전㈜보령발전본부,3,2018-05-05 22:30,NOx,28.78
한국중부발전㈜보령발전본부,3,2018-05-05 23:00,TSP,6.41
한국중부발전㈜보령발전본부,3,2018-05-05 23:00,SOx,23.09
한국중부발전㈜보령발전본부,3,2018-05-05 23:00,NOx,26.36
한국중부발전㈜보령발전본부,3,2018-05-05 23:30,TSP,5.85
한국중부발전㈜보령발전본부,3,2018-05-05 23:30,SOx,23.97
한국중부발전㈜보령발전본부,3,2018-05-05 23:30,NOx,26.22
한국중부발전㈜보령발전본부,3,2018-05-06 00:00,TSP,6.13
한국중부발전㈜보령발전본부,3,2018-05-06 00:00,SOx,24.48
한국중부발전㈜보령발전본부,3,2018-05-06 00:00,NOx,27.28
한국중부발전㈜보령발전본부,3,2018-05-06 00:30,TSP,5.83
한국중부발전㈜보령발전본부,3,2018-05-06 00:30,SOx,24.98
한국중부발전㈜보령발전본부,3,2018-05-06 00:30,NOx,25.39
한국중부발전㈜보령발전본부,3,2018-05-06 01:00,TSP,5.68
한국중부발전㈜보령발전본부,3,2018-05-06 01:00,SOx,25.3
한국중부발전㈜보령발전본부,3,2018-05-06 01:00,NOx,25.52
한국중부발전㈜보령발전본부,3,2018-05-06 01:30,TSP,5.49
한국중부발전㈜보령발전본부,3,2018-05-06 01:30,SOx,25.2
한국중부발전㈜보령발전본부,3,2018-05-06 01:30,NOx,30.09
한국중부발전㈜보령발전본부,3,2018-05-06 02:00,TSP,5.85
한국중부발전㈜보령발전본부,3,2018-05-06 02:00,SOx,26.7
한국중부발전㈜보령발전본부,3,2018-05-06 02:00,NOx,25.49
한국중부발전㈜보령발전본부,3,2018-05-06 02:30,TSP,5.35
한국중부발전㈜보령발전본부,3,2018-05-06 02:30,SOx,27.41
한국중부발전㈜보령발전본부,3,2018-05-06 02:30,NOx,28.11
한국중부발전㈜보령발전본부,3,2018-05-06 03:00,TSP,5.61
한국중부발전㈜보령발전본부,3,2018-05-06 03:00,SOx,28.59
한국중부발전㈜보령발전본부,3,2018-05-06 03:00,NOx,24.98
한국중부발전㈜보령발전본부,3,2018-05-06 03:30,TSP,5.9
한국중부발전㈜보령발전본부,3,2018-05-06 03:30,SOx,28.98
한국중부발전㈜보령발전본부,3,2018-05-06 03:30,NOx,25.09
한국중부발전㈜보령발전본부,3,2018-05-06 04:00,TSP,6.17
한국중부발전㈜보령발전본부,3,2018-05-06 04:00,SOx,26.82
한국중부발전㈜보령발전본부,3,2018-05-06 04:00,NOx,22.76
한국중부발전㈜보령발전본부,3,2018-05-06 04:30,TSP,5.07
한국중부발전㈜보령발전본부,3,2018-05-06 04:30,SOx,29.13
한국중부발전㈜보령발전본부,3,2018-05-06 04:30,NOx,23.73
한국중부발전㈜보령발전본부,3,2018-05-06 05:00,TSP,5.3
한국중부발전㈜보령발전본부,3,2018-05-06 05:00,SOx,29.28
한국중부발전㈜보령발전본부,3,2018-05-06 05:00,NOx,26.68
한국중부발전㈜보령발전본부,3,2018-05-06 05:30,TSP,5.91
한국중부발전㈜보령발전본부,3,2018-05-06 05:30,SOx,30.05
한국중부발전㈜보령발전본부,3,2018-05-06 05:30,NOx,25.34
한국중부발전㈜보령발전본부,3,2018-05-06 06:00,TSP,5.7
한국중부발전㈜보령발전본부,3,2018-05-06 06:00,SOx,31.72
한국중부발전㈜보령발전본부,3,2018-05-06 06:00,NOx,25.41
한국중부발전㈜보령발전본부,3,2018-05-06 06:30,TSP,5.52
한국중부발전㈜보령발전본부,3,2018-05-06 06:30,SOx,31.75
한국중부발전㈜보령발전본부,3,2018-05-06 06:30,NOx,28.1
한국중부발전㈜보령발전본부,3,2018-05-06 07:00,TSP,5.6
한국중부발전㈜보령발전본부,3,2018-05-06 07:00,SOx,31.97
한국중부발전㈜보령발전본부,3,2018-05-06 07:00,NOx,27.71
한국중부발전㈜보령발전본부,3,2018-05-06 07:30,TSP,5.9
한국중부발전㈜보령발전본부,3,2018-05-06 07:30,SOx,32.01
한국중부발전㈜보령발전본부,3,2018-05-06 07:30,NOx,31.54
한국중부발전㈜보령발전본부,3,2018-05-06 08:00,TSP,6.23
한국중부발전㈜보령발전본부,3,2018-05-06 08:00,SOx,32.08
한국중부발전㈜보령발전본부,3,2018-05-06 08:00,NOx,30.18
한국중부발전㈜보령발전본부,3,2018-05-06 08:30,TSP,5.5
한국중부발전㈜보령발전본부,3,2018-05-06 08:30,SOx,31.41
한국중부발전㈜보령발전본부,3,2018-05-06 08:30,NOx,28.48
한국중부발전㈜보령발전본부,3,2018-05-06 09:00,TSP,5.42
한국중부발전㈜보령발전본부,3,2018-05-06 09:00,SOx,31.97
한국중부발전㈜보령발전본부,3,2018-05-06 09:00,NOx,35.03
한국중부발전㈜보령발전본부,3,2018-05-06 09:30,TSP,5.41
한국중부발전㈜보령발전본부,3,2018-05-06 09:30,SOx,32.28
한국중부발전㈜보령발전본부,3,2018-05-06 09:30,NOx,30.97
한국중부발전㈜보령발전본부,3,2018-05-06 10:00,TSP,5.53
한국중부발전㈜보령발전본부,3,2018-05-06 10:00,SOx,30.79
한국중부발전㈜보령발전본부,3,2018-05-06 10:00,NOx,34.51
한국중부발전㈜보령발전본부,3,2018-05-06 10:30,TSP,5.23
한국중부발전㈜보령발전본부,3,2018-05-06 10:30,SOx,30.16
한국중부발전㈜보령발전본부,3,2018-05-06 10:30,NOx,30.78
한국중부발전㈜보령발전본부,3,2018-05-06 11:00,TSP,5.38
한국중부발전㈜보령발전본부,3,2018-05-06 11:00,SOx,31.16
한국중부발전㈜보령발전본부,3,2018-05-06 11:00,NOx,29.48
한국중부발전㈜보령발전본부,3,2018-05-06 11:30,TSP,5.27
한국중부발전㈜보령발전본부,3,2018-05-06 11:30,SOx,31.51
한국중부발전㈜보령발전본부,3,2018-05-06 11:30,NOx,27.96
한국중부발전㈜보령발전본부,3,2018-05-06 12:00,TSP,5.26
한국중부발전㈜보령발전본부,3,2018-05-06 12:00,SOx,31.93
한국중부발전㈜보령발전본부,3,2018-05-06 12:00,NOx,27.58
한국중부발전㈜보령발전본부,3,2018-05-06 12:30,TSP,5.51
한국중부발전㈜보령발전본부,3,2018-05-06 12:30,SOx,31.93
한국중부발전㈜보령발전본부,3,2018-05-06 12:30,NOx,27.58
한국중부발전㈜보령발전본부,3,2018-05-06 13:00,TSP,5.37
한국중부발전㈜보령발전본부,3,2018-05-06 13:00,SOx,31.93
한국중부발전㈜보령발전본부,3,2018-05-06 13:00,NOx,27.58
한국중부발전㈜보령발전본부,3,2018-05-06 13:30,TSP,5.29
한국중부발전㈜보령발전본부,3,2018-05-06 13:30,SOx,32.38
한국중부발전㈜보령발전본부,3,2018-05-06 13:30,NOx,24.38
한국중부발전㈜보령발전본부,3,2018-05-06 14:00,TSP,5.3
한국중부발전㈜보령발전본부,3,2018-05-06 14:00,SOx,30.46
한국중부발전㈜보령발전본부,3,2018-05-06 14:00,NOx,24.88
한국중부발전㈜보령발전본부,3,2018-05-06 14:30,TSP,5.24
한국중부발전㈜보령발전본부,3,2018-05-06 14:30,SOx,31.67
한국중부발전㈜보령발전본부,3,2018-05-06 14:30,NOx,25.75
한국중부발전㈜보령발전본부,3,2018-05-06 15:00,TSP,5.18
한국중부발전㈜보령발전본부,3,2018-05-06 15:00,SOx,32.05
한국중부발전㈜보령발전본부,3,2018-05-06 15:00,NOx,23.87
한국중부발전㈜보령발전본부,3,2018-05-06 15:30,TSP,5.22
한국중부발전㈜보령발전본부,3,2018-05-06 15:30,SOx,31.98
한국중부발전㈜보령발전본부,3,2018-05-06 15:30,NOx,24.02
한국중부발전㈜보령발전본부,3,2018-05-06 16:00,TSP,5.78
한국중부발전㈜보령발전본부,3,2018-05-06 16:00,SOx,31.68
한국중부발전㈜보령발전본부,3,2018-05-06 16:00,NOx,27.16
한국중부발전㈜보령발전본부,3,2018-05-06 16:30,TSP,6.02
한국중부발전㈜보령발전본부,3,2018-05-06 16:30,SOx,32.75
한국중부발전㈜보령발전본부,3,2018-05-06 16:30,NOx,26.89
한국중부발전㈜보령발전본부,3,2018-05-06 17:00,TSP,5.61
한국중부발전㈜보령발전본부,3,2018-05-06 17:00,SOx,30.56
한국중부발전㈜보령발전본부,3,2018-05-06 17:00,NOx,24.99
한국중부발전㈜보령발전본부,3,2018-05-06 17:30,TSP,5.88
한국중부발전㈜보령발전본부,3,2018-05-06 17:30,SOx,33.12
한국중부발전㈜보령발전본부,3,2018-05-06 17:30,NOx,27.56
한국중부발전㈜보령발전본부,3,2018-05-06 18:00,TSP,6.08
한국중부발전㈜보령발전본부,3,2018-05-06 18:00,SOx,30.69
한국중부발전㈜보령발전본부,3,2018-05-06 18:00,NOx,25.02
한국중부발전㈜보령발전본부,3,2018-05-06 18:30,TSP,6.22
한국중부발전㈜보령발전본부,3,2018-05-06 18:30,SOx,32.59
한국중부발전㈜보령발전본부,3,2018-05-06 18:30,NOx,27.04
한국중부발전㈜보령발전본부,3,2018-05-06 19:00,TSP,5.46
한국중부발전㈜보령발전본부,3,2018-05-06 19:00,SOx,31.52
한국중부발전㈜보령발전본부,3,2018-05-06 19:00,NOx,27.16
한국중부발전㈜보령발전본부,3,2018-05-06 19:30,TSP,5.22
한국중부발전㈜보령발전본부,3,2018-05-06 19:30,SOx,32.12
한국중부발전㈜보령발전본부,3,2018-05-06 19:30,NOx,26.02
한국중부발전㈜보령발전본부,3,2018-05-06 20:00,TSP,5.29
한국중부발전㈜보령발전본부,3,2018-05-06 20:00,SOx,32.4
한국중부발전㈜보령발전본부,3,2018-05-06 20:00,NOx,27.07
한국중부발전㈜보령발전본부,3,2018-05-06 20:30,TSP,5.19
한국중부발전㈜보령발전본부,3,2018-05-06 20:30,SOx,31.44
한국중부발전㈜보령발전본부,3,2018-05-06 20:30,NOx,25.81
한국중부발전㈜보령발전본부,3,2018-05-06 21:00,TSP,5.33
한국중부발전㈜보령발전본부,3,2018-05-06 21:00,SOx,27.24
한국중부발전㈜보령발전본부,3,2018-05-06 21:00,NOx,24.07
한국중부발전㈜보령발전본부,3,2018-05-06 21:30,TSP,5.21
한국중부발전㈜보령발전본부,3,2018-05-06 21:30,SOx,29.42
한국중부발전㈜보령발전본부,3,2018-05-06 21:30,NOx,27.0
한국중부발전㈜보령발전본부,3,2018-05-06 22:00,TSP,5.23
한국중부발전㈜보령발전본부,3,2018-05-06 22:00,SOx,24.5
한국중부발전㈜보령발전본부,3,2018-05-06 22:00,NOx,25.41
한국중부발전㈜보령발전본부,3,2018-05-06 22:30,TSP,5.25
한국중부발전㈜보령발전본부,3,2018-05-06 22:30,SOx,24.8
한국중부발전㈜보령발전본부,3,2018-05-06 22:30,NOx,25.0
한국중부발전㈜보령발전본부,3,2018-05-06 23:00,TSP,5.2
한국중부발전㈜보령발전본부,3,2018-05-06 23:00,SOx,26.31
한국중부발전㈜보령발전본부,3,2018-05-06 23:00,NOx,22.92
한국중부발전㈜보령발전본부,3,2018-05-06 23:30,TSP,5.15
한국중부발전㈜보령발전본부,3,2018-05-06 23:30,SOx,27.25
한국중부발전㈜보령발전본부,3,2018-05-06 23:30,NOx,24.66
한국중부발전㈜보령발전본부,3,2018-05-07 00:00,TSP,5.22
한국중부발전㈜보령발전본부,3,2018-05-07 00:00,SOx,27.41
한국중부발전㈜보령발전본부,3,2018-05-07 00:00,NOx,23.95
한국중부발전㈜보령발전본부,3,2018-05-07 00:30,TSP,5.18
한국중부발전㈜보령발전본부,3,2018-05-07 00:30,SOx,27.55
한국중부발전㈜보령발전본부,3,2018-05-07 00:30,NOx,25.23
한국중부발전㈜보령발전본부,3,2018-05-07 01:00,TSP,6.07
한국중부발전㈜보령발전본부,3,2018-05-07 01:00,SOx,28.88
한국중부발전㈜보령발전본부,3,2018-05-07 01:00,NOx,25.33
한국중부발전㈜보령발전본부,3,2018-05-07 01:30,TSP,5.41
한국중부발전㈜보령발전본부,3,2018-05-07 01:30,SOx,30.37
한국중부발전㈜보령발전본부,3,2018-05-07 01:30,NOx,25.89
한국중부발전㈜보령발전본부,3,2018-05-07 02:00,TSP,5.49
한국중부발전㈜보령발전본부,3,2018-05-07 02:00,SOx,31.91
한국중부발전㈜보령발전본부,3,2018-05-07 02:00,NOx,25.68
한국중부발전㈜보령발전본부,3,2018-05-07 02:30,TSP,5.73
한국중부발전㈜보령발전본부,3,2018-05-07 02:30,SOx,32.19
한국중부발전㈜보령발전본부,3,2018-05-07 02:30,NOx,26.9
한국중부발전㈜보령발전본부,3,2018-05-07 03:00,TSP,6.0
한국중부발전㈜보령발전본부,3,2018-05-07 03:00,SOx,31.22
한국중부발전㈜보령발전본부,3,2018-05-07 03:00,NOx,27.24
한국중부발전㈜보령발전본부,3,2018-05-07 03:30,TSP,5.71
한국중부발전㈜보령발전본부,3,2018-05-07 03:30,SOx,32.31
한국중부발전㈜보령발전본부,3,2018-05-07 03:30,NOx,27.34
한국중부발전㈜보령발전본부,3,2018-05-07 04:00,TSP,5.24
한국중부발전㈜보령발전본부,3,2018-05-07 04:00,SOx,31.57
한국중부발전㈜보령발전본부,3,2018-05-07 04:00,NOx,26.45
한국중부발전㈜보령발전본부,3,2018-05-07 04:30,TSP,5.1
한국중부발전㈜보령발전본부,3,2018-05-07 04:30,SOx,32.06
한국중부발전㈜보령발전본부,3,2018-05-07 04:30,NOx,37.26
한국중부발전㈜보령발전본부,3,2018-05-07 05:00,TSP,5.32
한국중부발전㈜보령발전본부,3,2018-05-07 05:00,SOx,32.77
한국중부발전㈜보령발전본부,3,2018-05-07 05:00,NOx,25.38
한국중부발전㈜보령발전본부,3,2018-05-07 05:30,TSP,5.22
한국중부발전㈜보령발전본부,3,2018-05-07 05:30,SOx,31.37
한국중부발전㈜보령발전본부,3,2018-05-07 05:30,NOx,24.12
한국중부발전㈜보령발전본부,3,2018-05-07 06:00,TSP,5.3
한국중부발전㈜보령발전본부,3,2018-05-07 06:00,SOx,32.62
한국중부발전㈜보령발전본부,3,2018-05-07 06:00,NOx,25.34
한국중부발전㈜보령발전본부,3,2018-05-07 06:30,TSP,5.22
한국중부발전㈜보령발전본부,3,2018-05-07 06:30,SOx,31.02
한국중부발전㈜보령발전본부,3,2018-05-07 06:30,NOx,24.58
한국중부발전㈜보령발전본부,3,2018-05-07 07:00,TSP,5.42
한국중부발전㈜보령발전본부,3,2018-05-07 07:00,SOx,32.83
한국중부발전㈜보령발전본부,3,2018-05-07 07:00,NOx,26.84
한국중부발전㈜보령발전본부,3,2018-05-07 07:30,TSP,5.28
한국중부발전㈜보령발전본부,3,2018-05-07 07:30,SOx,31.02
한국중부발전㈜보령발전본부,3,2018-05-07 07:30,NOx,26.24
한국중부발전㈜보령발전본부,3,2018-05-07 08:00,TSP,5.32
한국중부발전㈜보령발전본부,3,2018-05-07 08:00,SOx,32.36
한국중부발전㈜보령발전본부,3,2018-05-07 08:00,NOx,25.18
한국중부발전㈜보령발전본부,3,2018-05-07 08:30,TSP,5.25
한국중부발전㈜보령발전본부,3,2018-05-07 08:30,SOx,30.99
한국중부발전㈜보령발전본부,3,2018-05-07 08:30,NOx,29.16
한국중부발전㈜보령발전본부,3,2018-05-07 09:00,TSP,5.64
한국중부발전㈜보령발전본부,3,2018-05-07 09:00,SOx,32.58
한국중부발전㈜보령발전본부,3,2018-05-07 09:00,NOx,29.0
한국중부발전㈜보령발전본부,3,2018-05-07 09:30,TSP,6.33
한국중부발전㈜보령발전본부,3,2018-05-07 09:30,SOx,30.52
한국중부발전㈜보령발전본부,3,2018-05-07 09:30,NOx,35.84
한국중부발전㈜보령발전본부,3,2018-05-07 10:00,TSP,5.89
한국중부발전㈜보령발전본부,3,2018-05-07 10:00,SOx,32.23
한국중부발전㈜보령발전본부,3,2018-05-07 10:00,NOx,25.53
한국중부발전㈜보령발전본부,3,2018-05-07 10:30,TSP,5.77
한국중부발전㈜보령발전본부,3,2018-05-07 10:30,SOx,31.22
한국중부발전㈜보령발전본부,3,2018-05-07 10:30,NOx,26.05
한국중부발전㈜보령발전본부,3,2018-05-07 11:00,TSP,5.91
한국중부발전㈜보령발전본부,3,2018-05-07 11:00,SOx,31.61
한국중부발전㈜보령발전본부,3,2018-05-07 11:00,NOx,24.3
한국중부발전㈜보령발전본부,3,2018-05-07 11:30,TSP,6.17
한국중부발전㈜보령발전본부,3,2018-05-07 11:30,SOx,32.41
한국중부발전㈜보령발전본부,3,2018-05-07 11:30,NOx,25.32
한국중부발전㈜보령발전본부,3,2018-05-07 12:00,TSP,6.31
한국중부발전㈜보령발전본부,3,2018-05-07 12:00,SOx,30.91
한국중부발전㈜보령발전본부,3,2018-05-07 12:00,NOx,24.46
한국중부발전㈜보령발전본부,3,2018-05-07 12:30,TSP,5.79
한국중부발전㈜보령발전본부,3,2018-05-07 12:30,SOx,30.91
한국중부발전㈜보령발전본부,3,2018-05-07 12:30,NOx,24.46
한국중부발전㈜보령발전본부,3,2018-05-07 13:00,TSP,5.61
한국중부발전㈜보령발전본부,3,2018-05-07 13:00,SOx,30.91
한국중부발전㈜보령발전본부,3,2018-05-07 13:00,NOx,24.46
한국중부발전㈜보령발전본부,3,2018-05-07 13:30,TSP,5.73
한국중부발전㈜보령발전본부,3,2018-05-07 13:30,SOx,31.36
한국중부발전㈜보령발전본부,3,2018-05-07 13:30,NOx,25.57
한국중부발전㈜보령발전본부,3,2018-05-07 14:00,TSP,5.63
한국중부발전㈜보령발전본부,3,2018-05-07 14:00,SOx,30.79
한국중부발전㈜보령발전본부,3,2018-05-07 14:00,NOx,28.23
한국중부발전㈜보령발전본부,3,2018-05-07 14:30,TSP,5.85
한국중부발전㈜보령발전본부,3,2018-05-07 14:30,SOx,32.63
한국중부발전㈜보령발전본부,3,2018-05-07 14:30,NOx,22.53
한국중부발전㈜보령발전본부,3,2018-05-07 15:00,TSP,5.82
한국중부발전㈜보령발전본부,3,2018-05-07 15:00,SOx,31.18
한국중부발전㈜보령발전본부,3,2018-05-07 15:00,NOx,28.42
한국중부발전㈜보령발전본부,3,2018-05-07 15:30,TSP,5.97
한국중부발전㈜보령발전본부,3,2018-05-07 15:30,SOx,32.57
한국중부발전㈜보령발전본부,3,2018-05-07 15:30,NOx,27.74
한국중부발전㈜보령발전본부,3,2018-05-07 16:00,TSP,5.91
한국중부발전㈜보령발전본부,3,2018-05-07 16:00,SOx,31.25
한국중부발전㈜보령발전본부,3,2018-05-07 16:00,NOx,27.02
한국중부발전㈜보령발전본부,3,2018-05-07 16:30,TSP,6.12
한국중부발전㈜보령발전본부,3,2018-05-07 16:30,SOx,32.48
한국중부발전㈜보령발전본부,3,2018-05-07 16:30,NOx,27.18
한국중부발전㈜보령발전본부,3,2018-05-07 17:00,TSP,6.43
한국중부발전㈜보령발전본부,3,2018-05-07 17:00,SOx,31.59
한국중부발전㈜보령발전본부,3,2018-05-07 17:00,NOx,28.34
한국중부발전㈜보령발전본부,3,2018-05-07 17:30,TSP,6.06
한국중부발전㈜보령발전본부,3,2018-05-07 17:30,SOx,32.95
한국중부발전㈜보령발전본부,3,2018-05-07 17:30,NOx,24.99
한국중부발전㈜보령발전본부,3,2018-05-07 18:00,TSP,6.1
한국중부발전㈜보령발전본부,3,2018-05-07 18:00,SOx,29.03
한국중부발전㈜보령발전본부,3,2018-05-07 18:00,NOx,24.97
한국중부발전㈜보령발전본부,3,2018-05-07 18:30,TSP,6.38
한국중부발전㈜보령발전본부,3,2018-05-07 18:30,SOx,25.58
한국중부발전㈜보령발전본부,3,2018-05-07 18:30,NOx,25.11
한국중부발전㈜보령발전본부,3,2018-05-07 19:00,TSP,6.38
한국중부발전㈜보령발전본부,3,2018-05-07 19:00,SOx,24.59
한국중부발전㈜보령발전본부,3,2018-05-07 19:00,NOx,26.07
한국중부발전㈜보령발전본부,3,2018-05-07 19:30,TSP,6.28
한국중부발전㈜보령발전본부,3,2018-05-07 19:30,SOx,24.56
한국중부발전㈜보령발전본부,3,2018-05-07 19:30,NOx,25.21
한국중부발전㈜보령발전본부,3,2018-05-07 20:00,TSP,5.55
한국중부발전㈜보령발전본부,3,2018-05-07 20:00,SOx,23.49
한국중부발전㈜보령발전본부,3,2018-05-07 20:00,NOx,27.0
한국중부발전㈜보령발전본부,3,2018-05-07 20:30,TSP,5.58
한국중부발전㈜보령발전본부,3,2018-05-07 20:30,SOx,23.27
한국중부발전㈜보령발전본부,3,2018-05-07 20:30,NOx,23.25
한국중부발전㈜보령발전본부,3,2018-05-07 21:00,TSP,5.26
한국중부발전㈜보령발전본부,3,2018-05-07 21:00,SOx,22.54
한국중부발전㈜보령발전본부,3,2018-05-07 21:00,NOx,23.9
한국중부발전㈜보령발전본부,3,2018-05-07 21:30,TSP,5.5
한국중부발전㈜보령발전본부,3,2018-05-07 21:30,SOx,20.75
한국중부발전㈜보령발전본부,3,2018-05-07 21:30,NOx,27.67
한국중부발전㈜보령발전본부,3,2018-05-07 22:00,TSP,5.32
한국중부발전㈜보령발전본부,3,2018-05-07 22:00,SOx,21.38
한국중부발전㈜보령발전본부,3,2018-05-07 22:00,NOx,17.57
한국중부발전㈜보령발전본부,3,2018-05-07 22:30,TSP,5.41
한국중부발전㈜보령발전본부,3,2018-05-07 22:30,SOx,19.24
한국중부발전㈜보령발전본부,3,2018-05-07 22:30,NOx,20.15
한국중부발전㈜보령발전본부,3,2018-05-07 23:00,TSP,5.83
한국중부발전㈜보령발전본부,3,2018-05-07 23:00,SOx,29.93
한국중부발전㈜보령발전본부,3,2018-05-07 23:00,NOx,10.33
한국중부발전㈜보령발전본부,3,2018-05-07 23:30,TSP,8.8
한국중부발전㈜보령발전본부,3,2018-05-07 23:30,SOx,15.51
한국중부발전㈜보령발전본부,3,2018-05-07 23:30,NOx,93.06
한국중부발전㈜보령발전본부,3,2018-05-08 00:00,TSP,160.09
한국중부발전㈜보령발전본부,3,2018-05-08 00:00,SOx,12.22
한국중부발전㈜보령발전본부,3,2018-05-08 00:00,NOx,79.93
한국중부발전㈜보령발전본부,3,2018-05-08 00:30,TSP,0.0
한국중부발전㈜보령발전본부,3,2018-05-08 00:30,SOx,0.0
한국중부발전㈜보령발전본부,3,2018-05-08 00:30,NOx,0.0
한국중부발전㈜보령발전본부,3,2018-05-08 01:00,TSP,0.0
한국중부발전㈜보령발전본부,3,2018-05-08 01:00,SOx,0.0
한국중부발전㈜보령발전본부,3,2018-05-08 01:00,NOx,0.0
한국중부발전㈜보령발전본부,3,2018-05-08 01:30,TSP,0.0
한국중부발전㈜보령발전본부,3,2018-05-08 01:30,SOx,0.0
한국중부발전㈜보령발전본부,3,2018-05-08 01:30,NOx,0.0
한국중부발전㈜보령발전본부,3,2018-05-08 02:00,TSP,0.0
한국중부발전㈜보령발전본부,3,2018-05-08 02:00,SOx,0.0
한국중부발전㈜보령발전본부,3,2018-05-08 02:00,NOx,0.0
한국중부발전㈜보령발전본부,3,2018-05-08 02:30,TSP,0.0
한국중부발전㈜보령발전본부,3,2018-05-08 02:30,SOx,0.0
한국중부발전㈜보령발전본부,3,2018-05-08 02:30,NOx,0.0
한국중부발전㈜보령발전본부,3,2018-05-08 03:00,TSP,0.0
한국중부발전㈜보령발전본부,3,2018-05-08 03:00,SOx,0.0
한국중부발전㈜보령발전본부,3,2018-05-08 03:00,NOx,0.0
한국중부발전㈜보령발전본부,3,2018-05-08 03:30,TSP,0.0
한국중부발전㈜보령발전본부,3,2018-05-08 03:30,SOx,0.0
한국중부발전㈜보령발전본부,3,2018-05-08 03:30,NOx,0.0
한국중부발전㈜보령발전본부,3,2018-05-08 04:00,TSP,0.0
한국중부발전㈜보령발전본부,3,2018-05-08 04:00,SOx,0.0
한국중부발전㈜보령발전본부,3,2018-05-08 04:00,NOx,0.0
한국중부발전㈜보령발전본부,3,2018-05-08 04:30,TSP,0.0
한국중부발전㈜보령발전본부,3,2018-05-08 04:30,SOx,0.0
한국중부발전㈜보령발전본부,3,2018-05-08 04:30,NOx,0.0
한국중부발전㈜보령발전본부,3,2018-05-08 05:00,TSP,0.0
한국중부발전㈜보령발전본부,3,2018-05-08 05:00,SOx,0.0
한국중부발전㈜보령발전본부,3,2018-05-08 05:00,NOx,0.0
한국중부발전㈜보령발전본부,3,2018-05-08 05:30,TSP,0.0
한국중부발전㈜보령발전본부,3,2018-05-08 05:30,SOx,0.0
한국중부발전㈜보령발전본부,3,2018-05-08 05:30,NOx,0.0
한국중부발전㈜보령발전본부,3,2018-05-08 06:00,TSP,0.0
한국중부발전㈜보령발전본부,3,2018-05-08 06:00,SOx,0.0
한국중부발전㈜보령발전본부,3,2018-05-08 06:00,NOx,0.0
한국중부발전㈜보령발전본부,3,2018-05-08 06:30,TSP,0.0
한국중부발전㈜보령발전본부,3,2018-05-08 06:30,SOx,0.0
한국중부발전㈜보령발전본부,3,2018-05-08 06:30,NOx,0.0
한국중부발전㈜보령발전본부,3,2018-05-08 07:00,TSP,0.0
한국중부발전㈜보령발전본부,3,2018-05-08 07:00,SOx,0.0
한국중부발전㈜보령발전본부,3,2018-05-08 07:00,NOx,0.0
한국중부발전㈜보령발전본부,3,2018-05-08 07:30,TSP,0.0
한국중부발전㈜보령발전본부,3,2018-05-08 07:30,SOx,0.0
한국중부발전㈜보령발전본부,3,2018-05-08 07:30,NOx,0.0
한국중부발전㈜보령발전본부,3,2018-05-08 08:00,TSP,0.0
한국중부발전㈜보령발전본부,3,2018-05-08 08:00,SOx,0.0
한국중부발전㈜보령발전본부,3,2018-05-08 08:00,NOx,0.0
한국중부발전㈜보령발전본부,3,2018-05-08 08:30,TSP,0.0
한국중부발전㈜보령발전본부,3,2018-05-08 08:30,SOx,0.0
한국중부발전㈜보령발전본부,3,2018-05-08 08:30,NOx,0.0
한국중부발전㈜보령발전본부,3,2018-05-08 09:00,TSP,0.0
한국중부발전㈜보령발전본부,3,2018-05-08 09:00,SOx,0.0
한국중부발전㈜보령발전본부,3,2018-05-08 09:00,NOx,0.0
한국중부발전㈜보령발전본부,3,2018-05-08 09:30,TSP,0.0
한국중부발전㈜보령발전본부,3,2018-05-08 09:30,SOx,0.0
한국중부발전㈜보령발전본부,3,2018-05-08 09:30,NOx,0.0
한국중부발전㈜보령발전본부,3,2018-05-08 10:00,TSP,0.0
한국중부발전㈜보령발전본부,3,2018-05-08 10:00,SOx,0.0
한국중부발전㈜보령발전본부,3,2018-05-08 10:00,NOx,0.0
한국중부발전㈜보령발전본부,3,2018-05-08 10:30,TSP,0.0
한국중부발전㈜보령발전본부,3,2018-05-08 10:30,SOx,0.0
한국중부발전㈜보령발전본부,3,2018-05-08 10:30,NOx,0.0
한국중부발전㈜보령발전본부,3,2018-05-08 11:00,TSP,0.0
한국중부발전㈜보령발전본부,3,2018-05-08 11:00,SOx,0.0
한국중부발전㈜보령발전본부,3,2018-05-08 11:00,NOx,0.0
한국중부발전㈜보령발전본부,3,2018-05-08 11:30,TSP,0.0
한국중부발전㈜보령발전본부,3,2018-05-08 11:30,SOx,0.0
한국중부발전㈜보령발전본부,3,2018-05-08 11:30,NOx,0.0
한국중부발전㈜보령발전본부,3,2018-05-08 12:00,TSP,0.0
한국중부발전㈜보령발전본부,3,2018-05-08 12:00,SOx,0.0
한국중부발전㈜보령발전본부,3,2018-05-08 12:00,NOx,0.0
한국중부발전㈜보령발전본부,3,2018-05-08 12:30,TSP,0.0
한국중부발전㈜보령발전본부,3,2018-05-08 12:30,SOx,0.0
한국중부발전㈜보령발전본부,3,2018-05-08 12:30,NOx,0.0
한국중부발전㈜보령발전본부,3,2018-05-08 13:00,TSP,0.0
한국중부발전㈜보령발전본부,3,2018-05-08 13:00,SOx,0.0
한국중부발전㈜보령발전본부,3,2018-05-08 13:00,NOx,0.0
한국중부발전㈜보령발전본부,3,2018-05-08 13:30,TSP,0.0
한국중부발전㈜보령발전본부,3,2018-05-08 13:30,SOx,0.0
한국중부발전㈜보령발전본부,3,2018-05-08 13:30,NOx,0.0
한국중부발전㈜보령발전본부,3,2018-05-08 14:00,TSP,0.0
한국중부발전㈜보령발전본부,3,2018-05-08 14:00,SOx,0.0
한국중부발전㈜보령발전본부,3,2018-05-08 14:00,NOx,0.0
한국중부발전㈜보령발전본부,3,2018-05-08 14:30,TSP,0.0
한국중부발전㈜보령발전본부,3,2018-05-08 14:30,SOx,0.0
한국중부발전㈜보령발전본부,3,2018-05-08 14:30,NOx,0.0
한국중부발전㈜보령발전본부,3,2018-05-08 15:00,TSP,0.0
한국중부발전㈜보령발전본부,3,2018-05-08 15:00,SOx,0.0
한국중부발전㈜보령발전본부,3,2018-05-08 15:00,NOx,0.0
한국중부발전㈜보령발전본부,3,2018-05-08 15:30,TSP,0.0
한국중부발전㈜보령발전본부,3,2018-05-08 15:30,SOx,0.0
한국중부발전㈜보령발전본부,3,2018-05-08 15:30,NOx,0.0
한국중부발전㈜보령발전본부,3,2018-05-08 16:00,TSP,0.0
한국중부발전㈜보령발전본부,3,2018-05-08 16:00,SOx,0.0
한국중부발전㈜보령발전본부,3,2018-05-08 16:00,NOx,0.0
한국중부발전㈜보령발전본부,3,2018-05-08 16:30,TSP,0.0
한국중부발전㈜보령발전본부,3,2018-05-08 16:30,SOx,0.0
한국중부발전㈜보령발전본부,3,2018-05-08 16:30,NOx,0.0
한국중부발전㈜보령발전본부,3,2018-05-08 17:00,TSP,0.0
한국중부발전㈜보령발전본부,3,2018-05-08 17:00,SOx,0.0
한국중부발전㈜보령발전본부,3,2018-05-08 17:00,NOx,0.0
한국중부발전㈜보령발전본부,3,2018-05-08 17:30,TSP,0.0
한국중부발전㈜보령발전본부,3,2018-05-08 17:30,SOx,0.0
한국중부발전㈜보령발전본부,3,2018-05-08 17:30,NOx,0.0
한국중부발전㈜보령발전본부,3,2018-05-08 18:00,TSP,0.0
한국중부발전㈜보령발전본부,3,2018-05-08 18:00,SOx,0.0
한국중부발전㈜보령발전본부,3,2018-05-08 18:00,NOx,0.0
한국중부발전㈜보령발전본부,3,2018-05-08 18:30,TSP,0.0
한국중부발전㈜보령발전본부,3,2018-05-08 18:30,SOx,0.0
한국중부발전㈜보령발전본부,3,2018-05-08 18:30,NOx,0.0
한국중부발전㈜보령발전본부,3,2018-05-08 19:00,TSP,0.0
한국중부발전㈜보령발전본부,3,2018-05-08 19:00,SOx,0.0
한국중부발전㈜보령발전본부,3,2018-05-08 19:00,NOx,0.0
한국중부발전㈜보령발전본부,3,2018-05-08 19:30,TSP,0.0
한국중부발전㈜보령발전본부,3,2018-05-08 19:30,SOx,0.0
한국중부발전㈜보령발전본부,3,2018-05-08 19:30,NOx,0.0
한국중부발전㈜보령발전본부,3,2018-05-08 20:00,TSP,0.0
한국중부발전㈜보령발전본부,3,2018-05-08 20:00,SOx,0.0
한국중부발전㈜보령발전본부,3,2018-05-08 20:00,NOx,0.0
한국중부발전㈜보령발전본부,3,2018-05-08 20:30,TSP,0.0
한국중부발전㈜보령발전본부,3,2018-05-08 20:30,SOx,0.0
한국중부발전㈜보령발전본부,3,2018-05-08 20:30,NOx,0.0
한국중부발전㈜보령발전본부,3,2018-05-08 21:00,TSP,0.0
한국중부발전㈜보령발전본부,3,2018-05-08 21:00,SOx,0.0
한국중부발전㈜보령발전본부,3,2018-05-08 21:00,NOx,0.0
한국중부발전㈜보령발전본부,3,2018-05-08 21:30,TSP,0.0
한국중부발전㈜보령발전본부,3,2018-05-08 21:30,SOx,0.0
한국중부발전㈜보령발전본부,3,2018-05-08 21:30,NOx,0.0
한국중부발전㈜보령발전본부,3,2018-05-08 22:00,TSP,0.0
한국중부발전㈜보령발전본부,3,2018-05-08 22:00,SOx,0.0
한국중부발전㈜보령발전본부,3,2018-05-08 22:00,NOx,0.0
한국중부발전㈜보령발전본부,3,2018-05-08 22:30,TSP,0.0
한국중부발전㈜보령발전본부,3,2018-05-08 22:30,SOx,0.0
한국중부발전㈜보령발전본부,3,2018-05-08 22:30,NOx,0.0
한국중부발전㈜보령발전본부,3,2018-05-08 23:00,TSP,0.0
한국중부발전㈜보령발전본부,3,2018-05-08 23:00,SOx,0.0
한국중부발전㈜보령발전본부,3,2018-05-08 23:00,NOx,0.0
한국중부발전㈜보령발전본부,3,2018-05-08 23:30,TSP,0.0
한국중부발전㈜보령발전본부,3,2018-05-08 23:30,SOx,0.0
한국중부발전㈜보령발전본부,3,2018-05-08 23:30,NOx,0.0
한국중부발전㈜보령발전본부,3,2018-05-09 00:00,TSP,0.0
한국중부발전㈜보령발전본부,3,2018-05-09 00:00,SOx,0.0
한국중부발전㈜보령발전본부,3,2018-05-09 00:00,NOx,0.0
한국중부발전㈜보령발전본부,3,2018-05-09 00:30,TSP,0.0
한국중부발전㈜보령발전본부,3,2018-05-09 00:30,SOx,0.0
한국중부발전㈜보령발전본부,3,2018-05-09 00:30,NOx,0.0
한국중부발전㈜보령발전본부,3,2018-05-09 01:00,TSP,0.0
한국중부발전㈜보령발전본부,3,2018-05-09 01:00,SOx,0.0
한국중부발전㈜보령발전본부,3,2018-05-09 01:00,NOx,0.0
한국중부발전㈜보령발전본부,3,2018-05-09 01:30,TSP,0.0
한국중부발전㈜보령발전본부,3,2018-05-09 01:30,SOx,0.0
한국중부발전㈜보령발전본부,3,2018-05-09 01:30,NOx,0.0
한국중부발전㈜보령발전본부,3,2018-05-09 02:00,TSP,0.0
한국중부발전㈜보령발전본부,3,2018-05-09 02:00,SOx,0.0
한국중부발전㈜보령발전본부,3,2018-05-09 02:00,NOx,0.0
한국중부발전㈜보령발전본부,3,2018-05-09 02:30,TSP,0.0
한국중부발전㈜보령발전본부,3,2018-05-09 02:30,SOx,0.0
한국중부발전㈜보령발전본부,3,2018-05-09 02:30,NOx,0.0
한국중부발전㈜보령발전본부,3,2018-05-09 03:00,TSP,0.0
한국중부발전㈜보령발전본부,3,2018-05-09 03:00,SOx,0.0
한국중부발전㈜보령발전본부,3,2018-05-09 03:00,NOx,0.0
한국중부발전㈜보령발전본부,3,2018-05-09 03:30,TSP,0.0
한국중부발전㈜보령발전본부,3,2018-05-09 03:30,SOx,0.0
한국중부발전㈜보령발전본부,3,2018-05-09 03:30,NOx,0.0
한국중부발전㈜보령발전본부,3,2018-05-09 04:00,TSP,0.0
한국중부발전㈜보령발전본부,3,2018-05-09 04:00,SOx,0.0
한국중부발전㈜보령발전본부,3,2018-05-09 04:00,NOx,0.0
한국중부발전㈜보령발전본부,3,2018-05-09 04:30,TSP,0.0
한국중부발전㈜보령발전본부,3,2018-05-09 04:30,SOx,0.0
한국중부발전㈜보령발전본부,3,2018-05-09 04:30,NOx,0.0
한국중부발전㈜보령발전본부,3,2018-05-09 05:00,TSP,0.0
한국중부발전㈜보령발전본부,3,2018-05-09 05:00,SOx,0.0
한국중부발전㈜보령발전본부,3,2018-05-09 05:00,NOx,0.0
한국중부발전㈜보령발전본부,3,2018-05-09 05:30,TSP,0.0
한국중부발전㈜보령발전본부,3,2018-05-09 05:30,SOx,0.0
한국중부발전㈜보령발전본부,3,2018-05-09 05:30,NOx,0.0
한국중부발전㈜보령발전본부,3,2018-05-09 06:00,TSP,0.0
한국중부발전㈜보령발전본부,3,2018-05-09 06:00,SOx,0.0
한국중부발전㈜보령발전본부,3,2018-05-09 06:00,NOx,0.0
한국중부발전㈜보령발전본부,3,2018-05-09 06:30,TSP,0.0
한국중부발전㈜보령발전본부,3,2018-05-09 06:30,SOx,0.0
한국중부발전㈜보령발전본부,3,2018-05-09 06:30,NOx,0.0
한국중부발전㈜보령발전본부,3,2018-05-09 07:00,TSP,0.0
한국중부발전㈜보령발전본부,3,2018-05-09 07:00,SOx,0.0
한국중부발전㈜보령발전본부,3,2018-05-09 07:00,NOx,0.0
한국중부발전㈜보령발전본부,3,2018-05-09 07:30,TSP,0.0
한국중부발전㈜보령발전본부,3,2018-05-09 07:30,SOx,0.0
한국중부발전㈜보령발전본부,3,2018-05-09 07:30,NOx,0.0
한국중부발전㈜보령발전본부,3,2018-05-09 08:00,TSP,0.0
한국중부발전㈜보령발전본부,3,2018-05-09 08:00,SOx,0.0
한국중부발전㈜보령발전본부,3,2018-05-09 08:00,NOx,0.0
한국중부발전㈜보령발전본부,3,2018-05-09 08:30,TSP,0.0
한국중부발전㈜보령발전본부,3,2018-05-09 08:30,SOx,0.0
한국중부발전㈜보령발전본부,3,2018-05-09 08:30,NOx,0.0
한국중부발전㈜보령발전본부,3,2018-05-09 09:00,TSP,0.0
한국중부발전㈜보령발전본부,3,2018-05-09 09:00,SOx,0.0
한국중부발전㈜보령발전본부,3,2018-05-09 09:00,NOx,0.0
한국중부발전㈜보령발전본부,3,2018-05-09 09:30,TSP,0.0
한국중부발전㈜보령발전본부,3,2018-05-09 09:30,SOx,0.0
한국중부발전㈜보령발전본부,3,2018-05-09 09:30,NOx,0.0
한국중부발전㈜보령발전본부,3,2018-05-09 10:00,TSP,0.0
한국중부발전㈜보령발전본부,3,2018-05-09 10:00,SOx,0.0
한국중부발전㈜보령발전본부,3,2018-05-09 10:00,NOx,0.0
한국중부발전㈜보령발전본부,3,2018-05-09 10:30,TSP,0.0
한국중부발전㈜보령발전본부,3,2018-05-09 10:30,SOx,0.0
한국중부발전㈜보령발전본부,3,2018-05-09 10:30,NOx,0.0
한국중부발전㈜보령발전본부,3,2018-05-09 11:00,TSP,0.0
한국중부발전㈜보령발전본부,3,2018-05-09 11:00,SOx,0.0
한국중부발전㈜보령발전본부,3,2018-05-09 11:00,NOx,0.0
한국중부발전㈜보령발전본부,3,2018-05-09 11:30,TSP,0.0
한국중부발전㈜보령발전본부,3,2018-05-09 11:30,SOx,0.0
한국중부발전㈜보령발전본부,3,2018-05-09 11:30,NOx,0.0
한국중부발전㈜보령발전본부,3,2018-05-09 12:00,TSP,0.0
한국중부발전㈜보령발전본부,3,2018-05-09 12:00,SOx,0.0
한국중부발전㈜보령발전본부,3,2018-05-09 12:00,NOx,0.0
한국중부발전㈜보령발전본부,3,2018-05-09 12:30,TSP,0.0
한국중부발전㈜보령발전본부,3,2018-05-09 12:30,SOx,0.0
한국중부발전㈜보령발전본부,3,2018-05-09 12:30,NOx,0.0
한국중부발전㈜보령발전본부,3,2018-05-09 13:00,TSP,0.0
한국중부발전㈜보령발전본부,3,2018-05-09 13:00,SOx,0.0
한국중부발전㈜보령발전본부,3,2018-05-09 13:00,NOx,0.0
한국중부발전㈜보령발전본부,3,2018-05-09 13:30,TSP,0.0
한국중부발전㈜보령발전본부,3,2018-05-09 13:30,SOx,0.0
한국중부발전㈜보령발전본부,3,2018-05-09 13:30,NOx,0.0
한국중부발전㈜보령발전본부,3,2018-05-09 14:00,TSP,0.0
한국중부발전㈜보령발전본부,3,2018-05-09 14:00,SOx,0.0
한국중부발전㈜보령발전본부,3,2018-05-09 14:00,NOx,0.0
한국중부발전㈜보령발전본부,3,2018-05-09 14:30,TSP,0.0
한국중부발전㈜보령발전본부,3,2018-05-09 14:30,SOx,0.0
한국중부발전㈜보령발전본부,3,2018-05-09 14:30,NOx,0.0
한국중부발전㈜보령발전본부,3,2018-05-09 15:00,TSP,0.0
한국중부발전㈜보령발전본부,3,2018-05-09 15:00,SOx,0.0
한국중부발전㈜보령발전본부,3,2018-05-09 15:00,NOx,0.0
한국중부발전㈜보령발전본부,3,2018-05-09 15:30,TSP,0.0
한국중부발전㈜보령발전본부,3,2018-05-09 15:30,SOx,0.0
한국중부발전㈜보령발전본부,3,2018-05-09 15:30,NOx,0.0
한국중부발전㈜보령발전본부,3,2018-05-09 16:00,TSP,0.0
한국중부발전㈜보령발전본부,3,2018-05-09 16:00,SOx,0.0
한국중부발전㈜보령발전본부,3,2018-05-09 16:00,NOx,0.0
한국중부발전㈜보령발전본부,3,2018-05-09 16:30,TSP,0.0
한국중부발전㈜보령발전본부,3,2018-05-09 16:30,SOx,0.0
한국중부발전㈜보령발전본부,3,2018-05-09 16:30,NOx,0.0
한국중부발전㈜보령발전본부,3,2018-05-09 17:00,TSP,0.0
한국중부발전㈜보령발전본부,3,2018-05-09 17:00,SOx,0.0
한국중부발전㈜보령발전본부,3,2018-05-09 17:00,NOx,0.0
한국중부발전㈜보령발전본부,3,2018-05-09 17:30,TSP,0.0
한국중부발전㈜보령발전본부,3,2018-05-09 17:30,SOx,0.0
한국중부발전㈜보령발전본부,3,2018-05-09 17:30,NOx,0.0
한국중부발전㈜보령발전본부,3,2018-05-09 18:00,TSP,0.0
한국중부발전㈜보령발전본부,3,2018-05-09 18:00,SOx,0.0
한국중부발전㈜보령발전본부,3,2018-05-09 18:00,NOx,0.0
한국중부발전㈜보령발전본부,3,2018-05-09 18:30,TSP,0.0
한국중부발전㈜보령발전본부,3,2018-05-09 18:30,SOx,0.0
한국중부발전㈜보령발전본부,3,2018-05-09 18:30,NOx,0.0
한국중부발전㈜보령발전본부,3,2018-05-09 19:00,TSP,0.0
한국중부발전㈜보령발전본부,3,2018-05-09 19:00,SOx,0.0
한국중부발전㈜보령발전본부,3,2018-05-09 19:00,NOx,0.0
한국중부발전㈜보령발전본부,3,2018-05-09 19:30,TSP,0.0
한국중부발전㈜보령발전본부,3,2018-05-09 19:30,SOx,0.0
한국중부발전㈜보령발전본부,3,2018-05-09 19:30,NOx,0.0
한국중부발전㈜보령발전본부,3,2018-05-09 20:00,TSP,0.0
한국중부발전㈜보령발전본부,3,2018-05-09 20:00,SOx,0.0
한국중부발전㈜보령발전본부,3,2018-05-09 20:00,NOx,0.0
한국중부발전㈜보령발전본부,3,2018-05-09 20:30,TSP,0.0
한국중부발전㈜보령발전본부,3,2018-05-09 20:30,SOx,0.0
한국중부발전㈜보령발전본부,3,2018-05-09 20:30,NOx,0.0
한국중부발전㈜보령발전본부,3,2018-05-09 21:00,TSP,0.0
한국중부발전㈜보령발전본부,3,2018-05-09 21:00,SOx,0.0
한국중부발전㈜보령발전본부,3,2018-05-09 21:00,NOx,0.0
한국중부발전㈜보령발전본부,3,2018-05-09 21:30,TSP,0.0
한국중부발전㈜보령발전본부,3,2018-05-09 21:30,SOx,0.0
한국중부발전㈜보령발전본부,3,2018-05-09 21:30,NOx,0.0
한국중부발전㈜보령발전본부,3,2018-05-09 22:00,TSP,0.0
한국중부발전㈜보령발전본부,3,2018-05-09 22:00,SOx,0.0
한국중부발전㈜보령발전본부,3,2018-05-09 22:00,NOx,0.0
한국중부발전㈜보령발전본부,3,2018-05-09 22:30,TSP,0.0
한국중부발전㈜보령발전본부,3,2018-05-09 22:30,SOx,0.0
한국중부발전㈜보령발전본부,3,2018-05-09 22:30,NOx,0.0
한국중부발전㈜보령발전본부,3,2018-05-09 23:00,TSP,0.0
한국중부발전㈜보령발전본부,3,2018-05-09 23:00,SOx,0.0
한국중부발전㈜보령발전본부,3,2018-05-09 23:00,NOx,0.0
한국중부발전㈜보령발전본부,3,2018-05-09 23:30,TSP,0.0
한국중부발전㈜보령발전본부,3,2018-05-09 23:30,SOx,0.0
한국중부발전㈜보령발전본부,3,2018-05-09 23:30,NOx,0.0
한국중부발전㈜보령발전본부,3,2018-05-10 00:00,TSP,0.0
한국중부발전㈜보령발전본부,3,2018-05-10 00:00,SOx,0.0
한국중부발전㈜보령발전본부,3,2018-05-10 00:00,NOx,0.0
한국중부발전㈜보령발전본부,3,2018-05-10 00:30,TSP,0.0
한국중부발전㈜보령발전본부,3,2018-05-10 00:30,SOx,0.0
한국중부발전㈜보령발전본부,3,2018-05-10 00:30,NOx,0.0
한국중부발전㈜보령발전본부,3,2018-05-10 01:00,TSP,0.0
한국중부발전㈜보령발전본부,3,2018-05-10 01:00,SOx,0.0
한국중부발전㈜보령발전본부,3,2018-05-10 01:00,NOx,0.0
한국중부발전㈜보령발전본부,3,2018-05-10 01:30,TSP,0.0
한국중부발전㈜보령발전본부,3,2018-05-10 01:30,SOx,0.0
한국중부발전㈜보령발전본부,3,2018-05-10 01:30,NOx,0.0
한국중부발전㈜보령발전본부,3,2018-05-10 02:00,TSP,0.0
한국중부발전㈜보령발전본부,3,2018-05-10 02:00,SOx,0.0
한국중부발전㈜보령발전본부,3,2018-05-10 02:00,NOx,0.0
한국중부발전㈜보령발전본부,3,2018-05-10 02:30,TSP,0.0
한국중부발전㈜보령발전본부,3,2018-05-10 02:30,SOx,0.0
한국중부발전㈜보령발전본부,3,2018-05-10 02:30,NOx,0.0
한국중부발전㈜보령발전본부,3,2018-05-10 03:00,TSP,0.0
한국중부발전㈜보령발전본부,3,2018-05-10 03:00,SOx,0.0
한국중부발전㈜보령발전본부,3,2018-05-10 03:00,NOx,0.0
한국중부발전㈜보령발전본부,3,2018-05-10 03:30,TSP,0.0
한국중부발전㈜보령발전본부,3,2018-05-10 03:30,SOx,0.0
한국중부발전㈜보령발전본부,3,2018-05-10 03:30,NOx,0.0
한국중부발전㈜보령발전본부,3,2018-05-10 04:00,TSP,0.0
한국중부발전㈜보령발전본부,3,2018-05-10 04:00,SOx,0.0
한국중부발전㈜보령발전본부,3,2018-05-10 04:00,NOx,0.0
한국중부발전㈜보령발전본부,3,2018-05-10 04:30,TSP,0.0
한국중부발전㈜보령발전본부,3,2018-05-10 04:30,SOx,0.0
한국중부발전㈜보령발전본부,3,2018-05-10 04:30,NOx,0.0
한국중부발전㈜보령발전본부,3,2018-05-10 05:00,TSP,0.0
한국중부발전㈜보령발전본부,3,2018-05-10 05:00,SOx,0.0
한국중부발전㈜보령발전본부,3,2018-05-10 05:00,NOx,0.0
한국중부발전㈜보령발전본부,3,2018-05-10 05:30,TSP,0.0
한국중부발전㈜보령발전본부,3,2018-05-10 05:30,SOx,0.0
한국중부발전㈜보령발전본부,3,2018-05-10 05:30,NOx,0.0
한국중부발전㈜보령발전본부,3,2018-05-10 06:00,TSP,0.0
한국중부발전㈜보령발전본부,3,2018-05-10 06:00,SOx,0.0
한국중부발전㈜보령발전본부,3,2018-05-10 06:00,NOx,0.0
한국중부발전㈜보령발전본부,3,2018-05-10 06:30,TSP,0.0
한국중부발전㈜보령발전본부,3,2018-05-10 06:30,SOx,0.0
한국중부발전㈜보령발전본부,3,2018-05-10 06:30,NOx,0.0
한국중부발전㈜보령발전본부,3,2018-05-10 07:00,TSP,0.0
한국중부발전㈜보령발전본부,3,2018-05-10 07:00,SOx,0.0
한국중부발전㈜보령발전본부,3,2018-05-10 07:00,NOx,0.0
한국중부발전㈜보령발전본부,3,2018-05-10 07:30,TSP,0.0
한국중부발전㈜보령발전본부,3,2018-05-10 07:30,SOx,0.0
한국중부발전㈜보령발전본부,3,2018-05-10 07:30,NOx,0.0
한국중부발전㈜보령발전본부,3,2018-05-10 08:00,TSP,0.0
한국중부발전㈜보령발전본부,3,2018-05-10 08:00,SOx,0.0
한국중부발전㈜보령발전본부,3,2018-05-10 08:00,NOx,0.0
한국중부발전㈜보령발전본부,3,2018-05-10 08:30,TSP,0.0
한국중부발전㈜보령발전본부,3,2018-05-10 08:30,SOx,0.0
한국중부발전㈜보령발전본부,3,2018-05-10 08:30,NOx,0.0
한국중부발전㈜보령발전본부,3,2018-05-10 09:00,TSP,0.0
한국중부발전㈜보령발전본부,3,2018-05-10 09:00,SOx,0.0
한국중부발전㈜보령발전본부,3,2018-05-10 09:00,NOx,0.0
한국중부발전㈜보령발전본부,3,2018-05-10 09:30,TSP,0.0
한국중부발전㈜보령발전본부,3,2018-05-10 09:30,SOx,0.0
한국중부발전㈜보령발전본부,3,2018-05-10 09:30,NOx,0.0
한국중부발전㈜보령발전본부,3,2018-05-10 10:00,TSP,0.0
한국중부발전㈜보령발전본부,3,2018-05-10 10:00,SOx,0.0
한국중부발전㈜보령발전본부,3,2018-05-10 10:00,NOx,0.0
한국중부발전㈜보령발전본부,3,2018-05-10 10:30,TSP,0.0
한국중부발전㈜보령발전본부,3,2018-05-10 10:30,SOx,0.0
한국중부발전㈜보령발전본부,3,2018-05-10 10:30,NOx,0.0
한국중부발전㈜보령발전본부,3,2018-05-10 11:00,TSP,0.0
한국중부발전㈜보령발전본부,3,2018-05-10 11:00,SOx,0.0
한국중부발전㈜보령발전본부,3,2018-05-10 11:00,NOx,0.0
한국중부발전㈜보령발전본부,3,2018-05-10 11:30,TSP,0.0
한국중부발전㈜보령발전본부,3,2018-05-10 11:30,SOx,0.0
한국중부발전㈜보령발전본부,3,2018-05-10 11:30,NOx,0.0
한국중부발전㈜보령발전본부,3,2018-05-10 12:00,TSP,0.0
한국중부발전㈜보령발전본부,3,2018-05-10 12:00,SOx,0.0
한국중부발전㈜보령발전본부,3,2018-05-10 12:00,NOx,0.0
한국중부발전㈜보령발전본부,3,2018-05-10 12:30,TSP,0.0
한국중부발전㈜보령발전본부,3,2018-05-10 12:30,SOx,0.0
한국중부발전㈜보령발전본부,3,2018-05-10 12:30,NOx,0.0
한국중부발전㈜보령발전본부,3,2018-05-10 13:00,TSP,0.0
한국중부발전㈜보령발전본부,3,2018-05-10 13:00,SOx,0.0
한국중부발전㈜보령발전본부,3,2018-05-10 13:00,NOx,0.0
한국중부발전㈜보령발전본부,3,2018-05-10 13:30,TSP,0.0
한국중부발전㈜보령발전본부,3,2018-05-10 13:30,SOx,0.0
한국중부발전㈜보령발전본부,3,2018-05-10 13:30,NOx,0.0
한국중부발전㈜보령발전본부,3,2018-05-10 14:00,TSP,0.0
한국중부발전㈜보령발전본부,3,2018-05-10 14:00,SOx,0.0
한국중부발전㈜보령발전본부,3,2018-05-10 14:00,NOx,0.0
한국중부발전㈜보령발전본부,3,2018-05-10 14:30,TSP,0.0
한국중부발전㈜보령발전본부,3,2018-05-10 14:30,SOx,0.0
한국중부발전㈜보령발전본부,3,2018-05-10 14:30,NOx,0.0
한국중부발전㈜보령발전본부,3,2018-05-10 15:00,TSP,0.0
한국중부발전㈜보령발전본부,3,2018-05-10 15:00,SOx,0.0
한국중부발전㈜보령발전본부,3,2018-05-10 15:00,NOx,0.0
한국중부발전㈜보령발전본부,3,2018-05-10 15:30,TSP,0.0
한국중부발전㈜보령발전본부,3,2018-05-10 15:30,SOx,0.0
한국중부발전㈜보령발전본부,3,2018-05-10 15:30,NOx,0.0
한국중부발전㈜보령발전본부,3,2018-05-10 16:00,TSP,0.0
한국중부발전㈜보령발전본부,3,2018-05-10 16:00,SOx,0.0
한국중부발전㈜보령발전본부,3,2018-05-10 16:00,NOx,0.0
한국중부발전㈜보령발전본부,3,2018-05-10 16:30,TSP,0.0
한국중부발전㈜보령발전본부,3,2018-05-10 16:30,SOx,0.0
한국중부발전㈜보령발전본부,3,2018-05-10 16:30,NOx,0.0
한국중부발전㈜보령발전본부,3,2018-05-10 17:00,TSP,0.0
한국중부발전㈜보령발전본부,3,2018-05-10 17:00,SOx,0.0
한국중부발전㈜보령발전본부,3,2018-05-10 17:00,NOx,0.0
한국중부발전㈜보령발전본부,3,2018-05-10 17:30,TSP,0.0
한국중부발전㈜보령발전본부,3,2018-05-10 17:30,SOx,0.0
한국중부발전㈜보령발전본부,3,2018-05-10 17:30,NOx,0.0
한국중부발전㈜보령발전본부,3,2018-05-10 18:00,TSP,0.0
한국중부발전㈜보령발전본부,3,2018-05-10 18:00,SOx,0.0
한국중부발전㈜보령발전본부,3,2018-05-10 18:00,NOx,0.0
한국중부발전㈜보령발전본부,3,2018-05-10 18:30,TSP,0.0
한국중부발전㈜보령발전본부,3,2018-05-10 18:30,SOx,0.0
한국중부발전㈜보령발전본부,3,2018-05-10 18:30,NOx,0.0
한국중부발전㈜보령발전본부,3,2018-05-10 19:00,TSP,0.0
한국중부발전㈜보령발전본부,3,2018-05-10 19:00,SOx,0.0
한국중부발전㈜보령발전본부,3,2018-05-10 19:00,NOx,0.0
한국중부발전㈜보령발전본부,3,2018-05-10 19:30,TSP,0.0
한국중부발전㈜보령발전본부,3,2018-05-10 19:30,SOx,0.0
한국중부발전㈜보령발전본부,3,2018-05-10 19:30,NOx,0.0
한국중부발전㈜보령발전본부,3,2018-05-10 20:00,TSP,0.0
한국중부발전㈜보령발전본부,3,2018-05-10 20:00,SOx,0.0
한국중부발전㈜보령발전본부,3,2018-05-10 20:00,NOx,0.0
한국중부발전㈜보령발전본부,3,2018-05-10 20:30,TSP,0.0
한국중부발전㈜보령발전본부,3,2018-05-10 20:30,SOx,0.0
한국중부발전㈜보령발전본부,3,2018-05-10 20:30,NOx,0.0
한국중부발전㈜보령발전본부,3,2018-05-10 21:00,TSP,0.0
한국중부발전㈜보령발전본부,3,2018-05-10 21:00,SOx,0.0
한국중부발전㈜보령발전본부,3,2018-05-10 21:00,NOx,0.0
한국중부발전㈜보령발전본부,3,2018-05-10 21:30,TSP,0.0
한국중부발전㈜보령발전본부,3,2018-05-10 21:30,SOx,0.0
한국중부발전㈜보령발전본부,3,2018-05-10 21:30,NOx,0.0
한국중부발전㈜보령발전본부,3,2018-05-10 22:00,TSP,0.0
한국중부발전㈜보령발전본부,3,2018-05-10 22:00,SOx,0.0
한국중부발전㈜보령발전본부,3,2018-05-10 22:00,NOx,0.0
한국중부발전㈜보령발전본부,3,2018-05-10 22:30,TSP,0.0
한국중부발전㈜보령발전본부,3,2018-05-10 22:30,SOx,0.0
한국중부발전㈜보령발전본부,3,2018-05-10 22:30,NOx,0.0
한국중부발전㈜보령발전본부,3,2018-05-10 23:00,TSP,0.0
한국중부발전㈜보령발전본부,3,2018-05-10 23:00,SOx,0.0
한국중부발전㈜보령발전본부,3,2018-05-10 23:00,NOx,0.0
한국중부발전㈜보령발전본부,3,2018-05-10 23:30,TSP,0.0
한국중부발전㈜보령발전본부,3,2018-05-10 23:30,SOx,0.0
한국중부발전㈜보령발전본부,3,2018-05-10 23:30,NOx,0.0
한국중부발전㈜보령발전본부,3,2018-05-11 00:00,TSP,0.0
한국중부발전㈜보령발전본부,3,2018-05-11 00:00,SOx,0.0
한국중부발전㈜보령발전본부,3,2018-05-11 00:00,NOx,0.0
한국중부발전㈜보령발전본부,3,2018-05-11 00:30,TSP,0.0
한국중부발전㈜보령발전본부,3,2018-05-11 00:30,SOx,0.0
한국중부발전㈜보령발전본부,3,2018-05-11 00:30,NOx,0.0
한국중부발전㈜보령발전본부,3,2018-05-11 01:00,TSP,0.0
한국중부발전㈜보령발전본부,3,2018-05-11 01:00,SOx,0.0
한국중부발전㈜보령발전본부,3,2018-05-11 01:00,NOx,0.0
한국중부발전㈜보령발전본부,3,2018-05-11 01:30,TSP,0.0
한국중부발전㈜보령발전본부,3,2018-05-11 01:30,SOx,0.0
한국중부발전㈜보령발전본부,3,2018-05-11 01:30,NOx,0.0
한국중부발전㈜보령발전본부,3,2018-05-11 02:00,TSP,0.0
한국중부발전㈜보령발전본부,3,2018-05-11 02:00,SOx,0.0
한국중부발전㈜보령발전본부,3,2018-05-11 02:00,NOx,0.0
한국중부발전㈜보령발전본부,3,2018-05-11 02:30,TSP,0.0
한국중부발전㈜보령발전본부,3,2018-05-11 02:30,SOx,0.0
한국중부발전㈜보령발전본부,3,2018-05-11 02:30,NOx,0.0
한국중부발전㈜보령발전본부,3,2018-05-11 03:00,TSP,0.0
한국중부발전㈜보령발전본부,3,2018-05-11 03:00,SOx,0.0
한국중부발전㈜보령발전본부,3,2018-05-11 03:00,NOx,0.0
한국중부발전㈜보령발전본부,3,2018-05-11 03:30,TSP,0.0
한국중부발전㈜보령발전본부,3,2018-05-11 03:30,SOx,0.0
한국중부발전㈜보령발전본부,3,2018-05-11 03:30,NOx,0.0
한국중부발전㈜보령발전본부,3,2018-05-11 04:00,TSP,0.0
한국중부발전㈜보령발전본부,3,2018-05-11 04:00,SOx,0.0
한국중부발전㈜보령발전본부,3,2018-05-11 04:00,NOx,0.0
한국중부발전㈜보령발전본부,3,2018-05-11 04:30,TSP,0.0
한국중부발전㈜보령발전본부,3,2018-05-11 04:30,SOx,0.0
한국중부발전㈜보령발전본부,3,2018-05-11 04:30,NOx,0.0
한국중부발전㈜보령발전본부,3,2018-05-11 05:00,TSP,0.0
한국중부발전㈜보령발전본부,3,2018-05-11 05:00,SOx,0.0
한국중부발전㈜보령발전본부,3,2018-05-11 05:00,NOx,0.0
한국중부발전㈜보령발전본부,3,2018-05-11 05:30,TSP,0.0
한국중부발전㈜보령발전본부,3,2018-05-11 05:30,SOx,0.0
한국중부발전㈜보령발전본부,3,2018-05-11 05:30,NOx,0.0
한국중부발전㈜보령발전본부,3,2018-05-11 06:00,TSP,0.0
한국중부발전㈜보령발전본부,3,2018-05-11 06:00,SOx,0.0
한국중부발전㈜보령발전본부,3,2018-05-11 06:00,NOx,0.0
한국중부발전㈜보령발전본부,3,2018-05-11 06:30,TSP,0.0
한국중부발전㈜보령발전본부,3,2018-05-11 06:30,SOx,0.0
한국중부발전㈜보령발전본부,3,2018-05-11 06:30,NOx,0.0
한국중부발전㈜보령발전본부,3,2018-05-11 07:00,TSP,0.0
한국중부발전㈜보령발전본부,3,2018-05-11 07:00,SOx,0.0
한국중부발전㈜보령발전본부,3,2018-05-11 07:00,NOx,0.0
한국중부발전㈜보령발전본부,3,2018-05-11 07:30,TSP,0.0
한국중부발전㈜보령발전본부,3,2018-05-11 07:30,SOx,0.0
한국중부발전㈜보령발전본부,3,2018-05-11 07:30,NOx,0.0
한국중부발전㈜보령발전본부,3,2018-05-11 08:00,TSP,0.0
한국중부발전㈜보령발전본부,3,2018-05-11 08:00,SOx,0.0
한국중부발전㈜보령발전본부,3,2018-05-11 08:00,NOx,0.0
한국중부발전㈜보령발전본부,3,2018-05-11 08:30,TSP,0.0
한국중부발전㈜보령발전본부,3,2018-05-11 08:30,SOx,0.0
한국중부발전㈜보령발전본부,3,2018-05-11 08:30,NOx,0.0
한국중부발전㈜보령발전본부,3,2018-05-11 09:00,TSP,0.0
한국중부발전㈜보령발전본부,3,2018-05-11 09:00,SOx,0.0
한국중부발전㈜보령발전본부,3,2018-05-11 09:00,NOx,0.0
한국중부발전㈜보령발전본부,3,2018-05-11 09:30,TSP,0.0
한국중부발전㈜보령발전본부,3,2018-05-11 09:30,SOx,0.0
한국중부발전㈜보령발전본부,3,2018-05-11 09:30,NOx,0.0
한국중부발전㈜보령발전본부,3,2018-05-11 10:00,TSP,0.0
한국중부발전㈜보령발전본부,3,2018-05-11 10:00,SOx,0.0
한국중부발전㈜보령발전본부,3,2018-05-11 10:00,NOx,0.0
한국중부발전㈜보령발전본부,3,2018-05-11 10:30,TSP,0.0
한국중부발전㈜보령발전본부,3,2018-05-11 10:30,SOx,0.0
한국중부발전㈜보령발전본부,3,2018-05-11 10:30,NOx,0.0
한국중부발전㈜보령발전본부,3,2018-05-11 11:00,TSP,0.0
한국중부발전㈜보령발전본부,3,2018-05-11 11:00,SOx,0.0
한국중부발전㈜보령발전본부,3,2018-05-11 11:00,NOx,0.0
한국중부발전㈜보령발전본부,3,2018-05-11 11:30,TSP,0.0
한국중부발전㈜보령발전본부,3,2018-05-11 11:30,SOx,0.0
한국중부발전㈜보령발전본부,3,2018-05-11 11:30,NOx,0.0
한국중부발전㈜보령발전본부,3,2018-05-11 12:00,TSP,0.0
한국중부발전㈜보령발전본부,3,2018-05-11 12:00,SOx,0.0
한국중부발전㈜보령발전본부,3,2018-05-11 12:00,NOx,0.0
한국중부발전㈜보령발전본부,3,2018-05-11 12:30,TSP,0.0
한국중부발전㈜보령발전본부,3,2018-05-11 12:30,SOx,0.0
한국중부발전㈜보령발전본부,3,2018-05-11 12:30,NOx,0.0
한국중부발전㈜보령발전본부,3,2018-05-11 13:00,TSP,0.0
한국중부발전㈜보령발전본부,3,2018-05-11 13:00,SOx,0.0
한국중부발전㈜보령발전본부,3,2018-05-11 13:00,NOx,0.0
한국중부발전㈜보령발전본부,3,2018-05-11 13:30,TSP,0.0
한국중부발전㈜보령발전본부,3,2018-05-11 13:30,SOx,0.0
한국중부발전㈜보령발전본부,3,2018-05-11 13:30,NOx,0.0
한국중부발전㈜보령발전본부,3,2018-05-11 14:00,TSP,0.0
한국중부발전㈜보령발전본부,3,2018-05-11 14:00,SOx,0.0
한국중부발전㈜보령발전본부,3,2018-05-11 14:00,NOx,0.0
한국중부발전㈜보령발전본부,3,2018-05-11 14:30,TSP,0.0
한국중부발전㈜보령발전본부,3,2018-05-11 14:30,SOx,0.0
한국중부발전㈜보령발전본부,3,2018-05-11 14:30,NOx,0.0
한국중부발전㈜보령발전본부,3,2018-05-11 15:00,TSP,0.0
한국중부발전㈜보령발전본부,3,2018-05-11 15:00,SOx,0.0
한국중부발전㈜보령발전본부,3,2018-05-11 15:00,NOx,0.0
한국중부발전㈜보령발전본부,3,2018-05-11 15:30,TSP,0.0
한국중부발전㈜보령발전본부,3,2018-05-11 15:30,SOx,0.0
한국중부발전㈜보령발전본부,3,2018-05-11 15:30,NOx,0.0
한국중부발전㈜보령발전본부,3,2018-05-11 16:00,TSP,0.0
한국중부발전㈜보령발전본부,3,2018-05-11 16:00,SOx,0.0
한국중부발전㈜보령발전본부,3,2018-05-11 16:00,NOx,0.0
한국중부발전㈜보령발전본부,3,2018-05-11 16:30,TSP,0.0
한국중부발전㈜보령발전본부,3,2018-05-11 16:30,SOx,0.0
한국중부발전㈜보령발전본부,3,2018-05-11 16:30,NOx,0.0
한국중부발전㈜보령발전본부,3,2018-05-11 17:00,TSP,0.0
한국중부발전㈜보령발전본부,3,2018-05-11 17:00,SOx,0.0
한국중부발전㈜보령발전본부,3,2018-05-11 17:00,NOx,0.0
한국중부발전㈜보령발전본부,3,2018-05-11 17:30,TSP,0.0
한국중부발전㈜보령발전본부,3,2018-05-11 17:30,SOx,0.0
한국중부발전㈜보령발전본부,3,2018-05-11 17:30,NOx,0.0
한국중부발전㈜보령발전본부,3,2018-05-11 18:00,TSP,0.0
한국중부발전㈜보령발전본부,3,2018-05-11 18:00,SOx,0.0
한국중부발전㈜보령발전본부,3,2018-05-11 18:00,NOx,0.0
한국중부발전㈜보령발전본부,3,2018-05-11 18:30,TSP,0.0
한국중부발전㈜보령발전본부,3,2018-05-11 18:30,SOx,0.0
한국중부발전㈜보령발전본부,3,2018-05-11 18:30,NOx,0.0
한국중부발전㈜보령발전본부,3,2018-05-11 19:00,TSP,0.0
한국중부발전㈜보령발전본부,3,2018-05-11 19:00,SOx,0.0
한국중부발전㈜보령발전본부,3,2018-05-11 19:00,NOx,0.0
한국중부발전㈜보령발전본부,3,2018-05-11 19:30,TSP,0.0
한국중부발전㈜보령발전본부,3,2018-05-11 19:30,SOx,0.0
한국중부발전㈜보령발전본부,3,2018-05-11 19:30,NOx,0.0
한국중부발전㈜보령발전본부,3,2018-05-11 20:00,TSP,0.0
한국중부발전㈜보령발전본부,3,2018-05-11 20:00,SOx,0.0
한국중부발전㈜보령발전본부,3,2018-05-11 20:00,NOx,0.0
한국중부발전㈜보령발전본부,3,2018-05-11 20:30,TSP,0.0
한국중부발전㈜보령발전본부,3,2018-05-11 20:30,SOx,0.0
한국중부발전㈜보령발전본부,3,2018-05-11 20:30,NOx,0.0
한국중부발전㈜보령발전본부,3,2018-05-11 21:00,TSP,0.0
한국중부발전㈜보령발전본부,3,2018-05-11 21:00,SOx,0.0
한국중부발전㈜보령발전본부,3,2018-05-11 21:00,NOx,0.0
한국중부발전㈜보령발전본부,3,2018-05-11 21:30,TSP,0.0
한국중부발전㈜보령발전본부,3,2018-05-11 21:30,SOx,0.0
한국중부발전㈜보령발전본부,3,2018-05-11 21:30,NOx,0.0
한국중부발전㈜보령발전본부,3,2018-05-11 22:00,TSP,0.0
한국중부발전㈜보령발전본부,3,2018-05-11 22:00,SOx,0.0
한국중부발전㈜보령발전본부,3,2018-05-11 22:00,NOx,0.0
한국중부발전㈜보령발전본부,3,2018-05-11 22:30,TSP,0.0
한국중부발전㈜보령발전본부,3,2018-05-11 22:30,SOx,0.0
한국중부발전㈜보령발전본부,3,2018-05-11 22:30,NOx,0.0
한국중부발전㈜보령발전본부,3,2018-05-11 23:00,TSP,0.0
한국중부발전㈜보령발전본부,3,2018-05-11 23:00,SOx,0.0
한국중부발전㈜보령발전본부,3,2018-05-11 23:00,NOx,0.0
한국중부발전㈜보령발전본부,3,2018-05-11 23:30,TSP,0.0
한국중부발전㈜보령발전본부,3,2018-05-11 23:30,SOx,0.0
한국중부발전㈜보령발전본부,3,2018-05-11 23:30,NOx,0.0
한국중부발전㈜보령발전본부,3,2018-05-12 00:00,TSP,0.0
한국중부발전㈜보령발전본부,3,2018-05-12 00:00,SOx,0.0
한국중부발전㈜보령발전본부,3,2018-05-12 00:00,NOx,0.0
한국중부발전㈜보령발전본부,3,2018-05-12 00:30,TSP,0.0
한국중부발전㈜보령발전본부,3,2018-05-12 00:30,SOx,0.0
한국중부발전㈜보령발전본부,3,2018-05-12 00:30,NOx,0.0
한국중부발전㈜보령발전본부,3,2018-05-12 01:00,TSP,0.0
한국중부발전㈜보령발전본부,3,2018-05-12 01:00,SOx,0.0
한국중부발전㈜보령발전본부,3,2018-05-12 01:00,NOx,0.0
한국중부발전㈜보령발전본부,3,2018-05-12 01:30,TSP,0.0
한국중부발전㈜보령발전본부,3,2018-05-12 01:30,SOx,0.0
한국중부발전㈜보령발전본부,3,2018-05-12 01:30,NOx,0.0
한국중부발전㈜보령발전본부,3,2018-05-12 02:00,TSP,0.0
한국중부발전㈜보령발전본부,3,2018-05-12 02:00,SOx,0.0
한국중부발전㈜보령발전본부,3,2018-05-12 02:00,NOx,0.0
한국중부발전㈜보령발전본부,3,2018-05-12 02:30,TSP,0.0
한국중부발전㈜보령발전본부,3,2018-05-12 02:30,SOx,0.0
한국중부발전㈜보령발전본부,3,2018-05-12 02:30,NOx,0.0
한국중부발전㈜보령발전본부,3,2018-05-12 03:00,TSP,0.0
한국중부발전㈜보령발전본부,3,2018-05-12 03:00,SOx,0.0
한국중부발전㈜보령발전본부,3,2018-05-12 03:00,NOx,0.0
한국중부발전㈜보령발전본부,3,2018-05-12 03:30,TSP,0.0
한국중부발전㈜보령발전본부,3,2018-05-12 03:30,SOx,0.0
한국중부발전㈜보령발전본부,3,2018-05-12 03:30,NOx,0.0
한국중부발전㈜보령발전본부,3,2018-05-12 04:00,TSP,0.0
한국중부발전㈜보령발전본부,3,2018-05-12 04:00,SOx,0.0
한국중부발전㈜보령발전본부,3,2018-05-12 04:00,NOx,0.0
한국중부발전㈜보령발전본부,3,2018-05-12 04:30,TSP,0.0
한국중부발전㈜보령발전본부,3,2018-05-12 04:30,SOx,0.0
한국중부발전㈜보령발전본부,3,2018-05-12 04:30,NOx,0.0
한국중부발전㈜보령발전본부,3,2018-05-12 05:00,TSP,0.0
한국중부발전㈜보령발전본부,3,2018-05-12 05:00,SOx,0.0
한국중부발전㈜보령발전본부,3,2018-05-12 05:00,NOx,0.0
한국중부발전㈜보령발전본부,3,2018-05-12 05:30,TSP,0.0
한국중부발전㈜보령발전본부,3,2018-05-12 05:30,SOx,0.0
한국중부발전㈜보령발전본부,3,2018-05-12 05:30,NOx,0.0
한국중부발전㈜보령발전본부,3,2018-05-12 06:00,TSP,0.0
한국중부발전㈜보령발전본부,3,2018-05-12 06:00,SOx,0.0
한국중부발전㈜보령발전본부,3,2018-05-12 06:00,NOx,0.0
한국중부발전㈜보령발전본부,3,2018-05-12 06:30,TSP,0.0
한국중부발전㈜보령발전본부,3,2018-05-12 06:30,SOx,0.0
한국중부발전㈜보령발전본부,3,2018-05-12 06:30,NOx,0.0
한국중부발전㈜보령발전본부,3,2018-05-12 07:00,TSP,0.0
한국중부발전㈜보령발전본부,3,2018-05-12 07:00,SOx,0.0
한국중부발전㈜보령발전본부,3,2018-05-12 07:00,NOx,0.0
한국중부발전㈜보령발전본부,3,2018-05-12 07:30,TSP,0.0
한국중부발전㈜보령발전본부,3,2018-05-12 07:30,SOx,0.0
한국중부발전㈜보령발전본부,3,2018-05-12 07:30,NOx,0.0
한국중부발전㈜보령발전본부,3,2018-05-12 08:00,TSP,0.0
한국중부발전㈜보령발전본부,3,2018-05-12 08:00,SOx,0.0
한국중부발전㈜보령발전본부,3,2018-05-12 08:00,NOx,0.0
한국중부발전㈜보령발전본부,3,2018-05-12 08:30,TSP,0.0
한국중부발전㈜보령발전본부,3,2018-05-12 08:30,SOx,0.0
한국중부발전㈜보령발전본부,3,2018-05-12 08:30,NOx,0.0
한국중부발전㈜보령발전본부,3,2018-05-12 09:00,TSP,0.0
한국중부발전㈜보령발전본부,3,2018-05-12 09:00,SOx,0.0
한국중부발전㈜보령발전본부,3,2018-05-12 09:00,NOx,0.0
한국중부발전㈜보령발전본부,3,2018-05-12 09:30,TSP,0.0
한국중부발전㈜보령발전본부,3,2018-05-12 09:30,SOx,0.0
한국중부발전㈜보령발전본부,3,2018-05-12 09:30,NOx,0.0
한국중부발전㈜보령발전본부,3,2018-05-12 10:00,TSP,0.0
한국중부발전㈜보령발전본부,3,2018-05-12 10:00,SOx,0.0
한국중부발전㈜보령발전본부,3,2018-05-12 10:00,NOx,0.0
한국중부발전㈜보령발전본부,3,2018-05-12 10:30,TSP,0.0
한국중부발전㈜보령발전본부,3,2018-05-12 10:30,SOx,0.0
한국중부발전㈜보령발전본부,3,2018-05-12 10:30,NOx,0.0
한국중부발전㈜보령발전본부,3,2018-05-12 11:00,TSP,0.0
한국중부발전㈜보령발전본부,3,2018-05-12 11:00,SOx,0.0
한국중부발전㈜보령발전본부,3,2018-05-12 11:00,NOx,0.0
한국중부발전㈜보령발전본부,3,2018-05-12 11:30,TSP,0.0
한국중부발전㈜보령발전본부,3,2018-05-12 11:30,SOx,0.0
한국중부발전㈜보령발전본부,3,2018-05-12 11:30,NOx,0.0
한국중부발전㈜보령발전본부,3,2018-05-12 12:00,TSP,0.0
한국중부발전㈜보령발전본부,3,2018-05-12 12:00,SOx,0.0
한국중부발전㈜보령발전본부,3,2018-05-12 12:00,NOx,0.0
한국중부발전㈜보령발전본부,3,2018-05-12 12:30,TSP,0.0
한국중부발전㈜보령발전본부,3,2018-05-12 12:30,SOx,0.0
한국중부발전㈜보령발전본부,3,2018-05-12 12:30,NOx,0.0
한국중부발전㈜보령발전본부,3,2018-05-12 13:00,TSP,0.0
한국중부발전㈜보령발전본부,3,2018-05-12 13:00,SOx,0.0
한국중부발전㈜보령발전본부,3,2018-05-12 13:00,NOx,0.0
한국중부발전㈜보령발전본부,3,2018-05-12 13:30,TSP,0.0
한국중부발전㈜보령발전본부,3,2018-05-12 13:30,SOx,0.0
한국중부발전㈜보령발전본부,3,2018-05-12 13:30,NOx,0.0
한국중부발전㈜보령발전본부,3,2018-05-12 14:00,TSP,0.0
한국중부발전㈜보령발전본부,3,2018-05-12 14:00,SOx,0.0
한국중부발전㈜보령발전본부,3,2018-05-12 14:00,NOx,0.0
한국중부발전㈜보령발전본부,3,2018-05-12 14:30,TSP,0.0
한국중부발전㈜보령발전본부,3,2018-05-12 14:30,SOx,0.0
한국중부발전㈜보령발전본부,3,2018-05-12 14:30,NOx,0.0
한국중부발전㈜보령발전본부,3,2018-05-12 15:00,TSP,0.0
한국중부발전㈜보령발전본부,3,2018-05-12 15:00,SOx,0.0
한국중부발전㈜보령발전본부,3,2018-05-12 15:00,NOx,0.0
한국중부발전㈜보령발전본부,3,2018-05-12 15:30,TSP,0.0
한국중부발전㈜보령발전본부,3,2018-05-12 15:30,SOx,0.0
한국중부발전㈜보령발전본부,3,2018-05-12 15:30,NOx,0.0
한국중부발전㈜보령발전본부,3,2018-05-12 16:00,TSP,0.0
한국중부발전㈜보령발전본부,3,2018-05-12 16:00,SOx,0.0
한국중부발전㈜보령발전본부,3,2018-05-12 16:00,NOx,0.0
한국중부발전㈜보령발전본부,3,2018-05-12 16:30,TSP,0.0
한국중부발전㈜보령발전본부,3,2018-05-12 16:30,SOx,0.0
한국중부발전㈜보령발전본부,3,2018-05-12 16:30,NOx,0.0
한국중부발전㈜보령발전본부,3,2018-05-12 17:00,TSP,0.0
한국중부발전㈜보령발전본부,3,2018-05-12 17:00,SOx,0.0
한국중부발전㈜보령발전본부,3,2018-05-12 17:00,NOx,0.0
한국중부발전㈜보령발전본부,3,2018-05-12 17:30,TSP,0.0
한국중부발전㈜보령발전본부,3,2018-05-12 17:30,SOx,0.0
한국중부발전㈜보령발전본부,3,2018-05-12 17:30,NOx,0.0
한국중부발전㈜보령발전본부,3,2018-05-12 18:00,TSP,0.0
한국중부발전㈜보령발전본부,3,2018-05-12 18:00,SOx,0.0
한국중부발전㈜보령발전본부,3,2018-05-12 18:00,NOx,0.0
한국중부발전㈜보령발전본부,3,2018-05-12 18:30,TSP,0.0
한국중부발전㈜보령발전본부,3,2018-05-12 18:30,SOx,0.0
한국중부발전㈜보령발전본부,3,2018-05-12 18:30,NOx,0.0
한국중부발전㈜보령발전본부,3,2018-05-12 19:00,TSP,0.0
한국중부발전㈜보령발전본부,3,2018-05-12 19:00,SOx,0.0
한국중부발전㈜보령발전본부,3,2018-05-12 19:00,NOx,0.0
한국중부발전㈜보령발전본부,3,2018-05-12 19:30,TSP,0.0
한국중부발전㈜보령발전본부,3,2018-05-12 19:30,SOx,0.0
한국중부발전㈜보령발전본부,3,2018-05-12 19:30,NOx,0.0
한국중부발전㈜보령발전본부,3,2018-05-12 20:00,TSP,0.0
한국중부발전㈜보령발전본부,3,2018-05-12 20:00,SOx,0.0
한국중부발전㈜보령발전본부,3,2018-05-12 20:00,NOx,0.0
한국중부발전㈜보령발전본부,3,2018-05-12 20:30,TSP,0.0
한국중부발전㈜보령발전본부,3,2018-05-12 20:30,SOx,0.0
한국중부발전㈜보령발전본부,3,2018-05-12 20:30,NOx,0.0
한국중부발전㈜보령발전본부,3,2018-05-12 21:00,TSP,0.0
한국중부발전㈜보령발전본부,3,2018-05-12 21:00,SOx,0.0
한국중부발전㈜보령발전본부,3,2018-05-12 21:00,NOx,0.0
한국중부발전㈜보령발전본부,3,2018-05-12 21:30,TSP,0.0
한국중부발전㈜보령발전본부,3,2018-05-12 21:30,SOx,0.0
한국중부발전㈜보령발전본부,3,2018-05-12 21:30,NOx,0.0
한국중부발전㈜보령발전본부,3,2018-05-12 22:00,TSP,0.0
한국중부발전㈜보령발전본부,3,2018-05-12 22:00,SOx,0.0
한국중부발전㈜보령발전본부,3,2018-05-12 22:00,NOx,0.0
한국중부발전㈜보령발전본부,3,2018-05-12 22:30,TSP,0.0
한국중부발전㈜보령발전본부,3,2018-05-12 22:30,SOx,0.0
한국중부발전㈜보령발전본부,3,2018-05-12 22:30,NOx,0.0
한국중부발전㈜보령발전본부,3,2018-05-12 23:00,TSP,0.0
한국중부발전㈜보령발전본부,3,2018-05-12 23:00,SOx,0.0
한국중부발전㈜보령발전본부,3,2018-05-12 23:00,NOx,0.0
한국중부발전㈜보령발전본부,3,2018-05-12 23:30,TSP,0.0
한국중부발전㈜보령발전본부,3,2018-05-12 23:30,SOx,0.0
한국중부발전㈜보령발전본부,3,2018-05-12 23:30,NOx,0.0
한국중부발전㈜보령발전본부,3,2018-05-13 00:00,TSP,0.0
한국중부발전㈜보령발전본부,3,2018-05-13 00:00,SOx,0.0
한국중부발전㈜보령발전본부,3,2018-05-13 00:00,NOx,0.0
한국중부발전㈜보령발전본부,3,2018-05-13 00:30,TSP,0.0
한국중부발전㈜보령발전본부,3,2018-05-13 00:30,SOx,0.0
한국중부발전㈜보령발전본부,3,2018-05-13 00:30,NOx,0.0
한국중부발전㈜보령발전본부,3,2018-05-13 01:00,TSP,0.0
한국중부발전㈜보령발전본부,3,2018-05-13 01:00,SOx,0.0
한국중부발전㈜보령발전본부,3,2018-05-13 01:00,NOx,0.0
한국중부발전㈜보령발전본부,3,2018-05-13 01:30,TSP,0.0
한국중부발전㈜보령발전본부,3,2018-05-13 01:30,SOx,0.0
한국중부발전㈜보령발전본부,3,2018-05-13 01:30,NOx,0.0
한국중부발전㈜보령발전본부,3,2018-05-13 02:00,TSP,0.0
한국중부발전㈜보령발전본부,3,2018-05-13 02:00,SOx,0.0
한국중부발전㈜보령발전본부,3,2018-05-13 02:00,NOx,0.0
한국중부발전㈜보령발전본부,3,2018-05-13 02:30,TSP,0.0
한국중부발전㈜보령발전본부,3,2018-05-13 02:30,SOx,0.0
한국중부발전㈜보령발전본부,3,2018-05-13 02:30,NOx,0.0
한국중부발전㈜보령발전본부,3,2018-05-13 03:00,TSP,0.0
한국중부발전㈜보령발전본부,3,2018-05-13 03:00,SOx,0.0
한국중부발전㈜보령발전본부,3,2018-05-13 03:00,NOx,0.0
한국중부발전㈜보령발전본부,3,2018-05-13 03:30,TSP,0.0
한국중부발전㈜보령발전본부,3,2018-05-13 03:30,SOx,0.0
한국중부발전㈜보령발전본부,3,2018-05-13 03:30,NOx,0.0
한국중부발전㈜보령발전본부,3,2018-05-13 04:00,TSP,0.0
한국중부발전㈜보령발전본부,3,2018-05-13 04:00,SOx,0.0
한국중부발전㈜보령발전본부,3,2018-05-13 04:00,NOx,0.0
한국중부발전㈜보령발전본부,3,2018-05-13 04:30,TSP,0.0
한국중부발전㈜보령발전본부,3,2018-05-13 04:30,SOx,0.0
한국중부발전㈜보령발전본부,3,2018-05-13 04:30,NOx,0.0
한국중부발전㈜보령발전본부,3,2018-05-13 05:00,TSP,0.0
한국중부발전㈜보령발전본부,3,2018-05-13 05:00,SOx,0.0
한국중부발전㈜보령발전본부,3,2018-05-13 05:00,NOx,0.0
한국중부발전㈜보령발전본부,3,2018-05-13 05:30,TSP,0.0
한국중부발전㈜보령발전본부,3,2018-05-13 05:30,SOx,0.0
한국중부발전㈜보령발전본부,3,2018-05-13 05:30,NOx,0.0
한국중부발전㈜보령발전본부,3,2018-05-13 06:00,TSP,0.0
한국중부발전㈜보령발전본부,3,2018-05-13 06:00,SOx,0.0
한국중부발전㈜보령발전본부,3,2018-05-13 06:00,NOx,0.0
한국중부발전㈜보령발전본부,3,2018-05-13 06:30,TSP,0.0
한국중부발전㈜보령발전본부,3,2018-05-13 06:30,SOx,0.0
한국중부발전㈜보령발전본부,3,2018-05-13 06:30,NOx,0.0
한국중부발전㈜보령발전본부,3,2018-05-13 07:00,TSP,0.0
한국중부발전㈜보령발전본부,3,2018-05-13 07:00,SOx,0.0
한국중부발전㈜보령발전본부,3,2018-05-13 07:00,NOx,0.0
한국중부발전㈜보령발전본부,3,2018-05-13 07:30,TSP,0.0
한국중부발전㈜보령발전본부,3,2018-05-13 07:30,SOx,0.0
한국중부발전㈜보령발전본부,3,2018-05-13 07:30,NOx,0.0
한국중부발전㈜보령발전본부,3,2018-05-13 08:00,TSP,0.0
한국중부발전㈜보령발전본부,3,2018-05-13 08:00,SOx,0.0
한국중부발전㈜보령발전본부,3,2018-05-13 08:00,NOx,0.0
한국중부발전㈜보령발전본부,3,2018-05-13 08:30,TSP,0.0
한국중부발전㈜보령발전본부,3,2018-05-13 08:30,SOx,0.0
한국중부발전㈜보령발전본부,3,2018-05-13 08:30,NOx,0.0
한국중부발전㈜보령발전본부,3,2018-05-13 09:00,TSP,0.0
한국중부발전㈜보령발전본부,3,2018-05-13 09:00,SOx,0.0
한국중부발전㈜보령발전본부,3,2018-05-13 09:00,NOx,0.0
한국중부발전㈜보령발전본부,3,2018-05-13 09:30,TSP,0.0
한국중부발전㈜보령발전본부,3,2018-05-13 09:30,SOx,0.0
한국중부발전㈜보령발전본부,3,2018-05-13 09:30,NOx,0.0
한국중부발전㈜보령발전본부,3,2018-05-13 10:00,TSP,0.0
한국중부발전㈜보령발전본부,3,2018-05-13 10:00,SOx,0.0
한국중부발전㈜보령발전본부,3,2018-05-13 10:00,NOx,0.0
한국중부발전㈜보령발전본부,3,2018-05-13 10:30,TSP,0.0
한국중부발전㈜보령발전본부,3,2018-05-13 10:30,SOx,0.0
한국중부발전㈜보령발전본부,3,2018-05-13 10:30,NOx,0.0
한국중부발전㈜보령발전본부,3,2018-05-13 11:00,TSP,0.0
한국중부발전㈜보령발전본부,3,2018-05-13 11:00,SOx,0.0
한국중부발전㈜보령발전본부,3,2018-05-13 11:00,NOx,0.0
한국중부발전㈜보령발전본부,3,2018-05-13 11:30,TSP,0.0
한국중부발전㈜보령발전본부,3,2018-05-13 11:30,SOx,0.0
한국중부발전㈜보령발전본부,3,2018-05-13 11:30,NOx,0.0
한국중부발전㈜보령발전본부,3,2018-05-13 12:00,TSP,0.0
한국중부발전㈜보령발전본부,3,2018-05-13 12:00,SOx,0.0
한국중부발전㈜보령발전본부,3,2018-05-13 12:00,NOx,0.0
한국중부발전㈜보령발전본부,3,2018-05-13 12:30,TSP,0.0
한국중부발전㈜보령발전본부,3,2018-05-13 12:30,SOx,0.0
한국중부발전㈜보령발전본부,3,2018-05-13 12:30,NOx,0.0
한국중부발전㈜보령발전본부,3,2018-05-13 13:00,TSP,0.0
한국중부발전㈜보령발전본부,3,2018-05-13 13:00,SOx,0.0
한국중부발전㈜보령발전본부,3,2018-05-13 13:00,NOx,0.0
한국중부발전㈜보령발전본부,3,2018-05-13 13:30,TSP,0.0
한국중부발전㈜보령발전본부,3,2018-05-13 13:30,SOx,0.0
한국중부발전㈜보령발전본부,3,2018-05-13 13:30,NOx,0.0
한국중부발전㈜보령발전본부,3,2018-05-13 14:00,TSP,0.0
한국중부발전㈜보령발전본부,3,2018-05-13 14:00,SOx,0.0
한국중부발전㈜보령발전본부,3,2018-05-13 14:00,NOx,0.0
한국중부발전㈜보령발전본부,3,2018-05-13 14:30,TSP,0.0
한국중부발전㈜보령발전본부,3,2018-05-13 14:30,SOx,0.0
한국중부발전㈜보령발전본부,3,2018-05-13 14:30,NOx,0.0
한국중부발전㈜보령발전본부,3,2018-05-13 15:00,TSP,0.0
한국중부발전㈜보령발전본부,3,2018-05-13 15:00,SOx,0.0
한국중부발전㈜보령발전본부,3,2018-05-13 15:00,NOx,0.0
한국중부발전㈜보령발전본부,3,2018-05-13 15:30,TSP,0.0
한국중부발전㈜보령발전본부,3,2018-05-13 15:30,SOx,0.0
한국중부발전㈜보령발전본부,3,2018-05-13 15:30,NOx,0.0
한국중부발전㈜보령발전본부,3,2018-05-13 16:00,TSP,0.0
한국중부발전㈜보령발전본부,3,2018-05-13 16:00,SOx,0.0
한국중부발전㈜보령발전본부,3,2018-05-13 16:00,NOx,0.0
한국중부발전㈜보령발전본부,3,2018-05-13 16:30,TSP,0.0
한국중부발전㈜보령발전본부,3,2018-05-13 16:30,SOx,0.0
한국중부발전㈜보령발전본부,3,2018-05-13 16:30,NOx,0.0
한국중부발전㈜보령발전본부,3,2018-05-13 17:00,TSP,0.0
한국중부발전㈜보령발전본부,3,2018-05-13 17:00,SOx,0.0
한국중부발전㈜보령발전본부,3,2018-05-13 17:00,NOx,0.0
한국중부발전㈜보령발전본부,3,2018-05-13 17:30,TSP,0.0
한국중부발전㈜보령발전본부,3,2018-05-13 17:30,SOx,0.0
한국중부발전㈜보령발전본부,3,2018-05-13 17:30,NOx,0.0
한국중부발전㈜보령발전본부,3,2018-05-13 18:00,TSP,0.0
한국중부발전㈜보령발전본부,3,2018-05-13 18:00,SOx,0.0
한국중부발전㈜보령발전본부,3,2018-05-13 18:00,NOx,0.0
한국중부발전㈜보령발전본부,3,2018-05-13 18:30,TSP,0.0
한국중부발전㈜보령발전본부,3,2018-05-13 18:30,SOx,0.0
한국중부발전㈜보령발전본부,3,2018-05-13 18:30,NOx,0.0
한국중부발전㈜보령발전본부,3,2018-05-13 19:00,TSP,0.0
한국중부발전㈜보령발전본부,3,2018-05-13 19:00,SOx,0.0
한국중부발전㈜보령발전본부,3,2018-05-13 19:00,NOx,0.0
한국중부발전㈜보령발전본부,3,2018-05-13 19:30,TSP,0.0
한국중부발전㈜보령발전본부,3,2018-05-13 19:30,SOx,0.0
한국중부발전㈜보령발전본부,3,2018-05-13 19:30,NOx,0.0
한국중부발전㈜보령발전본부,3,2018-05-13 20:00,TSP,0.0
한국중부발전㈜보령발전본부,3,2018-05-13 20:00,SOx,0.0
한국중부발전㈜보령발전본부,3,2018-05-13 20:00,NOx,0.0
한국중부발전㈜보령발전본부,3,2018-05-13 20:30,TSP,0.0
한국중부발전㈜보령발전본부,3,2018-05-13 20:30,SOx,0.0
한국중부발전㈜보령발전본부,3,2018-05-13 20:30,NOx,0.0
한국중부발전㈜보령발전본부,3,2018-05-13 21:00,TSP,0.0
한국중부발전㈜보령발전본부,3,2018-05-13 21:00,SOx,0.0
한국중부발전㈜보령발전본부,3,2018-05-13 21:00,NOx,0.0
한국중부발전㈜보령발전본부,3,2018-05-13 21:30,TSP,0.0
한국중부발전㈜보령발전본부,3,2018-05-13 21:30,SOx,0.0
한국중부발전㈜보령발전본부,3,2018-05-13 21:30,NOx,0.0
한국중부발전㈜보령발전본부,3,2018-05-13 22:00,TSP,0.0
한국중부발전㈜보령발전본부,3,2018-05-13 22:00,SOx,0.0
한국중부발전㈜보령발전본부,3,2018-05-13 22:00,NOx,0.0
한국중부발전㈜보령발전본부,3,2018-05-13 22:30,TSP,0.0
한국중부발전㈜보령발전본부,3,2018-05-13 22:30,SOx,0.0
한국중부발전㈜보령발전본부,3,2018-05-13 22:30,NOx,0.0
한국중부발전㈜보령발전본부,3,2018-05-13 23:00,TSP,0.0
한국중부발전㈜보령발전본부,3,2018-05-13 23:00,SOx,0.0
한국중부발전㈜보령발전본부,3,2018-05-13 23:00,NOx,0.0
한국중부발전㈜보령발전본부,3,2018-05-13 23:30,TSP,0.0
한국중부발전㈜보령발전본부,3,2018-05-13 23:30,SOx,0.0
한국중부발전㈜보령발전본부,3,2018-05-13 23:30,NOx,0.0
한국중부발전㈜보령발전본부,3,2018-05-14 00:00,TSP,0.0
한국중부발전㈜보령발전본부,3,2018-05-14 00:00,SOx,0.0
한국중부발전㈜보령발전본부,3,2018-05-14 00:00,NOx,0.0
한국중부발전㈜보령발전본부,3,2018-05-14 00:30,TSP,0.0
한국중부발전㈜보령발전본부,3,2018-05-14 00:30,SOx,0.0
한국중부발전㈜보령발전본부,3,2018-05-14 00:30,NOx,0.0
한국중부발전㈜보령발전본부,3,2018-05-14 01:00,TSP,0.0
한국중부발전㈜보령발전본부,3,2018-05-14 01:00,SOx,0.0
한국중부발전㈜보령발전본부,3,2018-05-14 01:00,NOx,0.0
한국중부발전㈜보령발전본부,3,2018-05-14 01:30,TSP,0.0
한국중부발전㈜보령발전본부,3,2018-05-14 01:30,SOx,0.0
한국중부발전㈜보령발전본부,3,2018-05-14 01:30,NOx,0.0
한국중부발전㈜보령발전본부,3,2018-05-14 02:00,TSP,0.0
한국중부발전㈜보령발전본부,3,2018-05-14 02:00,SOx,0.0
한국중부발전㈜보령발전본부,3,2018-05-14 02:00,NOx,0.0
한국중부발전㈜보령발전본부,3,2018-05-14 02:30,TSP,0.0
한국중부발전㈜보령발전본부,3,2018-05-14 02:30,SOx,0.0
한국중부발전㈜보령발전본부,3,2018-05-14 02:30,NOx,0.0
한국중부발전㈜보령발전본부,3,2018-05-14 03:00,TSP,0.0
한국중부발전㈜보령발전본부,3,2018-05-14 03:00,SOx,0.0
한국중부발전㈜보령발전본부,3,2018-05-14 03:00,NOx,0.0
한국중부발전㈜보령발전본부,3,2018-05-14 03:30,TSP,0.0
한국중부발전㈜보령발전본부,3,2018-05-14 03:30,SOx,0.0
한국중부발전㈜보령발전본부,3,2018-05-14 03:30,NOx,0.0
한국중부발전㈜보령발전본부,3,2018-05-14 04:00,TSP,0.0
한국중부발전㈜보령발전본부,3,2018-05-14 04:00,SOx,0.0
한국중부발전㈜보령발전본부,3,2018-05-14 04:00,NOx,0.0
한국중부발전㈜보령발전본부,3,2018-05-14 04:30,TSP,0.0
한국중부발전㈜보령발전본부,3,2018-05-14 04:30,SOx,0.0
한국중부발전㈜보령발전본부,3,2018-05-14 04:30,NOx,0.0
한국중부발전㈜보령발전본부,3,2018-05-14 05:00,TSP,0.0
한국중부발전㈜보령발전본부,3,2018-05-14 05:00,SOx,0.0
한국중부발전㈜보령발전본부,3,2018-05-14 05:00,NOx,0.0
한국중부발전㈜보령발전본부,3,2018-05-14 05:30,TSP,0.0
한국중부발전㈜보령발전본부,3,2018-05-14 05:30,SOx,0.0
한국중부발전㈜보령발전본부,3,2018-05-14 05:30,NOx,0.0
한국중부발전㈜보령발전본부,3,2018-05-14 06:00,TSP,0.0
한국중부발전㈜보령발전본부,3,2018-05-14 06:00,SOx,0.0
한국중부발전㈜보령발전본부,3,2018-05-14 06:00,NOx,0.0
한국중부발전㈜보령발전본부,3,2018-05-14 06:30,TSP,0.0
한국중부발전㈜보령발전본부,3,2018-05-14 06:30,SOx,0.0
한국중부발전㈜보령발전본부,3,2018-05-14 06:30,NOx,0.0
한국중부발전㈜보령발전본부,3,2018-05-14 07:00,TSP,0.0
한국중부발전㈜보령발전본부,3,2018-05-14 07:00,SOx,0.0
한국중부발전㈜보령발전본부,3,2018-05-14 07:00,NOx,0.0
한국중부발전㈜보령발전본부,3,2018-05-14 07:30,TSP,0.0
한국중부발전㈜보령발전본부,3,2018-05-14 07:30,SOx,0.0
한국중부발전㈜보령발전본부,3,2018-05-14 07:30,NOx,0.0
한국중부발전㈜보령발전본부,3,2018-05-14 08:00,TSP,0.0
한국중부발전㈜보령발전본부,3,2018-05-14 08:00,SOx,0.0
한국중부발전㈜보령발전본부,3,2018-05-14 08:00,NOx,0.0
한국중부발전㈜보령발전본부,3,2018-05-14 08:30,TSP,0.0
한국중부발전㈜보령발전본부,3,2018-05-14 08:30,SOx,0.0
한국중부발전㈜보령발전본부,3,2018-05-14 08:30,NOx,0.0
한국중부발전㈜보령발전본부,3,2018-05-14 09:00,TSP,0.0
한국중부발전㈜보령발전본부,3,2018-05-14 09:00,SOx,0.0
한국중부발전㈜보령발전본부,3,2018-05-14 09:00,NOx,0.0
한국중부발전㈜보령발전본부,3,2018-05-14 09:30,TSP,0.0
한국중부발전㈜보령발전본부,3,2018-05-14 09:30,SOx,0.0
한국중부발전㈜보령발전본부,3,2018-05-14 09:30,NOx,0.0
한국중부발전㈜보령발전본부,3,2018-05-14 10:00,TSP,0.0
한국중부발전㈜보령발전본부,3,2018-05-14 10:00,SOx,0.0
한국중부발전㈜보령발전본부,3,2018-05-14 10:00,NOx,0.0
한국중부발전㈜보령발전본부,3,2018-05-14 10:30,TSP,0.0
한국중부발전㈜보령발전본부,3,2018-05-14 10:30,SOx,0.0
한국중부발전㈜보령발전본부,3,2018-05-14 10:30,NOx,0.0
한국중부발전㈜보령발전본부,3,2018-05-14 11:00,TSP,0.0
한국중부발전㈜보령발전본부,3,2018-05-14 11:00,SOx,0.0
한국중부발전㈜보령발전본부,3,2018-05-14 11:00,NOx,0.0
한국중부발전㈜보령발전본부,3,2018-05-14 11:30,TSP,0.0
한국중부발전㈜보령발전본부,3,2018-05-14 11:30,SOx,0.0
한국중부발전㈜보령발전본부,3,2018-05-14 11:30,NOx,0.0
한국중부발전㈜보령발전본부,3,2018-05-14 12:00,TSP,0.0
한국중부발전㈜보령발전본부,3,2018-05-14 12:00,SOx,0.0
한국중부발전㈜보령발전본부,3,2018-05-14 12:00,NOx,0.0
한국중부발전㈜보령발전본부,3,2018-05-14 12:30,TSP,0.0
한국중부발전㈜보령발전본부,3,2018-05-14 12:30,SOx,0.0
한국중부발전㈜보령발전본부,3,2018-05-14 12:30,NOx,0.0
한국중부발전㈜보령발전본부,3,2018-05-14 13:00,TSP,0.0
한국중부발전㈜보령발전본부,3,2018-05-14 13:00,SOx,0.0
한국중부발전㈜보령발전본부,3,2018-05-14 13:00,NOx,0.0
한국중부발전㈜보령발전본부,3,2018-05-14 13:30,TSP,68.16
한국중부발전㈜보령발전본부,3,2018-05-14 13:30,SOx,0.0
한국중부발전㈜보령발전본부,3,2018-05-14 13:30,NOx,111.62
한국중부발전㈜보령발전본부,3,2018-05-14 14:00,TSP,81.85
한국중부발전㈜보령발전본부,3,2018-05-14 14:00,SOx,0.83
한국중부발전㈜보령발전본부,3,2018-05-14 14:00,NOx,91.03
한국중부발전㈜보령발전본부,3,2018-05-14 14:30,TSP,50.04
한국중부발전㈜보령발전본부,3,2018-05-14 14:30,SOx,2.78
한국중부발전㈜보령발전본부,3,2018-05-14 14:30,NOx,78.54
한국중부발전㈜보령발전본부,3,2018-05-14 15:00,TSP,11.51
한국중부발전㈜보령발전본부,3,2018-05-14 15:00,SOx,6.2
한국중부발전㈜보령발전본부,3,2018-05-14 15:00,NOx,48.48
한국중부발전㈜보령발전본부,3,2018-05-14 15:30,TSP,11.77
한국중부발전㈜보령발전본부,3,2018-05-14 15:30,SOx,10.22
한국중부발전㈜보령발전본부,3,2018-05-14 15:30,NOx,96.44
한국중부발전㈜보령발전본부,3,2018-05-14 16:00,TSP,9.16
한국중부발전㈜보령발전본부,3,2018-05-14 16:00,SOx,49.26
한국중부발전㈜보령발전본부,3,2018-05-14 16:00,NOx,211.05
한국중부발전㈜보령발전본부,3,2018-05-14 16:30,TSP,8.28
한국중부발전㈜보령발전본부,3,2018-05-14 16:30,SOx,50.04
한국중부발전㈜보령발전본부,3,2018-05-14 16:30,NOx,183.66
한국중부발전㈜보령발전본부,3,2018-05-14 17:00,TSP,7.82
한국중부발전㈜보령발전본부,3,2018-05-14 17:00,SOx,49.33
한국중부발전㈜보령발전본부,3,2018-05-14 17:00,NOx,168.66
한국중부발전㈜보령발전본부,3,2018-05-14 17:30,TSP,7.62
한국중부발전㈜보령발전본부,3,2018-05-14 17:30,SOx,47.83
한국중부발전㈜보령발전본부,3,2018-05-14 17:30,NOx,148.06
한국중부발전㈜보령발전본부,3,2018-05-14 18:00,TSP,7.09
한국중부발전㈜보령발전본부,3,2018-05-14 18:00,SOx,47.55
한국중부발전㈜보령발전본부,3,2018-05-14 18:00,NOx,161.73
한국중부발전㈜보령발전본부,3,2018-05-14 18:30,TSP,6.48
한국중부발전㈜보령발전본부,3,2018-05-14 18:30,SOx,48.94
한국중부발전㈜보령발전본부,3,2018-05-14 18:30,NOx,150.93
한국중부발전㈜보령발전본부,3,2018-05-14 19:00,TSP,5.86
한국중부발전㈜보령발전본부,3,2018-05-14 19:00,SOx,47.24
한국중부발전㈜보령발전본부,3,2018-05-14 19:00,NOx,142.24
한국중부발전㈜보령발전본부,3,2018-05-14 19:30,TSP,5.81
한국중부발전㈜보령발전본부,3,2018-05-14 19:30,SOx,45.42
한국중부발전㈜보령발전본부,3,2018-05-14 19:30,NOx,145.46
한국중부발전㈜보령발전본부,3,2018-05-14 20:00,TSP,5.83
한국중부발전㈜보령발전본부,3,2018-05-14 20:00,SOx,45.38
한국중부발전㈜보령발전본부,3,2018-05-14 20:00,NOx,144.6
한국중부발전㈜보령발전본부,3,2018-05-14 20:30,TSP,6.15
한국중부발전㈜보령발전본부,3,2018-05-14 20:30,SOx,42.52
한국중부발전㈜보령발전본부,3,2018-05-14 20:30,NOx,138.03
한국중부발전㈜보령발전본부,3,2018-05-14 21:00,TSP,9.7
한국중부발전㈜보령발전본부,3,2018-05-14 21:00,SOx,31.0
한국중부발전㈜보령발전본부,3,2018-05-14 21:00,NOx,159.65
한국중부발전㈜보령발전본부,3,2018-05-14 21:30,TSP,0.0
한국중부발전㈜보령발전본부,3,2018-05-14 21:30,SOx,0.0
한국중부발전㈜보령발전본부,3,2018-05-14 21:30,NOx,0.0
한국중부발전㈜보령발전본부,3,2018-05-14 22:00,TSP,0.0
한국중부발전㈜보령발전본부,3,2018-05-14 22:00,SOx,0.0
한국중부발전㈜보령발전본부,3,2018-05-14 22:00,NOx,0.0
한국중부발전㈜보령발전본부,3,2018-05-14 22:30,TSP,0.0
한국중부발전㈜보령발전본부,3,2018-05-14 22:30,SOx,0.0
한국중부발전㈜보령발전본부,3,2018-05-14 22:30,NOx,0.0
한국중부발전㈜보령발전본부,3,2018-05-14 23:00,TSP,0.0
한국중부발전㈜보령발전본부,3,2018-05-14 23:00,SOx,0.0
한국중부발전㈜보령발전본부,3,2018-05-14 23:00,NOx,0.0
한국중부발전㈜보령발전본부,3,2018-05-14 23:30,TSP,0.0
한국중부발전㈜보령발전본부,3,2018-05-14 23:30,SOx,0.0
한국중부발전㈜보령발전본부,3,2018-05-14 23:30,NOx,0.0
한국중부발전㈜보령발전본부,3,2018-05-15 00:00,TSP,0.0
한국중부발전㈜보령발전본부,3,2018-05-15 00:00,SOx,0.0
한국중부발전㈜보령발전본부,3,2018-05-15 00:00,NOx,0.0
한국중부발전㈜보령발전본부,3,2018-05-15 00:30,TSP,0.0
한국중부발전㈜보령발전본부,3,2018-05-15 00:30,SOx,0.0
한국중부발전㈜보령발전본부,3,2018-05-15 00:30,NOx,0.0
한국중부발전㈜보령발전본부,3,2018-05-15 01:00,TSP,0.0
한국중부발전㈜보령발전본부,3,2018-05-15 01:00,SOx,0.0
한국중부발전㈜보령발전본부,3,2018-05-15 01:00,NOx,0.0
한국중부발전㈜보령발전본부,3,2018-05-15 01:30,TSP,0.0
한국중부발전㈜보령발전본부,3,2018-05-15 01:30,SOx,0.0
한국중부발전㈜보령발전본부,3,2018-05-15 01:30,NOx,0.0
한국중부발전㈜보령발전본부,3,2018-05-15 02:00,TSP,0.0
한국중부발전㈜보령발전본부,3,2018-05-15 02:00,SOx,0.0
한국중부발전㈜보령발전본부,3,2018-05-15 02:00,NOx,0.0
한국중부발전㈜보령발전본부,3,2018-05-15 02:30,TSP,0.0
한국중부발전㈜보령발전본부,3,2018-05-15 02:30,SOx,0.0
한국중부발전㈜보령발전본부,3,2018-05-15 02:30,NOx,0.0
한국중부발전㈜보령발전본부,3,2018-05-15 03:00,TSP,0.0
한국중부발전㈜보령발전본부,3,2018-05-15 03:00,SOx,0.0
한국중부발전㈜보령발전본부,3,2018-05-15 03:00,NOx,0.0
한국중부발전㈜보령발전본부,3,2018-05-15 03:30,TSP,0.0
한국중부발전㈜보령발전본부,3,2018-05-15 03:30,SOx,0.0
한국중부발전㈜보령발전본부,3,2018-05-15 03:30,NOx,0.0
한국중부발전㈜보령발전본부,3,2018-05-15 04:00,TSP,0.0
한국중부발전㈜보령발전본부,3,2018-05-15 04:00,SOx,0.0
한국중부발전㈜보령발전본부,3,2018-05-15 04:00,NOx,0.0
한국중부발전㈜보령발전본부,3,2018-05-15 04:30,TSP,0.0
한국중부발전㈜보령발전본부,3,2018-05-15 04:30,SOx,0.0
한국중부발전㈜보령발전본부,3,2018-05-15 04:30,NOx,0.0
한국중부발전㈜보령발전본부,3,2018-05-15 05:00,TSP,0.0
한국중부발전㈜보령발전본부,3,2018-05-15 05:00,SOx,0.0
한국중부발전㈜보령발전본부,3,2018-05-15 05:00,NOx,0.0
한국중부발전㈜보령발전본부,3,2018-05-15 05:30,TSP,0.0
한국중부발전㈜보령발전본부,3,2018-05-15 05:30,SOx,0.0
한국중부발전㈜보령발전본부,3,2018-05-15 05:30,NOx,0.0
한국중부발전㈜보령발전본부,3,2018-05-15 06:00,TSP,0.0
한국중부발전㈜보령발전본부,3,2018-05-15 06:00,SOx,0.0
한국중부발전㈜보령발전본부,3,2018-05-15 06:00,NOx,0.0
한국중부발전㈜보령발전본부,3,2018-05-15 06:30,TSP,0.0
한국중부발전㈜보령발전본부,3,2018-05-15 06:30,SOx,0.0
한국중부발전㈜보령발전본부,3,2018-05-15 06:30,NOx,0.0
한국중부발전㈜보령발전본부,3,2018-05-15 07:00,TSP,0.0
한국중부발전㈜보령발전본부,3,2018-05-15 07:00,SOx,0.0
한국중부발전㈜보령발전본부,3,2018-05-15 07:00,NOx,0.0
한국중부발전㈜보령발전본부,3,2018-05-15 07:30,TSP,0.0
한국중부발전㈜보령발전본부,3,2018-05-15 07:30,SOx,0.0
한국중부발전㈜보령발전본부,3,2018-05-15 07:30,NOx,0.0
한국중부발전㈜보령발전본부,3,2018-05-15 08:00,TSP,541.38
한국중부발전㈜보령발전본부,3,2018-05-15 08:00,SOx,0.53
한국중부발전㈜보령발전본부,3,2018-05-15 08:00,NOx,75.05
한국중부발전㈜보령발전본부,3,2018-05-15 08:30,TSP,12.99
한국중부발전㈜보령발전본부,3,2018-05-15 08:30,SOx,2.74
한국중부발전㈜보령발전본부,3,2018-05-15 08:30,NOx,73.65
한국중부발전㈜보령발전본부,3,2018-05-15 09:00,TSP,11.07
한국중부발전㈜보령발전본부,3,2018-05-15 09:00,SOx,2.34
한국중부발전㈜보령발전본부,3,2018-05-15 09:00,NOx,101.01
한국중부발전㈜보령발전본부,3,2018-05-15 09:30,TSP,10.06
한국중부발전㈜보령발전본부,3,2018-05-15 09:30,SOx,7.36
한국중부발전㈜보령발전본부,3,2018-05-15 09:30,NOx,120.02
한국중부발전㈜보령발전본부,3,2018-05-15 10:00,TSP,9.19
한국중부발전㈜보령발전본부,3,2018-05-15 10:00,SOx,20.14
한국중부발전㈜보령발전본부,3,2018-05-15 10:00,NOx,167.55
한국중부발전㈜보령발전본부,3,2018-05-15 10:30,TSP,8.96
한국중부발전㈜보령발전본부,3,2018-05-15 10:30,SOx,23.44
한국중부발전㈜보령발전본부,3,2018-05-15 10:30,NOx,163.83
한국중부발전㈜보령발전본부,3,2018-05-15 11:00,TSP,8.61
한국중부발전㈜보령발전본부,3,2018-05-15 11:00,SOx,27.74
한국중부발전㈜보령발전본부,3,2018-05-15 11:00,NOx,166.85
한국중부발전㈜보령발전본부,3,2018-05-15 11:30,TSP,7.91
한국중부발전㈜보령발전본부,3,2018-05-15 11:30,SOx,32.74
한국중부발전㈜보령발전본부,3,2018-05-15 11:30,NOx,162.21
한국중부발전㈜보령발전본부,3,2018-05-15 12:00,TSP,6.51
한국중부발전㈜보령발전본부,3,2018-05-15 12:00,SOx,35.74
한국중부발전㈜보령발전본부,3,2018-05-15 12:00,NOx,138.33
한국중부발전㈜보령발전본부,3,2018-05-15 12:30,TSP,5.69
한국중부발전㈜보령발전본부,3,2018-05-15 12:30,SOx,35.74
한국중부발전㈜보령발전본부,3,2018-05-15 12:30,NOx,138.33
한국중부발전㈜보령발전본부,3,2018-05-15 13:00,TSP,5.58
한국중부발전㈜보령발전본부,3,2018-05-15 13:00,SOx,35.74
한국중부발전㈜보령발전본부,3,2018-05-15 13:00,NOx,138.33
한국중부발전㈜보령발전본부,3,2018-05-15 13:30,TSP,5.51
한국중부발전㈜보령발전본부,3,2018-05-15 13:30,SOx,11.09
한국중부발전㈜보령발전본부,3,2018-05-15 13:30,NOx,24.04
한국중부발전㈜보령발전본부,3,2018-05-15 14:00,TSP,5.52
한국중부발전㈜보령발전본부,3,2018-05-15 14:00,SOx,28.59
한국중부발전㈜보령발전본부,3,2018-05-15 14:00,NOx,31.07
한국중부발전㈜보령발전본부,3,2018-05-15 14:30,TSP,5.03
한국중부발전㈜보령발전본부,3,2018-05-15 14:30,SOx,30.43
한국중부발전㈜보령발전본부,3,2018-05-15 14:30,NOx,31.01
한국중부발전㈜보령발전본부,3,2018-05-15 15:00,TSP,4.97
한국중부발전㈜보령발전본부,3,2018-05-15 15:00,SOx,14.15
한국중부발전㈜보령발전본부,3,2018-05-15 15:00,NOx,29.04
한국중부발전㈜보령발전본부,3,2018-05-15 15:30,TSP,4.99
한국중부발전㈜보령발전본부,3,2018-05-15 15:30,SOx,16.22
한국중부발전㈜보령발전본부,3,2018-05-15 15:30,NOx,30.1
한국중부발전㈜보령발전본부,3,2018-05-15 16:00,TSP,5.47
한국중부발전㈜보령발전본부,3,2018-05-15 16:00,SOx,25.91
한국중부발전㈜보령발전본부,3,2018-05-15 16:00,NOx,31.12
한국중부발전㈜보령발전본부,3,2018-05-15 16:30,TSP,5.99
한국중부발전㈜보령발전본부,3,2018-05-15 16:30,SOx,36.11
한국중부발전㈜보령발전본부,3,2018-05-15 16:30,NOx,49.82
한국중부발전㈜보령발전본부,3,2018-05-15 17:00,TSP,5.29
한국중부발전㈜보령발전본부,3,2018-05-15 17:00,SOx,22.5
한국중부발전㈜보령발전본부,3,2018-05-15 17:00,NOx,65.0
한국중부발전㈜보령발전본부,3,2018-05-15 17:30,TSP,5.21
한국중부발전㈜보령발전본부,3,2018-05-15 17:30,SOx,20.04
한국중부발전㈜보령발전본부,3,2018-05-15 17:30,NOx,46.74
한국중부발전㈜보령발전본부,3,2018-05-15 18:00,TSP,5.08
한국중부발전㈜보령발전본부,3,2018-05-15 18:00,SOx,17.52
한국중부발전㈜보령발전본부,3,2018-05-15 18:00,NOx,30.64
한국중부발전㈜보령발전본부,3,2018-05-15 18:30,TSP,5.03
한국중부발전㈜보령발전본부,3,2018-05-15 18:30,SOx,13.07
한국중부발전㈜보령발전본부,3,2018-05-15 18:30,NOx,31.73
한국중부발전㈜보령발전본부,3,2018-05-15 19:00,TSP,4.95
한국중부발전㈜보령발전본부,3,2018-05-15 19:00,SOx,12.31
한국중부발전㈜보령발전본부,3,2018-05-15 19:00,NOx,33.08
한국중부발전㈜보령발전본부,3,2018-05-15 19:30,TSP,4.91
한국중부발전㈜보령발전본부,3,2018-05-15 19:30,SOx,12.35
한국중부발전㈜보령발전본부,3,2018-05-15 19:30,NOx,28.69
한국중부발전㈜보령발전본부,3,2018-05-15 20:00,TSP,4.55
한국중부발전㈜보령발전본부,3,2018-05-15 20:00,SOx,12.13
한국중부발전㈜보령발전본부,3,2018-05-15 20:00,NOx,28.7
한국중부발전㈜보령발전본부,3,2018-05-15 20:30,TSP,4.43
한국중부발전㈜보령발전본부,3,2018-05-15 20:30,SOx,12.29
한국중부발전㈜보령발전본부,3,2018-05-15 20:30,NOx,32.32
한국중부발전㈜보령발전본부,3,2018-05-15 21:00,TSP,4.32
한국중부발전㈜보령발전본부,3,2018-05-15 21:00,SOx,12.5
한국중부발전㈜보령발전본부,3,2018-05-15 21:00,NOx,29.21
한국중부발전㈜보령발전본부,3,2018-05-15 21:30,TSP,4.25
한국중부발전㈜보령발전본부,3,2018-05-15 21:30,SOx,12.13
한국중부발전㈜보령발전본부,3,2018-05-15 21:30,NOx,24.71
한국중부발전㈜보령발전본부,3,2018-05-15 22:00,TSP,4.2
한국중부발전㈜보령발전본부,3,2018-05-15 22:00,SOx,12.04
한국중부발전㈜보령발전본부,3,2018-05-15 22:00,NOx,24.73
한국중부발전㈜보령발전본부,3,2018-05-15 22:30,TSP,4.23
한국중부발전㈜보령발전본부,3,2018-05-15 22:30,SOx,12.02
한국중부발전㈜보령발전본부,3,2018-05-15 22:30,NOx,24.03
한국중부발전㈜보령발전본부,3,2018-05-15 23:00,TSP,4.25
한국중부발전㈜보령발전본부,3,2018-05-15 23:00,SOx,11.97
한국중부발전㈜보령발전본부,3,2018-05-15 23:00,NOx,23.63
한국중부발전㈜보령발전본부,3,2018-05-15 23:30,TSP,4.25
한국중부발전㈜보령발전본부,3,2018-05-15 23:30,SOx,12.21
한국중부발전㈜보령발전본부,3,2018-05-15 23:30,NOx,22.81
한국중부발전㈜보령발전본부,3,2018-05-16 00:00,TSP,4.3
한국중부발전㈜보령발전본부,3,2018-05-16 00:00,SOx,12.21
한국중부발전㈜보령발전본부,3,2018-05-16 00:00,NOx,22.89
한국중부발전㈜보령발전본부,3,2018-05-16 00:30,TSP,4.33
한국중부발전㈜보령발전본부,3,2018-05-16 00:30,SOx,11.99
한국중부발전㈜보령발전본부,3,2018-05-16 00:30,NOx,25.06
한국중부발전㈜보령발전본부,3,2018-05-16 01:00,TSP,4.31
한국중부발전㈜보령발전본부,3,2018-05-16 01:00,SOx,11.97
한국중부발전㈜보령발전본부,3,2018-05-16 01:00,NOx,24.48
한국중부발전㈜보령발전본부,3,2018-05-16 01:30,TSP,4.36
한국중부발전㈜보령발전본부,3,2018-05-16 01:30,SOx,11.93
한국중부발전㈜보령발전본부,3,2018-05-16 01:30,NOx,24.4
한국중부발전㈜보령발전본부,3,2018-05-16 02:00,TSP,4.39
한국중부발전㈜보령발전본부,3,2018-05-16 02:00,SOx,11.8
한국중부발전㈜보령발전본부,3,2018-05-16 02:00,NOx,24.98
한국중부발전㈜보령발전본부,3,2018-05-16 02:30,TSP,4.38
한국중부발전㈜보령발전본부,3,2018-05-16 02:30,SOx,11.55
한국중부발전㈜보령발전본부,3,2018-05-16 02:30,NOx,27.1
한국중부발전㈜보령발전본부,3,2018-05-16 03:00,TSP,4.42
한국중부발전㈜보령발전본부,3,2018-05-16 03:00,SOx,11.42
한국중부발전㈜보령발전본부,3,2018-05-16 03:00,NOx,25.74
한국중부발전㈜보령발전본부,3,2018-05-16 03:30,TSP,4.55
한국중부발전㈜보령발전본부,3,2018-05-16 03:30,SOx,11.11
한국중부발전㈜보령발전본부,3,2018-05-16 03:30,NOx,30.96
한국중부발전㈜보령발전본부,3,2018-05-16 04:00,TSP,4.98
한국중부발전㈜보령발전본부,3,2018-05-16 04:00,SOx,10.94
한국중부발전㈜보령발전본부,3,2018-05-16 04:00,NOx,32.25
한국중부발전㈜보령발전본부,3,2018-05-16 04:30,TSP,4.89
한국중부발전㈜보령발전본부,3,2018-05-16 04:30,SOx,10.94
한국중부발전㈜보령발전본부,3,2018-05-16 04:30,NOx,39.87
한국중부발전㈜보령발전본부,3,2018-05-16 05:00,TSP,5.07
한국중부발전㈜보령발전본부,3,2018-05-16 05:00,SOx,10.78
한국중부발전㈜보령발전본부,3,2018-05-16 05:00,NOx,34.16
한국중부발전㈜보령발전본부,3,2018-05-16 05:30,TSP,5.19
한국중부발전㈜보령발전본부,3,2018-05-16 05:30,SOx,11.0
한국중부발전㈜보령발전본부,3,2018-05-16 05:30,NOx,34.13
한국중부발전㈜보령발전본부,3,2018-05-16 06:00,TSP,5.35
한국중부발전㈜보령발전본부,3,2018-05-16 06:00,SOx,11.0
한국중부발전㈜보령발전본부,3,2018-05-16 06:00,NOx,38.33
한국중부발전㈜보령발전본부,3,2018-05-16 06:30,TSP,5.29
한국중부발전㈜보령발전본부,3,2018-05-16 06:30,SOx,11.22
한국중부발전㈜보령발전본부,3,2018-05-16 06:30,NOx,45.57
한국중부발전㈜보령발전본부,3,2018-05-16 07:00,TSP,4.85
한국중부발전㈜보령발전본부,3,2018-05-16 07:00,SOx,10.97
한국중부발전㈜보령발전본부,3,2018-05-16 07:00,NOx,47.57
한국중부발전㈜보령발전본부,3,2018-05-16 07:30,TSP,4.72
한국중부발전㈜보령발전본부,3,2018-05-16 07:30,SOx,10.54
한국중부발전㈜보령발전본부,3,2018-05-16 07:30,NOx,23.75
한국중부발전㈜보령발전본부,3,2018-05-16 08:00,TSP,4.53
한국중부발전㈜보령발전본부,3,2018-05-16 08:00,SOx,10.51
한국중부발전㈜보령발전본부,3,2018-05-16 08:00,NOx,26.79
한국중부발전㈜보령발전본부,3,2018-05-16 08:30,TSP,4.67
한국중부발전㈜보령발전본부,3,2018-05-16 08:30,SOx,10.95
한국중부발전㈜보령발전본부,3,2018-05-16 08:30,NOx,36.41
한국중부발전㈜보령발전본부,3,2018-05-16 09:00,TSP,4.49
한국중부발전㈜보령발전본부,3,2018-05-16 09:00,SOx,10.82
한국중부발전㈜보령발전본부,3,2018-05-16 09:00,NOx,26.5
한국중부발전㈜보령발전본부,3,2018-05-16 09:30,TSP,4.69
한국중부발전㈜보령발전본부,3,2018-05-16 09:30,SOx,10.18
한국중부발전㈜보령발전본부,3,2018-05-16 09:30,NOx,27.97
한국중부발전㈜보령발전본부,3,2018-05-16 10:00,TSP,4.55
한국중부발전㈜보령발전본부,3,2018-05-16 10:00,SOx,10.12
한국중부발전㈜보령발전본부,3,2018-05-16 10:00,NOx,23.26
한국중부발전㈜보령발전본부,3,2018-05-16 10:30,TSP,4.42
한국중부발전㈜보령발전본부,3,2018-05-16 10:30,SOx,10.09
한국중부발전㈜보령발전본부,3,2018-05-16 10:30,NOx,26.36
한국중부발전㈜보령발전본부,3,2018-05-16 11:00,TSP,4.34
한국중부발전㈜보령발전본부,3,2018-05-16 11:00,SOx,10.24
한국중부발전㈜보령발전본부,3,2018-05-16 11:00,NOx,29.65
한국중부발전㈜보령발전본부,3,2018-05-16 11:30,TSP,4.39
한국중부발전㈜보령발전본부,3,2018-05-16 11:30,SOx,9.95
한국중부발전㈜보령발전본부,3,2018-05-16 11:30,NOx,25.55
한국중부발전㈜보령발전본부,3,2018-05-16 12:00,TSP,4.28
한국중부발전㈜보령발전본부,3,2018-05-16 12:00,SOx,9.81
한국중부발전㈜보령발전본부,3,2018-05-16 12:00,NOx,27.25
한국중부발전㈜보령발전본부,3,2018-05-16 12:30,TSP,4.11
한국중부발전㈜보령발전본부,3,2018-05-16 12:30,SOx,9.81
한국중부발전㈜보령발전본부,3,2018-05-16 12:30,NOx,27.25
한국중부발전㈜보령발전본부,3,2018-05-16 13:00,TSP,4.27
한국중부발전㈜보령발전본부,3,2018-05-16 13:00,SOx,9.81
한국중부발전㈜보령발전본부,3,2018-05-16 13:00,NOx,27.25
한국중부발전㈜보령발전본부,3,2018-05-16 13:30,TSP,4.66
한국중부발전㈜보령발전본부,3,2018-05-16 13:30,SOx,9.65
한국중부발전㈜보령발전본부,3,2018-05-16 13:30,NOx,27.57
한국중부발전㈜보령발전본부,3,2018-05-16 14:00,TSP,4.22
한국중부발전㈜보령발전본부,3,2018-05-16 14:00,SOx,9.59
한국중부발전㈜보령발전본부,3,2018-05-16 14:00,NOx,27.46
한국중부발전㈜보령발전본부,3,2018-05-16 14:30,TSP,4.29
한국중부발전㈜보령발전본부,3,2018-05-16 14:30,SOx,10.06
한국중부발전㈜보령발전본부,3,2018-05-16 14:30,NOx,26.38
한국중부발전㈜보령발전본부,3,2018-05-16 15:00,TSP,4.48
한국중부발전㈜보령발전본부,3,2018-05-16 15:00,SOx,10.01
한국중부발전㈜보령발전본부,3,2018-05-16 15:00,NOx,28.4
한국중부발전㈜보령발전본부,3,2018-05-16 15:30,TSP,4.59
한국중부발전㈜보령발전본부,3,2018-05-16 15:30,SOx,9.82
한국중부발전㈜보령발전본부,3,2018-05-16 15:30,NOx,26.79
한국중부발전㈜보령발전본부,3,2018-05-16 16:00,TSP,4.3
한국중부발전㈜보령발전본부,3,2018-05-16 16:00,SOx,10.0
한국중부발전㈜보령발전본부,3,2018-05-16 16:00,NOx,23.95
한국중부발전㈜보령발전본부,3,2018-05-16 16:30,TSP,4.38
한국중부발전㈜보령발전본부,3,2018-05-16 16:30,SOx,10.23
한국중부발전㈜보령발전본부,3,2018-05-16 16:30,NOx,23.97
한국중부발전㈜보령발전본부,3,2018-05-16 17:00,TSP,4.45
한국중부발전㈜보령발전본부,3,2018-05-16 17:00,SOx,10.74
한국중부발전㈜보령발전본부,3,2018-05-16 17:00,NOx,25.29
한국중부발전㈜보령발전본부,3,2018-05-16 17:30,TSP,4.61
한국중부발전㈜보령발전본부,3,2018-05-16 17:30,SOx,10.63
한국중부발전㈜보령발전본부,3,2018-05-16 17:30,NOx,25.31
한국중부발전㈜보령발전본부,3,2018-05-16 18:00,TSP,4.66
한국중부발전㈜보령발전본부,3,2018-05-16 18:00,SOx,9.67
한국중부발전㈜보령발전본부,3,2018-05-16 18:00,NOx,25.54
한국중부발전㈜보령발전본부,3,2018-05-16 18:30,TSP,4.8
한국중부발전㈜보령발전본부,3,2018-05-16 18:30,SOx,10.36
한국중부발전㈜보령발전본부,3,2018-05-16 18:30,NOx,24.07
한국중부발전㈜보령발전본부,3,2018-05-16 19:00,TSP,4.8
한국중부발전㈜보령발전본부,3,2018-05-16 19:00,SOx,10.59
한국중부발전㈜보령발전본부,3,2018-05-16 19:00,NOx,22.29
한국중부발전㈜보령발전본부,3,2018-05-16 19:30,TSP,4.97
한국중부발전㈜보령발전본부,3,2018-05-16 19:30,SOx,10.66
한국중부발전㈜보령발전본부,3,2018-05-16 19:30,NOx,25.02
한국중부발전㈜보령발전본부,3,2018-05-16 20:00,TSP,5.24
한국중부발전㈜보령발전본부,3,2018-05-16 20:00,SOx,10.81
한국중부발전㈜보령발전본부,3,2018-05-16 20:00,NOx,20.62
한국중부발전㈜보령발전본부,3,2018-05-16 20:30,TSP,5.33
한국중부발전㈜보령발전본부,3,2018-05-16 20:30,SOx,11.18
한국중부발전㈜보령발전본부,3,2018-05-16 20:30,NOx,24.72
한국중부발전㈜보령발전본부,3,2018-05-16 21:00,TSP,5.08
한국중부발전㈜보령발전본부,3,2018-05-16 21:00,SOx,11.09
한국중부발전㈜보령발전본부,3,2018-05-16 21:00,NOx,23.43
한국중부발전㈜보령발전본부,3,2018-05-16 21:30,TSP,5.0
한국중부발전㈜보령발전본부,3,2018-05-16 21:30,SOx,11.26
한국중부발전㈜보령발전본부,3,2018-05-16 21:30,NOx,22.54
한국중부발전㈜보령발전본부,3,2018-05-16 22:00,TSP,5.12
한국중부발전㈜보령발전본부,3,2018-05-16 22:00,SOx,11.36
한국중부발전㈜보령발전본부,3,2018-05-16 22:00,NOx,20.79
한국중부발전㈜보령발전본부,3,2018-05-16 22:30,TSP,5.18
한국중부발전㈜보령발전본부,3,2018-05-16 22:30,SOx,10.92
한국중부발전㈜보령발전본부,3,2018-05-16 22:30,NOx,22.73
한국중부발전㈜보령발전본부,3,2018-05-16 23:00,TSP,5.05
한국중부발전㈜보령발전본부,3,2018-05-16 23:00,SOx,11.07
한국중부발전㈜보령발전본부,3,2018-05-16 23:00,NOx,22.95
한국중부발전㈜보령발전본부,3,2018-05-16 23:30,TSP,5.05
한국중부발전㈜보령발전본부,3,2018-05-16 23:30,SOx,10.77
한국중부발전㈜보령발전본부,3,2018-05-16 23:30,NOx,21.97
한국중부발전㈜보령발전본부,3,2018-05-17 00:00,TSP,5.28
한국중부발전㈜보령발전본부,3,2018-05-17 00:00,SOx,10.48
한국중부발전㈜보령발전본부,3,2018-05-17 00:00,NOx,21.68
한국중부발전㈜보령발전본부,3,2018-05-17 00:30,TSP,5.2
한국중부발전㈜보령발전본부,3,2018-05-17 00:30,SOx,10.36
한국중부발전㈜보령발전본부,3,2018-05-17 00:30,NOx,19.56
한국중부발전㈜보령발전본부,3,2018-05-17 01:00,TSP,5.47
한국중부발전㈜보령발전본부,3,2018-05-17 01:00,SOx,10.28
한국중부발전㈜보령발전본부,3,2018-05-17 01:00,NOx,19.81
한국중부발전㈜보령발전본부,3,2018-05-17 01:30,TSP,5.43
한국중부발전㈜보령발전본부,3,2018-05-17 01:30,SOx,9.91
한국중부발전㈜보령발전본부,3,2018-05-17 01:30,NOx,20.35
한국중부발전㈜보령발전본부,3,2018-05-17 02:00,TSP,5.48
한국중부발전㈜보령발전본부,3,2018-05-17 02:00,SOx,10.25
한국중부발전㈜보령발전본부,3,2018-05-17 02:00,NOx,23.29
한국중부발전㈜보령발전본부,3,2018-05-17 02:30,TSP,5.59
한국중부발전㈜보령발전본부,3,2018-05-17 02:30,SOx,10.4
한국중부발전㈜보령발전본부,3,2018-05-17 02:30,NOx,19.74
한국중부발전㈜보령발전본부,3,2018-05-17 03:00,TSP,5.46
한국중부발전㈜보령발전본부,3,2018-05-17 03:00,SOx,10.63
한국중부발전㈜보령발전본부,3,2018-05-17 03:00,NOx,20.73
한국중부발전㈜보령발전본부,3,2018-05-17 03:30,TSP,5.17
한국중부발전㈜보령발전본부,3,2018-05-17 03:30,SOx,11.79
한국중부발전㈜보령발전본부,3,2018-05-17 03:30,NOx,20.99
한국중부발전㈜보령발전본부,3,2018-05-17 04:00,TSP,5.04
한국중부발전㈜보령발전본부,3,2018-05-17 04:00,SOx,13.57
한국중부발전㈜보령발전본부,3,2018-05-17 04:00,NOx,20.64
한국중부발전㈜보령발전본부,3,2018-05-17 04:30,TSP,5.23
한국중부발전㈜보령발전본부,3,2018-05-17 04:30,SOx,16.26
한국중부발전㈜보령발전본부,3,2018-05-17 04:30,NOx,21.51
한국중부발전㈜보령발전본부,3,2018-05-17 05:00,TSP,5.09
한국중부발전㈜보령발전본부,3,2018-05-17 05:00,SOx,18.36
한국중부발전㈜보령발전본부,3,2018-05-17 05:00,NOx,19.95
한국중부발전㈜보령발전본부,3,2018-05-17 05:30,TSP,5.38
한국중부발전㈜보령발전본부,3,2018-05-17 05:30,SOx,21.27
한국중부발전㈜보령발전본부,3,2018-05-17 05:30,NOx,21.81
한국중부발전㈜보령발전본부,3,2018-05-17 06:00,TSP,5.38
한국중부발전㈜보령발전본부,3,2018-05-17 06:00,SOx,23.43
한국중부발전㈜보령발전본부,3,2018-05-17 06:00,NOx,21.16
한국중부발전㈜보령발전본부,3,2018-05-17 06:30,TSP,5.53
한국중부발전㈜보령발전본부,3,2018-05-17 06:30,SOx,25.22
한국중부발전㈜보령발전본부,3,2018-05-17 06:30,NOx,19.94
한국중부발전㈜보령발전본부,3,2018-05-17 07:00,TSP,5.53
한국중부발전㈜보령발전본부,3,2018-05-17 07:00,SOx,26.94
한국중부발전㈜보령발전본부,3,2018-05-17 07:00,NOx,21.37
한국중부발전㈜보령발전본부,3,2018-05-17 07:30,TSP,6.16
한국중부발전㈜보령발전본부,3,2018-05-17 07:30,SOx,28.18
한국중부발전㈜보령발전본부,3,2018-05-17 07:30,NOx,21.43
한국중부발전㈜보령발전본부,3,2018-05-17 08:00,TSP,5.91
한국중부발전㈜보령발전본부,3,2018-05-17 08:00,SOx,30.26
한국중부발전㈜보령발전본부,3,2018-05-17 08:00,NOx,22.55
한국중부발전㈜보령발전본부,3,2018-05-17 08:30,TSP,6.08
한국중부발전㈜보령발전본부,3,2018-05-17 08:30,SOx,30.44
한국중부발전㈜보령발전본부,3,2018-05-17 08:30,NOx,23.98
한국중부발전㈜보령발전본부,3,2018-05-17 09:00,TSP,6.26
한국중부발전㈜보령발전본부,3,2018-05-17 09:00,SOx,31.11
한국중부발전㈜보령발전본부,3,2018-05-17 09:00,NOx,39.19
한국중부발전㈜보령발전본부,3,2018-05-17 09:30,TSP,6.39
한국중부발전㈜보령발전본부,3,2018-05-17 09:30,SOx,26.37
한국중부발전㈜보령발전본부,3,2018-05-17 09:30,NOx,35.16
한국중부발전㈜보령발전본부,3,2018-05-17 10:00,TSP,6.39
한국중부발전㈜보령발전본부,3,2018-05-17 10:00,SOx,26.37
한국중부발전㈜보령발전본부,3,2018-05-17 10:00,NOx,35.16
한국중부발전㈜보령발전본부,3,2018-05-17 10:30,TSP,6.39
한국중부발전㈜보령발전본부,3,2018-05-17 10:30,SOx,26.37
한국중부발전㈜보령발전본부,3,2018-05-17 10:30,NOx,35.16
한국중부발전㈜보령발전본부,3,2018-05-17 11:00,TSP,6.39
한국중부발전㈜보령발전본부,3,2018-05-17 11:00,SOx,26.37
한국중부발전㈜보령발전본부,3,2018-05-17 11:00,NOx,35.16
한국중부발전㈜보령발전본부,3,2018-05-17 11:30,TSP,6.39
한국중부발전㈜보령발전본부,3,2018-05-17 11:30,SOx,26.37
한국중부발전㈜보령발전본부,3,2018-05-17 11:30,NOx,35.16
한국중부발전㈜보령발전본부,3,2018-05-17 12:00,TSP,6.39
한국중부발전㈜보령발전본부,3,2018-05-17 12:00,SOx,26.37
한국중부발전㈜보령발전본부,3,2018-05-17 12:00,NOx,35.16
한국중부발전㈜보령발전본부,3,2018-05-17 12:30,TSP,6.39
한국중부발전㈜보령발전본부,3,2018-05-17 12:30,SOx,26.37
한국중부발전㈜보령발전본부,3,2018-05-17 12:30,NOx,35.16
한국중부발전㈜보령발전본부,3,2018-05-17 13:00,TSP,6.39
한국중부발전㈜보령발전본부,3,2018-05-17 13:00,SOx,26.37
한국중부발전㈜보령발전본부,3,2018-05-17 13:00,NOx,35.16
한국중부발전㈜보령발전본부,3,2018-05-17 13:30,TSP,6.39
한국중부발전㈜보령발전본부,3,2018-05-17 13:30,SOx,26.37
한국중부발전㈜보령발전본부,3,2018-05-17 13:30,NOx,35.16
한국중부발전㈜보령발전본부,3,2018-05-17 14:00,TSP,6.39
한국중부발전㈜보령발전본부,3,2018-05-17 14:00,SOx,26.37
한국중부발전㈜보령발전본부,3,2018-05-17 14:00,NOx,35.16
한국중부발전㈜보령발전본부,3,2018-05-17 14:30,TSP,6.39
한국중부발전㈜보령발전본부,3,2018-05-17 14:30,SOx,26.37
한국중부발전㈜보령발전본부,3,2018-05-17 14:30,NOx,35.16
한국중부발전㈜보령발전본부,3,2018-05-17 15:00,TSP,6.39
한국중부발전㈜보령발전본부,3,2018-05-17 15:00,SOx,26.37
한국중부발전㈜보령발전본부,3,2018-05-17 15:00,NOx,35.16
한국중부발전㈜보령발전본부,3,2018-05-17 15:30,TSP,6.14
한국중부발전㈜보령발전본부,3,2018-05-17 15:30,SOx,29.42
한국중부발전㈜보령발전본부,3,2018-05-17 15:30,NOx,35.12
한국중부발전㈜보령발전본부,3,2018-05-17 16:00,TSP,6.27
한국중부발전㈜보령발전본부,3,2018-05-17 16:00,SOx,30.62
한국중부발전㈜보령발전본부,3,2018-05-17 16:00,NOx,33.42
한국중부발전㈜보령발전본부,3,2018-05-17 16:30,TSP,6.29
한국중부발전㈜보령발전본부,3,2018-05-17 16:30,SOx,29.64
한국중부발전㈜보령발전본부,3,2018-05-17 16:30,NOx,33.85
한국중부발전㈜보령발전본부,3,2018-05-17 17:00,TSP,7.03
한국중부발전㈜보령발전본부,3,2018-05-17 17:00,SOx,30.69
한국중부발전㈜보령발전본부,3,2018-05-17 17:00,NOx,34.28
한국중부발전㈜보령발전본부,3,2018-05-17 17:30,TSP,6.56
한국중부발전㈜보령발전본부,3,2018-05-17 17:30,SOx,29.41
한국중부발전㈜보령발전본부,3,2018-05-17 17:30,NOx,32.27
한국중부발전㈜보령발전본부,3,2018-05-17 18:00,TSP,6.52
한국중부발전㈜보령발전본부,3,2018-05-17 18:00,SOx,28.98
한국중부발전㈜보령발전본부,3,2018-05-17 18:00,NOx,39.98
한국중부발전㈜보령발전본부,3,2018-05-17 18:30,TSP,6.27
한국중부발전㈜보령발전본부,3,2018-05-17 18:30,SOx,30.41
한국중부발전㈜보령발전본부,3,2018-05-17 18:30,NOx,26.69
한국중부발전㈜보령발전본부,3,2018-05-17 19:00,TSP,6.09
한국중부발전㈜보령발전본부,3,2018-05-17 19:00,SOx,28.33
한국중부발전㈜보령발전본부,3,2018-05-17 19:00,NOx,24.8
한국중부발전㈜보령발전본부,3,2018-05-17 19:30,TSP,5.8
한국중부발전㈜보령발전본부,3,2018-05-17 19:30,SOx,28.2
한국중부발전㈜보령발전본부,3,2018-05-17 19:30,NOx,25.53
한국중부발전㈜보령발전본부,3,2018-05-17 20:00,TSP,5.4
한국중부발전㈜보령발전본부,3,2018-05-17 20:00,SOx,27.66
한국중부발전㈜보령발전본부,3,2018-05-17 20:00,NOx,23.56
한국중부발전㈜보령발전본부,3,2018-05-17 20:30,TSP,5.83
한국중부발전㈜보령발전본부,3,2018-05-17 20:30,SOx,28.26
한국중부발전㈜보령발전본부,3,2018-05-17 20:30,NOx,22.88
한국중부발전㈜보령발전본부,3,2018-05-17 21:00,TSP,5.38
한국중부발전㈜보령발전본부,3,2018-05-17 21:00,SOx,24.83
한국중부발전㈜보령발전본부,3,2018-05-17 21:00,NOx,22.42
한국중부발전㈜보령발전본부,3,2018-05-17 21:30,TSP,5.39
한국중부발전㈜보령발전본부,3,2018-05-17 21:30,SOx,25.01
한국중부발전㈜보령발전본부,3,2018-05-17 21:30,NOx,23.87
한국중부발전㈜보령발전본부,3,2018-05-17 22:00,TSP,5.47
한국중부발전㈜보령발전본부,3,2018-05-17 22:00,SOx,24.85
한국중부발전㈜보령발전본부,3,2018-05-17 22:00,NOx,22.02
한국중부발전㈜보령발전본부,3,2018-05-17 22:30,TSP,5.66
한국중부발전㈜보령발전본부,3,2018-05-17 22:30,SOx,26.06
한국중부발전㈜보령발전본부,3,2018-05-17 22:30,NOx,22.67
한국중부발전㈜보령발전본부,3,2018-05-17 23:00,TSP,5.22
한국중부발전㈜보령발전본부,3,2018-05-17 23:00,SOx,23.65
한국중부발전㈜보령발전본부,3,2018-05-17 23:00,NOx,20.68
한국중부발전㈜보령발전본부,3,2018-05-17 23:30,TSP,4.96
한국중부발전㈜보령발전본부,3,2018-05-17 23:30,SOx,24.31
한국중부발전㈜보령발전본부,3,2018-05-17 23:30,NOx,23.0
한국중부발전㈜보령발전본부,3,2018-05-18 00:00,TSP,4.94
한국중부발전㈜보령발전본부,3,2018-05-18 00:00,SOx,24.61
한국중부발전㈜보령발전본부,3,2018-05-18 00:00,NOx,20.92
한국중부발전㈜보령발전본부,3,2018-05-18 00:30,TSP,4.87
한국중부발전㈜보령발전본부,3,2018-05-18 00:30,SOx,25.88
한국중부발전㈜보령발전본부,3,2018-05-18 00:30,NOx,21.57
한국중부발전㈜보령발전본부,3,2018-05-18 01:00,TSP,4.84
한국중부발전㈜보령발전본부,3,2018-05-18 01:00,SOx,26.5
한국중부발전㈜보령발전본부,3,2018-05-18 01:00,NOx,21.01
한국중부발전㈜보령발전본부,3,2018-05-18 01:30,TSP,4.7
한국중부발전㈜보령발전본부,3,2018-05-18 01:30,SOx,27.82
한국중부발전㈜보령발전본부,3,2018-05-18 01:30,NOx,21.61
한국중부발전㈜보령발전본부,3,2018-05-18 02:00,TSP,4.7
한국중부발전㈜보령발전본부,3,2018-05-18 02:00,SOx,27.68
한국중부발전㈜보령발전본부,3,2018-05-18 02:00,NOx,22.21
한국중부발전㈜보령발전본부,3,2018-05-18 02:30,TSP,4.74
한국중부발전㈜보령발전본부,3,2018-05-18 02:30,SOx,29.69
한국중부발전㈜보령발전본부,3,2018-05-18 02:30,NOx,22.47
한국중부발전㈜보령발전본부,3,2018-05-18 03:00,TSP,4.46
한국중부발전㈜보령발전본부,3,2018-05-18 03:00,SOx,30.01
한국중부발전㈜보령발전본부,3,2018-05-18 03:00,NOx,22.36
한국중부발전㈜보령발전본부,3,2018-05-18 03:30,TSP,4.7
한국중부발전㈜보령발전본부,3,2018-05-18 03:30,SOx,29.05
한국중부발전㈜보령발전본부,3,2018-05-18 03:30,NOx,22.32
한국중부발전㈜보령발전본부,3,2018-05-18 04:00,TSP,4.37
한국중부발전㈜보령발전본부,3,2018-05-18 04:00,SOx,30.36
한국중부발전㈜보령발전본부,3,2018-05-18 04:00,NOx,23.01
한국중부발전㈜보령발전본부,3,2018-05-18 04:30,TSP,4.37
한국중부발전㈜보령발전본부,3,2018-05-18 04:30,SOx,29.19
한국중부발전㈜보령발전본부,3,2018-05-18 04:30,NOx,20.53
한국중부발전㈜보령발전본부,3,2018-05-18 05:00,TSP,4.24
한국중부발전㈜보령발전본부,3,2018-05-18 05:00,SOx,29.92
한국중부발전㈜보령발전본부,3,2018-05-18 05:00,NOx,21.23
한국중부발전㈜보령발전본부,3,2018-05-18 05:30,TSP,4.38
한국중부발전㈜보령발전본부,3,2018-05-18 05:30,SOx,30.1
한국중부발전㈜보령발전본부,3,2018-05-18 05:30,NOx,21.02
한국중부발전㈜보령발전본부,3,2018-05-18 06:00,TSP,4.27
한국중부발전㈜보령발전본부,3,2018-05-18 06:00,SOx,27.3
한국중부발전㈜보령발전본부,3,2018-05-18 06:00,NOx,19.76
한국중부발전㈜보령발전본부,3,2018-05-18 06:30,TSP,4.1
한국중부발전㈜보령발전본부,3,2018-05-18 06:30,SOx,27.04
한국중부발전㈜보령발전본부,3,2018-05-18 06:30,NOx,19.5
한국중부발전㈜보령발전본부,3,2018-05-18 07:00,TSP,3.99
한국중부발전㈜보령발전본부,3,2018-05-18 07:00,SOx,28.05
한국중부발전㈜보령발전본부,3,2018-05-18 07:00,NOx,20.42
한국중부발전㈜보령발전본부,3,2018-05-18 07:30,TSP,4.01
한국중부발전㈜보령발전본부,3,2018-05-18 07:30,SOx,29.38
한국중부발전㈜보령발전본부,3,2018-05-18 07:30,NOx,22.15
한국중부발전㈜보령발전본부,3,2018-05-18 08:00,TSP,3.91
한국중부발전㈜보령발전본부,3,2018-05-18 08:00,SOx,30.49
한국중부발전㈜보령발전본부,3,2018-05-18 08:00,NOx,20.05
한국중부발전㈜보령발전본부,3,2018-05-18 08:30,TSP,4.0
한국중부발전㈜보령발전본부,3,2018-05-18 08:30,SOx,28.0
한국중부발전㈜보령발전본부,3,2018-05-18 08:30,NOx,24.39
한국중부발전㈜보령발전본부,3,2018-05-18 09:00,TSP,4.16
한국중부발전㈜보령발전본부,3,2018-05-18 09:00,SOx,30.1
한국중부발전㈜보령발전본부,3,2018-05-18 09:00,NOx,27.71
한국중부발전㈜보령발전본부,3,2018-05-18 09:30,TSP,4.34
한국중부발전㈜보령발전본부,3,2018-05-18 09:30,SOx,29.0
한국중부발전㈜보령발전본부,3,2018-05-18 09:30,NOx,28.35
한국중부발전㈜보령발전본부,3,2018-05-18 10:00,TSP,4.38
한국중부발전㈜보령발전본부,3,2018-05-18 10:00,SOx,30.11
한국중부발전㈜보령발전본부,3,2018-05-18 10:00,NOx,22.0
한국중부발전㈜보령발전본부,3,2018-05-18 10:30,TSP,4.13
한국중부발전㈜보령발전본부,3,2018-05-18 10:30,SOx,30.87
한국중부발전㈜보령발전본부,3,2018-05-18 10:30,NOx,22.36
한국중부발전㈜보령발전본부,3,2018-05-18 11:00,TSP,3.89
한국중부발전㈜보령발전본부,3,2018-05-18 11:00,SOx,28.74
한국중부발전㈜보령발전본부,3,2018-05-18 11:00,NOx,22.07
한국중부발전㈜보령발전본부,3,2018-05-18 11:30,TSP,3.97
한국중부발전㈜보령발전본부,3,2018-05-18 11:30,SOx,30.76
한국중부발전㈜보령발전본부,3,2018-05-18 11:30,NOx,22.72
한국중부발전㈜보령발전본부,3,2018-05-18 12:00,TSP,4.13
한국중부발전㈜보령발전본부,3,2018-05-18 12:00,SOx,30.03
한국중부발전㈜보령발전본부,3,2018-05-18 12:00,NOx,22.84
한국중부발전㈜보령발전본부,3,2018-05-18 12:30,TSP,3.94
한국중부발전㈜보령발전본부,3,2018-05-18 12:30,SOx,30.03
한국중부발전㈜보령발전본부,3,2018-05-18 12:30,NOx,22.84
한국중부발전㈜보령발전본부,3,2018-05-18 13:00,TSP,4.01
한국중부발전㈜보령발전본부,3,2018-05-18 13:00,SOx,30.03
한국중부발전㈜보령발전본부,3,2018-05-18 13:00,NOx,22.84
한국중부발전㈜보령발전본부,3,2018-05-18 13:30,TSP,3.98
한국중부발전㈜보령발전본부,3,2018-05-18 13:30,SOx,30.82
한국중부발전㈜보령발전본부,3,2018-05-18 13:30,NOx,21.98
한국중부발전㈜보령발전본부,3,2018-05-18 14:00,TSP,3.82
한국중부발전㈜보령발전본부,3,2018-05-18 14:00,SOx,28.95
한국중부발전㈜보령발전본부,3,2018-05-18 14:00,NOx,21.64
한국중부발전㈜보령발전본부,3,2018-05-18 14:30,TSP,3.81
한국중부발전㈜보령발전본부,3,2018-05-18 14:30,SOx,29.85
한국중부발전㈜보령발전본부,3,2018-05-18 14:30,NOx,22.07
한국중부발전㈜보령발전본부,3,2018-05-18 15:00,TSP,3.79
한국중부발전㈜보령발전본부,3,2018-05-18 15:00,SOx,30.5
한국중부발전㈜보령발전본부,3,2018-05-18 15:00,NOx,21.14
한국중부발전㈜보령발전본부,3,2018-05-18 15:30,TSP,3.74
한국중부발전㈜보령발전본부,3,2018-05-18 15:30,SOx,30.19
한국중부발전㈜보령발전본부,3,2018-05-18 15:30,NOx,20.97
한국중부발전㈜보령발전본부,3,2018-05-18 16:00,TSP,3.72
한국중부발전㈜보령발전본부,3,2018-05-18 16:00,SOx,29.96
한국중부발전㈜보령발전본부,3,2018-05-18 16:00,NOx,19.86
한국중부발전㈜보령발전본부,3,2018-05-18 16:30,TSP,3.75
한국중부발전㈜보령발전본부,3,2018-05-18 16:30,SOx,29.01
한국중부발전㈜보령발전본부,3,2018-05-18 16:30,NOx,20.73
한국중부발전㈜보령발전본부,3,2018-05-18 17:00,TSP,3.84
한국중부발전㈜보령발전본부,3,2018-05-18 17:00,SOx,30.9
한국중부발전㈜보령발전본부,3,2018-05-18 17:00,NOx,20.49
한국중부발전㈜보령발전본부,3,2018-05-18 17:30,TSP,3.85
한국중부발전㈜보령발전본부,3,2018-05-18 17:30,SOx,29.65
한국중부발전㈜보령발전본부,3,2018-05-18 17:30,NOx,20.66
한국중부발전㈜보령발전본부,3,2018-05-18 18:00,TSP,3.92
한국중부발전㈜보령발전본부,3,2018-05-18 18:00,SOx,30.01
한국중부발전㈜보령발전본부,3,2018-05-18 18:00,NOx,19.33
한국중부발전㈜보령발전본부,3,2018-05-18 18:30,TSP,3.9
한국중부발전㈜보령발전본부,3,2018-05-18 18:30,SOx,30.81
한국중부발전㈜보령발전본부,3,2018-05-18 18:30,NOx,21.36
한국중부발전㈜보령발전본부,3,2018-05-18 19:00,TSP,4.22
한국중부발전㈜보령발전본부,3,2018-05-18 19:00,SOx,32.84
한국중부발전㈜보령발전본부,3,2018-05-18 19:00,NOx,21.27
한국중부발전㈜보령발전본부,3,2018-05-18 19:30,TSP,4.06
한국중부발전㈜보령발전본부,3,2018-05-18 19:30,SOx,34.39
한국중부발전㈜보령발전본부,3,2018-05-18 19:30,NOx,19.81
한국중부발전㈜보령발전본부,3,2018-05-18 20:00,TSP,4.11
한국중부발전㈜보령발전본부,3,2018-05-18 20:00,SOx,34.84
한국중부발전㈜보령발전본부,3,2018-05-18 20:00,NOx,19.74
한국중부발전㈜보령발전본부,3,2018-05-18 20:30,TSP,4.14
한국중부발전㈜보령발전본부,3,2018-05-18 20:30,SOx,36.19
한국중부발전㈜보령발전본부,3,2018-05-18 20:30,NOx,21.04
한국중부발전㈜보령발전본부,3,2018-05-18 21:00,TSP,4.17
한국중부발전㈜보령발전본부,3,2018-05-18 21:00,SOx,34.22
한국중부발전㈜보령발전본부,3,2018-05-18 21:00,NOx,20.15
한국중부발전㈜보령발전본부,3,2018-05-18 21:30,TSP,3.92
한국중부발전㈜보령발전본부,3,2018-05-18 21:30,SOx,34.27
한국중부발전㈜보령발전본부,3,2018-05-18 21:30,NOx,20.19
한국중부발전㈜보령발전본부,3,2018-05-18 22:00,TSP,3.75
한국중부발전㈜보령발전본부,3,2018-05-18 22:00,SOx,32.91
한국중부발전㈜보령발전본부,3,2018-05-18 22:00,NOx,20.97
한국중부발전㈜보령발전본부,3,2018-05-18 22:30,TSP,3.73
한국중부발전㈜보령발전본부,3,2018-05-18 22:30,SOx,32.52
한국중부발전㈜보령발전본부,3,2018-05-18 22:30,NOx,19.73
한국중부발전㈜보령발전본부,3,2018-05-18 23:00,TSP,3.68
한국중부발전㈜보령발전본부,3,2018-05-18 23:00,SOx,32.54
한국중부발전㈜보령발전본부,3,2018-05-18 23:00,NOx,20.29
한국중부발전㈜보령발전본부,3,2018-05-18 23:30,TSP,3.6
한국중부발전㈜보령발전본부,3,2018-05-18 23:30,SOx,29.82
한국중부발전㈜보령발전본부,3,2018-05-18 23:30,NOx,19.82
한국중부발전㈜보령발전본부,3,2018-05-19 00:00,TSP,3.59
한국중부발전㈜보령발전본부,3,2018-05-19 00:00,SOx,28.18
한국중부발전㈜보령발전본부,3,2018-05-19 00:00,NOx,21.23
한국중부발전㈜보령발전본부,3,2018-05-19 00:30,TSP,3.58
한국중부발전㈜보령발전본부,3,2018-05-19 00:30,SOx,26.89
한국중부발전㈜보령발전본부,3,2018-05-19 00:30,NOx,18.61
한국중부발전㈜보령발전본부,3,2018-05-19 01:00,TSP,3.6
한국중부발전㈜보령발전본부,3,2018-05-19 01:00,SOx,25.51
한국중부발전㈜보령발전본부,3,2018-05-19 01:00,NOx,19.84
한국중부발전㈜보령발전본부,3,2018-05-19 01:30,TSP,3.56
한국중부발전㈜보령발전본부,3,2018-05-19 01:30,SOx,24.66
한국중부발전㈜보령발전본부,3,2018-05-19 01:30,NOx,21.59
한국중부발전㈜보령발전본부,3,2018-05-19 02:00,TSP,3.58
한국중부발전㈜보령발전본부,3,2018-05-19 02:00,SOx,24.57
한국중부발전㈜보령발전본부,3,2018-05-19 02:00,NOx,19.63
한국중부발전㈜보령발전본부,3,2018-05-19 02:30,TSP,3.62
한국중부발전㈜보령발전본부,3,2018-05-19 02:30,SOx,24.62
한국중부발전㈜보령발전본부,3,2018-05-19 02:30,NOx,20.14
한국중부발전㈜보령발전본부,3,2018-05-19 03:00,TSP,3.64
한국중부발전㈜보령발전본부,3,2018-05-19 03:00,SOx,23.03
한국중부발전㈜보령발전본부,3,2018-05-19 03:00,NOx,21.97
한국중부발전㈜보령발전본부,3,2018-05-19 03:30,TSP,3.6
한국중부발전㈜보령발전본부,3,2018-05-19 03:30,SOx,22.45
한국중부발전㈜보령발전본부,3,2018-05-19 03:30,NOx,19.68
한국중부발전㈜보령발전본부,3,2018-05-19 04:00,TSP,3.58
한국중부발전㈜보령발전본부,3,2018-05-19 04:00,SOx,22.83
한국중부발전㈜보령발전본부,3,2018-05-19 04:00,NOx,20.07
한국중부발전㈜보령발전본부,3,2018-05-19 04:30,TSP,3.57
한국중부발전㈜보령발전본부,3,2018-05-19 04:30,SOx,21.11
한국중부발전㈜보령발전본부,3,2018-05-19 04:30,NOx,19.54
한국중부발전㈜보령발전본부,3,2018-05-19 05:00,TSP,3.57
한국중부발전㈜보령발전본부,3,2018-05-19 05:00,SOx,20.86
한국중부발전㈜보령발전본부,3,2018-05-19 05:00,NOx,18.77
한국중부발전㈜보령발전본부,3,2018-05-19 05:30,TSP,3.87
한국중부발전㈜보령발전본부,3,2018-05-19 05:30,SOx,21.39
한국중부발전㈜보령발전본부,3,2018-05-19 05:30,NOx,19.75
한국중부발전㈜보령발전본부,3,2018-05-19 06:00,TSP,3.75
한국중부발전㈜보령발전본부,3,2018-05-19 06:00,SOx,21.71
한국중부발전㈜보령발전본부,3,2018-05-19 06:00,NOx,20.01
한국중부발전㈜보령발전본부,3,2018-05-19 06:30,TSP,3.88
한국중부발전㈜보령발전본부,3,2018-05-19 06:30,SOx,22.71
한국중부발전㈜보령발전본부,3,2018-05-19 06:30,NOx,19.55
한국중부발전㈜보령발전본부,3,2018-05-19 07:00,TSP,4.09
한국중부발전㈜보령발전본부,3,2018-05-19 07:00,SOx,23.51
한국중부발전㈜보령발전본부,3,2018-05-19 07:00,NOx,19.83
한국중부발전㈜보령발전본부,3,2018-05-19 07:30,TSP,4.22
한국중부발전㈜보령발전본부,3,2018-05-19 07:30,SOx,25.08
한국중부발전㈜보령발전본부,3,2018-05-19 07:30,NOx,20.37
한국중부발전㈜보령발전본부,3,2018-05-19 08:00,TSP,3.92
한국중부발전㈜보령발전본부,3,2018-05-19 08:00,SOx,25.38
한국중부발전㈜보령발전본부,3,2018-05-19 08:00,NOx,18.41
한국중부발전㈜보령발전본부,3,2018-05-19 08:30,TSP,3.91
한국중부발전㈜보령발전본부,3,2018-05-19 08:30,SOx,23.88
한국중부발전㈜보령발전본부,3,2018-05-19 08:30,NOx,20.42
한국중부발전㈜보령발전본부,3,2018-05-19 09:00,TSP,4.0
한국중부발전㈜보령발전본부,3,2018-05-19 09:00,SOx,24.79
한국중부발전㈜보령발전본부,3,2018-05-19 09:00,NOx,20.44
한국중부발전㈜보령발전본부,3,2018-05-19 09:30,TSP,4.13
한국중부발전㈜보령발전본부,3,2018-05-19 09:30,SOx,25.08
한국중부발전㈜보령발전본부,3,2018-05-19 09:30,NOx,30.26
한국중부발전㈜보령발전본부,3,2018-05-19 10:00,TSP,4.09
한국중부발전㈜보령발전본부,3,2018-05-19 10:00,SOx,25.14
한국중부발전㈜보령발전본부,3,2018-05-19 10:00,NOx,28.08
한국중부발전㈜보령발전본부,3,2018-05-19 10:30,TSP,4.09
한국중부발전㈜보령발전본부,3,2018-05-19 10:30,SOx,25.93
한국중부발전㈜보령발전본부,3,2018-05-19 10:30,NOx,19.36
한국중부발전㈜보령발전본부,3,2018-05-19 11:00,TSP,4.2
한국중부발전㈜보령발전본부,3,2018-05-19 11:00,SOx,26.53
한국중부발전㈜보령발전본부,3,2018-05-19 11:00,NOx,19.46
한국중부발전㈜보령발전본부,3,2018-05-19 11:30,TSP,4.13
한국중부발전㈜보령발전본부,3,2018-05-19 11:30,SOx,26.69
한국중부발전㈜보령발전본부,3,2018-05-19 11:30,NOx,21.84
한국중부발전㈜보령발전본부,3,2018-05-19 12:00,TSP,4.73
한국중부발전㈜보령발전본부,3,2018-05-19 12:00,SOx,27.91
한국중부발전㈜보령발전본부,3,2018-05-19 12:00,NOx,21.42
한국중부발전㈜보령발전본부,3,2018-05-19 12:30,TSP,4.46
한국중부발전㈜보령발전본부,3,2018-05-19 12:30,SOx,27.91
한국중부발전㈜보령발전본부,3,2018-05-19 12:30,NOx,21.42
한국중부발전㈜보령발전본부,3,2018-05-19 13:00,TSP,4.39
한국중부발전㈜보령발전본부,3,2018-05-19 13:00,SOx,27.91
한국중부발전㈜보령발전본부,3,2018-05-19 13:00,NOx,21.42
한국중부발전㈜보령발전본부,3,2018-05-19 13:30,TSP,4.55
한국중부발전㈜보령발전본부,3,2018-05-19 13:30,SOx,26.59
한국중부발전㈜보령발전본부,3,2018-05-19 13:30,NOx,21.05
한국중부발전㈜보령발전본부,3,2018-05-19 14:00,TSP,4.67
한국중부발전㈜보령발전본부,3,2018-05-19 14:00,SOx,26.17
한국중부발전㈜보령발전본부,3,2018-05-19 14:00,NOx,20.79
한국중부발전㈜보령발전본부,3,2018-05-19 14:30,TSP,4.58
한국중부발전㈜보령발전본부,3,2018-05-19 14:30,SOx,27.06
한국중부발전㈜보령발전본부,3,2018-05-19 14:30,NOx,22.75
한국중부발전㈜보령발전본부,3,2018-05-19 15:00,TSP,4.26
한국중부발전㈜보령발전본부,3,2018-05-19 15:00,SOx,27.84
한국중부발전㈜보령발전본부,3,2018-05-19 15:00,NOx,22.44
한국중부발전㈜보령발전본부,3,2018-05-19 15:30,TSP,4.16
한국중부발전㈜보령발전본부,3,2018-05-19 15:30,SOx,28.85
한국중부발전㈜보령발전본부,3,2018-05-19 15:30,NOx,21.81
한국중부발전㈜보령발전본부,3,2018-05-19 16:00,TSP,4.08
한국중부발전㈜보령발전본부,3,2018-05-19 16:00,SOx,30.8
한국중부발전㈜보령발전본부,3,2018-05-19 16:00,NOx,22.67
한국중부발전㈜보령발전본부,3,2018-05-19 16:30,TSP,3.86
한국중부발전㈜보령발전본부,3,2018-05-19 16:30,SOx,29.95
한국중부발전㈜보령발전본부,3,2018-05-19 16:30,NOx,20.5
한국중부발전㈜보령발전본부,3,2018-05-19 17:00,TSP,3.9
한국중부발전㈜보령발전본부,3,2018-05-19 17:00,SOx,30.56
한국중부발전㈜보령발전본부,3,2018-05-19 17:00,NOx,22.44
한국중부발전㈜보령발전본부,3,2018-05-19 17:30,TSP,4.14
한국중부발전㈜보령발전본부,3,2018-05-19 17:30,SOx,30.17
한국중부발전㈜보령발전본부,3,2018-05-19 17:30,NOx,21.56
한국중부발전㈜보령발전본부,3,2018-05-19 18:00,TSP,4.24
한국중부발전㈜보령발전본부,3,2018-05-19 18:00,SOx,28.62
한국중부발전㈜보령발전본부,3,2018-05-19 18:00,NOx,21.89
한국중부발전㈜보령발전본부,3,2018-05-19 18:30,TSP,4.34
한국중부발전㈜보령발전본부,3,2018-05-19 18:30,SOx,30.32
한국중부발전㈜보령발전본부,3,2018-05-19 18:30,NOx,24.38
한국중부발전㈜보령발전본부,3,2018-05-19 19:00,TSP,4.45
한국중부발전㈜보령발전본부,3,2018-05-19 19:00,SOx,28.91
한국중부발전㈜보령발전본부,3,2018-05-19 19:00,NOx,22.87
한국중부발전㈜보령발전본부,3,2018-05-19 19:30,TSP,4.45
한국중부발전㈜보령발전본부,3,2018-05-19 19:30,SOx,30.79
한국중부발전㈜보령발전본부,3,2018-05-19 19:30,NOx,21.56
한국중부발전㈜보령발전본부,3,2018-05-19 20:00,TSP,4.19
한국중부발전㈜보령발전본부,3,2018-05-19 20:00,SOx,29.08
한국중부발전㈜보령발전본부,3,2018-05-19 20:00,NOx,20.04
한국중부발전㈜보령발전본부,3,2018-05-19 20:30,TSP,4.02
한국중부발전㈜보령발전본부,3,2018-05-19 20:30,SOx,29.28
한국중부발전㈜보령발전본부,3,2018-05-19 20:30,NOx,18.59
한국중부발전㈜보령발전본부,3,2018-05-19 21:00,TSP,4.05
한국중부발전㈜보령발전본부,3,2018-05-19 21:00,SOx,29.98
한국중부발전㈜보령발전본부,3,2018-05-19 21:00,NOx,17.81
한국중부발전㈜보령발전본부,3,2018-05-19 21:30,TSP,4.15
한국중부발전㈜보령발전본부,3,2018-05-19 21:30,SOx,30.17
한국중부발전㈜보령발전본부,3,2018-05-19 21:30,NOx,18.86
한국중부발전㈜보령발전본부,3,2018-05-19 22:00,TSP,4.11
한국중부발전㈜보령발전본부,3,2018-05-19 22:00,SOx,30.04
한국중부발전㈜보령발전본부,3,2018-05-19 22:00,NOx,20.04
한국중부발전㈜보령발전본부,3,2018-05-19 22:30,TSP,4.09
한국중부발전㈜보령발전본부,3,2018-05-19 22:30,SOx,30.13
한국중부발전㈜보령발전본부,3,2018-05-19 22:30,NOx,19.52
한국중부발전㈜보령발전본부,3,2018-05-19 23:00,TSP,3.96
한국중부발전㈜보령발전본부,3,2018-05-19 23:00,SOx,30.18
한국중부발전㈜보령발전본부,3,2018-05-19 23:00,NOx,18.95
한국중부발전㈜보령발전본부,3,2018-05-19 23:30,TSP,3.89
한국중부발전㈜보령발전본부,3,2018-05-19 23:30,SOx,30.17
한국중부발전㈜보령발전본부,3,2018-05-19 23:30,NOx,19.68
한국중부발전㈜보령발전본부,3,2018-05-20 00:00,TSP,3.89
한국중부발전㈜보령발전본부,3,2018-05-20 00:00,SOx,29.63
한국중부발전㈜보령발전본부,3,2018-05-20 00:00,NOx,19.55
한국중부발전㈜보령발전본부,3,2018-05-20 00:30,TSP,3.94
한국중부발전㈜보령발전본부,3,2018-05-20 00:30,SOx,29.92
한국중부발전㈜보령발전본부,3,2018-05-20 00:30,NOx,17.16
한국중부발전㈜보령발전본부,3,2018-05-20 01:00,TSP,3.88
한국중부발전㈜보령발전본부,3,2018-05-20 01:00,SOx,29.04
한국중부발전㈜보령발전본부,3,2018-05-20 01:00,NOx,17.98
한국중부발전㈜보령발전본부,3,2018-05-20 01:30,TSP,3.85
한국중부발전㈜보령발전본부,3,2018-05-20 01:30,SOx,29.57
한국중부발전㈜보령발전본부,3,2018-05-20 01:30,NOx,18.78
한국중부발전㈜보령발전본부,3,2018-05-20 02:00,TSP,3.86
한국중부발전㈜보령발전본부,3,2018-05-20 02:00,SOx,29.59
한국중부발전㈜보령발전본부,3,2018-05-20 02:00,NOx,18.61
한국중부발전㈜보령발전본부,3,2018-05-20 02:30,TSP,3.82
한국중부발전㈜보령발전본부,3,2018-05-20 02:30,SOx,29.66
한국중부발전㈜보령발전본부,3,2018-05-20 02:30,NOx,18.48
한국중부발전㈜보령발전본부,3,2018-05-20 03:00,TSP,3.84
한국중부발전㈜보령발전본부,3,2018-05-20 03:00,SOx,29.84
한국중부발전㈜보령발전본부,3,2018-05-20 03:00,NOx,17.8
한국중부발전㈜보령발전본부,3,2018-05-20 03:30,TSP,3.89
한국중부발전㈜보령발전본부,3,2018-05-20 03:30,SOx,28.94
한국중부발전㈜보령발전본부,3,2018-05-20 03:30,NOx,20.04
한국중부발전㈜보령발전본부,3,2018-05-20 04:00,TSP,3.86
한국중부발전㈜보령발전본부,3,2018-05-20 04:00,SOx,29.89
한국중부발전㈜보령발전본부,3,2018-05-20 04:00,NOx,20.81
한국중부발전㈜보령발전본부,3,2018-05-20 04:30,TSP,3.89
한국중부발전㈜보령발전본부,3,2018-05-20 04:30,SOx,30.28
한국중부발전㈜보령발전본부,3,2018-05-20 04:30,NOx,21.06
한국중부발전㈜보령발전본부,3,2018-05-20 05:00,TSP,3.91
한국중부발전㈜보령발전본부,3,2018-05-20 05:00,SOx,28.82
한국중부발전㈜보령발전본부,3,2018-05-20 05:00,NOx,19.49
한국중부발전㈜보령발전본부,3,2018-05-20 05:30,TSP,4.04
한국중부발전㈜보령발전본부,3,2018-05-20 05:30,SOx,29.98
한국중부발전㈜보령발전본부,3,2018-05-20 05:30,NOx,20.29
한국중부발전㈜보령발전본부,3,2018-05-20 06:00,TSP,4.21
한국중부발전㈜보령발전본부,3,2018-05-20 06:00,SOx,28.23
한국중부발전㈜보령발전본부,3,2018-05-20 06:00,NOx,22.52
한국중부발전㈜보령발전본부,3,2018-05-20 06:30,TSP,4.43
한국중부발전㈜보령발전본부,3,2018-05-20 06:30,SOx,25.95
한국중부발전㈜보령발전본부,3,2018-05-20 06:30,NOx,21.89
한국중부발전㈜보령발전본부,3,2018-05-20 07:00,TSP,4.84
한국중부발전㈜보령발전본부,3,2018-05-20 07:00,SOx,28.93
한국중부발전㈜보령발전본부,3,2018-05-20 07:00,NOx,23.46
한국중부발전㈜보령발전본부,3,2018-05-20 07:30,TSP,4.72
한국중부발전㈜보령발전본부,3,2018-05-20 07:30,SOx,30.26
한국중부발전㈜보령발전본부,3,2018-05-20 07:30,NOx,21.17
한국중부발전㈜보령발전본부,3,2018-05-20 08:00,TSP,4.7
한국중부발전㈜보령발전본부,3,2018-05-20 08:00,SOx,29.49
한국중부발전㈜보령발전본부,3,2018-05-20 08:00,NOx,18.7
한국중부발전㈜보령발전본부,3,2018-05-20 08:30,TSP,4.86
한국중부발전㈜보령발전본부,3,2018-05-20 08:30,SOx,30.15
한국중부발전㈜보령발전본부,3,2018-05-20 08:30,NOx,21.74
한국중부발전㈜보령발전본부,3,2018-05-20 09:00,TSP,5.02
한국중부발전㈜보령발전본부,3,2018-05-20 09:00,SOx,30.44
한국중부발전㈜보령발전본부,3,2018-05-20 09:00,NOx,24.04
한국중부발전㈜보령발전본부,3,2018-05-20 09:30,TSP,5.28
한국중부발전㈜보령발전본부,3,2018-05-20 09:30,SOx,28.48
한국중부발전㈜보령발전본부,3,2018-05-20 09:30,NOx,23.15
한국중부발전㈜보령발전본부,3,2018-05-20 10:00,TSP,4.86
한국중부발전㈜보령발전본부,3,2018-05-20 10:00,SOx,30.28
한국중부발전㈜보령발전본부,3,2018-05-20 10:00,NOx,20.46
한국중부발전㈜보령발전본부,3,2018-05-20 10:30,TSP,4.88
한국중부발전㈜보령발전본부,3,2018-05-20 10:30,SOx,29.06
한국중부발전㈜보령발전본부,3,2018-05-20 10:30,NOx,20.47
한국중부발전㈜보령발전본부,3,2018-05-20 11:00,TSP,4.9
한국중부발전㈜보령발전본부,3,2018-05-20 11:00,SOx,30.45
한국중부발전㈜보령발전본부,3,2018-05-20 11:00,NOx,22.31
한국중부발전㈜보령발전본부,3,2018-05-20 11:30,TSP,4.95
한국중부발전㈜보령발전본부,3,2018-05-20 11:30,SOx,30.49
한국중부발전㈜보령발전본부,3,2018-05-20 11:30,NOx,24.81
한국중부발전㈜보령발전본부,3,2018-05-20 12:00,TSP,5.11
한국중부발전㈜보령발전본부,3,2018-05-20 12:00,SOx,28.89
한국중부발전㈜보령발전본부,3,2018-05-20 12:00,NOx,28.61
한국중부발전㈜보령발전본부,3,2018-05-20 12:30,TSP,5.03
한국중부발전㈜보령발전본부,3,2018-05-20 12:30,SOx,28.89
한국중부발전㈜보령발전본부,3,2018-05-20 12:30,NOx,28.61
한국중부발전㈜보령발전본부,3,2018-05-20 13:00,TSP,4.67
한국중부발전㈜보령발전본부,3,2018-05-20 13:00,SOx,28.89
한국중부발전㈜보령발전본부,3,2018-05-20 13:00,NOx,28.61
한국중부발전㈜보령발전본부,3,2018-05-20 13:30,TSP,4.59
한국중부발전㈜보령발전본부,3,2018-05-20 13:30,SOx,29.86
한국중부발전㈜보령발전본부,3,2018-05-20 13:30,NOx,21.16
한국중부발전㈜보령발전본부,3,2018-05-20 14:00,TSP,4.47
한국중부발전㈜보령발전본부,3,2018-05-20 14:00,SOx,27.97
한국중부발전㈜보령발전본부,3,2018-05-20 14:00,NOx,19.43
한국중부발전㈜보령발전본부,3,2018-05-20 14:30,TSP,4.41
한국중부발전㈜보령발전본부,3,2018-05-20 14:30,SOx,30.4
한국중부발전㈜보령발전본부,3,2018-05-20 14:30,NOx,20.9
한국중부발전㈜보령발전본부,3,2018-05-20 15:00,TSP,4.47
한국중부발전㈜보령발전본부,3,2018-05-20 15:00,SOx,29.72
한국중부발전㈜보령발전본부,3,2018-05-20 15:00,NOx,20.35
한국중부발전㈜보령발전본부,3,2018-05-20 15:30,TSP,4.53
한국중부발전㈜보령발전본부,3,2018-05-20 15:30,SOx,28.51
한국중부발전㈜보령발전본부,3,2018-05-20 15:30,NOx,20.13
한국중부발전㈜보령발전본부,3,2018-05-20 16:00,TSP,4.57
한국중부발전㈜보령발전본부,3,2018-05-20 16:00,SOx,30.28
한국중부발전㈜보령발전본부,3,2018-05-20 16:00,NOx,20.27
한국중부발전㈜보령발전본부,3,2018-05-20 16:30,TSP,4.56
한국중부발전㈜보령발전본부,3,2018-05-20 16:30,SOx,29.42
한국중부발전㈜보령발전본부,3,2018-05-20 16:30,NOx,20.0
한국중부발전㈜보령발전본부,3,2018-05-20 17:00,TSP,4.54
한국중부발전㈜보령발전본부,3,2018-05-20 17:00,SOx,30.25
한국중부발전㈜보령발전본부,3,2018-05-20 17:00,NOx,19.77
한국중부발전㈜보령발전본부,3,2018-05-20 17:30,TSP,4.86
한국중부발전㈜보령발전본부,3,2018-05-20 17:30,SOx,28.8
한국중부발전㈜보령발전본부,3,2018-05-20 17:30,NOx,19.55
한국중부발전㈜보령발전본부,3,2018-05-20 18:00,TSP,4.85
한국중부발전㈜보령발전본부,3,2018-05-20 18:00,SOx,27.16
한국중부발전㈜보령발전본부,3,2018-05-20 18:00,NOx,20.95
한국중부발전㈜보령발전본부,3,2018-05-20 18:30,TSP,4.7
한국중부발전㈜보령발전본부,3,2018-05-20 18:30,SOx,28.35
한국중부발전㈜보령발전본부,3,2018-05-20 18:30,NOx,20.94
한국중부발전㈜보령발전본부,3,2018-05-20 19:00,TSP,4.85
한국중부발전㈜보령발전본부,3,2018-05-20 19:00,SOx,26.41
한국중부발전㈜보령발전본부,3,2018-05-20 19:00,NOx,24.22
한국중부발전㈜보령발전본부,3,2018-05-20 19:30,TSP,4.9
한국중부발전㈜보령발전본부,3,2018-05-20 19:30,SOx,28.18
한국중부발전㈜보령발전본부,3,2018-05-20 19:30,NOx,23.54
한국중부발전㈜보령발전본부,3,2018-05-20 20:00,TSP,4.92
한국중부발전㈜보령발전본부,3,2018-05-20 20:00,SOx,27.03
한국중부발전㈜보령발전본부,3,2018-05-20 20:00,NOx,22.77
한국중부발전㈜보령발전본부,3,2018-05-20 20:30,TSP,4.57
한국중부발전㈜보령발전본부,3,2018-05-20 20:30,SOx,28.56
한국중부발전㈜보령발전본부,3,2018-05-20 20:30,NOx,22.71
한국중부발전㈜보령발전본부,3,2018-05-20 21:00,TSP,4.53
한국중부발전㈜보령발전본부,3,2018-05-20 21:00,SOx,29.27
한국중부발전㈜보령발전본부,3,2018-05-20 21:00,NOx,24.12
한국중부발전㈜보령발전본부,3,2018-05-20 21:30,TSP,4.59
한국중부발전㈜보령발전본부,3,2018-05-20 21:30,SOx,30.65
한국중부발전㈜보령발전본부,3,2018-05-20 21:30,NOx,24.73
한국중부발전㈜보령발전본부,3,2018-05-20 22:00,TSP,4.51
한국중부발전㈜보령발전본부,3,2018-05-20 22:00,SOx,29.27
한국중부발전㈜보령발전본부,3,2018-05-20 22:00,NOx,23.25
한국중부발전㈜보령발전본부,3,2018-05-20 22:30,TSP,4.45
한국중부발전㈜보령발전본부,3,2018-05-20 22:30,SOx,30.99
한국중부발전㈜보령발전본부,3,2018-05-20 22:30,NOx,24.77
한국중부발전㈜보령발전본부,3,2018-05-20 23:00,TSP,4.39
한국중부발전㈜보령발전본부,3,2018-05-20 23:00,SOx,29.14
한국중부발전㈜보령발전본부,3,2018-05-20 23:00,NOx,24.64
한국중부발전㈜보령발전본부,3,2018-05-20 23:30,TSP,4.33
한국중부발전㈜보령발전본부,3,2018-05-20 23:30,SOx,30.37
한국중부발전㈜보령발전본부,3,2018-05-20 23:30,NOx,21.47
한국중부발전㈜보령발전본부,3,2018-05-21 00:00,TSP,4.72
한국중부발전㈜보령발전본부,3,2018-05-21 00:00,SOx,28.67
한국중부발전㈜보령발전본부,3,2018-05-21 00:00,NOx,20.8
한국중부발전㈜보령발전본부,3,2018-05-21 00:30,TSP,4.44
한국중부발전㈜보령발전본부,3,2018-05-21 00:30,SOx,25.18
한국중부발전㈜보령발전본부,3,2018-05-21 00:30,NOx,21.1
한국중부발전㈜보령발전본부,3,2018-05-21 01:00,TSP,4.42
한국중부발전㈜보령발전본부,3,2018-05-21 01:00,SOx,25.74
한국중부발전㈜보령발전본부,3,2018-05-21 01:00,NOx,23.85
한국중부발전㈜보령발전본부,3,2018-05-21 01:30,TSP,4.44
한국중부발전㈜보령발전본부,3,2018-05-21 01:30,SOx,26.39
한국중부발전㈜보령발전본부,3,2018-05-21 01:30,NOx,24.01
한국중부발전㈜보령발전본부,3,2018-05-21 02:00,TSP,4.47
한국중부발전㈜보령발전본부,3,2018-05-21 02:00,SOx,24.26
한국중부발전㈜보령발전본부,3,2018-05-21 02:00,NOx,23.19
한국중부발전㈜보령발전본부,3,2018-05-21 02:30,TSP,4.27
한국중부발전㈜보령발전본부,3,2018-05-21 02:30,SOx,23.87
한국중부발전㈜보령발전본부,3,2018-05-21 02:30,NOx,24.94
한국중부발전㈜보령발전본부,3,2018-05-21 03:00,TSP,4.09
한국중부발전㈜보령발전본부,3,2018-05-21 03:00,SOx,25.26
한국중부발전㈜보령발전본부,3,2018-05-21 03:00,NOx,23.33
한국중부발전㈜보령발전본부,3,2018-05-21 03:30,TSP,3.99
한국중부발전㈜보령발전본부,3,2018-05-21 03:30,SOx,27.33
한국중부발전㈜보령발전본부,3,2018-05-21 03:30,NOx,23.16
한국중부발전㈜보령발전본부,3,2018-05-21 04:00,TSP,3.99
한국중부발전㈜보령발전본부,3,2018-05-21 04:00,SOx,28.0
한국중부발전㈜보령발전본부,3,2018-05-21 04:00,NOx,24.32
한국중부발전㈜보령발전본부,3,2018-05-21 04:30,TSP,4.01
한국중부발전㈜보령발전본부,3,2018-05-21 04:30,SOx,28.34
한국중부발전㈜보령발전본부,3,2018-05-21 04:30,NOx,24.79
한국중부발전㈜보령발전본부,3,2018-05-21 05:00,TSP,4.0
한국중부발전㈜보령발전본부,3,2018-05-21 05:00,SOx,27.98
한국중부발전㈜보령발전본부,3,2018-05-21 05:00,NOx,22.77
한국중부발전㈜보령발전본부,3,2018-05-21 05:30,TSP,3.96
한국중부발전㈜보령발전본부,3,2018-05-21 05:30,SOx,28.43
한국중부발전㈜보령발전본부,3,2018-05-21 05:30,NOx,27.48
한국중부발전㈜보령발전본부,3,2018-05-21 06:00,TSP,4.06
한국중부발전㈜보령발전본부,3,2018-05-21 06:00,SOx,26.8
한국중부발전㈜보령발전본부,3,2018-05-21 06:00,NOx,27.5
한국중부발전㈜보령발전본부,3,2018-05-21 06:30,TSP,4.45
한국중부발전㈜보령발전본부,3,2018-05-21 06:30,SOx,27.03
한국중부발전㈜보령발전본부,3,2018-05-21 06:30,NOx,24.38
한국중부발전㈜보령발전본부,3,2018-05-21 07:00,TSP,4.41
한국중부발전㈜보령발전본부,3,2018-05-21 07:00,SOx,24.94
한국중부발전㈜보령발전본부,3,2018-05-21 07:00,NOx,22.11
한국중부발전㈜보령발전본부,3,2018-05-21 07:30,TSP,4.64
한국중부발전㈜보령발전본부,3,2018-05-21 07:30,SOx,20.31
한국중부발전㈜보령발전본부,3,2018-05-21 07:30,NOx,22.33
한국중부발전㈜보령발전본부,3,2018-05-21 08:00,TSP,4.65
한국중부발전㈜보령발전본부,3,2018-05-21 08:00,SOx,19.73
한국중부발전㈜보령발전본부,3,2018-05-21 08:00,NOx,23.18
한국중부발전㈜보령발전본부,3,2018-05-21 08:30,TSP,4.58
한국중부발전㈜보령발전본부,3,2018-05-21 08:30,SOx,20.82
한국중부발전㈜보령발전본부,3,2018-05-21 08:30,NOx,28.38
한국중부발전㈜보령발전본부,3,2018-05-21 09:00,TSP,4.44
한국중부발전㈜보령발전본부,3,2018-05-21 09:00,SOx,21.16
한국중부발전㈜보령발전본부,3,2018-05-21 09:00,NOx,25.98
한국중부발전㈜보령발전본부,3,2018-05-21 09:30,TSP,5.02
한국중부발전㈜보령발전본부,3,2018-05-21 09:30,SOx,21.64
한국중부발전㈜보령발전본부,3,2018-05-21 09:30,NOx,26.48
한국중부발전㈜보령발전본부,3,2018-05-21 10:00,TSP,5.28
한국중부발전㈜보령발전본부,3,2018-05-21 10:00,SOx,21.64
한국중부발전㈜보령발전본부,3,2018-05-21 10:00,NOx,28.46
한국중부발전㈜보령발전본부,3,2018-05-21 10:30,TSP,5.07
한국중부발전㈜보령발전본부,3,2018-05-21 10:30,SOx,21.83
한국중부발전㈜보령발전본부,3,2018-05-21 10:30,NOx,30.05
한국중부발전㈜보령발전본부,3,2018-05-21 11:00,TSP,5.06
한국중부발전㈜보령발전본부,3,2018-05-21 11:00,SOx,22.48
한국중부발전㈜보령발전본부,3,2018-05-21 11:00,NOx,22.76
한국중부발전㈜보령발전본부,3,2018-05-21 11:30,TSP,5.27
한국중부발전㈜보령발전본부,3,2018-05-21 11:30,SOx,23.0
한국중부발전㈜보령발전본부,3,2018-05-21 11:30,NOx,22.99
한국중부발전㈜보령발전본부,3,2018-05-21 12:00,TSP,5.23
한국중부발전㈜보령발전본부,3,2018-05-21 12:00,SOx,23.23
한국중부발전㈜보령발전본부,3,2018-05-21 12:00,NOx,24.51
한국중부발전㈜보령발전본부,3,2018-05-21 12:30,TSP,4.86
한국중부발전㈜보령발전본부,3,2018-05-21 12:30,SOx,23.23
한국중부발전㈜보령발전본부,3,2018-05-21 12:30,NOx,24.51
한국중부발전㈜보령발전본부,3,2018-05-21 13:00,TSP,4.46
한국중부발전㈜보령발전본부,3,2018-05-21 13:00,SOx,23.23
한국중부발전㈜보령발전본부,3,2018-05-21 13:00,NOx,24.51
한국중부발전㈜보령발전본부,3,2018-05-21 13:30,TSP,4.41
한국중부발전㈜보령발전본부,3,2018-05-21 13:30,SOx,23.03
한국중부발전㈜보령발전본부,3,2018-05-21 13:30,NOx,22.43
한국중부발전㈜보령발전본부,3,2018-05-21 14:00,TSP,4.35
한국중부발전㈜보령발전본부,3,2018-05-21 14:00,SOx,24.11
한국중부발전㈜보령발전본부,3,2018-05-21 14:00,NOx,21.86
한국중부발전㈜보령발전본부,3,2018-05-21 14:30,TSP,4.28
한국중부발전㈜보령발전본부,3,2018-05-21 14:30,SOx,25.03
한국중부발전㈜보령발전본부,3,2018-05-21 14:30,NOx,25.13
한국중부발전㈜보령발전본부,3,2018-05-21 15:00,TSP,4.02
한국중부발전㈜보령발전본부,3,2018-05-21 15:00,SOx,25.98
한국중부발전㈜보령발전본부,3,2018-05-21 15:00,NOx,24.95
한국중부발전㈜보령발전본부,3,2018-05-21 15:30,TSP,4.11
한국중부발전㈜보령발전본부,3,2018-05-21 15:30,SOx,27.06
한국중부발전㈜보령발전본부,3,2018-05-21 15:30,NOx,24.86
한국중부발전㈜보령발전본부,3,2018-05-21 16:00,TSP,4.0
한국중부발전㈜보령발전본부,3,2018-05-21 16:00,SOx,28.73
한국중부발전㈜보령발전본부,3,2018-05-21 16:00,NOx,25.55
한국중부발전㈜보령발전본부,3,2018-05-21 16:30,TSP,3.99
한국중부발전㈜보령발전본부,3,2018-05-21 16:30,SOx,27.0
한국중부발전㈜보령발전본부,3,2018-05-21 16:30,NOx,23.82
한국중부발전㈜보령발전본부,3,2018-05-21 17:00,TSP,4.37
한국중부발전㈜보령발전본부,3,2018-05-21 17:00,SOx,28.14
한국중부발전㈜보령발전본부,3,2018-05-21 17:00,NOx,25.05
한국중부발전㈜보령발전본부,3,2018-05-21 17:30,TSP,4.26
한국중부발전㈜보령발전본부,3,2018-05-21 17:30,SOx,28.04
한국중부발전㈜보령발전본부,3,2018-05-21 17:30,NOx,24.28
한국중부발전㈜보령발전본부,3,2018-05-21 18:00,TSP,4.37
한국중부발전㈜보령발전본부,3,2018-05-21 18:00,SOx,27.77
한국중부발전㈜보령발전본부,3,2018-05-21 18:00,NOx,23.0
한국중부발전㈜보령발전본부,3,2018-05-21 18:30,TSP,4.58
한국중부발전㈜보령발전본부,3,2018-05-21 18:30,SOx,28.5
한국중부발전㈜보령발전본부,3,2018-05-21 18:30,NOx,22.56
한국중부발전㈜보령발전본부,3,2018-05-21 19:00,TSP,4.62
한국중부발전㈜보령발전본부,3,2018-05-21 19:00,SOx,27.8
한국중부발전㈜보령발전본부,3,2018-05-21 19:00,NOx,21.65
한국중부발전㈜보령발전본부,3,2018-05-21 19:30,TSP,4.49
한국중부발전㈜보령발전본부,3,2018-05-21 19:30,SOx,25.44
한국중부발전㈜보령발전본부,3,2018-05-21 19:30,NOx,23.57
한국중부발전㈜보령발전본부,3,2018-05-21 20:00,TSP,4.01
한국중부발전㈜보령발전본부,3,2018-05-21 20:00,SOx,26.15
한국중부발전㈜보령발전본부,3,2018-05-21 20:00,NOx,24.05
한국중부발전㈜보령발전본부,3,2018-05-21 20:30,TSP,4.08
한국중부발전㈜보령발전본부,3,2018-05-21 20:30,SOx,28.1
한국중부발전㈜보령발전본부,3,2018-05-21 20:30,NOx,22.97
한국중부발전㈜보령발전본부,3,2018-05-21 21:00,TSP,4.27
한국중부발전㈜보령발전본부,3,2018-05-21 21:00,SOx,28.68
한국중부발전㈜보령발전본부,3,2018-05-21 21:00,NOx,26.56
한국중부발전㈜보령발전본부,3,2018-05-21 21:30,TSP,4.28
한국중부발전㈜보령발전본부,3,2018-05-21 21:30,SOx,30.74
한국중부발전㈜보령발전본부,3,2018-05-21 21:30,NOx,25.9
한국중부발전㈜보령발전본부,3,2018-05-21 22:00,TSP,4.34
한국중부발전㈜보령발전본부,3,2018-05-21 22:00,SOx,28.84
한국중부발전㈜보령발전본부,3,2018-05-21 22:00,NOx,27.64
한국중부발전㈜보령발전본부,3,2018-05-21 22:30,TSP,4.39
한국중부발전㈜보령발전본부,3,2018-05-21 22:30,SOx,29.27
한국중부발전㈜보령발전본부,3,2018-05-21 22:30,NOx,28.8
한국중부발전㈜보령발전본부,3,2018-05-21 23:00,TSP,4.6
한국중부발전㈜보령발전본부,3,2018-05-21 23:00,SOx,30.47
한국중부발전㈜보령발전본부,3,2018-05-21 23:00,NOx,31.32
한국중부발전㈜보령발전본부,3,2018-05-21 23:30,TSP,4.56
한국중부발전㈜보령발전본부,3,2018-05-21 23:30,SOx,28.08
한국중부발전㈜보령발전본부,3,2018-05-21 23:30,NOx,30.89
한국중부발전㈜보령발전본부,3,2018-05-22 00:00,TSP,4.19
한국중부발전㈜보령발전본부,3,2018-05-22 00:00,SOx,30.86
한국중부발전㈜보령발전본부,3,2018-05-22 00:00,NOx,26.25
한국중부발전㈜보령발전본부,3,2018-05-22 00:30,TSP,4.23
한국중부발전㈜보령발전본부,3,2018-05-22 00:30,SOx,28.52
한국중부발전㈜보령발전본부,3,2018-05-22 00:30,NOx,29.73
한국중부발전㈜보령발전본부,3,2018-05-22 01:00,TSP,4.12
한국중부발전㈜보령발전본부,3,2018-05-22 01:00,SOx,30.66
한국중부발전㈜보령발전본부,3,2018-05-22 01:00,NOx,28.36
한국중부발전㈜보령발전본부,3,2018-05-22 01:30,TSP,4.47
한국중부발전㈜보령발전본부,3,2018-05-22 01:30,SOx,29.18
한국중부발전㈜보령발전본부,3,2018-05-22 01:30,NOx,27.13
한국중부발전㈜보령발전본부,3,2018-05-22 02:00,TSP,4.29
한국중부발전㈜보령발전본부,3,2018-05-22 02:00,SOx,31.03
한국중부발전㈜보령발전본부,3,2018-05-22 02:00,NOx,27.07
한국중부발전㈜보령발전본부,3,2018-05-22 02:30,TSP,4.38
한국중부발전㈜보령발전본부,3,2018-05-22 02:30,SOx,29.19
한국중부발전㈜보령발전본부,3,2018-05-22 02:30,NOx,25.4
한국중부발전㈜보령발전본부,3,2018-05-22 03:00,TSP,4.38
한국중부발전㈜보령발전본부,3,2018-05-22 03:00,SOx,30.32
한국중부발전㈜보령발전본부,3,2018-05-22 03:00,NOx,27.74
한국중부발전㈜보령발전본부,3,2018-05-22 03:30,TSP,4.52
한국중부발전㈜보령발전본부,3,2018-05-22 03:30,SOx,29.25
한국중부발전㈜보령발전본부,3,2018-05-22 03:30,NOx,26.42
한국중부발전㈜보령발전본부,3,2018-05-22 04:00,TSP,4.27
한국중부발전㈜보령발전본부,3,2018-05-22 04:00,SOx,29.75
한국중부발전㈜보령발전본부,3,2018-05-22 04:00,NOx,23.1
한국중부발전㈜보령발전본부,3,2018-05-22 04:30,TSP,4.1
한국중부발전㈜보령발전본부,3,2018-05-22 04:30,SOx,28.21
한국중부발전㈜보령발전본부,3,2018-05-22 04:30,NOx,24.35
한국중부발전㈜보령발전본부,3,2018-05-22 05:00,TSP,4.07
한국중부발전㈜보령발전본부,3,2018-05-22 05:00,SOx,27.98
한국중부발전㈜보령발전본부,3,2018-05-22 05:00,NOx,25.08
한국중부발전㈜보령발전본부,3,2018-05-22 05:30,TSP,4.22
한국중부발전㈜보령발전본부,3,2018-05-22 05:30,SOx,27.07
한국중부발전㈜보령발전본부,3,2018-05-22 05:30,NOx,23.58
한국중부발전㈜보령발전본부,3,2018-05-22 06:00,TSP,4.17
한국중부발전㈜보령발전본부,3,2018-05-22 06:00,SOx,28.64
한국중부발전㈜보령발전본부,3,2018-05-22 06:00,NOx,24.83
한국중부발전㈜보령발전본부,3,2018-05-22 06:30,TSP,4.26
한국중부발전㈜보령발전본부,3,2018-05-22 06:30,SOx,29.59
한국중부발전㈜보령발전본부,3,2018-05-22 06:30,NOx,23.25
한국중부발전㈜보령발전본부,3,2018-05-22 07:00,TSP,4.36
한국중부발전㈜보령발전본부,3,2018-05-22 07:00,SOx,30.66
한국중부발전㈜보령발전본부,3,2018-05-22 07:00,NOx,23.75
한국중부발전㈜보령발전본부,3,2018-05-22 07:30,TSP,4.6
한국중부발전㈜보령발전본부,3,2018-05-22 07:30,SOx,27.75
한국중부발전㈜보령발전본부,3,2018-05-22 07:30,NOx,24.08
한국중부발전㈜보령발전본부,3,2018-05-22 08:00,TSP,4.5
한국중부발전㈜보령발전본부,3,2018-05-22 08:00,SOx,31.07
한국중부발전㈜보령발전본부,3,2018-05-22 08:00,NOx,23.96
한국중부발전㈜보령발전본부,3,2018-05-22 08:30,TSP,4.39
한국중부발전㈜보령발전본부,3,2018-05-22 08:30,SOx,27.32
한국중부발전㈜보령발전본부,3,2018-05-22 08:30,NOx,24.95
한국중부발전㈜보령발전본부,3,2018-05-22 09:00,TSP,4.61
한국중부발전㈜보령발전본부,3,2018-05-22 09:00,SOx,28.68
한국중부발전㈜보령발전본부,3,2018-05-22 09:00,NOx,30.98
한국중부발전㈜보령발전본부,3,2018-05-22 09:30,TSP,4.82
한국중부발전㈜보령발전본부,3,2018-05-22 09:30,SOx,29.58
한국중부발전㈜보령발전본부,3,2018-05-22 09:30,NOx,31.79
한국중부발전㈜보령발전본부,3,2018-05-22 10:00,TSP,4.6
한국중부발전㈜보령발전본부,3,2018-05-22 10:00,SOx,28.66
한국중부발전㈜보령발전본부,3,2018-05-22 10:00,NOx,21.88
한국중부발전㈜보령발전본부,3,2018-05-22 10:30,TSP,4.44
한국중부발전㈜보령발전본부,3,2018-05-22 10:30,SOx,27.44
한국중부발전㈜보령발전본부,3,2018-05-22 10:30,NOx,22.97
한국중부발전㈜보령발전본부,3,2018-05-22 11:00,TSP,4.33
한국중부발전㈜보령발전본부,3,2018-05-22 11:00,SOx,27.07
한국중부발전㈜보령발전본부,3,2018-05-22 11:00,NOx,20.46
한국중부발전㈜보령발전본부,3,2018-05-22 11:30,TSP,4.2
한국중부발전㈜보령발전본부,3,2018-05-22 11:30,SOx,28.59
한국중부발전㈜보령발전본부,3,2018-05-22 11:30,NOx,23.75
한국중부발전㈜보령발전본부,3,2018-05-22 12:00,TSP,4.21
한국중부발전㈜보령발전본부,3,2018-05-22 12:00,SOx,30.45
한국중부발전㈜보령발전본부,3,2018-05-22 12:00,NOx,22.38
한국중부발전㈜보령발전본부,3,2018-05-22 12:30,TSP,4.28
한국중부발전㈜보령발전본부,3,2018-05-22 12:30,SOx,30.45
한국중부발전㈜보령발전본부,3,2018-05-22 12:30,NOx,22.38
한국중부발전㈜보령발전본부,3,2018-05-22 13:00,TSP,4.2
한국중부발전㈜보령발전본부,3,2018-05-22 13:00,SOx,30.45
한국중부발전㈜보령발전본부,3,2018-05-22 13:00,NOx,22.38
한국중부발전㈜보령발전본부,3,2018-05-22 13:30,TSP,4.12
한국중부발전㈜보령발전본부,3,2018-05-22 13:30,SOx,28.69
한국중부발전㈜보령발전본부,3,2018-05-22 13:30,NOx,22.24
한국중부발전㈜보령발전본부,3,2018-05-22 14:00,TSP,4.08
한국중부발전㈜보령발전본부,3,2018-05-22 14:00,SOx,28.37
한국중부발전㈜보령발전본부,3,2018-05-22 14:00,NOx,20.9
한국중부발전㈜보령발전본부,3,2018-05-22 14:30,TSP,4.15
한국중부발전㈜보령발전본부,3,2018-05-22 14:30,SOx,30.52
한국중부발전㈜보령발전본부,3,2018-05-22 14:30,NOx,21.33
한국중부발전㈜보령발전본부,3,2018-05-22 15:00,TSP,4.16
한국중부발전㈜보령발전본부,3,2018-05-22 15:00,SOx,29.21
한국중부발전㈜보령발전본부,3,2018-05-22 15:00,NOx,20.87
한국중부발전㈜보령발전본부,3,2018-05-22 15:30,TSP,4.29
한국중부발전㈜보령발전본부,3,2018-05-22 15:30,SOx,30.14
한국중부발전㈜보령발전본부,3,2018-05-22 15:30,NOx,21.66
한국중부발전㈜보령발전본부,3,2018-05-22 16:00,TSP,4.35
한국중부발전㈜보령발전본부,3,2018-05-22 16:00,SOx,30.4
한국중부발전㈜보령발전본부,3,2018-05-22 16:00,NOx,21.41
한국중부발전㈜보령발전본부,3,2018-05-22 16:30,TSP,4.39
한국중부발전㈜보령발전본부,3,2018-05-22 16:30,SOx,28.97
한국중부발전㈜보령발전본부,3,2018-05-22 16:30,NOx,22.75
한국중부발전㈜보령발전본부,3,2018-05-22 17:00,TSP,4.38
한국중부발전㈜보령발전본부,3,2018-05-22 17:00,SOx,29.72
한국중부발전㈜보령발전본부,3,2018-05-22 17:00,NOx,22.91
한국중부발전㈜보령발전본부,3,2018-05-22 17:30,TSP,4.01
한국중부발전㈜보령발전본부,3,2018-05-22 17:30,SOx,29.54
한국중부발전㈜보령발전본부,3,2018-05-22 17:30,NOx,21.92
한국중부발전㈜보령발전본부,3,2018-05-22 18:00,TSP,3.94
한국중부발전㈜보령발전본부,3,2018-05-22 18:00,SOx,29.22
한국중부발전㈜보령발전본부,3,2018-05-22 18:00,NOx,21.73
한국중부발전㈜보령발전본부,3,2018-05-22 18:30,TSP,3.89
한국중부발전㈜보령발전본부,3,2018-05-22 18:30,SOx,29.44
한국중부발전㈜보령발전본부,3,2018-05-22 18:30,NOx,22.48
한국중부발전㈜보령발전본부,3,2018-05-22 19:00,TSP,3.95
한국중부발전㈜보령발전본부,3,2018-05-22 19:00,SOx,23.16
한국중부발전㈜보령발전본부,3,2018-05-22 19:00,NOx,21.17
한국중부발전㈜보령발전본부,3,2018-05-22 19:30,TSP,3.84
한국중부발전㈜보령발전본부,3,2018-05-22 19:30,SOx,23.93
한국중부발전㈜보령발전본부,3,2018-05-22 19:30,NOx,21.97
한국중부발전㈜보령발전본부,3,2018-05-22 20:00,TSP,3.77
한국중부발전㈜보령발전본부,3,2018-05-22 20:00,SOx,25.03
한국중부발전㈜보령발전본부,3,2018-05-22 20:00,NOx,21.0
한국중부발전㈜보령발전본부,3,2018-05-22 20:30,TSP,3.76
한국중부발전㈜보령발전본부,3,2018-05-22 20:30,SOx,24.2
한국중부발전㈜보령발전본부,3,2018-05-22 20:30,NOx,21.82
한국중부발전㈜보령발전본부,3,2018-05-22 21:00,TSP,3.73
한국중부발전㈜보령발전본부,3,2018-05-22 21:00,SOx,24.8
한국중부발전㈜보령발전본부,3,2018-05-22 21:00,NOx,22.5
한국중부발전㈜보령발전본부,3,2018-05-22 21:30,TSP,3.76
한국중부발전㈜보령발전본부,3,2018-05-22 21:30,SOx,24.21
한국중부발전㈜보령발전본부,3,2018-05-22 21:30,NOx,21.88
한국중부발전㈜보령발전본부,3,2018-05-22 22:00,TSP,3.97
한국중부발전㈜보령발전본부,3,2018-05-22 22:00,SOx,25.23
한국중부발전㈜보령발전본부,3,2018-05-22 22:00,NOx,22.28
한국중부발전㈜보령발전본부,3,2018-05-22 22:30,TSP,3.77
한국중부발전㈜보령발전본부,3,2018-05-22 22:30,SOx,26.7
한국중부발전㈜보령발전본부,3,2018-05-22 22:30,NOx,20.67
한국중부발전㈜보령발전본부,3,2018-05-22 23:00,TSP,3.82
한국중부발전㈜보령발전본부,3,2018-05-22 23:00,SOx,28.4
한국중부발전㈜보령발전본부,3,2018-05-22 23:00,NOx,22.17
한국중부발전㈜보령발전본부,3,2018-05-22 23:30,TSP,3.82
한국중부발전㈜보령발전본부,3,2018-05-22 23:30,SOx,27.09
한국중부발전㈜보령발전본부,3,2018-05-22 23:30,NOx,22.22
한국중부발전㈜보령발전본부,3,2018-05-23 00:00,TSP,3.92
한국중부발전㈜보령발전본부,3,2018-05-23 00:00,SOx,28.4
한국중부발전㈜보령발전본부,3,2018-05-23 00:00,NOx,21.05
한국중부발전㈜보령발전본부,3,2018-05-23 00:30,TSP,3.79
한국중부발전㈜보령발전본부,3,2018-05-23 00:30,SOx,27.32
한국중부발전㈜보령발전본부,3,2018-05-23 00:30,NOx,18.74
한국중부발전㈜보령발전본부,3,2018-05-23 01:00,TSP,3.63
한국중부발전㈜보령발전본부,3,2018-05-23 01:00,SOx,28.47
한국중부발전㈜보령발전본부,3,2018-05-23 01:00,NOx,19.16
한국중부발전㈜보령발전본부,3,2018-05-23 01:30,TSP,3.48
한국중부발전㈜보령발전본부,3,2018-05-23 01:30,SOx,27.01
한국중부발전㈜보령발전본부,3,2018-05-23 01:30,NOx,20.13
한국중부발전㈜보령발전본부,3,2018-05-23 02:00,TSP,3.51
한국중부발전㈜보령발전본부,3,2018-05-23 02:00,SOx,30.17
한국중부발전㈜보령발전본부,3,2018-05-23 02:00,NOx,19.82
한국중부발전㈜보령발전본부,3,2018-05-23 02:30,TSP,3.48
한국중부발전㈜보령발전본부,3,2018-05-23 02:30,SOx,28.84
한국중부발전㈜보령발전본부,3,2018-05-23 02:30,NOx,20.18
한국중부발전㈜보령발전본부,3,2018-05-23 03:00,TSP,3.46
한국중부발전㈜보령발전본부,3,2018-05-23 03:00,SOx,26.27
한국중부발전㈜보령발전본부,3,2018-05-23 03:00,NOx,18.59
한국중부발전㈜보령발전본부,3,2018-05-23 03:30,TSP,3.48
한국중부발전㈜보령발전본부,3,2018-05-23 03:30,SOx,25.29
한국중부발전㈜보령발전본부,3,2018-05-23 03:30,NOx,20.89
한국중부발전㈜보령발전본부,3,2018-05-23 04:00,TSP,3.52
한국중부발전㈜보령발전본부,3,2018-05-23 04:00,SOx,26.1
한국중부발전㈜보령발전본부,3,2018-05-23 04:00,NOx,21.56
한국중부발전㈜보령발전본부,3,2018-05-23 04:30,TSP,3.52
한국중부발전㈜보령발전본부,3,2018-05-23 04:30,SOx,26.41
한국중부발전㈜보령발전본부,3,2018-05-23 04:30,NOx,20.69
한국중부발전㈜보령발전본부,3,2018-05-23 05:00,TSP,3.47
한국중부발전㈜보령발전본부,3,2018-05-23 05:00,SOx,25.71
한국중부발전㈜보령발전본부,3,2018-05-23 05:00,NOx,20.39
한국중부발전㈜보령발전본부,3,2018-05-23 05:30,TSP,3.48
한국중부발전㈜보령발전본부,3,2018-05-23 05:30,SOx,26.55
한국중부발전㈜보령발전본부,3,2018-05-23 05:30,NOx,20.68
한국중부발전㈜보령발전본부,3,2018-05-23 06:00,TSP,3.52
한국중부발전㈜보령발전본부,3,2018-05-23 06:00,SOx,25.36
한국중부발전㈜보령발전본부,3,2018-05-23 06:00,NOx,20.69
한국중부발전㈜보령발전본부,3,2018-05-23 06:30,TSP,3.49
한국중부발전㈜보령발전본부,3,2018-05-23 06:30,SOx,25.84
한국중부발전㈜보령발전본부,3,2018-05-23 06:30,NOx,20.83
한국중부발전㈜보령발전본부,3,2018-05-23 07:00,TSP,3.56
한국중부발전㈜보령발전본부,3,2018-05-23 07:00,SOx,25.08
한국중부발전㈜보령발전본부,3,2018-05-23 07:00,NOx,21.31
한국중부발전㈜보령발전본부,3,2018-05-23 07:30,TSP,3.87
한국중부발전㈜보령발전본부,3,2018-05-23 07:30,SOx,25.38
한국중부발전㈜보령발전본부,3,2018-05-23 07:30,NOx,21.94
한국중부발전㈜보령발전본부,3,2018-05-23 08:00,TSP,3.69
한국중부발전㈜보령발전본부,3,2018-05-23 08:00,SOx,25.48
한국중부발전㈜보령발전본부,3,2018-05-23 08:00,NOx,21.56
한국중부발전㈜보령발전본부,3,2018-05-23 08:30,TSP,3.69
한국중부발전㈜보령발전본부,3,2018-05-23 08:30,SOx,25.45
한국중부발전㈜보령발전본부,3,2018-05-23 08:30,NOx,22.8
한국중부발전㈜보령발전본부,3,2018-05-23 09:00,TSP,3.85
한국중부발전㈜보령발전본부,3,2018-05-23 09:00,SOx,24.87
한국중부발전㈜보령발전본부,3,2018-05-23 09:00,NOx,27.21
한국중부발전㈜보령발전본부,3,2018-05-23 09:30,TSP,4.06
한국중부발전㈜보령발전본부,3,2018-05-23 09:30,SOx,23.89
한국중부발전㈜보령발전본부,3,2018-05-23 09:30,NOx,27.45
한국중부발전㈜보령발전본부,3,2018-05-23 10:00,TSP,3.9
한국중부발전㈜보령발전본부,3,2018-05-23 10:00,SOx,24.64
한국중부발전㈜보령발전본부,3,2018-05-23 10:00,NOx,20.49
한국중부발전㈜보령발전본부,3,2018-05-23 10:30,TSP,3.9
한국중부발전㈜보령발전본부,3,2018-05-23 10:30,SOx,24.64
한국중부발전㈜보령발전본부,3,2018-05-23 10:30,NOx,20.49
한국중부발전㈜보령발전본부,3,2018-05-23 11:00,TSP,4.09
한국중부발전㈜보령발전본부,3,2018-05-23 11:00,SOx,24.48
한국중부발전㈜보령발전본부,3,2018-05-23 11:00,NOx,20.78
한국중부발전㈜보령발전본부,3,2018-05-23 11:30,TSP,4.18
한국중부발전㈜보령발전본부,3,2018-05-23 11:30,SOx,24.29
한국중부발전㈜보령발전본부,3,2018-05-23 11:30,NOx,20.8
한국중부발전㈜보령발전본부,3,2018-05-23 12:00,TSP,4.38
한국중부발전㈜보령발전본부,3,2018-05-23 12:00,SOx,24.23
한국중부발전㈜보령발전본부,3,2018-05-23 12:00,NOx,20.45
한국중부발전㈜보령발전본부,3,2018-05-23 12:30,TSP,4.16
한국중부발전㈜보령발전본부,3,2018-05-23 12:30,SOx,24.23
한국중부발전㈜보령발전본부,3,2018-05-23 12:30,NOx,20.45
한국중부발전㈜보령발전본부,3,2018-05-23 13:00,TSP,4.16
한국중부발전㈜보령발전본부,3,2018-05-23 13:00,SOx,24.23
한국중부발전㈜보령발전본부,3,2018-05-23 13:00,NOx,20.45
한국중부발전㈜보령발전본부,3,2018-05-23 13:30,TSP,3.96
한국중부발전㈜보령발전본부,3,2018-05-23 13:30,SOx,25.6
한국중부발전㈜보령발전본부,3,2018-05-23 13:30,NOx,20.6
한국중부발전㈜보령발전본부,3,2018-05-23 14:00,TSP,3.78
한국중부발전㈜보령발전본부,3,2018-05-23 14:00,SOx,27.36
한국중부발전㈜보령발전본부,3,2018-05-23 14:00,NOx,21.45
한국중부발전㈜보령발전본부,3,2018-05-23 14:30,TSP,3.72
한국중부발전㈜보령발전본부,3,2018-05-23 14:30,SOx,28.54
한국중부발전㈜보령발전본부,3,2018-05-23 14:30,NOx,20.69
한국중부발전㈜보령발전본부,3,2018-05-23 15:00,TSP,3.72
한국중부발전㈜보령발전본부,3,2018-05-23 15:00,SOx,27.57
한국중부발전㈜보령발전본부,3,2018-05-23 15:00,NOx,21.75
한국중부발전㈜보령발전본부,3,2018-05-23 15:30,TSP,3.56
한국중부발전㈜보령발전본부,3,2018-05-23 15:30,SOx,27.85
한국중부발전㈜보령발전본부,3,2018-05-23 15:30,NOx,20.65
한국중부발전㈜보령발전본부,3,2018-05-23 16:00,TSP,3.78
한국중부발전㈜보령발전본부,3,2018-05-23 16:00,SOx,23.16
한국중부발전㈜보령발전본부,3,2018-05-23 16:00,NOx,21.92
한국중부발전㈜보령발전본부,3,2018-05-23 16:30,TSP,3.69
한국중부발전㈜보령발전본부,3,2018-05-23 16:30,SOx,25.61
한국중부발전㈜보령발전본부,3,2018-05-23 16:30,NOx,21.43
한국중부발전㈜보령발전본부,3,2018-05-23 17:00,TSP,3.52
한국중부발전㈜보령발전본부,3,2018-05-23 17:00,SOx,24.1
한국중부발전㈜보령발전본부,3,2018-05-23 17:00,NOx,20.86
한국중부발전㈜보령발전본부,3,2018-05-23 17:30,TSP,3.48
한국중부발전㈜보령발전본부,3,2018-05-23 17:30,SOx,25.48
한국중부발전㈜보령발전본부,3,2018-05-23 17:30,NOx,20.15
한국중부발전㈜보령발전본부,3,2018-05-23 18:00,TSP,3.49
한국중부발전㈜보령발전본부,3,2018-05-23 18:00,SOx,23.44
한국중부발전㈜보령발전본부,3,2018-05-23 18:00,NOx,19.29
한국중부발전㈜보령발전본부,3,2018-05-23 18:30,TSP,3.46
한국중부발전㈜보령발전본부,3,2018-05-23 18:30,SOx,25.15
한국중부발전㈜보령발전본부,3,2018-05-23 18:30,NOx,19.81
한국중부발전㈜보령발전본부,3,2018-05-23 19:00,TSP,3.45
한국중부발전㈜보령발전본부,3,2018-05-23 19:00,SOx,24.46
한국중부발전㈜보령발전본부,3,2018-05-23 19:00,NOx,19.23
한국중부발전㈜보령발전본부,3,2018-05-23 19:30,TSP,3.36
한국중부발전㈜보령발전본부,3,2018-05-23 19:30,SOx,24.16
한국중부발전㈜보령발전본부,3,2018-05-23 19:30,NOx,21.72
한국중부발전㈜보령발전본부,3,2018-05-23 20:00,TSP,3.17
한국중부발전㈜보령발전본부,3,2018-05-23 20:00,SOx,25.47
한국중부발전㈜보령발전본부,3,2018-05-23 20:00,NOx,20.3
한국중부발전㈜보령발전본부,3,2018-05-23 20:30,TSP,3.18
한국중부발전㈜보령발전본부,3,2018-05-23 20:30,SOx,23.7
한국중부발전㈜보령발전본부,3,2018-05-23 20:30,NOx,20.78
한국중부발전㈜보령발전본부,3,2018-05-23 21:00,TSP,3.17
한국중부발전㈜보령발전본부,3,2018-05-23 21:00,SOx,25.34
한국중부발전㈜보령발전본부,3,2018-05-23 21:00,NOx,19.83
한국중부발전㈜보령발전본부,3,2018-05-23 21:30,TSP,3.11
한국중부발전㈜보령발전본부,3,2018-05-23 21:30,SOx,24.11
한국중부발전㈜보령발전본부,3,2018-05-23 21:30,NOx,21.09
한국중부발전㈜보령발전본부,3,2018-05-23 22:00,TSP,3.17
한국중부발전㈜보령발전본부,3,2018-05-23 22:00,SOx,24.67
한국중부발전㈜보령발전본부,3,2018-05-23 22:00,NOx,20.91
한국중부발전㈜보령발전본부,3,2018-05-23 22:30,TSP,3.13
한국중부발전㈜보령발전본부,3,2018-05-23 22:30,SOx,24.47
한국중부발전㈜보령발전본부,3,2018-05-23 22:30,NOx,21.44
한국중부발전㈜보령발전본부,3,2018-05-23 23:00,TSP,3.14
한국중부발전㈜보령발전본부,3,2018-05-23 23:00,SOx,25.12
한국중부발전㈜보령발전본부,3,2018-05-23 23:00,NOx,22.01
한국중부발전㈜보령발전본부,3,2018-05-23 23:30,TSP,3.11
한국중부발전㈜보령발전본부,3,2018-05-23 23:30,SOx,24.35
한국중부발전㈜보령발전본부,3,2018-05-23 23:30,NOx,22.22
한국중부발전㈜보령발전본부,3,2018-05-24 00:00,TSP,3.21
한국중부발전㈜보령발전본부,3,2018-05-24 00:00,SOx,25.07
한국중부발전㈜보령발전본부,3,2018-05-24 00:00,NOx,22.39
한국중부발전㈜보령발전본부,3,2018-05-24 00:30,TSP,3.28
한국중부발전㈜보령발전본부,3,2018-05-24 00:30,SOx,24.89
한국중부발전㈜보령발전본부,3,2018-05-24 00:30,NOx,22.8
한국중부발전㈜보령발전본부,3,2018-05-24 01:00,TSP,3.29
한국중부발전㈜보령발전본부,3,2018-05-24 01:00,SOx,25.12
한국중부발전㈜보령발전본부,3,2018-05-24 01:00,NOx,22.46
한국중부발전㈜보령발전본부,3,2018-05-24 01:30,TSP,3.47
한국중부발전㈜보령발전본부,3,2018-05-24 01:30,SOx,23.73
한국중부발전㈜보령발전본부,3,2018-05-24 01:30,NOx,21.5
한국중부발전㈜보령발전본부,3,2018-05-24 02:00,TSP,3.43
한국중부발전㈜보령발전본부,3,2018-05-24 02:00,SOx,26.48
한국중부발전㈜보령발전본부,3,2018-05-24 02:00,NOx,22.57
한국중부발전㈜보령발전본부,3,2018-05-24 02:30,TSP,3.41
한국중부발전㈜보령발전본부,3,2018-05-24 02:30,SOx,21.22
한국중부발전㈜보령발전본부,3,2018-05-24 02:30,NOx,22.7
한국중부발전㈜보령발전본부,3,2018-05-24 03:00,TSP,3.54
한국중부발전㈜보령발전본부,3,2018-05-24 03:00,SOx,22.96
한국중부발전㈜보령발전본부,3,2018-05-24 03:00,NOx,21.91
한국중부발전㈜보령발전본부,3,2018-05-24 03:30,TSP,3.58
한국중부발전㈜보령발전본부,3,2018-05-24 03:30,SOx,25.37
한국중부발전㈜보령발전본부,3,2018-05-24 03:30,NOx,23.14
한국중부발전㈜보령발전본부,3,2018-05-24 04:00,TSP,3.43
한국중부발전㈜보령발전본부,3,2018-05-24 04:00,SOx,24.13
한국중부발전㈜보령발전본부,3,2018-05-24 04:00,NOx,24.32
한국중부발전㈜보령발전본부,3,2018-05-24 04:30,TSP,3.4
한국중부발전㈜보령발전본부,3,2018-05-24 04:30,SOx,25.23
한국중부발전㈜보령발전본부,3,2018-05-24 04:30,NOx,22.35
한국중부발전㈜보령발전본부,3,2018-05-24 05:00,TSP,3.35
한국중부발전㈜보령발전본부,3,2018-05-24 05:00,SOx,24.5
한국중부발전㈜보령발전본부,3,2018-05-24 05:00,NOx,23.13
한국중부발전㈜보령발전본부,3,2018-05-24 05:30,TSP,3.34
한국중부발전㈜보령발전본부,3,2018-05-24 05:30,SOx,25.14
한국중부발전㈜보령발전본부,3,2018-05-24 05:30,NOx,23.37
한국중부발전㈜보령발전본부,3,2018-05-24 06:00,TSP,3.35
한국중부발전㈜보령발전본부,3,2018-05-24 06:00,SOx,24.19
한국중부발전㈜보령발전본부,3,2018-05-24 06:00,NOx,22.32
한국중부발전㈜보령발전본부,3,2018-05-24 06:30,TSP,3.29
한국중부발전㈜보령발전본부,3,2018-05-24 06:30,SOx,25.3
한국중부발전㈜보령발전본부,3,2018-05-24 06:30,NOx,22.28
한국중부발전㈜보령발전본부,3,2018-05-24 07:00,TSP,3.5
한국중부발전㈜보령발전본부,3,2018-05-24 07:00,SOx,24.62
한국중부발전㈜보령발전본부,3,2018-05-24 07:00,NOx,22.33
한국중부발전㈜보령발전본부,3,2018-05-24 07:30,TSP,3.86
한국중부발전㈜보령발전본부,3,2018-05-24 07:30,SOx,25.1
한국중부발전㈜보령발전본부,3,2018-05-24 07:30,NOx,20.52
한국중부발전㈜보령발전본부,3,2018-05-24 08:00,TSP,3.84
한국중부발전㈜보령발전본부,3,2018-05-24 08:00,SOx,24.08
한국중부발전㈜보령발전본부,3,2018-05-24 08:00,NOx,21.97
한국중부발전㈜보령발전본부,3,2018-05-24 08:30,TSP,3.75
한국중부발전㈜보령발전본부,3,2018-05-24 08:30,SOx,24.03
한국중부발전㈜보령발전본부,3,2018-05-24 08:30,NOx,22.35
한국중부발전㈜보령발전본부,3,2018-05-24 09:00,TSP,3.83
한국중부발전㈜보령발전본부,3,2018-05-24 09:00,SOx,22.93
한국중부발전㈜보령발전본부,3,2018-05-24 09:00,NOx,19.68
한국중부발전㈜보령발전본부,3,2018-05-24 09:30,TSP,4.16
한국중부발전㈜보령발전본부,3,2018-05-24 09:30,SOx,24.49
한국중부발전㈜보령발전본부,3,2018-05-24 09:30,NOx,22.31
한국중부발전㈜보령발전본부,3,2018-05-24 10:00,TSP,4.29
한국중부발전㈜보령발전본부,3,2018-05-24 10:00,SOx,25.66
한국중부발전㈜보령발전본부,3,2018-05-24 10:00,NOx,26.67
한국중부발전㈜보령발전본부,3,2018-05-24 10:30,TSP,4.23
한국중부발전㈜보령발전본부,3,2018-05-24 10:30,SOx,22.23
한국중부발전㈜보령발전본부,3,2018-05-24 10:30,NOx,22.5
한국중부발전㈜보령발전본부,3,2018-05-24 11:00,TSP,4.29
한국중부발전㈜보령발전본부,3,2018-05-24 11:00,SOx,24.22
한국중부발전㈜보령발전본부,3,2018-05-24 11:00,NOx,22.02
한국중부발전㈜보령발전본부,3,2018-05-24 11:30,TSP,4.35
한국중부발전㈜보령발전본부,3,2018-05-24 11:30,SOx,25.22
한국중부발전㈜보령발전본부,3,2018-05-24 11:30,NOx,23.51
한국중부발전㈜보령발전본부,3,2018-05-24 12:00,TSP,4.49
한국중부발전㈜보령발전본부,3,2018-05-24 12:00,SOx,25.07
한국중부발전㈜보령발전본부,3,2018-05-24 12:00,NOx,23.59
한국중부발전㈜보령발전본부,3,2018-05-24 12:30,TSP,4.29
한국중부발전㈜보령발전본부,3,2018-05-24 12:30,SOx,25.07
한국중부발전㈜보령발전본부,3,2018-05-24 12:30,NOx,23.59
한국중부발전㈜보령발전본부,3,2018-05-24 13:00,TSP,4.19
한국중부발전㈜보령발전본부,3,2018-05-24 13:00,SOx,25.07
한국중부발전㈜보령발전본부,3,2018-05-24 13:00,NOx,23.59
한국중부발전㈜보령발전본부,3,2018-05-24 13:30,TSP,4.06
한국중부발전㈜보령발전본부,3,2018-05-24 13:30,SOx,25.07
한국중부발전㈜보령발전본부,3,2018-05-24 13:30,NOx,25.97
한국중부발전㈜보령발전본부,3,2018-05-24 14:00,TSP,4.03
한국중부발전㈜보령발전본부,3,2018-05-24 14:00,SOx,24.57
한국중부발전㈜보령발전본부,3,2018-05-24 14:00,NOx,25.48
한국중부발전㈜보령발전본부,3,2018-05-24 14:30,TSP,3.98
한국중부발전㈜보령발전본부,3,2018-05-24 14:30,SOx,24.76
한국중부발전㈜보령발전본부,3,2018-05-24 14:30,NOx,24.51
한국중부발전㈜보령발전본부,3,2018-05-24 15:00,TSP,4.07
한국중부발전㈜보령발전본부,3,2018-05-24 15:00,SOx,25.82
한국중부발전㈜보령발전본부,3,2018-05-24 15:00,NOx,25.62
한국중부발전㈜보령발전본부,3,2018-05-24 15:30,TSP,3.99
한국중부발전㈜보령발전본부,3,2018-05-24 15:30,SOx,27.43
한국중부발전㈜보령발전본부,3,2018-05-24 15:30,NOx,24.8
한국중부발전㈜보령발전본부,3,2018-05-24 16:00,TSP,3.77
한국중부발전㈜보령발전본부,3,2018-05-24 16:00,SOx,28.07
한국중부발전㈜보령발전본부,3,2018-05-24 16:00,NOx,25.78
한국중부발전㈜보령발전본부,3,2018-05-24 16:30,TSP,3.72
한국중부발전㈜보령발전본부,3,2018-05-24 16:30,SOx,28.23
한국중부발전㈜보령발전본부,3,2018-05-24 16:30,NOx,25.84
한국중부발전㈜보령발전본부,3,2018-05-24 17:00,TSP,3.67
한국중부발전㈜보령발전본부,3,2018-05-24 17:00,SOx,27.69
한국중부발전㈜보령발전본부,3,2018-05-24 17:00,NOx,26.16
한국중부발전㈜보령발전본부,3,2018-05-24 17:30,TSP,3.65
한국중부발전㈜보령발전본부,3,2018-05-24 17:30,SOx,28.7
한국중부발전㈜보령발전본부,3,2018-05-24 17:30,NOx,26.45
한국중부발전㈜보령발전본부,3,2018-05-24 18:00,TSP,3.66
한국중부발전㈜보령발전본부,3,2018-05-24 18:00,SOx,26.64
한국중부발전㈜보령발전본부,3,2018-05-24 18:00,NOx,25.92
한국중부발전㈜보령발전본부,3,2018-05-24 18:30,TSP,3.64
한국중부발전㈜보령발전본부,3,2018-05-24 18:30,SOx,27.57
한국중부발전㈜보령발전본부,3,2018-05-24 18:30,NOx,24.78
한국중부발전㈜보령발전본부,3,2018-05-24 19:00,TSP,3.8
한국중부발전㈜보령발전본부,3,2018-05-24 19:00,SOx,27.57
한국중부발전㈜보령발전본부,3,2018-05-24 19:00,NOx,24.61
한국중부발전㈜보령발전본부,3,2018-05-24 19:30,TSP,3.73
한국중부발전㈜보령발전본부,3,2018-05-24 19:30,SOx,28.81
한국중부발전㈜보령발전본부,3,2018-05-24 19:30,NOx,25.17
한국중부발전㈜보령발전본부,3,2018-05-24 20:00,TSP,3.67
한국중부발전㈜보령발전본부,3,2018-05-24 20:00,SOx,26.74
한국중부발전㈜보령발전본부,3,2018-05-24 20:00,NOx,25.83
한국중부발전㈜보령발전본부,3,2018-05-24 20:30,TSP,3.71
한국중부발전㈜보령발전본부,3,2018-05-24 20:30,SOx,28.6
한국중부발전㈜보령발전본부,3,2018-05-24 20:30,NOx,25.41
한국중부발전㈜보령발전본부,3,2018-05-24 21:00,TSP,3.77
한국중부발전㈜보령발전본부,3,2018-05-24 21:00,SOx,27.39
한국중부발전㈜보령발전본부,3,2018-05-24 21:00,NOx,25.14
한국중부발전㈜보령발전본부,3,2018-05-24 21:30,TSP,3.71
한국중부발전㈜보령발전본부,3,2018-05-24 21:30,SOx,28.91
한국중부발전㈜보령발전본부,3,2018-05-24 21:30,NOx,25.12
한국중부발전㈜보령발전본부,3,2018-05-24 22:00,TSP,3.63
한국중부발전㈜보령발전본부,3,2018-05-24 22:00,SOx,26.15
한국중부발전㈜보령발전본부,3,2018-05-24 22:00,NOx,26.02
한국중부발전㈜보령발전본부,3,2018-05-24 22:30,TSP,3.64
한국중부발전㈜보령발전본부,3,2018-05-24 22:30,SOx,24.77
한국중부발전㈜보령발전본부,3,2018-05-24 22:30,NOx,26.43
한국중부발전㈜보령발전본부,3,2018-05-24 23:00,TSP,3.54
한국중부발전㈜보령발전본부,3,2018-05-24 23:00,SOx,24.17
한국중부발전㈜보령발전본부,3,2018-05-24 23:00,NOx,25.49
한국중부발전㈜보령발전본부,3,2018-05-24 23:30,TSP,3.62
한국중부발전㈜보령발전본부,3,2018-05-24 23:30,SOx,25.58
한국중부발전㈜보령발전본부,3,2018-05-24 23:30,NOx,25.29
한국중부발전㈜보령발전본부,3,2018-05-25 00:00,TSP,3.67
한국중부발전㈜보령발전본부,3,2018-05-25 00:00,SOx,23.89
한국중부발전㈜보령발전본부,3,2018-05-25 00:00,NOx,26.78
한국중부발전㈜보령발전본부,3,2018-05-25 00:30,TSP,3.75
한국중부발전㈜보령발전본부,3,2018-05-25 00:30,SOx,25.89
한국중부발전㈜보령발전본부,3,2018-05-25 00:30,NOx,24.93
한국중부발전㈜보령발전본부,3,2018-05-25 01:00,TSP,3.76
한국중부발전㈜보령발전본부,3,2018-05-25 01:00,SOx,28.12
한국중부발전㈜보령발전본부,3,2018-05-25 01:00,NOx,25.82
한국중부발전㈜보령발전본부,3,2018-05-25 01:30,TSP,3.8
한국중부발전㈜보령발전본부,3,2018-05-25 01:30,SOx,29.65
한국중부발전㈜보령발전본부,3,2018-05-25 01:30,NOx,25.6
한국중부발전㈜보령발전본부,3,2018-05-25 02:00,TSP,3.96
한국중부발전㈜보령발전본부,3,2018-05-25 02:00,SOx,29.85
한국중부발전㈜보령발전본부,3,2018-05-25 02:00,NOx,26.83
한국중부발전㈜보령발전본부,3,2018-05-25 02:30,TSP,3.97
한국중부발전㈜보령발전본부,3,2018-05-25 02:30,SOx,29.74
한국중부발전㈜보령발전본부,3,2018-05-25 02:30,NOx,26.7
한국중부발전㈜보령발전본부,3,2018-05-25 03:00,TSP,4.02
한국중부발전㈜보령발전본부,3,2018-05-25 03:00,SOx,31.91
한국중부발전㈜보령발전본부,3,2018-05-25 03:00,NOx,26.91
한국중부발전㈜보령발전본부,3,2018-05-25 03:30,TSP,4.2
한국중부발전㈜보령발전본부,3,2018-05-25 03:30,SOx,31.03
한국중부발전㈜보령발전본부,3,2018-05-25 03:30,NOx,26.67
한국중부발전㈜보령발전본부,3,2018-05-25 04:00,TSP,4.32
한국중부발전㈜보령발전본부,3,2018-05-25 04:00,SOx,32.03
한국중부발전㈜보령발전본부,3,2018-05-25 04:00,NOx,24.49
한국중부발전㈜보령발전본부,3,2018-05-25 04:30,TSP,4.15
한국중부발전㈜보령발전본부,3,2018-05-25 04:30,SOx,31.12
한국중부발전㈜보령발전본부,3,2018-05-25 04:30,NOx,24.94
한국중부발전㈜보령발전본부,3,2018-05-25 05:00,TSP,3.77
한국중부발전㈜보령발전본부,3,2018-05-25 05:00,SOx,32.28
한국중부발전㈜보령발전본부,3,2018-05-25 05:00,NOx,24.59
한국중부발전㈜보령발전본부,3,2018-05-25 05:30,TSP,3.77
한국중부발전㈜보령발전본부,3,2018-05-25 05:30,SOx,30.82
한국중부발전㈜보령발전본부,3,2018-05-25 05:30,NOx,24.12
한국중부발전㈜보령발전본부,3,2018-05-25 06:00,TSP,3.78
한국중부발전㈜보령발전본부,3,2018-05-25 06:00,SOx,32.28
한국중부발전㈜보령발전본부,3,2018-05-25 06:00,NOx,24.31
한국중부발전㈜보령발전본부,3,2018-05-25 06:30,TSP,3.97
한국중부발전㈜보령발전본부,3,2018-05-25 06:30,SOx,30.78
한국중부발전㈜보령발전본부,3,2018-05-25 06:30,NOx,23.73
한국중부발전㈜보령발전본부,3,2018-05-25 07:00,TSP,4.21
한국중부발전㈜보령발전본부,3,2018-05-25 07:00,SOx,31.8
한국중부발전㈜보령발전본부,3,2018-05-25 07:00,NOx,24.1
한국중부발전㈜보령발전본부,3,2018-05-25 07:30,TSP,4.37
한국중부발전㈜보령발전본부,3,2018-05-25 07:30,SOx,31.39
한국중부발전㈜보령발전본부,3,2018-05-25 07:30,NOx,24.87
한국중부발전㈜보령발전본부,3,2018-05-25 08:00,TSP,4.43
한국중부발전㈜보령발전본부,3,2018-05-25 08:00,SOx,31.55
한국중부발전㈜보령발전본부,3,2018-05-25 08:00,NOx,27.24
한국중부발전㈜보령발전본부,3,2018-05-25 08:30,TSP,4.34
한국중부발전㈜보령발전본부,3,2018-05-25 08:30,SOx,30.04
한국중부발전㈜보령발전본부,3,2018-05-25 08:30,NOx,27.11
한국중부발전㈜보령발전본부,3,2018-05-25 09:00,TSP,4.21
한국중부발전㈜보령발전본부,3,2018-05-25 09:00,SOx,33.91
한국중부발전㈜보령발전본부,3,2018-05-25 09:00,NOx,26.16
한국중부발전㈜보령발전본부,3,2018-05-25 09:30,TSP,4.44
한국중부발전㈜보령발전본부,3,2018-05-25 09:30,SOx,34.76
한국중부발전㈜보령발전본부,3,2018-05-25 09:30,NOx,26.6
한국중부발전㈜보령발전본부,3,2018-05-25 10:00,TSP,4.7
한국중부발전㈜보령발전본부,3,2018-05-25 10:00,SOx,32.83
한국중부발전㈜보령발전본부,3,2018-05-25 10:00,NOx,25.3
한국중부발전㈜보령발전본부,3,2018-05-25 10:30,TSP,4.64
한국중부발전㈜보령발전본부,3,2018-05-25 10:30,SOx,32.82
한국중부발전㈜보령발전본부,3,2018-05-25 10:30,NOx,27.84
한국중부발전㈜보령발전본부,3,2018-05-25 11:00,TSP,4.46
한국중부발전㈜보령발전본부,3,2018-05-25 11:00,SOx,32.75
한국중부발전㈜보령발전본부,3,2018-05-25 11:00,NOx,22.91
한국중부발전㈜보령발전본부,3,2018-05-25 11:30,TSP,4.33
한국중부발전㈜보령발전본부,3,2018-05-25 11:30,SOx,33.82
한국중부발전㈜보령발전본부,3,2018-05-25 11:30,NOx,22.62
한국중부발전㈜보령발전본부,3,2018-05-25 12:00,TSP,4.08
한국중부발전㈜보령발전본부,3,2018-05-25 12:00,SOx,34.04
한국중부발전㈜보령발전본부,3,2018-05-25 12:00,NOx,22.83
한국중부발전㈜보령발전본부,3,2018-05-25 12:30,TSP,4.24
한국중부발전㈜보령발전본부,3,2018-05-25 12:30,SOx,34.04
한국중부발전㈜보령발전본부,3,2018-05-25 12:30,NOx,22.83
한국중부발전㈜보령발전본부,3,2018-05-25 13:00,TSP,4.34
한국중부발전㈜보령발전본부,3,2018-05-25 13:00,SOx,34.04
한국중부발전㈜보령발전본부,3,2018-05-25 13:00,NOx,22.83
한국중부발전㈜보령발전본부,3,2018-05-25 13:30,TSP,4.14
한국중부발전㈜보령발전본부,3,2018-05-25 13:30,SOx,34.22
한국중부발전㈜보령발전본부,3,2018-05-25 13:30,NOx,21.19
한국중부발전㈜보령발전본부,3,2018-05-25 14:00,TSP,4.21
한국중부발전㈜보령발전본부,3,2018-05-25 14:00,SOx,34.43
한국중부발전㈜보령발전본부,3,2018-05-25 14:00,NOx,22.46
한국중부발전㈜보령발전본부,3,2018-05-25 14:30,TSP,4.35
한국중부발전㈜보령발전본부,3,2018-05-25 14:30,SOx,34.46
한국중부발전㈜보령발전본부,3,2018-05-25 14:30,NOx,22.43
한국중부발전㈜보령발전본부,3,2018-05-25 15:00,TSP,4.13
한국중부발전㈜보령발전본부,3,2018-05-25 15:00,SOx,35.21
한국중부발전㈜보령발전본부,3,2018-05-25 15:00,NOx,21.35
한국중부발전㈜보령발전본부,3,2018-05-25 15:30,TSP,3.87
한국중부발전㈜보령발전본부,3,2018-05-25 15:30,SOx,34.78
한국중부발전㈜보령발전본부,3,2018-05-25 15:30,NOx,21.07
한국중부발전㈜보령발전본부,3,2018-05-25 16:00,TSP,3.86
한국중부발전㈜보령발전본부,3,2018-05-25 16:00,SOx,34.94
한국중부발전㈜보령발전본부,3,2018-05-25 16:00,NOx,21.26
한국중부발전㈜보령발전본부,3,2018-05-25 16:30,TSP,3.87
한국중부발전㈜보령발전본부,3,2018-05-25 16:30,SOx,35.4
한국중부발전㈜보령발전본부,3,2018-05-25 16:30,NOx,20.63
한국중부발전㈜보령발전본부,3,2018-05-25 17:00,TSP,3.82
한국중부발전㈜보령발전본부,3,2018-05-25 17:00,SOx,34.26
한국중부발전㈜보령발전본부,3,2018-05-25 17:00,NOx,20.47
한국중부발전㈜보령발전본부,3,2018-05-25 17:30,TSP,3.93
한국중부발전㈜보령발전본부,3,2018-05-25 17:30,SOx,34.05
한국중부발전㈜보령발전본부,3,2018-05-25 17:30,NOx,19.6
한국중부발전㈜보령발전본부,3,2018-05-25 18:00,TSP,4.0
한국중부발전㈜보령발전본부,3,2018-05-25 18:00,SOx,34.61
한국중부발전㈜보령발전본부,3,2018-05-25 18:00,NOx,20.13
한국중부발전㈜보령발전본부,3,2018-05-25 18:30,TSP,3.92
한국중부발전㈜보령발전본부,3,2018-05-25 18:30,SOx,35.22
한국중부발전㈜보령발전본부,3,2018-05-25 18:30,NOx,21.57
한국중부발전㈜보령발전본부,3,2018-05-25 19:00,TSP,3.85
한국중부발전㈜보령발전본부,3,2018-05-25 19:00,SOx,32.65
한국중부발전㈜보령발전본부,3,2018-05-25 19:00,NOx,20.11
한국중부발전㈜보령발전본부,3,2018-05-25 19:30,TSP,4.08
한국중부발전㈜보령발전본부,3,2018-05-25 19:30,SOx,30.47
한국중부발전㈜보령발전본부,3,2018-05-25 19:30,NOx,20.87
한국중부발전㈜보령발전본부,3,2018-05-25 20:00,TSP,3.92
한국중부발전㈜보령발전본부,3,2018-05-25 20:00,SOx,32.73
한국중부발전㈜보령발전본부,3,2018-05-25 20:00,NOx,21.04
한국중부발전㈜보령발전본부,3,2018-05-25 20:30,TSP,3.98
한국중부발전㈜보령발전본부,3,2018-05-25 20:30,SOx,31.32
한국중부발전㈜보령발전본부,3,2018-05-25 20:30,NOx,21.44
한국중부발전㈜보령발전본부,3,2018-05-25 21:00,TSP,3.97
한국중부발전㈜보령발전본부,3,2018-05-25 21:00,SOx,29.94
한국중부발전㈜보령발전본부,3,2018-05-25 21:00,NOx,22.54
한국중부발전㈜보령발전본부,3,2018-05-25 21:30,TSP,4.02
한국중부발전㈜보령발전본부,3,2018-05-25 21:30,SOx,30.94
한국중부발전㈜보령발전본부,3,2018-05-25 21:30,NOx,22.82
한국중부발전㈜보령발전본부,3,2018-05-25 22:00,TSP,3.82
한국중부발전㈜보령발전본부,3,2018-05-25 22:00,SOx,29.58
한국중부발전㈜보령발전본부,3,2018-05-25 22:00,NOx,24.33
한국중부발전㈜보령발전본부,3,2018-05-25 22:30,TSP,3.67
한국중부발전㈜보령발전본부,3,2018-05-25 22:30,SOx,30.64
한국중부발전㈜보령발전본부,3,2018-05-25 22:30,NOx,22.09
한국중부발전㈜보령발전본부,3,2018-05-25 23:00,TSP,3.65
한국중부발전㈜보령발전본부,3,2018-05-25 23:00,SOx,31.55
한국중부발전㈜보령발전본부,3,2018-05-25 23:00,NOx,23.8
한국중부발전㈜보령발전본부,3,2018-05-25 23:30,TSP,3.64
한국중부발전㈜보령발전본부,3,2018-05-25 23:30,SOx,31.65
한국중부발전㈜보령발전본부,3,2018-05-25 23:30,NOx,22.76
한국중부발전㈜보령발전본부,3,2018-05-26 00:00,TSP,3.53
한국중부발전㈜보령발전본부,3,2018-05-26 00:00,SOx,32.71
한국중부발전㈜보령발전본부,3,2018-05-26 00:00,NOx,24.28
한국중부발전㈜보령발전본부,3,2018-05-26 00:30,TSP,3.56
한국중부발전㈜보령발전본부,3,2018-05-26 00:30,SOx,35.95
한국중부발전㈜보령발전본부,3,2018-05-26 00:30,NOx,22.94
한국중부발전㈜보령발전본부,3,2018-05-26 01:00,TSP,3.55
한국중부발전㈜보령발전본부,3,2018-05-26 01:00,SOx,37.43
한국중부발전㈜보령발전본부,3,2018-05-26 01:00,NOx,24.2
한국중부발전㈜보령발전본부,3,2018-05-26 01:30,TSP,3.58
한국중부발전㈜보령발전본부,3,2018-05-26 01:30,SOx,38.61
한국중부발전㈜보령발전본부,3,2018-05-26 01:30,NOx,25.3
한국중부발전㈜보령발전본부,3,2018-05-26 02:00,TSP,3.53
한국중부발전㈜보령발전본부,3,2018-05-26 02:00,SOx,40.25
한국중부발전㈜보령발전본부,3,2018-05-26 02:00,NOx,25.19
한국중부발전㈜보령발전본부,3,2018-05-26 02:30,TSP,3.56
한국중부발전㈜보령발전본부,3,2018-05-26 02:30,SOx,40.98
한국중부발전㈜보령발전본부,3,2018-05-26 02:30,NOx,23.49
한국중부발전㈜보령발전본부,3,2018-05-26 03:00,TSP,3.67
한국중부발전㈜보령발전본부,3,2018-05-26 03:00,SOx,41.3
한국중부발전㈜보령발전본부,3,2018-05-26 03:00,NOx,23.44
한국중부발전㈜보령발전본부,3,2018-05-26 03:30,TSP,3.67
한국중부발전㈜보령발전본부,3,2018-05-26 03:30,SOx,43.44
한국중부발전㈜보령발전본부,3,2018-05-26 03:30,NOx,22.39
한국중부발전㈜보령발전본부,3,2018-05-26 04:00,TSP,3.57
한국중부발전㈜보령발전본부,3,2018-05-26 04:00,SOx,43.88
한국중부발전㈜보령발전본부,3,2018-05-26 04:00,NOx,22.96
한국중부발전㈜보령발전본부,3,2018-05-26 04:30,TSP,3.71
한국중부발전㈜보령발전본부,3,2018-05-26 04:30,SOx,41.69
한국중부발전㈜보령발전본부,3,2018-05-26 04:30,NOx,23.25
한국중부발전㈜보령발전본부,3,2018-05-26 05:00,TSP,3.68
한국중부발전㈜보령발전본부,3,2018-05-26 05:00,SOx,41.19
한국중부발전㈜보령발전본부,3,2018-05-26 05:00,NOx,24.65
한국중부발전㈜보령발전본부,3,2018-05-26 05:30,TSP,3.76
한국중부발전㈜보령발전본부,3,2018-05-26 05:30,SOx,38.66
한국중부발전㈜보령발전본부,3,2018-05-26 05:30,NOx,23.57
한국중부발전㈜보령발전본부,3,2018-05-26 06:00,TSP,3.57
한국중부발전㈜보령발전본부,3,2018-05-26 06:00,SOx,36.07
한국중부발전㈜보령발전본부,3,2018-05-26 06:00,NOx,24.15
한국중부발전㈜보령발전본부,3,2018-05-26 06:30,TSP,3.74
한국중부발전㈜보령발전본부,3,2018-05-26 06:30,SOx,34.38
한국중부발전㈜보령발전본부,3,2018-05-26 06:30,NOx,23.36
한국중부발전㈜보령발전본부,3,2018-05-26 07:00,TSP,4.1
한국중부발전㈜보령발전본부,3,2018-05-26 07:00,SOx,32.28
한국중부발전㈜보령발전본부,3,2018-05-26 07:00,NOx,24.25
한국중부발전㈜보령발전본부,3,2018-05-26 07:30,TSP,4.2
한국중부발전㈜보령발전본부,3,2018-05-26 07:30,SOx,30.31
한국중부발전㈜보령발전본부,3,2018-05-26 07:30,NOx,24.61
한국중부발전㈜보령발전본부,3,2018-05-26 08:00,TSP,4.16
한국중부발전㈜보령발전본부,3,2018-05-26 08:00,SOx,29.24
한국중부발전㈜보령발전본부,3,2018-05-26 08:00,NOx,26.95
한국중부발전㈜보령발전본부,3,2018-05-26 08:30,TSP,4.05
한국중부발전㈜보령발전본부,3,2018-05-26 08:30,SOx,27.59
한국중부발전㈜보령발전본부,3,2018-05-26 08:30,NOx,24.08
한국중부발전㈜보령발전본부,3,2018-05-26 09:00,TSP,4.17
한국중부발전㈜보령발전본부,3,2018-05-26 09:00,SOx,26.17
한국중부발전㈜보령발전본부,3,2018-05-26 09:00,NOx,26.94
한국중부발전㈜보령발전본부,3,2018-05-26 09:30,TSP,4.69
한국중부발전㈜보령발전본부,3,2018-05-26 09:30,SOx,26.51
한국중부발전㈜보령발전본부,3,2018-05-26 09:30,NOx,25.62
한국중부발전㈜보령발전본부,3,2018-05-26 10:00,TSP,5.11
한국중부발전㈜보령발전본부,3,2018-05-26 10:00,SOx,25.5
한국중부발전㈜보령발전본부,3,2018-05-26 10:00,NOx,28.64
한국중부발전㈜보령발전본부,3,2018-05-26 10:30,TSP,5.07
한국중부발전㈜보령발전본부,3,2018-05-26 10:30,SOx,26.43
한국중부발전㈜보령발전본부,3,2018-05-26 10:30,NOx,28.33
한국중부발전㈜보령발전본부,3,2018-05-26 11:00,TSP,5.04
한국중부발전㈜보령발전본부,3,2018-05-26 11:00,SOx,26.04
한국중부발전㈜보령발전본부,3,2018-05-26 11:00,NOx,27.92
한국중부발전㈜보령발전본부,3,2018-05-26 11:30,TSP,5.05
한국중부발전㈜보령발전본부,3,2018-05-26 11:30,SOx,26.74
한국중부발전㈜보령발전본부,3,2018-05-26 11:30,NOx,28.51
한국중부발전㈜보령발전본부,3,2018-05-26 12:00,TSP,5.0
한국중부발전㈜보령발전본부,3,2018-05-26 12:00,SOx,28.16
한국중부발전㈜보령발전본부,3,2018-05-26 12:00,NOx,28.95
한국중부발전㈜보령발전본부,3,2018-05-26 12:30,TSP,4.67
한국중부발전㈜보령발전본부,3,2018-05-26 12:30,SOx,28.16
한국중부발전㈜보령발전본부,3,2018-05-26 12:30,NOx,28.95
한국중부발전㈜보령발전본부,3,2018-05-26 13:00,TSP,4.24
한국중부발전㈜보령발전본부,3,2018-05-26 13:00,SOx,28.16
한국중부발전㈜보령발전본부,3,2018-05-26 13:00,NOx,28.95
한국중부발전㈜보령발전본부,3,2018-05-26 13:30,TSP,4.26
한국중부발전㈜보령발전본부,3,2018-05-26 13:30,SOx,28.04
한국중부발전㈜보령발전본부,3,2018-05-26 13:30,NOx,29.5
한국중부발전㈜보령발전본부,3,2018-05-26 14:00,TSP,4.15
한국중부발전㈜보령발전본부,3,2018-05-26 14:00,SOx,29.96
한국중부발전㈜보령발전본부,3,2018-05-26 14:00,NOx,27.53
한국중부발전㈜보령발전본부,3,2018-05-26 14:30,TSP,4.1
한국중부발전㈜보령발전본부,3,2018-05-26 14:30,SOx,30.37
한국중부발전㈜보령발전본부,3,2018-05-26 14:30,NOx,28.36
한국중부발전㈜보령발전본부,3,2018-05-26 15:00,TSP,4.37
한국중부발전㈜보령발전본부,3,2018-05-26 15:00,SOx,30.6
한국중부발전㈜보령발전본부,3,2018-05-26 15:00,NOx,28.25
한국중부발전㈜보령발전본부,3,2018-05-26 15:30,TSP,4.26
한국중부발전㈜보령발전본부,3,2018-05-26 15:30,SOx,31.13
한국중부발전㈜보령발전본부,3,2018-05-26 15:30,NOx,28.14
한국중부발전㈜보령발전본부,3,2018-05-26 16:00,TSP,4.32
한국중부발전㈜보령발전본부,3,2018-05-26 16:00,SOx,32.23
한국중부발전㈜보령발전본부,3,2018-05-26 16:00,NOx,26.74
한국중부발전㈜보령발전본부,3,2018-05-26 16:30,TSP,4.42
한국중부발전㈜보령발전본부,3,2018-05-26 16:30,SOx,32.01
한국중부발전㈜보령발전본부,3,2018-05-26 16:30,NOx,26.73
한국중부발전㈜보령발전본부,3,2018-05-26 17:00,TSP,4.61
한국중부발전㈜보령발전본부,3,2018-05-26 17:00,SOx,32.59
한국중부발전㈜보령발전본부,3,2018-05-26 17:00,NOx,26.88
한국중부발전㈜보령발전본부,3,2018-05-26 17:30,TSP,4.76
한국중부발전㈜보령발전본부,3,2018-05-26 17:30,SOx,31.97
한국중부발전㈜보령발전본부,3,2018-05-26 17:30,NOx,28.19
한국중부발전㈜보령발전본부,3,2018-05-26 18:00,TSP,4.39
한국중부발전㈜보령발전본부,3,2018-05-26 18:00,SOx,31.59
한국중부발전㈜보령발전본부,3,2018-05-26 18:00,NOx,29.25
한국중부발전㈜보령발전본부,3,2018-05-26 18:30,TSP,4.37
한국중부발전㈜보령발전본부,3,2018-05-26 18:30,SOx,32.05
한국중부발전㈜보령발전본부,3,2018-05-26 18:30,NOx,27.02
한국중부발전㈜보령발전본부,3,2018-05-26 19:00,TSP,4.46
한국중부발전㈜보령발전본부,3,2018-05-26 19:00,SOx,31.87
한국중부발전㈜보령발전본부,3,2018-05-26 19:00,NOx,28.09
한국중부발전㈜보령발전본부,3,2018-05-26 19:30,TSP,4.34
한국중부발전㈜보령발전본부,3,2018-05-26 19:30,SOx,31.54
한국중부발전㈜보령발전본부,3,2018-05-26 19:30,NOx,30.32
한국중부발전㈜보령발전본부,3,2018-05-26 20:00,TSP,4.18
한국중부발전㈜보령발전본부,3,2018-05-26 20:00,SOx,31.15
한국중부발전㈜보령발전본부,3,2018-05-26 20:00,NOx,28.56
한국중부발전㈜보령발전본부,3,2018-05-26 20:30,TSP,4.14
한국중부발전㈜보령발전본부,3,2018-05-26 20:30,SOx,30.79
한국중부발전㈜보령발전본부,3,2018-05-26 20:30,NOx,27.25
한국중부발전㈜보령발전본부,3,2018-05-26 21:00,TSP,4.13
한국중부발전㈜보령발전본부,3,2018-05-26 21:00,SOx,30.46
한국중부발전㈜보령발전본부,3,2018-05-26 21:00,NOx,29.27
한국중부발전㈜보령발전본부,3,2018-05-26 21:30,TSP,4.11
한국중부발전㈜보령발전본부,3,2018-05-26 21:30,SOx,29.23
한국중부발전㈜보령발전본부,3,2018-05-26 21:30,NOx,29.51
한국중부발전㈜보령발전본부,3,2018-05-26 22:00,TSP,4.15
한국중부발전㈜보령발전본부,3,2018-05-26 22:00,SOx,28.4
한국중부발전㈜보령발전본부,3,2018-05-26 22:00,NOx,27.99
한국중부발전㈜보령발전본부,3,2018-05-26 22:30,TSP,4.09
한국중부발전㈜보령발전본부,3,2018-05-26 22:30,SOx,27.22
한국중부발전㈜보령발전본부,3,2018-05-26 22:30,NOx,29.21
한국중부발전㈜보령발전본부,3,2018-05-26 23:00,TSP,4.18
한국중부발전㈜보령발전본부,3,2018-05-26 23:00,SOx,26.54
한국중부발전㈜보령발전본부,3,2018-05-26 23:00,NOx,27.56
한국중부발전㈜보령발전본부,3,2018-05-26 23:30,TSP,4.27
한국중부발전㈜보령발전본부,3,2018-05-26 23:30,SOx,25.17
한국중부발전㈜보령발전본부,3,2018-05-26 23:30,NOx,31.8
한국중부발전㈜보령발전본부,3,2018-05-27 00:00,TSP,4.44
한국중부발전㈜보령발전본부,3,2018-05-27 00:00,SOx,24.02
한국중부발전㈜보령발전본부,3,2018-05-27 00:00,NOx,28.93
한국중부발전㈜보령발전본부,3,2018-05-27 00:30,TSP,4.34
한국중부발전㈜보령발전본부,3,2018-05-27 00:30,SOx,22.92
한국중부발전㈜보령발전본부,3,2018-05-27 00:30,NOx,33.86
한국중부발전㈜보령발전본부,3,2018-05-27 01:00,TSP,4.44
한국중부발전㈜보령발전본부,3,2018-05-27 01:00,SOx,20.86
한국중부발전㈜보령발전본부,3,2018-05-27 01:00,NOx,29.89
한국중부발전㈜보령발전본부,3,2018-05-27 01:30,TSP,4.36
한국중부발전㈜보령발전본부,3,2018-05-27 01:30,SOx,20.6
한국중부발전㈜보령발전본부,3,2018-05-27 01:30,NOx,28.35
한국중부발전㈜보령발전본부,3,2018-05-27 02:00,TSP,4.89
한국중부발전㈜보령발전본부,3,2018-05-27 02:00,SOx,19.57
한국중부발전㈜보령발전본부,3,2018-05-27 02:00,NOx,33.22
한국중부발전㈜보령발전본부,3,2018-05-27 02:30,TSP,4.62
한국중부발전㈜보령발전본부,3,2018-05-27 02:30,SOx,19.03
한국중부발전㈜보령발전본부,3,2018-05-27 02:30,NOx,33.41
한국중부발전㈜보령발전본부,3,2018-05-27 03:00,TSP,5.13
한국중부발전㈜보령발전본부,3,2018-05-27 03:00,SOx,18.99
한국중부발전㈜보령발전본부,3,2018-05-27 03:00,NOx,32.67
한국중부발전㈜보령발전본부,3,2018-05-27 03:30,TSP,5.07
한국중부발전㈜보령발전본부,3,2018-05-27 03:30,SOx,20.41
한국중부발전㈜보령발전본부,3,2018-05-27 03:30,NOx,47.23
한국중부발전㈜보령발전본부,3,2018-05-27 04:00,TSP,5.27
한국중부발전㈜보령발전본부,3,2018-05-27 04:00,SOx,18.01
한국중부발전㈜보령발전본부,3,2018-05-27 04:00,NOx,33.9
한국중부발전㈜보령발전본부,3,2018-05-27 04:30,TSP,4.8
한국중부발전㈜보령발전본부,3,2018-05-27 04:30,SOx,18.45
한국중부발전㈜보령발전본부,3,2018-05-27 04:30,NOx,35.69
한국중부발전㈜보령발전본부,3,2018-05-27 05:00,TSP,4.84
한국중부발전㈜보령발전본부,3,2018-05-27 05:00,SOx,17.92
한국중부발전㈜보령발전본부,3,2018-05-27 05:00,NOx,37.54
한국중부발전㈜보령발전본부,3,2018-05-27 05:30,TSP,4.99
한국중부발전㈜보령발전본부,3,2018-05-27 05:30,SOx,17.2
한국중부발전㈜보령발전본부,3,2018-05-27 05:30,NOx,36.28
한국중부발전㈜보령발전본부,3,2018-05-27 06:00,TSP,5.07
한국중부발전㈜보령발전본부,3,2018-05-27 06:00,SOx,17.21
한국중부발전㈜보령발전본부,3,2018-05-27 06:00,NOx,36.31
한국중부발전㈜보령발전본부,3,2018-05-27 06:30,TSP,5.25
한국중부발전㈜보령발전본부,3,2018-05-27 06:30,SOx,17.27
한국중부발전㈜보령발전본부,3,2018-05-27 06:30,NOx,39.16
한국중부발전㈜보령발전본부,3,2018-05-27 07:00,TSP,5.4
한국중부발전㈜보령발전본부,3,2018-05-27 07:00,SOx,17.35
한국중부발전㈜보령발전본부,3,2018-05-27 07:00,NOx,37.26
한국중부발전㈜보령발전본부,3,2018-05-27 07:30,TSP,5.74
한국중부발전㈜보령발전본부,3,2018-05-27 07:30,SOx,17.02
한국중부발전㈜보령발전본부,3,2018-05-27 07:30,NOx,34.65
한국중부발전㈜보령발전본부,3,2018-05-27 08:00,TSP,5.56
한국중부발전㈜보령발전본부,3,2018-05-27 08:00,SOx,17.5
한국중부발전㈜보령발전본부,3,2018-05-27 08:00,NOx,32.14
한국중부발전㈜보령발전본부,3,2018-05-27 08:30,TSP,5.75
한국중부발전㈜보령발전본부,3,2018-05-27 08:30,SOx,17.43
한국중부발전㈜보령발전본부,3,2018-05-27 08:30,NOx,34.22
한국중부발전㈜보령발전본부,3,2018-05-27 09:00,TSP,5.9
한국중부발전㈜보령발전본부,3,2018-05-27 09:00,SOx,17.74
한국중부발전㈜보령발전본부,3,2018-05-27 09:00,NOx,47.18
한국중부발전㈜보령발전본부,3,2018-05-27 09:30,TSP,6.06
한국중부발전㈜보령발전본부,3,2018-05-27 09:30,SOx,16.55
한국중부발전㈜보령발전본부,3,2018-05-27 09:30,NOx,44.94
한국중부발전㈜보령발전본부,3,2018-05-27 10:00,TSP,5.67
한국중부발전㈜보령발전본부,3,2018-05-27 10:00,SOx,17.08
한국중부발전㈜보령발전본부,3,2018-05-27 10:00,NOx,41.21
한국중부발전㈜보령발전본부,3,2018-05-27 10:30,TSP,5.71
한국중부발전㈜보령발전본부,3,2018-05-27 10:30,SOx,16.93
한국중부발전㈜보령발전본부,3,2018-05-27 10:30,NOx,35.3
한국중부발전㈜보령발전본부,3,2018-05-27 11:00,TSP,5.71
한국중부발전㈜보령발전본부,3,2018-05-27 11:00,SOx,16.98
한국중부발전㈜보령발전본부,3,2018-05-27 11:00,NOx,37.28
한국중부발전㈜보령발전본부,3,2018-05-27 11:30,TSP,5.58
한국중부발전㈜보령발전본부,3,2018-05-27 11:30,SOx,17.57
한국중부발전㈜보령발전본부,3,2018-05-27 11:30,NOx,34.88
한국중부발전㈜보령발전본부,3,2018-05-27 12:00,TSP,5.58
한국중부발전㈜보령발전본부,3,2018-05-27 12:00,SOx,18.22
한국중부발전㈜보령발전본부,3,2018-05-27 12:00,NOx,38.54
한국중부발전㈜보령발전본부,3,2018-05-27 12:30,TSP,5.54
한국중부발전㈜보령발전본부,3,2018-05-27 12:30,SOx,18.22
한국중부발전㈜보령발전본부,3,2018-05-27 12:30,NOx,38.54
한국중부발전㈜보령발전본부,3,2018-05-27 13:00,TSP,5.76
한국중부발전㈜보령발전본부,3,2018-05-27 13:00,SOx,18.22
한국중부발전㈜보령발전본부,3,2018-05-27 13:00,NOx,38.54
한국중부발전㈜보령발전본부,3,2018-05-27 13:30,TSP,5.88
한국중부발전㈜보령발전본부,3,2018-05-27 13:30,SOx,20.96
한국중부발전㈜보령발전본부,3,2018-05-27 13:30,NOx,35.41
한국중부발전㈜보령발전본부,3,2018-05-27 14:00,TSP,6.18
한국중부발전㈜보령발전본부,3,2018-05-27 14:00,SOx,21.1
한국중부발전㈜보령발전본부,3,2018-05-27 14:00,NOx,34.64
한국중부발전㈜보령발전본부,3,2018-05-27 14:30,TSP,5.6
한국중부발전㈜보령발전본부,3,2018-05-27 14:30,SOx,22.07
한국중부발전㈜보령발전본부,3,2018-05-27 14:30,NOx,36.1
한국중부발전㈜보령발전본부,3,2018-05-27 15:00,TSP,5.7
한국중부발전㈜보령발전본부,3,2018-05-27 15:00,SOx,22.37
한국중부발전㈜보령발전본부,3,2018-05-27 15:00,NOx,32.69
한국중부발전㈜보령발전본부,3,2018-05-27 15:30,TSP,6.03
한국중부발전㈜보령발전본부,3,2018-05-27 15:30,SOx,22.61
한국중부발전㈜보령발전본부,3,2018-05-27 15:30,NOx,34.6
한국중부발전㈜보령발전본부,3,2018-05-27 16:00,TSP,6.6
한국중부발전㈜보령발전본부,3,2018-05-27 16:00,SOx,22.55
한국중부발전㈜보령발전본부,3,2018-05-27 16:00,NOx,34.38
한국중부발전㈜보령발전본부,3,2018-05-27 16:30,TSP,5.95
한국중부발전㈜보령발전본부,3,2018-05-27 16:30,SOx,22.98
한국중부발전㈜보령발전본부,3,2018-05-27 16:30,NOx,41.23
한국중부발전㈜보령발전본부,3,2018-05-27 17:00,TSP,6.06
한국중부발전㈜보령발전본부,3,2018-05-27 17:00,SOx,22.2
한국중부발전㈜보령발전본부,3,2018-05-27 17:00,NOx,37.57
한국중부발전㈜보령발전본부,3,2018-05-27 17:30,TSP,5.88
한국중부발전㈜보령발전본부,3,2018-05-27 17:30,SOx,22.34
한국중부발전㈜보령발전본부,3,2018-05-27 17:30,NOx,35.15
한국중부발전㈜보령발전본부,3,2018-05-27 18:00,TSP,5.83
한국중부발전㈜보령발전본부,3,2018-05-27 18:00,SOx,22.05
한국중부발전㈜보령발전본부,3,2018-05-27 18:00,NOx,35.52
한국중부발전㈜보령발전본부,3,2018-05-27 18:30,TSP,5.63
한국중부발전㈜보령발전본부,3,2018-05-27 18:30,SOx,21.74
한국중부발전㈜보령발전본부,3,2018-05-27 18:30,NOx,36.49
한국중부발전㈜보령발전본부,3,2018-05-27 19:00,TSP,5.69
한국중부발전㈜보령발전본부,3,2018-05-27 19:00,SOx,21.45
한국중부발전㈜보령발전본부,3,2018-05-27 19:00,NOx,31.52
한국중부발전㈜보령발전본부,3,2018-05-27 19:30,TSP,5.33
한국중부발전㈜보령발전본부,3,2018-05-27 19:30,SOx,21.77
한국중부발전㈜보령발전본부,3,2018-05-27 19:30,NOx,32.23
한국중부발전㈜보령발전본부,3,2018-05-27 20:00,TSP,5.14
한국중부발전㈜보령발전본부,3,2018-05-27 20:00,SOx,21.28
한국중부발전㈜보령발전본부,3,2018-05-27 20:00,NOx,29.83
한국중부발전㈜보령발전본부,3,2018-05-27 20:30,TSP,5.01
한국중부발전㈜보령발전본부,3,2018-05-27 20:30,SOx,21.55
한국중부발전㈜보령발전본부,3,2018-05-27 20:30,NOx,30.97
한국중부발전㈜보령발전본부,3,2018-05-27 21:00,TSP,4.84
한국중부발전㈜보령발전본부,3,2018-05-27 21:00,SOx,22.67
한국중부발전㈜보령발전본부,3,2018-05-27 21:00,NOx,30.6
한국중부발전㈜보령발전본부,3,2018-05-27 21:30,TSP,4.62
한국중부발전㈜보령발전본부,3,2018-05-27 21:30,SOx,23.22
한국중부발전㈜보령발전본부,3,2018-05-27 21:30,NOx,27.62
한국중부발전㈜보령발전본부,3,2018-05-27 22:00,TSP,4.52
한국중부발전㈜보령발전본부,3,2018-05-27 22:00,SOx,22.55
한국중부발전㈜보령발전본부,3,2018-05-27 22:00,NOx,26.57
한국중부발전㈜보령발전본부,3,2018-05-27 22:30,TSP,4.41
한국중부발전㈜보령발전본부,3,2018-05-27 22:30,SOx,22.32
한국중부발전㈜보령발전본부,3,2018-05-27 22:30,NOx,24.63
한국중부발전㈜보령발전본부,3,2018-05-27 23:00,TSP,4.32
한국중부발전㈜보령발전본부,3,2018-05-27 23:00,SOx,23.36
한국중부발전㈜보령발전본부,3,2018-05-27 23:00,NOx,23.58
한국중부발전㈜보령발전본부,3,2018-05-27 23:30,TSP,5.09
한국중부발전㈜보령발전본부,3,2018-05-27 23:30,SOx,23.17
한국중부발전㈜보령발전본부,3,2018-05-27 23:30,NOx,25.23
한국중부발전㈜보령발전본부,3,2018-05-28 00:00,TSP,4.66
한국중부발전㈜보령발전본부,3,2018-05-28 00:00,SOx,24.44
한국중부발전㈜보령발전본부,3,2018-05-28 00:00,NOx,23.45
한국중부발전㈜보령발전본부,3,2018-05-28 00:30,TSP,4.65
한국중부발전㈜보령발전본부,3,2018-05-28 00:30,SOx,24.35
한국중부발전㈜보령발전본부,3,2018-05-28 00:30,NOx,25.1
한국중부발전㈜보령발전본부,3,2018-05-28 01:00,TSP,4.7
한국중부발전㈜보령발전본부,3,2018-05-28 01:00,SOx,25.39
한국중부발전㈜보령발전본부,3,2018-05-28 01:00,NOx,25.68
한국중부발전㈜보령발전본부,3,2018-05-28 01:30,TSP,4.87
한국중부발전㈜보령발전본부,3,2018-05-28 01:30,SOx,25.04
한국중부발전㈜보령발전본부,3,2018-05-28 01:30,NOx,26.5
한국중부발전㈜보령발전본부,3,2018-05-28 02:00,TSP,4.6
한국중부발전㈜보령발전본부,3,2018-05-28 02:00,SOx,25.4
한국중부발전㈜보령발전본부,3,2018-05-28 02:00,NOx,24.56
한국중부발전㈜보령발전본부,3,2018-05-28 02:30,TSP,4.13
한국중부발전㈜보령발전본부,3,2018-05-28 02:30,SOx,25.33
한국중부발전㈜보령발전본부,3,2018-05-28 02:30,NOx,24.2
한국중부발전㈜보령발전본부,3,2018-05-28 03:00,TSP,4.09
한국중부발전㈜보령발전본부,3,2018-05-28 03:00,SOx,26.19
한국중부발전㈜보령발전본부,3,2018-05-28 03:00,NOx,24.77
한국중부발전㈜보령발전본부,3,2018-05-28 03:30,TSP,4.01
한국중부발전㈜보령발전본부,3,2018-05-28 03:30,SOx,30.4
한국중부발전㈜보령발전본부,3,2018-05-28 03:30,NOx,25.2
한국중부발전㈜보령발전본부,3,2018-05-28 04:00,TSP,4.12
한국중부발전㈜보령발전본부,3,2018-05-28 04:00,SOx,31.98
한국중부발전㈜보령발전본부,3,2018-05-28 04:00,NOx,26.83
한국중부발전㈜보령발전본부,3,2018-05-28 04:30,TSP,3.98
한국중부발전㈜보령발전본부,3,2018-05-28 04:30,SOx,31.63
한국중부발전㈜보령발전본부,3,2018-05-28 04:30,NOx,25.68
한국중부발전㈜보령발전본부,3,2018-05-28 05:00,TSP,4.43
한국중부발전㈜보령발전본부,3,2018-05-28 05:00,SOx,32.17
한국중부발전㈜보령발전본부,3,2018-05-28 05:00,NOx,28.74
한국중부발전㈜보령발전본부,3,2018-05-28 05:30,TSP,4.17
한국중부발전㈜보령발전본부,3,2018-05-28 05:30,SOx,31.89
한국중부발전㈜보령발전본부,3,2018-05-28 05:30,NOx,27.0
한국중부발전㈜보령발전본부,3,2018-05-28 06:00,TSP,4.31
한국중부발전㈜보령발전본부,3,2018-05-28 06:00,SOx,32.05
한국중부발전㈜보령발전본부,3,2018-05-28 06:00,NOx,26.54
한국중부발전㈜보령발전본부,3,2018-05-28 06:30,TSP,4.38
한국중부발전㈜보령발전본부,3,2018-05-28 06:30,SOx,31.27
한국중부발전㈜보령발전본부,3,2018-05-28 06:30,NOx,22.23
한국중부발전㈜보령발전본부,3,2018-05-28 07:00,TSP,4.63
한국중부발전㈜보령발전본부,3,2018-05-28 07:00,SOx,32.05
한국중부발전㈜보령발전본부,3,2018-05-28 07:00,NOx,25.71
한국중부발전㈜보령발전본부,3,2018-05-28 07:30,TSP,4.61
한국중부발전㈜보령발전본부,3,2018-05-28 07:30,SOx,31.13
한국중부발전㈜보령발전본부,3,2018-05-28 07:30,NOx,26.98
한국중부발전㈜보령발전본부,3,2018-05-28 08:00,TSP,4.76
한국중부발전㈜보령발전본부,3,2018-05-28 08:00,SOx,30.68
한국중부발전㈜보령발전본부,3,2018-05-28 08:00,NOx,29.51
한국중부발전㈜보령발전본부,3,2018-05-28 08:30,TSP,4.89
한국중부발전㈜보령발전본부,3,2018-05-28 08:30,SOx,30.59
한국중부발전㈜보령발전본부,3,2018-05-28 08:30,NOx,34.79
한국중부발전㈜보령발전본부,3,2018-05-28 09:00,TSP,4.93
한국중부발전㈜보령발전본부,3,2018-05-28 09:00,SOx,27.13
한국중부발전㈜보령발전본부,3,2018-05-28 09:00,NOx,30.2
한국중부발전㈜보령발전본부,3,2018-05-28 09:30,TSP,4.89
한국중부발전㈜보령발전본부,3,2018-05-28 09:30,SOx,28.87
한국중부발전㈜보령발전본부,3,2018-05-28 09:30,NOx,26.94
한국중부발전㈜보령발전본부,3,2018-05-28 10:00,TSP,5.29
한국중부발전㈜보령발전본부,3,2018-05-28 10:00,SOx,30.82
한국중부발전㈜보령발전본부,3,2018-05-28 10:00,NOx,27.33
한국중부발전㈜보령발전본부,3,2018-05-28 10:30,TSP,5.58
한국중부발전㈜보령발전본부,3,2018-05-28 10:30,SOx,31.76
한국중부발전㈜보령발전본부,3,2018-05-28 10:30,NOx,26.06
한국중부발전㈜보령발전본부,3,2018-05-28 11:00,TSP,5.45
한국중부발전㈜보령발전본부,3,2018-05-28 11:00,SOx,33.26
한국중부발전㈜보령발전본부,3,2018-05-28 11:00,NOx,27.16
한국중부발전㈜보령발전본부,3,2018-05-28 11:30,TSP,5.21
한국중부발전㈜보령발전본부,3,2018-05-28 11:30,SOx,34.49
한국중부발전㈜보령발전본부,3,2018-05-28 11:30,NOx,29.39
한국중부발전㈜보령발전본부,3,2018-05-28 12:00,TSP,5.38
한국중부발전㈜보령발전본부,3,2018-05-28 12:00,SOx,35.56
한국중부발전㈜보령발전본부,3,2018-05-28 12:00,NOx,27.92
한국중부발전㈜보령발전본부,3,2018-05-28 12:30,TSP,4.7
한국중부발전㈜보령발전본부,3,2018-05-28 12:30,SOx,35.56
한국중부발전㈜보령발전본부,3,2018-05-28 12:30,NOx,27.92
한국중부발전㈜보령발전본부,3,2018-05-28 13:00,TSP,4.67
한국중부발전㈜보령발전본부,3,2018-05-28 13:00,SOx,35.56
한국중부발전㈜보령발전본부,3,2018-05-28 13:00,NOx,27.92
한국중부발전㈜보령발전본부,3,2018-05-28 13:30,TSP,4.55
한국중부발전㈜보령발전본부,3,2018-05-28 13:30,SOx,34.13
한국중부발전㈜보령발전본부,3,2018-05-28 13:30,NOx,26.71
한국중부발전㈜보령발전본부,3,2018-05-28 14:00,TSP,4.56
한국중부발전㈜보령발전본부,3,2018-05-28 14:00,SOx,34.34
한국중부발전㈜보령발전본부,3,2018-05-28 14:00,NOx,29.19
한국중부발전㈜보령발전본부,3,2018-05-28 14:30,TSP,4.47
한국중부발전㈜보령발전본부,3,2018-05-28 14:30,SOx,37.31
한국중부발전㈜보령발전본부,3,2018-05-28 14:30,NOx,27.43
한국중부발전㈜보령발전본부,3,2018-05-28 15:00,TSP,4.56
한국중부발전㈜보령발전본부,3,2018-05-28 15:00,SOx,36.59
한국중부발전㈜보령발전본부,3,2018-05-28 15:00,NOx,29.1
한국중부발전㈜보령발전본부,3,2018-05-28 15:30,TSP,4.49
한국중부발전㈜보령발전본부,3,2018-05-28 15:30,SOx,37.34
한국중부발전㈜보령발전본부,3,2018-05-28 15:30,NOx,29.22
한국중부발전㈜보령발전본부,3,2018-05-28 16:00,TSP,4.22
한국중부발전㈜보령발전본부,3,2018-05-28 16:00,SOx,36.56
한국중부발전㈜보령발전본부,3,2018-05-28 16:00,NOx,30.21
한국중부발전㈜보령발전본부,3,2018-05-28 16:30,TSP,4.11
한국중부발전㈜보령발전본부,3,2018-05-28 16:30,SOx,37.35
한국중부발전㈜보령발전본부,3,2018-05-28 16:30,NOx,27.73
한국중부발전㈜보령발전본부,3,2018-05-28 17:00,TSP,4.18
한국중부발전㈜보령발전본부,3,2018-05-28 17:00,SOx,37.6
한국중부발전㈜보령발전본부,3,2018-05-28 17:00,NOx,27.95
한국중부발전㈜보령발전본부,3,2018-05-28 17:30,TSP,4.24
한국중부발전㈜보령발전본부,3,2018-05-28 17:30,SOx,36.61
한국중부발전㈜보령발전본부,3,2018-05-28 17:30,NOx,28.96
한국중부발전㈜보령발전본부,3,2018-05-28 18:00,TSP,4.17
한국중부발전㈜보령발전본부,3,2018-05-28 18:00,SOx,37.92
한국중부발전㈜보령발전본부,3,2018-05-28 18:00,NOx,26.81
한국중부발전㈜보령발전본부,3,2018-05-28 18:30,TSP,4.29
한국중부발전㈜보령발전본부,3,2018-05-28 18:30,SOx,36.95
한국중부발전㈜보령발전본부,3,2018-05-28 18:30,NOx,27.59
한국중부발전㈜보령발전본부,3,2018-05-28 19:00,TSP,4.38
한국중부발전㈜보령발전본부,3,2018-05-28 19:00,SOx,36.35
한국중부발전㈜보령발전본부,3,2018-05-28 19:00,NOx,28.72
한국중부발전㈜보령발전본부,3,2018-05-28 19:30,TSP,4.38
한국중부발전㈜보령발전본부,3,2018-05-28 19:30,SOx,37.81
한국중부발전㈜보령발전본부,3,2018-05-28 19:30,NOx,32.65
한국중부발전㈜보령발전본부,3,2018-05-28 20:00,TSP,4.34
한국중부발전㈜보령발전본부,3,2018-05-28 20:00,SOx,36.63
한국중부발전㈜보령발전본부,3,2018-05-28 20:00,NOx,29.95
한국중부발전㈜보령발전본부,3,2018-05-28 20:30,TSP,4.5
한국중부발전㈜보령발전본부,3,2018-05-28 20:30,SOx,37.04
한국중부발전㈜보령발전본부,3,2018-05-28 20:30,NOx,27.22
한국중부발전㈜보령발전본부,3,2018-05-28 21:00,TSP,4.51
한국중부발전㈜보령발전본부,3,2018-05-28 21:00,SOx,37.62
한국중부발전㈜보령발전본부,3,2018-05-28 21:00,NOx,29.13
한국중부발전㈜보령발전본부,3,2018-05-28 21:30,TSP,4.28
한국중부발전㈜보령발전본부,3,2018-05-28 21:30,SOx,36.34
한국중부발전㈜보령발전본부,3,2018-05-28 21:30,NOx,26.4
한국중부발전㈜보령발전본부,3,2018-05-28 22:00,TSP,4.24
한국중부발전㈜보령발전본부,3,2018-05-28 22:00,SOx,37.0
한국중부발전㈜보령발전본부,3,2018-05-28 22:00,NOx,28.35
한국중부발전㈜보령발전본부,3,2018-05-28 22:30,TSP,4.4
한국중부발전㈜보령발전본부,3,2018-05-28 22:30,SOx,35.5
한국중부발전㈜보령발전본부,3,2018-05-28 22:30,NOx,28.05
한국중부발전㈜보령발전본부,3,2018-05-28 23:00,TSP,4.4
한국중부발전㈜보령발전본부,3,2018-05-28 23:00,SOx,34.7
한국중부발전㈜보령발전본부,3,2018-05-28 23:00,NOx,27.69
한국중부발전㈜보령발전본부,3,2018-05-28 23:30,TSP,4.4
한국중부발전㈜보령발전본부,3,2018-05-28 23:30,SOx,32.98
한국중부발전㈜보령발전본부,3,2018-05-28 23:30,NOx,27.65
한국중부발전㈜보령발전본부,3,2018-05-29 00:00,TSP,4.34
한국중부발전㈜보령발전본부,3,2018-05-29 00:00,SOx,31.03
한국중부발전㈜보령발전본부,3,2018-05-29 00:00,NOx,27.25
한국중부발전㈜보령발전본부,3,2018-05-29 00:30,TSP,4.5
한국중부발전㈜보령발전본부,3,2018-05-29 00:30,SOx,27.76
한국중부발전㈜보령발전본부,3,2018-05-29 00:30,NOx,25.42
한국중부발전㈜보령발전본부,3,2018-05-29 01:00,TSP,4.31
한국중부발전㈜보령발전본부,3,2018-05-29 01:00,SOx,25.7
한국중부발전㈜보령발전본부,3,2018-05-29 01:00,NOx,27.6
한국중부발전㈜보령발전본부,3,2018-05-29 01:30,TSP,4.25
한국중부발전㈜보령발전본부,3,2018-05-29 01:30,SOx,25.03
한국중부발전㈜보령발전본부,3,2018-05-29 01:30,NOx,25.15
한국중부발전㈜보령발전본부,3,2018-05-29 02:00,TSP,4.26
한국중부발전㈜보령발전본부,3,2018-05-29 02:00,SOx,23.95
한국중부발전㈜보령발전본부,3,2018-05-29 02:00,NOx,24.47
한국중부발전㈜보령발전본부,3,2018-05-29 02:30,TSP,4.31
한국중부발전㈜보령발전본부,3,2018-05-29 02:30,SOx,23.28
한국중부발전㈜보령발전본부,3,2018-05-29 02:30,NOx,25.11
한국중부발전㈜보령발전본부,3,2018-05-29 03:00,TSP,4.04
한국중부발전㈜보령발전본부,3,2018-05-29 03:00,SOx,22.83
한국중부발전㈜보령발전본부,3,2018-05-29 03:00,NOx,23.4
한국중부발전㈜보령발전본부,3,2018-05-29 03:30,TSP,3.93
한국중부발전㈜보령발전본부,3,2018-05-29 03:30,SOx,23.6
한국중부발전㈜보령발전본부,3,2018-05-29 03:30,NOx,23.43
한국중부발전㈜보령발전본부,3,2018-05-29 04:00,TSP,3.78
한국중부발전㈜보령발전본부,3,2018-05-29 04:00,SOx,25.9
한국중부발전㈜보령발전본부,3,2018-05-29 04:00,NOx,24.23
한국중부발전㈜보령발전본부,3,2018-05-29 04:30,TSP,3.8
한국중부발전㈜보령발전본부,3,2018-05-29 04:30,SOx,27.89
한국중부발전㈜보령발전본부,3,2018-05-29 04:30,NOx,22.81
한국중부발전㈜보령발전본부,3,2018-05-29 05:00,TSP,3.67
한국중부발전㈜보령발전본부,3,2018-05-29 05:00,SOx,30.04
한국중부발전㈜보령발전본부,3,2018-05-29 05:00,NOx,24.05
한국중부발전㈜보령발전본부,3,2018-05-29 05:30,TSP,3.76
한국중부발전㈜보령발전본부,3,2018-05-29 05:30,SOx,27.14
한국중부발전㈜보령발전본부,3,2018-05-29 05:30,NOx,23.53
한국중부발전㈜보령발전본부,3,2018-05-29 06:00,TSP,3.86
한국중부발전㈜보령발전본부,3,2018-05-29 06:00,SOx,30.85
한국중부발전㈜보령발전본부,3,2018-05-29 06:00,NOx,23.11
한국중부발전㈜보령발전본부,3,2018-05-29 06:30,TSP,3.9
한국중부발전㈜보령발전본부,3,2018-05-29 06:30,SOx,33.93
한국중부발전㈜보령발전본부,3,2018-05-29 06:30,NOx,24.98
한국중부발전㈜보령발전본부,3,2018-05-29 07:00,TSP,4.02
한국중부발전㈜보령발전본부,3,2018-05-29 07:00,SOx,34.84
한국중부발전㈜보령발전본부,3,2018-05-29 07:00,NOx,23.83
한국중부발전㈜보령발전본부,3,2018-05-29 07:30,TSP,4.14
한국중부발전㈜보령발전본부,3,2018-05-29 07:30,SOx,34.68
한국중부발전㈜보령발전본부,3,2018-05-29 07:30,NOx,24.23
한국중부발전㈜보령발전본부,3,2018-05-29 08:00,TSP,4.1
한국중부발전㈜보령발전본부,3,2018-05-29 08:00,SOx,35.94
한국중부발전㈜보령발전본부,3,2018-05-29 08:00,NOx,25.36
한국중부발전㈜보령발전본부,3,2018-05-29 08:30,TSP,4.03
한국중부발전㈜보령발전본부,3,2018-05-29 08:30,SOx,35.58
한국중부발전㈜보령발전본부,3,2018-05-29 08:30,NOx,24.36
한국중부발전㈜보령발전본부,3,2018-05-29 09:00,TSP,3.95
한국중부발전㈜보령발전본부,3,2018-05-29 09:00,SOx,35.17
한국중부발전㈜보령발전본부,3,2018-05-29 09:00,NOx,25.5
한국중부발전㈜보령발전본부,3,2018-05-29 09:30,TSP,4.35
한국중부발전㈜보령발전본부,3,2018-05-29 09:30,SOx,33.04
한국중부발전㈜보령발전본부,3,2018-05-29 09:30,NOx,30.74
한국중부발전㈜보령발전본부,3,2018-05-29 10:00,TSP,4.47
한국중부발전㈜보령발전본부,3,2018-05-29 10:00,SOx,34.36
한국중부발전㈜보령발전본부,3,2018-05-29 10:00,NOx,26.99
한국중부발전㈜보령발전본부,3,2018-05-29 10:30,TSP,4.64
한국중부발전㈜보령발전본부,3,2018-05-29 10:30,SOx,35.04
한국중부발전㈜보령발전본부,3,2018-05-29 10:30,NOx,26.3
한국중부발전㈜보령발전본부,3,2018-05-29 11:00,TSP,4.56
한국중부발전㈜보령발전본부,3,2018-05-29 11:00,SOx,34.43
한국중부발전㈜보령발전본부,3,2018-05-29 11:00,NOx,27.9
한국중부발전㈜보령발전본부,3,2018-05-29 11:30,TSP,4.6
한국중부발전㈜보령발전본부,3,2018-05-29 11:30,SOx,34.09
한국중부발전㈜보령발전본부,3,2018-05-29 11:30,NOx,25.97
한국중부발전㈜보령발전본부,3,2018-05-29 12:00,TSP,4.6
한국중부발전㈜보령발전본부,3,2018-05-29 12:00,SOx,32.88
한국중부발전㈜보령발전본부,3,2018-05-29 12:00,NOx,25.2
한국중부발전㈜보령발전본부,3,2018-05-29 12:30,TSP,4.13
한국중부발전㈜보령발전본부,3,2018-05-29 12:30,SOx,32.88
한국중부발전㈜보령발전본부,3,2018-05-29 12:30,NOx,25.2
한국중부발전㈜보령발전본부,3,2018-05-29 13:00,TSP,3.92
한국중부발전㈜보령발전본부,3,2018-05-29 13:00,SOx,32.88
한국중부발전㈜보령발전본부,3,2018-05-29 13:00,NOx,25.2
한국중부발전㈜보령발전본부,3,2018-05-29 13:30,TSP,3.93
한국중부발전㈜보령발전본부,3,2018-05-29 13:30,SOx,26.54
한국중부발전㈜보령발전본부,3,2018-05-29 13:30,NOx,24.39
한국중부발전㈜보령발전본부,3,2018-05-29 14:00,TSP,3.78
한국중부발전㈜보령발전본부,3,2018-05-29 14:00,SOx,24.69
한국중부발전㈜보령발전본부,3,2018-05-29 14:00,NOx,23.81
한국중부발전㈜보령발전본부,3,2018-05-29 14:30,TSP,3.74
한국중부발전㈜보령발전본부,3,2018-05-29 14:30,SOx,22.54
한국중부발전㈜보령발전본부,3,2018-05-29 14:30,NOx,24.32
한국중부발전㈜보령발전본부,3,2018-05-29 15:00,TSP,3.97
한국중부발전㈜보령발전본부,3,2018-05-29 15:00,SOx,23.37
한국중부발전㈜보령발전본부,3,2018-05-29 15:00,NOx,25.11
한국중부발전㈜보령발전본부,3,2018-05-29 15:30,TSP,3.85
한국중부발전㈜보령발전본부,3,2018-05-29 15:30,SOx,24.38
한국중부발전㈜보령발전본부,3,2018-05-29 15:30,NOx,23.82
한국중부발전㈜보령발전본부,3,2018-05-29 16:00,TSP,3.84
한국중부발전㈜보령발전본부,3,2018-05-29 16:00,SOx,23.1
한국중부발전㈜보령발전본부,3,2018-05-29 16:00,NOx,24.85
한국중부발전㈜보령발전본부,3,2018-05-29 16:30,TSP,3.86
한국중부발전㈜보령발전본부,3,2018-05-29 16:30,SOx,21.43
한국중부발전㈜보령발전본부,3,2018-05-29 16:30,NOx,24.57
한국중부발전㈜보령발전본부,3,2018-05-29 17:00,TSP,3.9
한국중부발전㈜보령발전본부,3,2018-05-29 17:00,SOx,20.32
한국중부발전㈜보령발전본부,3,2018-05-29 17:00,NOx,23.11
한국중부발전㈜보령발전본부,3,2018-05-29 17:30,TSP,3.83
한국중부발전㈜보령발전본부,3,2018-05-29 17:30,SOx,19.39
한국중부발전㈜보령발전본부,3,2018-05-29 17:30,NOx,23.83
한국중부발전㈜보령발전본부,3,2018-05-29 18:00,TSP,3.57
한국중부발전㈜보령발전본부,3,2018-05-29 18:00,SOx,20.35
한국중부발전㈜보령발전본부,3,2018-05-29 18:00,NOx,24.31
한국중부발전㈜보령발전본부,3,2018-05-29 18:30,TSP,3.63
한국중부발전㈜보령발전본부,3,2018-05-29 18:30,SOx,20.36
한국중부발전㈜보령발전본부,3,2018-05-29 18:30,NOx,25.04
한국중부발전㈜보령발전본부,3,2018-05-29 19:00,TSP,3.6
한국중부발전㈜보령발전본부,3,2018-05-29 19:00,SOx,20.01
한국중부발전㈜보령발전본부,3,2018-05-29 19:00,NOx,25.53
한국중부발전㈜보령발전본부,3,2018-05-29 19:30,TSP,3.62
한국중부발전㈜보령발전본부,3,2018-05-29 19:30,SOx,19.49
한국중부발전㈜보령발전본부,3,2018-05-29 19:30,NOx,23.97
한국중부발전㈜보령발전본부,3,2018-05-29 20:00,TSP,3.5
한국중부발전㈜보령발전본부,3,2018-05-29 20:00,SOx,18.34
한국중부발전㈜보령발전본부,3,2018-05-29 20:00,NOx,23.29
한국중부발전㈜보령발전본부,3,2018-05-29 20:30,TSP,3.63
한국중부발전㈜보령발전본부,3,2018-05-29 20:30,SOx,18.35
한국중부발전㈜보령발전본부,3,2018-05-29 20:30,NOx,24.28
한국중부발전㈜보령발전본부,3,2018-05-29 21:00,TSP,3.49
한국중부발전㈜보령발전본부,3,2018-05-29 21:00,SOx,17.62
한국중부발전㈜보령발전본부,3,2018-05-29 21:00,NOx,23.14
한국중부발전㈜보령발전본부,3,2018-05-29 21:30,TSP,3.5
한국중부발전㈜보령발전본부,3,2018-05-29 21:30,SOx,17.34
한국중부발전㈜보령발전본부,3,2018-05-29 21:30,NOx,23.29
한국중부발전㈜보령발전본부,3,2018-05-29 22:00,TSP,3.49
한국중부발전㈜보령발전본부,3,2018-05-29 22:00,SOx,17.44
한국중부발전㈜보령발전본부,3,2018-05-29 22:00,NOx,24.7
한국중부발전㈜보령발전본부,3,2018-05-29 22:30,TSP,3.55
한국중부발전㈜보령발전본부,3,2018-05-29 22:30,SOx,18.05
한국중부발전㈜보령발전본부,3,2018-05-29 22:30,NOx,24.28
한국중부발전㈜보령발전본부,3,2018-05-29 23:00,TSP,3.51
한국중부발전㈜보령발전본부,3,2018-05-29 23:00,SOx,18.02
한국중부발전㈜보령발전본부,3,2018-05-29 23:00,NOx,23.82
한국중부발전㈜보령발전본부,3,2018-05-29 23:30,TSP,3.45
한국중부발전㈜보령발전본부,3,2018-05-29 23:30,SOx,17.39
한국중부발전㈜보령발전본부,3,2018-05-29 23:30,NOx,23.84
한국중부발전㈜보령발전본부,3,2018-05-30 00:00,TSP,3.41
한국중부발전㈜보령발전본부,3,2018-05-30 00:00,SOx,17.36
한국중부발전㈜보령발전본부,3,2018-05-30 00:00,NOx,23.23
한국중부발전㈜보령발전본부,3,2018-05-30 00:30,TSP,3.52
한국중부발전㈜보령발전본부,3,2018-05-30 00:30,SOx,16.39
한국중부발전㈜보령발전본부,3,2018-05-30 00:30,NOx,24.75
한국중부발전㈜보령발전본부,3,2018-05-30 01:00,TSP,3.62
한국중부발전㈜보령발전본부,3,2018-05-30 01:00,SOx,16.87
한국중부발전㈜보령발전본부,3,2018-05-30 01:00,NOx,24.51
한국중부발전㈜보령발전본부,3,2018-05-30 01:30,TSP,3.62
한국중부발전㈜보령발전본부,3,2018-05-30 01:30,SOx,17.62
한국중부발전㈜보령발전본부,3,2018-05-30 01:30,NOx,24.01
한국중부발전㈜보령발전본부,3,2018-05-30 02:00,TSP,3.66
한국중부발전㈜보령발전본부,3,2018-05-30 02:00,SOx,18.86
한국중부발전㈜보령발전본부,3,2018-05-30 02:00,NOx,25.09
한국중부발전㈜보령발전본부,3,2018-05-30 02:30,TSP,3.74
한국중부발전㈜보령발전본부,3,2018-05-30 02:30,SOx,20.77
한국중부발전㈜보령발전본부,3,2018-05-30 02:30,NOx,24.96
한국중부발전㈜보령발전본부,3,2018-05-30 03:00,TSP,3.83
한국중부발전㈜보령발전본부,3,2018-05-30 03:00,SOx,19.14
한국중부발전㈜보령발전본부,3,2018-05-30 03:00,NOx,26.73
한국중부발전㈜보령발전본부,3,2018-05-30 03:30,TSP,3.82
한국중부발전㈜보령발전본부,3,2018-05-30 03:30,SOx,17.4
한국중부발전㈜보령발전본부,3,2018-05-30 03:30,NOx,24.78
한국중부발전㈜보령발전본부,3,2018-05-30 04:00,TSP,3.71
한국중부발전㈜보령발전본부,3,2018-05-30 04:00,SOx,19.16
한국중부발전㈜보령발전본부,3,2018-05-30 04:00,NOx,25.25
한국중부발전㈜보령발전본부,3,2018-05-30 04:30,TSP,3.81
한국중부발전㈜보령발전본부,3,2018-05-30 04:30,SOx,21.44
한국중부발전㈜보령발전본부,3,2018-05-30 04:30,NOx,27.94
한국중부발전㈜보령발전본부,3,2018-05-30 05:00,TSP,3.83
한국중부발전㈜보령발전본부,3,2018-05-30 05:00,SOx,22.42
한국중부발전㈜보령발전본부,3,2018-05-30 05:00,NOx,27.19
한국중부발전㈜보령발전본부,3,2018-05-30 05:30,TSP,3.83
한국중부발전㈜보령발전본부,3,2018-05-30 05:30,SOx,23.66
한국중부발전㈜보령발전본부,3,2018-05-30 05:30,NOx,26.01
한국중부발전㈜보령발전본부,3,2018-05-30 06:00,TSP,3.81
한국중부발전㈜보령발전본부,3,2018-05-30 06:00,SOx,24.77
한국중부발전㈜보령발전본부,3,2018-05-30 06:00,NOx,26.84
한국중부발전㈜보령발전본부,3,2018-05-30 06:30,TSP,3.87
한국중부발전㈜보령발전본부,3,2018-05-30 06:30,SOx,24.88
한국중부발전㈜보령발전본부,3,2018-05-30 06:30,NOx,26.9
한국중부발전㈜보령발전본부,3,2018-05-30 07:00,TSP,3.81
한국중부발전㈜보령발전본부,3,2018-05-30 07:00,SOx,24.45
한국중부발전㈜보령발전본부,3,2018-05-30 07:00,NOx,26.1
한국중부발전㈜보령발전본부,3,2018-05-30 07:30,TSP,3.85
한국중부발전㈜보령발전본부,3,2018-05-30 07:30,SOx,24.84
한국중부발전㈜보령발전본부,3,2018-05-30 07:30,NOx,25.34
한국중부발전㈜보령발전본부,3,2018-05-30 08:00,TSP,3.81
한국중부발전㈜보령발전본부,3,2018-05-30 08:00,SOx,25.08
한국중부발전㈜보령발전본부,3,2018-05-30 08:00,NOx,26.77
한국중부발전㈜보령발전본부,3,2018-05-30 08:30,TSP,3.84
한국중부발전㈜보령발전본부,3,2018-05-30 08:30,SOx,24.54
한국중부발전㈜보령발전본부,3,2018-05-30 08:30,NOx,29.93
한국중부발전㈜보령발전본부,3,2018-05-30 09:00,TSP,3.88
한국중부발전㈜보령발전본부,3,2018-05-30 09:00,SOx,25.24
한국중부발전㈜보령발전본부,3,2018-05-30 09:00,NOx,27.38
한국중부발전㈜보령발전본부,3,2018-05-30 09:30,TSP,3.88
한국중부발전㈜보령발전본부,3,2018-05-30 09:30,SOx,25.24
한국중부발전㈜보령발전본부,3,2018-05-30 09:30,NOx,27.38
한국중부발전㈜보령발전본부,3,2018-05-30 10:00,TSP,3.88
한국중부발전㈜보령발전본부,3,2018-05-30 10:00,SOx,25.24
한국중부발전㈜보령발전본부,3,2018-05-30 10:00,NOx,27.38
한국중부발전㈜보령발전본부,3,2018-05-30 10:30,TSP,3.88
한국중부발전㈜보령발전본부,3,2018-05-30 10:30,SOx,25.24
한국중부발전㈜보령발전본부,3,2018-05-30 10:30,NOx,27.38
한국중부발전㈜보령발전본부,3,2018-05-30 11:00,TSP,3.88
한국중부발전㈜보령발전본부,3,2018-05-30 11:00,SOx,25.24
한국중부발전㈜보령발전본부,3,2018-05-30 11:00,NOx,27.38
한국중부발전㈜보령발전본부,3,2018-05-30 11:30,TSP,3.88
한국중부발전㈜보령발전본부,3,2018-05-30 11:30,SOx,25.24
한국중부발전㈜보령발전본부,3,2018-05-30 11:30,NOx,27.38
한국중부발전㈜보령발전본부,3,2018-05-30 12:00,TSP,3.88
한국중부발전㈜보령발전본부,3,2018-05-30 12:00,SOx,25.24
한국중부발전㈜보령발전본부,3,2018-05-30 12:00,NOx,27.38
한국중부발전㈜보령발전본부,3,2018-05-30 12:30,TSP,3.88
한국중부발전㈜보령발전본부,3,2018-05-30 12:30,SOx,25.24
한국중부발전㈜보령발전본부,3,2018-05-30 12:30,NOx,27.38
한국중부발전㈜보령발전본부,3,2018-05-30 13:00,TSP,3.88
한국중부발전㈜보령발전본부,3,2018-05-30 13:00,SOx,25.24
한국중부발전㈜보령발전본부,3,2018-05-30 13:00,NOx,27.38
한국중부발전㈜보령발전본부,3,2018-05-30 13:30,TSP,3.88
한국중부발전㈜보령발전본부,3,2018-05-30 13:30,SOx,25.24
한국중부발전㈜보령발전본부,3,2018-05-30 13:30,NOx,27.38
한국중부발전㈜보령발전본부,3,2018-05-30 14:00,TSP,3.88
한국중부발전㈜보령발전본부,3,2018-05-30 14:00,SOx,25.24
한국중부발전㈜보령발전본부,3,2018-05-30 14:00,NOx,27.38
한국중부발전㈜보령발전본부,3,2018-05-30 14:30,TSP,3.88
한국중부발전㈜보령발전본부,3,2018-05-30 14:30,SOx,17.03
한국중부발전㈜보령발전본부,3,2018-05-30 14:30,NOx,27.41
한국중부발전㈜보령발전본부,3,2018-05-30 15:00,TSP,3.89
한국중부발전㈜보령발전본부,3,2018-05-30 15:00,SOx,17.86
한국중부발전㈜보령발전본부,3,2018-05-30 15:00,NOx,24.81
한국중부발전㈜보령발전본부,3,2018-05-30 15:30,TSP,3.76
한국중부발전㈜보령발전본부,3,2018-05-30 15:30,SOx,18.87
한국중부발전㈜보령발전본부,3,2018-05-30 15:30,NOx,25.35
한국중부발전㈜보령발전본부,3,2018-05-30 16:00,TSP,3.62
한국중부발전㈜보령발전본부,3,2018-05-30 16:00,SOx,20.47
한국중부발전㈜보령발전본부,3,2018-05-30 16:00,NOx,25.7
한국중부발전㈜보령발전본부,3,2018-05-30 16:30,TSP,3.55
한국중부발전㈜보령발전본부,3,2018-05-30 16:30,SOx,20.9
한국중부발전㈜보령발전본부,3,2018-05-30 16:30,NOx,23.45
한국중부발전㈜보령발전본부,3,2018-05-30 17:00,TSP,3.82
한국중부발전㈜보령발전본부,3,2018-05-30 17:00,SOx,22.08
한국중부발전㈜보령발전본부,3,2018-05-30 17:00,NOx,27.07
한국중부발전㈜보령발전본부,3,2018-05-30 17:30,TSP,3.87
한국중부발전㈜보령발전본부,3,2018-05-30 17:30,SOx,22.86
한국중부발전㈜보령발전본부,3,2018-05-30 17:30,NOx,25.47
한국중부발전㈜보령발전본부,3,2018-05-30 18:00,TSP,3.8
한국중부발전㈜보령발전본부,3,2018-05-30 18:00,SOx,22.85
한국중부발전㈜보령발전본부,3,2018-05-30 18:00,NOx,27.28
한국중부발전㈜보령발전본부,3,2018-05-30 18:30,TSP,3.89
한국중부발전㈜보령발전본부,3,2018-05-30 18:30,SOx,21.51
한국중부발전㈜보령발전본부,3,2018-05-30 18:30,NOx,26.56
한국중부발전㈜보령발전본부,3,2018-05-30 19:00,TSP,3.91
한국중부발전㈜보령발전본부,3,2018-05-30 19:00,SOx,17.85
한국중부발전㈜보령발전본부,3,2018-05-30 19:00,NOx,28.22
한국중부발전㈜보령발전본부,3,2018-05-30 19:30,TSP,3.87
한국중부발전㈜보령발전본부,3,2018-05-30 19:30,SOx,18.75
한국중부발전㈜보령발전본부,3,2018-05-30 19:30,NOx,27.36
한국중부발전㈜보령발전본부,3,2018-05-30 20:00,TSP,3.41
한국중부발전㈜보령발전본부,3,2018-05-30 20:00,SOx,18.68
한국중부발전㈜보령발전본부,3,2018-05-30 20:00,NOx,25.78
한국중부발전㈜보령발전본부,3,2018-05-30 20:30,TSP,3.4
한국중부발전㈜보령발전본부,3,2018-05-30 20:30,SOx,19.17
한국중부발전㈜보령발전본부,3,2018-05-30 20:30,NOx,25.99
한국중부발전㈜보령발전본부,3,2018-05-30 21:00,TSP,3.43
한국중부발전㈜보령발전본부,3,2018-05-30 21:00,SOx,19.27
한국중부발전㈜보령발전본부,3,2018-05-30 21:00,NOx,24.32
한국중부발전㈜보령발전본부,3,2018-05-30 21:30,TSP,3.38
한국중부발전㈜보령발전본부,3,2018-05-30 21:30,SOx,19.6
한국중부발전㈜보령발전본부,3,2018-05-30 21:30,NOx,24.6
한국중부발전㈜보령발전본부,3,2018-05-30 22:00,TSP,3.37
한국중부발전㈜보령발전본부,3,2018-05-30 22:00,SOx,19.74
한국중부발전㈜보령발전본부,3,2018-05-30 22:00,NOx,27.0
한국중부발전㈜보령발전본부,3,2018-05-30 22:30,TSP,3.4
한국중부발전㈜보령발전본부,3,2018-05-30 22:30,SOx,20.32
한국중부발전㈜보령발전본부,3,2018-05-30 22:30,NOx,25.27
한국중부발전㈜보령발전본부,3,2018-05-30 23:00,TSP,3.38
한국중부발전㈜보령발전본부,3,2018-05-30 23:00,SOx,20.15
한국중부발전㈜보령발전본부,3,2018-05-30 23:00,NOx,25.04
한국중부발전㈜보령발전본부,3,2018-05-30 23:30,TSP,3.43
한국중부발전㈜보령발전본부,3,2018-05-30 23:30,SOx,20.23
한국중부발전㈜보령발전본부,3,2018-05-30 23:30,NOx,26.51
한국중부발전㈜보령발전본부,3,2018-05-31 00:00,TSP,3.46
한국중부발전㈜보령발전본부,3,2018-05-31 00:00,SOx,20.17
한국중부발전㈜보령발전본부,3,2018-05-31 00:00,NOx,26.61
한국중부발전㈜보령발전본부,3,2018-05-31 00:30,TSP,3.42
한국중부발전㈜보령발전본부,3,2018-05-31 00:30,SOx,21.77
한국중부발전㈜보령발전본부,3,2018-05-31 00:30,NOx,26.16
한국중부발전㈜보령발전본부,3,2018-05-31 01:00,TSP,3.49
한국중부발전㈜보령발전본부,3,2018-05-31 01:00,SOx,23.74
한국중부발전㈜보령발전본부,3,2018-05-31 01:00,NOx,26.75
한국중부발전㈜보령발전본부,3,2018-05-31 01:30,TSP,3.44
한국중부발전㈜보령발전본부,3,2018-05-31 01:30,SOx,24.33
한국중부발전㈜보령발전본부,3,2018-05-31 01:30,NOx,27.12
한국중부발전㈜보령발전본부,3,2018-05-31 02:00,TSP,3.52
한국중부발전㈜보령발전본부,3,2018-05-31 02:00,SOx,23.56
한국중부발전㈜보령발전본부,3,2018-05-31 02:00,NOx,28.44
한국중부발전㈜보령발전본부,3,2018-05-31 02:30,TSP,3.56
한국중부발전㈜보령발전본부,3,2018-05-31 02:30,SOx,24.29
한국중부발전㈜보령발전본부,3,2018-05-31 02:30,NOx,27.06
한국중부발전㈜보령발전본부,3,2018-05-31 03:00,TSP,3.55
한국중부발전㈜보령발전본부,3,2018-05-31 03:00,SOx,23.69
한국중부발전㈜보령발전본부,3,2018-05-31 03:00,NOx,24.05
한국중부발전㈜보령발전본부,3,2018-05-31 03:30,TSP,3.85
한국중부발전㈜보령발전본부,3,2018-05-31 03:30,SOx,23.91
한국중부발전㈜보령발전본부,3,2018-05-31 03:30,NOx,26.51
한국중부발전㈜보령발전본부,3,2018-05-31 04:00,TSP,3.63
한국중부발전㈜보령발전본부,3,2018-05-31 04:00,SOx,23.54
한국중부발전㈜보령발전본부,3,2018-05-31 04:00,NOx,27.31
한국중부발전㈜보령발전본부,3,2018-05-31 04:30,TSP,3.63
한국중부발전㈜보령발전본부,3,2018-05-31 04:30,SOx,23.9
한국중부발전㈜보령발전본부,3,2018-05-31 04:30,NOx,26.2
한국중부발전㈜보령발전본부,3,2018-05-31 05:00,TSP,3.67
한국중부발전㈜보령발전본부,3,2018-05-31 05:00,SOx,22.92
한국중부발전㈜보령발전본부,3,2018-05-31 05:00,NOx,25.44
한국중부발전㈜보령발전본부,3,2018-05-31 05:30,TSP,3.73
한국중부발전㈜보령발전본부,3,2018-05-31 05:30,SOx,22.37
한국중부발전㈜보령발전본부,3,2018-05-31 05:30,NOx,26.22
한국중부발전㈜보령발전본부,3,2018-05-31 06:00,TSP,3.56
한국중부발전㈜보령발전본부,3,2018-05-31 06:00,SOx,22.52
한국중부발전㈜보령발전본부,3,2018-05-31 06:00,NOx,25.0
한국중부발전㈜보령발전본부,3,2018-05-31 06:30,TSP,3.72
한국중부발전㈜보령발전본부,3,2018-05-31 06:30,SOx,21.42
한국중부발전㈜보령발전본부,3,2018-05-31 06:30,NOx,27.21
한국중부발전㈜보령발전본부,3,2018-05-31 07:00,TSP,4.04
한국중부발전㈜보령발전본부,3,2018-05-31 07:00,SOx,17.4
한국중부발전㈜보령발전본부,3,2018-05-31 07:00,NOx,27.54
한국중부발전㈜보령발전본부,3,2018-05-31 07:30,TSP,4.04
한국중부발전㈜보령발전본부,3,2018-05-31 07:30,SOx,18.57
한국중부발전㈜보령발전본부,3,2018-05-31 07:30,NOx,27.32
한국중부발전㈜보령발전본부,3,2018-05-31 08:00,TSP,4.17
한국중부발전㈜보령발전본부,3,2018-05-31 08:00,SOx,19.91
한국중부발전㈜보령발전본부,3,2018-05-31 08:00,NOx,27.83
한국중부발전㈜보령발전본부,3,2018-05-31 08:30,TSP,4.0
한국중부발전㈜보령발전본부,3,2018-05-31 08:30,SOx,19.08
한국중부발전㈜보령발전본부,3,2018-05-31 08:30,NOx,27.76
한국중부발전㈜보령발전본부,3,2018-05-31 09:00,TSP,3.92
한국중부발전㈜보령발전본부,3,2018-05-31 09:00,SOx,18.62
한국중부발전㈜보령발전본부,3,2018-05-31 09:00,NOx,27.36
한국중부발전㈜보령발전본부,3,2018-05-31 09:30,TSP,4.23
한국중부발전㈜보령발전본부,3,2018-05-31 09:30,SOx,21.75
한국중부발전㈜보령발전본부,3,2018-05-31 09:30,NOx,28.84
한국중부발전㈜보령발전본부,3,2018-05-31 10:00,TSP,4.51
한국중부발전㈜보령발전본부,3,2018-05-31 10:00,SOx,22.84
한국중부발전㈜보령발전본부,3,2018-05-31 10:00,NOx,31.46
한국중부발전㈜보령발전본부,3,2018-05-31 10:30,TSP,4.72
한국중부발전㈜보령발전본부,3,2018-05-31 10:30,SOx,27.6
한국중부발전㈜보령발전본부,3,2018-05-31 10:30,NOx,31.89
한국중부발전㈜보령발전본부,3,2018-05-31 11:00,TSP,4.46
한국중부발전㈜보령발전본부,3,2018-05-31 11:00,SOx,28.75
한국중부발전㈜보령발전본부,3,2018-05-31 11:00,NOx,27.24
한국중부발전㈜보령발전본부,3,2018-05-31 11:30,TSP,4.49
한국중부발전㈜보령발전본부,3,2018-05-31 11:30,SOx,30.21
한국중부발전㈜보령발전본부,3,2018-05-31 11:30,NOx,26.79
한국중부발전㈜보령발전본부,3,2018-05-31 12:00,TSP,4.55
한국중부발전㈜보령발전본부,3,2018-05-31 12:00,SOx,28.56
한국중부발전㈜보령발전본부,3,2018-05-31 12:00,NOx,25.84
한국중부발전㈜보령발전본부,3,2018-05-31 12:30,TSP,4.48
한국중부발전㈜보령발전본부,3,2018-05-31 12:30,SOx,28.56
한국중부발전㈜보령발전본부,3,2018-05-31 12:30,NOx,25.84
한국중부발전㈜보령발전본부,3,2018-05-31 13:00,TSP,4.24
한국중부발전㈜보령발전본부,3,2018-05-31 13:00,SOx,28.56
한국중부발전㈜보령발전본부,3,2018-05-31 13:00,NOx,25.84
한국중부발전㈜보령발전본부,3,2018-05-31 13:30,TSP,4.19
한국중부발전㈜보령발전본부,3,2018-05-31 13:30,SOx,26.34
한국중부발전㈜보령발전본부,3,2018-05-31 13:30,NOx,27.83
한국중부발전㈜보령발전본부,3,2018-05-31 14:00,TSP,4.36
한국중부발전㈜보령발전본부,3,2018-05-31 14:00,SOx,25.46
한국중부발전㈜보령발전본부,3,2018-05-31 14:00,NOx,28.84
한국중부발전㈜보령발전본부,3,2018-05-31 14:30,TSP,4.17
한국중부발전㈜보령발전본부,3,2018-05-31 14:30,SOx,26.11
한국중부발전㈜보령발전본부,3,2018-05-31 14:30,NOx,27.83
한국중부발전㈜보령발전본부,3,2018-05-31 15:00,TSP,4.21
한국중부발전㈜보령발전본부,3,2018-05-31 15:00,SOx,27.15
한국중부발전㈜보령발전본부,3,2018-05-31 15:00,NOx,27.96
한국중부발전㈜보령발전본부,3,2018-05-31 15:30,TSP,4.21
한국중부발전㈜보령발전본부,3,2018-05-31 15:30,SOx,27.94
한국중부발전㈜보령발전본부,3,2018-05-31 15:30,NOx,29.15
한국중부발전㈜보령발전본부,3,2018-05-31 16:00,TSP,4.46
한국중부발전㈜보령발전본부,3,2018-05-31 16:00,SOx,25.64
한국중부발전㈜보령발전본부,3,2018-05-31 16:00,NOx,27.77
한국중부발전㈜보령발전본부,3,2018-05-31 16:30,TSP,4.29
한국중부발전㈜보령발전본부,3,2018-05-31 16:30,SOx,22.31
한국중부발전㈜보령발전본부,3,2018-05-31 16:30,NOx,28.53
한국중부발전㈜보령발전본부,3,2018-05-31 17:00,TSP,4.11
한국중부발전㈜보령발전본부,3,2018-05-31 17:00,SOx,24.61
한국중부발전㈜보령발전본부,3,2018-05-31 17:00,NOx,27.96
한국중부발전㈜보령발전본부,3,2018-05-31 17:30,TSP,4.03
한국중부발전㈜보령발전본부,3,2018-05-31 17:30,SOx,24.99
한국중부발전㈜보령발전본부,3,2018-05-31 17:30,NOx,28.73
한국중부발전㈜보령발전본부,3,2018-05-31 18:00,TSP,4.05
한국중부발전㈜보령발전본부,3,2018-05-31 18:00,SOx,24.27
한국중부발전㈜보령발전본부,3,2018-05-31 18:00,NOx,27.8
한국중부발전㈜보령발전본부,3,2018-05-31 18:30,TSP,4.03
한국중부발전㈜보령발전본부,3,2018-05-31 18:30,SOx,24.23
한국중부발전㈜보령발전본부,3,2018-05-31 18:30,NOx,28.89
한국중부발전㈜보령발전본부,3,2018-05-31 19:00,TSP,4.07
한국중부발전㈜보령발전본부,3,2018-05-31 19:00,SOx,24.21
한국중부발전㈜보령발전본부,3,2018-05-31 19:00,NOx,27.64
한국중부발전㈜보령발전본부,3,2018-05-31 19:30,TSP,4.01
한국중부발전㈜보령발전본부,3,2018-05-31 19:30,SOx,23.32
한국중부발전㈜보령발전본부,3,2018-05-31 19:30,NOx,26.93
한국중부발전㈜보령발전본부,3,2018-05-31 20:00,TSP,4.01
한국중부발전㈜보령발전본부,3,2018-05-31 20:00,SOx,22.75
한국중부발전㈜보령발전본부,3,2018-05-31 20:00,NOx,28.09
한국중부발전㈜보령발전본부,3,2018-05-31 20:30,TSP,3.9
한국중부발전㈜보령발전본부,3,2018-05-31 20:30,SOx,20.76
한국중부발전㈜보령발전본부,3,2018-05-31 20:30,NOx,27.03
한국중부발전㈜보령발전본부,3,2018-05-31 21:00,TSP,3.92
한국중부발전㈜보령발전본부,3,2018-05-31 21:00,SOx,17.04
한국중부발전㈜보령발전본부,3,2018-05-31 21:00,NOx,27.62
한국중부발전㈜보령발전본부,3,2018-05-31 21:30,TSP,3.7
한국중부발전㈜보령발전본부,3,2018-05-31 21:30,SOx,18.66
한국중부발전㈜보령발전본부,3,2018-05-31 21:30,NOx,26.17
한국중부발전㈜보령발전본부,3,2018-05-31 22:00,TSP,3.74
한국중부발전㈜보령발전본부,3,2018-05-31 22:00,SOx,20.56
한국중부발전㈜보령발전본부,3,2018-05-31 22:00,NOx,25.99
한국중부발전㈜보령발전본부,3,2018-05-31 22:30,TSP,3.74
한국중부발전㈜보령발전본부,3,2018-05-31 22:30,SOx,19.96
한국중부발전㈜보령발전본부,3,2018-05-31 22:30,NOx,26.61
한국중부발전㈜보령발전본부,3,2018-05-31 23:00,TSP,3.82
한국중부발전㈜보령발전본부,3,2018-05-31 23:00,SOx,20.81
한국중부발전㈜보령발전본부,3,2018-05-31 23:00,NOx,26.79
한국중부발전㈜보령발전본부,3,2018-05-31 23:30,TSP,3.7
한국중부발전㈜보령발전본부,3,2018-05-31 23:30,SOx,19.37
한국중부발전㈜보령발전본부,3,2018-05-31 23:30,NOx,27.53
한국중부발전㈜보령발전본부,3,2018-06-01 00:00,TSP,3.8
한국중부발전㈜보령발전본부,3,2018-06-01 00:00,SOx,20.39
한국중부발전㈜보령발전본부,3,2018-06-01 00:00,NOx,28.61
한국중부발전㈜보령발전본부,3,2018-06-01 00:30,TSP,3.71
한국중부발전㈜보령발전본부,3,2018-06-01 00:30,SOx,18.79
한국중부발전㈜보령발전본부,3,2018-06-01 00:30,NOx,27.26
한국중부발전㈜보령발전본부,3,2018-06-01 01:00,TSP,4.05
한국중부발전㈜보령발전본부,3,2018-06-01 01:00,SOx,20.78
한국중부발전㈜보령발전본부,3,2018-06-01 01:00,NOx,28.03
한국중부발전㈜보령발전본부,3,2018-06-01 01:30,TSP,3.88
한국중부발전㈜보령발전본부,3,2018-06-01 01:30,SOx,19.24
한국중부발전㈜보령발전본부,3,2018-06-01 01:30,NOx,26.41
한국중부발전㈜보령발전본부,3,2018-06-01 02:00,TSP,3.85
한국중부발전㈜보령발전본부,3,2018-06-01 02:00,SOx,20.49
한국중부발전㈜보령발전본부,3,2018-06-01 02:00,NOx,25.59
한국중부발전㈜보령발전본부,3,2018-06-01 02:30,TSP,3.86
한국중부발전㈜보령발전본부,3,2018-06-01 02:30,SOx,19.32
한국중부발전㈜보령발전본부,3,2018-06-01 02:30,NOx,24.66
한국중부발전㈜보령발전본부,3,2018-06-01 03:00,TSP,4.03
한국중부발전㈜보령발전본부,3,2018-06-01 03:00,SOx,20.15
한국중부발전㈜보령발전본부,3,2018-06-01 03:00,NOx,25.29
한국중부발전㈜보령발전본부,3,2018-06-01 03:30,TSP,3.96
한국중부발전㈜보령발전본부,3,2018-06-01 03:30,SOx,19.93
한국중부발전㈜보령발전본부,3,2018-06-01 03:30,NOx,24.84
한국중부발전㈜보령발전본부,3,2018-06-01 04:00,TSP,3.66
한국중부발전㈜보령발전본부,3,2018-06-01 04:00,SOx,19.69
한국중부발전㈜보령발전본부,3,2018-06-01 04:00,NOx,24.17
한국중부발전㈜보령발전본부,3,2018-06-01 04:30,TSP,3.61
한국중부발전㈜보령발전본부,3,2018-06-01 04:30,SOx,20.35
한국중부발전㈜보령발전본부,3,2018-06-01 04:30,NOx,25.6
한국중부발전㈜보령발전본부,3,2018-06-01 05:00,TSP,3.62
한국중부발전㈜보령발전본부,3,2018-06-01 05:00,SOx,17.94
한국중부발전㈜보령발전본부,3,2018-06-01 05:00,NOx,25.35
한국중부발전㈜보령발전본부,3,2018-06-01 05:30,TSP,3.62
한국중부발전㈜보령발전본부,3,2018-06-01 05:30,SOx,20.06
한국중부발전㈜보령발전본부,3,2018-06-01 05:30,NOx,23.92
한국중부발전㈜보령발전본부,3,2018-06-01 06:00,TSP,3.67
한국중부발전㈜보령발전본부,3,2018-06-01 06:00,SOx,20.35
한국중부발전㈜보령발전본부,3,2018-06-01 06:00,NOx,25.36
한국중부발전㈜보령발전본부,3,2018-06-01 06:30,TSP,3.86
한국중부발전㈜보령발전본부,3,2018-06-01 06:30,SOx,19.21
한국중부발전㈜보령발전본부,3,2018-06-01 06:30,NOx,24.99
한국중부발전㈜보령발전본부,3,2018-06-01 07:00,TSP,3.93
한국중부발전㈜보령발전본부,3,2018-06-01 07:00,SOx,21.12
한국중부발전㈜보령발전본부,3,2018-06-01 07:00,NOx,25.72
한국중부발전㈜보령발전본부,3,2018-06-01 07:30,TSP,4.24
한국중부발전㈜보령발전본부,3,2018-06-01 07:30,SOx,18.98
한국중부발전㈜보령발전본부,3,2018-06-01 07:30,NOx,25.45
한국중부발전㈜보령발전본부,3,2018-06-01 08:00,TSP,4.45
한국중부발전㈜보령발전본부,3,2018-06-01 08:00,SOx,20.68
한국중부발전㈜보령발전본부,3,2018-06-01 08:00,NOx,26.63
한국중부발전㈜보령발전본부,3,2018-06-01 08:30,TSP,4.57
한국중부발전㈜보령발전본부,3,2018-06-01 08:30,SOx,19.65
한국중부발전㈜보령발전본부,3,2018-06-01 08:30,NOx,27.47
한국중부발전㈜보령발전본부,3,2018-06-01 09:00,TSP,4.38
한국중부발전㈜보령발전본부,3,2018-06-01 09:00,SOx,19.38
한국중부발전㈜보령발전본부,3,2018-06-01 09:00,NOx,29.92
한국중부발전㈜보령발전본부,3,2018-06-01 09:30,TSP,4.66
한국중부발전㈜보령발전본부,3,2018-06-01 09:30,SOx,20.43
한국중부발전㈜보령발전본부,3,2018-06-01 09:30,NOx,27.89
한국중부발전㈜보령발전본부,3,2018-06-01 10:00,TSP,4.84
한국중부발전㈜보령발전본부,3,2018-06-01 10:00,SOx,20.08
한국중부발전㈜보령발전본부,3,2018-06-01 10:00,NOx,27.23
한국중부발전㈜보령발전본부,3,2018-06-01 10:30,TSP,4.9
한국중부발전㈜보령발전본부,3,2018-06-01 10:30,SOx,19.67
한국중부발전㈜보령발전본부,3,2018-06-01 10:30,NOx,27.8
한국중부발전㈜보령발전본부,3,2018-06-01 11:00,TSP,5.04
한국중부발전㈜보령발전본부,3,2018-06-01 11:00,SOx,19.44
한국중부발전㈜보령발전본부,3,2018-06-01 11:00,NOx,28.23
한국중부발전㈜보령발전본부,3,2018-06-01 11:30,TSP,5.15
한국중부발전㈜보령발전본부,3,2018-06-01 11:30,SOx,20.16
한국중부발전㈜보령발전본부,3,2018-06-01 11:30,NOx,28.3
한국중부발전㈜보령발전본부,3,2018-06-01 12:00,TSP,5.28
한국중부발전㈜보령발전본부,3,2018-06-01 12:00,SOx,19.48
한국중부발전㈜보령발전본부,3,2018-06-01 12:00,NOx,28.09
한국중부발전㈜보령발전본부,3,2018-06-01 12:30,TSP,4.85
한국중부발전㈜보령발전본부,3,2018-06-01 12:30,SOx,19.48
한국중부발전㈜보령발전본부,3,2018-06-01 12:30,NOx,28.09
한국중부발전㈜보령발전본부,3,2018-06-01 13:00,TSP,4.5
한국중부발전㈜보령발전본부,3,2018-06-01 13:00,SOx,19.48
한국중부발전㈜보령발전본부,3,2018-06-01 13:00,NOx,28.09
한국중부발전㈜보령발전본부,3,2018-06-01 13:30,TSP,4.13
한국중부발전㈜보령발전본부,3,2018-06-01 13:30,SOx,21.84
한국중부발전㈜보령발전본부,3,2018-06-01 13:30,NOx,27.07
한국중부발전㈜보령발전본부,3,2018-06-01 14:00,TSP,4.17
한국중부발전㈜보령발전본부,3,2018-06-01 14:00,SOx,21.24
한국중부발전㈜보령발전본부,3,2018-06-01 14:00,NOx,27.98
한국중부발전㈜보령발전본부,3,2018-06-01 14:30,TSP,4.04
한국중부발전㈜보령발전본부,3,2018-06-01 14:30,SOx,21.96
한국중부발전㈜보령발전본부,3,2018-06-01 14:30,NOx,27.35
한국중부발전㈜보령발전본부,3,2018-06-01 15:00,TSP,4.1
한국중부발전㈜보령발전본부,3,2018-06-01 15:00,SOx,22.64
한국중부발전㈜보령발전본부,3,2018-06-01 15:00,NOx,25.64
한국중부발전㈜보령발전본부,3,2018-06-01 15:30,TSP,3.98
한국중부발전㈜보령발전본부,3,2018-06-01 15:30,SOx,21.93
한국중부발전㈜보령발전본부,3,2018-06-01 15:30,NOx,25.51
한국중부발전㈜보령발전본부,3,2018-06-01 16:00,TSP,3.92
한국중부발전㈜보령발전본부,3,2018-06-01 16:00,SOx,21.85
한국중부발전㈜보령발전본부,3,2018-06-01 16:00,NOx,25.84
한국중부발전㈜보령발전본부,3,2018-06-01 16:30,TSP,3.78
한국중부발전㈜보령발전본부,3,2018-06-01 16:30,SOx,21.76
한국중부발전㈜보령발전본부,3,2018-06-01 16:30,NOx,26.96
한국중부발전㈜보령발전본부,3,2018-06-01 17:00,TSP,3.77
한국중부발전㈜보령발전본부,3,2018-06-01 17:00,SOx,22.0
한국중부발전㈜보령발전본부,3,2018-06-01 17:00,NOx,25.48
한국중부발전㈜보령발전본부,3,2018-06-01 17:30,TSP,3.75
한국중부발전㈜보령발전본부,3,2018-06-01 17:30,SOx,22.86
한국중부발전㈜보령발전본부,3,2018-06-01 17:30,NOx,25.58
한국중부발전㈜보령발전본부,3,2018-06-01 18:00,TSP,3.79
한국중부발전㈜보령발전본부,3,2018-06-01 18:00,SOx,21.45
한국중부발전㈜보령발전본부,3,2018-06-01 18:00,NOx,26.27
한국중부발전㈜보령발전본부,3,2018-06-01 18:30,TSP,3.74
한국중부발전㈜보령발전본부,3,2018-06-01 18:30,SOx,22.62
한국중부발전㈜보령발전본부,3,2018-06-01 18:30,NOx,26.21
한국중부발전㈜보령발전본부,3,2018-06-01 19:00,TSP,3.89
한국중부발전㈜보령발전본부,3,2018-06-01 19:00,SOx,21.75
한국중부발전㈜보령발전본부,3,2018-06-01 19:00,NOx,25.6
한국중부발전㈜보령발전본부,3,2018-06-01 19:30,TSP,4.08
한국중부발전㈜보령발전본부,3,2018-06-01 19:30,SOx,22.54
한국중부발전㈜보령발전본부,3,2018-06-01 19:30,NOx,24.82
한국중부발전㈜보령발전본부,3,2018-06-01 20:00,TSP,4.05
한국중부발전㈜보령발전본부,3,2018-06-01 20:00,SOx,21.81
한국중부발전㈜보령발전본부,3,2018-06-01 20:00,NOx,26.1
한국중부발전㈜보령발전본부,3,2018-06-01 20:30,TSP,4.03
한국중부발전㈜보령발전본부,3,2018-06-01 20:30,SOx,22.04
한국중부발전㈜보령발전본부,3,2018-06-01 20:30,NOx,24.31
한국중부발전㈜보령발전본부,3,2018-06-01 21:00,TSP,4.1
한국중부발전㈜보령발전본부,3,2018-06-01 21:00,SOx,22.08
한국중부발전㈜보령발전본부,3,2018-06-01 21:00,NOx,25.21
한국중부발전㈜보령발전본부,3,2018-06-01 21:30,TSP,4.12
한국중부발전㈜보령발전본부,3,2018-06-01 21:30,SOx,21.86
한국중부발전㈜보령발전본부,3,2018-06-01 21:30,NOx,24.41
한국중부발전㈜보령발전본부,3,2018-06-01 22:00,TSP,3.99
한국중부발전㈜보령발전본부,3,2018-06-01 22:00,SOx,22.0
한국중부발전㈜보령발전본부,3,2018-06-01 22:00,NOx,25.95
한국중부발전㈜보령발전본부,3,2018-06-01 22:30,TSP,3.88
한국중부발전㈜보령발전본부,3,2018-06-01 22:30,SOx,19.44
한국중부발전㈜보령발전본부,3,2018-06-01 22:30,NOx,25.67
한국중부발전㈜보령발전본부,3,2018-06-01 23:00,TSP,3.9
한국중부발전㈜보령발전본부,3,2018-06-01 23:00,SOx,19.41
한국중부발전㈜보령발전본부,3,2018-06-01 23:00,NOx,26.75
한국중부발전㈜보령발전본부,3,2018-06-01 23:30,TSP,3.84
한국중부발전㈜보령발전본부,3,2018-06-01 23:30,SOx,20.69
한국중부발전㈜보령발전본부,3,2018-06-01 23:30,NOx,25.37
한국중부발전㈜보령발전본부,3,2018-06-02 00:00,TSP,3.88
한국중부발전㈜보령발전본부,3,2018-06-02 00:00,SOx,22.27
한국중부발전㈜보령발전본부,3,2018-06-02 00:00,NOx,24.98
한국중부발전㈜보령발전본부,3,2018-06-02 00:30,TSP,3.78
한국중부발전㈜보령발전본부,3,2018-06-02 00:30,SOx,23.14
한국중부발전㈜보령발전본부,3,2018-06-02 00:30,NOx,26.79
한국중부발전㈜보령발전본부,3,2018-06-02 01:00,TSP,3.99
한국중부발전㈜보령발전본부,3,2018-06-02 01:00,SOx,23.75
한국중부발전㈜보령발전본부,3,2018-06-02 01:00,NOx,26.81
한국중부발전㈜보령발전본부,3,2018-06-02 01:30,TSP,3.85
한국중부발전㈜보령발전본부,3,2018-06-02 01:30,SOx,24.99
한국중부발전㈜보령발전본부,3,2018-06-02 01:30,NOx,26.45
한국중부발전㈜보령발전본부,3,2018-06-02 02:00,TSP,3.82
한국중부발전㈜보령발전본부,3,2018-06-02 02:00,SOx,25.53
한국중부발전㈜보령발전본부,3,2018-06-02 02:00,NOx,24.23
한국중부발전㈜보령발전본부,3,2018-06-02 02:30,TSP,3.91
한국중부발전㈜보령발전본부,3,2018-06-02 02:30,SOx,24.14
한국중부발전㈜보령발전본부,3,2018-06-02 02:30,NOx,26.22
한국중부발전㈜보령발전본부,3,2018-06-02 03:00,TSP,3.93
한국중부발전㈜보령발전본부,3,2018-06-02 03:00,SOx,24.47
한국중부발전㈜보령발전본부,3,2018-06-02 03:00,NOx,26.3
한국중부발전㈜보령발전본부,3,2018-06-02 03:30,TSP,3.74
한국중부발전㈜보령발전본부,3,2018-06-02 03:30,SOx,25.15
한국중부발전㈜보령발전본부,3,2018-06-02 03:30,NOx,27.45
한국중부발전㈜보령발전본부,3,2018-06-02 04:00,TSP,3.62
한국중부발전㈜보령발전본부,3,2018-06-02 04:00,SOx,24.63
한국중부발전㈜보령발전본부,3,2018-06-02 04:00,NOx,25.6
한국중부발전㈜보령발전본부,3,2018-06-02 04:30,TSP,3.63
한국중부발전㈜보령발전본부,3,2018-06-02 04:30,SOx,25.62
한국중부발전㈜보령발전본부,3,2018-06-02 04:30,NOx,25.88
한국중부발전㈜보령발전본부,3,2018-06-02 05:00,TSP,3.62
한국중부발전㈜보령발전본부,3,2018-06-02 05:00,SOx,23.78
한국중부발전㈜보령발전본부,3,2018-06-02 05:00,NOx,27.25
한국중부발전㈜보령발전본부,3,2018-06-02 05:30,TSP,3.6
한국중부발전㈜보령발전본부,3,2018-06-02 05:30,SOx,25.4
한국중부발전㈜보령발전본부,3,2018-06-02 05:30,NOx,26.71
한국중부발전㈜보령발전본부,3,2018-06-02 06:00,TSP,3.73
한국중부발전㈜보령발전본부,3,2018-06-02 06:00,SOx,24.16
한국중부발전㈜보령발전본부,3,2018-06-02 06:00,NOx,25.85
한국중부발전㈜보령발전본부,3,2018-06-02 06:30,TSP,3.98
한국중부발전㈜보령발전본부,3,2018-06-02 06:30,SOx,24.94
한국중부발전㈜보령발전본부,3,2018-06-02 06:30,NOx,27.56
한국중부발전㈜보령발전본부,3,2018-06-02 07:00,TSP,4.29
한국중부발전㈜보령발전본부,3,2018-06-02 07:00,SOx,25.94
한국중부발전㈜보령발전본부,3,2018-06-02 07:00,NOx,25.97
한국중부발전㈜보령발전본부,3,2018-06-02 07:30,TSP,4.41
한국중부발전㈜보령발전본부,3,2018-06-02 07:30,SOx,22.84
한국중부발전㈜보령발전본부,3,2018-06-02 07:30,NOx,28.93
한국중부발전㈜보령발전본부,3,2018-06-02 08:00,TSP,4.5
한국중부발전㈜보령발전본부,3,2018-06-02 08:00,SOx,25.16
한국중부발전㈜보령발전본부,3,2018-06-02 08:00,NOx,28.57
한국중부발전㈜보령발전본부,3,2018-06-02 08:30,TSP,4.43
한국중부발전㈜보령발전본부,3,2018-06-02 08:30,SOx,26.15
한국중부발전㈜보령발전본부,3,2018-06-02 08:30,NOx,28.19
한국중부발전㈜보령발전본부,3,2018-06-02 09:00,TSP,4.31
한국중부발전㈜보령발전본부,3,2018-06-02 09:00,SOx,22.68
한국중부발전㈜보령발전본부,3,2018-06-02 09:00,NOx,28.38
한국중부발전㈜보령발전본부,3,2018-06-02 09:30,TSP,4.22
한국중부발전㈜보령발전본부,3,2018-06-02 09:30,SOx,25.61
한국중부발전㈜보령발전본부,3,2018-06-02 09:30,NOx,35.56
한국중부발전㈜보령발전본부,3,2018-06-02 10:00,TSP,4.32
한국중부발전㈜보령발전본부,3,2018-06-02 10:00,SOx,24.46
한국중부발전㈜보령발전본부,3,2018-06-02 10:00,NOx,28.31
한국중부발전㈜보령발전본부,3,2018-06-02 10:30,TSP,4.36
한국중부발전㈜보령발전본부,3,2018-06-02 10:30,SOx,25.45
한국중부발전㈜보령발전본부,3,2018-06-02 10:30,NOx,27.65
한국중부발전㈜보령발전본부,3,2018-06-02 11:00,TSP,4.35
한국중부발전㈜보령발전본부,3,2018-06-02 11:00,SOx,24.28
한국중부발전㈜보령발전본부,3,2018-06-02 11:00,NOx,25.73
한국중부발전㈜보령발전본부,3,2018-06-02 11:30,TSP,4.52
한국중부발전㈜보령발전본부,3,2018-06-02 11:30,SOx,24.78
한국중부발전㈜보령발전본부,3,2018-06-02 11:30,NOx,26.11
한국중부발전㈜보령발전본부,3,2018-06-02 12:00,TSP,4.87
한국중부발전㈜보령발전본부,3,2018-06-02 12:00,SOx,27.01
한국중부발전㈜보령발전본부,3,2018-06-02 12:00,NOx,26.98
한국중부발전㈜보령발전본부,3,2018-06-02 12:30,TSP,4.66
한국중부발전㈜보령발전본부,3,2018-06-02 12:30,SOx,27.01
한국중부발전㈜보령발전본부,3,2018-06-02 12:30,NOx,26.98
한국중부발전㈜보령발전본부,3,2018-06-02 13:00,TSP,4.2
한국중부발전㈜보령발전본부,3,2018-06-02 13:00,SOx,27.01
한국중부발전㈜보령발전본부,3,2018-06-02 13:00,NOx,26.98
한국중부발전㈜보령발전본부,3,2018-06-02 13:30,TSP,4.1
한국중부발전㈜보령발전본부,3,2018-06-02 13:30,SOx,29.02
한국중부발전㈜보령발전본부,3,2018-06-02 13:30,NOx,28.77
한국중부발전㈜보령발전본부,3,2018-06-02 14:00,TSP,3.95
한국중부발전㈜보령발전본부,3,2018-06-02 14:00,SOx,30.04
한국중부발전㈜보령발전본부,3,2018-06-02 14:00,NOx,27.9
한국중부발전㈜보령발전본부,3,2018-06-02 14:30,TSP,3.98
한국중부발전㈜보령발전본부,3,2018-06-02 14:30,SOx,30.53
한국중부발전㈜보령발전본부,3,2018-06-02 14:30,NOx,28.52
한국중부발전㈜보령발전본부,3,2018-06-02 15:00,TSP,3.96
한국중부발전㈜보령발전본부,3,2018-06-02 15:00,SOx,29.03
한국중부발전㈜보령발전본부,3,2018-06-02 15:00,NOx,27.95
한국중부발전㈜보령발전본부,3,2018-06-02 15:30,TSP,3.8
한국중부발전㈜보령발전본부,3,2018-06-02 15:30,SOx,30.05
한국중부발전㈜보령발전본부,3,2018-06-02 15:30,NOx,28.59
한국중부발전㈜보령발전본부,3,2018-06-02 16:00,TSP,3.72
한국중부발전㈜보령발전본부,3,2018-06-02 16:00,SOx,29.2
한국중부발전㈜보령발전본부,3,2018-06-02 16:00,NOx,27.67
한국중부발전㈜보령발전본부,3,2018-06-02 16:30,TSP,3.75
한국중부발전㈜보령발전본부,3,2018-06-02 16:30,SOx,30.42
한국중부발전㈜보령발전본부,3,2018-06-02 16:30,NOx,28.49
한국중부발전㈜보령발전본부,3,2018-06-02 17:00,TSP,4.02
한국중부발전㈜보령발전본부,3,2018-06-02 17:00,SOx,29.94
한국중부발전㈜보령발전본부,3,2018-06-02 17:00,NOx,27.39
한국중부발전㈜보령발전본부,3,2018-06-02 17:30,TSP,3.79
한국중부발전㈜보령발전본부,3,2018-06-02 17:30,SOx,30.39
한국중부발전㈜보령발전본부,3,2018-06-02 17:30,NOx,27.15
한국중부발전㈜보령발전본부,3,2018-06-02 18:00,TSP,3.78
한국중부발전㈜보령발전본부,3,2018-06-02 18:00,SOx,30.03
한국중부발전㈜보령발전본부,3,2018-06-02 18:00,NOx,27.67
한국중부발전㈜보령발전본부,3,2018-06-02 18:30,TSP,3.84
한국중부발전㈜보령발전본부,3,2018-06-02 18:30,SOx,27.7
한국중부발전㈜보령발전본부,3,2018-06-02 18:30,NOx,26.49
한국중부발전㈜보령발전본부,3,2018-06-02 19:00,TSP,3.98
한국중부발전㈜보령발전본부,3,2018-06-02 19:00,SOx,26.94
한국중부발전㈜보령발전본부,3,2018-06-02 19:00,NOx,26.82
한국중부발전㈜보령발전본부,3,2018-06-02 19:30,TSP,3.85
한국중부발전㈜보령발전본부,3,2018-06-02 19:30,SOx,23.76
한국중부발전㈜보령발전본부,3,2018-06-02 19:30,NOx,27.63
한국중부발전㈜보령발전본부,3,2018-06-02 20:00,TSP,3.79
한국중부발전㈜보령발전본부,3,2018-06-02 20:00,SOx,20.66
한국중부발전㈜보령발전본부,3,2018-06-02 20:00,NOx,28.85
한국중부발전㈜보령발전본부,3,2018-06-02 20:30,TSP,3.78
한국중부발전㈜보령발전본부,3,2018-06-02 20:30,SOx,18.99
한국중부발전㈜보령발전본부,3,2018-06-02 20:30,NOx,27.31
한국중부발전㈜보령발전본부,3,2018-06-02 21:00,TSP,3.74
한국중부발전㈜보령발전본부,3,2018-06-02 21:00,SOx,20.36
한국중부발전㈜보령발전본부,3,2018-06-02 21:00,NOx,27.35
한국중부발전㈜보령발전본부,3,2018-06-02 21:30,TSP,3.78
한국중부발전㈜보령발전본부,3,2018-06-02 21:30,SOx,20.45
한국중부발전㈜보령발전본부,3,2018-06-02 21:30,NOx,27.7
한국중부발전㈜보령발전본부,3,2018-06-02 22:00,TSP,3.81
한국중부발전㈜보령발전본부,3,2018-06-02 22:00,SOx,19.08
한국중부발전㈜보령발전본부,3,2018-06-02 22:00,NOx,27.41
한국중부발전㈜보령발전본부,3,2018-06-02 22:30,TSP,3.77
한국중부발전㈜보령발전본부,3,2018-06-02 22:30,SOx,21.06
한국중부발전㈜보령발전본부,3,2018-06-02 22:30,NOx,25.91
한국중부발전㈜보령발전본부,3,2018-06-02 23:00,TSP,3.57
한국중부발전㈜보령발전본부,3,2018-06-02 23:00,SOx,21.97
한국중부발전㈜보령발전본부,3,2018-06-02 23:00,NOx,25.39
한국중부발전㈜보령발전본부,3,2018-06-02 23:30,TSP,3.61
한국중부발전㈜보령발전본부,3,2018-06-02 23:30,SOx,22.88
한국중부발전㈜보령발전본부,3,2018-06-02 23:30,NOx,26.04
한국중부발전㈜보령발전본부,3,2018-06-03 00:00,TSP,3.57
한국중부발전㈜보령발전본부,3,2018-06-03 00:00,SOx,23.21
한국중부발전㈜보령발전본부,3,2018-06-03 00:00,NOx,25.4
한국중부발전㈜보령발전본부,3,2018-06-03 00:30,TSP,3.61
한국중부발전㈜보령발전본부,3,2018-06-03 00:30,SOx,25.18
한국중부발전㈜보령발전본부,3,2018-06-03 00:30,NOx,26.25
한국중부발전㈜보령발전본부,3,2018-06-03 01:00,TSP,3.62
한국중부발전㈜보령발전본부,3,2018-06-03 01:00,SOx,23.72
한국중부발전㈜보령발전본부,3,2018-06-03 01:00,NOx,26.31
한국중부발전㈜보령발전본부,3,2018-06-03 01:30,TSP,3.75
한국중부발전㈜보령발전본부,3,2018-06-03 01:30,SOx,25.04
한국중부발전㈜보령발전본부,3,2018-06-03 01:30,NOx,26.57
한국중부발전㈜보령발전본부,3,2018-06-03 02:00,TSP,3.6
한국중부발전㈜보령발전본부,3,2018-06-03 02:00,SOx,27.55
한국중부발전㈜보령발전본부,3,2018-06-03 02:00,NOx,26.68
한국중부발전㈜보령발전본부,3,2018-06-03 02:30,TSP,3.64
한국중부발전㈜보령발전본부,3,2018-06-03 02:30,SOx,27.89
한국중부발전㈜보령발전본부,3,2018-06-03 02:30,NOx,27.0
한국중부발전㈜보령발전본부,3,2018-06-03 03:00,TSP,3.67
한국중부발전㈜보령발전본부,3,2018-06-03 03:00,SOx,28.22
한국중부발전㈜보령발전본부,3,2018-06-03 03:00,NOx,26.98
한국중부발전㈜보령발전본부,3,2018-06-03 03:30,TSP,3.7
한국중부발전㈜보령발전본부,3,2018-06-03 03:30,SOx,27.43
한국중부발전㈜보령발전본부,3,2018-06-03 03:30,NOx,27.15
한국중부발전㈜보령발전본부,3,2018-06-03 04:00,TSP,3.55
한국중부발전㈜보령발전본부,3,2018-06-03 04:00,SOx,27.92
한국중부발전㈜보령발전본부,3,2018-06-03 04:00,NOx,26.33
한국중부발전㈜보령발전본부,3,2018-06-03 04:30,TSP,3.64
한국중부발전㈜보령발전본부,3,2018-06-03 04:30,SOx,27.73
한국중부발전㈜보령발전본부,3,2018-06-03 04:30,NOx,27.35
한국중부발전㈜보령발전본부,3,2018-06-03 05:00,TSP,3.6
한국중부발전㈜보령발전본부,3,2018-06-03 05:00,SOx,26.68
한국중부발전㈜보령발전본부,3,2018-06-03 05:00,NOx,28.42
한국중부발전㈜보령발전본부,3,2018-06-03 05:30,TSP,3.62
한국중부발전㈜보령발전본부,3,2018-06-03 05:30,SOx,26.68
한국중부발전㈜보령발전본부,3,2018-06-03 05:30,NOx,28.16
한국중부발전㈜보령발전본부,3,2018-06-03 06:00,TSP,3.64
한국중부발전㈜보령발전본부,3,2018-06-03 06:00,SOx,27.8
한국중부발전㈜보령발전본부,3,2018-06-03 06:00,NOx,26.05
한국중부발전㈜보령발전본부,3,2018-06-03 06:30,TSP,3.78
한국중부발전㈜보령발전본부,3,2018-06-03 06:30,SOx,28.47
한국중부발전㈜보령발전본부,3,2018-06-03 06:30,NOx,26.51
한국중부발전㈜보령발전본부,3,2018-06-03 07:00,TSP,3.81
한국중부발전㈜보령발전본부,3,2018-06-03 07:00,SOx,26.73
한국중부발전㈜보령발전본부,3,2018-06-03 07:00,NOx,25.03
한국중부발전㈜보령발전본부,3,2018-06-03 07:30,TSP,3.95
한국중부발전㈜보령발전본부,3,2018-06-03 07:30,SOx,27.52
한국중부발전㈜보령발전본부,3,2018-06-03 07:30,NOx,25.34
한국중부발전㈜보령발전본부,3,2018-06-03 08:00,TSP,4.12
한국중부발전㈜보령발전본부,3,2018-06-03 08:00,SOx,24.71
한국중부발전㈜보령발전본부,3,2018-06-03 08:00,NOx,25.9
한국중부발전㈜보령발전본부,3,2018-06-03 08:30,TSP,4.16
한국중부발전㈜보령발전본부,3,2018-06-03 08:30,SOx,24.87
한국중부발전㈜보령발전본부,3,2018-06-03 08:30,NOx,26.01
한국중부발전㈜보령발전본부,3,2018-06-03 09:00,TSP,4.08
한국중부발전㈜보령발전본부,3,2018-06-03 09:00,SOx,25.18
한국중부발전㈜보령발전본부,3,2018-06-03 09:00,NOx,28.41
한국중부발전㈜보령발전본부,3,2018-06-03 09:30,TSP,4.31
한국중부발전㈜보령발전본부,3,2018-06-03 09:30,SOx,24.66
한국중부발전㈜보령발전본부,3,2018-06-03 09:30,NOx,30.65
한국중부발전㈜보령발전본부,3,2018-06-03 10:00,TSP,4.23
한국중부발전㈜보령발전본부,3,2018-06-03 10:00,SOx,23.51
한국중부발전㈜보령발전본부,3,2018-06-03 10:00,NOx,28.91
한국중부발전㈜보령발전본부,3,2018-06-03 10:30,TSP,4.34
한국중부발전㈜보령발전본부,3,2018-06-03 10:30,SOx,25.75
한국중부발전㈜보령발전본부,3,2018-06-03 10:30,NOx,25.99
한국중부발전㈜보령발전본부,3,2018-06-03 11:00,TSP,4.6
한국중부발전㈜보령발전본부,3,2018-06-03 11:00,SOx,26.83
한국중부발전㈜보령발전본부,3,2018-06-03 11:00,NOx,26.64
한국중부발전㈜보령발전본부,3,2018-06-03 11:30,TSP,5.17
한국중부발전㈜보령발전본부,3,2018-06-03 11:30,SOx,26.36
한국중부발전㈜보령발전본부,3,2018-06-03 11:30,NOx,28.2
한국중부발전㈜보령발전본부,3,2018-06-03 12:00,TSP,5.08
한국중부발전㈜보령발전본부,3,2018-06-03 12:00,SOx,26.2
한국중부발전㈜보령발전본부,3,2018-06-03 12:00,NOx,27.77
한국중부발전㈜보령발전본부,3,2018-06-03 12:30,TSP,4.86
한국중부발전㈜보령발전본부,3,2018-06-03 12:30,SOx,26.2
한국중부발전㈜보령발전본부,3,2018-06-03 12:30,NOx,27.77
한국중부발전㈜보령발전본부,3,2018-06-03 13:00,TSP,4.37
한국중부발전㈜보령발전본부,3,2018-06-03 13:00,SOx,26.2
한국중부발전㈜보령발전본부,3,2018-06-03 13:00,NOx,27.77
한국중부발전㈜보령발전본부,3,2018-06-03 13:30,TSP,4.18
한국중부발전㈜보령발전본부,3,2018-06-03 13:30,SOx,28.65
한국중부발전㈜보령발전본부,3,2018-06-03 13:30,NOx,28.84
한국중부발전㈜보령발전본부,3,2018-06-03 14:00,TSP,3.99
한국중부발전㈜보령발전본부,3,2018-06-03 14:00,SOx,30.0
한국중부발전㈜보령발전본부,3,2018-06-03 14:00,NOx,28.91
한국중부발전㈜보령발전본부,3,2018-06-03 14:30,TSP,4.02
한국중부발전㈜보령발전본부,3,2018-06-03 14:30,SOx,28.8
한국중부발전㈜보령발전본부,3,2018-06-03 14:30,NOx,27.09
한국중부발전㈜보령발전본부,3,2018-06-03 15:00,TSP,4.06
한국중부발전㈜보령발전본부,3,2018-06-03 15:00,SOx,27.5
한국중부발전㈜보령발전본부,3,2018-06-03 15:00,NOx,27.17
한국중부발전㈜보령발전본부,3,2018-06-03 15:30,TSP,3.94
한국중부발전㈜보령발전본부,3,2018-06-03 15:30,SOx,30.29
한국중부발전㈜보령발전본부,3,2018-06-03 15:30,NOx,28.02
한국중부발전㈜보령발전본부,3,2018-06-03 16:00,TSP,3.91
한국중부발전㈜보령발전본부,3,2018-06-03 16:00,SOx,28.63
한국중부발전㈜보령발전본부,3,2018-06-03 16:00,NOx,28.95
한국중부발전㈜보령발전본부,3,2018-06-03 16:30,TSP,3.9
한국중부발전㈜보령발전본부,3,2018-06-03 16:30,SOx,29.64
한국중부발전㈜보령발전본부,3,2018-06-03 16:30,NOx,26.34
한국중부발전㈜보령발전본부,3,2018-06-03 17:00,TSP,3.85
한국중부발전㈜보령발전본부,3,2018-06-03 17:00,SOx,22.8
한국중부발전㈜보령발전본부,3,2018-06-03 17:00,NOx,27.12
한국중부발전㈜보령발전본부,3,2018-06-03 17:30,TSP,3.83
한국중부발전㈜보령발전본부,3,2018-06-03 17:30,SOx,24.54
한국중부발전㈜보령발전본부,3,2018-06-03 17:30,NOx,26.64
한국중부발전㈜보령발전본부,3,2018-06-03 18:00,TSP,3.82
한국중부발전㈜보령발전본부,3,2018-06-03 18:00,SOx,25.41
한국중부발전㈜보령발전본부,3,2018-06-03 18:00,NOx,25.97
한국중부발전㈜보령발전본부,3,2018-06-03 18:30,TSP,3.77
한국중부발전㈜보령발전본부,3,2018-06-03 18:30,SOx,24.88
한국중부발전㈜보령발전본부,3,2018-06-03 18:30,NOx,26.54
한국중부발전㈜보령발전본부,3,2018-06-03 19:00,TSP,3.79
한국중부발전㈜보령발전본부,3,2018-06-03 19:00,SOx,25.29
한국중부발전㈜보령발전본부,3,2018-06-03 19:00,NOx,27.93
한국중부발전㈜보령발전본부,3,2018-06-03 19:30,TSP,3.7
한국중부발전㈜보령발전본부,3,2018-06-03 19:30,SOx,24.55
한국중부발전㈜보령발전본부,3,2018-06-03 19:30,NOx,27.78
한국중부발전㈜보령발전본부,3,2018-06-03 20:00,TSP,3.45
한국중부발전㈜보령발전본부,3,2018-06-03 20:00,SOx,23.94
한국중부발전㈜보령발전본부,3,2018-06-03 20:00,NOx,26.91
한국중부발전㈜보령발전본부,3,2018-06-03 20:30,TSP,3.46
한국중부발전㈜보령발전본부,3,2018-06-03 20:30,SOx,23.69
한국중부발전㈜보령발전본부,3,2018-06-03 20:30,NOx,28.62
한국중부발전㈜보령발전본부,3,2018-06-03 21:00,TSP,3.36
한국중부발전㈜보령발전본부,3,2018-06-03 21:00,SOx,22.81
한국중부발전㈜보령발전본부,3,2018-06-03 21:00,NOx,27.68
한국중부발전㈜보령발전본부,3,2018-06-03 21:30,TSP,3.37
한국중부발전㈜보령발전본부,3,2018-06-03 21:30,SOx,13.83
한국중부발전㈜보령발전본부,3,2018-06-03 21:30,NOx,26.79
한국중부발전㈜보령발전본부,3,2018-06-03 22:00,TSP,3.36
한국중부발전㈜보령발전본부,3,2018-06-03 22:00,SOx,14.9
한국중부발전㈜보령발전본부,3,2018-06-03 22:00,NOx,26.31
한국중부발전㈜보령발전본부,3,2018-06-03 22:30,TSP,3.4
한국중부발전㈜보령발전본부,3,2018-06-03 22:30,SOx,15.94
한국중부발전㈜보령발전본부,3,2018-06-03 22:30,NOx,25.81
한국중부발전㈜보령발전본부,3,2018-06-03 23:00,TSP,3.5
한국중부발전㈜보령발전본부,3,2018-06-03 23:00,SOx,17.52
한국중부발전㈜보령발전본부,3,2018-06-03 23:00,NOx,25.62
한국중부발전㈜보령발전본부,3,2018-06-03 23:30,TSP,3.41
한국중부발전㈜보령발전본부,3,2018-06-03 23:30,SOx,18.83
한국중부발전㈜보령발전본부,3,2018-06-03 23:30,NOx,26.83
한국중부발전㈜보령발전본부,3,2018-06-04 00:00,TSP,3.37
한국중부발전㈜보령발전본부,3,2018-06-04 00:00,SOx,20.59
한국중부발전㈜보령발전본부,3,2018-06-04 00:00,NOx,28.56
한국중부발전㈜보령발전본부,3,2018-06-04 00:30,TSP,3.46
한국중부발전㈜보령발전본부,3,2018-06-04 00:30,SOx,19.31
한국중부발전㈜보령발전본부,3,2018-06-04 00:30,NOx,28.11
한국중부발전㈜보령발전본부,3,2018-06-04 01:00,TSP,3.51
한국중부발전㈜보령발전본부,3,2018-06-04 01:00,SOx,20.84
한국중부발전㈜보령발전본부,3,2018-06-04 01:00,NOx,32.92
한국중부발전㈜보령발전본부,3,2018-06-04 01:30,TSP,3.43
한국중부발전㈜보령발전본부,3,2018-06-04 01:30,SOx,23.22
한국중부발전㈜보령발전본부,3,2018-06-04 01:30,NOx,29.95
한국중부발전㈜보령발전본부,3,2018-06-04 02:00,TSP,3.43
한국중부발전㈜보령발전본부,3,2018-06-04 02:00,SOx,24.37
한국중부발전㈜보령발전본부,3,2018-06-04 02:00,NOx,29.21
한국중부발전㈜보령발전본부,3,2018-06-04 02:30,TSP,3.42
한국중부발전㈜보령발전본부,3,2018-06-04 02:30,SOx,25.71
한국중부발전㈜보령발전본부,3,2018-06-04 02:30,NOx,26.41
한국중부발전㈜보령발전본부,3,2018-06-04 03:00,TSP,3.38
한국중부발전㈜보령발전본부,3,2018-06-04 03:00,SOx,23.86
한국중부발전㈜보령발전본부,3,2018-06-04 03:00,NOx,25.25
한국중부발전㈜보령발전본부,3,2018-06-04 03:30,TSP,3.5
한국중부발전㈜보령발전본부,3,2018-06-04 03:30,SOx,25.9
한국중부발전㈜보령발전본부,3,2018-06-04 03:30,NOx,27.41
한국중부발전㈜보령발전본부,3,2018-06-04 04:00,TSP,3.51
한국중부발전㈜보령발전본부,3,2018-06-04 04:00,SOx,23.61
한국중부발전㈜보령발전본부,3,2018-06-04 04:00,NOx,25.33
한국중부발전㈜보령발전본부,3,2018-06-04 04:30,TSP,3.59
한국중부발전㈜보령발전본부,3,2018-06-04 04:30,SOx,25.75
한국중부발전㈜보령발전본부,3,2018-06-04 04:30,NOx,27.35
한국중부발전㈜보령발전본부,3,2018-06-04 05:00,TSP,3.61
한국중부발전㈜보령발전본부,3,2018-06-04 05:00,SOx,23.42
한국중부발전㈜보령발전본부,3,2018-06-04 05:00,NOx,26.33
한국중부발전㈜보령발전본부,3,2018-06-04 05:30,TSP,3.66
한국중부발전㈜보령발전본부,3,2018-06-04 05:30,SOx,24.9
한국중부발전㈜보령발전본부,3,2018-06-04 05:30,NOx,26.05
한국중부발전㈜보령발전본부,3,2018-06-04 06:00,TSP,3.64
한국중부발전㈜보령발전본부,3,2018-06-04 06:00,SOx,25.0
한국중부발전㈜보령발전본부,3,2018-06-04 06:00,NOx,26.77
한국중부발전㈜보령발전본부,3,2018-06-04 06:30,TSP,3.76
한국중부발전㈜보령발전본부,3,2018-06-04 06:30,SOx,24.72
한국중부발전㈜보령발전본부,3,2018-06-04 06:30,NOx,26.41
한국중부발전㈜보령발전본부,3,2018-06-04 07:00,TSP,4.14
한국중부발전㈜보령발전본부,3,2018-06-04 07:00,SOx,25.54
한국중부발전㈜보령발전본부,3,2018-06-04 07:00,NOx,26.41
한국중부발전㈜보령발전본부,3,2018-06-04 07:30,TSP,4.16
한국중부발전㈜보령발전본부,3,2018-06-04 07:30,SOx,23.13
한국중부발전㈜보령발전본부,3,2018-06-04 07:30,NOx,26.92
한국중부발전㈜보령발전본부,3,2018-06-04 08:00,TSP,4.07
한국중부발전㈜보령발전본부,3,2018-06-04 08:00,SOx,25.28
한국중부발전㈜보령발전본부,3,2018-06-04 08:00,NOx,27.23
한국중부발전㈜보령발전본부,3,2018-06-04 08:30,TSP,3.98
한국중부발전㈜보령발전본부,3,2018-06-04 08:30,SOx,23.15
한국중부발전㈜보령발전본부,3,2018-06-04 08:30,NOx,25.74
한국중부발전㈜보령발전본부,3,2018-06-04 09:00,TSP,4.13
한국중부발전㈜보령발전본부,3,2018-06-04 09:00,SOx,26.8
한국중부발전㈜보령발전본부,3,2018-06-04 09:00,NOx,26.04
한국중부발전㈜보령발전본부,3,2018-06-04 09:30,TSP,4.15
한국중부발전㈜보령발전본부,3,2018-06-04 09:30,SOx,21.75
한국중부발전㈜보령발전본부,3,2018-06-04 09:30,NOx,26.73
한국중부발전㈜보령발전본부,3,2018-06-04 10:00,TSP,4.28
한국중부발전㈜보령발전본부,3,2018-06-04 10:00,SOx,22.38
한국중부발전㈜보령발전본부,3,2018-06-04 10:00,NOx,25.93
한국중부발전㈜보령발전본부,3,2018-06-04 10:30,TSP,4.3
한국중부발전㈜보령발전본부,3,2018-06-04 10:30,SOx,24.3
한국중부발전㈜보령발전본부,3,2018-06-04 10:30,NOx,26.56
한국중부발전㈜보령발전본부,3,2018-06-04 11:00,TSP,4.36
한국중부발전㈜보령발전본부,3,2018-06-04 11:00,SOx,26.44
한국중부발전㈜보령발전본부,3,2018-06-04 11:00,NOx,26.46
한국중부발전㈜보령발전본부,3,2018-06-04 11:30,TSP,4.43
한국중부발전㈜보령발전본부,3,2018-06-04 11:30,SOx,27.87
한국중부발전㈜보령발전본부,3,2018-06-04 11:30,NOx,26.81
한국중부발전㈜보령발전본부,3,2018-06-04 12:00,TSP,4.32
한국중부발전㈜보령발전본부,3,2018-06-04 12:00,SOx,27.87
한국중부발전㈜보령발전본부,3,2018-06-04 12:00,NOx,26.55
한국중부발전㈜보령발전본부,3,2018-06-04 12:30,TSP,4.22
한국중부발전㈜보령발전본부,3,2018-06-04 12:30,SOx,27.87
한국중부발전㈜보령발전본부,3,2018-06-04 12:30,NOx,26.55
한국중부발전㈜보령발전본부,3,2018-06-04 13:00,TSP,4.17
한국중부발전㈜보령발전본부,3,2018-06-04 13:00,SOx,27.87
한국중부발전㈜보령발전본부,3,2018-06-04 13:00,NOx,26.55
한국중부발전㈜보령발전본부,3,2018-06-04 13:30,TSP,4.24
한국중부발전㈜보령발전본부,3,2018-06-04 13:30,SOx,24.72
한국중부발전㈜보령발전본부,3,2018-06-04 13:30,NOx,25.69
한국중부발전㈜보령발전본부,3,2018-06-04 14:00,TSP,4.22
한국중부발전㈜보령발전본부,3,2018-06-04 14:00,SOx,24.16
한국중부발전㈜보령발전본부,3,2018-06-04 14:00,NOx,25.08
한국중부발전㈜보령발전본부,3,2018-06-04 14:30,TSP,4.15
한국중부발전㈜보령발전본부,3,2018-06-04 14:30,SOx,25.08
한국중부발전㈜보령발전본부,3,2018-06-04 14:30,NOx,25.52
한국중부발전㈜보령발전본부,3,2018-06-04 15:00,TSP,4.09
한국중부발전㈜보령발전본부,3,2018-06-04 15:00,SOx,25.05
한국중부발전㈜보령발전본부,3,2018-06-04 15:00,NOx,24.31
한국중부발전㈜보령발전본부,3,2018-06-04 15:30,TSP,3.97
한국중부발전㈜보령발전본부,3,2018-06-04 15:30,SOx,24.11
한국중부발전㈜보령발전본부,3,2018-06-04 15:30,NOx,25.31
한국중부발전㈜보령발전본부,3,2018-06-04 16:00,TSP,4.04
한국중부발전㈜보령발전본부,3,2018-06-04 16:00,SOx,24.75
한국중부발전㈜보령발전본부,3,2018-06-04 16:00,NOx,32.0
한국중부발전㈜보령발전본부,3,2018-06-04 16:30,TSP,3.86
한국중부발전㈜보령발전본부,3,2018-06-04 16:30,SOx,25.2
한국중부발전㈜보령발전본부,3,2018-06-04 16:30,NOx,29.5
한국중부발전㈜보령발전본부,3,2018-06-04 17:00,TSP,3.82
한국중부발전㈜보령발전본부,3,2018-06-04 17:00,SOx,25.2
한국중부발전㈜보령발전본부,3,2018-06-04 17:00,NOx,28.61
한국중부발전㈜보령발전본부,3,2018-06-04 17:30,TSP,3.73
한국중부발전㈜보령발전본부,3,2018-06-04 17:30,SOx,25.47
한국중부발전㈜보령발전본부,3,2018-06-04 17:30,NOx,27.48
한국중부발전㈜보령발전본부,3,2018-06-04 18:00,TSP,3.83
한국중부발전㈜보령발전본부,3,2018-06-04 18:00,SOx,24.66
한국중부발전㈜보령발전본부,3,2018-06-04 18:00,NOx,28.11
한국중부발전㈜보령발전본부,3,2018-06-04 18:30,TSP,3.73
한국중부발전㈜보령발전본부,3,2018-06-04 18:30,SOx,25.46
한국중부발전㈜보령발전본부,3,2018-06-04 18:30,NOx,30.36
한국중부발전㈜보령발전본부,3,2018-06-04 19:00,TSP,3.76
한국중부발전㈜보령발전본부,3,2018-06-04 19:00,SOx,24.85
한국중부발전㈜보령발전본부,3,2018-06-04 19:00,NOx,27.37
한국중부발전㈜보령발전본부,3,2018-06-04 19:30,TSP,3.7
한국중부발전㈜보령발전본부,3,2018-06-04 19:30,SOx,24.86
한국중부발전㈜보령발전본부,3,2018-06-04 19:30,NOx,26.78
한국중부발전㈜보령발전본부,3,2018-06-04 20:00,TSP,3.79
한국중부발전㈜보령발전본부,3,2018-06-04 20:00,SOx,25.6
한국중부발전㈜보령발전본부,3,2018-06-04 20:00,NOx,27.98
한국중부발전㈜보령발전본부,3,2018-06-04 20:30,TSP,3.78
한국중부발전㈜보령발전본부,3,2018-06-04 20:30,SOx,23.26
한국중부발전㈜보령발전본부,3,2018-06-04 20:30,NOx,29.36
한국중부발전㈜보령발전본부,3,2018-06-04 21:00,TSP,3.86
한국중부발전㈜보령발전본부,3,2018-06-04 21:00,SOx,18.8
한국중부발전㈜보령발전본부,3,2018-06-04 21:00,NOx,30.98
한국중부발전㈜보령발전본부,3,2018-06-04 21:30,TSP,3.82
한국중부발전㈜보령발전본부,3,2018-06-04 21:30,SOx,13.24
한국중부발전㈜보령발전본부,3,2018-06-04 21:30,NOx,29.21
한국중부발전㈜보령발전본부,3,2018-06-04 22:00,TSP,3.92
한국중부발전㈜보령발전본부,3,2018-06-04 22:00,SOx,13.14
한국중부발전㈜보령발전본부,3,2018-06-04 22:00,NOx,29.22
한국중부발전㈜보령발전본부,3,2018-06-04 22:30,TSP,3.88
한국중부발전㈜보령발전본부,3,2018-06-04 22:30,SOx,15.15
한국중부발전㈜보령발전본부,3,2018-06-04 22:30,NOx,30.54
한국중부발전㈜보령발전본부,3,2018-06-04 23:00,TSP,3.99
한국중부발전㈜보령발전본부,3,2018-06-04 23:00,SOx,15.91
한국중부발전㈜보령발전본부,3,2018-06-04 23:00,NOx,33.03
한국중부발전㈜보령발전본부,3,2018-06-04 23:30,TSP,3.91
한국중부발전㈜보령발전본부,3,2018-06-04 23:30,SOx,16.58
한국중부발전㈜보령발전본부,3,2018-06-04 23:30,NOx,30.39
한국중부발전㈜보령발전본부,3,2018-06-05 00:00,TSP,4.02
한국중부발전㈜보령발전본부,3,2018-06-05 00:00,SOx,17.96
한국중부발전㈜보령발전본부,3,2018-06-05 00:00,NOx,29.0
한국중부발전㈜보령발전본부,3,2018-06-05 00:30,TSP,4.03
한국중부발전㈜보령발전본부,3,2018-06-05 00:30,SOx,19.13
한국중부발전㈜보령발전본부,3,2018-06-05 00:30,NOx,32.61
한국중부발전㈜보령발전본부,3,2018-06-05 01:00,TSP,4.24
한국중부발전㈜보령발전본부,3,2018-06-05 01:00,SOx,20.83
한국중부발전㈜보령발전본부,3,2018-06-05 01:00,NOx,33.71
한국중부발전㈜보령발전본부,3,2018-06-05 01:30,TSP,3.97
한국중부발전㈜보령발전본부,3,2018-06-05 01:30,SOx,21.61
한국중부발전㈜보령발전본부,3,2018-06-05 01:30,NOx,32.3
한국중부발전㈜보령발전본부,3,2018-06-05 02:00,TSP,3.9
한국중부발전㈜보령발전본부,3,2018-06-05 02:00,SOx,22.4
한국중부발전㈜보령발전본부,3,2018-06-05 02:00,NOx,39.29
한국중부발전㈜보령발전본부,3,2018-06-05 02:30,TSP,3.86
한국중부발전㈜보령발전본부,3,2018-06-05 02:30,SOx,23.37
한국중부발전㈜보령발전본부,3,2018-06-05 02:30,NOx,36.87
한국중부발전㈜보령발전본부,3,2018-06-05 03:00,TSP,3.87
한국중부발전㈜보령발전본부,3,2018-06-05 03:00,SOx,25.09
한국중부발전㈜보령발전본부,3,2018-06-05 03:00,NOx,32.89
한국중부발전㈜보령발전본부,3,2018-06-05 03:30,TSP,3.78
한국중부발전㈜보령발전본부,3,2018-06-05 03:30,SOx,24.97
한국중부발전㈜보령발전본부,3,2018-06-05 03:30,NOx,28.32
한국중부발전㈜보령발전본부,3,2018-06-05 04:00,TSP,3.99
한국중부발전㈜보령발전본부,3,2018-06-05 04:00,SOx,24.25
한국중부발전㈜보령발전본부,3,2018-06-05 04:00,NOx,27.38
한국중부발전㈜보령발전본부,3,2018-06-05 04:30,TSP,3.83
한국중부발전㈜보령발전본부,3,2018-06-05 04:30,SOx,24.1
한국중부발전㈜보령발전본부,3,2018-06-05 04:30,NOx,26.57
한국중부발전㈜보령발전본부,3,2018-06-05 05:00,TSP,3.81
한국중부발전㈜보령발전본부,3,2018-06-05 05:00,SOx,22.99
한국중부발전㈜보령발전본부,3,2018-06-05 05:00,NOx,26.23
한국중부발전㈜보령발전본부,3,2018-06-05 05:30,TSP,3.79
한국중부발전㈜보령발전본부,3,2018-06-05 05:30,SOx,23.95
한국중부발전㈜보령발전본부,3,2018-06-05 05:30,NOx,27.33
한국중부발전㈜보령발전본부,3,2018-06-05 06:00,TSP,3.92
한국중부발전㈜보령발전본부,3,2018-06-05 06:00,SOx,24.71
한국중부발전㈜보령발전본부,3,2018-06-05 06:00,NOx,28.6
한국중부발전㈜보령발전본부,3,2018-06-05 06:30,TSP,3.97
한국중부발전㈜보령발전본부,3,2018-06-05 06:30,SOx,24.51
한국중부발전㈜보령발전본부,3,2018-06-05 06:30,NOx,28.78
한국중부발전㈜보령발전본부,3,2018-06-05 07:00,TSP,4.3
한국중부발전㈜보령발전본부,3,2018-06-05 07:00,SOx,23.68
한국중부발전㈜보령발전본부,3,2018-06-05 07:00,NOx,28.56
한국중부발전㈜보령발전본부,3,2018-06-05 07:30,TSP,4.28
한국중부발전㈜보령발전본부,3,2018-06-05 07:30,SOx,22.81
한국중부발전㈜보령발전본부,3,2018-06-05 07:30,NOx,27.35
한국중부발전㈜보령발전본부,3,2018-06-05 08:00,TSP,4.46
한국중부발전㈜보령발전본부,3,2018-06-05 08:00,SOx,20.25
한국중부발전㈜보령발전본부,3,2018-06-05 08:00,NOx,26.03
한국중부발전㈜보령발전본부,3,2018-06-05 08:30,TSP,4.34
한국중부발전㈜보령발전본부,3,2018-06-05 08:30,SOx,21.5
한국중부발전㈜보령발전본부,3,2018-06-05 08:30,NOx,27.42
한국중부발전㈜보령발전본부,3,2018-06-05 09:00,TSP,4.3
한국중부발전㈜보령발전본부,3,2018-06-05 09:00,SOx,21.87
한국중부발전㈜보령발전본부,3,2018-06-05 09:00,NOx,27.67
한국중부발전㈜보령발전본부,3,2018-06-05 09:30,TSP,4.63
한국중부발전㈜보령발전본부,3,2018-06-05 09:30,SOx,22.04
한국중부발전㈜보령발전본부,3,2018-06-05 09:30,NOx,26.54
한국중부발전㈜보령발전본부,3,2018-06-05 10:00,TSP,4.73
한국중부발전㈜보령발전본부,3,2018-06-05 10:00,SOx,22.48
한국중부발전㈜보령발전본부,3,2018-06-05 10:00,NOx,28.12
한국중부발전㈜보령발전본부,3,2018-06-05 10:30,TSP,4.83
한국중부발전㈜보령발전본부,3,2018-06-05 10:30,SOx,21.08
한국중부발전㈜보령발전본부,3,2018-06-05 10:30,NOx,29.86
한국중부발전㈜보령발전본부,3,2018-06-05 11:00,TSP,4.87
한국중부발전㈜보령발전본부,3,2018-06-05 11:00,SOx,22.55
한국중부발전㈜보령발전본부,3,2018-06-05 11:00,NOx,29.6
한국중부발전㈜보령발전본부,3,2018-06-05 11:30,TSP,4.8
한국중부발전㈜보령발전본부,3,2018-06-05 11:30,SOx,21.84
한국중부발전㈜보령발전본부,3,2018-06-05 11:30,NOx,29.72
한국중부발전㈜보령발전본부,3,2018-06-05 12:00,TSP,4.99
한국중부발전㈜보령발전본부,3,2018-06-05 12:00,SOx,21.76
한국중부발전㈜보령발전본부,3,2018-06-05 12:00,NOx,28.98
한국중부발전㈜보령발전본부,3,2018-06-05 12:30,TSP,4.62
한국중부발전㈜보령발전본부,3,2018-06-05 12:30,SOx,21.76
한국중부발전㈜보령발전본부,3,2018-06-05 12:30,NOx,28.98
한국중부발전㈜보령발전본부,3,2018-06-05 13:00,TSP,4.49
한국중부발전㈜보령발전본부,3,2018-06-05 13:00,SOx,21.76
한국중부발전㈜보령발전본부,3,2018-06-05 13:00,NOx,28.98
한국중부발전㈜보령발전본부,3,2018-06-05 13:30,TSP,4.48
한국중부발전㈜보령발전본부,3,2018-06-05 13:30,SOx,22.56
한국중부발전㈜보령발전본부,3,2018-06-05 13:30,NOx,23.44
한국중부발전㈜보령발전본부,3,2018-06-05 14:00,TSP,4.53
한국중부발전㈜보령발전본부,3,2018-06-05 14:00,SOx,19.14
한국중부발전㈜보령발전본부,3,2018-06-05 14:00,NOx,24.53
한국중부발전㈜보령발전본부,3,2018-06-05 14:30,TSP,4.22
한국중부발전㈜보령발전본부,3,2018-06-05 14:30,SOx,21.63
한국중부발전㈜보령발전본부,3,2018-06-05 14:30,NOx,24.49
한국중부발전㈜보령발전본부,3,2018-06-05 15:00,TSP,4.22
한국중부발전㈜보령발전본부,3,2018-06-05 15:00,SOx,22.55
한국중부발전㈜보령발전본부,3,2018-06-05 15:00,NOx,25.54
한국중부발전㈜보령발전본부,3,2018-06-05 15:30,TSP,4.14
한국중부발전㈜보령발전본부,3,2018-06-05 15:30,SOx,21.93
한국중부발전㈜보령발전본부,3,2018-06-05 15:30,NOx,25.32
한국중부발전㈜보령발전본부,3,2018-06-05 16:00,TSP,4.28
한국중부발전㈜보령발전본부,3,2018-06-05 16:00,SOx,22.16
한국중부발전㈜보령발전본부,3,2018-06-05 16:00,NOx,26.68
한국중부발전㈜보령발전본부,3,2018-06-05 16:30,TSP,4.19
한국중부발전㈜보령발전본부,3,2018-06-05 16:30,SOx,22.34
한국중부발전㈜보령발전본부,3,2018-06-05 16:30,NOx,26.96
한국중부발전㈜보령발전본부,3,2018-06-05 17:00,TSP,4.21
한국중부발전㈜보령발전본부,3,2018-06-05 17:00,SOx,22.66
한국중부발전㈜보령발전본부,3,2018-06-05 17:00,NOx,25.38
한국중부발전㈜보령발전본부,3,2018-06-05 17:30,TSP,4.29
한국중부발전㈜보령발전본부,3,2018-06-05 17:30,SOx,22.65
한국중부발전㈜보령발전본부,3,2018-06-05 17:30,NOx,28.28
한국중부발전㈜보령발전본부,3,2018-06-05 18:00,TSP,4.21
한국중부발전㈜보령발전본부,3,2018-06-05 18:00,SOx,21.39
한국중부발전㈜보령발전본부,3,2018-06-05 18:00,NOx,30.39
한국중부발전㈜보령발전본부,3,2018-06-05 18:30,TSP,4.14
한국중부발전㈜보령발전본부,3,2018-06-05 18:30,SOx,20.82
한국중부발전㈜보령발전본부,3,2018-06-05 18:30,NOx,25.72
한국중부발전㈜보령발전본부,3,2018-06-05 19:00,TSP,4.15
한국중부발전㈜보령발전본부,3,2018-06-05 19:00,SOx,22.57
한국중부발전㈜보령발전본부,3,2018-06-05 19:00,NOx,24.46
한국중부발전㈜보령발전본부,3,2018-06-05 19:30,TSP,4.02
한국중부발전㈜보령발전본부,3,2018-06-05 19:30,SOx,20.4
한국중부발전㈜보령발전본부,3,2018-06-05 19:30,NOx,24.65
한국중부발전㈜보령발전본부,3,2018-06-05 20:00,TSP,4.06
한국중부발전㈜보령발전본부,3,2018-06-05 20:00,SOx,20.08
한국중부발전㈜보령발전본부,3,2018-06-05 20:00,NOx,22.45
한국중부발전㈜보령발전본부,3,2018-06-05 20:30,TSP,4.04
한국중부발전㈜보령발전본부,3,2018-06-05 20:30,SOx,20.47
한국중부발전㈜보령발전본부,3,2018-06-05 20:30,NOx,24.61
한국중부발전㈜보령발전본부,3,2018-06-05 21:00,TSP,4.08
한국중부발전㈜보령발전본부,3,2018-06-05 21:00,SOx,19.96
한국중부발전㈜보령발전본부,3,2018-06-05 21:00,NOx,25.55
한국중부발전㈜보령발전본부,3,2018-06-05 21:30,TSP,3.97
한국중부발전㈜보령발전본부,3,2018-06-05 21:30,SOx,20.77
한국중부발전㈜보령발전본부,3,2018-06-05 21:30,NOx,26.92
한국중부발전㈜보령발전본부,3,2018-06-05 22:00,TSP,4.06
한국중부발전㈜보령발전본부,3,2018-06-05 22:00,SOx,19.22
한국중부발전㈜보령발전본부,3,2018-06-05 22:00,NOx,27.92
한국중부발전㈜보령발전본부,3,2018-06-05 22:30,TSP,3.94
한국중부발전㈜보령발전본부,3,2018-06-05 22:30,SOx,20.82
한국중부발전㈜보령발전본부,3,2018-06-05 22:30,NOx,27.16
한국중부발전㈜보령발전본부,3,2018-06-05 23:00,TSP,4.1
한국중부발전㈜보령발전본부,3,2018-06-05 23:00,SOx,19.77
한국중부발전㈜보령발전본부,3,2018-06-05 23:00,NOx,26.91
한국중부발전㈜보령발전본부,3,2018-06-05 23:30,TSP,4.1
한국중부발전㈜보령발전본부,3,2018-06-05 23:30,SOx,22.25
한국중부발전㈜보령발전본부,3,2018-06-05 23:30,NOx,27.24
한국중부발전㈜보령발전본부,3,2018-06-06 00:00,TSP,4.18
한국중부발전㈜보령발전본부,3,2018-06-06 00:00,SOx,24.36
한국중부발전㈜보령발전본부,3,2018-06-06 00:00,NOx,28.93
한국중부발전㈜보령발전본부,3,2018-06-06 00:30,TSP,4.09
한국중부발전㈜보령발전본부,3,2018-06-06 00:30,SOx,25.39
한국중부발전㈜보령발전본부,3,2018-06-06 00:30,NOx,26.92
한국중부발전㈜보령발전본부,3,2018-06-06 01:00,TSP,4.02
한국중부발전㈜보령발전본부,3,2018-06-06 01:00,SOx,25.03
한국중부발전㈜보령발전본부,3,2018-06-06 01:00,NOx,30.1
한국중부발전㈜보령발전본부,3,2018-06-06 01:30,TSP,4.04
한국중부발전㈜보령발전본부,3,2018-06-06 01:30,SOx,26.4
한국중부발전㈜보령발전본부,3,2018-06-06 01:30,NOx,29.72
한국중부발전㈜보령발전본부,3,2018-06-06 02:00,TSP,3.97
한국중부발전㈜보령발전본부,3,2018-06-06 02:00,SOx,30.07
한국중부발전㈜보령발전본부,3,2018-06-06 02:00,NOx,29.77
한국중부발전㈜보령발전본부,3,2018-06-06 02:30,TSP,3.92
한국중부발전㈜보령발전본부,3,2018-06-06 02:30,SOx,28.93
한국중부발전㈜보령발전본부,3,2018-06-06 02:30,NOx,27.85
한국중부발전㈜보령발전본부,3,2018-06-06 03:00,TSP,4.1
한국중부발전㈜보령발전본부,3,2018-06-06 03:00,SOx,30.86
한국중부발전㈜보령발전본부,3,2018-06-06 03:00,NOx,28.6
한국중부발전㈜보령발전본부,3,2018-06-06 03:30,TSP,4.05
한국중부발전㈜보령발전본부,3,2018-06-06 03:30,SOx,29.97
한국중부발전㈜보령발전본부,3,2018-06-06 03:30,NOx,29.66
한국중부발전㈜보령발전본부,3,2018-06-06 04:00,TSP,4.07
한국중부발전㈜보령발전본부,3,2018-06-06 04:00,SOx,30.16
한국중부발전㈜보령발전본부,3,2018-06-06 04:00,NOx,27.56
한국중부발전㈜보령발전본부,3,2018-06-06 04:30,TSP,4.18
한국중부발전㈜보령발전본부,3,2018-06-06 04:30,SOx,28.79
한국중부발전㈜보령발전본부,3,2018-06-06 04:30,NOx,30.33
한국중부발전㈜보령발전본부,3,2018-06-06 05:00,TSP,4.29
한국중부발전㈜보령발전본부,3,2018-06-06 05:00,SOx,30.42
한국중부발전㈜보령발전본부,3,2018-06-06 05:00,NOx,27.16
한국중부발전㈜보령발전본부,3,2018-06-06 05:30,TSP,4.2
한국중부발전㈜보령발전본부,3,2018-06-06 05:30,SOx,28.84
한국중부발전㈜보령발전본부,3,2018-06-06 05:30,NOx,28.24
한국중부발전㈜보령발전본부,3,2018-06-06 06:00,TSP,4.1
한국중부발전㈜보령발전본부,3,2018-06-06 06:00,SOx,28.47
한국중부발전㈜보령발전본부,3,2018-06-06 06:00,NOx,24.0
한국중부발전㈜보령발전본부,3,2018-06-06 06:30,TSP,4.14
한국중부발전㈜보령발전본부,3,2018-06-06 06:30,SOx,29.22
한국중부발전㈜보령발전본부,3,2018-06-06 06:30,NOx,25.17
한국중부발전㈜보령발전본부,3,2018-06-06 07:00,TSP,4.17
한국중부발전㈜보령발전본부,3,2018-06-06 07:00,SOx,28.55
한국중부발전㈜보령발전본부,3,2018-06-06 07:00,NOx,26.42
한국중부발전㈜보령발전본부,3,2018-06-06 07:30,TSP,4.04
한국중부발전㈜보령발전본부,3,2018-06-06 07:30,SOx,29.97
한국중부발전㈜보령발전본부,3,2018-06-06 07:30,NOx,25.97
한국중부발전㈜보령발전본부,3,2018-06-06 08:00,TSP,4.18
한국중부발전㈜보령발전본부,3,2018-06-06 08:00,SOx,30.52
한국중부발전㈜보령발전본부,3,2018-06-06 08:00,NOx,26.11
한국중부발전㈜보령발전본부,3,2018-06-06 08:30,TSP,4.1
한국중부발전㈜보령발전본부,3,2018-06-06 08:30,SOx,27.95
한국중부발전㈜보령발전본부,3,2018-06-06 08:30,NOx,25.32
한국중부발전㈜보령발전본부,3,2018-06-06 09:00,TSP,4.11
한국중부발전㈜보령발전본부,3,2018-06-06 09:00,SOx,30.19
한국중부발전㈜보령발전본부,3,2018-06-06 09:00,NOx,25.09
한국중부발전㈜보령발전본부,3,2018-06-06 09:30,TSP,4.05
한국중부발전㈜보령발전본부,3,2018-06-06 09:30,SOx,30.24
한국중부발전㈜보령발전본부,3,2018-06-06 09:30,NOx,24.38
한국중부발전㈜보령발전본부,3,2018-06-06 10:00,TSP,4.08
한국중부발전㈜보령발전본부,3,2018-06-06 10:00,SOx,29.42
한국중부발전㈜보령발전본부,3,2018-06-06 10:00,NOx,23.94
한국중부발전㈜보령발전본부,3,2018-06-06 10:30,TSP,4.1
한국중부발전㈜보령발전본부,3,2018-06-06 10:30,SOx,30.77
한국중부발전㈜보령발전본부,3,2018-06-06 10:30,NOx,24.92
한국중부발전㈜보령발전본부,3,2018-06-06 11:00,TSP,4.42
한국중부발전㈜보령발전본부,3,2018-06-06 11:00,SOx,24.28
한국중부발전㈜보령발전본부,3,2018-06-06 11:00,NOx,25.46
한국중부발전㈜보령발전본부,3,2018-06-06 11:30,TSP,4.8
한국중부발전㈜보령발전본부,3,2018-06-06 11:30,SOx,24.59
한국중부발전㈜보령발전본부,3,2018-06-06 11:30,NOx,25.44
한국중부발전㈜보령발전본부,3,2018-06-06 12:00,TSP,5.05
한국중부발전㈜보령발전본부,3,2018-06-06 12:00,SOx,27.18
한국중부발전㈜보령발전본부,3,2018-06-06 12:00,NOx,27.42
한국중부발전㈜보령발전본부,3,2018-06-06 12:30,TSP,4.79
한국중부발전㈜보령발전본부,3,2018-06-06 12:30,SOx,27.18
한국중부발전㈜보령발전본부,3,2018-06-06 12:30,NOx,27.42
한국중부발전㈜보령발전본부,3,2018-06-06 13:00,TSP,4.51
한국중부발전㈜보령발전본부,3,2018-06-06 13:00,SOx,27.18
한국중부발전㈜보령발전본부,3,2018-06-06 13:00,NOx,27.42
한국중부발전㈜보령발전본부,3,2018-06-06 13:30,TSP,4.36
한국중부발전㈜보령발전본부,3,2018-06-06 13:30,SOx,28.95
한국중부발전㈜보령발전본부,3,2018-06-06 13:30,NOx,26.94
한국중부발전㈜보령발전본부,3,2018-06-06 14:00,TSP,4.68
한국중부발전㈜보령발전본부,3,2018-06-06 14:00,SOx,29.69
한국중부발전㈜보령발전본부,3,2018-06-06 14:00,NOx,28.01
한국중부발전㈜보령발전본부,3,2018-06-06 14:30,TSP,4.41
한국중부발전㈜보령발전본부,3,2018-06-06 14:30,SOx,30.02
한국중부발전㈜보령발전본부,3,2018-06-06 14:30,NOx,26.68
한국중부발전㈜보령발전본부,3,2018-06-06 15:00,TSP,4.38
한국중부발전㈜보령발전본부,3,2018-06-06 15:00,SOx,29.22
한국중부발전㈜보령발전본부,3,2018-06-06 15:00,NOx,27.89
한국중부발전㈜보령발전본부,3,2018-06-06 15:30,TSP,4.35
한국중부발전㈜보령발전본부,3,2018-06-06 15:30,SOx,30.68
한국중부발전㈜보령발전본부,3,2018-06-06 15:30,NOx,27.45
한국중부발전㈜보령발전본부,3,2018-06-06 16:00,TSP,4.58
한국중부발전㈜보령발전본부,3,2018-06-06 16:00,SOx,29.33
한국중부발전㈜보령발전본부,3,2018-06-06 16:00,NOx,24.76
한국중부발전㈜보령발전본부,3,2018-06-06 16:30,TSP,4.2
한국중부발전㈜보령발전본부,3,2018-06-06 16:30,SOx,30.4
한국중부발전㈜보령발전본부,3,2018-06-06 16:30,NOx,26.74
한국중부발전㈜보령발전본부,3,2018-06-06 17:00,TSP,4.19
한국중부발전㈜보령발전본부,3,2018-06-06 17:00,SOx,30.19
한국중부발전㈜보령발전본부,3,2018-06-06 17:00,NOx,26.44
한국중부발전㈜보령발전본부,3,2018-06-06 17:30,TSP,4.15
한국중부발전㈜보령발전본부,3,2018-06-06 17:30,SOx,30.39
한국중부발전㈜보령발전본부,3,2018-06-06 17:30,NOx,26.57
한국중부발전㈜보령발전본부,3,2018-06-06 18:00,TSP,4.31
한국중부발전㈜보령발전본부,3,2018-06-06 18:00,SOx,30.13
한국중부발전㈜보령발전본부,3,2018-06-06 18:00,NOx,27.36
한국중부발전㈜보령발전본부,3,2018-06-06 18:30,TSP,4.44
한국중부발전㈜보령발전본부,3,2018-06-06 18:30,SOx,30.18
한국중부발전㈜보령발전본부,3,2018-06-06 18:30,NOx,31.39
한국중부발전㈜보령발전본부,3,2018-06-06 19:00,TSP,4.41
한국중부발전㈜보령발전본부,3,2018-06-06 19:00,SOx,29.59
한국중부발전㈜보령발전본부,3,2018-06-06 19:00,NOx,27.77
한국중부발전㈜보령발전본부,3,2018-06-06 19:30,TSP,4.47
한국중부발전㈜보령발전본부,3,2018-06-06 19:30,SOx,30.65
한국중부발전㈜보령발전본부,3,2018-06-06 19:30,NOx,30.97
한국중부발전㈜보령발전본부,3,2018-06-06 20:00,TSP,4.55
한국중부발전㈜보령발전본부,3,2018-06-06 20:00,SOx,30.79
한국중부발전㈜보령발전본부,3,2018-06-06 20:00,NOx,29.6
한국중부발전㈜보령발전본부,3,2018-06-06 20:30,TSP,4.61
한국중부발전㈜보령발전본부,3,2018-06-06 20:30,SOx,30.9
한국중부발전㈜보령발전본부,3,2018-06-06 20:30,NOx,28.51
한국중부발전㈜보령발전본부,3,2018-06-06 21:00,TSP,4.62
한국중부발전㈜보령발전본부,3,2018-06-06 21:00,SOx,33.56
한국중부발전㈜보령발전본부,3,2018-06-06 21:00,NOx,30.02
한국중부발전㈜보령발전본부,3,2018-06-06 21:30,TSP,4.45
한국중부발전㈜보령발전본부,3,2018-06-06 21:30,SOx,35.76
한국중부발전㈜보령발전본부,3,2018-06-06 21:30,NOx,28.67
한국중부발전㈜보령발전본부,3,2018-06-06 22:00,TSP,4.44
한국중부발전㈜보령발전본부,3,2018-06-06 22:00,SOx,34.47
한국중부발전㈜보령발전본부,3,2018-06-06 22:00,NOx,26.39
한국중부발전㈜보령발전본부,3,2018-06-06 22:30,TSP,4.43
한국중부발전㈜보령발전본부,3,2018-06-06 22:30,SOx,36.09
한국중부발전㈜보령발전본부,3,2018-06-06 22:30,NOx,29.83
한국중부발전㈜보령발전본부,3,2018-06-06 23:00,TSP,4.45
한국중부발전㈜보령발전본부,3,2018-06-06 23:00,SOx,34.49
한국중부발전㈜보령발전본부,3,2018-06-06 23:00,NOx,30.85
한국중부발전㈜보령발전본부,3,2018-06-06 23:30,TSP,4.34
한국중부발전㈜보령발전본부,3,2018-06-06 23:30,SOx,34.53
한국중부발전㈜보령발전본부,3,2018-06-06 23:30,NOx,32.45
한국중부발전㈜보령발전본부,3,2018-06-07 00:00,TSP,4.28
한국중부발전㈜보령발전본부,3,2018-06-07 00:00,SOx,35.05
한국중부발전㈜보령발전본부,3,2018-06-07 00:00,NOx,28.35
한국중부발전㈜보령발전본부,3,2018-06-07 00:30,TSP,4.32
한국중부발전㈜보령발전본부,3,2018-06-07 00:30,SOx,34.27
한국중부발전㈜보령발전본부,3,2018-06-07 00:30,NOx,28.86
한국중부발전㈜보령발전본부,3,2018-06-07 01:00,TSP,4.58
한국중부발전㈜보령발전본부,3,2018-06-07 01:00,SOx,33.97
한국중부발전㈜보령발전본부,3,2018-06-07 01:00,NOx,28.37
한국중부발전㈜보령발전본부,3,2018-06-07 01:30,TSP,4.55
한국중부발전㈜보령발전본부,3,2018-06-07 01:30,SOx,33.41
한국중부발전㈜보령발전본부,3,2018-06-07 01:30,NOx,32.15
한국중부발전㈜보령발전본부,3,2018-06-07 02:00,TSP,4.45
한국중부발전㈜보령발전본부,3,2018-06-07 02:00,SOx,33.72
한국중부발전㈜보령발전본부,3,2018-06-07 02:00,NOx,49.13
한국중부발전㈜보령발전본부,3,2018-06-07 02:30,TSP,4.54
한국중부발전㈜보령발전본부,3,2018-06-07 02:30,SOx,32.83
한국중부발전㈜보령발전본부,3,2018-06-07 02:30,NOx,33.42
한국중부발전㈜보령발전본부,3,2018-06-07 03:00,TSP,4.48
한국중부발전㈜보령발전본부,3,2018-06-07 03:00,SOx,30.84
한국중부발전㈜보령발전본부,3,2018-06-07 03:00,NOx,39.15
한국중부발전㈜보령발전본부,3,2018-06-07 03:30,TSP,4.5
한국중부발전㈜보령발전본부,3,2018-06-07 03:30,SOx,30.19
한국중부발전㈜보령발전본부,3,2018-06-07 03:30,NOx,23.3
한국중부발전㈜보령발전본부,3,2018-06-07 04:00,TSP,4.17
한국중부발전㈜보령발전본부,3,2018-06-07 04:00,SOx,29.3
한국중부발전㈜보령발전본부,3,2018-06-07 04:00,NOx,22.01
한국중부발전㈜보령발전본부,3,2018-06-07 04:30,TSP,4.25
한국중부발전㈜보령발전본부,3,2018-06-07 04:30,SOx,28.16
한국중부발전㈜보령발전본부,3,2018-06-07 04:30,NOx,22.33
한국중부발전㈜보령발전본부,3,2018-06-07 05:00,TSP,4.12
한국중부발전㈜보령발전본부,3,2018-06-07 05:00,SOx,28.05
한국중부발전㈜보령발전본부,3,2018-06-07 05:00,NOx,24.68
한국중부발전㈜보령발전본부,3,2018-06-07 05:30,TSP,4.37
한국중부발전㈜보령발전본부,3,2018-06-07 05:30,SOx,27.21
한국중부발전㈜보령발전본부,3,2018-06-07 05:30,NOx,24.22
한국중부발전㈜보령발전본부,3,2018-06-07 06:00,TSP,4.17
한국중부발전㈜보령발전본부,3,2018-06-07 06:00,SOx,27.97
한국중부발전㈜보령발전본부,3,2018-06-07 06:00,NOx,25.03
한국중부발전㈜보령발전본부,3,2018-06-07 06:30,TSP,4.27
한국중부발전㈜보령발전본부,3,2018-06-07 06:30,SOx,28.13
한국중부발전㈜보령발전본부,3,2018-06-07 06:30,NOx,26.43
한국중부발전㈜보령발전본부,3,2018-06-07 07:00,TSP,4.3
한국중부발전㈜보령발전본부,3,2018-06-07 07:00,SOx,27.54
한국중부발전㈜보령발전본부,3,2018-06-07 07:00,NOx,27.21
한국중부발전㈜보령발전본부,3,2018-06-07 07:30,TSP,4.43
한국중부발전㈜보령발전본부,3,2018-06-07 07:30,SOx,27.7
한국중부발전㈜보령발전본부,3,2018-06-07 07:30,NOx,23.68
한국중부발전㈜보령발전본부,3,2018-06-07 08:00,TSP,4.16
한국중부발전㈜보령발전본부,3,2018-06-07 08:00,SOx,28.06
한국중부발전㈜보령발전본부,3,2018-06-07 08:00,NOx,26.1
한국중부발전㈜보령발전본부,3,2018-06-07 08:30,TSP,4.6
한국중부발전㈜보령발전본부,3,2018-06-07 08:30,SOx,23.84
한국중부발전㈜보령발전본부,3,2018-06-07 08:30,NOx,21.01
한국중부발전㈜보령발전본부,3,2018-06-07 09:00,TSP,4.77
한국중부발전㈜보령발전본부,3,2018-06-07 09:00,SOx,17.14
한국중부발전㈜보령발전본부,3,2018-06-07 09:00,NOx,21.02
한국중부발전㈜보령발전본부,3,2018-06-07 09:30,TSP,4.83
한국중부발전㈜보령발전본부,3,2018-06-07 09:30,SOx,14.79
한국중부발전㈜보령발전본부,3,2018-06-07 09:30,NOx,23.8
한국중부발전㈜보령발전본부,3,2018-06-07 10:00,TSP,4.76
한국중부발전㈜보령발전본부,3,2018-06-07 10:00,SOx,13.72
한국중부발전㈜보령발전본부,3,2018-06-07 10:00,NOx,27.56
한국중부발전㈜보령발전본부,3,2018-06-07 10:30,TSP,4.97
한국중부발전㈜보령발전본부,3,2018-06-07 10:30,SOx,13.34
한국중부발전㈜보령발전본부,3,2018-06-07 10:30,NOx,26.67
한국중부발전㈜보령발전본부,3,2018-06-07 11:00,TSP,5.2
한국중부발전㈜보령발전본부,3,2018-06-07 11:00,SOx,14.02
한국중부발전㈜보령발전본부,3,2018-06-07 11:00,NOx,25.96
한국중부발전㈜보령발전본부,3,2018-06-07 11:30,TSP,5.39
한국중부발전㈜보령발전본부,3,2018-06-07 11:30,SOx,13.38
한국중부발전㈜보령발전본부,3,2018-06-07 11:30,NOx,27.46
한국중부발전㈜보령발전본부,3,2018-06-07 12:00,TSP,5.47
한국중부발전㈜보령발전본부,3,2018-06-07 12:00,SOx,11.18
한국중부발전㈜보령발전본부,3,2018-06-07 12:00,NOx,28.75
한국중부발전㈜보령발전본부,3,2018-06-07 12:30,TSP,5.35
한국중부발전㈜보령발전본부,3,2018-06-07 12:30,SOx,11.18
한국중부발전㈜보령발전본부,3,2018-06-07 12:30,NOx,28.75
한국중부발전㈜보령발전본부,3,2018-06-07 13:00,TSP,5.28
한국중부발전㈜보령발전본부,3,2018-06-07 13:00,SOx,11.18
한국중부발전㈜보령발전본부,3,2018-06-07 13:00,NOx,28.75
한국중부발전㈜보령발전본부,3,2018-06-07 13:30,TSP,5.03
한국중부발전㈜보령발전본부,3,2018-06-07 13:30,SOx,10.83
한국중부발전㈜보령발전본부,3,2018-06-07 13:30,NOx,23.78
한국중부발전㈜보령발전본부,3,2018-06-07 14:00,TSP,4.61
한국중부발전㈜보령발전본부,3,2018-06-07 14:00,SOx,13.09
한국중부발전㈜보령발전본부,3,2018-06-07 14:00,NOx,31.85
한국중부발전㈜보령발전본부,3,2018-06-07 14:30,TSP,4.52
한국중부발전㈜보령발전본부,3,2018-06-07 14:30,SOx,13.91
한국중부발전㈜보령발전본부,3,2018-06-07 14:30,NOx,27.32
한국중부발전㈜보령발전본부,3,2018-06-07 15:00,TSP,4.38
한국중부발전㈜보령발전본부,3,2018-06-07 15:00,SOx,14.4
한국중부발전㈜보령발전본부,3,2018-06-07 15:00,NOx,29.04
한국중부발전㈜보령발전본부,3,2018-06-07 15:30,TSP,4.31
한국중부발전㈜보령발전본부,3,2018-06-07 15:30,SOx,14.71
한국중부발전㈜보령발전본부,3,2018-06-07 15:30,NOx,26.43
한국중부발전㈜보령발전본부,3,2018-06-07 16:00,TSP,4.26
한국중부발전㈜보령발전본부,3,2018-06-07 16:00,SOx,15.06
한국중부발전㈜보령발전본부,3,2018-06-07 16:00,NOx,28.05
한국중부발전㈜보령발전본부,3,2018-06-07 16:30,TSP,4.31
한국중부발전㈜보령발전본부,3,2018-06-07 16:30,SOx,15.29
한국중부발전㈜보령발전본부,3,2018-06-07 16:30,NOx,25.48
한국중부발전㈜보령발전본부,3,2018-06-07 17:00,TSP,4.13
한국중부발전㈜보령발전본부,3,2018-06-07 17:00,SOx,16.35
한국중부발전㈜보령발전본부,3,2018-06-07 17:00,NOx,24.78
한국중부발전㈜보령발전본부,3,2018-06-07 17:30,TSP,4.03
한국중부발전㈜보령발전본부,3,2018-06-07 17:30,SOx,17.54
한국중부발전㈜보령발전본부,3,2018-06-07 17:30,NOx,25.71
한국중부발전㈜보령발전본부,3,2018-06-07 18:00,TSP,4.04
한국중부발전㈜보령발전본부,3,2018-06-07 18:00,SOx,18.9
한국중부발전㈜보령발전본부,3,2018-06-07 18:00,NOx,23.89
한국중부발전㈜보령발전본부,3,2018-06-07 18:30,TSP,4.23
한국중부발전㈜보령발전본부,3,2018-06-07 18:30,SOx,20.36
한국중부발전㈜보령발전본부,3,2018-06-07 18:30,NOx,23.96
한국중부발전㈜보령발전본부,3,2018-06-07 19:00,TSP,4.06
한국중부발전㈜보령발전본부,3,2018-06-07 19:00,SOx,20.97
한국중부발전㈜보령발전본부,3,2018-06-07 19:00,NOx,22.47
한국중부발전㈜보령발전본부,3,2018-06-07 19:30,TSP,3.96
한국중부발전㈜보령발전본부,3,2018-06-07 19:30,SOx,16.36
한국중부발전㈜보령발전본부,3,2018-06-07 19:30,NOx,23.78
한국중부발전㈜보령발전본부,3,2018-06-07 20:00,TSP,3.85
한국중부발전㈜보령발전본부,3,2018-06-07 20:00,SOx,17.47
한국중부발전㈜보령발전본부,3,2018-06-07 20:00,NOx,24.19
한국중부발전㈜보령발전본부,3,2018-06-07 20:30,TSP,3.87
한국중부발전㈜보령발전본부,3,2018-06-07 20:30,SOx,20.07
한국중부발전㈜보령발전본부,3,2018-06-07 20:30,NOx,26.12
한국중부발전㈜보령발전본부,3,2018-06-07 21:00,TSP,3.85
한국중부발전㈜보령발전본부,3,2018-06-07 21:00,SOx,22.24
한국중부발전㈜보령발전본부,3,2018-06-07 21:00,NOx,25.74
한국중부발전㈜보령발전본부,3,2018-06-07 21:30,TSP,3.85
한국중부발전㈜보령발전본부,3,2018-06-07 21:30,SOx,24.64
한국중부발전㈜보령발전본부,3,2018-06-07 21:30,NOx,26.23
한국중부발전㈜보령발전본부,3,2018-06-07 22:00,TSP,3.82
한국중부발전㈜보령발전본부,3,2018-06-07 22:00,SOx,19.9
한국중부발전㈜보령발전본부,3,2018-06-07 22:00,NOx,26.5
한국중부발전㈜보령발전본부,3,2018-06-07 22:30,TSP,3.81
한국중부발전㈜보령발전본부,3,2018-06-07 22:30,SOx,19.23
한국중부발전㈜보령발전본부,3,2018-06-07 22:30,NOx,28.65
한국중부발전㈜보령발전본부,3,2018-06-07 23:00,TSP,4.08
한국중부발전㈜보령발전본부,3,2018-06-07 23:00,SOx,21.63
한국중부발전㈜보령발전본부,3,2018-06-07 23:00,NOx,29.87
한국중부발전㈜보령발전본부,3,2018-06-07 23:30,TSP,3.93
한국중부발전㈜보령발전본부,3,2018-06-07 23:30,SOx,24.19
한국중부발전㈜보령발전본부,3,2018-06-07 23:30,NOx,31.35
한국중부발전㈜보령발전본부,3,2018-06-08 00:00,TSP,3.92
한국중부발전㈜보령발전본부,3,2018-06-08 00:00,SOx,26.02
한국중부발전㈜보령발전본부,3,2018-06-08 00:00,NOx,33.34
한국중부발전㈜보령발전본부,3,2018-06-08 00:30,TSP,3.93
한국중부발전㈜보령발전본부,3,2018-06-08 00:30,SOx,28.41
한국중부발전㈜보령발전본부,3,2018-06-08 00:30,NOx,35.91
한국중부발전㈜보령발전본부,3,2018-06-08 01:00,TSP,3.91
한국중부발전㈜보령발전본부,3,2018-06-08 01:00,SOx,29.79
한국중부발전㈜보령발전본부,3,2018-06-08 01:00,NOx,28.25
한국중부발전㈜보령발전본부,3,2018-06-08 01:30,TSP,3.94
한국중부발전㈜보령발전본부,3,2018-06-08 01:30,SOx,29.95
한국중부발전㈜보령발전본부,3,2018-06-08 01:30,NOx,28.19
한국중부발전㈜보령발전본부,3,2018-06-08 02:00,TSP,3.79
한국중부발전㈜보령발전본부,3,2018-06-08 02:00,SOx,30.42
한국중부발전㈜보령발전본부,3,2018-06-08 02:00,NOx,23.7
한국중부발전㈜보령발전본부,3,2018-06-08 02:30,TSP,3.89
한국중부발전㈜보령발전본부,3,2018-06-08 02:30,SOx,29.85
한국중부발전㈜보령발전본부,3,2018-06-08 02:30,NOx,28.28
한국중부발전㈜보령발전본부,3,2018-06-08 03:00,TSP,3.95
한국중부발전㈜보령발전본부,3,2018-06-08 03:00,SOx,30.18
한국중부발전㈜보령발전본부,3,2018-06-08 03:00,NOx,25.62
한국중부발전㈜보령발전본부,3,2018-06-08 03:30,TSP,4.04
한국중부발전㈜보령발전본부,3,2018-06-08 03:30,SOx,29.45
한국중부발전㈜보령발전본부,3,2018-06-08 03:30,NOx,25.74
한국중부발전㈜보령발전본부,3,2018-06-08 04:00,TSP,3.99
한국중부발전㈜보령발전본부,3,2018-06-08 04:00,SOx,29.52
한국중부발전㈜보령발전본부,3,2018-06-08 04:00,NOx,25.12
한국중부발전㈜보령발전본부,3,2018-06-08 04:30,TSP,3.99
한국중부발전㈜보령발전본부,3,2018-06-08 04:30,SOx,28.54
한국중부발전㈜보령발전본부,3,2018-06-08 04:30,NOx,25.9
한국중부발전㈜보령발전본부,3,2018-06-08 05:00,TSP,3.99
한국중부발전㈜보령발전본부,3,2018-06-08 05:00,SOx,28.16
한국중부발전㈜보령발전본부,3,2018-06-08 05:00,NOx,25.91
한국중부발전㈜보령발전본부,3,2018-06-08 05:30,TSP,4.08
한국중부발전㈜보령발전본부,3,2018-06-08 05:30,SOx,27.04
한국중부발전㈜보령발전본부,3,2018-06-08 05:30,NOx,25.15
한국중부발전㈜보령발전본부,3,2018-06-08 06:00,TSP,4.01
한국중부발전㈜보령발전본부,3,2018-06-08 06:00,SOx,26.43
한국중부발전㈜보령발전본부,3,2018-06-08 06:00,NOx,26.36
한국중부발전㈜보령발전본부,3,2018-06-08 06:30,TSP,4.07
한국중부발전㈜보령발전본부,3,2018-06-08 06:30,SOx,26.24
한국중부발전㈜보령발전본부,3,2018-06-08 06:30,NOx,26.98
한국중부발전㈜보령발전본부,3,2018-06-08 07:00,TSP,4.0
한국중부발전㈜보령발전본부,3,2018-06-08 07:00,SOx,26.61
한국중부발전㈜보령발전본부,3,2018-06-08 07:00,NOx,27.54
한국중부발전㈜보령발전본부,3,2018-06-08 07:30,TSP,4.28
한국중부발전㈜보령발전본부,3,2018-06-08 07:30,SOx,27.13
한국중부발전㈜보령발전본부,3,2018-06-08 07:30,NOx,25.04
한국중부발전㈜보령발전본부,3,2018-06-08 08:00,TSP,4.13
한국중부발전㈜보령발전본부,3,2018-06-08 08:00,SOx,27.7
한국중부발전㈜보령발전본부,3,2018-06-08 08:00,NOx,26.38
한국중부발전㈜보령발전본부,3,2018-06-08 08:30,TSP,4.38
한국중부발전㈜보령발전본부,3,2018-06-08 08:30,SOx,26.18
한국중부발전㈜보령발전본부,3,2018-06-08 08:30,NOx,20.44
한국중부발전㈜보령발전본부,3,2018-06-08 09:00,TSP,4.57
한국중부발전㈜보령발전본부,3,2018-06-08 09:00,SOx,22.35
한국중부발전㈜보령발전본부,3,2018-06-08 09:00,NOx,22.51
한국중부발전㈜보령발전본부,3,2018-06-08 09:30,TSP,4.57
한국중부발전㈜보령발전본부,3,2018-06-08 09:30,SOx,22.35
한국중부발전㈜보령발전본부,3,2018-06-08 09:30,NOx,22.51
한국중부발전㈜보령발전본부,3,2018-06-08 10:00,TSP,4.57
한국중부발전㈜보령발전본부,3,2018-06-08 10:00,SOx,22.35
한국중부발전㈜보령발전본부,3,2018-06-08 10:00,NOx,22.51
한국중부발전㈜보령발전본부,3,2018-06-08 10:30,TSP,4.57
한국중부발전㈜보령발전본부,3,2018-06-08 10:30,SOx,22.35
한국중부발전㈜보령발전본부,3,2018-06-08 10:30,NOx,22.51
한국중부발전㈜보령발전본부,3,2018-06-08 11:00,TSP,4.57
한국중부발전㈜보령발전본부,3,2018-06-08 11:00,SOx,22.35
한국중부발전㈜보령발전본부,3,2018-06-08 11:00,NOx,22.51
한국중부발전㈜보령발전본부,3,2018-06-08 11:30,TSP,4.57
한국중부발전㈜보령발전본부,3,2018-06-08 11:30,SOx,22.35
한국중부발전㈜보령발전본부,3,2018-06-08 11:30,NOx,22.51
한국중부발전㈜보령발전본부,3,2018-06-08 12:00,TSP,4.57
한국중부발전㈜보령발전본부,3,2018-06-08 12:00,SOx,22.35
한국중부발전㈜보령발전본부,3,2018-06-08 12:00,NOx,22.51
한국중부발전㈜보령발전본부,3,2018-06-08 12:30,TSP,4.57
한국중부발전㈜보령발전본부,3,2018-06-08 12:30,SOx,22.35
한국중부발전㈜보령발전본부,3,2018-06-08 12:30,NOx,22.51
한국중부발전㈜보령발전본부,3,2018-06-08 13:00,TSP,4.57
한국중부발전㈜보령발전본부,3,2018-06-08 13:00,SOx,22.35
한국중부발전㈜보령발전본부,3,2018-06-08 13:00,NOx,22.51
한국중부발전㈜보령발전본부,3,2018-06-08 13:30,TSP,4.57
한국중부발전㈜보령발전본부,3,2018-06-08 13:30,SOx,22.35
한국중부발전㈜보령발전본부,3,2018-06-08 13:30,NOx,22.51
한국중부발전㈜보령발전본부,3,2018-06-08 14:00,TSP,4.57
한국중부발전㈜보령발전본부,3,2018-06-08 14:00,SOx,22.35
한국중부발전㈜보령발전본부,3,2018-06-08 14:00,NOx,22.51
한국중부발전㈜보령발전본부,3,2018-06-08 14:30,TSP,4.86
한국중부발전㈜보령발전본부,3,2018-06-08 14:30,SOx,25.12
한국중부발전㈜보령발전본부,3,2018-06-08 14:30,NOx,24.26
한국중부발전㈜보령발전본부,3,2018-06-08 15:00,TSP,4.85
한국중부발전㈜보령발전본부,3,2018-06-08 15:00,SOx,27.96
한국중부발전㈜보령발전본부,3,2018-06-08 15:00,NOx,26.54
한국중부발전㈜보령발전본부,3,2018-06-08 15:30,TSP,4.85
한국중부발전㈜보령발전본부,3,2018-06-08 15:30,SOx,30.66
한국중부발전㈜보령발전본부,3,2018-06-08 15:30,NOx,21.94
한국중부발전㈜보령발전본부,3,2018-06-08 16:00,TSP,4.89
한국중부발전㈜보령발전본부,3,2018-06-08 16:00,SOx,22.79
한국중부발전㈜보령발전본부,3,2018-06-08 16:00,NOx,24.95
한국중부발전㈜보령발전본부,3,2018-06-08 16:30,TSP,4.73
한국중부발전㈜보령발전본부,3,2018-06-08 16:30,SOx,23.25
한국중부발전㈜보령발전본부,3,2018-06-08 16:30,NOx,24.16
한국중부발전㈜보령발전본부,3,2018-06-08 17:00,TSP,4.66
한국중부발전㈜보령발전본부,3,2018-06-08 17:00,SOx,26.41
한국중부발전㈜보령발전본부,3,2018-06-08 17:00,NOx,26.33
한국중부발전㈜보령발전본부,3,2018-06-08 17:30,TSP,4.43
한국중부발전㈜보령발전본부,3,2018-06-08 17:30,SOx,24.22
한국중부발전㈜보령발전본부,3,2018-06-08 17:30,NOx,22.14
한국중부발전㈜보령발전본부,3,2018-06-08 18:00,TSP,4.33
한국중부발전㈜보령발전본부,3,2018-06-08 18:00,SOx,25.37
한국중부발전㈜보령발전본부,3,2018-06-08 18:00,NOx,23.18
한국중부발전㈜보령발전본부,3,2018-06-08 18:30,TSP,4.27
한국중부발전㈜보령발전본부,3,2018-06-08 18:30,SOx,25.5
한국중부발전㈜보령발전본부,3,2018-06-08 18:30,NOx,26.76
한국중부발전㈜보령발전본부,3,2018-06-08 19:00,TSP,4.09
한국중부발전㈜보령발전본부,3,2018-06-08 19:00,SOx,23.75
한국중부발전㈜보령발전본부,3,2018-06-08 19:00,NOx,24.05
한국중부발전㈜보령발전본부,3,2018-06-08 19:30,TSP,4.13
한국중부발전㈜보령발전본부,3,2018-06-08 19:30,SOx,25.34
한국중부발전㈜보령발전본부,3,2018-06-08 19:30,NOx,26.66
한국중부발전㈜보령발전본부,3,2018-06-08 20:00,TSP,4.12
한국중부발전㈜보령발전본부,3,2018-06-08 20:00,SOx,25.02
한국중부발전㈜보령발전본부,3,2018-06-08 20:00,NOx,24.86
한국중부발전㈜보령발전본부,3,2018-06-08 20:30,TSP,4.08
한국중부발전㈜보령발전본부,3,2018-06-08 20:30,SOx,25.41
한국중부발전㈜보령발전본부,3,2018-06-08 20:30,NOx,24.69
한국중부발전㈜보령발전본부,3,2018-06-08 21:00,TSP,4.18
한국중부발전㈜보령발전본부,3,2018-06-08 21:00,SOx,26.3
한국중부발전㈜보령발전본부,3,2018-06-08 21:00,NOx,27.22
한국중부발전㈜보령발전본부,3,2018-06-08 21:30,TSP,4.15
한국중부발전㈜보령발전본부,3,2018-06-08 21:30,SOx,26.91
한국중부발전㈜보령발전본부,3,2018-06-08 21:30,NOx,24.5
한국중부발전㈜보령발전본부,3,2018-06-08 22:00,TSP,4.15
한국중부발전㈜보령발전본부,3,2018-06-08 22:00,SOx,26.89
한국중부발전㈜보령발전본부,3,2018-06-08 22:00,NOx,24.29
한국중부발전㈜보령발전본부,3,2018-06-08 22:30,TSP,4.24
한국중부발전㈜보령발전본부,3,2018-06-08 22:30,SOx,26.99
한국중부발전㈜보령발전본부,3,2018-06-08 22:30,NOx,23.77
한국중부발전㈜보령발전본부,3,2018-06-08 23:00,TSP,4.29
한국중부발전㈜보령발전본부,3,2018-06-08 23:00,SOx,27.96
한국중부발전㈜보령발전본부,3,2018-06-08 23:00,NOx,28.36
한국중부발전㈜보령발전본부,3,2018-06-08 23:30,TSP,4.22
한국중부발전㈜보령발전본부,3,2018-06-08 23:30,SOx,28.7
한국중부발전㈜보령발전본부,3,2018-06-08 23:30,NOx,26.7
한국중부발전㈜보령발전본부,3,2018-06-09 00:00,TSP,4.11
한국중부발전㈜보령발전본부,3,2018-06-09 00:00,SOx,29.17
한국중부발전㈜보령발전본부,3,2018-06-09 00:00,NOx,27.22
한국중부발전㈜보령발전본부,3,2018-06-09 00:30,TSP,4.16
한국중부발전㈜보령발전본부,3,2018-06-09 00:30,SOx,30.31
한국중부발전㈜보령발전본부,3,2018-06-09 00:30,NOx,29.16
한국중부발전㈜보령발전본부,3,2018-06-09 01:00,TSP,4.09
한국중부발전㈜보령발전본부,3,2018-06-09 01:00,SOx,28.7
한국중부발전㈜보령발전본부,3,2018-06-09 01:00,NOx,32.82
한국중부발전㈜보령발전본부,3,2018-06-09 01:30,TSP,4.15
한국중부발전㈜보령발전본부,3,2018-06-09 01:30,SOx,29.36
한국중부발전㈜보령발전본부,3,2018-06-09 01:30,NOx,29.33
한국중부발전㈜보령발전본부,3,2018-06-09 02:00,TSP,4.1
한국중부발전㈜보령발전본부,3,2018-06-09 02:00,SOx,30.02
한국중부발전㈜보령발전본부,3,2018-06-09 02:00,NOx,27.62
한국중부발전㈜보령발전본부,3,2018-06-09 02:30,TSP,4.1
한국중부발전㈜보령발전본부,3,2018-06-09 02:30,SOx,30.03
한국중부발전㈜보령발전본부,3,2018-06-09 02:30,NOx,26.82
한국중부발전㈜보령발전본부,3,2018-06-09 03:00,TSP,4.07
한국중부발전㈜보령발전본부,3,2018-06-09 03:00,SOx,30.38
한국중부발전㈜보령발전본부,3,2018-06-09 03:00,NOx,26.75
한국중부발전㈜보령발전본부,3,2018-06-09 03:30,TSP,4.06
한국중부발전㈜보령발전본부,3,2018-06-09 03:30,SOx,29.57
한국중부발전㈜보령발전본부,3,2018-06-09 03:30,NOx,27.14
한국중부발전㈜보령발전본부,3,2018-06-09 04:00,TSP,4.08
한국중부발전㈜보령발전본부,3,2018-06-09 04:00,SOx,30.62
한국중부발전㈜보령발전본부,3,2018-06-09 04:00,NOx,28.22
한국중부발전㈜보령발전본부,3,2018-06-09 04:30,TSP,4.01
한국중부발전㈜보령발전본부,3,2018-06-09 04:30,SOx,30.12
한국중부발전㈜보령발전본부,3,2018-06-09 04:30,NOx,26.2
한국중부발전㈜보령발전본부,3,2018-06-09 05:00,TSP,3.99
한국중부발전㈜보령발전본부,3,2018-06-09 05:00,SOx,29.59
한국중부발전㈜보령발전본부,3,2018-06-09 05:00,NOx,25.69
한국중부발전㈜보령발전본부,3,2018-06-09 05:30,TSP,3.95
한국중부발전㈜보령발전본부,3,2018-06-09 05:30,SOx,30.09
한국중부발전㈜보령발전본부,3,2018-06-09 05:30,NOx,24.59
한국중부발전㈜보령발전본부,3,2018-06-09 06:00,TSP,3.89
한국중부발전㈜보령발전본부,3,2018-06-09 06:00,SOx,32.39
한국중부발전㈜보령발전본부,3,2018-06-09 06:00,NOx,24.61
한국중부발전㈜보령발전본부,3,2018-06-09 06:30,TSP,3.92
한국중부발전㈜보령발전본부,3,2018-06-09 06:30,SOx,34.6
한국중부발전㈜보령발전본부,3,2018-06-09 06:30,NOx,23.91
한국중부발전㈜보령발전본부,3,2018-06-09 07:00,TSP,3.97
한국중부발전㈜보령발전본부,3,2018-06-09 07:00,SOx,34.21
한국중부발전㈜보령발전본부,3,2018-06-09 07:00,NOx,24.39
한국중부발전㈜보령발전본부,3,2018-06-09 07:30,TSP,4.36
한국중부발전㈜보령발전본부,3,2018-06-09 07:30,SOx,33.89
한국중부발전㈜보령발전본부,3,2018-06-09 07:30,NOx,23.7
한국중부발전㈜보령발전본부,3,2018-06-09 08:00,TSP,4.38
한국중부발전㈜보령발전본부,3,2018-06-09 08:00,SOx,30.61
한국중부발전㈜보령발전본부,3,2018-06-09 08:00,NOx,24.82
한국중부발전㈜보령발전본부,3,2018-06-09 08:30,TSP,4.63
한국중부발전㈜보령발전본부,3,2018-06-09 08:30,SOx,31.7
한국중부발전㈜보령발전본부,3,2018-06-09 08:30,NOx,26.11
한국중부발전㈜보령발전본부,3,2018-06-09 09:00,TSP,4.68
한국중부발전㈜보령발전본부,3,2018-06-09 09:00,SOx,30.71
한국중부발전㈜보령발전본부,3,2018-06-09 09:00,NOx,26.04
한국중부발전㈜보령발전본부,3,2018-06-09 09:30,TSP,4.75
한국중부발전㈜보령발전본부,3,2018-06-09 09:30,SOx,30.82
한국중부발전㈜보령발전본부,3,2018-06-09 09:30,NOx,25.92
한국중부발전㈜보령발전본부,3,2018-06-09 10:00,TSP,4.86
한국중부발전㈜보령발전본부,3,2018-06-09 10:00,SOx,31.0
한국중부발전㈜보령발전본부,3,2018-06-09 10:00,NOx,26.97
한국중부발전㈜보령발전본부,3,2018-06-09 10:30,TSP,4.85
한국중부발전㈜보령발전본부,3,2018-06-09 10:30,SOx,30.29
한국중부발전㈜보령발전본부,3,2018-06-09 10:30,NOx,25.93
한국중부발전㈜보령발전본부,3,2018-06-09 11:00,TSP,4.76
한국중부발전㈜보령발전본부,3,2018-06-09 11:00,SOx,28.58
한국중부발전㈜보령발전본부,3,2018-06-09 11:00,NOx,26.23
한국중부발전㈜보령발전본부,3,2018-06-09 11:30,TSP,4.8
한국중부발전㈜보령발전본부,3,2018-06-09 11:30,SOx,27.6
한국중부발전㈜보령발전본부,3,2018-06-09 11:30,NOx,26.36
한국중부발전㈜보령발전본부,3,2018-06-09 12:00,TSP,4.83
한국중부발전㈜보령발전본부,3,2018-06-09 12:00,SOx,28.59
한국중부발전㈜보령발전본부,3,2018-06-09 12:00,NOx,25.69
한국중부발전㈜보령발전본부,3,2018-06-09 12:30,TSP,4.61
한국중부발전㈜보령발전본부,3,2018-06-09 12:30,SOx,28.59
한국중부발전㈜보령발전본부,3,2018-06-09 12:30,NOx,25.69
한국중부발전㈜보령발전본부,3,2018-06-09 13:00,TSP,4.52
한국중부발전㈜보령발전본부,3,2018-06-09 13:00,SOx,28.59
한국중부발전㈜보령발전본부,3,2018-06-09 13:00,NOx,25.69
한국중부발전㈜보령발전본부,3,2018-06-09 13:30,TSP,4.39
한국중부발전㈜보령발전본부,3,2018-06-09 13:30,SOx,27.25
한국중부발전㈜보령발전본부,3,2018-06-09 13:30,NOx,25.8
한국중부발전㈜보령발전본부,3,2018-06-09 14:00,TSP,4.39
한국중부발전㈜보령발전본부,3,2018-06-09 14:00,SOx,26.51
한국중부발전㈜보령발전본부,3,2018-06-09 14:00,NOx,26.07
한국중부발전㈜보령발전본부,3,2018-06-09 14:30,TSP,4.32
한국중부발전㈜보령발전본부,3,2018-06-09 14:30,SOx,26.61
한국중부발전㈜보령발전본부,3,2018-06-09 14:30,NOx,27.73
한국중부발전㈜보령발전본부,3,2018-06-09 15:00,TSP,4.59
한국중부발전㈜보령발전본부,3,2018-06-09 15:00,SOx,27.32
한국중부발전㈜보령발전본부,3,2018-06-09 15:00,NOx,35.23
한국중부발전㈜보령발전본부,3,2018-06-09 15:30,TSP,4.33
한국중부발전㈜보령발전본부,3,2018-06-09 15:30,SOx,28.3
한국중부발전㈜보령발전본부,3,2018-06-09 15:30,NOx,26.81
한국중부발전㈜보령발전본부,3,2018-06-09 16:00,TSP,4.25
한국중부발전㈜보령발전본부,3,2018-06-09 16:00,SOx,29.0
한국중부발전㈜보령발전본부,3,2018-06-09 16:00,NOx,24.42
한국중부발전㈜보령발전본부,3,2018-06-09 16:30,TSP,4.19
한국중부발전㈜보령발전본부,3,2018-06-09 16:30,SOx,28.33
한국중부발전㈜보령발전본부,3,2018-06-09 16:30,NOx,24.12
한국중부발전㈜보령발전본부,3,2018-06-09 17:00,TSP,4.3
한국중부발전㈜보령발전본부,3,2018-06-09 17:00,SOx,28.88
한국중부발전㈜보령발전본부,3,2018-06-09 17:00,NOx,23.99
한국중부발전㈜보령발전본부,3,2018-06-09 17:30,TSP,4.25
한국중부발전㈜보령발전본부,3,2018-06-09 17:30,SOx,28.86
한국중부발전㈜보령발전본부,3,2018-06-09 17:30,NOx,23.79
한국중부발전㈜보령발전본부,3,2018-06-09 18:00,TSP,4.36
한국중부발전㈜보령발전본부,3,2018-06-09 18:00,SOx,29.56
한국중부발전㈜보령발전본부,3,2018-06-09 18:00,NOx,25.93
한국중부발전㈜보령발전본부,3,2018-06-09 18:30,TSP,4.51
한국중부발전㈜보령발전본부,3,2018-06-09 18:30,SOx,30.08
한국중부발전㈜보령발전본부,3,2018-06-09 18:30,NOx,26.25
한국중부발전㈜보령발전본부,3,2018-06-09 19:00,TSP,4.42
한국중부발전㈜보령발전본부,3,2018-06-09 19:00,SOx,29.15
한국중부발전㈜보령발전본부,3,2018-06-09 19:00,NOx,29.78
한국중부발전㈜보령발전본부,3,2018-06-09 19:30,TSP,4.46
한국중부발전㈜보령발전본부,3,2018-06-09 19:30,SOx,28.78
한국중부발전㈜보령발전본부,3,2018-06-09 19:30,NOx,26.19
한국중부발전㈜보령발전본부,3,2018-06-09 20:00,TSP,4.57
한국중부발전㈜보령발전본부,3,2018-06-09 20:00,SOx,29.12
한국중부발전㈜보령발전본부,3,2018-06-09 20:00,NOx,26.38
한국중부발전㈜보령발전본부,3,2018-06-09 20:30,TSP,4.52
한국중부발전㈜보령발전본부,3,2018-06-09 20:30,SOx,30.62
한국중부발전㈜보령발전본부,3,2018-06-09 20:30,NOx,25.35
한국중부발전㈜보령발전본부,3,2018-06-09 21:00,TSP,4.53
한국중부발전㈜보령발전본부,3,2018-06-09 21:00,SOx,28.8
한국중부발전㈜보령발전본부,3,2018-06-09 21:00,NOx,24.42
한국중부발전㈜보령발전본부,3,2018-06-09 21:30,TSP,4.31
한국중부발전㈜보령발전본부,3,2018-06-09 21:30,SOx,29.94
한국중부발전㈜보령발전본부,3,2018-06-09 21:30,NOx,24.33
한국중부발전㈜보령발전본부,3,2018-06-09 22:00,TSP,4.44
한국중부발전㈜보령발전본부,3,2018-06-09 22:00,SOx,28.27
한국중부발전㈜보령발전본부,3,2018-06-09 22:00,NOx,26.56
한국중부발전㈜보령발전본부,3,2018-06-09 22:30,TSP,4.33
한국중부발전㈜보령발전본부,3,2018-06-09 22:30,SOx,27.02
한국중부발전㈜보령발전본부,3,2018-06-09 22:30,NOx,26.26
한국중부발전㈜보령발전본부,3,2018-06-09 23:00,TSP,4.51
한국중부발전㈜보령발전본부,3,2018-06-09 23:00,SOx,29.2
한국중부발전㈜보령발전본부,3,2018-06-09 23:00,NOx,26.5
한국중부발전㈜보령발전본부,3,2018-06-09 23:30,TSP,4.42
한국중부발전㈜보령발전본부,3,2018-06-09 23:30,SOx,30.19
한국중부발전㈜보령발전본부,3,2018-06-09 23:30,NOx,25.81
한국중부발전㈜보령발전본부,3,2018-06-10 00:00,TSP,4.33
한국중부발전㈜보령발전본부,3,2018-06-10 00:00,SOx,29.99
한국중부발전㈜보령발전본부,3,2018-06-10 00:00,NOx,24.26
한국중부발전㈜보령발전본부,3,2018-06-10 00:30,TSP,4.25
한국중부발전㈜보령발전본부,3,2018-06-10 00:30,SOx,29.68
한국중부발전㈜보령발전본부,3,2018-06-10 00:30,NOx,25.24
한국중부발전㈜보령발전본부,3,2018-06-10 01:00,TSP,4.16
한국중부발전㈜보령발전본부,3,2018-06-10 01:00,SOx,30.23
한국중부발전㈜보령발전본부,3,2018-06-10 01:00,NOx,24.89
한국중부발전㈜보령발전본부,3,2018-06-10 01:30,TSP,4.08
한국중부발전㈜보령발전본부,3,2018-06-10 01:30,SOx,30.37
한국중부발전㈜보령발전본부,3,2018-06-10 01:30,NOx,23.65
한국중부발전㈜보령발전본부,3,2018-06-10 02:00,TSP,4.1
한국중부발전㈜보령발전본부,3,2018-06-10 02:00,SOx,29.18
한국중부발전㈜보령발전본부,3,2018-06-10 02:00,NOx,25.12
한국중부발전㈜보령발전본부,3,2018-06-10 02:30,TSP,4.0
한국중부발전㈜보령발전본부,3,2018-06-10 02:30,SOx,28.89
한국중부발전㈜보령발전본부,3,2018-06-10 02:30,NOx,25.14
한국중부발전㈜보령발전본부,3,2018-06-10 03:00,TSP,4.07
한국중부발전㈜보령발전본부,3,2018-06-10 03:00,SOx,29.52
한국중부발전㈜보령발전본부,3,2018-06-10 03:00,NOx,22.46
한국중부발전㈜보령발전본부,3,2018-06-10 03:30,TSP,4.01
한국중부발전㈜보령발전본부,3,2018-06-10 03:30,SOx,29.57
한국중부발전㈜보령발전본부,3,2018-06-10 03:30,NOx,23.86
한국중부발전㈜보령발전본부,3,2018-06-10 04:00,TSP,4.28
한국중부발전㈜보령발전본부,3,2018-06-10 04:00,SOx,29.83
한국중부발전㈜보령발전본부,3,2018-06-10 04:00,NOx,22.86
한국중부발전㈜보령발전본부,3,2018-06-10 04:30,TSP,4.16
한국중부발전㈜보령발전본부,3,2018-06-10 04:30,SOx,18.24
한국중부발전㈜보령발전본부,3,2018-06-10 04:30,NOx,21.41
한국중부발전㈜보령발전본부,3,2018-06-10 05:00,TSP,4.2
한국중부발전㈜보령발전본부,3,2018-06-10 05:00,SOx,21.64
한국중부발전㈜보령발전본부,3,2018-06-10 05:00,NOx,21.74
한국중부발전㈜보령발전본부,3,2018-06-10 05:30,TSP,4.24
한국중부발전㈜보령발전본부,3,2018-06-10 05:30,SOx,26.57
한국중부발전㈜보령발전본부,3,2018-06-10 05:30,NOx,22.39
한국중부발전㈜보령발전본부,3,2018-06-10 06:00,TSP,4.22
한국중부발전㈜보령발전본부,3,2018-06-10 06:00,SOx,29.61
한국중부발전㈜보령발전본부,3,2018-06-10 06:00,NOx,23.33
한국중부발전㈜보령발전본부,3,2018-06-10 06:30,TSP,4.24
한국중부발전㈜보령발전본부,3,2018-06-10 06:30,SOx,30.68
한국중부발전㈜보령발전본부,3,2018-06-10 06:30,NOx,22.18
한국중부발전㈜보령발전본부,3,2018-06-10 07:00,TSP,4.02
한국중부발전㈜보령발전본부,3,2018-06-10 07:00,SOx,30.3
한국중부발전㈜보령발전본부,3,2018-06-10 07:00,NOx,22.66
한국중부발전㈜보령발전본부,3,2018-06-10 07:30,TSP,4.04
한국중부발전㈜보령발전본부,3,2018-06-10 07:30,SOx,34.02
한국중부발전㈜보령발전본부,3,2018-06-10 07:30,NOx,23.56
한국중부발전㈜보령발전본부,3,2018-06-10 08:00,TSP,4.01
한국중부발전㈜보령발전본부,3,2018-06-10 08:00,SOx,32.35
한국중부발전㈜보령발전본부,3,2018-06-10 08:00,NOx,22.16
한국중부발전㈜보령발전본부,3,2018-06-10 08:30,TSP,4.16
한국중부발전㈜보령발전본부,3,2018-06-10 08:30,SOx,32.96
한국중부발전㈜보령발전본부,3,2018-06-10 08:30,NOx,24.91
한국중부발전㈜보령발전본부,3,2018-06-10 09:00,TSP,4.41
한국중부발전㈜보령발전본부,3,2018-06-10 09:00,SOx,32.88
한국중부발전㈜보령발전본부,3,2018-06-10 09:00,NOx,28.8
한국중부발전㈜보령발전본부,3,2018-06-10 09:30,TSP,4.51
한국중부발전㈜보령발전본부,3,2018-06-10 09:30,SOx,33.26
한국중부발전㈜보령발전본부,3,2018-06-10 09:30,NOx,31.2
한국중부발전㈜보령발전본부,3,2018-06-10 10:00,TSP,4.27
한국중부발전㈜보령발전본부,3,2018-06-10 10:00,SOx,32.37
한국중부발전㈜보령발전본부,3,2018-06-10 10:00,NOx,29.27
한국중부발전㈜보령발전본부,3,2018-06-10 10:30,TSP,4.28
한국중부발전㈜보령발전본부,3,2018-06-10 10:30,SOx,34.32
한국중부발전㈜보령발전본부,3,2018-06-10 10:30,NOx,28.22
한국중부발전㈜보령발전본부,3,2018-06-10 11:00,TSP,4.37
한국중부발전㈜보령발전본부,3,2018-06-10 11:00,SOx,31.65
한국중부발전㈜보령발전본부,3,2018-06-10 11:00,NOx,25.54
한국중부발전㈜보령발전본부,3,2018-06-10 11:30,TSP,4.61
한국중부발전㈜보령발전본부,3,2018-06-10 11:30,SOx,32.72
한국중부발전㈜보령발전본부,3,2018-06-10 11:30,NOx,26.19
한국중부발전㈜보령발전본부,3,2018-06-10 12:00,TSP,4.61
한국중부발전㈜보령발전본부,3,2018-06-10 12:00,SOx,33.16
한국중부발전㈜보령발전본부,3,2018-06-10 12:00,NOx,25.52
한국중부발전㈜보령발전본부,3,2018-06-10 12:30,TSP,4.51
한국중부발전㈜보령발전본부,3,2018-06-10 12:30,SOx,33.16
한국중부발전㈜보령발전본부,3,2018-06-10 12:30,NOx,25.52
한국중부발전㈜보령발전본부,3,2018-06-10 13:00,TSP,4.51
한국중부발전㈜보령발전본부,3,2018-06-10 13:00,SOx,33.16
한국중부발전㈜보령발전본부,3,2018-06-10 13:00,NOx,25.52
한국중부발전㈜보령발전본부,3,2018-06-10 13:30,TSP,4.36
한국중부발전㈜보령발전본부,3,2018-06-10 13:30,SOx,33.15
한국중부발전㈜보령발전본부,3,2018-06-10 13:30,NOx,24.01
한국중부발전㈜보령발전본부,3,2018-06-10 14:00,TSP,4.12
한국중부발전㈜보령발전본부,3,2018-06-10 14:00,SOx,32.97
한국중부발전㈜보령발전본부,3,2018-06-10 14:00,NOx,25.16
한국중부발전㈜보령발전본부,3,2018-06-10 14:30,TSP,4.16
한국중부발전㈜보령발전본부,3,2018-06-10 14:30,SOx,28.73
한국중부발전㈜보령발전본부,3,2018-06-10 14:30,NOx,26.25
한국중부발전㈜보령발전본부,3,2018-06-10 15:00,TSP,4.17
한국중부발전㈜보령발전본부,3,2018-06-10 15:00,SOx,29.61
한국중부발전㈜보령발전본부,3,2018-06-10 15:00,NOx,26.75
한국중부발전㈜보령발전본부,3,2018-06-10 15:30,TSP,4.23
한국중부발전㈜보령발전본부,3,2018-06-10 15:30,SOx,31.08
한국중부발전㈜보령발전본부,3,2018-06-10 15:30,NOx,26.27
한국중부발전㈜보령발전본부,3,2018-06-10 16:00,TSP,3.92
한국중부발전㈜보령발전본부,3,2018-06-10 16:00,SOx,29.36
한국중부발전㈜보령발전본부,3,2018-06-10 16:00,NOx,27.17
한국중부발전㈜보령발전본부,3,2018-06-10 16:30,TSP,3.89
한국중부발전㈜보령발전본부,3,2018-06-10 16:30,SOx,28.69
한국중부발전㈜보령발전본부,3,2018-06-10 16:30,NOx,26.54
한국중부발전㈜보령발전본부,3,2018-06-10 17:00,TSP,3.93
한국중부발전㈜보령발전본부,3,2018-06-10 17:00,SOx,29.32
한국중부발전㈜보령발전본부,3,2018-06-10 17:00,NOx,22.65
한국중부발전㈜보령발전본부,3,2018-06-10 17:30,TSP,3.9
한국중부발전㈜보령발전본부,3,2018-06-10 17:30,SOx,28.99
한국중부발전㈜보령발전본부,3,2018-06-10 17:30,NOx,24.44
한국중부발전㈜보령발전본부,3,2018-06-10 18:00,TSP,3.93
한국중부발전㈜보령발전본부,3,2018-06-10 18:00,SOx,27.89
한국중부발전㈜보령발전본부,3,2018-06-10 18:00,NOx,23.64
한국중부발전㈜보령발전본부,3,2018-06-10 18:30,TSP,3.94
한국중부발전㈜보령발전본부,3,2018-06-10 18:30,SOx,27.39
한국중부발전㈜보령발전본부,3,2018-06-10 18:30,NOx,25.51
한국중부발전㈜보령발전본부,3,2018-06-10 19:00,TSP,3.94
한국중부발전㈜보령발전본부,3,2018-06-10 19:00,SOx,26.52
한국중부발전㈜보령발전본부,3,2018-06-10 19:00,NOx,22.39
한국중부발전㈜보령발전본부,3,2018-06-10 19:30,TSP,3.91
한국중부발전㈜보령발전본부,3,2018-06-10 19:30,SOx,25.37
한국중부발전㈜보령발전본부,3,2018-06-10 19:30,NOx,22.79
한국중부발전㈜보령발전본부,3,2018-06-10 20:00,TSP,3.89
한국중부발전㈜보령발전본부,3,2018-06-10 20:00,SOx,24.95
한국중부발전㈜보령발전본부,3,2018-06-10 20:00,NOx,23.24
한국중부발전㈜보령발전본부,3,2018-06-10 20:30,TSP,3.96
한국중부발전㈜보령발전본부,3,2018-06-10 20:30,SOx,23.62
한국중부발전㈜보령발전본부,3,2018-06-10 20:30,NOx,23.76
한국중부발전㈜보령발전본부,3,2018-06-10 21:00,TSP,4.01
한국중부발전㈜보령발전본부,3,2018-06-10 21:00,SOx,22.73
한국중부발전㈜보령발전본부,3,2018-06-10 21:00,NOx,24.05
한국중부발전㈜보령발전본부,3,2018-06-10 21:30,TSP,4.11
한국중부발전㈜보령발전본부,3,2018-06-10 21:30,SOx,22.39
한국중부발전㈜보령발전본부,3,2018-06-10 21:30,NOx,23.75
한국중부발전㈜보령발전본부,3,2018-06-10 22:00,TSP,3.99
한국중부발전㈜보령발전본부,3,2018-06-10 22:00,SOx,21.79
한국중부발전㈜보령발전본부,3,2018-06-10 22:00,NOx,24.14
한국중부발전㈜보령발전본부,3,2018-06-10 22:30,TSP,3.98
한국중부발전㈜보령발전본부,3,2018-06-10 22:30,SOx,20.63
한국중부발전㈜보령발전본부,3,2018-06-10 22:30,NOx,23.52
한국중부발전㈜보령발전본부,3,2018-06-10 23:00,TSP,4.01
한국중부발전㈜보령발전본부,3,2018-06-10 23:00,SOx,20.11
한국중부발전㈜보령발전본부,3,2018-06-10 23:00,NOx,23.94
한국중부발전㈜보령발전본부,3,2018-06-10 23:30,TSP,4.05
한국중부발전㈜보령발전본부,3,2018-06-10 23:30,SOx,20.0
한국중부발전㈜보령발전본부,3,2018-06-10 23:30,NOx,25.44
한국중부발전㈜보령발전본부,3,2018-06-11 00:00,TSP,4.15
한국중부발전㈜보령발전본부,3,2018-06-11 00:00,SOx,18.5
한국중부발전㈜보령발전본부,3,2018-06-11 00:00,NOx,20.28
한국중부발전㈜보령발전본부,3,2018-06-11 00:30,TSP,4.04
한국중부발전㈜보령발전본부,3,2018-06-11 00:30,SOx,17.75
한국중부발전㈜보령발전본부,3,2018-06-11 00:30,NOx,21.98
한국중부발전㈜보령발전본부,3,2018-06-11 01:00,TSP,4.09
한국중부발전㈜보령발전본부,3,2018-06-11 01:00,SOx,16.24
한국중부발전㈜보령발전본부,3,2018-06-11 01:00,NOx,23.49
한국중부발전㈜보령발전본부,3,2018-06-11 01:30,TSP,4.06
한국중부발전㈜보령발전본부,3,2018-06-11 01:30,SOx,16.03
한국중부발전㈜보령발전본부,3,2018-06-11 01:30,NOx,23.3
한국중부발전㈜보령발전본부,3,2018-06-11 02:00,TSP,4.22
한국중부발전㈜보령발전본부,3,2018-06-11 02:00,SOx,18.26
한국중부발전㈜보령발전본부,3,2018-06-11 02:00,NOx,20.7
한국중부발전㈜보령발전본부,3,2018-06-11 02:30,TSP,4.16
한국중부발전㈜보령발전본부,3,2018-06-11 02:30,SOx,21.14
한국중부발전㈜보령발전본부,3,2018-06-11 02:30,NOx,22.89
한국중부발전㈜보령발전본부,3,2018-06-11 03:00,TSP,4.24
한국중부발전㈜보령발전본부,3,2018-06-11 03:00,SOx,21.19
한국중부발전㈜보령발전본부,3,2018-06-11 03:00,NOx,21.69
한국중부발전㈜보령발전본부,3,2018-06-11 03:30,TSP,4.25
한국중부발전㈜보령발전본부,3,2018-06-11 03:30,SOx,22.69
한국중부발전㈜보령발전본부,3,2018-06-11 03:30,NOx,24.56
한국중부발전㈜보령발전본부,3,2018-06-11 04:00,TSP,4.47
한국중부발전㈜보령발전본부,3,2018-06-11 04:00,SOx,22.07
한국중부발전㈜보령발전본부,3,2018-06-11 04:00,NOx,25.61
한국중부발전㈜보령발전본부,3,2018-06-11 04:30,TSP,4.09
한국중부발전㈜보령발전본부,3,2018-06-11 04:30,SOx,21.53
한국중부발전㈜보령발전본부,3,2018-06-11 04:30,NOx,28.06
한국중부발전㈜보령발전본부,3,2018-06-11 05:00,TSP,4.32
한국중부발전㈜보령발전본부,3,2018-06-11 05:00,SOx,20.69
한국중부발전㈜보령발전본부,3,2018-06-11 05:00,NOx,24.78
한국중부발전㈜보령발전본부,3,2018-06-11 05:30,TSP,4.2
한국중부발전㈜보령발전본부,3,2018-06-11 05:30,SOx,19.89
한국중부발전㈜보령발전본부,3,2018-06-11 05:30,NOx,24.28
한국중부발전㈜보령발전본부,3,2018-06-11 06:00,TSP,4.26
한국중부발전㈜보령발전본부,3,2018-06-11 06:00,SOx,22.4
한국중부발전㈜보령발전본부,3,2018-06-11 06:00,NOx,26.27
한국중부발전㈜보령발전본부,3,2018-06-11 06:30,TSP,4.16
한국중부발전㈜보령발전본부,3,2018-06-11 06:30,SOx,22.36
한국중부발전㈜보령발전본부,3,2018-06-11 06:30,NOx,29.43
한국중부발전㈜보령발전본부,3,2018-06-11 07:00,TSP,4.19
한국중부발전㈜보령발전본부,3,2018-06-11 07:00,SOx,25.67
한국중부발전㈜보령발전본부,3,2018-06-11 07:00,NOx,25.24
한국중부발전㈜보령발전본부,3,2018-06-11 07:30,TSP,4.21
한국중부발전㈜보령발전본부,3,2018-06-11 07:30,SOx,25.42
한국중부발전㈜보령발전본부,3,2018-06-11 07:30,NOx,30.09
한국중부발전㈜보령발전본부,3,2018-06-11 08:00,TSP,4.45
한국중부발전㈜보령발전본부,3,2018-06-11 08:00,SOx,24.82
한국중부발전㈜보령발전본부,3,2018-06-11 08:00,NOx,32.35
한국중부발전㈜보령발전본부,3,2018-06-11 08:30,TSP,4.46
한국중부발전㈜보령발전본부,3,2018-06-11 08:30,SOx,24.73
한국중부발전㈜보령발전본부,3,2018-06-11 08:30,NOx,36.2
한국중부발전㈜보령발전본부,3,2018-06-11 09:00,TSP,4.64
한국중부발전㈜보령발전본부,3,2018-06-11 09:00,SOx,25.79
한국중부발전㈜보령발전본부,3,2018-06-11 09:00,NOx,27.94
한국중부발전㈜보령발전본부,3,2018-06-11 09:30,TSP,4.54
한국중부발전㈜보령발전본부,3,2018-06-11 09:30,SOx,24.84
한국중부발전㈜보령발전본부,3,2018-06-11 09:30,NOx,28.79
한국중부발전㈜보령발전본부,3,2018-06-11 10:00,TSP,4.58
한국중부발전㈜보령발전본부,3,2018-06-11 10:00,SOx,24.55
한국중부발전㈜보령발전본부,3,2018-06-11 10:00,NOx,30.03
한국중부발전㈜보령발전본부,3,2018-06-11 10:30,TSP,4.76
한국중부발전㈜보령발전본부,3,2018-06-11 10:30,SOx,25.55
한국중부발전㈜보령발전본부,3,2018-06-11 10:30,NOx,31.05
한국중부발전㈜보령발전본부,3,2018-06-11 11:00,TSP,4.92
한국중부발전㈜보령발전본부,3,2018-06-11 11:00,SOx,25.04
한국중부발전㈜보령발전본부,3,2018-06-11 11:00,NOx,33.48
한국중부발전㈜보령발전본부,3,2018-06-11 11:30,TSP,4.78
한국중부발전㈜보령발전본부,3,2018-06-11 11:30,SOx,23.78
한국중부발전㈜보령발전본부,3,2018-06-11 11:30,NOx,28.89
한국중부발전㈜보령발전본부,3,2018-06-11 12:00,TSP,4.8
한국중부발전㈜보령발전본부,3,2018-06-11 12:00,SOx,24.26
한국중부발전㈜보령발전본부,3,2018-06-11 12:00,NOx,29.92
한국중부발전㈜보령발전본부,3,2018-06-11 12:30,TSP,4.62
한국중부발전㈜보령발전본부,3,2018-06-11 12:30,SOx,24.26
한국중부발전㈜보령발전본부,3,2018-06-11 12:30,NOx,29.92
한국중부발전㈜보령발전본부,3,2018-06-11 13:00,TSP,4.49
한국중부발전㈜보령발전본부,3,2018-06-11 13:00,SOx,24.26
한국중부발전㈜보령발전본부,3,2018-06-11 13:00,NOx,29.92
한국중부발전㈜보령발전본부,3,2018-06-11 13:30,TSP,4.37
한국중부발전㈜보령발전본부,3,2018-06-11 13:30,SOx,22.06
한국중부발전㈜보령발전본부,3,2018-06-11 13:30,NOx,25.95
한국중부발전㈜보령발전본부,3,2018-06-11 14:00,TSP,4.3
한국중부발전㈜보령발전본부,3,2018-06-11 14:00,SOx,20.62
한국중부발전㈜보령발전본부,3,2018-06-11 14:00,NOx,26.23
한국중부발전㈜보령발전본부,3,2018-06-11 14:30,TSP,4.24
한국중부발전㈜보령발전본부,3,2018-06-11 14:30,SOx,19.15
한국중부발전㈜보령발전본부,3,2018-06-11 14:30,NOx,26.85
한국중부발전㈜보령발전본부,3,2018-06-11 15:00,TSP,4.21
한국중부발전㈜보령발전본부,3,2018-06-11 15:00,SOx,17.57
한국중부발전㈜보령발전본부,3,2018-06-11 15:00,NOx,24.9
한국중부발전㈜보령발전본부,3,2018-06-11 15:30,TSP,4.17
한국중부발전㈜보령발전본부,3,2018-06-11 15:30,SOx,16.48
한국중부발전㈜보령발전본부,3,2018-06-11 15:30,NOx,26.14
한국중부발전㈜보령발전본부,3,2018-06-11 16:00,TSP,4.06
한국중부발전㈜보령발전본부,3,2018-06-11 16:00,SOx,16.14
한국중부발전㈜보령발전본부,3,2018-06-11 16:00,NOx,24.87
한국중부발전㈜보령발전본부,3,2018-06-11 16:30,TSP,4.09
한국중부발전㈜보령발전본부,3,2018-06-11 16:30,SOx,17.02
한국중부발전㈜보령발전본부,3,2018-06-11 16:30,NOx,23.5
한국중부발전㈜보령발전본부,3,2018-06-11 17:00,TSP,4.05
한국중부발전㈜보령발전본부,3,2018-06-11 17:00,SOx,18.32
한국중부발전㈜보령발전본부,3,2018-06-11 17:00,NOx,26.16
한국중부발전㈜보령발전본부,3,2018-06-11 17:30,TSP,4.18
한국중부발전㈜보령발전본부,3,2018-06-11 17:30,SOx,19.77
한국중부발전㈜보령발전본부,3,2018-06-11 17:30,NOx,25.99
한국중부발전㈜보령발전본부,3,2018-06-11 18:00,TSP,4.1
한국중부발전㈜보령발전본부,3,2018-06-11 18:00,SOx,20.66
한국중부발전㈜보령발전본부,3,2018-06-11 18:00,NOx,26.82
한국중부발전㈜보령발전본부,3,2018-06-11 18:30,TSP,4.38
한국중부발전㈜보령발전본부,3,2018-06-11 18:30,SOx,21.45
한국중부발전㈜보령발전본부,3,2018-06-11 18:30,NOx,25.26
한국중부발전㈜보령발전본부,3,2018-06-11 19:00,TSP,4.21
한국중부발전㈜보령발전본부,3,2018-06-11 19:00,SOx,22.95
한국중부발전㈜보령발전본부,3,2018-06-11 19:00,NOx,28.49
한국중부발전㈜보령발전본부,3,2018-06-11 19:30,TSP,4.38
한국중부발전㈜보령발전본부,3,2018-06-11 19:30,SOx,23.42
한국중부발전㈜보령발전본부,3,2018-06-11 19:30,NOx,24.88
한국중부발전㈜보령발전본부,3,2018-06-11 20:00,TSP,4.39
한국중부발전㈜보령발전본부,3,2018-06-11 20:00,SOx,25.85
한국중부발전㈜보령발전본부,3,2018-06-11 20:00,NOx,24.66
한국중부발전㈜보령발전본부,3,2018-06-11 20:30,TSP,4.55
한국중부발전㈜보령발전본부,3,2018-06-11 20:30,SOx,24.41
한국중부발전㈜보령발전본부,3,2018-06-11 20:30,NOx,25.54
한국중부발전㈜보령발전본부,3,2018-06-11 21:00,TSP,4.28
한국중부발전㈜보령발전본부,3,2018-06-11 21:00,SOx,25.75
한국중부발전㈜보령발전본부,3,2018-06-11 21:00,NOx,25.42
한국중부발전㈜보령발전본부,3,2018-06-11 21:30,TSP,4.18
한국중부발전㈜보령발전본부,3,2018-06-11 21:30,SOx,24.7
한국중부발전㈜보령발전본부,3,2018-06-11 21:30,NOx,25.61
한국중부발전㈜보령발전본부,3,2018-06-11 22:00,TSP,4.04
한국중부발전㈜보령발전본부,3,2018-06-11 22:00,SOx,25.64
한국중부발전㈜보령발전본부,3,2018-06-11 22:00,NOx,25.83
한국중부발전㈜보령발전본부,3,2018-06-11 22:30,TSP,4.1
한국중부발전㈜보령발전본부,3,2018-06-11 22:30,SOx,24.12
한국중부발전㈜보령발전본부,3,2018-06-11 22:30,NOx,24.7
한국중부발전㈜보령발전본부,3,2018-06-11 23:00,TSP,3.98
한국중부발전㈜보령발전본부,3,2018-06-11 23:00,SOx,25.71
한국중부발전㈜보령발전본부,3,2018-06-11 23:00,NOx,25.3
한국중부발전㈜보령발전본부,3,2018-06-11 23:30,TSP,4.07
한국중부발전㈜보령발전본부,3,2018-06-11 23:30,SOx,24.97
한국중부발전㈜보령발전본부,3,2018-06-11 23:30,NOx,25.95
한국중부발전㈜보령발전본부,3,2018-06-12 00:00,TSP,3.9
한국중부발전㈜보령발전본부,3,2018-06-12 00:00,SOx,26.84
한국중부발전㈜보령발전본부,3,2018-06-12 00:00,NOx,24.22
한국중부발전㈜보령발전본부,3,2018-06-12 00:30,TSP,4.01
한국중부발전㈜보령발전본부,3,2018-06-12 00:30,SOx,25.16
한국중부발전㈜보령발전본부,3,2018-06-12 00:30,NOx,25.92
한국중부발전㈜보령발전본부,3,2018-06-12 01:00,TSP,3.95
한국중부발전㈜보령발전본부,3,2018-06-12 01:00,SOx,24.67
한국중부발전㈜보령발전본부,3,2018-06-12 01:00,NOx,25.74
한국중부발전㈜보령발전본부,3,2018-06-12 01:30,TSP,3.92
한국중부발전㈜보령발전본부,3,2018-06-12 01:30,SOx,27.63
한국중부발전㈜보령발전본부,3,2018-06-12 01:30,NOx,25.65
한국중부발전㈜보령발전본부,3,2018-06-12 02:00,TSP,3.86
한국중부발전㈜보령발전본부,3,2018-06-12 02:00,SOx,32.44
한국중부발전㈜보령발전본부,3,2018-06-12 02:00,NOx,27.25
한국중부발전㈜보령발전본부,3,2018-06-12 02:30,TSP,4.0
한국중부발전㈜보령발전본부,3,2018-06-12 02:30,SOx,33.74
한국중부발전㈜보령발전본부,3,2018-06-12 02:30,NOx,26.64
한국중부발전㈜보령발전본부,3,2018-06-12 03:00,TSP,4.11
한국중부발전㈜보령발전본부,3,2018-06-12 03:00,SOx,34.84
한국중부발전㈜보령발전본부,3,2018-06-12 03:00,NOx,25.82
한국중부발전㈜보령발전본부,3,2018-06-12 03:30,TSP,4.05
한국중부발전㈜보령발전본부,3,2018-06-12 03:30,SOx,35.69
한국중부발전㈜보령발전본부,3,2018-06-12 03:30,NOx,26.43
한국중부발전㈜보령발전본부,3,2018-06-12 04:00,TSP,3.99
한국중부발전㈜보령발전본부,3,2018-06-12 04:00,SOx,34.91
한국중부발전㈜보령발전본부,3,2018-06-12 04:00,NOx,25.56
한국중부발전㈜보령발전본부,3,2018-06-12 04:30,TSP,4.18
한국중부발전㈜보령발전본부,3,2018-06-12 04:30,SOx,35.84
한국중부발전㈜보령발전본부,3,2018-06-12 04:30,NOx,26.49
한국중부발전㈜보령발전본부,3,2018-06-12 05:00,TSP,4.24
한국중부발전㈜보령발전본부,3,2018-06-12 05:00,SOx,34.16
한국중부발전㈜보령발전본부,3,2018-06-12 05:00,NOx,25.95
한국중부발전㈜보령발전본부,3,2018-06-12 05:30,TSP,4.06
한국중부발전㈜보령발전본부,3,2018-06-12 05:30,SOx,35.02
한국중부발전㈜보령발전본부,3,2018-06-12 05:30,NOx,25.47
한국중부발전㈜보령발전본부,3,2018-06-12 06:00,TSP,3.98
한국중부발전㈜보령발전본부,3,2018-06-12 06:00,SOx,34.95
한국중부발전㈜보령발전본부,3,2018-06-12 06:00,NOx,25.28
한국중부발전㈜보령발전본부,3,2018-06-12 06:30,TSP,4.11
한국중부발전㈜보령발전본부,3,2018-06-12 06:30,SOx,34.34
한국중부발전㈜보령발전본부,3,2018-06-12 06:30,NOx,27.0
한국중부발전㈜보령발전본부,3,2018-06-12 07:00,TSP,4.21
한국중부발전㈜보령발전본부,3,2018-06-12 07:00,SOx,33.92
한국중부발전㈜보령발전본부,3,2018-06-12 07:00,NOx,26.96
한국중부발전㈜보령발전본부,3,2018-06-12 07:30,TSP,4.28
한국중부발전㈜보령발전본부,3,2018-06-12 07:30,SOx,34.42
한국중부발전㈜보령발전본부,3,2018-06-12 07:30,NOx,27.24
한국중부발전㈜보령발전본부,3,2018-06-12 08:00,TSP,4.43
한국중부발전㈜보령발전본부,3,2018-06-12 08:00,SOx,33.66
한국중부발전㈜보령발전본부,3,2018-06-12 08:00,NOx,28.56
한국중부발전㈜보령발전본부,3,2018-06-12 08:30,TSP,4.46
한국중부발전㈜보령발전본부,3,2018-06-12 08:30,SOx,34.3
한국중부발전㈜보령발전본부,3,2018-06-12 08:30,NOx,31.87
한국중부발전㈜보령발전본부,3,2018-06-12 09:00,TSP,4.51
한국중부발전㈜보령발전본부,3,2018-06-12 09:00,SOx,34.52
한국중부발전㈜보령발전본부,3,2018-06-12 09:00,NOx,31.63
한국중부발전㈜보령발전본부,3,2018-06-12 09:30,TSP,4.69
한국중부발전㈜보령발전본부,3,2018-06-12 09:30,SOx,34.38
한국중부발전㈜보령발전본부,3,2018-06-12 09:30,NOx,28.29
한국중부발전㈜보령발전본부,3,2018-06-12 10:00,TSP,4.89
한국중부발전㈜보령발전본부,3,2018-06-12 10:00,SOx,35.49
한국중부발전㈜보령발전본부,3,2018-06-12 10:00,NOx,29.79
한국중부발전㈜보령발전본부,3,2018-06-12 10:30,TSP,5.02
한국중부발전㈜보령발전본부,3,2018-06-12 10:30,SOx,34.6
한국중부발전㈜보령발전본부,3,2018-06-12 10:30,NOx,26.36
한국중부발전㈜보령발전본부,3,2018-06-12 11:00,TSP,4.97
한국중부발전㈜보령발전본부,3,2018-06-12 11:00,SOx,35.33
한국중부발전㈜보령발전본부,3,2018-06-12 11:00,NOx,27.63
한국중부발전㈜보령발전본부,3,2018-06-12 11:30,TSP,4.99
한국중부발전㈜보령발전본부,3,2018-06-12 11:30,SOx,34.33
한국중부발전㈜보령발전본부,3,2018-06-12 11:30,NOx,28.78
한국중부발전㈜보령발전본부,3,2018-06-12 12:00,TSP,4.85
한국중부발전㈜보령발전본부,3,2018-06-12 12:00,SOx,34.58
한국중부발전㈜보령발전본부,3,2018-06-12 12:00,NOx,29.44
한국중부발전㈜보령발전본부,3,2018-06-12 12:30,TSP,4.59
한국중부발전㈜보령발전본부,3,2018-06-12 12:30,SOx,34.58
한국중부발전㈜보령발전본부,3,2018-06-12 12:30,NOx,29.44
한국중부발전㈜보령발전본부,3,2018-06-12 13:00,TSP,4.52
한국중부발전㈜보령발전본부,3,2018-06-12 13:00,SOx,34.58
한국중부발전㈜보령발전본부,3,2018-06-12 13:00,NOx,29.44
한국중부발전㈜보령발전본부,3,2018-06-12 13:30,TSP,4.71
한국중부발전㈜보령발전본부,3,2018-06-12 13:30,SOx,33.99
한국중부발전㈜보령발전본부,3,2018-06-12 13:30,NOx,28.64
한국중부발전㈜보령발전본부,3,2018-06-12 14:00,TSP,4.48
한국중부발전㈜보령발전본부,3,2018-06-12 14:00,SOx,33.07
한국중부발전㈜보령발전본부,3,2018-06-12 14:00,NOx,33.53
한국중부발전㈜보령발전본부,3,2018-06-12 14:30,TSP,4.52
한국중부발전㈜보령발전본부,3,2018-06-12 14:30,SOx,32.99
한국중부발전㈜보령발전본부,3,2018-06-12 14:30,NOx,36.87
한국중부발전㈜보령발전본부,3,2018-06-12 15:00,TSP,4.54
한국중부발전㈜보령발전본부,3,2018-06-12 15:00,SOx,32.08
한국중부발전㈜보령발전본부,3,2018-06-12 15:00,NOx,29.58
한국중부발전㈜보령발전본부,3,2018-06-12 15:30,TSP,4.61
한국중부발전㈜보령발전본부,3,2018-06-12 15:30,SOx,32.68
한국중부발전㈜보령발전본부,3,2018-06-12 15:30,NOx,27.91
한국중부발전㈜보령발전본부,3,2018-06-12 16:00,TSP,4.36
한국중부발전㈜보령발전본부,3,2018-06-12 16:00,SOx,32.45
한국중부발전㈜보령발전본부,3,2018-06-12 16:00,NOx,27.21
한국중부발전㈜보령발전본부,3,2018-06-12 16:30,TSP,4.24
한국중부발전㈜보령발전본부,3,2018-06-12 16:30,SOx,31.76
한국중부발전㈜보령발전본부,3,2018-06-12 16:30,NOx,30.66
한국중부발전㈜보령발전본부,3,2018-06-12 17:00,TSP,4.3
한국중부발전㈜보령발전본부,3,2018-06-12 17:00,SOx,31.39
한국중부발전㈜보령발전본부,3,2018-06-12 17:00,NOx,27.3
한국중부발전㈜보령발전본부,3,2018-06-12 17:30,TSP,4.34
한국중부발전㈜보령발전본부,3,2018-06-12 17:30,SOx,29.77
한국중부발전㈜보령발전본부,3,2018-06-12 17:30,NOx,27.96
한국중부발전㈜보령발전본부,3,2018-06-12 18:00,TSP,4.38
한국중부발전㈜보령발전본부,3,2018-06-12 18:00,SOx,27.55
한국중부발전㈜보령발전본부,3,2018-06-12 18:00,NOx,31.58
한국중부발전㈜보령발전본부,3,2018-06-12 18:30,TSP,4.53
한국중부발전㈜보령발전본부,3,2018-06-12 18:30,SOx,26.63
한국중부발전㈜보령발전본부,3,2018-06-12 18:30,NOx,30.59
한국중부발전㈜보령발전본부,3,2018-06-12 19:00,TSP,4.63
한국중부발전㈜보령발전본부,3,2018-06-12 19:00,SOx,25.71
한국중부발전㈜보령발전본부,3,2018-06-12 19:00,NOx,29.54
한국중부발전㈜보령발전본부,3,2018-06-12 19:30,TSP,4.7
한국중부발전㈜보령발전본부,3,2018-06-12 19:30,SOx,25.53
한국중부발전㈜보령발전본부,3,2018-06-12 19:30,NOx,32.12
한국중부발전㈜보령발전본부,3,2018-06-12 20:00,TSP,4.66
한국중부발전㈜보령발전본부,3,2018-06-12 20:00,SOx,25.21
한국중부발전㈜보령발전본부,3,2018-06-12 20:00,NOx,31.24
한국중부발전㈜보령발전본부,3,2018-06-12 20:30,TSP,4.57
한국중부발전㈜보령발전본부,3,2018-06-12 20:30,SOx,24.83
한국중부발전㈜보령발전본부,3,2018-06-12 20:30,NOx,42.17
한국중부발전㈜보령발전본부,3,2018-06-12 21:00,TSP,4.61
한국중부발전㈜보령발전본부,3,2018-06-12 21:00,SOx,24.65
한국중부발전㈜보령발전본부,3,2018-06-12 21:00,NOx,30.45
한국중부발전㈜보령발전본부,3,2018-06-12 21:30,TSP,4.54
한국중부발전㈜보령발전본부,3,2018-06-12 21:30,SOx,24.53
한국중부발전㈜보령발전본부,3,2018-06-12 21:30,NOx,30.58
한국중부발전㈜보령발전본부,3,2018-06-12 22:00,TSP,4.57
한국중부발전㈜보령발전본부,3,2018-06-12 22:00,SOx,25.16
한국중부발전㈜보령발전본부,3,2018-06-12 22:00,NOx,29.58
한국중부발전㈜보령발전본부,3,2018-06-12 22:30,TSP,4.59
한국중부발전㈜보령발전본부,3,2018-06-12 22:30,SOx,26.07
한국중부발전㈜보령발전본부,3,2018-06-12 22:30,NOx,31.22
한국중부발전㈜보령발전본부,3,2018-06-12 23:00,TSP,4.52
한국중부발전㈜보령발전본부,3,2018-06-12 23:00,SOx,26.75
한국중부발전㈜보령발전본부,3,2018-06-12 23:00,NOx,30.47
한국중부발전㈜보령발전본부,3,2018-06-12 23:30,TSP,4.67
한국중부발전㈜보령발전본부,3,2018-06-12 23:30,SOx,27.0
한국중부발전㈜보령발전본부,3,2018-06-12 23:30,NOx,30.28
한국중부발전㈜보령발전본부,3,2018-06-13 00:00,TSP,4.61
한국중부발전㈜보령발전본부,3,2018-06-13 00:00,SOx,27.35
한국중부발전㈜보령발전본부,3,2018-06-13 00:00,NOx,29.98
한국중부발전㈜보령발전본부,3,2018-06-13 00:30,TSP,4.65
한국중부발전㈜보령발전본부,3,2018-06-13 00:30,SOx,27.8
한국중부발전㈜보령발전본부,3,2018-06-13 00:30,NOx,34.94
한국중부발전㈜보령발전본부,3,2018-06-13 01:00,TSP,4.69
한국중부발전㈜보령발전본부,3,2018-06-13 01:00,SOx,28.19
한국중부발전㈜보령발전본부,3,2018-06-13 01:00,NOx,30.72
한국중부발전㈜보령발전본부,3,2018-06-13 01:30,TSP,4.79
한국중부발전㈜보령발전본부,3,2018-06-13 01:30,SOx,29.3
한국중부발전㈜보령발전본부,3,2018-06-13 01:30,NOx,32.46
한국중부발전㈜보령발전본부,3,2018-06-13 02:00,TSP,5.33
한국중부발전㈜보령발전본부,3,2018-06-13 02:00,SOx,29.6
한국중부발전㈜보령발전본부,3,2018-06-13 02:00,NOx,34.38
한국중부발전㈜보령발전본부,3,2018-06-13 02:30,TSP,5.01
한국중부발전㈜보령발전본부,3,2018-06-13 02:30,SOx,29.65
한국중부발전㈜보령발전본부,3,2018-06-13 02:30,NOx,32.62
한국중부발전㈜보령발전본부,3,2018-06-13 03:00,TSP,5.04
한국중부발전㈜보령발전본부,3,2018-06-13 03:00,SOx,29.91
한국중부발전㈜보령발전본부,3,2018-06-13 03:00,NOx,35.23
한국중부발전㈜보령발전본부,3,2018-06-13 03:30,TSP,5.26
한국중부발전㈜보령발전본부,3,2018-06-13 03:30,SOx,29.99
한국중부발전㈜보령발전본부,3,2018-06-13 03:30,NOx,33.95
한국중부발전㈜보령발전본부,3,2018-06-13 04:00,TSP,5.28
한국중부발전㈜보령발전본부,3,2018-06-13 04:00,SOx,29.44
한국중부발전㈜보령발전본부,3,2018-06-13 04:00,NOx,30.59
한국중부발전㈜보령발전본부,3,2018-06-13 04:30,TSP,4.94
한국중부발전㈜보령발전본부,3,2018-06-13 04:30,SOx,30.01
한국중부발전㈜보령발전본부,3,2018-06-13 04:30,NOx,30.09
한국중부발전㈜보령발전본부,3,2018-06-13 05:00,TSP,4.82
한국중부발전㈜보령발전본부,3,2018-06-13 05:00,SOx,30.0
한국중부발전㈜보령발전본부,3,2018-06-13 05:00,NOx,31.57
한국중부발전㈜보령발전본부,3,2018-06-13 05:30,TSP,4.94
한국중부발전㈜보령발전본부,3,2018-06-13 05:30,SOx,29.76
한국중부발전㈜보령발전본부,3,2018-06-13 05:30,NOx,30.98
한국중부발전㈜보령발전본부,3,2018-06-13 06:00,TSP,4.9
한국중부발전㈜보령발전본부,3,2018-06-13 06:00,SOx,29.93
한국중부발전㈜보령발전본부,3,2018-06-13 06:00,NOx,31.54
한국중부발전㈜보령발전본부,3,2018-06-13 06:30,TSP,5.18
한국중부발전㈜보령발전본부,3,2018-06-13 06:30,SOx,30.56
한국중부발전㈜보령발전본부,3,2018-06-13 06:30,NOx,32.22
한국중부발전㈜보령발전본부,3,2018-06-13 07:00,TSP,5.33
한국중부발전㈜보령발전본부,3,2018-06-13 07:00,SOx,28.3
한국중부발전㈜보령발전본부,3,2018-06-13 07:00,NOx,31.17
한국중부발전㈜보령발전본부,3,2018-06-13 07:30,TSP,5.87
한국중부발전㈜보령발전본부,3,2018-06-13 07:30,SOx,24.92
한국중부발전㈜보령발전본부,3,2018-06-13 07:30,NOx,30.6
한국중부발전㈜보령발전본부,3,2018-06-13 08:00,TSP,5.49
한국중부발전㈜보령발전본부,3,2018-06-13 08:00,SOx,23.7
한국중부발전㈜보령발전본부,3,2018-06-13 08:00,NOx,34.49
한국중부발전㈜보령발전본부,3,2018-06-13 08:30,TSP,5.79
한국중부발전㈜보령발전본부,3,2018-06-13 08:30,SOx,23.32
한국중부발전㈜보령발전본부,3,2018-06-13 08:30,NOx,41.18
한국중부발전㈜보령발전본부,3,2018-06-13 09:00,TSP,6.2
한국중부발전㈜보령발전본부,3,2018-06-13 09:00,SOx,24.62
한국중부발전㈜보령발전본부,3,2018-06-13 09:00,NOx,30.76
한국중부발전㈜보령발전본부,3,2018-06-13 09:30,TSP,6.01
한국중부발전㈜보령발전본부,3,2018-06-13 09:30,SOx,26.07
한국중부발전㈜보령발전본부,3,2018-06-13 09:30,NOx,29.76
한국중부발전㈜보령발전본부,3,2018-06-13 10:00,TSP,5.88
한국중부발전㈜보령발전본부,3,2018-06-13 10:00,SOx,25.73
한국중부발전㈜보령발전본부,3,2018-06-13 10:00,NOx,25.62
한국중부발전㈜보령발전본부,3,2018-06-13 10:30,TSP,5.68
한국중부발전㈜보령발전본부,3,2018-06-13 10:30,SOx,26.4
한국중부발전㈜보령발전본부,3,2018-06-13 10:30,NOx,29.13
한국중부발전㈜보령발전본부,3,2018-06-13 11:00,TSP,5.58
한국중부발전㈜보령발전본부,3,2018-06-13 11:00,SOx,26.39
한국중부발전㈜보령발전본부,3,2018-06-13 11:00,NOx,27.7
한국중부발전㈜보령발전본부,3,2018-06-13 11:30,TSP,5.71
한국중부발전㈜보령발전본부,3,2018-06-13 11:30,SOx,28.72
한국중부발전㈜보령발전본부,3,2018-06-13 11:30,NOx,25.19
한국중부발전㈜보령발전본부,3,2018-06-13 12:00,TSP,5.63
한국중부발전㈜보령발전본부,3,2018-06-13 12:00,SOx,27.18
한국중부발전㈜보령발전본부,3,2018-06-13 12:00,NOx,26.99
한국중부발전㈜보령발전본부,3,2018-06-13 12:30,TSP,5.53
한국중부발전㈜보령발전본부,3,2018-06-13 12:30,SOx,27.18
한국중부발전㈜보령발전본부,3,2018-06-13 12:30,NOx,26.99
한국중부발전㈜보령발전본부,3,2018-06-13 13:00,TSP,5.26
한국중부발전㈜보령발전본부,3,2018-06-13 13:00,SOx,27.18
한국중부발전㈜보령발전본부,3,2018-06-13 13:00,NOx,26.99
한국중부발전㈜보령발전본부,3,2018-06-13 13:30,TSP,5.49
한국중부발전㈜보령발전본부,3,2018-06-13 13:30,SOx,30.68
한국중부발전㈜보령발전본부,3,2018-06-13 13:30,NOx,22.49
한국중부발전㈜보령발전본부,3,2018-06-13 14:00,TSP,5.39
한국중부발전㈜보령발전본부,3,2018-06-13 14:00,SOx,28.96
한국중부발전㈜보령발전본부,3,2018-06-13 14:00,NOx,24.82
한국중부발전㈜보령발전본부,3,2018-06-13 14:30,TSP,5.55
한국중부발전㈜보령발전본부,3,2018-06-13 14:30,SOx,30.74
한국중부발전㈜보령발전본부,3,2018-06-13 14:30,NOx,29.04
한국중부발전㈜보령발전본부,3,2018-06-13 15:00,TSP,5.11
한국중부발전㈜보령발전본부,3,2018-06-13 15:00,SOx,29.99
한국중부발전㈜보령발전본부,3,2018-06-13 15:00,NOx,26.61
한국중부발전㈜보령발전본부,3,2018-06-13 15:30,TSP,5.05
한국중부발전㈜보령발전본부,3,2018-06-13 15:30,SOx,30.35
한국중부발전㈜보령발전본부,3,2018-06-13 15:30,NOx,32.73
한국중부발전㈜보령발전본부,3,2018-06-13 16:00,TSP,4.76
한국중부발전㈜보령발전본부,3,2018-06-13 16:00,SOx,30.22
한국중부발전㈜보령발전본부,3,2018-06-13 16:00,NOx,27.2
한국중부발전㈜보령발전본부,3,2018-06-13 16:30,TSP,4.72
한국중부발전㈜보령발전본부,3,2018-06-13 16:30,SOx,29.96
한국중부발전㈜보령발전본부,3,2018-06-13 16:30,NOx,28.3
한국중부발전㈜보령발전본부,3,2018-06-13 17:00,TSP,4.63
한국중부발전㈜보령발전본부,3,2018-06-13 17:00,SOx,29.89
한국중부발전㈜보령발전본부,3,2018-06-13 17:00,NOx,30.09
한국중부발전㈜보령발전본부,3,2018-06-13 17:30,TSP,4.63
한국중부발전㈜보령발전본부,3,2018-06-13 17:30,SOx,30.58
한국중부발전㈜보령발전본부,3,2018-06-13 17:30,NOx,26.44
한국중부발전㈜보령발전본부,3,2018-06-13 18:00,TSP,4.64
한국중부발전㈜보령발전본부,3,2018-06-13 18:00,SOx,29.64
한국중부발전㈜보령발전본부,3,2018-06-13 18:00,NOx,28.29
한국중부발전㈜보령발전본부,3,2018-06-13 18:30,TSP,4.66
한국중부발전㈜보령발전본부,3,2018-06-13 18:30,SOx,31.56
한국중부발전㈜보령발전본부,3,2018-06-13 18:30,NOx,27.63
한국중부발전㈜보령발전본부,3,2018-06-13 19:00,TSP,4.64
한국중부발전㈜보령발전본부,3,2018-06-13 19:00,SOx,33.03
한국중부발전㈜보령발전본부,3,2018-06-13 19:00,NOx,27.39
한국중부발전㈜보령발전본부,3,2018-06-13 19:30,TSP,4.83
한국중부발전㈜보령발전본부,3,2018-06-13 19:30,SOx,34.89
한국중부발전㈜보령발전본부,3,2018-06-13 19:30,NOx,29.39
한국중부발전㈜보령발전본부,3,2018-06-13 20:00,TSP,4.94
한국중부발전㈜보령발전본부,3,2018-06-13 20:00,SOx,34.56
한국중부발전㈜보령발전본부,3,2018-06-13 20:00,NOx,30.8
한국중부발전㈜보령발전본부,3,2018-06-13 20:30,TSP,4.85
한국중부발전㈜보령발전본부,3,2018-06-13 20:30,SOx,35.21
한국중부발전㈜보령발전본부,3,2018-06-13 20:30,NOx,28.23
한국중부발전㈜보령발전본부,3,2018-06-13 21:00,TSP,4.49
한국중부발전㈜보령발전본부,3,2018-06-13 21:00,SOx,34.57
한국중부발전㈜보령발전본부,3,2018-06-13 21:00,NOx,25.73
한국중부발전㈜보령발전본부,3,2018-06-13 21:30,TSP,4.43
한국중부발전㈜보령발전본부,3,2018-06-13 21:30,SOx,35.64
한국중부발전㈜보령발전본부,3,2018-06-13 21:30,NOx,27.32
한국중부발전㈜보령발전본부,3,2018-06-13 22:00,TSP,4.55
한국중부발전㈜보령발전본부,3,2018-06-13 22:00,SOx,34.21
한국중부발전㈜보령발전본부,3,2018-06-13 22:00,NOx,30.22
한국중부발전㈜보령발전본부,3,2018-06-13 22:30,TSP,4.51
한국중부발전㈜보령발전본부,3,2018-06-13 22:30,SOx,35.22
한국중부발전㈜보령발전본부,3,2018-06-13 22:30,NOx,28.86
한국중부발전㈜보령발전본부,3,2018-06-13 23:00,TSP,4.5
한국중부발전㈜보령발전본부,3,2018-06-13 23:00,SOx,35.09
한국중부발전㈜보령발전본부,3,2018-06-13 23:00,NOx,28.68
한국중부발전㈜보령발전본부,3,2018-06-13 23:30,TSP,4.46
한국중부발전㈜보령발전본부,3,2018-06-13 23:30,SOx,35.09
한국중부발전㈜보령발전본부,3,2018-06-13 23:30,NOx,27.47
한국중부발전㈜보령발전본부,3,2018-06-14 00:00,TSP,4.53
한국중부발전㈜보령발전본부,3,2018-06-14 00:00,SOx,35.21
한국중부발전㈜보령발전본부,3,2018-06-14 00:00,NOx,27.2
한국중부발전㈜보령발전본부,3,2018-06-14 00:30,TSP,4.78
한국중부발전㈜보령발전본부,3,2018-06-14 00:30,SOx,35.43
한국중부발전㈜보령발전본부,3,2018-06-14 00:30,NOx,27.65
한국중부발전㈜보령발전본부,3,2018-06-14 01:00,TSP,4.72
한국중부발전㈜보령발전본부,3,2018-06-14 01:00,SOx,34.13
한국중부발전㈜보령발전본부,3,2018-06-14 01:00,NOx,27.7
한국중부발전㈜보령발전본부,3,2018-06-14 01:30,TSP,4.64
한국중부발전㈜보령발전본부,3,2018-06-14 01:30,SOx,35.48
한국중부발전㈜보령발전본부,3,2018-06-14 01:30,NOx,28.25
한국중부발전㈜보령발전본부,3,2018-06-14 02:00,TSP,4.77
한국중부발전㈜보령발전본부,3,2018-06-14 02:00,SOx,33.05
한국중부발전㈜보령발전본부,3,2018-06-14 02:00,NOx,27.95
한국중부발전㈜보령발전본부,3,2018-06-14 02:30,TSP,4.72
한국중부발전㈜보령발전본부,3,2018-06-14 02:30,SOx,31.31
한국중부발전㈜보령발전본부,3,2018-06-14 02:30,NOx,26.41
한국중부발전㈜보령발전본부,3,2018-06-14 03:00,TSP,4.74
한국중부발전㈜보령발전본부,3,2018-06-14 03:00,SOx,32.64
한국중부발전㈜보령발전본부,3,2018-06-14 03:00,NOx,26.87
한국중부발전㈜보령발전본부,3,2018-06-14 03:30,TSP,4.38
한국중부발전㈜보령발전본부,3,2018-06-14 03:30,SOx,31.13
한국중부발전㈜보령발전본부,3,2018-06-14 03:30,NOx,26.27
한국중부발전㈜보령발전본부,3,2018-06-14 04:00,TSP,4.35
한국중부발전㈜보령발전본부,3,2018-06-14 04:00,SOx,31.14
한국중부발전㈜보령발전본부,3,2018-06-14 04:00,NOx,23.95
한국중부발전㈜보령발전본부,3,2018-06-14 04:30,TSP,4.34
한국중부발전㈜보령발전본부,3,2018-06-14 04:30,SOx,28.5
한국중부발전㈜보령발전본부,3,2018-06-14 04:30,NOx,26.67
한국중부발전㈜보령발전본부,3,2018-06-14 05:00,TSP,4.51
한국중부발전㈜보령발전본부,3,2018-06-14 05:00,SOx,30.3
한국중부발전㈜보령발전본부,3,2018-06-14 05:00,NOx,24.7
한국중부발전㈜보령발전본부,3,2018-06-14 05:30,TSP,4.39
한국중부발전㈜보령발전본부,3,2018-06-14 05:30,SOx,29.77
한국중부발전㈜보령발전본부,3,2018-06-14 05:30,NOx,25.25
한국중부발전㈜보령발전본부,3,2018-06-14 06:00,TSP,4.47
한국중부발전㈜보령발전본부,3,2018-06-14 06:00,SOx,30.15
한국중부발전㈜보령발전본부,3,2018-06-14 06:00,NOx,26.9
한국중부발전㈜보령발전본부,3,2018-06-14 06:30,TSP,4.33
한국중부발전㈜보령발전본부,3,2018-06-14 06:30,SOx,30.29
한국중부발전㈜보령발전본부,3,2018-06-14 06:30,NOx,27.46
한국중부발전㈜보령발전본부,3,2018-06-14 07:00,TSP,4.29
한국중부발전㈜보령발전본부,3,2018-06-14 07:00,SOx,29.84
한국중부발전㈜보령발전본부,3,2018-06-14 07:00,NOx,26.53
한국중부발전㈜보령발전본부,3,2018-06-14 07:30,TSP,4.27
한국중부발전㈜보령발전본부,3,2018-06-14 07:30,SOx,29.81
한국중부발전㈜보령발전본부,3,2018-06-14 07:30,NOx,23.94
한국중부발전㈜보령발전본부,3,2018-06-14 08:00,TSP,4.46
한국중부발전㈜보령발전본부,3,2018-06-14 08:00,SOx,25.7
한국중부발전㈜보령발전본부,3,2018-06-14 08:00,NOx,25.48
한국중부발전㈜보령발전본부,3,2018-06-14 08:30,TSP,4.45
한국중부발전㈜보령발전본부,3,2018-06-14 08:30,SOx,23.46
한국중부발전㈜보령발전본부,3,2018-06-14 08:30,NOx,25.22
한국중부발전㈜보령발전본부,3,2018-06-14 09:00,TSP,4.68
한국중부발전㈜보령발전본부,3,2018-06-14 09:00,SOx,27.15
한국중부발전㈜보령발전본부,3,2018-06-14 09:00,NOx,24.71
한국중부발전㈜보령발전본부,3,2018-06-14 09:30,TSP,4.5
한국중부발전㈜보령발전본부,3,2018-06-14 09:30,SOx,26.66
한국중부발전㈜보령발전본부,3,2018-06-14 09:30,NOx,26.21
한국중부발전㈜보령발전본부,3,2018-06-14 10:00,TSP,4.77
한국중부발전㈜보령발전본부,3,2018-06-14 10:00,SOx,28.76
한국중부발전㈜보령발전본부,3,2018-06-14 10:00,NOx,27.52
한국중부발전㈜보령발전본부,3,2018-06-14 10:30,TSP,4.63
한국중부발전㈜보령발전본부,3,2018-06-14 10:30,SOx,30.28
한국중부발전㈜보령발전본부,3,2018-06-14 10:30,NOx,24.4
한국중부발전㈜보령발전본부,3,2018-06-14 11:00,TSP,4.88
한국중부발전㈜보령발전본부,3,2018-06-14 11:00,SOx,30.8
한국중부발전㈜보령발전본부,3,2018-06-14 11:00,NOx,24.14
한국중부발전㈜보령발전본부,3,2018-06-14 11:30,TSP,4.54
한국중부발전㈜보령발전본부,3,2018-06-14 11:30,SOx,31.05
한국중부발전㈜보령발전본부,3,2018-06-14 11:30,NOx,24.18
한국중부발전㈜보령발전본부,3,2018-06-14 12:00,TSP,4.71
한국중부발전㈜보령발전본부,3,2018-06-14 12:00,SOx,30.72
한국중부발전㈜보령발전본부,3,2018-06-14 12:00,NOx,24.83
한국중부발전㈜보령발전본부,3,2018-06-14 12:30,TSP,4.48
한국중부발전㈜보령발전본부,3,2018-06-14 12:30,SOx,30.72
한국중부발전㈜보령발전본부,3,2018-06-14 12:30,NOx,24.83
한국중부발전㈜보령발전본부,3,2018-06-14 13:00,TSP,4.36
한국중부발전㈜보령발전본부,3,2018-06-14 13:00,SOx,30.72
한국중부발전㈜보령발전본부,3,2018-06-14 13:00,NOx,24.83
한국중부발전㈜보령발전본부,3,2018-06-14 13:30,TSP,4.41
한국중부발전㈜보령발전본부,3,2018-06-14 13:30,SOx,33.3
한국중부발전㈜보령발전본부,3,2018-06-14 13:30,NOx,25.8
한국중부발전㈜보령발전본부,3,2018-06-14 14:00,TSP,4.41
한국중부발전㈜보령발전본부,3,2018-06-14 14:00,SOx,34.9
한국중부발전㈜보령발전본부,3,2018-06-14 14:00,NOx,26.68
한국중부발전㈜보령발전본부,3,2018-06-14 14:30,TSP,4.39
한국중부발전㈜보령발전본부,3,2018-06-14 14:30,SOx,37.43
한국중부발전㈜보령발전본부,3,2018-06-14 14:30,NOx,25.48
한국중부발전㈜보령발전본부,3,2018-06-14 15:00,TSP,4.36
한국중부발전㈜보령발전본부,3,2018-06-14 15:00,SOx,37.33
한국중부발전㈜보령발전본부,3,2018-06-14 15:00,NOx,25.81
한국중부발전㈜보령발전본부,3,2018-06-14 15:30,TSP,4.33
한국중부발전㈜보령발전본부,3,2018-06-14 15:30,SOx,39.08
한국중부발전㈜보령발전본부,3,2018-06-14 15:30,NOx,25.25
한국중부발전㈜보령발전본부,3,2018-06-14 16:00,TSP,4.24
한국중부발전㈜보령발전본부,3,2018-06-14 16:00,SOx,37.7
한국중부발전㈜보령발전본부,3,2018-06-14 16:00,NOx,25.63
한국중부발전㈜보령발전본부,3,2018-06-14 16:30,TSP,4.15
한국중부발전㈜보령발전본부,3,2018-06-14 16:30,SOx,39.57
한국중부발전㈜보령발전본부,3,2018-06-14 16:30,NOx,26.04
한국중부발전㈜보령발전본부,3,2018-06-14 17:00,TSP,4.21
한국중부발전㈜보령발전본부,3,2018-06-14 17:00,SOx,41.4
한국중부발전㈜보령발전본부,3,2018-06-14 17:00,NOx,27.0
한국중부발전㈜보령발전본부,3,2018-06-14 17:30,TSP,4.17
한국중부발전㈜보령발전본부,3,2018-06-14 17:30,SOx,41.58
한국중부발전㈜보령발전본부,3,2018-06-14 17:30,NOx,25.6
한국중부발전㈜보령발전본부,3,2018-06-14 18:00,TSP,4.01
한국중부발전㈜보령발전본부,3,2018-06-14 18:00,SOx,42.88
한국중부발전㈜보령발전본부,3,2018-06-14 18:00,NOx,28.5
한국중부발전㈜보령발전본부,3,2018-06-14 18:30,TSP,4.01
한국중부발전㈜보령발전본부,3,2018-06-14 18:30,SOx,40.01
한국중부발전㈜보령발전본부,3,2018-06-14 18:30,NOx,27.54
한국중부발전㈜보령발전본부,3,2018-06-14 19:00,TSP,4.03
한국중부발전㈜보령발전본부,3,2018-06-14 19:00,SOx,39.1
한국중부발전㈜보령발전본부,3,2018-06-14 19:00,NOx,25.77
한국중부발전㈜보령발전본부,3,2018-06-14 19:30,TSP,4.36
한국중부발전㈜보령발전본부,3,2018-06-14 19:30,SOx,36.57
한국중부발전㈜보령발전본부,3,2018-06-14 19:30,NOx,27.99
한국중부발전㈜보령발전본부,3,2018-06-14 20:00,TSP,4.09
한국중부발전㈜보령발전본부,3,2018-06-14 20:00,SOx,34.6
한국중부발전㈜보령발전본부,3,2018-06-14 20:00,NOx,27.53
한국중부발전㈜보령발전본부,3,2018-06-14 20:30,TSP,4.15
한국중부발전㈜보령발전본부,3,2018-06-14 20:30,SOx,33.25
한국중부발전㈜보령발전본부,3,2018-06-14 20:30,NOx,26.25
한국중부발전㈜보령발전본부,3,2018-06-14 21:00,TSP,4.18
한국중부발전㈜보령발전본부,3,2018-06-14 21:00,SOx,30.88
한국중부발전㈜보령발전본부,3,2018-06-14 21:00,NOx,26.22
한국중부발전㈜보령발전본부,3,2018-06-14 21:30,TSP,4.27
한국중부발전㈜보령발전본부,3,2018-06-14 21:30,SOx,28.61
한국중부발전㈜보령발전본부,3,2018-06-14 21:30,NOx,24.51
한국중부발전㈜보령발전본부,3,2018-06-14 22:00,TSP,4.17
한국중부발전㈜보령발전본부,3,2018-06-14 22:00,SOx,27.52
한국중부발전㈜보령발전본부,3,2018-06-14 22:00,NOx,25.19
한국중부발전㈜보령발전본부,3,2018-06-14 22:30,TSP,4.06
한국중부발전㈜보령발전본부,3,2018-06-14 22:30,SOx,26.81
한국중부발전㈜보령발전본부,3,2018-06-14 22:30,NOx,25.8
한국중부발전㈜보령발전본부,3,2018-06-14 23:00,TSP,4.01
한국중부발전㈜보령발전본부,3,2018-06-14 23:00,SOx,25.73
한국중부발전㈜보령발전본부,3,2018-06-14 23:00,NOx,26.55
한국중부발전㈜보령발전본부,3,2018-06-14 23:30,TSP,3.93
한국중부발전㈜보령발전본부,3,2018-06-14 23:30,SOx,24.62
한국중부발전㈜보령발전본부,3,2018-06-14 23:30,NOx,25.41
한국중부발전㈜보령발전본부,3,2018-06-15 00:00,TSP,3.84
한국중부발전㈜보령발전본부,3,2018-06-15 00:00,SOx,23.23
한국중부발전㈜보령발전본부,3,2018-06-15 00:00,NOx,24.94
한국중부발전㈜보령발전본부,3,2018-06-15 00:30,TSP,3.88
한국중부발전㈜보령발전본부,3,2018-06-15 00:30,SOx,22.4
한국중부발전㈜보령발전본부,3,2018-06-15 00:30,NOx,25.68
한국중부발전㈜보령발전본부,3,2018-06-15 01:00,TSP,3.81
한국중부발전㈜보령발전본부,3,2018-06-15 01:00,SOx,21.7
한국중부발전㈜보령발전본부,3,2018-06-15 01:00,NOx,23.5
한국중부발전㈜보령발전본부,3,2018-06-15 01:30,TSP,3.84
한국중부발전㈜보령발전본부,3,2018-06-15 01:30,SOx,20.85
한국중부발전㈜보령발전본부,3,2018-06-15 01:30,NOx,23.71
한국중부발전㈜보령발전본부,3,2018-06-15 02:00,TSP,3.75
한국중부발전㈜보령발전본부,3,2018-06-15 02:00,SOx,20.09
한국중부발전㈜보령발전본부,3,2018-06-15 02:00,NOx,23.5
한국중부발전㈜보령발전본부,3,2018-06-15 02:30,TSP,3.76
한국중부발전㈜보령발전본부,3,2018-06-15 02:30,SOx,20.23
한국중부발전㈜보령발전본부,3,2018-06-15 02:30,NOx,22.46
한국중부발전㈜보령발전본부,3,2018-06-15 03:00,TSP,3.74
한국중부발전㈜보령발전본부,3,2018-06-15 03:00,SOx,20.52
한국중부발전㈜보령발전본부,3,2018-06-15 03:00,NOx,23.33
한국중부발전㈜보령발전본부,3,2018-06-15 03:30,TSP,3.97
한국중부발전㈜보령발전본부,3,2018-06-15 03:30,SOx,20.36
한국중부발전㈜보령발전본부,3,2018-06-15 03:30,NOx,22.44
한국중부발전㈜보령발전본부,3,2018-06-15 04:00,TSP,3.83
한국중부발전㈜보령발전본부,3,2018-06-15 04:00,SOx,20.8
한국중부발전㈜보령발전본부,3,2018-06-15 04:00,NOx,21.47
한국중부발전㈜보령발전본부,3,2018-06-15 04:30,TSP,3.93
한국중부발전㈜보령발전본부,3,2018-06-15 04:30,SOx,21.0
한국중부발전㈜보령발전본부,3,2018-06-15 04:30,NOx,22.35
한국중부발전㈜보령발전본부,3,2018-06-15 05:00,TSP,4.03
한국중부발전㈜보령발전본부,3,2018-06-15 05:00,SOx,20.41
한국중부발전㈜보령발전본부,3,2018-06-15 05:00,NOx,20.45
한국중부발전㈜보령발전본부,3,2018-06-15 05:30,TSP,4.14
한국중부발전㈜보령발전본부,3,2018-06-15 05:30,SOx,20.01
한국중부발전㈜보령발전본부,3,2018-06-15 05:30,NOx,21.61
한국중부발전㈜보령발전본부,3,2018-06-15 06:00,TSP,4.11
한국중부발전㈜보령발전본부,3,2018-06-15 06:00,SOx,19.77
한국중부발전㈜보령발전본부,3,2018-06-15 06:00,NOx,20.66
한국중부발전㈜보령발전본부,3,2018-06-15 06:30,TSP,3.9
한국중부발전㈜보령발전본부,3,2018-06-15 06:30,SOx,19.39
한국중부발전㈜보령발전본부,3,2018-06-15 06:30,NOx,22.0
한국중부발전㈜보령발전본부,3,2018-06-15 07:00,TSP,3.96
한국중부발전㈜보령발전본부,3,2018-06-15 07:00,SOx,19.12
한국중부발전㈜보령발전본부,3,2018-06-15 07:00,NOx,22.29
한국중부발전㈜보령발전본부,3,2018-06-15 07:30,TSP,4.01
한국중부발전㈜보령발전본부,3,2018-06-15 07:30,SOx,19.05
한국중부발전㈜보령발전본부,3,2018-06-15 07:30,NOx,24.28
한국중부발전㈜보령발전본부,3,2018-06-15 08:00,TSP,4.07
한국중부발전㈜보령발전본부,3,2018-06-15 08:00,SOx,19.66
한국중부발전㈜보령발전본부,3,2018-06-15 08:00,NOx,21.53
한국중부발전㈜보령발전본부,3,2018-06-15 08:30,TSP,4.14
한국중부발전㈜보령발전본부,3,2018-06-15 08:30,SOx,19.33
한국중부발전㈜보령발전본부,3,2018-06-15 08:30,NOx,20.44
한국중부발전㈜보령발전본부,3,2018-06-15 09:00,TSP,4.1
한국중부발전㈜보령발전본부,3,2018-06-15 09:00,SOx,19.61
한국중부발전㈜보령발전본부,3,2018-06-15 09:00,NOx,21.61
한국중부발전㈜보령발전본부,3,2018-06-15 09:30,TSP,4.18
한국중부발전㈜보령발전본부,3,2018-06-15 09:30,SOx,19.96
한국중부발전㈜보령발전본부,3,2018-06-15 09:30,NOx,22.39
한국중부발전㈜보령발전본부,3,2018-06-15 10:00,TSP,4.22
한국중부발전㈜보령발전본부,3,2018-06-15 10:00,SOx,19.66
한국중부발전㈜보령발전본부,3,2018-06-15 10:00,NOx,22.38
한국중부발전㈜보령발전본부,3,2018-06-15 10:30,TSP,4.22
한국중부발전㈜보령발전본부,3,2018-06-15 10:30,SOx,19.66
한국중부발전㈜보령발전본부,3,2018-06-15 10:30,NOx,22.38
한국중부발전㈜보령발전본부,3,2018-06-15 11:00,TSP,4.22
한국중부발전㈜보령발전본부,3,2018-06-15 11:00,SOx,19.66
한국중부발전㈜보령발전본부,3,2018-06-15 11:00,NOx,22.38
한국중부발전㈜보령발전본부,3,2018-06-15 11:30,TSP,4.22
한국중부발전㈜보령발전본부,3,2018-06-15 11:30,SOx,19.66
한국중부발전㈜보령발전본부,3,2018-06-15 11:30,NOx,22.38
한국중부발전㈜보령발전본부,3,2018-06-15 12:00,TSP,4.22
한국중부발전㈜보령발전본부,3,2018-06-15 12:00,SOx,19.66
한국중부발전㈜보령발전본부,3,2018-06-15 12:00,NOx,22.38
한국중부발전㈜보령발전본부,3,2018-06-15 12:30,TSP,4.22
한국중부발전㈜보령발전본부,3,2018-06-15 12:30,SOx,19.66
한국중부발전㈜보령발전본부,3,2018-06-15 12:30,NOx,22.38
한국중부발전㈜보령발전본부,3,2018-06-15 13:00,TSP,4.22
한국중부발전㈜보령발전본부,3,2018-06-15 13:00,SOx,19.66
한국중부발전㈜보령발전본부,3,2018-06-15 13:00,NOx,22.38
한국중부발전㈜보령발전본부,3,2018-06-15 13:30,TSP,4.22
한국중부발전㈜보령발전본부,3,2018-06-15 13:30,SOx,19.66
한국중부발전㈜보령발전본부,3,2018-06-15 13:30,NOx,22.38
한국중부발전㈜보령발전본부,3,2018-06-15 14:00,TSP,4.22
한국중부발전㈜보령발전본부,3,2018-06-15 14:00,SOx,19.66
한국중부발전㈜보령발전본부,3,2018-06-15 14:00,NOx,22.38
한국중부발전㈜보령발전본부,3,2018-06-15 14:30,TSP,4.01
한국중부발전㈜보령발전본부,3,2018-06-15 14:30,SOx,24.49
한국중부발전㈜보령발전본부,3,2018-06-15 14:30,NOx,25.45
한국중부발전㈜보령발전본부,3,2018-06-15 15:00,TSP,3.96
한국중부발전㈜보령발전본부,3,2018-06-15 15:00,SOx,25.37
한국중부발전㈜보령발전본부,3,2018-06-15 15:00,NOx,24.5
한국중부발전㈜보령발전본부,3,2018-06-15 15:30,TSP,3.85
한국중부발전㈜보령발전본부,3,2018-06-15 15:30,SOx,26.13
한국중부발전㈜보령발전본부,3,2018-06-15 15:30,NOx,24.16
한국중부발전㈜보령발전본부,3,2018-06-15 16:00,TSP,3.92
한국중부발전㈜보령발전본부,3,2018-06-15 16:00,SOx,26.1
한국중부발전㈜보령발전본부,3,2018-06-15 16:00,NOx,24.35
한국중부발전㈜보령발전본부,3,2018-06-15 16:30,TSP,3.83
한국중부발전㈜보령발전본부,3,2018-06-15 16:30,SOx,27.61
한국중부발전㈜보령발전본부,3,2018-06-15 16:30,NOx,26.13
한국중부발전㈜보령발전본부,3,2018-06-15 17:00,TSP,3.92
한국중부발전㈜보령발전본부,3,2018-06-15 17:00,SOx,28.34
한국중부발전㈜보령발전본부,3,2018-06-15 17:00,NOx,24.15
한국중부발전㈜보령발전본부,3,2018-06-15 17:30,TSP,3.88
한국중부발전㈜보령발전본부,3,2018-06-15 17:30,SOx,27.51
한국중부발전㈜보령발전본부,3,2018-06-15 17:30,NOx,24.26
한국중부발전㈜보령발전본부,3,2018-06-15 18:00,TSP,3.87
한국중부발전㈜보령발전본부,3,2018-06-15 18:00,SOx,27.85
한국중부발전㈜보령발전본부,3,2018-06-15 18:00,NOx,23.75
한국중부발전㈜보령발전본부,3,2018-06-15 18:30,TSP,3.87
한국중부발전㈜보령발전본부,3,2018-06-15 18:30,SOx,26.69
한국중부발전㈜보령발전본부,3,2018-06-15 18:30,NOx,23.05
한국중부발전㈜보령발전본부,3,2018-06-15 19:00,TSP,3.98
한국중부발전㈜보령발전본부,3,2018-06-15 19:00,SOx,26.88
한국중부발전㈜보령발전본부,3,2018-06-15 19:00,NOx,25.14
한국중부발전㈜보령발전본부,3,2018-06-15 19:30,TSP,4.0
한국중부발전㈜보령발전본부,3,2018-06-15 19:30,SOx,24.43
한국중부발전㈜보령발전본부,3,2018-06-15 19:30,NOx,25.33
한국중부발전㈜보령발전본부,3,2018-06-15 20:00,TSP,4.0
한국중부발전㈜보령발전본부,3,2018-06-15 20:00,SOx,23.98
한국중부발전㈜보령발전본부,3,2018-06-15 20:00,NOx,24.93
한국중부발전㈜보령발전본부,3,2018-06-15 20:30,TSP,3.95
한국중부발전㈜보령발전본부,3,2018-06-15 20:30,SOx,24.52
한국중부발전㈜보령발전본부,3,2018-06-15 20:30,NOx,26.92
한국중부발전㈜보령발전본부,3,2018-06-15 21:00,TSP,4.42
한국중부발전㈜보령발전본부,3,2018-06-15 21:00,SOx,23.76
한국중부발전㈜보령발전본부,3,2018-06-15 21:00,NOx,25.86
한국중부발전㈜보령발전본부,3,2018-06-15 21:30,TSP,4.33
한국중부발전㈜보령발전본부,3,2018-06-15 21:30,SOx,21.01
한국중부발전㈜보령발전본부,3,2018-06-15 21:30,NOx,23.71
한국중부발전㈜보령발전본부,3,2018-06-15 22:00,TSP,4.48
한국중부발전㈜보령발전본부,3,2018-06-15 22:00,SOx,20.38
한국중부발전㈜보령발전본부,3,2018-06-15 22:00,NOx,24.11
한국중부발전㈜보령발전본부,3,2018-06-15 22:30,TSP,4.49
한국중부발전㈜보령발전본부,3,2018-06-15 22:30,SOx,20.77
한국중부발전㈜보령발전본부,3,2018-06-15 22:30,NOx,24.3
한국중부발전㈜보령발전본부,3,2018-06-15 23:00,TSP,4.57
한국중부발전㈜보령발전본부,3,2018-06-15 23:00,SOx,21.25
한국중부발전㈜보령발전본부,3,2018-06-15 23:00,NOx,23.51
한국중부발전㈜보령발전본부,3,2018-06-15 23:30,TSP,4.36
한국중부발전㈜보령발전본부,3,2018-06-15 23:30,SOx,21.33
한국중부발전㈜보령발전본부,3,2018-06-15 23:30,NOx,24.09
한국중부발전㈜보령발전본부,3,2018-06-16 00:00,TSP,4.23
한국중부발전㈜보령발전본부,3,2018-06-16 00:00,SOx,20.81
한국중부발전㈜보령발전본부,3,2018-06-16 00:00,NOx,23.3
한국중부발전㈜보령발전본부,3,2018-06-16 00:30,TSP,4.18
한국중부발전㈜보령발전본부,3,2018-06-16 00:30,SOx,19.85
한국중부발전㈜보령발전본부,3,2018-06-16 00:30,NOx,21.19
한국중부발전㈜보령발전본부,3,2018-06-16 01:00,TSP,4.16
한국중부발전㈜보령발전본부,3,2018-06-16 01:00,SOx,19.57
한국중부발전㈜보령발전본부,3,2018-06-16 01:00,NOx,21.33
한국중부발전㈜보령발전본부,3,2018-06-16 01:30,TSP,4.12
한국중부발전㈜보령발전본부,3,2018-06-16 01:30,SOx,19.03
한국중부발전㈜보령발전본부,3,2018-06-16 01:30,NOx,23.17
한국중부발전㈜보령발전본부,3,2018-06-16 02:00,TSP,4.07
한국중부발전㈜보령발전본부,3,2018-06-16 02:00,SOx,18.4
한국중부발전㈜보령발전본부,3,2018-06-16 02:00,NOx,21.82
한국중부발전㈜보령발전본부,3,2018-06-16 02:30,TSP,4.04
한국중부발전㈜보령발전본부,3,2018-06-16 02:30,SOx,18.24
한국중부발전㈜보령발전본부,3,2018-06-16 02:30,NOx,21.58
한국중부발전㈜보령발전본부,3,2018-06-16 03:00,TSP,4.09
한국중부발전㈜보령발전본부,3,2018-06-16 03:00,SOx,18.54
한국중부발전㈜보령발전본부,3,2018-06-16 03:00,NOx,21.67
한국중부발전㈜보령발전본부,3,2018-06-16 03:30,TSP,4.08
한국중부발전㈜보령발전본부,3,2018-06-16 03:30,SOx,18.07
한국중부발전㈜보령발전본부,3,2018-06-16 03:30,NOx,21.95
한국중부발전㈜보령발전본부,3,2018-06-16 04:00,TSP,4.03
한국중부발전㈜보령발전본부,3,2018-06-16 04:00,SOx,18.47
한국중부발전㈜보령발전본부,3,2018-06-16 04:00,NOx,21.89
한국중부발전㈜보령발전본부,3,2018-06-16 04:30,TSP,3.97
한국중부발전㈜보령발전본부,3,2018-06-16 04:30,SOx,18.82
한국중부발전㈜보령발전본부,3,2018-06-16 04:30,NOx,22.36
한국중부발전㈜보령발전본부,3,2018-06-16 05:00,TSP,3.91
한국중부발전㈜보령발전본부,3,2018-06-16 05:00,SOx,19.25
한국중부발전㈜보령발전본부,3,2018-06-16 05:00,NOx,22.1
한국중부발전㈜보령발전본부,3,2018-06-16 05:30,TSP,3.95
한국중부발전㈜보령발전본부,3,2018-06-16 05:30,SOx,19.14
한국중부발전㈜보령발전본부,3,2018-06-16 05:30,NOx,22.49
한국중부발전㈜보령발전본부,3,2018-06-16 06:00,TSP,3.94
한국중부발전㈜보령발전본부,3,2018-06-16 06:00,SOx,18.12
한국중부발전㈜보령발전본부,3,2018-06-16 06:00,NOx,22.93
한국중부발전㈜보령발전본부,3,2018-06-16 06:30,TSP,3.99
한국중부발전㈜보령발전본부,3,2018-06-16 06:30,SOx,16.72
한국중부발전㈜보령발전본부,3,2018-06-16 06:30,NOx,20.27
한국중부발전㈜보령발전본부,3,2018-06-16 07:00,TSP,3.92
한국중부발전㈜보령발전본부,3,2018-06-16 07:00,SOx,17.05
한국중부발전㈜보령발전본부,3,2018-06-16 07:00,NOx,21.56
한국중부발전㈜보령발전본부,3,2018-06-16 07:30,TSP,4.39
한국중부발전㈜보령발전본부,3,2018-06-16 07:30,SOx,16.84
한국중부발전㈜보령발전본부,3,2018-06-16 07:30,NOx,20.22
한국중부발전㈜보령발전본부,3,2018-06-16 08:00,TSP,4.22
한국중부발전㈜보령발전본부,3,2018-06-16 08:00,SOx,17.38
한국중부발전㈜보령발전본부,3,2018-06-16 08:00,NOx,21.15
한국중부발전㈜보령발전본부,3,2018-06-16 08:30,TSP,4.47
한국중부발전㈜보령발전본부,3,2018-06-16 08:30,SOx,17.64
한국중부발전㈜보령발전본부,3,2018-06-16 08:30,NOx,21.57
한국중부발전㈜보령발전본부,3,2018-06-16 09:00,TSP,4.45
한국중부발전㈜보령발전본부,3,2018-06-16 09:00,SOx,17.67
한국중부발전㈜보령발전본부,3,2018-06-16 09:00,NOx,22.06
한국중부발전㈜보령발전본부,3,2018-06-16 09:30,TSP,4.78
한국중부발전㈜보령발전본부,3,2018-06-16 09:30,SOx,17.45
한국중부발전㈜보령발전본부,3,2018-06-16 09:30,NOx,24.97
한국중부발전㈜보령발전본부,3,2018-06-16 10:00,TSP,4.73
한국중부발전㈜보령발전본부,3,2018-06-16 10:00,SOx,17.32
한국중부발전㈜보령발전본부,3,2018-06-16 10:00,NOx,25.29
한국중부발전㈜보령발전본부,3,2018-06-16 10:30,TSP,4.25
한국중부발전㈜보령발전본부,3,2018-06-16 10:30,SOx,17.51
한국중부발전㈜보령발전본부,3,2018-06-16 10:30,NOx,21.67
한국중부발전㈜보령발전본부,3,2018-06-16 11:00,TSP,4.08
한국중부발전㈜보령발전본부,3,2018-06-16 11:00,SOx,17.54
한국중부발전㈜보령발전본부,3,2018-06-16 11:00,NOx,21.61
한국중부발전㈜보령발전본부,3,2018-06-16 11:30,TSP,4.45
한국중부발전㈜보령발전본부,3,2018-06-16 11:30,SOx,16.88
한국중부발전㈜보령발전본부,3,2018-06-16 11:30,NOx,20.36
한국중부발전㈜보령발전본부,3,2018-06-16 12:00,TSP,4.5
한국중부발전㈜보령발전본부,3,2018-06-16 12:00,SOx,17.38
한국중부발전㈜보령발전본부,3,2018-06-16 12:00,NOx,20.02
한국중부발전㈜보령발전본부,3,2018-06-16 12:30,TSP,4.44
한국중부발전㈜보령발전본부,3,2018-06-16 12:30,SOx,17.38
한국중부발전㈜보령발전본부,3,2018-06-16 12:30,NOx,20.02
한국중부발전㈜보령발전본부,3,2018-06-16 13:00,TSP,4.08
한국중부발전㈜보령발전본부,3,2018-06-16 13:00,SOx,17.38
한국중부발전㈜보령발전본부,3,2018-06-16 13:00,NOx,20.02
한국중부발전㈜보령발전본부,3,2018-06-16 13:30,TSP,4.0
한국중부발전㈜보령발전본부,3,2018-06-16 13:30,SOx,18.48
한국중부발전㈜보령발전본부,3,2018-06-16 13:30,NOx,21.92
한국중부발전㈜보령발전본부,3,2018-06-16 14:00,TSP,4.03
한국중부발전㈜보령발전본부,3,2018-06-16 14:00,SOx,18.57
한국중부발전㈜보령발전본부,3,2018-06-16 14:00,NOx,22.25
한국중부발전㈜보령발전본부,3,2018-06-16 14:30,TSP,3.91
한국중부발전㈜보령발전본부,3,2018-06-16 14:30,SOx,18.96
한국중부발전㈜보령발전본부,3,2018-06-16 14:30,NOx,20.34
한국중부발전㈜보령발전본부,3,2018-06-16 15:00,TSP,3.91
한국중부발전㈜보령발전본부,3,2018-06-16 15:00,SOx,18.92
한국중부발전㈜보령발전본부,3,2018-06-16 15:00,NOx,21.78
한국중부발전㈜보령발전본부,3,2018-06-16 15:30,TSP,3.96
한국중부발전㈜보령발전본부,3,2018-06-16 15:30,SOx,20.39
한국중부발전㈜보령발전본부,3,2018-06-16 15:30,NOx,20.42
한국중부발전㈜보령발전본부,3,2018-06-16 16:00,TSP,3.96
한국중부발전㈜보령발전본부,3,2018-06-16 16:00,SOx,21.47
한국중부발전㈜보령발전본부,3,2018-06-16 16:00,NOx,20.99
한국중부발전㈜보령발전본부,3,2018-06-16 16:30,TSP,3.88
한국중부발전㈜보령발전본부,3,2018-06-16 16:30,SOx,20.7
한국중부발전㈜보령발전본부,3,2018-06-16 16:30,NOx,21.13
한국중부발전㈜보령발전본부,3,2018-06-16 17:00,TSP,3.65
한국중부발전㈜보령발전본부,3,2018-06-16 17:00,SOx,20.54
한국중부발전㈜보령발전본부,3,2018-06-16 17:00,NOx,21.39
한국중부발전㈜보령발전본부,3,2018-06-16 17:30,TSP,3.64
한국중부발전㈜보령발전본부,3,2018-06-16 17:30,SOx,20.48
한국중부발전㈜보령발전본부,3,2018-06-16 17:30,NOx,21.1
한국중부발전㈜보령발전본부,3,2018-06-16 18:00,TSP,3.61
한국중부발전㈜보령발전본부,3,2018-06-16 18:00,SOx,20.37
한국중부발전㈜보령발전본부,3,2018-06-16 18:00,NOx,20.62
한국중부발전㈜보령발전본부,3,2018-06-16 18:30,TSP,3.64
한국중부발전㈜보령발전본부,3,2018-06-16 18:30,SOx,20.4
한국중부발전㈜보령발전본부,3,2018-06-16 18:30,NOx,19.71
한국중부발전㈜보령발전본부,3,2018-06-16 19:00,TSP,3.6
한국중부발전㈜보령발전본부,3,2018-06-16 19:00,SOx,20.1
한국중부발전㈜보령발전본부,3,2018-06-16 19:00,NOx,21.1
한국중부발전㈜보령발전본부,3,2018-06-16 19:30,TSP,3.66
한국중부발전㈜보령발전본부,3,2018-06-16 19:30,SOx,20.85
한국중부발전㈜보령발전본부,3,2018-06-16 19:30,NOx,20.36
한국중부발전㈜보령발전본부,3,2018-06-16 20:00,TSP,3.63
한국중부발전㈜보령발전본부,3,2018-06-16 20:00,SOx,21.3
한국중부발전㈜보령발전본부,3,2018-06-16 20:00,NOx,21.61
한국중부발전㈜보령발전본부,3,2018-06-16 20:30,TSP,3.62
한국중부발전㈜보령발전본부,3,2018-06-16 20:30,SOx,21.47
한국중부발전㈜보령발전본부,3,2018-06-16 20:30,NOx,20.57
한국중부발전㈜보령발전본부,3,2018-06-16 21:00,TSP,3.65
한국중부발전㈜보령발전본부,3,2018-06-16 21:00,SOx,21.24
한국중부발전㈜보령발전본부,3,2018-06-16 21:00,NOx,20.17
한국중부발전㈜보령발전본부,3,2018-06-16 21:30,TSP,3.67
한국중부발전㈜보령발전본부,3,2018-06-16 21:30,SOx,21.08
한국중부발전㈜보령발전본부,3,2018-06-16 21:30,NOx,20.01
한국중부발전㈜보령발전본부,3,2018-06-16 22:00,TSP,3.61
한국중부발전㈜보령발전본부,3,2018-06-16 22:00,SOx,21.08
한국중부발전㈜보령발전본부,3,2018-06-16 22:00,NOx,20.97
한국중부발전㈜보령발전본부,3,2018-06-16 22:30,TSP,3.6
한국중부발전㈜보령발전본부,3,2018-06-16 22:30,SOx,20.48
한국중부발전㈜보령발전본부,3,2018-06-16 22:30,NOx,21.08
한국중부발전㈜보령발전본부,3,2018-06-16 23:00,TSP,3.57
한국중부발전㈜보령발전본부,3,2018-06-16 23:00,SOx,20.32
한국중부발전㈜보령발전본부,3,2018-06-16 23:00,NOx,21.25
한국중부발전㈜보령발전본부,3,2018-06-16 23:30,TSP,3.6
한국중부발전㈜보령발전본부,3,2018-06-16 23:30,SOx,19.96
한국중부발전㈜보령발전본부,3,2018-06-16 23:30,NOx,21.15
한국중부발전㈜보령발전본부,3,2018-06-17 00:00,TSP,3.64
한국중부발전㈜보령발전본부,3,2018-06-17 00:00,SOx,20.02
한국중부발전㈜보령발전본부,3,2018-06-17 00:00,NOx,22.02
한국중부발전㈜보령발전본부,3,2018-06-17 00:30,TSP,3.74
한국중부발전㈜보령발전본부,3,2018-06-17 00:30,SOx,20.27
한국중부발전㈜보령발전본부,3,2018-06-17 00:30,NOx,21.68
한국중부발전㈜보령발전본부,3,2018-06-17 01:00,TSP,3.65
한국중부발전㈜보령발전본부,3,2018-06-17 01:00,SOx,20.8
한국중부발전㈜보령발전본부,3,2018-06-17 01:00,NOx,20.95
한국중부발전㈜보령발전본부,3,2018-06-17 01:30,TSP,3.68
한국중부발전㈜보령발전본부,3,2018-06-17 01:30,SOx,21.27
한국중부발전㈜보령발전본부,3,2018-06-17 01:30,NOx,21.2
한국중부발전㈜보령발전본부,3,2018-06-17 02:00,TSP,3.74
한국중부발전㈜보령발전본부,3,2018-06-17 02:00,SOx,18.83
한국중부발전㈜보령발전본부,3,2018-06-17 02:00,NOx,21.57
한국중부발전㈜보령발전본부,3,2018-06-17 02:30,TSP,3.82
한국중부발전㈜보령발전본부,3,2018-06-17 02:30,SOx,18.59
한국중부발전㈜보령발전본부,3,2018-06-17 02:30,NOx,20.58
한국중부발전㈜보령발전본부,3,2018-06-17 03:00,TSP,3.57
한국중부발전㈜보령발전본부,3,2018-06-17 03:00,SOx,20.38
한국중부발전㈜보령발전본부,3,2018-06-17 03:00,NOx,21.61
한국중부발전㈜보령발전본부,3,2018-06-17 03:30,TSP,3.6
한국중부발전㈜보령발전본부,3,2018-06-17 03:30,SOx,21.93
한국중부발전㈜보령발전본부,3,2018-06-17 03:30,NOx,21.13
한국중부발전㈜보령발전본부,3,2018-06-17 04:00,TSP,3.6
한국중부발전㈜보령발전본부,3,2018-06-17 04:00,SOx,23.8
한국중부발전㈜보령발전본부,3,2018-06-17 04:00,NOx,21.76
한국중부발전㈜보령발전본부,3,2018-06-17 04:30,TSP,3.58
한국중부발전㈜보령발전본부,3,2018-06-17 04:30,SOx,25.26
한국중부발전㈜보령발전본부,3,2018-06-17 04:30,NOx,22.17
한국중부발전㈜보령발전본부,3,2018-06-17 05:00,TSP,3.54
한국중부발전㈜보령발전본부,3,2018-06-17 05:00,SOx,25.58
한국중부발전㈜보령발전본부,3,2018-06-17 05:00,NOx,22.58
한국중부발전㈜보령발전본부,3,2018-06-17 05:30,TSP,3.6
한국중부발전㈜보령발전본부,3,2018-06-17 05:30,SOx,25.05
한국중부발전㈜보령발전본부,3,2018-06-17 05:30,NOx,22.01
한국중부발전㈜보령발전본부,3,2018-06-17 06:00,TSP,3.61
한국중부발전㈜보령발전본부,3,2018-06-17 06:00,SOx,24.99
한국중부발전㈜보령발전본부,3,2018-06-17 06:00,NOx,22.67
한국중부발전㈜보령발전본부,3,2018-06-17 06:30,TSP,3.63
한국중부발전㈜보령발전본부,3,2018-06-17 06:30,SOx,25.13
한국중부발전㈜보령발전본부,3,2018-06-17 06:30,NOx,22.71
한국중부발전㈜보령발전본부,3,2018-06-17 07:00,TSP,3.83
한국중부발전㈜보령발전본부,3,2018-06-17 07:00,SOx,25.97
한국중부발전㈜보령발전본부,3,2018-06-17 07:00,NOx,22.97
한국중부발전㈜보령발전본부,3,2018-06-17 07:30,TSP,3.98
한국중부발전㈜보령발전본부,3,2018-06-17 07:30,SOx,26.67
한국중부발전㈜보령발전본부,3,2018-06-17 07:30,NOx,22.91
한국중부발전㈜보령발전본부,3,2018-06-17 08:00,TSP,3.98
한국중부발전㈜보령발전본부,3,2018-06-17 08:00,SOx,28.95
한국중부발전㈜보령발전본부,3,2018-06-17 08:00,NOx,21.39
한국중부발전㈜보령발전본부,3,2018-06-17 08:30,TSP,3.93
한국중부발전㈜보령발전본부,3,2018-06-17 08:30,SOx,29.66
한국중부발전㈜보령발전본부,3,2018-06-17 08:30,NOx,24.77
한국중부발전㈜보령발전본부,3,2018-06-17 09:00,TSP,3.99
한국중부발전㈜보령발전본부,3,2018-06-17 09:00,SOx,28.63
한국중부발전㈜보령발전본부,3,2018-06-17 09:00,NOx,25.16
한국중부발전㈜보령발전본부,3,2018-06-17 09:30,TSP,4.08
한국중부발전㈜보령발전본부,3,2018-06-17 09:30,SOx,29.35
한국중부발전㈜보령발전본부,3,2018-06-17 09:30,NOx,25.17
한국중부발전㈜보령발전본부,3,2018-06-17 10:00,TSP,3.97
한국중부발전㈜보령발전본부,3,2018-06-17 10:00,SOx,30.92
한국중부발전㈜보령발전본부,3,2018-06-17 10:00,NOx,22.93
한국중부발전㈜보령발전본부,3,2018-06-17 10:30,TSP,4.21
한국중부발전㈜보령발전본부,3,2018-06-17 10:30,SOx,31.86
한국중부발전㈜보령발전본부,3,2018-06-17 10:30,NOx,24.64
한국중부발전㈜보령발전본부,3,2018-06-17 11:00,TSP,4.25
한국중부발전㈜보령발전본부,3,2018-06-17 11:00,SOx,31.85
한국중부발전㈜보령발전본부,3,2018-06-17 11:00,NOx,23.93
한국중부발전㈜보령발전본부,3,2018-06-17 11:30,TSP,4.33
한국중부발전㈜보령발전본부,3,2018-06-17 11:30,SOx,32.1
한국중부발전㈜보령발전본부,3,2018-06-17 11:30,NOx,24.46
한국중부발전㈜보령발전본부,3,2018-06-17 12:00,TSP,4.32
한국중부발전㈜보령발전본부,3,2018-06-17 12:00,SOx,32.54
한국중부발전㈜보령발전본부,3,2018-06-17 12:00,NOx,24.0
한국중부발전㈜보령발전본부,3,2018-06-17 12:30,TSP,4.1
한국중부발전㈜보령발전본부,3,2018-06-17 12:30,SOx,32.54
한국중부발전㈜보령발전본부,3,2018-06-17 12:30,NOx,24.0
한국중부발전㈜보령발전본부,3,2018-06-17 13:00,TSP,4.15
한국중부발전㈜보령발전본부,3,2018-06-17 13:00,SOx,32.54
한국중부발전㈜보령발전본부,3,2018-06-17 13:00,NOx,24.0
한국중부발전㈜보령발전본부,3,2018-06-17 13:30,TSP,4.13
한국중부발전㈜보령발전본부,3,2018-06-17 13:30,SOx,31.92
한국중부발전㈜보령발전본부,3,2018-06-17 13:30,NOx,24.73
한국중부발전㈜보령발전본부,3,2018-06-17 14:00,TSP,4.14
한국중부발전㈜보령발전본부,3,2018-06-17 14:00,SOx,31.22
한국중부발전㈜보령발전본부,3,2018-06-17 14:00,NOx,25.9
한국중부발전㈜보령발전본부,3,2018-06-17 14:30,TSP,4.07
한국중부발전㈜보령발전본부,3,2018-06-17 14:30,SOx,31.19
한국중부발전㈜보령발전본부,3,2018-06-17 14:30,NOx,24.39
한국중부발전㈜보령발전본부,3,2018-06-17 15:00,TSP,4.2
한국중부발전㈜보령발전본부,3,2018-06-17 15:00,SOx,31.62
한국중부발전㈜보령발전본부,3,2018-06-17 15:00,NOx,25.71
한국중부발전㈜보령발전본부,3,2018-06-17 15:30,TSP,4.0
한국중부발전㈜보령발전본부,3,2018-06-17 15:30,SOx,30.77
한국중부발전㈜보령발전본부,3,2018-06-17 15:30,NOx,24.76
한국중부발전㈜보령발전본부,3,2018-06-17 16:00,TSP,3.93
한국중부발전㈜보령발전본부,3,2018-06-17 16:00,SOx,30.32
한국중부발전㈜보령발전본부,3,2018-06-17 16:00,NOx,23.01
한국중부발전㈜보령발전본부,3,2018-06-17 16:30,TSP,3.95
한국중부발전㈜보령발전본부,3,2018-06-17 16:30,SOx,30.29
한국중부발전㈜보령발전본부,3,2018-06-17 16:30,NOx,23.35
한국중부발전㈜보령발전본부,3,2018-06-17 17:00,TSP,3.83
한국중부발전㈜보령발전본부,3,2018-06-17 17:00,SOx,30.57
한국중부발전㈜보령발전본부,3,2018-06-17 17:00,NOx,23.55
한국중부발전㈜보령발전본부,3,2018-06-17 17:30,TSP,3.92
한국중부발전㈜보령발전본부,3,2018-06-17 17:30,SOx,31.58
한국중부발전㈜보령발전본부,3,2018-06-17 17:30,NOx,22.85
한국중부발전㈜보령발전본부,3,2018-06-17 18:00,TSP,3.87
한국중부발전㈜보령발전본부,3,2018-06-17 18:00,SOx,32.16
한국중부발전㈜보령발전본부,3,2018-06-17 18:00,NOx,24.68
한국중부발전㈜보령발전본부,3,2018-06-17 18:30,TSP,3.9
한국중부발전㈜보령발전본부,3,2018-06-17 18:30,SOx,33.75
한국중부발전㈜보령발전본부,3,2018-06-17 18:30,NOx,23.19
한국중부발전㈜보령발전본부,3,2018-06-17 19:00,TSP,3.9
한국중부발전㈜보령발전본부,3,2018-06-17 19:00,SOx,33.68
한국중부발전㈜보령발전본부,3,2018-06-17 19:00,NOx,24.0
한국중부발전㈜보령발전본부,3,2018-06-17 19:30,TSP,3.97
한국중부발전㈜보령발전본부,3,2018-06-17 19:30,SOx,34.37
한국중부발전㈜보령발전본부,3,2018-06-17 19:30,NOx,25.06
한국중부발전㈜보령발전본부,3,2018-06-17 20:00,TSP,3.93
한국중부발전㈜보령발전본부,3,2018-06-17 20:00,SOx,34.74
한국중부발전㈜보령발전본부,3,2018-06-17 20:00,NOx,23.24
한국중부발전㈜보령발전본부,3,2018-06-17 20:30,TSP,3.93
한국중부발전㈜보령발전본부,3,2018-06-17 20:30,SOx,34.39
한국중부발전㈜보령발전본부,3,2018-06-17 20:30,NOx,22.44
한국중부발전㈜보령발전본부,3,2018-06-17 21:00,TSP,3.93
한국중부발전㈜보령발전본부,3,2018-06-17 21:00,SOx,33.44
한국중부발전㈜보령발전본부,3,2018-06-17 21:00,NOx,23.81
한국중부발전㈜보령발전본부,3,2018-06-17 21:30,TSP,3.95
한국중부발전㈜보령발전본부,3,2018-06-17 21:30,SOx,33.73
한국중부발전㈜보령발전본부,3,2018-06-17 21:30,NOx,23.28
한국중부발전㈜보령발전본부,3,2018-06-17 22:00,TSP,3.85
한국중부발전㈜보령발전본부,3,2018-06-17 22:00,SOx,33.39
한국중부발전㈜보령발전본부,3,2018-06-17 22:00,NOx,23.06
한국중부발전㈜보령발전본부,3,2018-06-17 22:30,TSP,3.79
한국중부발전㈜보령발전본부,3,2018-06-17 22:30,SOx,33.32
한국중부발전㈜보령발전본부,3,2018-06-17 22:30,NOx,22.97
한국중부발전㈜보령발전본부,3,2018-06-17 23:00,TSP,3.71
한국중부발전㈜보령발전본부,3,2018-06-17 23:00,SOx,34.03
한국중부발전㈜보령발전본부,3,2018-06-17 23:00,NOx,22.75
한국중부발전㈜보령발전본부,3,2018-06-17 23:30,TSP,3.74
한국중부발전㈜보령발전본부,3,2018-06-17 23:30,SOx,34.03
한국중부발전㈜보령발전본부,3,2018-06-17 23:30,NOx,22.78
한국중부발전㈜보령발전본부,3,2018-06-18 00:00,TSP,3.74
한국중부발전㈜보령발전본부,3,2018-06-18 00:00,SOx,34.16
한국중부발전㈜보령발전본부,3,2018-06-18 00:00,NOx,23.59
한국중부발전㈜보령발전본부,3,2018-06-18 00:30,TSP,3.73
한국중부발전㈜보령발전본부,3,2018-06-18 00:30,SOx,33.81
한국중부발전㈜보령발전본부,3,2018-06-18 00:30,NOx,23.23
한국중부발전㈜보령발전본부,3,2018-06-18 01:00,TSP,3.74
한국중부발전㈜보령발전본부,3,2018-06-18 01:00,SOx,34.35
한국중부발전㈜보령발전본부,3,2018-06-18 01:00,NOx,23.49
한국중부발전㈜보령발전본부,3,2018-06-18 01:30,TSP,3.77
한국중부발전㈜보령발전본부,3,2018-06-18 01:30,SOx,35.08
한국중부발전㈜보령발전본부,3,2018-06-18 01:30,NOx,24.46
한국중부발전㈜보령발전본부,3,2018-06-18 02:00,TSP,3.82
한국중부발전㈜보령발전본부,3,2018-06-18 02:00,SOx,34.61
한국중부발전㈜보령발전본부,3,2018-06-18 02:00,NOx,23.4
한국중부발전㈜보령발전본부,3,2018-06-18 02:30,TSP,3.77
한국중부발전㈜보령발전본부,3,2018-06-18 02:30,SOx,35.31
한국중부발전㈜보령발전본부,3,2018-06-18 02:30,NOx,24.02
한국중부발전㈜보령발전본부,3,2018-06-18 03:00,TSP,3.73
한국중부발전㈜보령발전본부,3,2018-06-18 03:00,SOx,34.9
한국중부발전㈜보령발전본부,3,2018-06-18 03:00,NOx,22.65
한국중부발전㈜보령발전본부,3,2018-06-18 03:30,TSP,3.83
한국중부발전㈜보령발전본부,3,2018-06-18 03:30,SOx,34.95
한국중부발전㈜보령발전본부,3,2018-06-18 03:30,NOx,21.68
한국중부발전㈜보령발전본부,3,2018-06-18 04:00,TSP,3.87
한국중부발전㈜보령발전본부,3,2018-06-18 04:00,SOx,35.63
한국중부발전㈜보령발전본부,3,2018-06-18 04:00,NOx,23.54
한국중부발전㈜보령발전본부,3,2018-06-18 04:30,TSP,3.75
한국중부발전㈜보령발전본부,3,2018-06-18 04:30,SOx,34.62
한국중부발전㈜보령발전본부,3,2018-06-18 04:30,NOx,23.37
한국중부발전㈜보령발전본부,3,2018-06-18 05:00,TSP,3.73
한국중부발전㈜보령발전본부,3,2018-06-18 05:00,SOx,34.91
한국중부발전㈜보령발전본부,3,2018-06-18 05:00,NOx,26.09
한국중부발전㈜보령발전본부,3,2018-06-18 05:30,TSP,3.78
한국중부발전㈜보령발전본부,3,2018-06-18 05:30,SOx,34.9
한국중부발전㈜보령발전본부,3,2018-06-18 05:30,NOx,25.4
한국중부발전㈜보령발전본부,3,2018-06-18 06:00,TSP,3.75
한국중부발전㈜보령발전본부,3,2018-06-18 06:00,SOx,35.12
한국중부발전㈜보령발전본부,3,2018-06-18 06:00,NOx,26.06
한국중부발전㈜보령발전본부,3,2018-06-18 06:30,TSP,3.82
한국중부발전㈜보령발전본부,3,2018-06-18 06:30,SOx,34.71
한국중부발전㈜보령발전본부,3,2018-06-18 06:30,NOx,26.55
한국중부발전㈜보령발전본부,3,2018-06-18 07:00,TSP,3.9
한국중부발전㈜보령발전본부,3,2018-06-18 07:00,SOx,35.24
한국중부발전㈜보령발전본부,3,2018-06-18 07:00,NOx,25.71
한국중부발전㈜보령발전본부,3,2018-06-18 07:30,TSP,3.79
한국중부발전㈜보령발전본부,3,2018-06-18 07:30,SOx,35.59
한국중부발전㈜보령발전본부,3,2018-06-18 07:30,NOx,27.34
한국중부발전㈜보령발전본부,3,2018-06-18 08:00,TSP,3.76
한국중부발전㈜보령발전본부,3,2018-06-18 08:00,SOx,32.99
한국중부발전㈜보령발전본부,3,2018-06-18 08:00,NOx,26.6
한국중부발전㈜보령발전본부,3,2018-06-18 08:30,TSP,3.76
한국중부발전㈜보령발전본부,3,2018-06-18 08:30,SOx,33.93
한국중부발전㈜보령발전본부,3,2018-06-18 08:30,NOx,27.1
한국중부발전㈜보령발전본부,3,2018-06-18 09:00,TSP,3.95
한국중부발전㈜보령발전본부,3,2018-06-18 09:00,SOx,34.3
한국중부발전㈜보령발전본부,3,2018-06-18 09:00,NOx,26.14
한국중부발전㈜보령발전본부,3,2018-06-18 09:30,TSP,4.04
한국중부발전㈜보령발전본부,3,2018-06-18 09:30,SOx,34.07
한국중부발전㈜보령발전본부,3,2018-06-18 09:30,NOx,26.07
한국중부발전㈜보령발전본부,3,2018-06-18 10:00,TSP,4.08
한국중부발전㈜보령발전본부,3,2018-06-18 10:00,SOx,33.31
한국중부발전㈜보령발전본부,3,2018-06-18 10:00,NOx,27.28
한국중부발전㈜보령발전본부,3,2018-06-18 10:30,TSP,4.2
한국중부발전㈜보령발전본부,3,2018-06-18 10:30,SOx,34.02
한국중부발전㈜보령발전본부,3,2018-06-18 10:30,NOx,26.53
한국중부발전㈜보령발전본부,3,2018-06-18 11:00,TSP,4.63
한국중부발전㈜보령발전본부,3,2018-06-18 11:00,SOx,32.91
한국중부발전㈜보령발전본부,3,2018-06-18 11:00,NOx,25.81
한국중부발전㈜보령발전본부,3,2018-06-18 11:30,TSP,4.42
한국중부발전㈜보령발전본부,3,2018-06-18 11:30,SOx,31.24
한국중부발전㈜보령발전본부,3,2018-06-18 11:30,NOx,29.13
한국중부발전㈜보령발전본부,3,2018-06-18 12:00,TSP,4.76
한국중부발전㈜보령발전본부,3,2018-06-18 12:00,SOx,32.29
한국중부발전㈜보령발전본부,3,2018-06-18 12:00,NOx,26.35
한국중부발전㈜보령발전본부,3,2018-06-18 12:30,TSP,4.48
한국중부발전㈜보령발전본부,3,2018-06-18 12:30,SOx,32.29
한국중부발전㈜보령발전본부,3,2018-06-18 12:30,NOx,26.35
한국중부발전㈜보령발전본부,3,2018-06-18 13:00,TSP,4.49
한국중부발전㈜보령발전본부,3,2018-06-18 13:00,SOx,32.29
한국중부발전㈜보령발전본부,3,2018-06-18 13:00,NOx,26.35
한국중부발전㈜보령발전본부,3,2018-06-18 13:30,TSP,4.26
한국중부발전㈜보령발전본부,3,2018-06-18 13:30,SOx,31.71
한국중부발전㈜보령발전본부,3,2018-06-18 13:30,NOx,26.39
한국중부발전㈜보령발전본부,3,2018-06-18 14:00,TSP,4.2
한국중부발전㈜보령발전본부,3,2018-06-18 14:00,SOx,32.8
한국중부발전㈜보령발전본부,3,2018-06-18 14:00,NOx,26.48
한국중부발전㈜보령발전본부,3,2018-06-18 14:30,TSP,4.04
한국중부발전㈜보령발전본부,3,2018-06-18 14:30,SOx,33.36
한국중부발전㈜보령발전본부,3,2018-06-18 14:30,NOx,27.0
한국중부발전㈜보령발전본부,3,2018-06-18 15:00,TSP,4.04
한국중부발전㈜보령발전본부,3,2018-06-18 15:00,SOx,34.61
한국중부발전㈜보령발전본부,3,2018-06-18 15:00,NOx,25.98
한국중부발전㈜보령발전본부,3,2018-06-18 15:30,TSP,4.02
한국중부발전㈜보령발전본부,3,2018-06-18 15:30,SOx,34.84
한국중부발전㈜보령발전본부,3,2018-06-18 15:30,NOx,27.02
한국중부발전㈜보령발전본부,3,2018-06-18 16:00,TSP,4.04
한국중부발전㈜보령발전본부,3,2018-06-18 16:00,SOx,34.97
한국중부발전㈜보령발전본부,3,2018-06-18 16:00,NOx,28.43
한국중부발전㈜보령발전본부,3,2018-06-18 16:30,TSP,3.99
한국중부발전㈜보령발전본부,3,2018-06-18 16:30,SOx,35.17
한국중부발전㈜보령발전본부,3,2018-06-18 16:30,NOx,25.41
한국중부발전㈜보령발전본부,3,2018-06-18 17:00,TSP,3.9
한국중부발전㈜보령발전본부,3,2018-06-18 17:00,SOx,35.42
한국중부발전㈜보령발전본부,3,2018-06-18 17:00,NOx,27.39
한국중부발전㈜보령발전본부,3,2018-06-18 17:30,TSP,3.79
한국중부발전㈜보령발전본부,3,2018-06-18 17:30,SOx,36.39
한국중부발전㈜보령발전본부,3,2018-06-18 17:30,NOx,28.67
한국중부발전㈜보령발전본부,3,2018-06-18 18:00,TSP,3.71
한국중부발전㈜보령발전본부,3,2018-06-18 18:00,SOx,39.15
한국중부발전㈜보령발전본부,3,2018-06-18 18:00,NOx,25.98
한국중부발전㈜보령발전본부,3,2018-06-18 18:30,TSP,3.73
한국중부발전㈜보령발전본부,3,2018-06-18 18:30,SOx,38.33
한국중부발전㈜보령발전본부,3,2018-06-18 18:30,NOx,26.83
한국중부발전㈜보령발전본부,3,2018-06-18 19:00,TSP,3.77
한국중부발전㈜보령발전본부,3,2018-06-18 19:00,SOx,38.27
한국중부발전㈜보령발전본부,3,2018-06-18 19:00,NOx,27.55
한국중부발전㈜보령발전본부,3,2018-06-18 19:30,TSP,3.74
한국중부발전㈜보령발전본부,3,2018-06-18 19:30,SOx,38.0
한국중부발전㈜보령발전본부,3,2018-06-18 19:30,NOx,24.55
한국중부발전㈜보령발전본부,3,2018-06-18 20:00,TSP,3.9
한국중부발전㈜보령발전본부,3,2018-06-18 20:00,SOx,37.31
한국중부발전㈜보령발전본부,3,2018-06-18 20:00,NOx,26.19
한국중부발전㈜보령발전본부,3,2018-06-18 20:30,TSP,3.88
한국중부발전㈜보령발전본부,3,2018-06-18 20:30,SOx,38.1
한국중부발전㈜보령발전본부,3,2018-06-18 20:30,NOx,26.52
한국중부발전㈜보령발전본부,3,2018-06-18 21:00,TSP,3.89
한국중부발전㈜보령발전본부,3,2018-06-18 21:00,SOx,38.11
한국중부발전㈜보령발전본부,3,2018-06-18 21:00,NOx,27.53
한국중부발전㈜보령발전본부,3,2018-06-18 21:30,TSP,3.68
한국중부발전㈜보령발전본부,3,2018-06-18 21:30,SOx,38.39
한국중부발전㈜보령발전본부,3,2018-06-18 21:30,NOx,27.25
한국중부발전㈜보령발전본부,3,2018-06-18 22:00,TSP,3.66
한국중부발전㈜보령발전본부,3,2018-06-18 22:00,SOx,37.18
한국중부발전㈜보령발전본부,3,2018-06-18 22:00,NOx,27.65
한국중부발전㈜보령발전본부,3,2018-06-18 22:30,TSP,3.6
한국중부발전㈜보령발전본부,3,2018-06-18 22:30,SOx,36.82
한국중부발전㈜보령발전본부,3,2018-06-18 22:30,NOx,28.15
한국중부발전㈜보령발전본부,3,2018-06-18 23:00,TSP,3.66
한국중부발전㈜보령발전본부,3,2018-06-18 23:00,SOx,36.7
한국중부발전㈜보령발전본부,3,2018-06-18 23:00,NOx,28.28
한국중부발전㈜보령발전본부,3,2018-06-18 23:30,TSP,3.63
한국중부발전㈜보령발전본부,3,2018-06-18 23:30,SOx,36.96
한국중부발전㈜보령발전본부,3,2018-06-18 23:30,NOx,26.4
한국중부발전㈜보령발전본부,3,2018-06-19 00:00,TSP,3.64
한국중부발전㈜보령발전본부,3,2018-06-19 00:00,SOx,35.57
한국중부발전㈜보령발전본부,3,2018-06-19 00:00,NOx,25.92
한국중부발전㈜보령발전본부,3,2018-06-19 00:30,TSP,3.64
한국중부발전㈜보령발전본부,3,2018-06-19 00:30,SOx,34.77
한국중부발전㈜보령발전본부,3,2018-06-19 00:30,NOx,27.04
한국중부발전㈜보령발전본부,3,2018-06-19 01:00,TSP,3.71
한국중부발전㈜보령발전본부,3,2018-06-19 01:00,SOx,34.29
한국중부발전㈜보령발전본부,3,2018-06-19 01:00,NOx,27.43
한국중부발전㈜보령발전본부,3,2018-06-19 01:30,TSP,3.67
한국중부발전㈜보령발전본부,3,2018-06-19 01:30,SOx,31.75
한국중부발전㈜보령발전본부,3,2018-06-19 01:30,NOx,26.47
한국중부발전㈜보령발전본부,3,2018-06-19 02:00,TSP,3.73
한국중부발전㈜보령발전본부,3,2018-06-19 02:00,SOx,29.71
한국중부발전㈜보령발전본부,3,2018-06-19 02:00,NOx,25.49
한국중부발전㈜보령발전본부,3,2018-06-19 02:30,TSP,3.85
한국중부발전㈜보령발전본부,3,2018-06-19 02:30,SOx,27.94
한국중부발전㈜보령발전본부,3,2018-06-19 02:30,NOx,24.04
한국중부발전㈜보령발전본부,3,2018-06-19 03:00,TSP,3.97
한국중부발전㈜보령발전본부,3,2018-06-19 03:00,SOx,26.52
한국중부발전㈜보령발전본부,3,2018-06-19 03:00,NOx,26.19
한국중부발전㈜보령발전본부,3,2018-06-19 03:30,TSP,3.96
한국중부발전㈜보령발전본부,3,2018-06-19 03:30,SOx,26.25
한국중부발전㈜보령발전본부,3,2018-06-19 03:30,NOx,27.49
한국중부발전㈜보령발전본부,3,2018-06-19 04:00,TSP,3.93
한국중부발전㈜보령발전본부,3,2018-06-19 04:00,SOx,24.58
한국중부발전㈜보령발전본부,3,2018-06-19 04:00,NOx,26.79
한국중부발전㈜보령발전본부,3,2018-06-19 04:30,TSP,3.9
한국중부발전㈜보령발전본부,3,2018-06-19 04:30,SOx,24.62
한국중부발전㈜보령발전본부,3,2018-06-19 04:30,NOx,28.03
한국중부발전㈜보령발전본부,3,2018-06-19 05:00,TSP,3.85
한국중부발전㈜보령발전본부,3,2018-06-19 05:00,SOx,25.2
한국중부발전㈜보령발전본부,3,2018-06-19 05:00,NOx,26.0
한국중부발전㈜보령발전본부,3,2018-06-19 05:30,TSP,3.95
한국중부발전㈜보령발전본부,3,2018-06-19 05:30,SOx,24.35
한국중부발전㈜보령발전본부,3,2018-06-19 05:30,NOx,25.36
한국중부발전㈜보령발전본부,3,2018-06-19 06:00,TSP,3.96
한국중부발전㈜보령발전본부,3,2018-06-19 06:00,SOx,24.63
한국중부발전㈜보령발전본부,3,2018-06-19 06:00,NOx,26.13
한국중부발전㈜보령발전본부,3,2018-06-19 06:30,TSP,4.0
한국중부발전㈜보령발전본부,3,2018-06-19 06:30,SOx,25.22
한국중부발전㈜보령발전본부,3,2018-06-19 06:30,NOx,24.2
한국중부발전㈜보령발전본부,3,2018-06-19 07:00,TSP,4.07
한국중부발전㈜보령발전본부,3,2018-06-19 07:00,SOx,25.65
한국중부발전㈜보령발전본부,3,2018-06-19 07:00,NOx,27.02
한국중부발전㈜보령발전본부,3,2018-06-19 07:30,TSP,4.11
한국중부발전㈜보령발전본부,3,2018-06-19 07:30,SOx,25.47
한국중부발전㈜보령발전본부,3,2018-06-19 07:30,NOx,26.32
한국중부발전㈜보령발전본부,3,2018-06-19 08:00,TSP,4.12
한국중부발전㈜보령발전본부,3,2018-06-19 08:00,SOx,25.25
한국중부발전㈜보령발전본부,3,2018-06-19 08:00,NOx,27.33
한국중부발전㈜보령발전본부,3,2018-06-19 08:30,TSP,4.28
한국중부발전㈜보령발전본부,3,2018-06-19 08:30,SOx,26.26
한국중부발전㈜보령발전본부,3,2018-06-19 08:30,NOx,28.57
한국중부발전㈜보령발전본부,3,2018-06-19 09:00,TSP,4.24
한국중부발전㈜보령발전본부,3,2018-06-19 09:00,SOx,25.69
한국중부발전㈜보령발전본부,3,2018-06-19 09:00,NOx,32.17
한국중부발전㈜보령발전본부,3,2018-06-19 09:30,TSP,4.28
한국중부발전㈜보령발전본부,3,2018-06-19 09:30,SOx,25.66
한국중부발전㈜보령발전본부,3,2018-06-19 09:30,NOx,28.36
한국중부발전㈜보령발전본부,3,2018-06-19 10:00,TSP,4.34
한국중부발전㈜보령발전본부,3,2018-06-19 10:00,SOx,26.29
한국중부발전㈜보령발전본부,3,2018-06-19 10:00,NOx,24.76
한국중부발전㈜보령발전본부,3,2018-06-19 10:30,TSP,4.33
한국중부발전㈜보령발전본부,3,2018-06-19 10:30,SOx,27.01
한국중부발전㈜보령발전본부,3,2018-06-19 10:30,NOx,26.01
한국중부발전㈜보령발전본부,3,2018-06-19 11:00,TSP,4.27
한국중부발전㈜보령발전본부,3,2018-06-19 11:00,SOx,27.23
한국중부발전㈜보령발전본부,3,2018-06-19 11:00,NOx,26.78
한국중부발전㈜보령발전본부,3,2018-06-19 11:30,TSP,4.25
한국중부발전㈜보령발전본부,3,2018-06-19 11:30,SOx,28.04
한국중부발전㈜보령발전본부,3,2018-06-19 11:30,NOx,26.15
한국중부발전㈜보령발전본부,3,2018-06-19 12:00,TSP,4.17
한국중부발전㈜보령발전본부,3,2018-06-19 12:00,SOx,28.04
한국중부발전㈜보령발전본부,3,2018-06-19 12:00,NOx,25.6
한국중부발전㈜보령발전본부,3,2018-06-19 12:30,TSP,4.45
한국중부발전㈜보령발전본부,3,2018-06-19 12:30,SOx,28.04
한국중부발전㈜보령발전본부,3,2018-06-19 12:30,NOx,25.6
한국중부발전㈜보령발전본부,3,2018-06-19 13:00,TSP,4.21
한국중부발전㈜보령발전본부,3,2018-06-19 13:00,SOx,28.04
한국중부발전㈜보령발전본부,3,2018-06-19 13:00,NOx,25.6
한국중부발전㈜보령발전본부,3,2018-06-19 13:30,TSP,4.26
한국중부발전㈜보령발전본부,3,2018-06-19 13:30,SOx,28.5
한국중부발전㈜보령발전본부,3,2018-06-19 13:30,NOx,24.26
한국중부발전㈜보령발전본부,3,2018-06-19 14:00,TSP,4.27
한국중부발전㈜보령발전본부,3,2018-06-19 14:00,SOx,27.16
한국중부발전㈜보령발전본부,3,2018-06-19 14:00,NOx,25.86
한국중부발전㈜보령발전본부,3,2018-06-19 14:30,TSP,4.38
한국중부발전㈜보령발전본부,3,2018-06-19 14:30,SOx,28.93
한국중부발전㈜보령발전본부,3,2018-06-19 14:30,NOx,25.66
한국중부발전㈜보령발전본부,3,2018-06-19 15:00,TSP,4.29
한국중부발전㈜보령발전본부,3,2018-06-19 15:00,SOx,27.21
한국중부발전㈜보령발전본부,3,2018-06-19 15:00,NOx,25.65
한국중부발전㈜보령발전본부,3,2018-06-19 15:30,TSP,4.08
한국중부발전㈜보령발전본부,3,2018-06-19 15:30,SOx,29.13
한국중부발전㈜보령발전본부,3,2018-06-19 15:30,NOx,24.52
한국중부발전㈜보령발전본부,3,2018-06-19 16:00,TSP,4.14
한국중부발전㈜보령발전본부,3,2018-06-19 16:00,SOx,27.49
한국중부발전㈜보령발전본부,3,2018-06-19 16:00,NOx,26.44
한국중부발전㈜보령발전본부,3,2018-06-19 16:30,TSP,4.18
한국중부발전㈜보령발전본부,3,2018-06-19 16:30,SOx,28.35
한국중부발전㈜보령발전본부,3,2018-06-19 16:30,NOx,26.06
한국중부발전㈜보령발전본부,3,2018-06-19 17:00,TSP,4.26
한국중부발전㈜보령발전본부,3,2018-06-19 17:00,SOx,28.35
한국중부발전㈜보령발전본부,3,2018-06-19 17:00,NOx,25.86
한국중부발전㈜보령발전본부,3,2018-06-19 17:30,TSP,4.22
한국중부발전㈜보령발전본부,3,2018-06-19 17:30,SOx,27.82
한국중부발전㈜보령발전본부,3,2018-06-19 17:30,NOx,26.06
한국중부발전㈜보령발전본부,3,2018-06-19 18:00,TSP,4.26
한국중부발전㈜보령발전본부,3,2018-06-19 18:00,SOx,25.75
한국중부발전㈜보령발전본부,3,2018-06-19 18:00,NOx,25.18
한국중부발전㈜보령발전본부,3,2018-06-19 18:30,TSP,4.24
한국중부발전㈜보령발전본부,3,2018-06-19 18:30,SOx,24.13
한국중부발전㈜보령발전본부,3,2018-06-19 18:30,NOx,27.0
한국중부발전㈜보령발전본부,3,2018-06-19 19:00,TSP,4.2
한국중부발전㈜보령발전본부,3,2018-06-19 19:00,SOx,25.81
한국중부발전㈜보령발전본부,3,2018-06-19 19:00,NOx,27.9
한국중부발전㈜보령발전본부,3,2018-06-19 19:30,TSP,4.1
한국중부발전㈜보령발전본부,3,2018-06-19 19:30,SOx,25.68
한국중부발전㈜보령발전본부,3,2018-06-19 19:30,NOx,25.85
한국중부발전㈜보령발전본부,3,2018-06-19 20:00,TSP,4.11
한국중부발전㈜보령발전본부,3,2018-06-19 20:00,SOx,24.91
한국중부발전㈜보령발전본부,3,2018-06-19 20:00,NOx,28.64
한국중부발전㈜보령발전본부,3,2018-06-19 20:30,TSP,4.2
한국중부발전㈜보령발전본부,3,2018-06-19 20:30,SOx,25.09
한국중부발전㈜보령발전본부,3,2018-06-19 20:30,NOx,27.34
한국중부발전㈜보령발전본부,3,2018-06-19 21:00,TSP,4.04
한국중부발전㈜보령발전본부,3,2018-06-19 21:00,SOx,25.5
한국중부발전㈜보령발전본부,3,2018-06-19 21:00,NOx,25.42
한국중부발전㈜보령발전본부,3,2018-06-19 21:30,TSP,4.02
한국중부발전㈜보령발전본부,3,2018-06-19 21:30,SOx,25.55
한국중부발전㈜보령발전본부,3,2018-06-19 21:30,NOx,25.73
한국중부발전㈜보령발전본부,3,2018-06-19 22:00,TSP,4.1
한국중부발전㈜보령발전본부,3,2018-06-19 22:00,SOx,26.97
한국중부발전㈜보령발전본부,3,2018-06-19 22:00,NOx,26.19
한국중부발전㈜보령발전본부,3,2018-06-19 22:30,TSP,4.07
한국중부발전㈜보령발전본부,3,2018-06-19 22:30,SOx,28.94
한국중부발전㈜보령발전본부,3,2018-06-19 22:30,NOx,24.84
한국중부발전㈜보령발전본부,3,2018-06-19 23:00,TSP,3.87
한국중부발전㈜보령발전본부,3,2018-06-19 23:00,SOx,30.56
한국중부발전㈜보령발전본부,3,2018-06-19 23:00,NOx,27.54
한국중부발전㈜보령발전본부,3,2018-06-19 23:30,TSP,3.77
한국중부발전㈜보령발전본부,3,2018-06-19 23:30,SOx,34.42
한국중부발전㈜보령발전본부,3,2018-06-19 23:30,NOx,24.65
한국중부발전㈜보령발전본부,3,2018-06-20 00:00,TSP,3.76
한국중부발전㈜보령발전본부,3,2018-06-20 00:00,SOx,35.99
한국중부발전㈜보령발전본부,3,2018-06-20 00:00,NOx,26.27
한국중부발전㈜보령발전본부,3,2018-06-20 00:30,TSP,3.67
한국중부발전㈜보령발전본부,3,2018-06-20 00:30,SOx,39.37
한국중부발전㈜보령발전본부,3,2018-06-20 00:30,NOx,26.27
한국중부발전㈜보령발전본부,3,2018-06-20 01:00,TSP,3.71
한국중부발전㈜보령발전본부,3,2018-06-20 01:00,SOx,40.74
한국중부발전㈜보령발전본부,3,2018-06-20 01:00,NOx,25.72
한국중부발전㈜보령발전본부,3,2018-06-20 01:30,TSP,3.61
한국중부발전㈜보령발전본부,3,2018-06-20 01:30,SOx,39.99
한국중부발전㈜보령발전본부,3,2018-06-20 01:30,NOx,26.94
한국중부발전㈜보령발전본부,3,2018-06-20 02:00,TSP,3.71
한국중부발전㈜보령발전본부,3,2018-06-20 02:00,SOx,40.16
한국중부발전㈜보령발전본부,3,2018-06-20 02:00,NOx,26.89
한국중부발전㈜보령발전본부,3,2018-06-20 02:30,TSP,3.64
한국중부발전㈜보령발전본부,3,2018-06-20 02:30,SOx,39.64
한국중부발전㈜보령발전본부,3,2018-06-20 02:30,NOx,27.13
한국중부발전㈜보령발전본부,3,2018-06-20 03:00,TSP,3.72
한국중부발전㈜보령발전본부,3,2018-06-20 03:00,SOx,39.75
한국중부발전㈜보령발전본부,3,2018-06-20 03:00,NOx,26.28
한국중부발전㈜보령발전본부,3,2018-06-20 03:30,TSP,3.7
한국중부발전㈜보령발전본부,3,2018-06-20 03:30,SOx,39.82
한국중부발전㈜보령발전본부,3,2018-06-20 03:30,NOx,28.02
한국중부발전㈜보령발전본부,3,2018-06-20 04:00,TSP,3.79
한국중부발전㈜보령발전본부,3,2018-06-20 04:00,SOx,40.6
한국중부발전㈜보령발전본부,3,2018-06-20 04:00,NOx,29.56
한국중부발전㈜보령발전본부,3,2018-06-20 04:30,TSP,3.73
한국중부발전㈜보령발전본부,3,2018-06-20 04:30,SOx,39.85
한국중부발전㈜보령발전본부,3,2018-06-20 04:30,NOx,28.19
한국중부발전㈜보령발전본부,3,2018-06-20 05:00,TSP,3.95
한국중부발전㈜보령발전본부,3,2018-06-20 05:00,SOx,40.57
한국중부발전㈜보령발전본부,3,2018-06-20 05:00,NOx,28.52
한국중부발전㈜보령발전본부,3,2018-06-20 05:30,TSP,3.85
한국중부발전㈜보령발전본부,3,2018-06-20 05:30,SOx,39.62
한국중부발전㈜보령발전본부,3,2018-06-20 05:30,NOx,29.08
한국중부발전㈜보령발전본부,3,2018-06-20 06:00,TSP,3.9
한국중부발전㈜보령발전본부,3,2018-06-20 06:00,SOx,40.49
한국중부발전㈜보령발전본부,3,2018-06-20 06:00,NOx,29.19
한국중부발전㈜보령발전본부,3,2018-06-20 06:30,TSP,3.9
한국중부발전㈜보령발전본부,3,2018-06-20 06:30,SOx,40.61
한국중부발전㈜보령발전본부,3,2018-06-20 06:30,NOx,28.99
한국중부발전㈜보령발전본부,3,2018-06-20 07:00,TSP,3.98
한국중부발전㈜보령발전본부,3,2018-06-20 07:00,SOx,40.7
한국중부발전㈜보령발전본부,3,2018-06-20 07:00,NOx,29.88
한국중부발전㈜보령발전본부,3,2018-06-20 07:30,TSP,3.98
한국중부발전㈜보령발전본부,3,2018-06-20 07:30,SOx,39.6
한국중부발전㈜보령발전본부,3,2018-06-20 07:30,NOx,27.54
한국중부발전㈜보령발전본부,3,2018-06-20 08:00,TSP,3.84
한국중부발전㈜보령발전본부,3,2018-06-20 08:00,SOx,39.5
한국중부발전㈜보령발전본부,3,2018-06-20 08:00,NOx,28.47
한국중부발전㈜보령발전본부,3,2018-06-20 08:30,TSP,3.8
한국중부발전㈜보령발전본부,3,2018-06-20 08:30,SOx,39.92
한국중부발전㈜보령발전본부,3,2018-06-20 08:30,NOx,27.95
한국중부발전㈜보령발전본부,3,2018-06-20 09:00,TSP,3.95
한국중부발전㈜보령발전본부,3,2018-06-20 09:00,SOx,39.35
한국중부발전㈜보령발전본부,3,2018-06-20 09:00,NOx,25.95
한국중부발전㈜보령발전본부,3,2018-06-20 09:30,TSP,3.99
한국중부발전㈜보령발전본부,3,2018-06-20 09:30,SOx,39.56
한국중부발전㈜보령발전본부,3,2018-06-20 09:30,NOx,31.59
한국중부발전㈜보령발전본부,3,2018-06-20 10:00,TSP,4.18
한국중부발전㈜보령발전본부,3,2018-06-20 10:00,SOx,39.35
한국중부발전㈜보령발전본부,3,2018-06-20 10:00,NOx,27.93
한국중부발전㈜보령발전본부,3,2018-06-20 10:30,TSP,4.18
한국중부발전㈜보령발전본부,3,2018-06-20 10:30,SOx,39.35
한국중부발전㈜보령발전본부,3,2018-06-20 10:30,NOx,27.93
한국중부발전㈜보령발전본부,3,2018-06-20 11:00,TSP,4.18
한국중부발전㈜보령발전본부,3,2018-06-20 11:00,SOx,39.35
한국중부발전㈜보령발전본부,3,2018-06-20 11:00,NOx,27.93
한국중부발전㈜보령발전본부,3,2018-06-20 11:30,TSP,4.18
한국중부발전㈜보령발전본부,3,2018-06-20 11:30,SOx,39.35
한국중부발전㈜보령발전본부,3,2018-06-20 11:30,NOx,27.93
한국중부발전㈜보령발전본부,3,2018-06-20 12:00,TSP,4.18
한국중부발전㈜보령발전본부,3,2018-06-20 12:00,SOx,39.35
한국중부발전㈜보령발전본부,3,2018-06-20 12:00,NOx,27.93
한국중부발전㈜보령발전본부,3,2018-06-20 12:30,TSP,4.18
한국중부발전㈜보령발전본부,3,2018-06-20 12:30,SOx,39.35
한국중부발전㈜보령발전본부,3,2018-06-20 12:30,NOx,27.93
한국중부발전㈜보령발전본부,3,2018-06-20 13:00,TSP,4.18
한국중부발전㈜보령발전본부,3,2018-06-20 13:00,SOx,39.35
한국중부발전㈜보령발전본부,3,2018-06-20 13:00,NOx,27.93
한국중부발전㈜보령발전본부,3,2018-06-20 13:30,TSP,4.18
한국중부발전㈜보령발전본부,3,2018-06-20 13:30,SOx,39.35
한국중부발전㈜보령발전본부,3,2018-06-20 13:30,NOx,27.93
한국중부발전㈜보령발전본부,3,2018-06-20 14:00,TSP,4.18
한국중부발전㈜보령발전본부,3,2018-06-20 14:00,SOx,39.35
한국중부발전㈜보령발전본부,3,2018-06-20 14:00,NOx,27.93
한국중부발전㈜보령발전본부,3,2018-06-20 14:30,TSP,4.18
한국중부발전㈜보령발전본부,3,2018-06-20 14:30,SOx,39.35
한국중부발전㈜보령발전본부,3,2018-06-20 14:30,NOx,27.93
한국중부발전㈜보령발전본부,3,2018-06-20 15:00,TSP,4.18
한국중부발전㈜보령발전본부,3,2018-06-20 15:00,SOx,39.35
한국중부발전㈜보령발전본부,3,2018-06-20 15:00,NOx,27.93
한국중부발전㈜보령발전본부,3,2018-06-20 15:30,TSP,4.26
한국중부발전㈜보령발전본부,3,2018-06-20 15:30,SOx,28.36
한국중부발전㈜보령발전본부,3,2018-06-20 15:30,NOx,28.54
한국중부발전㈜보령발전본부,3,2018-06-20 16:00,TSP,4.14
한국중부발전㈜보령발전본부,3,2018-06-20 16:00,SOx,28.22
한국중부발전㈜보령발전본부,3,2018-06-20 16:00,NOx,30.67
한국중부발전㈜보령발전본부,3,2018-06-20 16:30,TSP,4.19
한국중부발전㈜보령발전본부,3,2018-06-20 16:30,SOx,27.49
한국중부발전㈜보령발전본부,3,2018-06-20 16:30,NOx,28.32
한국중부발전㈜보령발전본부,3,2018-06-20 17:00,TSP,4.06
한국중부발전㈜보령발전본부,3,2018-06-20 17:00,SOx,27.8
한국중부발전㈜보령발전본부,3,2018-06-20 17:00,NOx,27.67
한국중부발전㈜보령발전본부,3,2018-06-20 17:30,TSP,4.25
한국중부발전㈜보령발전본부,3,2018-06-20 17:30,SOx,28.42
한국중부발전㈜보령발전본부,3,2018-06-20 17:30,NOx,32.08
한국중부발전㈜보령발전본부,3,2018-06-20 18:00,TSP,4.05
한국중부발전㈜보령발전본부,3,2018-06-20 18:00,SOx,28.56
한국중부발전㈜보령발전본부,3,2018-06-20 18:00,NOx,28.14
한국중부발전㈜보령발전본부,3,2018-06-20 18:30,TSP,4.22
한국중부발전㈜보령발전본부,3,2018-06-20 18:30,SOx,27.95
한국중부발전㈜보령발전본부,3,2018-06-20 18:30,NOx,28.23
한국중부발전㈜보령발전본부,3,2018-06-20 19:00,TSP,4.15
한국중부발전㈜보령발전본부,3,2018-06-20 19:00,SOx,28.05
한국중부발전㈜보령발전본부,3,2018-06-20 19:00,NOx,27.84
한국중부발전㈜보령발전본부,3,2018-06-20 19:30,TSP,4.35
한국중부발전㈜보령발전본부,3,2018-06-20 19:30,SOx,28.12
한국중부발전㈜보령발전본부,3,2018-06-20 19:30,NOx,27.78
한국중부발전㈜보령발전본부,3,2018-06-20 20:00,TSP,4.09
한국중부발전㈜보령발전본부,3,2018-06-20 20:00,SOx,28.28
한국중부발전㈜보령발전본부,3,2018-06-20 20:00,NOx,27.4
한국중부발전㈜보령발전본부,3,2018-06-20 20:30,TSP,4.03
한국중부발전㈜보령발전본부,3,2018-06-20 20:30,SOx,24.89
한국중부발전㈜보령발전본부,3,2018-06-20 20:30,NOx,26.82
한국중부발전㈜보령발전본부,3,2018-06-20 21:00,TSP,3.92
한국중부발전㈜보령발전본부,3,2018-06-20 21:00,SOx,24.95
한국중부발전㈜보령발전본부,3,2018-06-20 21:00,NOx,25.4
한국중부발전㈜보령발전본부,3,2018-06-20 21:30,TSP,3.94
한국중부발전㈜보령발전본부,3,2018-06-20 21:30,SOx,26.34
한국중부발전㈜보령발전본부,3,2018-06-20 21:30,NOx,26.89
한국중부발전㈜보령발전본부,3,2018-06-20 22:00,TSP,3.85
한국중부발전㈜보령발전본부,3,2018-06-20 22:00,SOx,27.36
한국중부발전㈜보령발전본부,3,2018-06-20 22:00,NOx,27.68
한국중부발전㈜보령발전본부,3,2018-06-20 22:30,TSP,3.92
한국중부발전㈜보령발전본부,3,2018-06-20 22:30,SOx,28.45
한국중부발전㈜보령발전본부,3,2018-06-20 22:30,NOx,26.72
한국중부발전㈜보령발전본부,3,2018-06-20 23:00,TSP,3.78
한국중부발전㈜보령발전본부,3,2018-06-20 23:00,SOx,30.04
한국중부발전㈜보령발전본부,3,2018-06-20 23:00,NOx,24.44
한국중부발전㈜보령발전본부,3,2018-06-20 23:30,TSP,3.77
한국중부발전㈜보령발전본부,3,2018-06-20 23:30,SOx,29.95
한국중부발전㈜보령발전본부,3,2018-06-20 23:30,NOx,28.88
한국중부발전㈜보령발전본부,3,2018-06-21 00:00,TSP,3.73
한국중부발전㈜보령발전본부,3,2018-06-21 00:00,SOx,30.47
한국중부발전㈜보령발전본부,3,2018-06-21 00:00,NOx,26.03
한국중부발전㈜보령발전본부,3,2018-06-21 00:30,TSP,3.66
한국중부발전㈜보령발전본부,3,2018-06-21 00:30,SOx,33.0
한국중부발전㈜보령발전본부,3,2018-06-21 00:30,NOx,26.44
한국중부발전㈜보령발전본부,3,2018-06-21 01:00,TSP,3.88
한국중부발전㈜보령발전본부,3,2018-06-21 01:00,SOx,34.05
한국중부발전㈜보령발전본부,3,2018-06-21 01:00,NOx,24.67
한국중부발전㈜보령발전본부,3,2018-06-21 01:30,TSP,3.79
한국중부발전㈜보령발전본부,3,2018-06-21 01:30,SOx,33.91
한국중부발전㈜보령발전본부,3,2018-06-21 01:30,NOx,25.65
한국중부발전㈜보령발전본부,3,2018-06-21 02:00,TSP,3.79
한국중부발전㈜보령발전본부,3,2018-06-21 02:00,SOx,33.75
한국중부발전㈜보령발전본부,3,2018-06-21 02:00,NOx,25.15
한국중부발전㈜보령발전본부,3,2018-06-21 02:30,TSP,3.85
한국중부발전㈜보령발전본부,3,2018-06-21 02:30,SOx,32.97
한국중부발전㈜보령발전본부,3,2018-06-21 02:30,NOx,25.88
한국중부발전㈜보령발전본부,3,2018-06-21 03:00,TSP,3.93
한국중부발전㈜보령발전본부,3,2018-06-21 03:00,SOx,30.11
한국중부발전㈜보령발전본부,3,2018-06-21 03:00,NOx,25.91
한국중부발전㈜보령발전본부,3,2018-06-21 03:30,TSP,3.98
한국중부발전㈜보령발전본부,3,2018-06-21 03:30,SOx,29.0
한국중부발전㈜보령발전본부,3,2018-06-21 03:30,NOx,25.93
한국중부발전㈜보령발전본부,3,2018-06-21 04:00,TSP,3.71
한국중부발전㈜보령발전본부,3,2018-06-21 04:00,SOx,28.74
한국중부발전㈜보령발전본부,3,2018-06-21 04:00,NOx,25.8
한국중부발전㈜보령발전본부,3,2018-06-21 04:30,TSP,3.72
한국중부발전㈜보령발전본부,3,2018-06-21 04:30,SOx,28.24
한국중부발전㈜보령발전본부,3,2018-06-21 04:30,NOx,24.72
한국중부발전㈜보령발전본부,3,2018-06-21 05:00,TSP,3.69
한국중부발전㈜보령발전본부,3,2018-06-21 05:00,SOx,27.32
한국중부발전㈜보령발전본부,3,2018-06-21 05:00,NOx,25.82
한국중부발전㈜보령발전본부,3,2018-06-21 05:30,TSP,3.7
한국중부발전㈜보령발전본부,3,2018-06-21 05:30,SOx,28.29
한국중부발전㈜보령발전본부,3,2018-06-21 05:30,NOx,26.66
한국중부발전㈜보령발전본부,3,2018-06-21 06:00,TSP,3.67
한국중부발전㈜보령발전본부,3,2018-06-21 06:00,SOx,29.25
한국중부발전㈜보령발전본부,3,2018-06-21 06:00,NOx,26.33
한국중부발전㈜보령발전본부,3,2018-06-21 06:30,TSP,3.71
한국중부발전㈜보령발전본부,3,2018-06-21 06:30,SOx,30.0
한국중부발전㈜보령발전본부,3,2018-06-21 06:30,NOx,27.24
한국중부발전㈜보령발전본부,3,2018-06-21 07:00,TSP,3.69
한국중부발전㈜보령발전본부,3,2018-06-21 07:00,SOx,29.96
한국중부발전㈜보령발전본부,3,2018-06-21 07:00,NOx,27.3
한국중부발전㈜보령발전본부,3,2018-06-21 07:30,TSP,4.01
한국중부발전㈜보령발전본부,3,2018-06-21 07:30,SOx,29.19
한국중부발전㈜보령발전본부,3,2018-06-21 07:30,NOx,24.72
한국중부발전㈜보령발전본부,3,2018-06-21 08:00,TSP,3.81
한국중부발전㈜보령발전본부,3,2018-06-21 08:00,SOx,29.81
한국중부발전㈜보령발전본부,3,2018-06-21 08:00,NOx,26.96
한국중부발전㈜보령발전본부,3,2018-06-21 08:30,TSP,3.85
한국중부발전㈜보령발전본부,3,2018-06-21 08:30,SOx,31.02
한국중부발전㈜보령발전본부,3,2018-06-21 08:30,NOx,29.2
한국중부발전㈜보령발전본부,3,2018-06-21 09:00,TSP,3.99
한국중부발전㈜보령발전본부,3,2018-06-21 09:00,SOx,31.43
한국중부발전㈜보령발전본부,3,2018-06-21 09:00,NOx,32.94
한국중부발전㈜보령발전본부,3,2018-06-21 09:30,TSP,4.04
한국중부발전㈜보령발전본부,3,2018-06-21 09:30,SOx,31.11
한국중부발전㈜보령발전본부,3,2018-06-21 09:30,NOx,27.66
한국중부발전㈜보령발전본부,3,2018-06-21 10:00,TSP,3.99
한국중부발전㈜보령발전본부,3,2018-06-21 10:00,SOx,30.7
한국중부발전㈜보령발전본부,3,2018-06-21 10:00,NOx,27.01
한국중부발전㈜보령발전본부,3,2018-06-21 10:30,TSP,4.0
한국중부발전㈜보령발전본부,3,2018-06-21 10:30,SOx,31.02
한국중부발전㈜보령발전본부,3,2018-06-21 10:30,NOx,24.63
한국중부발전㈜보령발전본부,3,2018-06-21 11:00,TSP,4.22
한국중부발전㈜보령발전본부,3,2018-06-21 11:00,SOx,30.68
한국중부발전㈜보령발전본부,3,2018-06-21 11:00,NOx,26.04
한국중부발전㈜보령발전본부,3,2018-06-21 11:30,TSP,4.33
한국중부발전㈜보령발전본부,3,2018-06-21 11:30,SOx,29.63
한국중부발전㈜보령발전본부,3,2018-06-21 11:30,NOx,28.06
한국중부발전㈜보령발전본부,3,2018-06-21 12:00,TSP,4.66
한국중부발전㈜보령발전본부,3,2018-06-21 12:00,SOx,28.84
한국중부발전㈜보령발전본부,3,2018-06-21 12:00,NOx,25.52
한국중부발전㈜보령발전본부,3,2018-06-21 12:30,TSP,4.52
한국중부발전㈜보령발전본부,3,2018-06-21 12:30,SOx,28.84
한국중부발전㈜보령발전본부,3,2018-06-21 12:30,NOx,25.52
한국중부발전㈜보령발전본부,3,2018-06-21 13:00,TSP,4.3
한국중부발전㈜보령발전본부,3,2018-06-21 13:00,SOx,27.21
한국중부발전㈜보령발전본부,3,2018-06-21 13:00,NOx,29.47
한국중부발전㈜보령발전본부,3,2018-06-21 13:30,TSP,4.17
한국중부발전㈜보령발전본부,3,2018-06-21 13:30,SOx,25.16
한국중부발전㈜보령발전본부,3,2018-06-21 13:30,NOx,31.72
한국중부발전㈜보령발전본부,3,2018-06-21 14:00,TSP,4.14
한국중부발전㈜보령발전본부,3,2018-06-21 14:00,SOx,25.44
한국중부발전㈜보령발전본부,3,2018-06-21 14:00,NOx,28.17
한국중부발전㈜보령발전본부,3,2018-06-21 14:30,TSP,4.18
한국중부발전㈜보령발전본부,3,2018-06-21 14:30,SOx,25.4
한국중부발전㈜보령발전본부,3,2018-06-21 14:30,NOx,29.28
한국중부발전㈜보령발전본부,3,2018-06-21 15:00,TSP,4.15
한국중부발전㈜보령발전본부,3,2018-06-21 15:00,SOx,25.5
한국중부발전㈜보령발전본부,3,2018-06-21 15:00,NOx,28.57
한국중부발전㈜보령발전본부,3,2018-06-21 15:30,TSP,4.08
한국중부발전㈜보령발전본부,3,2018-06-21 15:30,SOx,25.81
한국중부발전㈜보령발전본부,3,2018-06-21 15:30,NOx,26.2
한국중부발전㈜보령발전본부,3,2018-06-21 16:00,TSP,3.99
한국중부발전㈜보령발전본부,3,2018-06-21 16:00,SOx,25.9
한국중부발전㈜보령발전본부,3,2018-06-21 16:00,NOx,26.57
한국중부발전㈜보령발전본부,3,2018-06-21 16:30,TSP,3.97
한국중부발전㈜보령발전본부,3,2018-06-21 16:30,SOx,27.09
한국중부발전㈜보령발전본부,3,2018-06-21 16:30,NOx,26.61
한국중부발전㈜보령발전본부,3,2018-06-21 17:00,TSP,3.87
한국중부발전㈜보령발전본부,3,2018-06-21 17:00,SOx,27.07
한국중부발전㈜보령발전본부,3,2018-06-21 17:00,NOx,26.37
한국중부발전㈜보령발전본부,3,2018-06-21 17:30,TSP,3.86
한국중부발전㈜보령발전본부,3,2018-06-21 17:30,SOx,27.36
한국중부발전㈜보령발전본부,3,2018-06-21 17:30,NOx,26.47
한국중부발전㈜보령발전본부,3,2018-06-21 18:00,TSP,3.83
한국중부발전㈜보령발전본부,3,2018-06-21 18:00,SOx,27.74
한국중부발전㈜보령발전본부,3,2018-06-21 18:00,NOx,27.54
한국중부발전㈜보령발전본부,3,2018-06-21 18:30,TSP,3.96
한국중부발전㈜보령발전본부,3,2018-06-21 18:30,SOx,27.66
한국중부발전㈜보령발전본부,3,2018-06-21 18:30,NOx,25.7
한국중부발전㈜보령발전본부,3,2018-06-21 19:00,TSP,3.81
한국중부발전㈜보령발전본부,3,2018-06-21 19:00,SOx,28.01
한국중부발전㈜보령발전본부,3,2018-06-21 19:00,NOx,27.72
한국중부발전㈜보령발전본부,3,2018-06-21 19:30,TSP,3.85
한국중부발전㈜보령발전본부,3,2018-06-21 19:30,SOx,28.65
한국중부발전㈜보령발전본부,3,2018-06-21 19:30,NOx,25.77
한국중부발전㈜보령발전본부,3,2018-06-21 20:00,TSP,3.81
한국중부발전㈜보령발전본부,3,2018-06-21 20:00,SOx,28.92
한국중부발전㈜보령발전본부,3,2018-06-21 20:00,NOx,24.11
한국중부발전㈜보령발전본부,3,2018-06-21 20:30,TSP,3.86
한국중부발전㈜보령발전본부,3,2018-06-21 20:30,SOx,29.45
한국중부발전㈜보령발전본부,3,2018-06-21 20:30,NOx,24.25
한국중부발전㈜보령발전본부,3,2018-06-21 21:00,TSP,3.8
한국중부발전㈜보령발전본부,3,2018-06-21 21:00,SOx,30.3
한국중부발전㈜보령발전본부,3,2018-06-21 21:00,NOx,25.45
한국중부발전㈜보령발전본부,3,2018-06-21 21:30,TSP,3.72
한국중부발전㈜보령발전본부,3,2018-06-21 21:30,SOx,31.98
한국중부발전㈜보령발전본부,3,2018-06-21 21:30,NOx,24.85
한국중부발전㈜보령발전본부,3,2018-06-21 22:00,TSP,3.65
한국중부발전㈜보령발전본부,3,2018-06-21 22:00,SOx,30.18
한국중부발전㈜보령발전본부,3,2018-06-21 22:00,NOx,25.43
한국중부발전㈜보령발전본부,3,2018-06-21 22:30,TSP,3.62
한국중부발전㈜보령발전본부,3,2018-06-21 22:30,SOx,29.18
한국중부발전㈜보령발전본부,3,2018-06-21 22:30,NOx,23.94
한국중부발전㈜보령발전본부,3,2018-06-21 23:00,TSP,3.67
한국중부발전㈜보령발전본부,3,2018-06-21 23:00,SOx,29.01
한국중부발전㈜보령발전본부,3,2018-06-21 23:00,NOx,24.85
한국중부발전㈜보령발전본부,3,2018-06-21 23:30,TSP,3.69
한국중부발전㈜보령발전본부,3,2018-06-21 23:30,SOx,29.43
한국중부발전㈜보령발전본부,3,2018-06-21 23:30,NOx,27.07
한국중부발전㈜보령발전본부,3,2018-06-22 00:00,TSP,3.69
한국중부발전㈜보령발전본부,3,2018-06-22 00:00,SOx,29.93
한국중부발전㈜보령발전본부,3,2018-06-22 00:00,NOx,25.05
한국중부발전㈜보령발전본부,3,2018-06-22 00:30,TSP,3.75
한국중부발전㈜보령발전본부,3,2018-06-22 00:30,SOx,28.52
한국중부발전㈜보령발전본부,3,2018-06-22 00:30,NOx,27.66
한국중부발전㈜보령발전본부,3,2018-06-22 01:00,TSP,3.78
한국중부발전㈜보령발전본부,3,2018-06-22 01:00,SOx,28.36
한국중부발전㈜보령발전본부,3,2018-06-22 01:00,NOx,25.74
한국중부발전㈜보령발전본부,3,2018-06-22 01:30,TSP,3.76
한국중부발전㈜보령발전본부,3,2018-06-22 01:30,SOx,28.0
한국중부발전㈜보령발전본부,3,2018-06-22 01:30,NOx,23.62
한국중부발전㈜보령발전본부,3,2018-06-22 02:00,TSP,3.79
한국중부발전㈜보령발전본부,3,2018-06-22 02:00,SOx,28.69
한국중부발전㈜보령발전본부,3,2018-06-22 02:00,NOx,26.05
한국중부발전㈜보령발전본부,3,2018-06-22 02:30,TSP,3.86
한국중부발전㈜보령발전본부,3,2018-06-22 02:30,SOx,30.57
한국중부발전㈜보령발전본부,3,2018-06-22 02:30,NOx,24.37
한국중부발전㈜보령발전본부,3,2018-06-22 03:00,TSP,3.86
한국중부발전㈜보령발전본부,3,2018-06-22 03:00,SOx,31.68
한국중부발전㈜보령발전본부,3,2018-06-22 03:00,NOx,26.47
한국중부발전㈜보령발전본부,3,2018-06-22 03:30,TSP,3.73
한국중부발전㈜보령발전본부,3,2018-06-22 03:30,SOx,32.86
한국중부발전㈜보령발전본부,3,2018-06-22 03:30,NOx,25.06
한국중부발전㈜보령발전본부,3,2018-06-22 04:00,TSP,3.7
한국중부발전㈜보령발전본부,3,2018-06-22 04:00,SOx,33.88
한국중부발전㈜보령발전본부,3,2018-06-22 04:00,NOx,25.75
한국중부발전㈜보령발전본부,3,2018-06-22 04:30,TSP,3.64
한국중부발전㈜보령발전본부,3,2018-06-22 04:30,SOx,35.53
한국중부발전㈜보령발전본부,3,2018-06-22 04:30,NOx,26.11
한국중부발전㈜보령발전본부,3,2018-06-22 05:00,TSP,3.62
한국중부발전㈜보령발전본부,3,2018-06-22 05:00,SOx,36.36
한국중부발전㈜보령발전본부,3,2018-06-22 05:00,NOx,25.18
한국중부발전㈜보령발전본부,3,2018-06-22 05:30,TSP,3.67
한국중부발전㈜보령발전본부,3,2018-06-22 05:30,SOx,34.71
한국중부발전㈜보령발전본부,3,2018-06-22 05:30,NOx,25.04
한국중부발전㈜보령발전본부,3,2018-06-22 06:00,TSP,3.68
한국중부발전㈜보령발전본부,3,2018-06-22 06:00,SOx,33.07
한국중부발전㈜보령발전본부,3,2018-06-22 06:00,NOx,26.33
한국중부발전㈜보령발전본부,3,2018-06-22 06:30,TSP,3.85
한국중부발전㈜보령발전본부,3,2018-06-22 06:30,SOx,32.8
한국중부발전㈜보령발전본부,3,2018-06-22 06:30,NOx,27.12
한국중부발전㈜보령발전본부,3,2018-06-22 07:00,TSP,4.03
한국중부발전㈜보령발전본부,3,2018-06-22 07:00,SOx,31.56
한국중부발전㈜보령발전본부,3,2018-06-22 07:00,NOx,26.74
한국중부발전㈜보령발전본부,3,2018-06-22 07:30,TSP,4.38
한국중부발전㈜보령발전본부,3,2018-06-22 07:30,SOx,32.1
한국중부발전㈜보령발전본부,3,2018-06-22 07:30,NOx,26.93
한국중부발전㈜보령발전본부,3,2018-06-22 08:00,TSP,4.38
한국중부발전㈜보령발전본부,3,2018-06-22 08:00,SOx,34.93
한국중부발전㈜보령발전본부,3,2018-06-22 08:00,NOx,25.78
한국중부발전㈜보령발전본부,3,2018-06-22 08:30,TSP,4.61
한국중부발전㈜보령발전본부,3,2018-06-22 08:30,SOx,37.18
한국중부발전㈜보령발전본부,3,2018-06-22 08:30,NOx,25.02
한국중부발전㈜보령발전본부,3,2018-06-22 09:00,TSP,4.41
한국중부발전㈜보령발전본부,3,2018-06-22 09:00,SOx,34.86
한국중부발전㈜보령발전본부,3,2018-06-22 09:00,NOx,28.89
한국중부발전㈜보령발전본부,3,2018-06-22 09:30,TSP,4.39
한국중부발전㈜보령발전본부,3,2018-06-22 09:30,SOx,35.92
한국중부발전㈜보령발전본부,3,2018-06-22 09:30,NOx,28.32
한국중부발전㈜보령발전본부,3,2018-06-22 10:00,TSP,4.8
한국중부발전㈜보령발전본부,3,2018-06-22 10:00,SOx,37.53
한국중부발전㈜보령발전본부,3,2018-06-22 10:00,NOx,26.79
한국중부발전㈜보령발전본부,3,2018-06-22 10:30,TSP,4.72
한국중부발전㈜보령발전본부,3,2018-06-22 10:30,SOx,37.6
한국중부발전㈜보령발전본부,3,2018-06-22 10:30,NOx,28.21
한국중부발전㈜보령발전본부,3,2018-06-22 11:00,TSP,4.69
한국중부발전㈜보령발전본부,3,2018-06-22 11:00,SOx,36.02
한국중부발전㈜보령발전본부,3,2018-06-22 11:00,NOx,29.28
한국중부발전㈜보령발전본부,3,2018-06-22 11:30,TSP,5.1
한국중부발전㈜보령발전본부,3,2018-06-22 11:30,SOx,37.22
한국중부발전㈜보령발전본부,3,2018-06-22 11:30,NOx,39.45
한국중부발전㈜보령발전본부,3,2018-06-22 12:00,TSP,5.13
한국중부발전㈜보령발전본부,3,2018-06-22 12:00,SOx,37.22
한국중부발전㈜보령발전본부,3,2018-06-22 12:00,NOx,39.45
한국중부발전㈜보령발전본부,3,2018-06-22 12:30,TSP,5.01
한국중부발전㈜보령발전본부,3,2018-06-22 12:30,SOx,37.22
한국중부발전㈜보령발전본부,3,2018-06-22 12:30,NOx,39.45
한국중부발전㈜보령발전본부,3,2018-06-22 13:00,TSP,4.6
한국중부발전㈜보령발전본부,3,2018-06-22 13:00,SOx,34.17
한국중부발전㈜보령발전본부,3,2018-06-22 13:00,NOx,28.37
한국중부발전㈜보령발전본부,3,2018-06-22 13:30,TSP,4.65
한국중부발전㈜보령발전본부,3,2018-06-22 13:30,SOx,34.18
한국중부발전㈜보령발전본부,3,2018-06-22 13:30,NOx,28.96
한국중부발전㈜보령발전본부,3,2018-06-22 14:00,TSP,4.45
한국중부발전㈜보령발전본부,3,2018-06-22 14:00,SOx,35.96
한국중부발전㈜보령발전본부,3,2018-06-22 14:00,NOx,26.68
한국중부발전㈜보령발전본부,3,2018-06-22 14:30,TSP,4.46
한국중부발전㈜보령발전본부,3,2018-06-22 14:30,SOx,36.94
한국중부발전㈜보령발전본부,3,2018-06-22 14:30,NOx,30.82
한국중부발전㈜보령발전본부,3,2018-06-22 15:00,TSP,4.52
한국중부발전㈜보령발전본부,3,2018-06-22 15:00,SOx,37.56
한국중부발전㈜보령발전본부,3,2018-06-22 15:00,NOx,27.44
한국중부발전㈜보령발전본부,3,2018-06-22 15:30,TSP,4.47
한국중부발전㈜보령발전본부,3,2018-06-22 15:30,SOx,37.36
한국중부발전㈜보령발전본부,3,2018-06-22 15:30,NOx,30.55
한국중부발전㈜보령발전본부,3,2018-06-22 16:00,TSP,4.43
한국중부발전㈜보령발전본부,3,2018-06-22 16:00,SOx,36.99
한국중부발전㈜보령발전본부,3,2018-06-22 16:00,NOx,29.94
한국중부발전㈜보령발전본부,3,2018-06-22 16:30,TSP,4.42
한국중부발전㈜보령발전본부,3,2018-06-22 16:30,SOx,37.44
한국중부발전㈜보령발전본부,3,2018-06-22 16:30,NOx,26.3
한국중부발전㈜보령발전본부,3,2018-06-22 17:00,TSP,4.44
한국중부발전㈜보령발전본부,3,2018-06-22 17:00,SOx,38.71
한국중부발전㈜보령발전본부,3,2018-06-22 17:00,NOx,28.11
한국중부발전㈜보령발전본부,3,2018-06-22 17:30,TSP,4.36
한국중부발전㈜보령발전본부,3,2018-06-22 17:30,SOx,37.37
한국중부발전㈜보령발전본부,3,2018-06-22 17:30,NOx,26.0
한국중부발전㈜보령발전본부,3,2018-06-22 18:00,TSP,4.14
한국중부발전㈜보령발전본부,3,2018-06-22 18:00,SOx,37.86
한국중부발전㈜보령발전본부,3,2018-06-22 18:00,NOx,29.0
한국중부발전㈜보령발전본부,3,2018-06-22 18:30,TSP,4.07
한국중부발전㈜보령발전본부,3,2018-06-22 18:30,SOx,38.92
한국중부발전㈜보령발전본부,3,2018-06-22 18:30,NOx,25.74
한국중부발전㈜보령발전본부,3,2018-06-22 19:00,TSP,4.27
한국중부발전㈜보령발전본부,3,2018-06-22 19:00,SOx,37.89
한국중부발전㈜보령발전본부,3,2018-06-22 19:00,NOx,27.92
한국중부발전㈜보령발전본부,3,2018-06-22 19:30,TSP,4.25
한국중부발전㈜보령발전본부,3,2018-06-22 19:30,SOx,37.09
한국중부발전㈜보령발전본부,3,2018-06-22 19:30,NOx,28.75
한국중부발전㈜보령발전본부,3,2018-06-22 20:00,TSP,4.2
한국중부발전㈜보령발전본부,3,2018-06-22 20:00,SOx,36.16
한국중부발전㈜보령발전본부,3,2018-06-22 20:00,NOx,27.2
한국중부발전㈜보령발전본부,3,2018-06-22 20:30,TSP,4.28
한국중부발전㈜보령발전본부,3,2018-06-22 20:30,SOx,34.26
한국중부발전㈜보령발전본부,3,2018-06-22 20:30,NOx,26.45
한국중부발전㈜보령발전본부,3,2018-06-22 21:00,TSP,4.3
한국중부발전㈜보령발전본부,3,2018-06-22 21:00,SOx,34.17
한국중부발전㈜보령발전본부,3,2018-06-22 21:00,NOx,25.69
한국중부발전㈜보령발전본부,3,2018-06-22 21:30,TSP,4.37
한국중부발전㈜보령발전본부,3,2018-06-22 21:30,SOx,33.47
한국중부발전㈜보령발전본부,3,2018-06-22 21:30,NOx,29.0
한국중부발전㈜보령발전본부,3,2018-06-22 22:00,TSP,4.27
한국중부발전㈜보령발전본부,3,2018-06-22 22:00,SOx,33.76
한국중부발전㈜보령발전본부,3,2018-06-22 22:00,NOx,27.39
한국중부발전㈜보령발전본부,3,2018-06-22 22:30,TSP,4.28
한국중부발전㈜보령발전본부,3,2018-06-22 22:30,SOx,34.36
한국중부발전㈜보령발전본부,3,2018-06-22 22:30,NOx,27.38
한국중부발전㈜보령발전본부,3,2018-06-22 23:00,TSP,4.24
한국중부발전㈜보령발전본부,3,2018-06-22 23:00,SOx,33.74
한국중부발전㈜보령발전본부,3,2018-06-22 23:00,NOx,28.22
한국중부발전㈜보령발전본부,3,2018-06-22 23:30,TSP,4.34
한국중부발전㈜보령발전본부,3,2018-06-22 23:30,SOx,33.75
한국중부발전㈜보령발전본부,3,2018-06-22 23:30,NOx,29.7
한국중부발전㈜보령발전본부,3,2018-06-23 00:00,TSP,4.35
한국중부발전㈜보령발전본부,3,2018-06-23 00:00,SOx,34.26
한국중부발전㈜보령발전본부,3,2018-06-23 00:00,NOx,31.09
한국중부발전㈜보령발전본부,3,2018-06-23 00:30,TSP,4.25
한국중부발전㈜보령발전본부,3,2018-06-23 00:30,SOx,34.33
한국중부발전㈜보령발전본부,3,2018-06-23 00:30,NOx,30.35
한국중부발전㈜보령발전본부,3,2018-06-23 01:00,TSP,4.41
한국중부발전㈜보령발전본부,3,2018-06-23 01:00,SOx,34.21
한국중부발전㈜보령발전본부,3,2018-06-23 01:00,NOx,28.52
한국중부발전㈜보령발전본부,3,2018-06-23 01:30,TSP,4.33
한국중부발전㈜보령발전본부,3,2018-06-23 01:30,SOx,33.41
한국중부발전㈜보령발전본부,3,2018-06-23 01:30,NOx,27.83
한국중부발전㈜보령발전본부,3,2018-06-23 02:00,TSP,4.48
한국중부발전㈜보령발전본부,3,2018-06-23 02:00,SOx,33.47
한국중부발전㈜보령발전본부,3,2018-06-23 02:00,NOx,28.5
한국중부발전㈜보령발전본부,3,2018-06-23 02:30,TSP,4.5
한국중부발전㈜보령발전본부,3,2018-06-23 02:30,SOx,32.97
한국중부발전㈜보령발전본부,3,2018-06-23 02:30,NOx,28.61
한국중부발전㈜보령발전본부,3,2018-06-23 03:00,TSP,4.5
한국중부발전㈜보령발전본부,3,2018-06-23 03:00,SOx,32.21
한국중부발전㈜보령발전본부,3,2018-06-23 03:00,NOx,27.0
한국중부발전㈜보령발전본부,3,2018-06-23 03:30,TSP,4.38
한국중부발전㈜보령발전본부,3,2018-06-23 03:30,SOx,32.34
한국중부발전㈜보령발전본부,3,2018-06-23 03:30,NOx,28.69
한국중부발전㈜보령발전본부,3,2018-06-23 04:00,TSP,4.3
한국중부발전㈜보령발전본부,3,2018-06-23 04:00,SOx,31.55
한국중부발전㈜보령발전본부,3,2018-06-23 04:00,NOx,28.14
한국중부발전㈜보령발전본부,3,2018-06-23 04:30,TSP,4.23
한국중부발전㈜보령발전본부,3,2018-06-23 04:30,SOx,30.89
한국중부발전㈜보령발전본부,3,2018-06-23 04:30,NOx,28.03
한국중부발전㈜보령발전본부,3,2018-06-23 05:00,TSP,4.32
한국중부발전㈜보령발전본부,3,2018-06-23 05:00,SOx,30.71
한국중부발전㈜보령발전본부,3,2018-06-23 05:00,NOx,30.97
한국중부발전㈜보령발전본부,3,2018-06-23 05:30,TSP,4.28
한국중부발전㈜보령발전본부,3,2018-06-23 05:30,SOx,30.52
한국중부발전㈜보령발전본부,3,2018-06-23 05:30,NOx,30.34
한국중부발전㈜보령발전본부,3,2018-06-23 06:00,TSP,4.36
한국중부발전㈜보령발전본부,3,2018-06-23 06:00,SOx,29.56
한국중부발전㈜보령발전본부,3,2018-06-23 06:00,NOx,30.95
한국중부발전㈜보령발전본부,3,2018-06-23 06:30,TSP,4.34
한국중부발전㈜보령발전본부,3,2018-06-23 06:30,SOx,29.16
한국중부발전㈜보령발전본부,3,2018-06-23 06:30,NOx,29.11
한국중부발전㈜보령발전본부,3,2018-06-23 07:00,TSP,4.56
한국중부발전㈜보령발전본부,3,2018-06-23 07:00,SOx,28.19
한국중부발전㈜보령발전본부,3,2018-06-23 07:00,NOx,28.49
한국중부발전㈜보령발전본부,3,2018-06-23 07:30,TSP,4.47
한국중부발전㈜보령발전본부,3,2018-06-23 07:30,SOx,27.98
한국중부발전㈜보령발전본부,3,2018-06-23 07:30,NOx,26.24
한국중부발전㈜보령발전본부,3,2018-06-23 08:00,TSP,4.69
한국중부발전㈜보령발전본부,3,2018-06-23 08:00,SOx,27.15
한국중부발전㈜보령발전본부,3,2018-06-23 08:00,NOx,27.84
한국중부발전㈜보령발전본부,3,2018-06-23 08:30,TSP,4.58
한국중부발전㈜보령발전본부,3,2018-06-23 08:30,SOx,28.02
한국중부발전㈜보령발전본부,3,2018-06-23 08:30,NOx,27.1
한국중부발전㈜보령발전본부,3,2018-06-23 09:00,TSP,4.71
한국중부발전㈜보령발전본부,3,2018-06-23 09:00,SOx,26.28
한국중부발전㈜보령발전본부,3,2018-06-23 09:00,NOx,30.19
한국중부발전㈜보령발전본부,3,2018-06-23 09:30,TSP,4.66
한국중부발전㈜보령발전본부,3,2018-06-23 09:30,SOx,25.53
한국중부발전㈜보령발전본부,3,2018-06-23 09:30,NOx,36.05
한국중부발전㈜보령발전본부,3,2018-06-23 10:00,TSP,5.02
한국중부발전㈜보령발전본부,3,2018-06-23 10:00,SOx,25.49
한국중부발전㈜보령발전본부,3,2018-06-23 10:00,NOx,39.14
한국중부발전㈜보령발전본부,3,2018-06-23 10:30,TSP,5.09
한국중부발전㈜보령발전본부,3,2018-06-23 10:30,SOx,25.73
한국중부발전㈜보령발전본부,3,2018-06-23 10:30,NOx,46.26
한국중부발전㈜보령발전본부,3,2018-06-23 11:00,TSP,5.04
한국중부발전㈜보령발전본부,3,2018-06-23 11:00,SOx,25.67
한국중부발전㈜보령발전본부,3,2018-06-23 11:00,NOx,31.98
한국중부발전㈜보령발전본부,3,2018-06-23 11:30,TSP,5.11
한국중부발전㈜보령발전본부,3,2018-06-23 11:30,SOx,25.59
한국중부발전㈜보령발전본부,3,2018-06-23 11:30,NOx,28.17
한국중부발전㈜보령발전본부,3,2018-06-23 12:00,TSP,5.26
한국중부발전㈜보령발전본부,3,2018-06-23 12:00,SOx,25.59
한국중부발전㈜보령발전본부,3,2018-06-23 12:00,NOx,28.17
한국중부발전㈜보령발전본부,3,2018-06-23 12:30,TSP,5.2
한국중부발전㈜보령발전본부,3,2018-06-23 12:30,SOx,25.59
한국중부발전㈜보령발전본부,3,2018-06-23 12:30,NOx,28.17
한국중부발전㈜보령발전본부,3,2018-06-23 13:00,TSP,4.75
한국중부발전㈜보령발전본부,3,2018-06-23 13:00,SOx,25.27
한국중부발전㈜보령발전본부,3,2018-06-23 13:00,NOx,28.36
한국중부발전㈜보령발전본부,3,2018-06-23 13:30,TSP,4.64
한국중부발전㈜보령발전본부,3,2018-06-23 13:30,SOx,25.52
한국중부발전㈜보령발전본부,3,2018-06-23 13:30,NOx,28.85
한국중부발전㈜보령발전본부,3,2018-06-23 14:00,TSP,4.55
한국중부발전㈜보령발전본부,3,2018-06-23 14:00,SOx,25.38
한국중부발전㈜보령발전본부,3,2018-06-23 14:00,NOx,27.91
한국중부발전㈜보령발전본부,3,2018-06-23 14:30,TSP,4.48
한국중부발전㈜보령발전본부,3,2018-06-23 14:30,SOx,24.75
한국중부발전㈜보령발전본부,3,2018-06-23 14:30,NOx,26.11
한국중부발전㈜보령발전본부,3,2018-06-23 15:00,TSP,4.44
한국중부발전㈜보령발전본부,3,2018-06-23 15:00,SOx,24.56
한국중부발전㈜보령발전본부,3,2018-06-23 15:00,NOx,26.93
한국중부발전㈜보령발전본부,3,2018-06-23 15:30,TSP,4.46
한국중부발전㈜보령발전본부,3,2018-06-23 15:30,SOx,24.42
한국중부발전㈜보령발전본부,3,2018-06-23 15:30,NOx,29.4
한국중부발전㈜보령발전본부,3,2018-06-23 16:00,TSP,4.53
한국중부발전㈜보령발전본부,3,2018-06-23 16:00,SOx,24.26
한국중부발전㈜보령발전본부,3,2018-06-23 16:00,NOx,29.78
한국중부발전㈜보령발전본부,3,2018-06-23 16:30,TSP,4.41
한국중부발전㈜보령발전본부,3,2018-06-23 16:30,SOx,24.72
한국중부발전㈜보령발전본부,3,2018-06-23 16:30,NOx,25.64
한국중부발전㈜보령발전본부,3,2018-06-23 17:00,TSP,4.37
한국중부발전㈜보령발전본부,3,2018-06-23 17:00,SOx,24.95
한국중부발전㈜보령발전본부,3,2018-06-23 17:00,NOx,29.39
한국중부발전㈜보령발전본부,3,2018-06-23 17:30,TSP,4.35
한국중부발전㈜보령발전본부,3,2018-06-23 17:30,SOx,24.76
한국중부발전㈜보령발전본부,3,2018-06-23 17:30,NOx,29.37
한국중부발전㈜보령발전본부,3,2018-06-23 18:00,TSP,4.35
한국중부발전㈜보령발전본부,3,2018-06-23 18:00,SOx,24.78
한국중부발전㈜보령발전본부,3,2018-06-23 18:00,NOx,25.78
한국중부발전㈜보령발전본부,3,2018-06-23 18:30,TSP,4.39
한국중부발전㈜보령발전본부,3,2018-06-23 18:30,SOx,24.67
한국중부발전㈜보령발전본부,3,2018-06-23 18:30,NOx,28.48
한국중부발전㈜보령발전본부,3,2018-06-23 19:00,TSP,4.77
한국중부발전㈜보령발전본부,3,2018-06-23 19:00,SOx,25.29
한국중부발전㈜보령발전본부,3,2018-06-23 19:00,NOx,28.93
한국중부발전㈜보령발전본부,3,2018-06-23 19:30,TSP,4.54
한국중부발전㈜보령발전본부,3,2018-06-23 19:30,SOx,26.09
한국중부발전㈜보령발전본부,3,2018-06-23 19:30,NOx,26.98
한국중부발전㈜보령발전본부,3,2018-06-23 20:00,TSP,4.55
한국중부발전㈜보령발전본부,3,2018-06-23 20:00,SOx,26.67
한국중부발전㈜보령발전본부,3,2018-06-23 20:00,NOx,26.79
한국중부발전㈜보령발전본부,3,2018-06-23 20:30,TSP,4.59
한국중부발전㈜보령발전본부,3,2018-06-23 20:30,SOx,26.34
한국중부발전㈜보령발전본부,3,2018-06-23 20:30,NOx,27.21
한국중부발전㈜보령발전본부,3,2018-06-23 21:00,TSP,4.74
한국중부발전㈜보령발전본부,3,2018-06-23 21:00,SOx,26.38
한국중부발전㈜보령발전본부,3,2018-06-23 21:00,NOx,25.99
한국중부발전㈜보령발전본부,3,2018-06-23 21:30,TSP,4.46
한국중부발전㈜보령발전본부,3,2018-06-23 21:30,SOx,25.49
한국중부발전㈜보령발전본부,3,2018-06-23 21:30,NOx,27.41
한국중부발전㈜보령발전본부,3,2018-06-23 22:00,TSP,4.45
한국중부발전㈜보령발전본부,3,2018-06-23 22:00,SOx,24.39
한국중부발전㈜보령발전본부,3,2018-06-23 22:00,NOx,27.82
한국중부발전㈜보령발전본부,3,2018-06-23 22:30,TSP,4.49
한국중부발전㈜보령발전본부,3,2018-06-23 22:30,SOx,24.98
한국중부발전㈜보령발전본부,3,2018-06-23 22:30,NOx,28.94
한국중부발전㈜보령발전본부,3,2018-06-23 23:00,TSP,4.52
한국중부발전㈜보령발전본부,3,2018-06-23 23:00,SOx,25.41
한국중부발전㈜보령발전본부,3,2018-06-23 23:00,NOx,28.64
한국중부발전㈜보령발전본부,3,2018-06-23 23:30,TSP,4.62
한국중부발전㈜보령발전본부,3,2018-06-23 23:30,SOx,25.19
한국중부발전㈜보령발전본부,3,2018-06-23 23:30,NOx,29.35
한국중부발전㈜보령발전본부,3,2018-06-24 00:00,TSP,4.65
한국중부발전㈜보령발전본부,3,2018-06-24 00:00,SOx,25.43
한국중부발전㈜보령발전본부,3,2018-06-24 00:00,NOx,29.47
한국중부발전㈜보령발전본부,3,2018-06-24 00:30,TSP,4.65
한국중부발전㈜보령발전본부,3,2018-06-24 00:30,SOx,25.65
한국중부발전㈜보령발전본부,3,2018-06-24 00:30,NOx,34.28
한국중부발전㈜보령발전본부,3,2018-06-24 01:00,TSP,4.66
한국중부발전㈜보령발전본부,3,2018-06-24 01:00,SOx,25.68
한국중부발전㈜보령발전본부,3,2018-06-24 01:00,NOx,31.6
한국중부발전㈜보령발전본부,3,2018-06-24 01:30,TSP,4.62
한국중부발전㈜보령발전본부,3,2018-06-24 01:30,SOx,24.45
한국중부발전㈜보령발전본부,3,2018-06-24 01:30,NOx,26.57
한국중부발전㈜보령발전본부,3,2018-06-24 02:00,TSP,4.56
한국중부발전㈜보령발전본부,3,2018-06-24 02:00,SOx,25.38
한국중부발전㈜보령발전본부,3,2018-06-24 02:00,NOx,26.62
한국중부발전㈜보령발전본부,3,2018-06-24 02:30,TSP,4.55
한국중부발전㈜보령발전본부,3,2018-06-24 02:30,SOx,26.06
한국중부발전㈜보령발전본부,3,2018-06-24 02:30,NOx,29.32
한국중부발전㈜보령발전본부,3,2018-06-24 03:00,TSP,4.49
한국중부발전㈜보령발전본부,3,2018-06-24 03:00,SOx,26.51
한국중부발전㈜보령발전본부,3,2018-06-24 03:00,NOx,30.22
한국중부발전㈜보령발전본부,3,2018-06-24 03:30,TSP,4.52
한국중부발전㈜보령발전본부,3,2018-06-24 03:30,SOx,26.96
한국중부발전㈜보령발전본부,3,2018-06-24 03:30,NOx,27.54
한국중부발전㈜보령발전본부,3,2018-06-24 04:00,TSP,4.49
한국중부발전㈜보령발전본부,3,2018-06-24 04:00,SOx,26.55
한국중부발전㈜보령발전본부,3,2018-06-24 04:00,NOx,25.35
한국중부발전㈜보령발전본부,3,2018-06-24 04:30,TSP,4.43
한국중부발전㈜보령발전본부,3,2018-06-24 04:30,SOx,27.92
한국중부발전㈜보령발전본부,3,2018-06-24 04:30,NOx,26.15
한국중부발전㈜보령발전본부,3,2018-06-24 05:00,TSP,4.69
한국중부발전㈜보령발전본부,3,2018-06-24 05:00,SOx,27.61
한국중부발전㈜보령발전본부,3,2018-06-24 05:00,NOx,26.87
한국중부발전㈜보령발전본부,3,2018-06-24 05:30,TSP,4.68
한국중부발전㈜보령발전본부,3,2018-06-24 05:30,SOx,28.46
한국중부발전㈜보령발전본부,3,2018-06-24 05:30,NOx,24.52
한국중부발전㈜보령발전본부,3,2018-06-24 06:00,TSP,4.59
한국중부발전㈜보령발전본부,3,2018-06-24 06:00,SOx,28.97
한국중부발전㈜보령발전본부,3,2018-06-24 06:00,NOx,27.67
한국중부발전㈜보령발전본부,3,2018-06-24 06:30,TSP,4.67
한국중부발전㈜보령발전본부,3,2018-06-24 06:30,SOx,28.97
한국중부발전㈜보령발전본부,3,2018-06-24 06:30,NOx,27.64
한국중부발전㈜보령발전본부,3,2018-06-24 07:00,TSP,4.88
한국중부발전㈜보령발전본부,3,2018-06-24 07:00,SOx,29.09
한국중부발전㈜보령발전본부,3,2018-06-24 07:00,NOx,28.62
한국중부발전㈜보령발전본부,3,2018-06-24 07:30,TSP,4.99
한국중부발전㈜보령발전본부,3,2018-06-24 07:30,SOx,27.6
한국중부발전㈜보령발전본부,3,2018-06-24 07:30,NOx,31.39
한국중부발전㈜보령발전본부,3,2018-06-24 08:00,TSP,4.91
한국중부발전㈜보령발전본부,3,2018-06-24 08:00,SOx,29.2
한국중부발전㈜보령발전본부,3,2018-06-24 08:00,NOx,38.61
한국중부발전㈜보령발전본부,3,2018-06-24 08:30,TSP,4.86
한국중부발전㈜보령발전본부,3,2018-06-24 08:30,SOx,27.57
한국중부발전㈜보령발전본부,3,2018-06-24 08:30,NOx,29.23
한국중부발전㈜보령발전본부,3,2018-06-24 09:00,TSP,4.92
한국중부발전㈜보령발전본부,3,2018-06-24 09:00,SOx,27.22
한국중부발전㈜보령발전본부,3,2018-06-24 09:00,NOx,25.5
한국중부발전㈜보령발전본부,3,2018-06-24 09:30,TSP,4.86
한국중부발전㈜보령발전본부,3,2018-06-24 09:30,SOx,27.61
한국중부발전㈜보령발전본부,3,2018-06-24 09:30,NOx,27.65
한국중부발전㈜보령발전본부,3,2018-06-24 10:00,TSP,5.07
한국중부발전㈜보령발전본부,3,2018-06-24 10:00,SOx,28.16
한국중부발전㈜보령발전본부,3,2018-06-24 10:00,NOx,27.31
한국중부발전㈜보령발전본부,3,2018-06-24 10:30,TSP,5.14
한국중부발전㈜보령발전본부,3,2018-06-24 10:30,SOx,28.27
한국중부발전㈜보령발전본부,3,2018-06-24 10:30,NOx,25.76
한국중부발전㈜보령발전본부,3,2018-06-24 11:00,TSP,5.2
한국중부발전㈜보령발전본부,3,2018-06-24 11:00,SOx,28.05
한국중부발전㈜보령발전본부,3,2018-06-24 11:00,NOx,27.51
한국중부발전㈜보령발전본부,3,2018-06-24 11:30,TSP,5.21
한국중부발전㈜보령발전본부,3,2018-06-24 11:30,SOx,27.94
한국중부발전㈜보령발전본부,3,2018-06-24 11:30,NOx,25.5
한국중부발전㈜보령발전본부,3,2018-06-24 12:00,TSP,5.16
한국중부발전㈜보령발전본부,3,2018-06-24 12:00,SOx,27.94
한국중부발전㈜보령발전본부,3,2018-06-24 12:00,NOx,25.5
한국중부발전㈜보령발전본부,3,2018-06-24 12:30,TSP,4.97
한국중부발전㈜보령발전본부,3,2018-06-24 12:30,SOx,27.94
한국중부발전㈜보령발전본부,3,2018-06-24 12:30,NOx,25.5
한국중부발전㈜보령발전본부,3,2018-06-24 13:00,TSP,4.86
한국중부발전㈜보령발전본부,3,2018-06-24 13:00,SOx,27.49
한국중부발전㈜보령발전본부,3,2018-06-24 13:00,NOx,26.72
한국중부발전㈜보령발전본부,3,2018-06-24 13:30,TSP,4.61
한국중부발전㈜보령발전본부,3,2018-06-24 13:30,SOx,27.4
한국중부발전㈜보령발전본부,3,2018-06-24 13:30,NOx,25.83
한국중부발전㈜보령발전본부,3,2018-06-24 14:00,TSP,4.59
한국중부발전㈜보령발전본부,3,2018-06-24 14:00,SOx,27.79
한국중부발전㈜보령발전본부,3,2018-06-24 14:00,NOx,26.63
한국중부발전㈜보령발전본부,3,2018-06-24 14:30,TSP,4.55
한국중부발전㈜보령발전본부,3,2018-06-24 14:30,SOx,28.05
한국중부발전㈜보령발전본부,3,2018-06-24 14:30,NOx,27.02
한국중부발전㈜보령발전본부,3,2018-06-24 15:00,TSP,4.61
한국중부발전㈜보령발전본부,3,2018-06-24 15:00,SOx,27.51
한국중부발전㈜보령발전본부,3,2018-06-24 15:00,NOx,28.94
한국중부발전㈜보령발전본부,3,2018-06-24 15:30,TSP,4.44
한국중부발전㈜보령발전본부,3,2018-06-24 15:30,SOx,27.37
한국중부발전㈜보령발전본부,3,2018-06-24 15:30,NOx,28.11
한국중부발전㈜보령발전본부,3,2018-06-24 16:00,TSP,4.39
한국중부발전㈜보령발전본부,3,2018-06-24 16:00,SOx,27.86
한국중부발전㈜보령발전본부,3,2018-06-24 16:00,NOx,31.19
한국중부발전㈜보령발전본부,3,2018-06-24 16:30,TSP,4.5
한국중부발전㈜보령발전본부,3,2018-06-24 16:30,SOx,26.8
한국중부발전㈜보령발전본부,3,2018-06-24 16:30,NOx,30.99
한국중부발전㈜보령발전본부,3,2018-06-24 17:00,TSP,4.46
한국중부발전㈜보령발전본부,3,2018-06-24 17:00,SOx,28.41
한국중부발전㈜보령발전본부,3,2018-06-24 17:00,NOx,30.34
한국중부발전㈜보령발전본부,3,2018-06-24 17:30,TSP,4.37
한국중부발전㈜보령발전본부,3,2018-06-24 17:30,SOx,26.75
한국중부발전㈜보령발전본부,3,2018-06-24 17:30,NOx,37.82
한국중부발전㈜보령발전본부,3,2018-06-24 18:00,TSP,4.46
한국중부발전㈜보령발전본부,3,2018-06-24 18:00,SOx,28.28
한국중부발전㈜보령발전본부,3,2018-06-24 18:00,NOx,29.22
한국중부발전㈜보령발전본부,3,2018-06-24 18:30,TSP,4.24
한국중부발전㈜보령발전본부,3,2018-06-24 18:30,SOx,29.11
한국중부발전㈜보령발전본부,3,2018-06-24 18:30,NOx,29.37
한국중부발전㈜보령발전본부,3,2018-06-24 19:00,TSP,4.24
한국중부발전㈜보령발전본부,3,2018-06-24 19:00,SOx,28.87
한국중부발전㈜보령발전본부,3,2018-06-24 19:00,NOx,27.02
한국중부발전㈜보령발전본부,3,2018-06-24 19:30,TSP,4.3
한국중부발전㈜보령발전본부,3,2018-06-24 19:30,SOx,28.59
한국중부발전㈜보령발전본부,3,2018-06-24 19:30,NOx,28.02
한국중부발전㈜보령발전본부,3,2018-06-24 20:00,TSP,4.29
한국중부발전㈜보령발전본부,3,2018-06-24 20:00,SOx,28.27
한국중부발전㈜보령발전본부,3,2018-06-24 20:00,NOx,24.41
한국중부발전㈜보령발전본부,3,2018-06-24 20:30,TSP,4.29
한국중부발전㈜보령발전본부,3,2018-06-24 20:30,SOx,27.84
한국중부발전㈜보령발전본부,3,2018-06-24 20:30,NOx,28.25
한국중부발전㈜보령발전본부,3,2018-06-24 21:00,TSP,4.35
한국중부발전㈜보령발전본부,3,2018-06-24 21:00,SOx,28.58
한국중부발전㈜보령발전본부,3,2018-06-24 21:00,NOx,28.05
한국중부발전㈜보령발전본부,3,2018-06-24 21:30,TSP,4.32
한국중부발전㈜보령발전본부,3,2018-06-24 21:30,SOx,29.54
한국중부발전㈜보령발전본부,3,2018-06-24 21:30,NOx,27.6
한국중부발전㈜보령발전본부,3,2018-06-24 22:00,TSP,4.24
한국중부발전㈜보령발전본부,3,2018-06-24 22:00,SOx,31.33
한국중부발전㈜보령발전본부,3,2018-06-24 22:00,NOx,26.02
한국중부발전㈜보령발전본부,3,2018-06-24 22:30,TSP,4.2
한국중부발전㈜보령발전본부,3,2018-06-24 22:30,SOx,32.26
한국중부발전㈜보령발전본부,3,2018-06-24 22:30,NOx,26.68
한국중부발전㈜보령발전본부,3,2018-06-24 23:00,TSP,4.42
한국중부발전㈜보령발전본부,3,2018-06-24 23:00,SOx,32.01
한국중부발전㈜보령발전본부,3,2018-06-24 23:00,NOx,29.65
한국중부발전㈜보령발전본부,3,2018-06-24 23:30,TSP,4.27
한국중부발전㈜보령발전본부,3,2018-06-24 23:30,SOx,32.34
한국중부발전㈜보령발전본부,3,2018-06-24 23:30,NOx,26.23
한국중부발전㈜보령발전본부,3,2018-06-25 00:00,TSP,4.34
한국중부발전㈜보령발전본부,3,2018-06-25 00:00,SOx,29.26
한국중부발전㈜보령발전본부,3,2018-06-25 00:00,NOx,28.57
한국중부발전㈜보령발전본부,3,2018-06-25 00:30,TSP,4.42
한국중부발전㈜보령발전본부,3,2018-06-25 00:30,SOx,30.75
한국중부발전㈜보령발전본부,3,2018-06-25 00:30,NOx,26.22
한국중부발전㈜보령발전본부,3,2018-06-25 01:00,TSP,4.42
한국중부발전㈜보령발전본부,3,2018-06-25 01:00,SOx,30.75
한국중부발전㈜보령발전본부,3,2018-06-25 01:00,NOx,25.33
한국중부발전㈜보령발전본부,3,2018-06-25 01:30,TSP,4.44
한국중부발전㈜보령발전본부,3,2018-06-25 01:30,SOx,30.62
한국중부발전㈜보령발전본부,3,2018-06-25 01:30,NOx,27.69
한국중부발전㈜보령발전본부,3,2018-06-25 02:00,TSP,4.19
한국중부발전㈜보령발전본부,3,2018-06-25 02:00,SOx,30.95
한국중부발전㈜보령발전본부,3,2018-06-25 02:00,NOx,28.2
한국중부발전㈜보령발전본부,3,2018-06-25 02:30,TSP,4.05
한국중부발전㈜보령발전본부,3,2018-06-25 02:30,SOx,31.2
한국중부발전㈜보령발전본부,3,2018-06-25 02:30,NOx,25.75
한국중부발전㈜보령발전본부,3,2018-06-25 03:00,TSP,4.04
한국중부발전㈜보령발전본부,3,2018-06-25 03:00,SOx,30.14
한국중부발전㈜보령발전본부,3,2018-06-25 03:00,NOx,25.26
한국중부발전㈜보령발전본부,3,2018-06-25 03:30,TSP,4.03
한국중부발전㈜보령발전본부,3,2018-06-25 03:30,SOx,29.35
한국중부발전㈜보령발전본부,3,2018-06-25 03:30,NOx,23.68
한국중부발전㈜보령발전본부,3,2018-06-25 04:00,TSP,4.01
한국중부발전㈜보령발전본부,3,2018-06-25 04:00,SOx,29.85
한국중부발전㈜보령발전본부,3,2018-06-25 04:00,NOx,26.18
한국중부발전㈜보령발전본부,3,2018-06-25 04:30,TSP,4.01
한국중부발전㈜보령발전본부,3,2018-06-25 04:30,SOx,30.25
한국중부발전㈜보령발전본부,3,2018-06-25 04:30,NOx,27.25
한국중부발전㈜보령발전본부,3,2018-06-25 05:00,TSP,4.03
한국중부발전㈜보령발전본부,3,2018-06-25 05:00,SOx,30.71
한국중부발전㈜보령발전본부,3,2018-06-25 05:00,NOx,27.79
한국중부발전㈜보령발전본부,3,2018-06-25 05:30,TSP,4.02
한국중부발전㈜보령발전본부,3,2018-06-25 05:30,SOx,31.33
한국중부발전㈜보령발전본부,3,2018-06-25 05:30,NOx,25.66
한국중부발전㈜보령발전본부,3,2018-06-25 06:00,TSP,3.88
한국중부발전㈜보령발전본부,3,2018-06-25 06:00,SOx,30.63
한국중부발전㈜보령발전본부,3,2018-06-25 06:00,NOx,25.34
한국중부발전㈜보령발전본부,3,2018-06-25 06:30,TSP,3.9
한국중부발전㈜보령발전본부,3,2018-06-25 06:30,SOx,30.87
한국중부발전㈜보령발전본부,3,2018-06-25 06:30,NOx,23.89
한국중부발전㈜보령발전본부,3,2018-06-25 07:00,TSP,4.0
한국중부발전㈜보령발전본부,3,2018-06-25 07:00,SOx,29.57
한국중부발전㈜보령발전본부,3,2018-06-25 07:00,NOx,25.92
한국중부발전㈜보령발전본부,3,2018-06-25 07:30,TSP,4.28
한국중부발전㈜보령발전본부,3,2018-06-25 07:30,SOx,29.43
한국중부발전㈜보령발전본부,3,2018-06-25 07:30,NOx,25.89
한국중부발전㈜보령발전본부,3,2018-06-25 08:00,TSP,4.34
한국중부발전㈜보령발전본부,3,2018-06-25 08:00,SOx,29.19
한국중부발전㈜보령발전본부,3,2018-06-25 08:00,NOx,25.71
한국중부발전㈜보령발전본부,3,2018-06-25 08:30,TSP,4.38
한국중부발전㈜보령발전본부,3,2018-06-25 08:30,SOx,28.69
한국중부발전㈜보령발전본부,3,2018-06-25 08:30,NOx,27.47
한국중부발전㈜보령발전본부,3,2018-06-25 09:00,TSP,4.49
한국중부발전㈜보령발전본부,3,2018-06-25 09:00,SOx,29.28
한국중부발전㈜보령발전본부,3,2018-06-25 09:00,NOx,28.72
한국중부발전㈜보령발전본부,3,2018-06-25 09:30,TSP,4.77
한국중부발전㈜보령발전본부,3,2018-06-25 09:30,SOx,29.89
한국중부발전㈜보령발전본부,3,2018-06-25 09:30,NOx,29.2
한국중부발전㈜보령발전본부,3,2018-06-25 10:00,TSP,4.66
한국중부발전㈜보령발전본부,3,2018-06-25 10:00,SOx,31.13
한국중부발전㈜보령발전본부,3,2018-06-25 10:00,NOx,26.89
한국중부발전㈜보령발전본부,3,2018-06-25 10:30,TSP,4.54
한국중부발전㈜보령발전본부,3,2018-06-25 10:30,SOx,32.28
한국중부발전㈜보령발전본부,3,2018-06-25 10:30,NOx,27.47
한국중부발전㈜보령발전본부,3,2018-06-25 11:00,TSP,4.52
한국중부발전㈜보령발전본부,3,2018-06-25 11:00,SOx,33.53
한국중부발전㈜보령발전본부,3,2018-06-25 11:00,NOx,27.94
한국중부발전㈜보령발전본부,3,2018-06-25 11:30,TSP,4.68
한국중부발전㈜보령발전본부,3,2018-06-25 11:30,SOx,33.08
한국중부발전㈜보령발전본부,3,2018-06-25 11:30,NOx,31.21
한국중부발전㈜보령발전본부,3,2018-06-25 12:00,TSP,4.8
한국중부발전㈜보령발전본부,3,2018-06-25 12:00,SOx,33.08
한국중부발전㈜보령발전본부,3,2018-06-25 12:00,NOx,31.21
한국중부발전㈜보령발전본부,3,2018-06-25 12:30,TSP,4.93
한국중부발전㈜보령발전본부,3,2018-06-25 12:30,SOx,33.94
한국중부발전㈜보령발전본부,3,2018-06-25 12:30,NOx,30.25
한국중부발전㈜보령발전본부,3,2018-06-25 13:00,TSP,4.77
한국중부발전㈜보령발전본부,3,2018-06-25 13:00,SOx,34.62
한국중부발전㈜보령발전본부,3,2018-06-25 13:00,NOx,28.85
한국중부발전㈜보령발전본부,3,2018-06-25 13:30,TSP,4.62
한국중부발전㈜보령발전본부,3,2018-06-25 13:30,SOx,35.36
한국중부발전㈜보령발전본부,3,2018-06-25 13:30,NOx,29.0
한국중부발전㈜보령발전본부,3,2018-06-25 14:00,TSP,4.62
한국중부발전㈜보령발전본부,3,2018-06-25 14:00,SOx,35.13
한국중부발전㈜보령발전본부,3,2018-06-25 14:00,NOx,28.4
한국중부발전㈜보령발전본부,3,2018-06-25 14:30,TSP,4.7
한국중부발전㈜보령발전본부,3,2018-06-25 14:30,SOx,34.91
한국중부발전㈜보령발전본부,3,2018-06-25 14:30,NOx,30.43
한국중부발전㈜보령발전본부,3,2018-06-25 15:00,TSP,4.81
한국중부발전㈜보령발전본부,3,2018-06-25 15:00,SOx,35.31
한국중부발전㈜보령발전본부,3,2018-06-25 15:00,NOx,29.64
한국중부발전㈜보령발전본부,3,2018-06-25 15:30,TSP,4.8
한국중부발전㈜보령발전본부,3,2018-06-25 15:30,SOx,35.29
한국중부발전㈜보령발전본부,3,2018-06-25 15:30,NOx,29.11
한국중부발전㈜보령발전본부,3,2018-06-25 16:00,TSP,4.48
한국중부발전㈜보령발전본부,3,2018-06-25 16:00,SOx,34.6
한국중부발전㈜보령발전본부,3,2018-06-25 16:00,NOx,30.55
한국중부발전㈜보령발전본부,3,2018-06-25 16:30,TSP,4.47
한국중부발전㈜보령발전본부,3,2018-06-25 16:30,SOx,33.7
한국중부발전㈜보령발전본부,3,2018-06-25 16:30,NOx,32.13
한국중부발전㈜보령발전본부,3,2018-06-25 17:00,TSP,4.47
한국중부발전㈜보령발전본부,3,2018-06-25 17:00,SOx,33.04
한국중부발전㈜보령발전본부,3,2018-06-25 17:00,NOx,35.9
한국중부발전㈜보령발전본부,3,2018-06-25 17:30,TSP,4.64
한국중부발전㈜보령발전본부,3,2018-06-25 17:30,SOx,31.28
한국중부발전㈜보령발전본부,3,2018-06-25 17:30,NOx,34.1
한국중부발전㈜보령발전본부,3,2018-06-25 18:00,TSP,4.65
한국중부발전㈜보령발전본부,3,2018-06-25 18:00,SOx,31.12
한국중부발전㈜보령발전본부,3,2018-06-25 18:00,NOx,27.3
한국중부발전㈜보령발전본부,3,2018-06-25 18:30,TSP,4.58
한국중부발전㈜보령발전본부,3,2018-06-25 18:30,SOx,31.23
한국중부발전㈜보령발전본부,3,2018-06-25 18:30,NOx,29.54
한국중부발전㈜보령발전본부,3,2018-06-25 19:00,TSP,4.62
한국중부발전㈜보령발전본부,3,2018-06-25 19:00,SOx,31.95
한국중부발전㈜보령발전본부,3,2018-06-25 19:00,NOx,30.56
한국중부발전㈜보령발전본부,3,2018-06-25 19:30,TSP,4.77
한국중부발전㈜보령발전본부,3,2018-06-25 19:30,SOx,31.96
한국중부발전㈜보령발전본부,3,2018-06-25 19:30,NOx,29.07
한국중부발전㈜보령발전본부,3,2018-06-25 20:00,TSP,4.61
한국중부발전㈜보령발전본부,3,2018-06-25 20:00,SOx,32.63
한국중부발전㈜보령발전본부,3,2018-06-25 20:00,NOx,28.02
한국중부발전㈜보령발전본부,3,2018-06-25 20:30,TSP,4.67
한국중부발전㈜보령발전본부,3,2018-06-25 20:30,SOx,33.37
한국중부발전㈜보령발전본부,3,2018-06-25 20:30,NOx,29.39
한국중부발전㈜보령발전본부,3,2018-06-25 21:00,TSP,4.7
한국중부발전㈜보령발전본부,3,2018-06-25 21:00,SOx,33.76
한국중부발전㈜보령발전본부,3,2018-06-25 21:00,NOx,29.61
한국중부발전㈜보령발전본부,3,2018-06-25 21:30,TSP,4.78
한국중부발전㈜보령발전본부,3,2018-06-25 21:30,SOx,34.92
한국중부발전㈜보령발전본부,3,2018-06-25 21:30,NOx,30.23
한국중부발전㈜보령발전본부,3,2018-06-25 22:00,TSP,4.65
한국중부발전㈜보령발전본부,3,2018-06-25 22:00,SOx,34.21
한국중부발전㈜보령발전본부,3,2018-06-25 22:00,NOx,28.68
한국중부발전㈜보령발전본부,3,2018-06-25 22:30,TSP,4.63
한국중부발전㈜보령발전본부,3,2018-06-25 22:30,SOx,34.43
한국중부발전㈜보령발전본부,3,2018-06-25 22:30,NOx,31.21
한국중부발전㈜보령발전본부,3,2018-06-25 23:00,TSP,4.69
한국중부발전㈜보령발전본부,3,2018-06-25 23:00,SOx,34.35
한국중부발전㈜보령발전본부,3,2018-06-25 23:00,NOx,27.13
한국중부발전㈜보령발전본부,3,2018-06-25 23:30,TSP,4.65
한국중부발전㈜보령발전본부,3,2018-06-25 23:30,SOx,33.87
한국중부발전㈜보령발전본부,3,2018-06-25 23:30,NOx,27.42
한국중부발전㈜보령발전본부,3,2018-06-26 00:00,TSP,4.58
한국중부발전㈜보령발전본부,3,2018-06-26 00:00,SOx,33.19
한국중부발전㈜보령발전본부,3,2018-06-26 00:00,NOx,26.76
한국중부발전㈜보령발전본부,3,2018-06-26 00:30,TSP,4.59
한국중부발전㈜보령발전본부,3,2018-06-26 00:30,SOx,31.92
한국중부발전㈜보령발전본부,3,2018-06-26 00:30,NOx,28.54
한국중부발전㈜보령발전본부,3,2018-06-26 01:00,TSP,4.52
한국중부발전㈜보령발전본부,3,2018-06-26 01:00,SOx,32.12
한국중부발전㈜보령발전본부,3,2018-06-26 01:00,NOx,26.16
한국중부발전㈜보령발전본부,3,2018-06-26 01:30,TSP,4.61
한국중부발전㈜보령발전본부,3,2018-06-26 01:30,SOx,32.65
한국중부발전㈜보령발전본부,3,2018-06-26 01:30,NOx,28.12
한국중부발전㈜보령발전본부,3,2018-06-26 02:00,TSP,4.49
한국중부발전㈜보령발전본부,3,2018-06-26 02:00,SOx,32.54
한국중부발전㈜보령발전본부,3,2018-06-26 02:00,NOx,27.42
한국중부발전㈜보령발전본부,3,2018-06-26 02:30,TSP,4.63
한국중부발전㈜보령발전본부,3,2018-06-26 02:30,SOx,33.15
한국중부발전㈜보령발전본부,3,2018-06-26 02:30,NOx,27.16
한국중부발전㈜보령발전본부,3,2018-06-26 03:00,TSP,4.77
한국중부발전㈜보령발전본부,3,2018-06-26 03:00,SOx,33.53
한국중부발전㈜보령발전본부,3,2018-06-26 03:00,NOx,27.61
한국중부발전㈜보령발전본부,3,2018-06-26 03:30,TSP,4.84
한국중부발전㈜보령발전본부,3,2018-06-26 03:30,SOx,34.94
한국중부발전㈜보령발전본부,3,2018-06-26 03:30,NOx,27.62
한국중부발전㈜보령발전본부,3,2018-06-26 04:00,TSP,4.74
한국중부발전㈜보령발전본부,3,2018-06-26 04:00,SOx,35.19
한국중부발전㈜보령발전본부,3,2018-06-26 04:00,NOx,28.1
한국중부발전㈜보령발전본부,3,2018-06-26 04:30,TSP,4.49
한국중부발전㈜보령발전본부,3,2018-06-26 04:30,SOx,35.59
한국중부발전㈜보령발전본부,3,2018-06-26 04:30,NOx,29.25
한국중부발전㈜보령발전본부,3,2018-06-26 05:00,TSP,4.34
한국중부발전㈜보령발전본부,3,2018-06-26 05:00,SOx,36.13
한국중부발전㈜보령발전본부,3,2018-06-26 05:00,NOx,28.73
한국중부발전㈜보령발전본부,3,2018-06-26 05:30,TSP,4.27
한국중부발전㈜보령발전본부,3,2018-06-26 05:30,SOx,34.47
한국중부발전㈜보령발전본부,3,2018-06-26 05:30,NOx,27.67
한국중부발전㈜보령발전본부,3,2018-06-26 06:00,TSP,4.18
한국중부발전㈜보령발전본부,3,2018-06-26 06:00,SOx,35.95
한국중부발전㈜보령발전본부,3,2018-06-26 06:00,NOx,29.7
한국중부발전㈜보령발전본부,3,2018-06-26 06:30,TSP,4.14
한국중부발전㈜보령발전본부,3,2018-06-26 06:30,SOx,38.08
한국중부발전㈜보령발전본부,3,2018-06-26 06:30,NOx,29.64
한국중부발전㈜보령발전본부,3,2018-06-26 07:00,TSP,4.07
한국중부발전㈜보령발전본부,3,2018-06-26 07:00,SOx,38.53
한국중부발전㈜보령발전본부,3,2018-06-26 07:00,NOx,29.78
한국중부발전㈜보령발전본부,3,2018-06-26 07:30,TSP,4.04
한국중부발전㈜보령발전본부,3,2018-06-26 07:30,SOx,37.18
한국중부발전㈜보령발전본부,3,2018-06-26 07:30,NOx,29.14
한국중부발전㈜보령발전본부,3,2018-06-26 08:00,TSP,4.07
한국중부발전㈜보령발전본부,3,2018-06-26 08:00,SOx,38.32
한국중부발전㈜보령발전본부,3,2018-06-26 08:00,NOx,29.36
한국중부발전㈜보령발전본부,3,2018-06-26 08:30,TSP,4.11
한국중부발전㈜보령발전본부,3,2018-06-26 08:30,SOx,37.66
한국중부발전㈜보령발전본부,3,2018-06-26 08:30,NOx,29.93
한국중부발전㈜보령발전본부,3,2018-06-26 09:00,TSP,4.35
한국중부발전㈜보령발전본부,3,2018-06-26 09:00,SOx,37.24
한국중부발전㈜보령발전본부,3,2018-06-26 09:00,NOx,31.56
한국중부발전㈜보령발전본부,3,2018-06-26 09:30,TSP,4.46
한국중부발전㈜보령발전본부,3,2018-06-26 09:30,SOx,36.99
한국중부발전㈜보령발전본부,3,2018-06-26 09:30,NOx,37.38
한국중부발전㈜보령발전본부,3,2018-06-26 10:00,TSP,4.4
한국중부발전㈜보령발전본부,3,2018-06-26 10:00,SOx,35.03
한국중부발전㈜보령발전본부,3,2018-06-26 10:00,NOx,32.48
한국중부발전㈜보령발전본부,3,2018-06-26 10:30,TSP,4.52
한국중부발전㈜보령발전본부,3,2018-06-26 10:30,SOx,31.19
한국중부발전㈜보령발전본부,3,2018-06-26 10:30,NOx,25.55
한국중부발전㈜보령발전본부,3,2018-06-26 11:00,TSP,5.05
한국중부발전㈜보령발전본부,3,2018-06-26 11:00,SOx,26.18
한국중부발전㈜보령발전본부,3,2018-06-26 11:00,NOx,24.62
한국중부발전㈜보령발전본부,3,2018-06-26 11:30,TSP,4.25
한국중부발전㈜보령발전본부,3,2018-06-26 11:30,SOx,20.97
한국중부발전㈜보령발전본부,3,2018-06-26 11:30,NOx,23.44
한국중부발전㈜보령발전본부,3,2018-06-26 12:00,TSP,4.11
한국중부발전㈜보령발전본부,3,2018-06-26 12:00,SOx,20.97
한국중부발전㈜보령발전본부,3,2018-06-26 12:00,NOx,23.44
한국중부발전㈜보령발전본부,3,2018-06-26 12:30,TSP,4.01
한국중부발전㈜보령발전본부,3,2018-06-26 12:30,SOx,12.58
한국중부발전㈜보령발전본부,3,2018-06-26 12:30,NOx,21.64
한국중부발전㈜보령발전본부,3,2018-06-26 13:00,TSP,4.05
한국중부발전㈜보령발전본부,3,2018-06-26 13:00,SOx,10.6
한국중부발전㈜보령발전본부,3,2018-06-26 13:00,NOx,21.18
한국중부발전㈜보령발전본부,3,2018-06-26 13:30,TSP,3.94
한국중부발전㈜보령발전본부,3,2018-06-26 13:30,SOx,9.52
한국중부발전㈜보령발전본부,3,2018-06-26 13:30,NOx,23.82
한국중부발전㈜보령발전본부,3,2018-06-26 14:00,TSP,3.87
한국중부발전㈜보령발전본부,3,2018-06-26 14:00,SOx,8.93
한국중부발전㈜보령발전본부,3,2018-06-26 14:00,NOx,23.1
한국중부발전㈜보령발전본부,3,2018-06-26 14:30,TSP,3.86
한국중부발전㈜보령발전본부,3,2018-06-26 14:30,SOx,8.9
한국중부발전㈜보령발전본부,3,2018-06-26 14:30,NOx,24.75
한국중부발전㈜보령발전본부,3,2018-06-26 15:00,TSP,3.86
한국중부발전㈜보령발전본부,3,2018-06-26 15:00,SOx,9.24
한국중부발전㈜보령발전본부,3,2018-06-26 15:00,NOx,23.71
한국중부발전㈜보령발전본부,3,2018-06-26 15:30,TSP,3.83
한국중부발전㈜보령발전본부,3,2018-06-26 15:30,SOx,10.42
한국중부발전㈜보령발전본부,3,2018-06-26 15:30,NOx,24.01
한국중부발전㈜보령발전본부,3,2018-06-26 16:00,TSP,3.83
한국중부발전㈜보령발전본부,3,2018-06-26 16:00,SOx,12.25
한국중부발전㈜보령발전본부,3,2018-06-26 16:00,NOx,25.34
한국중부발전㈜보령발전본부,3,2018-06-26 16:30,TSP,4.2
한국중부발전㈜보령발전본부,3,2018-06-26 16:30,SOx,13.77
한국중부발전㈜보령발전본부,3,2018-06-26 16:30,NOx,23.94
한국중부발전㈜보령발전본부,3,2018-06-26 17:00,TSP,4.0
한국중부발전㈜보령발전본부,3,2018-06-26 17:00,SOx,15.48
한국중부발전㈜보령발전본부,3,2018-06-26 17:00,NOx,24.18
한국중부발전㈜보령발전본부,3,2018-06-26 17:30,TSP,4.03
한국중부발전㈜보령발전본부,3,2018-06-26 17:30,SOx,16.99
한국중부발전㈜보령발전본부,3,2018-06-26 17:30,NOx,23.67
한국중부발전㈜보령발전본부,3,2018-06-26 18:00,TSP,4.08
한국중부발전㈜보령발전본부,3,2018-06-26 18:00,SOx,18.29
한국중부발전㈜보령발전본부,3,2018-06-26 18:00,NOx,24.13
한국중부발전㈜보령발전본부,3,2018-06-26 18:30,TSP,4.17
한국중부발전㈜보령발전본부,3,2018-06-26 18:30,SOx,20.19
한국중부발전㈜보령발전본부,3,2018-06-26 18:30,NOx,24.66
한국중부발전㈜보령발전본부,3,2018-06-26 19:00,TSP,4.0
한국중부발전㈜보령발전본부,3,2018-06-26 19:00,SOx,21.82
한국중부발전㈜보령발전본부,3,2018-06-26 19:00,NOx,26.37
한국중부발전㈜보령발전본부,3,2018-06-26 19:30,TSP,3.86
한국중부발전㈜보령발전본부,3,2018-06-26 19:30,SOx,23.79
한국중부발전㈜보령발전본부,3,2018-06-26 19:30,NOx,26.25
한국중부발전㈜보령발전본부,3,2018-06-26 20:00,TSP,3.94
한국중부발전㈜보령발전본부,3,2018-06-26 20:00,SOx,24.02
한국중부발전㈜보령발전본부,3,2018-06-26 20:00,NOx,26.24
한국중부발전㈜보령발전본부,3,2018-06-26 20:30,TSP,3.88
한국중부발전㈜보령발전본부,3,2018-06-26 20:30,SOx,24.87
한국중부발전㈜보령발전본부,3,2018-06-26 20:30,NOx,25.41
한국중부발전㈜보령발전본부,3,2018-06-26 21:00,TSP,3.91
한국중부발전㈜보령발전본부,3,2018-06-26 21:00,SOx,24.81
한국중부발전㈜보령발전본부,3,2018-06-26 21:00,NOx,26.64
한국중부발전㈜보령발전본부,3,2018-06-26 21:30,TSP,4.07
한국중부발전㈜보령발전본부,3,2018-06-26 21:30,SOx,25.96
한국중부발전㈜보령발전본부,3,2018-06-26 21:30,NOx,26.94
한국중부발전㈜보령발전본부,3,2018-06-26 22:00,TSP,4.05
한국중부발전㈜보령발전본부,3,2018-06-26 22:00,SOx,27.27
한국중부발전㈜보령발전본부,3,2018-06-26 22:00,NOx,26.65
한국중부발전㈜보령발전본부,3,2018-06-26 22:30,TSP,4.11
한국중부발전㈜보령발전본부,3,2018-06-26 22:30,SOx,27.95
한국중부발전㈜보령발전본부,3,2018-06-26 22:30,NOx,27.04
한국중부발전㈜보령발전본부,3,2018-06-26 23:00,TSP,3.95
한국중부발전㈜보령발전본부,3,2018-06-26 23:00,SOx,28.4
한국중부발전㈜보령발전본부,3,2018-06-26 23:00,NOx,26.41
한국중부발전㈜보령발전본부,3,2018-06-26 23:30,TSP,4.07
한국중부발전㈜보령발전본부,3,2018-06-26 23:30,SOx,29.1
한국중부발전㈜보령발전본부,3,2018-06-26 23:30,NOx,26.87
한국중부발전㈜보령발전본부,3,2018-06-27 00:00,TSP,3.97
한국중부발전㈜보령발전본부,3,2018-06-27 00:00,SOx,30.51
한국중부발전㈜보령발전본부,3,2018-06-27 00:00,NOx,26.53
한국중부발전㈜보령발전본부,3,2018-06-27 00:30,TSP,4.09
한국중부발전㈜보령발전본부,3,2018-06-27 00:30,SOx,30.16
한국중부발전㈜보령발전본부,3,2018-06-27 00:30,NOx,25.98
한국중부발전㈜보령발전본부,3,2018-06-27 01:00,TSP,4.28
한국중부발전㈜보령발전본부,3,2018-06-27 01:00,SOx,29.56
한국중부발전㈜보령발전본부,3,2018-06-27 01:00,NOx,27.2
한국중부발전㈜보령발전본부,3,2018-06-27 01:30,TSP,4.2
한국중부발전㈜보령발전본부,3,2018-06-27 01:30,SOx,31.41
한국중부발전㈜보령발전본부,3,2018-06-27 01:30,NOx,28.24
한국중부발전㈜보령발전본부,3,2018-06-27 02:00,TSP,4.09
한국중부발전㈜보령발전본부,3,2018-06-27 02:00,SOx,31.55
한국중부발전㈜보령발전본부,3,2018-06-27 02:00,NOx,27.65
한국중부발전㈜보령발전본부,3,2018-06-27 02:30,TSP,4.03
한국중부발전㈜보령발전본부,3,2018-06-27 02:30,SOx,32.19
한국중부발전㈜보령발전본부,3,2018-06-27 02:30,NOx,26.09
한국중부발전㈜보령발전본부,3,2018-06-27 03:00,TSP,4.08
한국중부발전㈜보령발전본부,3,2018-06-27 03:00,SOx,32.26
한국중부발전㈜보령발전본부,3,2018-06-27 03:00,NOx,23.23
한국중부발전㈜보령발전본부,3,2018-06-27 03:30,TSP,3.95
한국중부발전㈜보령발전본부,3,2018-06-27 03:30,SOx,31.69
한국중부발전㈜보령발전본부,3,2018-06-27 03:30,NOx,22.3
한국중부발전㈜보령발전본부,3,2018-06-27 04:00,TSP,3.9
한국중부발전㈜보령발전본부,3,2018-06-27 04:00,SOx,33.2
한국중부발전㈜보령발전본부,3,2018-06-27 04:00,NOx,24.24
한국중부발전㈜보령발전본부,3,2018-06-27 04:30,TSP,3.9
한국중부발전㈜보령발전본부,3,2018-06-27 04:30,SOx,31.35
한국중부발전㈜보령발전본부,3,2018-06-27 04:30,NOx,25.69
한국중부발전㈜보령발전본부,3,2018-06-27 05:00,TSP,3.91
한국중부발전㈜보령발전본부,3,2018-06-27 05:00,SOx,30.26
한국중부발전㈜보령발전본부,3,2018-06-27 05:00,NOx,25.14
한국중부발전㈜보령발전본부,3,2018-06-27 05:30,TSP,3.9
한국중부발전㈜보령발전본부,3,2018-06-27 05:30,SOx,32.49
한국중부발전㈜보령발전본부,3,2018-06-27 05:30,NOx,24.81
한국중부발전㈜보령발전본부,3,2018-06-27 06:00,TSP,3.93
한국중부발전㈜보령발전본부,3,2018-06-27 06:00,SOx,32.1
한국중부발전㈜보령발전본부,3,2018-06-27 06:00,NOx,26.92
한국중부발전㈜보령발전본부,3,2018-06-27 06:30,TSP,3.89
한국중부발전㈜보령발전본부,3,2018-06-27 06:30,SOx,31.96
한국중부발전㈜보령발전본부,3,2018-06-27 06:30,NOx,27.03
한국중부발전㈜보령발전본부,3,2018-06-27 07:00,TSP,3.95
한국중부발전㈜보령발전본부,3,2018-06-27 07:00,SOx,30.96
한국중부발전㈜보령발전본부,3,2018-06-27 07:00,NOx,26.22
한국중부발전㈜보령발전본부,3,2018-06-27 07:30,TSP,3.98
한국중부발전㈜보령발전본부,3,2018-06-27 07:30,SOx,30.94
한국중부발전㈜보령발전본부,3,2018-06-27 07:30,NOx,26.76
한국중부발전㈜보령발전본부,3,2018-06-27 08:00,TSP,3.91
한국중부발전㈜보령발전본부,3,2018-06-27 08:00,SOx,30.2
한국중부발전㈜보령발전본부,3,2018-06-27 08:00,NOx,28.74
한국중부발전㈜보령발전본부,3,2018-06-27 08:30,TSP,4.08
한국중부발전㈜보령발전본부,3,2018-06-27 08:30,SOx,29.4
한국중부발전㈜보령발전본부,3,2018-06-27 08:30,NOx,26.73
한국중부발전㈜보령발전본부,3,2018-06-27 09:00,TSP,4.01
한국중부발전㈜보령발전본부,3,2018-06-27 09:00,SOx,28.95
한국중부발전㈜보령발전본부,3,2018-06-27 09:00,NOx,27.98
한국중부발전㈜보령발전본부,3,2018-06-27 09:30,TSP,3.99
한국중부발전㈜보령발전본부,3,2018-06-27 09:30,SOx,27.25
한국중부발전㈜보령발전본부,3,2018-06-27 09:30,NOx,25.81
한국중부발전㈜보령발전본부,3,2018-06-27 10:00,TSP,4.14
한국중부발전㈜보령발전본부,3,2018-06-27 10:00,SOx,27.32
한국중부발전㈜보령발전본부,3,2018-06-27 10:00,NOx,29.88
한국중부발전㈜보령발전본부,3,2018-06-27 10:30,TSP,4.38
한국중부발전㈜보령발전본부,3,2018-06-27 10:30,SOx,27.09
한국중부발전㈜보령발전본부,3,2018-06-27 10:30,NOx,36.21
한국중부발전㈜보령발전본부,3,2018-06-27 11:00,TSP,4.16
한국중부발전㈜보령발전본부,3,2018-06-27 11:00,SOx,25.87
한국중부발전㈜보령발전본부,3,2018-06-27 11:00,NOx,28.89
한국중부발전㈜보령발전본부,3,2018-06-27 11:30,TSP,4.28
한국중부발전㈜보령발전본부,3,2018-06-27 11:30,SOx,25.59
한국중부발전㈜보령발전본부,3,2018-06-27 11:30,NOx,27.01
한국중부발전㈜보령발전본부,3,2018-06-27 12:00,TSP,4.28
한국중부발전㈜보령발전본부,3,2018-06-27 12:00,SOx,25.59
한국중부발전㈜보령발전본부,3,2018-06-27 12:00,NOx,27.01
한국중부발전㈜보령발전본부,3,2018-06-27 12:30,TSP,4.39
한국중부발전㈜보령발전본부,3,2018-06-27 12:30,SOx,24.54
한국중부발전㈜보령발전본부,3,2018-06-27 12:30,NOx,28.68
한국중부발전㈜보령발전본부,3,2018-06-27 13:00,TSP,4.33
한국중부발전㈜보령발전본부,3,2018-06-27 13:00,SOx,23.44
한국중부발전㈜보령발전본부,3,2018-06-27 13:00,NOx,28.23
한국중부발전㈜보령발전본부,3,2018-06-27 13:30,TSP,4.45
한국중부발전㈜보령발전본부,3,2018-06-27 13:30,SOx,23.93
한국중부발전㈜보령발전본부,3,2018-06-27 13:30,NOx,29.02
한국중부발전㈜보령발전본부,3,2018-06-27 14:00,TSP,4.45
한국중부발전㈜보령발전본부,3,2018-06-27 14:00,SOx,23.93
한국중부발전㈜보령발전본부,3,2018-06-27 14:00,NOx,29.02
한국중부발전㈜보령발전본부,3,2018-06-27 14:30,TSP,4.45
한국중부발전㈜보령발전본부,3,2018-06-27 14:30,SOx,23.93
한국중부발전㈜보령발전본부,3,2018-06-27 14:30,NOx,29.02
한국중부발전㈜보령발전본부,3,2018-06-27 15:00,TSP,4.45
한국중부발전㈜보령발전본부,3,2018-06-27 15:00,SOx,23.93
한국중부발전㈜보령발전본부,3,2018-06-27 15:00,NOx,29.02
한국중부발전㈜보령발전본부,3,2018-06-27 15:30,TSP,4.84
한국중부발전㈜보령발전본부,3,2018-06-27 15:30,SOx,21.88
한국중부발전㈜보령발전본부,3,2018-06-27 15:30,NOx,28.73
한국중부발전㈜보령발전본부,3,2018-06-27 16:00,TSP,4.66
한국중부발전㈜보령발전본부,3,2018-06-27 16:00,SOx,22.2
한국중부발전㈜보령발전본부,3,2018-06-27 16:00,NOx,31.9
한국중부발전㈜보령발전본부,3,2018-06-27 16:30,TSP,4.31
한국중부발전㈜보령발전본부,3,2018-06-27 16:30,SOx,21.95
한국중부발전㈜보령발전본부,3,2018-06-27 16:30,NOx,27.44
한국중부발전㈜보령발전본부,3,2018-06-27 17:00,TSP,4.27
한국중부발전㈜보령발전본부,3,2018-06-27 17:00,SOx,22.35
한국중부발전㈜보령발전본부,3,2018-06-27 17:00,NOx,27.7
한국중부발전㈜보령발전본부,3,2018-06-27 17:30,TSP,4.24
한국중부발전㈜보령발전본부,3,2018-06-27 17:30,SOx,22.75
한국중부발전㈜보령발전본부,3,2018-06-27 17:30,NOx,28.81
한국중부발전㈜보령발전본부,3,2018-06-27 18:00,TSP,4.24
한국중부발전㈜보령발전본부,3,2018-06-27 18:00,SOx,23.65
한국중부발전㈜보령발전본부,3,2018-06-27 18:00,NOx,29.11
한국중부발전㈜보령발전본부,3,2018-06-27 18:30,TSP,4.18
한국중부발전㈜보령발전본부,3,2018-06-27 18:30,SOx,22.83
한국중부발전㈜보령발전본부,3,2018-06-27 18:30,NOx,27.13
한국중부발전㈜보령발전본부,3,2018-06-27 19:00,TSP,4.27
한국중부발전㈜보령발전본부,3,2018-06-27 19:00,SOx,23.02
한국중부발전㈜보령발전본부,3,2018-06-27 19:00,NOx,29.06
한국중부발전㈜보령발전본부,3,2018-06-27 19:30,TSP,4.2
한국중부발전㈜보령발전본부,3,2018-06-27 19:30,SOx,22.19
한국중부발전㈜보령발전본부,3,2018-06-27 19:30,NOx,27.1
한국중부발전㈜보령발전본부,3,2018-06-27 20:00,TSP,4.16
한국중부발전㈜보령발전본부,3,2018-06-27 20:00,SOx,22.61
한국중부발전㈜보령발전본부,3,2018-06-27 20:00,NOx,26.82
한국중부발전㈜보령발전본부,3,2018-06-27 20:30,TSP,4.19
한국중부발전㈜보령발전본부,3,2018-06-27 20:30,SOx,22.59
한국중부발전㈜보령발전본부,3,2018-06-27 20:30,NOx,28.89
한국중부발전㈜보령발전본부,3,2018-06-27 21:00,TSP,4.14
한국중부발전㈜보령발전본부,3,2018-06-27 21:00,SOx,23.5
한국중부발전㈜보령발전본부,3,2018-06-27 21:00,NOx,27.16
한국중부발전㈜보령발전본부,3,2018-06-27 21:30,TSP,4.18
한국중부발전㈜보령발전본부,3,2018-06-27 21:30,SOx,23.57
한국중부발전㈜보령발전본부,3,2018-06-27 21:30,NOx,27.38
한국중부발전㈜보령발전본부,3,2018-06-27 22:00,TSP,4.17
한국중부발전㈜보령발전본부,3,2018-06-27 22:00,SOx,25.67
한국중부발전㈜보령발전본부,3,2018-06-27 22:00,NOx,28.07
한국중부발전㈜보령발전본부,3,2018-06-27 22:30,TSP,4.15
한국중부발전㈜보령발전본부,3,2018-06-27 22:30,SOx,24.99
한국중부발전㈜보령발전본부,3,2018-06-27 22:30,NOx,29.64
한국중부발전㈜보령발전본부,3,2018-06-27 23:00,TSP,4.5
한국중부발전㈜보령발전본부,3,2018-06-27 23:00,SOx,27.25
한국중부발전㈜보령발전본부,3,2018-06-27 23:00,NOx,30.31
한국중부발전㈜보령발전본부,3,2018-06-27 23:30,TSP,4.28
한국중부발전㈜보령발전본부,3,2018-06-27 23:30,SOx,27.87
한국중부발전㈜보령발전본부,3,2018-06-27 23:30,NOx,29.1
한국중부발전㈜보령발전본부,3,2018-06-28 00:00,TSP,4.43
한국중부발전㈜보령발전본부,3,2018-06-28 00:00,SOx,29.38
한국중부발전㈜보령발전본부,3,2018-06-28 00:00,NOx,31.21
한국중부발전㈜보령발전본부,3,2018-06-28 00:30,TSP,4.46
한국중부발전㈜보령발전본부,3,2018-06-28 00:30,SOx,32.61
한국중부발전㈜보령발전본부,3,2018-06-28 00:30,NOx,29.64
한국중부발전㈜보령발전본부,3,2018-06-28 01:00,TSP,4.65
한국중부발전㈜보령발전본부,3,2018-06-28 01:00,SOx,33.15
한국중부발전㈜보령발전본부,3,2018-06-28 01:00,NOx,31.99
한국중부발전㈜보령발전본부,3,2018-06-28 01:30,TSP,4.6
한국중부발전㈜보령발전본부,3,2018-06-28 01:30,SOx,32.74
한국중부발전㈜보령발전본부,3,2018-06-28 01:30,NOx,32.21
한국중부발전㈜보령발전본부,3,2018-06-28 02:00,TSP,4.39
한국중부발전㈜보령발전본부,3,2018-06-28 02:00,SOx,33.81
한국중부발전㈜보령발전본부,3,2018-06-28 02:00,NOx,31.62
한국중부발전㈜보령발전본부,3,2018-06-28 02:30,TSP,4.4
한국중부발전㈜보령발전본부,3,2018-06-28 02:30,SOx,32.33
한국중부발전㈜보령발전본부,3,2018-06-28 02:30,NOx,33.77
한국중부발전㈜보령발전본부,3,2018-06-28 03:00,TSP,4.47
한국중부발전㈜보령발전본부,3,2018-06-28 03:00,SOx,31.58
한국중부발전㈜보령발전본부,3,2018-06-28 03:00,NOx,29.4
한국중부발전㈜보령발전본부,3,2018-06-28 03:30,TSP,4.42
한국중부발전㈜보령발전본부,3,2018-06-28 03:30,SOx,32.98
한국중부발전㈜보령발전본부,3,2018-06-28 03:30,NOx,33.2
한국중부발전㈜보령발전본부,3,2018-06-28 04:00,TSP,4.51
한국중부발전㈜보령발전본부,3,2018-06-28 04:00,SOx,31.86
한국중부발전㈜보령발전본부,3,2018-06-28 04:00,NOx,32.99
한국중부발전㈜보령발전본부,3,2018-06-28 04:30,TSP,4.56
한국중부발전㈜보령발전본부,3,2018-06-28 04:30,SOx,31.97
한국중부발전㈜보령발전본부,3,2018-06-28 04:30,NOx,35.09
한국중부발전㈜보령발전본부,3,2018-06-28 05:00,TSP,4.54
한국중부발전㈜보령발전본부,3,2018-06-28 05:00,SOx,32.39
한국중부발전㈜보령발전본부,3,2018-06-28 05:00,NOx,31.64
한국중부발전㈜보령발전본부,3,2018-06-28 05:30,TSP,4.77
한국중부발전㈜보령발전본부,3,2018-06-28 05:30,SOx,32.36
한국중부발전㈜보령발전본부,3,2018-06-28 05:30,NOx,31.94
한국중부발전㈜보령발전본부,3,2018-06-28 06:00,TSP,4.7
한국중부발전㈜보령발전본부,3,2018-06-28 06:00,SOx,32.56
한국중부발전㈜보령발전본부,3,2018-06-28 06:00,NOx,33.42
한국중부발전㈜보령발전본부,3,2018-06-28 06:30,TSP,4.84
한국중부발전㈜보령발전본부,3,2018-06-28 06:30,SOx,32.5
한국중부발전㈜보령발전본부,3,2018-06-28 06:30,NOx,33.03
한국중부발전㈜보령발전본부,3,2018-06-28 07:00,TSP,4.95
한국중부발전㈜보령발전본부,3,2018-06-28 07:00,SOx,33.26
한국중부발전㈜보령발전본부,3,2018-06-28 07:00,NOx,33.95
한국중부발전㈜보령발전본부,3,2018-06-28 07:30,TSP,5.09
한국중부발전㈜보령발전본부,3,2018-06-28 07:30,SOx,33.26
한국중부발전㈜보령발전본부,3,2018-06-28 07:30,NOx,33.46
한국중부발전㈜보령발전본부,3,2018-06-28 08:00,TSP,4.82
한국중부발전㈜보령발전본부,3,2018-06-28 08:00,SOx,32.79
한국중부발전㈜보령발전본부,3,2018-06-28 08:00,NOx,35.98
한국중부발전㈜보령발전본부,3,2018-06-28 08:30,TSP,4.81
한국중부발전㈜보령발전본부,3,2018-06-28 08:30,SOx,33.03
한국중부발전㈜보령발전본부,3,2018-06-28 08:30,NOx,32.86
한국중부발전㈜보령발전본부,3,2018-06-28 09:00,TSP,4.84
한국중부발전㈜보령발전본부,3,2018-06-28 09:00,SOx,34.1
한국중부발전㈜보령발전본부,3,2018-06-28 09:00,NOx,41.02
한국중부발전㈜보령발전본부,3,2018-06-28 09:30,TSP,4.92
한국중부발전㈜보령발전본부,3,2018-06-28 09:30,SOx,34.5
한국중부발전㈜보령발전본부,3,2018-06-28 09:30,NOx,47.19
한국중부발전㈜보령발전본부,3,2018-06-28 10:00,TSP,4.88
한국중부발전㈜보령발전본부,3,2018-06-28 10:00,SOx,34.29
한국중부발전㈜보령발전본부,3,2018-06-28 10:00,NOx,47.94
한국중부발전㈜보령발전본부,3,2018-06-28 10:30,TSP,4.65
한국중부발전㈜보령발전본부,3,2018-06-28 10:30,SOx,34.44
한국중부발전㈜보령발전본부,3,2018-06-28 10:30,NOx,31.09
한국중부발전㈜보령발전본부,3,2018-06-28 11:00,TSP,4.91
한국중부발전㈜보령발전본부,3,2018-06-28 11:00,SOx,34.53
한국중부발전㈜보령발전본부,3,2018-06-28 11:00,NOx,30.68
한국중부발전㈜보령발전본부,3,2018-06-28 11:30,TSP,4.85
한국중부발전㈜보령발전본부,3,2018-06-28 11:30,SOx,34.49
한국중부발전㈜보령발전본부,3,2018-06-28 11:30,NOx,30.25
한국중부발전㈜보령발전본부,3,2018-06-28 12:00,TSP,4.82
한국중부발전㈜보령발전본부,3,2018-06-28 12:00,SOx,35.2
한국중부발전㈜보령발전본부,3,2018-06-28 12:00,NOx,31.88
한국중부발전㈜보령발전본부,3,2018-06-28 12:30,TSP,4.86
한국중부발전㈜보령발전본부,3,2018-06-28 12:30,SOx,34.85
한국중부발전㈜보령발전본부,3,2018-06-28 12:30,NOx,30.88
한국중부발전㈜보령발전본부,3,2018-06-28 13:00,TSP,4.92
한국중부발전㈜보령발전본부,3,2018-06-28 13:00,SOx,35.25
한국중부발전㈜보령발전본부,3,2018-06-28 13:00,NOx,30.29
한국중부발전㈜보령발전본부,3,2018-06-28 13:30,TSP,4.86
한국중부발전㈜보령발전본부,3,2018-06-28 13:30,SOx,35.1
한국중부발전㈜보령발전본부,3,2018-06-28 13:30,NOx,30.74
한국중부발전㈜보령발전본부,3,2018-06-28 14:00,TSP,4.57
한국중부발전㈜보령발전본부,3,2018-06-28 14:00,SOx,35.1
한국중부발전㈜보령발전본부,3,2018-06-28 14:00,NOx,30.74
한국중부발전㈜보령발전본부,3,2018-06-28 14:30,TSP,4.6
한국중부발전㈜보령발전본부,3,2018-06-28 14:30,SOx,35.1
한국중부발전㈜보령발전본부,3,2018-06-28 14:30,NOx,30.74
한국중부발전㈜보령발전본부,3,2018-06-28 15:00,TSP,4.66
한국중부발전㈜보령발전본부,3,2018-06-28 15:00,SOx,33.68
한국중부발전㈜보령발전본부,3,2018-06-28 15:00,NOx,30.57
한국중부발전㈜보령발전본부,3,2018-06-28 15:30,TSP,4.68
한국중부발전㈜보령발전본부,3,2018-06-28 15:30,SOx,34.06
한국중부발전㈜보령발전본부,3,2018-06-28 15:30,NOx,28.62
한국중부발전㈜보령발전본부,3,2018-06-28 16:00,TSP,4.71
한국중부발전㈜보령발전본부,3,2018-06-28 16:00,SOx,35.02
한국중부발전㈜보령발전본부,3,2018-06-28 16:00,NOx,26.75
한국중부발전㈜보령발전본부,3,2018-06-28 16:30,TSP,4.67
한국중부발전㈜보령발전본부,3,2018-06-28 16:30,SOx,35.26
한국중부발전㈜보령발전본부,3,2018-06-28 16:30,NOx,28.88
한국중부발전㈜보령발전본부,3,2018-06-28 17:00,TSP,4.62
한국중부발전㈜보령발전본부,3,2018-06-28 17:00,SOx,35.35
한국중부발전㈜보령발전본부,3,2018-06-28 17:00,NOx,29.42
한국중부발전㈜보령발전본부,3,2018-06-28 17:30,TSP,4.8
한국중부발전㈜보령발전본부,3,2018-06-28 17:30,SOx,35.59
한국중부발전㈜보령발전본부,3,2018-06-28 17:30,NOx,27.97
한국중부발전㈜보령발전본부,3,2018-06-28 18:00,TSP,4.7
한국중부발전㈜보령발전본부,3,2018-06-28 18:00,SOx,35.1
한국중부발전㈜보령발전본부,3,2018-06-28 18:00,NOx,28.19
한국중부발전㈜보령발전본부,3,2018-06-28 18:30,TSP,4.74
한국중부발전㈜보령발전본부,3,2018-06-28 18:30,SOx,34.88
한국중부발전㈜보령발전본부,3,2018-06-28 18:30,NOx,28.53
한국중부발전㈜보령발전본부,3,2018-06-28 19:00,TSP,4.73
한국중부발전㈜보령발전본부,3,2018-06-28 19:00,SOx,35.32
한국중부발전㈜보령발전본부,3,2018-06-28 19:00,NOx,28.18
한국중부발전㈜보령발전본부,3,2018-06-28 19:30,TSP,4.75
한국중부발전㈜보령발전본부,3,2018-06-28 19:30,SOx,35.14
한국중부발전㈜보령발전본부,3,2018-06-28 19:30,NOx,26.17
한국중부발전㈜보령발전본부,3,2018-06-28 20:00,TSP,4.54
한국중부발전㈜보령발전본부,3,2018-06-28 20:00,SOx,35.55
한국중부발전㈜보령발전본부,3,2018-06-28 20:00,NOx,24.94
한국중부발전㈜보령발전본부,3,2018-06-28 20:30,TSP,4.38
한국중부발전㈜보령발전본부,3,2018-06-28 20:30,SOx,34.67
한국중부발전㈜보령발전본부,3,2018-06-28 20:30,NOx,25.19
한국중부발전㈜보령발전본부,3,2018-06-28 21:00,TSP,4.37
한국중부발전㈜보령발전본부,3,2018-06-28 21:00,SOx,35.35
한국중부발전㈜보령발전본부,3,2018-06-28 21:00,NOx,25.36
한국중부발전㈜보령발전본부,3,2018-06-28 21:30,TSP,4.34
한국중부발전㈜보령발전본부,3,2018-06-28 21:30,SOx,34.62
한국중부발전㈜보령발전본부,3,2018-06-28 21:30,NOx,26.24
한국중부발전㈜보령발전본부,3,2018-06-28 22:00,TSP,4.33
한국중부발전㈜보령발전본부,3,2018-06-28 22:00,SOx,35.17
한국중부발전㈜보령발전본부,3,2018-06-28 22:00,NOx,26.05
한국중부발전㈜보령발전본부,3,2018-06-28 22:30,TSP,4.4
한국중부발전㈜보령발전본부,3,2018-06-28 22:30,SOx,34.88
한국중부발전㈜보령발전본부,3,2018-06-28 22:30,NOx,27.14
한국중부발전㈜보령발전본부,3,2018-06-28 23:00,TSP,4.49
한국중부발전㈜보령발전본부,3,2018-06-28 23:00,SOx,35.37
한국중부발전㈜보령발전본부,3,2018-06-28 23:00,NOx,26.92
한국중부발전㈜보령발전본부,3,2018-06-28 23:30,TSP,4.6
한국중부발전㈜보령발전본부,3,2018-06-28 23:30,SOx,34.82
한국중부발전㈜보령발전본부,3,2018-06-28 23:30,NOx,26.23
한국중부발전㈜보령발전본부,3,2018-06-29 00:00,TSP,4.59
한국중부발전㈜보령발전본부,3,2018-06-29 00:00,SOx,35.16
한국중부발전㈜보령발전본부,3,2018-06-29 00:00,NOx,27.42
한국중부발전㈜보령발전본부,3,2018-06-29 00:30,TSP,4.68
한국중부발전㈜보령발전본부,3,2018-06-29 00:30,SOx,35.01
한국중부발전㈜보령발전본부,3,2018-06-29 00:30,NOx,27.09
한국중부발전㈜보령발전본부,3,2018-06-29 01:00,TSP,4.77
한국중부발전㈜보령발전본부,3,2018-06-29 01:00,SOx,33.84
한국중부발전㈜보령발전본부,3,2018-06-29 01:00,NOx,25.82
한국중부발전㈜보령발전본부,3,2018-06-29 01:30,TSP,4.88
한국중부발전㈜보령발전본부,3,2018-06-29 01:30,SOx,35.01
한국중부발전㈜보령발전본부,3,2018-06-29 01:30,NOx,24.47
한국중부발전㈜보령발전본부,3,2018-06-29 02:00,TSP,4.59
한국중부발전㈜보령발전본부,3,2018-06-29 02:00,SOx,34.79
한국중부발전㈜보령발전본부,3,2018-06-29 02:00,NOx,27.14
한국중부발전㈜보령발전본부,3,2018-06-29 02:30,TSP,4.49
한국중부발전㈜보령발전본부,3,2018-06-29 02:30,SOx,34.14
한국중부발전㈜보령발전본부,3,2018-06-29 02:30,NOx,25.33
한국중부발전㈜보령발전본부,3,2018-06-29 03:00,TSP,4.47
한국중부발전㈜보령발전본부,3,2018-06-29 03:00,SOx,34.31
한국중부발전㈜보령발전본부,3,2018-06-29 03:00,NOx,24.45
한국중부발전㈜보령발전본부,3,2018-06-29 03:30,TSP,4.53
한국중부발전㈜보령발전본부,3,2018-06-29 03:30,SOx,35.14
한국중부발전㈜보령발전본부,3,2018-06-29 03:30,NOx,25.65
한국중부발전㈜보령발전본부,3,2018-06-29 04:00,TSP,4.51
한국중부발전㈜보령발전본부,3,2018-06-29 04:00,SOx,33.73
한국중부발전㈜보령발전본부,3,2018-06-29 04:00,NOx,25.55
한국중부발전㈜보령발전본부,3,2018-06-29 04:30,TSP,4.5
한국중부발전㈜보령발전본부,3,2018-06-29 04:30,SOx,34.46
한국중부발전㈜보령발전본부,3,2018-06-29 04:30,NOx,25.82
한국중부발전㈜보령발전본부,3,2018-06-29 05:00,TSP,4.52
한국중부발전㈜보령발전본부,3,2018-06-29 05:00,SOx,33.76
한국중부발전㈜보령발전본부,3,2018-06-29 05:00,NOx,28.25
한국중부발전㈜보령발전본부,3,2018-06-29 05:30,TSP,4.44
한국중부발전㈜보령발전본부,3,2018-06-29 05:30,SOx,34.59
한국중부발전㈜보령발전본부,3,2018-06-29 05:30,NOx,25.84
한국중부발전㈜보령발전본부,3,2018-06-29 06:00,TSP,4.51
한국중부발전㈜보령발전본부,3,2018-06-29 06:00,SOx,34.59
한국중부발전㈜보령발전본부,3,2018-06-29 06:00,NOx,26.64
한국중부발전㈜보령발전본부,3,2018-06-29 06:30,TSP,4.46
한국중부발전㈜보령발전본부,3,2018-06-29 06:30,SOx,35.11
한국중부발전㈜보령발전본부,3,2018-06-29 06:30,NOx,27.04
한국중부발전㈜보령발전본부,3,2018-06-29 07:00,TSP,4.52
한국중부발전㈜보령발전본부,3,2018-06-29 07:00,SOx,34.44
한국중부발전㈜보령발전본부,3,2018-06-29 07:00,NOx,25.76
한국중부발전㈜보령발전본부,3,2018-06-29 07:30,TSP,4.78
한국중부발전㈜보령발전본부,3,2018-06-29 07:30,SOx,33.86
한국중부발전㈜보령발전본부,3,2018-06-29 07:30,NOx,26.76
한국중부발전㈜보령발전본부,3,2018-06-29 08:00,TSP,4.59
한국중부발전㈜보령발전본부,3,2018-06-29 08:00,SOx,34.06
한국중부발전㈜보령발전본부,3,2018-06-29 08:00,NOx,26.68
한국중부발전㈜보령발전본부,3,2018-06-29 08:30,TSP,4.74
한국중부발전㈜보령발전본부,3,2018-06-29 08:30,SOx,35.62
한국중부발전㈜보령발전본부,3,2018-06-29 08:30,NOx,36.66
한국중부발전㈜보령발전본부,3,2018-06-29 09:00,TSP,4.84
한국중부발전㈜보령발전본부,3,2018-06-29 09:00,SOx,33.97
한국중부발전㈜보령발전본부,3,2018-06-29 09:00,NOx,35.36
한국중부발전㈜보령발전본부,3,2018-06-29 09:30,TSP,4.9
한국중부발전㈜보령발전본부,3,2018-06-29 09:30,SOx,33.46
한국중부발전㈜보령발전본부,3,2018-06-29 09:30,NOx,24.53
한국중부발전㈜보령발전본부,3,2018-06-29 10:00,TSP,4.98
한국중부발전㈜보령발전본부,3,2018-06-29 10:00,SOx,33.36
한국중부발전㈜보령발전본부,3,2018-06-29 10:00,NOx,25.72
한국중부발전㈜보령발전본부,3,2018-06-29 10:30,TSP,4.8
한국중부발전㈜보령발전본부,3,2018-06-29 10:30,SOx,33.15
한국중부발전㈜보령발전본부,3,2018-06-29 10:30,NOx,26.91
한국중부발전㈜보령발전본부,3,2018-06-29 11:00,TSP,4.96
한국중부발전㈜보령발전본부,3,2018-06-29 11:00,SOx,33.09
한국중부발전㈜보령발전본부,3,2018-06-29 11:00,NOx,24.25
한국중부발전㈜보령발전본부,3,2018-06-29 11:30,TSP,4.93
한국중부발전㈜보령발전본부,3,2018-06-29 11:30,SOx,33.16
한국중부발전㈜보령발전본부,3,2018-06-29 11:30,NOx,26.35
한국중부발전㈜보령발전본부,3,2018-06-29 12:00,TSP,5.18
한국중부발전㈜보령발전본부,3,2018-06-29 12:00,SOx,33.05
한국중부발전㈜보령발전본부,3,2018-06-29 12:00,NOx,24.7
한국중부발전㈜보령발전본부,3,2018-06-29 12:30,TSP,5.29
한국중부발전㈜보령발전본부,3,2018-06-29 12:30,SOx,32.37
한국중부발전㈜보령발전본부,3,2018-06-29 12:30,NOx,25.46
한국중부발전㈜보령발전본부,3,2018-06-29 13:00,TSP,5.25
한국중부발전㈜보령발전본부,3,2018-06-29 13:00,SOx,33.78
한국중부발전㈜보령발전본부,3,2018-06-29 13:00,NOx,27.25
한국중부발전㈜보령발전본부,3,2018-06-29 13:30,TSP,5.07
한국중부발전㈜보령발전본부,3,2018-06-29 13:30,SOx,33.77
한국중부발전㈜보령발전본부,3,2018-06-29 13:30,NOx,26.76
한국중부발전㈜보령발전본부,3,2018-06-29 14:00,TSP,5.18
한국중부발전㈜보령발전본부,3,2018-06-29 14:00,SOx,33.77
한국중부발전㈜보령발전본부,3,2018-06-29 14:00,NOx,26.76
한국중부발전㈜보령발전본부,3,2018-06-29 14:30,TSP,5.25
한국중부발전㈜보령발전본부,3,2018-06-29 14:30,SOx,33.77
한국중부발전㈜보령발전본부,3,2018-06-29 14:30,NOx,26.76
한국중부발전㈜보령발전본부,3,2018-06-29 15:00,TSP,5.3
한국중부발전㈜보령발전본부,3,2018-06-29 15:00,SOx,33.07
한국중부발전㈜보령발전본부,3,2018-06-29 15:00,NOx,23.54
한국중부발전㈜보령발전본부,3,2018-06-29 15:30,TSP,4.99
한국중부발전㈜보령발전본부,3,2018-06-29 15:30,SOx,32.97
한국중부발전㈜보령발전본부,3,2018-06-29 15:30,NOx,25.46
한국중부발전㈜보령발전본부,3,2018-06-29 16:00,TSP,4.89
한국중부발전㈜보령발전본부,3,2018-06-29 16:00,SOx,33.15
한국중부발전㈜보령발전본부,3,2018-06-29 16:00,NOx,26.76
한국중부발전㈜보령발전본부,3,2018-06-29 16:30,TSP,4.68
한국중부발전㈜보령발전본부,3,2018-06-29 16:30,SOx,34.55
한국중부발전㈜보령발전본부,3,2018-06-29 16:30,NOx,24.32
한국중부발전㈜보령발전본부,3,2018-06-29 17:00,TSP,4.62
한국중부발전㈜보령발전본부,3,2018-06-29 17:00,SOx,35.04
한국중부발전㈜보령발전본부,3,2018-06-29 17:00,NOx,23.64
한국중부발전㈜보령발전본부,3,2018-06-29 17:30,TSP,4.43
한국중부발전㈜보령발전본부,3,2018-06-29 17:30,SOx,35.66
한국중부발전㈜보령발전본부,3,2018-06-29 17:30,NOx,24.48
한국중부발전㈜보령발전본부,3,2018-06-29 18:00,TSP,4.45
한국중부발전㈜보령발전본부,3,2018-06-29 18:00,SOx,34.85
한국중부발전㈜보령발전본부,3,2018-06-29 18:00,NOx,23.88
한국중부발전㈜보령발전본부,3,2018-06-29 18:30,TSP,4.62
한국중부발전㈜보령발전본부,3,2018-06-29 18:30,SOx,34.74
한국중부발전㈜보령발전본부,3,2018-06-29 18:30,NOx,24.92
한국중부발전㈜보령발전본부,3,2018-06-29 19:00,TSP,4.62
한국중부발전㈜보령발전본부,3,2018-06-29 19:00,SOx,33.79
한국중부발전㈜보령발전본부,3,2018-06-29 19:00,NOx,25.29
한국중부발전㈜보령발전본부,3,2018-06-29 19:30,TSP,4.72
한국중부발전㈜보령발전본부,3,2018-06-29 19:30,SOx,33.48
한국중부발전㈜보령발전본부,3,2018-06-29 19:30,NOx,27.55
한국중부발전㈜보령발전본부,3,2018-06-29 20:00,TSP,4.71
한국중부발전㈜보령발전본부,3,2018-06-29 20:00,SOx,33.67
한국중부발전㈜보령발전본부,3,2018-06-29 20:00,NOx,27.65
한국중부발전㈜보령발전본부,3,2018-06-29 20:30,TSP,4.7
한국중부발전㈜보령발전본부,3,2018-06-29 20:30,SOx,35.1
한국중부발전㈜보령발전본부,3,2018-06-29 20:30,NOx,27.22
한국중부발전㈜보령발전본부,3,2018-06-29 21:00,TSP,4.62
한국중부발전㈜보령발전본부,3,2018-06-29 21:00,SOx,35.11
한국중부발전㈜보령발전본부,3,2018-06-29 21:00,NOx,25.97
한국중부발전㈜보령발전본부,3,2018-06-29 21:30,TSP,4.52
한국중부발전㈜보령발전본부,3,2018-06-29 21:30,SOx,36.86
한국중부발전㈜보령발전본부,3,2018-06-29 21:30,NOx,25.27
한국중부발전㈜보령발전본부,3,2018-06-29 22:00,TSP,4.47
한국중부발전㈜보령발전본부,3,2018-06-29 22:00,SOx,36.3
한국중부발전㈜보령발전본부,3,2018-06-29 22:00,NOx,27.9
한국중부발전㈜보령발전본부,3,2018-06-29 22:30,TSP,4.51
한국중부발전㈜보령발전본부,3,2018-06-29 22:30,SOx,36.69
한국중부발전㈜보령발전본부,3,2018-06-29 22:30,NOx,26.52
한국중부발전㈜보령발전본부,3,2018-06-29 23:00,TSP,4.49
한국중부발전㈜보령발전본부,3,2018-06-29 23:00,SOx,37.47
한국중부발전㈜보령발전본부,3,2018-06-29 23:00,NOx,25.25
한국중부발전㈜보령발전본부,3,2018-06-29 23:30,TSP,4.45
한국중부발전㈜보령발전본부,3,2018-06-29 23:30,SOx,37.34
한국중부발전㈜보령발전본부,3,2018-06-29 23:30,NOx,27.13
한국중부발전㈜보령발전본부,3,2018-06-30 00:00,TSP,4.45
한국중부발전㈜보령발전본부,3,2018-06-30 00:00,SOx,36.65
한국중부발전㈜보령발전본부,3,2018-06-30 00:00,NOx,25.33
한국중부발전㈜보령발전본부,3,2018-06-30 00:30,TSP,4.62
한국중부발전㈜보령발전본부,3,2018-06-30 00:30,SOx,36.39
한국중부발전㈜보령발전본부,3,2018-06-30 00:30,NOx,25.17
한국중부발전㈜보령발전본부,3,2018-06-30 01:00,TSP,4.41
한국중부발전㈜보령발전본부,3,2018-06-30 01:00,SOx,33.17
한국중부발전㈜보령발전본부,3,2018-06-30 01:00,NOx,24.59
한국중부발전㈜보령발전본부,3,2018-06-30 01:30,TSP,4.4
한국중부발전㈜보령발전본부,3,2018-06-30 01:30,SOx,31.49
한국중부발전㈜보령발전본부,3,2018-06-30 01:30,NOx,21.92
한국중부발전㈜보령발전본부,3,2018-06-30 02:00,TSP,4.39
한국중부발전㈜보령발전본부,3,2018-06-30 02:00,SOx,33.44
한국중부발전㈜보령발전본부,3,2018-06-30 02:00,NOx,23.85
한국중부발전㈜보령발전본부,3,2018-06-30 02:30,TSP,4.45
한국중부발전㈜보령발전본부,3,2018-06-30 02:30,SOx,33.19
한국중부발전㈜보령발전본부,3,2018-06-30 02:30,NOx,23.49
한국중부발전㈜보령발전본부,3,2018-06-30 03:00,TSP,4.31
한국중부발전㈜보령발전본부,3,2018-06-30 03:00,SOx,33.06
한국중부발전㈜보령발전본부,3,2018-06-30 03:00,NOx,21.56
한국중부발전㈜보령발전본부,3,2018-06-30 03:30,TSP,4.25
한국중부발전㈜보령발전본부,3,2018-06-30 03:30,SOx,34.99
한국중부발전㈜보령발전본부,3,2018-06-30 03:30,NOx,24.73
한국중부발전㈜보령발전본부,3,2018-06-30 04:00,TSP,4.24
한국중부발전㈜보령발전본부,3,2018-06-30 04:00,SOx,35.92
한국중부발전㈜보령발전본부,3,2018-06-30 04:00,NOx,25.26
한국중부발전㈜보령발전본부,3,2018-06-30 04:30,TSP,4.36
한국중부발전㈜보령발전본부,3,2018-06-30 04:30,SOx,35.02
한국중부발전㈜보령발전본부,3,2018-06-30 04:30,NOx,24.76
한국중부발전㈜보령발전본부,3,2018-06-30 05:00,TSP,4.34
한국중부발전㈜보령발전본부,3,2018-06-30 05:00,SOx,33.92
한국중부발전㈜보령발전본부,3,2018-06-30 05:00,NOx,25.38
한국중부발전㈜보령발전본부,3,2018-06-30 05:30,TSP,4.36
한국중부발전㈜보령발전본부,3,2018-06-30 05:30,SOx,34.89
한국중부발전㈜보령발전본부,3,2018-06-30 05:30,NOx,27.33
한국중부발전㈜보령발전본부,3,2018-06-30 06:00,TSP,4.42
한국중부발전㈜보령발전본부,3,2018-06-30 06:00,SOx,34.19
한국중부발전㈜보령발전본부,3,2018-06-30 06:00,NOx,25.94
한국중부발전㈜보령발전본부,3,2018-06-30 06:30,TSP,4.47
한국중부발전㈜보령발전본부,3,2018-06-30 06:30,SOx,33.71
한국중부발전㈜보령발전본부,3,2018-06-30 06:30,NOx,26.15
한국중부발전㈜보령발전본부,3,2018-06-30 07:00,TSP,4.48
한국중부발전㈜보령발전본부,3,2018-06-30 07:00,SOx,34.08
한국중부발전㈜보령발전본부,3,2018-06-30 07:00,NOx,24.4
한국중부발전㈜보령발전본부,3,2018-06-30 07:30,TSP,4.51
한국중부발전㈜보령발전본부,3,2018-06-30 07:30,SOx,31.56
한국중부발전㈜보령발전본부,3,2018-06-30 07:30,NOx,26.1
한국중부발전㈜보령발전본부,3,2018-06-30 08:00,TSP,4.65
한국중부발전㈜보령발전본부,3,2018-06-30 08:00,SOx,32.31
한국중부발전㈜보령발전본부,3,2018-06-30 08:00,NOx,25.07
한국중부발전㈜보령발전본부,3,2018-06-30 08:30,TSP,4.53
한국중부발전㈜보령발전본부,3,2018-06-30 08:30,SOx,33.08
한국중부발전㈜보령발전본부,3,2018-06-30 08:30,NOx,30.93
한국중부발전㈜보령발전본부,3,2018-06-30 09:00,TSP,4.55
한국중부발전㈜보령발전본부,3,2018-06-30 09:00,SOx,33.8
한국중부발전㈜보령발전본부,3,2018-06-30 09:00,NOx,32.5
한국중부발전㈜보령발전본부,3,2018-06-30 09:30,TSP,4.62
한국중부발전㈜보령발전본부,3,2018-06-30 09:30,SOx,29.42
한국중부발전㈜보령발전본부,3,2018-06-30 09:30,NOx,28.09
한국중부발전㈜보령발전본부,3,2018-06-30 10:00,TSP,4.5
한국중부발전㈜보령발전본부,3,2018-06-30 10:00,SOx,30.82
한국중부발전㈜보령발전본부,3,2018-06-30 10:00,NOx,25.55
한국중부발전㈜보령발전본부,3,2018-06-30 10:30,TSP,4.68
한국중부발전㈜보령발전본부,3,2018-06-30 10:30,SOx,32.08
한국중부발전㈜보령발전본부,3,2018-06-30 10:30,NOx,25.93
한국중부발전㈜보령발전본부,3,2018-06-30 11:00,TSP,5.12
한국중부발전㈜보령발전본부,3,2018-06-30 11:00,SOx,31.35
한국중부발전㈜보령발전본부,3,2018-06-30 11:00,NOx,27.11
한국중부발전㈜보령발전본부,3,2018-06-30 11:30,TSP,4.89
한국중부발전㈜보령발전본부,3,2018-06-30 11:30,SOx,30.75
한국중부발전㈜보령발전본부,3,2018-06-30 11:30,NOx,25.39
한국중부발전㈜보령발전본부,3,2018-06-30 12:00,TSP,4.96
한국중부발전㈜보령발전본부,3,2018-06-30 12:00,SOx,30.52
한국중부발전㈜보령발전본부,3,2018-06-30 12:00,NOx,26.45
한국중부발전㈜보령발전본부,3,2018-06-30 12:30,TSP,5.01
한국중부발전㈜보령발전본부,3,2018-06-30 12:30,SOx,29.87
한국중부발전㈜보령발전본부,3,2018-06-30 12:30,NOx,26.46
한국중부발전㈜보령발전본부,3,2018-06-30 13:00,TSP,5.09
한국중부발전㈜보령발전본부,3,2018-06-30 13:00,SOx,29.39
한국중부발전㈜보령발전본부,3,2018-06-30 13:00,NOx,27.49
한국중부발전㈜보령발전본부,3,2018-06-30 13:30,TSP,4.71
한국중부발전㈜보령발전본부,3,2018-06-30 13:30,SOx,30.68
한국중부발전㈜보령발전본부,3,2018-06-30 13:30,NOx,26.9
한국중부발전㈜보령발전본부,3,2018-06-30 14:00,TSP,4.61
한국중부발전㈜보령발전본부,3,2018-06-30 14:00,SOx,30.68
한국중부발전㈜보령발전본부,3,2018-06-30 14:00,NOx,26.9
한국중부발전㈜보령발전본부,3,2018-06-30 14:30,TSP,4.61
한국중부발전㈜보령발전본부,3,2018-06-30 14:30,SOx,28.82
한국중부발전㈜보령발전본부,3,2018-06-30 14:30,NOx,24.71
한국중부발전㈜보령발전본부,3,2018-06-30 15:00,TSP,4.57
한국중부발전㈜보령발전본부,3,2018-06-30 15:00,SOx,30.67
한국중부발전㈜보령발전본부,3,2018-06-30 15:00,NOx,27.6
한국중부발전㈜보령발전본부,3,2018-06-30 15:30,TSP,4.33
한국중부발전㈜보령발전본부,3,2018-06-30 15:30,SOx,31.6
한국중부발전㈜보령발전본부,3,2018-06-30 15:30,NOx,25.4
한국중부발전㈜보령발전본부,3,2018-06-30 16:00,TSP,4.25
한국중부발전㈜보령발전본부,3,2018-06-30 16:00,SOx,31.93
한국중부발전㈜보령발전본부,3,2018-06-30 16:00,NOx,24.93
한국중부발전㈜보령발전본부,3,2018-06-30 16:30,TSP,4.33
한국중부발전㈜보령발전본부,3,2018-06-30 16:30,SOx,32.99
한국중부발전㈜보령발전본부,3,2018-06-30 16:30,NOx,26.84
한국중부발전㈜보령발전본부,3,2018-06-30 17:00,TSP,4.28
한국중부발전㈜보령발전본부,3,2018-06-30 17:00,SOx,33.26
한국중부발전㈜보령발전본부,3,2018-06-30 17:00,NOx,25.7
한국중부발전㈜보령발전본부,3,2018-06-30 17:30,TSP,4.22
한국중부발전㈜보령발전본부,3,2018-06-30 17:30,SOx,33.66
한국중부발전㈜보령발전본부,3,2018-06-30 17:30,NOx,25.95
한국중부발전㈜보령발전본부,3,2018-06-30 18:00,TSP,4.27
한국중부발전㈜보령발전본부,3,2018-06-30 18:00,SOx,36.52
한국중부발전㈜보령발전본부,3,2018-06-30 18:00,NOx,26.63
한국중부발전㈜보령발전본부,3,2018-06-30 18:30,TSP,4.33
한국중부발전㈜보령발전본부,3,2018-06-30 18:30,SOx,38.38
한국중부발전㈜보령발전본부,3,2018-06-30 18:30,NOx,27.59
한국중부발전㈜보령발전본부,3,2018-06-30 19:00,TSP,4.67
한국중부발전㈜보령발전본부,3,2018-06-30 19:00,SOx,37.11
한국중부발전㈜보령발전본부,3,2018-06-30 19:00,NOx,26.83
한국중부발전㈜보령발전본부,3,2018-06-30 19:30,TSP,4.47
한국중부발전㈜보령발전본부,3,2018-06-30 19:30,SOx,37.33
한국중부발전㈜보령발전본부,3,2018-06-30 19:30,NOx,25.29
한국중부발전㈜보령발전본부,3,2018-06-30 20:00,TSP,4.52
한국중부발전㈜보령발전본부,3,2018-06-30 20:00,SOx,37.71
한국중부발전㈜보령발전본부,3,2018-06-30 20:00,NOx,25.09
한국중부발전㈜보령발전본부,3,2018-06-30 20:30,TSP,4.61
한국중부발전㈜보령발전본부,3,2018-06-30 20:30,SOx,38.69
한국중부발전㈜보령발전본부,3,2018-06-30 20:30,NOx,24.29
한국중부발전㈜보령발전본부,3,2018-06-30 21:00,TSP,4.9
한국중부발전㈜보령발전본부,3,2018-06-30 21:00,SOx,37.47
한국중부발전㈜보령발전본부,3,2018-06-30 21:00,NOx,26.19
한국중부발전㈜보령발전본부,3,2018-06-30 21:30,TSP,4.75
한국중부발전㈜보령발전본부,3,2018-06-30 21:30,SOx,37.34
한국중부발전㈜보령발전본부,3,2018-06-30 21:30,NOx,27.69
한국중부발전㈜보령발전본부,3,2018-06-30 22:00,TSP,4.56
한국중부발전㈜보령발전본부,3,2018-06-30 22:00,SOx,36.38
한국중부발전㈜보령발전본부,3,2018-06-30 22:00,NOx,27.2
한국중부발전㈜보령발전본부,3,2018-06-30 22:30,TSP,4.54
한국중부발전㈜보령발전본부,3,2018-06-30 22:30,SOx,37.56
한국중부발전㈜보령발전본부,3,2018-06-30 22:30,NOx,25.67
한국중부발전㈜보령발전본부,3,2018-06-30 23:00,TSP,4.46
한국중부발전㈜보령발전본부,3,2018-06-30 23:00,SOx,38.39
한국중부발전㈜보령발전본부,3,2018-06-30 23:00,NOx,26.94
한국중부발전㈜보령발전본부,3,2018-06-30 23:30,TSP,4.6
한국중부발전㈜보령발전본부,3,2018-06-30 23:30,SOx,36.81
한국중부발전㈜보령발전본부,3,2018-06-30 23:30,NOx,28.39
