사업장명,배출구,측정일시,"측정
항목",측정값
한국중부발전㈜보령발전본부,3,2025-01-01 00:00,TSP,1.89
한국중부발전㈜보령발전본부,3,2025-01-01 00:00,SOx,2.31
한국중부발전㈜보령발전본부,3,2025-01-01 00:00,NOx,4.81
한국중부발전㈜보령발전본부,3,2025-01-01 00:30,TSP,1.89
한국중부발전㈜보령발전본부,3,2025-01-01 00:30,SOx,2.21
한국중부발전㈜보령발전본부,3,2025-01-01 00:30,NOx,4.74
한국중부발전㈜보령발전본부,3,2025-01-01 01:00,TSP,1.86
한국중부발전㈜보령발전본부,3,2025-01-01 01:00,SOx,2.11
한국중부발전㈜보령발전본부,3,2025-01-01 01:00,NOx,4.79
한국중부발전㈜보령발전본부,3,2025-01-01 01:30,TSP,1.88
한국중부발전㈜보령발전본부,3,2025-01-01 01:30,SOx,2.18
한국중부발전㈜보령발전본부,3,2025-01-01 01:30,NOx,4.73
한국중부발전㈜보령발전본부,3,2025-01-01 02:00,TSP,1.91
한국중부발전㈜보령발전본부,3,2025-01-01 02:00,SOx,2.0
한국중부발전㈜보령발전본부,3,2025-01-01 02:00,NOx,4.86
한국중부발전㈜보령발전본부,3,2025-01-01 02:30,TSP,1.91
한국중부발전㈜보령발전본부,3,2025-01-01 02:30,SOx,2.13
한국중부발전㈜보령발전본부,3,2025-01-01 02:30,NOx,4.83
한국중부발전㈜보령발전본부,3,2025-01-01 03:00,TSP,1.9
한국중부발전㈜보령발전본부,3,2025-01-01 03:00,SOx,1.74
한국중부발전㈜보령발전본부,3,2025-01-01 03:00,NOx,4.04
한국중부발전㈜보령발전본부,3,2025-01-01 03:30,TSP,1.82
한국중부발전㈜보령발전본부,3,2025-01-01 03:30,SOx,1.72
한국중부발전㈜보령발전본부,3,2025-01-01 03:30,NOx,2.27
한국중부발전㈜보령발전본부,3,2025-01-01 04:00,TSP,1.83
한국중부발전㈜보령발전본부,3,2025-01-01 04:00,SOx,1.96
한국중부발전㈜보령발전본부,3,2025-01-01 04:00,NOx,2.03
한국중부발전㈜보령발전본부,3,2025-01-01 04:30,TSP,1.88
한국중부발전㈜보령발전본부,3,2025-01-01 04:30,SOx,1.84
한국중부발전㈜보령발전본부,3,2025-01-01 04:30,NOx,1.98
한국중부발전㈜보령발전본부,3,2025-01-01 05:00,TSP,1.88
한국중부발전㈜보령발전본부,3,2025-01-01 05:00,SOx,1.99
한국중부발전㈜보령발전본부,3,2025-01-01 05:00,NOx,1.86
한국중부발전㈜보령발전본부,3,2025-01-01 05:30,TSP,1.89
한국중부발전㈜보령발전본부,3,2025-01-01 05:30,SOx,1.98
한국중부발전㈜보령발전본부,3,2025-01-01 05:30,NOx,1.7
한국중부발전㈜보령발전본부,3,2025-01-01 06:00,TSP,1.9
한국중부발전㈜보령발전본부,3,2025-01-01 06:00,SOx,2.13
한국중부발전㈜보령발전본부,3,2025-01-01 06:00,NOx,1.79
한국중부발전㈜보령발전본부,3,2025-01-01 06:30,TSP,1.93
한국중부발전㈜보령발전본부,3,2025-01-01 06:30,SOx,1.99
한국중부발전㈜보령발전본부,3,2025-01-01 06:30,NOx,1.87
한국중부발전㈜보령발전본부,3,2025-01-01 07:00,TSP,1.95
한국중부발전㈜보령발전본부,3,2025-01-01 07:00,SOx,2.11
한국중부발전㈜보령발전본부,3,2025-01-01 07:00,NOx,1.93
한국중부발전㈜보령발전본부,3,2025-01-01 07:30,TSP,1.99
한국중부발전㈜보령발전본부,3,2025-01-01 07:30,SOx,1.97
한국중부발전㈜보령발전본부,3,2025-01-01 07:30,NOx,2.23
한국중부발전㈜보령발전본부,3,2025-01-01 08:00,TSP,2.06
한국중부발전㈜보령발전본부,3,2025-01-01 08:00,SOx,1.88
한국중부발전㈜보령발전본부,3,2025-01-01 08:00,NOx,2.17
한국중부발전㈜보령발전본부,3,2025-01-01 08:30,TSP,2.1
한국중부발전㈜보령발전본부,3,2025-01-01 08:30,SOx,1.66
한국중부발전㈜보령발전본부,3,2025-01-01 08:30,NOx,2.0
한국중부발전㈜보령발전본부,3,2025-01-01 09:00,TSP,2.18
한국중부발전㈜보령발전본부,3,2025-01-01 09:00,SOx,1.39
한국중부발전㈜보령발전본부,3,2025-01-01 09:00,NOx,2.17
한국중부발전㈜보령발전본부,3,2025-01-01 09:30,TSP,2.15
한국중부발전㈜보령발전본부,3,2025-01-01 09:30,SOx,1.41
한국중부발전㈜보령발전본부,3,2025-01-01 09:30,NOx,2.95
한국중부발전㈜보령발전본부,3,2025-01-01 10:00,TSP,1.86
한국중부발전㈜보령발전본부,3,2025-01-01 10:00,SOx,1.53
한국중부발전㈜보령발전본부,3,2025-01-01 10:00,NOx,3.03
한국중부발전㈜보령발전본부,3,2025-01-01 10:30,TSP,1.68
한국중부발전㈜보령발전본부,3,2025-01-01 10:30,SOx,1.48
한국중부발전㈜보령발전본부,3,2025-01-01 10:30,NOx,3.24
한국중부발전㈜보령발전본부,3,2025-01-01 11:00,TSP,1.76
한국중부발전㈜보령발전본부,3,2025-01-01 11:00,SOx,1.5
한국중부발전㈜보령발전본부,3,2025-01-01 11:00,NOx,3.71
한국중부발전㈜보령발전본부,3,2025-01-01 11:30,TSP,1.82
한국중부발전㈜보령발전본부,3,2025-01-01 11:30,SOx,1.38
한국중부발전㈜보령발전본부,3,2025-01-01 11:30,NOx,4.45
한국중부발전㈜보령발전본부,3,2025-01-01 12:00,TSP,1.78
한국중부발전㈜보령발전본부,3,2025-01-01 12:00,SOx,1.6
한국중부발전㈜보령발전본부,3,2025-01-01 12:00,NOx,4.6
한국중부발전㈜보령발전본부,3,2025-01-01 12:30,TSP,1.74
한국중부발전㈜보령발전본부,3,2025-01-01 12:30,SOx,1.59
한국중부발전㈜보령발전본부,3,2025-01-01 12:30,NOx,4.26
한국중부발전㈜보령발전본부,3,2025-01-01 13:00,TSP,1.88
한국중부발전㈜보령발전본부,3,2025-01-01 13:00,SOx,1.72
한국중부발전㈜보령발전본부,3,2025-01-01 13:00,NOx,4.29
한국중부발전㈜보령발전본부,3,2025-01-01 13:30,TSP,2.05
한국중부발전㈜보령발전본부,3,2025-01-01 13:30,SOx,1.86
한국중부발전㈜보령발전본부,3,2025-01-01 13:30,NOx,4.72
한국중부발전㈜보령발전본부,3,2025-01-01 14:00,TSP,2.75
한국중부발전㈜보령발전본부,3,2025-01-01 14:00,SOx,1.63
한국중부발전㈜보령발전본부,3,2025-01-01 14:00,NOx,4.96
한국중부발전㈜보령발전본부,3,2025-01-01 14:30,TSP,3.12
한국중부발전㈜보령발전본부,3,2025-01-01 14:30,SOx,1.9
한국중부발전㈜보령발전본부,3,2025-01-01 14:30,NOx,4.86
한국중부발전㈜보령발전본부,3,2025-01-01 15:00,TSP,3.05
한국중부발전㈜보령발전본부,3,2025-01-01 15:00,SOx,1.86
한국중부발전㈜보령발전본부,3,2025-01-01 15:00,NOx,4.86
한국중부발전㈜보령발전본부,3,2025-01-01 15:30,TSP,2.71
한국중부발전㈜보령발전본부,3,2025-01-01 15:30,SOx,1.88
한국중부발전㈜보령발전본부,3,2025-01-01 15:30,NOx,4.95
한국중부발전㈜보령발전본부,3,2025-01-01 16:00,TSP,2.79
한국중부발전㈜보령발전본부,3,2025-01-01 16:00,SOx,1.86
한국중부발전㈜보령발전본부,3,2025-01-01 16:00,NOx,5.09
한국중부발전㈜보령발전본부,3,2025-01-01 16:30,TSP,2.61
한국중부발전㈜보령발전본부,3,2025-01-01 16:30,SOx,1.78
한국중부발전㈜보령발전본부,3,2025-01-01 16:30,NOx,4.74
한국중부발전㈜보령발전본부,3,2025-01-01 17:00,TSP,2.72
한국중부발전㈜보령발전본부,3,2025-01-01 17:00,SOx,1.83
한국중부발전㈜보령발전본부,3,2025-01-01 17:00,NOx,4.97
한국중부발전㈜보령발전본부,3,2025-01-01 17:30,TSP,2.6
한국중부발전㈜보령발전본부,3,2025-01-01 17:30,SOx,1.74
한국중부발전㈜보령발전본부,3,2025-01-01 17:30,NOx,4.7
한국중부발전㈜보령발전본부,3,2025-01-01 18:00,TSP,2.65
한국중부발전㈜보령발전본부,3,2025-01-01 18:00,SOx,1.74
한국중부발전㈜보령발전본부,3,2025-01-01 18:00,NOx,4.95
한국중부발전㈜보령발전본부,3,2025-01-01 18:30,TSP,2.65
한국중부발전㈜보령발전본부,3,2025-01-01 18:30,SOx,1.72
한국중부발전㈜보령발전본부,3,2025-01-01 18:30,NOx,5.02
한국중부발전㈜보령발전본부,3,2025-01-01 19:00,TSP,2.51
한국중부발전㈜보령발전본부,3,2025-01-01 19:00,SOx,1.85
한국중부발전㈜보령발전본부,3,2025-01-01 19:00,NOx,5.05
한국중부발전㈜보령발전본부,3,2025-01-01 19:30,TSP,2.4
한국중부발전㈜보령발전본부,3,2025-01-01 19:30,SOx,1.86
한국중부발전㈜보령발전본부,3,2025-01-01 19:30,NOx,5.02
한국중부발전㈜보령발전본부,3,2025-01-01 20:00,TSP,2.35
한국중부발전㈜보령발전본부,3,2025-01-01 20:00,SOx,1.74
한국중부발전㈜보령발전본부,3,2025-01-01 20:00,NOx,5.11
한국중부발전㈜보령발전본부,3,2025-01-01 20:30,TSP,2.29
한국중부발전㈜보령발전본부,3,2025-01-01 20:30,SOx,1.7
한국중부발전㈜보령발전본부,3,2025-01-01 20:30,NOx,4.8
한국중부발전㈜보령발전본부,3,2025-01-01 21:00,TSP,2.26
한국중부발전㈜보령발전본부,3,2025-01-01 21:00,SOx,1.63
한국중부발전㈜보령발전본부,3,2025-01-01 21:00,NOx,4.99
한국중부발전㈜보령발전본부,3,2025-01-01 21:30,TSP,2.17
한국중부발전㈜보령발전본부,3,2025-01-01 21:30,SOx,1.62
한국중부발전㈜보령발전본부,3,2025-01-01 21:30,NOx,4.87
한국중부발전㈜보령발전본부,3,2025-01-01 22:00,TSP,2.06
한국중부발전㈜보령발전본부,3,2025-01-01 22:00,SOx,1.52
한국중부발전㈜보령발전본부,3,2025-01-01 22:00,NOx,5.03
한국중부발전㈜보령발전본부,3,2025-01-01 22:30,TSP,1.96
한국중부발전㈜보령발전본부,3,2025-01-01 22:30,SOx,1.63
한국중부발전㈜보령발전본부,3,2025-01-01 22:30,NOx,4.7
한국중부발전㈜보령발전본부,3,2025-01-01 23:00,TSP,1.9
한국중부발전㈜보령발전본부,3,2025-01-01 23:00,SOx,1.54
한국중부발전㈜보령발전본부,3,2025-01-01 23:00,NOx,4.71
한국중부발전㈜보령발전본부,3,2025-01-01 23:30,TSP,1.87
한국중부발전㈜보령발전본부,3,2025-01-01 23:30,SOx,1.63
한국중부발전㈜보령발전본부,3,2025-01-01 23:30,NOx,4.63
한국중부발전㈜보령발전본부,3,2025-01-02 00:00,TSP,1.83
한국중부발전㈜보령발전본부,3,2025-01-02 00:00,SOx,1.57
한국중부발전㈜보령발전본부,3,2025-01-02 00:00,NOx,4.48
한국중부발전㈜보령발전본부,3,2025-01-02 00:30,TSP,1.76
한국중부발전㈜보령발전본부,3,2025-01-02 00:30,SOx,1.56
한국중부발전㈜보령발전본부,3,2025-01-02 00:30,NOx,4.41
한국중부발전㈜보령발전본부,3,2025-01-02 01:00,TSP,1.7
한국중부발전㈜보령발전본부,3,2025-01-02 01:00,SOx,1.56
한국중부발전㈜보령발전본부,3,2025-01-02 01:00,NOx,4.71
한국중부발전㈜보령발전본부,3,2025-01-02 01:30,TSP,1.72
한국중부발전㈜보령발전본부,3,2025-01-02 01:30,SOx,1.45
한국중부발전㈜보령발전본부,3,2025-01-02 01:30,NOx,4.67
한국중부발전㈜보령발전본부,3,2025-01-02 02:00,TSP,1.69
한국중부발전㈜보령발전본부,3,2025-01-02 02:00,SOx,1.37
한국중부발전㈜보령발전본부,3,2025-01-02 02:00,NOx,4.5
한국중부발전㈜보령발전본부,3,2025-01-02 02:30,TSP,1.72
한국중부발전㈜보령발전본부,3,2025-01-02 02:30,SOx,1.43
한국중부발전㈜보령발전본부,3,2025-01-02 02:30,NOx,4.87
한국중부발전㈜보령발전본부,3,2025-01-02 03:00,TSP,1.83
한국중부발전㈜보령발전본부,3,2025-01-02 03:00,SOx,1.39
한국중부발전㈜보령발전본부,3,2025-01-02 03:00,NOx,4.88
한국중부발전㈜보령발전본부,3,2025-01-02 03:30,TSP,1.94
한국중부발전㈜보령발전본부,3,2025-01-02 03:30,SOx,1.42
한국중부발전㈜보령발전본부,3,2025-01-02 03:30,NOx,4.86
한국중부발전㈜보령발전본부,3,2025-01-02 04:00,TSP,2.01
한국중부발전㈜보령발전본부,3,2025-01-02 04:00,SOx,1.17
한국중부발전㈜보령발전본부,3,2025-01-02 04:00,NOx,4.25
한국중부발전㈜보령발전본부,3,2025-01-02 04:30,TSP,2.03
한국중부발전㈜보령발전본부,3,2025-01-02 04:30,SOx,1.1
한국중부발전㈜보령발전본부,3,2025-01-02 04:30,NOx,4.07
한국중부발전㈜보령발전본부,3,2025-01-02 05:00,TSP,2.07
한국중부발전㈜보령발전본부,3,2025-01-02 05:00,SOx,1.12
한국중부발전㈜보령발전본부,3,2025-01-02 05:00,NOx,4.51
한국중부발전㈜보령발전본부,3,2025-01-02 05:30,TSP,2.16
한국중부발전㈜보령발전본부,3,2025-01-02 05:30,SOx,1.22
한국중부발전㈜보령발전본부,3,2025-01-02 05:30,NOx,4.51
한국중부발전㈜보령발전본부,3,2025-01-02 06:00,TSP,2.34
한국중부발전㈜보령발전본부,3,2025-01-02 06:00,SOx,1.23
한국중부발전㈜보령발전본부,3,2025-01-02 06:00,NOx,4.82
한국중부발전㈜보령발전본부,3,2025-01-02 06:30,TSP,2.44
한국중부발전㈜보령발전본부,3,2025-01-02 06:30,SOx,1.12
한국중부발전㈜보령발전본부,3,2025-01-02 06:30,NOx,4.82
한국중부발전㈜보령발전본부,3,2025-01-02 07:00,TSP,2.65
한국중부발전㈜보령발전본부,3,2025-01-02 07:00,SOx,1.12
한국중부발전㈜보령발전본부,3,2025-01-02 07:00,NOx,4.88
한국중부발전㈜보령발전본부,3,2025-01-02 07:30,TSP,3.03
한국중부발전㈜보령발전본부,3,2025-01-02 07:30,SOx,1.02
한국중부발전㈜보령발전본부,3,2025-01-02 07:30,NOx,4.82
한국중부발전㈜보령발전본부,3,2025-01-02 08:00,TSP,3.4
한국중부발전㈜보령발전본부,3,2025-01-02 08:00,SOx,0.96
한국중부발전㈜보령발전본부,3,2025-01-02 08:00,NOx,4.57
한국중부발전㈜보령발전본부,3,2025-01-02 08:30,TSP,3.64
한국중부발전㈜보령발전본부,3,2025-01-02 08:30,SOx,0.8
한국중부발전㈜보령발전본부,3,2025-01-02 08:30,NOx,4.39
한국중부발전㈜보령발전본부,3,2025-01-02 09:00,TSP,3.64
한국중부발전㈜보령발전본부,3,2025-01-02 09:00,SOx,0.8
한국중부발전㈜보령발전본부,3,2025-01-02 09:00,NOx,4.39
한국중부발전㈜보령발전본부,3,2025-01-02 09:30,TSP,3.64
한국중부발전㈜보령발전본부,3,2025-01-02 09:30,SOx,0.8
한국중부발전㈜보령발전본부,3,2025-01-02 09:30,NOx,4.39
한국중부발전㈜보령발전본부,3,2025-01-02 10:00,TSP,3.64
한국중부발전㈜보령발전본부,3,2025-01-02 10:00,SOx,0.8
한국중부발전㈜보령발전본부,3,2025-01-02 10:00,NOx,4.39
한국중부발전㈜보령발전본부,3,2025-01-02 10:30,TSP,3.64
한국중부발전㈜보령발전본부,3,2025-01-02 10:30,SOx,0.8
한국중부발전㈜보령발전본부,3,2025-01-02 10:30,NOx,4.39
한국중부발전㈜보령발전본부,3,2025-01-02 11:00,TSP,3.64
한국중부발전㈜보령발전본부,3,2025-01-02 11:00,SOx,0.8
한국중부발전㈜보령발전본부,3,2025-01-02 11:00,NOx,4.39
한국중부발전㈜보령발전본부,3,2025-01-02 11:30,TSP,3.64
한국중부발전㈜보령발전본부,3,2025-01-02 11:30,SOx,0.8
한국중부발전㈜보령발전본부,3,2025-01-02 11:30,NOx,4.39
한국중부발전㈜보령발전본부,3,2025-01-02 12:00,TSP,3.64
한국중부발전㈜보령발전본부,3,2025-01-02 12:00,SOx,0.8
한국중부발전㈜보령발전본부,3,2025-01-02 12:00,NOx,4.39
한국중부발전㈜보령발전본부,3,2025-01-02 12:30,TSP,3.64
한국중부발전㈜보령발전본부,3,2025-01-02 12:30,SOx,0.8
한국중부발전㈜보령발전본부,3,2025-01-02 12:30,NOx,4.39
한국중부발전㈜보령발전본부,3,2025-01-02 13:00,TSP,3.64
한국중부발전㈜보령발전본부,3,2025-01-02 13:00,SOx,0.8
한국중부발전㈜보령발전본부,3,2025-01-02 13:00,NOx,4.39
한국중부발전㈜보령발전본부,3,2025-01-02 13:30,TSP,3.64
한국중부발전㈜보령발전본부,3,2025-01-02 13:30,SOx,0.8
한국중부발전㈜보령발전본부,3,2025-01-02 13:30,NOx,4.39
한국중부발전㈜보령발전본부,3,2025-01-02 14:00,TSP,3.64
한국중부발전㈜보령발전본부,3,2025-01-02 14:00,SOx,0.8
한국중부발전㈜보령발전본부,3,2025-01-02 14:00,NOx,4.39
한국중부발전㈜보령발전본부,3,2025-01-02 14:30,TSP,3.64
한국중부발전㈜보령발전본부,3,2025-01-02 14:30,SOx,0.8
한국중부발전㈜보령발전본부,3,2025-01-02 14:30,NOx,4.39
한국중부발전㈜보령발전본부,3,2025-01-02 15:00,TSP,3.64
한국중부발전㈜보령발전본부,3,2025-01-02 15:00,SOx,0.8
한국중부발전㈜보령발전본부,3,2025-01-02 15:00,NOx,4.39
한국중부발전㈜보령발전본부,3,2025-01-02 15:30,TSP,3.64
한국중부발전㈜보령발전본부,3,2025-01-02 15:30,SOx,0.8
한국중부발전㈜보령발전본부,3,2025-01-02 15:30,NOx,4.39
한국중부발전㈜보령발전본부,3,2025-01-02 16:00,TSP,3.64
한국중부발전㈜보령발전본부,3,2025-01-02 16:00,SOx,0.8
한국중부발전㈜보령발전본부,3,2025-01-02 16:00,NOx,4.39
한국중부발전㈜보령발전본부,3,2025-01-02 16:30,TSP,3.64
한국중부발전㈜보령발전본부,3,2025-01-02 16:30,SOx,0.8
한국중부발전㈜보령발전본부,3,2025-01-02 16:30,NOx,4.39
한국중부발전㈜보령발전본부,3,2025-01-02 17:00,TSP,3.64
한국중부발전㈜보령발전본부,3,2025-01-02 17:00,SOx,0.8
한국중부발전㈜보령발전본부,3,2025-01-02 17:00,NOx,4.39
한국중부발전㈜보령발전본부,3,2025-01-02 17:30,TSP,1.93
한국중부발전㈜보령발전본부,3,2025-01-02 17:30,SOx,2.64
한국중부발전㈜보령발전본부,3,2025-01-02 17:30,NOx,4.0
한국중부발전㈜보령발전본부,3,2025-01-02 18:00,TSP,2.56
한국중부발전㈜보령발전본부,3,2025-01-02 18:00,SOx,2.9
한국중부발전㈜보령발전본부,3,2025-01-02 18:00,NOx,4.22
한국중부발전㈜보령발전본부,3,2025-01-02 18:30,TSP,2.56
한국중부발전㈜보령발전본부,3,2025-01-02 18:30,SOx,2.75
한국중부발전㈜보령발전본부,3,2025-01-02 18:30,NOx,4.13
한국중부발전㈜보령발전본부,3,2025-01-02 19:00,TSP,2.96
한국중부발전㈜보령발전본부,3,2025-01-02 19:00,SOx,2.85
한국중부발전㈜보령발전본부,3,2025-01-02 19:00,NOx,3.94
한국중부발전㈜보령발전본부,3,2025-01-02 19:30,TSP,2.95
한국중부발전㈜보령발전본부,3,2025-01-02 19:30,SOx,2.74
한국중부발전㈜보령발전본부,3,2025-01-02 19:30,NOx,3.69
한국중부발전㈜보령발전본부,3,2025-01-02 20:00,TSP,2.95
한국중부발전㈜보령발전본부,3,2025-01-02 20:00,SOx,2.73
한국중부발전㈜보령발전본부,3,2025-01-02 20:00,NOx,4.29
한국중부발전㈜보령발전본부,3,2025-01-02 20:30,TSP,2.95
한국중부발전㈜보령발전본부,3,2025-01-02 20:30,SOx,3.05
한국중부발전㈜보령발전본부,3,2025-01-02 20:30,NOx,4.77
한국중부발전㈜보령발전본부,3,2025-01-02 21:00,TSP,2.84
한국중부발전㈜보령발전본부,3,2025-01-02 21:00,SOx,3.05
한국중부발전㈜보령발전본부,3,2025-01-02 21:00,NOx,4.85
한국중부발전㈜보령발전본부,3,2025-01-02 21:30,TSP,2.85
한국중부발전㈜보령발전본부,3,2025-01-02 21:30,SOx,3.23
한국중부발전㈜보령발전본부,3,2025-01-02 21:30,NOx,4.96
한국중부발전㈜보령발전본부,3,2025-01-02 22:00,TSP,2.61
한국중부발전㈜보령발전본부,3,2025-01-02 22:00,SOx,3.26
한국중부발전㈜보령발전본부,3,2025-01-02 22:00,NOx,4.5
한국중부발전㈜보령발전본부,3,2025-01-02 22:30,TSP,2.56
한국중부발전㈜보령발전본부,3,2025-01-02 22:30,SOx,3.17
한국중부발전㈜보령발전본부,3,2025-01-02 22:30,NOx,4.76
한국중부발전㈜보령발전본부,3,2025-01-02 23:00,TSP,2.39
한국중부발전㈜보령발전본부,3,2025-01-02 23:00,SOx,3.17
한국중부발전㈜보령발전본부,3,2025-01-02 23:00,NOx,4.1
한국중부발전㈜보령발전본부,3,2025-01-02 23:30,TSP,2.36
한국중부발전㈜보령발전본부,3,2025-01-02 23:30,SOx,3.28
한국중부발전㈜보령발전본부,3,2025-01-02 23:30,NOx,3.79
한국중부발전㈜보령발전본부,3,2025-01-03 00:00,TSP,2.31
한국중부발전㈜보령발전본부,3,2025-01-03 00:00,SOx,3.43
한국중부발전㈜보령발전본부,3,2025-01-03 00:00,NOx,3.72
한국중부발전㈜보령발전본부,3,2025-01-03 00:30,TSP,2.24
한국중부발전㈜보령발전본부,3,2025-01-03 00:30,SOx,3.6
한국중부발전㈜보령발전본부,3,2025-01-03 00:30,NOx,4.35
한국중부발전㈜보령발전본부,3,2025-01-03 01:00,TSP,2.25
한국중부발전㈜보령발전본부,3,2025-01-03 01:00,SOx,3.67
한국중부발전㈜보령발전본부,3,2025-01-03 01:00,NOx,4.33
한국중부발전㈜보령발전본부,3,2025-01-03 01:30,TSP,2.34
한국중부발전㈜보령발전본부,3,2025-01-03 01:30,SOx,3.72
한국중부발전㈜보령발전본부,3,2025-01-03 01:30,NOx,4.01
한국중부발전㈜보령발전본부,3,2025-01-03 02:00,TSP,2.33
한국중부발전㈜보령발전본부,3,2025-01-03 02:00,SOx,3.75
한국중부발전㈜보령발전본부,3,2025-01-03 02:00,NOx,3.83
한국중부발전㈜보령발전본부,3,2025-01-03 02:30,TSP,2.38
한국중부발전㈜보령발전본부,3,2025-01-03 02:30,SOx,3.78
한국중부발전㈜보령발전본부,3,2025-01-03 02:30,NOx,3.69
한국중부발전㈜보령발전본부,3,2025-01-03 03:00,TSP,2.43
한국중부발전㈜보령발전본부,3,2025-01-03 03:00,SOx,3.61
한국중부발전㈜보령발전본부,3,2025-01-03 03:00,NOx,3.23
한국중부발전㈜보령발전본부,3,2025-01-03 03:30,TSP,2.48
한국중부발전㈜보령발전본부,3,2025-01-03 03:30,SOx,3.53
한국중부발전㈜보령발전본부,3,2025-01-03 03:30,NOx,2.48
한국중부발전㈜보령발전본부,3,2025-01-03 04:00,TSP,2.49
한국중부발전㈜보령발전본부,3,2025-01-03 04:00,SOx,3.52
한국중부발전㈜보령발전본부,3,2025-01-03 04:00,NOx,2.48
한국중부발전㈜보령발전본부,3,2025-01-03 04:30,TSP,2.51
한국중부발전㈜보령발전본부,3,2025-01-03 04:30,SOx,3.5
한국중부발전㈜보령발전본부,3,2025-01-03 04:30,NOx,3.15
한국중부발전㈜보령발전본부,3,2025-01-03 05:00,TSP,2.38
한국중부발전㈜보령발전본부,3,2025-01-03 05:00,SOx,3.79
한국중부발전㈜보령발전본부,3,2025-01-03 05:00,NOx,2.97
한국중부발전㈜보령발전본부,3,2025-01-03 05:30,TSP,2.38
한국중부발전㈜보령발전본부,3,2025-01-03 05:30,SOx,3.89
한국중부발전㈜보령발전본부,3,2025-01-03 05:30,NOx,2.64
한국중부발전㈜보령발전본부,3,2025-01-03 06:00,TSP,2.32
한국중부발전㈜보령발전본부,3,2025-01-03 06:00,SOx,3.9
한국중부발전㈜보령발전본부,3,2025-01-03 06:00,NOx,2.14
한국중부발전㈜보령발전본부,3,2025-01-03 06:30,TSP,2.36
한국중부발전㈜보령발전본부,3,2025-01-03 06:30,SOx,3.86
한국중부발전㈜보령발전본부,3,2025-01-03 06:30,NOx,2.81
한국중부발전㈜보령발전본부,3,2025-01-03 07:00,TSP,2.51
한국중부발전㈜보령발전본부,3,2025-01-03 07:00,SOx,3.8
한국중부발전㈜보령발전본부,3,2025-01-03 07:00,NOx,3.73
한국중부발전㈜보령발전본부,3,2025-01-03 07:30,TSP,2.38
한국중부발전㈜보령발전본부,3,2025-01-03 07:30,SOx,4.05
한국중부발전㈜보령발전본부,3,2025-01-03 07:30,NOx,4.41
한국중부발전㈜보령발전본부,3,2025-01-03 08:00,TSP,2.32
한국중부발전㈜보령발전본부,3,2025-01-03 08:00,SOx,4.13
한국중부발전㈜보령발전본부,3,2025-01-03 08:00,NOx,4.44
한국중부발전㈜보령발전본부,3,2025-01-03 08:30,TSP,2.48
한국중부발전㈜보령발전본부,3,2025-01-03 08:30,SOx,3.93
한국중부발전㈜보령발전본부,3,2025-01-03 08:30,NOx,4.49
한국중부발전㈜보령발전본부,3,2025-01-03 09:00,TSP,2.46
한국중부발전㈜보령발전본부,3,2025-01-03 09:00,SOx,3.98
한국중부발전㈜보령발전본부,3,2025-01-03 09:00,NOx,4.28
한국중부발전㈜보령발전본부,3,2025-01-03 09:30,TSP,2.53
한국중부발전㈜보령발전본부,3,2025-01-03 09:30,SOx,4.02
한국중부발전㈜보령발전본부,3,2025-01-03 09:30,NOx,4.49
한국중부발전㈜보령발전본부,3,2025-01-03 10:00,TSP,2.6
한국중부발전㈜보령발전본부,3,2025-01-03 10:00,SOx,4.07
한국중부발전㈜보령발전본부,3,2025-01-03 10:00,NOx,3.73
한국중부발전㈜보령발전본부,3,2025-01-03 10:30,TSP,2.55
한국중부발전㈜보령발전본부,3,2025-01-03 10:30,SOx,3.93
한국중부발전㈜보령발전본부,3,2025-01-03 10:30,NOx,4.0
한국중부발전㈜보령발전본부,3,2025-01-03 11:00,TSP,2.83
한국중부발전㈜보령발전본부,3,2025-01-03 11:00,SOx,4.17
한국중부발전㈜보령발전본부,3,2025-01-03 11:00,NOx,4.89
한국중부발전㈜보령발전본부,3,2025-01-03 11:30,TSP,2.76
한국중부발전㈜보령발전본부,3,2025-01-03 11:30,SOx,4.25
한국중부발전㈜보령발전본부,3,2025-01-03 11:30,NOx,5.88
한국중부발전㈜보령발전본부,3,2025-01-03 12:00,TSP,2.71
한국중부발전㈜보령발전본부,3,2025-01-03 12:00,SOx,4.14
한국중부발전㈜보령발전본부,3,2025-01-03 12:00,NOx,5.97
한국중부발전㈜보령발전본부,3,2025-01-03 12:30,TSP,2.59
한국중부발전㈜보령발전본부,3,2025-01-03 12:30,SOx,4.28
한국중부발전㈜보령발전본부,3,2025-01-03 12:30,NOx,5.59
한국중부발전㈜보령발전본부,3,2025-01-03 13:00,TSP,2.61
한국중부발전㈜보령발전본부,3,2025-01-03 13:00,SOx,4.02
한국중부발전㈜보령발전본부,3,2025-01-03 13:00,NOx,5.67
한국중부발전㈜보령발전본부,3,2025-01-03 13:30,TSP,2.57
한국중부발전㈜보령발전본부,3,2025-01-03 13:30,SOx,4.27
한국중부발전㈜보령발전본부,3,2025-01-03 13:30,NOx,5.4
한국중부발전㈜보령발전본부,3,2025-01-03 14:00,TSP,2.66
한국중부발전㈜보령발전본부,3,2025-01-03 14:00,SOx,4.05
한국중부발전㈜보령발전본부,3,2025-01-03 14:00,NOx,4.45
한국중부발전㈜보령발전본부,3,2025-01-03 14:30,TSP,2.52
한국중부발전㈜보령발전본부,3,2025-01-03 14:30,SOx,4.05
한국중부발전㈜보령발전본부,3,2025-01-03 14:30,NOx,4.76
한국중부발전㈜보령발전본부,3,2025-01-03 15:00,TSP,2.54
한국중부발전㈜보령발전본부,3,2025-01-03 15:00,SOx,4.24
한국중부발전㈜보령발전본부,3,2025-01-03 15:00,NOx,4.76
한국중부발전㈜보령발전본부,3,2025-01-03 15:30,TSP,2.57
한국중부발전㈜보령발전본부,3,2025-01-03 15:30,SOx,4.26
한국중부발전㈜보령발전본부,3,2025-01-03 15:30,NOx,4.66
한국중부발전㈜보령발전본부,3,2025-01-03 16:00,TSP,2.61
한국중부발전㈜보령발전본부,3,2025-01-03 16:00,SOx,4.02
한국중부발전㈜보령발전본부,3,2025-01-03 16:00,NOx,3.69
한국중부발전㈜보령발전본부,3,2025-01-03 16:30,TSP,2.61
한국중부발전㈜보령발전본부,3,2025-01-03 16:30,SOx,3.81
한국중부발전㈜보령발전본부,3,2025-01-03 16:30,NOx,4.13
한국중부발전㈜보령발전본부,3,2025-01-03 17:00,TSP,2.61
한국중부발전㈜보령발전본부,3,2025-01-03 17:00,SOx,3.57
한국중부발전㈜보령발전본부,3,2025-01-03 17:00,NOx,3.91
한국중부발전㈜보령발전본부,3,2025-01-03 17:30,TSP,2.59
한국중부발전㈜보령발전본부,3,2025-01-03 17:30,SOx,3.49
한국중부발전㈜보령발전본부,3,2025-01-03 17:30,NOx,4.29
한국중부발전㈜보령발전본부,3,2025-01-03 18:00,TSP,2.66
한국중부발전㈜보령발전본부,3,2025-01-03 18:00,SOx,3.59
한국중부발전㈜보령발전본부,3,2025-01-03 18:00,NOx,4.16
한국중부발전㈜보령발전본부,3,2025-01-03 18:30,TSP,2.66
한국중부발전㈜보령발전본부,3,2025-01-03 18:30,SOx,3.74
한국중부발전㈜보령발전본부,3,2025-01-03 18:30,NOx,4.68
한국중부발전㈜보령발전본부,3,2025-01-03 19:00,TSP,2.71
한국중부발전㈜보령발전본부,3,2025-01-03 19:00,SOx,3.86
한국중부발전㈜보령발전본부,3,2025-01-03 19:00,NOx,5.6
한국중부발전㈜보령발전본부,3,2025-01-03 19:30,TSP,2.69
한국중부발전㈜보령발전본부,3,2025-01-03 19:30,SOx,4.09
한국중부발전㈜보령발전본부,3,2025-01-03 19:30,NOx,6.0
한국중부발전㈜보령발전본부,3,2025-01-03 20:00,TSP,2.61
한국중부발전㈜보령발전본부,3,2025-01-03 20:00,SOx,3.81
한국중부발전㈜보령발전본부,3,2025-01-03 20:00,NOx,2.39
한국중부발전㈜보령발전본부,3,2025-01-03 20:30,TSP,2.5
한국중부발전㈜보령발전본부,3,2025-01-03 20:30,SOx,3.93
한국중부발전㈜보령발전본부,3,2025-01-03 20:30,NOx,2.78
한국중부발전㈜보령발전본부,3,2025-01-03 21:00,TSP,2.53
한국중부발전㈜보령발전본부,3,2025-01-03 21:00,SOx,3.87
한국중부발전㈜보령발전본부,3,2025-01-03 21:00,NOx,2.63
한국중부발전㈜보령발전본부,3,2025-01-03 21:30,TSP,2.65
한국중부발전㈜보령발전본부,3,2025-01-03 21:30,SOx,3.83
한국중부발전㈜보령발전본부,3,2025-01-03 21:30,NOx,2.13
한국중부발전㈜보령발전본부,3,2025-01-03 22:00,TSP,2.83
한국중부발전㈜보령발전본부,3,2025-01-03 22:00,SOx,3.36
한국중부발전㈜보령발전본부,3,2025-01-03 22:00,NOx,1.32
한국중부발전㈜보령발전본부,3,2025-01-03 22:30,TSP,2.93
한국중부발전㈜보령발전본부,3,2025-01-03 22:30,SOx,3.36
한국중부발전㈜보령발전본부,3,2025-01-03 22:30,NOx,1.28
한국중부발전㈜보령발전본부,3,2025-01-03 23:00,TSP,3.07
한국중부발전㈜보령발전본부,3,2025-01-03 23:00,SOx,3.08
한국중부발전㈜보령발전본부,3,2025-01-03 23:00,NOx,0.64
한국중부발전㈜보령발전본부,3,2025-01-03 23:30,TSP,3.35
한국중부발전㈜보령발전본부,3,2025-01-03 23:30,SOx,3.19
한국중부발전㈜보령발전본부,3,2025-01-03 23:30,NOx,0.62
한국중부발전㈜보령발전본부,3,2025-01-04 00:00,TSP,3.38
한국중부발전㈜보령발전본부,3,2025-01-04 00:00,SOx,3.04
한국중부발전㈜보령발전본부,3,2025-01-04 00:00,NOx,0.56
한국중부발전㈜보령발전본부,3,2025-01-04 00:30,TSP,3.36
한국중부발전㈜보령발전본부,3,2025-01-04 00:30,SOx,3.06
한국중부발전㈜보령발전본부,3,2025-01-04 00:30,NOx,0.29
한국중부발전㈜보령발전본부,3,2025-01-04 01:00,TSP,3.34
한국중부발전㈜보령발전본부,3,2025-01-04 01:00,SOx,3.06
한국중부발전㈜보령발전본부,3,2025-01-04 01:00,NOx,0.19
한국중부발전㈜보령발전본부,3,2025-01-04 01:30,TSP,3.25
한국중부발전㈜보령발전본부,3,2025-01-04 01:30,SOx,3.01
한국중부발전㈜보령발전본부,3,2025-01-04 01:30,NOx,0.3
한국중부발전㈜보령발전본부,3,2025-01-04 02:00,TSP,3.18
한국중부발전㈜보령발전본부,3,2025-01-04 02:00,SOx,2.91
한국중부발전㈜보령발전본부,3,2025-01-04 02:00,NOx,0.5
한국중부발전㈜보령발전본부,3,2025-01-04 02:30,TSP,3.03
한국중부발전㈜보령발전본부,3,2025-01-04 02:30,SOx,2.95
한국중부발전㈜보령발전본부,3,2025-01-04 02:30,NOx,0.43
한국중부발전㈜보령발전본부,3,2025-01-04 03:00,TSP,2.95
한국중부발전㈜보령발전본부,3,2025-01-04 03:00,SOx,3.04
한국중부발전㈜보령발전본부,3,2025-01-04 03:00,NOx,0.49
한국중부발전㈜보령발전본부,3,2025-01-04 03:30,TSP,2.94
한국중부발전㈜보령발전본부,3,2025-01-04 03:30,SOx,3.08
한국중부발전㈜보령발전본부,3,2025-01-04 03:30,NOx,0.75
한국중부발전㈜보령발전본부,3,2025-01-04 04:00,TSP,2.93
한국중부발전㈜보령발전본부,3,2025-01-04 04:00,SOx,3.02
한국중부발전㈜보령발전본부,3,2025-01-04 04:00,NOx,0.69
한국중부발전㈜보령발전본부,3,2025-01-04 04:30,TSP,2.91
한국중부발전㈜보령발전본부,3,2025-01-04 04:30,SOx,2.92
한국중부발전㈜보령발전본부,3,2025-01-04 04:30,NOx,1.34
한국중부발전㈜보령발전본부,3,2025-01-04 05:00,TSP,2.97
한국중부발전㈜보령발전본부,3,2025-01-04 05:00,SOx,3.02
한국중부발전㈜보령발전본부,3,2025-01-04 05:00,NOx,1.3
한국중부발전㈜보령발전본부,3,2025-01-04 05:30,TSP,3.03
한국중부발전㈜보령발전본부,3,2025-01-04 05:30,SOx,3.11
한국중부발전㈜보령발전본부,3,2025-01-04 05:30,NOx,1.18
한국중부발전㈜보령발전본부,3,2025-01-04 06:00,TSP,3.03
한국중부발전㈜보령발전본부,3,2025-01-04 06:00,SOx,3.12
한국중부발전㈜보령발전본부,3,2025-01-04 06:00,NOx,1.39
한국중부발전㈜보령발전본부,3,2025-01-04 06:30,TSP,3.06
한국중부발전㈜보령발전본부,3,2025-01-04 06:30,SOx,2.91
한국중부발전㈜보령발전본부,3,2025-01-04 06:30,NOx,1.08
한국중부발전㈜보령발전본부,3,2025-01-04 07:00,TSP,3.12
한국중부발전㈜보령발전본부,3,2025-01-04 07:00,SOx,2.79
한국중부발전㈜보령발전본부,3,2025-01-04 07:00,NOx,0.4
한국중부발전㈜보령발전본부,3,2025-01-04 07:30,TSP,3.1
한국중부발전㈜보령발전본부,3,2025-01-04 07:30,SOx,2.86
한국중부발전㈜보령발전본부,3,2025-01-04 07:30,NOx,1.19
한국중부발전㈜보령발전본부,3,2025-01-04 08:00,TSP,3.09
한국중부발전㈜보령발전본부,3,2025-01-04 08:00,SOx,2.87
한국중부발전㈜보령발전본부,3,2025-01-04 08:00,NOx,1.33
한국중부발전㈜보령발전본부,3,2025-01-04 08:30,TSP,3.07
한국중부발전㈜보령발전본부,3,2025-01-04 08:30,SOx,2.87
한국중부발전㈜보령발전본부,3,2025-01-04 08:30,NOx,1.55
한국중부발전㈜보령발전본부,3,2025-01-04 09:00,TSP,3.13
한국중부발전㈜보령발전본부,3,2025-01-04 09:00,SOx,2.81
한국중부발전㈜보령발전본부,3,2025-01-04 09:00,NOx,1.99
한국중부발전㈜보령발전본부,3,2025-01-04 09:30,TSP,3.17
한국중부발전㈜보령발전본부,3,2025-01-04 09:30,SOx,2.8
한국중부발전㈜보령발전본부,3,2025-01-04 09:30,NOx,2.6
한국중부발전㈜보령발전본부,3,2025-01-04 10:00,TSP,3.28
한국중부발전㈜보령발전본부,3,2025-01-04 10:00,SOx,2.85
한국중부발전㈜보령발전본부,3,2025-01-04 10:00,NOx,2.68
한국중부발전㈜보령발전본부,3,2025-01-04 10:30,TSP,3.37
한국중부발전㈜보령발전본부,3,2025-01-04 10:30,SOx,2.66
한국중부발전㈜보령발전본부,3,2025-01-04 10:30,NOx,2.18
한국중부발전㈜보령발전본부,3,2025-01-04 11:00,TSP,3.55
한국중부발전㈜보령발전본부,3,2025-01-04 11:00,SOx,2.92
한국중부발전㈜보령발전본부,3,2025-01-04 11:00,NOx,2.59
한국중부발전㈜보령발전본부,3,2025-01-04 11:30,TSP,3.64
한국중부발전㈜보령발전본부,3,2025-01-04 11:30,SOx,2.9
한국중부발전㈜보령발전본부,3,2025-01-04 11:30,NOx,3.99
한국중부발전㈜보령발전본부,3,2025-01-04 12:00,TSP,3.52
한국중부발전㈜보령발전본부,3,2025-01-04 12:00,SOx,2.81
한국중부발전㈜보령발전본부,3,2025-01-04 12:00,NOx,3.73
한국중부발전㈜보령발전본부,3,2025-01-04 12:30,TSP,3.53
한국중부발전㈜보령발전본부,3,2025-01-04 12:30,SOx,2.9
한국중부발전㈜보령발전본부,3,2025-01-04 12:30,NOx,3.51
한국중부발전㈜보령발전본부,3,2025-01-04 13:00,TSP,3.55
한국중부발전㈜보령발전본부,3,2025-01-04 13:00,SOx,2.62
한국중부발전㈜보령발전본부,3,2025-01-04 13:00,NOx,3.43
한국중부발전㈜보령발전본부,3,2025-01-04 13:30,TSP,3.56
한국중부발전㈜보령발전본부,3,2025-01-04 13:30,SOx,2.83
한국중부발전㈜보령발전본부,3,2025-01-04 13:30,NOx,3.1
한국중부발전㈜보령발전본부,3,2025-01-04 14:00,TSP,3.52
한국중부발전㈜보령발전본부,3,2025-01-04 14:00,SOx,2.58
한국중부발전㈜보령발전본부,3,2025-01-04 14:00,NOx,3.08
한국중부발전㈜보령발전본부,3,2025-01-04 14:30,TSP,3.5
한국중부발전㈜보령발전본부,3,2025-01-04 14:30,SOx,2.69
한국중부발전㈜보령발전본부,3,2025-01-04 14:30,NOx,3.16
한국중부발전㈜보령발전본부,3,2025-01-04 15:00,TSP,3.61
한국중부발전㈜보령발전본부,3,2025-01-04 15:00,SOx,2.85
한국중부발전㈜보령발전본부,3,2025-01-04 15:00,NOx,3.1
한국중부발전㈜보령발전본부,3,2025-01-04 15:30,TSP,3.68
한국중부발전㈜보령발전본부,3,2025-01-04 15:30,SOx,2.56
한국중부발전㈜보령발전본부,3,2025-01-04 15:30,NOx,2.87
한국중부발전㈜보령발전본부,3,2025-01-04 16:00,TSP,3.75
한국중부발전㈜보령발전본부,3,2025-01-04 16:00,SOx,2.72
한국중부발전㈜보령발전본부,3,2025-01-04 16:00,NOx,2.09
한국중부발전㈜보령발전본부,3,2025-01-04 16:30,TSP,3.73
한국중부발전㈜보령발전본부,3,2025-01-04 16:30,SOx,2.71
한국중부발전㈜보령발전본부,3,2025-01-04 16:30,NOx,1.91
한국중부발전㈜보령발전본부,3,2025-01-04 17:00,TSP,3.51
한국중부발전㈜보령발전본부,3,2025-01-04 17:00,SOx,2.88
한국중부발전㈜보령발전본부,3,2025-01-04 17:00,NOx,1.93
한국중부발전㈜보령발전본부,3,2025-01-04 17:30,TSP,3.44
한국중부발전㈜보령발전본부,3,2025-01-04 17:30,SOx,2.54
한국중부발전㈜보령발전본부,3,2025-01-04 17:30,NOx,1.25
한국중부발전㈜보령발전본부,3,2025-01-04 18:00,TSP,3.46
한국중부발전㈜보령발전본부,3,2025-01-04 18:00,SOx,2.79
한국중부발전㈜보령발전본부,3,2025-01-04 18:00,NOx,0.68
한국중부발전㈜보령발전본부,3,2025-01-04 18:30,TSP,3.46
한국중부발전㈜보령발전본부,3,2025-01-04 18:30,SOx,2.81
한국중부발전㈜보령발전본부,3,2025-01-04 18:30,NOx,0.7
한국중부발전㈜보령발전본부,3,2025-01-04 19:00,TSP,3.35
한국중부발전㈜보령발전본부,3,2025-01-04 19:00,SOx,2.89
한국중부발전㈜보령발전본부,3,2025-01-04 19:00,NOx,0.3
한국중부발전㈜보령발전본부,3,2025-01-04 19:30,TSP,3.34
한국중부발전㈜보령발전본부,3,2025-01-04 19:30,SOx,2.77
한국중부발전㈜보령발전본부,3,2025-01-04 19:30,NOx,0.3
한국중부발전㈜보령발전본부,3,2025-01-04 20:00,TSP,3.35
한국중부발전㈜보령발전본부,3,2025-01-04 20:00,SOx,2.81
한국중부발전㈜보령발전본부,3,2025-01-04 20:00,NOx,0.33
한국중부발전㈜보령발전본부,3,2025-01-04 20:30,TSP,3.22
한국중부발전㈜보령발전본부,3,2025-01-04 20:30,SOx,2.73
한국중부발전㈜보령발전본부,3,2025-01-04 20:30,NOx,0.2
한국중부발전㈜보령발전본부,3,2025-01-04 21:00,TSP,3.1
한국중부발전㈜보령발전본부,3,2025-01-04 21:00,SOx,2.77
한국중부발전㈜보령발전본부,3,2025-01-04 21:00,NOx,0.18
한국중부발전㈜보령발전본부,3,2025-01-04 21:30,TSP,3.01
한국중부발전㈜보령발전본부,3,2025-01-04 21:30,SOx,2.94
한국중부발전㈜보령발전본부,3,2025-01-04 21:30,NOx,0.31
한국중부발전㈜보령발전본부,3,2025-01-04 22:00,TSP,2.89
한국중부발전㈜보령발전본부,3,2025-01-04 22:00,SOx,2.92
한국중부발전㈜보령발전본부,3,2025-01-04 22:00,NOx,0.38
한국중부발전㈜보령발전본부,3,2025-01-04 22:30,TSP,2.74
한국중부발전㈜보령발전본부,3,2025-01-04 22:30,SOx,3.06
한국중부발전㈜보령발전본부,3,2025-01-04 22:30,NOx,0.2
한국중부발전㈜보령발전본부,3,2025-01-04 23:00,TSP,2.63
한국중부발전㈜보령발전본부,3,2025-01-04 23:00,SOx,3.06
한국중부발전㈜보령발전본부,3,2025-01-04 23:00,NOx,0.16
한국중부발전㈜보령발전본부,3,2025-01-04 23:30,TSP,2.61
한국중부발전㈜보령발전본부,3,2025-01-04 23:30,SOx,3.15
한국중부발전㈜보령발전본부,3,2025-01-04 23:30,NOx,0.13
한국중부발전㈜보령발전본부,3,2025-01-05 00:00,TSP,2.51
한국중부발전㈜보령발전본부,3,2025-01-05 00:00,SOx,3.32
한국중부발전㈜보령발전본부,3,2025-01-05 00:00,NOx,0.12
한국중부발전㈜보령발전본부,3,2025-01-05 00:30,TSP,2.48
한국중부발전㈜보령발전본부,3,2025-01-05 00:30,SOx,3.14
한국중부발전㈜보령발전본부,3,2025-01-05 00:30,NOx,0.08
한국중부발전㈜보령발전본부,3,2025-01-05 01:00,TSP,2.44
한국중부발전㈜보령발전본부,3,2025-01-05 01:00,SOx,3.09
한국중부발전㈜보령발전본부,3,2025-01-05 01:00,NOx,0.09
한국중부발전㈜보령발전본부,3,2025-01-05 01:30,TSP,2.43
한국중부발전㈜보령발전본부,3,2025-01-05 01:30,SOx,3.22
한국중부발전㈜보령발전본부,3,2025-01-05 01:30,NOx,0.09
한국중부발전㈜보령발전본부,3,2025-01-05 02:00,TSP,2.4
한국중부발전㈜보령발전본부,3,2025-01-05 02:00,SOx,3.1
한국중부발전㈜보령발전본부,3,2025-01-05 02:00,NOx,0.06
한국중부발전㈜보령발전본부,3,2025-01-05 02:30,TSP,2.4
한국중부발전㈜보령발전본부,3,2025-01-05 02:30,SOx,3.26
한국중부발전㈜보령발전본부,3,2025-01-05 02:30,NOx,0.06
한국중부발전㈜보령발전본부,3,2025-01-05 03:00,TSP,2.39
한국중부발전㈜보령발전본부,3,2025-01-05 03:00,SOx,3.28
한국중부발전㈜보령발전본부,3,2025-01-05 03:00,NOx,0.09
한국중부발전㈜보령발전본부,3,2025-01-05 03:30,TSP,2.46
한국중부발전㈜보령발전본부,3,2025-01-05 03:30,SOx,3.21
한국중부발전㈜보령발전본부,3,2025-01-05 03:30,NOx,0.07
한국중부발전㈜보령발전본부,3,2025-01-05 04:00,TSP,2.52
한국중부발전㈜보령발전본부,3,2025-01-05 04:00,SOx,3.12
한국중부발전㈜보령발전본부,3,2025-01-05 04:00,NOx,0.08
한국중부발전㈜보령발전본부,3,2025-01-05 04:30,TSP,2.55
한국중부발전㈜보령발전본부,3,2025-01-05 04:30,SOx,3.13
한국중부발전㈜보령발전본부,3,2025-01-05 04:30,NOx,0.1
한국중부발전㈜보령발전본부,3,2025-01-05 05:00,TSP,2.54
한국중부발전㈜보령발전본부,3,2025-01-05 05:00,SOx,3.24
한국중부발전㈜보령발전본부,3,2025-01-05 05:00,NOx,0.1
한국중부발전㈜보령발전본부,3,2025-01-05 05:30,TSP,2.49
한국중부발전㈜보령발전본부,3,2025-01-05 05:30,SOx,3.12
한국중부발전㈜보령발전본부,3,2025-01-05 05:30,NOx,0.09
한국중부발전㈜보령발전본부,3,2025-01-05 06:00,TSP,2.44
한국중부발전㈜보령발전본부,3,2025-01-05 06:00,SOx,3.33
한국중부발전㈜보령발전본부,3,2025-01-05 06:00,NOx,0.19
한국중부발전㈜보령발전본부,3,2025-01-05 06:30,TSP,2.49
한국중부발전㈜보령발전본부,3,2025-01-05 06:30,SOx,3.12
한국중부발전㈜보령발전본부,3,2025-01-05 06:30,NOx,0.1
한국중부발전㈜보령발전본부,3,2025-01-05 07:00,TSP,2.52
한국중부발전㈜보령발전본부,3,2025-01-05 07:00,SOx,3.08
한국중부발전㈜보령발전본부,3,2025-01-05 07:00,NOx,0.07
한국중부발전㈜보령발전본부,3,2025-01-05 07:30,TSP,2.49
한국중부발전㈜보령발전본부,3,2025-01-05 07:30,SOx,3.15
한국중부발전㈜보령발전본부,3,2025-01-05 07:30,NOx,0.07
한국중부발전㈜보령발전본부,3,2025-01-05 08:00,TSP,2.37
한국중부발전㈜보령발전본부,3,2025-01-05 08:00,SOx,3.3
한국중부발전㈜보령발전본부,3,2025-01-05 08:00,NOx,0.08
한국중부발전㈜보령발전본부,3,2025-01-05 08:30,TSP,2.4
한국중부발전㈜보령발전본부,3,2025-01-05 08:30,SOx,3.25
한국중부발전㈜보령발전본부,3,2025-01-05 08:30,NOx,0.05
한국중부발전㈜보령발전본부,3,2025-01-05 09:00,TSP,2.46
한국중부발전㈜보령발전본부,3,2025-01-05 09:00,SOx,3.3
한국중부발전㈜보령발전본부,3,2025-01-05 09:00,NOx,0.07
한국중부발전㈜보령발전본부,3,2025-01-05 09:30,TSP,2.63
한국중부발전㈜보령발전본부,3,2025-01-05 09:30,SOx,3.26
한국중부발전㈜보령발전본부,3,2025-01-05 09:30,NOx,0.06
한국중부발전㈜보령발전본부,3,2025-01-05 10:00,TSP,2.77
한국중부발전㈜보령발전본부,3,2025-01-05 10:00,SOx,3.17
한국중부발전㈜보령발전본부,3,2025-01-05 10:00,NOx,0.07
한국중부발전㈜보령발전본부,3,2025-01-05 10:30,TSP,2.8
한국중부발전㈜보령발전본부,3,2025-01-05 10:30,SOx,3.14
한국중부발전㈜보령발전본부,3,2025-01-05 10:30,NOx,0.07
한국중부발전㈜보령발전본부,3,2025-01-05 11:00,TSP,2.8
한국중부발전㈜보령발전본부,3,2025-01-05 11:00,SOx,3.4
한국중부발전㈜보령발전본부,3,2025-01-05 11:00,NOx,0.14
한국중부발전㈜보령발전본부,3,2025-01-05 11:30,TSP,2.82
한국중부발전㈜보령발전본부,3,2025-01-05 11:30,SOx,3.35
한국중부발전㈜보령발전본부,3,2025-01-05 11:30,NOx,0.69
한국중부발전㈜보령발전본부,3,2025-01-05 12:00,TSP,2.77
한국중부발전㈜보령발전본부,3,2025-01-05 12:00,SOx,3.36
한국중부발전㈜보령발전본부,3,2025-01-05 12:00,NOx,0.51
한국중부발전㈜보령발전본부,3,2025-01-05 12:30,TSP,2.72
한국중부발전㈜보령발전본부,3,2025-01-05 12:30,SOx,3.34
한국중부발전㈜보령발전본부,3,2025-01-05 12:30,NOx,0.45
한국중부발전㈜보령발전본부,3,2025-01-05 13:00,TSP,2.8
한국중부발전㈜보령발전본부,3,2025-01-05 13:00,SOx,3.29
한국중부발전㈜보령발전본부,3,2025-01-05 13:00,NOx,0.31
한국중부발전㈜보령발전본부,3,2025-01-05 13:30,TSP,2.85
한국중부발전㈜보령발전본부,3,2025-01-05 13:30,SOx,3.29
한국중부발전㈜보령발전본부,3,2025-01-05 13:30,NOx,0.25
한국중부발전㈜보령발전본부,3,2025-01-05 14:00,TSP,3.15
한국중부발전㈜보령발전본부,3,2025-01-05 14:00,SOx,3.19
한국중부발전㈜보령발전본부,3,2025-01-05 14:00,NOx,0.28
한국중부발전㈜보령발전본부,3,2025-01-05 14:30,TSP,3.4
한국중부발전㈜보령발전본부,3,2025-01-05 14:30,SOx,3.11
한국중부발전㈜보령발전본부,3,2025-01-05 14:30,NOx,0.36
한국중부발전㈜보령발전본부,3,2025-01-05 15:00,TSP,3.2
한국중부발전㈜보령발전본부,3,2025-01-05 15:00,SOx,3.19
한국중부발전㈜보령발전본부,3,2025-01-05 15:00,NOx,0.83
한국중부발전㈜보령발전본부,3,2025-01-05 15:30,TSP,3.05
한국중부발전㈜보령발전본부,3,2025-01-05 15:30,SOx,3.12
한국중부발전㈜보령발전본부,3,2025-01-05 15:30,NOx,0.75
한국중부발전㈜보령발전본부,3,2025-01-05 16:00,TSP,2.8
한국중부발전㈜보령발전본부,3,2025-01-05 16:00,SOx,3.34
한국중부발전㈜보령발전본부,3,2025-01-05 16:00,NOx,0.72
한국중부발전㈜보령발전본부,3,2025-01-05 16:30,TSP,2.61
한국중부발전㈜보령발전본부,3,2025-01-05 16:30,SOx,3.29
한국중부발전㈜보령발전본부,3,2025-01-05 16:30,NOx,1.28
한국중부발전㈜보령발전본부,3,2025-01-05 17:00,TSP,2.6
한국중부발전㈜보령발전본부,3,2025-01-05 17:00,SOx,3.4
한국중부발전㈜보령발전본부,3,2025-01-05 17:00,NOx,1.34
한국중부발전㈜보령발전본부,3,2025-01-05 17:30,TSP,2.59
한국중부발전㈜보령발전본부,3,2025-01-05 17:30,SOx,3.63
한국중부발전㈜보령발전본부,3,2025-01-05 17:30,NOx,1.05
한국중부발전㈜보령발전본부,3,2025-01-05 18:00,TSP,2.52
한국중부발전㈜보령발전본부,3,2025-01-05 18:00,SOx,3.66
한국중부발전㈜보령발전본부,3,2025-01-05 18:00,NOx,0.87
한국중부발전㈜보령발전본부,3,2025-01-05 18:30,TSP,2.52
한국중부발전㈜보령발전본부,3,2025-01-05 18:30,SOx,3.49
한국중부발전㈜보령발전본부,3,2025-01-05 18:30,NOx,0.35
한국중부발전㈜보령발전본부,3,2025-01-05 19:00,TSP,2.44
한국중부발전㈜보령발전본부,3,2025-01-05 19:00,SOx,3.46
한국중부발전㈜보령발전본부,3,2025-01-05 19:00,NOx,0.36
한국중부발전㈜보령발전본부,3,2025-01-05 19:30,TSP,2.33
한국중부발전㈜보령발전본부,3,2025-01-05 19:30,SOx,3.4
한국중부발전㈜보령발전본부,3,2025-01-05 19:30,NOx,0.49
한국중부발전㈜보령발전본부,3,2025-01-05 20:00,TSP,2.27
한국중부발전㈜보령발전본부,3,2025-01-05 20:00,SOx,3.67
한국중부발전㈜보령발전본부,3,2025-01-05 20:00,NOx,0.26
한국중부발전㈜보령발전본부,3,2025-01-05 20:30,TSP,2.22
한국중부발전㈜보령발전본부,3,2025-01-05 20:30,SOx,3.37
한국중부발전㈜보령발전본부,3,2025-01-05 20:30,NOx,0.28
한국중부발전㈜보령발전본부,3,2025-01-05 21:00,TSP,2.2
한국중부발전㈜보령발전본부,3,2025-01-05 21:00,SOx,3.55
한국중부발전㈜보령발전본부,3,2025-01-05 21:00,NOx,0.34
한국중부발전㈜보령발전본부,3,2025-01-05 21:30,TSP,2.21
한국중부발전㈜보령발전본부,3,2025-01-05 21:30,SOx,3.6
한국중부발전㈜보령발전본부,3,2025-01-05 21:30,NOx,0.24
한국중부발전㈜보령발전본부,3,2025-01-05 22:00,TSP,2.21
한국중부발전㈜보령발전본부,3,2025-01-05 22:00,SOx,3.55
한국중부발전㈜보령발전본부,3,2025-01-05 22:00,NOx,0.38
한국중부발전㈜보령발전본부,3,2025-01-05 22:30,TSP,2.15
한국중부발전㈜보령발전본부,3,2025-01-05 22:30,SOx,3.46
한국중부발전㈜보령발전본부,3,2025-01-05 22:30,NOx,0.44
한국중부발전㈜보령발전본부,3,2025-01-05 23:00,TSP,2.22
한국중부발전㈜보령발전본부,3,2025-01-05 23:00,SOx,3.42
한국중부발전㈜보령발전본부,3,2025-01-05 23:00,NOx,0.57
한국중부발전㈜보령발전본부,3,2025-01-05 23:30,TSP,2.15
한국중부발전㈜보령발전본부,3,2025-01-05 23:30,SOx,3.64
한국중부발전㈜보령발전본부,3,2025-01-05 23:30,NOx,0.33
한국중부발전㈜보령발전본부,3,2025-01-06 00:00,TSP,2.13
한국중부발전㈜보령발전본부,3,2025-01-06 00:00,SOx,3.69
한국중부발전㈜보령발전본부,3,2025-01-06 00:00,NOx,0.26
한국중부발전㈜보령발전본부,3,2025-01-06 00:30,TSP,2.12
한국중부발전㈜보령발전본부,3,2025-01-06 00:30,SOx,3.62
한국중부발전㈜보령발전본부,3,2025-01-06 00:30,NOx,0.18
한국중부발전㈜보령발전본부,3,2025-01-06 01:00,TSP,2.12
한국중부발전㈜보령발전본부,3,2025-01-06 01:00,SOx,3.86
한국중부발전㈜보령발전본부,3,2025-01-06 01:00,NOx,0.59
한국중부발전㈜보령발전본부,3,2025-01-06 01:30,TSP,2.06
한국중부발전㈜보령발전본부,3,2025-01-06 01:30,SOx,3.84
한국중부발전㈜보령발전본부,3,2025-01-06 01:30,NOx,0.19
한국중부발전㈜보령발전본부,3,2025-01-06 02:00,TSP,1.98
한국중부발전㈜보령발전본부,3,2025-01-06 02:00,SOx,3.89
한국중부발전㈜보령발전본부,3,2025-01-06 02:00,NOx,0.58
한국중부발전㈜보령발전본부,3,2025-01-06 02:30,TSP,1.96
한국중부발전㈜보령발전본부,3,2025-01-06 02:30,SOx,3.85
한국중부발전㈜보령발전본부,3,2025-01-06 02:30,NOx,0.8
한국중부발전㈜보령발전본부,3,2025-01-06 03:00,TSP,1.94
한국중부발전㈜보령발전본부,3,2025-01-06 03:00,SOx,3.85
한국중부발전㈜보령발전본부,3,2025-01-06 03:00,NOx,1.13
한국중부발전㈜보령발전본부,3,2025-01-06 03:30,TSP,2.0
한국중부발전㈜보령발전본부,3,2025-01-06 03:30,SOx,3.93
한국중부발전㈜보령발전본부,3,2025-01-06 03:30,NOx,1.74
한국중부발전㈜보령발전본부,3,2025-01-06 04:00,TSP,2.12
한국중부발전㈜보령발전본부,3,2025-01-06 04:00,SOx,3.81
한국중부발전㈜보령발전본부,3,2025-01-06 04:00,NOx,1.98
한국중부발전㈜보령발전본부,3,2025-01-06 04:30,TSP,2.13
한국중부발전㈜보령발전본부,3,2025-01-06 04:30,SOx,3.83
한국중부발전㈜보령발전본부,3,2025-01-06 04:30,NOx,1.44
한국중부발전㈜보령발전본부,3,2025-01-06 05:00,TSP,2.18
한국중부발전㈜보령발전본부,3,2025-01-06 05:00,SOx,3.78
한국중부발전㈜보령발전본부,3,2025-01-06 05:00,NOx,1.75
한국중부발전㈜보령발전본부,3,2025-01-06 05:30,TSP,2.13
한국중부발전㈜보령발전본부,3,2025-01-06 05:30,SOx,3.87
한국중부발전㈜보령발전본부,3,2025-01-06 05:30,NOx,1.62
한국중부발전㈜보령발전본부,3,2025-01-06 06:00,TSP,2.12
한국중부발전㈜보령발전본부,3,2025-01-06 06:00,SOx,4.12
한국중부발전㈜보령발전본부,3,2025-01-06 06:00,NOx,2.18
한국중부발전㈜보령발전본부,3,2025-01-06 06:30,TSP,2.11
한국중부발전㈜보령발전본부,3,2025-01-06 06:30,SOx,4.17
한국중부발전㈜보령발전본부,3,2025-01-06 06:30,NOx,0.95
한국중부발전㈜보령발전본부,3,2025-01-06 07:00,TSP,2.18
한국중부발전㈜보령발전본부,3,2025-01-06 07:00,SOx,4.08
한국중부발전㈜보령발전본부,3,2025-01-06 07:00,NOx,1.22
한국중부발전㈜보령발전본부,3,2025-01-06 07:30,TSP,2.26
한국중부발전㈜보령발전본부,3,2025-01-06 07:30,SOx,4.13
한국중부발전㈜보령발전본부,3,2025-01-06 07:30,NOx,0.98
한국중부발전㈜보령발전본부,3,2025-01-06 08:00,TSP,2.34
한국중부발전㈜보령발전본부,3,2025-01-06 08:00,SOx,4.33
한국중부발전㈜보령발전본부,3,2025-01-06 08:00,NOx,1.04
한국중부발전㈜보령발전본부,3,2025-01-06 08:30,TSP,2.43
한국중부발전㈜보령발전본부,3,2025-01-06 08:30,SOx,4.21
한국중부발전㈜보령발전본부,3,2025-01-06 08:30,NOx,0.77
한국중부발전㈜보령발전본부,3,2025-01-06 09:00,TSP,2.52
한국중부발전㈜보령발전본부,3,2025-01-06 09:00,SOx,3.86
한국중부발전㈜보령발전본부,3,2025-01-06 09:00,NOx,0.97
한국중부발전㈜보령발전본부,3,2025-01-06 09:30,TSP,3.02
한국중부발전㈜보령발전본부,3,2025-01-06 09:30,SOx,3.6
한국중부발전㈜보령발전본부,3,2025-01-06 09:30,NOx,0.41
한국중부발전㈜보령발전본부,3,2025-01-06 10:00,TSP,3.42
한국중부발전㈜보령발전본부,3,2025-01-06 10:00,SOx,3.31
한국중부발전㈜보령발전본부,3,2025-01-06 10:00,NOx,0.48
한국중부발전㈜보령발전본부,3,2025-01-06 10:30,TSP,3.31
한국중부발전㈜보령발전본부,3,2025-01-06 10:30,SOx,2.99
한국중부발전㈜보령발전본부,3,2025-01-06 10:30,NOx,1.46
한국중부발전㈜보령발전본부,3,2025-01-06 11:00,TSP,3.17
한국중부발전㈜보령발전본부,3,2025-01-06 11:00,SOx,3.01
한국중부발전㈜보령발전본부,3,2025-01-06 11:00,NOx,3.1
한국중부발전㈜보령발전본부,3,2025-01-06 11:30,TSP,3.21
한국중부발전㈜보령발전본부,3,2025-01-06 11:30,SOx,3.25
한국중부발전㈜보령발전본부,3,2025-01-06 11:30,NOx,1.16
한국중부발전㈜보령발전본부,3,2025-01-06 12:00,TSP,2.81
한국중부발전㈜보령발전본부,3,2025-01-06 12:00,SOx,3.33
한국중부발전㈜보령발전본부,3,2025-01-06 12:00,NOx,0.51
한국중부발전㈜보령발전본부,3,2025-01-06 12:30,TSP,2.52
한국중부발전㈜보령발전본부,3,2025-01-06 12:30,SOx,3.78
한국중부발전㈜보령발전본부,3,2025-01-06 12:30,NOx,0.3
한국중부발전㈜보령발전본부,3,2025-01-06 13:00,TSP,2.45
한국중부발전㈜보령발전본부,3,2025-01-06 13:00,SOx,3.66
한국중부발전㈜보령발전본부,3,2025-01-06 13:00,NOx,0.2
한국중부발전㈜보령발전본부,3,2025-01-06 13:30,TSP,2.22
한국중부발전㈜보령발전본부,3,2025-01-06 13:30,SOx,3.5
한국중부발전㈜보령발전본부,3,2025-01-06 13:30,NOx,0.13
한국중부발전㈜보령발전본부,3,2025-01-06 14:00,TSP,2.1
한국중부발전㈜보령발전본부,3,2025-01-06 14:00,SOx,3.68
한국중부발전㈜보령발전본부,3,2025-01-06 14:00,NOx,0.11
한국중부발전㈜보령발전본부,3,2025-01-06 14:30,TSP,2.14
한국중부발전㈜보령발전본부,3,2025-01-06 14:30,SOx,3.61
한국중부발전㈜보령발전본부,3,2025-01-06 14:30,NOx,0.14
한국중부발전㈜보령발전본부,3,2025-01-06 15:00,TSP,2.22
한국중부발전㈜보령발전본부,3,2025-01-06 15:00,SOx,3.6
한국중부발전㈜보령발전본부,3,2025-01-06 15:00,NOx,0.17
한국중부발전㈜보령발전본부,3,2025-01-06 15:30,TSP,2.19
한국중부발전㈜보령발전본부,3,2025-01-06 15:30,SOx,3.55
한국중부발전㈜보령발전본부,3,2025-01-06 15:30,NOx,0.11
한국중부발전㈜보령발전본부,3,2025-01-06 16:00,TSP,2.14
한국중부발전㈜보령발전본부,3,2025-01-06 16:00,SOx,3.64
한국중부발전㈜보령발전본부,3,2025-01-06 16:00,NOx,0.15
한국중부발전㈜보령발전본부,3,2025-01-06 16:30,TSP,2.13
한국중부발전㈜보령발전본부,3,2025-01-06 16:30,SOx,3.6
한국중부발전㈜보령발전본부,3,2025-01-06 16:30,NOx,0.11
한국중부발전㈜보령발전본부,3,2025-01-06 17:00,TSP,2.18
한국중부발전㈜보령발전본부,3,2025-01-06 17:00,SOx,3.55
한국중부발전㈜보령발전본부,3,2025-01-06 17:00,NOx,0.1
한국중부발전㈜보령발전본부,3,2025-01-06 17:30,TSP,2.19
한국중부발전㈜보령발전본부,3,2025-01-06 17:30,SOx,3.61
한국중부발전㈜보령발전본부,3,2025-01-06 17:30,NOx,0.1
한국중부발전㈜보령발전본부,3,2025-01-06 18:00,TSP,2.16
한국중부발전㈜보령발전본부,3,2025-01-06 18:00,SOx,3.51
한국중부발전㈜보령발전본부,3,2025-01-06 18:00,NOx,0.08
한국중부발전㈜보령발전본부,3,2025-01-06 18:30,TSP,2.16
한국중부발전㈜보령발전본부,3,2025-01-06 18:30,SOx,3.68
한국중부발전㈜보령발전본부,3,2025-01-06 18:30,NOx,0.08
한국중부발전㈜보령발전본부,3,2025-01-06 19:00,TSP,2.04
한국중부발전㈜보령발전본부,3,2025-01-06 19:00,SOx,3.86
한국중부발전㈜보령발전본부,3,2025-01-06 19:00,NOx,0.08
한국중부발전㈜보령발전본부,3,2025-01-06 19:30,TSP,1.97
한국중부발전㈜보령발전본부,3,2025-01-06 19:30,SOx,4.06
한국중부발전㈜보령발전본부,3,2025-01-06 19:30,NOx,0.05
한국중부발전㈜보령발전본부,3,2025-01-06 20:00,TSP,1.92
한국중부발전㈜보령발전본부,3,2025-01-06 20:00,SOx,4.47
한국중부발전㈜보령발전본부,3,2025-01-06 20:00,NOx,0.05
한국중부발전㈜보령발전본부,3,2025-01-06 20:30,TSP,1.79
한국중부발전㈜보령발전본부,3,2025-01-06 20:30,SOx,5.07
한국중부발전㈜보령발전본부,3,2025-01-06 20:30,NOx,0.06
한국중부발전㈜보령발전본부,3,2025-01-06 21:00,TSP,1.74
한국중부발전㈜보령발전본부,3,2025-01-06 21:00,SOx,5.42
한국중부발전㈜보령발전본부,3,2025-01-06 21:00,NOx,0.08
한국중부발전㈜보령발전본부,3,2025-01-06 21:30,TSP,1.79
한국중부발전㈜보령발전본부,3,2025-01-06 21:30,SOx,5.08
한국중부발전㈜보령발전본부,3,2025-01-06 21:30,NOx,0.09
한국중부발전㈜보령발전본부,3,2025-01-06 22:00,TSP,1.76
한국중부발전㈜보령발전본부,3,2025-01-06 22:00,SOx,5.33
한국중부발전㈜보령발전본부,3,2025-01-06 22:00,NOx,0.06
한국중부발전㈜보령발전본부,3,2025-01-06 22:30,TSP,1.75
한국중부발전㈜보령발전본부,3,2025-01-06 22:30,SOx,5.16
한국중부발전㈜보령발전본부,3,2025-01-06 22:30,NOx,0.04
한국중부발전㈜보령발전본부,3,2025-01-06 23:00,TSP,1.8
한국중부발전㈜보령발전본부,3,2025-01-06 23:00,SOx,5.05
한국중부발전㈜보령발전본부,3,2025-01-06 23:00,NOx,0.06
한국중부발전㈜보령발전본부,3,2025-01-06 23:30,TSP,1.77
한국중부발전㈜보령발전본부,3,2025-01-06 23:30,SOx,4.97
한국중부발전㈜보령발전본부,3,2025-01-06 23:30,NOx,0.06
한국중부발전㈜보령발전본부,3,2025-01-07 00:00,TSP,1.78
한국중부발전㈜보령발전본부,3,2025-01-07 00:00,SOx,4.87
한국중부발전㈜보령발전본부,3,2025-01-07 00:00,NOx,0.07
한국중부발전㈜보령발전본부,3,2025-01-07 00:30,TSP,1.76
한국중부발전㈜보령발전본부,3,2025-01-07 00:30,SOx,4.67
한국중부발전㈜보령발전본부,3,2025-01-07 00:30,NOx,0.1
한국중부발전㈜보령발전본부,3,2025-01-07 01:00,TSP,1.73
한국중부발전㈜보령발전본부,3,2025-01-07 01:00,SOx,4.93
한국중부발전㈜보령발전본부,3,2025-01-07 01:00,NOx,0.1
한국중부발전㈜보령발전본부,3,2025-01-07 01:30,TSP,1.73
한국중부발전㈜보령발전본부,3,2025-01-07 01:30,SOx,4.86
한국중부발전㈜보령발전본부,3,2025-01-07 01:30,NOx,0.09
한국중부발전㈜보령발전본부,3,2025-01-07 02:00,TSP,1.76
한국중부발전㈜보령발전본부,3,2025-01-07 02:00,SOx,4.78
한국중부발전㈜보령발전본부,3,2025-01-07 02:00,NOx,0.11
한국중부발전㈜보령발전본부,3,2025-01-07 02:30,TSP,1.76
한국중부발전㈜보령발전본부,3,2025-01-07 02:30,SOx,4.8
한국중부발전㈜보령발전본부,3,2025-01-07 02:30,NOx,0.07
한국중부발전㈜보령발전본부,3,2025-01-07 03:00,TSP,1.74
한국중부발전㈜보령발전본부,3,2025-01-07 03:00,SOx,4.82
한국중부발전㈜보령발전본부,3,2025-01-07 03:00,NOx,0.05
한국중부발전㈜보령발전본부,3,2025-01-07 03:30,TSP,1.76
한국중부발전㈜보령발전본부,3,2025-01-07 03:30,SOx,4.88
한국중부발전㈜보령발전본부,3,2025-01-07 03:30,NOx,0.07
한국중부발전㈜보령발전본부,3,2025-01-07 04:00,TSP,1.8
한국중부발전㈜보령발전본부,3,2025-01-07 04:00,SOx,4.73
한국중부발전㈜보령발전본부,3,2025-01-07 04:00,NOx,0.09
한국중부발전㈜보령발전본부,3,2025-01-07 04:30,TSP,1.78
한국중부발전㈜보령발전본부,3,2025-01-07 04:30,SOx,4.51
한국중부발전㈜보령발전본부,3,2025-01-07 04:30,NOx,0.08
한국중부발전㈜보령발전본부,3,2025-01-07 05:00,TSP,1.81
한국중부발전㈜보령발전본부,3,2025-01-07 05:00,SOx,4.74
한국중부발전㈜보령발전본부,3,2025-01-07 05:00,NOx,0.08
한국중부발전㈜보령발전본부,3,2025-01-07 05:30,TSP,1.8
한국중부발전㈜보령발전본부,3,2025-01-07 05:30,SOx,5.0
한국중부발전㈜보령발전본부,3,2025-01-07 05:30,NOx,0.07
한국중부발전㈜보령발전본부,3,2025-01-07 06:00,TSP,1.79
한국중부발전㈜보령발전본부,3,2025-01-07 06:00,SOx,4.72
한국중부발전㈜보령발전본부,3,2025-01-07 06:00,NOx,0.07
한국중부발전㈜보령발전본부,3,2025-01-07 06:30,TSP,1.75
한국중부발전㈜보령발전본부,3,2025-01-07 06:30,SOx,4.88
한국중부발전㈜보령발전본부,3,2025-01-07 06:30,NOx,0.08
한국중부발전㈜보령발전본부,3,2025-01-07 07:00,TSP,1.78
한국중부발전㈜보령발전본부,3,2025-01-07 07:00,SOx,4.71
한국중부발전㈜보령발전본부,3,2025-01-07 07:00,NOx,0.12
한국중부발전㈜보령발전본부,3,2025-01-07 07:30,TSP,1.76
한국중부발전㈜보령발전본부,3,2025-01-07 07:30,SOx,4.73
한국중부발전㈜보령발전본부,3,2025-01-07 07:30,NOx,0.08
한국중부발전㈜보령발전본부,3,2025-01-07 08:00,TSP,1.76
한국중부발전㈜보령발전본부,3,2025-01-07 08:00,SOx,4.65
한국중부발전㈜보령발전본부,3,2025-01-07 08:00,NOx,0.09
한국중부발전㈜보령발전본부,3,2025-01-07 08:30,TSP,1.68
한국중부발전㈜보령발전본부,3,2025-01-07 08:30,SOx,4.84
한국중부발전㈜보령발전본부,3,2025-01-07 08:30,NOx,0.38
한국중부발전㈜보령발전본부,3,2025-01-07 09:00,TSP,1.74
한국중부발전㈜보령발전본부,3,2025-01-07 09:00,SOx,4.65
한국중부발전㈜보령발전본부,3,2025-01-07 09:00,NOx,1.37
한국중부발전㈜보령발전본부,3,2025-01-07 09:30,TSP,1.72
한국중부발전㈜보령발전본부,3,2025-01-07 09:30,SOx,4.78
한국중부발전㈜보령발전본부,3,2025-01-07 09:30,NOx,2.03
한국중부발전㈜보령발전본부,3,2025-01-07 10:00,TSP,1.74
한국중부발전㈜보령발전본부,3,2025-01-07 10:00,SOx,4.82
한국중부발전㈜보령발전본부,3,2025-01-07 10:00,NOx,1.55
한국중부발전㈜보령발전본부,3,2025-01-07 10:30,TSP,1.7
한국중부발전㈜보령발전본부,3,2025-01-07 10:30,SOx,4.71
한국중부발전㈜보령발전본부,3,2025-01-07 10:30,NOx,1.01
한국중부발전㈜보령발전본부,3,2025-01-07 11:00,TSP,1.72
한국중부발전㈜보령발전본부,3,2025-01-07 11:00,SOx,4.79
한국중부발전㈜보령발전본부,3,2025-01-07 11:00,NOx,0.76
한국중부발전㈜보령발전본부,3,2025-01-07 11:30,TSP,1.72
한국중부발전㈜보령발전본부,3,2025-01-07 11:30,SOx,4.75
한국중부발전㈜보령발전본부,3,2025-01-07 11:30,NOx,1.54
한국중부발전㈜보령발전본부,3,2025-01-07 12:00,TSP,1.76
한국중부발전㈜보령발전본부,3,2025-01-07 12:00,SOx,4.54
한국중부발전㈜보령발전본부,3,2025-01-07 12:00,NOx,1.77
한국중부발전㈜보령발전본부,3,2025-01-07 12:30,TSP,1.75
한국중부발전㈜보령발전본부,3,2025-01-07 12:30,SOx,4.43
한국중부발전㈜보령발전본부,3,2025-01-07 12:30,NOx,1.31
한국중부발전㈜보령발전본부,3,2025-01-07 13:00,TSP,1.7
한국중부발전㈜보령발전본부,3,2025-01-07 13:00,SOx,4.65
한국중부발전㈜보령발전본부,3,2025-01-07 13:00,NOx,0.65
한국중부발전㈜보령발전본부,3,2025-01-07 13:30,TSP,1.77
한국중부발전㈜보령발전본부,3,2025-01-07 13:30,SOx,4.62
한국중부발전㈜보령발전본부,3,2025-01-07 13:30,NOx,0.53
한국중부발전㈜보령발전본부,3,2025-01-07 14:00,TSP,1.81
한국중부발전㈜보령발전본부,3,2025-01-07 14:00,SOx,4.63
한국중부발전㈜보령발전본부,3,2025-01-07 14:00,NOx,1.24
한국중부발전㈜보령발전본부,3,2025-01-07 14:30,TSP,1.86
한국중부발전㈜보령발전본부,3,2025-01-07 14:30,SOx,4.73
한국중부발전㈜보령발전본부,3,2025-01-07 14:30,NOx,0.75
한국중부발전㈜보령발전본부,3,2025-01-07 15:00,TSP,1.92
한국중부발전㈜보령발전본부,3,2025-01-07 15:00,SOx,4.77
한국중부발전㈜보령발전본부,3,2025-01-07 15:00,NOx,0.96
한국중부발전㈜보령발전본부,3,2025-01-07 15:30,TSP,1.93
한국중부발전㈜보령발전본부,3,2025-01-07 15:30,SOx,4.92
한국중부발전㈜보령발전본부,3,2025-01-07 15:30,NOx,1.29
한국중부발전㈜보령발전본부,3,2025-01-07 16:00,TSP,2.05
한국중부발전㈜보령발전본부,3,2025-01-07 16:00,SOx,4.76
한국중부발전㈜보령발전본부,3,2025-01-07 16:00,NOx,1.34
한국중부발전㈜보령발전본부,3,2025-01-07 16:30,TSP,2.05
한국중부발전㈜보령발전본부,3,2025-01-07 16:30,SOx,4.61
한국중부발전㈜보령발전본부,3,2025-01-07 16:30,NOx,1.6
한국중부발전㈜보령발전본부,3,2025-01-07 17:00,TSP,1.99
한국중부발전㈜보령발전본부,3,2025-01-07 17:00,SOx,4.97
한국중부발전㈜보령발전본부,3,2025-01-07 17:00,NOx,0.5
한국중부발전㈜보령발전본부,3,2025-01-07 17:30,TSP,2.04
한국중부발전㈜보령발전본부,3,2025-01-07 17:30,SOx,5.17
한국중부발전㈜보령발전본부,3,2025-01-07 17:30,NOx,0.54
한국중부발전㈜보령발전본부,3,2025-01-07 18:00,TSP,2.05
한국중부발전㈜보령발전본부,3,2025-01-07 18:00,SOx,4.84
한국중부발전㈜보령발전본부,3,2025-01-07 18:00,NOx,0.43
한국중부발전㈜보령발전본부,3,2025-01-07 18:30,TSP,2.05
한국중부발전㈜보령발전본부,3,2025-01-07 18:30,SOx,4.66
한국중부발전㈜보령발전본부,3,2025-01-07 18:30,NOx,0.25
한국중부발전㈜보령발전본부,3,2025-01-07 19:00,TSP,1.97
한국중부발전㈜보령발전본부,3,2025-01-07 19:00,SOx,4.85
한국중부발전㈜보령발전본부,3,2025-01-07 19:00,NOx,0.24
한국중부발전㈜보령발전본부,3,2025-01-07 19:30,TSP,1.92
한국중부발전㈜보령발전본부,3,2025-01-07 19:30,SOx,4.69
한국중부발전㈜보령발전본부,3,2025-01-07 19:30,NOx,0.26
한국중부발전㈜보령발전본부,3,2025-01-07 20:00,TSP,2.01
한국중부발전㈜보령발전본부,3,2025-01-07 20:00,SOx,4.7
한국중부발전㈜보령발전본부,3,2025-01-07 20:00,NOx,0.13
한국중부발전㈜보령발전본부,3,2025-01-07 20:30,TSP,2.16
한국중부발전㈜보령발전본부,3,2025-01-07 20:30,SOx,4.38
한국중부발전㈜보령발전본부,3,2025-01-07 20:30,NOx,0.11
한국중부발전㈜보령발전본부,3,2025-01-07 21:00,TSP,2.21
한국중부발전㈜보령발전본부,3,2025-01-07 21:00,SOx,4.38
한국중부발전㈜보령발전본부,3,2025-01-07 21:00,NOx,0.11
한국중부발전㈜보령발전본부,3,2025-01-07 21:30,TSP,2.22
한국중부발전㈜보령발전본부,3,2025-01-07 21:30,SOx,4.45
한국중부발전㈜보령발전본부,3,2025-01-07 21:30,NOx,0.09
한국중부발전㈜보령발전본부,3,2025-01-07 22:00,TSP,2.07
한국중부발전㈜보령발전본부,3,2025-01-07 22:00,SOx,4.55
한국중부발전㈜보령발전본부,3,2025-01-07 22:00,NOx,0.24
한국중부발전㈜보령발전본부,3,2025-01-07 22:30,TSP,1.93
한국중부발전㈜보령발전본부,3,2025-01-07 22:30,SOx,4.78
한국중부발전㈜보령발전본부,3,2025-01-07 22:30,NOx,0.32
한국중부발전㈜보령발전본부,3,2025-01-07 23:00,TSP,1.89
한국중부발전㈜보령발전본부,3,2025-01-07 23:00,SOx,5.09
한국중부발전㈜보령발전본부,3,2025-01-07 23:00,NOx,0.63
한국중부발전㈜보령발전본부,3,2025-01-07 23:30,TSP,1.84
한국중부발전㈜보령발전본부,3,2025-01-07 23:30,SOx,5.19
한국중부발전㈜보령발전본부,3,2025-01-07 23:30,NOx,0.72
한국중부발전㈜보령발전본부,3,2025-01-08 00:00,TSP,1.86
한국중부발전㈜보령발전본부,3,2025-01-08 00:00,SOx,5.39
한국중부발전㈜보령발전본부,3,2025-01-08 00:00,NOx,1.08
한국중부발전㈜보령발전본부,3,2025-01-08 00:30,TSP,1.87
한국중부발전㈜보령발전본부,3,2025-01-08 00:30,SOx,5.27
한국중부발전㈜보령발전본부,3,2025-01-08 00:30,NOx,1.73
한국중부발전㈜보령발전본부,3,2025-01-08 01:00,TSP,1.88
한국중부발전㈜보령발전본부,3,2025-01-08 01:00,SOx,5.12
한국중부발전㈜보령발전본부,3,2025-01-08 01:00,NOx,0.67
한국중부발전㈜보령발전본부,3,2025-01-08 01:30,TSP,1.92
한국중부발전㈜보령발전본부,3,2025-01-08 01:30,SOx,4.83
한국중부발전㈜보령발전본부,3,2025-01-08 01:30,NOx,0.16
한국중부발전㈜보령발전본부,3,2025-01-08 02:00,TSP,1.89
한국중부발전㈜보령발전본부,3,2025-01-08 02:00,SOx,5.02
한국중부발전㈜보령발전본부,3,2025-01-08 02:00,NOx,0.31
한국중부발전㈜보령발전본부,3,2025-01-08 02:30,TSP,1.85
한국중부발전㈜보령발전본부,3,2025-01-08 02:30,SOx,4.64
한국중부발전㈜보령발전본부,3,2025-01-08 02:30,NOx,0.43
한국중부발전㈜보령발전본부,3,2025-01-08 03:00,TSP,1.85
한국중부발전㈜보령발전본부,3,2025-01-08 03:00,SOx,4.84
한국중부발전㈜보령발전본부,3,2025-01-08 03:00,NOx,0.65
한국중부발전㈜보령발전본부,3,2025-01-08 03:30,TSP,1.85
한국중부발전㈜보령발전본부,3,2025-01-08 03:30,SOx,4.91
한국중부발전㈜보령발전본부,3,2025-01-08 03:30,NOx,1.09
한국중부발전㈜보령발전본부,3,2025-01-08 04:00,TSP,1.87
한국중부발전㈜보령발전본부,3,2025-01-08 04:00,SOx,4.92
한국중부발전㈜보령발전본부,3,2025-01-08 04:00,NOx,0.52
한국중부발전㈜보령발전본부,3,2025-01-08 04:30,TSP,1.89
한국중부발전㈜보령발전본부,3,2025-01-08 04:30,SOx,4.71
한국중부발전㈜보령발전본부,3,2025-01-08 04:30,NOx,1.15
한국중부발전㈜보령발전본부,3,2025-01-08 05:00,TSP,1.9
한국중부발전㈜보령발전본부,3,2025-01-08 05:00,SOx,4.75
한국중부발전㈜보령발전본부,3,2025-01-08 05:00,NOx,0.95
한국중부발전㈜보령발전본부,3,2025-01-08 05:30,TSP,1.89
한국중부발전㈜보령발전본부,3,2025-01-08 05:30,SOx,5.13
한국중부발전㈜보령발전본부,3,2025-01-08 05:30,NOx,0.97
한국중부발전㈜보령발전본부,3,2025-01-08 06:00,TSP,1.84
한국중부발전㈜보령발전본부,3,2025-01-08 06:00,SOx,5.24
한국중부발전㈜보령발전본부,3,2025-01-08 06:00,NOx,1.18
한국중부발전㈜보령발전본부,3,2025-01-08 06:30,TSP,1.77
한국중부발전㈜보령발전본부,3,2025-01-08 06:30,SOx,5.31
한국중부발전㈜보령발전본부,3,2025-01-08 06:30,NOx,1.55
한국중부발전㈜보령발전본부,3,2025-01-08 07:00,TSP,1.79
한국중부발전㈜보령발전본부,3,2025-01-08 07:00,SOx,5.54
한국중부발전㈜보령발전본부,3,2025-01-08 07:00,NOx,1.88
한국중부발전㈜보령발전본부,3,2025-01-08 07:30,TSP,1.78
한국중부발전㈜보령발전본부,3,2025-01-08 07:30,SOx,5.5
한국중부발전㈜보령발전본부,3,2025-01-08 07:30,NOx,1.97
한국중부발전㈜보령발전본부,3,2025-01-08 08:00,TSP,1.84
한국중부발전㈜보령발전본부,3,2025-01-08 08:00,SOx,5.26
한국중부발전㈜보령발전본부,3,2025-01-08 08:00,NOx,2.11
한국중부발전㈜보령발전본부,3,2025-01-08 08:30,TSP,1.8
한국중부발전㈜보령발전본부,3,2025-01-08 08:30,SOx,5.35
한국중부발전㈜보령발전본부,3,2025-01-08 08:30,NOx,2.3
한국중부발전㈜보령발전본부,3,2025-01-08 09:00,TSP,1.85
한국중부발전㈜보령발전본부,3,2025-01-08 09:00,SOx,5.28
한국중부발전㈜보령발전본부,3,2025-01-08 09:00,NOx,1.8
한국중부발전㈜보령발전본부,3,2025-01-08 09:30,TSP,1.89
한국중부발전㈜보령발전본부,3,2025-01-08 09:30,SOx,5.0
한국중부발전㈜보령발전본부,3,2025-01-08 09:30,NOx,2.11
한국중부발전㈜보령발전본부,3,2025-01-08 10:00,TSP,1.89
한국중부발전㈜보령발전본부,3,2025-01-08 10:00,SOx,5.0
한국중부발전㈜보령발전본부,3,2025-01-08 10:00,NOx,2.11
한국중부발전㈜보령발전본부,3,2025-01-08 10:30,TSP,1.89
한국중부발전㈜보령발전본부,3,2025-01-08 10:30,SOx,5.0
한국중부발전㈜보령발전본부,3,2025-01-08 10:30,NOx,2.11
한국중부발전㈜보령발전본부,3,2025-01-08 11:00,TSP,1.89
한국중부발전㈜보령발전본부,3,2025-01-08 11:00,SOx,5.0
한국중부발전㈜보령발전본부,3,2025-01-08 11:00,NOx,2.11
한국중부발전㈜보령발전본부,3,2025-01-08 11:30,TSP,1.89
한국중부발전㈜보령발전본부,3,2025-01-08 11:30,SOx,5.0
한국중부발전㈜보령발전본부,3,2025-01-08 11:30,NOx,2.11
한국중부발전㈜보령발전본부,3,2025-01-08 12:00,TSP,1.89
한국중부발전㈜보령발전본부,3,2025-01-08 12:00,SOx,5.0
한국중부발전㈜보령발전본부,3,2025-01-08 12:00,NOx,2.11
한국중부발전㈜보령발전본부,3,2025-01-08 12:30,TSP,1.89
한국중부발전㈜보령발전본부,3,2025-01-08 12:30,SOx,5.0
한국중부발전㈜보령발전본부,3,2025-01-08 12:30,NOx,2.11
한국중부발전㈜보령발전본부,3,2025-01-08 13:00,TSP,1.89
한국중부발전㈜보령발전본부,3,2025-01-08 13:00,SOx,5.0
한국중부발전㈜보령발전본부,3,2025-01-08 13:00,NOx,2.11
한국중부발전㈜보령발전본부,3,2025-01-08 13:30,TSP,1.89
한국중부발전㈜보령발전본부,3,2025-01-08 13:30,SOx,5.0
한국중부발전㈜보령발전본부,3,2025-01-08 13:30,NOx,2.11
한국중부발전㈜보령발전본부,3,2025-01-08 14:00,TSP,1.89
한국중부발전㈜보령발전본부,3,2025-01-08 14:00,SOx,5.0
한국중부발전㈜보령발전본부,3,2025-01-08 14:00,NOx,2.11
한국중부발전㈜보령발전본부,3,2025-01-08 14:30,TSP,1.89
한국중부발전㈜보령발전본부,3,2025-01-08 14:30,SOx,5.0
한국중부발전㈜보령발전본부,3,2025-01-08 14:30,NOx,2.11
한국중부발전㈜보령발전본부,3,2025-01-08 15:00,TSP,1.89
한국중부발전㈜보령발전본부,3,2025-01-08 15:00,SOx,5.0
한국중부발전㈜보령발전본부,3,2025-01-08 15:00,NOx,2.11
한국중부발전㈜보령발전본부,3,2025-01-08 15:30,TSP,1.89
한국중부발전㈜보령발전본부,3,2025-01-08 15:30,SOx,5.0
한국중부발전㈜보령발전본부,3,2025-01-08 15:30,NOx,2.11
한국중부발전㈜보령발전본부,3,2025-01-08 16:00,TSP,1.89
한국중부발전㈜보령발전본부,3,2025-01-08 16:00,SOx,5.0
한국중부발전㈜보령발전본부,3,2025-01-08 16:00,NOx,2.11
한국중부발전㈜보령발전본부,3,2025-01-08 16:30,TSP,2.48
한국중부발전㈜보령발전본부,3,2025-01-08 16:30,SOx,4.38
한국중부발전㈜보령발전본부,3,2025-01-08 16:30,NOx,0.14
한국중부발전㈜보령발전본부,3,2025-01-08 17:00,TSP,2.52
한국중부발전㈜보령발전본부,3,2025-01-08 17:00,SOx,4.41
한국중부발전㈜보령발전본부,3,2025-01-08 17:00,NOx,0.12
한국중부발전㈜보령발전본부,3,2025-01-08 17:30,TSP,2.5
한국중부발전㈜보령발전본부,3,2025-01-08 17:30,SOx,4.28
한국중부발전㈜보령발전본부,3,2025-01-08 17:30,NOx,0.12
한국중부발전㈜보령발전본부,3,2025-01-08 18:00,TSP,2.48
한국중부발전㈜보령발전본부,3,2025-01-08 18:00,SOx,4.1
한국중부발전㈜보령발전본부,3,2025-01-08 18:00,NOx,0.06
한국중부발전㈜보령발전본부,3,2025-01-08 18:30,TSP,2.48
한국중부발전㈜보령발전본부,3,2025-01-08 18:30,SOx,3.99
한국중부발전㈜보령발전본부,3,2025-01-08 18:30,NOx,0.08
한국중부발전㈜보령발전본부,3,2025-01-08 19:00,TSP,2.58
한국중부발전㈜보령발전본부,3,2025-01-08 19:00,SOx,3.87
한국중부발전㈜보령발전본부,3,2025-01-08 19:00,NOx,0.06
한국중부발전㈜보령발전본부,3,2025-01-08 19:30,TSP,2.57
한국중부발전㈜보령발전본부,3,2025-01-08 19:30,SOx,3.69
한국중부발전㈜보령발전본부,3,2025-01-08 19:30,NOx,0.05
한국중부발전㈜보령발전본부,3,2025-01-08 20:00,TSP,2.45
한국중부발전㈜보령발전본부,3,2025-01-08 20:00,SOx,3.86
한국중부발전㈜보령발전본부,3,2025-01-08 20:00,NOx,0.04
한국중부발전㈜보령발전본부,3,2025-01-08 20:30,TSP,2.43
한국중부발전㈜보령발전본부,3,2025-01-08 20:30,SOx,3.74
한국중부발전㈜보령발전본부,3,2025-01-08 20:30,NOx,0.04
한국중부발전㈜보령발전본부,3,2025-01-08 21:00,TSP,2.4
한국중부발전㈜보령발전본부,3,2025-01-08 21:00,SOx,3.75
한국중부발전㈜보령발전본부,3,2025-01-08 21:00,NOx,0.03
한국중부발전㈜보령발전본부,3,2025-01-08 21:30,TSP,2.3
한국중부발전㈜보령발전본부,3,2025-01-08 21:30,SOx,3.55
한국중부발전㈜보령발전본부,3,2025-01-08 21:30,NOx,0.03
한국중부발전㈜보령발전본부,3,2025-01-08 22:00,TSP,2.26
한국중부발전㈜보령발전본부,3,2025-01-08 22:00,SOx,3.65
한국중부발전㈜보령발전본부,3,2025-01-08 22:00,NOx,0.04
한국중부발전㈜보령발전본부,3,2025-01-08 22:30,TSP,2.16
한국중부발전㈜보령발전본부,3,2025-01-08 22:30,SOx,3.79
한국중부발전㈜보령발전본부,3,2025-01-08 22:30,NOx,0.07
한국중부발전㈜보령발전본부,3,2025-01-08 23:00,TSP,2.15
한국중부발전㈜보령발전본부,3,2025-01-08 23:00,SOx,4.11
한국중부발전㈜보령발전본부,3,2025-01-08 23:00,NOx,0.19
한국중부발전㈜보령발전본부,3,2025-01-08 23:30,TSP,2.02
한국중부발전㈜보령발전본부,3,2025-01-08 23:30,SOx,4.94
한국중부발전㈜보령발전본부,3,2025-01-08 23:30,NOx,0.23
한국중부발전㈜보령발전본부,3,2025-01-09 00:00,TSP,2.02
한국중부발전㈜보령발전본부,3,2025-01-09 00:00,SOx,5.22
한국중부발전㈜보령발전본부,3,2025-01-09 00:00,NOx,0.33
한국중부발전㈜보령발전본부,3,2025-01-09 00:30,TSP,1.93
한국중부발전㈜보령발전본부,3,2025-01-09 00:30,SOx,5.17
한국중부발전㈜보령발전본부,3,2025-01-09 00:30,NOx,0.3
한국중부발전㈜보령발전본부,3,2025-01-09 01:00,TSP,1.94
한국중부발전㈜보령발전본부,3,2025-01-09 01:00,SOx,4.97
한국중부발전㈜보령발전본부,3,2025-01-09 01:00,NOx,0.44
한국중부발전㈜보령발전본부,3,2025-01-09 01:30,TSP,1.93
한국중부발전㈜보령발전본부,3,2025-01-09 01:30,SOx,4.86
한국중부발전㈜보령발전본부,3,2025-01-09 01:30,NOx,0.47
한국중부발전㈜보령발전본부,3,2025-01-09 02:00,TSP,2.13
한국중부발전㈜보령발전본부,3,2025-01-09 02:00,SOx,4.37
한국중부발전㈜보령발전본부,3,2025-01-09 02:00,NOx,1.56
한국중부발전㈜보령발전본부,3,2025-01-09 02:30,TSP,2.06
한국중부발전㈜보령발전본부,3,2025-01-09 02:30,SOx,4.14
한국중부발전㈜보령발전본부,3,2025-01-09 02:30,NOx,1.85
한국중부발전㈜보령발전본부,3,2025-01-09 03:00,TSP,2.14
한국중부발전㈜보령발전본부,3,2025-01-09 03:00,SOx,3.91
한국중부발전㈜보령발전본부,3,2025-01-09 03:00,NOx,2.31
한국중부발전㈜보령발전본부,3,2025-01-09 03:30,TSP,2.27
한국중부발전㈜보령발전본부,3,2025-01-09 03:30,SOx,3.81
한국중부발전㈜보령발전본부,3,2025-01-09 03:30,NOx,2.64
한국중부발전㈜보령발전본부,3,2025-01-09 04:00,TSP,2.37
한국중부발전㈜보령발전본부,3,2025-01-09 04:00,SOx,3.63
한국중부발전㈜보령발전본부,3,2025-01-09 04:00,NOx,2.45
한국중부발전㈜보령발전본부,3,2025-01-09 04:30,TSP,2.47
한국중부발전㈜보령발전본부,3,2025-01-09 04:30,SOx,3.45
한국중부발전㈜보령발전본부,3,2025-01-09 04:30,NOx,2.52
한국중부발전㈜보령발전본부,3,2025-01-09 05:00,TSP,2.51
한국중부발전㈜보령발전본부,3,2025-01-09 05:00,SOx,3.31
한국중부발전㈜보령발전본부,3,2025-01-09 05:00,NOx,2.63
한국중부발전㈜보령발전본부,3,2025-01-09 05:30,TSP,2.6
한국중부발전㈜보령발전본부,3,2025-01-09 05:30,SOx,2.96
한국중부발전㈜보령발전본부,3,2025-01-09 05:30,NOx,2.45
한국중부발전㈜보령발전본부,3,2025-01-09 06:00,TSP,2.83
한국중부발전㈜보령발전본부,3,2025-01-09 06:00,SOx,2.92
한국중부발전㈜보령발전본부,3,2025-01-09 06:00,NOx,3.05
한국중부발전㈜보령발전본부,3,2025-01-09 06:30,TSP,2.96
한국중부발전㈜보령발전본부,3,2025-01-09 06:30,SOx,2.74
한국중부발전㈜보령발전본부,3,2025-01-09 06:30,NOx,3.71
한국중부발전㈜보령발전본부,3,2025-01-09 07:00,TSP,3.2
한국중부발전㈜보령발전본부,3,2025-01-09 07:00,SOx,2.71
한국중부발전㈜보령발전본부,3,2025-01-09 07:00,NOx,3.85
한국중부발전㈜보령발전본부,3,2025-01-09 07:30,TSP,3.5
한국중부발전㈜보령발전본부,3,2025-01-09 07:30,SOx,2.66
한국중부발전㈜보령발전본부,3,2025-01-09 07:30,NOx,3.62
한국중부발전㈜보령발전본부,3,2025-01-09 08:00,TSP,3.79
한국중부발전㈜보령발전본부,3,2025-01-09 08:00,SOx,2.72
한국중부발전㈜보령발전본부,3,2025-01-09 08:00,NOx,3.12
한국중부발전㈜보령발전본부,3,2025-01-09 08:30,TSP,3.82
한국중부발전㈜보령발전본부,3,2025-01-09 08:30,SOx,2.62
한국중부발전㈜보령발전본부,3,2025-01-09 08:30,NOx,2.48
한국중부발전㈜보령발전본부,3,2025-01-09 09:00,TSP,3.84
한국중부발전㈜보령발전본부,3,2025-01-09 09:00,SOx,2.57
한국중부발전㈜보령발전본부,3,2025-01-09 09:00,NOx,2.35
한국중부발전㈜보령발전본부,3,2025-01-09 09:30,TSP,3.69
한국중부발전㈜보령발전본부,3,2025-01-09 09:30,SOx,2.51
한국중부발전㈜보령발전본부,3,2025-01-09 09:30,NOx,2.6
한국중부발전㈜보령발전본부,3,2025-01-09 10:00,TSP,3.67
한국중부발전㈜보령발전본부,3,2025-01-09 10:00,SOx,2.53
한국중부발전㈜보령발전본부,3,2025-01-09 10:00,NOx,2.8
한국중부발전㈜보령발전본부,3,2025-01-09 10:30,TSP,3.69
한국중부발전㈜보령발전본부,3,2025-01-09 10:30,SOx,2.62
한국중부발전㈜보령발전본부,3,2025-01-09 10:30,NOx,2.48
한국중부발전㈜보령발전본부,3,2025-01-09 11:00,TSP,3.61
한국중부발전㈜보령발전본부,3,2025-01-09 11:00,SOx,2.68
한국중부발전㈜보령발전본부,3,2025-01-09 11:00,NOx,2.84
한국중부발전㈜보령발전본부,3,2025-01-09 11:30,TSP,3.75
한국중부발전㈜보령발전본부,3,2025-01-09 11:30,SOx,2.6
한국중부발전㈜보령발전본부,3,2025-01-09 11:30,NOx,3.09
한국중부발전㈜보령발전본부,3,2025-01-09 12:00,TSP,3.93
한국중부발전㈜보령발전본부,3,2025-01-09 12:00,SOx,2.61
한국중부발전㈜보령발전본부,3,2025-01-09 12:00,NOx,2.69
한국중부발전㈜보령발전본부,3,2025-01-09 12:30,TSP,4.04
한국중부발전㈜보령발전본부,3,2025-01-09 12:30,SOx,2.62
한국중부발전㈜보령발전본부,3,2025-01-09 12:30,NOx,1.93
한국중부발전㈜보령발전본부,3,2025-01-09 13:00,TSP,3.84
한국중부발전㈜보령발전본부,3,2025-01-09 13:00,SOx,2.7
한국중부발전㈜보령발전본부,3,2025-01-09 13:00,NOx,1.76
한국중부발전㈜보령발전본부,3,2025-01-09 13:30,TSP,3.89
한국중부발전㈜보령발전본부,3,2025-01-09 13:30,SOx,2.65
한국중부발전㈜보령발전본부,3,2025-01-09 13:30,NOx,1.39
한국중부발전㈜보령발전본부,3,2025-01-09 14:00,TSP,3.99
한국중부발전㈜보령발전본부,3,2025-01-09 14:00,SOx,2.48
한국중부발전㈜보령발전본부,3,2025-01-09 14:00,NOx,1.81
한국중부발전㈜보령발전본부,3,2025-01-09 14:30,TSP,4.14
한국중부발전㈜보령발전본부,3,2025-01-09 14:30,SOx,2.45
한국중부발전㈜보령발전본부,3,2025-01-09 14:30,NOx,1.62
한국중부발전㈜보령발전본부,3,2025-01-09 15:00,TSP,4.25
한국중부발전㈜보령발전본부,3,2025-01-09 15:00,SOx,2.41
한국중부발전㈜보령발전본부,3,2025-01-09 15:00,NOx,1.59
한국중부발전㈜보령발전본부,3,2025-01-09 15:30,TSP,4.47
한국중부발전㈜보령발전본부,3,2025-01-09 15:30,SOx,2.6
한국중부발전㈜보령발전본부,3,2025-01-09 15:30,NOx,1.11
한국중부발전㈜보령발전본부,3,2025-01-09 16:00,TSP,4.24
한국중부발전㈜보령발전본부,3,2025-01-09 16:00,SOx,3.3
한국중부발전㈜보령발전본부,3,2025-01-09 16:00,NOx,1.02
한국중부발전㈜보령발전본부,3,2025-01-09 16:30,TSP,4.18
한국중부발전㈜보령발전본부,3,2025-01-09 16:30,SOx,3.4
한국중부발전㈜보령발전본부,3,2025-01-09 16:30,NOx,0.74
한국중부발전㈜보령발전본부,3,2025-01-09 17:00,TSP,4.05
한국중부발전㈜보령발전본부,3,2025-01-09 17:00,SOx,3.47
한국중부발전㈜보령발전본부,3,2025-01-09 17:00,NOx,0.63
한국중부발전㈜보령발전본부,3,2025-01-09 17:30,TSP,3.98
한국중부발전㈜보령발전본부,3,2025-01-09 17:30,SOx,3.43
한국중부발전㈜보령발전본부,3,2025-01-09 17:30,NOx,0.63
한국중부발전㈜보령발전본부,3,2025-01-09 18:00,TSP,3.94
한국중부발전㈜보령발전본부,3,2025-01-09 18:00,SOx,3.55
한국중부발전㈜보령발전본부,3,2025-01-09 18:00,NOx,0.23
한국중부발전㈜보령발전본부,3,2025-01-09 18:30,TSP,3.94
한국중부발전㈜보령발전본부,3,2025-01-09 18:30,SOx,3.42
한국중부발전㈜보령발전본부,3,2025-01-09 18:30,NOx,0.09
한국중부발전㈜보령발전본부,3,2025-01-09 19:00,TSP,3.85
한국중부발전㈜보령발전본부,3,2025-01-09 19:00,SOx,3.48
한국중부발전㈜보령발전본부,3,2025-01-09 19:00,NOx,0.14
한국중부발전㈜보령발전본부,3,2025-01-09 19:30,TSP,3.63
한국중부발전㈜보령발전본부,3,2025-01-09 19:30,SOx,3.72
한국중부발전㈜보령발전본부,3,2025-01-09 19:30,NOx,0.2
한국중부발전㈜보령발전본부,3,2025-01-09 20:00,TSP,3.45
한국중부발전㈜보령발전본부,3,2025-01-09 20:00,SOx,3.77
한국중부발전㈜보령발전본부,3,2025-01-09 20:00,NOx,0.15
한국중부발전㈜보령발전본부,3,2025-01-09 20:30,TSP,3.43
한국중부발전㈜보령발전본부,3,2025-01-09 20:30,SOx,3.7
한국중부발전㈜보령발전본부,3,2025-01-09 20:30,NOx,0.16
한국중부발전㈜보령발전본부,3,2025-01-09 21:00,TSP,3.33
한국중부발전㈜보령발전본부,3,2025-01-09 21:00,SOx,3.92
한국중부발전㈜보령발전본부,3,2025-01-09 21:00,NOx,0.15
한국중부발전㈜보령발전본부,3,2025-01-09 21:30,TSP,3.12
한국중부발전㈜보령발전본부,3,2025-01-09 21:30,SOx,4.14
한국중부발전㈜보령발전본부,3,2025-01-09 21:30,NOx,0.17
한국중부발전㈜보령발전본부,3,2025-01-09 22:00,TSP,2.93
한국중부발전㈜보령발전본부,3,2025-01-09 22:00,SOx,4.36
한국중부발전㈜보령발전본부,3,2025-01-09 22:00,NOx,0.3
한국중부발전㈜보령발전본부,3,2025-01-09 22:30,TSP,2.74
한국중부발전㈜보령발전본부,3,2025-01-09 22:30,SOx,4.21
한국중부발전㈜보령발전본부,3,2025-01-09 22:30,NOx,0.37
한국중부발전㈜보령발전본부,3,2025-01-09 23:00,TSP,2.37
한국중부발전㈜보령발전본부,3,2025-01-09 23:00,SOx,4.39
한국중부발전㈜보령발전본부,3,2025-01-09 23:00,NOx,0.88
한국중부발전㈜보령발전본부,3,2025-01-09 23:30,TSP,2.3
한국중부발전㈜보령발전본부,3,2025-01-09 23:30,SOx,4.56
한국중부발전㈜보령발전본부,3,2025-01-09 23:30,NOx,0.93
한국중부발전㈜보령발전본부,3,2025-01-10 00:00,TSP,2.35
한국중부발전㈜보령발전본부,3,2025-01-10 00:00,SOx,4.37
한국중부발전㈜보령발전본부,3,2025-01-10 00:00,NOx,1.62
한국중부발전㈜보령발전본부,3,2025-01-10 00:30,TSP,2.66
한국중부발전㈜보령발전본부,3,2025-01-10 00:30,SOx,4.27
한국중부발전㈜보령발전본부,3,2025-01-10 00:30,NOx,1.96
한국중부발전㈜보령발전본부,3,2025-01-10 01:00,TSP,3.06
한국중부발전㈜보령발전본부,3,2025-01-10 01:00,SOx,3.93
한국중부발전㈜보령발전본부,3,2025-01-10 01:00,NOx,1.68
한국중부발전㈜보령발전본부,3,2025-01-10 01:30,TSP,2.93
한국중부발전㈜보령발전본부,3,2025-01-10 01:30,SOx,3.85
한국중부발전㈜보령발전본부,3,2025-01-10 01:30,NOx,2.18
한국중부발전㈜보령발전본부,3,2025-01-10 02:00,TSP,2.95
한국중부발전㈜보령발전본부,3,2025-01-10 02:00,SOx,3.54
한국중부발전㈜보령발전본부,3,2025-01-10 02:00,NOx,2.44
한국중부발전㈜보령발전본부,3,2025-01-10 02:30,TSP,3.06
한국중부발전㈜보령발전본부,3,2025-01-10 02:30,SOx,3.71
한국중부발전㈜보령발전본부,3,2025-01-10 02:30,NOx,3.0
한국중부발전㈜보령발전본부,3,2025-01-10 03:00,TSP,3.04
한국중부발전㈜보령발전본부,3,2025-01-10 03:00,SOx,3.77
한국중부발전㈜보령발전본부,3,2025-01-10 03:00,NOx,3.3
한국중부발전㈜보령발전본부,3,2025-01-10 03:30,TSP,2.96
한국중부발전㈜보령발전본부,3,2025-01-10 03:30,SOx,3.81
한국중부발전㈜보령발전본부,3,2025-01-10 03:30,NOx,3.15
한국중부발전㈜보령발전본부,3,2025-01-10 04:00,TSP,3.03
한국중부발전㈜보령발전본부,3,2025-01-10 04:00,SOx,3.72
한국중부발전㈜보령발전본부,3,2025-01-10 04:00,NOx,3.11
한국중부발전㈜보령발전본부,3,2025-01-10 04:30,TSP,3.03
한국중부발전㈜보령발전본부,3,2025-01-10 04:30,SOx,3.84
한국중부발전㈜보령발전본부,3,2025-01-10 04:30,NOx,3.24
한국중부발전㈜보령발전본부,3,2025-01-10 05:00,TSP,3.06
한국중부발전㈜보령발전본부,3,2025-01-10 05:00,SOx,3.9
한국중부발전㈜보령발전본부,3,2025-01-10 05:00,NOx,2.96
한국중부발전㈜보령발전본부,3,2025-01-10 05:30,TSP,3.15
한국중부발전㈜보령발전본부,3,2025-01-10 05:30,SOx,4.03
한국중부발전㈜보령발전본부,3,2025-01-10 05:30,NOx,2.81
한국중부발전㈜보령발전본부,3,2025-01-10 06:00,TSP,3.23
한국중부발전㈜보령발전본부,3,2025-01-10 06:00,SOx,4.09
한국중부발전㈜보령발전본부,3,2025-01-10 06:00,NOx,2.41
한국중부발전㈜보령발전본부,3,2025-01-10 06:30,TSP,3.08
한국중부발전㈜보령발전본부,3,2025-01-10 06:30,SOx,4.14
한국중부발전㈜보령발전본부,3,2025-01-10 06:30,NOx,2.64
한국중부발전㈜보령발전본부,3,2025-01-10 07:00,TSP,2.77
한국중부발전㈜보령발전본부,3,2025-01-10 07:00,SOx,4.26
한국중부발전㈜보령발전본부,3,2025-01-10 07:00,NOx,3.19
한국중부발전㈜보령발전본부,3,2025-01-10 07:30,TSP,2.7
한국중부발전㈜보령발전본부,3,2025-01-10 07:30,SOx,4.45
한국중부발전㈜보령발전본부,3,2025-01-10 07:30,NOx,3.31
한국중부발전㈜보령발전본부,3,2025-01-10 08:00,TSP,2.56
한국중부발전㈜보령발전본부,3,2025-01-10 08:00,SOx,4.99
한국중부발전㈜보령발전본부,3,2025-01-10 08:00,NOx,3.53
한국중부발전㈜보령발전본부,3,2025-01-10 08:30,TSP,2.35
한국중부발전㈜보령발전본부,3,2025-01-10 08:30,SOx,5.27
한국중부발전㈜보령발전본부,3,2025-01-10 08:30,NOx,3.62
한국중부발전㈜보령발전본부,3,2025-01-10 09:00,TSP,2.08
한국중부발전㈜보령발전본부,3,2025-01-10 09:00,SOx,5.56
한국중부발전㈜보령발전본부,3,2025-01-10 09:00,NOx,3.44
한국중부발전㈜보령발전본부,3,2025-01-10 09:30,TSP,1.87
한국중부발전㈜보령발전본부,3,2025-01-10 09:30,SOx,6.02
한국중부발전㈜보령발전본부,3,2025-01-10 09:30,NOx,3.94
한국중부발전㈜보령발전본부,3,2025-01-10 10:00,TSP,1.89
한국중부발전㈜보령발전본부,3,2025-01-10 10:00,SOx,4.88
한국중부발전㈜보령발전본부,3,2025-01-10 10:00,NOx,4.75
한국중부발전㈜보령발전본부,3,2025-01-10 10:30,TSP,1.7
한국중부발전㈜보령발전본부,3,2025-01-10 10:30,SOx,3.69
한국중부발전㈜보령발전본부,3,2025-01-10 10:30,NOx,4.27
한국중부발전㈜보령발전본부,3,2025-01-10 11:00,TSP,1.63
한국중부발전㈜보령발전본부,3,2025-01-10 11:00,SOx,3.63
한국중부발전㈜보령발전본부,3,2025-01-10 11:00,NOx,4.72
한국중부발전㈜보령발전본부,3,2025-01-10 11:30,TSP,1.61
한국중부발전㈜보령발전본부,3,2025-01-10 11:30,SOx,3.73
한국중부발전㈜보령발전본부,3,2025-01-10 11:30,NOx,4.5
한국중부발전㈜보령발전본부,3,2025-01-10 12:00,TSP,1.62
한국중부발전㈜보령발전본부,3,2025-01-10 12:00,SOx,3.93
한국중부발전㈜보령발전본부,3,2025-01-10 12:00,NOx,4.48
한국중부발전㈜보령발전본부,3,2025-01-10 12:30,TSP,1.6
한국중부발전㈜보령발전본부,3,2025-01-10 12:30,SOx,3.8
한국중부발전㈜보령발전본부,3,2025-01-10 12:30,NOx,4.7
한국중부발전㈜보령발전본부,3,2025-01-10 13:00,TSP,1.7
한국중부발전㈜보령발전본부,3,2025-01-10 13:00,SOx,3.7
한국중부발전㈜보령발전본부,3,2025-01-10 13:00,NOx,5.3
한국중부발전㈜보령발전본부,3,2025-01-10 13:30,TSP,1.82
한국중부발전㈜보령발전본부,3,2025-01-10 13:30,SOx,3.73
한국중부발전㈜보령발전본부,3,2025-01-10 13:30,NOx,5.72
한국중부발전㈜보령발전본부,3,2025-01-10 14:00,TSP,1.94
한국중부발전㈜보령발전본부,3,2025-01-10 14:00,SOx,4.17
한국중부발전㈜보령발전본부,3,2025-01-10 14:00,NOx,3.8
한국중부발전㈜보령발전본부,3,2025-01-10 14:30,TSP,2.04
한국중부발전㈜보령발전본부,3,2025-01-10 14:30,SOx,3.9
한국중부발전㈜보령발전본부,3,2025-01-10 14:30,NOx,3.44
한국중부발전㈜보령발전본부,3,2025-01-10 15:00,TSP,2.02
한국중부발전㈜보령발전본부,3,2025-01-10 15:00,SOx,3.86
한국중부발전㈜보령발전본부,3,2025-01-10 15:00,NOx,3.94
한국중부발전㈜보령발전본부,3,2025-01-10 15:30,TSP,2.0
한국중부발전㈜보령발전본부,3,2025-01-10 15:30,SOx,3.7
한국중부발전㈜보령발전본부,3,2025-01-10 15:30,NOx,3.62
한국중부발전㈜보령발전본부,3,2025-01-10 16:00,TSP,2.04
한국중부발전㈜보령발전본부,3,2025-01-10 16:00,SOx,3.75
한국중부발전㈜보령발전본부,3,2025-01-10 16:00,NOx,3.31
한국중부발전㈜보령발전본부,3,2025-01-10 16:30,TSP,2.09
한국중부발전㈜보령발전본부,3,2025-01-10 16:30,SOx,3.61
한국중부발전㈜보령발전본부,3,2025-01-10 16:30,NOx,3.4
한국중부발전㈜보령발전본부,3,2025-01-10 17:00,TSP,2.13
한국중부발전㈜보령발전본부,3,2025-01-10 17:00,SOx,3.69
한국중부발전㈜보령발전본부,3,2025-01-10 17:00,NOx,3.74
한국중부발전㈜보령발전본부,3,2025-01-10 17:30,TSP,2.21
한국중부발전㈜보령발전본부,3,2025-01-10 17:30,SOx,3.75
한국중부발전㈜보령발전본부,3,2025-01-10 17:30,NOx,3.51
한국중부발전㈜보령발전본부,3,2025-01-10 18:00,TSP,2.32
한국중부발전㈜보령발전본부,3,2025-01-10 18:00,SOx,3.59
한국중부발전㈜보령발전본부,3,2025-01-10 18:00,NOx,2.84
한국중부발전㈜보령발전본부,3,2025-01-10 18:30,TSP,2.32
한국중부발전㈜보령발전본부,3,2025-01-10 18:30,SOx,3.4
한국중부발전㈜보령발전본부,3,2025-01-10 18:30,NOx,2.46
한국중부발전㈜보령발전본부,3,2025-01-10 19:00,TSP,2.41
한국중부발전㈜보령발전본부,3,2025-01-10 19:00,SOx,3.4
한국중부발전㈜보령발전본부,3,2025-01-10 19:00,NOx,2.51
한국중부발전㈜보령발전본부,3,2025-01-10 19:30,TSP,2.44
한국중부발전㈜보령발전본부,3,2025-01-10 19:30,SOx,3.45
한국중부발전㈜보령발전본부,3,2025-01-10 19:30,NOx,2.6
한국중부발전㈜보령발전본부,3,2025-01-10 20:00,TSP,2.49
한국중부발전㈜보령발전본부,3,2025-01-10 20:00,SOx,3.46
한국중부발전㈜보령발전본부,3,2025-01-10 20:00,NOx,2.37
한국중부발전㈜보령발전본부,3,2025-01-10 20:30,TSP,2.5
한국중부발전㈜보령발전본부,3,2025-01-10 20:30,SOx,3.62
한국중부발전㈜보령발전본부,3,2025-01-10 20:30,NOx,2.79
한국중부발전㈜보령발전본부,3,2025-01-10 21:00,TSP,2.55
한국중부발전㈜보령발전본부,3,2025-01-10 21:00,SOx,3.52
한국중부발전㈜보령발전본부,3,2025-01-10 21:00,NOx,3.12
한국중부발전㈜보령발전본부,3,2025-01-10 21:30,TSP,2.56
한국중부발전㈜보령발전본부,3,2025-01-10 21:30,SOx,3.58
한국중부발전㈜보령발전본부,3,2025-01-10 21:30,NOx,3.1
한국중부발전㈜보령발전본부,3,2025-01-10 22:00,TSP,2.56
한국중부발전㈜보령발전본부,3,2025-01-10 22:00,SOx,3.61
한국중부발전㈜보령발전본부,3,2025-01-10 22:00,NOx,2.76
한국중부발전㈜보령발전본부,3,2025-01-10 22:30,TSP,2.45
한국중부발전㈜보령발전본부,3,2025-01-10 22:30,SOx,3.53
한국중부발전㈜보령발전본부,3,2025-01-10 22:30,NOx,2.63
한국중부발전㈜보령발전본부,3,2025-01-10 23:00,TSP,2.34
한국중부발전㈜보령발전본부,3,2025-01-10 23:00,SOx,3.42
한국중부발전㈜보령발전본부,3,2025-01-10 23:00,NOx,2.98
한국중부발전㈜보령발전본부,3,2025-01-10 23:30,TSP,2.22
한국중부발전㈜보령발전본부,3,2025-01-10 23:30,SOx,3.4
한국중부발전㈜보령발전본부,3,2025-01-10 23:30,NOx,3.47
한국중부발전㈜보령발전본부,3,2025-01-11 00:00,TSP,2.15
한국중부발전㈜보령발전본부,3,2025-01-11 00:00,SOx,3.55
한국중부발전㈜보령발전본부,3,2025-01-11 00:00,NOx,3.97
한국중부발전㈜보령발전본부,3,2025-01-11 00:30,TSP,2.09
한국중부발전㈜보령발전본부,3,2025-01-11 00:30,SOx,3.29
한국중부발전㈜보령발전본부,3,2025-01-11 00:30,NOx,3.28
한국중부발전㈜보령발전본부,3,2025-01-11 01:00,TSP,2.09
한국중부발전㈜보령발전본부,3,2025-01-11 01:00,SOx,3.44
한국중부발전㈜보령발전본부,3,2025-01-11 01:00,NOx,2.96
한국중부발전㈜보령발전본부,3,2025-01-11 01:30,TSP,2.08
한국중부발전㈜보령발전본부,3,2025-01-11 01:30,SOx,3.41
한국중부발전㈜보령발전본부,3,2025-01-11 01:30,NOx,2.4
한국중부발전㈜보령발전본부,3,2025-01-11 02:00,TSP,2.09
한국중부발전㈜보령발전본부,3,2025-01-11 02:00,SOx,3.54
한국중부발전㈜보령발전본부,3,2025-01-11 02:00,NOx,2.15
한국중부발전㈜보령발전본부,3,2025-01-11 02:30,TSP,2.03
한국중부발전㈜보령발전본부,3,2025-01-11 02:30,SOx,3.56
한국중부발전㈜보령발전본부,3,2025-01-11 02:30,NOx,1.62
한국중부발전㈜보령발전본부,3,2025-01-11 03:00,TSP,2.05
한국중부발전㈜보령발전본부,3,2025-01-11 03:00,SOx,3.62
한국중부발전㈜보령발전본부,3,2025-01-11 03:00,NOx,1.28
한국중부발전㈜보령발전본부,3,2025-01-11 03:30,TSP,2.06
한국중부발전㈜보령발전본부,3,2025-01-11 03:30,SOx,3.43
한국중부발전㈜보령발전본부,3,2025-01-11 03:30,NOx,0.83
한국중부발전㈜보령발전본부,3,2025-01-11 04:00,TSP,2.04
한국중부발전㈜보령발전본부,3,2025-01-11 04:00,SOx,3.81
한국중부발전㈜보령발전본부,3,2025-01-11 04:00,NOx,1.05
한국중부발전㈜보령발전본부,3,2025-01-11 04:30,TSP,2.03
한국중부발전㈜보령발전본부,3,2025-01-11 04:30,SOx,3.79
한국중부발전㈜보령발전본부,3,2025-01-11 04:30,NOx,1.6
한국중부발전㈜보령발전본부,3,2025-01-11 05:00,TSP,2.08
한국중부발전㈜보령발전본부,3,2025-01-11 05:00,SOx,3.88
한국중부발전㈜보령발전본부,3,2025-01-11 05:00,NOx,2.09
한국중부발전㈜보령발전본부,3,2025-01-11 05:30,TSP,2.12
한국중부발전㈜보령발전본부,3,2025-01-11 05:30,SOx,3.87
한국중부발전㈜보령발전본부,3,2025-01-11 05:30,NOx,2.0
한국중부발전㈜보령발전본부,3,2025-01-11 06:00,TSP,2.09
한국중부발전㈜보령발전본부,3,2025-01-11 06:00,SOx,3.81
한국중부발전㈜보령발전본부,3,2025-01-11 06:00,NOx,2.55
한국중부발전㈜보령발전본부,3,2025-01-11 06:30,TSP,2.09
한국중부발전㈜보령발전본부,3,2025-01-11 06:30,SOx,3.89
한국중부발전㈜보령발전본부,3,2025-01-11 06:30,NOx,3.2
한국중부발전㈜보령발전본부,3,2025-01-11 07:00,TSP,2.14
한국중부발전㈜보령발전본부,3,2025-01-11 07:00,SOx,3.87
한국중부발전㈜보령발전본부,3,2025-01-11 07:00,NOx,3.07
한국중부발전㈜보령발전본부,3,2025-01-11 07:30,TSP,2.13
한국중부발전㈜보령발전본부,3,2025-01-11 07:30,SOx,3.89
한국중부발전㈜보령발전본부,3,2025-01-11 07:30,NOx,3.42
한국중부발전㈜보령발전본부,3,2025-01-11 08:00,TSP,2.19
한국중부발전㈜보령발전본부,3,2025-01-11 08:00,SOx,3.86
한국중부발전㈜보령발전본부,3,2025-01-11 08:00,NOx,4.24
한국중부발전㈜보령발전본부,3,2025-01-11 08:30,TSP,2.25
한국중부발전㈜보령발전본부,3,2025-01-11 08:30,SOx,3.65
한국중부발전㈜보령발전본부,3,2025-01-11 08:30,NOx,4.66
한국중부발전㈜보령발전본부,3,2025-01-11 09:00,TSP,2.31
한국중부발전㈜보령발전본부,3,2025-01-11 09:00,SOx,3.82
한국중부발전㈜보령발전본부,3,2025-01-11 09:00,NOx,4.85
한국중부발전㈜보령발전본부,3,2025-01-11 09:30,TSP,2.3
한국중부발전㈜보령발전본부,3,2025-01-11 09:30,SOx,3.73
한국중부발전㈜보령발전본부,3,2025-01-11 09:30,NOx,4.96
한국중부발전㈜보령발전본부,3,2025-01-11 10:00,TSP,2.39
한국중부발전㈜보령발전본부,3,2025-01-11 10:00,SOx,3.88
한국중부발전㈜보령발전본부,3,2025-01-11 10:00,NOx,4.12
한국중부발전㈜보령발전본부,3,2025-01-11 10:30,TSP,2.54
한국중부발전㈜보령발전본부,3,2025-01-11 10:30,SOx,3.66
한국중부발전㈜보령발전본부,3,2025-01-11 10:30,NOx,3.87
한국중부발전㈜보령발전본부,3,2025-01-11 11:00,TSP,2.37
한국중부발전㈜보령발전본부,3,2025-01-11 11:00,SOx,3.82
한국중부발전㈜보령발전본부,3,2025-01-11 11:00,NOx,4.42
한국중부발전㈜보령발전본부,3,2025-01-11 11:30,TSP,2.2
한국중부발전㈜보령발전본부,3,2025-01-11 11:30,SOx,4.16
한국중부발전㈜보령발전본부,3,2025-01-11 11:30,NOx,4.32
한국중부발전㈜보령발전본부,3,2025-01-11 12:00,TSP,2.18
한국중부발전㈜보령발전본부,3,2025-01-11 12:00,SOx,4.12
한국중부발전㈜보령발전본부,3,2025-01-11 12:00,NOx,4.25
한국중부발전㈜보령발전본부,3,2025-01-11 12:30,TSP,2.14
한국중부발전㈜보령발전본부,3,2025-01-11 12:30,SOx,4.14
한국중부발전㈜보령발전본부,3,2025-01-11 12:30,NOx,4.21
한국중부발전㈜보령발전본부,3,2025-01-11 13:00,TSP,2.15
한국중부발전㈜보령발전본부,3,2025-01-11 13:00,SOx,3.98
한국중부발전㈜보령발전본부,3,2025-01-11 13:00,NOx,4.32
한국중부발전㈜보령발전본부,3,2025-01-11 13:30,TSP,2.19
한국중부발전㈜보령발전본부,3,2025-01-11 13:30,SOx,4.03
한국중부발전㈜보령발전본부,3,2025-01-11 13:30,NOx,4.31
한국중부발전㈜보령발전본부,3,2025-01-11 14:00,TSP,2.27
한국중부발전㈜보령발전본부,3,2025-01-11 14:00,SOx,3.88
한국중부발전㈜보령발전본부,3,2025-01-11 14:00,NOx,4.03
한국중부발전㈜보령발전본부,3,2025-01-11 14:30,TSP,2.34
한국중부발전㈜보령발전본부,3,2025-01-11 14:30,SOx,3.83
한국중부발전㈜보령발전본부,3,2025-01-11 14:30,NOx,3.99
한국중부발전㈜보령발전본부,3,2025-01-11 15:00,TSP,2.37
한국중부발전㈜보령발전본부,3,2025-01-11 15:00,SOx,3.77
한국중부발전㈜보령발전본부,3,2025-01-11 15:00,NOx,3.96
한국중부발전㈜보령발전본부,3,2025-01-11 15:30,TSP,2.37
한국중부발전㈜보령발전본부,3,2025-01-11 15:30,SOx,3.65
한국중부발전㈜보령발전본부,3,2025-01-11 15:30,NOx,4.47
한국중부발전㈜보령발전본부,3,2025-01-11 16:00,TSP,2.36
한국중부발전㈜보령발전본부,3,2025-01-11 16:00,SOx,3.66
한국중부발전㈜보령발전본부,3,2025-01-11 16:00,NOx,4.45
한국중부발전㈜보령발전본부,3,2025-01-11 16:30,TSP,2.31
한국중부발전㈜보령발전본부,3,2025-01-11 16:30,SOx,3.88
한국중부발전㈜보령발전본부,3,2025-01-11 16:30,NOx,4.68
한국중부발전㈜보령발전본부,3,2025-01-11 17:00,TSP,2.32
한국중부발전㈜보령발전본부,3,2025-01-11 17:00,SOx,3.77
한국중부발전㈜보령발전본부,3,2025-01-11 17:00,NOx,3.7
한국중부발전㈜보령발전본부,3,2025-01-11 17:30,TSP,2.3
한국중부발전㈜보령발전본부,3,2025-01-11 17:30,SOx,3.6
한국중부발전㈜보령발전본부,3,2025-01-11 17:30,NOx,3.44
한국중부발전㈜보령발전본부,3,2025-01-11 18:00,TSP,2.28
한국중부발전㈜보령발전본부,3,2025-01-11 18:00,SOx,3.53
한국중부발전㈜보령발전본부,3,2025-01-11 18:00,NOx,3.41
한국중부발전㈜보령발전본부,3,2025-01-11 18:30,TSP,2.28
한국중부발전㈜보령발전본부,3,2025-01-11 18:30,SOx,3.62
한국중부발전㈜보령발전본부,3,2025-01-11 18:30,NOx,4.22
한국중부발전㈜보령발전본부,3,2025-01-11 19:00,TSP,2.26
한국중부발전㈜보령발전본부,3,2025-01-11 19:00,SOx,3.68
한국중부발전㈜보령발전본부,3,2025-01-11 19:00,NOx,3.53
한국중부발전㈜보령발전본부,3,2025-01-11 19:30,TSP,2.24
한국중부발전㈜보령발전본부,3,2025-01-11 19:30,SOx,3.75
한국중부발전㈜보령발전본부,3,2025-01-11 19:30,NOx,3.11
한국중부발전㈜보령발전본부,3,2025-01-11 20:00,TSP,2.19
한국중부발전㈜보령발전본부,3,2025-01-11 20:00,SOx,3.81
한국중부발전㈜보령발전본부,3,2025-01-11 20:00,NOx,3.26
한국중부발전㈜보령발전본부,3,2025-01-11 20:30,TSP,2.17
한국중부발전㈜보령발전본부,3,2025-01-11 20:30,SOx,3.77
한국중부발전㈜보령발전본부,3,2025-01-11 20:30,NOx,3.9
한국중부발전㈜보령발전본부,3,2025-01-11 21:00,TSP,2.17
한국중부발전㈜보령발전본부,3,2025-01-11 21:00,SOx,3.96
한국중부발전㈜보령발전본부,3,2025-01-11 21:00,NOx,3.98
한국중부발전㈜보령발전본부,3,2025-01-11 21:30,TSP,2.1
한국중부발전㈜보령발전본부,3,2025-01-11 21:30,SOx,3.77
한국중부발전㈜보령발전본부,3,2025-01-11 21:30,NOx,4.32
한국중부발전㈜보령발전본부,3,2025-01-11 22:00,TSP,2.04
한국중부발전㈜보령발전본부,3,2025-01-11 22:00,SOx,3.73
한국중부발전㈜보령발전본부,3,2025-01-11 22:00,NOx,4.62
한국중부발전㈜보령발전본부,3,2025-01-11 22:30,TSP,1.98
한국중부발전㈜보령발전본부,3,2025-01-11 22:30,SOx,3.96
한국중부발전㈜보령발전본부,3,2025-01-11 22:30,NOx,4.67
한국중부발전㈜보령발전본부,3,2025-01-11 23:00,TSP,1.96
한국중부발전㈜보령발전본부,3,2025-01-11 23:00,SOx,4.06
한국중부발전㈜보령발전본부,3,2025-01-11 23:00,NOx,4.77
한국중부발전㈜보령발전본부,3,2025-01-11 23:30,TSP,1.95
한국중부발전㈜보령발전본부,3,2025-01-11 23:30,SOx,3.96
한국중부발전㈜보령발전본부,3,2025-01-11 23:30,NOx,4.48
한국중부발전㈜보령발전본부,3,2025-01-12 00:00,TSP,1.91
한국중부발전㈜보령발전본부,3,2025-01-12 00:00,SOx,4.07
한국중부발전㈜보령발전본부,3,2025-01-12 00:00,NOx,4.47
한국중부발전㈜보령발전본부,3,2025-01-12 00:30,TSP,1.91
한국중부발전㈜보령발전본부,3,2025-01-12 00:30,SOx,3.94
한국중부발전㈜보령발전본부,3,2025-01-12 00:30,NOx,4.87
한국중부발전㈜보령발전본부,3,2025-01-12 01:00,TSP,1.93
한국중부발전㈜보령발전본부,3,2025-01-12 01:00,SOx,3.84
한국중부발전㈜보령발전본부,3,2025-01-12 01:00,NOx,4.56
한국중부발전㈜보령발전본부,3,2025-01-12 01:30,TSP,1.92
한국중부발전㈜보령발전본부,3,2025-01-12 01:30,SOx,3.95
한국중부발전㈜보령발전본부,3,2025-01-12 01:30,NOx,4.66
한국중부발전㈜보령발전본부,3,2025-01-12 02:00,TSP,1.95
한국중부발전㈜보령발전본부,3,2025-01-12 02:00,SOx,3.85
한국중부발전㈜보령발전본부,3,2025-01-12 02:00,NOx,4.46
한국중부발전㈜보령발전본부,3,2025-01-12 02:30,TSP,1.92
한국중부발전㈜보령발전본부,3,2025-01-12 02:30,SOx,3.86
한국중부발전㈜보령발전본부,3,2025-01-12 02:30,NOx,4.26
한국중부발전㈜보령발전본부,3,2025-01-12 03:00,TSP,1.94
한국중부발전㈜보령발전본부,3,2025-01-12 03:00,SOx,3.9
한국중부발전㈜보령발전본부,3,2025-01-12 03:00,NOx,4.72
한국중부발전㈜보령발전본부,3,2025-01-12 03:30,TSP,1.96
한국중부발전㈜보령발전본부,3,2025-01-12 03:30,SOx,4.13
한국중부발전㈜보령발전본부,3,2025-01-12 03:30,NOx,5.2
한국중부발전㈜보령발전본부,3,2025-01-12 04:00,TSP,1.98
한국중부발전㈜보령발전본부,3,2025-01-12 04:00,SOx,3.92
한국중부발전㈜보령발전본부,3,2025-01-12 04:00,NOx,5.23
한국중부발전㈜보령발전본부,3,2025-01-12 04:30,TSP,1.94
한국중부발전㈜보령발전본부,3,2025-01-12 04:30,SOx,3.82
한국중부발전㈜보령발전본부,3,2025-01-12 04:30,NOx,5.01
한국중부발전㈜보령발전본부,3,2025-01-12 05:00,TSP,1.93
한국중부발전㈜보령발전본부,3,2025-01-12 05:00,SOx,3.89
한국중부발전㈜보령발전본부,3,2025-01-12 05:00,NOx,5.22
한국중부발전㈜보령발전본부,3,2025-01-12 05:30,TSP,1.9
한국중부발전㈜보령발전본부,3,2025-01-12 05:30,SOx,3.87
한국중부발전㈜보령발전본부,3,2025-01-12 05:30,NOx,5.05
한국중부발전㈜보령발전본부,3,2025-01-12 06:00,TSP,1.93
한국중부발전㈜보령발전본부,3,2025-01-12 06:00,SOx,3.64
한국중부발전㈜보령발전본부,3,2025-01-12 06:00,NOx,5.26
한국중부발전㈜보령발전본부,3,2025-01-12 06:30,TSP,1.95
한국중부발전㈜보령발전본부,3,2025-01-12 06:30,SOx,3.64
한국중부발전㈜보령발전본부,3,2025-01-12 06:30,NOx,5.24
한국중부발전㈜보령발전본부,3,2025-01-12 07:00,TSP,1.89
한국중부발전㈜보령발전본부,3,2025-01-12 07:00,SOx,3.58
한국중부발전㈜보령발전본부,3,2025-01-12 07:00,NOx,5.12
한국중부발전㈜보령발전본부,3,2025-01-12 07:30,TSP,1.77
한국중부발전㈜보령발전본부,3,2025-01-12 07:30,SOx,3.81
한국중부발전㈜보령발전본부,3,2025-01-12 07:30,NOx,4.93
한국중부발전㈜보령발전본부,3,2025-01-12 08:00,TSP,1.77
한국중부발전㈜보령발전본부,3,2025-01-12 08:00,SOx,3.79
한국중부발전㈜보령발전본부,3,2025-01-12 08:00,NOx,5.29
한국중부발전㈜보령발전본부,3,2025-01-12 08:30,TSP,1.77
한국중부발전㈜보령발전본부,3,2025-01-12 08:30,SOx,3.65
한국중부발전㈜보령발전본부,3,2025-01-12 08:30,NOx,5.0
한국중부발전㈜보령발전본부,3,2025-01-12 09:00,TSP,1.82
한국중부발전㈜보령발전본부,3,2025-01-12 09:00,SOx,3.58
한국중부발전㈜보령발전본부,3,2025-01-12 09:00,NOx,5.08
한국중부발전㈜보령발전본부,3,2025-01-12 09:30,TSP,1.86
한국중부발전㈜보령발전본부,3,2025-01-12 09:30,SOx,3.59
한국중부발전㈜보령발전본부,3,2025-01-12 09:30,NOx,2.87
한국중부발전㈜보령발전본부,3,2025-01-12 10:00,TSP,1.88
한국중부발전㈜보령발전본부,3,2025-01-12 10:00,SOx,3.47
한국중부발전㈜보령발전본부,3,2025-01-12 10:00,NOx,1.33
한국중부발전㈜보령발전본부,3,2025-01-12 10:30,TSP,1.85
한국중부발전㈜보령발전본부,3,2025-01-12 10:30,SOx,3.27
한국중부발전㈜보령발전본부,3,2025-01-12 10:30,NOx,1.18
한국중부발전㈜보령발전본부,3,2025-01-12 11:00,TSP,1.9
한국중부발전㈜보령발전본부,3,2025-01-12 11:00,SOx,3.3
한국중부발전㈜보령발전본부,3,2025-01-12 11:00,NOx,0.58
한국중부발전㈜보령발전본부,3,2025-01-12 11:30,TSP,1.84
한국중부발전㈜보령발전본부,3,2025-01-12 11:30,SOx,3.48
한국중부발전㈜보령발전본부,3,2025-01-12 11:30,NOx,0.63
한국중부발전㈜보령발전본부,3,2025-01-12 12:00,TSP,1.75
한국중부발전㈜보령발전본부,3,2025-01-12 12:00,SOx,3.4
한국중부발전㈜보령발전본부,3,2025-01-12 12:00,NOx,0.56
한국중부발전㈜보령발전본부,3,2025-01-12 12:30,TSP,1.75
한국중부발전㈜보령발전본부,3,2025-01-12 12:30,SOx,3.56
한국중부발전㈜보령발전본부,3,2025-01-12 12:30,NOx,0.25
한국중부발전㈜보령발전본부,3,2025-01-12 13:00,TSP,1.78
한국중부발전㈜보령발전본부,3,2025-01-12 13:00,SOx,3.67
한국중부발전㈜보령발전본부,3,2025-01-12 13:00,NOx,0.59
한국중부발전㈜보령발전본부,3,2025-01-12 13:30,TSP,1.87
한국중부발전㈜보령발전본부,3,2025-01-12 13:30,SOx,3.78
한국중부발전㈜보령발전본부,3,2025-01-12 13:30,NOx,0.99
한국중부발전㈜보령발전본부,3,2025-01-12 14:00,TSP,1.8
한국중부발전㈜보령발전본부,3,2025-01-12 14:00,SOx,3.91
한국중부발전㈜보령발전본부,3,2025-01-12 14:00,NOx,1.04
한국중부발전㈜보령발전본부,3,2025-01-12 14:30,TSP,1.84
한국중부발전㈜보령발전본부,3,2025-01-12 14:30,SOx,3.72
한국중부발전㈜보령발전본부,3,2025-01-12 14:30,NOx,0.9
한국중부발전㈜보령발전본부,3,2025-01-12 15:00,TSP,1.8
한국중부발전㈜보령발전본부,3,2025-01-12 15:00,SOx,3.94
한국중부발전㈜보령발전본부,3,2025-01-12 15:00,NOx,0.63
한국중부발전㈜보령발전본부,3,2025-01-12 15:30,TSP,1.88
한국중부발전㈜보령발전본부,3,2025-01-12 15:30,SOx,3.9
한국중부발전㈜보령발전본부,3,2025-01-12 15:30,NOx,0.52
한국중부발전㈜보령발전본부,3,2025-01-12 16:00,TSP,1.94
한국중부발전㈜보령발전본부,3,2025-01-12 16:00,SOx,3.56
한국중부발전㈜보령발전본부,3,2025-01-12 16:00,NOx,0.3
한국중부발전㈜보령발전본부,3,2025-01-12 16:30,TSP,1.87
한국중부발전㈜보령발전본부,3,2025-01-12 16:30,SOx,3.6
한국중부발전㈜보령발전본부,3,2025-01-12 16:30,NOx,0.71
한국중부발전㈜보령발전본부,3,2025-01-12 17:00,TSP,1.99
한국중부발전㈜보령발전본부,3,2025-01-12 17:00,SOx,3.42
한국중부발전㈜보령발전본부,3,2025-01-12 17:00,NOx,0.66
한국중부발전㈜보령발전본부,3,2025-01-12 17:30,TSP,1.98
한국중부발전㈜보령발전본부,3,2025-01-12 17:30,SOx,3.4
한국중부발전㈜보령발전본부,3,2025-01-12 17:30,NOx,0.31
한국중부발전㈜보령발전본부,3,2025-01-12 18:00,TSP,2.04
한국중부발전㈜보령발전본부,3,2025-01-12 18:00,SOx,3.59
한국중부발전㈜보령발전본부,3,2025-01-12 18:00,NOx,0.08
한국중부발전㈜보령발전본부,3,2025-01-12 18:30,TSP,2.04
한국중부발전㈜보령발전본부,3,2025-01-12 18:30,SOx,3.58
한국중부발전㈜보령발전본부,3,2025-01-12 18:30,NOx,0.06
한국중부발전㈜보령발전본부,3,2025-01-12 19:00,TSP,2.09
한국중부발전㈜보령발전본부,3,2025-01-12 19:00,SOx,3.64
한국중부발전㈜보령발전본부,3,2025-01-12 19:00,NOx,0.06
한국중부발전㈜보령발전본부,3,2025-01-12 19:30,TSP,2.1
한국중부발전㈜보령발전본부,3,2025-01-12 19:30,SOx,3.41
한국중부발전㈜보령발전본부,3,2025-01-12 19:30,NOx,0.1
한국중부발전㈜보령발전본부,3,2025-01-12 20:00,TSP,2.13
한국중부발전㈜보령발전본부,3,2025-01-12 20:00,SOx,3.49
한국중부발전㈜보령발전본부,3,2025-01-12 20:00,NOx,0.48
한국중부발전㈜보령발전본부,3,2025-01-12 20:30,TSP,2.13
한국중부발전㈜보령발전본부,3,2025-01-12 20:30,SOx,3.59
한국중부발전㈜보령발전본부,3,2025-01-12 20:30,NOx,0.35
한국중부발전㈜보령발전본부,3,2025-01-12 21:00,TSP,2.13
한국중부발전㈜보령발전본부,3,2025-01-12 21:00,SOx,3.54
한국중부발전㈜보령발전본부,3,2025-01-12 21:00,NOx,0.58
한국중부발전㈜보령발전본부,3,2025-01-12 21:30,TSP,2.04
한국중부발전㈜보령발전본부,3,2025-01-12 21:30,SOx,3.4
한국중부발전㈜보령발전본부,3,2025-01-12 21:30,NOx,0.35
한국중부발전㈜보령발전본부,3,2025-01-12 22:00,TSP,1.95
한국중부발전㈜보령발전본부,3,2025-01-12 22:00,SOx,3.34
한국중부발전㈜보령발전본부,3,2025-01-12 22:00,NOx,0.15
한국중부발전㈜보령발전본부,3,2025-01-12 22:30,TSP,1.84
한국중부발전㈜보령발전본부,3,2025-01-12 22:30,SOx,3.2
한국중부발전㈜보령발전본부,3,2025-01-12 22:30,NOx,0.14
한국중부발전㈜보령발전본부,3,2025-01-12 23:00,TSP,1.78
한국중부발전㈜보령발전본부,3,2025-01-12 23:00,SOx,3.36
한국중부발전㈜보령발전본부,3,2025-01-12 23:00,NOx,0.1
한국중부발전㈜보령발전본부,3,2025-01-12 23:30,TSP,1.71
한국중부발전㈜보령발전본부,3,2025-01-12 23:30,SOx,3.25
한국중부발전㈜보령발전본부,3,2025-01-12 23:30,NOx,0.19
한국중부발전㈜보령발전본부,3,2025-01-13 00:00,TSP,1.77
한국중부발전㈜보령발전본부,3,2025-01-13 00:00,SOx,3.36
한국중부발전㈜보령발전본부,3,2025-01-13 00:00,NOx,0.31
한국중부발전㈜보령발전본부,3,2025-01-13 00:30,TSP,1.94
한국중부발전㈜보령발전본부,3,2025-01-13 00:30,SOx,3.24
한국중부발전㈜보령발전본부,3,2025-01-13 00:30,NOx,0.25
한국중부발전㈜보령발전본부,3,2025-01-13 01:00,TSP,2.04
한국중부발전㈜보령발전본부,3,2025-01-13 01:00,SOx,3.37
한국중부발전㈜보령발전본부,3,2025-01-13 01:00,NOx,0.41
한국중부발전㈜보령발전본부,3,2025-01-13 01:30,TSP,2.07
한국중부발전㈜보령발전본부,3,2025-01-13 01:30,SOx,3.23
한국중부발전㈜보령발전본부,3,2025-01-13 01:30,NOx,0.85
한국중부발전㈜보령발전본부,3,2025-01-13 02:00,TSP,2.15
한국중부발전㈜보령발전본부,3,2025-01-13 02:00,SOx,3.43
한국중부발전㈜보령발전본부,3,2025-01-13 02:00,NOx,0.34
한국중부발전㈜보령발전본부,3,2025-01-13 02:30,TSP,2.09
한국중부발전㈜보령발전본부,3,2025-01-13 02:30,SOx,3.28
한국중부발전㈜보령발전본부,3,2025-01-13 02:30,NOx,0.47
한국중부발전㈜보령발전본부,3,2025-01-13 03:00,TSP,2.1
한국중부발전㈜보령발전본부,3,2025-01-13 03:00,SOx,3.41
한국중부발전㈜보령발전본부,3,2025-01-13 03:00,NOx,0.34
한국중부발전㈜보령발전본부,3,2025-01-13 03:30,TSP,2.09
한국중부발전㈜보령발전본부,3,2025-01-13 03:30,SOx,3.32
한국중부발전㈜보령발전본부,3,2025-01-13 03:30,NOx,0.19
한국중부발전㈜보령발전본부,3,2025-01-13 04:00,TSP,2.09
한국중부발전㈜보령발전본부,3,2025-01-13 04:00,SOx,3.36
한국중부발전㈜보령발전본부,3,2025-01-13 04:00,NOx,0.97
한국중부발전㈜보령발전본부,3,2025-01-13 04:30,TSP,2.01
한국중부발전㈜보령발전본부,3,2025-01-13 04:30,SOx,3.54
한국중부발전㈜보령발전본부,3,2025-01-13 04:30,NOx,1.36
한국중부발전㈜보령발전본부,3,2025-01-13 05:00,TSP,2.04
한국중부발전㈜보령발전본부,3,2025-01-13 05:00,SOx,3.6
한국중부발전㈜보령발전본부,3,2025-01-13 05:00,NOx,1.3
한국중부발전㈜보령발전본부,3,2025-01-13 05:30,TSP,2.09
한국중부발전㈜보령발전본부,3,2025-01-13 05:30,SOx,3.37
한국중부발전㈜보령발전본부,3,2025-01-13 05:30,NOx,1.58
한국중부발전㈜보령발전본부,3,2025-01-13 06:00,TSP,2.12
한국중부발전㈜보령발전본부,3,2025-01-13 06:00,SOx,3.47
한국중부발전㈜보령발전본부,3,2025-01-13 06:00,NOx,0.99
한국중부발전㈜보령발전본부,3,2025-01-13 06:30,TSP,2.17
한국중부발전㈜보령발전본부,3,2025-01-13 06:30,SOx,3.38
한국중부발전㈜보령발전본부,3,2025-01-13 06:30,NOx,1.11
한국중부발전㈜보령발전본부,3,2025-01-13 07:00,TSP,2.18
한국중부발전㈜보령발전본부,3,2025-01-13 07:00,SOx,3.47
한국중부발전㈜보령발전본부,3,2025-01-13 07:00,NOx,1.39
한국중부발전㈜보령발전본부,3,2025-01-13 07:30,TSP,2.18
한국중부발전㈜보령발전본부,3,2025-01-13 07:30,SOx,3.28
한국중부발전㈜보령발전본부,3,2025-01-13 07:30,NOx,0.3
한국중부발전㈜보령발전본부,3,2025-01-13 08:00,TSP,2.15
한국중부발전㈜보령발전본부,3,2025-01-13 08:00,SOx,3.2
한국중부발전㈜보령발전본부,3,2025-01-13 08:00,NOx,0.07
한국중부발전㈜보령발전본부,3,2025-01-13 08:30,TSP,2.2
한국중부발전㈜보령발전본부,3,2025-01-13 08:30,SOx,3.2
한국중부발전㈜보령발전본부,3,2025-01-13 08:30,NOx,0.06
한국중부발전㈜보령발전본부,3,2025-01-13 09:00,TSP,2.48
한국중부발전㈜보령발전본부,3,2025-01-13 09:00,SOx,3.17
한국중부발전㈜보령발전본부,3,2025-01-13 09:00,NOx,0.04
한국중부발전㈜보령발전본부,3,2025-01-13 09:30,TSP,2.5
한국중부발전㈜보령발전본부,3,2025-01-13 09:30,SOx,3.22
한국중부발전㈜보령발전본부,3,2025-01-13 09:30,NOx,0.04
한국중부발전㈜보령발전본부,3,2025-01-13 10:00,TSP,2.52
한국중부발전㈜보령발전본부,3,2025-01-13 10:00,SOx,3.08
한국중부발전㈜보령발전본부,3,2025-01-13 10:00,NOx,0.05
한국중부발전㈜보령발전본부,3,2025-01-13 10:30,TSP,2.37
한국중부발전㈜보령발전본부,3,2025-01-13 10:30,SOx,3.34
한국중부발전㈜보령발전본부,3,2025-01-13 10:30,NOx,0.08
한국중부발전㈜보령발전본부,3,2025-01-13 11:00,TSP,2.35
한국중부발전㈜보령발전본부,3,2025-01-13 11:00,SOx,3.42
한국중부발전㈜보령발전본부,3,2025-01-13 11:00,NOx,0.1
한국중부발전㈜보령발전본부,3,2025-01-13 11:30,TSP,2.37
한국중부발전㈜보령발전본부,3,2025-01-13 11:30,SOx,3.39
한국중부발전㈜보령발전본부,3,2025-01-13 11:30,NOx,0.25
한국중부발전㈜보령발전본부,3,2025-01-13 12:00,TSP,2.2
한국중부발전㈜보령발전본부,3,2025-01-13 12:00,SOx,3.48
한국중부발전㈜보령발전본부,3,2025-01-13 12:00,NOx,0.14
한국중부발전㈜보령발전본부,3,2025-01-13 12:30,TSP,1.95
한국중부발전㈜보령발전본부,3,2025-01-13 12:30,SOx,3.39
한국중부발전㈜보령발전본부,3,2025-01-13 12:30,NOx,0.14
한국중부발전㈜보령발전본부,3,2025-01-13 13:00,TSP,1.95
한국중부발전㈜보령발전본부,3,2025-01-13 13:00,SOx,3.56
한국중부발전㈜보령발전본부,3,2025-01-13 13:00,NOx,0.08
한국중부발전㈜보령발전본부,3,2025-01-13 13:30,TSP,2.19
한국중부발전㈜보령발전본부,3,2025-01-13 13:30,SOx,3.32
한국중부발전㈜보령발전본부,3,2025-01-13 13:30,NOx,0.07
한국중부발전㈜보령발전본부,3,2025-01-13 14:00,TSP,2.22
한국중부발전㈜보령발전본부,3,2025-01-13 14:00,SOx,3.3
한국중부발전㈜보령발전본부,3,2025-01-13 14:00,NOx,0.1
한국중부발전㈜보령발전본부,3,2025-01-13 14:30,TSP,2.19
한국중부발전㈜보령발전본부,3,2025-01-13 14:30,SOx,3.34
한국중부발전㈜보령발전본부,3,2025-01-13 14:30,NOx,0.12
한국중부발전㈜보령발전본부,3,2025-01-13 15:00,TSP,2.16
한국중부발전㈜보령발전본부,3,2025-01-13 15:00,SOx,3.26
한국중부발전㈜보령발전본부,3,2025-01-13 15:00,NOx,0.11
한국중부발전㈜보령발전본부,3,2025-01-13 15:30,TSP,2.2
한국중부발전㈜보령발전본부,3,2025-01-13 15:30,SOx,3.23
한국중부발전㈜보령발전본부,3,2025-01-13 15:30,NOx,0.13
한국중부발전㈜보령발전본부,3,2025-01-13 16:00,TSP,2.27
한국중부발전㈜보령발전본부,3,2025-01-13 16:00,SOx,3.18
한국중부발전㈜보령발전본부,3,2025-01-13 16:00,NOx,0.1
한국중부발전㈜보령발전본부,3,2025-01-13 16:30,TSP,2.27
한국중부발전㈜보령발전본부,3,2025-01-13 16:30,SOx,3.15
한국중부발전㈜보령발전본부,3,2025-01-13 16:30,NOx,0.07
한국중부발전㈜보령발전본부,3,2025-01-13 17:00,TSP,2.28
한국중부발전㈜보령발전본부,3,2025-01-13 17:00,SOx,3.05
한국중부발전㈜보령발전본부,3,2025-01-13 17:00,NOx,0.09
한국중부발전㈜보령발전본부,3,2025-01-13 17:30,TSP,2.25
한국중부발전㈜보령발전본부,3,2025-01-13 17:30,SOx,3.02
한국중부발전㈜보령발전본부,3,2025-01-13 17:30,NOx,0.13
한국중부발전㈜보령발전본부,3,2025-01-13 18:00,TSP,2.22
한국중부발전㈜보령발전본부,3,2025-01-13 18:00,SOx,3.13
한국중부발전㈜보령발전본부,3,2025-01-13 18:00,NOx,0.14
한국중부발전㈜보령발전본부,3,2025-01-13 18:30,TSP,2.22
한국중부발전㈜보령발전본부,3,2025-01-13 18:30,SOx,3.08
한국중부발전㈜보령발전본부,3,2025-01-13 18:30,NOx,0.08
한국중부발전㈜보령발전본부,3,2025-01-13 19:00,TSP,2.37
한국중부발전㈜보령발전본부,3,2025-01-13 19:00,SOx,3.21
한국중부발전㈜보령발전본부,3,2025-01-13 19:00,NOx,0.08
한국중부발전㈜보령발전본부,3,2025-01-13 19:30,TSP,2.53
한국중부발전㈜보령발전본부,3,2025-01-13 19:30,SOx,3.16
한국중부발전㈜보령발전본부,3,2025-01-13 19:30,NOx,0.14
한국중부발전㈜보령발전본부,3,2025-01-13 20:00,TSP,2.52
한국중부발전㈜보령발전본부,3,2025-01-13 20:00,SOx,3.41
한국중부발전㈜보령발전본부,3,2025-01-13 20:00,NOx,0.1
한국중부발전㈜보령발전본부,3,2025-01-13 20:30,TSP,2.46
한국중부발전㈜보령발전본부,3,2025-01-13 20:30,SOx,3.35
한국중부발전㈜보령발전본부,3,2025-01-13 20:30,NOx,0.09
한국중부발전㈜보령발전본부,3,2025-01-13 21:00,TSP,2.58
한국중부발전㈜보령발전본부,3,2025-01-13 21:00,SOx,3.35
한국중부발전㈜보령발전본부,3,2025-01-13 21:00,NOx,0.09
한국중부발전㈜보령발전본부,3,2025-01-13 21:30,TSP,2.6
한국중부발전㈜보령발전본부,3,2025-01-13 21:30,SOx,3.33
한국중부발전㈜보령발전본부,3,2025-01-13 21:30,NOx,0.12
한국중부발전㈜보령발전본부,3,2025-01-13 22:00,TSP,2.57
한국중부발전㈜보령발전본부,3,2025-01-13 22:00,SOx,3.35
한국중부발전㈜보령발전본부,3,2025-01-13 22:00,NOx,0.11
한국중부발전㈜보령발전본부,3,2025-01-13 22:30,TSP,2.42
한국중부발전㈜보령발전본부,3,2025-01-13 22:30,SOx,3.75
한국중부발전㈜보령발전본부,3,2025-01-13 22:30,NOx,0.18
한국중부발전㈜보령발전본부,3,2025-01-13 23:00,TSP,2.4
한국중부발전㈜보령발전본부,3,2025-01-13 23:00,SOx,3.74
한국중부발전㈜보령발전본부,3,2025-01-13 23:00,NOx,0.17
한국중부발전㈜보령발전본부,3,2025-01-13 23:30,TSP,2.29
한국중부발전㈜보령발전본부,3,2025-01-13 23:30,SOx,3.65
한국중부발전㈜보령발전본부,3,2025-01-13 23:30,NOx,0.19
한국중부발전㈜보령발전본부,3,2025-01-14 00:00,TSP,2.23
한국중부발전㈜보령발전본부,3,2025-01-14 00:00,SOx,3.86
한국중부발전㈜보령발전본부,3,2025-01-14 00:00,NOx,0.21
한국중부발전㈜보령발전본부,3,2025-01-14 00:30,TSP,2.17
한국중부발전㈜보령발전본부,3,2025-01-14 00:30,SOx,4.01
한국중부발전㈜보령발전본부,3,2025-01-14 00:30,NOx,0.22
한국중부발전㈜보령발전본부,3,2025-01-14 01:00,TSP,2.2
한국중부발전㈜보령발전본부,3,2025-01-14 01:00,SOx,4.17
한국중부발전㈜보령발전본부,3,2025-01-14 01:00,NOx,0.26
한국중부발전㈜보령발전본부,3,2025-01-14 01:30,TSP,2.21
한국중부발전㈜보령발전본부,3,2025-01-14 01:30,SOx,3.96
한국중부발전㈜보령발전본부,3,2025-01-14 01:30,NOx,0.27
한국중부발전㈜보령발전본부,3,2025-01-14 02:00,TSP,2.2
한국중부발전㈜보령발전본부,3,2025-01-14 02:00,SOx,4.04
한국중부발전㈜보령발전본부,3,2025-01-14 02:00,NOx,0.27
한국중부발전㈜보령발전본부,3,2025-01-14 02:30,TSP,2.17
한국중부발전㈜보령발전본부,3,2025-01-14 02:30,SOx,3.9
한국중부발전㈜보령발전본부,3,2025-01-14 02:30,NOx,0.22
한국중부발전㈜보령발전본부,3,2025-01-14 03:00,TSP,2.17
한국중부발전㈜보령발전본부,3,2025-01-14 03:00,SOx,4.09
한국중부발전㈜보령발전본부,3,2025-01-14 03:00,NOx,0.14
한국중부발전㈜보령발전본부,3,2025-01-14 03:30,TSP,2.18
한국중부발전㈜보령발전본부,3,2025-01-14 03:30,SOx,3.98
한국중부발전㈜보령발전본부,3,2025-01-14 03:30,NOx,0.19
한국중부발전㈜보령발전본부,3,2025-01-14 04:00,TSP,2.14
한국중부발전㈜보령발전본부,3,2025-01-14 04:00,SOx,3.87
한국중부발전㈜보령발전본부,3,2025-01-14 04:00,NOx,0.24
한국중부발전㈜보령발전본부,3,2025-01-14 04:30,TSP,2.11
한국중부발전㈜보령발전본부,3,2025-01-14 04:30,SOx,3.93
한국중부발전㈜보령발전본부,3,2025-01-14 04:30,NOx,0.15
한국중부발전㈜보령발전본부,3,2025-01-14 05:00,TSP,2.14
한국중부발전㈜보령발전본부,3,2025-01-14 05:00,SOx,3.89
한국중부발전㈜보령발전본부,3,2025-01-14 05:00,NOx,0.13
한국중부발전㈜보령발전본부,3,2025-01-14 05:30,TSP,2.18
한국중부발전㈜보령발전본부,3,2025-01-14 05:30,SOx,4.02
한국중부발전㈜보령발전본부,3,2025-01-14 05:30,NOx,0.14
한국중부발전㈜보령발전본부,3,2025-01-14 06:00,TSP,2.2
한국중부발전㈜보령발전본부,3,2025-01-14 06:00,SOx,4.25
한국중부발전㈜보령발전본부,3,2025-01-14 06:00,NOx,0.17
한국중부발전㈜보령발전본부,3,2025-01-14 06:30,TSP,2.25
한국중부발전㈜보령발전본부,3,2025-01-14 06:30,SOx,4.24
한국중부발전㈜보령발전본부,3,2025-01-14 06:30,NOx,0.96
한국중부발전㈜보령발전본부,3,2025-01-14 07:00,TSP,2.3
한국중부발전㈜보령발전본부,3,2025-01-14 07:00,SOx,4.43
한국중부발전㈜보령발전본부,3,2025-01-14 07:00,NOx,1.12
한국중부발전㈜보령발전본부,3,2025-01-14 07:30,TSP,2.44
한국중부발전㈜보령발전본부,3,2025-01-14 07:30,SOx,4.3
한국중부발전㈜보령발전본부,3,2025-01-14 07:30,NOx,1.1
한국중부발전㈜보령발전본부,3,2025-01-14 08:00,TSP,2.41
한국중부발전㈜보령발전본부,3,2025-01-14 08:00,SOx,4.3
한국중부발전㈜보령발전본부,3,2025-01-14 08:00,NOx,4.11
한국중부발전㈜보령발전본부,3,2025-01-14 08:30,TSP,2.4
한국중부발전㈜보령발전본부,3,2025-01-14 08:30,SOx,4.31
한국중부발전㈜보령발전본부,3,2025-01-14 08:30,NOx,5.97
한국중부발전㈜보령발전본부,3,2025-01-14 09:00,TSP,2.5
한국중부발전㈜보령발전본부,3,2025-01-14 09:00,SOx,4.09
한국중부발전㈜보령발전본부,3,2025-01-14 09:00,NOx,2.41
한국중부발전㈜보령발전본부,3,2025-01-14 09:30,TSP,2.56
한국중부발전㈜보령발전본부,3,2025-01-14 09:30,SOx,4.01
한국중부발전㈜보령발전본부,3,2025-01-14 09:30,NOx,2.34
한국중부발전㈜보령발전본부,3,2025-01-14 10:00,TSP,2.57
한국중부발전㈜보령발전본부,3,2025-01-14 10:00,SOx,4.17
한국중부발전㈜보령발전본부,3,2025-01-14 10:00,NOx,1.64
한국중부발전㈜보령발전본부,3,2025-01-14 10:30,TSP,2.52
한국중부발전㈜보령발전본부,3,2025-01-14 10:30,SOx,4.34
한국중부발전㈜보령발전본부,3,2025-01-14 10:30,NOx,1.58
한국중부발전㈜보령발전본부,3,2025-01-14 11:00,TSP,2.37
한국중부발전㈜보령발전본부,3,2025-01-14 11:00,SOx,5.04
한국중부발전㈜보령발전본부,3,2025-01-14 11:00,NOx,2.21
한국중부발전㈜보령발전본부,3,2025-01-14 11:30,TSP,2.3
한국중부발전㈜보령발전본부,3,2025-01-14 11:30,SOx,4.84
한국중부발전㈜보령발전본부,3,2025-01-14 11:30,NOx,2.39
한국중부발전㈜보령발전본부,3,2025-01-14 12:00,TSP,2.06
한국중부발전㈜보령발전본부,3,2025-01-14 12:00,SOx,5.03
한국중부발전㈜보령발전본부,3,2025-01-14 12:00,NOx,2.2
한국중부발전㈜보령발전본부,3,2025-01-14 12:30,TSP,1.9
한국중부발전㈜보령발전본부,3,2025-01-14 12:30,SOx,5.22
한국중부발전㈜보령발전본부,3,2025-01-14 12:30,NOx,1.72
한국중부발전㈜보령발전본부,3,2025-01-14 13:00,TSP,1.94
한국중부발전㈜보령발전본부,3,2025-01-14 13:00,SOx,5.57
한국중부발전㈜보령발전본부,3,2025-01-14 13:00,NOx,1.34
한국중부발전㈜보령발전본부,3,2025-01-14 13:30,TSP,1.97
한국중부발전㈜보령발전본부,3,2025-01-14 13:30,SOx,5.66
한국중부발전㈜보령발전본부,3,2025-01-14 13:30,NOx,0.88
한국중부발전㈜보령발전본부,3,2025-01-14 14:00,TSP,2.04
한국중부발전㈜보령발전본부,3,2025-01-14 14:00,SOx,5.59
한국중부발전㈜보령발전본부,3,2025-01-14 14:00,NOx,1.05
한국중부발전㈜보령발전본부,3,2025-01-14 14:30,TSP,2.02
한국중부발전㈜보령발전본부,3,2025-01-14 14:30,SOx,5.61
한국중부발전㈜보령발전본부,3,2025-01-14 14:30,NOx,0.78
한국중부발전㈜보령발전본부,3,2025-01-14 15:00,TSP,2.08
한국중부발전㈜보령발전본부,3,2025-01-14 15:00,SOx,5.67
한국중부발전㈜보령발전본부,3,2025-01-14 15:00,NOx,0.43
한국중부발전㈜보령발전본부,3,2025-01-14 15:30,TSP,2.06
한국중부발전㈜보령발전본부,3,2025-01-14 15:30,SOx,5.59
한국중부발전㈜보령발전본부,3,2025-01-14 15:30,NOx,0.67
한국중부발전㈜보령발전본부,3,2025-01-14 16:00,TSP,1.97
한국중부발전㈜보령발전본부,3,2025-01-14 16:00,SOx,6.11
한국중부발전㈜보령발전본부,3,2025-01-14 16:00,NOx,0.42
한국중부발전㈜보령발전본부,3,2025-01-14 16:30,TSP,1.92
한국중부발전㈜보령발전본부,3,2025-01-14 16:30,SOx,6.2
한국중부발전㈜보령발전본부,3,2025-01-14 16:30,NOx,0.12
한국중부발전㈜보령발전본부,3,2025-01-14 17:00,TSP,1.92
한국중부발전㈜보령발전본부,3,2025-01-14 17:00,SOx,6.53
한국중부발전㈜보령발전본부,3,2025-01-14 17:00,NOx,0.1
한국중부발전㈜보령발전본부,3,2025-01-14 17:30,TSP,1.91
한국중부발전㈜보령발전본부,3,2025-01-14 17:30,SOx,6.69
한국중부발전㈜보령발전본부,3,2025-01-14 17:30,NOx,0.14
한국중부발전㈜보령발전본부,3,2025-01-14 18:00,TSP,1.86
한국중부발전㈜보령발전본부,3,2025-01-14 18:00,SOx,6.76
한국중부발전㈜보령발전본부,3,2025-01-14 18:00,NOx,0.37
한국중부발전㈜보령발전본부,3,2025-01-14 18:30,TSP,1.86
한국중부발전㈜보령발전본부,3,2025-01-14 18:30,SOx,6.4
한국중부발전㈜보령발전본부,3,2025-01-14 18:30,NOx,0.1
한국중부발전㈜보령발전본부,3,2025-01-14 19:00,TSP,1.87
한국중부발전㈜보령발전본부,3,2025-01-14 19:00,SOx,6.42
한국중부발전㈜보령발전본부,3,2025-01-14 19:00,NOx,0.42
한국중부발전㈜보령발전본부,3,2025-01-14 19:30,TSP,1.86
한국중부발전㈜보령발전본부,3,2025-01-14 19:30,SOx,6.14
한국중부발전㈜보령발전본부,3,2025-01-14 19:30,NOx,0.08
한국중부발전㈜보령발전본부,3,2025-01-14 20:00,TSP,1.82
한국중부발전㈜보령발전본부,3,2025-01-14 20:00,SOx,6.31
한국중부발전㈜보령발전본부,3,2025-01-14 20:00,NOx,0.11
한국중부발전㈜보령발전본부,3,2025-01-14 20:30,TSP,1.83
한국중부발전㈜보령발전본부,3,2025-01-14 20:30,SOx,5.95
한국중부발전㈜보령발전본부,3,2025-01-14 20:30,NOx,0.29
한국중부발전㈜보령발전본부,3,2025-01-14 21:00,TSP,1.84
한국중부발전㈜보령발전본부,3,2025-01-14 21:00,SOx,5.21
한국중부발전㈜보령발전본부,3,2025-01-14 21:00,NOx,0.1
한국중부발전㈜보령발전본부,3,2025-01-14 21:30,TSP,1.96
한국중부발전㈜보령발전본부,3,2025-01-14 21:30,SOx,4.6
한국중부발전㈜보령발전본부,3,2025-01-14 21:30,NOx,0.08
한국중부발전㈜보령발전본부,3,2025-01-14 22:00,TSP,2.03
한국중부발전㈜보령발전본부,3,2025-01-14 22:00,SOx,4.28
한국중부발전㈜보령발전본부,3,2025-01-14 22:00,NOx,0.2
한국중부발전㈜보령발전본부,3,2025-01-14 22:30,TSP,1.97
한국중부발전㈜보령발전본부,3,2025-01-14 22:30,SOx,4.26
한국중부발전㈜보령발전본부,3,2025-01-14 22:30,NOx,0.19
한국중부발전㈜보령발전본부,3,2025-01-14 23:00,TSP,2.08
한국중부발전㈜보령발전본부,3,2025-01-14 23:00,SOx,4.46
한국중부발전㈜보령발전본부,3,2025-01-14 23:00,NOx,0.05
한국중부발전㈜보령발전본부,3,2025-01-14 23:30,TSP,2.05
한국중부발전㈜보령발전본부,3,2025-01-14 23:30,SOx,4.78
한국중부발전㈜보령발전본부,3,2025-01-14 23:30,NOx,0.04
한국중부발전㈜보령발전본부,3,2025-01-15 00:00,TSP,2.01
한국중부발전㈜보령발전본부,3,2025-01-15 00:00,SOx,4.74
한국중부발전㈜보령발전본부,3,2025-01-15 00:00,NOx,0.05
한국중부발전㈜보령발전본부,3,2025-01-15 00:30,TSP,2.01
한국중부발전㈜보령발전본부,3,2025-01-15 00:30,SOx,4.75
한국중부발전㈜보령발전본부,3,2025-01-15 00:30,NOx,0.04
한국중부발전㈜보령발전본부,3,2025-01-15 01:00,TSP,1.89
한국중부발전㈜보령발전본부,3,2025-01-15 01:00,SOx,4.98
한국중부발전㈜보령발전본부,3,2025-01-15 01:00,NOx,0.04
한국중부발전㈜보령발전본부,3,2025-01-15 01:30,TSP,1.81
한국중부발전㈜보령발전본부,3,2025-01-15 01:30,SOx,5.26
한국중부발전㈜보령발전본부,3,2025-01-15 01:30,NOx,0.04
한국중부발전㈜보령발전본부,3,2025-01-15 02:00,TSP,1.8
한국중부발전㈜보령발전본부,3,2025-01-15 02:00,SOx,5.53
한국중부발전㈜보령발전본부,3,2025-01-15 02:00,NOx,0.04
한국중부발전㈜보령발전본부,3,2025-01-15 02:30,TSP,1.77
한국중부발전㈜보령발전본부,3,2025-01-15 02:30,SOx,5.81
한국중부발전㈜보령발전본부,3,2025-01-15 02:30,NOx,0.05
한국중부발전㈜보령발전본부,3,2025-01-15 03:00,TSP,1.79
한국중부발전㈜보령발전본부,3,2025-01-15 03:00,SOx,5.72
한국중부발전㈜보령발전본부,3,2025-01-15 03:00,NOx,0.03
한국중부발전㈜보령발전본부,3,2025-01-15 03:30,TSP,1.82
한국중부발전㈜보령발전본부,3,2025-01-15 03:30,SOx,5.66
한국중부발전㈜보령발전본부,3,2025-01-15 03:30,NOx,0.02
한국중부발전㈜보령발전본부,3,2025-01-15 04:00,TSP,1.83
한국중부발전㈜보령발전본부,3,2025-01-15 04:00,SOx,5.72
한국중부발전㈜보령발전본부,3,2025-01-15 04:00,NOx,0.01
한국중부발전㈜보령발전본부,3,2025-01-15 04:30,TSP,1.81
한국중부발전㈜보령발전본부,3,2025-01-15 04:30,SOx,5.58
한국중부발전㈜보령발전본부,3,2025-01-15 04:30,NOx,0.03
한국중부발전㈜보령발전본부,3,2025-01-15 05:00,TSP,1.83
한국중부발전㈜보령발전본부,3,2025-01-15 05:00,SOx,5.13
한국중부발전㈜보령발전본부,3,2025-01-15 05:00,NOx,0.07
한국중부발전㈜보령발전본부,3,2025-01-15 05:30,TSP,1.82
한국중부발전㈜보령발전본부,3,2025-01-15 05:30,SOx,5.17
한국중부발전㈜보령발전본부,3,2025-01-15 05:30,NOx,0.05
한국중부발전㈜보령발전본부,3,2025-01-15 06:00,TSP,1.76
한국중부발전㈜보령발전본부,3,2025-01-15 06:00,SOx,5.62
한국중부발전㈜보령발전본부,3,2025-01-15 06:00,NOx,0.09
한국중부발전㈜보령발전본부,3,2025-01-15 06:30,TSP,1.76
한국중부발전㈜보령발전본부,3,2025-01-15 06:30,SOx,5.49
한국중부발전㈜보령발전본부,3,2025-01-15 06:30,NOx,0.06
한국중부발전㈜보령발전본부,3,2025-01-15 07:00,TSP,1.76
한국중부발전㈜보령발전본부,3,2025-01-15 07:00,SOx,5.53
한국중부발전㈜보령발전본부,3,2025-01-15 07:00,NOx,0.11
한국중부발전㈜보령발전본부,3,2025-01-15 07:30,TSP,1.77
한국중부발전㈜보령발전본부,3,2025-01-15 07:30,SOx,5.33
한국중부발전㈜보령발전본부,3,2025-01-15 07:30,NOx,0.24
한국중부발전㈜보령발전본부,3,2025-01-15 08:00,TSP,1.76
한국중부발전㈜보령발전본부,3,2025-01-15 08:00,SOx,5.19
한국중부발전㈜보령발전본부,3,2025-01-15 08:00,NOx,0.32
한국중부발전㈜보령발전본부,3,2025-01-15 08:30,TSP,1.74
한국중부발전㈜보령발전본부,3,2025-01-15 08:30,SOx,5.08
한국중부발전㈜보령발전본부,3,2025-01-15 08:30,NOx,0.83
한국중부발전㈜보령발전본부,3,2025-01-15 09:00,TSP,1.77
한국중부발전㈜보령발전본부,3,2025-01-15 09:00,SOx,4.84
한국중부발전㈜보령발전본부,3,2025-01-15 09:00,NOx,1.16
한국중부발전㈜보령발전본부,3,2025-01-15 09:30,TSP,1.73
한국중부발전㈜보령발전본부,3,2025-01-15 09:30,SOx,4.88
한국중부발전㈜보령발전본부,3,2025-01-15 09:30,NOx,1.05
한국중부발전㈜보령발전본부,3,2025-01-15 10:00,TSP,1.73
한국중부발전㈜보령발전본부,3,2025-01-15 10:00,SOx,4.88
한국중부발전㈜보령발전본부,3,2025-01-15 10:00,NOx,1.05
한국중부발전㈜보령발전본부,3,2025-01-15 10:30,TSP,1.73
한국중부발전㈜보령발전본부,3,2025-01-15 10:30,SOx,4.88
한국중부발전㈜보령발전본부,3,2025-01-15 10:30,NOx,1.05
한국중부발전㈜보령발전본부,3,2025-01-15 11:00,TSP,1.73
한국중부발전㈜보령발전본부,3,2025-01-15 11:00,SOx,4.88
한국중부발전㈜보령발전본부,3,2025-01-15 11:00,NOx,1.05
한국중부발전㈜보령발전본부,3,2025-01-15 11:30,TSP,1.73
한국중부발전㈜보령발전본부,3,2025-01-15 11:30,SOx,4.88
한국중부발전㈜보령발전본부,3,2025-01-15 11:30,NOx,1.05
한국중부발전㈜보령발전본부,3,2025-01-15 12:00,TSP,1.73
한국중부발전㈜보령발전본부,3,2025-01-15 12:00,SOx,4.88
한국중부발전㈜보령발전본부,3,2025-01-15 12:00,NOx,1.05
한국중부발전㈜보령발전본부,3,2025-01-15 12:30,TSP,1.73
한국중부발전㈜보령발전본부,3,2025-01-15 12:30,SOx,4.88
한국중부발전㈜보령발전본부,3,2025-01-15 12:30,NOx,1.05
한국중부발전㈜보령발전본부,3,2025-01-15 13:00,TSP,1.73
한국중부발전㈜보령발전본부,3,2025-01-15 13:00,SOx,4.88
한국중부발전㈜보령발전본부,3,2025-01-15 13:00,NOx,1.05
한국중부발전㈜보령발전본부,3,2025-01-15 13:30,TSP,1.73
한국중부발전㈜보령발전본부,3,2025-01-15 13:30,SOx,4.88
한국중부발전㈜보령발전본부,3,2025-01-15 13:30,NOx,1.05
한국중부발전㈜보령발전본부,3,2025-01-15 14:00,TSP,1.73
한국중부발전㈜보령발전본부,3,2025-01-15 14:00,SOx,4.88
한국중부발전㈜보령발전본부,3,2025-01-15 14:00,NOx,1.05
한국중부발전㈜보령발전본부,3,2025-01-15 14:30,TSP,1.73
한국중부발전㈜보령발전본부,3,2025-01-15 14:30,SOx,4.88
한국중부발전㈜보령발전본부,3,2025-01-15 14:30,NOx,1.05
한국중부발전㈜보령발전본부,3,2025-01-15 15:00,TSP,1.73
한국중부발전㈜보령발전본부,3,2025-01-15 15:00,SOx,4.88
한국중부발전㈜보령발전본부,3,2025-01-15 15:00,NOx,1.05
한국중부발전㈜보령발전본부,3,2025-01-15 15:30,TSP,1.73
한국중부발전㈜보령발전본부,3,2025-01-15 15:30,SOx,4.88
한국중부발전㈜보령발전본부,3,2025-01-15 15:30,NOx,1.05
한국중부발전㈜보령발전본부,3,2025-01-15 16:00,TSP,1.89
한국중부발전㈜보령발전본부,3,2025-01-15 16:00,SOx,5.71
한국중부발전㈜보령발전본부,3,2025-01-15 16:00,NOx,1.07
한국중부발전㈜보령발전본부,3,2025-01-15 16:30,TSP,1.82
한국중부발전㈜보령발전본부,3,2025-01-15 16:30,SOx,5.68
한국중부발전㈜보령발전본부,3,2025-01-15 16:30,NOx,1.24
한국중부발전㈜보령발전본부,3,2025-01-15 17:00,TSP,1.89
한국중부발전㈜보령발전본부,3,2025-01-15 17:00,SOx,5.55
한국중부발전㈜보령발전본부,3,2025-01-15 17:00,NOx,0.84
한국중부발전㈜보령발전본부,3,2025-01-15 17:30,TSP,1.8
한국중부발전㈜보령발전본부,3,2025-01-15 17:30,SOx,6.17
한국중부발전㈜보령발전본부,3,2025-01-15 17:30,NOx,0.63
한국중부발전㈜보령발전본부,3,2025-01-15 18:00,TSP,1.8
한국중부발전㈜보령발전본부,3,2025-01-15 18:00,SOx,6.33
한국중부발전㈜보령발전본부,3,2025-01-15 18:00,NOx,0.4
한국중부발전㈜보령발전본부,3,2025-01-15 18:30,TSP,1.8
한국중부발전㈜보령발전본부,3,2025-01-15 18:30,SOx,6.38
한국중부발전㈜보령발전본부,3,2025-01-15 18:30,NOx,0.45
한국중부발전㈜보령발전본부,3,2025-01-15 19:00,TSP,1.8
한국중부발전㈜보령발전본부,3,2025-01-15 19:00,SOx,6.39
한국중부발전㈜보령발전본부,3,2025-01-15 19:00,NOx,0.67
한국중부발전㈜보령발전본부,3,2025-01-15 19:30,TSP,1.8
한국중부발전㈜보령발전본부,3,2025-01-15 19:30,SOx,6.06
한국중부발전㈜보령발전본부,3,2025-01-15 19:30,NOx,1.43
한국중부발전㈜보령발전본부,3,2025-01-15 20:00,TSP,1.87
한국중부발전㈜보령발전본부,3,2025-01-15 20:00,SOx,5.83
한국중부발전㈜보령발전본부,3,2025-01-15 20:00,NOx,1.52
한국중부발전㈜보령발전본부,3,2025-01-15 20:30,TSP,1.85
한국중부발전㈜보령발전본부,3,2025-01-15 20:30,SOx,5.5
한국중부발전㈜보령발전본부,3,2025-01-15 20:30,NOx,1.58
한국중부발전㈜보령발전본부,3,2025-01-15 21:00,TSP,1.9
한국중부발전㈜보령발전본부,3,2025-01-15 21:00,SOx,5.06
한국중부발전㈜보령발전본부,3,2025-01-15 21:00,NOx,1.25
한국중부발전㈜보령발전본부,3,2025-01-15 21:30,TSP,1.91
한국중부발전㈜보령발전본부,3,2025-01-15 21:30,SOx,5.3
한국중부발전㈜보령발전본부,3,2025-01-15 21:30,NOx,0.62
한국중부발전㈜보령발전본부,3,2025-01-15 22:00,TSP,1.85
한국중부발전㈜보령발전본부,3,2025-01-15 22:00,SOx,5.48
한국중부발전㈜보령발전본부,3,2025-01-15 22:00,NOx,0.93
한국중부발전㈜보령발전본부,3,2025-01-15 22:30,TSP,1.78
한국중부발전㈜보령발전본부,3,2025-01-15 22:30,SOx,6.16
한국중부발전㈜보령발전본부,3,2025-01-15 22:30,NOx,1.24
한국중부발전㈜보령발전본부,3,2025-01-15 23:00,TSP,1.77
한국중부발전㈜보령발전본부,3,2025-01-15 23:00,SOx,6.21
한국중부발전㈜보령발전본부,3,2025-01-15 23:00,NOx,1.4
한국중부발전㈜보령발전본부,3,2025-01-15 23:30,TSP,1.86
한국중부발전㈜보령발전본부,3,2025-01-15 23:30,SOx,5.97
한국중부발전㈜보령발전본부,3,2025-01-15 23:30,NOx,1.28
한국중부발전㈜보령발전본부,3,2025-01-16 00:00,TSP,1.77
한국중부발전㈜보령발전본부,3,2025-01-16 00:00,SOx,5.87
한국중부발전㈜보령발전본부,3,2025-01-16 00:00,NOx,1.57
한국중부발전㈜보령발전본부,3,2025-01-16 00:30,TSP,1.73
한국중부발전㈜보령발전본부,3,2025-01-16 00:30,SOx,6.12
한국중부발전㈜보령발전본부,3,2025-01-16 00:30,NOx,2.09
한국중부발전㈜보령발전본부,3,2025-01-16 01:00,TSP,1.73
한국중부발전㈜보령발전본부,3,2025-01-16 01:00,SOx,6.13
한국중부발전㈜보령발전본부,3,2025-01-16 01:00,NOx,2.68
한국중부발전㈜보령발전본부,3,2025-01-16 01:30,TSP,1.7
한국중부발전㈜보령발전본부,3,2025-01-16 01:30,SOx,5.85
한국중부발전㈜보령발전본부,3,2025-01-16 01:30,NOx,3.13
한국중부발전㈜보령발전본부,3,2025-01-16 02:00,TSP,1.71
한국중부발전㈜보령발전본부,3,2025-01-16 02:00,SOx,5.81
한국중부발전㈜보령발전본부,3,2025-01-16 02:00,NOx,3.92
한국중부발전㈜보령발전본부,3,2025-01-16 02:30,TSP,1.71
한국중부발전㈜보령발전본부,3,2025-01-16 02:30,SOx,6.17
한국중부발전㈜보령발전본부,3,2025-01-16 02:30,NOx,4.5
한국중부발전㈜보령발전본부,3,2025-01-16 03:00,TSP,1.72
한국중부발전㈜보령발전본부,3,2025-01-16 03:00,SOx,6.19
한국중부발전㈜보령발전본부,3,2025-01-16 03:00,NOx,4.13
한국중부발전㈜보령발전본부,3,2025-01-16 03:30,TSP,1.68
한국중부발전㈜보령발전본부,3,2025-01-16 03:30,SOx,6.58
한국중부발전㈜보령발전본부,3,2025-01-16 03:30,NOx,2.67
한국중부발전㈜보령발전본부,3,2025-01-16 04:00,TSP,1.7
한국중부발전㈜보령발전본부,3,2025-01-16 04:00,SOx,6.96
한국중부발전㈜보령발전본부,3,2025-01-16 04:00,NOx,2.45
한국중부발전㈜보령발전본부,3,2025-01-16 04:30,TSP,1.7
한국중부발전㈜보령발전본부,3,2025-01-16 04:30,SOx,7.15
한국중부발전㈜보령발전본부,3,2025-01-16 04:30,NOx,2.9
한국중부발전㈜보령발전본부,3,2025-01-16 05:00,TSP,1.73
한국중부발전㈜보령발전본부,3,2025-01-16 05:00,SOx,7.19
한국중부발전㈜보령발전본부,3,2025-01-16 05:00,NOx,2.89
한국중부발전㈜보령발전본부,3,2025-01-16 05:30,TSP,1.73
한국중부발전㈜보령발전본부,3,2025-01-16 05:30,SOx,6.94
한국중부발전㈜보령발전본부,3,2025-01-16 05:30,NOx,3.22
한국중부발전㈜보령발전본부,3,2025-01-16 06:00,TSP,1.75
한국중부발전㈜보령발전본부,3,2025-01-16 06:00,SOx,6.56
한국중부발전㈜보령발전본부,3,2025-01-16 06:00,NOx,2.68
한국중부발전㈜보령발전본부,3,2025-01-16 06:30,TSP,1.73
한국중부발전㈜보령발전본부,3,2025-01-16 06:30,SOx,6.03
한국중부발전㈜보령발전본부,3,2025-01-16 06:30,NOx,2.43
한국중부발전㈜보령발전본부,3,2025-01-16 07:00,TSP,1.76
한국중부발전㈜보령발전본부,3,2025-01-16 07:00,SOx,5.99
한국중부발전㈜보령발전본부,3,2025-01-16 07:00,NOx,2.47
한국중부발전㈜보령발전본부,3,2025-01-16 07:30,TSP,1.76
한국중부발전㈜보령발전본부,3,2025-01-16 07:30,SOx,5.86
한국중부발전㈜보령발전본부,3,2025-01-16 07:30,NOx,2.49
한국중부발전㈜보령발전본부,3,2025-01-16 08:00,TSP,1.77
한국중부발전㈜보령발전본부,3,2025-01-16 08:00,SOx,5.89
한국중부발전㈜보령발전본부,3,2025-01-16 08:00,NOx,2.79
한국중부발전㈜보령발전본부,3,2025-01-16 08:30,TSP,1.77
한국중부발전㈜보령발전본부,3,2025-01-16 08:30,SOx,5.51
한국중부발전㈜보령발전본부,3,2025-01-16 08:30,NOx,2.98
한국중부발전㈜보령발전본부,3,2025-01-16 09:00,TSP,1.8
한국중부발전㈜보령발전본부,3,2025-01-16 09:00,SOx,5.6
한국중부발전㈜보령발전본부,3,2025-01-16 09:00,NOx,3.62
한국중부발전㈜보령발전본부,3,2025-01-16 09:30,TSP,1.81
한국중부발전㈜보령발전본부,3,2025-01-16 09:30,SOx,5.37
한국중부발전㈜보령발전본부,3,2025-01-16 09:30,NOx,3.91
한국중부발전㈜보령발전본부,3,2025-01-16 10:00,TSP,1.87
한국중부발전㈜보령발전본부,3,2025-01-16 10:00,SOx,5.49
한국중부발전㈜보령발전본부,3,2025-01-16 10:00,NOx,4.06
한국중부발전㈜보령발전본부,3,2025-01-16 10:30,TSP,1.88
한국중부발전㈜보령발전본부,3,2025-01-16 10:30,SOx,5.3
한국중부발전㈜보령발전본부,3,2025-01-16 10:30,NOx,3.61
한국중부발전㈜보령발전본부,3,2025-01-16 11:00,TSP,1.93
한국중부발전㈜보령발전본부,3,2025-01-16 11:00,SOx,5.25
한국중부발전㈜보령발전본부,3,2025-01-16 11:00,NOx,3.85
한국중부발전㈜보령발전본부,3,2025-01-16 11:30,TSP,1.92
한국중부발전㈜보령발전본부,3,2025-01-16 11:30,SOx,5.57
한국중부발전㈜보령발전본부,3,2025-01-16 11:30,NOx,4.09
한국중부발전㈜보령발전본부,3,2025-01-16 12:00,TSP,1.93
한국중부발전㈜보령발전본부,3,2025-01-16 12:00,SOx,5.76
한국중부발전㈜보령발전본부,3,2025-01-16 12:00,NOx,4.54
한국중부발전㈜보령발전본부,3,2025-01-16 12:30,TSP,1.88
한국중부발전㈜보령발전본부,3,2025-01-16 12:30,SOx,5.57
한국중부발전㈜보령발전본부,3,2025-01-16 12:30,NOx,3.82
한국중부발전㈜보령발전본부,3,2025-01-16 13:00,TSP,2.03
한국중부발전㈜보령발전본부,3,2025-01-16 13:00,SOx,5.66
한국중부발전㈜보령발전본부,3,2025-01-16 13:00,NOx,3.4
한국중부발전㈜보령발전본부,3,2025-01-16 13:30,TSP,2.27
한국중부발전㈜보령발전본부,3,2025-01-16 13:30,SOx,5.46
한국중부발전㈜보령발전본부,3,2025-01-16 13:30,NOx,3.34
한국중부발전㈜보령발전본부,3,2025-01-16 14:00,TSP,2.26
한국중부발전㈜보령발전본부,3,2025-01-16 14:00,SOx,5.22
한국중부발전㈜보령발전본부,3,2025-01-16 14:00,NOx,7.45
한국중부발전㈜보령발전본부,3,2025-01-16 14:30,TSP,2.25
한국중부발전㈜보령발전본부,3,2025-01-16 14:30,SOx,5.09
한국중부발전㈜보령발전본부,3,2025-01-16 14:30,NOx,3.55
한국중부발전㈜보령발전본부,3,2025-01-16 15:00,TSP,2.21
한국중부발전㈜보령발전본부,3,2025-01-16 15:00,SOx,5.31
한국중부발전㈜보령발전본부,3,2025-01-16 15:00,NOx,3.44
한국중부발전㈜보령발전본부,3,2025-01-16 15:30,TSP,2.39
한국중부발전㈜보령발전본부,3,2025-01-16 15:30,SOx,5.12
한국중부발전㈜보령발전본부,3,2025-01-16 15:30,NOx,3.66
한국중부발전㈜보령발전본부,3,2025-01-16 16:00,TSP,2.39
한국중부발전㈜보령발전본부,3,2025-01-16 16:00,SOx,4.86
한국중부발전㈜보령발전본부,3,2025-01-16 16:00,NOx,4.18
한국중부발전㈜보령발전본부,3,2025-01-16 16:30,TSP,2.42
한국중부발전㈜보령발전본부,3,2025-01-16 16:30,SOx,4.87
한국중부발전㈜보령발전본부,3,2025-01-16 16:30,NOx,5.13
한국중부발전㈜보령발전본부,3,2025-01-16 17:00,TSP,2.34
한국중부발전㈜보령발전본부,3,2025-01-16 17:00,SOx,4.98
한국중부발전㈜보령발전본부,3,2025-01-16 17:00,NOx,4.82
한국중부발전㈜보령발전본부,3,2025-01-16 17:30,TSP,2.36
한국중부발전㈜보령발전본부,3,2025-01-16 17:30,SOx,4.87
한국중부발전㈜보령발전본부,3,2025-01-16 17:30,NOx,5.21
한국중부발전㈜보령발전본부,3,2025-01-16 18:00,TSP,2.5
한국중부발전㈜보령발전본부,3,2025-01-16 18:00,SOx,4.44
한국중부발전㈜보령발전본부,3,2025-01-16 18:00,NOx,4.12
한국중부발전㈜보령발전본부,3,2025-01-16 18:30,TSP,2.5
한국중부발전㈜보령발전본부,3,2025-01-16 18:30,SOx,4.36
한국중부발전㈜보령발전본부,3,2025-01-16 18:30,NOx,4.1
한국중부발전㈜보령발전본부,3,2025-01-16 19:00,TSP,2.59
한국중부발전㈜보령발전본부,3,2025-01-16 19:00,SOx,4.37
한국중부발전㈜보령발전본부,3,2025-01-16 19:00,NOx,3.98
한국중부발전㈜보령발전본부,3,2025-01-16 19:30,TSP,2.49
한국중부발전㈜보령발전본부,3,2025-01-16 19:30,SOx,4.51
한국중부발전㈜보령발전본부,3,2025-01-16 19:30,NOx,4.6
한국중부발전㈜보령발전본부,3,2025-01-16 20:00,TSP,2.45
한국중부발전㈜보령발전본부,3,2025-01-16 20:00,SOx,4.51
한국중부발전㈜보령발전본부,3,2025-01-16 20:00,NOx,4.33
한국중부발전㈜보령발전본부,3,2025-01-16 20:30,TSP,2.44
한국중부발전㈜보령발전본부,3,2025-01-16 20:30,SOx,4.58
한국중부발전㈜보령발전본부,3,2025-01-16 20:30,NOx,4.34
한국중부발전㈜보령발전본부,3,2025-01-16 21:00,TSP,2.45
한국중부발전㈜보령발전본부,3,2025-01-16 21:00,SOx,4.66
한국중부발전㈜보령발전본부,3,2025-01-16 21:00,NOx,3.91
한국중부발전㈜보령발전본부,3,2025-01-16 21:30,TSP,2.48
한국중부발전㈜보령발전본부,3,2025-01-16 21:30,SOx,4.76
한국중부발전㈜보령발전본부,3,2025-01-16 21:30,NOx,3.88
한국중부발전㈜보령발전본부,3,2025-01-16 22:00,TSP,2.42
한국중부발전㈜보령발전본부,3,2025-01-16 22:00,SOx,4.99
한국중부발전㈜보령발전본부,3,2025-01-16 22:00,NOx,3.38
한국중부발전㈜보령발전본부,3,2025-01-16 22:30,TSP,2.35
한국중부발전㈜보령발전본부,3,2025-01-16 22:30,SOx,5.05
한국중부발전㈜보령발전본부,3,2025-01-16 22:30,NOx,3.94
한국중부발전㈜보령발전본부,3,2025-01-16 23:00,TSP,2.25
한국중부발전㈜보령발전본부,3,2025-01-16 23:00,SOx,5.16
한국중부발전㈜보령발전본부,3,2025-01-16 23:00,NOx,4.55
한국중부발전㈜보령발전본부,3,2025-01-16 23:30,TSP,2.19
한국중부발전㈜보령발전본부,3,2025-01-16 23:30,SOx,5.13
한국중부발전㈜보령발전본부,3,2025-01-16 23:30,NOx,5.33
한국중부발전㈜보령발전본부,3,2025-01-17 00:00,TSP,2.12
한국중부발전㈜보령발전본부,3,2025-01-17 00:00,SOx,5.29
한국중부발전㈜보령발전본부,3,2025-01-17 00:00,NOx,4.65
한국중부발전㈜보령발전본부,3,2025-01-17 00:30,TSP,2.06
한국중부발전㈜보령발전본부,3,2025-01-17 00:30,SOx,5.27
한국중부발전㈜보령발전본부,3,2025-01-17 00:30,NOx,5.51
한국중부발전㈜보령발전본부,3,2025-01-17 01:00,TSP,2.06
한국중부발전㈜보령발전본부,3,2025-01-17 01:00,SOx,5.11
한국중부발전㈜보령발전본부,3,2025-01-17 01:00,NOx,4.53
한국중부발전㈜보령발전본부,3,2025-01-17 01:30,TSP,2.01
한국중부발전㈜보령발전본부,3,2025-01-17 01:30,SOx,5.19
한국중부발전㈜보령발전본부,3,2025-01-17 01:30,NOx,4.31
한국중부발전㈜보령발전본부,3,2025-01-17 02:00,TSP,2.03
한국중부발전㈜보령발전본부,3,2025-01-17 02:00,SOx,5.36
한국중부발전㈜보령발전본부,3,2025-01-17 02:00,NOx,4.1
한국중부발전㈜보령발전본부,3,2025-01-17 02:30,TSP,2.0
한국중부발전㈜보령발전본부,3,2025-01-17 02:30,SOx,5.36
한국중부발전㈜보령발전본부,3,2025-01-17 02:30,NOx,3.96
한국중부발전㈜보령발전본부,3,2025-01-17 03:00,TSP,1.97
한국중부발전㈜보령발전본부,3,2025-01-17 03:00,SOx,5.45
한국중부발전㈜보령발전본부,3,2025-01-17 03:00,NOx,3.87
한국중부발전㈜보령발전본부,3,2025-01-17 03:30,TSP,1.98
한국중부발전㈜보령발전본부,3,2025-01-17 03:30,SOx,5.44
한국중부발전㈜보령발전본부,3,2025-01-17 03:30,NOx,3.56
한국중부발전㈜보령발전본부,3,2025-01-17 04:00,TSP,1.99
한국중부발전㈜보령발전본부,3,2025-01-17 04:00,SOx,5.26
한국중부발전㈜보령발전본부,3,2025-01-17 04:00,NOx,2.83
한국중부발전㈜보령발전본부,3,2025-01-17 04:30,TSP,1.96
한국중부발전㈜보령발전본부,3,2025-01-17 04:30,SOx,5.14
한국중부발전㈜보령발전본부,3,2025-01-17 04:30,NOx,2.73
한국중부발전㈜보령발전본부,3,2025-01-17 05:00,TSP,1.98
한국중부발전㈜보령발전본부,3,2025-01-17 05:00,SOx,5.1
한국중부발전㈜보령발전본부,3,2025-01-17 05:00,NOx,2.84
한국중부발전㈜보령발전본부,3,2025-01-17 05:30,TSP,1.95
한국중부발전㈜보령발전본부,3,2025-01-17 05:30,SOx,5.18
한국중부발전㈜보령발전본부,3,2025-01-17 05:30,NOx,2.85
한국중부발전㈜보령발전본부,3,2025-01-17 06:00,TSP,1.95
한국중부발전㈜보령발전본부,3,2025-01-17 06:00,SOx,5.1
한국중부발전㈜보령발전본부,3,2025-01-17 06:00,NOx,2.85
한국중부발전㈜보령발전본부,3,2025-01-17 06:30,TSP,1.92
한국중부발전㈜보령발전본부,3,2025-01-17 06:30,SOx,4.97
한국중부발전㈜보령발전본부,3,2025-01-17 06:30,NOx,3.17
한국중부발전㈜보령발전본부,3,2025-01-17 07:00,TSP,1.93
한국중부발전㈜보령발전본부,3,2025-01-17 07:00,SOx,4.93
한국중부발전㈜보령발전본부,3,2025-01-17 07:00,NOx,3.63
한국중부발전㈜보령발전본부,3,2025-01-17 07:30,TSP,1.94
한국중부발전㈜보령발전본부,3,2025-01-17 07:30,SOx,4.91
한국중부발전㈜보령발전본부,3,2025-01-17 07:30,NOx,3.61
한국중부발전㈜보령발전본부,3,2025-01-17 08:00,TSP,1.98
한국중부발전㈜보령발전본부,3,2025-01-17 08:00,SOx,4.95
한국중부발전㈜보령발전본부,3,2025-01-17 08:00,NOx,3.87
한국중부발전㈜보령발전본부,3,2025-01-17 08:30,TSP,1.97
한국중부발전㈜보령발전본부,3,2025-01-17 08:30,SOx,4.67
한국중부발전㈜보령발전본부,3,2025-01-17 08:30,NOx,4.0
한국중부발전㈜보령발전본부,3,2025-01-17 09:00,TSP,2.12
한국중부발전㈜보령발전본부,3,2025-01-17 09:00,SOx,4.85
한국중부발전㈜보령발전본부,3,2025-01-17 09:00,NOx,3.7
한국중부발전㈜보령발전본부,3,2025-01-17 09:30,TSP,2.01
한국중부발전㈜보령발전본부,3,2025-01-17 09:30,SOx,4.97
한국중부발전㈜보령발전본부,3,2025-01-17 09:30,NOx,3.75
한국중부발전㈜보령발전본부,3,2025-01-17 10:00,TSP,2.0
한국중부발전㈜보령발전본부,3,2025-01-17 10:00,SOx,4.86
한국중부발전㈜보령발전본부,3,2025-01-17 10:00,NOx,3.17
한국중부발전㈜보령발전본부,3,2025-01-17 10:30,TSP,2.07
한국중부발전㈜보령발전본부,3,2025-01-17 10:30,SOx,4.88
한국중부발전㈜보령발전본부,3,2025-01-17 10:30,NOx,3.65
한국중부발전㈜보령발전본부,3,2025-01-17 11:00,TSP,1.97
한국중부발전㈜보령발전본부,3,2025-01-17 11:00,SOx,4.97
한국중부발전㈜보령발전본부,3,2025-01-17 11:00,NOx,4.39
한국중부발전㈜보령발전본부,3,2025-01-17 11:30,TSP,1.94
한국중부발전㈜보령발전본부,3,2025-01-17 11:30,SOx,4.85
한국중부발전㈜보령발전본부,3,2025-01-17 11:30,NOx,5.05
한국중부발전㈜보령발전본부,3,2025-01-17 12:00,TSP,1.78
한국중부발전㈜보령발전본부,3,2025-01-17 12:00,SOx,5.27
한국중부발전㈜보령발전본부,3,2025-01-17 12:00,NOx,5.77
한국중부발전㈜보령발전본부,3,2025-01-17 12:30,TSP,1.72
한국중부발전㈜보령발전본부,3,2025-01-17 12:30,SOx,4.99
한국중부발전㈜보령발전본부,3,2025-01-17 12:30,NOx,5.06
한국중부발전㈜보령발전본부,3,2025-01-17 13:00,TSP,1.71
한국중부발전㈜보령발전본부,3,2025-01-17 13:00,SOx,5.07
한국중부발전㈜보령발전본부,3,2025-01-17 13:00,NOx,4.87
한국중부발전㈜보령발전본부,3,2025-01-17 13:30,TSP,1.7
한국중부발전㈜보령발전본부,3,2025-01-17 13:30,SOx,5.11
한국중부발전㈜보령발전본부,3,2025-01-17 13:30,NOx,5.04
한국중부발전㈜보령발전본부,3,2025-01-17 14:00,TSP,1.74
한국중부발전㈜보령발전본부,3,2025-01-17 14:00,SOx,5.15
한국중부발전㈜보령발전본부,3,2025-01-17 14:00,NOx,5.11
한국중부발전㈜보령발전본부,3,2025-01-17 14:30,TSP,1.82
한국중부발전㈜보령발전본부,3,2025-01-17 14:30,SOx,4.94
한국중부발전㈜보령발전본부,3,2025-01-17 14:30,NOx,4.37
한국중부발전㈜보령발전본부,3,2025-01-17 15:00,TSP,1.78
한국중부발전㈜보령발전본부,3,2025-01-17 15:00,SOx,5.16
한국중부발전㈜보령발전본부,3,2025-01-17 15:00,NOx,3.93
한국중부발전㈜보령발전본부,3,2025-01-17 15:30,TSP,1.87
한국중부발전㈜보령발전본부,3,2025-01-17 15:30,SOx,4.71
한국중부발전㈜보령발전본부,3,2025-01-17 15:30,NOx,4.03
한국중부발전㈜보령발전본부,3,2025-01-17 16:00,TSP,1.81
한국중부발전㈜보령발전본부,3,2025-01-17 16:00,SOx,5.02
한국중부발전㈜보령발전본부,3,2025-01-17 16:00,NOx,4.38
한국중부발전㈜보령발전본부,3,2025-01-17 16:30,TSP,1.82
한국중부발전㈜보령발전본부,3,2025-01-17 16:30,SOx,4.94
한국중부발전㈜보령발전본부,3,2025-01-17 16:30,NOx,3.71
한국중부발전㈜보령발전본부,3,2025-01-17 17:00,TSP,1.82
한국중부발전㈜보령발전본부,3,2025-01-17 17:00,SOx,5.19
한국중부발전㈜보령발전본부,3,2025-01-17 17:00,NOx,3.69
한국중부발전㈜보령발전본부,3,2025-01-17 17:30,TSP,1.82
한국중부발전㈜보령발전본부,3,2025-01-17 17:30,SOx,5.19
한국중부발전㈜보령발전본부,3,2025-01-17 17:30,NOx,3.66
한국중부발전㈜보령발전본부,3,2025-01-17 18:00,TSP,1.83
한국중부발전㈜보령발전본부,3,2025-01-17 18:00,SOx,5.22
한국중부발전㈜보령발전본부,3,2025-01-17 18:00,NOx,3.83
한국중부발전㈜보령발전본부,3,2025-01-17 18:30,TSP,1.83
한국중부발전㈜보령발전본부,3,2025-01-17 18:30,SOx,5.13
한국중부발전㈜보령발전본부,3,2025-01-17 18:30,NOx,4.34
한국중부발전㈜보령발전본부,3,2025-01-17 19:00,TSP,1.85
한국중부발전㈜보령발전본부,3,2025-01-17 19:00,SOx,5.33
한국중부발전㈜보령발전본부,3,2025-01-17 19:00,NOx,4.66
한국중부발전㈜보령발전본부,3,2025-01-17 19:30,TSP,1.84
한국중부발전㈜보령발전본부,3,2025-01-17 19:30,SOx,4.98
한국중부발전㈜보령발전본부,3,2025-01-17 19:30,NOx,3.92
한국중부발전㈜보령발전본부,3,2025-01-17 20:00,TSP,1.84
한국중부발전㈜보령발전본부,3,2025-01-17 20:00,SOx,5.05
한국중부발전㈜보령발전본부,3,2025-01-17 20:00,NOx,4.01
한국중부발전㈜보령발전본부,3,2025-01-17 20:30,TSP,1.82
한국중부발전㈜보령발전본부,3,2025-01-17 20:30,SOx,5.06
한국중부발전㈜보령발전본부,3,2025-01-17 20:30,NOx,4.35
한국중부발전㈜보령발전본부,3,2025-01-17 21:00,TSP,1.82
한국중부발전㈜보령발전본부,3,2025-01-17 21:00,SOx,5.16
한국중부발전㈜보령발전본부,3,2025-01-17 21:00,NOx,3.56
한국중부발전㈜보령발전본부,3,2025-01-17 21:30,TSP,1.83
한국중부발전㈜보령발전본부,3,2025-01-17 21:30,SOx,5.08
한국중부발전㈜보령발전본부,3,2025-01-17 21:30,NOx,3.44
한국중부발전㈜보령발전본부,3,2025-01-17 22:00,TSP,1.83
한국중부발전㈜보령발전본부,3,2025-01-17 22:00,SOx,4.99
한국중부발전㈜보령발전본부,3,2025-01-17 22:00,NOx,3.16
한국중부발전㈜보령발전본부,3,2025-01-17 22:30,TSP,1.8
한국중부발전㈜보령발전본부,3,2025-01-17 22:30,SOx,4.99
한국중부발전㈜보령발전본부,3,2025-01-17 22:30,NOx,3.48
한국중부발전㈜보령발전본부,3,2025-01-17 23:00,TSP,1.83
한국중부발전㈜보령발전본부,3,2025-01-17 23:00,SOx,5.05
한국중부발전㈜보령발전본부,3,2025-01-17 23:00,NOx,3.61
한국중부발전㈜보령발전본부,3,2025-01-17 23:30,TSP,1.83
한국중부발전㈜보령발전본부,3,2025-01-17 23:30,SOx,5.33
한국중부발전㈜보령발전본부,3,2025-01-17 23:30,NOx,3.96
한국중부발전㈜보령발전본부,3,2025-01-18 00:00,TSP,1.8
한국중부발전㈜보령발전본부,3,2025-01-18 00:00,SOx,5.43
한국중부발전㈜보령발전본부,3,2025-01-18 00:00,NOx,3.69
한국중부발전㈜보령발전본부,3,2025-01-18 00:30,TSP,1.8
한국중부발전㈜보령발전본부,3,2025-01-18 00:30,SOx,5.57
한국중부발전㈜보령발전본부,3,2025-01-18 00:30,NOx,3.25
한국중부발전㈜보령발전본부,3,2025-01-18 01:00,TSP,1.8
한국중부발전㈜보령발전본부,3,2025-01-18 01:00,SOx,5.41
한국중부발전㈜보령발전본부,3,2025-01-18 01:00,NOx,3.62
한국중부발전㈜보령발전본부,3,2025-01-18 01:30,TSP,1.79
한국중부발전㈜보령발전본부,3,2025-01-18 01:30,SOx,5.32
한국중부발전㈜보령발전본부,3,2025-01-18 01:30,NOx,4.06
한국중부발전㈜보령발전본부,3,2025-01-18 02:00,TSP,1.82
한국중부발전㈜보령발전본부,3,2025-01-18 02:00,SOx,5.17
한국중부발전㈜보령발전본부,3,2025-01-18 02:00,NOx,3.69
한국중부발전㈜보령발전본부,3,2025-01-18 02:30,TSP,1.83
한국중부발전㈜보령발전본부,3,2025-01-18 02:30,SOx,5.3
한국중부발전㈜보령발전본부,3,2025-01-18 02:30,NOx,3.32
한국중부발전㈜보령발전본부,3,2025-01-18 03:00,TSP,1.82
한국중부발전㈜보령발전본부,3,2025-01-18 03:00,SOx,5.2
한국중부발전㈜보령발전본부,3,2025-01-18 03:00,NOx,3.16
한국중부발전㈜보령발전본부,3,2025-01-18 03:30,TSP,1.83
한국중부발전㈜보령발전본부,3,2025-01-18 03:30,SOx,4.96
한국중부발전㈜보령발전본부,3,2025-01-18 03:30,NOx,3.41
한국중부발전㈜보령발전본부,3,2025-01-18 04:00,TSP,1.82
한국중부발전㈜보령발전본부,3,2025-01-18 04:00,SOx,4.97
한국중부발전㈜보령발전본부,3,2025-01-18 04:00,NOx,3.41
한국중부발전㈜보령발전본부,3,2025-01-18 04:30,TSP,1.84
한국중부발전㈜보령발전본부,3,2025-01-18 04:30,SOx,4.81
한국중부발전㈜보령발전본부,3,2025-01-18 04:30,NOx,3.4
한국중부발전㈜보령발전본부,3,2025-01-18 05:00,TSP,1.83
한국중부발전㈜보령발전본부,3,2025-01-18 05:00,SOx,4.9
한국중부발전㈜보령발전본부,3,2025-01-18 05:00,NOx,3.86
한국중부발전㈜보령발전본부,3,2025-01-18 05:30,TSP,1.85
한국중부발전㈜보령발전본부,3,2025-01-18 05:30,SOx,4.8
한국중부발전㈜보령발전본부,3,2025-01-18 05:30,NOx,4.19
한국중부발전㈜보령발전본부,3,2025-01-18 06:00,TSP,1.84
한국중부발전㈜보령발전본부,3,2025-01-18 06:00,SOx,5.1
한국중부발전㈜보령발전본부,3,2025-01-18 06:00,NOx,4.5
한국중부발전㈜보령발전본부,3,2025-01-18 06:30,TSP,1.86
한국중부발전㈜보령발전본부,3,2025-01-18 06:30,SOx,4.95
한국중부발전㈜보령발전본부,3,2025-01-18 06:30,NOx,4.5
한국중부발전㈜보령발전본부,3,2025-01-18 07:00,TSP,1.82
한국중부발전㈜보령발전본부,3,2025-01-18 07:00,SOx,5.19
한국중부발전㈜보령발전본부,3,2025-01-18 07:00,NOx,4.64
한국중부발전㈜보령발전본부,3,2025-01-18 07:30,TSP,1.8
한국중부발전㈜보령발전본부,3,2025-01-18 07:30,SOx,4.97
한국중부발전㈜보령발전본부,3,2025-01-18 07:30,NOx,4.9
한국중부발전㈜보령발전본부,3,2025-01-18 08:00,TSP,1.82
한국중부발전㈜보령발전본부,3,2025-01-18 08:00,SOx,5.03
한국중부발전㈜보령발전본부,3,2025-01-18 08:00,NOx,5.15
한국중부발전㈜보령발전본부,3,2025-01-18 08:30,TSP,1.84
한국중부발전㈜보령발전본부,3,2025-01-18 08:30,SOx,4.82
한국중부발전㈜보령발전본부,3,2025-01-18 08:30,NOx,5.07
한국중부발전㈜보령발전본부,3,2025-01-18 09:00,TSP,1.87
한국중부발전㈜보령발전본부,3,2025-01-18 09:00,SOx,4.74
한국중부발전㈜보령발전본부,3,2025-01-18 09:00,NOx,4.93
한국중부발전㈜보령발전본부,3,2025-01-18 09:30,TSP,1.92
한국중부발전㈜보령발전본부,3,2025-01-18 09:30,SOx,5.01
한국중부발전㈜보령발전본부,3,2025-01-18 09:30,NOx,4.88
한국중부발전㈜보령발전본부,3,2025-01-18 10:00,TSP,1.97
한국중부발전㈜보령발전본부,3,2025-01-18 10:00,SOx,5.27
한국중부발전㈜보령발전본부,3,2025-01-18 10:00,NOx,4.86
한국중부발전㈜보령발전본부,3,2025-01-18 10:30,TSP,1.96
한국중부발전㈜보령발전본부,3,2025-01-18 10:30,SOx,5.59
한국중부발전㈜보령발전본부,3,2025-01-18 10:30,NOx,5.48
한국중부발전㈜보령발전본부,3,2025-01-18 11:00,TSP,2.1
한국중부발전㈜보령발전본부,3,2025-01-18 11:00,SOx,5.74
한국중부발전㈜보령발전본부,3,2025-01-18 11:00,NOx,5.73
한국중부발전㈜보령발전본부,3,2025-01-18 11:30,TSP,2.16
한국중부발전㈜보령발전본부,3,2025-01-18 11:30,SOx,6.07
한국중부발전㈜보령발전본부,3,2025-01-18 11:30,NOx,4.39
한국중부발전㈜보령발전본부,3,2025-01-18 12:00,TSP,2.13
한국중부발전㈜보령발전본부,3,2025-01-18 12:00,SOx,6.06
한국중부발전㈜보령발전본부,3,2025-01-18 12:00,NOx,3.76
한국중부발전㈜보령발전본부,3,2025-01-18 12:30,TSP,2.06
한국중부발전㈜보령발전본부,3,2025-01-18 12:30,SOx,5.72
한국중부발전㈜보령발전본부,3,2025-01-18 12:30,NOx,2.8
한국중부발전㈜보령발전본부,3,2025-01-18 13:00,TSP,2.07
한국중부발전㈜보령발전본부,3,2025-01-18 13:00,SOx,5.7
한국중부발전㈜보령발전본부,3,2025-01-18 13:00,NOx,1.99
한국중부발전㈜보령발전본부,3,2025-01-18 13:30,TSP,2.02
한국중부발전㈜보령발전본부,3,2025-01-18 13:30,SOx,5.73
한국중부발전㈜보령발전본부,3,2025-01-18 13:30,NOx,2.37
한국중부발전㈜보령발전본부,3,2025-01-18 14:00,TSP,2.03
한국중부발전㈜보령발전본부,3,2025-01-18 14:00,SOx,5.71
한국중부발전㈜보령발전본부,3,2025-01-18 14:00,NOx,2.63
한국중부발전㈜보령발전본부,3,2025-01-18 14:30,TSP,2.05
한국중부발전㈜보령발전본부,3,2025-01-18 14:30,SOx,5.91
한국중부발전㈜보령발전본부,3,2025-01-18 14:30,NOx,3.01
한국중부발전㈜보령발전본부,3,2025-01-18 15:00,TSP,2.38
한국중부발전㈜보령발전본부,3,2025-01-18 15:00,SOx,5.88
한국중부발전㈜보령발전본부,3,2025-01-18 15:00,NOx,2.72
한국중부발전㈜보령발전본부,3,2025-01-18 15:30,TSP,2.3
한국중부발전㈜보령발전본부,3,2025-01-18 15:30,SOx,5.8
한국중부발전㈜보령발전본부,3,2025-01-18 15:30,NOx,2.47
한국중부발전㈜보령발전본부,3,2025-01-18 16:00,TSP,2.31
한국중부발전㈜보령발전본부,3,2025-01-18 16:00,SOx,5.8
한국중부발전㈜보령발전본부,3,2025-01-18 16:00,NOx,2.04
한국중부발전㈜보령발전본부,3,2025-01-18 16:30,TSP,2.46
한국중부발전㈜보령발전본부,3,2025-01-18 16:30,SOx,5.2
한국중부발전㈜보령발전본부,3,2025-01-18 16:30,NOx,2.19
한국중부발전㈜보령발전본부,3,2025-01-18 17:00,TSP,2.52
한국중부발전㈜보령발전본부,3,2025-01-18 17:00,SOx,5.0
한국중부발전㈜보령발전본부,3,2025-01-18 17:00,NOx,2.58
한국중부발전㈜보령발전본부,3,2025-01-18 17:30,TSP,2.41
한국중부발전㈜보령발전본부,3,2025-01-18 17:30,SOx,5.37
한국중부발전㈜보령발전본부,3,2025-01-18 17:30,NOx,2.73
한국중부발전㈜보령발전본부,3,2025-01-18 18:00,TSP,2.45
한국중부발전㈜보령발전본부,3,2025-01-18 18:00,SOx,5.09
한국중부발전㈜보령발전본부,3,2025-01-18 18:00,NOx,2.84
한국중부발전㈜보령발전본부,3,2025-01-18 18:30,TSP,2.45
한국중부발전㈜보령발전본부,3,2025-01-18 18:30,SOx,5.03
한국중부발전㈜보령발전본부,3,2025-01-18 18:30,NOx,2.97
한국중부발전㈜보령발전본부,3,2025-01-18 19:00,TSP,2.29
한국중부발전㈜보령발전본부,3,2025-01-18 19:00,SOx,4.92
한국중부발전㈜보령발전본부,3,2025-01-18 19:00,NOx,2.65
한국중부발전㈜보령발전본부,3,2025-01-18 19:30,TSP,2.18
한국중부발전㈜보령발전본부,3,2025-01-18 19:30,SOx,4.61
한국중부발전㈜보령발전본부,3,2025-01-18 19:30,NOx,2.73
한국중부발전㈜보령발전본부,3,2025-01-18 20:00,TSP,2.18
한국중부발전㈜보령발전본부,3,2025-01-18 20:00,SOx,4.7
한국중부발전㈜보령발전본부,3,2025-01-18 20:00,NOx,3.2
한국중부발전㈜보령발전본부,3,2025-01-18 20:30,TSP,2.18
한국중부발전㈜보령발전본부,3,2025-01-18 20:30,SOx,4.67
한국중부발전㈜보령발전본부,3,2025-01-18 20:30,NOx,2.61
한국중부발전㈜보령발전본부,3,2025-01-18 21:00,TSP,2.27
한국중부발전㈜보령발전본부,3,2025-01-18 21:00,SOx,4.75
한국중부발전㈜보령발전본부,3,2025-01-18 21:00,NOx,2.61
한국중부발전㈜보령발전본부,3,2025-01-18 21:30,TSP,2.18
한국중부발전㈜보령발전본부,3,2025-01-18 21:30,SOx,4.81
한국중부발전㈜보령발전본부,3,2025-01-18 21:30,NOx,1.84
한국중부발전㈜보령발전본부,3,2025-01-18 22:00,TSP,2.25
한국중부발전㈜보령발전본부,3,2025-01-18 22:00,SOx,4.92
한국중부발전㈜보령발전본부,3,2025-01-18 22:00,NOx,1.81
한국중부발전㈜보령발전본부,3,2025-01-18 22:30,TSP,2.09
한국중부발전㈜보령발전본부,3,2025-01-18 22:30,SOx,4.66
한국중부발전㈜보령발전본부,3,2025-01-18 22:30,NOx,1.62
한국중부발전㈜보령발전본부,3,2025-01-18 23:00,TSP,2.24
한국중부발전㈜보령발전본부,3,2025-01-18 23:00,SOx,4.83
한국중부발전㈜보령발전본부,3,2025-01-18 23:00,NOx,1.91
한국중부발전㈜보령발전본부,3,2025-01-18 23:30,TSP,2.16
한국중부발전㈜보령발전본부,3,2025-01-18 23:30,SOx,5.21
한국중부발전㈜보령발전본부,3,2025-01-18 23:30,NOx,1.5
한국중부발전㈜보령발전본부,3,2025-01-19 00:00,TSP,2.2
한국중부발전㈜보령발전본부,3,2025-01-19 00:00,SOx,5.03
한국중부발전㈜보령발전본부,3,2025-01-19 00:00,NOx,1.56
한국중부발전㈜보령발전본부,3,2025-01-19 00:30,TSP,2.15
한국중부발전㈜보령발전본부,3,2025-01-19 00:30,SOx,5.04
한국중부발전㈜보령발전본부,3,2025-01-19 00:30,NOx,1.26
한국중부발전㈜보령발전본부,3,2025-01-19 01:00,TSP,2.15
한국중부발전㈜보령발전본부,3,2025-01-19 01:00,SOx,5.11
한국중부발전㈜보령발전본부,3,2025-01-19 01:00,NOx,1.77
한국중부발전㈜보령발전본부,3,2025-01-19 01:30,TSP,2.14
한국중부발전㈜보령발전본부,3,2025-01-19 01:30,SOx,4.99
한국중부발전㈜보령발전본부,3,2025-01-19 01:30,NOx,1.1
한국중부발전㈜보령발전본부,3,2025-01-19 02:00,TSP,2.06
한국중부발전㈜보령발전본부,3,2025-01-19 02:00,SOx,5.38
한국중부발전㈜보령발전본부,3,2025-01-19 02:00,NOx,0.42
한국중부발전㈜보령발전본부,3,2025-01-19 02:30,TSP,2.41
한국중부발전㈜보령발전본부,3,2025-01-19 02:30,SOx,5.47
한국중부발전㈜보령발전본부,3,2025-01-19 02:30,NOx,0.54
한국중부발전㈜보령발전본부,3,2025-01-19 03:00,TSP,2.51
한국중부발전㈜보령발전본부,3,2025-01-19 03:00,SOx,5.68
한국중부발전㈜보령발전본부,3,2025-01-19 03:00,NOx,0.57
한국중부발전㈜보령발전본부,3,2025-01-19 03:30,TSP,2.55
한국중부발전㈜보령발전본부,3,2025-01-19 03:30,SOx,5.86
한국중부발전㈜보령발전본부,3,2025-01-19 03:30,NOx,0.21
한국중부발전㈜보령발전본부,3,2025-01-19 04:00,TSP,2.58
한국중부발전㈜보령발전본부,3,2025-01-19 04:00,SOx,5.81
한국중부발전㈜보령발전본부,3,2025-01-19 04:00,NOx,0.96
한국중부발전㈜보령발전본부,3,2025-01-19 04:30,TSP,2.56
한국중부발전㈜보령발전본부,3,2025-01-19 04:30,SOx,5.64
한국중부발전㈜보령발전본부,3,2025-01-19 04:30,NOx,1.48
한국중부발전㈜보령발전본부,3,2025-01-19 05:00,TSP,2.5
한국중부발전㈜보령발전본부,3,2025-01-19 05:00,SOx,5.29
한국중부발전㈜보령발전본부,3,2025-01-19 05:00,NOx,1.74
한국중부발전㈜보령발전본부,3,2025-01-19 05:30,TSP,2.51
한국중부발전㈜보령발전본부,3,2025-01-19 05:30,SOx,5.34
한국중부발전㈜보령발전본부,3,2025-01-19 05:30,NOx,1.71
한국중부발전㈜보령발전본부,3,2025-01-19 06:00,TSP,2.45
한국중부발전㈜보령발전본부,3,2025-01-19 06:00,SOx,4.76
한국중부발전㈜보령발전본부,3,2025-01-19 06:00,NOx,0.69
한국중부발전㈜보령발전본부,3,2025-01-19 06:30,TSP,2.45
한국중부발전㈜보령발전본부,3,2025-01-19 06:30,SOx,4.64
한국중부발전㈜보령발전본부,3,2025-01-19 06:30,NOx,0.12
한국중부발전㈜보령발전본부,3,2025-01-19 07:00,TSP,2.45
한국중부발전㈜보령발전본부,3,2025-01-19 07:00,SOx,4.49
한국중부발전㈜보령발전본부,3,2025-01-19 07:00,NOx,0.23
한국중부발전㈜보령발전본부,3,2025-01-19 07:30,TSP,2.43
한국중부발전㈜보령발전본부,3,2025-01-19 07:30,SOx,4.64
한국중부발전㈜보령발전본부,3,2025-01-19 07:30,NOx,0.26
한국중부발전㈜보령발전본부,3,2025-01-19 08:00,TSP,2.46
한국중부발전㈜보령발전본부,3,2025-01-19 08:00,SOx,4.62
한국중부발전㈜보령발전본부,3,2025-01-19 08:00,NOx,0.27
한국중부발전㈜보령발전본부,3,2025-01-19 08:30,TSP,2.43
한국중부발전㈜보령발전본부,3,2025-01-19 08:30,SOx,4.69
한국중부발전㈜보령발전본부,3,2025-01-19 08:30,NOx,0.38
한국중부발전㈜보령발전본부,3,2025-01-19 09:00,TSP,2.44
한국중부발전㈜보령발전본부,3,2025-01-19 09:00,SOx,4.95
한국중부발전㈜보령발전본부,3,2025-01-19 09:00,NOx,0.79
한국중부발전㈜보령발전본부,3,2025-01-19 09:30,TSP,2.54
한국중부발전㈜보령발전본부,3,2025-01-19 09:30,SOx,5.07
한국중부발전㈜보령발전본부,3,2025-01-19 09:30,NOx,1.89
한국중부발전㈜보령발전본부,3,2025-01-19 10:00,TSP,2.55
한국중부발전㈜보령발전본부,3,2025-01-19 10:00,SOx,5.4
한국중부발전㈜보령발전본부,3,2025-01-19 10:00,NOx,3.1
한국중부발전㈜보령발전본부,3,2025-01-19 10:30,TSP,2.56
한국중부발전㈜보령발전본부,3,2025-01-19 10:30,SOx,5.22
한국중부발전㈜보령발전본부,3,2025-01-19 10:30,NOx,2.62
한국중부발전㈜보령발전본부,3,2025-01-19 11:00,TSP,2.53
한국중부발전㈜보령발전본부,3,2025-01-19 11:00,SOx,6.01
한국중부발전㈜보령발전본부,3,2025-01-19 11:00,NOx,1.55
한국중부발전㈜보령발전본부,3,2025-01-19 11:30,TSP,2.61
한국중부발전㈜보령발전본부,3,2025-01-19 11:30,SOx,5.69
한국중부발전㈜보령발전본부,3,2025-01-19 11:30,NOx,1.42
한국중부발전㈜보령발전본부,3,2025-01-19 12:00,TSP,2.66
한국중부발전㈜보령발전본부,3,2025-01-19 12:00,SOx,5.81
한국중부발전㈜보령발전본부,3,2025-01-19 12:00,NOx,1.59
한국중부발전㈜보령발전본부,3,2025-01-19 12:30,TSP,2.67
한국중부발전㈜보령발전본부,3,2025-01-19 12:30,SOx,6.07
한국중부발전㈜보령발전본부,3,2025-01-19 12:30,NOx,0.97
한국중부발전㈜보령발전본부,3,2025-01-19 13:00,TSP,2.66
한국중부발전㈜보령발전본부,3,2025-01-19 13:00,SOx,6.37
한국중부발전㈜보령발전본부,3,2025-01-19 13:00,NOx,0.5
한국중부발전㈜보령발전본부,3,2025-01-19 13:30,TSP,2.68
한국중부발전㈜보령발전본부,3,2025-01-19 13:30,SOx,6.22
한국중부발전㈜보령발전본부,3,2025-01-19 13:30,NOx,0.47
한국중부발전㈜보령발전본부,3,2025-01-19 14:00,TSP,2.68
한국중부발전㈜보령발전본부,3,2025-01-19 14:00,SOx,6.22
한국중부발전㈜보령발전본부,3,2025-01-19 14:00,NOx,0.78
한국중부발전㈜보령발전본부,3,2025-01-19 14:30,TSP,2.7
한국중부발전㈜보령발전본부,3,2025-01-19 14:30,SOx,6.26
한국중부발전㈜보령발전본부,3,2025-01-19 14:30,NOx,0.64
한국중부발전㈜보령발전본부,3,2025-01-19 15:00,TSP,2.66
한국중부발전㈜보령발전본부,3,2025-01-19 15:00,SOx,6.37
한국중부발전㈜보령발전본부,3,2025-01-19 15:00,NOx,0.83
한국중부발전㈜보령발전본부,3,2025-01-19 15:30,TSP,2.62
한국중부발전㈜보령발전본부,3,2025-01-19 15:30,SOx,5.99
한국중부발전㈜보령발전본부,3,2025-01-19 15:30,NOx,0.45
한국중부발전㈜보령발전본부,3,2025-01-19 16:00,TSP,2.61
한국중부발전㈜보령발전본부,3,2025-01-19 16:00,SOx,5.97
한국중부발전㈜보령발전본부,3,2025-01-19 16:00,NOx,0.57
한국중부발전㈜보령발전본부,3,2025-01-19 16:30,TSP,2.59
한국중부발전㈜보령발전본부,3,2025-01-19 16:30,SOx,5.58
한국중부발전㈜보령발전본부,3,2025-01-19 16:30,NOx,0.71
한국중부발전㈜보령발전본부,3,2025-01-19 17:00,TSP,2.64
한국중부발전㈜보령발전본부,3,2025-01-19 17:00,SOx,5.29
한국중부발전㈜보령발전본부,3,2025-01-19 17:00,NOx,0.88
한국중부발전㈜보령발전본부,3,2025-01-19 17:30,TSP,2.64
한국중부발전㈜보령발전본부,3,2025-01-19 17:30,SOx,5.34
한국중부발전㈜보령발전본부,3,2025-01-19 17:30,NOx,0.55
한국중부발전㈜보령발전본부,3,2025-01-19 18:00,TSP,2.67
한국중부발전㈜보령발전본부,3,2025-01-19 18:00,SOx,5.18
한국중부발전㈜보령발전본부,3,2025-01-19 18:00,NOx,0.46
한국중부발전㈜보령발전본부,3,2025-01-19 18:30,TSP,2.67
한국중부발전㈜보령발전본부,3,2025-01-19 18:30,SOx,5.17
한국중부발전㈜보령발전본부,3,2025-01-19 18:30,NOx,0.44
한국중부발전㈜보령발전본부,3,2025-01-19 19:00,TSP,2.59
한국중부발전㈜보령발전본부,3,2025-01-19 19:00,SOx,5.16
한국중부발전㈜보령발전본부,3,2025-01-19 19:00,NOx,0.22
한국중부발전㈜보령발전본부,3,2025-01-19 19:30,TSP,2.64
한국중부발전㈜보령발전본부,3,2025-01-19 19:30,SOx,5.26
한국중부발전㈜보령발전본부,3,2025-01-19 19:30,NOx,0.18
한국중부발전㈜보령발전본부,3,2025-01-19 20:00,TSP,2.61
한국중부발전㈜보령발전본부,3,2025-01-19 20:00,SOx,5.41
한국중부발전㈜보령발전본부,3,2025-01-19 20:00,NOx,0.33
한국중부발전㈜보령발전본부,3,2025-01-19 20:30,TSP,2.62
한국중부발전㈜보령발전본부,3,2025-01-19 20:30,SOx,5.43
한국중부발전㈜보령발전본부,3,2025-01-19 20:30,NOx,0.39
한국중부발전㈜보령발전본부,3,2025-01-19 21:00,TSP,2.63
한국중부발전㈜보령발전본부,3,2025-01-19 21:00,SOx,5.03
한국중부발전㈜보령발전본부,3,2025-01-19 21:00,NOx,0.44
한국중부발전㈜보령발전본부,3,2025-01-19 21:30,TSP,2.74
한국중부발전㈜보령발전본부,3,2025-01-19 21:30,SOx,5.36
한국중부발전㈜보령발전본부,3,2025-01-19 21:30,NOx,0.81
한국중부발전㈜보령발전본부,3,2025-01-19 22:00,TSP,2.8
한국중부발전㈜보령발전본부,3,2025-01-19 22:00,SOx,5.51
한국중부발전㈜보령발전본부,3,2025-01-19 22:00,NOx,0.5
한국중부발전㈜보령발전본부,3,2025-01-19 22:30,TSP,2.85
한국중부발전㈜보령발전본부,3,2025-01-19 22:30,SOx,5.42
한국중부발전㈜보령발전본부,3,2025-01-19 22:30,NOx,0.8
한국중부발전㈜보령발전본부,3,2025-01-19 23:00,TSP,2.9
한국중부발전㈜보령발전본부,3,2025-01-19 23:00,SOx,5.43
한국중부발전㈜보령발전본부,3,2025-01-19 23:00,NOx,0.48
한국중부발전㈜보령발전본부,3,2025-01-19 23:30,TSP,2.92
한국중부발전㈜보령발전본부,3,2025-01-19 23:30,SOx,5.47
한국중부발전㈜보령발전본부,3,2025-01-19 23:30,NOx,0.18
한국중부발전㈜보령발전본부,3,2025-01-20 00:00,TSP,2.93
한국중부발전㈜보령발전본부,3,2025-01-20 00:00,SOx,5.61
한국중부발전㈜보령발전본부,3,2025-01-20 00:00,NOx,0.08
한국중부발전㈜보령발전본부,3,2025-01-20 00:30,TSP,2.92
한국중부발전㈜보령발전본부,3,2025-01-20 00:30,SOx,5.52
한국중부발전㈜보령발전본부,3,2025-01-20 00:30,NOx,0.11
한국중부발전㈜보령발전본부,3,2025-01-20 01:00,TSP,2.94
한국중부발전㈜보령발전본부,3,2025-01-20 01:00,SOx,5.57
한국중부발전㈜보령발전본부,3,2025-01-20 01:00,NOx,0.08
한국중부발전㈜보령발전본부,3,2025-01-20 01:30,TSP,2.97
한국중부발전㈜보령발전본부,3,2025-01-20 01:30,SOx,5.58
한국중부발전㈜보령발전본부,3,2025-01-20 01:30,NOx,0.11
한국중부발전㈜보령발전본부,3,2025-01-20 02:00,TSP,2.98
한국중부발전㈜보령발전본부,3,2025-01-20 02:00,SOx,5.38
한국중부발전㈜보령발전본부,3,2025-01-20 02:00,NOx,0.09
한국중부발전㈜보령발전본부,3,2025-01-20 02:30,TSP,2.95
한국중부발전㈜보령발전본부,3,2025-01-20 02:30,SOx,5.4
한국중부발전㈜보령발전본부,3,2025-01-20 02:30,NOx,0.13
한국중부발전㈜보령발전본부,3,2025-01-20 03:00,TSP,3.04
한국중부발전㈜보령발전본부,3,2025-01-20 03:00,SOx,5.68
한국중부발전㈜보령발전본부,3,2025-01-20 03:00,NOx,0.48
한국중부발전㈜보령발전본부,3,2025-01-20 03:30,TSP,3.0
한국중부발전㈜보령발전본부,3,2025-01-20 03:30,SOx,5.69
한국중부발전㈜보령발전본부,3,2025-01-20 03:30,NOx,0.34
한국중부발전㈜보령발전본부,3,2025-01-20 04:00,TSP,2.97
한국중부발전㈜보령발전본부,3,2025-01-20 04:00,SOx,5.88
한국중부발전㈜보령발전본부,3,2025-01-20 04:00,NOx,0.58
한국중부발전㈜보령발전본부,3,2025-01-20 04:30,TSP,2.91
한국중부발전㈜보령발전본부,3,2025-01-20 04:30,SOx,5.81
한국중부발전㈜보령발전본부,3,2025-01-20 04:30,NOx,0.81
한국중부발전㈜보령발전본부,3,2025-01-20 05:00,TSP,2.83
한국중부발전㈜보령발전본부,3,2025-01-20 05:00,SOx,6.28
한국중부발전㈜보령발전본부,3,2025-01-20 05:00,NOx,0.71
한국중부발전㈜보령발전본부,3,2025-01-20 05:30,TSP,2.75
한국중부발전㈜보령발전본부,3,2025-01-20 05:30,SOx,6.42
한국중부발전㈜보령발전본부,3,2025-01-20 05:30,NOx,1.16
한국중부발전㈜보령발전본부,3,2025-01-20 06:00,TSP,2.8
한국중부발전㈜보령발전본부,3,2025-01-20 06:00,SOx,6.4
한국중부발전㈜보령발전본부,3,2025-01-20 06:00,NOx,1.88
한국중부발전㈜보령발전본부,3,2025-01-20 06:30,TSP,2.81
한국중부발전㈜보령발전본부,3,2025-01-20 06:30,SOx,6.32
한국중부발전㈜보령발전본부,3,2025-01-20 06:30,NOx,2.72
한국중부발전㈜보령발전본부,3,2025-01-20 07:00,TSP,2.88
한국중부발전㈜보령발전본부,3,2025-01-20 07:00,SOx,6.12
한국중부발전㈜보령발전본부,3,2025-01-20 07:00,NOx,2.52
한국중부발전㈜보령발전본부,3,2025-01-20 07:30,TSP,2.91
한국중부발전㈜보령발전본부,3,2025-01-20 07:30,SOx,5.95
한국중부발전㈜보령발전본부,3,2025-01-20 07:30,NOx,2.12
한국중부발전㈜보령발전본부,3,2025-01-20 08:00,TSP,2.94
한국중부발전㈜보령발전본부,3,2025-01-20 08:00,SOx,5.67
한국중부발전㈜보령발전본부,3,2025-01-20 08:00,NOx,1.61
한국중부발전㈜보령발전본부,3,2025-01-20 08:30,TSP,2.89
한국중부발전㈜보령발전본부,3,2025-01-20 08:30,SOx,5.69
한국중부발전㈜보령발전본부,3,2025-01-20 08:30,NOx,1.75
한국중부발전㈜보령발전본부,3,2025-01-20 09:00,TSP,2.89
한국중부발전㈜보령발전본부,3,2025-01-20 09:00,SOx,5.64
한국중부발전㈜보령발전본부,3,2025-01-20 09:00,NOx,2.12
한국중부발전㈜보령발전본부,3,2025-01-20 09:30,TSP,2.93
한국중부발전㈜보령발전본부,3,2025-01-20 09:30,SOx,5.54
한국중부발전㈜보령발전본부,3,2025-01-20 09:30,NOx,2.13
한국중부발전㈜보령발전본부,3,2025-01-20 10:00,TSP,2.99
한국중부발전㈜보령발전본부,3,2025-01-20 10:00,SOx,5.23
한국중부발전㈜보령발전본부,3,2025-01-20 10:00,NOx,2.9
한국중부발전㈜보령발전본부,3,2025-01-20 10:30,TSP,2.96
한국중부발전㈜보령발전본부,3,2025-01-20 10:30,SOx,5.15
한국중부발전㈜보령발전본부,3,2025-01-20 10:30,NOx,3.09
한국중부발전㈜보령발전본부,3,2025-01-20 11:00,TSP,3.01
한국중부발전㈜보령발전본부,3,2025-01-20 11:00,SOx,5.48
한국중부발전㈜보령발전본부,3,2025-01-20 11:00,NOx,2.43
한국중부발전㈜보령발전본부,3,2025-01-20 11:30,TSP,3.03
한국중부발전㈜보령발전본부,3,2025-01-20 11:30,SOx,5.24
한국중부발전㈜보령발전본부,3,2025-01-20 11:30,NOx,2.69
한국중부발전㈜보령발전본부,3,2025-01-20 12:00,TSP,3.02
한국중부발전㈜보령발전본부,3,2025-01-20 12:00,SOx,5.3
한국중부발전㈜보령발전본부,3,2025-01-20 12:00,NOx,2.14
한국중부발전㈜보령발전본부,3,2025-01-20 12:30,TSP,2.91
한국중부발전㈜보령발전본부,3,2025-01-20 12:30,SOx,5.31
한국중부발전㈜보령발전본부,3,2025-01-20 12:30,NOx,1.81
한국중부발전㈜보령발전본부,3,2025-01-20 13:00,TSP,2.92
한국중부발전㈜보령발전본부,3,2025-01-20 13:00,SOx,5.13
한국중부발전㈜보령발전본부,3,2025-01-20 13:00,NOx,1.78
한국중부발전㈜보령발전본부,3,2025-01-20 13:30,TSP,2.93
한국중부발전㈜보령발전본부,3,2025-01-20 13:30,SOx,5.24
한국중부발전㈜보령발전본부,3,2025-01-20 13:30,NOx,1.73
한국중부발전㈜보령발전본부,3,2025-01-20 14:00,TSP,2.83
한국중부발전㈜보령발전본부,3,2025-01-20 14:00,SOx,5.17
한국중부발전㈜보령발전본부,3,2025-01-20 14:00,NOx,1.21
한국중부발전㈜보령발전본부,3,2025-01-20 14:30,TSP,2.59
한국중부발전㈜보령발전본부,3,2025-01-20 14:30,SOx,5.18
한국중부발전㈜보령발전본부,3,2025-01-20 14:30,NOx,1.85
한국중부발전㈜보령발전본부,3,2025-01-20 15:00,TSP,2.75
한국중부발전㈜보령발전본부,3,2025-01-20 15:00,SOx,5.28
한국중부발전㈜보령발전본부,3,2025-01-20 15:00,NOx,2.05
한국중부발전㈜보령발전본부,3,2025-01-20 15:30,TSP,2.79
한국중부발전㈜보령발전본부,3,2025-01-20 15:30,SOx,5.18
한국중부발전㈜보령발전본부,3,2025-01-20 15:30,NOx,1.53
한국중부발전㈜보령발전본부,3,2025-01-20 16:00,TSP,2.86
한국중부발전㈜보령발전본부,3,2025-01-20 16:00,SOx,5.58
한국중부발전㈜보령발전본부,3,2025-01-20 16:00,NOx,1.76
한국중부발전㈜보령발전본부,3,2025-01-20 16:30,TSP,2.46
한국중부발전㈜보령발전본부,3,2025-01-20 16:30,SOx,5.45
한국중부발전㈜보령발전본부,3,2025-01-20 16:30,NOx,1.51
한국중부발전㈜보령발전본부,3,2025-01-20 17:00,TSP,2.31
한국중부발전㈜보령발전본부,3,2025-01-20 17:00,SOx,5.22
한국중부발전㈜보령발전본부,3,2025-01-20 17:00,NOx,1.38
한국중부발전㈜보령발전본부,3,2025-01-20 17:30,TSP,2.32
한국중부발전㈜보령발전본부,3,2025-01-20 17:30,SOx,5.26
한국중부발전㈜보령발전본부,3,2025-01-20 17:30,NOx,1.58
한국중부발전㈜보령발전본부,3,2025-01-20 18:00,TSP,2.32
한국중부발전㈜보령발전본부,3,2025-01-20 18:00,SOx,5.16
한국중부발전㈜보령발전본부,3,2025-01-20 18:00,NOx,1.59
한국중부발전㈜보령발전본부,3,2025-01-20 18:30,TSP,2.32
한국중부발전㈜보령발전본부,3,2025-01-20 18:30,SOx,4.81
한국중부발전㈜보령발전본부,3,2025-01-20 18:30,NOx,1.8
한국중부발전㈜보령발전본부,3,2025-01-20 19:00,TSP,2.61
한국중부발전㈜보령발전본부,3,2025-01-20 19:00,SOx,4.84
한국중부발전㈜보령발전본부,3,2025-01-20 19:00,NOx,1.37
한국중부발전㈜보령발전본부,3,2025-01-20 19:30,TSP,2.61
한국중부발전㈜보령발전본부,3,2025-01-20 19:30,SOx,4.76
한국중부발전㈜보령발전본부,3,2025-01-20 19:30,NOx,1.51
한국중부발전㈜보령발전본부,3,2025-01-20 20:00,TSP,2.37
한국중부발전㈜보령발전본부,3,2025-01-20 20:00,SOx,4.72
한국중부발전㈜보령발전본부,3,2025-01-20 20:00,NOx,1.33
한국중부발전㈜보령발전본부,3,2025-01-20 20:30,TSP,2.28
한국중부발전㈜보령발전본부,3,2025-01-20 20:30,SOx,4.75
한국중부발전㈜보령발전본부,3,2025-01-20 20:30,NOx,1.15
한국중부발전㈜보령발전본부,3,2025-01-20 21:00,TSP,2.32
한국중부발전㈜보령발전본부,3,2025-01-20 21:00,SOx,4.87
한국중부발전㈜보령발전본부,3,2025-01-20 21:00,NOx,1.86
한국중부발전㈜보령발전본부,3,2025-01-20 21:30,TSP,2.39
한국중부발전㈜보령발전본부,3,2025-01-20 21:30,SOx,4.58
한국중부발전㈜보령발전본부,3,2025-01-20 21:30,NOx,2.04
한국중부발전㈜보령발전본부,3,2025-01-20 22:00,TSP,2.43
한국중부발전㈜보령발전본부,3,2025-01-20 22:00,SOx,4.69
한국중부발전㈜보령발전본부,3,2025-01-20 22:00,NOx,2.05
한국중부발전㈜보령발전본부,3,2025-01-20 22:30,TSP,2.37
한국중부발전㈜보령발전본부,3,2025-01-20 22:30,SOx,4.43
한국중부발전㈜보령발전본부,3,2025-01-20 22:30,NOx,1.34
한국중부발전㈜보령발전본부,3,2025-01-20 23:00,TSP,2.36
한국중부발전㈜보령발전본부,3,2025-01-20 23:00,SOx,4.57
한국중부발전㈜보령발전본부,3,2025-01-20 23:00,NOx,1.22
한국중부발전㈜보령발전본부,3,2025-01-20 23:30,TSP,2.29
한국중부발전㈜보령발전본부,3,2025-01-20 23:30,SOx,4.49
한국중부발전㈜보령발전본부,3,2025-01-20 23:30,NOx,1.44
한국중부발전㈜보령발전본부,3,2025-01-21 00:00,TSP,2.28
한국중부발전㈜보령발전본부,3,2025-01-21 00:00,SOx,4.63
한국중부발전㈜보령발전본부,3,2025-01-21 00:00,NOx,1.59
한국중부발전㈜보령발전본부,3,2025-01-21 00:30,TSP,2.15
한국중부발전㈜보령발전본부,3,2025-01-21 00:30,SOx,4.62
한국중부발전㈜보령발전본부,3,2025-01-21 00:30,NOx,1.72
한국중부발전㈜보령발전본부,3,2025-01-21 01:00,TSP,2.15
한국중부발전㈜보령발전본부,3,2025-01-21 01:00,SOx,4.61
한국중부발전㈜보령발전본부,3,2025-01-21 01:00,NOx,1.38
한국중부발전㈜보령발전본부,3,2025-01-21 01:30,TSP,2.15
한국중부발전㈜보령발전본부,3,2025-01-21 01:30,SOx,4.4
한국중부발전㈜보령발전본부,3,2025-01-21 01:30,NOx,1.38
한국중부발전㈜보령발전본부,3,2025-01-21 02:00,TSP,2.27
한국중부발전㈜보령발전본부,3,2025-01-21 02:00,SOx,4.13
한국중부발전㈜보령발전본부,3,2025-01-21 02:00,NOx,1.12
한국중부발전㈜보령발전본부,3,2025-01-21 02:30,TSP,2.37
한국중부발전㈜보령발전본부,3,2025-01-21 02:30,SOx,3.91
한국중부발전㈜보령발전본부,3,2025-01-21 02:30,NOx,1.62
한국중부발전㈜보령발전본부,3,2025-01-21 03:00,TSP,2.37
한국중부발전㈜보령발전본부,3,2025-01-21 03:00,SOx,3.84
한국중부발전㈜보령발전본부,3,2025-01-21 03:00,NOx,2.19
한국중부발전㈜보령발전본부,3,2025-01-21 03:30,TSP,2.33
한국중부발전㈜보령발전본부,3,2025-01-21 03:30,SOx,4.0
한국중부발전㈜보령발전본부,3,2025-01-21 03:30,NOx,2.23
한국중부발전㈜보령발전본부,3,2025-01-21 04:00,TSP,2.29
한국중부발전㈜보령발전본부,3,2025-01-21 04:00,SOx,4.12
한국중부발전㈜보령발전본부,3,2025-01-21 04:00,NOx,2.18
한국중부발전㈜보령발전본부,3,2025-01-21 04:30,TSP,2.21
한국중부발전㈜보령발전본부,3,2025-01-21 04:30,SOx,4.02
한국중부발전㈜보령발전본부,3,2025-01-21 04:30,NOx,2.2
한국중부발전㈜보령발전본부,3,2025-01-21 05:00,TSP,2.19
한국중부발전㈜보령발전본부,3,2025-01-21 05:00,SOx,3.95
한국중부발전㈜보령발전본부,3,2025-01-21 05:00,NOx,2.03
한국중부발전㈜보령발전본부,3,2025-01-21 05:30,TSP,2.18
한국중부발전㈜보령발전본부,3,2025-01-21 05:30,SOx,4.11
한국중부발전㈜보령발전본부,3,2025-01-21 05:30,NOx,2.26
한국중부발전㈜보령발전본부,3,2025-01-21 06:00,TSP,2.2
한국중부발전㈜보령발전본부,3,2025-01-21 06:00,SOx,4.26
한국중부발전㈜보령발전본부,3,2025-01-21 06:00,NOx,2.41
한국중부발전㈜보령발전본부,3,2025-01-21 06:30,TSP,2.15
한국중부발전㈜보령발전본부,3,2025-01-21 06:30,SOx,4.49
한국중부발전㈜보령발전본부,3,2025-01-21 06:30,NOx,2.42
한국중부발전㈜보령발전본부,3,2025-01-21 07:00,TSP,2.29
한국중부발전㈜보령발전본부,3,2025-01-21 07:00,SOx,3.92
한국중부발전㈜보령발전본부,3,2025-01-21 07:00,NOx,2.12
한국중부발전㈜보령발전본부,3,2025-01-21 07:30,TSP,2.19
한국중부발전㈜보령발전본부,3,2025-01-21 07:30,SOx,3.94
한국중부발전㈜보령발전본부,3,2025-01-21 07:30,NOx,1.5
한국중부발전㈜보령발전본부,3,2025-01-21 08:00,TSP,2.14
한국중부발전㈜보령발전본부,3,2025-01-21 08:00,SOx,3.95
한국중부발전㈜보령발전본부,3,2025-01-21 08:00,NOx,1.96
한국중부발전㈜보령발전본부,3,2025-01-21 08:30,TSP,2.12
한국중부발전㈜보령발전본부,3,2025-01-21 08:30,SOx,4.11
한국중부발전㈜보령발전본부,3,2025-01-21 08:30,NOx,1.52
한국중부발전㈜보령발전본부,3,2025-01-21 09:00,TSP,2.11
한국중부발전㈜보령발전본부,3,2025-01-21 09:00,SOx,4.16
한국중부발전㈜보령발전본부,3,2025-01-21 09:00,NOx,1.39
한국중부발전㈜보령발전본부,3,2025-01-21 09:30,TSP,2.19
한국중부발전㈜보령발전본부,3,2025-01-21 09:30,SOx,4.36
한국중부발전㈜보령발전본부,3,2025-01-21 09:30,NOx,1.98
한국중부발전㈜보령발전본부,3,2025-01-21 10:00,TSP,2.33
한국중부발전㈜보령발전본부,3,2025-01-21 10:00,SOx,4.28
한국중부발전㈜보령발전본부,3,2025-01-21 10:00,NOx,2.25
한국중부발전㈜보령발전본부,3,2025-01-21 10:30,TSP,2.33
한국중부발전㈜보령발전본부,3,2025-01-21 10:30,SOx,4.14
한국중부발전㈜보령발전본부,3,2025-01-21 10:30,NOx,1.87
한국중부발전㈜보령발전본부,3,2025-01-21 11:00,TSP,2.38
한국중부발전㈜보령발전본부,3,2025-01-21 11:00,SOx,4.49
한국중부발전㈜보령발전본부,3,2025-01-21 11:00,NOx,2.56
한국중부발전㈜보령발전본부,3,2025-01-21 11:30,TSP,2.36
한국중부발전㈜보령발전본부,3,2025-01-21 11:30,SOx,4.66
한국중부발전㈜보령발전본부,3,2025-01-21 11:30,NOx,3.56
한국중부발전㈜보령발전본부,3,2025-01-21 12:00,TSP,2.29
한국중부발전㈜보령발전본부,3,2025-01-21 12:00,SOx,4.39
한국중부발전㈜보령발전본부,3,2025-01-21 12:00,NOx,3.66
한국중부발전㈜보령발전본부,3,2025-01-21 12:30,TSP,2.11
한국중부발전㈜보령발전본부,3,2025-01-21 12:30,SOx,4.21
한국중부발전㈜보령발전본부,3,2025-01-21 12:30,NOx,2.97
한국중부발전㈜보령발전본부,3,2025-01-21 13:00,TSP,2.04
한국중부발전㈜보령발전본부,3,2025-01-21 13:00,SOx,4.43
한국중부발전㈜보령발전본부,3,2025-01-21 13:00,NOx,2.51
한국중부발전㈜보령발전본부,3,2025-01-21 13:30,TSP,2.05
한국중부발전㈜보령발전본부,3,2025-01-21 13:30,SOx,4.63
한국중부발전㈜보령발전본부,3,2025-01-21 13:30,NOx,2.02
한국중부발전㈜보령발전본부,3,2025-01-21 14:00,TSP,2.07
한국중부발전㈜보령발전본부,3,2025-01-21 14:00,SOx,4.44
한국중부발전㈜보령발전본부,3,2025-01-21 14:00,NOx,2.13
한국중부발전㈜보령발전본부,3,2025-01-21 14:30,TSP,2.06
한국중부발전㈜보령발전본부,3,2025-01-21 14:30,SOx,4.53
한국중부발전㈜보령발전본부,3,2025-01-21 14:30,NOx,2.31
한국중부발전㈜보령발전본부,3,2025-01-21 15:00,TSP,2.17
한국중부발전㈜보령발전본부,3,2025-01-21 15:00,SOx,4.54
한국중부발전㈜보령발전본부,3,2025-01-21 15:00,NOx,1.97
한국중부발전㈜보령발전본부,3,2025-01-21 15:30,TSP,2.29
한국중부발전㈜보령발전본부,3,2025-01-21 15:30,SOx,4.26
한국중부발전㈜보령발전본부,3,2025-01-21 15:30,NOx,1.89
한국중부발전㈜보령발전본부,3,2025-01-21 16:00,TSP,2.38
한국중부발전㈜보령발전본부,3,2025-01-21 16:00,SOx,4.25
한국중부발전㈜보령발전본부,3,2025-01-21 16:00,NOx,1.65
한국중부발전㈜보령발전본부,3,2025-01-21 16:30,TSP,2.53
한국중부발전㈜보령발전본부,3,2025-01-21 16:30,SOx,4.22
한국중부발전㈜보령발전본부,3,2025-01-21 16:30,NOx,1.88
한국중부발전㈜보령발전본부,3,2025-01-21 17:00,TSP,2.56
한국중부발전㈜보령발전본부,3,2025-01-21 17:00,SOx,4.39
한국중부발전㈜보령발전본부,3,2025-01-21 17:00,NOx,2.19
한국중부발전㈜보령발전본부,3,2025-01-21 17:30,TSP,2.54
한국중부발전㈜보령발전본부,3,2025-01-21 17:30,SOx,4.43
한국중부발전㈜보령발전본부,3,2025-01-21 17:30,NOx,1.96
한국중부발전㈜보령발전본부,3,2025-01-21 18:00,TSP,2.48
한국중부발전㈜보령발전본부,3,2025-01-21 18:00,SOx,4.21
한국중부발전㈜보령발전본부,3,2025-01-21 18:00,NOx,1.63
한국중부발전㈜보령발전본부,3,2025-01-21 18:30,TSP,2.48
한국중부발전㈜보령발전본부,3,2025-01-21 18:30,SOx,4.29
한국중부발전㈜보령발전본부,3,2025-01-21 18:30,NOx,1.46
한국중부발전㈜보령발전본부,3,2025-01-21 19:00,TSP,2.34
한국중부발전㈜보령발전본부,3,2025-01-21 19:00,SOx,4.45
한국중부발전㈜보령발전본부,3,2025-01-21 19:00,NOx,1.31
한국중부발전㈜보령발전본부,3,2025-01-21 19:30,TSP,2.23
한국중부발전㈜보령발전본부,3,2025-01-21 19:30,SOx,4.41
한국중부발전㈜보령발전본부,3,2025-01-21 19:30,NOx,1.96
한국중부발전㈜보령발전본부,3,2025-01-21 20:00,TSP,2.2
한국중부발전㈜보령발전본부,3,2025-01-21 20:00,SOx,4.62
한국중부발전㈜보령발전본부,3,2025-01-21 20:00,NOx,2.11
한국중부발전㈜보령발전본부,3,2025-01-21 20:30,TSP,2.15
한국중부발전㈜보령발전본부,3,2025-01-21 20:30,SOx,4.68
한국중부발전㈜보령발전본부,3,2025-01-21 20:30,NOx,2.13
한국중부발전㈜보령발전본부,3,2025-01-21 21:00,TSP,2.1
한국중부발전㈜보령발전본부,3,2025-01-21 21:00,SOx,4.7
한국중부발전㈜보령발전본부,3,2025-01-21 21:00,NOx,2.2
한국중부발전㈜보령발전본부,3,2025-01-21 21:30,TSP,2.14
한국중부발전㈜보령발전본부,3,2025-01-21 21:30,SOx,4.83
한국중부발전㈜보령발전본부,3,2025-01-21 21:30,NOx,2.1
한국중부발전㈜보령발전본부,3,2025-01-21 22:00,TSP,2.23
한국중부발전㈜보령발전본부,3,2025-01-21 22:00,SOx,4.89
한국중부발전㈜보령발전본부,3,2025-01-21 22:00,NOx,1.94
한국중부발전㈜보령발전본부,3,2025-01-21 22:30,TSP,2.2
한국중부발전㈜보령발전본부,3,2025-01-21 22:30,SOx,4.73
한국중부발전㈜보령발전본부,3,2025-01-21 22:30,NOx,1.82
한국중부발전㈜보령발전본부,3,2025-01-21 23:00,TSP,2.23
한국중부발전㈜보령발전본부,3,2025-01-21 23:00,SOx,4.95
한국중부발전㈜보령발전본부,3,2025-01-21 23:00,NOx,2.23
한국중부발전㈜보령발전본부,3,2025-01-21 23:30,TSP,2.17
한국중부발전㈜보령발전본부,3,2025-01-21 23:30,SOx,5.14
한국중부발전㈜보령발전본부,3,2025-01-21 23:30,NOx,2.25
한국중부발전㈜보령발전본부,3,2025-01-22 00:00,TSP,2.17
한국중부발전㈜보령발전본부,3,2025-01-22 00:00,SOx,5.13
한국중부발전㈜보령발전본부,3,2025-01-22 00:00,NOx,2.5
한국중부발전㈜보령발전본부,3,2025-01-22 00:30,TSP,2.16
한국중부발전㈜보령발전본부,3,2025-01-22 00:30,SOx,5.06
한국중부발전㈜보령발전본부,3,2025-01-22 00:30,NOx,2.12
한국중부발전㈜보령발전본부,3,2025-01-22 01:00,TSP,2.19
한국중부발전㈜보령발전본부,3,2025-01-22 01:00,SOx,5.0
한국중부발전㈜보령발전본부,3,2025-01-22 01:00,NOx,2.01
한국중부발전㈜보령발전본부,3,2025-01-22 01:30,TSP,2.21
한국중부발전㈜보령발전본부,3,2025-01-22 01:30,SOx,4.71
한국중부발전㈜보령발전본부,3,2025-01-22 01:30,NOx,2.01
한국중부발전㈜보령발전본부,3,2025-01-22 02:00,TSP,2.23
한국중부발전㈜보령발전본부,3,2025-01-22 02:00,SOx,4.55
한국중부발전㈜보령발전본부,3,2025-01-22 02:00,NOx,1.39
한국중부발전㈜보령발전본부,3,2025-01-22 02:30,TSP,2.23
한국중부발전㈜보령발전본부,3,2025-01-22 02:30,SOx,4.53
한국중부발전㈜보령발전본부,3,2025-01-22 02:30,NOx,0.14
한국중부발전㈜보령발전본부,3,2025-01-22 03:00,TSP,2.27
한국중부발전㈜보령발전본부,3,2025-01-22 03:00,SOx,4.6
한국중부발전㈜보령발전본부,3,2025-01-22 03:00,NOx,0.11
한국중부발전㈜보령발전본부,3,2025-01-22 03:30,TSP,2.26
한국중부발전㈜보령발전본부,3,2025-01-22 03:30,SOx,4.45
한국중부발전㈜보령발전본부,3,2025-01-22 03:30,NOx,0.09
한국중부발전㈜보령발전본부,3,2025-01-22 04:00,TSP,2.24
한국중부발전㈜보령발전본부,3,2025-01-22 04:00,SOx,4.47
한국중부발전㈜보령발전본부,3,2025-01-22 04:00,NOx,0.09
한국중부발전㈜보령발전본부,3,2025-01-22 04:30,TSP,2.19
한국중부발전㈜보령발전본부,3,2025-01-22 04:30,SOx,4.78
한국중부발전㈜보령발전본부,3,2025-01-22 04:30,NOx,0.09
한국중부발전㈜보령발전본부,3,2025-01-22 05:00,TSP,2.21
한국중부발전㈜보령발전본부,3,2025-01-22 05:00,SOx,4.77
한국중부발전㈜보령발전본부,3,2025-01-22 05:00,NOx,0.22
한국중부발전㈜보령발전본부,3,2025-01-22 05:30,TSP,2.22
한국중부발전㈜보령발전본부,3,2025-01-22 05:30,SOx,4.8
한국중부발전㈜보령발전본부,3,2025-01-22 05:30,NOx,0.22
한국중부발전㈜보령발전본부,3,2025-01-22 06:00,TSP,2.17
한국중부발전㈜보령발전본부,3,2025-01-22 06:00,SOx,4.78
한국중부발전㈜보령발전본부,3,2025-01-22 06:00,NOx,0.37
한국중부발전㈜보령발전본부,3,2025-01-22 06:30,TSP,2.14
한국중부발전㈜보령발전본부,3,2025-01-22 06:30,SOx,5.0
한국중부발전㈜보령발전본부,3,2025-01-22 06:30,NOx,0.76
한국중부발전㈜보령발전본부,3,2025-01-22 07:00,TSP,2.14
한국중부발전㈜보령발전본부,3,2025-01-22 07:00,SOx,5.11
한국중부발전㈜보령발전본부,3,2025-01-22 07:00,NOx,0.55
한국중부발전㈜보령발전본부,3,2025-01-22 07:30,TSP,2.18
한국중부발전㈜보령발전본부,3,2025-01-22 07:30,SOx,5.45
한국중부발전㈜보령발전본부,3,2025-01-22 07:30,NOx,0.65
한국중부발전㈜보령발전본부,3,2025-01-22 08:00,TSP,2.18
한국중부발전㈜보령발전본부,3,2025-01-22 08:00,SOx,5.29
한국중부발전㈜보령발전본부,3,2025-01-22 08:00,NOx,0.8
한국중부발전㈜보령발전본부,3,2025-01-22 08:30,TSP,2.15
한국중부발전㈜보령발전본부,3,2025-01-22 08:30,SOx,5.2
한국중부발전㈜보령발전본부,3,2025-01-22 08:30,NOx,0.54
한국중부발전㈜보령발전본부,3,2025-01-22 09:00,TSP,2.16
한국중부발전㈜보령발전본부,3,2025-01-22 09:00,SOx,5.45
한국중부발전㈜보령발전본부,3,2025-01-22 09:00,NOx,0.65
한국중부발전㈜보령발전본부,3,2025-01-22 09:30,TSP,2.09
한국중부발전㈜보령발전본부,3,2025-01-22 09:30,SOx,5.3
한국중부발전㈜보령발전본부,3,2025-01-22 09:30,NOx,0.76
한국중부발전㈜보령발전본부,3,2025-01-22 10:00,TSP,2.06
한국중부발전㈜보령발전본부,3,2025-01-22 10:00,SOx,5.2
한국중부발전㈜보령발전본부,3,2025-01-22 10:00,NOx,0.85
한국중부발전㈜보령발전본부,3,2025-01-22 10:30,TSP,2.06
한국중부발전㈜보령발전본부,3,2025-01-22 10:30,SOx,5.2
한국중부발전㈜보령발전본부,3,2025-01-22 10:30,NOx,0.85
한국중부발전㈜보령발전본부,3,2025-01-22 11:00,TSP,2.06
한국중부발전㈜보령발전본부,3,2025-01-22 11:00,SOx,5.2
한국중부발전㈜보령발전본부,3,2025-01-22 11:00,NOx,0.85
한국중부발전㈜보령발전본부,3,2025-01-22 11:30,TSP,2.06
한국중부발전㈜보령발전본부,3,2025-01-22 11:30,SOx,5.2
한국중부발전㈜보령발전본부,3,2025-01-22 11:30,NOx,0.85
한국중부발전㈜보령발전본부,3,2025-01-22 12:00,TSP,2.06
한국중부발전㈜보령발전본부,3,2025-01-22 12:00,SOx,5.2
한국중부발전㈜보령발전본부,3,2025-01-22 12:00,NOx,0.85
한국중부발전㈜보령발전본부,3,2025-01-22 12:30,TSP,2.06
한국중부발전㈜보령발전본부,3,2025-01-22 12:30,SOx,5.2
한국중부발전㈜보령발전본부,3,2025-01-22 12:30,NOx,0.85
한국중부발전㈜보령발전본부,3,2025-01-22 13:00,TSP,2.06
한국중부발전㈜보령발전본부,3,2025-01-22 13:00,SOx,5.2
한국중부발전㈜보령발전본부,3,2025-01-22 13:00,NOx,0.85
한국중부발전㈜보령발전본부,3,2025-01-22 13:30,TSP,2.06
한국중부발전㈜보령발전본부,3,2025-01-22 13:30,SOx,5.2
한국중부발전㈜보령발전본부,3,2025-01-22 13:30,NOx,0.85
한국중부발전㈜보령발전본부,3,2025-01-22 14:00,TSP,2.06
한국중부발전㈜보령발전본부,3,2025-01-22 14:00,SOx,5.2
한국중부발전㈜보령발전본부,3,2025-01-22 14:00,NOx,0.85
한국중부발전㈜보령발전본부,3,2025-01-22 14:30,TSP,2.06
한국중부발전㈜보령발전본부,3,2025-01-22 14:30,SOx,5.2
한국중부발전㈜보령발전본부,3,2025-01-22 14:30,NOx,0.85
한국중부발전㈜보령발전본부,3,2025-01-22 15:00,TSP,2.06
한국중부발전㈜보령발전본부,3,2025-01-22 15:00,SOx,5.2
한국중부발전㈜보령발전본부,3,2025-01-22 15:00,NOx,0.85
한국중부발전㈜보령발전본부,3,2025-01-22 15:30,TSP,2.06
한국중부발전㈜보령발전본부,3,2025-01-22 15:30,SOx,5.2
한국중부발전㈜보령발전본부,3,2025-01-22 15:30,NOx,0.85
한국중부발전㈜보령발전본부,3,2025-01-22 16:00,TSP,1.83
한국중부발전㈜보령발전본부,3,2025-01-22 16:00,SOx,5.14
한국중부발전㈜보령발전본부,3,2025-01-22 16:00,NOx,2.23
한국중부발전㈜보령발전본부,3,2025-01-22 16:30,TSP,1.82
한국중부발전㈜보령발전본부,3,2025-01-22 16:30,SOx,5.43
한국중부발전㈜보령발전본부,3,2025-01-22 16:30,NOx,2.5
한국중부발전㈜보령발전본부,3,2025-01-22 17:00,TSP,1.84
한국중부발전㈜보령발전본부,3,2025-01-22 17:00,SOx,5.39
한국중부발전㈜보령발전본부,3,2025-01-22 17:00,NOx,2.11
한국중부발전㈜보령발전본부,3,2025-01-22 17:30,TSP,1.84
한국중부발전㈜보령발전본부,3,2025-01-22 17:30,SOx,5.23
한국중부발전㈜보령발전본부,3,2025-01-22 17:30,NOx,1.27
한국중부발전㈜보령발전본부,3,2025-01-22 18:00,TSP,1.84
한국중부발전㈜보령발전본부,3,2025-01-22 18:00,SOx,5.54
한국중부발전㈜보령발전본부,3,2025-01-22 18:00,NOx,2.0
한국중부발전㈜보령발전본부,3,2025-01-22 18:30,TSP,1.84
한국중부발전㈜보령발전본부,3,2025-01-22 18:30,SOx,5.34
한국중부발전㈜보령발전본부,3,2025-01-22 18:30,NOx,2.48
한국중부발전㈜보령발전본부,3,2025-01-22 19:00,TSP,1.91
한국중부발전㈜보령발전본부,3,2025-01-22 19:00,SOx,5.13
한국중부발전㈜보령발전본부,3,2025-01-22 19:00,NOx,2.24
한국중부발전㈜보령발전본부,3,2025-01-22 19:30,TSP,1.87
한국중부발전㈜보령발전본부,3,2025-01-22 19:30,SOx,5.2
한국중부발전㈜보령발전본부,3,2025-01-22 19:30,NOx,2.19
한국중부발전㈜보령발전본부,3,2025-01-22 20:00,TSP,1.86
한국중부발전㈜보령발전본부,3,2025-01-22 20:00,SOx,5.31
한국중부발전㈜보령발전본부,3,2025-01-22 20:00,NOx,2.71
한국중부발전㈜보령발전본부,3,2025-01-22 20:30,TSP,1.84
한국중부발전㈜보령발전본부,3,2025-01-22 20:30,SOx,5.37
한국중부발전㈜보령발전본부,3,2025-01-22 20:30,NOx,2.79
한국중부발전㈜보령발전본부,3,2025-01-22 21:00,TSP,1.85
한국중부발전㈜보령발전본부,3,2025-01-22 21:00,SOx,5.35
한국중부발전㈜보령발전본부,3,2025-01-22 21:00,NOx,2.91
한국중부발전㈜보령발전본부,3,2025-01-22 21:30,TSP,1.82
한국중부발전㈜보령발전본부,3,2025-01-22 21:30,SOx,5.32
한국중부발전㈜보령발전본부,3,2025-01-22 21:30,NOx,3.54
한국중부발전㈜보령발전본부,3,2025-01-22 22:00,TSP,1.88
한국중부발전㈜보령발전본부,3,2025-01-22 22:00,SOx,5.22
한국중부발전㈜보령발전본부,3,2025-01-22 22:00,NOx,2.17
한국중부발전㈜보령발전본부,3,2025-01-22 22:30,TSP,1.82
한국중부발전㈜보령발전본부,3,2025-01-22 22:30,SOx,5.23
한국중부발전㈜보령발전본부,3,2025-01-22 22:30,NOx,1.67
한국중부발전㈜보령발전본부,3,2025-01-22 23:00,TSP,1.84
한국중부발전㈜보령발전본부,3,2025-01-22 23:00,SOx,5.1
한국중부발전㈜보령발전본부,3,2025-01-22 23:00,NOx,0.7
한국중부발전㈜보령발전본부,3,2025-01-22 23:30,TSP,1.82
한국중부발전㈜보령발전본부,3,2025-01-22 23:30,SOx,4.86
한국중부발전㈜보령발전본부,3,2025-01-22 23:30,NOx,0.56
한국중부발전㈜보령발전본부,3,2025-01-23 00:00,TSP,1.83
한국중부발전㈜보령발전본부,3,2025-01-23 00:00,SOx,4.73
한국중부발전㈜보령발전본부,3,2025-01-23 00:00,NOx,0.86
한국중부발전㈜보령발전본부,3,2025-01-23 00:30,TSP,1.85
한국중부발전㈜보령발전본부,3,2025-01-23 00:30,SOx,4.8
한국중부발전㈜보령발전본부,3,2025-01-23 00:30,NOx,0.94
한국중부발전㈜보령발전본부,3,2025-01-23 01:00,TSP,1.86
한국중부발전㈜보령발전본부,3,2025-01-23 01:00,SOx,4.88
한국중부발전㈜보령발전본부,3,2025-01-23 01:00,NOx,0.45
한국중부발전㈜보령발전본부,3,2025-01-23 01:30,TSP,1.92
한국중부발전㈜보령발전본부,3,2025-01-23 01:30,SOx,4.99
한국중부발전㈜보령발전본부,3,2025-01-23 01:30,NOx,0.52
한국중부발전㈜보령발전본부,3,2025-01-23 02:00,TSP,1.98
한국중부발전㈜보령발전본부,3,2025-01-23 02:00,SOx,4.44
한국중부발전㈜보령발전본부,3,2025-01-23 02:00,NOx,0.46
한국중부발전㈜보령발전본부,3,2025-01-23 02:30,TSP,2.03
한국중부발전㈜보령발전본부,3,2025-01-23 02:30,SOx,4.41
한국중부발전㈜보령발전본부,3,2025-01-23 02:30,NOx,0.31
한국중부발전㈜보령발전본부,3,2025-01-23 03:00,TSP,2.08
한국중부발전㈜보령발전본부,3,2025-01-23 03:00,SOx,4.53
한국중부발전㈜보령발전본부,3,2025-01-23 03:00,NOx,0.37
한국중부발전㈜보령발전본부,3,2025-01-23 03:30,TSP,2.16
한국중부발전㈜보령발전본부,3,2025-01-23 03:30,SOx,4.51
한국중부발전㈜보령발전본부,3,2025-01-23 03:30,NOx,0.47
한국중부발전㈜보령발전본부,3,2025-01-23 04:00,TSP,2.1
한국중부발전㈜보령발전본부,3,2025-01-23 04:00,SOx,4.8
한국중부발전㈜보령발전본부,3,2025-01-23 04:00,NOx,0.45
한국중부발전㈜보령발전본부,3,2025-01-23 04:30,TSP,2.11
한국중부발전㈜보령발전본부,3,2025-01-23 04:30,SOx,4.34
한국중부발전㈜보령발전본부,3,2025-01-23 04:30,NOx,0.2
한국중부발전㈜보령발전본부,3,2025-01-23 05:00,TSP,2.12
한국중부발전㈜보령발전본부,3,2025-01-23 05:00,SOx,4.34
한국중부발전㈜보령발전본부,3,2025-01-23 05:00,NOx,0.17
한국중부발전㈜보령발전본부,3,2025-01-23 05:30,TSP,2.12
한국중부발전㈜보령발전본부,3,2025-01-23 05:30,SOx,4.05
한국중부발전㈜보령발전본부,3,2025-01-23 05:30,NOx,0.2
한국중부발전㈜보령발전본부,3,2025-01-23 06:00,TSP,2.11
한국중부발전㈜보령발전본부,3,2025-01-23 06:00,SOx,4.18
한국중부발전㈜보령발전본부,3,2025-01-23 06:00,NOx,0.18
한국중부발전㈜보령발전본부,3,2025-01-23 06:30,TSP,2.1
한국중부발전㈜보령발전본부,3,2025-01-23 06:30,SOx,4.31
한국중부발전㈜보령발전본부,3,2025-01-23 06:30,NOx,0.14
한국중부발전㈜보령발전본부,3,2025-01-23 07:00,TSP,2.17
한국중부발전㈜보령발전본부,3,2025-01-23 07:00,SOx,4.42
한국중부발전㈜보령발전본부,3,2025-01-23 07:00,NOx,0.15
한국중부발전㈜보령발전본부,3,2025-01-23 07:30,TSP,2.17
한국중부발전㈜보령발전본부,3,2025-01-23 07:30,SOx,4.03
한국중부발전㈜보령발전본부,3,2025-01-23 07:30,NOx,0.14
한국중부발전㈜보령발전본부,3,2025-01-23 08:00,TSP,2.14
한국중부발전㈜보령발전본부,3,2025-01-23 08:00,SOx,4.0
한국중부발전㈜보령발전본부,3,2025-01-23 08:00,NOx,0.14
한국중부발전㈜보령발전본부,3,2025-01-23 08:30,TSP,2.11
한국중부발전㈜보령발전본부,3,2025-01-23 08:30,SOx,3.97
한국중부발전㈜보령발전본부,3,2025-01-23 08:30,NOx,0.12
한국중부발전㈜보령발전본부,3,2025-01-23 09:00,TSP,2.1
한국중부발전㈜보령발전본부,3,2025-01-23 09:00,SOx,3.97
한국중부발전㈜보령발전본부,3,2025-01-23 09:00,NOx,0.5
한국중부발전㈜보령발전본부,3,2025-01-23 09:30,TSP,2.13
한국중부발전㈜보령발전본부,3,2025-01-23 09:30,SOx,4.0
한국중부발전㈜보령발전본부,3,2025-01-23 09:30,NOx,0.19
한국중부발전㈜보령발전본부,3,2025-01-23 10:00,TSP,2.1
한국중부발전㈜보령발전본부,3,2025-01-23 10:00,SOx,4.14
한국중부발전㈜보령발전본부,3,2025-01-23 10:00,NOx,0.17
한국중부발전㈜보령발전본부,3,2025-01-23 10:30,TSP,2.06
한국중부발전㈜보령발전본부,3,2025-01-23 10:30,SOx,4.63
한국중부발전㈜보령발전본부,3,2025-01-23 10:30,NOx,0.16
한국중부발전㈜보령발전본부,3,2025-01-23 11:00,TSP,2.08
한국중부발전㈜보령발전본부,3,2025-01-23 11:00,SOx,4.44
한국중부발전㈜보령발전본부,3,2025-01-23 11:00,NOx,0.4
한국중부발전㈜보령발전본부,3,2025-01-23 11:30,TSP,1.99
한국중부발전㈜보령발전본부,3,2025-01-23 11:30,SOx,4.61
한국중부발전㈜보령발전본부,3,2025-01-23 11:30,NOx,0.76
한국중부발전㈜보령발전본부,3,2025-01-23 12:00,TSP,1.96
한국중부발전㈜보령발전본부,3,2025-01-23 12:00,SOx,4.62
한국중부발전㈜보령발전본부,3,2025-01-23 12:00,NOx,0.85
한국중부발전㈜보령발전본부,3,2025-01-23 12:30,TSP,1.89
한국중부발전㈜보령발전본부,3,2025-01-23 12:30,SOx,4.49
한국중부발전㈜보령발전본부,3,2025-01-23 12:30,NOx,0.54
한국중부발전㈜보령발전본부,3,2025-01-23 13:00,TSP,1.84
한국중부발전㈜보령발전본부,3,2025-01-23 13:00,SOx,4.48
한국중부발전㈜보령발전본부,3,2025-01-23 13:00,NOx,0.37
한국중부발전㈜보령발전본부,3,2025-01-23 13:30,TSP,1.83
한국중부발전㈜보령발전본부,3,2025-01-23 13:30,SOx,4.85
한국중부발전㈜보령발전본부,3,2025-01-23 13:30,NOx,0.25
한국중부발전㈜보령발전본부,3,2025-01-23 14:00,TSP,1.9
한국중부발전㈜보령발전본부,3,2025-01-23 14:00,SOx,5.05
한국중부발전㈜보령발전본부,3,2025-01-23 14:00,NOx,0.46
한국중부발전㈜보령발전본부,3,2025-01-23 14:30,TSP,1.91
한국중부발전㈜보령발전본부,3,2025-01-23 14:30,SOx,5.09
한국중부발전㈜보령발전본부,3,2025-01-23 14:30,NOx,0.43
한국중부발전㈜보령발전본부,3,2025-01-23 15:00,TSP,2.02
한국중부발전㈜보령발전본부,3,2025-01-23 15:00,SOx,5.12
한국중부발전㈜보령발전본부,3,2025-01-23 15:00,NOx,0.32
한국중부발전㈜보령발전본부,3,2025-01-23 15:30,TSP,2.19
한국중부발전㈜보령발전본부,3,2025-01-23 15:30,SOx,4.91
한국중부발전㈜보령발전본부,3,2025-01-23 15:30,NOx,0.5
한국중부발전㈜보령발전본부,3,2025-01-23 16:00,TSP,2.29
한국중부발전㈜보령발전본부,3,2025-01-23 16:00,SOx,4.76
한국중부발전㈜보령발전본부,3,2025-01-23 16:00,NOx,0.51
한국중부발전㈜보령발전본부,3,2025-01-23 16:30,TSP,2.31
한국중부발전㈜보령발전본부,3,2025-01-23 16:30,SOx,4.66
한국중부발전㈜보령발전본부,3,2025-01-23 16:30,NOx,0.49
한국중부발전㈜보령발전본부,3,2025-01-23 17:00,TSP,2.37
한국중부발전㈜보령발전본부,3,2025-01-23 17:00,SOx,4.69
한국중부발전㈜보령발전본부,3,2025-01-23 17:00,NOx,0.6
한국중부발전㈜보령발전본부,3,2025-01-23 17:30,TSP,2.39
한국중부발전㈜보령발전본부,3,2025-01-23 17:30,SOx,4.47
한국중부발전㈜보령발전본부,3,2025-01-23 17:30,NOx,1.06
한국중부발전㈜보령발전본부,3,2025-01-23 18:00,TSP,2.35
한국중부발전㈜보령발전본부,3,2025-01-23 18:00,SOx,4.46
한국중부발전㈜보령발전본부,3,2025-01-23 18:00,NOx,0.6
한국중부발전㈜보령발전본부,3,2025-01-23 18:30,TSP,2.35
한국중부발전㈜보령발전본부,3,2025-01-23 18:30,SOx,4.78
한국중부발전㈜보령발전본부,3,2025-01-23 18:30,NOx,0.47
한국중부발전㈜보령발전본부,3,2025-01-23 19:00,TSP,2.06
한국중부발전㈜보령발전본부,3,2025-01-23 19:00,SOx,5.21
한국중부발전㈜보령발전본부,3,2025-01-23 19:00,NOx,0.62
한국중부발전㈜보령발전본부,3,2025-01-23 19:30,TSP,1.95
한국중부발전㈜보령발전본부,3,2025-01-23 19:30,SOx,5.55
한국중부발전㈜보령발전본부,3,2025-01-23 19:30,NOx,0.9
한국중부발전㈜보령발전본부,3,2025-01-23 20:00,TSP,1.95
한국중부발전㈜보령발전본부,3,2025-01-23 20:00,SOx,5.67
한국중부발전㈜보령발전본부,3,2025-01-23 20:00,NOx,0.39
한국중부발전㈜보령발전본부,3,2025-01-23 20:30,TSP,1.91
한국중부발전㈜보령발전본부,3,2025-01-23 20:30,SOx,5.78
한국중부발전㈜보령발전본부,3,2025-01-23 20:30,NOx,0.28
한국중부발전㈜보령발전본부,3,2025-01-23 21:00,TSP,2.01
한국중부발전㈜보령발전본부,3,2025-01-23 21:00,SOx,5.3
한국중부발전㈜보령발전본부,3,2025-01-23 21:00,NOx,0.3
한국중부발전㈜보령발전본부,3,2025-01-23 21:30,TSP,2.21
한국중부발전㈜보령발전본부,3,2025-01-23 21:30,SOx,4.75
한국중부발전㈜보령발전본부,3,2025-01-23 21:30,NOx,0.21
한국중부발전㈜보령발전본부,3,2025-01-23 22:00,TSP,2.42
한국중부발전㈜보령발전본부,3,2025-01-23 22:00,SOx,4.47
한국중부발전㈜보령발전본부,3,2025-01-23 22:00,NOx,0.09
한국중부발전㈜보령발전본부,3,2025-01-23 22:30,TSP,2.54
한국중부발전㈜보령발전본부,3,2025-01-23 22:30,SOx,4.09
한국중부발전㈜보령발전본부,3,2025-01-23 22:30,NOx,0.13
한국중부발전㈜보령발전본부,3,2025-01-23 23:00,TSP,2.59
한국중부발전㈜보령발전본부,3,2025-01-23 23:00,SOx,4.08
한국중부발전㈜보령발전본부,3,2025-01-23 23:00,NOx,0.17
한국중부발전㈜보령발전본부,3,2025-01-23 23:30,TSP,2.56
한국중부발전㈜보령발전본부,3,2025-01-23 23:30,SOx,3.96
한국중부발전㈜보령발전본부,3,2025-01-23 23:30,NOx,0.16
한국중부발전㈜보령발전본부,3,2025-01-24 00:00,TSP,2.45
한국중부발전㈜보령발전본부,3,2025-01-24 00:00,SOx,4.3
한국중부발전㈜보령발전본부,3,2025-01-24 00:00,NOx,0.12
한국중부발전㈜보령발전본부,3,2025-01-24 00:30,TSP,2.3
한국중부발전㈜보령발전본부,3,2025-01-24 00:30,SOx,4.48
한국중부발전㈜보령발전본부,3,2025-01-24 00:30,NOx,0.22
한국중부발전㈜보령발전본부,3,2025-01-24 01:00,TSP,2.24
한국중부발전㈜보령발전본부,3,2025-01-24 01:00,SOx,4.58
한국중부발전㈜보령발전본부,3,2025-01-24 01:00,NOx,0.15
한국중부발전㈜보령발전본부,3,2025-01-24 01:30,TSP,2.26
한국중부발전㈜보령발전본부,3,2025-01-24 01:30,SOx,4.66
한국중부발전㈜보령발전본부,3,2025-01-24 01:30,NOx,0.09
한국중부발전㈜보령발전본부,3,2025-01-24 02:00,TSP,2.29
한국중부발전㈜보령발전본부,3,2025-01-24 02:00,SOx,4.32
한국중부발전㈜보령발전본부,3,2025-01-24 02:00,NOx,0.11
한국중부발전㈜보령발전본부,3,2025-01-24 02:30,TSP,2.25
한국중부발전㈜보령발전본부,3,2025-01-24 02:30,SOx,3.96
한국중부발전㈜보령발전본부,3,2025-01-24 02:30,NOx,0.11
한국중부발전㈜보령발전본부,3,2025-01-24 03:00,TSP,2.22
한국중부발전㈜보령발전본부,3,2025-01-24 03:00,SOx,4.17
한국중부발전㈜보령발전본부,3,2025-01-24 03:00,NOx,0.06
한국중부발전㈜보령발전본부,3,2025-01-24 03:30,TSP,2.19
한국중부발전㈜보령발전본부,3,2025-01-24 03:30,SOx,4.25
한국중부발전㈜보령발전본부,3,2025-01-24 03:30,NOx,0.05
한국중부발전㈜보령발전본부,3,2025-01-24 04:00,TSP,2.15
한국중부발전㈜보령발전본부,3,2025-01-24 04:00,SOx,4.16
한국중부발전㈜보령발전본부,3,2025-01-24 04:00,NOx,0.07
한국중부발전㈜보령발전본부,3,2025-01-24 04:30,TSP,2.13
한국중부발전㈜보령발전본부,3,2025-01-24 04:30,SOx,4.34
한국중부발전㈜보령발전본부,3,2025-01-24 04:30,NOx,0.05
한국중부발전㈜보령발전본부,3,2025-01-24 05:00,TSP,2.22
한국중부발전㈜보령발전본부,3,2025-01-24 05:00,SOx,4.34
한국중부발전㈜보령발전본부,3,2025-01-24 05:00,NOx,0.05
한국중부발전㈜보령발전본부,3,2025-01-24 05:30,TSP,2.18
한국중부발전㈜보령발전본부,3,2025-01-24 05:30,SOx,4.32
한국중부발전㈜보령발전본부,3,2025-01-24 05:30,NOx,0.08
한국중부발전㈜보령발전본부,3,2025-01-24 06:00,TSP,2.21
한국중부발전㈜보령발전본부,3,2025-01-24 06:00,SOx,4.51
한국중부발전㈜보령발전본부,3,2025-01-24 06:00,NOx,0.1
한국중부발전㈜보령발전본부,3,2025-01-24 06:30,TSP,2.24
한국중부발전㈜보령발전본부,3,2025-01-24 06:30,SOx,4.3
한국중부발전㈜보령발전본부,3,2025-01-24 06:30,NOx,0.09
한국중부발전㈜보령발전본부,3,2025-01-24 07:00,TSP,2.25
한국중부발전㈜보령발전본부,3,2025-01-24 07:00,SOx,4.11
한국중부발전㈜보령발전본부,3,2025-01-24 07:00,NOx,0.09
한국중부발전㈜보령발전본부,3,2025-01-24 07:30,TSP,2.24
한국중부발전㈜보령발전본부,3,2025-01-24 07:30,SOx,4.19
한국중부발전㈜보령발전본부,3,2025-01-24 07:30,NOx,0.08
한국중부발전㈜보령발전본부,3,2025-01-24 08:00,TSP,2.23
한국중부발전㈜보령발전본부,3,2025-01-24 08:00,SOx,4.18
한국중부발전㈜보령발전본부,3,2025-01-24 08:00,NOx,0.1
한국중부발전㈜보령발전본부,3,2025-01-24 08:30,TSP,2.19
한국중부발전㈜보령발전본부,3,2025-01-24 08:30,SOx,4.28
한국중부발전㈜보령발전본부,3,2025-01-24 08:30,NOx,0.16
한국중부발전㈜보령발전본부,3,2025-01-24 09:00,TSP,2.17
한국중부발전㈜보령발전본부,3,2025-01-24 09:00,SOx,4.11
한국중부발전㈜보령발전본부,3,2025-01-24 09:00,NOx,0.39
한국중부발전㈜보령발전본부,3,2025-01-24 09:30,TSP,2.39
한국중부발전㈜보령발전본부,3,2025-01-24 09:30,SOx,4.31
한국중부발전㈜보령발전본부,3,2025-01-24 09:30,NOx,0.32
한국중부발전㈜보령발전본부,3,2025-01-24 10:00,TSP,2.26
한국중부발전㈜보령발전본부,3,2025-01-24 10:00,SOx,4.28
한국중부발전㈜보령발전본부,3,2025-01-24 10:00,NOx,0.11
한국중부발전㈜보령발전본부,3,2025-01-24 10:30,TSP,2.19
한국중부발전㈜보령발전본부,3,2025-01-24 10:30,SOx,4.45
한국중부발전㈜보령발전본부,3,2025-01-24 10:30,NOx,0.12
한국중부발전㈜보령발전본부,3,2025-01-24 11:00,TSP,2.23
한국중부발전㈜보령발전본부,3,2025-01-24 11:00,SOx,4.7
한국중부발전㈜보령발전본부,3,2025-01-24 11:00,NOx,0.13
한국중부발전㈜보령발전본부,3,2025-01-24 11:30,TSP,2.25
한국중부발전㈜보령발전본부,3,2025-01-24 11:30,SOx,4.71
한국중부발전㈜보령발전본부,3,2025-01-24 11:30,NOx,0.17
한국중부발전㈜보령발전본부,3,2025-01-24 12:00,TSP,2.2
한국중부발전㈜보령발전본부,3,2025-01-24 12:00,SOx,4.92
한국중부발전㈜보령발전본부,3,2025-01-24 12:00,NOx,0.25
한국중부발전㈜보령발전본부,3,2025-01-24 12:30,TSP,2.09
한국중부발전㈜보령발전본부,3,2025-01-24 12:30,SOx,4.95
한국중부발전㈜보령발전본부,3,2025-01-24 12:30,NOx,0.11
한국중부발전㈜보령발전본부,3,2025-01-24 13:00,TSP,1.99
한국중부발전㈜보령발전본부,3,2025-01-24 13:00,SOx,5.12
한국중부발전㈜보령발전본부,3,2025-01-24 13:00,NOx,0.1
한국중부발전㈜보령발전본부,3,2025-01-24 13:30,TSP,2.02
한국중부발전㈜보령발전본부,3,2025-01-24 13:30,SOx,4.91
한국중부발전㈜보령발전본부,3,2025-01-24 13:30,NOx,0.12
한국중부발전㈜보령발전본부,3,2025-01-24 14:00,TSP,2.01
한국중부발전㈜보령발전본부,3,2025-01-24 14:00,SOx,4.82
한국중부발전㈜보령발전본부,3,2025-01-24 14:00,NOx,0.21
한국중부발전㈜보령발전본부,3,2025-01-24 14:30,TSP,2.12
한국중부발전㈜보령발전본부,3,2025-01-24 14:30,SOx,4.84
한국중부발전㈜보령발전본부,3,2025-01-24 14:30,NOx,0.44
한국중부발전㈜보령발전본부,3,2025-01-24 15:00,TSP,2.07
한국중부발전㈜보령발전본부,3,2025-01-24 15:00,SOx,4.56
한국중부발전㈜보령발전본부,3,2025-01-24 15:00,NOx,0.18
한국중부발전㈜보령발전본부,3,2025-01-24 15:30,TSP,2.12
한국중부발전㈜보령발전본부,3,2025-01-24 15:30,SOx,4.65
한국중부발전㈜보령발전본부,3,2025-01-24 15:30,NOx,0.15
한국중부발전㈜보령발전본부,3,2025-01-24 16:00,TSP,1.96
한국중부발전㈜보령발전본부,3,2025-01-24 16:00,SOx,4.55
한국중부발전㈜보령발전본부,3,2025-01-24 16:00,NOx,0.24
한국중부발전㈜보령발전본부,3,2025-01-24 16:30,TSP,1.91
한국중부발전㈜보령발전본부,3,2025-01-24 16:30,SOx,4.8
한국중부발전㈜보령발전본부,3,2025-01-24 16:30,NOx,0.25
한국중부발전㈜보령발전본부,3,2025-01-24 17:00,TSP,1.89
한국중부발전㈜보령발전본부,3,2025-01-24 17:00,SOx,5.0
한국중부발전㈜보령발전본부,3,2025-01-24 17:00,NOx,0.46
한국중부발전㈜보령발전본부,3,2025-01-24 17:30,TSP,1.89
한국중부발전㈜보령발전본부,3,2025-01-24 17:30,SOx,4.93
한국중부발전㈜보령발전본부,3,2025-01-24 17:30,NOx,0.68
한국중부발전㈜보령발전본부,3,2025-01-24 18:00,TSP,1.93
한국중부발전㈜보령발전본부,3,2025-01-24 18:00,SOx,4.9
한국중부발전㈜보령발전본부,3,2025-01-24 18:00,NOx,0.84
한국중부발전㈜보령발전본부,3,2025-01-24 18:30,TSP,1.93
한국중부발전㈜보령발전본부,3,2025-01-24 18:30,SOx,5.01
한국중부발전㈜보령발전본부,3,2025-01-24 18:30,NOx,1.0
한국중부발전㈜보령발전본부,3,2025-01-24 19:00,TSP,1.89
한국중부발전㈜보령발전본부,3,2025-01-24 19:00,SOx,4.92
한국중부발전㈜보령발전본부,3,2025-01-24 19:00,NOx,1.11
한국중부발전㈜보령발전본부,3,2025-01-24 19:30,TSP,1.86
한국중부발전㈜보령발전본부,3,2025-01-24 19:30,SOx,4.53
한국중부발전㈜보령발전본부,3,2025-01-24 19:30,NOx,1.32
한국중부발전㈜보령발전본부,3,2025-01-24 20:00,TSP,1.87
한국중부발전㈜보령발전본부,3,2025-01-24 20:00,SOx,4.8
한국중부발전㈜보령발전본부,3,2025-01-24 20:00,NOx,0.46
한국중부발전㈜보령발전본부,3,2025-01-24 20:30,TSP,1.85
한국중부발전㈜보령발전본부,3,2025-01-24 20:30,SOx,4.81
한국중부발전㈜보령발전본부,3,2025-01-24 20:30,NOx,0.3
한국중부발전㈜보령발전본부,3,2025-01-24 21:00,TSP,1.82
한국중부발전㈜보령발전본부,3,2025-01-24 21:00,SOx,4.53
한국중부발전㈜보령발전본부,3,2025-01-24 21:00,NOx,0.24
한국중부발전㈜보령발전본부,3,2025-01-24 21:30,TSP,1.84
한국중부발전㈜보령발전본부,3,2025-01-24 21:30,SOx,4.78
한국중부발전㈜보령발전본부,3,2025-01-24 21:30,NOx,0.34
한국중부발전㈜보령발전본부,3,2025-01-24 22:00,TSP,1.83
한국중부발전㈜보령발전본부,3,2025-01-24 22:00,SOx,5.18
한국중부발전㈜보령발전본부,3,2025-01-24 22:00,NOx,0.23
한국중부발전㈜보령발전본부,3,2025-01-24 22:30,TSP,1.84
한국중부발전㈜보령발전본부,3,2025-01-24 22:30,SOx,5.43
한국중부발전㈜보령발전본부,3,2025-01-24 22:30,NOx,0.17
한국중부발전㈜보령발전본부,3,2025-01-24 23:00,TSP,1.9
한국중부발전㈜보령발전본부,3,2025-01-24 23:00,SOx,5.58
한국중부발전㈜보령발전본부,3,2025-01-24 23:00,NOx,0.1
한국중부발전㈜보령발전본부,3,2025-01-24 23:30,TSP,1.92
한국중부발전㈜보령발전본부,3,2025-01-24 23:30,SOx,5.84
한국중부발전㈜보령발전본부,3,2025-01-24 23:30,NOx,0.1
한국중부발전㈜보령발전본부,3,2025-01-25 00:00,TSP,1.93
한국중부발전㈜보령발전본부,3,2025-01-25 00:00,SOx,6.12
한국중부발전㈜보령발전본부,3,2025-01-25 00:00,NOx,0.1
한국중부발전㈜보령발전본부,3,2025-01-25 00:30,TSP,1.93
한국중부발전㈜보령발전본부,3,2025-01-25 00:30,SOx,6.26
한국중부발전㈜보령발전본부,3,2025-01-25 00:30,NOx,0.07
한국중부발전㈜보령발전본부,3,2025-01-25 01:00,TSP,1.9
한국중부발전㈜보령발전본부,3,2025-01-25 01:00,SOx,6.39
한국중부발전㈜보령발전본부,3,2025-01-25 01:00,NOx,0.09
한국중부발전㈜보령발전본부,3,2025-01-25 01:30,TSP,1.92
한국중부발전㈜보령발전본부,3,2025-01-25 01:30,SOx,6.45
한국중부발전㈜보령발전본부,3,2025-01-25 01:30,NOx,0.09
한국중부발전㈜보령발전본부,3,2025-01-25 02:00,TSP,1.95
한국중부발전㈜보령발전본부,3,2025-01-25 02:00,SOx,6.07
한국중부발전㈜보령발전본부,3,2025-01-25 02:00,NOx,0.08
한국중부발전㈜보령발전본부,3,2025-01-25 02:30,TSP,1.94
한국중부발전㈜보령발전본부,3,2025-01-25 02:30,SOx,6.16
한국중부발전㈜보령발전본부,3,2025-01-25 02:30,NOx,0.09
한국중부발전㈜보령발전본부,3,2025-01-25 03:00,TSP,1.96
한국중부발전㈜보령발전본부,3,2025-01-25 03:00,SOx,6.15
한국중부발전㈜보령발전본부,3,2025-01-25 03:00,NOx,0.09
한국중부발전㈜보령발전본부,3,2025-01-25 03:30,TSP,1.96
한국중부발전㈜보령발전본부,3,2025-01-25 03:30,SOx,6.06
한국중부발전㈜보령발전본부,3,2025-01-25 03:30,NOx,0.08
한국중부발전㈜보령발전본부,3,2025-01-25 04:00,TSP,1.97
한국중부발전㈜보령발전본부,3,2025-01-25 04:00,SOx,5.95
한국중부발전㈜보령발전본부,3,2025-01-25 04:00,NOx,0.09
한국중부발전㈜보령발전본부,3,2025-01-25 04:30,TSP,1.96
한국중부발전㈜보령발전본부,3,2025-01-25 04:30,SOx,5.54
한국중부발전㈜보령발전본부,3,2025-01-25 04:30,NOx,0.06
한국중부발전㈜보령발전본부,3,2025-01-25 05:00,TSP,1.96
한국중부발전㈜보령발전본부,3,2025-01-25 05:00,SOx,5.29
한국중부발전㈜보령발전본부,3,2025-01-25 05:00,NOx,0.1
한국중부발전㈜보령발전본부,3,2025-01-25 05:30,TSP,1.93
한국중부발전㈜보령발전본부,3,2025-01-25 05:30,SOx,5.61
한국중부발전㈜보령발전본부,3,2025-01-25 05:30,NOx,0.1
한국중부발전㈜보령발전본부,3,2025-01-25 06:00,TSP,1.92
한국중부발전㈜보령발전본부,3,2025-01-25 06:00,SOx,5.61
한국중부발전㈜보령발전본부,3,2025-01-25 06:00,NOx,0.1
한국중부발전㈜보령발전본부,3,2025-01-25 06:30,TSP,1.91
한국중부발전㈜보령발전본부,3,2025-01-25 06:30,SOx,5.59
한국중부발전㈜보령발전본부,3,2025-01-25 06:30,NOx,0.39
한국중부발전㈜보령발전본부,3,2025-01-25 07:00,TSP,1.92
한국중부발전㈜보령발전본부,3,2025-01-25 07:00,SOx,5.43
한국중부발전㈜보령발전본부,3,2025-01-25 07:00,NOx,0.67
한국중부발전㈜보령발전본부,3,2025-01-25 07:30,TSP,1.92
한국중부발전㈜보령발전본부,3,2025-01-25 07:30,SOx,5.38
한국중부발전㈜보령발전본부,3,2025-01-25 07:30,NOx,0.32
한국중부발전㈜보령발전본부,3,2025-01-25 08:00,TSP,1.94
한국중부발전㈜보령발전본부,3,2025-01-25 08:00,SOx,5.39
한국중부발전㈜보령발전본부,3,2025-01-25 08:00,NOx,0.59
한국중부발전㈜보령발전본부,3,2025-01-25 08:30,TSP,1.95
한국중부발전㈜보령발전본부,3,2025-01-25 08:30,SOx,5.22
한국중부발전㈜보령발전본부,3,2025-01-25 08:30,NOx,0.3
한국중부발전㈜보령발전본부,3,2025-01-25 09:00,TSP,1.95
한국중부발전㈜보령발전본부,3,2025-01-25 09:00,SOx,5.32
한국중부발전㈜보령발전본부,3,2025-01-25 09:00,NOx,0.15
한국중부발전㈜보령발전본부,3,2025-01-25 09:30,TSP,2.0
한국중부발전㈜보령발전본부,3,2025-01-25 09:30,SOx,5.53
한국중부발전㈜보령발전본부,3,2025-01-25 09:30,NOx,0.36
한국중부발전㈜보령발전본부,3,2025-01-25 10:00,TSP,2.03
한국중부발전㈜보령발전본부,3,2025-01-25 10:00,SOx,5.42
한국중부발전㈜보령발전본부,3,2025-01-25 10:00,NOx,0.2
한국중부발전㈜보령발전본부,3,2025-01-25 10:30,TSP,1.92
한국중부발전㈜보령발전본부,3,2025-01-25 10:30,SOx,5.43
한국중부발전㈜보령발전본부,3,2025-01-25 10:30,NOx,0.17
한국중부발전㈜보령발전본부,3,2025-01-25 11:00,TSP,2.07
한국중부발전㈜보령발전본부,3,2025-01-25 11:00,SOx,5.3
한국중부발전㈜보령발전본부,3,2025-01-25 11:00,NOx,0.32
한국중부발전㈜보령발전본부,3,2025-01-25 11:30,TSP,2.14
한국중부발전㈜보령발전본부,3,2025-01-25 11:30,SOx,5.32
한국중부발전㈜보령발전본부,3,2025-01-25 11:30,NOx,0.57
한국중부발전㈜보령발전본부,3,2025-01-25 12:00,TSP,2.11
한국중부발전㈜보령발전본부,3,2025-01-25 12:00,SOx,5.68
한국중부발전㈜보령발전본부,3,2025-01-25 12:00,NOx,1.31
한국중부발전㈜보령발전본부,3,2025-01-25 12:30,TSP,2.05
한국중부발전㈜보령발전본부,3,2025-01-25 12:30,SOx,5.49
한국중부발전㈜보령발전본부,3,2025-01-25 12:30,NOx,1.2
한국중부발전㈜보령발전본부,3,2025-01-25 13:00,TSP,2.09
한국중부발전㈜보령발전본부,3,2025-01-25 13:00,SOx,5.45
한국중부발전㈜보령발전본부,3,2025-01-25 13:00,NOx,1.01
한국중부발전㈜보령발전본부,3,2025-01-25 13:30,TSP,2.03
한국중부발전㈜보령발전본부,3,2025-01-25 13:30,SOx,5.3
한국중부발전㈜보령발전본부,3,2025-01-25 13:30,NOx,1.14
한국중부발전㈜보령발전본부,3,2025-01-25 14:00,TSP,2.1
한국중부발전㈜보령발전본부,3,2025-01-25 14:00,SOx,5.22
한국중부발전㈜보령발전본부,3,2025-01-25 14:00,NOx,1.69
한국중부발전㈜보령발전본부,3,2025-01-25 14:30,TSP,2.0
한국중부발전㈜보령발전본부,3,2025-01-25 14:30,SOx,5.21
한국중부발전㈜보령발전본부,3,2025-01-25 14:30,NOx,1.29
한국중부발전㈜보령발전본부,3,2025-01-25 15:00,TSP,2.03
한국중부발전㈜보령발전본부,3,2025-01-25 15:00,SOx,4.69
한국중부발전㈜보령발전본부,3,2025-01-25 15:00,NOx,0.9
한국중부발전㈜보령발전본부,3,2025-01-25 15:30,TSP,2.23
한국중부발전㈜보령발전본부,3,2025-01-25 15:30,SOx,4.56
한국중부발전㈜보령발전본부,3,2025-01-25 15:30,NOx,0.78
한국중부발전㈜보령발전본부,3,2025-01-25 16:00,TSP,2.12
한국중부발전㈜보령발전본부,3,2025-01-25 16:00,SOx,4.3
한국중부발전㈜보령발전본부,3,2025-01-25 16:00,NOx,0.19
한국중부발전㈜보령발전본부,3,2025-01-25 16:30,TSP,2.13
한국중부발전㈜보령발전본부,3,2025-01-25 16:30,SOx,4.38
한국중부발전㈜보령발전본부,3,2025-01-25 16:30,NOx,0.68
한국중부발전㈜보령발전본부,3,2025-01-25 17:00,TSP,2.08
한국중부발전㈜보령발전본부,3,2025-01-25 17:00,SOx,4.65
한국중부발전㈜보령발전본부,3,2025-01-25 17:00,NOx,0.22
한국중부발전㈜보령발전본부,3,2025-01-25 17:30,TSP,2.09
한국중부발전㈜보령발전본부,3,2025-01-25 17:30,SOx,4.67
한국중부발전㈜보령발전본부,3,2025-01-25 17:30,NOx,0.2
한국중부발전㈜보령발전본부,3,2025-01-25 18:00,TSP,2.09
한국중부발전㈜보령발전본부,3,2025-01-25 18:00,SOx,4.54
한국중부발전㈜보령발전본부,3,2025-01-25 18:00,NOx,0.12
한국중부발전㈜보령발전본부,3,2025-01-25 18:30,TSP,2.09
한국중부발전㈜보령발전본부,3,2025-01-25 18:30,SOx,4.85
한국중부발전㈜보령발전본부,3,2025-01-25 18:30,NOx,0.2
한국중부발전㈜보령발전본부,3,2025-01-25 19:00,TSP,2.1
한국중부발전㈜보령발전본부,3,2025-01-25 19:00,SOx,5.06
한국중부발전㈜보령발전본부,3,2025-01-25 19:00,NOx,0.37
한국중부발전㈜보령발전본부,3,2025-01-25 19:30,TSP,2.12
한국중부발전㈜보령발전본부,3,2025-01-25 19:30,SOx,5.0
한국중부발전㈜보령발전본부,3,2025-01-25 19:30,NOx,0.84
한국중부발전㈜보령발전본부,3,2025-01-25 20:00,TSP,2.15
한국중부발전㈜보령발전본부,3,2025-01-25 20:00,SOx,4.94
한국중부발전㈜보령발전본부,3,2025-01-25 20:00,NOx,0.7
한국중부발전㈜보령발전본부,3,2025-01-25 20:30,TSP,2.23
한국중부발전㈜보령발전본부,3,2025-01-25 20:30,SOx,4.78
한국중부발전㈜보령발전본부,3,2025-01-25 20:30,NOx,1.0
한국중부발전㈜보령발전본부,3,2025-01-25 21:00,TSP,2.29
한국중부발전㈜보령발전본부,3,2025-01-25 21:00,SOx,4.82
한국중부발전㈜보령발전본부,3,2025-01-25 21:00,NOx,0.72
한국중부발전㈜보령발전본부,3,2025-01-25 21:30,TSP,2.34
한국중부발전㈜보령발전본부,3,2025-01-25 21:30,SOx,4.81
한국중부발전㈜보령발전본부,3,2025-01-25 21:30,NOx,1.06
한국중부발전㈜보령발전본부,3,2025-01-25 22:00,TSP,2.39
한국중부발전㈜보령발전본부,3,2025-01-25 22:00,SOx,4.7
한국중부발전㈜보령발전본부,3,2025-01-25 22:00,NOx,1.43
한국중부발전㈜보령발전본부,3,2025-01-25 22:30,TSP,2.4
한국중부발전㈜보령발전본부,3,2025-01-25 22:30,SOx,4.48
한국중부발전㈜보령발전본부,3,2025-01-25 22:30,NOx,1.05
한국중부발전㈜보령발전본부,3,2025-01-25 23:00,TSP,2.49
한국중부발전㈜보령발전본부,3,2025-01-25 23:00,SOx,4.44
한국중부발전㈜보령발전본부,3,2025-01-25 23:00,NOx,0.77
한국중부발전㈜보령발전본부,3,2025-01-25 23:30,TSP,2.54
한국중부발전㈜보령발전본부,3,2025-01-25 23:30,SOx,4.52
한국중부발전㈜보령발전본부,3,2025-01-25 23:30,NOx,0.92
한국중부발전㈜보령발전본부,3,2025-01-26 00:00,TSP,2.6
한국중부발전㈜보령발전본부,3,2025-01-26 00:00,SOx,4.33
한국중부발전㈜보령발전본부,3,2025-01-26 00:00,NOx,0.56
한국중부발전㈜보령발전본부,3,2025-01-26 00:30,TSP,2.58
한국중부발전㈜보령발전본부,3,2025-01-26 00:30,SOx,4.44
한국중부발전㈜보령발전본부,3,2025-01-26 00:30,NOx,0.38
한국중부발전㈜보령발전본부,3,2025-01-26 01:00,TSP,2.53
한국중부발전㈜보령발전본부,3,2025-01-26 01:00,SOx,4.46
한국중부발전㈜보령발전본부,3,2025-01-26 01:00,NOx,0.26
한국중부발전㈜보령발전본부,3,2025-01-26 01:30,TSP,2.47
한국중부발전㈜보령발전본부,3,2025-01-26 01:30,SOx,4.52
한국중부발전㈜보령발전본부,3,2025-01-26 01:30,NOx,0.19
한국중부발전㈜보령발전본부,3,2025-01-26 02:00,TSP,2.41
한국중부발전㈜보령발전본부,3,2025-01-26 02:00,SOx,4.6
한국중부발전㈜보령발전본부,3,2025-01-26 02:00,NOx,0.26
한국중부발전㈜보령발전본부,3,2025-01-26 02:30,TSP,2.24
한국중부발전㈜보령발전본부,3,2025-01-26 02:30,SOx,4.65
한국중부발전㈜보령발전본부,3,2025-01-26 02:30,NOx,0.16
한국중부발전㈜보령발전본부,3,2025-01-26 03:00,TSP,2.17
한국중부발전㈜보령발전본부,3,2025-01-26 03:00,SOx,4.78
한국중부발전㈜보령발전본부,3,2025-01-26 03:00,NOx,0.2
한국중부발전㈜보령발전본부,3,2025-01-26 03:30,TSP,2.2
한국중부발전㈜보령발전본부,3,2025-01-26 03:30,SOx,4.71
한국중부발전㈜보령발전본부,3,2025-01-26 03:30,NOx,0.12
한국중부발전㈜보령발전본부,3,2025-01-26 04:00,TSP,2.2
한국중부발전㈜보령발전본부,3,2025-01-26 04:00,SOx,4.63
한국중부발전㈜보령발전본부,3,2025-01-26 04:00,NOx,0.12
한국중부발전㈜보령발전본부,3,2025-01-26 04:30,TSP,2.3
한국중부발전㈜보령발전본부,3,2025-01-26 04:30,SOx,4.52
한국중부발전㈜보령발전본부,3,2025-01-26 04:30,NOx,0.09
한국중부발전㈜보령발전본부,3,2025-01-26 05:00,TSP,2.42
한국중부발전㈜보령발전본부,3,2025-01-26 05:00,SOx,4.55
한국중부발전㈜보령발전본부,3,2025-01-26 05:00,NOx,0.18
한국중부발전㈜보령발전본부,3,2025-01-26 05:30,TSP,2.46
한국중부발전㈜보령발전본부,3,2025-01-26 05:30,SOx,4.65
한국중부발전㈜보령발전본부,3,2025-01-26 05:30,NOx,0.39
한국중부발전㈜보령발전본부,3,2025-01-26 06:00,TSP,2.44
한국중부발전㈜보령발전본부,3,2025-01-26 06:00,SOx,4.71
한국중부발전㈜보령발전본부,3,2025-01-26 06:00,NOx,0.28
한국중부발전㈜보령발전본부,3,2025-01-26 06:30,TSP,2.36
한국중부발전㈜보령발전본부,3,2025-01-26 06:30,SOx,4.62
한국중부발전㈜보령발전본부,3,2025-01-26 06:30,NOx,0.45
한국중부발전㈜보령발전본부,3,2025-01-26 07:00,TSP,2.26
한국중부발전㈜보령발전본부,3,2025-01-26 07:00,SOx,4.86
한국중부발전㈜보령발전본부,3,2025-01-26 07:00,NOx,0.77
한국중부발전㈜보령발전본부,3,2025-01-26 07:30,TSP,2.22
한국중부발전㈜보령발전본부,3,2025-01-26 07:30,SOx,5.36
한국중부발전㈜보령발전본부,3,2025-01-26 07:30,NOx,1.09
한국중부발전㈜보령발전본부,3,2025-01-26 08:00,TSP,2.23
한국중부발전㈜보령발전본부,3,2025-01-26 08:00,SOx,5.33
한국중부발전㈜보령발전본부,3,2025-01-26 08:00,NOx,1.62
한국중부발전㈜보령발전본부,3,2025-01-26 08:30,TSP,2.18
한국중부발전㈜보령발전본부,3,2025-01-26 08:30,SOx,5.37
한국중부발전㈜보령발전본부,3,2025-01-26 08:30,NOx,1.44
한국중부발전㈜보령발전본부,3,2025-01-26 09:00,TSP,2.39
한국중부발전㈜보령발전본부,3,2025-01-26 09:00,SOx,5.08
한국중부발전㈜보령발전본부,3,2025-01-26 09:00,NOx,1.32
한국중부발전㈜보령발전본부,3,2025-01-26 09:30,TSP,2.5
한국중부발전㈜보령발전본부,3,2025-01-26 09:30,SOx,5.15
한국중부발전㈜보령발전본부,3,2025-01-26 09:30,NOx,1.53
한국중부발전㈜보령발전본부,3,2025-01-26 10:00,TSP,2.48
한국중부발전㈜보령발전본부,3,2025-01-26 10:00,SOx,5.06
한국중부발전㈜보령발전본부,3,2025-01-26 10:00,NOx,2.44
한국중부발전㈜보령발전본부,3,2025-01-26 10:30,TSP,2.5
한국중부발전㈜보령발전본부,3,2025-01-26 10:30,SOx,5.39
한국중부발전㈜보령발전본부,3,2025-01-26 10:30,NOx,2.4
한국중부발전㈜보령발전본부,3,2025-01-26 11:00,TSP,2.68
한국중부발전㈜보령발전본부,3,2025-01-26 11:00,SOx,5.32
한국중부발전㈜보령발전본부,3,2025-01-26 11:00,NOx,1.36
한국중부발전㈜보령발전본부,3,2025-01-26 11:30,TSP,2.61
한국중부발전㈜보령발전본부,3,2025-01-26 11:30,SOx,5.11
한국중부발전㈜보령발전본부,3,2025-01-26 11:30,NOx,1.09
한국중부발전㈜보령발전본부,3,2025-01-26 12:00,TSP,2.61
한국중부발전㈜보령발전본부,3,2025-01-26 12:00,SOx,4.97
한국중부발전㈜보령발전본부,3,2025-01-26 12:00,NOx,0.45
한국중부발전㈜보령발전본부,3,2025-01-26 12:30,TSP,2.89
한국중부발전㈜보령발전본부,3,2025-01-26 12:30,SOx,4.71
한국중부발전㈜보령발전본부,3,2025-01-26 12:30,NOx,0.43
한국중부발전㈜보령발전본부,3,2025-01-26 13:00,TSP,3.08
한국중부발전㈜보령발전본부,3,2025-01-26 13:00,SOx,4.68
한국중부발전㈜보령발전본부,3,2025-01-26 13:00,NOx,0.6
한국중부발전㈜보령발전본부,3,2025-01-26 13:30,TSP,2.58
한국중부발전㈜보령발전본부,3,2025-01-26 13:30,SOx,4.65
한국중부발전㈜보령발전본부,3,2025-01-26 13:30,NOx,1.68
한국중부발전㈜보령발전본부,3,2025-01-26 14:00,TSP,2.47
한국중부발전㈜보령발전본부,3,2025-01-26 14:00,SOx,4.63
한국중부발전㈜보령발전본부,3,2025-01-26 14:00,NOx,2.42
한국중부발전㈜보령발전본부,3,2025-01-26 14:30,TSP,2.35
한국중부발전㈜보령발전본부,3,2025-01-26 14:30,SOx,4.59
한국중부발전㈜보령발전본부,3,2025-01-26 14:30,NOx,0.44
한국중부발전㈜보령발전본부,3,2025-01-26 15:00,TSP,2.26
한국중부발전㈜보령발전본부,3,2025-01-26 15:00,SOx,4.78
한국중부발전㈜보령발전본부,3,2025-01-26 15:00,NOx,1.16
한국중부발전㈜보령발전본부,3,2025-01-26 15:30,TSP,2.17
한국중부발전㈜보령발전본부,3,2025-01-26 15:30,SOx,4.7
한국중부발전㈜보령발전본부,3,2025-01-26 15:30,NOx,0.72
한국중부발전㈜보령발전본부,3,2025-01-26 16:00,TSP,2.17
한국중부발전㈜보령발전본부,3,2025-01-26 16:00,SOx,5.2
한국중부발전㈜보령발전본부,3,2025-01-26 16:00,NOx,0.97
한국중부발전㈜보령발전본부,3,2025-01-26 16:30,TSP,2.25
한국중부발전㈜보령발전본부,3,2025-01-26 16:30,SOx,4.85
한국중부발전㈜보령발전본부,3,2025-01-26 16:30,NOx,0.67
한국중부발전㈜보령발전본부,3,2025-01-26 17:00,TSP,2.41
한국중부발전㈜보령발전본부,3,2025-01-26 17:00,SOx,4.51
한국중부발전㈜보령발전본부,3,2025-01-26 17:00,NOx,0.34
한국중부발전㈜보령발전본부,3,2025-01-26 17:30,TSP,2.38
한국중부발전㈜보령발전본부,3,2025-01-26 17:30,SOx,4.17
한국중부발전㈜보령발전본부,3,2025-01-26 17:30,NOx,0.14
한국중부발전㈜보령발전본부,3,2025-01-26 18:00,TSP,2.32
한국중부발전㈜보령발전본부,3,2025-01-26 18:00,SOx,4.4
한국중부발전㈜보령발전본부,3,2025-01-26 18:00,NOx,0.26
한국중부발전㈜보령발전본부,3,2025-01-26 18:30,TSP,2.32
한국중부발전㈜보령발전본부,3,2025-01-26 18:30,SOx,4.33
한국중부발전㈜보령발전본부,3,2025-01-26 18:30,NOx,0.71
한국중부발전㈜보령발전본부,3,2025-01-26 19:00,TSP,2.21
한국중부발전㈜보령발전본부,3,2025-01-26 19:00,SOx,4.16
한국중부발전㈜보령발전본부,3,2025-01-26 19:00,NOx,0.34
한국중부발전㈜보령발전본부,3,2025-01-26 19:30,TSP,2.2
한국중부발전㈜보령발전본부,3,2025-01-26 19:30,SOx,4.25
한국중부발전㈜보령발전본부,3,2025-01-26 19:30,NOx,0.41
한국중부발전㈜보령발전본부,3,2025-01-26 20:00,TSP,2.12
한국중부발전㈜보령발전본부,3,2025-01-26 20:00,SOx,4.59
한국중부발전㈜보령발전본부,3,2025-01-26 20:00,NOx,0.3
한국중부발전㈜보령발전본부,3,2025-01-26 20:30,TSP,2.27
한국중부발전㈜보령발전본부,3,2025-01-26 20:30,SOx,4.35
한국중부발전㈜보령발전본부,3,2025-01-26 20:30,NOx,0.53
한국중부발전㈜보령발전본부,3,2025-01-26 21:00,TSP,2.5
한국중부발전㈜보령발전본부,3,2025-01-26 21:00,SOx,4.17
한국중부발전㈜보령발전본부,3,2025-01-26 21:00,NOx,0.44
한국중부발전㈜보령발전본부,3,2025-01-26 21:30,TSP,2.59
한국중부발전㈜보령발전본부,3,2025-01-26 21:30,SOx,4.16
한국중부발전㈜보령발전본부,3,2025-01-26 21:30,NOx,0.59
한국중부발전㈜보령발전본부,3,2025-01-26 22:00,TSP,2.66
한국중부발전㈜보령발전본부,3,2025-01-26 22:00,SOx,4.0
한국중부발전㈜보령발전본부,3,2025-01-26 22:00,NOx,0.26
한국중부발전㈜보령발전본부,3,2025-01-26 22:30,TSP,2.68
한국중부발전㈜보령발전본부,3,2025-01-26 22:30,SOx,3.95
한국중부발전㈜보령발전본부,3,2025-01-26 22:30,NOx,0.52
한국중부발전㈜보령발전본부,3,2025-01-26 23:00,TSP,2.77
한국중부발전㈜보령발전본부,3,2025-01-26 23:00,SOx,4.12
한국중부발전㈜보령발전본부,3,2025-01-26 23:00,NOx,0.71
한국중부발전㈜보령발전본부,3,2025-01-26 23:30,TSP,2.8
한국중부발전㈜보령발전본부,3,2025-01-26 23:30,SOx,4.13
한국중부발전㈜보령발전본부,3,2025-01-26 23:30,NOx,0.5
한국중부발전㈜보령발전본부,3,2025-01-27 00:00,TSP,2.86
한국중부발전㈜보령발전본부,3,2025-01-27 00:00,SOx,3.8
한국중부발전㈜보령발전본부,3,2025-01-27 00:00,NOx,0.2
한국중부발전㈜보령발전본부,3,2025-01-27 00:30,TSP,2.86
한국중부발전㈜보령발전본부,3,2025-01-27 00:30,SOx,3.91
한국중부발전㈜보령발전본부,3,2025-01-27 00:30,NOx,0.14
한국중부발전㈜보령발전본부,3,2025-01-27 01:00,TSP,2.91
한국중부발전㈜보령발전본부,3,2025-01-27 01:00,SOx,4.03
한국중부발전㈜보령발전본부,3,2025-01-27 01:00,NOx,0.17
한국중부발전㈜보령발전본부,3,2025-01-27 01:30,TSP,2.95
한국중부발전㈜보령발전본부,3,2025-01-27 01:30,SOx,3.95
한국중부발전㈜보령발전본부,3,2025-01-27 01:30,NOx,0.12
한국중부발전㈜보령발전본부,3,2025-01-27 02:00,TSP,2.97
한국중부발전㈜보령발전본부,3,2025-01-27 02:00,SOx,3.91
한국중부발전㈜보령발전본부,3,2025-01-27 02:00,NOx,0.11
한국중부발전㈜보령발전본부,3,2025-01-27 02:30,TSP,2.89
한국중부발전㈜보령발전본부,3,2025-01-27 02:30,SOx,3.63
한국중부발전㈜보령발전본부,3,2025-01-27 02:30,NOx,0.09
한국중부발전㈜보령발전본부,3,2025-01-27 03:00,TSP,2.91
한국중부발전㈜보령발전본부,3,2025-01-27 03:00,SOx,3.99
한국중부발전㈜보령발전본부,3,2025-01-27 03:00,NOx,0.11
한국중부발전㈜보령발전본부,3,2025-01-27 03:30,TSP,2.95
한국중부발전㈜보령발전본부,3,2025-01-27 03:30,SOx,4.04
한국중부발전㈜보령발전본부,3,2025-01-27 03:30,NOx,0.13
한국중부발전㈜보령발전본부,3,2025-01-27 04:00,TSP,2.93
한국중부발전㈜보령발전본부,3,2025-01-27 04:00,SOx,4.01
한국중부발전㈜보령발전본부,3,2025-01-27 04:00,NOx,0.38
한국중부발전㈜보령발전본부,3,2025-01-27 04:30,TSP,2.95
한국중부발전㈜보령발전본부,3,2025-01-27 04:30,SOx,3.86
한국중부발전㈜보령발전본부,3,2025-01-27 04:30,NOx,1.06
한국중부발전㈜보령발전본부,3,2025-01-27 05:00,TSP,3.0
한국중부발전㈜보령발전본부,3,2025-01-27 05:00,SOx,4.04
한국중부발전㈜보령발전본부,3,2025-01-27 05:00,NOx,0.43
한국중부발전㈜보령발전본부,3,2025-01-27 05:30,TSP,2.93
한국중부발전㈜보령발전본부,3,2025-01-27 05:30,SOx,4.03
한국중부발전㈜보령발전본부,3,2025-01-27 05:30,NOx,0.11
한국중부발전㈜보령발전본부,3,2025-01-27 06:00,TSP,2.99
한국중부발전㈜보령발전본부,3,2025-01-27 06:00,SOx,3.85
한국중부발전㈜보령발전본부,3,2025-01-27 06:00,NOx,0.11
한국중부발전㈜보령발전본부,3,2025-01-27 06:30,TSP,2.79
한국중부발전㈜보령발전본부,3,2025-01-27 06:30,SOx,4.35
한국중부발전㈜보령발전본부,3,2025-01-27 06:30,NOx,0.1
한국중부발전㈜보령발전본부,3,2025-01-27 07:00,TSP,2.76
한국중부발전㈜보령발전본부,3,2025-01-27 07:00,SOx,4.57
한국중부발전㈜보령발전본부,3,2025-01-27 07:00,NOx,0.1
한국중부발전㈜보령발전본부,3,2025-01-27 07:30,TSP,2.77
한국중부발전㈜보령발전본부,3,2025-01-27 07:30,SOx,4.43
한국중부발전㈜보령발전본부,3,2025-01-27 07:30,NOx,0.09
한국중부발전㈜보령발전본부,3,2025-01-27 08:00,TSP,2.58
한국중부발전㈜보령발전본부,3,2025-01-27 08:00,SOx,4.47
한국중부발전㈜보령발전본부,3,2025-01-27 08:00,NOx,0.08
한국중부발전㈜보령발전본부,3,2025-01-27 08:30,TSP,2.54
한국중부발전㈜보령발전본부,3,2025-01-27 08:30,SOx,4.44
한국중부발전㈜보령발전본부,3,2025-01-27 08:30,NOx,0.09
한국중부발전㈜보령발전본부,3,2025-01-27 09:00,TSP,2.6
한국중부발전㈜보령발전본부,3,2025-01-27 09:00,SOx,4.45
한국중부발전㈜보령발전본부,3,2025-01-27 09:00,NOx,0.1
한국중부발전㈜보령발전본부,3,2025-01-27 09:30,TSP,2.5
한국중부발전㈜보령발전본부,3,2025-01-27 09:30,SOx,4.6
한국중부발전㈜보령발전본부,3,2025-01-27 09:30,NOx,0.08
한국중부발전㈜보령발전본부,3,2025-01-27 10:00,TSP,2.31
한국중부발전㈜보령발전본부,3,2025-01-27 10:00,SOx,4.63
한국중부발전㈜보령발전본부,3,2025-01-27 10:00,NOx,0.1
한국중부발전㈜보령발전본부,3,2025-01-27 10:30,TSP,2.22
한국중부발전㈜보령발전본부,3,2025-01-27 10:30,SOx,5.07
한국중부발전㈜보령발전본부,3,2025-01-27 10:30,NOx,0.1
한국중부발전㈜보령발전본부,3,2025-01-27 11:00,TSP,2.35
한국중부발전㈜보령발전본부,3,2025-01-27 11:00,SOx,5.07
한국중부발전㈜보령발전본부,3,2025-01-27 11:00,NOx,0.08
한국중부발전㈜보령발전본부,3,2025-01-27 11:30,TSP,2.28
한국중부발전㈜보령발전본부,3,2025-01-27 11:30,SOx,5.22
한국중부발전㈜보령발전본부,3,2025-01-27 11:30,NOx,0.1
한국중부발전㈜보령발전본부,3,2025-01-27 12:00,TSP,2.24
한국중부발전㈜보령발전본부,3,2025-01-27 12:00,SOx,5.17
한국중부발전㈜보령발전본부,3,2025-01-27 12:00,NOx,0.06
한국중부발전㈜보령발전본부,3,2025-01-27 12:30,TSP,2.13
한국중부발전㈜보령발전본부,3,2025-01-27 12:30,SOx,4.88
한국중부발전㈜보령발전본부,3,2025-01-27 12:30,NOx,0.07
한국중부발전㈜보령발전본부,3,2025-01-27 13:00,TSP,2.21
한국중부발전㈜보령발전본부,3,2025-01-27 13:00,SOx,5.09
한국중부발전㈜보령발전본부,3,2025-01-27 13:00,NOx,0.07
한국중부발전㈜보령발전본부,3,2025-01-27 13:30,TSP,2.1
한국중부발전㈜보령발전본부,3,2025-01-27 13:30,SOx,5.0
한국중부발전㈜보령발전본부,3,2025-01-27 13:30,NOx,0.1
한국중부발전㈜보령발전본부,3,2025-01-27 14:00,TSP,2.13
한국중부발전㈜보령발전본부,3,2025-01-27 14:00,SOx,5.05
한국중부발전㈜보령발전본부,3,2025-01-27 14:00,NOx,0.1
한국중부발전㈜보령발전본부,3,2025-01-27 14:30,TSP,2.15
한국중부발전㈜보령발전본부,3,2025-01-27 14:30,SOx,5.05
한국중부발전㈜보령발전본부,3,2025-01-27 14:30,NOx,0.06
한국중부발전㈜보령발전본부,3,2025-01-27 15:00,TSP,2.13
한국중부발전㈜보령발전본부,3,2025-01-27 15:00,SOx,5.22
한국중부발전㈜보령발전본부,3,2025-01-27 15:00,NOx,0.09
한국중부발전㈜보령발전본부,3,2025-01-27 15:30,TSP,2.06
한국중부발전㈜보령발전본부,3,2025-01-27 15:30,SOx,5.16
한국중부발전㈜보령발전본부,3,2025-01-27 15:30,NOx,0.08
한국중부발전㈜보령발전본부,3,2025-01-27 16:00,TSP,2.03
한국중부발전㈜보령발전본부,3,2025-01-27 16:00,SOx,5.23
한국중부발전㈜보령발전본부,3,2025-01-27 16:00,NOx,0.08
한국중부발전㈜보령발전본부,3,2025-01-27 16:30,TSP,2.04
한국중부발전㈜보령발전본부,3,2025-01-27 16:30,SOx,5.31
한국중부발전㈜보령발전본부,3,2025-01-27 16:30,NOx,0.06
한국중부발전㈜보령발전본부,3,2025-01-27 17:00,TSP,2.17
한국중부발전㈜보령발전본부,3,2025-01-27 17:00,SOx,5.01
한국중부발전㈜보령발전본부,3,2025-01-27 17:00,NOx,0.06
한국중부발전㈜보령발전본부,3,2025-01-27 17:30,TSP,2.18
한국중부발전㈜보령발전본부,3,2025-01-27 17:30,SOx,4.83
한국중부발전㈜보령발전본부,3,2025-01-27 17:30,NOx,0.04
한국중부발전㈜보령발전본부,3,2025-01-27 18:00,TSP,2.13
한국중부발전㈜보령발전본부,3,2025-01-27 18:00,SOx,4.91
한국중부발전㈜보령발전본부,3,2025-01-27 18:00,NOx,0.04
한국중부발전㈜보령발전본부,3,2025-01-27 18:30,TSP,2.13
한국중부발전㈜보령발전본부,3,2025-01-27 18:30,SOx,5.24
한국중부발전㈜보령발전본부,3,2025-01-27 18:30,NOx,0.08
한국중부발전㈜보령발전본부,3,2025-01-27 19:00,TSP,2.1
한국중부발전㈜보령발전본부,3,2025-01-27 19:00,SOx,5.44
한국중부발전㈜보령발전본부,3,2025-01-27 19:00,NOx,0.07
한국중부발전㈜보령발전본부,3,2025-01-27 19:30,TSP,2.17
한국중부발전㈜보령발전본부,3,2025-01-27 19:30,SOx,5.43
한국중부발전㈜보령발전본부,3,2025-01-27 19:30,NOx,0.07
한국중부발전㈜보령발전본부,3,2025-01-27 20:00,TSP,2.17
한국중부발전㈜보령발전본부,3,2025-01-27 20:00,SOx,5.49
한국중부발전㈜보령발전본부,3,2025-01-27 20:00,NOx,0.1
한국중부발전㈜보령발전본부,3,2025-01-27 20:30,TSP,2.13
한국중부발전㈜보령발전본부,3,2025-01-27 20:30,SOx,5.6
한국중부발전㈜보령발전본부,3,2025-01-27 20:30,NOx,0.11
한국중부발전㈜보령발전본부,3,2025-01-27 21:00,TSP,2.13
한국중부발전㈜보령발전본부,3,2025-01-27 21:00,SOx,5.69
한국중부발전㈜보령발전본부,3,2025-01-27 21:00,NOx,0.12
한국중부발전㈜보령발전본부,3,2025-01-27 21:30,TSP,2.14
한국중부발전㈜보령발전본부,3,2025-01-27 21:30,SOx,5.8
한국중부발전㈜보령발전본부,3,2025-01-27 21:30,NOx,0.11
한국중부발전㈜보령발전본부,3,2025-01-27 22:00,TSP,2.17
한국중부발전㈜보령발전본부,3,2025-01-27 22:00,SOx,6.18
한국중부발전㈜보령발전본부,3,2025-01-27 22:00,NOx,0.19
한국중부발전㈜보령발전본부,3,2025-01-27 22:30,TSP,2.02
한국중부발전㈜보령발전본부,3,2025-01-27 22:30,SOx,6.81
한국중부발전㈜보령발전본부,3,2025-01-27 22:30,NOx,0.27
한국중부발전㈜보령발전본부,3,2025-01-27 23:00,TSP,2.08
한국중부발전㈜보령발전본부,3,2025-01-27 23:00,SOx,7.53
한국중부발전㈜보령발전본부,3,2025-01-27 23:00,NOx,0.17
한국중부발전㈜보령발전본부,3,2025-01-27 23:30,TSP,2.06
한국중부발전㈜보령발전본부,3,2025-01-27 23:30,SOx,7.74
한국중부발전㈜보령발전본부,3,2025-01-27 23:30,NOx,0.26
한국중부발전㈜보령발전본부,3,2025-01-28 00:00,TSP,2.07
한국중부발전㈜보령발전본부,3,2025-01-28 00:00,SOx,7.84
한국중부발전㈜보령발전본부,3,2025-01-28 00:00,NOx,0.4
한국중부발전㈜보령발전본부,3,2025-01-28 00:30,TSP,2.07
한국중부발전㈜보령발전본부,3,2025-01-28 00:30,SOx,8.14
한국중부발전㈜보령발전본부,3,2025-01-28 00:30,NOx,0.52
한국중부발전㈜보령발전본부,3,2025-01-28 01:00,TSP,2.1
한국중부발전㈜보령발전본부,3,2025-01-28 01:00,SOx,8.43
한국중부발전㈜보령발전본부,3,2025-01-28 01:00,NOx,0.33
한국중부발전㈜보령발전본부,3,2025-01-28 01:30,TSP,2.11
한국중부발전㈜보령발전본부,3,2025-01-28 01:30,SOx,8.91
한국중부발전㈜보령발전본부,3,2025-01-28 01:30,NOx,0.12
한국중부발전㈜보령발전본부,3,2025-01-28 02:00,TSP,2.11
한국중부발전㈜보령발전본부,3,2025-01-28 02:00,SOx,9.05
한국중부발전㈜보령발전본부,3,2025-01-28 02:00,NOx,0.15
한국중부발전㈜보령발전본부,3,2025-01-28 02:30,TSP,2.1
한국중부발전㈜보령발전본부,3,2025-01-28 02:30,SOx,8.88
한국중부발전㈜보령발전본부,3,2025-01-28 02:30,NOx,0.13
한국중부발전㈜보령발전본부,3,2025-01-28 03:00,TSP,2.11
한국중부발전㈜보령발전본부,3,2025-01-28 03:00,SOx,6.32
한국중부발전㈜보령발전본부,3,2025-01-28 03:00,NOx,0.23
한국중부발전㈜보령발전본부,3,2025-01-28 03:30,TSP,2.08
한국중부발전㈜보령발전본부,3,2025-01-28 03:30,SOx,6.2
한국중부발전㈜보령발전본부,3,2025-01-28 03:30,NOx,0.19
한국중부발전㈜보령발전본부,3,2025-01-28 04:00,TSP,2.03
한국중부발전㈜보령발전본부,3,2025-01-28 04:00,SOx,6.07
한국중부발전㈜보령발전본부,3,2025-01-28 04:00,NOx,0.23
한국중부발전㈜보령발전본부,3,2025-01-28 04:30,TSP,2.09
한국중부발전㈜보령발전본부,3,2025-01-28 04:30,SOx,5.59
한국중부발전㈜보령발전본부,3,2025-01-28 04:30,NOx,0.23
한국중부발전㈜보령발전본부,3,2025-01-28 05:00,TSP,2.11
한국중부발전㈜보령발전본부,3,2025-01-28 05:00,SOx,5.59
한국중부발전㈜보령발전본부,3,2025-01-28 05:00,NOx,0.32
한국중부발전㈜보령발전본부,3,2025-01-28 05:30,TSP,2.11
한국중부발전㈜보령발전본부,3,2025-01-28 05:30,SOx,5.09
한국중부발전㈜보령발전본부,3,2025-01-28 05:30,NOx,0.35
한국중부발전㈜보령발전본부,3,2025-01-28 06:00,TSP,2.07
한국중부발전㈜보령발전본부,3,2025-01-28 06:00,SOx,5.0
한국중부발전㈜보령발전본부,3,2025-01-28 06:00,NOx,0.51
한국중부발전㈜보령발전본부,3,2025-01-28 06:30,TSP,2.08
한국중부발전㈜보령발전본부,3,2025-01-28 06:30,SOx,5.04
한국중부발전㈜보령발전본부,3,2025-01-28 06:30,NOx,0.47
한국중부발전㈜보령발전본부,3,2025-01-28 07:00,TSP,2.09
한국중부발전㈜보령발전본부,3,2025-01-28 07:00,SOx,4.97
한국중부발전㈜보령발전본부,3,2025-01-28 07:00,NOx,0.29
한국중부발전㈜보령발전본부,3,2025-01-28 07:30,TSP,2.08
한국중부발전㈜보령발전본부,3,2025-01-28 07:30,SOx,5.08
한국중부발전㈜보령발전본부,3,2025-01-28 07:30,NOx,0.16
한국중부발전㈜보령발전본부,3,2025-01-28 08:00,TSP,2.06
한국중부발전㈜보령발전본부,3,2025-01-28 08:00,SOx,4.96
한국중부발전㈜보령발전본부,3,2025-01-28 08:00,NOx,0.17
한국중부발전㈜보령발전본부,3,2025-01-28 08:30,TSP,2.06
한국중부발전㈜보령발전본부,3,2025-01-28 08:30,SOx,4.8
한국중부발전㈜보령발전본부,3,2025-01-28 08:30,NOx,0.31
한국중부발전㈜보령발전본부,3,2025-01-28 09:00,TSP,2.08
한국중부발전㈜보령발전본부,3,2025-01-28 09:00,SOx,5.22
한국중부발전㈜보령발전본부,3,2025-01-28 09:00,NOx,0.42
한국중부발전㈜보령발전본부,3,2025-01-28 09:30,TSP,2.06
한국중부발전㈜보령발전본부,3,2025-01-28 09:30,SOx,4.92
한국중부발전㈜보령발전본부,3,2025-01-28 09:30,NOx,0.25
한국중부발전㈜보령발전본부,3,2025-01-28 10:00,TSP,2.07
한국중부발전㈜보령발전본부,3,2025-01-28 10:00,SOx,4.78
한국중부발전㈜보령발전본부,3,2025-01-28 10:00,NOx,0.3
한국중부발전㈜보령발전본부,3,2025-01-28 10:30,TSP,2.06
한국중부발전㈜보령발전본부,3,2025-01-28 10:30,SOx,4.79
한국중부발전㈜보령발전본부,3,2025-01-28 10:30,NOx,0.33
한국중부발전㈜보령발전본부,3,2025-01-28 11:00,TSP,2.04
한국중부발전㈜보령발전본부,3,2025-01-28 11:00,SOx,4.64
한국중부발전㈜보령발전본부,3,2025-01-28 11:00,NOx,0.42
한국중부발전㈜보령발전본부,3,2025-01-28 11:30,TSP,2.0
한국중부발전㈜보령발전본부,3,2025-01-28 11:30,SOx,4.82
한국중부발전㈜보령발전본부,3,2025-01-28 11:30,NOx,0.52
한국중부발전㈜보령발전본부,3,2025-01-28 12:00,TSP,1.97
한국중부발전㈜보령발전본부,3,2025-01-28 12:00,SOx,4.79
한국중부발전㈜보령발전본부,3,2025-01-28 12:00,NOx,1.04
한국중부발전㈜보령발전본부,3,2025-01-28 12:30,TSP,1.94
한국중부발전㈜보령발전본부,3,2025-01-28 12:30,SOx,4.81
한국중부발전㈜보령발전본부,3,2025-01-28 12:30,NOx,1.15
한국중부발전㈜보령발전본부,3,2025-01-28 13:00,TSP,2.0
한국중부발전㈜보령발전본부,3,2025-01-28 13:00,SOx,4.52
한국중부발전㈜보령발전본부,3,2025-01-28 13:00,NOx,0.78
한국중부발전㈜보령발전본부,3,2025-01-28 13:30,TSP,2.1
한국중부발전㈜보령발전본부,3,2025-01-28 13:30,SOx,4.41
한국중부발전㈜보령발전본부,3,2025-01-28 13:30,NOx,0.33
한국중부발전㈜보령발전본부,3,2025-01-28 14:00,TSP,2.09
한국중부발전㈜보령발전본부,3,2025-01-28 14:00,SOx,4.33
한국중부발전㈜보령발전본부,3,2025-01-28 14:00,NOx,0.55
한국중부발전㈜보령발전본부,3,2025-01-28 14:30,TSP,2.05
한국중부발전㈜보령발전본부,3,2025-01-28 14:30,SOx,4.46
한국중부발전㈜보령발전본부,3,2025-01-28 14:30,NOx,0.63
한국중부발전㈜보령발전본부,3,2025-01-28 15:00,TSP,2.06
한국중부발전㈜보령발전본부,3,2025-01-28 15:00,SOx,4.42
한국중부발전㈜보령발전본부,3,2025-01-28 15:00,NOx,0.34
한국중부발전㈜보령발전본부,3,2025-01-28 15:30,TSP,2.11
한국중부발전㈜보령발전본부,3,2025-01-28 15:30,SOx,4.37
한국중부발전㈜보령발전본부,3,2025-01-28 15:30,NOx,0.25
한국중부발전㈜보령발전본부,3,2025-01-28 16:00,TSP,2.11
한국중부발전㈜보령발전본부,3,2025-01-28 16:00,SOx,4.28
한국중부발전㈜보령발전본부,3,2025-01-28 16:00,NOx,0.41
한국중부발전㈜보령발전본부,3,2025-01-28 16:30,TSP,2.06
한국중부발전㈜보령발전본부,3,2025-01-28 16:30,SOx,4.25
한국중부발전㈜보령발전본부,3,2025-01-28 16:30,NOx,0.51
한국중부발전㈜보령발전본부,3,2025-01-28 17:00,TSP,2.06
한국중부발전㈜보령발전본부,3,2025-01-28 17:00,SOx,4.14
한국중부발전㈜보령발전본부,3,2025-01-28 17:00,NOx,0.31
한국중부발전㈜보령발전본부,3,2025-01-28 17:30,TSP,2.06
한국중부발전㈜보령발전본부,3,2025-01-28 17:30,SOx,4.06
한국중부발전㈜보령발전본부,3,2025-01-28 17:30,NOx,0.29
한국중부발전㈜보령발전본부,3,2025-01-28 18:00,TSP,2.05
한국중부발전㈜보령발전본부,3,2025-01-28 18:00,SOx,3.9
한국중부발전㈜보령발전본부,3,2025-01-28 18:00,NOx,0.6
한국중부발전㈜보령발전본부,3,2025-01-28 18:30,TSP,2.05
한국중부발전㈜보령발전본부,3,2025-01-28 18:30,SOx,4.32
한국중부발전㈜보령발전본부,3,2025-01-28 18:30,NOx,0.79
한국중부발전㈜보령발전본부,3,2025-01-28 19:00,TSP,2.01
한국중부발전㈜보령발전본부,3,2025-01-28 19:00,SOx,4.23
한국중부발전㈜보령발전본부,3,2025-01-28 19:00,NOx,0.62
한국중부발전㈜보령발전본부,3,2025-01-28 19:30,TSP,2.06
한국중부발전㈜보령발전본부,3,2025-01-28 19:30,SOx,4.19
한국중부발전㈜보령발전본부,3,2025-01-28 19:30,NOx,0.32
한국중부발전㈜보령발전본부,3,2025-01-28 20:00,TSP,2.03
한국중부발전㈜보령발전본부,3,2025-01-28 20:00,SOx,4.55
한국중부발전㈜보령발전본부,3,2025-01-28 20:00,NOx,0.92
한국중부발전㈜보령발전본부,3,2025-01-28 20:30,TSP,2.01
한국중부발전㈜보령발전본부,3,2025-01-28 20:30,SOx,4.49
한국중부발전㈜보령발전본부,3,2025-01-28 20:30,NOx,0.7
한국중부발전㈜보령발전본부,3,2025-01-28 21:00,TSP,1.98
한국중부발전㈜보령발전본부,3,2025-01-28 21:00,SOx,4.63
한국중부발전㈜보령발전본부,3,2025-01-28 21:00,NOx,0.91
한국중부발전㈜보령발전본부,3,2025-01-28 21:30,TSP,1.97
한국중부발전㈜보령발전본부,3,2025-01-28 21:30,SOx,4.64
한국중부발전㈜보령발전본부,3,2025-01-28 21:30,NOx,1.21
한국중부발전㈜보령발전본부,3,2025-01-28 22:00,TSP,2.05
한국중부발전㈜보령발전본부,3,2025-01-28 22:00,SOx,4.6
한국중부발전㈜보령발전본부,3,2025-01-28 22:00,NOx,0.86
한국중부발전㈜보령발전본부,3,2025-01-28 22:30,TSP,2.03
한국중부발전㈜보령발전본부,3,2025-01-28 22:30,SOx,4.51
한국중부발전㈜보령발전본부,3,2025-01-28 22:30,NOx,0.85
한국중부발전㈜보령발전본부,3,2025-01-28 23:00,TSP,2.22
한국중부발전㈜보령발전본부,3,2025-01-28 23:00,SOx,4.39
한국중부발전㈜보령발전본부,3,2025-01-28 23:00,NOx,0.74
한국중부발전㈜보령발전본부,3,2025-01-28 23:30,TSP,2.06
한국중부발전㈜보령발전본부,3,2025-01-28 23:30,SOx,4.35
한국중부발전㈜보령발전본부,3,2025-01-28 23:30,NOx,0.62
한국중부발전㈜보령발전본부,3,2025-01-29 00:00,TSP,2.05
한국중부발전㈜보령발전본부,3,2025-01-29 00:00,SOx,4.43
한국중부발전㈜보령발전본부,3,2025-01-29 00:00,NOx,0.5
한국중부발전㈜보령발전본부,3,2025-01-29 00:30,TSP,2.07
한국중부발전㈜보령발전본부,3,2025-01-29 00:30,SOx,4.43
한국중부발전㈜보령발전본부,3,2025-01-29 00:30,NOx,0.17
한국중부발전㈜보령발전본부,3,2025-01-29 01:00,TSP,2.06
한국중부발전㈜보령발전본부,3,2025-01-29 01:00,SOx,4.46
한국중부발전㈜보령발전본부,3,2025-01-29 01:00,NOx,0.14
한국중부발전㈜보령발전본부,3,2025-01-29 01:30,TSP,2.06
한국중부발전㈜보령발전본부,3,2025-01-29 01:30,SOx,4.27
한국중부발전㈜보령발전본부,3,2025-01-29 01:30,NOx,0.25
한국중부발전㈜보령발전본부,3,2025-01-29 02:00,TSP,2.04
한국중부발전㈜보령발전본부,3,2025-01-29 02:00,SOx,4.71
한국중부발전㈜보령발전본부,3,2025-01-29 02:00,NOx,0.45
한국중부발전㈜보령발전본부,3,2025-01-29 02:30,TSP,2.07
한국중부발전㈜보령발전본부,3,2025-01-29 02:30,SOx,4.95
한국중부발전㈜보령발전본부,3,2025-01-29 02:30,NOx,0.73
한국중부발전㈜보령발전본부,3,2025-01-29 03:00,TSP,2.11
한국중부발전㈜보령발전본부,3,2025-01-29 03:00,SOx,4.86
한국중부발전㈜보령발전본부,3,2025-01-29 03:00,NOx,0.61
한국중부발전㈜보령발전본부,3,2025-01-29 03:30,TSP,2.1
한국중부발전㈜보령발전본부,3,2025-01-29 03:30,SOx,4.75
한국중부발전㈜보령발전본부,3,2025-01-29 03:30,NOx,0.67
한국중부발전㈜보령발전본부,3,2025-01-29 04:00,TSP,2.09
한국중부발전㈜보령발전본부,3,2025-01-29 04:00,SOx,4.75
한국중부발전㈜보령발전본부,3,2025-01-29 04:00,NOx,0.58
한국중부발전㈜보령발전본부,3,2025-01-29 04:30,TSP,2.05
한국중부발전㈜보령발전본부,3,2025-01-29 04:30,SOx,4.68
한국중부발전㈜보령발전본부,3,2025-01-29 04:30,NOx,0.21
한국중부발전㈜보령발전본부,3,2025-01-29 05:00,TSP,2.09
한국중부발전㈜보령발전본부,3,2025-01-29 05:00,SOx,4.85
한국중부발전㈜보령발전본부,3,2025-01-29 05:00,NOx,0.12
한국중부발전㈜보령발전본부,3,2025-01-29 05:30,TSP,2.11
한국중부발전㈜보령발전본부,3,2025-01-29 05:30,SOx,4.7
한국중부발전㈜보령발전본부,3,2025-01-29 05:30,NOx,0.19
한국중부발전㈜보령발전본부,3,2025-01-29 06:00,TSP,2.15
한국중부발전㈜보령발전본부,3,2025-01-29 06:00,SOx,4.62
한국중부발전㈜보령발전본부,3,2025-01-29 06:00,NOx,0.37
한국중부발전㈜보령발전본부,3,2025-01-29 06:30,TSP,2.14
한국중부발전㈜보령발전본부,3,2025-01-29 06:30,SOx,4.49
한국중부발전㈜보령발전본부,3,2025-01-29 06:30,NOx,0.6
한국중부발전㈜보령발전본부,3,2025-01-29 07:00,TSP,2.11
한국중부발전㈜보령발전본부,3,2025-01-29 07:00,SOx,4.27
한국중부발전㈜보령발전본부,3,2025-01-29 07:00,NOx,0.42
한국중부발전㈜보령발전본부,3,2025-01-29 07:30,TSP,2.07
한국중부발전㈜보령발전본부,3,2025-01-29 07:30,SOx,4.15
한국중부발전㈜보령발전본부,3,2025-01-29 07:30,NOx,0.44
한국중부발전㈜보령발전본부,3,2025-01-29 08:00,TSP,2.05
한국중부발전㈜보령발전본부,3,2025-01-29 08:00,SOx,4.05
한국중부발전㈜보령발전본부,3,2025-01-29 08:00,NOx,0.38
한국중부발전㈜보령발전본부,3,2025-01-29 08:30,TSP,2.07
한국중부발전㈜보령발전본부,3,2025-01-29 08:30,SOx,4.19
한국중부발전㈜보령발전본부,3,2025-01-29 08:30,NOx,0.41
한국중부발전㈜보령발전본부,3,2025-01-29 09:00,TSP,2.14
한국중부발전㈜보령발전본부,3,2025-01-29 09:00,SOx,4.35
한국중부발전㈜보령발전본부,3,2025-01-29 09:00,NOx,0.37
한국중부발전㈜보령발전본부,3,2025-01-29 09:30,TSP,2.09
한국중부발전㈜보령발전본부,3,2025-01-29 09:30,SOx,4.21
한국중부발전㈜보령발전본부,3,2025-01-29 09:30,NOx,0.35
한국중부발전㈜보령발전본부,3,2025-01-29 10:00,TSP,2.03
한국중부발전㈜보령발전본부,3,2025-01-29 10:00,SOx,4.21
한국중부발전㈜보령발전본부,3,2025-01-29 10:00,NOx,0.62
한국중부발전㈜보령발전본부,3,2025-01-29 10:30,TSP,2.02
한국중부발전㈜보령발전본부,3,2025-01-29 10:30,SOx,4.11
한국중부발전㈜보령발전본부,3,2025-01-29 10:30,NOx,0.56
한국중부발전㈜보령발전본부,3,2025-01-29 11:00,TSP,2.0
한국중부발전㈜보령발전본부,3,2025-01-29 11:00,SOx,4.12
한국중부발전㈜보령발전본부,3,2025-01-29 11:00,NOx,0.55
한국중부발전㈜보령발전본부,3,2025-01-29 11:30,TSP,2.02
한국중부발전㈜보령발전본부,3,2025-01-29 11:30,SOx,4.2
한국중부발전㈜보령발전본부,3,2025-01-29 11:30,NOx,0.49
한국중부발전㈜보령발전본부,3,2025-01-29 12:00,TSP,2.08
한국중부발전㈜보령발전본부,3,2025-01-29 12:00,SOx,4.36
한국중부발전㈜보령발전본부,3,2025-01-29 12:00,NOx,1.3
한국중부발전㈜보령발전본부,3,2025-01-29 12:30,TSP,2.14
한국중부발전㈜보령발전본부,3,2025-01-29 12:30,SOx,4.39
한국중부발전㈜보령발전본부,3,2025-01-29 12:30,NOx,1.27
한국중부발전㈜보령발전본부,3,2025-01-29 13:00,TSP,2.17
한국중부발전㈜보령발전본부,3,2025-01-29 13:00,SOx,4.31
한국중부발전㈜보령발전본부,3,2025-01-29 13:00,NOx,0.97
한국중부발전㈜보령발전본부,3,2025-01-29 13:30,TSP,2.18
한국중부발전㈜보령발전본부,3,2025-01-29 13:30,SOx,4.24
한국중부발전㈜보령발전본부,3,2025-01-29 13:30,NOx,0.62
한국중부발전㈜보령발전본부,3,2025-01-29 14:00,TSP,2.23
한국중부발전㈜보령발전본부,3,2025-01-29 14:00,SOx,4.06
한국중부발전㈜보령발전본부,3,2025-01-29 14:00,NOx,0.85
한국중부발전㈜보령발전본부,3,2025-01-29 14:30,TSP,2.31
한국중부발전㈜보령발전본부,3,2025-01-29 14:30,SOx,4.0
한국중부발전㈜보령발전본부,3,2025-01-29 14:30,NOx,0.83
한국중부발전㈜보령발전본부,3,2025-01-29 15:00,TSP,2.3
한국중부발전㈜보령발전본부,3,2025-01-29 15:00,SOx,4.11
한국중부발전㈜보령발전본부,3,2025-01-29 15:00,NOx,0.6
한국중부발전㈜보령발전본부,3,2025-01-29 15:30,TSP,2.28
한국중부발전㈜보령발전본부,3,2025-01-29 15:30,SOx,4.0
한국중부발전㈜보령발전본부,3,2025-01-29 15:30,NOx,0.85
한국중부발전㈜보령발전본부,3,2025-01-29 16:00,TSP,2.3
한국중부발전㈜보령발전본부,3,2025-01-29 16:00,SOx,3.86
한국중부발전㈜보령발전본부,3,2025-01-29 16:00,NOx,0.66
한국중부발전㈜보령발전본부,3,2025-01-29 16:30,TSP,2.31
한국중부발전㈜보령발전본부,3,2025-01-29 16:30,SOx,4.05
한국중부발전㈜보령발전본부,3,2025-01-29 16:30,NOx,0.63
한국중부발전㈜보령발전본부,3,2025-01-29 17:00,TSP,2.27
한국중부발전㈜보령발전본부,3,2025-01-29 17:00,SOx,4.05
한국중부발전㈜보령발전본부,3,2025-01-29 17:00,NOx,0.49
한국중부발전㈜보령발전본부,3,2025-01-29 17:30,TSP,2.24
한국중부발전㈜보령발전본부,3,2025-01-29 17:30,SOx,3.94
한국중부발전㈜보령발전본부,3,2025-01-29 17:30,NOx,0.54
한국중부발전㈜보령발전본부,3,2025-01-29 18:00,TSP,2.15
한국중부발전㈜보령발전본부,3,2025-01-29 18:00,SOx,4.04
한국중부발전㈜보령발전본부,3,2025-01-29 18:00,NOx,0.79
한국중부발전㈜보령발전본부,3,2025-01-29 18:30,TSP,2.15
한국중부발전㈜보령발전본부,3,2025-01-29 18:30,SOx,4.02
한국중부발전㈜보령발전본부,3,2025-01-29 18:30,NOx,0.96
한국중부발전㈜보령발전본부,3,2025-01-29 19:00,TSP,2.08
한국중부발전㈜보령발전본부,3,2025-01-29 19:00,SOx,4.07
한국중부발전㈜보령발전본부,3,2025-01-29 19:00,NOx,1.67
한국중부발전㈜보령발전본부,3,2025-01-29 19:30,TSP,2.06
한국중부발전㈜보령발전본부,3,2025-01-29 19:30,SOx,4.23
한국중부발전㈜보령발전본부,3,2025-01-29 19:30,NOx,2.4
한국중부발전㈜보령발전본부,3,2025-01-29 20:00,TSP,2.05
한국중부발전㈜보령발전본부,3,2025-01-29 20:00,SOx,4.15
한국중부발전㈜보령발전본부,3,2025-01-29 20:00,NOx,3.06
한국중부발전㈜보령발전본부,3,2025-01-29 20:30,TSP,1.99
한국중부발전㈜보령발전본부,3,2025-01-29 20:30,SOx,4.19
한국중부발전㈜보령발전본부,3,2025-01-29 20:30,NOx,3.89
한국중부발전㈜보령발전본부,3,2025-01-29 21:00,TSP,1.99
한국중부발전㈜보령발전본부,3,2025-01-29 21:00,SOx,3.83
한국중부발전㈜보령발전본부,3,2025-01-29 21:00,NOx,3.98
한국중부발전㈜보령발전본부,3,2025-01-29 21:30,TSP,1.98
한국중부발전㈜보령발전본부,3,2025-01-29 21:30,SOx,3.96
한국중부발전㈜보령발전본부,3,2025-01-29 21:30,NOx,4.4
한국중부발전㈜보령발전본부,3,2025-01-29 22:00,TSP,2.01
한국중부발전㈜보령발전본부,3,2025-01-29 22:00,SOx,3.9
한국중부발전㈜보령발전본부,3,2025-01-29 22:00,NOx,4.92
한국중부발전㈜보령발전본부,3,2025-01-29 22:30,TSP,2.21
한국중부발전㈜보령발전본부,3,2025-01-29 22:30,SOx,3.82
한국중부발전㈜보령발전본부,3,2025-01-29 22:30,NOx,4.15
한국중부발전㈜보령발전본부,3,2025-01-29 23:00,TSP,2.12
한국중부발전㈜보령발전본부,3,2025-01-29 23:00,SOx,3.72
한국중부발전㈜보령발전본부,3,2025-01-29 23:00,NOx,3.18
한국중부발전㈜보령발전본부,3,2025-01-29 23:30,TSP,2.04
한국중부발전㈜보령발전본부,3,2025-01-29 23:30,SOx,3.79
한국중부발전㈜보령발전본부,3,2025-01-29 23:30,NOx,3.54
한국중부발전㈜보령발전본부,3,2025-01-30 00:00,TSP,2.07
한국중부발전㈜보령발전본부,3,2025-01-30 00:00,SOx,3.83
한국중부발전㈜보령발전본부,3,2025-01-30 00:00,NOx,3.95
한국중부발전㈜보령발전본부,3,2025-01-30 00:30,TSP,2.1
한국중부발전㈜보령발전본부,3,2025-01-30 00:30,SOx,3.84
한국중부발전㈜보령발전본부,3,2025-01-30 00:30,NOx,3.83
한국중부발전㈜보령발전본부,3,2025-01-30 01:00,TSP,2.07
한국중부발전㈜보령발전본부,3,2025-01-30 01:00,SOx,3.94
한국중부발전㈜보령발전본부,3,2025-01-30 01:00,NOx,3.6
한국중부발전㈜보령발전본부,3,2025-01-30 01:30,TSP,2.05
한국중부발전㈜보령발전본부,3,2025-01-30 01:30,SOx,4.01
한국중부발전㈜보령발전본부,3,2025-01-30 01:30,NOx,3.65
한국중부발전㈜보령발전본부,3,2025-01-30 02:00,TSP,2.05
한국중부발전㈜보령발전본부,3,2025-01-30 02:00,SOx,3.82
한국중부발전㈜보령발전본부,3,2025-01-30 02:00,NOx,2.54
한국중부발전㈜보령발전본부,3,2025-01-30 02:30,TSP,2.05
한국중부발전㈜보령발전본부,3,2025-01-30 02:30,SOx,3.94
한국중부발전㈜보령발전본부,3,2025-01-30 02:30,NOx,2.17
한국중부발전㈜보령발전본부,3,2025-01-30 03:00,TSP,2.09
한국중부발전㈜보령발전본부,3,2025-01-30 03:00,SOx,3.9
한국중부발전㈜보령발전본부,3,2025-01-30 03:00,NOx,2.29
한국중부발전㈜보령발전본부,3,2025-01-30 03:30,TSP,2.07
한국중부발전㈜보령발전본부,3,2025-01-30 03:30,SOx,3.89
한국중부발전㈜보령발전본부,3,2025-01-30 03:30,NOx,2.46
한국중부발전㈜보령발전본부,3,2025-01-30 04:00,TSP,2.1
한국중부발전㈜보령발전본부,3,2025-01-30 04:00,SOx,4.0
한국중부발전㈜보령발전본부,3,2025-01-30 04:00,NOx,2.2
한국중부발전㈜보령발전본부,3,2025-01-30 04:30,TSP,2.1
한국중부발전㈜보령발전본부,3,2025-01-30 04:30,SOx,4.07
한국중부발전㈜보령발전본부,3,2025-01-30 04:30,NOx,1.7
한국중부발전㈜보령발전본부,3,2025-01-30 05:00,TSP,2.13
한국중부발전㈜보령발전본부,3,2025-01-30 05:00,SOx,4.08
한국중부발전㈜보령발전본부,3,2025-01-30 05:00,NOx,1.2
한국중부발전㈜보령발전본부,3,2025-01-30 05:30,TSP,2.13
한국중부발전㈜보령발전본부,3,2025-01-30 05:30,SOx,3.96
한국중부발전㈜보령발전본부,3,2025-01-30 05:30,NOx,0.77
한국중부발전㈜보령발전본부,3,2025-01-30 06:00,TSP,2.1
한국중부발전㈜보령발전본부,3,2025-01-30 06:00,SOx,3.72
한국중부발전㈜보령발전본부,3,2025-01-30 06:00,NOx,0.83
한국중부발전㈜보령발전본부,3,2025-01-30 06:30,TSP,2.07
한국중부발전㈜보령발전본부,3,2025-01-30 06:30,SOx,3.7
한국중부발전㈜보령발전본부,3,2025-01-30 06:30,NOx,1.76
한국중부발전㈜보령발전본부,3,2025-01-30 07:00,TSP,2.1
한국중부발전㈜보령발전본부,3,2025-01-30 07:00,SOx,3.69
한국중부발전㈜보령발전본부,3,2025-01-30 07:00,NOx,2.0
한국중부발전㈜보령발전본부,3,2025-01-30 07:30,TSP,2.05
한국중부발전㈜보령발전본부,3,2025-01-30 07:30,SOx,3.93
한국중부발전㈜보령발전본부,3,2025-01-30 07:30,NOx,2.41
한국중부발전㈜보령발전본부,3,2025-01-30 08:00,TSP,1.98
한국중부발전㈜보령발전본부,3,2025-01-30 08:00,SOx,4.07
한국중부발전㈜보령발전본부,3,2025-01-30 08:00,NOx,2.69
한국중부발전㈜보령발전본부,3,2025-01-30 08:30,TSP,2.03
한국중부발전㈜보령발전본부,3,2025-01-30 08:30,SOx,3.8
한국중부발전㈜보령발전본부,3,2025-01-30 08:30,NOx,2.77
한국중부발전㈜보령발전본부,3,2025-01-30 09:00,TSP,1.97
한국중부발전㈜보령발전본부,3,2025-01-30 09:00,SOx,3.69
한국중부발전㈜보령발전본부,3,2025-01-30 09:00,NOx,3.04
한국중부발전㈜보령발전본부,3,2025-01-30 09:30,TSP,2.01
한국중부발전㈜보령발전본부,3,2025-01-30 09:30,SOx,3.84
한국중부발전㈜보령발전본부,3,2025-01-30 09:30,NOx,3.1
한국중부발전㈜보령발전본부,3,2025-01-30 10:00,TSP,2.02
한국중부발전㈜보령발전본부,3,2025-01-30 10:00,SOx,3.98
한국중부발전㈜보령발전본부,3,2025-01-30 10:00,NOx,3.34
한국중부발전㈜보령발전본부,3,2025-01-30 10:30,TSP,2.08
한국중부발전㈜보령발전본부,3,2025-01-30 10:30,SOx,3.84
한국중부발전㈜보령발전본부,3,2025-01-30 10:30,NOx,3.31
한국중부발전㈜보령발전본부,3,2025-01-30 11:00,TSP,2.12
한국중부발전㈜보령발전본부,3,2025-01-30 11:00,SOx,4.12
한국중부발전㈜보령발전본부,3,2025-01-30 11:00,NOx,3.91
한국중부발전㈜보령발전본부,3,2025-01-30 11:30,TSP,2.2
한국중부발전㈜보령발전본부,3,2025-01-30 11:30,SOx,4.11
한국중부발전㈜보령발전본부,3,2025-01-30 11:30,NOx,4.42
한국중부발전㈜보령발전본부,3,2025-01-30 12:00,TSP,2.13
한국중부발전㈜보령발전본부,3,2025-01-30 12:00,SOx,4.12
한국중부발전㈜보령발전본부,3,2025-01-30 12:00,NOx,4.77
한국중부발전㈜보령발전본부,3,2025-01-30 12:30,TSP,2.09
한국중부발전㈜보령발전본부,3,2025-01-30 12:30,SOx,4.3
한국중부발전㈜보령발전본부,3,2025-01-30 12:30,NOx,5.28
한국중부발전㈜보령발전본부,3,2025-01-30 13:00,TSP,2.07
한국중부발전㈜보령발전본부,3,2025-01-30 13:00,SOx,4.05
한국중부발전㈜보령발전본부,3,2025-01-30 13:00,NOx,5.08
한국중부발전㈜보령발전본부,3,2025-01-30 13:30,TSP,2.16
한국중부발전㈜보령발전본부,3,2025-01-30 13:30,SOx,4.22
한국중부발전㈜보령발전본부,3,2025-01-30 13:30,NOx,4.93
한국중부발전㈜보령발전본부,3,2025-01-30 14:00,TSP,2.26
한국중부발전㈜보령발전본부,3,2025-01-30 14:00,SOx,4.04
한국중부발전㈜보령발전본부,3,2025-01-30 14:00,NOx,5.1
한국중부발전㈜보령발전본부,3,2025-01-30 14:30,TSP,2.12
한국중부발전㈜보령발전본부,3,2025-01-30 14:30,SOx,4.03
한국중부발전㈜보령발전본부,3,2025-01-30 14:30,NOx,4.85
한국중부발전㈜보령발전본부,3,2025-01-30 15:00,TSP,2.14
한국중부발전㈜보령발전본부,3,2025-01-30 15:00,SOx,3.88
한국중부발전㈜보령발전본부,3,2025-01-30 15:00,NOx,4.5
한국중부발전㈜보령발전본부,3,2025-01-30 15:30,TSP,2.02
한국중부발전㈜보령발전본부,3,2025-01-30 15:30,SOx,4.03
한국중부발전㈜보령발전본부,3,2025-01-30 15:30,NOx,4.66
한국중부발전㈜보령발전본부,3,2025-01-30 16:00,TSP,2.02
한국중부발전㈜보령발전본부,3,2025-01-30 16:00,SOx,3.94
한국중부발전㈜보령발전본부,3,2025-01-30 16:00,NOx,3.66
한국중부발전㈜보령발전본부,3,2025-01-30 16:30,TSP,2.01
한국중부발전㈜보령발전본부,3,2025-01-30 16:30,SOx,4.06
한국중부발전㈜보령발전본부,3,2025-01-30 16:30,NOx,3.63
한국중부발전㈜보령발전본부,3,2025-01-30 17:00,TSP,2.05
한국중부발전㈜보령발전본부,3,2025-01-30 17:00,SOx,4.17
한국중부발전㈜보령발전본부,3,2025-01-30 17:00,NOx,2.99
한국중부발전㈜보령발전본부,3,2025-01-30 17:30,TSP,1.94
한국중부발전㈜보령발전본부,3,2025-01-30 17:30,SOx,4.27
한국중부발전㈜보령발전본부,3,2025-01-30 17:30,NOx,3.16
한국중부발전㈜보령발전본부,3,2025-01-30 18:00,TSP,1.94
한국중부발전㈜보령발전본부,3,2025-01-30 18:00,SOx,4.08
한국중부발전㈜보령발전본부,3,2025-01-30 18:00,NOx,2.93
한국중부발전㈜보령발전본부,3,2025-01-30 18:30,TSP,1.94
한국중부발전㈜보령발전본부,3,2025-01-30 18:30,SOx,3.86
한국중부발전㈜보령발전본부,3,2025-01-30 18:30,NOx,3.16
한국중부발전㈜보령발전본부,3,2025-01-30 19:00,TSP,1.91
한국중부발전㈜보령발전본부,3,2025-01-30 19:00,SOx,3.84
한국중부발전㈜보령발전본부,3,2025-01-30 19:00,NOx,4.0
한국중부발전㈜보령발전본부,3,2025-01-30 19:30,TSP,1.95
한국중부발전㈜보령발전본부,3,2025-01-30 19:30,SOx,3.99
한국중부발전㈜보령발전본부,3,2025-01-30 19:30,NOx,3.71
한국중부발전㈜보령발전본부,3,2025-01-30 20:00,TSP,1.93
한국중부발전㈜보령발전본부,3,2025-01-30 20:00,SOx,3.95
한국중부발전㈜보령발전본부,3,2025-01-30 20:00,NOx,3.17
한국중부발전㈜보령발전본부,3,2025-01-30 20:30,TSP,1.97
한국중부발전㈜보령발전본부,3,2025-01-30 20:30,SOx,3.9
한국중부발전㈜보령발전본부,3,2025-01-30 20:30,NOx,3.08
한국중부발전㈜보령발전본부,3,2025-01-30 21:00,TSP,1.93
한국중부발전㈜보령발전본부,3,2025-01-30 21:00,SOx,3.69
한국중부발전㈜보령발전본부,3,2025-01-30 21:00,NOx,3.32
한국중부발전㈜보령발전본부,3,2025-01-30 21:30,TSP,2.04
한국중부발전㈜보령발전본부,3,2025-01-30 21:30,SOx,3.89
한국중부발전㈜보령발전본부,3,2025-01-30 21:30,NOx,3.31
한국중부발전㈜보령발전본부,3,2025-01-30 22:00,TSP,2.17
한국중부발전㈜보령발전본부,3,2025-01-30 22:00,SOx,3.59
한국중부발전㈜보령발전본부,3,2025-01-30 22:00,NOx,3.0
한국중부발전㈜보령발전본부,3,2025-01-30 22:30,TSP,1.92
한국중부발전㈜보령발전본부,3,2025-01-30 22:30,SOx,3.74
한국중부발전㈜보령발전본부,3,2025-01-30 22:30,NOx,2.73
한국중부발전㈜보령발전본부,3,2025-01-30 23:00,TSP,1.96
한국중부발전㈜보령발전본부,3,2025-01-30 23:00,SOx,3.68
한국중부발전㈜보령발전본부,3,2025-01-30 23:00,NOx,3.17
한국중부발전㈜보령발전본부,3,2025-01-30 23:30,TSP,2.05
한국중부발전㈜보령발전본부,3,2025-01-30 23:30,SOx,3.64
한국중부발전㈜보령발전본부,3,2025-01-30 23:30,NOx,3.25
한국중부발전㈜보령발전본부,3,2025-01-31 00:00,TSP,2.27
한국중부발전㈜보령발전본부,3,2025-01-31 00:00,SOx,3.44
한국중부발전㈜보령발전본부,3,2025-01-31 00:00,NOx,3.12
한국중부발전㈜보령발전본부,3,2025-01-31 00:30,TSP,2.41
한국중부발전㈜보령발전본부,3,2025-01-31 00:30,SOx,3.57
한국중부발전㈜보령발전본부,3,2025-01-31 00:30,NOx,2.92
한국중부발전㈜보령발전본부,3,2025-01-31 01:00,TSP,2.42
한국중부발전㈜보령발전본부,3,2025-01-31 01:00,SOx,3.4
한국중부발전㈜보령발전본부,3,2025-01-31 01:00,NOx,3.38
한국중부발전㈜보령발전본부,3,2025-01-31 01:30,TSP,2.44
한국중부발전㈜보령발전본부,3,2025-01-31 01:30,SOx,3.41
한국중부발전㈜보령발전본부,3,2025-01-31 01:30,NOx,3.43
한국중부발전㈜보령발전본부,3,2025-01-31 02:00,TSP,2.49
한국중부발전㈜보령발전본부,3,2025-01-31 02:00,SOx,3.27
한국중부발전㈜보령발전본부,3,2025-01-31 02:00,NOx,4.26
한국중부발전㈜보령발전본부,3,2025-01-31 02:30,TSP,2.47
한국중부발전㈜보령발전본부,3,2025-01-31 02:30,SOx,3.28
한국중부발전㈜보령발전본부,3,2025-01-31 02:30,NOx,3.56
한국중부발전㈜보령발전본부,3,2025-01-31 03:00,TSP,2.5
한국중부발전㈜보령발전본부,3,2025-01-31 03:00,SOx,3.55
한국중부발전㈜보령발전본부,3,2025-01-31 03:00,NOx,3.76
한국중부발전㈜보령발전본부,3,2025-01-31 03:30,TSP,2.57
한국중부발전㈜보령발전본부,3,2025-01-31 03:30,SOx,3.45
한국중부발전㈜보령발전본부,3,2025-01-31 03:30,NOx,4.49
한국중부발전㈜보령발전본부,3,2025-01-31 04:00,TSP,2.56
한국중부발전㈜보령발전본부,3,2025-01-31 04:00,SOx,3.47
한국중부발전㈜보령발전본부,3,2025-01-31 04:00,NOx,5.12
한국중부발전㈜보령발전본부,3,2025-01-31 04:30,TSP,2.7
한국중부발전㈜보령발전본부,3,2025-01-31 04:30,SOx,3.42
한국중부발전㈜보령발전본부,3,2025-01-31 04:30,NOx,5.35
한국중부발전㈜보령발전본부,3,2025-01-31 05:00,TSP,2.8
한국중부발전㈜보령발전본부,3,2025-01-31 05:00,SOx,3.53
한국중부발전㈜보령발전본부,3,2025-01-31 05:00,NOx,5.04
한국중부발전㈜보령발전본부,3,2025-01-31 05:30,TSP,2.58
한국중부발전㈜보령발전본부,3,2025-01-31 05:30,SOx,3.25
한국중부발전㈜보령발전본부,3,2025-01-31 05:30,NOx,4.92
한국중부발전㈜보령발전본부,3,2025-01-31 06:00,TSP,2.59
한국중부발전㈜보령발전본부,3,2025-01-31 06:00,SOx,3.19
한국중부발전㈜보령발전본부,3,2025-01-31 06:00,NOx,4.68
한국중부발전㈜보령발전본부,3,2025-01-31 06:30,TSP,2.47
한국중부발전㈜보령발전본부,3,2025-01-31 06:30,SOx,3.35
한국중부발전㈜보령발전본부,3,2025-01-31 06:30,NOx,4.5
한국중부발전㈜보령발전본부,3,2025-01-31 07:00,TSP,2.68
한국중부발전㈜보령발전본부,3,2025-01-31 07:00,SOx,3.22
한국중부발전㈜보령발전본부,3,2025-01-31 07:00,NOx,3.98
한국중부발전㈜보령발전본부,3,2025-01-31 07:30,TSP,2.48
한국중부발전㈜보령발전본부,3,2025-01-31 07:30,SOx,3.13
한국중부발전㈜보령발전본부,3,2025-01-31 07:30,NOx,3.98
한국중부발전㈜보령발전본부,3,2025-01-31 08:00,TSP,2.48
한국중부발전㈜보령발전본부,3,2025-01-31 08:00,SOx,3.29
한국중부발전㈜보령발전본부,3,2025-01-31 08:00,NOx,4.02
한국중부발전㈜보령발전본부,3,2025-01-31 08:30,TSP,2.53
한국중부발전㈜보령발전본부,3,2025-01-31 08:30,SOx,3.38
한국중부발전㈜보령발전본부,3,2025-01-31 08:30,NOx,4.15
한국중부발전㈜보령발전본부,3,2025-01-31 09:00,TSP,2.65
한국중부발전㈜보령발전본부,3,2025-01-31 09:00,SOx,3.4
한국중부발전㈜보령발전본부,3,2025-01-31 09:00,NOx,4.3
한국중부발전㈜보령발전본부,3,2025-01-31 09:30,TSP,2.82
한국중부발전㈜보령발전본부,3,2025-01-31 09:30,SOx,3.41
한국중부발전㈜보령발전본부,3,2025-01-31 09:30,NOx,5.6
한국중부발전㈜보령발전본부,3,2025-01-31 10:00,TSP,2.88
한국중부발전㈜보령발전본부,3,2025-01-31 10:00,SOx,3.33
한국중부발전㈜보령발전본부,3,2025-01-31 10:00,NOx,3.29
한국중부발전㈜보령발전본부,3,2025-01-31 10:30,TSP,2.56
한국중부발전㈜보령발전본부,3,2025-01-31 10:30,SOx,3.15
한국중부발전㈜보령발전본부,3,2025-01-31 10:30,NOx,2.67
한국중부발전㈜보령발전본부,3,2025-01-31 11:00,TSP,2.6
한국중부발전㈜보령발전본부,3,2025-01-31 11:00,SOx,3.23
한국중부발전㈜보령발전본부,3,2025-01-31 11:00,NOx,1.67
한국중부발전㈜보령발전본부,3,2025-01-31 11:30,TSP,2.58
한국중부발전㈜보령발전본부,3,2025-01-31 11:30,SOx,3.14
한국중부발전㈜보령발전본부,3,2025-01-31 11:30,NOx,1.28
한국중부발전㈜보령발전본부,3,2025-01-31 12:00,TSP,2.55
한국중부발전㈜보령발전본부,3,2025-01-31 12:00,SOx,3.31
한국중부발전㈜보령발전본부,3,2025-01-31 12:00,NOx,1.97
한국중부발전㈜보령발전본부,3,2025-01-31 12:30,TSP,2.6
한국중부발전㈜보령발전본부,3,2025-01-31 12:30,SOx,3.22
한국중부발전㈜보령발전본부,3,2025-01-31 12:30,NOx,1.39
한국중부발전㈜보령발전본부,3,2025-01-31 13:00,TSP,2.87
한국중부발전㈜보령발전본부,3,2025-01-31 13:00,SOx,3.05
한국중부발전㈜보령발전본부,3,2025-01-31 13:00,NOx,1.18
한국중부발전㈜보령발전본부,3,2025-01-31 13:30,TSP,3.04
한국중부발전㈜보령발전본부,3,2025-01-31 13:30,SOx,3.46
한국중부발전㈜보령발전본부,3,2025-01-31 13:30,NOx,2.36
한국중부발전㈜보령발전본부,3,2025-01-31 14:00,TSP,3.03
한국중부발전㈜보령발전본부,3,2025-01-31 14:00,SOx,3.83
한국중부발전㈜보령발전본부,3,2025-01-31 14:00,NOx,2.76
한국중부발전㈜보령발전본부,3,2025-01-31 14:30,TSP,2.78
한국중부발전㈜보령발전본부,3,2025-01-31 14:30,SOx,3.66
한국중부발전㈜보령발전본부,3,2025-01-31 14:30,NOx,4.75
한국중부발전㈜보령발전본부,3,2025-01-31 15:00,TSP,2.99
한국중부발전㈜보령발전본부,3,2025-01-31 15:00,SOx,3.59
한국중부발전㈜보령발전본부,3,2025-01-31 15:00,NOx,1.29
한국중부발전㈜보령발전본부,3,2025-01-31 15:30,TSP,3.29
한국중부발전㈜보령발전본부,3,2025-01-31 15:30,SOx,3.53
한국중부발전㈜보령발전본부,3,2025-01-31 15:30,NOx,1.24
한국중부발전㈜보령발전본부,3,2025-01-31 16:00,TSP,3.47
한국중부발전㈜보령발전본부,3,2025-01-31 16:00,SOx,3.32
한국중부발전㈜보령발전본부,3,2025-01-31 16:00,NOx,0.81
한국중부발전㈜보령발전본부,3,2025-01-31 16:30,TSP,3.25
한국중부발전㈜보령발전본부,3,2025-01-31 16:30,SOx,3.3
한국중부발전㈜보령발전본부,3,2025-01-31 16:30,NOx,0.47
한국중부발전㈜보령발전본부,3,2025-01-31 17:00,TSP,3.07
한국중부발전㈜보령발전본부,3,2025-01-31 17:00,SOx,3.56
한국중부발전㈜보령발전본부,3,2025-01-31 17:00,NOx,0.19
한국중부발전㈜보령발전본부,3,2025-01-31 17:30,TSP,2.95
한국중부발전㈜보령발전본부,3,2025-01-31 17:30,SOx,3.44
한국중부발전㈜보령발전본부,3,2025-01-31 17:30,NOx,0.16
한국중부발전㈜보령발전본부,3,2025-01-31 18:00,TSP,2.72
한국중부발전㈜보령발전본부,3,2025-01-31 18:00,SOx,3.39
한국중부발전㈜보령발전본부,3,2025-01-31 18:00,NOx,0.18
한국중부발전㈜보령발전본부,3,2025-01-31 18:30,TSP,2.72
한국중부발전㈜보령발전본부,3,2025-01-31 18:30,SOx,3.46
한국중부발전㈜보령발전본부,3,2025-01-31 18:30,NOx,0.15
한국중부발전㈜보령발전본부,3,2025-01-31 19:00,TSP,2.48
한국중부발전㈜보령발전본부,3,2025-01-31 19:00,SOx,3.46
한국중부발전㈜보령발전본부,3,2025-01-31 19:00,NOx,0.11
한국중부발전㈜보령발전본부,3,2025-01-31 19:30,TSP,2.55
한국중부발전㈜보령발전본부,3,2025-01-31 19:30,SOx,3.46
한국중부발전㈜보령발전본부,3,2025-01-31 19:30,NOx,0.1
한국중부발전㈜보령발전본부,3,2025-01-31 20:00,TSP,2.43
한국중부발전㈜보령발전본부,3,2025-01-31 20:00,SOx,3.25
한국중부발전㈜보령발전본부,3,2025-01-31 20:00,NOx,0.11
한국중부발전㈜보령발전본부,3,2025-01-31 20:30,TSP,2.34
한국중부발전㈜보령발전본부,3,2025-01-31 20:30,SOx,3.57
한국중부발전㈜보령발전본부,3,2025-01-31 20:30,NOx,0.1
한국중부발전㈜보령발전본부,3,2025-01-31 21:00,TSP,2.36
한국중부발전㈜보령발전본부,3,2025-01-31 21:00,SOx,3.64
한국중부발전㈜보령발전본부,3,2025-01-31 21:00,NOx,0.13
한국중부발전㈜보령발전본부,3,2025-01-31 21:30,TSP,2.47
한국중부발전㈜보령발전본부,3,2025-01-31 21:30,SOx,3.84
한국중부발전㈜보령발전본부,3,2025-01-31 21:30,NOx,0.16
한국중부발전㈜보령발전본부,3,2025-01-31 22:00,TSP,2.52
한국중부발전㈜보령발전본부,3,2025-01-31 22:00,SOx,3.85
한국중부발전㈜보령발전본부,3,2025-01-31 22:00,NOx,0.22
한국중부발전㈜보령발전본부,3,2025-01-31 22:30,TSP,2.25
한국중부발전㈜보령발전본부,3,2025-01-31 22:30,SOx,3.76
한국중부발전㈜보령발전본부,3,2025-01-31 22:30,NOx,0.17
한국중부발전㈜보령발전본부,3,2025-01-31 23:00,TSP,2.25
한국중부발전㈜보령발전본부,3,2025-01-31 23:00,SOx,3.67
한국중부발전㈜보령발전본부,3,2025-01-31 23:00,NOx,0.19
한국중부발전㈜보령발전본부,3,2025-01-31 23:30,TSP,2.28
한국중부발전㈜보령발전본부,3,2025-01-31 23:30,SOx,3.85
한국중부발전㈜보령발전본부,3,2025-01-31 23:30,NOx,0.18
