일시,TSP
2022-01-01 00:00:00,3.525
2022-01-01 00:30:00,3.4949999999999997
2022-01-01 01:00:00,3.51
2022-01-01 01:30:00,3.533333333333333
2022-01-01 02:00:00,3.5416666666666665
2022-01-01 02:30:00,3.5549999999999997
2022-01-01 03:00:00,3.5733333333333337
2022-01-01 03:30:00,3.5700000000000003
2022-01-01 04:00:00,3.5933333333333337
2022-01-01 04:30:00,3.655
2022-01-01 05:00:00,3.6799999999999997
2022-01-01 05:30:00,3.7533333333333334
2022-01-01 06:00:00,3.723333333333333
2022-01-01 06:30:00,3.75
2022-01-01 07:00:00,3.7900000000000005
2022-01-01 07:30:00,3.8249999999999997
2022-01-01 08:00:00,3.7849999999999997
2022-01-01 08:30:00,3.895
2022-01-01 09:00:00,3.8049999999999997
2022-01-01 09:30:00,3.561666666666667
2022-01-01 10:00:00,3.6633333333333336
2022-01-01 10:30:00,3.53
2022-01-01 11:00:00,3.4466666666666668
2022-01-01 11:30:00,3.418333333333333
2022-01-01 12:00:00,3.433333333333333
2022-01-01 12:30:00,3.3316666666666666
2022-01-01 13:00:00,3.3266666666666667
2022-01-01 13:30:00,3.438333333333333
2022-01-01 14:00:00,3.3699999999999997
2022-01-01 14:30:00,3.3216666666666668
2022-01-01 15:00:00,3.3466666666666662
2022-01-01 15:30:00,3.2916666666666665
2022-01-01 16:00:00,3.233333333333333
2022-01-01 16:30:00,3.2116666666666664
2022-01-01 17:00:00,3.1300000000000003
2022-01-01 17:30:00,3.098333333333333
2022-01-01 18:00:00,3.2699999999999996
2022-01-01 18:30:00,3.3266666666666667
2022-01-01 19:00:00,3.2866666666666666
2022-01-01 19:30:00,3.268333333333333
2022-01-01 20:00:00,3.293333333333333
2022-01-01 20:30:00,3.286666666666667
2022-01-01 21:00:00,3.24
2022-01-01 21:30:00,3.2433333333333336
2022-01-01 22:00:00,3.263333333333333
2022-01-01 22:30:00,3.2716666666666665
2022-01-01 23:00:00,3.3633333333333333
2022-01-01 23:30:00,3.4299999999999997
2022-01-02 00:00:00,3.435
2022-01-02 00:30:00,3.4183333333333334
2022-01-02 01:00:00,3.4299999999999997
2022-01-02 01:30:00,3.48
2022-01-02 02:00:00,3.466666666666667
2022-01-02 02:30:00,3.401666666666667
2022-01-02 03:00:00,3.2933333333333334
2022-01-02 03:30:00,3.2899999999999996
2022-01-02 04:00:00,3.236666666666667
2022-01-02 04:30:00,3.2616666666666667
2022-01-02 05:00:00,3.1533333333333338
2022-01-02 05:30:00,3.1666666666666665
2022-01-02 06:00:00,3.1183333333333336
2022-01-02 06:30:00,3.126666666666667
2022-01-02 07:00:00,3.1966666666666668
2022-01-02 07:30:00,3.225
2022-01-02 08:00:00,3.2099999999999995
2022-01-02 08:30:00,3.1999999999999997
2022-01-02 09:00:00,3.1233333333333335
2022-01-02 09:30:00,3.0
2022-01-02 10:00:00,2.9949999999999997
2022-01-02 10:30:00,2.9416666666666664
2022-01-02 11:00:00,2.908333333333333
2022-01-02 11:30:00,2.921666666666667
2022-01-02 12:00:00,2.9683333333333337
2022-01-02 12:30:00,2.9683333333333333
2022-01-02 13:00:00,2.938333333333333
2022-01-02 13:30:00,2.973333333333333
2022-01-02 14:00:00,2.9933333333333336
2022-01-02 14:30:00,3.09
2022-01-02 15:00:00,3.108333333333333
2022-01-02 15:30:00,3.0866666666666664
2022-01-02 16:00:00,3.186666666666667
2022-01-02 16:30:00,3.1733333333333333
2022-01-02 17:00:00,3.1016666666666666
2022-01-02 17:30:00,3.0883333333333334
2022-01-02 18:00:00,3.135
2022-01-02 18:30:00,3.115
2022-01-02 19:00:00,3.1750000000000003
2022-01-02 19:30:00,3.268333333333333
2022-01-02 20:00:00,3.316666666666667
2022-01-02 20:30:00,3.285
2022-01-02 21:00:00,3.296666666666667
2022-01-02 21:30:00,3.3249999999999997
2022-01-02 22:00:00,3.345
2022-01-02 22:30:00,3.3433333333333333
2022-01-02 23:00:00,3.3666666666666667
2022-01-02 23:30:00,3.385
2022-01-03 00:00:00,3.4433333333333334
2022-01-03 00:30:00,3.3383333333333334
2022-01-03 01:00:00,3.3716666666666666
2022-01-03 01:30:00,3.3733333333333335
2022-01-03 02:00:00,3.3733333333333335
2022-01-03 02:30:00,3.34
2022-01-03 03:00:00,3.3466666666666662
2022-01-03 03:30:00,3.3516666666666666
2022-01-03 04:00:00,3.311666666666667
2022-01-03 04:30:00,3.285
2022-01-03 05:00:00,3.3200000000000003
2022-01-03 05:30:00,3.295
2022-01-03 06:00:00,3.3033333333333332
2022-01-03 06:30:00,3.3816666666666664
2022-01-03 07:00:00,3.44
2022-01-03 07:30:00,3.401666666666667
2022-01-03 08:00:00,3.341666666666667
2022-01-03 08:30:00,3.328333333333333
2022-01-03 09:00:00,3.32
2022-01-03 09:30:00,3.31
2022-01-03 10:00:00,3.3716666666666666
2022-01-03 10:30:00,3.28
2022-01-03 11:00:00,3.2716666666666665
2022-01-03 11:30:00,3.2216666666666662
2022-01-03 12:00:00,3.3316666666666666
2022-01-03 12:30:00,3.1833333333333336
2022-01-03 13:00:00,3.151666666666667
2022-01-03 13:30:00,3.186666666666667
2022-01-03 14:00:00,3.2366666666666664
2022-01-03 14:30:00,3.16
2022-01-03 15:00:00,3.0966666666666662
2022-01-03 15:30:00,3.1733333333333333
2022-01-03 16:00:00,3.188333333333333
2022-01-03 16:30:00,3.1566666666666667
2022-01-03 17:00:00,3.0749999999999997
2022-01-03 17:30:00,3.1583333333333337
2022-01-03 18:00:00,3.135
2022-01-03 18:30:00,3.058333333333333
2022-01-03 19:00:00,3.0666666666666664
2022-01-03 19:30:00,3.0400000000000005
2022-01-03 20:00:00,3.06
2022-01-03 20:30:00,3.0316666666666663
2022-01-03 21:00:00,3.0400000000000005
2022-01-03 21:30:00,3.025
2022-01-03 22:00:00,3.0083333333333333
2022-01-03 22:30:00,3.0066666666666664
2022-01-03 23:00:00,3.15
2022-01-03 23:30:00,3.1366666666666667
2022-01-04 00:00:00,3.1733333333333333
2022-01-04 00:30:00,3.1366666666666667
2022-01-04 01:00:00,3.0516666666666663
2022-01-04 01:30:00,3.0050000000000003
2022-01-04 02:00:00,3.0283333333333338
2022-01-04 02:30:00,2.9299999999999997
2022-01-04 03:00:00,2.966666666666667
2022-01-04 03:30:00,2.9583333333333335
2022-01-04 04:00:00,2.9683333333333333
2022-01-04 04:30:00,2.99
2022-01-04 05:00:00,3.0516666666666663
2022-01-04 05:30:00,3.0883333333333334
2022-01-04 06:00:00,3.105
2022-01-04 06:30:00,3.2133333333333334
2022-01-04 07:00:00,3.31
2022-01-04 07:30:00,3.2883333333333336
2022-01-04 08:00:00,3.203333333333333
2022-01-04 08:30:00,3.11
2022-01-04 09:00:00,3.06
2022-01-04 09:30:00,3.1
2022-01-04 10:00:00,3.1116666666666664
2022-01-04 10:30:00,3.0666666666666664
2022-01-04 11:00:00,3.1233333333333335
2022-01-04 11:30:00,3.2016666666666667
2022-01-04 12:00:00,3.2116666666666664
2022-01-04 12:30:00,3.111666666666667
2022-01-04 13:00:00,3.0733333333333337
2022-01-04 13:30:00,3.151666666666667
2022-01-04 14:00:00,3.1666666666666665
2022-01-04 14:30:00,3.206666666666667
2022-01-04 15:00:00,3.233333333333333
2022-01-04 15:30:00,3.2133333333333334
2022-01-04 16:00:00,3.225
2022-01-04 16:30:00,3.1183333333333336
2022-01-04 17:00:00,3.1016666666666666
2022-01-04 17:30:00,3.0816666666666666
2022-01-04 18:00:00,3.1333333333333333
2022-01-04 18:30:00,3.098333333333333
2022-01-04 19:00:00,3.078333333333333
2022-01-04 19:30:00,3.08
2022-01-04 20:00:00,3.141666666666667
2022-01-04 20:30:00,3.1766666666666663
2022-01-04 21:00:00,3.2216666666666662
2022-01-04 21:30:00,3.225
2022-01-04 22:00:00,3.236666666666667
2022-01-04 22:30:00,3.24
2022-01-04 23:00:00,3.2566666666666664
2022-01-04 23:30:00,3.225
2022-01-05 00:00:00,3.3516666666666666
2022-01-05 00:30:00,3.31
2022-01-05 01:00:00,3.348333333333333
2022-01-05 01:30:00,3.3783333333333334
2022-01-05 02:00:00,3.4150000000000005
2022-01-05 02:30:00,3.403333333333333
2022-01-05 03:00:00,3.401666666666667
2022-01-05 03:30:00,3.43
2022-01-05 04:00:00,3.4766666666666666
2022-01-05 04:30:00,3.44
2022-01-05 05:00:00,3.445
2022-01-05 05:30:00,3.3733333333333335
2022-01-05 06:00:00,3.4433333333333334
2022-01-05 06:30:00,3.4599999999999995
2022-01-05 07:00:00,3.516666666666667
2022-01-05 07:30:00,3.655
2022-01-05 08:00:00,3.7183333333333337
2022-01-05 08:30:00,3.671666666666667
2022-01-05 09:00:00,3.5849999999999995
2022-01-05 09:30:00,3.545
2022-01-05 10:00:00,3.5933333333333333
2022-01-05 10:30:00,3.5316666666666667
2022-01-05 11:00:00,3.405
2022-01-05 11:30:00,3.356666666666667
2022-01-05 12:00:00,3.4433333333333334
2022-01-05 12:30:00,3.4299999999999997
2022-01-05 13:00:00,3.36
2022-01-05 13:30:00,3.268333333333333
2022-01-05 14:00:00,3.2216666666666662
2022-01-05 14:30:00,3.155
2022-01-05 15:00:00,3.0966666666666662
2022-01-05 15:30:00,3.0566666666666666
2022-01-05 16:00:00,3.0416666666666665
2022-01-05 16:30:00,3.106666666666667
2022-01-05 17:00:00,3.1650000000000005
2022-01-05 17:30:00,3.2516666666666665
2022-01-05 18:00:00,3.2550000000000003
2022-01-05 18:30:00,3.3033333333333332
2022-01-05 19:00:00,3.191666666666667
2022-01-05 19:30:00,3.1566666666666663
2022-01-05 20:00:00,3.1199999999999997
2022-01-05 20:30:00,3.1216666666666666
2022-01-05 21:00:00,3.0933333333333337
2022-01-05 21:30:00,3.1483333333333334
2022-01-05 22:00:00,3.143333333333333
2022-01-05 22:30:00,3.215
2022-01-05 23:00:00,3.2099999999999995
2022-01-05 23:30:00,3.236666666666667
2022-01-06 00:00:00,3.2100000000000004
2022-01-06 00:30:00,3.2433333333333336
2022-01-06 01:00:00,3.1933333333333334
2022-01-06 01:30:00,3.231666666666667
2022-01-06 02:00:00,3.1933333333333334
2022-01-06 02:30:00,3.2483333333333335
2022-01-06 03:00:00,3.1999999999999997
2022-01-06 03:30:00,3.216666666666667
2022-01-06 04:00:00,3.1816666666666666
2022-01-06 04:30:00,3.2633333333333336
2022-01-06 05:00:00,3.2433333333333336
2022-01-06 05:30:00,3.2866666666666666
2022-01-06 06:00:00,3.25
2022-01-06 06:30:00,3.2899999999999996
2022-01-06 07:00:00,3.25
2022-01-06 07:30:00,3.2883333333333336
2022-01-06 08:00:00,3.2733333333333334
2022-01-06 08:30:00,3.2283333333333335
2022-01-06 09:00:00,3.236666666666667
2022-01-06 09:30:00,3.1983333333333337
2022-01-06 10:00:00,3.1983333333333337
2022-01-06 10:30:00,3.203333333333333
2022-01-06 11:00:00,3.3183333333333334
2022-01-06 11:30:00,3.3466666666666662
2022-01-06 12:00:00,3.313333333333333
2022-01-06 12:30:00,3.2816666666666667
2022-01-06 13:00:00,3.2583333333333333
2022-01-06 13:30:00,3.2449999999999997
2022-01-06 14:00:00,3.2433333333333336
2022-01-06 14:30:00,3.248333333333333
2022-01-06 15:00:00,3.2933333333333334
2022-01-06 15:30:00,3.3366666666666664
2022-01-06 16:00:00,3.231666666666667
2022-01-06 16:30:00,3.1816666666666666
2022-01-06 17:00:00,3.108333333333333
2022-01-06 17:30:00,3.091666666666667
2022-01-06 18:00:00,3.033333333333333
2022-01-06 18:30:00,3.033333333333333
2022-01-06 19:00:00,3.0083333333333333
2022-01-06 19:30:00,3.098333333333333
2022-01-06 20:00:00,3.091666666666667
2022-01-06 20:30:00,3.125
2022-01-06 21:00:00,3.158333333333333
2022-01-06 21:30:00,3.1999999999999997
2022-01-06 22:00:00,3.19
2022-01-06 22:30:00,3.2016666666666667
2022-01-06 23:00:00,3.2833333333333337
2022-01-06 23:30:00,3.2550000000000003
2022-01-07 00:00:00,3.3233333333333337
2022-01-07 00:30:00,3.216666666666667
2022-01-07 01:00:00,3.158333333333333
2022-01-07 01:30:00,3.188333333333333
2022-01-07 02:00:00,3.203333333333333
2022-01-07 02:30:00,3.2266666666666666
2022-01-07 03:00:00,3.203333333333333
2022-01-07 03:30:00,3.1999999999999997
2022-01-07 04:00:00,3.1933333333333334
2022-01-07 04:30:00,3.24
2022-01-07 05:00:00,3.1983333333333337
2022-01-07 05:30:00,3.1616666666666666
2022-01-07 06:00:00,3.146666666666667
2022-01-07 06:30:00,3.155
2022-01-07 07:00:00,3.1483333333333334
2022-01-07 07:30:00,3.155
2022-01-07 08:00:00,3.045
2022-01-07 08:30:00,3.016666666666667
2022-01-07 09:00:00,3.02
2022-01-07 09:30:00,3.095
2022-01-07 10:00:00,3.095
2022-01-07 10:30:00,3.0566666666666666
2022-01-07 11:00:00,3.0316666666666667
2022-01-07 11:30:00,3.0066666666666664
2022-01-07 12:00:00,3.016666666666667
2022-01-07 12:30:00,2.9450000000000003
2022-01-07 13:00:00,2.855
2022-01-07 13:30:00,2.9616666666666664
2022-01-07 14:00:00,2.921666666666667
2022-01-07 14:30:00,2.91
2022-01-07 15:00:00,2.893333333333333
2022-01-07 15:30:00,2.9
2022-01-07 16:00:00,2.9066666666666667
2022-01-07 16:30:00,2.9966666666666666
2022-01-07 17:00:00,2.9433333333333334
2022-01-07 17:30:00,3.016666666666667
2022-01-07 18:00:00,3.063333333333333
2022-01-07 18:30:00,3.046666666666667
2022-01-07 19:00:00,2.985
2022-01-07 19:30:00,3.013333333333333
2022-01-07 20:00:00,2.998333333333333
2022-01-07 20:30:00,3.02
2022-01-07 21:00:00,3.0700000000000003
2022-01-07 21:30:00,3.0766666666666667
2022-01-07 22:00:00,3.1
2022-01-07 22:30:00,3.315
2022-01-07 23:00:00,3.4599999999999995
2022-01-07 23:30:00,3.4983333333333335
2022-01-08 00:00:00,3.5483333333333333
2022-01-08 00:30:00,3.4483333333333337
2022-01-08 01:00:00,3.53
2022-01-08 01:30:00,3.535
2022-01-08 02:00:00,3.5216666666666665
2022-01-08 02:30:00,3.4583333333333335
2022-01-08 03:00:00,3.3683333333333336
2022-01-08 03:30:00,3.356666666666667
2022-01-08 04:00:00,3.331666666666667
2022-01-08 04:30:00,3.293333333333333
2022-01-08 05:00:00,3.391666666666667
2022-01-08 05:30:00,3.33
2022-01-08 06:00:00,3.3016666666666663
2022-01-08 06:30:00,3.3000000000000003
2022-01-08 07:00:00,3.3383333333333334
2022-01-08 07:30:00,3.356666666666667
2022-01-08 08:00:00,3.4
2022-01-08 08:30:00,3.388333333333333
2022-01-08 09:00:00,3.3183333333333334
2022-01-08 09:30:00,3.2600000000000002
2022-01-08 10:00:00,3.1583333333333337
2022-01-08 10:30:00,3.063333333333333
2022-01-08 11:00:00,3.098333333333333
2022-01-08 11:30:00,3.0933333333333333
2022-01-08 12:00:00,3.106666666666667
2022-01-08 12:30:00,3.11
2022-01-08 13:00:00,3.0133333333333336
2022-01-08 13:30:00,2.9949999999999997
2022-01-08 14:00:00,3.063333333333333
2022-01-08 14:30:00,3.0683333333333334
2022-01-08 15:00:00,3.0866666666666664
2022-01-08 15:30:00,3.0933333333333333
2022-01-08 16:00:00,3.1283333333333334
2022-01-08 16:30:00,3.095
2022-01-08 17:00:00,3.1216666666666666
2022-01-08 17:30:00,3.0483333333333333
2022-01-08 18:00:00,3.105
2022-01-08 18:30:00,3.081666666666667
2022-01-08 19:00:00,3.0433333333333334
2022-01-08 19:30:00,3.0066666666666664
2022-01-08 20:00:00,3.0066666666666664
2022-01-08 20:30:00,3.0316666666666667
2022-01-08 21:00:00,3.0083333333333333
2022-01-08 21:30:00,3.03
2022-01-08 22:00:00,3.158333333333333
2022-01-08 22:30:00,3.216666666666667
2022-01-08 23:00:00,3.225
2022-01-08 23:30:00,3.171666666666667
2022-01-09 00:00:00,3.2783333333333338
2022-01-09 00:30:00,3.285
2022-01-09 01:00:00,3.2483333333333335
2022-01-09 01:30:00,3.2449999999999997
2022-01-09 02:00:00,3.2550000000000003
2022-01-09 02:30:00,3.2533333333333334
2022-01-09 03:00:00,3.1833333333333336
2022-01-09 03:30:00,3.235
2022-01-09 04:00:00,3.205
2022-01-09 04:30:00,3.1966666666666668
2022-01-09 05:00:00,3.2133333333333334
2022-01-09 05:30:00,3.24
2022-01-09 06:00:00,3.3233333333333337
2022-01-09 06:30:00,3.3516666666666666
2022-01-09 07:00:00,3.3949999999999996
2022-01-09 07:30:00,3.5566666666666666
2022-01-09 08:00:00,3.5833333333333335
2022-01-09 08:30:00,3.7933333333333334
2022-01-09 09:00:00,3.73
2022-01-09 09:30:00,3.5866666666666664
2022-01-09 10:00:00,3.64
2022-01-09 10:30:00,3.5583333333333336
2022-01-09 11:00:00,3.473333333333333
2022-01-09 11:30:00,3.418333333333333
2022-01-09 12:00:00,3.3616666666666664
2022-01-09 12:30:00,3.3699999999999997
2022-01-09 13:00:00,3.3183333333333334
2022-01-09 13:30:00,3.308333333333333
2022-01-09 14:00:00,3.2733333333333334
2022-01-09 14:30:00,3.3550000000000004
2022-01-09 15:00:00,3.3249999999999997
2022-01-09 15:30:00,3.283333333333333
2022-01-09 16:00:00,3.348333333333333
2022-01-09 16:30:00,3.2716666666666665
2022-01-09 17:00:00,3.2383333333333333
2022-01-09 17:30:00,3.1333333333333333
2022-01-09 18:00:00,3.1533333333333338
2022-01-09 18:30:00,3.125
2022-01-09 19:00:00,3.15
2022-01-09 19:30:00,3.1683333333333334
2022-01-09 20:00:00,3.19
2022-01-09 20:30:00,3.1466666666666665
2022-01-09 21:00:00,3.2399999999999998
2022-01-09 21:30:00,3.155
2022-01-09 22:00:00,3.1199999999999997
2022-01-09 22:30:00,3.2516666666666665
2022-01-09 23:00:00,3.2733333333333334
2022-01-09 23:30:00,3.2266666666666666
2022-01-10 00:00:00,3.24
2022-01-10 00:30:00,3.2099999999999995
2022-01-10 01:00:00,3.145
2022-01-10 01:30:00,3.1833333333333336
2022-01-10 02:00:00,3.1616666666666666
2022-01-10 02:30:00,3.1783333333333332
2022-01-10 03:00:00,3.1300000000000003
2022-01-10 03:30:00,3.1016666666666666
2022-01-10 04:00:00,3.0816666666666666
2022-01-10 04:30:00,3.1166666666666667
2022-01-10 05:00:00,3.0833333333333335
2022-01-10 05:30:00,3.0416666666666665
2022-01-10 06:00:00,3.11
2022-01-10 06:30:00,3.19
2022-01-10 07:00:00,3.205
2022-01-10 07:30:00,3.265
2022-01-10 08:00:00,3.206666666666667
2022-01-10 08:30:00,3.091666666666667
2022-01-10 09:00:00,3.135
2022-01-10 09:30:00,3.0083333333333333
2022-01-10 10:00:00,2.953333333333333
2022-01-10 10:30:00,2.9283333333333332
2022-01-10 11:00:00,2.883333333333333
2022-01-10 11:30:00,2.85
2022-01-10 12:00:00,2.81
2022-01-10 12:30:00,2.9133333333333336
2022-01-10 13:00:00,2.8333333333333335
2022-01-10 13:30:00,2.8649999999999998
2022-01-10 14:00:00,2.8716666666666666
2022-01-10 14:30:00,2.9033333333333338
2022-01-10 15:00:00,2.9
2022-01-10 15:30:00,2.973333333333333
2022-01-10 16:00:00,2.965
2022-01-10 16:30:00,2.9499999999999997
2022-01-10 17:00:00,3.091666666666667
2022-01-10 17:30:00,2.9433333333333334
2022-01-10 18:00:00,2.91
2022-01-10 18:30:00,2.9416666666666664
2022-01-10 19:00:00,2.9283333333333332
2022-01-10 19:30:00,2.9233333333333333
2022-01-10 20:00:00,2.893333333333333
2022-01-10 20:30:00,2.9499999999999997
2022-01-10 21:00:00,2.908333333333333
2022-01-10 21:30:00,2.828333333333333
2022-01-10 22:00:00,2.845
2022-01-10 22:30:00,3.0383333333333336
2022-01-10 23:00:00,3.0
2022-01-10 23:30:00,3.0366666666666666
2022-01-11 00:00:00,2.966666666666667
2022-01-11 00:30:00,3.0216666666666665
2022-01-11 01:00:00,3.025
2022-01-11 01:30:00,3.063333333333333
2022-01-11 02:00:00,3.1283333333333334
2022-01-11 02:30:00,3.1133333333333333
2022-01-11 03:00:00,3.0549999999999997
2022-01-11 03:30:00,3.0516666666666663
2022-01-11 04:00:00,3.1166666666666667
2022-01-11 04:30:00,3.1300000000000003
2022-01-11 05:00:00,3.155
2022-01-11 05:30:00,3.1666666666666665
2022-01-11 06:00:00,3.2216666666666662
2022-01-11 06:30:00,3.2066666666666666
2022-01-11 07:00:00,3.3183333333333334
2022-01-11 07:30:00,3.3466666666666662
2022-01-11 08:00:00,3.28
2022-01-11 08:30:00,3.27
2022-01-11 09:00:00,3.2616666666666667
2022-01-11 09:30:00,4.595
2022-01-11 10:00:00,4.673333333333333
2022-01-11 10:30:00,3.313333333333333
2022-01-11 11:00:00,3.231666666666667
2022-01-11 11:30:00,3.2300000000000004
2022-01-11 12:00:00,3.2416666666666667
2022-01-11 12:30:00,3.2883333333333336
2022-01-11 13:00:00,3.155
2022-01-11 13:30:00,3.2416666666666667
2022-01-11 14:00:00,3.27
2022-01-11 14:30:00,3.231666666666667
2022-01-11 15:00:00,3.2216666666666662
2022-01-11 15:30:00,3.223333333333333
2022-01-11 16:00:00,3.3516666666666666
2022-01-11 16:30:00,3.4250000000000003
2022-01-11 17:00:00,3.3633333333333333
2022-01-11 17:30:00,3.348333333333333
2022-01-11 18:00:00,3.4250000000000003
2022-01-11 18:30:00,3.328333333333333
2022-01-11 19:00:00,3.35
2022-01-11 19:30:00,3.34
2022-01-11 20:00:00,3.385
2022-01-11 20:30:00,3.405
2022-01-11 21:00:00,3.435
2022-01-11 21:30:00,3.4033333333333338
2022-01-11 22:00:00,3.516666666666667
2022-01-11 22:30:00,3.5766666666666667
2022-01-11 23:00:00,3.5700000000000003
2022-01-11 23:30:00,3.5766666666666667
2022-01-12 00:00:00,3.611666666666667
2022-01-12 00:30:00,3.533333333333333
2022-01-12 01:00:00,3.486666666666667
2022-01-12 01:30:00,3.5216666666666665
2022-01-12 02:00:00,3.598333333333333
2022-01-12 02:30:00,3.635
2022-01-12 03:00:00,3.6199999999999997
2022-01-12 03:30:00,3.591666666666667
2022-01-12 04:00:00,3.5749999999999997
2022-01-12 04:30:00,3.56
2022-01-12 05:00:00,3.516666666666667
2022-01-12 05:30:00,3.491666666666667
2022-01-12 06:00:00,3.52
2022-01-12 06:30:00,3.5199999999999996
2022-01-12 07:00:00,3.526666666666667
2022-01-12 07:30:00,3.5866666666666664
2022-01-12 08:00:00,3.61
2022-01-12 08:30:00,3.546666666666667
2022-01-12 09:00:00,3.6
2022-01-12 09:30:00,3.48
2022-01-12 10:00:00,3.465
2022-01-12 10:30:00,3.49
2022-01-12 11:00:00,3.391666666666666
2022-01-12 11:30:00,3.375
2022-01-12 12:00:00,3.4
2022-01-12 12:30:00,3.47
2022-01-12 13:00:00,3.385
2022-01-12 13:30:00,3.535
2022-01-12 14:00:00,3.5583333333333336
2022-01-12 14:30:00,3.535
2022-01-12 15:00:00,3.5483333333333333
2022-01-12 15:30:00,3.5066666666666664
2022-01-12 16:00:00,3.3983333333333334
2022-01-12 16:30:00,3.4499999999999997
2022-01-12 17:00:00,3.485
2022-01-12 17:30:00,3.501666666666667
2022-01-12 18:00:00,3.581666666666667
2022-01-12 18:30:00,3.533333333333333
2022-01-12 19:00:00,3.486666666666667
2022-01-12 19:30:00,3.5666666666666664
2022-01-12 20:00:00,3.6783333333333332
2022-01-12 20:30:00,3.6799999999999997
2022-01-12 21:00:00,3.651666666666667
2022-01-12 21:30:00,3.651666666666667
2022-01-12 22:00:00,3.581666666666667
2022-01-12 22:30:00,3.563333333333333
2022-01-12 23:00:00,3.5500000000000003
2022-01-12 23:30:00,3.535
2022-01-13 00:00:00,3.545
2022-01-13 00:30:00,3.651666666666667
2022-01-13 01:00:00,3.5816666666666666
2022-01-13 01:30:00,3.56
2022-01-13 02:00:00,3.591666666666667
2022-01-13 02:30:00,3.6166666666666667
2022-01-13 03:00:00,3.5416666666666665
2022-01-13 03:30:00,3.49
2022-01-13 04:00:00,3.526666666666667
2022-01-13 04:30:00,3.518333333333333
2022-01-13 05:00:00,3.5066666666666664
2022-01-13 05:30:00,3.5366666666666666
2022-01-13 06:00:00,3.6166666666666667
2022-01-13 06:30:00,3.626666666666667
2022-01-13 07:00:00,3.638333333333333
2022-01-13 07:30:00,3.7583333333333333
2022-01-13 08:00:00,3.8333333333333335
2022-01-13 08:30:00,3.81
2022-01-13 09:00:00,3.86
2022-01-13 09:30:00,3.8033333333333332
2022-01-13 10:00:00,3.796666666666667
2022-01-13 10:30:00,3.7916666666666665
2022-01-13 11:00:00,3.8016666666666663
2022-01-13 11:30:00,3.8366666666666664
2022-01-13 12:00:00,3.8049999999999997
2022-01-13 12:30:00,3.768333333333333
2022-01-13 13:00:00,3.766666666666666
2022-01-13 13:30:00,3.7783333333333338
2022-01-13 14:00:00,3.7983333333333333
2022-01-13 14:30:00,3.7550000000000003
2022-01-13 15:00:00,3.848333333333333
2022-01-13 15:30:00,3.8200000000000003
2022-01-13 16:00:00,3.82
2022-01-13 16:30:00,3.766666666666667
2022-01-13 17:00:00,3.598333333333333
2022-01-13 17:30:00,3.5666666666666664
2022-01-13 18:00:00,3.635
2022-01-13 18:30:00,3.606666666666667
2022-01-13 19:00:00,3.573333333333333
2022-01-13 19:30:00,3.59
2022-01-13 20:00:00,3.5033333333333334
2022-01-13 20:30:00,3.498333333333333
2022-01-13 21:00:00,3.513333333333333
2022-01-13 21:30:00,3.5216666666666665
2022-01-13 22:00:00,3.4749999999999996
2022-01-13 22:30:00,3.5199999999999996
2022-01-13 23:00:00,3.591666666666667
2022-01-13 23:30:00,3.651666666666667
2022-01-14 00:00:00,3.5866666666666664
2022-01-14 00:30:00,3.72
2022-01-14 01:00:00,3.566666666666667
2022-01-14 01:30:00,3.6616666666666666
2022-01-14 02:00:00,3.5400000000000005
2022-01-14 02:30:00,3.5050000000000003
2022-01-14 03:00:00,3.526666666666667
2022-01-14 03:30:00,3.4966666666666666
2022-01-14 04:00:00,3.48
2022-01-14 04:30:00,3.5116666666666667
2022-01-14 05:00:00,3.475
2022-01-14 05:30:00,3.4599999999999995
2022-01-14 06:00:00,3.473333333333333
2022-01-14 06:30:00,3.526666666666667
2022-01-14 07:00:00,3.533333333333333
2022-01-14 07:30:00,3.671666666666667
2022-01-14 08:00:00,3.7383333333333333
2022-01-14 08:30:00,3.763333333333333
2022-01-14 09:00:00,3.6783333333333332
2022-01-14 09:30:00,3.518333333333333
2022-01-14 10:00:00,3.4633333333333334
2022-01-14 10:30:00,3.4083333333333337
2022-01-14 11:00:00,3.418333333333333
2022-01-14 11:30:00,3.48
2022-01-14 12:00:00,3.4266666666666663
2022-01-14 12:30:00,3.485
2022-01-14 13:00:00,3.4583333333333335
2022-01-14 13:30:00,3.4916666666666667
2022-01-14 14:00:00,3.5083333333333333
2022-01-14 14:30:00,3.4483333333333337
2022-01-14 15:00:00,3.4883333333333333
2022-01-14 15:30:00,3.3666666666666667
2022-01-14 16:00:00,3.2533333333333334
2022-01-14 16:30:00,3.341666666666667
2022-01-14 17:00:00,3.23
2022-01-14 17:30:00,3.2533333333333334
2022-01-14 18:00:00,3.3833333333333333
2022-01-14 18:30:00,3.4450000000000003
2022-01-14 19:00:00,3.393333333333333
2022-01-14 19:30:00,3.3433333333333337
2022-01-14 20:00:00,3.3666666666666667
2022-01-14 20:30:00,3.3783333333333334
2022-01-14 21:00:00,3.391666666666667
2022-01-14 21:30:00,3.3800000000000003
2022-01-14 22:00:00,3.4166666666666665
2022-01-14 22:30:00,3.515
2022-01-14 23:00:00,3.526666666666667
2022-01-14 23:30:00,3.5116666666666667
2022-01-15 00:00:00,3.4316666666666666
2022-01-15 00:30:00,3.5316666666666667
2022-01-15 01:00:00,3.551666666666667
2022-01-15 01:30:00,3.563333333333333
2022-01-15 02:00:00,3.6350000000000002
2022-01-15 02:30:00,3.7383333333333333
2022-01-15 03:00:00,3.78
2022-01-15 03:30:00,3.6350000000000002
2022-01-15 04:00:00,3.643333333333333
2022-01-15 04:30:00,3.6666666666666665
2022-01-15 05:00:00,3.6466666666666665
2022-01-15 05:30:00,3.625
2022-01-15 06:00:00,3.6199999999999997
2022-01-15 06:30:00,3.7266666666666666
2022-01-15 07:00:00,3.8000000000000003
2022-01-15 07:30:00,3.801666666666667
2022-01-15 08:00:00,3.768333333333333
2022-01-15 08:30:00,3.918333333333333
2022-01-15 09:00:00,4.0216666666666665
2022-01-15 09:30:00,3.7816666666666667
2022-01-15 10:00:00,3.6483333333333334
2022-01-15 10:30:00,3.5116666666666667
2022-01-15 11:00:00,3.436666666666667
2022-01-15 11:30:00,3.42
2022-01-15 12:00:00,3.3333333333333335
2022-01-15 12:30:00,3.405
2022-01-15 13:00:00,3.31
2022-01-15 13:30:00,3.268333333333333
2022-01-15 14:00:00,3.2816666666666663
2022-01-15 14:30:00,3.3249999999999997
2022-01-15 15:00:00,3.285
2022-01-15 15:30:00,3.3850000000000002
2022-01-15 16:00:00,3.3049999999999997
2022-01-15 16:30:00,3.3183333333333334
2022-01-15 17:00:00,3.31
2022-01-15 17:30:00,3.3333333333333335
2022-01-15 18:00:00,3.223333333333333
2022-01-15 18:30:00,3.26
2022-01-15 19:00:00,3.1983333333333337
2022-01-15 19:30:00,3.2133333333333334
2022-01-15 20:00:00,3.186666666666667
2022-01-15 20:30:00,3.1750000000000003
2022-01-15 21:00:00,3.1999999999999997
2022-01-15 21:30:00,3.1733333333333333
2022-01-15 22:00:00,3.138333333333333
2022-01-15 22:30:00,3.08
2022-01-15 23:00:00,3.2633333333333336
2022-01-15 23:30:00,3.1133333333333333
2022-01-16 00:00:00,3.1366666666666667
2022-01-16 00:30:00,3.215
2022-01-16 01:00:00,3.216666666666667
2022-01-16 01:30:00,3.2900000000000005
2022-01-16 02:00:00,3.356666666666667
2022-01-16 02:30:00,3.366666666666667
2022-01-16 03:00:00,3.4316666666666666
2022-01-16 03:30:00,3.305
2022-01-16 04:00:00,3.35
2022-01-16 04:30:00,3.293333333333333
2022-01-16 05:00:00,3.3033333333333332
2022-01-16 05:30:00,3.3183333333333334
2022-01-16 06:00:00,3.311666666666667
2022-01-16 06:30:00,3.2899999999999996
2022-01-16 07:00:00,3.345
2022-01-16 07:30:00,3.4600000000000004
2022-01-16 08:00:00,3.5
2022-01-16 08:30:00,3.39
2022-01-16 09:00:00,3.4
2022-01-16 09:30:00,3.4166666666666665
2022-01-16 10:00:00,3.35
2022-01-16 10:30:00,3.345
2022-01-16 11:00:00,3.3516666666666666
2022-01-16 11:30:00,3.4600000000000004
2022-01-16 12:00:00,3.31
2022-01-16 12:30:00,3.408333333333333
2022-01-16 13:00:00,3.66
2022-01-16 13:30:00,3.606666666666667
2022-01-16 14:00:00,3.471666666666667
2022-01-16 14:30:00,3.56
2022-01-16 15:00:00,3.5883333333333334
2022-01-16 15:30:00,3.5399999999999996
2022-01-16 16:00:00,3.513333333333333
2022-01-16 16:30:00,3.4
2022-01-16 17:00:00,3.5383333333333336
2022-01-16 17:30:00,3.4116666666666666
2022-01-16 18:00:00,3.546666666666667
2022-01-16 18:30:00,3.5766666666666667
2022-01-16 19:00:00,3.615
2022-01-16 19:30:00,3.465
2022-01-16 20:00:00,3.483333333333333
2022-01-16 20:30:00,3.4949999999999997
2022-01-16 21:00:00,3.5666666666666664
2022-01-16 21:30:00,3.578333333333333
2022-01-16 22:00:00,3.6016666666666666
2022-01-16 22:30:00,3.6033333333333335
2022-01-16 23:00:00,3.7466666666666666
2022-01-16 23:30:00,3.7016666666666667
2022-01-17 00:00:00,3.7616666666666667
2022-01-17 00:30:00,3.875
2022-01-17 01:00:00,3.8299999999999996
2022-01-17 01:30:00,3.7783333333333338
2022-01-17 02:00:00,4.156666666666667
2022-01-17 02:30:00,4.326666666666667
2022-01-17 03:00:00,4.378333333333333
2022-01-17 03:30:00,4.681666666666667
2022-01-17 04:00:00,4.508333333333334
2022-01-17 04:30:00,4.1499999999999995
2022-01-17 05:00:00,3.8866666666666667
2022-01-17 05:30:00,3.7899999999999996
2022-01-17 06:00:00,3.7583333333333333
2022-01-17 06:30:00,3.8616666666666664
2022-01-17 07:00:00,3.91
2022-01-17 07:30:00,3.645
2022-01-17 08:00:00,3.9416666666666664
2022-01-17 08:30:00,4.198333333333333
2022-01-17 09:00:00,4.121666666666667
2022-01-17 09:30:00,4.026666666666666
2022-01-17 10:00:00,3.395
2022-01-17 10:30:00,3.34
2022-01-17 11:00:00,3.313333333333333
2022-01-17 11:30:00,3.295
2022-01-17 12:00:00,3.315
2022-01-17 12:30:00,3.3166666666666664
2022-01-17 13:00:00,3.301666666666667
2022-01-17 13:30:00,3.2783333333333338
2022-01-17 14:00:00,3.498333333333333
2022-01-17 14:30:00,3.3766666666666665
2022-01-17 15:00:00,3.353333333333333
2022-01-17 15:30:00,3.4033333333333338
2022-01-17 16:00:00,3.3183333333333334
2022-01-17 16:30:00,3.3766666666666665
2022-01-17 17:00:00,3.3216666666666668
2022-01-17 17:30:00,3.296666666666667
2022-01-17 18:00:00,3.3383333333333334
2022-01-17 18:30:00,3.341666666666667
2022-01-17 19:00:00,3.3983333333333334
2022-01-17 19:30:00,3.4983333333333335
2022-01-17 20:00:00,3.485
2022-01-17 20:30:00,3.5
2022-01-17 21:00:00,3.561666666666667
2022-01-17 21:30:00,3.6216666666666666
2022-01-17 22:00:00,3.578333333333333
2022-01-17 22:30:00,3.5716666666666668
2022-01-17 23:00:00,3.5933333333333333
2022-01-17 23:30:00,3.6750000000000003
2022-01-18 00:00:00,3.6299999999999994
2022-01-18 00:30:00,3.6149999999999998
2022-01-18 01:00:00,3.606666666666667
2022-01-18 01:30:00,3.7183333333333333
2022-01-18 02:00:00,3.5516666666666663
2022-01-18 02:30:00,3.52
2022-01-18 03:00:00,3.565
2022-01-18 03:30:00,3.6199999999999997
2022-01-18 04:00:00,3.638333333333333
2022-01-18 04:30:00,3.486666666666667
2022-01-18 05:00:00,3.466666666666667
2022-01-18 05:30:00,3.4450000000000003
2022-01-18 06:00:00,3.4299999999999997
2022-01-18 06:30:00,3.4149999999999996
2022-01-18 07:00:00,3.4916666666666667
2022-01-18 07:30:00,3.513333333333333
2022-01-18 08:00:00,3.435
2022-01-18 08:30:00,3.3983333333333334
2022-01-18 09:00:00,3.4583333333333335
2022-01-18 09:30:00,3.3649999999999998
2022-01-18 10:00:00,3.305
2022-01-18 10:30:00,3.266666666666666
2022-01-18 11:00:00,3.355
2022-01-18 11:30:00,3.3966666666666665
2022-01-18 12:00:00,3.3516666666666666
2022-01-18 12:30:00,3.3433333333333337
2022-01-18 13:00:00,3.3699999999999997
2022-01-18 13:30:00,3.515
2022-01-18 14:00:00,3.668333333333333
2022-01-18 14:30:00,3.6999999999999997
2022-01-18 15:00:00,3.8466666666666662
2022-01-18 15:30:00,3.965
2022-01-18 16:00:00,3.9249999999999994
2022-01-18 16:30:00,3.848333333333333
2022-01-18 17:00:00,3.768333333333333
2022-01-18 17:30:00,3.7166666666666663
2022-01-18 18:00:00,3.766666666666666
2022-01-18 18:30:00,3.8350000000000004
2022-01-18 19:00:00,3.76
2022-01-18 19:30:00,3.723333333333333
2022-01-18 20:00:00,3.723333333333333
2022-01-18 20:30:00,3.705
2022-01-18 21:00:00,3.8183333333333334
2022-01-18 21:30:00,3.8216666666666668
2022-01-18 22:00:00,3.775
2022-01-18 22:30:00,3.9283333333333332
2022-01-18 23:00:00,3.905
2022-01-18 23:30:00,3.8783333333333334
2022-01-19 00:00:00,3.8216666666666668
2022-01-19 00:30:00,3.865
2022-01-19 01:00:00,3.698333333333333
2022-01-19 01:30:00,3.6733333333333333
2022-01-19 02:00:00,3.7183333333333337
2022-01-19 02:30:00,3.7816666666666667
2022-01-19 03:00:00,3.7866666666666666
2022-01-19 03:30:00,3.7566666666666664
2022-01-19 04:00:00,3.7433333333333336
2022-01-19 04:30:00,3.7066666666666666
2022-01-19 05:00:00,3.6833333333333336
2022-01-19 05:30:00,3.688333333333333
2022-01-19 06:00:00,3.671666666666667
2022-01-19 06:30:00,3.6449999999999996
2022-01-19 07:00:00,3.6566666666666663
2022-01-19 07:30:00,3.7416666666666667
2022-01-19 08:00:00,3.686666666666667
2022-01-19 08:30:00,3.9183333333333334
2022-01-19 09:00:00,3.5666666666666664
2022-01-19 09:30:00,3.5216666666666665
2022-01-19 10:00:00,3.5033333333333334
2022-01-19 10:30:00,3.4516666666666667
2022-01-19 11:00:00,3.405
2022-01-19 11:30:00,3.341666666666667
2022-01-19 12:00:00,3.283333333333333
2022-01-19 12:30:00,3.27
2022-01-19 13:00:00,3.2516666666666665
2022-01-19 13:30:00,3.25
2022-01-19 14:00:00,3.285
2022-01-19 14:30:00,3.2383333333333333
2022-01-19 15:00:00,3.225
2022-01-19 15:30:00,3.215
2022-01-19 16:00:00,3.276666666666667
2022-01-19 16:30:00,3.236666666666667
2022-01-19 17:00:00,3.275
2022-01-19 17:30:00,3.3000000000000003
2022-01-19 18:00:00,3.36
2022-01-19 18:30:00,3.345
2022-01-19 19:00:00,3.271666666666667
2022-01-19 19:30:00,3.2900000000000005
2022-01-19 20:00:00,3.361666666666667
2022-01-19 20:30:00,3.3516666666666666
2022-01-19 21:00:00,3.4516666666666667
2022-01-19 21:30:00,3.535
2022-01-19 22:00:00,3.561666666666667
2022-01-19 22:30:00,3.676666666666667
2022-01-19 23:00:00,3.748333333333333
2022-01-19 23:30:00,3.7099999999999995
2022-01-20 00:00:00,3.795
2022-01-20 00:30:00,3.7216666666666662
2022-01-20 01:00:00,3.7100000000000004
2022-01-20 01:30:00,3.638333333333333
2022-01-20 02:00:00,3.7016666666666667
2022-01-20 02:30:00,3.7100000000000004
2022-01-20 03:00:00,3.7266666666666666
2022-01-20 03:30:00,3.7266666666666666
2022-01-20 04:00:00,3.7083333333333335
2022-01-20 04:30:00,3.731666666666667
2022-01-20 05:00:00,3.733333333333333
2022-01-20 05:30:00,3.7583333333333333
2022-01-20 06:00:00,3.783333333333333
2022-01-20 06:30:00,3.8016666666666663
2022-01-20 07:00:00,3.901666666666667
2022-01-20 07:30:00,3.9183333333333334
2022-01-20 08:00:00,4.023333333333333
2022-01-20 08:30:00,3.953333333333333
2022-01-20 09:00:00,3.97
2022-01-20 09:30:00,3.9283333333333332
2022-01-20 10:00:00,3.9466666666666668
2022-01-20 10:30:00,3.8783333333333334
2022-01-20 11:00:00,3.973333333333333
2022-01-20 11:30:00,4.0249999999999995
2022-01-20 12:00:00,3.971666666666667
2022-01-20 12:30:00,3.8733333333333335
2022-01-20 13:00:00,3.8516666666666666
2022-01-20 13:30:00,3.9233333333333333
2022-01-20 14:00:00,3.953333333333333
2022-01-20 14:30:00,3.9433333333333334
2022-01-20 15:00:00,3.9966666666666666
2022-01-20 15:30:00,4.0216666666666665
2022-01-20 16:00:00,4.006666666666667
2022-01-20 16:30:00,3.9516666666666667
2022-01-20 17:00:00,3.91
2022-01-20 17:30:00,3.268333333333333
2022-01-20 18:00:00,3.3183333333333334
2022-01-20 18:30:00,3.345
2022-01-20 19:00:00,3.3716666666666666
2022-01-20 19:30:00,3.3983333333333334
2022-01-20 20:00:00,3.516666666666667
2022-01-20 20:30:00,3.57
2022-01-20 21:00:00,3.6
2022-01-20 21:30:00,3.626666666666667
2022-01-20 22:00:00,3.6750000000000003
2022-01-20 22:30:00,3.598333333333333
2022-01-20 23:00:00,3.6816666666666666
2022-01-20 23:30:00,3.5866666666666664
2022-01-21 00:00:00,3.545
2022-01-21 00:30:00,3.486666666666667
2022-01-21 01:00:00,3.4633333333333334
2022-01-21 01:30:00,3.418333333333333
2022-01-21 02:00:00,3.3983333333333334
2022-01-21 02:30:00,3.473333333333333
2022-01-21 03:00:00,3.4466666666666668
2022-01-21 03:30:00,3.4466666666666668
2022-01-21 04:00:00,3.486666666666667
2022-01-21 04:30:00,3.48
2022-01-21 05:00:00,3.465
2022-01-21 05:30:00,3.435
2022-01-21 06:00:00,3.5
2022-01-21 06:30:00,3.5233333333333334
2022-01-21 07:00:00,3.501666666666667
2022-01-21 07:30:00,3.5833333333333335
2022-01-21 08:00:00,3.5366666666666666
2022-01-21 08:30:00,3.5583333333333336
2022-01-21 09:00:00,3.5833333333333335
2022-01-21 09:30:00,3.5083333333333333
2022-01-21 10:00:00,3.36
2022-01-21 10:30:00,3.248333333333333
2022-01-21 11:00:00,3.2883333333333336
2022-01-21 11:30:00,3.296666666666667
2022-01-21 12:00:00,3.35
2022-01-21 12:30:00,3.3266666666666667
2022-01-21 13:00:00,3.251666666666667
2022-01-21 13:30:00,3.2433333333333336
2022-01-21 14:00:00,3.248333333333333
2022-01-21 14:30:00,3.373333333333333
2022-01-21 15:00:00,3.3216666666666668
2022-01-21 15:30:00,3.296666666666667
2022-01-21 16:00:00,3.315
2022-01-21 16:30:00,3.5033333333333334
2022-01-21 17:00:00,3.52
2022-01-21 17:30:00,3.4250000000000003
2022-01-21 18:00:00,3.348333333333333
2022-01-21 18:30:00,3.375
2022-01-21 19:00:00,3.3216666666666668
2022-01-21 19:30:00,3.348333333333333
2022-01-21 20:00:00,3.251666666666667
2022-01-21 20:30:00,3.276666666666667
2022-01-21 21:00:00,3.2883333333333336
2022-01-21 21:30:00,3.313333333333333
2022-01-21 22:00:00,3.3016666666666663
2022-01-21 22:30:00,3.315
2022-01-21 23:00:00,3.3316666666666666
2022-01-21 23:30:00,3.3516666666666666
2022-01-22 00:00:00,3.2783333333333338
2022-01-22 00:30:00,3.2183333333333333
2022-01-22 01:00:00,3.225
2022-01-22 01:30:00,3.17
2022-01-22 02:00:00,3.1916666666666664
2022-01-22 02:30:00,3.2733333333333334
2022-01-22 03:00:00,3.203333333333333
2022-01-22 03:30:00,3.265
2022-01-22 04:00:00,3.276666666666667
2022-01-22 04:30:00,3.3183333333333334
2022-01-22 05:00:00,3.26
2022-01-22 05:30:00,3.24
2022-01-22 06:00:00,3.2283333333333335
2022-01-22 06:30:00,3.251666666666667
2022-01-22 07:00:00,3.215
2022-01-22 07:30:00,3.235
2022-01-22 08:00:00,3.331666666666667
2022-01-22 08:30:00,3.2616666666666667
2022-01-22 09:00:00,3.23
2022-01-22 09:30:00,3.2100000000000004
2022-01-22 10:00:00,3.091666666666667
2022-01-22 10:30:00,3.0849999999999995
2022-01-22 11:00:00,3.065
2022-01-22 11:30:00,3.025
2022-01-22 12:00:00,2.9633333333333334
2022-01-22 12:30:00,2.9716666666666662
2022-01-22 13:00:00,2.9633333333333334
2022-01-22 13:30:00,2.938333333333333
2022-01-22 14:00:00,2.9233333333333333
2022-01-22 14:30:00,2.9783333333333335
2022-01-22 15:00:00,3.0116666666666667
2022-01-22 15:30:00,2.9583333333333335
2022-01-22 16:00:00,2.9333333333333336
2022-01-22 16:30:00,2.9966666666666666
2022-01-22 17:00:00,2.8699999999999997
2022-01-22 17:30:00,2.8766666666666665
2022-01-22 18:00:00,2.8049999999999997
2022-01-22 18:30:00,2.816666666666667
2022-01-22 19:00:00,2.795
2022-01-22 19:30:00,2.8166666666666664
2022-01-22 20:00:00,2.8516666666666666
2022-01-22 20:30:00,2.86
2022-01-22 21:00:00,2.891666666666667
2022-01-22 21:30:00,2.9299999999999997
2022-01-22 22:00:00,3.01
2022-01-22 22:30:00,3.09
2022-01-22 23:00:00,3.1016666666666666
2022-01-22 23:30:00,3.1216666666666666
2022-01-23 00:00:00,3.0233333333333334
2022-01-23 00:30:00,2.98
2022-01-23 01:00:00,2.975
2022-01-23 01:30:00,3.028333333333333
2022-01-23 02:00:00,2.9949999999999997
2022-01-23 02:30:00,3.0133333333333336
2022-01-23 03:00:00,3.0399999999999996
2022-01-23 03:30:00,3.061666666666667
2022-01-23 04:00:00,3.063333333333334
2022-01-23 04:30:00,3.143333333333333
2022-01-23 05:00:00,3.1300000000000003
2022-01-23 05:30:00,3.08
2022-01-23 06:00:00,3.0533333333333332
2022-01-23 06:30:00,3.065
2022-01-23 07:00:00,3.1216666666666666
2022-01-23 07:30:00,3.168333333333333
2022-01-23 08:00:00,3.1033333333333335
2022-01-23 08:30:00,3.0866666666666664
2022-01-23 09:00:00,3.155
2022-01-23 09:30:00,3.0683333333333334
2022-01-23 10:00:00,2.9916666666666667
2022-01-23 10:30:00,2.9783333333333335
2022-01-23 11:00:00,2.92
2022-01-23 11:30:00,2.8499999999999996
2022-01-23 12:00:00,2.8716666666666666
2022-01-23 12:30:00,2.895
2022-01-23 13:00:00,2.813333333333333
2022-01-23 13:30:00,2.7983333333333333
2022-01-23 14:00:00,2.8033333333333332
2022-01-23 14:30:00,2.8516666666666666
2022-01-23 15:00:00,2.86
2022-01-23 15:30:00,2.9616666666666664
2022-01-23 16:00:00,2.9516666666666667
2022-01-23 16:30:00,3.061666666666666
2022-01-23 17:00:00,2.9766666666666666
2022-01-23 17:30:00,2.9033333333333338
2022-01-23 18:00:00,2.8266666666666667
2022-01-23 18:30:00,2.908333333333333
2022-01-23 19:00:00,2.9433333333333334
2022-01-23 19:30:00,2.975
2022-01-23 20:00:00,3.0116666666666667
2022-01-23 20:30:00,3.0749999999999997
2022-01-23 21:00:00,3.158333333333333
2022-01-23 21:30:00,3.2099999999999995
2022-01-23 22:00:00,3.22
2022-01-23 22:30:00,3.3033333333333332
2022-01-23 23:00:00,3.436666666666667
2022-01-23 23:30:00,3.436666666666666
2022-01-24 00:00:00,3.393333333333333
2022-01-24 00:30:00,3.2816666666666663
2022-01-24 01:00:00,3.2550000000000003
2022-01-24 01:30:00,3.15
2022-01-24 02:00:00,3.125
2022-01-24 02:30:00,3.1566666666666667
2022-01-24 03:00:00,3.1283333333333334
2022-01-24 03:30:00,3.1166666666666667
2022-01-24 04:00:00,3.108333333333333
2022-01-24 04:30:00,3.155
2022-01-24 05:00:00,3.158333333333333
2022-01-24 05:30:00,3.1633333333333336
2022-01-24 06:00:00,3.1333333333333333
2022-01-24 06:30:00,3.1816666666666666
2022-01-24 07:00:00,3.0966666666666662
2022-01-24 07:30:00,3.02
2022-01-24 08:00:00,2.9933333333333336
2022-01-24 08:30:00,3.0500000000000003
2022-01-24 09:00:00,2.905
2022-01-24 09:30:00,2.8816666666666664
2022-01-24 10:00:00,2.8033333333333332
2022-01-24 10:30:00,2.72
2022-01-24 11:00:00,2.6783333333333332
2022-01-24 11:30:00,2.64
2022-01-24 12:00:00,2.6266666666666665
2022-01-24 12:30:00,2.62
2022-01-24 13:00:00,2.57
2022-01-24 13:30:00,2.5866666666666664
2022-01-24 14:00:00,2.575
2022-01-24 14:30:00,2.67
2022-01-24 15:00:00,2.7183333333333333
2022-01-24 15:30:00,2.7750000000000004
2022-01-24 16:00:00,2.7433333333333336
2022-01-24 16:30:00,2.7566666666666664
2022-01-24 17:00:00,2.6683333333333334
2022-01-24 17:30:00,2.705
2022-01-24 18:00:00,2.7216666666666662
2022-01-24 18:30:00,2.715
2022-01-24 19:00:00,2.7016666666666667
2022-01-24 19:30:00,2.705
2022-01-24 20:00:00,2.7099999999999995
2022-01-24 20:30:00,2.7099999999999995
2022-01-24 21:00:00,2.7416666666666667
2022-01-24 21:30:00,2.7466666666666666
2022-01-24 22:00:00,2.74
2022-01-24 22:30:00,2.8033333333333332
2022-01-24 23:00:00,2.7816666666666667
2022-01-24 23:30:00,2.8266666666666667
2022-01-25 00:00:00,2.8266666666666667
2022-01-25 00:30:00,2.7816666666666667
2022-01-25 01:00:00,2.81
2022-01-25 01:30:00,2.8183333333333334
2022-01-25 02:00:00,2.8716666666666666
2022-01-25 02:30:00,2.9149999999999996
2022-01-25 03:00:00,2.9583333333333335
2022-01-25 03:30:00,2.9749999999999996
2022-01-25 04:00:00,3.0066666666666664
2022-01-25 04:30:00,3.0216666666666665
2022-01-25 05:00:00,3.045
2022-01-25 05:30:00,2.97
2022-01-25 06:00:00,3.0116666666666667
2022-01-25 06:30:00,3.0366666666666666
2022-01-25 07:00:00,2.983333333333333
2022-01-25 07:30:00,3.063333333333333
2022-01-25 08:00:00,3.1133333333333333
2022-01-25 08:30:00,3.063333333333334
2022-01-25 09:00:00,3.0966666666666662
2022-01-25 09:30:00,3.1033333333333335
2022-01-25 10:00:00,3.1
2022-01-25 10:30:00,3.02
2022-01-25 11:00:00,3.0533333333333332
2022-01-25 11:30:00,3.02
2022-01-25 12:00:00,3.0400000000000005
2022-01-25 12:30:00,3.025
2022-01-25 13:00:00,3.0566666666666666
2022-01-25 13:30:00,3.433333333333333
2022-01-25 14:00:00,3.39
2022-01-25 14:30:00,3.2433333333333336
2022-01-25 15:00:00,3.3816666666666664
2022-01-25 15:30:00,3.2466666666666666
2022-01-25 16:00:00,3.25
2022-01-25 16:30:00,3.3433333333333333
2022-01-25 17:00:00,3.4133333333333336
2022-01-25 17:30:00,3.0566666666666666
2022-01-25 18:00:00,3.185
2022-01-25 18:30:00,3.0316666666666667
2022-01-25 19:00:00,3.0966666666666662
2022-01-25 19:30:00,3.063333333333333
2022-01-25 20:00:00,3.09
2022-01-25 20:30:00,3.061666666666667
2022-01-25 21:00:00,3.1650000000000005
2022-01-25 21:30:00,3.158333333333333
2022-01-25 22:00:00,3.188333333333333
2022-01-25 22:30:00,3.1333333333333333
2022-01-25 23:00:00,3.2783333333333338
2022-01-25 23:30:00,3.215
2022-01-26 00:00:00,3.3166666666666664
2022-01-26 00:30:00,3.3266666666666667
2022-01-26 01:00:00,3.311666666666667
2022-01-26 01:30:00,3.235
2022-01-26 02:00:00,3.1999999999999997
2022-01-26 02:30:00,3.2083333333333335
2022-01-26 03:00:00,3.2466666666666666
2022-01-26 03:30:00,3.15
2022-01-26 04:00:00,3.158333333333333
2022-01-26 04:30:00,3.155
2022-01-26 05:00:00,3.1783333333333332
2022-01-26 05:30:00,3.0483333333333333
2022-01-26 06:00:00,3.0866666666666664
2022-01-26 06:30:00,3.0733333333333337
2022-01-26 07:00:00,3.0533333333333332
2022-01-26 07:30:00,3.195
2022-01-26 08:00:00,3.195
2022-01-26 08:30:00,3.143333333333333
2022-01-26 09:00:00,3.1283333333333334
2022-01-26 09:30:00,3.106666666666667
2022-01-26 10:00:00,3.0999999999999996
2022-01-26 10:30:00,3.095
2022-01-26 11:00:00,3.106666666666667
2022-01-26 11:30:00,3.135
2022-01-26 12:00:00,3.138333333333333
2022-01-26 12:30:00,3.1300000000000003
2022-01-26 13:00:00,3.1166666666666667
2022-01-26 13:30:00,3.1033333333333335
2022-01-26 14:00:00,3.125
2022-01-26 14:30:00,3.1133333333333333
2022-01-26 15:00:00,3.22
2022-01-26 15:30:00,3.2416666666666667
2022-01-26 16:00:00,3.188333333333333
2022-01-26 16:30:00,3.15
2022-01-26 17:00:00,3.138333333333333
2022-01-26 17:30:00,3.1
2022-01-26 18:00:00,3.2416666666666667
2022-01-26 18:30:00,3.158333333333333
2022-01-26 19:00:00,3.1799999999999997
2022-01-26 19:30:00,3.151666666666667
2022-01-26 20:00:00,3.18
2022-01-26 20:30:00,3.1166666666666667
2022-01-26 21:00:00,3.0716666666666668
2022-01-26 21:30:00,3.1033333333333335
2022-01-26 22:00:00,3.078333333333333
2022-01-26 22:30:00,3.1033333333333335
2022-01-26 23:00:00,3.1816666666666666
2022-01-26 23:30:00,3.268333333333333
2022-01-27 00:00:00,3.185
2022-01-27 00:30:00,3.1666666666666665
2022-01-27 01:00:00,3.1033333333333335
2022-01-27 01:30:00,3.1483333333333334
2022-01-27 02:00:00,3.1766666666666663
2022-01-27 02:30:00,3.1649999999999996
2022-01-27 03:00:00,3.223333333333333
2022-01-27 03:30:00,3.2216666666666662
2022-01-27 04:00:00,3.1950000000000003
2022-01-27 04:30:00,3.22
2022-01-27 05:00:00,3.1799999999999997
2022-01-27 05:30:00,3.1616666666666666
2022-01-27 06:00:00,3.186666666666667
2022-01-27 06:30:00,3.225
2022-01-27 07:00:00,3.283333333333333
2022-01-27 07:30:00,3.2616666666666667
2022-01-27 08:00:00,3.198333333333333
2022-01-27 08:30:00,3.1999999999999997
2022-01-27 09:00:00,3.08
2022-01-27 09:30:00,3.0533333333333332
2022-01-27 10:00:00,2.9983333333333335
2022-01-27 10:30:00,2.9766666666666666
2022-01-27 11:00:00,2.8633333333333333
2022-01-27 11:30:00,2.9116666666666666
2022-01-27 12:00:00,2.9416666666666664
2022-01-27 12:30:00,2.9466666666666668
2022-01-27 13:00:00,2.9149999999999996
2022-01-27 13:30:00,2.9416666666666664
2022-01-27 14:00:00,2.91
2022-01-27 14:30:00,2.8983333333333334
2022-01-27 15:00:00,2.921666666666667
2022-01-27 15:30:00,2.8983333333333334
2022-01-27 16:00:00,2.891666666666666
2022-01-27 16:30:00,2.966666666666667
2022-01-27 17:00:00,3.01
2022-01-27 17:30:00,2.948333333333333
2022-01-27 18:00:00,3.0716666666666668
2022-01-27 18:30:00,3.0700000000000003
2022-01-27 19:00:00,3.073333333333333
2022-01-27 19:30:00,3.16
2022-01-27 20:00:00,3.1566666666666663
2022-01-27 20:30:00,3.14
2022-01-27 21:00:00,3.0833333333333335
2022-01-27 21:30:00,3.1149999999999998
2022-01-27 22:00:00,3.103333333333333
2022-01-27 22:30:00,3.138333333333333
2022-01-27 23:00:00,3.34
2022-01-27 23:30:00,3.33
2022-01-28 00:00:00,3.3183333333333334
2022-01-28 00:30:00,3.39
2022-01-28 01:00:00,3.3083333333333336
2022-01-28 01:30:00,3.2716666666666665
2022-01-28 02:00:00,3.275
2022-01-28 02:30:00,3.345
2022-01-28 03:00:00,3.308333333333333
2022-01-28 03:30:00,3.341666666666667
2022-01-28 04:00:00,3.3633333333333333
2022-01-28 04:30:00,3.3783333333333334
2022-01-28 05:00:00,3.345
2022-01-28 05:30:00,3.3200000000000003
2022-01-28 06:00:00,3.328333333333333
2022-01-28 06:30:00,3.3433333333333333
2022-01-28 07:00:00,3.3800000000000003
2022-01-28 07:30:00,3.48
2022-01-28 08:00:00,3.426666666666667
2022-01-28 08:30:00,3.395
2022-01-28 09:00:00,3.346666666666667
2022-01-28 09:30:00,3.34
2022-01-28 10:00:00,3.421666666666667
2022-01-28 10:30:00,3.2883333333333327
2022-01-28 11:00:00,3.3233333333333337
2022-01-28 11:30:00,3.3433333333333333
2022-01-28 12:00:00,3.3633333333333333
2022-01-28 12:30:00,3.2583333333333333
2022-01-28 13:00:00,3.266666666666667
2022-01-28 13:30:00,3.2616666666666667
2022-01-28 14:00:00,3.296666666666667
2022-01-28 14:30:00,3.25
2022-01-28 15:00:00,3.341666666666667
2022-01-28 15:30:00,3.3466666666666662
2022-01-28 16:00:00,3.385
2022-01-28 16:30:00,3.4183333333333334
2022-01-28 17:00:00,3.4116666666666666
2022-01-28 17:30:00,3.2933333333333334
2022-01-28 18:00:00,3.348333333333333
2022-01-28 18:30:00,3.2983333333333333
2022-01-28 19:00:00,3.315
2022-01-28 19:30:00,3.3000000000000003
2022-01-28 20:00:00,3.34
2022-01-28 20:30:00,3.3316666666666666
2022-01-28 21:00:00,3.3850000000000002
2022-01-28 21:30:00,3.345
2022-01-28 22:00:00,3.361666666666667
2022-01-28 22:30:00,3.4166666666666665
2022-01-28 23:00:00,3.4116666666666666
2022-01-28 23:30:00,3.4516666666666667
2022-01-29 00:00:00,3.296666666666667
2022-01-29 00:30:00,3.315
2022-01-29 01:00:00,3.2866666666666666
2022-01-29 01:30:00,3.28
2022-01-29 02:00:00,3.228333333333333
2022-01-29 02:30:00,3.2466666666666666
2022-01-29 03:00:00,3.2816666666666667
2022-01-29 03:30:00,3.285
2022-01-29 04:00:00,3.33
2022-01-29 04:30:00,3.2999999999999994
2022-01-29 05:00:00,3.3033333333333332
2022-01-29 05:30:00,3.3183333333333334
2022-01-29 06:00:00,3.3216666666666668
2022-01-29 06:30:00,3.3716666666666666
2022-01-29 07:00:00,3.453333333333333
2022-01-29 07:30:00,3.7216666666666662
2022-01-29 08:00:00,3.606666666666667
2022-01-29 08:30:00,3.5033333333333334
2022-01-29 09:00:00,3.5083333333333333
2022-01-29 09:30:00,3.373333333333333
2022-01-29 10:00:00,3.2450000000000006
2022-01-29 10:30:00,3.2733333333333334
2022-01-29 11:00:00,3.3166666666666664
2022-01-29 11:30:00,3.3366666666666664
2022-01-29 12:00:00,3.3649999999999998
2022-01-29 12:30:00,3.228333333333333
2022-01-29 13:00:00,3.1633333333333336
2022-01-29 13:30:00,3.141666666666667
2022-01-29 14:00:00,3.248333333333333
2022-01-29 14:30:00,3.2399999999999998
2022-01-29 15:00:00,3.355
2022-01-29 15:30:00,3.4233333333333333
2022-01-29 16:00:00,3.5133333333333336
2022-01-29 16:30:00,3.42
2022-01-29 17:00:00,3.361666666666667
2022-01-29 17:30:00,3.276666666666667
2022-01-29 18:00:00,3.3216666666666668
2022-01-29 18:30:00,3.3066666666666666
2022-01-29 19:00:00,3.4
2022-01-29 19:30:00,3.4416666666666664
2022-01-29 20:00:00,3.466666666666667
2022-01-29 20:30:00,3.4583333333333335
2022-01-29 21:00:00,3.545
2022-01-29 21:30:00,3.5116666666666667
2022-01-29 22:00:00,3.4266666666666663
2022-01-29 22:30:00,3.393333333333333
2022-01-29 23:00:00,3.475
2022-01-29 23:30:00,3.4583333333333335
2022-01-30 00:00:00,3.4250000000000003
2022-01-30 00:30:00,3.4
2022-01-30 01:00:00,3.4150000000000005
2022-01-30 01:30:00,3.4299999999999997
2022-01-30 02:00:00,3.4450000000000003
2022-01-30 02:30:00,3.4066666666666667
2022-01-30 03:00:00,3.436666666666667
2022-01-30 03:30:00,3.4116666666666666
2022-01-30 04:00:00,3.41
2022-01-30 04:30:00,3.365
2022-01-30 05:00:00,3.3816666666666664
2022-01-30 05:30:00,3.3383333333333334
2022-01-30 06:00:00,3.4116666666666666
2022-01-30 06:30:00,3.465
2022-01-30 07:00:00,3.483333333333333
2022-01-30 07:30:00,3.7183333333333333
2022-01-30 08:00:00,3.6449999999999996
2022-01-30 08:30:00,3.6483333333333334
2022-01-30 09:00:00,3.7249999999999996
2022-01-30 09:30:00,3.4766666666666666
2022-01-30 10:00:00,3.275
2022-01-30 10:30:00,3.258333333333333
2022-01-30 11:00:00,3.348333333333333
2022-01-30 11:30:00,3.4633333333333334
2022-01-30 12:00:00,3.481666666666667
2022-01-30 12:30:00,3.391666666666666
2022-01-30 13:00:00,3.4
2022-01-30 13:30:00,3.545
2022-01-30 14:00:00,3.58
2022-01-30 14:30:00,3.5500000000000003
2022-01-30 15:00:00,3.605
2022-01-30 15:30:00,3.5749999999999997
2022-01-30 16:00:00,3.5533333333333332
2022-01-30 16:30:00,3.52
2022-01-30 17:00:00,3.3666666666666667
2022-01-30 17:30:00,3.263333333333333
2022-01-30 18:00:00,3.283333333333333
2022-01-30 18:30:00,3.2966666666666664
2022-01-30 19:00:00,3.313333333333333
2022-01-30 19:30:00,3.345
2022-01-30 20:00:00,3.315
2022-01-30 20:30:00,3.34
2022-01-30 21:00:00,3.39
2022-01-30 21:30:00,3.4299999999999997
2022-01-30 22:00:00,3.4516666666666667
2022-01-30 22:30:00,3.5366666666666666
2022-01-30 23:00:00,3.4566666666666666
2022-01-30 23:30:00,3.4466666666666668
2022-01-31 00:00:00,3.4433333333333334
2022-01-31 00:30:00,3.385
2022-01-31 01:00:00,3.311666666666666
2022-01-31 01:30:00,3.33
2022-01-31 02:00:00,3.3316666666666666
2022-01-31 02:30:00,3.316666666666667
2022-01-31 03:00:00,3.31
2022-01-31 03:30:00,3.3366666666666664
2022-01-31 04:00:00,3.35
2022-01-31 04:30:00,3.3316666666666666
2022-01-31 05:00:00,3.3383333333333334
2022-01-31 05:30:00,3.3333333333333335
2022-01-31 06:00:00,3.3716666666666666
2022-01-31 06:30:00,3.4283333333333332
2022-01-31 07:00:00,3.561666666666667
2022-01-31 07:30:00,3.6166666666666667
2022-01-31 08:00:00,4.166666666666667
2022-01-31 08:30:00,6.82
2022-01-31 09:00:00,2.7266666666666666
2022-01-31 09:30:00,2.938333333333334
2022-01-31 10:00:00,513.85
2022-01-31 10:30:00,1.8083333333333333
2022-01-31 11:00:00,1.9566666666666668
2022-01-31 11:30:00,1.9666666666666666
2022-01-31 12:00:00,1.9416666666666667
2022-01-31 12:30:00,1.9166666666666667
2022-01-31 13:00:00,1.8366666666666667
2022-01-31 13:30:00,1.9166666666666667
2022-01-31 14:00:00,1.8883333333333334
2022-01-31 14:30:00,1.8683333333333332
2022-01-31 15:00:00,1.9116666666666664
2022-01-31 15:30:00,1.9333333333333333
2022-01-31 16:00:00,1.9416666666666667
2022-01-31 16:30:00,1.8816666666666666
2022-01-31 17:00:00,1.9116666666666664
2022-01-31 17:30:00,1.8183333333333334
2022-01-31 18:00:00,1.8333333333333333
2022-01-31 18:30:00,1.8233333333333333
2022-01-31 19:00:00,1.9633333333333332
2022-01-31 19:30:00,1.9000000000000001
2022-01-31 20:00:00,1.9183333333333337
2022-01-31 20:30:00,1.9283333333333335
2022-01-31 21:00:00,1.9366666666666665
2022-01-31 21:30:00,1.9266666666666667
2022-01-31 22:00:00,1.905
2022-01-31 22:30:00,1.8666666666666665
2022-01-31 23:00:00,1.991666666666667
2022-01-31 23:30:00,1.9583333333333333
2022-02-01 00:00:00,1.9116666666666664
2022-02-01 00:30:00,1.8733333333333333
2022-02-01 01:00:00,1.8383333333333332
2022-02-01 01:30:00,1.89
2022-02-01 02:00:00,2.08
2022-02-01 02:30:00,2.2449999999999997
2022-02-01 03:00:00,7.421666666666666
2022-02-01 03:30:00,16.195
2022-02-01 04:00:00,1.0866666666666667
2022-02-01 04:30:00,1.0833333333333333
2022-02-01 05:00:00,1.0933333333333335
2022-02-01 05:30:00,1.0999999999999999
2022-02-01 06:00:00,1.0916666666666668
2022-02-01 06:30:00,1.095
2022-02-01 07:00:00,1.11
2022-02-01 07:30:00,1.1166666666666665
2022-02-01 08:00:00,1.0566666666666666
2022-02-01 08:30:00,1.0516666666666667
2022-02-01 09:00:00,1.0683333333333334
2022-02-01 09:30:00,1.075
2022-02-01 10:00:00,1.1666666666666667
2022-02-01 10:30:00,1.1516666666666666
2022-02-01 11:00:00,1.175
2022-02-01 11:30:00,1.1783333333333335
2022-02-01 12:00:00,552.7916666666666
2022-02-01 12:30:00,3.483333333333333
2022-02-01 13:00:00,3.0050000000000003
2022-02-01 13:30:00,3.1950000000000003
2022-02-01 14:00:00,2.8466666666666662
2022-02-01 14:30:00,2.698333333333333
2022-02-01 15:00:00,2.465
2022-02-01 15:30:00,2.3383333333333334
2022-02-01 16:00:00,2.2033333333333336
2022-02-01 16:30:00,2.1183333333333336
2022-02-01 17:00:00,1.9483333333333333
2022-02-01 17:30:00,1.835
2022-02-01 18:00:00,1.8233333333333333
2022-02-01 18:30:00,1.7916666666666667
2022-02-01 19:00:00,1.8883333333333334
2022-02-01 19:30:00,1.8966666666666665
2022-02-01 20:00:00,1.8516666666666666
2022-02-01 20:30:00,1.86
2022-02-01 21:00:00,1.8233333333333333
2022-02-01 21:30:00,1.8883333333333334
2022-02-01 22:00:00,1.8616666666666666
2022-02-01 22:30:00,1.8133333333333332
2022-02-01 23:00:00,1.7716666666666667
2022-02-01 23:30:00,1.7149999999999999
2022-02-02 00:00:00,1.7316666666666667
2022-02-02 00:30:00,1.7316666666666667
2022-02-02 01:00:00,1.7383333333333333
2022-02-02 01:30:00,1.7383333333333333
2022-02-02 02:00:00,1.7366666666666666
2022-02-02 02:30:00,1.7183333333333335
2022-02-02 03:00:00,1.7533333333333332
2022-02-02 03:30:00,1.7516666666666667
2022-02-02 04:00:00,1.75
2022-02-02 04:30:00,1.7416666666666665
2022-02-02 05:00:00,1.7483333333333333
2022-02-02 05:30:00,1.7466666666666668
2022-02-02 06:00:00,1.7633333333333334
2022-02-02 06:30:00,1.7833333333333332
2022-02-02 07:00:00,1.8916666666666666
2022-02-02 07:30:00,1.9900000000000002
2022-02-02 08:00:00,1.9983333333333333
2022-02-02 08:30:00,2.0316666666666667
2022-02-02 09:00:00,2.015
2022-02-02 09:30:00,1.9333333333333333
2022-02-02 10:00:00,1.8416666666666666
2022-02-02 10:30:00,1.875
2022-02-02 11:00:00,1.9649999999999999
2022-02-02 11:30:00,1.9866666666666666
2022-02-02 12:00:00,1.9400000000000002
2022-02-02 12:30:00,1.8916666666666666
2022-02-02 13:00:00,1.86
2022-02-02 13:30:00,1.9316666666666666
2022-02-02 14:00:00,1.9366666666666668
2022-02-02 14:30:00,1.9483333333333333
2022-02-02 15:00:00,2.0016666666666665
2022-02-02 15:30:00,1.9816666666666667
2022-02-02 16:00:00,1.9483333333333333
2022-02-02 16:30:00,1.97
2022-02-02 17:00:00,1.88
2022-02-02 17:30:00,1.82
2022-02-02 18:00:00,1.875
2022-02-02 18:30:00,1.8783333333333332
2022-02-02 19:00:00,1.9349999999999998
2022-02-02 19:30:00,1.925
2022-02-02 20:00:00,1.9216666666666666
2022-02-02 20:30:00,1.9466666666666665
2022-02-02 21:00:00,1.9916666666666665
2022-02-02 21:30:00,2.0100000000000002
2022-02-02 22:00:00,1.9633333333333332
2022-02-02 22:30:00,1.9816666666666667
2022-02-02 23:00:00,2.0066666666666664
2022-02-02 23:30:00,2.0116666666666667
2022-02-03 00:00:00,2.06
2022-02-03 00:30:00,2.0016666666666665
2022-02-03 01:00:00,1.945
2022-02-03 01:30:00,1.96
2022-02-03 02:00:00,1.9116666666666664
2022-02-03 02:30:00,2.045
2022-02-03 03:00:00,2.0966666666666667
2022-02-03 03:30:00,1.9966666666666668
2022-02-03 04:00:00,1.9383333333333335
2022-02-03 04:30:00,1.9216666666666666
2022-02-03 05:00:00,1.9166666666666667
2022-02-03 05:30:00,1.9416666666666664
2022-02-03 06:00:00,1.9033333333333333
2022-02-03 06:30:00,1.9449999999999996
2022-02-03 07:00:00,1.9166666666666667
2022-02-03 07:30:00,2.0
2022-02-03 08:00:00,1.9749999999999999
2022-02-03 08:30:00,1.9600000000000002
2022-02-03 09:00:00,2.035
2022-02-03 09:30:00,2.0349999999999997
2022-02-03 10:00:00,1.9433333333333334
2022-02-03 10:30:00,1.9633333333333332
2022-02-03 11:00:00,2.1
2022-02-03 11:30:00,2.1
2022-02-03 12:00:00,2.095
2022-02-03 12:30:00,2.025
2022-02-03 13:00:00,1.9566666666666668
2022-02-03 13:30:00,2.0
2022-02-03 14:00:00,2.0216666666666665
2022-02-03 14:30:00,2.02
2022-02-03 15:00:00,2.03
2022-02-03 15:30:00,2.1933333333333334
2022-02-03 16:00:00,2.191666666666667
2022-02-03 16:30:00,2.216666666666667
2022-02-03 17:00:00,2.0716666666666668
2022-02-03 17:30:00,2.065
2022-02-03 18:00:00,2.06
2022-02-03 18:30:00,2.061666666666667
2022-02-03 19:00:00,2.0383333333333336
2022-02-03 19:30:00,2.0616666666666665
2022-02-03 20:00:00,2.055
2022-02-03 20:30:00,2.0566666666666666
2022-02-03 21:00:00,2.0500000000000003
2022-02-03 21:30:00,2.0733333333333333
2022-02-03 22:00:00,2.055
2022-02-03 22:30:00,2.1216666666666666
2022-02-03 23:00:00,2.0749999999999997
2022-02-03 23:30:00,2.0883333333333334
2022-02-04 00:00:00,2.078333333333333
2022-02-04 00:30:00,2.14
2022-02-04 01:00:00,2.105
2022-02-04 01:30:00,2.033333333333333
2022-02-04 02:00:00,2.018333333333333
2022-02-04 02:30:00,2.05
2022-02-04 03:00:00,1.9933333333333334
2022-02-04 03:30:00,2.0083333333333333
2022-02-04 04:00:00,2.0066666666666664
2022-02-04 04:30:00,2.0533333333333332
2022-02-04 05:00:00,2.0533333333333332
2022-02-04 05:30:00,2.0766666666666667
2022-02-04 06:00:00,2.0766666666666667
2022-02-04 06:30:00,2.0766666666666667
2022-02-04 07:00:00,2.0766666666666667
2022-02-04 07:30:00,2.066666666666667
2022-02-04 08:00:00,2.0783333333333336
2022-02-04 08:30:00,2.098333333333333
2022-02-04 09:00:00,2.033333333333333
2022-02-04 09:30:00,2.0183333333333335
2022-02-04 10:00:00,1.955
2022-02-04 10:30:00,1.9783333333333335
2022-02-04 11:00:00,1.9333333333333333
2022-02-04 11:30:00,1.9633333333333336
2022-02-04 12:00:00,2.0050000000000003
2022-02-04 12:30:00,2.033333333333333
2022-02-04 13:00:00,1.985
2022-02-04 13:30:00,1.9966666666666668
2022-02-04 14:00:00,1.9616666666666667
2022-02-04 14:30:00,1.9616666666666667
2022-02-04 15:00:00,1.9966666666666668
2022-02-04 15:30:00,2.0500000000000003
2022-02-04 16:00:00,2.078333333333333
2022-02-04 16:30:00,2.0416666666666665
2022-02-04 17:00:00,1.9916666666666665
2022-02-04 17:30:00,1.9983333333333333
2022-02-04 18:00:00,2.0333333333333337
2022-02-04 18:30:00,2.026666666666667
2022-02-04 19:00:00,2.0516666666666663
2022-02-04 19:30:00,2.195
2022-02-04 20:00:00,2.1566666666666667
2022-02-04 20:30:00,2.151666666666667
2022-02-04 21:00:00,2.1783333333333332
2022-02-04 21:30:00,2.2266666666666666
2022-02-04 22:00:00,2.21
2022-02-04 22:30:00,2.171666666666667
2022-02-04 23:00:00,2.155
2022-02-04 23:30:00,2.1149999999999998
2022-02-05 00:00:00,2.15
2022-02-05 00:30:00,2.2016666666666667
2022-02-05 01:00:00,2.1733333333333333
2022-02-05 01:30:00,2.131666666666667
2022-02-05 02:00:00,2.111666666666667
2022-02-05 02:30:00,2.138333333333333
2022-02-05 03:00:00,2.0866666666666664
2022-02-05 03:30:00,2.0483333333333333
2022-02-05 04:00:00,2.0416666666666665
2022-02-05 04:30:00,2.0483333333333333
2022-02-05 05:00:00,2.0233333333333334
2022-02-05 05:30:00,2.061666666666667
2022-02-05 06:00:00,2.0533333333333332
2022-02-05 06:30:00,2.061666666666667
2022-02-05 07:00:00,2.098333333333333
2022-02-05 07:30:00,2.1183333333333336
2022-02-05 08:00:00,2.1149999999999998
2022-02-05 08:30:00,2.0733333333333333
2022-02-05 09:00:00,2.118333333333333
2022-02-05 09:30:00,2.0399999999999996
2022-02-05 10:00:00,2.058333333333333
2022-02-05 10:30:00,1.9349999999999998
2022-02-05 11:00:00,1.9616666666666667
2022-02-05 11:30:00,2.04
2022-02-05 12:00:00,2.1283333333333334
2022-02-05 12:30:00,2.033333333333333
2022-02-05 13:00:00,2.028333333333333
2022-02-05 13:30:00,2.045
2022-02-05 14:00:00,2.0866666666666664
2022-02-05 14:30:00,2.106666666666667
2022-02-05 15:00:00,2.098333333333333
2022-02-05 15:30:00,2.091666666666667
2022-02-05 16:00:00,1.9733333333333334
2022-02-05 16:30:00,1.968333333333333
2022-02-05 17:00:00,1.9866666666666666
2022-02-05 17:30:00,1.985
2022-02-05 18:00:00,2.0216666666666665
2022-02-05 18:30:00,2.0283333333333333
2022-02-05 19:00:00,2.0533333333333332
2022-02-05 19:30:00,1.9949999999999999
2022-02-05 20:00:00,2.0033333333333334
2022-02-05 20:30:00,1.99
2022-02-05 21:00:00,1.9933333333333334
2022-02-05 21:30:00,2.0033333333333334
2022-02-05 22:00:00,1.9933333333333332
2022-02-05 22:30:00,2.0783333333333336
2022-02-05 23:00:00,2.065
2022-02-05 23:30:00,2.0366666666666666
2022-02-06 00:00:00,2.055
2022-02-06 00:30:00,2.105
2022-02-06 01:00:00,2.0500000000000003
2022-02-06 01:30:00,2.0033333333333334
2022-02-06 02:00:00,2.0
2022-02-06 02:30:00,1.9966666666666668
2022-02-06 03:00:00,1.9799999999999998
2022-02-06 03:30:00,1.97
2022-02-06 04:00:00,1.9533333333333331
2022-02-06 04:30:00,1.9349999999999998
2022-02-06 05:00:00,1.9566666666666663
2022-02-06 05:30:00,1.97
2022-02-06 06:00:00,2.025
2022-02-06 06:30:00,2.0050000000000003
2022-02-06 07:00:00,2.145
2022-02-06 07:30:00,2.1683333333333334
2022-02-06 08:00:00,2.1750000000000003
2022-02-06 08:30:00,2.1416666666666666
2022-02-06 09:00:00,2.1350000000000002
2022-02-06 09:30:00,1.9283333333333335
2022-02-06 10:00:00,204.34833333333333
2022-02-06 10:30:00,15.685
2022-02-06 11:00:00,12.226666666666667
2022-02-06 11:30:00,3.7099999999999995
2022-02-06 12:00:00,2.7466666666666666
2022-02-06 12:30:00,2.6983333333333337
2022-02-06 13:00:00,2.746666666666666
2022-02-06 13:30:00,14.086666666666666
2022-02-06 14:00:00,5.173333333333333
2022-02-06 14:30:00,4.828333333333333
2022-02-06 15:00:00,3.6966666666666668
2022-02-06 15:30:00,3.33
2022-02-06 16:00:00,3.2449999999999997
2022-02-06 16:30:00,3.183333333333333
2022-02-06 17:00:00,2.9450000000000003
2022-02-06 17:30:00,2.5783333333333336
2022-02-06 18:00:00,2.555
2022-02-06 18:30:00,2.4483333333333333
2022-02-06 19:00:00,2.395
2022-02-06 19:30:00,2.3800000000000003
2022-02-06 20:00:00,2.3716666666666666
2022-02-06 20:30:00,2.365
2022-02-06 21:00:00,2.4516666666666667
2022-02-06 21:30:00,2.4133333333333336
2022-02-06 22:00:00,2.38
2022-02-06 22:30:00,2.3866666666666667
2022-02-06 23:00:00,2.415
2022-02-06 23:30:00,2.4
2022-02-07 00:00:00,2.415
2022-02-07 00:30:00,2.4216666666666664
2022-02-07 01:00:00,711.25
2022-02-07 01:30:00,705.7516666666667
2022-02-07 02:00:00,529.8349999999999
2022-02-07 02:30:00,3.873333333333333
2022-02-07 03:00:00,4.0183333333333335
2022-02-07 03:30:00,4.075
2022-02-07 04:00:00,3.8966666666666665
2022-02-07 04:30:00,3.9166666666666665
2022-02-07 05:00:00,3.8083333333333336
2022-02-07 05:30:00,3.545
2022-02-07 06:00:00,3.388333333333333
2022-02-07 06:30:00,3.3383333333333334
2022-02-07 07:00:00,3.2433333333333336
2022-02-07 07:30:00,3.233333333333333
2022-02-07 08:00:00,3.205
2022-02-07 08:30:00,2.9133333333333336
2022-02-07 09:00:00,2.811666666666667
2022-02-07 09:30:00,2.7533333333333334
2022-02-07 10:00:00,2.7550000000000003
2022-02-07 10:30:00,2.8066666666666666
2022-02-07 11:00:00,2.8866666666666667
2022-02-07 11:30:00,2.893333333333333
2022-02-07 12:00:00,2.9316666666666666
2022-02-07 12:30:00,2.918333333333333
2022-02-07 13:00:00,2.8866666666666667
2022-02-07 13:30:00,2.8816666666666664
2022-02-07 14:00:00,2.926666666666667
2022-02-07 14:30:00,2.8333333333333335
2022-02-07 15:00:00,2.855
2022-02-07 15:30:00,2.763333333333333
2022-02-07 16:00:00,2.7283333333333335
2022-02-07 16:30:00,2.731666666666667
2022-02-07 17:00:00,2.6833333333333336
2022-02-07 17:30:00,2.6350000000000002
2022-02-07 18:00:00,2.688333333333333
2022-02-07 18:30:00,2.7416666666666667
2022-02-07 19:00:00,2.8316666666666666
2022-02-07 19:30:00,2.7266666666666666
2022-02-07 20:00:00,2.7066666666666666
2022-02-07 20:30:00,2.7583333333333333
2022-02-07 21:00:00,2.736666666666667
2022-02-07 21:30:00,2.731666666666667
2022-02-07 22:00:00,2.7383333333333333
2022-02-07 22:30:00,2.8433333333333337
2022-02-07 23:00:00,2.785
2022-02-07 23:30:00,2.7216666666666662
2022-02-08 00:00:00,2.7416666666666667
2022-02-08 00:30:00,2.8200000000000003
2022-02-08 01:00:00,2.8166666666666664
2022-02-08 01:30:00,2.8016666666666663
2022-02-08 02:00:00,2.8466666666666662
2022-02-08 02:30:00,2.936666666666667
2022-02-08 03:00:00,2.92
2022-02-08 03:30:00,2.8433333333333337
2022-02-08 04:00:00,2.885
2022-02-08 04:30:00,2.8666666666666667
2022-02-08 05:00:00,2.8700000000000006
2022-02-08 05:30:00,2.84
2022-02-08 06:00:00,2.775
2022-02-08 06:30:00,2.7816666666666667
2022-02-08 07:00:00,2.92
2022-02-08 07:30:00,2.8866666666666667
2022-02-08 08:00:00,2.8516666666666666
2022-02-08 08:30:00,2.768333333333333
2022-02-08 09:00:00,2.7616666666666667
2022-02-08 09:30:00,2.723333333333333
2022-02-08 10:00:00,2.688333333333333
2022-02-08 10:30:00,2.658333333333333
2022-02-08 11:00:00,2.658333333333333
2022-02-08 11:30:00,3.108333333333334
2022-02-08 12:00:00,2.8983333333333334
2022-02-08 12:30:00,2.8383333333333334
2022-02-08 13:00:00,2.776666666666667
2022-02-08 13:30:00,2.7866666666666666
2022-02-08 14:00:00,2.7616666666666667
2022-02-08 14:30:00,2.765
2022-02-08 15:00:00,2.83
2022-02-08 15:30:00,2.795
2022-02-08 16:00:00,2.7433333333333336
2022-02-08 16:30:00,2.688333333333333
2022-02-08 17:00:00,2.7083333333333335
2022-02-08 17:30:00,2.7283333333333335
2022-02-08 18:00:00,2.6633333333333336
2022-02-08 18:30:00,2.68
2022-02-08 19:00:00,2.7283333333333335
2022-02-08 19:30:00,2.77
2022-02-08 20:00:00,2.9149999999999996
2022-02-08 20:30:00,2.893333333333333
2022-02-08 21:00:00,2.936666666666667
2022-02-08 21:30:00,2.9633333333333334
2022-02-08 22:00:00,2.9766666666666666
2022-02-08 22:30:00,2.9166666666666665
2022-02-08 23:00:00,3.0483333333333333
2022-02-08 23:30:00,2.9599999999999995
2022-02-09 00:00:00,2.986666666666667
2022-02-09 00:30:00,3.013333333333333
2022-02-09 01:00:00,2.9166666666666665
2022-02-09 01:30:00,2.901666666666667
2022-02-09 02:00:00,2.9166666666666665
2022-02-09 02:30:00,2.9283333333333332
2022-02-09 03:00:00,2.9283333333333332
2022-02-09 03:30:00,2.935
2022-02-09 04:00:00,2.8716666666666666
2022-02-09 04:30:00,2.896666666666667
2022-02-09 05:00:00,2.92
2022-02-09 05:30:00,2.9250000000000003
2022-02-09 06:00:00,2.9283333333333332
2022-02-09 06:30:00,2.9316666666666666
2022-02-09 07:00:00,2.9233333333333333
2022-02-09 07:30:00,2.98
2022-02-09 08:00:00,2.998333333333333
2022-02-09 08:30:00,2.98
2022-02-09 09:00:00,3.0316666666666667
2022-02-09 09:30:00,2.936666666666667
2022-02-09 10:00:00,2.9133333333333336
2022-02-09 10:30:00,2.8249999999999997
2022-02-09 11:00:00,2.725
2022-02-09 11:30:00,2.6799999999999997
2022-02-09 12:00:00,2.688333333333333
2022-02-09 12:30:00,2.716666666666667
2022-02-09 13:00:00,2.7016666666666667
2022-02-09 13:30:00,2.6766666666666663
2022-02-09 14:00:00,2.6750000000000003
2022-02-09 14:30:00,2.6766666666666663
2022-02-09 15:00:00,2.6750000000000003
2022-02-09 15:30:00,2.7183333333333333
2022-02-09 16:00:00,2.733333333333333
2022-02-09 16:30:00,2.7383333333333333
2022-02-09 17:00:00,2.6816666666666666
2022-02-09 17:30:00,2.66
2022-02-09 18:00:00,2.6300000000000003
2022-02-09 18:30:00,2.641666666666667
2022-02-09 19:00:00,2.69
2022-02-09 19:30:00,2.7383333333333333
2022-02-09 20:00:00,2.705
2022-02-09 20:30:00,2.733333333333333
2022-02-09 21:00:00,2.7916666666666665
2022-02-09 21:30:00,2.8366666666666664
2022-02-09 22:00:00,2.83
2022-02-09 22:30:00,2.858333333333333
2022-02-09 23:00:00,2.9600000000000004
2022-02-09 23:30:00,2.8366666666666664
2022-02-10 00:00:00,2.938333333333333
2022-02-10 00:30:00,2.885
2022-02-10 01:00:00,2.7966666666666664
2022-02-10 01:30:00,2.91
2022-02-10 02:00:00,2.901666666666667
2022-02-10 02:30:00,2.9316666666666666
2022-02-10 03:00:00,2.8816666666666664
2022-02-10 03:30:00,2.89
2022-02-10 04:00:00,2.8333333333333335
2022-02-10 04:30:00,2.811666666666667
2022-02-10 05:00:00,2.775
2022-02-10 05:30:00,2.783333333333333
2022-02-10 06:00:00,2.7449999999999997
2022-02-10 06:30:00,2.763333333333333
2022-02-10 07:00:00,2.7883333333333336
2022-02-10 07:30:00,2.848333333333333
2022-02-10 08:00:00,2.7433333333333336
2022-02-10 08:30:00,2.8066666666666666
2022-02-10 09:00:00,2.686666666666667
2022-02-10 09:30:00,2.763333333333333
2022-02-10 10:00:00,2.7300000000000004
2022-02-10 10:30:00,2.74
2022-02-10 11:00:00,2.785
2022-02-10 11:30:00,2.785
2022-02-10 12:00:00,2.77
2022-02-10 12:30:00,2.7383333333333333
2022-02-10 13:00:00,2.7266666666666666
2022-02-10 13:30:00,2.715
2022-02-10 14:00:00,2.7116666666666664
2022-02-10 14:30:00,2.7083333333333335
2022-02-10 15:00:00,2.8049999999999997
2022-02-10 15:30:00,2.7916666666666665
2022-02-10 16:00:00,2.8200000000000003
2022-02-10 16:30:00,2.7533333333333334
2022-02-10 17:00:00,2.611666666666667
2022-02-10 17:30:00,2.6033333333333335
2022-02-10 18:00:00,2.6750000000000003
2022-02-10 18:30:00,2.6266666666666665
2022-02-10 19:00:00,2.676666666666667
2022-02-10 19:30:00,2.7016666666666667
2022-02-10 20:00:00,2.733333333333333
2022-02-10 20:30:00,2.7383333333333333
2022-02-10 21:00:00,2.83
2022-02-10 21:30:00,2.75
2022-02-10 22:00:00,2.7283333333333335
2022-02-10 22:30:00,2.7916666666666665
2022-02-10 23:00:00,2.9033333333333338
2022-02-10 23:30:00,2.905
2022-02-11 00:00:00,2.8966666666666665
2022-02-11 00:30:00,2.9933333333333336
2022-02-11 01:00:00,2.918333333333333
2022-02-11 01:30:00,2.9466666666666668
2022-02-11 02:00:00,2.9250000000000003
2022-02-11 02:30:00,2.966666666666667
2022-02-11 03:00:00,3.013333333333333
2022-02-11 03:30:00,2.895
2022-02-11 04:00:00,2.965
2022-02-11 04:30:00,2.91
2022-02-11 05:00:00,2.9466666666666668
2022-02-11 05:30:00,2.9883333333333333
2022-02-11 06:00:00,3.0399999999999996
2022-02-11 06:30:00,2.91
2022-02-11 07:00:00,2.9566666666666666
2022-02-11 07:30:00,2.948333333333333
2022-02-11 08:00:00,2.92
2022-02-11 08:30:00,2.9683333333333337
2022-02-11 09:00:00,3.205
2022-02-11 09:30:00,3.983333333333334
2022-02-11 10:00:00,206.81000000000003
2022-02-11 10:30:00,2.57
2022-02-11 11:00:00,62.92666666666667
2022-02-11 11:30:00,1.8099999999999998
2022-02-11 12:00:00,1.7983333333333331
2022-02-11 12:30:00,1.765
2022-02-11 13:00:00,1.7249999999999999
2022-02-11 13:30:00,1.7333333333333334
2022-02-11 14:00:00,1.7533333333333332
2022-02-11 14:30:00,1.8616666666666666
2022-02-11 15:00:00,1.8166666666666667
2022-02-11 15:30:00,1.8383333333333336
2022-02-11 16:00:00,1.7983333333333331
2022-02-11 16:30:00,1.8250000000000002
2022-02-11 17:00:00,1.7833333333333332
2022-02-11 17:30:00,1.635
2022-02-11 18:00:00,1.655
2022-02-11 18:30:00,1.6433333333333333
2022-02-11 19:00:00,1.695
2022-02-11 19:30:00,1.7083333333333333
2022-02-11 20:00:00,1.6883333333333332
2022-02-11 20:30:00,1.6883333333333332
2022-02-11 21:00:00,1.705
2022-02-11 21:30:00,1.7133333333333336
2022-02-11 22:00:00,1.7083333333333333
2022-02-11 22:30:00,1.7716666666666667
2022-02-11 23:00:00,1.8399999999999999
2022-02-11 23:30:00,1.821666666666667
2022-02-12 00:00:00,1.87
2022-02-12 00:30:00,1.8533333333333335
2022-02-12 01:00:00,1.7666666666666668
2022-02-12 01:30:00,1.7216666666666667
2022-02-12 02:00:00,1.7233333333333334
2022-02-12 02:30:00,1.7316666666666667
2022-02-12 03:00:00,1.7316666666666667
2022-02-12 03:30:00,1.7400000000000002
2022-02-12 04:00:00,1.72
2022-02-12 04:30:00,1.755
2022-02-12 05:00:00,1.78
2022-02-12 05:30:00,1.8150000000000002
2022-02-12 06:00:00,1.8549999999999998
2022-02-12 06:30:00,1.875
2022-02-12 07:00:00,1.9816666666666667
2022-02-12 07:30:00,1.9283333333333335
2022-02-12 08:00:00,1.985
2022-02-12 08:30:00,1.93
2022-02-12 09:00:00,1.9649999999999999
2022-02-12 09:30:00,1.9166666666666667
2022-02-12 10:00:00,1.8650000000000002
2022-02-12 10:30:00,1.8283333333333334
2022-02-12 11:00:00,1.8666666666666665
2022-02-12 11:30:00,1.8433333333333335
2022-02-12 12:00:00,1.8550000000000002
2022-02-12 12:30:00,1.8099999999999998
2022-02-12 13:00:00,1.825
2022-02-12 13:30:00,1.8233333333333333
2022-02-12 14:00:00,1.8216666666666665
2022-02-12 14:30:00,1.8200000000000003
2022-02-12 15:00:00,1.905
2022-02-12 15:30:00,1.945
2022-02-12 16:00:00,1.9733333333333334
2022-02-12 16:30:00,1.925
2022-02-12 17:00:00,1.955
2022-02-12 17:30:00,1.97
2022-02-12 18:00:00,1.8466666666666665
2022-02-12 18:30:00,1.845
2022-02-12 19:00:00,1.9083333333333332
2022-02-12 19:30:00,1.8816666666666666
2022-02-12 20:00:00,1.9116666666666668
2022-02-12 20:30:00,1.9166666666666667
2022-02-12 21:00:00,1.9616666666666667
2022-02-12 21:30:00,1.8266666666666669
2022-02-12 22:00:00,1.8566666666666667
2022-02-12 22:30:00,1.9383333333333332
2022-02-12 23:00:00,1.9966666666666668
2022-02-12 23:30:00,1.9100000000000001
2022-02-13 00:00:00,1.9516666666666669
2022-02-13 00:30:00,1.9933333333333334
2022-02-13 01:00:00,1.8650000000000002
2022-02-13 01:30:00,1.8483333333333334
2022-02-13 02:00:00,1.835
2022-02-13 02:30:00,1.795
2022-02-13 03:00:00,1.7933333333333332
2022-02-13 03:30:00,1.7933333333333332
2022-02-13 04:00:00,1.7966666666666666
2022-02-13 04:30:00,1.8333333333333333
2022-02-13 05:00:00,1.8483333333333334
2022-02-13 05:30:00,1.8949999999999998
2022-02-13 06:00:00,1.9466666666666665
2022-02-13 06:30:00,2.026666666666667
2022-02-13 07:00:00,2.0516666666666667
2022-02-13 07:30:00,1.97
2022-02-13 08:00:00,1.9666666666666668
2022-02-13 08:30:00,1.9483333333333335
2022-02-13 09:00:00,1.9583333333333333
2022-02-13 09:30:00,1.9666666666666666
2022-02-13 10:00:00,1.9566666666666668
2022-02-13 10:30:00,1.9466666666666665
2022-02-13 11:00:00,1.9083333333333332
2022-02-13 11:30:00,1.7966666666666669
2022-02-13 12:00:00,12.826666666666666
2022-02-13 12:30:00,6.8999999999999995
2022-02-13 13:00:00,44.905
2022-02-13 13:30:00,4.59
2022-02-13 14:00:00,4.486666666666666
2022-02-13 14:30:00,4.263333333333333
2022-02-13 15:00:00,4.168333333333333
2022-02-13 15:30:00,3.91
2022-02-13 16:00:00,3.5749999999999997
2022-02-13 16:30:00,3.185
2022-02-13 17:00:00,2.98
2022-02-13 17:30:00,2.8049999999999997
2022-02-13 18:00:00,2.7616666666666667
2022-02-13 18:30:00,2.7916666666666665
2022-02-13 19:00:00,2.8333333333333335
2022-02-13 19:30:00,2.78
2022-02-13 20:00:00,2.766666666666667
2022-02-13 20:30:00,2.8516666666666666
2022-02-13 21:00:00,2.9166666666666665
2022-02-13 21:30:00,2.891666666666667
2022-02-13 22:00:00,2.84
2022-02-13 22:30:00,2.936666666666667
2022-02-13 23:00:00,2.9716666666666662
2022-02-13 23:30:00,2.98
2022-02-14 00:00:00,2.9433333333333334
2022-02-14 00:30:00,2.9466666666666668
2022-02-14 01:00:00,2.8433333333333333
2022-02-14 01:30:00,2.783333333333333
2022-02-14 02:00:00,2.775
2022-02-14 02:30:00,2.776666666666667
2022-02-14 03:00:00,2.7616666666666667
2022-02-14 03:30:00,2.7983333333333333
2022-02-14 04:00:00,2.8816666666666664
2022-02-14 04:30:00,2.893333333333333
2022-02-14 05:00:00,2.8966666666666665
2022-02-14 05:30:00,2.91
2022-02-14 06:00:00,2.89
2022-02-14 06:30:00,2.9783333333333335
2022-02-14 07:00:00,2.953333333333333
2022-02-14 07:30:00,3.043333333333333
2022-02-14 08:00:00,3.1166666666666667
2022-02-14 08:30:00,3.078333333333333
2022-02-14 09:00:00,2.953333333333333
2022-02-14 09:30:00,2.766666666666667
2022-02-14 10:00:00,2.703333333333333
2022-02-14 10:30:00,2.7216666666666662
2022-02-14 11:00:00,2.731666666666667
2022-02-14 11:30:00,2.6483333333333334
2022-02-14 12:00:00,2.668333333333333
2022-02-14 12:30:00,2.6133333333333333
2022-02-14 13:00:00,2.63
2022-02-14 13:30:00,2.651666666666667
2022-02-14 14:00:00,2.6466666666666665
2022-02-14 14:30:00,2.5966666666666667
2022-02-14 15:00:00,2.8183333333333334
2022-02-14 15:30:00,2.775
2022-02-14 16:00:00,2.7016666666666667
2022-02-14 16:30:00,2.721666666666667
2022-02-14 17:00:00,2.61
2022-02-14 17:30:00,2.6783333333333332
2022-02-14 18:00:00,2.6999999999999997
2022-02-14 18:30:00,2.6833333333333336
2022-02-14 19:00:00,2.7116666666666664
2022-02-14 19:30:00,2.723333333333333
2022-02-14 20:00:00,2.735
2022-02-14 20:30:00,2.7583333333333333
2022-02-14 21:00:00,2.74
2022-02-14 21:30:00,2.7916666666666665
2022-02-14 22:00:00,2.84
2022-02-14 22:30:00,2.8800000000000003
2022-02-14 23:00:00,3.0233333333333334
2022-02-14 23:30:00,3.1016666666666666
2022-02-15 00:00:00,3.1366666666666667
2022-02-15 00:30:00,3.1166666666666667
2022-02-15 01:00:00,3.128333333333334
2022-02-15 01:30:00,3.123333333333333
2022-02-15 02:00:00,3.02
2022-02-15 02:30:00,2.981666666666667
2022-02-15 03:00:00,3.0083333333333333
2022-02-15 03:30:00,3.0416666666666665
2022-02-15 04:00:00,3.055
2022-02-15 04:30:00,3.0766666666666667
2022-02-15 05:00:00,3.1133333333333333
2022-02-15 05:30:00,3.0883333333333334
2022-02-15 06:00:00,3.1483333333333334
2022-02-15 06:30:00,3.1999999999999997
2022-02-15 07:00:00,3.295
2022-02-15 07:30:00,3.4066666666666663
2022-02-15 08:00:00,3.203333333333333
2022-02-15 08:30:00,3.3350000000000004
2022-02-15 09:00:00,3.263333333333333
2022-02-15 09:30:00,3.1733333333333333
2022-02-15 10:00:00,3.1783333333333332
2022-02-15 10:30:00,3.1950000000000003
2022-02-15 11:00:00,3.205
2022-02-15 11:30:00,3.185
2022-02-15 12:00:00,3.1633333333333336
2022-02-15 12:30:00,3.171666666666667
2022-02-15 13:00:00,3.1666666666666665
2022-02-15 13:30:00,3.16
2022-02-15 14:00:00,3.1199999999999997
2022-02-15 14:30:00,3.11
2022-02-15 15:00:00,3.205
2022-02-15 15:30:00,3.248333333333333
2022-02-15 16:00:00,3.268333333333333
2022-02-15 16:30:00,3.2916666666666665
2022-02-15 17:00:00,3.2099999999999995
2022-02-15 17:30:00,3.311666666666667
2022-02-15 18:00:00,3.4233333333333333
2022-02-15 18:30:00,3.42
2022-02-15 19:00:00,3.426666666666667
2022-02-15 19:30:00,3.3800000000000003
2022-02-15 20:00:00,3.231666666666667
2022-02-15 20:30:00,3.2566666666666664
2022-02-15 21:00:00,3.3016666666666663
2022-02-15 21:30:00,3.25
2022-02-15 22:00:00,3.2183333333333333
2022-02-15 22:30:00,3.3516666666666666
2022-02-15 23:00:00,3.3866666666666667
2022-02-15 23:30:00,3.25
2022-02-16 00:00:00,3.2733333333333334
2022-02-16 00:30:00,3.285
2022-02-16 01:00:00,3.2133333333333334
2022-02-16 01:30:00,3.2566666666666664
2022-02-16 02:00:00,3.2583333333333333
2022-02-16 02:30:00,3.1766666666666663
2022-02-16 03:00:00,3.22
2022-02-16 03:30:00,3.2133333333333334
2022-02-16 04:00:00,3.276666666666667
2022-02-16 04:30:00,3.3433333333333333
2022-02-16 05:00:00,3.3616666666666664
2022-02-16 05:30:00,3.3000000000000003
2022-02-16 06:00:00,3.268333333333333
2022-02-16 06:30:00,3.3083333333333336
2022-02-16 07:00:00,3.4116666666666666
2022-02-16 07:30:00,3.405
2022-02-16 08:00:00,3.445
2022-02-16 08:30:00,3.5050000000000003
2022-02-16 09:00:00,3.5549999999999997
2022-02-16 09:30:00,3.4499999999999997
2022-02-16 10:00:00,3.3183333333333334
2022-02-16 10:30:00,3.296666666666667
2022-02-16 11:00:00,3.1950000000000003
2022-02-16 11:30:00,3.2433333333333336
2022-02-16 12:00:00,3.1616666666666666
2022-02-16 12:30:00,3.1649999999999996
2022-02-16 13:00:00,3.151666666666667
2022-02-16 13:30:00,3.143333333333333
2022-02-16 14:00:00,3.1
2022-02-16 14:30:00,3.0533333333333332
2022-02-16 15:00:00,3.0216666666666665
2022-02-16 15:30:00,3.1783333333333332
2022-02-16 16:00:00,3.1750000000000003
2022-02-16 16:30:00,3.143333333333333
2022-02-16 17:00:00,3.09
2022-02-16 17:30:00,3.0516666666666663
2022-02-16 18:00:00,3.061666666666667
2022-02-16 18:30:00,3.0833333333333335
2022-02-16 19:00:00,3.171666666666667
2022-02-16 19:30:00,3.155
2022-02-16 20:00:00,3.1483333333333334
2022-02-16 20:30:00,3.191666666666667
2022-02-16 21:00:00,3.3066666666666666
2022-02-16 21:30:00,3.3033333333333332
2022-02-16 22:00:00,3.24
2022-02-16 22:30:00,3.266666666666666
2022-02-16 23:00:00,3.3200000000000003
2022-02-16 23:30:00,3.355
2022-02-17 00:00:00,3.3333333333333335
2022-02-17 00:30:00,3.328333333333333
2022-02-17 01:00:00,3.2716666666666665
2022-02-17 01:30:00,3.2016666666666667
2022-02-17 02:00:00,3.1950000000000003
2022-02-17 02:30:00,3.2450000000000006
2022-02-17 03:00:00,3.2550000000000003
2022-02-17 03:30:00,3.2066666666666666
2022-02-17 04:00:00,3.2416666666666667
2022-02-17 04:30:00,3.2550000000000003
2022-02-17 05:00:00,3.265
2022-02-17 05:30:00,3.313333333333333
2022-02-17 06:00:00,3.2449999999999997
2022-02-17 06:30:00,3.2900000000000005
2022-02-17 07:00:00,3.2816666666666667
2022-02-17 07:30:00,3.268333333333333
2022-02-17 08:00:00,3.2550000000000003
2022-02-17 08:30:00,3.2466666666666666
2022-02-17 09:00:00,3.2616666666666667
2022-02-17 09:30:00,3.2016666666666667
2022-02-17 10:00:00,3.186666666666666
2022-02-17 10:30:00,3.2083333333333335
2022-02-17 11:00:00,3.2783333333333338
2022-02-17 11:30:00,3.2383333333333333
2022-02-17 12:00:00,3.216666666666667
2022-02-17 12:30:00,3.2083333333333335
2022-02-17 13:00:00,3.2100000000000004
2022-02-17 13:30:00,3.2433333333333336
2022-02-17 14:00:00,3.2583333333333333
2022-02-17 14:30:00,3.2550000000000003
2022-02-17 15:00:00,3.22
2022-02-17 15:30:00,3.143333333333333
2022-02-17 16:00:00,3.1966666666666668
2022-02-17 16:30:00,3.015
2022-02-17 17:00:00,3.1366666666666667
2022-02-17 17:30:00,3.061666666666667
2022-02-17 18:00:00,3.0533333333333332
2022-02-17 18:30:00,3.07
2022-02-17 19:00:00,3.2116666666666664
2022-02-17 19:30:00,3.213333333333333
2022-02-17 20:00:00,3.3283333333333336
2022-02-17 20:30:00,3.3000000000000003
2022-02-17 21:00:00,3.268333333333333
2022-02-17 21:30:00,3.225
2022-02-17 22:00:00,3.2899999999999996
2022-02-17 22:30:00,3.276666666666667
2022-02-17 23:00:00,3.3266666666666667
2022-02-17 23:30:00,3.27
2022-02-18 00:00:00,3.35
2022-02-18 00:30:00,3.3533333333333335
2022-02-18 01:00:00,3.31
2022-02-18 01:30:00,3.2733333333333334
2022-02-18 02:00:00,3.2883333333333336
2022-02-18 02:30:00,3.3049999999999997
2022-02-18 03:00:00,3.32
2022-02-18 03:30:00,3.3049999999999997
2022-02-18 04:00:00,3.328333333333333
2022-02-18 04:30:00,3.296666666666667
2022-02-18 05:00:00,3.3633333333333333
2022-02-18 05:30:00,3.3516666666666666
2022-02-18 06:00:00,3.341666666666667
2022-02-18 06:30:00,3.331666666666667
2022-02-18 07:00:00,3.311666666666667
2022-02-18 07:30:00,3.285
2022-02-18 08:00:00,3.358333333333333
2022-02-18 08:30:00,3.311666666666667
2022-02-18 09:00:00,3.1133333333333333
2022-02-18 09:30:00,3.0766666666666667
2022-02-18 10:00:00,3.0233333333333334
2022-02-18 10:30:00,3.2083333333333335
2022-02-18 11:00:00,2.9183333333333334
2022-02-18 11:30:00,2.8816666666666664
2022-02-18 12:00:00,2.9416666666666664
2022-02-18 12:30:00,2.888333333333333
2022-02-18 13:00:00,2.9133333333333336
2022-02-18 13:30:00,2.9250000000000003
2022-02-18 14:00:00,2.908333333333333
2022-02-18 14:30:00,2.8666666666666667
2022-02-18 15:00:00,2.9416666666666664
2022-02-18 15:30:00,2.8366666666666664
2022-02-18 16:00:00,2.8350000000000004
2022-02-18 16:30:00,2.6783333333333332
2022-02-18 17:00:00,2.721666666666667
2022-02-18 17:30:00,2.6416666666666666
2022-02-18 18:00:00,2.6566666666666667
2022-02-18 18:30:00,2.645
2022-02-18 19:00:00,2.7916666666666665
2022-02-18 19:30:00,2.8166666666666664
2022-02-18 20:00:00,2.763333333333333
2022-02-18 20:30:00,2.7483333333333335
2022-02-18 21:00:00,2.84
2022-02-18 21:30:00,2.91
2022-02-18 22:00:00,2.875
2022-02-18 22:30:00,2.8983333333333334
2022-02-18 23:00:00,3.0500000000000003
2022-02-18 23:30:00,3.026666666666667
2022-02-19 00:00:00,2.8616666666666664
2022-02-19 00:30:00,2.8033333333333332
2022-02-19 01:00:00,2.9149999999999996
2022-02-19 01:30:00,2.7883333333333336
2022-02-19 02:00:00,2.7933333333333334
2022-02-19 02:30:00,2.7916666666666665
2022-02-19 03:00:00,2.805
2022-02-19 03:30:00,2.7916666666666665
2022-02-19 04:00:00,2.7933333333333334
2022-02-19 04:30:00,2.813333333333334
2022-02-19 05:00:00,2.8333333333333335
2022-02-19 05:30:00,2.9516666666666667
2022-02-19 06:00:00,3.2066666666666666
2022-02-19 06:30:00,3.33
2022-02-19 07:00:00,3.311666666666667
2022-02-19 07:30:00,3.2716666666666665
2022-02-19 08:00:00,3.1500000000000004
2022-02-19 08:30:00,3.0433333333333334
2022-02-19 09:00:00,2.9066666666666667
2022-02-19 09:30:00,2.7733333333333334
2022-02-19 10:00:00,2.7416666666666667
2022-02-19 10:30:00,2.7550000000000003
2022-02-19 11:00:00,2.75
2022-02-19 11:30:00,2.7566666666666664
2022-02-19 12:00:00,2.705
2022-02-19 12:30:00,2.7016666666666667
2022-02-19 13:00:00,2.6766666666666663
2022-02-19 13:30:00,2.716666666666667
2022-02-19 14:00:00,2.69
2022-02-19 14:30:00,2.6533333333333333
2022-02-19 15:00:00,2.731666666666667
2022-02-19 15:30:00,2.688333333333333
2022-02-19 16:00:00,2.6783333333333332
2022-02-19 16:30:00,2.643333333333333
2022-02-19 17:00:00,2.5749999999999997
2022-02-19 17:30:00,2.566666666666667
2022-02-19 18:00:00,2.6466666666666665
2022-02-19 18:30:00,2.65
2022-02-19 19:00:00,2.795
2022-02-19 19:30:00,2.848333333333333
2022-02-19 20:00:00,2.895
2022-02-19 20:30:00,2.9133333333333336
2022-02-19 21:00:00,3.0066666666666664
2022-02-19 21:30:00,3.06
2022-02-19 22:00:00,3.046666666666667
2022-02-19 22:30:00,3.1199999999999997
2022-02-19 23:00:00,3.0383333333333336
2022-02-19 23:30:00,3.0749999999999997
2022-02-20 00:00:00,2.94
2022-02-20 00:30:00,2.9566666666666666
2022-02-20 01:00:00,2.9466666666666668
2022-02-20 01:30:00,2.9766666666666666
2022-02-20 02:00:00,3.0
2022-02-20 02:30:00,2.9949999999999997
2022-02-20 03:00:00,2.9683333333333333
2022-02-20 03:30:00,2.9866666666666664
2022-02-20 04:00:00,2.9683333333333333
2022-02-20 04:30:00,3.0016666666666665
2022-02-20 05:00:00,2.983333333333333
2022-02-20 05:30:00,3.0216666666666665
2022-02-20 06:00:00,3.013333333333333
2022-02-20 06:30:00,3.143333333333333
2022-02-20 07:00:00,3.391666666666667
2022-02-20 07:30:00,5.428333333333334
2022-02-20 08:00:00,2.2033333333333336
2022-02-20 08:30:00,2.1733333333333333
2022-02-20 09:00:00,2.2566666666666664
2022-02-20 09:30:00,2.276666666666667
2022-02-20 10:00:00,2.4516666666666667
2022-02-20 10:30:00,2.9233333333333333
2022-02-20 11:00:00,10.266666666666667
2022-02-20 11:30:00,10.168333333333335
2022-02-20 12:00:00,1.4283333333333335
2022-02-20 12:30:00,1.4666666666666668
2022-02-20 13:00:00,1.4649999999999999
2022-02-20 13:30:00,1.4633333333333332
2022-02-20 14:00:00,1.4583333333333333
2022-02-20 14:30:00,1.5033333333333332
2022-02-20 15:00:00,1.53
2022-02-20 15:30:00,1.5266666666666666
2022-02-20 16:00:00,1.4983333333333333
2022-02-20 16:30:00,1.5416666666666667
2022-02-20 17:00:00,1.3416666666666668
2022-02-20 17:30:00,1.24
2022-02-20 18:00:00,1.2483333333333333
2022-02-20 18:30:00,1.2516666666666667
2022-02-20 19:00:00,1.2966666666666666
2022-02-20 19:30:00,1.3116666666666668
2022-02-20 20:00:00,1.3233333333333333
2022-02-20 20:30:00,1.33
2022-02-20 21:00:00,1.3266666666666667
2022-02-20 21:30:00,1.3216666666666665
2022-02-20 22:00:00,1.33
2022-02-20 22:30:00,1.3466666666666667
2022-02-20 23:00:00,1.3266666666666667
2022-02-20 23:30:00,1.2916666666666667
2022-02-21 00:00:00,1.32
2022-02-21 00:30:00,1.3283333333333334
2022-02-21 01:00:00,1.32
2022-02-21 01:30:00,1.3316666666666668
2022-02-21 02:00:00,1.3383333333333332
2022-02-21 02:30:00,1.345
2022-02-21 03:00:00,1.3566666666666667
2022-02-21 03:30:00,1.3516666666666666
2022-02-21 04:00:00,1.3816666666666668
2022-02-21 04:30:00,1.3966666666666667
2022-02-21 05:00:00,1.4100000000000001
2022-02-21 05:30:00,1.4316666666666666
2022-02-21 06:00:00,1.39
2022-02-21 06:30:00,1.39
2022-02-21 07:00:00,1.4466666666666665
2022-02-21 07:30:00,1.4649999999999999
2022-02-21 08:00:00,1.4349999999999998
2022-02-21 08:30:00,1.3966666666666665
2022-02-21 09:00:00,1.3800000000000001
2022-02-21 09:30:00,1.495
2022-02-21 10:00:00,1.375
2022-02-21 10:30:00,1.39
2022-02-21 11:00:00,1.42
2022-02-21 11:30:00,1.4116666666666668
2022-02-21 12:00:00,1.4266666666666667
2022-02-21 12:30:00,1.375
2022-02-21 13:00:00,1.3683333333333334
2022-02-21 13:30:00,1.36
2022-02-21 14:00:00,1.3549999999999998
2022-02-21 14:30:00,1.3883333333333334
2022-02-21 15:00:00,1.4333333333333333
2022-02-21 15:30:00,1.3950000000000002
2022-02-21 16:00:00,1.385
2022-02-21 16:30:00,1.3483333333333334
2022-02-21 17:00:00,1.3766666666666667
2022-02-21 17:30:00,1.2983333333333333
2022-02-21 18:00:00,1.26
2022-02-21 18:30:00,1.24
2022-02-21 19:00:00,1.3016666666666667
2022-02-21 19:30:00,1.2983333333333333
2022-02-21 20:00:00,1.2983333333333331
2022-02-21 20:30:00,1.3016666666666667
2022-02-21 21:00:00,1.3133333333333335
2022-02-21 21:30:00,1.3233333333333333
2022-02-21 22:00:00,1.3316666666666668
2022-02-21 22:30:00,1.445
2022-02-21 23:00:00,1.4266666666666667
2022-02-21 23:30:00,1.4166666666666667
2022-02-22 00:00:00,1.3566666666666667
2022-02-22 00:30:00,1.3399999999999999
2022-02-22 01:00:00,1.3499999999999999
2022-02-22 01:30:00,1.3466666666666667
2022-02-22 02:00:00,1.345
2022-02-22 02:30:00,1.3566666666666667
2022-02-22 03:00:00,1.3549999999999998
2022-02-22 03:30:00,1.3516666666666666
2022-02-22 04:00:00,1.3566666666666667
2022-02-22 04:30:00,1.3633333333333333
2022-02-22 05:00:00,1.3766666666666667
2022-02-22 05:30:00,1.3949999999999998
2022-02-22 06:00:00,1.39
2022-02-22 06:30:00,1.39
2022-02-22 07:00:00,1.3883333333333334
2022-02-22 07:30:00,1.4683333333333335
2022-02-22 08:00:00,1.415
2022-02-22 08:30:00,1.4266666666666665
2022-02-22 09:00:00,1.3533333333333335
2022-02-22 09:30:00,1.4383333333333332
2022-02-22 10:00:00,1.3766666666666667
2022-02-22 10:30:00,1.3866666666666667
2022-02-22 11:00:00,1.425
2022-02-22 11:30:00,1.4266666666666667
2022-02-22 12:00:00,1.4166666666666667
2022-02-22 12:30:00,1.4033333333333333
2022-02-22 13:00:00,1.4033333333333333
2022-02-22 13:30:00,1.37
2022-02-22 14:00:00,1.3633333333333333
2022-02-22 14:30:00,1.3650000000000002
2022-02-22 15:00:00,1.5216666666666667
2022-02-22 15:30:00,1.4866666666666666
2022-02-22 16:00:00,1.4916666666666665
2022-02-22 16:30:00,1.3216666666666665
2022-02-22 17:00:00,1.3583333333333334
2022-02-22 17:30:00,1.3333333333333333
2022-02-22 18:00:00,1.345
2022-02-22 18:30:00,1.3216666666666665
2022-02-22 19:00:00,1.39
2022-02-22 19:30:00,1.3866666666666667
2022-02-22 20:00:00,1.3916666666666666
2022-02-22 20:30:00,1.3949999999999998
2022-02-22 21:00:00,1.3966666666666665
2022-02-22 21:30:00,1.3883333333333334
2022-02-22 22:00:00,1.3933333333333333
2022-02-22 22:30:00,1.3933333333333333
2022-02-22 23:00:00,1.46
2022-02-22 23:30:00,1.5
2022-02-23 00:00:00,1.455
2022-02-23 00:30:00,1.425
2022-02-23 01:00:00,1.415
2022-02-23 01:30:00,1.4416666666666667
2022-02-23 02:00:00,1.3516666666666666
2022-02-23 02:30:00,1.3783333333333332
2022-02-23 03:00:00,1.3699999999999999
2022-02-23 03:30:00,1.3666666666666665
2022-02-23 04:00:00,1.3583333333333334
2022-02-23 04:30:00,1.3533333333333333
2022-02-23 05:00:00,1.3566666666666667
2022-02-23 05:30:00,1.3516666666666666
2022-02-23 06:00:00,1.3483333333333334
2022-02-23 06:30:00,1.3533333333333335
2022-02-23 07:00:00,1.3516666666666666
2022-02-23 07:30:00,1.4383333333333332
2022-02-23 08:00:00,1.425
2022-02-23 08:30:00,1.3816666666666666
2022-02-23 09:00:00,1.36
2022-02-23 09:30:00,1.3650000000000002
2022-02-23 10:00:00,1.3633333333333333
2022-02-23 10:30:00,1.3583333333333334
2022-02-23 11:00:00,1.3499999999999999
2022-02-23 11:30:00,1.3499999999999999
2022-02-23 12:00:00,1.3466666666666667
2022-02-23 12:30:00,1.3583333333333334
2022-02-23 13:00:00,1.3516666666666666
2022-02-23 13:30:00,1.3516666666666666
2022-02-23 14:00:00,1.36
2022-02-23 14:30:00,1.3616666666666666
2022-02-23 15:00:00,1.3633333333333333
2022-02-23 15:30:00,1.5033333333333332
2022-02-23 16:00:00,1.5166666666666668
2022-02-23 16:30:00,1.46
2022-02-23 17:00:00,1.39
2022-02-23 17:30:00,1.3616666666666666
2022-02-23 18:00:00,1.295
2022-02-23 18:30:00,1.2933333333333332
2022-02-23 19:00:00,1.3666666666666665
2022-02-23 19:30:00,1.3666666666666665
2022-02-23 20:00:00,1.3716666666666668
2022-02-23 20:30:00,1.365
2022-02-23 21:00:00,1.3783333333333332
2022-02-23 21:30:00,1.3733333333333333
2022-02-23 22:00:00,1.3950000000000002
2022-02-23 22:30:00,1.4166666666666667
2022-02-23 23:00:00,1.5333333333333332
2022-02-23 23:30:00,1.4616666666666667
2022-02-24 00:00:00,1.4783333333333333
2022-02-24 00:30:00,1.37
2022-02-24 01:00:00,1.3550000000000002
2022-02-24 01:30:00,1.3483333333333334
2022-02-24 02:00:00,1.3783333333333332
2022-02-24 02:30:00,1.3583333333333334
2022-02-24 03:00:00,1.335
2022-02-24 03:30:00,1.3499999999999999
2022-02-24 04:00:00,1.3566666666666667
2022-02-24 04:30:00,1.3549999999999998
2022-02-24 05:00:00,1.3516666666666666
2022-02-24 05:30:00,1.3583333333333334
2022-02-24 06:00:00,1.3666666666666665
2022-02-24 06:30:00,1.375
2022-02-24 07:00:00,1.3583333333333334
2022-02-24 07:30:00,1.3633333333333333
2022-02-24 08:00:00,1.4383333333333332
2022-02-24 08:30:00,1.4116666666666668
2022-02-24 09:00:00,1.4400000000000002
2022-02-24 09:30:00,1.4466666666666665
2022-02-24 10:00:00,1.42
2022-02-24 10:30:00,1.4333333333333333
2022-02-24 11:00:00,1.4800000000000002
2022-02-24 11:30:00,1.4799999999999998
2022-02-24 12:00:00,1.4566666666666668
2022-02-24 12:30:00,1.4383333333333335
2022-02-24 13:00:00,1.4216666666666669
2022-02-24 13:30:00,1.41
2022-02-24 14:00:00,1.4000000000000001
2022-02-24 14:30:00,1.45
2022-02-24 15:00:00,1.4566666666666668
2022-02-24 15:30:00,1.4400000000000002
2022-02-24 16:00:00,1.43
2022-02-24 16:30:00,1.375
2022-02-24 17:00:00,1.3083333333333333
2022-02-24 17:30:00,1.325
2022-02-24 18:00:00,1.29
2022-02-24 18:30:00,1.2866666666666668
2022-02-24 19:00:00,1.305
2022-02-24 19:30:00,1.3083333333333333
2022-02-24 20:00:00,1.3066666666666666
2022-02-24 20:30:00,1.3083333333333333
2022-02-24 21:00:00,1.3183333333333334
2022-02-24 21:30:00,1.3183333333333334
2022-02-24 22:00:00,1.315
2022-02-24 22:30:00,1.3066666666666666
2022-02-24 23:00:00,1.4400000000000002
2022-02-24 23:30:00,1.405
2022-02-25 00:00:00,1.385
2022-02-25 00:30:00,1.3433333333333335
2022-02-25 01:00:00,1.3016666666666665
2022-02-25 01:30:00,1.305
2022-02-25 02:00:00,1.3099999999999998
2022-02-25 02:30:00,1.3166666666666667
2022-02-25 03:00:00,1.315
2022-02-25 03:30:00,1.325
2022-02-25 04:00:00,1.3283333333333334
2022-02-25 04:30:00,1.345
2022-02-25 05:00:00,1.3466666666666667
2022-02-25 05:30:00,1.3483333333333334
2022-02-25 06:00:00,1.3566666666666667
2022-02-25 06:30:00,1.3399999999999999
2022-02-25 07:00:00,1.33
2022-02-25 07:30:00,1.3499999999999999
2022-02-25 08:00:00,1.3716666666666668
2022-02-25 08:30:00,1.3483333333333334
2022-02-25 09:00:00,1.3849999999999998
2022-02-25 09:30:00,1.405
2022-02-25 10:00:00,1.4116666666666664
2022-02-25 10:30:00,1.42
2022-02-25 11:00:00,1.42
2022-02-25 11:30:00,1.4166666666666667
2022-02-25 12:00:00,1.4183333333333332
2022-02-25 12:30:00,1.3883333333333334
2022-02-25 13:00:00,1.38
2022-02-25 13:30:00,1.3683333333333334
2022-02-25 14:00:00,1.3616666666666666
2022-02-25 14:30:00,1.3516666666666666
2022-02-25 15:00:00,1.3499999999999999
2022-02-25 15:30:00,1.3466666666666667
2022-02-25 16:00:00,1.345
2022-02-25 16:30:00,1.305
2022-02-25 17:00:00,1.3116666666666665
2022-02-25 17:30:00,1.33
2022-02-25 18:00:00,1.3483333333333334
2022-02-25 18:30:00,1.345
2022-02-25 19:00:00,1.325
2022-02-25 19:30:00,1.4616666666666667
2022-02-25 20:00:00,1.4816666666666667
2022-02-25 20:30:00,1.5016666666666667
2022-02-25 21:00:00,1.455
2022-02-25 21:30:00,1.5366666666666668
2022-02-25 22:00:00,1.4366666666666668
2022-02-25 22:30:00,1.4533333333333331
2022-02-25 23:00:00,1.4583333333333333
2022-02-25 23:30:00,1.43
2022-02-26 00:00:00,1.42
2022-02-26 00:30:00,1.4166666666666667
2022-02-26 01:00:00,1.415
2022-02-26 01:30:00,1.4133333333333333
2022-02-26 02:00:00,1.4100000000000001
2022-02-26 02:30:00,1.39
2022-02-26 03:00:00,1.3733333333333333
2022-02-26 03:30:00,1.3499999999999999
2022-02-26 04:00:00,1.3366666666666667
2022-02-26 04:30:00,1.3483333333333334
2022-02-26 05:00:00,1.343333333333333
2022-02-26 05:30:00,1.3566666666666667
2022-02-26 06:00:00,1.3483333333333334
2022-02-26 06:30:00,1.3483333333333334
2022-02-26 07:00:00,1.3616666666666666
2022-02-26 07:30:00,1.4866666666666666
2022-02-26 08:00:00,1.4416666666666667
2022-02-26 08:30:00,1.4649999999999999
2022-02-26 09:00:00,1.4683333333333335
2022-02-26 09:30:00,1.5183333333333333
2022-02-26 10:00:00,1.6266666666666667
2022-02-26 10:30:00,1.6600000000000001
2022-02-26 11:00:00,29.441666666666666
2022-02-26 11:30:00,1.0933333333333335
2022-02-26 12:00:00,1.0933333333333335
2022-02-26 12:30:00,1.0733333333333333
2022-02-26 13:00:00,1.0766666666666667
2022-02-26 13:30:00,1.0516666666666667
2022-02-26 14:00:00,1.0516666666666667
2022-02-26 14:30:00,1.04
2022-02-26 15:00:00,1.045
2022-02-26 15:30:00,1.03
2022-02-26 16:00:00,1.035
2022-02-26 16:30:00,1.0433333333333332
2022-02-26 17:00:00,1.045
2022-02-26 17:30:00,1.0316666666666665
2022-02-26 18:00:00,1.0283333333333333
2022-02-26 18:30:00,1.0316666666666665
2022-02-26 19:00:00,1.085
2022-02-26 19:30:00,1.2316666666666667
2022-02-26 20:00:00,1.1566666666666665
2022-02-26 20:30:00,1.1616666666666666
2022-02-26 21:00:00,1.1866666666666668
2022-02-26 21:30:00,1.14
2022-02-26 22:00:00,1.055
2022-02-26 22:30:00,1.0599999999999998
2022-02-26 23:00:00,1.035
2022-02-26 23:30:00,1.02
2022-02-27 00:00:00,1.0483333333333333
2022-02-27 00:30:00,1.0683333333333334
2022-02-27 01:00:00,1.0683333333333334
2022-02-27 01:30:00,1.0783333333333334
2022-02-27 02:00:00,1.07
2022-02-27 02:30:00,1.08
2022-02-27 03:00:00,1.0733333333333333
2022-02-27 03:30:00,1.0883333333333332
2022-02-27 04:00:00,1.09
2022-02-27 04:30:00,1.0933333333333333
2022-02-27 05:00:00,1.1016666666666666
2022-02-27 05:30:00,1.12
2022-02-27 06:00:00,1.1066666666666667
2022-02-27 06:30:00,1.0783333333333334
2022-02-27 07:00:00,1.05
2022-02-27 07:30:00,1.0916666666666666
2022-02-27 08:00:00,1.0816666666666668
2022-02-27 08:30:00,1.1449999999999998
2022-02-27 09:00:00,1.245
2022-02-27 09:30:00,1.2416666666666667
2022-02-27 10:00:00,1.26
2022-02-27 10:30:00,1.3516666666666666
2022-02-27 11:00:00,2.52
2022-02-27 11:30:00,4.735
2022-02-27 12:00:00,5.198333333333333
2022-02-27 12:30:00,5.163333333333333
2022-02-27 13:00:00,3.7899999999999996
2022-02-27 13:30:00,1.9583333333333333
2022-02-27 14:00:00,1.8266666666666664
2022-02-27 14:30:00,1.735
2022-02-27 15:00:00,1.6916666666666667
2022-02-27 15:30:00,1.5916666666666668
2022-02-27 16:00:00,1.365
2022-02-27 16:30:00,21.02
2022-02-27 17:00:00,5.7683333333333335
2022-02-27 17:30:00,68.61166666666666
2022-02-27 18:00:00,3.75
2022-02-27 18:30:00,4.051666666666667
2022-02-27 19:00:00,5.238333333333333
2022-02-27 19:30:00,3.9916666666666667
2022-02-27 20:00:00,3.7733333333333334
2022-02-27 20:30:00,3.605
2022-02-27 21:00:00,3.3016666666666663
2022-02-27 21:30:00,3.098333333333333
2022-02-27 22:00:00,2.98
2022-02-27 22:30:00,2.796666666666667
2022-02-27 23:00:00,2.77
2022-02-27 23:30:00,2.7933333333333334
2022-02-28 00:00:00,2.688333333333333
2022-02-28 00:30:00,2.57
2022-02-28 01:00:00,2.6183333333333336
2022-02-28 01:30:00,2.408333333333333
2022-02-28 02:00:00,2.3183333333333334
2022-02-28 02:30:00,2.3066666666666666
2022-02-28 03:00:00,2.375
2022-02-28 03:30:00,2.4
2022-02-28 04:00:00,2.4133333333333336
2022-02-28 04:30:00,2.3116666666666665
2022-02-28 05:00:00,2.33
2022-02-28 05:30:00,2.2383333333333333
2022-02-28 06:00:00,2.2883333333333336
2022-02-28 06:30:00,2.268333333333333
2022-02-28 07:00:00,2.2616666666666667
2022-02-28 07:30:00,2.216666666666667
2022-02-28 08:00:00,2.2033333333333336
2022-02-28 08:30:00,2.1566666666666667
2022-02-28 09:00:00,2.1183333333333336
2022-02-28 09:30:00,2.1633333333333336
2022-02-28 10:00:00,2.151666666666667
2022-02-28 10:30:00,2.123333333333333
2022-02-28 11:00:00,2.0833333333333335
2022-02-28 11:30:00,2.095
2022-02-28 12:00:00,2.1466666666666665
2022-02-28 12:30:00,2.1199999999999997
2022-02-28 13:00:00,2.0833333333333335
2022-02-28 13:30:00,2.085
2022-02-28 14:00:00,2.033333333333333
2022-02-28 14:30:00,2.033333333333333
2022-02-28 15:00:00,2.026666666666667
2022-02-28 15:30:00,2.0016666666666665
2022-02-28 16:00:00,2.0383333333333336
2022-02-28 16:30:00,2.065
2022-02-28 17:00:00,2.0766666666666667
2022-02-28 17:30:00,2.0733333333333337
2022-02-28 18:00:00,2.08
2022-02-28 18:30:00,2.0483333333333333
2022-02-28 19:00:00,2.0516666666666667
2022-02-28 19:30:00,2.08
2022-02-28 20:00:00,1.991666666666667
2022-02-28 20:30:00,2.03
2022-02-28 21:00:00,2.033333333333333
2022-02-28 21:30:00,2.125
2022-02-28 22:00:00,2.1766666666666667
2022-02-28 22:30:00,2.155
2022-02-28 23:00:00,2.143333333333333
2022-02-28 23:30:00,2.0466666666666664
2022-03-01 00:00:00,2.04
2022-03-01 00:30:00,1.9716666666666667
2022-03-01 01:00:00,1.9566666666666663
2022-03-01 01:30:00,1.95
2022-03-01 02:00:00,1.96
2022-03-01 02:30:00,1.955
2022-03-01 03:00:00,1.95
2022-03-01 03:30:00,1.9316666666666666
2022-03-01 04:00:00,1.93
2022-03-01 04:30:00,1.9283333333333335
2022-03-01 05:00:00,1.9349999999999998
2022-03-01 05:30:00,1.9400000000000002
2022-03-01 06:00:00,1.9366666666666665
2022-03-01 06:30:00,1.9400000000000002
2022-03-01 07:00:00,1.9266666666666667
2022-03-01 07:30:00,1.8933333333333333
2022-03-01 08:00:00,1.9016666666666666
2022-03-01 08:30:00,1.9000000000000001
2022-03-01 09:00:00,1.915
2022-03-01 09:30:00,1.8983333333333334
2022-03-01 10:00:00,1.8983333333333334
2022-03-01 10:30:00,1.885
2022-03-01 11:00:00,1.88
2022-03-01 11:30:00,1.9066666666666665
2022-03-01 12:00:00,1.925
2022-03-01 12:30:00,1.93
2022-03-01 13:00:00,1.9433333333333334
2022-03-01 13:30:00,1.9183333333333332
2022-03-01 14:00:00,1.925
2022-03-01 14:30:00,1.9316666666666666
2022-03-01 15:00:00,1.9516666666666669
2022-03-01 15:30:00,1.9633333333333336
2022-03-01 16:00:00,1.9566666666666668
2022-03-01 16:30:00,1.9833333333333334
2022-03-01 17:00:00,1.9749999999999999
2022-03-01 17:30:00,1.97
2022-03-01 18:00:00,1.9799999999999998
2022-03-01 18:30:00,1.97
2022-03-01 19:00:00,1.97
2022-03-01 19:30:00,2.0616666666666665
2022-03-01 20:00:00,2.033333333333333
2022-03-01 20:30:00,2.01
2022-03-01 21:00:00,2.0166666666666666
2022-03-01 21:30:00,2.015
2022-03-01 22:00:00,2.0083333333333333
2022-03-01 22:30:00,2.02
2022-03-01 23:00:00,2.033333333333333
2022-03-01 23:30:00,2.0433333333333334
2022-03-02 00:00:00,2.0433333333333334
2022-03-02 00:30:00,2.045
2022-03-02 01:00:00,2.0683333333333334
2022-03-02 01:30:00,2.0683333333333334
2022-03-02 02:00:00,2.0733333333333333
2022-03-02 02:30:00,2.0716666666666668
2022-03-02 03:00:00,2.0816666666666666
2022-03-02 03:30:00,2.0833333333333335
2022-03-02 04:00:00,2.095
2022-03-02 04:30:00,2.0866666666666664
2022-03-02 05:00:00,2.091666666666667
2022-03-02 05:30:00,2.1033333333333335
2022-03-02 06:00:00,2.111666666666667
2022-03-02 06:30:00,2.106666666666667
2022-03-02 07:00:00,2.091666666666667
2022-03-02 07:30:00,2.065
2022-03-02 08:00:00,2.0416666666666665
2022-03-02 08:30:00,2.1033333333333335
2022-03-02 09:00:00,2.1283333333333334
2022-03-02 09:30:00,2.106666666666667
2022-03-02 10:00:00,2.1266666666666665
2022-03-02 10:30:00,2.1266666666666665
2022-03-02 11:00:00,2.103333333333333
2022-03-02 11:30:00,2.063333333333333
2022-03-02 12:00:00,2.0816666666666666
2022-03-02 12:30:00,2.1
2022-03-02 13:00:00,2.11
2022-03-02 13:30:00,2.1233333333333335
2022-03-02 14:00:00,2.138333333333333
2022-03-02 14:30:00,2.1283333333333334
2022-03-02 15:00:00,2.135
2022-03-02 15:30:00,2.1266666666666665
2022-03-02 16:00:00,2.1333333333333333
2022-03-02 16:30:00,2.1166666666666667
2022-03-02 17:00:00,1.9616666666666667
2022-03-02 17:30:00,1.955
2022-03-02 18:00:00,1.9483333333333333
2022-03-02 18:30:00,1.945
2022-03-02 19:00:00,1.9933333333333334
2022-03-02 19:30:00,1.9800000000000002
2022-03-02 20:00:00,1.9783333333333333
2022-03-02 20:30:00,1.9933333333333334
2022-03-02 21:00:00,2.0016666666666665
2022-03-02 21:30:00,1.9983333333333333
2022-03-02 22:00:00,2.0116666666666667
2022-03-02 22:30:00,2.02
2022-03-02 23:00:00,2.03
2022-03-02 23:30:00,2.0233333333333334
2022-03-03 00:00:00,2.0416666666666665
2022-03-03 00:30:00,2.0483333333333333
2022-03-03 01:00:00,2.06
2022-03-03 01:30:00,2.07
2022-03-03 02:00:00,2.0716666666666668
2022-03-03 02:30:00,2.066666666666667
2022-03-03 03:00:00,2.058333333333333
2022-03-03 03:30:00,2.0233333333333334
2022-03-03 04:00:00,2.0233333333333334
2022-03-03 04:30:00,2.0116666666666667
2022-03-03 05:00:00,1.9983333333333333
2022-03-03 05:30:00,2.0083333333333333
2022-03-03 06:00:00,2.0083333333333333
2022-03-03 06:30:00,2.0166666666666666
2022-03-03 07:00:00,2.018333333333333
2022-03-03 07:30:00,2.125
2022-03-03 08:00:00,2.1133333333333333
2022-03-03 08:30:00,2.095
2022-03-03 09:00:00,2.0766666666666667
2022-03-03 09:30:00,2.055
2022-03-03 10:00:00,2.0933333333333333
2022-03-03 10:30:00,2.0966666666666667
2022-03-03 11:00:00,2.0966666666666667
2022-03-03 11:30:00,2.0766666666666667
2022-03-03 12:00:00,2.0433333333333334
2022-03-03 12:30:00,2.02
2022-03-03 13:00:00,2.0
2022-03-03 13:30:00,1.9983333333333333
2022-03-03 14:00:00,1.99
2022-03-03 14:30:00,1.9816666666666667
2022-03-03 15:00:00,1.985
2022-03-03 15:30:00,1.9383333333333332
2022-03-03 16:00:00,2.03
2022-03-03 16:30:00,1.9333333333333333
2022-03-03 17:00:00,1.9383333333333335
2022-03-03 17:30:00,1.9516666666666664
2022-03-03 18:00:00,1.9966666666666668
2022-03-03 18:30:00,2.0066666666666664
2022-03-03 19:00:00,2.03
2022-03-03 19:30:00,2.05
2022-03-03 20:00:00,2.08
2022-03-03 20:30:00,2.0233333333333334
2022-03-03 21:00:00,2.04
2022-03-03 21:30:00,2.018333333333333
2022-03-03 22:00:00,2.09
2022-03-03 22:30:00,2.0933333333333333
2022-03-03 23:00:00,2.17
2022-03-03 23:30:00,2.1300000000000003
2022-03-04 00:00:00,2.0283333333333333
2022-03-04 00:30:00,1.9366666666666668
2022-03-04 01:00:00,1.925
2022-03-04 01:30:00,1.9333333333333333
2022-03-04 02:00:00,1.9483333333333333
2022-03-04 02:30:00,1.9516666666666669
2022-03-04 03:00:00,1.9633333333333336
2022-03-04 03:30:00,1.9649999999999999
2022-03-04 04:00:00,1.9666666666666668
2022-03-04 04:30:00,1.9400000000000002
2022-03-04 05:00:00,1.9283333333333335
2022-03-04 05:30:00,1.9183333333333332
2022-03-04 06:00:00,1.9266666666666667
2022-03-04 06:30:00,1.9066666666666665
2022-03-04 07:00:00,1.93
2022-03-04 07:30:00,2.026666666666667
2022-03-04 08:00:00,2.0966666666666667
2022-03-04 08:30:00,1.9799999999999998
2022-03-04 09:00:00,2.0483333333333333
2022-03-04 09:30:00,1.9366666666666668
2022-03-04 10:00:00,1.9733333333333334
2022-03-04 10:30:00,2.0
2022-03-04 11:00:00,1.9916666666666665
2022-03-04 11:30:00,1.8950000000000002
2022-03-04 12:00:00,1.8933333333333333
2022-03-04 12:30:00,1.8883333333333334
2022-03-04 13:00:00,1.8716666666666668
2022-03-04 13:30:00,1.9833333333333334
2022-03-04 14:00:00,1.9216666666666669
2022-03-04 14:30:00,1.9649999999999999
2022-03-04 15:00:00,1.9283333333333335
2022-03-04 15:30:00,1.985
2022-03-04 16:00:00,1.9466666666666665
2022-03-04 16:30:00,1.9649999999999999
2022-03-04 17:00:00,1.8833333333333335
2022-03-04 17:30:00,1.9266666666666667
2022-03-04 18:00:00,1.86
2022-03-04 18:30:00,1.86
2022-03-04 19:00:00,1.8616666666666666
2022-03-04 19:30:00,1.9516666666666664
2022-03-04 20:00:00,1.92
2022-03-04 20:30:00,1.9800000000000002
2022-03-04 21:00:00,1.9400000000000002
2022-03-04 21:30:00,1.93
2022-03-04 22:00:00,2.05
2022-03-04 22:30:00,2.125
2022-03-04 23:00:00,2.1466666666666665
2022-03-04 23:30:00,2.155
2022-03-05 00:00:00,5.668333333333333
2022-03-05 00:30:00,6.613333333333333
2022-03-05 01:00:00,1.4583333333333333
2022-03-05 01:30:00,1.47
2022-03-05 02:00:00,1.4749999999999999
2022-03-05 02:30:00,1.485
2022-03-05 03:00:00,1.4900000000000002
2022-03-05 03:30:00,1.49
2022-03-05 04:00:00,1.5033333333333332
2022-03-05 04:30:00,1.5133333333333334
2022-03-05 05:00:00,1.5333333333333332
2022-03-05 05:30:00,1.5383333333333333
2022-03-05 06:00:00,1.5350000000000001
2022-03-05 06:30:00,1.5483333333333331
2022-03-05 07:00:00,1.5716666666666665
2022-03-05 07:30:00,1.6733333333333331
2022-03-05 08:00:00,1.6533333333333333
2022-03-05 08:30:00,1.6566666666666665
2022-03-05 09:00:00,1.7416666666666665
2022-03-05 09:30:00,1.6849999999999998
2022-03-05 10:00:00,1.6466666666666665
2022-03-05 10:30:00,1.6066666666666667
2022-03-05 11:00:00,1.585
2022-03-05 11:30:00,1.5999999999999999
2022-03-05 12:00:00,1.6049999999999998
2022-03-05 12:30:00,1.5733333333333335
2022-03-05 13:00:00,1.5616666666666668
2022-03-05 13:30:00,1.5766666666666669
2022-03-05 14:00:00,1.5783333333333331
2022-03-05 14:30:00,1.6333333333333335
2022-03-05 15:00:00,1.6066666666666667
2022-03-05 15:30:00,1.615
2022-03-05 16:00:00,1.5683333333333334
2022-03-05 16:30:00,1.5516666666666665
2022-03-05 17:00:00,1.555
2022-03-05 17:30:00,1.5399999999999998
2022-03-05 18:00:00,1.5533333333333335
2022-03-05 18:30:00,1.5383333333333333
2022-03-05 19:00:00,1.5533333333333335
2022-03-05 19:30:00,1.5433333333333332
2022-03-05 20:00:00,1.5333333333333332
2022-03-05 20:30:00,1.5483333333333331
2022-03-05 21:00:00,1.57
2022-03-05 21:30:00,1.6116666666666666
2022-03-05 22:00:00,1.5933333333333335
2022-03-05 22:30:00,1.5966666666666667
2022-03-05 23:00:00,1.5716666666666665
2022-03-05 23:30:00,1.5316666666666665
2022-03-06 00:00:00,1.54
2022-03-06 00:30:00,1.5483333333333331
2022-03-06 01:00:00,1.54
2022-03-06 01:30:00,1.545
2022-03-06 02:00:00,1.5483333333333331
2022-03-06 02:30:00,1.545
2022-03-06 03:00:00,1.5533333333333335
2022-03-06 03:30:00,1.5516666666666667
2022-03-06 04:00:00,1.5583333333333336
2022-03-06 04:30:00,1.5599999999999998
2022-03-06 05:00:00,1.5533333333333335
2022-03-06 05:30:00,1.5583333333333336
2022-03-06 06:00:00,1.5566666666666666
2022-03-06 06:30:00,1.575
2022-03-06 07:00:00,1.53
2022-03-06 07:30:00,1.5283333333333333
2022-03-06 08:00:00,1.6483333333333334
2022-03-06 08:30:00,1.675
2022-03-06 09:00:00,1.6866666666666668
2022-03-06 09:30:00,1.7183333333333335
2022-03-06 10:00:00,1.62
2022-03-06 10:30:00,1.5616666666666665
2022-03-06 11:00:00,1.5266666666666666
2022-03-06 11:30:00,1.5166666666666666
2022-03-06 12:00:00,1.5599999999999998
2022-03-06 12:30:00,1.5133333333333334
2022-03-06 13:00:00,1.4883333333333333
2022-03-06 13:30:00,1.595
2022-03-06 14:00:00,1.5516666666666667
2022-03-06 14:30:00,1.5116666666666667
2022-03-06 15:00:00,2.8516666666666666
2022-03-06 15:30:00,2.7116666666666664
2022-03-06 16:00:00,3.268333333333333
2022-03-06 16:30:00,2.7983333333333333
2022-03-06 17:00:00,2.6033333333333335
2022-03-06 17:30:00,2.51
2022-03-06 18:00:00,2.4600000000000004
2022-03-06 18:30:00,8.946666666666667
2022-03-06 19:00:00,8.111666666666666
2022-03-06 19:30:00,8.135
2022-03-06 20:00:00,6.053333333333334
2022-03-06 20:30:00,3.856666666666667
2022-03-06 21:00:00,3.5366666666666666
2022-03-06 21:30:00,3.3783333333333334
2022-03-06 22:00:00,3.9683333333333337
2022-03-06 22:30:00,3.526666666666667
2022-03-06 23:00:00,3.2550000000000003
2022-03-06 23:30:00,3.1300000000000003
2022-03-07 00:00:00,3.111666666666667
2022-03-07 00:30:00,2.9949999999999997
2022-03-07 01:00:00,2.9916666666666667
2022-03-07 01:30:00,2.965
2022-03-07 02:00:00,2.99
2022-03-07 02:30:00,3.0083333333333333
2022-03-07 03:00:00,2.935
2022-03-07 03:30:00,2.9149999999999996
2022-03-07 04:00:00,3.01
2022-03-07 04:30:00,3.06
2022-03-07 05:00:00,2.855
2022-03-07 05:30:00,2.7816666666666667
2022-03-07 06:00:00,2.75
2022-03-07 06:30:00,2.7566666666666664
2022-03-07 07:00:00,2.6966666666666668
2022-03-07 07:30:00,2.8266666666666667
2022-03-07 08:00:00,2.7116666666666664
2022-03-07 08:30:00,2.6816666666666666
2022-03-07 09:00:00,2.5766666666666667
2022-03-07 09:30:00,2.483333333333333
2022-03-07 10:00:00,2.4566666666666666
2022-03-07 10:30:00,2.465
2022-03-07 11:00:00,2.465
2022-03-07 11:30:00,2.4566666666666666
2022-03-07 12:00:00,2.4433333333333334
2022-03-07 12:30:00,2.4266666666666667
2022-03-07 13:00:00,2.4166666666666665
2022-03-07 13:30:00,2.4316666666666666
2022-03-07 14:00:00,2.4116666666666666
2022-03-07 14:30:00,2.3983333333333334
2022-03-07 15:00:00,2.561666666666667
2022-03-07 15:30:00,2.5466666666666664
2022-03-07 16:00:00,2.5483333333333333
2022-03-07 16:30:00,2.54
2022-03-07 17:00:00,2.515
2022-03-07 17:30:00,2.505
2022-03-07 18:00:00,2.525
2022-03-07 18:30:00,2.52
2022-03-07 19:00:00,2.455
2022-03-07 19:30:00,2.4816666666666665
2022-03-07 20:00:00,2.481666666666667
2022-03-07 20:30:00,2.4983333333333335
2022-03-07 21:00:00,2.5066666666666664
2022-03-07 21:30:00,2.5416666666666665
2022-03-07 22:00:00,2.66
2022-03-07 22:30:00,2.631666666666667
2022-03-07 23:00:00,2.638333333333333
2022-03-07 23:30:00,2.6416666666666666
2022-03-08 00:00:00,2.6833333333333336
2022-03-08 00:30:00,2.5816666666666666
2022-03-08 01:00:00,2.5633333333333335
2022-03-08 01:30:00,2.5883333333333334
2022-03-08 02:00:00,2.5866666666666664
2022-03-08 02:30:00,2.6016666666666666
2022-03-08 03:00:00,2.575
2022-03-08 03:30:00,2.598333333333333
2022-03-08 04:00:00,2.5766666666666667
2022-03-08 04:30:00,2.5833333333333335
2022-03-08 05:00:00,2.525
2022-03-08 05:30:00,2.4916666666666667
2022-03-08 06:00:00,2.5083333333333333
2022-03-08 06:30:00,2.5183333333333335
2022-03-08 07:00:00,2.4566666666666666
2022-03-08 07:30:00,2.5933333333333333
2022-03-08 08:00:00,2.521666666666667
2022-03-08 08:30:00,2.4233333333333333
2022-03-08 09:00:00,2.375
2022-03-08 09:30:00,2.263333333333333
2022-03-08 10:00:00,2.205
2022-03-08 10:30:00,2.1783333333333332
2022-03-08 11:00:00,2.1316666666666664
2022-03-08 11:30:00,2.1616666666666666
2022-03-08 12:00:00,2.1866666666666665
2022-03-08 12:30:00,2.1616666666666666
2022-03-08 13:00:00,2.1366666666666667
2022-03-08 13:30:00,2.165
2022-03-08 14:00:00,2.158333333333333
2022-03-08 14:30:00,2.265
2022-03-08 15:00:00,2.2016666666666667
2022-03-08 15:30:00,2.2066666666666666
2022-03-08 16:00:00,2.1483333333333334
2022-03-08 16:30:00,2.1766666666666667
2022-03-08 17:00:00,2.236666666666667
2022-03-08 17:30:00,2.1966666666666668
2022-03-08 18:00:00,2.3583333333333334
2022-03-08 18:30:00,2.305
2022-03-08 19:00:00,2.3766666666666665
2022-03-08 19:30:00,2.453333333333333
2022-03-08 20:00:00,2.408333333333333
2022-03-08 20:30:00,2.263333333333333
2022-03-08 21:00:00,2.27
2022-03-08 21:30:00,2.2866666666666666
2022-03-08 22:00:00,2.28
2022-03-08 22:30:00,2.283333333333333
2022-03-08 23:00:00,2.4516666666666667
2022-03-08 23:30:00,2.433333333333333
2022-03-09 00:00:00,2.4583333333333335
2022-03-09 00:30:00,2.4783333333333335
2022-03-09 01:00:00,2.39
2022-03-09 01:30:00,2.3966666666666665
2022-03-09 02:00:00,2.4066666666666667
2022-03-09 02:30:00,2.4433333333333334
2022-03-09 03:00:00,2.438333333333333
2022-03-09 03:30:00,2.4483333333333337
2022-03-09 04:00:00,2.4566666666666666
2022-03-09 04:30:00,2.4416666666666664
2022-03-09 05:00:00,2.3983333333333334
2022-03-09 05:30:00,2.3766666666666665
2022-03-09 06:00:00,2.3766666666666665
2022-03-09 06:30:00,2.4133333333333336
2022-03-09 07:00:00,2.465
2022-03-09 07:30:00,2.563333333333333
2022-03-09 08:00:00,2.5816666666666666
2022-03-09 08:30:00,2.465
2022-03-09 09:00:00,2.4683333333333333
2022-03-09 09:30:00,2.4483333333333333
2022-03-09 10:00:00,2.3183333333333334
2022-03-09 10:30:00,2.348333333333333
2022-03-09 11:00:00,2.355
2022-03-09 11:30:00,2.3683333333333336
2022-03-09 12:00:00,2.39
2022-03-09 12:30:00,2.3733333333333335
2022-03-09 13:00:00,2.316666666666667
2022-03-09 13:30:00,2.3016666666666667
2022-03-09 14:00:00,2.3266666666666667
2022-03-09 14:30:00,2.3966666666666665
2022-03-09 15:00:00,2.3516666666666666
2022-03-09 15:30:00,2.305
2022-03-09 16:00:00,2.353333333333333
2022-03-09 16:30:00,2.3683333333333336
2022-03-09 17:00:00,2.345
2022-03-09 17:30:00,2.231666666666667
2022-03-09 18:00:00,2.245
2022-03-09 18:30:00,2.1999999999999997
2022-03-09 19:00:00,2.2583333333333333
2022-03-09 19:30:00,2.265
2022-03-09 20:00:00,2.2733333333333334
2022-03-09 20:30:00,2.2399999999999998
2022-03-09 21:00:00,2.271666666666667
2022-03-09 21:30:00,2.2533333333333334
2022-03-09 22:00:00,2.433333333333333
2022-03-09 22:30:00,2.3583333333333334
2022-03-09 23:00:00,2.4033333333333333
2022-03-09 23:30:00,2.2933333333333334
2022-03-10 00:00:00,2.3733333333333335
2022-03-10 00:30:00,2.3016666666666667
2022-03-10 01:00:00,2.2733333333333334
2022-03-10 01:30:00,2.2416666666666667
2022-03-10 02:00:00,2.29
2022-03-10 02:30:00,2.32
2022-03-10 03:00:00,2.2950000000000004
2022-03-10 03:30:00,2.2866666666666666
2022-03-10 04:00:00,2.3383333333333334
2022-03-10 04:30:00,2.34
2022-03-10 05:00:00,2.3283333333333336
2022-03-10 05:30:00,2.3266666666666667
2022-03-10 06:00:00,2.35
2022-03-10 06:30:00,2.335
2022-03-10 07:00:00,2.3333333333333335
2022-03-10 07:30:00,2.438333333333333
2022-03-10 08:00:00,2.4
2022-03-10 08:30:00,2.4
2022-03-10 09:00:00,2.3249999999999997
2022-03-10 09:30:00,2.3649999999999998
2022-03-10 10:00:00,2.1933333333333334
2022-03-10 10:30:00,2.1416666666666666
2022-03-10 11:00:00,2.1283333333333334
2022-03-10 11:30:00,2.1316666666666664
2022-03-10 12:00:00,2.1216666666666666
2022-03-10 12:30:00,2.1233333333333335
2022-03-10 13:00:00,2.1083333333333334
2022-03-10 13:30:00,2.091666666666667
2022-03-10 14:00:00,2.0683333333333334
2022-03-10 14:30:00,2.058333333333333
2022-03-10 15:00:00,2.0533333333333332
2022-03-10 15:30:00,2.111666666666667
2022-03-10 16:00:00,2.055
2022-03-10 16:30:00,2.13
2022-03-10 17:00:00,2.1566666666666667
2022-03-10 17:30:00,2.0516666666666667
2022-03-10 18:00:00,1.995
2022-03-10 18:30:00,1.9983333333333333
2022-03-10 19:00:00,2.02
2022-03-10 19:30:00,2.0033333333333334
2022-03-10 20:00:00,2.0233333333333334
2022-03-10 20:30:00,2.02
2022-03-10 21:00:00,2.0616666666666665
2022-03-10 21:30:00,2.06
2022-03-10 22:00:00,2.0683333333333334
2022-03-10 22:30:00,2.06
2022-03-10 23:00:00,2.18
2022-03-10 23:30:00,2.1999999999999997
2022-03-11 00:00:00,2.2116666666666664
2022-03-11 00:30:00,2.2466666666666666
2022-03-11 01:00:00,2.1366666666666667
2022-03-11 01:30:00,2.1283333333333334
2022-03-11 02:00:00,2.1216666666666666
2022-03-11 02:30:00,2.1316666666666664
2022-03-11 03:00:00,2.155
2022-03-11 03:30:00,2.171666666666667
2022-03-11 04:00:00,2.2116666666666664
2022-03-11 04:30:00,2.2033333333333336
2022-03-11 05:00:00,2.215
2022-03-11 05:30:00,2.2083333333333335
2022-03-11 06:00:00,2.265
2022-03-11 06:30:00,2.2583333333333333
2022-03-11 07:00:00,2.2866666666666666
2022-03-11 07:30:00,2.4616666666666664
2022-03-11 08:00:00,2.4483333333333333
2022-03-11 08:30:00,2.4283333333333332
2022-03-11 09:00:00,2.415
2022-03-11 09:30:00,2.231666666666667
2022-03-11 10:00:00,2.228333333333333
2022-03-11 10:30:00,2.1666666666666665
2022-03-11 11:00:00,2.17
2022-03-11 11:30:00,2.151666666666667
2022-03-11 12:00:00,2.14
2022-03-11 12:30:00,2.1083333333333334
2022-03-11 13:00:00,2.1183333333333336
2022-03-11 13:30:00,2.106666666666667
2022-03-11 14:00:00,2.1316666666666664
2022-03-11 14:30:00,2.1716666666666664
2022-03-11 15:00:00,2.2933333333333334
2022-03-11 15:30:00,2.2583333333333333
2022-03-11 16:00:00,2.32
2022-03-11 16:30:00,2.276666666666667
2022-03-11 17:00:00,2.155
2022-03-11 17:30:00,2.1266666666666665
2022-03-11 18:00:00,2.17
2022-03-11 18:30:00,2.106666666666667
2022-03-11 19:00:00,2.145
2022-03-11 19:30:00,2.19
2022-03-11 20:00:00,2.1533333333333333
2022-03-11 20:30:00,2.1416666666666666
2022-03-11 21:00:00,2.2583333333333333
2022-03-11 21:30:00,2.243333333333333
2022-03-11 22:00:00,2.2733333333333334
2022-03-11 22:30:00,3.27
2022-03-11 23:00:00,1.79
2022-03-11 23:30:00,1.7533333333333332
2022-03-12 00:00:00,3.15
2022-03-12 00:30:00,1.2933333333333332
2022-03-12 01:00:00,1.2933333333333332
2022-03-12 01:30:00,1.3016666666666667
2022-03-12 02:00:00,1.3133333333333335
2022-03-12 02:30:00,1.315
2022-03-12 03:00:00,1.3150000000000002
2022-03-12 03:30:00,1.32
2022-03-12 04:00:00,1.3166666666666667
2022-03-12 04:30:00,1.32
2022-03-12 05:00:00,1.3183333333333334
2022-03-12 05:30:00,1.3083333333333333
2022-03-12 06:00:00,1.3266666666666667
2022-03-12 06:30:00,1.3533333333333335
2022-03-12 07:00:00,1.3366666666666667
2022-03-12 07:30:00,1.4716666666666667
2022-03-12 08:00:00,1.5183333333333333
2022-03-12 08:30:00,1.47
2022-03-12 09:00:00,1.5083333333333335
2022-03-12 09:30:00,1.4533333333333334
2022-03-12 10:00:00,1.4516666666666669
2022-03-12 10:30:00,1.555
2022-03-12 11:00:00,1.3849999999999998
2022-03-12 11:30:00,1.3
2022-03-12 12:00:00,1.2833333333333334
2022-03-12 12:30:00,1.2883333333333333
2022-03-12 13:00:00,1.3066666666666666
2022-03-12 13:30:00,1.45
2022-03-12 14:00:00,1.3933333333333333
2022-03-12 14:30:00,1.4033333333333333
2022-03-12 15:00:00,1.3483333333333334
2022-03-12 15:30:00,1.3433333333333335
2022-03-12 16:00:00,1.3333333333333333
2022-03-12 16:30:00,1.3150000000000002
2022-03-12 17:00:00,1.295
2022-03-12 17:30:00,1.2716666666666667
2022-03-12 18:00:00,1.2683333333333333
2022-03-12 18:30:00,1.2616666666666667
2022-03-12 19:00:00,1.2866666666666666
2022-03-12 19:30:00,1.2816666666666665
2022-03-12 20:00:00,1.2933333333333332
2022-03-12 20:30:00,1.2933333333333332
2022-03-12 21:00:00,1.3116666666666668
2022-03-12 21:30:00,1.3033333333333335
2022-03-12 22:00:00,1.39
2022-03-12 22:30:00,1.4100000000000001
2022-03-12 23:00:00,1.3983333333333334
2022-03-12 23:30:00,1.5
2022-03-13 00:00:00,1.5066666666666666
2022-03-13 00:30:00,1.4433333333333334
2022-03-13 01:00:00,1.2816666666666665
2022-03-13 01:30:00,1.28
2022-03-13 02:00:00,1.2866666666666666
2022-03-13 02:30:00,1.27
2022-03-13 03:00:00,1.2683333333333333
2022-03-13 03:30:00,1.29
2022-03-13 04:00:00,1.2883333333333333
2022-03-13 04:30:00,1.28
2022-03-13 05:00:00,1.2983333333333331
2022-03-13 05:30:00,1.28
2022-03-13 06:00:00,1.2866666666666668
2022-03-13 06:30:00,1.3016666666666667
2022-03-13 07:00:00,1.33
2022-03-13 07:30:00,1.4749999999999999
2022-03-13 08:00:00,1.4649999999999999
2022-03-13 08:30:00,1.4266666666666667
2022-03-13 09:00:00,1.45
2022-03-13 09:30:00,1.4333333333333333
2022-03-13 10:00:00,1.33
2022-03-13 10:30:00,1.28
2022-03-13 11:00:00,1.265
2022-03-13 11:30:00,1.2616666666666667
2022-03-13 12:00:00,1.2533333333333332
2022-03-13 12:30:00,1.255
2022-03-13 13:00:00,1.2516666666666667
2022-03-13 13:30:00,1.255
2022-03-13 14:00:00,1.2666666666666666
2022-03-13 14:30:00,1.265
2022-03-13 15:00:00,1.4400000000000002
2022-03-13 15:30:00,1.4066666666666665
2022-03-13 16:00:00,1.4566666666666668
2022-03-13 16:30:00,1.335
2022-03-13 17:00:00,1.3150000000000002
2022-03-13 17:30:00,1.305
2022-03-13 18:00:00,1.3233333333333333
2022-03-13 18:30:00,1.2883333333333333
2022-03-13 19:00:00,1.3066666666666666
2022-03-13 19:30:00,1.3066666666666666
2022-03-13 20:00:00,1.2916666666666667
2022-03-13 20:30:00,1.2916666666666667
2022-03-13 21:00:00,1.2833333333333334
2022-03-13 21:30:00,1.2933333333333332
2022-03-13 22:00:00,1.4616666666666667
2022-03-13 22:30:00,1.455
2022-03-13 23:00:00,1.4100000000000001
2022-03-13 23:30:00,1.3549999999999998
2022-03-14 00:00:00,28.346666666666664
2022-03-14 00:30:00,2.3533333333333335
2022-03-14 01:00:00,2.185
2022-03-14 01:30:00,2.74
2022-03-14 02:00:00,2.5283333333333333
2022-03-14 02:30:00,2.441666666666667
2022-03-14 03:00:00,2.283333333333333
2022-03-14 03:30:00,3.2816666666666667
2022-03-14 04:00:00,3.0850000000000004
2022-03-14 04:30:00,3.155
2022-03-14 05:00:00,2.971666666666667
2022-03-14 05:30:00,3.0233333333333334
2022-03-14 06:00:00,2.8516666666666666
2022-03-14 06:30:00,2.4583333333333335
2022-03-14 07:00:00,2.3133333333333335
2022-03-14 07:30:00,2.4433333333333334
2022-03-14 08:00:00,2.35
2022-03-14 08:30:00,2.2616666666666667
2022-03-14 09:00:00,2.3233333333333333
2022-03-14 09:30:00,2.355
2022-03-14 10:00:00,2.23
2022-03-14 10:30:00,2.186666666666667
2022-03-14 11:00:00,2.151666666666667
2022-03-14 11:30:00,2.15
2022-03-14 12:00:00,2.15
2022-03-14 12:30:00,2.138333333333333
2022-03-14 13:00:00,2.145
2022-03-14 13:30:00,2.158333333333333
2022-03-14 14:00:00,2.1566666666666667
2022-03-14 14:30:00,2.2133333333333334
2022-03-14 15:00:00,2.2866666666666666
2022-03-14 15:30:00,2.3766666666666665
2022-03-14 16:00:00,2.42
2022-03-14 16:30:00,2.4483333333333333
2022-03-14 17:00:00,2.4499999999999997
2022-03-14 17:30:00,2.4166666666666665
2022-03-14 18:00:00,2.4
2022-03-14 18:30:00,2.4
2022-03-14 19:00:00,2.401666666666667
2022-03-14 19:30:00,2.4183333333333334
2022-03-14 20:00:00,2.42
2022-03-14 20:30:00,2.415
2022-03-14 21:00:00,2.4216666666666664
2022-03-14 21:30:00,2.4499999999999997
2022-03-14 22:00:00,2.4116666666666666
2022-03-14 22:30:00,2.4266666666666663
2022-03-14 23:00:00,2.4949999999999997
2022-03-14 23:30:00,2.5500000000000003
2022-03-15 00:00:00,2.59
2022-03-15 00:30:00,2.52
2022-03-15 01:00:00,2.408333333333333
2022-03-15 01:30:00,2.365
2022-03-15 02:00:00,2.361666666666667
2022-03-15 02:30:00,2.353333333333333
2022-03-15 03:00:00,2.3516666666666666
2022-03-15 03:30:00,2.35
2022-03-15 04:00:00,2.3666666666666667
2022-03-15 04:30:00,2.3833333333333333
2022-03-15 05:00:00,2.388333333333333
2022-03-15 05:30:00,2.4033333333333333
2022-03-15 06:00:00,2.405
2022-03-15 06:30:00,2.4166666666666665
2022-03-15 07:00:00,2.43
2022-03-15 07:30:00,2.5783333333333336
2022-03-15 08:00:00,2.5483333333333333
2022-03-15 08:30:00,2.455
2022-03-15 09:00:00,2.35
2022-03-15 09:30:00,2.2616666666666667
2022-03-15 10:00:00,2.1266666666666665
2022-03-15 10:30:00,2.0700000000000003
2022-03-15 11:00:00,2.065
2022-03-15 11:30:00,2.085
2022-03-15 12:00:00,2.1750000000000003
2022-03-15 12:30:00,2.15
2022-03-15 13:00:00,2.1816666666666666
2022-03-15 13:30:00,2.223333333333333
2022-03-15 14:00:00,2.2483333333333335
2022-03-15 14:30:00,2.3866666666666667
2022-03-15 15:00:00,2.43
2022-03-15 15:30:00,2.408333333333333
2022-03-15 16:00:00,2.2666666666666666
2022-03-15 16:30:00,2.2600000000000002
2022-03-15 17:00:00,2.3366666666666664
2022-03-15 17:30:00,2.356666666666667
2022-03-15 18:00:00,2.3766666666666665
2022-03-15 18:30:00,2.375
2022-03-15 19:00:00,2.3916666666666666
2022-03-15 19:30:00,2.4166666666666665
2022-03-15 20:00:00,2.4266666666666663
2022-03-15 20:30:00,2.4483333333333337
2022-03-15 21:00:00,2.4616666666666664
2022-03-15 21:30:00,2.5033333333333334
2022-03-15 22:00:00,2.563333333333333
2022-03-15 22:30:00,2.58
2022-03-15 23:00:00,2.5933333333333333
2022-03-15 23:30:00,2.6733333333333333
2022-03-16 00:00:00,2.6266666666666665
2022-03-16 00:30:00,2.526666666666667
2022-03-16 01:00:00,2.4916666666666667
2022-03-16 01:30:00,2.4949999999999997
2022-03-16 02:00:00,2.4833333333333334
2022-03-16 02:30:00,2.5116666666666667
2022-03-16 03:00:00,2.4949999999999997
2022-03-16 03:30:00,2.4783333333333335
2022-03-16 04:00:00,2.476666666666667
2022-03-16 04:30:00,2.47
2022-03-16 05:00:00,2.46
2022-03-16 05:30:00,2.4716666666666667
2022-03-16 06:00:00,2.4633333333333334
2022-03-16 06:30:00,2.4766666666666666
2022-03-16 07:00:00,2.4499999999999997
2022-03-16 07:30:00,2.6133333333333333
2022-03-16 08:00:00,2.5283333333333333
2022-03-16 08:30:00,2.526666666666667
2022-03-16 09:00:00,2.3383333333333334
2022-03-16 09:30:00,2.33
2022-03-16 10:00:00,2.268333333333333
2022-03-16 10:30:00,2.2183333333333333
2022-03-16 11:00:00,2.21
2022-03-16 11:30:00,2.186666666666667
2022-03-16 12:00:00,2.225
2022-03-16 12:30:00,2.22
2022-03-16 13:00:00,2.225
2022-03-16 13:30:00,2.215
2022-03-16 14:00:00,2.2433333333333336
2022-03-16 14:30:00,2.225
2022-03-16 15:00:00,2.2216666666666667
2022-03-16 15:30:00,2.18
2022-03-16 16:00:00,2.2016666666666667
2022-03-16 16:30:00,2.1566666666666667
2022-03-16 17:00:00,2.145
2022-03-16 17:30:00,2.1533333333333333
2022-03-16 18:00:00,2.1983333333333337
2022-03-16 18:30:00,2.183333333333333
2022-03-16 19:00:00,2.2116666666666664
2022-03-16 19:30:00,2.1866666666666665
2022-03-16 20:00:00,2.2133333333333334
2022-03-16 20:30:00,2.195
2022-03-16 21:00:00,2.223333333333333
2022-03-16 21:30:00,2.1616666666666666
2022-03-16 22:00:00,2.146666666666667
2022-03-16 22:30:00,2.1283333333333334
2022-03-16 23:00:00,2.3183333333333334
2022-03-16 23:30:00,2.265
2022-03-17 00:00:00,2.285
2022-03-17 00:30:00,2.2283333333333335
2022-03-17 01:00:00,2.1350000000000002
2022-03-17 01:30:00,2.143333333333333
2022-03-17 02:00:00,2.1483333333333334
2022-03-17 02:30:00,2.143333333333333
2022-03-17 03:00:00,2.1366666666666667
2022-03-17 03:30:00,2.17
2022-03-17 04:00:00,2.1483333333333334
2022-03-17 04:30:00,2.1666666666666665
2022-03-17 05:00:00,2.1633333333333336
2022-03-17 05:30:00,2.185
2022-03-17 06:00:00,2.2283333333333335
2022-03-17 06:30:00,2.2666666666666666
2022-03-17 07:00:00,2.2433333333333336
2022-03-17 07:30:00,2.341666666666667
2022-03-17 08:00:00,2.353333333333333
2022-03-17 08:30:00,2.353333333333333
2022-03-17 09:00:00,2.3183333333333334
2022-03-17 09:30:00,2.3766666666666665
2022-03-17 10:00:00,2.265
2022-03-17 10:30:00,2.265
2022-03-17 11:00:00,2.2333333333333334
2022-03-17 11:30:00,2.26
2022-03-17 12:00:00,2.236666666666667
2022-03-17 12:30:00,2.2483333333333335
2022-03-17 13:00:00,2.2083333333333335
2022-03-17 13:30:00,2.2333333333333334
2022-03-17 14:00:00,2.2116666666666664
2022-03-17 14:30:00,2.216666666666667
2022-03-17 15:00:00,2.328333333333333
2022-03-17 15:30:00,2.2816666666666667
2022-03-17 16:00:00,2.2533333333333334
2022-03-17 16:30:00,2.2216666666666667
2022-03-17 17:00:00,2.1783333333333332
2022-03-17 17:30:00,2.0883333333333334
2022-03-17 18:00:00,2.138333333333333
2022-03-17 18:30:00,2.105
2022-03-17 19:00:00,2.111666666666667
2022-03-17 19:30:00,2.1133333333333333
2022-03-17 20:00:00,2.1316666666666664
2022-03-17 20:30:00,2.115
2022-03-17 21:00:00,2.16
2022-03-17 21:30:00,2.1533333333333333
2022-03-17 22:00:00,2.2550000000000003
2022-03-17 22:30:00,2.263333333333333
2022-03-17 23:00:00,2.29
2022-03-17 23:30:00,2.2600000000000002
2022-03-18 00:00:00,2.1766666666666667
2022-03-18 00:30:00,2.15
2022-03-18 01:00:00,2.18
2022-03-18 01:30:00,2.145
2022-03-18 02:00:00,2.1866666666666665
2022-03-18 02:30:00,2.165
2022-03-18 03:00:00,2.216666666666667
2022-03-18 03:30:00,2.22
2022-03-18 04:00:00,2.25
2022-03-18 04:30:00,2.235
2022-03-18 05:00:00,2.2566666666666664
2022-03-18 05:30:00,2.2433333333333336
2022-03-18 06:00:00,2.29
2022-03-18 06:30:00,2.3033333333333332
2022-03-18 07:00:00,2.2733333333333334
2022-03-18 07:30:00,2.3633333333333333
2022-03-18 08:00:00,2.3716666666666666
2022-03-18 08:30:00,2.3133333333333335
2022-03-18 09:00:00,2.3000000000000003
2022-03-18 09:30:00,2.275
2022-03-18 10:00:00,2.29
2022-03-18 10:30:00,2.2083333333333335
2022-03-18 11:00:00,2.1416666666666666
2022-03-18 11:30:00,2.1983333333333333
2022-03-18 12:00:00,2.138333333333333
2022-03-18 12:30:00,2.145
2022-03-18 13:00:00,2.0749999999999997
2022-03-18 13:30:00,2.1466666666666665
2022-03-18 14:00:00,2.1266666666666665
2022-03-18 14:30:00,2.15
2022-03-18 15:00:00,2.188333333333333
2022-03-18 15:30:00,2.1783333333333332
2022-03-18 16:00:00,2.2083333333333335
2022-03-18 16:30:00,2.3033333333333332
2022-03-18 17:00:00,2.356666666666667
2022-03-18 17:30:00,2.28
2022-03-18 18:00:00,2.195
2022-03-18 18:30:00,2.223333333333333
2022-03-18 19:00:00,2.205
2022-03-18 19:30:00,2.275
2022-03-18 20:00:00,2.21
2022-03-18 20:30:00,2.2416666666666667
2022-03-18 21:00:00,2.2416666666666667
2022-03-18 21:30:00,2.2933333333333334
2022-03-18 22:00:00,2.3866666666666667
2022-03-18 22:30:00,1.8316666666666668
2022-03-18 23:00:00,2.0483333333333333
2022-03-18 23:30:00,2.13
2022-03-19 00:00:00,1.405
2022-03-19 00:30:00,1.39
2022-03-19 01:00:00,1.4649999999999999
2022-03-19 01:30:00,1.3666666666666665
2022-03-19 02:00:00,1.3483333333333334
2022-03-19 02:30:00,1.3233333333333335
2022-03-19 03:00:00,1.343333333333333
2022-03-19 03:30:00,1.305
2022-03-19 04:00:00,1.3416666666666668
2022-03-19 04:30:00,1.3233333333333335
2022-03-19 05:00:00,1.3483333333333334
2022-03-19 05:30:00,1.32
2022-03-19 06:00:00,1.3766666666666667
2022-03-19 06:30:00,1.3866666666666667
2022-03-19 07:00:00,1.4400000000000002
2022-03-19 07:30:00,1.4866666666666666
2022-03-19 08:00:00,1.545
2022-03-19 08:30:00,1.4949999999999999
2022-03-19 09:00:00,1.53
2022-03-19 09:30:00,1.4916666666666665
2022-03-19 10:00:00,1.4866666666666666
2022-03-19 10:30:00,1.5116666666666667
2022-03-19 11:00:00,1.4783333333333335
2022-03-19 11:30:00,1.3466666666666667
2022-03-19 12:00:00,1.3916666666666666
2022-03-19 12:30:00,1.4316666666666666
2022-03-19 13:00:00,1.4333333333333333
2022-03-19 13:30:00,1.4533333333333331
2022-03-19 14:00:00,1.4033333333333333
2022-03-19 14:30:00,1.4566666666666668
2022-03-19 15:00:00,1.5283333333333333
2022-03-19 15:30:00,1.5283333333333333
2022-03-19 16:00:00,1.5050000000000001
2022-03-19 16:30:00,1.531666666666667
2022-03-19 17:00:00,1.5233333333333334
2022-03-19 17:30:00,1.5350000000000001
2022-03-19 18:00:00,1.4266666666666665
2022-03-19 18:30:00,1.4133333333333333
2022-03-19 19:00:00,1.3516666666666666
2022-03-19 19:30:00,1.3666666666666665
2022-03-19 20:00:00,1.325
2022-03-19 20:30:00,1.3549999999999998
2022-03-19 21:00:00,1.3233333333333333
2022-03-19 21:30:00,1.3533333333333335
2022-03-19 22:00:00,1.4433333333333334
2022-03-19 22:30:00,1.4833333333333334
2022-03-19 23:00:00,1.4366666666666665
2022-03-19 23:30:00,1.5050000000000001
2022-03-20 00:00:00,1.4683333333333335
2022-03-20 00:30:00,1.4866666666666666
2022-03-20 01:00:00,1.4466666666666665
2022-03-20 01:30:00,1.4266666666666667
2022-03-20 02:00:00,1.325
2022-03-20 02:30:00,1.3483333333333334
2022-03-20 03:00:00,1.3183333333333334
2022-03-20 03:30:00,1.3316666666666668
2022-03-20 04:00:00,1.3083333333333333
2022-03-20 04:30:00,1.3216666666666665
2022-03-20 05:00:00,1.3233333333333333
2022-03-20 05:30:00,1.3150000000000002
2022-03-20 06:00:00,1.3566666666666667
2022-03-20 06:30:00,1.3416666666666668
2022-03-20 07:00:00,1.4283333333333335
2022-03-20 07:30:00,1.4766666666666666
2022-03-20 08:00:00,1.4966666666666668
2022-03-20 08:30:00,1.498333333333333
2022-03-20 09:00:00,1.46
2022-03-20 09:30:00,1.5333333333333332
2022-03-20 10:00:00,1.3966666666666665
2022-03-20 10:30:00,1.295
2022-03-20 11:00:00,1.3266666666666669
2022-03-20 11:30:00,1.2783333333333333
2022-03-20 12:00:00,1.305
2022-03-20 12:30:00,1.2883333333333333
2022-03-20 13:00:00,1.3116666666666668
2022-03-20 13:30:00,1.4100000000000001
2022-03-20 14:00:00,1.4966666666666668
2022-03-20 14:30:00,1.4383333333333335
2022-03-20 15:00:00,1.4949999999999999
2022-03-20 15:30:00,1.4349999999999998
2022-03-20 16:00:00,1.5250000000000001
2022-03-20 16:30:00,1.3166666666666667
2022-03-20 17:00:00,1.36
2022-03-20 17:30:00,1.3133333333333332
2022-03-20 18:00:00,1.3066666666666666
2022-03-20 18:30:00,4.46
2022-03-20 19:00:00,2.74
2022-03-20 19:30:00,2.8266666666666667
2022-03-20 20:00:00,3.0583333333333336
2022-03-20 20:30:00,3.0866666666666664
2022-03-20 21:00:00,2.6199999999999997
2022-03-20 21:30:00,3.99
2022-03-20 22:00:00,3.7083333333333335
2022-03-20 22:30:00,3.7100000000000004
2022-03-20 23:00:00,3.6216666666666666
2022-03-20 23:30:00,3.651666666666667
2022-03-21 00:00:00,3.31
2022-03-21 00:30:00,3.0100000000000002
2022-03-21 01:00:00,2.828333333333333
2022-03-21 01:30:00,2.7416666666666667
2022-03-21 02:00:00,2.6916666666666664
2022-03-21 02:30:00,2.6999999999999997
2022-03-21 03:00:00,2.6166666666666667
2022-03-21 03:30:00,2.6766666666666663
2022-03-21 04:00:00,2.688333333333333
2022-03-21 04:30:00,2.688333333333333
2022-03-21 05:00:00,2.655
2022-03-21 05:30:00,2.731666666666667
2022-03-21 06:00:00,2.69
2022-03-21 06:30:00,2.685
2022-03-21 07:00:00,2.63
2022-03-21 07:30:00,2.7066666666666666
2022-03-21 08:00:00,2.5783333333333336
2022-03-21 08:30:00,2.5033333333333334
2022-03-21 09:00:00,2.421666666666667
2022-03-21 09:30:00,2.4033333333333333
2022-03-21 10:00:00,2.3366666666666664
2022-03-21 10:30:00,2.3633333333333333
2022-03-21 11:00:00,2.3266666666666667
2022-03-21 11:30:00,2.2533333333333334
2022-03-21 12:00:00,2.2783333333333333
2022-03-21 12:30:00,2.2583333333333333
2022-03-21 13:00:00,2.3283333333333336
2022-03-21 13:30:00,2.295
2022-03-21 14:00:00,2.3066666666666666
2022-03-21 14:30:00,2.2616666666666667
2022-03-21 15:00:00,2.2583333333333333
2022-03-21 15:30:00,2.2533333333333334
2022-03-21 16:00:00,2.3683333333333336
2022-03-21 16:30:00,2.4250000000000003
2022-03-21 17:00:00,2.485
2022-03-21 17:30:00,2.421666666666667
2022-03-21 18:00:00,2.4499999999999997
2022-03-21 18:30:00,2.3516666666666666
2022-03-21 19:00:00,2.35
2022-03-21 19:30:00,2.4250000000000003
2022-03-21 20:00:00,2.2883333333333336
2022-03-21 20:30:00,2.2133333333333334
2022-03-21 21:00:00,2.265
2022-03-21 21:30:00,2.2516666666666665
2022-03-21 22:00:00,2.3766666666666665
2022-03-21 22:30:00,2.405
2022-03-21 23:00:00,2.39
2022-03-21 23:30:00,2.4250000000000003
2022-03-22 00:00:00,2.3683333333333336
2022-03-22 00:30:00,2.3066666666666666
2022-03-22 01:00:00,2.37
2022-03-22 01:30:00,2.3533333333333335
2022-03-22 02:00:00,2.361666666666667
2022-03-22 02:30:00,2.3266666666666667
2022-03-22 03:00:00,2.3249999999999997
2022-03-22 03:30:00,2.345
2022-03-22 04:00:00,2.3316666666666666
2022-03-22 04:30:00,2.3433333333333333
2022-03-22 05:00:00,2.313333333333333
2022-03-22 05:30:00,2.3583333333333334
2022-03-22 06:00:00,2.36
2022-03-22 06:30:00,2.4116666666666666
2022-03-22 07:00:00,2.436666666666667
2022-03-22 07:30:00,2.5216666666666665
2022-03-22 08:00:00,2.54
2022-03-22 08:30:00,2.4133333333333336
2022-03-22 09:00:00,2.3766666666666665
2022-03-22 09:30:00,2.3383333333333334
2022-03-22 10:00:00,2.296666666666667
2022-03-22 10:30:00,2.283333333333333
2022-03-22 11:00:00,2.3000000000000003
2022-03-22 11:30:00,2.31
2022-03-22 12:00:00,2.355
2022-03-22 12:30:00,2.235
2022-03-22 13:00:00,2.1483333333333334
2022-03-22 13:30:00,2.165
2022-03-22 14:00:00,2.1466666666666665
2022-03-22 14:30:00,2.1816666666666666
2022-03-22 15:00:00,2.2816666666666667
2022-03-22 15:30:00,2.295
2022-03-22 16:00:00,2.2116666666666664
2022-03-22 16:30:00,2.3033333333333332
2022-03-22 17:00:00,2.3000000000000003
2022-03-22 17:30:00,2.3233333333333333
2022-03-22 18:00:00,2.375
2022-03-22 18:30:00,2.2566666666666664
2022-03-22 19:00:00,2.283333333333333
2022-03-22 19:30:00,2.3016666666666667
2022-03-22 20:00:00,2.3533333333333335
2022-03-22 20:30:00,2.348333333333333
2022-03-22 21:00:00,2.3833333333333333
2022-03-22 21:30:00,2.3466666666666667
2022-03-22 22:00:00,2.3733333333333335
2022-03-22 22:30:00,2.395
2022-03-22 23:00:00,2.52
2022-03-22 23:30:00,2.545
2022-03-23 00:00:00,2.5016666666666665
2022-03-23 00:30:00,2.4766666666666666
2022-03-23 01:00:00,2.5100000000000002
2022-03-23 01:30:00,2.5483333333333333
2022-03-23 02:00:00,2.38
2022-03-23 02:30:00,2.34
2022-03-23 03:00:00,2.3266666666666667
2022-03-23 03:30:00,2.3266666666666667
2022-03-23 04:00:00,2.3466666666666667
2022-03-23 04:30:00,2.3183333333333334
2022-03-23 05:00:00,2.3433333333333333
2022-03-23 05:30:00,2.33
2022-03-23 06:00:00,2.355
2022-03-23 06:30:00,2.3816666666666664
2022-03-23 07:00:00,2.3283333333333336
2022-03-23 07:30:00,2.4883333333333333
2022-03-23 08:00:00,2.4650000000000003
2022-03-23 08:30:00,2.48
2022-03-23 09:00:00,2.4466666666666668
2022-03-23 09:30:00,2.3916666666666666
2022-03-23 10:00:00,2.375
2022-03-23 10:30:00,2.405
2022-03-23 11:00:00,2.4183333333333334
2022-03-23 11:30:00,2.4499999999999997
2022-03-23 12:00:00,2.4499999999999997
2022-03-23 12:30:00,2.4233333333333333
2022-03-23 13:00:00,2.348333333333333
2022-03-23 13:30:00,2.3466666666666667
2022-03-23 14:00:00,2.3633333333333333
2022-03-23 14:30:00,2.3833333333333333
2022-03-23 15:00:00,2.3666666666666667
2022-03-23 15:30:00,2.3466666666666667
2022-03-23 16:00:00,2.265
2022-03-23 16:30:00,2.2533333333333334
2022-03-23 17:00:00,2.1916666666666664
2022-03-23 17:30:00,2.215
2022-03-23 18:00:00,2.216666666666667
2022-03-23 18:30:00,2.2283333333333335
2022-03-23 19:00:00,2.2216666666666667
2022-03-23 19:30:00,2.2550000000000003
2022-03-23 20:00:00,2.2399999999999998
2022-03-23 20:30:00,2.225
2022-03-23 21:00:00,2.225
2022-03-23 21:30:00,2.265
2022-03-23 22:00:00,2.4099999999999997
2022-03-23 22:30:00,2.37
2022-03-23 23:00:00,2.3866666666666667
2022-03-23 23:30:00,2.465
2022-03-24 00:00:00,2.3683333333333336
2022-03-24 00:30:00,2.2866666666666666
2022-03-24 01:00:00,2.2449999999999997
2022-03-24 01:30:00,2.23
2022-03-24 02:00:00,2.2383333333333333
2022-03-24 02:30:00,2.236666666666667
2022-03-24 03:00:00,2.225
2022-03-24 03:30:00,2.2083333333333335
2022-03-24 04:00:00,2.236666666666667
2022-03-24 04:30:00,2.2333333333333334
2022-03-24 05:00:00,2.23
2022-03-24 05:30:00,2.2083333333333335
2022-03-24 06:00:00,2.2866666666666666
2022-03-24 06:30:00,2.231666666666667
2022-03-24 07:00:00,2.305
2022-03-24 07:30:00,2.37
2022-03-24 08:00:00,2.311666666666667
2022-03-24 08:30:00,2.2516666666666665
2022-03-24 09:00:00,2.1666666666666665
2022-03-24 09:30:00,2.1083333333333334
2022-03-24 10:00:00,2.1233333333333335
2022-03-24 10:30:00,2.1083333333333334
2022-03-24 11:00:00,2.2216666666666667
2022-03-24 11:30:00,2.1199999999999997
2022-03-24 12:00:00,2.085
2022-03-24 12:30:00,2.0416666666666665
2022-03-24 13:00:00,2.055
2022-03-24 13:30:00,2.026666666666667
2022-03-24 14:00:00,2.045
2022-03-24 14:30:00,2.026666666666667
2022-03-24 15:00:00,2.1416666666666666
2022-03-24 15:30:00,2.195
2022-03-24 16:00:00,2.236666666666667
2022-03-24 16:30:00,2.1883333333333335
2022-03-24 17:00:00,2.2016666666666667
2022-03-24 17:30:00,2.235
2022-03-24 18:00:00,2.2283333333333335
2022-03-24 18:30:00,2.22
2022-03-24 19:00:00,2.1983333333333333
2022-03-24 19:30:00,2.236666666666667
2022-03-24 20:00:00,2.2183333333333333
2022-03-24 20:30:00,2.25
2022-03-24 21:00:00,2.225
2022-03-24 21:30:00,2.2516666666666665
2022-03-24 22:00:00,2.191666666666667
2022-03-24 22:30:00,2.3533333333333335
2022-03-24 23:00:00,2.32
2022-03-24 23:30:00,2.3533333333333335
2022-03-25 00:00:00,2.2916666666666665
2022-03-25 00:30:00,2.24
2022-03-25 01:00:00,2.066666666666667
2022-03-25 01:30:00,2.0116666666666667
2022-03-25 02:00:00,1.9949999999999999
2022-03-25 02:30:00,2.026666666666667
2022-03-25 03:00:00,1.985
2022-03-25 03:30:00,2.0116666666666667
2022-03-25 04:00:00,1.9816666666666667
2022-03-25 04:30:00,2.025
2022-03-25 05:00:00,2.018333333333333
2022-03-25 05:30:00,2.065
2022-03-25 06:00:00,2.0516666666666667
2022-03-25 06:30:00,2.08
2022-03-25 07:00:00,2.2333333333333334
2022-03-25 07:30:00,2.2616666666666667
2022-03-25 08:00:00,2.2733333333333334
2022-03-25 08:30:00,2.1716666666666664
2022-03-25 09:00:00,2.098333333333333
2022-03-25 09:30:00,2.0933333333333333
2022-03-25 10:00:00,2.091666666666667
2022-03-25 10:30:00,2.1083333333333334
2022-03-25 11:00:00,2.111666666666667
2022-03-25 11:30:00,2.0516666666666667
2022-03-25 12:00:00,2.0399999999999996
2022-03-25 12:30:00,2.0016666666666665
2022-03-25 13:00:00,2.0083333333333333
2022-03-25 13:30:00,1.985
2022-03-25 14:00:00,2.0316666666666667
2022-03-25 14:30:00,2.021666666666667
2022-03-25 15:00:00,2.0883333333333334
2022-03-25 15:30:00,2.1599999999999997
2022-03-25 16:00:00,2.1366666666666667
2022-03-25 16:30:00,2.1933333333333334
2022-03-25 17:00:00,2.191666666666667
2022-03-25 17:30:00,2.195
2022-03-25 18:00:00,2.0933333333333333
2022-03-25 18:30:00,2.065
2022-03-25 19:00:00,2.0533333333333332
2022-03-25 19:30:00,2.0749999999999997
2022-03-25 20:00:00,2.091666666666667
2022-03-25 20:30:00,2.065
2022-03-25 21:00:00,2.2066666666666666
2022-03-25 21:30:00,2.23
2022-03-25 22:00:00,2.445
2022-03-25 22:30:00,2.7249999999999996
2022-03-25 23:00:00,1.9383333333333335
2022-03-25 23:30:00,1.955
2022-03-26 00:00:00,4.135000000000001
2022-03-26 00:30:00,1.37
2022-03-26 01:00:00,1.3399999999999999
2022-03-26 01:30:00,1.3583333333333334
2022-03-26 02:00:00,1.31
2022-03-26 02:30:00,1.3550000000000002
2022-03-26 03:00:00,1.3033333333333335
2022-03-26 03:30:00,1.3483333333333334
2022-03-26 04:00:00,1.3083333333333333
2022-03-26 04:30:00,1.3466666666666667
2022-03-26 05:00:00,1.3116666666666665
2022-03-26 05:30:00,1.3666666666666665
2022-03-26 06:00:00,1.3516666666666666
2022-03-26 06:30:00,1.4133333333333333
2022-03-26 07:00:00,1.4166666666666667
2022-03-26 07:30:00,1.4883333333333333
2022-03-26 08:00:00,1.5283333333333333
2022-03-26 08:30:00,1.49
2022-03-26 09:00:00,1.5466666666666669
2022-03-26 09:30:00,1.5166666666666666
2022-03-26 10:00:00,1.5533333333333335
2022-03-26 10:30:00,1.5333333333333332
2022-03-26 11:00:00,1.5033333333333332
2022-03-26 11:30:00,1.55
2022-03-26 12:00:00,1.455
2022-03-26 12:30:00,1.4083333333333332
2022-03-26 13:00:00,1.3683333333333334
2022-03-26 13:30:00,1.4066666666666665
2022-03-26 14:00:00,1.3766666666666667
2022-03-26 14:30:00,1.3966666666666665
2022-03-26 15:00:00,1.4766666666666666
2022-03-26 15:30:00,1.53
2022-03-26 16:00:00,1.4883333333333333
2022-03-26 16:30:00,1.5166666666666666
2022-03-26 17:00:00,1.55
2022-03-26 17:30:00,1.5033333333333332
2022-03-26 18:00:00,1.5999999999999999
2022-03-26 18:30:00,1.5783333333333334
2022-03-26 19:00:00,1.4516666666666664
2022-03-26 19:30:00,1.545
2022-03-26 20:00:00,1.5366666666666664
2022-03-26 20:30:00,1.5366666666666668
2022-03-26 21:00:00,1.53
2022-03-26 21:30:00,1.4133333333333333
2022-03-26 22:00:00,1.45
2022-03-26 22:30:00,1.53
2022-03-26 23:00:00,1.55
2022-03-26 23:30:00,1.5416666666666667
2022-03-27 00:00:00,1.4349999999999998
2022-03-27 00:30:00,1.4033333333333333
2022-03-27 01:00:00,1.4433333333333334
2022-03-27 01:30:00,1.4333333333333336
2022-03-27 02:00:00,1.4583333333333333
2022-03-27 02:30:00,1.4166666666666667
2022-03-27 03:00:00,1.4383333333333335
2022-03-27 03:30:00,1.415
2022-03-27 04:00:00,1.4433333333333334
2022-03-27 04:30:00,1.415
2022-03-27 05:00:00,1.4366666666666668
2022-03-27 05:30:00,1.4233333333333331
2022-03-27 06:00:00,1.4566666666666668
2022-03-27 06:30:00,1.4283333333333335
2022-03-27 07:00:00,1.5366666666666668
2022-03-27 07:30:00,1.6150000000000002
2022-03-27 08:00:00,1.6166666666666665
2022-03-27 08:30:00,1.6483333333333334
2022-03-27 09:00:00,1.6216666666666668
2022-03-27 09:30:00,1.6233333333333333
2022-03-27 10:00:00,1.6283333333333332
2022-03-27 10:30:00,1.6416666666666666
2022-03-27 11:00:00,1.6316666666666666
2022-03-27 11:30:00,1.5933333333333335
2022-03-27 12:00:00,1.5283333333333333
2022-03-27 12:30:00,1.62
2022-03-27 13:00:00,1.5850000000000002
2022-03-27 13:30:00,1.5766666666666664
2022-03-27 14:00:00,1.5999999999999999
2022-03-27 14:30:00,1.5583333333333333
2022-03-27 15:00:00,1.5933333333333335
2022-03-27 15:30:00,1.575
2022-03-27 16:00:00,1.5783333333333331
2022-03-27 16:30:00,1.555
2022-03-27 17:00:00,1.5816666666666668
2022-03-27 17:30:00,1.545
2022-03-27 18:00:00,1.5516666666666667
2022-03-27 18:30:00,2.6133333333333333
2022-03-27 19:00:00,2.415
2022-03-27 19:30:00,2.776666666666667
2022-03-27 20:00:00,2.778333333333333
2022-03-27 20:30:00,2.6966666666666668
2022-03-27 21:00:00,2.6149999999999998
2022-03-27 21:30:00,4.733333333333333
2022-03-27 22:00:00,4.068333333333333
2022-03-27 22:30:00,3.703333333333333
2022-03-27 23:00:00,3.9616666666666673
2022-03-27 23:30:00,3.591666666666667
2022-03-28 00:00:00,3.4616666666666664
2022-03-28 00:30:00,3.176666666666667
2022-03-28 01:00:00,3.03
2022-03-28 01:30:00,2.9783333333333335
2022-03-28 02:00:00,2.9266666666666663
2022-03-28 02:30:00,2.7616666666666667
2022-03-28 03:00:00,2.7783333333333338
2022-03-28 03:30:00,2.75
2022-03-28 04:00:00,2.81
2022-03-28 04:30:00,2.7816666666666667
2022-03-28 05:00:00,2.8033333333333332
2022-03-28 05:30:00,2.775
2022-03-28 06:00:00,2.776666666666667
2022-03-28 06:30:00,2.74
2022-03-28 07:00:00,2.841666666666667
2022-03-28 07:30:00,2.8616666666666664
2022-03-28 08:00:00,2.731666666666667
2022-03-28 08:30:00,2.638333333333333
2022-03-28 09:00:00,2.5966666666666667
2022-03-28 09:30:00,2.49
2022-03-28 10:00:00,2.4916666666666667
2022-03-28 10:30:00,2.4633333333333334
2022-03-28 11:00:00,2.526666666666667
2022-03-28 11:30:00,2.5833333333333335
2022-03-28 12:00:00,2.495
2022-03-28 12:30:00,2.485
2022-03-28 13:00:00,2.4616666666666664
2022-03-28 13:30:00,2.4166666666666665
2022-03-28 14:00:00,2.4316666666666666
2022-03-28 14:30:00,2.4316666666666666
2022-03-28 15:00:00,2.37
2022-03-28 15:30:00,2.35
2022-03-28 16:00:00,2.3333333333333335
2022-03-28 16:30:00,2.44
2022-03-28 17:00:00,2.49
2022-03-28 17:30:00,2.4766666666666666
2022-03-28 18:00:00,2.4183333333333334
2022-03-28 18:30:00,2.438333333333333
2022-03-28 19:00:00,2.46
2022-03-28 19:30:00,2.5783333333333336
2022-03-28 20:00:00,2.5883333333333334
2022-03-28 20:30:00,2.67
2022-03-28 21:00:00,2.5483333333333333
2022-03-28 21:30:00,2.606666666666667
2022-03-28 22:00:00,2.5749999999999997
2022-03-28 22:30:00,2.646666666666667
2022-03-28 23:00:00,2.6733333333333333
2022-03-28 23:30:00,2.7183333333333333
2022-03-29 00:00:00,2.6783333333333332
2022-03-29 00:30:00,2.7099999999999995
2022-03-29 01:00:00,2.6350000000000002
2022-03-29 01:30:00,2.608333333333333
2022-03-29 02:00:00,2.5716666666666668
2022-03-29 02:30:00,2.5966666666666667
2022-03-29 03:00:00,2.5749999999999997
2022-03-29 03:30:00,2.6316666666666664
2022-03-29 04:00:00,2.6133333333333333
2022-03-29 04:30:00,2.6
2022-03-29 05:00:00,2.6033333333333335
2022-03-29 05:30:00,2.591666666666667
2022-03-29 06:00:00,2.625
2022-03-29 06:30:00,2.5466666666666664
2022-03-29 07:00:00,2.6616666666666666
2022-03-29 07:30:00,2.64
2022-03-29 08:00:00,2.7183333333333333
2022-03-29 08:30:00,2.595
2022-03-29 09:00:00,2.5233333333333334
2022-03-29 09:30:00,2.495
2022-03-29 10:00:00,2.5016666666666665
2022-03-29 10:30:00,2.408333333333333
2022-03-29 11:00:00,2.375
2022-03-29 11:30:00,2.3000000000000003
2022-03-29 12:00:00,2.381666666666667
2022-03-29 12:30:00,2.2983333333333333
2022-03-29 13:00:00,2.2983333333333333
2022-03-29 13:30:00,2.3583333333333334
2022-03-29 14:00:00,2.473333333333333
2022-03-29 14:30:00,2.3983333333333334
2022-03-29 15:00:00,2.4983333333333335
2022-03-29 15:30:00,2.606666666666667
2022-03-29 16:00:00,2.435
2022-03-29 16:30:00,2.2866666666666666
2022-03-29 17:00:00,2.316666666666667
2022-03-29 17:30:00,2.2833333333333337
2022-03-29 18:00:00,2.345
2022-03-29 18:30:00,2.335
2022-03-29 19:00:00,2.355
2022-03-29 19:30:00,2.355
2022-03-29 20:00:00,2.4366666666666665
2022-03-29 20:30:00,2.4066666666666667
2022-03-29 21:00:00,2.401666666666667
2022-03-29 21:30:00,2.44
2022-03-29 22:00:00,2.685
2022-03-29 22:30:00,2.6983333333333337
2022-03-29 23:00:00,2.6283333333333334
2022-03-29 23:30:00,2.6199999999999997
2022-03-30 00:00:00,2.5683333333333334
2022-03-30 00:30:00,2.6633333333333336
2022-03-30 01:00:00,2.521666666666667
2022-03-30 01:30:00,2.401666666666667
2022-03-30 02:00:00,2.3866666666666667
2022-03-30 02:30:00,2.441666666666667
2022-03-30 03:00:00,2.4166666666666665
2022-03-30 03:30:00,2.4583333333333335
2022-03-30 04:00:00,2.441666666666667
2022-03-30 04:30:00,2.481666666666667
2022-03-30 05:00:00,2.441666666666667
2022-03-30 05:30:00,2.486666666666667
2022-03-30 06:00:00,2.453333333333333
2022-03-30 06:30:00,2.473333333333333
2022-03-30 07:00:00,2.475
2022-03-30 07:30:00,2.525
2022-03-30 08:00:00,2.5883333333333334
2022-03-30 08:30:00,2.4683333333333333
2022-03-30 09:00:00,2.436666666666667
2022-03-30 09:30:00,2.5633333333333335
2022-03-30 10:00:00,2.555
2022-03-30 10:30:00,2.4983333333333335
2022-03-30 11:00:00,2.4616666666666664
2022-03-30 11:30:00,2.4633333333333334
2022-03-30 12:00:00,2.4166666666666665
2022-03-30 12:30:00,2.441666666666667
2022-03-30 13:00:00,2.4166666666666665
2022-03-30 13:30:00,2.3966666666666665
2022-03-30 14:00:00,2.41
2022-03-30 14:30:00,2.42
2022-03-30 15:00:00,2.4266666666666667
2022-03-30 15:30:00,2.4466666666666668
2022-03-30 16:00:00,2.2133333333333334
2022-03-30 16:30:00,2.23
2022-03-30 17:00:00,2.271666666666667
2022-03-30 17:30:00,2.2866666666666666
2022-03-30 18:00:00,2.3133333333333335
2022-03-30 18:30:00,2.2983333333333333
2022-03-30 19:00:00,2.308333333333333
2022-03-30 19:30:00,2.3433333333333333
2022-03-30 20:00:00,2.408333333333333
2022-03-30 20:30:00,2.3583333333333334
2022-03-30 21:00:00,2.4316666666666666
2022-03-30 21:30:00,2.43
2022-03-30 22:00:00,2.475
2022-03-30 22:30:00,2.526666666666667
2022-03-30 23:00:00,2.6333333333333333
2022-03-30 23:30:00,2.6083333333333334
2022-03-31 00:00:00,2.66
2022-03-31 00:30:00,2.635
2022-03-31 01:00:00,2.66
2022-03-31 01:30:00,2.6999999999999997
2022-03-31 02:00:00,2.5783333333333336
2022-03-31 02:30:00,2.615
2022-03-31 03:00:00,2.61
2022-03-31 03:30:00,2.6833333333333336
2022-03-31 04:00:00,2.62
2022-03-31 04:30:00,2.6633333333333336
2022-03-31 05:00:00,2.5816666666666666
2022-03-31 05:30:00,2.6983333333333337
2022-03-31 06:00:00,2.6366666666666667
2022-03-31 06:30:00,2.768333333333333
2022-03-31 07:00:00,2.725
2022-03-31 07:30:00,2.84
2022-03-31 08:00:00,2.8550000000000004
2022-03-31 08:30:00,2.84
2022-03-31 09:00:00,2.795
2022-03-31 09:30:00,2.793333333333333
2022-03-31 10:00:00,2.795
2022-03-31 10:30:00,2.831666666666667
2022-03-31 11:00:00,2.7533333333333334
2022-03-31 11:30:00,2.6566666666666667
2022-03-31 12:00:00,2.6350000000000002
2022-03-31 12:30:00,2.65
2022-03-31 13:00:00,2.611666666666667
2022-03-31 13:30:00,2.7533333333333334
2022-03-31 14:00:00,2.7550000000000003
2022-03-31 14:30:00,2.7716666666666665
2022-03-31 15:00:00,2.731666666666667
2022-03-31 15:30:00,2.5883333333333334
2022-03-31 16:00:00,2.6183333333333336
2022-03-31 16:30:00,2.6750000000000003
2022-03-31 17:00:00,2.6166666666666667
2022-03-31 17:30:00,2.6166666666666667
2022-03-31 18:00:00,2.6033333333333335
2022-03-31 18:30:00,2.5966666666666667
2022-03-31 19:00:00,2.611666666666667
2022-03-31 19:30:00,2.59
2022-03-31 20:00:00,2.695
2022-03-31 20:30:00,2.6183333333333336
2022-03-31 21:00:00,2.6816666666666666
2022-03-31 21:30:00,2.6983333333333337
2022-03-31 22:00:00,2.8066666666666666
2022-03-31 22:30:00,2.7733333333333334
2022-03-31 23:00:00,2.8833333333333333
2022-03-31 23:30:00,2.8166666666666664
2022-04-01 00:00:00,2.796666666666667
2022-04-01 00:30:00,2.7616666666666667
2022-04-01 01:00:00,2.8066666666666666
2022-04-01 01:30:00,2.715
2022-04-01 02:00:00,2.775
2022-04-01 02:30:00,2.6799999999999997
2022-04-01 03:00:00,2.7083333333333335
2022-04-01 03:30:00,2.6316666666666664
2022-04-01 04:00:00,2.683333333333333
2022-04-01 04:30:00,2.6566666666666667
2022-04-01 05:00:00,2.7383333333333333
2022-04-01 05:30:00,2.665
2022-04-01 06:00:00,2.763333333333333
2022-04-01 06:30:00,2.6466666666666665
2022-04-01 07:00:00,2.7083333333333335
2022-04-01 07:30:00,2.6333333333333333
2022-04-01 08:00:00,2.703333333333333
2022-04-01 08:30:00,2.563333333333333
2022-04-01 09:00:00,2.5816666666666666
2022-04-01 09:30:00,2.566666666666667
2022-04-01 10:00:00,2.5383333333333336
2022-04-01 10:30:00,2.5100000000000002
2022-04-01 11:00:00,2.48
2022-04-01 11:30:00,2.516666666666667
2022-04-01 12:00:00,3.811666666666667
2022-04-01 12:30:00,3.4450000000000003
2022-04-01 13:00:00,3.53
2022-04-01 13:30:00,6.9433333333333325
2022-04-01 14:00:00,6.161666666666666
2022-04-01 14:30:00,8.918333333333333
2022-04-01 15:00:00,8.378333333333332
2022-04-01 15:30:00,19.41333333333333
2022-04-01 16:00:00,15.12
2022-04-01 16:30:00,1.9000000000000001
2022-04-01 17:00:00,1.9949999999999999
2022-04-01 17:30:00,1.8883333333333334
2022-04-01 18:00:00,1.9333333333333333
2022-04-01 18:30:00,1.9616666666666667
2022-04-01 19:00:00,1.9866666666666666
2022-04-01 19:30:00,2.0316666666666667
2022-04-01 20:00:00,2.2916666666666665
2022-04-01 20:30:00,2.52
2022-04-01 21:00:00,79.58333333333333
2022-04-01 21:30:00,1.9516666666666669
2022-04-01 22:00:00,2.27
2022-04-01 22:30:00,6.291666666666667
2022-04-01 23:00:00,1.1233333333333333
2022-04-01 23:30:00,1.0999999999999999
2022-04-02 00:00:00,1.1066666666666667
2022-04-02 00:30:00,1.1016666666666666
2022-04-02 01:00:00,1.0866666666666667
2022-04-02 01:30:00,1.0983333333333334
2022-04-02 02:00:00,1.0833333333333333
2022-04-02 02:30:00,1.095
2022-04-02 03:00:00,1.0683333333333334
2022-04-02 03:30:00,1.0766666666666667
2022-04-02 04:00:00,1.0766666666666669
2022-04-02 04:30:00,1.0733333333333333
2022-04-02 05:00:00,1.0816666666666668
2022-04-02 05:30:00,1.085
2022-04-02 06:00:00,1.1016666666666666
2022-04-02 06:30:00,1.1166666666666667
2022-04-02 07:00:00,1.09
2022-04-02 07:30:00,1.015
2022-04-02 08:00:00,1.07
2022-04-02 08:30:00,1.0133333333333334
2022-04-02 09:00:00,0.985
2022-04-02 09:30:00,0.995
2022-04-02 10:00:00,1.0233333333333332
2022-04-02 10:30:00,0.9966666666666667
2022-04-02 11:00:00,0.9533333333333335
2022-04-02 11:30:00,0.9583333333333334
2022-04-02 12:00:00,1.0066666666666666
2022-04-02 12:30:00,1.0283333333333333
2022-04-02 13:00:00,1.0666666666666667
2022-04-02 13:30:00,1.0599999999999998
2022-04-02 14:00:00,1.055
2022-04-02 14:30:00,1.04
2022-04-02 15:00:00,1.0433333333333332
2022-04-02 15:30:00,1.0283333333333333
2022-04-02 16:00:00,1.0599999999999998
2022-04-02 16:30:00,1.0366666666666666
2022-04-02 17:00:00,1.0566666666666666
2022-04-02 17:30:00,1.0483333333333333
2022-04-02 18:00:00,1.0783333333333334
2022-04-02 18:30:00,1.0583333333333333
2022-04-02 19:00:00,1.0833333333333333
2022-04-02 19:30:00,1.0816666666666668
2022-04-02 20:00:00,1.1433333333333333
2022-04-02 20:30:00,1.1416666666666666
2022-04-02 21:00:00,1.1716666666666666
2022-04-02 21:30:00,1.1716666666666666
2022-04-02 22:00:00,1.1633333333333333
2022-04-02 22:30:00,1.1816666666666666
2022-04-02 23:00:00,1.1533333333333333
2022-04-02 23:30:00,1.1533333333333333
2022-04-03 00:00:00,1.1583333333333334
2022-04-03 00:30:00,1.1183333333333334
2022-04-03 01:00:00,1.1316666666666666
2022-04-03 01:30:00,1.105
2022-04-03 02:00:00,1.1383333333333334
2022-04-03 02:30:00,1.1216666666666668
2022-04-03 03:00:00,1.1366666666666667
2022-04-03 03:30:00,1.11
2022-04-03 04:00:00,1.1383333333333334
2022-04-03 04:30:00,1.115
2022-04-03 05:00:00,1.1433333333333333
2022-04-03 05:30:00,1.12
2022-04-03 06:00:00,1.1583333333333334
2022-04-03 06:30:00,1.14
2022-04-03 07:00:00,1.1233333333333333
2022-04-03 07:30:00,1.055
2022-04-03 08:00:00,1.0933333333333335
2022-04-03 08:30:00,1.0566666666666666
2022-04-03 09:00:00,1.055
2022-04-03 09:30:00,1.0416666666666667
2022-04-03 10:00:00,1.1033333333333333
2022-04-03 10:30:00,1.0683333333333334
2022-04-03 11:00:00,1.0483333333333333
2022-04-03 11:30:00,1.1066666666666667
2022-04-03 12:00:00,1.1466666666666667
2022-04-03 12:30:00,1.1366666666666667
2022-04-03 13:00:00,1.1500000000000001
2022-04-03 13:30:00,1.1466666666666667
2022-04-03 14:00:00,3.4633333333333334
2022-04-03 14:30:00,3.0016666666666665
2022-04-03 15:00:00,2.6933333333333334
2022-04-03 15:30:00,2.0783333333333336
2022-04-03 16:00:00,1.8966666666666665
2022-04-03 16:30:00,1.7683333333333333
2022-04-03 17:00:00,1.76
2022-04-03 17:30:00,1.6766666666666667
2022-04-03 18:00:00,1.6983333333333335
2022-04-03 18:30:00,1.6166666666666665
2022-04-03 19:00:00,1.6083333333333334
2022-04-03 19:30:00,1.5683333333333334
2022-04-03 20:00:00,1.6216666666666668
2022-04-03 20:30:00,1.5633333333333335
2022-04-03 21:00:00,133.96833333333333
2022-04-03 21:30:00,3.1750000000000003
2022-04-03 22:00:00,3.5500000000000003
2022-04-03 22:30:00,3.013333333333333
2022-04-03 23:00:00,2.845
2022-04-03 23:30:00,2.981666666666667
2022-04-04 00:00:00,2.9633333333333334
2022-04-04 00:30:00,2.433333333333333
2022-04-04 01:00:00,2.27
2022-04-04 01:30:00,2.1666666666666665
2022-04-04 02:00:00,2.1816666666666666
2022-04-04 02:30:00,2.151666666666667
2022-04-04 03:00:00,2.12
2022-04-04 03:30:00,2.111666666666667
2022-04-04 04:00:00,2.151666666666667
2022-04-04 04:30:00,2.16
2022-04-04 05:00:00,2.1933333333333334
2022-04-04 05:30:00,2.2116666666666664
2022-04-04 06:00:00,2.2733333333333334
2022-04-04 06:30:00,2.2916666666666665
2022-04-04 07:00:00,2.2383333333333333
2022-04-04 07:30:00,2.185
2022-04-04 08:00:00,2.105
2022-04-04 08:30:00,2.151666666666667
2022-04-04 09:00:00,2.0766666666666667
2022-04-04 09:30:00,2.05
2022-04-04 10:00:00,2.1216666666666666
2022-04-04 10:30:00,2.05
2022-04-04 11:00:00,2.02
2022-04-04 11:30:00,2.0716666666666668
2022-04-04 12:00:00,2.158333333333333
2022-04-04 12:30:00,2.1166666666666667
2022-04-04 13:00:00,2.125
2022-04-04 13:30:00,2.1766666666666667
2022-04-04 14:00:00,2.19
2022-04-04 14:30:00,2.1783333333333332
2022-04-04 15:00:00,2.1599999999999997
2022-04-04 15:30:00,2.1933333333333334
2022-04-04 16:00:00,2.1283333333333334
2022-04-04 16:30:00,2.1633333333333336
2022-04-04 17:00:00,2.185
2022-04-04 17:30:00,2.151666666666667
2022-04-04 18:00:00,2.2066666666666666
2022-04-04 18:30:00,2.228333333333333
2022-04-04 19:00:00,2.2733333333333334
2022-04-04 19:30:00,2.2449999999999997
2022-04-04 20:00:00,2.3000000000000003
2022-04-04 20:30:00,2.33
2022-04-04 21:00:00,2.356666666666667
2022-04-04 21:30:00,2.316666666666667
2022-04-04 22:00:00,2.3033333333333332
2022-04-04 22:30:00,2.275
2022-04-04 23:00:00,2.231666666666667
2022-04-04 23:30:00,2.1633333333333336
2022-04-05 00:00:00,2.1766666666666667
2022-04-05 00:30:00,2.1783333333333332
2022-04-05 01:00:00,2.225
2022-04-05 01:30:00,2.1816666666666666
2022-04-05 02:00:00,2.155
2022-04-05 02:30:00,2.155
2022-04-05 03:00:00,2.16
2022-04-05 03:30:00,2.1566666666666667
2022-04-05 04:00:00,2.158333333333333
2022-04-05 04:30:00,2.158333333333333
2022-04-05 05:00:00,2.1483333333333334
2022-04-05 05:30:00,2.1766666666666667
2022-04-05 06:00:00,2.2066666666666666
2022-04-05 06:30:00,2.22
2022-04-05 07:00:00,2.19
2022-04-05 07:30:00,2.1999999999999997
2022-04-05 08:00:00,2.188333333333333
2022-04-05 08:30:00,2.205
2022-04-05 09:00:00,2.19
2022-04-05 09:30:00,2.1333333333333333
2022-04-05 10:00:00,2.158333333333333
2022-04-05 10:30:00,2.096666666666667
2022-04-05 11:00:00,1.9783333333333335
2022-04-05 11:30:00,1.9933333333333334
2022-04-05 12:00:00,1.9433333333333334
2022-04-05 12:30:00,1.9716666666666667
2022-04-05 13:00:00,1.9533333333333334
2022-04-05 13:30:00,1.9716666666666667
2022-04-05 14:00:00,1.9766666666666666
2022-04-05 14:30:00,2.0
2022-04-05 15:00:00,2.025
2022-04-05 15:30:00,2.021666666666667
2022-04-05 16:00:00,2.0066666666666664
2022-04-05 16:30:00,2.0500000000000003
2022-04-05 17:00:00,2.033333333333333
2022-04-05 17:30:00,2.1183333333333336
2022-04-05 18:00:00,2.1266666666666665
2022-04-05 18:30:00,2.1266666666666665
2022-04-05 19:00:00,2.065
2022-04-05 19:30:00,2.1883333333333335
2022-04-05 20:00:00,2.131666666666667
2022-04-05 20:30:00,2.26
2022-04-05 21:00:00,2.1366666666666667
2022-04-05 21:30:00,2.22
2022-04-05 22:00:00,2.1866666666666665
2022-04-05 22:30:00,2.235
2022-04-05 23:00:00,2.2216666666666667
2022-04-05 23:30:00,2.22
2022-04-06 00:00:00,2.111666666666667
2022-04-06 00:30:00,2.2083333333333335
2022-04-06 01:00:00,2.1183333333333336
2022-04-06 01:30:00,2.1283333333333334
2022-04-06 02:00:00,2.0283333333333333
2022-04-06 02:30:00,2.066666666666667
2022-04-06 03:00:00,2.0516666666666663
2022-04-06 03:30:00,2.0749999999999997
2022-04-06 04:00:00,2.0100000000000002
2022-04-06 04:30:00,2.0716666666666668
2022-04-06 05:00:00,2.018333333333333
2022-04-06 05:30:00,2.0766666666666667
2022-04-06 06:00:00,2.095
2022-04-06 06:30:00,2.105
2022-04-06 07:00:00,2.11
2022-04-06 07:30:00,2.138333333333333
2022-04-06 08:00:00,2.1766666666666667
2022-04-06 08:30:00,2.2516666666666665
2022-04-06 09:00:00,2.135
2022-04-06 09:30:00,2.1199999999999997
2022-04-06 10:00:00,2.0749999999999997
2022-04-06 10:30:00,2.1233333333333335
2022-04-06 11:00:00,2.02
2022-04-06 11:30:00,2.0383333333333336
2022-04-06 12:00:00,2.0066666666666664
2022-04-06 12:30:00,2.0233333333333334
2022-04-06 13:00:00,2.0033333333333334
2022-04-06 13:30:00,2.018333333333333
2022-04-06 14:00:00,1.9583333333333333
2022-04-06 14:30:00,2.0233333333333334
2022-04-06 15:00:00,2.0516666666666667
2022-04-06 15:30:00,2.0166666666666666
2022-04-06 16:00:00,2.0749999999999997
2022-04-06 16:30:00,2.1483333333333334
2022-04-06 17:00:00,2.0883333333333334
2022-04-06 17:30:00,2.2266666666666666
2022-04-06 18:00:00,2.1283333333333334
2022-04-06 18:30:00,2.1416666666666666
2022-04-06 19:00:00,2.1366666666666667
2022-04-06 19:30:00,2.216666666666667
2022-04-06 20:00:00,2.1816666666666666
2022-04-06 20:30:00,2.295
2022-04-06 21:00:00,2.225
2022-04-06 21:30:00,2.2516666666666665
2022-04-06 22:00:00,2.2466666666666666
2022-04-06 22:30:00,2.2916666666666665
2022-04-06 23:00:00,2.23
2022-04-06 23:30:00,2.2483333333333335
2022-04-07 00:00:00,2.21
2022-04-07 00:30:00,2.2583333333333333
2022-04-07 01:00:00,2.21
2022-04-07 01:30:00,2.175
2022-04-07 02:00:00,2.1750000000000003
2022-04-07 02:30:00,2.231666666666667
2022-04-07 03:00:00,2.225
2022-04-07 03:30:00,2.2216666666666667
2022-04-07 04:00:00,2.21
2022-04-07 04:30:00,2.18
2022-04-07 05:00:00,2.1666666666666665
2022-04-07 05:30:00,2.195
2022-04-07 06:00:00,2.203333333333333
2022-04-07 06:30:00,2.2216666666666667
2022-04-07 07:00:00,2.3033333333333332
2022-04-07 07:30:00,2.231666666666667
2022-04-07 08:00:00,2.2466666666666666
2022-04-07 08:30:00,2.2616666666666667
2022-04-07 09:00:00,2.2066666666666666
2022-04-07 09:30:00,2.2416666666666667
2022-04-07 10:00:00,2.2433333333333336
2022-04-07 10:30:00,2.25
2022-04-07 11:00:00,2.2383333333333333
2022-04-07 11:30:00,2.2583333333333333
2022-04-07 12:00:00,2.3016666666666667
2022-04-07 12:30:00,2.31
2022-04-07 13:00:00,2.29
2022-04-07 13:30:00,2.28
2022-04-07 14:00:00,2.2733333333333334
2022-04-07 14:30:00,2.2883333333333336
2022-04-07 15:00:00,2.2783333333333333
2022-04-07 15:30:00,1.945
2022-04-07 16:00:00,1.9816666666666667
2022-04-07 16:30:00,2.0766666666666667
2022-04-07 17:00:00,1.9883333333333333
2022-04-07 17:30:00,1.93
2022-04-07 18:00:00,1.9533333333333331
2022-04-07 18:30:00,2.0083333333333333
2022-04-07 19:00:00,2.0033333333333334
2022-04-07 19:30:00,2.0383333333333336
2022-04-07 20:00:00,2.0500000000000003
2022-04-07 20:30:00,2.155
2022-04-07 21:00:00,2.145
2022-04-07 21:30:00,2.2083333333333335
2022-04-07 22:00:00,2.145
2022-04-07 22:30:00,2.1466666666666665
2022-04-07 23:00:00,2.1016666666666666
2022-04-07 23:30:00,2.111666666666667
2022-04-08 00:00:00,2.04
2022-04-08 00:30:00,2.04
2022-04-08 01:00:00,2.0
2022-04-08 01:30:00,2.0316666666666667
2022-04-08 02:00:00,2.0366666666666666
2022-04-08 02:30:00,2.0083333333333333
2022-04-08 03:00:00,1.9783333333333335
2022-04-08 03:30:00,1.9983333333333333
2022-04-08 04:00:00,1.9666666666666668
2022-04-08 04:30:00,1.9749999999999999
2022-04-08 05:00:00,1.9916666666666665
2022-04-08 05:30:00,1.9783333333333333
2022-04-08 06:00:00,1.9933333333333334
2022-04-08 06:30:00,2.0083333333333333
2022-04-08 07:00:00,1.9516666666666669
2022-04-08 07:30:00,1.87
2022-04-08 08:00:00,1.8499999999999999
2022-04-08 08:30:00,1.7983333333333331
2022-04-08 09:00:00,1.8166666666666667
2022-04-08 09:30:00,1.9616666666666667
2022-04-08 10:00:00,2.055
2022-04-08 10:30:00,2.15
2022-04-08 11:00:00,5.433333333333334
2022-04-08 11:30:00,8.129999999999999
2022-04-08 12:00:00,1.3316666666666668
2022-04-08 12:30:00,1.3533333333333335
2022-04-08 13:00:00,1.3716666666666668
2022-04-08 13:30:00,1.375
2022-04-08 14:00:00,1.3966666666666665
2022-04-08 14:30:00,1.4016666666666666
2022-04-08 15:00:00,1.4116666666666664
2022-04-08 15:30:00,1.4266666666666667
2022-04-08 16:00:00,1.445
2022-04-08 16:30:00,1.4616666666666667
2022-04-08 17:00:00,1.485
2022-04-08 17:30:00,1.4616666666666667
2022-04-08 18:00:00,1.5116666666666667
2022-04-08 18:30:00,1.5199999999999998
2022-04-08 19:00:00,1.555
2022-04-08 19:30:00,1.5883333333333332
2022-04-08 20:00:00,1.63
2022-04-08 20:30:00,1.63
2022-04-08 21:00:00,1.6833333333333333
2022-04-08 21:30:00,1.7516666666666667
2022-04-08 22:00:00,1.765
2022-04-08 22:30:00,1.7533333333333332
2022-04-08 23:00:00,1.7466666666666668
2022-04-08 23:30:00,1.7133333333333332
2022-04-09 00:00:00,1.7299999999999998
2022-04-09 00:30:00,1.6916666666666667
2022-04-09 01:00:00,1.6816666666666666
2022-04-09 01:30:00,1.6416666666666666
2022-04-09 02:00:00,1.6366666666666667
2022-04-09 02:30:00,1.595
2022-04-09 03:00:00,1.6316666666666666
2022-04-09 03:30:00,1.5833333333333333
2022-04-09 04:00:00,1.6066666666666667
2022-04-09 04:30:00,1.5250000000000001
2022-04-09 05:00:00,1.4866666666666666
2022-04-09 05:30:00,1.45
2022-04-09 06:00:00,1.47
2022-04-09 06:30:00,1.4966666666666668
2022-04-09 07:00:00,1.49
2022-04-09 07:30:00,1.4433333333333334
2022-04-09 08:00:00,1.4383333333333335
2022-04-09 08:30:00,1.3666666666666665
2022-04-09 09:00:00,1.3950000000000002
2022-04-09 09:30:00,1.4316666666666666
2022-04-09 10:00:00,1.4466666666666665
2022-04-09 10:30:00,1.6616666666666668
2022-04-09 11:00:00,375.1466666666667
2022-04-09 11:30:00,0.9483333333333333
2022-04-09 12:00:00,0.985
2022-04-09 12:30:00,0.9883333333333333
2022-04-09 13:00:00,0.9950000000000001
2022-04-09 13:30:00,1.0066666666666666
2022-04-09 14:00:00,1.0216666666666667
2022-04-09 14:30:00,0.9916666666666667
2022-04-09 15:00:00,0.9883333333333333
2022-04-09 15:30:00,0.9766666666666667
2022-04-09 16:00:00,0.9983333333333334
2022-04-09 16:30:00,0.9783333333333334
2022-04-09 17:00:00,1.0433333333333332
2022-04-09 17:30:00,1.015
2022-04-09 18:00:00,0.9916666666666667
2022-04-09 18:30:00,1.0
2022-04-09 19:00:00,1.0083333333333335
2022-04-09 19:30:00,1.01
2022-04-09 20:00:00,1.0183333333333333
2022-04-09 20:30:00,1.015
2022-04-09 21:00:00,1.0233333333333332
2022-04-09 21:30:00,1.0233333333333334
2022-04-09 22:00:00,1.0166666666666666
2022-04-09 22:30:00,1.0166666666666666
2022-04-09 23:00:00,1.0233333333333334
2022-04-09 23:30:00,1.0283333333333333
2022-04-10 00:00:00,1.0483333333333333
2022-04-10 00:30:00,1.035
2022-04-10 01:00:00,1.0416666666666667
2022-04-10 01:30:00,1.0533333333333335
2022-04-10 02:00:00,1.08
2022-04-10 02:30:00,1.095
2022-04-10 03:00:00,1.0683333333333334
2022-04-10 03:30:00,1.0683333333333334
2022-04-10 04:00:00,1.0833333333333333
2022-04-10 04:30:00,1.0216666666666667
2022-04-10 05:00:00,1.0233333333333332
2022-04-10 05:30:00,1.0333333333333332
2022-04-10 06:00:00,1.05
2022-04-10 06:30:00,1.0599999999999998
2022-04-10 07:00:00,1.0966666666666667
2022-04-10 07:30:00,1.045
2022-04-10 08:00:00,1.105
2022-04-10 08:30:00,1.0466666666666666
2022-04-10 09:00:00,1.0599999999999998
2022-04-10 09:30:00,1.0166666666666666
2022-04-10 10:00:00,1.0333333333333332
2022-04-10 10:30:00,1.0716666666666665
2022-04-10 11:00:00,1.0216666666666667
2022-04-10 11:30:00,1.035
2022-04-10 12:00:00,1.02
2022-04-10 12:30:00,1.0383333333333333
2022-04-10 13:00:00,1.0533333333333335
2022-04-10 13:30:00,6.641666666666666
2022-04-10 14:00:00,3.4683333333333337
2022-04-10 14:30:00,2.055
2022-04-10 15:00:00,1.9649999999999999
2022-04-10 15:30:00,1.9799999999999998
2022-04-10 16:00:00,1.9066666666666665
2022-04-10 16:30:00,1.906666666666667
2022-04-10 17:00:00,1.8133333333333335
2022-04-10 17:30:00,1.7466666666666668
2022-04-10 18:00:00,1.7016666666666669
2022-04-10 18:30:00,1.6383333333333334
2022-04-10 19:00:00,1.6166666666666665
2022-04-10 19:30:00,1.6116666666666666
2022-04-10 20:00:00,1.6066666666666667
2022-04-10 20:30:00,1.6216666666666668
2022-04-10 21:00:00,1.6483333333333334
2022-04-10 21:30:00,3.6466666666666665
2022-04-10 22:00:00,3.43
2022-04-10 22:30:00,3.0666666666666664
2022-04-10 23:00:00,3.0233333333333334
2022-04-10 23:30:00,2.8666666666666667
2022-04-11 00:00:00,2.85
2022-04-11 00:30:00,2.5083333333333333
2022-04-11 01:00:00,2.216666666666667
2022-04-11 01:30:00,2.145
2022-04-11 02:00:00,2.1133333333333333
2022-04-11 02:30:00,2.1133333333333333
2022-04-11 03:00:00,2.0716666666666668
2022-04-11 03:30:00,2.1183333333333336
2022-04-11 04:00:00,2.0933333333333333
2022-04-11 04:30:00,2.09
2022-04-11 05:00:00,2.058333333333333
2022-04-11 05:30:00,2.09
2022-04-11 06:00:00,2.0766666666666667
2022-04-11 06:30:00,2.1133333333333333
2022-04-11 07:00:00,2.1149999999999998
2022-04-11 07:30:00,2.1166666666666667
2022-04-11 08:00:00,2.1016666666666666
2022-04-11 08:30:00,2.0483333333333333
2022-04-11 09:00:00,1.9683333333333335
2022-04-11 09:30:00,2.0116666666666667
2022-04-11 10:00:00,2.03
2022-04-11 10:30:00,2.058333333333333
2022-04-11 11:00:00,1.9083333333333332
2022-04-11 11:30:00,1.9383333333333332
2022-04-11 12:00:00,1.8866666666666667
2022-04-11 12:30:00,1.955
2022-04-11 13:00:00,1.9733333333333334
2022-04-11 13:30:00,1.9966666666666668
2022-04-11 14:00:00,1.9433333333333334
2022-04-11 14:30:00,1.9516666666666669
2022-04-11 15:00:00,1.9533333333333331
2022-04-11 15:30:00,1.925
2022-04-11 16:00:00,1.925
2022-04-11 16:30:00,1.9666666666666668
2022-04-11 17:00:00,1.945
2022-04-11 17:30:00,1.955
2022-04-11 18:00:00,1.9366666666666668
2022-04-11 18:30:00,1.95
2022-04-11 19:00:00,1.9216666666666669
2022-04-11 19:30:00,1.9383333333333332
2022-04-11 20:00:00,1.9166666666666667
2022-04-11 20:30:00,1.96
2022-04-11 21:00:00,1.9466666666666665
2022-04-11 21:30:00,1.9750000000000003
2022-04-11 22:00:00,1.9533333333333331
2022-04-11 22:30:00,1.9799999999999998
2022-04-11 23:00:00,1.9516666666666669
2022-04-11 23:30:00,2.045
2022-04-12 00:00:00,1.9733333333333334
2022-04-12 00:30:00,2.0566666666666666
2022-04-12 01:00:00,2.0216666666666665
2022-04-12 01:30:00,2.0749999999999997
2022-04-12 02:00:00,2.026666666666667
2022-04-12 02:30:00,2.005
2022-04-12 03:00:00,1.9533333333333334
2022-04-12 03:30:00,1.9516666666666669
2022-04-12 04:00:00,1.9233333333333331
2022-04-12 04:30:00,1.9283333333333335
2022-04-12 05:00:00,1.9166666666666667
2022-04-12 05:30:00,1.8966666666666665
2022-04-12 06:00:00,1.9183333333333332
2022-04-12 06:30:00,1.9400000000000002
2022-04-12 07:00:00,1.9133333333333333
2022-04-12 07:30:00,1.9100000000000001
2022-04-12 08:00:00,1.9366666666666668
2022-04-12 08:30:00,1.9133333333333333
2022-04-12 09:00:00,1.8500000000000003
2022-04-12 09:30:00,1.8549999999999998
2022-04-12 10:00:00,1.835
2022-04-12 10:30:00,1.8283333333333334
2022-04-12 11:00:00,1.8316666666666668
2022-04-12 11:30:00,1.8883333333333334
2022-04-12 12:00:00,1.8133333333333332
2022-04-12 12:30:00,1.8516666666666666
2022-04-12 13:00:00,1.8166666666666667
2022-04-12 13:30:00,1.9066666666666665
2022-04-12 14:00:00,1.8616666666666666
2022-04-12 14:30:00,1.865
2022-04-12 15:00:00,1.8950000000000002
2022-04-12 15:30:00,1.8783333333333332
2022-04-12 16:00:00,1.8683333333333334
2022-04-12 16:30:00,1.9333333333333333
2022-04-12 17:00:00,1.9366666666666668
2022-04-12 17:30:00,1.9383333333333332
2022-04-12 18:00:00,1.9483333333333333
2022-04-12 18:30:00,2.013333333333333
2022-04-12 19:00:00,2.0033333333333334
2022-04-12 19:30:00,2.0316666666666667
2022-04-12 20:00:00,2.03
2022-04-12 20:30:00,2.035
2022-04-12 21:00:00,2.0216666666666665
2022-04-12 21:30:00,2.0083333333333333
2022-04-12 22:00:00,1.9966666666666668
2022-04-12 22:30:00,1.9583333333333333
2022-04-12 23:00:00,2.0033333333333334
2022-04-12 23:30:00,2.0083333333333333
2022-04-13 00:00:00,1.97
2022-04-13 00:30:00,1.9533333333333334
2022-04-13 01:00:00,1.9816666666666667
2022-04-13 01:30:00,1.9749999999999999
2022-04-13 02:00:00,1.9383333333333332
2022-04-13 02:30:00,1.8983333333333334
2022-04-13 03:00:00,1.8416666666666668
2022-04-13 03:30:00,1.8333333333333333
2022-04-13 04:00:00,1.84
2022-04-13 04:30:00,1.83
2022-04-13 05:00:00,1.8549999999999998
2022-04-13 05:30:00,1.8549999999999998
2022-04-13 06:00:00,1.8966666666666665
2022-04-13 06:30:00,1.835
2022-04-13 07:00:00,1.845
2022-04-13 07:30:00,1.8766666666666667
2022-04-13 08:00:00,1.8616666666666666
2022-04-13 08:30:00,1.7966666666666666
2022-04-13 09:00:00,1.8116666666666665
2022-04-13 09:30:00,1.88
2022-04-13 10:00:00,1.8233333333333333
2022-04-13 10:30:00,1.7933333333333332
2022-04-13 11:00:00,1.7750000000000001
2022-04-13 11:30:00,1.8150000000000002
2022-04-13 12:00:00,1.745
2022-04-13 12:30:00,1.7616666666666667
2022-04-13 13:00:00,1.75
2022-04-13 13:30:00,1.7966666666666666
2022-04-13 14:00:00,1.795
2022-04-13 14:30:00,1.785
2022-04-13 15:00:00,1.9016666666666666
2022-04-13 15:30:00,1.8216666666666665
2022-04-13 16:00:00,1.8266666666666669
2022-04-13 16:30:00,1.9983333333333333
2022-04-13 17:00:00,1.8933333333333333
2022-04-13 17:30:00,1.9349999999999998
2022-04-13 18:00:00,1.915
2022-04-13 18:30:00,1.8883333333333334
2022-04-13 19:00:00,1.8716666666666668
2022-04-13 19:30:00,1.8233333333333333
2022-04-13 20:00:00,1.8066666666666666
2022-04-13 20:30:00,1.8183333333333334
2022-04-13 21:00:00,1.8316666666666668
2022-04-13 21:30:00,1.845
2022-04-13 22:00:00,1.8533333333333335
2022-04-13 22:30:00,1.8766666666666667
2022-04-13 23:00:00,1.8650000000000002
2022-04-13 23:30:00,1.8983333333333334
2022-04-14 00:00:00,1.8666666666666665
2022-04-14 00:30:00,1.9233333333333331
2022-04-14 01:00:00,1.9366666666666668
2022-04-14 01:30:00,1.9716666666666667
2022-04-14 02:00:00,1.9883333333333333
2022-04-14 02:30:00,1.9716666666666667
2022-04-14 03:00:00,1.9816666666666667
2022-04-14 03:30:00,1.9783333333333335
2022-04-14 04:00:00,1.9783333333333335
2022-04-14 04:30:00,1.9533333333333331
2022-04-14 05:00:00,1.9400000000000002
2022-04-14 05:30:00,1.9683333333333335
2022-04-14 06:00:00,1.96
2022-04-14 06:30:00,1.9716666666666667
2022-04-14 07:00:00,1.9383333333333335
2022-04-14 07:30:00,1.9883333333333333
2022-04-14 08:00:00,2.0066666666666664
2022-04-14 08:30:00,2.0033333333333334
2022-04-14 09:00:00,1.9749999999999999
2022-04-14 09:30:00,1.9933333333333334
2022-04-14 10:00:00,1.99
2022-04-14 10:30:00,1.9800000000000002
2022-04-14 11:00:00,1.9749999999999999
2022-04-14 11:30:00,1.9716666666666667
2022-04-14 12:00:00,1.9749999999999999
2022-04-14 12:30:00,1.9933333333333334
2022-04-14 13:00:00,1.995
2022-04-14 13:30:00,1.9883333333333333
2022-04-14 14:00:00,1.995
2022-04-14 14:30:00,1.995
2022-04-14 15:00:00,1.99
2022-04-14 15:30:00,1.9033333333333333
2022-04-14 16:00:00,1.8699999999999999
2022-04-14 16:30:00,1.8483333333333334
2022-04-14 17:00:00,1.875
2022-04-14 17:30:00,1.8833333333333335
2022-04-14 18:00:00,1.8483333333333334
2022-04-14 18:30:00,1.8816666666666666
2022-04-14 19:00:00,1.9100000000000001
2022-04-14 19:30:00,1.9283333333333335
2022-04-14 20:00:00,1.9333333333333333
2022-04-14 20:30:00,1.9633333333333332
2022-04-14 21:00:00,2.045
2022-04-14 21:30:00,2.0483333333333333
2022-04-14 22:00:00,2.055
2022-04-14 22:30:00,2.0533333333333332
2022-04-14 23:00:00,2.091666666666667
2022-04-14 23:30:00,2.0833333333333335
2022-04-15 00:00:00,2.1266666666666665
2022-04-15 00:30:00,2.091666666666667
2022-04-15 01:00:00,2.1816666666666666
2022-04-15 01:30:00,2.1966666666666668
2022-04-15 02:00:00,2.17
2022-04-15 02:30:00,2.1083333333333334
2022-04-15 03:00:00,2.1149999999999998
2022-04-15 03:30:00,2.1149999999999998
2022-04-15 04:00:00,2.1266666666666665
2022-04-15 04:30:00,2.1350000000000002
2022-04-15 05:00:00,2.1683333333333334
2022-04-15 05:30:00,2.1233333333333335
2022-04-15 06:00:00,2.1599999999999997
2022-04-15 06:30:00,2.1633333333333336
2022-04-15 07:00:00,2.1216666666666666
2022-04-15 07:30:00,2.105
2022-04-15 08:00:00,2.0866666666666664
2022-04-15 08:30:00,2.015
2022-04-15 09:00:00,1.965
2022-04-15 09:30:00,2.058333333333333
2022-04-15 10:00:00,2.1483333333333334
2022-04-15 10:30:00,2.1266666666666665
2022-04-15 11:00:00,121.05166666666666
2022-04-15 11:30:00,1.4366666666666668
2022-04-15 12:00:00,1.4666666666666668
2022-04-15 12:30:00,1.4666666666666668
2022-04-15 13:00:00,1.4733333333333334
2022-04-15 13:30:00,1.4633333333333332
2022-04-15 14:00:00,1.4483333333333333
2022-04-15 14:30:00,1.3683333333333334
2022-04-15 15:00:00,1.3983333333333334
2022-04-15 15:30:00,1.3616666666666666
2022-04-15 16:00:00,1.37
2022-04-15 16:30:00,1.3583333333333334
2022-04-15 17:00:00,1.4000000000000001
2022-04-15 17:30:00,1.3716666666666668
2022-04-15 18:00:00,1.4066666666666665
2022-04-15 18:30:00,1.4266666666666667
2022-04-15 19:00:00,1.4366666666666665
2022-04-15 19:30:00,1.4349999999999998
2022-04-15 20:00:00,1.468333333333333
2022-04-15 20:30:00,1.4583333333333333
2022-04-15 21:00:00,1.4799999999999998
2022-04-15 21:30:00,1.4616666666666667
2022-04-15 22:00:00,1.49
2022-04-15 22:30:00,1.4533333333333334
2022-04-15 23:00:00,1.4816666666666667
2022-04-15 23:30:00,1.4766666666666666
2022-04-16 00:00:00,1.5183333333333333
2022-04-16 00:30:00,1.4949999999999999
2022-04-16 01:00:00,1.5166666666666666
2022-04-16 01:30:00,1.4866666666666666
2022-04-16 02:00:00,1.5016666666666667
2022-04-16 02:30:00,1.4033333333333333
2022-04-16 03:00:00,1.42
2022-04-16 03:30:00,1.3933333333333333
2022-04-16 04:00:00,1.4100000000000001
2022-04-16 04:30:00,1.3833333333333335
2022-04-16 05:00:00,1.405
2022-04-16 05:30:00,1.39
2022-04-16 06:00:00,1.4233333333333331
2022-04-16 06:30:00,1.3933333333333333
2022-04-16 07:00:00,1.385
2022-04-16 07:30:00,1.3366666666666667
2022-04-16 08:00:00,1.3550000000000002
2022-04-16 08:30:00,1.3483333333333334
2022-04-16 09:00:00,1.4666666666666668
2022-04-16 09:30:00,2.055
2022-04-16 10:00:00,0.7516666666666666
2022-04-16 10:30:00,0.7283333333333334
2022-04-16 11:00:00,0.7616666666666667
2022-04-16 11:30:00,0.7533333333333333
2022-04-16 12:00:00,0.8099999999999999
2022-04-16 12:30:00,0.8133333333333334
2022-04-16 13:00:00,0.835
2022-04-16 13:30:00,0.8150000000000001
2022-04-16 14:00:00,0.8533333333333334
2022-04-16 14:30:00,0.8033333333333333
2022-04-16 15:00:00,0.8249999999999998
2022-04-16 15:30:00,0.8183333333333334
2022-04-16 16:00:00,0.8166666666666668
2022-04-16 16:30:00,0.8133333333333334
2022-04-16 17:00:00,0.8150000000000001
2022-04-16 17:30:00,0.8000000000000002
2022-04-16 18:00:00,0.8249999999999998
2022-04-16 18:30:00,0.8283333333333335
2022-04-16 19:00:00,0.8416666666666667
2022-04-16 19:30:00,0.855
2022-04-16 20:00:00,0.8666666666666667
2022-04-16 20:30:00,0.8766666666666666
2022-04-16 21:00:00,0.8850000000000001
2022-04-16 21:30:00,0.88
2022-04-16 22:00:00,0.88
2022-04-16 22:30:00,0.8783333333333333
2022-04-16 23:00:00,0.8766666666666666
2022-04-16 23:30:00,0.8716666666666667
2022-04-17 00:00:00,0.9
2022-04-17 00:30:00,0.9016666666666667
2022-04-17 01:00:00,0.8933333333333332
2022-04-17 01:30:00,0.9049999999999999
2022-04-17 02:00:00,0.9166666666666666
2022-04-17 02:30:00,0.8816666666666667
2022-04-17 03:00:00,0.88
2022-04-17 03:30:00,0.8783333333333333
2022-04-17 04:00:00,0.8683333333333333
2022-04-17 04:30:00,0.8799999999999999
2022-04-17 05:00:00,0.8799999999999999
2022-04-17 05:30:00,0.8783333333333333
2022-04-17 06:00:00,0.875
2022-04-17 06:30:00,0.8633333333333333
2022-04-17 07:00:00,0.8383333333333333
2022-04-17 07:30:00,0.81
2022-04-17 08:00:00,0.8033333333333333
2022-04-17 08:30:00,0.7633333333333333
2022-04-17 09:00:00,0.7716666666666668
2022-04-17 09:30:00,0.7616666666666667
2022-04-17 10:00:00,0.7566666666666667
2022-04-17 10:30:00,0.7399999999999999
2022-04-17 11:00:00,0.73
2022-04-17 11:30:00,0.73
2022-04-17 12:00:00,3.785
2022-04-17 12:30:00,2.445
2022-04-17 13:00:00,2.1999999999999997
2022-04-17 13:30:00,2.098333333333333
2022-04-17 14:00:00,2.0966666666666667
2022-04-17 14:30:00,2.0566666666666666
2022-04-17 15:00:00,2.1216666666666666
2022-04-17 15:30:00,2.1333333333333333
2022-04-17 16:00:00,1.8716666666666668
2022-04-17 16:30:00,1.67
2022-04-17 17:00:00,1.5249999999999997
2022-04-17 17:30:00,1.4466666666666665
2022-04-17 18:00:00,1.3983333333333334
2022-04-17 18:30:00,1.365
2022-04-17 19:00:00,1.3566666666666667
2022-04-17 19:30:00,1.3949999999999998
2022-04-17 20:00:00,1.3883333333333334
2022-04-17 20:30:00,1.39
2022-04-17 21:00:00,1.39
2022-04-17 21:30:00,1.4066666666666665
2022-04-17 22:00:00,1.4183333333333332
2022-04-17 22:30:00,1.4116666666666664
2022-04-17 23:00:00,1.4016666666666666
2022-04-17 23:30:00,1.4383333333333335
2022-04-18 00:00:00,1.4433333333333334
2022-04-18 00:30:00,1.42
2022-04-18 01:00:00,1.3916666666666666
2022-04-18 01:30:00,1.4016666666666666
2022-04-18 02:00:00,1.4133333333333333
2022-04-18 02:30:00,1.3983333333333334
2022-04-18 03:00:00,1.3966666666666665
2022-04-18 03:30:00,1.4016666666666666
2022-04-18 04:00:00,1.4083333333333332
2022-04-18 04:30:00,1.405
2022-04-18 05:00:00,1.4066666666666665
2022-04-18 05:30:00,1.3916666666666666
2022-04-18 06:00:00,1.4000000000000001
2022-04-18 06:30:00,1.3666666666666665
2022-04-18 07:00:00,1.3816666666666666
2022-04-18 07:30:00,1.3966666666666665
2022-04-18 08:00:00,1.4316666666666666
2022-04-18 08:30:00,1.3949999999999998
2022-04-18 09:00:00,1.3783333333333332
2022-04-18 09:30:00,1.3683333333333334
2022-04-18 10:00:00,1.3783333333333332
2022-04-18 10:30:00,1.3716666666666668
2022-04-18 11:00:00,1.3666666666666665
2022-04-18 11:30:00,1.3583333333333334
2022-04-18 12:00:00,1.3983333333333334
2022-04-18 12:30:00,1.3783333333333332
2022-04-18 13:00:00,1.4016666666666666
2022-04-18 13:30:00,1.4283333333333335
2022-04-18 14:00:00,1.4383333333333332
2022-04-18 14:30:00,1.3883333333333334
2022-04-18 15:00:00,1.3733333333333333
2022-04-18 15:30:00,1.3283333333333334
2022-04-18 16:00:00,1.3483333333333334
2022-04-18 16:30:00,1.345
2022-04-18 17:00:00,1.3583333333333334
2022-04-18 17:30:00,1.3483333333333334
2022-04-18 18:00:00,1.37
2022-04-18 18:30:00,1.3266666666666669
2022-04-18 19:00:00,1.3316666666666668
2022-04-18 19:30:00,1.3333333333333333
2022-04-18 20:00:00,1.3366666666666667
2022-04-18 20:30:00,1.335
2022-04-18 21:00:00,1.3316666666666668
2022-04-18 21:30:00,1.3283333333333334
2022-04-18 22:00:00,1.3316666666666668
2022-04-18 22:30:00,1.335
2022-04-18 23:00:00,1.325
2022-04-18 23:30:00,1.335
2022-04-19 00:00:00,1.3383333333333332
2022-04-19 00:30:00,1.3483333333333334
2022-04-19 01:00:00,1.335
2022-04-19 01:30:00,1.3666666666666665
2022-04-19 02:00:00,1.365
2022-04-19 02:30:00,1.345
2022-04-19 03:00:00,1.3166666666666667
2022-04-19 03:30:00,1.3316666666666668
2022-04-19 04:00:00,1.3216666666666665
2022-04-19 04:30:00,1.3266666666666667
2022-04-19 05:00:00,1.3083333333333333
2022-04-19 05:30:00,1.3150000000000002
2022-04-19 06:00:00,1.3183333333333334
2022-04-19 06:30:00,1.3316666666666668
2022-04-19 07:00:00,1.29
2022-04-19 07:30:00,1.2933333333333332
2022-04-19 08:00:00,1.2916666666666667
2022-04-19 08:30:00,1.2916666666666667
2022-04-19 09:00:00,1.255
2022-04-19 09:30:00,1.285
2022-04-19 10:00:00,1.2466666666666668
2022-04-19 10:30:00,1.265
2022-04-19 11:00:00,1.2933333333333332
2022-04-19 11:30:00,1.2633333333333334
2022-04-19 12:00:00,1.295
2022-04-19 12:30:00,1.3133333333333332
2022-04-19 13:00:00,1.3
2022-04-19 13:30:00,1.31
2022-04-19 14:00:00,1.2716666666666667
2022-04-19 14:30:00,1.2683333333333333
2022-04-19 15:00:00,1.3783333333333332
2022-04-19 15:30:00,1.3716666666666668
2022-04-19 16:00:00,1.2750000000000001
2022-04-19 16:30:00,1.27
2022-04-19 17:00:00,1.2550000000000001
2022-04-19 17:30:00,1.2833333333333334
2022-04-19 18:00:00,1.3016666666666667
2022-04-19 18:30:00,1.3033333333333335
2022-04-19 19:00:00,1.2916666666666667
2022-04-19 19:30:00,1.2983333333333333
2022-04-19 20:00:00,1.2966666666666666
2022-04-19 20:30:00,1.2950000000000002
2022-04-19 21:00:00,1.2933333333333332
2022-04-19 21:30:00,1.2983333333333333
2022-04-19 22:00:00,1.2816666666666667
2022-04-19 22:30:00,1.29
2022-04-19 23:00:00,1.2750000000000001
2022-04-19 23:30:00,1.28
2022-04-20 00:00:00,1.2733333333333332
2022-04-20 00:30:00,1.2883333333333333
2022-04-20 01:00:00,1.2833333333333332
2022-04-20 01:30:00,1.2933333333333332
2022-04-20 02:00:00,1.2916666666666667
2022-04-20 02:30:00,1.3083333333333333
2022-04-20 03:00:00,1.2983333333333333
2022-04-20 03:30:00,1.3133333333333332
2022-04-20 04:00:00,1.3099999999999998
2022-04-20 04:30:00,1.3216666666666665
2022-04-20 05:00:00,1.3216666666666665
2022-04-20 05:30:00,1.3499999999999999
2022-04-20 06:00:00,1.33
2022-04-20 06:30:00,1.33
2022-04-20 07:00:00,1.3083333333333333
2022-04-20 07:30:00,1.3383333333333336
2022-04-20 08:00:00,1.325
2022-04-20 08:30:00,1.2983333333333333
2022-04-20 09:00:00,1.28
2022-04-20 09:30:00,1.2833333333333332
2022-04-20 10:00:00,1.26
2022-04-20 10:30:00,1.2566666666666666
2022-04-20 11:00:00,1.2449999999999999
2022-04-20 11:30:00,1.2416666666666667
2022-04-20 12:00:00,1.3216666666666665
2022-04-20 12:30:00,1.32
2022-04-20 13:00:00,2.84
2022-04-20 13:30:00,2.8850000000000002
2022-04-20 14:00:00,2.876666666666667
2022-04-20 14:30:00,2.861666666666667
2022-04-20 15:00:00,2.8350000000000004
2022-04-20 15:30:00,2.876666666666667
2022-04-20 16:00:00,2.6199999999999997
2022-04-20 16:30:00,2.69
2022-04-20 17:00:00,2.39
2022-04-20 17:30:00,2.4433333333333334
2022-04-20 18:00:00,2.2449999999999997
2022-04-20 18:30:00,2.225
2022-04-20 19:00:00,1.7766666666666666
2022-04-20 19:30:00,1.915
2022-04-20 20:00:00,1.9516666666666664
2022-04-20 20:30:00,1.6316666666666666
2022-04-20 21:00:00,1.6633333333333333
2022-04-20 21:30:00,1.615
2022-04-20 22:00:00,1.6183333333333334
2022-04-20 22:30:00,1.7333333333333334
2022-04-20 23:00:00,1.7466666666666668
2022-04-20 23:30:00,1.7616666666666667
2022-04-21 00:00:00,1.6666666666666667
2022-04-21 00:30:00,1.7366666666666666
2022-04-21 01:00:00,1.6366666666666667
2022-04-21 01:30:00,1.6166666666666665
2022-04-21 02:00:00,1.63
2022-04-21 02:30:00,1.6233333333333333
2022-04-21 03:00:00,1.5999999999999999
2022-04-21 03:30:00,1.5999999999999999
2022-04-21 04:00:00,1.6083333333333334
2022-04-21 04:30:00,1.58
2022-04-21 05:00:00,1.5766666666666664
2022-04-21 05:30:00,1.6266666666666667
2022-04-21 06:00:00,1.6433333333333333
2022-04-21 06:30:00,1.6216666666666668
2022-04-21 07:00:00,1.625
2022-04-21 07:30:00,1.6866666666666665
2022-04-21 08:00:00,1.7733333333333334
2022-04-21 08:30:00,1.68
2022-04-21 09:00:00,1.6116666666666666
2022-04-21 09:30:00,1.6466666666666667
2022-04-21 10:00:00,1.7066666666666668
2022-04-21 10:30:00,1.7400000000000002
2022-04-21 11:00:00,1.78
2022-04-21 11:30:00,1.745
2022-04-21 12:00:00,1.7483333333333333
2022-04-21 12:30:00,1.72
2022-04-21 13:00:00,1.6883333333333335
2022-04-21 13:30:00,1.7033333333333334
2022-04-21 14:00:00,1.67
2022-04-21 14:30:00,1.6199999999999999
2022-04-21 15:00:00,1.6150000000000002
2022-04-21 15:30:00,1.68
2022-04-21 16:00:00,1.6166666666666665
2022-04-21 16:30:00,1.6116666666666666
2022-04-21 17:00:00,1.6083333333333334
2022-04-21 17:30:00,1.5483333333333331
2022-04-21 18:00:00,1.5683333333333334
2022-04-21 18:30:00,1.5633333333333332
2022-04-21 19:00:00,1.6116666666666666
2022-04-21 19:30:00,1.5866666666666667
2022-04-21 20:00:00,1.6116666666666666
2022-04-21 20:30:00,1.5766666666666669
2022-04-21 21:00:00,1.5883333333333332
2022-04-21 21:30:00,1.5683333333333334
2022-04-21 22:00:00,1.6016666666666666
2022-04-21 22:30:00,1.5883333333333332
2022-04-21 23:00:00,1.755
2022-04-21 23:30:00,1.6783333333333335
2022-04-22 00:00:00,1.6683333333333332
2022-04-22 00:30:00,1.6766666666666667
2022-04-22 01:00:00,1.6033333333333333
2022-04-22 01:30:00,1.5716666666666665
2022-04-22 02:00:00,1.5666666666666667
2022-04-22 02:30:00,1.5666666666666667
2022-04-22 03:00:00,1.5899999999999999
2022-04-22 03:30:00,1.585
2022-04-22 04:00:00,1.5916666666666668
2022-04-22 04:30:00,1.5666666666666667
2022-04-22 05:00:00,1.5716666666666665
2022-04-22 05:30:00,1.5683333333333334
2022-04-22 06:00:00,1.6450000000000002
2022-04-22 06:30:00,1.6116666666666666
2022-04-22 07:00:00,1.8033333333333335
2022-04-22 07:30:00,1.7583333333333335
2022-04-22 08:00:00,1.8333333333333333
2022-04-22 08:30:00,1.6466666666666667
2022-04-22 09:00:00,1.5883333333333332
2022-04-22 09:30:00,1.5266666666666666
2022-04-22 10:00:00,1.5533333333333335
2022-04-22 10:30:00,1.6216666666666668
2022-04-22 11:00:00,1.6433333333333333
2022-04-22 11:30:00,1.635
2022-04-22 12:00:00,1.7216666666666667
2022-04-22 12:30:00,1.7016666666666669
2022-04-22 13:00:00,1.6866666666666665
2022-04-22 13:30:00,1.6666666666666667
2022-04-22 14:00:00,1.6566666666666665
2022-04-22 14:30:00,1.5733333333333333
2022-04-22 15:00:00,1.6683333333333332
2022-04-22 15:30:00,1.6883333333333335
2022-04-22 16:00:00,1.6866666666666668
2022-04-22 16:30:00,1.6783333333333335
2022-04-22 17:00:00,1.695
2022-04-22 17:30:00,1.575
2022-04-22 18:00:00,1.6216666666666668
2022-04-22 18:30:00,1.5666666666666667
2022-04-22 19:00:00,1.5866666666666667
2022-04-22 19:30:00,1.6033333333333335
2022-04-22 20:00:00,1.6383333333333334
2022-04-22 20:30:00,1.585
2022-04-22 21:00:00,1.58
2022-04-22 21:30:00,1.5983333333333334
2022-04-22 22:00:00,1.6066666666666667
2022-04-22 22:30:00,1.7916666666666667
2022-04-22 23:00:00,1.7733333333333334
2022-04-22 23:30:00,1.8083333333333336
2022-04-23 00:00:00,1.7216666666666667
2022-04-23 00:30:00,1.7733333333333334
2022-04-23 01:00:00,1.7466666666666668
2022-04-23 01:30:00,1.7216666666666667
2022-04-23 02:00:00,1.7083333333333333
2022-04-23 02:30:00,1.7033333333333334
2022-04-23 03:00:00,1.695
2022-04-23 03:30:00,1.675
2022-04-23 04:00:00,1.675
2022-04-23 04:30:00,1.6683333333333332
2022-04-23 05:00:00,1.68
2022-04-23 05:30:00,1.6716666666666669
2022-04-23 06:00:00,1.705
2022-04-23 06:30:00,1.735
2022-04-23 07:00:00,1.9716666666666667
2022-04-23 07:30:00,2.155
2022-04-23 08:00:00,3.401666666666667
2022-04-23 08:30:00,1.38
2022-04-23 09:00:00,1.5033333333333332
2022-04-23 09:30:00,1.4533333333333331
2022-04-23 10:00:00,2.668333333333333
2022-04-23 10:30:00,6.608333333333334
2022-04-23 11:00:00,7.62
2022-04-23 11:30:00,7.608333333333333
2022-04-23 12:00:00,0.8233333333333333
2022-04-23 12:30:00,0.8099999999999999
2022-04-23 13:00:00,0.7533333333333333
2022-04-23 13:30:00,0.7583333333333333
2022-04-23 14:00:00,0.7666666666666666
2022-04-23 14:30:00,0.7566666666666667
2022-04-23 15:00:00,0.88
2022-04-23 15:30:00,1.0083333333333335
2022-04-23 16:00:00,1.0216666666666667
2022-04-23 16:30:00,0.9433333333333334
2022-04-23 17:00:00,1.0533333333333335
2022-04-23 17:30:00,0.9133333333333334
2022-04-23 18:00:00,0.9533333333333335
2022-04-23 18:30:00,0.93
2022-04-23 19:00:00,0.7466666666666667
2022-04-23 19:30:00,0.7466666666666667
2022-04-23 20:00:00,0.7583333333333333
2022-04-23 20:30:00,0.75
2022-04-23 21:00:00,0.7400000000000001
2022-04-23 21:30:00,0.7466666666666667
2022-04-23 22:00:00,0.745
2022-04-23 22:30:00,0.7483333333333334
2022-04-23 23:00:00,0.9116666666666667
2022-04-23 23:30:00,0.9700000000000001
2022-04-24 00:00:00,0.9116666666666667
2022-04-24 00:30:00,0.9366666666666666
2022-04-24 01:00:00,0.8616666666666667
2022-04-24 01:30:00,0.9316666666666666
2022-04-24 02:00:00,0.8833333333333334
2022-04-24 02:30:00,0.8633333333333333
2022-04-24 03:00:00,0.91
2022-04-24 03:30:00,0.7516666666666666
2022-04-24 04:00:00,0.7333333333333334
2022-04-24 04:30:00,0.75
2022-04-24 05:00:00,0.7533333333333333
2022-04-24 05:30:00,0.7399999999999999
2022-04-24 06:00:00,0.7600000000000001
2022-04-24 06:30:00,0.765
2022-04-24 07:00:00,0.8833333333333333
2022-04-24 07:30:00,0.965
2022-04-24 08:00:00,0.9800000000000001
2022-04-24 08:30:00,1.0
2022-04-24 09:00:00,1.05
2022-04-24 09:30:00,1.0883333333333332
2022-04-24 10:00:00,1.0583333333333333
2022-04-24 10:30:00,1.0133333333333334
2022-04-24 11:00:00,1.0433333333333332
2022-04-24 11:30:00,1.0916666666666666
2022-04-24 12:00:00,245.85333333333335
2022-04-24 12:30:00,2.6950000000000003
2022-04-24 13:00:00,2.3866666666666667
2022-04-24 13:30:00,2.1
2022-04-24 14:00:00,2.098333333333333
2022-04-24 14:30:00,2.1566666666666667
2022-04-24 15:00:00,1.915
2022-04-24 15:30:00,1.5866666666666667
2022-04-24 16:00:00,1.5
2022-04-24 16:30:00,1.3716666666666668
2022-04-24 17:00:00,1.2916666666666667
2022-04-24 17:30:00,1.1983333333333333
2022-04-24 18:00:00,1.2066666666666668
2022-04-24 18:30:00,1.2300000000000002
2022-04-24 19:00:00,1.215
2022-04-24 19:30:00,1.2233333333333334
2022-04-24 20:00:00,1.2316666666666667
2022-04-24 20:30:00,1.2383333333333333
2022-04-24 21:00:00,1.215
2022-04-24 21:30:00,1.215
2022-04-24 22:00:00,1.1983333333333333
2022-04-24 22:30:00,1.195
2022-04-24 23:00:00,1.445
2022-04-24 23:30:00,1.4416666666666667
2022-04-25 00:00:00,1.5133333333333334
2022-04-25 00:30:00,1.405
2022-04-25 01:00:00,1.3983333333333334
2022-04-25 01:30:00,11.126666666666667
2022-04-25 02:00:00,4.808333333333333
2022-04-25 02:30:00,2.83
2022-04-25 03:00:00,2.235
2022-04-25 03:30:00,2.0933333333333333
2022-04-25 04:00:00,2.098333333333333
2022-04-25 04:30:00,2.1133333333333333
2022-04-25 05:00:00,2.0766666666666667
2022-04-25 05:30:00,1.971666666666667
2022-04-25 06:00:00,1.9366666666666668
2022-04-25 06:30:00,1.9633333333333332
2022-04-25 07:00:00,1.86
2022-04-25 07:30:00,2.0316666666666667
2022-04-25 08:00:00,2.138333333333333
2022-04-25 08:30:00,1.8266666666666669
2022-04-25 09:00:00,1.7416666666666665
2022-04-25 09:30:00,1.78
2022-04-25 10:00:00,1.8083333333333333
2022-04-25 10:30:00,1.8266666666666664
2022-04-25 11:00:00,1.8233333333333333
2022-04-25 11:30:00,1.8133333333333332
2022-04-25 12:00:00,1.7883333333333333
2022-04-25 12:30:00,1.765
2022-04-25 13:00:00,1.8616666666666666
2022-04-25 13:30:00,1.93
2022-04-25 14:00:00,2.018333333333333
2022-04-25 14:30:00,1.9266666666666667
2022-04-25 15:00:00,1.8416666666666668
2022-04-25 15:30:00,2.078333333333333
2022-04-25 16:00:00,1.9800000000000002
2022-04-25 16:30:00,1.9366666666666668
2022-04-25 17:00:00,2.026666666666667
2022-04-25 17:30:00,1.86
2022-04-25 18:00:00,1.7066666666666668
2022-04-25 18:30:00,1.6883333333333332
2022-04-25 19:00:00,1.6900000000000002
2022-04-25 19:30:00,1.6983333333333333
2022-04-25 20:00:00,1.6933333333333334
2022-04-25 20:30:00,1.6816666666666666
2022-04-25 21:00:00,1.9000000000000001
2022-04-25 21:30:00,1.9116666666666664
2022-04-25 22:00:00,1.8800000000000001
2022-04-25 22:30:00,1.8916666666666666
2022-04-25 23:00:00,1.8216666666666665
2022-04-25 23:30:00,1.8566666666666667
2022-04-26 00:00:00,1.8666666666666665
2022-04-26 00:30:00,1.7633333333333334
2022-04-26 01:00:00,1.6849999999999998
2022-04-26 01:30:00,1.6816666666666666
2022-04-26 02:00:00,1.6900000000000002
2022-04-26 02:30:00,1.7016666666666669
2022-04-26 03:00:00,1.6966666666666665
2022-04-26 03:30:00,1.7216666666666667
2022-04-26 04:00:00,1.695
2022-04-26 04:30:00,1.7066666666666668
2022-04-26 05:00:00,1.7116666666666667
2022-04-26 05:30:00,1.7533333333333332
2022-04-26 06:00:00,1.7066666666666668
2022-04-26 06:30:00,1.735
2022-04-26 07:00:00,1.8816666666666666
2022-04-26 07:30:00,1.8916666666666666
2022-04-26 08:00:00,1.9216666666666666
2022-04-26 08:30:00,1.8516666666666666
2022-04-26 09:00:00,1.8016666666666667
2022-04-26 09:30:00,1.8683333333333334
2022-04-26 10:00:00,1.8683333333333334
2022-04-26 10:30:00,2.0
2022-04-26 11:00:00,1.9366666666666668
2022-04-26 11:30:00,1.865
2022-04-26 12:00:00,1.7616666666666667
2022-04-26 12:30:00,1.76
2022-04-26 13:00:00,1.755
2022-04-26 13:30:00,1.915
2022-04-26 14:00:00,1.7433333333333334
2022-04-26 14:30:00,1.755
2022-04-26 15:00:00,1.8766666666666667
2022-04-26 15:30:00,1.92
2022-04-26 16:00:00,1.8733333333333333
2022-04-26 16:30:00,1.865
2022-04-26 17:00:00,1.9083333333333332
2022-04-26 17:30:00,1.925
2022-04-26 18:00:00,1.8383333333333332
2022-04-26 18:30:00,1.8233333333333333
2022-04-26 19:00:00,1.7083333333333333
2022-04-26 19:30:00,1.715
2022-04-26 20:00:00,1.7133333333333332
2022-04-26 20:30:00,1.7183333333333335
2022-04-26 21:00:00,1.9100000000000001
2022-04-26 21:30:00,1.9416666666666667
2022-04-26 22:00:00,1.8966666666666665
2022-04-26 22:30:00,1.8566666666666667
2022-04-26 23:00:00,1.8583333333333334
2022-04-26 23:30:00,1.8833333333333335
2022-04-27 00:00:00,1.875
2022-04-27 00:30:00,1.7966666666666666
2022-04-27 01:00:00,1.7566666666666666
2022-04-27 01:30:00,1.79
2022-04-27 02:00:00,1.7733333333333334
2022-04-27 02:30:00,1.7966666666666666
2022-04-27 03:00:00,1.8216666666666665
2022-04-27 03:30:00,1.8633333333333333
2022-04-27 04:00:00,1.8566666666666667
2022-04-27 04:30:00,1.87
2022-04-27 05:00:00,1.89
2022-04-27 05:30:00,1.906666666666667
2022-04-27 06:00:00,1.8333333333333333
2022-04-27 06:30:00,1.8716666666666668
2022-04-27 07:00:00,1.9333333333333336
2022-04-27 07:30:00,2.025
2022-04-27 08:00:00,2.033333333333333
2022-04-27 08:30:00,2.0050000000000003
2022-04-27 09:00:00,2.025
2022-04-27 09:30:00,1.9816666666666667
2022-04-27 10:00:00,1.9649999999999999
2022-04-27 10:30:00,1.9649999999999999
2022-04-27 11:00:00,1.9633333333333332
2022-04-27 11:30:00,1.9266666666666665
2022-04-27 12:00:00,1.9366666666666668
2022-04-27 12:30:00,1.9266666666666665
2022-04-27 13:00:00,1.93
2022-04-27 13:30:00,1.9066666666666665
2022-04-27 14:00:00,3.013333333333333
2022-04-27 14:30:00,2.56
2022-04-27 15:00:00,2.5483333333333333
2022-04-27 15:30:00,2.7016666666666667
2022-04-27 16:00:00,2.635
2022-04-27 16:30:00,2.6833333333333336
2022-04-27 17:00:00,2.813333333333333
2022-04-27 17:30:00,2.668333333333333
2022-04-27 18:00:00,2.4033333333333333
2022-04-27 18:30:00,2.3400000000000003
2022-04-27 19:00:00,2.3316666666666666
2022-04-27 19:30:00,2.316666666666667
2022-04-27 20:00:00,2.2433333333333336
2022-04-27 20:30:00,2.2516666666666665
2022-04-27 21:00:00,2.14
2022-04-27 21:30:00,2.1666666666666665
2022-04-27 22:00:00,2.25
2022-04-27 22:30:00,2.2583333333333333
2022-04-27 23:00:00,2.295
2022-04-27 23:30:00,2.59
2022-04-28 00:00:00,2.6966666666666668
2022-04-28 00:30:00,1.8150000000000002
2022-04-28 01:00:00,1.7249999999999999
2022-04-28 01:30:00,1.7599999999999998
2022-04-28 02:00:00,1.74
2022-04-28 02:30:00,1.7033333333333334
2022-04-28 03:00:00,1.7533333333333332
2022-04-28 03:30:00,1.6600000000000001
2022-04-28 04:00:00,1.6283333333333332
2022-04-28 04:30:00,1.6266666666666667
2022-04-28 05:00:00,1.6500000000000001
2022-04-28 05:30:00,1.6683333333333332
2022-04-28 06:00:00,1.6500000000000001
2022-04-28 06:30:00,1.6683333333333332
2022-04-28 07:00:00,1.76
2022-04-28 07:30:00,1.7116666666666667
2022-04-28 08:00:00,1.9366666666666668
2022-04-28 08:30:00,2.085
2022-04-28 09:00:00,2.165
2022-04-28 09:30:00,2.2533333333333334
2022-04-28 10:00:00,1.9816666666666667
2022-04-28 10:30:00,1.8266666666666669
2022-04-28 11:00:00,1.6983333333333333
2022-04-28 11:30:00,1.843333333333333
2022-04-28 12:00:00,1.6783333333333335
2022-04-28 12:30:00,1.6983333333333333
2022-04-28 13:00:00,1.5383333333333333
2022-04-28 13:30:00,1.6866666666666668
2022-04-28 14:00:00,1.6883333333333332
2022-04-28 14:30:00,1.64
2022-04-28 15:00:00,1.6583333333333332
2022-04-28 15:30:00,1.5816666666666668
2022-04-28 16:00:00,1.6366666666666667
2022-04-28 16:30:00,1.5249999999999997
2022-04-28 17:00:00,1.5216666666666665
2022-04-28 17:30:00,1.5250000000000001
2022-04-28 18:00:00,1.5116666666666667
2022-04-28 18:30:00,1.5166666666666666
2022-04-28 19:00:00,1.5166666666666666
2022-04-28 19:30:00,1.5316666666666665
2022-04-28 20:00:00,1.5483333333333331
2022-04-28 20:30:00,1.55
2022-04-28 21:00:00,1.6683333333333332
2022-04-28 21:30:00,1.68
2022-04-28 22:00:00,1.6766666666666667
2022-04-28 22:30:00,1.6866666666666668
2022-04-28 23:00:00,1.5983333333333334
2022-04-28 23:30:00,1.6283333333333332
2022-04-29 00:00:00,1.6666666666666667
2022-04-29 00:30:00,1.6349999999999998
2022-04-29 01:00:00,1.6300000000000001
2022-04-29 01:30:00,1.7133333333333332
2022-04-29 02:00:00,1.58
2022-04-29 02:30:00,1.6033333333333333
2022-04-29 03:00:00,1.6316666666666666
2022-04-29 03:30:00,1.6733333333333331
2022-04-29 04:00:00,1.6449999999999998
2022-04-29 04:30:00,1.6466666666666667
2022-04-29 05:00:00,1.6450000000000002
2022-04-29 05:30:00,1.6416666666666666
2022-04-29 06:00:00,1.6199999999999999
2022-04-29 06:30:00,1.63
2022-04-29 07:00:00,1.68
2022-04-29 07:30:00,1.8783333333333332
2022-04-29 08:00:00,1.843333333333333
2022-04-29 08:30:00,1.86
2022-04-29 09:00:00,1.7516666666666667
2022-04-29 09:30:00,1.7566666666666666
2022-04-29 10:00:00,1.665
2022-04-29 10:30:00,1.6583333333333332
2022-04-29 11:00:00,1.6533333333333333
2022-04-29 11:30:00,1.6966666666666665
2022-04-29 12:00:00,1.5633333333333332
2022-04-29 12:30:00,1.5233333333333334
2022-04-29 13:00:00,1.4866666666666666
2022-04-29 13:30:00,1.6683333333333332
2022-04-29 14:00:00,1.6433333333333333
2022-04-29 14:30:00,1.6583333333333332
2022-04-29 15:00:00,1.6833333333333333
2022-04-29 15:30:00,1.6033333333333333
2022-04-29 16:00:00,1.5866666666666667
2022-04-29 16:30:00,1.5666666666666667
2022-04-29 17:00:00,1.49
2022-04-29 17:30:00,1.5016666666666667
2022-04-29 18:00:00,1.4933333333333334
2022-04-29 18:30:00,1.5
2022-04-29 19:00:00,1.5166666666666666
2022-04-29 19:30:00,1.4749999999999999
2022-04-29 20:00:00,1.6283333333333332
2022-04-29 20:30:00,1.6849999999999998
2022-04-29 21:00:00,1.7216666666666667
2022-04-29 21:30:00,1.7116666666666667
2022-04-29 22:00:00,1.8166666666666667
2022-04-29 22:30:00,1.8966666666666667
2022-04-29 23:00:00,3.565
2022-04-29 23:30:00,7.748333333333334
2022-04-30 00:00:00,8.78
2022-04-30 00:30:00,1.1716666666666666
2022-04-30 01:00:00,1.1583333333333334
2022-04-30 01:30:00,1.1566666666666667
2022-04-30 02:00:00,1.1466666666666667
2022-04-30 02:30:00,1.1633333333333333
2022-04-30 03:00:00,1.1633333333333333
2022-04-30 03:30:00,1.1666666666666667
2022-04-30 04:00:00,1.155
2022-04-30 04:30:00,1.1566666666666665
2022-04-30 05:00:00,1.1666666666666667
2022-04-30 05:30:00,1.16
2022-04-30 06:00:00,1.1633333333333333
2022-04-30 06:30:00,1.1483333333333332
2022-04-30 07:00:00,1.1533333333333333
2022-04-30 07:30:00,1.285
2022-04-30 08:00:00,1.3733333333333333
2022-04-30 08:30:00,1.2750000000000001
2022-04-30 09:00:00,1.3366666666666667
2022-04-30 09:30:00,1.205
2022-04-30 10:00:00,1.2550000000000001
2022-04-30 10:30:00,1.2733333333333334
2022-04-30 11:00:00,1.2950000000000002
2022-04-30 11:30:00,1.2383333333333333
2022-04-30 12:00:00,1.1916666666666667
2022-04-30 12:30:00,1.3099999999999998
2022-04-30 13:00:00,1.2449999999999999
2022-04-30 13:30:00,1.1083333333333334
2022-04-30 14:00:00,1.1366666666666667
2022-04-30 14:30:00,1.2149999999999999
2022-04-30 15:00:00,1.3800000000000001
2022-04-30 15:30:00,1.3166666666666667
2022-04-30 16:00:00,1.406666666666667
2022-04-30 16:30:00,1.3066666666666666
2022-04-30 17:00:00,1.2816666666666665
2022-04-30 17:30:00,1.385
2022-04-30 18:00:00,1.3466666666666667
2022-04-30 18:30:00,1.3333333333333333
2022-04-30 19:00:00,1.345
2022-04-30 19:30:00,1.2583333333333333
2022-04-30 20:00:00,1.2233333333333334
2022-04-30 20:30:00,1.4833333333333334
2022-04-30 21:00:00,1.3766666666666667
2022-04-30 21:30:00,1.3783333333333332
2022-04-30 22:00:00,1.38
2022-04-30 22:30:00,1.3233333333333333
2022-04-30 23:00:00,1.3316666666666668
2022-04-30 23:30:00,1.4000000000000001
2022-05-01 00:00:00,1.4400000000000002
2022-05-01 00:30:00,1.53
2022-05-01 01:00:00,55.41166666666667
2022-05-01 01:30:00,0.7949999999999999
2022-05-01 02:00:00,0.7799999999999999
2022-05-01 02:30:00,0.7883333333333334
2022-05-01 03:00:00,0.7916666666666666
2022-05-01 03:30:00,0.7733333333333334
2022-05-01 04:00:00,0.7949999999999999
2022-05-01 04:30:00,0.7916666666666666
2022-05-01 05:00:00,0.7866666666666667
2022-05-01 05:30:00,0.765
2022-05-01 06:00:00,0.8000000000000002
2022-05-01 06:30:00,0.8166666666666668
2022-05-01 07:00:00,0.9366666666666666
2022-05-01 07:30:00,1.0116666666666667
2022-05-01 08:00:00,0.9533333333333333
2022-05-01 08:30:00,1.045
2022-05-01 09:00:00,1.02
2022-05-01 09:30:00,1.075
2022-05-01 10:00:00,1.0933333333333335
2022-05-01 10:30:00,47.203333333333326
2022-05-01 11:00:00,1.7933333333333332
2022-05-01 11:30:00,1.7
2022-05-01 12:00:00,1.7249999999999999
2022-05-01 12:30:00,1.7216666666666667
2022-05-01 13:00:00,1.6733333333333331
2022-05-01 13:30:00,1.5666666666666667
2022-05-01 14:00:00,1.3366666666666667
2022-05-01 14:30:00,1.4000000000000001
2022-05-01 15:00:00,1.3216666666666665
2022-05-01 15:30:00,1.5083333333333335
2022-05-01 16:00:00,1.36
2022-05-01 16:30:00,1.375
2022-05-01 17:00:00,1.28
2022-05-01 17:30:00,1.3650000000000002
2022-05-01 18:00:00,1.3066666666666666
2022-05-01 18:30:00,1.3150000000000002
2022-05-01 19:00:00,1.215
2022-05-01 19:30:00,1.1333333333333333
2022-05-01 20:00:00,1.1416666666666666
2022-05-01 20:30:00,1.2666666666666666
2022-05-01 21:00:00,1.3466666666666667
2022-05-01 21:30:00,1.2383333333333333
2022-05-01 22:00:00,1.3399999999999999
2022-05-01 22:30:00,1.2666666666666666
2022-05-01 23:00:00,1.3266666666666667
2022-05-01 23:30:00,1.2666666666666666
2022-05-02 00:00:00,1.2316666666666667
2022-05-02 00:30:00,1.2066666666666668
2022-05-02 01:00:00,1.1383333333333334
2022-05-02 01:30:00,1.1116666666666666
2022-05-02 02:00:00,2.4833333333333334
2022-05-02 02:30:00,2.5883333333333334
2022-05-02 03:00:00,2.4516666666666667
2022-05-02 03:30:00,2.4366666666666665
2022-05-02 04:00:00,2.316666666666667
2022-05-02 04:30:00,2.0283333333333338
2022-05-02 05:00:00,1.9316666666666666
2022-05-02 05:30:00,1.7983333333333331
2022-05-02 06:00:00,1.75
2022-05-02 06:30:00,1.6916666666666667
2022-05-02 07:00:00,1.79
2022-05-02 07:30:00,1.83
2022-05-02 08:00:00,1.8183333333333334
2022-05-02 08:30:00,1.7299999999999998
2022-05-02 09:00:00,1.7116666666666667
2022-05-02 09:30:00,1.6783333333333335
2022-05-02 10:00:00,1.5533333333333335
2022-05-02 10:30:00,1.505
2022-05-02 11:00:00,1.4866666666666666
2022-05-02 11:30:00,1.4916666666666665
2022-05-02 12:00:00,1.5250000000000001
2022-05-02 12:30:00,1.515
2022-05-02 13:00:00,1.5066666666666666
2022-05-02 13:30:00,1.5350000000000001
2022-05-02 14:00:00,1.5116666666666667
2022-05-02 14:30:00,1.4749999999999999
2022-05-02 15:00:00,1.6883333333333332
2022-05-02 15:30:00,1.7750000000000001
2022-05-02 16:00:00,1.7866666666666664
2022-05-02 16:30:00,1.7300000000000002
2022-05-02 17:00:00,1.665
2022-05-02 17:30:00,1.5366666666666668
2022-05-02 18:00:00,1.5
2022-05-02 18:30:00,1.5066666666666666
2022-05-02 19:00:00,1.5383333333333333
2022-05-02 19:30:00,1.5616666666666665
2022-05-02 20:00:00,1.5716666666666665
2022-05-02 20:30:00,1.5683333333333334
2022-05-02 21:00:00,1.5783333333333334
2022-05-02 21:30:00,1.7966666666666666
2022-05-02 22:00:00,1.765
2022-05-02 22:30:00,1.7166666666666668
2022-05-02 23:00:00,1.7433333333333334
2022-05-02 23:30:00,1.7016666666666669
2022-05-03 00:00:00,1.7333333333333334
2022-05-03 00:30:00,1.7283333333333333
2022-05-03 01:00:00,1.7149999999999999
2022-05-03 01:30:00,1.61
2022-05-03 02:00:00,1.5916666666666668
2022-05-03 02:30:00,1.5716666666666665
2022-05-03 03:00:00,1.5833333333333333
2022-05-03 03:30:00,1.5899999999999999
2022-05-03 04:00:00,1.5883333333333332
2022-05-03 04:30:00,1.61
2022-05-03 05:00:00,1.6066666666666667
2022-05-03 05:30:00,1.595
2022-05-03 06:00:00,1.6199999999999999
2022-05-03 06:30:00,1.6066666666666667
2022-05-03 07:00:00,1.6600000000000001
2022-05-03 07:30:00,1.6866666666666668
2022-05-03 08:00:00,1.7383333333333333
2022-05-03 08:30:00,1.6433333333333333
2022-05-03 09:00:00,1.6349999999999998
2022-05-03 09:30:00,1.5766666666666669
2022-05-03 10:00:00,1.58
2022-05-03 10:30:00,1.5200000000000002
2022-05-03 11:00:00,1.4316666666666666
2022-05-03 11:30:00,1.4516666666666669
2022-05-03 12:00:00,1.455
2022-05-03 12:30:00,1.4633333333333332
2022-05-03 13:00:00,1.4416666666666667
2022-05-03 13:30:00,1.5099999999999998
2022-05-03 14:00:00,1.6216666666666668
2022-05-03 14:30:00,1.6483333333333334
2022-05-03 15:00:00,1.6566666666666665
2022-05-03 15:30:00,1.5983333333333334
2022-05-03 16:00:00,1.5899999999999999
2022-05-03 16:30:00,1.4483333333333333
2022-05-03 17:00:00,1.4166666666666667
2022-05-03 17:30:00,1.4383333333333335
2022-05-03 18:00:00,1.425
2022-05-03 18:30:00,1.4416666666666667
2022-05-03 19:00:00,1.4416666666666667
2022-05-03 19:30:00,1.4683333333333335
2022-05-03 20:00:00,1.49
2022-05-03 20:30:00,1.4733333333333334
2022-05-03 21:00:00,1.5
2022-05-03 21:30:00,1.5033333333333332
2022-05-03 22:00:00,1.5099999999999998
2022-05-03 22:30:00,1.7083333333333333
2022-05-03 23:00:00,1.7283333333333335
2022-05-03 23:30:00,1.7666666666666666
2022-05-04 00:00:00,1.8
2022-05-04 00:30:00,1.79
2022-05-04 01:00:00,1.7683333333333333
2022-05-04 01:30:00,1.7816666666666665
2022-05-04 02:00:00,1.6033333333333333
2022-05-04 02:30:00,1.5866666666666667
2022-05-04 03:00:00,1.5783333333333331
2022-05-04 03:30:00,1.6066666666666667
2022-05-04 04:00:00,1.6199999999999999
2022-05-04 04:30:00,1.6183333333333334
2022-05-04 05:00:00,1.655
2022-05-04 05:30:00,1.6733333333333331
2022-05-04 06:00:00,1.71
2022-05-04 06:30:00,1.71
2022-05-04 07:00:00,1.7966666666666669
2022-05-04 07:30:00,1.8099999999999998
2022-05-04 08:00:00,1.7916666666666667
2022-05-04 08:30:00,1.905
2022-05-04 09:00:00,1.8583333333333334
2022-05-04 09:30:00,1.8466666666666665
2022-05-04 10:00:00,1.843333333333333
2022-05-04 10:30:00,1.8216666666666665
2022-05-04 11:00:00,1.805
2022-05-04 11:30:00,1.843333333333333
2022-05-04 12:00:00,1.8949999999999998
2022-05-04 12:30:00,1.9033333333333333
2022-05-04 13:00:00,1.93
2022-05-04 13:30:00,1.9316666666666666
2022-05-04 14:00:00,1.9633333333333332
2022-05-04 14:30:00,1.9016666666666666
2022-05-04 15:00:00,1.873333333333333
2022-05-04 15:30:00,1.8566666666666667
2022-05-04 16:00:00,1.75
2022-05-04 16:30:00,1.8333333333333333
2022-05-04 17:00:00,1.8983333333333334
2022-05-04 17:30:00,1.7566666666666666
2022-05-04 18:00:00,1.8116666666666668
2022-05-04 18:30:00,1.8083333333333333
2022-05-04 19:00:00,1.6449999999999998
2022-05-04 19:30:00,1.6416666666666666
2022-05-04 20:00:00,1.6166666666666665
2022-05-04 20:30:00,1.6316666666666666
2022-05-04 21:00:00,1.8916666666666666
2022-05-04 21:30:00,1.8683333333333334
2022-05-04 22:00:00,1.9433333333333334
2022-05-04 22:30:00,1.8666666666666665
2022-05-04 23:00:00,1.88
2022-05-04 23:30:00,1.8533333333333335
2022-05-05 00:00:00,2.055
2022-05-05 00:30:00,1.9166666666666667
2022-05-05 01:00:00,1.78
2022-05-05 01:30:00,1.845
2022-05-05 02:00:00,1.7
2022-05-05 02:30:00,1.6116666666666666
2022-05-05 03:00:00,1.6083333333333334
2022-05-05 03:30:00,1.63
2022-05-05 04:00:00,1.64
2022-05-05 04:30:00,1.7016666666666669
2022-05-05 05:00:00,1.82
2022-05-05 05:30:00,2.236666666666667
2022-05-05 06:00:00,1.2816666666666665
2022-05-05 06:30:00,1.345
2022-05-05 07:00:00,1.495
2022-05-05 07:30:00,1.5533333333333335
2022-05-05 08:00:00,1.5466666666666669
2022-05-05 08:30:00,1.545
2022-05-05 09:00:00,1.4799999999999998
2022-05-05 09:30:00,1.5200000000000002
2022-05-05 10:00:00,1.495
2022-05-05 10:30:00,1.515
2022-05-05 11:00:00,1.5050000000000001
2022-05-05 11:30:00,1.3816666666666666
2022-05-05 12:00:00,1.4649999999999999
2022-05-05 12:30:00,1.3616666666666666
2022-05-05 13:00:00,1.3533333333333335
2022-05-05 13:30:00,1.4933333333333334
2022-05-05 14:00:00,1.625
2022-05-05 14:30:00,1.5333333333333332
2022-05-05 15:00:00,109.32833333333333
2022-05-05 15:30:00,2.3983333333333334
2022-05-05 16:00:00,2.1350000000000002
2022-05-05 16:30:00,2.066666666666667
2022-05-05 17:00:00,2.0716666666666668
2022-05-05 17:30:00,2.361666666666667
2022-05-05 18:00:00,2.08
2022-05-05 18:30:00,1.9750000000000003
2022-05-05 19:00:00,2.06
2022-05-05 19:30:00,1.6383333333333334
2022-05-05 20:00:00,1.6716666666666666
2022-05-05 20:30:00,1.7333333333333334
2022-05-05 21:00:00,1.7133333333333332
2022-05-05 21:30:00,1.7483333333333333
2022-05-05 22:00:00,1.745
2022-05-05 22:30:00,1.765
2022-05-05 23:00:00,1.7516666666666667
2022-05-05 23:30:00,1.7633333333333334
2022-05-06 00:00:00,1.8383333333333332
2022-05-06 00:30:00,1.7316666666666667
2022-05-06 01:00:00,1.7816666666666665
2022-05-06 01:30:00,1.7683333333333333
2022-05-06 02:00:00,1.7766666666666666
2022-05-06 02:30:00,1.765
2022-05-06 03:00:00,1.7700000000000002
2022-05-06 03:30:00,1.795
2022-05-06 04:00:00,1.795
2022-05-06 04:30:00,1.8166666666666667
2022-05-06 05:00:00,1.79
2022-05-06 05:30:00,1.8383333333333336
2022-05-06 06:00:00,1.8099999999999998
2022-05-06 06:30:00,1.8416666666666668
2022-05-06 07:00:00,1.8666666666666665
2022-05-06 07:30:00,1.8283333333333334
2022-05-06 08:00:00,1.8566666666666667
2022-05-06 08:30:00,1.8616666666666666
2022-05-06 09:00:00,1.9133333333333333
2022-05-06 09:30:00,1.8849999999999998
2022-05-06 10:00:00,1.8999999999999997
2022-05-06 10:30:00,1.9366666666666665
2022-05-06 11:00:00,1.9116666666666668
2022-05-06 11:30:00,1.9033333333333333
2022-05-06 12:00:00,2.02
2022-05-06 12:30:00,1.9116666666666664
2022-05-06 13:00:00,1.9633333333333332
2022-05-06 13:30:00,2.13
2022-05-06 14:00:00,2.0716666666666668
2022-05-06 14:30:00,2.0283333333333333
2022-05-06 15:00:00,1.99
2022-05-06 15:30:00,1.9833333333333334
2022-05-06 16:00:00,2.0500000000000003
2022-05-06 16:30:00,2.1183333333333336
2022-05-06 17:00:00,2.0433333333333334
2022-05-06 17:30:00,2.07
2022-05-06 18:00:00,1.995
2022-05-06 18:30:00,1.9333333333333333
2022-05-06 19:00:00,1.8183333333333334
2022-05-06 19:30:00,1.825
2022-05-06 20:00:00,1.8066666666666666
2022-05-06 20:30:00,1.835
2022-05-06 21:00:00,1.8883333333333334
2022-05-06 21:30:00,1.9583333333333333
2022-05-06 22:00:00,1.9733333333333334
2022-05-06 22:30:00,1.9916666666666665
2022-05-06 23:00:00,2.2483333333333335
2022-05-06 23:30:00,3.215
2022-05-07 00:00:00,1.6833333333333336
2022-05-07 00:30:00,1.5166666666666666
2022-05-07 01:00:00,1.5333333333333332
2022-05-07 01:30:00,1.5516666666666667
2022-05-07 02:00:00,1.515
2022-05-07 02:30:00,1.4716666666666667
2022-05-07 03:00:00,1.4533333333333331
2022-05-07 03:30:00,1.445
2022-05-07 04:00:00,1.4516666666666669
2022-05-07 04:30:00,1.4666666666666668
2022-05-07 05:00:00,1.46
2022-05-07 05:30:00,1.46
2022-05-07 06:00:00,1.4883333333333333
2022-05-07 06:30:00,1.5216666666666665
2022-05-07 07:00:00,1.5
2022-05-07 07:30:00,1.6066666666666667
2022-05-07 08:00:00,1.7016666666666669
2022-05-07 08:30:00,1.6416666666666666
2022-05-07 09:00:00,1.5733333333333333
2022-05-07 09:30:00,1.61
2022-05-07 10:00:00,1.6566666666666665
2022-05-07 10:30:00,1.615
2022-05-07 11:00:00,1.5466666666666669
2022-05-07 11:30:00,1.5650000000000002
2022-05-07 12:00:00,1.7166666666666668
2022-05-07 12:30:00,1.5616666666666668
2022-05-07 13:00:00,1.6633333333333333
2022-05-07 13:30:00,1.5816666666666668
2022-05-07 14:00:00,1.695
2022-05-07 14:30:00,1.57
2022-05-07 15:00:00,1.6049999999999998
2022-05-07 15:30:00,1.585
2022-05-07 16:00:00,1.5433333333333332
2022-05-07 16:30:00,1.595
2022-05-07 17:00:00,1.5616666666666668
2022-05-07 17:30:00,1.656666666666667
2022-05-07 18:00:00,1.4666666666666668
2022-05-07 18:30:00,1.4749999999999999
2022-05-07 19:00:00,1.5633333333333332
2022-05-07 19:30:00,1.6333333333333335
2022-05-07 20:00:00,1.5916666666666668
2022-05-07 20:30:00,1.6266666666666667
2022-05-07 21:00:00,1.5866666666666667
2022-05-07 21:30:00,1.5833333333333333
2022-05-07 22:00:00,1.5200000000000002
2022-05-07 22:30:00,1.5966666666666667
2022-05-07 23:00:00,1.5866666666666667
2022-05-07 23:30:00,1.6516666666666666
2022-05-08 00:00:00,1.7699999999999998
2022-05-08 00:30:00,1.8133333333333335
2022-05-08 01:00:00,5.16
2022-05-08 01:30:00,1.0383333333333333
2022-05-08 02:00:00,1.0583333333333333
2022-05-08 02:30:00,0.9833333333333334
2022-05-08 03:00:00,0.9116666666666667
2022-05-08 03:30:00,0.9033333333333333
2022-05-08 04:00:00,0.8883333333333333
2022-05-08 04:30:00,0.9133333333333334
2022-05-08 05:00:00,0.9199999999999999
2022-05-08 05:30:00,0.8983333333333334
2022-05-08 06:00:00,0.945
2022-05-08 06:30:00,0.9899999999999999
2022-05-08 07:00:00,0.9883333333333333
2022-05-08 07:30:00,1.0250000000000001
2022-05-08 08:00:00,1.0983333333333334
2022-05-08 08:30:00,1.0266666666666666
2022-05-08 09:00:00,1.0316666666666665
2022-05-08 09:30:00,1.105
2022-05-08 10:00:00,1.0683333333333334
2022-05-08 10:30:00,4.263333333333333
2022-05-08 11:00:00,2.2016666666666667
2022-05-08 11:30:00,1.845
2022-05-08 12:00:00,1.7416666666666665
2022-05-08 12:30:00,1.7633333333333334
2022-05-08 13:00:00,1.7483333333333333
2022-05-08 13:30:00,1.6666666666666667
2022-05-08 14:00:00,1.5650000000000002
2022-05-08 14:30:00,1.5033333333333332
2022-05-08 15:00:00,1.4916666666666665
2022-05-08 15:30:00,1.5516666666666667
2022-05-08 16:00:00,1.6316666666666666
2022-05-08 16:30:00,1.6983333333333333
2022-05-08 17:00:00,1.64
2022-05-08 17:30:00,1.7516666666666667
2022-05-08 18:00:00,1.7366666666666666
2022-05-08 18:30:00,1.7166666666666666
2022-05-08 19:00:00,1.67
2022-05-08 19:30:00,1.6966666666666665
2022-05-08 20:00:00,1.6916666666666667
2022-05-08 20:30:00,1.6116666666666666
2022-05-08 21:00:00,1.6133333333333333
2022-05-08 21:30:00,1.5216666666666665
2022-05-08 22:00:00,1.6866666666666668
2022-05-08 22:30:00,1.5650000000000002
2022-05-08 23:00:00,1.5283333333333333
2022-05-08 23:30:00,1.485
2022-05-09 00:00:00,1.4233333333333331
2022-05-09 00:30:00,1.3683333333333334
2022-05-09 01:00:00,3.2116666666666664
2022-05-09 01:30:00,2.61
2022-05-09 02:00:00,2.89
2022-05-09 02:30:00,2.69
2022-05-09 03:00:00,2.56
2022-05-09 03:30:00,2.481666666666667
2022-05-09 04:00:00,2.53
2022-05-09 04:30:00,2.2283333333333335
2022-05-09 05:00:00,2.0533333333333332
2022-05-09 05:30:00,1.8800000000000001
2022-05-09 06:00:00,1.8566666666666667
2022-05-09 06:30:00,1.765
2022-05-09 07:00:00,1.7433333333333334
2022-05-09 07:30:00,1.8816666666666666
2022-05-09 08:00:00,1.7583333333333335
2022-05-09 08:30:00,1.7966666666666666
2022-05-09 09:00:00,1.845
2022-05-09 09:30:00,1.8216666666666665
2022-05-09 10:00:00,1.76
2022-05-09 10:30:00,1.7083333333333333
2022-05-09 11:00:00,1.75
2022-05-09 11:30:00,1.7766666666666666
2022-05-09 12:00:00,1.7666666666666666
2022-05-09 12:30:00,1.7783333333333333
2022-05-09 13:00:00,1.7850000000000001
2022-05-09 13:30:00,1.8183333333333334
2022-05-09 14:00:00,1.8033333333333335
2022-05-09 14:30:00,1.78
2022-05-09 15:00:00,1.7416666666666665
2022-05-09 15:30:00,1.7449999999999999
2022-05-09 16:00:00,1.6366666666666667
2022-05-09 16:30:00,1.625
2022-05-09 17:00:00,1.6116666666666666
2022-05-09 17:30:00,1.6783333333333335
2022-05-09 18:00:00,1.7433333333333334
2022-05-09 18:30:00,1.718333333333333
2022-05-09 19:00:00,1.6166666666666665
2022-05-09 19:30:00,1.6433333333333333
2022-05-09 20:00:00,1.7133333333333332
2022-05-09 20:30:00,1.735
2022-05-09 21:00:00,1.843333333333333
2022-05-09 21:30:00,1.7699999999999998
2022-05-09 22:00:00,1.7816666666666665
2022-05-09 22:30:00,1.7983333333333331
2022-05-09 23:00:00,1.735
2022-05-09 23:30:00,1.7166666666666668
2022-05-10 00:00:00,1.64
2022-05-10 00:30:00,1.63
2022-05-10 01:00:00,1.6383333333333334
2022-05-10 01:30:00,1.6133333333333333
2022-05-10 02:00:00,1.6199999999999999
2022-05-10 02:30:00,1.6266666666666667
2022-05-10 03:00:00,1.6433333333333333
2022-05-10 03:30:00,1.6450000000000002
2022-05-10 04:00:00,1.6533333333333333
2022-05-10 04:30:00,1.6483333333333334
2022-05-10 05:00:00,1.6433333333333333
2022-05-10 05:30:00,1.6433333333333333
2022-05-10 06:00:00,1.6733333333333331
2022-05-10 06:30:00,1.6616666666666664
2022-05-10 07:00:00,1.6816666666666666
2022-05-10 07:30:00,1.7983333333333331
2022-05-10 08:00:00,1.7983333333333331
2022-05-10 08:30:00,1.7616666666666667
2022-05-10 09:00:00,1.8316666666666668
2022-05-10 09:30:00,1.8150000000000002
2022-05-10 10:00:00,1.8183333333333334
2022-05-10 10:30:00,1.7699999999999998
2022-05-10 11:00:00,1.7466666666666668
2022-05-10 11:30:00,1.7666666666666666
2022-05-10 12:00:00,1.8150000000000002
2022-05-10 12:30:00,1.7666666666666666
2022-05-10 13:00:00,1.7533333333333332
2022-05-10 13:30:00,1.7533333333333332
2022-05-10 14:00:00,1.76
2022-05-10 14:30:00,1.75
2022-05-10 15:00:00,1.705
2022-05-10 15:30:00,1.7583333333333335
2022-05-10 16:00:00,1.8316666666666668
2022-05-10 16:30:00,1.7883333333333333
2022-05-10 17:00:00,1.7966666666666666
2022-05-10 17:30:00,1.7583333333333335
2022-05-10 18:00:00,1.8016666666666665
2022-05-10 18:30:00,1.7333333333333334
2022-05-10 19:00:00,1.67
2022-05-10 19:30:00,1.765
2022-05-10 20:00:00,1.79
2022-05-10 20:30:00,1.7700000000000002
2022-05-10 21:00:00,1.7449999999999999
2022-05-10 21:30:00,1.7866666666666664
2022-05-10 22:00:00,1.83
2022-05-10 22:30:00,1.695
2022-05-10 23:00:00,1.7683333333333333
2022-05-10 23:30:00,1.6533333333333333
2022-05-11 00:00:00,1.695
2022-05-11 00:30:00,1.6566666666666665
2022-05-11 01:00:00,1.61
2022-05-11 01:30:00,1.4716666666666667
2022-05-11 02:00:00,1.4749999999999999
2022-05-11 02:30:00,1.4783333333333335
2022-05-11 03:00:00,1.5033333333333332
2022-05-11 03:30:00,1.4933333333333334
2022-05-11 04:00:00,1.5083333333333335
2022-05-11 04:30:00,1.4916666666666665
2022-05-11 05:00:00,1.5016666666666667
2022-05-11 05:30:00,1.4949999999999999
2022-05-11 06:00:00,1.5183333333333333
2022-05-11 06:30:00,1.5466666666666669
2022-05-11 07:00:00,1.531666666666667
2022-05-11 07:30:00,1.7250000000000003
2022-05-11 08:00:00,1.7416666666666665
2022-05-11 08:30:00,1.7166666666666668
2022-05-11 09:00:00,1.7383333333333333
2022-05-11 09:30:00,1.6866666666666665
2022-05-11 10:00:00,1.79
2022-05-11 10:30:00,1.7466666666666668
2022-05-11 11:00:00,1.7016666666666669
2022-05-11 11:30:00,1.6133333333333333
2022-05-11 12:00:00,1.6049999999999998
2022-05-11 12:30:00,1.5716666666666665
2022-05-11 13:00:00,1.7833333333333332
2022-05-11 13:30:00,1.7483333333333333
2022-05-11 14:00:00,1.7750000000000001
2022-05-11 14:30:00,1.7299999999999998
2022-05-11 15:00:00,1.71
2022-05-11 15:30:00,1.7316666666666667
2022-05-11 16:00:00,1.6666666666666667
2022-05-11 16:30:00,1.75
2022-05-11 17:00:00,1.7283333333333333
2022-05-11 17:30:00,1.835
2022-05-11 18:00:00,1.6600000000000001
2022-05-11 18:30:00,1.6783333333333335
2022-05-11 19:00:00,1.6766666666666667
2022-05-11 19:30:00,1.7533333333333332
2022-05-11 20:00:00,1.6916666666666667
2022-05-11 20:30:00,1.6983333333333333
2022-05-11 21:00:00,1.8066666666666666
2022-05-11 21:30:00,1.8583333333333334
2022-05-11 22:00:00,1.8099999999999998
2022-05-11 22:30:00,1.8116666666666668
2022-05-11 23:00:00,1.8483333333333334
2022-05-11 23:30:00,1.7933333333333332
2022-05-12 00:00:00,1.7816666666666665
2022-05-12 00:30:00,1.7083333333333333
2022-05-12 01:00:00,1.5999999999999999
2022-05-12 01:30:00,1.6016666666666666
2022-05-12 02:00:00,1.5783333333333334
2022-05-12 02:30:00,1.5733333333333335
2022-05-12 03:00:00,1.5666666666666667
2022-05-12 03:30:00,1.5783333333333331
2022-05-12 04:00:00,1.5883333333333332
2022-05-12 04:30:00,1.61
2022-05-12 05:00:00,1.6083333333333334
2022-05-12 05:30:00,1.64
2022-05-12 06:00:00,1.6366666666666667
2022-05-12 06:30:00,1.6666666666666667
2022-05-12 07:00:00,1.6916666666666667
2022-05-12 07:30:00,1.7366666666666666
2022-05-12 08:00:00,1.7766666666666666
2022-05-12 08:30:00,1.7166666666666668
2022-05-12 09:00:00,1.6866666666666665
2022-05-12 09:30:00,1.7816666666666665
2022-05-12 10:00:00,1.7683333333333333
2022-05-12 10:30:00,1.7216666666666667
2022-05-12 11:00:00,1.7416666666666665
2022-05-12 11:30:00,1.7233333333333334
2022-05-12 12:00:00,1.71
2022-05-12 12:30:00,1.6683333333333332
2022-05-12 13:00:00,1.7
2022-05-12 13:30:00,1.7966666666666666
2022-05-12 14:00:00,1.8566666666666667
2022-05-12 14:30:00,1.805
2022-05-12 15:00:00,1.835
2022-05-12 15:30:00,1.6933333333333334
2022-05-12 16:00:00,1.6833333333333333
2022-05-12 16:30:00,1.6766666666666667
2022-05-12 17:00:00,1.7083333333333333
2022-05-12 17:30:00,1.71
2022-05-12 18:00:00,1.6883333333333332
2022-05-12 18:30:00,1.6916666666666667
2022-05-12 19:00:00,1.7
2022-05-12 19:30:00,1.6983333333333333
2022-05-12 20:00:00,1.7149999999999999
2022-05-12 20:30:00,1.7166666666666668
2022-05-12 21:00:00,1.7249999999999999
2022-05-12 21:30:00,1.7183333333333335
2022-05-12 22:00:00,1.735
2022-05-12 22:30:00,1.7116666666666667
2022-05-12 23:00:00,1.72
2022-05-12 23:30:00,1.7633333333333334
2022-05-13 00:00:00,1.7666666666666666
2022-05-13 00:30:00,1.7850000000000001
2022-05-13 01:00:00,1.7816666666666665
2022-05-13 01:30:00,1.805
2022-05-13 02:00:00,1.7816666666666665
2022-05-13 02:30:00,1.7599999999999998
2022-05-13 03:00:00,1.7316666666666667
2022-05-13 03:30:00,1.7033333333333334
2022-05-13 04:00:00,1.68
2022-05-13 04:30:00,1.6849999999999998
2022-05-13 05:00:00,1.6666666666666667
2022-05-13 05:30:00,1.6983333333333333
2022-05-13 06:00:00,1.68
2022-05-13 06:30:00,1.6883333333333332
2022-05-13 07:00:00,1.7066666666666668
2022-05-13 07:30:00,1.8333333333333333
2022-05-13 08:00:00,1.6683333333333332
2022-05-13 08:30:00,1.7533333333333332
2022-05-13 09:00:00,1.745
2022-05-13 09:30:00,1.7750000000000001
2022-05-13 10:00:00,1.7616666666666667
2022-05-13 10:30:00,1.7433333333333334
2022-05-13 11:00:00,1.7
2022-05-13 11:30:00,1.6600000000000001
2022-05-13 12:00:00,1.7
2022-05-13 12:30:00,1.64
2022-05-13 13:00:00,1.6983333333333335
2022-05-13 13:30:00,1.7033333333333331
2022-05-13 14:00:00,1.7266666666666666
2022-05-13 14:30:00,1.7033333333333334
2022-05-13 15:00:00,1.7533333333333332
2022-05-13 15:30:00,1.6849999999999998
2022-05-13 16:00:00,1.6783333333333335
2022-05-13 16:30:00,1.7616666666666667
2022-05-13 17:00:00,1.7300000000000002
2022-05-13 17:30:00,1.6933333333333334
2022-05-13 18:00:00,1.72
2022-05-13 18:30:00,1.7283333333333335
2022-05-13 19:00:00,1.6483333333333334
2022-05-13 19:30:00,1.67
2022-05-13 20:00:00,1.6900000000000002
2022-05-13 20:30:00,1.7
2022-05-13 21:00:00,1.7550000000000001
2022-05-13 21:30:00,1.7716666666666665
2022-05-13 22:00:00,1.93
2022-05-13 22:30:00,1.8633333333333333
2022-05-13 23:00:00,2.0033333333333334
2022-05-13 23:30:00,2.276666666666667
2022-05-14 00:00:00,1.32
2022-05-14 00:30:00,1.3516666666666666
2022-05-14 01:00:00,1.3533333333333335
2022-05-14 01:30:00,1.36
2022-05-14 02:00:00,1.3399999999999999
2022-05-14 02:30:00,1.38
2022-05-14 03:00:00,1.365
2022-05-14 03:30:00,1.38
2022-05-14 04:00:00,1.3616666666666666
2022-05-14 04:30:00,1.3666666666666665
2022-05-14 05:00:00,1.3316666666666668
2022-05-14 05:30:00,1.3566666666666667
2022-05-14 06:00:00,1.37
2022-05-14 06:30:00,1.3766666666666667
2022-05-14 07:00:00,1.3550000000000002
2022-05-14 07:30:00,1.45
2022-05-14 08:00:00,1.5250000000000001
2022-05-14 08:30:00,1.3483333333333334
2022-05-14 09:00:00,1.38
2022-05-14 09:30:00,1.43
2022-05-14 10:00:00,1.4266666666666667
2022-05-14 10:30:00,1.36
2022-05-14 11:00:00,1.3183333333333334
2022-05-14 11:30:00,1.3416666666666668
2022-05-14 12:00:00,1.3966666666666665
2022-05-14 12:30:00,1.3733333333333333
2022-05-14 13:00:00,1.295
2022-05-14 13:30:00,1.29
2022-05-14 14:00:00,1.2966666666666666
2022-05-14 14:30:00,1.3166666666666667
2022-05-14 15:00:00,1.3583333333333334
2022-05-14 15:30:00,1.3866666666666667
2022-05-14 16:00:00,1.5
2022-05-14 16:30:00,1.3933333333333333
2022-05-14 17:00:00,1.2933333333333332
2022-05-14 17:30:00,1.2983333333333333
2022-05-14 18:00:00,1.295
2022-05-14 18:30:00,1.295
2022-05-14 19:00:00,1.3083333333333333
2022-05-14 19:30:00,1.3883333333333334
2022-05-14 20:00:00,1.3950000000000002
2022-05-14 20:30:00,1.36
2022-05-14 21:00:00,1.4533333333333331
2022-05-14 21:30:00,1.3999999999999997
2022-05-14 22:00:00,1.3833333333333335
2022-05-14 22:30:00,1.3616666666666666
2022-05-14 23:00:00,1.3033333333333335
2022-05-14 23:30:00,1.3566666666666667
2022-05-15 00:00:00,1.4033333333333333
2022-05-15 00:30:00,1.3266666666666667
2022-05-15 01:00:00,1.3483333333333334
2022-05-15 01:30:00,1.5033333333333332
2022-05-15 02:00:00,2.9216666666666664
2022-05-15 02:30:00,5.683333333333333
2022-05-15 03:00:00,1.4883333333333333
2022-05-15 03:30:00,0.7949999999999999
2022-05-15 04:00:00,0.7933333333333333
2022-05-15 04:30:00,0.8083333333333332
2022-05-15 05:00:00,0.8250000000000001
2022-05-15 05:30:00,0.8233333333333334
2022-05-15 06:00:00,0.8516666666666666
2022-05-15 06:30:00,0.8566666666666668
2022-05-15 07:00:00,0.9133333333333334
2022-05-15 07:30:00,0.93
2022-05-15 08:00:00,1.0866666666666667
2022-05-15 08:30:00,1.04
2022-05-15 09:00:00,1.005
2022-05-15 09:30:00,1.0599999999999998
2022-05-15 10:00:00,1.05
2022-05-15 10:30:00,1.0816666666666668
2022-05-15 11:00:00,1.0616666666666665
2022-05-15 11:30:00,80.81666666666668
2022-05-15 12:00:00,1.906666666666667
2022-05-15 12:30:00,1.57
2022-05-15 13:00:00,1.47
2022-05-15 13:30:00,1.4349999999999998
2022-05-15 14:00:00,1.5050000000000001
2022-05-15 14:30:00,1.3166666666666667
2022-05-15 15:00:00,1.335
2022-05-15 15:30:00,1.405
2022-05-15 16:00:00,1.4416666666666667
2022-05-15 16:30:00,1.4800000000000002
2022-05-15 17:00:00,1.4649999999999999
2022-05-15 17:30:00,1.4283333333333335
2022-05-15 18:00:00,1.5133333333333334
2022-05-15 18:30:00,1.5083333333333335
2022-05-15 19:00:00,1.3033333333333335
2022-05-15 19:30:00,1.32
2022-05-15 20:00:00,1.3099999999999998
2022-05-15 20:30:00,1.3166666666666667
2022-05-15 21:00:00,5.791666666666667
2022-05-15 21:30:00,2.518333333333333
2022-05-15 22:00:00,2.793333333333333
2022-05-15 22:30:00,2.4683333333333333
2022-05-15 23:00:00,2.4
2022-05-15 23:30:00,2.345
2022-05-16 00:00:00,2.131666666666667
2022-05-16 00:30:00,2.0433333333333334
2022-05-16 01:00:00,1.8016666666666667
2022-05-16 01:30:00,1.7750000000000001
2022-05-16 02:00:00,1.7466666666666668
2022-05-16 02:30:00,1.6983333333333333
2022-05-16 03:00:00,1.7583333333333335
2022-05-16 03:30:00,1.7566666666666666
2022-05-16 04:00:00,1.6433333333333333
2022-05-16 04:30:00,1.615
2022-05-16 05:00:00,1.6216666666666668
2022-05-16 05:30:00,1.6183333333333334
2022-05-16 06:00:00,1.6033333333333333
2022-05-16 06:30:00,1.5766666666666669
2022-05-16 07:00:00,1.5716666666666665
2022-05-16 07:30:00,1.5916666666666668
2022-05-16 08:00:00,1.58
2022-05-16 08:30:00,1.5533333333333335
2022-05-16 09:00:00,1.5999999999999999
2022-05-16 09:30:00,1.5783333333333334
2022-05-16 10:00:00,1.5816666666666668
2022-05-16 10:30:00,1.5766666666666664
2022-05-16 11:00:00,1.545
2022-05-16 11:30:00,1.5416666666666667
2022-05-16 12:00:00,1.5433333333333332
2022-05-16 12:30:00,1.5366666666666664
2022-05-16 13:00:00,1.5566666666666666
2022-05-16 13:30:00,1.4783333333333333
2022-05-16 14:00:00,1.6383333333333334
2022-05-16 14:30:00,1.6633333333333333
2022-05-16 15:00:00,1.665
2022-05-16 15:30:00,1.6183333333333334
2022-05-16 16:00:00,1.5999999999999999
2022-05-16 16:30:00,1.5283333333333333
2022-05-16 17:00:00,1.4749999999999999
2022-05-16 17:30:00,1.47
2022-05-16 18:00:00,1.49
2022-05-16 18:30:00,1.4916666666666665
2022-05-16 19:00:00,1.5083333333333335
2022-05-16 19:30:00,1.5266666666666666
2022-05-16 20:00:00,1.7183333333333335
2022-05-16 20:30:00,1.7766666666666666
2022-05-16 21:00:00,1.7516666666666667
2022-05-16 21:30:00,1.7166666666666668
2022-05-16 22:00:00,1.7566666666666666
2022-05-16 22:30:00,1.7816666666666665
2022-05-16 23:00:00,1.8133333333333332
2022-05-16 23:30:00,1.835
2022-05-17 00:00:00,1.83
2022-05-17 00:30:00,1.8150000000000002
2022-05-17 01:00:00,1.876666666666667
2022-05-17 01:30:00,1.7666666666666666
2022-05-17 02:00:00,1.64
2022-05-17 02:30:00,1.6450000000000002
2022-05-17 03:00:00,1.64
2022-05-17 03:30:00,1.6516666666666666
2022-05-17 04:00:00,1.6583333333333332
2022-05-17 04:30:00,1.6616666666666668
2022-05-17 05:00:00,1.6833333333333333
2022-05-17 05:30:00,1.7133333333333332
2022-05-17 06:00:00,1.83
2022-05-17 06:30:00,1.8016666666666667
2022-05-17 07:00:00,1.8950000000000002
2022-05-17 07:30:00,1.8866666666666667
2022-05-17 08:00:00,1.906666666666667
2022-05-17 08:30:00,1.8716666666666668
2022-05-17 09:00:00,1.7683333333333333
2022-05-17 09:30:00,1.8783333333333332
2022-05-17 10:00:00,1.8683333333333332
2022-05-17 10:30:00,1.8566666666666667
2022-05-17 11:00:00,1.8316666666666668
2022-05-17 11:30:00,1.8066666666666666
2022-05-17 12:00:00,1.91
2022-05-17 12:30:00,1.7466666666666668
2022-05-17 13:00:00,1.8166666666666667
2022-05-17 13:30:00,1.7983333333333331
2022-05-17 14:00:00,1.8483333333333334
2022-05-17 14:30:00,1.8399999999999999
2022-05-17 15:00:00,1.8650000000000002
2022-05-17 15:30:00,1.8416666666666668
2022-05-17 16:00:00,1.8966666666666667
2022-05-17 16:30:00,1.8366666666666667
2022-05-17 17:00:00,1.9766666666666666
2022-05-17 17:30:00,1.7583333333333335
2022-05-17 18:00:00,1.92
2022-05-17 18:30:00,1.8699999999999999
2022-05-17 19:00:00,1.9516666666666669
2022-05-17 19:30:00,1.8666666666666665
2022-05-17 20:00:00,1.8616666666666666
2022-05-17 20:30:00,1.8366666666666667
2022-05-17 21:00:00,1.7633333333333334
2022-05-17 21:30:00,1.7816666666666665
2022-05-17 22:00:00,1.7616666666666667
2022-05-17 22:30:00,1.75
2022-05-17 23:00:00,1.735
2022-05-17 23:30:00,1.6916666666666667
2022-05-18 00:00:00,1.6933333333333334
2022-05-18 00:30:00,1.7016666666666669
2022-05-18 01:00:00,1.75
2022-05-18 01:30:00,1.72
2022-05-18 02:00:00,1.7383333333333333
2022-05-18 02:30:00,1.7249999999999999
2022-05-18 03:00:00,1.6916666666666667
2022-05-18 03:30:00,1.6900000000000002
2022-05-18 04:00:00,1.7333333333333334
2022-05-18 04:30:00,1.7083333333333333
2022-05-18 05:00:00,1.7449999999999999
2022-05-18 05:30:00,1.7166666666666668
2022-05-18 06:00:00,1.75
2022-05-18 06:30:00,1.7533333333333332
2022-05-18 07:00:00,1.76
2022-05-18 07:30:00,1.7716666666666665
2022-05-18 08:00:00,1.8150000000000002
2022-05-18 08:30:00,1.8533333333333335
2022-05-18 09:00:00,1.8033333333333335
2022-05-18 09:30:00,1.7383333333333333
2022-05-18 10:00:00,1.7833333333333332
2022-05-18 10:30:00,1.755
2022-05-18 11:00:00,1.7533333333333332
2022-05-18 11:30:00,1.7149999999999999
2022-05-18 12:00:00,1.7516666666666667
2022-05-18 12:30:00,1.71
2022-05-18 13:00:00,1.7533333333333332
2022-05-18 13:30:00,1.705
2022-05-18 14:00:00,1.7383333333333333
2022-05-18 14:30:00,1.718333333333333
2022-05-18 15:00:00,1.7566666666666666
2022-05-18 15:30:00,1.7033333333333331
2022-05-18 16:00:00,1.795
2022-05-18 16:30:00,1.7850000000000001
2022-05-18 17:00:00,1.8133333333333335
2022-05-18 17:30:00,1.8183333333333334
2022-05-18 18:00:00,1.8066666666666666
2022-05-18 18:30:00,1.82
2022-05-18 19:00:00,1.7766666666666666
2022-05-18 19:30:00,1.7716666666666667
2022-05-18 20:00:00,1.8516666666666666
2022-05-18 20:30:00,1.8399999999999999
2022-05-18 21:00:00,1.8583333333333334
2022-05-18 21:30:00,1.8549999999999998
2022-05-18 22:00:00,1.8566666666666667
2022-05-18 22:30:00,1.8099999999999998
2022-05-18 23:00:00,1.9100000000000001
2022-05-18 23:30:00,1.8866666666666667
2022-05-19 00:00:00,1.8733333333333333
2022-05-19 00:30:00,1.7616666666666667
2022-05-19 01:00:00,1.76
2022-05-19 01:30:00,1.7299999999999998
2022-05-19 02:00:00,1.755
2022-05-19 02:30:00,1.72
2022-05-19 03:00:00,1.7183333333333335
2022-05-19 03:30:00,1.7183333333333335
2022-05-19 04:00:00,1.7433333333333334
2022-05-19 04:30:00,1.72
2022-05-19 05:00:00,1.76
2022-05-19 05:30:00,1.7233333333333334
2022-05-19 06:00:00,1.7466666666666668
2022-05-19 06:30:00,1.7383333333333333
2022-05-19 07:00:00,1.78
2022-05-19 07:30:00,1.8983333333333334
2022-05-19 08:00:00,1.9033333333333333
2022-05-19 08:30:00,1.9216666666666669
2022-05-19 09:00:00,1.86
2022-05-19 09:30:00,1.8683333333333334
2022-05-19 10:00:00,1.8099999999999998
2022-05-19 10:30:00,1.9083333333333332
2022-05-19 11:00:00,1.76
2022-05-19 11:30:00,1.76
2022-05-19 12:00:00,1.7533333333333332
2022-05-19 12:30:00,1.8266666666666669
2022-05-19 13:00:00,1.9183333333333332
2022-05-19 13:30:00,1.9583333333333333
2022-05-19 14:00:00,1.9683333333333335
2022-05-19 14:30:00,1.9733333333333334
2022-05-19 15:00:00,1.6983333333333333
2022-05-19 15:30:00,1.705
2022-05-19 16:00:00,1.8033333333333335
2022-05-19 16:30:00,1.7883333333333333
2022-05-19 17:00:00,1.765
2022-05-19 17:30:00,1.985
2022-05-19 18:00:00,1.6450000000000002
2022-05-19 18:30:00,1.675
2022-05-19 19:00:00,1.6916666666666667
2022-05-19 19:30:00,1.7183333333333335
2022-05-19 20:00:00,1.6716666666666669
2022-05-19 20:30:00,1.7249999999999999
2022-05-19 21:00:00,1.7383333333333333
2022-05-19 21:30:00,1.7716666666666665
2022-05-19 22:00:00,1.75
2022-05-19 22:30:00,1.7733333333333334
2022-05-19 23:00:00,1.7550000000000001
2022-05-19 23:30:00,1.7833333333333332
2022-05-20 00:00:00,1.7483333333333333
2022-05-20 00:30:00,1.8233333333333333
2022-05-20 01:00:00,1.7883333333333333
2022-05-20 01:30:00,1.8383333333333332
2022-05-20 02:00:00,1.8333333333333333
2022-05-20 02:30:00,1.8733333333333333
2022-05-20 03:00:00,1.8383333333333336
2022-05-20 03:30:00,1.8150000000000002
2022-05-20 04:00:00,1.8266666666666669
2022-05-20 04:30:00,1.8216666666666665
2022-05-20 05:00:00,1.82
2022-05-20 05:30:00,1.8533333333333335
2022-05-20 06:00:00,1.9100000000000001
2022-05-20 06:30:00,1.9633333333333336
2022-05-20 07:00:00,1.9649999999999999
2022-05-20 07:30:00,1.9833333333333334
2022-05-20 08:00:00,2.066666666666667
2022-05-20 08:30:00,1.9833333333333334
2022-05-20 09:00:00,1.9616666666666667
2022-05-20 09:30:00,1.9749999999999999
2022-05-20 10:00:00,1.9383333333333332
2022-05-20 10:30:00,1.9266666666666667
2022-05-20 11:00:00,1.8833333333333335
2022-05-20 11:30:00,1.9016666666666666
2022-05-20 12:00:00,1.9266666666666665
2022-05-20 12:30:00,1.9766666666666666
2022-05-20 13:00:00,1.8983333333333334
2022-05-20 13:30:00,1.9083333333333332
2022-05-20 14:00:00,1.8666666666666665
2022-05-20 14:30:00,1.8533333333333335
2022-05-20 15:00:00,1.7833333333333332
2022-05-20 15:30:00,1.7866666666666664
2022-05-20 16:00:00,1.7866666666666664
2022-05-20 16:30:00,1.82
2022-05-20 17:00:00,1.7883333333333333
2022-05-20 17:30:00,1.7866666666666668
2022-05-20 18:00:00,1.79
2022-05-20 18:30:00,1.7666666666666666
2022-05-20 19:00:00,1.7933333333333332
2022-05-20 19:30:00,1.8633333333333333
2022-05-20 20:00:00,1.7533333333333332
2022-05-20 20:30:00,1.7266666666666666
2022-05-20 21:00:00,1.7
2022-05-20 21:30:00,1.7316666666666667
2022-05-20 22:00:00,1.8516666666666666
2022-05-20 22:30:00,1.9766666666666666
2022-05-20 23:00:00,2.0116666666666667
2022-05-20 23:30:00,2.256666666666667
2022-05-21 00:00:00,103.86000000000001
2022-05-21 00:30:00,1.4649999999999999
2022-05-21 01:00:00,1.3966666666666667
2022-05-21 01:30:00,1.43
2022-05-21 02:00:00,1.4116666666666668
2022-05-21 02:30:00,1.46
2022-05-21 03:00:00,1.3950000000000002
2022-05-21 03:30:00,1.4133333333333333
2022-05-21 04:00:00,1.3666666666666665
2022-05-21 04:30:00,1.385
2022-05-21 05:00:00,1.3566666666666667
2022-05-21 05:30:00,1.42
2022-05-21 06:00:00,1.3816666666666666
2022-05-21 06:30:00,1.4533333333333334
2022-05-21 07:00:00,1.425
2022-05-21 07:30:00,1.555
2022-05-21 08:00:00,1.4966666666666668
2022-05-21 08:30:00,1.5516666666666665
2022-05-21 09:00:00,1.4866666666666666
2022-05-21 09:30:00,1.515
2022-05-21 10:00:00,1.4883333333333333
2022-05-21 10:30:00,1.5116666666666667
2022-05-21 11:00:00,1.4833333333333334
2022-05-21 11:30:00,1.5266666666666666
2022-05-21 12:00:00,1.4916666666666665
2022-05-21 12:30:00,1.5483333333333331
2022-05-21 13:00:00,1.4566666666666668
2022-05-21 13:30:00,1.4749999999999999
2022-05-21 14:00:00,1.4800000000000002
2022-05-21 14:30:00,1.4616666666666667
2022-05-21 15:00:00,1.5
2022-05-21 15:30:00,1.4166666666666667
2022-05-21 16:00:00,1.53
2022-05-21 16:30:00,1.4716666666666667
2022-05-21 17:00:00,1.4833333333333334
2022-05-21 17:30:00,1.515
2022-05-21 18:00:00,1.4266666666666667
2022-05-21 18:30:00,1.4349999999999998
2022-05-21 19:00:00,1.4000000000000001
2022-05-21 19:30:00,1.5133333333333334
2022-05-21 20:00:00,1.4516666666666664
2022-05-21 20:30:00,1.445
2022-05-21 21:00:00,1.405
2022-05-21 21:30:00,1.3883333333333334
2022-05-21 22:00:00,1.4000000000000001
2022-05-21 22:30:00,1.385
2022-05-21 23:00:00,1.3950000000000002
2022-05-21 23:30:00,1.6566666666666665
2022-05-22 00:00:00,1.4333333333333333
2022-05-22 00:30:00,1.3399999999999999
2022-05-22 01:00:00,1.255
2022-05-22 01:30:00,1.2733333333333334
2022-05-22 02:00:00,1.2983333333333333
2022-05-22 02:30:00,1.2916666666666667
2022-05-22 03:00:00,1.2633333333333334
2022-05-22 03:30:00,1.2466666666666668
2022-05-22 04:00:00,1.2316666666666667
2022-05-22 04:30:00,1.2866666666666668
2022-05-22 05:00:00,1.2833333333333334
2022-05-22 05:30:00,1.2716666666666667
2022-05-22 06:00:00,1.3099999999999998
2022-05-22 06:30:00,1.2766666666666666
2022-05-22 07:00:00,1.3099999999999998
2022-05-22 07:30:00,1.4133333333333333
2022-05-22 08:00:00,1.4316666666666666
2022-05-22 08:30:00,1.3683333333333334
2022-05-22 09:00:00,1.4183333333333332
2022-05-22 09:30:00,1.4283333333333335
2022-05-22 10:00:00,1.3950000000000002
2022-05-22 10:30:00,1.4633333333333336
2022-05-22 11:00:00,1.4733333333333334
2022-05-22 11:30:00,1.3733333333333333
2022-05-22 12:00:00,1.295
2022-05-22 12:30:00,1.3266666666666667
2022-05-22 13:00:00,1.2883333333333333
2022-05-22 13:30:00,1.2816666666666667
2022-05-22 14:00:00,1.3083333333333333
2022-05-22 14:30:00,1.3316666666666668
2022-05-22 15:00:00,1.4783333333333333
2022-05-22 15:30:00,1.425
2022-05-22 16:00:00,1.5166666666666666
2022-05-22 16:30:00,1.5016666666666667
2022-05-22 17:00:00,1.5016666666666667
2022-05-22 17:30:00,1.4833333333333334
2022-05-22 18:00:00,1.4483333333333333
2022-05-22 18:30:00,1.4266666666666667
2022-05-22 19:00:00,1.3066666666666666
2022-05-22 19:30:00,1.335
2022-05-22 20:00:00,1.3716666666666668
2022-05-22 20:30:00,1.3933333333333333
2022-05-22 21:00:00,25.343333333333334
2022-05-22 21:30:00,2.348333333333333
2022-05-22 22:00:00,2.7883333333333336
2022-05-22 22:30:00,2.453333333333333
2022-05-22 23:00:00,2.4966666666666666
2022-05-22 23:30:00,2.4266666666666663
2022-05-23 00:00:00,2.235
2022-05-23 00:30:00,1.9333333333333333
2022-05-23 01:00:00,1.835
2022-05-23 01:30:00,1.7516666666666667
2022-05-23 02:00:00,1.7933333333333332
2022-05-23 02:30:00,1.8116666666666668
2022-05-23 03:00:00,1.825
2022-05-23 03:30:00,1.7833333333333332
2022-05-23 04:00:00,1.805
2022-05-23 04:30:00,1.7683333333333333
2022-05-23 05:00:00,1.8133333333333332
2022-05-23 05:30:00,1.8150000000000002
2022-05-23 06:00:00,1.9083333333333332
2022-05-23 06:30:00,1.9616666666666667
2022-05-23 07:00:00,1.9433333333333334
2022-05-23 07:30:00,1.9166666666666667
2022-05-23 08:00:00,1.95
2022-05-23 08:30:00,1.83
2022-05-23 09:00:00,1.8549999999999998
2022-05-23 09:30:00,1.9316666666666666
2022-05-23 10:00:00,1.9649999999999999
2022-05-23 10:30:00,1.9349999999999998
2022-05-23 11:00:00,1.9416666666666667
2022-05-23 11:30:00,1.8833333333333335
2022-05-23 12:00:00,1.9283333333333335
2022-05-23 12:30:00,1.9649999999999999
2022-05-23 13:00:00,1.9216666666666666
2022-05-23 13:30:00,1.9216666666666666
2022-05-23 14:00:00,1.9583333333333333
2022-05-23 14:30:00,1.9616666666666667
2022-05-23 15:00:00,1.9766666666666666
2022-05-23 15:30:00,1.9683333333333335
2022-05-23 16:00:00,1.97
2022-05-23 16:30:00,1.9916666666666665
2022-05-23 17:00:00,2.0866666666666664
2022-05-23 17:30:00,2.013333333333333
2022-05-23 18:00:00,1.92
2022-05-23 18:30:00,1.93
2022-05-23 19:00:00,1.8333333333333333
2022-05-23 19:30:00,1.7699999999999998
2022-05-23 20:00:00,1.7966666666666666
2022-05-23 20:30:00,1.7833333333333334
2022-05-23 21:00:00,1.8183333333333334
2022-05-23 21:30:00,1.7766666666666666
2022-05-23 22:00:00,1.76
2022-05-23 22:30:00,1.7149999999999999
2022-05-23 23:00:00,1.7416666666666665
2022-05-23 23:30:00,1.7249999999999999
2022-05-24 00:00:00,1.7483333333333333
2022-05-24 00:30:00,1.82
2022-05-24 01:00:00,1.7616666666666667
2022-05-24 01:30:00,1.7716666666666667
2022-05-24 02:00:00,1.7883333333333333
2022-05-24 02:30:00,1.79
2022-05-24 03:00:00,1.805
2022-05-24 03:30:00,1.7933333333333332
2022-05-24 04:00:00,1.7233333333333334
2022-05-24 04:30:00,1.7683333333333333
2022-05-24 05:00:00,1.7750000000000001
2022-05-24 05:30:00,1.78
2022-05-24 06:00:00,1.79
2022-05-24 06:30:00,1.8233333333333333
2022-05-24 07:00:00,1.9533333333333334
2022-05-24 07:30:00,1.9166666666666667
2022-05-24 08:00:00,1.9800000000000002
2022-05-24 08:30:00,1.9649999999999999
2022-05-24 09:00:00,2.0233333333333334
2022-05-24 09:30:00,2.02
2022-05-24 10:00:00,1.9383333333333332
2022-05-24 10:30:00,1.9433333333333334
2022-05-24 11:00:00,1.8800000000000001
2022-05-24 11:30:00,1.8533333333333335
2022-05-24 12:00:00,1.8533333333333335
2022-05-24 12:30:00,1.8633333333333333
2022-05-24 13:00:00,1.9066666666666665
2022-05-24 13:30:00,1.8833333333333335
2022-05-24 14:00:00,1.9116666666666664
2022-05-24 14:30:00,1.8883333333333334
2022-05-24 15:00:00,1.9400000000000002
2022-05-24 15:30:00,1.8466666666666667
2022-05-24 16:00:00,1.9383333333333332
2022-05-24 16:30:00,1.9416666666666664
2022-05-24 17:00:00,1.9666666666666668
2022-05-24 17:30:00,1.9466666666666665
2022-05-24 18:00:00,1.9816666666666667
2022-05-24 18:30:00,1.8849999999999998
2022-05-24 19:00:00,1.8933333333333333
2022-05-24 19:30:00,1.875
2022-05-24 20:00:00,1.8833333333333335
2022-05-24 20:30:00,1.8416666666666668
2022-05-24 21:00:00,1.8733333333333333
2022-05-24 21:30:00,1.8666666666666665
2022-05-24 22:00:00,1.835
2022-05-24 22:30:00,1.8283333333333334
2022-05-24 23:00:00,1.8883333333333334
2022-05-24 23:30:00,1.8366666666666667
2022-05-25 00:00:00,1.8316666666666668
2022-05-25 00:30:00,1.9133333333333333
2022-05-25 01:00:00,1.8633333333333333
2022-05-25 01:30:00,1.8516666666666666
2022-05-25 02:00:00,1.8949999999999998
2022-05-25 02:30:00,1.8833333333333335
2022-05-25 03:00:00,1.89
2022-05-25 03:30:00,1.82
2022-05-25 04:00:00,1.8416666666666666
2022-05-25 04:30:00,1.8116666666666665
2022-05-25 05:00:00,1.8533333333333335
2022-05-25 05:30:00,1.8583333333333334
2022-05-25 06:00:00,1.9166666666666667
2022-05-25 06:30:00,1.9100000000000001
2022-05-25 07:00:00,1.906666666666667
2022-05-25 07:30:00,1.9383333333333332
2022-05-25 08:00:00,1.9633333333333332
2022-05-25 08:30:00,1.88
2022-05-25 09:00:00,1.9416666666666667
2022-05-25 09:30:00,1.9033333333333333
2022-05-25 10:00:00,1.9033333333333333
2022-05-25 10:30:00,1.8683333333333334
2022-05-25 11:00:00,1.8516666666666666
2022-05-25 11:30:00,1.865
2022-05-25 12:00:00,1.9033333333333333
2022-05-25 12:30:00,120.96166666666669
2022-05-25 13:00:00,23.10166666666667
2022-05-25 13:30:00,9.23
2022-05-25 14:00:00,6.035
2022-05-25 14:30:00,4.383333333333334
2022-05-25 15:00:00,3.53
2022-05-25 15:30:00,3.2066666666666666
2022-05-25 16:00:00,3.1016666666666666
2022-05-25 16:30:00,3.035
2022-05-25 17:00:00,2.703333333333333
2022-05-25 17:30:00,2.43
2022-05-25 18:00:00,2.4066666666666667
2022-05-25 18:30:00,2.31
2022-05-25 19:00:00,2.2816666666666667
2022-05-25 19:30:00,2.295
2022-05-25 20:00:00,2.28
2022-05-25 20:30:00,2.29
2022-05-25 21:00:00,2.4333333333333336
2022-05-25 21:30:00,2.5816666666666666
2022-05-25 22:00:00,2.9499999999999997
2022-05-25 22:30:00,2.3833333333333333
2022-05-25 23:00:00,2.4716666666666667
2022-05-25 23:30:00,2.396666666666667
2022-05-26 00:00:00,2.3433333333333333
2022-05-26 00:30:00,2.4033333333333333
2022-05-26 01:00:00,2.3833333333333333
2022-05-26 01:30:00,2.4216666666666664
2022-05-26 02:00:00,2.4466666666666668
2022-05-26 02:30:00,2.516666666666667
2022-05-26 03:00:00,2.46
2022-05-26 03:30:00,2.495
2022-05-26 04:00:00,2.4966666666666666
2022-05-26 04:30:00,2.4883333333333333
2022-05-26 05:00:00,2.4233333333333333
2022-05-26 05:30:00,2.4633333333333334
2022-05-26 06:00:00,2.5116666666666667
2022-05-26 06:30:00,2.671666666666667
2022-05-26 07:00:00,2.5383333333333336
2022-05-26 07:30:00,2.5716666666666668
2022-05-26 08:00:00,2.565
2022-05-26 08:30:00,2.6366666666666667
2022-05-26 09:00:00,2.5483333333333333
2022-05-26 09:30:00,2.58
2022-05-26 10:00:00,2.52
2022-05-26 10:30:00,2.5566666666666666
2022-05-26 11:00:00,2.5433333333333334
2022-05-26 11:30:00,2.5483333333333333
2022-05-26 12:00:00,2.4883333333333333
2022-05-26 12:30:00,2.435
2022-05-26 13:00:00,2.4333333333333336
2022-05-26 13:30:00,2.44
2022-05-26 14:00:00,2.401666666666667
2022-05-26 14:30:00,2.421666666666667
2022-05-26 15:00:00,2.43
2022-05-26 15:30:00,2.4633333333333334
2022-05-26 16:00:00,2.7716666666666665
2022-05-26 16:30:00,2.9583333333333335
2022-05-26 17:00:00,3.081666666666667
2022-05-26 17:30:00,2.84
2022-05-26 18:00:00,2.865
2022-05-26 18:30:00,2.876666666666667
2022-05-26 19:00:00,2.811666666666667
2022-05-26 19:30:00,2.8033333333333332
2022-05-26 20:00:00,2.776666666666667
2022-05-26 20:30:00,2.7516666666666665
2022-05-26 21:00:00,2.731666666666667
2022-05-26 21:30:00,2.856666666666667
2022-05-26 22:00:00,2.89
2022-05-26 22:30:00,2.888333333333333
2022-05-26 23:00:00,2.668333333333333
2022-05-26 23:30:00,2.6033333333333335
2022-05-27 00:00:00,2.52
2022-05-27 00:30:00,2.5433333333333334
2022-05-27 01:00:00,2.6149999999999998
2022-05-27 01:30:00,2.55
2022-05-27 02:00:00,2.5783333333333336
2022-05-27 02:30:00,2.651666666666667
2022-05-27 03:00:00,2.646666666666667
2022-05-27 03:30:00,2.6666666666666665
2022-05-27 04:00:00,2.6149999999999998
2022-05-27 04:30:00,2.6083333333333334
2022-05-27 05:00:00,2.6300000000000003
2022-05-27 05:30:00,2.6933333333333334
2022-05-27 06:00:00,2.6750000000000003
2022-05-27 06:30:00,2.77
2022-05-27 07:00:00,2.731666666666667
2022-05-27 07:30:00,2.6816666666666666
2022-05-27 08:00:00,2.7100000000000004
2022-05-27 08:30:00,2.671666666666667
2022-05-27 09:00:00,2.646666666666667
2022-05-27 09:30:00,2.685
2022-05-27 10:00:00,2.62
2022-05-27 10:30:00,2.605
2022-05-27 11:00:00,2.518333333333333
2022-05-27 11:30:00,2.6133333333333333
2022-05-27 12:00:00,2.5416666666666665
2022-05-27 12:30:00,2.62
2022-05-27 13:00:00,2.4833333333333334
2022-05-27 13:30:00,2.4916666666666667
2022-05-27 14:00:00,2.4616666666666664
2022-05-27 14:30:00,2.421666666666667
2022-05-27 15:00:00,2.4516666666666667
2022-05-27 15:30:00,2.401666666666667
2022-05-27 16:00:00,2.401666666666667
2022-05-27 16:30:00,2.518333333333333
2022-05-27 17:00:00,2.355
2022-05-27 17:30:00,2.348333333333333
2022-05-27 18:00:00,2.32
2022-05-27 18:30:00,2.2216666666666667
2022-05-27 19:00:00,2.25
2022-05-27 19:30:00,2.2733333333333334
2022-05-27 20:00:00,2.223333333333333
2022-05-27 20:30:00,2.2550000000000003
2022-05-27 21:00:00,2.1999999999999997
2022-05-27 21:30:00,2.2583333333333333
2022-05-27 22:00:00,2.353333333333333
2022-05-27 22:30:00,2.4633333333333334
2022-05-27 23:00:00,5.155
2022-05-27 23:30:00,1.8266666666666669
2022-05-28 00:00:00,1.8316666666666668
2022-05-28 00:30:00,1.7633333333333334
2022-05-28 01:00:00,1.7416666666666665
2022-05-28 01:30:00,1.7633333333333334
2022-05-28 02:00:00,1.7233333333333334
2022-05-28 02:30:00,1.7816666666666665
2022-05-28 03:00:00,1.7716666666666665
2022-05-28 03:30:00,1.785
2022-05-28 04:00:00,1.7566666666666666
2022-05-28 04:30:00,1.79
2022-05-28 05:00:00,1.8016666666666667
2022-05-28 05:30:00,1.74
2022-05-28 06:00:00,1.8266666666666669
2022-05-28 06:30:00,1.875
2022-05-28 07:00:00,1.8966666666666667
2022-05-28 07:30:00,1.865
2022-05-28 08:00:00,1.8650000000000002
2022-05-28 08:30:00,1.8783333333333332
2022-05-28 09:00:00,1.8683333333333334
2022-05-28 09:30:00,1.825
2022-05-28 10:00:00,1.8099999999999998
2022-05-28 10:30:00,1.8233333333333333
2022-05-28 11:00:00,1.8099999999999998
2022-05-28 11:30:00,1.7716666666666665
2022-05-28 12:00:00,1.8133333333333335
2022-05-28 12:30:00,1.8150000000000002
2022-05-28 13:00:00,1.8283333333333331
2022-05-28 13:30:00,1.8
2022-05-28 14:00:00,1.79
2022-05-28 14:30:00,1.8283333333333334
2022-05-28 15:00:00,1.8266666666666669
2022-05-28 15:30:00,1.7833333333333332
2022-05-28 16:00:00,1.8216666666666665
2022-05-28 16:30:00,1.9016666666666666
2022-05-28 17:00:00,1.8966666666666665
2022-05-28 17:30:00,1.83
2022-05-28 18:00:00,1.9016666666666666
2022-05-28 18:30:00,1.86
2022-05-28 19:00:00,1.825
2022-05-28 19:30:00,1.7933333333333332
2022-05-28 20:00:00,1.755
2022-05-28 20:30:00,1.75
2022-05-28 21:00:00,1.7516666666666667
2022-05-28 21:30:00,1.7766666666666666
2022-05-28 22:00:00,1.7149999999999999
2022-05-28 22:30:00,1.7766666666666666
2022-05-28 23:00:00,1.7700000000000002
2022-05-28 23:30:00,1.72
2022-05-29 00:00:00,2.078333333333333
2022-05-29 00:30:00,1.905
2022-05-29 01:00:00,1.8066666666666666
2022-05-29 01:30:00,1.7583333333333335
2022-05-29 02:00:00,1.7966666666666669
2022-05-29 02:30:00,1.74
2022-05-29 03:00:00,1.7616666666666667
2022-05-29 03:30:00,1.7583333333333335
2022-05-29 04:00:00,1.7400000000000002
2022-05-29 04:30:00,1.7300000000000002
2022-05-29 05:00:00,1.75
2022-05-29 05:30:00,1.7383333333333333
2022-05-29 06:00:00,1.7433333333333334
2022-05-29 06:30:00,1.745
2022-05-29 07:00:00,1.8383333333333332
2022-05-29 07:30:00,1.82
2022-05-29 08:00:00,1.8133333333333332
2022-05-29 08:30:00,1.86
2022-05-29 09:00:00,1.925
2022-05-29 09:30:00,2.065
2022-05-29 10:00:00,1.9416666666666667
2022-05-29 10:30:00,1.9400000000000002
2022-05-29 11:00:00,1.8733333333333333
2022-05-29 11:30:00,1.86
2022-05-29 12:00:00,1.9116666666666668
2022-05-29 12:30:00,1.8833333333333335
2022-05-29 13:00:00,1.885
2022-05-29 13:30:00,1.835
2022-05-29 14:00:00,1.8533333333333335
2022-05-29 14:30:00,1.8499999999999999
2022-05-29 15:00:00,1.8183333333333334
2022-05-29 15:30:00,1.8483333333333334
2022-05-29 16:00:00,1.9100000000000001
2022-05-29 16:30:00,1.7750000000000001
2022-05-29 17:00:00,1.8183333333333334
2022-05-29 17:30:00,1.7916666666666667
2022-05-29 18:00:00,1.7766666666666666
2022-05-29 18:30:00,1.735
2022-05-29 19:00:00,1.75
2022-05-29 19:30:00,1.7433333333333334
2022-05-29 20:00:00,1.745
2022-05-29 20:30:00,1.7416666666666665
2022-05-29 21:00:00,74.045
2022-05-29 21:30:00,2.953333333333333
2022-05-29 22:00:00,3.09
2022-05-29 22:30:00,2.92
2022-05-29 23:00:00,2.9250000000000003
2022-05-29 23:30:00,2.8516666666666666
2022-05-30 00:00:00,2.6633333333333336
2022-05-30 00:30:00,2.38
2022-05-30 01:00:00,2.2516666666666665
2022-05-30 01:30:00,2.271666666666667
2022-05-30 02:00:00,2.1983333333333333
2022-05-30 02:30:00,2.2083333333333335
2022-05-30 03:00:00,2.3333333333333335
2022-05-30 03:30:00,2.2916666666666665
2022-05-30 04:00:00,2.3633333333333333
2022-05-30 04:30:00,2.365
2022-05-30 05:00:00,2.3833333333333333
2022-05-30 05:30:00,2.311666666666667
2022-05-30 06:00:00,2.361666666666667
2022-05-30 06:30:00,2.316666666666667
2022-05-30 07:00:00,2.4133333333333336
2022-05-30 07:30:00,2.3249999999999997
2022-05-30 08:00:00,2.47
2022-05-30 08:30:00,2.345
2022-05-30 09:00:00,2.31
2022-05-30 09:30:00,2.2966666666666664
2022-05-30 10:00:00,2.345
2022-05-30 10:30:00,2.375
2022-05-30 11:00:00,2.3850000000000002
2022-05-30 11:30:00,2.39
2022-05-30 12:00:00,2.4099999999999997
2022-05-30 12:30:00,2.3800000000000003
2022-05-30 13:00:00,2.4183333333333334
2022-05-30 13:30:00,2.4499999999999997
2022-05-30 14:00:00,2.4783333333333335
2022-05-30 14:30:00,2.4316666666666666
2022-05-30 15:00:00,2.4466666666666668
2022-05-30 15:30:00,2.4233333333333333
2022-05-30 16:00:00,2.4066666666666667
2022-05-30 16:30:00,2.4483333333333333
2022-05-30 17:00:00,2.54
2022-05-30 17:30:00,2.388333333333333
2022-05-30 18:00:00,2.4366666666666665
2022-05-30 18:30:00,2.3966666666666665
2022-05-30 19:00:00,2.4516666666666667
2022-05-30 19:30:00,2.481666666666667
2022-05-30 20:00:00,2.533333333333333
2022-05-30 20:30:00,2.533333333333333
2022-05-30 21:00:00,2.6283333333333334
2022-05-30 21:30:00,2.57
2022-05-30 22:00:00,2.566666666666667
2022-05-30 22:30:00,2.475
2022-05-30 23:00:00,2.52
2022-05-30 23:30:00,2.51
2022-05-31 00:00:00,2.58
2022-05-31 00:30:00,2.5933333333333333
2022-05-31 01:00:00,2.5933333333333333
2022-05-31 01:30:00,2.58
2022-05-31 02:00:00,2.59
2022-05-31 02:30:00,2.6316666666666664
2022-05-31 03:00:00,2.6300000000000003
2022-05-31 03:30:00,2.561666666666667
2022-05-31 04:00:00,2.561666666666667
2022-05-31 04:30:00,2.526666666666667
2022-05-31 05:00:00,2.5216666666666665
2022-05-31 05:30:00,2.438333333333333
2022-05-31 06:00:00,2.5166666666666666
2022-05-31 06:30:00,2.5366666666666666
2022-05-31 07:00:00,2.4899999999999998
2022-05-31 07:30:00,2.433333333333333
2022-05-31 08:00:00,2.518333333333333
2022-05-31 08:30:00,2.393333333333333
2022-05-31 09:00:00,2.4
2022-05-31 09:30:00,2.438333333333333
2022-05-31 10:00:00,2.4899999999999998
2022-05-31 10:30:00,2.408333333333333
2022-05-31 11:00:00,2.43
2022-05-31 11:30:00,2.4316666666666666
2022-05-31 12:00:00,2.465
2022-05-31 12:30:00,2.4516666666666667
2022-05-31 13:00:00,2.6266666666666665
2022-05-31 13:30:00,2.493333333333333
2022-05-31 14:00:00,2.5283333333333333
2022-05-31 14:30:00,2.4916666666666667
2022-05-31 15:00:00,2.5316666666666667
2022-05-31 15:30:00,2.48
2022-05-31 16:00:00,2.475
2022-05-31 16:30:00,2.5383333333333336
2022-05-31 17:00:00,2.716666666666667
2022-05-31 17:30:00,2.4233333333333333
2022-05-31 18:00:00,2.54
2022-05-31 18:30:00,2.595
2022-05-31 19:00:00,2.8383333333333334
2022-05-31 19:30:00,2.56
2022-05-31 20:00:00,2.525
2022-05-31 20:30:00,2.778333333333333
2022-05-31 21:00:00,2.5566666666666666
2022-05-31 21:30:00,2.9233333333333333
2022-05-31 22:00:00,2.9599999999999995
2022-05-31 22:30:00,2.668333333333333
2022-05-31 23:00:00,2.77
2022-05-31 23:30:00,2.6999999999999997
2022-06-01 00:00:00,2.5416666666666665
2022-06-01 00:30:00,2.6750000000000003
2022-06-01 01:00:00,2.6533333333333333
2022-06-01 01:30:00,2.888333333333333
2022-06-01 02:00:00,31.486666666666665
2022-06-01 02:30:00,2.2433333333333336
2022-06-01 03:00:00,241.63333333333333
2022-06-01 03:30:00,1.3783333333333332
2022-06-01 04:00:00,1.39
2022-06-01 04:30:00,1.38
2022-06-01 05:00:00,1.4533333333333331
2022-06-01 05:30:00,1.4400000000000002
2022-06-01 06:00:00,1.4916666666666665
2022-06-01 06:30:00,1.5216666666666665
2022-06-01 07:00:00,1.555
2022-06-01 07:30:00,1.5933333333333335
2022-06-01 08:00:00,1.7850000000000001
2022-06-01 08:30:00,1.6133333333333333
2022-06-01 09:00:00,1.5866666666666667
2022-06-01 09:30:00,1.6283333333333332
2022-06-01 10:00:00,1.6766666666666665
2022-06-01 10:30:00,1.5433333333333332
2022-06-01 11:00:00,5.265
2022-06-01 11:30:00,3.811666666666667
2022-06-01 12:00:00,3.5216666666666665
2022-06-01 12:30:00,53.99333333333333
2022-06-01 13:00:00,4.193333333333333
2022-06-01 13:30:00,3.8266666666666667
2022-06-01 14:00:00,3.1999999999999997
2022-06-01 14:30:00,3.016666666666666
2022-06-01 15:00:00,2.8383333333333334
2022-06-01 15:30:00,2.6183333333333336
2022-06-01 16:00:00,2.5749999999999997
2022-06-01 16:30:00,2.6649999999999996
2022-06-01 17:00:00,2.625
2022-06-01 17:30:00,2.6033333333333335
2022-06-01 18:00:00,2.591666666666667
2022-06-01 18:30:00,2.4716666666666667
2022-06-01 19:00:00,2.4183333333333334
2022-06-01 19:30:00,2.435
2022-06-01 20:00:00,2.436666666666667
2022-06-01 20:30:00,2.478333333333333
2022-06-01 21:00:00,2.4983333333333335
2022-06-01 21:30:00,2.5066666666666664
2022-06-01 22:00:00,2.5
2022-06-01 22:30:00,2.445
2022-06-01 23:00:00,2.4116666666666666
2022-06-01 23:30:00,2.4183333333333334
2022-06-02 00:00:00,2.37
2022-06-02 00:30:00,2.3383333333333334
2022-06-02 01:00:00,2.308333333333333
2022-06-02 01:30:00,2.28
2022-06-02 02:00:00,2.2866666666666666
2022-06-02 02:30:00,2.285
2022-06-02 03:00:00,2.2883333333333336
2022-06-02 03:30:00,2.3400000000000003
2022-06-02 04:00:00,2.5033333333333334
2022-06-02 04:30:00,2.2916666666666665
2022-06-02 05:00:00,2.3649999999999998
2022-06-02 05:30:00,2.365
2022-06-02 06:00:00,2.3716666666666666
2022-06-02 06:30:00,2.421666666666667
2022-06-02 07:00:00,2.335
2022-06-02 07:30:00,2.466666666666667
2022-06-02 08:00:00,2.62
2022-06-02 08:30:00,2.558333333333333
2022-06-02 09:00:00,2.46
2022-06-02 09:30:00,2.5866666666666664
2022-06-02 10:00:00,2.606666666666667
2022-06-02 10:30:00,2.605
2022-06-02 11:00:00,2.6316666666666664
2022-06-02 11:30:00,2.605
2022-06-02 12:00:00,2.618333333333333
2022-06-02 12:30:00,2.6166666666666667
2022-06-02 13:00:00,2.605
2022-06-02 13:30:00,2.7466666666666666
2022-06-02 14:00:00,2.52
2022-06-02 14:30:00,2.5383333333333336
2022-06-02 15:00:00,2.5316666666666667
2022-06-02 15:30:00,2.698333333333333
2022-06-02 16:00:00,2.618333333333333
2022-06-02 16:30:00,2.436666666666667
2022-06-02 17:00:00,2.4283333333333332
2022-06-02 17:30:00,2.5033333333333334
2022-06-02 18:00:00,2.485
2022-06-02 18:30:00,2.473333333333333
2022-06-02 19:00:00,2.485
2022-06-02 19:30:00,2.8850000000000002
2022-06-02 20:00:00,2.4783333333333335
2022-06-02 20:30:00,2.486666666666667
2022-06-02 21:00:00,2.533333333333333
2022-06-02 21:30:00,2.65
2022-06-02 22:00:00,2.625
2022-06-02 22:30:00,2.665
2022-06-02 23:00:00,2.8000000000000003
2022-06-02 23:30:00,2.975
2022-06-03 00:00:00,3.611666666666667
2022-06-03 00:30:00,6.011666666666667
2022-06-03 01:00:00,6.965
2022-06-03 01:30:00,8.821666666666667
2022-06-03 02:00:00,7.34
2022-06-03 02:30:00,6.989999999999999
2022-06-03 03:00:00,7.28
2022-06-03 03:30:00,8.256666666666666
2022-06-03 04:00:00,9.86
2022-06-03 04:30:00,11.799999999999999
2022-06-03 05:00:00,2.6633333333333336
2022-06-03 05:30:00,2.69
2022-06-03 06:00:00,2.73
2022-06-03 06:30:00,2.8516666666666666
2022-06-03 07:00:00,2.94
2022-06-03 07:30:00,2.893333333333333
2022-06-03 08:00:00,3.1016666666666666
2022-06-03 08:30:00,3.0483333333333333
2022-06-03 09:00:00,2.9949999999999997
2022-06-03 09:30:00,2.9716666666666662
2022-06-03 10:00:00,2.938333333333333
2022-06-03 10:30:00,2.936666666666666
2022-06-03 11:00:00,2.9266666666666663
2022-06-03 11:30:00,2.965
2022-06-03 12:00:00,2.875
2022-06-03 12:30:00,2.9066666666666663
2022-06-03 13:00:00,2.9583333333333335
2022-06-03 13:30:00,2.936666666666667
2022-06-03 14:00:00,2.905
2022-06-03 14:30:00,2.981666666666667
2022-06-03 15:00:00,2.9783333333333335
2022-06-03 15:30:00,2.978333333333333
2022-06-03 16:00:00,2.905
2022-06-03 16:30:00,3.1216666666666666
2022-06-03 17:00:00,3.1633333333333336
2022-06-03 17:30:00,3.091666666666667
2022-06-03 18:00:00,3.158333333333333
2022-06-03 18:30:00,3.0966666666666662
2022-06-03 19:00:00,3.0216666666666665
2022-06-03 19:30:00,3.098333333333333
2022-06-03 20:00:00,2.8766666666666665
2022-06-03 20:30:00,2.8833333333333333
2022-06-03 21:00:00,2.8433333333333333
2022-06-03 21:30:00,2.9133333333333336
2022-06-03 22:00:00,2.8266666666666667
2022-06-03 22:30:00,2.9299999999999997
2022-06-03 23:00:00,3.331666666666667
2022-06-03 23:30:00,3.6466666666666665
2022-06-04 00:00:00,297.88500000000005
2022-06-04 00:30:00,2.0933333333333333
2022-06-04 01:00:00,2.1083333333333334
2022-06-04 01:30:00,2.155
2022-06-04 02:00:00,2.1316666666666664
2022-06-04 02:30:00,2.24
2022-06-04 03:00:00,2.04
2022-06-04 03:30:00,2.046666666666667
2022-06-04 04:00:00,2.0100000000000002
2022-06-04 04:30:00,2.0783333333333336
2022-06-04 05:00:00,2.138333333333333
2022-06-04 05:30:00,2.1683333333333334
2022-06-04 06:00:00,3.655
2022-06-04 06:30:00,1.5033333333333332
2022-06-04 07:00:00,1.5983333333333334
2022-06-04 07:30:00,1.3883333333333334
2022-06-04 08:00:00,1.4366666666666668
2022-06-04 08:30:00,1.3583333333333332
2022-06-04 09:00:00,1.3183333333333334
2022-06-04 09:30:00,1.2933333333333332
2022-06-04 10:00:00,1.3133333333333332
2022-06-04 10:30:00,1.38
2022-06-04 11:00:00,1.425
2022-06-04 11:30:00,1.3516666666666666
2022-06-04 12:00:00,1.345
2022-06-04 12:30:00,1.3816666666666666
2022-06-04 13:00:00,1.4083333333333332
2022-06-04 13:30:00,1.3883333333333334
2022-06-04 14:00:00,1.3499999999999999
2022-06-04 14:30:00,1.3783333333333332
2022-06-04 15:00:00,1.5133333333333334
2022-06-04 15:30:00,1.5283333333333333
2022-06-04 16:00:00,1.5866666666666667
2022-06-04 16:30:00,1.7416666666666665
2022-06-04 17:00:00,1.8800000000000001
2022-06-04 17:30:00,1.5783333333333331
2022-06-04 18:00:00,1.5516666666666665
2022-06-04 18:30:00,1.5416666666666667
2022-06-04 19:00:00,1.4816666666666667
2022-06-04 19:30:00,1.54
2022-06-04 20:00:00,1.5033333333333332
2022-06-04 20:30:00,1.5
2022-06-04 21:00:00,1.4316666666666666
2022-06-04 21:30:00,1.49
2022-06-04 22:00:00,1.5366666666666668
2022-06-04 22:30:00,1.4283333333333335
2022-06-04 23:00:00,1.515
2022-06-04 23:30:00,1.4783333333333335
2022-06-05 00:00:00,1.4633333333333336
2022-06-05 00:30:00,1.4583333333333333
2022-06-05 01:00:00,1.545
2022-06-05 01:30:00,1.5766666666666669
2022-06-05 02:00:00,1.6283333333333332
2022-06-05 02:30:00,1.66
2022-06-05 03:00:00,1.6733333333333331
2022-06-05 03:30:00,1.6616666666666668
2022-06-05 04:00:00,1.6833333333333333
2022-06-05 04:30:00,1.615
2022-06-05 05:00:00,1.615
2022-06-05 05:30:00,1.5766666666666669
2022-06-05 06:00:00,1.6066666666666667
2022-06-05 06:30:00,1.6566666666666665
2022-06-05 07:00:00,1.6916666666666667
2022-06-05 07:30:00,1.54
2022-06-05 08:00:00,1.5616666666666668
2022-06-05 08:30:00,1.5333333333333332
2022-06-05 09:00:00,1.585
2022-06-05 09:30:00,1.5199999999999998
2022-06-05 10:00:00,1.4983333333333333
2022-06-05 10:30:00,1.5133333333333334
2022-06-05 11:00:00,1.4966666666666668
2022-06-05 11:30:00,1.4799999999999998
2022-06-05 12:00:00,1.5
2022-06-05 12:30:00,1.4816666666666667
2022-06-05 13:00:00,1.5316666666666665
2022-06-05 13:30:00,1.656666666666667
2022-06-05 14:00:00,1.6183333333333334
2022-06-05 14:30:00,1.5083333333333335
2022-06-05 15:00:00,1.57
2022-06-05 15:30:00,1.5483333333333331
2022-06-05 16:00:00,1.6083333333333334
2022-06-05 16:30:00,1.5650000000000002
2022-06-05 17:00:00,1.625
2022-06-05 17:30:00,1.5033333333333332
2022-06-05 18:00:00,1.5816666666666668
2022-06-05 18:30:00,1.4649999999999999
2022-06-05 19:00:00,1.5816666666666668
2022-06-05 19:30:00,1.4833333333333332
2022-06-05 20:00:00,1.53
2022-06-05 20:30:00,1.5116666666666667
2022-06-05 21:00:00,1.5816666666666668
2022-06-05 21:30:00,1.5616666666666668
2022-06-05 22:00:00,1.6199999999999999
2022-06-05 22:30:00,1.4966666666666668
2022-06-05 23:00:00,1.5066666666666666
2022-06-05 23:30:00,1.4799999999999998
2022-06-06 00:00:00,1.4583333333333333
2022-06-06 00:30:00,1.4283333333333335
2022-06-06 01:00:00,1.4783333333333333
2022-06-06 01:30:00,1.425
2022-06-06 02:00:00,1.445
2022-06-06 02:30:00,1.4216666666666669
2022-06-06 03:00:00,1.4183333333333332
2022-06-06 03:30:00,1.42
2022-06-06 04:00:00,1.4183333333333332
2022-06-06 04:30:00,1.3949999999999998
2022-06-06 05:00:00,1.385
2022-06-06 05:30:00,1.3966666666666667
2022-06-06 06:00:00,1.4566666666666668
2022-06-06 06:30:00,1.5033333333333332
2022-06-06 07:00:00,1.585
2022-06-06 07:30:00,1.3966666666666667
2022-06-06 08:00:00,1.4533333333333334
2022-06-06 08:30:00,1.4400000000000002
2022-06-06 09:00:00,1.4033333333333333
2022-06-06 09:30:00,1.36
2022-06-06 10:00:00,1.3833333333333335
2022-06-06 10:30:00,1.3766666666666667
2022-06-06 11:00:00,1.3849999999999998
2022-06-06 11:30:00,1.3616666666666666
2022-06-06 12:00:00,1.3366666666666667
2022-06-06 12:30:00,1.32
2022-06-06 13:00:00,1.37
2022-06-06 13:30:00,1.5200000000000002
2022-06-06 14:00:00,1.5383333333333333
2022-06-06 14:30:00,1.4466666666666665
2022-06-06 15:00:00,1.5200000000000002
2022-06-06 15:30:00,1.5133333333333334
2022-06-06 16:00:00,1.4866666666666666
2022-06-06 16:30:00,1.575
2022-06-06 17:00:00,1.6733333333333331
2022-06-06 17:30:00,1.5266666666666666
2022-06-06 18:00:00,1.5983333333333334
2022-06-06 18:30:00,1.425
2022-06-06 19:00:00,1.4783333333333333
2022-06-06 19:30:00,1.4433333333333334
2022-06-06 20:00:00,1.4983333333333333
2022-06-06 20:30:00,1.4933333333333334
2022-06-06 21:00:00,31.333333333333332
2022-06-06 21:30:00,2.525
2022-06-06 22:00:00,3.1266666666666665
2022-06-06 22:30:00,2.736666666666667
2022-06-06 23:00:00,2.66
2022-06-06 23:30:00,2.473333333333333
2022-06-07 00:00:00,2.316666666666667
2022-06-07 00:30:00,2.0683333333333334
2022-06-07 01:00:00,2.0116666666666667
2022-06-07 01:30:00,2.0316666666666667
2022-06-07 02:00:00,1.9633333333333332
2022-06-07 02:30:00,1.945
2022-06-07 03:00:00,2.025
2022-06-07 03:30:00,2.063333333333333
2022-06-07 04:00:00,2.065
2022-06-07 04:30:00,2.0233333333333334
2022-06-07 05:00:00,2.106666666666667
2022-06-07 05:30:00,2.1183333333333336
2022-06-07 06:00:00,2.1766666666666663
2022-06-07 06:30:00,2.2333333333333334
2022-06-07 07:00:00,2.185
2022-06-07 07:30:00,2.0766666666666667
2022-06-07 08:00:00,2.2583333333333333
2022-06-07 08:30:00,2.0166666666666666
2022-06-07 09:00:00,2.018333333333333
2022-06-07 09:30:00,5.638333333333333
2022-06-07 10:00:00,2.8683333333333336
2022-06-07 10:30:00,3.7083333333333335
2022-06-07 11:00:00,3.475
2022-06-07 11:30:00,3.47
2022-06-07 12:00:00,3.3666666666666667
2022-06-07 12:30:00,3.268333333333333
2022-06-07 13:00:00,2.7383333333333333
2022-06-07 13:30:00,2.6966666666666668
2022-06-07 14:00:00,2.6233333333333335
2022-06-07 14:30:00,2.521666666666667
2022-06-07 15:00:00,2.5033333333333334
2022-06-07 15:30:00,2.53
2022-06-07 16:00:00,2.7183333333333337
2022-06-07 16:30:00,2.7433333333333336
2022-06-07 17:00:00,3.0366666666666666
2022-06-07 17:30:00,2.625
2022-06-07 18:00:00,2.7983333333333333
2022-06-07 18:30:00,2.6533333333333333
2022-06-07 19:00:00,2.6266666666666665
2022-06-07 19:30:00,2.6733333333333333
2022-06-07 20:00:00,2.668333333333333
2022-06-07 20:30:00,2.7550000000000003
2022-06-07 21:00:00,2.8166666666666664
2022-06-07 21:30:00,2.9883333333333333
2022-06-07 22:00:00,2.92
2022-06-07 22:30:00,2.85
2022-06-07 23:00:00,2.8716666666666666
2022-06-07 23:30:00,2.7983333333333333
2022-06-08 00:00:00,2.7183333333333333
2022-06-08 00:30:00,2.725
2022-06-08 01:00:00,2.668333333333333
2022-06-08 01:30:00,2.7416666666666667
2022-06-08 02:00:00,2.7550000000000003
2022-06-08 02:30:00,2.7099999999999995
2022-06-08 03:00:00,2.651666666666667
2022-06-08 03:30:00,2.6816666666666666
2022-06-08 04:00:00,2.6133333333333333
2022-06-08 04:30:00,2.516666666666667
2022-06-08 05:00:00,2.5083333333333333
2022-06-08 05:30:00,2.5216666666666665
2022-06-08 06:00:00,2.6566666666666667
2022-06-08 06:30:00,2.9283333333333332
2022-06-08 07:00:00,2.671666666666667
2022-06-08 07:30:00,2.6333333333333333
2022-06-08 08:00:00,2.6666666666666665
2022-06-08 08:30:00,2.5216666666666665
2022-06-08 09:00:00,2.62
2022-06-08 09:30:00,2.7116666666666664
2022-06-08 10:00:00,2.563333333333333
2022-06-08 10:30:00,2.5833333333333335
2022-06-08 11:00:00,2.478333333333333
2022-06-08 11:30:00,2.3666666666666667
2022-06-08 12:00:00,2.3033333333333332
2022-06-08 12:30:00,2.3666666666666667
2022-06-08 13:00:00,2.381666666666667
2022-06-08 13:30:00,2.3983333333333334
2022-06-08 14:00:00,2.5
2022-06-08 14:30:00,2.5100000000000002
2022-06-08 15:00:00,2.4766666666666666
2022-06-08 15:30:00,2.4899999999999998
2022-06-08 16:00:00,2.585
2022-06-08 16:30:00,2.5833333333333335
2022-06-08 17:00:00,2.5566666666666666
2022-06-08 17:30:00,2.605
2022-06-08 18:00:00,2.566666666666667
2022-06-08 18:30:00,2.445
2022-06-08 19:00:00,2.4966666666666666
2022-06-08 19:30:00,2.51
2022-06-08 20:00:00,2.52
2022-06-08 20:30:00,2.595
2022-06-08 21:00:00,2.6733333333333333
2022-06-08 21:30:00,2.918333333333333
2022-06-08 22:00:00,2.8266666666666667
2022-06-08 22:30:00,2.67
2022-06-08 23:00:00,2.7383333333333333
2022-06-08 23:30:00,2.5783333333333336
2022-06-09 00:00:00,2.6149999999999998
2022-06-09 00:30:00,2.625
2022-06-09 01:00:00,2.65
2022-06-09 01:30:00,2.6300000000000003
2022-06-09 02:00:00,2.5500000000000003
2022-06-09 02:30:00,2.565
2022-06-09 03:00:00,2.466666666666667
2022-06-09 03:30:00,2.4883333333333333
2022-06-09 04:00:00,2.505
2022-06-09 04:30:00,2.56
2022-06-09 05:00:00,2.5233333333333334
2022-06-09 05:30:00,2.513333333333333
2022-06-09 06:00:00,2.5566666666666666
2022-06-09 06:30:00,2.6799999999999997
2022-06-09 07:00:00,2.5283333333333333
2022-06-09 07:30:00,2.475
2022-06-09 08:00:00,2.4183333333333334
2022-06-09 08:30:00,2.3433333333333333
2022-06-09 09:00:00,2.3383333333333334
2022-06-09 09:30:00,2.2783333333333333
2022-06-09 10:00:00,2.2783333333333333
2022-06-09 10:30:00,2.3233333333333337
2022-06-09 11:00:00,2.3266666666666667
2022-06-09 11:30:00,2.315
2022-06-09 12:00:00,2.3249999999999997
2022-06-09 12:30:00,2.335
2022-06-09 13:00:00,2.3516666666666666
2022-06-09 13:30:00,2.3316666666666666
2022-06-09 14:00:00,2.3016666666666667
2022-06-09 14:30:00,2.3033333333333332
2022-06-09 15:00:00,2.3266666666666667
2022-06-09 15:30:00,2.3316666666666666
2022-06-09 16:00:00,2.5683333333333334
2022-06-09 16:30:00,2.6616666666666666
2022-06-09 17:00:00,2.5366666666666666
2022-06-09 17:30:00,2.59
2022-06-09 18:00:00,2.563333333333333
2022-06-09 18:30:00,2.4916666666666667
2022-06-09 19:00:00,2.5133333333333336
2022-06-09 19:30:00,2.506666666666667
2022-06-09 20:00:00,2.465
2022-06-09 20:30:00,2.5333333333333337
2022-06-09 21:00:00,2.533333333333333
2022-06-09 21:30:00,2.618333333333333
2022-06-09 22:00:00,2.6133333333333333
2022-06-09 22:30:00,2.5966666666666667
2022-06-09 23:00:00,2.585
2022-06-09 23:30:00,2.43
2022-06-10 00:00:00,2.348333333333333
2022-06-10 00:30:00,2.3016666666666667
2022-06-10 01:00:00,2.2416666666666667
2022-06-10 01:30:00,2.2183333333333333
2022-06-10 02:00:00,2.205
2022-06-10 02:30:00,2.1633333333333336
2022-06-10 03:00:00,2.1133333333333333
2022-06-10 03:30:00,2.1266666666666665
2022-06-10 04:00:00,2.0749999999999997
2022-06-10 04:30:00,2.0766666666666667
2022-06-10 05:00:00,2.0566666666666666
2022-06-10 05:30:00,2.03
2022-06-10 06:00:00,2.0116666666666667
2022-06-10 06:30:00,2.1533333333333333
2022-06-10 07:00:00,2.1483333333333334
2022-06-10 07:30:00,2.0683333333333334
2022-06-10 08:00:00,2.2883333333333336
2022-06-10 08:30:00,2.111666666666667
2022-06-10 09:00:00,2.2083333333333335
2022-06-10 09:30:00,2.1716666666666664
2022-06-10 10:00:00,2.191666666666667
2022-06-10 10:30:00,1.9916666666666665
2022-06-10 11:00:00,1.9583333333333333
2022-06-10 11:30:00,1.9033333333333333
2022-06-10 12:00:00,1.9566666666666668
2022-06-10 12:30:00,1.9516666666666664
2022-06-10 13:00:00,2.0683333333333334
2022-06-10 13:30:00,2.1766666666666667
2022-06-10 14:00:00,2.2516666666666665
2022-06-10 14:30:00,2.2150000000000003
2022-06-10 15:00:00,2.215
2022-06-10 15:30:00,2.1716666666666664
2022-06-10 16:00:00,2.3016666666666667
2022-06-10 16:30:00,2.395
2022-06-10 17:00:00,2.3366666666666664
2022-06-10 17:30:00,2.32
2022-06-10 18:00:00,2.3216666666666668
2022-06-10 18:30:00,2.245
2022-06-10 19:00:00,2.1683333333333334
2022-06-10 19:30:00,2.1350000000000002
2022-06-10 20:00:00,2.1683333333333334
2022-06-10 20:30:00,2.16
2022-06-10 21:00:00,2.2466666666666666
2022-06-10 21:30:00,2.3683333333333336
2022-06-10 22:00:00,2.311666666666667
2022-06-10 22:30:00,2.4283333333333332
2022-06-10 23:00:00,2.643333333333333
2022-06-10 23:30:00,2.8683333333333336
2022-06-11 00:00:00,418.2033333333334
2022-06-11 00:30:00,7.954999999999999
2022-06-11 01:00:00,7.3999999999999995
2022-06-11 01:30:00,7.328333333333333
2022-06-11 02:00:00,7.008333333333334
2022-06-11 02:30:00,7.8566666666666665
2022-06-11 03:00:00,9.51
2022-06-11 03:30:00,11.35
2022-06-11 04:00:00,13.113333333333335
2022-06-11 04:30:00,14.933333333333332
2022-06-11 05:00:00,16.871666666666666
2022-06-11 05:30:00,18.21666666666667
2022-06-11 06:00:00,19.919999999999998
2022-06-11 06:30:00,21.448333333333334
2022-06-11 07:00:00,22.513333333333335
2022-06-11 07:30:00,23.90833333333333
2022-06-11 08:00:00,24.84833333333333
2022-06-11 08:30:00,25.325
2022-06-11 09:00:00,26.33
2022-06-11 09:30:00,27.346666666666664
2022-06-11 10:00:00,28.39833333333333
2022-06-11 10:30:00,29.290000000000003
2022-06-11 11:00:00,29.936666666666667
2022-06-11 11:30:00,30.803333333333338
2022-06-11 12:00:00,31.608333333333334
2022-06-11 12:30:00,32.443333333333335
2022-06-11 13:00:00,32.53333333333333
2022-06-11 13:30:00,33.413333333333334
2022-06-11 14:00:00,34.105
2022-06-11 14:30:00,35.32
2022-06-11 15:00:00,35.87166666666667
2022-06-11 15:30:00,36.199999999999996
2022-06-11 16:00:00,37.86000000000001
2022-06-11 16:30:00,38.88666666666666
2022-06-11 17:00:00,39.52833333333333
2022-06-11 17:30:00,40.225
2022-06-11 18:00:00,42.108333333333334
2022-06-11 18:30:00,44.72166666666667
2022-06-11 19:00:00,45.69833333333333
2022-06-11 19:30:00,48.208333333333336
2022-06-11 20:00:00,44.175000000000004
2022-06-11 20:30:00,43.01500000000001
2022-06-11 21:00:00,42.665
2022-06-11 21:30:00,41.86666666666667
2022-06-11 22:00:00,35.31666666666667
2022-06-11 22:30:00,41.67166666666667
2022-06-11 23:00:00,46.83833333333334
2022-06-11 23:30:00,43.875
2022-06-12 00:00:00,1.2133333333333334
2022-06-12 00:30:00,1.1583333333333334
2022-06-12 01:00:00,1.1166666666666667
2022-06-12 01:30:00,1.125
2022-06-12 02:00:00,1.1033333333333333
2022-06-12 02:30:00,1.0650000000000002
2022-06-12 03:00:00,1.085
2022-06-12 03:30:00,1.08
2022-06-12 04:00:00,1.0666666666666667
2022-06-12 04:30:00,1.0533333333333335
2022-06-12 05:00:00,1.095
2022-06-12 05:30:00,1.1183333333333334
2022-06-12 06:00:00,1.115
2022-06-12 06:30:00,1.1233333333333333
2022-06-12 07:00:00,1.0916666666666668
2022-06-12 07:30:00,1.0983333333333334
2022-06-12 08:00:00,1.1066666666666667
2022-06-12 08:30:00,1.0916666666666666
2022-06-12 09:00:00,1.1033333333333333
2022-06-12 09:30:00,1.0916666666666666
2022-06-12 10:00:00,1.12
2022-06-12 10:30:00,1.0316666666666665
2022-06-12 11:00:00,1.0733333333333333
2022-06-12 11:30:00,1.0283333333333333
2022-06-12 12:00:00,61.73166666666666
2022-06-12 12:30:00,26.121666666666666
2022-06-12 13:00:00,4.723333333333334
2022-06-12 13:30:00,3.7733333333333334
2022-06-12 14:00:00,3.4516666666666667
2022-06-12 14:30:00,3.356666666666667
2022-06-12 15:00:00,3.348333333333333
2022-06-12 15:30:00,3.42
2022-06-12 16:00:00,2.04
2022-06-12 16:30:00,1.6683333333333332
2022-06-12 17:00:00,1.5999999999999999
2022-06-12 17:30:00,1.6383333333333334
2022-06-12 18:00:00,1.6283333333333332
2022-06-12 18:30:00,1.5183333333333333
2022-06-12 19:00:00,1.4816666666666667
2022-06-12 19:30:00,1.5216666666666665
2022-06-12 20:00:00,1.4416666666666667
2022-06-12 20:30:00,1.4949999999999999
2022-06-12 21:00:00,178.46333333333334
2022-06-12 21:30:00,2.4883333333333333
2022-06-12 22:00:00,2.6783333333333332
2022-06-12 22:30:00,2.8249999999999997
2022-06-12 23:00:00,2.7566666666666673
2022-06-12 23:30:00,2.5716666666666668
2022-06-13 00:00:00,2.4316666666666666
2022-06-13 00:30:00,2.1999999999999997
2022-06-13 01:00:00,2.03
2022-06-13 01:30:00,1.9516666666666669
2022-06-13 02:00:00,1.9483333333333333
2022-06-13 02:30:00,1.9416666666666667
2022-06-13 03:00:00,2.0083333333333333
2022-06-13 03:30:00,2.0833333333333335
2022-06-13 04:00:00,2.1083333333333334
2022-06-13 04:30:00,2.1533333333333333
2022-06-13 05:00:00,2.1416666666666666
2022-06-13 05:30:00,2.1133333333333333
2022-06-13 06:00:00,2.175
2022-06-13 06:30:00,2.2849999999999997
2022-06-13 07:00:00,2.183333333333333
2022-06-13 07:30:00,2.3249999999999997
2022-06-13 08:00:00,2.348333333333333
2022-06-13 08:30:00,2.3116666666666665
2022-06-13 09:00:00,2.265
2022-06-13 09:30:00,2.245
2022-06-13 10:00:00,2.2016666666666667
2022-06-13 10:30:00,2.23
2022-06-13 11:00:00,2.1966666666666668
2022-06-13 11:30:00,2.1883333333333335
2022-06-13 12:00:00,2.125
2022-06-13 12:30:00,2.14
2022-06-13 13:00:00,2.1633333333333336
2022-06-13 13:30:00,2.1633333333333336
2022-06-13 14:00:00,2.1166666666666667
2022-06-13 14:30:00,2.0933333333333333
2022-06-13 15:00:00,2.0833333333333335
2022-06-13 15:30:00,2.215
2022-06-13 16:00:00,2.283333333333333
2022-06-13 16:30:00,2.188333333333333
2022-06-13 17:00:00,2.185
2022-06-13 17:30:00,2.2183333333333333
2022-06-13 18:00:00,2.1683333333333334
2022-06-13 18:30:00,2.1183333333333336
2022-06-13 19:00:00,2.1183333333333336
2022-06-13 19:30:00,2.143333333333333
2022-06-13 20:00:00,2.14
2022-06-13 20:30:00,2.0933333333333333
2022-06-13 21:00:00,2.125
2022-06-13 21:30:00,2.13
2022-06-13 22:00:00,2.0833333333333335
2022-06-13 22:30:00,2.12
2022-06-13 23:00:00,2.205
2022-06-13 23:30:00,2.3166666666666664
2022-06-14 00:00:00,2.3649999999999998
2022-06-14 00:30:00,2.401666666666667
2022-06-14 01:00:00,2.3766666666666665
2022-06-14 01:30:00,2.3783333333333334
2022-06-14 02:00:00,2.3816666666666664
2022-06-14 02:30:00,2.466666666666667
2022-06-14 03:00:00,2.376666666666667
2022-06-14 03:30:00,2.4683333333333333
2022-06-14 04:00:00,2.4116666666666666
2022-06-14 04:30:00,2.4616666666666664
2022-06-14 05:00:00,2.3683333333333336
2022-06-14 05:30:00,2.355
2022-06-14 06:00:00,2.2666666666666666
2022-06-14 06:30:00,2.2883333333333336
2022-06-14 07:00:00,2.295
2022-06-14 07:30:00,2.185
2022-06-14 08:00:00,2.2483333333333335
2022-06-14 08:30:00,2.195
2022-06-14 09:00:00,2.2066666666666666
2022-06-14 09:30:00,2.1683333333333334
2022-06-14 10:00:00,2.155
2022-06-14 10:30:00,2.1983333333333333
2022-06-14 11:00:00,2.125
2022-06-14 11:30:00,2.1316666666666664
2022-06-14 12:00:00,2.09
2022-06-14 12:30:00,2.1316666666666664
2022-06-14 13:00:00,2.0866666666666664
2022-06-14 13:30:00,2.1599999999999997
2022-06-14 14:00:00,2.151666666666667
2022-06-14 14:30:00,2.1550000000000002
2022-06-14 15:00:00,2.18
2022-06-14 15:30:00,2.1366666666666667
2022-06-14 16:00:00,2.1366666666666667
2022-06-14 16:30:00,2.15
2022-06-14 17:00:00,2.151666666666667
2022-06-14 17:30:00,2.1233333333333335
2022-06-14 18:00:00,2.14
2022-06-14 18:30:00,2.1133333333333333
2022-06-14 19:00:00,2.0683333333333334
2022-06-14 19:30:00,1.99
2022-06-14 20:00:00,1.9933333333333334
2022-06-14 20:30:00,1.9799999999999998
2022-06-14 21:00:00,2.015
2022-06-14 21:30:00,2.026666666666667
2022-06-14 22:00:00,1.9983333333333333
2022-06-14 22:30:00,2.0466666666666664
2022-06-14 23:00:00,2.0466666666666664
2022-06-14 23:30:00,1.9866666666666666
2022-06-15 00:00:00,1.9366666666666668
2022-06-15 00:30:00,1.9733333333333334
2022-06-15 01:00:00,1.9100000000000001
2022-06-15 01:30:00,1.8816666666666666
2022-06-15 02:00:00,1.8699999999999999
2022-06-15 02:30:00,1.875
2022-06-15 03:00:00,1.8766666666666667
2022-06-15 03:30:00,1.8833333333333335
2022-06-15 04:00:00,1.8783333333333332
2022-06-15 04:30:00,1.9016666666666666
2022-06-15 05:00:00,1.95
2022-06-15 05:30:00,1.9216666666666669
2022-06-15 06:00:00,1.9383333333333332
2022-06-15 06:30:00,1.96
2022-06-15 07:00:00,1.93
2022-06-15 07:30:00,1.8933333333333333
2022-06-15 08:00:00,1.955
2022-06-15 08:30:00,1.8766666666666667
2022-06-15 09:00:00,1.9349999999999998
2022-06-15 09:30:00,1.8883333333333334
2022-06-15 10:00:00,1.9033333333333333
2022-06-15 10:30:00,1.9116666666666668
2022-06-15 11:00:00,1.843333333333333
2022-06-15 11:30:00,1.83
2022-06-15 12:00:00,1.78
2022-06-15 12:30:00,1.785
2022-06-15 13:00:00,1.7750000000000001
2022-06-15 13:30:00,1.78
2022-06-15 14:00:00,1.78
2022-06-15 14:30:00,1.7850000000000001
2022-06-15 15:00:00,1.7883333333333333
2022-06-15 15:30:00,1.8
2022-06-15 16:00:00,1.8549999999999998
2022-06-15 16:30:00,1.9233333333333331
2022-06-15 17:00:00,1.8516666666666666
2022-06-15 17:30:00,1.8699999999999999
2022-06-15 18:00:00,1.945
2022-06-15 18:30:00,1.97
2022-06-15 19:00:00,1.9633333333333336
2022-06-15 19:30:00,1.9333333333333333
2022-06-15 20:00:00,1.89
2022-06-15 20:30:00,1.8583333333333334
2022-06-15 21:00:00,1.835
2022-06-15 21:30:00,1.835
2022-06-15 22:00:00,1.8666666666666665
2022-06-15 22:30:00,1.8683333333333334
2022-06-15 23:00:00,1.8466666666666667
2022-06-15 23:30:00,1.8633333333333333
2022-06-16 00:00:00,1.9083333333333332
2022-06-16 00:30:00,1.8333333333333333
2022-06-16 01:00:00,1.8516666666666666
2022-06-16 01:30:00,1.865
2022-06-16 02:00:00,1.8616666666666666
2022-06-16 02:30:00,1.8800000000000001
2022-06-16 03:00:00,1.8716666666666668
2022-06-16 03:30:00,1.8833333333333335
2022-06-16 04:00:00,1.88
2022-06-16 04:30:00,1.8983333333333334
2022-06-16 05:00:00,1.9033333333333333
2022-06-16 05:30:00,1.955
2022-06-16 06:00:00,1.9716666666666667
2022-06-16 06:30:00,1.9633333333333336
2022-06-16 07:00:00,1.9716666666666667
2022-06-16 07:30:00,1.875
2022-06-16 08:00:00,1.8499999999999999
2022-06-16 08:30:00,1.7433333333333334
2022-06-16 09:00:00,1.8
2022-06-16 09:30:00,1.7966666666666666
2022-06-16 10:00:00,1.7966666666666666
2022-06-16 10:30:00,1.8166666666666667
2022-06-16 11:00:00,1.8
2022-06-16 11:30:00,1.7966666666666669
2022-06-16 12:00:00,1.8133333333333335
2022-06-16 12:30:00,1.825
2022-06-16 13:00:00,1.82
2022-06-16 13:30:00,1.8233333333333335
2022-06-16 14:00:00,1.83
2022-06-16 14:30:00,1.805
2022-06-16 15:00:00,1.8016666666666667
2022-06-16 15:30:00,1.8
2022-06-16 16:00:00,1.755
2022-06-16 16:30:00,1.755
2022-06-16 17:00:00,1.8216666666666665
2022-06-16 17:30:00,1.7766666666666666
2022-06-16 18:00:00,1.7666666666666666
2022-06-16 18:30:00,1.7550000000000001
2022-06-16 19:00:00,1.7766666666666666
2022-06-16 19:30:00,1.7233333333333334
2022-06-16 20:00:00,1.735
2022-06-16 20:30:00,1.741666666666667
2022-06-16 21:00:00,1.7916666666666667
2022-06-16 21:30:00,1.82
2022-06-16 22:00:00,1.805
2022-06-16 22:30:00,1.8033333333333335
2022-06-16 23:00:00,1.825
2022-06-16 23:30:00,1.845
2022-06-17 00:00:00,1.9266666666666667
2022-06-17 00:30:00,1.9566666666666668
2022-06-17 01:00:00,1.9816666666666667
2022-06-17 01:30:00,2.0316666666666667
2022-06-17 02:00:00,2.1583333333333337
2022-06-17 02:30:00,2.103333333333333
2022-06-17 03:00:00,2.115
2022-06-17 03:30:00,2.08
2022-06-17 04:00:00,2.1133333333333333
2022-06-17 04:30:00,2.125
2022-06-17 05:00:00,2.1566666666666667
2022-06-17 05:30:00,2.02
2022-06-17 06:00:00,2.015
2022-06-17 06:30:00,1.9966666666666668
2022-06-17 07:00:00,1.9116666666666664
2022-06-17 07:30:00,1.825
2022-06-17 08:00:00,1.7683333333333333
2022-06-17 08:30:00,1.7833333333333332
2022-06-17 09:00:00,1.7633333333333334
2022-06-17 09:30:00,1.7066666666666668
2022-06-17 10:00:00,1.7700000000000002
2022-06-17 10:30:00,1.6616666666666668
2022-06-17 11:00:00,1.6849999999999998
2022-06-17 11:30:00,1.6483333333333334
2022-06-17 12:00:00,1.6633333333333333
2022-06-17 12:30:00,1.6016666666666666
2022-06-17 13:00:00,1.6266666666666667
2022-06-17 13:30:00,1.62
2022-06-17 14:00:00,1.6433333333333333
2022-06-17 14:30:00,1.61
2022-06-17 15:00:00,1.6150000000000002
2022-06-17 15:30:00,1.5899999999999999
2022-06-17 16:00:00,1.6366666666666667
2022-06-17 16:30:00,1.6466666666666665
2022-06-17 17:00:00,1.7266666666666666
2022-06-17 17:30:00,1.67
2022-06-17 18:00:00,1.7416666666666665
2022-06-17 18:30:00,1.6683333333333332
2022-06-17 19:00:00,1.7149999999999999
2022-06-17 19:30:00,1.6516666666666666
2022-06-17 20:00:00,1.6666666666666667
2022-06-17 20:30:00,1.655
2022-06-17 21:00:00,1.6683333333333332
2022-06-17 21:30:00,1.6449999999999998
2022-06-17 22:00:00,1.6566666666666665
2022-06-17 22:30:00,1.6833333333333333
2022-06-17 23:00:00,1.6583333333333332
2022-06-17 23:30:00,1.6516666666666666
2022-06-18 00:00:00,1.6500000000000001
2022-06-18 00:30:00,1.6500000000000001
2022-06-18 01:00:00,1.6633333333333333
2022-06-18 01:30:00,1.665
2022-06-18 02:00:00,1.675
2022-06-18 02:30:00,1.6683333333333332
2022-06-18 03:00:00,1.6783333333333335
2022-06-18 03:30:00,1.6616666666666664
2022-06-18 04:00:00,1.6866666666666668
2022-06-18 04:30:00,1.67
2022-06-18 05:00:00,1.765
2022-06-18 05:30:00,1.6849999999999998
2022-06-18 06:00:00,1.7383333333333333
2022-06-18 06:30:00,1.76
2022-06-18 07:00:00,1.7566666666666666
2022-06-18 07:30:00,1.6849999999999998
2022-06-18 08:00:00,1.7516666666666667
2022-06-18 08:30:00,2.1316666666666664
2022-06-18 09:00:00,174.94999999999996
2022-06-18 09:30:00,54.550000000000004
2022-06-18 10:00:00,39.401666666666664
2022-06-18 10:30:00,1.2616666666666667
2022-06-18 11:00:00,1.27
2022-06-18 11:30:00,1.2666666666666666
2022-06-18 12:00:00,1.265
2022-06-18 12:30:00,1.265
2022-06-18 13:00:00,1.2866666666666668
2022-06-18 13:30:00,1.28
2022-06-18 14:00:00,1.29
2022-06-18 14:30:00,1.27
2022-06-18 15:00:00,1.295
2022-06-18 15:30:00,1.2833333333333334
2022-06-18 16:00:00,1.3399999999999999
2022-06-18 16:30:00,1.3616666666666666
2022-06-18 17:00:00,1.4133333333333333
2022-06-18 17:30:00,1.3699999999999999
2022-06-18 18:00:00,1.3699999999999999
2022-06-18 18:30:00,1.3633333333333333
2022-06-18 19:00:00,1.2816666666666665
2022-06-18 19:30:00,1.2833333333333334
2022-06-18 20:00:00,1.2733333333333334
2022-06-18 20:30:00,1.2783333333333333
2022-06-18 21:00:00,1.315
2022-06-18 21:30:00,1.3499999999999999
2022-06-18 22:00:00,1.3283333333333334
2022-06-18 22:30:00,1.3133333333333332
2022-06-18 23:00:00,1.3550000000000002
2022-06-18 23:30:00,1.3466666666666667
2022-06-19 00:00:00,1.3783333333333332
2022-06-19 00:30:00,1.4016666666666666
2022-06-19 01:00:00,1.4833333333333334
2022-06-19 01:30:00,1.5750000000000002
2022-06-19 02:00:00,1.6633333333333333
2022-06-19 02:30:00,2.0883333333333334
2022-06-19 03:00:00,3.065
2022-06-19 03:30:00,1.0733333333333335
2022-06-19 04:00:00,1.105
2022-06-19 04:30:00,1.1333333333333333
2022-06-19 05:00:00,1.26
2022-06-19 05:30:00,1.22
2022-06-19 06:00:00,1.3183333333333334
2022-06-19 06:30:00,1.3783333333333332
2022-06-19 07:00:00,1.3416666666666668
2022-06-19 07:30:00,1.2566666666666666
2022-06-19 08:00:00,1.2366666666666666
2022-06-19 08:30:00,1.2
2022-06-19 09:00:00,1.205
2022-06-19 09:30:00,1.2166666666666668
2022-06-19 10:00:00,1.155
2022-06-19 10:30:00,151.115
2022-06-19 11:00:00,4.205
2022-06-19 11:30:00,2.728333333333333
2022-06-19 12:00:00,2.4483333333333337
2022-06-19 12:30:00,2.3649999999999998
2022-06-19 13:00:00,3.4233333333333333
2022-06-19 13:30:00,3.24
2022-06-19 14:00:00,3.3766666666666665
2022-06-19 14:30:00,3.1166666666666667
2022-06-19 15:00:00,2.6999999999999997
2022-06-19 15:30:00,2.4933333333333336
2022-06-19 16:00:00,2.263333333333333
2022-06-19 16:30:00,2.1149999999999998
2022-06-19 17:00:00,2.2433333333333336
2022-06-19 17:30:00,2.018333333333333
2022-06-19 18:00:00,2.0483333333333333
2022-06-19 18:30:00,2.0916666666666663
2022-06-19 19:00:00,2.11
2022-06-19 19:30:00,1.9983333333333333
2022-06-19 20:00:00,1.9783333333333335
2022-06-19 20:30:00,2.0116666666666667
2022-06-19 21:00:00,2.0366666666666666
2022-06-19 21:30:00,2.1300000000000003
2022-06-19 22:00:00,2.0450000000000004
2022-06-19 22:30:00,2.0366666666666666
2022-06-19 23:00:00,2.04
2022-06-19 23:30:00,2.04
2022-06-20 00:00:00,2.0083333333333333
2022-06-20 00:30:00,2.046666666666667
2022-06-20 01:00:00,2.0083333333333333
2022-06-20 01:30:00,2.0733333333333337
2022-06-20 02:00:00,2.026666666666667
2022-06-20 02:30:00,2.0749999999999997
2022-06-20 03:00:00,2.0383333333333336
2022-06-20 03:30:00,2.0766666666666667
2022-06-20 04:00:00,2.0816666666666666
2022-06-20 04:30:00,2.08
2022-06-20 05:00:00,2.3133333333333335
2022-06-20 05:30:00,2.16
2022-06-20 06:00:00,2.2083333333333335
2022-06-20 06:30:00,2.263333333333333
2022-06-20 07:00:00,2.2583333333333333
2022-06-20 07:30:00,2.0933333333333333
2022-06-20 08:00:00,2.0300000000000002
2022-06-20 08:30:00,2.063333333333333
2022-06-20 09:00:00,1.9833333333333334
2022-06-20 09:30:00,2.013333333333333
2022-06-20 10:00:00,2.0533333333333332
2022-06-20 10:30:00,2.078333333333333
2022-06-20 11:00:00,2.0783333333333336
2022-06-20 11:30:00,2.1083333333333334
2022-06-20 12:00:00,2.1
2022-06-20 12:30:00,2.1149999999999998
2022-06-20 13:00:00,2.13
2022-06-20 13:30:00,2.21
2022-06-20 14:00:00,2.188333333333333
2022-06-20 14:30:00,2.2083333333333335
2022-06-20 15:00:00,2.1350000000000002
2022-06-20 15:30:00,2.17
2022-06-20 16:00:00,2.1283333333333334
2022-06-20 16:30:00,2.275
2022-06-20 17:00:00,2.5366666666666666
2022-06-20 17:30:00,2.3466666666666667
2022-06-20 18:00:00,2.3383333333333334
2022-06-20 18:30:00,2.395
2022-06-20 19:00:00,2.3249999999999997
2022-06-20 19:30:00,2.1666666666666665
2022-06-20 20:00:00,2.0883333333333334
2022-06-20 20:30:00,2.0966666666666662
2022-06-20 21:00:00,2.0716666666666668
2022-06-20 21:30:00,2.1016666666666666
2022-06-20 22:00:00,2.0433333333333334
2022-06-20 22:30:00,2.02
2022-06-20 23:00:00,1.9749999999999999
2022-06-20 23:30:00,1.965
2022-06-21 00:00:00,1.8916666666666668
2022-06-21 00:30:00,1.8983333333333334
2022-06-21 01:00:00,1.8566666666666667
2022-06-21 01:30:00,1.8549999999999998
2022-06-21 02:00:00,1.8216666666666665
2022-06-21 02:30:00,1.8066666666666666
2022-06-21 03:00:00,1.7883333333333333
2022-06-21 03:30:00,1.79
2022-06-21 04:00:00,1.7666666666666666
2022-06-21 04:30:00,1.78
2022-06-21 05:00:00,1.9866666666666666
2022-06-21 05:30:00,1.8083333333333333
2022-06-21 06:00:00,1.8483333333333334
2022-06-21 06:30:00,1.9416666666666667
2022-06-21 07:00:00,1.95
2022-06-21 07:30:00,1.8266666666666664
2022-06-21 08:00:00,1.7933333333333332
2022-06-21 08:30:00,1.7666666666666666
2022-06-21 09:00:00,1.7116666666666667
2022-06-21 09:30:00,1.7
2022-06-21 10:00:00,1.6933333333333334
2022-06-21 10:30:00,1.6866666666666665
2022-06-21 11:00:00,1.6416666666666666
2022-06-21 11:30:00,1.6449999999999998
2022-06-21 12:00:00,1.655
2022-06-21 12:30:00,1.6533333333333333
2022-06-21 13:00:00,1.625
2022-06-21 13:30:00,1.6166666666666665
2022-06-21 14:00:00,1.6633333333333333
2022-06-21 14:30:00,1.6716666666666666
2022-06-21 15:00:00,1.695
2022-06-21 15:30:00,1.7016666666666669
2022-06-21 16:00:00,1.7366666666666666
2022-06-21 16:30:00,1.845
2022-06-21 17:00:00,1.9466666666666665
2022-06-21 17:30:00,1.8099999999999998
2022-06-21 18:00:00,1.8783333333333332
2022-06-21 18:30:00,1.8483333333333334
2022-06-21 19:00:00,1.8966666666666665
2022-06-21 19:30:00,1.7816666666666665
2022-06-21 20:00:00,1.7233333333333334
2022-06-21 20:30:00,1.7316666666666667
2022-06-21 21:00:00,1.7466666666666668
2022-06-21 21:30:00,1.7433333333333334
2022-06-21 22:00:00,1.7616666666666667
2022-06-21 22:30:00,1.74
2022-06-21 23:00:00,1.76
2022-06-21 23:30:00,1.7666666666666666
2022-06-22 00:00:00,1.795
2022-06-22 00:30:00,1.7466666666666668
2022-06-22 01:00:00,1.75
2022-06-22 01:30:00,1.74
2022-06-22 02:00:00,1.7533333333333332
2022-06-22 02:30:00,1.7333333333333334
2022-06-22 03:00:00,1.75
2022-06-22 03:30:00,1.7366666666666666
2022-06-22 04:00:00,1.7366666666666666
2022-06-22 04:30:00,1.7233333333333334
2022-06-22 05:00:00,1.9033333333333333
2022-06-22 05:30:00,1.735
2022-06-22 06:00:00,1.8083333333333336
2022-06-22 06:30:00,1.8950000000000002
2022-06-22 07:00:00,1.8550000000000002
2022-06-22 07:30:00,1.6733333333333331
2022-06-22 08:00:00,1.6466666666666665
2022-06-22 08:30:00,1.6216666666666668
2022-06-22 09:00:00,1.64
2022-06-22 09:30:00,1.5999999999999999
2022-06-22 10:00:00,1.625
2022-06-22 10:30:00,1.5666666666666667
2022-06-22 11:00:00,1.5833333333333333
2022-06-22 11:30:00,1.58
2022-06-22 12:00:00,1.616666666666667
2022-06-22 12:30:00,1.5866666666666667
2022-06-22 13:00:00,1.6133333333333333
2022-06-22 13:30:00,1.5933333333333335
2022-06-22 14:00:00,1.6433333333333333
2022-06-22 14:30:00,1.615
2022-06-22 15:00:00,1.625
2022-06-22 15:30:00,1.5866666666666667
2022-06-22 16:00:00,1.6916666666666667
2022-06-22 16:30:00,1.7566666666666666
2022-06-22 17:00:00,1.8466666666666667
2022-06-22 17:30:00,1.8550000000000002
2022-06-22 18:00:00,1.8083333333333333
2022-06-22 18:30:00,1.7216666666666667
2022-06-22 19:00:00,1.7416666666666665
2022-06-22 19:30:00,1.6816666666666666
2022-06-22 20:00:00,1.6449999999999998
2022-06-22 20:30:00,1.6183333333333334
2022-06-22 21:00:00,1.695
2022-06-22 21:30:00,1.7233333333333334
2022-06-22 22:00:00,1.7316666666666667
2022-06-22 22:30:00,1.68
2022-06-22 23:00:00,1.7483333333333333
2022-06-22 23:30:00,1.6683333333333332
2022-06-23 00:00:00,1.6933333333333334
2022-06-23 00:30:00,1.6683333333333332
2022-06-23 01:00:00,1.665
2022-06-23 01:30:00,1.6383333333333334
2022-06-23 02:00:00,1.6633333333333333
2022-06-23 02:30:00,1.6533333333333333
2022-06-23 03:00:00,1.6733333333333331
2022-06-23 03:30:00,1.6366666666666667
2022-06-23 04:00:00,1.655
2022-06-23 04:30:00,1.625
2022-06-23 05:00:00,1.6483333333333334
2022-06-23 05:30:00,1.6433333333333333
2022-06-23 06:00:00,1.6683333333333332
2022-06-23 06:30:00,1.7133333333333336
2022-06-23 07:00:00,1.7
2022-06-23 07:30:00,1.6383333333333334
2022-06-23 08:00:00,1.675
2022-06-23 08:30:00,1.6366666666666667
2022-06-23 09:00:00,1.5999999999999999
2022-06-23 09:30:00,1.595
2022-06-23 10:00:00,1.595
2022-06-23 10:30:00,1.5966666666666667
2022-06-23 11:00:00,1.5999999999999999
2022-06-23 11:30:00,1.5983333333333334
2022-06-23 12:00:00,1.6016666666666666
2022-06-23 12:30:00,1.5966666666666667
2022-06-23 13:00:00,1.595
2022-06-23 13:30:00,1.6033333333333335
2022-06-23 14:00:00,1.5716666666666665
2022-06-23 14:30:00,1.5633333333333335
2022-06-23 15:00:00,1.5650000000000002
2022-06-23 15:30:00,1.5716666666666665
2022-06-23 16:00:00,1.5933333333333335
2022-06-23 16:30:00,1.8800000000000001
2022-06-23 17:00:00,1.8883333333333334
2022-06-23 17:30:00,1.8116666666666668
2022-06-23 18:00:00,1.8266666666666669
2022-06-23 18:30:00,1.9000000000000001
2022-06-23 19:00:00,1.7916666666666667
2022-06-23 19:30:00,1.6183333333333332
2022-06-23 20:00:00,1.5816666666666668
2022-06-23 20:30:00,1.5833333333333333
2022-06-23 21:00:00,1.5833333333333333
2022-06-23 21:30:00,1.615
2022-06-23 22:00:00,1.6033333333333333
2022-06-23 22:30:00,1.5916666666666668
2022-06-23 23:00:00,1.593333333333333
2022-06-23 23:30:00,1.58
2022-06-24 00:00:00,1.5783333333333331
2022-06-24 00:30:00,1.5866666666666667
2022-06-24 01:00:00,1.5683333333333334
2022-06-24 01:30:00,1.5766666666666669
2022-06-24 02:00:00,1.5583333333333333
2022-06-24 02:30:00,1.5566666666666666
2022-06-24 03:00:00,1.5616666666666665
2022-06-24 03:30:00,1.5683333333333334
2022-06-24 04:00:00,1.5633333333333332
2022-06-24 04:30:00,1.6450000000000002
2022-06-24 05:00:00,1.5999999999999999
2022-06-24 05:30:00,1.595
2022-06-24 06:00:00,1.6633333333333333
2022-06-24 06:30:00,1.7466666666666668
2022-06-24 07:00:00,1.6916666666666667
2022-06-24 07:30:00,1.6416666666666666
2022-06-24 08:00:00,1.6333333333333335
2022-06-24 08:30:00,1.6483333333333334
2022-06-24 09:00:00,1.5566666666666666
2022-06-24 09:30:00,1.5633333333333335
2022-06-24 10:00:00,1.5866666666666667
2022-06-24 10:30:00,1.5516666666666665
2022-06-24 11:00:00,1.5316666666666665
2022-06-24 11:30:00,1.5366666666666668
2022-06-24 12:00:00,1.5433333333333332
2022-06-24 12:30:00,1.5399999999999998
2022-06-24 13:00:00,1.5133333333333334
2022-06-24 13:30:00,1.5066666666666666
2022-06-24 14:00:00,1.49
2022-06-24 14:30:00,1.5183333333333333
2022-06-24 15:00:00,1.5133333333333334
2022-06-24 15:30:00,1.5
2022-06-24 16:00:00,1.4916666666666665
2022-06-24 16:30:00,1.5599999999999998
2022-06-24 17:00:00,1.5666666666666667
2022-06-24 17:30:00,1.6016666666666666
2022-06-24 18:00:00,1.6416666666666666
2022-06-24 18:30:00,1.6433333333333333
2022-06-24 19:00:00,1.6283333333333332
2022-06-24 19:30:00,1.5366666666666664
2022-06-24 20:00:00,1.51
2022-06-24 20:30:00,1.5133333333333334
2022-06-24 21:00:00,1.5433333333333332
2022-06-24 21:30:00,1.5766666666666669
2022-06-24 22:00:00,1.575
2022-06-24 22:30:00,3.39
2022-06-24 23:00:00,1.2249999999999999
2022-06-24 23:30:00,1.3499999999999999
2022-06-25 00:00:00,34.38
2022-06-25 00:30:00,0.7783333333333333
2022-06-25 01:00:00,0.7716666666666668
2022-06-25 01:30:00,0.7583333333333333
2022-06-25 02:00:00,0.7583333333333333
2022-06-25 02:30:00,0.7566666666666665
2022-06-25 03:00:00,111.42333333333335
2022-06-25 03:30:00,4.48
2022-06-25 04:00:00,2.111666666666667
2022-06-25 04:30:00,1.8633333333333333
2022-06-25 05:00:00,1.74
2022-06-25 05:30:00,1.545
2022-06-25 06:00:00,1.3166666666666667
2022-06-25 06:30:00,1.1816666666666666
2022-06-25 07:00:00,1.1416666666666666
2022-06-25 07:30:00,1.1383333333333334
2022-06-25 08:00:00,1.2516666666666667
2022-06-25 08:30:00,1.7616666666666667
2022-06-25 09:00:00,0.7999999999999999
2022-06-25 09:30:00,0.7966666666666665
2022-06-25 10:00:00,0.7966666666666665
2022-06-25 10:30:00,0.7949999999999999
2022-06-25 11:00:00,0.7916666666666666
2022-06-25 11:30:00,0.8033333333333333
2022-06-25 12:00:00,0.805
2022-06-25 12:30:00,0.7983333333333333
2022-06-25 13:00:00,0.7933333333333333
2022-06-25 13:30:00,0.7949999999999999
2022-06-25 14:00:00,0.8016666666666667
2022-06-25 14:30:00,0.8066666666666666
2022-06-25 15:00:00,0.8150000000000001
2022-06-25 15:30:00,0.8016666666666666
2022-06-25 16:00:00,153.78833333333333
2022-06-25 16:30:00,3.8266666666666667
2022-06-25 17:00:00,2.268333333333333
2022-06-25 17:30:00,2.02
2022-06-25 18:00:00,2.0166666666666666
2022-06-25 18:30:00,1.8916666666666666
2022-06-25 19:00:00,1.71
2022-06-25 19:30:00,1.4833333333333332
2022-06-25 20:00:00,1.445
2022-06-25 20:30:00,1.4233333333333331
2022-06-25 21:00:00,4.303333333333334
2022-06-25 21:30:00,0.8683333333333333
2022-06-25 22:00:00,0.8700000000000001
2022-06-25 22:30:00,0.84
2022-06-25 23:00:00,0.87
2022-06-25 23:30:00,0.8266666666666667
2022-06-26 00:00:00,0.8233333333333333
2022-06-26 00:30:00,0.8283333333333335
2022-06-26 01:00:00,0.8250000000000001
2022-06-26 01:30:00,0.8283333333333333
2022-06-26 02:00:00,0.8300000000000001
2022-06-26 02:30:00,0.8300000000000001
2022-06-26 03:00:00,0.8266666666666667
2022-06-26 03:30:00,0.8316666666666667
2022-06-26 04:00:00,0.8266666666666667
2022-06-26 04:30:00,0.8216666666666667
2022-06-26 05:00:00,0.8333333333333334
2022-06-26 05:30:00,0.8249999999999998
2022-06-26 06:00:00,0.805
2022-06-26 06:30:00,0.8733333333333334
2022-06-26 07:00:00,0.9083333333333333
2022-06-26 07:30:00,0.8383333333333334
2022-06-26 08:00:00,0.8366666666666666
2022-06-26 08:30:00,0.8183333333333334
2022-06-26 09:00:00,74.52666666666666
2022-06-26 09:30:00,2.1483333333333334
2022-06-26 10:00:00,2.0883333333333334
2022-06-26 10:30:00,1.845
2022-06-26 11:00:00,1.6666666666666667
2022-06-26 11:30:00,2.4666666666666663
2022-06-26 12:00:00,3.4150000000000005
2022-06-26 12:30:00,2.1183333333333336
2022-06-26 13:00:00,1.6983333333333335
2022-06-26 13:30:00,1.6449999999999998
2022-06-26 14:00:00,1.5833333333333333
2022-06-26 14:30:00,1.4216666666666666
2022-06-26 15:00:00,1.3483333333333334
2022-06-26 15:30:00,1.295
2022-06-26 16:00:00,29.16
2022-06-26 16:30:00,2.9600000000000004
2022-06-26 17:00:00,2.4983333333333335
2022-06-26 17:30:00,2.25
2022-06-26 18:00:00,2.035
2022-06-26 18:30:00,2.0533333333333332
2022-06-26 19:00:00,1.8699999999999999
2022-06-26 19:30:00,1.7
2022-06-26 20:00:00,1.63
2022-06-26 20:30:00,1.57
2022-06-26 21:00:00,1.6516666666666666
2022-06-26 21:30:00,1.7
2022-06-26 22:00:00,1.6816666666666666
2022-06-26 22:30:00,1.6266666666666667
2022-06-26 23:00:00,1.6816666666666666
2022-06-26 23:30:00,1.6066666666666667
2022-06-27 00:00:00,1.625
2022-06-27 00:30:00,1.6166666666666665
2022-06-27 01:00:00,1.6183333333333334
2022-06-27 01:30:00,1.615
2022-06-27 02:00:00,1.6216666666666668
2022-06-27 02:30:00,1.6133333333333333
2022-06-27 03:00:00,1.6283333333333332
2022-06-27 03:30:00,1.6199999999999999
2022-06-27 04:00:00,1.6033333333333333
2022-06-27 04:30:00,1.575
2022-06-27 05:00:00,1.5783333333333331
2022-06-27 05:30:00,1.5733333333333335
2022-06-27 06:00:00,1.6433333333333333
2022-06-27 06:30:00,1.6849999999999998
2022-06-27 07:00:00,1.5999999999999999
2022-06-27 07:30:00,1.5816666666666668
2022-06-27 08:00:00,1.5899999999999999
2022-06-27 08:30:00,1.575
2022-06-27 09:00:00,1.5683333333333334
2022-06-27 09:30:00,1.5366666666666668
2022-06-27 10:00:00,1.5616666666666668
2022-06-27 10:30:00,1.5433333333333332
2022-06-27 11:00:00,1.5199999999999998
2022-06-27 11:30:00,1.5733333333333333
2022-06-27 12:00:00,1.6133333333333333
2022-06-27 12:30:00,1.6033333333333335
2022-06-27 13:00:00,1.585
2022-06-27 13:30:00,1.5816666666666668
2022-06-27 14:00:00,1.57
2022-06-27 14:30:00,1.5650000000000002
2022-06-27 15:00:00,1.5716666666666665
2022-06-27 15:30:00,1.6316666666666666
2022-06-27 16:00:00,1.6716666666666669
2022-06-27 16:30:00,1.6416666666666668
2022-06-27 17:00:00,1.585
2022-06-27 17:30:00,1.6000000000000003
2022-06-27 18:00:00,1.5583333333333333
2022-06-27 18:30:00,1.5650000000000002
2022-06-27 19:00:00,1.5666666666666664
2022-06-27 19:30:00,1.5666666666666667
2022-06-27 20:00:00,1.55
2022-06-27 20:30:00,1.5483333333333331
2022-06-27 21:00:00,1.5966666666666667
2022-06-27 21:30:00,1.6416666666666666
2022-06-27 22:00:00,1.6933333333333334
2022-06-27 22:30:00,1.6583333333333332
2022-06-27 23:00:00,1.7149999999999999
2022-06-27 23:30:00,1.7449999999999999
2022-06-28 00:00:00,1.7883333333333333
2022-06-28 00:30:00,1.8066666666666666
2022-06-28 01:00:00,1.78
2022-06-28 01:30:00,1.8166666666666667
2022-06-28 02:00:00,1.7933333333333332
2022-06-28 02:30:00,1.8016666666666667
2022-06-28 03:00:00,1.7966666666666666
2022-06-28 03:30:00,1.7833333333333332
2022-06-28 04:00:00,1.7466666666666668
2022-06-28 04:30:00,1.7249999999999999
2022-06-28 05:00:00,1.7266666666666666
2022-06-28 05:30:00,1.7299999999999998
2022-06-28 06:00:00,1.78
2022-06-28 06:30:00,1.7583333333333335
2022-06-28 07:00:00,1.7266666666666666
2022-06-28 07:30:00,1.7766666666666666
2022-06-28 08:00:00,1.8099999999999998
2022-06-28 08:30:00,1.8483333333333334
2022-06-28 09:00:00,1.7966666666666666
2022-06-28 09:30:00,1.78
2022-06-28 10:00:00,1.8433333333333335
2022-06-28 10:30:00,1.8383333333333336
2022-06-28 11:00:00,1.8383333333333336
2022-06-28 11:30:00,1.925
2022-06-28 12:00:00,1.9883333333333333
2022-06-28 12:30:00,1.995
2022-06-28 13:00:00,1.9083333333333332
2022-06-28 13:30:00,1.8933333333333333
2022-06-28 14:00:00,1.86
2022-06-28 14:30:00,1.8333333333333333
2022-06-28 15:00:00,1.8083333333333333
2022-06-28 15:30:00,1.8266666666666669
2022-06-28 16:00:00,1.8416666666666668
2022-06-28 16:30:00,1.9316666666666666
2022-06-28 17:00:00,1.9166666666666667
2022-06-28 17:30:00,1.8833333333333335
2022-06-28 18:00:00,1.8816666666666666
2022-06-28 18:30:00,1.8466666666666667
2022-06-28 19:00:00,1.8566666666666667
2022-06-28 19:30:00,1.8516666666666666
2022-06-28 20:00:00,1.8366666666666667
2022-06-28 20:30:00,1.8383333333333336
2022-06-28 21:00:00,1.8166666666666667
2022-06-28 21:30:00,1.8066666666666666
2022-06-28 22:00:00,1.9516666666666669
2022-06-28 22:30:00,1.9633333333333332
2022-06-28 23:00:00,1.915
2022-06-28 23:30:00,2.033333333333333
2022-06-29 00:00:00,2.0500000000000003
2022-06-29 00:30:00,2.0233333333333334
2022-06-29 01:00:00,1.8766666666666667
2022-06-29 01:30:00,1.8483333333333334
2022-06-29 02:00:00,1.8283333333333331
2022-06-29 02:30:00,1.8416666666666668
2022-06-29 03:00:00,1.835
2022-06-29 03:30:00,1.8399999999999999
2022-06-29 04:00:00,1.8283333333333331
2022-06-29 04:30:00,1.8466666666666667
2022-06-29 05:00:00,1.8466666666666667
2022-06-29 05:30:00,1.8783333333333332
2022-06-29 06:00:00,1.8483333333333334
2022-06-29 06:30:00,1.93
2022-06-29 07:00:00,1.9316666666666666
2022-06-29 07:30:00,1.8966666666666667
2022-06-29 08:00:00,1.92
2022-06-29 08:30:00,1.915
2022-06-29 09:00:00,1.8883333333333334
2022-06-29 09:30:00,1.925
2022-06-29 10:00:00,1.995
2022-06-29 10:30:00,2.0016666666666665
2022-06-29 11:00:00,1.9400000000000002
2022-06-29 11:30:00,2.0233333333333334
2022-06-29 12:00:00,2.0416666666666665
2022-06-29 12:30:00,2.065
2022-06-29 13:00:00,1.9033333333333333
2022-06-29 13:30:00,1.9400000000000002
2022-06-29 14:00:00,1.9083333333333332
2022-06-29 14:30:00,1.9400000000000002
2022-06-29 15:00:00,1.9383333333333332
2022-06-29 15:30:00,2.0416666666666665
2022-06-29 16:00:00,2.0100000000000002
2022-06-29 16:30:00,2.0500000000000003
2022-06-29 17:00:00,1.9816666666666667
2022-06-29 17:30:00,1.9883333333333333
2022-06-29 18:00:00,1.9066666666666665
2022-06-29 18:30:00,1.8666666666666665
2022-06-29 19:00:00,1.83
2022-06-29 19:30:00,1.8633333333333333
2022-06-29 20:00:00,1.83
2022-06-29 20:30:00,1.8066666666666666
2022-06-29 21:00:00,1.7233333333333334
2022-06-29 21:30:00,1.7149999999999999
2022-06-29 22:00:00,1.7750000000000001
2022-06-29 22:30:00,1.8033333333333335
2022-06-29 23:00:00,1.7416666666666665
2022-06-29 23:30:00,1.8083333333333336
2022-06-30 00:00:00,1.82
2022-06-30 00:30:00,1.8266666666666664
2022-06-30 01:00:00,1.6449999999999998
2022-06-30 01:30:00,1.6216666666666668
2022-06-30 02:00:00,1.5833333333333333
2022-06-30 02:30:00,1.62
2022-06-30 03:00:00,1.6050000000000002
2022-06-30 03:30:00,1.6133333333333333
2022-06-30 04:00:00,1.5966666666666667
2022-06-30 04:30:00,1.6000000000000003
2022-06-30 05:00:00,1.6033333333333335
2022-06-30 05:30:00,1.61
2022-06-30 06:00:00,1.6900000000000002
2022-06-30 06:30:00,1.7933333333333332
2022-06-30 07:00:00,1.6916666666666667
2022-06-30 07:30:00,1.6116666666666666
2022-06-30 08:00:00,1.585
2022-06-30 08:30:00,25.883333333333336
2022-06-30 09:00:00,8.13
2022-06-30 09:30:00,3.975
2022-06-30 10:00:00,4.286666666666666
2022-06-30 10:30:00,1.6466666666666665
2022-06-30 11:00:00,1.6516666666666666
2022-06-30 11:30:00,1.6583333333333332
2022-06-30 12:00:00,1.6666666666666667
2022-06-30 12:30:00,1.665
2022-06-30 13:00:00,1.665
2022-06-30 13:30:00,1.6816666666666666
2022-06-30 14:00:00,1.67
2022-06-30 14:30:00,1.6766666666666665
2022-06-30 15:00:00,1.6866666666666665
2022-06-30 15:30:00,1.6649999999999998
2022-06-30 16:00:00,1.6866666666666665
2022-06-30 16:30:00,1.8766666666666667
2022-06-30 17:00:00,1.9183333333333332
2022-06-30 17:30:00,1.7983333333333331
2022-06-30 18:00:00,1.7716666666666665
2022-06-30 18:30:00,1.7783333333333333
2022-06-30 19:00:00,1.735
2022-06-30 19:30:00,1.7433333333333334
2022-06-30 20:00:00,1.7333333333333332
2022-06-30 20:30:00,1.7149999999999999
2022-06-30 21:00:00,1.75
2022-06-30 21:30:00,1.7716666666666665
2022-06-30 22:00:00,1.7599999999999998
2022-06-30 22:30:00,1.7683333333333333
2022-06-30 23:00:00,1.7683333333333333
2022-06-30 23:30:00,1.7299999999999998
2022-07-01 00:00:00,1.75
2022-07-01 00:30:00,1.7566666666666666
2022-07-01 01:00:00,1.6733333333333331
2022-07-01 01:30:00,1.6716666666666669
2022-07-01 02:00:00,1.6433333333333333
2022-07-01 02:30:00,1.6383333333333334
2022-07-01 03:00:00,1.6266666666666667
2022-07-01 03:30:00,1.6216666666666668
2022-07-01 04:00:00,1.6033333333333333
2022-07-01 04:30:00,1.6049999999999998
2022-07-01 05:00:00,1.6233333333333333
2022-07-01 05:30:00,1.6283333333333332
2022-07-01 06:00:00,1.6816666666666666
2022-07-01 06:30:00,1.7283333333333335
2022-07-01 07:00:00,1.7333333333333334
2022-07-01 07:30:00,1.6616666666666664
2022-07-01 08:00:00,1.6716666666666669
2022-07-01 08:30:00,1.6733333333333336
2022-07-01 09:00:00,1.6716666666666669
2022-07-01 09:30:00,1.6616666666666664
2022-07-01 10:00:00,1.6433333333333333
2022-07-01 10:30:00,1.665
2022-07-01 11:00:00,1.625
2022-07-01 11:30:00,1.5899999999999999
2022-07-01 12:00:00,1.5966666666666667
2022-07-01 12:30:00,1.6216666666666668
2022-07-01 13:00:00,1.5916666666666668
2022-07-01 13:30:00,1.6283333333333332
2022-07-01 14:00:00,1.6166666666666665
2022-07-01 14:30:00,1.6083333333333334
2022-07-01 15:00:00,1.655
2022-07-01 15:30:00,1.6866666666666668
2022-07-01 16:00:00,1.7016666666666669
2022-07-01 16:30:00,1.6900000000000002
2022-07-01 17:00:00,1.6916666666666667
2022-07-01 17:30:00,1.665
2022-07-01 18:00:00,1.6316666666666666
2022-07-01 18:30:00,1.6016666666666666
2022-07-01 19:00:00,1.595
2022-07-01 19:30:00,1.5933333333333335
2022-07-01 20:00:00,1.5766666666666669
2022-07-01 20:30:00,1.5833333333333333
2022-07-01 21:00:00,1.6133333333333333
2022-07-01 21:30:00,1.6216666666666668
2022-07-01 22:00:00,1.6616666666666664
2022-07-01 22:30:00,1.8033333333333335
2022-07-01 23:00:00,1.8499999999999999
2022-07-01 23:30:00,2.026666666666667
2022-07-02 00:00:00,4.681666666666667
2022-07-02 00:30:00,1.4616666666666667
2022-07-02 01:00:00,1.3966666666666665
2022-07-02 01:30:00,1.4166666666666667
2022-07-02 02:00:00,1.4100000000000001
2022-07-02 02:30:00,1.385
2022-07-02 03:00:00,1.3983333333333334
2022-07-02 03:30:00,1.3916666666666666
2022-07-02 04:00:00,1.4133333333333333
2022-07-02 04:30:00,1.4116666666666664
2022-07-02 05:00:00,1.4533333333333331
2022-07-02 05:30:00,1.4233333333333331
2022-07-02 06:00:00,1.4783333333333335
2022-07-02 06:30:00,1.4533333333333334
2022-07-02 07:00:00,1.4666666666666668
2022-07-02 07:30:00,1.4416666666666667
2022-07-02 08:00:00,1.62
2022-07-02 08:30:00,2.723333333333333
2022-07-02 09:00:00,5.135
2022-07-02 09:30:00,6.64
2022-07-02 10:00:00,4.095
2022-07-02 10:30:00,3.1366666666666667
2022-07-02 11:00:00,2.9283333333333332
2022-07-02 11:30:00,2.875
2022-07-02 12:00:00,2.65
2022-07-02 12:30:00,2.9983333333333335
2022-07-02 13:00:00,6.13
2022-07-02 13:30:00,5.443333333333334
2022-07-02 14:00:00,2.685
2022-07-02 14:30:00,3.158333333333333
2022-07-02 15:00:00,2.475
2022-07-02 15:30:00,2.3649999999999998
2022-07-02 16:00:00,2.2883333333333336
2022-07-02 16:30:00,2.1966666666666668
2022-07-02 17:00:00,1.9533333333333331
2022-07-02 17:30:00,1.8366666666666667
2022-07-02 18:00:00,1.7916666666666667
2022-07-02 18:30:00,1.7750000000000001
2022-07-02 19:00:00,1.6766666666666665
2022-07-02 19:30:00,1.6766666666666667
2022-07-02 20:00:00,1.6766666666666667
2022-07-02 20:30:00,1.5933333333333335
2022-07-02 21:00:00,1.4799999999999998
2022-07-02 21:30:00,1.4033333333333333
2022-07-02 22:00:00,1.3983333333333334
2022-07-02 22:30:00,1.4583333333333333
2022-07-02 23:00:00,1.4283333333333335
2022-07-02 23:30:00,1.4166666666666667
2022-07-03 00:00:00,1.455
2022-07-03 00:30:00,1.4316666666666666
2022-07-03 01:00:00,1.3950000000000002
2022-07-03 01:30:00,1.37
2022-07-03 02:00:00,1.3950000000000002
2022-07-03 02:30:00,1.3549999999999998
2022-07-03 03:00:00,1.385
2022-07-03 03:30:00,1.3516666666666666
2022-07-03 04:00:00,1.39
2022-07-03 04:30:00,1.365
2022-07-03 05:00:00,1.4033333333333333
2022-07-03 05:30:00,1.38
2022-07-03 06:00:00,1.3950000000000002
2022-07-03 06:30:00,1.36
2022-07-03 07:00:00,1.3783333333333332
2022-07-03 07:30:00,1.3083333333333333
2022-07-03 08:00:00,1.33
2022-07-03 08:30:00,1.33
2022-07-03 09:00:00,1.2383333333333333
2022-07-03 09:30:00,1.2333333333333334
2022-07-03 10:00:00,1.305
2022-07-03 10:30:00,1.3333333333333333
2022-07-03 11:00:00,1.29
2022-07-03 11:30:00,195.285
2022-07-03 12:00:00,12.198333333333332
2022-07-03 12:30:00,5.333333333333333
2022-07-03 13:00:00,6.066666666666666
2022-07-03 13:30:00,3.0333333333333337
2022-07-03 14:00:00,2.875
2022-07-03 14:30:00,3.0566666666666666
2022-07-03 15:00:00,2.8183333333333334
2022-07-03 15:30:00,32.663333333333334
2022-07-03 16:00:00,125.82333333333332
2022-07-03 16:30:00,2.658333333333333
2022-07-03 17:00:00,2.2733333333333334
2022-07-03 17:30:00,2.145
2022-07-03 18:00:00,2.0083333333333333
2022-07-03 18:30:00,1.955
2022-07-03 19:00:00,2.0166666666666666
2022-07-03 19:30:00,2.098333333333333
2022-07-03 20:00:00,2.183333333333333
2022-07-03 20:30:00,2.2383333333333333
2022-07-03 21:00:00,2.405
2022-07-03 21:30:00,2.4149999999999996
2022-07-03 22:00:00,2.365
2022-07-03 22:30:00,2.4366666666666665
2022-07-03 23:00:00,2.408333333333333
2022-07-03 23:30:00,2.481666666666667
2022-07-04 00:00:00,2.4616666666666664
2022-07-04 00:30:00,2.4333333333333336
2022-07-04 01:00:00,2.3316666666666666
2022-07-04 01:30:00,2.275
2022-07-04 02:00:00,2.2449999999999997
2022-07-04 02:30:00,2.228333333333333
2022-07-04 03:00:00,2.19
2022-07-04 03:30:00,2.17
2022-07-04 04:00:00,2.1649999999999996
2022-07-04 04:30:00,2.1333333333333333
2022-07-04 05:00:00,2.15
2022-07-04 05:30:00,2.1633333333333336
2022-07-04 06:00:00,2.19
2022-07-04 06:30:00,2.175
2022-07-04 07:00:00,2.158333333333333
2022-07-04 07:30:00,2.1366666666666667
2022-07-04 08:00:00,2.2133333333333334
2022-07-04 08:30:00,2.2016666666666667
2022-07-04 09:00:00,2.1083333333333334
2022-07-04 09:30:00,2.2133333333333334
2022-07-04 10:00:00,2.263333333333333
2022-07-04 10:30:00,2.2533333333333334
2022-07-04 11:00:00,2.185
2022-07-04 11:30:00,2.2283333333333335
2022-07-04 12:00:00,2.2383333333333333
2022-07-04 12:30:00,2.2833333333333337
2022-07-04 13:00:00,2.2616666666666667
2022-07-04 13:30:00,2.3366666666666664
2022-07-04 14:00:00,2.195
2022-07-04 14:30:00,2.1933333333333334
2022-07-04 15:00:00,2.2016666666666667
2022-07-04 15:30:00,2.1999999999999997
2022-07-04 16:00:00,2.22
2022-07-04 16:30:00,2.24
2022-07-04 17:00:00,2.2933333333333334
2022-07-04 17:30:00,2.285
2022-07-04 18:00:00,2.2716666666666665
2022-07-04 18:30:00,2.268333333333333
2022-07-04 19:00:00,2.205
2022-07-04 19:30:00,2.16
2022-07-04 20:00:00,2.1350000000000002
2022-07-04 20:30:00,2.0933333333333333
2022-07-04 21:00:00,2.095
2022-07-04 21:30:00,2.078333333333333
2022-07-04 22:00:00,2.0483333333333333
2022-07-04 22:30:00,2.1366666666666667
2022-07-04 23:00:00,2.098333333333333
2022-07-04 23:30:00,2.0516666666666663
2022-07-05 00:00:00,2.0833333333333335
2022-07-05 00:30:00,2.1016666666666666
2022-07-05 01:00:00,2.055
2022-07-05 01:30:00,2.0083333333333333
2022-07-05 02:00:00,2.0116666666666667
2022-07-05 02:30:00,2.02
2022-07-05 03:00:00,2.063333333333333
2022-07-05 03:30:00,2.026666666666667
2022-07-05 04:00:00,2.046666666666667
2022-07-05 04:30:00,2.0066666666666664
2022-07-05 05:00:00,2.021666666666667
2022-07-05 05:30:00,1.9866666666666666
2022-07-05 06:00:00,2.0716666666666668
2022-07-05 06:30:00,2.0566666666666666
2022-07-05 07:00:00,2.0733333333333333
2022-07-05 07:30:00,2.091666666666667
2022-07-05 08:00:00,2.14
2022-07-05 08:30:00,2.1300000000000003
2022-07-05 09:00:00,2.151666666666667
2022-07-05 09:30:00,2.091666666666667
2022-07-05 10:00:00,2.125
2022-07-05 10:30:00,2.2783333333333338
2022-07-05 11:00:00,2.3133333333333335
2022-07-05 11:30:00,2.2983333333333333
2022-07-05 12:00:00,2.3716666666666666
2022-07-05 12:30:00,2.3400000000000003
2022-07-05 13:00:00,2.2616666666666667
2022-07-05 13:30:00,2.2266666666666666
2022-07-05 14:00:00,2.27
2022-07-05 14:30:00,2.3116666666666665
2022-07-05 15:00:00,2.3316666666666666
2022-07-05 15:30:00,2.358333333333333
2022-07-05 16:00:00,2.3249999999999997
2022-07-05 16:30:00,2.34
2022-07-05 17:00:00,2.3133333333333335
2022-07-05 17:30:00,2.3583333333333334
2022-07-05 18:00:00,2.2716666666666665
2022-07-05 18:30:00,2.308333333333333
2022-07-05 19:00:00,2.263333333333333
2022-07-05 19:30:00,2.2466666666666666
2022-07-05 20:00:00,2.1933333333333334
2022-07-05 20:30:00,2.1633333333333336
2022-07-05 21:00:00,2.1216666666666666
2022-07-05 21:30:00,2.2449999999999997
2022-07-05 22:00:00,2.186666666666667
2022-07-05 22:30:00,2.308333333333333
2022-07-05 23:00:00,2.186666666666667
2022-07-05 23:30:00,2.2600000000000002
2022-07-06 00:00:00,2.2583333333333333
2022-07-06 00:30:00,2.3316666666666666
2022-07-06 01:00:00,2.2283333333333335
2022-07-06 01:30:00,2.225
2022-07-06 02:00:00,2.155
2022-07-06 02:30:00,2.1483333333333334
2022-07-06 03:00:00,2.1
2022-07-06 03:30:00,2.1616666666666666
2022-07-06 04:00:00,2.1266666666666665
2022-07-06 04:30:00,2.185
2022-07-06 05:00:00,2.185
2022-07-06 05:30:00,2.22
2022-07-06 06:00:00,2.225
2022-07-06 06:30:00,2.2883333333333336
2022-07-06 07:00:00,2.216666666666667
2022-07-06 07:30:00,2.276666666666667
2022-07-06 08:00:00,2.23
2022-07-06 08:30:00,2.34
2022-07-06 09:00:00,2.3983333333333334
2022-07-06 09:30:00,2.398333333333333
2022-07-06 10:00:00,2.2966666666666664
2022-07-06 10:30:00,2.4566666666666666
2022-07-06 11:00:00,2.34
2022-07-06 11:30:00,2.3966666666666665
2022-07-06 12:00:00,2.4933333333333336
2022-07-06 12:30:00,2.5349999999999997
2022-07-06 13:00:00,2.4650000000000003
2022-07-06 13:30:00,2.4433333333333334
2022-07-06 14:00:00,2.4316666666666666
2022-07-06 14:30:00,2.4966666666666666
2022-07-06 15:00:00,2.4766666666666666
2022-07-06 15:30:00,2.486666666666667
2022-07-06 16:00:00,2.485
2022-07-06 16:30:00,2.54
2022-07-06 17:00:00,2.5100000000000002
2022-07-06 17:30:00,2.56
2022-07-06 18:00:00,2.4933333333333336
2022-07-06 18:30:00,2.4883333333333333
2022-07-06 19:00:00,2.388333333333333
2022-07-06 19:30:00,2.305
2022-07-06 20:00:00,2.2533333333333334
2022-07-06 20:30:00,2.2566666666666664
2022-07-06 21:00:00,2.2866666666666666
2022-07-06 21:30:00,2.3033333333333332
2022-07-06 22:00:00,2.3633333333333333
2022-07-06 22:30:00,2.525
2022-07-06 23:00:00,2.4683333333333333
2022-07-06 23:30:00,2.4783333333333335
2022-07-07 00:00:00,2.48
2022-07-07 00:30:00,2.5083333333333333
2022-07-07 01:00:00,2.4583333333333335
2022-07-07 01:30:00,2.4
2022-07-07 02:00:00,2.4033333333333333
2022-07-07 02:30:00,2.3716666666666666
2022-07-07 03:00:00,2.3000000000000003
2022-07-07 03:30:00,2.335
2022-07-07 04:00:00,2.345
2022-07-07 04:30:00,2.28
2022-07-07 05:00:00,2.283333333333333
2022-07-07 05:30:00,2.3633333333333333
2022-07-07 06:00:00,2.353333333333333
2022-07-07 06:30:00,2.3699999999999997
2022-07-07 07:00:00,2.335
2022-07-07 07:30:00,2.3216666666666668
2022-07-07 08:00:00,2.335
2022-07-07 08:30:00,2.3249999999999997
2022-07-07 09:00:00,2.3716666666666666
2022-07-07 09:30:00,2.3583333333333334
2022-07-07 10:00:00,2.3583333333333334
2022-07-07 10:30:00,2.3866666666666667
2022-07-07 11:00:00,2.3833333333333333
2022-07-07 11:30:00,2.3866666666666667
2022-07-07 12:00:00,2.3833333333333333
2022-07-07 12:30:00,2.38
2022-07-07 13:00:00,2.3649999999999998
2022-07-07 13:30:00,2.3666666666666667
2022-07-07 14:00:00,2.35
2022-07-07 14:30:00,2.3183333333333334
2022-07-07 15:00:00,2.3316666666666666
2022-07-07 15:30:00,2.318333333333333
2022-07-07 16:00:00,2.335
2022-07-07 16:30:00,2.35
2022-07-07 17:00:00,2.4133333333333336
2022-07-07 17:30:00,2.421666666666667
2022-07-07 18:00:00,2.408333333333333
2022-07-07 18:30:00,2.396666666666667
2022-07-07 19:00:00,2.433333333333333
2022-07-07 19:30:00,2.3366666666666664
2022-07-07 20:00:00,2.3216666666666668
2022-07-07 20:30:00,2.723333333333333
2022-07-07 21:00:00,2.4033333333333333
2022-07-07 21:30:00,2.3850000000000002
2022-07-07 22:00:00,2.36
2022-07-07 22:30:00,2.385
2022-07-07 23:00:00,2.4283333333333332
2022-07-07 23:30:00,2.3633333333333333
2022-07-08 00:00:00,2.2083333333333335
2022-07-08 00:30:00,2.1983333333333333
2022-07-08 01:00:00,2.151666666666667
2022-07-08 01:30:00,2.183333333333333
2022-07-08 02:00:00,2.1616666666666666
2022-07-08 02:30:00,2.1566666666666667
2022-07-08 03:00:00,2.1483333333333334
2022-07-08 03:30:00,2.1166666666666667
2022-07-08 04:00:00,2.091666666666667
2022-07-08 04:30:00,2.111666666666667
2022-07-08 05:00:00,2.1233333333333335
2022-07-08 05:30:00,2.13
2022-07-08 06:00:00,2.1283333333333334
2022-07-08 06:30:00,2.1783333333333332
2022-07-08 07:00:00,2.21
2022-07-08 07:30:00,2.2966666666666664
2022-07-08 08:00:00,2.3649999999999998
2022-07-08 08:30:00,2.3783333333333334
2022-07-08 09:00:00,2.3633333333333333
2022-07-08 09:30:00,2.3983333333333334
2022-07-08 10:00:00,2.486666666666667
2022-07-08 10:30:00,2.3533333333333335
2022-07-08 11:00:00,2.4233333333333333
2022-07-08 11:30:00,2.34
2022-07-08 12:00:00,2.3266666666666667
2022-07-08 12:30:00,2.3633333333333333
2022-07-08 13:00:00,2.335
2022-07-08 13:30:00,2.3266666666666667
2022-07-08 14:00:00,2.3366666666666664
2022-07-08 14:30:00,2.345
2022-07-08 15:00:00,2.2733333333333334
2022-07-08 15:30:00,2.2216666666666667
2022-07-08 16:00:00,2.2783333333333333
2022-07-08 16:30:00,2.35
2022-07-08 17:00:00,2.335
2022-07-08 17:30:00,2.3383333333333334
2022-07-08 18:00:00,2.3183333333333334
2022-07-08 18:30:00,2.26
2022-07-08 19:00:00,2.231666666666667
2022-07-08 19:30:00,2.275
2022-07-08 20:00:00,2.2416666666666667
2022-07-08 20:30:00,2.1999999999999997
2022-07-08 21:00:00,2.3783333333333334
2022-07-08 21:30:00,2.28
2022-07-08 22:00:00,2.2816666666666667
2022-07-08 22:30:00,2.2183333333333333
2022-07-08 23:00:00,2.3383333333333334
2022-07-08 23:30:00,2.4783333333333335
2022-07-09 00:00:00,5.121666666666666
2022-07-09 00:30:00,1.8
2022-07-09 01:00:00,1.8866666666666667
2022-07-09 01:30:00,1.835
2022-07-09 02:00:00,1.875
2022-07-09 02:30:00,1.8683333333333334
2022-07-09 03:00:00,1.8833333333333335
2022-07-09 03:30:00,1.8499999999999999
2022-07-09 04:00:00,1.8783333333333332
2022-07-09 04:30:00,1.835
2022-07-09 05:00:00,1.8533333333333335
2022-07-09 05:30:00,1.8266666666666669
2022-07-09 06:00:00,1.843333333333333
2022-07-09 06:30:00,1.8083333333333333
2022-07-09 07:00:00,1.8133333333333332
2022-07-09 07:30:00,1.8283333333333334
2022-07-09 08:00:00,1.9666666666666668
2022-07-09 08:30:00,2.01
2022-07-09 09:00:00,2.0100000000000002
2022-07-09 09:30:00,2.0366666666666666
2022-07-09 10:00:00,2.0383333333333336
2022-07-09 10:30:00,2.275
2022-07-09 11:00:00,2.1183333333333336
2022-07-09 11:30:00,2.1
2022-07-09 12:00:00,2.2116666666666664
2022-07-09 12:30:00,2.1883333333333335
2022-07-09 13:00:00,2.1183333333333336
2022-07-09 13:30:00,1.9483333333333335
2022-07-09 14:00:00,1.9916666666666665
2022-07-09 14:30:00,1.9416666666666667
2022-07-09 15:00:00,2.025
2022-07-09 15:30:00,1.97
2022-07-09 16:00:00,2.018333333333333
2022-07-09 16:30:00,1.9800000000000002
2022-07-09 17:00:00,2.023333333333333
2022-07-09 17:30:00,2.0316666666666667
2022-07-09 18:00:00,2.02
2022-07-09 18:30:00,2.018333333333333
2022-07-09 19:00:00,2.0516666666666663
2022-07-09 19:30:00,1.9866666666666666
2022-07-09 20:00:00,1.9949999999999999
2022-07-09 20:30:00,1.9900000000000002
2022-07-09 21:00:00,1.95
2022-07-09 21:30:00,1.9233333333333331
2022-07-09 22:00:00,1.9133333333333333
2022-07-09 22:30:00,2.0833333333333335
2022-07-09 23:00:00,2.005
2022-07-09 23:30:00,1.9866666666666666
2022-07-10 00:00:00,2.066666666666667
2022-07-10 00:30:00,2.095
2022-07-10 01:00:00,2.1016666666666666
2022-07-10 01:30:00,2.6149999999999998
2022-07-10 02:00:00,57.629999999999995
2022-07-10 02:30:00,1.5266666666666666
2022-07-10 03:00:00,1.5166666666666668
2022-07-10 03:30:00,1.5266666666666666
2022-07-10 04:00:00,1.5250000000000001
2022-07-10 04:30:00,1.5
2022-07-10 05:00:00,1.485
2022-07-10 05:30:00,1.4816666666666665
2022-07-10 06:00:00,1.4783333333333335
2022-07-10 06:30:00,1.46
2022-07-10 07:00:00,1.4783333333333333
2022-07-10 07:30:00,1.4833333333333334
2022-07-10 08:00:00,1.5183333333333333
2022-07-10 08:30:00,1.51
2022-07-10 09:00:00,1.5583333333333333
2022-07-10 09:30:00,1.6883333333333335
2022-07-10 10:00:00,1.75
2022-07-10 10:30:00,304.39166666666665
2022-07-10 11:00:00,103.93666666666667
2022-07-10 11:30:00,146.27166666666668
2022-07-10 12:00:00,6.506666666666667
2022-07-10 12:30:00,4.913333333333333
2022-07-10 13:00:00,3.9116666666666666
2022-07-10 13:30:00,3.295
2022-07-10 14:00:00,3.125
2022-07-10 14:30:00,3.0016666666666665
2022-07-10 15:00:00,3.0050000000000003
2022-07-10 15:30:00,3.0116666666666667
2022-07-10 16:00:00,2.69
2022-07-10 16:30:00,2.645
2022-07-10 17:00:00,2.58
2022-07-10 17:30:00,2.5283333333333333
2022-07-10 18:00:00,2.5866666666666664
2022-07-10 18:30:00,2.52
2022-07-10 19:00:00,2.6149999999999998
2022-07-10 19:30:00,2.6033333333333335
2022-07-10 20:00:00,2.706666666666667
2022-07-10 20:30:00,2.598333333333333
2022-07-10 21:00:00,2.6316666666666664
2022-07-10 21:30:00,2.658333333333333
2022-07-10 22:00:00,2.61
2022-07-10 22:30:00,2.776666666666667
2022-07-10 23:00:00,2.795
2022-07-10 23:30:00,2.6750000000000003
2022-07-11 00:00:00,2.706666666666667
2022-07-11 00:30:00,2.7183333333333333
2022-07-11 01:00:00,2.665
2022-07-11 01:30:00,2.526666666666667
2022-07-11 02:00:00,2.486666666666667
2022-07-11 02:30:00,2.436666666666667
2022-07-11 03:00:00,2.4316666666666666
2022-07-11 03:30:00,2.4066666666666667
2022-07-11 04:00:00,2.3916666666666666
2022-07-11 04:30:00,2.3733333333333335
2022-07-11 05:00:00,2.368333333333333
2022-07-11 05:30:00,2.421666666666667
2022-07-11 06:00:00,2.4633333333333334
2022-07-11 06:30:00,2.4600000000000004
2022-07-11 07:00:00,2.563333333333333
2022-07-11 07:30:00,2.533333333333333
2022-07-11 08:00:00,2.6266666666666665
2022-07-11 08:30:00,2.6416666666666666
2022-07-11 09:00:00,2.671666666666667
2022-07-11 09:30:00,2.6766666666666663
2022-07-11 10:00:00,2.7583333333333333
2022-07-11 10:30:00,2.845
2022-07-11 11:00:00,2.855
2022-07-11 11:30:00,2.8016666666666663
2022-07-11 12:00:00,2.858333333333333
2022-07-11 12:30:00,2.936666666666667
2022-07-11 13:00:00,2.856666666666667
2022-07-11 13:30:00,2.7099999999999995
2022-07-11 14:00:00,2.716666666666667
2022-07-11 14:30:00,2.703333333333333
2022-07-11 15:00:00,2.6999999999999997
2022-07-11 15:30:00,2.6750000000000003
2022-07-11 16:00:00,2.5816666666666666
2022-07-11 16:30:00,2.555
2022-07-11 17:00:00,2.5749999999999997
2022-07-11 17:30:00,2.5233333333333334
2022-07-11 18:00:00,2.513333333333333
2022-07-11 18:30:00,2.485
2022-07-11 19:00:00,2.4699999999999998
2022-07-11 19:30:00,2.485
2022-07-11 20:00:00,2.48
2022-07-11 20:30:00,2.515
2022-07-11 21:00:00,2.466666666666667
2022-07-11 21:30:00,2.4916666666666667
2022-07-11 22:00:00,2.4283333333333332
2022-07-11 22:30:00,2.558333333333333
2022-07-11 23:00:00,2.5500000000000003
2022-07-11 23:30:00,2.5116666666666667
2022-07-12 00:00:00,2.4833333333333334
2022-07-12 00:30:00,2.525
2022-07-12 01:00:00,2.435
2022-07-12 01:30:00,2.4766666666666666
2022-07-12 02:00:00,2.3466666666666662
2022-07-12 02:30:00,2.356666666666667
2022-07-12 03:00:00,2.3583333333333334
2022-07-12 03:30:00,2.3783333333333334
2022-07-12 04:00:00,2.3316666666666666
2022-07-12 04:30:00,2.3350000000000004
2022-07-12 05:00:00,2.3333333333333335
2022-07-12 05:30:00,2.3249999999999997
2022-07-12 06:00:00,2.4133333333333336
2022-07-12 06:30:00,2.4066666666666667
2022-07-12 07:00:00,2.501666666666667
2022-07-12 07:30:00,2.5
2022-07-12 08:00:00,2.668333333333333
2022-07-12 08:30:00,2.585
2022-07-12 09:00:00,2.445
2022-07-12 09:30:00,2.4983333333333335
2022-07-12 10:00:00,2.5749999999999997
2022-07-12 10:30:00,2.4216666666666664
2022-07-12 11:00:00,2.3716666666666666
2022-07-12 11:30:00,2.601666666666667
2022-07-12 12:00:00,2.4633333333333334
2022-07-12 12:30:00,2.515
2022-07-12 13:00:00,2.4966666666666666
2022-07-12 13:30:00,2.5633333333333335
2022-07-12 14:00:00,2.46
2022-07-12 14:30:00,2.5516666666666667
2022-07-12 15:00:00,2.46
2022-07-12 15:30:00,2.513333333333333
2022-07-12 16:00:00,2.4783333333333335
2022-07-12 16:30:00,2.56
2022-07-12 17:00:00,2.5383333333333336
2022-07-12 17:30:00,2.5766666666666667
2022-07-12 18:00:00,2.5816666666666666
2022-07-12 18:30:00,2.58
2022-07-12 19:00:00,2.515
2022-07-12 19:30:00,2.5500000000000003
2022-07-12 20:00:00,2.4516666666666667
2022-07-12 20:30:00,2.4383333333333335
2022-07-12 21:00:00,2.4616666666666664
2022-07-12 21:30:00,2.455
2022-07-12 22:00:00,2.4283333333333332
2022-07-12 22:30:00,2.5466666666666664
2022-07-12 23:00:00,2.6566666666666667
2022-07-12 23:30:00,2.618333333333333
2022-07-13 00:00:00,2.6533333333333333
2022-07-13 00:30:00,2.716666666666667
2022-07-13 01:00:00,2.783333333333333
2022-07-13 01:30:00,2.625
2022-07-13 02:00:00,2.6216666666666666
2022-07-13 02:30:00,2.635
2022-07-13 03:00:00,2.6283333333333334
2022-07-13 03:30:00,2.5516666666666663
2022-07-13 04:00:00,2.5383333333333336
2022-07-13 04:30:00,2.5316666666666667
2022-07-13 05:00:00,2.585
2022-07-13 05:30:00,2.5433333333333334
2022-07-13 06:00:00,2.7266666666666666
2022-07-13 06:30:00,2.688333333333333
2022-07-13 07:00:00,2.5566666666666666
2022-07-13 07:30:00,2.611666666666667
2022-07-13 08:00:00,2.56
2022-07-13 08:30:00,2.5566666666666666
2022-07-13 09:00:00,2.7616666666666667
2022-07-13 09:30:00,2.785
2022-07-13 10:00:00,2.7083333333333335
2022-07-13 10:30:00,2.6683333333333334
2022-07-13 11:00:00,2.5883333333333334
2022-07-13 11:30:00,2.5383333333333336
2022-07-13 12:00:00,2.5483333333333333
2022-07-13 12:30:00,2.6333333333333333
2022-07-13 13:00:00,2.6316666666666664
2022-07-13 13:30:00,2.8683333333333336
2022-07-13 14:00:00,2.598333333333333
2022-07-13 14:30:00,2.5749999999999997
2022-07-13 15:00:00,2.6083333333333334
2022-07-13 15:30:00,2.6133333333333333
2022-07-13 16:00:00,2.5866666666666664
2022-07-13 16:30:00,2.566666666666667
2022-07-13 17:00:00,2.5866666666666664
2022-07-13 17:30:00,2.765
2022-07-13 18:00:00,2.796666666666667
2022-07-13 18:30:00,2.7733333333333334
2022-07-13 19:00:00,2.72
2022-07-13 19:30:00,2.6566666666666667
2022-07-13 20:00:00,2.595
2022-07-13 20:30:00,2.81
2022-07-13 21:00:00,2.6333333333333333
2022-07-13 21:30:00,2.6483333333333334
2022-07-13 22:00:00,2.6333333333333333
2022-07-13 22:30:00,2.6033333333333335
2022-07-13 23:00:00,2.5733333333333333
2022-07-13 23:30:00,2.4966666666666666
2022-07-14 00:00:00,2.485
2022-07-14 00:30:00,2.516666666666667
2022-07-14 01:00:00,2.4133333333333336
2022-07-14 01:30:00,2.4183333333333334
2022-07-14 02:00:00,2.4583333333333335
2022-07-14 02:30:00,2.4283333333333332
2022-07-14 03:00:00,2.441666666666667
2022-07-14 03:30:00,2.4483333333333337
2022-07-14 04:00:00,2.4466666666666668
2022-07-14 04:30:00,2.4516666666666667
2022-07-14 05:00:00,2.4766666666666666
2022-07-14 05:30:00,2.5033333333333334
2022-07-14 06:00:00,2.526666666666667
2022-07-14 06:30:00,2.4683333333333333
2022-07-14 07:00:00,2.665
2022-07-14 07:30:00,2.473333333333333
2022-07-14 08:00:00,2.4566666666666666
2022-07-14 08:30:00,2.901666666666667
2022-07-14 09:00:00,2.795
2022-07-14 09:30:00,2.766666666666667
2022-07-14 10:00:00,2.85
2022-07-14 10:30:00,2.8516666666666666
2022-07-14 11:00:00,2.848333333333333
2022-07-14 11:30:00,2.845
2022-07-14 12:00:00,2.8699999999999997
2022-07-14 12:30:00,2.8783333333333334
2022-07-14 13:00:00,2.873333333333333
2022-07-14 13:30:00,2.893333333333333
2022-07-14 14:00:00,2.856666666666667
2022-07-14 14:30:00,2.9
2022-07-14 15:00:00,2.9066666666666663
2022-07-14 15:30:00,2.9066666666666663
2022-07-14 16:00:00,2.6366666666666667
2022-07-14 16:30:00,2.651666666666667
2022-07-14 17:00:00,2.6316666666666664
2022-07-14 17:30:00,2.605
2022-07-14 18:00:00,2.7716666666666665
2022-07-14 18:30:00,2.6733333333333333
2022-07-14 19:00:00,2.6366666666666667
2022-07-14 19:30:00,2.6766666666666663
2022-07-14 20:00:00,2.7016666666666667
2022-07-14 20:30:00,2.698333333333333
2022-07-14 21:00:00,2.7983333333333333
2022-07-14 21:30:00,2.7483333333333335
2022-07-14 22:00:00,2.78
2022-07-14 22:30:00,2.6833333333333336
2022-07-14 23:00:00,2.9633333333333334
2022-07-14 23:30:00,2.7600000000000002
2022-07-15 00:00:00,2.8816666666666664
2022-07-15 00:30:00,2.9266666666666663
2022-07-15 01:00:00,2.956666666666667
2022-07-15 01:30:00,2.8249999999999997
2022-07-15 02:00:00,2.7916666666666665
2022-07-15 02:30:00,2.6683333333333334
2022-07-15 03:00:00,2.688333333333333
2022-07-15 03:30:00,2.6233333333333335
2022-07-15 04:00:00,2.6283333333333334
2022-07-15 04:30:00,2.6350000000000002
2022-07-15 05:00:00,2.7183333333333333
2022-07-15 05:30:00,2.671666666666667
2022-07-15 06:00:00,3.1016666666666666
2022-07-15 06:30:00,2.938333333333333
2022-07-15 07:00:00,2.9316666666666666
2022-07-15 07:30:00,2.8033333333333332
2022-07-15 08:00:00,2.7383333333333333
2022-07-15 08:30:00,2.828333333333333
2022-07-15 09:00:00,2.86
2022-07-15 09:30:00,2.8699999999999997
2022-07-15 10:00:00,2.7566666666666664
2022-07-15 10:30:00,3.1750000000000003
2022-07-15 11:00:00,3.58
2022-07-15 11:30:00,3.4033333333333338
2022-07-15 12:00:00,3.268333333333333
2022-07-15 12:30:00,3.1300000000000003
2022-07-15 13:00:00,3.1950000000000003
2022-07-15 13:30:00,2.93
2022-07-15 14:00:00,2.8800000000000003
2022-07-15 14:30:00,2.7566666666666664
2022-07-15 15:00:00,2.736666666666667
2022-07-15 15:30:00,2.6766666666666663
2022-07-15 16:00:00,2.861666666666667
2022-07-15 16:30:00,2.8800000000000003
2022-07-15 17:00:00,2.813333333333333
2022-07-15 17:30:00,2.7883333333333336
2022-07-15 18:00:00,2.8533333333333335
2022-07-15 18:30:00,2.7699999999999996
2022-07-15 19:00:00,2.793333333333333
2022-07-15 19:30:00,2.73
2022-07-15 20:00:00,2.8983333333333334
2022-07-15 20:30:00,2.795
2022-07-15 21:00:00,2.831666666666667
2022-07-15 21:30:00,2.7733333333333334
2022-07-15 22:00:00,2.888333333333333
2022-07-15 22:30:00,2.9633333333333334
2022-07-15 23:00:00,3.0066666666666664
2022-07-15 23:30:00,2.8816666666666664
2022-07-16 00:00:00,2.8433333333333333
2022-07-16 00:30:00,2.8000000000000003
2022-07-16 01:00:00,2.9466666666666668
2022-07-16 01:30:00,2.7016666666666667
2022-07-16 02:00:00,2.646666666666667
2022-07-16 02:30:00,2.5883333333333334
2022-07-16 03:00:00,2.6083333333333334
2022-07-16 03:30:00,2.5100000000000002
2022-07-16 04:00:00,2.5316666666666667
2022-07-16 04:30:00,2.5316666666666667
2022-07-16 05:00:00,2.535
2022-07-16 05:30:00,2.546666666666667
2022-07-16 06:00:00,2.58
2022-07-16 06:30:00,2.5316666666666667
2022-07-16 07:00:00,2.5733333333333337
2022-07-16 07:30:00,2.6283333333333334
2022-07-16 08:00:00,2.73
2022-07-16 08:30:00,2.7183333333333333
2022-07-16 09:00:00,2.7816666666666667
2022-07-16 09:30:00,2.75
2022-07-16 10:00:00,2.8350000000000004
2022-07-16 10:30:00,2.92
2022-07-16 11:00:00,3.1999999999999997
2022-07-16 11:30:00,3.0250000000000004
2022-07-16 12:00:00,2.8166666666666664
2022-07-16 12:30:00,2.766666666666667
2022-07-16 13:00:00,2.7516666666666665
2022-07-16 13:30:00,2.6533333333333333
2022-07-16 14:00:00,2.68
2022-07-16 14:30:00,2.7016666666666667
2022-07-16 15:00:00,2.735
2022-07-16 15:30:00,2.725
2022-07-16 16:00:00,2.733333333333333
2022-07-16 16:30:00,2.7616666666666667
2022-07-16 17:00:00,2.7133333333333334
2022-07-16 17:30:00,2.61
2022-07-16 18:00:00,2.6766666666666663
2022-07-16 18:30:00,2.6366666666666667
2022-07-16 19:00:00,2.595
2022-07-16 19:30:00,2.5833333333333335
2022-07-16 20:00:00,2.686666666666667
2022-07-16 20:30:00,2.5633333333333335
2022-07-16 21:00:00,2.685
2022-07-16 21:30:00,2.7466666666666666
2022-07-16 22:00:00,2.67
2022-07-16 22:30:00,2.6733333333333333
2022-07-16 23:00:00,3.0533333333333332
2022-07-16 23:30:00,2.8249999999999997
2022-07-17 00:00:00,2.845
2022-07-17 00:30:00,2.8800000000000003
2022-07-17 01:00:00,2.938333333333334
2022-07-17 01:30:00,2.766666666666667
2022-07-17 02:00:00,2.7449999999999997
2022-07-17 02:30:00,2.875
2022-07-17 03:00:00,11.878333333333332
2022-07-17 03:30:00,2.1766666666666667
2022-07-17 04:00:00,2.1533333333333333
2022-07-17 04:30:00,2.1433333333333335
2022-07-17 05:00:00,2.2266666666666666
2022-07-17 05:30:00,2.305
2022-07-17 06:00:00,2.3433333333333333
2022-07-17 06:30:00,2.515
2022-07-17 07:00:00,7.341666666666666
2022-07-17 07:30:00,1.4383333333333332
2022-07-17 08:00:00,1.5066666666666666
2022-07-17 08:30:00,1.54
2022-07-17 09:00:00,1.5433333333333332
2022-07-17 09:30:00,1.5516666666666667
2022-07-17 10:00:00,1.545
2022-07-17 10:30:00,1.5350000000000001
2022-07-17 11:00:00,1.5616666666666668
2022-07-17 11:30:00,1.5566666666666666
2022-07-17 12:00:00,9.214999999999998
2022-07-17 12:30:00,4.491666666666667
2022-07-17 13:00:00,2.646666666666667
2022-07-17 13:30:00,2.595
2022-07-17 14:00:00,2.655
2022-07-17 14:30:00,2.7483333333333335
2022-07-17 15:00:00,2.151666666666667
2022-07-17 15:30:00,2.115
2022-07-17 16:00:00,2.045
2022-07-17 16:30:00,1.9433333333333334
2022-07-17 17:00:00,1.8916666666666666
2022-07-17 17:30:00,1.89
2022-07-17 18:00:00,1.8633333333333333
2022-07-17 18:30:00,1.8616666666666666
2022-07-17 19:00:00,1.805
2022-07-17 19:30:00,1.8083333333333333
2022-07-17 20:00:00,1.7966666666666666
2022-07-17 20:30:00,1.8066666666666666
2022-07-17 21:00:00,1.8433333333333335
2022-07-17 21:30:00,1.8550000000000002
2022-07-17 22:00:00,1.8033333333333335
2022-07-17 22:30:00,1.781666666666667
2022-07-17 23:00:00,1.7766666666666666
2022-07-17 23:30:00,1.7566666666666668
2022-07-18 00:00:00,24.08333333333334
2022-07-18 00:30:00,174.1916666666667
2022-07-18 01:00:00,13.443333333333335
2022-07-18 01:30:00,2.9283333333333332
2022-07-18 02:00:00,2.8333333333333335
2022-07-18 02:30:00,2.6116666666666664
2022-07-18 03:00:00,2.565
2022-07-18 03:30:00,2.72
2022-07-18 04:00:00,2.5966666666666667
2022-07-18 04:30:00,2.3850000000000002
2022-07-18 05:00:00,2.345
2022-07-18 05:30:00,2.3033333333333332
2022-07-18 06:00:00,2.393333333333333
2022-07-18 06:30:00,2.506666666666667
2022-07-18 07:00:00,2.5166666666666666
2022-07-18 07:30:00,2.5016666666666665
2022-07-18 08:00:00,2.608333333333333
2022-07-18 08:30:00,2.591666666666667
2022-07-18 09:00:00,2.4383333333333335
2022-07-18 09:30:00,2.3783333333333334
2022-07-18 10:00:00,2.3716666666666666
2022-07-18 10:30:00,2.3583333333333334
2022-07-18 11:00:00,2.361666666666667
2022-07-18 11:30:00,2.395
2022-07-18 12:00:00,2.3833333333333333
2022-07-18 12:30:00,2.361666666666667
2022-07-18 13:00:00,2.3800000000000003
2022-07-18 13:30:00,2.395
2022-07-18 14:00:00,2.36
2022-07-18 14:30:00,2.345
2022-07-18 15:00:00,2.34
2022-07-18 15:30:00,2.3983333333333334
2022-07-18 16:00:00,2.4683333333333333
2022-07-18 16:30:00,2.485
2022-07-18 17:00:00,2.473333333333333
2022-07-18 17:30:00,2.5283333333333333
2022-07-18 18:00:00,2.513333333333333
2022-07-18 18:30:00,2.4966666666666666
2022-07-18 19:00:00,2.5
2022-07-18 19:30:00,2.565
2022-07-18 20:00:00,2.5500000000000003
2022-07-18 20:30:00,2.5516666666666663
2022-07-18 21:00:00,2.5733333333333333
2022-07-18 21:30:00,2.5866666666666664
2022-07-18 22:00:00,2.5566666666666666
2022-07-18 22:30:00,2.6483333333333334
2022-07-18 23:00:00,2.5500000000000003
2022-07-18 23:30:00,2.5533333333333332
2022-07-19 00:00:00,2.5766666666666667
2022-07-19 00:30:00,2.5100000000000002
2022-07-19 01:00:00,2.518333333333333
2022-07-19 01:30:00,2.473333333333333
2022-07-19 02:00:00,2.585
2022-07-19 02:30:00,2.5083333333333333
2022-07-19 03:00:00,2.5100000000000002
2022-07-19 03:30:00,2.6266666666666665
2022-07-19 04:00:00,2.6166666666666667
2022-07-19 04:30:00,2.638333333333333
2022-07-19 05:00:00,2.6083333333333334
2022-07-19 05:30:00,2.6733333333333333
2022-07-19 06:00:00,2.5833333333333335
2022-07-19 06:30:00,2.5766666666666667
2022-07-19 07:00:00,2.5416666666666665
2022-07-19 07:30:00,2.606666666666667
2022-07-19 08:00:00,2.69
2022-07-19 08:30:00,2.705
2022-07-19 09:00:00,2.706666666666667
2022-07-19 09:30:00,2.65
2022-07-19 10:00:00,2.63
2022-07-19 10:30:00,2.62
2022-07-19 11:00:00,2.7816666666666667
2022-07-19 11:30:00,2.6633333333333336
2022-07-19 12:00:00,2.611666666666667
2022-07-19 12:30:00,2.4933333333333336
2022-07-19 13:00:00,2.435
2022-07-19 13:30:00,2.3516666666666666
2022-07-19 14:00:00,2.4066666666666667
2022-07-19 14:30:00,2.3683333333333336
2022-07-19 15:00:00,2.42
2022-07-19 15:30:00,2.421666666666667
2022-07-19 16:00:00,2.688333333333333
2022-07-19 16:30:00,2.6616666666666666
2022-07-19 17:00:00,2.81
2022-07-19 17:30:00,2.686666666666667
2022-07-19 18:00:00,2.676666666666667
2022-07-19 18:30:00,2.6666666666666665
2022-07-19 19:00:00,2.8466666666666662
2022-07-19 19:30:00,2.6766666666666663
2022-07-19 20:00:00,2.6766666666666663
2022-07-19 20:30:00,2.7383333333333333
2022-07-19 21:00:00,2.685
2022-07-19 21:30:00,2.7883333333333336
2022-07-19 22:00:00,2.9116666666666666
2022-07-19 22:30:00,2.6933333333333334
2022-07-19 23:00:00,2.6733333333333333
2022-07-19 23:30:00,2.7216666666666662
2022-07-20 00:00:00,2.5833333333333335
2022-07-20 00:30:00,2.516666666666667
2022-07-20 01:00:00,2.486666666666667
2022-07-20 01:30:00,2.575
2022-07-20 02:00:00,2.4416666666666664
2022-07-20 02:30:00,2.4183333333333334
2022-07-20 03:00:00,2.56
2022-07-20 03:30:00,2.4233333333333333
2022-07-20 04:00:00,2.4433333333333334
2022-07-20 04:30:00,2.4483333333333337
2022-07-20 05:00:00,2.418333333333333
2022-07-20 05:30:00,2.7900000000000005
2022-07-20 06:00:00,2.6483333333333334
2022-07-20 06:30:00,2.7550000000000003
2022-07-20 07:00:00,2.7433333333333336
2022-07-20 07:30:00,2.858333333333333
2022-07-20 08:00:00,2.92
2022-07-20 08:30:00,2.86
2022-07-20 09:00:00,2.8866666666666667
2022-07-20 09:30:00,2.8166666666666664
2022-07-20 10:00:00,2.83
2022-07-20 10:30:00,2.845
2022-07-20 11:00:00,2.766666666666667
2022-07-20 11:30:00,2.715
2022-07-20 12:00:00,2.7416666666666667
2022-07-20 12:30:00,2.6983333333333337
2022-07-20 13:00:00,2.6966666666666668
2022-07-20 13:30:00,2.8783333333333334
2022-07-20 14:00:00,2.6966666666666668
2022-07-20 14:30:00,2.645
2022-07-20 15:00:00,2.7466666666666666
2022-07-20 15:30:00,2.683333333333333
2022-07-20 16:00:00,2.66
2022-07-20 16:30:00,2.6083333333333334
2022-07-20 17:00:00,2.685
2022-07-20 17:30:00,2.8316666666666666
2022-07-20 18:00:00,2.8983333333333334
2022-07-20 18:30:00,2.93
2022-07-20 19:00:00,2.9883333333333333
2022-07-20 19:30:00,2.9883333333333333
2022-07-20 20:00:00,2.9499999999999997
2022-07-20 20:30:00,2.8699999999999997
2022-07-20 21:00:00,2.9333333333333336
2022-07-20 21:30:00,2.9133333333333336
2022-07-20 22:00:00,2.8966666666666665
2022-07-20 22:30:00,2.8033333333333332
2022-07-20 23:00:00,2.888333333333333
2022-07-20 23:30:00,2.83
2022-07-21 00:00:00,2.78
2022-07-21 00:30:00,2.8049999999999997
2022-07-21 01:00:00,2.8699999999999997
2022-07-21 01:30:00,2.7216666666666662
2022-07-21 02:00:00,2.6983333333333337
2022-07-21 02:30:00,2.6566666666666667
2022-07-21 03:00:00,2.6183333333333336
2022-07-21 03:30:00,2.5716666666666668
2022-07-21 04:00:00,2.6416666666666666
2022-07-21 04:30:00,2.585
2022-07-21 05:00:00,2.716666666666667
2022-07-21 05:30:00,2.73
2022-07-21 06:00:00,2.891666666666667
2022-07-21 06:30:00,2.9250000000000003
2022-07-21 07:00:00,3.028333333333333
2022-07-21 07:30:00,3.018333333333333
2022-07-21 08:00:00,3.0749999999999997
2022-07-21 08:30:00,3.19
2022-07-21 09:00:00,3.2583333333333333
2022-07-21 09:30:00,3.28
2022-07-21 10:00:00,3.2416666666666667
2022-07-21 10:30:00,3.1783333333333332
2022-07-21 11:00:00,3.1383333333333336
2022-07-21 11:30:00,3.126666666666667
2022-07-21 12:00:00,3.14
2022-07-21 12:30:00,3.1233333333333335
2022-07-21 13:00:00,3.125
2022-07-21 13:30:00,3.123333333333333
2022-07-21 14:00:00,3.141666666666667
2022-07-21 14:30:00,3.111666666666667
2022-07-21 15:00:00,3.0850000000000004
2022-07-21 15:30:00,3.078333333333333
2022-07-21 16:00:00,3.061666666666667
2022-07-21 16:30:00,3.8516666666666666
2022-07-21 17:00:00,3.658333333333333
2022-07-21 17:30:00,3.8649999999999998
2022-07-21 18:00:00,3.723333333333333
2022-07-21 18:30:00,3.795
2022-07-21 19:00:00,3.848333333333333
2022-07-21 19:30:00,3.91
2022-07-21 20:00:00,3.7449999999999997
2022-07-21 20:30:00,3.736666666666667
2022-07-21 21:00:00,3.611666666666667
2022-07-21 21:30:00,3.6750000000000003
2022-07-21 22:00:00,3.561666666666666
2022-07-21 22:30:00,3.5066666666666664
2022-07-21 23:00:00,3.5566666666666666
2022-07-21 23:30:00,3.393333333333333
2022-07-22 00:00:00,3.3250000000000006
2022-07-22 00:30:00,3.3066666666666666
2022-07-22 01:00:00,3.2116666666666664
2022-07-22 01:30:00,3.1649999999999996
2022-07-22 02:00:00,3.03
2022-07-22 02:30:00,2.8983333333333334
2022-07-22 03:00:00,2.9233333333333333
2022-07-22 03:30:00,2.8366666666666664
2022-07-22 04:00:00,2.8083333333333336
2022-07-22 04:30:00,2.845
2022-07-22 05:00:00,2.83
2022-07-22 05:30:00,2.9133333333333336
2022-07-22 06:00:00,2.908333333333333
2022-07-22 06:30:00,3.0549999999999997
2022-07-22 07:00:00,3.125
2022-07-22 07:30:00,3.1166666666666667
2022-07-22 08:00:00,3.375
2022-07-22 08:30:00,3.72
2022-07-22 09:00:00,3.3216666666666668
2022-07-22 09:30:00,3.268333333333333
2022-07-22 10:00:00,3.2083333333333335
2022-07-22 10:30:00,3.3233333333333337
2022-07-22 11:00:00,3.145
2022-07-22 11:30:00,3.06
2022-07-22 12:00:00,3.205
2022-07-22 12:30:00,3.108333333333333
2022-07-22 13:00:00,3.106666666666667
2022-07-22 13:30:00,3.1166666666666667
2022-07-22 14:00:00,3.215
2022-07-22 14:30:00,3.098333333333333
2022-07-22 15:00:00,3.106666666666667
2022-07-22 15:30:00,3.475
2022-07-22 16:00:00,3.1983333333333337
2022-07-22 16:30:00,3.3216666666666668
2022-07-22 17:00:00,3.6166666666666667
2022-07-22 17:30:00,4.036666666666667
2022-07-22 18:00:00,3.8850000000000002
2022-07-22 18:30:00,3.8033333333333332
2022-07-22 19:00:00,3.813333333333333
2022-07-22 19:30:00,4.676666666666667
2022-07-22 20:00:00,3.92
2022-07-22 20:30:00,3.6183333333333336
2022-07-22 21:00:00,3.56
2022-07-22 21:30:00,3.4949999999999997
2022-07-22 22:00:00,3.3683333333333336
2022-07-22 22:30:00,3.328333333333333
2022-07-22 23:00:00,3.5933333333333333
2022-07-22 23:30:00,3.3266666666666667
2022-07-23 00:00:00,3.366666666666667
2022-07-23 00:30:00,3.4133333333333336
2022-07-23 01:00:00,3.3083333333333336
2022-07-23 01:30:00,3.3983333333333334
2022-07-23 02:00:00,3.3083333333333336
2022-07-23 02:30:00,3.27
2022-07-23 03:00:00,3.22
2022-07-23 03:30:00,3.235
2022-07-23 04:00:00,3.233333333333333
2022-07-23 04:30:00,3.3066666666666666
2022-07-23 05:00:00,3.141666666666667
2022-07-23 05:30:00,3.3683333333333336
2022-07-23 06:00:00,3.233333333333333
2022-07-23 06:30:00,3.3716666666666666
2022-07-23 07:00:00,3.5400000000000005
2022-07-23 07:30:00,3.6016666666666666
2022-07-23 08:00:00,3.563333333333333
2022-07-23 08:30:00,3.555
2022-07-23 09:00:00,3.4883333333333333
2022-07-23 09:30:00,3.765
2022-07-23 10:00:00,3.5033333333333334
2022-07-23 10:30:00,5.161666666666666
2022-07-23 11:00:00,2.845
2022-07-23 11:30:00,2.6083333333333334
2022-07-23 12:00:00,2.67
2022-07-23 12:30:00,2.7783333333333338
2022-07-23 13:00:00,2.61
2022-07-23 13:30:00,2.618333333333333
2022-07-23 14:00:00,2.8033333333333332
2022-07-23 14:30:00,2.6083333333333334
2022-07-23 15:00:00,2.6350000000000002
2022-07-23 15:30:00,2.7816666666666663
2022-07-23 16:00:00,2.643333333333333
2022-07-23 16:30:00,2.6733333333333333
2022-07-23 17:00:00,2.936666666666666
2022-07-23 17:30:00,2.785
2022-07-23 18:00:00,2.725
2022-07-23 18:30:00,2.813333333333334
2022-07-23 19:00:00,2.676666666666667
2022-07-23 19:30:00,2.6999999999999997
2022-07-23 20:00:00,2.9133333333333336
2022-07-23 20:30:00,2.7283333333333335
2022-07-23 21:00:00,2.665
2022-07-23 21:30:00,2.7550000000000003
2022-07-23 22:00:00,2.5749999999999997
2022-07-23 22:30:00,2.6366666666666667
2022-07-23 23:00:00,2.5966666666666667
2022-07-23 23:30:00,2.5066666666666664
2022-07-24 00:00:00,2.591666666666667
2022-07-24 00:30:00,2.638333333333333
2022-07-24 01:00:00,2.53
2022-07-24 01:30:00,2.47
2022-07-24 02:00:00,2.6533333333333333
2022-07-24 02:30:00,2.381666666666667
2022-07-24 03:00:00,2.375
2022-07-24 03:30:00,2.436666666666667
2022-07-24 04:00:00,2.408333333333333
2022-07-24 04:30:00,2.3699999999999997
2022-07-24 05:00:00,2.4316666666666666
2022-07-24 05:30:00,2.4183333333333334
2022-07-24 06:00:00,2.591666666666667
2022-07-24 06:30:00,2.5483333333333333
2022-07-24 07:00:00,2.7899999999999996
2022-07-24 07:30:00,2.5816666666666666
2022-07-24 08:00:00,2.6933333333333334
2022-07-24 08:30:00,2.7533333333333334
2022-07-24 09:00:00,2.65
2022-07-24 09:30:00,2.7583333333333333
2022-07-24 10:00:00,2.615
2022-07-24 10:30:00,2.535
2022-07-24 11:00:00,2.5483333333333333
2022-07-24 11:30:00,2.8066666666666666
2022-07-24 12:00:00,2.7283333333333335
2022-07-24 12:30:00,2.54
2022-07-24 13:00:00,2.5866666666666664
2022-07-24 13:30:00,2.705
2022-07-24 14:00:00,2.6416666666666666
2022-07-24 14:30:00,2.5766666666666667
2022-07-24 15:00:00,2.783333333333333
2022-07-24 15:30:00,2.6183333333333336
2022-07-24 16:00:00,2.605
2022-07-24 16:30:00,3.5666666666666664
2022-07-24 17:00:00,2.78
2022-07-24 17:30:00,2.6833333333333336
2022-07-24 18:00:00,2.7083333333333335
2022-07-24 18:30:00,2.725
2022-07-24 19:00:00,2.601666666666667
2022-07-24 19:30:00,2.5633333333333335
2022-07-24 20:00:00,2.6933333333333334
2022-07-24 20:30:00,2.5616666666666665
2022-07-24 21:00:00,2.6833333333333336
2022-07-24 21:30:00,2.785
2022-07-24 22:00:00,2.6416666666666666
2022-07-24 22:30:00,2.6016666666666666
2022-07-24 23:00:00,2.7416666666666667
2022-07-24 23:30:00,2.58
2022-07-25 00:00:00,2.54
2022-07-25 00:30:00,2.691666666666667
2022-07-25 01:00:00,202.96666666666667
2022-07-25 01:30:00,123.295
2022-07-25 02:00:00,5.319999999999999
2022-07-25 02:30:00,3.775
2022-07-25 03:00:00,4.146666666666667
2022-07-25 03:30:00,3.36
2022-07-25 04:00:00,3.33
2022-07-25 04:30:00,3.236666666666667
2022-07-25 05:00:00,3.0383333333333336
2022-07-25 05:30:00,2.8350000000000004
2022-07-25 06:00:00,2.8383333333333334
2022-07-25 06:30:00,2.7016666666666667
2022-07-25 07:00:00,2.75
2022-07-25 07:30:00,2.766666666666666
2022-07-25 08:00:00,2.8966666666666665
2022-07-25 08:30:00,2.9966666666666666
2022-07-25 09:00:00,3.033333333333333
2022-07-25 09:30:00,3.3733333333333335
2022-07-25 10:00:00,3.105
2022-07-25 10:30:00,2.9516666666666667
2022-07-25 11:00:00,2.905
2022-07-25 11:30:00,2.795
2022-07-25 12:00:00,2.7733333333333334
2022-07-25 12:30:00,2.7383333333333333
2022-07-25 13:00:00,2.7983333333333333
2022-07-25 13:30:00,2.8249999999999997
2022-07-25 14:00:00,2.731666666666667
2022-07-25 14:30:00,2.7133333333333334
2022-07-25 15:00:00,2.8283333333333336
2022-07-25 15:30:00,2.966666666666667
2022-07-25 16:00:00,2.7566666666666664
2022-07-25 16:30:00,2.92
2022-07-25 17:00:00,3.205
2022-07-25 17:30:00,2.9116666666666666
2022-07-25 18:00:00,2.9483333333333337
2022-07-25 18:30:00,3.16
2022-07-25 19:00:00,3.015
2022-07-25 19:30:00,2.9433333333333334
2022-07-25 20:00:00,2.895
2022-07-25 20:30:00,2.8333333333333335
2022-07-25 21:00:00,2.91
2022-07-25 21:30:00,2.9116666666666666
2022-07-25 22:00:00,2.935
2022-07-25 22:30:00,2.9883333333333333
2022-07-25 23:00:00,2.91
2022-07-25 23:30:00,2.8766666666666665
2022-07-26 00:00:00,2.9783333333333335
2022-07-26 00:30:00,2.861666666666667
2022-07-26 01:00:00,2.9
2022-07-26 01:30:00,2.8633333333333333
2022-07-26 02:00:00,3.03
2022-07-26 02:30:00,2.893333333333333
2022-07-26 03:00:00,2.9466666666666668
2022-07-26 03:30:00,2.9466666666666668
2022-07-26 04:00:00,2.8883333333333336
2022-07-26 04:30:00,2.845
2022-07-26 05:00:00,2.876666666666667
2022-07-26 05:30:00,3.026666666666667
2022-07-26 06:00:00,2.918333333333333
2022-07-26 06:30:00,3.013333333333333
2022-07-26 07:00:00,3.176666666666667
2022-07-26 07:30:00,3.1666666666666665
2022-07-26 08:00:00,3.2183333333333333
2022-07-26 08:30:00,3.2016666666666667
2022-07-26 09:00:00,3.268333333333333
2022-07-26 09:30:00,3.375
2022-07-26 10:00:00,3.715
2022-07-26 10:30:00,3.763333333333333
2022-07-26 11:00:00,3.7116666666666664
2022-07-26 11:30:00,3.1466666666666665
2022-07-26 12:00:00,3.2616666666666667
2022-07-26 12:30:00,3.0933333333333337
2022-07-26 13:00:00,2.9433333333333334
2022-07-26 13:30:00,2.9450000000000003
2022-07-26 14:00:00,2.97
2022-07-26 14:30:00,2.9250000000000003
2022-07-26 15:00:00,2.94
2022-07-26 15:30:00,3.0416666666666665
2022-07-26 16:00:00,2.8383333333333334
2022-07-26 16:30:00,3.0483333333333333
2022-07-26 17:00:00,3.215
2022-07-26 17:30:00,3.0533333333333332
2022-07-26 18:00:00,3.06
2022-07-26 18:30:00,3.2399999999999998
2022-07-26 19:00:00,3.1483333333333334
2022-07-26 19:30:00,2.9633333333333334
2022-07-26 20:00:00,2.908333333333333
2022-07-26 20:30:00,3.03
2022-07-26 21:00:00,2.901666666666667
2022-07-26 21:30:00,2.953333333333333
2022-07-26 22:00:00,3.045
2022-07-26 22:30:00,2.8216666666666668
2022-07-26 23:00:00,2.7416666666666667
2022-07-26 23:30:00,2.6483333333333334
2022-07-27 00:00:00,2.7383333333333333
2022-07-27 00:30:00,2.6783333333333332
2022-07-27 01:00:00,2.6350000000000002
2022-07-27 01:30:00,2.7583333333333333
2022-07-27 02:00:00,2.606666666666667
2022-07-27 02:30:00,2.611666666666667
2022-07-27 03:00:00,2.6799999999999997
2022-07-27 03:30:00,2.6316666666666664
2022-07-27 04:00:00,2.63
2022-07-27 04:30:00,2.776666666666667
2022-07-27 05:00:00,2.5749999999999997
2022-07-27 05:30:00,2.605
2022-07-27 06:00:00,2.686666666666667
2022-07-27 06:30:00,2.61
2022-07-27 07:00:00,2.5966666666666667
2022-07-27 07:30:00,2.5916666666666663
2022-07-27 08:00:00,3.0566666666666666
2022-07-27 08:30:00,3.0216666666666665
2022-07-27 09:00:00,3.0233333333333334
2022-07-27 09:30:00,3.061666666666667
2022-07-27 10:00:00,3.045
2022-07-27 10:30:00,3.0083333333333333
2022-07-27 11:00:00,3.018333333333333
2022-07-27 11:30:00,3.033333333333333
2022-07-27 12:00:00,3.043333333333333
2022-07-27 12:30:00,3.096666666666667
2022-07-27 13:00:00,3.0716666666666668
2022-07-27 13:30:00,3.216666666666667
2022-07-27 14:00:00,3.06
2022-07-27 14:30:00,3.0700000000000003
2022-07-27 15:00:00,3.1133333333333333
2022-07-27 15:30:00,3.1483333333333334
2022-07-27 16:00:00,3.021666666666667
2022-07-27 16:30:00,3.0416666666666665
2022-07-27 17:00:00,2.89
2022-07-27 17:30:00,2.8266666666666667
2022-07-27 18:00:00,2.8383333333333334
2022-07-27 18:30:00,2.831666666666667
2022-07-27 19:00:00,2.8183333333333334
2022-07-27 19:30:00,2.8200000000000003
2022-07-27 20:00:00,2.9466666666666668
2022-07-27 20:30:00,2.9616666666666664
2022-07-27 21:00:00,3.0
2022-07-27 21:30:00,3.1016666666666666
2022-07-27 22:00:00,3.18
2022-07-27 22:30:00,3.1183333333333336
2022-07-27 23:00:00,3.1366666666666667
2022-07-27 23:30:00,3.1166666666666667
2022-07-28 00:00:00,3.063333333333333
2022-07-28 00:30:00,3.0316666666666667
2022-07-28 01:00:00,3.0500000000000003
2022-07-28 01:30:00,2.9949999999999997
2022-07-28 02:00:00,2.965
2022-07-28 02:30:00,2.948333333333333
2022-07-28 03:00:00,2.92
2022-07-28 03:30:00,2.83
2022-07-28 04:00:00,2.75
2022-07-28 04:30:00,2.7899999999999996
2022-07-28 05:00:00,2.735
2022-07-28 05:30:00,2.7116666666666664
2022-07-28 06:00:00,2.8066666666666666
2022-07-28 06:30:00,2.841666666666667
2022-07-28 07:00:00,2.775
2022-07-28 07:30:00,2.8200000000000003
2022-07-28 08:00:00,2.9599999999999995
2022-07-28 08:30:00,2.9916666666666667
2022-07-28 09:00:00,3.0116666666666667
2022-07-28 09:30:00,3.0733333333333337
2022-07-28 10:00:00,3.013333333333333
2022-07-28 10:30:00,3.065
2022-07-28 11:00:00,3.02
2022-07-28 11:30:00,3.0033333333333334
2022-07-28 12:00:00,2.9633333333333334
2022-07-28 12:30:00,2.8966666666666665
2022-07-28 13:00:00,2.8733333333333335
2022-07-28 13:30:00,2.7983333333333333
2022-07-28 14:00:00,2.7733333333333334
2022-07-28 14:30:00,2.8233333333333337
2022-07-28 15:00:00,2.6733333333333333
2022-07-28 15:30:00,2.5633333333333335
2022-07-28 16:00:00,2.6199999999999997
2022-07-28 16:30:00,2.5683333333333334
2022-07-28 17:00:00,2.5716666666666668
2022-07-28 17:30:00,2.5716666666666668
2022-07-28 18:00:00,2.733333333333333
2022-07-28 18:30:00,2.5966666666666662
2022-07-28 19:00:00,2.8033333333333332
2022-07-28 19:30:00,2.9683333333333333
2022-07-28 20:00:00,2.938333333333334
2022-07-28 20:30:00,2.8949999999999996
2022-07-28 21:00:00,2.9483333333333337
2022-07-28 21:30:00,2.9599999999999995
2022-07-28 22:00:00,2.7733333333333334
2022-07-28 22:30:00,2.6616666666666666
2022-07-28 23:00:00,2.6999999999999997
2022-07-28 23:30:00,2.6366666666666667
2022-07-29 00:00:00,2.671666666666667
2022-07-29 00:30:00,2.605
2022-07-29 01:00:00,2.64
2022-07-29 01:30:00,2.585
2022-07-29 02:00:00,2.7083333333333335
2022-07-29 02:30:00,2.586666666666667
2022-07-29 03:00:00,2.635
2022-07-29 03:30:00,2.5916666666666663
2022-07-29 04:00:00,2.6166666666666667
2022-07-29 04:30:00,2.5483333333333333
2022-07-29 05:00:00,2.603333333333333
2022-07-29 05:30:00,2.5500000000000003
2022-07-29 06:00:00,2.646666666666667
2022-07-29 06:30:00,2.6316666666666664
2022-07-29 07:00:00,2.6750000000000003
2022-07-29 07:30:00,2.671666666666667
2022-07-29 08:00:00,2.736666666666667
2022-07-29 08:30:00,2.658333333333333
2022-07-29 09:00:00,2.7416666666666667
2022-07-29 09:30:00,2.7616666666666667
2022-07-29 10:00:00,2.8666666666666667
2022-07-29 10:30:00,3.0549999999999997
2022-07-29 11:00:00,2.9583333333333335
2022-07-29 11:30:00,2.888333333333333
2022-07-29 12:00:00,3.1166666666666667
2022-07-29 12:30:00,2.9166666666666665
2022-07-29 13:00:00,2.8666666666666667
2022-07-29 13:30:00,2.8866666666666667
2022-07-29 14:00:00,2.8466666666666662
2022-07-29 14:30:00,2.7633333333333336
2022-07-29 15:00:00,2.6833333333333336
2022-07-29 15:30:00,2.776666666666667
2022-07-29 16:00:00,2.7183333333333333
2022-07-29 16:30:00,2.705
2022-07-29 17:00:00,3.1533333333333338
2022-07-29 17:30:00,2.6133333333333333
2022-07-29 18:00:00,2.655
2022-07-29 18:30:00,2.561666666666667
2022-07-29 19:00:00,3.14
2022-07-29 19:30:00,5.045
2022-07-29 20:00:00,1.985
2022-07-29 20:30:00,1.925
2022-07-29 21:00:00,1.9933333333333334
2022-07-29 21:30:00,1.985
2022-07-29 22:00:00,2.0283333333333333
2022-07-29 22:30:00,2.0516666666666663
2022-07-29 23:00:00,6.620000000000001
2022-07-29 23:30:00,3.106666666666667
2022-07-30 00:00:00,2.966666666666667
2022-07-30 00:30:00,2.901666666666667
2022-07-30 01:00:00,2.9033333333333338
2022-07-30 01:30:00,2.8649999999999998
2022-07-30 02:00:00,2.7750000000000004
2022-07-30 02:30:00,2.7733333333333334
2022-07-30 03:00:00,2.8666666666666667
2022-07-30 03:30:00,2.783333333333333
2022-07-30 04:00:00,2.7533333333333334
2022-07-30 04:30:00,2.7566666666666664
2022-07-30 05:00:00,2.6933333333333334
2022-07-30 05:30:00,2.558333333333333
2022-07-30 06:00:00,2.64
2022-07-30 06:30:00,2.626666666666667
2022-07-30 07:00:00,2.605
2022-07-30 07:30:00,2.62
2022-07-30 08:00:00,2.6933333333333334
2022-07-30 08:30:00,2.5683333333333334
2022-07-30 09:00:00,2.591666666666667
2022-07-30 09:30:00,2.7533333333333334
2022-07-30 10:00:00,2.671666666666667
2022-07-30 10:30:00,2.6950000000000003
2022-07-30 11:00:00,2.8016666666666663
2022-07-30 11:30:00,2.8716666666666666
2022-07-30 12:00:00,2.891666666666667
2022-07-30 12:30:00,2.908333333333333
2022-07-30 13:00:00,2.9299999999999997
2022-07-30 13:30:00,2.938333333333333
2022-07-30 14:00:00,2.94
2022-07-30 14:30:00,2.9966666666666666
2022-07-30 15:00:00,2.921666666666667
2022-07-30 15:30:00,2.938333333333333
2022-07-30 16:00:00,2.858333333333333
2022-07-30 16:30:00,2.9633333333333334
2022-07-30 17:00:00,2.8983333333333334
2022-07-30 17:30:00,2.8166666666666664
2022-07-30 18:00:00,2.86
2022-07-30 18:30:00,2.736666666666667
2022-07-30 19:00:00,2.785
2022-07-30 19:30:00,2.78
2022-07-30 20:00:00,2.8833333333333333
2022-07-30 20:30:00,2.9133333333333336
2022-07-30 21:00:00,3.03
2022-07-30 21:30:00,3.098333333333333
2022-07-30 22:00:00,3.0450000000000004
2022-07-30 22:30:00,2.9166666666666665
2022-07-30 23:00:00,2.8249999999999997
2022-07-30 23:30:00,2.8466666666666662
2022-07-31 00:00:00,2.775
2022-07-31 00:30:00,2.9483333333333337
2022-07-31 01:00:00,2.815
2022-07-31 01:30:00,2.8383333333333334
2022-07-31 02:00:00,2.7816666666666663
2022-07-31 02:30:00,2.8166666666666664
2022-07-31 03:00:00,2.7816666666666667
2022-07-31 03:30:00,2.8699999999999997
2022-07-31 04:00:00,2.75
2022-07-31 04:30:00,2.7616666666666667
2022-07-31 05:00:00,2.815
2022-07-31 05:30:00,2.7383333333333333
2022-07-31 06:00:00,2.765
2022-07-31 06:30:00,2.8033333333333332
2022-07-31 07:00:00,2.9316666666666666
2022-07-31 07:30:00,2.6833333333333336
2022-07-31 08:00:00,3.5316666666666663
2022-07-31 08:30:00,4.948333333333333
2022-07-31 09:00:00,4.5616666666666665
2022-07-31 09:30:00,5.3933333333333335
2022-07-31 10:00:00,2.1149999999999998
2022-07-31 10:30:00,2.1566666666666667
2022-07-31 11:00:00,2.186666666666667
2022-07-31 11:30:00,2.19
2022-07-31 12:00:00,2.2100000000000004
2022-07-31 12:30:00,2.216666666666667
2022-07-31 13:00:00,2.2449999999999997
2022-07-31 13:30:00,2.1816666666666666
2022-07-31 14:00:00,2.1633333333333336
2022-07-31 14:30:00,2.1083333333333334
2022-07-31 15:00:00,2.1216666666666666
2022-07-31 15:30:00,4.703333333333333
2022-07-31 16:00:00,3.441666666666667
2022-07-31 16:30:00,2.9883333333333333
2022-07-31 17:00:00,2.716666666666667
2022-07-31 17:30:00,2.658333333333333
2022-07-31 18:00:00,2.671666666666667
2022-07-31 18:30:00,2.5383333333333336
2022-07-31 19:00:00,2.5066666666666664
2022-07-31 19:30:00,2.4383333333333335
2022-07-31 20:00:00,2.4499999999999997
2022-07-31 20:30:00,2.4566666666666666
2022-07-31 21:00:00,2.545
2022-07-31 21:30:00,2.6933333333333334
2022-07-31 22:00:00,2.7466666666666666
2022-07-31 22:30:00,2.77
2022-07-31 23:00:00,2.69
2022-07-31 23:30:00,2.6483333333333334
2022-08-01 00:00:00,2.5833333333333335
2022-08-01 00:30:00,2.5016666666666665
2022-08-01 01:00:00,2.566666666666667
2022-08-01 01:30:00,2.4983333333333335
2022-08-01 02:00:00,2.6133333333333333
2022-08-01 02:30:00,2.705
2022-08-01 03:00:00,2.485
2022-08-01 03:30:00,2.42
2022-08-01 04:00:00,2.4566666666666666
2022-08-01 04:30:00,2.465
2022-08-01 05:00:00,2.405
2022-08-01 05:30:00,2.4533333333333336
2022-08-01 06:00:00,2.4883333333333333
2022-08-01 06:30:00,2.506666666666667
2022-08-01 07:00:00,2.475
2022-08-01 07:30:00,2.525
2022-08-01 08:00:00,2.5283333333333333
2022-08-01 08:30:00,2.565
2022-08-01 09:00:00,2.566666666666667
2022-08-01 09:30:00,2.7983333333333333
2022-08-01 10:00:00,2.7083333333333335
2022-08-01 10:30:00,2.685
2022-08-01 11:00:00,2.7016666666666667
2022-08-01 11:30:00,2.6983333333333337
2022-08-01 12:00:00,2.635
2022-08-01 12:30:00,2.6183333333333336
2022-08-01 13:00:00,2.6833333333333336
2022-08-01 13:30:00,2.518333333333333
2022-08-01 14:00:00,2.483333333333333
2022-08-01 14:30:00,2.4783333333333335
2022-08-01 15:00:00,2.52
2022-08-01 15:30:00,2.565
2022-08-01 16:00:00,2.4583333333333335
2022-08-01 16:30:00,2.5366666666666666
2022-08-01 17:00:00,2.52
2022-08-01 17:30:00,2.4633333333333334
2022-08-01 18:00:00,2.4983333333333335
2022-08-01 18:30:00,2.466666666666667
2022-08-01 19:00:00,2.4066666666666667
2022-08-01 19:30:00,2.435
2022-08-01 20:00:00,2.395
2022-08-01 20:30:00,2.3733333333333335
2022-08-01 21:00:00,2.3983333333333334
2022-08-01 21:30:00,2.388333333333333
2022-08-01 22:00:00,2.3433333333333333
2022-08-01 22:30:00,2.348333333333333
2022-08-01 23:00:00,2.365
2022-08-01 23:30:00,2.3066666666666666
2022-08-02 00:00:00,2.305
2022-08-02 00:30:00,2.2933333333333334
2022-08-02 01:00:00,2.311666666666667
2022-08-02 01:30:00,2.305
2022-08-02 02:00:00,2.32
2022-08-02 02:30:00,2.3433333333333333
2022-08-02 03:00:00,2.3433333333333333
2022-08-02 03:30:00,2.341666666666667
2022-08-02 04:00:00,2.3283333333333336
2022-08-02 04:30:00,2.33
2022-08-02 05:00:00,2.32
2022-08-02 05:30:00,2.3316666666666666
2022-08-02 06:00:00,2.3366666666666664
2022-08-02 06:30:00,2.3583333333333334
2022-08-02 07:00:00,2.3416666666666663
2022-08-02 07:30:00,2.355
2022-08-02 08:00:00,2.355
2022-08-02 08:30:00,2.35
2022-08-02 09:00:00,2.388333333333333
2022-08-02 09:30:00,2.38
2022-08-02 10:00:00,2.3716666666666666
2022-08-02 10:30:00,2.4183333333333334
2022-08-02 11:00:00,2.3716666666666666
2022-08-02 11:30:00,2.365
2022-08-02 12:00:00,2.3516666666666666
2022-08-02 12:30:00,2.35
2022-08-02 13:00:00,2.311666666666667
2022-08-02 13:30:00,2.34
2022-08-02 14:00:00,2.455
2022-08-02 14:30:00,2.3866666666666667
2022-08-02 15:00:00,2.445
2022-08-02 15:30:00,2.4633333333333334
2022-08-02 16:00:00,2.555
2022-08-02 16:30:00,2.515
2022-08-02 17:00:00,2.4583333333333335
2022-08-02 17:30:00,2.4183333333333334
2022-08-02 18:00:00,2.4483333333333337
2022-08-02 18:30:00,2.465
2022-08-02 19:00:00,2.4233333333333333
2022-08-02 19:30:00,2.4516666666666667
2022-08-02 20:00:00,2.4683333333333333
2022-08-02 20:30:00,2.4683333333333333
2022-08-02 21:00:00,2.5100000000000002
2022-08-02 21:30:00,2.5083333333333333
2022-08-02 22:00:00,2.5116666666666667
2022-08-02 22:30:00,2.4966666666666666
2022-08-02 23:00:00,2.505
2022-08-02 23:30:00,2.41
2022-08-03 00:00:00,2.4316666666666666
2022-08-03 00:30:00,2.42
2022-08-03 01:00:00,2.4116666666666666
2022-08-03 01:30:00,2.3633333333333333
2022-08-03 02:00:00,2.356666666666667
2022-08-03 02:30:00,2.3433333333333333
2022-08-03 03:00:00,2.31
2022-08-03 03:30:00,2.3316666666666666
2022-08-03 04:00:00,2.3033333333333332
2022-08-03 04:30:00,2.3183333333333334
2022-08-03 05:00:00,2.3016666666666663
2022-08-03 05:30:00,2.3000000000000003
2022-08-03 06:00:00,2.34
2022-08-03 06:30:00,2.348333333333333
2022-08-03 07:00:00,2.3316666666666666
2022-08-03 07:30:00,2.2783333333333333
2022-08-03 08:00:00,2.3649999999999998
2022-08-03 08:30:00,2.435
2022-08-03 09:00:00,2.3716666666666666
2022-08-03 09:30:00,2.3516666666666666
2022-08-03 10:00:00,2.43
2022-08-03 10:30:00,2.3466666666666667
2022-08-03 11:00:00,2.3183333333333334
2022-08-03 11:30:00,2.311666666666667
2022-08-03 12:00:00,2.3033333333333332
2022-08-03 12:30:00,2.243333333333333
2022-08-03 13:00:00,2.2616666666666667
2022-08-03 13:30:00,2.3066666666666666
2022-08-03 14:00:00,2.328333333333333
2022-08-03 14:30:00,2.315
2022-08-03 15:00:00,2.2883333333333336
2022-08-03 15:30:00,2.32
2022-08-03 16:00:00,2.285
2022-08-03 16:30:00,2.3366666666666664
2022-08-03 17:00:00,2.2783333333333333
2022-08-03 17:30:00,2.2566666666666664
2022-08-03 18:00:00,2.25
2022-08-03 18:30:00,2.2516666666666665
2022-08-03 19:00:00,2.2083333333333335
2022-08-03 19:30:00,2.2516666666666665
2022-08-03 20:00:00,2.283333333333333
2022-08-03 20:30:00,2.35
2022-08-03 21:00:00,2.5933333333333333
2022-08-03 21:30:00,2.4183333333333334
2022-08-03 22:00:00,2.3983333333333334
2022-08-03 22:30:00,2.4033333333333333
2022-08-03 23:00:00,2.5749999999999997
2022-08-03 23:30:00,2.265
2022-08-04 00:00:00,2.3249999999999997
2022-08-04 00:30:00,2.29
2022-08-04 01:00:00,2.2716666666666665
2022-08-04 01:30:00,2.215
2022-08-04 02:00:00,2.16
2022-08-04 02:30:00,2.1566666666666667
2022-08-04 03:00:00,2.123333333333333
2022-08-04 03:30:00,2.1366666666666667
2022-08-04 04:00:00,2.14
2022-08-04 04:30:00,2.1566666666666667
2022-08-04 05:00:00,2.1283333333333334
2022-08-04 05:30:00,2.13
2022-08-04 06:00:00,2.106666666666667
2022-08-04 06:30:00,2.1750000000000003
2022-08-04 07:00:00,2.1566666666666667
2022-08-04 07:30:00,2.195
2022-08-04 08:00:00,2.3116666666666665
2022-08-04 08:30:00,2.2883333333333336
2022-08-04 09:00:00,2.2933333333333334
2022-08-04 09:30:00,2.275
2022-08-04 10:00:00,2.2983333333333333
2022-08-04 10:30:00,2.34
2022-08-04 11:00:00,2.28
2022-08-04 11:30:00,2.2783333333333333
2022-08-04 12:00:00,2.3366666666666664
2022-08-04 12:30:00,2.335
2022-08-04 13:00:00,2.276666666666667
2022-08-04 13:30:00,2.2583333333333333
2022-08-04 14:00:00,2.2266666666666666
2022-08-04 14:30:00,2.226666666666667
2022-08-04 15:00:00,2.23
2022-08-04 15:30:00,2.223333333333333
2022-08-04 16:00:00,2.188333333333333
2022-08-04 16:30:00,2.2016666666666667
2022-08-04 17:00:00,2.33
2022-08-04 17:30:00,2.216666666666667
2022-08-04 18:00:00,2.1599999999999997
2022-08-04 18:30:00,2.1683333333333334
2022-08-04 19:00:00,2.1333333333333333
2022-08-04 19:30:00,2.185
2022-08-04 20:00:00,2.1566666666666667
2022-08-04 20:30:00,2.1616666666666666
2022-08-04 21:00:00,2.1350000000000002
2022-08-04 21:30:00,2.1933333333333334
2022-08-04 22:00:00,2.1483333333333334
2022-08-04 22:30:00,2.09
2022-08-04 23:00:00,2.1016666666666666
2022-08-04 23:30:00,2.0233333333333334
2022-08-05 00:00:00,2.06
2022-08-05 00:30:00,2.098333333333333
2022-08-05 01:00:00,2.145
2022-08-05 01:30:00,2.1999999999999997
2022-08-05 02:00:00,2.311666666666667
2022-08-05 02:30:00,2.3249999999999997
2022-08-05 03:00:00,2.3633333333333333
2022-08-05 03:30:00,2.3466666666666667
2022-08-05 04:00:00,2.3466666666666667
2022-08-05 04:30:00,2.375
2022-08-05 05:00:00,2.3866666666666667
2022-08-05 05:30:00,2.4616666666666664
2022-08-05 06:00:00,2.4933333333333336
2022-08-05 06:30:00,2.518333333333333
2022-08-05 07:00:00,2.5283333333333333
2022-08-05 07:30:00,2.5500000000000003
2022-08-05 08:00:00,2.5966666666666667
2022-08-05 08:30:00,2.5933333333333333
2022-08-05 09:00:00,2.7366666666666664
2022-08-05 09:30:00,2.665
2022-08-05 10:00:00,2.725
2022-08-05 10:30:00,2.8433333333333333
2022-08-05 11:00:00,2.7283333333333335
2022-08-05 11:30:00,2.6566666666666667
2022-08-05 12:00:00,2.686666666666667
2022-08-05 12:30:00,2.643333333333333
2022-08-05 13:00:00,2.706666666666667
2022-08-05 13:30:00,2.8083333333333336
2022-08-05 14:00:00,2.8666666666666667
2022-08-05 14:30:00,2.8016666666666663
2022-08-05 15:00:00,2.8616666666666664
2022-08-05 15:30:00,2.875
2022-08-05 16:00:00,2.811666666666667
2022-08-05 16:30:00,2.81
2022-08-05 17:00:00,2.8833333333333333
2022-08-05 17:30:00,2.895
2022-08-05 18:00:00,2.776666666666667
2022-08-05 18:30:00,2.7883333333333336
2022-08-05 19:00:00,2.786666666666667
2022-08-05 19:30:00,2.7900000000000005
2022-08-05 20:00:00,2.7733333333333334
2022-08-05 20:30:00,2.7300000000000004
2022-08-05 21:00:00,2.8949999999999996
2022-08-05 21:30:00,2.9233333333333333
2022-08-05 22:00:00,2.973333333333333
2022-08-05 22:30:00,2.89
2022-08-05 23:00:00,2.9883333333333333
2022-08-05 23:30:00,3.606666666666667
2022-08-06 00:00:00,62.080000000000005
2022-08-06 00:30:00,1.985
2022-08-06 01:00:00,3.6649999999999996
2022-08-06 01:30:00,1.3683333333333334
2022-08-06 02:00:00,1.3533333333333335
2022-08-06 02:30:00,1.3366666666666667
2022-08-06 03:00:00,1.32
2022-08-06 03:30:00,1.3316666666666668
2022-08-06 04:00:00,1.3466666666666667
2022-08-06 04:30:00,1.3166666666666667
2022-08-06 05:00:00,1.3133333333333335
2022-08-06 05:30:00,1.3083333333333333
2022-08-06 06:00:00,1.3316666666666668
2022-08-06 06:30:00,1.305
2022-08-06 07:00:00,1.3483333333333334
2022-08-06 07:30:00,1.285
2022-08-06 08:00:00,1.3166666666666667
2022-08-06 08:30:00,1.3633333333333333
2022-08-06 09:00:00,1.3883333333333334
2022-08-06 09:30:00,1.4766666666666666
2022-08-06 10:00:00,1.4716666666666667
2022-08-06 10:30:00,1.385
2022-08-06 11:00:00,1.4649999999999999
2022-08-06 11:30:00,1.4783333333333335
2022-08-06 12:00:00,1.3983333333333334
2022-08-06 12:30:00,1.3866666666666667
2022-08-06 13:00:00,1.3833333333333335
2022-08-06 13:30:00,1.3666666666666665
2022-08-06 14:00:00,1.3549999999999998
2022-08-06 14:30:00,1.3566666666666667
2022-08-06 15:00:00,1.3366666666666667
2022-08-06 15:30:00,1.345
2022-08-06 16:00:00,1.425
2022-08-06 16:30:00,1.62
2022-08-06 17:00:00,1.3366666666666667
2022-08-06 17:30:00,1.3733333333333333
2022-08-06 18:00:00,1.3516666666666666
2022-08-06 18:30:00,1.3316666666666668
2022-08-06 19:00:00,1.3533333333333333
2022-08-06 19:30:00,1.3966666666666667
2022-08-06 20:00:00,1.4016666666666666
2022-08-06 20:30:00,1.42
2022-08-06 21:00:00,1.4349999999999998
2022-08-06 21:30:00,1.505
2022-08-06 22:00:00,1.47
2022-08-06 22:30:00,1.4433333333333334
2022-08-06 23:00:00,1.5233333333333334
2022-08-06 23:30:00,1.5266666666666666
2022-08-07 00:00:00,1.5033333333333332
2022-08-07 00:30:00,1.5566666666666666
2022-08-07 01:00:00,1.4800000000000002
2022-08-07 01:30:00,1.5033333333333332
2022-08-07 02:00:00,1.4683333333333335
2022-08-07 02:30:00,1.49
2022-08-07 03:00:00,1.4800000000000002
2022-08-07 03:30:00,1.5016666666666667
2022-08-07 04:00:00,1.4799999999999998
2022-08-07 04:30:00,1.5099999999999998
2022-08-07 05:00:00,1.5133333333333334
2022-08-07 05:30:00,1.5466666666666666
2022-08-07 06:00:00,1.5650000000000002
2022-08-07 06:30:00,1.6066666666666667
2022-08-07 07:00:00,1.5300000000000002
2022-08-07 07:30:00,1.535
2022-08-07 08:00:00,1.5416666666666667
2022-08-07 08:30:00,1.5666666666666664
2022-08-07 09:00:00,1.5633333333333332
2022-08-07 09:30:00,1.545
2022-08-07 10:00:00,1.5350000000000001
2022-08-07 10:30:00,1.46
2022-08-07 11:00:00,1.375
2022-08-07 11:30:00,1.4166666666666667
2022-08-07 12:00:00,1.4216666666666669
2022-08-07 12:30:00,1.4083333333333332
2022-08-07 13:00:00,1.3966666666666667
2022-08-07 13:30:00,1.425
2022-08-07 14:00:00,1.4183333333333332
2022-08-07 14:30:00,1.54
2022-08-07 15:00:00,1.4083333333333332
2022-08-07 15:30:00,1.6683333333333332
2022-08-07 16:00:00,1.3866666666666667
2022-08-07 16:30:00,1.5016666666666667
2022-08-07 17:00:00,1.4400000000000002
2022-08-07 17:30:00,1.6016666666666666
2022-08-07 18:00:00,1.4400000000000002
2022-08-07 18:30:00,1.43
2022-08-07 19:00:00,1.4383333333333332
2022-08-07 19:30:00,1.5283333333333333
2022-08-07 20:00:00,1.4900000000000002
2022-08-07 20:30:00,1.468333333333333
2022-08-07 21:00:00,1.5666666666666667
2022-08-07 21:30:00,1.5283333333333333
2022-08-07 22:00:00,1.5033333333333332
2022-08-07 22:30:00,1.2966666666666666
2022-08-07 23:00:00,1.3366666666666667
2022-08-07 23:30:00,1.3033333333333335
2022-08-08 00:00:00,1.33
2022-08-08 00:30:00,1.32
2022-08-08 01:00:00,1.3766666666666667
2022-08-08 01:30:00,1.3316666666666668
2022-08-08 02:00:00,1.3550000000000002
2022-08-08 02:30:00,90.09499999999998
2022-08-08 03:00:00,7.96
2022-08-08 03:30:00,4.825
2022-08-08 04:00:00,4.426666666666667
2022-08-08 04:30:00,3.9266666666666663
2022-08-08 05:00:00,3.6750000000000003
2022-08-08 05:30:00,3.5050000000000003
2022-08-08 06:00:00,2.76
2022-08-08 06:30:00,2.316666666666667
2022-08-08 07:00:00,2.3583333333333334
2022-08-08 07:30:00,2.2266666666666666
2022-08-08 08:00:00,2.3916666666666666
2022-08-08 08:30:00,2.436666666666667
2022-08-08 09:00:00,2.455
2022-08-08 09:30:00,2.43
2022-08-08 10:00:00,2.4833333333333334
2022-08-08 10:30:00,2.368333333333333
2022-08-08 11:00:00,2.4683333333333333
2022-08-08 11:30:00,2.395
2022-08-08 12:00:00,2.355
2022-08-08 12:30:00,2.4316666666666666
2022-08-08 13:00:00,2.6933333333333334
2022-08-08 13:30:00,2.5366666666666666
2022-08-08 14:00:00,2.533333333333333
2022-08-08 14:30:00,2.5883333333333334
2022-08-08 15:00:00,2.5433333333333334
2022-08-08 15:30:00,2.445
2022-08-08 16:00:00,2.5
2022-08-08 16:30:00,2.64
2022-08-08 17:00:00,2.438333333333333
2022-08-08 17:30:00,2.405
2022-08-08 18:00:00,2.59
2022-08-08 18:30:00,2.2983333333333333
2022-08-08 19:00:00,2.3266666666666667
2022-08-08 19:30:00,2.2383333333333333
2022-08-08 20:00:00,2.2566666666666664
2022-08-08 20:30:00,2.1616666666666666
2022-08-08 21:00:00,2.29
2022-08-08 21:30:00,2.188333333333333
2022-08-08 22:00:00,2.2066666666666666
2022-08-08 22:30:00,2.191666666666667
2022-08-08 23:00:00,2.4366666666666665
2022-08-08 23:30:00,2.1716666666666664
2022-08-09 00:00:00,2.315
2022-08-09 00:30:00,2.3183333333333334
2022-08-09 01:00:00,2.3249999999999997
2022-08-09 01:30:00,2.3016666666666667
2022-08-09 02:00:00,2.3733333333333335
2022-08-09 02:30:00,2.395
2022-08-09 03:00:00,2.435
2022-08-09 03:30:00,2.4133333333333336
2022-08-09 04:00:00,2.4883333333333333
2022-08-09 04:30:00,2.4716666666666667
2022-08-09 05:00:00,2.465
2022-08-09 05:30:00,2.44
2022-08-09 06:00:00,2.5366666666666666
2022-08-09 06:30:00,2.5066666666666664
2022-08-09 07:00:00,2.4933333333333336
2022-08-09 07:30:00,2.4816666666666665
2022-08-09 08:00:00,2.6133333333333333
2022-08-09 08:30:00,2.43
2022-08-09 09:00:00,2.3716666666666666
2022-08-09 09:30:00,2.4716666666666667
2022-08-09 10:00:00,2.516666666666667
2022-08-09 10:30:00,2.4216666666666664
2022-08-09 11:00:00,2.4466666666666668
2022-08-09 11:30:00,2.445
2022-08-09 12:00:00,2.473333333333333
2022-08-09 12:30:00,2.4683333333333333
2022-08-09 13:00:00,2.5816666666666666
2022-08-09 13:30:00,2.4483333333333333
2022-08-09 14:00:00,2.4066666666666667
2022-08-09 14:30:00,2.39
2022-08-09 15:00:00,2.42
2022-08-09 15:30:00,2.4983333333333335
2022-08-09 16:00:00,2.5633333333333335
2022-08-09 16:30:00,2.5966666666666667
2022-08-09 17:00:00,2.64
2022-08-09 17:30:00,2.611666666666667
2022-08-09 18:00:00,2.6366666666666663
2022-08-09 18:30:00,2.5716666666666668
2022-08-09 19:00:00,2.5566666666666666
2022-08-09 19:30:00,2.5233333333333334
2022-08-09 20:00:00,2.4933333333333336
2022-08-09 20:30:00,2.5500000000000003
2022-08-09 21:00:00,2.6283333333333334
2022-08-09 21:30:00,2.591666666666667
2022-08-09 22:00:00,2.5816666666666666
2022-08-09 22:30:00,2.6283333333333334
2022-08-09 23:00:00,2.735
2022-08-09 23:30:00,2.433333333333333
2022-08-10 00:00:00,2.3683333333333336
2022-08-10 00:30:00,2.305
2022-08-10 01:00:00,2.2583333333333333
2022-08-10 01:30:00,2.235
2022-08-10 02:00:00,2.2616666666666667
2022-08-10 02:30:00,2.2583333333333333
2022-08-10 03:00:00,2.275
2022-08-10 03:30:00,2.2483333333333335
2022-08-10 04:00:00,2.33
2022-08-10 04:30:00,2.283333333333333
2022-08-10 05:00:00,2.223333333333333
2022-08-10 05:30:00,2.235
2022-08-10 06:00:00,2.2533333333333334
2022-08-10 06:30:00,2.263333333333333
2022-08-10 07:00:00,2.23
2022-08-10 07:30:00,2.225
2022-08-10 08:00:00,2.22
2022-08-10 08:30:00,2.3383333333333334
2022-08-10 09:00:00,2.215
2022-08-10 09:30:00,2.22
2022-08-10 10:00:00,2.171666666666667
2022-08-10 10:30:00,2.138333333333333
2022-08-10 11:00:00,2.1416666666666666
2022-08-10 11:30:00,2.14
2022-08-10 12:00:00,2.1683333333333334
2022-08-10 12:30:00,2.17
2022-08-10 13:00:00,2.1616666666666666
2022-08-10 13:30:00,2.085
2022-08-10 14:00:00,2.111666666666667
2022-08-10 14:30:00,2.11
2022-08-10 15:00:00,2.195
2022-08-10 15:30:00,2.2333333333333334
2022-08-10 16:00:00,2.2183333333333333
2022-08-10 16:30:00,2.1350000000000002
2022-08-10 17:00:00,2.1333333333333333
2022-08-10 17:30:00,2.158333333333333
2022-08-10 18:00:00,2.2383333333333333
2022-08-10 18:30:00,2.2266666666666666
2022-08-10 19:00:00,2.191666666666667
2022-08-10 19:30:00,2.0066666666666664
2022-08-10 20:00:00,1.9516666666666669
2022-08-10 20:30:00,2.025
2022-08-10 21:00:00,2.033333333333333
2022-08-10 21:30:00,2.103333333333333
2022-08-10 22:00:00,2.1350000000000002
2022-08-10 22:30:00,2.151666666666667
2022-08-10 23:00:00,2.1616666666666666
2022-08-10 23:30:00,2.1999999999999997
2022-08-11 00:00:00,2.2033333333333336
2022-08-11 00:30:00,2.29
2022-08-11 01:00:00,2.2616666666666667
2022-08-11 01:30:00,2.37
2022-08-11 02:00:00,2.421666666666667
2022-08-11 02:30:00,2.5183333333333335
2022-08-11 03:00:00,2.48
2022-08-11 03:30:00,2.4983333333333335
2022-08-11 04:00:00,2.4783333333333335
2022-08-11 04:30:00,2.5283333333333333
2022-08-11 05:00:00,2.4916666666666667
2022-08-11 05:30:00,2.545
2022-08-11 06:00:00,2.5
2022-08-11 06:30:00,2.515
2022-08-11 07:00:00,2.4633333333333334
2022-08-11 07:30:00,2.4166666666666665
2022-08-11 08:00:00,2.4233333333333333
2022-08-11 08:30:00,2.6
2022-08-11 09:00:00,2.345
2022-08-11 09:30:00,2.401666666666667
2022-08-11 10:00:00,2.3916666666666666
2022-08-11 10:30:00,2.3633333333333333
2022-08-11 11:00:00,2.3383333333333334
2022-08-11 11:30:00,2.341666666666667
2022-08-11 12:00:00,2.35
2022-08-11 12:30:00,2.3666666666666667
2022-08-11 13:00:00,2.3716666666666666
2022-08-11 13:30:00,2.3783333333333334
2022-08-11 14:00:00,2.3816666666666664
2022-08-11 14:30:00,2.3916666666666666
2022-08-11 15:00:00,2.4066666666666667
2022-08-11 15:30:00,2.486666666666667
2022-08-11 16:00:00,2.3683333333333336
2022-08-11 16:30:00,2.3583333333333334
2022-08-11 17:00:00,2.393333333333333
2022-08-11 17:30:00,2.345
2022-08-11 18:00:00,2.3283333333333336
2022-08-11 18:30:00,2.276666666666667
2022-08-11 19:00:00,2.1266666666666665
2022-08-11 19:30:00,2.1816666666666666
2022-08-11 20:00:00,2.283333333333333
2022-08-11 20:30:00,2.2516666666666665
2022-08-11 21:00:00,2.3066666666666666
2022-08-11 21:30:00,2.3866666666666667
2022-08-11 22:00:00,2.3983333333333334
2022-08-11 22:30:00,2.3216666666666668
2022-08-11 23:00:00,2.2783333333333333
2022-08-11 23:30:00,2.276666666666667
2022-08-12 00:00:00,2.2483333333333335
2022-08-12 00:30:00,2.255
2022-08-12 01:00:00,2.231666666666667
2022-08-12 01:30:00,2.255
2022-08-12 02:00:00,2.2083333333333335
2022-08-12 02:30:00,2.216666666666667
2022-08-12 03:00:00,2.1783333333333332
2022-08-12 03:30:00,2.185
2022-08-12 04:00:00,2.1616666666666666
2022-08-12 04:30:00,2.18
2022-08-12 05:00:00,2.1816666666666666
2022-08-12 05:30:00,2.195
2022-08-12 06:00:00,2.223333333333333
2022-08-12 06:30:00,2.27
2022-08-12 07:00:00,2.2483333333333335
2022-08-12 07:30:00,2.308333333333333
2022-08-12 08:00:00,2.2733333333333334
2022-08-12 08:30:00,2.335
2022-08-12 09:00:00,2.39
2022-08-12 09:30:00,2.316666666666667
2022-08-12 10:00:00,2.283333333333333
2022-08-12 10:30:00,2.3366666666666664
2022-08-12 11:00:00,2.3816666666666664
2022-08-12 11:30:00,2.3266666666666667
2022-08-12 12:00:00,2.3249999999999997
2022-08-12 12:30:00,2.34
2022-08-12 13:00:00,2.3516666666666666
2022-08-12 13:30:00,2.348333333333333
2022-08-12 14:00:00,2.3366666666666664
2022-08-12 14:30:00,2.3766666666666665
2022-08-12 15:00:00,2.3783333333333334
2022-08-12 15:30:00,2.5316666666666667
2022-08-12 16:00:00,2.4183333333333334
2022-08-12 16:30:00,2.4633333333333334
2022-08-12 17:00:00,2.5050000000000003
2022-08-12 17:30:00,2.5566666666666666
2022-08-12 18:00:00,2.6133333333333333
2022-08-12 18:30:00,2.5616666666666665
2022-08-12 19:00:00,2.5
2022-08-12 19:30:00,2.388333333333333
2022-08-12 20:00:00,2.408333333333333
2022-08-12 20:30:00,2.3516666666666666
2022-08-12 21:00:00,2.3366666666666664
2022-08-12 21:30:00,2.3216666666666668
2022-08-12 22:00:00,2.435
2022-08-12 22:30:00,2.486666666666667
2022-08-12 23:00:00,2.6999999999999997
2022-08-12 23:30:00,3.4583333333333335
2022-08-13 00:00:00,6.258333333333333
2022-08-13 00:30:00,97.885
2022-08-13 01:00:00,1.45
2022-08-13 01:30:00,1.4533333333333331
2022-08-13 02:00:00,1.4883333333333333
2022-08-13 02:30:00,1.4933333333333334
2022-08-13 03:00:00,1.5133333333333334
2022-08-13 03:30:00,1.5333333333333332
2022-08-13 04:00:00,1.5466666666666666
2022-08-13 04:30:00,1.5533333333333335
2022-08-13 05:00:00,1.5599999999999998
2022-08-13 05:30:00,1.54
2022-08-13 06:00:00,1.62
2022-08-13 06:30:00,1.625
2022-08-13 07:00:00,1.5716666666666665
2022-08-13 07:30:00,1.5733333333333333
2022-08-13 08:00:00,1.5766666666666664
2022-08-13 08:30:00,1.5133333333333334
2022-08-13 09:00:00,1.5250000000000001
2022-08-13 09:30:00,1.4933333333333334
2022-08-13 10:00:00,1.6883333333333332
2022-08-13 10:30:00,1.5416666666666667
2022-08-13 11:00:00,1.5116666666666667
2022-08-13 11:30:00,1.4233333333333331
2022-08-13 12:00:00,1.45
2022-08-13 12:30:00,1.3983333333333334
2022-08-13 13:00:00,1.3950000000000002
2022-08-13 13:30:00,1.5283333333333333
2022-08-13 14:00:00,1.4716666666666667
2022-08-13 14:30:00,1.47
2022-08-13 15:00:00,1.4749999999999999
2022-08-13 15:30:00,1.5083333333333335
2022-08-13 16:00:00,1.4816666666666667
2022-08-13 16:30:00,1.575
2022-08-13 17:00:00,1.6316666666666666
2022-08-13 17:30:00,1.5533333333333335
2022-08-13 18:00:00,1.5350000000000001
2022-08-13 18:30:00,1.455
2022-08-13 19:00:00,1.5
2022-08-13 19:30:00,1.4983333333333333
2022-08-13 20:00:00,1.5133333333333334
2022-08-13 20:30:00,1.5716666666666665
2022-08-13 21:00:00,1.5916666666666668
2022-08-13 21:30:00,1.6466666666666665
2022-08-13 22:00:00,1.6733333333333331
2022-08-13 22:30:00,1.5999999999999999
2022-08-13 23:00:00,1.655
2022-08-13 23:30:00,1.55
2022-08-14 00:00:00,1.5483333333333331
2022-08-14 00:30:00,1.5583333333333333
2022-08-14 01:00:00,1.6483333333333334
2022-08-14 01:30:00,1.6266666666666667
2022-08-14 02:00:00,1.42
2022-08-14 02:30:00,1.5016666666666667
2022-08-14 03:00:00,1.4983333333333333
2022-08-14 03:30:00,1.4916666666666665
2022-08-14 04:00:00,1.4833333333333332
2022-08-14 04:30:00,1.4733333333333334
2022-08-14 05:00:00,1.4466666666666665
2022-08-14 05:30:00,1.4833333333333334
2022-08-14 06:00:00,1.5650000000000002
2022-08-14 06:30:00,1.5966666666666667
2022-08-14 07:00:00,1.5333333333333332
2022-08-14 07:30:00,1.5566666666666666
2022-08-14 08:00:00,1.6133333333333333
2022-08-14 08:30:00,1.5816666666666668
2022-08-14 09:00:00,1.5966666666666667
2022-08-14 09:30:00,1.6283333333333332
2022-08-14 10:00:00,1.5866666666666667
2022-08-14 10:30:00,1.5483333333333331
2022-08-14 11:00:00,1.5066666666666668
2022-08-14 11:30:00,1.4966666666666668
2022-08-14 12:00:00,1.515
2022-08-14 12:30:00,1.5416666666666667
2022-08-14 13:00:00,1.61
2022-08-14 13:30:00,1.4866666666666666
2022-08-14 14:00:00,1.455
2022-08-14 14:30:00,1.4266666666666667
2022-08-14 15:00:00,1.4766666666666666
2022-08-14 15:30:00,1.4783333333333333
2022-08-14 16:00:00,1.515
2022-08-14 16:30:00,1.6583333333333332
2022-08-14 17:00:00,1.6066666666666667
2022-08-14 17:30:00,1.615
2022-08-14 18:00:00,1.5733333333333333
2022-08-14 18:30:00,1.5316666666666665
2022-08-14 19:00:00,1.5483333333333331
2022-08-14 19:30:00,1.54
2022-08-14 20:00:00,1.5366666666666668
2022-08-14 20:30:00,1.5866666666666667
2022-08-14 21:00:00,1.595
2022-08-14 21:30:00,1.6616666666666664
2022-08-14 22:00:00,1.63
2022-08-14 22:30:00,1.7300000000000002
2022-08-14 23:00:00,1.6016666666666666
2022-08-14 23:30:00,1.5250000000000001
2022-08-15 00:00:00,1.5566666666666666
2022-08-15 00:30:00,1.5416666666666667
2022-08-15 01:00:00,1.4966666666666668
2022-08-15 01:30:00,1.5166666666666666
2022-08-15 02:00:00,1.5133333333333334
2022-08-15 02:30:00,1.5283333333333333
2022-08-15 03:00:00,1.5216666666666665
2022-08-15 03:30:00,1.5583333333333333
2022-08-15 04:00:00,1.53
2022-08-15 04:30:00,1.5416666666666667
2022-08-15 05:00:00,1.5666666666666667
2022-08-15 05:30:00,1.5883333333333332
2022-08-15 06:00:00,1.6783333333333335
2022-08-15 06:30:00,1.7449999999999999
2022-08-15 07:00:00,1.7066666666666668
2022-08-15 07:30:00,1.635
2022-08-15 08:00:00,1.6483333333333334
2022-08-15 08:30:00,1.6266666666666667
2022-08-15 09:00:00,1.5899999999999999
2022-08-15 09:30:00,1.5716666666666665
2022-08-15 10:00:00,1.5433333333333332
2022-08-15 10:30:00,1.5383333333333333
2022-08-15 11:00:00,1.4766666666666666
2022-08-15 11:30:00,1.4733333333333334
2022-08-15 12:00:00,1.47
2022-08-15 12:30:00,1.46
2022-08-15 13:00:00,1.4316666666666666
2022-08-15 13:30:00,1.4816666666666667
2022-08-15 14:00:00,1.54
2022-08-15 14:30:00,1.4166666666666667
2022-08-15 15:00:00,1.4000000000000001
2022-08-15 15:30:00,1.365
2022-08-15 16:00:00,1.4616666666666667
2022-08-15 16:30:00,1.4216666666666666
2022-08-15 17:00:00,1.3499999999999999
2022-08-15 17:30:00,1.3716666666666668
2022-08-15 18:00:00,1.3033333333333335
2022-08-15 18:30:00,1.365
2022-08-15 19:00:00,1.285
2022-08-15 19:30:00,1.3133333333333332
2022-08-15 20:00:00,1.4100000000000001
2022-08-15 20:30:00,1.3116666666666668
2022-08-15 21:00:00,1.3499999999999999
2022-08-15 21:30:00,1.3983333333333334
2022-08-15 22:00:00,1.4383333333333332
2022-08-15 22:30:00,1.4616666666666667
2022-08-15 23:00:00,1.3916666666666666
2022-08-15 23:30:00,1.3783333333333332
2022-08-16 00:00:00,1.3950000000000002
2022-08-16 00:30:00,1.3866666666666667
2022-08-16 01:00:00,1.38
2022-08-16 01:30:00,1.39
2022-08-16 02:00:00,1.3916666666666666
2022-08-16 02:30:00,69.235
2022-08-16 03:00:00,5.285
2022-08-16 03:30:00,5.038333333333333
2022-08-16 04:00:00,4.138333333333333
2022-08-16 04:30:00,3.7699999999999996
2022-08-16 05:00:00,3.6316666666666664
2022-08-16 05:30:00,3.5483333333333333
2022-08-16 06:00:00,2.9600000000000004
2022-08-16 06:30:00,2.495
2022-08-16 07:00:00,2.3666666666666667
2022-08-16 07:30:00,2.3866666666666667
2022-08-16 08:00:00,2.3833333333333333
2022-08-16 08:30:00,2.5883333333333334
2022-08-16 09:00:00,2.4966666666666666
2022-08-16 09:30:00,2.5683333333333334
2022-08-16 10:00:00,2.513333333333333
2022-08-16 10:30:00,2.5766666666666667
2022-08-16 11:00:00,2.5483333333333333
2022-08-16 11:30:00,2.5233333333333334
2022-08-16 12:00:00,2.606666666666667
2022-08-16 12:30:00,2.5866666666666664
2022-08-16 13:00:00,2.6183333333333336
2022-08-16 13:30:00,2.7083333333333335
2022-08-16 14:00:00,2.5466666666666664
2022-08-16 14:30:00,2.5083333333333333
2022-08-16 15:00:00,2.47
2022-08-16 15:30:00,2.598333333333333
2022-08-16 16:00:00,2.555
2022-08-16 16:30:00,2.5483333333333333
2022-08-16 17:00:00,2.7983333333333333
2022-08-16 17:30:00,2.731666666666667
2022-08-16 18:00:00,2.5383333333333336
2022-08-16 18:30:00,2.355
2022-08-16 19:00:00,2.3316666666666666
2022-08-16 19:30:00,2.315
2022-08-16 20:00:00,2.255
2022-08-16 20:30:00,2.2416666666666667
2022-08-16 21:00:00,2.265
2022-08-16 21:30:00,2.2533333333333334
2022-08-16 22:00:00,2.33
2022-08-16 22:30:00,2.2883333333333336
2022-08-16 23:00:00,2.2716666666666665
2022-08-16 23:30:00,2.245
2022-08-17 00:00:00,2.2216666666666667
2022-08-17 00:30:00,2.19
2022-08-17 01:00:00,2.203333333333333
2022-08-17 01:30:00,2.151666666666667
2022-08-17 02:00:00,2.1816666666666666
2022-08-17 02:30:00,2.15
2022-08-17 03:00:00,2.18
2022-08-17 03:30:00,2.1633333333333336
2022-08-17 04:00:00,2.1966666666666668
2022-08-17 04:30:00,2.17
2022-08-17 05:00:00,2.2283333333333335
2022-08-17 05:30:00,2.231666666666667
2022-08-17 06:00:00,2.3016666666666663
2022-08-17 06:30:00,2.3283333333333336
2022-08-17 07:00:00,2.29
2022-08-17 07:30:00,2.3033333333333332
2022-08-17 08:00:00,2.58
2022-08-17 08:30:00,2.3183333333333334
2022-08-17 09:00:00,2.3533333333333335
2022-08-17 09:30:00,2.305
2022-08-17 10:00:00,2.5100000000000002
2022-08-17 10:30:00,2.3466666666666667
2022-08-17 11:00:00,2.393333333333333
2022-08-17 11:30:00,2.3783333333333334
2022-08-17 12:00:00,2.3816666666666664
2022-08-17 12:30:00,2.3649999999999998
2022-08-17 13:00:00,2.395
2022-08-17 13:30:00,2.401666666666667
2022-08-17 14:00:00,2.43
2022-08-17 14:30:00,2.4033333333333333
2022-08-17 15:00:00,2.525
2022-08-17 15:30:00,2.5500000000000003
2022-08-17 16:00:00,2.445
2022-08-17 16:30:00,2.355
2022-08-17 17:00:00,2.3633333333333333
2022-08-17 17:30:00,2.236666666666667
2022-08-17 18:00:00,2.2449999999999997
2022-08-17 18:30:00,2.2016666666666667
2022-08-17 19:00:00,2.185
2022-08-17 19:30:00,2.1783333333333332
2022-08-17 20:00:00,2.2416666666666667
2022-08-17 20:30:00,2.25
2022-08-17 21:00:00,2.3699999999999997
2022-08-17 21:30:00,2.3833333333333333
2022-08-17 22:00:00,2.2183333333333333
2022-08-17 22:30:00,2.225
2022-08-17 23:00:00,2.225
2022-08-17 23:30:00,2.2383333333333333
2022-08-18 00:00:00,25.016666666666666
2022-08-18 00:30:00,1.7516666666666667
2022-08-18 01:00:00,1.6566666666666665
2022-08-18 01:30:00,1.7233333333333334
2022-08-18 02:00:00,1.7133333333333332
2022-08-18 02:30:00,1.6616666666666664
2022-08-18 03:00:00,1.6633333333333333
2022-08-18 03:30:00,1.6683333333333332
2022-08-18 04:00:00,1.665
2022-08-18 04:30:00,1.6766666666666667
2022-08-18 05:00:00,1.695
2022-08-18 05:30:00,1.7016666666666669
2022-08-18 06:00:00,1.7666666666666668
2022-08-18 06:30:00,1.82
2022-08-18 07:00:00,1.7750000000000001
2022-08-18 07:30:00,1.7883333333333333
2022-08-18 08:00:00,1.72
2022-08-18 08:30:00,1.7483333333333333
2022-08-18 09:00:00,1.7916666666666667
2022-08-18 09:30:00,1.7183333333333335
2022-08-18 10:00:00,1.6900000000000002
2022-08-18 10:30:00,1.6966666666666665
2022-08-18 11:00:00,1.795
2022-08-18 11:30:00,1.8550000000000002
2022-08-18 12:00:00,1.8833333333333335
2022-08-18 12:30:00,1.8316666666666668
2022-08-18 13:00:00,1.8
2022-08-18 13:30:00,1.7866666666666668
2022-08-18 14:00:00,1.765
2022-08-18 14:30:00,1.7766666666666666
2022-08-18 15:00:00,1.805
2022-08-18 15:30:00,1.8566666666666667
2022-08-18 16:00:00,1.9916666666666665
2022-08-18 16:30:00,1.8099999999999998
2022-08-18 17:00:00,1.5650000000000002
2022-08-18 17:30:00,1.6116666666666666
2022-08-18 18:00:00,1.68
2022-08-18 18:30:00,1.665
2022-08-18 19:00:00,1.6283333333333332
2022-08-18 19:30:00,1.6466666666666665
2022-08-18 20:00:00,1.6316666666666666
2022-08-18 20:30:00,1.64
2022-08-18 21:00:00,1.68
2022-08-18 21:30:00,1.7249999999999999
2022-08-18 22:00:00,1.6849999999999998
2022-08-18 22:30:00,1.6566666666666665
2022-08-18 23:00:00,1.6566666666666665
2022-08-18 23:30:00,1.6216666666666668
2022-08-19 00:00:00,1.6283333333333332
2022-08-19 00:30:00,1.63
2022-08-19 01:00:00,1.6116666666666666
2022-08-19 01:30:00,1.62
2022-08-19 02:00:00,1.6133333333333333
2022-08-19 02:30:00,1.64
2022-08-19 03:00:00,1.6233333333333333
2022-08-19 03:30:00,1.6416666666666666
2022-08-19 04:00:00,1.6383333333333334
2022-08-19 04:30:00,1.6683333333333332
2022-08-19 05:00:00,1.6533333333333333
2022-08-19 05:30:00,1.6583333333333332
2022-08-19 06:00:00,1.72
2022-08-19 06:30:00,1.7766666666666666
2022-08-19 07:00:00,1.7216666666666667
2022-08-19 07:30:00,1.7149999999999999
2022-08-19 08:00:00,1.7316666666666667
2022-08-19 08:30:00,1.695
2022-08-19 09:00:00,1.7066666666666668
2022-08-19 09:30:00,1.7866666666666668
2022-08-19 10:00:00,1.705
2022-08-19 10:30:00,1.7633333333333334
2022-08-19 11:00:00,1.8766666666666667
2022-08-19 11:30:00,1.6416666666666666
2022-08-19 12:00:00,1.5683333333333334
2022-08-19 12:30:00,1.6583333333333332
2022-08-19 13:00:00,3.5016666666666665
2022-08-19 13:30:00,5.11
2022-08-19 14:00:00,1.8316666666666668
2022-08-19 14:30:00,1.633333333333333
2022-08-19 15:00:00,1.5999999999999999
2022-08-19 15:30:00,1.5816666666666668
2022-08-19 16:00:00,1.5650000000000002
2022-08-19 16:30:00,1.61
2022-08-19 17:00:00,1.6116666666666666
2022-08-19 17:30:00,1.5833333333333333
2022-08-19 18:00:00,1.6083333333333334
2022-08-19 18:30:00,1.6199999999999999
2022-08-19 19:00:00,1.5716666666666665
2022-08-19 19:30:00,1.6316666666666666
2022-08-19 20:00:00,1.63
2022-08-19 20:30:00,1.6466666666666667
2022-08-19 21:00:00,1.6600000000000001
2022-08-19 21:30:00,1.6933333333333334
2022-08-19 22:00:00,1.6849999999999998
2022-08-19 22:30:00,1.7033333333333334
2022-08-19 23:00:00,1.7166666666666668
2022-08-19 23:30:00,1.7966666666666666
2022-08-20 00:00:00,1.87
2022-08-20 00:30:00,2.1
2022-08-20 01:00:00,5.071666666666666
2022-08-20 01:30:00,1.3616666666666666
2022-08-20 02:00:00,1.343333333333333
2022-08-20 02:30:00,1.3733333333333333
2022-08-20 03:00:00,1.3566666666666667
2022-08-20 03:30:00,1.3683333333333334
2022-08-20 04:00:00,1.3399999999999999
2022-08-20 04:30:00,1.3716666666666668
2022-08-20 05:00:00,1.3533333333333335
2022-08-20 05:30:00,1.3866666666666667
2022-08-20 06:00:00,1.5116666666666667
2022-08-20 06:30:00,1.5266666666666666
2022-08-20 07:00:00,1.375
2022-08-20 07:30:00,1.4066666666666665
2022-08-20 08:00:00,1.4133333333333333
2022-08-20 08:30:00,1.4216666666666669
2022-08-20 09:00:00,1.4866666666666666
2022-08-20 09:30:00,1.4033333333333333
2022-08-20 10:00:00,1.45
2022-08-20 10:30:00,1.43
2022-08-20 11:00:00,1.3983333333333334
2022-08-20 11:30:00,1.3766666666666667
2022-08-20 12:00:00,1.3566666666666667
2022-08-20 12:30:00,1.3566666666666667
2022-08-20 13:00:00,1.3399999999999999
2022-08-20 13:30:00,1.3499999999999999
2022-08-20 14:00:00,1.3383333333333332
2022-08-20 14:30:00,1.345
2022-08-20 15:00:00,1.3516666666666666
2022-08-20 15:30:00,1.3433333333333335
2022-08-20 16:00:00,1.4799999999999998
2022-08-20 16:30:00,1.4883333333333333
2022-08-20 17:00:00,1.3783333333333332
2022-08-20 17:30:00,1.3466666666666667
2022-08-20 18:00:00,1.3666666666666665
2022-08-20 18:30:00,1.335
2022-08-20 19:00:00,1.34
2022-08-20 19:30:00,1.4933333333333334
2022-08-20 20:00:00,1.4366666666666668
2022-08-20 20:30:00,1.4400000000000002
2022-08-20 21:00:00,1.51
2022-08-20 21:30:00,1.5383333333333333
2022-08-20 22:00:00,1.5133333333333334
2022-08-20 22:30:00,1.4116666666666668
2022-08-20 23:00:00,1.43
2022-08-20 23:30:00,1.3816666666666666
2022-08-21 00:00:00,1.3883333333333334
2022-08-21 00:30:00,1.3733333333333333
2022-08-21 01:00:00,1.36
2022-08-21 01:30:00,1.3499999999999999
2022-08-21 02:00:00,1.3566666666666667
2022-08-21 02:30:00,1.3466666666666667
2022-08-21 03:00:00,1.3733333333333333
2022-08-21 03:30:00,1.3566666666666667
2022-08-21 04:00:00,1.3616666666666666
2022-08-21 04:30:00,1.3516666666666666
2022-08-21 05:00:00,1.3566666666666667
2022-08-21 05:30:00,1.3483333333333334
2022-08-21 06:00:00,1.4283333333333335
2022-08-21 06:30:00,1.49
2022-08-21 07:00:00,1.415
2022-08-21 07:30:00,1.4266666666666667
2022-08-21 08:00:00,1.4416666666666667
2022-08-21 08:30:00,1.4349999999999998
2022-08-21 09:00:00,1.4283333333333335
2022-08-21 09:30:00,1.4516666666666664
2022-08-21 10:00:00,1.43
2022-08-21 10:30:00,1.425
2022-08-21 11:00:00,1.455
2022-08-21 11:30:00,1.4683333333333335
2022-08-21 12:00:00,1.5
2022-08-21 12:30:00,1.4716666666666667
2022-08-21 13:00:00,1.445
2022-08-21 13:30:00,1.5616666666666665
2022-08-21 14:00:00,1.5483333333333331
2022-08-21 14:30:00,1.4833333333333334
2022-08-21 15:00:00,1.5416666666666667
2022-08-21 15:30:00,1.5816666666666668
2022-08-21 16:00:00,1.5383333333333333
2022-08-21 16:30:00,1.615
2022-08-21 17:00:00,1.6683333333333332
2022-08-21 17:30:00,1.5233333333333334
2022-08-21 18:00:00,1.5783333333333334
2022-08-21 18:30:00,1.4916666666666665
2022-08-21 19:00:00,1.4633333333333332
2022-08-21 19:30:00,1.4649999999999999
2022-08-21 20:00:00,1.3833333333333335
2022-08-21 20:30:00,1.3950000000000002
2022-08-21 21:00:00,1.5016666666666667
2022-08-21 21:30:00,1.5883333333333332
2022-08-21 22:00:00,1.5133333333333334
2022-08-21 22:30:00,1.4766666666666666
2022-08-21 23:00:00,1.5366666666666668
2022-08-21 23:30:00,1.47
2022-08-22 00:00:00,1.4383333333333332
2022-08-22 00:30:00,1.425
2022-08-22 01:00:00,1.425
2022-08-22 01:30:00,1.455
2022-08-22 02:00:00,1.4349999999999998
2022-08-22 02:30:00,150.6783333333333
2022-08-22 03:00:00,5.416666666666667
2022-08-22 03:30:00,4.786666666666666
2022-08-22 04:00:00,3.545
2022-08-22 04:30:00,2.7433333333333336
2022-08-22 05:00:00,2.6999999999999997
2022-08-22 05:30:00,2.7066666666666666
2022-08-22 06:00:00,2.3033333333333332
2022-08-22 06:30:00,2.138333333333333
2022-08-22 07:00:00,2.018333333333333
2022-08-22 07:30:00,1.9833333333333334
2022-08-22 08:00:00,2.015
2022-08-22 08:30:00,1.9516666666666669
2022-08-22 09:00:00,1.9366666666666665
2022-08-22 09:30:00,37.561666666666675
2022-08-22 10:00:00,2.591666666666667
2022-08-22 10:30:00,2.618333333333333
2022-08-22 11:00:00,3.0700000000000003
2022-08-22 11:30:00,3.026666666666667
2022-08-22 12:00:00,2.81
2022-08-22 12:30:00,2.716666666666667
2022-08-22 13:00:00,2.5866666666666664
2022-08-22 13:30:00,2.563333333333333
2022-08-22 14:00:00,2.36
2022-08-22 14:30:00,2.268333333333333
2022-08-22 15:00:00,2.3833333333333333
2022-08-22 15:30:00,2.1783333333333332
2022-08-22 16:00:00,2.2516666666666665
2022-08-22 16:30:00,2.2733333333333334
2022-08-22 17:00:00,2.1983333333333333
2022-08-22 17:30:00,2.2033333333333336
2022-08-22 18:00:00,2.185
2022-08-22 18:30:00,2.205
2022-08-22 19:00:00,2.195
2022-08-22 19:30:00,2.21
2022-08-22 20:00:00,2.2133333333333334
2022-08-22 20:30:00,2.2466666666666666
2022-08-22 21:00:00,2.231666666666667
2022-08-22 21:30:00,2.3283333333333336
2022-08-22 22:00:00,2.35
2022-08-22 22:30:00,2.3133333333333335
2022-08-22 23:00:00,2.265
2022-08-22 23:30:00,2.2783333333333333
2022-08-23 00:00:00,2.268333333333333
2022-08-23 00:30:00,2.5083333333333333
2022-08-23 01:00:00,2.563333333333333
2022-08-23 01:30:00,2.395
2022-08-23 02:00:00,2.2866666666666666
2022-08-23 02:30:00,2.315
2022-08-23 03:00:00,2.2566666666666664
2022-08-23 03:30:00,2.26
2022-08-23 04:00:00,2.2516666666666665
2022-08-23 04:30:00,2.2983333333333333
2022-08-23 05:00:00,2.268333333333333
2022-08-23 05:30:00,2.265
2022-08-23 06:00:00,2.3133333333333335
2022-08-23 06:30:00,2.4233333333333333
2022-08-23 07:00:00,2.3249999999999997
2022-08-23 07:30:00,2.23
2022-08-23 08:00:00,2.225
2022-08-23 08:30:00,2.4716666666666667
2022-08-23 09:00:00,2.2566666666666664
2022-08-23 09:30:00,2.381666666666667
2022-08-23 10:00:00,2.17
2022-08-23 10:30:00,2.2566666666666664
2022-08-23 11:00:00,2.2916666666666665
2022-08-23 11:30:00,2.231666666666667
2022-08-23 12:00:00,2.1966666666666668
2022-08-23 12:30:00,2.2266666666666666
2022-08-23 13:00:00,2.19
2022-08-23 13:30:00,2.2783333333333333
2022-08-23 14:00:00,2.2083333333333335
2022-08-23 14:30:00,2.255
2022-08-23 15:00:00,2.283333333333333
2022-08-23 15:30:00,2.37
2022-08-23 16:00:00,2.4316666666666666
2022-08-23 16:30:00,2.4966666666666666
2022-08-23 17:00:00,2.455
2022-08-23 17:30:00,2.5616666666666665
2022-08-23 18:00:00,2.56
2022-08-23 18:30:00,2.558333333333333
2022-08-23 19:00:00,2.5716666666666668
2022-08-23 19:30:00,2.52
2022-08-23 20:00:00,2.6633333333333336
2022-08-23 20:30:00,2.631666666666667
2022-08-23 21:00:00,2.6483333333333334
2022-08-23 21:30:00,2.7216666666666662
2022-08-23 22:00:00,2.7083333333333335
2022-08-23 22:30:00,2.601666666666667
2022-08-23 23:00:00,2.501666666666667
2022-08-23 23:30:00,2.4416666666666664
2022-08-24 00:00:00,2.42
2022-08-24 00:30:00,2.546666666666667
2022-08-24 01:00:00,2.473333333333333
2022-08-24 01:30:00,2.465
2022-08-24 02:00:00,2.375
2022-08-24 02:30:00,2.3699999999999997
2022-08-24 03:00:00,2.3466666666666667
2022-08-24 03:30:00,2.3383333333333334
2022-08-24 04:00:00,2.3233333333333333
2022-08-24 04:30:00,2.3266666666666667
2022-08-24 05:00:00,2.33
2022-08-24 05:30:00,2.3183333333333334
2022-08-24 06:00:00,2.34
2022-08-24 06:30:00,2.3916666666666666
2022-08-24 07:00:00,2.4366666666666665
2022-08-24 07:30:00,2.43
2022-08-24 08:00:00,2.415
2022-08-24 08:30:00,2.436666666666667
2022-08-24 09:00:00,2.4383333333333335
2022-08-24 09:30:00,2.5066666666666664
2022-08-24 10:00:00,2.611666666666667
2022-08-24 10:30:00,2.4716666666666667
2022-08-24 11:00:00,2.4633333333333334
2022-08-24 11:30:00,2.4283333333333332
2022-08-24 12:00:00,2.481666666666667
2022-08-24 12:30:00,2.4316666666666666
2022-08-24 13:00:00,2.4216666666666664
2022-08-24 13:30:00,2.4366666666666665
2022-08-24 14:00:00,2.4499999999999997
2022-08-24 14:30:00,2.4716666666666667
2022-08-24 15:00:00,2.465
2022-08-24 15:30:00,2.3983333333333334
2022-08-24 16:00:00,2.4483333333333337
2022-08-24 16:30:00,2.4766666666666666
2022-08-24 17:00:00,2.5166666666666666
2022-08-24 17:30:00,2.4133333333333336
2022-08-24 18:00:00,2.405
2022-08-24 18:30:00,2.3249999999999997
2022-08-24 19:00:00,2.31
2022-08-24 19:30:00,2.2783333333333333
2022-08-24 20:00:00,2.28
2022-08-24 20:30:00,2.28
2022-08-24 21:00:00,2.3066666666666666
2022-08-24 21:30:00,2.3033333333333332
2022-08-24 22:00:00,2.28
2022-08-24 22:30:00,2.255
2022-08-24 23:00:00,2.2516666666666665
2022-08-24 23:30:00,2.223333333333333
2022-08-25 00:00:00,2.236666666666667
2022-08-25 00:30:00,2.2466666666666666
2022-08-25 01:00:00,2.28
2022-08-25 01:30:00,2.268333333333333
2022-08-25 02:00:00,2.2666666666666666
2022-08-25 02:30:00,2.2533333333333334
2022-08-25 03:00:00,2.265
2022-08-25 03:30:00,2.2483333333333335
2022-08-25 04:00:00,2.2550000000000003
2022-08-25 04:30:00,2.26
2022-08-25 05:00:00,2.2966666666666664
2022-08-25 05:30:00,2.225
2022-08-25 06:00:00,2.27
2022-08-25 06:30:00,2.24
2022-08-25 07:00:00,2.22
2022-08-25 07:30:00,2.215
2022-08-25 08:00:00,2.2283333333333335
2022-08-25 08:30:00,2.1966666666666668
2022-08-25 09:00:00,2.215
2022-08-25 09:30:00,2.2716666666666665
2022-08-25 10:00:00,2.285
2022-08-25 10:30:00,2.316666666666667
2022-08-25 11:00:00,2.315
2022-08-25 11:30:00,2.3633333333333333
2022-08-25 12:00:00,2.4466666666666668
2022-08-25 12:30:00,2.4566666666666666
2022-08-25 13:00:00,2.703333333333333
2022-08-25 13:30:00,2.6633333333333336
2022-08-25 14:00:00,2.645
2022-08-25 14:30:00,2.651666666666667
2022-08-25 15:00:00,2.7366666666666664
2022-08-25 15:30:00,2.66
2022-08-25 16:00:00,2.62
2022-08-25 16:30:00,2.4833333333333334
2022-08-25 17:00:00,2.4916666666666667
2022-08-25 17:30:00,2.4283333333333332
2022-08-25 18:00:00,2.44
2022-08-25 18:30:00,2.375
2022-08-25 19:00:00,2.4583333333333335
2022-08-25 19:30:00,2.3033333333333332
2022-08-25 20:00:00,2.466666666666667
2022-08-25 20:30:00,2.39
2022-08-25 21:00:00,2.401666666666667
2022-08-25 21:30:00,2.4266666666666667
2022-08-25 22:00:00,2.4683333333333333
2022-08-25 22:30:00,2.38
2022-08-25 23:00:00,2.4916666666666667
2022-08-25 23:30:00,2.5633333333333335
2022-08-26 00:00:00,7.033333333333334
2022-08-26 00:30:00,1.7533333333333332
2022-08-26 01:00:00,5.093333333333333
2022-08-26 01:30:00,1.2033333333333334
2022-08-26 02:00:00,1.2083333333333333
2022-08-26 02:30:00,1.2166666666666666
2022-08-26 03:00:00,1.2183333333333335
2022-08-26 03:30:00,1.22
2022-08-26 04:00:00,1.2166666666666666
2022-08-26 04:30:00,1.2216666666666667
2022-08-26 05:00:00,1.215
2022-08-26 05:30:00,1.3616666666666666
2022-08-26 06:00:00,1.4750000000000003
2022-08-26 06:30:00,1.28
2022-08-26 07:00:00,1.2916666666666667
2022-08-26 07:30:00,1.325
2022-08-26 08:00:00,1.3266666666666667
2022-08-26 08:30:00,1.4566666666666668
2022-08-26 09:00:00,1.4383333333333332
2022-08-26 09:30:00,1.4083333333333332
2022-08-26 10:00:00,1.345
2022-08-26 10:30:00,1.38
2022-08-26 11:00:00,1.3499999999999999
2022-08-26 11:30:00,1.3016666666666667
2022-08-26 12:00:00,1.28
2022-08-26 12:30:00,1.2550000000000001
2022-08-26 13:00:00,1.245
2022-08-26 13:30:00,1.245
2022-08-26 14:00:00,1.24
2022-08-26 14:30:00,1.2983333333333336
2022-08-26 15:00:00,1.2766666666666666
2022-08-26 15:30:00,1.455
2022-08-26 16:00:00,1.46
2022-08-26 16:30:00,1.33
2022-08-26 17:00:00,1.2916666666666667
2022-08-26 17:30:00,1.2966666666666666
2022-08-26 18:00:00,1.2816666666666665
2022-08-26 18:30:00,1.2733333333333334
2022-08-26 19:00:00,1.265
2022-08-26 19:30:00,1.2616666666666667
2022-08-26 20:00:00,1.305
2022-08-26 20:30:00,1.3166666666666667
2022-08-26 21:00:00,1.3283333333333334
2022-08-26 21:30:00,1.335
2022-08-26 22:00:00,1.3099999999999998
2022-08-26 22:30:00,1.2750000000000001
2022-08-26 23:00:00,1.2866666666666668
2022-08-26 23:30:00,1.2983333333333333
2022-08-27 00:00:00,1.3133333333333332
2022-08-27 00:30:00,1.3066666666666666
2022-08-27 01:00:00,1.295
2022-08-27 01:30:00,1.2683333333333333
2022-08-27 02:00:00,1.2616666666666667
2022-08-27 02:30:00,1.2616666666666667
2022-08-27 03:00:00,1.2716666666666667
2022-08-27 03:30:00,1.25
2022-08-27 04:00:00,1.2616666666666667
2022-08-27 04:30:00,1.265
2022-08-27 05:00:00,1.2866666666666666
2022-08-27 05:30:00,1.3183333333333334
2022-08-27 06:00:00,1.3233333333333333
2022-08-27 06:30:00,1.2766666666666666
2022-08-27 07:00:00,1.3
2022-08-27 07:30:00,1.3099999999999998
2022-08-27 08:00:00,1.29
2022-08-27 08:30:00,1.3283333333333334
2022-08-27 09:00:00,1.3883333333333334
2022-08-27 09:30:00,1.655
2022-08-27 10:00:00,164.60833333333332
2022-08-27 10:30:00,0.88
2022-08-27 11:00:00,0.8783333333333333
2022-08-27 11:30:00,0.8966666666666666
2022-08-27 12:00:00,0.8850000000000001
2022-08-27 12:30:00,0.8533333333333334
2022-08-27 13:00:00,0.8383333333333334
2022-08-27 13:30:00,0.8233333333333333
2022-08-27 14:00:00,0.8283333333333335
2022-08-27 14:30:00,0.8166666666666668
2022-08-27 15:00:00,0.8266666666666667
2022-08-27 15:30:00,0.8283333333333333
2022-08-27 16:00:00,0.8116666666666666
2022-08-27 16:30:00,0.8266666666666667
2022-08-27 17:00:00,0.8133333333333334
2022-08-27 17:30:00,0.9283333333333333
2022-08-27 18:00:00,0.9266666666666667
2022-08-27 18:30:00,0.8266666666666667
2022-08-27 19:00:00,0.7999999999999999
2022-08-27 19:30:00,0.8033333333333333
2022-08-27 20:00:00,0.7966666666666665
2022-08-27 20:30:00,0.7916666666666666
2022-08-27 21:00:00,0.7866666666666667
2022-08-27 21:30:00,0.8016666666666667
2022-08-27 22:00:00,0.8116666666666666
2022-08-27 22:30:00,0.7866666666666667
2022-08-27 23:00:00,0.8099999999999999
2022-08-27 23:30:00,0.7799999999999999
2022-08-28 00:00:00,0.7733333333333334
2022-08-28 00:30:00,0.7616666666666667
2022-08-28 01:00:00,0.7433333333333335
2022-08-28 01:30:00,0.7450000000000001
2022-08-28 02:00:00,0.725
2022-08-28 02:30:00,0.7283333333333334
2022-08-28 03:00:00,0.7366666666666667
2022-08-28 03:30:00,0.7416666666666666
2022-08-28 04:00:00,0.73
2022-08-28 04:30:00,0.7483333333333334
2022-08-28 05:00:00,0.735
2022-08-28 05:30:00,0.7383333333333333
2022-08-28 06:00:00,0.7716666666666666
2022-08-28 06:30:00,0.7916666666666666
2022-08-28 07:00:00,0.7816666666666666
2022-08-28 07:30:00,0.7799999999999999
2022-08-28 08:00:00,0.8316666666666667
2022-08-28 08:30:00,0.8216666666666667
2022-08-28 09:00:00,0.8083333333333332
2022-08-28 09:30:00,0.8533333333333334
2022-08-28 10:00:00,0.89
2022-08-28 10:30:00,0.8783333333333333
2022-08-28 11:00:00,0.8733333333333334
2022-08-28 11:30:00,0.895
2022-08-28 12:00:00,36.63
2022-08-28 12:30:00,1.7616666666666667
2022-08-28 13:00:00,2.09
2022-08-28 13:30:00,1.7000000000000002
2022-08-28 14:00:00,1.5583333333333336
2022-08-28 14:30:00,1.5583333333333333
2022-08-28 15:00:00,1.4116666666666668
2022-08-28 15:30:00,1.2633333333333334
2022-08-28 16:00:00,1.2466666666666666
2022-08-28 16:30:00,1.3333333333333333
2022-08-28 17:00:00,1.3383333333333336
2022-08-28 17:30:00,1.24
2022-08-28 18:00:00,1.305
2022-08-28 18:30:00,1.3416666666666668
2022-08-28 19:00:00,1.345
2022-08-28 19:30:00,1.4216666666666669
2022-08-28 20:00:00,1.1966666666666665
2022-08-28 20:30:00,1.2016666666666667
2022-08-28 21:00:00,1.2083333333333333
2022-08-28 21:30:00,1.2133333333333332
2022-08-28 22:00:00,1.2216666666666667
2022-08-28 22:30:00,1.2216666666666667
2022-08-28 23:00:00,1.2433333333333334
2022-08-28 23:30:00,1.2333333333333332
2022-08-29 00:00:00,1.235
2022-08-29 00:30:00,1.25
2022-08-29 01:00:00,1.28
2022-08-29 01:30:00,1.2766666666666666
2022-08-29 02:00:00,1.2833333333333334
2022-08-29 02:30:00,1.2716666666666667
2022-08-29 03:00:00,1.2783333333333333
2022-08-29 03:30:00,1.2550000000000001
2022-08-29 04:00:00,1.2766666666666666
2022-08-29 04:30:00,1.25
2022-08-29 05:00:00,1.2666666666666666
2022-08-29 05:30:00,1.2716666666666667
2022-08-29 06:00:00,1.3066666666666666
2022-08-29 06:30:00,1.2866666666666666
2022-08-29 07:00:00,1.2966666666666666
2022-08-29 07:30:00,1.3033333333333335
2022-08-29 08:00:00,1.2916666666666667
2022-08-29 08:30:00,1.28
2022-08-29 09:00:00,1.3316666666666668
2022-08-29 09:30:00,1.285
2022-08-29 10:00:00,1.88
2022-08-29 10:30:00,9.948333333333332
2022-08-29 11:00:00,4.903333333333333
2022-08-29 11:30:00,2.9800000000000004
2022-08-29 12:00:00,2.6666666666666665
2022-08-29 12:30:00,2.47
2022-08-29 13:00:00,1.985
2022-08-29 13:30:00,1.8333333333333333
2022-08-29 14:00:00,1.7583333333333335
2022-08-29 14:30:00,2.796666666666667
2022-08-29 15:00:00,1.7466666666666668
2022-08-29 15:30:00,1.7166666666666668
2022-08-29 16:00:00,1.72
2022-08-29 16:30:00,1.7733333333333334
2022-08-29 17:00:00,1.8316666666666668
2022-08-29 17:30:00,1.7216666666666667
2022-08-29 18:00:00,1.7116666666666667
2022-08-29 18:30:00,1.75
2022-08-29 19:00:00,1.7133333333333332
2022-08-29 19:30:00,1.7183333333333335
2022-08-29 20:00:00,1.6600000000000001
2022-08-29 20:30:00,1.655
2022-08-29 21:00:00,1.7166666666666668
2022-08-29 21:30:00,1.7166666666666668
2022-08-29 22:00:00,1.7283333333333335
2022-08-29 22:30:00,1.72
2022-08-29 23:00:00,1.7433333333333334
2022-08-29 23:30:00,1.7183333333333335
2022-08-30 00:00:00,1.6966666666666665
2022-08-30 00:30:00,1.7083333333333333
2022-08-30 01:00:00,1.695
2022-08-30 01:30:00,1.6883333333333335
2022-08-30 02:00:00,1.6883333333333335
2022-08-30 02:30:00,1.6900000000000002
2022-08-30 03:00:00,1.675
2022-08-30 03:30:00,1.6766666666666665
2022-08-30 04:00:00,1.6716666666666666
2022-08-30 04:30:00,1.6733333333333336
2022-08-30 05:00:00,1.6666666666666667
2022-08-30 05:30:00,1.6666666666666667
2022-08-30 06:00:00,1.6966666666666665
2022-08-30 06:30:00,1.7166666666666668
2022-08-30 07:00:00,1.7033333333333334
2022-08-30 07:30:00,1.6816666666666666
2022-08-30 08:00:00,1.6866666666666668
2022-08-30 08:30:00,1.825
2022-08-30 09:00:00,1.595
2022-08-30 09:30:00,1.7233333333333334
2022-08-30 10:00:00,1.7299999999999998
2022-08-30 10:30:00,1.7083333333333333
2022-08-30 11:00:00,1.735
2022-08-30 11:30:00,1.7433333333333334
2022-08-30 12:00:00,1.785
2022-08-30 12:30:00,1.7833333333333332
2022-08-30 13:00:00,1.7683333333333333
2022-08-30 13:30:00,1.7916666666666667
2022-08-30 14:00:00,1.805
2022-08-30 14:30:00,1.785
2022-08-30 15:00:00,1.7883333333333333
2022-08-30 15:30:00,1.8099999999999998
2022-08-30 16:00:00,1.905
2022-08-30 16:30:00,1.8949999999999998
2022-08-30 17:00:00,1.7883333333333333
2022-08-30 17:30:00,1.7683333333333333
2022-08-30 18:00:00,1.8033333333333335
2022-08-30 18:30:00,1.7249999999999999
2022-08-30 19:00:00,1.675
2022-08-30 19:30:00,1.5833333333333333
2022-08-30 20:00:00,1.6316666666666666
2022-08-30 20:30:00,1.6333333333333335
2022-08-30 21:00:00,1.6516666666666666
2022-08-30 21:30:00,1.7149999999999999
2022-08-30 22:00:00,1.7066666666666668
2022-08-30 22:30:00,1.695
2022-08-30 23:00:00,1.7433333333333334
2022-08-30 23:30:00,1.6866666666666665
2022-08-31 00:00:00,1.68
2022-08-31 00:30:00,1.6783333333333335
2022-08-31 01:00:00,1.6766666666666667
2022-08-31 01:30:00,1.6516666666666666
2022-08-31 02:00:00,1.7033333333333331
2022-08-31 02:30:00,1.7516666666666667
2022-08-31 03:00:00,1.7249999999999999
2022-08-31 03:30:00,1.72
2022-08-31 04:00:00,1.6849999999999998
2022-08-31 04:30:00,1.6866666666666668
2022-08-31 05:00:00,1.6616666666666668
2022-08-31 05:30:00,1.6733333333333331
2022-08-31 06:00:00,1.7133333333333332
2022-08-31 06:30:00,1.6966666666666665
2022-08-31 07:00:00,1.7283333333333333
2022-08-31 07:30:00,1.6533333333333333
2022-08-31 08:00:00,1.8283333333333334
2022-08-31 08:30:00,1.7083333333333333
2022-08-31 09:00:00,1.7433333333333334
2022-08-31 09:30:00,1.7733333333333334
2022-08-31 10:00:00,1.7733333333333334
2022-08-31 10:30:00,1.745
2022-08-31 11:00:00,1.7383333333333333
2022-08-31 11:30:00,1.7133333333333336
2022-08-31 12:00:00,1.7216666666666667
2022-08-31 12:30:00,1.7066666666666668
2022-08-31 13:00:00,1.6900000000000002
2022-08-31 13:30:00,1.7333333333333334
2022-08-31 14:00:00,1.7016666666666669
2022-08-31 14:30:00,1.7066666666666668
2022-08-31 15:00:00,1.7016666666666669
2022-08-31 15:30:00,1.7149999999999999
2022-08-31 16:00:00,1.7033333333333334
2022-08-31 16:30:00,1.6766666666666667
2022-08-31 17:00:00,1.7083333333333333
2022-08-31 17:30:00,1.6616666666666668
2022-08-31 18:00:00,1.67
2022-08-31 18:30:00,1.6500000000000001
2022-08-31 19:00:00,1.6366666666666667
2022-08-31 19:30:00,1.6516666666666666
2022-08-31 20:00:00,1.6633333333333333
2022-08-31 20:30:00,1.6616666666666668
2022-08-31 21:00:00,1.8116666666666668
2022-08-31 21:30:00,1.8366666666666667
2022-08-31 22:00:00,1.78
2022-08-31 22:30:00,1.8016666666666667
2022-08-31 23:00:00,1.7700000000000002
2022-08-31 23:30:00,1.8166666666666667
2022-09-01 00:00:00,1.8466666666666667
2022-09-01 00:30:00,1.7316666666666667
2022-09-01 01:00:00,1.795
2022-09-01 01:30:00,1.7249999999999999
2022-09-01 02:00:00,1.68
2022-09-01 02:30:00,1.6333333333333335
2022-09-01 03:00:00,1.635
2022-09-01 03:30:00,1.6583333333333332
2022-09-01 04:00:00,1.67
2022-09-01 04:30:00,1.6500000000000001
2022-09-01 05:00:00,1.6383333333333334
2022-09-01 05:30:00,1.6450000000000002
2022-09-01 06:00:00,1.6883333333333332
2022-09-01 06:30:00,1.7183333333333335
2022-09-01 07:00:00,1.7883333333333333
2022-09-01 07:30:00,1.6983333333333335
2022-09-01 08:00:00,1.7516666666666667
2022-09-01 08:30:00,1.735
2022-09-01 09:00:00,1.7166666666666668
2022-09-01 09:30:00,1.7566666666666666
2022-09-01 10:00:00,1.7683333333333333
2022-09-01 10:30:00,1.7066666666666668
2022-09-01 11:00:00,1.7300000000000002
2022-09-01 11:30:00,1.6449999999999998
2022-09-01 12:00:00,1.6916666666666667
2022-09-01 12:30:00,1.6883333333333335
2022-09-01 13:00:00,1.6766666666666667
2022-09-01 13:30:00,1.6316666666666666
2022-09-01 14:00:00,1.6583333333333332
2022-09-01 14:30:00,1.6600000000000001
2022-09-01 15:00:00,1.6716666666666666
2022-09-01 15:30:00,1.695
2022-09-01 16:00:00,1.7283333333333333
2022-09-01 16:30:00,1.6966666666666665
2022-09-01 17:00:00,1.6283333333333332
2022-09-01 17:30:00,1.6633333333333333
2022-09-01 18:00:00,1.6583333333333332
2022-09-01 18:30:00,1.5666666666666667
2022-09-01 19:00:00,1.615
2022-09-01 19:30:00,1.5999999999999999
2022-09-01 20:00:00,1.6233333333333333
2022-09-01 20:30:00,1.6233333333333333
2022-09-01 21:00:00,1.6133333333333333
2022-09-01 21:30:00,1.6199999999999999
2022-09-01 22:00:00,1.655
2022-09-01 22:30:00,1.6433333333333333
2022-09-01 23:00:00,1.7183333333333335
2022-09-01 23:30:00,1.6516666666666666
2022-09-02 00:00:00,1.6516666666666666
2022-09-02 00:30:00,1.6433333333333333
2022-09-02 01:00:00,1.675
2022-09-02 01:30:00,1.6733333333333331
2022-09-02 02:00:00,1.57
2022-09-02 02:30:00,1.6600000000000001
2022-09-02 03:00:00,1.6766666666666667
2022-09-02 03:30:00,1.718333333333333
2022-09-02 04:00:00,1.7133333333333332
2022-09-02 04:30:00,1.7416666666666665
2022-09-02 05:00:00,1.7866666666666668
2022-09-02 05:30:00,1.7633333333333334
2022-09-02 06:00:00,1.8766666666666667
2022-09-02 06:30:00,1.9033333333333333
2022-09-02 07:00:00,1.8433333333333335
2022-09-02 07:30:00,1.7716666666666665
2022-09-02 08:00:00,1.8399999999999999
2022-09-02 08:30:00,1.8699999999999999
2022-09-02 09:00:00,1.9216666666666669
2022-09-02 09:30:00,1.875
2022-09-02 10:00:00,1.8883333333333334
2022-09-02 10:30:00,1.905
2022-09-02 11:00:00,1.9216666666666666
2022-09-02 11:30:00,1.9100000000000001
2022-09-02 12:00:00,1.9366666666666665
2022-09-02 12:30:00,1.9033333333333333
2022-09-02 13:00:00,1.87
2022-09-02 13:30:00,1.9216666666666666
2022-09-02 14:00:00,1.8033333333333335
2022-09-02 14:30:00,1.7633333333333334
2022-09-02 15:00:00,1.6849999999999998
2022-09-02 15:30:00,1.6933333333333334
2022-09-02 16:00:00,1.7083333333333333
2022-09-02 16:30:00,1.72
2022-09-02 17:00:00,1.6833333333333333
2022-09-02 17:30:00,1.6816666666666666
2022-09-02 18:00:00,1.6916666666666667
2022-09-02 18:30:00,1.6600000000000001
2022-09-02 19:00:00,1.62
2022-09-02 19:30:00,1.5966666666666667
2022-09-02 20:00:00,1.665
2022-09-02 20:30:00,1.6766666666666667
2022-09-02 21:00:00,1.7983333333333331
2022-09-02 21:30:00,1.765
2022-09-02 22:00:00,1.6966666666666665
2022-09-02 22:30:00,1.7283333333333335
2022-09-02 23:00:00,1.8933333333333333
2022-09-02 23:30:00,1.8283333333333331
2022-09-03 00:00:00,28.436666666666667
2022-09-03 00:30:00,1.2466666666666668
2022-09-03 01:00:00,1.265
2022-09-03 01:30:00,1.2533333333333334
2022-09-03 02:00:00,1.2433333333333334
2022-09-03 02:30:00,1.2516666666666667
2022-09-03 03:00:00,1.2366666666666666
2022-09-03 03:30:00,1.2133333333333334
2022-09-03 04:00:00,1.205
2022-09-03 04:30:00,1.2
2022-09-03 05:00:00,1.1983333333333333
2022-09-03 05:30:00,1.1933333333333334
2022-09-03 06:00:00,1.235
2022-09-03 06:30:00,1.2483333333333333
2022-09-03 07:00:00,1.2416666666666667
2022-09-03 07:30:00,4.498333333333333
2022-09-03 08:00:00,1.4733333333333334
2022-09-03 08:30:00,1.3433333333333335
2022-09-03 09:00:00,1.3116666666666668
2022-09-03 09:30:00,1.22
2022-09-03 10:00:00,1.1983333333333333
2022-09-03 10:30:00,1.2066666666666668
2022-09-03 11:00:00,1.21
2022-09-03 11:30:00,1.195
2022-09-03 12:00:00,1.2166666666666666
2022-09-03 12:30:00,1.2
2022-09-03 13:00:00,1.2
2022-09-03 13:30:00,1.1849999999999998
2022-09-03 14:00:00,1.1849999999999998
2022-09-03 14:30:00,1.1733333333333333
2022-09-03 15:00:00,1.1933333333333334
2022-09-03 15:30:00,1.1833333333333333
2022-09-03 16:00:00,1.33
2022-09-03 16:30:00,1.37
2022-09-03 17:00:00,1.325
2022-09-03 17:30:00,1.3849999999999998
2022-09-03 18:00:00,1.305
2022-09-03 18:30:00,1.26
2022-09-03 19:00:00,1.2183333333333333
2022-09-03 19:30:00,1.2483333333333333
2022-09-03 20:00:00,1.23
2022-09-03 20:30:00,1.2366666666666666
2022-09-03 21:00:00,1.2300000000000002
2022-09-03 21:30:00,1.2633333333333334
2022-09-03 22:00:00,1.3
2022-09-03 22:30:00,1.2750000000000001
2022-09-03 23:00:00,1.2733333333333334
2022-09-03 23:30:00,1.2333333333333334
2022-09-04 00:00:00,1.235
2022-09-04 00:30:00,1.215
2022-09-04 01:00:00,1.2216666666666667
2022-09-04 01:30:00,1.2333333333333334
2022-09-04 02:00:00,1.2383333333333333
2022-09-04 02:30:00,1.2283333333333333
2022-09-04 03:00:00,1.2083333333333333
2022-09-04 03:30:00,1.2333333333333334
2022-09-04 04:00:00,1.2266666666666668
2022-09-04 04:30:00,1.2333333333333334
2022-09-04 05:00:00,1.2433333333333334
2022-09-04 05:30:00,1.2666666666666666
2022-09-04 06:00:00,1.3366666666666667
2022-09-04 06:30:00,1.385
2022-09-04 07:00:00,1.3083333333333333
2022-09-04 07:30:00,1.345
2022-09-04 08:00:00,1.3616666666666666
2022-09-04 08:30:00,1.3633333333333333
2022-09-04 09:00:00,1.3633333333333333
2022-09-04 09:30:00,1.3433333333333335
2022-09-04 10:00:00,1.3333333333333333
2022-09-04 10:30:00,1.2516666666666667
2022-09-04 11:00:00,1.2516666666666667
2022-09-04 11:30:00,1.2216666666666667
2022-09-04 12:00:00,1.2249999999999999
2022-09-04 12:30:00,1.2249999999999999
2022-09-04 13:00:00,1.2266666666666668
2022-09-04 13:30:00,1.2366666666666666
2022-09-04 14:00:00,1.2283333333333333
2022-09-04 14:30:00,1.23
2022-09-04 15:00:00,1.2116666666666667
2022-09-04 15:30:00,1.2283333333333333
2022-09-04 16:00:00,1.3083333333333333
2022-09-04 16:30:00,1.3433333333333335
2022-09-04 17:00:00,1.3033333333333335
2022-09-04 17:30:00,1.26
2022-09-04 18:00:00,1.285
2022-09-04 18:30:00,1.4583333333333333
2022-09-04 19:00:00,1.2583333333333335
2022-09-04 19:30:00,1.285
2022-09-04 20:00:00,1.2833333333333334
2022-09-04 20:30:00,1.2383333333333333
2022-09-04 21:00:00,1.27
2022-09-04 21:30:00,1.3233333333333335
2022-09-04 22:00:00,1.2566666666666666
2022-09-04 22:30:00,1.1900000000000002
2022-09-04 23:00:00,1.175
2022-09-04 23:30:00,1.1833333333333333
2022-09-05 00:00:00,1.1900000000000002
2022-09-05 00:30:00,1.2133333333333332
2022-09-05 01:00:00,1.1866666666666665
2022-09-05 01:30:00,1.1900000000000002
2022-09-05 02:00:00,1.1933333333333334
2022-09-05 02:30:00,1.2
2022-09-05 03:00:00,1.22
2022-09-05 03:30:00,207.01999999999998
2022-09-05 04:00:00,8.103333333333333
2022-09-05 04:30:00,5.458333333333333
2022-09-05 05:00:00,3.975
2022-09-05 05:30:00,3.4599999999999995
2022-09-05 06:00:00,3.526666666666667
2022-09-05 06:30:00,3.516666666666666
2022-09-05 07:00:00,3.268333333333333
2022-09-05 07:30:00,2.7983333333333333
2022-09-05 08:00:00,2.651666666666667
2022-09-05 08:30:00,2.308333333333333
2022-09-05 09:00:00,2.1683333333333334
2022-09-05 09:30:00,2.06
2022-09-05 10:00:00,2.191666666666667
2022-09-05 10:30:00,2.0383333333333336
2022-09-05 11:00:00,2.0016666666666665
2022-09-05 11:30:00,1.9633333333333332
2022-09-05 12:00:00,1.9816666666666667
2022-09-05 12:30:00,2.0233333333333334
2022-09-05 13:00:00,1.9883333333333333
2022-09-05 13:30:00,2.058333333333333
2022-09-05 14:00:00,1.9966666666666668
2022-09-05 14:30:00,1.9933333333333334
2022-09-05 15:00:00,2.0116666666666667
2022-09-05 15:30:00,2.061666666666667
2022-09-05 16:00:00,1.9866666666666666
2022-09-05 16:30:00,2.0050000000000003
2022-09-05 17:00:00,2.018333333333333
2022-09-05 17:30:00,1.9416666666666667
2022-09-05 18:00:00,1.9433333333333334
2022-09-05 18:30:00,1.88
2022-09-05 19:00:00,1.9483333333333333
2022-09-05 19:30:00,1.9583333333333333
2022-09-05 20:00:00,1.9483333333333333
2022-09-05 20:30:00,1.9600000000000002
2022-09-05 21:00:00,2.005
2022-09-05 21:30:00,2.026666666666667
2022-09-05 22:00:00,2.0383333333333336
2022-09-05 22:30:00,2.026666666666667
2022-09-05 23:00:00,2.033333333333333
2022-09-05 23:30:00,2.0083333333333333
2022-09-06 00:00:00,1.9916666666666665
2022-09-06 00:30:00,2.0116666666666667
2022-09-06 01:00:00,2.0033333333333334
2022-09-06 01:30:00,2.065
2022-09-06 02:00:00,2.0166666666666666
2022-09-06 02:30:00,1.9983333333333333
2022-09-06 03:00:00,2.0283333333333333
2022-09-06 03:30:00,2.0566666666666666
2022-09-06 04:00:00,2.0783333333333336
2022-09-06 04:30:00,2.0716666666666668
2022-09-06 05:00:00,2.0666666666666664
2022-09-06 05:30:00,2.1533333333333333
2022-09-06 06:00:00,2.171666666666667
2022-09-06 06:30:00,2.0166666666666666
2022-09-06 07:00:00,1.9349999999999998
2022-09-06 07:30:00,2.006666666666667
2022-09-06 08:00:00,2.0116666666666667
2022-09-06 08:30:00,2.015
2022-09-06 09:00:00,1.9733333333333334
2022-09-06 09:30:00,1.9533333333333334
2022-09-06 10:00:00,1.9583333333333333
2022-09-06 10:30:00,2.0050000000000003
2022-09-06 11:00:00,2.0216666666666665
2022-09-06 11:30:00,2.13
2022-09-06 12:00:00,2.185
2022-09-06 12:30:00,2.1783333333333332
2022-09-06 13:00:00,2.2550000000000003
2022-09-06 13:30:00,2.4216666666666664
2022-09-06 14:00:00,2.1733333333333333
2022-09-06 14:30:00,2.1666666666666665
2022-09-06 15:00:00,2.183333333333333
2022-09-06 15:30:00,2.1033333333333335
2022-09-06 16:00:00,2.1966666666666668
2022-09-06 16:30:00,2.2150000000000003
2022-09-06 17:00:00,2.17
2022-09-06 17:30:00,2.0816666666666666
2022-09-06 18:00:00,2.1416666666666666
2022-09-06 18:30:00,2.1233333333333335
2022-09-06 19:00:00,1.9949999999999999
2022-09-06 19:30:00,2.0483333333333333
2022-09-06 20:00:00,2.015
2022-09-06 20:30:00,2.046666666666667
2022-09-06 21:00:00,2.0116666666666667
2022-09-06 21:30:00,2.005
2022-09-06 22:00:00,2.1
2022-09-06 22:30:00,2.0749999999999997
2022-09-06 23:00:00,2.066666666666667
2022-09-06 23:30:00,2.0
2022-09-07 00:00:00,2.045
2022-09-07 00:30:00,2.04
2022-09-07 01:00:00,2.02
2022-09-07 01:30:00,2.1149999999999998
2022-09-07 02:00:00,2.2083333333333335
2022-09-07 02:30:00,2.6483333333333334
2022-09-07 03:00:00,36.495
2022-09-07 03:30:00,1.2383333333333333
2022-09-07 04:00:00,1.2533333333333332
2022-09-07 04:30:00,1.2583333333333333
2022-09-07 05:00:00,1.2633333333333334
2022-09-07 05:30:00,1.2816666666666665
2022-09-07 06:00:00,1.61
2022-09-07 06:30:00,1.205
2022-09-07 07:00:00,1.24
2022-09-07 07:30:00,1.235
2022-09-07 08:00:00,1.3083333333333333
2022-09-07 08:30:00,1.325
2022-09-07 09:00:00,1.3333333333333333
2022-09-07 09:30:00,1.3166666666666667
2022-09-07 10:00:00,1.3133333333333332
2022-09-07 10:30:00,1.3233333333333335
2022-09-07 11:00:00,1.3283333333333334
2022-09-07 11:30:00,1.3433333333333335
2022-09-07 12:00:00,1.3633333333333333
2022-09-07 12:30:00,1.405
2022-09-07 13:00:00,1.4466666666666665
2022-09-07 13:30:00,1.425
2022-09-07 14:00:00,1.385
2022-09-07 14:30:00,1.39
2022-09-07 15:00:00,1.4100000000000001
2022-09-07 15:30:00,1.3416666666666668
2022-09-07 16:00:00,1.3516666666666666
2022-09-07 16:30:00,1.3666666666666665
2022-09-07 17:00:00,1.3783333333333332
2022-09-07 17:30:00,1.2383333333333333
2022-09-07 18:00:00,1.2116666666666667
2022-09-07 18:30:00,1.2033333333333334
2022-09-07 19:00:00,1.2
2022-09-07 19:30:00,1.165
2022-09-07 20:00:00,1.1633333333333333
2022-09-07 20:30:00,1.1533333333333333
2022-09-07 21:00:00,1.1666666666666667
2022-09-07 21:30:00,1.24
2022-09-07 22:00:00,1.2066666666666668
2022-09-07 22:30:00,1.1933333333333334
2022-09-07 23:00:00,1.3216666666666665
2022-09-07 23:30:00,1.2249999999999999
2022-09-08 00:00:00,1.2249999999999999
2022-09-08 00:30:00,1.2516666666666667
2022-09-08 01:00:00,1.2416666666666667
2022-09-08 01:30:00,1.205
2022-09-08 02:00:00,1.2716666666666667
2022-09-08 02:30:00,1.2416666666666667
2022-09-08 03:00:00,1.2416666666666667
2022-09-08 03:30:00,1.245
2022-09-08 04:00:00,1.2333333333333334
2022-09-08 04:30:00,1.2249999999999999
2022-09-08 05:00:00,1.21
2022-09-08 05:30:00,1.23
2022-09-08 06:00:00,1.2466666666666668
2022-09-08 06:30:00,1.2433333333333334
2022-09-08 07:00:00,1.21
2022-09-08 07:30:00,1.2233333333333334
2022-09-08 08:00:00,1.215
2022-09-08 08:30:00,1.2449999999999999
2022-09-08 09:00:00,1.1916666666666667
2022-09-08 09:30:00,1.2366666666666666
2022-09-08 10:00:00,1.2449999999999999
2022-09-08 10:30:00,1.2433333333333334
2022-09-08 11:00:00,1.2766666666666666
2022-09-08 11:30:00,1.24
2022-09-08 12:00:00,1.2249999999999999
2022-09-08 12:30:00,1.1783333333333335
2022-09-08 13:00:00,1.1849999999999998
2022-09-08 13:30:00,1.2366666666666666
2022-09-08 14:00:00,1.1616666666666666
2022-09-08 14:30:00,1.1083333333333334
2022-09-08 15:00:00,1.13
2022-09-08 15:30:00,1.1566666666666665
2022-09-08 16:00:00,1.1716666666666666
2022-09-08 16:30:00,1.2233333333333334
2022-09-08 17:00:00,1.2133333333333332
2022-09-08 17:30:00,1.1516666666666666
2022-09-08 18:00:00,1.175
2022-09-08 18:30:00,1.28
2022-09-08 19:00:00,1.22
2022-09-08 19:30:00,1.18
2022-09-08 20:00:00,1.2166666666666666
2022-09-08 20:30:00,1.2516666666666667
2022-09-08 21:00:00,1.3766666666666667
2022-09-08 21:30:00,1.6016666666666666
2022-09-08 22:00:00,1.5433333333333332
2022-09-08 22:30:00,1.4233333333333331
2022-09-08 23:00:00,1.3933333333333333
2022-09-08 23:30:00,1.3883333333333334
2022-09-09 00:00:00,61.19166666666666
2022-09-09 00:30:00,0.7466666666666667
2022-09-09 01:00:00,0.8250000000000001
2022-09-09 01:30:00,0.7516666666666666
2022-09-09 02:00:00,0.7949999999999999
2022-09-09 02:30:00,0.735
2022-09-09 03:00:00,0.8033333333333333
2022-09-09 03:30:00,0.7766666666666667
2022-09-09 04:00:00,0.7549999999999999
2022-09-09 04:30:00,0.7466666666666667
2022-09-09 05:00:00,0.7416666666666666
2022-09-09 05:30:00,0.735
2022-09-09 06:00:00,0.7833333333333333
2022-09-09 06:30:00,0.7866666666666667
2022-09-09 07:00:00,0.7566666666666667
2022-09-09 07:30:00,0.7850000000000001
2022-09-09 08:00:00,0.7983333333333333
2022-09-09 08:30:00,0.7716666666666668
2022-09-09 09:00:00,0.8333333333333334
2022-09-09 09:30:00,0.91
2022-09-09 10:00:00,0.9550000000000001
2022-09-09 10:30:00,0.9033333333333333
2022-09-09 11:00:00,0.9066666666666666
2022-09-09 11:30:00,0.9183333333333333
2022-09-09 12:00:00,0.9183333333333333
2022-09-09 12:30:00,0.9049999999999999
2022-09-09 13:00:00,0.9083333333333333
2022-09-09 13:30:00,0.8933333333333332
2022-09-09 14:00:00,0.8666666666666666
2022-09-09 14:30:00,0.8616666666666667
2022-09-09 15:00:00,0.85
2022-09-09 15:30:00,0.8399999999999999
2022-09-09 16:00:00,0.895
2022-09-09 16:30:00,1.0016666666666667
2022-09-09 17:00:00,0.8766666666666666
2022-09-09 17:30:00,0.8416666666666668
2022-09-09 18:00:00,0.8333333333333334
2022-09-09 18:30:00,0.8133333333333334
2022-09-09 19:00:00,0.7833333333333333
2022-09-09 19:30:00,0.7933333333333333
2022-09-09 20:00:00,0.8183333333333334
2022-09-09 20:30:00,0.8416666666666668
2022-09-09 21:00:00,0.84
2022-09-09 21:30:00,0.8733333333333334
2022-09-09 22:00:00,0.8866666666666667
2022-09-09 22:30:00,0.8566666666666666
2022-09-09 23:00:00,1.0883333333333332
2022-09-09 23:30:00,0.7816666666666666
2022-09-10 00:00:00,0.785
2022-09-10 00:30:00,0.8700000000000001
2022-09-10 01:00:00,0.8649999999999999
2022-09-10 01:30:00,0.8300000000000001
2022-09-10 02:00:00,0.9466666666666667
2022-09-10 02:30:00,0.81
2022-09-10 03:00:00,0.8283333333333335
2022-09-10 03:30:00,0.8450000000000001
2022-09-10 04:00:00,0.84
2022-09-10 04:30:00,0.9033333333333333
2022-09-10 05:00:00,0.9116666666666667
2022-09-10 05:30:00,0.8416666666666667
2022-09-10 06:00:00,0.8850000000000001
2022-09-10 06:30:00,0.8816666666666667
2022-09-10 07:00:00,0.9
2022-09-10 07:30:00,0.8683333333333333
2022-09-10 08:00:00,0.8716666666666667
2022-09-10 08:30:00,0.9800000000000001
2022-09-10 09:00:00,0.8583333333333334
2022-09-10 09:30:00,0.8533333333333334
2022-09-10 10:00:00,0.9083333333333333
2022-09-10 10:30:00,0.8916666666666666
2022-09-10 11:00:00,0.9316666666666666
2022-09-10 11:30:00,0.9183333333333333
2022-09-10 12:00:00,0.9199999999999999
2022-09-10 12:30:00,0.9266666666666667
2022-09-10 13:00:00,0.9366666666666666
2022-09-10 13:30:00,0.9
2022-09-10 14:00:00,0.8966666666666666
2022-09-10 14:30:00,0.8883333333333333
2022-09-10 15:00:00,0.8916666666666666
2022-09-10 15:30:00,0.8733333333333334
2022-09-10 16:00:00,0.8683333333333333
2022-09-10 16:30:00,0.9216666666666667
2022-09-10 17:00:00,1.015
2022-09-10 17:30:00,0.84
2022-09-10 18:00:00,0.8333333333333334
2022-09-10 18:30:00,0.7999999999999999
2022-09-10 19:00:00,0.7733333333333334
2022-09-10 19:30:00,0.7683333333333332
2022-09-10 20:00:00,0.7916666666666666
2022-09-10 20:30:00,0.785
2022-09-10 21:00:00,0.8166666666666668
2022-09-10 21:30:00,0.8233333333333333
2022-09-10 22:00:00,0.8116666666666665
2022-09-10 22:30:00,0.8416666666666667
2022-09-10 23:00:00,0.9283333333333333
2022-09-10 23:30:00,0.7966666666666667
2022-09-11 00:00:00,0.7799999999999999
2022-09-11 00:30:00,0.7633333333333333
2022-09-11 01:00:00,0.7600000000000001
2022-09-11 01:30:00,0.7666666666666666
2022-09-11 02:00:00,0.7516666666666666
2022-09-11 02:30:00,0.7600000000000001
2022-09-11 03:00:00,0.7583333333333333
2022-09-11 03:30:00,0.7533333333333333
2022-09-11 04:00:00,0.7566666666666667
2022-09-11 04:30:00,0.765
2022-09-11 05:00:00,0.7583333333333333
2022-09-11 05:30:00,0.7600000000000001
2022-09-11 06:00:00,0.7933333333333333
2022-09-11 06:30:00,0.7816666666666666
2022-09-11 07:00:00,0.775
2022-09-11 07:30:00,0.7549999999999999
2022-09-11 08:00:00,0.7833333333333333
2022-09-11 08:30:00,0.7866666666666666
2022-09-11 09:00:00,0.8333333333333334
2022-09-11 09:30:00,0.8583333333333334
2022-09-11 10:00:00,0.8566666666666666
2022-09-11 10:30:00,0.8583333333333334
2022-09-11 11:00:00,0.8433333333333334
2022-09-11 11:30:00,0.8416666666666667
2022-09-11 12:00:00,0.7999999999999999
2022-09-11 12:30:00,0.7833333333333333
2022-09-11 13:00:00,0.7799999999999999
2022-09-11 13:30:00,0.7783333333333333
2022-09-11 14:00:00,0.8533333333333332
2022-09-11 14:30:00,0.7533333333333333
2022-09-11 15:00:00,0.735
2022-09-11 15:30:00,0.7466666666666667
2022-09-11 16:00:00,0.7799999999999999
2022-09-11 16:30:00,0.7816666666666666
2022-09-11 17:00:00,0.7716666666666666
2022-09-11 17:30:00,0.7583333333333334
2022-09-11 18:00:00,0.7683333333333332
2022-09-11 18:30:00,0.7200000000000001
2022-09-11 19:00:00,0.715
2022-09-11 19:30:00,0.7166666666666667
2022-09-11 20:00:00,0.7050000000000001
2022-09-11 20:30:00,0.7233333333333333
2022-09-11 21:00:00,0.7566666666666667
2022-09-11 21:30:00,0.7583333333333333
2022-09-11 22:00:00,0.7399999999999999
2022-09-11 22:30:00,0.73
2022-09-11 23:00:00,0.8000000000000002
2022-09-11 23:30:00,0.7016666666666667
2022-09-12 00:00:00,0.6749999999999999
2022-09-12 00:30:00,0.68
2022-09-12 01:00:00,0.6749999999999999
2022-09-12 01:30:00,0.7433333333333333
2022-09-12 02:00:00,0.6733333333333333
2022-09-12 02:30:00,0.7166666666666668
2022-09-12 03:00:00,0.7166666666666668
2022-09-12 03:30:00,0.7233333333333333
2022-09-12 04:00:00,0.7383333333333333
2022-09-12 04:30:00,0.7366666666666667
2022-09-12 05:00:00,0.735
2022-09-12 05:30:00,0.9633333333333333
2022-09-12 06:00:00,0.7450000000000001
2022-09-12 06:30:00,0.7683333333333334
2022-09-12 07:00:00,0.7583333333333333
2022-09-12 07:30:00,0.7600000000000001
2022-09-12 08:00:00,0.8916666666666666
2022-09-12 08:30:00,0.785
2022-09-12 09:00:00,0.7083333333333334
2022-09-12 09:30:00,0.7633333333333333
2022-09-12 10:00:00,0.8083333333333332
2022-09-12 10:30:00,0.8283333333333335
2022-09-12 11:00:00,0.7866666666666667
2022-09-12 11:30:00,0.785
2022-09-12 12:00:00,0.7483333333333334
2022-09-12 12:30:00,0.7516666666666666
2022-09-12 13:00:00,0.75
2022-09-12 13:30:00,0.7616666666666667
2022-09-12 14:00:00,0.765
2022-09-12 14:30:00,0.7616666666666667
2022-09-12 15:00:00,0.7283333333333334
2022-09-12 15:30:00,0.77
2022-09-12 16:00:00,0.8000000000000002
2022-09-12 16:30:00,0.8316666666666667
2022-09-12 17:00:00,0.8283333333333333
2022-09-12 17:30:00,0.875
2022-09-12 18:00:00,0.7866666666666666
2022-09-12 18:30:00,0.775
2022-09-12 19:00:00,0.7633333333333333
2022-09-12 19:30:00,0.7433333333333333
2022-09-12 20:00:00,0.7316666666666668
2022-09-12 20:30:00,0.7333333333333334
2022-09-12 21:00:00,0.725
2022-09-12 21:30:00,0.7183333333333333
2022-09-12 22:00:00,0.7233333333333333
2022-09-12 22:30:00,0.6866666666666666
2022-09-12 23:00:00,0.7200000000000001
2022-09-12 23:30:00,0.7333333333333334
2022-09-13 00:00:00,0.7416666666666667
2022-09-13 00:30:00,0.7383333333333333
2022-09-13 01:00:00,0.7483333333333334
2022-09-13 01:30:00,0.745
2022-09-13 02:00:00,0.7533333333333333
2022-09-13 02:30:00,0.7516666666666666
2022-09-13 03:00:00,0.7600000000000001
2022-09-13 03:30:00,9.125
2022-09-13 04:00:00,8.83
2022-09-13 04:30:00,3.7133333333333334
2022-09-13 05:00:00,2.183333333333333
2022-09-13 05:30:00,1.9533333333333334
2022-09-13 06:00:00,1.5983333333333334
2022-09-13 06:30:00,1.615
2022-09-13 07:00:00,1.5599999999999998
2022-09-13 07:30:00,1.375
2022-09-13 08:00:00,1.3266666666666667
2022-09-13 08:30:00,1.1916666666666667
2022-09-13 09:00:00,1.2249999999999999
2022-09-13 09:30:00,1.195
2022-09-13 10:00:00,1.1933333333333334
2022-09-13 10:30:00,1.1583333333333332
2022-09-13 11:00:00,1.1716666666666666
2022-09-13 11:30:00,1.1633333333333333
2022-09-13 12:00:00,1.1466666666666667
2022-09-13 12:30:00,1.145
2022-09-13 13:00:00,1.1300000000000001
2022-09-13 13:30:00,1.1283333333333332
2022-09-13 14:00:00,1.1600000000000001
2022-09-13 14:30:00,1.1333333333333335
2022-09-13 15:00:00,1.165
2022-09-13 15:30:00,1.1416666666666666
2022-09-13 16:00:00,1.2516666666666667
2022-09-13 16:30:00,1.2633333333333334
2022-09-13 17:00:00,1.245
2022-09-13 17:30:00,1.1683333333333332
2022-09-13 18:00:00,1.2133333333333334
2022-09-13 18:30:00,1.12
2022-09-13 19:00:00,1.1199999999999999
2022-09-13 19:30:00,1.0999999999999999
2022-09-13 20:00:00,1.0933333333333335
2022-09-13 20:30:00,1.0899999999999999
2022-09-13 21:00:00,1.0966666666666667
2022-09-13 21:30:00,1.115
2022-09-13 22:00:00,1.1383333333333334
2022-09-13 22:30:00,1.0933333333333335
2022-09-13 23:00:00,1.1983333333333333
2022-09-13 23:30:00,1.0983333333333334
2022-09-14 00:00:00,1.1216666666666668
2022-09-14 00:30:00,44.74833333333334
2022-09-14 01:00:00,1.9616666666666667
2022-09-14 01:30:00,1.7883333333333333
2022-09-14 02:00:00,2.1216666666666666
2022-09-14 02:30:00,2.1783333333333332
2022-09-14 03:00:00,2.0749999999999997
2022-09-14 03:30:00,2.015
2022-09-14 04:00:00,1.8783333333333332
2022-09-14 04:30:00,1.61
2022-09-14 05:00:00,1.5616666666666668
2022-09-14 05:30:00,1.5133333333333334
2022-09-14 06:00:00,1.5
2022-09-14 06:30:00,1.5383333333333333
2022-09-14 07:00:00,1.655
2022-09-14 07:30:00,1.5666666666666667
2022-09-14 08:00:00,1.5599999999999998
2022-09-14 08:30:00,1.5999999999999999
2022-09-14 09:00:00,1.5933333333333335
2022-09-14 09:30:00,1.595
2022-09-14 10:00:00,1.5899999999999999
2022-09-14 10:30:00,1.5433333333333332
2022-09-14 11:00:00,1.5016666666666667
2022-09-14 11:30:00,1.4933333333333334
2022-09-14 12:00:00,1.51
2022-09-14 12:30:00,1.5200000000000002
2022-09-14 13:00:00,1.5233333333333334
2022-09-14 13:30:00,1.5366666666666668
2022-09-14 14:00:00,1.5333333333333332
2022-09-14 14:30:00,1.5133333333333334
2022-09-14 15:00:00,1.5133333333333334
2022-09-14 15:30:00,1.4983333333333333
2022-09-14 16:00:00,1.5350000000000001
2022-09-14 16:30:00,1.5616666666666665
2022-09-14 17:00:00,1.555
2022-09-14 17:30:00,1.505
2022-09-14 18:00:00,1.5183333333333333
2022-09-14 18:30:00,1.4933333333333334
2022-09-14 19:00:00,1.4766666666666666
2022-09-14 19:30:00,1.4833333333333334
2022-09-14 20:00:00,1.5066666666666666
2022-09-14 20:30:00,1.5133333333333334
2022-09-14 21:00:00,1.54
2022-09-14 21:30:00,1.5483333333333331
2022-09-14 22:00:00,1.5733333333333333
2022-09-14 22:30:00,1.5666666666666667
2022-09-14 23:00:00,1.5733333333333333
2022-09-14 23:30:00,1.5616666666666668
2022-09-15 00:00:00,1.58
2022-09-15 00:30:00,1.6450000000000002
2022-09-15 01:00:00,1.7266666666666666
2022-09-15 01:30:00,1.6083333333333332
2022-09-15 02:00:00,1.585
2022-09-15 02:30:00,1.5916666666666668
2022-09-15 03:00:00,1.5899999999999999
2022-09-15 03:30:00,1.5899999999999999
2022-09-15 04:00:00,1.58
2022-09-15 04:30:00,1.575
2022-09-15 05:00:00,1.5666666666666667
2022-09-15 05:30:00,1.57
2022-09-15 06:00:00,1.5566666666666666
2022-09-15 06:30:00,1.5666666666666667
2022-09-15 07:00:00,1.55
2022-09-15 07:30:00,1.5483333333333331
2022-09-15 08:00:00,1.5599999999999998
2022-09-15 08:30:00,1.5133333333333334
2022-09-15 09:00:00,1.5266666666666666
2022-09-15 09:30:00,1.555
2022-09-15 10:00:00,1.5166666666666668
2022-09-15 10:30:00,1.62
2022-09-15 11:00:00,1.6466666666666665
2022-09-15 11:30:00,1.6383333333333334
2022-09-15 12:00:00,1.6416666666666666
2022-09-15 12:30:00,1.585
2022-09-15 13:00:00,1.5999999999999999
2022-09-15 13:30:00,1.5283333333333333
2022-09-15 14:00:00,1.5133333333333334
2022-09-15 14:30:00,1.505
2022-09-15 15:00:00,1.5183333333333333
2022-09-15 15:30:00,1.5083333333333335
2022-09-15 16:00:00,1.5683333333333334
2022-09-15 16:30:00,1.5816666666666668
2022-09-15 17:00:00,1.5249999999999997
2022-09-15 17:30:00,1.5333333333333332
2022-09-15 18:00:00,1.5683333333333334
2022-09-15 18:30:00,1.5999999999999999
2022-09-15 19:00:00,1.6666666666666667
2022-09-15 19:30:00,1.8616666666666666
2022-09-15 20:00:00,2.9433333333333334
2022-09-15 20:30:00,2.341666666666667
2022-09-15 21:00:00,2.466666666666667
2022-09-15 21:30:00,2.956666666666667
2022-09-15 22:00:00,4.081666666666667
2022-09-15 22:30:00,1.8233333333333333
2022-09-15 23:00:00,5.868333333333333
2022-09-15 23:30:00,7.201666666666667
2022-09-16 00:00:00,9.015
2022-09-16 00:30:00,8.935
2022-09-16 01:00:00,1.1849999999999998
2022-09-16 01:30:00,1.1866666666666665
2022-09-16 02:00:00,1.1733333333333333
2022-09-16 02:30:00,1.1466666666666667
2022-09-16 03:00:00,1.14
2022-09-16 03:30:00,1.135
2022-09-16 04:00:00,1.1366666666666667
2022-09-16 04:30:00,1.13
2022-09-16 05:00:00,1.1383333333333334
2022-09-16 05:30:00,1.1316666666666666
2022-09-16 06:00:00,1.195
2022-09-16 06:30:00,1.2533333333333332
2022-09-16 07:00:00,1.2233333333333334
2022-09-16 07:30:00,1.1616666666666666
2022-09-16 08:00:00,1.165
2022-09-16 08:30:00,1.0966666666666667
2022-09-16 09:00:00,1.1283333333333332
2022-09-16 09:30:00,1.1283333333333332
2022-09-16 10:00:00,1.13
2022-09-16 10:30:00,1.1366666666666667
2022-09-16 11:00:00,1.1483333333333334
2022-09-16 11:30:00,1.1166666666666667
2022-09-16 12:00:00,1.16
2022-09-16 12:30:00,1.1566666666666665
2022-09-16 13:00:00,1.1316666666666666
2022-09-16 13:30:00,1.0866666666666667
2022-09-16 14:00:00,1.1216666666666666
2022-09-16 14:30:00,1.0999999999999999
2022-09-16 15:00:00,1.1016666666666666
2022-09-16 15:30:00,1.105
2022-09-16 16:00:00,1.1783333333333335
2022-09-16 16:30:00,1.265
2022-09-16 17:00:00,1.2783333333333333
2022-09-16 17:30:00,1.205
2022-09-16 18:00:00,1.1966666666666665
2022-09-16 18:30:00,1.1516666666666666
2022-09-16 19:00:00,1.14
2022-09-16 19:30:00,1.1116666666666666
2022-09-16 20:00:00,1.1600000000000001
2022-09-16 20:30:00,1.1333333333333333
2022-09-16 21:00:00,1.1733333333333331
2022-09-16 21:30:00,1.155
2022-09-16 22:00:00,1.1466666666666667
2022-09-16 22:30:00,1.145
2022-09-16 23:00:00,1.1166666666666667
2022-09-16 23:30:00,1.09
2022-09-17 00:00:00,1.125
2022-09-17 00:30:00,1.1050000000000002
2022-09-17 01:00:00,1.12
2022-09-17 01:30:00,1.11
2022-09-17 02:00:00,1.125
2022-09-17 02:30:00,1.125
2022-09-17 03:00:00,1.125
2022-09-17 03:30:00,1.1133333333333333
2022-09-17 04:00:00,1.1133333333333333
2022-09-17 04:30:00,1.1133333333333333
2022-09-17 05:00:00,1.11
2022-09-17 05:30:00,1.1116666666666666
2022-09-17 06:00:00,1.17
2022-09-17 06:30:00,1.1983333333333333
2022-09-17 07:00:00,1.1583333333333334
2022-09-17 07:30:00,1.1516666666666666
2022-09-17 08:00:00,1.14
2022-09-17 08:30:00,1.1266666666666667
2022-09-17 09:00:00,1.1183333333333334
2022-09-17 09:30:00,1.135
2022-09-17 10:00:00,1.14
2022-09-17 10:30:00,1.2049999999999998
2022-09-17 11:00:00,1.3483333333333334
2022-09-17 11:30:00,1.58
2022-09-17 12:00:00,6.006666666666667
2022-09-17 12:30:00,0.7600000000000001
2022-09-17 13:00:00,0.7683333333333332
2022-09-17 13:30:00,0.785
2022-09-17 14:00:00,0.7600000000000001
2022-09-17 14:30:00,0.7583333333333333
2022-09-17 15:00:00,0.7483333333333334
2022-09-17 15:30:00,0.71
2022-09-17 16:00:00,0.7033333333333333
2022-09-17 16:30:00,0.7033333333333333
2022-09-17 17:00:00,0.695
2022-09-17 17:30:00,0.6883333333333334
2022-09-17 18:00:00,0.6983333333333333
2022-09-17 18:30:00,0.6999999999999998
2022-09-17 19:00:00,0.7200000000000001
2022-09-17 19:30:00,0.7149999999999999
2022-09-17 20:00:00,0.7283333333333334
2022-09-17 20:30:00,0.7166666666666667
2022-09-17 21:00:00,0.7116666666666666
2022-09-17 21:30:00,0.705
2022-09-17 22:00:00,0.7200000000000001
2022-09-17 22:30:00,0.7233333333333333
2022-09-17 23:00:00,0.7266666666666666
2022-09-17 23:30:00,0.7283333333333334
2022-09-18 00:00:00,0.7333333333333334
2022-09-18 00:30:00,0.735
2022-09-18 01:00:00,0.7316666666666666
2022-09-18 01:30:00,0.725
2022-09-18 02:00:00,0.73
2022-09-18 02:30:00,0.7216666666666667
2022-09-18 03:00:00,0.7216666666666667
2022-09-18 03:30:00,0.7200000000000001
2022-09-18 04:00:00,0.7316666666666668
2022-09-18 04:30:00,0.735
2022-09-18 05:00:00,0.7683333333333332
2022-09-18 05:30:00,0.7616666666666667
2022-09-18 06:00:00,0.7816666666666667
2022-09-18 06:30:00,0.7566666666666667
2022-09-18 07:00:00,0.7549999999999999
2022-09-18 07:30:00,0.7466666666666667
2022-09-18 08:00:00,0.7666666666666666
2022-09-18 08:30:00,0.7599999999999999
2022-09-18 09:00:00,0.7483333333333334
2022-09-18 09:30:00,0.7583333333333334
2022-09-18 10:00:00,0.7783333333333333
2022-09-18 10:30:00,0.7816666666666666
2022-09-18 11:00:00,0.77
2022-09-18 11:30:00,0.7799999999999999
2022-09-18 12:00:00,0.7949999999999999
2022-09-18 12:30:00,0.8000000000000002
2022-09-18 13:00:00,0.7433333333333333
2022-09-18 13:30:00,0.7666666666666666
2022-09-18 14:00:00,0.7316666666666666
2022-09-18 14:30:00,0.715
2022-09-18 15:00:00,0.7600000000000001
2022-09-18 15:30:00,0.7483333333333334
2022-09-18 16:00:00,0.775
2022-09-18 16:30:00,0.7583333333333333
2022-09-18 17:00:00,0.7266666666666667
2022-09-18 17:30:00,0.71
2022-09-18 18:00:00,0.7333333333333334
2022-09-18 18:30:00,0.7383333333333333
2022-09-18 19:00:00,0.7483333333333334
2022-09-18 19:30:00,0.7433333333333333
2022-09-18 20:00:00,0.7533333333333333
2022-09-18 20:30:00,0.7883333333333334
2022-09-18 21:00:00,0.81
2022-09-18 21:30:00,0.7966666666666667
2022-09-18 22:00:00,0.8183333333333334
2022-09-18 22:30:00,0.8066666666666666
2022-09-18 23:00:00,0.8033333333333333
2022-09-18 23:30:00,0.7666666666666666
2022-09-19 00:00:00,0.7916666666666666
2022-09-19 00:30:00,0.8000000000000002
2022-09-19 01:00:00,218.46833333333333
2022-09-19 01:30:00,38.626666666666665
2022-09-19 02:00:00,3.978333333333333
2022-09-19 02:30:00,3.67
2022-09-19 03:00:00,2.688333333333333
2022-09-19 03:30:00,2.6733333333333333
2022-09-19 04:00:00,2.4983333333333335
2022-09-19 04:30:00,2.5683333333333334
2022-09-19 05:00:00,2.625
2022-09-19 05:30:00,2.1333333333333333
2022-09-19 06:00:00,1.795
2022-09-19 06:30:00,1.6466666666666667
2022-09-19 07:00:00,1.6033333333333333
2022-09-19 07:30:00,1.3883333333333334
2022-09-19 08:00:00,1.265
2022-09-19 08:30:00,1.2133333333333334
2022-09-19 09:00:00,1.2233333333333334
2022-09-19 09:30:00,1.2516666666666667
2022-09-19 10:00:00,1.2633333333333334
2022-09-19 10:30:00,1.2466666666666668
2022-09-19 11:00:00,1.2366666666666666
2022-09-19 11:30:00,1.2483333333333333
2022-09-19 12:00:00,1.305
2022-09-19 12:30:00,1.2766666666666666
2022-09-19 13:00:00,1.2183333333333333
2022-09-19 13:30:00,1.2
2022-09-19 14:00:00,1.19
2022-09-19 14:30:00,1.1916666666666667
2022-09-19 15:00:00,1.16
2022-09-19 15:30:00,1.1316666666666666
2022-09-19 16:00:00,1.1433333333333333
2022-09-19 16:30:00,1.1333333333333335
2022-09-19 17:00:00,1.1433333333333333
2022-09-19 17:30:00,1.1766666666666667
2022-09-19 18:00:00,1.1566666666666667
2022-09-19 18:30:00,1.1966666666666665
2022-09-19 19:00:00,1.1766666666666667
2022-09-19 19:30:00,1.215
2022-09-19 20:00:00,1.2249999999999999
2022-09-19 20:30:00,1.2216666666666667
2022-09-19 21:00:00,1.2033333333333334
2022-09-19 21:30:00,1.2249999999999999
2022-09-19 22:00:00,1.21
2022-09-19 22:30:00,1.2383333333333333
2022-09-19 23:00:00,1.2083333333333333
2022-09-19 23:30:00,1.1883333333333332
2022-09-20 00:00:00,1.1766666666666667
2022-09-20 00:30:00,1.1733333333333336
2022-09-20 01:00:00,1.155
2022-09-20 01:30:00,1.1566666666666665
2022-09-20 02:00:00,1.1533333333333333
2022-09-20 02:30:00,1.1666666666666667
2022-09-20 03:00:00,1.1533333333333333
2022-09-20 03:30:00,1.155
2022-09-20 04:00:00,1.1383333333333334
2022-09-20 04:30:00,1.14
2022-09-20 05:00:00,1.1316666666666668
2022-09-20 05:30:00,1.11
2022-09-20 06:00:00,1.1133333333333333
2022-09-20 06:30:00,1.125
2022-09-20 07:00:00,1.1266666666666667
2022-09-20 07:30:00,1.165
2022-09-20 08:00:00,1.1483333333333334
2022-09-20 08:30:00,1.1783333333333335
2022-09-20 09:00:00,1.1983333333333333
2022-09-20 09:30:00,1.2383333333333333
2022-09-20 10:00:00,1.2333333333333334
2022-09-20 10:30:00,1.28
2022-09-20 11:00:00,1.33
2022-09-20 11:30:00,1.2850000000000001
2022-09-20 12:00:00,1.2466666666666666
2022-09-20 12:30:00,1.255
2022-09-20 13:00:00,1.185
2022-09-20 13:30:00,1.1616666666666668
2022-09-20 14:00:00,1.1233333333333333
2022-09-20 14:30:00,1.145
2022-09-20 15:00:00,1.1466666666666667
2022-09-20 15:30:00,1.12
2022-09-20 16:00:00,1.1183333333333334
2022-09-20 16:30:00,1.1116666666666666
2022-09-20 17:00:00,1.1083333333333334
2022-09-20 17:30:00,1.095
2022-09-20 18:00:00,1.09
2022-09-20 18:30:00,1.055
2022-09-20 19:00:00,1.0533333333333335
2022-09-20 19:30:00,1.0666666666666667
2022-09-20 20:00:00,1.0599999999999998
2022-09-20 20:30:00,1.1216666666666668
2022-09-20 21:00:00,1.0716666666666665
2022-09-20 21:30:00,1.0916666666666668
2022-09-20 22:00:00,1.1133333333333333
2022-09-20 22:30:00,1.145
2022-09-20 23:00:00,1.125
2022-09-20 23:30:00,1.1050000000000002
2022-09-21 00:00:00,1.1033333333333333
2022-09-21 00:30:00,1.0999999999999999
2022-09-21 01:00:00,1.0866666666666667
2022-09-21 01:30:00,1.0933333333333335
2022-09-21 02:00:00,1.0883333333333332
2022-09-21 02:30:00,1.1
2022-09-21 03:00:00,1.0966666666666667
2022-09-21 03:30:00,1.1133333333333333
2022-09-21 04:00:00,1.0983333333333334
2022-09-21 04:30:00,1.1066666666666667
2022-09-21 05:00:00,1.09
2022-09-21 05:30:00,1.1033333333333333
2022-09-21 06:00:00,1.1033333333333333
2022-09-21 06:30:00,1.1183333333333334
2022-09-21 07:00:00,1.0933333333333335
2022-09-21 07:30:00,1.1566666666666667
2022-09-21 08:00:00,1.185
2022-09-21 08:30:00,1.2133333333333332
2022-09-21 09:00:00,1.2666666666666666
2022-09-21 09:30:00,1.38
2022-09-21 10:00:00,1.3816666666666666
2022-09-21 10:30:00,1.3883333333333334
2022-09-21 11:00:00,1.405
2022-09-21 11:30:00,1.4016666666666666
2022-09-21 12:00:00,1.4000000000000001
2022-09-21 12:30:00,1.4166666666666667
2022-09-21 13:00:00,1.4316666666666666
2022-09-21 13:30:00,1.4416666666666667
2022-09-21 14:00:00,1.3883333333333334
2022-09-21 14:30:00,1.3716666666666668
2022-09-21 15:00:00,1.3733333333333333
2022-09-21 15:30:00,1.3699999999999999
2022-09-21 16:00:00,1.3766666666666667
2022-09-21 16:30:00,1.38
2022-09-21 17:00:00,1.3783333333333332
2022-09-21 17:30:00,1.0999999999999999
2022-09-21 18:00:00,1.12
2022-09-21 18:30:00,1.1216666666666668
2022-09-21 19:00:00,1.14
2022-09-21 19:30:00,1.1383333333333334
2022-09-21 20:00:00,1.13
2022-09-21 20:30:00,1.1316666666666666
2022-09-21 21:00:00,1.1433333333333333
2022-09-21 21:30:00,1.1283333333333332
2022-09-21 22:00:00,1.135
2022-09-21 22:30:00,1.1083333333333334
2022-09-21 23:00:00,1.14
2022-09-21 23:30:00,1.0899999999999999
2022-09-22 00:00:00,1.1116666666666666
2022-09-22 00:30:00,1.125
2022-09-22 01:00:00,1.1783333333333335
2022-09-22 01:30:00,1.16
2022-09-22 02:00:00,1.1483333333333332
2022-09-22 02:30:00,1.1183333333333334
2022-09-22 03:00:00,1.1500000000000001
2022-09-22 03:30:00,1.1483333333333332
2022-09-22 04:00:00,1.1683333333333332
2022-09-22 04:30:00,1.16
2022-09-22 05:00:00,1.1716666666666666
2022-09-22 05:30:00,1.1516666666666666
2022-09-22 06:00:00,1.1716666666666666
2022-09-22 06:30:00,1.1566666666666665
2022-09-22 07:00:00,1.14
2022-09-22 07:30:00,1.1566666666666665
2022-09-22 08:00:00,1.1583333333333334
2022-09-22 08:30:00,1.17
2022-09-22 09:00:00,1.265
2022-09-22 09:30:00,1.265
2022-09-22 10:00:00,1.265
2022-09-22 10:30:00,1.3499999999999999
2022-09-22 11:00:00,1.305
2022-09-22 11:30:00,1.3716666666666668
2022-09-22 12:00:00,1.335
2022-09-22 12:30:00,1.2816666666666667
2022-09-22 13:00:00,1.2216666666666667
2022-09-22 13:30:00,1.2416666666666667
2022-09-22 14:00:00,1.1933333333333334
2022-09-22 14:30:00,1.1916666666666667
2022-09-22 15:00:00,1.19
2022-09-22 15:30:00,1.23
2022-09-22 16:00:00,1.13
2022-09-22 16:30:00,1.135
2022-09-22 17:00:00,1.1416666666666668
2022-09-22 17:30:00,1.125
2022-09-22 18:00:00,1.135
2022-09-22 18:30:00,1.1183333333333334
2022-09-22 19:00:00,1.125
2022-09-22 19:30:00,1.1133333333333333
2022-09-22 20:00:00,1.105
2022-09-22 20:30:00,1.0966666666666667
2022-09-22 21:00:00,1.0883333333333334
2022-09-22 21:30:00,1.1066666666666667
2022-09-22 22:00:00,1.1216666666666668
2022-09-22 22:30:00,1.1366666666666667
2022-09-22 23:00:00,1.1183333333333334
2022-09-22 23:30:00,1.105
2022-09-23 00:00:00,1.1300000000000001
2022-09-23 00:30:00,1.1133333333333333
2022-09-23 01:00:00,1.1316666666666666
2022-09-23 01:30:00,1.1283333333333332
2022-09-23 02:00:00,1.1333333333333333
2022-09-23 02:30:00,1.1366666666666667
2022-09-23 03:00:00,1.1333333333333333
2022-09-23 03:30:00,1.1666666666666667
2022-09-23 04:00:00,1.1616666666666666
2022-09-23 04:30:00,1.185
2022-09-23 05:00:00,1.165
2022-09-23 05:30:00,1.135
2022-09-23 06:00:00,1.1283333333333332
2022-09-23 06:30:00,1.1483333333333332
2022-09-23 07:00:00,1.1466666666666667
2022-09-23 07:30:00,1.1483333333333334
2022-09-23 08:00:00,1.1300000000000001
2022-09-23 08:30:00,1.1466666666666667
2022-09-23 09:00:00,1.1583333333333332
2022-09-23 09:30:00,1.14
2022-09-23 10:00:00,1.1849999999999998
2022-09-23 10:30:00,1.1766666666666667
2022-09-23 11:00:00,1.17
2022-09-23 11:30:00,1.1516666666666666
2022-09-23 12:00:00,1.17
2022-09-23 12:30:00,1.1883333333333332
2022-09-23 13:00:00,1.1816666666666666
2022-09-23 13:30:00,1.1849999999999998
2022-09-23 14:00:00,1.1933333333333334
2022-09-23 14:30:00,1.1333333333333333
2022-09-23 15:00:00,1.1633333333333333
2022-09-23 15:30:00,1.1683333333333332
2022-09-23 16:00:00,1.1633333333333333
2022-09-23 16:30:00,1.1633333333333333
2022-09-23 17:00:00,1.1433333333333333
2022-09-23 17:30:00,1.1483333333333332
2022-09-23 18:00:00,1.1483333333333332
2022-09-23 18:30:00,1.1433333333333333
2022-09-23 19:00:00,1.1583333333333334
2022-09-23 19:30:00,1.1683333333333332
2022-09-23 20:00:00,1.1866666666666668
2022-09-23 20:30:00,1.1866666666666665
2022-09-23 21:00:00,1.195
2022-09-23 21:30:00,1.2083333333333333
2022-09-23 22:00:00,1.1466666666666667
2022-09-23 22:30:00,1.155
2022-09-23 23:00:00,1.185
2022-09-23 23:30:00,1.1416666666666666
2022-09-24 00:00:00,1.1733333333333331
2022-09-24 00:30:00,1.16
2022-09-24 01:00:00,1.1166666666666667
2022-09-24 01:30:00,1.1266666666666667
2022-09-24 02:00:00,1.1233333333333333
2022-09-24 02:30:00,1.1083333333333334
2022-09-24 03:00:00,1.1266666666666667
2022-09-24 03:30:00,1.1366666666666667
2022-09-24 04:00:00,1.1533333333333333
2022-09-24 04:30:00,1.1333333333333333
2022-09-24 05:00:00,1.18
2022-09-24 05:30:00,1.1333333333333335
2022-09-24 06:00:00,1.1366666666666667
2022-09-24 06:30:00,1.1333333333333335
2022-09-24 07:00:00,1.165
2022-09-24 07:30:00,1.2216666666666667
2022-09-24 08:00:00,1.2983333333333336
2022-09-24 08:30:00,1.4516666666666669
2022-09-24 09:00:00,8.278333333333334
2022-09-24 09:30:00,0.9500000000000001
2022-09-24 10:00:00,0.9666666666666668
2022-09-24 10:30:00,0.9366666666666665
2022-09-24 11:00:00,0.9266666666666667
2022-09-24 11:30:00,0.9433333333333334
2022-09-24 12:00:00,0.93
2022-09-24 12:30:00,0.9066666666666666
2022-09-24 13:00:00,0.895
2022-09-24 13:30:00,0.9033333333333333
2022-09-24 14:00:00,0.9049999999999999
2022-09-24 14:30:00,0.9733333333333333
2022-09-24 15:00:00,0.9400000000000001
2022-09-24 15:30:00,0.7916666666666666
2022-09-24 16:00:00,0.7883333333333334
2022-09-24 16:30:00,0.8066666666666666
2022-09-24 17:00:00,0.8483333333333333
2022-09-24 17:30:00,0.8583333333333334
2022-09-24 18:00:00,0.8700000000000001
2022-09-24 18:30:00,0.8916666666666666
2022-09-24 19:00:00,0.82
2022-09-24 19:30:00,0.8783333333333333
2022-09-24 20:00:00,0.8166666666666668
2022-09-24 20:30:00,0.8033333333333333
2022-09-24 21:00:00,0.82
2022-09-24 21:30:00,0.835
2022-09-24 22:00:00,0.8316666666666667
2022-09-24 22:30:00,0.8416666666666667
2022-09-24 23:00:00,0.8416666666666667
2022-09-24 23:30:00,0.8450000000000001
2022-09-25 00:00:00,0.8366666666666666
2022-09-25 00:30:00,0.8266666666666667
2022-09-25 01:00:00,0.8266666666666667
2022-09-25 01:30:00,0.8249999999999998
2022-09-25 02:00:00,0.8283333333333333
2022-09-25 02:30:00,0.8183333333333334
2022-09-25 03:00:00,0.8216666666666667
2022-09-25 03:30:00,0.8183333333333334
2022-09-25 04:00:00,0.8183333333333334
2022-09-25 04:30:00,0.8266666666666667
2022-09-25 05:00:00,0.81
2022-09-25 05:30:00,0.82
2022-09-25 06:00:00,0.8150000000000001
2022-09-25 06:30:00,0.8133333333333334
2022-09-25 07:00:00,0.8116666666666666
2022-09-25 07:30:00,0.8366666666666666
2022-09-25 08:00:00,0.8533333333333334
2022-09-25 08:30:00,0.8633333333333333
2022-09-25 09:00:00,0.875
2022-09-25 09:30:00,0.8983333333333334
2022-09-25 10:00:00,0.915
2022-09-25 10:30:00,0.9233333333333333
2022-09-25 11:00:00,0.9216666666666665
2022-09-25 11:30:00,0.94
2022-09-25 12:00:00,61.82333333333333
2022-09-25 12:30:00,1.8550000000000002
2022-09-25 13:00:00,1.7249999999999999
2022-09-25 13:30:00,1.8549999999999998
2022-09-25 14:00:00,1.5916666666666668
2022-09-25 14:30:00,1.5483333333333331
2022-09-25 15:00:00,1.4733333333333334
2022-09-25 15:30:00,1.3366666666666667
2022-09-25 16:00:00,1.235
2022-09-25 16:30:00,1.1983333333333335
2022-09-25 17:00:00,1.185
2022-09-25 17:30:00,1.195
2022-09-25 18:00:00,1.1416666666666666
2022-09-25 18:30:00,1.155
2022-09-25 19:00:00,1.2033333333333334
2022-09-25 19:30:00,1.1916666666666667
2022-09-25 20:00:00,1.1983333333333333
2022-09-25 20:30:00,1.1616666666666666
2022-09-25 21:00:00,1.175
2022-09-25 21:30:00,1.1966666666666665
2022-09-25 22:00:00,1.1716666666666666
2022-09-25 22:30:00,1.1416666666666666
2022-09-25 23:00:00,1.1433333333333333
2022-09-25 23:30:00,1.1683333333333332
2022-09-26 00:00:00,1.1533333333333333
2022-09-26 00:30:00,1.17
2022-09-26 01:00:00,1.1449999999999998
2022-09-26 01:30:00,1.1666666666666667
2022-09-26 02:00:00,1.16
2022-09-26 02:30:00,1.1516666666666666
2022-09-26 03:00:00,1.1583333333333332
2022-09-26 03:30:00,1.1633333333333333
2022-09-26 04:00:00,1.1516666666666666
2022-09-26 04:30:00,1.1666666666666667
2022-09-26 05:00:00,1.175
2022-09-26 05:30:00,1.2
2022-09-26 06:00:00,1.1883333333333332
2022-09-26 06:30:00,1.1916666666666667
2022-09-26 07:00:00,1.1833333333333333
2022-09-26 07:30:00,1.1733333333333331
2022-09-26 08:00:00,1.17
2022-09-26 08:30:00,1.1383333333333334
2022-09-26 09:00:00,1.145
2022-09-26 09:30:00,1.2066666666666668
2022-09-26 10:00:00,1.1900000000000002
2022-09-26 10:30:00,1.2083333333333333
2022-09-26 11:00:00,1.2049999999999998
2022-09-26 11:30:00,1.1966666666666665
2022-09-26 12:00:00,1.1733333333333333
2022-09-26 12:30:00,1.1766666666666665
2022-09-26 13:00:00,1.2116666666666667
2022-09-26 13:30:00,1.1883333333333332
2022-09-26 14:00:00,1.195
2022-09-26 14:30:00,1.215
2022-09-26 15:00:00,1.195
2022-09-26 15:30:00,1.2033333333333334
2022-09-26 16:00:00,1.135
2022-09-26 16:30:00,1.1983333333333333
2022-09-26 17:00:00,1.2083333333333333
2022-09-26 17:30:00,1.2
2022-09-26 18:00:00,1.175
2022-09-26 18:30:00,1.1533333333333333
2022-09-26 19:00:00,1.1583333333333334
2022-09-26 19:30:00,1.1333333333333333
2022-09-26 20:00:00,1.13
2022-09-26 20:30:00,1.1233333333333333
2022-09-26 21:00:00,1.1166666666666667
2022-09-26 21:30:00,1.1266666666666667
2022-09-26 22:00:00,1.0983333333333334
2022-09-26 22:30:00,1.1066666666666667
2022-09-26 23:00:00,1.11
2022-09-26 23:30:00,1.0766666666666667
2022-09-27 00:00:00,1.1050000000000002
2022-09-27 00:30:00,1.11
2022-09-27 01:00:00,1.1066666666666667
2022-09-27 01:30:00,1.0983333333333334
2022-09-27 02:00:00,1.0816666666666668
2022-09-27 02:30:00,1.0933333333333335
2022-09-27 03:00:00,1.09
2022-09-27 03:30:00,1.0833333333333333
2022-09-27 04:00:00,1.105
2022-09-27 04:30:00,1.1066666666666667
2022-09-27 05:00:00,1.0999999999999999
2022-09-27 05:30:00,1.1216666666666668
2022-09-27 06:00:00,1.1166666666666667
2022-09-27 06:30:00,1.1116666666666666
2022-09-27 07:00:00,1.1266666666666667
2022-09-27 07:30:00,1.1233333333333333
2022-09-27 08:00:00,1.1416666666666668
2022-09-27 08:30:00,1.13
2022-09-27 09:00:00,1.1683333333333332
2022-09-27 09:30:00,1.2183333333333335
2022-09-27 10:00:00,1.3316666666666668
2022-09-27 10:30:00,1.3483333333333334
2022-09-27 11:00:00,1.3783333333333332
2022-09-27 11:30:00,1.385
2022-09-27 12:00:00,1.39
2022-09-27 12:30:00,1.3533333333333335
2022-09-27 13:00:00,1.3549999999999998
2022-09-27 13:30:00,1.3433333333333335
2022-09-27 14:00:00,1.4183333333333332
2022-09-27 14:30:00,1.3183333333333334
2022-09-27 15:00:00,1.2916666666666667
2022-09-27 15:30:00,1.4483333333333335
2022-09-27 16:00:00,1.2166666666666666
2022-09-27 16:30:00,1.1849999999999998
2022-09-27 17:00:00,1.2366666666666666
2022-09-27 17:30:00,1.1933333333333334
2022-09-27 18:00:00,1.2383333333333333
2022-09-27 18:30:00,1.205
2022-09-27 19:00:00,1.23
2022-09-27 19:30:00,1.2083333333333333
2022-09-27 20:00:00,1.2066666666666668
2022-09-27 20:30:00,1.2033333333333334
2022-09-27 21:00:00,1.2233333333333334
2022-09-27 21:30:00,1.1916666666666667
2022-09-27 22:00:00,1.2183333333333335
2022-09-27 22:30:00,1.2433333333333332
2022-09-27 23:00:00,1.2283333333333333
2022-09-27 23:30:00,1.2133333333333334
2022-09-28 00:00:00,1.2433333333333334
2022-09-28 00:30:00,1.2033333333333334
2022-09-28 01:00:00,1.2416666666666665
2022-09-28 01:30:00,1.1983333333333333
2022-09-28 02:00:00,1.2466666666666666
2022-09-28 02:30:00,1.205
2022-09-28 03:00:00,1.2433333333333334
2022-09-28 03:30:00,1.1983333333333333
2022-09-28 04:00:00,1.24
2022-09-28 04:30:00,1.205
2022-09-28 05:00:00,1.26
2022-09-28 05:30:00,1.2216666666666667
2022-09-28 06:00:00,1.2766666666666666
2022-09-28 06:30:00,1.215
2022-09-28 07:00:00,1.2566666666666666
2022-09-28 07:30:00,1.2416666666666665
2022-09-28 08:00:00,1.3633333333333333
2022-09-28 08:30:00,1.2466666666666668
2022-09-28 09:00:00,1.305
2022-09-28 09:30:00,1.2533333333333332
2022-09-28 10:00:00,1.3
2022-09-28 10:30:00,1.2583333333333333
2022-09-28 11:00:00,1.2883333333333333
2022-09-28 11:30:00,1.2516666666666667
2022-09-28 12:00:00,1.2966666666666666
2022-09-28 12:30:00,1.2933333333333332
2022-09-28 13:00:00,1.265
2022-09-28 13:30:00,1.24
2022-09-28 14:00:00,1.2716666666666667
2022-09-28 14:30:00,1.2516666666666667
2022-09-28 15:00:00,1.2766666666666666
2022-09-28 15:30:00,1.2733333333333334
2022-09-28 16:00:00,1.2300000000000002
2022-09-28 16:30:00,1.1816666666666666
2022-09-28 17:00:00,1.2116666666666667
2022-09-28 17:30:00,1.1833333333333333
2022-09-28 18:00:00,1.215
2022-09-28 18:30:00,1.1916666666666667
2022-09-28 19:00:00,1.2
2022-09-28 19:30:00,1.1666666666666667
2022-09-28 20:00:00,1.2
2022-09-28 20:30:00,1.18
2022-09-28 21:00:00,1.2550000000000001
2022-09-28 21:30:00,1.2066666666666668
2022-09-28 22:00:00,1.2233333333333334
2022-09-28 22:30:00,1.2033333333333334
2022-09-28 23:00:00,1.2466666666666666
2022-09-28 23:30:00,1.2233333333333334
2022-09-29 00:00:00,1.2
2022-09-29 00:30:00,1.195
2022-09-29 01:00:00,1.2183333333333335
2022-09-29 01:30:00,1.2033333333333334
2022-09-29 02:00:00,1.2283333333333333
2022-09-29 02:30:00,1.2233333333333334
2022-09-29 03:00:00,1.24
2022-09-29 03:30:00,1.2166666666666666
2022-09-29 04:00:00,1.2416666666666667
2022-09-29 04:30:00,1.2433333333333334
2022-09-29 05:00:00,1.2566666666666666
2022-09-29 05:30:00,1.2666666666666668
2022-09-29 06:00:00,1.2716666666666667
2022-09-29 06:30:00,1.26
2022-09-29 07:00:00,1.2750000000000001
2022-09-29 07:30:00,1.2666666666666666
2022-09-29 08:00:00,1.2733333333333334
2022-09-29 08:30:00,1.2283333333333333
2022-09-29 09:00:00,1.2166666666666666
2022-09-29 09:30:00,1.2283333333333333
2022-09-29 10:00:00,1.2750000000000001
2022-09-29 10:30:00,1.33
2022-09-29 11:00:00,1.3733333333333333
2022-09-29 11:30:00,1.3866666666666667
2022-09-29 12:00:00,1.345
2022-09-29 12:30:00,1.3083333333333333
2022-09-29 13:00:00,1.305
2022-09-29 13:30:00,1.32
2022-09-29 14:00:00,1.305
2022-09-29 14:30:00,1.305
2022-09-29 15:00:00,1.325
2022-09-29 15:30:00,1.3216666666666665
2022-09-29 16:00:00,1.285
2022-09-29 16:30:00,1.3933333333333333
2022-09-29 17:00:00,1.235
2022-09-29 17:30:00,1.24
2022-09-29 18:00:00,1.2566666666666666
2022-09-29 18:30:00,1.2433333333333334
2022-09-29 19:00:00,1.2416666666666667
2022-09-29 19:30:00,1.2333333333333334
2022-09-29 20:00:00,1.2449999999999999
2022-09-29 20:30:00,1.2266666666666668
2022-09-29 21:00:00,1.2033333333333334
2022-09-29 21:30:00,1.22
2022-09-29 22:00:00,1.2083333333333333
2022-09-29 22:30:00,1.205
2022-09-29 23:00:00,1.2
2022-09-29 23:30:00,1.2016666666666667
2022-09-30 00:00:00,1.2033333333333334
2022-09-30 00:30:00,1.235
2022-09-30 01:00:00,1.2
2022-09-30 01:30:00,1.2033333333333334
2022-09-30 02:00:00,1.2
2022-09-30 02:30:00,1.21
2022-09-30 03:00:00,1.2083333333333333
2022-09-30 03:30:00,1.2466666666666668
2022-09-30 04:00:00,1.2233333333333334
2022-09-30 04:30:00,1.2366666666666666
2022-09-30 05:00:00,1.2066666666666668
2022-09-30 05:30:00,1.2183333333333335
2022-09-30 06:00:00,1.2233333333333334
2022-09-30 06:30:00,1.25
2022-09-30 07:00:00,1.2216666666666667
2022-09-30 07:30:00,1.2616666666666667
2022-09-30 08:00:00,1.33
2022-09-30 08:30:00,1.2066666666666668
2022-09-30 09:00:00,1.2416666666666665
2022-09-30 09:30:00,1.3166666666666667
2022-09-30 10:00:00,1.4133333333333333
2022-09-30 10:30:00,1.406666666666667
2022-09-30 11:00:00,1.3950000000000002
2022-09-30 11:30:00,1.4633333333333332
2022-09-30 12:00:00,1.4716666666666667
2022-09-30 12:30:00,1.4683333333333335
2022-09-30 13:00:00,1.3633333333333333
2022-09-30 13:30:00,1.3516666666666666
2022-09-30 14:00:00,1.3316666666666668
2022-09-30 14:30:00,1.3566666666666667
2022-09-30 15:00:00,1.3800000000000001
2022-09-30 15:30:00,1.3099999999999998
2022-09-30 16:00:00,1.4100000000000001
2022-09-30 16:30:00,1.3816666666666666
2022-09-30 17:00:00,1.2133333333333334
2022-09-30 17:30:00,1.18
2022-09-30 18:00:00,1.165
2022-09-30 18:30:00,1.1433333333333333
2022-09-30 19:00:00,1.1533333333333333
2022-09-30 19:30:00,1.1633333333333333
2022-09-30 20:00:00,1.1483333333333334
2022-09-30 20:30:00,1.1233333333333333
2022-09-30 21:00:00,1.1500000000000001
2022-09-30 21:30:00,1.1683333333333332
2022-09-30 22:00:00,1.1433333333333333
2022-09-30 22:30:00,1.1866666666666665
2022-09-30 23:00:00,1.1733333333333331
2022-09-30 23:30:00,1.19
2022-10-01 00:00:00,1.1883333333333332
2022-10-01 00:30:00,1.18
2022-10-01 01:00:00,1.1600000000000001
2022-10-01 01:30:00,1.1716666666666666
2022-10-01 02:00:00,1.14
2022-10-01 02:30:00,1.16
2022-10-01 03:00:00,1.14
2022-10-01 03:30:00,1.1566666666666667
2022-10-01 04:00:00,1.1566666666666667
2022-10-01 04:30:00,1.1583333333333334
2022-10-01 05:00:00,1.1516666666666666
2022-10-01 05:30:00,1.18
2022-10-01 06:00:00,1.1616666666666668
2022-10-01 06:30:00,1.2083333333333333
2022-10-01 07:00:00,1.2133333333333332
2022-10-01 07:30:00,1.2233333333333334
2022-10-01 08:00:00,1.23
2022-10-01 08:30:00,1.2233333333333334
2022-10-01 09:00:00,1.2766666666666666
2022-10-01 09:30:00,1.3233333333333333
2022-10-01 10:00:00,1.345
2022-10-01 10:30:00,1.5083333333333335
2022-10-01 11:00:00,8.458333333333334
2022-10-01 11:30:00,0.9349999999999999
2022-10-01 12:00:00,0.9349999999999999
2022-10-01 12:30:00,0.9333333333333332
2022-10-01 13:00:00,0.9666666666666667
2022-10-01 13:30:00,0.9216666666666665
2022-10-01 14:00:00,0.8716666666666667
2022-10-01 14:30:00,0.8616666666666667
2022-10-01 15:00:00,0.84
2022-10-01 15:30:00,0.8383333333333333
2022-10-01 16:00:00,0.8300000000000001
2022-10-01 16:30:00,0.8183333333333334
2022-10-01 17:00:00,0.8183333333333334
2022-10-01 17:30:00,0.8233333333333333
2022-10-01 18:00:00,0.8266666666666667
2022-10-01 18:30:00,0.8133333333333334
2022-10-01 19:00:00,0.82
2022-10-01 19:30:00,0.8183333333333334
2022-10-01 20:00:00,0.8516666666666667
2022-10-01 20:30:00,0.8150000000000001
2022-10-01 21:00:00,0.8216666666666667
2022-10-01 21:30:00,0.835
2022-10-01 22:00:00,0.82
2022-10-01 22:30:00,0.8150000000000001
2022-10-01 23:00:00,0.8300000000000001
2022-10-01 23:30:00,0.8000000000000002
2022-10-02 00:00:00,0.8033333333333333
2022-10-02 00:30:00,0.7949999999999999
2022-10-02 01:00:00,0.8450000000000001
2022-10-02 01:30:00,0.8016666666666667
2022-10-02 02:00:00,0.8083333333333332
2022-10-02 02:30:00,0.805
2022-10-02 03:00:00,0.8083333333333332
2022-10-02 03:30:00,0.8133333333333334
2022-10-02 04:00:00,0.8083333333333332
2022-10-02 04:30:00,0.8150000000000001
2022-10-02 05:00:00,0.8166666666666668
2022-10-02 05:30:00,0.8066666666666666
2022-10-02 06:00:00,0.815
2022-10-02 06:30:00,0.8000000000000002
2022-10-02 07:00:00,0.8249999999999998
2022-10-02 07:30:00,0.8133333333333334
2022-10-02 08:00:00,0.8716666666666667
2022-10-02 08:30:00,0.88
2022-10-02 09:00:00,0.8866666666666667
2022-10-02 09:30:00,0.9133333333333334
2022-10-02 10:00:00,0.9899999999999999
2022-10-02 10:30:00,0.9500000000000001
2022-10-02 11:00:00,0.9500000000000001
2022-10-02 11:30:00,0.9183333333333333
2022-10-02 12:00:00,98.52500000000002
2022-10-02 12:30:00,2.018333333333333
2022-10-02 13:00:00,1.9649999999999999
2022-10-02 13:30:00,1.7816666666666665
2022-10-02 14:00:00,1.625
2022-10-02 14:30:00,1.6383333333333334
2022-10-02 15:00:00,1.4416666666666667
2022-10-02 15:30:00,1.2333333333333334
2022-10-02 16:00:00,1.1900000000000002
2022-10-02 16:30:00,1.1900000000000002
2022-10-02 17:00:00,1.1616666666666666
2022-10-02 17:30:00,1.1916666666666667
2022-10-02 18:00:00,1.2833333333333334
2022-10-02 18:30:00,1.1833333333333333
2022-10-02 19:00:00,1.1516666666666666
2022-10-02 19:30:00,1.1966666666666665
2022-10-02 20:00:00,1.195
2022-10-02 20:30:00,1.2583333333333333
2022-10-02 21:00:00,1.2016666666666667
2022-10-02 21:30:00,1.1633333333333333
2022-10-02 22:00:00,1.1733333333333331
2022-10-02 22:30:00,1.155
2022-10-02 23:00:00,1.1783333333333335
2022-10-02 23:30:00,1.1583333333333334
2022-10-03 00:00:00,1.155
2022-10-03 00:30:00,1.1216666666666666
2022-10-03 01:00:00,1.1566666666666667
2022-10-03 01:30:00,1.2466666666666668
2022-10-03 02:00:00,1.1516666666666666
2022-10-03 02:30:00,1.1500000000000001
2022-10-03 03:00:00,1.155
2022-10-03 03:30:00,1.1666666666666667
2022-10-03 04:00:00,1.1616666666666666
2022-10-03 04:30:00,1.1283333333333332
2022-10-03 05:00:00,1.1483333333333332
2022-10-03 05:30:00,1.1316666666666666
2022-10-03 06:00:00,1.1616666666666666
2022-10-03 06:30:00,1.1649999999999998
2022-10-03 07:00:00,1.2116666666666667
2022-10-03 07:30:00,1.2716666666666667
2022-10-03 08:00:00,1.31
2022-10-03 08:30:00,1.295
2022-10-03 09:00:00,1.2966666666666666
2022-10-03 09:30:00,1.2866666666666666
2022-10-03 10:00:00,1.3066666666666666
2022-10-03 10:30:00,1.3549999999999998
2022-10-03 11:00:00,1.2933333333333332
2022-10-03 11:30:00,1.3166666666666667
2022-10-03 12:00:00,1.36
2022-10-03 12:30:00,1.31
2022-10-03 13:00:00,1.365
2022-10-03 13:30:00,1.2366666666666666
2022-10-03 14:00:00,1.2083333333333333
2022-10-03 14:30:00,1.2433333333333334
2022-10-03 15:00:00,1.1933333333333334
2022-10-03 15:30:00,1.2633333333333334
2022-10-03 16:00:00,1.2716666666666667
2022-10-03 16:30:00,1.2249999999999999
2022-10-03 17:00:00,1.1033333333333333
2022-10-03 17:30:00,1.1733333333333333
2022-10-03 18:00:00,1.2216666666666667
2022-10-03 18:30:00,1.1183333333333334
2022-10-03 19:00:00,1.125
2022-10-03 19:30:00,1.1033333333333333
2022-10-03 20:00:00,1.2166666666666668
2022-10-03 20:30:00,1.0866666666666667
2022-10-03 21:00:00,1.1433333333333333
2022-10-03 21:30:00,1.12
2022-10-03 22:00:00,1.09
2022-10-03 22:30:00,1.1500000000000001
2022-10-03 23:00:00,1.1766666666666667
2022-10-03 23:30:00,1.0533333333333332
2022-10-04 00:00:00,1.0433333333333332
2022-10-04 00:30:00,1.0966666666666667
2022-10-04 01:00:00,1.1849999999999998
2022-10-04 01:30:00,1.075
2022-10-04 02:00:00,1.0599999999999998
2022-10-04 02:30:00,1.14
2022-10-04 03:00:00,1.0999999999999999
2022-10-04 03:30:00,1.045
2022-10-04 04:00:00,1.1016666666666666
2022-10-04 04:30:00,1.1066666666666667
2022-10-04 05:00:00,1.0833333333333333
2022-10-04 05:30:00,1.1433333333333333
2022-10-04 06:00:00,1.1933333333333334
2022-10-04 06:30:00,1.2166666666666668
2022-10-04 07:00:00,1.2266666666666666
2022-10-04 07:30:00,1.1066666666666667
2022-10-04 08:00:00,1.2283333333333333
2022-10-04 08:30:00,1.1500000000000001
2022-10-04 09:00:00,1.0933333333333333
2022-10-04 09:30:00,1.085
2022-10-04 10:00:00,1.1449999999999998
2022-10-04 10:30:00,1.075
2022-10-04 11:00:00,1.11
2022-10-04 11:30:00,1.125
2022-10-04 12:00:00,1.115
2022-10-04 12:30:00,1.105
2022-10-04 13:00:00,1.1083333333333334
2022-10-04 13:30:00,1.1016666666666666
2022-10-04 14:00:00,1.1133333333333333
2022-10-04 14:30:00,1.135
2022-10-04 15:00:00,1.2383333333333333
2022-10-04 15:30:00,1.305
2022-10-04 16:00:00,1.195
2022-10-04 16:30:00,1.2083333333333333
2022-10-04 17:00:00,1.195
2022-10-04 17:30:00,1.2283333333333333
2022-10-04 18:00:00,1.2316666666666667
2022-10-04 18:30:00,1.22
2022-10-04 19:00:00,1.2033333333333334
2022-10-04 19:30:00,1.2333333333333334
2022-10-04 20:00:00,1.2666666666666666
2022-10-04 20:30:00,1.2933333333333332
2022-10-04 21:00:00,1.295
2022-10-04 21:30:00,1.3083333333333333
2022-10-04 22:00:00,1.31
2022-10-04 22:30:00,1.3233333333333335
2022-10-04 23:00:00,1.3733333333333333
2022-10-04 23:30:00,1.2633333333333334
2022-10-05 00:00:00,1.2449999999999999
2022-10-05 00:30:00,1.29
2022-10-05 01:00:00,1.3116666666666668
2022-10-05 01:30:00,1.3133333333333335
2022-10-05 02:00:00,1.3399999999999999
2022-10-05 02:30:00,1.33
2022-10-05 03:00:00,1.3299999999999998
2022-10-05 03:30:00,1.3533333333333335
2022-10-05 04:00:00,1.3433333333333335
2022-10-05 04:30:00,1.3550000000000002
2022-10-05 05:00:00,1.3516666666666666
2022-10-05 05:30:00,1.365
2022-10-05 06:00:00,1.3783333333333332
2022-10-05 06:30:00,1.4533333333333331
2022-10-05 07:00:00,1.3099999999999998
2022-10-05 07:30:00,1.3283333333333334
2022-10-05 08:00:00,1.305
2022-10-05 08:30:00,1.3033333333333335
2022-10-05 09:00:00,1.32
2022-10-05 09:30:00,1.335
2022-10-05 10:00:00,1.3299999999999998
2022-10-05 10:30:00,1.3416666666666668
2022-10-05 11:00:00,1.3299999999999998
2022-10-05 11:30:00,1.3366666666666667
2022-10-05 12:00:00,1.3333333333333333
2022-10-05 12:30:00,1.3433333333333335
2022-10-05 13:00:00,1.3266666666666667
2022-10-05 13:30:00,1.3433333333333335
2022-10-05 14:00:00,1.3533333333333335
2022-10-05 14:30:00,1.36
2022-10-05 15:00:00,1.3483333333333334
2022-10-05 15:30:00,1.4033333333333333
2022-10-05 16:00:00,1.4183333333333332
2022-10-05 16:30:00,1.405
2022-10-05 17:00:00,1.46
2022-10-05 17:30:00,1.4816666666666667
2022-10-05 18:00:00,1.3116666666666668
2022-10-05 18:30:00,1.3
2022-10-05 19:00:00,1.3116666666666668
2022-10-05 19:30:00,1.3583333333333334
2022-10-05 20:00:00,1.3499999999999999
2022-10-05 20:30:00,1.3499999999999999
2022-10-05 21:00:00,1.3466666666666667
2022-10-05 21:30:00,1.3583333333333334
2022-10-05 22:00:00,1.3466666666666667
2022-10-05 22:30:00,1.305
2022-10-05 23:00:00,1.29
2022-10-05 23:30:00,1.2033333333333334
2022-10-06 00:00:00,1.2783333333333333
2022-10-06 00:30:00,1.2683333333333333
2022-10-06 01:00:00,1.205
2022-10-06 01:30:00,1.255
2022-10-06 02:00:00,1.22
2022-10-06 02:30:00,1.2416666666666665
2022-10-06 03:00:00,1.2233333333333334
2022-10-06 03:30:00,1.2516666666666667
2022-10-06 04:00:00,1.2249999999999999
2022-10-06 04:30:00,1.2283333333333333
2022-10-06 05:00:00,1.2516666666666667
2022-10-06 05:30:00,1.24
2022-10-06 06:00:00,1.2316666666666667
2022-10-06 06:30:00,1.2383333333333333
2022-10-06 07:00:00,1.2416666666666667
2022-10-06 07:30:00,1.2683333333333333
2022-10-06 08:00:00,1.2616666666666667
2022-10-06 08:30:00,1.29
2022-10-06 09:00:00,1.2616666666666667
2022-10-06 09:30:00,1.3150000000000002
2022-10-06 10:00:00,1.3099999999999998
2022-10-06 10:30:00,1.3433333333333335
2022-10-06 11:00:00,1.3466666666666667
2022-10-06 11:30:00,1.325
2022-10-06 12:00:00,1.3466666666666667
2022-10-06 12:30:00,1.343333333333333
2022-10-06 13:00:00,1.3916666666666666
2022-10-06 13:30:00,1.4916666666666665
2022-10-06 14:00:00,1.2766666666666666
2022-10-06 14:30:00,1.2133333333333332
2022-10-06 15:00:00,1.2300000000000002
2022-10-06 15:30:00,1.2216666666666667
2022-10-06 16:00:00,1.2083333333333333
2022-10-06 16:30:00,1.1766666666666665
2022-10-06 17:00:00,1.1983333333333333
2022-10-06 17:30:00,1.2249999999999999
2022-10-06 18:00:00,1.2266666666666666
2022-10-06 18:30:00,1.2166666666666666
2022-10-06 19:00:00,1.26
2022-10-06 19:30:00,1.2883333333333333
2022-10-06 20:00:00,1.3083333333333333
2022-10-06 20:30:00,1.24
2022-10-06 21:00:00,1.2183333333333333
2022-10-06 21:30:00,1.2166666666666668
2022-10-06 22:00:00,1.2466666666666668
2022-10-06 22:30:00,1.2633333333333334
2022-10-06 23:00:00,1.235
2022-10-06 23:30:00,1.2416666666666667
2022-10-07 00:00:00,1.2316666666666667
2022-10-07 00:30:00,1.24
2022-10-07 01:00:00,1.2283333333333335
2022-10-07 01:30:00,1.2550000000000001
2022-10-07 02:00:00,1.2233333333333334
2022-10-07 02:30:00,1.265
2022-10-07 03:00:00,1.2216666666666667
2022-10-07 03:30:00,1.2616666666666665
2022-10-07 04:00:00,1.2816666666666665
2022-10-07 04:30:00,1.3266666666666667
2022-10-07 05:00:00,1.2466666666666668
2022-10-07 05:30:00,1.2966666666666666
2022-10-07 06:00:00,1.2783333333333333
2022-10-07 06:30:00,1.3433333333333335
2022-10-07 07:00:00,1.3099999999999998
2022-10-07 07:30:00,1.31
2022-10-07 08:00:00,1.2933333333333332
2022-10-07 08:30:00,1.27
2022-10-07 09:00:00,1.3333333333333333
2022-10-07 09:30:00,1.5233333333333334
2022-10-07 10:00:00,2.8516666666666666
2022-10-07 10:30:00,4.7716666666666665
2022-10-07 11:00:00,0.8166666666666668
2022-10-07 11:30:00,0.8416666666666668
2022-10-07 12:00:00,0.8866666666666667
2022-10-07 12:30:00,0.9033333333333333
2022-10-07 13:00:00,0.8566666666666668
2022-10-07 13:30:00,0.855
2022-10-07 14:00:00,0.8450000000000001
2022-10-07 14:30:00,0.8616666666666667
2022-10-07 15:00:00,0.8683333333333333
2022-10-07 15:30:00,0.875
2022-10-07 16:00:00,0.8616666666666667
2022-10-07 16:30:00,0.87
2022-10-07 17:00:00,0.8616666666666667
2022-10-07 17:30:00,0.8616666666666667
2022-10-07 18:00:00,0.8583333333333334
2022-10-07 18:30:00,0.8483333333333333
2022-10-07 19:00:00,0.8616666666666667
2022-10-07 19:30:00,0.875
2022-10-07 20:00:00,0.86
2022-10-07 20:30:00,0.87
2022-10-07 21:00:00,0.8683333333333333
2022-10-07 21:30:00,0.8616666666666667
2022-10-07 22:00:00,0.8483333333333333
2022-10-07 22:30:00,0.8516666666666666
2022-10-07 23:00:00,0.8333333333333334
2022-10-07 23:30:00,0.8416666666666667
2022-10-08 00:00:00,0.8433333333333334
2022-10-08 00:30:00,0.85
2022-10-08 01:00:00,0.8483333333333333
2022-10-08 01:30:00,0.8483333333333333
2022-10-08 02:00:00,0.8483333333333333
2022-10-08 02:30:00,0.8516666666666666
2022-10-08 03:00:00,0.8633333333333333
2022-10-08 03:30:00,0.8649999999999999
2022-10-08 04:00:00,0.8616666666666667
2022-10-08 04:30:00,0.8533333333333334
2022-10-08 05:00:00,0.85
2022-10-08 05:30:00,0.8416666666666668
2022-10-08 06:00:00,0.8583333333333334
2022-10-08 06:30:00,0.8616666666666667
2022-10-08 07:00:00,0.8466666666666667
2022-10-08 07:30:00,0.8266666666666667
2022-10-08 08:00:00,0.8083333333333332
2022-10-08 08:30:00,0.7683333333333334
2022-10-08 09:00:00,0.7666666666666666
2022-10-08 09:30:00,0.7416666666666666
2022-10-08 10:00:00,0.73
2022-10-08 10:30:00,0.73
2022-10-08 11:00:00,0.7383333333333333
2022-10-08 11:30:00,0.7483333333333334
2022-10-08 12:00:00,0.77
2022-10-08 12:30:00,0.7733333333333334
2022-10-08 13:00:00,0.7599999999999999
2022-10-08 13:30:00,0.8266666666666667
2022-10-08 14:00:00,0.7999999999999999
2022-10-08 14:30:00,0.8150000000000001
2022-10-08 15:00:00,0.8333333333333334
2022-10-08 15:30:00,0.8300000000000001
2022-10-08 16:00:00,0.8216666666666667
2022-10-08 16:30:00,0.7816666666666666
2022-10-08 17:00:00,0.7866666666666666
2022-10-08 17:30:00,0.7566666666666667
2022-10-08 18:00:00,0.7833333333333333
2022-10-08 18:30:00,0.7666666666666666
2022-10-08 19:00:00,0.7683333333333332
2022-10-08 19:30:00,0.7600000000000001
2022-10-08 20:00:00,0.8083333333333332
2022-10-08 20:30:00,0.775
2022-10-08 21:00:00,0.7883333333333334
2022-10-08 21:30:00,0.7783333333333333
2022-10-08 22:00:00,0.7799999999999999
2022-10-08 22:30:00,0.765
2022-10-08 23:00:00,0.75
2022-10-08 23:30:00,0.755
2022-10-09 00:00:00,0.7699999999999999
2022-10-09 00:30:00,0.7766666666666667
2022-10-09 01:00:00,0.7933333333333333
2022-10-09 01:30:00,0.7783333333333333
2022-10-09 02:00:00,0.785
2022-10-09 02:30:00,0.7883333333333334
2022-10-09 03:00:00,0.7933333333333333
2022-10-09 03:30:00,0.7883333333333334
2022-10-09 04:00:00,0.7983333333333333
2022-10-09 04:30:00,0.79
2022-10-09 05:00:00,0.7733333333333334
2022-10-09 05:30:00,0.7783333333333333
2022-10-09 06:00:00,0.775
2022-10-09 06:30:00,0.7716666666666666
2022-10-09 07:00:00,0.77
2022-10-09 07:30:00,0.7716666666666666
2022-10-09 08:00:00,0.79
2022-10-09 08:30:00,0.7883333333333334
2022-10-09 09:00:00,0.8166666666666668
2022-10-09 09:30:00,0.815
2022-10-09 10:00:00,0.815
2022-10-09 10:30:00,0.8099999999999999
2022-10-09 11:00:00,0.82
2022-10-09 11:30:00,0.8183333333333334
2022-10-09 12:00:00,0.8266666666666667
2022-10-09 12:30:00,0.7816666666666666
2022-10-09 13:00:00,0.7716666666666666
2022-10-09 13:30:00,0.7683333333333332
2022-10-09 14:00:00,0.7933333333333333
2022-10-09 14:30:00,0.7949999999999999
2022-10-09 15:00:00,0.7833333333333332
2022-10-09 15:30:00,0.7916666666666666
2022-10-09 16:00:00,0.8133333333333334
2022-10-09 16:30:00,0.8166666666666668
2022-10-09 17:00:00,0.8216666666666667
2022-10-09 17:30:00,0.8033333333333333
2022-10-09 18:00:00,0.7966666666666667
2022-10-09 18:30:00,0.7733333333333334
2022-10-09 19:00:00,0.8300000000000001
2022-10-09 19:30:00,0.8216666666666667
2022-10-09 20:00:00,0.8300000000000001
2022-10-09 20:30:00,0.8300000000000001
2022-10-09 21:00:00,0.84
2022-10-09 21:30:00,0.84
2022-10-09 22:00:00,0.8233333333333334
2022-10-09 22:30:00,0.805
2022-10-09 23:00:00,0.8016666666666667
2022-10-09 23:30:00,0.805
2022-10-10 00:00:00,0.8116666666666666
2022-10-10 00:30:00,0.8033333333333333
2022-10-10 01:00:00,0.8133333333333334
2022-10-10 01:30:00,0.805
2022-10-10 02:00:00,0.82
2022-10-10 02:30:00,0.8249999999999998
2022-10-10 03:00:00,0.8249999999999998
2022-10-10 03:30:00,0.8233333333333333
2022-10-10 04:00:00,0.8300000000000001
2022-10-10 04:30:00,0.8216666666666667
2022-10-10 05:00:00,0.8233333333333333
2022-10-10 05:30:00,0.8283333333333333
2022-10-10 06:00:00,0.8283333333333335
2022-10-10 06:30:00,0.8366666666666666
2022-10-10 07:00:00,0.84
2022-10-10 07:30:00,0.8283333333333333
2022-10-10 08:00:00,0.8450000000000001
2022-10-10 08:30:00,0.8183333333333334
2022-10-10 09:00:00,0.82
2022-10-10 09:30:00,0.8133333333333335
2022-10-10 10:00:00,0.8166666666666668
2022-10-10 10:30:00,0.7949999999999999
2022-10-10 11:00:00,0.85
2022-10-10 11:30:00,0.8166666666666668
2022-10-10 12:00:00,0.82
2022-10-10 12:30:00,0.8266666666666667
2022-10-10 13:00:00,0.8516666666666666
2022-10-10 13:30:00,0.8416666666666667
2022-10-10 14:00:00,0.8016666666666667
2022-10-10 14:30:00,0.7933333333333333
2022-10-10 15:00:00,0.8166666666666668
2022-10-10 15:30:00,0.8166666666666668
2022-10-10 16:00:00,0.8216666666666667
2022-10-10 16:30:00,0.7999999999999999
2022-10-10 17:00:00,0.8566666666666668
2022-10-10 17:30:00,0.8483333333333333
2022-10-10 18:00:00,0.8483333333333333
2022-10-10 18:30:00,0.8216666666666667
2022-10-10 19:00:00,0.8300000000000001
2022-10-10 19:30:00,0.8016666666666667
2022-10-10 20:00:00,0.8366666666666666
2022-10-10 20:30:00,0.8216666666666667
2022-10-10 21:00:00,0.8300000000000001
2022-10-10 21:30:00,0.8416666666666667
2022-10-10 22:00:00,0.8566666666666668
2022-10-10 22:30:00,0.8316666666666667
2022-10-10 23:00:00,0.8233333333333333
2022-10-10 23:30:00,0.8316666666666667
2022-10-11 00:00:00,0.835
2022-10-11 00:30:00,0.8383333333333334
2022-10-11 01:00:00,0.8333333333333334
2022-10-11 01:30:00,0.8283333333333333
2022-10-11 02:00:00,0.8283333333333333
2022-10-11 02:30:00,0.8183333333333334
2022-10-11 03:00:00,0.8183333333333334
2022-10-11 03:30:00,0.8133333333333335
2022-10-11 04:00:00,0.8150000000000001
2022-10-11 04:30:00,0.8166666666666668
2022-10-11 05:00:00,0.8166666666666668
2022-10-11 05:30:00,0.82
2022-10-11 06:00:00,0.8250000000000001
2022-10-11 06:30:00,0.8300000000000001
2022-10-11 07:00:00,0.8283333333333335
2022-10-11 07:30:00,0.8116666666666666
2022-10-11 08:00:00,0.8099999999999999
2022-10-11 08:30:00,0.7983333333333333
2022-10-11 09:00:00,0.7999999999999999
2022-10-11 09:30:00,0.7833333333333332
2022-10-11 10:00:00,0.815
2022-10-11 10:30:00,0.7799999999999999
2022-10-11 11:00:00,0.8433333333333334
2022-10-11 11:30:00,0.8833333333333333
2022-10-11 12:00:00,0.8983333333333333
2022-10-11 12:30:00,0.8866666666666667
2022-10-11 13:00:00,0.8483333333333333
2022-10-11 13:30:00,0.8566666666666668
2022-10-11 14:00:00,0.85
2022-10-11 14:30:00,0.8450000000000001
2022-10-11 15:00:00,0.8483333333333333
2022-10-11 15:30:00,0.8466666666666667
2022-10-11 16:00:00,0.85
2022-10-11 16:30:00,0.8116666666666666
2022-10-11 17:00:00,0.7716666666666666
2022-10-11 17:30:00,0.75
2022-10-11 18:00:00,0.73
2022-10-11 18:30:00,0.7433333333333333
2022-10-11 19:00:00,0.7716666666666666
2022-10-11 19:30:00,0.7866666666666667
2022-10-11 20:00:00,0.7949999999999999
2022-10-11 20:30:00,0.8133333333333334
2022-10-11 21:00:00,0.7949999999999999
2022-10-11 21:30:00,0.7949999999999999
2022-10-11 22:00:00,0.8116666666666666
2022-10-11 22:30:00,0.8016666666666667
2022-10-11 23:00:00,0.8033333333333333
2022-10-11 23:30:00,0.82
2022-10-12 00:00:00,0.835
2022-10-12 00:30:00,0.8466666666666667
2022-10-12 01:00:00,0.8316666666666667
2022-10-12 01:30:00,0.8316666666666667
2022-10-12 02:00:00,0.8283333333333333
2022-10-12 02:30:00,0.8316666666666667
2022-10-12 03:00:00,0.8416666666666668
2022-10-12 03:30:00,0.8516666666666666
2022-10-12 04:00:00,0.8433333333333334
2022-10-12 04:30:00,0.855
2022-10-12 05:00:00,0.8483333333333333
2022-10-12 05:30:00,0.8483333333333333
2022-10-12 06:00:00,0.84
2022-10-12 06:30:00,0.8383333333333334
2022-10-12 07:00:00,0.8216666666666667
2022-10-12 07:30:00,0.7833333333333333
2022-10-12 08:00:00,0.7466666666666667
2022-10-12 08:30:00,0.7533333333333333
2022-10-12 09:00:00,0.775
2022-10-12 09:30:00,0.77
2022-10-12 10:00:00,0.7666666666666666
2022-10-12 10:30:00,0.8300000000000001
2022-10-12 11:00:00,0.8483333333333333
2022-10-12 11:30:00,0.9033333333333333
2022-10-12 12:00:00,0.86
2022-10-12 12:30:00,0.8566666666666668
2022-10-12 13:00:00,0.8700000000000001
2022-10-12 13:30:00,0.8833333333333334
2022-10-12 14:00:00,0.85
2022-10-12 14:30:00,0.8183333333333334
2022-10-12 15:00:00,0.8016666666666667
2022-10-12 15:30:00,0.7633333333333333
2022-10-12 16:00:00,0.71
2022-10-12 16:30:00,0.7116666666666666
2022-10-12 17:00:00,0.7266666666666666
2022-10-12 17:30:00,0.7316666666666668
2022-10-12 18:00:00,0.7366666666666667
2022-10-12 18:30:00,0.7399999999999999
2022-10-12 19:00:00,0.7533333333333333
2022-10-12 19:30:00,0.765
2022-10-12 20:00:00,0.7983333333333333
2022-10-12 20:30:00,0.7866666666666666
2022-10-12 21:00:00,0.7933333333333333
2022-10-12 21:30:00,0.8133333333333335
2022-10-12 22:00:00,0.8316666666666667
2022-10-12 22:30:00,0.8250000000000001
2022-10-12 23:00:00,0.8316666666666667
2022-10-12 23:30:00,0.8266666666666667
2022-10-13 00:00:00,0.8266666666666667
2022-10-13 00:30:00,0.82
2022-10-13 01:00:00,0.8183333333333334
2022-10-13 01:30:00,0.8166666666666668
2022-10-13 02:00:00,0.8116666666666666
2022-10-13 02:30:00,0.8116666666666665
2022-10-13 03:00:00,0.8133333333333334
2022-10-13 03:30:00,0.82
2022-10-13 04:00:00,0.8183333333333334
2022-10-13 04:30:00,0.8316666666666667
2022-10-13 05:00:00,0.8433333333333334
2022-10-13 05:30:00,0.85
2022-10-13 06:00:00,0.8533333333333334
2022-10-13 06:30:00,0.8516666666666667
2022-10-13 07:00:00,0.835
2022-10-13 07:30:00,0.835
2022-10-13 08:00:00,0.81
2022-10-13 08:30:00,0.7816666666666666
2022-10-13 09:00:00,0.8450000000000001
2022-10-13 09:30:00,0.9016666666666667
2022-10-13 10:00:00,0.9016666666666667
2022-10-13 10:30:00,0.8866666666666667
2022-10-13 11:00:00,0.8916666666666666
2022-10-13 11:30:00,0.89
2022-10-13 12:00:00,0.8866666666666667
2022-10-13 12:30:00,0.89
2022-10-13 13:00:00,0.8649999999999999
2022-10-13 13:30:00,0.8366666666666666
2022-10-13 14:00:00,0.8216666666666667
2022-10-13 14:30:00,0.8300000000000001
2022-10-13 15:00:00,0.855
2022-10-13 15:30:00,0.8266666666666667
2022-10-13 16:00:00,0.7966666666666667
2022-10-13 16:30:00,0.7549999999999999
2022-10-13 17:00:00,0.775
2022-10-13 17:30:00,0.7616666666666667
2022-10-13 18:00:00,0.8016666666666667
2022-10-13 18:30:00,0.8033333333333333
2022-10-13 19:00:00,0.82
2022-10-13 19:30:00,0.8250000000000001
2022-10-13 20:00:00,0.8333333333333334
2022-10-13 20:30:00,0.8266666666666667
2022-10-13 21:00:00,0.8583333333333334
2022-10-13 21:30:00,0.855
2022-10-13 22:00:00,0.8616666666666667
2022-10-13 22:30:00,0.835
2022-10-13 23:00:00,0.8383333333333333
2022-10-13 23:30:00,0.8233333333333333
2022-10-14 00:00:00,0.835
2022-10-14 00:30:00,0.8166666666666668
2022-10-14 01:00:00,0.8266666666666667
2022-10-14 01:30:00,0.8216666666666667
2022-10-14 02:00:00,0.8333333333333334
2022-10-14 02:30:00,0.8249999999999998
2022-10-14 03:00:00,0.8283333333333335
2022-10-14 03:30:00,0.8250000000000001
2022-10-14 04:00:00,0.8316666666666667
2022-10-14 04:30:00,0.8233333333333333
2022-10-14 05:00:00,0.8300000000000001
2022-10-14 05:30:00,0.82
2022-10-14 06:00:00,0.82
2022-10-14 06:30:00,0.82
2022-10-14 07:00:00,0.8366666666666666
2022-10-14 07:30:00,0.82
2022-10-14 08:00:00,162.61499999999998
2022-10-14 08:30:00,186.0533333333333
2022-10-14 09:00:00,215.09
2022-10-14 09:30:00,0.7766666666666667
2022-10-14 10:00:00,414.66333333333336
2022-10-14 10:30:00,9.838333333333333
2022-10-14 11:00:00,5.538333333333334
2022-10-14 11:30:00,3.185
2022-10-14 12:00:00,2.365
2022-10-14 12:30:00,2.525
2022-10-14 13:00:00,2.495
2022-10-14 13:30:00,1.9966666666666668
2022-10-14 14:00:00,3.9216666666666664
2022-10-14 14:30:00,2.013333333333333
2022-10-14 15:00:00,2.063333333333333
2022-10-14 15:30:00,1.2300000000000002
2022-10-14 16:00:00,1.6933333333333334
2022-10-14 16:30:00,1.2966666666666666
2022-10-14 17:00:00,1.1966666666666665
2022-10-14 17:30:00,1.1583333333333334
2022-10-14 18:00:00,1.2033333333333334
2022-10-14 18:30:00,1.2866666666666668
2022-10-14 19:00:00,1.18
2022-10-14 19:30:00,1.2033333333333334
2022-10-14 20:00:00,1.1716666666666666
2022-10-14 20:30:00,1.1333333333333333
2022-10-14 21:00:00,1.125
2022-10-14 21:30:00,1.125
2022-10-14 22:00:00,1.12
2022-10-14 22:30:00,1.105
2022-10-14 23:00:00,1.0833333333333333
2022-10-14 23:30:00,1.1016666666666666
2022-10-15 00:00:00,1.1133333333333333
2022-10-15 00:30:00,1.1116666666666666
2022-10-15 01:00:00,1.1199999999999999
2022-10-15 01:30:00,1.1066666666666667
2022-10-15 02:00:00,1.0933333333333335
2022-10-15 02:30:00,1.1050000000000002
2022-10-15 03:00:00,1.1033333333333333
2022-10-15 03:30:00,1.1116666666666666
2022-10-15 04:00:00,1.1066666666666667
2022-10-15 04:30:00,1.0933333333333333
2022-10-15 05:00:00,1.0999999999999999
2022-10-15 05:30:00,1.09
2022-10-15 06:00:00,1.0966666666666667
2022-10-15 06:30:00,1.0866666666666667
2022-10-15 07:00:00,1.0833333333333333
2022-10-15 07:30:00,1.0816666666666668
2022-10-15 08:00:00,1.0966666666666667
2022-10-15 08:30:00,1.1083333333333334
2022-10-15 09:00:00,1.1533333333333333
2022-10-15 09:30:00,1.195
2022-10-15 10:00:00,1.1916666666666667
2022-10-15 10:30:00,1.2066666666666668
2022-10-15 11:00:00,1.2016666666666667
2022-10-15 11:30:00,1.2033333333333334
2022-10-15 12:00:00,1.2116666666666667
2022-10-15 12:30:00,1.2533333333333332
2022-10-15 13:00:00,1.2233333333333334
2022-10-15 13:30:00,1.1016666666666666
2022-10-15 14:00:00,1.0533333333333332
2022-10-15 14:30:00,1.0816666666666668
2022-10-15 15:00:00,1.085
2022-10-15 15:30:00,1.085
2022-10-15 16:00:00,1.085
2022-10-15 16:30:00,1.0599999999999998
2022-10-15 17:00:00,1.0633333333333332
2022-10-15 17:30:00,1.05
2022-10-15 18:00:00,1.0433333333333332
2022-10-15 18:30:00,1.04
2022-10-15 19:00:00,1.0416666666666667
2022-10-15 19:30:00,1.07
2022-10-15 20:00:00,1.0516666666666667
2022-10-15 20:30:00,1.0483333333333336
2022-10-15 21:00:00,1.0466666666666666
2022-10-15 21:30:00,1.0466666666666666
2022-10-15 22:00:00,1.0499999999999998
2022-10-15 22:30:00,1.0516666666666667
2022-10-15 23:00:00,1.055
2022-10-15 23:30:00,1.0583333333333333
2022-10-16 00:00:00,1.045
2022-10-16 00:30:00,1.0466666666666669
2022-10-16 01:00:00,1.0416666666666667
2022-10-16 01:30:00,1.0516666666666665
2022-10-16 02:00:00,1.045
2022-10-16 02:30:00,1.0566666666666666
2022-10-16 03:00:00,1.055
2022-10-16 03:30:00,1.0566666666666666
2022-10-16 04:00:00,1.0483333333333336
2022-10-16 04:30:00,1.0316666666666665
2022-10-16 05:00:00,1.0266666666666666
2022-10-16 05:30:00,1.02
2022-10-16 06:00:00,1.0083333333333333
2022-10-16 06:30:00,1.0216666666666667
2022-10-16 07:00:00,1.0083333333333335
2022-10-16 07:30:00,1.0383333333333333
2022-10-16 08:00:00,1.0266666666666666
2022-10-16 08:30:00,1.0516666666666667
2022-10-16 09:00:00,1.035
2022-10-16 09:30:00,1.0083333333333333
2022-10-16 10:00:00,0.9916666666666667
2022-10-16 10:30:00,1.0466666666666666
2022-10-16 11:00:00,1.0983333333333334
2022-10-16 11:30:00,1.0933333333333335
2022-10-16 12:00:00,1.075
2022-10-16 12:30:00,1.1083333333333334
2022-10-16 13:00:00,1.095
2022-10-16 13:30:00,1.0833333333333333
2022-10-16 14:00:00,1.0566666666666666
2022-10-16 14:30:00,1.07
2022-10-16 15:00:00,1.0499999999999998
2022-10-16 15:30:00,1.06
2022-10-16 16:00:00,1.04
2022-10-16 16:30:00,1.0666666666666667
2022-10-16 17:00:00,1.0433333333333332
2022-10-16 17:30:00,1.0483333333333331
2022-10-16 18:00:00,1.04
2022-10-16 18:30:00,1.0316666666666665
2022-10-16 19:00:00,1.0266666666666666
2022-10-16 19:30:00,1.0650000000000002
2022-10-16 20:00:00,1.055
2022-10-16 20:30:00,1.0666666666666667
2022-10-16 21:00:00,1.0516666666666667
2022-10-16 21:30:00,1.0733333333333333
2022-10-16 22:00:00,1.0333333333333334
2022-10-16 22:30:00,1.0366666666666668
2022-10-16 23:00:00,1.0083333333333335
2022-10-16 23:30:00,1.035
2022-10-17 00:00:00,1.05
2022-10-17 00:30:00,1.1083333333333334
2022-10-17 01:00:00,1.0716666666666665
2022-10-17 01:30:00,1.0866666666666667
2022-10-17 02:00:00,1.0733333333333333
2022-10-17 02:30:00,1.0999999999999999
2022-10-17 03:00:00,1.0833333333333333
2022-10-17 03:30:00,1.1066666666666667
2022-10-17 04:00:00,1.1016666666666666
2022-10-17 04:30:00,1.1183333333333334
2022-10-17 05:00:00,1.1166666666666667
2022-10-17 05:30:00,1.1283333333333332
2022-10-17 06:00:00,1.1216666666666668
2022-10-17 06:30:00,1.1533333333333333
2022-10-17 07:00:00,1.1183333333333334
2022-10-17 07:30:00,1.1516666666666666
2022-10-17 08:00:00,1.135
2022-10-17 08:30:00,1.1233333333333333
2022-10-17 09:00:00,1.1483333333333334
2022-10-17 09:30:00,1.195
2022-10-17 10:00:00,1.1849999999999998
2022-10-17 10:30:00,1.2083333333333333
2022-10-17 11:00:00,1.2016666666666669
2022-10-17 11:30:00,1.28
2022-10-17 12:00:00,1.27
2022-10-17 12:30:00,1.2616666666666667
2022-10-17 13:00:00,1.2249999999999999
2022-10-17 13:30:00,1.2316666666666667
2022-10-17 14:00:00,1.2166666666666666
2022-10-17 14:30:00,1.22
2022-10-17 15:00:00,1.205
2022-10-17 15:30:00,1.2066666666666668
2022-10-17 16:00:00,1.115
2022-10-17 16:30:00,1.07
2022-10-17 17:00:00,1.0650000000000002
2022-10-17 17:30:00,1.08
2022-10-17 18:00:00,1.0933333333333333
2022-10-17 18:30:00,1.0966666666666667
2022-10-17 19:00:00,1.1033333333333333
2022-10-17 19:30:00,1.1966666666666665
2022-10-17 20:00:00,1.1866666666666668
2022-10-17 20:30:00,1.195
2022-10-17 21:00:00,1.2016666666666667
2022-10-17 21:30:00,1.2183333333333335
2022-10-17 22:00:00,1.1866666666666668
2022-10-17 22:30:00,1.1383333333333334
2022-10-17 23:00:00,1.1516666666666666
2022-10-17 23:30:00,1.1833333333333333
2022-10-18 00:00:00,1.1933333333333334
2022-10-18 00:30:00,1.2
2022-10-18 01:00:00,1.1816666666666666
2022-10-18 01:30:00,1.1666666666666667
2022-10-18 02:00:00,1.1583333333333334
2022-10-18 02:30:00,1.1933333333333334
2022-10-18 03:00:00,1.1866666666666668
2022-10-18 03:30:00,1.1966666666666665
2022-10-18 04:00:00,1.1966666666666665
2022-10-18 04:30:00,1.1933333333333334
2022-10-18 05:00:00,1.18
2022-10-18 05:30:00,1.1849999999999998
2022-10-18 06:00:00,1.18
2022-10-18 06:30:00,1.1333333333333333
2022-10-18 07:00:00,1.1433333333333333
2022-10-18 07:30:00,1.14
2022-10-18 08:00:00,1.145
2022-10-18 08:30:00,1.1833333333333333
2022-10-18 09:00:00,1.2116666666666667
2022-10-18 09:30:00,1.1966666666666665
2022-10-18 10:00:00,1.2
2022-10-18 10:30:00,1.2249999999999999
2022-10-18 11:00:00,1.3116666666666668
2022-10-18 11:30:00,1.3333333333333333
2022-10-18 12:00:00,1.2983333333333333
2022-10-18 12:30:00,1.2833333333333334
2022-10-18 13:00:00,1.2583333333333333
2022-10-18 13:30:00,1.2550000000000001
2022-10-18 14:00:00,1.3133333333333335
2022-10-18 14:30:00,1.27
2022-10-18 15:00:00,1.2533333333333332
2022-10-18 15:30:00,1.345
2022-10-18 16:00:00,1.1666666666666667
2022-10-18 16:30:00,1.14
2022-10-18 17:00:00,1.135
2022-10-18 17:30:00,1.14
2022-10-18 18:00:00,1.115
2022-10-18 18:30:00,1.1166666666666665
2022-10-18 19:00:00,1.1333333333333335
2022-10-18 19:30:00,1.1533333333333333
2022-10-18 20:00:00,1.1566666666666665
2022-10-18 20:30:00,1.165
2022-10-18 21:00:00,1.1266666666666667
2022-10-18 21:30:00,1.1233333333333333
2022-10-18 22:00:00,1.1266666666666667
2022-10-18 22:30:00,1.13
2022-10-18 23:00:00,1.1533333333333333
2022-10-18 23:30:00,1.1283333333333332
2022-10-19 00:00:00,1.1666666666666667
2022-10-19 00:30:00,1.1483333333333334
2022-10-19 01:00:00,1.1616666666666668
2022-10-19 01:30:00,1.1466666666666667
2022-10-19 02:00:00,1.1966666666666665
2022-10-19 02:30:00,1.1883333333333332
2022-10-19 03:00:00,1.205
2022-10-19 03:30:00,1.195
2022-10-19 04:00:00,1.2133333333333332
2022-10-19 04:30:00,1.2016666666666664
2022-10-19 05:00:00,1.22
2022-10-19 05:30:00,1.2266666666666666
2022-10-19 06:00:00,1.235
2022-10-19 06:30:00,1.2233333333333334
2022-10-19 07:00:00,1.2266666666666666
2022-10-19 07:30:00,1.1933333333333334
2022-10-19 08:00:00,1.195
2022-10-19 08:30:00,1.18
2022-10-19 09:00:00,642.3883333333333
2022-10-19 09:30:00,48.79833333333334
2022-10-19 10:00:00,2.23
2022-10-19 10:30:00,2.493333333333333
2022-10-19 11:00:00,2.5316666666666667
2022-10-19 11:30:00,2.856666666666667
2022-10-19 12:00:00,3.5
2022-10-19 12:30:00,8.006666666666666
2022-10-19 13:00:00,11.061666666666667
2022-10-19 13:30:00,4.491666666666666
2022-10-19 14:00:00,2.8633333333333333
2022-10-19 14:30:00,2.6283333333333334
2022-10-19 15:00:00,2.5366666666666666
2022-10-19 15:30:00,2.4766666666666666
2022-10-19 16:00:00,1.9683333333333335
2022-10-19 16:30:00,1.9400000000000002
2022-10-19 17:00:00,1.985
2022-10-19 17:30:00,1.8516666666666666
2022-10-19 18:00:00,1.7850000000000001
2022-10-19 18:30:00,1.7716666666666667
2022-10-19 19:00:00,1.875
2022-10-19 19:30:00,2.223333333333333
2022-10-19 20:00:00,1.8716666666666668
2022-10-19 20:30:00,1.71
2022-10-19 21:00:00,1.6266666666666667
2022-10-19 21:30:00,1.5916666666666668
2022-10-19 22:00:00,1.7033333333333331
2022-10-19 22:30:00,1.6233333333333333
2022-10-19 23:00:00,1.6433333333333333
2022-10-19 23:30:00,1.6633333333333333
2022-10-20 00:00:00,1.9299999999999997
2022-10-20 00:30:00,26.705000000000002
2022-10-20 01:00:00,1.0933333333333333
2022-10-20 01:30:00,1.075
2022-10-20 02:00:00,1.0683333333333334
2022-10-20 02:30:00,1.07
2022-10-20 03:00:00,1.1066666666666667
2022-10-20 03:30:00,1.125
2022-10-20 04:00:00,1.1266666666666667
2022-10-20 04:30:00,1.1266666666666667
2022-10-20 05:00:00,1.135
2022-10-20 05:30:00,1.11
2022-10-20 06:00:00,1.075
2022-10-20 06:30:00,1.0766666666666667
2022-10-20 07:00:00,1.0816666666666668
2022-10-20 07:30:00,1.0833333333333333
2022-10-20 08:00:00,1.0883333333333332
2022-10-20 08:30:00,1.1033333333333333
2022-10-20 09:00:00,1.1866666666666668
2022-10-20 09:30:00,1.22
2022-10-20 10:00:00,1.2633333333333334
2022-10-20 10:30:00,1.2916666666666667
2022-10-20 11:00:00,1.3516666666666666
2022-10-20 11:30:00,1.36
2022-10-20 12:00:00,1.3166666666666667
2022-10-20 12:30:00,1.2816666666666665
2022-10-20 13:00:00,1.2783333333333333
2022-10-20 13:30:00,1.28
2022-10-20 14:00:00,1.2766666666666666
2022-10-20 14:30:00,1.285
2022-10-20 15:00:00,1.2866666666666666
2022-10-20 15:30:00,1.3216666666666665
2022-10-20 16:00:00,1.2083333333333333
2022-10-20 16:30:00,1.245
2022-10-20 17:00:00,1.1266666666666667
2022-10-20 17:30:00,1.14
2022-10-20 18:00:00,1.1316666666666666
2022-10-20 18:30:00,1.1216666666666666
2022-10-20 19:00:00,1.1183333333333334
2022-10-20 19:30:00,1.1266666666666667
2022-10-20 20:00:00,1.1566666666666665
2022-10-20 20:30:00,1.1083333333333334
2022-10-20 21:00:00,1.1333333333333333
2022-10-20 21:30:00,1.1616666666666666
2022-10-20 22:00:00,1.1566666666666665
2022-10-20 22:30:00,1.165
2022-10-20 23:00:00,1.2216666666666667
2022-10-20 23:30:00,1.125
2022-10-21 00:00:00,1.1633333333333333
2022-10-21 00:30:00,1.1833333333333333
2022-10-21 01:00:00,1.1516666666666666
2022-10-21 01:30:00,1.14
2022-10-21 02:00:00,1.1466666666666667
2022-10-21 02:30:00,1.135
2022-10-21 03:00:00,1.1433333333333333
2022-10-21 03:30:00,1.12
2022-10-21 04:00:00,1.1333333333333333
2022-10-21 04:30:00,1.1266666666666667
2022-10-21 05:00:00,1.1333333333333333
2022-10-21 05:30:00,1.1316666666666666
2022-10-21 06:00:00,1.14
2022-10-21 06:30:00,1.1433333333333333
2022-10-21 07:00:00,1.1266666666666667
2022-10-21 07:30:00,1.135
2022-10-21 08:00:00,1.145
2022-10-21 08:30:00,1.1849999999999998
2022-10-21 09:00:00,1.21
2022-10-21 09:30:00,1.2333333333333334
2022-10-21 10:00:00,1.2816666666666667
2022-10-21 10:30:00,1.2333333333333334
2022-10-21 11:00:00,1.2233333333333334
2022-10-21 11:30:00,1.1849999999999998
2022-10-21 12:00:00,1.2666666666666666
2022-10-21 12:30:00,1.27
2022-10-21 13:00:00,1.1616666666666668
2022-10-21 13:30:00,1.1266666666666667
2022-10-21 14:00:00,1.1233333333333333
2022-10-21 14:30:00,1.115
2022-10-21 15:00:00,1.1266666666666667
2022-10-21 15:30:00,1.1383333333333334
2022-10-21 16:00:00,1.18
2022-10-21 16:30:00,1.1900000000000002
2022-10-21 17:00:00,1.165
2022-10-21 17:30:00,1.1483333333333334
2022-10-21 18:00:00,1.1466666666666667
2022-10-21 18:30:00,1.115
2022-10-21 19:00:00,1.11
2022-10-21 19:30:00,1.135
2022-10-21 20:00:00,1.145
2022-10-21 20:30:00,1.135
2022-10-21 21:00:00,1.1616666666666666
2022-10-21 21:30:00,1.1300000000000001
2022-10-21 22:00:00,1.1283333333333332
2022-10-21 22:30:00,1.1283333333333332
2022-10-21 23:00:00,1.1500000000000001
2022-10-21 23:30:00,1.1316666666666666
2022-10-22 00:00:00,1.1316666666666666
2022-10-22 00:30:00,1.1483333333333332
2022-10-22 01:00:00,1.1533333333333333
2022-10-22 01:30:00,1.1466666666666667
2022-10-22 02:00:00,1.1666666666666667
2022-10-22 02:30:00,1.1466666666666667
2022-10-22 03:00:00,1.1533333333333333
2022-10-22 03:30:00,1.1466666666666667
2022-10-22 04:00:00,1.1433333333333333
2022-10-22 04:30:00,1.1433333333333333
2022-10-22 05:00:00,1.1566666666666665
2022-10-22 05:30:00,1.155
2022-10-22 06:00:00,1.1666666666666667
2022-10-22 06:30:00,1.1716666666666666
2022-10-22 07:00:00,1.1783333333333335
2022-10-22 07:30:00,1.1883333333333332
2022-10-22 08:00:00,1.1966666666666665
2022-10-22 08:30:00,1.2066666666666668
2022-10-22 09:00:00,1.2233333333333334
2022-10-22 09:30:00,1.2183333333333335
2022-10-22 10:00:00,1.2666666666666666
2022-10-22 10:30:00,1.3233333333333333
2022-10-22 11:00:00,1.38
2022-10-22 11:30:00,1.3566666666666667
2022-10-22 12:00:00,1.3333333333333333
2022-10-22 12:30:00,1.315
2022-10-22 13:00:00,1.3166666666666667
2022-10-22 13:30:00,1.3099999999999998
2022-10-22 14:00:00,1.2716666666666667
2022-10-22 14:30:00,1.255
2022-10-22 15:00:00,1.3
2022-10-22 15:30:00,1.2983333333333333
2022-10-22 16:00:00,1.3299999999999998
2022-10-22 16:30:00,1.3733333333333333
2022-10-22 17:00:00,1.2249999999999999
2022-10-22 17:30:00,1.265
2022-10-22 18:00:00,1.2316666666666667
2022-10-22 18:30:00,1.2116666666666667
2022-10-22 19:00:00,1.2283333333333333
2022-10-22 19:30:00,1.2249999999999999
2022-10-22 20:00:00,1.215
2022-10-22 20:30:00,1.2166666666666666
2022-10-22 21:00:00,1.22
2022-10-22 21:30:00,1.2233333333333334
2022-10-22 22:00:00,1.2216666666666667
2022-10-22 22:30:00,1.2316666666666667
2022-10-22 23:00:00,1.2783333333333333
2022-10-22 23:30:00,1.1749999999999998
2022-10-23 00:00:00,1.1916666666666667
2022-10-23 00:30:00,1.2
2022-10-23 01:00:00,1.19
2022-10-23 01:30:00,1.1816666666666666
2022-10-23 02:00:00,1.21
2022-10-23 02:30:00,1.2216666666666667
2022-10-23 03:00:00,1.215
2022-10-23 03:30:00,1.2166666666666666
2022-10-23 04:00:00,1.2183333333333335
2022-10-23 04:30:00,1.22
2022-10-23 05:00:00,1.2283333333333333
2022-10-23 05:30:00,1.2416666666666667
2022-10-23 06:00:00,1.2983333333333333
2022-10-23 06:30:00,1.3766666666666667
2022-10-23 07:00:00,2.643333333333333
2022-10-23 07:30:00,0.8583333333333334
2022-10-23 08:00:00,0.8816666666666667
2022-10-23 08:30:00,0.9016666666666667
2022-10-23 09:00:00,1.0516666666666667
2022-10-23 09:30:00,1.09
2022-10-23 10:00:00,1.11
2022-10-23 10:30:00,1.0983333333333334
2022-10-23 11:00:00,1.11
2022-10-23 11:30:00,1.09
2022-10-23 12:00:00,1.0883333333333332
2022-10-23 12:30:00,1.075
2022-10-23 13:00:00,1.06
2022-10-23 13:30:00,1.0616666666666668
2022-10-23 14:00:00,1.0666666666666667
2022-10-23 14:30:00,1.035
2022-10-23 15:00:00,1.0416666666666667
2022-10-23 15:30:00,1.05
2022-10-23 16:00:00,1.1416666666666666
2022-10-23 16:30:00,0.9733333333333333
2022-10-23 17:00:00,0.9700000000000001
2022-10-23 17:30:00,0.9550000000000001
2022-10-23 18:00:00,0.9683333333333334
2022-10-23 18:30:00,0.96
2022-10-23 19:00:00,0.9700000000000001
2022-10-23 19:30:00,0.9616666666666666
2022-10-23 20:00:00,0.9666666666666667
2022-10-23 20:30:00,0.9566666666666667
2022-10-23 21:00:00,0.9550000000000001
2022-10-23 21:30:00,0.9349999999999999
2022-10-23 22:00:00,0.9416666666666668
2022-10-23 22:30:00,0.9199999999999999
2022-10-23 23:00:00,1.0233333333333334
2022-10-23 23:30:00,0.8833333333333333
2022-10-24 00:00:00,0.8949999999999999
2022-10-24 00:30:00,0.9166666666666666
2022-10-24 01:00:00,0.9116666666666667
2022-10-24 01:30:00,145.10666666666665
2022-10-24 02:00:00,3.5366666666666666
2022-10-24 02:30:00,2.223333333333333
2022-10-24 03:00:00,1.9616666666666667
2022-10-24 03:30:00,1.865
2022-10-24 04:00:00,1.89
2022-10-24 04:30:00,1.8583333333333334
2022-10-24 05:00:00,2.0433333333333334
2022-10-24 05:30:00,1.4616666666666667
2022-10-24 06:00:00,1.3083333333333333
2022-10-24 06:30:00,1.2583333333333335
2022-10-24 07:00:00,1.2633333333333334
2022-10-24 07:30:00,1.2683333333333333
2022-10-24 08:00:00,1.26
2022-10-24 08:30:00,1.27
2022-10-24 09:00:00,1.2916666666666667
2022-10-24 09:30:00,1.345
2022-10-24 10:00:00,1.3816666666666666
2022-10-24 10:30:00,1.37
2022-10-24 11:00:00,1.3550000000000002
2022-10-24 11:30:00,1.3416666666666668
2022-10-24 12:00:00,1.3316666666666668
2022-10-24 12:30:00,1.3316666666666668
2022-10-24 13:00:00,1.3233333333333335
2022-10-24 13:30:00,1.3233333333333335
2022-10-24 14:00:00,1.325
2022-10-24 14:30:00,1.32
2022-10-24 15:00:00,1.3233333333333335
2022-10-24 15:30:00,1.3183333333333334
2022-10-24 16:00:00,1.345
2022-10-24 16:30:00,1.3516666666666666
2022-10-24 17:00:00,1.4366666666666668
2022-10-24 17:30:00,1.3099999999999998
2022-10-24 18:00:00,1.2633333333333334
2022-10-24 18:30:00,1.2566666666666666
2022-10-24 19:00:00,1.2216666666666667
2022-10-24 19:30:00,1.2083333333333333
2022-10-24 20:00:00,1.2066666666666668
2022-10-24 20:30:00,1.1966666666666665
2022-10-24 21:00:00,1.2066666666666668
2022-10-24 21:30:00,1.2316666666666667
2022-10-24 22:00:00,1.1966666666666665
2022-10-24 22:30:00,1.2
2022-10-24 23:00:00,1.2066666666666668
2022-10-24 23:30:00,1.21
2022-10-25 00:00:00,1.2133333333333334
2022-10-25 00:30:00,1.2133333333333334
2022-10-25 01:00:00,1.2249999999999999
2022-10-25 01:30:00,1.2249999999999999
2022-10-25 02:00:00,1.22
2022-10-25 02:30:00,1.215
2022-10-25 03:00:00,1.2166666666666666
2022-10-25 03:30:00,1.21
2022-10-25 04:00:00,1.2983333333333333
2022-10-25 04:30:00,1.2466666666666668
2022-10-25 05:00:00,1.2449999999999999
2022-10-25 05:30:00,1.2433333333333334
2022-10-25 06:00:00,1.245
2022-10-25 06:30:00,1.26
2022-10-25 07:00:00,1.2566666666666666
2022-10-25 07:30:00,1.25
2022-10-25 08:00:00,1.2433333333333332
2022-10-25 08:30:00,1.2566666666666666
2022-10-25 09:00:00,1.3416666666666668
2022-10-25 09:30:00,1.33
2022-10-25 10:00:00,1.3616666666666666
2022-10-25 10:30:00,1.3816666666666666
2022-10-25 11:00:00,1.4166666666666667
2022-10-25 11:30:00,1.4183333333333332
2022-10-25 12:00:00,1.4116666666666668
2022-10-25 12:30:00,1.38
2022-10-25 13:00:00,1.375
2022-10-25 13:30:00,1.36
2022-10-25 14:00:00,1.42
2022-10-25 14:30:00,1.3
2022-10-25 15:00:00,1.3083333333333333
2022-10-25 15:30:00,1.2950000000000002
2022-10-25 16:00:00,1.4266666666666667
2022-10-25 16:30:00,1.55
2022-10-25 17:00:00,1.3566666666666667
2022-10-25 17:30:00,1.3399999999999999
2022-10-25 18:00:00,1.3
2022-10-25 18:30:00,1.2783333333333333
2022-10-25 19:00:00,1.2516666666666667
2022-10-25 19:30:00,1.2466666666666668
2022-10-25 20:00:00,1.25
2022-10-25 20:30:00,1.285
2022-10-25 21:00:00,1.29
2022-10-25 21:30:00,1.3683333333333334
2022-10-25 22:00:00,1.2916666666666667
2022-10-25 22:30:00,1.2383333333333333
2022-10-25 23:00:00,1.2533333333333332
2022-10-25 23:30:00,1.2483333333333333
2022-10-26 00:00:00,1.2516666666666667
2022-10-26 00:30:00,1.2516666666666667
2022-10-26 01:00:00,1.2699999999999998
2022-10-26 01:30:00,1.235
2022-10-26 02:00:00,1.2449999999999999
2022-10-26 02:30:00,1.2516666666666667
2022-10-26 03:00:00,1.25
2022-10-26 03:30:00,1.2483333333333333
2022-10-26 04:00:00,1.2783333333333333
2022-10-26 04:30:00,1.2583333333333335
2022-10-26 05:00:00,1.2616666666666667
2022-10-26 05:30:00,1.315
2022-10-26 06:00:00,1.2316666666666667
2022-10-26 06:30:00,1.2449999999999999
2022-10-26 07:00:00,1.26
2022-10-26 07:30:00,1.2583333333333333
2022-10-26 08:00:00,1.2666666666666668
2022-10-26 08:30:00,1.2449999999999999
2022-10-26 09:00:00,1.3383333333333336
2022-10-26 09:30:00,1.345
2022-10-26 10:00:00,1.345
2022-10-26 10:30:00,1.3666666666666665
2022-10-26 11:00:00,1.37
2022-10-26 11:30:00,1.3766666666666667
2022-10-26 12:00:00,1.4216666666666669
2022-10-26 12:30:00,1.3783333333333332
2022-10-26 13:00:00,1.3783333333333332
2022-10-26 13:30:00,1.3783333333333332
2022-10-26 14:00:00,1.3433333333333335
2022-10-26 14:30:00,1.3516666666666666
2022-10-26 15:00:00,1.3516666666666666
2022-10-26 15:30:00,1.3166666666666667
2022-10-26 16:00:00,1.3233333333333333
2022-10-26 16:30:00,1.3166666666666667
2022-10-26 17:00:00,1.3316666666666668
2022-10-26 17:30:00,1.3033333333333335
2022-10-26 18:00:00,1.3116666666666665
2022-10-26 18:30:00,1.3
2022-10-26 19:00:00,1.3133333333333332
2022-10-26 19:30:00,1.3266666666666667
2022-10-26 20:00:00,1.32
2022-10-26 20:30:00,1.3366666666666667
2022-10-26 21:00:00,1.28
2022-10-26 21:30:00,1.2816666666666667
2022-10-26 22:00:00,1.2750000000000001
2022-10-26 22:30:00,1.2716666666666667
2022-10-26 23:00:00,1.2966666666666666
2022-10-26 23:30:00,1.2766666666666666
2022-10-27 00:00:00,1.2833333333333334
2022-10-27 00:30:00,1.295
2022-10-27 01:00:00,1.2716666666666667
2022-10-27 01:30:00,1.2783333333333333
2022-10-27 02:00:00,1.2750000000000001
2022-10-27 02:30:00,1.2816666666666665
2022-10-27 03:00:00,1.28
2022-10-27 03:30:00,1.2966666666666666
2022-10-27 04:00:00,1.3
2022-10-27 04:30:00,1.3133333333333332
2022-10-27 05:00:00,1.325
2022-10-27 05:30:00,1.3116666666666668
2022-10-27 06:00:00,1.32
2022-10-27 06:30:00,1.3366666666666667
2022-10-27 07:00:00,1.405
2022-10-27 07:30:00,1.3216666666666665
2022-10-27 08:00:00,1.3583333333333334
2022-10-27 08:30:00,1.3066666666666666
2022-10-27 09:00:00,1.3833333333333335
2022-10-27 09:30:00,1.3416666666666668
2022-10-27 10:00:00,1.3816666666666666
2022-10-27 10:30:00,1.3866666666666667
2022-10-27 11:00:00,1.3800000000000001
2022-10-27 11:30:00,1.3533333333333333
2022-10-27 12:00:00,1.3516666666666666
2022-10-27 12:30:00,1.33
2022-10-27 13:00:00,1.3183333333333334
2022-10-27 13:30:00,1.3116666666666668
2022-10-27 14:00:00,1.3716666666666668
2022-10-27 14:30:00,1.3433333333333335
2022-10-27 15:00:00,1.2583333333333333
2022-10-27 15:30:00,1.2916666666666667
2022-10-27 16:00:00,1.2933333333333332
2022-10-27 16:30:00,1.3733333333333333
2022-10-27 17:00:00,1.2183333333333333
2022-10-27 17:30:00,1.2449999999999999
2022-10-27 18:00:00,1.2416666666666665
2022-10-27 18:30:00,1.25
2022-10-27 19:00:00,1.2883333333333333
2022-10-27 19:30:00,1.2966666666666666
2022-10-27 20:00:00,1.2966666666666666
2022-10-27 20:30:00,1.2733333333333334
2022-10-27 21:00:00,1.2683333333333333
2022-10-27 21:30:00,1.255
2022-10-27 22:00:00,1.2583333333333335
2022-10-27 22:30:00,1.2516666666666667
2022-10-27 23:00:00,1.2466666666666666
2022-10-27 23:30:00,1.2366666666666666
2022-10-28 00:00:00,1.2449999999999999
2022-10-28 00:30:00,1.2416666666666665
2022-10-28 01:00:00,1.2533333333333332
2022-10-28 01:30:00,1.2333333333333334
2022-10-28 02:00:00,1.2433333333333334
2022-10-28 02:30:00,1.2366666666666666
2022-10-28 03:00:00,1.2416666666666667
2022-10-28 03:30:00,1.2316666666666667
2022-10-28 04:00:00,1.2433333333333334
2022-10-28 04:30:00,1.2299999999999998
2022-10-28 05:00:00,1.23
2022-10-28 05:30:00,1.2216666666666667
2022-10-28 06:00:00,1.2483333333333333
2022-10-28 06:30:00,1.2483333333333333
2022-10-28 07:00:00,1.2433333333333334
2022-10-28 07:30:00,1.2516666666666667
2022-10-28 08:00:00,1.2533333333333332
2022-10-28 08:30:00,1.2566666666666666
2022-10-28 09:00:00,1.2866666666666666
2022-10-28 09:30:00,1.265
2022-10-28 10:00:00,1.28
2022-10-28 10:30:00,1.325
2022-10-28 11:00:00,1.3683333333333334
2022-10-28 11:30:00,1.3583333333333334
2022-10-28 12:00:00,1.3433333333333335
2022-10-28 12:30:00,1.3083333333333333
2022-10-28 13:00:00,1.305
2022-10-28 13:30:00,1.3083333333333333
2022-10-28 14:00:00,1.295
2022-10-28 14:30:00,1.28
2022-10-28 15:00:00,1.2933333333333332
2022-10-28 15:30:00,1.3033333333333335
2022-10-28 16:00:00,1.285
2022-10-28 16:30:00,1.37
2022-10-28 17:00:00,1.2883333333333333
2022-10-28 17:30:00,1.415
2022-10-28 18:00:00,1.24
2022-10-28 18:30:00,1.2566666666666666
2022-10-28 19:00:00,1.275
2022-10-28 19:30:00,1.27
2022-10-28 20:00:00,1.28
2022-10-28 20:30:00,1.2766666666666666
2022-10-28 21:00:00,1.2733333333333332
2022-10-28 21:30:00,1.2916666666666667
2022-10-28 22:00:00,1.4183333333333332
2022-10-28 22:30:00,1.2300000000000002
2022-10-28 23:00:00,1.3499999999999999
2022-10-28 23:30:00,1.235
2022-10-29 00:00:00,1.2416666666666665
2022-10-29 00:30:00,1.2333333333333334
2022-10-29 01:00:00,1.2300000000000002
2022-10-29 01:30:00,1.235
2022-10-29 02:00:00,1.2233333333333334
2022-10-29 02:30:00,1.2383333333333333
2022-10-29 03:00:00,1.2433333333333334
2022-10-29 03:30:00,1.2633333333333334
2022-10-29 04:00:00,1.2816666666666665
2022-10-29 04:30:00,1.2083333333333333
2022-10-29 05:00:00,1.23
2022-10-29 05:30:00,1.2066666666666668
2022-10-29 06:00:00,1.2416666666666667
2022-10-29 06:30:00,1.2316666666666667
2022-10-29 07:00:00,1.2516666666666667
2022-10-29 07:30:00,1.2583333333333333
2022-10-29 08:00:00,1.2666666666666666
2022-10-29 08:30:00,1.2533333333333332
2022-10-29 09:00:00,1.28
2022-10-29 09:30:00,1.2716666666666667
2022-10-29 10:00:00,1.3116666666666665
2022-10-29 10:30:00,1.3733333333333333
2022-10-29 11:00:00,1.39
2022-10-29 11:30:00,1.3683333333333334
2022-10-29 12:00:00,1.3616666666666666
2022-10-29 12:30:00,1.3466666666666667
2022-10-29 13:00:00,1.3533333333333335
2022-10-29 13:30:00,1.3233333333333333
2022-10-29 14:00:00,1.3283333333333334
2022-10-29 14:30:00,1.3283333333333334
2022-10-29 15:00:00,1.3166666666666667
2022-10-29 15:30:00,1.3333333333333333
2022-10-29 16:00:00,1.3033333333333335
2022-10-29 16:30:00,1.3383333333333336
2022-10-29 17:00:00,1.3399999999999999
2022-10-29 17:30:00,1.2916666666666667
2022-10-29 18:00:00,1.2966666666666666
2022-10-29 18:30:00,1.29
2022-10-29 19:00:00,1.2916666666666667
2022-10-29 19:30:00,1.3016666666666665
2022-10-29 20:00:00,1.3016666666666667
2022-10-29 20:30:00,1.2933333333333332
2022-10-29 21:00:00,1.2983333333333331
2022-10-29 21:30:00,1.2933333333333332
2022-10-29 22:00:00,1.5333333333333332
2022-10-29 22:30:00,1.2483333333333333
2022-10-29 23:00:00,1.235
2022-10-29 23:30:00,1.2666666666666666
2022-10-30 00:00:00,1.235
2022-10-30 00:30:00,1.2883333333333333
2022-10-30 01:00:00,1.2249999999999999
2022-10-30 01:30:00,1.2316666666666667
2022-10-30 02:00:00,1.23
2022-10-30 02:30:00,1.2483333333333333
2022-10-30 03:00:00,1.2466666666666668
2022-10-30 03:30:00,1.2616666666666667
2022-10-30 04:00:00,1.2583333333333333
2022-10-30 04:30:00,1.2683333333333333
2022-10-30 05:00:00,1.3933333333333333
2022-10-30 05:30:00,1.315
2022-10-30 06:00:00,1.2283333333333333
2022-10-30 06:30:00,1.2383333333333333
2022-10-30 07:00:00,1.2633333333333334
2022-10-30 07:30:00,1.3016666666666665
2022-10-30 08:00:00,1.2683333333333333
2022-10-30 08:30:00,1.2866666666666666
2022-10-30 09:00:00,1.3033333333333335
2022-10-30 09:30:00,1.3133333333333332
2022-10-30 10:00:00,1.3399999999999999
2022-10-30 10:30:00,1.5183333333333333
2022-10-30 11:00:00,1.4799999999999998
2022-10-30 11:30:00,1.4316666666666666
2022-10-30 12:00:00,1.445
2022-10-30 12:30:00,1.5966666666666667
2022-10-30 13:00:00,1.3766666666666667
2022-10-30 13:30:00,1.3399999999999999
2022-10-30 14:00:00,1.3466666666666667
2022-10-30 14:30:00,1.4383333333333332
2022-10-30 15:00:00,1.3016666666666667
2022-10-30 15:30:00,1.305
2022-10-30 16:00:00,1.2750000000000001
2022-10-30 16:30:00,1.295
2022-10-30 17:00:00,1.2966666666666666
2022-10-30 17:30:00,1.4416666666666667
2022-10-30 18:00:00,1.305
2022-10-30 18:30:00,1.32
2022-10-30 19:00:00,1.2583333333333335
2022-10-30 19:30:00,1.2733333333333334
2022-10-30 20:00:00,1.255
2022-10-30 20:30:00,1.2616666666666667
2022-10-30 21:00:00,1.2716666666666667
2022-10-30 21:30:00,1.27
2022-10-30 22:00:00,1.265
2022-10-30 22:30:00,1.2766666666666666
2022-10-30 23:00:00,1.4016666666666666
2022-10-30 23:30:00,1.3633333333333333
2022-10-31 00:00:00,1.2183333333333335
2022-10-31 00:30:00,1.28
2022-10-31 01:00:00,1.215
2022-10-31 01:30:00,1.2466666666666668
2022-10-31 02:00:00,1.2850000000000001
2022-10-31 02:30:00,1.2466666666666668
2022-10-31 03:00:00,1.2833333333333334
2022-10-31 03:30:00,1.2750000000000001
2022-10-31 04:00:00,1.4383333333333332
2022-10-31 04:30:00,1.2666666666666666
2022-10-31 05:00:00,1.3116666666666668
2022-10-31 05:30:00,1.2533333333333332
2022-10-31 06:00:00,1.2683333333333333
2022-10-31 06:30:00,1.2683333333333333
2022-10-31 07:00:00,1.2966666666666666
2022-10-31 07:30:00,1.28
2022-10-31 08:00:00,1.3866666666666667
2022-10-31 08:30:00,1.2633333333333334
2022-10-31 09:00:00,1.3383333333333336
2022-10-31 09:30:00,1.3299999999999998
2022-10-31 10:00:00,1.3699999999999999
2022-10-31 10:30:00,1.5233333333333334
2022-10-31 11:00:00,1.3583333333333332
2022-10-31 11:30:00,1.3633333333333333
2022-10-31 12:00:00,1.3866666666666667
2022-10-31 12:30:00,1.3466666666666667
2022-10-31 13:00:00,1.4749999999999999
2022-10-31 13:30:00,1.295
2022-10-31 14:00:00,1.2833333333333332
2022-10-31 14:30:00,1.2733333333333332
2022-10-31 15:00:00,1.2816666666666665
2022-10-31 15:30:00,1.2516666666666667
2022-10-31 16:00:00,1.2300000000000002
2022-10-31 16:30:00,1.2533333333333334
2022-10-31 17:00:00,1.2733333333333334
2022-10-31 17:30:00,1.2850000000000001
2022-10-31 18:00:00,1.2483333333333333
2022-10-31 18:30:00,1.2550000000000001
2022-10-31 19:00:00,1.2133333333333334
2022-10-31 19:30:00,1.3116666666666668
2022-10-31 20:00:00,1.2166666666666666
2022-10-31 20:30:00,1.2433333333333334
2022-10-31 21:00:00,1.265
2022-10-31 21:30:00,1.4000000000000001
2022-10-31 22:00:00,1.2233333333333334
2022-10-31 22:30:00,1.2716666666666667
2022-10-31 23:00:00,1.2366666666666666
2022-10-31 23:30:00,1.2283333333333333
2022-11-01 00:00:00,1.2883333333333333
2022-11-01 00:30:00,1.2216666666666667
2022-11-01 01:00:00,1.2383333333333333
2022-11-01 01:30:00,1.2300000000000002
2022-11-01 02:00:00,1.2466666666666668
2022-11-01 02:30:00,1.2383333333333333
2022-11-01 03:00:00,1.235
2022-11-01 03:30:00,1.24
2022-11-01 04:00:00,1.25
2022-11-01 04:30:00,1.2383333333333333
2022-11-01 05:00:00,1.2483333333333333
2022-11-01 05:30:00,1.2283333333333333
2022-11-01 06:00:00,1.2333333333333334
2022-11-01 06:30:00,1.2216666666666667
2022-11-01 07:00:00,1.2216666666666667
2022-11-01 07:30:00,1.24
2022-11-01 08:00:00,1.2183333333333335
2022-11-01 08:30:00,1.2266666666666666
2022-11-01 09:00:00,1.2866666666666666
2022-11-01 09:30:00,1.2416666666666667
2022-11-01 10:00:00,1.3683333333333334
2022-11-01 10:30:00,1.2333333333333334
2022-11-01 11:00:00,1.28
2022-11-01 11:30:00,1.2716666666666667
2022-11-01 12:00:00,1.2766666666666666
2022-11-01 12:30:00,1.285
2022-11-01 13:00:00,1.4183333333333332
2022-11-01 13:30:00,1.4816666666666667
2022-11-01 14:00:00,1.3616666666666666
2022-11-01 14:30:00,1.265
2022-11-01 15:00:00,1.2383333333333333
2022-11-01 15:30:00,1.1966666666666665
2022-11-01 16:00:00,1.2233333333333334
2022-11-01 16:30:00,1.2133333333333332
2022-11-01 17:00:00,1.22
2022-11-01 17:30:00,1.2183333333333335
2022-11-01 18:00:00,1.2249999999999999
2022-11-01 18:30:00,1.22
2022-11-01 19:00:00,1.2233333333333334
2022-11-01 19:30:00,1.2266666666666668
2022-11-01 20:00:00,1.2066666666666668
2022-11-01 20:30:00,1.205
2022-11-01 21:00:00,1.2216666666666667
2022-11-01 21:30:00,1.215
2022-11-01 22:00:00,1.215
2022-11-01 22:30:00,1.2016666666666669
2022-11-01 23:00:00,1.3399999999999999
2022-11-01 23:30:00,1.1866666666666668
2022-11-02 00:00:00,1.2233333333333334
2022-11-02 00:30:00,1.1933333333333334
2022-11-02 01:00:00,1.2133333333333334
2022-11-02 01:30:00,1.18
2022-11-02 02:00:00,1.2
2022-11-02 02:30:00,1.1966666666666665
2022-11-02 03:00:00,1.2
2022-11-02 03:30:00,1.1849999999999998
2022-11-02 04:00:00,1.1833333333333333
2022-11-02 04:30:00,1.18
2022-11-02 05:00:00,1.1833333333333333
2022-11-02 05:30:00,1.18
2022-11-02 06:00:00,1.2083333333333333
2022-11-02 06:30:00,1.195
2022-11-02 07:00:00,1.2383333333333333
2022-11-02 07:30:00,1.2633333333333334
2022-11-02 08:00:00,1.345
2022-11-02 08:30:00,1.3833333333333335
2022-11-02 09:00:00,4.111666666666666
2022-11-02 09:30:00,0.7583333333333334
2022-11-02 10:00:00,0.7583333333333334
2022-11-02 10:30:00,0.7833333333333333
2022-11-02 11:00:00,0.785
2022-11-02 11:30:00,0.7766666666666667
2022-11-02 12:00:00,0.77
2022-11-02 12:30:00,0.7666666666666666
2022-11-02 13:00:00,0.7633333333333333
2022-11-02 13:30:00,0.7600000000000001
2022-11-02 14:00:00,0.7833333333333333
2022-11-02 14:30:00,0.8016666666666667
2022-11-02 15:00:00,0.7916666666666666
2022-11-02 15:30:00,0.785
2022-11-02 16:00:00,0.975
2022-11-02 16:30:00,0.7816666666666666
2022-11-02 17:00:00,0.7716666666666666
2022-11-02 17:30:00,0.7566666666666665
2022-11-02 18:00:00,0.7533333333333333
2022-11-02 18:30:00,0.7633333333333333
2022-11-02 19:00:00,0.805
2022-11-02 19:30:00,0.7633333333333333
2022-11-02 20:00:00,0.7616666666666667
2022-11-02 20:30:00,0.7633333333333333
2022-11-02 21:00:00,0.7483333333333334
2022-11-02 21:30:00,0.7616666666666667
2022-11-02 22:00:00,0.7549999999999999
2022-11-02 22:30:00,0.7633333333333333
2022-11-02 23:00:00,0.7616666666666667
2022-11-02 23:30:00,0.7783333333333333
2022-11-03 00:00:00,0.7683333333333332
2022-11-03 00:30:00,0.7733333333333334
2022-11-03 01:00:00,0.7666666666666666
2022-11-03 01:30:00,0.765
2022-11-03 02:00:00,0.7816666666666666
2022-11-03 02:30:00,0.77
2022-11-03 03:00:00,0.7766666666666667
2022-11-03 03:30:00,0.785
2022-11-03 04:00:00,0.7883333333333334
2022-11-03 04:30:00,0.7716666666666666
2022-11-03 05:00:00,0.765
2022-11-03 05:30:00,0.7583333333333333
2022-11-03 06:00:00,0.745
2022-11-03 06:30:00,0.755
2022-11-03 07:00:00,0.7733333333333334
2022-11-03 07:30:00,0.77
2022-11-03 08:00:00,0.775
2022-11-03 08:30:00,0.77
2022-11-03 09:00:00,0.7766666666666667
2022-11-03 09:30:00,0.7733333333333334
2022-11-03 10:00:00,0.7766666666666667
2022-11-03 10:30:00,0.7816666666666667
2022-11-03 11:00:00,0.7933333333333333
2022-11-03 11:30:00,0.7966666666666667
2022-11-03 12:00:00,0.7783333333333333
2022-11-03 12:30:00,0.7766666666666667
2022-11-03 13:00:00,57.745000000000005
2022-11-03 13:30:00,2.7100000000000004
2022-11-03 14:00:00,2.0766666666666667
2022-11-03 14:30:00,1.6466666666666667
2022-11-03 15:00:00,1.4100000000000001
2022-11-03 15:30:00,1.3716666666666668
2022-11-03 16:00:00,1.39
2022-11-03 16:30:00,1.4466666666666665
2022-11-03 17:00:00,1.5533333333333335
2022-11-03 17:30:00,20.263333333333335
2022-11-03 18:00:00,0.7666666666666666
2022-11-03 18:30:00,0.7716666666666666
2022-11-03 19:00:00,0.7733333333333333
2022-11-03 19:30:00,0.775
2022-11-03 20:00:00,0.77
2022-11-03 20:30:00,0.775
2022-11-03 21:00:00,0.7816666666666666
2022-11-03 21:30:00,0.7816666666666666
2022-11-03 22:00:00,0.7916666666666666
2022-11-03 22:30:00,0.7816666666666666
2022-11-03 23:00:00,0.7949999999999999
2022-11-03 23:30:00,0.7766666666666667
2022-11-04 00:00:00,0.7916666666666666
2022-11-04 00:30:00,0.79
2022-11-04 01:00:00,0.7866666666666667
2022-11-04 01:30:00,0.7866666666666666
2022-11-04 02:00:00,0.7816666666666666
2022-11-04 02:30:00,0.7949999999999999
2022-11-04 03:00:00,0.8099999999999999
2022-11-04 03:30:00,0.8033333333333333
2022-11-04 04:00:00,0.8150000000000001
2022-11-04 04:30:00,0.81
2022-11-04 05:00:00,0.8233333333333333
2022-11-04 05:30:00,0.8383333333333333
2022-11-04 06:00:00,0.8216666666666667
2022-11-04 06:30:00,0.805
2022-11-04 07:00:00,0.8249999999999998
2022-11-04 07:30:00,0.8300000000000001
2022-11-04 08:00:00,0.8083333333333332
2022-11-04 08:30:00,0.8416666666666668
2022-11-04 09:00:00,0.8300000000000001
2022-11-04 09:30:00,0.8583333333333334
2022-11-04 10:00:00,0.8733333333333334
2022-11-04 10:30:00,0.9249999999999999
2022-11-04 11:00:00,0.9366666666666666
2022-11-04 11:30:00,0.9283333333333333
2022-11-04 12:00:00,0.9033333333333333
2022-11-04 12:30:00,0.8966666666666666
2022-11-04 13:00:00,0.8933333333333334
2022-11-04 13:30:00,0.8983333333333334
2022-11-04 14:00:00,0.9499999999999998
2022-11-04 14:30:00,0.8716666666666667
2022-11-04 15:00:00,1.035
2022-11-04 15:30:00,0.89
2022-11-04 16:00:00,0.7816666666666667
2022-11-04 16:30:00,0.8016666666666667
2022-11-04 17:00:00,0.79
2022-11-04 17:30:00,0.8016666666666667
2022-11-04 18:00:00,0.8000000000000002
2022-11-04 18:30:00,0.7916666666666666
2022-11-04 19:00:00,0.7933333333333333
2022-11-04 19:30:00,0.805
2022-11-04 20:00:00,0.8366666666666666
2022-11-04 20:30:00,0.8466666666666667
2022-11-04 21:00:00,0.8016666666666667
2022-11-04 21:30:00,0.8016666666666667
2022-11-04 22:00:00,0.7883333333333334
2022-11-04 22:30:00,0.7999999999999999
2022-11-04 23:00:00,0.785
2022-11-04 23:30:00,0.785
2022-11-05 00:00:00,0.8066666666666666
2022-11-05 00:30:00,0.82
2022-11-05 01:00:00,0.8116666666666666
2022-11-05 01:30:00,0.7949999999999999
2022-11-05 02:00:00,0.7916666666666666
2022-11-05 02:30:00,0.79
2022-11-05 03:00:00,0.7866666666666667
2022-11-05 03:30:00,0.7733333333333334
2022-11-05 04:00:00,0.7716666666666668
2022-11-05 04:30:00,0.7783333333333333
2022-11-05 05:00:00,0.7866666666666666
2022-11-05 05:30:00,0.7683333333333332
2022-11-05 06:00:00,0.7816666666666666
2022-11-05 06:30:00,0.7916666666666666
2022-11-05 07:00:00,0.7949999999999999
2022-11-05 07:30:00,0.7933333333333333
2022-11-05 08:00:00,0.7916666666666666
2022-11-05 08:30:00,0.79
2022-11-05 09:00:00,0.8250000000000001
2022-11-05 09:30:00,0.7966666666666667
2022-11-05 10:00:00,0.8383333333333334
2022-11-05 10:30:00,0.8716666666666667
2022-11-05 11:00:00,0.9166666666666666
2022-11-05 11:30:00,0.8716666666666667
2022-11-05 12:00:00,0.8466666666666667
2022-11-05 12:30:00,0.8133333333333335
2022-11-05 13:00:00,0.8716666666666667
2022-11-05 13:30:00,0.8266666666666667
2022-11-05 14:00:00,0.8166666666666668
2022-11-05 14:30:00,0.895
2022-11-05 15:00:00,0.7799999999999999
2022-11-05 15:30:00,0.7933333333333333
2022-11-05 16:00:00,0.7933333333333333
2022-11-05 16:30:00,0.815
2022-11-05 17:00:00,0.8116666666666665
2022-11-05 17:30:00,0.8033333333333333
2022-11-05 18:00:00,0.8166666666666668
2022-11-05 18:30:00,0.8150000000000001
2022-11-05 19:00:00,0.8133333333333334
2022-11-05 19:30:00,0.8033333333333333
2022-11-05 20:00:00,0.7966666666666667
2022-11-05 20:30:00,0.8133333333333335
2022-11-05 21:00:00,0.8133333333333334
2022-11-05 21:30:00,0.815
2022-11-05 22:00:00,0.8333333333333334
2022-11-05 22:30:00,0.8216666666666667
2022-11-05 23:00:00,0.8333333333333334
2022-11-05 23:30:00,0.8216666666666667
2022-11-06 00:00:00,0.8166666666666668
2022-11-06 00:30:00,0.7833333333333333
2022-11-06 01:00:00,0.7733333333333334
2022-11-06 01:30:00,0.765
2022-11-06 02:00:00,0.7666666666666666
2022-11-06 02:30:00,0.7666666666666666
2022-11-06 03:00:00,0.7666666666666666
2022-11-06 03:30:00,0.7716666666666666
2022-11-06 04:00:00,0.7783333333333333
2022-11-06 04:30:00,0.7816666666666666
2022-11-06 05:00:00,0.775
2022-11-06 05:30:00,0.765
2022-11-06 06:00:00,0.7816666666666666
2022-11-06 06:30:00,0.77
2022-11-06 07:00:00,0.7733333333333333
2022-11-06 07:30:00,0.77
2022-11-06 08:00:00,0.7616666666666667
2022-11-06 08:30:00,0.7466666666666667
2022-11-06 09:00:00,0.7666666666666666
2022-11-06 09:30:00,0.77
2022-11-06 10:00:00,0.8016666666666666
2022-11-06 10:30:00,0.9183333333333333
2022-11-06 11:00:00,0.9533333333333335
2022-11-06 11:30:00,0.9566666666666667
2022-11-06 12:00:00,0.9483333333333333
2022-11-06 12:30:00,0.8966666666666666
2022-11-06 13:00:00,0.855
2022-11-06 13:30:00,0.8983333333333334
2022-11-06 14:00:00,0.86
2022-11-06 14:30:00,0.9083333333333332
2022-11-06 15:00:00,0.8616666666666667
2022-11-06 15:30:00,0.8666666666666667
2022-11-06 16:00:00,0.8733333333333334
2022-11-06 16:30:00,0.9383333333333334
2022-11-06 17:00:00,1.0133333333333334
2022-11-06 17:30:00,0.9499999999999998
2022-11-06 18:00:00,0.8333333333333334
2022-11-06 18:30:00,0.785
2022-11-06 19:00:00,0.77
2022-11-06 19:30:00,0.7783333333333333
2022-11-06 20:00:00,0.765
2022-11-06 20:30:00,0.7399999999999999
2022-11-06 21:00:00,0.775
2022-11-06 21:30:00,0.84
2022-11-06 22:00:00,0.8216666666666667
2022-11-06 22:30:00,0.8166666666666668
2022-11-06 23:00:00,0.7600000000000001
2022-11-06 23:30:00,0.7583333333333333
2022-11-07 00:00:00,0.7633333333333333
2022-11-07 00:30:00,0.7533333333333333
2022-11-07 01:00:00,0.7583333333333333
2022-11-07 01:30:00,117.52666666666666
2022-11-07 02:00:00,5.136666666666667
2022-11-07 02:30:00,4.295
2022-11-07 03:00:00,2.9633333333333334
2022-11-07 03:30:00,2.1083333333333334
2022-11-07 04:00:00,2.0033333333333334
2022-11-07 04:30:00,1.8966666666666665
2022-11-07 05:00:00,1.5633333333333332
2022-11-07 05:30:00,1.3883333333333334
2022-11-07 06:00:00,1.3016666666666665
2022-11-07 06:30:00,1.305
2022-11-07 07:00:00,1.2866666666666666
2022-11-07 07:30:00,1.2233333333333334
2022-11-07 08:00:00,1.1916666666666667
2022-11-07 08:30:00,1.1433333333333333
2022-11-07 09:00:00,1.1166666666666667
2022-11-07 09:30:00,1.165
2022-11-07 10:00:00,1.1616666666666666
2022-11-07 10:30:00,1.2383333333333333
2022-11-07 11:00:00,1.2366666666666666
2022-11-07 11:30:00,1.2016666666666667
2022-11-07 12:00:00,1.1816666666666666
2022-11-07 12:30:00,1.175
2022-11-07 13:00:00,1.1733333333333333
2022-11-07 13:30:00,1.155
2022-11-07 14:00:00,1.165
2022-11-07 14:30:00,1.1566666666666667
2022-11-07 15:00:00,1.1666666666666667
2022-11-07 15:30:00,1.165
2022-11-07 16:00:00,1.2049999999999998
2022-11-07 16:30:00,1.1266666666666667
2022-11-07 17:00:00,1.11
2022-11-07 17:30:00,1.1416666666666666
2022-11-07 18:00:00,1.1083333333333334
2022-11-07 18:30:00,1.1233333333333333
2022-11-07 19:00:00,1.1116666666666666
2022-11-07 19:30:00,1.1316666666666666
2022-11-07 20:00:00,1.1166666666666667
2022-11-07 20:30:00,1.1966666666666665
2022-11-07 21:00:00,1.0916666666666666
2022-11-07 21:30:00,1.105
2022-11-07 22:00:00,1.1016666666666668
2022-11-07 22:30:00,1.105
2022-11-07 23:00:00,1.1033333333333333
2022-11-07 23:30:00,1.0816666666666668
2022-11-08 00:00:00,1.1033333333333333
2022-11-08 00:30:00,1.0916666666666666
2022-11-08 01:00:00,1.1133333333333333
2022-11-08 01:30:00,1.115
2022-11-08 02:00:00,1.1266666666666667
2022-11-08 02:30:00,1.105
2022-11-08 03:00:00,1.1283333333333332
2022-11-08 03:30:00,1.135
2022-11-08 04:00:00,1.1633333333333333
2022-11-08 04:30:00,1.1416666666666666
2022-11-08 05:00:00,1.1466666666666667
2022-11-08 05:30:00,1.14
2022-11-08 06:00:00,1.14
2022-11-08 06:30:00,1.1416666666666666
2022-11-08 07:00:00,1.1566666666666667
2022-11-08 07:30:00,1.155
2022-11-08 08:00:00,1.1716666666666666
2022-11-08 08:30:00,1.1500000000000001
2022-11-08 09:00:00,1.1633333333333333
2022-11-08 09:30:00,1.1416666666666666
2022-11-08 10:00:00,1.1416666666666666
2022-11-08 10:30:00,1.175
2022-11-08 11:00:00,1.2249999999999999
2022-11-08 11:30:00,1.2249999999999999
2022-11-08 12:00:00,1.1766666666666667
2022-11-08 12:30:00,1.16
2022-11-08 13:00:00,1.1333333333333333
2022-11-08 13:30:00,1.1316666666666666
2022-11-08 14:00:00,1.1183333333333334
2022-11-08 14:30:00,1.115
2022-11-08 15:00:00,1.13
2022-11-08 15:30:00,1.0816666666666668
2022-11-08 16:00:00,1.2916666666666667
2022-11-08 16:30:00,1.0833333333333333
2022-11-08 17:00:00,1.075
2022-11-08 17:30:00,1.11
2022-11-08 18:00:00,1.1266666666666667
2022-11-08 18:30:00,1.1016666666666666
2022-11-08 19:00:00,1.1166666666666665
2022-11-08 19:30:00,1.1033333333333333
2022-11-08 20:00:00,1.085
2022-11-08 20:30:00,1.0883333333333332
2022-11-08 21:00:00,1.1016666666666666
2022-11-08 21:30:00,1.1016666666666666
2022-11-08 22:00:00,1.0966666666666667
2022-11-08 22:30:00,1.0999999999999999
2022-11-08 23:00:00,1.1116666666666666
2022-11-08 23:30:00,1.105
2022-11-09 00:00:00,1.1016666666666666
2022-11-09 00:30:00,1.1133333333333333
2022-11-09 01:00:00,1.11
2022-11-09 01:30:00,1.0933333333333333
2022-11-09 02:00:00,1.0833333333333333
2022-11-09 02:30:00,1.075
2022-11-09 03:00:00,1.08
2022-11-09 03:30:00,1.0733333333333333
2022-11-09 04:00:00,1.08
2022-11-09 04:30:00,1.07
2022-11-09 05:00:00,1.0866666666666667
2022-11-09 05:30:00,1.0716666666666665
2022-11-09 06:00:00,1.1083333333333334
2022-11-09 06:30:00,1.0816666666666668
2022-11-09 07:00:00,1.095
2022-11-09 07:30:00,1.0833333333333333
2022-11-09 08:00:00,1.0799999999999998
2022-11-09 08:30:00,1.085
2022-11-09 09:00:00,1.11
2022-11-09 09:30:00,1.1183333333333334
2022-11-09 10:00:00,1.1183333333333334
2022-11-09 10:30:00,1.1216666666666668
2022-11-09 11:00:00,1.1416666666666666
2022-11-09 11:30:00,1.135
2022-11-09 12:00:00,1.135
2022-11-09 12:30:00,1.1316666666666666
2022-11-09 13:00:00,1.14
2022-11-09 13:30:00,1.1466666666666667
2022-11-09 14:00:00,1.1183333333333334
2022-11-09 14:30:00,1.115
2022-11-09 15:00:00,1.1233333333333333
2022-11-09 15:30:00,1.1283333333333334
2022-11-09 16:00:00,1.1483333333333332
2022-11-09 16:30:00,1.0966666666666667
2022-11-09 17:00:00,1.1016666666666666
2022-11-09 17:30:00,1.0866666666666667
2022-11-09 18:00:00,1.0916666666666666
2022-11-09 18:30:00,1.0999999999999999
2022-11-09 19:00:00,1.0966666666666667
2022-11-09 19:30:00,1.1266666666666667
2022-11-09 20:00:00,1.105
2022-11-09 20:30:00,1.0983333333333334
2022-11-09 21:00:00,1.125
2022-11-09 21:30:00,1.1266666666666667
2022-11-09 22:00:00,1.1416666666666666
2022-11-09 22:30:00,1.135
2022-11-09 23:00:00,1.145
2022-11-09 23:30:00,1.1233333333333333
2022-11-10 00:00:00,1.1266666666666667
2022-11-10 00:30:00,1.125
2022-11-10 01:00:00,1.1466666666666667
2022-11-10 01:30:00,1.1166666666666665
2022-11-10 02:00:00,1.1166666666666667
2022-11-10 02:30:00,1.115
2022-11-10 03:00:00,1.12
2022-11-10 03:30:00,1.1183333333333334
2022-11-10 04:00:00,1.12
2022-11-10 04:30:00,1.1133333333333333
2022-11-10 05:00:00,1.1233333333333333
2022-11-10 05:30:00,1.105
2022-11-10 06:00:00,1.1233333333333333
2022-11-10 06:30:00,1.115
2022-11-10 07:00:00,1.135
2022-11-10 07:30:00,1.115
2022-11-10 08:00:00,1.16
2022-11-10 08:30:00,1.105
2022-11-10 09:00:00,1.1166666666666665
2022-11-10 09:30:00,1.0966666666666667
2022-11-10 10:00:00,1.09
2022-11-10 10:30:00,1.2049999999999998
2022-11-10 11:00:00,1.25
2022-11-10 11:30:00,1.2733333333333332
2022-11-10 12:00:00,1.2483333333333333
2022-11-10 12:30:00,1.2233333333333334
2022-11-10 13:00:00,1.2116666666666667
2022-11-10 13:30:00,1.2083333333333333
2022-11-10 14:00:00,1.1866666666666665
2022-11-10 14:30:00,1.1683333333333332
2022-11-10 15:00:00,1.2066666666666668
2022-11-10 15:30:00,1.2449999999999999
2022-11-10 16:00:00,1.3733333333333333
2022-11-10 16:30:00,1.1483333333333334
2022-11-10 17:00:00,1.0966666666666667
2022-11-10 17:30:00,1.0733333333333335
2022-11-10 18:00:00,1.0566666666666666
2022-11-10 18:30:00,1.0766666666666667
2022-11-10 19:00:00,1.0866666666666667
2022-11-10 19:30:00,1.0883333333333334
2022-11-10 20:00:00,1.0816666666666668
2022-11-10 20:30:00,1.09
2022-11-10 21:00:00,1.1216666666666666
2022-11-10 21:30:00,1.0983333333333334
2022-11-10 22:00:00,1.08
2022-11-10 22:30:00,1.1300000000000001
2022-11-10 23:00:00,1.135
2022-11-10 23:30:00,1.1033333333333333
2022-11-11 00:00:00,1.1033333333333333
2022-11-11 00:30:00,1.105
2022-11-11 01:00:00,1.1366666666666667
2022-11-11 01:30:00,1.0999999999999999
2022-11-11 02:00:00,1.1033333333333333
2022-11-11 02:30:00,1.1033333333333333
2022-11-11 03:00:00,1.095
2022-11-11 03:30:00,1.0683333333333334
2022-11-11 04:00:00,1.0766666666666667
2022-11-11 04:30:00,1.1066666666666667
2022-11-11 05:00:00,1.0966666666666667
2022-11-11 05:30:00,1.0833333333333333
2022-11-11 06:00:00,1.0933333333333335
2022-11-11 06:30:00,1.0633333333333332
2022-11-11 07:00:00,1.1216666666666666
2022-11-11 07:30:00,1.1566666666666667
2022-11-11 08:00:00,1.1199999999999999
2022-11-11 08:30:00,1.1083333333333334
2022-11-11 09:00:00,1.1233333333333333
2022-11-11 09:30:00,1.1033333333333333
2022-11-11 10:00:00,1.1166666666666667
2022-11-11 10:30:00,1.1866666666666665
2022-11-11 11:00:00,1.295
2022-11-11 11:30:00,1.33
2022-11-11 12:00:00,1.29
2022-11-11 12:30:00,1.33
2022-11-11 13:00:00,1.3166666666666667
2022-11-11 13:30:00,1.1066666666666667
2022-11-11 14:00:00,1.1883333333333332
2022-11-11 14:30:00,1.11
2022-11-11 15:00:00,1.1183333333333334
2022-11-11 15:30:00,1.1283333333333332
2022-11-11 16:00:00,1.1266666666666667
2022-11-11 16:30:00,1.1416666666666666
2022-11-11 17:00:00,1.1616666666666666
2022-11-11 17:30:00,1.1516666666666666
2022-11-11 18:00:00,1.1283333333333334
2022-11-11 18:30:00,1.1183333333333334
2022-11-11 19:00:00,1.1383333333333334
2022-11-11 19:30:00,1.1633333333333333
2022-11-11 20:00:00,1.1666666666666667
2022-11-11 20:30:00,1.145
2022-11-11 21:00:00,1.1616666666666666
2022-11-11 21:30:00,1.135
2022-11-11 22:00:00,1.18
2022-11-11 22:30:00,1.205
2022-11-11 23:00:00,1.345
2022-11-11 23:30:00,1.215
2022-11-12 00:00:00,1.1700000000000002
2022-11-12 00:30:00,1.2483333333333333
2022-11-12 01:00:00,1.3116666666666668
2022-11-12 01:30:00,1.24
2022-11-12 02:00:00,1.27
2022-11-12 02:30:00,1.2716666666666667
2022-11-12 03:00:00,1.2583333333333333
2022-11-12 03:30:00,1.165
2022-11-12 04:00:00,1.1766666666666667
2022-11-12 04:30:00,1.2033333333333334
2022-11-12 05:00:00,1.2016666666666667
2022-11-12 05:30:00,1.1966666666666665
2022-11-12 06:00:00,1.1916666666666667
2022-11-12 06:30:00,1.23
2022-11-12 07:00:00,1.3566666666666667
2022-11-12 07:30:00,1.2833333333333334
2022-11-12 08:00:00,1.3266666666666669
2022-11-12 08:30:00,1.29
2022-11-12 09:00:00,1.3483333333333334
2022-11-12 09:30:00,1.6766666666666667
2022-11-12 10:00:00,1.6733333333333331
2022-11-12 10:30:00,0.8966666666666666
2022-11-12 11:00:00,0.89
2022-11-12 11:30:00,0.8816666666666667
2022-11-12 12:00:00,0.9083333333333332
2022-11-12 12:30:00,0.8566666666666666
2022-11-12 13:00:00,0.945
2022-11-12 13:30:00,0.8583333333333334
2022-11-12 14:00:00,0.815
2022-11-12 14:30:00,0.815
2022-11-12 15:00:00,0.8216666666666667
2022-11-12 15:30:00,0.8300000000000001
2022-11-12 16:00:00,0.8133333333333334
2022-11-12 16:30:00,0.8466666666666667
2022-11-12 17:00:00,0.8566666666666668
2022-11-12 17:30:00,0.8716666666666667
2022-11-12 18:00:00,0.8733333333333334
2022-11-12 18:30:00,0.875
2022-11-12 19:00:00,0.8633333333333333
2022-11-12 19:30:00,0.9916666666666667
2022-11-12 20:00:00,0.8466666666666667
2022-11-12 20:30:00,0.8233333333333333
2022-11-12 21:00:00,0.7949999999999999
2022-11-12 21:30:00,0.85
2022-11-12 22:00:00,0.8550000000000001
2022-11-12 22:30:00,0.9049999999999999
2022-11-12 23:00:00,0.8583333333333334
2022-11-12 23:30:00,0.8416666666666667
2022-11-13 00:00:00,0.8416666666666667
2022-11-13 00:30:00,0.8616666666666667
2022-11-13 01:00:00,0.8833333333333333
2022-11-13 01:30:00,0.8099999999999999
2022-11-13 02:00:00,0.8066666666666666
2022-11-13 02:30:00,0.8083333333333332
2022-11-13 03:00:00,0.8066666666666666
2022-11-13 03:30:00,0.8083333333333332
2022-11-13 04:00:00,0.8099999999999999
2022-11-13 04:30:00,0.8083333333333332
2022-11-13 05:00:00,0.8150000000000001
2022-11-13 05:30:00,0.8266666666666667
2022-11-13 06:00:00,0.8333333333333334
2022-11-13 06:30:00,0.8333333333333334
2022-11-13 07:00:00,0.8466666666666667
2022-11-13 07:30:00,0.8216666666666667
2022-11-13 08:00:00,0.8416666666666667
2022-11-13 08:30:00,0.8300000000000001
2022-11-13 09:00:00,0.8383333333333333
2022-11-13 09:30:00,0.8233333333333333
2022-11-13 10:00:00,0.8383333333333333
2022-11-13 10:30:00,0.82
2022-11-13 11:00:00,0.8183333333333334
2022-11-13 11:30:00,142.03
2022-11-13 12:00:00,3.4116666666666666
2022-11-13 12:30:00,2.6
2022-11-13 13:00:00,1.8416666666666668
2022-11-13 13:30:00,1.75
2022-11-13 14:00:00,1.755
2022-11-13 14:30:00,1.6500000000000001
2022-11-13 15:00:00,1.36
2022-11-13 15:30:00,1.305
2022-11-13 16:00:00,1.2166666666666666
2022-11-13 16:30:00,1.1716666666666666
2022-11-13 17:00:00,1.1883333333333332
2022-11-13 17:30:00,1.1600000000000001
2022-11-13 18:00:00,1.1316666666666666
2022-11-13 18:30:00,1.1533333333333333
2022-11-13 19:00:00,1.125
2022-11-13 19:30:00,1.1516666666666666
2022-11-13 20:00:00,1.13
2022-11-13 20:30:00,1.1533333333333333
2022-11-13 21:00:00,1.1683333333333332
2022-11-13 21:30:00,1.1433333333333333
2022-11-13 22:00:00,1.1216666666666668
2022-11-13 22:30:00,1.0999999999999999
2022-11-13 23:00:00,1.0916666666666666
2022-11-13 23:30:00,1.08
2022-11-14 00:00:00,1.0716666666666665
2022-11-14 00:30:00,1.0683333333333334
2022-11-14 01:00:00,1.0516666666666665
2022-11-14 01:30:00,1.0566666666666666
2022-11-14 02:00:00,1.085
2022-11-14 02:30:00,1.07
2022-11-14 03:00:00,1.055
2022-11-14 03:30:00,1.0433333333333332
2022-11-14 04:00:00,1.04
2022-11-14 04:30:00,1.0383333333333333
2022-11-14 05:00:00,1.0283333333333333
2022-11-14 05:30:00,1.035
2022-11-14 06:00:00,1.0283333333333333
2022-11-14 06:30:00,1.0383333333333333
2022-11-14 07:00:00,1.0483333333333333
2022-11-14 07:30:00,1.0599999999999998
2022-11-14 08:00:00,1.0633333333333332
2022-11-14 08:30:00,1.08
2022-11-14 09:00:00,1.0616666666666668
2022-11-14 09:30:00,1.045
2022-11-14 10:00:00,1.045
2022-11-14 10:30:00,1.0599999999999998
2022-11-14 11:00:00,1.07
2022-11-14 11:30:00,1.075
2022-11-14 12:00:00,1.0583333333333333
2022-11-14 12:30:00,1.0716666666666665
2022-11-14 13:00:00,1.095
2022-11-14 13:30:00,1.0583333333333333
2022-11-14 14:00:00,1.0516666666666665
2022-11-14 14:30:00,1.055
2022-11-14 15:00:00,1.0666666666666667
2022-11-14 15:30:00,1.0966666666666667
2022-11-14 16:00:00,1.1666666666666667
2022-11-14 16:30:00,1.065
2022-11-14 17:00:00,1.075
2022-11-14 17:30:00,1.07
2022-11-14 18:00:00,1.0783333333333334
2022-11-14 18:30:00,1.09
2022-11-14 19:00:00,1.09
2022-11-14 19:30:00,1.0883333333333332
2022-11-14 20:00:00,1.1116666666666666
2022-11-14 20:30:00,1.1433333333333333
2022-11-14 21:00:00,1.14
2022-11-14 21:30:00,1.1383333333333334
2022-11-14 22:00:00,1.125
2022-11-14 22:30:00,1.1300000000000001
2022-11-14 23:00:00,1.1183333333333334
2022-11-14 23:30:00,1.11
2022-11-15 00:00:00,1.1166666666666667
2022-11-15 00:30:00,1.1383333333333334
2022-11-15 01:00:00,1.1199999999999999
2022-11-15 01:30:00,1.1266666666666667
2022-11-15 02:00:00,1.13
2022-11-15 02:30:00,1.14
2022-11-15 03:00:00,1.1516666666666666
2022-11-15 03:30:00,1.175
2022-11-15 04:00:00,1.1783333333333335
2022-11-15 04:30:00,1.1916666666666667
2022-11-15 05:00:00,1.1700000000000002
2022-11-15 05:30:00,1.1183333333333334
2022-11-15 06:00:00,1.1050000000000002
2022-11-15 06:30:00,1.0866666666666667
2022-11-15 07:00:00,1.0616666666666668
2022-11-15 07:30:00,1.06
2022-11-15 08:00:00,1.075
2022-11-15 08:30:00,1.0566666666666666
2022-11-15 09:00:00,1.0666666666666667
2022-11-15 09:30:00,1.115
2022-11-15 10:00:00,1.16
2022-11-15 10:30:00,1.1783333333333335
2022-11-15 11:00:00,1.2266666666666668
2022-11-15 11:30:00,1.145
2022-11-15 12:00:00,1.1500000000000001
2022-11-15 12:30:00,1.2466666666666668
2022-11-15 13:00:00,1.325
2022-11-15 13:30:00,1.1500000000000001
2022-11-15 14:00:00,1.0999999999999999
2022-11-15 14:30:00,1.0999999999999999
2022-11-15 15:00:00,1.1033333333333333
2022-11-15 15:30:00,1.1433333333333333
2022-11-15 16:00:00,1.125
2022-11-15 16:30:00,1.1383333333333334
2022-11-15 17:00:00,1.1633333333333333
2022-11-15 17:30:00,1.14
2022-11-15 18:00:00,1.1716666666666666
2022-11-15 18:30:00,1.1500000000000001
2022-11-15 19:00:00,1.1583333333333334
2022-11-15 19:30:00,1.1466666666666667
2022-11-15 20:00:00,1.14
2022-11-15 20:30:00,1.1233333333333333
2022-11-15 21:00:00,1.1333333333333333
2022-11-15 21:30:00,1.135
2022-11-15 22:00:00,1.14
2022-11-15 22:30:00,1.1433333333333333
2022-11-15 23:00:00,1.1516666666666666
2022-11-15 23:30:00,1.1166666666666667
2022-11-16 00:00:00,1.1300000000000001
2022-11-16 00:30:00,1.12
2022-11-16 01:00:00,1.135
2022-11-16 01:30:00,1.1433333333333333
2022-11-16 02:00:00,1.1333333333333333
2022-11-16 02:30:00,1.1216666666666668
2022-11-16 03:00:00,1.13
2022-11-16 03:30:00,1.1266666666666667
2022-11-16 04:00:00,1.135
2022-11-16 04:30:00,1.125
2022-11-16 05:00:00,1.1233333333333333
2022-11-16 05:30:00,1.1216666666666666
2022-11-16 06:00:00,1.1383333333333334
2022-11-16 06:30:00,1.1483333333333332
2022-11-16 07:00:00,1.1616666666666666
2022-11-16 07:30:00,1.1766666666666667
2022-11-16 08:00:00,1.1966666666666665
2022-11-16 08:30:00,1.2216666666666667
2022-11-16 09:00:00,1.2
2022-11-16 09:30:00,1.2016666666666667
2022-11-16 10:00:00,1.1916666666666667
2022-11-16 10:30:00,1.18
2022-11-16 11:00:00,1.1783333333333332
2022-11-16 11:30:00,1.1866666666666668
2022-11-16 12:00:00,1.215
2022-11-16 12:30:00,1.2133333333333332
2022-11-16 13:00:00,1.2133333333333332
2022-11-16 13:30:00,1.2133333333333332
2022-11-16 14:00:00,1.1883333333333332
2022-11-16 14:30:00,1.2233333333333334
2022-11-16 15:00:00,1.2249999999999999
2022-11-16 15:30:00,1.195
2022-11-16 16:00:00,1.1716666666666666
2022-11-16 16:30:00,1.1666666666666667
2022-11-16 17:00:00,1.1766666666666665
2022-11-16 17:30:00,1.18
2022-11-16 18:00:00,1.165
2022-11-16 18:30:00,1.1733333333333333
2022-11-16 19:00:00,1.2366666666666666
2022-11-16 19:30:00,1.1866666666666668
2022-11-16 20:00:00,1.1633333333333333
2022-11-16 20:30:00,1.1466666666666667
2022-11-16 21:00:00,1.155
2022-11-16 21:30:00,1.1316666666666666
2022-11-16 22:00:00,1.1466666666666667
2022-11-16 22:30:00,1.135
2022-11-16 23:00:00,1.1166666666666667
2022-11-16 23:30:00,1.1566666666666667
2022-11-17 00:00:00,1.0916666666666666
2022-11-17 00:30:00,1.0616666666666668
2022-11-17 01:00:00,1.0616666666666668
2022-11-17 01:30:00,1.0533333333333335
2022-11-17 02:00:00,1.0533333333333332
2022-11-17 02:30:00,1.0466666666666666
2022-11-17 03:00:00,1.0599999999999998
2022-11-17 03:30:00,1.0583333333333333
2022-11-17 04:00:00,1.0666666666666667
2022-11-17 04:30:00,1.075
2022-11-17 05:00:00,1.08
2022-11-17 05:30:00,1.0866666666666667
2022-11-17 06:00:00,1.0933333333333335
2022-11-17 06:30:00,1.1033333333333333
2022-11-17 07:00:00,1.1116666666666666
2022-11-17 07:30:00,1.1233333333333333
2022-11-17 08:00:00,1.1283333333333332
2022-11-17 08:30:00,1.11
2022-11-17 09:00:00,1.105
2022-11-17 09:30:00,1.1283333333333332
2022-11-17 10:00:00,1.1566666666666667
2022-11-17 10:30:00,1.1583333333333334
2022-11-17 11:00:00,1.2033333333333334
2022-11-17 11:30:00,1.2116666666666667
2022-11-17 12:00:00,1.2383333333333333
2022-11-17 12:30:00,1.2716666666666667
2022-11-17 13:00:00,1.3016666666666667
2022-11-17 13:30:00,1.28
2022-11-17 14:00:00,1.2583333333333333
2022-11-17 14:30:00,1.2533333333333332
2022-11-17 15:00:00,1.2433333333333334
2022-11-17 15:30:00,1.2616666666666667
2022-11-17 16:00:00,1.1483333333333332
2022-11-17 16:30:00,1.055
2022-11-17 17:00:00,1.0666666666666667
2022-11-17 17:30:00,1.1
2022-11-17 18:00:00,1.0566666666666666
2022-11-17 18:30:00,1.0466666666666666
2022-11-17 19:00:00,1.0483333333333333
2022-11-17 19:30:00,1.0466666666666666
2022-11-17 20:00:00,1.0450000000000002
2022-11-17 20:30:00,1.0516666666666665
2022-11-17 21:00:00,1.0833333333333333
2022-11-17 21:30:00,1.0933333333333335
2022-11-17 22:00:00,1.08
2022-11-17 22:30:00,1.095
2022-11-17 23:00:00,1.1183333333333334
2022-11-17 23:30:00,1.0599999999999998
2022-11-18 00:00:00,1.0483333333333333
2022-11-18 00:30:00,1.0599999999999998
2022-11-18 01:00:00,1.0766666666666667
2022-11-18 01:30:00,1.0866666666666667
2022-11-18 02:00:00,1.1066666666666667
2022-11-18 02:30:00,1.1183333333333334
2022-11-18 03:00:00,1.1216666666666668
2022-11-18 03:30:00,1.1233333333333333
2022-11-18 04:00:00,1.1233333333333333
2022-11-18 04:30:00,1.125
2022-11-18 05:00:00,1.1416666666666666
2022-11-18 05:30:00,1.14
2022-11-18 06:00:00,1.1533333333333333
2022-11-18 06:30:00,1.1566666666666665
2022-11-18 07:00:00,1.16
2022-11-18 07:30:00,1.1533333333333333
2022-11-18 08:00:00,1.16
2022-11-18 08:30:00,1.1666666666666667
2022-11-18 09:00:00,1.1716666666666666
2022-11-18 09:30:00,1.1466666666666667
2022-11-18 10:00:00,1.1449999999999998
2022-11-18 10:30:00,1.265
2022-11-18 11:00:00,1.3033333333333335
2022-11-18 11:30:00,1.3333333333333333
2022-11-18 12:00:00,1.3016666666666667
2022-11-18 12:30:00,1.3383333333333336
2022-11-18 13:00:00,1.4533333333333331
2022-11-18 13:30:00,1.32
2022-11-18 14:00:00,1.2733333333333332
2022-11-18 14:30:00,1.29
2022-11-18 15:00:00,1.3499999999999999
2022-11-18 15:30:00,1.39
2022-11-18 16:00:00,1.2266666666666668
2022-11-18 16:30:00,1.2066666666666668
2022-11-18 17:00:00,1.2266666666666668
2022-11-18 17:30:00,1.1933333333333334
2022-11-18 18:00:00,1.2016666666666669
2022-11-18 18:30:00,1.1833333333333333
2022-11-18 19:00:00,1.1583333333333334
2022-11-18 19:30:00,1.1216666666666668
2022-11-18 20:00:00,1.1233333333333333
2022-11-18 20:30:00,1.1616666666666668
2022-11-18 21:00:00,1.1883333333333332
2022-11-18 21:30:00,1.1616666666666666
2022-11-18 22:00:00,1.1383333333333334
2022-11-18 22:30:00,1.1283333333333334
2022-11-18 23:00:00,1.135
2022-11-18 23:30:00,1.1199999999999999
2022-11-19 00:00:00,1.1316666666666666
2022-11-19 00:30:00,1.1216666666666668
2022-11-19 01:00:00,1.1300000000000001
2022-11-19 01:30:00,1.14
2022-11-19 02:00:00,1.1433333333333333
2022-11-19 02:30:00,1.14
2022-11-19 03:00:00,1.1183333333333334
2022-11-19 03:30:00,1.1466666666666667
2022-11-19 04:00:00,1.185
2022-11-19 04:30:00,1.185
2022-11-19 05:00:00,1.1433333333333333
2022-11-19 05:30:00,1.1516666666666666
2022-11-19 06:00:00,1.1633333333333333
2022-11-19 06:30:00,1.1683333333333334
2022-11-19 07:00:00,1.1933333333333334
2022-11-19 07:30:00,1.2516666666666667
2022-11-19 08:00:00,1.3383333333333332
2022-11-19 08:30:00,1.55
2022-11-19 09:00:00,23.71166666666667
2022-11-19 09:30:00,0.8566666666666668
2022-11-19 10:00:00,0.86
2022-11-19 10:30:00,0.9133333333333334
2022-11-19 11:00:00,0.8966666666666666
2022-11-19 11:30:00,0.8966666666666666
2022-11-19 12:00:00,0.8866666666666667
2022-11-19 12:30:00,0.8799999999999999
2022-11-19 13:00:00,0.895
2022-11-19 13:30:00,0.8150000000000001
2022-11-19 14:00:00,0.8566666666666666
2022-11-19 14:30:00,0.87
2022-11-19 15:00:00,0.8733333333333334
2022-11-19 15:30:00,0.88
2022-11-19 16:00:00,0.9700000000000001
2022-11-19 16:30:00,0.8216666666666667
2022-11-19 17:00:00,0.8033333333333333
2022-11-19 17:30:00,0.7866666666666667
2022-11-19 18:00:00,0.7916666666666666
2022-11-19 18:30:00,0.7999999999999999
2022-11-19 19:00:00,0.7866666666666666
2022-11-19 19:30:00,0.8266666666666667
2022-11-19 20:00:00,0.8316666666666667
2022-11-19 20:30:00,0.8333333333333334
2022-11-19 21:00:00,0.8233333333333333
2022-11-19 21:30:00,0.8233333333333333
2022-11-19 22:00:00,0.8766666666666666
2022-11-19 22:30:00,0.8133333333333335
2022-11-19 23:00:00,0.8099999999999999
2022-11-19 23:30:00,0.7583333333333334
2022-11-20 00:00:00,0.7583333333333333
2022-11-20 00:30:00,0.7549999999999999
2022-11-20 01:00:00,0.7516666666666666
2022-11-20 01:30:00,0.7466666666666667
2022-11-20 02:00:00,0.7366666666666667
2022-11-20 02:30:00,0.7433333333333333
2022-11-20 03:00:00,0.7549999999999999
2022-11-20 03:30:00,0.75
2022-11-20 04:00:00,0.7533333333333333
2022-11-20 04:30:00,0.7600000000000001
2022-11-20 05:00:00,0.7633333333333333
2022-11-20 05:30:00,0.7666666666666666
2022-11-20 06:00:00,0.7916666666666666
2022-11-20 06:30:00,0.805
2022-11-20 07:00:00,0.7949999999999999
2022-11-20 07:30:00,0.7999999999999999
2022-11-20 08:00:00,0.8166666666666668
2022-11-20 08:30:00,0.835
2022-11-20 09:00:00,0.8583333333333334
2022-11-20 09:30:00,0.8366666666666666
2022-11-20 10:00:00,0.8333333333333334
2022-11-20 10:30:00,0.89
2022-11-20 11:00:00,0.8583333333333334
2022-11-20 11:30:00,0.8666666666666666
2022-11-20 12:00:00,0.8716666666666667
2022-11-20 12:30:00,0.875
2022-11-20 13:00:00,0.9433333333333334
2022-11-20 13:30:00,0.8666666666666667
2022-11-20 14:00:00,0.8366666666666666
2022-11-20 14:30:00,0.9199999999999999
2022-11-20 15:00:00,0.8566666666666668
2022-11-20 15:30:00,0.94
2022-11-20 16:00:00,0.8516666666666666
2022-11-20 16:30:00,0.855
2022-11-20 17:00:00,0.9199999999999999
2022-11-20 17:30:00,0.8666666666666666
2022-11-20 18:00:00,0.8666666666666666
2022-11-20 18:30:00,0.8733333333333334
2022-11-20 19:00:00,0.8316666666666667
2022-11-20 19:30:00,0.8616666666666667
2022-11-20 20:00:00,0.915
2022-11-20 20:30:00,0.8916666666666666
2022-11-20 21:00:00,0.8716666666666667
2022-11-20 21:30:00,0.8716666666666667
2022-11-20 22:00:00,0.875
2022-11-20 22:30:00,0.8666666666666667
2022-11-20 23:00:00,0.8733333333333334
2022-11-20 23:30:00,0.8616666666666667
2022-11-21 00:00:00,0.8649999999999999
2022-11-21 00:30:00,0.8850000000000001
2022-11-21 01:00:00,0.8700000000000001
2022-11-21 01:30:00,0.8616666666666667
2022-11-21 02:00:00,0.8683333333333333
2022-11-21 02:30:00,0.8633333333333333
2022-11-21 03:00:00,0.8733333333333334
2022-11-21 03:30:00,0.86
2022-11-21 04:00:00,0.86
2022-11-21 04:30:00,0.8766666666666666
2022-11-21 05:00:00,0.86
2022-11-21 05:30:00,0.8733333333333334
2022-11-21 06:00:00,0.8833333333333333
2022-11-21 06:30:00,0.9483333333333333
2022-11-21 07:00:00,0.8816666666666667
2022-11-21 07:30:00,0.8850000000000001
2022-11-21 08:00:00,0.8833333333333333
2022-11-21 08:30:00,0.8716666666666667
2022-11-21 09:00:00,0.8700000000000001
2022-11-21 09:30:00,97.99166666666667
2022-11-21 10:00:00,1.6166666666666665
2022-11-21 10:30:00,2.5716666666666668
2022-11-21 11:00:00,2.195
2022-11-21 11:30:00,1.82
2022-11-21 12:00:00,1.75
2022-11-21 12:30:00,1.71
2022-11-21 13:00:00,1.5383333333333333
2022-11-21 13:30:00,1.3483333333333334
2022-11-21 14:00:00,1.215
2022-11-21 14:30:00,1.175
2022-11-21 15:00:00,1.185
2022-11-21 15:30:00,1.1916666666666667
2022-11-21 16:00:00,1.2566666666666666
2022-11-21 16:30:00,1.215
2022-11-21 17:00:00,1.2183333333333333
2022-11-21 17:30:00,1.1783333333333335
2022-11-21 18:00:00,1.1933333333333334
2022-11-21 18:30:00,1.1566666666666665
2022-11-21 19:00:00,1.1466666666666667
2022-11-21 19:30:00,1.1316666666666666
2022-11-21 20:00:00,1.19
2022-11-21 20:30:00,1.1566666666666665
2022-11-21 21:00:00,1.1566666666666665
2022-11-21 21:30:00,1.1783333333333335
2022-11-21 22:00:00,1.1566666666666667
2022-11-21 22:30:00,1.17
2022-11-21 23:00:00,1.16
2022-11-21 23:30:00,1.1300000000000001
2022-11-22 00:00:00,1.115
2022-11-22 00:30:00,1.1283333333333334
2022-11-22 01:00:00,1.1083333333333334
2022-11-22 01:30:00,1.095
2022-11-22 02:00:00,1.0883333333333334
2022-11-22 02:30:00,1.095
2022-11-22 03:00:00,1.0933333333333335
2022-11-22 03:30:00,1.0883333333333334
2022-11-22 04:00:00,1.0916666666666666
2022-11-22 04:30:00,1.0933333333333335
2022-11-22 05:00:00,1.0966666666666667
2022-11-22 05:30:00,1.0966666666666667
2022-11-22 06:00:00,1.115
2022-11-22 06:30:00,1.1166666666666667
2022-11-22 07:00:00,1.1316666666666666
2022-11-22 07:30:00,1.1133333333333333
2022-11-22 08:00:00,1.125
2022-11-22 08:30:00,1.1083333333333334
2022-11-22 09:00:00,1.1233333333333333
2022-11-22 09:30:00,1.1233333333333333
2022-11-22 10:00:00,1.1366666666666667
2022-11-22 10:30:00,1.14
2022-11-22 11:00:00,1.1233333333333333
2022-11-22 11:30:00,1.125
2022-11-22 12:00:00,1.1316666666666666
2022-11-22 12:30:00,1.1566666666666665
2022-11-22 13:00:00,1.2449999999999999
2022-11-22 13:30:00,1.135
2022-11-22 14:00:00,1.15
2022-11-22 14:30:00,1.1566666666666665
2022-11-22 15:00:00,1.1849999999999998
2022-11-22 15:30:00,1.1966666666666665
2022-11-22 16:00:00,1.1733333333333333
2022-11-22 16:30:00,1.2016666666666667
2022-11-22 17:00:00,1.2183333333333335
2022-11-22 17:30:00,1.1966666666666665
2022-11-22 18:00:00,1.18
2022-11-22 18:30:00,1.1983333333333335
2022-11-22 19:00:00,1.1816666666666666
2022-11-22 19:30:00,1.1866666666666665
2022-11-22 20:00:00,1.1816666666666666
2022-11-22 20:30:00,1.18
2022-11-22 21:00:00,1.2016666666666667
2022-11-22 21:30:00,1.19
2022-11-22 22:00:00,1.1933333333333334
2022-11-22 22:30:00,1.1900000000000002
2022-11-22 23:00:00,1.1866666666666668
2022-11-22 23:30:00,1.1700000000000002
2022-11-23 00:00:00,1.17
2022-11-23 00:30:00,1.18
2022-11-23 01:00:00,1.1883333333333332
2022-11-23 01:30:00,1.1933333333333334
2022-11-23 02:00:00,1.1866666666666668
2022-11-23 02:30:00,1.1683333333333332
2022-11-23 03:00:00,1.1783333333333335
2022-11-23 03:30:00,1.1716666666666666
2022-11-23 04:00:00,1.1633333333333333
2022-11-23 04:30:00,1.1566666666666665
2022-11-23 05:00:00,1.16
2022-11-23 05:30:00,1.16
2022-11-23 06:00:00,1.1666666666666667
2022-11-23 06:30:00,1.18
2022-11-23 07:00:00,1.1933333333333334
2022-11-23 07:30:00,1.1733333333333333
2022-11-23 08:00:00,1.1900000000000002
2022-11-23 08:30:00,1.215
2022-11-23 09:00:00,1.1966666666666665
2022-11-23 09:30:00,1.1883333333333332
2022-11-23 10:00:00,1.1633333333333333
2022-11-23 10:30:00,1.1833333333333333
2022-11-23 11:00:00,1.22
2022-11-23 11:30:00,1.255
2022-11-23 12:00:00,1.2666666666666666
2022-11-23 12:30:00,1.2516666666666667
2022-11-23 13:00:00,1.2466666666666666
2022-11-23 13:30:00,1.2449999999999999
2022-11-23 14:00:00,1.2433333333333332
2022-11-23 14:30:00,1.24
2022-11-23 15:00:00,1.2183333333333333
2022-11-23 15:30:00,1.19
2022-11-23 16:00:00,1.1666666666666667
2022-11-23 16:30:00,1.1233333333333333
2022-11-23 17:00:00,1.1300000000000001
2022-11-23 17:30:00,1.1566666666666665
2022-11-23 18:00:00,1.1333333333333333
2022-11-23 18:30:00,1.125
2022-11-23 19:00:00,1.1066666666666667
2022-11-23 19:30:00,1.105
2022-11-23 20:00:00,1.105
2022-11-23 20:30:00,1.1033333333333333
2022-11-23 21:00:00,1.11
2022-11-23 21:30:00,1.1033333333333333
2022-11-23 22:00:00,1.115
2022-11-23 22:30:00,1.1316666666666666
2022-11-23 23:00:00,1.0916666666666666
2022-11-23 23:30:00,1.11
2022-11-24 00:00:00,1.125
2022-11-24 00:30:00,1.1316666666666666
2022-11-24 01:00:00,1.1266666666666667
2022-11-24 01:30:00,1.1266666666666667
2022-11-24 02:00:00,1.1266666666666667
2022-11-24 02:30:00,1.1216666666666668
2022-11-24 03:00:00,1.1233333333333333
2022-11-24 03:30:00,1.125
2022-11-24 04:00:00,1.1233333333333333
2022-11-24 04:30:00,1.1183333333333334
2022-11-24 05:00:00,1.1083333333333334
2022-11-24 05:30:00,1.1166666666666667
2022-11-24 06:00:00,1.1066666666666667
2022-11-24 06:30:00,1.1166666666666667
2022-11-24 07:00:00,1.1
2022-11-24 07:30:00,1.0999999999999999
2022-11-24 08:00:00,1.1083333333333334
2022-11-24 08:30:00,1.1016666666666668
2022-11-24 09:00:00,1.0933333333333335
2022-11-24 09:30:00,1.0983333333333334
2022-11-24 10:00:00,1.0983333333333334
2022-11-24 10:30:00,1.1316666666666666
2022-11-24 11:00:00,1.1666666666666667
2022-11-24 11:30:00,1.1433333333333333
2022-11-24 12:00:00,1.1533333333333333
2022-11-24 12:30:00,1.1466666666666667
2022-11-24 13:00:00,1.1416666666666666
2022-11-24 13:30:00,1.1416666666666666
2022-11-24 14:00:00,1.1233333333333333
2022-11-24 14:30:00,1.125
2022-11-24 15:00:00,1.14
2022-11-24 15:30:00,1.1733333333333333
2022-11-24 16:00:00,1.1300000000000001
2022-11-24 16:30:00,1.135
2022-11-24 17:00:00,1.1283333333333332
2022-11-24 17:30:00,1.1216666666666668
2022-11-24 18:00:00,1.1383333333333334
2022-11-24 18:30:00,1.1133333333333335
2022-11-24 19:00:00,1.1116666666666666
2022-11-24 19:30:00,1.0999999999999999
2022-11-24 20:00:00,1.12
2022-11-24 20:30:00,1.1116666666666666
2022-11-24 21:00:00,1.1116666666666666
2022-11-24 21:30:00,1.1216666666666668
2022-11-24 22:00:00,1.1083333333333334
2022-11-24 22:30:00,1.1216666666666668
2022-11-24 23:00:00,1.1066666666666667
2022-11-24 23:30:00,1.1083333333333334
2022-11-25 00:00:00,1.11
2022-11-25 00:30:00,1.115
2022-11-25 01:00:00,1.1316666666666666
2022-11-25 01:30:00,1.1166666666666667
2022-11-25 02:00:00,1.1300000000000001
2022-11-25 02:30:00,1.115
2022-11-25 03:00:00,1.1333333333333333
2022-11-25 03:30:00,1.115
2022-11-25 04:00:00,1.1233333333333333
2022-11-25 04:30:00,1.1033333333333333
2022-11-25 05:00:00,1.1033333333333333
2022-11-25 05:30:00,1.0999999999999999
2022-11-25 06:00:00,1.1166666666666665
2022-11-25 06:30:00,1.1233333333333333
2022-11-25 07:00:00,1.1466666666666667
2022-11-25 07:30:00,1.1466666666666667
2022-11-25 08:00:00,1.1383333333333334
2022-11-25 08:30:00,1.1333333333333333
2022-11-25 09:00:00,1.135
2022-11-25 09:30:00,1.1466666666666667
2022-11-25 10:00:00,1.1816666666666666
2022-11-25 10:30:00,1.2083333333333333
2022-11-25 11:00:00,1.16
2022-11-25 11:30:00,1.2333333333333332
2022-11-25 12:00:00,1.3333333333333333
2022-11-25 12:30:00,1.325
2022-11-25 13:00:00,1.3
2022-11-25 13:30:00,1.2783333333333333
2022-11-25 14:00:00,1.265
2022-11-25 14:30:00,1.28
2022-11-25 15:00:00,1.2966666666666666
2022-11-25 15:30:00,1.3366666666666667
2022-11-25 16:00:00,1.4216666666666666
2022-11-25 16:30:00,1.4283333333333335
2022-11-25 17:00:00,1.175
2022-11-25 17:30:00,1.3683333333333334
2022-11-25 18:00:00,1.1833333333333333
2022-11-25 18:30:00,1.185
2022-11-25 19:00:00,1.1933333333333334
2022-11-25 19:30:00,1.1916666666666667
2022-11-25 20:00:00,1.18
2022-11-25 20:30:00,1.1766666666666667
2022-11-25 21:00:00,1.215
2022-11-25 21:30:00,1.1916666666666667
2022-11-25 22:00:00,1.1833333333333333
2022-11-25 22:30:00,1.2516666666666667
2022-11-25 23:00:00,1.3333333333333333
2022-11-25 23:30:00,1.1866666666666668
2022-11-26 00:00:00,1.2633333333333334
2022-11-26 00:30:00,1.2733333333333334
2022-11-26 01:00:00,1.3016666666666667
2022-11-26 01:30:00,1.32
2022-11-26 02:00:00,1.3216666666666665
2022-11-26 02:30:00,1.325
2022-11-26 03:00:00,1.3433333333333335
2022-11-26 03:30:00,1.2866666666666666
2022-11-26 04:00:00,1.3716666666666668
2022-11-26 04:30:00,1.32
2022-11-26 05:00:00,1.325
2022-11-26 05:30:00,1.3166666666666667
2022-11-26 06:00:00,1.3583333333333334
2022-11-26 06:30:00,1.555
2022-11-26 07:00:00,1.3116666666666668
2022-11-26 07:30:00,1.3150000000000002
2022-11-26 08:00:00,1.4983333333333333
2022-11-26 08:30:00,1.8283333333333331
2022-11-26 09:00:00,40.30166666666667
2022-11-26 09:30:00,0.975
2022-11-26 10:00:00,0.9716666666666667
2022-11-26 10:30:00,0.9500000000000001
2022-11-26 11:00:00,0.9883333333333333
2022-11-26 11:30:00,0.9733333333333333
2022-11-26 12:00:00,0.96
2022-11-26 12:30:00,0.9700000000000001
2022-11-26 13:00:00,1.005
2022-11-26 13:30:00,1.0033333333333332
2022-11-26 14:00:00,0.9616666666666666
2022-11-26 14:30:00,0.9816666666666668
2022-11-26 15:00:00,0.9883333333333333
2022-11-26 15:30:00,0.985
2022-11-26 16:00:00,1.0033333333333332
2022-11-26 16:30:00,1.0583333333333333
2022-11-26 17:00:00,1.07
2022-11-26 17:30:00,1.0766666666666667
2022-11-26 18:00:00,0.9866666666666667
2022-11-26 18:30:00,0.9766666666666666
2022-11-26 19:00:00,0.9550000000000001
2022-11-26 19:30:00,1.0266666666666666
2022-11-26 20:00:00,0.9916666666666666
2022-11-26 20:30:00,0.9683333333333334
2022-11-26 21:00:00,1.0083333333333335
2022-11-26 21:30:00,1.015
2022-11-26 22:00:00,1.03
2022-11-26 22:30:00,0.9966666666666667
2022-11-26 23:00:00,1.0383333333333333
2022-11-26 23:30:00,1.0366666666666668
2022-11-27 00:00:00,1.0233333333333334
2022-11-27 00:30:00,1.0650000000000002
2022-11-27 01:00:00,1.0533333333333335
2022-11-27 01:30:00,1.0416666666666667
2022-11-27 02:00:00,1.0366666666666666
2022-11-27 02:30:00,1.0116666666666667
2022-11-27 03:00:00,1.015
2022-11-27 03:30:00,1.0083333333333335
2022-11-27 04:00:00,1.0116666666666667
2022-11-27 04:30:00,0.9916666666666667
2022-11-27 05:00:00,1.0050000000000001
2022-11-27 05:30:00,0.9800000000000001
2022-11-27 06:00:00,0.9983333333333334
2022-11-27 06:30:00,1.0316666666666665
2022-11-27 07:00:00,0.9983333333333334
2022-11-27 07:30:00,1.04
2022-11-27 08:00:00,1.0483333333333333
2022-11-27 08:30:00,1.0133333333333334
2022-11-27 09:00:00,1.0033333333333332
2022-11-27 09:30:00,1.0666666666666667
2022-11-27 10:00:00,1.0083333333333335
2022-11-27 10:30:00,1.005
2022-11-27 11:00:00,1.0483333333333333
2022-11-27 11:30:00,1.0033333333333332
2022-11-27 12:00:00,0.9983333333333334
2022-11-27 12:30:00,0.9899999999999999
2022-11-27 13:00:00,0.9966666666666667
2022-11-27 13:30:00,0.9616666666666666
2022-11-27 14:00:00,1.04
2022-11-27 14:30:00,1.0133333333333334
2022-11-27 15:00:00,0.9133333333333334
2022-11-27 15:30:00,1.0666666666666667
2022-11-27 16:00:00,1.0316666666666665
2022-11-27 16:30:00,1.23
2022-11-27 17:00:00,1.0016666666666667
2022-11-27 17:30:00,1.0066666666666666
2022-11-27 18:00:00,0.9983333333333334
2022-11-27 18:30:00,0.9500000000000001
2022-11-27 19:00:00,0.96
2022-11-27 19:30:00,0.985
2022-11-27 20:00:00,0.9783333333333334
2022-11-27 20:30:00,0.9416666666666668
2022-11-27 21:00:00,1.0050000000000001
2022-11-27 21:30:00,1.0766666666666667
2022-11-27 22:00:00,1.0333333333333332
2022-11-27 22:30:00,0.9866666666666667
2022-11-27 23:00:00,1.005
2022-11-27 23:30:00,0.9516666666666667
2022-11-28 00:00:00,0.9550000000000001
2022-11-28 00:30:00,0.9483333333333333
2022-11-28 01:00:00,0.9249999999999999
2022-11-28 01:30:00,0.93
2022-11-28 02:00:00,77.165
2022-11-28 02:30:00,3.815
2022-11-28 03:00:00,2.1233333333333335
2022-11-28 03:30:00,2.1233333333333335
2022-11-28 04:00:00,2.2183333333333333
2022-11-28 04:30:00,2.103333333333333
2022-11-28 05:00:00,1.4833333333333332
2022-11-28 05:30:00,1.4283333333333335
2022-11-28 06:00:00,1.3583333333333334
2022-11-28 06:30:00,1.4000000000000001
2022-11-28 07:00:00,1.3433333333333335
2022-11-28 07:30:00,1.325
2022-11-28 08:00:00,1.345
2022-11-28 08:30:00,1.3383333333333336
2022-11-28 09:00:00,1.3299999999999998
2022-11-28 09:30:00,1.3083333333333333
2022-11-28 10:00:00,1.3116666666666668
2022-11-28 10:30:00,1.3266666666666667
2022-11-28 11:00:00,1.345
2022-11-28 11:30:00,1.3033333333333335
2022-11-28 12:00:00,1.3266666666666667
2022-11-28 12:30:00,1.3183333333333334
2022-11-28 13:00:00,1.31
2022-11-28 13:30:00,1.3083333333333333
2022-11-28 14:00:00,1.3266666666666667
2022-11-28 14:30:00,1.325
2022-11-28 15:00:00,1.33
2022-11-28 15:30:00,1.3283333333333334
2022-11-28 16:00:00,1.3833333333333335
2022-11-28 16:30:00,1.4316666666666666
2022-11-28 17:00:00,1.3383333333333336
2022-11-28 17:30:00,1.3266666666666669
2022-11-28 18:00:00,1.3583333333333334
2022-11-28 18:30:00,1.32
2022-11-28 19:00:00,1.3166666666666667
2022-11-28 19:30:00,1.3266666666666667
2022-11-28 20:00:00,1.32
2022-11-28 20:30:00,1.2683333333333333
2022-11-28 21:00:00,1.3033333333333335
2022-11-28 21:30:00,1.2866666666666668
2022-11-28 22:00:00,1.2816666666666667
2022-11-28 22:30:00,1.265
2022-11-28 23:00:00,1.315
2022-11-28 23:30:00,1.2666666666666666
2022-11-29 00:00:00,1.285
2022-11-29 00:30:00,1.3133333333333332
2022-11-29 01:00:00,1.3150000000000002
2022-11-29 01:30:00,1.2783333333333333
2022-11-29 02:00:00,1.2883333333333333
2022-11-29 02:30:00,1.2866666666666668
2022-11-29 03:00:00,1.2933333333333332
2022-11-29 03:30:00,1.2699999999999998
2022-11-29 04:00:00,1.27
2022-11-29 04:30:00,1.3550000000000002
2022-11-29 05:00:00,1.285
2022-11-29 05:30:00,1.3116666666666668
2022-11-29 06:00:00,1.4366666666666668
2022-11-29 06:30:00,1.445
2022-11-29 07:00:00,1.3516666666666666
2022-11-29 07:30:00,1.4533333333333334
2022-11-29 08:00:00,1.3783333333333332
2022-11-29 08:30:00,1.3399999999999999
2022-11-29 09:00:00,1.3666666666666665
2022-11-29 09:30:00,88.07833333333333
2022-11-29 10:00:00,20.213333333333335
2022-11-29 10:30:00,14.100000000000001
2022-11-29 11:00:00,13.228333333333333
2022-11-29 11:30:00,4.266666666666667
2022-11-29 12:00:00,4.211666666666667
2022-11-29 12:30:00,3.661666666666667
2022-11-29 13:00:00,3.758333333333333
2022-11-29 13:30:00,4.113333333333333
2022-11-29 14:00:00,83.965
2022-11-29 14:30:00,1.3399999999999999
2022-11-29 15:00:00,1.3266666666666667
2022-11-29 15:30:00,1.4749999999999999
2022-11-29 16:00:00,1.335
2022-11-29 16:30:00,1.3033333333333335
2022-11-29 17:00:00,1.2550000000000001
2022-11-29 17:30:00,1.2716666666666667
2022-11-29 18:00:00,1.3
2022-11-29 18:30:00,1.2950000000000002
2022-11-29 19:00:00,1.3233333333333335
2022-11-29 19:30:00,1.33
2022-11-29 20:00:00,1.3583333333333334
2022-11-29 20:30:00,1.3499999999999999
2022-11-29 21:00:00,1.415
2022-11-29 21:30:00,1.4966666666666668
2022-11-29 22:00:00,1.3849999999999998
2022-11-29 22:30:00,1.3783333333333332
2022-11-29 23:00:00,1.4033333333333333
2022-11-29 23:30:00,1.3533333333333333
2022-11-30 00:00:00,1.3666666666666665
2022-11-30 00:30:00,1.3516666666666666
2022-11-30 01:00:00,1.3533333333333335
2022-11-30 01:30:00,1.3916666666666666
2022-11-30 02:00:00,1.3966666666666665
2022-11-30 02:30:00,1.3916666666666666
2022-11-30 03:00:00,1.4333333333333333
2022-11-30 03:30:00,1.3699999999999999
2022-11-30 04:00:00,1.33
2022-11-30 04:30:00,1.335
2022-11-30 05:00:00,1.3466666666666667
2022-11-30 05:30:00,1.3533333333333333
2022-11-30 06:00:00,1.3666666666666665
2022-11-30 06:30:00,1.3666666666666665
2022-11-30 07:00:00,1.385
2022-11-30 07:30:00,1.3383333333333332
2022-11-30 08:00:00,1.3616666666666666
2022-11-30 08:30:00,76.75
2022-11-30 09:00:00,54.38833333333334
2022-11-30 09:30:00,44.315
2022-11-30 10:00:00,1.8316666666666668
2022-11-30 10:30:00,1.8383333333333336
2022-11-30 11:00:00,1.845
2022-11-30 11:30:00,1.8333333333333333
2022-11-30 12:00:00,1.8366666666666667
2022-11-30 12:30:00,1.8399999999999999
2022-11-30 13:00:00,1.8333333333333333
2022-11-30 13:30:00,1.8416666666666668
2022-11-30 14:00:00,1.83
2022-11-30 14:30:00,1.8283333333333334
2022-11-30 15:00:00,1.8549999999999998
2022-11-30 15:30:00,1.8383333333333332
2022-11-30 16:00:00,6.548333333333333
2022-11-30 16:30:00,6.116666666666667
2022-11-30 17:00:00,7.508333333333334
2022-11-30 17:30:00,1.3316666666666668
2022-11-30 18:00:00,1.36
2022-11-30 18:30:00,1.325
2022-11-30 19:00:00,1.3233333333333335
2022-11-30 19:30:00,1.3216666666666665
2022-11-30 20:00:00,1.3283333333333334
2022-11-30 20:30:00,1.3333333333333333
2022-11-30 21:00:00,1.3366666666666667
2022-11-30 21:30:00,1.345
2022-11-30 22:00:00,1.3566666666666667
2022-11-30 22:30:00,1.3566666666666667
2022-11-30 23:00:00,1.3533333333333335
2022-11-30 23:30:00,1.3516666666666666
2022-12-01 00:00:00,1.3483333333333334
2022-12-01 00:30:00,1.36
2022-12-01 01:00:00,1.37
2022-12-01 01:30:00,1.3549999999999998
2022-12-01 02:00:00,1.345
2022-12-01 02:30:00,1.3066666666666666
2022-12-01 03:00:00,1.2916666666666667
2022-12-01 03:30:00,1.2866666666666668
2022-12-01 04:00:00,1.3133333333333332
2022-12-01 04:30:00,1.3183333333333334
2022-12-01 05:00:00,1.3316666666666666
2022-12-01 05:30:00,1.315
2022-12-01 06:00:00,1.3399999999999999
2022-12-01 06:30:00,1.3566666666666667
2022-12-01 07:00:00,1.3483333333333334
2022-12-01 07:30:00,1.3133333333333332
2022-12-01 08:00:00,366.29833333333335
2022-12-01 08:30:00,367.7049999999999
2022-12-01 09:00:00,187.03
2022-12-01 09:30:00,67.6
2022-12-01 10:00:00,54.15833333333333
2022-12-01 10:30:00,45.36833333333333
2022-12-01 11:00:00,21.58666666666667
2022-12-01 11:30:00,7.071666666666666
2022-12-01 12:00:00,6.866666666666667
2022-12-01 12:30:00,6.233333333333333
2022-12-01 13:00:00,6.109999999999999
2022-12-01 13:30:00,5.826666666666667
2022-12-01 14:00:00,5.426666666666667
2022-12-01 14:30:00,5.323333333333333
2022-12-01 15:00:00,5.36
2022-12-01 15:30:00,5.3149999999999995
2022-12-01 16:00:00,5.2700000000000005
2022-12-01 16:30:00,5.2733333333333325
2022-12-01 17:00:00,5.233333333333333
2022-12-01 17:30:00,1.2816666666666665
2022-12-01 18:00:00,1.285
2022-12-01 18:30:00,1.2950000000000002
2022-12-01 19:00:00,1.38
2022-12-01 19:30:00,1.3033333333333335
2022-12-01 20:00:00,1.2933333333333332
2022-12-01 20:30:00,1.2933333333333332
2022-12-01 21:00:00,1.3066666666666666
2022-12-01 21:30:00,1.3166666666666667
2022-12-01 22:00:00,1.305
2022-12-01 22:30:00,1.3316666666666668
2022-12-01 23:00:00,1.3383333333333332
2022-12-01 23:30:00,1.3466666666666667
2022-12-02 00:00:00,1.3066666666666666
2022-12-02 00:30:00,1.315
2022-12-02 01:00:00,1.3233333333333335
2022-12-02 01:30:00,1.3316666666666668
2022-12-02 02:00:00,1.3383333333333332
2022-12-02 02:30:00,1.33
2022-12-02 03:00:00,1.3383333333333336
2022-12-02 03:30:00,1.3516666666666666
2022-12-02 04:00:00,1.3383333333333336
2022-12-02 04:30:00,1.3416666666666668
2022-12-02 05:00:00,1.3383333333333336
2022-12-02 05:30:00,1.3383333333333336
2022-12-02 06:00:00,1.365
2022-12-02 06:30:00,1.39
2022-12-02 07:00:00,1.3916666666666666
2022-12-02 07:30:00,1.3733333333333333
2022-12-02 08:00:00,307.3
2022-12-02 08:30:00,258.90833333333336
2022-12-02 09:00:00,90.98333333333333
2022-12-02 09:30:00,52.915
2022-12-02 10:00:00,20.02
2022-12-02 10:30:00,7.945
2022-12-02 11:00:00,7.178333333333334
2022-12-02 11:30:00,5.928333333333334
2022-12-02 12:00:00,5.563333333333333
2022-12-02 12:30:00,8.261666666666667
2022-12-02 13:00:00,9.66
2022-12-02 13:30:00,7.7299999999999995
2022-12-02 14:00:00,14.706666666666669
2022-12-02 14:30:00,7.276666666666666
2022-12-02 15:00:00,19.275000000000002
2022-12-02 15:30:00,168.36833333333334
2022-12-02 16:00:00,1.3333333333333333
2022-12-02 16:30:00,1.3416666666666668
2022-12-02 17:00:00,1.3183333333333334
2022-12-02 17:30:00,1.3216666666666665
2022-12-02 18:00:00,1.335
2022-12-02 18:30:00,1.285
2022-12-02 19:00:00,1.2983333333333333
2022-12-02 19:30:00,1.2983333333333333
2022-12-02 20:00:00,1.2966666666666666
2022-12-02 20:30:00,1.285
2022-12-02 21:00:00,1.2966666666666666
2022-12-02 21:30:00,1.3466666666666667
2022-12-02 22:00:00,1.3516666666666666
2022-12-02 22:30:00,1.3383333333333336
2022-12-02 23:00:00,1.3383333333333332
2022-12-02 23:30:00,1.3150000000000002
2022-12-03 00:00:00,1.2933333333333332
2022-12-03 00:30:00,1.325
2022-12-03 01:00:00,1.2983333333333333
2022-12-03 01:30:00,1.3033333333333335
2022-12-03 02:00:00,1.2983333333333331
2022-12-03 02:30:00,1.27
2022-12-03 03:00:00,1.2716666666666667
2022-12-03 03:30:00,1.27
2022-12-03 04:00:00,1.2699999999999998
2022-12-03 04:30:00,1.265
2022-12-03 05:00:00,1.2466666666666668
2022-12-03 05:30:00,1.24
2022-12-03 06:00:00,1.2666666666666666
2022-12-03 06:30:00,1.2966666666666666
2022-12-03 07:00:00,1.2833333333333334
2022-12-03 07:30:00,1.2766666666666666
2022-12-03 08:00:00,1.28
2022-12-03 08:30:00,123.45333333333333
2022-12-03 09:00:00,37.693333333333335
2022-12-03 09:30:00,20.273333333333337
2022-12-03 10:00:00,18.773333333333337
2022-12-03 10:30:00,11.493333333333332
2022-12-03 11:00:00,4.07
2022-12-03 11:30:00,4.288333333333334
2022-12-03 12:00:00,4.421666666666667
2022-12-03 12:30:00,3.765
2022-12-03 13:00:00,3.7533333333333334
2022-12-03 13:30:00,3.65
2022-12-03 14:00:00,3.736666666666667
2022-12-03 14:30:00,3.563333333333333
2022-12-03 15:00:00,3.72
2022-12-03 15:30:00,3.8166666666666664
2022-12-03 16:00:00,3.81
2022-12-03 16:30:00,8.756666666666666
2022-12-03 17:00:00,12.565
2022-12-03 17:30:00,59.81666666666667
2022-12-03 18:00:00,1.2933333333333332
2022-12-03 18:30:00,1.2716666666666667
2022-12-03 19:00:00,1.2783333333333333
2022-12-03 19:30:00,1.2616666666666667
2022-12-03 20:00:00,1.26
2022-12-03 20:30:00,1.2733333333333334
2022-12-03 21:00:00,1.2966666666666666
2022-12-03 21:30:00,1.3066666666666666
2022-12-03 22:00:00,1.33
2022-12-03 22:30:00,1.3183333333333334
2022-12-03 23:00:00,1.3133333333333332
2022-12-03 23:30:00,1.285
2022-12-04 00:00:00,1.29
2022-12-04 00:30:00,1.2916666666666667
2022-12-04 01:00:00,1.3166666666666667
2022-12-04 01:30:00,1.2966666666666666
2022-12-04 02:00:00,1.3216666666666665
2022-12-04 02:30:00,1.3066666666666666
2022-12-04 03:00:00,1.3099999999999998
2022-12-04 03:30:00,1.32
2022-12-04 04:00:00,1.3183333333333334
2022-12-04 04:30:00,1.3316666666666668
2022-12-04 05:00:00,1.3366666666666667
2022-12-04 05:30:00,1.3399999999999999
2022-12-04 06:00:00,1.3566666666666667
2022-12-04 06:30:00,1.3716666666666668
2022-12-04 07:00:00,1.3783333333333332
2022-12-04 07:30:00,1.36
2022-12-04 08:00:00,280.525
2022-12-04 08:30:00,280.46999999999997
2022-12-04 09:00:00,281.85999999999996
2022-12-04 09:30:00,134.405
2022-12-04 10:00:00,75.81666666666668
2022-12-04 10:30:00,7.178333333333332
2022-12-04 11:00:00,58.87
2022-12-04 11:30:00,216.005
2022-12-04 12:00:00,226.33833333333334
2022-12-04 12:30:00,7.224999999999999
2022-12-04 13:00:00,6.873333333333334
2022-12-04 13:30:00,6.6066666666666665
2022-12-04 14:00:00,6.233333333333333
2022-12-04 14:30:00,6.206666666666667
2022-12-04 15:00:00,5.965
2022-12-04 15:30:00,6.063333333333333
2022-12-04 16:00:00,16.973333333333333
2022-12-04 16:30:00,90.04166666666667
2022-12-04 17:00:00,1.3783333333333332
2022-12-04 17:30:00,1.3466666666666667
2022-12-04 18:00:00,1.3383333333333332
2022-12-04 18:30:00,1.3266666666666664
2022-12-04 19:00:00,1.2983333333333333
2022-12-04 19:30:00,1.3083333333333333
2022-12-04 20:00:00,1.3
2022-12-04 20:30:00,1.3099999999999998
2022-12-04 21:00:00,1.3133333333333332
2022-12-04 21:30:00,1.3283333333333334
2022-12-04 22:00:00,1.3399999999999999
2022-12-04 22:30:00,1.3166666666666667
2022-12-04 23:00:00,1.3099999999999998
2022-12-04 23:30:00,1.3133333333333332
2022-12-05 00:00:00,1.2966666666666666
2022-12-05 00:30:00,1.2883333333333333
2022-12-05 01:00:00,1.29
2022-12-05 01:30:00,1.285
2022-12-05 02:00:00,1.29
2022-12-05 02:30:00,1.295
2022-12-05 03:00:00,1.2933333333333332
2022-12-05 03:30:00,1.29
2022-12-05 04:00:00,1.2833333333333334
2022-12-05 04:30:00,1.3016666666666667
2022-12-05 05:00:00,1.3083333333333333
2022-12-05 05:30:00,1.3033333333333335
2022-12-05 06:00:00,1.3099999999999998
2022-12-05 06:30:00,1.345
2022-12-05 07:00:00,1.3816666666666666
2022-12-05 07:30:00,1.3666666666666665
2022-12-05 08:00:00,314.61333333333334
2022-12-05 08:30:00,312.445
2022-12-05 09:00:00,195.51166666666666
2022-12-05 09:30:00,200.85
2022-12-05 10:00:00,1.3416666666666668
2022-12-05 10:30:00,290.18333333333334
2022-12-05 11:00:00,290.3183333333333
2022-12-05 11:30:00,280.3933333333333
2022-12-05 12:00:00,269.53
2022-12-05 12:30:00,266.52500000000003
2022-12-05 13:00:00,59.25999999999999
2022-12-05 13:30:00,113.72666666666667
2022-12-05 14:00:00,130.92499999999998
2022-12-05 14:30:00,6.623333333333332
2022-12-05 15:00:00,6.419999999999999
2022-12-05 15:30:00,5.885000000000001
2022-12-05 16:00:00,5.836666666666667
2022-12-05 16:30:00,82.17666666666666
2022-12-05 17:00:00,125.22666666666667
2022-12-05 17:30:00,140.69
2022-12-05 18:00:00,1.3499999999999999
2022-12-05 18:30:00,1.2933333333333332
2022-12-05 19:00:00,1.2966666666666666
2022-12-05 19:30:00,1.2933333333333332
2022-12-05 20:00:00,1.3083333333333333
2022-12-05 20:30:00,1.3033333333333335
2022-12-05 21:00:00,1.3099999999999998
2022-12-05 21:30:00,1.33
2022-12-05 22:00:00,1.325
2022-12-05 22:30:00,1.3066666666666666
2022-12-05 23:00:00,1.3116666666666668
2022-12-05 23:30:00,1.3033333333333335
2022-12-06 00:00:00,1.285
2022-12-06 00:30:00,1.2916666666666667
2022-12-06 01:00:00,1.285
2022-12-06 01:30:00,1.2783333333333333
2022-12-06 02:00:00,1.2633333333333334
2022-12-06 02:30:00,1.2783333333333333
2022-12-06 03:00:00,1.2566666666666666
2022-12-06 03:30:00,1.2533333333333332
2022-12-06 04:00:00,1.2550000000000001
2022-12-06 04:30:00,1.2833333333333334
2022-12-06 05:00:00,1.2833333333333334
2022-12-06 05:30:00,1.305
2022-12-06 06:00:00,1.2883333333333333
2022-12-06 06:30:00,1.3033333333333335
2022-12-06 07:00:00,1.3233333333333335
2022-12-06 07:30:00,249.60000000000002
2022-12-06 08:00:00,240.01166666666668
2022-12-06 08:30:00,232.81333333333336
2022-12-06 09:00:00,215.4
2022-12-06 09:30:00,43.40166666666667
2022-12-06 10:00:00,5.5183333333333335
2022-12-06 10:30:00,6.526666666666667
2022-12-06 11:00:00,61.865
2022-12-06 11:30:00,1.3166666666666667
2022-12-06 12:00:00,1.3566666666666667
2022-12-06 12:30:00,1.3066666666666666
2022-12-06 13:00:00,1.2966666666666666
2022-12-06 13:30:00,1.27
2022-12-06 14:00:00,1.2966666666666666
2022-12-06 14:30:00,1.3066666666666666
2022-12-06 15:00:00,1.2983333333333331
2022-12-06 15:30:00,1.2816666666666665
2022-12-06 16:00:00,1.3
2022-12-06 16:30:00,1.2983333333333333
2022-12-06 17:00:00,1.3283333333333334
2022-12-06 17:30:00,1.2716666666666667
2022-12-06 18:00:00,1.305
2022-12-06 18:30:00,1.305
2022-12-06 19:00:00,1.3033333333333335
2022-12-06 19:30:00,1.2933333333333332
2022-12-06 20:00:00,1.3
2022-12-06 20:30:00,1.2883333333333333
2022-12-06 21:00:00,1.2833333333333334
2022-12-06 21:30:00,1.2766666666666666
2022-12-06 22:00:00,1.295
2022-12-06 22:30:00,1.305
2022-12-06 23:00:00,1.2816666666666665
2022-12-06 23:30:00,1.2916666666666667
2022-12-07 00:00:00,1.2733333333333332
2022-12-07 00:30:00,1.2816666666666665
2022-12-07 01:00:00,1.2783333333333333
2022-12-07 01:30:00,1.2466666666666666
2022-12-07 02:00:00,1.2583333333333333
2022-12-07 02:30:00,1.2616666666666665
2022-12-07 03:00:00,1.27
2022-12-07 03:30:00,1.2616666666666665
2022-12-07 04:00:00,1.245
2022-12-07 04:30:00,1.2533333333333334
2022-12-07 05:00:00,1.2533333333333332
2022-12-07 05:30:00,1.2983333333333333
2022-12-07 06:00:00,1.295
2022-12-07 06:30:00,1.3216666666666665
2022-12-07 07:00:00,1.2616666666666667
2022-12-07 07:30:00,158.48833333333332
2022-12-07 08:00:00,158.01166666666666
2022-12-07 08:30:00,160.91166666666666
2022-12-07 09:00:00,169.65666666666667
2022-12-07 09:30:00,181.6
2022-12-07 10:00:00,1.765
2022-12-07 10:30:00,1.7716666666666665
2022-12-07 11:00:00,1.7716666666666665
2022-12-07 11:30:00,1.7683333333333333
2022-12-07 12:00:00,1.7683333333333333
2022-12-07 12:30:00,1.7833333333333332
2022-12-07 13:00:00,1.7933333333333332
2022-12-07 13:30:00,1.2883333333333333
2022-12-07 14:00:00,1.2966666666666666
2022-12-07 14:30:00,1.7816666666666665
2022-12-07 15:00:00,1.7750000000000001
2022-12-07 15:30:00,1.705
2022-12-07 16:00:00,32.300000000000004
2022-12-07 16:30:00,122.84500000000001
2022-12-07 17:00:00,167.24666666666667
2022-12-07 17:30:00,1.2433333333333334
2022-12-07 18:00:00,1.2833333333333334
2022-12-07 18:30:00,1.2683333333333333
2022-12-07 19:00:00,1.2683333333333333
2022-12-07 19:30:00,1.2616666666666667
2022-12-07 20:00:00,1.27
2022-12-07 20:30:00,1.2516666666666667
2022-12-07 21:00:00,1.2616666666666667
2022-12-07 21:30:00,1.275
2022-12-07 22:00:00,1.2883333333333333
2022-12-07 22:30:00,1.2616666666666667
2022-12-07 23:00:00,1.26
2022-12-07 23:30:00,1.2566666666666666
2022-12-08 00:00:00,1.2433333333333334
2022-12-08 00:30:00,1.235
2022-12-08 01:00:00,1.2483333333333333
2022-12-08 01:30:00,1.2366666666666666
2022-12-08 02:00:00,1.2466666666666666
2022-12-08 02:30:00,1.2533333333333332
2022-12-08 03:00:00,1.2466666666666668
2022-12-08 03:30:00,1.2550000000000001
2022-12-08 04:00:00,1.2466666666666668
2022-12-08 04:30:00,1.2666666666666666
2022-12-08 05:00:00,1.26
2022-12-08 05:30:00,1.2766666666666666
2022-12-08 06:00:00,1.27
2022-12-08 06:30:00,1.2766666666666666
2022-12-08 07:00:00,1.2883333333333333
2022-12-08 07:30:00,1.27
2022-12-08 08:00:00,1.285
2022-12-08 08:30:00,1.2516666666666667
2022-12-08 09:00:00,1.2616666666666667
2022-12-08 09:30:00,1.2633333333333334
2022-12-08 10:00:00,1.2566666666666666
2022-12-08 10:30:00,1.2933333333333332
2022-12-08 11:00:00,1.3699999999999999
2022-12-08 11:30:00,1.3
2022-12-08 12:00:00,1.2683333333333333
2022-12-08 12:30:00,1.3033333333333335
2022-12-08 13:00:00,1.305
2022-12-08 13:30:00,1.3666666666666665
2022-12-08 14:00:00,1.4233333333333331
2022-12-08 14:30:00,1.32
2022-12-08 15:00:00,1.305
2022-12-08 15:30:00,1.2983333333333333
2022-12-08 16:00:00,1.3083333333333333
2022-12-08 16:30:00,1.3066666666666666
2022-12-08 17:00:00,1.305
2022-12-08 17:30:00,1.2666666666666666
2022-12-08 18:00:00,1.2816666666666665
2022-12-08 18:30:00,1.2566666666666666
2022-12-08 19:00:00,1.2616666666666667
2022-12-08 19:30:00,1.2833333333333332
2022-12-08 20:00:00,1.2833333333333334
2022-12-08 20:30:00,1.2533333333333332
2022-12-08 21:00:00,1.3116666666666668
2022-12-08 21:30:00,1.305
2022-12-08 22:00:00,1.3
2022-12-08 22:30:00,1.3016666666666667
2022-12-08 23:00:00,1.2966666666666666
2022-12-08 23:30:00,1.2466666666666668
2022-12-09 00:00:00,1.2516666666666667
2022-12-09 00:30:00,1.2616666666666667
2022-12-09 01:00:00,1.2833333333333334
2022-12-09 01:30:00,1.2766666666666666
2022-12-09 02:00:00,1.2966666666666666
2022-12-09 02:30:00,1.2783333333333333
2022-12-09 03:00:00,1.295
2022-12-09 03:30:00,1.285
2022-12-09 04:00:00,1.3
2022-12-09 04:30:00,1.2966666666666666
2022-12-09 05:00:00,1.285
2022-12-09 05:30:00,1.2916666666666667
2022-12-09 06:00:00,1.2866666666666666
2022-12-09 06:30:00,1.3016666666666667
2022-12-09 07:00:00,1.3083333333333333
2022-12-09 07:30:00,1.2766666666666666
2022-12-09 08:00:00,1.285
2022-12-09 08:30:00,1.2716666666666667
2022-12-09 09:00:00,1.265
2022-12-09 09:30:00,1.265
2022-12-09 10:00:00,1.2516666666666667
2022-12-09 10:30:00,1.29
2022-12-09 11:00:00,1.3033333333333335
2022-12-09 11:30:00,1.3033333333333335
2022-12-09 12:00:00,1.2583333333333335
2022-12-09 12:30:00,1.2266666666666668
2022-12-09 13:00:00,1.315
2022-12-09 13:30:00,1.2616666666666667
2022-12-09 14:00:00,1.2550000000000001
2022-12-09 14:30:00,1.2550000000000001
2022-12-09 15:00:00,1.2666666666666668
2022-12-09 15:30:00,1.2666666666666666
2022-12-09 16:00:00,1.25
2022-12-09 16:30:00,1.2466666666666668
2022-12-09 17:00:00,1.3099999999999998
2022-12-09 17:30:00,1.335
2022-12-09 18:00:00,1.3499999999999999
2022-12-09 18:30:00,1.2716666666666667
2022-12-09 19:00:00,1.3083333333333333
2022-12-09 19:30:00,1.2866666666666666
2022-12-09 20:00:00,1.2916666666666667
2022-12-09 20:30:00,1.2866666666666668
2022-12-09 21:00:00,1.29
2022-12-09 21:30:00,1.2983333333333333
2022-12-09 22:00:00,1.3166666666666667
2022-12-09 22:30:00,1.2966666666666666
2022-12-09 23:00:00,1.325
2022-12-09 23:30:00,1.3033333333333335
2022-12-10 00:00:00,1.315
2022-12-10 00:30:00,1.3283333333333334
2022-12-10 01:00:00,1.3133333333333332
2022-12-10 01:30:00,1.295
2022-12-10 02:00:00,1.295
2022-12-10 02:30:00,1.2816666666666665
2022-12-10 03:00:00,1.2983333333333333
2022-12-10 03:30:00,1.2816666666666667
2022-12-10 04:00:00,1.27
2022-12-10 04:30:00,1.2533333333333334
2022-12-10 05:00:00,1.2716666666666667
2022-12-10 05:30:00,1.2616666666666667
2022-12-10 06:00:00,1.26
2022-12-10 06:30:00,1.2583333333333333
2022-12-10 07:00:00,1.2983333333333333
2022-12-10 07:30:00,253.72333333333333
2022-12-10 08:00:00,57.089999999999996
2022-12-10 08:30:00,44.73000000000001
2022-12-10 09:00:00,16.215
2022-12-10 09:30:00,7.003333333333333
2022-12-10 10:00:00,5.588333333333332
2022-12-10 10:30:00,4.838333333333334
2022-12-10 11:00:00,4.51
2022-12-10 11:30:00,32.015
2022-12-10 12:00:00,1.2516666666666667
2022-12-10 12:30:00,1.215
2022-12-10 13:00:00,1.2183333333333335
2022-12-10 13:30:00,1.2033333333333334
2022-12-10 14:00:00,1.205
2022-12-10 14:30:00,1.215
2022-12-10 15:00:00,1.2083333333333333
2022-12-10 15:30:00,1.2133333333333334
2022-12-10 16:00:00,1.2116666666666667
2022-12-10 16:30:00,1.2049999999999998
2022-12-10 17:00:00,1.2449999999999999
2022-12-10 17:30:00,1.27
2022-12-10 18:00:00,1.2583333333333335
2022-12-10 18:30:00,1.2433333333333334
2022-12-10 19:00:00,1.265
2022-12-10 19:30:00,1.2333333333333334
2022-12-10 20:00:00,1.2316666666666667
2022-12-10 20:30:00,1.2266666666666666
2022-12-10 21:00:00,1.2466666666666668
2022-12-10 21:30:00,1.265
2022-12-10 22:00:00,1.265
2022-12-10 22:30:00,1.27
2022-12-10 23:00:00,1.2533333333333332
2022-12-10 23:30:00,1.2716666666666667
2022-12-11 00:00:00,1.2566666666666666
2022-12-11 00:30:00,1.2550000000000001
2022-12-11 01:00:00,1.2683333333333333
2022-12-11 01:30:00,1.3316666666666668
2022-12-11 02:00:00,1.3716666666666668
2022-12-11 02:30:00,1.7383333333333333
2022-12-11 03:00:00,35.11
2022-12-11 03:30:00,0.7966666666666667
2022-12-11 04:00:00,0.8116666666666666
2022-12-11 04:30:00,0.8099999999999999
2022-12-11 05:00:00,0.8183333333333334
2022-12-11 05:30:00,0.805
2022-12-11 06:00:00,0.7949999999999999
2022-12-11 06:30:00,0.7883333333333334
2022-12-11 07:00:00,0.7933333333333333
2022-12-11 07:30:00,0.8033333333333333
2022-12-11 08:00:00,0.7933333333333333
2022-12-11 08:30:00,0.7733333333333333
2022-12-11 09:00:00,0.79
2022-12-11 09:30:00,0.7666666666666666
2022-12-11 10:00:00,0.7683333333333332
2022-12-11 10:30:00,32.66
2022-12-11 11:00:00,21.71166666666667
2022-12-11 11:30:00,4.6450000000000005
2022-12-11 12:00:00,70.34166666666667
2022-12-11 12:30:00,6.483333333333333
2022-12-11 13:00:00,108.70666666666666
2022-12-11 13:30:00,1.875
2022-12-11 14:00:00,1.8016666666666665
2022-12-11 14:30:00,1.8666666666666665
2022-12-11 15:00:00,1.6516666666666666
2022-12-11 15:30:00,1.5783333333333331
2022-12-11 16:00:00,1.535
2022-12-11 16:30:00,1.4799999999999998
2022-12-11 17:00:00,1.2766666666666666
2022-12-11 17:30:00,1.2333333333333334
2022-12-11 18:00:00,1.2833333333333332
2022-12-11 18:30:00,1.315
2022-12-11 19:00:00,1.265
2022-12-11 19:30:00,1.255
2022-12-11 20:00:00,1.2766666666666666
2022-12-11 20:30:00,1.2416666666666667
2022-12-11 21:00:00,1.2633333333333334
2022-12-11 21:30:00,1.2483333333333333
2022-12-11 22:00:00,1.2416666666666667
2022-12-11 22:30:00,1.2433333333333334
2022-12-11 23:00:00,1.24
2022-12-11 23:30:00,1.2316666666666667
2022-12-12 00:00:00,1.2416666666666667
2022-12-12 00:30:00,1.255
2022-12-12 01:00:00,1.2550000000000001
2022-12-12 01:30:00,1.2283333333333333
2022-12-12 02:00:00,1.2366666666666666
2022-12-12 02:30:00,1.2333333333333334
2022-12-12 03:00:00,1.2449999999999999
2022-12-12 03:30:00,1.235
2022-12-12 04:00:00,1.2416666666666667
2022-12-12 04:30:00,1.2533333333333332
2022-12-12 05:00:00,1.28
2022-12-12 05:30:00,1.2883333333333333
2022-12-12 06:00:00,1.3
2022-12-12 06:30:00,1.2533333333333332
2022-12-12 07:00:00,1.28
2022-12-12 07:30:00,1.27
2022-12-12 08:00:00,1.2266666666666666
2022-12-12 08:30:00,1.2516666666666667
2022-12-12 09:00:00,1.2316666666666667
2022-12-12 09:30:00,1.2533333333333332
2022-12-12 10:00:00,1.2466666666666668
2022-12-12 10:30:00,1.265
2022-12-12 11:00:00,1.2883333333333333
2022-12-12 11:30:00,1.25
2022-12-12 12:00:00,1.22
2022-12-12 12:30:00,1.2166666666666668
2022-12-12 13:00:00,1.205
2022-12-12 13:30:00,1.1916666666666667
2022-12-12 14:00:00,1.1966666666666665
2022-12-12 14:30:00,1.195
2022-12-12 15:00:00,1.2016666666666667
2022-12-12 15:30:00,1.21
2022-12-12 16:00:00,1.2033333333333334
2022-12-12 16:30:00,1.175
2022-12-12 17:00:00,1.1816666666666666
2022-12-12 17:30:00,1.2333333333333334
2022-12-12 18:00:00,1.2583333333333333
2022-12-12 18:30:00,1.2633333333333334
2022-12-12 19:00:00,1.2616666666666667
2022-12-12 19:30:00,1.2633333333333334
2022-12-12 20:00:00,1.235
2022-12-12 20:30:00,1.21
2022-12-12 21:00:00,1.2416666666666665
2022-12-12 21:30:00,1.2266666666666668
2022-12-12 22:00:00,1.2533333333333332
2022-12-12 22:30:00,1.2416666666666665
2022-12-12 23:00:00,1.2766666666666666
2022-12-12 23:30:00,1.2483333333333333
2022-12-13 00:00:00,1.2533333333333332
2022-12-13 00:30:00,1.2550000000000001
2022-12-13 01:00:00,1.2433333333333334
2022-12-13 01:30:00,1.2333333333333332
2022-12-13 02:00:00,1.2333333333333334
2022-12-13 02:30:00,1.22
2022-12-13 03:00:00,1.2333333333333334
2022-12-13 03:30:00,1.2533333333333332
2022-12-13 04:00:00,1.2816666666666665
2022-12-13 04:30:00,1.2766666666666666
2022-12-13 05:00:00,1.2916666666666667
2022-12-13 05:30:00,1.285
2022-12-13 06:00:00,1.3016666666666665
2022-12-13 06:30:00,1.36
2022-12-13 07:00:00,1.36
2022-12-13 07:30:00,1.3800000000000001
2022-12-13 08:00:00,1.375
2022-12-13 08:30:00,1.2833333333333334
2022-12-13 09:00:00,1.2699999999999998
2022-12-13 09:30:00,1.29
2022-12-13 10:00:00,1.2583333333333333
2022-12-13 10:30:00,1.2666666666666666
2022-12-13 11:00:00,1.2566666666666666
2022-12-13 11:30:00,1.2550000000000001
2022-12-13 12:00:00,1.2483333333333333
2022-12-13 12:30:00,1.26
2022-12-13 13:00:00,1.29
2022-12-13 13:30:00,1.2383333333333333
2022-12-13 14:00:00,1.2466666666666668
2022-12-13 14:30:00,1.2333333333333334
2022-12-13 15:00:00,1.2383333333333333
2022-12-13 15:30:00,1.2283333333333333
2022-12-13 16:00:00,1.2533333333333332
2022-12-13 16:30:00,1.2533333333333332
2022-12-13 17:00:00,1.3066666666666666
2022-12-13 17:30:00,1.335
2022-12-13 18:00:00,1.3133333333333335
2022-12-13 18:30:00,1.3150000000000002
2022-12-13 19:00:00,1.2766666666666666
2022-12-13 19:30:00,1.2433333333333334
2022-12-13 20:00:00,1.2366666666666666
2022-12-13 20:30:00,1.2366666666666666
2022-12-13 21:00:00,1.26
2022-12-13 21:30:00,1.2783333333333333
2022-12-13 22:00:00,1.285
2022-12-13 22:30:00,1.2883333333333333
2022-12-13 23:00:00,1.3133333333333332
2022-12-13 23:30:00,1.3150000000000002
2022-12-14 00:00:00,1.315
2022-12-14 00:30:00,1.3283333333333334
2022-12-14 01:00:00,1.3266666666666664
2022-12-14 01:30:00,1.3333333333333333
2022-12-14 02:00:00,1.3433333333333335
2022-12-14 02:30:00,1.3399999999999999
2022-12-14 03:00:00,1.3216666666666665
2022-12-14 03:30:00,1.315
2022-12-14 04:00:00,1.3433333333333335
2022-12-14 04:30:00,1.3433333333333335
2022-12-14 05:00:00,1.3933333333333333
2022-12-14 05:30:00,1.4033333333333333
2022-12-14 06:00:00,1.3983333333333334
2022-12-14 06:30:00,1.3683333333333334
2022-12-14 07:00:00,1.4133333333333333
2022-12-14 07:30:00,1.3699999999999999
2022-12-14 08:00:00,1.3633333333333333
2022-12-14 08:30:00,1.3883333333333334
2022-12-14 09:00:00,1.3833333333333335
2022-12-14 09:30:00,1.3883333333333334
2022-12-14 10:00:00,1.3816666666666666
2022-12-14 10:30:00,1.3883333333333334
2022-12-14 11:00:00,1.3966666666666667
2022-12-14 11:30:00,1.3966666666666667
2022-12-14 12:00:00,1.3816666666666668
2022-12-14 12:30:00,1.3883333333333334
2022-12-14 13:00:00,1.375
2022-12-14 13:30:00,1.3766666666666667
2022-12-14 14:00:00,1.3833333333333335
2022-12-14 14:30:00,1.3716666666666668
2022-12-14 15:00:00,1.3716666666666668
2022-12-14 15:30:00,1.3566666666666667
2022-12-14 16:00:00,1.37
2022-12-14 16:30:00,1.3883333333333334
2022-12-14 17:00:00,1.4016666666666666
2022-12-14 17:30:00,1.3683333333333334
2022-12-14 18:00:00,1.36
2022-12-14 18:30:00,1.3416666666666668
2022-12-14 19:00:00,1.34
2022-12-14 19:30:00,1.3166666666666667
2022-12-14 20:00:00,1.3116666666666668
2022-12-14 20:30:00,1.3083333333333333
2022-12-14 21:00:00,1.305
2022-12-14 21:30:00,1.3033333333333335
2022-12-14 22:00:00,1.3216666666666665
2022-12-14 22:30:00,1.325
2022-12-14 23:00:00,1.3266666666666669
2022-12-14 23:30:00,1.3333333333333333
2022-12-15 00:00:00,1.345
2022-12-15 00:30:00,1.3550000000000002
2022-12-15 01:00:00,1.3616666666666666
2022-12-15 01:30:00,1.38
2022-12-15 02:00:00,1.405
2022-12-15 02:30:00,1.425
2022-12-15 03:00:00,1.4233333333333331
2022-12-15 03:30:00,1.415
2022-12-15 04:00:00,1.4100000000000001
2022-12-15 04:30:00,1.4016666666666666
2022-12-15 05:00:00,1.3983333333333334
2022-12-15 05:30:00,1.43
2022-12-15 06:00:00,1.445
2022-12-15 06:30:00,1.4266666666666667
2022-12-15 07:00:00,1.4283333333333335
2022-12-15 07:30:00,1.4349999999999998
2022-12-15 08:00:00,1.4133333333333333
2022-12-15 08:30:00,1.4183333333333332
2022-12-15 09:00:00,112.29666666666667
2022-12-15 09:30:00,6.728333333333333
2022-12-15 10:00:00,3.2900000000000005
2022-12-15 10:30:00,3.186666666666666
2022-12-15 11:00:00,3.155
2022-12-15 11:30:00,2.8383333333333334
2022-12-15 12:00:00,2.7066666666666666
2022-12-15 12:30:00,2.7216666666666662
2022-12-15 13:00:00,2.768333333333333
2022-12-15 13:30:00,2.6333333333333333
2022-12-15 14:00:00,2.5883333333333334
2022-12-15 14:30:00,2.22
2022-12-15 15:00:00,2.2399999999999998
2022-12-15 15:30:00,1.9733333333333334
2022-12-15 16:00:00,1.93
2022-12-15 16:30:00,1.9799999999999998
2022-12-15 17:00:00,1.9633333333333332
2022-12-15 17:30:00,1.8966666666666665
2022-12-15 18:00:00,1.955
2022-12-15 18:30:00,1.8399999999999999
2022-12-15 19:00:00,1.8583333333333334
2022-12-15 19:30:00,1.8233333333333333
2022-12-15 20:00:00,1.9066666666666665
2022-12-15 20:30:00,1.8783333333333332
2022-12-15 21:00:00,1.9000000000000001
2022-12-15 21:30:00,1.885
2022-12-15 22:00:00,1.9016666666666666
2022-12-15 22:30:00,1.9066666666666665
2022-12-15 23:00:00,1.9016666666666666
2022-12-15 23:30:00,1.9100000000000001
2022-12-16 00:00:00,1.9316666666666666
2022-12-16 00:30:00,1.9716666666666667
2022-12-16 01:00:00,1.9633333333333332
2022-12-16 01:30:00,1.9533333333333334
2022-12-16 02:00:00,1.9766666666666666
2022-12-16 02:30:00,1.9583333333333333
2022-12-16 03:00:00,1.9516666666666669
2022-12-16 03:30:00,1.9349999999999998
2022-12-16 04:00:00,1.9533333333333331
2022-12-16 04:30:00,1.9883333333333333
2022-12-16 05:00:00,2.07
2022-12-16 05:30:00,2.1283333333333334
2022-12-16 06:00:00,2.143333333333333
2022-12-16 06:30:00,2.1216666666666666
2022-12-16 07:00:00,2.1283333333333334
2022-12-16 07:30:00,2.0416666666666665
2022-12-16 08:00:00,2.015
2022-12-16 08:30:00,2.0166666666666666
2022-12-16 09:00:00,2.0
2022-12-16 09:30:00,2.0
2022-12-16 10:00:00,1.9933333333333334
2022-12-16 10:30:00,1.9733333333333334
2022-12-16 11:00:00,1.9949999999999999
2022-12-16 11:30:00,1.96
2022-12-16 12:00:00,1.9400000000000002
2022-12-16 12:30:00,1.9366666666666668
2022-12-16 13:00:00,2.0116666666666667
2022-12-16 13:30:00,1.905
2022-12-16 14:00:00,1.9016666666666666
2022-12-16 14:30:00,1.92
2022-12-16 15:00:00,1.9133333333333333
2022-12-16 15:30:00,1.9283333333333335
2022-12-16 16:00:00,2.0416666666666665
2022-12-16 16:30:00,2.018333333333333
2022-12-16 17:00:00,1.9833333333333334
2022-12-16 17:30:00,1.9833333333333334
2022-12-16 18:00:00,1.955
2022-12-16 18:30:00,1.95
2022-12-16 19:00:00,1.9516666666666669
2022-12-16 19:30:00,1.9216666666666669
2022-12-16 20:00:00,1.9400000000000002
2022-12-16 20:30:00,1.9333333333333333
2022-12-16 21:00:00,1.9533333333333334
2022-12-16 21:30:00,1.9483333333333333
2022-12-16 22:00:00,1.95
2022-12-16 22:30:00,1.96
2022-12-16 23:00:00,1.9516666666666669
2022-12-16 23:30:00,1.9349999999999998
2022-12-17 00:00:00,1.92
2022-12-17 00:30:00,1.9116666666666664
2022-12-17 01:00:00,1.906666666666667
2022-12-17 01:30:00,1.8933333333333333
2022-12-17 02:00:00,1.8966666666666665
2022-12-17 02:30:00,1.9116666666666664
2022-12-17 03:00:00,1.9116666666666668
2022-12-17 03:30:00,1.9133333333333333
2022-12-17 04:00:00,1.9216666666666666
2022-12-17 04:30:00,1.9100000000000001
2022-12-17 05:00:00,1.9116666666666664
2022-12-17 05:30:00,1.905
2022-12-17 06:00:00,1.9083333333333332
2022-12-17 06:30:00,1.9416666666666667
2022-12-17 07:00:00,1.9349999999999998
2022-12-17 07:30:00,1.93
2022-12-17 08:00:00,1.89
2022-12-17 08:30:00,1.8666666666666665
2022-12-17 09:00:00,1.9433333333333334
2022-12-17 09:30:00,2.0283333333333333
2022-12-17 10:00:00,2.018333333333333
2022-12-17 10:30:00,1.9983333333333333
2022-12-17 11:00:00,2.0283333333333333
2022-12-17 11:30:00,1.9916666666666665
2022-12-17 12:00:00,1.9799999999999998
2022-12-17 12:30:00,1.9516666666666669
2022-12-17 13:00:00,1.95
2022-12-17 13:30:00,1.9416666666666667
2022-12-17 14:00:00,1.9649999999999999
2022-12-17 14:30:00,2.0066666666666664
2022-12-17 15:00:00,2.0316666666666667
2022-12-17 15:30:00,2.106666666666667
2022-12-17 16:00:00,2.026666666666667
2022-12-17 16:30:00,2.033333333333333
2022-12-17 17:00:00,2.0866666666666664
2022-12-17 17:30:00,2.1633333333333336
2022-12-17 18:00:00,2.103333333333333
2022-12-17 18:30:00,2.063333333333333
2022-12-17 19:00:00,2.0733333333333333
2022-12-17 19:30:00,2.026666666666667
2022-12-17 20:00:00,2.085
2022-12-17 20:30:00,2.106666666666667
2022-12-17 21:00:00,2.1166666666666667
2022-12-17 21:30:00,2.1199999999999997
2022-12-17 22:00:00,2.1416666666666666
2022-12-17 22:30:00,2.1133333333333333
2022-12-17 23:00:00,2.125
2022-12-17 23:30:00,2.095
2022-12-18 00:00:00,2.07
2022-12-18 00:30:00,2.0866666666666664
2022-12-18 01:00:00,2.0749999999999997
2022-12-18 01:30:00,2.105
2022-12-18 02:00:00,2.15
2022-12-18 02:30:00,2.18
2022-12-18 03:00:00,2.1883333333333335
2022-12-18 03:30:00,2.186666666666667
2022-12-18 04:00:00,2.19
2022-12-18 04:30:00,2.1683333333333334
2022-12-18 05:00:00,2.1983333333333337
2022-12-18 05:30:00,2.25
2022-12-18 06:00:00,2.2433333333333336
2022-12-18 06:30:00,2.225
2022-12-18 07:00:00,2.255
2022-12-18 07:30:00,2.171666666666667
2022-12-18 08:00:00,2.28
2022-12-18 08:30:00,2.305
2022-12-18 09:00:00,2.2783333333333333
2022-12-18 09:30:00,2.2616666666666667
2022-12-18 10:00:00,2.2383333333333333
2022-12-18 10:30:00,2.17
2022-12-18 11:00:00,2.1933333333333334
2022-12-18 11:30:00,2.2216666666666667
2022-12-18 12:00:00,2.17
2022-12-18 12:30:00,2.1783333333333332
2022-12-18 13:00:00,2.158333333333333
2022-12-18 13:30:00,2.1566666666666667
2022-12-18 14:00:00,2.1416666666666666
2022-12-18 14:30:00,2.1750000000000003
2022-12-18 15:00:00,2.1216666666666666
2022-12-18 15:30:00,2.1683333333333334
2022-12-18 16:00:00,2.2266666666666666
2022-12-18 16:30:00,2.265
2022-12-18 17:00:00,2.3133333333333335
2022-12-18 17:30:00,2.31
2022-12-18 18:00:00,2.3183333333333334
2022-12-18 18:30:00,2.276666666666667
2022-12-18 19:00:00,2.2466666666666666
2022-12-18 19:30:00,2.23
2022-12-18 20:00:00,2.2116666666666664
2022-12-18 20:30:00,2.1983333333333337
2022-12-18 21:00:00,2.225
2022-12-18 21:30:00,2.2033333333333336
2022-12-18 22:00:00,2.2066666666666666
2022-12-18 22:30:00,2.2216666666666667
2022-12-18 23:00:00,2.2416666666666667
2022-12-18 23:30:00,2.2133333333333334
2022-12-19 00:00:00,2.2033333333333336
2022-12-19 00:30:00,2.215
2022-12-19 01:00:00,2.2133333333333334
2022-12-19 01:30:00,2.2016666666666667
2022-12-19 02:00:00,2.21
2022-12-19 02:30:00,2.2216666666666667
2022-12-19 03:00:00,2.2416666666666667
2022-12-19 03:30:00,2.2533333333333334
2022-12-19 04:00:00,2.2516666666666665
2022-12-19 04:30:00,2.2616666666666667
2022-12-19 05:00:00,2.32
2022-12-19 05:30:00,2.365
2022-12-19 06:00:00,2.435
2022-12-19 06:30:00,2.2933333333333334
2022-12-19 07:00:00,2.315
2022-12-19 07:30:00,2.2916666666666665
2022-12-19 08:00:00,2.24
2022-12-19 08:30:00,2.2416666666666667
2022-12-19 09:00:00,2.223333333333333
2022-12-19 09:30:00,2.2266666666666666
2022-12-19 10:00:00,2.191666666666667
2022-12-19 10:30:00,2.183333333333333
2022-12-19 11:00:00,2.185
2022-12-19 11:30:00,2.185
2022-12-19 12:00:00,2.143333333333333
2022-12-19 12:30:00,2.1300000000000003
2022-12-19 13:00:00,2.126666666666667
2022-12-19 13:30:00,2.1483333333333334
2022-12-19 14:00:00,2.2600000000000002
2022-12-19 14:30:00,2.1966666666666668
2022-12-19 15:00:00,2.1750000000000003
2022-12-19 15:30:00,2.1416666666666666
2022-12-19 16:00:00,2.1183333333333336
2022-12-19 16:30:00,2.0716666666666668
2022-12-19 17:00:00,2.1216666666666666
2022-12-19 17:30:00,2.1616666666666666
2022-12-19 18:00:00,2.195
2022-12-19 18:30:00,2.1766666666666663
2022-12-19 19:00:00,2.225
2022-12-19 19:30:00,2.2066666666666666
2022-12-19 20:00:00,2.223333333333333
2022-12-19 20:30:00,2.1866666666666665
2022-12-19 21:00:00,2.2016666666666667
2022-12-19 21:30:00,2.1766666666666663
2022-12-19 22:00:00,2.183333333333333
2022-12-19 22:30:00,2.165
2022-12-19 23:00:00,2.1750000000000003
2022-12-19 23:30:00,2.1416666666666666
2022-12-20 00:00:00,2.1683333333333334
2022-12-20 00:30:00,2.16
2022-12-20 01:00:00,2.1766666666666667
2022-12-20 01:30:00,2.1683333333333334
2022-12-20 02:00:00,2.17
2022-12-20 02:30:00,2.1566666666666667
2022-12-20 03:00:00,2.1666666666666665
2022-12-20 03:30:00,2.165
2022-12-20 04:00:00,2.1750000000000003
2022-12-20 04:30:00,2.1750000000000003
2022-12-20 05:00:00,2.216666666666667
2022-12-20 05:30:00,2.2783333333333333
2022-12-20 06:00:00,2.2533333333333334
2022-12-20 06:30:00,2.225
2022-12-20 07:00:00,2.2466666666666666
2022-12-20 07:30:00,2.225
2022-12-20 08:00:00,2.2033333333333336
2022-12-20 08:30:00,2.1816666666666666
2022-12-20 09:00:00,2.1616666666666666
2022-12-20 09:30:00,2.1566666666666667
2022-12-20 10:00:00,2.098333333333333
2022-12-20 10:30:00,2.045
2022-12-20 11:00:00,2.0483333333333333
2022-12-20 11:30:00,1.9933333333333334
2022-12-20 12:00:00,1.9616666666666667
2022-12-20 12:30:00,1.915
2022-12-20 13:00:00,1.9066666666666665
2022-12-20 13:30:00,1.9933333333333334
2022-12-20 14:00:00,1.9266666666666665
2022-12-20 14:30:00,1.8883333333333334
2022-12-20 15:00:00,1.8583333333333334
2022-12-20 15:30:00,1.8183333333333334
2022-12-20 16:00:00,1.845
2022-12-20 16:30:00,1.8683333333333334
2022-12-20 17:00:00,1.8666666666666665
2022-12-20 17:30:00,1.8983333333333334
2022-12-20 18:00:00,1.9733333333333334
2022-12-20 18:30:00,1.8950000000000002
2022-12-20 19:00:00,1.92
2022-12-20 19:30:00,1.9349999999999998
2022-12-20 20:00:00,1.8966666666666665
2022-12-20 20:30:00,1.9016666666666666
2022-12-20 21:00:00,1.93
2022-12-20 21:30:00,1.9233333333333331
2022-12-20 22:00:00,1.9216666666666669
2022-12-20 22:30:00,1.925
2022-12-20 23:00:00,1.93
2022-12-20 23:30:00,1.9000000000000001
2022-12-21 00:00:00,1.8933333333333333
2022-12-21 00:30:00,1.8666666666666665
2022-12-21 01:00:00,1.8499999999999999
2022-12-21 01:30:00,1.8216666666666665
2022-12-21 02:00:00,1.8316666666666668
2022-12-21 02:30:00,1.8099999999999998
2022-12-21 03:00:00,1.7916666666666667
2022-12-21 03:30:00,1.7683333333333333
2022-12-21 04:00:00,1.7916666666666667
2022-12-21 04:30:00,1.7933333333333332
2022-12-21 05:00:00,1.8383333333333336
2022-12-21 05:30:00,1.8683333333333334
2022-12-21 06:00:00,1.8383333333333336
2022-12-21 06:30:00,1.7866666666666668
2022-12-21 07:00:00,1.8083333333333333
2022-12-21 07:30:00,1.82
2022-12-21 08:00:00,1.8833333333333335
2022-12-21 08:30:00,1.7533333333333332
2022-12-21 09:00:00,1.7700000000000002
2022-12-21 09:30:00,1.7850000000000001
2022-12-21 10:00:00,1.7633333333333334
2022-12-21 10:30:00,1.7216666666666667
2022-12-21 11:00:00,1.7283333333333335
2022-12-21 11:30:00,1.6983333333333335
2022-12-21 12:00:00,1.6916666666666667
2022-12-21 12:30:00,1.6716666666666669
2022-12-21 13:00:00,1.6783333333333335
2022-12-21 13:30:00,1.6816666666666666
2022-12-21 14:00:00,1.6833333333333333
2022-12-21 14:30:00,1.6933333333333334
2022-12-21 15:00:00,1.6849999999999998
2022-12-21 15:30:00,1.6849999999999998
2022-12-21 16:00:00,1.6900000000000002
2022-12-21 16:30:00,1.6916666666666667
2022-12-21 17:00:00,1.7633333333333334
2022-12-21 17:30:00,1.805
2022-12-21 18:00:00,1.9666666666666668
2022-12-21 18:30:00,1.8466666666666667
2022-12-21 19:00:00,1.7916666666666667
2022-12-21 19:30:00,1.765
2022-12-21 20:00:00,1.7566666666666666
2022-12-21 20:30:00,1.795
2022-12-21 21:00:00,1.8166666666666667
2022-12-21 21:30:00,1.8399999999999999
2022-12-21 22:00:00,1.8116666666666668
2022-12-21 22:30:00,1.8283333333333331
2022-12-21 23:00:00,1.805
2022-12-21 23:30:00,1.7916666666666667
2022-12-22 00:00:00,1.8066666666666666
2022-12-22 00:30:00,1.8216666666666665
2022-12-22 01:00:00,1.8433333333333335
2022-12-22 01:30:00,1.845
2022-12-22 02:00:00,1.8583333333333334
2022-12-22 02:30:00,1.86
2022-12-22 03:00:00,1.89
2022-12-22 03:30:00,1.9266666666666667
2022-12-22 04:00:00,1.925
2022-12-22 04:30:00,1.9183333333333332
2022-12-22 05:00:00,1.9633333333333332
2022-12-22 05:30:00,1.9683333333333335
2022-12-22 06:00:00,1.9466666666666665
2022-12-22 06:30:00,1.9400000000000002
2022-12-22 07:00:00,1.9516666666666669
2022-12-22 07:30:00,2.0283333333333333
2022-12-22 08:00:00,2.0116666666666667
2022-12-22 08:30:00,1.92
2022-12-22 09:00:00,1.9416666666666667
2022-12-22 09:30:00,1.955
2022-12-22 10:00:00,2.025
2022-12-22 10:30:00,2.276666666666667
2022-12-22 11:00:00,2.3983333333333334
2022-12-22 11:30:00,2.0433333333333334
2022-12-22 12:00:00,2.0816666666666666
2022-12-22 12:30:00,2.1166666666666667
2022-12-22 13:00:00,2.1199999999999997
2022-12-22 13:30:00,2.1300000000000003
2022-12-22 14:00:00,2.0816666666666666
2022-12-22 14:30:00,2.095
2022-12-22 15:00:00,2.0816666666666666
2022-12-22 15:30:00,2.1533333333333333
2022-12-22 16:00:00,2.105
2022-12-22 16:30:00,2.135
2022-12-22 17:00:00,2.16
2022-12-22 17:30:00,2.1633333333333336
2022-12-22 18:00:00,2.1666666666666665
2022-12-22 18:30:00,2.185
2022-12-22 19:00:00,2.1149999999999998
2022-12-22 19:30:00,2.1333333333333333
2022-12-22 20:00:00,2.1483333333333334
2022-12-22 20:30:00,2.2266666666666666
2022-12-22 21:00:00,2.27
2022-12-22 21:30:00,2.265
2022-12-22 22:00:00,2.2616666666666667
2022-12-22 22:30:00,2.3316666666666666
2022-12-22 23:00:00,2.275
2022-12-22 23:30:00,2.255
2022-12-23 00:00:00,2.2416666666666667
2022-12-23 00:30:00,2.2133333333333334
2022-12-23 01:00:00,2.1933333333333334
2022-12-23 01:30:00,2.1566666666666667
2022-12-23 02:00:00,2.1333333333333333
2022-12-23 02:30:00,2.14
2022-12-23 03:00:00,2.1616666666666666
2022-12-23 03:30:00,2.1716666666666664
2022-12-23 04:00:00,2.195
2022-12-23 04:30:00,2.203333333333333
2022-12-23 05:00:00,2.233333333333333
2022-12-23 05:30:00,2.263333333333333
2022-12-23 06:00:00,2.2933333333333334
2022-12-23 06:30:00,2.2600000000000002
2022-12-23 07:00:00,2.3366666666666664
2022-12-23 07:30:00,2.2916666666666665
2022-12-23 08:00:00,2.283333333333333
2022-12-23 08:30:00,2.23
2022-12-23 09:00:00,2.2416666666666667
2022-12-23 09:30:00,2.1966666666666668
2022-12-23 10:00:00,2.183333333333333
2022-12-23 10:30:00,2.1533333333333333
2022-12-23 11:00:00,2.1366666666666667
2022-12-23 11:30:00,2.1350000000000002
2022-12-23 12:00:00,2.1333333333333333
2022-12-23 12:30:00,2.1366666666666667
2022-12-23 13:00:00,2.1149999999999998
2022-12-23 13:30:00,2.1366666666666667
2022-12-23 14:00:00,2.2033333333333336
2022-12-23 14:30:00,2.195
2022-12-23 15:00:00,2.151666666666667
2022-12-23 15:30:00,2.186666666666667
2022-12-23 16:00:00,2.2516666666666665
2022-12-23 16:30:00,2.223333333333333
2022-12-23 17:00:00,2.2066666666666666
2022-12-23 17:30:00,2.216666666666667
2022-12-23 18:00:00,2.205
2022-12-23 18:30:00,2.1783333333333332
2022-12-23 19:00:00,2.1783333333333332
2022-12-23 19:30:00,2.18
2022-12-23 20:00:00,2.1766666666666663
2022-12-23 20:30:00,2.18
2022-12-23 21:00:00,2.2333333333333334
2022-12-23 21:30:00,2.2216666666666667
2022-12-23 22:00:00,2.2183333333333333
2022-12-23 22:30:00,2.23
2022-12-23 23:00:00,2.2283333333333335
2022-12-23 23:30:00,2.2083333333333335
2022-12-24 00:00:00,2.2616666666666667
2022-12-24 00:30:00,2.3016666666666667
2022-12-24 01:00:00,2.325
2022-12-24 01:30:00,2.35
2022-12-24 02:00:00,2.3733333333333335
2022-12-24 02:30:00,2.3733333333333335
2022-12-24 03:00:00,2.3733333333333335
2022-12-24 03:30:00,2.3866666666666667
2022-12-24 04:00:00,2.355
2022-12-24 04:30:00,2.3649999999999998
2022-12-24 05:00:00,2.3866666666666667
2022-12-24 05:30:00,2.4283333333333332
2022-12-24 06:00:00,2.433333333333333
2022-12-24 06:30:00,2.395
2022-12-24 07:00:00,2.4633333333333334
2022-12-24 07:30:00,2.4299999999999997
2022-12-24 08:00:00,2.4366666666666665
2022-12-24 08:30:00,2.4
2022-12-24 09:00:00,2.3583333333333334
2022-12-24 09:30:00,2.3433333333333333
2022-12-24 10:00:00,2.3183333333333334
2022-12-24 10:30:00,2.3216666666666668
2022-12-24 11:00:00,2.365
2022-12-24 11:30:00,2.4
2022-12-24 12:00:00,2.311666666666667
2022-12-24 12:30:00,2.3066666666666666
2022-12-24 13:00:00,2.3216666666666668
2022-12-24 13:30:00,2.25
2022-12-24 14:00:00,2.2516666666666665
2022-12-24 14:30:00,2.2333333333333334
2022-12-24 15:00:00,2.223333333333333
2022-12-24 15:30:00,2.231666666666667
2022-12-24 16:00:00,2.263333333333333
2022-12-24 16:30:00,2.23
2022-12-24 17:00:00,2.2933333333333334
2022-12-24 17:30:00,2.3116666666666665
2022-12-24 18:00:00,2.31
2022-12-24 18:30:00,2.311666666666667
2022-12-24 19:00:00,2.361666666666667
2022-12-24 19:30:00,2.3633333333333333
2022-12-24 20:00:00,2.385
2022-12-24 20:30:00,2.3649999999999998
2022-12-24 21:00:00,2.3433333333333333
2022-12-24 21:30:00,2.348333333333333
2022-12-24 22:00:00,2.275
2022-12-24 22:30:00,2.2416666666666667
2022-12-24 23:00:00,2.1983333333333333
2022-12-24 23:30:00,2.1633333333333336
2022-12-25 00:00:00,2.1316666666666664
2022-12-25 00:30:00,2.1733333333333333
2022-12-25 01:00:00,2.2783333333333333
2022-12-25 01:30:00,2.9583333333333335
2022-12-25 02:00:00,109.495
2022-12-25 02:30:00,1.7550000000000001
2022-12-25 03:00:00,1.765
2022-12-25 03:30:00,1.78
2022-12-25 04:00:00,1.7783333333333333
2022-12-25 04:30:00,1.78
2022-12-25 05:00:00,1.78
2022-12-25 05:30:00,1.835
2022-12-25 06:00:00,1.825
2022-12-25 06:30:00,1.7866666666666664
2022-12-25 07:00:00,1.805
2022-12-25 07:30:00,1.7733333333333334
2022-12-25 08:00:00,1.7566666666666668
2022-12-25 08:30:00,1.735
2022-12-25 09:00:00,1.695
2022-12-25 09:30:00,1.6583333333333332
2022-12-25 10:00:00,2.1633333333333336
2022-12-25 10:30:00,6.098333333333334
2022-12-25 11:00:00,4.815
2022-12-25 11:30:00,3.685
2022-12-25 12:00:00,2.8249999999999997
2022-12-25 12:30:00,2.6999999999999997
2022-12-25 13:00:00,2.6350000000000002
2022-12-25 13:30:00,2.606666666666667
2022-12-25 14:00:00,2.6666666666666665
2022-12-25 14:30:00,2.908333333333333
2022-12-25 15:00:00,2.998333333333333
2022-12-25 15:30:00,2.2466666666666666
2022-12-25 16:00:00,2.126666666666667
2022-12-25 16:30:00,2.16
2022-12-25 17:00:00,2.1316666666666664
2022-12-25 17:30:00,2.0816666666666666
2022-12-25 18:00:00,2.1
2022-12-25 18:30:00,2.066666666666667
2022-12-25 19:00:00,2.091666666666667
2022-12-25 19:30:00,2.066666666666667
2022-12-25 20:00:00,2.058333333333333
2022-12-25 20:30:00,2.058333333333333
2022-12-25 21:00:00,2.07
2022-12-25 21:30:00,2.065
2022-12-25 22:00:00,2.1
2022-12-25 22:30:00,2.065
2022-12-25 23:00:00,2.0483333333333333
2022-12-25 23:30:00,2.046666666666667
2022-12-26 00:00:00,2.066666666666667
2022-12-26 00:30:00,2.065
2022-12-26 01:00:00,2.08
2022-12-26 01:30:00,2.058333333333333
2022-12-26 02:00:00,2.065
2022-12-26 02:30:00,1.99
2022-12-26 03:00:00,2.0033333333333334
2022-12-26 03:30:00,1.9749999999999999
2022-12-26 04:00:00,1.9866666666666666
2022-12-26 04:30:00,2.0033333333333334
2022-12-26 05:00:00,2.0483333333333333
2022-12-26 05:30:00,2.066666666666667
2022-12-26 06:00:00,2.11
2022-12-26 06:30:00,2.0433333333333334
2022-12-26 07:00:00,2.045
2022-12-26 07:30:00,2.0100000000000002
2022-12-26 08:00:00,2.018333333333333
2022-12-26 08:30:00,99.50333333333333
2022-12-26 09:00:00,5.118333333333333
2022-12-26 09:30:00,4.605
2022-12-26 10:00:00,3.9033333333333338
2022-12-26 10:30:00,4.483333333333333
2022-12-26 11:00:00,3.858333333333333
2022-12-26 11:30:00,3.4233333333333333
2022-12-26 12:00:00,3.33
2022-12-26 12:30:00,3.423333333333334
2022-12-26 13:00:00,3.565
2022-12-26 13:30:00,3.2183333333333333
2022-12-26 14:00:00,2.8866666666666667
2022-12-26 14:30:00,2.965
2022-12-26 15:00:00,2.8266666666666667
2022-12-26 15:30:00,2.785
2022-12-26 16:00:00,2.75
2022-12-26 16:30:00,2.766666666666666
2022-12-26 17:00:00,2.6133333333333333
2022-12-26 17:30:00,2.6616666666666666
2022-12-26 18:00:00,2.715
2022-12-26 18:30:00,2.7533333333333334
2022-12-26 19:00:00,2.6483333333333334
2022-12-26 19:30:00,2.728333333333333
2022-12-26 20:00:00,2.73
2022-12-26 20:30:00,2.6633333333333336
2022-12-26 21:00:00,2.645
2022-12-26 21:30:00,2.645
2022-12-26 22:00:00,2.676666666666667
2022-12-26 22:30:00,2.7283333333333335
2022-12-26 23:00:00,2.721666666666667
2022-12-26 23:30:00,2.6750000000000003
2022-12-27 00:00:00,2.658333333333333
2022-12-27 00:30:00,2.658333333333333
2022-12-27 01:00:00,2.6666666666666665
2022-12-27 01:30:00,2.645
2022-12-27 02:00:00,2.6366666666666667
2022-12-27 02:30:00,2.6199999999999997
2022-12-27 03:00:00,2.6283333333333334
2022-12-27 03:30:00,2.645
2022-12-27 04:00:00,2.6616666666666666
2022-12-27 04:30:00,2.655
2022-12-27 05:00:00,2.6566666666666667
2022-12-27 05:30:00,2.688333333333333
2022-12-27 06:00:00,2.776666666666667
2022-12-27 06:30:00,2.7100000000000004
2022-12-27 07:00:00,2.723333333333333
2022-12-27 07:30:00,2.7550000000000003
2022-12-27 08:00:00,2.7466666666666666
2022-12-27 08:30:00,2.69
2022-12-27 09:00:00,2.6599999999999997
2022-12-27 09:30:00,2.63
2022-12-27 10:00:00,2.5683333333333334
2022-12-27 10:30:00,2.4516666666666667
2022-12-27 11:00:00,2.513333333333333
2022-12-27 11:30:00,2.465
2022-12-27 12:00:00,2.4583333333333335
2022-12-27 12:30:00,2.46
2022-12-27 13:00:00,2.4883333333333333
2022-12-27 13:30:00,2.513333333333333
2022-12-27 14:00:00,2.4766666666666666
2022-12-27 14:30:00,2.465
2022-12-27 15:00:00,2.518333333333333
2022-12-27 15:30:00,2.4183333333333334
2022-12-27 16:00:00,2.3783333333333334
2022-12-27 16:30:00,2.3683333333333336
2022-12-27 17:00:00,2.43
2022-12-27 17:30:00,2.4566666666666666
2022-12-27 18:00:00,2.4883333333333333
2022-12-27 18:30:00,2.4466666666666668
2022-12-27 19:00:00,2.5033333333333334
2022-12-27 19:30:00,2.4933333333333336
2022-12-27 20:00:00,2.535
2022-12-27 20:30:00,2.5233333333333334
2022-12-27 21:00:00,2.535
2022-12-27 21:30:00,2.5366666666666666
2022-12-27 22:00:00,2.518333333333333
2022-12-27 22:30:00,2.4250000000000003
2022-12-27 23:00:00,2.4250000000000003
2022-12-27 23:30:00,2.415
2022-12-28 00:00:00,2.433333333333333
2022-12-28 00:30:00,2.4316666666666666
2022-12-28 01:00:00,2.4250000000000003
2022-12-28 01:30:00,2.4183333333333334
2022-12-28 02:00:00,2.4383333333333335
2022-12-28 02:30:00,2.4283333333333332
2022-12-28 03:00:00,2.4183333333333334
2022-12-28 03:30:00,2.4066666666666667
2022-12-28 04:00:00,2.4283333333333332
2022-12-28 04:30:00,2.415
2022-12-28 05:00:00,2.4266666666666667
2022-12-28 05:30:00,2.466666666666667
2022-12-28 06:00:00,2.5416666666666665
2022-12-28 06:30:00,2.4250000000000003
2022-12-28 07:00:00,2.41
2022-12-28 07:30:00,2.385
2022-12-28 08:00:00,2.3833333333333333
2022-12-28 08:30:00,2.3866666666666667
2022-12-28 09:00:00,2.4650000000000003
2022-12-28 09:30:00,2.465
2022-12-28 10:00:00,2.46
2022-12-28 10:30:00,2.4966666666666666
2022-12-28 11:00:00,2.44
2022-12-28 11:30:00,2.4133333333333336
2022-12-28 12:00:00,2.4266666666666663
2022-12-28 12:30:00,2.4283333333333332
2022-12-28 13:00:00,2.4250000000000003
2022-12-28 13:30:00,2.436666666666667
2022-12-28 14:00:00,2.4033333333333333
2022-12-28 14:30:00,2.3983333333333334
2022-12-28 15:00:00,2.3716666666666666
2022-12-28 15:30:00,2.3666666666666667
2022-12-28 16:00:00,2.4283333333333332
2022-12-28 16:30:00,2.42
2022-12-28 17:00:00,2.475
2022-12-28 17:30:00,2.5316666666666667
2022-12-28 18:00:00,2.5466666666666664
2022-12-28 18:30:00,2.518333333333333
2022-12-28 19:00:00,2.505
2022-12-28 19:30:00,2.546666666666667
2022-12-28 20:00:00,2.565
2022-12-28 20:30:00,2.578333333333333
2022-12-28 21:00:00,2.598333333333333
2022-12-28 21:30:00,2.6149999999999998
2022-12-28 22:00:00,2.5883333333333334
2022-12-28 22:30:00,2.5533333333333332
2022-12-28 23:00:00,2.5383333333333336
2022-12-28 23:30:00,2.5483333333333333
2022-12-29 00:00:00,2.526666666666667
2022-12-29 00:30:00,2.52
2022-12-29 01:00:00,2.605
2022-12-29 01:30:00,2.6583333333333337
2022-12-29 02:00:00,2.6633333333333336
2022-12-29 02:30:00,2.7816666666666667
2022-12-29 03:00:00,4.538333333333333
2022-12-29 03:30:00,1.9083333333333332
2022-12-29 04:00:00,1.9266666666666665
2022-12-29 04:30:00,1.9366666666666665
2022-12-29 05:00:00,1.9516666666666669
2022-12-29 05:30:00,1.9683333333333335
2022-12-29 06:00:00,2.0
2022-12-29 06:30:00,1.9800000000000002
2022-12-29 07:00:00,1.9933333333333334
2022-12-29 07:30:00,1.9783333333333335
2022-12-29 08:00:00,1.9749999999999999
2022-12-29 08:30:00,1.9799999999999998
2022-12-29 09:00:00,1.95
2022-12-29 09:30:00,1.93
2022-12-29 10:00:00,1.93
2022-12-29 10:30:00,1.9283333333333335
2022-12-29 11:00:00,1.9616666666666667
2022-12-29 11:30:00,1.9166666666666667
2022-12-29 12:00:00,1.9400000000000002
2022-12-29 12:30:00,1.9433333333333334
2022-12-29 13:00:00,1.9400000000000002
2022-12-29 13:30:00,1.945
2022-12-29 14:00:00,1.8966666666666667
2022-12-29 14:30:00,1.8833333333333335
2022-12-29 15:00:00,1.865
2022-12-29 15:30:00,1.86
2022-12-29 16:00:00,1.8150000000000002
2022-12-29 16:30:00,1.8183333333333334
2022-12-29 17:00:00,1.8683333333333334
2022-12-29 17:30:00,1.8866666666666667
2022-12-29 18:00:00,1.87
2022-12-29 18:30:00,1.8266666666666669
2022-12-29 19:00:00,1.8616666666666666
2022-12-29 19:30:00,1.83
2022-12-29 20:00:00,1.8266666666666669
2022-12-29 20:30:00,1.825
2022-12-29 21:00:00,1.82
2022-12-29 21:30:00,1.7983333333333331
2022-12-29 22:00:00,1.7916666666666667
2022-12-29 22:30:00,1.7933333333333332
2022-12-29 23:00:00,1.795
2022-12-29 23:30:00,1.8
2022-12-30 00:00:00,1.8116666666666668
2022-12-30 00:30:00,1.8150000000000002
2022-12-30 01:00:00,1.8083333333333333
2022-12-30 01:30:00,1.8083333333333333
2022-12-30 02:00:00,1.82
2022-12-30 02:30:00,1.83
2022-12-30 03:00:00,1.825
2022-12-30 03:30:00,1.8083333333333333
2022-12-30 04:00:00,1.7966666666666669
2022-12-30 04:30:00,1.79
2022-12-30 05:00:00,1.7850000000000001
2022-12-30 05:30:00,1.82
2022-12-30 06:00:00,1.8533333333333333
2022-12-30 06:30:00,1.8533333333333335
2022-12-30 07:00:00,1.805
2022-12-30 07:30:00,1.8550000000000002
2022-12-30 08:00:00,1.805
2022-12-30 08:30:00,1924.155
2022-12-30 09:00:00,1952.4750000000001
2022-12-30 09:30:00,1972.235
2022-12-30 10:00:00,1982.255
2022-12-30 10:30:00,1940.7833333333335
2022-12-30 11:00:00,1.9133333333333333
2022-12-30 11:30:00,1.9233333333333336
2022-12-30 12:00:00,1.8833333333333335
2022-12-30 12:30:00,30.766666666666662
2022-12-30 13:00:00,3.3016666666666663
2022-12-30 13:30:00,3.83
2022-12-30 14:00:00,3.4583333333333335
2022-12-30 14:30:00,3.4783333333333335
2022-12-30 15:00:00,3.28
2022-12-30 15:30:00,2.9116666666666666
2022-12-30 16:00:00,2.638333333333333
2022-12-30 16:30:00,2.5083333333333333
2022-12-30 17:00:00,2.4516666666666667
2022-12-30 17:30:00,2.405
2022-12-30 18:00:00,2.4516666666666667
2022-12-30 18:30:00,2.558333333333333
2022-12-30 19:00:00,2.5516666666666667
2022-12-30 19:30:00,2.51
2022-12-30 20:00:00,2.59
2022-12-30 20:30:00,2.5166666666666666
2022-12-30 21:00:00,2.565
2022-12-30 21:30:00,2.5416666666666665
2022-12-30 22:00:00,2.565
2022-12-30 22:30:00,2.5966666666666667
2022-12-30 23:00:00,2.6683333333333334
2022-12-30 23:30:00,2.5816666666666666
2022-12-31 00:00:00,2.6916666666666664
2022-12-31 00:30:00,2.585
2022-12-31 01:00:00,2.5933333333333333
2022-12-31 01:30:00,2.598333333333333
2022-12-31 02:00:00,2.6333333333333333
2022-12-31 02:30:00,2.6133333333333333
2022-12-31 03:00:00,2.625
2022-12-31 03:30:00,2.6350000000000002
2022-12-31 04:00:00,2.62
2022-12-31 04:30:00,2.64
2022-12-31 05:00:00,2.6783333333333332
2022-12-31 05:30:00,2.705
2022-12-31 06:00:00,2.7016666666666667
2022-12-31 06:30:00,2.6350000000000002
2022-12-31 07:00:00,2.6283333333333334
2022-12-31 07:30:00,2.5966666666666667
2022-12-31 08:00:00,2.65
2022-12-31 08:30:00,2.5166666666666666
2022-12-31 09:00:00,2.605
2022-12-31 09:30:00,3.0516666666666663
2022-12-31 10:00:00,3.141666666666667
2022-12-31 10:30:00,2.0733333333333337
2022-12-31 11:00:00,2.045
2022-12-31 11:30:00,2.033333333333333
2022-12-31 12:00:00,1.9983333333333333
2022-12-31 12:30:00,1.97
2022-12-31 13:00:00,1.9666666666666668
2022-12-31 13:30:00,1.9816666666666667
2022-12-31 14:00:00,1.9633333333333332
2022-12-31 14:30:00,1.9983333333333333
2022-12-31 15:00:00,2.0116666666666667
2022-12-31 15:30:00,2.02
2022-12-31 16:00:00,2.0283333333333333
2022-12-31 16:30:00,1.985
2022-12-31 17:00:00,1.9983333333333333
2022-12-31 17:30:00,2.1033333333333335
2022-12-31 18:00:00,2.0533333333333332
2022-12-31 18:30:00,2.025
2022-12-31 19:00:00,2.1183333333333336
2022-12-31 19:30:00,2.0966666666666667
2022-12-31 20:00:00,2.1616666666666666
2022-12-31 20:30:00,2.15
2022-12-31 21:00:00,2.0766666666666667
2022-12-31 21:30:00,2.0733333333333333
2022-12-31 22:00:00,2.0500000000000003
2022-12-31 22:30:00,2.03
2022-12-31 23:00:00,2.0016666666666665
2022-12-31 23:30:00,2.025
