사업장명,배출구,측정일시,"측정
항목",측정값
한국중부발전(주)신서천발전본부,1,2022-01-01 00:00,TSP,1.17
한국중부발전(주)신서천발전본부,1,2022-01-01 00:00,SOx,3.5
한국중부발전(주)신서천발전본부,1,2022-01-01 00:00,NOx,5.33
한국중부발전(주)신서천발전본부,1,2022-01-01 00:30,TSP,1.18
한국중부발전(주)신서천발전본부,1,2022-01-01 00:30,SOx,3.4
한국중부발전(주)신서천발전본부,1,2022-01-01 00:30,NOx,4.43
한국중부발전(주)신서천발전본부,1,2022-01-01 01:00,TSP,1.18
한국중부발전(주)신서천발전본부,1,2022-01-01 01:00,SOx,3.39
한국중부발전(주)신서천발전본부,1,2022-01-01 01:00,NOx,5.24
한국중부발전(주)신서천발전본부,1,2022-01-01 01:30,TSP,1.19
한국중부발전(주)신서천발전본부,1,2022-01-01 01:30,SOx,3.2
한국중부발전(주)신서천발전본부,1,2022-01-01 01:30,NOx,5.47
한국중부발전(주)신서천발전본부,1,2022-01-01 02:00,TSP,1.17
한국중부발전(주)신서천발전본부,1,2022-01-01 02:00,SOx,3.48
한국중부발전(주)신서천발전본부,1,2022-01-01 02:00,NOx,5.43
한국중부발전(주)신서천발전본부,1,2022-01-01 02:30,TSP,1.18
한국중부발전(주)신서천발전본부,1,2022-01-01 02:30,SOx,3.28
한국중부발전(주)신서천발전본부,1,2022-01-01 02:30,NOx,5.28
한국중부발전(주)신서천발전본부,1,2022-01-01 03:00,TSP,1.2
한국중부발전(주)신서천발전본부,1,2022-01-01 03:00,SOx,3.22
한국중부발전(주)신서천발전본부,1,2022-01-01 03:00,NOx,5.52
한국중부발전(주)신서천발전본부,1,2022-01-01 03:30,TSP,1.19
한국중부발전(주)신서천발전본부,1,2022-01-01 03:30,SOx,3.26
한국중부발전(주)신서천발전본부,1,2022-01-01 03:30,NOx,5.01
한국중부발전(주)신서천발전본부,1,2022-01-01 04:00,TSP,1.19
한국중부발전(주)신서천발전본부,1,2022-01-01 04:00,SOx,3.43
한국중부발전(주)신서천발전본부,1,2022-01-01 04:00,NOx,5.2
한국중부발전(주)신서천발전본부,1,2022-01-01 04:30,TSP,1.18
한국중부발전(주)신서천발전본부,1,2022-01-01 04:30,SOx,3.12
한국중부발전(주)신서천발전본부,1,2022-01-01 04:30,NOx,5.24
한국중부발전(주)신서천발전본부,1,2022-01-01 05:00,TSP,1.2
한국중부발전(주)신서천발전본부,1,2022-01-01 05:00,SOx,3.22
한국중부발전(주)신서천발전본부,1,2022-01-01 05:00,NOx,5.19
한국중부발전(주)신서천발전본부,1,2022-01-01 05:30,TSP,1.16
한국중부발전(주)신서천발전본부,1,2022-01-01 05:30,SOx,3.41
한국중부발전(주)신서천발전본부,1,2022-01-01 05:30,NOx,4.66
한국중부발전(주)신서천발전본부,1,2022-01-01 06:00,TSP,1.16
한국중부발전(주)신서천발전본부,1,2022-01-01 06:00,SOx,3.25
한국중부발전(주)신서천발전본부,1,2022-01-01 06:00,NOx,5.31
한국중부발전(주)신서천발전본부,1,2022-01-01 06:30,TSP,1.17
한국중부발전(주)신서천발전본부,1,2022-01-01 06:30,SOx,3.33
한국중부발전(주)신서천발전본부,1,2022-01-01 06:30,NOx,5.26
한국중부발전(주)신서천발전본부,1,2022-01-01 07:00,TSP,1.16
한국중부발전(주)신서천발전본부,1,2022-01-01 07:00,SOx,3.3
한국중부발전(주)신서천발전본부,1,2022-01-01 07:00,NOx,4.99
한국중부발전(주)신서천발전본부,1,2022-01-01 07:30,TSP,1.33
한국중부발전(주)신서천발전본부,1,2022-01-01 07:30,SOx,2.65
한국중부발전(주)신서천발전본부,1,2022-01-01 07:30,NOx,5.57
한국중부발전(주)신서천발전본부,1,2022-01-01 08:00,TSP,1.6
한국중부발전(주)신서천발전본부,1,2022-01-01 08:00,SOx,1.88
한국중부발전(주)신서천발전본부,1,2022-01-01 08:00,NOx,7.28
한국중부발전(주)신서천발전본부,1,2022-01-01 08:30,TSP,1.75
한국중부발전(주)신서천발전본부,1,2022-01-01 08:30,SOx,1.22
한국중부발전(주)신서천발전본부,1,2022-01-01 08:30,NOx,30.37
한국중부발전(주)신서천발전본부,1,2022-01-01 09:00,TSP,2.66
한국중부발전(주)신서천발전본부,1,2022-01-01 09:00,SOx,0.91
한국중부발전(주)신서천발전본부,1,2022-01-01 09:00,NOx,15.65
한국중부발전(주)신서천발전본부,1,2022-01-01 09:30,TSP,3.26
한국중부발전(주)신서천발전본부,1,2022-01-01 09:30,SOx,0.98
한국중부발전(주)신서천발전본부,1,2022-01-01 09:30,NOx,59.85
한국중부발전(주)신서천발전본부,1,2022-01-01 10:00,TSP,2151.86
한국중부발전(주)신서천발전본부,1,2022-01-01 10:00,SOx,82.18
한국중부발전(주)신서천발전본부,1,2022-01-01 10:00,NOx,33.75
한국중부발전(주)신서천발전본부,1,2022-01-01 10:30,TSP,0.0
한국중부발전(주)신서천발전본부,1,2022-01-01 10:30,SOx,0.0
한국중부발전(주)신서천발전본부,1,2022-01-01 10:30,NOx,0.0
한국중부발전(주)신서천발전본부,1,2022-01-01 11:00,TSP,0.0
한국중부발전(주)신서천발전본부,1,2022-01-01 11:00,SOx,0.0
한국중부발전(주)신서천발전본부,1,2022-01-01 11:00,NOx,0.0
한국중부발전(주)신서천발전본부,1,2022-01-01 11:30,TSP,0.0
한국중부발전(주)신서천발전본부,1,2022-01-01 11:30,SOx,0.0
한국중부발전(주)신서천발전본부,1,2022-01-01 11:30,NOx,0.0
한국중부발전(주)신서천발전본부,1,2022-01-01 12:00,TSP,0.0
한국중부발전(주)신서천발전본부,1,2022-01-01 12:00,SOx,0.0
한국중부발전(주)신서천발전본부,1,2022-01-01 12:00,NOx,0.0
한국중부발전(주)신서천발전본부,1,2022-01-01 12:30,TSP,0.0
한국중부발전(주)신서천발전본부,1,2022-01-01 12:30,SOx,0.0
한국중부발전(주)신서천발전본부,1,2022-01-01 12:30,NOx,0.0
한국중부발전(주)신서천발전본부,1,2022-01-01 13:00,TSP,0.0
한국중부발전(주)신서천발전본부,1,2022-01-01 13:00,SOx,0.0
한국중부발전(주)신서천발전본부,1,2022-01-01 13:00,NOx,0.0
한국중부발전(주)신서천발전본부,1,2022-01-01 13:30,TSP,0.0
한국중부발전(주)신서천발전본부,1,2022-01-01 13:30,SOx,0.0
한국중부발전(주)신서천발전본부,1,2022-01-01 13:30,NOx,0.0
한국중부발전(주)신서천발전본부,1,2022-01-01 14:00,TSP,0.0
한국중부발전(주)신서천발전본부,1,2022-01-01 14:00,SOx,0.0
한국중부발전(주)신서천발전본부,1,2022-01-01 14:00,NOx,0.0
한국중부발전(주)신서천발전본부,1,2022-01-01 14:30,TSP,0.0
한국중부발전(주)신서천발전본부,1,2022-01-01 14:30,SOx,0.0
한국중부발전(주)신서천발전본부,1,2022-01-01 14:30,NOx,0.0
한국중부발전(주)신서천발전본부,1,2022-01-01 15:00,TSP,0.0
한국중부발전(주)신서천발전본부,1,2022-01-01 15:00,SOx,0.0
한국중부발전(주)신서천발전본부,1,2022-01-01 15:00,NOx,0.0
한국중부발전(주)신서천발전본부,1,2022-01-01 15:30,TSP,0.0
한국중부발전(주)신서천발전본부,1,2022-01-01 15:30,SOx,0.0
한국중부발전(주)신서천발전본부,1,2022-01-01 15:30,NOx,0.0
한국중부발전(주)신서천발전본부,1,2022-01-01 16:00,TSP,0.0
한국중부발전(주)신서천발전본부,1,2022-01-01 16:00,SOx,0.0
한국중부발전(주)신서천발전본부,1,2022-01-01 16:00,NOx,0.0
한국중부발전(주)신서천발전본부,1,2022-01-01 16:30,TSP,0.0
한국중부발전(주)신서천발전본부,1,2022-01-01 16:30,SOx,0.0
한국중부발전(주)신서천발전본부,1,2022-01-01 16:30,NOx,0.0
한국중부발전(주)신서천발전본부,1,2022-01-01 17:00,TSP,0.0
한국중부발전(주)신서천발전본부,1,2022-01-01 17:00,SOx,0.0
한국중부발전(주)신서천발전본부,1,2022-01-01 17:00,NOx,0.0
한국중부발전(주)신서천발전본부,1,2022-01-01 17:30,TSP,0.0
한국중부발전(주)신서천발전본부,1,2022-01-01 17:30,SOx,0.0
한국중부발전(주)신서천발전본부,1,2022-01-01 17:30,NOx,0.0
한국중부발전(주)신서천발전본부,1,2022-01-01 18:00,TSP,0.0
한국중부발전(주)신서천발전본부,1,2022-01-01 18:00,SOx,0.0
한국중부발전(주)신서천발전본부,1,2022-01-01 18:00,NOx,0.0
한국중부발전(주)신서천발전본부,1,2022-01-01 18:30,TSP,0.0
한국중부발전(주)신서천발전본부,1,2022-01-01 18:30,SOx,0.0
한국중부발전(주)신서천발전본부,1,2022-01-01 18:30,NOx,0.0
한국중부발전(주)신서천발전본부,1,2022-01-01 19:00,TSP,0.0
한국중부발전(주)신서천발전본부,1,2022-01-01 19:00,SOx,0.0
한국중부발전(주)신서천발전본부,1,2022-01-01 19:00,NOx,0.0
한국중부발전(주)신서천발전본부,1,2022-01-01 19:30,TSP,0.0
한국중부발전(주)신서천발전본부,1,2022-01-01 19:30,SOx,0.0
한국중부발전(주)신서천발전본부,1,2022-01-01 19:30,NOx,0.0
한국중부발전(주)신서천발전본부,1,2022-01-01 20:00,TSP,0.0
한국중부발전(주)신서천발전본부,1,2022-01-01 20:00,SOx,0.0
한국중부발전(주)신서천발전본부,1,2022-01-01 20:00,NOx,0.0
한국중부발전(주)신서천발전본부,1,2022-01-01 20:30,TSP,0.0
한국중부발전(주)신서천발전본부,1,2022-01-01 20:30,SOx,0.0
한국중부발전(주)신서천발전본부,1,2022-01-01 20:30,NOx,0.0
한국중부발전(주)신서천발전본부,1,2022-01-01 21:00,TSP,0.0
한국중부발전(주)신서천발전본부,1,2022-01-01 21:00,SOx,0.0
한국중부발전(주)신서천발전본부,1,2022-01-01 21:00,NOx,0.0
한국중부발전(주)신서천발전본부,1,2022-01-01 21:30,TSP,0.0
한국중부발전(주)신서천발전본부,1,2022-01-01 21:30,SOx,0.0
한국중부발전(주)신서천발전본부,1,2022-01-01 21:30,NOx,0.0
한국중부발전(주)신서천발전본부,1,2022-01-01 22:00,TSP,0.0
한국중부발전(주)신서천발전본부,1,2022-01-01 22:00,SOx,0.0
한국중부발전(주)신서천발전본부,1,2022-01-01 22:00,NOx,0.0
한국중부발전(주)신서천발전본부,1,2022-01-01 22:30,TSP,0.0
한국중부발전(주)신서천발전본부,1,2022-01-01 22:30,SOx,0.0
한국중부발전(주)신서천발전본부,1,2022-01-01 22:30,NOx,0.0
한국중부발전(주)신서천발전본부,1,2022-01-01 23:00,TSP,0.0
한국중부발전(주)신서천발전본부,1,2022-01-01 23:00,SOx,0.0
한국중부발전(주)신서천발전본부,1,2022-01-01 23:00,NOx,0.0
한국중부발전(주)신서천발전본부,1,2022-01-01 23:30,TSP,0.0
한국중부발전(주)신서천발전본부,1,2022-01-01 23:30,SOx,0.0
한국중부발전(주)신서천발전본부,1,2022-01-01 23:30,NOx,0.0
한국중부발전(주)신서천발전본부,1,2022-01-02 00:00,TSP,0.0
한국중부발전(주)신서천발전본부,1,2022-01-02 00:00,SOx,0.0
한국중부발전(주)신서천발전본부,1,2022-01-02 00:00,NOx,0.0
한국중부발전(주)신서천발전본부,1,2022-01-02 00:30,TSP,0.0
한국중부발전(주)신서천발전본부,1,2022-01-02 00:30,SOx,0.0
한국중부발전(주)신서천발전본부,1,2022-01-02 00:30,NOx,0.0
한국중부발전(주)신서천발전본부,1,2022-01-02 01:00,TSP,0.0
한국중부발전(주)신서천발전본부,1,2022-01-02 01:00,SOx,0.0
한국중부발전(주)신서천발전본부,1,2022-01-02 01:00,NOx,0.0
한국중부발전(주)신서천발전본부,1,2022-01-02 01:30,TSP,0.0
한국중부발전(주)신서천발전본부,1,2022-01-02 01:30,SOx,0.0
한국중부발전(주)신서천발전본부,1,2022-01-02 01:30,NOx,0.0
한국중부발전(주)신서천발전본부,1,2022-01-02 02:00,TSP,0.0
한국중부발전(주)신서천발전본부,1,2022-01-02 02:00,SOx,0.0
한국중부발전(주)신서천발전본부,1,2022-01-02 02:00,NOx,0.0
한국중부발전(주)신서천발전본부,1,2022-01-02 02:30,TSP,0.0
한국중부발전(주)신서천발전본부,1,2022-01-02 02:30,SOx,0.0
한국중부발전(주)신서천발전본부,1,2022-01-02 02:30,NOx,0.0
한국중부발전(주)신서천발전본부,1,2022-01-02 03:00,TSP,0.0
한국중부발전(주)신서천발전본부,1,2022-01-02 03:00,SOx,0.0
한국중부발전(주)신서천발전본부,1,2022-01-02 03:00,NOx,0.0
한국중부발전(주)신서천발전본부,1,2022-01-02 03:30,TSP,0.0
한국중부발전(주)신서천발전본부,1,2022-01-02 03:30,SOx,0.0
한국중부발전(주)신서천발전본부,1,2022-01-02 03:30,NOx,0.0
한국중부발전(주)신서천발전본부,1,2022-01-02 04:00,TSP,0.0
한국중부발전(주)신서천발전본부,1,2022-01-02 04:00,SOx,0.0
한국중부발전(주)신서천발전본부,1,2022-01-02 04:00,NOx,0.0
한국중부발전(주)신서천발전본부,1,2022-01-02 04:30,TSP,0.0
한국중부발전(주)신서천발전본부,1,2022-01-02 04:30,SOx,0.0
한국중부발전(주)신서천발전본부,1,2022-01-02 04:30,NOx,0.0
한국중부발전(주)신서천발전본부,1,2022-01-02 05:00,TSP,0.0
한국중부발전(주)신서천발전본부,1,2022-01-02 05:00,SOx,0.0
한국중부발전(주)신서천발전본부,1,2022-01-02 05:00,NOx,0.0
한국중부발전(주)신서천발전본부,1,2022-01-02 05:30,TSP,0.0
한국중부발전(주)신서천발전본부,1,2022-01-02 05:30,SOx,0.0
한국중부발전(주)신서천발전본부,1,2022-01-02 05:30,NOx,0.0
한국중부발전(주)신서천발전본부,1,2022-01-02 06:00,TSP,0.0
한국중부발전(주)신서천발전본부,1,2022-01-02 06:00,SOx,0.0
한국중부발전(주)신서천발전본부,1,2022-01-02 06:00,NOx,0.0
한국중부발전(주)신서천발전본부,1,2022-01-02 06:30,TSP,0.0
한국중부발전(주)신서천발전본부,1,2022-01-02 06:30,SOx,0.0
한국중부발전(주)신서천발전본부,1,2022-01-02 06:30,NOx,0.0
한국중부발전(주)신서천발전본부,1,2022-01-02 07:00,TSP,0.0
한국중부발전(주)신서천발전본부,1,2022-01-02 07:00,SOx,0.0
한국중부발전(주)신서천발전본부,1,2022-01-02 07:00,NOx,0.0
한국중부발전(주)신서천발전본부,1,2022-01-02 07:30,TSP,0.0
한국중부발전(주)신서천발전본부,1,2022-01-02 07:30,SOx,0.0
한국중부발전(주)신서천발전본부,1,2022-01-02 07:30,NOx,0.0
한국중부발전(주)신서천발전본부,1,2022-01-02 08:00,TSP,0.0
한국중부발전(주)신서천발전본부,1,2022-01-02 08:00,SOx,0.0
한국중부발전(주)신서천발전본부,1,2022-01-02 08:00,NOx,0.0
한국중부발전(주)신서천발전본부,1,2022-01-02 08:30,TSP,0.0
한국중부발전(주)신서천발전본부,1,2022-01-02 08:30,SOx,0.0
한국중부발전(주)신서천발전본부,1,2022-01-02 08:30,NOx,0.0
한국중부발전(주)신서천발전본부,1,2022-01-02 09:00,TSP,0.0
한국중부발전(주)신서천발전본부,1,2022-01-02 09:00,SOx,0.0
한국중부발전(주)신서천발전본부,1,2022-01-02 09:00,NOx,0.0
한국중부발전(주)신서천발전본부,1,2022-01-02 09:30,TSP,0.0
한국중부발전(주)신서천발전본부,1,2022-01-02 09:30,SOx,0.0
한국중부발전(주)신서천발전본부,1,2022-01-02 09:30,NOx,0.0
한국중부발전(주)신서천발전본부,1,2022-01-02 10:00,TSP,0.0
한국중부발전(주)신서천발전본부,1,2022-01-02 10:00,SOx,0.0
한국중부발전(주)신서천발전본부,1,2022-01-02 10:00,NOx,0.0
한국중부발전(주)신서천발전본부,1,2022-01-02 10:30,TSP,0.0
한국중부발전(주)신서천발전본부,1,2022-01-02 10:30,SOx,0.0
한국중부발전(주)신서천발전본부,1,2022-01-02 10:30,NOx,0.0
한국중부발전(주)신서천발전본부,1,2022-01-02 11:00,TSP,0.0
한국중부발전(주)신서천발전본부,1,2022-01-02 11:00,SOx,0.0
한국중부발전(주)신서천발전본부,1,2022-01-02 11:00,NOx,0.0
한국중부발전(주)신서천발전본부,1,2022-01-02 11:30,TSP,0.0
한국중부발전(주)신서천발전본부,1,2022-01-02 11:30,SOx,0.0
한국중부발전(주)신서천발전본부,1,2022-01-02 11:30,NOx,0.0
한국중부발전(주)신서천발전본부,1,2022-01-02 12:00,TSP,0.0
한국중부발전(주)신서천발전본부,1,2022-01-02 12:00,SOx,0.0
한국중부발전(주)신서천발전본부,1,2022-01-02 12:00,NOx,0.0
한국중부발전(주)신서천발전본부,1,2022-01-02 12:30,TSP,0.0
한국중부발전(주)신서천발전본부,1,2022-01-02 12:30,SOx,0.0
한국중부발전(주)신서천발전본부,1,2022-01-02 12:30,NOx,0.0
한국중부발전(주)신서천발전본부,1,2022-01-02 13:00,TSP,6.33
한국중부발전(주)신서천발전본부,1,2022-01-02 13:00,SOx,3.3
한국중부발전(주)신서천발전본부,1,2022-01-02 13:00,NOx,43.64
한국중부발전(주)신서천발전본부,1,2022-01-02 13:30,TSP,3.9
한국중부발전(주)신서천발전본부,1,2022-01-02 13:30,SOx,1.87
한국중부발전(주)신서천발전본부,1,2022-01-02 13:30,NOx,48.08
한국중부발전(주)신서천발전본부,1,2022-01-02 14:00,TSP,2.8
한국중부발전(주)신서천발전본부,1,2022-01-02 14:00,SOx,1.47
한국중부발전(주)신서천발전본부,1,2022-01-02 14:00,NOx,47.9
한국중부발전(주)신서천발전본부,1,2022-01-02 14:30,TSP,3.28
한국중부발전(주)신서천발전본부,1,2022-01-02 14:30,SOx,2.37
한국중부발전(주)신서천발전본부,1,2022-01-02 14:30,NOx,48.91
한국중부발전(주)신서천발전본부,1,2022-01-02 15:00,TSP,2.81
한국중부발전(주)신서천발전본부,1,2022-01-02 15:00,SOx,7.16
한국중부발전(주)신서천발전본부,1,2022-01-02 15:00,NOx,68.11
한국중부발전(주)신서천발전본부,1,2022-01-02 15:30,TSP,2.0
한국중부발전(주)신서천발전본부,1,2022-01-02 15:30,SOx,111.15
한국중부발전(주)신서천발전본부,1,2022-01-02 15:30,NOx,167.81
한국중부발전(주)신서천발전본부,1,2022-01-02 16:00,TSP,2.52
한국중부발전(주)신서천발전본부,1,2022-01-02 16:00,SOx,53.01
한국중부발전(주)신서천발전본부,1,2022-01-02 16:00,NOx,135.32
한국중부발전(주)신서천발전본부,1,2022-01-02 16:30,TSP,1.78
한국중부발전(주)신서천발전본부,1,2022-01-02 16:30,SOx,1.09
한국중부발전(주)신서천발전본부,1,2022-01-02 16:30,NOx,93.91
한국중부발전(주)신서천발전본부,1,2022-01-02 17:00,TSP,1.32
한국중부발전(주)신서천발전본부,1,2022-01-02 17:00,SOx,1.47
한국중부발전(주)신서천발전본부,1,2022-01-02 17:00,NOx,77.39
한국중부발전(주)신서천발전본부,1,2022-01-02 17:30,TSP,1.81
한국중부발전(주)신서천발전본부,1,2022-01-02 17:30,SOx,2.7
한국중부발전(주)신서천발전본부,1,2022-01-02 17:30,NOx,30.69
한국중부발전(주)신서천발전본부,1,2022-01-02 18:00,TSP,1.09
한국중부발전(주)신서천발전본부,1,2022-01-02 18:00,SOx,3.49
한국중부발전(주)신서천발전본부,1,2022-01-02 18:00,NOx,6.77
한국중부발전(주)신서천발전본부,1,2022-01-02 18:30,TSP,0.99
한국중부발전(주)신서천발전본부,1,2022-01-02 18:30,SOx,3.52
한국중부발전(주)신서천발전본부,1,2022-01-02 18:30,NOx,4.44
한국중부발전(주)신서천발전본부,1,2022-01-02 19:00,TSP,0.93
한국중부발전(주)신서천발전본부,1,2022-01-02 19:00,SOx,3.53
한국중부발전(주)신서천발전본부,1,2022-01-02 19:00,NOx,3.71
한국중부발전(주)신서천발전본부,1,2022-01-02 19:30,TSP,0.96
한국중부발전(주)신서천발전본부,1,2022-01-02 19:30,SOx,4.41
한국중부발전(주)신서천발전본부,1,2022-01-02 19:30,NOx,3.58
한국중부발전(주)신서천발전본부,1,2022-01-02 20:00,TSP,0.94
한국중부발전(주)신서천발전본부,1,2022-01-02 20:00,SOx,4.31
한국중부발전(주)신서천발전본부,1,2022-01-02 20:00,NOx,4.36
한국중부발전(주)신서천발전본부,1,2022-01-02 20:30,TSP,0.94
한국중부발전(주)신서천발전본부,1,2022-01-02 20:30,SOx,4.12
한국중부발전(주)신서천발전본부,1,2022-01-02 20:30,NOx,4.63
한국중부발전(주)신서천발전본부,1,2022-01-02 21:00,TSP,0.94
한국중부발전(주)신서천발전본부,1,2022-01-02 21:00,SOx,4.02
한국중부발전(주)신서천발전본부,1,2022-01-02 21:00,NOx,4.23
한국중부발전(주)신서천발전본부,1,2022-01-02 21:30,TSP,0.96
한국중부발전(주)신서천발전본부,1,2022-01-02 21:30,SOx,4.08
한국중부발전(주)신서천발전본부,1,2022-01-02 21:30,NOx,5.61
한국중부발전(주)신서천발전본부,1,2022-01-02 22:00,TSP,0.93
한국중부발전(주)신서천발전본부,1,2022-01-02 22:00,SOx,3.87
한국중부발전(주)신서천발전본부,1,2022-01-02 22:00,NOx,5.67
한국중부발전(주)신서천발전본부,1,2022-01-02 22:30,TSP,0.91
한국중부발전(주)신서천발전본부,1,2022-01-02 22:30,SOx,4.07
한국중부발전(주)신서천발전본부,1,2022-01-02 22:30,NOx,6.12
한국중부발전(주)신서천발전본부,1,2022-01-02 23:00,TSP,0.91
한국중부발전(주)신서천발전본부,1,2022-01-02 23:00,SOx,4.43
한국중부발전(주)신서천발전본부,1,2022-01-02 23:00,NOx,6.65
한국중부발전(주)신서천발전본부,1,2022-01-02 23:30,TSP,1.13
한국중부발전(주)신서천발전본부,1,2022-01-02 23:30,SOx,4.1
한국중부발전(주)신서천발전본부,1,2022-01-02 23:30,NOx,6.64
한국중부발전(주)신서천발전본부,1,2022-01-03 00:00,TSP,1.41
한국중부발전(주)신서천발전본부,1,2022-01-03 00:00,SOx,5.03
한국중부발전(주)신서천발전본부,1,2022-01-03 00:00,NOx,5.99
한국중부발전(주)신서천발전본부,1,2022-01-03 00:30,TSP,1.16
한국중부발전(주)신서천발전본부,1,2022-01-03 00:30,SOx,3.05
한국중부발전(주)신서천발전본부,1,2022-01-03 00:30,NOx,5.7
한국중부발전(주)신서천발전본부,1,2022-01-03 01:00,TSP,1.16
한국중부발전(주)신서천발전본부,1,2022-01-03 01:00,SOx,3.0
한국중부발전(주)신서천발전본부,1,2022-01-03 01:00,NOx,8.51
한국중부발전(주)신서천발전본부,1,2022-01-03 01:30,TSP,1.14
한국중부발전(주)신서천발전본부,1,2022-01-03 01:30,SOx,3.04
한국중부발전(주)신서천발전본부,1,2022-01-03 01:30,NOx,8.59
한국중부발전(주)신서천발전본부,1,2022-01-03 02:00,TSP,1.14
한국중부발전(주)신서천발전본부,1,2022-01-03 02:00,SOx,3.22
한국중부발전(주)신서천발전본부,1,2022-01-03 02:00,NOx,9.62
한국중부발전(주)신서천발전본부,1,2022-01-03 02:30,TSP,1.13
한국중부발전(주)신서천발전본부,1,2022-01-03 02:30,SOx,2.93
한국중부발전(주)신서천발전본부,1,2022-01-03 02:30,NOx,7.22
한국중부발전(주)신서천발전본부,1,2022-01-03 03:00,TSP,1.14
한국중부발전(주)신서천발전본부,1,2022-01-03 03:00,SOx,2.4
한국중부발전(주)신서천발전본부,1,2022-01-03 03:00,NOx,7.61
한국중부발전(주)신서천발전본부,1,2022-01-03 03:30,TSP,1.11
한국중부발전(주)신서천발전본부,1,2022-01-03 03:30,SOx,2.7
한국중부발전(주)신서천발전본부,1,2022-01-03 03:30,NOx,6.32
한국중부발전(주)신서천발전본부,1,2022-01-03 04:00,TSP,1.12
한국중부발전(주)신서천발전본부,1,2022-01-03 04:00,SOx,2.64
한국중부발전(주)신서천발전본부,1,2022-01-03 04:00,NOx,3.44
한국중부발전(주)신서천발전본부,1,2022-01-03 04:30,TSP,1.12
한국중부발전(주)신서천발전본부,1,2022-01-03 04:30,SOx,2.41
한국중부발전(주)신서천발전본부,1,2022-01-03 04:30,NOx,2.51
한국중부발전(주)신서천발전본부,1,2022-01-03 05:00,TSP,1.13
한국중부발전(주)신서천발전본부,1,2022-01-03 05:00,SOx,2.4
한국중부발전(주)신서천발전본부,1,2022-01-03 05:00,NOx,2.75
한국중부발전(주)신서천발전본부,1,2022-01-03 05:30,TSP,1.13
한국중부발전(주)신서천발전본부,1,2022-01-03 05:30,SOx,2.63
한국중부발전(주)신서천발전본부,1,2022-01-03 05:30,NOx,3.02
한국중부발전(주)신서천발전본부,1,2022-01-03 06:00,TSP,1.13
한국중부발전(주)신서천발전본부,1,2022-01-03 06:00,SOx,2.56
한국중부발전(주)신서천발전본부,1,2022-01-03 06:00,NOx,3.1
한국중부발전(주)신서천발전본부,1,2022-01-03 06:30,TSP,1.11
한국중부발전(주)신서천발전본부,1,2022-01-03 06:30,SOx,2.46
한국중부발전(주)신서천발전본부,1,2022-01-03 06:30,NOx,3.09
한국중부발전(주)신서천발전본부,1,2022-01-03 07:00,TSP,1.15
한국중부발전(주)신서천발전본부,1,2022-01-03 07:00,SOx,2.81
한국중부발전(주)신서천발전본부,1,2022-01-03 07:00,NOx,2.99
한국중부발전(주)신서천발전본부,1,2022-01-03 07:30,TSP,1.13
한국중부발전(주)신서천발전본부,1,2022-01-03 07:30,SOx,3.2
한국중부발전(주)신서천발전본부,1,2022-01-03 07:30,NOx,2.77
한국중부발전(주)신서천발전본부,1,2022-01-03 08:00,TSP,1.14
한국중부발전(주)신서천발전본부,1,2022-01-03 08:00,SOx,2.64
한국중부발전(주)신서천발전본부,1,2022-01-03 08:00,NOx,5.12
한국중부발전(주)신서천발전본부,1,2022-01-03 08:30,TSP,1.15
한국중부발전(주)신서천발전본부,1,2022-01-03 08:30,SOx,3.14
한국중부발전(주)신서천발전본부,1,2022-01-03 08:30,NOx,4.81
한국중부발전(주)신서천발전본부,1,2022-01-03 09:00,TSP,1.18
한국중부발전(주)신서천발전본부,1,2022-01-03 09:00,SOx,3.16
한국중부발전(주)신서천발전본부,1,2022-01-03 09:00,NOx,5.27
한국중부발전(주)신서천발전본부,1,2022-01-03 09:30,TSP,1.2
한국중부발전(주)신서천발전본부,1,2022-01-03 09:30,SOx,2.86
한국중부발전(주)신서천발전본부,1,2022-01-03 09:30,NOx,4.75
한국중부발전(주)신서천발전본부,1,2022-01-03 10:00,TSP,1.19
한국중부발전(주)신서천발전본부,1,2022-01-03 10:00,SOx,2.53
한국중부발전(주)신서천발전본부,1,2022-01-03 10:00,NOx,5.4
한국중부발전(주)신서천발전본부,1,2022-01-03 10:30,TSP,1.18
한국중부발전(주)신서천발전본부,1,2022-01-03 10:30,SOx,2.72
한국중부발전(주)신서천발전본부,1,2022-01-03 10:30,NOx,3.95
한국중부발전(주)신서천발전본부,1,2022-01-03 11:00,TSP,1.18
한국중부발전(주)신서천발전본부,1,2022-01-03 11:00,SOx,2.53
한국중부발전(주)신서천발전본부,1,2022-01-03 11:00,NOx,3.63
한국중부발전(주)신서천발전본부,1,2022-01-03 11:30,TSP,1.14
한국중부발전(주)신서천발전본부,1,2022-01-03 11:30,SOx,2.42
한국중부발전(주)신서천발전본부,1,2022-01-03 11:30,NOx,4.02
한국중부발전(주)신서천발전본부,1,2022-01-03 12:00,TSP,1.14
한국중부발전(주)신서천발전본부,1,2022-01-03 12:00,SOx,2.63
한국중부발전(주)신서천발전본부,1,2022-01-03 12:00,NOx,4.83
한국중부발전(주)신서천발전본부,1,2022-01-03 12:30,TSP,1.13
한국중부발전(주)신서천발전본부,1,2022-01-03 12:30,SOx,2.69
한국중부발전(주)신서천발전본부,1,2022-01-03 12:30,NOx,5.29
한국중부발전(주)신서천발전본부,1,2022-01-03 13:00,TSP,1.15
한국중부발전(주)신서천발전본부,1,2022-01-03 13:00,SOx,2.54
한국중부발전(주)신서천발전본부,1,2022-01-03 13:00,NOx,5.26
한국중부발전(주)신서천발전본부,1,2022-01-03 13:30,TSP,1.2
한국중부발전(주)신서천발전본부,1,2022-01-03 13:30,SOx,2.69
한국중부발전(주)신서천발전본부,1,2022-01-03 13:30,NOx,4.35
한국중부발전(주)신서천발전본부,1,2022-01-03 14:00,TSP,1.18
한국중부발전(주)신서천발전본부,1,2022-01-03 14:00,SOx,2.77
한국중부발전(주)신서천발전본부,1,2022-01-03 14:00,NOx,5.66
한국중부발전(주)신서천발전본부,1,2022-01-03 14:30,TSP,1.2
한국중부발전(주)신서천발전본부,1,2022-01-03 14:30,SOx,2.78
한국중부발전(주)신서천발전본부,1,2022-01-03 14:30,NOx,4.81
한국중부발전(주)신서천발전본부,1,2022-01-03 15:00,TSP,1.16
한국중부발전(주)신서천발전본부,1,2022-01-03 15:00,SOx,2.6
한국중부발전(주)신서천발전본부,1,2022-01-03 15:00,NOx,4.86
한국중부발전(주)신서천발전본부,1,2022-01-03 15:30,TSP,1.21
한국중부발전(주)신서천발전본부,1,2022-01-03 15:30,SOx,2.97
한국중부발전(주)신서천발전본부,1,2022-01-03 15:30,NOx,4.08
한국중부발전(주)신서천발전본부,1,2022-01-03 16:00,TSP,1.16
한국중부발전(주)신서천발전본부,1,2022-01-03 16:00,SOx,2.99
한국중부발전(주)신서천발전본부,1,2022-01-03 16:00,NOx,4.57
한국중부발전(주)신서천발전본부,1,2022-01-03 16:30,TSP,1.15
한국중부발전(주)신서천발전본부,1,2022-01-03 16:30,SOx,3.05
한국중부발전(주)신서천발전본부,1,2022-01-03 16:30,NOx,5.85
한국중부발전(주)신서천발전본부,1,2022-01-03 17:00,TSP,1.15
한국중부발전(주)신서천발전본부,1,2022-01-03 17:00,SOx,3.02
한국중부발전(주)신서천발전본부,1,2022-01-03 17:00,NOx,5.42
한국중부발전(주)신서천발전본부,1,2022-01-03 17:30,TSP,1.15
한국중부발전(주)신서천발전본부,1,2022-01-03 17:30,SOx,2.97
한국중부발전(주)신서천발전본부,1,2022-01-03 17:30,NOx,5.37
한국중부발전(주)신서천발전본부,1,2022-01-03 18:00,TSP,1.17
한국중부발전(주)신서천발전본부,1,2022-01-03 18:00,SOx,2.98
한국중부발전(주)신서천발전본부,1,2022-01-03 18:00,NOx,5.46
한국중부발전(주)신서천발전본부,1,2022-01-03 18:30,TSP,1.14
한국중부발전(주)신서천발전본부,1,2022-01-03 18:30,SOx,2.94
한국중부발전(주)신서천발전본부,1,2022-01-03 18:30,NOx,4.95
한국중부발전(주)신서천발전본부,1,2022-01-03 19:00,TSP,1.16
한국중부발전(주)신서천발전본부,1,2022-01-03 19:00,SOx,2.95
한국중부발전(주)신서천발전본부,1,2022-01-03 19:00,NOx,4.76
한국중부발전(주)신서천발전본부,1,2022-01-03 19:30,TSP,1.15
한국중부발전(주)신서천발전본부,1,2022-01-03 19:30,SOx,2.93
한국중부발전(주)신서천발전본부,1,2022-01-03 19:30,NOx,5.08
한국중부발전(주)신서천발전본부,1,2022-01-03 20:00,TSP,1.15
한국중부발전(주)신서천발전본부,1,2022-01-03 20:00,SOx,3.12
한국중부발전(주)신서천발전본부,1,2022-01-03 20:00,NOx,4.61
한국중부발전(주)신서천발전본부,1,2022-01-03 20:30,TSP,1.15
한국중부발전(주)신서천발전본부,1,2022-01-03 20:30,SOx,3.16
한국중부발전(주)신서천발전본부,1,2022-01-03 20:30,NOx,4.88
한국중부발전(주)신서천발전본부,1,2022-01-03 21:00,TSP,1.14
한국중부발전(주)신서천발전본부,1,2022-01-03 21:00,SOx,3.15
한국중부발전(주)신서천발전본부,1,2022-01-03 21:00,NOx,5.27
한국중부발전(주)신서천발전본부,1,2022-01-03 21:30,TSP,1.13
한국중부발전(주)신서천발전본부,1,2022-01-03 21:30,SOx,3.05
한국중부발전(주)신서천발전본부,1,2022-01-03 21:30,NOx,5.11
한국중부발전(주)신서천발전본부,1,2022-01-03 22:00,TSP,1.13
한국중부발전(주)신서천발전본부,1,2022-01-03 22:00,SOx,3.25
한국중부발전(주)신서천발전본부,1,2022-01-03 22:00,NOx,5.09
한국중부발전(주)신서천발전본부,1,2022-01-03 22:30,TSP,1.14
한국중부발전(주)신서천발전본부,1,2022-01-03 22:30,SOx,3.19
한국중부발전(주)신서천발전본부,1,2022-01-03 22:30,NOx,5.24
한국중부발전(주)신서천발전본부,1,2022-01-03 23:00,TSP,1.14
한국중부발전(주)신서천발전본부,1,2022-01-03 23:00,SOx,3.18
한국중부발전(주)신서천발전본부,1,2022-01-03 23:00,NOx,5.24
한국중부발전(주)신서천발전본부,1,2022-01-03 23:30,TSP,1.07
한국중부발전(주)신서천발전본부,1,2022-01-03 23:30,SOx,3.15
한국중부발전(주)신서천발전본부,1,2022-01-03 23:30,NOx,5.34
한국중부발전(주)신서천발전본부,1,2022-01-04 00:00,TSP,1.06
한국중부발전(주)신서천발전본부,1,2022-01-04 00:00,SOx,3.25
한국중부발전(주)신서천발전본부,1,2022-01-04 00:00,NOx,5.27
한국중부발전(주)신서천발전본부,1,2022-01-04 00:30,TSP,1.07
한국중부발전(주)신서천발전본부,1,2022-01-04 00:30,SOx,3.05
한국중부발전(주)신서천발전본부,1,2022-01-04 00:30,NOx,5.2
한국중부발전(주)신서천발전본부,1,2022-01-04 01:00,TSP,1.07
한국중부발전(주)신서천발전본부,1,2022-01-04 01:00,SOx,3.23
한국중부발전(주)신서천발전본부,1,2022-01-04 01:00,NOx,5.61
한국중부발전(주)신서천발전본부,1,2022-01-04 01:30,TSP,1.08
한국중부발전(주)신서천발전본부,1,2022-01-04 01:30,SOx,3.13
한국중부발전(주)신서천발전본부,1,2022-01-04 01:30,NOx,5.25
한국중부발전(주)신서천발전본부,1,2022-01-04 02:00,TSP,1.07
한국중부발전(주)신서천발전본부,1,2022-01-04 02:00,SOx,3.21
한국중부발전(주)신서천발전본부,1,2022-01-04 02:00,NOx,5.77
한국중부발전(주)신서천발전본부,1,2022-01-04 02:30,TSP,1.07
한국중부발전(주)신서천발전본부,1,2022-01-04 02:30,SOx,3.14
한국중부발전(주)신서천발전본부,1,2022-01-04 02:30,NOx,5.03
한국중부발전(주)신서천발전본부,1,2022-01-04 03:00,TSP,1.07
한국중부발전(주)신서천발전본부,1,2022-01-04 03:00,SOx,3.11
한국중부발전(주)신서천발전본부,1,2022-01-04 03:00,NOx,5.52
한국중부발전(주)신서천발전본부,1,2022-01-04 03:30,TSP,1.07
한국중부발전(주)신서천발전본부,1,2022-01-04 03:30,SOx,2.85
한국중부발전(주)신서천발전본부,1,2022-01-04 03:30,NOx,5.41
한국중부발전(주)신서천발전본부,1,2022-01-04 04:00,TSP,1.07
한국중부발전(주)신서천발전본부,1,2022-01-04 04:00,SOx,2.93
한국중부발전(주)신서천발전본부,1,2022-01-04 04:00,NOx,5.75
한국중부발전(주)신서천발전본부,1,2022-01-04 04:30,TSP,1.08
한국중부발전(주)신서천발전본부,1,2022-01-04 04:30,SOx,3.06
한국중부발전(주)신서천발전본부,1,2022-01-04 04:30,NOx,4.65
한국중부발전(주)신서천발전본부,1,2022-01-04 05:00,TSP,1.06
한국중부발전(주)신서천발전본부,1,2022-01-04 05:00,SOx,2.99
한국중부발전(주)신서천발전본부,1,2022-01-04 05:00,NOx,4.32
한국중부발전(주)신서천발전본부,1,2022-01-04 05:30,TSP,1.06
한국중부발전(주)신서천발전본부,1,2022-01-04 05:30,SOx,3.03
한국중부발전(주)신서천발전본부,1,2022-01-04 05:30,NOx,5.56
한국중부발전(주)신서천발전본부,1,2022-01-04 06:00,TSP,1.06
한국중부발전(주)신서천발전본부,1,2022-01-04 06:00,SOx,3.44
한국중부발전(주)신서천발전본부,1,2022-01-04 06:00,NOx,5.24
한국중부발전(주)신서천발전본부,1,2022-01-04 06:30,TSP,1.06
한국중부발전(주)신서천발전본부,1,2022-01-04 06:30,SOx,3.13
한국중부발전(주)신서천발전본부,1,2022-01-04 06:30,NOx,5.47
한국중부발전(주)신서천발전본부,1,2022-01-04 07:00,TSP,1.06
한국중부발전(주)신서천발전본부,1,2022-01-04 07:00,SOx,3.12
한국중부발전(주)신서천발전본부,1,2022-01-04 07:00,NOx,5.69
한국중부발전(주)신서천발전본부,1,2022-01-04 07:30,TSP,1.05
한국중부발전(주)신서천발전본부,1,2022-01-04 07:30,SOx,3.21
한국중부발전(주)신서천발전본부,1,2022-01-04 07:30,NOx,4.99
한국중부발전(주)신서천발전본부,1,2022-01-04 08:00,TSP,1.06
한국중부발전(주)신서천발전본부,1,2022-01-04 08:00,SOx,3.3
한국중부발전(주)신서천발전본부,1,2022-01-04 08:00,NOx,5.36
한국중부발전(주)신서천발전본부,1,2022-01-04 08:30,TSP,1.09
한국중부발전(주)신서천발전본부,1,2022-01-04 08:30,SOx,3.42
한국중부발전(주)신서천발전본부,1,2022-01-04 08:30,NOx,5.54
한국중부발전(주)신서천발전본부,1,2022-01-04 09:00,TSP,1.11
한국중부발전(주)신서천발전본부,1,2022-01-04 09:00,SOx,3.36
한국중부발전(주)신서천발전본부,1,2022-01-04 09:00,NOx,5.72
한국중부발전(주)신서천발전본부,1,2022-01-04 09:30,TSP,1.09
한국중부발전(주)신서천발전본부,1,2022-01-04 09:30,SOx,3.25
한국중부발전(주)신서천발전본부,1,2022-01-04 09:30,NOx,5.79
한국중부발전(주)신서천발전본부,1,2022-01-04 10:00,TSP,1.08
한국중부발전(주)신서천발전본부,1,2022-01-04 10:00,SOx,3.12
한국중부발전(주)신서천발전본부,1,2022-01-04 10:00,NOx,5.17
한국중부발전(주)신서천발전본부,1,2022-01-04 10:30,TSP,1.08
한국중부발전(주)신서천발전본부,1,2022-01-04 10:30,SOx,3.12
한국중부발전(주)신서천발전본부,1,2022-01-04 10:30,NOx,5.17
한국중부발전(주)신서천발전본부,1,2022-01-04 11:00,TSP,1.08
한국중부발전(주)신서천발전본부,1,2022-01-04 11:00,SOx,3.12
한국중부발전(주)신서천발전본부,1,2022-01-04 11:00,NOx,5.17
한국중부발전(주)신서천발전본부,1,2022-01-04 11:30,TSP,1.08
한국중부발전(주)신서천발전본부,1,2022-01-04 11:30,SOx,3.12
한국중부발전(주)신서천발전본부,1,2022-01-04 11:30,NOx,5.17
한국중부발전(주)신서천발전본부,1,2022-01-04 12:00,TSP,1.08
한국중부발전(주)신서천발전본부,1,2022-01-04 12:00,SOx,3.12
한국중부발전(주)신서천발전본부,1,2022-01-04 12:00,NOx,5.17
한국중부발전(주)신서천발전본부,1,2022-01-04 12:30,TSP,1.08
한국중부발전(주)신서천발전본부,1,2022-01-04 12:30,SOx,3.12
한국중부발전(주)신서천발전본부,1,2022-01-04 12:30,NOx,5.17
한국중부발전(주)신서천발전본부,1,2022-01-04 13:00,TSP,1.08
한국중부발전(주)신서천발전본부,1,2022-01-04 13:00,SOx,3.12
한국중부발전(주)신서천발전본부,1,2022-01-04 13:00,NOx,5.17
한국중부발전(주)신서천발전본부,1,2022-01-04 13:30,TSP,1.08
한국중부발전(주)신서천발전본부,1,2022-01-04 13:30,SOx,3.12
한국중부발전(주)신서천발전본부,1,2022-01-04 13:30,NOx,5.17
한국중부발전(주)신서천발전본부,1,2022-01-04 14:00,TSP,1.08
한국중부발전(주)신서천발전본부,1,2022-01-04 14:00,SOx,3.12
한국중부발전(주)신서천발전본부,1,2022-01-04 14:00,NOx,5.17
한국중부발전(주)신서천발전본부,1,2022-01-04 14:30,TSP,1.09
한국중부발전(주)신서천발전본부,1,2022-01-04 14:30,SOx,2.98
한국중부발전(주)신서천발전본부,1,2022-01-04 14:30,NOx,5.15
한국중부발전(주)신서천발전본부,1,2022-01-04 15:00,TSP,1.1
한국중부발전(주)신서천발전본부,1,2022-01-04 15:00,SOx,2.47
한국중부발전(주)신서천발전본부,1,2022-01-04 15:00,NOx,5.28
한국중부발전(주)신서천발전본부,1,2022-01-04 15:30,TSP,1.12
한국중부발전(주)신서천발전본부,1,2022-01-04 15:30,SOx,2.79
한국중부발전(주)신서천발전본부,1,2022-01-04 15:30,NOx,5.31
한국중부발전(주)신서천발전본부,1,2022-01-04 16:00,TSP,1.09
한국중부발전(주)신서천발전본부,1,2022-01-04 16:00,SOx,3.18
한국중부발전(주)신서천발전본부,1,2022-01-04 16:00,NOx,4.55
한국중부발전(주)신서천발전본부,1,2022-01-04 16:30,TSP,1.08
한국중부발전(주)신서천발전본부,1,2022-01-04 16:30,SOx,2.89
한국중부발전(주)신서천발전본부,1,2022-01-04 16:30,NOx,5.23
한국중부발전(주)신서천발전본부,1,2022-01-04 17:00,TSP,1.07
한국중부발전(주)신서천발전본부,1,2022-01-04 17:00,SOx,2.87
한국중부발전(주)신서천발전본부,1,2022-01-04 17:00,NOx,5.5
한국중부발전(주)신서천발전본부,1,2022-01-04 17:30,TSP,1.07
한국중부발전(주)신서천발전본부,1,2022-01-04 17:30,SOx,3.36
한국중부발전(주)신서천발전본부,1,2022-01-04 17:30,NOx,6.24
한국중부발전(주)신서천발전본부,1,2022-01-04 18:00,TSP,1.07
한국중부발전(주)신서천발전본부,1,2022-01-04 18:00,SOx,3.06
한국중부발전(주)신서천발전본부,1,2022-01-04 18:00,NOx,5.42
한국중부발전(주)신서천발전본부,1,2022-01-04 18:30,TSP,1.07
한국중부발전(주)신서천발전본부,1,2022-01-04 18:30,SOx,2.78
한국중부발전(주)신서천발전본부,1,2022-01-04 18:30,NOx,5.91
한국중부발전(주)신서천발전본부,1,2022-01-04 19:00,TSP,1.07
한국중부발전(주)신서천발전본부,1,2022-01-04 19:00,SOx,3.26
한국중부발전(주)신서천발전본부,1,2022-01-04 19:00,NOx,5.19
한국중부발전(주)신서천발전본부,1,2022-01-04 19:30,TSP,1.08
한국중부발전(주)신서천발전본부,1,2022-01-04 19:30,SOx,3.26
한국중부발전(주)신서천발전본부,1,2022-01-04 19:30,NOx,5.53
한국중부발전(주)신서천발전본부,1,2022-01-04 20:00,TSP,1.07
한국중부발전(주)신서천발전본부,1,2022-01-04 20:00,SOx,3.07
한국중부발전(주)신서천발전본부,1,2022-01-04 20:00,NOx,5.14
한국중부발전(주)신서천발전본부,1,2022-01-04 20:30,TSP,1.07
한국중부발전(주)신서천발전본부,1,2022-01-04 20:30,SOx,3.28
한국중부발전(주)신서천발전본부,1,2022-01-04 20:30,NOx,5.43
한국중부발전(주)신서천발전본부,1,2022-01-04 21:00,TSP,1.09
한국중부발전(주)신서천발전본부,1,2022-01-04 21:00,SOx,3.33
한국중부발전(주)신서천발전본부,1,2022-01-04 21:00,NOx,4.85
한국중부발전(주)신서천발전본부,1,2022-01-04 21:30,TSP,1.08
한국중부발전(주)신서천발전본부,1,2022-01-04 21:30,SOx,3.23
한국중부발전(주)신서천발전본부,1,2022-01-04 21:30,NOx,5.42
한국중부발전(주)신서천발전본부,1,2022-01-04 22:00,TSP,1.07
한국중부발전(주)신서천발전본부,1,2022-01-04 22:00,SOx,2.98
한국중부발전(주)신서천발전본부,1,2022-01-04 22:00,NOx,5.14
한국중부발전(주)신서천발전본부,1,2022-01-04 22:30,TSP,1.07
한국중부발전(주)신서천발전본부,1,2022-01-04 22:30,SOx,3.27
한국중부발전(주)신서천발전본부,1,2022-01-04 22:30,NOx,5.17
한국중부발전(주)신서천발전본부,1,2022-01-04 23:00,TSP,1.12
한국중부발전(주)신서천발전본부,1,2022-01-04 23:00,SOx,3.29
한국중부발전(주)신서천발전본부,1,2022-01-04 23:00,NOx,4.9
한국중부발전(주)신서천발전본부,1,2022-01-04 23:30,TSP,1.11
한국중부발전(주)신서천발전본부,1,2022-01-04 23:30,SOx,2.89
한국중부발전(주)신서천발전본부,1,2022-01-04 23:30,NOx,5.55
한국중부발전(주)신서천발전본부,1,2022-01-05 00:00,TSP,1.1
한국중부발전(주)신서천발전본부,1,2022-01-05 00:00,SOx,3.1
한국중부발전(주)신서천발전본부,1,2022-01-05 00:00,NOx,5.21
한국중부발전(주)신서천발전본부,1,2022-01-05 00:30,TSP,1.1
한국중부발전(주)신서천발전본부,1,2022-01-05 00:30,SOx,3.13
한국중부발전(주)신서천발전본부,1,2022-01-05 00:30,NOx,5.34
한국중부발전(주)신서천발전본부,1,2022-01-05 01:00,TSP,1.11
한국중부발전(주)신서천발전본부,1,2022-01-05 01:00,SOx,3.05
한국중부발전(주)신서천발전본부,1,2022-01-05 01:00,NOx,5.47
한국중부발전(주)신서천발전본부,1,2022-01-05 01:30,TSP,1.11
한국중부발전(주)신서천발전본부,1,2022-01-05 01:30,SOx,3.07
한국중부발전(주)신서천발전본부,1,2022-01-05 01:30,NOx,5.62
한국중부발전(주)신서천발전본부,1,2022-01-05 02:00,TSP,1.11
한국중부발전(주)신서천발전본부,1,2022-01-05 02:00,SOx,3.49
한국중부발전(주)신서천발전본부,1,2022-01-05 02:00,NOx,5.9
한국중부발전(주)신서천발전본부,1,2022-01-05 02:30,TSP,1.11
한국중부발전(주)신서천발전본부,1,2022-01-05 02:30,SOx,3.48
한국중부발전(주)신서천발전본부,1,2022-01-05 02:30,NOx,5.77
한국중부발전(주)신서천발전본부,1,2022-01-05 03:00,TSP,1.1
한국중부발전(주)신서천발전본부,1,2022-01-05 03:00,SOx,3.43
한국중부발전(주)신서천발전본부,1,2022-01-05 03:00,NOx,5.95
한국중부발전(주)신서천발전본부,1,2022-01-05 03:30,TSP,1.09
한국중부발전(주)신서천발전본부,1,2022-01-05 03:30,SOx,3.68
한국중부발전(주)신서천발전본부,1,2022-01-05 03:30,NOx,5.42
한국중부발전(주)신서천발전본부,1,2022-01-05 04:00,TSP,1.1
한국중부발전(주)신서천발전본부,1,2022-01-05 04:00,SOx,3.61
한국중부발전(주)신서천발전본부,1,2022-01-05 04:00,NOx,6.18
한국중부발전(주)신서천발전본부,1,2022-01-05 04:30,TSP,1.1
한국중부발전(주)신서천발전본부,1,2022-01-05 04:30,SOx,3.38
한국중부발전(주)신서천발전본부,1,2022-01-05 04:30,NOx,5.47
한국중부발전(주)신서천발전본부,1,2022-01-05 05:00,TSP,1.1
한국중부발전(주)신서천발전본부,1,2022-01-05 05:00,SOx,3.52
한국중부발전(주)신서천발전본부,1,2022-01-05 05:00,NOx,5.67
한국중부발전(주)신서천발전본부,1,2022-01-05 05:30,TSP,1.11
한국중부발전(주)신서천발전본부,1,2022-01-05 05:30,SOx,3.45
한국중부발전(주)신서천발전본부,1,2022-01-05 05:30,NOx,5.65
한국중부발전(주)신서천발전본부,1,2022-01-05 06:00,TSP,1.12
한국중부발전(주)신서천발전본부,1,2022-01-05 06:00,SOx,3.37
한국중부발전(주)신서천발전본부,1,2022-01-05 06:00,NOx,5.21
한국중부발전(주)신서천발전본부,1,2022-01-05 06:30,TSP,1.11
한국중부발전(주)신서천발전본부,1,2022-01-05 06:30,SOx,3.31
한국중부발전(주)신서천발전본부,1,2022-01-05 06:30,NOx,5.53
한국중부발전(주)신서천발전본부,1,2022-01-05 07:00,TSP,1.11
한국중부발전(주)신서천발전본부,1,2022-01-05 07:00,SOx,3.26
한국중부발전(주)신서천발전본부,1,2022-01-05 07:00,NOx,5.43
한국중부발전(주)신서천발전본부,1,2022-01-05 07:30,TSP,1.11
한국중부발전(주)신서천발전본부,1,2022-01-05 07:30,SOx,3.17
한국중부발전(주)신서천발전본부,1,2022-01-05 07:30,NOx,5.44
한국중부발전(주)신서천발전본부,1,2022-01-05 08:00,TSP,1.12
한국중부발전(주)신서천발전본부,1,2022-01-05 08:00,SOx,3.19
한국중부발전(주)신서천발전본부,1,2022-01-05 08:00,NOx,5.74
한국중부발전(주)신서천발전본부,1,2022-01-05 08:30,TSP,1.14
한국중부발전(주)신서천발전본부,1,2022-01-05 08:30,SOx,3.25
한국중부발전(주)신서천발전본부,1,2022-01-05 08:30,NOx,5.48
한국중부발전(주)신서천발전본부,1,2022-01-05 09:00,TSP,1.13
한국중부발전(주)신서천발전본부,1,2022-01-05 09:00,SOx,2.79
한국중부발전(주)신서천발전본부,1,2022-01-05 09:00,NOx,5.54
한국중부발전(주)신서천발전본부,1,2022-01-05 09:30,TSP,1.13
한국중부발전(주)신서천발전본부,1,2022-01-05 09:30,SOx,2.91
한국중부발전(주)신서천발전본부,1,2022-01-05 09:30,NOx,5.53
한국중부발전(주)신서천발전본부,1,2022-01-05 10:00,TSP,1.13
한국중부발전(주)신서천발전본부,1,2022-01-05 10:00,SOx,3.14
한국중부발전(주)신서천발전본부,1,2022-01-05 10:00,NOx,5.84
한국중부발전(주)신서천발전본부,1,2022-01-05 10:30,TSP,1.13
한국중부발전(주)신서천발전본부,1,2022-01-05 10:30,SOx,3.24
한국중부발전(주)신서천발전본부,1,2022-01-05 10:30,NOx,5.8
한국중부발전(주)신서천발전본부,1,2022-01-05 11:00,TSP,1.12
한국중부발전(주)신서천발전본부,1,2022-01-05 11:00,SOx,3.03
한국중부발전(주)신서천발전본부,1,2022-01-05 11:00,NOx,6.1
한국중부발전(주)신서천발전본부,1,2022-01-05 11:30,TSP,1.11
한국중부발전(주)신서천발전본부,1,2022-01-05 11:30,SOx,3.22
한국중부발전(주)신서천발전본부,1,2022-01-05 11:30,NOx,6.06
한국중부발전(주)신서천발전본부,1,2022-01-05 12:00,TSP,1.13
한국중부발전(주)신서천발전본부,1,2022-01-05 12:00,SOx,3.46
한국중부발전(주)신서천발전본부,1,2022-01-05 12:00,NOx,5.8
한국중부발전(주)신서천발전본부,1,2022-01-05 12:30,TSP,1.17
한국중부발전(주)신서천발전본부,1,2022-01-05 12:30,SOx,3.34
한국중부발전(주)신서천발전본부,1,2022-01-05 12:30,NOx,5.34
한국중부발전(주)신서천발전본부,1,2022-01-05 13:00,TSP,1.15
한국중부발전(주)신서천발전본부,1,2022-01-05 13:00,SOx,3.36
한국중부발전(주)신서천발전본부,1,2022-01-05 13:00,NOx,5.71
한국중부발전(주)신서천발전본부,1,2022-01-05 13:30,TSP,1.17
한국중부발전(주)신서천발전본부,1,2022-01-05 13:30,SOx,3.64
한국중부발전(주)신서천발전본부,1,2022-01-05 13:30,NOx,5.4
한국중부발전(주)신서천발전본부,1,2022-01-05 14:00,TSP,1.18
한국중부발전(주)신서천발전본부,1,2022-01-05 14:00,SOx,3.67
한국중부발전(주)신서천발전본부,1,2022-01-05 14:00,NOx,5.32
한국중부발전(주)신서천발전본부,1,2022-01-05 14:30,TSP,1.17
한국중부발전(주)신서천발전본부,1,2022-01-05 14:30,SOx,3.57
한국중부발전(주)신서천발전본부,1,2022-01-05 14:30,NOx,5.84
한국중부발전(주)신서천발전본부,1,2022-01-05 15:00,TSP,1.17
한국중부발전(주)신서천발전본부,1,2022-01-05 15:00,SOx,3.61
한국중부발전(주)신서천발전본부,1,2022-01-05 15:00,NOx,5.35
한국중부발전(주)신서천발전본부,1,2022-01-05 15:30,TSP,1.18
한국중부발전(주)신서천발전본부,1,2022-01-05 15:30,SOx,3.61
한국중부발전(주)신서천발전본부,1,2022-01-05 15:30,NOx,5.4
한국중부발전(주)신서천발전본부,1,2022-01-05 16:00,TSP,1.17
한국중부발전(주)신서천발전본부,1,2022-01-05 16:00,SOx,3.65
한국중부발전(주)신서천발전본부,1,2022-01-05 16:00,NOx,5.75
한국중부발전(주)신서천발전본부,1,2022-01-05 16:30,TSP,1.18
한국중부발전(주)신서천발전본부,1,2022-01-05 16:30,SOx,3.59
한국중부발전(주)신서천발전본부,1,2022-01-05 16:30,NOx,5.55
한국중부발전(주)신서천발전본부,1,2022-01-05 17:00,TSP,1.18
한국중부발전(주)신서천발전본부,1,2022-01-05 17:00,SOx,3.53
한국중부발전(주)신서천발전본부,1,2022-01-05 17:00,NOx,5.9
한국중부발전(주)신서천발전본부,1,2022-01-05 17:30,TSP,1.17
한국중부발전(주)신서천발전본부,1,2022-01-05 17:30,SOx,3.43
한국중부발전(주)신서천발전본부,1,2022-01-05 17:30,NOx,5.48
한국중부발전(주)신서천발전본부,1,2022-01-05 18:00,TSP,1.18
한국중부발전(주)신서천발전본부,1,2022-01-05 18:00,SOx,3.63
한국중부발전(주)신서천발전본부,1,2022-01-05 18:00,NOx,5.37
한국중부발전(주)신서천발전본부,1,2022-01-05 18:30,TSP,1.15
한국중부발전(주)신서천발전본부,1,2022-01-05 18:30,SOx,3.77
한국중부발전(주)신서천발전본부,1,2022-01-05 18:30,NOx,5.5
한국중부발전(주)신서천발전본부,1,2022-01-05 19:00,TSP,1.17
한국중부발전(주)신서천발전본부,1,2022-01-05 19:00,SOx,3.91
한국중부발전(주)신서천발전본부,1,2022-01-05 19:00,NOx,5.39
한국중부발전(주)신서천발전본부,1,2022-01-05 19:30,TSP,1.19
한국중부발전(주)신서천발전본부,1,2022-01-05 19:30,SOx,4.06
한국중부발전(주)신서천발전본부,1,2022-01-05 19:30,NOx,5.05
한국중부발전(주)신서천발전본부,1,2022-01-05 20:00,TSP,1.19
한국중부발전(주)신서천발전본부,1,2022-01-05 20:00,SOx,4.15
한국중부발전(주)신서천발전본부,1,2022-01-05 20:00,NOx,5.32
한국중부발전(주)신서천발전본부,1,2022-01-05 20:30,TSP,1.16
한국중부발전(주)신서천발전본부,1,2022-01-05 20:30,SOx,4.0
한국중부발전(주)신서천발전본부,1,2022-01-05 20:30,NOx,4.83
한국중부발전(주)신서천발전본부,1,2022-01-05 21:00,TSP,1.17
한국중부발전(주)신서천발전본부,1,2022-01-05 21:00,SOx,4.11
한국중부발전(주)신서천발전본부,1,2022-01-05 21:00,NOx,5.46
한국중부발전(주)신서천발전본부,1,2022-01-05 21:30,TSP,1.19
한국중부발전(주)신서천발전본부,1,2022-01-05 21:30,SOx,3.88
한국중부발전(주)신서천발전본부,1,2022-01-05 21:30,NOx,5.07
한국중부발전(주)신서천발전본부,1,2022-01-05 22:00,TSP,1.17
한국중부발전(주)신서천발전본부,1,2022-01-05 22:00,SOx,4.02
한국중부발전(주)신서천발전본부,1,2022-01-05 22:00,NOx,5.34
한국중부발전(주)신서천발전본부,1,2022-01-05 22:30,TSP,1.17
한국중부발전(주)신서천발전본부,1,2022-01-05 22:30,SOx,3.91
한국중부발전(주)신서천발전본부,1,2022-01-05 22:30,NOx,4.82
한국중부발전(주)신서천발전본부,1,2022-01-05 23:00,TSP,1.15
한국중부발전(주)신서천발전본부,1,2022-01-05 23:00,SOx,3.97
한국중부발전(주)신서천발전본부,1,2022-01-05 23:00,NOx,5.19
한국중부발전(주)신서천발전본부,1,2022-01-05 23:30,TSP,1.14
한국중부발전(주)신서천발전본부,1,2022-01-05 23:30,SOx,3.78
한국중부발전(주)신서천발전본부,1,2022-01-05 23:30,NOx,5.25
한국중부발전(주)신서천발전본부,1,2022-01-06 00:00,TSP,1.15
한국중부발전(주)신서천발전본부,1,2022-01-06 00:00,SOx,3.69
한국중부발전(주)신서천발전본부,1,2022-01-06 00:00,NOx,5.72
한국중부발전(주)신서천발전본부,1,2022-01-06 00:30,TSP,1.14
한국중부발전(주)신서천발전본부,1,2022-01-06 00:30,SOx,3.84
한국중부발전(주)신서천발전본부,1,2022-01-06 00:30,NOx,4.87
한국중부발전(주)신서천발전본부,1,2022-01-06 01:00,TSP,1.13
한국중부발전(주)신서천발전본부,1,2022-01-06 01:00,SOx,3.83
한국중부발전(주)신서천발전본부,1,2022-01-06 01:00,NOx,5.63
한국중부발전(주)신서천발전본부,1,2022-01-06 01:30,TSP,1.13
한국중부발전(주)신서천발전본부,1,2022-01-06 01:30,SOx,3.76
한국중부발전(주)신서천발전본부,1,2022-01-06 01:30,NOx,5.32
한국중부발전(주)신서천발전본부,1,2022-01-06 02:00,TSP,1.12
한국중부발전(주)신서천발전본부,1,2022-01-06 02:00,SOx,3.72
한국중부발전(주)신서천발전본부,1,2022-01-06 02:00,NOx,5.43
한국중부발전(주)신서천발전본부,1,2022-01-06 02:30,TSP,1.11
한국중부발전(주)신서천발전본부,1,2022-01-06 02:30,SOx,3.85
한국중부발전(주)신서천발전본부,1,2022-01-06 02:30,NOx,5.43
한국중부발전(주)신서천발전본부,1,2022-01-06 03:00,TSP,1.11
한국중부발전(주)신서천발전본부,1,2022-01-06 03:00,SOx,4.05
한국중부발전(주)신서천발전본부,1,2022-01-06 03:00,NOx,5.24
한국중부발전(주)신서천발전본부,1,2022-01-06 03:30,TSP,1.11
한국중부발전(주)신서천발전본부,1,2022-01-06 03:30,SOx,4.03
한국중부발전(주)신서천발전본부,1,2022-01-06 03:30,NOx,5.04
한국중부발전(주)신서천발전본부,1,2022-01-06 04:00,TSP,1.13
한국중부발전(주)신서천발전본부,1,2022-01-06 04:00,SOx,3.99
한국중부발전(주)신서천발전본부,1,2022-01-06 04:00,NOx,5.56
한국중부발전(주)신서천발전본부,1,2022-01-06 04:30,TSP,1.13
한국중부발전(주)신서천발전본부,1,2022-01-06 04:30,SOx,4.11
한국중부발전(주)신서천발전본부,1,2022-01-06 04:30,NOx,5.67
한국중부발전(주)신서천발전본부,1,2022-01-06 05:00,TSP,1.14
한국중부발전(주)신서천발전본부,1,2022-01-06 05:00,SOx,3.96
한국중부발전(주)신서천발전본부,1,2022-01-06 05:00,NOx,5.64
한국중부발전(주)신서천발전본부,1,2022-01-06 05:30,TSP,1.16
한국중부발전(주)신서천발전본부,1,2022-01-06 05:30,SOx,3.88
한국중부발전(주)신서천발전본부,1,2022-01-06 05:30,NOx,5.14
한국중부발전(주)신서천발전본부,1,2022-01-06 06:00,TSP,1.16
한국중부발전(주)신서천발전본부,1,2022-01-06 06:00,SOx,3.84
한국중부발전(주)신서천발전본부,1,2022-01-06 06:00,NOx,5.29
한국중부발전(주)신서천발전본부,1,2022-01-06 06:30,TSP,1.14
한국중부발전(주)신서천발전본부,1,2022-01-06 06:30,SOx,3.94
한국중부발전(주)신서천발전본부,1,2022-01-06 06:30,NOx,5.23
한국중부발전(주)신서천발전본부,1,2022-01-06 07:00,TSP,1.15
한국중부발전(주)신서천발전본부,1,2022-01-06 07:00,SOx,4.03
한국중부발전(주)신서천발전본부,1,2022-01-06 07:00,NOx,5.16
한국중부발전(주)신서천발전본부,1,2022-01-06 07:30,TSP,1.14
한국중부발전(주)신서천발전본부,1,2022-01-06 07:30,SOx,3.93
한국중부발전(주)신서천발전본부,1,2022-01-06 07:30,NOx,5.15
한국중부발전(주)신서천발전본부,1,2022-01-06 08:00,TSP,1.15
한국중부발전(주)신서천발전본부,1,2022-01-06 08:00,SOx,3.81
한국중부발전(주)신서천발전본부,1,2022-01-06 08:00,NOx,5.37
한국중부발전(주)신서천발전본부,1,2022-01-06 08:30,TSP,1.16
한국중부발전(주)신서천발전본부,1,2022-01-06 08:30,SOx,3.94
한국중부발전(주)신서천발전본부,1,2022-01-06 08:30,NOx,5.16
한국중부발전(주)신서천발전본부,1,2022-01-06 09:00,TSP,1.17
한국중부발전(주)신서천발전본부,1,2022-01-06 09:00,SOx,3.73
한국중부발전(주)신서천발전본부,1,2022-01-06 09:00,NOx,5.34
한국중부발전(주)신서천발전본부,1,2022-01-06 09:30,TSP,1.17
한국중부발전(주)신서천발전본부,1,2022-01-06 09:30,SOx,3.78
한국중부발전(주)신서천발전본부,1,2022-01-06 09:30,NOx,4.91
한국중부발전(주)신서천발전본부,1,2022-01-06 10:00,TSP,1.17
한국중부발전(주)신서천발전본부,1,2022-01-06 10:00,SOx,3.25
한국중부발전(주)신서천발전본부,1,2022-01-06 10:00,NOx,5.05
한국중부발전(주)신서천발전본부,1,2022-01-06 10:30,TSP,1.17
한국중부발전(주)신서천발전본부,1,2022-01-06 10:30,SOx,3.07
한국중부발전(주)신서천발전본부,1,2022-01-06 10:30,NOx,6.46
한국중부발전(주)신서천발전본부,1,2022-01-06 11:00,TSP,1.12
한국중부발전(주)신서천발전본부,1,2022-01-06 11:00,SOx,3.17
한국중부발전(주)신서천발전본부,1,2022-01-06 11:00,NOx,4.68
한국중부발전(주)신서천발전본부,1,2022-01-06 11:30,TSP,1.11
한국중부발전(주)신서천발전본부,1,2022-01-06 11:30,SOx,3.06
한국중부발전(주)신서천발전본부,1,2022-01-06 11:30,NOx,4.82
한국중부발전(주)신서천발전본부,1,2022-01-06 12:00,TSP,1.16
한국중부발전(주)신서천발전본부,1,2022-01-06 12:00,SOx,3.1
한국중부발전(주)신서천발전본부,1,2022-01-06 12:00,NOx,3.86
한국중부발전(주)신서천발전본부,1,2022-01-06 12:30,TSP,1.16
한국중부발전(주)신서천발전본부,1,2022-01-06 12:30,SOx,3.17
한국중부발전(주)신서천발전본부,1,2022-01-06 12:30,NOx,5.05
한국중부발전(주)신서천발전본부,1,2022-01-06 13:00,TSP,1.17
한국중부발전(주)신서천발전본부,1,2022-01-06 13:00,SOx,3.23
한국중부발전(주)신서천발전본부,1,2022-01-06 13:00,NOx,3.97
한국중부발전(주)신서천발전본부,1,2022-01-06 13:30,TSP,1.14
한국중부발전(주)신서천발전본부,1,2022-01-06 13:30,SOx,2.96
한국중부발전(주)신서천발전본부,1,2022-01-06 13:30,NOx,5.04
한국중부발전(주)신서천발전본부,1,2022-01-06 14:00,TSP,1.14
한국중부발전(주)신서천발전본부,1,2022-01-06 14:00,SOx,3.17
한국중부발전(주)신서천발전본부,1,2022-01-06 14:00,NOx,5.6
한국중부발전(주)신서천발전본부,1,2022-01-06 14:30,TSP,1.18
한국중부발전(주)신서천발전본부,1,2022-01-06 14:30,SOx,3.8
한국중부발전(주)신서천발전본부,1,2022-01-06 14:30,NOx,3.44
한국중부발전(주)신서천발전본부,1,2022-01-06 15:00,TSP,1.11
한국중부발전(주)신서천발전본부,1,2022-01-06 15:00,SOx,3.79
한국중부발전(주)신서천발전본부,1,2022-01-06 15:00,NOx,4.48
한국중부발전(주)신서천발전본부,1,2022-01-06 15:30,TSP,1.13
한국중부발전(주)신서천발전본부,1,2022-01-06 15:30,SOx,4.15
한국중부발전(주)신서천발전본부,1,2022-01-06 15:30,NOx,5.27
한국중부발전(주)신서천발전본부,1,2022-01-06 16:00,TSP,1.1
한국중부발전(주)신서천발전본부,1,2022-01-06 16:00,SOx,4.36
한국중부발전(주)신서천발전본부,1,2022-01-06 16:00,NOx,6.06
한국중부발전(주)신서천발전본부,1,2022-01-06 16:30,TSP,1.13
한국중부발전(주)신서천발전본부,1,2022-01-06 16:30,SOx,4.18
한국중부발전(주)신서천발전본부,1,2022-01-06 16:30,NOx,6.1
한국중부발전(주)신서천발전본부,1,2022-01-06 17:00,TSP,1.15
한국중부발전(주)신서천발전본부,1,2022-01-06 17:00,SOx,3.85
한국중부발전(주)신서천발전본부,1,2022-01-06 17:00,NOx,5.27
한국중부발전(주)신서천발전본부,1,2022-01-06 17:30,TSP,1.14
한국중부발전(주)신서천발전본부,1,2022-01-06 17:30,SOx,3.93
한국중부발전(주)신서천발전본부,1,2022-01-06 17:30,NOx,5.24
한국중부발전(주)신서천발전본부,1,2022-01-06 18:00,TSP,1.13
한국중부발전(주)신서천발전본부,1,2022-01-06 18:00,SOx,3.98
한국중부발전(주)신서천발전본부,1,2022-01-06 18:00,NOx,5.81
한국중부발전(주)신서천발전본부,1,2022-01-06 18:30,TSP,1.12
한국중부발전(주)신서천발전본부,1,2022-01-06 18:30,SOx,3.95
한국중부발전(주)신서천발전본부,1,2022-01-06 18:30,NOx,5.42
한국중부발전(주)신서천발전본부,1,2022-01-06 19:00,TSP,1.11
한국중부발전(주)신서천발전본부,1,2022-01-06 19:00,SOx,4.0
한국중부발전(주)신서천발전본부,1,2022-01-06 19:00,NOx,5.57
한국중부발전(주)신서천발전본부,1,2022-01-06 19:30,TSP,1.12
한국중부발전(주)신서천발전본부,1,2022-01-06 19:30,SOx,4.06
한국중부발전(주)신서천발전본부,1,2022-01-06 19:30,NOx,5.39
한국중부발전(주)신서천발전본부,1,2022-01-06 20:00,TSP,1.11
한국중부발전(주)신서천발전본부,1,2022-01-06 20:00,SOx,4.09
한국중부발전(주)신서천발전본부,1,2022-01-06 20:00,NOx,5.88
한국중부발전(주)신서천발전본부,1,2022-01-06 20:30,TSP,1.11
한국중부발전(주)신서천발전본부,1,2022-01-06 20:30,SOx,4.07
한국중부발전(주)신서천발전본부,1,2022-01-06 20:30,NOx,5.55
한국중부발전(주)신서천발전본부,1,2022-01-06 21:00,TSP,1.08
한국중부발전(주)신서천발전본부,1,2022-01-06 21:00,SOx,3.95
한국중부발전(주)신서천발전본부,1,2022-01-06 21:00,NOx,6.04
한국중부발전(주)신서천발전본부,1,2022-01-06 21:30,TSP,1.09
한국중부발전(주)신서천발전본부,1,2022-01-06 21:30,SOx,4.02
한국중부발전(주)신서천발전본부,1,2022-01-06 21:30,NOx,5.8
한국중부발전(주)신서천발전본부,1,2022-01-06 22:00,TSP,1.1
한국중부발전(주)신서천발전본부,1,2022-01-06 22:00,SOx,3.92
한국중부발전(주)신서천발전본부,1,2022-01-06 22:00,NOx,6.1
한국중부발전(주)신서천발전본부,1,2022-01-06 22:30,TSP,1.1
한국중부발전(주)신서천발전본부,1,2022-01-06 22:30,SOx,3.85
한국중부발전(주)신서천발전본부,1,2022-01-06 22:30,NOx,6.3
한국중부발전(주)신서천발전본부,1,2022-01-06 23:00,TSP,1.13
한국중부발전(주)신서천발전본부,1,2022-01-06 23:00,SOx,3.87
한국중부발전(주)신서천발전본부,1,2022-01-06 23:00,NOx,5.73
한국중부발전(주)신서천발전본부,1,2022-01-06 23:30,TSP,1.12
한국중부발전(주)신서천발전본부,1,2022-01-06 23:30,SOx,3.7
한국중부발전(주)신서천발전본부,1,2022-01-06 23:30,NOx,6.28
한국중부발전(주)신서천발전본부,1,2022-01-07 00:00,TSP,1.12
한국중부발전(주)신서천발전본부,1,2022-01-07 00:00,SOx,3.78
한국중부발전(주)신서천발전본부,1,2022-01-07 00:00,NOx,5.86
한국중부발전(주)신서천발전본부,1,2022-01-07 00:30,TSP,1.13
한국중부발전(주)신서천발전본부,1,2022-01-07 00:30,SOx,3.71
한국중부발전(주)신서천발전본부,1,2022-01-07 00:30,NOx,5.77
한국중부발전(주)신서천발전본부,1,2022-01-07 01:00,TSP,1.13
한국중부발전(주)신서천발전본부,1,2022-01-07 01:00,SOx,3.69
한국중부발전(주)신서천발전본부,1,2022-01-07 01:00,NOx,5.86
한국중부발전(주)신서천발전본부,1,2022-01-07 01:30,TSP,1.15
한국중부발전(주)신서천발전본부,1,2022-01-07 01:30,SOx,3.71
한국중부발전(주)신서천발전본부,1,2022-01-07 01:30,NOx,5.83
한국중부발전(주)신서천발전본부,1,2022-01-07 02:00,TSP,1.14
한국중부발전(주)신서천발전본부,1,2022-01-07 02:00,SOx,3.73
한국중부발전(주)신서천발전본부,1,2022-01-07 02:00,NOx,5.51
한국중부발전(주)신서천발전본부,1,2022-01-07 02:30,TSP,1.13
한국중부발전(주)신서천발전본부,1,2022-01-07 02:30,SOx,3.76
한국중부발전(주)신서천발전본부,1,2022-01-07 02:30,NOx,5.96
한국중부발전(주)신서천발전본부,1,2022-01-07 03:00,TSP,1.13
한국중부발전(주)신서천발전본부,1,2022-01-07 03:00,SOx,3.84
한국중부발전(주)신서천발전본부,1,2022-01-07 03:00,NOx,5.8
한국중부발전(주)신서천발전본부,1,2022-01-07 03:30,TSP,1.14
한국중부발전(주)신서천발전본부,1,2022-01-07 03:30,SOx,3.89
한국중부발전(주)신서천발전본부,1,2022-01-07 03:30,NOx,5.9
한국중부발전(주)신서천발전본부,1,2022-01-07 04:00,TSP,1.15
한국중부발전(주)신서천발전본부,1,2022-01-07 04:00,SOx,3.94
한국중부발전(주)신서천발전본부,1,2022-01-07 04:00,NOx,6.17
한국중부발전(주)신서천발전본부,1,2022-01-07 04:30,TSP,1.16
한국중부발전(주)신서천발전본부,1,2022-01-07 04:30,SOx,3.78
한국중부발전(주)신서천발전본부,1,2022-01-07 04:30,NOx,5.97
한국중부발전(주)신서천발전본부,1,2022-01-07 05:00,TSP,1.17
한국중부발전(주)신서천발전본부,1,2022-01-07 05:00,SOx,3.78
한국중부발전(주)신서천발전본부,1,2022-01-07 05:00,NOx,5.94
한국중부발전(주)신서천발전본부,1,2022-01-07 05:30,TSP,1.17
한국중부발전(주)신서천발전본부,1,2022-01-07 05:30,SOx,3.71
한국중부발전(주)신서천발전본부,1,2022-01-07 05:30,NOx,6.31
한국중부발전(주)신서천발전본부,1,2022-01-07 06:00,TSP,1.17
한국중부발전(주)신서천발전본부,1,2022-01-07 06:00,SOx,3.54
한국중부발전(주)신서천발전본부,1,2022-01-07 06:00,NOx,5.88
한국중부발전(주)신서천발전본부,1,2022-01-07 06:30,TSP,1.19
한국중부발전(주)신서천발전본부,1,2022-01-07 06:30,SOx,3.59
한국중부발전(주)신서천발전본부,1,2022-01-07 06:30,NOx,5.66
한국중부발전(주)신서천발전본부,1,2022-01-07 07:00,TSP,1.21
한국중부발전(주)신서천발전본부,1,2022-01-07 07:00,SOx,3.45
한국중부발전(주)신서천발전본부,1,2022-01-07 07:00,NOx,5.85
한국중부발전(주)신서천발전본부,1,2022-01-07 07:30,TSP,1.19
한국중부발전(주)신서천발전본부,1,2022-01-07 07:30,SOx,3.38
한국중부발전(주)신서천발전본부,1,2022-01-07 07:30,NOx,6.1
한국중부발전(주)신서천발전본부,1,2022-01-07 08:00,TSP,1.18
한국중부발전(주)신서천발전본부,1,2022-01-07 08:00,SOx,3.33
한국중부발전(주)신서천발전본부,1,2022-01-07 08:00,NOx,6.08
한국중부발전(주)신서천발전본부,1,2022-01-07 08:30,TSP,1.18
한국중부발전(주)신서천발전본부,1,2022-01-07 08:30,SOx,3.24
한국중부발전(주)신서천발전본부,1,2022-01-07 08:30,NOx,5.94
한국중부발전(주)신서천발전본부,1,2022-01-07 09:00,TSP,1.2
한국중부발전(주)신서천발전본부,1,2022-01-07 09:00,SOx,3.28
한국중부발전(주)신서천발전본부,1,2022-01-07 09:00,NOx,6.49
한국중부발전(주)신서천발전본부,1,2022-01-07 09:30,TSP,1.24
한국중부발전(주)신서천발전본부,1,2022-01-07 09:30,SOx,3.07
한국중부발전(주)신서천발전본부,1,2022-01-07 09:30,NOx,7.69
한국중부발전(주)신서천발전본부,1,2022-01-07 10:00,TSP,1.29
한국중부발전(주)신서천발전본부,1,2022-01-07 10:00,SOx,3.32
한국중부발전(주)신서천발전본부,1,2022-01-07 10:00,NOx,7.13
한국중부발전(주)신서천발전본부,1,2022-01-07 10:30,TSP,1.29
한국중부발전(주)신서천발전본부,1,2022-01-07 10:30,SOx,2.94
한국중부발전(주)신서천발전본부,1,2022-01-07 10:30,NOx,6.99
한국중부발전(주)신서천발전본부,1,2022-01-07 11:00,TSP,1.22
한국중부발전(주)신서천발전본부,1,2022-01-07 11:00,SOx,2.89
한국중부발전(주)신서천발전본부,1,2022-01-07 11:00,NOx,6.58
한국중부발전(주)신서천발전본부,1,2022-01-07 11:30,TSP,1.23
한국중부발전(주)신서천발전본부,1,2022-01-07 11:30,SOx,2.91
한국중부발전(주)신서천발전본부,1,2022-01-07 11:30,NOx,6.82
한국중부발전(주)신서천발전본부,1,2022-01-07 12:00,TSP,1.26
한국중부발전(주)신서천발전본부,1,2022-01-07 12:00,SOx,2.84
한국중부발전(주)신서천발전본부,1,2022-01-07 12:00,NOx,6.89
한국중부발전(주)신서천발전본부,1,2022-01-07 12:30,TSP,1.22
한국중부발전(주)신서천발전본부,1,2022-01-07 12:30,SOx,3.16
한국중부발전(주)신서천발전본부,1,2022-01-07 12:30,NOx,6.88
한국중부발전(주)신서천발전본부,1,2022-01-07 13:00,TSP,1.29
한국중부발전(주)신서천발전본부,1,2022-01-07 13:00,SOx,3.11
한국중부발전(주)신서천발전본부,1,2022-01-07 13:00,NOx,6.43
한국중부발전(주)신서천발전본부,1,2022-01-07 13:30,TSP,1.26
한국중부발전(주)신서천발전본부,1,2022-01-07 13:30,SOx,3.05
한국중부발전(주)신서천발전본부,1,2022-01-07 13:30,NOx,8.74
한국중부발전(주)신서천발전본부,1,2022-01-07 14:00,TSP,1.32
한국중부발전(주)신서천발전본부,1,2022-01-07 14:00,SOx,3.84
한국중부발전(주)신서천발전본부,1,2022-01-07 14:00,NOx,7.1
한국중부발전(주)신서천발전본부,1,2022-01-07 14:30,TSP,1.32
한국중부발전(주)신서천발전본부,1,2022-01-07 14:30,SOx,3.47
한국중부발전(주)신서천발전본부,1,2022-01-07 14:30,NOx,7.78
한국중부발전(주)신서천발전본부,1,2022-01-07 15:00,TSP,1.27
한국중부발전(주)신서천발전본부,1,2022-01-07 15:00,SOx,3.28
한국중부발전(주)신서천발전본부,1,2022-01-07 15:00,NOx,8.51
한국중부발전(주)신서천발전본부,1,2022-01-07 15:30,TSP,1.29
한국중부발전(주)신서천발전본부,1,2022-01-07 15:30,SOx,3.83
한국중부발전(주)신서천발전본부,1,2022-01-07 15:30,NOx,8.29
한국중부발전(주)신서천발전본부,1,2022-01-07 16:00,TSP,1.25
한국중부발전(주)신서천발전본부,1,2022-01-07 16:00,SOx,3.45
한국중부발전(주)신서천발전본부,1,2022-01-07 16:00,NOx,8.53
한국중부발전(주)신서천발전본부,1,2022-01-07 16:30,TSP,1.26
한국중부발전(주)신서천발전본부,1,2022-01-07 16:30,SOx,3.36
한국중부발전(주)신서천발전본부,1,2022-01-07 16:30,NOx,8.17
한국중부발전(주)신서천발전본부,1,2022-01-07 17:00,TSP,1.32
한국중부발전(주)신서천발전본부,1,2022-01-07 17:00,SOx,3.79
한국중부발전(주)신서천발전본부,1,2022-01-07 17:00,NOx,8.13
한국중부발전(주)신서천발전본부,1,2022-01-07 17:30,TSP,1.37
한국중부발전(주)신서천발전본부,1,2022-01-07 17:30,SOx,3.64
한국중부발전(주)신서천발전본부,1,2022-01-07 17:30,NOx,8.01
한국중부발전(주)신서천발전본부,1,2022-01-07 18:00,TSP,1.29
한국중부발전(주)신서천발전본부,1,2022-01-07 18:00,SOx,3.33
한국중부발전(주)신서천발전본부,1,2022-01-07 18:00,NOx,7.97
한국중부발전(주)신서천발전본부,1,2022-01-07 18:30,TSP,1.31
한국중부발전(주)신서천발전본부,1,2022-01-07 18:30,SOx,3.57
한국중부발전(주)신서천발전본부,1,2022-01-07 18:30,NOx,8.28
한국중부발전(주)신서천발전본부,1,2022-01-07 19:00,TSP,1.29
한국중부발전(주)신서천발전본부,1,2022-01-07 19:00,SOx,3.78
한국중부발전(주)신서천발전본부,1,2022-01-07 19:00,NOx,7.96
한국중부발전(주)신서천발전본부,1,2022-01-07 19:30,TSP,1.33
한국중부발전(주)신서천발전본부,1,2022-01-07 19:30,SOx,3.64
한국중부발전(주)신서천발전본부,1,2022-01-07 19:30,NOx,8.07
한국중부발전(주)신서천발전본부,1,2022-01-07 20:00,TSP,1.29
한국중부발전(주)신서천발전본부,1,2022-01-07 20:00,SOx,3.51
한국중부발전(주)신서천발전본부,1,2022-01-07 20:00,NOx,7.97
한국중부발전(주)신서천발전본부,1,2022-01-07 20:30,TSP,1.27
한국중부발전(주)신서천발전본부,1,2022-01-07 20:30,SOx,4.13
한국중부발전(주)신서천발전본부,1,2022-01-07 20:30,NOx,8.3
한국중부발전(주)신서천발전본부,1,2022-01-07 21:00,TSP,1.25
한국중부발전(주)신서천발전본부,1,2022-01-07 21:00,SOx,4.0
한국중부발전(주)신서천발전본부,1,2022-01-07 21:00,NOx,8.23
한국중부발전(주)신서천발전본부,1,2022-01-07 21:30,TSP,1.26
한국중부발전(주)신서천발전본부,1,2022-01-07 21:30,SOx,3.84
한국중부발전(주)신서천발전본부,1,2022-01-07 21:30,NOx,8.45
한국중부발전(주)신서천발전본부,1,2022-01-07 22:00,TSP,1.25
한국중부발전(주)신서천발전본부,1,2022-01-07 22:00,SOx,3.63
한국중부발전(주)신서천발전본부,1,2022-01-07 22:00,NOx,8.68
한국중부발전(주)신서천발전본부,1,2022-01-07 22:30,TSP,1.25
한국중부발전(주)신서천발전본부,1,2022-01-07 22:30,SOx,3.84
한국중부발전(주)신서천발전본부,1,2022-01-07 22:30,NOx,8.55
한국중부발전(주)신서천발전본부,1,2022-01-07 23:00,TSP,1.21
한국중부발전(주)신서천발전본부,1,2022-01-07 23:00,SOx,3.84
한국중부발전(주)신서천발전본부,1,2022-01-07 23:00,NOx,8.25
한국중부발전(주)신서천발전본부,1,2022-01-07 23:30,TSP,1.18
한국중부발전(주)신서천발전본부,1,2022-01-07 23:30,SOx,3.52
한국중부발전(주)신서천발전본부,1,2022-01-07 23:30,NOx,9.03
한국중부발전(주)신서천발전본부,1,2022-01-08 00:00,TSP,1.22
한국중부발전(주)신서천발전본부,1,2022-01-08 00:00,SOx,3.98
한국중부발전(주)신서천발전본부,1,2022-01-08 00:00,NOx,7.82
한국중부발전(주)신서천발전본부,1,2022-01-08 00:30,TSP,1.24
한국중부발전(주)신서천발전본부,1,2022-01-08 00:30,SOx,3.9
한국중부발전(주)신서천발전본부,1,2022-01-08 00:30,NOx,7.91
한국중부발전(주)신서천발전본부,1,2022-01-08 01:00,TSP,1.22
한국중부발전(주)신서천발전본부,1,2022-01-08 01:00,SOx,3.76
한국중부발전(주)신서천발전본부,1,2022-01-08 01:00,NOx,9.33
한국중부발전(주)신서천발전본부,1,2022-01-08 01:30,TSP,1.22
한국중부발전(주)신서천발전본부,1,2022-01-08 01:30,SOx,3.73
한국중부발전(주)신서천발전본부,1,2022-01-08 01:30,NOx,8.77
한국중부발전(주)신서천발전본부,1,2022-01-08 02:00,TSP,1.2
한국중부발전(주)신서천발전본부,1,2022-01-08 02:00,SOx,3.71
한국중부발전(주)신서천발전본부,1,2022-01-08 02:00,NOx,7.53
한국중부발전(주)신서천발전본부,1,2022-01-08 02:30,TSP,1.2
한국중부발전(주)신서천발전본부,1,2022-01-08 02:30,SOx,3.52
한국중부발전(주)신서천발전본부,1,2022-01-08 02:30,NOx,7.08
한국중부발전(주)신서천발전본부,1,2022-01-08 03:00,TSP,1.19
한국중부발전(주)신서천발전본부,1,2022-01-08 03:00,SOx,3.85
한국중부발전(주)신서천발전본부,1,2022-01-08 03:00,NOx,6.93
한국중부발전(주)신서천발전본부,1,2022-01-08 03:30,TSP,1.18
한국중부발전(주)신서천발전본부,1,2022-01-08 03:30,SOx,3.95
한국중부발전(주)신서천발전본부,1,2022-01-08 03:30,NOx,6.86
한국중부발전(주)신서천발전본부,1,2022-01-08 04:00,TSP,1.19
한국중부발전(주)신서천발전본부,1,2022-01-08 04:00,SOx,3.67
한국중부발전(주)신서천발전본부,1,2022-01-08 04:00,NOx,7.2
한국중부발전(주)신서천발전본부,1,2022-01-08 04:30,TSP,1.19
한국중부발전(주)신서천발전본부,1,2022-01-08 04:30,SOx,3.79
한국중부발전(주)신서천발전본부,1,2022-01-08 04:30,NOx,7.21
한국중부발전(주)신서천발전본부,1,2022-01-08 05:00,TSP,1.21
한국중부발전(주)신서천발전본부,1,2022-01-08 05:00,SOx,3.67
한국중부발전(주)신서천발전본부,1,2022-01-08 05:00,NOx,7.15
한국중부발전(주)신서천발전본부,1,2022-01-08 05:30,TSP,1.19
한국중부발전(주)신서천발전본부,1,2022-01-08 05:30,SOx,3.62
한국중부발전(주)신서천발전본부,1,2022-01-08 05:30,NOx,7.27
한국중부발전(주)신서천발전본부,1,2022-01-08 06:00,TSP,1.2
한국중부발전(주)신서천발전본부,1,2022-01-08 06:00,SOx,3.61
한국중부발전(주)신서천발전본부,1,2022-01-08 06:00,NOx,7.59
한국중부발전(주)신서천발전본부,1,2022-01-08 06:30,TSP,1.19
한국중부발전(주)신서천발전본부,1,2022-01-08 06:30,SOx,3.57
한국중부발전(주)신서천발전본부,1,2022-01-08 06:30,NOx,7.3
한국중부발전(주)신서천발전본부,1,2022-01-08 07:00,TSP,1.2
한국중부발전(주)신서천발전본부,1,2022-01-08 07:00,SOx,3.68
한국중부발전(주)신서천발전본부,1,2022-01-08 07:00,NOx,8.24
한국중부발전(주)신서천발전본부,1,2022-01-08 07:30,TSP,1.2
한국중부발전(주)신서천발전본부,1,2022-01-08 07:30,SOx,3.6
한국중부발전(주)신서천발전본부,1,2022-01-08 07:30,NOx,7.77
한국중부발전(주)신서천발전본부,1,2022-01-08 08:00,TSP,1.23
한국중부발전(주)신서천발전본부,1,2022-01-08 08:00,SOx,3.31
한국중부발전(주)신서천발전본부,1,2022-01-08 08:00,NOx,7.26
한국중부발전(주)신서천발전본부,1,2022-01-08 08:30,TSP,1.42
한국중부발전(주)신서천발전본부,1,2022-01-08 08:30,SOx,1.57
한국중부발전(주)신서천발전본부,1,2022-01-08 08:30,NOx,8.69
한국중부발전(주)신서천발전본부,1,2022-01-08 09:00,TSP,1.73
한국중부발전(주)신서천발전본부,1,2022-01-08 09:00,SOx,1.08
한국중부발전(주)신서천발전본부,1,2022-01-08 09:00,NOx,6.91
한국중부발전(주)신서천발전본부,1,2022-01-08 09:30,TSP,2.5
한국중부발전(주)신서천발전본부,1,2022-01-08 09:30,SOx,0.9
한국중부발전(주)신서천발전본부,1,2022-01-08 09:30,NOx,12.37
한국중부발전(주)신서천발전본부,1,2022-01-08 10:00,TSP,2.48
한국중부발전(주)신서천발전본부,1,2022-01-08 10:00,SOx,0.76
한국중부발전(주)신서천발전본부,1,2022-01-08 10:00,NOx,14.44
한국중부발전(주)신서천발전본부,1,2022-01-08 10:30,TSP,2.48
한국중부발전(주)신서천발전본부,1,2022-01-08 10:30,SOx,0.85
한국중부발전(주)신서천발전본부,1,2022-01-08 10:30,NOx,15.29
한국중부발전(주)신서천발전본부,1,2022-01-08 11:00,TSP,1169.27
한국중부발전(주)신서천발전본부,1,2022-01-08 11:00,SOx,25.74
한국중부발전(주)신서천발전본부,1,2022-01-08 11:00,NOx,21.48
한국중부발전(주)신서천발전본부,1,2022-01-08 11:30,TSP,0.0
한국중부발전(주)신서천발전본부,1,2022-01-08 11:30,SOx,0.0
한국중부발전(주)신서천발전본부,1,2022-01-08 11:30,NOx,0.0
한국중부발전(주)신서천발전본부,1,2022-01-08 12:00,TSP,0.0
한국중부발전(주)신서천발전본부,1,2022-01-08 12:00,SOx,0.0
한국중부발전(주)신서천발전본부,1,2022-01-08 12:00,NOx,0.0
한국중부발전(주)신서천발전본부,1,2022-01-08 12:30,TSP,0.0
한국중부발전(주)신서천발전본부,1,2022-01-08 12:30,SOx,0.0
한국중부발전(주)신서천발전본부,1,2022-01-08 12:30,NOx,0.0
한국중부발전(주)신서천발전본부,1,2022-01-08 13:00,TSP,0.0
한국중부발전(주)신서천발전본부,1,2022-01-08 13:00,SOx,0.0
한국중부발전(주)신서천발전본부,1,2022-01-08 13:00,NOx,0.0
한국중부발전(주)신서천발전본부,1,2022-01-08 13:30,TSP,0.0
한국중부발전(주)신서천발전본부,1,2022-01-08 13:30,SOx,0.0
한국중부발전(주)신서천발전본부,1,2022-01-08 13:30,NOx,0.0
한국중부발전(주)신서천발전본부,1,2022-01-08 14:00,TSP,0.0
한국중부발전(주)신서천발전본부,1,2022-01-08 14:00,SOx,0.0
한국중부발전(주)신서천발전본부,1,2022-01-08 14:00,NOx,0.0
한국중부발전(주)신서천발전본부,1,2022-01-08 14:30,TSP,0.0
한국중부발전(주)신서천발전본부,1,2022-01-08 14:30,SOx,0.0
한국중부발전(주)신서천발전본부,1,2022-01-08 14:30,NOx,0.0
한국중부발전(주)신서천발전본부,1,2022-01-08 15:00,TSP,0.0
한국중부발전(주)신서천발전본부,1,2022-01-08 15:00,SOx,0.0
한국중부발전(주)신서천발전본부,1,2022-01-08 15:00,NOx,0.0
한국중부발전(주)신서천발전본부,1,2022-01-08 15:30,TSP,0.0
한국중부발전(주)신서천발전본부,1,2022-01-08 15:30,SOx,0.0
한국중부발전(주)신서천발전본부,1,2022-01-08 15:30,NOx,0.0
한국중부발전(주)신서천발전본부,1,2022-01-08 16:00,TSP,0.0
한국중부발전(주)신서천발전본부,1,2022-01-08 16:00,SOx,0.0
한국중부발전(주)신서천발전본부,1,2022-01-08 16:00,NOx,0.0
한국중부발전(주)신서천발전본부,1,2022-01-08 16:30,TSP,0.0
한국중부발전(주)신서천발전본부,1,2022-01-08 16:30,SOx,0.0
한국중부발전(주)신서천발전본부,1,2022-01-08 16:30,NOx,0.0
한국중부발전(주)신서천발전본부,1,2022-01-08 17:00,TSP,0.0
한국중부발전(주)신서천발전본부,1,2022-01-08 17:00,SOx,0.0
한국중부발전(주)신서천발전본부,1,2022-01-08 17:00,NOx,0.0
한국중부발전(주)신서천발전본부,1,2022-01-08 17:30,TSP,0.0
한국중부발전(주)신서천발전본부,1,2022-01-08 17:30,SOx,0.0
한국중부발전(주)신서천발전본부,1,2022-01-08 17:30,NOx,0.0
한국중부발전(주)신서천발전본부,1,2022-01-08 18:00,TSP,0.0
한국중부발전(주)신서천발전본부,1,2022-01-08 18:00,SOx,0.0
한국중부발전(주)신서천발전본부,1,2022-01-08 18:00,NOx,0.0
한국중부발전(주)신서천발전본부,1,2022-01-08 18:30,TSP,0.0
한국중부발전(주)신서천발전본부,1,2022-01-08 18:30,SOx,0.0
한국중부발전(주)신서천발전본부,1,2022-01-08 18:30,NOx,0.0
한국중부발전(주)신서천발전본부,1,2022-01-08 19:00,TSP,0.0
한국중부발전(주)신서천발전본부,1,2022-01-08 19:00,SOx,0.0
한국중부발전(주)신서천발전본부,1,2022-01-08 19:00,NOx,0.0
한국중부발전(주)신서천발전본부,1,2022-01-08 19:30,TSP,0.0
한국중부발전(주)신서천발전본부,1,2022-01-08 19:30,SOx,0.0
한국중부발전(주)신서천발전본부,1,2022-01-08 19:30,NOx,0.0
한국중부발전(주)신서천발전본부,1,2022-01-08 20:00,TSP,0.0
한국중부발전(주)신서천발전본부,1,2022-01-08 20:00,SOx,0.0
한국중부발전(주)신서천발전본부,1,2022-01-08 20:00,NOx,0.0
한국중부발전(주)신서천발전본부,1,2022-01-08 20:30,TSP,0.0
한국중부발전(주)신서천발전본부,1,2022-01-08 20:30,SOx,0.0
한국중부발전(주)신서천발전본부,1,2022-01-08 20:30,NOx,0.0
한국중부발전(주)신서천발전본부,1,2022-01-08 21:00,TSP,0.0
한국중부발전(주)신서천발전본부,1,2022-01-08 21:00,SOx,0.0
한국중부발전(주)신서천발전본부,1,2022-01-08 21:00,NOx,0.0
한국중부발전(주)신서천발전본부,1,2022-01-08 21:30,TSP,0.0
한국중부발전(주)신서천발전본부,1,2022-01-08 21:30,SOx,0.0
한국중부발전(주)신서천발전본부,1,2022-01-08 21:30,NOx,0.0
한국중부발전(주)신서천발전본부,1,2022-01-08 22:00,TSP,0.0
한국중부발전(주)신서천발전본부,1,2022-01-08 22:00,SOx,0.0
한국중부발전(주)신서천발전본부,1,2022-01-08 22:00,NOx,0.0
한국중부발전(주)신서천발전본부,1,2022-01-08 22:30,TSP,0.0
한국중부발전(주)신서천발전본부,1,2022-01-08 22:30,SOx,0.0
한국중부발전(주)신서천발전본부,1,2022-01-08 22:30,NOx,0.0
한국중부발전(주)신서천발전본부,1,2022-01-08 23:00,TSP,0.0
한국중부발전(주)신서천발전본부,1,2022-01-08 23:00,SOx,0.0
한국중부발전(주)신서천발전본부,1,2022-01-08 23:00,NOx,0.0
한국중부발전(주)신서천발전본부,1,2022-01-08 23:30,TSP,0.0
한국중부발전(주)신서천발전본부,1,2022-01-08 23:30,SOx,0.0
한국중부발전(주)신서천발전본부,1,2022-01-08 23:30,NOx,0.0
한국중부발전(주)신서천발전본부,1,2022-01-09 00:00,TSP,0.0
한국중부발전(주)신서천발전본부,1,2022-01-09 00:00,SOx,0.0
한국중부발전(주)신서천발전본부,1,2022-01-09 00:00,NOx,0.0
한국중부발전(주)신서천발전본부,1,2022-01-09 00:30,TSP,0.0
한국중부발전(주)신서천발전본부,1,2022-01-09 00:30,SOx,0.0
한국중부발전(주)신서천발전본부,1,2022-01-09 00:30,NOx,0.0
한국중부발전(주)신서천발전본부,1,2022-01-09 01:00,TSP,0.0
한국중부발전(주)신서천발전본부,1,2022-01-09 01:00,SOx,0.0
한국중부발전(주)신서천발전본부,1,2022-01-09 01:00,NOx,0.0
한국중부발전(주)신서천발전본부,1,2022-01-09 01:30,TSP,0.0
한국중부발전(주)신서천발전본부,1,2022-01-09 01:30,SOx,0.0
한국중부발전(주)신서천발전본부,1,2022-01-09 01:30,NOx,0.0
한국중부발전(주)신서천발전본부,1,2022-01-09 02:00,TSP,0.0
한국중부발전(주)신서천발전본부,1,2022-01-09 02:00,SOx,0.0
한국중부발전(주)신서천발전본부,1,2022-01-09 02:00,NOx,0.0
한국중부발전(주)신서천발전본부,1,2022-01-09 02:30,TSP,0.0
한국중부발전(주)신서천발전본부,1,2022-01-09 02:30,SOx,0.0
한국중부발전(주)신서천발전본부,1,2022-01-09 02:30,NOx,0.0
한국중부발전(주)신서천발전본부,1,2022-01-09 03:00,TSP,0.0
한국중부발전(주)신서천발전본부,1,2022-01-09 03:00,SOx,0.0
한국중부발전(주)신서천발전본부,1,2022-01-09 03:00,NOx,0.0
한국중부발전(주)신서천발전본부,1,2022-01-09 03:30,TSP,0.0
한국중부발전(주)신서천발전본부,1,2022-01-09 03:30,SOx,0.0
한국중부발전(주)신서천발전본부,1,2022-01-09 03:30,NOx,0.0
한국중부발전(주)신서천발전본부,1,2022-01-09 04:00,TSP,0.0
한국중부발전(주)신서천발전본부,1,2022-01-09 04:00,SOx,0.0
한국중부발전(주)신서천발전본부,1,2022-01-09 04:00,NOx,0.0
한국중부발전(주)신서천발전본부,1,2022-01-09 04:30,TSP,0.0
한국중부발전(주)신서천발전본부,1,2022-01-09 04:30,SOx,0.0
한국중부발전(주)신서천발전본부,1,2022-01-09 04:30,NOx,0.0
한국중부발전(주)신서천발전본부,1,2022-01-09 05:00,TSP,0.0
한국중부발전(주)신서천발전본부,1,2022-01-09 05:00,SOx,0.0
한국중부발전(주)신서천발전본부,1,2022-01-09 05:00,NOx,0.0
한국중부발전(주)신서천발전본부,1,2022-01-09 05:30,TSP,0.0
한국중부발전(주)신서천발전본부,1,2022-01-09 05:30,SOx,0.0
한국중부발전(주)신서천발전본부,1,2022-01-09 05:30,NOx,0.0
한국중부발전(주)신서천발전본부,1,2022-01-09 06:00,TSP,0.0
한국중부발전(주)신서천발전본부,1,2022-01-09 06:00,SOx,0.0
한국중부발전(주)신서천발전본부,1,2022-01-09 06:00,NOx,0.0
한국중부발전(주)신서천발전본부,1,2022-01-09 06:30,TSP,0.0
한국중부발전(주)신서천발전본부,1,2022-01-09 06:30,SOx,0.0
한국중부발전(주)신서천발전본부,1,2022-01-09 06:30,NOx,0.0
한국중부발전(주)신서천발전본부,1,2022-01-09 07:00,TSP,0.0
한국중부발전(주)신서천발전본부,1,2022-01-09 07:00,SOx,0.0
한국중부발전(주)신서천발전본부,1,2022-01-09 07:00,NOx,0.0
한국중부발전(주)신서천발전본부,1,2022-01-09 07:30,TSP,0.0
한국중부발전(주)신서천발전본부,1,2022-01-09 07:30,SOx,0.0
한국중부발전(주)신서천발전본부,1,2022-01-09 07:30,NOx,0.0
한국중부발전(주)신서천발전본부,1,2022-01-09 08:00,TSP,0.0
한국중부발전(주)신서천발전본부,1,2022-01-09 08:00,SOx,0.0
한국중부발전(주)신서천발전본부,1,2022-01-09 08:00,NOx,0.0
한국중부발전(주)신서천발전본부,1,2022-01-09 08:30,TSP,0.0
한국중부발전(주)신서천발전본부,1,2022-01-09 08:30,SOx,0.0
한국중부발전(주)신서천발전본부,1,2022-01-09 08:30,NOx,0.0
한국중부발전(주)신서천발전본부,1,2022-01-09 09:00,TSP,0.0
한국중부발전(주)신서천발전본부,1,2022-01-09 09:00,SOx,0.0
한국중부발전(주)신서천발전본부,1,2022-01-09 09:00,NOx,0.0
한국중부발전(주)신서천발전본부,1,2022-01-09 09:30,TSP,0.0
한국중부발전(주)신서천발전본부,1,2022-01-09 09:30,SOx,0.0
한국중부발전(주)신서천발전본부,1,2022-01-09 09:30,NOx,0.0
한국중부발전(주)신서천발전본부,1,2022-01-09 10:00,TSP,0.0
한국중부발전(주)신서천발전본부,1,2022-01-09 10:00,SOx,0.0
한국중부발전(주)신서천발전본부,1,2022-01-09 10:00,NOx,0.0
한국중부발전(주)신서천발전본부,1,2022-01-09 10:30,TSP,0.0
한국중부발전(주)신서천발전본부,1,2022-01-09 10:30,SOx,0.0
한국중부발전(주)신서천발전본부,1,2022-01-09 10:30,NOx,0.0
한국중부발전(주)신서천발전본부,1,2022-01-09 11:00,TSP,0.0
한국중부발전(주)신서천발전본부,1,2022-01-09 11:00,SOx,0.0
한국중부발전(주)신서천발전본부,1,2022-01-09 11:00,NOx,0.0
한국중부발전(주)신서천발전본부,1,2022-01-09 11:30,TSP,737.72
한국중부발전(주)신서천발전본부,1,2022-01-09 11:30,SOx,32.54
한국중부발전(주)신서천발전본부,1,2022-01-09 11:30,NOx,56.23
한국중부발전(주)신서천발전본부,1,2022-01-09 12:00,TSP,2.95
한국중부발전(주)신서천발전본부,1,2022-01-09 12:00,SOx,1.94
한국중부발전(주)신서천발전본부,1,2022-01-09 12:00,NOx,42.46
한국중부발전(주)신서천발전본부,1,2022-01-09 12:30,TSP,2.32
한국중부발전(주)신서천발전본부,1,2022-01-09 12:30,SOx,1.36
한국중부발전(주)신서천발전본부,1,2022-01-09 12:30,NOx,46.95
한국중부발전(주)신서천발전본부,1,2022-01-09 13:00,TSP,2.08
한국중부발전(주)신서천발전본부,1,2022-01-09 13:00,SOx,1.31
한국중부발전(주)신서천발전본부,1,2022-01-09 13:00,NOx,49.51
한국중부발전(주)신서천발전본부,1,2022-01-09 13:30,TSP,2.09
한국중부발전(주)신서천발전본부,1,2022-01-09 13:30,SOx,1.58
한국중부발전(주)신서천발전본부,1,2022-01-09 13:30,NOx,46.97
한국중부발전(주)신서천발전본부,1,2022-01-09 14:00,TSP,1.94
한국중부발전(주)신서천발전본부,1,2022-01-09 14:00,SOx,7.08
한국중부발전(주)신서천발전본부,1,2022-01-09 14:00,NOx,57.27
한국중부발전(주)신서천발전본부,1,2022-01-09 14:30,TSP,1.81
한국중부발전(주)신서천발전본부,1,2022-01-09 14:30,SOx,75.93
한국중부발전(주)신서천발전본부,1,2022-01-09 14:30,NOx,128.89
한국중부발전(주)신서천발전본부,1,2022-01-09 15:00,TSP,1.46
한국중부발전(주)신서천발전본부,1,2022-01-09 15:00,SOx,1.11
한국중부발전(주)신서천발전본부,1,2022-01-09 15:00,NOx,110.76
한국중부발전(주)신서천발전본부,1,2022-01-09 15:30,TSP,1.2
한국중부발전(주)신서천발전본부,1,2022-01-09 15:30,SOx,0.94
한국중부발전(주)신서천발전본부,1,2022-01-09 15:30,NOx,86.55
한국중부발전(주)신서천발전본부,1,2022-01-09 16:00,TSP,1.02
한국중부발전(주)신서천발전본부,1,2022-01-09 16:00,SOx,0.98
한국중부발전(주)신서천발전본부,1,2022-01-09 16:00,NOx,7.6
한국중부발전(주)신서천발전본부,1,2022-01-09 16:30,TSP,1.02
한국중부발전(주)신서천발전본부,1,2022-01-09 16:30,SOx,1.37
한국중부발전(주)신서천발전본부,1,2022-01-09 16:30,NOx,8.01
한국중부발전(주)신서천발전본부,1,2022-01-09 17:00,TSP,0.89
한국중부발전(주)신서천발전본부,1,2022-01-09 17:00,SOx,3.23
한국중부발전(주)신서천발전본부,1,2022-01-09 17:00,NOx,4.13
한국중부발전(주)신서천발전본부,1,2022-01-09 17:30,TSP,0.74
한국중부발전(주)신서천발전본부,1,2022-01-09 17:30,SOx,2.58
한국중부발전(주)신서천발전본부,1,2022-01-09 17:30,NOx,3.91
한국중부발전(주)신서천발전본부,1,2022-01-09 18:00,TSP,0.73
한국중부발전(주)신서천발전본부,1,2022-01-09 18:00,SOx,1.97
한국중부발전(주)신서천발전본부,1,2022-01-09 18:00,NOx,3.63
한국중부발전(주)신서천발전본부,1,2022-01-09 18:30,TSP,0.72
한국중부발전(주)신서천발전본부,1,2022-01-09 18:30,SOx,1.85
한국중부발전(주)신서천발전본부,1,2022-01-09 18:30,NOx,4.99
한국중부발전(주)신서천발전본부,1,2022-01-09 19:00,TSP,0.71
한국중부발전(주)신서천발전본부,1,2022-01-09 19:00,SOx,1.87
한국중부발전(주)신서천발전본부,1,2022-01-09 19:00,NOx,5.91
한국중부발전(주)신서천발전본부,1,2022-01-09 19:30,TSP,0.72
한국중부발전(주)신서천발전본부,1,2022-01-09 19:30,SOx,1.87
한국중부발전(주)신서천발전본부,1,2022-01-09 19:30,NOx,6.25
한국중부발전(주)신서천발전본부,1,2022-01-09 20:00,TSP,0.72
한국중부발전(주)신서천발전본부,1,2022-01-09 20:00,SOx,1.77
한국중부발전(주)신서천발전본부,1,2022-01-09 20:00,NOx,6.67
한국중부발전(주)신서천발전본부,1,2022-01-09 20:30,TSP,0.74
한국중부발전(주)신서천발전본부,1,2022-01-09 20:30,SOx,1.85
한국중부발전(주)신서천발전본부,1,2022-01-09 20:30,NOx,6.36
한국중부발전(주)신서천발전본부,1,2022-01-09 21:00,TSP,0.83
한국중부발전(주)신서천발전본부,1,2022-01-09 21:00,SOx,2.39
한국중부발전(주)신서천발전본부,1,2022-01-09 21:00,NOx,6.44
한국중부발전(주)신서천발전본부,1,2022-01-09 21:30,TSP,0.76
한국중부발전(주)신서천발전본부,1,2022-01-09 21:30,SOx,2.59
한국중부발전(주)신서천발전본부,1,2022-01-09 21:30,NOx,6.53
한국중부발전(주)신서천발전본부,1,2022-01-09 22:00,TSP,0.75
한국중부발전(주)신서천발전본부,1,2022-01-09 22:00,SOx,2.74
한국중부발전(주)신서천발전본부,1,2022-01-09 22:00,NOx,8.02
한국중부발전(주)신서천발전본부,1,2022-01-09 22:30,TSP,0.75
한국중부발전(주)신서천발전본부,1,2022-01-09 22:30,SOx,2.73
한국중부발전(주)신서천발전본부,1,2022-01-09 22:30,NOx,7.75
한국중부발전(주)신서천발전본부,1,2022-01-09 23:00,TSP,1.17
한국중부발전(주)신서천발전본부,1,2022-01-09 23:00,SOx,2.59
한국중부발전(주)신서천발전본부,1,2022-01-09 23:00,NOx,9.81
한국중부발전(주)신서천발전본부,1,2022-01-09 23:30,TSP,1.17
한국중부발전(주)신서천발전본부,1,2022-01-09 23:30,SOx,2.61
한국중부발전(주)신서천발전본부,1,2022-01-09 23:30,NOx,9.12
한국중부발전(주)신서천발전본부,1,2022-01-10 00:00,TSP,1.2
한국중부발전(주)신서천발전본부,1,2022-01-10 00:00,SOx,2.57
한국중부발전(주)신서천발전본부,1,2022-01-10 00:00,NOx,8.44
한국중부발전(주)신서천발전본부,1,2022-01-10 00:30,TSP,1.21
한국중부발전(주)신서천발전본부,1,2022-01-10 00:30,SOx,2.75
한국중부발전(주)신서천발전본부,1,2022-01-10 00:30,NOx,5.96
한국중부발전(주)신서천발전본부,1,2022-01-10 01:00,TSP,1.22
한국중부발전(주)신서천발전본부,1,2022-01-10 01:00,SOx,2.96
한국중부발전(주)신서천발전본부,1,2022-01-10 01:00,NOx,4.96
한국중부발전(주)신서천발전본부,1,2022-01-10 01:30,TSP,1.22
한국중부발전(주)신서천발전본부,1,2022-01-10 01:30,SOx,2.73
한국중부발전(주)신서천발전본부,1,2022-01-10 01:30,NOx,5.26
한국중부발전(주)신서천발전본부,1,2022-01-10 02:00,TSP,1.2
한국중부발전(주)신서천발전본부,1,2022-01-10 02:00,SOx,2.83
한국중부발전(주)신서천발전본부,1,2022-01-10 02:00,NOx,5.68
한국중부발전(주)신서천발전본부,1,2022-01-10 02:30,TSP,1.21
한국중부발전(주)신서천발전본부,1,2022-01-10 02:30,SOx,2.57
한국중부발전(주)신서천발전본부,1,2022-01-10 02:30,NOx,5.93
한국중부발전(주)신서천발전본부,1,2022-01-10 03:00,TSP,1.23
한국중부발전(주)신서천발전본부,1,2022-01-10 03:00,SOx,2.47
한국중부발전(주)신서천발전본부,1,2022-01-10 03:00,NOx,5.83
한국중부발전(주)신서천발전본부,1,2022-01-10 03:30,TSP,1.24
한국중부발전(주)신서천발전본부,1,2022-01-10 03:30,SOx,2.47
한국중부발전(주)신서천발전본부,1,2022-01-10 03:30,NOx,5.81
한국중부발전(주)신서천발전본부,1,2022-01-10 04:00,TSP,1.26
한국중부발전(주)신서천발전본부,1,2022-01-10 04:00,SOx,2.55
한국중부발전(주)신서천발전본부,1,2022-01-10 04:00,NOx,5.4
한국중부발전(주)신서천발전본부,1,2022-01-10 04:30,TSP,1.24
한국중부발전(주)신서천발전본부,1,2022-01-10 04:30,SOx,2.63
한국중부발전(주)신서천발전본부,1,2022-01-10 04:30,NOx,6.03
한국중부발전(주)신서천발전본부,1,2022-01-10 05:00,TSP,1.24
한국중부발전(주)신서천발전본부,1,2022-01-10 05:00,SOx,2.65
한국중부발전(주)신서천발전본부,1,2022-01-10 05:00,NOx,6.05
한국중부발전(주)신서천발전본부,1,2022-01-10 05:30,TSP,1.25
한국중부발전(주)신서천발전본부,1,2022-01-10 05:30,SOx,2.47
한국중부발전(주)신서천발전본부,1,2022-01-10 05:30,NOx,5.53
한국중부발전(주)신서천발전본부,1,2022-01-10 06:00,TSP,1.22
한국중부발전(주)신서천발전본부,1,2022-01-10 06:00,SOx,1.91
한국중부발전(주)신서천발전본부,1,2022-01-10 06:00,NOx,7.15
한국중부발전(주)신서천발전본부,1,2022-01-10 06:30,TSP,1.28
한국중부발전(주)신서천발전본부,1,2022-01-10 06:30,SOx,1.67
한국중부발전(주)신서천발전본부,1,2022-01-10 06:30,NOx,5.92
한국중부발전(주)신서천발전본부,1,2022-01-10 07:00,TSP,1.27
한국중부발전(주)신서천발전본부,1,2022-01-10 07:00,SOx,1.75
한국중부발전(주)신서천발전본부,1,2022-01-10 07:00,NOx,4.61
한국중부발전(주)신서천발전본부,1,2022-01-10 07:30,TSP,1.24
한국중부발전(주)신서천발전본부,1,2022-01-10 07:30,SOx,1.79
한국중부발전(주)신서천발전본부,1,2022-01-10 07:30,NOx,4.92
한국중부발전(주)신서천발전본부,1,2022-01-10 08:00,TSP,1.2
한국중부발전(주)신서천발전본부,1,2022-01-10 08:00,SOx,1.83
한국중부발전(주)신서천발전본부,1,2022-01-10 08:00,NOx,4.78
한국중부발전(주)신서천발전본부,1,2022-01-10 08:30,TSP,1.17
한국중부발전(주)신서천발전본부,1,2022-01-10 08:30,SOx,2.13
한국중부발전(주)신서천발전본부,1,2022-01-10 08:30,NOx,4.95
한국중부발전(주)신서천발전본부,1,2022-01-10 09:00,TSP,1.18
한국중부발전(주)신서천발전본부,1,2022-01-10 09:00,SOx,2.23
한국중부발전(주)신서천발전본부,1,2022-01-10 09:00,NOx,4.99
한국중부발전(주)신서천발전본부,1,2022-01-10 09:30,TSP,1.21
한국중부발전(주)신서천발전본부,1,2022-01-10 09:30,SOx,2.09
한국중부발전(주)신서천발전본부,1,2022-01-10 09:30,NOx,4.91
한국중부발전(주)신서천발전본부,1,2022-01-10 10:00,TSP,1.24
한국중부발전(주)신서천발전본부,1,2022-01-10 10:00,SOx,2.02
한국중부발전(주)신서천발전본부,1,2022-01-10 10:00,NOx,5.83
한국중부발전(주)신서천발전본부,1,2022-01-10 10:30,TSP,1.24
한국중부발전(주)신서천발전본부,1,2022-01-10 10:30,SOx,2.06
한국중부발전(주)신서천발전본부,1,2022-01-10 10:30,NOx,5.53
한국중부발전(주)신서천발전본부,1,2022-01-10 11:00,TSP,1.29
한국중부발전(주)신서천발전본부,1,2022-01-10 11:00,SOx,1.96
한국중부발전(주)신서천발전본부,1,2022-01-10 11:00,NOx,5.32
한국중부발전(주)신서천발전본부,1,2022-01-10 11:30,TSP,1.3
한국중부발전(주)신서천발전본부,1,2022-01-10 11:30,SOx,1.93
한국중부발전(주)신서천발전본부,1,2022-01-10 11:30,NOx,5.56
한국중부발전(주)신서천발전본부,1,2022-01-10 12:00,TSP,1.29
한국중부발전(주)신서천발전본부,1,2022-01-10 12:00,SOx,2.0
한국중부발전(주)신서천발전본부,1,2022-01-10 12:00,NOx,5.36
한국중부발전(주)신서천발전본부,1,2022-01-10 12:30,TSP,1.3
한국중부발전(주)신서천발전본부,1,2022-01-10 12:30,SOx,2.05
한국중부발전(주)신서천발전본부,1,2022-01-10 12:30,NOx,5.67
한국중부발전(주)신서천발전본부,1,2022-01-10 13:00,TSP,1.31
한국중부발전(주)신서천발전본부,1,2022-01-10 13:00,SOx,2.01
한국중부발전(주)신서천발전본부,1,2022-01-10 13:00,NOx,5.26
한국중부발전(주)신서천발전본부,1,2022-01-10 13:30,TSP,1.32
한국중부발전(주)신서천발전본부,1,2022-01-10 13:30,SOx,1.95
한국중부발전(주)신서천발전본부,1,2022-01-10 13:30,NOx,6.12
한국중부발전(주)신서천발전본부,1,2022-01-10 14:00,TSP,1.29
한국중부발전(주)신서천발전본부,1,2022-01-10 14:00,SOx,1.89
한국중부발전(주)신서천발전본부,1,2022-01-10 14:00,NOx,5.46
한국중부발전(주)신서천발전본부,1,2022-01-10 14:30,TSP,1.31
한국중부발전(주)신서천발전본부,1,2022-01-10 14:30,SOx,1.94
한국중부발전(주)신서천발전본부,1,2022-01-10 14:30,NOx,5.27
한국중부발전(주)신서천발전본부,1,2022-01-10 15:00,TSP,1.28
한국중부발전(주)신서천발전본부,1,2022-01-10 15:00,SOx,1.99
한국중부발전(주)신서천발전본부,1,2022-01-10 15:00,NOx,5.31
한국중부발전(주)신서천발전본부,1,2022-01-10 15:30,TSP,1.3
한국중부발전(주)신서천발전본부,1,2022-01-10 15:30,SOx,1.99
한국중부발전(주)신서천발전본부,1,2022-01-10 15:30,NOx,5.89
한국중부발전(주)신서천발전본부,1,2022-01-10 16:00,TSP,1.27
한국중부발전(주)신서천발전본부,1,2022-01-10 16:00,SOx,1.93
한국중부발전(주)신서천발전본부,1,2022-01-10 16:00,NOx,5.77
한국중부발전(주)신서천발전본부,1,2022-01-10 16:30,TSP,1.3
한국중부발전(주)신서천발전본부,1,2022-01-10 16:30,SOx,1.91
한국중부발전(주)신서천발전본부,1,2022-01-10 16:30,NOx,5.65
한국중부발전(주)신서천발전본부,1,2022-01-10 17:00,TSP,1.31
한국중부발전(주)신서천발전본부,1,2022-01-10 17:00,SOx,1.94
한국중부발전(주)신서천발전본부,1,2022-01-10 17:00,NOx,5.05
한국중부발전(주)신서천발전본부,1,2022-01-10 17:30,TSP,1.31
한국중부발전(주)신서천발전본부,1,2022-01-10 17:30,SOx,2.03
한국중부발전(주)신서천발전본부,1,2022-01-10 17:30,NOx,5.64
한국중부발전(주)신서천발전본부,1,2022-01-10 18:00,TSP,1.31
한국중부발전(주)신서천발전본부,1,2022-01-10 18:00,SOx,2.01
한국중부발전(주)신서천발전본부,1,2022-01-10 18:00,NOx,5.58
한국중부발전(주)신서천발전본부,1,2022-01-10 18:30,TSP,1.36
한국중부발전(주)신서천발전본부,1,2022-01-10 18:30,SOx,1.9
한국중부발전(주)신서천발전본부,1,2022-01-10 18:30,NOx,5.48
한국중부발전(주)신서천발전본부,1,2022-01-10 19:00,TSP,1.33
한국중부발전(주)신서천발전본부,1,2022-01-10 19:00,SOx,1.83
한국중부발전(주)신서천발전본부,1,2022-01-10 19:00,NOx,5.79
한국중부발전(주)신서천발전본부,1,2022-01-10 19:30,TSP,1.3
한국중부발전(주)신서천발전본부,1,2022-01-10 19:30,SOx,1.87
한국중부발전(주)신서천발전본부,1,2022-01-10 19:30,NOx,5.12
한국중부발전(주)신서천발전본부,1,2022-01-10 20:00,TSP,1.25
한국중부발전(주)신서천발전본부,1,2022-01-10 20:00,SOx,2.0
한국중부발전(주)신서천발전본부,1,2022-01-10 20:00,NOx,5.56
한국중부발전(주)신서천발전본부,1,2022-01-10 20:30,TSP,1.26
한국중부발전(주)신서천발전본부,1,2022-01-10 20:30,SOx,1.9
한국중부발전(주)신서천발전본부,1,2022-01-10 20:30,NOx,5.82
한국중부발전(주)신서천발전본부,1,2022-01-10 21:00,TSP,1.32
한국중부발전(주)신서천발전본부,1,2022-01-10 21:00,SOx,2.46
한국중부발전(주)신서천발전본부,1,2022-01-10 21:00,NOx,4.93
한국중부발전(주)신서천발전본부,1,2022-01-10 21:30,TSP,1.23
한국중부발전(주)신서천발전본부,1,2022-01-10 21:30,SOx,2.68
한국중부발전(주)신서천발전본부,1,2022-01-10 21:30,NOx,5.4
한국중부발전(주)신서천발전본부,1,2022-01-10 22:00,TSP,1.21
한국중부발전(주)신서천발전본부,1,2022-01-10 22:00,SOx,2.57
한국중부발전(주)신서천발전본부,1,2022-01-10 22:00,NOx,8.8
한국중부발전(주)신서천발전본부,1,2022-01-10 22:30,TSP,1.21
한국중부발전(주)신서천발전본부,1,2022-01-10 22:30,SOx,2.81
한국중부발전(주)신서천발전본부,1,2022-01-10 22:30,NOx,8.54
한국중부발전(주)신서천발전본부,1,2022-01-10 23:00,TSP,1.29
한국중부발전(주)신서천발전본부,1,2022-01-10 23:00,SOx,3.19
한국중부발전(주)신서천발전본부,1,2022-01-10 23:00,NOx,8.74
한국중부발전(주)신서천발전본부,1,2022-01-10 23:30,TSP,1.28
한국중부발전(주)신서천발전본부,1,2022-01-10 23:30,SOx,3.26
한국중부발전(주)신서천발전본부,1,2022-01-10 23:30,NOx,7.89
한국중부발전(주)신서천발전본부,1,2022-01-11 00:00,TSP,1.28
한국중부발전(주)신서천발전본부,1,2022-01-11 00:00,SOx,3.26
한국중부발전(주)신서천발전본부,1,2022-01-11 00:00,NOx,7.87
한국중부발전(주)신서천발전본부,1,2022-01-11 00:30,TSP,1.27
한국중부발전(주)신서천발전본부,1,2022-01-11 00:30,SOx,3.34
한국중부발전(주)신서천발전본부,1,2022-01-11 00:30,NOx,7.34
한국중부발전(주)신서천발전본부,1,2022-01-11 01:00,TSP,1.28
한국중부발전(주)신서천발전본부,1,2022-01-11 01:00,SOx,3.69
한국중부발전(주)신서천발전본부,1,2022-01-11 01:00,NOx,6.49
한국중부발전(주)신서천발전본부,1,2022-01-11 01:30,TSP,1.3
한국중부발전(주)신서천발전본부,1,2022-01-11 01:30,SOx,3.85
한국중부발전(주)신서천발전본부,1,2022-01-11 01:30,NOx,6.67
한국중부발전(주)신서천발전본부,1,2022-01-11 02:00,TSP,1.29
한국중부발전(주)신서천발전본부,1,2022-01-11 02:00,SOx,3.6
한국중부발전(주)신서천발전본부,1,2022-01-11 02:00,NOx,6.01
한국중부발전(주)신서천발전본부,1,2022-01-11 02:30,TSP,1.29
한국중부발전(주)신서천발전본부,1,2022-01-11 02:30,SOx,3.71
한국중부발전(주)신서천발전본부,1,2022-01-11 02:30,NOx,6.17
한국중부발전(주)신서천발전본부,1,2022-01-11 03:00,TSP,1.28
한국중부발전(주)신서천발전본부,1,2022-01-11 03:00,SOx,3.8
한국중부발전(주)신서천발전본부,1,2022-01-11 03:00,NOx,6.18
한국중부발전(주)신서천발전본부,1,2022-01-11 03:30,TSP,1.26
한국중부발전(주)신서천발전본부,1,2022-01-11 03:30,SOx,4.06
한국중부발전(주)신서천발전본부,1,2022-01-11 03:30,NOx,6.24
한국중부발전(주)신서천발전본부,1,2022-01-11 04:00,TSP,1.26
한국중부발전(주)신서천발전본부,1,2022-01-11 04:00,SOx,4.12
한국중부발전(주)신서천발전본부,1,2022-01-11 04:00,NOx,6.16
한국중부발전(주)신서천발전본부,1,2022-01-11 04:30,TSP,1.26
한국중부발전(주)신서천발전본부,1,2022-01-11 04:30,SOx,3.98
한국중부발전(주)신서천발전본부,1,2022-01-11 04:30,NOx,5.94
한국중부발전(주)신서천발전본부,1,2022-01-11 05:00,TSP,1.27
한국중부발전(주)신서천발전본부,1,2022-01-11 05:00,SOx,3.93
한국중부발전(주)신서천발전본부,1,2022-01-11 05:00,NOx,5.89
한국중부발전(주)신서천발전본부,1,2022-01-11 05:30,TSP,1.27
한국중부발전(주)신서천발전본부,1,2022-01-11 05:30,SOx,4.13
한국중부발전(주)신서천발전본부,1,2022-01-11 05:30,NOx,6.08
한국중부발전(주)신서천발전본부,1,2022-01-11 06:00,TSP,1.27
한국중부발전(주)신서천발전본부,1,2022-01-11 06:00,SOx,4.17
한국중부발전(주)신서천발전본부,1,2022-01-11 06:00,NOx,6.26
한국중부발전(주)신서천발전본부,1,2022-01-11 06:30,TSP,1.27
한국중부발전(주)신서천발전본부,1,2022-01-11 06:30,SOx,4.06
한국중부발전(주)신서천발전본부,1,2022-01-11 06:30,NOx,6.99
한국중부발전(주)신서천발전본부,1,2022-01-11 07:00,TSP,1.26
한국중부발전(주)신서천발전본부,1,2022-01-11 07:00,SOx,3.9
한국중부발전(주)신서천발전본부,1,2022-01-11 07:00,NOx,7.33
한국중부발전(주)신서천발전본부,1,2022-01-11 07:30,TSP,1.26
한국중부발전(주)신서천발전본부,1,2022-01-11 07:30,SOx,3.94
한국중부발전(주)신서천발전본부,1,2022-01-11 07:30,NOx,8.15
한국중부발전(주)신서천발전본부,1,2022-01-11 08:00,TSP,1.27
한국중부발전(주)신서천발전본부,1,2022-01-11 08:00,SOx,4.41
한국중부발전(주)신서천발전본부,1,2022-01-11 08:00,NOx,6.84
한국중부발전(주)신서천발전본부,1,2022-01-11 08:30,TSP,1.28
한국중부발전(주)신서천발전본부,1,2022-01-11 08:30,SOx,3.64
한국중부발전(주)신서천발전본부,1,2022-01-11 08:30,NOx,7.45
한국중부발전(주)신서천발전본부,1,2022-01-11 09:00,TSP,1.29
한국중부발전(주)신서천발전본부,1,2022-01-11 09:00,SOx,3.15
한국중부발전(주)신서천발전본부,1,2022-01-11 09:00,NOx,8.26
한국중부발전(주)신서천발전본부,1,2022-01-11 09:30,TSP,1.3
한국중부발전(주)신서천발전본부,1,2022-01-11 09:30,SOx,3.3
한국중부발전(주)신서천발전본부,1,2022-01-11 09:30,NOx,7.67
한국중부발전(주)신서천발전본부,1,2022-01-11 10:00,TSP,1.29
한국중부발전(주)신서천발전본부,1,2022-01-11 10:00,SOx,3.71
한국중부발전(주)신서천발전본부,1,2022-01-11 10:00,NOx,7.02
한국중부발전(주)신서천발전본부,1,2022-01-11 10:30,TSP,1.29
한국중부발전(주)신서천발전본부,1,2022-01-11 10:30,SOx,3.71
한국중부발전(주)신서천발전본부,1,2022-01-11 10:30,NOx,7.02
한국중부발전(주)신서천발전본부,1,2022-01-11 11:00,TSP,1.29
한국중부발전(주)신서천발전본부,1,2022-01-11 11:00,SOx,3.71
한국중부발전(주)신서천발전본부,1,2022-01-11 11:00,NOx,7.02
한국중부발전(주)신서천발전본부,1,2022-01-11 11:30,TSP,1.29
한국중부발전(주)신서천발전본부,1,2022-01-11 11:30,SOx,3.71
한국중부발전(주)신서천발전본부,1,2022-01-11 11:30,NOx,7.02
한국중부발전(주)신서천발전본부,1,2022-01-11 12:00,TSP,1.29
한국중부발전(주)신서천발전본부,1,2022-01-11 12:00,SOx,3.71
한국중부발전(주)신서천발전본부,1,2022-01-11 12:00,NOx,7.02
한국중부발전(주)신서천발전본부,1,2022-01-11 12:30,TSP,1.29
한국중부발전(주)신서천발전본부,1,2022-01-11 12:30,SOx,3.71
한국중부발전(주)신서천발전본부,1,2022-01-11 12:30,NOx,7.02
한국중부발전(주)신서천발전본부,1,2022-01-11 13:00,TSP,1.29
한국중부발전(주)신서천발전본부,1,2022-01-11 13:00,SOx,3.71
한국중부발전(주)신서천발전본부,1,2022-01-11 13:00,NOx,7.02
한국중부발전(주)신서천발전본부,1,2022-01-11 13:30,TSP,1.29
한국중부발전(주)신서천발전본부,1,2022-01-11 13:30,SOx,3.71
한국중부발전(주)신서천발전본부,1,2022-01-11 13:30,NOx,7.02
한국중부발전(주)신서천발전본부,1,2022-01-11 14:00,TSP,1.29
한국중부발전(주)신서천발전본부,1,2022-01-11 14:00,SOx,3.71
한국중부발전(주)신서천발전본부,1,2022-01-11 14:00,NOx,7.02
한국중부발전(주)신서천발전본부,1,2022-01-11 14:30,TSP,1.16
한국중부발전(주)신서천발전본부,1,2022-01-11 14:30,SOx,3.28
한국중부발전(주)신서천발전본부,1,2022-01-11 14:30,NOx,6.21
한국중부발전(주)신서천발전본부,1,2022-01-11 15:00,TSP,1.14
한국중부발전(주)신서천발전본부,1,2022-01-11 15:00,SOx,3.5
한국중부발전(주)신서천발전본부,1,2022-01-11 15:00,NOx,7.1
한국중부발전(주)신서천발전본부,1,2022-01-11 15:30,TSP,1.14
한국중부발전(주)신서천발전본부,1,2022-01-11 15:30,SOx,3.45
한국중부발전(주)신서천발전본부,1,2022-01-11 15:30,NOx,7.37
한국중부발전(주)신서천발전본부,1,2022-01-11 16:00,TSP,1.14
한국중부발전(주)신서천발전본부,1,2022-01-11 16:00,SOx,3.24
한국중부발전(주)신서천발전본부,1,2022-01-11 16:00,NOx,7.26
한국중부발전(주)신서천발전본부,1,2022-01-11 16:30,TSP,1.17
한국중부발전(주)신서천발전본부,1,2022-01-11 16:30,SOx,3.14
한국중부발전(주)신서천발전본부,1,2022-01-11 16:30,NOx,6.75
한국중부발전(주)신서천발전본부,1,2022-01-11 17:00,TSP,1.14
한국중부발전(주)신서천발전본부,1,2022-01-11 17:00,SOx,3.18
한국중부발전(주)신서천발전본부,1,2022-01-11 17:00,NOx,6.83
한국중부발전(주)신서천발전본부,1,2022-01-11 17:30,TSP,1.17
한국중부발전(주)신서천발전본부,1,2022-01-11 17:30,SOx,3.33
한국중부발전(주)신서천발전본부,1,2022-01-11 17:30,NOx,6.98
한국중부발전(주)신서천발전본부,1,2022-01-11 18:00,TSP,1.16
한국중부발전(주)신서천발전본부,1,2022-01-11 18:00,SOx,3.19
한국중부발전(주)신서천발전본부,1,2022-01-11 18:00,NOx,6.67
한국중부발전(주)신서천발전본부,1,2022-01-11 18:30,TSP,1.17
한국중부발전(주)신서천발전본부,1,2022-01-11 18:30,SOx,3.06
한국중부발전(주)신서천발전본부,1,2022-01-11 18:30,NOx,6.46
한국중부발전(주)신서천발전본부,1,2022-01-11 19:00,TSP,1.16
한국중부발전(주)신서천발전본부,1,2022-01-11 19:00,SOx,3.25
한국중부발전(주)신서천발전본부,1,2022-01-11 19:00,NOx,6.6
한국중부발전(주)신서천발전본부,1,2022-01-11 19:30,TSP,1.17
한국중부발전(주)신서천발전본부,1,2022-01-11 19:30,SOx,3.62
한국중부발전(주)신서천발전본부,1,2022-01-11 19:30,NOx,6.54
한국중부발전(주)신서천발전본부,1,2022-01-11 20:00,TSP,1.16
한국중부발전(주)신서천발전본부,1,2022-01-11 20:00,SOx,4.41
한국중부발전(주)신서천발전본부,1,2022-01-11 20:00,NOx,6.45
한국중부발전(주)신서천발전본부,1,2022-01-11 20:30,TSP,1.13
한국중부발전(주)신서천발전본부,1,2022-01-11 20:30,SOx,4.08
한국중부발전(주)신서천발전본부,1,2022-01-11 20:30,NOx,7.15
한국중부발전(주)신서천발전본부,1,2022-01-11 21:00,TSP,1.12
한국중부발전(주)신서천발전본부,1,2022-01-11 21:00,SOx,3.82
한국중부발전(주)신서천발전본부,1,2022-01-11 21:00,NOx,7.53
한국중부발전(주)신서천발전본부,1,2022-01-11 21:30,TSP,1.12
한국중부발전(주)신서천발전본부,1,2022-01-11 21:30,SOx,4.02
한국중부발전(주)신서천발전본부,1,2022-01-11 21:30,NOx,7.35
한국중부발전(주)신서천발전본부,1,2022-01-11 22:00,TSP,1.12
한국중부발전(주)신서천발전본부,1,2022-01-11 22:00,SOx,4.18
한국중부발전(주)신서천발전본부,1,2022-01-11 22:00,NOx,7.69
한국중부발전(주)신서천발전본부,1,2022-01-11 22:30,TSP,1.12
한국중부발전(주)신서천발전본부,1,2022-01-11 22:30,SOx,4.19
한국중부발전(주)신서천발전본부,1,2022-01-11 22:30,NOx,7.61
한국중부발전(주)신서천발전본부,1,2022-01-11 23:00,TSP,1.15
한국중부발전(주)신서천발전본부,1,2022-01-11 23:00,SOx,4.55
한국중부발전(주)신서천발전본부,1,2022-01-11 23:00,NOx,7.66
한국중부발전(주)신서천발전본부,1,2022-01-11 23:30,TSP,1.14
한국중부발전(주)신서천발전본부,1,2022-01-11 23:30,SOx,4.13
한국중부발전(주)신서천발전본부,1,2022-01-11 23:30,NOx,8.24
한국중부발전(주)신서천발전본부,1,2022-01-12 00:00,TSP,1.13
한국중부발전(주)신서천발전본부,1,2022-01-12 00:00,SOx,3.89
한국중부발전(주)신서천발전본부,1,2022-01-12 00:00,NOx,8.93
한국중부발전(주)신서천발전본부,1,2022-01-12 00:30,TSP,1.14
한국중부발전(주)신서천발전본부,1,2022-01-12 00:30,SOx,4.37
한국중부발전(주)신서천발전본부,1,2022-01-12 00:30,NOx,7.95
한국중부발전(주)신서천발전본부,1,2022-01-12 01:00,TSP,1.13
한국중부발전(주)신서천발전본부,1,2022-01-12 01:00,SOx,4.83
한국중부발전(주)신서천발전본부,1,2022-01-12 01:00,NOx,7.62
한국중부발전(주)신서천발전본부,1,2022-01-12 01:30,TSP,1.13
한국중부발전(주)신서천발전본부,1,2022-01-12 01:30,SOx,4.49
한국중부발전(주)신서천발전본부,1,2022-01-12 01:30,NOx,8.14
한국중부발전(주)신서천발전본부,1,2022-01-12 02:00,TSP,1.14
한국중부발전(주)신서천발전본부,1,2022-01-12 02:00,SOx,4.03
한국중부발전(주)신서천발전본부,1,2022-01-12 02:00,NOx,8.29
한국중부발전(주)신서천발전본부,1,2022-01-12 02:30,TSP,1.15
한국중부발전(주)신서천발전본부,1,2022-01-12 02:30,SOx,4.02
한국중부발전(주)신서천발전본부,1,2022-01-12 02:30,NOx,7.62
한국중부발전(주)신서천발전본부,1,2022-01-12 03:00,TSP,1.14
한국중부발전(주)신서천발전본부,1,2022-01-12 03:00,SOx,3.85
한국중부발전(주)신서천발전본부,1,2022-01-12 03:00,NOx,7.62
한국중부발전(주)신서천발전본부,1,2022-01-12 03:30,TSP,1.14
한국중부발전(주)신서천발전본부,1,2022-01-12 03:30,SOx,3.94
한국중부발전(주)신서천발전본부,1,2022-01-12 03:30,NOx,7.94
한국중부발전(주)신서천발전본부,1,2022-01-12 04:00,TSP,1.15
한국중부발전(주)신서천발전본부,1,2022-01-12 04:00,SOx,4.06
한국중부발전(주)신서천발전본부,1,2022-01-12 04:00,NOx,7.97
한국중부발전(주)신서천발전본부,1,2022-01-12 04:30,TSP,1.12
한국중부발전(주)신서천발전본부,1,2022-01-12 04:30,SOx,4.0
한국중부발전(주)신서천발전본부,1,2022-01-12 04:30,NOx,8.7
한국중부발전(주)신서천발전본부,1,2022-01-12 05:00,TSP,1.12
한국중부발전(주)신서천발전본부,1,2022-01-12 05:00,SOx,4.03
한국중부발전(주)신서천발전본부,1,2022-01-12 05:00,NOx,7.98
한국중부발전(주)신서천발전본부,1,2022-01-12 05:30,TSP,1.13
한국중부발전(주)신서천발전본부,1,2022-01-12 05:30,SOx,4.16
한국중부발전(주)신서천발전본부,1,2022-01-12 05:30,NOx,7.95
한국중부발전(주)신서천발전본부,1,2022-01-12 06:00,TSP,1.14
한국중부발전(주)신서천발전본부,1,2022-01-12 06:00,SOx,4.2
한국중부발전(주)신서천발전본부,1,2022-01-12 06:00,NOx,7.9
한국중부발전(주)신서천발전본부,1,2022-01-12 06:30,TSP,1.14
한국중부발전(주)신서천발전본부,1,2022-01-12 06:30,SOx,4.27
한국중부발전(주)신서천발전본부,1,2022-01-12 06:30,NOx,8.34
한국중부발전(주)신서천발전본부,1,2022-01-12 07:00,TSP,1.15
한국중부발전(주)신서천발전본부,1,2022-01-12 07:00,SOx,4.22
한국중부발전(주)신서천발전본부,1,2022-01-12 07:00,NOx,8.28
한국중부발전(주)신서천발전본부,1,2022-01-12 07:30,TSP,1.15
한국중부발전(주)신서천발전본부,1,2022-01-12 07:30,SOx,3.96
한국중부발전(주)신서천발전본부,1,2022-01-12 07:30,NOx,8.92
한국중부발전(주)신서천발전본부,1,2022-01-12 08:00,TSP,1.16
한국중부발전(주)신서천발전본부,1,2022-01-12 08:00,SOx,4.07
한국중부발전(주)신서천발전본부,1,2022-01-12 08:00,NOx,8.73
한국중부발전(주)신서천발전본부,1,2022-01-12 08:30,TSP,1.18
한국중부발전(주)신서천발전본부,1,2022-01-12 08:30,SOx,4.1
한국중부발전(주)신서천발전본부,1,2022-01-12 08:30,NOx,8.31
한국중부발전(주)신서천발전본부,1,2022-01-12 09:00,TSP,1.19
한국중부발전(주)신서천발전본부,1,2022-01-12 09:00,SOx,4.01
한국중부발전(주)신서천발전본부,1,2022-01-12 09:00,NOx,8.91
한국중부발전(주)신서천발전본부,1,2022-01-12 09:30,TSP,1.19
한국중부발전(주)신서천발전본부,1,2022-01-12 09:30,SOx,4.07
한국중부발전(주)신서천발전본부,1,2022-01-12 09:30,NOx,8.02
한국중부발전(주)신서천발전본부,1,2022-01-12 10:00,TSP,1.21
한국중부발전(주)신서천발전본부,1,2022-01-12 10:00,SOx,3.76
한국중부발전(주)신서천발전본부,1,2022-01-12 10:00,NOx,8.43
한국중부발전(주)신서천발전본부,1,2022-01-12 10:30,TSP,1.21
한국중부발전(주)신서천발전본부,1,2022-01-12 10:30,SOx,3.26
한국중부발전(주)신서천발전본부,1,2022-01-12 10:30,NOx,8.87
한국중부발전(주)신서천발전본부,1,2022-01-12 11:00,TSP,1.21
한국중부발전(주)신서천발전본부,1,2022-01-12 11:00,SOx,3.29
한국중부발전(주)신서천발전본부,1,2022-01-12 11:00,NOx,8.16
한국중부발전(주)신서천발전본부,1,2022-01-12 11:30,TSP,1.21
한국중부발전(주)신서천발전본부,1,2022-01-12 11:30,SOx,3.35
한국중부발전(주)신서천발전본부,1,2022-01-12 11:30,NOx,7.36
한국중부발전(주)신서천발전본부,1,2022-01-12 12:00,TSP,1.25
한국중부발전(주)신서천발전본부,1,2022-01-12 12:00,SOx,3.22
한국중부발전(주)신서천발전본부,1,2022-01-12 12:00,NOx,6.91
한국중부발전(주)신서천발전본부,1,2022-01-12 12:30,TSP,1.24
한국중부발전(주)신서천발전본부,1,2022-01-12 12:30,SOx,3.19
한국중부발전(주)신서천발전본부,1,2022-01-12 12:30,NOx,7.1
한국중부발전(주)신서천발전본부,1,2022-01-12 13:00,TSP,1.27
한국중부발전(주)신서천발전본부,1,2022-01-12 13:00,SOx,3.95
한국중부발전(주)신서천발전본부,1,2022-01-12 13:00,NOx,5.86
한국중부발전(주)신서천발전본부,1,2022-01-12 13:30,TSP,1.2
한국중부발전(주)신서천발전본부,1,2022-01-12 13:30,SOx,3.15
한국중부발전(주)신서천발전본부,1,2022-01-12 13:30,NOx,8.83
한국중부발전(주)신서천발전본부,1,2022-01-12 14:00,TSP,1.24
한국중부발전(주)신서천발전본부,1,2022-01-12 14:00,SOx,4.04
한국중부발전(주)신서천발전본부,1,2022-01-12 14:00,NOx,7.27
한국중부발전(주)신서천발전본부,1,2022-01-12 14:30,TSP,1.21
한국중부발전(주)신서천발전본부,1,2022-01-12 14:30,SOx,3.55
한국중부발전(주)신서천발전본부,1,2022-01-12 14:30,NOx,7.63
한국중부발전(주)신서천발전본부,1,2022-01-12 15:00,TSP,1.22
한국중부발전(주)신서천발전본부,1,2022-01-12 15:00,SOx,4.27
한국중부발전(주)신서천발전본부,1,2022-01-12 15:00,NOx,9.29
한국중부발전(주)신서천발전본부,1,2022-01-12 15:30,TSP,1.28
한국중부발전(주)신서천발전본부,1,2022-01-12 15:30,SOx,5.1
한국중부발전(주)신서천발전본부,1,2022-01-12 15:30,NOx,7.73
한국중부발전(주)신서천발전본부,1,2022-01-12 16:00,TSP,1.33
한국중부발전(주)신서천발전본부,1,2022-01-12 16:00,SOx,4.76
한국중부발전(주)신서천발전본부,1,2022-01-12 16:00,NOx,6.69
한국중부발전(주)신서천발전본부,1,2022-01-12 16:30,TSP,1.3
한국중부발전(주)신서천발전본부,1,2022-01-12 16:30,SOx,4.44
한국중부발전(주)신서천발전본부,1,2022-01-12 16:30,NOx,8.69
한국중부발전(주)신서천발전본부,1,2022-01-12 17:00,TSP,1.28
한국중부발전(주)신서천발전본부,1,2022-01-12 17:00,SOx,5.48
한국중부발전(주)신서천발전본부,1,2022-01-12 17:00,NOx,9.42
한국중부발전(주)신서천발전본부,1,2022-01-12 17:30,TSP,1.22
한국중부발전(주)신서천발전본부,1,2022-01-12 17:30,SOx,5.74
한국중부발전(주)신서천발전본부,1,2022-01-12 17:30,NOx,8.68
한국중부발전(주)신서천발전본부,1,2022-01-12 18:00,TSP,1.21
한국중부발전(주)신서천발전본부,1,2022-01-12 18:00,SOx,4.7
한국중부발전(주)신서천발전본부,1,2022-01-12 18:00,NOx,9.22
한국중부발전(주)신서천발전본부,1,2022-01-12 18:30,TSP,1.21
한국중부발전(주)신서천발전본부,1,2022-01-12 18:30,SOx,5.1
한국중부발전(주)신서천발전본부,1,2022-01-12 18:30,NOx,8.45
한국중부발전(주)신서천발전본부,1,2022-01-12 19:00,TSP,1.21
한국중부발전(주)신서천발전본부,1,2022-01-12 19:00,SOx,5.4
한국중부발전(주)신서천발전본부,1,2022-01-12 19:00,NOx,8.93
한국중부발전(주)신서천발전본부,1,2022-01-12 19:30,TSP,1.22
한국중부발전(주)신서천발전본부,1,2022-01-12 19:30,SOx,4.57
한국중부발전(주)신서천발전본부,1,2022-01-12 19:30,NOx,8.77
한국중부발전(주)신서천발전본부,1,2022-01-12 20:00,TSP,1.2
한국중부발전(주)신서천발전본부,1,2022-01-12 20:00,SOx,4.16
한국중부발전(주)신서천발전본부,1,2022-01-12 20:00,NOx,8.78
한국중부발전(주)신서천발전본부,1,2022-01-12 20:30,TSP,1.23
한국중부발전(주)신서천발전본부,1,2022-01-12 20:30,SOx,4.49
한국중부발전(주)신서천발전본부,1,2022-01-12 20:30,NOx,8.66
한국중부발전(주)신서천발전본부,1,2022-01-12 21:00,TSP,1.2
한국중부발전(주)신서천발전본부,1,2022-01-12 21:00,SOx,5.16
한국중부발전(주)신서천발전본부,1,2022-01-12 21:00,NOx,8.48
한국중부발전(주)신서천발전본부,1,2022-01-12 21:30,TSP,1.19
한국중부발전(주)신서천발전본부,1,2022-01-12 21:30,SOx,4.45
한국중부발전(주)신서천발전본부,1,2022-01-12 21:30,NOx,9.08
한국중부발전(주)신서천발전본부,1,2022-01-12 22:00,TSP,1.19
한국중부발전(주)신서천발전본부,1,2022-01-12 22:00,SOx,3.86
한국중부발전(주)신서천발전본부,1,2022-01-12 22:00,NOx,8.78
한국중부발전(주)신서천발전본부,1,2022-01-12 22:30,TSP,1.19
한국중부발전(주)신서천발전본부,1,2022-01-12 22:30,SOx,4.1
한국중부발전(주)신서천발전본부,1,2022-01-12 22:30,NOx,9.07
한국중부발전(주)신서천발전본부,1,2022-01-12 23:00,TSP,1.16
한국중부발전(주)신서천발전본부,1,2022-01-12 23:00,SOx,4.81
한국중부발전(주)신서천발전본부,1,2022-01-12 23:00,NOx,9.98
한국중부발전(주)신서천발전본부,1,2022-01-12 23:30,TSP,1.14
한국중부발전(주)신서천발전본부,1,2022-01-12 23:30,SOx,4.99
한국중부발전(주)신서천발전본부,1,2022-01-12 23:30,NOx,9.56
한국중부발전(주)신서천발전본부,1,2022-01-13 00:00,TSP,1.12
한국중부발전(주)신서천발전본부,1,2022-01-13 00:00,SOx,4.2
한국중부발전(주)신서천발전본부,1,2022-01-13 00:00,NOx,8.65
한국중부발전(주)신서천발전본부,1,2022-01-13 00:30,TSP,1.13
한국중부발전(주)신서천발전본부,1,2022-01-13 00:30,SOx,3.65
한국중부발전(주)신서천발전본부,1,2022-01-13 00:30,NOx,8.6
한국중부발전(주)신서천발전본부,1,2022-01-13 01:00,TSP,1.12
한국중부발전(주)신서천발전본부,1,2022-01-13 01:00,SOx,3.93
한국중부발전(주)신서천발전본부,1,2022-01-13 01:00,NOx,8.9
한국중부발전(주)신서천발전본부,1,2022-01-13 01:30,TSP,1.13
한국중부발전(주)신서천발전본부,1,2022-01-13 01:30,SOx,4.35
한국중부발전(주)신서천발전본부,1,2022-01-13 01:30,NOx,8.35
한국중부발전(주)신서천발전본부,1,2022-01-13 02:00,TSP,1.12
한국중부발전(주)신서천발전본부,1,2022-01-13 02:00,SOx,4.48
한국중부발전(주)신서천발전본부,1,2022-01-13 02:00,NOx,8.94
한국중부발전(주)신서천발전본부,1,2022-01-13 02:30,TSP,1.12
한국중부발전(주)신서천발전본부,1,2022-01-13 02:30,SOx,4.13
한국중부발전(주)신서천발전본부,1,2022-01-13 02:30,NOx,8.4
한국중부발전(주)신서천발전본부,1,2022-01-13 03:00,TSP,1.13
한국중부발전(주)신서천발전본부,1,2022-01-13 03:00,SOx,3.77
한국중부발전(주)신서천발전본부,1,2022-01-13 03:00,NOx,8.38
한국중부발전(주)신서천발전본부,1,2022-01-13 03:30,TSP,1.13
한국중부발전(주)신서천발전본부,1,2022-01-13 03:30,SOx,3.95
한국중부발전(주)신서천발전본부,1,2022-01-13 03:30,NOx,8.25
한국중부발전(주)신서천발전본부,1,2022-01-13 04:00,TSP,1.14
한국중부발전(주)신서천발전본부,1,2022-01-13 04:00,SOx,4.3
한국중부발전(주)신서천발전본부,1,2022-01-13 04:00,NOx,8.17
한국중부발전(주)신서천발전본부,1,2022-01-13 04:30,TSP,1.14
한국중부발전(주)신서천발전본부,1,2022-01-13 04:30,SOx,4.42
한국중부발전(주)신서천발전본부,1,2022-01-13 04:30,NOx,8.61
한국중부발전(주)신서천발전본부,1,2022-01-13 05:00,TSP,1.13
한국중부발전(주)신서천발전본부,1,2022-01-13 05:00,SOx,4.11
한국중부발전(주)신서천발전본부,1,2022-01-13 05:00,NOx,8.62
한국중부발전(주)신서천발전본부,1,2022-01-13 05:30,TSP,1.13
한국중부발전(주)신서천발전본부,1,2022-01-13 05:30,SOx,4.2
한국중부발전(주)신서천발전본부,1,2022-01-13 05:30,NOx,8.6
한국중부발전(주)신서천발전본부,1,2022-01-13 06:00,TSP,1.14
한국중부발전(주)신서천발전본부,1,2022-01-13 06:00,SOx,4.99
한국중부발전(주)신서천발전본부,1,2022-01-13 06:00,NOx,8.73
한국중부발전(주)신서천발전본부,1,2022-01-13 06:30,TSP,1.13
한국중부발전(주)신서천발전본부,1,2022-01-13 06:30,SOx,4.84
한국중부발전(주)신서천발전본부,1,2022-01-13 06:30,NOx,9.31
한국중부발전(주)신서천발전본부,1,2022-01-13 07:00,TSP,1.13
한국중부발전(주)신서천발전본부,1,2022-01-13 07:00,SOx,4.1
한국중부발전(주)신서천발전본부,1,2022-01-13 07:00,NOx,9.07
한국중부발전(주)신서천발전본부,1,2022-01-13 07:30,TSP,1.13
한국중부발전(주)신서천발전본부,1,2022-01-13 07:30,SOx,3.91
한국중부발전(주)신서천발전본부,1,2022-01-13 07:30,NOx,8.68
한국중부발전(주)신서천발전본부,1,2022-01-13 08:00,TSP,1.13
한국중부발전(주)신서천발전본부,1,2022-01-13 08:00,SOx,4.49
한국중부발전(주)신서천발전본부,1,2022-01-13 08:00,NOx,9.22
한국중부발전(주)신서천발전본부,1,2022-01-13 08:30,TSP,1.16
한국중부발전(주)신서천발전본부,1,2022-01-13 08:30,SOx,5.08
한국중부발전(주)신서천발전본부,1,2022-01-13 08:30,NOx,9.21
한국중부발전(주)신서천발전본부,1,2022-01-13 09:00,TSP,1.2
한국중부발전(주)신서천발전본부,1,2022-01-13 09:00,SOx,4.89
한국중부발전(주)신서천발전본부,1,2022-01-13 09:00,NOx,8.77
한국중부발전(주)신서천발전본부,1,2022-01-13 09:30,TSP,1.2
한국중부발전(주)신서천발전본부,1,2022-01-13 09:30,SOx,4.83
한국중부발전(주)신서천발전본부,1,2022-01-13 09:30,NOx,9.02
한국중부발전(주)신서천발전본부,1,2022-01-13 10:00,TSP,1.19
한국중부발전(주)신서천발전본부,1,2022-01-13 10:00,SOx,4.88
한국중부발전(주)신서천발전본부,1,2022-01-13 10:00,NOx,9.16
한국중부발전(주)신서천발전본부,1,2022-01-13 10:30,TSP,1.19
한국중부발전(주)신서천발전본부,1,2022-01-13 10:30,SOx,4.97
한국중부발전(주)신서천발전본부,1,2022-01-13 10:30,NOx,8.96
한국중부발전(주)신서천발전본부,1,2022-01-13 11:00,TSP,1.18
한국중부발전(주)신서천발전본부,1,2022-01-13 11:00,SOx,4.62
한국중부발전(주)신서천발전본부,1,2022-01-13 11:00,NOx,6.27
한국중부발전(주)신서천발전본부,1,2022-01-13 11:30,TSP,1.2
한국중부발전(주)신서천발전본부,1,2022-01-13 11:30,SOx,4.79
한국중부발전(주)신서천발전본부,1,2022-01-13 11:30,NOx,5.03
한국중부발전(주)신서천발전본부,1,2022-01-13 12:00,TSP,1.16
한국중부발전(주)신서천발전본부,1,2022-01-13 12:00,SOx,4.22
한국중부발전(주)신서천발전본부,1,2022-01-13 12:00,NOx,4.75
한국중부발전(주)신서천발전본부,1,2022-01-13 12:30,TSP,1.14
한국중부발전(주)신서천발전본부,1,2022-01-13 12:30,SOx,4.24
한국중부발전(주)신서천발전본부,1,2022-01-13 12:30,NOx,5.39
한국중부발전(주)신서천발전본부,1,2022-01-13 13:00,TSP,1.13
한국중부발전(주)신서천발전본부,1,2022-01-13 13:00,SOx,4.46
한국중부발전(주)신서천발전본부,1,2022-01-13 13:00,NOx,7.08
한국중부발전(주)신서천발전본부,1,2022-01-13 13:30,TSP,1.15
한국중부발전(주)신서천발전본부,1,2022-01-13 13:30,SOx,4.33
한국중부발전(주)신서천발전본부,1,2022-01-13 13:30,NOx,6.55
한국중부발전(주)신서천발전본부,1,2022-01-13 14:00,TSP,1.13
한국중부발전(주)신서천발전본부,1,2022-01-13 14:00,SOx,4.28
한국중부발전(주)신서천발전본부,1,2022-01-13 14:00,NOx,8.06
한국중부발전(주)신서천발전본부,1,2022-01-13 14:30,TSP,1.12
한국중부발전(주)신서천발전본부,1,2022-01-13 14:30,SOx,5.05
한국중부발전(주)신서천발전본부,1,2022-01-13 14:30,NOx,6.25
한국중부발전(주)신서천발전본부,1,2022-01-13 15:00,TSP,1.11
한국중부발전(주)신서천발전본부,1,2022-01-13 15:00,SOx,4.83
한국중부발전(주)신서천발전본부,1,2022-01-13 15:00,NOx,7.79
한국중부발전(주)신서천발전본부,1,2022-01-13 15:30,TSP,1.12
한국중부발전(주)신서천발전본부,1,2022-01-13 15:30,SOx,4.99
한국중부발전(주)신서천발전본부,1,2022-01-13 15:30,NOx,7.0
한국중부발전(주)신서천발전본부,1,2022-01-13 16:00,TSP,1.11
한국중부발전(주)신서천발전본부,1,2022-01-13 16:00,SOx,5.13
한국중부발전(주)신서천발전본부,1,2022-01-13 16:00,NOx,7.71
한국중부발전(주)신서천발전본부,1,2022-01-13 16:30,TSP,1.13
한국중부발전(주)신서천발전본부,1,2022-01-13 16:30,SOx,5.22
한국중부발전(주)신서천발전본부,1,2022-01-13 16:30,NOx,7.21
한국중부발전(주)신서천발전본부,1,2022-01-13 17:00,TSP,1.15
한국중부발전(주)신서천발전본부,1,2022-01-13 17:00,SOx,5.01
한국중부발전(주)신서천발전본부,1,2022-01-13 17:00,NOx,7.28
한국중부발전(주)신서천발전본부,1,2022-01-13 17:30,TSP,1.11
한국중부발전(주)신서천발전본부,1,2022-01-13 17:30,SOx,4.94
한국중부발전(주)신서천발전본부,1,2022-01-13 17:30,NOx,7.8
한국중부발전(주)신서천발전본부,1,2022-01-13 18:00,TSP,1.15
한국중부발전(주)신서천발전본부,1,2022-01-13 18:00,SOx,5.01
한국중부발전(주)신서천발전본부,1,2022-01-13 18:00,NOx,7.79
한국중부발전(주)신서천발전본부,1,2022-01-13 18:30,TSP,1.13
한국중부발전(주)신서천발전본부,1,2022-01-13 18:30,SOx,4.82
한국중부발전(주)신서천발전본부,1,2022-01-13 18:30,NOx,7.74
한국중부발전(주)신서천발전본부,1,2022-01-13 19:00,TSP,1.11
한국중부발전(주)신서천발전본부,1,2022-01-13 19:00,SOx,4.65
한국중부발전(주)신서천발전본부,1,2022-01-13 19:00,NOx,7.8
한국중부발전(주)신서천발전본부,1,2022-01-13 19:30,TSP,1.13
한국중부발전(주)신서천발전본부,1,2022-01-13 19:30,SOx,4.63
한국중부발전(주)신서천발전본부,1,2022-01-13 19:30,NOx,7.65
한국중부발전(주)신서천발전본부,1,2022-01-13 20:00,TSP,1.11
한국중부발전(주)신서천발전본부,1,2022-01-13 20:00,SOx,4.71
한국중부발전(주)신서천발전본부,1,2022-01-13 20:00,NOx,7.65
한국중부발전(주)신서천발전본부,1,2022-01-13 20:30,TSP,1.15
한국중부발전(주)신서천발전본부,1,2022-01-13 20:30,SOx,4.56
한국중부발전(주)신서천발전본부,1,2022-01-13 20:30,NOx,6.75
한국중부발전(주)신서천발전본부,1,2022-01-13 21:00,TSP,1.14
한국중부발전(주)신서천발전본부,1,2022-01-13 21:00,SOx,4.49
한국중부발전(주)신서천발전본부,1,2022-01-13 21:00,NOx,7.55
한국중부발전(주)신서천발전본부,1,2022-01-13 21:30,TSP,1.15
한국중부발전(주)신서천발전본부,1,2022-01-13 21:30,SOx,4.71
한국중부발전(주)신서천발전본부,1,2022-01-13 21:30,NOx,7.29
한국중부발전(주)신서천발전본부,1,2022-01-13 22:00,TSP,1.13
한국중부발전(주)신서천발전본부,1,2022-01-13 22:00,SOx,4.83
한국중부발전(주)신서천발전본부,1,2022-01-13 22:00,NOx,7.28
한국중부발전(주)신서천발전본부,1,2022-01-13 22:30,TSP,1.13
한국중부발전(주)신서천발전본부,1,2022-01-13 22:30,SOx,4.84
한국중부발전(주)신서천발전본부,1,2022-01-13 22:30,NOx,7.69
한국중부발전(주)신서천발전본부,1,2022-01-13 23:00,TSP,1.11
한국중부발전(주)신서천발전본부,1,2022-01-13 23:00,SOx,4.98
한국중부발전(주)신서천발전본부,1,2022-01-13 23:00,NOx,7.5
한국중부발전(주)신서천발전본부,1,2022-01-13 23:30,TSP,1.11
한국중부발전(주)신서천발전본부,1,2022-01-13 23:30,SOx,4.74
한국중부발전(주)신서천발전본부,1,2022-01-13 23:30,NOx,7.92
한국중부발전(주)신서천발전본부,1,2022-01-14 00:00,TSP,1.12
한국중부발전(주)신서천발전본부,1,2022-01-14 00:00,SOx,4.75
한국중부발전(주)신서천발전본부,1,2022-01-14 00:00,NOx,7.52
한국중부발전(주)신서천발전본부,1,2022-01-14 00:30,TSP,1.11
한국중부발전(주)신서천발전본부,1,2022-01-14 00:30,SOx,5.05
한국중부발전(주)신서천발전본부,1,2022-01-14 00:30,NOx,7.09
한국중부발전(주)신서천발전본부,1,2022-01-14 01:00,TSP,1.1
한국중부발전(주)신서천발전본부,1,2022-01-14 01:00,SOx,5.17
한국중부발전(주)신서천발전본부,1,2022-01-14 01:00,NOx,8.22
한국중부발전(주)신서천발전본부,1,2022-01-14 01:30,TSP,1.09
한국중부발전(주)신서천발전본부,1,2022-01-14 01:30,SOx,5.02
한국중부발전(주)신서천발전본부,1,2022-01-14 01:30,NOx,7.58
한국중부발전(주)신서천발전본부,1,2022-01-14 02:00,TSP,1.09
한국중부발전(주)신서천발전본부,1,2022-01-14 02:00,SOx,4.99
한국중부발전(주)신서천발전본부,1,2022-01-14 02:00,NOx,7.62
한국중부발전(주)신서천발전본부,1,2022-01-14 02:30,TSP,1.09
한국중부발전(주)신서천발전본부,1,2022-01-14 02:30,SOx,5.15
한국중부발전(주)신서천발전본부,1,2022-01-14 02:30,NOx,8.3
한국중부발전(주)신서천발전본부,1,2022-01-14 03:00,TSP,1.09
한국중부발전(주)신서천발전본부,1,2022-01-14 03:00,SOx,5.17
한국중부발전(주)신서천발전본부,1,2022-01-14 03:00,NOx,8.05
한국중부발전(주)신서천발전본부,1,2022-01-14 03:30,TSP,1.09
한국중부발전(주)신서천발전본부,1,2022-01-14 03:30,SOx,5.08
한국중부발전(주)신서천발전본부,1,2022-01-14 03:30,NOx,8.04
한국중부발전(주)신서천발전본부,1,2022-01-14 04:00,TSP,1.09
한국중부발전(주)신서천발전본부,1,2022-01-14 04:00,SOx,4.88
한국중부발전(주)신서천발전본부,1,2022-01-14 04:00,NOx,8.07
한국중부발전(주)신서천발전본부,1,2022-01-14 04:30,TSP,1.09
한국중부발전(주)신서천발전본부,1,2022-01-14 04:30,SOx,5.0
한국중부발전(주)신서천발전본부,1,2022-01-14 04:30,NOx,7.47
한국중부발전(주)신서천발전본부,1,2022-01-14 05:00,TSP,1.09
한국중부발전(주)신서천발전본부,1,2022-01-14 05:00,SOx,4.82
한국중부발전(주)신서천발전본부,1,2022-01-14 05:00,NOx,7.56
한국중부발전(주)신서천발전본부,1,2022-01-14 05:30,TSP,1.09
한국중부발전(주)신서천발전본부,1,2022-01-14 05:30,SOx,4.85
한국중부발전(주)신서천발전본부,1,2022-01-14 05:30,NOx,7.86
한국중부발전(주)신서천발전본부,1,2022-01-14 06:00,TSP,1.11
한국중부발전(주)신서천발전본부,1,2022-01-14 06:00,SOx,5.13
한국중부발전(주)신서천발전본부,1,2022-01-14 06:00,NOx,7.7
한국중부발전(주)신서천발전본부,1,2022-01-14 06:30,TSP,1.1
한국중부발전(주)신서천발전본부,1,2022-01-14 06:30,SOx,5.15
한국중부발전(주)신서천발전본부,1,2022-01-14 06:30,NOx,8.13
한국중부발전(주)신서천발전본부,1,2022-01-14 07:00,TSP,1.13
한국중부발전(주)신서천발전본부,1,2022-01-14 07:00,SOx,5.19
한국중부발전(주)신서천발전본부,1,2022-01-14 07:00,NOx,7.87
한국중부발전(주)신서천발전본부,1,2022-01-14 07:30,TSP,1.13
한국중부발전(주)신서천발전본부,1,2022-01-14 07:30,SOx,5.29
한국중부발전(주)신서천발전본부,1,2022-01-14 07:30,NOx,8.18
한국중부발전(주)신서천발전본부,1,2022-01-14 08:00,TSP,1.17
한국중부발전(주)신서천발전본부,1,2022-01-14 08:00,SOx,4.86
한국중부발전(주)신서천발전본부,1,2022-01-14 08:00,NOx,9.0
한국중부발전(주)신서천발전본부,1,2022-01-14 08:30,TSP,1.18
한국중부발전(주)신서천발전본부,1,2022-01-14 08:30,SOx,5.17
한국중부발전(주)신서천발전본부,1,2022-01-14 08:30,NOx,8.04
한국중부발전(주)신서천발전본부,1,2022-01-14 09:00,TSP,1.2
한국중부발전(주)신서천발전본부,1,2022-01-14 09:00,SOx,4.84
한국중부발전(주)신서천발전본부,1,2022-01-14 09:00,NOx,7.99
한국중부발전(주)신서천발전본부,1,2022-01-14 09:30,TSP,1.2
한국중부발전(주)신서천발전본부,1,2022-01-14 09:30,SOx,4.9
한국중부발전(주)신서천발전본부,1,2022-01-14 09:30,NOx,8.03
한국중부발전(주)신서천발전본부,1,2022-01-14 10:00,TSP,1.16
한국중부발전(주)신서천발전본부,1,2022-01-14 10:00,SOx,4.85
한국중부발전(주)신서천발전본부,1,2022-01-14 10:00,NOx,7.97
한국중부발전(주)신서천발전본부,1,2022-01-14 10:30,TSP,1.16
한국중부발전(주)신서천발전본부,1,2022-01-14 10:30,SOx,5.05
한국중부발전(주)신서천발전본부,1,2022-01-14 10:30,NOx,7.92
한국중부발전(주)신서천발전본부,1,2022-01-14 11:00,TSP,1.17
한국중부발전(주)신서천발전본부,1,2022-01-14 11:00,SOx,4.32
한국중부발전(주)신서천발전본부,1,2022-01-14 11:00,NOx,7.87
한국중부발전(주)신서천발전본부,1,2022-01-14 11:30,TSP,1.14
한국중부발전(주)신서천발전본부,1,2022-01-14 11:30,SOx,4.12
한국중부발전(주)신서천발전본부,1,2022-01-14 11:30,NOx,8.5
한국중부발전(주)신서천발전본부,1,2022-01-14 12:00,TSP,1.18
한국중부발전(주)신서천발전본부,1,2022-01-14 12:00,SOx,4.38
한국중부발전(주)신서천발전본부,1,2022-01-14 12:00,NOx,6.37
한국중부발전(주)신서천발전본부,1,2022-01-14 12:30,TSP,1.22
한국중부발전(주)신서천발전본부,1,2022-01-14 12:30,SOx,4.14
한국중부발전(주)신서천발전본부,1,2022-01-14 12:30,NOx,6.4
한국중부발전(주)신서천발전본부,1,2022-01-14 13:00,TSP,1.18
한국중부발전(주)신서천발전본부,1,2022-01-14 13:00,SOx,4.4
한국중부발전(주)신서천발전본부,1,2022-01-14 13:00,NOx,4.82
한국중부발전(주)신서천발전본부,1,2022-01-14 13:30,TSP,1.2
한국중부발전(주)신서천발전본부,1,2022-01-14 13:30,SOx,4.5
한국중부발전(주)신서천발전본부,1,2022-01-14 13:30,NOx,7.17
한국중부발전(주)신서천발전본부,1,2022-01-14 14:00,TSP,1.19
한국중부발전(주)신서천발전본부,1,2022-01-14 14:00,SOx,3.93
한국중부발전(주)신서천발전본부,1,2022-01-14 14:00,NOx,8.05
한국중부발전(주)신서천발전본부,1,2022-01-14 14:30,TSP,1.2
한국중부발전(주)신서천발전본부,1,2022-01-14 14:30,SOx,4.48
한국중부발전(주)신서천발전본부,1,2022-01-14 14:30,NOx,7.46
한국중부발전(주)신서천발전본부,1,2022-01-14 15:00,TSP,1.26
한국중부발전(주)신서천발전본부,1,2022-01-14 15:00,SOx,6.22
한국중부발전(주)신서천발전본부,1,2022-01-14 15:00,NOx,6.22
한국중부발전(주)신서천발전본부,1,2022-01-14 15:30,TSP,1.19
한국중부발전(주)신서천발전본부,1,2022-01-14 15:30,SOx,4.9
한국중부발전(주)신서천발전본부,1,2022-01-14 15:30,NOx,6.98
한국중부발전(주)신서천발전본부,1,2022-01-14 16:00,TSP,1.22
한국중부발전(주)신서천발전본부,1,2022-01-14 16:00,SOx,5.35
한국중부발전(주)신서천발전본부,1,2022-01-14 16:00,NOx,8.36
한국중부발전(주)신서천발전본부,1,2022-01-14 16:30,TSP,1.22
한국중부발전(주)신서천발전본부,1,2022-01-14 16:30,SOx,5.27
한국중부발전(주)신서천발전본부,1,2022-01-14 16:30,NOx,8.06
한국중부발전(주)신서천발전본부,1,2022-01-14 17:00,TSP,1.25
한국중부발전(주)신서천발전본부,1,2022-01-14 17:00,SOx,5.17
한국중부발전(주)신서천발전본부,1,2022-01-14 17:00,NOx,8.52
한국중부발전(주)신서천발전본부,1,2022-01-14 17:30,TSP,1.22
한국중부발전(주)신서천발전본부,1,2022-01-14 17:30,SOx,5.31
한국중부발전(주)신서천발전본부,1,2022-01-14 17:30,NOx,7.42
한국중부발전(주)신서천발전본부,1,2022-01-14 18:00,TSP,1.26
한국중부발전(주)신서천발전본부,1,2022-01-14 18:00,SOx,5.58
한국중부발전(주)신서천발전본부,1,2022-01-14 18:00,NOx,8.25
한국중부발전(주)신서천발전본부,1,2022-01-14 18:30,TSP,1.25
한국중부발전(주)신서천발전본부,1,2022-01-14 18:30,SOx,5.26
한국중부발전(주)신서천발전본부,1,2022-01-14 18:30,NOx,7.73
한국중부발전(주)신서천발전본부,1,2022-01-14 19:00,TSP,1.26
한국중부발전(주)신서천발전본부,1,2022-01-14 19:00,SOx,4.87
한국중부발전(주)신서천발전본부,1,2022-01-14 19:00,NOx,7.81
한국중부발전(주)신서천발전본부,1,2022-01-14 19:30,TSP,1.25
한국중부발전(주)신서천발전본부,1,2022-01-14 19:30,SOx,4.83
한국중부발전(주)신서천발전본부,1,2022-01-14 19:30,NOx,7.59
한국중부발전(주)신서천발전본부,1,2022-01-14 20:00,TSP,1.23
한국중부발전(주)신서천발전본부,1,2022-01-14 20:00,SOx,5.57
한국중부발전(주)신서천발전본부,1,2022-01-14 20:00,NOx,7.84
한국중부발전(주)신서천발전본부,1,2022-01-14 20:30,TSP,1.21
한국중부발전(주)신서천발전본부,1,2022-01-14 20:30,SOx,5.4
한국중부발전(주)신서천발전본부,1,2022-01-14 20:30,NOx,8.25
한국중부발전(주)신서천발전본부,1,2022-01-14 21:00,TSP,1.21
한국중부발전(주)신서천발전본부,1,2022-01-14 21:00,SOx,4.83
한국중부발전(주)신서천발전본부,1,2022-01-14 21:00,NOx,7.7
한국중부발전(주)신서천발전본부,1,2022-01-14 21:30,TSP,1.19
한국중부발전(주)신서천발전본부,1,2022-01-14 21:30,SOx,4.86
한국중부발전(주)신서천발전본부,1,2022-01-14 21:30,NOx,7.57
한국중부발전(주)신서천발전본부,1,2022-01-14 22:00,TSP,1.2
한국중부발전(주)신서천발전본부,1,2022-01-14 22:00,SOx,5.2
한국중부발전(주)신서천발전본부,1,2022-01-14 22:00,NOx,7.9
한국중부발전(주)신서천발전본부,1,2022-01-14 22:30,TSP,1.2
한국중부발전(주)신서천발전본부,1,2022-01-14 22:30,SOx,5.24
한국중부발전(주)신서천발전본부,1,2022-01-14 22:30,NOx,7.74
한국중부발전(주)신서천발전본부,1,2022-01-14 23:00,TSP,1.14
한국중부발전(주)신서천발전본부,1,2022-01-14 23:00,SOx,5.39
한국중부발전(주)신서천발전본부,1,2022-01-14 23:00,NOx,7.78
한국중부발전(주)신서천발전본부,1,2022-01-14 23:30,TSP,1.11
한국중부발전(주)신서천발전본부,1,2022-01-14 23:30,SOx,4.84
한국중부발전(주)신서천발전본부,1,2022-01-14 23:30,NOx,8.4
한국중부발전(주)신서천발전본부,1,2022-01-15 00:00,TSP,1.07
한국중부발전(주)신서천발전본부,1,2022-01-15 00:00,SOx,5.15
한국중부발전(주)신서천발전본부,1,2022-01-15 00:00,NOx,8.86
한국중부발전(주)신서천발전본부,1,2022-01-15 00:30,TSP,1.07
한국중부발전(주)신서천발전본부,1,2022-01-15 00:30,SOx,5.32
한국중부발전(주)신서천발전본부,1,2022-01-15 00:30,NOx,7.78
한국중부발전(주)신서천발전본부,1,2022-01-15 01:00,TSP,1.07
한국중부발전(주)신서천발전본부,1,2022-01-15 01:00,SOx,5.11
한국중부발전(주)신서천발전본부,1,2022-01-15 01:00,NOx,8.12
한국중부발전(주)신서천발전본부,1,2022-01-15 01:30,TSP,1.06
한국중부발전(주)신서천발전본부,1,2022-01-15 01:30,SOx,4.96
한국중부발전(주)신서천발전본부,1,2022-01-15 01:30,NOx,7.49
한국중부발전(주)신서천발전본부,1,2022-01-15 02:00,TSP,1.08
한국중부발전(주)신서천발전본부,1,2022-01-15 02:00,SOx,4.95
한국중부발전(주)신서천발전본부,1,2022-01-15 02:00,NOx,7.95
한국중부발전(주)신서천발전본부,1,2022-01-15 02:30,TSP,1.1
한국중부발전(주)신서천발전본부,1,2022-01-15 02:30,SOx,5.34
한국중부발전(주)신서천발전본부,1,2022-01-15 02:30,NOx,8.15
한국중부발전(주)신서천발전본부,1,2022-01-15 03:00,TSP,1.12
한국중부발전(주)신서천발전본부,1,2022-01-15 03:00,SOx,5.94
한국중부발전(주)신서천발전본부,1,2022-01-15 03:00,NOx,8.22
한국중부발전(주)신서천발전본부,1,2022-01-15 03:30,TSP,1.12
한국중부발전(주)신서천발전본부,1,2022-01-15 03:30,SOx,5.23
한국중부발전(주)신서천발전본부,1,2022-01-15 03:30,NOx,7.64
한국중부발전(주)신서천발전본부,1,2022-01-15 04:00,TSP,1.13
한국중부발전(주)신서천발전본부,1,2022-01-15 04:00,SOx,4.96
한국중부발전(주)신서천발전본부,1,2022-01-15 04:00,NOx,5.59
한국중부발전(주)신서천발전본부,1,2022-01-15 04:30,TSP,1.14
한국중부발전(주)신서천발전본부,1,2022-01-15 04:30,SOx,5.6
한국중부발전(주)신서천발전본부,1,2022-01-15 04:30,NOx,4.8
한국중부발전(주)신서천발전본부,1,2022-01-15 05:00,TSP,1.12
한국중부발전(주)신서천발전본부,1,2022-01-15 05:00,SOx,5.56
한국중부발전(주)신서천발전본부,1,2022-01-15 05:00,NOx,6.04
한국중부발전(주)신서천발전본부,1,2022-01-15 05:30,TSP,1.12
한국중부발전(주)신서천발전본부,1,2022-01-15 05:30,SOx,4.91
한국중부발전(주)신서천발전본부,1,2022-01-15 05:30,NOx,8.24
한국중부발전(주)신서천발전본부,1,2022-01-15 06:00,TSP,1.15
한국중부발전(주)신서천발전본부,1,2022-01-15 06:00,SOx,5.04
한국중부발전(주)신서천발전본부,1,2022-01-15 06:00,NOx,7.43
한국중부발전(주)신서천발전본부,1,2022-01-15 06:30,TSP,1.16
한국중부발전(주)신서천발전본부,1,2022-01-15 06:30,SOx,5.39
한국중부발전(주)신서천발전본부,1,2022-01-15 06:30,NOx,7.36
한국중부발전(주)신서천발전본부,1,2022-01-15 07:00,TSP,1.15
한국중부발전(주)신서천발전본부,1,2022-01-15 07:00,SOx,4.97
한국중부발전(주)신서천발전본부,1,2022-01-15 07:00,NOx,7.46
한국중부발전(주)신서천발전본부,1,2022-01-15 07:30,TSP,1.16
한국중부발전(주)신서천발전본부,1,2022-01-15 07:30,SOx,5.04
한국중부발전(주)신서천발전본부,1,2022-01-15 07:30,NOx,7.35
한국중부발전(주)신서천발전본부,1,2022-01-15 08:00,TSP,1.17
한국중부발전(주)신서천발전본부,1,2022-01-15 08:00,SOx,5.01
한국중부발전(주)신서천발전본부,1,2022-01-15 08:00,NOx,7.69
한국중부발전(주)신서천발전본부,1,2022-01-15 08:30,TSP,1.2
한국중부발전(주)신서천발전본부,1,2022-01-15 08:30,SOx,4.82
한국중부발전(주)신서천발전본부,1,2022-01-15 08:30,NOx,8.4
한국중부발전(주)신서천발전본부,1,2022-01-15 09:00,TSP,1.2
한국중부발전(주)신서천발전본부,1,2022-01-15 09:00,SOx,4.24
한국중부발전(주)신서천발전본부,1,2022-01-15 09:00,NOx,8.23
한국중부발전(주)신서천발전본부,1,2022-01-15 09:30,TSP,1.21
한국중부발전(주)신서천발전본부,1,2022-01-15 09:30,SOx,4.23
한국중부발전(주)신서천발전본부,1,2022-01-15 09:30,NOx,8.06
한국중부발전(주)신서천발전본부,1,2022-01-15 10:00,TSP,1.19
한국중부발전(주)신서천발전본부,1,2022-01-15 10:00,SOx,4.46
한국중부발전(주)신서천발전본부,1,2022-01-15 10:00,NOx,7.82
한국중부발전(주)신서천발전본부,1,2022-01-15 10:30,TSP,1.19
한국중부발전(주)신서천발전본부,1,2022-01-15 10:30,SOx,4.24
한국중부발전(주)신서천발전본부,1,2022-01-15 10:30,NOx,7.21
한국중부발전(주)신서천발전본부,1,2022-01-15 11:00,TSP,1.3
한국중부발전(주)신서천발전본부,1,2022-01-15 11:00,SOx,3.41
한국중부발전(주)신서천발전본부,1,2022-01-15 11:00,NOx,7.44
한국중부발전(주)신서천발전본부,1,2022-01-15 11:30,TSP,1.34
한국중부발전(주)신서천발전본부,1,2022-01-15 11:30,SOx,2.92
한국중부발전(주)신서천발전본부,1,2022-01-15 11:30,NOx,7.83
한국중부발전(주)신서천발전본부,1,2022-01-15 12:00,TSP,1.35
한국중부발전(주)신서천발전본부,1,2022-01-15 12:00,SOx,2.62
한국중부발전(주)신서천발전본부,1,2022-01-15 12:00,NOx,6.33
한국중부발전(주)신서천발전본부,1,2022-01-15 12:30,TSP,1.36
한국중부발전(주)신서천발전본부,1,2022-01-15 12:30,SOx,2.43
한국중부발전(주)신서천발전본부,1,2022-01-15 12:30,NOx,7.26
한국중부발전(주)신서천발전본부,1,2022-01-15 13:00,TSP,1.4
한국중부발전(주)신서천발전본부,1,2022-01-15 13:00,SOx,2.36
한국중부발전(주)신서천발전본부,1,2022-01-15 13:00,NOx,7.2
한국중부발전(주)신서천발전본부,1,2022-01-15 13:30,TSP,1.35
한국중부발전(주)신서천발전본부,1,2022-01-15 13:30,SOx,2.65
한국중부발전(주)신서천발전본부,1,2022-01-15 13:30,NOx,6.68
한국중부발전(주)신서천발전본부,1,2022-01-15 14:00,TSP,1.37
한국중부발전(주)신서천발전본부,1,2022-01-15 14:00,SOx,2.89
한국중부발전(주)신서천발전본부,1,2022-01-15 14:00,NOx,7.24
한국중부발전(주)신서천발전본부,1,2022-01-15 14:30,TSP,1.33
한국중부발전(주)신서천발전본부,1,2022-01-15 14:30,SOx,2.84
한국중부발전(주)신서천발전본부,1,2022-01-15 14:30,NOx,7.52
한국중부발전(주)신서천발전본부,1,2022-01-15 15:00,TSP,1.41
한국중부발전(주)신서천발전본부,1,2022-01-15 15:00,SOx,3.14
한국중부발전(주)신서천발전본부,1,2022-01-15 15:00,NOx,7.94
한국중부발전(주)신서천발전본부,1,2022-01-15 15:30,TSP,1.45
한국중부발전(주)신서천발전본부,1,2022-01-15 15:30,SOx,3.13
한국중부발전(주)신서천발전본부,1,2022-01-15 15:30,NOx,8.16
한국중부발전(주)신서천발전본부,1,2022-01-15 16:00,TSP,1.5
한국중부발전(주)신서천발전본부,1,2022-01-15 16:00,SOx,3.03
한국중부발전(주)신서천발전본부,1,2022-01-15 16:00,NOx,8.38
한국중부발전(주)신서천발전본부,1,2022-01-15 16:30,TSP,1.5
한국중부발전(주)신서천발전본부,1,2022-01-15 16:30,SOx,2.48
한국중부발전(주)신서천발전본부,1,2022-01-15 16:30,NOx,8.63
한국중부발전(주)신서천발전본부,1,2022-01-15 17:00,TSP,1.48
한국중부발전(주)신서천발전본부,1,2022-01-15 17:00,SOx,2.51
한국중부발전(주)신서천발전본부,1,2022-01-15 17:00,NOx,8.03
한국중부발전(주)신서천발전본부,1,2022-01-15 17:30,TSP,1.44
한국중부발전(주)신서천발전본부,1,2022-01-15 17:30,SOx,2.18
한국중부발전(주)신서천발전본부,1,2022-01-15 17:30,NOx,7.94
한국중부발전(주)신서천발전본부,1,2022-01-15 18:00,TSP,1.66
한국중부발전(주)신서천발전본부,1,2022-01-15 18:00,SOx,1.4
한국중부발전(주)신서천발전본부,1,2022-01-15 18:00,NOx,7.9
한국중부발전(주)신서천발전본부,1,2022-01-15 18:30,TSP,1.91
한국중부발전(주)신서천발전본부,1,2022-01-15 18:30,SOx,0.95
한국중부발전(주)신서천발전본부,1,2022-01-15 18:30,NOx,7.23
한국중부발전(주)신서천발전본부,1,2022-01-15 19:00,TSP,2.62
한국중부발전(주)신서천발전본부,1,2022-01-15 19:00,SOx,0.87
한국중부발전(주)신서천발전본부,1,2022-01-15 19:00,NOx,14.47
한국중부발전(주)신서천발전본부,1,2022-01-15 19:30,TSP,3.57
한국중부발전(주)신서천발전본부,1,2022-01-15 19:30,SOx,1.12
한국중부발전(주)신서천발전본부,1,2022-01-15 19:30,NOx,61.95
한국중부발전(주)신서천발전본부,1,2022-01-15 20:00,TSP,2158.08
한국중부발전(주)신서천발전본부,1,2022-01-15 20:00,SOx,85.67
한국중부발전(주)신서천발전본부,1,2022-01-15 20:00,NOx,51.2
한국중부발전(주)신서천발전본부,1,2022-01-15 20:30,TSP,0.0
한국중부발전(주)신서천발전본부,1,2022-01-15 20:30,SOx,0.0
한국중부발전(주)신서천발전본부,1,2022-01-15 20:30,NOx,0.0
한국중부발전(주)신서천발전본부,1,2022-01-15 21:00,TSP,0.0
한국중부발전(주)신서천발전본부,1,2022-01-15 21:00,SOx,0.0
한국중부발전(주)신서천발전본부,1,2022-01-15 21:00,NOx,0.0
한국중부발전(주)신서천발전본부,1,2022-01-15 21:30,TSP,0.0
한국중부발전(주)신서천발전본부,1,2022-01-15 21:30,SOx,0.0
한국중부발전(주)신서천발전본부,1,2022-01-15 21:30,NOx,0.0
한국중부발전(주)신서천발전본부,1,2022-01-15 22:00,TSP,0.0
한국중부발전(주)신서천발전본부,1,2022-01-15 22:00,SOx,0.0
한국중부발전(주)신서천발전본부,1,2022-01-15 22:00,NOx,0.0
한국중부발전(주)신서천발전본부,1,2022-01-15 22:30,TSP,0.0
한국중부발전(주)신서천발전본부,1,2022-01-15 22:30,SOx,0.0
한국중부발전(주)신서천발전본부,1,2022-01-15 22:30,NOx,0.0
한국중부발전(주)신서천발전본부,1,2022-01-15 23:00,TSP,0.0
한국중부발전(주)신서천발전본부,1,2022-01-15 23:00,SOx,0.0
한국중부발전(주)신서천발전본부,1,2022-01-15 23:00,NOx,0.0
한국중부발전(주)신서천발전본부,1,2022-01-15 23:30,TSP,0.0
한국중부발전(주)신서천발전본부,1,2022-01-15 23:30,SOx,0.0
한국중부발전(주)신서천발전본부,1,2022-01-15 23:30,NOx,0.0
한국중부발전(주)신서천발전본부,1,2022-01-16 00:00,TSP,0.0
한국중부발전(주)신서천발전본부,1,2022-01-16 00:00,SOx,0.0
한국중부발전(주)신서천발전본부,1,2022-01-16 00:00,NOx,0.0
한국중부발전(주)신서천발전본부,1,2022-01-16 00:30,TSP,0.0
한국중부발전(주)신서천발전본부,1,2022-01-16 00:30,SOx,0.0
한국중부발전(주)신서천발전본부,1,2022-01-16 00:30,NOx,0.0
한국중부발전(주)신서천발전본부,1,2022-01-16 01:00,TSP,0.0
한국중부발전(주)신서천발전본부,1,2022-01-16 01:00,SOx,0.0
한국중부발전(주)신서천발전본부,1,2022-01-16 01:00,NOx,0.0
한국중부발전(주)신서천발전본부,1,2022-01-16 01:30,TSP,0.0
한국중부발전(주)신서천발전본부,1,2022-01-16 01:30,SOx,0.0
한국중부발전(주)신서천발전본부,1,2022-01-16 01:30,NOx,0.0
한국중부발전(주)신서천발전본부,1,2022-01-16 02:00,TSP,0.0
한국중부발전(주)신서천발전본부,1,2022-01-16 02:00,SOx,0.0
한국중부발전(주)신서천발전본부,1,2022-01-16 02:00,NOx,0.0
한국중부발전(주)신서천발전본부,1,2022-01-16 02:30,TSP,0.0
한국중부발전(주)신서천발전본부,1,2022-01-16 02:30,SOx,0.0
한국중부발전(주)신서천발전본부,1,2022-01-16 02:30,NOx,0.0
한국중부발전(주)신서천발전본부,1,2022-01-16 03:00,TSP,0.0
한국중부발전(주)신서천발전본부,1,2022-01-16 03:00,SOx,0.0
한국중부발전(주)신서천발전본부,1,2022-01-16 03:00,NOx,0.0
한국중부발전(주)신서천발전본부,1,2022-01-16 03:30,TSP,0.0
한국중부발전(주)신서천발전본부,1,2022-01-16 03:30,SOx,0.0
한국중부발전(주)신서천발전본부,1,2022-01-16 03:30,NOx,0.0
한국중부발전(주)신서천발전본부,1,2022-01-16 04:00,TSP,0.0
한국중부발전(주)신서천발전본부,1,2022-01-16 04:00,SOx,0.0
한국중부발전(주)신서천발전본부,1,2022-01-16 04:00,NOx,0.0
한국중부발전(주)신서천발전본부,1,2022-01-16 04:30,TSP,0.0
한국중부발전(주)신서천발전본부,1,2022-01-16 04:30,SOx,0.0
한국중부발전(주)신서천발전본부,1,2022-01-16 04:30,NOx,0.0
한국중부발전(주)신서천발전본부,1,2022-01-16 05:00,TSP,0.0
한국중부발전(주)신서천발전본부,1,2022-01-16 05:00,SOx,0.0
한국중부발전(주)신서천발전본부,1,2022-01-16 05:00,NOx,0.0
한국중부발전(주)신서천발전본부,1,2022-01-16 05:30,TSP,0.0
한국중부발전(주)신서천발전본부,1,2022-01-16 05:30,SOx,0.0
한국중부발전(주)신서천발전본부,1,2022-01-16 05:30,NOx,0.0
한국중부발전(주)신서천발전본부,1,2022-01-16 06:00,TSP,0.0
한국중부발전(주)신서천발전본부,1,2022-01-16 06:00,SOx,0.0
한국중부발전(주)신서천발전본부,1,2022-01-16 06:00,NOx,0.0
한국중부발전(주)신서천발전본부,1,2022-01-16 06:30,TSP,0.0
한국중부발전(주)신서천발전본부,1,2022-01-16 06:30,SOx,0.0
한국중부발전(주)신서천발전본부,1,2022-01-16 06:30,NOx,0.0
한국중부발전(주)신서천발전본부,1,2022-01-16 07:00,TSP,0.0
한국중부발전(주)신서천발전본부,1,2022-01-16 07:00,SOx,0.0
한국중부발전(주)신서천발전본부,1,2022-01-16 07:00,NOx,0.0
한국중부발전(주)신서천발전본부,1,2022-01-16 07:30,TSP,0.0
한국중부발전(주)신서천발전본부,1,2022-01-16 07:30,SOx,0.0
한국중부발전(주)신서천발전본부,1,2022-01-16 07:30,NOx,0.0
한국중부발전(주)신서천발전본부,1,2022-01-16 08:00,TSP,0.0
한국중부발전(주)신서천발전본부,1,2022-01-16 08:00,SOx,0.0
한국중부발전(주)신서천발전본부,1,2022-01-16 08:00,NOx,0.0
한국중부발전(주)신서천발전본부,1,2022-01-16 08:30,TSP,0.0
한국중부발전(주)신서천발전본부,1,2022-01-16 08:30,SOx,0.0
한국중부발전(주)신서천발전본부,1,2022-01-16 08:30,NOx,0.0
한국중부발전(주)신서천발전본부,1,2022-01-16 09:00,TSP,0.0
한국중부발전(주)신서천발전본부,1,2022-01-16 09:00,SOx,0.0
한국중부발전(주)신서천발전본부,1,2022-01-16 09:00,NOx,0.0
한국중부발전(주)신서천발전본부,1,2022-01-16 09:30,TSP,0.0
한국중부발전(주)신서천발전본부,1,2022-01-16 09:30,SOx,0.0
한국중부발전(주)신서천발전본부,1,2022-01-16 09:30,NOx,0.0
한국중부발전(주)신서천발전본부,1,2022-01-16 10:00,TSP,0.0
한국중부발전(주)신서천발전본부,1,2022-01-16 10:00,SOx,0.0
한국중부발전(주)신서천발전본부,1,2022-01-16 10:00,NOx,0.0
한국중부발전(주)신서천발전본부,1,2022-01-16 10:30,TSP,0.0
한국중부발전(주)신서천발전본부,1,2022-01-16 10:30,SOx,0.0
한국중부발전(주)신서천발전본부,1,2022-01-16 10:30,NOx,0.0
한국중부발전(주)신서천발전본부,1,2022-01-16 11:00,TSP,0.0
한국중부발전(주)신서천발전본부,1,2022-01-16 11:00,SOx,0.0
한국중부발전(주)신서천발전본부,1,2022-01-16 11:00,NOx,0.0
한국중부발전(주)신서천발전본부,1,2022-01-16 11:30,TSP,1798.34
한국중부발전(주)신서천발전본부,1,2022-01-16 11:30,SOx,52.86
한국중부발전(주)신서천발전본부,1,2022-01-16 11:30,NOx,114.02
한국중부발전(주)신서천발전본부,1,2022-01-16 12:00,TSP,6.46
한국중부발전(주)신서천발전본부,1,2022-01-16 12:00,SOx,2.56
한국중부발전(주)신서천발전본부,1,2022-01-16 12:00,NOx,51.12
한국중부발전(주)신서천발전본부,1,2022-01-16 12:30,TSP,4.87
한국중부발전(주)신서천발전본부,1,2022-01-16 12:30,SOx,2.28
한국중부발전(주)신서천발전본부,1,2022-01-16 12:30,NOx,61.45
한국중부발전(주)신서천발전본부,1,2022-01-16 13:00,TSP,4.01
한국중부발전(주)신서천발전본부,1,2022-01-16 13:00,SOx,2.27
한국중부발전(주)신서천발전본부,1,2022-01-16 13:00,NOx,62.26
한국중부발전(주)신서천발전본부,1,2022-01-16 13:30,TSP,3.52
한국중부발전(주)신서천발전본부,1,2022-01-16 13:30,SOx,2.16
한국중부발전(주)신서천발전본부,1,2022-01-16 13:30,NOx,55.2
한국중부발전(주)신서천발전본부,1,2022-01-16 14:00,TSP,3.46
한국중부발전(주)신서천발전본부,1,2022-01-16 14:00,SOx,2.32
한국중부발전(주)신서천발전본부,1,2022-01-16 14:00,NOx,57.96
한국중부발전(주)신서천발전본부,1,2022-01-16 14:30,TSP,2.81
한국중부발전(주)신서천발전본부,1,2022-01-16 14:30,SOx,136.45
한국중부발전(주)신서천발전본부,1,2022-01-16 14:30,NOx,157.46
한국중부발전(주)신서천발전본부,1,2022-01-16 15:00,TSP,3.01
한국중부발전(주)신서천발전본부,1,2022-01-16 15:00,SOx,69.04
한국중부발전(주)신서천발전본부,1,2022-01-16 15:00,NOx,128.17
한국중부발전(주)신서천발전본부,1,2022-01-16 15:30,TSP,1.86
한국중부발전(주)신서천발전본부,1,2022-01-16 15:30,SOx,1.11
한국중부발전(주)신서천발전본부,1,2022-01-16 15:30,NOx,98.13
한국중부발전(주)신서천발전본부,1,2022-01-16 16:00,TSP,1.38
한국중부발전(주)신서천발전본부,1,2022-01-16 16:00,SOx,1.11
한국중부발전(주)신서천발전본부,1,2022-01-16 16:00,NOx,64.37
한국중부발전(주)신서천발전본부,1,2022-01-16 16:30,TSP,1.43
한국중부발전(주)신서천발전본부,1,2022-01-16 16:30,SOx,1.55
한국중부발전(주)신서천발전본부,1,2022-01-16 16:30,NOx,16.59
한국중부발전(주)신서천발전본부,1,2022-01-16 17:00,TSP,1.37
한국중부발전(주)신서천발전본부,1,2022-01-16 17:00,SOx,2.69
한국중부발전(주)신서천발전본부,1,2022-01-16 17:00,NOx,8.88
한국중부발전(주)신서천발전본부,1,2022-01-16 17:30,TSP,1.16
한국중부발전(주)신서천발전본부,1,2022-01-16 17:30,SOx,5.04
한국중부발전(주)신서천발전본부,1,2022-01-16 17:30,NOx,8.97
한국중부발전(주)신서천발전본부,1,2022-01-16 18:00,TSP,1.11
한국중부발전(주)신서천발전본부,1,2022-01-16 18:00,SOx,5.02
한국중부발전(주)신서천발전본부,1,2022-01-16 18:00,NOx,8.55
한국중부발전(주)신서천발전본부,1,2022-01-16 18:30,TSP,1.1
한국중부발전(주)신서천발전본부,1,2022-01-16 18:30,SOx,4.1
한국중부발전(주)신서천발전본부,1,2022-01-16 18:30,NOx,10.06
한국중부발전(주)신서천발전본부,1,2022-01-16 19:00,TSP,1.13
한국중부발전(주)신서천발전본부,1,2022-01-16 19:00,SOx,4.71
한국중부발전(주)신서천발전본부,1,2022-01-16 19:00,NOx,11.19
한국중부발전(주)신서천발전본부,1,2022-01-16 19:30,TSP,1.15
한국중부발전(주)신서천발전본부,1,2022-01-16 19:30,SOx,5.09
한국중부발전(주)신서천발전본부,1,2022-01-16 19:30,NOx,11.26
한국중부발전(주)신서천발전본부,1,2022-01-16 20:00,TSP,1.17
한국중부발전(주)신서천발전본부,1,2022-01-16 20:00,SOx,4.52
한국중부발전(주)신서천발전본부,1,2022-01-16 20:00,NOx,10.39
한국중부발전(주)신서천발전본부,1,2022-01-16 20:30,TSP,1.19
한국중부발전(주)신서천발전본부,1,2022-01-16 20:30,SOx,4.05
한국중부발전(주)신서천발전본부,1,2022-01-16 20:30,NOx,10.33
한국중부발전(주)신서천발전본부,1,2022-01-16 21:00,TSP,1.19
한국중부발전(주)신서천발전본부,1,2022-01-16 21:00,SOx,4.75
한국중부발전(주)신서천발전본부,1,2022-01-16 21:00,NOx,10.07
한국중부발전(주)신서천발전본부,1,2022-01-16 21:30,TSP,1.19
한국중부발전(주)신서천발전본부,1,2022-01-16 21:30,SOx,4.94
한국중부발전(주)신서천발전본부,1,2022-01-16 21:30,NOx,10.6
한국중부발전(주)신서천발전본부,1,2022-01-16 22:00,TSP,1.23
한국중부발전(주)신서천발전본부,1,2022-01-16 22:00,SOx,4.56
한국중부발전(주)신서천발전본부,1,2022-01-16 22:00,NOx,11.13
한국중부발전(주)신서천발전본부,1,2022-01-16 22:30,TSP,1.23
한국중부발전(주)신서천발전본부,1,2022-01-16 22:30,SOx,4.23
한국중부발전(주)신서천발전본부,1,2022-01-16 22:30,NOx,11.06
한국중부발전(주)신서천발전본부,1,2022-01-16 23:00,TSP,1.26
한국중부발전(주)신서천발전본부,1,2022-01-16 23:00,SOx,4.25
한국중부발전(주)신서천발전본부,1,2022-01-16 23:00,NOx,13.27
한국중부발전(주)신서천발전본부,1,2022-01-16 23:30,TSP,1.23
한국중부발전(주)신서천발전본부,1,2022-01-16 23:30,SOx,4.48
한국중부발전(주)신서천발전본부,1,2022-01-16 23:30,NOx,6.39
한국중부발전(주)신서천발전본부,1,2022-01-17 00:00,TSP,1.22
한국중부발전(주)신서천발전본부,1,2022-01-17 00:00,SOx,4.76
한국중부발전(주)신서천발전본부,1,2022-01-17 00:00,NOx,6.74
한국중부발전(주)신서천발전본부,1,2022-01-17 00:30,TSP,1.2
한국중부발전(주)신서천발전본부,1,2022-01-17 00:30,SOx,4.16
한국중부발전(주)신서천발전본부,1,2022-01-17 00:30,NOx,8.11
한국중부발전(주)신서천발전본부,1,2022-01-17 01:00,TSP,1.24
한국중부발전(주)신서천발전본부,1,2022-01-17 01:00,SOx,3.76
한국중부발전(주)신서천발전본부,1,2022-01-17 01:00,NOx,4.34
한국중부발전(주)신서천발전본부,1,2022-01-17 01:30,TSP,1.24
한국중부발전(주)신서천발전본부,1,2022-01-17 01:30,SOx,4.17
한국중부발전(주)신서천발전본부,1,2022-01-17 01:30,NOx,8.09
한국중부발전(주)신서천발전본부,1,2022-01-17 02:00,TSP,1.22
한국중부발전(주)신서천발전본부,1,2022-01-17 02:00,SOx,4.36
한국중부발전(주)신서천발전본부,1,2022-01-17 02:00,NOx,7.28
한국중부발전(주)신서천발전본부,1,2022-01-17 02:30,TSP,1.22
한국중부발전(주)신서천발전본부,1,2022-01-17 02:30,SOx,4.87
한국중부발전(주)신서천발전본부,1,2022-01-17 02:30,NOx,9.04
한국중부발전(주)신서천발전본부,1,2022-01-17 03:00,TSP,1.24
한국중부발전(주)신서천발전본부,1,2022-01-17 03:00,SOx,4.83
한국중부발전(주)신서천발전본부,1,2022-01-17 03:00,NOx,7.5
한국중부발전(주)신서천발전본부,1,2022-01-17 03:30,TSP,1.24
한국중부발전(주)신서천발전본부,1,2022-01-17 03:30,SOx,4.55
한국중부발전(주)신서천발전본부,1,2022-01-17 03:30,NOx,8.31
한국중부발전(주)신서천발전본부,1,2022-01-17 04:00,TSP,1.26
한국중부발전(주)신서천발전본부,1,2022-01-17 04:00,SOx,4.15
한국중부발전(주)신서천발전본부,1,2022-01-17 04:00,NOx,7.86
한국중부발전(주)신서천발전본부,1,2022-01-17 04:30,TSP,1.26
한국중부발전(주)신서천발전본부,1,2022-01-17 04:30,SOx,4.43
한국중부발전(주)신서천발전본부,1,2022-01-17 04:30,NOx,7.69
한국중부발전(주)신서천발전본부,1,2022-01-17 05:00,TSP,1.28
한국중부발전(주)신서천발전본부,1,2022-01-17 05:00,SOx,4.56
한국중부발전(주)신서천발전본부,1,2022-01-17 05:00,NOx,7.59
한국중부발전(주)신서천발전본부,1,2022-01-17 05:30,TSP,1.32
한국중부발전(주)신서천발전본부,1,2022-01-17 05:30,SOx,4.53
한국중부발전(주)신서천발전본부,1,2022-01-17 05:30,NOx,7.79
한국중부발전(주)신서천발전본부,1,2022-01-17 06:00,TSP,1.31
한국중부발전(주)신서천발전본부,1,2022-01-17 06:00,SOx,4.06
한국중부발전(주)신서천발전본부,1,2022-01-17 06:00,NOx,7.77
한국중부발전(주)신서천발전본부,1,2022-01-17 06:30,TSP,1.33
한국중부발전(주)신서천발전본부,1,2022-01-17 06:30,SOx,4.02
한국중부발전(주)신서천발전본부,1,2022-01-17 06:30,NOx,7.89
한국중부발전(주)신서천발전본부,1,2022-01-17 07:00,TSP,1.33
한국중부발전(주)신서천발전본부,1,2022-01-17 07:00,SOx,4.34
한국중부발전(주)신서천발전본부,1,2022-01-17 07:00,NOx,7.31
한국중부발전(주)신서천발전본부,1,2022-01-17 07:30,TSP,1.31
한국중부발전(주)신서천발전본부,1,2022-01-17 07:30,SOx,4.74
한국중부발전(주)신서천발전본부,1,2022-01-17 07:30,NOx,8.66
한국중부발전(주)신서천발전본부,1,2022-01-17 08:00,TSP,1.34
한국중부발전(주)신서천발전본부,1,2022-01-17 08:00,SOx,4.9
한국중부발전(주)신서천발전본부,1,2022-01-17 08:00,NOx,7.85
한국중부발전(주)신서천발전본부,1,2022-01-17 08:30,TSP,1.37
한국중부발전(주)신서천발전본부,1,2022-01-17 08:30,SOx,4.96
한국중부발전(주)신서천발전본부,1,2022-01-17 08:30,NOx,7.93
한국중부발전(주)신서천발전본부,1,2022-01-17 09:00,TSP,1.41
한국중부발전(주)신서천발전본부,1,2022-01-17 09:00,SOx,4.61
한국중부발전(주)신서천발전본부,1,2022-01-17 09:00,NOx,9.55
한국중부발전(주)신서천발전본부,1,2022-01-17 09:30,TSP,1.39
한국중부발전(주)신서천발전본부,1,2022-01-17 09:30,SOx,4.35
한국중부발전(주)신서천발전본부,1,2022-01-17 09:30,NOx,8.41
한국중부발전(주)신서천발전본부,1,2022-01-17 10:00,TSP,1.39
한국중부발전(주)신서천발전본부,1,2022-01-17 10:00,SOx,4.61
한국중부발전(주)신서천발전본부,1,2022-01-17 10:00,NOx,7.1
한국중부발전(주)신서천발전본부,1,2022-01-17 10:30,TSP,1.39
한국중부발전(주)신서천발전본부,1,2022-01-17 10:30,SOx,4.66
한국중부발전(주)신서천발전본부,1,2022-01-17 10:30,NOx,6.76
한국중부발전(주)신서천발전본부,1,2022-01-17 11:00,TSP,1.44
한국중부발전(주)신서천발전본부,1,2022-01-17 11:00,SOx,4.61
한국중부발전(주)신서천발전본부,1,2022-01-17 11:00,NOx,6.67
한국중부발전(주)신서천발전본부,1,2022-01-17 11:30,TSP,1.41
한국중부발전(주)신서천발전본부,1,2022-01-17 11:30,SOx,4.38
한국중부발전(주)신서천발전본부,1,2022-01-17 11:30,NOx,6.02
한국중부발전(주)신서천발전본부,1,2022-01-17 12:00,TSP,1.33
한국중부발전(주)신서천발전본부,1,2022-01-17 12:00,SOx,4.57
한국중부발전(주)신서천발전본부,1,2022-01-17 12:00,NOx,7.61
한국중부발전(주)신서천발전본부,1,2022-01-17 12:30,TSP,1.44
한국중부발전(주)신서천발전본부,1,2022-01-17 12:30,SOx,4.63
한국중부발전(주)신서천발전본부,1,2022-01-17 12:30,NOx,7.22
한국중부발전(주)신서천발전본부,1,2022-01-17 13:00,TSP,1.44
한국중부발전(주)신서천발전본부,1,2022-01-17 13:00,SOx,5.38
한국중부발전(주)신서천발전본부,1,2022-01-17 13:00,NOx,6.32
한국중부발전(주)신서천발전본부,1,2022-01-17 13:30,TSP,1.38
한국중부발전(주)신서천발전본부,1,2022-01-17 13:30,SOx,5.19
한국중부발전(주)신서천발전본부,1,2022-01-17 13:30,NOx,7.86
한국중부발전(주)신서천발전본부,1,2022-01-17 14:00,TSP,1.4
한국중부발전(주)신서천발전본부,1,2022-01-17 14:00,SOx,4.98
한국중부발전(주)신서천발전본부,1,2022-01-17 14:00,NOx,7.92
한국중부발전(주)신서천발전본부,1,2022-01-17 14:30,TSP,1.41
한국중부발전(주)신서천발전본부,1,2022-01-17 14:30,SOx,4.76
한국중부발전(주)신서천발전본부,1,2022-01-17 14:30,NOx,7.88
한국중부발전(주)신서천발전본부,1,2022-01-17 15:00,TSP,1.43
한국중부발전(주)신서천발전본부,1,2022-01-17 15:00,SOx,4.86
한국중부발전(주)신서천발전본부,1,2022-01-17 15:00,NOx,7.06
한국중부발전(주)신서천발전본부,1,2022-01-17 15:30,TSP,1.42
한국중부발전(주)신서천발전본부,1,2022-01-17 15:30,SOx,5.01
한국중부발전(주)신서천발전본부,1,2022-01-17 15:30,NOx,6.69
한국중부발전(주)신서천발전본부,1,2022-01-17 16:00,TSP,1.34
한국중부발전(주)신서천발전본부,1,2022-01-17 16:00,SOx,4.73
한국중부발전(주)신서천발전본부,1,2022-01-17 16:00,NOx,6.18
한국중부발전(주)신서천발전본부,1,2022-01-17 16:30,TSP,1.33
한국중부발전(주)신서천발전본부,1,2022-01-17 16:30,SOx,4.48
한국중부발전(주)신서천발전본부,1,2022-01-17 16:30,NOx,6.47
한국중부발전(주)신서천발전본부,1,2022-01-17 17:00,TSP,1.38
한국중부발전(주)신서천발전본부,1,2022-01-17 17:00,SOx,4.23
한국중부발전(주)신서천발전본부,1,2022-01-17 17:00,NOx,7.07
한국중부발전(주)신서천발전본부,1,2022-01-17 17:30,TSP,1.35
한국중부발전(주)신서천발전본부,1,2022-01-17 17:30,SOx,4.42
한국중부발전(주)신서천발전본부,1,2022-01-17 17:30,NOx,7.18
한국중부발전(주)신서천발전본부,1,2022-01-17 18:00,TSP,1.36
한국중부발전(주)신서천발전본부,1,2022-01-17 18:00,SOx,4.38
한국중부발전(주)신서천발전본부,1,2022-01-17 18:00,NOx,6.78
한국중부발전(주)신서천발전본부,1,2022-01-17 18:30,TSP,1.32
한국중부발전(주)신서천발전본부,1,2022-01-17 18:30,SOx,4.31
한국중부발전(주)신서천발전본부,1,2022-01-17 18:30,NOx,6.62
한국중부발전(주)신서천발전본부,1,2022-01-17 19:00,TSP,1.31
한국중부발전(주)신서천발전본부,1,2022-01-17 19:00,SOx,4.25
한국중부발전(주)신서천발전본부,1,2022-01-17 19:00,NOx,7.25
한국중부발전(주)신서천발전본부,1,2022-01-17 19:30,TSP,1.39
한국중부발전(주)신서천발전본부,1,2022-01-17 19:30,SOx,4.29
한국중부발전(주)신서천발전본부,1,2022-01-17 19:30,NOx,6.78
한국중부발전(주)신서천발전본부,1,2022-01-17 20:00,TSP,1.31
한국중부발전(주)신서천발전본부,1,2022-01-17 20:00,SOx,4.31
한국중부발전(주)신서천발전본부,1,2022-01-17 20:00,NOx,7.22
한국중부발전(주)신서천발전본부,1,2022-01-17 20:30,TSP,1.33
한국중부발전(주)신서천발전본부,1,2022-01-17 20:30,SOx,4.51
한국중부발전(주)신서천발전본부,1,2022-01-17 20:30,NOx,7.1
한국중부발전(주)신서천발전본부,1,2022-01-17 21:00,TSP,1.3
한국중부발전(주)신서천발전본부,1,2022-01-17 21:00,SOx,4.22
한국중부발전(주)신서천발전본부,1,2022-01-17 21:00,NOx,7.89
한국중부발전(주)신서천발전본부,1,2022-01-17 21:30,TSP,1.3
한국중부발전(주)신서천발전본부,1,2022-01-17 21:30,SOx,4.26
한국중부발전(주)신서천발전본부,1,2022-01-17 21:30,NOx,7.31
한국중부발전(주)신서천발전본부,1,2022-01-17 22:00,TSP,1.27
한국중부발전(주)신서천발전본부,1,2022-01-17 22:00,SOx,4.3
한국중부발전(주)신서천발전본부,1,2022-01-17 22:00,NOx,7.66
한국중부발전(주)신서천발전본부,1,2022-01-17 22:30,TSP,1.27
한국중부발전(주)신서천발전본부,1,2022-01-17 22:30,SOx,4.4
한국중부발전(주)신서천발전본부,1,2022-01-17 22:30,NOx,6.81
한국중부발전(주)신서천발전본부,1,2022-01-17 23:00,TSP,1.23
한국중부발전(주)신서천발전본부,1,2022-01-17 23:00,SOx,4.4
한국중부발전(주)신서천발전본부,1,2022-01-17 23:00,NOx,7.3
한국중부발전(주)신서천발전본부,1,2022-01-17 23:30,TSP,1.22
한국중부발전(주)신서천발전본부,1,2022-01-17 23:30,SOx,4.32
한국중부발전(주)신서천발전본부,1,2022-01-17 23:30,NOx,7.02
한국중부발전(주)신서천발전본부,1,2022-01-18 00:00,TSP,1.21
한국중부발전(주)신서천발전본부,1,2022-01-18 00:00,SOx,4.18
한국중부발전(주)신서천발전본부,1,2022-01-18 00:00,NOx,8.14
한국중부발전(주)신서천발전본부,1,2022-01-18 00:30,TSP,1.21
한국중부발전(주)신서천발전본부,1,2022-01-18 00:30,SOx,4.15
한국중부발전(주)신서천발전본부,1,2022-01-18 00:30,NOx,7.03
한국중부발전(주)신서천발전본부,1,2022-01-18 01:00,TSP,1.22
한국중부발전(주)신서천발전본부,1,2022-01-18 01:00,SOx,4.11
한국중부발전(주)신서천발전본부,1,2022-01-18 01:00,NOx,8.08
한국중부발전(주)신서천발전본부,1,2022-01-18 01:30,TSP,1.2
한국중부발전(주)신서천발전본부,1,2022-01-18 01:30,SOx,4.25
한국중부발전(주)신서천발전본부,1,2022-01-18 01:30,NOx,7.9
한국중부발전(주)신서천발전본부,1,2022-01-18 02:00,TSP,1.19
한국중부발전(주)신서천발전본부,1,2022-01-18 02:00,SOx,4.15
한국중부발전(주)신서천발전본부,1,2022-01-18 02:00,NOx,8.25
한국중부발전(주)신서천발전본부,1,2022-01-18 02:30,TSP,1.2
한국중부발전(주)신서천발전본부,1,2022-01-18 02:30,SOx,4.27
한국중부발전(주)신서천발전본부,1,2022-01-18 02:30,NOx,7.87
한국중부발전(주)신서천발전본부,1,2022-01-18 03:00,TSP,1.19
한국중부발전(주)신서천발전본부,1,2022-01-18 03:00,SOx,4.18
한국중부발전(주)신서천발전본부,1,2022-01-18 03:00,NOx,7.94
한국중부발전(주)신서천발전본부,1,2022-01-18 03:30,TSP,1.2
한국중부발전(주)신서천발전본부,1,2022-01-18 03:30,SOx,4.3
한국중부발전(주)신서천발전본부,1,2022-01-18 03:30,NOx,8.33
한국중부발전(주)신서천발전본부,1,2022-01-18 04:00,TSP,1.21
한국중부발전(주)신서천발전본부,1,2022-01-18 04:00,SOx,4.2
한국중부발전(주)신서천발전본부,1,2022-01-18 04:00,NOx,7.77
한국중부발전(주)신서천발전본부,1,2022-01-18 04:30,TSP,1.22
한국중부발전(주)신서천발전본부,1,2022-01-18 04:30,SOx,4.26
한국중부발전(주)신서천발전본부,1,2022-01-18 04:30,NOx,7.34
한국중부발전(주)신서천발전본부,1,2022-01-18 05:00,TSP,1.21
한국중부발전(주)신서천발전본부,1,2022-01-18 05:00,SOx,4.24
한국중부발전(주)신서천발전본부,1,2022-01-18 05:00,NOx,7.15
한국중부발전(주)신서천발전본부,1,2022-01-18 05:30,TSP,1.21
한국중부발전(주)신서천발전본부,1,2022-01-18 05:30,SOx,4.29
한국중부발전(주)신서천발전본부,1,2022-01-18 05:30,NOx,7.5
한국중부발전(주)신서천발전본부,1,2022-01-18 06:00,TSP,1.2
한국중부발전(주)신서천발전본부,1,2022-01-18 06:00,SOx,4.18
한국중부발전(주)신서천발전본부,1,2022-01-18 06:00,NOx,7.46
한국중부발전(주)신서천발전본부,1,2022-01-18 06:30,TSP,1.21
한국중부발전(주)신서천발전본부,1,2022-01-18 06:30,SOx,4.16
한국중부발전(주)신서천발전본부,1,2022-01-18 06:30,NOx,7.62
한국중부발전(주)신서천발전본부,1,2022-01-18 07:00,TSP,1.21
한국중부발전(주)신서천발전본부,1,2022-01-18 07:00,SOx,4.5
한국중부발전(주)신서천발전본부,1,2022-01-18 07:00,NOx,7.6
한국중부발전(주)신서천발전본부,1,2022-01-18 07:30,TSP,1.21
한국중부발전(주)신서천발전본부,1,2022-01-18 07:30,SOx,4.61
한국중부발전(주)신서천발전본부,1,2022-01-18 07:30,NOx,8.36
한국중부발전(주)신서천발전본부,1,2022-01-18 08:00,TSP,1.23
한국중부발전(주)신서천발전본부,1,2022-01-18 08:00,SOx,4.66
한국중부발전(주)신서천발전본부,1,2022-01-18 08:00,NOx,8.41
한국중부발전(주)신서천발전본부,1,2022-01-18 08:30,TSP,1.26
한국중부발전(주)신서천발전본부,1,2022-01-18 08:30,SOx,4.88
한국중부발전(주)신서천발전본부,1,2022-01-18 08:30,NOx,8.26
한국중부발전(주)신서천발전본부,1,2022-01-18 09:00,TSP,1.28
한국중부발전(주)신서천발전본부,1,2022-01-18 09:00,SOx,4.45
한국중부발전(주)신서천발전본부,1,2022-01-18 09:00,NOx,8.17
한국중부발전(주)신서천발전본부,1,2022-01-18 09:30,TSP,1.28
한국중부발전(주)신서천발전본부,1,2022-01-18 09:30,SOx,4.14
한국중부발전(주)신서천발전본부,1,2022-01-18 09:30,NOx,8.15
한국중부발전(주)신서천발전본부,1,2022-01-18 10:00,TSP,1.28
한국중부발전(주)신서천발전본부,1,2022-01-18 10:00,SOx,4.11
한국중부발전(주)신서천발전본부,1,2022-01-18 10:00,NOx,7.73
한국중부발전(주)신서천발전본부,1,2022-01-18 10:30,TSP,1.28
한국중부발전(주)신서천발전본부,1,2022-01-18 10:30,SOx,4.11
한국중부발전(주)신서천발전본부,1,2022-01-18 10:30,NOx,7.73
한국중부발전(주)신서천발전본부,1,2022-01-18 11:00,TSP,1.28
한국중부발전(주)신서천발전본부,1,2022-01-18 11:00,SOx,4.11
한국중부발전(주)신서천발전본부,1,2022-01-18 11:00,NOx,7.73
한국중부발전(주)신서천발전본부,1,2022-01-18 11:30,TSP,1.28
한국중부발전(주)신서천발전본부,1,2022-01-18 11:30,SOx,4.11
한국중부발전(주)신서천발전본부,1,2022-01-18 11:30,NOx,7.73
한국중부발전(주)신서천발전본부,1,2022-01-18 12:00,TSP,1.28
한국중부발전(주)신서천발전본부,1,2022-01-18 12:00,SOx,4.11
한국중부발전(주)신서천발전본부,1,2022-01-18 12:00,NOx,7.73
한국중부발전(주)신서천발전본부,1,2022-01-18 12:30,TSP,72.91
한국중부발전(주)신서천발전본부,1,2022-01-18 12:30,SOx,149.69
한국중부발전(주)신서천발전본부,1,2022-01-18 12:30,NOx,11.8
한국중부발전(주)신서천발전본부,1,2022-01-18 13:00,TSP,0.0
한국중부발전(주)신서천발전본부,1,2022-01-18 13:00,SOx,0.0
한국중부발전(주)신서천발전본부,1,2022-01-18 13:00,NOx,0.0
한국중부발전(주)신서천발전본부,1,2022-01-18 13:30,TSP,0.0
한국중부발전(주)신서천발전본부,1,2022-01-18 13:30,SOx,0.0
한국중부발전(주)신서천발전본부,1,2022-01-18 13:30,NOx,0.0
한국중부발전(주)신서천발전본부,1,2022-01-18 14:00,TSP,0.0
한국중부발전(주)신서천발전본부,1,2022-01-18 14:00,SOx,0.0
한국중부발전(주)신서천발전본부,1,2022-01-18 14:00,NOx,0.0
한국중부발전(주)신서천발전본부,1,2022-01-18 14:30,TSP,0.0
한국중부발전(주)신서천발전본부,1,2022-01-18 14:30,SOx,0.0
한국중부발전(주)신서천발전본부,1,2022-01-18 14:30,NOx,0.0
한국중부발전(주)신서천발전본부,1,2022-01-18 15:00,TSP,0.0
한국중부발전(주)신서천발전본부,1,2022-01-18 15:00,SOx,0.0
한국중부발전(주)신서천발전본부,1,2022-01-18 15:00,NOx,0.0
한국중부발전(주)신서천발전본부,1,2022-01-18 15:30,TSP,0.0
한국중부발전(주)신서천발전본부,1,2022-01-18 15:30,SOx,0.0
한국중부발전(주)신서천발전본부,1,2022-01-18 15:30,NOx,0.0
한국중부발전(주)신서천발전본부,1,2022-01-18 16:00,TSP,0.0
한국중부발전(주)신서천발전본부,1,2022-01-18 16:00,SOx,0.0
한국중부발전(주)신서천발전본부,1,2022-01-18 16:00,NOx,0.0
한국중부발전(주)신서천발전본부,1,2022-01-18 16:30,TSP,0.0
한국중부발전(주)신서천발전본부,1,2022-01-18 16:30,SOx,0.0
한국중부발전(주)신서천발전본부,1,2022-01-18 16:30,NOx,0.0
한국중부발전(주)신서천발전본부,1,2022-01-18 17:00,TSP,0.0
한국중부발전(주)신서천발전본부,1,2022-01-18 17:00,SOx,0.0
한국중부발전(주)신서천발전본부,1,2022-01-18 17:00,NOx,0.0
한국중부발전(주)신서천발전본부,1,2022-01-18 17:30,TSP,0.0
한국중부발전(주)신서천발전본부,1,2022-01-18 17:30,SOx,0.0
한국중부발전(주)신서천발전본부,1,2022-01-18 17:30,NOx,0.0
한국중부발전(주)신서천발전본부,1,2022-01-18 18:00,TSP,13.39
한국중부발전(주)신서천발전본부,1,2022-01-18 18:00,SOx,2.35
한국중부발전(주)신서천발전본부,1,2022-01-18 18:00,NOx,42.18
한국중부발전(주)신서천발전본부,1,2022-01-18 18:30,TSP,4.5
한국중부발전(주)신서천발전본부,1,2022-01-18 18:30,SOx,1.7
한국중부발전(주)신서천발전본부,1,2022-01-18 18:30,NOx,47.68
한국중부발전(주)신서천발전본부,1,2022-01-18 19:00,TSP,3.23
한국중부발전(주)신서천발전본부,1,2022-01-18 19:00,SOx,1.6
한국중부발전(주)신서천발전본부,1,2022-01-18 19:00,NOx,49.09
한국중부발전(주)신서천발전본부,1,2022-01-18 19:30,TSP,2.69
한국중부발전(주)신서천발전본부,1,2022-01-18 19:30,SOx,7.67
한국중부발전(주)신서천발전본부,1,2022-01-18 19:30,NOx,50.36
한국중부발전(주)신서천발전본부,1,2022-01-18 20:00,TSP,3.06
한국중부발전(주)신서천발전본부,1,2022-01-18 20:00,SOx,14.01
한국중부발전(주)신서천발전본부,1,2022-01-18 20:00,NOx,64.28
한국중부발전(주)신서천발전본부,1,2022-01-18 20:30,TSP,2.6
한국중부발전(주)신서천발전본부,1,2022-01-18 20:30,SOx,15.32
한국중부발전(주)신서천발전본부,1,2022-01-18 20:30,NOx,123.13
한국중부발전(주)신서천발전본부,1,2022-01-18 21:00,TSP,1.73
한국중부발전(주)신서천발전본부,1,2022-01-18 21:00,SOx,0.59
한국중부발전(주)신서천발전본부,1,2022-01-18 21:00,NOx,103.79
한국중부발전(주)신서천발전본부,1,2022-01-18 21:30,TSP,1.57
한국중부발전(주)신서천발전본부,1,2022-01-18 21:30,SOx,0.53
한국중부발전(주)신서천발전본부,1,2022-01-18 21:30,NOx,84.65
한국중부발전(주)신서천발전본부,1,2022-01-18 22:00,TSP,1.37
한국중부발전(주)신서천발전본부,1,2022-01-18 22:00,SOx,0.75
한국중부발전(주)신서천발전본부,1,2022-01-18 22:00,NOx,70.33
한국중부발전(주)신서천발전본부,1,2022-01-18 22:30,TSP,1.24
한국중부발전(주)신서천발전본부,1,2022-01-18 22:30,SOx,1.09
한국중부발전(주)신서천발전본부,1,2022-01-18 22:30,NOx,57.98
한국중부발전(주)신서천발전본부,1,2022-01-18 23:00,TSP,1.25
한국중부발전(주)신서천발전본부,1,2022-01-18 23:00,SOx,1.32
한국중부발전(주)신서천발전본부,1,2022-01-18 23:00,NOx,8.09
한국중부발전(주)신서천발전본부,1,2022-01-18 23:30,TSP,1.08
한국중부발전(주)신서천발전본부,1,2022-01-18 23:30,SOx,2.89
한국중부발전(주)신서천발전본부,1,2022-01-18 23:30,NOx,2.6
한국중부발전(주)신서천발전본부,1,2022-01-19 00:00,TSP,1.04
한국중부발전(주)신서천발전본부,1,2022-01-19 00:00,SOx,3.64
한국중부발전(주)신서천발전본부,1,2022-01-19 00:00,NOx,2.06
한국중부발전(주)신서천발전본부,1,2022-01-19 00:30,TSP,1.01
한국중부발전(주)신서천발전본부,1,2022-01-19 00:30,SOx,2.94
한국중부발전(주)신서천발전본부,1,2022-01-19 00:30,NOx,2.05
한국중부발전(주)신서천발전본부,1,2022-01-19 01:00,TSP,1.05
한국중부발전(주)신서천발전본부,1,2022-01-19 01:00,SOx,2.87
한국중부발전(주)신서천발전본부,1,2022-01-19 01:00,NOx,6.96
한국중부발전(주)신서천발전본부,1,2022-01-19 01:30,TSP,1.08
한국중부발전(주)신서천발전본부,1,2022-01-19 01:30,SOx,2.84
한국중부발전(주)신서천발전본부,1,2022-01-19 01:30,NOx,9.48
한국중부발전(주)신서천발전본부,1,2022-01-19 02:00,TSP,1.29
한국중부발전(주)신서천발전본부,1,2022-01-19 02:00,SOx,1.79
한국중부발전(주)신서천발전본부,1,2022-01-19 02:00,NOx,8.93
한국중부발전(주)신서천발전본부,1,2022-01-19 02:30,TSP,1.29
한국중부발전(주)신서천발전본부,1,2022-01-19 02:30,SOx,1.4
한국중부발전(주)신서천발전본부,1,2022-01-19 02:30,NOx,9.19
한국중부발전(주)신서천발전본부,1,2022-01-19 03:00,TSP,1.45
한국중부발전(주)신서천발전본부,1,2022-01-19 03:00,SOx,1.37
한국중부발전(주)신서천발전본부,1,2022-01-19 03:00,NOx,8.24
한국중부발전(주)신서천발전본부,1,2022-01-19 03:30,TSP,1.39
한국중부발전(주)신서천발전본부,1,2022-01-19 03:30,SOx,1.3
한국중부발전(주)신서천발전본부,1,2022-01-19 03:30,NOx,7.43
한국중부발전(주)신서천발전본부,1,2022-01-19 04:00,TSP,1.38
한국중부발전(주)신서천발전본부,1,2022-01-19 04:00,SOx,1.23
한국중부발전(주)신서천발전본부,1,2022-01-19 04:00,NOx,6.69
한국중부발전(주)신서천발전본부,1,2022-01-19 04:30,TSP,1.31
한국중부발전(주)신서천발전본부,1,2022-01-19 04:30,SOx,1.39
한국중부발전(주)신서천발전본부,1,2022-01-19 04:30,NOx,6.27
한국중부발전(주)신서천발전본부,1,2022-01-19 05:00,TSP,1.29
한국중부발전(주)신서천발전본부,1,2022-01-19 05:00,SOx,1.47
한국중부발전(주)신서천발전본부,1,2022-01-19 05:00,NOx,4.92
한국중부발전(주)신서천발전본부,1,2022-01-19 05:30,TSP,1.29
한국중부발전(주)신서천발전본부,1,2022-01-19 05:30,SOx,1.36
한국중부발전(주)신서천발전본부,1,2022-01-19 05:30,NOx,5.32
한국중부발전(주)신서천발전본부,1,2022-01-19 06:00,TSP,1.42
한국중부발전(주)신서천발전본부,1,2022-01-19 06:00,SOx,1.09
한국중부발전(주)신서천발전본부,1,2022-01-19 06:00,NOx,7.1
한국중부발전(주)신서천발전본부,1,2022-01-19 06:30,TSP,1.41
한국중부발전(주)신서천발전본부,1,2022-01-19 06:30,SOx,1.06
한국중부발전(주)신서천발전본부,1,2022-01-19 06:30,NOx,7.4
한국중부발전(주)신서천발전본부,1,2022-01-19 07:00,TSP,1.39
한국중부발전(주)신서천발전본부,1,2022-01-19 07:00,SOx,1.17
한국중부발전(주)신서천발전본부,1,2022-01-19 07:00,NOx,6.66
한국중부발전(주)신서천발전본부,1,2022-01-19 07:30,TSP,1.38
한국중부발전(주)신서천발전본부,1,2022-01-19 07:30,SOx,1.05
한국중부발전(주)신서천발전본부,1,2022-01-19 07:30,NOx,6.11
한국중부발전(주)신서천발전본부,1,2022-01-19 08:00,TSP,1.4
한국중부발전(주)신서천발전본부,1,2022-01-19 08:00,SOx,1.16
한국중부발전(주)신서천발전본부,1,2022-01-19 08:00,NOx,6.15
한국중부발전(주)신서천발전본부,1,2022-01-19 08:30,TSP,1.29
한국중부발전(주)신서천발전본부,1,2022-01-19 08:30,SOx,1.65
한국중부발전(주)신서천발전본부,1,2022-01-19 08:30,NOx,5.1
한국중부발전(주)신서천발전본부,1,2022-01-19 09:00,TSP,1.27
한국중부발전(주)신서천발전본부,1,2022-01-19 09:00,SOx,3.08
한국중부발전(주)신서천발전본부,1,2022-01-19 09:00,NOx,4.69
한국중부발전(주)신서천발전본부,1,2022-01-19 09:30,TSP,1.24
한국중부발전(주)신서천발전본부,1,2022-01-19 09:30,SOx,3.56
한국중부발전(주)신서천발전본부,1,2022-01-19 09:30,NOx,5.67
한국중부발전(주)신서천발전본부,1,2022-01-19 10:00,TSP,1.26
한국중부발전(주)신서천발전본부,1,2022-01-19 10:00,SOx,2.46
한국중부발전(주)신서천발전본부,1,2022-01-19 10:00,NOx,7.12
한국중부발전(주)신서천발전본부,1,2022-01-19 10:30,TSP,1.29
한국중부발전(주)신서천발전본부,1,2022-01-19 10:30,SOx,2.36
한국중부발전(주)신서천발전본부,1,2022-01-19 10:30,NOx,6.84
한국중부발전(주)신서천발전본부,1,2022-01-19 11:00,TSP,1.36
한국중부발전(주)신서천발전본부,1,2022-01-19 11:00,SOx,2.78
한국중부발전(주)신서천발전본부,1,2022-01-19 11:00,NOx,6.48
한국중부발전(주)신서천발전본부,1,2022-01-19 11:30,TSP,1.52
한국중부발전(주)신서천발전본부,1,2022-01-19 11:30,SOx,2.75
한국중부발전(주)신서천발전본부,1,2022-01-19 11:30,NOx,6.47
한국중부발전(주)신서천발전본부,1,2022-01-19 12:00,TSP,1.5
한국중부발전(주)신서천발전본부,1,2022-01-19 12:00,SOx,2.67
한국중부발전(주)신서천발전본부,1,2022-01-19 12:00,NOx,6.01
한국중부발전(주)신서천발전본부,1,2022-01-19 12:30,TSP,1.44
한국중부발전(주)신서천발전본부,1,2022-01-19 12:30,SOx,2.66
한국중부발전(주)신서천발전본부,1,2022-01-19 12:30,NOx,6.34
한국중부발전(주)신서천발전본부,1,2022-01-19 13:00,TSP,1.55
한국중부발전(주)신서천발전본부,1,2022-01-19 13:00,SOx,2.55
한국중부발전(주)신서천발전본부,1,2022-01-19 13:00,NOx,5.14
한국중부발전(주)신서천발전본부,1,2022-01-19 13:30,TSP,1.59
한국중부발전(주)신서천발전본부,1,2022-01-19 13:30,SOx,2.87
한국중부발전(주)신서천발전본부,1,2022-01-19 13:30,NOx,5.55
한국중부발전(주)신서천발전본부,1,2022-01-19 14:00,TSP,1.62
한국중부발전(주)신서천발전본부,1,2022-01-19 14:00,SOx,3.02
한국중부발전(주)신서천발전본부,1,2022-01-19 14:00,NOx,5.97
한국중부발전(주)신서천발전본부,1,2022-01-19 14:30,TSP,1.62
한국중부발전(주)신서천발전본부,1,2022-01-19 14:30,SOx,3.01
한국중부발전(주)신서천발전본부,1,2022-01-19 14:30,NOx,4.68
한국중부발전(주)신서천발전본부,1,2022-01-19 15:00,TSP,1.6
한국중부발전(주)신서천발전본부,1,2022-01-19 15:00,SOx,3.23
한국중부발전(주)신서천발전본부,1,2022-01-19 15:00,NOx,5.81
한국중부발전(주)신서천발전본부,1,2022-01-19 15:30,TSP,1.59
한국중부발전(주)신서천발전본부,1,2022-01-19 15:30,SOx,2.93
한국중부발전(주)신서천발전본부,1,2022-01-19 15:30,NOx,5.07
한국중부발전(주)신서천발전본부,1,2022-01-19 16:00,TSP,1.55
한국중부발전(주)신서천발전본부,1,2022-01-19 16:00,SOx,3.07
한국중부발전(주)신서천발전본부,1,2022-01-19 16:00,NOx,5.05
한국중부발전(주)신서천발전본부,1,2022-01-19 16:30,TSP,1.55
한국중부발전(주)신서천발전본부,1,2022-01-19 16:30,SOx,3.09
한국중부발전(주)신서천발전본부,1,2022-01-19 16:30,NOx,5.06
한국중부발전(주)신서천발전본부,1,2022-01-19 17:00,TSP,1.52
한국중부발전(주)신서천발전본부,1,2022-01-19 17:00,SOx,2.93
한국중부발전(주)신서천발전본부,1,2022-01-19 17:00,NOx,5.2
한국중부발전(주)신서천발전본부,1,2022-01-19 17:30,TSP,1.49
한국중부발전(주)신서천발전본부,1,2022-01-19 17:30,SOx,3.01
한국중부발전(주)신서천발전본부,1,2022-01-19 17:30,NOx,5.58
한국중부발전(주)신서천발전본부,1,2022-01-19 18:00,TSP,1.5
한국중부발전(주)신서천발전본부,1,2022-01-19 18:00,SOx,2.88
한국중부발전(주)신서천발전본부,1,2022-01-19 18:00,NOx,5.03
한국중부발전(주)신서천발전본부,1,2022-01-19 18:30,TSP,1.47
한국중부발전(주)신서천발전본부,1,2022-01-19 18:30,SOx,2.84
한국중부발전(주)신서천발전본부,1,2022-01-19 18:30,NOx,5.25
한국중부발전(주)신서천발전본부,1,2022-01-19 19:00,TSP,1.46
한국중부발전(주)신서천발전본부,1,2022-01-19 19:00,SOx,2.98
한국중부발전(주)신서천발전본부,1,2022-01-19 19:00,NOx,5.41
한국중부발전(주)신서천발전본부,1,2022-01-19 19:30,TSP,1.47
한국중부발전(주)신서천발전본부,1,2022-01-19 19:30,SOx,2.6
한국중부발전(주)신서천발전본부,1,2022-01-19 19:30,NOx,5.79
한국중부발전(주)신서천발전본부,1,2022-01-19 20:00,TSP,1.41
한국중부발전(주)신서천발전본부,1,2022-01-19 20:00,SOx,2.84
한국중부발전(주)신서천발전본부,1,2022-01-19 20:00,NOx,5.35
한국중부발전(주)신서천발전본부,1,2022-01-19 20:30,TSP,1.39
한국중부발전(주)신서천발전본부,1,2022-01-19 20:30,SOx,2.72
한국중부발전(주)신서천발전본부,1,2022-01-19 20:30,NOx,5.22
한국중부발전(주)신서천발전본부,1,2022-01-19 21:00,TSP,1.35
한국중부발전(주)신서천발전본부,1,2022-01-19 21:00,SOx,2.66
한국중부발전(주)신서천발전본부,1,2022-01-19 21:00,NOx,5.3
한국중부발전(주)신서천발전본부,1,2022-01-19 21:30,TSP,1.36
한국중부발전(주)신서천발전본부,1,2022-01-19 21:30,SOx,2.8
한국중부발전(주)신서천발전본부,1,2022-01-19 21:30,NOx,5.14
한국중부발전(주)신서천발전본부,1,2022-01-19 22:00,TSP,1.39
한국중부발전(주)신서천발전본부,1,2022-01-19 22:00,SOx,2.67
한국중부발전(주)신서천발전본부,1,2022-01-19 22:00,NOx,5.32
한국중부발전(주)신서천발전본부,1,2022-01-19 22:30,TSP,1.33
한국중부발전(주)신서천발전본부,1,2022-01-19 22:30,SOx,2.68
한국중부발전(주)신서천발전본부,1,2022-01-19 22:30,NOx,5.67
한국중부발전(주)신서천발전본부,1,2022-01-19 23:00,TSP,1.34
한국중부발전(주)신서천발전본부,1,2022-01-19 23:00,SOx,3.22
한국중부발전(주)신서천발전본부,1,2022-01-19 23:00,NOx,4.91
한국중부발전(주)신서천발전본부,1,2022-01-19 23:30,TSP,1.36
한국중부발전(주)신서천발전본부,1,2022-01-19 23:30,SOx,3.41
한국중부발전(주)신서천발전본부,1,2022-01-19 23:30,NOx,5.02
한국중부발전(주)신서천발전본부,1,2022-01-20 00:00,TSP,1.32
한국중부발전(주)신서천발전본부,1,2022-01-20 00:00,SOx,3.54
한국중부발전(주)신서천발전본부,1,2022-01-20 00:00,NOx,9.02
한국중부발전(주)신서천발전본부,1,2022-01-20 00:30,TSP,1.39
한국중부발전(주)신서천발전본부,1,2022-01-20 00:30,SOx,3.5
한국중부발전(주)신서천발전본부,1,2022-01-20 00:30,NOx,18.61
한국중부발전(주)신서천발전본부,1,2022-01-20 01:00,TSP,1.25
한국중부발전(주)신서천발전본부,1,2022-01-20 01:00,SOx,2.12
한국중부발전(주)신서천발전본부,1,2022-01-20 01:00,NOx,2.35
한국중부발전(주)신서천발전본부,1,2022-01-20 01:30,TSP,1.25
한국중부발전(주)신서천발전본부,1,2022-01-20 01:30,SOx,2.03
한국중부발전(주)신서천발전본부,1,2022-01-20 01:30,NOx,4.52
한국중부발전(주)신서천발전본부,1,2022-01-20 02:00,TSP,1.19
한국중부발전(주)신서천발전본부,1,2022-01-20 02:00,SOx,2.33
한국중부발전(주)신서천발전본부,1,2022-01-20 02:00,NOx,1.23
한국중부발전(주)신서천발전본부,1,2022-01-20 02:30,TSP,1.19
한국중부발전(주)신서천발전본부,1,2022-01-20 02:30,SOx,2.86
한국중부발전(주)신서천발전본부,1,2022-01-20 02:30,NOx,0.93
한국중부발전(주)신서천발전본부,1,2022-01-20 03:00,TSP,1.15
한국중부발전(주)신서천발전본부,1,2022-01-20 03:00,SOx,2.54
한국중부발전(주)신서천발전본부,1,2022-01-20 03:00,NOx,0.31
한국중부발전(주)신서천발전본부,1,2022-01-20 03:30,TSP,1.12
한국중부발전(주)신서천발전본부,1,2022-01-20 03:30,SOx,2.35
한국중부발전(주)신서천발전본부,1,2022-01-20 03:30,NOx,0.32
한국중부발전(주)신서천발전본부,1,2022-01-20 04:00,TSP,1.17
한국중부발전(주)신서천발전본부,1,2022-01-20 04:00,SOx,2.45
한국중부발전(주)신서천발전본부,1,2022-01-20 04:00,NOx,0.92
한국중부발전(주)신서천발전본부,1,2022-01-20 04:30,TSP,1.18
한국중부발전(주)신서천발전본부,1,2022-01-20 04:30,SOx,2.89
한국중부발전(주)신서천발전본부,1,2022-01-20 04:30,NOx,1.26
한국중부발전(주)신서천발전본부,1,2022-01-20 05:00,TSP,1.22
한국중부발전(주)신서천발전본부,1,2022-01-20 05:00,SOx,2.83
한국중부발전(주)신서천발전본부,1,2022-01-20 05:00,NOx,1.43
한국중부발전(주)신서천발전본부,1,2022-01-20 05:30,TSP,1.2
한국중부발전(주)신서천발전본부,1,2022-01-20 05:30,SOx,2.46
한국중부발전(주)신서천발전본부,1,2022-01-20 05:30,NOx,1.1
한국중부발전(주)신서천발전본부,1,2022-01-20 06:00,TSP,1.16
한국중부발전(주)신서천발전본부,1,2022-01-20 06:00,SOx,2.79
한국중부발전(주)신서천발전본부,1,2022-01-20 06:00,NOx,0.91
한국중부발전(주)신서천발전본부,1,2022-01-20 06:30,TSP,1.16
한국중부발전(주)신서천발전본부,1,2022-01-20 06:30,SOx,2.82
한국중부발전(주)신서천발전본부,1,2022-01-20 06:30,NOx,1.17
한국중부발전(주)신서천발전본부,1,2022-01-20 07:00,TSP,1.17
한국중부발전(주)신서천발전본부,1,2022-01-20 07:00,SOx,2.81
한국중부발전(주)신서천발전본부,1,2022-01-20 07:00,NOx,1.08
한국중부발전(주)신서천발전본부,1,2022-01-20 07:30,TSP,1.16
한국중부발전(주)신서천발전본부,1,2022-01-20 07:30,SOx,2.85
한국중부발전(주)신서천발전본부,1,2022-01-20 07:30,NOx,0.92
한국중부발전(주)신서천발전본부,1,2022-01-20 08:00,TSP,1.18
한국중부발전(주)신서천발전본부,1,2022-01-20 08:00,SOx,2.87
한국중부발전(주)신서천발전본부,1,2022-01-20 08:00,NOx,4.15
한국중부발전(주)신서천발전본부,1,2022-01-20 08:30,TSP,1.16
한국중부발전(주)신서천발전본부,1,2022-01-20 08:30,SOx,2.88
한국중부발전(주)신서천발전본부,1,2022-01-20 08:30,NOx,7.72
한국중부발전(주)신서천발전본부,1,2022-01-20 09:00,TSP,1.17
한국중부발전(주)신서천발전본부,1,2022-01-20 09:00,SOx,2.94
한국중부발전(주)신서천발전본부,1,2022-01-20 09:00,NOx,4.82
한국중부발전(주)신서천발전본부,1,2022-01-20 09:30,TSP,1.25
한국중부발전(주)신서천발전본부,1,2022-01-20 09:30,SOx,2.94
한국중부발전(주)신서천발전본부,1,2022-01-20 09:30,NOx,2.29
한국중부발전(주)신서천발전본부,1,2022-01-20 10:00,TSP,1.31
한국중부발전(주)신서천발전본부,1,2022-01-20 10:00,SOx,2.98
한국중부발전(주)신서천발전본부,1,2022-01-20 10:00,NOx,7.05
한국중부발전(주)신서천발전본부,1,2022-01-20 10:30,TSP,1.27
한국중부발전(주)신서천발전본부,1,2022-01-20 10:30,SOx,3.03
한국중부발전(주)신서천발전본부,1,2022-01-20 10:30,NOx,5.31
한국중부발전(주)신서천발전본부,1,2022-01-20 11:00,TSP,1.28
한국중부발전(주)신서천발전본부,1,2022-01-20 11:00,SOx,3.28
한국중부발전(주)신서천발전본부,1,2022-01-20 11:00,NOx,4.88
한국중부발전(주)신서천발전본부,1,2022-01-20 11:30,TSP,1.26
한국중부발전(주)신서천발전본부,1,2022-01-20 11:30,SOx,3.51
한국중부발전(주)신서천발전본부,1,2022-01-20 11:30,NOx,3.56
한국중부발전(주)신서천발전본부,1,2022-01-20 12:00,TSP,1.19
한국중부발전(주)신서천발전본부,1,2022-01-20 12:00,SOx,3.34
한국중부발전(주)신서천발전본부,1,2022-01-20 12:00,NOx,8.22
한국중부발전(주)신서천발전본부,1,2022-01-20 12:30,TSP,1.2
한국중부발전(주)신서천발전본부,1,2022-01-20 12:30,SOx,3.46
한국중부발전(주)신서천발전본부,1,2022-01-20 12:30,NOx,8.15
한국중부발전(주)신서천발전본부,1,2022-01-20 13:00,TSP,1.22
한국중부발전(주)신서천발전본부,1,2022-01-20 13:00,SOx,3.17
한국중부발전(주)신서천발전본부,1,2022-01-20 13:00,NOx,6.57
한국중부발전(주)신서천발전본부,1,2022-01-20 13:30,TSP,1.22
한국중부발전(주)신서천발전본부,1,2022-01-20 13:30,SOx,3.35
한국중부발전(주)신서천발전본부,1,2022-01-20 13:30,NOx,8.3
한국중부발전(주)신서천발전본부,1,2022-01-20 14:00,TSP,1.27
한국중부발전(주)신서천발전본부,1,2022-01-20 14:00,SOx,3.37
한국중부발전(주)신서천발전본부,1,2022-01-20 14:00,NOx,7.51
한국중부발전(주)신서천발전본부,1,2022-01-20 14:30,TSP,1.27
한국중부발전(주)신서천발전본부,1,2022-01-20 14:30,SOx,3.25
한국중부발전(주)신서천발전본부,1,2022-01-20 14:30,NOx,8.27
한국중부발전(주)신서천발전본부,1,2022-01-20 15:00,TSP,1.26
한국중부발전(주)신서천발전본부,1,2022-01-20 15:00,SOx,3.24
한국중부발전(주)신서천발전본부,1,2022-01-20 15:00,NOx,6.92
한국중부발전(주)신서천발전본부,1,2022-01-20 15:30,TSP,1.24
한국중부발전(주)신서천발전본부,1,2022-01-20 15:30,SOx,4.04
한국중부발전(주)신서천발전본부,1,2022-01-20 15:30,NOx,7.91
한국중부발전(주)신서천발전본부,1,2022-01-20 16:00,TSP,1.22
한국중부발전(주)신서천발전본부,1,2022-01-20 16:00,SOx,3.89
한국중부발전(주)신서천발전본부,1,2022-01-20 16:00,NOx,11.06
한국중부발전(주)신서천발전본부,1,2022-01-20 16:30,TSP,1.22
한국중부발전(주)신서천발전본부,1,2022-01-20 16:30,SOx,3.97
한국중부발전(주)신서천발전본부,1,2022-01-20 16:30,NOx,7.39
한국중부발전(주)신서천발전본부,1,2022-01-20 17:00,TSP,1.26
한국중부발전(주)신서천발전본부,1,2022-01-20 17:00,SOx,4.08
한국중부발전(주)신서천발전본부,1,2022-01-20 17:00,NOx,7.43
한국중부발전(주)신서천발전본부,1,2022-01-20 17:30,TSP,1.24
한국중부발전(주)신서천발전본부,1,2022-01-20 17:30,SOx,3.67
한국중부발전(주)신서천발전본부,1,2022-01-20 17:30,NOx,7.59
한국중부발전(주)신서천발전본부,1,2022-01-20 18:00,TSP,1.24
한국중부발전(주)신서천발전본부,1,2022-01-20 18:00,SOx,3.79
한국중부발전(주)신서천발전본부,1,2022-01-20 18:00,NOx,7.95
한국중부발전(주)신서천발전본부,1,2022-01-20 18:30,TSP,1.25
한국중부발전(주)신서천발전본부,1,2022-01-20 18:30,SOx,3.81
한국중부발전(주)신서천발전본부,1,2022-01-20 18:30,NOx,7.02
한국중부발전(주)신서천발전본부,1,2022-01-20 19:00,TSP,1.26
한국중부발전(주)신서천발전본부,1,2022-01-20 19:00,SOx,3.62
한국중부발전(주)신서천발전본부,1,2022-01-20 19:00,NOx,7.44
한국중부발전(주)신서천발전본부,1,2022-01-20 19:30,TSP,1.22
한국중부발전(주)신서천발전본부,1,2022-01-20 19:30,SOx,3.59
한국중부발전(주)신서천발전본부,1,2022-01-20 19:30,NOx,7.49
한국중부발전(주)신서천발전본부,1,2022-01-20 20:00,TSP,1.18
한국중부발전(주)신서천발전본부,1,2022-01-20 20:00,SOx,3.99
한국중부발전(주)신서천발전본부,1,2022-01-20 20:00,NOx,6.57
한국중부발전(주)신서천발전본부,1,2022-01-20 20:30,TSP,1.18
한국중부발전(주)신서천발전본부,1,2022-01-20 20:30,SOx,3.68
한국중부발전(주)신서천발전본부,1,2022-01-20 20:30,NOx,7.46
한국중부발전(주)신서천발전본부,1,2022-01-20 21:00,TSP,1.19
한국중부발전(주)신서천발전본부,1,2022-01-20 21:00,SOx,3.54
한국중부발전(주)신서천발전본부,1,2022-01-20 21:00,NOx,6.91
한국중부발전(주)신서천발전본부,1,2022-01-20 21:30,TSP,1.2
한국중부발전(주)신서천발전본부,1,2022-01-20 21:30,SOx,3.69
한국중부발전(주)신서천발전본부,1,2022-01-20 21:30,NOx,5.62
한국중부발전(주)신서천발전본부,1,2022-01-20 22:00,TSP,1.22
한국중부발전(주)신서천발전본부,1,2022-01-20 22:00,SOx,3.67
한국중부발전(주)신서천발전본부,1,2022-01-20 22:00,NOx,7.12
한국중부발전(주)신서천발전본부,1,2022-01-20 22:30,TSP,1.2
한국중부발전(주)신서천발전본부,1,2022-01-20 22:30,SOx,3.45
한국중부발전(주)신서천발전본부,1,2022-01-20 22:30,NOx,6.94
한국중부발전(주)신서천발전본부,1,2022-01-20 23:00,TSP,1.21
한국중부발전(주)신서천발전본부,1,2022-01-20 23:00,SOx,3.42
한국중부발전(주)신서천발전본부,1,2022-01-20 23:00,NOx,8.08
한국중부발전(주)신서천발전본부,1,2022-01-20 23:30,TSP,1.2
한국중부발전(주)신서천발전본부,1,2022-01-20 23:30,SOx,3.39
한국중부발전(주)신서천발전본부,1,2022-01-20 23:30,NOx,6.54
한국중부발전(주)신서천발전본부,1,2022-01-21 00:00,TSP,1.2
한국중부발전(주)신서천발전본부,1,2022-01-21 00:00,SOx,3.28
한국중부발전(주)신서천발전본부,1,2022-01-21 00:00,NOx,6.48
한국중부발전(주)신서천발전본부,1,2022-01-21 00:30,TSP,1.23
한국중부발전(주)신서천발전본부,1,2022-01-21 00:30,SOx,3.03
한국중부발전(주)신서천발전본부,1,2022-01-21 00:30,NOx,5.83
한국중부발전(주)신서천발전본부,1,2022-01-21 01:00,TSP,1.25
한국중부발전(주)신서천발전본부,1,2022-01-21 01:00,SOx,3.0
한국중부발전(주)신서천발전본부,1,2022-01-21 01:00,NOx,7.26
한국중부발전(주)신서천발전본부,1,2022-01-21 01:30,TSP,1.26
한국중부발전(주)신서천발전본부,1,2022-01-21 01:30,SOx,3.39
한국중부발전(주)신서천발전본부,1,2022-01-21 01:30,NOx,4.95
한국중부발전(주)신서천발전본부,1,2022-01-21 02:00,TSP,1.23
한국중부발전(주)신서천발전본부,1,2022-01-21 02:00,SOx,3.26
한국중부발전(주)신서천발전본부,1,2022-01-21 02:00,NOx,4.94
한국중부발전(주)신서천발전본부,1,2022-01-21 02:30,TSP,1.23
한국중부발전(주)신서천발전본부,1,2022-01-21 02:30,SOx,3.84
한국중부발전(주)신서천발전본부,1,2022-01-21 02:30,NOx,6.51
한국중부발전(주)신서천발전본부,1,2022-01-21 03:00,TSP,1.2
한국중부발전(주)신서천발전본부,1,2022-01-21 03:00,SOx,4.28
한국중부발전(주)신서천발전본부,1,2022-01-21 03:00,NOx,5.29
한국중부발전(주)신서천발전본부,1,2022-01-21 03:30,TSP,1.18
한국중부발전(주)신서천발전본부,1,2022-01-21 03:30,SOx,4.16
한국중부발전(주)신서천발전본부,1,2022-01-21 03:30,NOx,4.09
한국중부발전(주)신서천발전본부,1,2022-01-21 04:00,TSP,1.15
한국중부발전(주)신서천발전본부,1,2022-01-21 04:00,SOx,4.6
한국중부발전(주)신서천발전본부,1,2022-01-21 04:00,NOx,4.57
한국중부발전(주)신서천발전본부,1,2022-01-21 04:30,TSP,1.18
한국중부발전(주)신서천발전본부,1,2022-01-21 04:30,SOx,4.0
한국중부발전(주)신서천발전본부,1,2022-01-21 04:30,NOx,4.75
한국중부발전(주)신서천발전본부,1,2022-01-21 05:00,TSP,1.17
한국중부발전(주)신서천발전본부,1,2022-01-21 05:00,SOx,4.11
한국중부발전(주)신서천발전본부,1,2022-01-21 05:00,NOx,5.79
한국중부발전(주)신서천발전본부,1,2022-01-21 05:30,TSP,1.18
한국중부발전(주)신서천발전본부,1,2022-01-21 05:30,SOx,4.0
한국중부발전(주)신서천발전본부,1,2022-01-21 05:30,NOx,5.8
한국중부발전(주)신서천발전본부,1,2022-01-21 06:00,TSP,1.18
한국중부발전(주)신서천발전본부,1,2022-01-21 06:00,SOx,3.76
한국중부발전(주)신서천발전본부,1,2022-01-21 06:00,NOx,6.19
한국중부발전(주)신서천발전본부,1,2022-01-21 06:30,TSP,1.22
한국중부발전(주)신서천발전본부,1,2022-01-21 06:30,SOx,3.63
한국중부발전(주)신서천발전본부,1,2022-01-21 06:30,NOx,6.22
한국중부발전(주)신서천발전본부,1,2022-01-21 07:00,TSP,1.19
한국중부발전(주)신서천발전본부,1,2022-01-21 07:00,SOx,3.99
한국중부발전(주)신서천발전본부,1,2022-01-21 07:00,NOx,6.03
한국중부발전(주)신서천발전본부,1,2022-01-21 07:30,TSP,1.19
한국중부발전(주)신서천발전본부,1,2022-01-21 07:30,SOx,4.57
한국중부발전(주)신서천발전본부,1,2022-01-21 07:30,NOx,6.39
한국중부발전(주)신서천발전본부,1,2022-01-21 08:00,TSP,1.15
한국중부발전(주)신서천발전본부,1,2022-01-21 08:00,SOx,5.91
한국중부발전(주)신서천발전본부,1,2022-01-21 08:00,NOx,5.83
한국중부발전(주)신서천발전본부,1,2022-01-21 08:30,TSP,1.19
한국중부발전(주)신서천발전본부,1,2022-01-21 08:30,SOx,5.51
한국중부발전(주)신서천발전본부,1,2022-01-21 08:30,NOx,6.15
한국중부발전(주)신서천발전본부,1,2022-01-21 09:00,TSP,1.19
한국중부발전(주)신서천발전본부,1,2022-01-21 09:00,SOx,4.93
한국중부발전(주)신서천발전본부,1,2022-01-21 09:00,NOx,7.09
한국중부발전(주)신서천발전본부,1,2022-01-21 09:30,TSP,1.21
한국중부발전(주)신서천발전본부,1,2022-01-21 09:30,SOx,4.48
한국중부발전(주)신서천발전본부,1,2022-01-21 09:30,NOx,5.86
한국중부발전(주)신서천발전본부,1,2022-01-21 10:00,TSP,1.21
한국중부발전(주)신서천발전본부,1,2022-01-21 10:00,SOx,4.55
한국중부발전(주)신서천발전본부,1,2022-01-21 10:00,NOx,6.47
한국중부발전(주)신서천발전본부,1,2022-01-21 10:30,TSP,1.22
한국중부발전(주)신서천발전본부,1,2022-01-21 10:30,SOx,4.53
한국중부발전(주)신서천발전본부,1,2022-01-21 10:30,NOx,5.98
한국중부발전(주)신서천발전본부,1,2022-01-21 11:00,TSP,1.24
한국중부발전(주)신서천발전본부,1,2022-01-21 11:00,SOx,4.85
한국중부발전(주)신서천발전본부,1,2022-01-21 11:00,NOx,5.9
한국중부발전(주)신서천발전본부,1,2022-01-21 11:30,TSP,1.27
한국중부발전(주)신서천발전본부,1,2022-01-21 11:30,SOx,4.29
한국중부발전(주)신서천발전본부,1,2022-01-21 11:30,NOx,6.58
한국중부발전(주)신서천발전본부,1,2022-01-21 12:00,TSP,1.26
한국중부발전(주)신서천발전본부,1,2022-01-21 12:00,SOx,4.22
한국중부발전(주)신서천발전본부,1,2022-01-21 12:00,NOx,7.2
한국중부발전(주)신서천발전본부,1,2022-01-21 12:30,TSP,1.23
한국중부발전(주)신서천발전본부,1,2022-01-21 12:30,SOx,3.96
한국중부발전(주)신서천발전본부,1,2022-01-21 12:30,NOx,4.62
한국중부발전(주)신서천발전본부,1,2022-01-21 13:00,TSP,1.2
한국중부발전(주)신서천발전본부,1,2022-01-21 13:00,SOx,3.88
한국중부발전(주)신서천발전본부,1,2022-01-21 13:00,NOx,5.06
한국중부발전(주)신서천발전본부,1,2022-01-21 13:30,TSP,1.27
한국중부발전(주)신서천발전본부,1,2022-01-21 13:30,SOx,3.27
한국중부발전(주)신서천발전본부,1,2022-01-21 13:30,NOx,6.07
한국중부발전(주)신서천발전본부,1,2022-01-21 14:00,TSP,1.54
한국중부발전(주)신서천발전본부,1,2022-01-21 14:00,SOx,1.79
한국중부발전(주)신서천발전본부,1,2022-01-21 14:00,NOx,7.61
한국중부발전(주)신서천발전본부,1,2022-01-21 14:30,TSP,1.54
한국중부발전(주)신서천발전본부,1,2022-01-21 14:30,SOx,1.16
한국중부발전(주)신서천발전본부,1,2022-01-21 14:30,NOx,6.57
한국중부발전(주)신서천발전본부,1,2022-01-21 15:00,TSP,2.36
한국중부발전(주)신서천발전본부,1,2022-01-21 15:00,SOx,0.95
한국중부발전(주)신서천발전본부,1,2022-01-21 15:00,NOx,13.9
한국중부발전(주)신서천발전본부,1,2022-01-21 15:30,TSP,3.04
한국중부발전(주)신서천발전본부,1,2022-01-21 15:30,SOx,0.78
한국중부발전(주)신서천발전본부,1,2022-01-21 15:30,NOx,7.28
한국중부발전(주)신서천발전본부,1,2022-01-21 16:00,TSP,301.36
한국중부발전(주)신서천발전본부,1,2022-01-21 16:00,SOx,8.31
한국중부발전(주)신서천발전본부,1,2022-01-21 16:00,NOx,0.61
한국중부발전(주)신서천발전본부,1,2022-01-21 16:30,TSP,0.0
한국중부발전(주)신서천발전본부,1,2022-01-21 16:30,SOx,0.0
한국중부발전(주)신서천발전본부,1,2022-01-21 16:30,NOx,0.0
한국중부발전(주)신서천발전본부,1,2022-01-21 17:00,TSP,0.0
한국중부발전(주)신서천발전본부,1,2022-01-21 17:00,SOx,0.0
한국중부발전(주)신서천발전본부,1,2022-01-21 17:00,NOx,0.0
한국중부발전(주)신서천발전본부,1,2022-01-21 17:30,TSP,0.0
한국중부발전(주)신서천발전본부,1,2022-01-21 17:30,SOx,0.0
한국중부발전(주)신서천발전본부,1,2022-01-21 17:30,NOx,0.0
한국중부발전(주)신서천발전본부,1,2022-01-21 18:00,TSP,0.0
한국중부발전(주)신서천발전본부,1,2022-01-21 18:00,SOx,0.0
한국중부발전(주)신서천발전본부,1,2022-01-21 18:00,NOx,0.0
한국중부발전(주)신서천발전본부,1,2022-01-21 18:30,TSP,0.0
한국중부발전(주)신서천발전본부,1,2022-01-21 18:30,SOx,0.0
한국중부발전(주)신서천발전본부,1,2022-01-21 18:30,NOx,0.0
한국중부발전(주)신서천발전본부,1,2022-01-21 19:00,TSP,0.0
한국중부발전(주)신서천발전본부,1,2022-01-21 19:00,SOx,0.0
한국중부발전(주)신서천발전본부,1,2022-01-21 19:00,NOx,0.0
한국중부발전(주)신서천발전본부,1,2022-01-21 19:30,TSP,0.0
한국중부발전(주)신서천발전본부,1,2022-01-21 19:30,SOx,0.0
한국중부발전(주)신서천발전본부,1,2022-01-21 19:30,NOx,0.0
한국중부발전(주)신서천발전본부,1,2022-01-21 20:00,TSP,0.0
한국중부발전(주)신서천발전본부,1,2022-01-21 20:00,SOx,0.0
한국중부발전(주)신서천발전본부,1,2022-01-21 20:00,NOx,0.0
한국중부발전(주)신서천발전본부,1,2022-01-21 20:30,TSP,0.0
한국중부발전(주)신서천발전본부,1,2022-01-21 20:30,SOx,0.0
한국중부발전(주)신서천발전본부,1,2022-01-21 20:30,NOx,0.0
한국중부발전(주)신서천발전본부,1,2022-01-21 21:00,TSP,0.0
한국중부발전(주)신서천발전본부,1,2022-01-21 21:00,SOx,0.0
한국중부발전(주)신서천발전본부,1,2022-01-21 21:00,NOx,0.0
한국중부발전(주)신서천발전본부,1,2022-01-21 21:30,TSP,0.0
한국중부발전(주)신서천발전본부,1,2022-01-21 21:30,SOx,0.0
한국중부발전(주)신서천발전본부,1,2022-01-21 21:30,NOx,0.0
한국중부발전(주)신서천발전본부,1,2022-01-21 22:00,TSP,0.0
한국중부발전(주)신서천발전본부,1,2022-01-21 22:00,SOx,0.0
한국중부발전(주)신서천발전본부,1,2022-01-21 22:00,NOx,0.0
한국중부발전(주)신서천발전본부,1,2022-01-21 22:30,TSP,0.0
한국중부발전(주)신서천발전본부,1,2022-01-21 22:30,SOx,0.0
한국중부발전(주)신서천발전본부,1,2022-01-21 22:30,NOx,0.0
한국중부발전(주)신서천발전본부,1,2022-01-21 23:00,TSP,0.0
한국중부발전(주)신서천발전본부,1,2022-01-21 23:00,SOx,0.0
한국중부발전(주)신서천발전본부,1,2022-01-21 23:00,NOx,0.0
한국중부발전(주)신서천발전본부,1,2022-01-21 23:30,TSP,0.0
한국중부발전(주)신서천발전본부,1,2022-01-21 23:30,SOx,0.0
한국중부발전(주)신서천발전본부,1,2022-01-21 23:30,NOx,0.0
한국중부발전(주)신서천발전본부,1,2022-01-22 00:00,TSP,0.0
한국중부발전(주)신서천발전본부,1,2022-01-22 00:00,SOx,0.0
한국중부발전(주)신서천발전본부,1,2022-01-22 00:00,NOx,0.0
한국중부발전(주)신서천발전본부,1,2022-01-22 00:30,TSP,0.0
한국중부발전(주)신서천발전본부,1,2022-01-22 00:30,SOx,0.0
한국중부발전(주)신서천발전본부,1,2022-01-22 00:30,NOx,0.0
한국중부발전(주)신서천발전본부,1,2022-01-22 01:00,TSP,0.0
한국중부발전(주)신서천발전본부,1,2022-01-22 01:00,SOx,0.0
한국중부발전(주)신서천발전본부,1,2022-01-22 01:00,NOx,0.0
한국중부발전(주)신서천발전본부,1,2022-01-22 01:30,TSP,0.0
한국중부발전(주)신서천발전본부,1,2022-01-22 01:30,SOx,0.0
한국중부발전(주)신서천발전본부,1,2022-01-22 01:30,NOx,0.0
한국중부발전(주)신서천발전본부,1,2022-01-22 02:00,TSP,0.0
한국중부발전(주)신서천발전본부,1,2022-01-22 02:00,SOx,0.0
한국중부발전(주)신서천발전본부,1,2022-01-22 02:00,NOx,0.0
한국중부발전(주)신서천발전본부,1,2022-01-22 02:30,TSP,0.0
한국중부발전(주)신서천발전본부,1,2022-01-22 02:30,SOx,0.0
한국중부발전(주)신서천발전본부,1,2022-01-22 02:30,NOx,0.0
한국중부발전(주)신서천발전본부,1,2022-01-22 03:00,TSP,0.0
한국중부발전(주)신서천발전본부,1,2022-01-22 03:00,SOx,0.0
한국중부발전(주)신서천발전본부,1,2022-01-22 03:00,NOx,0.0
한국중부발전(주)신서천발전본부,1,2022-01-22 03:30,TSP,0.0
한국중부발전(주)신서천발전본부,1,2022-01-22 03:30,SOx,0.0
한국중부발전(주)신서천발전본부,1,2022-01-22 03:30,NOx,0.0
한국중부발전(주)신서천발전본부,1,2022-01-22 04:00,TSP,0.0
한국중부발전(주)신서천발전본부,1,2022-01-22 04:00,SOx,0.0
한국중부발전(주)신서천발전본부,1,2022-01-22 04:00,NOx,0.0
한국중부발전(주)신서천발전본부,1,2022-01-22 04:30,TSP,0.0
한국중부발전(주)신서천발전본부,1,2022-01-22 04:30,SOx,0.0
한국중부발전(주)신서천발전본부,1,2022-01-22 04:30,NOx,0.0
한국중부발전(주)신서천발전본부,1,2022-01-22 05:00,TSP,0.0
한국중부발전(주)신서천발전본부,1,2022-01-22 05:00,SOx,0.0
한국중부발전(주)신서천발전본부,1,2022-01-22 05:00,NOx,0.0
한국중부발전(주)신서천발전본부,1,2022-01-22 05:30,TSP,0.0
한국중부발전(주)신서천발전본부,1,2022-01-22 05:30,SOx,0.0
한국중부발전(주)신서천발전본부,1,2022-01-22 05:30,NOx,0.0
한국중부발전(주)신서천발전본부,1,2022-01-22 06:00,TSP,0.0
한국중부발전(주)신서천발전본부,1,2022-01-22 06:00,SOx,0.0
한국중부발전(주)신서천발전본부,1,2022-01-22 06:00,NOx,0.0
한국중부발전(주)신서천발전본부,1,2022-01-22 06:30,TSP,0.0
한국중부발전(주)신서천발전본부,1,2022-01-22 06:30,SOx,0.0
한국중부발전(주)신서천발전본부,1,2022-01-22 06:30,NOx,0.0
한국중부발전(주)신서천발전본부,1,2022-01-22 07:00,TSP,0.0
한국중부발전(주)신서천발전본부,1,2022-01-22 07:00,SOx,0.0
한국중부발전(주)신서천발전본부,1,2022-01-22 07:00,NOx,0.0
한국중부발전(주)신서천발전본부,1,2022-01-22 07:30,TSP,0.0
한국중부발전(주)신서천발전본부,1,2022-01-22 07:30,SOx,0.0
한국중부발전(주)신서천발전본부,1,2022-01-22 07:30,NOx,0.0
한국중부발전(주)신서천발전본부,1,2022-01-22 08:00,TSP,0.0
한국중부발전(주)신서천발전본부,1,2022-01-22 08:00,SOx,0.0
한국중부발전(주)신서천발전본부,1,2022-01-22 08:00,NOx,0.0
한국중부발전(주)신서천발전본부,1,2022-01-22 08:30,TSP,0.0
한국중부발전(주)신서천발전본부,1,2022-01-22 08:30,SOx,0.0
한국중부발전(주)신서천발전본부,1,2022-01-22 08:30,NOx,0.0
한국중부발전(주)신서천발전본부,1,2022-01-22 09:00,TSP,0.0
한국중부발전(주)신서천발전본부,1,2022-01-22 09:00,SOx,0.0
한국중부발전(주)신서천발전본부,1,2022-01-22 09:00,NOx,0.0
한국중부발전(주)신서천발전본부,1,2022-01-22 09:30,TSP,0.0
한국중부발전(주)신서천발전본부,1,2022-01-22 09:30,SOx,0.0
한국중부발전(주)신서천발전본부,1,2022-01-22 09:30,NOx,0.0
한국중부발전(주)신서천발전본부,1,2022-01-22 10:00,TSP,0.0
한국중부발전(주)신서천발전본부,1,2022-01-22 10:00,SOx,0.0
한국중부발전(주)신서천발전본부,1,2022-01-22 10:00,NOx,0.0
한국중부발전(주)신서천발전본부,1,2022-01-22 10:30,TSP,0.0
한국중부발전(주)신서천발전본부,1,2022-01-22 10:30,SOx,0.0
한국중부발전(주)신서천발전본부,1,2022-01-22 10:30,NOx,0.0
한국중부발전(주)신서천발전본부,1,2022-01-22 11:00,TSP,0.0
한국중부발전(주)신서천발전본부,1,2022-01-22 11:00,SOx,0.0
한국중부발전(주)신서천발전본부,1,2022-01-22 11:00,NOx,0.0
한국중부발전(주)신서천발전본부,1,2022-01-22 11:30,TSP,0.0
한국중부발전(주)신서천발전본부,1,2022-01-22 11:30,SOx,0.0
한국중부발전(주)신서천발전본부,1,2022-01-22 11:30,NOx,0.0
한국중부발전(주)신서천발전본부,1,2022-01-22 12:00,TSP,0.0
한국중부발전(주)신서천발전본부,1,2022-01-22 12:00,SOx,0.0
한국중부발전(주)신서천발전본부,1,2022-01-22 12:00,NOx,0.0
한국중부발전(주)신서천발전본부,1,2022-01-22 12:30,TSP,0.0
한국중부발전(주)신서천발전본부,1,2022-01-22 12:30,SOx,0.0
한국중부발전(주)신서천발전본부,1,2022-01-22 12:30,NOx,0.0
한국중부발전(주)신서천발전본부,1,2022-01-22 13:00,TSP,0.0
한국중부발전(주)신서천발전본부,1,2022-01-22 13:00,SOx,0.0
한국중부발전(주)신서천발전본부,1,2022-01-22 13:00,NOx,0.0
한국중부발전(주)신서천발전본부,1,2022-01-22 13:30,TSP,0.0
한국중부발전(주)신서천발전본부,1,2022-01-22 13:30,SOx,0.0
한국중부발전(주)신서천발전본부,1,2022-01-22 13:30,NOx,0.0
한국중부발전(주)신서천발전본부,1,2022-01-22 14:00,TSP,0.0
한국중부발전(주)신서천발전본부,1,2022-01-22 14:00,SOx,0.0
한국중부발전(주)신서천발전본부,1,2022-01-22 14:00,NOx,0.0
한국중부발전(주)신서천발전본부,1,2022-01-22 14:30,TSP,0.0
한국중부발전(주)신서천발전본부,1,2022-01-22 14:30,SOx,0.0
한국중부발전(주)신서천발전본부,1,2022-01-22 14:30,NOx,0.0
한국중부발전(주)신서천발전본부,1,2022-01-22 15:00,TSP,0.0
한국중부발전(주)신서천발전본부,1,2022-01-22 15:00,SOx,0.0
한국중부발전(주)신서천발전본부,1,2022-01-22 15:00,NOx,0.0
한국중부발전(주)신서천발전본부,1,2022-01-22 15:30,TSP,0.0
한국중부발전(주)신서천발전본부,1,2022-01-22 15:30,SOx,0.0
한국중부발전(주)신서천발전본부,1,2022-01-22 15:30,NOx,0.0
한국중부발전(주)신서천발전본부,1,2022-01-22 16:00,TSP,0.0
한국중부발전(주)신서천발전본부,1,2022-01-22 16:00,SOx,0.0
한국중부발전(주)신서천발전본부,1,2022-01-22 16:00,NOx,0.0
한국중부발전(주)신서천발전본부,1,2022-01-22 16:30,TSP,0.0
한국중부발전(주)신서천발전본부,1,2022-01-22 16:30,SOx,0.0
한국중부발전(주)신서천발전본부,1,2022-01-22 16:30,NOx,0.0
한국중부발전(주)신서천발전본부,1,2022-01-22 17:00,TSP,0.0
한국중부발전(주)신서천발전본부,1,2022-01-22 17:00,SOx,0.0
한국중부발전(주)신서천발전본부,1,2022-01-22 17:00,NOx,0.0
한국중부발전(주)신서천발전본부,1,2022-01-22 17:30,TSP,0.0
한국중부발전(주)신서천발전본부,1,2022-01-22 17:30,SOx,0.0
한국중부발전(주)신서천발전본부,1,2022-01-22 17:30,NOx,0.0
한국중부발전(주)신서천발전본부,1,2022-01-22 18:00,TSP,0.0
한국중부발전(주)신서천발전본부,1,2022-01-22 18:00,SOx,0.0
한국중부발전(주)신서천발전본부,1,2022-01-22 18:00,NOx,0.0
한국중부발전(주)신서천발전본부,1,2022-01-22 18:30,TSP,0.0
한국중부발전(주)신서천발전본부,1,2022-01-22 18:30,SOx,0.0
한국중부발전(주)신서천발전본부,1,2022-01-22 18:30,NOx,0.0
한국중부발전(주)신서천발전본부,1,2022-01-22 19:00,TSP,0.0
한국중부발전(주)신서천발전본부,1,2022-01-22 19:00,SOx,0.0
한국중부발전(주)신서천발전본부,1,2022-01-22 19:00,NOx,0.0
한국중부발전(주)신서천발전본부,1,2022-01-22 19:30,TSP,0.0
한국중부발전(주)신서천발전본부,1,2022-01-22 19:30,SOx,0.0
한국중부발전(주)신서천발전본부,1,2022-01-22 19:30,NOx,0.0
한국중부발전(주)신서천발전본부,1,2022-01-22 20:00,TSP,0.0
한국중부발전(주)신서천발전본부,1,2022-01-22 20:00,SOx,0.0
한국중부발전(주)신서천발전본부,1,2022-01-22 20:00,NOx,0.0
한국중부발전(주)신서천발전본부,1,2022-01-22 20:30,TSP,0.0
한국중부발전(주)신서천발전본부,1,2022-01-22 20:30,SOx,0.0
한국중부발전(주)신서천발전본부,1,2022-01-22 20:30,NOx,0.0
한국중부발전(주)신서천발전본부,1,2022-01-22 21:00,TSP,0.0
한국중부발전(주)신서천발전본부,1,2022-01-22 21:00,SOx,0.0
한국중부발전(주)신서천발전본부,1,2022-01-22 21:00,NOx,0.0
한국중부발전(주)신서천발전본부,1,2022-01-22 21:30,TSP,0.0
한국중부발전(주)신서천발전본부,1,2022-01-22 21:30,SOx,0.0
한국중부발전(주)신서천발전본부,1,2022-01-22 21:30,NOx,0.0
한국중부발전(주)신서천발전본부,1,2022-01-22 22:00,TSP,0.0
한국중부발전(주)신서천발전본부,1,2022-01-22 22:00,SOx,0.0
한국중부발전(주)신서천발전본부,1,2022-01-22 22:00,NOx,0.0
한국중부발전(주)신서천발전본부,1,2022-01-22 22:30,TSP,0.0
한국중부발전(주)신서천발전본부,1,2022-01-22 22:30,SOx,0.0
한국중부발전(주)신서천발전본부,1,2022-01-22 22:30,NOx,0.0
한국중부발전(주)신서천발전본부,1,2022-01-22 23:00,TSP,0.0
한국중부발전(주)신서천발전본부,1,2022-01-22 23:00,SOx,0.0
한국중부발전(주)신서천발전본부,1,2022-01-22 23:00,NOx,0.0
한국중부발전(주)신서천발전본부,1,2022-01-22 23:30,TSP,0.0
한국중부발전(주)신서천발전본부,1,2022-01-22 23:30,SOx,0.0
한국중부발전(주)신서천발전본부,1,2022-01-22 23:30,NOx,0.0
한국중부발전(주)신서천발전본부,1,2022-01-23 00:00,TSP,0.0
한국중부발전(주)신서천발전본부,1,2022-01-23 00:00,SOx,0.0
한국중부발전(주)신서천발전본부,1,2022-01-23 00:00,NOx,0.0
한국중부발전(주)신서천발전본부,1,2022-01-23 00:30,TSP,0.0
한국중부발전(주)신서천발전본부,1,2022-01-23 00:30,SOx,0.0
한국중부발전(주)신서천발전본부,1,2022-01-23 00:30,NOx,0.0
한국중부발전(주)신서천발전본부,1,2022-01-23 01:00,TSP,0.0
한국중부발전(주)신서천발전본부,1,2022-01-23 01:00,SOx,0.0
한국중부발전(주)신서천발전본부,1,2022-01-23 01:00,NOx,0.0
한국중부발전(주)신서천발전본부,1,2022-01-23 01:30,TSP,0.0
한국중부발전(주)신서천발전본부,1,2022-01-23 01:30,SOx,0.0
한국중부발전(주)신서천발전본부,1,2022-01-23 01:30,NOx,0.0
한국중부발전(주)신서천발전본부,1,2022-01-23 02:00,TSP,0.0
한국중부발전(주)신서천발전본부,1,2022-01-23 02:00,SOx,0.0
한국중부발전(주)신서천발전본부,1,2022-01-23 02:00,NOx,0.0
한국중부발전(주)신서천발전본부,1,2022-01-23 02:30,TSP,0.0
한국중부발전(주)신서천발전본부,1,2022-01-23 02:30,SOx,0.0
한국중부발전(주)신서천발전본부,1,2022-01-23 02:30,NOx,0.0
한국중부발전(주)신서천발전본부,1,2022-01-23 03:00,TSP,0.0
한국중부발전(주)신서천발전본부,1,2022-01-23 03:00,SOx,0.0
한국중부발전(주)신서천발전본부,1,2022-01-23 03:00,NOx,0.0
한국중부발전(주)신서천발전본부,1,2022-01-23 03:30,TSP,0.0
한국중부발전(주)신서천발전본부,1,2022-01-23 03:30,SOx,0.0
한국중부발전(주)신서천발전본부,1,2022-01-23 03:30,NOx,0.0
한국중부발전(주)신서천발전본부,1,2022-01-23 04:00,TSP,0.0
한국중부발전(주)신서천발전본부,1,2022-01-23 04:00,SOx,0.0
한국중부발전(주)신서천발전본부,1,2022-01-23 04:00,NOx,0.0
한국중부발전(주)신서천발전본부,1,2022-01-23 04:30,TSP,0.0
한국중부발전(주)신서천발전본부,1,2022-01-23 04:30,SOx,0.0
한국중부발전(주)신서천발전본부,1,2022-01-23 04:30,NOx,0.0
한국중부발전(주)신서천발전본부,1,2022-01-23 05:00,TSP,0.0
한국중부발전(주)신서천발전본부,1,2022-01-23 05:00,SOx,0.0
한국중부발전(주)신서천발전본부,1,2022-01-23 05:00,NOx,0.0
한국중부발전(주)신서천발전본부,1,2022-01-23 05:30,TSP,0.0
한국중부발전(주)신서천발전본부,1,2022-01-23 05:30,SOx,0.0
한국중부발전(주)신서천발전본부,1,2022-01-23 05:30,NOx,0.0
한국중부발전(주)신서천발전본부,1,2022-01-23 06:00,TSP,0.0
한국중부발전(주)신서천발전본부,1,2022-01-23 06:00,SOx,0.0
한국중부발전(주)신서천발전본부,1,2022-01-23 06:00,NOx,0.0
한국중부발전(주)신서천발전본부,1,2022-01-23 06:30,TSP,0.0
한국중부발전(주)신서천발전본부,1,2022-01-23 06:30,SOx,0.0
한국중부발전(주)신서천발전본부,1,2022-01-23 06:30,NOx,0.0
한국중부발전(주)신서천발전본부,1,2022-01-23 07:00,TSP,0.0
한국중부발전(주)신서천발전본부,1,2022-01-23 07:00,SOx,0.0
한국중부발전(주)신서천발전본부,1,2022-01-23 07:00,NOx,0.0
한국중부발전(주)신서천발전본부,1,2022-01-23 07:30,TSP,0.0
한국중부발전(주)신서천발전본부,1,2022-01-23 07:30,SOx,0.0
한국중부발전(주)신서천발전본부,1,2022-01-23 07:30,NOx,0.0
한국중부발전(주)신서천발전본부,1,2022-01-23 08:00,TSP,0.0
한국중부발전(주)신서천발전본부,1,2022-01-23 08:00,SOx,0.0
한국중부발전(주)신서천발전본부,1,2022-01-23 08:00,NOx,0.0
한국중부발전(주)신서천발전본부,1,2022-01-23 08:30,TSP,0.0
한국중부발전(주)신서천발전본부,1,2022-01-23 08:30,SOx,0.0
한국중부발전(주)신서천발전본부,1,2022-01-23 08:30,NOx,0.0
한국중부발전(주)신서천발전본부,1,2022-01-23 09:00,TSP,0.0
한국중부발전(주)신서천발전본부,1,2022-01-23 09:00,SOx,0.0
한국중부발전(주)신서천발전본부,1,2022-01-23 09:00,NOx,0.0
한국중부발전(주)신서천발전본부,1,2022-01-23 09:30,TSP,0.0
한국중부발전(주)신서천발전본부,1,2022-01-23 09:30,SOx,0.0
한국중부발전(주)신서천발전본부,1,2022-01-23 09:30,NOx,0.0
한국중부발전(주)신서천발전본부,1,2022-01-23 10:00,TSP,0.0
한국중부발전(주)신서천발전본부,1,2022-01-23 10:00,SOx,0.0
한국중부발전(주)신서천발전본부,1,2022-01-23 10:00,NOx,0.0
한국중부발전(주)신서천발전본부,1,2022-01-23 10:30,TSP,0.0
한국중부발전(주)신서천발전본부,1,2022-01-23 10:30,SOx,0.0
한국중부발전(주)신서천발전본부,1,2022-01-23 10:30,NOx,0.0
한국중부발전(주)신서천발전본부,1,2022-01-23 11:00,TSP,0.0
한국중부발전(주)신서천발전본부,1,2022-01-23 11:00,SOx,0.0
한국중부발전(주)신서천발전본부,1,2022-01-23 11:00,NOx,0.0
한국중부발전(주)신서천발전본부,1,2022-01-23 11:30,TSP,0.0
한국중부발전(주)신서천발전본부,1,2022-01-23 11:30,SOx,0.0
한국중부발전(주)신서천발전본부,1,2022-01-23 11:30,NOx,0.0
한국중부발전(주)신서천발전본부,1,2022-01-23 12:00,TSP,0.0
한국중부발전(주)신서천발전본부,1,2022-01-23 12:00,SOx,0.0
한국중부발전(주)신서천발전본부,1,2022-01-23 12:00,NOx,0.0
한국중부발전(주)신서천발전본부,1,2022-01-23 12:30,TSP,0.0
한국중부발전(주)신서천발전본부,1,2022-01-23 12:30,SOx,0.0
한국중부발전(주)신서천발전본부,1,2022-01-23 12:30,NOx,0.0
한국중부발전(주)신서천발전본부,1,2022-01-23 13:00,TSP,0.0
한국중부발전(주)신서천발전본부,1,2022-01-23 13:00,SOx,0.0
한국중부발전(주)신서천발전본부,1,2022-01-23 13:00,NOx,0.0
한국중부발전(주)신서천발전본부,1,2022-01-23 13:30,TSP,0.0
한국중부발전(주)신서천발전본부,1,2022-01-23 13:30,SOx,0.0
한국중부발전(주)신서천발전본부,1,2022-01-23 13:30,NOx,0.0
한국중부발전(주)신서천발전본부,1,2022-01-23 14:00,TSP,0.0
한국중부발전(주)신서천발전본부,1,2022-01-23 14:00,SOx,0.0
한국중부발전(주)신서천발전본부,1,2022-01-23 14:00,NOx,0.0
한국중부발전(주)신서천발전본부,1,2022-01-23 14:30,TSP,0.0
한국중부발전(주)신서천발전본부,1,2022-01-23 14:30,SOx,0.0
한국중부발전(주)신서천발전본부,1,2022-01-23 14:30,NOx,0.0
한국중부발전(주)신서천발전본부,1,2022-01-23 15:00,TSP,0.0
한국중부발전(주)신서천발전본부,1,2022-01-23 15:00,SOx,0.0
한국중부발전(주)신서천발전본부,1,2022-01-23 15:00,NOx,0.0
한국중부발전(주)신서천발전본부,1,2022-01-23 15:30,TSP,0.0
한국중부발전(주)신서천발전본부,1,2022-01-23 15:30,SOx,0.0
한국중부발전(주)신서천발전본부,1,2022-01-23 15:30,NOx,0.0
한국중부발전(주)신서천발전본부,1,2022-01-23 16:00,TSP,0.0
한국중부발전(주)신서천발전본부,1,2022-01-23 16:00,SOx,0.0
한국중부발전(주)신서천발전본부,1,2022-01-23 16:00,NOx,0.0
한국중부발전(주)신서천발전본부,1,2022-01-23 16:30,TSP,0.0
한국중부발전(주)신서천발전본부,1,2022-01-23 16:30,SOx,0.0
한국중부발전(주)신서천발전본부,1,2022-01-23 16:30,NOx,0.0
한국중부발전(주)신서천발전본부,1,2022-01-23 17:00,TSP,0.0
한국중부발전(주)신서천발전본부,1,2022-01-23 17:00,SOx,0.0
한국중부발전(주)신서천발전본부,1,2022-01-23 17:00,NOx,0.0
한국중부발전(주)신서천발전본부,1,2022-01-23 17:30,TSP,0.0
한국중부발전(주)신서천발전본부,1,2022-01-23 17:30,SOx,0.0
한국중부발전(주)신서천발전본부,1,2022-01-23 17:30,NOx,0.0
한국중부발전(주)신서천발전본부,1,2022-01-23 18:00,TSP,0.0
한국중부발전(주)신서천발전본부,1,2022-01-23 18:00,SOx,0.0
한국중부발전(주)신서천발전본부,1,2022-01-23 18:00,NOx,0.0
한국중부발전(주)신서천발전본부,1,2022-01-23 18:30,TSP,0.0
한국중부발전(주)신서천발전본부,1,2022-01-23 18:30,SOx,0.0
한국중부발전(주)신서천발전본부,1,2022-01-23 18:30,NOx,0.0
한국중부발전(주)신서천발전본부,1,2022-01-23 19:00,TSP,0.0
한국중부발전(주)신서천발전본부,1,2022-01-23 19:00,SOx,0.0
한국중부발전(주)신서천발전본부,1,2022-01-23 19:00,NOx,0.0
한국중부발전(주)신서천발전본부,1,2022-01-23 19:30,TSP,0.0
한국중부발전(주)신서천발전본부,1,2022-01-23 19:30,SOx,0.0
한국중부발전(주)신서천발전본부,1,2022-01-23 19:30,NOx,0.0
한국중부발전(주)신서천발전본부,1,2022-01-23 20:00,TSP,0.0
한국중부발전(주)신서천발전본부,1,2022-01-23 20:00,SOx,0.0
한국중부발전(주)신서천발전본부,1,2022-01-23 20:00,NOx,0.0
한국중부발전(주)신서천발전본부,1,2022-01-23 20:30,TSP,0.0
한국중부발전(주)신서천발전본부,1,2022-01-23 20:30,SOx,0.0
한국중부발전(주)신서천발전본부,1,2022-01-23 20:30,NOx,0.0
한국중부발전(주)신서천발전본부,1,2022-01-23 21:00,TSP,0.0
한국중부발전(주)신서천발전본부,1,2022-01-23 21:00,SOx,0.0
한국중부발전(주)신서천발전본부,1,2022-01-23 21:00,NOx,0.0
한국중부발전(주)신서천발전본부,1,2022-01-23 21:30,TSP,0.0
한국중부발전(주)신서천발전본부,1,2022-01-23 21:30,SOx,0.0
한국중부발전(주)신서천발전본부,1,2022-01-23 21:30,NOx,0.0
한국중부발전(주)신서천발전본부,1,2022-01-23 22:00,TSP,0.0
한국중부발전(주)신서천발전본부,1,2022-01-23 22:00,SOx,0.0
한국중부발전(주)신서천발전본부,1,2022-01-23 22:00,NOx,0.0
한국중부발전(주)신서천발전본부,1,2022-01-23 22:30,TSP,0.0
한국중부발전(주)신서천발전본부,1,2022-01-23 22:30,SOx,0.0
한국중부발전(주)신서천발전본부,1,2022-01-23 22:30,NOx,0.0
한국중부발전(주)신서천발전본부,1,2022-01-23 23:00,TSP,0.0
한국중부발전(주)신서천발전본부,1,2022-01-23 23:00,SOx,0.0
한국중부발전(주)신서천발전본부,1,2022-01-23 23:00,NOx,0.0
한국중부발전(주)신서천발전본부,1,2022-01-23 23:30,TSP,0.0
한국중부발전(주)신서천발전본부,1,2022-01-23 23:30,SOx,0.0
한국중부발전(주)신서천발전본부,1,2022-01-23 23:30,NOx,0.0
한국중부발전(주)신서천발전본부,1,2022-01-24 00:00,TSP,0.0
한국중부발전(주)신서천발전본부,1,2022-01-24 00:00,SOx,0.0
한국중부발전(주)신서천발전본부,1,2022-01-24 00:00,NOx,0.0
한국중부발전(주)신서천발전본부,1,2022-01-24 00:30,TSP,0.0
한국중부발전(주)신서천발전본부,1,2022-01-24 00:30,SOx,0.0
한국중부발전(주)신서천발전본부,1,2022-01-24 00:30,NOx,0.0
한국중부발전(주)신서천발전본부,1,2022-01-24 01:00,TSP,0.0
한국중부발전(주)신서천발전본부,1,2022-01-24 01:00,SOx,0.0
한국중부발전(주)신서천발전본부,1,2022-01-24 01:00,NOx,0.0
한국중부발전(주)신서천발전본부,1,2022-01-24 01:30,TSP,0.0
한국중부발전(주)신서천발전본부,1,2022-01-24 01:30,SOx,0.0
한국중부발전(주)신서천발전본부,1,2022-01-24 01:30,NOx,0.0
한국중부발전(주)신서천발전본부,1,2022-01-24 02:00,TSP,0.0
한국중부발전(주)신서천발전본부,1,2022-01-24 02:00,SOx,0.0
한국중부발전(주)신서천발전본부,1,2022-01-24 02:00,NOx,0.0
한국중부발전(주)신서천발전본부,1,2022-01-24 02:30,TSP,0.0
한국중부발전(주)신서천발전본부,1,2022-01-24 02:30,SOx,0.0
한국중부발전(주)신서천발전본부,1,2022-01-24 02:30,NOx,0.0
한국중부발전(주)신서천발전본부,1,2022-01-24 03:00,TSP,0.0
한국중부발전(주)신서천발전본부,1,2022-01-24 03:00,SOx,0.0
한국중부발전(주)신서천발전본부,1,2022-01-24 03:00,NOx,0.0
한국중부발전(주)신서천발전본부,1,2022-01-24 03:30,TSP,0.0
한국중부발전(주)신서천발전본부,1,2022-01-24 03:30,SOx,0.0
한국중부발전(주)신서천발전본부,1,2022-01-24 03:30,NOx,0.0
한국중부발전(주)신서천발전본부,1,2022-01-24 04:00,TSP,0.0
한국중부발전(주)신서천발전본부,1,2022-01-24 04:00,SOx,0.0
한국중부발전(주)신서천발전본부,1,2022-01-24 04:00,NOx,0.0
한국중부발전(주)신서천발전본부,1,2022-01-24 04:30,TSP,0.0
한국중부발전(주)신서천발전본부,1,2022-01-24 04:30,SOx,0.0
한국중부발전(주)신서천발전본부,1,2022-01-24 04:30,NOx,0.0
한국중부발전(주)신서천발전본부,1,2022-01-24 05:00,TSP,0.0
한국중부발전(주)신서천발전본부,1,2022-01-24 05:00,SOx,0.0
한국중부발전(주)신서천발전본부,1,2022-01-24 05:00,NOx,0.0
한국중부발전(주)신서천발전본부,1,2022-01-24 05:30,TSP,0.0
한국중부발전(주)신서천발전본부,1,2022-01-24 05:30,SOx,0.0
한국중부발전(주)신서천발전본부,1,2022-01-24 05:30,NOx,0.0
한국중부발전(주)신서천발전본부,1,2022-01-24 06:00,TSP,0.0
한국중부발전(주)신서천발전본부,1,2022-01-24 06:00,SOx,0.0
한국중부발전(주)신서천발전본부,1,2022-01-24 06:00,NOx,0.0
한국중부발전(주)신서천발전본부,1,2022-01-24 06:30,TSP,0.0
한국중부발전(주)신서천발전본부,1,2022-01-24 06:30,SOx,0.0
한국중부발전(주)신서천발전본부,1,2022-01-24 06:30,NOx,0.0
한국중부발전(주)신서천발전본부,1,2022-01-24 07:00,TSP,0.0
한국중부발전(주)신서천발전본부,1,2022-01-24 07:00,SOx,0.0
한국중부발전(주)신서천발전본부,1,2022-01-24 07:00,NOx,0.0
한국중부발전(주)신서천발전본부,1,2022-01-24 07:30,TSP,0.0
한국중부발전(주)신서천발전본부,1,2022-01-24 07:30,SOx,0.0
한국중부발전(주)신서천발전본부,1,2022-01-24 07:30,NOx,0.0
한국중부발전(주)신서천발전본부,1,2022-01-24 08:00,TSP,0.0
한국중부발전(주)신서천발전본부,1,2022-01-24 08:00,SOx,0.0
한국중부발전(주)신서천발전본부,1,2022-01-24 08:00,NOx,0.0
한국중부발전(주)신서천발전본부,1,2022-01-24 08:30,TSP,0.0
한국중부발전(주)신서천발전본부,1,2022-01-24 08:30,SOx,0.0
한국중부발전(주)신서천발전본부,1,2022-01-24 08:30,NOx,0.0
한국중부발전(주)신서천발전본부,1,2022-01-24 09:00,TSP,0.0
한국중부발전(주)신서천발전본부,1,2022-01-24 09:00,SOx,0.0
한국중부발전(주)신서천발전본부,1,2022-01-24 09:00,NOx,0.0
한국중부발전(주)신서천발전본부,1,2022-01-24 09:30,TSP,0.0
한국중부발전(주)신서천발전본부,1,2022-01-24 09:30,SOx,0.0
한국중부발전(주)신서천발전본부,1,2022-01-24 09:30,NOx,0.0
한국중부발전(주)신서천발전본부,1,2022-01-24 10:00,TSP,0.0
한국중부발전(주)신서천발전본부,1,2022-01-24 10:00,SOx,0.0
한국중부발전(주)신서천발전본부,1,2022-01-24 10:00,NOx,0.0
한국중부발전(주)신서천발전본부,1,2022-01-24 10:30,TSP,0.0
한국중부발전(주)신서천발전본부,1,2022-01-24 10:30,SOx,0.0
한국중부발전(주)신서천발전본부,1,2022-01-24 10:30,NOx,0.0
한국중부발전(주)신서천발전본부,1,2022-01-24 11:00,TSP,0.0
한국중부발전(주)신서천발전본부,1,2022-01-24 11:00,SOx,0.0
한국중부발전(주)신서천발전본부,1,2022-01-24 11:00,NOx,0.0
한국중부발전(주)신서천발전본부,1,2022-01-24 11:30,TSP,0.0
한국중부발전(주)신서천발전본부,1,2022-01-24 11:30,SOx,0.0
한국중부발전(주)신서천발전본부,1,2022-01-24 11:30,NOx,0.0
한국중부발전(주)신서천발전본부,1,2022-01-24 12:00,TSP,0.0
한국중부발전(주)신서천발전본부,1,2022-01-24 12:00,SOx,0.0
한국중부발전(주)신서천발전본부,1,2022-01-24 12:00,NOx,0.0
한국중부발전(주)신서천발전본부,1,2022-01-24 12:30,TSP,0.0
한국중부발전(주)신서천발전본부,1,2022-01-24 12:30,SOx,0.0
한국중부발전(주)신서천발전본부,1,2022-01-24 12:30,NOx,0.0
한국중부발전(주)신서천발전본부,1,2022-01-24 13:00,TSP,0.0
한국중부발전(주)신서천발전본부,1,2022-01-24 13:00,SOx,0.0
한국중부발전(주)신서천발전본부,1,2022-01-24 13:00,NOx,0.0
한국중부발전(주)신서천발전본부,1,2022-01-24 13:30,TSP,0.0
한국중부발전(주)신서천발전본부,1,2022-01-24 13:30,SOx,0.0
한국중부발전(주)신서천발전본부,1,2022-01-24 13:30,NOx,0.0
한국중부발전(주)신서천발전본부,1,2022-01-24 14:00,TSP,0.0
한국중부발전(주)신서천발전본부,1,2022-01-24 14:00,SOx,0.0
한국중부발전(주)신서천발전본부,1,2022-01-24 14:00,NOx,0.0
한국중부발전(주)신서천발전본부,1,2022-01-24 14:30,TSP,0.0
한국중부발전(주)신서천발전본부,1,2022-01-24 14:30,SOx,0.0
한국중부발전(주)신서천발전본부,1,2022-01-24 14:30,NOx,0.0
한국중부발전(주)신서천발전본부,1,2022-01-24 15:00,TSP,0.0
한국중부발전(주)신서천발전본부,1,2022-01-24 15:00,SOx,0.0
한국중부발전(주)신서천발전본부,1,2022-01-24 15:00,NOx,0.0
한국중부발전(주)신서천발전본부,1,2022-01-24 15:30,TSP,0.0
한국중부발전(주)신서천발전본부,1,2022-01-24 15:30,SOx,0.0
한국중부발전(주)신서천발전본부,1,2022-01-24 15:30,NOx,0.0
한국중부발전(주)신서천발전본부,1,2022-01-24 16:00,TSP,0.0
한국중부발전(주)신서천발전본부,1,2022-01-24 16:00,SOx,0.0
한국중부발전(주)신서천발전본부,1,2022-01-24 16:00,NOx,0.0
한국중부발전(주)신서천발전본부,1,2022-01-24 16:30,TSP,0.0
한국중부발전(주)신서천발전본부,1,2022-01-24 16:30,SOx,0.0
한국중부발전(주)신서천발전본부,1,2022-01-24 16:30,NOx,0.0
한국중부발전(주)신서천발전본부,1,2022-01-24 17:00,TSP,0.0
한국중부발전(주)신서천발전본부,1,2022-01-24 17:00,SOx,0.0
한국중부발전(주)신서천발전본부,1,2022-01-24 17:00,NOx,0.0
한국중부발전(주)신서천발전본부,1,2022-01-24 17:30,TSP,0.0
한국중부발전(주)신서천발전본부,1,2022-01-24 17:30,SOx,0.0
한국중부발전(주)신서천발전본부,1,2022-01-24 17:30,NOx,0.0
한국중부발전(주)신서천발전본부,1,2022-01-24 18:00,TSP,0.0
한국중부발전(주)신서천발전본부,1,2022-01-24 18:00,SOx,0.0
한국중부발전(주)신서천발전본부,1,2022-01-24 18:00,NOx,0.0
한국중부발전(주)신서천발전본부,1,2022-01-24 18:30,TSP,0.0
한국중부발전(주)신서천발전본부,1,2022-01-24 18:30,SOx,0.0
한국중부발전(주)신서천발전본부,1,2022-01-24 18:30,NOx,0.0
한국중부발전(주)신서천발전본부,1,2022-01-24 19:00,TSP,0.0
한국중부발전(주)신서천발전본부,1,2022-01-24 19:00,SOx,0.0
한국중부발전(주)신서천발전본부,1,2022-01-24 19:00,NOx,0.0
한국중부발전(주)신서천발전본부,1,2022-01-24 19:30,TSP,0.0
한국중부발전(주)신서천발전본부,1,2022-01-24 19:30,SOx,0.0
한국중부발전(주)신서천발전본부,1,2022-01-24 19:30,NOx,0.0
한국중부발전(주)신서천발전본부,1,2022-01-24 20:00,TSP,0.0
한국중부발전(주)신서천발전본부,1,2022-01-24 20:00,SOx,0.0
한국중부발전(주)신서천발전본부,1,2022-01-24 20:00,NOx,0.0
한국중부발전(주)신서천발전본부,1,2022-01-24 20:30,TSP,0.0
한국중부발전(주)신서천발전본부,1,2022-01-24 20:30,SOx,0.0
한국중부발전(주)신서천발전본부,1,2022-01-24 20:30,NOx,0.0
한국중부발전(주)신서천발전본부,1,2022-01-24 21:00,TSP,0.0
한국중부발전(주)신서천발전본부,1,2022-01-24 21:00,SOx,0.0
한국중부발전(주)신서천발전본부,1,2022-01-24 21:00,NOx,0.0
한국중부발전(주)신서천발전본부,1,2022-01-24 21:30,TSP,0.0
한국중부발전(주)신서천발전본부,1,2022-01-24 21:30,SOx,0.0
한국중부발전(주)신서천발전본부,1,2022-01-24 21:30,NOx,0.0
한국중부발전(주)신서천발전본부,1,2022-01-24 22:00,TSP,0.0
한국중부발전(주)신서천발전본부,1,2022-01-24 22:00,SOx,0.0
한국중부발전(주)신서천발전본부,1,2022-01-24 22:00,NOx,0.0
한국중부발전(주)신서천발전본부,1,2022-01-24 22:30,TSP,0.0
한국중부발전(주)신서천발전본부,1,2022-01-24 22:30,SOx,0.0
한국중부발전(주)신서천발전본부,1,2022-01-24 22:30,NOx,0.0
한국중부발전(주)신서천발전본부,1,2022-01-24 23:00,TSP,0.0
한국중부발전(주)신서천발전본부,1,2022-01-24 23:00,SOx,0.0
한국중부발전(주)신서천발전본부,1,2022-01-24 23:00,NOx,0.0
한국중부발전(주)신서천발전본부,1,2022-01-24 23:30,TSP,0.0
한국중부발전(주)신서천발전본부,1,2022-01-24 23:30,SOx,0.0
한국중부발전(주)신서천발전본부,1,2022-01-24 23:30,NOx,0.0
한국중부발전(주)신서천발전본부,1,2022-01-25 00:00,TSP,0.0
한국중부발전(주)신서천발전본부,1,2022-01-25 00:00,SOx,0.0
한국중부발전(주)신서천발전본부,1,2022-01-25 00:00,NOx,0.0
한국중부발전(주)신서천발전본부,1,2022-01-25 00:30,TSP,0.0
한국중부발전(주)신서천발전본부,1,2022-01-25 00:30,SOx,0.0
한국중부발전(주)신서천발전본부,1,2022-01-25 00:30,NOx,0.0
한국중부발전(주)신서천발전본부,1,2022-01-25 01:00,TSP,0.0
한국중부발전(주)신서천발전본부,1,2022-01-25 01:00,SOx,0.0
한국중부발전(주)신서천발전본부,1,2022-01-25 01:00,NOx,0.0
한국중부발전(주)신서천발전본부,1,2022-01-25 01:30,TSP,0.0
한국중부발전(주)신서천발전본부,1,2022-01-25 01:30,SOx,0.0
한국중부발전(주)신서천발전본부,1,2022-01-25 01:30,NOx,0.0
한국중부발전(주)신서천발전본부,1,2022-01-25 02:00,TSP,0.0
한국중부발전(주)신서천발전본부,1,2022-01-25 02:00,SOx,0.0
한국중부발전(주)신서천발전본부,1,2022-01-25 02:00,NOx,0.0
한국중부발전(주)신서천발전본부,1,2022-01-25 02:30,TSP,0.0
한국중부발전(주)신서천발전본부,1,2022-01-25 02:30,SOx,0.0
한국중부발전(주)신서천발전본부,1,2022-01-25 02:30,NOx,0.0
한국중부발전(주)신서천발전본부,1,2022-01-25 03:00,TSP,0.0
한국중부발전(주)신서천발전본부,1,2022-01-25 03:00,SOx,0.0
한국중부발전(주)신서천발전본부,1,2022-01-25 03:00,NOx,0.0
한국중부발전(주)신서천발전본부,1,2022-01-25 03:30,TSP,0.0
한국중부발전(주)신서천발전본부,1,2022-01-25 03:30,SOx,0.0
한국중부발전(주)신서천발전본부,1,2022-01-25 03:30,NOx,0.0
한국중부발전(주)신서천발전본부,1,2022-01-25 04:00,TSP,0.0
한국중부발전(주)신서천발전본부,1,2022-01-25 04:00,SOx,0.0
한국중부발전(주)신서천발전본부,1,2022-01-25 04:00,NOx,0.0
한국중부발전(주)신서천발전본부,1,2022-01-25 04:30,TSP,0.0
한국중부발전(주)신서천발전본부,1,2022-01-25 04:30,SOx,0.0
한국중부발전(주)신서천발전본부,1,2022-01-25 04:30,NOx,0.0
한국중부발전(주)신서천발전본부,1,2022-01-25 05:00,TSP,0.0
한국중부발전(주)신서천발전본부,1,2022-01-25 05:00,SOx,0.0
한국중부발전(주)신서천발전본부,1,2022-01-25 05:00,NOx,0.0
한국중부발전(주)신서천발전본부,1,2022-01-25 05:30,TSP,0.0
한국중부발전(주)신서천발전본부,1,2022-01-25 05:30,SOx,0.0
한국중부발전(주)신서천발전본부,1,2022-01-25 05:30,NOx,0.0
한국중부발전(주)신서천발전본부,1,2022-01-25 06:00,TSP,0.0
한국중부발전(주)신서천발전본부,1,2022-01-25 06:00,SOx,0.0
한국중부발전(주)신서천발전본부,1,2022-01-25 06:00,NOx,0.0
한국중부발전(주)신서천발전본부,1,2022-01-25 06:30,TSP,0.0
한국중부발전(주)신서천발전본부,1,2022-01-25 06:30,SOx,0.0
한국중부발전(주)신서천발전본부,1,2022-01-25 06:30,NOx,0.0
한국중부발전(주)신서천발전본부,1,2022-01-25 07:00,TSP,0.0
한국중부발전(주)신서천발전본부,1,2022-01-25 07:00,SOx,0.0
한국중부발전(주)신서천발전본부,1,2022-01-25 07:00,NOx,0.0
한국중부발전(주)신서천발전본부,1,2022-01-25 07:30,TSP,0.0
한국중부발전(주)신서천발전본부,1,2022-01-25 07:30,SOx,0.0
한국중부발전(주)신서천발전본부,1,2022-01-25 07:30,NOx,0.0
한국중부발전(주)신서천발전본부,1,2022-01-25 08:00,TSP,0.0
한국중부발전(주)신서천발전본부,1,2022-01-25 08:00,SOx,0.0
한국중부발전(주)신서천발전본부,1,2022-01-25 08:00,NOx,0.0
한국중부발전(주)신서천발전본부,1,2022-01-25 08:30,TSP,0.0
한국중부발전(주)신서천발전본부,1,2022-01-25 08:30,SOx,0.0
한국중부발전(주)신서천발전본부,1,2022-01-25 08:30,NOx,0.0
한국중부발전(주)신서천발전본부,1,2022-01-25 09:00,TSP,0.0
한국중부발전(주)신서천발전본부,1,2022-01-25 09:00,SOx,0.0
한국중부발전(주)신서천발전본부,1,2022-01-25 09:00,NOx,0.0
한국중부발전(주)신서천발전본부,1,2022-01-25 09:30,TSP,0.0
한국중부발전(주)신서천발전본부,1,2022-01-25 09:30,SOx,0.0
한국중부발전(주)신서천발전본부,1,2022-01-25 09:30,NOx,0.0
한국중부발전(주)신서천발전본부,1,2022-01-25 10:00,TSP,0.0
한국중부발전(주)신서천발전본부,1,2022-01-25 10:00,SOx,0.0
한국중부발전(주)신서천발전본부,1,2022-01-25 10:00,NOx,0.0
한국중부발전(주)신서천발전본부,1,2022-01-25 10:30,TSP,0.0
한국중부발전(주)신서천발전본부,1,2022-01-25 10:30,SOx,0.0
한국중부발전(주)신서천발전본부,1,2022-01-25 10:30,NOx,0.0
한국중부발전(주)신서천발전본부,1,2022-01-25 11:00,TSP,0.0
한국중부발전(주)신서천발전본부,1,2022-01-25 11:00,SOx,0.0
한국중부발전(주)신서천발전본부,1,2022-01-25 11:00,NOx,0.0
한국중부발전(주)신서천발전본부,1,2022-01-25 11:30,TSP,0.0
한국중부발전(주)신서천발전본부,1,2022-01-25 11:30,SOx,0.0
한국중부발전(주)신서천발전본부,1,2022-01-25 11:30,NOx,0.0
한국중부발전(주)신서천발전본부,1,2022-01-25 12:00,TSP,0.0
한국중부발전(주)신서천발전본부,1,2022-01-25 12:00,SOx,0.0
한국중부발전(주)신서천발전본부,1,2022-01-25 12:00,NOx,0.0
한국중부발전(주)신서천발전본부,1,2022-01-25 12:30,TSP,0.0
한국중부발전(주)신서천발전본부,1,2022-01-25 12:30,SOx,0.0
한국중부발전(주)신서천발전본부,1,2022-01-25 12:30,NOx,0.0
한국중부발전(주)신서천발전본부,1,2022-01-25 13:00,TSP,0.0
한국중부발전(주)신서천발전본부,1,2022-01-25 13:00,SOx,0.0
한국중부발전(주)신서천발전본부,1,2022-01-25 13:00,NOx,0.0
한국중부발전(주)신서천발전본부,1,2022-01-25 13:30,TSP,0.0
한국중부발전(주)신서천발전본부,1,2022-01-25 13:30,SOx,0.0
한국중부발전(주)신서천발전본부,1,2022-01-25 13:30,NOx,0.0
한국중부발전(주)신서천발전본부,1,2022-01-25 14:00,TSP,0.0
한국중부발전(주)신서천발전본부,1,2022-01-25 14:00,SOx,0.0
한국중부발전(주)신서천발전본부,1,2022-01-25 14:00,NOx,0.0
한국중부발전(주)신서천발전본부,1,2022-01-25 14:30,TSP,0.0
한국중부발전(주)신서천발전본부,1,2022-01-25 14:30,SOx,0.0
한국중부발전(주)신서천발전본부,1,2022-01-25 14:30,NOx,0.0
한국중부발전(주)신서천발전본부,1,2022-01-25 15:00,TSP,0.0
한국중부발전(주)신서천발전본부,1,2022-01-25 15:00,SOx,0.0
한국중부발전(주)신서천발전본부,1,2022-01-25 15:00,NOx,0.0
한국중부발전(주)신서천발전본부,1,2022-01-25 15:30,TSP,0.0
한국중부발전(주)신서천발전본부,1,2022-01-25 15:30,SOx,0.0
한국중부발전(주)신서천발전본부,1,2022-01-25 15:30,NOx,0.0
한국중부발전(주)신서천발전본부,1,2022-01-25 16:00,TSP,0.0
한국중부발전(주)신서천발전본부,1,2022-01-25 16:00,SOx,0.0
한국중부발전(주)신서천발전본부,1,2022-01-25 16:00,NOx,0.0
한국중부발전(주)신서천발전본부,1,2022-01-25 16:30,TSP,0.0
한국중부발전(주)신서천발전본부,1,2022-01-25 16:30,SOx,0.0
한국중부발전(주)신서천발전본부,1,2022-01-25 16:30,NOx,0.0
한국중부발전(주)신서천발전본부,1,2022-01-25 17:00,TSP,0.0
한국중부발전(주)신서천발전본부,1,2022-01-25 17:00,SOx,0.0
한국중부발전(주)신서천발전본부,1,2022-01-25 17:00,NOx,0.0
한국중부발전(주)신서천발전본부,1,2022-01-25 17:30,TSP,0.0
한국중부발전(주)신서천발전본부,1,2022-01-25 17:30,SOx,0.0
한국중부발전(주)신서천발전본부,1,2022-01-25 17:30,NOx,0.0
한국중부발전(주)신서천발전본부,1,2022-01-25 18:00,TSP,0.0
한국중부발전(주)신서천발전본부,1,2022-01-25 18:00,SOx,0.0
한국중부발전(주)신서천발전본부,1,2022-01-25 18:00,NOx,0.0
한국중부발전(주)신서천발전본부,1,2022-01-25 18:30,TSP,0.0
한국중부발전(주)신서천발전본부,1,2022-01-25 18:30,SOx,0.0
한국중부발전(주)신서천발전본부,1,2022-01-25 18:30,NOx,0.0
한국중부발전(주)신서천발전본부,1,2022-01-25 19:00,TSP,0.0
한국중부발전(주)신서천발전본부,1,2022-01-25 19:00,SOx,0.0
한국중부발전(주)신서천발전본부,1,2022-01-25 19:00,NOx,0.0
한국중부발전(주)신서천발전본부,1,2022-01-25 19:30,TSP,0.0
한국중부발전(주)신서천발전본부,1,2022-01-25 19:30,SOx,0.0
한국중부발전(주)신서천발전본부,1,2022-01-25 19:30,NOx,0.0
한국중부발전(주)신서천발전본부,1,2022-01-25 20:00,TSP,0.0
한국중부발전(주)신서천발전본부,1,2022-01-25 20:00,SOx,0.0
한국중부발전(주)신서천발전본부,1,2022-01-25 20:00,NOx,0.0
한국중부발전(주)신서천발전본부,1,2022-01-25 20:30,TSP,0.0
한국중부발전(주)신서천발전본부,1,2022-01-25 20:30,SOx,0.0
한국중부발전(주)신서천발전본부,1,2022-01-25 20:30,NOx,0.0
한국중부발전(주)신서천발전본부,1,2022-01-25 21:00,TSP,0.0
한국중부발전(주)신서천발전본부,1,2022-01-25 21:00,SOx,0.0
한국중부발전(주)신서천발전본부,1,2022-01-25 21:00,NOx,0.0
한국중부발전(주)신서천발전본부,1,2022-01-25 21:30,TSP,0.0
한국중부발전(주)신서천발전본부,1,2022-01-25 21:30,SOx,0.0
한국중부발전(주)신서천발전본부,1,2022-01-25 21:30,NOx,0.0
한국중부발전(주)신서천발전본부,1,2022-01-25 22:00,TSP,0.0
한국중부발전(주)신서천발전본부,1,2022-01-25 22:00,SOx,0.0
한국중부발전(주)신서천발전본부,1,2022-01-25 22:00,NOx,0.0
한국중부발전(주)신서천발전본부,1,2022-01-25 22:30,TSP,0.0
한국중부발전(주)신서천발전본부,1,2022-01-25 22:30,SOx,0.0
한국중부발전(주)신서천발전본부,1,2022-01-25 22:30,NOx,0.0
한국중부발전(주)신서천발전본부,1,2022-01-25 23:00,TSP,0.0
한국중부발전(주)신서천발전본부,1,2022-01-25 23:00,SOx,0.0
한국중부발전(주)신서천발전본부,1,2022-01-25 23:00,NOx,0.0
한국중부발전(주)신서천발전본부,1,2022-01-25 23:30,TSP,0.0
한국중부발전(주)신서천발전본부,1,2022-01-25 23:30,SOx,0.0
한국중부발전(주)신서천발전본부,1,2022-01-25 23:30,NOx,0.0
한국중부발전(주)신서천발전본부,1,2022-01-26 00:00,TSP,0.0
한국중부발전(주)신서천발전본부,1,2022-01-26 00:00,SOx,0.0
한국중부발전(주)신서천발전본부,1,2022-01-26 00:00,NOx,0.0
한국중부발전(주)신서천발전본부,1,2022-01-26 00:30,TSP,0.0
한국중부발전(주)신서천발전본부,1,2022-01-26 00:30,SOx,0.0
한국중부발전(주)신서천발전본부,1,2022-01-26 00:30,NOx,0.0
한국중부발전(주)신서천발전본부,1,2022-01-26 01:00,TSP,0.0
한국중부발전(주)신서천발전본부,1,2022-01-26 01:00,SOx,0.0
한국중부발전(주)신서천발전본부,1,2022-01-26 01:00,NOx,0.0
한국중부발전(주)신서천발전본부,1,2022-01-26 01:30,TSP,0.0
한국중부발전(주)신서천발전본부,1,2022-01-26 01:30,SOx,0.0
한국중부발전(주)신서천발전본부,1,2022-01-26 01:30,NOx,0.0
한국중부발전(주)신서천발전본부,1,2022-01-26 02:00,TSP,0.0
한국중부발전(주)신서천발전본부,1,2022-01-26 02:00,SOx,0.0
한국중부발전(주)신서천발전본부,1,2022-01-26 02:00,NOx,0.0
한국중부발전(주)신서천발전본부,1,2022-01-26 02:30,TSP,0.0
한국중부발전(주)신서천발전본부,1,2022-01-26 02:30,SOx,0.0
한국중부발전(주)신서천발전본부,1,2022-01-26 02:30,NOx,0.0
한국중부발전(주)신서천발전본부,1,2022-01-26 03:00,TSP,0.0
한국중부발전(주)신서천발전본부,1,2022-01-26 03:00,SOx,0.0
한국중부발전(주)신서천발전본부,1,2022-01-26 03:00,NOx,0.0
한국중부발전(주)신서천발전본부,1,2022-01-26 03:30,TSP,0.0
한국중부발전(주)신서천발전본부,1,2022-01-26 03:30,SOx,0.0
한국중부발전(주)신서천발전본부,1,2022-01-26 03:30,NOx,0.0
한국중부발전(주)신서천발전본부,1,2022-01-26 04:00,TSP,0.0
한국중부발전(주)신서천발전본부,1,2022-01-26 04:00,SOx,0.0
한국중부발전(주)신서천발전본부,1,2022-01-26 04:00,NOx,0.0
한국중부발전(주)신서천발전본부,1,2022-01-26 04:30,TSP,0.0
한국중부발전(주)신서천발전본부,1,2022-01-26 04:30,SOx,0.0
한국중부발전(주)신서천발전본부,1,2022-01-26 04:30,NOx,0.0
한국중부발전(주)신서천발전본부,1,2022-01-26 05:00,TSP,0.0
한국중부발전(주)신서천발전본부,1,2022-01-26 05:00,SOx,0.0
한국중부발전(주)신서천발전본부,1,2022-01-26 05:00,NOx,0.0
한국중부발전(주)신서천발전본부,1,2022-01-26 05:30,TSP,0.0
한국중부발전(주)신서천발전본부,1,2022-01-26 05:30,SOx,0.0
한국중부발전(주)신서천발전본부,1,2022-01-26 05:30,NOx,0.0
한국중부발전(주)신서천발전본부,1,2022-01-26 06:00,TSP,0.0
한국중부발전(주)신서천발전본부,1,2022-01-26 06:00,SOx,0.0
한국중부발전(주)신서천발전본부,1,2022-01-26 06:00,NOx,0.0
한국중부발전(주)신서천발전본부,1,2022-01-26 06:30,TSP,0.0
한국중부발전(주)신서천발전본부,1,2022-01-26 06:30,SOx,0.0
한국중부발전(주)신서천발전본부,1,2022-01-26 06:30,NOx,0.0
한국중부발전(주)신서천발전본부,1,2022-01-26 07:00,TSP,0.0
한국중부발전(주)신서천발전본부,1,2022-01-26 07:00,SOx,0.0
한국중부발전(주)신서천발전본부,1,2022-01-26 07:00,NOx,0.0
한국중부발전(주)신서천발전본부,1,2022-01-26 07:30,TSP,0.0
한국중부발전(주)신서천발전본부,1,2022-01-26 07:30,SOx,0.0
한국중부발전(주)신서천발전본부,1,2022-01-26 07:30,NOx,0.0
한국중부발전(주)신서천발전본부,1,2022-01-26 08:00,TSP,0.0
한국중부발전(주)신서천발전본부,1,2022-01-26 08:00,SOx,0.0
한국중부발전(주)신서천발전본부,1,2022-01-26 08:00,NOx,0.0
한국중부발전(주)신서천발전본부,1,2022-01-26 08:30,TSP,0.0
한국중부발전(주)신서천발전본부,1,2022-01-26 08:30,SOx,0.0
한국중부발전(주)신서천발전본부,1,2022-01-26 08:30,NOx,0.0
한국중부발전(주)신서천발전본부,1,2022-01-26 09:00,TSP,0.0
한국중부발전(주)신서천발전본부,1,2022-01-26 09:00,SOx,0.0
한국중부발전(주)신서천발전본부,1,2022-01-26 09:00,NOx,0.0
한국중부발전(주)신서천발전본부,1,2022-01-26 09:30,TSP,0.0
한국중부발전(주)신서천발전본부,1,2022-01-26 09:30,SOx,0.0
한국중부발전(주)신서천발전본부,1,2022-01-26 09:30,NOx,0.0
한국중부발전(주)신서천발전본부,1,2022-01-26 10:00,TSP,0.0
한국중부발전(주)신서천발전본부,1,2022-01-26 10:00,SOx,0.0
한국중부발전(주)신서천발전본부,1,2022-01-26 10:00,NOx,0.0
한국중부발전(주)신서천발전본부,1,2022-01-26 10:30,TSP,0.0
한국중부발전(주)신서천발전본부,1,2022-01-26 10:30,SOx,0.0
한국중부발전(주)신서천발전본부,1,2022-01-26 10:30,NOx,0.0
한국중부발전(주)신서천발전본부,1,2022-01-26 11:00,TSP,0.0
한국중부발전(주)신서천발전본부,1,2022-01-26 11:00,SOx,0.0
한국중부발전(주)신서천발전본부,1,2022-01-26 11:00,NOx,0.0
한국중부발전(주)신서천발전본부,1,2022-01-26 11:30,TSP,0.0
한국중부발전(주)신서천발전본부,1,2022-01-26 11:30,SOx,0.0
한국중부발전(주)신서천발전본부,1,2022-01-26 11:30,NOx,0.0
한국중부발전(주)신서천발전본부,1,2022-01-26 12:00,TSP,0.0
한국중부발전(주)신서천발전본부,1,2022-01-26 12:00,SOx,0.0
한국중부발전(주)신서천발전본부,1,2022-01-26 12:00,NOx,0.0
한국중부발전(주)신서천발전본부,1,2022-01-26 12:30,TSP,0.0
한국중부발전(주)신서천발전본부,1,2022-01-26 12:30,SOx,0.0
한국중부발전(주)신서천발전본부,1,2022-01-26 12:30,NOx,0.0
한국중부발전(주)신서천발전본부,1,2022-01-26 13:00,TSP,0.0
한국중부발전(주)신서천발전본부,1,2022-01-26 13:00,SOx,0.0
한국중부발전(주)신서천발전본부,1,2022-01-26 13:00,NOx,0.0
한국중부발전(주)신서천발전본부,1,2022-01-26 13:30,TSP,0.0
한국중부발전(주)신서천발전본부,1,2022-01-26 13:30,SOx,0.0
한국중부발전(주)신서천발전본부,1,2022-01-26 13:30,NOx,0.0
한국중부발전(주)신서천발전본부,1,2022-01-26 14:00,TSP,0.0
한국중부발전(주)신서천발전본부,1,2022-01-26 14:00,SOx,0.0
한국중부발전(주)신서천발전본부,1,2022-01-26 14:00,NOx,0.0
한국중부발전(주)신서천발전본부,1,2022-01-26 14:30,TSP,0.0
한국중부발전(주)신서천발전본부,1,2022-01-26 14:30,SOx,0.0
한국중부발전(주)신서천발전본부,1,2022-01-26 14:30,NOx,0.0
한국중부발전(주)신서천발전본부,1,2022-01-26 15:00,TSP,0.0
한국중부발전(주)신서천발전본부,1,2022-01-26 15:00,SOx,0.0
한국중부발전(주)신서천발전본부,1,2022-01-26 15:00,NOx,0.0
한국중부발전(주)신서천발전본부,1,2022-01-26 15:30,TSP,0.0
한국중부발전(주)신서천발전본부,1,2022-01-26 15:30,SOx,0.0
한국중부발전(주)신서천발전본부,1,2022-01-26 15:30,NOx,0.0
한국중부발전(주)신서천발전본부,1,2022-01-26 16:00,TSP,0.0
한국중부발전(주)신서천발전본부,1,2022-01-26 16:00,SOx,0.0
한국중부발전(주)신서천발전본부,1,2022-01-26 16:00,NOx,0.0
한국중부발전(주)신서천발전본부,1,2022-01-26 16:30,TSP,0.0
한국중부발전(주)신서천발전본부,1,2022-01-26 16:30,SOx,0.0
한국중부발전(주)신서천발전본부,1,2022-01-26 16:30,NOx,0.0
한국중부발전(주)신서천발전본부,1,2022-01-26 17:00,TSP,0.0
한국중부발전(주)신서천발전본부,1,2022-01-26 17:00,SOx,0.0
한국중부발전(주)신서천발전본부,1,2022-01-26 17:00,NOx,0.0
한국중부발전(주)신서천발전본부,1,2022-01-26 17:30,TSP,0.0
한국중부발전(주)신서천발전본부,1,2022-01-26 17:30,SOx,0.0
한국중부발전(주)신서천발전본부,1,2022-01-26 17:30,NOx,0.0
한국중부발전(주)신서천발전본부,1,2022-01-26 18:00,TSP,0.0
한국중부발전(주)신서천발전본부,1,2022-01-26 18:00,SOx,0.0
한국중부발전(주)신서천발전본부,1,2022-01-26 18:00,NOx,0.0
한국중부발전(주)신서천발전본부,1,2022-01-26 18:30,TSP,0.0
한국중부발전(주)신서천발전본부,1,2022-01-26 18:30,SOx,0.0
한국중부발전(주)신서천발전본부,1,2022-01-26 18:30,NOx,0.0
한국중부발전(주)신서천발전본부,1,2022-01-26 19:00,TSP,0.0
한국중부발전(주)신서천발전본부,1,2022-01-26 19:00,SOx,0.0
한국중부발전(주)신서천발전본부,1,2022-01-26 19:00,NOx,0.0
한국중부발전(주)신서천발전본부,1,2022-01-26 19:30,TSP,0.0
한국중부발전(주)신서천발전본부,1,2022-01-26 19:30,SOx,0.0
한국중부발전(주)신서천발전본부,1,2022-01-26 19:30,NOx,0.0
한국중부발전(주)신서천발전본부,1,2022-01-26 20:00,TSP,0.0
한국중부발전(주)신서천발전본부,1,2022-01-26 20:00,SOx,0.0
한국중부발전(주)신서천발전본부,1,2022-01-26 20:00,NOx,0.0
한국중부발전(주)신서천발전본부,1,2022-01-26 20:30,TSP,0.0
한국중부발전(주)신서천발전본부,1,2022-01-26 20:30,SOx,0.0
한국중부발전(주)신서천발전본부,1,2022-01-26 20:30,NOx,0.0
한국중부발전(주)신서천발전본부,1,2022-01-26 21:00,TSP,0.0
한국중부발전(주)신서천발전본부,1,2022-01-26 21:00,SOx,0.0
한국중부발전(주)신서천발전본부,1,2022-01-26 21:00,NOx,0.0
한국중부발전(주)신서천발전본부,1,2022-01-26 21:30,TSP,0.0
한국중부발전(주)신서천발전본부,1,2022-01-26 21:30,SOx,0.0
한국중부발전(주)신서천발전본부,1,2022-01-26 21:30,NOx,0.0
한국중부발전(주)신서천발전본부,1,2022-01-26 22:00,TSP,0.0
한국중부발전(주)신서천발전본부,1,2022-01-26 22:00,SOx,0.0
한국중부발전(주)신서천발전본부,1,2022-01-26 22:00,NOx,0.0
한국중부발전(주)신서천발전본부,1,2022-01-26 22:30,TSP,0.0
한국중부발전(주)신서천발전본부,1,2022-01-26 22:30,SOx,0.0
한국중부발전(주)신서천발전본부,1,2022-01-26 22:30,NOx,0.0
한국중부발전(주)신서천발전본부,1,2022-01-26 23:00,TSP,0.0
한국중부발전(주)신서천발전본부,1,2022-01-26 23:00,SOx,0.0
한국중부발전(주)신서천발전본부,1,2022-01-26 23:00,NOx,0.0
한국중부발전(주)신서천발전본부,1,2022-01-26 23:30,TSP,0.0
한국중부발전(주)신서천발전본부,1,2022-01-26 23:30,SOx,0.0
한국중부발전(주)신서천발전본부,1,2022-01-26 23:30,NOx,0.0
한국중부발전(주)신서천발전본부,1,2022-01-27 00:00,TSP,0.0
한국중부발전(주)신서천발전본부,1,2022-01-27 00:00,SOx,0.0
한국중부발전(주)신서천발전본부,1,2022-01-27 00:00,NOx,0.0
한국중부발전(주)신서천발전본부,1,2022-01-27 00:30,TSP,0.0
한국중부발전(주)신서천발전본부,1,2022-01-27 00:30,SOx,0.0
한국중부발전(주)신서천발전본부,1,2022-01-27 00:30,NOx,0.0
한국중부발전(주)신서천발전본부,1,2022-01-27 01:00,TSP,0.0
한국중부발전(주)신서천발전본부,1,2022-01-27 01:00,SOx,0.0
한국중부발전(주)신서천발전본부,1,2022-01-27 01:00,NOx,0.0
한국중부발전(주)신서천발전본부,1,2022-01-27 01:30,TSP,0.0
한국중부발전(주)신서천발전본부,1,2022-01-27 01:30,SOx,0.0
한국중부발전(주)신서천발전본부,1,2022-01-27 01:30,NOx,0.0
한국중부발전(주)신서천발전본부,1,2022-01-27 02:00,TSP,0.0
한국중부발전(주)신서천발전본부,1,2022-01-27 02:00,SOx,0.0
한국중부발전(주)신서천발전본부,1,2022-01-27 02:00,NOx,0.0
한국중부발전(주)신서천발전본부,1,2022-01-27 02:30,TSP,0.0
한국중부발전(주)신서천발전본부,1,2022-01-27 02:30,SOx,0.0
한국중부발전(주)신서천발전본부,1,2022-01-27 02:30,NOx,0.0
한국중부발전(주)신서천발전본부,1,2022-01-27 03:00,TSP,0.0
한국중부발전(주)신서천발전본부,1,2022-01-27 03:00,SOx,0.0
한국중부발전(주)신서천발전본부,1,2022-01-27 03:00,NOx,0.0
한국중부발전(주)신서천발전본부,1,2022-01-27 03:30,TSP,0.0
한국중부발전(주)신서천발전본부,1,2022-01-27 03:30,SOx,0.0
한국중부발전(주)신서천발전본부,1,2022-01-27 03:30,NOx,0.0
한국중부발전(주)신서천발전본부,1,2022-01-27 04:00,TSP,0.0
한국중부발전(주)신서천발전본부,1,2022-01-27 04:00,SOx,0.0
한국중부발전(주)신서천발전본부,1,2022-01-27 04:00,NOx,0.0
한국중부발전(주)신서천발전본부,1,2022-01-27 04:30,TSP,0.0
한국중부발전(주)신서천발전본부,1,2022-01-27 04:30,SOx,0.0
한국중부발전(주)신서천발전본부,1,2022-01-27 04:30,NOx,0.0
한국중부발전(주)신서천발전본부,1,2022-01-27 05:00,TSP,0.0
한국중부발전(주)신서천발전본부,1,2022-01-27 05:00,SOx,0.0
한국중부발전(주)신서천발전본부,1,2022-01-27 05:00,NOx,0.0
한국중부발전(주)신서천발전본부,1,2022-01-27 05:30,TSP,0.0
한국중부발전(주)신서천발전본부,1,2022-01-27 05:30,SOx,0.0
한국중부발전(주)신서천발전본부,1,2022-01-27 05:30,NOx,0.0
한국중부발전(주)신서천발전본부,1,2022-01-27 06:00,TSP,0.0
한국중부발전(주)신서천발전본부,1,2022-01-27 06:00,SOx,0.0
한국중부발전(주)신서천발전본부,1,2022-01-27 06:00,NOx,0.0
한국중부발전(주)신서천발전본부,1,2022-01-27 06:30,TSP,0.0
한국중부발전(주)신서천발전본부,1,2022-01-27 06:30,SOx,0.0
한국중부발전(주)신서천발전본부,1,2022-01-27 06:30,NOx,0.0
한국중부발전(주)신서천발전본부,1,2022-01-27 07:00,TSP,0.0
한국중부발전(주)신서천발전본부,1,2022-01-27 07:00,SOx,0.0
한국중부발전(주)신서천발전본부,1,2022-01-27 07:00,NOx,0.0
한국중부발전(주)신서천발전본부,1,2022-01-27 07:30,TSP,0.0
한국중부발전(주)신서천발전본부,1,2022-01-27 07:30,SOx,0.0
한국중부발전(주)신서천발전본부,1,2022-01-27 07:30,NOx,0.0
한국중부발전(주)신서천발전본부,1,2022-01-27 08:00,TSP,0.0
한국중부발전(주)신서천발전본부,1,2022-01-27 08:00,SOx,0.0
한국중부발전(주)신서천발전본부,1,2022-01-27 08:00,NOx,0.0
한국중부발전(주)신서천발전본부,1,2022-01-27 08:30,TSP,0.0
한국중부발전(주)신서천발전본부,1,2022-01-27 08:30,SOx,0.0
한국중부발전(주)신서천발전본부,1,2022-01-27 08:30,NOx,0.0
한국중부발전(주)신서천발전본부,1,2022-01-27 09:00,TSP,0.0
한국중부발전(주)신서천발전본부,1,2022-01-27 09:00,SOx,0.0
한국중부발전(주)신서천발전본부,1,2022-01-27 09:00,NOx,0.0
한국중부발전(주)신서천발전본부,1,2022-01-27 09:30,TSP,0.0
한국중부발전(주)신서천발전본부,1,2022-01-27 09:30,SOx,0.0
한국중부발전(주)신서천발전본부,1,2022-01-27 09:30,NOx,0.0
한국중부발전(주)신서천발전본부,1,2022-01-27 10:00,TSP,0.0
한국중부발전(주)신서천발전본부,1,2022-01-27 10:00,SOx,0.0
한국중부발전(주)신서천발전본부,1,2022-01-27 10:00,NOx,0.0
한국중부발전(주)신서천발전본부,1,2022-01-27 10:30,TSP,0.0
한국중부발전(주)신서천발전본부,1,2022-01-27 10:30,SOx,0.0
한국중부발전(주)신서천발전본부,1,2022-01-27 10:30,NOx,0.0
한국중부발전(주)신서천발전본부,1,2022-01-27 11:00,TSP,0.0
한국중부발전(주)신서천발전본부,1,2022-01-27 11:00,SOx,0.0
한국중부발전(주)신서천발전본부,1,2022-01-27 11:00,NOx,0.0
한국중부발전(주)신서천발전본부,1,2022-01-27 11:30,TSP,0.0
한국중부발전(주)신서천발전본부,1,2022-01-27 11:30,SOx,0.0
한국중부발전(주)신서천발전본부,1,2022-01-27 11:30,NOx,0.0
한국중부발전(주)신서천발전본부,1,2022-01-27 12:00,TSP,0.0
한국중부발전(주)신서천발전본부,1,2022-01-27 12:00,SOx,0.0
한국중부발전(주)신서천발전본부,1,2022-01-27 12:00,NOx,0.0
한국중부발전(주)신서천발전본부,1,2022-01-27 12:30,TSP,0.0
한국중부발전(주)신서천발전본부,1,2022-01-27 12:30,SOx,0.0
한국중부발전(주)신서천발전본부,1,2022-01-27 12:30,NOx,0.0
한국중부발전(주)신서천발전본부,1,2022-01-27 13:00,TSP,0.0
한국중부발전(주)신서천발전본부,1,2022-01-27 13:00,SOx,0.0
한국중부발전(주)신서천발전본부,1,2022-01-27 13:00,NOx,0.0
한국중부발전(주)신서천발전본부,1,2022-01-27 13:30,TSP,0.0
한국중부발전(주)신서천발전본부,1,2022-01-27 13:30,SOx,0.0
한국중부발전(주)신서천발전본부,1,2022-01-27 13:30,NOx,0.0
한국중부발전(주)신서천발전본부,1,2022-01-27 14:00,TSP,0.0
한국중부발전(주)신서천발전본부,1,2022-01-27 14:00,SOx,0.0
한국중부발전(주)신서천발전본부,1,2022-01-27 14:00,NOx,0.0
한국중부발전(주)신서천발전본부,1,2022-01-27 14:30,TSP,0.0
한국중부발전(주)신서천발전본부,1,2022-01-27 14:30,SOx,0.0
한국중부발전(주)신서천발전본부,1,2022-01-27 14:30,NOx,0.0
한국중부발전(주)신서천발전본부,1,2022-01-27 15:00,TSP,0.0
한국중부발전(주)신서천발전본부,1,2022-01-27 15:00,SOx,0.0
한국중부발전(주)신서천발전본부,1,2022-01-27 15:00,NOx,0.0
한국중부발전(주)신서천발전본부,1,2022-01-27 15:30,TSP,0.0
한국중부발전(주)신서천발전본부,1,2022-01-27 15:30,SOx,0.0
한국중부발전(주)신서천발전본부,1,2022-01-27 15:30,NOx,0.0
한국중부발전(주)신서천발전본부,1,2022-01-27 16:00,TSP,0.0
한국중부발전(주)신서천발전본부,1,2022-01-27 16:00,SOx,0.0
한국중부발전(주)신서천발전본부,1,2022-01-27 16:00,NOx,0.0
한국중부발전(주)신서천발전본부,1,2022-01-27 16:30,TSP,0.0
한국중부발전(주)신서천발전본부,1,2022-01-27 16:30,SOx,0.0
한국중부발전(주)신서천발전본부,1,2022-01-27 16:30,NOx,0.0
한국중부발전(주)신서천발전본부,1,2022-01-27 17:00,TSP,0.0
한국중부발전(주)신서천발전본부,1,2022-01-27 17:00,SOx,0.0
한국중부발전(주)신서천발전본부,1,2022-01-27 17:00,NOx,0.0
한국중부발전(주)신서천발전본부,1,2022-01-27 17:30,TSP,0.0
한국중부발전(주)신서천발전본부,1,2022-01-27 17:30,SOx,0.0
한국중부발전(주)신서천발전본부,1,2022-01-27 17:30,NOx,0.0
한국중부발전(주)신서천발전본부,1,2022-01-27 18:00,TSP,0.0
한국중부발전(주)신서천발전본부,1,2022-01-27 18:00,SOx,0.0
한국중부발전(주)신서천발전본부,1,2022-01-27 18:00,NOx,0.0
한국중부발전(주)신서천발전본부,1,2022-01-27 18:30,TSP,0.0
한국중부발전(주)신서천발전본부,1,2022-01-27 18:30,SOx,0.0
한국중부발전(주)신서천발전본부,1,2022-01-27 18:30,NOx,0.0
한국중부발전(주)신서천발전본부,1,2022-01-27 19:00,TSP,0.0
한국중부발전(주)신서천발전본부,1,2022-01-27 19:00,SOx,0.0
한국중부발전(주)신서천발전본부,1,2022-01-27 19:00,NOx,0.0
한국중부발전(주)신서천발전본부,1,2022-01-27 19:30,TSP,0.0
한국중부발전(주)신서천발전본부,1,2022-01-27 19:30,SOx,0.0
한국중부발전(주)신서천발전본부,1,2022-01-27 19:30,NOx,0.0
한국중부발전(주)신서천발전본부,1,2022-01-27 20:00,TSP,0.0
한국중부발전(주)신서천발전본부,1,2022-01-27 20:00,SOx,0.0
한국중부발전(주)신서천발전본부,1,2022-01-27 20:00,NOx,0.0
한국중부발전(주)신서천발전본부,1,2022-01-27 20:30,TSP,0.0
한국중부발전(주)신서천발전본부,1,2022-01-27 20:30,SOx,0.0
한국중부발전(주)신서천발전본부,1,2022-01-27 20:30,NOx,0.0
한국중부발전(주)신서천발전본부,1,2022-01-27 21:00,TSP,0.0
한국중부발전(주)신서천발전본부,1,2022-01-27 21:00,SOx,0.0
한국중부발전(주)신서천발전본부,1,2022-01-27 21:00,NOx,0.0
한국중부발전(주)신서천발전본부,1,2022-01-27 21:30,TSP,0.0
한국중부발전(주)신서천발전본부,1,2022-01-27 21:30,SOx,0.0
한국중부발전(주)신서천발전본부,1,2022-01-27 21:30,NOx,0.0
한국중부발전(주)신서천발전본부,1,2022-01-27 22:00,TSP,0.0
한국중부발전(주)신서천발전본부,1,2022-01-27 22:00,SOx,0.0
한국중부발전(주)신서천발전본부,1,2022-01-27 22:00,NOx,0.0
한국중부발전(주)신서천발전본부,1,2022-01-27 22:30,TSP,0.0
한국중부발전(주)신서천발전본부,1,2022-01-27 22:30,SOx,0.0
한국중부발전(주)신서천발전본부,1,2022-01-27 22:30,NOx,0.0
한국중부발전(주)신서천발전본부,1,2022-01-27 23:00,TSP,0.0
한국중부발전(주)신서천발전본부,1,2022-01-27 23:00,SOx,0.0
한국중부발전(주)신서천발전본부,1,2022-01-27 23:00,NOx,0.0
한국중부발전(주)신서천발전본부,1,2022-01-27 23:30,TSP,0.0
한국중부발전(주)신서천발전본부,1,2022-01-27 23:30,SOx,0.0
한국중부발전(주)신서천발전본부,1,2022-01-27 23:30,NOx,0.0
한국중부발전(주)신서천발전본부,1,2022-01-28 00:00,TSP,0.0
한국중부발전(주)신서천발전본부,1,2022-01-28 00:00,SOx,0.0
한국중부발전(주)신서천발전본부,1,2022-01-28 00:00,NOx,0.0
한국중부발전(주)신서천발전본부,1,2022-01-28 00:30,TSP,0.0
한국중부발전(주)신서천발전본부,1,2022-01-28 00:30,SOx,0.0
한국중부발전(주)신서천발전본부,1,2022-01-28 00:30,NOx,0.0
한국중부발전(주)신서천발전본부,1,2022-01-28 01:00,TSP,0.0
한국중부발전(주)신서천발전본부,1,2022-01-28 01:00,SOx,0.0
한국중부발전(주)신서천발전본부,1,2022-01-28 01:00,NOx,0.0
한국중부발전(주)신서천발전본부,1,2022-01-28 01:30,TSP,0.0
한국중부발전(주)신서천발전본부,1,2022-01-28 01:30,SOx,0.0
한국중부발전(주)신서천발전본부,1,2022-01-28 01:30,NOx,0.0
한국중부발전(주)신서천발전본부,1,2022-01-28 02:00,TSP,0.0
한국중부발전(주)신서천발전본부,1,2022-01-28 02:00,SOx,0.0
한국중부발전(주)신서천발전본부,1,2022-01-28 02:00,NOx,0.0
한국중부발전(주)신서천발전본부,1,2022-01-28 02:30,TSP,0.0
한국중부발전(주)신서천발전본부,1,2022-01-28 02:30,SOx,0.0
한국중부발전(주)신서천발전본부,1,2022-01-28 02:30,NOx,0.0
한국중부발전(주)신서천발전본부,1,2022-01-28 03:00,TSP,0.0
한국중부발전(주)신서천발전본부,1,2022-01-28 03:00,SOx,0.0
한국중부발전(주)신서천발전본부,1,2022-01-28 03:00,NOx,0.0
한국중부발전(주)신서천발전본부,1,2022-01-28 03:30,TSP,0.0
한국중부발전(주)신서천발전본부,1,2022-01-28 03:30,SOx,0.0
한국중부발전(주)신서천발전본부,1,2022-01-28 03:30,NOx,0.0
한국중부발전(주)신서천발전본부,1,2022-01-28 04:00,TSP,0.0
한국중부발전(주)신서천발전본부,1,2022-01-28 04:00,SOx,0.0
한국중부발전(주)신서천발전본부,1,2022-01-28 04:00,NOx,0.0
한국중부발전(주)신서천발전본부,1,2022-01-28 04:30,TSP,0.0
한국중부발전(주)신서천발전본부,1,2022-01-28 04:30,SOx,0.0
한국중부발전(주)신서천발전본부,1,2022-01-28 04:30,NOx,0.0
한국중부발전(주)신서천발전본부,1,2022-01-28 05:00,TSP,0.0
한국중부발전(주)신서천발전본부,1,2022-01-28 05:00,SOx,0.0
한국중부발전(주)신서천발전본부,1,2022-01-28 05:00,NOx,0.0
한국중부발전(주)신서천발전본부,1,2022-01-28 05:30,TSP,0.0
한국중부발전(주)신서천발전본부,1,2022-01-28 05:30,SOx,0.0
한국중부발전(주)신서천발전본부,1,2022-01-28 05:30,NOx,0.0
한국중부발전(주)신서천발전본부,1,2022-01-28 06:00,TSP,0.0
한국중부발전(주)신서천발전본부,1,2022-01-28 06:00,SOx,0.0
한국중부발전(주)신서천발전본부,1,2022-01-28 06:00,NOx,0.0
한국중부발전(주)신서천발전본부,1,2022-01-28 06:30,TSP,0.0
한국중부발전(주)신서천발전본부,1,2022-01-28 06:30,SOx,0.0
한국중부발전(주)신서천발전본부,1,2022-01-28 06:30,NOx,0.0
한국중부발전(주)신서천발전본부,1,2022-01-28 07:00,TSP,0.0
한국중부발전(주)신서천발전본부,1,2022-01-28 07:00,SOx,0.0
한국중부발전(주)신서천발전본부,1,2022-01-28 07:00,NOx,0.0
한국중부발전(주)신서천발전본부,1,2022-01-28 07:30,TSP,0.0
한국중부발전(주)신서천발전본부,1,2022-01-28 07:30,SOx,0.0
한국중부발전(주)신서천발전본부,1,2022-01-28 07:30,NOx,0.0
한국중부발전(주)신서천발전본부,1,2022-01-28 08:00,TSP,0.0
한국중부발전(주)신서천발전본부,1,2022-01-28 08:00,SOx,0.0
한국중부발전(주)신서천발전본부,1,2022-01-28 08:00,NOx,0.0
한국중부발전(주)신서천발전본부,1,2022-01-28 08:30,TSP,0.0
한국중부발전(주)신서천발전본부,1,2022-01-28 08:30,SOx,0.0
한국중부발전(주)신서천발전본부,1,2022-01-28 08:30,NOx,0.0
한국중부발전(주)신서천발전본부,1,2022-01-28 09:00,TSP,0.0
한국중부발전(주)신서천발전본부,1,2022-01-28 09:00,SOx,0.0
한국중부발전(주)신서천발전본부,1,2022-01-28 09:00,NOx,0.0
한국중부발전(주)신서천발전본부,1,2022-01-28 09:30,TSP,0.0
한국중부발전(주)신서천발전본부,1,2022-01-28 09:30,SOx,0.0
한국중부발전(주)신서천발전본부,1,2022-01-28 09:30,NOx,0.0
한국중부발전(주)신서천발전본부,1,2022-01-28 10:00,TSP,0.0
한국중부발전(주)신서천발전본부,1,2022-01-28 10:00,SOx,0.0
한국중부발전(주)신서천발전본부,1,2022-01-28 10:00,NOx,0.0
한국중부발전(주)신서천발전본부,1,2022-01-28 10:30,TSP,0.0
한국중부발전(주)신서천발전본부,1,2022-01-28 10:30,SOx,0.0
한국중부발전(주)신서천발전본부,1,2022-01-28 10:30,NOx,0.0
한국중부발전(주)신서천발전본부,1,2022-01-28 11:00,TSP,0.0
한국중부발전(주)신서천발전본부,1,2022-01-28 11:00,SOx,0.0
한국중부발전(주)신서천발전본부,1,2022-01-28 11:00,NOx,0.0
한국중부발전(주)신서천발전본부,1,2022-01-28 11:30,TSP,0.0
한국중부발전(주)신서천발전본부,1,2022-01-28 11:30,SOx,0.0
한국중부발전(주)신서천발전본부,1,2022-01-28 11:30,NOx,0.0
한국중부발전(주)신서천발전본부,1,2022-01-28 12:00,TSP,0.0
한국중부발전(주)신서천발전본부,1,2022-01-28 12:00,SOx,0.0
한국중부발전(주)신서천발전본부,1,2022-01-28 12:00,NOx,0.0
한국중부발전(주)신서천발전본부,1,2022-01-28 12:30,TSP,0.0
한국중부발전(주)신서천발전본부,1,2022-01-28 12:30,SOx,0.0
한국중부발전(주)신서천발전본부,1,2022-01-28 12:30,NOx,0.0
한국중부발전(주)신서천발전본부,1,2022-01-28 13:00,TSP,0.0
한국중부발전(주)신서천발전본부,1,2022-01-28 13:00,SOx,0.0
한국중부발전(주)신서천발전본부,1,2022-01-28 13:00,NOx,0.0
한국중부발전(주)신서천발전본부,1,2022-01-28 13:30,TSP,0.0
한국중부발전(주)신서천발전본부,1,2022-01-28 13:30,SOx,0.0
한국중부발전(주)신서천발전본부,1,2022-01-28 13:30,NOx,0.0
한국중부발전(주)신서천발전본부,1,2022-01-28 14:00,TSP,0.0
한국중부발전(주)신서천발전본부,1,2022-01-28 14:00,SOx,0.0
한국중부발전(주)신서천발전본부,1,2022-01-28 14:00,NOx,0.0
한국중부발전(주)신서천발전본부,1,2022-01-28 14:30,TSP,0.0
한국중부발전(주)신서천발전본부,1,2022-01-28 14:30,SOx,0.0
한국중부발전(주)신서천발전본부,1,2022-01-28 14:30,NOx,0.0
한국중부발전(주)신서천발전본부,1,2022-01-28 15:00,TSP,0.0
한국중부발전(주)신서천발전본부,1,2022-01-28 15:00,SOx,0.0
한국중부발전(주)신서천발전본부,1,2022-01-28 15:00,NOx,0.0
한국중부발전(주)신서천발전본부,1,2022-01-28 15:30,TSP,0.0
한국중부발전(주)신서천발전본부,1,2022-01-28 15:30,SOx,0.0
한국중부발전(주)신서천발전본부,1,2022-01-28 15:30,NOx,0.0
한국중부발전(주)신서천발전본부,1,2022-01-28 16:00,TSP,0.0
한국중부발전(주)신서천발전본부,1,2022-01-28 16:00,SOx,0.0
한국중부발전(주)신서천발전본부,1,2022-01-28 16:00,NOx,0.0
한국중부발전(주)신서천발전본부,1,2022-01-28 16:30,TSP,0.0
한국중부발전(주)신서천발전본부,1,2022-01-28 16:30,SOx,0.0
한국중부발전(주)신서천발전본부,1,2022-01-28 16:30,NOx,0.0
한국중부발전(주)신서천발전본부,1,2022-01-28 17:00,TSP,0.0
한국중부발전(주)신서천발전본부,1,2022-01-28 17:00,SOx,0.0
한국중부발전(주)신서천발전본부,1,2022-01-28 17:00,NOx,0.0
한국중부발전(주)신서천발전본부,1,2022-01-28 17:30,TSP,0.0
한국중부발전(주)신서천발전본부,1,2022-01-28 17:30,SOx,0.0
한국중부발전(주)신서천발전본부,1,2022-01-28 17:30,NOx,0.0
한국중부발전(주)신서천발전본부,1,2022-01-28 18:00,TSP,0.0
한국중부발전(주)신서천발전본부,1,2022-01-28 18:00,SOx,0.0
한국중부발전(주)신서천발전본부,1,2022-01-28 18:00,NOx,0.0
한국중부발전(주)신서천발전본부,1,2022-01-28 18:30,TSP,0.0
한국중부발전(주)신서천발전본부,1,2022-01-28 18:30,SOx,0.0
한국중부발전(주)신서천발전본부,1,2022-01-28 18:30,NOx,0.0
한국중부발전(주)신서천발전본부,1,2022-01-28 19:00,TSP,0.0
한국중부발전(주)신서천발전본부,1,2022-01-28 19:00,SOx,0.0
한국중부발전(주)신서천발전본부,1,2022-01-28 19:00,NOx,0.0
한국중부발전(주)신서천발전본부,1,2022-01-28 19:30,TSP,0.0
한국중부발전(주)신서천발전본부,1,2022-01-28 19:30,SOx,0.0
한국중부발전(주)신서천발전본부,1,2022-01-28 19:30,NOx,0.0
한국중부발전(주)신서천발전본부,1,2022-01-28 20:00,TSP,0.0
한국중부발전(주)신서천발전본부,1,2022-01-28 20:00,SOx,0.0
한국중부발전(주)신서천발전본부,1,2022-01-28 20:00,NOx,0.0
한국중부발전(주)신서천발전본부,1,2022-01-28 20:30,TSP,0.0
한국중부발전(주)신서천발전본부,1,2022-01-28 20:30,SOx,0.0
한국중부발전(주)신서천발전본부,1,2022-01-28 20:30,NOx,0.0
한국중부발전(주)신서천발전본부,1,2022-01-28 21:00,TSP,0.0
한국중부발전(주)신서천발전본부,1,2022-01-28 21:00,SOx,0.0
한국중부발전(주)신서천발전본부,1,2022-01-28 21:00,NOx,0.0
한국중부발전(주)신서천발전본부,1,2022-01-28 21:30,TSP,0.0
한국중부발전(주)신서천발전본부,1,2022-01-28 21:30,SOx,0.0
한국중부발전(주)신서천발전본부,1,2022-01-28 21:30,NOx,0.0
한국중부발전(주)신서천발전본부,1,2022-01-28 22:00,TSP,0.0
한국중부발전(주)신서천발전본부,1,2022-01-28 22:00,SOx,0.0
한국중부발전(주)신서천발전본부,1,2022-01-28 22:00,NOx,0.0
한국중부발전(주)신서천발전본부,1,2022-01-28 22:30,TSP,0.0
한국중부발전(주)신서천발전본부,1,2022-01-28 22:30,SOx,0.0
한국중부발전(주)신서천발전본부,1,2022-01-28 22:30,NOx,0.0
한국중부발전(주)신서천발전본부,1,2022-01-28 23:00,TSP,0.0
한국중부발전(주)신서천발전본부,1,2022-01-28 23:00,SOx,0.0
한국중부발전(주)신서천발전본부,1,2022-01-28 23:00,NOx,0.0
한국중부발전(주)신서천발전본부,1,2022-01-28 23:30,TSP,0.0
한국중부발전(주)신서천발전본부,1,2022-01-28 23:30,SOx,0.0
한국중부발전(주)신서천발전본부,1,2022-01-28 23:30,NOx,0.0
한국중부발전(주)신서천발전본부,1,2022-01-29 00:00,TSP,0.0
한국중부발전(주)신서천발전본부,1,2022-01-29 00:00,SOx,0.0
한국중부발전(주)신서천발전본부,1,2022-01-29 00:00,NOx,0.0
한국중부발전(주)신서천발전본부,1,2022-01-29 00:30,TSP,0.0
한국중부발전(주)신서천발전본부,1,2022-01-29 00:30,SOx,0.0
한국중부발전(주)신서천발전본부,1,2022-01-29 00:30,NOx,0.0
한국중부발전(주)신서천발전본부,1,2022-01-29 01:00,TSP,0.0
한국중부발전(주)신서천발전본부,1,2022-01-29 01:00,SOx,0.0
한국중부발전(주)신서천발전본부,1,2022-01-29 01:00,NOx,0.0
한국중부발전(주)신서천발전본부,1,2022-01-29 01:30,TSP,0.0
한국중부발전(주)신서천발전본부,1,2022-01-29 01:30,SOx,0.0
한국중부발전(주)신서천발전본부,1,2022-01-29 01:30,NOx,0.0
한국중부발전(주)신서천발전본부,1,2022-01-29 02:00,TSP,0.0
한국중부발전(주)신서천발전본부,1,2022-01-29 02:00,SOx,0.0
한국중부발전(주)신서천발전본부,1,2022-01-29 02:00,NOx,0.0
한국중부발전(주)신서천발전본부,1,2022-01-29 02:30,TSP,0.0
한국중부발전(주)신서천발전본부,1,2022-01-29 02:30,SOx,0.0
한국중부발전(주)신서천발전본부,1,2022-01-29 02:30,NOx,0.0
한국중부발전(주)신서천발전본부,1,2022-01-29 03:00,TSP,0.0
한국중부발전(주)신서천발전본부,1,2022-01-29 03:00,SOx,0.0
한국중부발전(주)신서천발전본부,1,2022-01-29 03:00,NOx,0.0
한국중부발전(주)신서천발전본부,1,2022-01-29 03:30,TSP,0.0
한국중부발전(주)신서천발전본부,1,2022-01-29 03:30,SOx,0.0
한국중부발전(주)신서천발전본부,1,2022-01-29 03:30,NOx,0.0
한국중부발전(주)신서천발전본부,1,2022-01-29 04:00,TSP,0.0
한국중부발전(주)신서천발전본부,1,2022-01-29 04:00,SOx,0.0
한국중부발전(주)신서천발전본부,1,2022-01-29 04:00,NOx,0.0
한국중부발전(주)신서천발전본부,1,2022-01-29 04:30,TSP,0.0
한국중부발전(주)신서천발전본부,1,2022-01-29 04:30,SOx,0.0
한국중부발전(주)신서천발전본부,1,2022-01-29 04:30,NOx,0.0
한국중부발전(주)신서천발전본부,1,2022-01-29 05:00,TSP,0.0
한국중부발전(주)신서천발전본부,1,2022-01-29 05:00,SOx,0.0
한국중부발전(주)신서천발전본부,1,2022-01-29 05:00,NOx,0.0
한국중부발전(주)신서천발전본부,1,2022-01-29 05:30,TSP,0.0
한국중부발전(주)신서천발전본부,1,2022-01-29 05:30,SOx,0.0
한국중부발전(주)신서천발전본부,1,2022-01-29 05:30,NOx,0.0
한국중부발전(주)신서천발전본부,1,2022-01-29 06:00,TSP,0.0
한국중부발전(주)신서천발전본부,1,2022-01-29 06:00,SOx,0.0
한국중부발전(주)신서천발전본부,1,2022-01-29 06:00,NOx,0.0
한국중부발전(주)신서천발전본부,1,2022-01-29 06:30,TSP,0.0
한국중부발전(주)신서천발전본부,1,2022-01-29 06:30,SOx,0.0
한국중부발전(주)신서천발전본부,1,2022-01-29 06:30,NOx,0.0
한국중부발전(주)신서천발전본부,1,2022-01-29 07:00,TSP,0.0
한국중부발전(주)신서천발전본부,1,2022-01-29 07:00,SOx,0.0
한국중부발전(주)신서천발전본부,1,2022-01-29 07:00,NOx,0.0
한국중부발전(주)신서천발전본부,1,2022-01-29 07:30,TSP,0.0
한국중부발전(주)신서천발전본부,1,2022-01-29 07:30,SOx,0.0
한국중부발전(주)신서천발전본부,1,2022-01-29 07:30,NOx,0.0
한국중부발전(주)신서천발전본부,1,2022-01-29 08:00,TSP,0.0
한국중부발전(주)신서천발전본부,1,2022-01-29 08:00,SOx,0.0
한국중부발전(주)신서천발전본부,1,2022-01-29 08:00,NOx,0.0
한국중부발전(주)신서천발전본부,1,2022-01-29 08:30,TSP,0.0
한국중부발전(주)신서천발전본부,1,2022-01-29 08:30,SOx,0.0
한국중부발전(주)신서천발전본부,1,2022-01-29 08:30,NOx,0.0
한국중부발전(주)신서천발전본부,1,2022-01-29 09:00,TSP,0.0
한국중부발전(주)신서천발전본부,1,2022-01-29 09:00,SOx,0.0
한국중부발전(주)신서천발전본부,1,2022-01-29 09:00,NOx,0.0
한국중부발전(주)신서천발전본부,1,2022-01-29 09:30,TSP,0.0
한국중부발전(주)신서천발전본부,1,2022-01-29 09:30,SOx,0.0
한국중부발전(주)신서천발전본부,1,2022-01-29 09:30,NOx,0.0
한국중부발전(주)신서천발전본부,1,2022-01-29 10:00,TSP,0.0
한국중부발전(주)신서천발전본부,1,2022-01-29 10:00,SOx,0.0
한국중부발전(주)신서천발전본부,1,2022-01-29 10:00,NOx,0.0
한국중부발전(주)신서천발전본부,1,2022-01-29 10:30,TSP,0.0
한국중부발전(주)신서천발전본부,1,2022-01-29 10:30,SOx,0.0
한국중부발전(주)신서천발전본부,1,2022-01-29 10:30,NOx,0.0
한국중부발전(주)신서천발전본부,1,2022-01-29 11:00,TSP,0.0
한국중부발전(주)신서천발전본부,1,2022-01-29 11:00,SOx,0.0
한국중부발전(주)신서천발전본부,1,2022-01-29 11:00,NOx,0.0
한국중부발전(주)신서천발전본부,1,2022-01-29 11:30,TSP,0.0
한국중부발전(주)신서천발전본부,1,2022-01-29 11:30,SOx,0.0
한국중부발전(주)신서천발전본부,1,2022-01-29 11:30,NOx,0.0
한국중부발전(주)신서천발전본부,1,2022-01-29 12:00,TSP,0.0
한국중부발전(주)신서천발전본부,1,2022-01-29 12:00,SOx,0.0
한국중부발전(주)신서천발전본부,1,2022-01-29 12:00,NOx,0.0
한국중부발전(주)신서천발전본부,1,2022-01-29 12:30,TSP,0.0
한국중부발전(주)신서천발전본부,1,2022-01-29 12:30,SOx,0.0
한국중부발전(주)신서천발전본부,1,2022-01-29 12:30,NOx,0.0
한국중부발전(주)신서천발전본부,1,2022-01-29 13:00,TSP,0.0
한국중부발전(주)신서천발전본부,1,2022-01-29 13:00,SOx,0.0
한국중부발전(주)신서천발전본부,1,2022-01-29 13:00,NOx,0.0
한국중부발전(주)신서천발전본부,1,2022-01-29 13:30,TSP,0.0
한국중부발전(주)신서천발전본부,1,2022-01-29 13:30,SOx,0.0
한국중부발전(주)신서천발전본부,1,2022-01-29 13:30,NOx,0.0
한국중부발전(주)신서천발전본부,1,2022-01-29 14:00,TSP,0.0
한국중부발전(주)신서천발전본부,1,2022-01-29 14:00,SOx,0.0
한국중부발전(주)신서천발전본부,1,2022-01-29 14:00,NOx,0.0
한국중부발전(주)신서천발전본부,1,2022-01-29 14:30,TSP,0.0
한국중부발전(주)신서천발전본부,1,2022-01-29 14:30,SOx,0.0
한국중부발전(주)신서천발전본부,1,2022-01-29 14:30,NOx,0.0
한국중부발전(주)신서천발전본부,1,2022-01-29 15:00,TSP,0.0
한국중부발전(주)신서천발전본부,1,2022-01-29 15:00,SOx,0.0
한국중부발전(주)신서천발전본부,1,2022-01-29 15:00,NOx,0.0
한국중부발전(주)신서천발전본부,1,2022-01-29 15:30,TSP,0.0
한국중부발전(주)신서천발전본부,1,2022-01-29 15:30,SOx,0.0
한국중부발전(주)신서천발전본부,1,2022-01-29 15:30,NOx,0.0
한국중부발전(주)신서천발전본부,1,2022-01-29 16:00,TSP,0.0
한국중부발전(주)신서천발전본부,1,2022-01-29 16:00,SOx,0.0
한국중부발전(주)신서천발전본부,1,2022-01-29 16:00,NOx,0.0
한국중부발전(주)신서천발전본부,1,2022-01-29 16:30,TSP,0.0
한국중부발전(주)신서천발전본부,1,2022-01-29 16:30,SOx,0.0
한국중부발전(주)신서천발전본부,1,2022-01-29 16:30,NOx,0.0
한국중부발전(주)신서천발전본부,1,2022-01-29 17:00,TSP,0.0
한국중부발전(주)신서천발전본부,1,2022-01-29 17:00,SOx,0.0
한국중부발전(주)신서천발전본부,1,2022-01-29 17:00,NOx,0.0
한국중부발전(주)신서천발전본부,1,2022-01-29 17:30,TSP,0.0
한국중부발전(주)신서천발전본부,1,2022-01-29 17:30,SOx,0.0
한국중부발전(주)신서천발전본부,1,2022-01-29 17:30,NOx,0.0
한국중부발전(주)신서천발전본부,1,2022-01-29 18:00,TSP,0.0
한국중부발전(주)신서천발전본부,1,2022-01-29 18:00,SOx,0.0
한국중부발전(주)신서천발전본부,1,2022-01-29 18:00,NOx,0.0
한국중부발전(주)신서천발전본부,1,2022-01-29 18:30,TSP,0.0
한국중부발전(주)신서천발전본부,1,2022-01-29 18:30,SOx,0.0
한국중부발전(주)신서천발전본부,1,2022-01-29 18:30,NOx,0.0
한국중부발전(주)신서천발전본부,1,2022-01-29 19:00,TSP,0.0
한국중부발전(주)신서천발전본부,1,2022-01-29 19:00,SOx,0.0
한국중부발전(주)신서천발전본부,1,2022-01-29 19:00,NOx,0.0
한국중부발전(주)신서천발전본부,1,2022-01-29 19:30,TSP,0.0
한국중부발전(주)신서천발전본부,1,2022-01-29 19:30,SOx,0.0
한국중부발전(주)신서천발전본부,1,2022-01-29 19:30,NOx,0.0
한국중부발전(주)신서천발전본부,1,2022-01-29 20:00,TSP,0.0
한국중부발전(주)신서천발전본부,1,2022-01-29 20:00,SOx,0.0
한국중부발전(주)신서천발전본부,1,2022-01-29 20:00,NOx,0.0
한국중부발전(주)신서천발전본부,1,2022-01-29 20:30,TSP,0.0
한국중부발전(주)신서천발전본부,1,2022-01-29 20:30,SOx,0.0
한국중부발전(주)신서천발전본부,1,2022-01-29 20:30,NOx,0.0
한국중부발전(주)신서천발전본부,1,2022-01-29 21:00,TSP,0.0
한국중부발전(주)신서천발전본부,1,2022-01-29 21:00,SOx,0.0
한국중부발전(주)신서천발전본부,1,2022-01-29 21:00,NOx,0.0
한국중부발전(주)신서천발전본부,1,2022-01-29 21:30,TSP,0.0
한국중부발전(주)신서천발전본부,1,2022-01-29 21:30,SOx,0.0
한국중부발전(주)신서천발전본부,1,2022-01-29 21:30,NOx,0.0
한국중부발전(주)신서천발전본부,1,2022-01-29 22:00,TSP,0.0
한국중부발전(주)신서천발전본부,1,2022-01-29 22:00,SOx,0.0
한국중부발전(주)신서천발전본부,1,2022-01-29 22:00,NOx,0.0
한국중부발전(주)신서천발전본부,1,2022-01-29 22:30,TSP,0.0
한국중부발전(주)신서천발전본부,1,2022-01-29 22:30,SOx,0.0
한국중부발전(주)신서천발전본부,1,2022-01-29 22:30,NOx,0.0
한국중부발전(주)신서천발전본부,1,2022-01-29 23:00,TSP,0.0
한국중부발전(주)신서천발전본부,1,2022-01-29 23:00,SOx,0.0
한국중부발전(주)신서천발전본부,1,2022-01-29 23:00,NOx,0.0
한국중부발전(주)신서천발전본부,1,2022-01-29 23:30,TSP,0.0
한국중부발전(주)신서천발전본부,1,2022-01-29 23:30,SOx,0.0
한국중부발전(주)신서천발전본부,1,2022-01-29 23:30,NOx,0.0
한국중부발전(주)신서천발전본부,1,2022-01-30 00:00,TSP,0.0
한국중부발전(주)신서천발전본부,1,2022-01-30 00:00,SOx,0.0
한국중부발전(주)신서천발전본부,1,2022-01-30 00:00,NOx,0.0
한국중부발전(주)신서천발전본부,1,2022-01-30 00:30,TSP,0.0
한국중부발전(주)신서천발전본부,1,2022-01-30 00:30,SOx,0.0
한국중부발전(주)신서천발전본부,1,2022-01-30 00:30,NOx,0.0
한국중부발전(주)신서천발전본부,1,2022-01-30 01:00,TSP,0.0
한국중부발전(주)신서천발전본부,1,2022-01-30 01:00,SOx,0.0
한국중부발전(주)신서천발전본부,1,2022-01-30 01:00,NOx,0.0
한국중부발전(주)신서천발전본부,1,2022-01-30 01:30,TSP,0.0
한국중부발전(주)신서천발전본부,1,2022-01-30 01:30,SOx,0.0
한국중부발전(주)신서천발전본부,1,2022-01-30 01:30,NOx,0.0
한국중부발전(주)신서천발전본부,1,2022-01-30 02:00,TSP,0.0
한국중부발전(주)신서천발전본부,1,2022-01-30 02:00,SOx,0.0
한국중부발전(주)신서천발전본부,1,2022-01-30 02:00,NOx,0.0
한국중부발전(주)신서천발전본부,1,2022-01-30 02:30,TSP,0.0
한국중부발전(주)신서천발전본부,1,2022-01-30 02:30,SOx,0.0
한국중부발전(주)신서천발전본부,1,2022-01-30 02:30,NOx,0.0
한국중부발전(주)신서천발전본부,1,2022-01-30 03:00,TSP,0.0
한국중부발전(주)신서천발전본부,1,2022-01-30 03:00,SOx,0.0
한국중부발전(주)신서천발전본부,1,2022-01-30 03:00,NOx,0.0
한국중부발전(주)신서천발전본부,1,2022-01-30 03:30,TSP,0.0
한국중부발전(주)신서천발전본부,1,2022-01-30 03:30,SOx,0.0
한국중부발전(주)신서천발전본부,1,2022-01-30 03:30,NOx,0.0
한국중부발전(주)신서천발전본부,1,2022-01-30 04:00,TSP,0.0
한국중부발전(주)신서천발전본부,1,2022-01-30 04:00,SOx,0.0
한국중부발전(주)신서천발전본부,1,2022-01-30 04:00,NOx,0.0
한국중부발전(주)신서천발전본부,1,2022-01-30 04:30,TSP,0.0
한국중부발전(주)신서천발전본부,1,2022-01-30 04:30,SOx,0.0
한국중부발전(주)신서천발전본부,1,2022-01-30 04:30,NOx,0.0
한국중부발전(주)신서천발전본부,1,2022-01-30 05:00,TSP,0.0
한국중부발전(주)신서천발전본부,1,2022-01-30 05:00,SOx,0.0
한국중부발전(주)신서천발전본부,1,2022-01-30 05:00,NOx,0.0
한국중부발전(주)신서천발전본부,1,2022-01-30 05:30,TSP,0.0
한국중부발전(주)신서천발전본부,1,2022-01-30 05:30,SOx,0.0
한국중부발전(주)신서천발전본부,1,2022-01-30 05:30,NOx,0.0
한국중부발전(주)신서천발전본부,1,2022-01-30 06:00,TSP,0.0
한국중부발전(주)신서천발전본부,1,2022-01-30 06:00,SOx,0.0
한국중부발전(주)신서천발전본부,1,2022-01-30 06:00,NOx,0.0
한국중부발전(주)신서천발전본부,1,2022-01-30 06:30,TSP,0.0
한국중부발전(주)신서천발전본부,1,2022-01-30 06:30,SOx,0.0
한국중부발전(주)신서천발전본부,1,2022-01-30 06:30,NOx,0.0
한국중부발전(주)신서천발전본부,1,2022-01-30 07:00,TSP,0.0
한국중부발전(주)신서천발전본부,1,2022-01-30 07:00,SOx,0.0
한국중부발전(주)신서천발전본부,1,2022-01-30 07:00,NOx,0.0
한국중부발전(주)신서천발전본부,1,2022-01-30 07:30,TSP,0.0
한국중부발전(주)신서천발전본부,1,2022-01-30 07:30,SOx,0.0
한국중부발전(주)신서천발전본부,1,2022-01-30 07:30,NOx,0.0
한국중부발전(주)신서천발전본부,1,2022-01-30 08:00,TSP,0.0
한국중부발전(주)신서천발전본부,1,2022-01-30 08:00,SOx,0.0
한국중부발전(주)신서천발전본부,1,2022-01-30 08:00,NOx,0.0
한국중부발전(주)신서천발전본부,1,2022-01-30 08:30,TSP,0.0
한국중부발전(주)신서천발전본부,1,2022-01-30 08:30,SOx,0.0
한국중부발전(주)신서천발전본부,1,2022-01-30 08:30,NOx,0.0
한국중부발전(주)신서천발전본부,1,2022-01-30 09:00,TSP,0.0
한국중부발전(주)신서천발전본부,1,2022-01-30 09:00,SOx,0.0
한국중부발전(주)신서천발전본부,1,2022-01-30 09:00,NOx,0.0
한국중부발전(주)신서천발전본부,1,2022-01-30 09:30,TSP,0.0
한국중부발전(주)신서천발전본부,1,2022-01-30 09:30,SOx,0.0
한국중부발전(주)신서천발전본부,1,2022-01-30 09:30,NOx,0.0
한국중부발전(주)신서천발전본부,1,2022-01-30 10:00,TSP,0.0
한국중부발전(주)신서천발전본부,1,2022-01-30 10:00,SOx,0.0
한국중부발전(주)신서천발전본부,1,2022-01-30 10:00,NOx,0.0
한국중부발전(주)신서천발전본부,1,2022-01-30 10:30,TSP,0.0
한국중부발전(주)신서천발전본부,1,2022-01-30 10:30,SOx,0.0
한국중부발전(주)신서천발전본부,1,2022-01-30 10:30,NOx,0.0
한국중부발전(주)신서천발전본부,1,2022-01-30 11:00,TSP,0.0
한국중부발전(주)신서천발전본부,1,2022-01-30 11:00,SOx,0.0
한국중부발전(주)신서천발전본부,1,2022-01-30 11:00,NOx,0.0
한국중부발전(주)신서천발전본부,1,2022-01-30 11:30,TSP,0.0
한국중부발전(주)신서천발전본부,1,2022-01-30 11:30,SOx,0.0
한국중부발전(주)신서천발전본부,1,2022-01-30 11:30,NOx,0.0
한국중부발전(주)신서천발전본부,1,2022-01-30 12:00,TSP,0.0
한국중부발전(주)신서천발전본부,1,2022-01-30 12:00,SOx,0.0
한국중부발전(주)신서천발전본부,1,2022-01-30 12:00,NOx,0.0
한국중부발전(주)신서천발전본부,1,2022-01-30 12:30,TSP,0.0
한국중부발전(주)신서천발전본부,1,2022-01-30 12:30,SOx,0.0
한국중부발전(주)신서천발전본부,1,2022-01-30 12:30,NOx,0.0
한국중부발전(주)신서천발전본부,1,2022-01-30 13:00,TSP,0.0
한국중부발전(주)신서천발전본부,1,2022-01-30 13:00,SOx,0.0
한국중부발전(주)신서천발전본부,1,2022-01-30 13:00,NOx,0.0
한국중부발전(주)신서천발전본부,1,2022-01-30 13:30,TSP,0.0
한국중부발전(주)신서천발전본부,1,2022-01-30 13:30,SOx,0.0
한국중부발전(주)신서천발전본부,1,2022-01-30 13:30,NOx,0.0
한국중부발전(주)신서천발전본부,1,2022-01-30 14:00,TSP,0.0
한국중부발전(주)신서천발전본부,1,2022-01-30 14:00,SOx,0.0
한국중부발전(주)신서천발전본부,1,2022-01-30 14:00,NOx,0.0
한국중부발전(주)신서천발전본부,1,2022-01-30 14:30,TSP,0.0
한국중부발전(주)신서천발전본부,1,2022-01-30 14:30,SOx,0.0
한국중부발전(주)신서천발전본부,1,2022-01-30 14:30,NOx,0.0
한국중부발전(주)신서천발전본부,1,2022-01-30 15:00,TSP,0.0
한국중부발전(주)신서천발전본부,1,2022-01-30 15:00,SOx,0.0
한국중부발전(주)신서천발전본부,1,2022-01-30 15:00,NOx,0.0
한국중부발전(주)신서천발전본부,1,2022-01-30 15:30,TSP,0.0
한국중부발전(주)신서천발전본부,1,2022-01-30 15:30,SOx,0.0
한국중부발전(주)신서천발전본부,1,2022-01-30 15:30,NOx,0.0
한국중부발전(주)신서천발전본부,1,2022-01-30 16:00,TSP,0.0
한국중부발전(주)신서천발전본부,1,2022-01-30 16:00,SOx,0.0
한국중부발전(주)신서천발전본부,1,2022-01-30 16:00,NOx,0.0
한국중부발전(주)신서천발전본부,1,2022-01-30 16:30,TSP,0.0
한국중부발전(주)신서천발전본부,1,2022-01-30 16:30,SOx,0.0
한국중부발전(주)신서천발전본부,1,2022-01-30 16:30,NOx,0.0
한국중부발전(주)신서천발전본부,1,2022-01-30 17:00,TSP,0.0
한국중부발전(주)신서천발전본부,1,2022-01-30 17:00,SOx,0.0
한국중부발전(주)신서천발전본부,1,2022-01-30 17:00,NOx,0.0
한국중부발전(주)신서천발전본부,1,2022-01-30 17:30,TSP,0.0
한국중부발전(주)신서천발전본부,1,2022-01-30 17:30,SOx,0.0
한국중부발전(주)신서천발전본부,1,2022-01-30 17:30,NOx,0.0
한국중부발전(주)신서천발전본부,1,2022-01-30 18:00,TSP,0.0
한국중부발전(주)신서천발전본부,1,2022-01-30 18:00,SOx,0.0
한국중부발전(주)신서천발전본부,1,2022-01-30 18:00,NOx,0.0
한국중부발전(주)신서천발전본부,1,2022-01-30 18:30,TSP,0.0
한국중부발전(주)신서천발전본부,1,2022-01-30 18:30,SOx,0.0
한국중부발전(주)신서천발전본부,1,2022-01-30 18:30,NOx,0.0
한국중부발전(주)신서천발전본부,1,2022-01-30 19:00,TSP,0.0
한국중부발전(주)신서천발전본부,1,2022-01-30 19:00,SOx,0.0
한국중부발전(주)신서천발전본부,1,2022-01-30 19:00,NOx,0.0
한국중부발전(주)신서천발전본부,1,2022-01-30 19:30,TSP,0.0
한국중부발전(주)신서천발전본부,1,2022-01-30 19:30,SOx,0.0
한국중부발전(주)신서천발전본부,1,2022-01-30 19:30,NOx,0.0
한국중부발전(주)신서천발전본부,1,2022-01-30 20:00,TSP,0.0
한국중부발전(주)신서천발전본부,1,2022-01-30 20:00,SOx,0.0
한국중부발전(주)신서천발전본부,1,2022-01-30 20:00,NOx,0.0
한국중부발전(주)신서천발전본부,1,2022-01-30 20:30,TSP,0.0
한국중부발전(주)신서천발전본부,1,2022-01-30 20:30,SOx,0.0
한국중부발전(주)신서천발전본부,1,2022-01-30 20:30,NOx,0.0
한국중부발전(주)신서천발전본부,1,2022-01-30 21:00,TSP,0.0
한국중부발전(주)신서천발전본부,1,2022-01-30 21:00,SOx,0.0
한국중부발전(주)신서천발전본부,1,2022-01-30 21:00,NOx,0.0
한국중부발전(주)신서천발전본부,1,2022-01-30 21:30,TSP,0.0
한국중부발전(주)신서천발전본부,1,2022-01-30 21:30,SOx,0.0
한국중부발전(주)신서천발전본부,1,2022-01-30 21:30,NOx,0.0
한국중부발전(주)신서천발전본부,1,2022-01-30 22:00,TSP,0.0
한국중부발전(주)신서천발전본부,1,2022-01-30 22:00,SOx,0.0
한국중부발전(주)신서천발전본부,1,2022-01-30 22:00,NOx,0.0
한국중부발전(주)신서천발전본부,1,2022-01-30 22:30,TSP,0.0
한국중부발전(주)신서천발전본부,1,2022-01-30 22:30,SOx,0.0
한국중부발전(주)신서천발전본부,1,2022-01-30 22:30,NOx,0.0
한국중부발전(주)신서천발전본부,1,2022-01-30 23:00,TSP,0.0
한국중부발전(주)신서천발전본부,1,2022-01-30 23:00,SOx,0.0
한국중부발전(주)신서천발전본부,1,2022-01-30 23:00,NOx,0.0
한국중부발전(주)신서천발전본부,1,2022-01-30 23:30,TSP,0.0
한국중부발전(주)신서천발전본부,1,2022-01-30 23:30,SOx,0.0
한국중부발전(주)신서천발전본부,1,2022-01-30 23:30,NOx,0.0
한국중부발전(주)신서천발전본부,1,2022-01-31 00:00,TSP,0.0
한국중부발전(주)신서천발전본부,1,2022-01-31 00:00,SOx,0.0
한국중부발전(주)신서천발전본부,1,2022-01-31 00:00,NOx,0.0
한국중부발전(주)신서천발전본부,1,2022-01-31 00:30,TSP,0.0
한국중부발전(주)신서천발전본부,1,2022-01-31 00:30,SOx,0.0
한국중부발전(주)신서천발전본부,1,2022-01-31 00:30,NOx,0.0
한국중부발전(주)신서천발전본부,1,2022-01-31 01:00,TSP,0.0
한국중부발전(주)신서천발전본부,1,2022-01-31 01:00,SOx,0.0
한국중부발전(주)신서천발전본부,1,2022-01-31 01:00,NOx,0.0
한국중부발전(주)신서천발전본부,1,2022-01-31 01:30,TSP,0.0
한국중부발전(주)신서천발전본부,1,2022-01-31 01:30,SOx,0.0
한국중부발전(주)신서천발전본부,1,2022-01-31 01:30,NOx,0.0
한국중부발전(주)신서천발전본부,1,2022-01-31 02:00,TSP,0.0
한국중부발전(주)신서천발전본부,1,2022-01-31 02:00,SOx,0.0
한국중부발전(주)신서천발전본부,1,2022-01-31 02:00,NOx,0.0
한국중부발전(주)신서천발전본부,1,2022-01-31 02:30,TSP,0.0
한국중부발전(주)신서천발전본부,1,2022-01-31 02:30,SOx,0.0
한국중부발전(주)신서천발전본부,1,2022-01-31 02:30,NOx,0.0
한국중부발전(주)신서천발전본부,1,2022-01-31 03:00,TSP,0.0
한국중부발전(주)신서천발전본부,1,2022-01-31 03:00,SOx,0.0
한국중부발전(주)신서천발전본부,1,2022-01-31 03:00,NOx,0.0
한국중부발전(주)신서천발전본부,1,2022-01-31 03:30,TSP,0.0
한국중부발전(주)신서천발전본부,1,2022-01-31 03:30,SOx,0.0
한국중부발전(주)신서천발전본부,1,2022-01-31 03:30,NOx,0.0
한국중부발전(주)신서천발전본부,1,2022-01-31 04:00,TSP,0.0
한국중부발전(주)신서천발전본부,1,2022-01-31 04:00,SOx,0.0
한국중부발전(주)신서천발전본부,1,2022-01-31 04:00,NOx,0.0
한국중부발전(주)신서천발전본부,1,2022-01-31 04:30,TSP,0.0
한국중부발전(주)신서천발전본부,1,2022-01-31 04:30,SOx,0.0
한국중부발전(주)신서천발전본부,1,2022-01-31 04:30,NOx,0.0
한국중부발전(주)신서천발전본부,1,2022-01-31 05:00,TSP,0.0
한국중부발전(주)신서천발전본부,1,2022-01-31 05:00,SOx,0.0
한국중부발전(주)신서천발전본부,1,2022-01-31 05:00,NOx,0.0
한국중부발전(주)신서천발전본부,1,2022-01-31 05:30,TSP,0.0
한국중부발전(주)신서천발전본부,1,2022-01-31 05:30,SOx,0.0
한국중부발전(주)신서천발전본부,1,2022-01-31 05:30,NOx,0.0
한국중부발전(주)신서천발전본부,1,2022-01-31 06:00,TSP,0.0
한국중부발전(주)신서천발전본부,1,2022-01-31 06:00,SOx,0.0
한국중부발전(주)신서천발전본부,1,2022-01-31 06:00,NOx,0.0
한국중부발전(주)신서천발전본부,1,2022-01-31 06:30,TSP,0.0
한국중부발전(주)신서천발전본부,1,2022-01-31 06:30,SOx,0.0
한국중부발전(주)신서천발전본부,1,2022-01-31 06:30,NOx,0.0
한국중부발전(주)신서천발전본부,1,2022-01-31 07:00,TSP,0.0
한국중부발전(주)신서천발전본부,1,2022-01-31 07:00,SOx,0.0
한국중부발전(주)신서천발전본부,1,2022-01-31 07:00,NOx,0.0
한국중부발전(주)신서천발전본부,1,2022-01-31 07:30,TSP,0.0
한국중부발전(주)신서천발전본부,1,2022-01-31 07:30,SOx,0.0
한국중부발전(주)신서천발전본부,1,2022-01-31 07:30,NOx,0.0
한국중부발전(주)신서천발전본부,1,2022-01-31 08:00,TSP,0.0
한국중부발전(주)신서천발전본부,1,2022-01-31 08:00,SOx,0.0
한국중부발전(주)신서천발전본부,1,2022-01-31 08:00,NOx,0.0
한국중부발전(주)신서천발전본부,1,2022-01-31 08:30,TSP,0.0
한국중부발전(주)신서천발전본부,1,2022-01-31 08:30,SOx,0.0
한국중부발전(주)신서천발전본부,1,2022-01-31 08:30,NOx,0.0
한국중부발전(주)신서천발전본부,1,2022-01-31 09:00,TSP,0.0
한국중부발전(주)신서천발전본부,1,2022-01-31 09:00,SOx,0.0
한국중부발전(주)신서천발전본부,1,2022-01-31 09:00,NOx,0.0
한국중부발전(주)신서천발전본부,1,2022-01-31 09:30,TSP,0.0
한국중부발전(주)신서천발전본부,1,2022-01-31 09:30,SOx,0.0
한국중부발전(주)신서천발전본부,1,2022-01-31 09:30,NOx,0.0
한국중부발전(주)신서천발전본부,1,2022-01-31 10:00,TSP,0.0
한국중부발전(주)신서천발전본부,1,2022-01-31 10:00,SOx,0.0
한국중부발전(주)신서천발전본부,1,2022-01-31 10:00,NOx,0.0
한국중부발전(주)신서천발전본부,1,2022-01-31 10:30,TSP,0.0
한국중부발전(주)신서천발전본부,1,2022-01-31 10:30,SOx,0.0
한국중부발전(주)신서천발전본부,1,2022-01-31 10:30,NOx,0.0
한국중부발전(주)신서천발전본부,1,2022-01-31 11:00,TSP,0.0
한국중부발전(주)신서천발전본부,1,2022-01-31 11:00,SOx,0.0
한국중부발전(주)신서천발전본부,1,2022-01-31 11:00,NOx,0.0
한국중부발전(주)신서천발전본부,1,2022-01-31 11:30,TSP,0.0
한국중부발전(주)신서천발전본부,1,2022-01-31 11:30,SOx,0.0
한국중부발전(주)신서천발전본부,1,2022-01-31 11:30,NOx,0.0
한국중부발전(주)신서천발전본부,1,2022-01-31 12:00,TSP,0.0
한국중부발전(주)신서천발전본부,1,2022-01-31 12:00,SOx,0.0
한국중부발전(주)신서천발전본부,1,2022-01-31 12:00,NOx,0.0
한국중부발전(주)신서천발전본부,1,2022-01-31 12:30,TSP,0.0
한국중부발전(주)신서천발전본부,1,2022-01-31 12:30,SOx,0.0
한국중부발전(주)신서천발전본부,1,2022-01-31 12:30,NOx,0.0
한국중부발전(주)신서천발전본부,1,2022-01-31 13:00,TSP,0.0
한국중부발전(주)신서천발전본부,1,2022-01-31 13:00,SOx,0.0
한국중부발전(주)신서천발전본부,1,2022-01-31 13:00,NOx,0.0
한국중부발전(주)신서천발전본부,1,2022-01-31 13:30,TSP,0.0
한국중부발전(주)신서천발전본부,1,2022-01-31 13:30,SOx,0.0
한국중부발전(주)신서천발전본부,1,2022-01-31 13:30,NOx,0.0
한국중부발전(주)신서천발전본부,1,2022-01-31 14:00,TSP,0.0
한국중부발전(주)신서천발전본부,1,2022-01-31 14:00,SOx,0.0
한국중부발전(주)신서천발전본부,1,2022-01-31 14:00,NOx,0.0
한국중부발전(주)신서천발전본부,1,2022-01-31 14:30,TSP,0.0
한국중부발전(주)신서천발전본부,1,2022-01-31 14:30,SOx,0.0
한국중부발전(주)신서천발전본부,1,2022-01-31 14:30,NOx,0.0
한국중부발전(주)신서천발전본부,1,2022-01-31 15:00,TSP,0.0
한국중부발전(주)신서천발전본부,1,2022-01-31 15:00,SOx,0.0
한국중부발전(주)신서천발전본부,1,2022-01-31 15:00,NOx,0.0
한국중부발전(주)신서천발전본부,1,2022-01-31 15:30,TSP,0.0
한국중부발전(주)신서천발전본부,1,2022-01-31 15:30,SOx,0.0
한국중부발전(주)신서천발전본부,1,2022-01-31 15:30,NOx,0.0
한국중부발전(주)신서천발전본부,1,2022-01-31 16:00,TSP,0.0
한국중부발전(주)신서천발전본부,1,2022-01-31 16:00,SOx,0.0
한국중부발전(주)신서천발전본부,1,2022-01-31 16:00,NOx,0.0
한국중부발전(주)신서천발전본부,1,2022-01-31 16:30,TSP,0.0
한국중부발전(주)신서천발전본부,1,2022-01-31 16:30,SOx,0.0
한국중부발전(주)신서천발전본부,1,2022-01-31 16:30,NOx,0.0
한국중부발전(주)신서천발전본부,1,2022-01-31 17:00,TSP,0.0
한국중부발전(주)신서천발전본부,1,2022-01-31 17:00,SOx,0.0
한국중부발전(주)신서천발전본부,1,2022-01-31 17:00,NOx,0.0
한국중부발전(주)신서천발전본부,1,2022-01-31 17:30,TSP,0.0
한국중부발전(주)신서천발전본부,1,2022-01-31 17:30,SOx,0.0
한국중부발전(주)신서천발전본부,1,2022-01-31 17:30,NOx,0.0
한국중부발전(주)신서천발전본부,1,2022-01-31 18:00,TSP,0.0
한국중부발전(주)신서천발전본부,1,2022-01-31 18:00,SOx,0.0
한국중부발전(주)신서천발전본부,1,2022-01-31 18:00,NOx,0.0
한국중부발전(주)신서천발전본부,1,2022-01-31 18:30,TSP,0.0
한국중부발전(주)신서천발전본부,1,2022-01-31 18:30,SOx,0.0
한국중부발전(주)신서천발전본부,1,2022-01-31 18:30,NOx,0.0
한국중부발전(주)신서천발전본부,1,2022-01-31 19:00,TSP,0.0
한국중부발전(주)신서천발전본부,1,2022-01-31 19:00,SOx,0.0
한국중부발전(주)신서천발전본부,1,2022-01-31 19:00,NOx,0.0
한국중부발전(주)신서천발전본부,1,2022-01-31 19:30,TSP,0.0
한국중부발전(주)신서천발전본부,1,2022-01-31 19:30,SOx,0.0
한국중부발전(주)신서천발전본부,1,2022-01-31 19:30,NOx,0.0
한국중부발전(주)신서천발전본부,1,2022-01-31 20:00,TSP,0.0
한국중부발전(주)신서천발전본부,1,2022-01-31 20:00,SOx,0.0
한국중부발전(주)신서천발전본부,1,2022-01-31 20:00,NOx,0.0
한국중부발전(주)신서천발전본부,1,2022-01-31 20:30,TSP,0.0
한국중부발전(주)신서천발전본부,1,2022-01-31 20:30,SOx,0.0
한국중부발전(주)신서천발전본부,1,2022-01-31 20:30,NOx,0.0
한국중부발전(주)신서천발전본부,1,2022-01-31 21:00,TSP,0.0
한국중부발전(주)신서천발전본부,1,2022-01-31 21:00,SOx,0.0
한국중부발전(주)신서천발전본부,1,2022-01-31 21:00,NOx,0.0
한국중부발전(주)신서천발전본부,1,2022-01-31 21:30,TSP,0.0
한국중부발전(주)신서천발전본부,1,2022-01-31 21:30,SOx,0.0
한국중부발전(주)신서천발전본부,1,2022-01-31 21:30,NOx,0.0
한국중부발전(주)신서천발전본부,1,2022-01-31 22:00,TSP,0.0
한국중부발전(주)신서천발전본부,1,2022-01-31 22:00,SOx,0.0
한국중부발전(주)신서천발전본부,1,2022-01-31 22:00,NOx,0.0
한국중부발전(주)신서천발전본부,1,2022-01-31 22:30,TSP,0.0
한국중부발전(주)신서천발전본부,1,2022-01-31 22:30,SOx,0.0
한국중부발전(주)신서천발전본부,1,2022-01-31 22:30,NOx,0.0
한국중부발전(주)신서천발전본부,1,2022-01-31 23:00,TSP,0.0
한국중부발전(주)신서천발전본부,1,2022-01-31 23:00,SOx,0.0
한국중부발전(주)신서천발전본부,1,2022-01-31 23:00,NOx,0.0
한국중부발전(주)신서천발전본부,1,2022-01-31 23:30,TSP,0.0
한국중부발전(주)신서천발전본부,1,2022-01-31 23:30,SOx,0.0
한국중부발전(주)신서천발전본부,1,2022-01-31 23:30,NOx,0.0
한국중부발전(주)신서천발전본부,1,2022-02-01 00:00,TSP,0.0
한국중부발전(주)신서천발전본부,1,2022-02-01 00:00,SOx,0.0
한국중부발전(주)신서천발전본부,1,2022-02-01 00:00,NOx,0.0
한국중부발전(주)신서천발전본부,1,2022-02-01 00:30,TSP,0.0
한국중부발전(주)신서천발전본부,1,2022-02-01 00:30,SOx,0.0
한국중부발전(주)신서천발전본부,1,2022-02-01 00:30,NOx,0.0
한국중부발전(주)신서천발전본부,1,2022-02-01 01:00,TSP,0.0
한국중부발전(주)신서천발전본부,1,2022-02-01 01:00,SOx,0.0
한국중부발전(주)신서천발전본부,1,2022-02-01 01:00,NOx,0.0
한국중부발전(주)신서천발전본부,1,2022-02-01 01:30,TSP,0.0
한국중부발전(주)신서천발전본부,1,2022-02-01 01:30,SOx,0.0
한국중부발전(주)신서천발전본부,1,2022-02-01 01:30,NOx,0.0
한국중부발전(주)신서천발전본부,1,2022-02-01 02:00,TSP,0.0
한국중부발전(주)신서천발전본부,1,2022-02-01 02:00,SOx,0.0
한국중부발전(주)신서천발전본부,1,2022-02-01 02:00,NOx,0.0
한국중부발전(주)신서천발전본부,1,2022-02-01 02:30,TSP,0.0
한국중부발전(주)신서천발전본부,1,2022-02-01 02:30,SOx,0.0
한국중부발전(주)신서천발전본부,1,2022-02-01 02:30,NOx,0.0
한국중부발전(주)신서천발전본부,1,2022-02-01 03:00,TSP,0.0
한국중부발전(주)신서천발전본부,1,2022-02-01 03:00,SOx,0.0
한국중부발전(주)신서천발전본부,1,2022-02-01 03:00,NOx,0.0
한국중부발전(주)신서천발전본부,1,2022-02-01 03:30,TSP,0.0
한국중부발전(주)신서천발전본부,1,2022-02-01 03:30,SOx,0.0
한국중부발전(주)신서천발전본부,1,2022-02-01 03:30,NOx,0.0
한국중부발전(주)신서천발전본부,1,2022-02-01 04:00,TSP,0.0
한국중부발전(주)신서천발전본부,1,2022-02-01 04:00,SOx,0.0
한국중부발전(주)신서천발전본부,1,2022-02-01 04:00,NOx,0.0
한국중부발전(주)신서천발전본부,1,2022-02-01 04:30,TSP,0.0
한국중부발전(주)신서천발전본부,1,2022-02-01 04:30,SOx,0.0
한국중부발전(주)신서천발전본부,1,2022-02-01 04:30,NOx,0.0
한국중부발전(주)신서천발전본부,1,2022-02-01 05:00,TSP,0.0
한국중부발전(주)신서천발전본부,1,2022-02-01 05:00,SOx,0.0
한국중부발전(주)신서천발전본부,1,2022-02-01 05:00,NOx,0.0
한국중부발전(주)신서천발전본부,1,2022-02-01 05:30,TSP,0.0
한국중부발전(주)신서천발전본부,1,2022-02-01 05:30,SOx,0.0
한국중부발전(주)신서천발전본부,1,2022-02-01 05:30,NOx,0.0
한국중부발전(주)신서천발전본부,1,2022-02-01 06:00,TSP,0.0
한국중부발전(주)신서천발전본부,1,2022-02-01 06:00,SOx,0.0
한국중부발전(주)신서천발전본부,1,2022-02-01 06:00,NOx,0.0
한국중부발전(주)신서천발전본부,1,2022-02-01 06:30,TSP,0.0
한국중부발전(주)신서천발전본부,1,2022-02-01 06:30,SOx,0.0
한국중부발전(주)신서천발전본부,1,2022-02-01 06:30,NOx,0.0
한국중부발전(주)신서천발전본부,1,2022-02-01 07:00,TSP,0.0
한국중부발전(주)신서천발전본부,1,2022-02-01 07:00,SOx,0.0
한국중부발전(주)신서천발전본부,1,2022-02-01 07:00,NOx,0.0
한국중부발전(주)신서천발전본부,1,2022-02-01 07:30,TSP,0.0
한국중부발전(주)신서천발전본부,1,2022-02-01 07:30,SOx,0.0
한국중부발전(주)신서천발전본부,1,2022-02-01 07:30,NOx,0.0
한국중부발전(주)신서천발전본부,1,2022-02-01 08:00,TSP,0.0
한국중부발전(주)신서천발전본부,1,2022-02-01 08:00,SOx,0.0
한국중부발전(주)신서천발전본부,1,2022-02-01 08:00,NOx,0.0
한국중부발전(주)신서천발전본부,1,2022-02-01 08:30,TSP,0.0
한국중부발전(주)신서천발전본부,1,2022-02-01 08:30,SOx,0.0
한국중부발전(주)신서천발전본부,1,2022-02-01 08:30,NOx,0.0
한국중부발전(주)신서천발전본부,1,2022-02-01 09:00,TSP,0.0
한국중부발전(주)신서천발전본부,1,2022-02-01 09:00,SOx,0.0
한국중부발전(주)신서천발전본부,1,2022-02-01 09:00,NOx,0.0
한국중부발전(주)신서천발전본부,1,2022-02-01 09:30,TSP,0.0
한국중부발전(주)신서천발전본부,1,2022-02-01 09:30,SOx,0.0
한국중부발전(주)신서천발전본부,1,2022-02-01 09:30,NOx,0.0
한국중부발전(주)신서천발전본부,1,2022-02-01 10:00,TSP,0.0
한국중부발전(주)신서천발전본부,1,2022-02-01 10:00,SOx,0.0
한국중부발전(주)신서천발전본부,1,2022-02-01 10:00,NOx,0.0
한국중부발전(주)신서천발전본부,1,2022-02-01 10:30,TSP,0.0
한국중부발전(주)신서천발전본부,1,2022-02-01 10:30,SOx,0.0
한국중부발전(주)신서천발전본부,1,2022-02-01 10:30,NOx,0.0
한국중부발전(주)신서천발전본부,1,2022-02-01 11:00,TSP,0.0
한국중부발전(주)신서천발전본부,1,2022-02-01 11:00,SOx,0.0
한국중부발전(주)신서천발전본부,1,2022-02-01 11:00,NOx,0.0
한국중부발전(주)신서천발전본부,1,2022-02-01 11:30,TSP,0.0
한국중부발전(주)신서천발전본부,1,2022-02-01 11:30,SOx,0.0
한국중부발전(주)신서천발전본부,1,2022-02-01 11:30,NOx,0.0
한국중부발전(주)신서천발전본부,1,2022-02-01 12:00,TSP,0.0
한국중부발전(주)신서천발전본부,1,2022-02-01 12:00,SOx,0.0
한국중부발전(주)신서천발전본부,1,2022-02-01 12:00,NOx,0.0
한국중부발전(주)신서천발전본부,1,2022-02-01 12:30,TSP,0.0
한국중부발전(주)신서천발전본부,1,2022-02-01 12:30,SOx,0.0
한국중부발전(주)신서천발전본부,1,2022-02-01 12:30,NOx,0.0
한국중부발전(주)신서천발전본부,1,2022-02-01 13:00,TSP,0.0
한국중부발전(주)신서천발전본부,1,2022-02-01 13:00,SOx,0.0
한국중부발전(주)신서천발전본부,1,2022-02-01 13:00,NOx,0.0
한국중부발전(주)신서천발전본부,1,2022-02-01 13:30,TSP,0.0
한국중부발전(주)신서천발전본부,1,2022-02-01 13:30,SOx,0.0
한국중부발전(주)신서천발전본부,1,2022-02-01 13:30,NOx,0.0
한국중부발전(주)신서천발전본부,1,2022-02-01 14:00,TSP,0.0
한국중부발전(주)신서천발전본부,1,2022-02-01 14:00,SOx,0.0
한국중부발전(주)신서천발전본부,1,2022-02-01 14:00,NOx,0.0
한국중부발전(주)신서천발전본부,1,2022-02-01 14:30,TSP,0.0
한국중부발전(주)신서천발전본부,1,2022-02-01 14:30,SOx,0.0
한국중부발전(주)신서천발전본부,1,2022-02-01 14:30,NOx,0.0
한국중부발전(주)신서천발전본부,1,2022-02-01 15:00,TSP,0.0
한국중부발전(주)신서천발전본부,1,2022-02-01 15:00,SOx,0.0
한국중부발전(주)신서천발전본부,1,2022-02-01 15:00,NOx,0.0
한국중부발전(주)신서천발전본부,1,2022-02-01 15:30,TSP,0.0
한국중부발전(주)신서천발전본부,1,2022-02-01 15:30,SOx,0.0
한국중부발전(주)신서천발전본부,1,2022-02-01 15:30,NOx,0.0
한국중부발전(주)신서천발전본부,1,2022-02-01 16:00,TSP,0.0
한국중부발전(주)신서천발전본부,1,2022-02-01 16:00,SOx,0.0
한국중부발전(주)신서천발전본부,1,2022-02-01 16:00,NOx,0.0
한국중부발전(주)신서천발전본부,1,2022-02-01 16:30,TSP,0.0
한국중부발전(주)신서천발전본부,1,2022-02-01 16:30,SOx,0.0
한국중부발전(주)신서천발전본부,1,2022-02-01 16:30,NOx,0.0
한국중부발전(주)신서천발전본부,1,2022-02-01 17:00,TSP,0.0
한국중부발전(주)신서천발전본부,1,2022-02-01 17:00,SOx,0.0
한국중부발전(주)신서천발전본부,1,2022-02-01 17:00,NOx,0.0
한국중부발전(주)신서천발전본부,1,2022-02-01 17:30,TSP,0.0
한국중부발전(주)신서천발전본부,1,2022-02-01 17:30,SOx,0.0
한국중부발전(주)신서천발전본부,1,2022-02-01 17:30,NOx,0.0
한국중부발전(주)신서천발전본부,1,2022-02-01 18:00,TSP,0.0
한국중부발전(주)신서천발전본부,1,2022-02-01 18:00,SOx,0.0
한국중부발전(주)신서천발전본부,1,2022-02-01 18:00,NOx,0.0
한국중부발전(주)신서천발전본부,1,2022-02-01 18:30,TSP,0.0
한국중부발전(주)신서천발전본부,1,2022-02-01 18:30,SOx,0.0
한국중부발전(주)신서천발전본부,1,2022-02-01 18:30,NOx,0.0
한국중부발전(주)신서천발전본부,1,2022-02-01 19:00,TSP,0.0
한국중부발전(주)신서천발전본부,1,2022-02-01 19:00,SOx,0.0
한국중부발전(주)신서천발전본부,1,2022-02-01 19:00,NOx,0.0
한국중부발전(주)신서천발전본부,1,2022-02-01 19:30,TSP,0.0
한국중부발전(주)신서천발전본부,1,2022-02-01 19:30,SOx,0.0
한국중부발전(주)신서천발전본부,1,2022-02-01 19:30,NOx,0.0
한국중부발전(주)신서천발전본부,1,2022-02-01 20:00,TSP,0.0
한국중부발전(주)신서천발전본부,1,2022-02-01 20:00,SOx,0.0
한국중부발전(주)신서천발전본부,1,2022-02-01 20:00,NOx,0.0
한국중부발전(주)신서천발전본부,1,2022-02-01 20:30,TSP,0.0
한국중부발전(주)신서천발전본부,1,2022-02-01 20:30,SOx,0.0
한국중부발전(주)신서천발전본부,1,2022-02-01 20:30,NOx,0.0
한국중부발전(주)신서천발전본부,1,2022-02-01 21:00,TSP,0.0
한국중부발전(주)신서천발전본부,1,2022-02-01 21:00,SOx,0.0
한국중부발전(주)신서천발전본부,1,2022-02-01 21:00,NOx,0.0
한국중부발전(주)신서천발전본부,1,2022-02-01 21:30,TSP,0.0
한국중부발전(주)신서천발전본부,1,2022-02-01 21:30,SOx,0.0
한국중부발전(주)신서천발전본부,1,2022-02-01 21:30,NOx,0.0
한국중부발전(주)신서천발전본부,1,2022-02-01 22:00,TSP,0.0
한국중부발전(주)신서천발전본부,1,2022-02-01 22:00,SOx,0.0
한국중부발전(주)신서천발전본부,1,2022-02-01 22:00,NOx,0.0
한국중부발전(주)신서천발전본부,1,2022-02-01 22:30,TSP,0.0
한국중부발전(주)신서천발전본부,1,2022-02-01 22:30,SOx,0.0
한국중부발전(주)신서천발전본부,1,2022-02-01 22:30,NOx,0.0
한국중부발전(주)신서천발전본부,1,2022-02-01 23:00,TSP,0.0
한국중부발전(주)신서천발전본부,1,2022-02-01 23:00,SOx,0.0
한국중부발전(주)신서천발전본부,1,2022-02-01 23:00,NOx,0.0
한국중부발전(주)신서천발전본부,1,2022-02-01 23:30,TSP,0.0
한국중부발전(주)신서천발전본부,1,2022-02-01 23:30,SOx,0.0
한국중부발전(주)신서천발전본부,1,2022-02-01 23:30,NOx,0.0
한국중부발전(주)신서천발전본부,1,2022-02-02 00:00,TSP,0.0
한국중부발전(주)신서천발전본부,1,2022-02-02 00:00,SOx,0.0
한국중부발전(주)신서천발전본부,1,2022-02-02 00:00,NOx,0.0
한국중부발전(주)신서천발전본부,1,2022-02-02 00:30,TSP,0.0
한국중부발전(주)신서천발전본부,1,2022-02-02 00:30,SOx,0.0
한국중부발전(주)신서천발전본부,1,2022-02-02 00:30,NOx,0.0
한국중부발전(주)신서천발전본부,1,2022-02-02 01:00,TSP,0.0
한국중부발전(주)신서천발전본부,1,2022-02-02 01:00,SOx,0.0
한국중부발전(주)신서천발전본부,1,2022-02-02 01:00,NOx,0.0
한국중부발전(주)신서천발전본부,1,2022-02-02 01:30,TSP,0.0
한국중부발전(주)신서천발전본부,1,2022-02-02 01:30,SOx,0.0
한국중부발전(주)신서천발전본부,1,2022-02-02 01:30,NOx,0.0
한국중부발전(주)신서천발전본부,1,2022-02-02 02:00,TSP,0.0
한국중부발전(주)신서천발전본부,1,2022-02-02 02:00,SOx,0.0
한국중부발전(주)신서천발전본부,1,2022-02-02 02:00,NOx,0.0
한국중부발전(주)신서천발전본부,1,2022-02-02 02:30,TSP,0.0
한국중부발전(주)신서천발전본부,1,2022-02-02 02:30,SOx,0.0
한국중부발전(주)신서천발전본부,1,2022-02-02 02:30,NOx,0.0
한국중부발전(주)신서천발전본부,1,2022-02-02 03:00,TSP,0.0
한국중부발전(주)신서천발전본부,1,2022-02-02 03:00,SOx,0.0
한국중부발전(주)신서천발전본부,1,2022-02-02 03:00,NOx,0.0
한국중부발전(주)신서천발전본부,1,2022-02-02 03:30,TSP,0.0
한국중부발전(주)신서천발전본부,1,2022-02-02 03:30,SOx,0.0
한국중부발전(주)신서천발전본부,1,2022-02-02 03:30,NOx,0.0
한국중부발전(주)신서천발전본부,1,2022-02-02 04:00,TSP,0.0
한국중부발전(주)신서천발전본부,1,2022-02-02 04:00,SOx,0.0
한국중부발전(주)신서천발전본부,1,2022-02-02 04:00,NOx,0.0
한국중부발전(주)신서천발전본부,1,2022-02-02 04:30,TSP,0.0
한국중부발전(주)신서천발전본부,1,2022-02-02 04:30,SOx,0.0
한국중부발전(주)신서천발전본부,1,2022-02-02 04:30,NOx,0.0
한국중부발전(주)신서천발전본부,1,2022-02-02 05:00,TSP,0.0
한국중부발전(주)신서천발전본부,1,2022-02-02 05:00,SOx,0.0
한국중부발전(주)신서천발전본부,1,2022-02-02 05:00,NOx,0.0
한국중부발전(주)신서천발전본부,1,2022-02-02 05:30,TSP,0.0
한국중부발전(주)신서천발전본부,1,2022-02-02 05:30,SOx,0.0
한국중부발전(주)신서천발전본부,1,2022-02-02 05:30,NOx,0.0
한국중부발전(주)신서천발전본부,1,2022-02-02 06:00,TSP,0.0
한국중부발전(주)신서천발전본부,1,2022-02-02 06:00,SOx,0.0
한국중부발전(주)신서천발전본부,1,2022-02-02 06:00,NOx,0.0
한국중부발전(주)신서천발전본부,1,2022-02-02 06:30,TSP,0.0
한국중부발전(주)신서천발전본부,1,2022-02-02 06:30,SOx,0.0
한국중부발전(주)신서천발전본부,1,2022-02-02 06:30,NOx,0.0
한국중부발전(주)신서천발전본부,1,2022-02-02 07:00,TSP,0.0
한국중부발전(주)신서천발전본부,1,2022-02-02 07:00,SOx,0.0
한국중부발전(주)신서천발전본부,1,2022-02-02 07:00,NOx,0.0
한국중부발전(주)신서천발전본부,1,2022-02-02 07:30,TSP,0.0
한국중부발전(주)신서천발전본부,1,2022-02-02 07:30,SOx,0.0
한국중부발전(주)신서천발전본부,1,2022-02-02 07:30,NOx,0.0
한국중부발전(주)신서천발전본부,1,2022-02-02 08:00,TSP,0.0
한국중부발전(주)신서천발전본부,1,2022-02-02 08:00,SOx,0.0
한국중부발전(주)신서천발전본부,1,2022-02-02 08:00,NOx,0.0
한국중부발전(주)신서천발전본부,1,2022-02-02 08:30,TSP,0.0
한국중부발전(주)신서천발전본부,1,2022-02-02 08:30,SOx,0.0
한국중부발전(주)신서천발전본부,1,2022-02-02 08:30,NOx,0.0
한국중부발전(주)신서천발전본부,1,2022-02-02 09:00,TSP,0.0
한국중부발전(주)신서천발전본부,1,2022-02-02 09:00,SOx,0.0
한국중부발전(주)신서천발전본부,1,2022-02-02 09:00,NOx,0.0
한국중부발전(주)신서천발전본부,1,2022-02-02 09:30,TSP,0.0
한국중부발전(주)신서천발전본부,1,2022-02-02 09:30,SOx,0.0
한국중부발전(주)신서천발전본부,1,2022-02-02 09:30,NOx,0.0
한국중부발전(주)신서천발전본부,1,2022-02-02 10:00,TSP,0.0
한국중부발전(주)신서천발전본부,1,2022-02-02 10:00,SOx,0.0
한국중부발전(주)신서천발전본부,1,2022-02-02 10:00,NOx,0.0
한국중부발전(주)신서천발전본부,1,2022-02-02 10:30,TSP,0.0
한국중부발전(주)신서천발전본부,1,2022-02-02 10:30,SOx,0.0
한국중부발전(주)신서천발전본부,1,2022-02-02 10:30,NOx,0.0
한국중부발전(주)신서천발전본부,1,2022-02-02 11:00,TSP,0.0
한국중부발전(주)신서천발전본부,1,2022-02-02 11:00,SOx,0.0
한국중부발전(주)신서천발전본부,1,2022-02-02 11:00,NOx,0.0
한국중부발전(주)신서천발전본부,1,2022-02-02 11:30,TSP,0.0
한국중부발전(주)신서천발전본부,1,2022-02-02 11:30,SOx,0.0
한국중부발전(주)신서천발전본부,1,2022-02-02 11:30,NOx,0.0
한국중부발전(주)신서천발전본부,1,2022-02-02 12:00,TSP,0.0
한국중부발전(주)신서천발전본부,1,2022-02-02 12:00,SOx,0.0
한국중부발전(주)신서천발전본부,1,2022-02-02 12:00,NOx,0.0
한국중부발전(주)신서천발전본부,1,2022-02-02 12:30,TSP,0.0
한국중부발전(주)신서천발전본부,1,2022-02-02 12:30,SOx,0.0
한국중부발전(주)신서천발전본부,1,2022-02-02 12:30,NOx,0.0
한국중부발전(주)신서천발전본부,1,2022-02-02 13:00,TSP,0.0
한국중부발전(주)신서천발전본부,1,2022-02-02 13:00,SOx,0.0
한국중부발전(주)신서천발전본부,1,2022-02-02 13:00,NOx,0.0
한국중부발전(주)신서천발전본부,1,2022-02-02 13:30,TSP,0.0
한국중부발전(주)신서천발전본부,1,2022-02-02 13:30,SOx,0.0
한국중부발전(주)신서천발전본부,1,2022-02-02 13:30,NOx,0.0
한국중부발전(주)신서천발전본부,1,2022-02-02 14:00,TSP,0.0
한국중부발전(주)신서천발전본부,1,2022-02-02 14:00,SOx,0.0
한국중부발전(주)신서천발전본부,1,2022-02-02 14:00,NOx,0.0
한국중부발전(주)신서천발전본부,1,2022-02-02 14:30,TSP,0.0
한국중부발전(주)신서천발전본부,1,2022-02-02 14:30,SOx,0.0
한국중부발전(주)신서천발전본부,1,2022-02-02 14:30,NOx,0.0
한국중부발전(주)신서천발전본부,1,2022-02-02 15:00,TSP,0.0
한국중부발전(주)신서천발전본부,1,2022-02-02 15:00,SOx,0.0
한국중부발전(주)신서천발전본부,1,2022-02-02 15:00,NOx,0.0
한국중부발전(주)신서천발전본부,1,2022-02-02 15:30,TSP,0.0
한국중부발전(주)신서천발전본부,1,2022-02-02 15:30,SOx,0.0
한국중부발전(주)신서천발전본부,1,2022-02-02 15:30,NOx,0.0
한국중부발전(주)신서천발전본부,1,2022-02-02 16:00,TSP,0.0
한국중부발전(주)신서천발전본부,1,2022-02-02 16:00,SOx,0.0
한국중부발전(주)신서천발전본부,1,2022-02-02 16:00,NOx,0.0
한국중부발전(주)신서천발전본부,1,2022-02-02 16:30,TSP,0.0
한국중부발전(주)신서천발전본부,1,2022-02-02 16:30,SOx,0.0
한국중부발전(주)신서천발전본부,1,2022-02-02 16:30,NOx,0.0
한국중부발전(주)신서천발전본부,1,2022-02-02 17:00,TSP,0.0
한국중부발전(주)신서천발전본부,1,2022-02-02 17:00,SOx,0.0
한국중부발전(주)신서천발전본부,1,2022-02-02 17:00,NOx,0.0
한국중부발전(주)신서천발전본부,1,2022-02-02 17:30,TSP,0.0
한국중부발전(주)신서천발전본부,1,2022-02-02 17:30,SOx,0.0
한국중부발전(주)신서천발전본부,1,2022-02-02 17:30,NOx,0.0
한국중부발전(주)신서천발전본부,1,2022-02-02 18:00,TSP,0.0
한국중부발전(주)신서천발전본부,1,2022-02-02 18:00,SOx,0.0
한국중부발전(주)신서천발전본부,1,2022-02-02 18:00,NOx,0.0
한국중부발전(주)신서천발전본부,1,2022-02-02 18:30,TSP,0.0
한국중부발전(주)신서천발전본부,1,2022-02-02 18:30,SOx,0.0
한국중부발전(주)신서천발전본부,1,2022-02-02 18:30,NOx,0.0
한국중부발전(주)신서천발전본부,1,2022-02-02 19:00,TSP,0.0
한국중부발전(주)신서천발전본부,1,2022-02-02 19:00,SOx,0.0
한국중부발전(주)신서천발전본부,1,2022-02-02 19:00,NOx,0.0
한국중부발전(주)신서천발전본부,1,2022-02-02 19:30,TSP,0.0
한국중부발전(주)신서천발전본부,1,2022-02-02 19:30,SOx,0.0
한국중부발전(주)신서천발전본부,1,2022-02-02 19:30,NOx,0.0
한국중부발전(주)신서천발전본부,1,2022-02-02 20:00,TSP,0.0
한국중부발전(주)신서천발전본부,1,2022-02-02 20:00,SOx,0.0
한국중부발전(주)신서천발전본부,1,2022-02-02 20:00,NOx,0.0
한국중부발전(주)신서천발전본부,1,2022-02-02 20:30,TSP,0.0
한국중부발전(주)신서천발전본부,1,2022-02-02 20:30,SOx,0.0
한국중부발전(주)신서천발전본부,1,2022-02-02 20:30,NOx,0.0
한국중부발전(주)신서천발전본부,1,2022-02-02 21:00,TSP,0.0
한국중부발전(주)신서천발전본부,1,2022-02-02 21:00,SOx,0.0
한국중부발전(주)신서천발전본부,1,2022-02-02 21:00,NOx,0.0
한국중부발전(주)신서천발전본부,1,2022-02-02 21:30,TSP,0.0
한국중부발전(주)신서천발전본부,1,2022-02-02 21:30,SOx,0.0
한국중부발전(주)신서천발전본부,1,2022-02-02 21:30,NOx,0.0
한국중부발전(주)신서천발전본부,1,2022-02-02 22:00,TSP,0.0
한국중부발전(주)신서천발전본부,1,2022-02-02 22:00,SOx,0.0
한국중부발전(주)신서천발전본부,1,2022-02-02 22:00,NOx,0.0
한국중부발전(주)신서천발전본부,1,2022-02-02 22:30,TSP,0.0
한국중부발전(주)신서천발전본부,1,2022-02-02 22:30,SOx,0.0
한국중부발전(주)신서천발전본부,1,2022-02-02 22:30,NOx,0.0
한국중부발전(주)신서천발전본부,1,2022-02-02 23:00,TSP,0.0
한국중부발전(주)신서천발전본부,1,2022-02-02 23:00,SOx,0.0
한국중부발전(주)신서천발전본부,1,2022-02-02 23:00,NOx,0.0
한국중부발전(주)신서천발전본부,1,2022-02-02 23:30,TSP,0.0
한국중부발전(주)신서천발전본부,1,2022-02-02 23:30,SOx,0.0
한국중부발전(주)신서천발전본부,1,2022-02-02 23:30,NOx,0.0
한국중부발전(주)신서천발전본부,1,2022-02-03 00:00,TSP,0.0
한국중부발전(주)신서천발전본부,1,2022-02-03 00:00,SOx,0.0
한국중부발전(주)신서천발전본부,1,2022-02-03 00:00,NOx,0.0
한국중부발전(주)신서천발전본부,1,2022-02-03 00:30,TSP,0.0
한국중부발전(주)신서천발전본부,1,2022-02-03 00:30,SOx,0.0
한국중부발전(주)신서천발전본부,1,2022-02-03 00:30,NOx,0.0
한국중부발전(주)신서천발전본부,1,2022-02-03 01:00,TSP,0.0
한국중부발전(주)신서천발전본부,1,2022-02-03 01:00,SOx,0.0
한국중부발전(주)신서천발전본부,1,2022-02-03 01:00,NOx,0.0
한국중부발전(주)신서천발전본부,1,2022-02-03 01:30,TSP,0.0
한국중부발전(주)신서천발전본부,1,2022-02-03 01:30,SOx,0.0
한국중부발전(주)신서천발전본부,1,2022-02-03 01:30,NOx,0.0
한국중부발전(주)신서천발전본부,1,2022-02-03 02:00,TSP,0.0
한국중부발전(주)신서천발전본부,1,2022-02-03 02:00,SOx,0.0
한국중부발전(주)신서천발전본부,1,2022-02-03 02:00,NOx,0.0
한국중부발전(주)신서천발전본부,1,2022-02-03 02:30,TSP,0.0
한국중부발전(주)신서천발전본부,1,2022-02-03 02:30,SOx,0.0
한국중부발전(주)신서천발전본부,1,2022-02-03 02:30,NOx,0.0
한국중부발전(주)신서천발전본부,1,2022-02-03 03:00,TSP,0.0
한국중부발전(주)신서천발전본부,1,2022-02-03 03:00,SOx,0.0
한국중부발전(주)신서천발전본부,1,2022-02-03 03:00,NOx,0.0
한국중부발전(주)신서천발전본부,1,2022-02-03 03:30,TSP,0.0
한국중부발전(주)신서천발전본부,1,2022-02-03 03:30,SOx,0.0
한국중부발전(주)신서천발전본부,1,2022-02-03 03:30,NOx,0.0
한국중부발전(주)신서천발전본부,1,2022-02-03 04:00,TSP,0.0
한국중부발전(주)신서천발전본부,1,2022-02-03 04:00,SOx,0.0
한국중부발전(주)신서천발전본부,1,2022-02-03 04:00,NOx,0.0
한국중부발전(주)신서천발전본부,1,2022-02-03 04:30,TSP,0.0
한국중부발전(주)신서천발전본부,1,2022-02-03 04:30,SOx,0.0
한국중부발전(주)신서천발전본부,1,2022-02-03 04:30,NOx,0.0
한국중부발전(주)신서천발전본부,1,2022-02-03 05:00,TSP,0.0
한국중부발전(주)신서천발전본부,1,2022-02-03 05:00,SOx,0.0
한국중부발전(주)신서천발전본부,1,2022-02-03 05:00,NOx,0.0
한국중부발전(주)신서천발전본부,1,2022-02-03 05:30,TSP,0.0
한국중부발전(주)신서천발전본부,1,2022-02-03 05:30,SOx,0.0
한국중부발전(주)신서천발전본부,1,2022-02-03 05:30,NOx,0.0
한국중부발전(주)신서천발전본부,1,2022-02-03 06:00,TSP,0.0
한국중부발전(주)신서천발전본부,1,2022-02-03 06:00,SOx,0.0
한국중부발전(주)신서천발전본부,1,2022-02-03 06:00,NOx,0.0
한국중부발전(주)신서천발전본부,1,2022-02-03 06:30,TSP,0.0
한국중부발전(주)신서천발전본부,1,2022-02-03 06:30,SOx,0.0
한국중부발전(주)신서천발전본부,1,2022-02-03 06:30,NOx,0.0
한국중부발전(주)신서천발전본부,1,2022-02-03 07:00,TSP,0.0
한국중부발전(주)신서천발전본부,1,2022-02-03 07:00,SOx,0.0
한국중부발전(주)신서천발전본부,1,2022-02-03 07:00,NOx,0.0
한국중부발전(주)신서천발전본부,1,2022-02-03 07:30,TSP,0.0
한국중부발전(주)신서천발전본부,1,2022-02-03 07:30,SOx,0.0
한국중부발전(주)신서천발전본부,1,2022-02-03 07:30,NOx,0.0
한국중부발전(주)신서천발전본부,1,2022-02-03 08:00,TSP,0.0
한국중부발전(주)신서천발전본부,1,2022-02-03 08:00,SOx,0.0
한국중부발전(주)신서천발전본부,1,2022-02-03 08:00,NOx,0.0
한국중부발전(주)신서천발전본부,1,2022-02-03 08:30,TSP,0.0
한국중부발전(주)신서천발전본부,1,2022-02-03 08:30,SOx,0.0
한국중부발전(주)신서천발전본부,1,2022-02-03 08:30,NOx,0.0
한국중부발전(주)신서천발전본부,1,2022-02-03 09:00,TSP,0.0
한국중부발전(주)신서천발전본부,1,2022-02-03 09:00,SOx,0.0
한국중부발전(주)신서천발전본부,1,2022-02-03 09:00,NOx,0.0
한국중부발전(주)신서천발전본부,1,2022-02-03 09:30,TSP,0.0
한국중부발전(주)신서천발전본부,1,2022-02-03 09:30,SOx,0.0
한국중부발전(주)신서천발전본부,1,2022-02-03 09:30,NOx,0.0
한국중부발전(주)신서천발전본부,1,2022-02-03 10:00,TSP,0.0
한국중부발전(주)신서천발전본부,1,2022-02-03 10:00,SOx,0.0
한국중부발전(주)신서천발전본부,1,2022-02-03 10:00,NOx,0.0
한국중부발전(주)신서천발전본부,1,2022-02-03 10:30,TSP,0.0
한국중부발전(주)신서천발전본부,1,2022-02-03 10:30,SOx,0.0
한국중부발전(주)신서천발전본부,1,2022-02-03 10:30,NOx,0.0
한국중부발전(주)신서천발전본부,1,2022-02-03 11:00,TSP,0.0
한국중부발전(주)신서천발전본부,1,2022-02-03 11:00,SOx,0.0
한국중부발전(주)신서천발전본부,1,2022-02-03 11:00,NOx,0.0
한국중부발전(주)신서천발전본부,1,2022-02-03 11:30,TSP,0.0
한국중부발전(주)신서천발전본부,1,2022-02-03 11:30,SOx,0.0
한국중부발전(주)신서천발전본부,1,2022-02-03 11:30,NOx,0.0
한국중부발전(주)신서천발전본부,1,2022-02-03 12:00,TSP,0.0
한국중부발전(주)신서천발전본부,1,2022-02-03 12:00,SOx,0.0
한국중부발전(주)신서천발전본부,1,2022-02-03 12:00,NOx,0.0
한국중부발전(주)신서천발전본부,1,2022-02-03 12:30,TSP,0.0
한국중부발전(주)신서천발전본부,1,2022-02-03 12:30,SOx,0.0
한국중부발전(주)신서천발전본부,1,2022-02-03 12:30,NOx,0.0
한국중부발전(주)신서천발전본부,1,2022-02-03 13:00,TSP,0.0
한국중부발전(주)신서천발전본부,1,2022-02-03 13:00,SOx,0.0
한국중부발전(주)신서천발전본부,1,2022-02-03 13:00,NOx,0.0
한국중부발전(주)신서천발전본부,1,2022-02-03 13:30,TSP,0.0
한국중부발전(주)신서천발전본부,1,2022-02-03 13:30,SOx,0.0
한국중부발전(주)신서천발전본부,1,2022-02-03 13:30,NOx,0.0
한국중부발전(주)신서천발전본부,1,2022-02-03 14:00,TSP,0.0
한국중부발전(주)신서천발전본부,1,2022-02-03 14:00,SOx,0.0
한국중부발전(주)신서천발전본부,1,2022-02-03 14:00,NOx,0.0
한국중부발전(주)신서천발전본부,1,2022-02-03 14:30,TSP,0.0
한국중부발전(주)신서천발전본부,1,2022-02-03 14:30,SOx,0.0
한국중부발전(주)신서천발전본부,1,2022-02-03 14:30,NOx,0.0
한국중부발전(주)신서천발전본부,1,2022-02-03 15:00,TSP,0.0
한국중부발전(주)신서천발전본부,1,2022-02-03 15:00,SOx,0.0
한국중부발전(주)신서천발전본부,1,2022-02-03 15:00,NOx,0.0
한국중부발전(주)신서천발전본부,1,2022-02-03 15:30,TSP,0.0
한국중부발전(주)신서천발전본부,1,2022-02-03 15:30,SOx,0.0
한국중부발전(주)신서천발전본부,1,2022-02-03 15:30,NOx,0.0
한국중부발전(주)신서천발전본부,1,2022-02-03 16:00,TSP,0.0
한국중부발전(주)신서천발전본부,1,2022-02-03 16:00,SOx,0.0
한국중부발전(주)신서천발전본부,1,2022-02-03 16:00,NOx,0.0
한국중부발전(주)신서천발전본부,1,2022-02-03 16:30,TSP,0.0
한국중부발전(주)신서천발전본부,1,2022-02-03 16:30,SOx,0.0
한국중부발전(주)신서천발전본부,1,2022-02-03 16:30,NOx,0.0
한국중부발전(주)신서천발전본부,1,2022-02-03 17:00,TSP,0.0
한국중부발전(주)신서천발전본부,1,2022-02-03 17:00,SOx,0.0
한국중부발전(주)신서천발전본부,1,2022-02-03 17:00,NOx,0.0
한국중부발전(주)신서천발전본부,1,2022-02-03 17:30,TSP,0.0
한국중부발전(주)신서천발전본부,1,2022-02-03 17:30,SOx,0.0
한국중부발전(주)신서천발전본부,1,2022-02-03 17:30,NOx,0.0
한국중부발전(주)신서천발전본부,1,2022-02-03 18:00,TSP,0.0
한국중부발전(주)신서천발전본부,1,2022-02-03 18:00,SOx,0.0
한국중부발전(주)신서천발전본부,1,2022-02-03 18:00,NOx,0.0
한국중부발전(주)신서천발전본부,1,2022-02-03 18:30,TSP,0.0
한국중부발전(주)신서천발전본부,1,2022-02-03 18:30,SOx,0.0
한국중부발전(주)신서천발전본부,1,2022-02-03 18:30,NOx,0.0
한국중부발전(주)신서천발전본부,1,2022-02-03 19:00,TSP,0.0
한국중부발전(주)신서천발전본부,1,2022-02-03 19:00,SOx,0.0
한국중부발전(주)신서천발전본부,1,2022-02-03 19:00,NOx,0.0
한국중부발전(주)신서천발전본부,1,2022-02-03 19:30,TSP,0.0
한국중부발전(주)신서천발전본부,1,2022-02-03 19:30,SOx,0.0
한국중부발전(주)신서천발전본부,1,2022-02-03 19:30,NOx,0.0
한국중부발전(주)신서천발전본부,1,2022-02-03 20:00,TSP,0.0
한국중부발전(주)신서천발전본부,1,2022-02-03 20:00,SOx,0.0
한국중부발전(주)신서천발전본부,1,2022-02-03 20:00,NOx,0.0
한국중부발전(주)신서천발전본부,1,2022-02-03 20:30,TSP,0.0
한국중부발전(주)신서천발전본부,1,2022-02-03 20:30,SOx,0.0
한국중부발전(주)신서천발전본부,1,2022-02-03 20:30,NOx,0.0
한국중부발전(주)신서천발전본부,1,2022-02-03 21:00,TSP,0.0
한국중부발전(주)신서천발전본부,1,2022-02-03 21:00,SOx,0.0
한국중부발전(주)신서천발전본부,1,2022-02-03 21:00,NOx,0.0
한국중부발전(주)신서천발전본부,1,2022-02-03 21:30,TSP,0.0
한국중부발전(주)신서천발전본부,1,2022-02-03 21:30,SOx,0.0
한국중부발전(주)신서천발전본부,1,2022-02-03 21:30,NOx,0.0
한국중부발전(주)신서천발전본부,1,2022-02-03 22:00,TSP,0.0
한국중부발전(주)신서천발전본부,1,2022-02-03 22:00,SOx,0.0
한국중부발전(주)신서천발전본부,1,2022-02-03 22:00,NOx,0.0
한국중부발전(주)신서천발전본부,1,2022-02-03 22:30,TSP,0.0
한국중부발전(주)신서천발전본부,1,2022-02-03 22:30,SOx,0.0
한국중부발전(주)신서천발전본부,1,2022-02-03 22:30,NOx,0.0
한국중부발전(주)신서천발전본부,1,2022-02-03 23:00,TSP,0.0
한국중부발전(주)신서천발전본부,1,2022-02-03 23:00,SOx,0.0
한국중부발전(주)신서천발전본부,1,2022-02-03 23:00,NOx,0.0
한국중부발전(주)신서천발전본부,1,2022-02-03 23:30,TSP,0.0
한국중부발전(주)신서천발전본부,1,2022-02-03 23:30,SOx,0.0
한국중부발전(주)신서천발전본부,1,2022-02-03 23:30,NOx,0.0
한국중부발전(주)신서천발전본부,1,2022-02-04 00:00,TSP,0.0
한국중부발전(주)신서천발전본부,1,2022-02-04 00:00,SOx,0.0
한국중부발전(주)신서천발전본부,1,2022-02-04 00:00,NOx,0.0
한국중부발전(주)신서천발전본부,1,2022-02-04 00:30,TSP,0.0
한국중부발전(주)신서천발전본부,1,2022-02-04 00:30,SOx,0.0
한국중부발전(주)신서천발전본부,1,2022-02-04 00:30,NOx,0.0
한국중부발전(주)신서천발전본부,1,2022-02-04 01:00,TSP,0.0
한국중부발전(주)신서천발전본부,1,2022-02-04 01:00,SOx,0.0
한국중부발전(주)신서천발전본부,1,2022-02-04 01:00,NOx,0.0
한국중부발전(주)신서천발전본부,1,2022-02-04 01:30,TSP,0.0
한국중부발전(주)신서천발전본부,1,2022-02-04 01:30,SOx,0.0
한국중부발전(주)신서천발전본부,1,2022-02-04 01:30,NOx,0.0
한국중부발전(주)신서천발전본부,1,2022-02-04 02:00,TSP,0.0
한국중부발전(주)신서천발전본부,1,2022-02-04 02:00,SOx,0.0
한국중부발전(주)신서천발전본부,1,2022-02-04 02:00,NOx,0.0
한국중부발전(주)신서천발전본부,1,2022-02-04 02:30,TSP,0.0
한국중부발전(주)신서천발전본부,1,2022-02-04 02:30,SOx,0.0
한국중부발전(주)신서천발전본부,1,2022-02-04 02:30,NOx,0.0
한국중부발전(주)신서천발전본부,1,2022-02-04 03:00,TSP,0.0
한국중부발전(주)신서천발전본부,1,2022-02-04 03:00,SOx,0.0
한국중부발전(주)신서천발전본부,1,2022-02-04 03:00,NOx,0.0
한국중부발전(주)신서천발전본부,1,2022-02-04 03:30,TSP,0.0
한국중부발전(주)신서천발전본부,1,2022-02-04 03:30,SOx,0.0
한국중부발전(주)신서천발전본부,1,2022-02-04 03:30,NOx,0.0
한국중부발전(주)신서천발전본부,1,2022-02-04 04:00,TSP,0.0
한국중부발전(주)신서천발전본부,1,2022-02-04 04:00,SOx,0.0
한국중부발전(주)신서천발전본부,1,2022-02-04 04:00,NOx,0.0
한국중부발전(주)신서천발전본부,1,2022-02-04 04:30,TSP,0.0
한국중부발전(주)신서천발전본부,1,2022-02-04 04:30,SOx,0.0
한국중부발전(주)신서천발전본부,1,2022-02-04 04:30,NOx,0.0
한국중부발전(주)신서천발전본부,1,2022-02-04 05:00,TSP,0.0
한국중부발전(주)신서천발전본부,1,2022-02-04 05:00,SOx,0.0
한국중부발전(주)신서천발전본부,1,2022-02-04 05:00,NOx,0.0
한국중부발전(주)신서천발전본부,1,2022-02-04 05:30,TSP,0.0
한국중부발전(주)신서천발전본부,1,2022-02-04 05:30,SOx,0.0
한국중부발전(주)신서천발전본부,1,2022-02-04 05:30,NOx,0.0
한국중부발전(주)신서천발전본부,1,2022-02-04 06:00,TSP,0.0
한국중부발전(주)신서천발전본부,1,2022-02-04 06:00,SOx,0.0
한국중부발전(주)신서천발전본부,1,2022-02-04 06:00,NOx,0.0
한국중부발전(주)신서천발전본부,1,2022-02-04 06:30,TSP,0.0
한국중부발전(주)신서천발전본부,1,2022-02-04 06:30,SOx,0.0
한국중부발전(주)신서천발전본부,1,2022-02-04 06:30,NOx,0.0
한국중부발전(주)신서천발전본부,1,2022-02-04 07:00,TSP,0.0
한국중부발전(주)신서천발전본부,1,2022-02-04 07:00,SOx,0.0
한국중부발전(주)신서천발전본부,1,2022-02-04 07:00,NOx,0.0
한국중부발전(주)신서천발전본부,1,2022-02-04 07:30,TSP,0.0
한국중부발전(주)신서천발전본부,1,2022-02-04 07:30,SOx,0.0
한국중부발전(주)신서천발전본부,1,2022-02-04 07:30,NOx,0.0
한국중부발전(주)신서천발전본부,1,2022-02-04 08:00,TSP,0.0
한국중부발전(주)신서천발전본부,1,2022-02-04 08:00,SOx,0.0
한국중부발전(주)신서천발전본부,1,2022-02-04 08:00,NOx,0.0
한국중부발전(주)신서천발전본부,1,2022-02-04 08:30,TSP,0.0
한국중부발전(주)신서천발전본부,1,2022-02-04 08:30,SOx,0.0
한국중부발전(주)신서천발전본부,1,2022-02-04 08:30,NOx,0.0
한국중부발전(주)신서천발전본부,1,2022-02-04 09:00,TSP,0.0
한국중부발전(주)신서천발전본부,1,2022-02-04 09:00,SOx,0.0
한국중부발전(주)신서천발전본부,1,2022-02-04 09:00,NOx,0.0
한국중부발전(주)신서천발전본부,1,2022-02-04 09:30,TSP,0.0
한국중부발전(주)신서천발전본부,1,2022-02-04 09:30,SOx,0.0
한국중부발전(주)신서천발전본부,1,2022-02-04 09:30,NOx,0.0
한국중부발전(주)신서천발전본부,1,2022-02-04 10:00,TSP,0.0
한국중부발전(주)신서천발전본부,1,2022-02-04 10:00,SOx,0.0
한국중부발전(주)신서천발전본부,1,2022-02-04 10:00,NOx,0.0
한국중부발전(주)신서천발전본부,1,2022-02-04 10:30,TSP,0.0
한국중부발전(주)신서천발전본부,1,2022-02-04 10:30,SOx,0.0
한국중부발전(주)신서천발전본부,1,2022-02-04 10:30,NOx,0.0
한국중부발전(주)신서천발전본부,1,2022-02-04 11:00,TSP,0.0
한국중부발전(주)신서천발전본부,1,2022-02-04 11:00,SOx,0.0
한국중부발전(주)신서천발전본부,1,2022-02-04 11:00,NOx,0.0
한국중부발전(주)신서천발전본부,1,2022-02-04 11:30,TSP,0.0
한국중부발전(주)신서천발전본부,1,2022-02-04 11:30,SOx,0.0
한국중부발전(주)신서천발전본부,1,2022-02-04 11:30,NOx,0.0
한국중부발전(주)신서천발전본부,1,2022-02-04 12:00,TSP,0.0
한국중부발전(주)신서천발전본부,1,2022-02-04 12:00,SOx,0.0
한국중부발전(주)신서천발전본부,1,2022-02-04 12:00,NOx,0.0
한국중부발전(주)신서천발전본부,1,2022-02-04 12:30,TSP,0.0
한국중부발전(주)신서천발전본부,1,2022-02-04 12:30,SOx,0.0
한국중부발전(주)신서천발전본부,1,2022-02-04 12:30,NOx,0.0
한국중부발전(주)신서천발전본부,1,2022-02-04 13:00,TSP,0.0
한국중부발전(주)신서천발전본부,1,2022-02-04 13:00,SOx,0.0
한국중부발전(주)신서천발전본부,1,2022-02-04 13:00,NOx,0.0
한국중부발전(주)신서천발전본부,1,2022-02-04 13:30,TSP,0.0
한국중부발전(주)신서천발전본부,1,2022-02-04 13:30,SOx,0.0
한국중부발전(주)신서천발전본부,1,2022-02-04 13:30,NOx,0.0
한국중부발전(주)신서천발전본부,1,2022-02-04 14:00,TSP,0.0
한국중부발전(주)신서천발전본부,1,2022-02-04 14:00,SOx,0.0
한국중부발전(주)신서천발전본부,1,2022-02-04 14:00,NOx,0.0
한국중부발전(주)신서천발전본부,1,2022-02-04 14:30,TSP,0.0
한국중부발전(주)신서천발전본부,1,2022-02-04 14:30,SOx,0.0
한국중부발전(주)신서천발전본부,1,2022-02-04 14:30,NOx,0.0
한국중부발전(주)신서천발전본부,1,2022-02-04 15:00,TSP,0.0
한국중부발전(주)신서천발전본부,1,2022-02-04 15:00,SOx,0.0
한국중부발전(주)신서천발전본부,1,2022-02-04 15:00,NOx,0.0
한국중부발전(주)신서천발전본부,1,2022-02-04 15:30,TSP,0.0
한국중부발전(주)신서천발전본부,1,2022-02-04 15:30,SOx,0.0
한국중부발전(주)신서천발전본부,1,2022-02-04 15:30,NOx,0.0
한국중부발전(주)신서천발전본부,1,2022-02-04 16:00,TSP,0.0
한국중부발전(주)신서천발전본부,1,2022-02-04 16:00,SOx,0.0
한국중부발전(주)신서천발전본부,1,2022-02-04 16:00,NOx,0.0
한국중부발전(주)신서천발전본부,1,2022-02-04 16:30,TSP,0.0
한국중부발전(주)신서천발전본부,1,2022-02-04 16:30,SOx,0.0
한국중부발전(주)신서천발전본부,1,2022-02-04 16:30,NOx,0.0
한국중부발전(주)신서천발전본부,1,2022-02-04 17:00,TSP,0.0
한국중부발전(주)신서천발전본부,1,2022-02-04 17:00,SOx,0.0
한국중부발전(주)신서천발전본부,1,2022-02-04 17:00,NOx,0.0
한국중부발전(주)신서천발전본부,1,2022-02-04 17:30,TSP,0.0
한국중부발전(주)신서천발전본부,1,2022-02-04 17:30,SOx,0.0
한국중부발전(주)신서천발전본부,1,2022-02-04 17:30,NOx,0.0
한국중부발전(주)신서천발전본부,1,2022-02-04 18:00,TSP,0.0
한국중부발전(주)신서천발전본부,1,2022-02-04 18:00,SOx,0.0
한국중부발전(주)신서천발전본부,1,2022-02-04 18:00,NOx,0.0
한국중부발전(주)신서천발전본부,1,2022-02-04 18:30,TSP,0.0
한국중부발전(주)신서천발전본부,1,2022-02-04 18:30,SOx,0.0
한국중부발전(주)신서천발전본부,1,2022-02-04 18:30,NOx,0.0
한국중부발전(주)신서천발전본부,1,2022-02-04 19:00,TSP,0.0
한국중부발전(주)신서천발전본부,1,2022-02-04 19:00,SOx,0.0
한국중부발전(주)신서천발전본부,1,2022-02-04 19:00,NOx,0.0
한국중부발전(주)신서천발전본부,1,2022-02-04 19:30,TSP,0.0
한국중부발전(주)신서천발전본부,1,2022-02-04 19:30,SOx,0.0
한국중부발전(주)신서천발전본부,1,2022-02-04 19:30,NOx,0.0
한국중부발전(주)신서천발전본부,1,2022-02-04 20:00,TSP,0.0
한국중부발전(주)신서천발전본부,1,2022-02-04 20:00,SOx,0.0
한국중부발전(주)신서천발전본부,1,2022-02-04 20:00,NOx,0.0
한국중부발전(주)신서천발전본부,1,2022-02-04 20:30,TSP,0.0
한국중부발전(주)신서천발전본부,1,2022-02-04 20:30,SOx,0.0
한국중부발전(주)신서천발전본부,1,2022-02-04 20:30,NOx,0.0
한국중부발전(주)신서천발전본부,1,2022-02-04 21:00,TSP,0.0
한국중부발전(주)신서천발전본부,1,2022-02-04 21:00,SOx,0.0
한국중부발전(주)신서천발전본부,1,2022-02-04 21:00,NOx,0.0
한국중부발전(주)신서천발전본부,1,2022-02-04 21:30,TSP,0.0
한국중부발전(주)신서천발전본부,1,2022-02-04 21:30,SOx,0.0
한국중부발전(주)신서천발전본부,1,2022-02-04 21:30,NOx,0.0
한국중부발전(주)신서천발전본부,1,2022-02-04 22:00,TSP,0.0
한국중부발전(주)신서천발전본부,1,2022-02-04 22:00,SOx,0.0
한국중부발전(주)신서천발전본부,1,2022-02-04 22:00,NOx,0.0
한국중부발전(주)신서천발전본부,1,2022-02-04 22:30,TSP,0.0
한국중부발전(주)신서천발전본부,1,2022-02-04 22:30,SOx,0.0
한국중부발전(주)신서천발전본부,1,2022-02-04 22:30,NOx,0.0
한국중부발전(주)신서천발전본부,1,2022-02-04 23:00,TSP,0.0
한국중부발전(주)신서천발전본부,1,2022-02-04 23:00,SOx,0.0
한국중부발전(주)신서천발전본부,1,2022-02-04 23:00,NOx,0.0
한국중부발전(주)신서천발전본부,1,2022-02-04 23:30,TSP,0.0
한국중부발전(주)신서천발전본부,1,2022-02-04 23:30,SOx,0.0
한국중부발전(주)신서천발전본부,1,2022-02-04 23:30,NOx,0.0
한국중부발전(주)신서천발전본부,1,2022-02-05 00:00,TSP,0.0
한국중부발전(주)신서천발전본부,1,2022-02-05 00:00,SOx,0.0
한국중부발전(주)신서천발전본부,1,2022-02-05 00:00,NOx,0.0
한국중부발전(주)신서천발전본부,1,2022-02-05 00:30,TSP,0.0
한국중부발전(주)신서천발전본부,1,2022-02-05 00:30,SOx,0.0
한국중부발전(주)신서천발전본부,1,2022-02-05 00:30,NOx,0.0
한국중부발전(주)신서천발전본부,1,2022-02-05 01:00,TSP,0.0
한국중부발전(주)신서천발전본부,1,2022-02-05 01:00,SOx,0.0
한국중부발전(주)신서천발전본부,1,2022-02-05 01:00,NOx,0.0
한국중부발전(주)신서천발전본부,1,2022-02-05 01:30,TSP,0.0
한국중부발전(주)신서천발전본부,1,2022-02-05 01:30,SOx,0.0
한국중부발전(주)신서천발전본부,1,2022-02-05 01:30,NOx,0.0
한국중부발전(주)신서천발전본부,1,2022-02-05 02:00,TSP,0.0
한국중부발전(주)신서천발전본부,1,2022-02-05 02:00,SOx,0.0
한국중부발전(주)신서천발전본부,1,2022-02-05 02:00,NOx,0.0
한국중부발전(주)신서천발전본부,1,2022-02-05 02:30,TSP,0.0
한국중부발전(주)신서천발전본부,1,2022-02-05 02:30,SOx,0.0
한국중부발전(주)신서천발전본부,1,2022-02-05 02:30,NOx,0.0
한국중부발전(주)신서천발전본부,1,2022-02-05 03:00,TSP,0.0
한국중부발전(주)신서천발전본부,1,2022-02-05 03:00,SOx,0.0
한국중부발전(주)신서천발전본부,1,2022-02-05 03:00,NOx,0.0
한국중부발전(주)신서천발전본부,1,2022-02-05 03:30,TSP,0.0
한국중부발전(주)신서천발전본부,1,2022-02-05 03:30,SOx,0.0
한국중부발전(주)신서천발전본부,1,2022-02-05 03:30,NOx,0.0
한국중부발전(주)신서천발전본부,1,2022-02-05 04:00,TSP,0.0
한국중부발전(주)신서천발전본부,1,2022-02-05 04:00,SOx,0.0
한국중부발전(주)신서천발전본부,1,2022-02-05 04:00,NOx,0.0
한국중부발전(주)신서천발전본부,1,2022-02-05 04:30,TSP,0.0
한국중부발전(주)신서천발전본부,1,2022-02-05 04:30,SOx,0.0
한국중부발전(주)신서천발전본부,1,2022-02-05 04:30,NOx,0.0
한국중부발전(주)신서천발전본부,1,2022-02-05 05:00,TSP,0.0
한국중부발전(주)신서천발전본부,1,2022-02-05 05:00,SOx,0.0
한국중부발전(주)신서천발전본부,1,2022-02-05 05:00,NOx,0.0
한국중부발전(주)신서천발전본부,1,2022-02-05 05:30,TSP,0.0
한국중부발전(주)신서천발전본부,1,2022-02-05 05:30,SOx,0.0
한국중부발전(주)신서천발전본부,1,2022-02-05 05:30,NOx,0.0
한국중부발전(주)신서천발전본부,1,2022-02-05 06:00,TSP,0.0
한국중부발전(주)신서천발전본부,1,2022-02-05 06:00,SOx,0.0
한국중부발전(주)신서천발전본부,1,2022-02-05 06:00,NOx,0.0
한국중부발전(주)신서천발전본부,1,2022-02-05 06:30,TSP,0.0
한국중부발전(주)신서천발전본부,1,2022-02-05 06:30,SOx,0.0
한국중부발전(주)신서천발전본부,1,2022-02-05 06:30,NOx,0.0
한국중부발전(주)신서천발전본부,1,2022-02-05 07:00,TSP,0.0
한국중부발전(주)신서천발전본부,1,2022-02-05 07:00,SOx,0.0
한국중부발전(주)신서천발전본부,1,2022-02-05 07:00,NOx,0.0
한국중부발전(주)신서천발전본부,1,2022-02-05 07:30,TSP,0.0
한국중부발전(주)신서천발전본부,1,2022-02-05 07:30,SOx,0.0
한국중부발전(주)신서천발전본부,1,2022-02-05 07:30,NOx,0.0
한국중부발전(주)신서천발전본부,1,2022-02-05 08:00,TSP,0.0
한국중부발전(주)신서천발전본부,1,2022-02-05 08:00,SOx,0.0
한국중부발전(주)신서천발전본부,1,2022-02-05 08:00,NOx,0.0
한국중부발전(주)신서천발전본부,1,2022-02-05 08:30,TSP,0.0
한국중부발전(주)신서천발전본부,1,2022-02-05 08:30,SOx,0.0
한국중부발전(주)신서천발전본부,1,2022-02-05 08:30,NOx,0.0
한국중부발전(주)신서천발전본부,1,2022-02-05 09:00,TSP,0.0
한국중부발전(주)신서천발전본부,1,2022-02-05 09:00,SOx,0.0
한국중부발전(주)신서천발전본부,1,2022-02-05 09:00,NOx,0.0
한국중부발전(주)신서천발전본부,1,2022-02-05 09:30,TSP,0.0
한국중부발전(주)신서천발전본부,1,2022-02-05 09:30,SOx,0.0
한국중부발전(주)신서천발전본부,1,2022-02-05 09:30,NOx,0.0
한국중부발전(주)신서천발전본부,1,2022-02-05 10:00,TSP,0.0
한국중부발전(주)신서천발전본부,1,2022-02-05 10:00,SOx,0.0
한국중부발전(주)신서천발전본부,1,2022-02-05 10:00,NOx,0.0
한국중부발전(주)신서천발전본부,1,2022-02-05 10:30,TSP,0.0
한국중부발전(주)신서천발전본부,1,2022-02-05 10:30,SOx,0.0
한국중부발전(주)신서천발전본부,1,2022-02-05 10:30,NOx,0.0
한국중부발전(주)신서천발전본부,1,2022-02-05 11:00,TSP,0.0
한국중부발전(주)신서천발전본부,1,2022-02-05 11:00,SOx,0.0
한국중부발전(주)신서천발전본부,1,2022-02-05 11:00,NOx,0.0
한국중부발전(주)신서천발전본부,1,2022-02-05 11:30,TSP,0.0
한국중부발전(주)신서천발전본부,1,2022-02-05 11:30,SOx,0.0
한국중부발전(주)신서천발전본부,1,2022-02-05 11:30,NOx,0.0
한국중부발전(주)신서천발전본부,1,2022-02-05 12:00,TSP,0.0
한국중부발전(주)신서천발전본부,1,2022-02-05 12:00,SOx,0.0
한국중부발전(주)신서천발전본부,1,2022-02-05 12:00,NOx,0.0
한국중부발전(주)신서천발전본부,1,2022-02-05 12:30,TSP,0.0
한국중부발전(주)신서천발전본부,1,2022-02-05 12:30,SOx,0.0
한국중부발전(주)신서천발전본부,1,2022-02-05 12:30,NOx,0.0
한국중부발전(주)신서천발전본부,1,2022-02-05 13:00,TSP,0.0
한국중부발전(주)신서천발전본부,1,2022-02-05 13:00,SOx,0.0
한국중부발전(주)신서천발전본부,1,2022-02-05 13:00,NOx,0.0
한국중부발전(주)신서천발전본부,1,2022-02-05 13:30,TSP,0.0
한국중부발전(주)신서천발전본부,1,2022-02-05 13:30,SOx,0.0
한국중부발전(주)신서천발전본부,1,2022-02-05 13:30,NOx,0.0
한국중부발전(주)신서천발전본부,1,2022-02-05 14:00,TSP,0.0
한국중부발전(주)신서천발전본부,1,2022-02-05 14:00,SOx,0.0
한국중부발전(주)신서천발전본부,1,2022-02-05 14:00,NOx,0.0
한국중부발전(주)신서천발전본부,1,2022-02-05 14:30,TSP,0.0
한국중부발전(주)신서천발전본부,1,2022-02-05 14:30,SOx,0.0
한국중부발전(주)신서천발전본부,1,2022-02-05 14:30,NOx,0.0
한국중부발전(주)신서천발전본부,1,2022-02-05 15:00,TSP,0.0
한국중부발전(주)신서천발전본부,1,2022-02-05 15:00,SOx,0.0
한국중부발전(주)신서천발전본부,1,2022-02-05 15:00,NOx,0.0
한국중부발전(주)신서천발전본부,1,2022-02-05 15:30,TSP,0.0
한국중부발전(주)신서천발전본부,1,2022-02-05 15:30,SOx,0.0
한국중부발전(주)신서천발전본부,1,2022-02-05 15:30,NOx,0.0
한국중부발전(주)신서천발전본부,1,2022-02-05 16:00,TSP,0.0
한국중부발전(주)신서천발전본부,1,2022-02-05 16:00,SOx,0.0
한국중부발전(주)신서천발전본부,1,2022-02-05 16:00,NOx,0.0
한국중부발전(주)신서천발전본부,1,2022-02-05 16:30,TSP,0.0
한국중부발전(주)신서천발전본부,1,2022-02-05 16:30,SOx,0.0
한국중부발전(주)신서천발전본부,1,2022-02-05 16:30,NOx,0.0
한국중부발전(주)신서천발전본부,1,2022-02-05 17:00,TSP,0.0
한국중부발전(주)신서천발전본부,1,2022-02-05 17:00,SOx,0.0
한국중부발전(주)신서천발전본부,1,2022-02-05 17:00,NOx,0.0
한국중부발전(주)신서천발전본부,1,2022-02-05 17:30,TSP,0.0
한국중부발전(주)신서천발전본부,1,2022-02-05 17:30,SOx,0.0
한국중부발전(주)신서천발전본부,1,2022-02-05 17:30,NOx,0.0
한국중부발전(주)신서천발전본부,1,2022-02-05 18:00,TSP,0.0
한국중부발전(주)신서천발전본부,1,2022-02-05 18:00,SOx,0.0
한국중부발전(주)신서천발전본부,1,2022-02-05 18:00,NOx,0.0
한국중부발전(주)신서천발전본부,1,2022-02-05 18:30,TSP,0.0
한국중부발전(주)신서천발전본부,1,2022-02-05 18:30,SOx,0.0
한국중부발전(주)신서천발전본부,1,2022-02-05 18:30,NOx,0.0
한국중부발전(주)신서천발전본부,1,2022-02-05 19:00,TSP,0.0
한국중부발전(주)신서천발전본부,1,2022-02-05 19:00,SOx,0.0
한국중부발전(주)신서천발전본부,1,2022-02-05 19:00,NOx,0.0
한국중부발전(주)신서천발전본부,1,2022-02-05 19:30,TSP,0.0
한국중부발전(주)신서천발전본부,1,2022-02-05 19:30,SOx,0.0
한국중부발전(주)신서천발전본부,1,2022-02-05 19:30,NOx,0.0
한국중부발전(주)신서천발전본부,1,2022-02-05 20:00,TSP,0.0
한국중부발전(주)신서천발전본부,1,2022-02-05 20:00,SOx,0.0
한국중부발전(주)신서천발전본부,1,2022-02-05 20:00,NOx,0.0
한국중부발전(주)신서천발전본부,1,2022-02-05 20:30,TSP,0.0
한국중부발전(주)신서천발전본부,1,2022-02-05 20:30,SOx,0.0
한국중부발전(주)신서천발전본부,1,2022-02-05 20:30,NOx,0.0
한국중부발전(주)신서천발전본부,1,2022-02-05 21:00,TSP,0.0
한국중부발전(주)신서천발전본부,1,2022-02-05 21:00,SOx,0.0
한국중부발전(주)신서천발전본부,1,2022-02-05 21:00,NOx,0.0
한국중부발전(주)신서천발전본부,1,2022-02-05 21:30,TSP,0.0
한국중부발전(주)신서천발전본부,1,2022-02-05 21:30,SOx,0.0
한국중부발전(주)신서천발전본부,1,2022-02-05 21:30,NOx,0.0
한국중부발전(주)신서천발전본부,1,2022-02-05 22:00,TSP,0.0
한국중부발전(주)신서천발전본부,1,2022-02-05 22:00,SOx,0.0
한국중부발전(주)신서천발전본부,1,2022-02-05 22:00,NOx,0.0
한국중부발전(주)신서천발전본부,1,2022-02-05 22:30,TSP,0.0
한국중부발전(주)신서천발전본부,1,2022-02-05 22:30,SOx,0.0
한국중부발전(주)신서천발전본부,1,2022-02-05 22:30,NOx,0.0
한국중부발전(주)신서천발전본부,1,2022-02-05 23:00,TSP,0.0
한국중부발전(주)신서천발전본부,1,2022-02-05 23:00,SOx,0.0
한국중부발전(주)신서천발전본부,1,2022-02-05 23:00,NOx,0.0
한국중부발전(주)신서천발전본부,1,2022-02-05 23:30,TSP,0.0
한국중부발전(주)신서천발전본부,1,2022-02-05 23:30,SOx,0.0
한국중부발전(주)신서천발전본부,1,2022-02-05 23:30,NOx,0.0
한국중부발전(주)신서천발전본부,1,2022-02-06 00:00,TSP,0.0
한국중부발전(주)신서천발전본부,1,2022-02-06 00:00,SOx,0.0
한국중부발전(주)신서천발전본부,1,2022-02-06 00:00,NOx,0.0
한국중부발전(주)신서천발전본부,1,2022-02-06 00:30,TSP,0.0
한국중부발전(주)신서천발전본부,1,2022-02-06 00:30,SOx,0.0
한국중부발전(주)신서천발전본부,1,2022-02-06 00:30,NOx,0.0
한국중부발전(주)신서천발전본부,1,2022-02-06 01:00,TSP,0.0
한국중부발전(주)신서천발전본부,1,2022-02-06 01:00,SOx,0.0
한국중부발전(주)신서천발전본부,1,2022-02-06 01:00,NOx,0.0
한국중부발전(주)신서천발전본부,1,2022-02-06 01:30,TSP,0.0
한국중부발전(주)신서천발전본부,1,2022-02-06 01:30,SOx,0.0
한국중부발전(주)신서천발전본부,1,2022-02-06 01:30,NOx,0.0
한국중부발전(주)신서천발전본부,1,2022-02-06 02:00,TSP,0.0
한국중부발전(주)신서천발전본부,1,2022-02-06 02:00,SOx,0.0
한국중부발전(주)신서천발전본부,1,2022-02-06 02:00,NOx,0.0
한국중부발전(주)신서천발전본부,1,2022-02-06 02:30,TSP,0.0
한국중부발전(주)신서천발전본부,1,2022-02-06 02:30,SOx,0.0
한국중부발전(주)신서천발전본부,1,2022-02-06 02:30,NOx,0.0
한국중부발전(주)신서천발전본부,1,2022-02-06 03:00,TSP,0.0
한국중부발전(주)신서천발전본부,1,2022-02-06 03:00,SOx,0.0
한국중부발전(주)신서천발전본부,1,2022-02-06 03:00,NOx,0.0
한국중부발전(주)신서천발전본부,1,2022-02-06 03:30,TSP,0.0
한국중부발전(주)신서천발전본부,1,2022-02-06 03:30,SOx,0.0
한국중부발전(주)신서천발전본부,1,2022-02-06 03:30,NOx,0.0
한국중부발전(주)신서천발전본부,1,2022-02-06 04:00,TSP,0.0
한국중부발전(주)신서천발전본부,1,2022-02-06 04:00,SOx,0.0
한국중부발전(주)신서천발전본부,1,2022-02-06 04:00,NOx,0.0
한국중부발전(주)신서천발전본부,1,2022-02-06 04:30,TSP,0.0
한국중부발전(주)신서천발전본부,1,2022-02-06 04:30,SOx,0.0
한국중부발전(주)신서천발전본부,1,2022-02-06 04:30,NOx,0.0
한국중부발전(주)신서천발전본부,1,2022-02-06 05:00,TSP,0.0
한국중부발전(주)신서천발전본부,1,2022-02-06 05:00,SOx,0.0
한국중부발전(주)신서천발전본부,1,2022-02-06 05:00,NOx,0.0
한국중부발전(주)신서천발전본부,1,2022-02-06 05:30,TSP,0.0
한국중부발전(주)신서천발전본부,1,2022-02-06 05:30,SOx,0.0
한국중부발전(주)신서천발전본부,1,2022-02-06 05:30,NOx,0.0
한국중부발전(주)신서천발전본부,1,2022-02-06 06:00,TSP,0.0
한국중부발전(주)신서천발전본부,1,2022-02-06 06:00,SOx,0.0
한국중부발전(주)신서천발전본부,1,2022-02-06 06:00,NOx,0.0
한국중부발전(주)신서천발전본부,1,2022-02-06 06:30,TSP,0.0
한국중부발전(주)신서천발전본부,1,2022-02-06 06:30,SOx,0.0
한국중부발전(주)신서천발전본부,1,2022-02-06 06:30,NOx,0.0
한국중부발전(주)신서천발전본부,1,2022-02-06 07:00,TSP,0.0
한국중부발전(주)신서천발전본부,1,2022-02-06 07:00,SOx,0.0
한국중부발전(주)신서천발전본부,1,2022-02-06 07:00,NOx,0.0
한국중부발전(주)신서천발전본부,1,2022-02-06 07:30,TSP,0.0
한국중부발전(주)신서천발전본부,1,2022-02-06 07:30,SOx,0.0
한국중부발전(주)신서천발전본부,1,2022-02-06 07:30,NOx,0.0
한국중부발전(주)신서천발전본부,1,2022-02-06 08:00,TSP,0.0
한국중부발전(주)신서천발전본부,1,2022-02-06 08:00,SOx,0.0
한국중부발전(주)신서천발전본부,1,2022-02-06 08:00,NOx,0.0
한국중부발전(주)신서천발전본부,1,2022-02-06 08:30,TSP,0.0
한국중부발전(주)신서천발전본부,1,2022-02-06 08:30,SOx,0.0
한국중부발전(주)신서천발전본부,1,2022-02-06 08:30,NOx,0.0
한국중부발전(주)신서천발전본부,1,2022-02-06 09:00,TSP,0.0
한국중부발전(주)신서천발전본부,1,2022-02-06 09:00,SOx,0.0
한국중부발전(주)신서천발전본부,1,2022-02-06 09:00,NOx,0.0
한국중부발전(주)신서천발전본부,1,2022-02-06 09:30,TSP,0.0
한국중부발전(주)신서천발전본부,1,2022-02-06 09:30,SOx,0.0
한국중부발전(주)신서천발전본부,1,2022-02-06 09:30,NOx,0.0
한국중부발전(주)신서천발전본부,1,2022-02-06 10:00,TSP,0.0
한국중부발전(주)신서천발전본부,1,2022-02-06 10:00,SOx,0.0
한국중부발전(주)신서천발전본부,1,2022-02-06 10:00,NOx,0.0
한국중부발전(주)신서천발전본부,1,2022-02-06 10:30,TSP,214.36
한국중부발전(주)신서천발전본부,1,2022-02-06 10:30,SOx,4.39
한국중부발전(주)신서천발전본부,1,2022-02-06 10:30,NOx,18.11
한국중부발전(주)신서천발전본부,1,2022-02-06 11:00,TSP,3.04
한국중부발전(주)신서천발전본부,1,2022-02-06 11:00,SOx,0.97
한국중부발전(주)신서천발전본부,1,2022-02-06 11:00,NOx,42.22
한국중부발전(주)신서천발전본부,1,2022-02-06 11:30,TSP,3.71
한국중부발전(주)신서천발전본부,1,2022-02-06 11:30,SOx,0.57
한국중부발전(주)신서천발전본부,1,2022-02-06 11:30,NOx,42.91
한국중부발전(주)신서천발전본부,1,2022-02-06 12:00,TSP,3.24
한국중부발전(주)신서천발전본부,1,2022-02-06 12:00,SOx,0.38
한국중부발전(주)신서천발전본부,1,2022-02-06 12:00,NOx,26.27
한국중부발전(주)신서천발전본부,1,2022-02-06 12:30,TSP,2.94
한국중부발전(주)신서천발전본부,1,2022-02-06 12:30,SOx,0.37
한국중부발전(주)신서천발전본부,1,2022-02-06 12:30,NOx,6.08
한국중부발전(주)신서천발전본부,1,2022-02-06 13:00,TSP,2.72
한국중부발전(주)신서천발전본부,1,2022-02-06 13:00,SOx,0.43
한국중부발전(주)신서천발전본부,1,2022-02-06 13:00,NOx,1.84
한국중부발전(주)신서천발전본부,1,2022-02-06 13:30,TSP,2.54
한국중부발전(주)신서천발전본부,1,2022-02-06 13:30,SOx,0.44
한국중부발전(주)신서천발전본부,1,2022-02-06 13:30,NOx,5.48
한국중부발전(주)신서천발전본부,1,2022-02-06 14:00,TSP,2.17
한국중부발전(주)신서천발전본부,1,2022-02-06 14:00,SOx,0.36
한국중부발전(주)신서천발전본부,1,2022-02-06 14:00,NOx,18.18
한국중부발전(주)신서천발전본부,1,2022-02-06 14:30,TSP,3.44
한국중부발전(주)신서천발전본부,1,2022-02-06 14:30,SOx,1.13
한국중부발전(주)신서천발전본부,1,2022-02-06 14:30,NOx,36.32
한국중부발전(주)신서천발전본부,1,2022-02-06 15:00,TSP,3.11
한국중부발전(주)신서천발전본부,1,2022-02-06 15:00,SOx,0.61
한국중부발전(주)신서천발전본부,1,2022-02-06 15:00,NOx,44.03
한국중부발전(주)신서천발전본부,1,2022-02-06 15:30,TSP,2.33
한국중부발전(주)신서천발전본부,1,2022-02-06 15:30,SOx,69.89
한국중부발전(주)신서천발전본부,1,2022-02-06 15:30,NOx,100.42
한국중부발전(주)신서천발전본부,1,2022-02-06 16:00,TSP,1.81
한국중부발전(주)신서천발전본부,1,2022-02-06 16:00,SOx,182.81
한국중부발전(주)신서천발전본부,1,2022-02-06 16:00,NOx,146.16
한국중부발전(주)신서천발전본부,1,2022-02-06 16:30,TSP,2.41
한국중부발전(주)신서천발전본부,1,2022-02-06 16:30,SOx,98.06
한국중부발전(주)신서천발전본부,1,2022-02-06 16:30,NOx,125.22
한국중부발전(주)신서천발전본부,1,2022-02-06 17:00,TSP,1.48
한국중부발전(주)신서천발전본부,1,2022-02-06 17:00,SOx,0.92
한국중부발전(주)신서천발전본부,1,2022-02-06 17:00,NOx,121.63
한국중부발전(주)신서천발전본부,1,2022-02-06 17:30,TSP,1.49
한국중부발전(주)신서천발전본부,1,2022-02-06 17:30,SOx,1.81
한국중부발전(주)신서천발전본부,1,2022-02-06 17:30,NOx,78.53
한국중부발전(주)신서천발전본부,1,2022-02-06 18:00,TSP,1.11
한국중부발전(주)신서천발전본부,1,2022-02-06 18:00,SOx,5.63
한국중부발전(주)신서천발전본부,1,2022-02-06 18:00,NOx,63.7
한국중부발전(주)신서천발전본부,1,2022-02-06 18:30,TSP,1.22
한국중부발전(주)신서천발전본부,1,2022-02-06 18:30,SOx,4.73
한국중부발전(주)신서천발전본부,1,2022-02-06 18:30,NOx,9.58
한국중부발전(주)신서천발전본부,1,2022-02-06 19:00,TSP,1.06
한국중부발전(주)신서천발전본부,1,2022-02-06 19:00,SOx,3.66
한국중부발전(주)신서천발전본부,1,2022-02-06 19:00,NOx,3.43
한국중부발전(주)신서천발전본부,1,2022-02-06 19:30,TSP,1.08
한국중부발전(주)신서천발전본부,1,2022-02-06 19:30,SOx,3.22
한국중부발전(주)신서천발전본부,1,2022-02-06 19:30,NOx,5.12
한국중부발전(주)신서천발전본부,1,2022-02-06 20:00,TSP,1.12
한국중부발전(주)신서천발전본부,1,2022-02-06 20:00,SOx,3.66
한국중부발전(주)신서천발전본부,1,2022-02-06 20:00,NOx,8.13
한국중부발전(주)신서천발전본부,1,2022-02-06 20:30,TSP,1.21
한국중부발전(주)신서천발전본부,1,2022-02-06 20:30,SOx,2.44
한국중부발전(주)신서천발전본부,1,2022-02-06 20:30,NOx,10.86
한국중부발전(주)신서천발전본부,1,2022-02-06 21:00,TSP,1.51
한국중부발전(주)신서천발전본부,1,2022-02-06 21:00,SOx,1.21
한국중부발전(주)신서천발전본부,1,2022-02-06 21:00,NOx,19.66
한국중부발전(주)신서천발전본부,1,2022-02-06 21:30,TSP,1.89
한국중부발전(주)신서천발전본부,1,2022-02-06 21:30,SOx,0.41
한국중부발전(주)신서천발전본부,1,2022-02-06 21:30,NOx,41.45
한국중부발전(주)신서천발전본부,1,2022-02-06 22:00,TSP,20.28
한국중부발전(주)신서천발전본부,1,2022-02-06 22:00,SOx,0.01
한국중부발전(주)신서천발전본부,1,2022-02-06 22:00,NOx,38.27
한국중부발전(주)신서천발전본부,1,2022-02-06 22:30,TSP,0.0
한국중부발전(주)신서천발전본부,1,2022-02-06 22:30,SOx,0.0
한국중부발전(주)신서천발전본부,1,2022-02-06 22:30,NOx,0.0
한국중부발전(주)신서천발전본부,1,2022-02-06 23:00,TSP,0.0
한국중부발전(주)신서천발전본부,1,2022-02-06 23:00,SOx,0.0
한국중부발전(주)신서천발전본부,1,2022-02-06 23:00,NOx,0.0
한국중부발전(주)신서천발전본부,1,2022-02-06 23:30,TSP,0.0
한국중부발전(주)신서천발전본부,1,2022-02-06 23:30,SOx,0.0
한국중부발전(주)신서천발전본부,1,2022-02-06 23:30,NOx,0.0
한국중부발전(주)신서천발전본부,1,2022-02-07 00:00,TSP,0.0
한국중부발전(주)신서천발전본부,1,2022-02-07 00:00,SOx,0.0
한국중부발전(주)신서천발전본부,1,2022-02-07 00:00,NOx,0.0
한국중부발전(주)신서천발전본부,1,2022-02-07 00:30,TSP,0.0
한국중부발전(주)신서천발전본부,1,2022-02-07 00:30,SOx,0.0
한국중부발전(주)신서천발전본부,1,2022-02-07 00:30,NOx,0.0
한국중부발전(주)신서천발전본부,1,2022-02-07 01:00,TSP,0.0
한국중부발전(주)신서천발전본부,1,2022-02-07 01:00,SOx,0.0
한국중부발전(주)신서천발전본부,1,2022-02-07 01:00,NOx,0.0
한국중부발전(주)신서천발전본부,1,2022-02-07 01:30,TSP,0.0
한국중부발전(주)신서천발전본부,1,2022-02-07 01:30,SOx,0.0
한국중부발전(주)신서천발전본부,1,2022-02-07 01:30,NOx,0.0
한국중부발전(주)신서천발전본부,1,2022-02-07 02:00,TSP,0.0
한국중부발전(주)신서천발전본부,1,2022-02-07 02:00,SOx,0.0
한국중부발전(주)신서천발전본부,1,2022-02-07 02:00,NOx,0.0
한국중부발전(주)신서천발전본부,1,2022-02-07 02:30,TSP,0.0
한국중부발전(주)신서천발전본부,1,2022-02-07 02:30,SOx,0.0
한국중부발전(주)신서천발전본부,1,2022-02-07 02:30,NOx,0.0
한국중부발전(주)신서천발전본부,1,2022-02-07 03:00,TSP,0.0
한국중부발전(주)신서천발전본부,1,2022-02-07 03:00,SOx,0.0
한국중부발전(주)신서천발전본부,1,2022-02-07 03:00,NOx,0.0
한국중부발전(주)신서천발전본부,1,2022-02-07 03:30,TSP,0.0
한국중부발전(주)신서천발전본부,1,2022-02-07 03:30,SOx,0.0
한국중부발전(주)신서천발전본부,1,2022-02-07 03:30,NOx,0.0
한국중부발전(주)신서천발전본부,1,2022-02-07 04:00,TSP,0.0
한국중부발전(주)신서천발전본부,1,2022-02-07 04:00,SOx,0.0
한국중부발전(주)신서천발전본부,1,2022-02-07 04:00,NOx,0.0
한국중부발전(주)신서천발전본부,1,2022-02-07 04:30,TSP,0.0
한국중부발전(주)신서천발전본부,1,2022-02-07 04:30,SOx,0.0
한국중부발전(주)신서천발전본부,1,2022-02-07 04:30,NOx,0.0
한국중부발전(주)신서천발전본부,1,2022-02-07 05:00,TSP,0.0
한국중부발전(주)신서천발전본부,1,2022-02-07 05:00,SOx,0.0
한국중부발전(주)신서천발전본부,1,2022-02-07 05:00,NOx,0.0
한국중부발전(주)신서천발전본부,1,2022-02-07 05:30,TSP,0.0
한국중부발전(주)신서천발전본부,1,2022-02-07 05:30,SOx,0.0
한국중부발전(주)신서천발전본부,1,2022-02-07 05:30,NOx,0.0
한국중부발전(주)신서천발전본부,1,2022-02-07 06:00,TSP,0.0
한국중부발전(주)신서천발전본부,1,2022-02-07 06:00,SOx,0.0
한국중부발전(주)신서천발전본부,1,2022-02-07 06:00,NOx,0.0
한국중부발전(주)신서천발전본부,1,2022-02-07 06:30,TSP,0.0
한국중부발전(주)신서천발전본부,1,2022-02-07 06:30,SOx,0.0
한국중부발전(주)신서천발전본부,1,2022-02-07 06:30,NOx,0.0
한국중부발전(주)신서천발전본부,1,2022-02-07 07:00,TSP,0.0
한국중부발전(주)신서천발전본부,1,2022-02-07 07:00,SOx,0.0
한국중부발전(주)신서천발전본부,1,2022-02-07 07:00,NOx,0.0
한국중부발전(주)신서천발전본부,1,2022-02-07 07:30,TSP,0.0
한국중부발전(주)신서천발전본부,1,2022-02-07 07:30,SOx,0.0
한국중부발전(주)신서천발전본부,1,2022-02-07 07:30,NOx,0.0
한국중부발전(주)신서천발전본부,1,2022-02-07 08:00,TSP,0.0
한국중부발전(주)신서천발전본부,1,2022-02-07 08:00,SOx,0.0
한국중부발전(주)신서천발전본부,1,2022-02-07 08:00,NOx,0.0
한국중부발전(주)신서천발전본부,1,2022-02-07 08:30,TSP,0.0
한국중부발전(주)신서천발전본부,1,2022-02-07 08:30,SOx,0.0
한국중부발전(주)신서천발전본부,1,2022-02-07 08:30,NOx,0.0
한국중부발전(주)신서천발전본부,1,2022-02-07 09:00,TSP,0.0
한국중부발전(주)신서천발전본부,1,2022-02-07 09:00,SOx,0.0
한국중부발전(주)신서천발전본부,1,2022-02-07 09:00,NOx,0.0
한국중부발전(주)신서천발전본부,1,2022-02-07 09:30,TSP,0.0
한국중부발전(주)신서천발전본부,1,2022-02-07 09:30,SOx,0.0
한국중부발전(주)신서천발전본부,1,2022-02-07 09:30,NOx,0.0
한국중부발전(주)신서천발전본부,1,2022-02-07 10:00,TSP,0.0
한국중부발전(주)신서천발전본부,1,2022-02-07 10:00,SOx,0.0
한국중부발전(주)신서천발전본부,1,2022-02-07 10:00,NOx,0.0
한국중부발전(주)신서천발전본부,1,2022-02-07 10:30,TSP,0.0
한국중부발전(주)신서천발전본부,1,2022-02-07 10:30,SOx,0.0
한국중부발전(주)신서천발전본부,1,2022-02-07 10:30,NOx,0.0
한국중부발전(주)신서천발전본부,1,2022-02-07 11:00,TSP,0.0
한국중부발전(주)신서천발전본부,1,2022-02-07 11:00,SOx,0.0
한국중부발전(주)신서천발전본부,1,2022-02-07 11:00,NOx,0.0
한국중부발전(주)신서천발전본부,1,2022-02-07 11:30,TSP,0.0
한국중부발전(주)신서천발전본부,1,2022-02-07 11:30,SOx,0.0
한국중부발전(주)신서천발전본부,1,2022-02-07 11:30,NOx,0.0
한국중부발전(주)신서천발전본부,1,2022-02-07 12:00,TSP,0.0
한국중부발전(주)신서천발전본부,1,2022-02-07 12:00,SOx,0.0
한국중부발전(주)신서천발전본부,1,2022-02-07 12:00,NOx,0.0
한국중부발전(주)신서천발전본부,1,2022-02-07 12:30,TSP,0.0
한국중부발전(주)신서천발전본부,1,2022-02-07 12:30,SOx,0.0
한국중부발전(주)신서천발전본부,1,2022-02-07 12:30,NOx,0.0
한국중부발전(주)신서천발전본부,1,2022-02-07 13:00,TSP,0.0
한국중부발전(주)신서천발전본부,1,2022-02-07 13:00,SOx,0.0
한국중부발전(주)신서천발전본부,1,2022-02-07 13:00,NOx,0.0
한국중부발전(주)신서천발전본부,1,2022-02-07 13:30,TSP,0.0
한국중부발전(주)신서천발전본부,1,2022-02-07 13:30,SOx,0.0
한국중부발전(주)신서천발전본부,1,2022-02-07 13:30,NOx,0.0
한국중부발전(주)신서천발전본부,1,2022-02-07 14:00,TSP,0.0
한국중부발전(주)신서천발전본부,1,2022-02-07 14:00,SOx,0.0
한국중부발전(주)신서천발전본부,1,2022-02-07 14:00,NOx,0.0
한국중부발전(주)신서천발전본부,1,2022-02-07 14:30,TSP,0.0
한국중부발전(주)신서천발전본부,1,2022-02-07 14:30,SOx,0.0
한국중부발전(주)신서천발전본부,1,2022-02-07 14:30,NOx,0.0
한국중부발전(주)신서천발전본부,1,2022-02-07 15:00,TSP,0.0
한국중부발전(주)신서천발전본부,1,2022-02-07 15:00,SOx,0.0
한국중부발전(주)신서천발전본부,1,2022-02-07 15:00,NOx,0.0
한국중부발전(주)신서천발전본부,1,2022-02-07 15:30,TSP,0.0
한국중부발전(주)신서천발전본부,1,2022-02-07 15:30,SOx,0.0
한국중부발전(주)신서천발전본부,1,2022-02-07 15:30,NOx,0.0
한국중부발전(주)신서천발전본부,1,2022-02-07 16:00,TSP,0.0
한국중부발전(주)신서천발전본부,1,2022-02-07 16:00,SOx,0.0
한국중부발전(주)신서천발전본부,1,2022-02-07 16:00,NOx,0.0
한국중부발전(주)신서천발전본부,1,2022-02-07 16:30,TSP,0.0
한국중부발전(주)신서천발전본부,1,2022-02-07 16:30,SOx,0.0
한국중부발전(주)신서천발전본부,1,2022-02-07 16:30,NOx,0.0
한국중부발전(주)신서천발전본부,1,2022-02-07 17:00,TSP,0.0
한국중부발전(주)신서천발전본부,1,2022-02-07 17:00,SOx,0.0
한국중부발전(주)신서천발전본부,1,2022-02-07 17:00,NOx,0.0
한국중부발전(주)신서천발전본부,1,2022-02-07 17:30,TSP,0.0
한국중부발전(주)신서천발전본부,1,2022-02-07 17:30,SOx,0.0
한국중부발전(주)신서천발전본부,1,2022-02-07 17:30,NOx,0.0
한국중부발전(주)신서천발전본부,1,2022-02-07 18:00,TSP,0.0
한국중부발전(주)신서천발전본부,1,2022-02-07 18:00,SOx,0.0
한국중부발전(주)신서천발전본부,1,2022-02-07 18:00,NOx,0.0
한국중부발전(주)신서천발전본부,1,2022-02-07 18:30,TSP,0.0
한국중부발전(주)신서천발전본부,1,2022-02-07 18:30,SOx,0.0
한국중부발전(주)신서천발전본부,1,2022-02-07 18:30,NOx,0.0
한국중부발전(주)신서천발전본부,1,2022-02-07 19:00,TSP,0.0
한국중부발전(주)신서천발전본부,1,2022-02-07 19:00,SOx,0.0
한국중부발전(주)신서천발전본부,1,2022-02-07 19:00,NOx,0.0
한국중부발전(주)신서천발전본부,1,2022-02-07 19:30,TSP,0.0
한국중부발전(주)신서천발전본부,1,2022-02-07 19:30,SOx,0.0
한국중부발전(주)신서천발전본부,1,2022-02-07 19:30,NOx,0.0
한국중부발전(주)신서천발전본부,1,2022-02-07 20:00,TSP,0.0
한국중부발전(주)신서천발전본부,1,2022-02-07 20:00,SOx,0.0
한국중부발전(주)신서천발전본부,1,2022-02-07 20:00,NOx,0.0
한국중부발전(주)신서천발전본부,1,2022-02-07 20:30,TSP,0.0
한국중부발전(주)신서천발전본부,1,2022-02-07 20:30,SOx,0.0
한국중부발전(주)신서천발전본부,1,2022-02-07 20:30,NOx,0.0
한국중부발전(주)신서천발전본부,1,2022-02-07 21:00,TSP,0.0
한국중부발전(주)신서천발전본부,1,2022-02-07 21:00,SOx,0.0
한국중부발전(주)신서천발전본부,1,2022-02-07 21:00,NOx,0.0
한국중부발전(주)신서천발전본부,1,2022-02-07 21:30,TSP,0.0
한국중부발전(주)신서천발전본부,1,2022-02-07 21:30,SOx,0.0
한국중부발전(주)신서천발전본부,1,2022-02-07 21:30,NOx,0.0
한국중부발전(주)신서천발전본부,1,2022-02-07 22:00,TSP,0.0
한국중부발전(주)신서천발전본부,1,2022-02-07 22:00,SOx,0.0
한국중부발전(주)신서천발전본부,1,2022-02-07 22:00,NOx,0.0
한국중부발전(주)신서천발전본부,1,2022-02-07 22:30,TSP,16.89
한국중부발전(주)신서천발전본부,1,2022-02-07 22:30,SOx,1.52
한국중부발전(주)신서천발전본부,1,2022-02-07 22:30,NOx,45.44
한국중부발전(주)신서천발전본부,1,2022-02-07 23:00,TSP,1.89
한국중부발전(주)신서천발전본부,1,2022-02-07 23:00,SOx,0.4
한국중부발전(주)신서천발전본부,1,2022-02-07 23:00,NOx,48.16
한국중부발전(주)신서천발전본부,1,2022-02-07 23:30,TSP,2.58
한국중부발전(주)신서천발전본부,1,2022-02-07 23:30,SOx,0.56
한국중부발전(주)신서천발전본부,1,2022-02-07 23:30,NOx,47.97
한국중부발전(주)신서천발전본부,1,2022-02-08 00:00,TSP,177.35
한국중부발전(주)신서천발전본부,1,2022-02-08 00:00,SOx,8.81
한국중부발전(주)신서천발전본부,1,2022-02-08 00:00,NOx,24.91
한국중부발전(주)신서천발전본부,1,2022-02-08 00:30,TSP,29.36
한국중부발전(주)신서천발전본부,1,2022-02-08 00:30,SOx,1.42
한국중부발전(주)신서천발전본부,1,2022-02-08 00:30,NOx,53.16
한국중부발전(주)신서천발전본부,1,2022-02-08 01:00,TSP,2.25
한국중부발전(주)신서천발전본부,1,2022-02-08 01:00,SOx,0.94
한국중부발전(주)신서천발전본부,1,2022-02-08 01:00,NOx,49.71
한국중부발전(주)신서천발전본부,1,2022-02-08 01:30,TSP,2.19
한국중부발전(주)신서천발전본부,1,2022-02-08 01:30,SOx,1.2
한국중부발전(주)신서천발전본부,1,2022-02-08 01:30,NOx,47.85
한국중부발전(주)신서천발전본부,1,2022-02-08 02:00,TSP,2.33
한국중부발전(주)신서천발전본부,1,2022-02-08 02:00,SOx,1.1
한국중부발전(주)신서천발전본부,1,2022-02-08 02:00,NOx,92.22
한국중부발전(주)신서천발전본부,1,2022-02-08 02:30,TSP,1.55
한국중부발전(주)신서천발전본부,1,2022-02-08 02:30,SOx,0.51
한국중부발전(주)신서천발전본부,1,2022-02-08 02:30,NOx,110.6
한국중부발전(주)신서천발전본부,1,2022-02-08 03:00,TSP,1.27
한국중부발전(주)신서천발전본부,1,2022-02-08 03:00,SOx,1.3
한국중부발전(주)신서천발전본부,1,2022-02-08 03:00,NOx,45.74
한국중부발전(주)신서천발전본부,1,2022-02-08 03:30,TSP,1.24
한국중부발전(주)신서천발전본부,1,2022-02-08 03:30,SOx,2.06
한국중부발전(주)신서천발전본부,1,2022-02-08 03:30,NOx,12.09
한국중부발전(주)신서천발전본부,1,2022-02-08 04:00,TSP,1.2
한국중부발전(주)신서천발전본부,1,2022-02-08 04:00,SOx,3.46
한국중부발전(주)신서천발전본부,1,2022-02-08 04:00,NOx,7.42
한국중부발전(주)신서천발전본부,1,2022-02-08 04:30,TSP,1.19
한국중부발전(주)신서천발전본부,1,2022-02-08 04:30,SOx,4.46
한국중부발전(주)신서천발전본부,1,2022-02-08 04:30,NOx,5.59
한국중부발전(주)신서천발전본부,1,2022-02-08 05:00,TSP,1.16
한국중부발전(주)신서천발전본부,1,2022-02-08 05:00,SOx,4.78
한국중부발전(주)신서천발전본부,1,2022-02-08 05:00,NOx,6.48
한국중부발전(주)신서천발전본부,1,2022-02-08 05:30,TSP,1.15
한국중부발전(주)신서천발전본부,1,2022-02-08 05:30,SOx,5.27
한국중부발전(주)신서천발전본부,1,2022-02-08 05:30,NOx,5.74
한국중부발전(주)신서천발전본부,1,2022-02-08 06:00,TSP,1.09
한국중부발전(주)신서천발전본부,1,2022-02-08 06:00,SOx,5.48
한국중부발전(주)신서천발전본부,1,2022-02-08 06:00,NOx,6.44
한국중부발전(주)신서천발전본부,1,2022-02-08 06:30,TSP,1.1
한국중부발전(주)신서천발전본부,1,2022-02-08 06:30,SOx,5.76
한국중부발전(주)신서천발전본부,1,2022-02-08 06:30,NOx,7.64
한국중부발전(주)신서천발전본부,1,2022-02-08 07:00,TSP,1.06
한국중부발전(주)신서천발전본부,1,2022-02-08 07:00,SOx,5.77
한국중부발전(주)신서천발전본부,1,2022-02-08 07:00,NOx,8.45
한국중부발전(주)신서천발전본부,1,2022-02-08 07:30,TSP,1.08
한국중부발전(주)신서천발전본부,1,2022-02-08 07:30,SOx,5.76
한국중부발전(주)신서천발전본부,1,2022-02-08 07:30,NOx,9.26
한국중부발전(주)신서천발전본부,1,2022-02-08 08:00,TSP,1.08
한국중부발전(주)신서천발전본부,1,2022-02-08 08:00,SOx,5.98
한국중부발전(주)신서천발전본부,1,2022-02-08 08:00,NOx,8.5
한국중부발전(주)신서천발전본부,1,2022-02-08 08:30,TSP,1.06
한국중부발전(주)신서천발전본부,1,2022-02-08 08:30,SOx,5.83
한국중부발전(주)신서천발전본부,1,2022-02-08 08:30,NOx,8.11
한국중부발전(주)신서천발전본부,1,2022-02-08 09:00,TSP,1.08
한국중부발전(주)신서천발전본부,1,2022-02-08 09:00,SOx,5.79
한국중부발전(주)신서천발전본부,1,2022-02-08 09:00,NOx,7.41
한국중부발전(주)신서천발전본부,1,2022-02-08 09:30,TSP,1.08
한국중부발전(주)신서천발전본부,1,2022-02-08 09:30,SOx,5.89
한국중부발전(주)신서천발전본부,1,2022-02-08 09:30,NOx,6.77
한국중부발전(주)신서천발전본부,1,2022-02-08 10:00,TSP,1.22
한국중부발전(주)신서천발전본부,1,2022-02-08 10:00,SOx,6.34
한국중부발전(주)신서천발전본부,1,2022-02-08 10:00,NOx,6.6
한국중부발전(주)신서천발전본부,1,2022-02-08 10:30,TSP,1.22
한국중부발전(주)신서천발전본부,1,2022-02-08 10:30,SOx,6.34
한국중부발전(주)신서천발전본부,1,2022-02-08 10:30,NOx,6.6
한국중부발전(주)신서천발전본부,1,2022-02-08 11:00,TSP,1.22
한국중부발전(주)신서천발전본부,1,2022-02-08 11:00,SOx,6.34
한국중부발전(주)신서천발전본부,1,2022-02-08 11:00,NOx,6.6
한국중부발전(주)신서천발전본부,1,2022-02-08 11:30,TSP,1.22
한국중부발전(주)신서천발전본부,1,2022-02-08 11:30,SOx,6.34
한국중부발전(주)신서천발전본부,1,2022-02-08 11:30,NOx,6.6
한국중부발전(주)신서천발전본부,1,2022-02-08 12:00,TSP,1.22
한국중부발전(주)신서천발전본부,1,2022-02-08 12:00,SOx,6.34
한국중부발전(주)신서천발전본부,1,2022-02-08 12:00,NOx,6.6
한국중부발전(주)신서천발전본부,1,2022-02-08 12:30,TSP,1.22
한국중부발전(주)신서천발전본부,1,2022-02-08 12:30,SOx,6.34
한국중부발전(주)신서천발전본부,1,2022-02-08 12:30,NOx,6.6
한국중부발전(주)신서천발전본부,1,2022-02-08 13:00,TSP,1.22
한국중부발전(주)신서천발전본부,1,2022-02-08 13:00,SOx,6.34
한국중부발전(주)신서천발전본부,1,2022-02-08 13:00,NOx,6.6
한국중부발전(주)신서천발전본부,1,2022-02-08 13:30,TSP,1.22
한국중부발전(주)신서천발전본부,1,2022-02-08 13:30,SOx,6.34
한국중부발전(주)신서천발전본부,1,2022-02-08 13:30,NOx,6.6
한국중부발전(주)신서천발전본부,1,2022-02-08 14:00,TSP,1.22
한국중부발전(주)신서천발전본부,1,2022-02-08 14:00,SOx,6.34
한국중부발전(주)신서천발전본부,1,2022-02-08 14:00,NOx,6.6
한국중부발전(주)신서천발전본부,1,2022-02-08 14:30,TSP,1.22
한국중부발전(주)신서천발전본부,1,2022-02-08 14:30,SOx,6.34
한국중부발전(주)신서천발전본부,1,2022-02-08 14:30,NOx,6.6
한국중부발전(주)신서천발전본부,1,2022-02-08 15:00,TSP,1.22
한국중부발전(주)신서천발전본부,1,2022-02-08 15:00,SOx,6.34
한국중부발전(주)신서천발전본부,1,2022-02-08 15:00,NOx,6.6
한국중부발전(주)신서천발전본부,1,2022-02-08 15:30,TSP,1.08
한국중부발전(주)신서천발전본부,1,2022-02-08 15:30,SOx,3.59
한국중부발전(주)신서천발전본부,1,2022-02-08 15:30,NOx,5.53
한국중부발전(주)신서천발전본부,1,2022-02-08 16:00,TSP,1.1
한국중부발전(주)신서천발전본부,1,2022-02-08 16:00,SOx,3.53
한국중부발전(주)신서천발전본부,1,2022-02-08 16:00,NOx,5.74
한국중부발전(주)신서천발전본부,1,2022-02-08 16:30,TSP,1.12
한국중부발전(주)신서천발전본부,1,2022-02-08 16:30,SOx,3.52
한국중부발전(주)신서천발전본부,1,2022-02-08 16:30,NOx,5.74
한국중부발전(주)신서천발전본부,1,2022-02-08 17:00,TSP,1.13
한국중부발전(주)신서천발전본부,1,2022-02-08 17:00,SOx,3.61
한국중부발전(주)신서천발전본부,1,2022-02-08 17:00,NOx,5.72
한국중부발전(주)신서천발전본부,1,2022-02-08 17:30,TSP,1.15
한국중부발전(주)신서천발전본부,1,2022-02-08 17:30,SOx,3.78
한국중부발전(주)신서천발전본부,1,2022-02-08 17:30,NOx,5.98
한국중부발전(주)신서천발전본부,1,2022-02-08 18:00,TSP,1.22
한국중부발전(주)신서천발전본부,1,2022-02-08 18:00,SOx,4.19
한국중부발전(주)신서천발전본부,1,2022-02-08 18:00,NOx,5.86
한국중부발전(주)신서천발전본부,1,2022-02-08 18:30,TSP,1.16
한국중부발전(주)신서천발전본부,1,2022-02-08 18:30,SOx,4.74
한국중부발전(주)신서천발전본부,1,2022-02-08 18:30,NOx,7.94
한국중부발전(주)신서천발전본부,1,2022-02-08 19:00,TSP,1.11
한국중부발전(주)신서천발전본부,1,2022-02-08 19:00,SOx,4.62
한국중부발전(주)신서천발전본부,1,2022-02-08 19:00,NOx,9.2
한국중부발전(주)신서천발전본부,1,2022-02-08 19:30,TSP,1.11
한국중부발전(주)신서천발전본부,1,2022-02-08 19:30,SOx,3.96
한국중부발전(주)신서천발전본부,1,2022-02-08 19:30,NOx,8.25
한국중부발전(주)신서천발전본부,1,2022-02-08 20:00,TSP,1.02
한국중부발전(주)신서천발전본부,1,2022-02-08 20:00,SOx,3.61
한국중부발전(주)신서천발전본부,1,2022-02-08 20:00,NOx,7.39
한국중부발전(주)신서천발전본부,1,2022-02-08 20:30,TSP,1.06
한국중부발전(주)신서천발전본부,1,2022-02-08 20:30,SOx,3.61
한국중부발전(주)신서천발전본부,1,2022-02-08 20:30,NOx,6.91
한국중부발전(주)신서천발전본부,1,2022-02-08 21:00,TSP,1.05
한국중부발전(주)신서천발전본부,1,2022-02-08 21:00,SOx,3.96
한국중부발전(주)신서천발전본부,1,2022-02-08 21:00,NOx,6.25
한국중부발전(주)신서천발전본부,1,2022-02-08 21:30,TSP,1.05
한국중부발전(주)신서천발전본부,1,2022-02-08 21:30,SOx,4.07
한국중부발전(주)신서천발전본부,1,2022-02-08 21:30,NOx,5.9
한국중부발전(주)신서천발전본부,1,2022-02-08 22:00,TSP,1.03
한국중부발전(주)신서천발전본부,1,2022-02-08 22:00,SOx,4.4
한국중부발전(주)신서천발전본부,1,2022-02-08 22:00,NOx,5.81
한국중부발전(주)신서천발전본부,1,2022-02-08 22:30,TSP,1.02
한국중부발전(주)신서천발전본부,1,2022-02-08 22:30,SOx,4.57
한국중부발전(주)신서천발전본부,1,2022-02-08 22:30,NOx,5.72
한국중부발전(주)신서천발전본부,1,2022-02-08 23:00,TSP,1.02
한국중부발전(주)신서천발전본부,1,2022-02-08 23:00,SOx,5.22
한국중부발전(주)신서천발전본부,1,2022-02-08 23:00,NOx,6.16
한국중부발전(주)신서천발전본부,1,2022-02-08 23:30,TSP,1.0
한국중부발전(주)신서천발전본부,1,2022-02-08 23:30,SOx,5.01
한국중부발전(주)신서천발전본부,1,2022-02-08 23:30,NOx,7.6
한국중부발전(주)신서천발전본부,1,2022-02-09 00:00,TSP,1.01
한국중부발전(주)신서천발전본부,1,2022-02-09 00:00,SOx,4.82
한국중부발전(주)신서천발전본부,1,2022-02-09 00:00,NOx,9.08
한국중부발전(주)신서천발전본부,1,2022-02-09 00:30,TSP,1.0
한국중부발전(주)신서천발전본부,1,2022-02-09 00:30,SOx,4.71
한국중부발전(주)신서천발전본부,1,2022-02-09 00:30,NOx,8.63
한국중부발전(주)신서천발전본부,1,2022-02-09 01:00,TSP,1.0
한국중부발전(주)신서천발전본부,1,2022-02-09 01:00,SOx,5.41
한국중부발전(주)신서천발전본부,1,2022-02-09 01:00,NOx,7.42
한국중부발전(주)신서천발전본부,1,2022-02-09 01:30,TSP,1.0
한국중부발전(주)신서천발전본부,1,2022-02-09 01:30,SOx,5.53
한국중부발전(주)신서천발전본부,1,2022-02-09 01:30,NOx,7.85
한국중부발전(주)신서천발전본부,1,2022-02-09 02:00,TSP,1.0
한국중부발전(주)신서천발전본부,1,2022-02-09 02:00,SOx,4.72
한국중부발전(주)신서천발전본부,1,2022-02-09 02:00,NOx,8.35
한국중부발전(주)신서천발전본부,1,2022-02-09 02:30,TSP,1.0
한국중부발전(주)신서천발전본부,1,2022-02-09 02:30,SOx,4.37
한국중부발전(주)신서천발전본부,1,2022-02-09 02:30,NOx,8.5
한국중부발전(주)신서천발전본부,1,2022-02-09 03:00,TSP,1.0
한국중부발전(주)신서천발전본부,1,2022-02-09 03:00,SOx,4.48
한국중부발전(주)신서천발전본부,1,2022-02-09 03:00,NOx,7.51
한국중부발전(주)신서천발전본부,1,2022-02-09 03:30,TSP,0.99
한국중부발전(주)신서천발전본부,1,2022-02-09 03:30,SOx,4.54
한국중부발전(주)신서천발전본부,1,2022-02-09 03:30,NOx,7.91
한국중부발전(주)신서천발전본부,1,2022-02-09 04:00,TSP,1.0
한국중부발전(주)신서천발전본부,1,2022-02-09 04:00,SOx,5.0
한국중부발전(주)신서천발전본부,1,2022-02-09 04:00,NOx,7.45
한국중부발전(주)신서천발전본부,1,2022-02-09 04:30,TSP,0.99
한국중부발전(주)신서천발전본부,1,2022-02-09 04:30,SOx,4.94
한국중부발전(주)신서천발전본부,1,2022-02-09 04:30,NOx,7.4
한국중부발전(주)신서천발전본부,1,2022-02-09 05:00,TSP,1.0
한국중부발전(주)신서천발전본부,1,2022-02-09 05:00,SOx,4.74
한국중부발전(주)신서천발전본부,1,2022-02-09 05:00,NOx,8.19
한국중부발전(주)신서천발전본부,1,2022-02-09 05:30,TSP,1.01
한국중부발전(주)신서천발전본부,1,2022-02-09 05:30,SOx,4.36
한국중부발전(주)신서천발전본부,1,2022-02-09 05:30,NOx,7.31
한국중부발전(주)신서천발전본부,1,2022-02-09 06:00,TSP,1.01
한국중부발전(주)신서천발전본부,1,2022-02-09 06:00,SOx,4.46
한국중부발전(주)신서천발전본부,1,2022-02-09 06:00,NOx,7.35
한국중부발전(주)신서천발전본부,1,2022-02-09 06:30,TSP,1.02
한국중부발전(주)신서천발전본부,1,2022-02-09 06:30,SOx,4.43
한국중부발전(주)신서천발전본부,1,2022-02-09 06:30,NOx,7.64
한국중부발전(주)신서천발전본부,1,2022-02-09 07:00,TSP,1.01
한국중부발전(주)신서천발전본부,1,2022-02-09 07:00,SOx,4.6
한국중부발전(주)신서천발전본부,1,2022-02-09 07:00,NOx,8.12
한국중부발전(주)신서천발전본부,1,2022-02-09 07:30,TSP,1.02
한국중부발전(주)신서천발전본부,1,2022-02-09 07:30,SOx,4.79
한국중부발전(주)신서천발전본부,1,2022-02-09 07:30,NOx,8.0
한국중부발전(주)신서천발전본부,1,2022-02-09 08:00,TSP,1.08
한국중부발전(주)신서천발전본부,1,2022-02-09 08:00,SOx,4.56
한국중부발전(주)신서천발전본부,1,2022-02-09 08:00,NOx,8.15
한국중부발전(주)신서천발전본부,1,2022-02-09 08:30,TSP,1.07
한국중부발전(주)신서천발전본부,1,2022-02-09 08:30,SOx,4.59
한국중부발전(주)신서천발전본부,1,2022-02-09 08:30,NOx,6.79
한국중부발전(주)신서천발전본부,1,2022-02-09 09:00,TSP,1.08
한국중부발전(주)신서천발전본부,1,2022-02-09 09:00,SOx,4.42
한국중부발전(주)신서천발전본부,1,2022-02-09 09:00,NOx,6.31
한국중부발전(주)신서천발전본부,1,2022-02-09 09:30,TSP,1.08
한국중부발전(주)신서천발전본부,1,2022-02-09 09:30,SOx,4.45
한국중부발전(주)신서천발전본부,1,2022-02-09 09:30,NOx,6.63
한국중부발전(주)신서천발전본부,1,2022-02-09 10:00,TSP,1.03
한국중부발전(주)신서천발전본부,1,2022-02-09 10:00,SOx,4.65
한국중부발전(주)신서천발전본부,1,2022-02-09 10:00,NOx,6.97
한국중부발전(주)신서천발전본부,1,2022-02-09 10:30,TSP,1.02
한국중부발전(주)신서천발전본부,1,2022-02-09 10:30,SOx,4.86
한국중부발전(주)신서천발전본부,1,2022-02-09 10:30,NOx,6.75
한국중부발전(주)신서천발전본부,1,2022-02-09 11:00,TSP,1.02
한국중부발전(주)신서천발전본부,1,2022-02-09 11:00,SOx,4.97
한국중부발전(주)신서천발전본부,1,2022-02-09 11:00,NOx,6.35
한국중부발전(주)신서천발전본부,1,2022-02-09 11:30,TSP,1.09
한국중부발전(주)신서천발전본부,1,2022-02-09 11:30,SOx,4.8
한국중부발전(주)신서천발전본부,1,2022-02-09 11:30,NOx,5.52
한국중부발전(주)신서천발전본부,1,2022-02-09 12:00,TSP,1.08
한국중부발전(주)신서천발전본부,1,2022-02-09 12:00,SOx,4.71
한국중부발전(주)신서천발전본부,1,2022-02-09 12:00,NOx,5.61
한국중부발전(주)신서천발전본부,1,2022-02-09 12:30,TSP,1.08
한국중부발전(주)신서천발전본부,1,2022-02-09 12:30,SOx,4.31
한국중부발전(주)신서천발전본부,1,2022-02-09 12:30,NOx,5.46
한국중부발전(주)신서천발전본부,1,2022-02-09 13:00,TSP,1.08
한국중부발전(주)신서천발전본부,1,2022-02-09 13:00,SOx,4.81
한국중부발전(주)신서천발전본부,1,2022-02-09 13:00,NOx,4.8
한국중부발전(주)신서천발전본부,1,2022-02-09 13:30,TSP,1.06
한국중부발전(주)신서천발전본부,1,2022-02-09 13:30,SOx,5.18
한국중부발전(주)신서천발전본부,1,2022-02-09 13:30,NOx,5.33
한국중부발전(주)신서천발전본부,1,2022-02-09 14:00,TSP,1.08
한국중부발전(주)신서천발전본부,1,2022-02-09 14:00,SOx,5.11
한국중부발전(주)신서천발전본부,1,2022-02-09 14:00,NOx,6.24
한국중부발전(주)신서천발전본부,1,2022-02-09 14:30,TSP,1.07
한국중부발전(주)신서천발전본부,1,2022-02-09 14:30,SOx,4.96
한국중부발전(주)신서천발전본부,1,2022-02-09 14:30,NOx,5.77
한국중부발전(주)신서천발전본부,1,2022-02-09 15:00,TSP,1.08
한국중부발전(주)신서천발전본부,1,2022-02-09 15:00,SOx,5.01
한국중부발전(주)신서천발전본부,1,2022-02-09 15:00,NOx,5.36
한국중부발전(주)신서천발전본부,1,2022-02-09 15:30,TSP,1.07
한국중부발전(주)신서천발전본부,1,2022-02-09 15:30,SOx,4.86
한국중부발전(주)신서천발전본부,1,2022-02-09 15:30,NOx,5.39
한국중부발전(주)신서천발전본부,1,2022-02-09 16:00,TSP,1.08
한국중부발전(주)신서천발전본부,1,2022-02-09 16:00,SOx,5.0
한국중부발전(주)신서천발전본부,1,2022-02-09 16:00,NOx,4.94
한국중부발전(주)신서천발전본부,1,2022-02-09 16:30,TSP,1.06
한국중부발전(주)신서천발전본부,1,2022-02-09 16:30,SOx,4.9
한국중부발전(주)신서천발전본부,1,2022-02-09 16:30,NOx,5.33
한국중부발전(주)신서천발전본부,1,2022-02-09 17:00,TSP,1.07
한국중부발전(주)신서천발전본부,1,2022-02-09 17:00,SOx,4.89
한국중부발전(주)신서천발전본부,1,2022-02-09 17:00,NOx,5.67
한국중부발전(주)신서천발전본부,1,2022-02-09 17:30,TSP,1.05
한국중부발전(주)신서천발전본부,1,2022-02-09 17:30,SOx,4.8
한국중부발전(주)신서천발전본부,1,2022-02-09 17:30,NOx,5.53
한국중부발전(주)신서천발전본부,1,2022-02-09 18:00,TSP,1.05
한국중부발전(주)신서천발전본부,1,2022-02-09 18:00,SOx,4.78
한국중부발전(주)신서천발전본부,1,2022-02-09 18:00,NOx,5.67
한국중부발전(주)신서천발전본부,1,2022-02-09 18:30,TSP,1.04
한국중부발전(주)신서천발전본부,1,2022-02-09 18:30,SOx,4.65
한국중부발전(주)신서천발전본부,1,2022-02-09 18:30,NOx,5.41
한국중부발전(주)신서천발전본부,1,2022-02-09 19:00,TSP,1.06
한국중부발전(주)신서천발전본부,1,2022-02-09 19:00,SOx,4.7
한국중부발전(주)신서천발전본부,1,2022-02-09 19:00,NOx,5.38
한국중부발전(주)신서천발전본부,1,2022-02-09 19:30,TSP,1.05
한국중부발전(주)신서천발전본부,1,2022-02-09 19:30,SOx,4.4
한국중부발전(주)신서천발전본부,1,2022-02-09 19:30,NOx,5.45
한국중부발전(주)신서천발전본부,1,2022-02-09 20:00,TSP,1.04
한국중부발전(주)신서천발전본부,1,2022-02-09 20:00,SOx,4.09
한국중부발전(주)신서천발전본부,1,2022-02-09 20:00,NOx,5.33
한국중부발전(주)신서천발전본부,1,2022-02-09 20:30,TSP,1.04
한국중부발전(주)신서천발전본부,1,2022-02-09 20:30,SOx,3.91
한국중부발전(주)신서천발전본부,1,2022-02-09 20:30,NOx,5.31
한국중부발전(주)신서천발전본부,1,2022-02-09 21:00,TSP,1.03
한국중부발전(주)신서천발전본부,1,2022-02-09 21:00,SOx,3.92
한국중부발전(주)신서천발전본부,1,2022-02-09 21:00,NOx,5.85
한국중부발전(주)신서천발전본부,1,2022-02-09 21:30,TSP,1.04
한국중부발전(주)신서천발전본부,1,2022-02-09 21:30,SOx,4.07
한국중부발전(주)신서천발전본부,1,2022-02-09 21:30,NOx,5.3
한국중부발전(주)신서천발전본부,1,2022-02-09 22:00,TSP,1.04
한국중부발전(주)신서천발전본부,1,2022-02-09 22:00,SOx,4.14
한국중부발전(주)신서천발전본부,1,2022-02-09 22:00,NOx,5.63
한국중부발전(주)신서천발전본부,1,2022-02-09 22:30,TSP,1.04
한국중부발전(주)신서천발전본부,1,2022-02-09 22:30,SOx,4.35
한국중부발전(주)신서천발전본부,1,2022-02-09 22:30,NOx,5.71
한국중부발전(주)신서천발전본부,1,2022-02-09 23:00,TSP,1.04
한국중부발전(주)신서천발전본부,1,2022-02-09 23:00,SOx,4.31
한국중부발전(주)신서천발전본부,1,2022-02-09 23:00,NOx,5.84
한국중부발전(주)신서천발전본부,1,2022-02-09 23:30,TSP,0.96
한국중부발전(주)신서천발전본부,1,2022-02-09 23:30,SOx,4.02
한국중부발전(주)신서천발전본부,1,2022-02-09 23:30,NOx,5.89
한국중부발전(주)신서천발전본부,1,2022-02-10 00:00,TSP,0.97
한국중부발전(주)신서천발전본부,1,2022-02-10 00:00,SOx,3.8
한국중부발전(주)신서천발전본부,1,2022-02-10 00:00,NOx,5.33
한국중부발전(주)신서천발전본부,1,2022-02-10 00:30,TSP,0.97
한국중부발전(주)신서천발전본부,1,2022-02-10 00:30,SOx,4.04
한국중부발전(주)신서천발전본부,1,2022-02-10 00:30,NOx,5.54
한국중부발전(주)신서천발전본부,1,2022-02-10 01:00,TSP,0.97
한국중부발전(주)신서천발전본부,1,2022-02-10 01:00,SOx,3.97
한국중부발전(주)신서천발전본부,1,2022-02-10 01:00,NOx,5.32
한국중부발전(주)신서천발전본부,1,2022-02-10 01:30,TSP,0.98
한국중부발전(주)신서천발전본부,1,2022-02-10 01:30,SOx,4.23
한국중부발전(주)신서천발전본부,1,2022-02-10 01:30,NOx,5.46
한국중부발전(주)신서천발전본부,1,2022-02-10 02:00,TSP,0.98
한국중부발전(주)신서천발전본부,1,2022-02-10 02:00,SOx,4.25
한국중부발전(주)신서천발전본부,1,2022-02-10 02:00,NOx,5.75
한국중부발전(주)신서천발전본부,1,2022-02-10 02:30,TSP,0.98
한국중부발전(주)신서천발전본부,1,2022-02-10 02:30,SOx,4.24
한국중부발전(주)신서천발전본부,1,2022-02-10 02:30,NOx,5.51
한국중부발전(주)신서천발전본부,1,2022-02-10 03:00,TSP,0.98
한국중부발전(주)신서천발전본부,1,2022-02-10 03:00,SOx,4.19
한국중부발전(주)신서천발전본부,1,2022-02-10 03:00,NOx,5.33
한국중부발전(주)신서천발전본부,1,2022-02-10 03:30,TSP,0.99
한국중부발전(주)신서천발전본부,1,2022-02-10 03:30,SOx,4.25
한국중부발전(주)신서천발전본부,1,2022-02-10 03:30,NOx,5.86
한국중부발전(주)신서천발전본부,1,2022-02-10 04:00,TSP,1.02
한국중부발전(주)신서천발전본부,1,2022-02-10 04:00,SOx,4.16
한국중부발전(주)신서천발전본부,1,2022-02-10 04:00,NOx,5.48
한국중부발전(주)신서천발전본부,1,2022-02-10 04:30,TSP,1.0
한국중부발전(주)신서천발전본부,1,2022-02-10 04:30,SOx,4.25
한국중부발전(주)신서천발전본부,1,2022-02-10 04:30,NOx,5.4
한국중부발전(주)신서천발전본부,1,2022-02-10 05:00,TSP,1.01
한국중부발전(주)신서천발전본부,1,2022-02-10 05:00,SOx,4.06
한국중부발전(주)신서천발전본부,1,2022-02-10 05:00,NOx,5.37
한국중부발전(주)신서천발전본부,1,2022-02-10 05:30,TSP,1.01
한국중부발전(주)신서천발전본부,1,2022-02-10 05:30,SOx,4.32
한국중부발전(주)신서천발전본부,1,2022-02-10 05:30,NOx,5.6
한국중부발전(주)신서천발전본부,1,2022-02-10 06:00,TSP,1.0
한국중부발전(주)신서천발전본부,1,2022-02-10 06:00,SOx,4.29
한국중부발전(주)신서천발전본부,1,2022-02-10 06:00,NOx,4.71
한국중부발전(주)신서천발전본부,1,2022-02-10 06:30,TSP,1.0
한국중부발전(주)신서천발전본부,1,2022-02-10 06:30,SOx,4.36
한국중부발전(주)신서천발전본부,1,2022-02-10 06:30,NOx,5.54
한국중부발전(주)신서천발전본부,1,2022-02-10 07:00,TSP,0.99
한국중부발전(주)신서천발전본부,1,2022-02-10 07:00,SOx,4.68
한국중부발전(주)신서천발전본부,1,2022-02-10 07:00,NOx,5.45
한국중부발전(주)신서천발전본부,1,2022-02-10 07:30,TSP,0.99
한국중부발전(주)신서천발전본부,1,2022-02-10 07:30,SOx,4.31
한국중부발전(주)신서천발전본부,1,2022-02-10 07:30,NOx,4.72
한국중부발전(주)신서천발전본부,1,2022-02-10 08:00,TSP,1.07
한국중부발전(주)신서천발전본부,1,2022-02-10 08:00,SOx,3.53
한국중부발전(주)신서천발전본부,1,2022-02-10 08:00,NOx,8.37
한국중부발전(주)신서천발전본부,1,2022-02-10 08:30,TSP,1.27
한국중부발전(주)신서천발전본부,1,2022-02-10 08:30,SOx,1.94
한국중부발전(주)신서천발전본부,1,2022-02-10 08:30,NOx,6.38
한국중부발전(주)신서천발전본부,1,2022-02-10 09:00,TSP,1.79
한국중부발전(주)신서천발전본부,1,2022-02-10 09:00,SOx,1.56
한국중부발전(주)신서천발전본부,1,2022-02-10 09:00,NOx,16.28
한국중부발전(주)신서천발전본부,1,2022-02-10 09:30,TSP,2.29
한국중부발전(주)신서천발전본부,1,2022-02-10 09:30,SOx,0.7
한국중부발전(주)신서천발전본부,1,2022-02-10 09:30,NOx,16.78
한국중부발전(주)신서천발전본부,1,2022-02-10 10:00,TSP,150.93
한국중부발전(주)신서천발전본부,1,2022-02-10 10:00,SOx,6.06
한국중부발전(주)신서천발전본부,1,2022-02-10 10:00,NOx,2.78
한국중부발전(주)신서천발전본부,1,2022-02-10 10:30,TSP,0.0
한국중부발전(주)신서천발전본부,1,2022-02-10 10:30,SOx,0.0
한국중부발전(주)신서천발전본부,1,2022-02-10 10:30,NOx,0.0
한국중부발전(주)신서천발전본부,1,2022-02-10 11:00,TSP,0.0
한국중부발전(주)신서천발전본부,1,2022-02-10 11:00,SOx,0.0
한국중부발전(주)신서천발전본부,1,2022-02-10 11:00,NOx,0.0
한국중부발전(주)신서천발전본부,1,2022-02-10 11:30,TSP,0.0
한국중부발전(주)신서천발전본부,1,2022-02-10 11:30,SOx,0.0
한국중부발전(주)신서천발전본부,1,2022-02-10 11:30,NOx,0.0
한국중부발전(주)신서천발전본부,1,2022-02-10 12:00,TSP,0.0
한국중부발전(주)신서천발전본부,1,2022-02-10 12:00,SOx,0.0
한국중부발전(주)신서천발전본부,1,2022-02-10 12:00,NOx,0.0
한국중부발전(주)신서천발전본부,1,2022-02-10 12:30,TSP,0.0
한국중부발전(주)신서천발전본부,1,2022-02-10 12:30,SOx,0.0
한국중부발전(주)신서천발전본부,1,2022-02-10 12:30,NOx,0.0
한국중부발전(주)신서천발전본부,1,2022-02-10 13:00,TSP,0.0
한국중부발전(주)신서천발전본부,1,2022-02-10 13:00,SOx,0.0
한국중부발전(주)신서천발전본부,1,2022-02-10 13:00,NOx,0.0
한국중부발전(주)신서천발전본부,1,2022-02-10 13:30,TSP,0.0
한국중부발전(주)신서천발전본부,1,2022-02-10 13:30,SOx,0.0
한국중부발전(주)신서천발전본부,1,2022-02-10 13:30,NOx,0.0
한국중부발전(주)신서천발전본부,1,2022-02-10 14:00,TSP,0.0
한국중부발전(주)신서천발전본부,1,2022-02-10 14:00,SOx,0.0
한국중부발전(주)신서천발전본부,1,2022-02-10 14:00,NOx,0.0
한국중부발전(주)신서천발전본부,1,2022-02-10 14:30,TSP,0.0
한국중부발전(주)신서천발전본부,1,2022-02-10 14:30,SOx,0.0
한국중부발전(주)신서천발전본부,1,2022-02-10 14:30,NOx,0.0
한국중부발전(주)신서천발전본부,1,2022-02-10 15:00,TSP,0.0
한국중부발전(주)신서천발전본부,1,2022-02-10 15:00,SOx,0.0
한국중부발전(주)신서천발전본부,1,2022-02-10 15:00,NOx,0.0
한국중부발전(주)신서천발전본부,1,2022-02-10 15:30,TSP,0.0
한국중부발전(주)신서천발전본부,1,2022-02-10 15:30,SOx,0.0
한국중부발전(주)신서천발전본부,1,2022-02-10 15:30,NOx,0.0
한국중부발전(주)신서천발전본부,1,2022-02-10 16:00,TSP,0.0
한국중부발전(주)신서천발전본부,1,2022-02-10 16:00,SOx,0.0
한국중부발전(주)신서천발전본부,1,2022-02-10 16:00,NOx,0.0
한국중부발전(주)신서천발전본부,1,2022-02-10 16:30,TSP,0.0
한국중부발전(주)신서천발전본부,1,2022-02-10 16:30,SOx,0.0
한국중부발전(주)신서천발전본부,1,2022-02-10 16:30,NOx,0.0
한국중부발전(주)신서천발전본부,1,2022-02-10 17:00,TSP,0.0
한국중부발전(주)신서천발전본부,1,2022-02-10 17:00,SOx,0.0
한국중부발전(주)신서천발전본부,1,2022-02-10 17:00,NOx,0.0
한국중부발전(주)신서천발전본부,1,2022-02-10 17:30,TSP,0.0
한국중부발전(주)신서천발전본부,1,2022-02-10 17:30,SOx,0.0
한국중부발전(주)신서천발전본부,1,2022-02-10 17:30,NOx,0.0
한국중부발전(주)신서천발전본부,1,2022-02-10 18:00,TSP,0.0
한국중부발전(주)신서천발전본부,1,2022-02-10 18:00,SOx,0.0
한국중부발전(주)신서천발전본부,1,2022-02-10 18:00,NOx,0.0
한국중부발전(주)신서천발전본부,1,2022-02-10 18:30,TSP,0.0
한국중부발전(주)신서천발전본부,1,2022-02-10 18:30,SOx,0.0
한국중부발전(주)신서천발전본부,1,2022-02-10 18:30,NOx,0.0
한국중부발전(주)신서천발전본부,1,2022-02-10 19:00,TSP,0.0
한국중부발전(주)신서천발전본부,1,2022-02-10 19:00,SOx,0.0
한국중부발전(주)신서천발전본부,1,2022-02-10 19:00,NOx,0.0
한국중부발전(주)신서천발전본부,1,2022-02-10 19:30,TSP,0.0
한국중부발전(주)신서천발전본부,1,2022-02-10 19:30,SOx,0.0
한국중부발전(주)신서천발전본부,1,2022-02-10 19:30,NOx,0.0
한국중부발전(주)신서천발전본부,1,2022-02-10 20:00,TSP,0.0
한국중부발전(주)신서천발전본부,1,2022-02-10 20:00,SOx,0.0
한국중부발전(주)신서천발전본부,1,2022-02-10 20:00,NOx,0.0
한국중부발전(주)신서천발전본부,1,2022-02-10 20:30,TSP,0.0
한국중부발전(주)신서천발전본부,1,2022-02-10 20:30,SOx,0.0
한국중부발전(주)신서천발전본부,1,2022-02-10 20:30,NOx,0.0
한국중부발전(주)신서천발전본부,1,2022-02-10 21:00,TSP,0.0
한국중부발전(주)신서천발전본부,1,2022-02-10 21:00,SOx,0.0
한국중부발전(주)신서천발전본부,1,2022-02-10 21:00,NOx,0.0
한국중부발전(주)신서천발전본부,1,2022-02-10 21:30,TSP,0.0
한국중부발전(주)신서천발전본부,1,2022-02-10 21:30,SOx,0.0
한국중부발전(주)신서천발전본부,1,2022-02-10 21:30,NOx,0.0
한국중부발전(주)신서천발전본부,1,2022-02-10 22:00,TSP,0.0
한국중부발전(주)신서천발전본부,1,2022-02-10 22:00,SOx,0.0
한국중부발전(주)신서천발전본부,1,2022-02-10 22:00,NOx,0.0
한국중부발전(주)신서천발전본부,1,2022-02-10 22:30,TSP,0.0
한국중부발전(주)신서천발전본부,1,2022-02-10 22:30,SOx,0.0
한국중부발전(주)신서천발전본부,1,2022-02-10 22:30,NOx,0.0
한국중부발전(주)신서천발전본부,1,2022-02-10 23:00,TSP,0.0
한국중부발전(주)신서천발전본부,1,2022-02-10 23:00,SOx,0.0
한국중부발전(주)신서천발전본부,1,2022-02-10 23:00,NOx,0.0
한국중부발전(주)신서천발전본부,1,2022-02-10 23:30,TSP,0.0
한국중부발전(주)신서천발전본부,1,2022-02-10 23:30,SOx,0.0
한국중부발전(주)신서천발전본부,1,2022-02-10 23:30,NOx,0.0
한국중부발전(주)신서천발전본부,1,2022-02-11 00:00,TSP,0.0
한국중부발전(주)신서천발전본부,1,2022-02-11 00:00,SOx,0.0
한국중부발전(주)신서천발전본부,1,2022-02-11 00:00,NOx,0.0
한국중부발전(주)신서천발전본부,1,2022-02-11 00:30,TSP,0.0
한국중부발전(주)신서천발전본부,1,2022-02-11 00:30,SOx,0.0
한국중부발전(주)신서천발전본부,1,2022-02-11 00:30,NOx,0.0
한국중부발전(주)신서천발전본부,1,2022-02-11 01:00,TSP,0.0
한국중부발전(주)신서천발전본부,1,2022-02-11 01:00,SOx,0.0
한국중부발전(주)신서천발전본부,1,2022-02-11 01:00,NOx,0.0
한국중부발전(주)신서천발전본부,1,2022-02-11 01:30,TSP,0.0
한국중부발전(주)신서천발전본부,1,2022-02-11 01:30,SOx,0.0
한국중부발전(주)신서천발전본부,1,2022-02-11 01:30,NOx,0.0
한국중부발전(주)신서천발전본부,1,2022-02-11 02:00,TSP,0.0
한국중부발전(주)신서천발전본부,1,2022-02-11 02:00,SOx,0.0
한국중부발전(주)신서천발전본부,1,2022-02-11 02:00,NOx,0.0
한국중부발전(주)신서천발전본부,1,2022-02-11 02:30,TSP,0.0
한국중부발전(주)신서천발전본부,1,2022-02-11 02:30,SOx,0.0
한국중부발전(주)신서천발전본부,1,2022-02-11 02:30,NOx,0.0
한국중부발전(주)신서천발전본부,1,2022-02-11 03:00,TSP,0.0
한국중부발전(주)신서천발전본부,1,2022-02-11 03:00,SOx,0.0
한국중부발전(주)신서천발전본부,1,2022-02-11 03:00,NOx,0.0
한국중부발전(주)신서천발전본부,1,2022-02-11 03:30,TSP,0.0
한국중부발전(주)신서천발전본부,1,2022-02-11 03:30,SOx,0.0
한국중부발전(주)신서천발전본부,1,2022-02-11 03:30,NOx,0.0
한국중부발전(주)신서천발전본부,1,2022-02-11 04:00,TSP,0.0
한국중부발전(주)신서천발전본부,1,2022-02-11 04:00,SOx,0.0
한국중부발전(주)신서천발전본부,1,2022-02-11 04:00,NOx,0.0
한국중부발전(주)신서천발전본부,1,2022-02-11 04:30,TSP,0.0
한국중부발전(주)신서천발전본부,1,2022-02-11 04:30,SOx,0.0
한국중부발전(주)신서천발전본부,1,2022-02-11 04:30,NOx,0.0
한국중부발전(주)신서천발전본부,1,2022-02-11 05:00,TSP,0.0
한국중부발전(주)신서천발전본부,1,2022-02-11 05:00,SOx,0.0
한국중부발전(주)신서천발전본부,1,2022-02-11 05:00,NOx,0.0
한국중부발전(주)신서천발전본부,1,2022-02-11 05:30,TSP,0.0
한국중부발전(주)신서천발전본부,1,2022-02-11 05:30,SOx,0.0
한국중부발전(주)신서천발전본부,1,2022-02-11 05:30,NOx,0.0
한국중부발전(주)신서천발전본부,1,2022-02-11 06:00,TSP,0.0
한국중부발전(주)신서천발전본부,1,2022-02-11 06:00,SOx,0.0
한국중부발전(주)신서천발전본부,1,2022-02-11 06:00,NOx,0.0
한국중부발전(주)신서천발전본부,1,2022-02-11 06:30,TSP,0.0
한국중부발전(주)신서천발전본부,1,2022-02-11 06:30,SOx,0.0
한국중부발전(주)신서천발전본부,1,2022-02-11 06:30,NOx,0.0
한국중부발전(주)신서천발전본부,1,2022-02-11 07:00,TSP,0.0
한국중부발전(주)신서천발전본부,1,2022-02-11 07:00,SOx,0.0
한국중부발전(주)신서천발전본부,1,2022-02-11 07:00,NOx,0.0
한국중부발전(주)신서천발전본부,1,2022-02-11 07:30,TSP,0.0
한국중부발전(주)신서천발전본부,1,2022-02-11 07:30,SOx,0.0
한국중부발전(주)신서천발전본부,1,2022-02-11 07:30,NOx,0.0
한국중부발전(주)신서천발전본부,1,2022-02-11 08:00,TSP,0.0
한국중부발전(주)신서천발전본부,1,2022-02-11 08:00,SOx,0.0
한국중부발전(주)신서천발전본부,1,2022-02-11 08:00,NOx,0.0
한국중부발전(주)신서천발전본부,1,2022-02-11 08:30,TSP,0.0
한국중부발전(주)신서천발전본부,1,2022-02-11 08:30,SOx,0.0
한국중부발전(주)신서천발전본부,1,2022-02-11 08:30,NOx,0.0
한국중부발전(주)신서천발전본부,1,2022-02-11 09:00,TSP,0.0
한국중부발전(주)신서천발전본부,1,2022-02-11 09:00,SOx,0.0
한국중부발전(주)신서천발전본부,1,2022-02-11 09:00,NOx,0.0
한국중부발전(주)신서천발전본부,1,2022-02-11 09:30,TSP,0.0
한국중부발전(주)신서천발전본부,1,2022-02-11 09:30,SOx,0.0
한국중부발전(주)신서천발전본부,1,2022-02-11 09:30,NOx,0.0
한국중부발전(주)신서천발전본부,1,2022-02-11 10:00,TSP,0.0
한국중부발전(주)신서천발전본부,1,2022-02-11 10:00,SOx,0.0
한국중부발전(주)신서천발전본부,1,2022-02-11 10:00,NOx,0.0
한국중부발전(주)신서천발전본부,1,2022-02-11 10:30,TSP,0.0
한국중부발전(주)신서천발전본부,1,2022-02-11 10:30,SOx,0.0
한국중부발전(주)신서천발전본부,1,2022-02-11 10:30,NOx,0.0
한국중부발전(주)신서천발전본부,1,2022-02-11 11:00,TSP,0.0
한국중부발전(주)신서천발전본부,1,2022-02-11 11:00,SOx,0.0
한국중부발전(주)신서천발전본부,1,2022-02-11 11:00,NOx,0.0
한국중부발전(주)신서천발전본부,1,2022-02-11 11:30,TSP,0.0
한국중부발전(주)신서천발전본부,1,2022-02-11 11:30,SOx,0.0
한국중부발전(주)신서천발전본부,1,2022-02-11 11:30,NOx,0.0
한국중부발전(주)신서천발전본부,1,2022-02-11 12:00,TSP,0.0
한국중부발전(주)신서천발전본부,1,2022-02-11 12:00,SOx,0.0
한국중부발전(주)신서천발전본부,1,2022-02-11 12:00,NOx,0.0
한국중부발전(주)신서천발전본부,1,2022-02-11 12:30,TSP,0.0
한국중부발전(주)신서천발전본부,1,2022-02-11 12:30,SOx,0.0
한국중부발전(주)신서천발전본부,1,2022-02-11 12:30,NOx,0.0
한국중부발전(주)신서천발전본부,1,2022-02-11 13:00,TSP,0.0
한국중부발전(주)신서천발전본부,1,2022-02-11 13:00,SOx,0.0
한국중부발전(주)신서천발전본부,1,2022-02-11 13:00,NOx,0.0
한국중부발전(주)신서천발전본부,1,2022-02-11 13:30,TSP,0.0
한국중부발전(주)신서천발전본부,1,2022-02-11 13:30,SOx,0.0
한국중부발전(주)신서천발전본부,1,2022-02-11 13:30,NOx,0.0
한국중부발전(주)신서천발전본부,1,2022-02-11 14:00,TSP,0.0
한국중부발전(주)신서천발전본부,1,2022-02-11 14:00,SOx,0.0
한국중부발전(주)신서천발전본부,1,2022-02-11 14:00,NOx,0.0
한국중부발전(주)신서천발전본부,1,2022-02-11 14:30,TSP,0.0
한국중부발전(주)신서천발전본부,1,2022-02-11 14:30,SOx,0.0
한국중부발전(주)신서천발전본부,1,2022-02-11 14:30,NOx,0.0
한국중부발전(주)신서천발전본부,1,2022-02-11 15:00,TSP,0.0
한국중부발전(주)신서천발전본부,1,2022-02-11 15:00,SOx,0.0
한국중부발전(주)신서천발전본부,1,2022-02-11 15:00,NOx,0.0
한국중부발전(주)신서천발전본부,1,2022-02-11 15:30,TSP,0.0
한국중부발전(주)신서천발전본부,1,2022-02-11 15:30,SOx,0.0
한국중부발전(주)신서천발전본부,1,2022-02-11 15:30,NOx,0.0
한국중부발전(주)신서천발전본부,1,2022-02-11 16:00,TSP,0.0
한국중부발전(주)신서천발전본부,1,2022-02-11 16:00,SOx,0.0
한국중부발전(주)신서천발전본부,1,2022-02-11 16:00,NOx,0.0
한국중부발전(주)신서천발전본부,1,2022-02-11 16:30,TSP,0.0
한국중부발전(주)신서천발전본부,1,2022-02-11 16:30,SOx,0.0
한국중부발전(주)신서천발전본부,1,2022-02-11 16:30,NOx,0.0
한국중부발전(주)신서천발전본부,1,2022-02-11 17:00,TSP,0.0
한국중부발전(주)신서천발전본부,1,2022-02-11 17:00,SOx,0.0
한국중부발전(주)신서천발전본부,1,2022-02-11 17:00,NOx,0.0
한국중부발전(주)신서천발전본부,1,2022-02-11 17:30,TSP,0.0
한국중부발전(주)신서천발전본부,1,2022-02-11 17:30,SOx,0.0
한국중부발전(주)신서천발전본부,1,2022-02-11 17:30,NOx,0.0
한국중부발전(주)신서천발전본부,1,2022-02-11 18:00,TSP,0.0
한국중부발전(주)신서천발전본부,1,2022-02-11 18:00,SOx,0.0
한국중부발전(주)신서천발전본부,1,2022-02-11 18:00,NOx,0.0
한국중부발전(주)신서천발전본부,1,2022-02-11 18:30,TSP,0.0
한국중부발전(주)신서천발전본부,1,2022-02-11 18:30,SOx,0.0
한국중부발전(주)신서천발전본부,1,2022-02-11 18:30,NOx,0.0
한국중부발전(주)신서천발전본부,1,2022-02-11 19:00,TSP,0.0
한국중부발전(주)신서천발전본부,1,2022-02-11 19:00,SOx,0.0
한국중부발전(주)신서천발전본부,1,2022-02-11 19:00,NOx,0.0
한국중부발전(주)신서천발전본부,1,2022-02-11 19:30,TSP,0.0
한국중부발전(주)신서천발전본부,1,2022-02-11 19:30,SOx,0.0
한국중부발전(주)신서천발전본부,1,2022-02-11 19:30,NOx,0.0
한국중부발전(주)신서천발전본부,1,2022-02-11 20:00,TSP,0.0
한국중부발전(주)신서천발전본부,1,2022-02-11 20:00,SOx,0.0
한국중부발전(주)신서천발전본부,1,2022-02-11 20:00,NOx,0.0
한국중부발전(주)신서천발전본부,1,2022-02-11 20:30,TSP,0.0
한국중부발전(주)신서천발전본부,1,2022-02-11 20:30,SOx,0.0
한국중부발전(주)신서천발전본부,1,2022-02-11 20:30,NOx,0.0
한국중부발전(주)신서천발전본부,1,2022-02-11 21:00,TSP,0.0
한국중부발전(주)신서천발전본부,1,2022-02-11 21:00,SOx,0.0
한국중부발전(주)신서천발전본부,1,2022-02-11 21:00,NOx,0.0
한국중부발전(주)신서천발전본부,1,2022-02-11 21:30,TSP,0.0
한국중부발전(주)신서천발전본부,1,2022-02-11 21:30,SOx,0.0
한국중부발전(주)신서천발전본부,1,2022-02-11 21:30,NOx,0.0
한국중부발전(주)신서천발전본부,1,2022-02-11 22:00,TSP,0.0
한국중부발전(주)신서천발전본부,1,2022-02-11 22:00,SOx,0.0
한국중부발전(주)신서천발전본부,1,2022-02-11 22:00,NOx,0.0
한국중부발전(주)신서천발전본부,1,2022-02-11 22:30,TSP,0.0
한국중부발전(주)신서천발전본부,1,2022-02-11 22:30,SOx,0.0
한국중부발전(주)신서천발전본부,1,2022-02-11 22:30,NOx,0.0
한국중부발전(주)신서천발전본부,1,2022-02-11 23:00,TSP,0.0
한국중부발전(주)신서천발전본부,1,2022-02-11 23:00,SOx,0.0
한국중부발전(주)신서천발전본부,1,2022-02-11 23:00,NOx,0.0
한국중부발전(주)신서천발전본부,1,2022-02-11 23:30,TSP,0.0
한국중부발전(주)신서천발전본부,1,2022-02-11 23:30,SOx,0.0
한국중부발전(주)신서천발전본부,1,2022-02-11 23:30,NOx,0.0
한국중부발전(주)신서천발전본부,1,2022-02-12 00:00,TSP,0.0
한국중부발전(주)신서천발전본부,1,2022-02-12 00:00,SOx,0.0
한국중부발전(주)신서천발전본부,1,2022-02-12 00:00,NOx,0.0
한국중부발전(주)신서천발전본부,1,2022-02-12 00:30,TSP,0.0
한국중부발전(주)신서천발전본부,1,2022-02-12 00:30,SOx,0.0
한국중부발전(주)신서천발전본부,1,2022-02-12 00:30,NOx,0.0
한국중부발전(주)신서천발전본부,1,2022-02-12 01:00,TSP,0.0
한국중부발전(주)신서천발전본부,1,2022-02-12 01:00,SOx,0.0
한국중부발전(주)신서천발전본부,1,2022-02-12 01:00,NOx,0.0
한국중부발전(주)신서천발전본부,1,2022-02-12 01:30,TSP,0.0
한국중부발전(주)신서천발전본부,1,2022-02-12 01:30,SOx,0.0
한국중부발전(주)신서천발전본부,1,2022-02-12 01:30,NOx,0.0
한국중부발전(주)신서천발전본부,1,2022-02-12 02:00,TSP,0.0
한국중부발전(주)신서천발전본부,1,2022-02-12 02:00,SOx,0.0
한국중부발전(주)신서천발전본부,1,2022-02-12 02:00,NOx,0.0
한국중부발전(주)신서천발전본부,1,2022-02-12 02:30,TSP,0.0
한국중부발전(주)신서천발전본부,1,2022-02-12 02:30,SOx,0.0
한국중부발전(주)신서천발전본부,1,2022-02-12 02:30,NOx,0.0
한국중부발전(주)신서천발전본부,1,2022-02-12 03:00,TSP,0.0
한국중부발전(주)신서천발전본부,1,2022-02-12 03:00,SOx,0.0
한국중부발전(주)신서천발전본부,1,2022-02-12 03:00,NOx,0.0
한국중부발전(주)신서천발전본부,1,2022-02-12 03:30,TSP,0.0
한국중부발전(주)신서천발전본부,1,2022-02-12 03:30,SOx,0.0
한국중부발전(주)신서천발전본부,1,2022-02-12 03:30,NOx,0.0
한국중부발전(주)신서천발전본부,1,2022-02-12 04:00,TSP,0.0
한국중부발전(주)신서천발전본부,1,2022-02-12 04:00,SOx,0.0
한국중부발전(주)신서천발전본부,1,2022-02-12 04:00,NOx,0.0
한국중부발전(주)신서천발전본부,1,2022-02-12 04:30,TSP,0.0
한국중부발전(주)신서천발전본부,1,2022-02-12 04:30,SOx,0.0
한국중부발전(주)신서천발전본부,1,2022-02-12 04:30,NOx,0.0
한국중부발전(주)신서천발전본부,1,2022-02-12 05:00,TSP,0.0
한국중부발전(주)신서천발전본부,1,2022-02-12 05:00,SOx,0.0
한국중부발전(주)신서천발전본부,1,2022-02-12 05:00,NOx,0.0
한국중부발전(주)신서천발전본부,1,2022-02-12 05:30,TSP,0.0
한국중부발전(주)신서천발전본부,1,2022-02-12 05:30,SOx,0.0
한국중부발전(주)신서천발전본부,1,2022-02-12 05:30,NOx,0.0
한국중부발전(주)신서천발전본부,1,2022-02-12 06:00,TSP,0.0
한국중부발전(주)신서천발전본부,1,2022-02-12 06:00,SOx,0.0
한국중부발전(주)신서천발전본부,1,2022-02-12 06:00,NOx,0.0
한국중부발전(주)신서천발전본부,1,2022-02-12 06:30,TSP,0.0
한국중부발전(주)신서천발전본부,1,2022-02-12 06:30,SOx,0.0
한국중부발전(주)신서천발전본부,1,2022-02-12 06:30,NOx,0.0
한국중부발전(주)신서천발전본부,1,2022-02-12 07:00,TSP,0.0
한국중부발전(주)신서천발전본부,1,2022-02-12 07:00,SOx,0.0
한국중부발전(주)신서천발전본부,1,2022-02-12 07:00,NOx,0.0
한국중부발전(주)신서천발전본부,1,2022-02-12 07:30,TSP,0.0
한국중부발전(주)신서천발전본부,1,2022-02-12 07:30,SOx,0.0
한국중부발전(주)신서천발전본부,1,2022-02-12 07:30,NOx,0.0
한국중부발전(주)신서천발전본부,1,2022-02-12 08:00,TSP,0.0
한국중부발전(주)신서천발전본부,1,2022-02-12 08:00,SOx,0.0
한국중부발전(주)신서천발전본부,1,2022-02-12 08:00,NOx,0.0
한국중부발전(주)신서천발전본부,1,2022-02-12 08:30,TSP,0.0
한국중부발전(주)신서천발전본부,1,2022-02-12 08:30,SOx,0.0
한국중부발전(주)신서천발전본부,1,2022-02-12 08:30,NOx,0.0
한국중부발전(주)신서천발전본부,1,2022-02-12 09:00,TSP,0.0
한국중부발전(주)신서천발전본부,1,2022-02-12 09:00,SOx,0.0
한국중부발전(주)신서천발전본부,1,2022-02-12 09:00,NOx,0.0
한국중부발전(주)신서천발전본부,1,2022-02-12 09:30,TSP,0.0
한국중부발전(주)신서천발전본부,1,2022-02-12 09:30,SOx,0.0
한국중부발전(주)신서천발전본부,1,2022-02-12 09:30,NOx,0.0
한국중부발전(주)신서천발전본부,1,2022-02-12 10:00,TSP,0.0
한국중부발전(주)신서천발전본부,1,2022-02-12 10:00,SOx,0.0
한국중부발전(주)신서천발전본부,1,2022-02-12 10:00,NOx,0.0
한국중부발전(주)신서천발전본부,1,2022-02-12 10:30,TSP,0.0
한국중부발전(주)신서천발전본부,1,2022-02-12 10:30,SOx,0.0
한국중부발전(주)신서천발전본부,1,2022-02-12 10:30,NOx,0.0
한국중부발전(주)신서천발전본부,1,2022-02-12 11:00,TSP,0.0
한국중부발전(주)신서천발전본부,1,2022-02-12 11:00,SOx,0.0
한국중부발전(주)신서천발전본부,1,2022-02-12 11:00,NOx,0.0
한국중부발전(주)신서천발전본부,1,2022-02-12 11:30,TSP,0.0
한국중부발전(주)신서천발전본부,1,2022-02-12 11:30,SOx,0.0
한국중부발전(주)신서천발전본부,1,2022-02-12 11:30,NOx,0.0
한국중부발전(주)신서천발전본부,1,2022-02-12 12:00,TSP,0.0
한국중부발전(주)신서천발전본부,1,2022-02-12 12:00,SOx,0.0
한국중부발전(주)신서천발전본부,1,2022-02-12 12:00,NOx,0.0
한국중부발전(주)신서천발전본부,1,2022-02-12 12:30,TSP,0.0
한국중부발전(주)신서천발전본부,1,2022-02-12 12:30,SOx,0.0
한국중부발전(주)신서천발전본부,1,2022-02-12 12:30,NOx,0.0
한국중부발전(주)신서천발전본부,1,2022-02-12 13:00,TSP,0.0
한국중부발전(주)신서천발전본부,1,2022-02-12 13:00,SOx,0.0
한국중부발전(주)신서천발전본부,1,2022-02-12 13:00,NOx,0.0
한국중부발전(주)신서천발전본부,1,2022-02-12 13:30,TSP,0.0
한국중부발전(주)신서천발전본부,1,2022-02-12 13:30,SOx,0.0
한국중부발전(주)신서천발전본부,1,2022-02-12 13:30,NOx,0.0
한국중부발전(주)신서천발전본부,1,2022-02-12 14:00,TSP,0.0
한국중부발전(주)신서천발전본부,1,2022-02-12 14:00,SOx,0.0
한국중부발전(주)신서천발전본부,1,2022-02-12 14:00,NOx,0.0
한국중부발전(주)신서천발전본부,1,2022-02-12 14:30,TSP,0.0
한국중부발전(주)신서천발전본부,1,2022-02-12 14:30,SOx,0.0
한국중부발전(주)신서천발전본부,1,2022-02-12 14:30,NOx,0.0
한국중부발전(주)신서천발전본부,1,2022-02-12 15:00,TSP,0.0
한국중부발전(주)신서천발전본부,1,2022-02-12 15:00,SOx,0.0
한국중부발전(주)신서천발전본부,1,2022-02-12 15:00,NOx,0.0
한국중부발전(주)신서천발전본부,1,2022-02-12 15:30,TSP,0.0
한국중부발전(주)신서천발전본부,1,2022-02-12 15:30,SOx,0.0
한국중부발전(주)신서천발전본부,1,2022-02-12 15:30,NOx,0.0
한국중부발전(주)신서천발전본부,1,2022-02-12 16:00,TSP,0.0
한국중부발전(주)신서천발전본부,1,2022-02-12 16:00,SOx,0.0
한국중부발전(주)신서천발전본부,1,2022-02-12 16:00,NOx,0.0
한국중부발전(주)신서천발전본부,1,2022-02-12 16:30,TSP,0.0
한국중부발전(주)신서천발전본부,1,2022-02-12 16:30,SOx,0.0
한국중부발전(주)신서천발전본부,1,2022-02-12 16:30,NOx,0.0
한국중부발전(주)신서천발전본부,1,2022-02-12 17:00,TSP,0.0
한국중부발전(주)신서천발전본부,1,2022-02-12 17:00,SOx,0.0
한국중부발전(주)신서천발전본부,1,2022-02-12 17:00,NOx,0.0
한국중부발전(주)신서천발전본부,1,2022-02-12 17:30,TSP,0.0
한국중부발전(주)신서천발전본부,1,2022-02-12 17:30,SOx,0.0
한국중부발전(주)신서천발전본부,1,2022-02-12 17:30,NOx,0.0
한국중부발전(주)신서천발전본부,1,2022-02-12 18:00,TSP,0.0
한국중부발전(주)신서천발전본부,1,2022-02-12 18:00,SOx,0.0
한국중부발전(주)신서천발전본부,1,2022-02-12 18:00,NOx,0.0
한국중부발전(주)신서천발전본부,1,2022-02-12 18:30,TSP,0.0
한국중부발전(주)신서천발전본부,1,2022-02-12 18:30,SOx,0.0
한국중부발전(주)신서천발전본부,1,2022-02-12 18:30,NOx,0.0
한국중부발전(주)신서천발전본부,1,2022-02-12 19:00,TSP,0.0
한국중부발전(주)신서천발전본부,1,2022-02-12 19:00,SOx,0.0
한국중부발전(주)신서천발전본부,1,2022-02-12 19:00,NOx,0.0
한국중부발전(주)신서천발전본부,1,2022-02-12 19:30,TSP,0.0
한국중부발전(주)신서천발전본부,1,2022-02-12 19:30,SOx,0.0
한국중부발전(주)신서천발전본부,1,2022-02-12 19:30,NOx,0.0
한국중부발전(주)신서천발전본부,1,2022-02-12 20:00,TSP,0.0
한국중부발전(주)신서천발전본부,1,2022-02-12 20:00,SOx,0.0
한국중부발전(주)신서천발전본부,1,2022-02-12 20:00,NOx,0.0
한국중부발전(주)신서천발전본부,1,2022-02-12 20:30,TSP,0.0
한국중부발전(주)신서천발전본부,1,2022-02-12 20:30,SOx,0.0
한국중부발전(주)신서천발전본부,1,2022-02-12 20:30,NOx,0.0
한국중부발전(주)신서천발전본부,1,2022-02-12 21:00,TSP,0.0
한국중부발전(주)신서천발전본부,1,2022-02-12 21:00,SOx,0.0
한국중부발전(주)신서천발전본부,1,2022-02-12 21:00,NOx,0.0
한국중부발전(주)신서천발전본부,1,2022-02-12 21:30,TSP,0.0
한국중부발전(주)신서천발전본부,1,2022-02-12 21:30,SOx,0.0
한국중부발전(주)신서천발전본부,1,2022-02-12 21:30,NOx,0.0
한국중부발전(주)신서천발전본부,1,2022-02-12 22:00,TSP,0.0
한국중부발전(주)신서천발전본부,1,2022-02-12 22:00,SOx,0.0
한국중부발전(주)신서천발전본부,1,2022-02-12 22:00,NOx,0.0
한국중부발전(주)신서천발전본부,1,2022-02-12 22:30,TSP,0.0
한국중부발전(주)신서천발전본부,1,2022-02-12 22:30,SOx,0.0
한국중부발전(주)신서천발전본부,1,2022-02-12 22:30,NOx,0.0
한국중부발전(주)신서천발전본부,1,2022-02-12 23:00,TSP,0.0
한국중부발전(주)신서천발전본부,1,2022-02-12 23:00,SOx,0.0
한국중부발전(주)신서천발전본부,1,2022-02-12 23:00,NOx,0.0
한국중부발전(주)신서천발전본부,1,2022-02-12 23:30,TSP,0.0
한국중부발전(주)신서천발전본부,1,2022-02-12 23:30,SOx,0.0
한국중부발전(주)신서천발전본부,1,2022-02-12 23:30,NOx,0.0
한국중부발전(주)신서천발전본부,1,2022-02-13 00:00,TSP,0.0
한국중부발전(주)신서천발전본부,1,2022-02-13 00:00,SOx,0.0
한국중부발전(주)신서천발전본부,1,2022-02-13 00:00,NOx,0.0
한국중부발전(주)신서천발전본부,1,2022-02-13 00:30,TSP,0.0
한국중부발전(주)신서천발전본부,1,2022-02-13 00:30,SOx,0.0
한국중부발전(주)신서천발전본부,1,2022-02-13 00:30,NOx,0.0
한국중부발전(주)신서천발전본부,1,2022-02-13 01:00,TSP,0.0
한국중부발전(주)신서천발전본부,1,2022-02-13 01:00,SOx,0.0
한국중부발전(주)신서천발전본부,1,2022-02-13 01:00,NOx,0.0
한국중부발전(주)신서천발전본부,1,2022-02-13 01:30,TSP,0.0
한국중부발전(주)신서천발전본부,1,2022-02-13 01:30,SOx,0.0
한국중부발전(주)신서천발전본부,1,2022-02-13 01:30,NOx,0.0
한국중부발전(주)신서천발전본부,1,2022-02-13 02:00,TSP,0.0
한국중부발전(주)신서천발전본부,1,2022-02-13 02:00,SOx,0.0
한국중부발전(주)신서천발전본부,1,2022-02-13 02:00,NOx,0.0
한국중부발전(주)신서천발전본부,1,2022-02-13 02:30,TSP,0.0
한국중부발전(주)신서천발전본부,1,2022-02-13 02:30,SOx,0.0
한국중부발전(주)신서천발전본부,1,2022-02-13 02:30,NOx,0.0
한국중부발전(주)신서천발전본부,1,2022-02-13 03:00,TSP,0.0
한국중부발전(주)신서천발전본부,1,2022-02-13 03:00,SOx,0.0
한국중부발전(주)신서천발전본부,1,2022-02-13 03:00,NOx,0.0
한국중부발전(주)신서천발전본부,1,2022-02-13 03:30,TSP,0.0
한국중부발전(주)신서천발전본부,1,2022-02-13 03:30,SOx,0.0
한국중부발전(주)신서천발전본부,1,2022-02-13 03:30,NOx,0.0
한국중부발전(주)신서천발전본부,1,2022-02-13 04:00,TSP,0.0
한국중부발전(주)신서천발전본부,1,2022-02-13 04:00,SOx,0.0
한국중부발전(주)신서천발전본부,1,2022-02-13 04:00,NOx,0.0
한국중부발전(주)신서천발전본부,1,2022-02-13 04:30,TSP,0.0
한국중부발전(주)신서천발전본부,1,2022-02-13 04:30,SOx,0.0
한국중부발전(주)신서천발전본부,1,2022-02-13 04:30,NOx,0.0
한국중부발전(주)신서천발전본부,1,2022-02-13 05:00,TSP,0.0
한국중부발전(주)신서천발전본부,1,2022-02-13 05:00,SOx,0.0
한국중부발전(주)신서천발전본부,1,2022-02-13 05:00,NOx,0.0
한국중부발전(주)신서천발전본부,1,2022-02-13 05:30,TSP,0.0
한국중부발전(주)신서천발전본부,1,2022-02-13 05:30,SOx,0.0
한국중부발전(주)신서천발전본부,1,2022-02-13 05:30,NOx,0.0
한국중부발전(주)신서천발전본부,1,2022-02-13 06:00,TSP,0.0
한국중부발전(주)신서천발전본부,1,2022-02-13 06:00,SOx,0.0
한국중부발전(주)신서천발전본부,1,2022-02-13 06:00,NOx,0.0
한국중부발전(주)신서천발전본부,1,2022-02-13 06:30,TSP,0.0
한국중부발전(주)신서천발전본부,1,2022-02-13 06:30,SOx,0.0
한국중부발전(주)신서천발전본부,1,2022-02-13 06:30,NOx,0.0
한국중부발전(주)신서천발전본부,1,2022-02-13 07:00,TSP,0.0
한국중부발전(주)신서천발전본부,1,2022-02-13 07:00,SOx,0.0
한국중부발전(주)신서천발전본부,1,2022-02-13 07:00,NOx,0.0
한국중부발전(주)신서천발전본부,1,2022-02-13 07:30,TSP,0.0
한국중부발전(주)신서천발전본부,1,2022-02-13 07:30,SOx,0.0
한국중부발전(주)신서천발전본부,1,2022-02-13 07:30,NOx,0.0
한국중부발전(주)신서천발전본부,1,2022-02-13 08:00,TSP,0.0
한국중부발전(주)신서천발전본부,1,2022-02-13 08:00,SOx,0.0
한국중부발전(주)신서천발전본부,1,2022-02-13 08:00,NOx,0.0
한국중부발전(주)신서천발전본부,1,2022-02-13 08:30,TSP,0.0
한국중부발전(주)신서천발전본부,1,2022-02-13 08:30,SOx,0.0
한국중부발전(주)신서천발전본부,1,2022-02-13 08:30,NOx,0.0
한국중부발전(주)신서천발전본부,1,2022-02-13 09:00,TSP,0.0
한국중부발전(주)신서천발전본부,1,2022-02-13 09:00,SOx,0.0
한국중부발전(주)신서천발전본부,1,2022-02-13 09:00,NOx,0.0
한국중부발전(주)신서천발전본부,1,2022-02-13 09:30,TSP,0.0
한국중부발전(주)신서천발전본부,1,2022-02-13 09:30,SOx,0.0
한국중부발전(주)신서천발전본부,1,2022-02-13 09:30,NOx,0.0
한국중부발전(주)신서천발전본부,1,2022-02-13 10:00,TSP,0.0
한국중부발전(주)신서천발전본부,1,2022-02-13 10:00,SOx,0.0
한국중부발전(주)신서천발전본부,1,2022-02-13 10:00,NOx,0.0
한국중부발전(주)신서천발전본부,1,2022-02-13 10:30,TSP,0.0
한국중부발전(주)신서천발전본부,1,2022-02-13 10:30,SOx,0.0
한국중부발전(주)신서천발전본부,1,2022-02-13 10:30,NOx,0.0
한국중부발전(주)신서천발전본부,1,2022-02-13 11:00,TSP,0.0
한국중부발전(주)신서천발전본부,1,2022-02-13 11:00,SOx,0.0
한국중부발전(주)신서천발전본부,1,2022-02-13 11:00,NOx,0.0
한국중부발전(주)신서천발전본부,1,2022-02-13 11:30,TSP,0.0
한국중부발전(주)신서천발전본부,1,2022-02-13 11:30,SOx,0.0
한국중부발전(주)신서천발전본부,1,2022-02-13 11:30,NOx,0.0
한국중부발전(주)신서천발전본부,1,2022-02-13 12:00,TSP,0.0
한국중부발전(주)신서천발전본부,1,2022-02-13 12:00,SOx,0.0
한국중부발전(주)신서천발전본부,1,2022-02-13 12:00,NOx,0.0
한국중부발전(주)신서천발전본부,1,2022-02-13 12:30,TSP,0.0
한국중부발전(주)신서천발전본부,1,2022-02-13 12:30,SOx,0.0
한국중부발전(주)신서천발전본부,1,2022-02-13 12:30,NOx,0.0
한국중부발전(주)신서천발전본부,1,2022-02-13 13:00,TSP,191.37
한국중부발전(주)신서천발전본부,1,2022-02-13 13:00,SOx,17.36
한국중부발전(주)신서천발전본부,1,2022-02-13 13:00,NOx,17.47
한국중부발전(주)신서천발전본부,1,2022-02-13 13:30,TSP,2.82
한국중부발전(주)신서천발전본부,1,2022-02-13 13:30,SOx,1.73
한국중부발전(주)신서천발전본부,1,2022-02-13 13:30,NOx,45.17
한국중부발전(주)신서천발전본부,1,2022-02-13 14:00,TSP,2.39
한국중부발전(주)신서천발전본부,1,2022-02-13 14:00,SOx,0.98
한국중부발전(주)신서천발전본부,1,2022-02-13 14:00,NOx,34.87
한국중부발전(주)신서천발전본부,1,2022-02-13 14:30,TSP,2.08
한국중부발전(주)신서천발전본부,1,2022-02-13 14:30,SOx,0.97
한국중부발전(주)신서천발전본부,1,2022-02-13 14:30,NOx,28.54
한국중부발전(주)신서천발전본부,1,2022-02-13 15:00,TSP,1.85
한국중부발전(주)신서천발전본부,1,2022-02-13 15:00,SOx,0.94
한국중부발전(주)신서천발전본부,1,2022-02-13 15:00,NOx,44.23
한국중부발전(주)신서천발전본부,1,2022-02-13 15:30,TSP,1.76
한국중부발전(주)신서천발전본부,1,2022-02-13 15:30,SOx,1.33
한국중부발전(주)신서천발전본부,1,2022-02-13 15:30,NOx,47.22
한국중부발전(주)신서천발전본부,1,2022-02-13 16:00,TSP,1.76
한국중부발전(주)신서천발전본부,1,2022-02-13 16:00,SOx,1.46
한국중부발전(주)신서천발전본부,1,2022-02-13 16:00,NOx,49.6
한국중부발전(주)신서천발전본부,1,2022-02-13 16:30,TSP,1.6
한국중부발전(주)신서천발전본부,1,2022-02-13 16:30,SOx,17.12
한국중부발전(주)신서천발전본부,1,2022-02-13 16:30,NOx,76.09
한국중부발전(주)신서천발전본부,1,2022-02-13 17:00,TSP,1.65
한국중부발전(주)신서천발전본부,1,2022-02-13 17:00,SOx,64.79
한국중부발전(주)신서천발전본부,1,2022-02-13 17:00,NOx,146.36
한국중부발전(주)신서천발전본부,1,2022-02-13 17:30,TSP,1.25
한국중부발전(주)신서천발전본부,1,2022-02-13 17:30,SOx,1.05
한국중부발전(주)신서천발전본부,1,2022-02-13 17:30,NOx,120.58
한국중부발전(주)신서천발전본부,1,2022-02-13 18:00,TSP,1.17
한국중부발전(주)신서천발전본부,1,2022-02-13 18:00,SOx,0.75
한국중부발전(주)신서천발전본부,1,2022-02-13 18:00,NOx,64.2
한국중부발전(주)신서천발전본부,1,2022-02-13 18:30,TSP,1.05
한국중부발전(주)신서천발전본부,1,2022-02-13 18:30,SOx,0.86
한국중부발전(주)신서천발전본부,1,2022-02-13 18:30,NOx,17.3
한국중부발전(주)신서천발전본부,1,2022-02-13 19:00,TSP,0.97
한국중부발전(주)신서천발전본부,1,2022-02-13 19:00,SOx,1.84
한국중부발전(주)신서천발전본부,1,2022-02-13 19:00,NOx,8.77
한국중부발전(주)신서천발전본부,1,2022-02-13 19:30,TSP,0.87
한국중부발전(주)신서천발전본부,1,2022-02-13 19:30,SOx,3.38
한국중부발전(주)신서천발전본부,1,2022-02-13 19:30,NOx,4.82
한국중부발전(주)신서천발전본부,1,2022-02-13 20:00,TSP,0.83
한국중부발전(주)신서천발전본부,1,2022-02-13 20:00,SOx,3.74
한국중부발전(주)신서천발전본부,1,2022-02-13 20:00,NOx,4.26
한국중부발전(주)신서천발전본부,1,2022-02-13 20:30,TSP,0.83
한국중부발전(주)신서천발전본부,1,2022-02-13 20:30,SOx,3.43
한국중부발전(주)신서천발전본부,1,2022-02-13 20:30,NOx,3.61
한국중부발전(주)신서천발전본부,1,2022-02-13 21:00,TSP,0.81
한국중부발전(주)신서천발전본부,1,2022-02-13 21:00,SOx,3.31
한국중부발전(주)신서천발전본부,1,2022-02-13 21:00,NOx,3.17
한국중부발전(주)신서천발전본부,1,2022-02-13 21:30,TSP,0.81
한국중부발전(주)신서천발전본부,1,2022-02-13 21:30,SOx,3.7
한국중부발전(주)신서천발전본부,1,2022-02-13 21:30,NOx,3.75
한국중부발전(주)신서천발전본부,1,2022-02-13 22:00,TSP,0.8
한국중부발전(주)신서천발전본부,1,2022-02-13 22:00,SOx,3.77
한국중부발전(주)신서천발전본부,1,2022-02-13 22:00,NOx,4.73
한국중부발전(주)신서천발전본부,1,2022-02-13 22:30,TSP,0.8
한국중부발전(주)신서천발전본부,1,2022-02-13 22:30,SOx,4.01
한국중부발전(주)신서천발전본부,1,2022-02-13 22:30,NOx,5.87
한국중부발전(주)신서천발전본부,1,2022-02-13 23:00,TSP,0.8
한국중부발전(주)신서천발전본부,1,2022-02-13 23:00,SOx,4.02
한국중부발전(주)신서천발전본부,1,2022-02-13 23:00,NOx,7.54
한국중부발전(주)신서천발전본부,1,2022-02-13 23:30,TSP,0.9
한국중부발전(주)신서천발전본부,1,2022-02-13 23:30,SOx,4.28
한국중부발전(주)신서천발전본부,1,2022-02-13 23:30,NOx,7.72
한국중부발전(주)신서천발전본부,1,2022-02-14 00:00,TSP,0.94
한국중부발전(주)신서천발전본부,1,2022-02-14 00:00,SOx,5.48
한국중부발전(주)신서천발전본부,1,2022-02-14 00:00,NOx,7.45
한국중부발전(주)신서천발전본부,1,2022-02-14 00:30,TSP,0.93
한국중부발전(주)신서천발전본부,1,2022-02-14 00:30,SOx,5.54
한국중부발전(주)신서천발전본부,1,2022-02-14 00:30,NOx,8.46
한국중부발전(주)신서천발전본부,1,2022-02-14 01:00,TSP,0.93
한국중부발전(주)신서천발전본부,1,2022-02-14 01:00,SOx,5.39
한국중부발전(주)신서천발전본부,1,2022-02-14 01:00,NOx,9.39
한국중부발전(주)신서천발전본부,1,2022-02-14 01:30,TSP,0.93
한국중부발전(주)신서천발전본부,1,2022-02-14 01:30,SOx,5.38
한국중부발전(주)신서천발전본부,1,2022-02-14 01:30,NOx,9.93
한국중부발전(주)신서천발전본부,1,2022-02-14 02:00,TSP,0.93
한국중부발전(주)신서천발전본부,1,2022-02-14 02:00,SOx,5.23
한국중부발전(주)신서천발전본부,1,2022-02-14 02:00,NOx,9.94
한국중부발전(주)신서천발전본부,1,2022-02-14 02:30,TSP,0.93
한국중부발전(주)신서천발전본부,1,2022-02-14 02:30,SOx,4.96
한국중부발전(주)신서천발전본부,1,2022-02-14 02:30,NOx,9.27
한국중부발전(주)신서천발전본부,1,2022-02-14 03:00,TSP,0.91
한국중부발전(주)신서천발전본부,1,2022-02-14 03:00,SOx,4.53
한국중부발전(주)신서천발전본부,1,2022-02-14 03:00,NOx,9.05
한국중부발전(주)신서천발전본부,1,2022-02-14 03:30,TSP,0.88
한국중부발전(주)신서천발전본부,1,2022-02-14 03:30,SOx,4.34
한국중부발전(주)신서천발전본부,1,2022-02-14 03:30,NOx,7.72
한국중부발전(주)신서천발전본부,1,2022-02-14 04:00,TSP,0.89
한국중부발전(주)신서천발전본부,1,2022-02-14 04:00,SOx,4.62
한국중부발전(주)신서천발전본부,1,2022-02-14 04:00,NOx,6.9
한국중부발전(주)신서천발전본부,1,2022-02-14 04:30,TSP,0.9
한국중부발전(주)신서천발전본부,1,2022-02-14 04:30,SOx,4.79
한국중부발전(주)신서천발전본부,1,2022-02-14 04:30,NOx,6.71
한국중부발전(주)신서천발전본부,1,2022-02-14 05:00,TSP,0.9
한국중부발전(주)신서천발전본부,1,2022-02-14 05:00,SOx,4.94
한국중부발전(주)신서천발전본부,1,2022-02-14 05:00,NOx,6.5
한국중부발전(주)신서천발전본부,1,2022-02-14 05:30,TSP,0.9
한국중부발전(주)신서천발전본부,1,2022-02-14 05:30,SOx,5.16
한국중부발전(주)신서천발전본부,1,2022-02-14 05:30,NOx,6.46
한국중부발전(주)신서천발전본부,1,2022-02-14 06:00,TSP,0.9
한국중부발전(주)신서천발전본부,1,2022-02-14 06:00,SOx,5.14
한국중부발전(주)신서천발전본부,1,2022-02-14 06:00,NOx,6.61
한국중부발전(주)신서천발전본부,1,2022-02-14 06:30,TSP,0.92
한국중부발전(주)신서천발전본부,1,2022-02-14 06:30,SOx,5.91
한국중부발전(주)신서천발전본부,1,2022-02-14 06:30,NOx,6.42
한국중부발전(주)신서천발전본부,1,2022-02-14 07:00,TSP,0.94
한국중부발전(주)신서천발전본부,1,2022-02-14 07:00,SOx,6.0
한국중부발전(주)신서천발전본부,1,2022-02-14 07:00,NOx,7.57
한국중부발전(주)신서천발전본부,1,2022-02-14 07:30,TSP,0.92
한국중부발전(주)신서천발전본부,1,2022-02-14 07:30,SOx,6.01
한국중부발전(주)신서천발전본부,1,2022-02-14 07:30,NOx,8.05
한국중부발전(주)신서천발전본부,1,2022-02-14 08:00,TSP,0.91
한국중부발전(주)신서천발전본부,1,2022-02-14 08:00,SOx,5.81
한국중부발전(주)신서천발전본부,1,2022-02-14 08:00,NOx,6.95
한국중부발전(주)신서천발전본부,1,2022-02-14 08:30,TSP,0.94
한국중부발전(주)신서천발전본부,1,2022-02-14 08:30,SOx,5.67
한국중부발전(주)신서천발전본부,1,2022-02-14 08:30,NOx,6.56
한국중부발전(주)신서천발전본부,1,2022-02-14 09:00,TSP,0.99
한국중부발전(주)신서천발전본부,1,2022-02-14 09:00,SOx,5.31
한국중부발전(주)신서천발전본부,1,2022-02-14 09:00,NOx,6.65
한국중부발전(주)신서천발전본부,1,2022-02-14 09:30,TSP,1.0
한국중부발전(주)신서천발전본부,1,2022-02-14 09:30,SOx,5.44
한국중부발전(주)신서천발전본부,1,2022-02-14 09:30,NOx,6.36
한국중부발전(주)신서천발전본부,1,2022-02-14 10:00,TSP,0.96
한국중부발전(주)신서천발전본부,1,2022-02-14 10:00,SOx,4.62
한국중부발전(주)신서천발전본부,1,2022-02-14 10:00,NOx,5.96
한국중부발전(주)신서천발전본부,1,2022-02-14 10:30,TSP,0.92
한국중부발전(주)신서천발전본부,1,2022-02-14 10:30,SOx,4.14
한국중부발전(주)신서천발전본부,1,2022-02-14 10:30,NOx,7.55
한국중부발전(주)신서천발전본부,1,2022-02-14 11:00,TSP,0.92
한국중부발전(주)신서천발전본부,1,2022-02-14 11:00,SOx,4.3
한국중부발전(주)신서천발전본부,1,2022-02-14 11:00,NOx,5.28
한국중부발전(주)신서천발전본부,1,2022-02-14 11:30,TSP,1.07
한국중부발전(주)신서천발전본부,1,2022-02-14 11:30,SOx,4.31
한국중부발전(주)신서천발전본부,1,2022-02-14 11:30,NOx,5.89
한국중부발전(주)신서천발전본부,1,2022-02-14 12:00,TSP,1.06
한국중부발전(주)신서천발전본부,1,2022-02-14 12:00,SOx,4.33
한국중부발전(주)신서천발전본부,1,2022-02-14 12:00,NOx,6.04
한국중부발전(주)신서천발전본부,1,2022-02-14 12:30,TSP,1.06
한국중부발전(주)신서천발전본부,1,2022-02-14 12:30,SOx,4.51
한국중부발전(주)신서천발전본부,1,2022-02-14 12:30,NOx,5.8
한국중부발전(주)신서천발전본부,1,2022-02-14 13:00,TSP,1.01
한국중부발전(주)신서천발전본부,1,2022-02-14 13:00,SOx,4.64
한국중부발전(주)신서천발전본부,1,2022-02-14 13:00,NOx,6.67
한국중부발전(주)신서천발전본부,1,2022-02-14 13:30,TSP,1.02
한국중부발전(주)신서천발전본부,1,2022-02-14 13:30,SOx,4.71
한국중부발전(주)신서천발전본부,1,2022-02-14 13:30,NOx,6.17
한국중부발전(주)신서천발전본부,1,2022-02-14 14:00,TSP,1.02
한국중부발전(주)신서천발전본부,1,2022-02-14 14:00,SOx,4.91
한국중부발전(주)신서천발전본부,1,2022-02-14 14:00,NOx,6.38
한국중부발전(주)신서천발전본부,1,2022-02-14 14:30,TSP,1.01
한국중부발전(주)신서천발전본부,1,2022-02-14 14:30,SOx,5.17
한국중부발전(주)신서천발전본부,1,2022-02-14 14:30,NOx,6.46
한국중부발전(주)신서천발전본부,1,2022-02-14 15:00,TSP,1.04
한국중부발전(주)신서천발전본부,1,2022-02-14 15:00,SOx,5.7
한국중부발전(주)신서천발전본부,1,2022-02-14 15:00,NOx,6.36
한국중부발전(주)신서천발전본부,1,2022-02-14 15:30,TSP,1.02
한국중부발전(주)신서천발전본부,1,2022-02-14 15:30,SOx,6.54
한국중부발전(주)신서천발전본부,1,2022-02-14 15:30,NOx,5.18
한국중부발전(주)신서천발전본부,1,2022-02-14 16:00,TSP,0.99
한국중부발전(주)신서천발전본부,1,2022-02-14 16:00,SOx,4.95
한국중부발전(주)신서천발전본부,1,2022-02-14 16:00,NOx,7.85
한국중부발전(주)신서천발전본부,1,2022-02-14 16:30,TSP,1.02
한국중부발전(주)신서천발전본부,1,2022-02-14 16:30,SOx,5.48
한국중부발전(주)신서천발전본부,1,2022-02-14 16:30,NOx,5.75
한국중부발전(주)신서천발전본부,1,2022-02-14 17:00,TSP,1.02
한국중부발전(주)신서천발전본부,1,2022-02-14 17:00,SOx,5.61
한국중부발전(주)신서천발전본부,1,2022-02-14 17:00,NOx,7.08
한국중부발전(주)신서천발전본부,1,2022-02-14 17:30,TSP,1.03
한국중부발전(주)신서천발전본부,1,2022-02-14 17:30,SOx,6.01
한국중부발전(주)신서천발전본부,1,2022-02-14 17:30,NOx,6.21
한국중부발전(주)신서천발전본부,1,2022-02-14 18:00,TSP,1.03
한국중부발전(주)신서천발전본부,1,2022-02-14 18:00,SOx,5.66
한국중부발전(주)신서천발전본부,1,2022-02-14 18:00,NOx,6.31
한국중부발전(주)신서천발전본부,1,2022-02-14 18:30,TSP,1.05
한국중부발전(주)신서천발전본부,1,2022-02-14 18:30,SOx,6.77
한국중부발전(주)신서천발전본부,1,2022-02-14 18:30,NOx,6.23
한국중부발전(주)신서천발전본부,1,2022-02-14 19:00,TSP,0.99
한국중부발전(주)신서천발전본부,1,2022-02-14 19:00,SOx,4.93
한국중부발전(주)신서천발전본부,1,2022-02-14 19:00,NOx,7.69
한국중부발전(주)신서천발전본부,1,2022-02-14 19:30,TSP,0.97
한국중부발전(주)신서천발전본부,1,2022-02-14 19:30,SOx,4.6
한국중부발전(주)신서천발전본부,1,2022-02-14 19:30,NOx,7.5
한국중부발전(주)신서천발전본부,1,2022-02-14 20:00,TSP,0.97
한국중부발전(주)신서천발전본부,1,2022-02-14 20:00,SOx,4.56
한국중부발전(주)신서천발전본부,1,2022-02-14 20:00,NOx,6.51
한국중부발전(주)신서천발전본부,1,2022-02-14 20:30,TSP,0.97
한국중부발전(주)신서천발전본부,1,2022-02-14 20:30,SOx,4.74
한국중부발전(주)신서천발전본부,1,2022-02-14 20:30,NOx,6.27
한국중부발전(주)신서천발전본부,1,2022-02-14 21:00,TSP,0.99
한국중부발전(주)신서천발전본부,1,2022-02-14 21:00,SOx,4.8
한국중부발전(주)신서천발전본부,1,2022-02-14 21:00,NOx,6.56
한국중부발전(주)신서천발전본부,1,2022-02-14 21:30,TSP,1.01
한국중부발전(주)신서천발전본부,1,2022-02-14 21:30,SOx,4.95
한국중부발전(주)신서천발전본부,1,2022-02-14 21:30,NOx,6.63
한국중부발전(주)신서천발전본부,1,2022-02-14 22:00,TSP,0.99
한국중부발전(주)신서천발전본부,1,2022-02-14 22:00,SOx,4.85
한국중부발전(주)신서천발전본부,1,2022-02-14 22:00,NOx,6.97
한국중부발전(주)신서천발전본부,1,2022-02-14 22:30,TSP,0.98
한국중부발전(주)신서천발전본부,1,2022-02-14 22:30,SOx,4.92
한국중부발전(주)신서천발전본부,1,2022-02-14 22:30,NOx,6.85
한국중부발전(주)신서천발전본부,1,2022-02-14 23:00,TSP,0.98
한국중부발전(주)신서천발전본부,1,2022-02-14 23:00,SOx,5.72
한국중부발전(주)신서천발전본부,1,2022-02-14 23:00,NOx,6.34
한국중부발전(주)신서천발전본부,1,2022-02-14 23:30,TSP,1.09
한국중부발전(주)신서천발전본부,1,2022-02-14 23:30,SOx,5.34
한국중부발전(주)신서천발전본부,1,2022-02-14 23:30,NOx,6.42
한국중부발전(주)신서천발전본부,1,2022-02-15 00:00,TSP,1.08
한국중부발전(주)신서천발전본부,1,2022-02-15 00:00,SOx,4.13
한국중부발전(주)신서천발전본부,1,2022-02-15 00:00,NOx,8.02
한국중부발전(주)신서천발전본부,1,2022-02-15 00:30,TSP,1.08
한국중부발전(주)신서천발전본부,1,2022-02-15 00:30,SOx,4.21
한국중부발전(주)신서천발전본부,1,2022-02-15 00:30,NOx,6.1
한국중부발전(주)신서천발전본부,1,2022-02-15 01:00,TSP,1.09
한국중부발전(주)신서천발전본부,1,2022-02-15 01:00,SOx,4.4
한국중부발전(주)신서천발전본부,1,2022-02-15 01:00,NOx,6.15
한국중부발전(주)신서천발전본부,1,2022-02-15 01:30,TSP,1.09
한국중부발전(주)신서천발전본부,1,2022-02-15 01:30,SOx,4.78
한국중부발전(주)신서천발전본부,1,2022-02-15 01:30,NOx,6.03
한국중부발전(주)신서천발전본부,1,2022-02-15 02:00,TSP,1.09
한국중부발전(주)신서천발전본부,1,2022-02-15 02:00,SOx,5.02
한국중부발전(주)신서천발전본부,1,2022-02-15 02:00,NOx,6.18
한국중부발전(주)신서천발전본부,1,2022-02-15 02:30,TSP,1.09
한국중부발전(주)신서천발전본부,1,2022-02-15 02:30,SOx,5.09
한국중부발전(주)신서천발전본부,1,2022-02-15 02:30,NOx,5.98
한국중부발전(주)신서천발전본부,1,2022-02-15 03:00,TSP,1.11
한국중부발전(주)신서천발전본부,1,2022-02-15 03:00,SOx,5.04
한국중부발전(주)신서천발전본부,1,2022-02-15 03:00,NOx,6.15
한국중부발전(주)신서천발전본부,1,2022-02-15 03:30,TSP,1.11
한국중부발전(주)신서천발전본부,1,2022-02-15 03:30,SOx,4.81
한국중부발전(주)신서천발전본부,1,2022-02-15 03:30,NOx,6.16
한국중부발전(주)신서천발전본부,1,2022-02-15 04:00,TSP,1.11
한국중부발전(주)신서천발전본부,1,2022-02-15 04:00,SOx,4.86
한국중부발전(주)신서천발전본부,1,2022-02-15 04:00,NOx,6.49
한국중부발전(주)신서천발전본부,1,2022-02-15 04:30,TSP,1.12
한국중부발전(주)신서천발전본부,1,2022-02-15 04:30,SOx,4.7
한국중부발전(주)신서천발전본부,1,2022-02-15 04:30,NOx,6.63
한국중부발전(주)신서천발전본부,1,2022-02-15 05:00,TSP,1.12
한국중부발전(주)신서천발전본부,1,2022-02-15 05:00,SOx,4.78
한국중부발전(주)신서천발전본부,1,2022-02-15 05:00,NOx,6.25
한국중부발전(주)신서천발전본부,1,2022-02-15 05:30,TSP,1.11
한국중부발전(주)신서천발전본부,1,2022-02-15 05:30,SOx,4.82
한국중부발전(주)신서천발전본부,1,2022-02-15 05:30,NOx,6.48
한국중부발전(주)신서천발전본부,1,2022-02-15 06:00,TSP,1.1
한국중부발전(주)신서천발전본부,1,2022-02-15 06:00,SOx,4.88
한국중부발전(주)신서천발전본부,1,2022-02-15 06:00,NOx,6.25
한국중부발전(주)신서천발전본부,1,2022-02-15 06:30,TSP,1.11
한국중부발전(주)신서천발전본부,1,2022-02-15 06:30,SOx,4.87
한국중부발전(주)신서천발전본부,1,2022-02-15 06:30,NOx,5.89
한국중부발전(주)신서천발전본부,1,2022-02-15 07:00,TSP,1.16
한국중부발전(주)신서천발전본부,1,2022-02-15 07:00,SOx,4.88
한국중부발전(주)신서천발전본부,1,2022-02-15 07:00,NOx,6.34
한국중부발전(주)신서천발전본부,1,2022-02-15 07:30,TSP,1.19
한국중부발전(주)신서천발전본부,1,2022-02-15 07:30,SOx,5.4
한국중부발전(주)신서천발전본부,1,2022-02-15 07:30,NOx,6.1
한국중부발전(주)신서천발전본부,1,2022-02-15 08:00,TSP,1.18
한국중부발전(주)신서천발전본부,1,2022-02-15 08:00,SOx,6.36
한국중부발전(주)신서천발전본부,1,2022-02-15 08:00,NOx,6.39
한국중부발전(주)신서천발전본부,1,2022-02-15 08:30,TSP,1.19
한국중부발전(주)신서천발전본부,1,2022-02-15 08:30,SOx,6.31
한국중부발전(주)신서천발전본부,1,2022-02-15 08:30,NOx,8.51
한국중부발전(주)신서천발전본부,1,2022-02-15 09:00,TSP,1.25
한국중부발전(주)신서천발전본부,1,2022-02-15 09:00,SOx,6.23
한국중부발전(주)신서천발전본부,1,2022-02-15 09:00,NOx,8.19
한국중부발전(주)신서천발전본부,1,2022-02-15 09:30,TSP,1.26
한국중부발전(주)신서천발전본부,1,2022-02-15 09:30,SOx,6.5
한국중부발전(주)신서천발전본부,1,2022-02-15 09:30,NOx,7.48
한국중부발전(주)신서천발전본부,1,2022-02-15 10:00,TSP,1.23
한국중부발전(주)신서천발전본부,1,2022-02-15 10:00,SOx,5.97
한국중부발전(주)신서천발전본부,1,2022-02-15 10:00,NOx,6.8
한국중부발전(주)신서천발전본부,1,2022-02-15 10:30,TSP,1.23
한국중부발전(주)신서천발전본부,1,2022-02-15 10:30,SOx,5.97
한국중부발전(주)신서천발전본부,1,2022-02-15 10:30,NOx,6.8
한국중부발전(주)신서천발전본부,1,2022-02-15 11:00,TSP,1.23
한국중부발전(주)신서천발전본부,1,2022-02-15 11:00,SOx,5.97
한국중부발전(주)신서천발전본부,1,2022-02-15 11:00,NOx,6.8
한국중부발전(주)신서천발전본부,1,2022-02-15 11:30,TSP,1.23
한국중부발전(주)신서천발전본부,1,2022-02-15 11:30,SOx,5.97
한국중부발전(주)신서천발전본부,1,2022-02-15 11:30,NOx,6.8
한국중부발전(주)신서천발전본부,1,2022-02-15 12:00,TSP,1.23
한국중부발전(주)신서천발전본부,1,2022-02-15 12:00,SOx,5.97
한국중부발전(주)신서천발전본부,1,2022-02-15 12:00,NOx,6.8
한국중부발전(주)신서천발전본부,1,2022-02-15 12:30,TSP,1.23
한국중부발전(주)신서천발전본부,1,2022-02-15 12:30,SOx,5.97
한국중부발전(주)신서천발전본부,1,2022-02-15 12:30,NOx,6.8
한국중부발전(주)신서천발전본부,1,2022-02-15 13:00,TSP,1.23
한국중부발전(주)신서천발전본부,1,2022-02-15 13:00,SOx,5.97
한국중부발전(주)신서천발전본부,1,2022-02-15 13:00,NOx,6.8
한국중부발전(주)신서천발전본부,1,2022-02-15 13:30,TSP,1.23
한국중부발전(주)신서천발전본부,1,2022-02-15 13:30,SOx,5.97
한국중부발전(주)신서천발전본부,1,2022-02-15 13:30,NOx,6.8
한국중부발전(주)신서천발전본부,1,2022-02-15 14:00,TSP,1.1
한국중부발전(주)신서천발전본부,1,2022-02-15 14:00,SOx,4.45
한국중부발전(주)신서천발전본부,1,2022-02-15 14:00,NOx,5.71
한국중부발전(주)신서천발전본부,1,2022-02-15 14:30,TSP,1.07
한국중부발전(주)신서천발전본부,1,2022-02-15 14:30,SOx,4.49
한국중부발전(주)신서천발전본부,1,2022-02-15 14:30,NOx,6.17
한국중부발전(주)신서천발전본부,1,2022-02-15 15:00,TSP,1.08
한국중부발전(주)신서천발전본부,1,2022-02-15 15:00,SOx,4.57
한국중부발전(주)신서천발전본부,1,2022-02-15 15:00,NOx,6.23
한국중부발전(주)신서천발전본부,1,2022-02-15 15:30,TSP,1.05
한국중부발전(주)신서천발전본부,1,2022-02-15 15:30,SOx,4.94
한국중부발전(주)신서천발전본부,1,2022-02-15 15:30,NOx,5.91
한국중부발전(주)신서천발전본부,1,2022-02-15 16:00,TSP,1.04
한국중부발전(주)신서천발전본부,1,2022-02-15 16:00,SOx,5.34
한국중부발전(주)신서천발전본부,1,2022-02-15 16:00,NOx,6.07
한국중부발전(주)신서천발전본부,1,2022-02-15 16:30,TSP,1.08
한국중부발전(주)신서천발전본부,1,2022-02-15 16:30,SOx,6.98
한국중부발전(주)신서천발전본부,1,2022-02-15 16:30,NOx,5.78
한국중부발전(주)신서천발전본부,1,2022-02-15 17:00,TSP,1.08
한국중부발전(주)신서천발전본부,1,2022-02-15 17:00,SOx,6.84
한국중부발전(주)신서천발전본부,1,2022-02-15 17:00,NOx,6.01
한국중부발전(주)신서천발전본부,1,2022-02-15 17:30,TSP,1.06
한국중부발전(주)신서천발전본부,1,2022-02-15 17:30,SOx,6.11
한국중부발전(주)신서천발전본부,1,2022-02-15 17:30,NOx,7.25
한국중부발전(주)신서천발전본부,1,2022-02-15 18:00,TSP,1.09
한국중부발전(주)신서천발전본부,1,2022-02-15 18:00,SOx,5.62
한국중부발전(주)신서천발전본부,1,2022-02-15 18:00,NOx,6.58
한국중부발전(주)신서천발전본부,1,2022-02-15 18:30,TSP,1.08
한국중부발전(주)신서천발전본부,1,2022-02-15 18:30,SOx,5.42
한국중부발전(주)신서천발전본부,1,2022-02-15 18:30,NOx,6.95
한국중부발전(주)신서천발전본부,1,2022-02-15 19:00,TSP,1.07
한국중부발전(주)신서천발전본부,1,2022-02-15 19:00,SOx,5.93
한국중부발전(주)신서천발전본부,1,2022-02-15 19:00,NOx,6.79
한국중부발전(주)신서천발전본부,1,2022-02-15 19:30,TSP,1.03
한국중부발전(주)신서천발전본부,1,2022-02-15 19:30,SOx,5.74
한국중부발전(주)신서천발전본부,1,2022-02-15 19:30,NOx,6.96
한국중부발전(주)신서천발전본부,1,2022-02-15 20:00,TSP,0.99
한국중부발전(주)신서천발전본부,1,2022-02-15 20:00,SOx,6.86
한국중부발전(주)신서천발전본부,1,2022-02-15 20:00,NOx,7.41
한국중부발전(주)신서천발전본부,1,2022-02-15 20:30,TSP,1.02
한국중부발전(주)신서천발전본부,1,2022-02-15 20:30,SOx,6.35
한국중부발전(주)신서천발전본부,1,2022-02-15 20:30,NOx,8.25
한국중부발전(주)신서천발전본부,1,2022-02-15 21:00,TSP,1.01
한국중부발전(주)신서천발전본부,1,2022-02-15 21:00,SOx,4.1
한국중부발전(주)신서천발전본부,1,2022-02-15 21:00,NOx,6.82
한국중부발전(주)신서천발전본부,1,2022-02-15 21:30,TSP,1.01
한국중부발전(주)신서천발전본부,1,2022-02-15 21:30,SOx,3.71
한국중부발전(주)신서천발전본부,1,2022-02-15 21:30,NOx,6.41
한국중부발전(주)신서천발전본부,1,2022-02-15 22:00,TSP,1.01
한국중부발전(주)신서천발전본부,1,2022-02-15 22:00,SOx,4.01
한국중부발전(주)신서천발전본부,1,2022-02-15 22:00,NOx,4.88
한국중부발전(주)신서천발전본부,1,2022-02-15 22:30,TSP,1.01
한국중부발전(주)신서천발전본부,1,2022-02-15 22:30,SOx,4.16
한국중부발전(주)신서천발전본부,1,2022-02-15 22:30,NOx,5.51
한국중부발전(주)신서천발전본부,1,2022-02-15 23:00,TSP,1.01
한국중부발전(주)신서천발전본부,1,2022-02-15 23:00,SOx,5.56
한국중부발전(주)신서천발전본부,1,2022-02-15 23:00,NOx,5.33
한국중부발전(주)신서천발전본부,1,2022-02-15 23:30,TSP,0.99
한국중부발전(주)신서천발전본부,1,2022-02-15 23:30,SOx,6.16
한국중부발전(주)신서천발전본부,1,2022-02-15 23:30,NOx,5.87
한국중부발전(주)신서천발전본부,1,2022-02-16 00:00,TSP,0.99
한국중부발전(주)신서천발전본부,1,2022-02-16 00:00,SOx,5.52
한국중부발전(주)신서천발전본부,1,2022-02-16 00:00,NOx,6.67
한국중부발전(주)신서천발전본부,1,2022-02-16 00:30,TSP,0.98
한국중부발전(주)신서천발전본부,1,2022-02-16 00:30,SOx,3.87
한국중부발전(주)신서천발전본부,1,2022-02-16 00:30,NOx,6.73
한국중부발전(주)신서천발전본부,1,2022-02-16 01:00,TSP,0.98
한국중부발전(주)신서천발전본부,1,2022-02-16 01:00,SOx,4.59
한국중부발전(주)신서천발전본부,1,2022-02-16 01:00,NOx,4.5
한국중부발전(주)신서천발전본부,1,2022-02-16 01:30,TSP,0.99
한국중부발전(주)신서천발전본부,1,2022-02-16 01:30,SOx,3.07
한국중부발전(주)신서천발전본부,1,2022-02-16 01:30,NOx,5.31
한국중부발전(주)신서천발전본부,1,2022-02-16 02:00,TSP,0.98
한국중부발전(주)신서천발전본부,1,2022-02-16 02:00,SOx,2.4
한국중부발전(주)신서천발전본부,1,2022-02-16 02:00,NOx,6.81
한국중부발전(주)신서천발전본부,1,2022-02-16 02:30,TSP,1.0
한국중부발전(주)신서천발전본부,1,2022-02-16 02:30,SOx,2.42
한국중부발전(주)신서천발전본부,1,2022-02-16 02:30,NOx,5.37
한국중부발전(주)신서천발전본부,1,2022-02-16 03:00,TSP,0.98
한국중부발전(주)신서천발전본부,1,2022-02-16 03:00,SOx,2.37
한국중부발전(주)신서천발전본부,1,2022-02-16 03:00,NOx,4.99
한국중부발전(주)신서천발전본부,1,2022-02-16 03:30,TSP,0.99
한국중부발전(주)신서천발전본부,1,2022-02-16 03:30,SOx,2.22
한국중부발전(주)신서천발전본부,1,2022-02-16 03:30,NOx,5.08
한국중부발전(주)신서천발전본부,1,2022-02-16 04:00,TSP,0.99
한국중부발전(주)신서천발전본부,1,2022-02-16 04:00,SOx,2.25
한국중부발전(주)신서천발전본부,1,2022-02-16 04:00,NOx,5.25
한국중부발전(주)신서천발전본부,1,2022-02-16 04:30,TSP,0.98
한국중부발전(주)신서천발전본부,1,2022-02-16 04:30,SOx,2.38
한국중부발전(주)신서천발전본부,1,2022-02-16 04:30,NOx,5.59
한국중부발전(주)신서천발전본부,1,2022-02-16 05:00,TSP,0.99
한국중부발전(주)신서천발전본부,1,2022-02-16 05:00,SOx,2.38
한국중부발전(주)신서천발전본부,1,2022-02-16 05:00,NOx,5.75
한국중부발전(주)신서천발전본부,1,2022-02-16 05:30,TSP,0.98
한국중부발전(주)신서천발전본부,1,2022-02-16 05:30,SOx,2.44
한국중부발전(주)신서천발전본부,1,2022-02-16 05:30,NOx,5.75
한국중부발전(주)신서천발전본부,1,2022-02-16 06:00,TSP,0.99
한국중부발전(주)신서천발전본부,1,2022-02-16 06:00,SOx,2.63
한국중부발전(주)신서천발전본부,1,2022-02-16 06:00,NOx,5.74
한국중부발전(주)신서천발전본부,1,2022-02-16 06:30,TSP,0.99
한국중부발전(주)신서천발전본부,1,2022-02-16 06:30,SOx,2.88
한국중부발전(주)신서천발전본부,1,2022-02-16 06:30,NOx,6.11
한국중부발전(주)신서천발전본부,1,2022-02-16 07:00,TSP,0.99
한국중부발전(주)신서천발전본부,1,2022-02-16 07:00,SOx,3.57
한국중부발전(주)신서천발전본부,1,2022-02-16 07:00,NOx,6.49
한국중부발전(주)신서천발전본부,1,2022-02-16 07:30,TSP,1.01
한국중부발전(주)신서천발전본부,1,2022-02-16 07:30,SOx,4.19
한국중부발전(주)신서천발전본부,1,2022-02-16 07:30,NOx,6.73
한국중부발전(주)신서천발전본부,1,2022-02-16 08:00,TSP,0.98
한국중부발전(주)신서천발전본부,1,2022-02-16 08:00,SOx,3.87
한국중부발전(주)신서천발전본부,1,2022-02-16 08:00,NOx,7.91
한국중부발전(주)신서천발전본부,1,2022-02-16 08:30,TSP,0.99
한국중부발전(주)신서천발전본부,1,2022-02-16 08:30,SOx,3.84
한국중부발전(주)신서천발전본부,1,2022-02-16 08:30,NOx,7.57
한국중부발전(주)신서천발전본부,1,2022-02-16 09:00,TSP,1.04
한국중부발전(주)신서천발전본부,1,2022-02-16 09:00,SOx,4.15
한국중부발전(주)신서천발전본부,1,2022-02-16 09:00,NOx,6.58
한국중부발전(주)신서천발전본부,1,2022-02-16 09:30,TSP,1.02
한국중부발전(주)신서천발전본부,1,2022-02-16 09:30,SOx,4.54
한국중부발전(주)신서천발전본부,1,2022-02-16 09:30,NOx,6.71
한국중부발전(주)신서천발전본부,1,2022-02-16 10:00,TSP,1.02
한국중부발전(주)신서천발전본부,1,2022-02-16 10:00,SOx,4.88
한국중부발전(주)신서천발전본부,1,2022-02-16 10:00,NOx,7.68
한국중부발전(주)신서천발전본부,1,2022-02-16 10:30,TSP,1.02
한국중부발전(주)신서천발전본부,1,2022-02-16 10:30,SOx,5.18
한국중부발전(주)신서천발전본부,1,2022-02-16 10:30,NOx,7.74
한국중부발전(주)신서천발전본부,1,2022-02-16 11:00,TSP,1.02
한국중부발전(주)신서천발전본부,1,2022-02-16 11:00,SOx,5.44
한국중부발전(주)신서천발전본부,1,2022-02-16 11:00,NOx,8.1
한국중부발전(주)신서천발전본부,1,2022-02-16 11:30,TSP,0.99
한국중부발전(주)신서천발전본부,1,2022-02-16 11:30,SOx,5.13
한국중부발전(주)신서천발전본부,1,2022-02-16 11:30,NOx,8.68
한국중부발전(주)신서천발전본부,1,2022-02-16 12:00,TSP,0.97
한국중부발전(주)신서천발전본부,1,2022-02-16 12:00,SOx,4.14
한국중부발전(주)신서천발전본부,1,2022-02-16 12:00,NOx,7.31
한국중부발전(주)신서천발전본부,1,2022-02-16 12:30,TSP,0.97
한국중부발전(주)신서천발전본부,1,2022-02-16 12:30,SOx,3.82
한국중부발전(주)신서천발전본부,1,2022-02-16 12:30,NOx,6.6
한국중부발전(주)신서천발전본부,1,2022-02-16 13:00,TSP,0.99
한국중부발전(주)신서천발전본부,1,2022-02-16 13:00,SOx,4.12
한국중부발전(주)신서천발전본부,1,2022-02-16 13:00,NOx,5.32
한국중부발전(주)신서천발전본부,1,2022-02-16 13:30,TSP,1.02
한국중부발전(주)신서천발전본부,1,2022-02-16 13:30,SOx,4.28
한국중부발전(주)신서천발전본부,1,2022-02-16 13:30,NOx,6.03
한국중부발전(주)신서천발전본부,1,2022-02-16 14:00,TSP,1.01
한국중부발전(주)신서천발전본부,1,2022-02-16 14:00,SOx,4.62
한국중부발전(주)신서천발전본부,1,2022-02-16 14:00,NOx,6.16
한국중부발전(주)신서천발전본부,1,2022-02-16 14:30,TSP,0.99
한국중부발전(주)신서천발전본부,1,2022-02-16 14:30,SOx,4.54
한국중부발전(주)신서천발전본부,1,2022-02-16 14:30,NOx,6.25
한국중부발전(주)신서천발전본부,1,2022-02-16 15:00,TSP,0.98
한국중부발전(주)신서천발전본부,1,2022-02-16 15:00,SOx,4.78
한국중부발전(주)신서천발전본부,1,2022-02-16 15:00,NOx,6.45
한국중부발전(주)신서천발전본부,1,2022-02-16 15:30,TSP,0.98
한국중부발전(주)신서천발전본부,1,2022-02-16 15:30,SOx,4.85
한국중부발전(주)신서천발전본부,1,2022-02-16 15:30,NOx,6.27
한국중부발전(주)신서천발전본부,1,2022-02-16 16:00,TSP,1.0
한국중부발전(주)신서천발전본부,1,2022-02-16 16:00,SOx,4.81
한국중부발전(주)신서천발전본부,1,2022-02-16 16:00,NOx,6.27
한국중부발전(주)신서천발전본부,1,2022-02-16 16:30,TSP,1.0
한국중부발전(주)신서천발전본부,1,2022-02-16 16:30,SOx,5.49
한국중부발전(주)신서천발전본부,1,2022-02-16 16:30,NOx,7.07
한국중부발전(주)신서천발전본부,1,2022-02-16 17:00,TSP,1.0
한국중부발전(주)신서천발전본부,1,2022-02-16 17:00,SOx,5.24
한국중부발전(주)신서천발전본부,1,2022-02-16 17:00,NOx,6.37
한국중부발전(주)신서천발전본부,1,2022-02-16 17:30,TSP,0.97
한국중부발전(주)신서천발전본부,1,2022-02-16 17:30,SOx,5.85
한국중부발전(주)신서천발전본부,1,2022-02-16 17:30,NOx,7.03
한국중부발전(주)신서천발전본부,1,2022-02-16 18:00,TSP,0.97
한국중부발전(주)신서천발전본부,1,2022-02-16 18:00,SOx,5.92
한국중부발전(주)신서천발전본부,1,2022-02-16 18:00,NOx,7.36
한국중부발전(주)신서천발전본부,1,2022-02-16 18:30,TSP,0.97
한국중부발전(주)신서천발전본부,1,2022-02-16 18:30,SOx,4.95
한국중부발전(주)신서천발전본부,1,2022-02-16 18:30,NOx,7.46
한국중부발전(주)신서천발전본부,1,2022-02-16 19:00,TSP,0.95
한국중부발전(주)신서천발전본부,1,2022-02-16 19:00,SOx,4.55
한국중부발전(주)신서천발전본부,1,2022-02-16 19:00,NOx,7.67
한국중부발전(주)신서천발전본부,1,2022-02-16 19:30,TSP,0.97
한국중부발전(주)신서천발전본부,1,2022-02-16 19:30,SOx,4.33
한국중부발전(주)신서천발전본부,1,2022-02-16 19:30,NOx,6.81
한국중부발전(주)신서천발전본부,1,2022-02-16 20:00,TSP,0.97
한국중부발전(주)신서천발전본부,1,2022-02-16 20:00,SOx,4.08
한국중부발전(주)신서천발전본부,1,2022-02-16 20:00,NOx,7.93
한국중부발전(주)신서천발전본부,1,2022-02-16 20:30,TSP,0.97
한국중부발전(주)신서천발전본부,1,2022-02-16 20:30,SOx,4.21
한국중부발전(주)신서천발전본부,1,2022-02-16 20:30,NOx,7.34
한국중부발전(주)신서천발전본부,1,2022-02-16 21:00,TSP,0.94
한국중부발전(주)신서천발전본부,1,2022-02-16 21:00,SOx,3.21
한국중부발전(주)신서천발전본부,1,2022-02-16 21:00,NOx,7.59
한국중부발전(주)신서천발전본부,1,2022-02-16 21:30,TSP,0.94
한국중부발전(주)신서천발전본부,1,2022-02-16 21:30,SOx,3.38
한국중부발전(주)신서천발전본부,1,2022-02-16 21:30,NOx,6.18
한국중부발전(주)신서천발전본부,1,2022-02-16 22:00,TSP,0.94
한국중부발전(주)신서천발전본부,1,2022-02-16 22:00,SOx,3.76
한국중부발전(주)신서천발전본부,1,2022-02-16 22:00,NOx,6.65
한국중부발전(주)신서천발전본부,1,2022-02-16 22:30,TSP,0.94
한국중부발전(주)신서천발전본부,1,2022-02-16 22:30,SOx,4.31
한국중부발전(주)신서천발전본부,1,2022-02-16 22:30,NOx,6.71
한국중부발전(주)신서천발전본부,1,2022-02-16 23:00,TSP,0.94
한국중부발전(주)신서천발전본부,1,2022-02-16 23:00,SOx,4.65
한국중부발전(주)신서천발전본부,1,2022-02-16 23:00,NOx,7.71
한국중부발전(주)신서천발전본부,1,2022-02-16 23:30,TSP,0.98
한국중부발전(주)신서천발전본부,1,2022-02-16 23:30,SOx,4.17
한국중부발전(주)신서천발전본부,1,2022-02-16 23:30,NOx,7.86
한국중부발전(주)신서천발전본부,1,2022-02-17 00:00,TSP,0.98
한국중부발전(주)신서천발전본부,1,2022-02-17 00:00,SOx,4.21
한국중부발전(주)신서천발전본부,1,2022-02-17 00:00,NOx,6.82
한국중부발전(주)신서천발전본부,1,2022-02-17 00:30,TSP,0.98
한국중부발전(주)신서천발전본부,1,2022-02-17 00:30,SOx,4.19
한국중부발전(주)신서천발전본부,1,2022-02-17 00:30,NOx,6.47
한국중부발전(주)신서천발전본부,1,2022-02-17 01:00,TSP,0.97
한국중부발전(주)신서천발전본부,1,2022-02-17 01:00,SOx,4.31
한국중부발전(주)신서천발전본부,1,2022-02-17 01:00,NOx,6.8
한국중부발전(주)신서천발전본부,1,2022-02-17 01:30,TSP,0.98
한국중부발전(주)신서천발전본부,1,2022-02-17 01:30,SOx,4.56
한국중부발전(주)신서천발전본부,1,2022-02-17 01:30,NOx,6.75
한국중부발전(주)신서천발전본부,1,2022-02-17 02:00,TSP,0.98
한국중부발전(주)신서천발전본부,1,2022-02-17 02:00,SOx,4.27
한국중부발전(주)신서천발전본부,1,2022-02-17 02:00,NOx,6.66
한국중부발전(주)신서천발전본부,1,2022-02-17 02:30,TSP,0.99
한국중부발전(주)신서천발전본부,1,2022-02-17 02:30,SOx,3.36
한국중부발전(주)신서천발전본부,1,2022-02-17 02:30,NOx,7.9
한국중부발전(주)신서천발전본부,1,2022-02-17 03:00,TSP,0.98
한국중부발전(주)신서천발전본부,1,2022-02-17 03:00,SOx,3.38
한국중부발전(주)신서천발전본부,1,2022-02-17 03:00,NOx,6.63
한국중부발전(주)신서천발전본부,1,2022-02-17 03:30,TSP,0.98
한국중부발전(주)신서천발전본부,1,2022-02-17 03:30,SOx,3.34
한국중부발전(주)신서천발전본부,1,2022-02-17 03:30,NOx,6.55
한국중부발전(주)신서천발전본부,1,2022-02-17 04:00,TSP,0.99
한국중부발전(주)신서천발전본부,1,2022-02-17 04:00,SOx,3.45
한국중부발전(주)신서천발전본부,1,2022-02-17 04:00,NOx,7.36
한국중부발전(주)신서천발전본부,1,2022-02-17 04:30,TSP,0.99
한국중부발전(주)신서천발전본부,1,2022-02-17 04:30,SOx,3.35
한국중부발전(주)신서천발전본부,1,2022-02-17 04:30,NOx,7.21
한국중부발전(주)신서천발전본부,1,2022-02-17 05:00,TSP,0.98
한국중부발전(주)신서천발전본부,1,2022-02-17 05:00,SOx,3.45
한국중부발전(주)신서천발전본부,1,2022-02-17 05:00,NOx,7.31
한국중부발전(주)신서천발전본부,1,2022-02-17 05:30,TSP,0.98
한국중부발전(주)신서천발전본부,1,2022-02-17 05:30,SOx,3.81
한국중부발전(주)신서천발전본부,1,2022-02-17 05:30,NOx,7.06
한국중부발전(주)신서천발전본부,1,2022-02-17 06:00,TSP,0.97
한국중부발전(주)신서천발전본부,1,2022-02-17 06:00,SOx,3.51
한국중부발전(주)신서천발전본부,1,2022-02-17 06:00,NOx,7.54
한국중부발전(주)신서천발전본부,1,2022-02-17 06:30,TSP,0.97
한국중부발전(주)신서천발전본부,1,2022-02-17 06:30,SOx,3.55
한국중부발전(주)신서천발전본부,1,2022-02-17 06:30,NOx,7.3
한국중부발전(주)신서천발전본부,1,2022-02-17 07:00,TSP,0.98
한국중부발전(주)신서천발전본부,1,2022-02-17 07:00,SOx,4.36
한국중부발전(주)신서천발전본부,1,2022-02-17 07:00,NOx,6.51
한국중부발전(주)신서천발전본부,1,2022-02-17 07:30,TSP,0.99
한국중부발전(주)신서천발전본부,1,2022-02-17 07:30,SOx,4.77
한국중부발전(주)신서천발전본부,1,2022-02-17 07:30,NOx,7.71
한국중부발전(주)신서천발전본부,1,2022-02-17 08:00,TSP,1.0
한국중부발전(주)신서천발전본부,1,2022-02-17 08:00,SOx,4.8
한국중부발전(주)신서천발전본부,1,2022-02-17 08:00,NOx,7.25
한국중부발전(주)신서천발전본부,1,2022-02-17 08:30,TSP,1.02
한국중부발전(주)신서천발전본부,1,2022-02-17 08:30,SOx,4.87
한국중부발전(주)신서천발전본부,1,2022-02-17 08:30,NOx,6.51
한국중부발전(주)신서천발전본부,1,2022-02-17 09:00,TSP,1.03
한국중부발전(주)신서천발전본부,1,2022-02-17 09:00,SOx,4.92
한국중부발전(주)신서천발전본부,1,2022-02-17 09:00,NOx,7.11
한국중부발전(주)신서천발전본부,1,2022-02-17 09:30,TSP,1.07
한국중부발전(주)신서천발전본부,1,2022-02-17 09:30,SOx,5.15
한국중부발전(주)신서천발전본부,1,2022-02-17 09:30,NOx,6.41
한국중부발전(주)신서천발전본부,1,2022-02-17 10:00,TSP,1.09
한국중부발전(주)신서천발전본부,1,2022-02-17 10:00,SOx,4.76
한국중부발전(주)신서천발전본부,1,2022-02-17 10:00,NOx,5.93
한국중부발전(주)신서천발전본부,1,2022-02-17 10:30,TSP,1.01
한국중부발전(주)신서천발전본부,1,2022-02-17 10:30,SOx,4.06
한국중부발전(주)신서천발전본부,1,2022-02-17 10:30,NOx,6.98
한국중부발전(주)신서천발전본부,1,2022-02-17 11:00,TSP,1.01
한국중부발전(주)신서천발전본부,1,2022-02-17 11:00,SOx,5.03
한국중부발전(주)신서천발전본부,1,2022-02-17 11:00,NOx,5.19
한국중부발전(주)신서천발전본부,1,2022-02-17 11:30,TSP,1.05
한국중부발전(주)신서천발전본부,1,2022-02-17 11:30,SOx,3.76
한국중부발전(주)신서천발전본부,1,2022-02-17 11:30,NOx,7.15
한국중부발전(주)신서천발전본부,1,2022-02-17 12:00,TSP,1.1
한국중부발전(주)신서천발전본부,1,2022-02-17 12:00,SOx,3.54
한국중부발전(주)신서천발전본부,1,2022-02-17 12:00,NOx,5.69
한국중부발전(주)신서천발전본부,1,2022-02-17 12:30,TSP,1.1
한국중부발전(주)신서천발전본부,1,2022-02-17 12:30,SOx,3.32
한국중부발전(주)신서천발전본부,1,2022-02-17 12:30,NOx,6.17
한국중부발전(주)신서천발전본부,1,2022-02-17 13:00,TSP,1.11
한국중부발전(주)신서천발전본부,1,2022-02-17 13:00,SOx,3.41
한국중부발전(주)신서천발전본부,1,2022-02-17 13:00,NOx,6.08
한국중부발전(주)신서천발전본부,1,2022-02-17 13:30,TSP,1.1
한국중부발전(주)신서천발전본부,1,2022-02-17 13:30,SOx,3.4
한국중부발전(주)신서천발전본부,1,2022-02-17 13:30,NOx,5.96
한국중부발전(주)신서천발전본부,1,2022-02-17 14:00,TSP,1.08
한국중부발전(주)신서천발전본부,1,2022-02-17 14:00,SOx,3.41
한국중부발전(주)신서천발전본부,1,2022-02-17 14:00,NOx,6.96
한국중부발전(주)신서천발전본부,1,2022-02-17 14:30,TSP,1.1
한국중부발전(주)신서천발전본부,1,2022-02-17 14:30,SOx,3.32
한국중부발전(주)신서천발전본부,1,2022-02-17 14:30,NOx,5.91
한국중부발전(주)신서천발전본부,1,2022-02-17 15:00,TSP,1.06
한국중부발전(주)신서천발전본부,1,2022-02-17 15:00,SOx,3.21
한국중부발전(주)신서천발전본부,1,2022-02-17 15:00,NOx,6.85
한국중부발전(주)신서천발전본부,1,2022-02-17 15:30,TSP,1.09
한국중부발전(주)신서천발전본부,1,2022-02-17 15:30,SOx,3.17
한국중부발전(주)신서천발전본부,1,2022-02-17 15:30,NOx,6.2
한국중부발전(주)신서천발전본부,1,2022-02-17 16:00,TSP,1.09
한국중부발전(주)신서천발전본부,1,2022-02-17 16:00,SOx,3.52
한국중부발전(주)신서천발전본부,1,2022-02-17 16:00,NOx,6.0
한국중부발전(주)신서천발전본부,1,2022-02-17 16:30,TSP,1.08
한국중부발전(주)신서천발전본부,1,2022-02-17 16:30,SOx,4.09
한국중부발전(주)신서천발전본부,1,2022-02-17 16:30,NOx,5.9
한국중부발전(주)신서천발전본부,1,2022-02-17 17:00,TSP,1.08
한국중부발전(주)신서천발전본부,1,2022-02-17 17:00,SOx,3.78
한국중부발전(주)신서천발전본부,1,2022-02-17 17:00,NOx,7.49
한국중부발전(주)신서천발전본부,1,2022-02-17 17:30,TSP,1.07
한국중부발전(주)신서천발전본부,1,2022-02-17 17:30,SOx,4.11
한국중부발전(주)신서천발전본부,1,2022-02-17 17:30,NOx,6.44
한국중부발전(주)신서천발전본부,1,2022-02-17 18:00,TSP,1.08
한국중부발전(주)신서천발전본부,1,2022-02-17 18:00,SOx,4.1
한국중부발전(주)신서천발전본부,1,2022-02-17 18:00,NOx,7.25
한국중부발전(주)신서천발전본부,1,2022-02-17 18:30,TSP,1.05
한국중부발전(주)신서천발전본부,1,2022-02-17 18:30,SOx,4.22
한국중부발전(주)신서천발전본부,1,2022-02-17 18:30,NOx,7.19
한국중부발전(주)신서천발전본부,1,2022-02-17 19:00,TSP,1.07
한국중부발전(주)신서천발전본부,1,2022-02-17 19:00,SOx,4.05
한국중부발전(주)신서천발전본부,1,2022-02-17 19:00,NOx,7.21
한국중부발전(주)신서천발전본부,1,2022-02-17 19:30,TSP,1.05
한국중부발전(주)신서천발전본부,1,2022-02-17 19:30,SOx,3.98
한국중부발전(주)신서천발전본부,1,2022-02-17 19:30,NOx,6.93
한국중부발전(주)신서천발전본부,1,2022-02-17 20:00,TSP,1.02
한국중부발전(주)신서천발전본부,1,2022-02-17 20:00,SOx,3.36
한국중부발전(주)신서천발전본부,1,2022-02-17 20:00,NOx,7.11
한국중부발전(주)신서천발전본부,1,2022-02-17 20:30,TSP,1.02
한국중부발전(주)신서천발전본부,1,2022-02-17 20:30,SOx,3.35
한국중부발전(주)신서천발전본부,1,2022-02-17 20:30,NOx,6.06
한국중부발전(주)신서천발전본부,1,2022-02-17 21:00,TSP,1.02
한국중부발전(주)신서천발전본부,1,2022-02-17 21:00,SOx,3.6
한국중부발전(주)신서천발전본부,1,2022-02-17 21:00,NOx,7.09
한국중부발전(주)신서천발전본부,1,2022-02-17 21:30,TSP,1.03
한국중부발전(주)신서천발전본부,1,2022-02-17 21:30,SOx,3.6
한국중부발전(주)신서천발전본부,1,2022-02-17 21:30,NOx,6.64
한국중부발전(주)신서천발전본부,1,2022-02-17 22:00,TSP,1.02
한국중부발전(주)신서천발전본부,1,2022-02-17 22:00,SOx,3.65
한국중부발전(주)신서천발전본부,1,2022-02-17 22:00,NOx,6.81
한국중부발전(주)신서천발전본부,1,2022-02-17 22:30,TSP,1.02
한국중부발전(주)신서천발전본부,1,2022-02-17 22:30,SOx,3.68
한국중부발전(주)신서천발전본부,1,2022-02-17 22:30,NOx,6.89
한국중부발전(주)신서천발전본부,1,2022-02-17 23:00,TSP,1.02
한국중부발전(주)신서천발전본부,1,2022-02-17 23:00,SOx,4.91
한국중부발전(주)신서천발전본부,1,2022-02-17 23:00,NOx,7.13
한국중부발전(주)신서천발전본부,1,2022-02-17 23:30,TSP,0.95
한국중부발전(주)신서천발전본부,1,2022-02-17 23:30,SOx,5.18
한국중부발전(주)신서천발전본부,1,2022-02-17 23:30,NOx,8.55
한국중부발전(주)신서천발전본부,1,2022-02-18 00:00,TSP,0.97
한국중부발전(주)신서천발전본부,1,2022-02-18 00:00,SOx,5.02
한국중부발전(주)신서천발전본부,1,2022-02-18 00:00,NOx,8.58
한국중부발전(주)신서천발전본부,1,2022-02-18 00:30,TSP,0.97
한국중부발전(주)신서천발전본부,1,2022-02-18 00:30,SOx,4.97
한국중부발전(주)신서천발전본부,1,2022-02-18 00:30,NOx,7.68
한국중부발전(주)신서천발전본부,1,2022-02-18 01:00,TSP,0.98
한국중부발전(주)신서천발전본부,1,2022-02-18 01:00,SOx,4.97
한국중부발전(주)신서천발전본부,1,2022-02-18 01:00,NOx,7.55
한국중부발전(주)신서천발전본부,1,2022-02-18 01:30,TSP,0.98
한국중부발전(주)신서천발전본부,1,2022-02-18 01:30,SOx,5.01
한국중부발전(주)신서천발전본부,1,2022-02-18 01:30,NOx,6.98
한국중부발전(주)신서천발전본부,1,2022-02-18 02:00,TSP,0.98
한국중부발전(주)신서천발전본부,1,2022-02-18 02:00,SOx,4.97
한국중부발전(주)신서천발전본부,1,2022-02-18 02:00,NOx,7.41
한국중부발전(주)신서천발전본부,1,2022-02-18 02:30,TSP,1.0
한국중부발전(주)신서천발전본부,1,2022-02-18 02:30,SOx,4.96
한국중부발전(주)신서천발전본부,1,2022-02-18 02:30,NOx,7.18
한국중부발전(주)신서천발전본부,1,2022-02-18 03:00,TSP,1.0
한국중부발전(주)신서천발전본부,1,2022-02-18 03:00,SOx,5.25
한국중부발전(주)신서천발전본부,1,2022-02-18 03:00,NOx,6.98
한국중부발전(주)신서천발전본부,1,2022-02-18 03:30,TSP,0.99
한국중부발전(주)신서천발전본부,1,2022-02-18 03:30,SOx,5.37
한국중부발전(주)신서천발전본부,1,2022-02-18 03:30,NOx,6.87
한국중부발전(주)신서천발전본부,1,2022-02-18 04:00,TSP,1.0
한국중부발전(주)신서천발전본부,1,2022-02-18 04:00,SOx,5.43
한국중부발전(주)신서천발전본부,1,2022-02-18 04:00,NOx,6.64
한국중부발전(주)신서천발전본부,1,2022-02-18 04:30,TSP,0.99
한국중부발전(주)신서천발전본부,1,2022-02-18 04:30,SOx,5.5
한국중부발전(주)신서천발전본부,1,2022-02-18 04:30,NOx,7.16
한국중부발전(주)신서천발전본부,1,2022-02-18 05:00,TSP,1.0
한국중부발전(주)신서천발전본부,1,2022-02-18 05:00,SOx,5.14
한국중부발전(주)신서천발전본부,1,2022-02-18 05:00,NOx,6.97
한국중부발전(주)신서천발전본부,1,2022-02-18 05:30,TSP,0.98
한국중부발전(주)신서천발전본부,1,2022-02-18 05:30,SOx,4.41
한국중부발전(주)신서천발전본부,1,2022-02-18 05:30,NOx,7.24
한국중부발전(주)신서천발전본부,1,2022-02-18 06:00,TSP,0.98
한국중부발전(주)신서천발전본부,1,2022-02-18 06:00,SOx,4.25
한국중부발전(주)신서천발전본부,1,2022-02-18 06:00,NOx,5.51
한국중부발전(주)신서천발전본부,1,2022-02-18 06:30,TSP,1.01
한국중부발전(주)신서천발전본부,1,2022-02-18 06:30,SOx,4.04
한국중부발전(주)신서천발전본부,1,2022-02-18 06:30,NOx,7.0
한국중부발전(주)신서천발전본부,1,2022-02-18 07:00,TSP,1.08
한국중부발전(주)신서천발전본부,1,2022-02-18 07:00,SOx,5.05
한국중부발전(주)신서천발전본부,1,2022-02-18 07:00,NOx,6.65
한국중부발전(주)신서천발전본부,1,2022-02-18 07:30,TSP,1.05
한국중부발전(주)신서천발전본부,1,2022-02-18 07:30,SOx,5.32
한국중부발전(주)신서천발전본부,1,2022-02-18 07:30,NOx,8.23
한국중부발전(주)신서천발전본부,1,2022-02-18 08:00,TSP,1.02
한국중부발전(주)신서천발전본부,1,2022-02-18 08:00,SOx,5.23
한국중부발전(주)신서천발전본부,1,2022-02-18 08:00,NOx,7.47
한국중부발전(주)신서천발전본부,1,2022-02-18 08:30,TSP,1.07
한국중부발전(주)신서천발전본부,1,2022-02-18 08:30,SOx,5.44
한국중부발전(주)신서천발전본부,1,2022-02-18 08:30,NOx,6.92
한국중부발전(주)신서천발전본부,1,2022-02-18 09:00,TSP,1.09
한국중부발전(주)신서천발전본부,1,2022-02-18 09:00,SOx,5.42
한국중부발전(주)신서천발전본부,1,2022-02-18 09:00,NOx,7.11
한국중부발전(주)신서천발전본부,1,2022-02-18 09:30,TSP,1.11
한국중부발전(주)신서천발전본부,1,2022-02-18 09:30,SOx,5.62
한국중부발전(주)신서천발전본부,1,2022-02-18 09:30,NOx,6.07
한국중부발전(주)신서천발전본부,1,2022-02-18 10:00,TSP,1.12
한국중부발전(주)신서천발전본부,1,2022-02-18 10:00,SOx,3.71
한국중부발전(주)신서천발전본부,1,2022-02-18 10:00,NOx,6.4
한국중부발전(주)신서천발전본부,1,2022-02-18 10:30,TSP,1.16
한국중부발전(주)신서천발전본부,1,2022-02-18 10:30,SOx,3.28
한국중부발전(주)신서천발전본부,1,2022-02-18 10:30,NOx,5.38
한국중부발전(주)신서천발전본부,1,2022-02-18 11:00,TSP,1.16
한국중부발전(주)신서천발전본부,1,2022-02-18 11:00,SOx,2.67
한국중부발전(주)신서천발전본부,1,2022-02-18 11:00,NOx,4.42
한국중부발전(주)신서천발전본부,1,2022-02-18 11:30,TSP,1.01
한국중부발전(주)신서천발전본부,1,2022-02-18 11:30,SOx,2.02
한국중부발전(주)신서천발전본부,1,2022-02-18 11:30,NOx,6.32
한국중부발전(주)신서천발전본부,1,2022-02-18 12:00,TSP,1.01
한국중부발전(주)신서천발전본부,1,2022-02-18 12:00,SOx,1.9
한국중부발전(주)신서천발전본부,1,2022-02-18 12:00,NOx,7.16
한국중부발전(주)신서천발전본부,1,2022-02-18 12:30,TSP,1.04
한국중부발전(주)신서천발전본부,1,2022-02-18 12:30,SOx,1.99
한국중부발전(주)신서천발전본부,1,2022-02-18 12:30,NOx,6.15
한국중부발전(주)신서천발전본부,1,2022-02-18 13:00,TSP,1.05
한국중부발전(주)신서천발전본부,1,2022-02-18 13:00,SOx,2.17
한국중부발전(주)신서천발전본부,1,2022-02-18 13:00,NOx,5.89
한국중부발전(주)신서천발전본부,1,2022-02-18 13:30,TSP,1.13
한국중부발전(주)신서천발전본부,1,2022-02-18 13:30,SOx,2.26
한국중부발전(주)신서천발전본부,1,2022-02-18 13:30,NOx,6.05
한국중부발전(주)신서천발전본부,1,2022-02-18 14:00,TSP,1.17
한국중부발전(주)신서천발전본부,1,2022-02-18 14:00,SOx,2.42
한국중부발전(주)신서천발전본부,1,2022-02-18 14:00,NOx,6.1
한국중부발전(주)신서천발전본부,1,2022-02-18 14:30,TSP,1.16
한국중부발전(주)신서천발전본부,1,2022-02-18 14:30,SOx,2.47
한국중부발전(주)신서천발전본부,1,2022-02-18 14:30,NOx,6.28
한국중부발전(주)신서천발전본부,1,2022-02-18 15:00,TSP,1.18
한국중부발전(주)신서천발전본부,1,2022-02-18 15:00,SOx,2.81
한국중부발전(주)신서천발전본부,1,2022-02-18 15:00,NOx,6.29
한국중부발전(주)신서천발전본부,1,2022-02-18 15:30,TSP,1.19
한국중부발전(주)신서천발전본부,1,2022-02-18 15:30,SOx,3.05
한국중부발전(주)신서천발전본부,1,2022-02-18 15:30,NOx,6.21
한국중부발전(주)신서천발전본부,1,2022-02-18 16:00,TSP,1.19
한국중부발전(주)신서천발전본부,1,2022-02-18 16:00,SOx,3.27
한국중부발전(주)신서천발전본부,1,2022-02-18 16:00,NOx,6.07
한국중부발전(주)신서천발전본부,1,2022-02-18 16:30,TSP,1.2
한국중부발전(주)신서천발전본부,1,2022-02-18 16:30,SOx,3.27
한국중부발전(주)신서천발전본부,1,2022-02-18 16:30,NOx,6.02
한국중부발전(주)신서천발전본부,1,2022-02-18 17:00,TSP,1.23
한국중부발전(주)신서천발전본부,1,2022-02-18 17:00,SOx,2.97
한국중부발전(주)신서천발전본부,1,2022-02-18 17:00,NOx,7.12
한국중부발전(주)신서천발전본부,1,2022-02-18 17:30,TSP,1.14
한국중부발전(주)신서천발전본부,1,2022-02-18 17:30,SOx,3.68
한국중부발전(주)신서천발전본부,1,2022-02-18 17:30,NOx,5.43
한국중부발전(주)신서천발전본부,1,2022-02-18 18:00,TSP,1.14
한국중부발전(주)신서천발전본부,1,2022-02-18 18:00,SOx,3.66
한국중부발전(주)신서천발전본부,1,2022-02-18 18:00,NOx,5.72
한국중부발전(주)신서천발전본부,1,2022-02-18 18:30,TSP,1.12
한국중부발전(주)신서천발전본부,1,2022-02-18 18:30,SOx,4.0
한국중부발전(주)신서천발전본부,1,2022-02-18 18:30,NOx,5.33
한국중부발전(주)신서천발전본부,1,2022-02-18 19:00,TSP,1.18
한국중부발전(주)신서천발전본부,1,2022-02-18 19:00,SOx,3.04
한국중부발전(주)신서천발전본부,1,2022-02-18 19:00,NOx,6.23
한국중부발전(주)신서천발전본부,1,2022-02-18 19:30,TSP,1.12
한국중부발전(주)신서천발전본부,1,2022-02-18 19:30,SOx,2.94
한국중부발전(주)신서천발전본부,1,2022-02-18 19:30,NOx,6.66
한국중부발전(주)신서천발전본부,1,2022-02-18 20:00,TSP,1.15
한국중부발전(주)신서천발전본부,1,2022-02-18 20:00,SOx,3.73
한국중부발전(주)신서천발전본부,1,2022-02-18 20:00,NOx,6.32
한국중부발전(주)신서천발전본부,1,2022-02-18 20:30,TSP,1.19
한국중부발전(주)신서천발전본부,1,2022-02-18 20:30,SOx,3.46
한국중부발전(주)신서천발전본부,1,2022-02-18 20:30,NOx,5.58
한국중부발전(주)신서천발전본부,1,2022-02-18 21:00,TSP,1.21
한국중부발전(주)신서천발전본부,1,2022-02-18 21:00,SOx,3.36
한국중부발전(주)신서천발전본부,1,2022-02-18 21:00,NOx,7.12
한국중부발전(주)신서천발전본부,1,2022-02-18 21:30,TSP,1.23
한국중부발전(주)신서천발전본부,1,2022-02-18 21:30,SOx,3.25
한국중부발전(주)신서천발전본부,1,2022-02-18 21:30,NOx,6.2
한국중부발전(주)신서천발전본부,1,2022-02-18 22:00,TSP,1.26
한국중부발전(주)신서천발전본부,1,2022-02-18 22:00,SOx,3.26
한국중부발전(주)신서천발전본부,1,2022-02-18 22:00,NOx,6.0
한국중부발전(주)신서천발전본부,1,2022-02-18 22:30,TSP,1.25
한국중부발전(주)신서천발전본부,1,2022-02-18 22:30,SOx,3.33
한국중부발전(주)신서천발전본부,1,2022-02-18 22:30,NOx,6.24
한국중부발전(주)신서천발전본부,1,2022-02-18 23:00,TSP,1.25
한국중부발전(주)신서천발전본부,1,2022-02-18 23:00,SOx,4.32
한국중부발전(주)신서천발전본부,1,2022-02-18 23:00,NOx,6.27
한국중부발전(주)신서천발전본부,1,2022-02-18 23:30,TSP,1.37
한국중부발전(주)신서천발전본부,1,2022-02-18 23:30,SOx,4.53
한국중부발전(주)신서천발전본부,1,2022-02-18 23:30,NOx,4.6
한국중부발전(주)신서천발전본부,1,2022-02-19 00:00,TSP,1.35
한국중부발전(주)신서천발전본부,1,2022-02-19 00:00,SOx,3.95
한국중부발전(주)신서천발전본부,1,2022-02-19 00:00,NOx,5.25
한국중부발전(주)신서천발전본부,1,2022-02-19 00:30,TSP,1.33
한국중부발전(주)신서천발전본부,1,2022-02-19 00:30,SOx,4.63
한국중부발전(주)신서천발전본부,1,2022-02-19 00:30,NOx,5.65
한국중부발전(주)신서천발전본부,1,2022-02-19 01:00,TSP,1.21
한국중부발전(주)신서천발전본부,1,2022-02-19 01:00,SOx,4.52
한국중부발전(주)신서천발전본부,1,2022-02-19 01:00,NOx,6.14
한국중부발전(주)신서천발전본부,1,2022-02-19 01:30,TSP,1.23
한국중부발전(주)신서천발전본부,1,2022-02-19 01:30,SOx,4.82
한국중부발전(주)신서천발전본부,1,2022-02-19 01:30,NOx,5.31
한국중부발전(주)신서천발전본부,1,2022-02-19 02:00,TSP,1.21
한국중부발전(주)신서천발전본부,1,2022-02-19 02:00,SOx,4.4
한국중부발전(주)신서천발전본부,1,2022-02-19 02:00,NOx,5.66
한국중부발전(주)신서천발전본부,1,2022-02-19 02:30,TSP,1.19
한국중부발전(주)신서천발전본부,1,2022-02-19 02:30,SOx,4.39
한국중부발전(주)신서천발전본부,1,2022-02-19 02:30,NOx,5.59
한국중부발전(주)신서천발전본부,1,2022-02-19 03:00,TSP,1.16
한국중부발전(주)신서천발전본부,1,2022-02-19 03:00,SOx,4.49
한국중부발전(주)신서천발전본부,1,2022-02-19 03:00,NOx,5.36
한국중부발전(주)신서천발전본부,1,2022-02-19 03:30,TSP,1.11
한국중부발전(주)신서천발전본부,1,2022-02-19 03:30,SOx,4.63
한국중부발전(주)신서천발전본부,1,2022-02-19 03:30,NOx,5.7
한국중부발전(주)신서천발전본부,1,2022-02-19 04:00,TSP,1.09
한국중부발전(주)신서천발전본부,1,2022-02-19 04:00,SOx,4.79
한국중부발전(주)신서천발전본부,1,2022-02-19 04:00,NOx,5.32
한국중부발전(주)신서천발전본부,1,2022-02-19 04:30,TSP,1.07
한국중부발전(주)신서천발전본부,1,2022-02-19 04:30,SOx,4.68
한국중부발전(주)신서천발전본부,1,2022-02-19 04:30,NOx,4.94
한국중부발전(주)신서천발전본부,1,2022-02-19 05:00,TSP,1.07
한국중부발전(주)신서천발전본부,1,2022-02-19 05:00,SOx,4.8
한국중부발전(주)신서천발전본부,1,2022-02-19 05:00,NOx,5.23
한국중부발전(주)신서천발전본부,1,2022-02-19 05:30,TSP,1.09
한국중부발전(주)신서천발전본부,1,2022-02-19 05:30,SOx,4.72
한국중부발전(주)신서천발전본부,1,2022-02-19 05:30,NOx,5.27
한국중부발전(주)신서천발전본부,1,2022-02-19 06:00,TSP,1.09
한국중부발전(주)신서천발전본부,1,2022-02-19 06:00,SOx,4.79
한국중부발전(주)신서천발전본부,1,2022-02-19 06:00,NOx,4.8
한국중부발전(주)신서천발전본부,1,2022-02-19 06:30,TSP,1.09
한국중부발전(주)신서천발전본부,1,2022-02-19 06:30,SOx,4.87
한국중부발전(주)신서천발전본부,1,2022-02-19 06:30,NOx,5.13
한국중부발전(주)신서천발전본부,1,2022-02-19 07:00,TSP,1.1
한국중부발전(주)신서천발전본부,1,2022-02-19 07:00,SOx,4.86
한국중부발전(주)신서천발전본부,1,2022-02-19 07:00,NOx,4.96
한국중부발전(주)신서천발전본부,1,2022-02-19 07:30,TSP,1.1
한국중부발전(주)신서천발전본부,1,2022-02-19 07:30,SOx,4.48
한국중부발전(주)신서천발전본부,1,2022-02-19 07:30,NOx,5.28
한국중부발전(주)신서천발전본부,1,2022-02-19 08:00,TSP,1.09
한국중부발전(주)신서천발전본부,1,2022-02-19 08:00,SOx,3.98
한국중부발전(주)신서천발전본부,1,2022-02-19 08:00,NOx,5.17
한국중부발전(주)신서천발전본부,1,2022-02-19 08:30,TSP,1.1
한국중부발전(주)신서천발전본부,1,2022-02-19 08:30,SOx,3.58
한국중부발전(주)신서천발전본부,1,2022-02-19 08:30,NOx,5.15
한국중부발전(주)신서천발전본부,1,2022-02-19 09:00,TSP,1.25
한국중부발전(주)신서천발전본부,1,2022-02-19 09:00,SOx,2.52
한국중부발전(주)신서천발전본부,1,2022-02-19 09:00,NOx,6.06
한국중부발전(주)신서천발전본부,1,2022-02-19 09:30,TSP,1.43
한국중부발전(주)신서천발전본부,1,2022-02-19 09:30,SOx,1.46
한국중부발전(주)신서천발전본부,1,2022-02-19 09:30,NOx,6.81
한국중부발전(주)신서천발전본부,1,2022-02-19 10:00,TSP,1.5
한국중부발전(주)신서천발전본부,1,2022-02-19 10:00,SOx,1.21
한국중부발전(주)신서천발전본부,1,2022-02-19 10:00,NOx,7.05
한국중부발전(주)신서천발전본부,1,2022-02-19 10:30,TSP,2.2
한국중부발전(주)신서천발전본부,1,2022-02-19 10:30,SOx,1.11
한국중부발전(주)신서천발전본부,1,2022-02-19 10:30,NOx,84.98
한국중부발전(주)신서천발전본부,1,2022-02-19 11:00,TSP,2.2
한국중부발전(주)신서천발전본부,1,2022-02-19 11:00,SOx,6.03
한국중부발전(주)신서천발전본부,1,2022-02-19 11:00,NOx,18.16
한국중부발전(주)신서천발전본부,1,2022-02-19 11:30,TSP,0.0
한국중부발전(주)신서천발전본부,1,2022-02-19 11:30,SOx,0.0
한국중부발전(주)신서천발전본부,1,2022-02-19 11:30,NOx,0.0
한국중부발전(주)신서천발전본부,1,2022-02-19 12:00,TSP,0.0
한국중부발전(주)신서천발전본부,1,2022-02-19 12:00,SOx,0.0
한국중부발전(주)신서천발전본부,1,2022-02-19 12:00,NOx,0.0
한국중부발전(주)신서천발전본부,1,2022-02-19 12:30,TSP,0.0
한국중부발전(주)신서천발전본부,1,2022-02-19 12:30,SOx,0.0
한국중부발전(주)신서천발전본부,1,2022-02-19 12:30,NOx,0.0
한국중부발전(주)신서천발전본부,1,2022-02-19 13:00,TSP,0.0
한국중부발전(주)신서천발전본부,1,2022-02-19 13:00,SOx,0.0
한국중부발전(주)신서천발전본부,1,2022-02-19 13:00,NOx,0.0
한국중부발전(주)신서천발전본부,1,2022-02-19 13:30,TSP,0.0
한국중부발전(주)신서천발전본부,1,2022-02-19 13:30,SOx,0.0
한국중부발전(주)신서천발전본부,1,2022-02-19 13:30,NOx,0.0
한국중부발전(주)신서천발전본부,1,2022-02-19 14:00,TSP,0.0
한국중부발전(주)신서천발전본부,1,2022-02-19 14:00,SOx,0.0
한국중부발전(주)신서천발전본부,1,2022-02-19 14:00,NOx,0.0
한국중부발전(주)신서천발전본부,1,2022-02-19 14:30,TSP,0.0
한국중부발전(주)신서천발전본부,1,2022-02-19 14:30,SOx,0.0
한국중부발전(주)신서천발전본부,1,2022-02-19 14:30,NOx,0.0
한국중부발전(주)신서천발전본부,1,2022-02-19 15:00,TSP,0.0
한국중부발전(주)신서천발전본부,1,2022-02-19 15:00,SOx,0.0
한국중부발전(주)신서천발전본부,1,2022-02-19 15:00,NOx,0.0
한국중부발전(주)신서천발전본부,1,2022-02-19 15:30,TSP,0.0
한국중부발전(주)신서천발전본부,1,2022-02-19 15:30,SOx,0.0
한국중부발전(주)신서천발전본부,1,2022-02-19 15:30,NOx,0.0
한국중부발전(주)신서천발전본부,1,2022-02-19 16:00,TSP,0.0
한국중부발전(주)신서천발전본부,1,2022-02-19 16:00,SOx,0.0
한국중부발전(주)신서천발전본부,1,2022-02-19 16:00,NOx,0.0
한국중부발전(주)신서천발전본부,1,2022-02-19 16:30,TSP,0.0
한국중부발전(주)신서천발전본부,1,2022-02-19 16:30,SOx,0.0
한국중부발전(주)신서천발전본부,1,2022-02-19 16:30,NOx,0.0
한국중부발전(주)신서천발전본부,1,2022-02-19 17:00,TSP,0.0
한국중부발전(주)신서천발전본부,1,2022-02-19 17:00,SOx,0.0
한국중부발전(주)신서천발전본부,1,2022-02-19 17:00,NOx,0.0
한국중부발전(주)신서천발전본부,1,2022-02-19 17:30,TSP,0.0
한국중부발전(주)신서천발전본부,1,2022-02-19 17:30,SOx,0.0
한국중부발전(주)신서천발전본부,1,2022-02-19 17:30,NOx,0.0
한국중부발전(주)신서천발전본부,1,2022-02-19 18:00,TSP,0.0
한국중부발전(주)신서천발전본부,1,2022-02-19 18:00,SOx,0.0
한국중부발전(주)신서천발전본부,1,2022-02-19 18:00,NOx,0.0
한국중부발전(주)신서천발전본부,1,2022-02-19 18:30,TSP,0.0
한국중부발전(주)신서천발전본부,1,2022-02-19 18:30,SOx,0.0
한국중부발전(주)신서천발전본부,1,2022-02-19 18:30,NOx,0.0
한국중부발전(주)신서천발전본부,1,2022-02-19 19:00,TSP,0.0
한국중부발전(주)신서천발전본부,1,2022-02-19 19:00,SOx,0.0
한국중부발전(주)신서천발전본부,1,2022-02-19 19:00,NOx,0.0
한국중부발전(주)신서천발전본부,1,2022-02-19 19:30,TSP,0.0
한국중부발전(주)신서천발전본부,1,2022-02-19 19:30,SOx,0.0
한국중부발전(주)신서천발전본부,1,2022-02-19 19:30,NOx,0.0
한국중부발전(주)신서천발전본부,1,2022-02-19 20:00,TSP,0.0
한국중부발전(주)신서천발전본부,1,2022-02-19 20:00,SOx,0.0
한국중부발전(주)신서천발전본부,1,2022-02-19 20:00,NOx,0.0
한국중부발전(주)신서천발전본부,1,2022-02-19 20:30,TSP,0.0
한국중부발전(주)신서천발전본부,1,2022-02-19 20:30,SOx,0.0
한국중부발전(주)신서천발전본부,1,2022-02-19 20:30,NOx,0.0
한국중부발전(주)신서천발전본부,1,2022-02-19 21:00,TSP,0.0
한국중부발전(주)신서천발전본부,1,2022-02-19 21:00,SOx,0.0
한국중부발전(주)신서천발전본부,1,2022-02-19 21:00,NOx,0.0
한국중부발전(주)신서천발전본부,1,2022-02-19 21:30,TSP,0.0
한국중부발전(주)신서천발전본부,1,2022-02-19 21:30,SOx,0.0
한국중부발전(주)신서천발전본부,1,2022-02-19 21:30,NOx,0.0
한국중부발전(주)신서천발전본부,1,2022-02-19 22:00,TSP,0.0
한국중부발전(주)신서천발전본부,1,2022-02-19 22:00,SOx,0.0
한국중부발전(주)신서천발전본부,1,2022-02-19 22:00,NOx,0.0
한국중부발전(주)신서천발전본부,1,2022-02-19 22:30,TSP,0.0
한국중부발전(주)신서천발전본부,1,2022-02-19 22:30,SOx,0.0
한국중부발전(주)신서천발전본부,1,2022-02-19 22:30,NOx,0.0
한국중부발전(주)신서천발전본부,1,2022-02-19 23:00,TSP,0.0
한국중부발전(주)신서천발전본부,1,2022-02-19 23:00,SOx,0.0
한국중부발전(주)신서천발전본부,1,2022-02-19 23:00,NOx,0.0
한국중부발전(주)신서천발전본부,1,2022-02-19 23:30,TSP,0.0
한국중부발전(주)신서천발전본부,1,2022-02-19 23:30,SOx,0.0
한국중부발전(주)신서천발전본부,1,2022-02-19 23:30,NOx,0.0
한국중부발전(주)신서천발전본부,1,2022-02-20 00:00,TSP,0.0
한국중부발전(주)신서천발전본부,1,2022-02-20 00:00,SOx,0.0
한국중부발전(주)신서천발전본부,1,2022-02-20 00:00,NOx,0.0
한국중부발전(주)신서천발전본부,1,2022-02-20 00:30,TSP,0.0
한국중부발전(주)신서천발전본부,1,2022-02-20 00:30,SOx,0.0
한국중부발전(주)신서천발전본부,1,2022-02-20 00:30,NOx,0.0
한국중부발전(주)신서천발전본부,1,2022-02-20 01:00,TSP,0.0
한국중부발전(주)신서천발전본부,1,2022-02-20 01:00,SOx,0.0
한국중부발전(주)신서천발전본부,1,2022-02-20 01:00,NOx,0.0
한국중부발전(주)신서천발전본부,1,2022-02-20 01:30,TSP,0.0
한국중부발전(주)신서천발전본부,1,2022-02-20 01:30,SOx,0.0
한국중부발전(주)신서천발전본부,1,2022-02-20 01:30,NOx,0.0
한국중부발전(주)신서천발전본부,1,2022-02-20 02:00,TSP,0.0
한국중부발전(주)신서천발전본부,1,2022-02-20 02:00,SOx,0.0
한국중부발전(주)신서천발전본부,1,2022-02-20 02:00,NOx,0.0
한국중부발전(주)신서천발전본부,1,2022-02-20 02:30,TSP,0.0
한국중부발전(주)신서천발전본부,1,2022-02-20 02:30,SOx,0.0
한국중부발전(주)신서천발전본부,1,2022-02-20 02:30,NOx,0.0
한국중부발전(주)신서천발전본부,1,2022-02-20 03:00,TSP,0.0
한국중부발전(주)신서천발전본부,1,2022-02-20 03:00,SOx,0.0
한국중부발전(주)신서천발전본부,1,2022-02-20 03:00,NOx,0.0
한국중부발전(주)신서천발전본부,1,2022-02-20 03:30,TSP,0.0
한국중부발전(주)신서천발전본부,1,2022-02-20 03:30,SOx,0.0
한국중부발전(주)신서천발전본부,1,2022-02-20 03:30,NOx,0.0
한국중부발전(주)신서천발전본부,1,2022-02-20 04:00,TSP,0.0
한국중부발전(주)신서천발전본부,1,2022-02-20 04:00,SOx,0.0
한국중부발전(주)신서천발전본부,1,2022-02-20 04:00,NOx,0.0
한국중부발전(주)신서천발전본부,1,2022-02-20 04:30,TSP,0.0
한국중부발전(주)신서천발전본부,1,2022-02-20 04:30,SOx,0.0
한국중부발전(주)신서천발전본부,1,2022-02-20 04:30,NOx,0.0
한국중부발전(주)신서천발전본부,1,2022-02-20 05:00,TSP,0.0
한국중부발전(주)신서천발전본부,1,2022-02-20 05:00,SOx,0.0
한국중부발전(주)신서천발전본부,1,2022-02-20 05:00,NOx,0.0
한국중부발전(주)신서천발전본부,1,2022-02-20 05:30,TSP,0.0
한국중부발전(주)신서천발전본부,1,2022-02-20 05:30,SOx,0.0
한국중부발전(주)신서천발전본부,1,2022-02-20 05:30,NOx,0.0
한국중부발전(주)신서천발전본부,1,2022-02-20 06:00,TSP,0.0
한국중부발전(주)신서천발전본부,1,2022-02-20 06:00,SOx,0.0
한국중부발전(주)신서천발전본부,1,2022-02-20 06:00,NOx,0.0
한국중부발전(주)신서천발전본부,1,2022-02-20 06:30,TSP,0.0
한국중부발전(주)신서천발전본부,1,2022-02-20 06:30,SOx,0.0
한국중부발전(주)신서천발전본부,1,2022-02-20 06:30,NOx,0.0
한국중부발전(주)신서천발전본부,1,2022-02-20 07:00,TSP,0.0
한국중부발전(주)신서천발전본부,1,2022-02-20 07:00,SOx,0.0
한국중부발전(주)신서천발전본부,1,2022-02-20 07:00,NOx,0.0
한국중부발전(주)신서천발전본부,1,2022-02-20 07:30,TSP,0.0
한국중부발전(주)신서천발전본부,1,2022-02-20 07:30,SOx,0.0
한국중부발전(주)신서천발전본부,1,2022-02-20 07:30,NOx,0.0
한국중부발전(주)신서천발전본부,1,2022-02-20 08:00,TSP,0.0
한국중부발전(주)신서천발전본부,1,2022-02-20 08:00,SOx,0.0
한국중부발전(주)신서천발전본부,1,2022-02-20 08:00,NOx,0.0
한국중부발전(주)신서천발전본부,1,2022-02-20 08:30,TSP,0.0
한국중부발전(주)신서천발전본부,1,2022-02-20 08:30,SOx,0.0
한국중부발전(주)신서천발전본부,1,2022-02-20 08:30,NOx,0.0
한국중부발전(주)신서천발전본부,1,2022-02-20 09:00,TSP,0.0
한국중부발전(주)신서천발전본부,1,2022-02-20 09:00,SOx,0.0
한국중부발전(주)신서천발전본부,1,2022-02-20 09:00,NOx,0.0
한국중부발전(주)신서천발전본부,1,2022-02-20 09:30,TSP,0.0
한국중부발전(주)신서천발전본부,1,2022-02-20 09:30,SOx,0.0
한국중부발전(주)신서천발전본부,1,2022-02-20 09:30,NOx,0.0
한국중부발전(주)신서천발전본부,1,2022-02-20 10:00,TSP,0.0
한국중부발전(주)신서천발전본부,1,2022-02-20 10:00,SOx,0.0
한국중부발전(주)신서천발전본부,1,2022-02-20 10:00,NOx,0.0
한국중부발전(주)신서천발전본부,1,2022-02-20 10:30,TSP,0.0
한국중부발전(주)신서천발전본부,1,2022-02-20 10:30,SOx,0.0
한국중부발전(주)신서천발전본부,1,2022-02-20 10:30,NOx,0.0
한국중부발전(주)신서천발전본부,1,2022-02-20 11:00,TSP,0.0
한국중부발전(주)신서천발전본부,1,2022-02-20 11:00,SOx,0.0
한국중부발전(주)신서천발전본부,1,2022-02-20 11:00,NOx,0.0
한국중부발전(주)신서천발전본부,1,2022-02-20 11:30,TSP,0.0
한국중부발전(주)신서천발전본부,1,2022-02-20 11:30,SOx,0.0
한국중부발전(주)신서천발전본부,1,2022-02-20 11:30,NOx,0.0
한국중부발전(주)신서천발전본부,1,2022-02-20 12:00,TSP,0.0
한국중부발전(주)신서천발전본부,1,2022-02-20 12:00,SOx,0.0
한국중부발전(주)신서천발전본부,1,2022-02-20 12:00,NOx,0.0
한국중부발전(주)신서천발전본부,1,2022-02-20 12:30,TSP,654.81
한국중부발전(주)신서천발전본부,1,2022-02-20 12:30,SOx,22.14
한국중부발전(주)신서천발전본부,1,2022-02-20 12:30,NOx,43.21
한국중부발전(주)신서천발전본부,1,2022-02-20 13:00,TSP,0.0
한국중부발전(주)신서천발전본부,1,2022-02-20 13:00,SOx,1.64
한국중부발전(주)신서천발전본부,1,2022-02-20 13:00,NOx,50.21
한국중부발전(주)신서천발전본부,1,2022-02-20 13:30,TSP,0.0
한국중부발전(주)신서천발전본부,1,2022-02-20 13:30,SOx,1.51
한국중부발전(주)신서천발전본부,1,2022-02-20 13:30,NOx,48.61
한국중부발전(주)신서천발전본부,1,2022-02-20 14:00,TSP,0.0
한국중부발전(주)신서천발전본부,1,2022-02-20 14:00,SOx,1.46
한국중부발전(주)신서천발전본부,1,2022-02-20 14:00,NOx,55.99
한국중부발전(주)신서천발전본부,1,2022-02-20 14:30,TSP,0.0
한국중부발전(주)신서천발전본부,1,2022-02-20 14:30,SOx,1.65
한국중부발전(주)신서천발전본부,1,2022-02-20 14:30,NOx,51.5
한국중부발전(주)신서천발전본부,1,2022-02-20 15:00,TSP,0.0
한국중부발전(주)신서천발전본부,1,2022-02-20 15:00,SOx,25.55
한국중부발전(주)신서천발전본부,1,2022-02-20 15:00,NOx,86.97
한국중부발전(주)신서천발전본부,1,2022-02-20 15:30,TSP,0.34
한국중부발전(주)신서천발전본부,1,2022-02-20 15:30,SOx,136.23
한국중부발전(주)신서천발전본부,1,2022-02-20 15:30,NOx,140.76
한국중부발전(주)신서천발전본부,1,2022-02-20 16:00,TSP,0.0
한국중부발전(주)신서천발전본부,1,2022-02-20 16:00,SOx,2.23
한국중부발전(주)신서천발전본부,1,2022-02-20 16:00,NOx,94.49
한국중부발전(주)신서천발전본부,1,2022-02-20 16:30,TSP,0.0
한국중부발전(주)신서천발전본부,1,2022-02-20 16:30,SOx,1.53
한국중부발전(주)신서천발전본부,1,2022-02-20 16:30,NOx,37.19
한국중부발전(주)신서천발전본부,1,2022-02-20 17:00,TSP,0.0
한국중부발전(주)신서천발전본부,1,2022-02-20 17:00,SOx,2.73
한국중부발전(주)신서천발전본부,1,2022-02-20 17:00,NOx,2.58
한국중부발전(주)신서천발전본부,1,2022-02-20 17:30,TSP,0.0
한국중부발전(주)신서천발전본부,1,2022-02-20 17:30,SOx,5.1
한국중부발전(주)신서천발전본부,1,2022-02-20 17:30,NOx,9.86
한국중부발전(주)신서천발전본부,1,2022-02-20 18:00,TSP,0.0
한국중부발전(주)신서천발전본부,1,2022-02-20 18:00,SOx,6.41
한국중부발전(주)신서천발전본부,1,2022-02-20 18:00,NOx,7.96
한국중부발전(주)신서천발전본부,1,2022-02-20 18:30,TSP,0.0
한국중부발전(주)신서천발전본부,1,2022-02-20 18:30,SOx,6.13
한국중부발전(주)신서천발전본부,1,2022-02-20 18:30,NOx,6.89
한국중부발전(주)신서천발전본부,1,2022-02-20 19:00,TSP,0.0
한국중부발전(주)신서천발전본부,1,2022-02-20 19:00,SOx,5.41
한국중부발전(주)신서천발전본부,1,2022-02-20 19:00,NOx,5.67
한국중부발전(주)신서천발전본부,1,2022-02-20 19:30,TSP,0.0
한국중부발전(주)신서천발전본부,1,2022-02-20 19:30,SOx,5.25
한국중부발전(주)신서천발전본부,1,2022-02-20 19:30,NOx,5.78
한국중부발전(주)신서천발전본부,1,2022-02-20 20:00,TSP,0.0
한국중부발전(주)신서천발전본부,1,2022-02-20 20:00,SOx,5.23
한국중부발전(주)신서천발전본부,1,2022-02-20 20:00,NOx,6.04
한국중부발전(주)신서천발전본부,1,2022-02-20 20:30,TSP,0.0
한국중부발전(주)신서천발전본부,1,2022-02-20 20:30,SOx,5.63
한국중부발전(주)신서천발전본부,1,2022-02-20 20:30,NOx,6.37
한국중부발전(주)신서천발전본부,1,2022-02-20 21:00,TSP,0.0
한국중부발전(주)신서천발전본부,1,2022-02-20 21:00,SOx,5.87
한국중부발전(주)신서천발전본부,1,2022-02-20 21:00,NOx,6.9
한국중부발전(주)신서천발전본부,1,2022-02-20 21:30,TSP,0.0
한국중부발전(주)신서천발전본부,1,2022-02-20 21:30,SOx,6.23
한국중부발전(주)신서천발전본부,1,2022-02-20 21:30,NOx,7.22
한국중부발전(주)신서천발전본부,1,2022-02-20 22:00,TSP,0.0
한국중부발전(주)신서천발전본부,1,2022-02-20 22:00,SOx,5.51
한국중부발전(주)신서천발전본부,1,2022-02-20 22:00,NOx,6.79
한국중부발전(주)신서천발전본부,1,2022-02-20 22:30,TSP,0.0
한국중부발전(주)신서천발전본부,1,2022-02-20 22:30,SOx,5.32
한국중부발전(주)신서천발전본부,1,2022-02-20 22:30,NOx,7.72
한국중부발전(주)신서천발전본부,1,2022-02-20 23:00,TSP,0.0
한국중부발전(주)신서천발전본부,1,2022-02-20 23:00,SOx,6.06
한국중부발전(주)신서천발전본부,1,2022-02-20 23:00,NOx,7.54
한국중부발전(주)신서천발전본부,1,2022-02-20 23:30,TSP,0.87
한국중부발전(주)신서천발전본부,1,2022-02-20 23:30,SOx,5.37
한국중부발전(주)신서천발전본부,1,2022-02-20 23:30,NOx,7.63
한국중부발전(주)신서천발전본부,1,2022-02-21 00:00,TSP,0.85
한국중부발전(주)신서천발전본부,1,2022-02-21 00:00,SOx,4.67
한국중부발전(주)신서천발전본부,1,2022-02-21 00:00,NOx,8.19
한국중부발전(주)신서천발전본부,1,2022-02-21 00:30,TSP,0.84
한국중부발전(주)신서천발전본부,1,2022-02-21 00:30,SOx,4.89
한국중부발전(주)신서천발전본부,1,2022-02-21 00:30,NOx,7.48
한국중부발전(주)신서천발전본부,1,2022-02-21 01:00,TSP,0.84
한국중부발전(주)신서천발전본부,1,2022-02-21 01:00,SOx,5.31
한국중부발전(주)신서천발전본부,1,2022-02-21 01:00,NOx,7.23
한국중부발전(주)신서천발전본부,1,2022-02-21 01:30,TSP,0.84
한국중부발전(주)신서천발전본부,1,2022-02-21 01:30,SOx,5.45
한국중부발전(주)신서천발전본부,1,2022-02-21 01:30,NOx,7.26
한국중부발전(주)신서천발전본부,1,2022-02-21 02:00,TSP,0.84
한국중부발전(주)신서천발전본부,1,2022-02-21 02:00,SOx,5.19
한국중부발전(주)신서천발전본부,1,2022-02-21 02:00,NOx,7.31
한국중부발전(주)신서천발전본부,1,2022-02-21 02:30,TSP,0.84
한국중부발전(주)신서천발전본부,1,2022-02-21 02:30,SOx,4.99
한국중부발전(주)신서천발전본부,1,2022-02-21 02:30,NOx,6.85
한국중부발전(주)신서천발전본부,1,2022-02-21 03:00,TSP,0.85
한국중부발전(주)신서천발전본부,1,2022-02-21 03:00,SOx,5.45
한국중부발전(주)신서천발전본부,1,2022-02-21 03:00,NOx,6.41
한국중부발전(주)신서천발전본부,1,2022-02-21 03:30,TSP,0.84
한국중부발전(주)신서천발전본부,1,2022-02-21 03:30,SOx,4.81
한국중부발전(주)신서천발전본부,1,2022-02-21 03:30,NOx,7.83
한국중부발전(주)신서천발전본부,1,2022-02-21 04:00,TSP,0.83
한국중부발전(주)신서천발전본부,1,2022-02-21 04:00,SOx,4.92
한국중부발전(주)신서천발전본부,1,2022-02-21 04:00,NOx,6.95
한국중부발전(주)신서천발전본부,1,2022-02-21 04:30,TSP,0.84
한국중부발전(주)신서천발전본부,1,2022-02-21 04:30,SOx,5.13
한국중부발전(주)신서천발전본부,1,2022-02-21 04:30,NOx,6.78
한국중부발전(주)신서천발전본부,1,2022-02-21 05:00,TSP,0.84
한국중부발전(주)신서천발전본부,1,2022-02-21 05:00,SOx,5.13
한국중부발전(주)신서천발전본부,1,2022-02-21 05:00,NOx,6.24
한국중부발전(주)신서천발전본부,1,2022-02-21 05:30,TSP,0.86
한국중부발전(주)신서천발전본부,1,2022-02-21 05:30,SOx,5.75
한국중부발전(주)신서천발전본부,1,2022-02-21 05:30,NOx,6.41
한국중부발전(주)신서천발전본부,1,2022-02-21 06:00,TSP,0.87
한국중부발전(주)신서천발전본부,1,2022-02-21 06:00,SOx,5.95
한국중부발전(주)신서천발전본부,1,2022-02-21 06:00,NOx,7.3
한국중부발전(주)신서천발전본부,1,2022-02-21 06:30,TSP,0.89
한국중부발전(주)신서천발전본부,1,2022-02-21 06:30,SOx,5.52
한국중부발전(주)신서천발전본부,1,2022-02-21 06:30,NOx,8.65
한국중부발전(주)신서천발전본부,1,2022-02-21 07:00,TSP,0.88
한국중부발전(주)신서천발전본부,1,2022-02-21 07:00,SOx,5.31
한국중부발전(주)신서천발전본부,1,2022-02-21 07:00,NOx,8.29
한국중부발전(주)신서천발전본부,1,2022-02-21 07:30,TSP,0.91
한국중부발전(주)신서천발전본부,1,2022-02-21 07:30,SOx,5.22
한국중부발전(주)신서천발전본부,1,2022-02-21 07:30,NOx,8.56
한국중부발전(주)신서천발전본부,1,2022-02-21 08:00,TSP,0.94
한국중부발전(주)신서천발전본부,1,2022-02-21 08:00,SOx,5.5
한국중부발전(주)신서천발전본부,1,2022-02-21 08:00,NOx,8.42
한국중부발전(주)신서천발전본부,1,2022-02-21 08:30,TSP,0.95
한국중부발전(주)신서천발전본부,1,2022-02-21 08:30,SOx,5.49
한국중부발전(주)신서천발전본부,1,2022-02-21 08:30,NOx,8.86
한국중부발전(주)신서천발전본부,1,2022-02-21 09:00,TSP,1.05
한국중부발전(주)신서천발전본부,1,2022-02-21 09:00,SOx,5.64
한국중부발전(주)신서천발전본부,1,2022-02-21 09:00,NOx,7.66
한국중부발전(주)신서천발전본부,1,2022-02-21 09:30,TSP,1.01
한국중부발전(주)신서천발전본부,1,2022-02-21 09:30,SOx,5.79
한국중부발전(주)신서천발전본부,1,2022-02-21 09:30,NOx,7.11
한국중부발전(주)신서천발전본부,1,2022-02-21 10:00,TSP,0.98
한국중부발전(주)신서천발전본부,1,2022-02-21 10:00,SOx,5.54
한국중부발전(주)신서천발전본부,1,2022-02-21 10:00,NOx,7.85
한국중부발전(주)신서천발전본부,1,2022-02-21 10:30,TSP,0.92
한국중부발전(주)신서천발전본부,1,2022-02-21 10:30,SOx,4.95
한국중부발전(주)신서천발전본부,1,2022-02-21 10:30,NOx,8.19
한국중부발전(주)신서천발전본부,1,2022-02-21 11:00,TSP,0.92
한국중부발전(주)신서천발전본부,1,2022-02-21 11:00,SOx,4.57
한국중부발전(주)신서천발전본부,1,2022-02-21 11:00,NOx,8.76
한국중부발전(주)신서천발전본부,1,2022-02-21 11:30,TSP,1.11
한국중부발전(주)신서천발전본부,1,2022-02-21 11:30,SOx,3.37
한국중부발전(주)신서천발전본부,1,2022-02-21 11:30,NOx,7.24
한국중부발전(주)신서천발전본부,1,2022-02-21 12:00,TSP,1.12
한국중부발전(주)신서천발전본부,1,2022-02-21 12:00,SOx,1.53
한국중부발전(주)신서천발전본부,1,2022-02-21 12:00,NOx,7.09
한국중부발전(주)신서천발전본부,1,2022-02-21 12:30,TSP,1.16
한국중부발전(주)신서천발전본부,1,2022-02-21 12:30,SOx,1.74
한국중부발전(주)신서천발전본부,1,2022-02-21 12:30,NOx,6.22
한국중부발전(주)신서천발전본부,1,2022-02-21 13:00,TSP,1.14
한국중부발전(주)신서천발전본부,1,2022-02-21 13:00,SOx,2.25
한국중부발전(주)신서천발전본부,1,2022-02-21 13:00,NOx,7.89
한국중부발전(주)신서천발전본부,1,2022-02-21 13:30,TSP,1.17
한국중부발전(주)신서천발전본부,1,2022-02-21 13:30,SOx,2.52
한국중부발전(주)신서천발전본부,1,2022-02-21 13:30,NOx,6.8
한국중부발전(주)신서천발전본부,1,2022-02-21 14:00,TSP,1.17
한국중부발전(주)신서천발전본부,1,2022-02-21 14:00,SOx,2.97
한국중부발전(주)신서천발전본부,1,2022-02-21 14:00,NOx,7.21
한국중부발전(주)신서천발전본부,1,2022-02-21 14:30,TSP,1.15
한국중부발전(주)신서천발전본부,1,2022-02-21 14:30,SOx,3.06
한국중부발전(주)신서천발전본부,1,2022-02-21 14:30,NOx,7.29
한국중부발전(주)신서천발전본부,1,2022-02-21 15:00,TSP,1.19
한국중부발전(주)신서천발전본부,1,2022-02-21 15:00,SOx,2.83
한국중부발전(주)신서천발전본부,1,2022-02-21 15:00,NOx,7.0
한국중부발전(주)신서천발전본부,1,2022-02-21 15:30,TSP,1.15
한국중부발전(주)신서천발전본부,1,2022-02-21 15:30,SOx,2.89
한국중부발전(주)신서천발전본부,1,2022-02-21 15:30,NOx,7.53
한국중부발전(주)신서천발전본부,1,2022-02-21 16:00,TSP,1.15
한국중부발전(주)신서천발전본부,1,2022-02-21 16:00,SOx,3.11
한국중부발전(주)신서천발전본부,1,2022-02-21 16:00,NOx,7.84
한국중부발전(주)신서천발전본부,1,2022-02-21 16:30,TSP,1.14
한국중부발전(주)신서천발전본부,1,2022-02-21 16:30,SOx,3.19
한국중부발전(주)신서천발전본부,1,2022-02-21 16:30,NOx,7.59
한국중부발전(주)신서천발전본부,1,2022-02-21 17:00,TSP,1.13
한국중부발전(주)신서천발전본부,1,2022-02-21 17:00,SOx,3.79
한국중부발전(주)신서천발전본부,1,2022-02-21 17:00,NOx,7.42
한국중부발전(주)신서천발전본부,1,2022-02-21 17:30,TSP,1.12
한국중부발전(주)신서천발전본부,1,2022-02-21 17:30,SOx,4.04
한국중부발전(주)신서천발전본부,1,2022-02-21 17:30,NOx,7.57
한국중부발전(주)신서천발전본부,1,2022-02-21 18:00,TSP,1.13
한국중부발전(주)신서천발전본부,1,2022-02-21 18:00,SOx,3.39
한국중부발전(주)신서천발전본부,1,2022-02-21 18:00,NOx,7.56
한국중부발전(주)신서천발전본부,1,2022-02-21 18:30,TSP,1.1
한국중부발전(주)신서천발전본부,1,2022-02-21 18:30,SOx,3.61
한국중부발전(주)신서천발전본부,1,2022-02-21 18:30,NOx,7.96
한국중부발전(주)신서천발전본부,1,2022-02-21 19:00,TSP,1.11
한국중부발전(주)신서천발전본부,1,2022-02-21 19:00,SOx,3.94
한국중부발전(주)신서천발전본부,1,2022-02-21 19:00,NOx,7.21
한국중부발전(주)신서천발전본부,1,2022-02-21 19:30,TSP,1.07
한국중부발전(주)신서천발전본부,1,2022-02-21 19:30,SOx,3.84
한국중부발전(주)신서천발전본부,1,2022-02-21 19:30,NOx,7.03
한국중부발전(주)신서천발전본부,1,2022-02-21 20:00,TSP,1.04
한국중부발전(주)신서천발전본부,1,2022-02-21 20:00,SOx,3.87
한국중부발전(주)신서천발전본부,1,2022-02-21 20:00,NOx,7.37
한국중부발전(주)신서천발전본부,1,2022-02-21 20:30,TSP,1.03
한국중부발전(주)신서천발전본부,1,2022-02-21 20:30,SOx,4.13
한국중부발전(주)신서천발전본부,1,2022-02-21 20:30,NOx,7.52
한국중부발전(주)신서천발전본부,1,2022-02-21 21:00,TSP,1.04
한국중부발전(주)신서천발전본부,1,2022-02-21 21:00,SOx,3.85
한국중부발전(주)신서천발전본부,1,2022-02-21 21:00,NOx,7.4
한국중부발전(주)신서천발전본부,1,2022-02-21 21:30,TSP,1.03
한국중부발전(주)신서천발전본부,1,2022-02-21 21:30,SOx,3.66
한국중부발전(주)신서천발전본부,1,2022-02-21 21:30,NOx,7.64
한국중부발전(주)신서천발전본부,1,2022-02-21 22:00,TSP,1.03
한국중부발전(주)신서천발전본부,1,2022-02-21 22:00,SOx,3.57
한국중부발전(주)신서천발전본부,1,2022-02-21 22:00,NOx,8.16
한국중부발전(주)신서천발전본부,1,2022-02-21 22:30,TSP,1.03
한국중부발전(주)신서천발전본부,1,2022-02-21 22:30,SOx,3.79
한국중부발전(주)신서천발전본부,1,2022-02-21 22:30,NOx,8.11
한국중부발전(주)신서천발전본부,1,2022-02-21 23:00,TSP,1.03
한국중부발전(주)신서천발전본부,1,2022-02-21 23:00,SOx,3.93
한국중부발전(주)신서천발전본부,1,2022-02-21 23:00,NOx,8.16
한국중부발전(주)신서천발전본부,1,2022-02-21 23:30,TSP,1.02
한국중부발전(주)신서천발전본부,1,2022-02-21 23:30,SOx,3.79
한국중부발전(주)신서천발전본부,1,2022-02-21 23:30,NOx,8.71
한국중부발전(주)신서천발전본부,1,2022-02-22 00:00,TSP,1.03
한국중부발전(주)신서천발전본부,1,2022-02-22 00:00,SOx,3.77
한국중부발전(주)신서천발전본부,1,2022-02-22 00:00,NOx,8.86
한국중부발전(주)신서천발전본부,1,2022-02-22 00:30,TSP,1.04
한국중부발전(주)신서천발전본부,1,2022-02-22 00:30,SOx,4.25
한국중부발전(주)신서천발전본부,1,2022-02-22 00:30,NOx,8.21
한국중부발전(주)신서천발전본부,1,2022-02-22 01:00,TSP,1.05
한국중부발전(주)신서천발전본부,1,2022-02-22 01:00,SOx,4.42
한국중부발전(주)신서천발전본부,1,2022-02-22 01:00,NOx,8.31
한국중부발전(주)신서천발전본부,1,2022-02-22 01:30,TSP,1.06
한국중부발전(주)신서천발전본부,1,2022-02-22 01:30,SOx,4.31
한국중부발전(주)신서천발전본부,1,2022-02-22 01:30,NOx,8.06
한국중부발전(주)신서천발전본부,1,2022-02-22 02:00,TSP,1.06
한국중부발전(주)신서천발전본부,1,2022-02-22 02:00,SOx,4.47
한국중부발전(주)신서천발전본부,1,2022-02-22 02:00,NOx,7.8
한국중부발전(주)신서천발전본부,1,2022-02-22 02:30,TSP,1.07
한국중부발전(주)신서천발전본부,1,2022-02-22 02:30,SOx,4.38
한국중부발전(주)신서천발전본부,1,2022-02-22 02:30,NOx,6.98
한국중부발전(주)신서천발전본부,1,2022-02-22 03:00,TSP,1.06
한국중부발전(주)신서천발전본부,1,2022-02-22 03:00,SOx,4.49
한국중부발전(주)신서천발전본부,1,2022-02-22 03:00,NOx,6.97
한국중부발전(주)신서천발전본부,1,2022-02-22 03:30,TSP,1.09
한국중부발전(주)신서천발전본부,1,2022-02-22 03:30,SOx,4.27
한국중부발전(주)신서천발전본부,1,2022-02-22 03:30,NOx,6.93
한국중부발전(주)신서천발전본부,1,2022-02-22 04:00,TSP,1.1
한국중부발전(주)신서천발전본부,1,2022-02-22 04:00,SOx,4.28
한국중부발전(주)신서천발전본부,1,2022-02-22 04:00,NOx,7.57
한국중부발전(주)신서천발전본부,1,2022-02-22 04:30,TSP,1.13
한국중부발전(주)신서천발전본부,1,2022-02-22 04:30,SOx,4.35
한국중부발전(주)신서천발전본부,1,2022-02-22 04:30,NOx,7.77
한국중부발전(주)신서천발전본부,1,2022-02-22 05:00,TSP,1.13
한국중부발전(주)신서천발전본부,1,2022-02-22 05:00,SOx,4.4
한국중부발전(주)신서천발전본부,1,2022-02-22 05:00,NOx,7.92
한국중부발전(주)신서천발전본부,1,2022-02-22 05:30,TSP,1.14
한국중부발전(주)신서천발전본부,1,2022-02-22 05:30,SOx,4.28
한국중부발전(주)신서천발전본부,1,2022-02-22 05:30,NOx,7.82
한국중부발전(주)신서천발전본부,1,2022-02-22 06:00,TSP,1.14
한국중부발전(주)신서천발전본부,1,2022-02-22 06:00,SOx,4.01
한국중부발전(주)신서천발전본부,1,2022-02-22 06:00,NOx,6.94
한국중부발전(주)신서천발전본부,1,2022-02-22 06:30,TSP,1.16
한국중부발전(주)신서천발전본부,1,2022-02-22 06:30,SOx,4.16
한국중부발전(주)신서천발전본부,1,2022-02-22 06:30,NOx,7.19
한국중부발전(주)신서천발전본부,1,2022-02-22 07:00,TSP,1.13
한국중부발전(주)신서천발전본부,1,2022-02-22 07:00,SOx,4.1
한국중부발전(주)신서천발전본부,1,2022-02-22 07:00,NOx,7.21
한국중부발전(주)신서천발전본부,1,2022-02-22 07:30,TSP,1.15
한국중부발전(주)신서천발전본부,1,2022-02-22 07:30,SOx,4.24
한국중부발전(주)신서천발전본부,1,2022-02-22 07:30,NOx,7.12
한국중부발전(주)신서천발전본부,1,2022-02-22 08:00,TSP,1.15
한국중부발전(주)신서천발전본부,1,2022-02-22 08:00,SOx,4.11
한국중부발전(주)신서천발전본부,1,2022-02-22 08:00,NOx,7.31
한국중부발전(주)신서천발전본부,1,2022-02-22 08:30,TSP,1.17
한국중부발전(주)신서천발전본부,1,2022-02-22 08:30,SOx,4.17
한국중부발전(주)신서천발전본부,1,2022-02-22 08:30,NOx,7.17
한국중부발전(주)신서천발전본부,1,2022-02-22 09:00,TSP,1.15
한국중부발전(주)신서천발전본부,1,2022-02-22 09:00,SOx,4.15
한국중부발전(주)신서천발전본부,1,2022-02-22 09:00,NOx,6.96
한국중부발전(주)신서천발전본부,1,2022-02-22 09:30,TSP,1.24
한국중부발전(주)신서천발전본부,1,2022-02-22 09:30,SOx,4.16
한국중부발전(주)신서천발전본부,1,2022-02-22 09:30,NOx,7.21
한국중부발전(주)신서천발전본부,1,2022-02-22 10:00,TSP,1.23
한국중부발전(주)신서천발전본부,1,2022-02-22 10:00,SOx,4.06
한국중부발전(주)신서천발전본부,1,2022-02-22 10:00,NOx,7.4
한국중부발전(주)신서천발전본부,1,2022-02-22 10:30,TSP,1.23
한국중부발전(주)신서천발전본부,1,2022-02-22 10:30,SOx,4.06
한국중부발전(주)신서천발전본부,1,2022-02-22 10:30,NOx,7.4
한국중부발전(주)신서천발전본부,1,2022-02-22 11:00,TSP,1.23
한국중부발전(주)신서천발전본부,1,2022-02-22 11:00,SOx,4.06
한국중부발전(주)신서천발전본부,1,2022-02-22 11:00,NOx,7.4
한국중부발전(주)신서천발전본부,1,2022-02-22 11:30,TSP,1.23
한국중부발전(주)신서천발전본부,1,2022-02-22 11:30,SOx,4.06
한국중부발전(주)신서천발전본부,1,2022-02-22 11:30,NOx,7.4
한국중부발전(주)신서천발전본부,1,2022-02-22 12:00,TSP,1.23
한국중부발전(주)신서천발전본부,1,2022-02-22 12:00,SOx,4.06
한국중부발전(주)신서천발전본부,1,2022-02-22 12:00,NOx,7.4
한국중부발전(주)신서천발전본부,1,2022-02-22 12:30,TSP,1.23
한국중부발전(주)신서천발전본부,1,2022-02-22 12:30,SOx,4.06
한국중부발전(주)신서천발전본부,1,2022-02-22 12:30,NOx,7.4
한국중부발전(주)신서천발전본부,1,2022-02-22 13:00,TSP,1.23
한국중부발전(주)신서천발전본부,1,2022-02-22 13:00,SOx,4.06
한국중부발전(주)신서천발전본부,1,2022-02-22 13:00,NOx,7.4
한국중부발전(주)신서천발전본부,1,2022-02-22 13:30,TSP,1.23
한국중부발전(주)신서천발전본부,1,2022-02-22 13:30,SOx,4.06
한국중부발전(주)신서천발전본부,1,2022-02-22 13:30,NOx,7.4
한국중부발전(주)신서천발전본부,1,2022-02-22 14:00,TSP,1.23
한국중부발전(주)신서천발전본부,1,2022-02-22 14:00,SOx,3.88
한국중부발전(주)신서천발전본부,1,2022-02-22 14:00,NOx,7.43
한국중부발전(주)신서천발전본부,1,2022-02-22 14:30,TSP,1.21
한국중부발전(주)신서천발전본부,1,2022-02-22 14:30,SOx,4.0
한국중부발전(주)신서천발전본부,1,2022-02-22 14:30,NOx,6.71
한국중부발전(주)신서천발전본부,1,2022-02-22 15:00,TSP,1.15
한국중부발전(주)신서천발전본부,1,2022-02-22 15:00,SOx,2.91
한국중부발전(주)신서천발전본부,1,2022-02-22 15:00,NOx,7.71
한국중부발전(주)신서천발전본부,1,2022-02-22 15:30,TSP,1.17
한국중부발전(주)신서천발전본부,1,2022-02-22 15:30,SOx,3.38
한국중부발전(주)신서천발전본부,1,2022-02-22 15:30,NOx,5.36
한국중부발전(주)신서천발전본부,1,2022-02-22 16:00,TSP,1.2
한국중부발전(주)신서천발전본부,1,2022-02-22 16:00,SOx,4.35
한국중부발전(주)신서천발전본부,1,2022-02-22 16:00,NOx,5.69
한국중부발전(주)신서천발전본부,1,2022-02-22 16:30,TSP,1.17
한국중부발전(주)신서천발전본부,1,2022-02-22 16:30,SOx,4.11
한국중부발전(주)신서천발전본부,1,2022-02-22 16:30,NOx,8.08
한국중부발전(주)신서천발전본부,1,2022-02-22 17:00,TSP,1.16
한국중부발전(주)신서천발전본부,1,2022-02-22 17:00,SOx,4.34
한국중부발전(주)신서천발전본부,1,2022-02-22 17:00,NOx,7.77
한국중부발전(주)신서천발전본부,1,2022-02-22 17:30,TSP,1.14
한국중부발전(주)신서천발전본부,1,2022-02-22 17:30,SOx,4.55
한국중부발전(주)신서천발전본부,1,2022-02-22 17:30,NOx,7.6
한국중부발전(주)신서천발전본부,1,2022-02-22 18:00,TSP,1.19
한국중부발전(주)신서천발전본부,1,2022-02-22 18:00,SOx,4.08
한국중부발전(주)신서천발전본부,1,2022-02-22 18:00,NOx,7.2
한국중부발전(주)신서천발전본부,1,2022-02-22 18:30,TSP,1.15
한국중부발전(주)신서천발전본부,1,2022-02-22 18:30,SOx,4.02
한국중부발전(주)신서천발전본부,1,2022-02-22 18:30,NOx,7.55
한국중부발전(주)신서천발전본부,1,2022-02-22 19:00,TSP,1.18
한국중부발전(주)신서천발전본부,1,2022-02-22 19:00,SOx,4.41
한국중부발전(주)신서천발전본부,1,2022-02-22 19:00,NOx,7.1
한국중부발전(주)신서천발전본부,1,2022-02-22 19:30,TSP,1.2
한국중부발전(주)신서천발전본부,1,2022-02-22 19:30,SOx,4.36
한국중부발전(주)신서천발전본부,1,2022-02-22 19:30,NOx,7.82
한국중부발전(주)신서천발전본부,1,2022-02-22 20:00,TSP,1.17
한국중부발전(주)신서천발전본부,1,2022-02-22 20:00,SOx,3.96
한국중부발전(주)신서천발전본부,1,2022-02-22 20:00,NOx,7.76
한국중부발전(주)신서천발전본부,1,2022-02-22 20:30,TSP,1.14
한국중부발전(주)신서천발전본부,1,2022-02-22 20:30,SOx,4.14
한국중부발전(주)신서천발전본부,1,2022-02-22 20:30,NOx,7.66
한국중부발전(주)신서천발전본부,1,2022-02-22 21:00,TSP,1.14
한국중부발전(주)신서천발전본부,1,2022-02-22 21:00,SOx,4.42
한국중부발전(주)신서천발전본부,1,2022-02-22 21:00,NOx,7.93
한국중부발전(주)신서천발전본부,1,2022-02-22 21:30,TSP,1.16
한국중부발전(주)신서천발전본부,1,2022-02-22 21:30,SOx,4.25
한국중부발전(주)신서천발전본부,1,2022-02-22 21:30,NOx,7.99
한국중부발전(주)신서천발전본부,1,2022-02-22 22:00,TSP,1.14
한국중부발전(주)신서천발전본부,1,2022-02-22 22:00,SOx,4.1
한국중부발전(주)신서천발전본부,1,2022-02-22 22:00,NOx,7.78
한국중부발전(주)신서천발전본부,1,2022-02-22 22:30,TSP,1.1
한국중부발전(주)신서천발전본부,1,2022-02-22 22:30,SOx,4.18
한국중부발전(주)신서천발전본부,1,2022-02-22 22:30,NOx,6.86
한국중부발전(주)신서천발전본부,1,2022-02-22 23:00,TSP,1.1
한국중부발전(주)신서천발전본부,1,2022-02-22 23:00,SOx,4.42
한국중부발전(주)신서천발전본부,1,2022-02-22 23:00,NOx,7.05
한국중부발전(주)신서천발전본부,1,2022-02-22 23:30,TSP,1.14
한국중부발전(주)신서천발전본부,1,2022-02-22 23:30,SOx,3.92
한국중부발전(주)신서천발전본부,1,2022-02-22 23:30,NOx,7.2
한국중부발전(주)신서천발전본부,1,2022-02-23 00:00,TSP,1.18
한국중부발전(주)신서천발전본부,1,2022-02-23 00:00,SOx,3.96
한국중부발전(주)신서천발전본부,1,2022-02-23 00:00,NOx,6.95
한국중부발전(주)신서천발전본부,1,2022-02-23 00:30,TSP,1.18
한국중부발전(주)신서천발전본부,1,2022-02-23 00:30,SOx,3.97
한국중부발전(주)신서천발전본부,1,2022-02-23 00:30,NOx,6.97
한국중부발전(주)신서천발전본부,1,2022-02-23 01:00,TSP,1.17
한국중부발전(주)신서천발전본부,1,2022-02-23 01:00,SOx,4.2
한국중부발전(주)신서천발전본부,1,2022-02-23 01:00,NOx,7.0
한국중부발전(주)신서천발전본부,1,2022-02-23 01:30,TSP,1.16
한국중부발전(주)신서천발전본부,1,2022-02-23 01:30,SOx,4.02
한국중부발전(주)신서천발전본부,1,2022-02-23 01:30,NOx,7.19
한국중부발전(주)신서천발전본부,1,2022-02-23 02:00,TSP,1.16
한국중부발전(주)신서천발전본부,1,2022-02-23 02:00,SOx,4.45
한국중부발전(주)신서천발전본부,1,2022-02-23 02:00,NOx,6.95
한국중부발전(주)신서천발전본부,1,2022-02-23 02:30,TSP,1.17
한국중부발전(주)신서천발전본부,1,2022-02-23 02:30,SOx,4.6
한국중부발전(주)신서천발전본부,1,2022-02-23 02:30,NOx,7.01
한국중부발전(주)신서천발전본부,1,2022-02-23 03:00,TSP,1.22
한국중부발전(주)신서천발전본부,1,2022-02-23 03:00,SOx,4.4
한국중부발전(주)신서천발전본부,1,2022-02-23 03:00,NOx,6.84
한국중부발전(주)신서천발전본부,1,2022-02-23 03:30,TSP,1.24
한국중부발전(주)신서천발전본부,1,2022-02-23 03:30,SOx,4.52
한국중부발전(주)신서천발전본부,1,2022-02-23 03:30,NOx,7.1
한국중부발전(주)신서천발전본부,1,2022-02-23 04:00,TSP,1.26
한국중부발전(주)신서천발전본부,1,2022-02-23 04:00,SOx,4.38
한국중부발전(주)신서천발전본부,1,2022-02-23 04:00,NOx,7.6
한국중부발전(주)신서천발전본부,1,2022-02-23 04:30,TSP,1.28
한국중부발전(주)신서천발전본부,1,2022-02-23 04:30,SOx,4.45
한국중부발전(주)신서천발전본부,1,2022-02-23 04:30,NOx,7.87
한국중부발전(주)신서천발전본부,1,2022-02-23 05:00,TSP,1.3
한국중부발전(주)신서천발전본부,1,2022-02-23 05:00,SOx,4.33
한국중부발전(주)신서천발전본부,1,2022-02-23 05:00,NOx,7.99
한국중부발전(주)신서천발전본부,1,2022-02-23 05:30,TSP,1.26
한국중부발전(주)신서천발전본부,1,2022-02-23 05:30,SOx,4.3
한국중부발전(주)신서천발전본부,1,2022-02-23 05:30,NOx,7.73
한국중부발전(주)신서천발전본부,1,2022-02-23 06:00,TSP,1.26
한국중부발전(주)신서천발전본부,1,2022-02-23 06:00,SOx,4.09
한국중부발전(주)신서천발전본부,1,2022-02-23 06:00,NOx,7.68
한국중부발전(주)신서천발전본부,1,2022-02-23 06:30,TSP,1.25
한국중부발전(주)신서천발전본부,1,2022-02-23 06:30,SOx,4.11
한국중부발전(주)신서천발전본부,1,2022-02-23 06:30,NOx,7.6
한국중부발전(주)신서천발전본부,1,2022-02-23 07:00,TSP,1.24
한국중부발전(주)신서천발전본부,1,2022-02-23 07:00,SOx,4.17
한국중부발전(주)신서천발전본부,1,2022-02-23 07:00,NOx,7.69
한국중부발전(주)신서천발전본부,1,2022-02-23 07:30,TSP,1.22
한국중부발전(주)신서천발전본부,1,2022-02-23 07:30,SOx,4.3
한국중부발전(주)신서천발전본부,1,2022-02-23 07:30,NOx,8.28
한국중부발전(주)신서천발전본부,1,2022-02-23 08:00,TSP,1.23
한국중부발전(주)신서천발전본부,1,2022-02-23 08:00,SOx,4.21
한국중부발전(주)신서천발전본부,1,2022-02-23 08:00,NOx,7.6
한국중부발전(주)신서천발전본부,1,2022-02-23 08:30,TSP,1.18
한국중부발전(주)신서천발전본부,1,2022-02-23 08:30,SOx,3.52
한국중부발전(주)신서천발전본부,1,2022-02-23 08:30,NOx,7.41
한국중부발전(주)신서천발전본부,1,2022-02-23 09:00,TSP,1.25
한국중부발전(주)신서천발전본부,1,2022-02-23 09:00,SOx,3.9
한국중부발전(주)신서천발전본부,1,2022-02-23 09:00,NOx,5.23
한국중부발전(주)신서천발전본부,1,2022-02-23 09:30,TSP,1.26
한국중부발전(주)신서천발전본부,1,2022-02-23 09:30,SOx,3.57
한국중부발전(주)신서천발전본부,1,2022-02-23 09:30,NOx,5.74
한국중부발전(주)신서천발전본부,1,2022-02-23 10:00,TSP,1.29
한국중부발전(주)신서천발전본부,1,2022-02-23 10:00,SOx,3.82
한국중부발전(주)신서천발전본부,1,2022-02-23 10:00,NOx,5.88
한국중부발전(주)신서천발전본부,1,2022-02-23 10:30,TSP,1.25
한국중부발전(주)신서천발전본부,1,2022-02-23 10:30,SOx,4.06
한국중부발전(주)신서천발전본부,1,2022-02-23 10:30,NOx,5.92
한국중부발전(주)신서천발전본부,1,2022-02-23 11:00,TSP,1.25
한국중부발전(주)신서천발전본부,1,2022-02-23 11:00,SOx,4.12
한국중부발전(주)신서천발전본부,1,2022-02-23 11:00,NOx,6.0
한국중부발전(주)신서천발전본부,1,2022-02-23 11:30,TSP,1.09
한국중부발전(주)신서천발전본부,1,2022-02-23 11:30,SOx,4.01
한국중부발전(주)신서천발전본부,1,2022-02-23 11:30,NOx,5.95
한국중부발전(주)신서천발전본부,1,2022-02-23 12:00,TSP,1.21
한국중부발전(주)신서천발전본부,1,2022-02-23 12:00,SOx,3.56
한국중부발전(주)신서천발전본부,1,2022-02-23 12:00,NOx,6.3
한국중부발전(주)신서천발전본부,1,2022-02-23 12:30,TSP,1.24
한국중부발전(주)신서천발전본부,1,2022-02-23 12:30,SOx,3.63
한국중부발전(주)신서천발전본부,1,2022-02-23 12:30,NOx,5.15
한국중부발전(주)신서천발전본부,1,2022-02-23 13:00,TSP,1.27
한국중부발전(주)신서천발전본부,1,2022-02-23 13:00,SOx,3.17
한국중부발전(주)신서천발전본부,1,2022-02-23 13:00,NOx,4.6
한국중부발전(주)신서천발전본부,1,2022-02-23 13:30,TSP,1.22
한국중부발전(주)신서천발전본부,1,2022-02-23 13:30,SOx,3.13
한국중부발전(주)신서천발전본부,1,2022-02-23 13:30,NOx,5.16
한국중부발전(주)신서천발전본부,1,2022-02-23 14:00,TSP,1.24
한국중부발전(주)신서천발전본부,1,2022-02-23 14:00,SOx,3.28
한국중부발전(주)신서천발전본부,1,2022-02-23 14:00,NOx,5.13
한국중부발전(주)신서천발전본부,1,2022-02-23 14:30,TSP,1.21
한국중부발전(주)신서천발전본부,1,2022-02-23 14:30,SOx,3.29
한국중부발전(주)신서천발전본부,1,2022-02-23 14:30,NOx,5.75
한국중부발전(주)신서천발전본부,1,2022-02-23 15:00,TSP,1.25
한국중부발전(주)신서천발전본부,1,2022-02-23 15:00,SOx,3.18
한국중부발전(주)신서천발전본부,1,2022-02-23 15:00,NOx,5.73
한국중부발전(주)신서천발전본부,1,2022-02-23 15:30,TSP,1.23
한국중부발전(주)신서천발전본부,1,2022-02-23 15:30,SOx,3.05
한국중부발전(주)신서천발전본부,1,2022-02-23 15:30,NOx,5.15
한국중부발전(주)신서천발전본부,1,2022-02-23 16:00,TSP,1.18
한국중부발전(주)신서천발전본부,1,2022-02-23 16:00,SOx,3.35
한국중부발전(주)신서천발전본부,1,2022-02-23 16:00,NOx,6.21
한국중부발전(주)신서천발전본부,1,2022-02-23 16:30,TSP,1.32
한국중부발전(주)신서천발전본부,1,2022-02-23 16:30,SOx,3.32
한국중부발전(주)신서천발전본부,1,2022-02-23 16:30,NOx,5.48
한국중부발전(주)신서천발전본부,1,2022-02-23 17:00,TSP,1.28
한국중부발전(주)신서천발전본부,1,2022-02-23 17:00,SOx,3.19
한국중부발전(주)신서천발전본부,1,2022-02-23 17:00,NOx,5.26
한국중부발전(주)신서천발전본부,1,2022-02-23 17:30,TSP,1.27
한국중부발전(주)신서천발전본부,1,2022-02-23 17:30,SOx,3.64
한국중부발전(주)신서천발전본부,1,2022-02-23 17:30,NOx,5.95
한국중부발전(주)신서천발전본부,1,2022-02-23 18:00,TSP,1.22
한국중부발전(주)신서천발전본부,1,2022-02-23 18:00,SOx,3.77
한국중부발전(주)신서천발전본부,1,2022-02-23 18:00,NOx,6.58
한국중부발전(주)신서천발전본부,1,2022-02-23 18:30,TSP,1.24
한국중부발전(주)신서천발전본부,1,2022-02-23 18:30,SOx,3.99
한국중부발전(주)신서천발전본부,1,2022-02-23 18:30,NOx,6.77
한국중부발전(주)신서천발전본부,1,2022-02-23 19:00,TSP,1.24
한국중부발전(주)신서천발전본부,1,2022-02-23 19:00,SOx,4.15
한국중부발전(주)신서천발전본부,1,2022-02-23 19:00,NOx,5.51
한국중부발전(주)신서천발전본부,1,2022-02-23 19:30,TSP,1.17
한국중부발전(주)신서천발전본부,1,2022-02-23 19:30,SOx,4.03
한국중부발전(주)신서천발전본부,1,2022-02-23 19:30,NOx,6.03
한국중부발전(주)신서천발전본부,1,2022-02-23 20:00,TSP,1.21
한국중부발전(주)신서천발전본부,1,2022-02-23 20:00,SOx,3.82
한국중부발전(주)신서천발전본부,1,2022-02-23 20:00,NOx,7.07
한국중부발전(주)신서천발전본부,1,2022-02-23 20:30,TSP,1.25
한국중부발전(주)신서천발전본부,1,2022-02-23 20:30,SOx,4.17
한국중부발전(주)신서천발전본부,1,2022-02-23 20:30,NOx,8.24
한국중부발전(주)신서천발전본부,1,2022-02-23 21:00,TSP,1.21
한국중부발전(주)신서천발전본부,1,2022-02-23 21:00,SOx,4.08
한국중부발전(주)신서천발전본부,1,2022-02-23 21:00,NOx,8.47
한국중부발전(주)신서천발전본부,1,2022-02-23 21:30,TSP,1.24
한국중부발전(주)신서천발전본부,1,2022-02-23 21:30,SOx,4.08
한국중부발전(주)신서천발전본부,1,2022-02-23 21:30,NOx,8.68
한국중부발전(주)신서천발전본부,1,2022-02-23 22:00,TSP,1.26
한국중부발전(주)신서천발전본부,1,2022-02-23 22:00,SOx,3.87
한국중부발전(주)신서천발전본부,1,2022-02-23 22:00,NOx,8.43
한국중부발전(주)신서천발전본부,1,2022-02-23 22:30,TSP,1.22
한국중부발전(주)신서천발전본부,1,2022-02-23 22:30,SOx,4.08
한국중부발전(주)신서천발전본부,1,2022-02-23 22:30,NOx,8.84
한국중부발전(주)신서천발전본부,1,2022-02-23 23:00,TSP,1.22
한국중부발전(주)신서천발전본부,1,2022-02-23 23:00,SOx,3.94
한국중부발전(주)신서천발전본부,1,2022-02-23 23:00,NOx,8.01
한국중부발전(주)신서천발전본부,1,2022-02-23 23:30,TSP,1.23
한국중부발전(주)신서천발전본부,1,2022-02-23 23:30,SOx,3.96
한국중부발전(주)신서천발전본부,1,2022-02-23 23:30,NOx,6.8
한국중부발전(주)신서천발전본부,1,2022-02-24 00:00,TSP,1.28
한국중부발전(주)신서천발전본부,1,2022-02-24 00:00,SOx,3.74
한국중부발전(주)신서천발전본부,1,2022-02-24 00:00,NOx,6.71
한국중부발전(주)신서천발전본부,1,2022-02-24 00:30,TSP,1.27
한국중부발전(주)신서천발전본부,1,2022-02-24 00:30,SOx,4.05
한국중부발전(주)신서천발전본부,1,2022-02-24 00:30,NOx,6.91
한국중부발전(주)신서천발전본부,1,2022-02-24 01:00,TSP,1.26
한국중부발전(주)신서천발전본부,1,2022-02-24 01:00,SOx,3.93
한국중부발전(주)신서천발전본부,1,2022-02-24 01:00,NOx,6.77
한국중부발전(주)신서천발전본부,1,2022-02-24 01:30,TSP,1.25
한국중부발전(주)신서천발전본부,1,2022-02-24 01:30,SOx,3.56
한국중부발전(주)신서천발전본부,1,2022-02-24 01:30,NOx,6.62
한국중부발전(주)신서천발전본부,1,2022-02-24 02:00,TSP,1.24
한국중부발전(주)신서천발전본부,1,2022-02-24 02:00,SOx,3.51
한국중부발전(주)신서천발전본부,1,2022-02-24 02:00,NOx,6.58
한국중부발전(주)신서천발전본부,1,2022-02-24 02:30,TSP,1.31
한국중부발전(주)신서천발전본부,1,2022-02-24 02:30,SOx,4.11
한국중부발전(주)신서천발전본부,1,2022-02-24 02:30,NOx,4.95
한국중부발전(주)신서천발전본부,1,2022-02-24 03:00,TSP,1.3
한국중부발전(주)신서천발전본부,1,2022-02-24 03:00,SOx,3.89
한국중부발전(주)신서천발전본부,1,2022-02-24 03:00,NOx,9.13
한국중부발전(주)신서천발전본부,1,2022-02-24 03:30,TSP,1.38
한국중부발전(주)신서천발전본부,1,2022-02-24 03:30,SOx,3.9
한국중부발전(주)신서천발전본부,1,2022-02-24 03:30,NOx,8.08
한국중부발전(주)신서천발전본부,1,2022-02-24 04:00,TSP,1.43
한국중부발전(주)신서천발전본부,1,2022-02-24 04:00,SOx,4.23
한국중부발전(주)신서천발전본부,1,2022-02-24 04:00,NOx,6.15
한국중부발전(주)신서천발전본부,1,2022-02-24 04:30,TSP,1.41
한국중부발전(주)신서천발전본부,1,2022-02-24 04:30,SOx,4.0
한국중부발전(주)신서천발전본부,1,2022-02-24 04:30,NOx,5.64
한국중부발전(주)신서천발전본부,1,2022-02-24 05:00,TSP,1.44
한국중부발전(주)신서천발전본부,1,2022-02-24 05:00,SOx,3.94
한국중부발전(주)신서천발전본부,1,2022-02-24 05:00,NOx,5.39
한국중부발전(주)신서천발전본부,1,2022-02-24 05:30,TSP,1.45
한국중부발전(주)신서천발전본부,1,2022-02-24 05:30,SOx,3.93
한국중부발전(주)신서천발전본부,1,2022-02-24 05:30,NOx,6.89
한국중부발전(주)신서천발전본부,1,2022-02-24 06:00,TSP,1.48
한국중부발전(주)신서천발전본부,1,2022-02-24 06:00,SOx,4.13
한국중부발전(주)신서천발전본부,1,2022-02-24 06:00,NOx,7.61
한국중부발전(주)신서천발전본부,1,2022-02-24 06:30,TSP,1.5
한국중부발전(주)신서천발전본부,1,2022-02-24 06:30,SOx,3.98
한국중부발전(주)신서천발전본부,1,2022-02-24 06:30,NOx,6.6
한국중부발전(주)신서천발전본부,1,2022-02-24 07:00,TSP,1.54
한국중부발전(주)신서천발전본부,1,2022-02-24 07:00,SOx,4.09
한국중부발전(주)신서천발전본부,1,2022-02-24 07:00,NOx,7.53
한국중부발전(주)신서천발전본부,1,2022-02-24 07:30,TSP,1.58
한국중부발전(주)신서천발전본부,1,2022-02-24 07:30,SOx,4.0
한국중부발전(주)신서천발전본부,1,2022-02-24 07:30,NOx,7.59
한국중부발전(주)신서천발전본부,1,2022-02-24 08:00,TSP,1.63
한국중부발전(주)신서천발전본부,1,2022-02-24 08:00,SOx,4.21
한국중부발전(주)신서천발전본부,1,2022-02-24 08:00,NOx,7.13
한국중부발전(주)신서천발전본부,1,2022-02-24 08:30,TSP,1.6
한국중부발전(주)신서천발전본부,1,2022-02-24 08:30,SOx,4.26
한국중부발전(주)신서천발전본부,1,2022-02-24 08:30,NOx,6.96
한국중부발전(주)신서천발전본부,1,2022-02-24 09:00,TSP,1.51
한국중부발전(주)신서천발전본부,1,2022-02-24 09:00,SOx,3.98
한국중부발전(주)신서천발전본부,1,2022-02-24 09:00,NOx,6.91
한국중부발전(주)신서천발전본부,1,2022-02-24 09:30,TSP,1.59
한국중부발전(주)신서천발전본부,1,2022-02-24 09:30,SOx,3.71
한국중부발전(주)신서천발전본부,1,2022-02-24 09:30,NOx,6.1
한국중부발전(주)신서천발전본부,1,2022-02-24 10:00,TSP,1.48
한국중부발전(주)신서천발전본부,1,2022-02-24 10:00,SOx,3.54
한국중부발전(주)신서천발전본부,1,2022-02-24 10:00,NOx,5.52
한국중부발전(주)신서천발전본부,1,2022-02-24 10:30,TSP,1.39
한국중부발전(주)신서천발전본부,1,2022-02-24 10:30,SOx,3.73
한국중부발전(주)신서천발전본부,1,2022-02-24 10:30,NOx,4.68
한국중부발전(주)신서천발전본부,1,2022-02-24 11:00,TSP,1.39
한국중부발전(주)신서천발전본부,1,2022-02-24 11:00,SOx,3.52
한국중부발전(주)신서천발전본부,1,2022-02-24 11:00,NOx,5.42
한국중부발전(주)신서천발전본부,1,2022-02-24 11:30,TSP,1.38
한국중부발전(주)신서천발전본부,1,2022-02-24 11:30,SOx,3.91
한국중부발전(주)신서천발전본부,1,2022-02-24 11:30,NOx,3.56
한국중부발전(주)신서천발전본부,1,2022-02-24 12:00,TSP,1.28
한국중부발전(주)신서천발전본부,1,2022-02-24 12:00,SOx,3.44
한국중부발전(주)신서천발전본부,1,2022-02-24 12:00,NOx,8.9
한국중부발전(주)신서천발전본부,1,2022-02-24 12:30,TSP,1.28
한국중부발전(주)신서천발전본부,1,2022-02-24 12:30,SOx,3.64
한국중부발전(주)신서천발전본부,1,2022-02-24 12:30,NOx,2.74
한국중부발전(주)신서천발전본부,1,2022-02-24 13:00,TSP,1.25
한국중부발전(주)신서천발전본부,1,2022-02-24 13:00,SOx,3.47
한국중부발전(주)신서천발전본부,1,2022-02-24 13:00,NOx,5.96
한국중부발전(주)신서천발전본부,1,2022-02-24 13:30,TSP,1.25
한국중부발전(주)신서천발전본부,1,2022-02-24 13:30,SOx,3.43
한국중부발전(주)신서천발전본부,1,2022-02-24 13:30,NOx,3.77
한국중부발전(주)신서천발전본부,1,2022-02-24 14:00,TSP,1.24
한국중부발전(주)신서천발전본부,1,2022-02-24 14:00,SOx,3.65
한국중부발전(주)신서천발전본부,1,2022-02-24 14:00,NOx,4.2
한국중부발전(주)신서천발전본부,1,2022-02-24 14:30,TSP,1.31
한국중부발전(주)신서천발전본부,1,2022-02-24 14:30,SOx,4.03
한국중부발전(주)신서천발전본부,1,2022-02-24 14:30,NOx,5.06
한국중부발전(주)신서천발전본부,1,2022-02-24 15:00,TSP,1.25
한국중부발전(주)신서천발전본부,1,2022-02-24 15:00,SOx,3.73
한국중부발전(주)신서천발전본부,1,2022-02-24 15:00,NOx,4.6
한국중부발전(주)신서천발전본부,1,2022-02-24 15:30,TSP,1.25
한국중부발전(주)신서천발전본부,1,2022-02-24 15:30,SOx,3.69
한국중부발전(주)신서천발전본부,1,2022-02-24 15:30,NOx,4.64
한국중부발전(주)신서천발전본부,1,2022-02-24 16:00,TSP,1.17
한국중부발전(주)신서천발전본부,1,2022-02-24 16:00,SOx,3.94
한국중부발전(주)신서천발전본부,1,2022-02-24 16:00,NOx,4.81
한국중부발전(주)신서천발전본부,1,2022-02-24 16:30,TSP,1.21
한국중부발전(주)신서천발전본부,1,2022-02-24 16:30,SOx,4.5
한국중부발전(주)신서천발전본부,1,2022-02-24 16:30,NOx,4.67
한국중부발전(주)신서천발전본부,1,2022-02-24 17:00,TSP,1.29
한국중부발전(주)신서천발전본부,1,2022-02-24 17:00,SOx,4.02
한국중부발전(주)신서천발전본부,1,2022-02-24 17:00,NOx,6.16
한국중부발전(주)신서천발전본부,1,2022-02-24 17:30,TSP,1.25
한국중부발전(주)신서천발전본부,1,2022-02-24 17:30,SOx,4.53
한국중부발전(주)신서천발전본부,1,2022-02-24 17:30,NOx,5.24
한국중부발전(주)신서천발전본부,1,2022-02-24 18:00,TSP,1.25
한국중부발전(주)신서천발전본부,1,2022-02-24 18:00,SOx,4.58
한국중부발전(주)신서천발전본부,1,2022-02-24 18:00,NOx,6.54
한국중부발전(주)신서천발전본부,1,2022-02-24 18:30,TSP,1.26
한국중부발전(주)신서천발전본부,1,2022-02-24 18:30,SOx,4.22
한국중부발전(주)신서천발전본부,1,2022-02-24 18:30,NOx,6.64
한국중부발전(주)신서천발전본부,1,2022-02-24 19:00,TSP,1.3
한국중부발전(주)신서천발전본부,1,2022-02-24 19:00,SOx,4.02
한국중부발전(주)신서천발전본부,1,2022-02-24 19:00,NOx,6.24
한국중부발전(주)신서천발전본부,1,2022-02-24 19:30,TSP,1.28
한국중부발전(주)신서천발전본부,1,2022-02-24 19:30,SOx,4.59
한국중부발전(주)신서천발전본부,1,2022-02-24 19:30,NOx,5.55
한국중부발전(주)신서천발전본부,1,2022-02-24 20:00,TSP,1.17
한국중부발전(주)신서천발전본부,1,2022-02-24 20:00,SOx,4.17
한국중부발전(주)신서천발전본부,1,2022-02-24 20:00,NOx,5.07
한국중부발전(주)신서천발전본부,1,2022-02-24 20:30,TSP,1.16
한국중부발전(주)신서천발전본부,1,2022-02-24 20:30,SOx,3.32
한국중부발전(주)신서천발전본부,1,2022-02-24 20:30,NOx,5.3
한국중부발전(주)신서천발전본부,1,2022-02-24 21:00,TSP,1.1
한국중부발전(주)신서천발전본부,1,2022-02-24 21:00,SOx,3.2
한국중부발전(주)신서천발전본부,1,2022-02-24 21:00,NOx,4.89
한국중부발전(주)신서천발전본부,1,2022-02-24 21:30,TSP,1.15
한국중부발전(주)신서천발전본부,1,2022-02-24 21:30,SOx,3.47
한국중부발전(주)신서천발전본부,1,2022-02-24 21:30,NOx,4.42
한국중부발전(주)신서천발전본부,1,2022-02-24 22:00,TSP,1.11
한국중부발전(주)신서천발전본부,1,2022-02-24 22:00,SOx,3.65
한국중부발전(주)신서천발전본부,1,2022-02-24 22:00,NOx,5.78
한국중부발전(주)신서천발전본부,1,2022-02-24 22:30,TSP,1.04
한국중부발전(주)신서천발전본부,1,2022-02-24 22:30,SOx,3.2
한국중부발전(주)신서천발전본부,1,2022-02-24 22:30,NOx,5.05
한국중부발전(주)신서천발전본부,1,2022-02-24 23:00,TSP,1.04
한국중부발전(주)신서천발전본부,1,2022-02-24 23:00,SOx,3.29
한국중부발전(주)신서천발전본부,1,2022-02-24 23:00,NOx,5.54
한국중부발전(주)신서천발전본부,1,2022-02-24 23:30,TSP,1.08
한국중부발전(주)신서천발전본부,1,2022-02-24 23:30,SOx,3.38
한국중부발전(주)신서천발전본부,1,2022-02-24 23:30,NOx,6.06
한국중부발전(주)신서천발전본부,1,2022-02-25 00:00,TSP,1.09
한국중부발전(주)신서천발전본부,1,2022-02-25 00:00,SOx,3.44
한국중부발전(주)신서천발전본부,1,2022-02-25 00:00,NOx,6.17
한국중부발전(주)신서천발전본부,1,2022-02-25 00:30,TSP,1.1
한국중부발전(주)신서천발전본부,1,2022-02-25 00:30,SOx,3.04
한국중부발전(주)신서천발전본부,1,2022-02-25 00:30,NOx,6.06
한국중부발전(주)신서천발전본부,1,2022-02-25 01:00,TSP,1.07
한국중부발전(주)신서천발전본부,1,2022-02-25 01:00,SOx,3.36
한국중부발전(주)신서천발전본부,1,2022-02-25 01:00,NOx,5.6
한국중부발전(주)신서천발전본부,1,2022-02-25 01:30,TSP,1.06
한국중부발전(주)신서천발전본부,1,2022-02-25 01:30,SOx,3.64
한국중부발전(주)신서천발전본부,1,2022-02-25 01:30,NOx,6.19
한국중부발전(주)신서천발전본부,1,2022-02-25 02:00,TSP,1.05
한국중부발전(주)신서천발전본부,1,2022-02-25 02:00,SOx,3.48
한국중부발전(주)신서천발전본부,1,2022-02-25 02:00,NOx,6.34
한국중부발전(주)신서천발전본부,1,2022-02-25 02:30,TSP,1.04
한국중부발전(주)신서천발전본부,1,2022-02-25 02:30,SOx,3.32
한국중부발전(주)신서천발전본부,1,2022-02-25 02:30,NOx,5.87
한국중부발전(주)신서천발전본부,1,2022-02-25 03:00,TSP,1.05
한국중부발전(주)신서천발전본부,1,2022-02-25 03:00,SOx,3.41
한국중부발전(주)신서천발전본부,1,2022-02-25 03:00,NOx,5.62
한국중부발전(주)신서천발전본부,1,2022-02-25 03:30,TSP,1.06
한국중부발전(주)신서천발전본부,1,2022-02-25 03:30,SOx,3.57
한국중부발전(주)신서천발전본부,1,2022-02-25 03:30,NOx,6.6
한국중부발전(주)신서천발전본부,1,2022-02-25 04:00,TSP,1.08
한국중부발전(주)신서천발전본부,1,2022-02-25 04:00,SOx,3.6
한국중부발전(주)신서천발전본부,1,2022-02-25 04:00,NOx,7.21
한국중부발전(주)신서천발전본부,1,2022-02-25 04:30,TSP,1.09
한국중부발전(주)신서천발전본부,1,2022-02-25 04:30,SOx,3.24
한국중부발전(주)신서천발전본부,1,2022-02-25 04:30,NOx,6.35
한국중부발전(주)신서천발전본부,1,2022-02-25 05:00,TSP,1.07
한국중부발전(주)신서천발전본부,1,2022-02-25 05:00,SOx,3.32
한국중부발전(주)신서천발전본부,1,2022-02-25 05:00,NOx,5.12
한국중부발전(주)신서천발전본부,1,2022-02-25 05:30,TSP,1.07
한국중부발전(주)신서천발전본부,1,2022-02-25 05:30,SOx,3.4
한국중부발전(주)신서천발전본부,1,2022-02-25 05:30,NOx,5.05
한국중부발전(주)신서천발전본부,1,2022-02-25 06:00,TSP,1.07
한국중부발전(주)신서천발전본부,1,2022-02-25 06:00,SOx,3.31
한국중부발전(주)신서천발전본부,1,2022-02-25 06:00,NOx,4.77
한국중부발전(주)신서천발전본부,1,2022-02-25 06:30,TSP,1.06
한국중부발전(주)신서천발전본부,1,2022-02-25 06:30,SOx,3.15
한국중부발전(주)신서천발전본부,1,2022-02-25 06:30,NOx,6.17
한국중부발전(주)신서천발전본부,1,2022-02-25 07:00,TSP,1.08
한국중부발전(주)신서천발전본부,1,2022-02-25 07:00,SOx,3.16
한국중부발전(주)신서천발전본부,1,2022-02-25 07:00,NOx,7.38
한국중부발전(주)신서천발전본부,1,2022-02-25 07:30,TSP,1.1
한국중부발전(주)신서천발전본부,1,2022-02-25 07:30,SOx,3.54
한국중부발전(주)신서천발전본부,1,2022-02-25 07:30,NOx,7.94
한국중부발전(주)신서천발전본부,1,2022-02-25 08:00,TSP,1.13
한국중부발전(주)신서천발전본부,1,2022-02-25 08:00,SOx,3.47
한국중부발전(주)신서천발전본부,1,2022-02-25 08:00,NOx,8.38
한국중부발전(주)신서천발전본부,1,2022-02-25 08:30,TSP,1.15
한국중부발전(주)신서천발전본부,1,2022-02-25 08:30,SOx,3.23
한국중부발전(주)신서천발전본부,1,2022-02-25 08:30,NOx,7.31
한국중부발전(주)신서천발전본부,1,2022-02-25 09:00,TSP,1.15
한국중부발전(주)신서천발전본부,1,2022-02-25 09:00,SOx,3.21
한국중부발전(주)신서천발전본부,1,2022-02-25 09:00,NOx,8.08
한국중부발전(주)신서천발전본부,1,2022-02-25 09:30,TSP,1.15
한국중부발전(주)신서천발전본부,1,2022-02-25 09:30,SOx,3.04
한국중부발전(주)신서천발전본부,1,2022-02-25 09:30,NOx,8.6
한국중부발전(주)신서천발전본부,1,2022-02-25 10:00,TSP,1.12
한국중부발전(주)신서천발전본부,1,2022-02-25 10:00,SOx,3.18
한국중부발전(주)신서천발전본부,1,2022-02-25 10:00,NOx,5.26
한국중부발전(주)신서천발전본부,1,2022-02-25 10:30,TSP,1.1
한국중부발전(주)신서천발전본부,1,2022-02-25 10:30,SOx,2.99
한국중부발전(주)신서천발전본부,1,2022-02-25 10:30,NOx,6.71
한국중부발전(주)신서천발전본부,1,2022-02-25 11:00,TSP,1.1
한국중부발전(주)신서천발전본부,1,2022-02-25 11:00,SOx,3.01
한국중부발전(주)신서천발전본부,1,2022-02-25 11:00,NOx,7.69
한국중부발전(주)신서천발전본부,1,2022-02-25 11:30,TSP,1.11
한국중부발전(주)신서천발전본부,1,2022-02-25 11:30,SOx,3.35
한국중부발전(주)신서천발전본부,1,2022-02-25 11:30,NOx,6.63
한국중부발전(주)신서천발전본부,1,2022-02-25 12:00,TSP,1.17
한국중부발전(주)신서천발전본부,1,2022-02-25 12:00,SOx,3.58
한국중부발전(주)신서천발전본부,1,2022-02-25 12:00,NOx,6.87
한국중부발전(주)신서천발전본부,1,2022-02-25 12:30,TSP,1.19
한국중부발전(주)신서천발전본부,1,2022-02-25 12:30,SOx,3.64
한국중부발전(주)신서천발전본부,1,2022-02-25 12:30,NOx,6.42
한국중부발전(주)신서천발전본부,1,2022-02-25 13:00,TSP,1.16
한국중부발전(주)신서천발전본부,1,2022-02-25 13:00,SOx,3.76
한국중부발전(주)신서천발전본부,1,2022-02-25 13:00,NOx,6.47
한국중부발전(주)신서천발전본부,1,2022-02-25 13:30,TSP,1.17
한국중부발전(주)신서천발전본부,1,2022-02-25 13:30,SOx,4.11
한국중부발전(주)신서천발전본부,1,2022-02-25 13:30,NOx,6.54
한국중부발전(주)신서천발전본부,1,2022-02-25 14:00,TSP,1.21
한국중부발전(주)신서천발전본부,1,2022-02-25 14:00,SOx,4.11
한국중부발전(주)신서천발전본부,1,2022-02-25 14:00,NOx,7.12
한국중부발전(주)신서천발전본부,1,2022-02-25 14:30,TSP,1.28
한국중부발전(주)신서천발전본부,1,2022-02-25 14:30,SOx,4.03
한국중부발전(주)신서천발전본부,1,2022-02-25 14:30,NOx,7.0
한국중부발전(주)신서천발전본부,1,2022-02-25 15:00,TSP,1.27
한국중부발전(주)신서천발전본부,1,2022-02-25 15:00,SOx,4.07
한국중부발전(주)신서천발전본부,1,2022-02-25 15:00,NOx,6.95
한국중부발전(주)신서천발전본부,1,2022-02-25 15:30,TSP,1.3
한국중부발전(주)신서천발전본부,1,2022-02-25 15:30,SOx,4.28
한국중부발전(주)신서천발전본부,1,2022-02-25 15:30,NOx,6.62
한국중부발전(주)신서천발전본부,1,2022-02-25 16:00,TSP,1.25
한국중부발전(주)신서천발전본부,1,2022-02-25 16:00,SOx,4.22
한국중부발전(주)신서천발전본부,1,2022-02-25 16:00,NOx,8.03
한국중부발전(주)신서천발전본부,1,2022-02-25 16:30,TSP,1.32
한국중부발전(주)신서천발전본부,1,2022-02-25 16:30,SOx,4.78
한국중부발전(주)신서천발전본부,1,2022-02-25 16:30,NOx,6.47
한국중부발전(주)신서천발전본부,1,2022-02-25 17:00,TSP,1.26
한국중부발전(주)신서천발전본부,1,2022-02-25 17:00,SOx,3.77
한국중부발전(주)신서천발전본부,1,2022-02-25 17:00,NOx,8.87
한국중부발전(주)신서천발전본부,1,2022-02-25 17:30,TSP,1.2
한국중부발전(주)신서천발전본부,1,2022-02-25 17:30,SOx,4.25
한국중부발전(주)신서천발전본부,1,2022-02-25 17:30,NOx,7.78
한국중부발전(주)신서천발전본부,1,2022-02-25 18:00,TSP,1.2
한국중부발전(주)신서천발전본부,1,2022-02-25 18:00,SOx,4.23
한국중부발전(주)신서천발전본부,1,2022-02-25 18:00,NOx,7.08
한국중부발전(주)신서천발전본부,1,2022-02-25 18:30,TSP,1.27
한국중부발전(주)신서천발전본부,1,2022-02-25 18:30,SOx,4.46
한국중부발전(주)신서천발전본부,1,2022-02-25 18:30,NOx,6.24
한국중부발전(주)신서천발전본부,1,2022-02-25 19:00,TSP,1.33
한국중부발전(주)신서천발전본부,1,2022-02-25 19:00,SOx,4.06
한국중부발전(주)신서천발전본부,1,2022-02-25 19:00,NOx,7.75
한국중부발전(주)신서천발전본부,1,2022-02-25 19:30,TSP,1.23
한국중부발전(주)신서천발전본부,1,2022-02-25 19:30,SOx,4.3
한국중부발전(주)신서천발전본부,1,2022-02-25 19:30,NOx,8.67
한국중부발전(주)신서천발전본부,1,2022-02-25 20:00,TSP,1.23
한국중부발전(주)신서천발전본부,1,2022-02-25 20:00,SOx,4.4
한국중부발전(주)신서천발전본부,1,2022-02-25 20:00,NOx,7.28
한국중부발전(주)신서천발전본부,1,2022-02-25 20:30,TSP,1.22
한국중부발전(주)신서천발전본부,1,2022-02-25 20:30,SOx,3.89
한국중부발전(주)신서천발전본부,1,2022-02-25 20:30,NOx,6.88
한국중부발전(주)신서천발전본부,1,2022-02-25 21:00,TSP,1.17
한국중부발전(주)신서천발전본부,1,2022-02-25 21:00,SOx,3.56
한국중부발전(주)신서천발전본부,1,2022-02-25 21:00,NOx,8.2
한국중부발전(주)신서천발전본부,1,2022-02-25 21:30,TSP,1.2
한국중부발전(주)신서천발전본부,1,2022-02-25 21:30,SOx,4.47
한국중부발전(주)신서천발전본부,1,2022-02-25 21:30,NOx,6.4
한국중부발전(주)신서천발전본부,1,2022-02-25 22:00,TSP,1.17
한국중부발전(주)신서천발전본부,1,2022-02-25 22:00,SOx,4.1
한국중부발전(주)신서천발전본부,1,2022-02-25 22:00,NOx,7.93
한국중부발전(주)신서천발전본부,1,2022-02-25 22:30,TSP,1.18
한국중부발전(주)신서천발전본부,1,2022-02-25 22:30,SOx,3.9
한국중부발전(주)신서천발전본부,1,2022-02-25 22:30,NOx,6.73
한국중부발전(주)신서천발전본부,1,2022-02-25 23:00,TSP,1.18
한국중부발전(주)신서천발전본부,1,2022-02-25 23:00,SOx,4.44
한국중부발전(주)신서천발전본부,1,2022-02-25 23:00,NOx,6.49
한국중부발전(주)신서천발전본부,1,2022-02-25 23:30,TSP,1.18
한국중부발전(주)신서천발전본부,1,2022-02-25 23:30,SOx,4.63
한국중부발전(주)신서천발전본부,1,2022-02-25 23:30,NOx,7.88
한국중부발전(주)신서천발전본부,1,2022-02-26 00:00,TSP,1.27
한국중부발전(주)신서천발전본부,1,2022-02-26 00:00,SOx,3.32
한국중부발전(주)신서천발전본부,1,2022-02-26 00:00,NOx,6.48
한국중부발전(주)신서천발전본부,1,2022-02-26 00:30,TSP,1.27
한국중부발전(주)신서천발전본부,1,2022-02-26 00:30,SOx,3.32
한국중부발전(주)신서천발전본부,1,2022-02-26 00:30,NOx,6.48
한국중부발전(주)신서천발전본부,1,2022-02-26 01:00,TSP,1.27
한국중부발전(주)신서천발전본부,1,2022-02-26 01:00,SOx,3.32
한국중부발전(주)신서천발전본부,1,2022-02-26 01:00,NOx,6.48
한국중부발전(주)신서천발전본부,1,2022-02-26 01:30,TSP,1.27
한국중부발전(주)신서천발전본부,1,2022-02-26 01:30,SOx,3.32
한국중부발전(주)신서천발전본부,1,2022-02-26 01:30,NOx,6.48
한국중부발전(주)신서천발전본부,1,2022-02-26 02:00,TSP,1.27
한국중부발전(주)신서천발전본부,1,2022-02-26 02:00,SOx,3.32
한국중부발전(주)신서천발전본부,1,2022-02-26 02:00,NOx,6.48
한국중부발전(주)신서천발전본부,1,2022-02-26 02:30,TSP,1.27
한국중부발전(주)신서천발전본부,1,2022-02-26 02:30,SOx,3.32
한국중부발전(주)신서천발전본부,1,2022-02-26 02:30,NOx,6.48
한국중부발전(주)신서천발전본부,1,2022-02-26 03:00,TSP,1.27
한국중부발전(주)신서천발전본부,1,2022-02-26 03:00,SOx,3.32
한국중부발전(주)신서천발전본부,1,2022-02-26 03:00,NOx,6.48
한국중부발전(주)신서천발전본부,1,2022-02-26 03:30,TSP,1.27
한국중부발전(주)신서천발전본부,1,2022-02-26 03:30,SOx,3.32
한국중부발전(주)신서천발전본부,1,2022-02-26 03:30,NOx,6.48
한국중부발전(주)신서천발전본부,1,2022-02-26 04:00,TSP,1.27
한국중부발전(주)신서천발전본부,1,2022-02-26 04:00,SOx,3.32
한국중부발전(주)신서천발전본부,1,2022-02-26 04:00,NOx,6.48
한국중부발전(주)신서천발전본부,1,2022-02-26 04:30,TSP,1.27
한국중부발전(주)신서천발전본부,1,2022-02-26 04:30,SOx,3.32
한국중부발전(주)신서천발전본부,1,2022-02-26 04:30,NOx,6.48
한국중부발전(주)신서천발전본부,1,2022-02-26 05:00,TSP,1.27
한국중부발전(주)신서천발전본부,1,2022-02-26 05:00,SOx,3.32
한국중부발전(주)신서천발전본부,1,2022-02-26 05:00,NOx,6.48
한국중부발전(주)신서천발전본부,1,2022-02-26 05:30,TSP,1.27
한국중부발전(주)신서천발전본부,1,2022-02-26 05:30,SOx,3.32
한국중부발전(주)신서천발전본부,1,2022-02-26 05:30,NOx,6.48
한국중부발전(주)신서천발전본부,1,2022-02-26 06:00,TSP,1.27
한국중부발전(주)신서천발전본부,1,2022-02-26 06:00,SOx,3.32
한국중부발전(주)신서천발전본부,1,2022-02-26 06:00,NOx,6.48
한국중부발전(주)신서천발전본부,1,2022-02-26 06:30,TSP,1.27
한국중부발전(주)신서천발전본부,1,2022-02-26 06:30,SOx,3.32
한국중부발전(주)신서천발전본부,1,2022-02-26 06:30,NOx,6.48
한국중부발전(주)신서천발전본부,1,2022-02-26 07:00,TSP,1.27
한국중부발전(주)신서천발전본부,1,2022-02-26 07:00,SOx,3.32
한국중부발전(주)신서천발전본부,1,2022-02-26 07:00,NOx,6.48
한국중부발전(주)신서천발전본부,1,2022-02-26 07:30,TSP,1.27
한국중부발전(주)신서천발전본부,1,2022-02-26 07:30,SOx,3.32
한국중부발전(주)신서천발전본부,1,2022-02-26 07:30,NOx,6.48
한국중부발전(주)신서천발전본부,1,2022-02-26 08:00,TSP,1.27
한국중부발전(주)신서천발전본부,1,2022-02-26 08:00,SOx,3.32
한국중부발전(주)신서천발전본부,1,2022-02-26 08:00,NOx,6.48
한국중부발전(주)신서천발전본부,1,2022-02-26 08:30,TSP,1.27
한국중부발전(주)신서천발전본부,1,2022-02-26 08:30,SOx,3.32
한국중부발전(주)신서천발전본부,1,2022-02-26 08:30,NOx,6.48
한국중부발전(주)신서천발전본부,1,2022-02-26 09:00,TSP,1.27
한국중부발전(주)신서천발전본부,1,2022-02-26 09:00,SOx,3.32
한국중부발전(주)신서천발전본부,1,2022-02-26 09:00,NOx,6.48
한국중부발전(주)신서천발전본부,1,2022-02-26 09:30,TSP,1.27
한국중부발전(주)신서천발전본부,1,2022-02-26 09:30,SOx,3.32
한국중부발전(주)신서천발전본부,1,2022-02-26 09:30,NOx,6.48
한국중부발전(주)신서천발전본부,1,2022-02-26 10:00,TSP,1.27
한국중부발전(주)신서천발전본부,1,2022-02-26 10:00,SOx,3.32
한국중부발전(주)신서천발전본부,1,2022-02-26 10:00,NOx,6.48
한국중부발전(주)신서천발전본부,1,2022-02-26 10:30,TSP,1.27
한국중부발전(주)신서천발전본부,1,2022-02-26 10:30,SOx,3.32
한국중부발전(주)신서천발전본부,1,2022-02-26 10:30,NOx,6.48
한국중부발전(주)신서천발전본부,1,2022-02-26 11:00,TSP,1.27
한국중부발전(주)신서천발전본부,1,2022-02-26 11:00,SOx,3.32
한국중부발전(주)신서천발전본부,1,2022-02-26 11:00,NOx,6.48
한국중부발전(주)신서천발전본부,1,2022-02-26 11:30,TSP,0.0
한국중부발전(주)신서천발전본부,1,2022-02-26 11:30,SOx,0.0
한국중부발전(주)신서천발전본부,1,2022-02-26 11:30,NOx,0.0
한국중부발전(주)신서천발전본부,1,2022-02-26 12:00,TSP,0.0
한국중부발전(주)신서천발전본부,1,2022-02-26 12:00,SOx,0.0
한국중부발전(주)신서천발전본부,1,2022-02-26 12:00,NOx,0.0
한국중부발전(주)신서천발전본부,1,2022-02-26 12:30,TSP,0.0
한국중부발전(주)신서천발전본부,1,2022-02-26 12:30,SOx,0.0
한국중부발전(주)신서천발전본부,1,2022-02-26 12:30,NOx,0.0
한국중부발전(주)신서천발전본부,1,2022-02-26 13:00,TSP,0.0
한국중부발전(주)신서천발전본부,1,2022-02-26 13:00,SOx,0.0
한국중부발전(주)신서천발전본부,1,2022-02-26 13:00,NOx,0.0
한국중부발전(주)신서천발전본부,1,2022-02-26 13:30,TSP,0.0
한국중부발전(주)신서천발전본부,1,2022-02-26 13:30,SOx,0.0
한국중부발전(주)신서천발전본부,1,2022-02-26 13:30,NOx,0.0
한국중부발전(주)신서천발전본부,1,2022-02-26 14:00,TSP,0.0
한국중부발전(주)신서천발전본부,1,2022-02-26 14:00,SOx,0.0
한국중부발전(주)신서천발전본부,1,2022-02-26 14:00,NOx,0.0
한국중부발전(주)신서천발전본부,1,2022-02-26 14:30,TSP,0.0
한국중부발전(주)신서천발전본부,1,2022-02-26 14:30,SOx,0.0
한국중부발전(주)신서천발전본부,1,2022-02-26 14:30,NOx,0.0
한국중부발전(주)신서천발전본부,1,2022-02-26 15:00,TSP,0.0
한국중부발전(주)신서천발전본부,1,2022-02-26 15:00,SOx,0.0
한국중부발전(주)신서천발전본부,1,2022-02-26 15:00,NOx,0.0
한국중부발전(주)신서천발전본부,1,2022-02-26 15:30,TSP,0.0
한국중부발전(주)신서천발전본부,1,2022-02-26 15:30,SOx,0.0
한국중부발전(주)신서천발전본부,1,2022-02-26 15:30,NOx,0.0
한국중부발전(주)신서천발전본부,1,2022-02-26 16:00,TSP,0.0
한국중부발전(주)신서천발전본부,1,2022-02-26 16:00,SOx,0.0
한국중부발전(주)신서천발전본부,1,2022-02-26 16:00,NOx,0.0
한국중부발전(주)신서천발전본부,1,2022-02-26 16:30,TSP,0.0
한국중부발전(주)신서천발전본부,1,2022-02-26 16:30,SOx,0.0
한국중부발전(주)신서천발전본부,1,2022-02-26 16:30,NOx,0.0
한국중부발전(주)신서천발전본부,1,2022-02-26 17:00,TSP,0.0
한국중부발전(주)신서천발전본부,1,2022-02-26 17:00,SOx,0.0
한국중부발전(주)신서천발전본부,1,2022-02-26 17:00,NOx,0.0
한국중부발전(주)신서천발전본부,1,2022-02-26 17:30,TSP,0.0
한국중부발전(주)신서천발전본부,1,2022-02-26 17:30,SOx,0.0
한국중부발전(주)신서천발전본부,1,2022-02-26 17:30,NOx,0.0
한국중부발전(주)신서천발전본부,1,2022-02-26 18:00,TSP,0.0
한국중부발전(주)신서천발전본부,1,2022-02-26 18:00,SOx,0.0
한국중부발전(주)신서천발전본부,1,2022-02-26 18:00,NOx,0.0
한국중부발전(주)신서천발전본부,1,2022-02-26 18:30,TSP,0.0
한국중부발전(주)신서천발전본부,1,2022-02-26 18:30,SOx,0.0
한국중부발전(주)신서천발전본부,1,2022-02-26 18:30,NOx,0.0
한국중부발전(주)신서천발전본부,1,2022-02-26 19:00,TSP,0.0
한국중부발전(주)신서천발전본부,1,2022-02-26 19:00,SOx,0.0
한국중부발전(주)신서천발전본부,1,2022-02-26 19:00,NOx,0.0
한국중부발전(주)신서천발전본부,1,2022-02-26 19:30,TSP,0.0
한국중부발전(주)신서천발전본부,1,2022-02-26 19:30,SOx,0.0
한국중부발전(주)신서천발전본부,1,2022-02-26 19:30,NOx,0.0
한국중부발전(주)신서천발전본부,1,2022-02-26 20:00,TSP,0.0
한국중부발전(주)신서천발전본부,1,2022-02-26 20:00,SOx,0.0
한국중부발전(주)신서천발전본부,1,2022-02-26 20:00,NOx,0.0
한국중부발전(주)신서천발전본부,1,2022-02-26 20:30,TSP,0.0
한국중부발전(주)신서천발전본부,1,2022-02-26 20:30,SOx,0.0
한국중부발전(주)신서천발전본부,1,2022-02-26 20:30,NOx,0.0
한국중부발전(주)신서천발전본부,1,2022-02-26 21:00,TSP,0.0
한국중부발전(주)신서천발전본부,1,2022-02-26 21:00,SOx,0.0
한국중부발전(주)신서천발전본부,1,2022-02-26 21:00,NOx,0.0
한국중부발전(주)신서천발전본부,1,2022-02-26 21:30,TSP,0.0
한국중부발전(주)신서천발전본부,1,2022-02-26 21:30,SOx,0.0
한국중부발전(주)신서천발전본부,1,2022-02-26 21:30,NOx,0.0
한국중부발전(주)신서천발전본부,1,2022-02-26 22:00,TSP,0.0
한국중부발전(주)신서천발전본부,1,2022-02-26 22:00,SOx,0.0
한국중부발전(주)신서천발전본부,1,2022-02-26 22:00,NOx,0.0
한국중부발전(주)신서천발전본부,1,2022-02-26 22:30,TSP,0.0
한국중부발전(주)신서천발전본부,1,2022-02-26 22:30,SOx,0.0
한국중부발전(주)신서천발전본부,1,2022-02-26 22:30,NOx,0.0
한국중부발전(주)신서천발전본부,1,2022-02-26 23:00,TSP,0.0
한국중부발전(주)신서천발전본부,1,2022-02-26 23:00,SOx,0.0
한국중부발전(주)신서천발전본부,1,2022-02-26 23:00,NOx,0.0
한국중부발전(주)신서천발전본부,1,2022-02-26 23:30,TSP,0.0
한국중부발전(주)신서천발전본부,1,2022-02-26 23:30,SOx,0.0
한국중부발전(주)신서천발전본부,1,2022-02-26 23:30,NOx,0.0
한국중부발전(주)신서천발전본부,1,2022-02-27 00:00,TSP,0.0
한국중부발전(주)신서천발전본부,1,2022-02-27 00:00,SOx,0.0
한국중부발전(주)신서천발전본부,1,2022-02-27 00:00,NOx,0.0
한국중부발전(주)신서천발전본부,1,2022-02-27 00:30,TSP,0.0
한국중부발전(주)신서천발전본부,1,2022-02-27 00:30,SOx,0.0
한국중부발전(주)신서천발전본부,1,2022-02-27 00:30,NOx,0.0
한국중부발전(주)신서천발전본부,1,2022-02-27 01:00,TSP,0.0
한국중부발전(주)신서천발전본부,1,2022-02-27 01:00,SOx,0.0
한국중부발전(주)신서천발전본부,1,2022-02-27 01:00,NOx,0.0
한국중부발전(주)신서천발전본부,1,2022-02-27 01:30,TSP,0.0
한국중부발전(주)신서천발전본부,1,2022-02-27 01:30,SOx,0.0
한국중부발전(주)신서천발전본부,1,2022-02-27 01:30,NOx,0.0
한국중부발전(주)신서천발전본부,1,2022-02-27 02:00,TSP,0.0
한국중부발전(주)신서천발전본부,1,2022-02-27 02:00,SOx,0.0
한국중부발전(주)신서천발전본부,1,2022-02-27 02:00,NOx,0.0
한국중부발전(주)신서천발전본부,1,2022-02-27 02:30,TSP,0.0
한국중부발전(주)신서천발전본부,1,2022-02-27 02:30,SOx,0.0
한국중부발전(주)신서천발전본부,1,2022-02-27 02:30,NOx,0.0
한국중부발전(주)신서천발전본부,1,2022-02-27 03:00,TSP,0.0
한국중부발전(주)신서천발전본부,1,2022-02-27 03:00,SOx,0.0
한국중부발전(주)신서천발전본부,1,2022-02-27 03:00,NOx,0.0
한국중부발전(주)신서천발전본부,1,2022-02-27 03:30,TSP,0.0
한국중부발전(주)신서천발전본부,1,2022-02-27 03:30,SOx,0.0
한국중부발전(주)신서천발전본부,1,2022-02-27 03:30,NOx,0.0
한국중부발전(주)신서천발전본부,1,2022-02-27 04:00,TSP,0.0
한국중부발전(주)신서천발전본부,1,2022-02-27 04:00,SOx,0.0
한국중부발전(주)신서천발전본부,1,2022-02-27 04:00,NOx,0.0
한국중부발전(주)신서천발전본부,1,2022-02-27 04:30,TSP,0.0
한국중부발전(주)신서천발전본부,1,2022-02-27 04:30,SOx,0.0
한국중부발전(주)신서천발전본부,1,2022-02-27 04:30,NOx,0.0
한국중부발전(주)신서천발전본부,1,2022-02-27 05:00,TSP,0.0
한국중부발전(주)신서천발전본부,1,2022-02-27 05:00,SOx,0.0
한국중부발전(주)신서천발전본부,1,2022-02-27 05:00,NOx,0.0
한국중부발전(주)신서천발전본부,1,2022-02-27 05:30,TSP,0.0
한국중부발전(주)신서천발전본부,1,2022-02-27 05:30,SOx,0.0
한국중부발전(주)신서천발전본부,1,2022-02-27 05:30,NOx,0.0
한국중부발전(주)신서천발전본부,1,2022-02-27 06:00,TSP,0.0
한국중부발전(주)신서천발전본부,1,2022-02-27 06:00,SOx,0.0
한국중부발전(주)신서천발전본부,1,2022-02-27 06:00,NOx,0.0
한국중부발전(주)신서천발전본부,1,2022-02-27 06:30,TSP,0.0
한국중부발전(주)신서천발전본부,1,2022-02-27 06:30,SOx,0.0
한국중부발전(주)신서천발전본부,1,2022-02-27 06:30,NOx,0.0
한국중부발전(주)신서천발전본부,1,2022-02-27 07:00,TSP,0.0
한국중부발전(주)신서천발전본부,1,2022-02-27 07:00,SOx,0.0
한국중부발전(주)신서천발전본부,1,2022-02-27 07:00,NOx,0.0
한국중부발전(주)신서천발전본부,1,2022-02-27 07:30,TSP,0.0
한국중부발전(주)신서천발전본부,1,2022-02-27 07:30,SOx,0.0
한국중부발전(주)신서천발전본부,1,2022-02-27 07:30,NOx,0.0
한국중부발전(주)신서천발전본부,1,2022-02-27 08:00,TSP,0.0
한국중부발전(주)신서천발전본부,1,2022-02-27 08:00,SOx,0.0
한국중부발전(주)신서천발전본부,1,2022-02-27 08:00,NOx,0.0
한국중부발전(주)신서천발전본부,1,2022-02-27 08:30,TSP,0.0
한국중부발전(주)신서천발전본부,1,2022-02-27 08:30,SOx,0.0
한국중부발전(주)신서천발전본부,1,2022-02-27 08:30,NOx,0.0
한국중부발전(주)신서천발전본부,1,2022-02-27 09:00,TSP,0.0
한국중부발전(주)신서천발전본부,1,2022-02-27 09:00,SOx,0.0
한국중부발전(주)신서천발전본부,1,2022-02-27 09:00,NOx,0.0
한국중부발전(주)신서천발전본부,1,2022-02-27 09:30,TSP,0.0
한국중부발전(주)신서천발전본부,1,2022-02-27 09:30,SOx,0.0
한국중부발전(주)신서천발전본부,1,2022-02-27 09:30,NOx,0.0
한국중부발전(주)신서천발전본부,1,2022-02-27 10:00,TSP,0.0
한국중부발전(주)신서천발전본부,1,2022-02-27 10:00,SOx,0.0
한국중부발전(주)신서천발전본부,1,2022-02-27 10:00,NOx,0.0
한국중부발전(주)신서천발전본부,1,2022-02-27 10:30,TSP,0.0
한국중부발전(주)신서천발전본부,1,2022-02-27 10:30,SOx,0.0
한국중부발전(주)신서천발전본부,1,2022-02-27 10:30,NOx,0.0
한국중부발전(주)신서천발전본부,1,2022-02-27 11:00,TSP,1.27
한국중부발전(주)신서천발전본부,1,2022-02-27 11:00,SOx,3.32
한국중부발전(주)신서천발전본부,1,2022-02-27 11:00,NOx,6.48
한국중부발전(주)신서천발전본부,1,2022-02-27 11:30,TSP,1.27
한국중부발전(주)신서천발전본부,1,2022-02-27 11:30,SOx,3.32
한국중부발전(주)신서천발전본부,1,2022-02-27 11:30,NOx,6.48
한국중부발전(주)신서천발전본부,1,2022-02-27 12:00,TSP,1.27
한국중부발전(주)신서천발전본부,1,2022-02-27 12:00,SOx,3.32
한국중부발전(주)신서천발전본부,1,2022-02-27 12:00,NOx,6.48
한국중부발전(주)신서천발전본부,1,2022-02-27 12:30,TSP,1.27
한국중부발전(주)신서천발전본부,1,2022-02-27 12:30,SOx,3.32
한국중부발전(주)신서천발전본부,1,2022-02-27 12:30,NOx,6.48
한국중부발전(주)신서천발전본부,1,2022-02-27 13:00,TSP,1.27
한국중부발전(주)신서천발전본부,1,2022-02-27 13:00,SOx,3.32
한국중부발전(주)신서천발전본부,1,2022-02-27 13:00,NOx,6.48
한국중부발전(주)신서천발전본부,1,2022-02-27 13:30,TSP,1.27
한국중부발전(주)신서천발전본부,1,2022-02-27 13:30,SOx,3.32
한국중부발전(주)신서천발전본부,1,2022-02-27 13:30,NOx,6.48
한국중부발전(주)신서천발전본부,1,2022-02-27 14:00,TSP,1.27
한국중부발전(주)신서천발전본부,1,2022-02-27 14:00,SOx,3.32
한국중부발전(주)신서천발전본부,1,2022-02-27 14:00,NOx,6.48
한국중부발전(주)신서천발전본부,1,2022-02-27 14:30,TSP,1.27
한국중부발전(주)신서천발전본부,1,2022-02-27 14:30,SOx,3.32
한국중부발전(주)신서천발전본부,1,2022-02-27 14:30,NOx,6.48
한국중부발전(주)신서천발전본부,1,2022-02-27 15:00,TSP,1.27
한국중부발전(주)신서천발전본부,1,2022-02-27 15:00,SOx,3.32
한국중부발전(주)신서천발전본부,1,2022-02-27 15:00,NOx,6.48
한국중부발전(주)신서천발전본부,1,2022-02-27 15:30,TSP,1.27
한국중부발전(주)신서천발전본부,1,2022-02-27 15:30,SOx,3.32
한국중부발전(주)신서천발전본부,1,2022-02-27 15:30,NOx,6.48
한국중부발전(주)신서천발전본부,1,2022-02-27 16:00,TSP,1.27
한국중부발전(주)신서천발전본부,1,2022-02-27 16:00,SOx,3.32
한국중부발전(주)신서천발전본부,1,2022-02-27 16:00,NOx,6.48
한국중부발전(주)신서천발전본부,1,2022-02-27 16:30,TSP,1.27
한국중부발전(주)신서천발전본부,1,2022-02-27 16:30,SOx,3.32
한국중부발전(주)신서천발전본부,1,2022-02-27 16:30,NOx,6.48
한국중부발전(주)신서천발전본부,1,2022-02-27 17:00,TSP,1.27
한국중부발전(주)신서천발전본부,1,2022-02-27 17:00,SOx,3.32
한국중부발전(주)신서천발전본부,1,2022-02-27 17:00,NOx,6.48
한국중부발전(주)신서천발전본부,1,2022-02-27 17:30,TSP,1.27
한국중부발전(주)신서천발전본부,1,2022-02-27 17:30,SOx,3.32
한국중부발전(주)신서천발전본부,1,2022-02-27 17:30,NOx,6.48
한국중부발전(주)신서천발전본부,1,2022-02-27 18:00,TSP,1.27
한국중부발전(주)신서천발전본부,1,2022-02-27 18:00,SOx,3.32
한국중부발전(주)신서천발전본부,1,2022-02-27 18:00,NOx,6.48
한국중부발전(주)신서천발전본부,1,2022-02-27 18:30,TSP,1.27
한국중부발전(주)신서천발전본부,1,2022-02-27 18:30,SOx,3.32
한국중부발전(주)신서천발전본부,1,2022-02-27 18:30,NOx,6.48
한국중부발전(주)신서천발전본부,1,2022-02-27 19:00,TSP,1.27
한국중부발전(주)신서천발전본부,1,2022-02-27 19:00,SOx,3.32
한국중부발전(주)신서천발전본부,1,2022-02-27 19:00,NOx,6.48
한국중부발전(주)신서천발전본부,1,2022-02-27 19:30,TSP,1.27
한국중부발전(주)신서천발전본부,1,2022-02-27 19:30,SOx,3.32
한국중부발전(주)신서천발전본부,1,2022-02-27 19:30,NOx,6.48
한국중부발전(주)신서천발전본부,1,2022-02-27 20:00,TSP,1.27
한국중부발전(주)신서천발전본부,1,2022-02-27 20:00,SOx,3.32
한국중부발전(주)신서천발전본부,1,2022-02-27 20:00,NOx,6.48
한국중부발전(주)신서천발전본부,1,2022-02-27 20:30,TSP,1.27
한국중부발전(주)신서천발전본부,1,2022-02-27 20:30,SOx,3.32
한국중부발전(주)신서천발전본부,1,2022-02-27 20:30,NOx,6.48
한국중부발전(주)신서천발전본부,1,2022-02-27 21:00,TSP,1.27
한국중부발전(주)신서천발전본부,1,2022-02-27 21:00,SOx,3.32
한국중부발전(주)신서천발전본부,1,2022-02-27 21:00,NOx,6.48
한국중부발전(주)신서천발전본부,1,2022-02-27 21:30,TSP,1.27
한국중부발전(주)신서천발전본부,1,2022-02-27 21:30,SOx,3.32
한국중부발전(주)신서천발전본부,1,2022-02-27 21:30,NOx,6.48
한국중부발전(주)신서천발전본부,1,2022-02-27 22:00,TSP,1.27
한국중부발전(주)신서천발전본부,1,2022-02-27 22:00,SOx,3.32
한국중부발전(주)신서천발전본부,1,2022-02-27 22:00,NOx,6.48
한국중부발전(주)신서천발전본부,1,2022-02-27 22:30,TSP,1.27
한국중부발전(주)신서천발전본부,1,2022-02-27 22:30,SOx,3.32
한국중부발전(주)신서천발전본부,1,2022-02-27 22:30,NOx,6.48
한국중부발전(주)신서천발전본부,1,2022-02-27 23:00,TSP,1.27
한국중부발전(주)신서천발전본부,1,2022-02-27 23:00,SOx,3.32
한국중부발전(주)신서천발전본부,1,2022-02-27 23:00,NOx,6.48
한국중부발전(주)신서천발전본부,1,2022-02-27 23:30,TSP,1.27
한국중부발전(주)신서천발전본부,1,2022-02-27 23:30,SOx,3.32
한국중부발전(주)신서천발전본부,1,2022-02-27 23:30,NOx,6.48
한국중부발전(주)신서천발전본부,1,2022-02-28 00:00,TSP,1.27
한국중부발전(주)신서천발전본부,1,2022-02-28 00:00,SOx,3.32
한국중부발전(주)신서천발전본부,1,2022-02-28 00:00,NOx,6.48
한국중부발전(주)신서천발전본부,1,2022-02-28 00:30,TSP,1.27
한국중부발전(주)신서천발전본부,1,2022-02-28 00:30,SOx,3.32
한국중부발전(주)신서천발전본부,1,2022-02-28 00:30,NOx,6.48
한국중부발전(주)신서천발전본부,1,2022-02-28 01:00,TSP,1.27
한국중부발전(주)신서천발전본부,1,2022-02-28 01:00,SOx,3.32
한국중부발전(주)신서천발전본부,1,2022-02-28 01:00,NOx,6.48
한국중부발전(주)신서천발전본부,1,2022-02-28 01:30,TSP,1.27
한국중부발전(주)신서천발전본부,1,2022-02-28 01:30,SOx,3.32
한국중부발전(주)신서천발전본부,1,2022-02-28 01:30,NOx,6.48
한국중부발전(주)신서천발전본부,1,2022-02-28 02:00,TSP,1.27
한국중부발전(주)신서천발전본부,1,2022-02-28 02:00,SOx,3.32
한국중부발전(주)신서천발전본부,1,2022-02-28 02:00,NOx,6.48
한국중부발전(주)신서천발전본부,1,2022-02-28 02:30,TSP,1.27
한국중부발전(주)신서천발전본부,1,2022-02-28 02:30,SOx,3.32
한국중부발전(주)신서천발전본부,1,2022-02-28 02:30,NOx,6.48
한국중부발전(주)신서천발전본부,1,2022-02-28 03:00,TSP,1.27
한국중부발전(주)신서천발전본부,1,2022-02-28 03:00,SOx,3.32
한국중부발전(주)신서천발전본부,1,2022-02-28 03:00,NOx,6.48
한국중부발전(주)신서천발전본부,1,2022-02-28 03:30,TSP,1.27
한국중부발전(주)신서천발전본부,1,2022-02-28 03:30,SOx,3.32
한국중부발전(주)신서천발전본부,1,2022-02-28 03:30,NOx,6.48
한국중부발전(주)신서천발전본부,1,2022-02-28 04:00,TSP,1.27
한국중부발전(주)신서천발전본부,1,2022-02-28 04:00,SOx,3.32
한국중부발전(주)신서천발전본부,1,2022-02-28 04:00,NOx,6.48
한국중부발전(주)신서천발전본부,1,2022-02-28 04:30,TSP,1.27
한국중부발전(주)신서천발전본부,1,2022-02-28 04:30,SOx,3.32
한국중부발전(주)신서천발전본부,1,2022-02-28 04:30,NOx,6.48
한국중부발전(주)신서천발전본부,1,2022-02-28 05:00,TSP,1.27
한국중부발전(주)신서천발전본부,1,2022-02-28 05:00,SOx,3.32
한국중부발전(주)신서천발전본부,1,2022-02-28 05:00,NOx,6.48
한국중부발전(주)신서천발전본부,1,2022-02-28 05:30,TSP,1.27
한국중부발전(주)신서천발전본부,1,2022-02-28 05:30,SOx,3.32
한국중부발전(주)신서천발전본부,1,2022-02-28 05:30,NOx,6.48
한국중부발전(주)신서천발전본부,1,2022-02-28 06:00,TSP,1.27
한국중부발전(주)신서천발전본부,1,2022-02-28 06:00,SOx,3.32
한국중부발전(주)신서천발전본부,1,2022-02-28 06:00,NOx,6.48
한국중부발전(주)신서천발전본부,1,2022-02-28 06:30,TSP,1.27
한국중부발전(주)신서천발전본부,1,2022-02-28 06:30,SOx,3.32
한국중부발전(주)신서천발전본부,1,2022-02-28 06:30,NOx,6.48
한국중부발전(주)신서천발전본부,1,2022-02-28 07:00,TSP,1.27
한국중부발전(주)신서천발전본부,1,2022-02-28 07:00,SOx,3.32
한국중부발전(주)신서천발전본부,1,2022-02-28 07:00,NOx,6.48
한국중부발전(주)신서천발전본부,1,2022-02-28 07:30,TSP,1.27
한국중부발전(주)신서천발전본부,1,2022-02-28 07:30,SOx,3.32
한국중부발전(주)신서천발전본부,1,2022-02-28 07:30,NOx,6.48
한국중부발전(주)신서천발전본부,1,2022-02-28 08:00,TSP,1.27
한국중부발전(주)신서천발전본부,1,2022-02-28 08:00,SOx,3.32
한국중부발전(주)신서천발전본부,1,2022-02-28 08:00,NOx,6.48
한국중부발전(주)신서천발전본부,1,2022-02-28 08:30,TSP,1.27
한국중부발전(주)신서천발전본부,1,2022-02-28 08:30,SOx,3.32
한국중부발전(주)신서천발전본부,1,2022-02-28 08:30,NOx,6.48
한국중부발전(주)신서천발전본부,1,2022-02-28 09:00,TSP,1.27
한국중부발전(주)신서천발전본부,1,2022-02-28 09:00,SOx,3.32
한국중부발전(주)신서천발전본부,1,2022-02-28 09:00,NOx,6.48
한국중부발전(주)신서천발전본부,1,2022-02-28 09:30,TSP,1.27
한국중부발전(주)신서천발전본부,1,2022-02-28 09:30,SOx,3.32
한국중부발전(주)신서천발전본부,1,2022-02-28 09:30,NOx,6.48
한국중부발전(주)신서천발전본부,1,2022-02-28 10:00,TSP,1.27
한국중부발전(주)신서천발전본부,1,2022-02-28 10:00,SOx,3.32
한국중부발전(주)신서천발전본부,1,2022-02-28 10:00,NOx,6.48
한국중부발전(주)신서천발전본부,1,2022-02-28 10:30,TSP,1.27
한국중부발전(주)신서천발전본부,1,2022-02-28 10:30,SOx,3.32
한국중부발전(주)신서천발전본부,1,2022-02-28 10:30,NOx,6.48
한국중부발전(주)신서천발전본부,1,2022-02-28 11:00,TSP,1.27
한국중부발전(주)신서천발전본부,1,2022-02-28 11:00,SOx,3.32
한국중부발전(주)신서천발전본부,1,2022-02-28 11:00,NOx,6.48
한국중부발전(주)신서천발전본부,1,2022-02-28 11:30,TSP,1.27
한국중부발전(주)신서천발전본부,1,2022-02-28 11:30,SOx,3.32
한국중부발전(주)신서천발전본부,1,2022-02-28 11:30,NOx,6.48
한국중부발전(주)신서천발전본부,1,2022-02-28 12:00,TSP,1.27
한국중부발전(주)신서천발전본부,1,2022-02-28 12:00,SOx,3.32
한국중부발전(주)신서천발전본부,1,2022-02-28 12:00,NOx,6.48
한국중부발전(주)신서천발전본부,1,2022-02-28 12:30,TSP,1.27
한국중부발전(주)신서천발전본부,1,2022-02-28 12:30,SOx,3.32
한국중부발전(주)신서천발전본부,1,2022-02-28 12:30,NOx,6.48
한국중부발전(주)신서천발전본부,1,2022-02-28 13:00,TSP,1.27
한국중부발전(주)신서천발전본부,1,2022-02-28 13:00,SOx,3.32
한국중부발전(주)신서천발전본부,1,2022-02-28 13:00,NOx,6.48
한국중부발전(주)신서천발전본부,1,2022-02-28 13:30,TSP,1.27
한국중부발전(주)신서천발전본부,1,2022-02-28 13:30,SOx,3.32
한국중부발전(주)신서천발전본부,1,2022-02-28 13:30,NOx,6.48
한국중부발전(주)신서천발전본부,1,2022-02-28 14:00,TSP,1.27
한국중부발전(주)신서천발전본부,1,2022-02-28 14:00,SOx,3.32
한국중부발전(주)신서천발전본부,1,2022-02-28 14:00,NOx,6.48
한국중부발전(주)신서천발전본부,1,2022-02-28 14:30,TSP,1.27
한국중부발전(주)신서천발전본부,1,2022-02-28 14:30,SOx,3.32
한국중부발전(주)신서천발전본부,1,2022-02-28 14:30,NOx,6.48
한국중부발전(주)신서천발전본부,1,2022-02-28 15:00,TSP,1.27
한국중부발전(주)신서천발전본부,1,2022-02-28 15:00,SOx,3.32
한국중부발전(주)신서천발전본부,1,2022-02-28 15:00,NOx,6.48
한국중부발전(주)신서천발전본부,1,2022-02-28 15:30,TSP,1.27
한국중부발전(주)신서천발전본부,1,2022-02-28 15:30,SOx,3.32
한국중부발전(주)신서천발전본부,1,2022-02-28 15:30,NOx,6.48
한국중부발전(주)신서천발전본부,1,2022-02-28 16:00,TSP,1.27
한국중부발전(주)신서천발전본부,1,2022-02-28 16:00,SOx,3.32
한국중부발전(주)신서천발전본부,1,2022-02-28 16:00,NOx,6.48
한국중부발전(주)신서천발전본부,1,2022-02-28 16:30,TSP,1.27
한국중부발전(주)신서천발전본부,1,2022-02-28 16:30,SOx,3.32
한국중부발전(주)신서천발전본부,1,2022-02-28 16:30,NOx,6.48
한국중부발전(주)신서천발전본부,1,2022-02-28 17:00,TSP,1.27
한국중부발전(주)신서천발전본부,1,2022-02-28 17:00,SOx,3.32
한국중부발전(주)신서천발전본부,1,2022-02-28 17:00,NOx,6.48
한국중부발전(주)신서천발전본부,1,2022-02-28 17:30,TSP,1.27
한국중부발전(주)신서천발전본부,1,2022-02-28 17:30,SOx,3.32
한국중부발전(주)신서천발전본부,1,2022-02-28 17:30,NOx,6.48
한국중부발전(주)신서천발전본부,1,2022-02-28 18:00,TSP,1.27
한국중부발전(주)신서천발전본부,1,2022-02-28 18:00,SOx,3.32
한국중부발전(주)신서천발전본부,1,2022-02-28 18:00,NOx,6.48
한국중부발전(주)신서천발전본부,1,2022-02-28 18:30,TSP,1.27
한국중부발전(주)신서천발전본부,1,2022-02-28 18:30,SOx,3.32
한국중부발전(주)신서천발전본부,1,2022-02-28 18:30,NOx,6.48
한국중부발전(주)신서천발전본부,1,2022-02-28 19:00,TSP,1.27
한국중부발전(주)신서천발전본부,1,2022-02-28 19:00,SOx,3.32
한국중부발전(주)신서천발전본부,1,2022-02-28 19:00,NOx,6.48
한국중부발전(주)신서천발전본부,1,2022-02-28 19:30,TSP,1.27
한국중부발전(주)신서천발전본부,1,2022-02-28 19:30,SOx,3.32
한국중부발전(주)신서천발전본부,1,2022-02-28 19:30,NOx,6.48
한국중부발전(주)신서천발전본부,1,2022-02-28 20:00,TSP,1.27
한국중부발전(주)신서천발전본부,1,2022-02-28 20:00,SOx,3.32
한국중부발전(주)신서천발전본부,1,2022-02-28 20:00,NOx,6.48
한국중부발전(주)신서천발전본부,1,2022-02-28 20:30,TSP,1.27
한국중부발전(주)신서천발전본부,1,2022-02-28 20:30,SOx,3.32
한국중부발전(주)신서천발전본부,1,2022-02-28 20:30,NOx,6.48
한국중부발전(주)신서천발전본부,1,2022-02-28 21:00,TSP,1.27
한국중부발전(주)신서천발전본부,1,2022-02-28 21:00,SOx,3.32
한국중부발전(주)신서천발전본부,1,2022-02-28 21:00,NOx,6.48
한국중부발전(주)신서천발전본부,1,2022-02-28 21:30,TSP,1.27
한국중부발전(주)신서천발전본부,1,2022-02-28 21:30,SOx,3.32
한국중부발전(주)신서천발전본부,1,2022-02-28 21:30,NOx,6.48
한국중부발전(주)신서천발전본부,1,2022-02-28 22:00,TSP,1.27
한국중부발전(주)신서천발전본부,1,2022-02-28 22:00,SOx,3.32
한국중부발전(주)신서천발전본부,1,2022-02-28 22:00,NOx,6.48
한국중부발전(주)신서천발전본부,1,2022-02-28 22:30,TSP,1.27
한국중부발전(주)신서천발전본부,1,2022-02-28 22:30,SOx,3.32
한국중부발전(주)신서천발전본부,1,2022-02-28 22:30,NOx,6.48
한국중부발전(주)신서천발전본부,1,2022-02-28 23:00,TSP,1.27
한국중부발전(주)신서천발전본부,1,2022-02-28 23:00,SOx,3.32
한국중부발전(주)신서천발전본부,1,2022-02-28 23:00,NOx,6.48
한국중부발전(주)신서천발전본부,1,2022-02-28 23:30,TSP,1.27
한국중부발전(주)신서천발전본부,1,2022-02-28 23:30,SOx,3.32
한국중부발전(주)신서천발전본부,1,2022-02-28 23:30,NOx,6.48
한국중부발전(주)신서천발전본부,1,2022-03-01 00:00,TSP,1.47
한국중부발전(주)신서천발전본부,1,2022-03-01 00:00,SOx,0.85
한국중부발전(주)신서천발전본부,1,2022-03-01 00:00,NOx,7.33
한국중부발전(주)신서천발전본부,1,2022-03-01 00:30,TSP,1.47
한국중부발전(주)신서천발전본부,1,2022-03-01 00:30,SOx,0.78
한국중부발전(주)신서천발전본부,1,2022-03-01 00:30,NOx,7.85
한국중부발전(주)신서천발전본부,1,2022-03-01 01:00,TSP,1.49
한국중부발전(주)신서천발전본부,1,2022-03-01 01:00,SOx,0.76
한국중부발전(주)신서천발전본부,1,2022-03-01 01:00,NOx,7.12
한국중부발전(주)신서천발전본부,1,2022-03-01 01:30,TSP,1.47
한국중부발전(주)신서천발전본부,1,2022-03-01 01:30,SOx,0.83
한국중부발전(주)신서천발전본부,1,2022-03-01 01:30,NOx,7.42
한국중부발전(주)신서천발전본부,1,2022-03-01 02:00,TSP,1.47
한국중부발전(주)신서천발전본부,1,2022-03-01 02:00,SOx,0.79
한국중부발전(주)신서천발전본부,1,2022-03-01 02:00,NOx,7.68
한국중부발전(주)신서천발전본부,1,2022-03-01 02:30,TSP,1.48
한국중부발전(주)신서천발전본부,1,2022-03-01 02:30,SOx,0.77
한국중부발전(주)신서천발전본부,1,2022-03-01 02:30,NOx,7.16
한국중부발전(주)신서천발전본부,1,2022-03-01 03:00,TSP,1.48
한국중부발전(주)신서천발전본부,1,2022-03-01 03:00,SOx,0.8
한국중부발전(주)신서천발전본부,1,2022-03-01 03:00,NOx,7.31
한국중부발전(주)신서천발전본부,1,2022-03-01 03:30,TSP,1.49
한국중부발전(주)신서천발전본부,1,2022-03-01 03:30,SOx,0.72
한국중부발전(주)신서천발전본부,1,2022-03-01 03:30,NOx,7.44
한국중부발전(주)신서천발전본부,1,2022-03-01 04:00,TSP,1.49
한국중부발전(주)신서천발전본부,1,2022-03-01 04:00,SOx,0.77
한국중부발전(주)신서천발전본부,1,2022-03-01 04:00,NOx,7.41
한국중부발전(주)신서천발전본부,1,2022-03-01 04:30,TSP,1.5
한국중부발전(주)신서천발전본부,1,2022-03-01 04:30,SOx,0.74
한국중부발전(주)신서천발전본부,1,2022-03-01 04:30,NOx,7.09
한국중부발전(주)신서천발전본부,1,2022-03-01 05:00,TSP,1.5
한국중부발전(주)신서천발전본부,1,2022-03-01 05:00,SOx,0.7
한국중부발전(주)신서천발전본부,1,2022-03-01 05:00,NOx,7.18
한국중부발전(주)신서천발전본부,1,2022-03-01 05:30,TSP,1.53
한국중부발전(주)신서천발전본부,1,2022-03-01 05:30,SOx,0.74
한국중부발전(주)신서천발전본부,1,2022-03-01 05:30,NOx,6.72
한국중부발전(주)신서천발전본부,1,2022-03-01 06:00,TSP,1.55
한국중부발전(주)신서천발전본부,1,2022-03-01 06:00,SOx,0.73
한국중부발전(주)신서천발전본부,1,2022-03-01 06:00,NOx,7.3
한국중부발전(주)신서천발전본부,1,2022-03-01 06:30,TSP,1.5
한국중부발전(주)신서천발전본부,1,2022-03-01 06:30,SOx,0.72
한국중부발전(주)신서천발전본부,1,2022-03-01 06:30,NOx,7.1
한국중부발전(주)신서천발전본부,1,2022-03-01 07:00,TSP,1.49
한국중부발전(주)신서천발전본부,1,2022-03-01 07:00,SOx,0.83
한국중부발전(주)신서천발전본부,1,2022-03-01 07:00,NOx,7.32
한국중부발전(주)신서천발전본부,1,2022-03-01 07:30,TSP,1.44
한국중부발전(주)신서천발전본부,1,2022-03-01 07:30,SOx,0.87
한국중부발전(주)신서천발전본부,1,2022-03-01 07:30,NOx,7.4
한국중부발전(주)신서천발전본부,1,2022-03-01 08:00,TSP,1.41
한국중부발전(주)신서천발전본부,1,2022-03-01 08:00,SOx,0.98
한국중부발전(주)신서천발전본부,1,2022-03-01 08:00,NOx,7.01
한국중부발전(주)신서천발전본부,1,2022-03-01 08:30,TSP,1.39
한국중부발전(주)신서천발전본부,1,2022-03-01 08:30,SOx,1.13
한국중부발전(주)신서천발전본부,1,2022-03-01 08:30,NOx,7.22
한국중부발전(주)신서천발전본부,1,2022-03-01 09:00,TSP,1.36
한국중부발전(주)신서천발전본부,1,2022-03-01 09:00,SOx,1.2
한국중부발전(주)신서천발전본부,1,2022-03-01 09:00,NOx,7.41
한국중부발전(주)신서천발전본부,1,2022-03-01 09:30,TSP,1.34
한국중부발전(주)신서천발전본부,1,2022-03-01 09:30,SOx,1.48
한국중부발전(주)신서천발전본부,1,2022-03-01 09:30,NOx,7.2
한국중부발전(주)신서천발전본부,1,2022-03-01 10:00,TSP,1.33
한국중부발전(주)신서천발전본부,1,2022-03-01 10:00,SOx,1.56
한국중부발전(주)신서천발전본부,1,2022-03-01 10:00,NOx,6.71
한국중부발전(주)신서천발전본부,1,2022-03-01 10:30,TSP,1.33
한국중부발전(주)신서천발전본부,1,2022-03-01 10:30,SOx,0.5
한국중부발전(주)신서천발전본부,1,2022-03-01 10:30,NOx,7.22
한국중부발전(주)신서천발전본부,1,2022-03-01 11:00,TSP,1.33
한국중부발전(주)신서천발전본부,1,2022-03-01 11:00,SOx,0.41
한국중부발전(주)신서천발전본부,1,2022-03-01 11:00,NOx,7.21
한국중부발전(주)신서천발전본부,1,2022-03-01 11:30,TSP,1.31
한국중부발전(주)신서천발전본부,1,2022-03-01 11:30,SOx,0.4
한국중부발전(주)신서천발전본부,1,2022-03-01 11:30,NOx,7.18
한국중부발전(주)신서천발전본부,1,2022-03-01 12:00,TSP,1.31
한국중부발전(주)신서천발전본부,1,2022-03-01 12:00,SOx,0.42
한국중부발전(주)신서천발전본부,1,2022-03-01 12:00,NOx,6.72
한국중부발전(주)신서천발전본부,1,2022-03-01 12:30,TSP,1.32
한국중부발전(주)신서천발전본부,1,2022-03-01 12:30,SOx,0.46
한국중부발전(주)신서천발전본부,1,2022-03-01 12:30,NOx,6.84
한국중부발전(주)신서천발전본부,1,2022-03-01 13:00,TSP,1.32
한국중부발전(주)신서천발전본부,1,2022-03-01 13:00,SOx,0.57
한국중부발전(주)신서천발전본부,1,2022-03-01 13:00,NOx,6.49
한국중부발전(주)신서천발전본부,1,2022-03-01 13:30,TSP,1.32
한국중부발전(주)신서천발전본부,1,2022-03-01 13:30,SOx,0.56
한국중부발전(주)신서천발전본부,1,2022-03-01 13:30,NOx,6.72
한국중부발전(주)신서천발전본부,1,2022-03-01 14:00,TSP,1.31
한국중부발전(주)신서천발전본부,1,2022-03-01 14:00,SOx,0.48
한국중부발전(주)신서천발전본부,1,2022-03-01 14:00,NOx,6.93
한국중부발전(주)신서천발전본부,1,2022-03-01 14:30,TSP,1.32
한국중부발전(주)신서천발전본부,1,2022-03-01 14:30,SOx,0.43
한국중부발전(주)신서천발전본부,1,2022-03-01 14:30,NOx,6.51
한국중부발전(주)신서천발전본부,1,2022-03-01 15:00,TSP,1.33
한국중부발전(주)신서천발전본부,1,2022-03-01 15:00,SOx,0.37
한국중부발전(주)신서천발전본부,1,2022-03-01 15:00,NOx,6.6
한국중부발전(주)신서천발전본부,1,2022-03-01 15:30,TSP,1.32
한국중부발전(주)신서천발전본부,1,2022-03-01 15:30,SOx,0.34
한국중부발전(주)신서천발전본부,1,2022-03-01 15:30,NOx,6.83
한국중부발전(주)신서천발전본부,1,2022-03-01 16:00,TSP,1.32
한국중부발전(주)신서천발전본부,1,2022-03-01 16:00,SOx,0.3
한국중부발전(주)신서천발전본부,1,2022-03-01 16:00,NOx,6.59
한국중부발전(주)신서천발전본부,1,2022-03-01 16:30,TSP,1.32
한국중부발전(주)신서천발전본부,1,2022-03-01 16:30,SOx,0.26
한국중부발전(주)신서천발전본부,1,2022-03-01 16:30,NOx,6.7
한국중부발전(주)신서천발전본부,1,2022-03-01 17:00,TSP,1.32
한국중부발전(주)신서천발전본부,1,2022-03-01 17:00,SOx,0.28
한국중부발전(주)신서천발전본부,1,2022-03-01 17:00,NOx,6.81
한국중부발전(주)신서천발전본부,1,2022-03-01 17:30,TSP,1.33
한국중부발전(주)신서천발전본부,1,2022-03-01 17:30,SOx,0.26
한국중부발전(주)신서천발전본부,1,2022-03-01 17:30,NOx,6.44
한국중부발전(주)신서천발전본부,1,2022-03-01 18:00,TSP,1.33
한국중부발전(주)신서천발전본부,1,2022-03-01 18:00,SOx,0.28
한국중부발전(주)신서천발전본부,1,2022-03-01 18:00,NOx,6.98
한국중부발전(주)신서천발전본부,1,2022-03-01 18:30,TSP,1.33
한국중부발전(주)신서천발전본부,1,2022-03-01 18:30,SOx,0.27
한국중부발전(주)신서천발전본부,1,2022-03-01 18:30,NOx,6.71
한국중부발전(주)신서천발전본부,1,2022-03-01 19:00,TSP,1.33
한국중부발전(주)신서천발전본부,1,2022-03-01 19:00,SOx,0.22
한국중부발전(주)신서천발전본부,1,2022-03-01 19:00,NOx,6.7
한국중부발전(주)신서천발전본부,1,2022-03-01 19:30,TSP,1.39
한국중부발전(주)신서천발전본부,1,2022-03-01 19:30,SOx,0.22
한국중부발전(주)신서천발전본부,1,2022-03-01 19:30,NOx,6.85
한국중부발전(주)신서천발전본부,1,2022-03-01 20:00,TSP,1.38
한국중부발전(주)신서천발전본부,1,2022-03-01 20:00,SOx,0.26
한국중부발전(주)신서천발전본부,1,2022-03-01 20:00,NOx,7.41
한국중부발전(주)신서천발전본부,1,2022-03-01 20:30,TSP,1.23
한국중부발전(주)신서천발전본부,1,2022-03-01 20:30,SOx,0.48
한국중부발전(주)신서천발전본부,1,2022-03-01 20:30,NOx,6.19
한국중부발전(주)신서천발전본부,1,2022-03-01 21:00,TSP,1.26
한국중부발전(주)신서천발전본부,1,2022-03-01 21:00,SOx,0.87
한국중부발전(주)신서천발전본부,1,2022-03-01 21:00,NOx,5.71
한국중부발전(주)신서천발전본부,1,2022-03-01 21:30,TSP,1.26
한국중부발전(주)신서천발전본부,1,2022-03-01 21:30,SOx,1.51
한국중부발전(주)신서천발전본부,1,2022-03-01 21:30,NOx,5.54
한국중부발전(주)신서천발전본부,1,2022-03-01 22:00,TSP,1.29
한국중부발전(주)신서천발전본부,1,2022-03-01 22:00,SOx,1.89
한국중부발전(주)신서천발전본부,1,2022-03-01 22:00,NOx,6.55
한국중부발전(주)신서천발전본부,1,2022-03-01 22:30,TSP,1.29
한국중부발전(주)신서천발전본부,1,2022-03-01 22:30,SOx,2.35
한국중부발전(주)신서천발전본부,1,2022-03-01 22:30,NOx,6.88
한국중부발전(주)신서천발전본부,1,2022-03-01 23:00,TSP,1.33
한국중부발전(주)신서천발전본부,1,2022-03-01 23:00,SOx,2.33
한국중부발전(주)신서천발전본부,1,2022-03-01 23:00,NOx,6.89
한국중부발전(주)신서천발전본부,1,2022-03-01 23:30,TSP,1.27
한국중부발전(주)신서천발전본부,1,2022-03-01 23:30,SOx,2.01
한국중부발전(주)신서천발전본부,1,2022-03-01 23:30,NOx,6.69
한국중부발전(주)신서천발전본부,1,2022-03-02 00:00,TSP,1.22
한국중부발전(주)신서천발전본부,1,2022-03-02 00:00,SOx,2.38
한국중부발전(주)신서천발전본부,1,2022-03-02 00:00,NOx,6.06
한국중부발전(주)신서천발전본부,1,2022-03-02 00:30,TSP,1.28
한국중부발전(주)신서천발전본부,1,2022-03-02 00:30,SOx,2.54
한국중부발전(주)신서천발전본부,1,2022-03-02 00:30,NOx,6.34
한국중부발전(주)신서천발전본부,1,2022-03-02 01:00,TSP,1.3
한국중부발전(주)신서천발전본부,1,2022-03-02 01:00,SOx,2.32
한국중부발전(주)신서천발전본부,1,2022-03-02 01:00,NOx,5.95
한국중부발전(주)신서천발전본부,1,2022-03-02 01:30,TSP,1.29
한국중부발전(주)신서천발전본부,1,2022-03-02 01:30,SOx,2.31
한국중부발전(주)신서천발전본부,1,2022-03-02 01:30,NOx,6.1
한국중부발전(주)신서천발전본부,1,2022-03-02 02:00,TSP,1.29
한국중부발전(주)신서천발전본부,1,2022-03-02 02:00,SOx,2.59
한국중부발전(주)신서천발전본부,1,2022-03-02 02:00,NOx,6.54
한국중부발전(주)신서천발전본부,1,2022-03-02 02:30,TSP,1.36
한국중부발전(주)신서천발전본부,1,2022-03-02 02:30,SOx,2.36
한국중부발전(주)신서천발전본부,1,2022-03-02 02:30,NOx,6.03
한국중부발전(주)신서천발전본부,1,2022-03-02 03:00,TSP,1.39
한국중부발전(주)신서천발전본부,1,2022-03-02 03:00,SOx,2.38
한국중부발전(주)신서천발전본부,1,2022-03-02 03:00,NOx,5.94
한국중부발전(주)신서천발전본부,1,2022-03-02 03:30,TSP,1.39
한국중부발전(주)신서천발전본부,1,2022-03-02 03:30,SOx,2.38
한국중부발전(주)신서천발전본부,1,2022-03-02 03:30,NOx,5.45
한국중부발전(주)신서천발전본부,1,2022-03-02 04:00,TSP,1.38
한국중부발전(주)신서천발전본부,1,2022-03-02 04:00,SOx,2.36
한국중부발전(주)신서천발전본부,1,2022-03-02 04:00,NOx,5.83
한국중부발전(주)신서천발전본부,1,2022-03-02 04:30,TSP,1.39
한국중부발전(주)신서천발전본부,1,2022-03-02 04:30,SOx,2.35
한국중부발전(주)신서천발전본부,1,2022-03-02 04:30,NOx,5.96
한국중부발전(주)신서천발전본부,1,2022-03-02 05:00,TSP,1.41
한국중부발전(주)신서천발전본부,1,2022-03-02 05:00,SOx,2.43
한국중부발전(주)신서천발전본부,1,2022-03-02 05:00,NOx,5.71
한국중부발전(주)신서천발전본부,1,2022-03-02 05:30,TSP,1.42
한국중부발전(주)신서천발전본부,1,2022-03-02 05:30,SOx,2.47
한국중부발전(주)신서천발전본부,1,2022-03-02 05:30,NOx,5.31
한국중부발전(주)신서천발전본부,1,2022-03-02 06:00,TSP,1.45
한국중부발전(주)신서천발전본부,1,2022-03-02 06:00,SOx,2.55
한국중부발전(주)신서천발전본부,1,2022-03-02 06:00,NOx,5.98
한국중부발전(주)신서천발전본부,1,2022-03-02 06:30,TSP,1.47
한국중부발전(주)신서천발전본부,1,2022-03-02 06:30,SOx,2.45
한국중부발전(주)신서천발전본부,1,2022-03-02 06:30,NOx,5.89
한국중부발전(주)신서천발전본부,1,2022-03-02 07:00,TSP,1.38
한국중부발전(주)신서천발전본부,1,2022-03-02 07:00,SOx,2.67
한국중부발전(주)신서천발전본부,1,2022-03-02 07:00,NOx,5.48
한국중부발전(주)신서천발전본부,1,2022-03-02 07:30,TSP,1.2
한국중부발전(주)신서천발전본부,1,2022-03-02 07:30,SOx,2.71
한국중부발전(주)신서천발전본부,1,2022-03-02 07:30,NOx,7.2
한국중부발전(주)신서천발전본부,1,2022-03-02 08:00,TSP,1.3
한국중부발전(주)신서천발전본부,1,2022-03-02 08:00,SOx,2.7
한국중부발전(주)신서천발전본부,1,2022-03-02 08:00,NOx,6.42
한국중부발전(주)신서천발전본부,1,2022-03-02 08:30,TSP,1.39
한국중부발전(주)신서천발전본부,1,2022-03-02 08:30,SOx,2.61
한국중부발전(주)신서천발전본부,1,2022-03-02 08:30,NOx,6.04
한국중부발전(주)신서천발전본부,1,2022-03-02 09:00,TSP,1.39
한국중부발전(주)신서천발전본부,1,2022-03-02 09:00,SOx,2.44
한국중부발전(주)신서천발전본부,1,2022-03-02 09:00,NOx,5.93
한국중부발전(주)신서천발전본부,1,2022-03-02 09:30,TSP,1.39
한국중부발전(주)신서천발전본부,1,2022-03-02 09:30,SOx,2.26
한국중부발전(주)신서천발전본부,1,2022-03-02 09:30,NOx,5.78
한국중부발전(주)신서천발전본부,1,2022-03-02 10:00,TSP,1.43
한국중부발전(주)신서천발전본부,1,2022-03-02 10:00,SOx,2.23
한국중부발전(주)신서천발전본부,1,2022-03-02 10:00,NOx,5.88
한국중부발전(주)신서천발전본부,1,2022-03-02 10:30,TSP,1.43
한국중부발전(주)신서천발전본부,1,2022-03-02 10:30,SOx,2.18
한국중부발전(주)신서천발전본부,1,2022-03-02 10:30,NOx,5.31
한국중부발전(주)신서천발전본부,1,2022-03-02 11:00,TSP,1.42
한국중부발전(주)신서천발전본부,1,2022-03-02 11:00,SOx,1.92
한국중부발전(주)신서천발전본부,1,2022-03-02 11:00,NOx,6.03
한국중부발전(주)신서천발전본부,1,2022-03-02 11:30,TSP,1.46
한국중부발전(주)신서천발전본부,1,2022-03-02 11:30,SOx,1.91
한국중부발전(주)신서천발전본부,1,2022-03-02 11:30,NOx,6.06
한국중부발전(주)신서천발전본부,1,2022-03-02 12:00,TSP,1.49
한국중부발전(주)신서천발전본부,1,2022-03-02 12:00,SOx,1.97
한국중부발전(주)신서천발전본부,1,2022-03-02 12:00,NOx,6.74
한국중부발전(주)신서천발전본부,1,2022-03-02 12:30,TSP,1.39
한국중부발전(주)신서천발전본부,1,2022-03-02 12:30,SOx,1.9
한국중부발전(주)신서천발전본부,1,2022-03-02 12:30,NOx,6.42
한국중부발전(주)신서천발전본부,1,2022-03-02 13:00,TSP,1.31
한국중부발전(주)신서천발전본부,1,2022-03-02 13:00,SOx,2.05
한국중부발전(주)신서천발전본부,1,2022-03-02 13:00,NOx,6.13
한국중부발전(주)신서천발전본부,1,2022-03-02 13:30,TSP,1.31
한국중부발전(주)신서천발전본부,1,2022-03-02 13:30,SOx,2.08
한국중부발전(주)신서천발전본부,1,2022-03-02 13:30,NOx,6.49
한국중부발전(주)신서천발전본부,1,2022-03-02 14:00,TSP,1.3
한국중부발전(주)신서천발전본부,1,2022-03-02 14:00,SOx,1.92
한국중부발전(주)신서천발전본부,1,2022-03-02 14:00,NOx,6.73
한국중부발전(주)신서천발전본부,1,2022-03-02 14:30,TSP,1.27
한국중부발전(주)신서천발전본부,1,2022-03-02 14:30,SOx,2.23
한국중부발전(주)신서천발전본부,1,2022-03-02 14:30,NOx,6.01
한국중부발전(주)신서천발전본부,1,2022-03-02 15:00,TSP,1.26
한국중부발전(주)신서천발전본부,1,2022-03-02 15:00,SOx,2.26
한국중부발전(주)신서천발전본부,1,2022-03-02 15:00,NOx,6.37
한국중부발전(주)신서천발전본부,1,2022-03-02 15:30,TSP,1.24
한국중부발전(주)신서천발전본부,1,2022-03-02 15:30,SOx,2.18
한국중부발전(주)신서천발전본부,1,2022-03-02 15:30,NOx,6.0
한국중부발전(주)신서천발전본부,1,2022-03-02 16:00,TSP,1.23
한국중부발전(주)신서천발전본부,1,2022-03-02 16:00,SOx,2.28
한국중부발전(주)신서천발전본부,1,2022-03-02 16:00,NOx,6.37
한국중부발전(주)신서천발전본부,1,2022-03-02 16:30,TSP,1.22
한국중부발전(주)신서천발전본부,1,2022-03-02 16:30,SOx,2.32
한국중부발전(주)신서천발전본부,1,2022-03-02 16:30,NOx,6.13
한국중부발전(주)신서천발전본부,1,2022-03-02 17:00,TSP,1.24
한국중부발전(주)신서천발전본부,1,2022-03-02 17:00,SOx,2.48
한국중부발전(주)신서천발전본부,1,2022-03-02 17:00,NOx,6.18
한국중부발전(주)신서천발전본부,1,2022-03-02 17:30,TSP,1.29
한국중부발전(주)신서천발전본부,1,2022-03-02 17:30,SOx,2.38
한국중부발전(주)신서천발전본부,1,2022-03-02 17:30,NOx,6.9
한국중부발전(주)신서천발전본부,1,2022-03-02 18:00,TSP,1.22
한국중부발전(주)신서천발전본부,1,2022-03-02 18:00,SOx,2.6
한국중부발전(주)신서천발전본부,1,2022-03-02 18:00,NOx,6.82
한국중부발전(주)신서천발전본부,1,2022-03-02 18:30,TSP,1.3
한국중부발전(주)신서천발전본부,1,2022-03-02 18:30,SOx,2.57
한국중부발전(주)신서천발전본부,1,2022-03-02 18:30,NOx,6.54
한국중부발전(주)신서천발전본부,1,2022-03-02 19:00,TSP,1.28
한국중부발전(주)신서천발전본부,1,2022-03-02 19:00,SOx,2.58
한국중부발전(주)신서천발전본부,1,2022-03-02 19:00,NOx,6.56
한국중부발전(주)신서천발전본부,1,2022-03-02 19:30,TSP,1.27
한국중부발전(주)신서천발전본부,1,2022-03-02 19:30,SOx,2.26
한국중부발전(주)신서천발전본부,1,2022-03-02 19:30,NOx,6.53
한국중부발전(주)신서천발전본부,1,2022-03-02 20:00,TSP,1.21
한국중부발전(주)신서천발전본부,1,2022-03-02 20:00,SOx,1.59
한국중부발전(주)신서천발전본부,1,2022-03-02 20:00,NOx,6.57
한국중부발전(주)신서천발전본부,1,2022-03-02 20:30,TSP,1.17
한국중부발전(주)신서천발전본부,1,2022-03-02 20:30,SOx,1.16
한국중부발전(주)신서천발전본부,1,2022-03-02 20:30,NOx,6.66
한국중부발전(주)신서천발전본부,1,2022-03-02 21:00,TSP,1.16
한국중부발전(주)신서천발전본부,1,2022-03-02 21:00,SOx,1.0
한국중부발전(주)신서천발전본부,1,2022-03-02 21:00,NOx,6.61
한국중부발전(주)신서천발전본부,1,2022-03-02 21:30,TSP,1.23
한국중부발전(주)신서천발전본부,1,2022-03-02 21:30,SOx,1.04
한국중부발전(주)신서천발전본부,1,2022-03-02 21:30,NOx,6.64
한국중부발전(주)신서천발전본부,1,2022-03-02 22:00,TSP,1.23
한국중부발전(주)신서천발전본부,1,2022-03-02 22:00,SOx,1.0
한국중부발전(주)신서천발전본부,1,2022-03-02 22:00,NOx,6.28
한국중부발전(주)신서천발전본부,1,2022-03-02 22:30,TSP,1.23
한국중부발전(주)신서천발전본부,1,2022-03-02 22:30,SOx,1.02
한국중부발전(주)신서천발전본부,1,2022-03-02 22:30,NOx,6.46
한국중부발전(주)신서천발전본부,1,2022-03-02 23:00,TSP,1.22
한국중부발전(주)신서천발전본부,1,2022-03-02 23:00,SOx,1.06
한국중부발전(주)신서천발전본부,1,2022-03-02 23:00,NOx,6.45
한국중부발전(주)신서천발전본부,1,2022-03-02 23:30,TSP,1.16
한국중부발전(주)신서천발전본부,1,2022-03-02 23:30,SOx,1.07
한국중부발전(주)신서천발전본부,1,2022-03-02 23:30,NOx,6.45
한국중부발전(주)신서천발전본부,1,2022-03-03 00:00,TSP,1.14
한국중부발전(주)신서천발전본부,1,2022-03-03 00:00,SOx,2.06
한국중부발전(주)신서천발전본부,1,2022-03-03 00:00,NOx,6.51
한국중부발전(주)신서천발전본부,1,2022-03-03 00:30,TSP,1.15
한국중부발전(주)신서천발전본부,1,2022-03-03 00:30,SOx,3.34
한국중부발전(주)신서천발전본부,1,2022-03-03 00:30,NOx,6.08
한국중부발전(주)신서천발전본부,1,2022-03-03 01:00,TSP,1.14
한국중부발전(주)신서천발전본부,1,2022-03-03 01:00,SOx,3.62
한국중부발전(주)신서천발전본부,1,2022-03-03 01:00,NOx,6.36
한국중부발전(주)신서천발전본부,1,2022-03-03 01:30,TSP,1.16
한국중부발전(주)신서천발전본부,1,2022-03-03 01:30,SOx,3.8
한국중부발전(주)신서천발전본부,1,2022-03-03 01:30,NOx,6.67
한국중부발전(주)신서천발전본부,1,2022-03-03 02:00,TSP,1.12
한국중부발전(주)신서천발전본부,1,2022-03-03 02:00,SOx,3.88
한국중부발전(주)신서천발전본부,1,2022-03-03 02:00,NOx,6.57
한국중부발전(주)신서천발전본부,1,2022-03-03 02:30,TSP,1.09
한국중부발전(주)신서천발전본부,1,2022-03-03 02:30,SOx,3.77
한국중부발전(주)신서천발전본부,1,2022-03-03 02:30,NOx,6.28
한국중부발전(주)신서천발전본부,1,2022-03-03 03:00,TSP,1.07
한국중부발전(주)신서천발전본부,1,2022-03-03 03:00,SOx,3.74
한국중부발전(주)신서천발전본부,1,2022-03-03 03:00,NOx,6.39
한국중부발전(주)신서천발전본부,1,2022-03-03 03:30,TSP,1.06
한국중부발전(주)신서천발전본부,1,2022-03-03 03:30,SOx,3.56
한국중부발전(주)신서천발전본부,1,2022-03-03 03:30,NOx,6.24
한국중부발전(주)신서천발전본부,1,2022-03-03 04:00,TSP,1.05
한국중부발전(주)신서천발전본부,1,2022-03-03 04:00,SOx,3.58
한국중부발전(주)신서천발전본부,1,2022-03-03 04:00,NOx,6.47
한국중부발전(주)신서천발전본부,1,2022-03-03 04:30,TSP,1.03
한국중부발전(주)신서천발전본부,1,2022-03-03 04:30,SOx,3.56
한국중부발전(주)신서천발전본부,1,2022-03-03 04:30,NOx,6.25
한국중부발전(주)신서천발전본부,1,2022-03-03 05:00,TSP,1.02
한국중부발전(주)신서천발전본부,1,2022-03-03 05:00,SOx,3.71
한국중부발전(주)신서천발전본부,1,2022-03-03 05:00,NOx,6.33
한국중부발전(주)신서천발전본부,1,2022-03-03 05:30,TSP,1.01
한국중부발전(주)신서천발전본부,1,2022-03-03 05:30,SOx,4.0
한국중부발전(주)신서천발전본부,1,2022-03-03 05:30,NOx,6.49
한국중부발전(주)신서천발전본부,1,2022-03-03 06:00,TSP,1.01
한국중부발전(주)신서천발전본부,1,2022-03-03 06:00,SOx,3.86
한국중부발전(주)신서천발전본부,1,2022-03-03 06:00,NOx,6.11
한국중부발전(주)신서천발전본부,1,2022-03-03 06:30,TSP,1.01
한국중부발전(주)신서천발전본부,1,2022-03-03 06:30,SOx,4.01
한국중부발전(주)신서천발전본부,1,2022-03-03 06:30,NOx,6.2
한국중부발전(주)신서천발전본부,1,2022-03-03 07:00,TSP,1.03
한국중부발전(주)신서천발전본부,1,2022-03-03 07:00,SOx,4.0
한국중부발전(주)신서천발전본부,1,2022-03-03 07:00,NOx,6.24
한국중부발전(주)신서천발전본부,1,2022-03-03 07:30,TSP,1.03
한국중부발전(주)신서천발전본부,1,2022-03-03 07:30,SOx,4.08
한국중부발전(주)신서천발전본부,1,2022-03-03 07:30,NOx,6.61
한국중부발전(주)신서천발전본부,1,2022-03-03 08:00,TSP,1.03
한국중부발전(주)신서천발전본부,1,2022-03-03 08:00,SOx,4.41
한국중부발전(주)신서천발전본부,1,2022-03-03 08:00,NOx,6.04
한국중부발전(주)신서천발전본부,1,2022-03-03 08:30,TSP,1.06
한국중부발전(주)신서천발전본부,1,2022-03-03 08:30,SOx,4.71
한국중부발전(주)신서천발전본부,1,2022-03-03 08:30,NOx,6.04
한국중부발전(주)신서천발전본부,1,2022-03-03 09:00,TSP,1.09
한국중부발전(주)신서천발전본부,1,2022-03-03 09:00,SOx,4.87
한국중부발전(주)신서천발전본부,1,2022-03-03 09:00,NOx,6.02
한국중부발전(주)신서천발전본부,1,2022-03-03 09:30,TSP,1.1
한국중부발전(주)신서천발전본부,1,2022-03-03 09:30,SOx,4.87
한국중부발전(주)신서천발전본부,1,2022-03-03 09:30,NOx,5.91
한국중부발전(주)신서천발전본부,1,2022-03-03 10:00,TSP,1.11
한국중부발전(주)신서천발전본부,1,2022-03-03 10:00,SOx,4.94
한국중부발전(주)신서천발전본부,1,2022-03-03 10:00,NOx,6.4
한국중부발전(주)신서천발전본부,1,2022-03-03 10:30,TSP,1.11
한국중부발전(주)신서천발전본부,1,2022-03-03 10:30,SOx,4.74
한국중부발전(주)신서천발전본부,1,2022-03-03 10:30,NOx,6.2
한국중부발전(주)신서천발전본부,1,2022-03-03 11:00,TSP,1.1
한국중부발전(주)신서천발전본부,1,2022-03-03 11:00,SOx,4.92
한국중부발전(주)신서천발전본부,1,2022-03-03 11:00,NOx,5.6
한국중부발전(주)신서천발전본부,1,2022-03-03 11:30,TSP,1.1
한국중부발전(주)신서천발전본부,1,2022-03-03 11:30,SOx,4.84
한국중부발전(주)신서천발전본부,1,2022-03-03 11:30,NOx,6.29
한국중부발전(주)신서천발전본부,1,2022-03-03 12:00,TSP,1.12
한국중부발전(주)신서천발전본부,1,2022-03-03 12:00,SOx,5.3
한국중부발전(주)신서천발전본부,1,2022-03-03 12:00,NOx,6.12
한국중부발전(주)신서천발전본부,1,2022-03-03 12:30,TSP,1.12
한국중부발전(주)신서천발전본부,1,2022-03-03 12:30,SOx,4.99
한국중부발전(주)신서천발전본부,1,2022-03-03 12:30,NOx,6.35
한국중부발전(주)신서천발전본부,1,2022-03-03 13:00,TSP,1.11
한국중부발전(주)신서천발전본부,1,2022-03-03 13:00,SOx,5.07
한국중부발전(주)신서천발전본부,1,2022-03-03 13:00,NOx,6.22
한국중부발전(주)신서천발전본부,1,2022-03-03 13:30,TSP,1.12
한국중부발전(주)신서천발전본부,1,2022-03-03 13:30,SOx,4.86
한국중부발전(주)신서천발전본부,1,2022-03-03 13:30,NOx,6.4
한국중부발전(주)신서천발전본부,1,2022-03-03 14:00,TSP,1.13
한국중부발전(주)신서천발전본부,1,2022-03-03 14:00,SOx,4.83
한국중부발전(주)신서천발전본부,1,2022-03-03 14:00,NOx,6.57
한국중부발전(주)신서천발전본부,1,2022-03-03 14:30,TSP,1.13
한국중부발전(주)신서천발전본부,1,2022-03-03 14:30,SOx,5.0
한국중부발전(주)신서천발전본부,1,2022-03-03 14:30,NOx,6.25
한국중부발전(주)신서천발전본부,1,2022-03-03 15:00,TSP,1.12
한국중부발전(주)신서천발전본부,1,2022-03-03 15:00,SOx,5.18
한국중부발전(주)신서천발전본부,1,2022-03-03 15:00,NOx,6.59
한국중부발전(주)신서천발전본부,1,2022-03-03 15:30,TSP,1.14
한국중부발전(주)신서천발전본부,1,2022-03-03 15:30,SOx,5.41
한국중부발전(주)신서천발전본부,1,2022-03-03 15:30,NOx,6.3
한국중부발전(주)신서천발전본부,1,2022-03-03 16:00,TSP,1.16
한국중부발전(주)신서천발전본부,1,2022-03-03 16:00,SOx,5.09
한국중부발전(주)신서천발전본부,1,2022-03-03 16:00,NOx,6.38
한국중부발전(주)신서천발전본부,1,2022-03-03 16:30,TSP,1.17
한국중부발전(주)신서천발전본부,1,2022-03-03 16:30,SOx,5.07
한국중부발전(주)신서천발전본부,1,2022-03-03 16:30,NOx,5.74
한국중부발전(주)신서천발전본부,1,2022-03-03 17:00,TSP,1.19
한국중부발전(주)신서천발전본부,1,2022-03-03 17:00,SOx,4.93
한국중부발전(주)신서천발전본부,1,2022-03-03 17:00,NOx,5.83
한국중부발전(주)신서천발전본부,1,2022-03-03 17:30,TSP,1.22
한국중부발전(주)신서천발전본부,1,2022-03-03 17:30,SOx,5.07
한국중부발전(주)신서천발전본부,1,2022-03-03 17:30,NOx,5.84
한국중부발전(주)신서천발전본부,1,2022-03-03 18:00,TSP,1.25
한국중부발전(주)신서천발전본부,1,2022-03-03 18:00,SOx,5.38
한국중부발전(주)신서천발전본부,1,2022-03-03 18:00,NOx,6.4
한국중부발전(주)신서천발전본부,1,2022-03-03 18:30,TSP,1.27
한국중부발전(주)신서천발전본부,1,2022-03-03 18:30,SOx,5.3
한국중부발전(주)신서천발전본부,1,2022-03-03 18:30,NOx,6.08
한국중부발전(주)신서천발전본부,1,2022-03-03 19:00,TSP,1.23
한국중부발전(주)신서천발전본부,1,2022-03-03 19:00,SOx,5.43
한국중부발전(주)신서천발전본부,1,2022-03-03 19:00,NOx,6.51
한국중부발전(주)신서천발전본부,1,2022-03-03 19:30,TSP,1.23
한국중부발전(주)신서천발전본부,1,2022-03-03 19:30,SOx,5.26
한국중부발전(주)신서천발전본부,1,2022-03-03 19:30,NOx,5.76
한국중부발전(주)신서천발전본부,1,2022-03-03 20:00,TSP,1.21
한국중부발전(주)신서천발전본부,1,2022-03-03 20:00,SOx,5.4
한국중부발전(주)신서천발전본부,1,2022-03-03 20:00,NOx,6.59
한국중부발전(주)신서천발전본부,1,2022-03-03 20:30,TSP,1.31
한국중부발전(주)신서천발전본부,1,2022-03-03 20:30,SOx,5.41
한국중부발전(주)신서천발전본부,1,2022-03-03 20:30,NOx,6.06
한국중부발전(주)신서천발전본부,1,2022-03-03 21:00,TSP,1.27
한국중부발전(주)신서천발전본부,1,2022-03-03 21:00,SOx,5.57
한국중부발전(주)신서천발전본부,1,2022-03-03 21:00,NOx,5.31
한국중부발전(주)신서천발전본부,1,2022-03-03 21:30,TSP,1.3
한국중부발전(주)신서천발전본부,1,2022-03-03 21:30,SOx,5.67
한국중부발전(주)신서천발전본부,1,2022-03-03 21:30,NOx,6.01
한국중부발전(주)신서천발전본부,1,2022-03-03 22:00,TSP,1.37
한국중부발전(주)신서천발전본부,1,2022-03-03 22:00,SOx,5.5
한국중부발전(주)신서천발전본부,1,2022-03-03 22:00,NOx,6.05
한국중부발전(주)신서천발전본부,1,2022-03-03 22:30,TSP,1.37
한국중부발전(주)신서천발전본부,1,2022-03-03 22:30,SOx,5.26
한국중부발전(주)신서천발전본부,1,2022-03-03 22:30,NOx,6.23
한국중부발전(주)신서천발전본부,1,2022-03-03 23:00,TSP,1.41
한국중부발전(주)신서천발전본부,1,2022-03-03 23:00,SOx,5.12
한국중부발전(주)신서천발전본부,1,2022-03-03 23:00,NOx,6.0
한국중부발전(주)신서천발전본부,1,2022-03-03 23:30,TSP,1.48
한국중부발전(주)신서천발전본부,1,2022-03-03 23:30,SOx,4.93
한국중부발전(주)신서천발전본부,1,2022-03-03 23:30,NOx,5.93
한국중부발전(주)신서천발전본부,1,2022-03-04 00:00,TSP,1.35
한국중부발전(주)신서천발전본부,1,2022-03-04 00:00,SOx,5.08
한국중부발전(주)신서천발전본부,1,2022-03-04 00:00,NOx,6.34
한국중부발전(주)신서천발전본부,1,2022-03-04 00:30,TSP,1.4
한국중부발전(주)신서천발전본부,1,2022-03-04 00:30,SOx,4.94
한국중부발전(주)신서천발전본부,1,2022-03-04 00:30,NOx,6.11
한국중부발전(주)신서천발전본부,1,2022-03-04 01:00,TSP,1.41
한국중부발전(주)신서천발전본부,1,2022-03-04 01:00,SOx,5.1
한국중부발전(주)신서천발전본부,1,2022-03-04 01:00,NOx,5.72
한국중부발전(주)신서천발전본부,1,2022-03-04 01:30,TSP,1.35
한국중부발전(주)신서천발전본부,1,2022-03-04 01:30,SOx,4.89
한국중부발전(주)신서천발전본부,1,2022-03-04 01:30,NOx,5.57
한국중부발전(주)신서천발전본부,1,2022-03-04 02:00,TSP,1.36
한국중부발전(주)신서천발전본부,1,2022-03-04 02:00,SOx,4.88
한국중부발전(주)신서천발전본부,1,2022-03-04 02:00,NOx,5.77
한국중부발전(주)신서천발전본부,1,2022-03-04 02:30,TSP,1.33
한국중부발전(주)신서천발전본부,1,2022-03-04 02:30,SOx,4.73
한국중부발전(주)신서천발전본부,1,2022-03-04 02:30,NOx,5.56
한국중부발전(주)신서천발전본부,1,2022-03-04 03:00,TSP,1.44
한국중부발전(주)신서천발전본부,1,2022-03-04 03:00,SOx,4.85
한국중부발전(주)신서천발전본부,1,2022-03-04 03:00,NOx,5.3
한국중부발전(주)신서천발전본부,1,2022-03-04 03:30,TSP,1.4
한국중부발전(주)신서천발전본부,1,2022-03-04 03:30,SOx,4.75
한국중부발전(주)신서천발전본부,1,2022-03-04 03:30,NOx,5.7
한국중부발전(주)신서천발전본부,1,2022-03-04 04:00,TSP,1.35
한국중부발전(주)신서천발전본부,1,2022-03-04 04:00,SOx,4.73
한국중부발전(주)신서천발전본부,1,2022-03-04 04:00,NOx,5.51
한국중부발전(주)신서천발전본부,1,2022-03-04 04:30,TSP,1.29
한국중부발전(주)신서천발전본부,1,2022-03-04 04:30,SOx,4.73
한국중부발전(주)신서천발전본부,1,2022-03-04 04:30,NOx,5.74
한국중부발전(주)신서천발전본부,1,2022-03-04 05:00,TSP,1.27
한국중부발전(주)신서천발전본부,1,2022-03-04 05:00,SOx,5.05
한국중부발전(주)신서천발전본부,1,2022-03-04 05:00,NOx,5.56
한국중부발전(주)신서천발전본부,1,2022-03-04 05:30,TSP,1.25
한국중부발전(주)신서천발전본부,1,2022-03-04 05:30,SOx,5.23
한국중부발전(주)신서천발전본부,1,2022-03-04 05:30,NOx,5.44
한국중부발전(주)신서천발전본부,1,2022-03-04 06:00,TSP,1.26
한국중부발전(주)신서천발전본부,1,2022-03-04 06:00,SOx,5.3
한국중부발전(주)신서천발전본부,1,2022-03-04 06:00,NOx,5.28
한국중부발전(주)신서천발전본부,1,2022-03-04 06:30,TSP,1.24
한국중부발전(주)신서천발전본부,1,2022-03-04 06:30,SOx,5.31
한국중부발전(주)신서천발전본부,1,2022-03-04 06:30,NOx,5.68
한국중부발전(주)신서천발전본부,1,2022-03-04 07:00,TSP,1.23
한국중부발전(주)신서천발전본부,1,2022-03-04 07:00,SOx,5.36
한국중부발전(주)신서천발전본부,1,2022-03-04 07:00,NOx,5.4
한국중부발전(주)신서천발전본부,1,2022-03-04 07:30,TSP,1.21
한국중부발전(주)신서천발전본부,1,2022-03-04 07:30,SOx,5.34
한국중부발전(주)신서천발전본부,1,2022-03-04 07:30,NOx,5.78
한국중부발전(주)신서천발전본부,1,2022-03-04 08:00,TSP,1.23
한국중부발전(주)신서천발전본부,1,2022-03-04 08:00,SOx,5.64
한국중부발전(주)신서천발전본부,1,2022-03-04 08:00,NOx,5.76
한국중부발전(주)신서천발전본부,1,2022-03-04 08:30,TSP,1.3
한국중부발전(주)신서천발전본부,1,2022-03-04 08:30,SOx,5.15
한국중부발전(주)신서천발전본부,1,2022-03-04 08:30,NOx,5.7
한국중부발전(주)신서천발전본부,1,2022-03-04 09:00,TSP,1.26
한국중부발전(주)신서천발전본부,1,2022-03-04 09:00,SOx,4.84
한국중부발전(주)신서천발전본부,1,2022-03-04 09:00,NOx,6.0
한국중부발전(주)신서천발전본부,1,2022-03-04 09:30,TSP,1.3
한국중부발전(주)신서천발전본부,1,2022-03-04 09:30,SOx,4.79
한국중부발전(주)신서천발전본부,1,2022-03-04 09:30,NOx,5.47
한국중부발전(주)신서천발전본부,1,2022-03-04 10:00,TSP,1.33
한국중부발전(주)신서천발전본부,1,2022-03-04 10:00,SOx,5.08
한국중부발전(주)신서천발전본부,1,2022-03-04 10:00,NOx,5.77
한국중부발전(주)신서천발전본부,1,2022-03-04 10:30,TSP,1.33
한국중부발전(주)신서천발전본부,1,2022-03-04 10:30,SOx,5.4
한국중부발전(주)신서천발전본부,1,2022-03-04 10:30,NOx,6.02
한국중부발전(주)신서천발전본부,1,2022-03-04 11:00,TSP,1.14
한국중부발전(주)신서천발전본부,1,2022-03-04 11:00,SOx,5.07
한국중부발전(주)신서천발전본부,1,2022-03-04 11:00,NOx,5.73
한국중부발전(주)신서천발전본부,1,2022-03-04 11:30,TSP,1.16
한국중부발전(주)신서천발전본부,1,2022-03-04 11:30,SOx,4.5
한국중부발전(주)신서천발전본부,1,2022-03-04 11:30,NOx,5.97
한국중부발전(주)신서천발전본부,1,2022-03-04 12:00,TSP,1.18
한국중부발전(주)신서천발전본부,1,2022-03-04 12:00,SOx,3.98
한국중부발전(주)신서천발전본부,1,2022-03-04 12:00,NOx,5.84
한국중부발전(주)신서천발전본부,1,2022-03-04 12:30,TSP,1.2
한국중부발전(주)신서천발전본부,1,2022-03-04 12:30,SOx,3.92
한국중부발전(주)신서천발전본부,1,2022-03-04 12:30,NOx,6.55
한국중부발전(주)신서천발전본부,1,2022-03-04 13:00,TSP,1.17
한국중부발전(주)신서천발전본부,1,2022-03-04 13:00,SOx,4.68
한국중부발전(주)신서천발전본부,1,2022-03-04 13:00,NOx,5.36
한국중부발전(주)신서천발전본부,1,2022-03-04 13:30,TSP,1.15
한국중부발전(주)신서천발전본부,1,2022-03-04 13:30,SOx,5.32
한국중부발전(주)신서천발전본부,1,2022-03-04 13:30,NOx,5.82
한국중부발전(주)신서천발전본부,1,2022-03-04 14:00,TSP,1.11
한국중부발전(주)신서천발전본부,1,2022-03-04 14:00,SOx,5.47
한국중부발전(주)신서천발전본부,1,2022-03-04 14:00,NOx,5.64
한국중부발전(주)신서천발전본부,1,2022-03-04 14:30,TSP,1.12
한국중부발전(주)신서천발전본부,1,2022-03-04 14:30,SOx,5.14
한국중부발전(주)신서천발전본부,1,2022-03-04 14:30,NOx,5.7
한국중부발전(주)신서천발전본부,1,2022-03-04 15:00,TSP,1.11
한국중부발전(주)신서천발전본부,1,2022-03-04 15:00,SOx,4.68
한국중부발전(주)신서천발전본부,1,2022-03-04 15:00,NOx,6.02
한국중부발전(주)신서천발전본부,1,2022-03-04 15:30,TSP,1.1
한국중부발전(주)신서천발전본부,1,2022-03-04 15:30,SOx,4.54
한국중부발전(주)신서천발전본부,1,2022-03-04 15:30,NOx,6.21
한국중부발전(주)신서천발전본부,1,2022-03-04 16:00,TSP,1.12
한국중부발전(주)신서천발전본부,1,2022-03-04 16:00,SOx,4.54
한국중부발전(주)신서천발전본부,1,2022-03-04 16:00,NOx,5.67
한국중부발전(주)신서천발전본부,1,2022-03-04 16:30,TSP,1.12
한국중부발전(주)신서천발전본부,1,2022-03-04 16:30,SOx,4.75
한국중부발전(주)신서천발전본부,1,2022-03-04 16:30,NOx,6.08
한국중부발전(주)신서천발전본부,1,2022-03-04 17:00,TSP,1.12
한국중부발전(주)신서천발전본부,1,2022-03-04 17:00,SOx,5.27
한국중부발전(주)신서천발전본부,1,2022-03-04 17:00,NOx,5.8
한국중부발전(주)신서천발전본부,1,2022-03-04 17:30,TSP,1.11
한국중부발전(주)신서천발전본부,1,2022-03-04 17:30,SOx,5.09
한국중부발전(주)신서천발전본부,1,2022-03-04 17:30,NOx,5.72
한국중부발전(주)신서천발전본부,1,2022-03-04 18:00,TSP,1.11
한국중부발전(주)신서천발전본부,1,2022-03-04 18:00,SOx,4.85
한국중부발전(주)신서천발전본부,1,2022-03-04 18:00,NOx,5.95
한국중부발전(주)신서천발전본부,1,2022-03-04 18:30,TSP,1.12
한국중부발전(주)신서천발전본부,1,2022-03-04 18:30,SOx,4.74
한국중부발전(주)신서천발전본부,1,2022-03-04 18:30,NOx,5.58
한국중부발전(주)신서천발전본부,1,2022-03-04 19:00,TSP,1.11
한국중부발전(주)신서천발전본부,1,2022-03-04 19:00,SOx,4.63
한국중부발전(주)신서천발전본부,1,2022-03-04 19:00,NOx,5.4
한국중부발전(주)신서천발전본부,1,2022-03-04 19:30,TSP,1.12
한국중부발전(주)신서천발전본부,1,2022-03-04 19:30,SOx,4.89
한국중부발전(주)신서천발전본부,1,2022-03-04 19:30,NOx,5.44
한국중부발전(주)신서천발전본부,1,2022-03-04 20:00,TSP,1.09
한국중부발전(주)신서천발전본부,1,2022-03-04 20:00,SOx,5.24
한국중부발전(주)신서천발전본부,1,2022-03-04 20:00,NOx,5.68
한국중부발전(주)신서천발전본부,1,2022-03-04 20:30,TSP,1.11
한국중부발전(주)신서천발전본부,1,2022-03-04 20:30,SOx,5.71
한국중부발전(주)신서천발전본부,1,2022-03-04 20:30,NOx,5.66
한국중부발전(주)신서천발전본부,1,2022-03-04 21:00,TSP,1.14
한국중부발전(주)신서천발전본부,1,2022-03-04 21:00,SOx,6.1
한국중부발전(주)신서천발전본부,1,2022-03-04 21:00,NOx,5.69
한국중부발전(주)신서천발전본부,1,2022-03-04 21:30,TSP,1.17
한국중부발전(주)신서천발전본부,1,2022-03-04 21:30,SOx,6.06
한국중부발전(주)신서천발전본부,1,2022-03-04 21:30,NOx,5.68
한국중부발전(주)신서천발전본부,1,2022-03-04 22:00,TSP,1.13
한국중부발전(주)신서천발전본부,1,2022-03-04 22:00,SOx,5.03
한국중부발전(주)신서천발전본부,1,2022-03-04 22:00,NOx,5.83
한국중부발전(주)신서천발전본부,1,2022-03-04 22:30,TSP,1.13
한국중부발전(주)신서천발전본부,1,2022-03-04 22:30,SOx,4.76
한국중부발전(주)신서천발전본부,1,2022-03-04 22:30,NOx,6.05
한국중부발전(주)신서천발전본부,1,2022-03-04 23:00,TSP,1.23
한국중부발전(주)신서천발전본부,1,2022-03-04 23:00,SOx,5.07
한국중부발전(주)신서천발전본부,1,2022-03-04 23:00,NOx,5.57
한국중부발전(주)신서천발전본부,1,2022-03-04 23:30,TSP,1.25
한국중부발전(주)신서천발전본부,1,2022-03-04 23:30,SOx,5.3
한국중부발전(주)신서천발전본부,1,2022-03-04 23:30,NOx,5.71
한국중부발전(주)신서천발전본부,1,2022-03-05 00:00,TSP,1.22
한국중부발전(주)신서천발전본부,1,2022-03-05 00:00,SOx,5.45
한국중부발전(주)신서천발전본부,1,2022-03-05 00:00,NOx,5.56
한국중부발전(주)신서천발전본부,1,2022-03-05 00:30,TSP,1.25
한국중부발전(주)신서천발전본부,1,2022-03-05 00:30,SOx,5.34
한국중부발전(주)신서천발전본부,1,2022-03-05 00:30,NOx,5.58
한국중부발전(주)신서천발전본부,1,2022-03-05 01:00,TSP,1.27
한국중부발전(주)신서천발전본부,1,2022-03-05 01:00,SOx,4.85
한국중부발전(주)신서천발전본부,1,2022-03-05 01:00,NOx,5.43
한국중부발전(주)신서천발전본부,1,2022-03-05 01:30,TSP,1.27
한국중부발전(주)신서천발전본부,1,2022-03-05 01:30,SOx,4.29
한국중부발전(주)신서천발전본부,1,2022-03-05 01:30,NOx,5.3
한국중부발전(주)신서천발전본부,1,2022-03-05 02:00,TSP,1.26
한국중부발전(주)신서천발전본부,1,2022-03-05 02:00,SOx,4.63
한국중부발전(주)신서천발전본부,1,2022-03-05 02:00,NOx,5.33
한국중부발전(주)신서천발전본부,1,2022-03-05 02:30,TSP,1.21
한국중부발전(주)신서천발전본부,1,2022-03-05 02:30,SOx,4.89
한국중부발전(주)신서천발전본부,1,2022-03-05 02:30,NOx,5.44
한국중부발전(주)신서천발전본부,1,2022-03-05 03:00,TSP,1.2
한국중부발전(주)신서천발전본부,1,2022-03-05 03:00,SOx,5.39
한국중부발전(주)신서천발전본부,1,2022-03-05 03:00,NOx,5.54
한국중부발전(주)신서천발전본부,1,2022-03-05 03:30,TSP,1.23
한국중부발전(주)신서천발전본부,1,2022-03-05 03:30,SOx,5.6
한국중부발전(주)신서천발전본부,1,2022-03-05 03:30,NOx,5.21
한국중부발전(주)신서천발전본부,1,2022-03-05 04:00,TSP,1.26
한국중부발전(주)신서천발전본부,1,2022-03-05 04:00,SOx,5.06
한국중부발전(주)신서천발전본부,1,2022-03-05 04:00,NOx,5.58
한국중부발전(주)신서천발전본부,1,2022-03-05 04:30,TSP,1.26
한국중부발전(주)신서천발전본부,1,2022-03-05 04:30,SOx,4.53
한국중부발전(주)신서천발전본부,1,2022-03-05 04:30,NOx,5.41
한국중부발전(주)신서천발전본부,1,2022-03-05 05:00,TSP,1.25
한국중부발전(주)신서천발전본부,1,2022-03-05 05:00,SOx,4.45
한국중부발전(주)신서천발전본부,1,2022-03-05 05:00,NOx,5.5
한국중부발전(주)신서천발전본부,1,2022-03-05 05:30,TSP,1.24
한국중부발전(주)신서천발전본부,1,2022-03-05 05:30,SOx,4.66
한국중부발전(주)신서천발전본부,1,2022-03-05 05:30,NOx,5.65
한국중부발전(주)신서천발전본부,1,2022-03-05 06:00,TSP,1.21
한국중부발전(주)신서천발전본부,1,2022-03-05 06:00,SOx,5.2
한국중부발전(주)신서천발전본부,1,2022-03-05 06:00,NOx,5.78
한국중부발전(주)신서천발전본부,1,2022-03-05 06:30,TSP,1.22
한국중부발전(주)신서천발전본부,1,2022-03-05 06:30,SOx,5.43
한국중부발전(주)신서천발전본부,1,2022-03-05 06:30,NOx,5.53
한국중부발전(주)신서천발전본부,1,2022-03-05 07:00,TSP,1.25
한국중부발전(주)신서천발전본부,1,2022-03-05 07:00,SOx,5.17
한국중부발전(주)신서천발전본부,1,2022-03-05 07:00,NOx,5.67
한국중부발전(주)신서천발전본부,1,2022-03-05 07:30,TSP,1.26
한국중부발전(주)신서천발전본부,1,2022-03-05 07:30,SOx,4.94
한국중부발전(주)신서천발전본부,1,2022-03-05 07:30,NOx,5.89
한국중부발전(주)신서천발전본부,1,2022-03-05 08:00,TSP,1.29
한국중부발전(주)신서천발전본부,1,2022-03-05 08:00,SOx,4.71
한국중부발전(주)신서천발전본부,1,2022-03-05 08:00,NOx,5.76
한국중부발전(주)신서천발전본부,1,2022-03-05 08:30,TSP,1.35
한국중부발전(주)신서천발전본부,1,2022-03-05 08:30,SOx,4.76
한국중부발전(주)신서천발전본부,1,2022-03-05 08:30,NOx,5.01
한국중부발전(주)신서천발전본부,1,2022-03-05 09:00,TSP,1.36
한국중부발전(주)신서천발전본부,1,2022-03-05 09:00,SOx,4.95
한국중부발전(주)신서천발전본부,1,2022-03-05 09:00,NOx,5.72
한국중부발전(주)신서천발전본부,1,2022-03-05 09:30,TSP,1.34
한국중부발전(주)신서천발전본부,1,2022-03-05 09:30,SOx,5.06
한국중부발전(주)신서천발전본부,1,2022-03-05 09:30,NOx,5.17
한국중부발전(주)신서천발전본부,1,2022-03-05 10:00,TSP,1.34
한국중부발전(주)신서천발전본부,1,2022-03-05 10:00,SOx,5.22
한국중부발전(주)신서천발전본부,1,2022-03-05 10:00,NOx,5.75
한국중부발전(주)신서천발전본부,1,2022-03-05 10:30,TSP,1.34
한국중부발전(주)신서천발전본부,1,2022-03-05 10:30,SOx,4.99
한국중부발전(주)신서천발전본부,1,2022-03-05 10:30,NOx,5.46
한국중부발전(주)신서천발전본부,1,2022-03-05 11:00,TSP,1.23
한국중부발전(주)신서천발전본부,1,2022-03-05 11:00,SOx,4.81
한국중부발전(주)신서천발전본부,1,2022-03-05 11:00,NOx,6.25
한국중부발전(주)신서천발전본부,1,2022-03-05 11:30,TSP,1.29
한국중부발전(주)신서천발전본부,1,2022-03-05 11:30,SOx,4.73
한국중부발전(주)신서천발전본부,1,2022-03-05 11:30,NOx,5.64
한국중부발전(주)신서천발전본부,1,2022-03-05 12:00,TSP,1.33
한국중부발전(주)신서천발전본부,1,2022-03-05 12:00,SOx,4.86
한국중부발전(주)신서천발전본부,1,2022-03-05 12:00,NOx,5.73
한국중부발전(주)신서천발전본부,1,2022-03-05 12:30,TSP,1.34
한국중부발전(주)신서천발전본부,1,2022-03-05 12:30,SOx,4.84
한국중부발전(주)신서천발전본부,1,2022-03-05 12:30,NOx,5.93
한국중부발전(주)신서천발전본부,1,2022-03-05 13:00,TSP,1.37
한국중부발전(주)신서천발전본부,1,2022-03-05 13:00,SOx,5.01
한국중부발전(주)신서천발전본부,1,2022-03-05 13:00,NOx,5.47
한국중부발전(주)신서천발전본부,1,2022-03-05 13:30,TSP,1.31
한국중부발전(주)신서천발전본부,1,2022-03-05 13:30,SOx,4.71
한국중부발전(주)신서천발전본부,1,2022-03-05 13:30,NOx,5.74
한국중부발전(주)신서천발전본부,1,2022-03-05 14:00,TSP,1.38
한국중부발전(주)신서천발전본부,1,2022-03-05 14:00,SOx,4.72
한국중부발전(주)신서천발전본부,1,2022-03-05 14:00,NOx,5.02
한국중부발전(주)신서천발전본부,1,2022-03-05 14:30,TSP,1.28
한국중부발전(주)신서천발전본부,1,2022-03-05 14:30,SOx,4.32
한국중부발전(주)신서천발전본부,1,2022-03-05 14:30,NOx,6.83
한국중부발전(주)신서천발전본부,1,2022-03-05 15:00,TSP,1.35
한국중부발전(주)신서천발전본부,1,2022-03-05 15:00,SOx,4.93
한국중부발전(주)신서천발전본부,1,2022-03-05 15:00,NOx,5.34
한국중부발전(주)신서천발전본부,1,2022-03-05 15:30,TSP,1.38
한국중부발전(주)신서천발전본부,1,2022-03-05 15:30,SOx,4.3
한국중부발전(주)신서천발전본부,1,2022-03-05 15:30,NOx,5.57
한국중부발전(주)신서천발전본부,1,2022-03-05 16:00,TSP,1.32
한국중부발전(주)신서천발전본부,1,2022-03-05 16:00,SOx,4.98
한국중부발전(주)신서천발전본부,1,2022-03-05 16:00,NOx,5.47
한국중부발전(주)신서천발전본부,1,2022-03-05 16:30,TSP,1.31
한국중부발전(주)신서천발전본부,1,2022-03-05 16:30,SOx,5.0
한국중부발전(주)신서천발전본부,1,2022-03-05 16:30,NOx,5.32
한국중부발전(주)신서천발전본부,1,2022-03-05 17:00,TSP,1.23
한국중부발전(주)신서천발전본부,1,2022-03-05 17:00,SOx,4.82
한국중부발전(주)신서천발전본부,1,2022-03-05 17:00,NOx,5.78
한국중부발전(주)신서천발전본부,1,2022-03-05 17:30,TSP,1.32
한국중부발전(주)신서천발전본부,1,2022-03-05 17:30,SOx,4.68
한국중부발전(주)신서천발전본부,1,2022-03-05 17:30,NOx,5.23
한국중부발전(주)신서천발전본부,1,2022-03-05 18:00,TSP,1.32
한국중부발전(주)신서천발전본부,1,2022-03-05 18:00,SOx,4.63
한국중부발전(주)신서천발전본부,1,2022-03-05 18:00,NOx,5.38
한국중부발전(주)신서천발전본부,1,2022-03-05 18:30,TSP,1.32
한국중부발전(주)신서천발전본부,1,2022-03-05 18:30,SOx,4.95
한국중부발전(주)신서천발전본부,1,2022-03-05 18:30,NOx,5.68
한국중부발전(주)신서천발전본부,1,2022-03-05 19:00,TSP,1.3
한국중부발전(주)신서천발전본부,1,2022-03-05 19:00,SOx,4.96
한국중부발전(주)신서천발전본부,1,2022-03-05 19:00,NOx,5.46
한국중부발전(주)신서천발전본부,1,2022-03-05 19:30,TSP,1.23
한국중부발전(주)신서천발전본부,1,2022-03-05 19:30,SOx,4.89
한국중부발전(주)신서천발전본부,1,2022-03-05 19:30,NOx,5.42
한국중부발전(주)신서천발전본부,1,2022-03-05 20:00,TSP,1.17
한국중부발전(주)신서천발전본부,1,2022-03-05 20:00,SOx,4.91
한국중부발전(주)신서천발전본부,1,2022-03-05 20:00,NOx,6.16
한국중부발전(주)신서천발전본부,1,2022-03-05 20:30,TSP,1.17
한국중부발전(주)신서천발전본부,1,2022-03-05 20:30,SOx,4.75
한국중부발전(주)신서천발전본부,1,2022-03-05 20:30,NOx,5.9
한국중부발전(주)신서천발전본부,1,2022-03-05 21:00,TSP,1.19
한국중부발전(주)신서천발전본부,1,2022-03-05 21:00,SOx,4.66
한국중부발전(주)신서천발전본부,1,2022-03-05 21:00,NOx,5.61
한국중부발전(주)신서천발전본부,1,2022-03-05 21:30,TSP,1.2
한국중부발전(주)신서천발전본부,1,2022-03-05 21:30,SOx,4.81
한국중부발전(주)신서천발전본부,1,2022-03-05 21:30,NOx,5.49
한국중부발전(주)신서천발전본부,1,2022-03-05 22:00,TSP,1.16
한국중부발전(주)신서천발전본부,1,2022-03-05 22:00,SOx,4.83
한국중부발전(주)신서천발전본부,1,2022-03-05 22:00,NOx,5.68
한국중부발전(주)신서천발전본부,1,2022-03-05 22:30,TSP,1.16
한국중부발전(주)신서천발전본부,1,2022-03-05 22:30,SOx,5.12
한국중부발전(주)신서천발전본부,1,2022-03-05 22:30,NOx,5.63
한국중부발전(주)신서천발전본부,1,2022-03-05 23:00,TSP,1.12
한국중부발전(주)신서천발전본부,1,2022-03-05 23:00,SOx,5.05
한국중부발전(주)신서천발전본부,1,2022-03-05 23:00,NOx,5.47
한국중부발전(주)신서천발전본부,1,2022-03-05 23:30,TSP,1.15
한국중부발전(주)신서천발전본부,1,2022-03-05 23:30,SOx,4.72
한국중부발전(주)신서천발전본부,1,2022-03-05 23:30,NOx,5.77
한국중부발전(주)신서천발전본부,1,2022-03-06 00:00,TSP,1.15
한국중부발전(주)신서천발전본부,1,2022-03-06 00:00,SOx,4.31
한국중부발전(주)신서천발전본부,1,2022-03-06 00:00,NOx,5.96
한국중부발전(주)신서천발전본부,1,2022-03-06 00:30,TSP,1.13
한국중부발전(주)신서천발전본부,1,2022-03-06 00:30,SOx,4.29
한국중부발전(주)신서천발전본부,1,2022-03-06 00:30,NOx,5.97
한국중부발전(주)신서천발전본부,1,2022-03-06 01:00,TSP,1.14
한국중부발전(주)신서천발전본부,1,2022-03-06 01:00,SOx,4.49
한국중부발전(주)신서천발전본부,1,2022-03-06 01:00,NOx,5.48
한국중부발전(주)신서천발전본부,1,2022-03-06 01:30,TSP,1.13
한국중부발전(주)신서천발전본부,1,2022-03-06 01:30,SOx,4.66
한국중부발전(주)신서천발전본부,1,2022-03-06 01:30,NOx,5.51
한국중부발전(주)신서천발전본부,1,2022-03-06 02:00,TSP,1.13
한국중부발전(주)신서천발전본부,1,2022-03-06 02:00,SOx,4.98
한국중부발전(주)신서천발전본부,1,2022-03-06 02:00,NOx,5.75
한국중부발전(주)신서천발전본부,1,2022-03-06 02:30,TSP,1.14
한국중부발전(주)신서천발전본부,1,2022-03-06 02:30,SOx,4.75
한국중부발전(주)신서천발전본부,1,2022-03-06 02:30,NOx,5.95
한국중부발전(주)신서천발전본부,1,2022-03-06 03:00,TSP,1.12
한국중부발전(주)신서천발전본부,1,2022-03-06 03:00,SOx,4.6
한국중부발전(주)신서천발전본부,1,2022-03-06 03:00,NOx,5.49
한국중부발전(주)신서천발전본부,1,2022-03-06 03:30,TSP,1.1
한국중부발전(주)신서천발전본부,1,2022-03-06 03:30,SOx,4.6
한국중부발전(주)신서천발전본부,1,2022-03-06 03:30,NOx,5.72
한국중부발전(주)신서천발전본부,1,2022-03-06 04:00,TSP,1.1
한국중부발전(주)신서천발전본부,1,2022-03-06 04:00,SOx,4.5
한국중부발전(주)신서천발전본부,1,2022-03-06 04:00,NOx,5.9
한국중부발전(주)신서천발전본부,1,2022-03-06 04:30,TSP,1.1
한국중부발전(주)신서천발전본부,1,2022-03-06 04:30,SOx,4.82
한국중부발전(주)신서천발전본부,1,2022-03-06 04:30,NOx,6.12
한국중부발전(주)신서천발전본부,1,2022-03-06 05:00,TSP,1.1
한국중부발전(주)신서천발전본부,1,2022-03-06 05:00,SOx,4.86
한국중부발전(주)신서천발전본부,1,2022-03-06 05:00,NOx,5.91
한국중부발전(주)신서천발전본부,1,2022-03-06 05:30,TSP,1.1
한국중부발전(주)신서천발전본부,1,2022-03-06 05:30,SOx,4.86
한국중부발전(주)신서천발전본부,1,2022-03-06 05:30,NOx,6.0
한국중부발전(주)신서천발전본부,1,2022-03-06 06:00,TSP,1.09
한국중부발전(주)신서천발전본부,1,2022-03-06 06:00,SOx,5.09
한국중부발전(주)신서천발전본부,1,2022-03-06 06:00,NOx,5.95
한국중부발전(주)신서천발전본부,1,2022-03-06 06:30,TSP,1.1
한국중부발전(주)신서천발전본부,1,2022-03-06 06:30,SOx,5.17
한국중부발전(주)신서천발전본부,1,2022-03-06 06:30,NOx,6.11
한국중부발전(주)신서천발전본부,1,2022-03-06 07:00,TSP,1.12
한국중부발전(주)신서천발전본부,1,2022-03-06 07:00,SOx,5.22
한국중부발전(주)신서천발전본부,1,2022-03-06 07:00,NOx,5.96
한국중부발전(주)신서천발전본부,1,2022-03-06 07:30,TSP,1.12
한국중부발전(주)신서천발전본부,1,2022-03-06 07:30,SOx,4.94
한국중부발전(주)신서천발전본부,1,2022-03-06 07:30,NOx,6.32
한국중부발전(주)신서천발전본부,1,2022-03-06 08:00,TSP,1.14
한국중부발전(주)신서천발전본부,1,2022-03-06 08:00,SOx,4.11
한국중부발전(주)신서천발전본부,1,2022-03-06 08:00,NOx,6.28
한국중부발전(주)신서천발전본부,1,2022-03-06 08:30,TSP,1.22
한국중부발전(주)신서천발전본부,1,2022-03-06 08:30,SOx,4.4
한국중부발전(주)신서천발전본부,1,2022-03-06 08:30,NOx,5.21
한국중부발전(주)신서천발전본부,1,2022-03-06 09:00,TSP,1.27
한국중부발전(주)신서천발전본부,1,2022-03-06 09:00,SOx,3.85
한국중부발전(주)신서천발전본부,1,2022-03-06 09:00,NOx,6.16
한국중부발전(주)신서천발전본부,1,2022-03-06 09:30,TSP,1.34
한국중부발전(주)신서천발전본부,1,2022-03-06 09:30,SOx,4.47
한국중부발전(주)신서천발전본부,1,2022-03-06 09:30,NOx,5.81
한국중부발전(주)신서천발전본부,1,2022-03-06 10:00,TSP,1.31
한국중부발전(주)신서천발전본부,1,2022-03-06 10:00,SOx,5.71
한국중부발전(주)신서천발전본부,1,2022-03-06 10:00,NOx,4.82
한국중부발전(주)신서천발전본부,1,2022-03-06 10:30,TSP,1.31
한국중부발전(주)신서천발전본부,1,2022-03-06 10:30,SOx,5.12
한국중부발전(주)신서천발전본부,1,2022-03-06 10:30,NOx,5.71
한국중부발전(주)신서천발전본부,1,2022-03-06 11:00,TSP,1.26
한국중부발전(주)신서천발전본부,1,2022-03-06 11:00,SOx,4.49
한국중부발전(주)신서천발전본부,1,2022-03-06 11:00,NOx,5.88
한국중부발전(주)신서천발전본부,1,2022-03-06 11:30,TSP,1.19
한국중부발전(주)신서천발전본부,1,2022-03-06 11:30,SOx,4.14
한국중부발전(주)신서천발전본부,1,2022-03-06 11:30,NOx,6.26
한국중부발전(주)신서천발전본부,1,2022-03-06 12:00,TSP,1.32
한국중부발전(주)신서천발전본부,1,2022-03-06 12:00,SOx,4.3
한국중부발전(주)신서천발전본부,1,2022-03-06 12:00,NOx,6.39
한국중부발전(주)신서천발전본부,1,2022-03-06 12:30,TSP,1.32
한국중부발전(주)신서천발전본부,1,2022-03-06 12:30,SOx,4.54
한국중부발전(주)신서천발전본부,1,2022-03-06 12:30,NOx,5.77
한국중부발전(주)신서천발전본부,1,2022-03-06 13:00,TSP,1.25
한국중부발전(주)신서천발전본부,1,2022-03-06 13:00,SOx,5.0
한국중부발전(주)신서천발전본부,1,2022-03-06 13:00,NOx,5.82
한국중부발전(주)신서천발전본부,1,2022-03-06 13:30,TSP,1.32
한국중부발전(주)신서천발전본부,1,2022-03-06 13:30,SOx,4.4
한국중부발전(주)신서천발전본부,1,2022-03-06 13:30,NOx,6.1
한국중부발전(주)신서천발전본부,1,2022-03-06 14:00,TSP,1.27
한국중부발전(주)신서천발전본부,1,2022-03-06 14:00,SOx,3.89
한국중부발전(주)신서천발전본부,1,2022-03-06 14:00,NOx,5.35
한국중부발전(주)신서천발전본부,1,2022-03-06 14:30,TSP,1.34
한국중부발전(주)신서천발전본부,1,2022-03-06 14:30,SOx,4.1
한국중부발전(주)신서천발전본부,1,2022-03-06 14:30,NOx,6.41
한국중부발전(주)신서천발전본부,1,2022-03-06 15:00,TSP,1.31
한국중부발전(주)신서천발전본부,1,2022-03-06 15:00,SOx,4.6
한국중부발전(주)신서천발전본부,1,2022-03-06 15:00,NOx,5.24
한국중부발전(주)신서천발전본부,1,2022-03-06 15:30,TSP,1.33
한국중부발전(주)신서천발전본부,1,2022-03-06 15:30,SOx,4.74
한국중부발전(주)신서천발전본부,1,2022-03-06 15:30,NOx,5.74
한국중부발전(주)신서천발전본부,1,2022-03-06 16:00,TSP,1.34
한국중부발전(주)신서천발전본부,1,2022-03-06 16:00,SOx,4.29
한국중부발전(주)신서천발전본부,1,2022-03-06 16:00,NOx,5.91
한국중부발전(주)신서천발전본부,1,2022-03-06 16:30,TSP,1.33
한국중부발전(주)신서천발전본부,1,2022-03-06 16:30,SOx,4.13
한국중부발전(주)신서천발전본부,1,2022-03-06 16:30,NOx,5.89
한국중부발전(주)신서천발전본부,1,2022-03-06 17:00,TSP,1.3
한국중부발전(주)신서천발전본부,1,2022-03-06 17:00,SOx,3.99
한국중부발전(주)신서천발전본부,1,2022-03-06 17:00,NOx,6.18
한국중부발전(주)신서천발전본부,1,2022-03-06 17:30,TSP,1.23
한국중부발전(주)신서천발전본부,1,2022-03-06 17:30,SOx,3.87
한국중부발전(주)신서천발전본부,1,2022-03-06 17:30,NOx,6.06
한국중부발전(주)신서천발전본부,1,2022-03-06 18:00,TSP,1.2
한국중부발전(주)신서천발전본부,1,2022-03-06 18:00,SOx,3.89
한국중부발전(주)신서천발전본부,1,2022-03-06 18:00,NOx,5.78
한국중부발전(주)신서천발전본부,1,2022-03-06 18:30,TSP,1.18
한국중부발전(주)신서천발전본부,1,2022-03-06 18:30,SOx,3.84
한국중부발전(주)신서천발전본부,1,2022-03-06 18:30,NOx,6.17
한국중부발전(주)신서천발전본부,1,2022-03-06 19:00,TSP,1.17
한국중부발전(주)신서천발전본부,1,2022-03-06 19:00,SOx,3.88
한국중부발전(주)신서천발전본부,1,2022-03-06 19:00,NOx,6.22
한국중부발전(주)신서천발전본부,1,2022-03-06 19:30,TSP,1.17
한국중부발전(주)신서천발전본부,1,2022-03-06 19:30,SOx,3.71
한국중부발전(주)신서천발전본부,1,2022-03-06 19:30,NOx,6.28
한국중부발전(주)신서천발전본부,1,2022-03-06 20:00,TSP,1.11
한국중부발전(주)신서천발전본부,1,2022-03-06 20:00,SOx,4.07
한국중부발전(주)신서천발전본부,1,2022-03-06 20:00,NOx,6.14
한국중부발전(주)신서천발전본부,1,2022-03-06 20:30,TSP,1.07
한국중부발전(주)신서천발전본부,1,2022-03-06 20:30,SOx,4.28
한국중부발전(주)신서천발전본부,1,2022-03-06 20:30,NOx,6.0
한국중부발전(주)신서천발전본부,1,2022-03-06 21:00,TSP,1.05
한국중부발전(주)신서천발전본부,1,2022-03-06 21:00,SOx,4.1
한국중부발전(주)신서천발전본부,1,2022-03-06 21:00,NOx,6.27
한국중부발전(주)신서천발전본부,1,2022-03-06 21:30,TSP,1.05
한국중부발전(주)신서천발전본부,1,2022-03-06 21:30,SOx,3.81
한국중부발전(주)신서천발전본부,1,2022-03-06 21:30,NOx,5.72
한국중부발전(주)신서천발전본부,1,2022-03-06 22:00,TSP,1.04
한국중부발전(주)신서천발전본부,1,2022-03-06 22:00,SOx,3.88
한국중부발전(주)신서천발전본부,1,2022-03-06 22:00,NOx,6.25
한국중부발전(주)신서천발전본부,1,2022-03-06 22:30,TSP,1.04
한국중부발전(주)신서천발전본부,1,2022-03-06 22:30,SOx,4.08
한국중부발전(주)신서천발전본부,1,2022-03-06 22:30,NOx,6.16
한국중부발전(주)신서천발전본부,1,2022-03-06 23:00,TSP,1.04
한국중부발전(주)신서천발전본부,1,2022-03-06 23:00,SOx,4.31
한국중부발전(주)신서천발전본부,1,2022-03-06 23:00,NOx,6.37
한국중부발전(주)신서천발전본부,1,2022-03-06 23:30,TSP,1.04
한국중부발전(주)신서천발전본부,1,2022-03-06 23:30,SOx,4.0
한국중부발전(주)신서천발전본부,1,2022-03-06 23:30,NOx,6.33
한국중부발전(주)신서천발전본부,1,2022-03-07 00:00,TSP,1.05
한국중부발전(주)신서천발전본부,1,2022-03-07 00:00,SOx,4.06
한국중부발전(주)신서천발전본부,1,2022-03-07 00:00,NOx,6.76
한국중부발전(주)신서천발전본부,1,2022-03-07 00:30,TSP,1.07
한국중부발전(주)신서천발전본부,1,2022-03-07 00:30,SOx,4.81
한국중부발전(주)신서천발전본부,1,2022-03-07 00:30,NOx,5.31
한국중부발전(주)신서천발전본부,1,2022-03-07 01:00,TSP,1.09
한국중부발전(주)신서천발전본부,1,2022-03-07 01:00,SOx,5.44
한국중부발전(주)신서천발전본부,1,2022-03-07 01:00,NOx,6.52
한국중부발전(주)신서천발전본부,1,2022-03-07 01:30,TSP,1.13
한국중부발전(주)신서천발전본부,1,2022-03-07 01:30,SOx,5.99
한국중부발전(주)신서천발전본부,1,2022-03-07 01:30,NOx,8.32
한국중부발전(주)신서천발전본부,1,2022-03-07 02:00,TSP,1.15
한국중부발전(주)신서천발전본부,1,2022-03-07 02:00,SOx,5.8
한국중부발전(주)신서천발전본부,1,2022-03-07 02:00,NOx,9.33
한국중부발전(주)신서천발전본부,1,2022-03-07 02:30,TSP,1.17
한국중부발전(주)신서천발전본부,1,2022-03-07 02:30,SOx,5.15
한국중부발전(주)신서천발전본부,1,2022-03-07 02:30,NOx,5.34
한국중부발전(주)신서천발전본부,1,2022-03-07 03:00,TSP,1.23
한국중부발전(주)신서천발전본부,1,2022-03-07 03:00,SOx,4.48
한국중부발전(주)신서천발전본부,1,2022-03-07 03:00,NOx,7.39
한국중부발전(주)신서천발전본부,1,2022-03-07 03:30,TSP,1.26
한국중부발전(주)신서천발전본부,1,2022-03-07 03:30,SOx,4.48
한국중부발전(주)신서천발전본부,1,2022-03-07 03:30,NOx,6.74
한국중부발전(주)신서천발전본부,1,2022-03-07 04:00,TSP,1.27
한국중부발전(주)신서천발전본부,1,2022-03-07 04:00,SOx,4.44
한국중부발전(주)신서천발전본부,1,2022-03-07 04:00,NOx,6.6
한국중부발전(주)신서천발전본부,1,2022-03-07 04:30,TSP,1.29
한국중부발전(주)신서천발전본부,1,2022-03-07 04:30,SOx,4.87
한국중부발전(주)신서천발전본부,1,2022-03-07 04:30,NOx,7.16
한국중부발전(주)신서천발전본부,1,2022-03-07 05:00,TSP,1.28
한국중부발전(주)신서천발전본부,1,2022-03-07 05:00,SOx,4.9
한국중부발전(주)신서천발전본부,1,2022-03-07 05:00,NOx,6.85
한국중부발전(주)신서천발전본부,1,2022-03-07 05:30,TSP,1.25
한국중부발전(주)신서천발전본부,1,2022-03-07 05:30,SOx,5.04
한국중부발전(주)신서천발전본부,1,2022-03-07 05:30,NOx,7.15
한국중부발전(주)신서천발전본부,1,2022-03-07 06:00,TSP,1.26
한국중부발전(주)신서천발전본부,1,2022-03-07 06:00,SOx,5.23
한국중부발전(주)신서천발전본부,1,2022-03-07 06:00,NOx,6.94
한국중부발전(주)신서천발전본부,1,2022-03-07 06:30,TSP,1.23
한국중부발전(주)신서천발전본부,1,2022-03-07 06:30,SOx,5.18
한국중부발전(주)신서천발전본부,1,2022-03-07 06:30,NOx,7.56
한국중부발전(주)신서천발전본부,1,2022-03-07 07:00,TSP,1.26
한국중부발전(주)신서천발전본부,1,2022-03-07 07:00,SOx,5.09
한국중부발전(주)신서천발전본부,1,2022-03-07 07:00,NOx,6.92
한국중부발전(주)신서천발전본부,1,2022-03-07 07:30,TSP,1.26
한국중부발전(주)신서천발전본부,1,2022-03-07 07:30,SOx,4.8
한국중부발전(주)신서천발전본부,1,2022-03-07 07:30,NOx,7.22
한국중부발전(주)신서천발전본부,1,2022-03-07 08:00,TSP,1.26
한국중부발전(주)신서천발전본부,1,2022-03-07 08:00,SOx,4.69
한국중부발전(주)신서천발전본부,1,2022-03-07 08:00,NOx,6.93
한국중부발전(주)신서천발전본부,1,2022-03-07 08:30,TSP,1.3
한국중부발전(주)신서천발전본부,1,2022-03-07 08:30,SOx,4.68
한국중부발전(주)신서천발전본부,1,2022-03-07 08:30,NOx,6.93
한국중부발전(주)신서천발전본부,1,2022-03-07 09:00,TSP,1.34
한국중부발전(주)신서천발전본부,1,2022-03-07 09:00,SOx,4.77
한국중부발전(주)신서천발전본부,1,2022-03-07 09:00,NOx,6.55
한국중부발전(주)신서천발전본부,1,2022-03-07 09:30,TSP,1.37
한국중부발전(주)신서천발전본부,1,2022-03-07 09:30,SOx,4.82
한국중부발전(주)신서천발전본부,1,2022-03-07 09:30,NOx,6.69
한국중부발전(주)신서천발전본부,1,2022-03-07 10:00,TSP,1.33
한국중부발전(주)신서천발전본부,1,2022-03-07 10:00,SOx,4.68
한국중부발전(주)신서천발전본부,1,2022-03-07 10:00,NOx,7.02
한국중부발전(주)신서천발전본부,1,2022-03-07 10:30,TSP,1.33
한국중부발전(주)신서천발전본부,1,2022-03-07 10:30,SOx,5.0
한국중부발전(주)신서천발전본부,1,2022-03-07 10:30,NOx,6.93
한국중부발전(주)신서천발전본부,1,2022-03-07 11:00,TSP,1.25
한국중부발전(주)신서천발전본부,1,2022-03-07 11:00,SOx,4.98
한국중부발전(주)신서천발전본부,1,2022-03-07 11:00,NOx,6.98
한국중부발전(주)신서천발전본부,1,2022-03-07 11:30,TSP,1.16
한국중부발전(주)신서천발전본부,1,2022-03-07 11:30,SOx,4.87
한국중부발전(주)신서천발전본부,1,2022-03-07 11:30,NOx,7.35
한국중부발전(주)신서천발전본부,1,2022-03-07 12:00,TSP,1.19
한국중부발전(주)신서천발전본부,1,2022-03-07 12:00,SOx,4.62
한국중부발전(주)신서천발전본부,1,2022-03-07 12:00,NOx,7.69
한국중부발전(주)신서천발전본부,1,2022-03-07 12:30,TSP,1.23
한국중부발전(주)신서천발전본부,1,2022-03-07 12:30,SOx,4.61
한국중부발전(주)신서천발전본부,1,2022-03-07 12:30,NOx,6.99
한국중부발전(주)신서천발전본부,1,2022-03-07 13:00,TSP,1.2
한국중부발전(주)신서천발전본부,1,2022-03-07 13:00,SOx,4.7
한국중부발전(주)신서천발전본부,1,2022-03-07 13:00,NOx,6.68
한국중부발전(주)신서천발전본부,1,2022-03-07 13:30,TSP,1.15
한국중부발전(주)신서천발전본부,1,2022-03-07 13:30,SOx,4.75
한국중부발전(주)신서천발전본부,1,2022-03-07 13:30,NOx,7.29
한국중부발전(주)신서천발전본부,1,2022-03-07 14:00,TSP,1.14
한국중부발전(주)신서천발전본부,1,2022-03-07 14:00,SOx,4.9
한국중부발전(주)신서천발전본부,1,2022-03-07 14:00,NOx,7.4
한국중부발전(주)신서천발전본부,1,2022-03-07 14:30,TSP,1.17
한국중부발전(주)신서천발전본부,1,2022-03-07 14:30,SOx,4.77
한국중부발전(주)신서천발전본부,1,2022-03-07 14:30,NOx,7.31
한국중부발전(주)신서천발전본부,1,2022-03-07 15:00,TSP,1.14
한국중부발전(주)신서천발전본부,1,2022-03-07 15:00,SOx,4.55
한국중부발전(주)신서천발전본부,1,2022-03-07 15:00,NOx,7.78
한국중부발전(주)신서천발전본부,1,2022-03-07 15:30,TSP,1.13
한국중부발전(주)신서천발전본부,1,2022-03-07 15:30,SOx,4.56
한국중부발전(주)신서천발전본부,1,2022-03-07 15:30,NOx,6.46
한국중부발전(주)신서천발전본부,1,2022-03-07 16:00,TSP,1.11
한국중부발전(주)신서천발전본부,1,2022-03-07 16:00,SOx,3.97
한국중부발전(주)신서천발전본부,1,2022-03-07 16:00,NOx,8.89
한국중부발전(주)신서천발전본부,1,2022-03-07 16:30,TSP,1.13
한국중부발전(주)신서천발전본부,1,2022-03-07 16:30,SOx,4.22
한국중부발전(주)신서천발전본부,1,2022-03-07 16:30,NOx,7.2
한국중부발전(주)신서천발전본부,1,2022-03-07 17:00,TSP,1.11
한국중부발전(주)신서천발전본부,1,2022-03-07 17:00,SOx,4.33
한국중부발전(주)신서천발전본부,1,2022-03-07 17:00,NOx,6.61
한국중부발전(주)신서천발전본부,1,2022-03-07 17:30,TSP,1.06
한국중부발전(주)신서천발전본부,1,2022-03-07 17:30,SOx,4.37
한국중부발전(주)신서천발전본부,1,2022-03-07 17:30,NOx,6.4
한국중부발전(주)신서천발전본부,1,2022-03-07 18:00,TSP,1.06
한국중부발전(주)신서천발전본부,1,2022-03-07 18:00,SOx,4.67
한국중부발전(주)신서천발전본부,1,2022-03-07 18:00,NOx,6.61
한국중부발전(주)신서천발전본부,1,2022-03-07 18:30,TSP,1.07
한국중부발전(주)신서천발전본부,1,2022-03-07 18:30,SOx,4.99
한국중부발전(주)신서천발전본부,1,2022-03-07 18:30,NOx,7.18
한국중부발전(주)신서천발전본부,1,2022-03-07 19:00,TSP,1.16
한국중부발전(주)신서천발전본부,1,2022-03-07 19:00,SOx,5.44
한국중부발전(주)신서천발전본부,1,2022-03-07 19:00,NOx,6.04
한국중부발전(주)신서천발전본부,1,2022-03-07 19:30,TSP,1.09
한국중부발전(주)신서천발전본부,1,2022-03-07 19:30,SOx,4.98
한국중부발전(주)신서천발전본부,1,2022-03-07 19:30,NOx,7.7
한국중부발전(주)신서천발전본부,1,2022-03-07 20:00,TSP,1.09
한국중부발전(주)신서천발전본부,1,2022-03-07 20:00,SOx,5.31
한국중부발전(주)신서천발전본부,1,2022-03-07 20:00,NOx,8.43
한국중부발전(주)신서천발전본부,1,2022-03-07 20:30,TSP,1.11
한국중부발전(주)신서천발전본부,1,2022-03-07 20:30,SOx,5.05
한국중부발전(주)신서천발전본부,1,2022-03-07 20:30,NOx,8.65
한국중부발전(주)신서천발전본부,1,2022-03-07 21:00,TSP,1.09
한국중부발전(주)신서천발전본부,1,2022-03-07 21:00,SOx,4.36
한국중부발전(주)신서천발전본부,1,2022-03-07 21:00,NOx,8.46
한국중부발전(주)신서천발전본부,1,2022-03-07 21:30,TSP,1.09
한국중부발전(주)신서천발전본부,1,2022-03-07 21:30,SOx,4.09
한국중부발전(주)신서천발전본부,1,2022-03-07 21:30,NOx,8.73
한국중부발전(주)신서천발전본부,1,2022-03-07 22:00,TSP,1.05
한국중부발전(주)신서천발전본부,1,2022-03-07 22:00,SOx,4.38
한국중부발전(주)신서천발전본부,1,2022-03-07 22:00,NOx,8.84
한국중부발전(주)신서천발전본부,1,2022-03-07 22:30,TSP,1.05
한국중부발전(주)신서천발전본부,1,2022-03-07 22:30,SOx,4.82
한국중부발전(주)신서천발전본부,1,2022-03-07 22:30,NOx,7.89
한국중부발전(주)신서천발전본부,1,2022-03-07 23:00,TSP,1.03
한국중부발전(주)신서천발전본부,1,2022-03-07 23:00,SOx,5.07
한국중부발전(주)신서천발전본부,1,2022-03-07 23:00,NOx,7.84
한국중부발전(주)신서천발전본부,1,2022-03-07 23:30,TSP,1.03
한국중부발전(주)신서천발전본부,1,2022-03-07 23:30,SOx,5.07
한국중부발전(주)신서천발전본부,1,2022-03-07 23:30,NOx,7.79
한국중부발전(주)신서천발전본부,1,2022-03-08 00:00,TSP,1.03
한국중부발전(주)신서천발전본부,1,2022-03-08 00:00,SOx,4.85
한국중부발전(주)신서천발전본부,1,2022-03-08 00:00,NOx,7.05
한국중부발전(주)신서천발전본부,1,2022-03-08 00:30,TSP,1.04
한국중부발전(주)신서천발전본부,1,2022-03-08 00:30,SOx,4.57
한국중부발전(주)신서천발전본부,1,2022-03-08 00:30,NOx,7.39
한국중부발전(주)신서천발전본부,1,2022-03-08 01:00,TSP,1.06
한국중부발전(주)신서천발전본부,1,2022-03-08 01:00,SOx,4.75
한국중부발전(주)신서천발전본부,1,2022-03-08 01:00,NOx,7.32
한국중부발전(주)신서천발전본부,1,2022-03-08 01:30,TSP,1.06
한국중부발전(주)신서천발전본부,1,2022-03-08 01:30,SOx,4.79
한국중부발전(주)신서천발전본부,1,2022-03-08 01:30,NOx,7.67
한국중부발전(주)신서천발전본부,1,2022-03-08 02:00,TSP,1.07
한국중부발전(주)신서천발전본부,1,2022-03-08 02:00,SOx,4.85
한국중부발전(주)신서천발전본부,1,2022-03-08 02:00,NOx,7.58
한국중부발전(주)신서천발전본부,1,2022-03-08 02:30,TSP,1.06
한국중부발전(주)신서천발전본부,1,2022-03-08 02:30,SOx,4.72
한국중부발전(주)신서천발전본부,1,2022-03-08 02:30,NOx,7.81
한국중부발전(주)신서천발전본부,1,2022-03-08 03:00,TSP,1.07
한국중부발전(주)신서천발전본부,1,2022-03-08 03:00,SOx,4.42
한국중부발전(주)신서천발전본부,1,2022-03-08 03:00,NOx,7.14
한국중부발전(주)신서천발전본부,1,2022-03-08 03:30,TSP,1.07
한국중부발전(주)신서천발전본부,1,2022-03-08 03:30,SOx,4.32
한국중부발전(주)신서천발전본부,1,2022-03-08 03:30,NOx,7.63
한국중부발전(주)신서천발전본부,1,2022-03-08 04:00,TSP,1.07
한국중부발전(주)신서천발전본부,1,2022-03-08 04:00,SOx,4.49
한국중부발전(주)신서천발전본부,1,2022-03-08 04:00,NOx,7.62
한국중부발전(주)신서천발전본부,1,2022-03-08 04:30,TSP,1.06
한국중부발전(주)신서천발전본부,1,2022-03-08 04:30,SOx,4.68
한국중부발전(주)신서천발전본부,1,2022-03-08 04:30,NOx,7.37
한국중부발전(주)신서천발전본부,1,2022-03-08 05:00,TSP,1.06
한국중부발전(주)신서천발전본부,1,2022-03-08 05:00,SOx,4.75
한국중부발전(주)신서천발전본부,1,2022-03-08 05:00,NOx,8.23
한국중부발전(주)신서천발전본부,1,2022-03-08 05:30,TSP,1.04
한국중부발전(주)신서천발전본부,1,2022-03-08 05:30,SOx,4.75
한국중부발전(주)신서천발전본부,1,2022-03-08 05:30,NOx,7.74
한국중부발전(주)신서천발전본부,1,2022-03-08 06:00,TSP,1.05
한국중부발전(주)신서천발전본부,1,2022-03-08 06:00,SOx,4.63
한국중부발전(주)신서천발전본부,1,2022-03-08 06:00,NOx,8.34
한국중부발전(주)신서천발전본부,1,2022-03-08 06:30,TSP,1.04
한국중부발전(주)신서천발전본부,1,2022-03-08 06:30,SOx,4.6
한국중부발전(주)신서천발전본부,1,2022-03-08 06:30,NOx,8.44
한국중부발전(주)신서천발전본부,1,2022-03-08 07:00,TSP,1.04
한국중부발전(주)신서천발전본부,1,2022-03-08 07:00,SOx,4.77
한국중부발전(주)신서천발전본부,1,2022-03-08 07:00,NOx,7.95
한국중부발전(주)신서천발전본부,1,2022-03-08 07:30,TSP,1.07
한국중부발전(주)신서천발전본부,1,2022-03-08 07:30,SOx,4.8
한국중부발전(주)신서천발전본부,1,2022-03-08 07:30,NOx,7.82
한국중부발전(주)신서천발전본부,1,2022-03-08 08:00,TSP,1.09
한국중부발전(주)신서천발전본부,1,2022-03-08 08:00,SOx,5.03
한국중부발전(주)신서천발전본부,1,2022-03-08 08:00,NOx,7.42
한국중부발전(주)신서천발전본부,1,2022-03-08 08:30,TSP,1.13
한국중부발전(주)신서천발전본부,1,2022-03-08 08:30,SOx,4.93
한국중부발전(주)신서천발전본부,1,2022-03-08 08:30,NOx,7.47
한국중부발전(주)신서천발전본부,1,2022-03-08 09:00,TSP,1.13
한국중부발전(주)신서천발전본부,1,2022-03-08 09:00,SOx,4.86
한국중부발전(주)신서천발전본부,1,2022-03-08 09:00,NOx,7.68
한국중부발전(주)신서천발전본부,1,2022-03-08 09:30,TSP,1.17
한국중부발전(주)신서천발전본부,1,2022-03-08 09:30,SOx,4.62
한국중부발전(주)신서천발전본부,1,2022-03-08 09:30,NOx,7.29
한국중부발전(주)신서천발전본부,1,2022-03-08 10:00,TSP,1.18
한국중부발전(주)신서천발전본부,1,2022-03-08 10:00,SOx,4.8
한국중부발전(주)신서천발전본부,1,2022-03-08 10:00,NOx,7.06
한국중부발전(주)신서천발전본부,1,2022-03-08 10:30,TSP,1.18
한국중부발전(주)신서천발전본부,1,2022-03-08 10:30,SOx,4.8
한국중부발전(주)신서천발전본부,1,2022-03-08 10:30,NOx,7.06
한국중부발전(주)신서천발전본부,1,2022-03-08 11:00,TSP,1.18
한국중부발전(주)신서천발전본부,1,2022-03-08 11:00,SOx,4.8
한국중부발전(주)신서천발전본부,1,2022-03-08 11:00,NOx,7.06
한국중부발전(주)신서천발전본부,1,2022-03-08 11:30,TSP,1.18
한국중부발전(주)신서천발전본부,1,2022-03-08 11:30,SOx,4.8
한국중부발전(주)신서천발전본부,1,2022-03-08 11:30,NOx,7.06
한국중부발전(주)신서천발전본부,1,2022-03-08 12:00,TSP,1.18
한국중부발전(주)신서천발전본부,1,2022-03-08 12:00,SOx,4.8
한국중부발전(주)신서천발전본부,1,2022-03-08 12:00,NOx,7.06
한국중부발전(주)신서천발전본부,1,2022-03-08 12:30,TSP,1.18
한국중부발전(주)신서천발전본부,1,2022-03-08 12:30,SOx,4.8
한국중부발전(주)신서천발전본부,1,2022-03-08 12:30,NOx,7.06
한국중부발전(주)신서천발전본부,1,2022-03-08 13:00,TSP,1.18
한국중부발전(주)신서천발전본부,1,2022-03-08 13:00,SOx,4.8
한국중부발전(주)신서천발전본부,1,2022-03-08 13:00,NOx,7.06
한국중부발전(주)신서천발전본부,1,2022-03-08 13:30,TSP,1.18
한국중부발전(주)신서천발전본부,1,2022-03-08 13:30,SOx,4.8
한국중부발전(주)신서천발전본부,1,2022-03-08 13:30,NOx,7.06
한국중부발전(주)신서천발전본부,1,2022-03-08 14:00,TSP,1.18
한국중부발전(주)신서천발전본부,1,2022-03-08 14:00,SOx,4.8
한국중부발전(주)신서천발전본부,1,2022-03-08 14:00,NOx,7.06
한국중부발전(주)신서천발전본부,1,2022-03-08 14:30,TSP,1.34
한국중부발전(주)신서천발전본부,1,2022-03-08 14:30,SOx,4.79
한국중부발전(주)신서천발전본부,1,2022-03-08 14:30,NOx,6.94
한국중부발전(주)신서천발전본부,1,2022-03-08 15:00,TSP,1.45
한국중부발전(주)신서천발전본부,1,2022-03-08 15:00,SOx,4.99
한국중부발전(주)신서천발전본부,1,2022-03-08 15:00,NOx,7.28
한국중부발전(주)신서천발전본부,1,2022-03-08 15:30,TSP,1.34
한국중부발전(주)신서천발전본부,1,2022-03-08 15:30,SOx,5.16
한국중부발전(주)신서천발전본부,1,2022-03-08 15:30,NOx,7.75
한국중부발전(주)신서천발전본부,1,2022-03-08 16:00,TSP,1.32
한국중부발전(주)신서천발전본부,1,2022-03-08 16:00,SOx,5.36
한국중부발전(주)신서천발전본부,1,2022-03-08 16:00,NOx,7.72
한국중부발전(주)신서천발전본부,1,2022-03-08 16:30,TSP,1.25
한국중부발전(주)신서천발전본부,1,2022-03-08 16:30,SOx,5.01
한국중부발전(주)신서천발전본부,1,2022-03-08 16:30,NOx,8.43
한국중부발전(주)신서천발전본부,1,2022-03-08 17:00,TSP,1.18
한국중부발전(주)신서천발전본부,1,2022-03-08 17:00,SOx,4.81
한국중부발전(주)신서천발전본부,1,2022-03-08 17:00,NOx,7.96
한국중부발전(주)신서천발전본부,1,2022-03-08 17:30,TSP,1.16
한국중부발전(주)신서천발전본부,1,2022-03-08 17:30,SOx,4.95
한국중부발전(주)신서천발전본부,1,2022-03-08 17:30,NOx,7.67
한국중부발전(주)신서천발전본부,1,2022-03-08 18:00,TSP,1.15
한국중부발전(주)신서천발전본부,1,2022-03-08 18:00,SOx,5.0
한국중부발전(주)신서천발전본부,1,2022-03-08 18:00,NOx,7.83
한국중부발전(주)신서천발전본부,1,2022-03-08 18:30,TSP,1.15
한국중부발전(주)신서천발전본부,1,2022-03-08 18:30,SOx,5.2
한국중부발전(주)신서천발전본부,1,2022-03-08 18:30,NOx,7.22
한국중부발전(주)신서천발전본부,1,2022-03-08 19:00,TSP,1.16
한국중부발전(주)신서천발전본부,1,2022-03-08 19:00,SOx,5.08
한국중부발전(주)신서천발전본부,1,2022-03-08 19:00,NOx,7.84
한국중부발전(주)신서천발전본부,1,2022-03-08 19:30,TSP,1.11
한국중부발전(주)신서천발전본부,1,2022-03-08 19:30,SOx,4.93
한국중부발전(주)신서천발전본부,1,2022-03-08 19:30,NOx,7.16
한국중부발전(주)신서천발전본부,1,2022-03-08 20:00,TSP,1.09
한국중부발전(주)신서천발전본부,1,2022-03-08 20:00,SOx,4.93
한국중부발전(주)신서천발전본부,1,2022-03-08 20:00,NOx,8.08
한국중부발전(주)신서천발전본부,1,2022-03-08 20:30,TSP,1.09
한국중부발전(주)신서천발전본부,1,2022-03-08 20:30,SOx,4.86
한국중부발전(주)신서천발전본부,1,2022-03-08 20:30,NOx,7.32
한국중부발전(주)신서천발전본부,1,2022-03-08 21:00,TSP,1.08
한국중부발전(주)신서천발전본부,1,2022-03-08 21:00,SOx,4.88
한국중부발전(주)신서천발전본부,1,2022-03-08 21:00,NOx,7.72
한국중부발전(주)신서천발전본부,1,2022-03-08 21:30,TSP,1.07
한국중부발전(주)신서천발전본부,1,2022-03-08 21:30,SOx,4.94
한국중부발전(주)신서천발전본부,1,2022-03-08 21:30,NOx,7.91
한국중부발전(주)신서천발전본부,1,2022-03-08 22:00,TSP,1.07
한국중부발전(주)신서천발전본부,1,2022-03-08 22:00,SOx,5.15
한국중부발전(주)신서천발전본부,1,2022-03-08 22:00,NOx,8.25
한국중부발전(주)신서천발전본부,1,2022-03-08 22:30,TSP,1.07
한국중부발전(주)신서천발전본부,1,2022-03-08 22:30,SOx,5.08
한국중부발전(주)신서천발전본부,1,2022-03-08 22:30,NOx,7.57
한국중부발전(주)신서천발전본부,1,2022-03-08 23:00,TSP,1.03
한국중부발전(주)신서천발전본부,1,2022-03-08 23:00,SOx,5.19
한국중부발전(주)신서천발전본부,1,2022-03-08 23:00,NOx,8.23
한국중부발전(주)신서천발전본부,1,2022-03-08 23:30,TSP,1.02
한국중부발전(주)신서천발전본부,1,2022-03-08 23:30,SOx,4.91
한국중부발전(주)신서천발전본부,1,2022-03-08 23:30,NOx,8.39
한국중부발전(주)신서천발전본부,1,2022-03-09 00:00,TSP,1.04
한국중부발전(주)신서천발전본부,1,2022-03-09 00:00,SOx,4.62
한국중부발전(주)신서천발전본부,1,2022-03-09 00:00,NOx,7.84
한국중부발전(주)신서천발전본부,1,2022-03-09 00:30,TSP,1.08
한국중부발전(주)신서천발전본부,1,2022-03-09 00:30,SOx,4.82
한국중부발전(주)신서천발전본부,1,2022-03-09 00:30,NOx,8.06
한국중부발전(주)신서천발전본부,1,2022-03-09 01:00,TSP,1.1
한국중부발전(주)신서천발전본부,1,2022-03-09 01:00,SOx,4.94
한국중부발전(주)신서천발전본부,1,2022-03-09 01:00,NOx,8.56
한국중부발전(주)신서천발전본부,1,2022-03-09 01:30,TSP,1.1
한국중부발전(주)신서천발전본부,1,2022-03-09 01:30,SOx,5.12
한국중부발전(주)신서천발전본부,1,2022-03-09 01:30,NOx,8.42
한국중부발전(주)신서천발전본부,1,2022-03-09 02:00,TSP,1.14
한국중부발전(주)신서천발전본부,1,2022-03-09 02:00,SOx,5.21
한국중부발전(주)신서천발전본부,1,2022-03-09 02:00,NOx,8.16
한국중부발전(주)신서천발전본부,1,2022-03-09 02:30,TSP,1.15
한국중부발전(주)신서천발전본부,1,2022-03-09 02:30,SOx,5.33
한국중부발전(주)신서천발전본부,1,2022-03-09 02:30,NOx,8.2
한국중부발전(주)신서천발전본부,1,2022-03-09 03:00,TSP,1.16
한국중부발전(주)신서천발전본부,1,2022-03-09 03:00,SOx,4.79
한국중부발전(주)신서천발전본부,1,2022-03-09 03:00,NOx,8.84
한국중부발전(주)신서천발전본부,1,2022-03-09 03:30,TSP,1.17
한국중부발전(주)신서천발전본부,1,2022-03-09 03:30,SOx,4.58
한국중부발전(주)신서천발전본부,1,2022-03-09 03:30,NOx,7.68
한국중부발전(주)신서천발전본부,1,2022-03-09 04:00,TSP,1.19
한국중부발전(주)신서천발전본부,1,2022-03-09 04:00,SOx,4.5
한국중부발전(주)신서천발전본부,1,2022-03-09 04:00,NOx,8.53
한국중부발전(주)신서천발전본부,1,2022-03-09 04:30,TSP,1.19
한국중부발전(주)신서천발전본부,1,2022-03-09 04:30,SOx,4.66
한국중부발전(주)신서천발전본부,1,2022-03-09 04:30,NOx,7.6
한국중부발전(주)신서천발전본부,1,2022-03-09 05:00,TSP,1.19
한국중부발전(주)신서천발전본부,1,2022-03-09 05:00,SOx,4.77
한국중부발전(주)신서천발전본부,1,2022-03-09 05:00,NOx,8.19
한국중부발전(주)신서천발전본부,1,2022-03-09 05:30,TSP,1.18
한국중부발전(주)신서천발전본부,1,2022-03-09 05:30,SOx,5.05
한국중부발전(주)신서천발전본부,1,2022-03-09 05:30,NOx,7.54
한국중부발전(주)신서천발전본부,1,2022-03-09 06:00,TSP,1.17
한국중부발전(주)신서천발전본부,1,2022-03-09 06:00,SOx,5.08
한국중부발전(주)신서천발전본부,1,2022-03-09 06:00,NOx,7.63
한국중부발전(주)신서천발전본부,1,2022-03-09 06:30,TSP,1.16
한국중부발전(주)신서천발전본부,1,2022-03-09 06:30,SOx,5.23
한국중부발전(주)신서천발전본부,1,2022-03-09 06:30,NOx,7.91
한국중부발전(주)신서천발전본부,1,2022-03-09 07:00,TSP,1.21
한국중부발전(주)신서천발전본부,1,2022-03-09 07:00,SOx,5.07
한국중부발전(주)신서천발전본부,1,2022-03-09 07:00,NOx,8.21
한국중부발전(주)신서천발전본부,1,2022-03-09 07:30,TSP,1.24
한국중부발전(주)신서천발전본부,1,2022-03-09 07:30,SOx,4.75
한국중부발전(주)신서천발전본부,1,2022-03-09 07:30,NOx,7.55
한국중부발전(주)신서천발전본부,1,2022-03-09 08:00,TSP,1.27
한국중부발전(주)신서천발전본부,1,2022-03-09 08:00,SOx,4.58
한국중부발전(주)신서천발전본부,1,2022-03-09 08:00,NOx,8.32
한국중부발전(주)신서천발전본부,1,2022-03-09 08:30,TSP,1.29
한국중부발전(주)신서천발전본부,1,2022-03-09 08:30,SOx,4.51
한국중부발전(주)신서천발전본부,1,2022-03-09 08:30,NOx,7.18
한국중부발전(주)신서천발전본부,1,2022-03-09 09:00,TSP,1.32
한국중부발전(주)신서천발전본부,1,2022-03-09 09:00,SOx,4.57
한국중부발전(주)신서천발전본부,1,2022-03-09 09:00,NOx,7.49
한국중부발전(주)신서천발전본부,1,2022-03-09 09:30,TSP,1.24
한국중부발전(주)신서천발전본부,1,2022-03-09 09:30,SOx,3.92
한국중부발전(주)신서천발전본부,1,2022-03-09 09:30,NOx,7.8
한국중부발전(주)신서천발전본부,1,2022-03-09 10:00,TSP,1.3
한국중부발전(주)신서천발전본부,1,2022-03-09 10:00,SOx,3.82
한국중부발전(주)신서천발전본부,1,2022-03-09 10:00,NOx,7.75
한국중부발전(주)신서천발전본부,1,2022-03-09 10:30,TSP,1.3
한국중부발전(주)신서천발전본부,1,2022-03-09 10:30,SOx,3.56
한국중부발전(주)신서천발전본부,1,2022-03-09 10:30,NOx,6.36
한국중부발전(주)신서천발전본부,1,2022-03-09 11:00,TSP,1.25
한국중부발전(주)신서천발전본부,1,2022-03-09 11:00,SOx,3.68
한국중부발전(주)신서천발전본부,1,2022-03-09 11:00,NOx,7.21
한국중부발전(주)신서천발전본부,1,2022-03-09 11:30,TSP,1.16
한국중부발전(주)신서천발전본부,1,2022-03-09 11:30,SOx,3.8
한국중부발전(주)신서천발전본부,1,2022-03-09 11:30,NOx,7.84
한국중부발전(주)신서천발전본부,1,2022-03-09 12:00,TSP,1.12
한국중부발전(주)신서천발전본부,1,2022-03-09 12:00,SOx,4.11
한국중부발전(주)신서천발전본부,1,2022-03-09 12:00,NOx,7.3
한국중부발전(주)신서천발전본부,1,2022-03-09 12:30,TSP,1.16
한국중부발전(주)신서천발전본부,1,2022-03-09 12:30,SOx,4.12
한국중부발전(주)신서천발전본부,1,2022-03-09 12:30,NOx,7.53
한국중부발전(주)신서천발전본부,1,2022-03-09 13:00,TSP,1.16
한국중부발전(주)신서천발전본부,1,2022-03-09 13:00,SOx,4.59
한국중부발전(주)신서천발전본부,1,2022-03-09 13:00,NOx,6.71
한국중부발전(주)신서천발전본부,1,2022-03-09 13:30,TSP,1.13
한국중부발전(주)신서천발전본부,1,2022-03-09 13:30,SOx,4.3
한국중부발전(주)신서천발전본부,1,2022-03-09 13:30,NOx,7.49
한국중부발전(주)신서천발전본부,1,2022-03-09 14:00,TSP,1.12
한국중부발전(주)신서천발전본부,1,2022-03-09 14:00,SOx,4.13
한국중부발전(주)신서천발전본부,1,2022-03-09 14:00,NOx,7.44
한국중부발전(주)신서천발전본부,1,2022-03-09 14:30,TSP,1.11
한국중부발전(주)신서천발전본부,1,2022-03-09 14:30,SOx,4.41
한국중부발전(주)신서천발전본부,1,2022-03-09 14:30,NOx,7.86
한국중부발전(주)신서천발전본부,1,2022-03-09 15:00,TSP,1.23
한국중부발전(주)신서천발전본부,1,2022-03-09 15:00,SOx,5.48
한국중부발전(주)신서천발전본부,1,2022-03-09 15:00,NOx,6.37
한국중부발전(주)신서천발전본부,1,2022-03-09 15:30,TSP,1.16
한국중부발전(주)신서천발전본부,1,2022-03-09 15:30,SOx,5.14
한국중부발전(주)신서천발전본부,1,2022-03-09 15:30,NOx,6.96
한국중부발전(주)신서천발전본부,1,2022-03-09 16:00,TSP,1.24
한국중부발전(주)신서천발전본부,1,2022-03-09 16:00,SOx,4.9
한국중부발전(주)신서천발전본부,1,2022-03-09 16:00,NOx,8.35
한국중부발전(주)신서천발전본부,1,2022-03-09 16:30,TSP,1.23
한국중부발전(주)신서천발전본부,1,2022-03-09 16:30,SOx,4.69
한국중부발전(주)신서천발전본부,1,2022-03-09 16:30,NOx,7.91
한국중부발전(주)신서천발전본부,1,2022-03-09 17:00,TSP,1.29
한국중부발전(주)신서천발전본부,1,2022-03-09 17:00,SOx,4.86
한국중부발전(주)신서천발전본부,1,2022-03-09 17:00,NOx,8.07
한국중부발전(주)신서천발전본부,1,2022-03-09 17:30,TSP,1.27
한국중부발전(주)신서천발전본부,1,2022-03-09 17:30,SOx,5.16
한국중부발전(주)신서천발전본부,1,2022-03-09 17:30,NOx,7.6
한국중부발전(주)신서천발전본부,1,2022-03-09 18:00,TSP,1.3
한국중부발전(주)신서천발전본부,1,2022-03-09 18:00,SOx,5.34
한국중부발전(주)신서천발전본부,1,2022-03-09 18:00,NOx,7.74
한국중부발전(주)신서천발전본부,1,2022-03-09 18:30,TSP,1.25
한국중부발전(주)신서천발전본부,1,2022-03-09 18:30,SOx,5.41
한국중부발전(주)신서천발전본부,1,2022-03-09 18:30,NOx,7.76
한국중부발전(주)신서천발전본부,1,2022-03-09 19:00,TSP,1.23
한국중부발전(주)신서천발전본부,1,2022-03-09 19:00,SOx,5.02
한국중부발전(주)신서천발전본부,1,2022-03-09 19:00,NOx,7.76
한국중부발전(주)신서천발전본부,1,2022-03-09 19:30,TSP,1.17
한국중부발전(주)신서천발전본부,1,2022-03-09 19:30,SOx,4.61
한국중부발전(주)신서천발전본부,1,2022-03-09 19:30,NOx,7.5
한국중부발전(주)신서천발전본부,1,2022-03-09 20:00,TSP,1.2
한국중부발전(주)신서천발전본부,1,2022-03-09 20:00,SOx,4.37
한국중부발전(주)신서천발전본부,1,2022-03-09 20:00,NOx,7.01
한국중부발전(주)신서천발전본부,1,2022-03-09 20:30,TSP,1.14
한국중부발전(주)신서천발전본부,1,2022-03-09 20:30,SOx,4.39
한국중부발전(주)신서천발전본부,1,2022-03-09 20:30,NOx,8.19
한국중부발전(주)신서천발전본부,1,2022-03-09 21:00,TSP,1.14
한국중부발전(주)신서천발전본부,1,2022-03-09 21:00,SOx,4.48
한국중부발전(주)신서천발전본부,1,2022-03-09 21:00,NOx,7.41
한국중부발전(주)신서천발전본부,1,2022-03-09 21:30,TSP,1.17
한국중부발전(주)신서천발전본부,1,2022-03-09 21:30,SOx,4.59
한국중부발전(주)신서천발전본부,1,2022-03-09 21:30,NOx,8.03
한국중부발전(주)신서천발전본부,1,2022-03-09 22:00,TSP,1.15
한국중부발전(주)신서천발전본부,1,2022-03-09 22:00,SOx,4.85
한국중부발전(주)신서천발전본부,1,2022-03-09 22:00,NOx,7.76
한국중부발전(주)신서천발전본부,1,2022-03-09 22:30,TSP,1.15
한국중부발전(주)신서천발전본부,1,2022-03-09 22:30,SOx,5.06
한국중부발전(주)신서천발전본부,1,2022-03-09 22:30,NOx,7.88
한국중부발전(주)신서천발전본부,1,2022-03-09 23:00,TSP,1.21
한국중부발전(주)신서천발전본부,1,2022-03-09 23:00,SOx,4.95
한국중부발전(주)신서천발전본부,1,2022-03-09 23:00,NOx,7.53
한국중부발전(주)신서천발전본부,1,2022-03-09 23:30,TSP,1.17
한국중부발전(주)신서천발전본부,1,2022-03-09 23:30,SOx,4.86
한국중부발전(주)신서천발전본부,1,2022-03-09 23:30,NOx,8.08
한국중부발전(주)신서천발전본부,1,2022-03-10 00:00,TSP,1.16
한국중부발전(주)신서천발전본부,1,2022-03-10 00:00,SOx,4.6
한국중부발전(주)신서천발전본부,1,2022-03-10 00:00,NOx,7.75
한국중부발전(주)신서천발전본부,1,2022-03-10 00:30,TSP,1.13
한국중부발전(주)신서천발전본부,1,2022-03-10 00:30,SOx,4.62
한국중부발전(주)신서천발전본부,1,2022-03-10 00:30,NOx,8.26
한국중부발전(주)신서천발전본부,1,2022-03-10 01:00,TSP,1.13
한국중부발전(주)신서천발전본부,1,2022-03-10 01:00,SOx,4.56
한국중부발전(주)신서천발전본부,1,2022-03-10 01:00,NOx,8.07
한국중부발전(주)신서천발전본부,1,2022-03-10 01:30,TSP,1.14
한국중부발전(주)신서천발전본부,1,2022-03-10 01:30,SOx,4.71
한국중부발전(주)신서천발전본부,1,2022-03-10 01:30,NOx,8.43
한국중부발전(주)신서천발전본부,1,2022-03-10 02:00,TSP,1.15
한국중부발전(주)신서천발전본부,1,2022-03-10 02:00,SOx,4.53
한국중부발전(주)신서천발전본부,1,2022-03-10 02:00,NOx,8.07
한국중부발전(주)신서천발전본부,1,2022-03-10 02:30,TSP,1.15
한국중부발전(주)신서천발전본부,1,2022-03-10 02:30,SOx,4.55
한국중부발전(주)신서천발전본부,1,2022-03-10 02:30,NOx,7.52
한국중부발전(주)신서천발전본부,1,2022-03-10 03:00,TSP,1.16
한국중부발전(주)신서천발전본부,1,2022-03-10 03:00,SOx,4.24
한국중부발전(주)신서천발전본부,1,2022-03-10 03:00,NOx,7.65
한국중부발전(주)신서천발전본부,1,2022-03-10 03:30,TSP,1.18
한국중부발전(주)신서천발전본부,1,2022-03-10 03:30,SOx,4.24
한국중부발전(주)신서천발전본부,1,2022-03-10 03:30,NOx,7.68
한국중부발전(주)신서천발전본부,1,2022-03-10 04:00,TSP,1.2
한국중부발전(주)신서천발전본부,1,2022-03-10 04:00,SOx,4.16
한국중부발전(주)신서천발전본부,1,2022-03-10 04:00,NOx,7.64
한국중부발전(주)신서천발전본부,1,2022-03-10 04:30,TSP,1.21
한국중부발전(주)신서천발전본부,1,2022-03-10 04:30,SOx,4.2
한국중부발전(주)신서천발전본부,1,2022-03-10 04:30,NOx,7.56
한국중부발전(주)신서천발전본부,1,2022-03-10 05:00,TSP,1.25
한국중부발전(주)신서천발전본부,1,2022-03-10 05:00,SOx,4.29
한국중부발전(주)신서천발전본부,1,2022-03-10 05:00,NOx,7.78
한국중부발전(주)신서천발전본부,1,2022-03-10 05:30,TSP,1.25
한국중부발전(주)신서천발전본부,1,2022-03-10 05:30,SOx,4.34
한국중부발전(주)신서천발전본부,1,2022-03-10 05:30,NOx,8.09
한국중부발전(주)신서천발전본부,1,2022-03-10 06:00,TSP,1.22
한국중부발전(주)신서천발전본부,1,2022-03-10 06:00,SOx,4.79
한국중부발전(주)신서천발전본부,1,2022-03-10 06:00,NOx,7.55
한국중부발전(주)신서천발전본부,1,2022-03-10 06:30,TSP,1.26
한국중부발전(주)신서천발전본부,1,2022-03-10 06:30,SOx,5.33
한국중부발전(주)신서천발전본부,1,2022-03-10 06:30,NOx,7.42
한국중부발전(주)신서천발전본부,1,2022-03-10 07:00,TSP,1.29
한국중부발전(주)신서천발전본부,1,2022-03-10 07:00,SOx,5.59
한국중부발전(주)신서천발전본부,1,2022-03-10 07:00,NOx,7.57
한국중부발전(주)신서천발전본부,1,2022-03-10 07:30,TSP,1.26
한국중부발전(주)신서천발전본부,1,2022-03-10 07:30,SOx,5.59
한국중부발전(주)신서천발전본부,1,2022-03-10 07:30,NOx,8.18
한국중부발전(주)신서천발전본부,1,2022-03-10 08:00,TSP,1.23
한국중부발전(주)신서천발전본부,1,2022-03-10 08:00,SOx,5.45
한국중부발전(주)신서천발전본부,1,2022-03-10 08:00,NOx,8.6
한국중부발전(주)신서천발전본부,1,2022-03-10 08:30,TSP,1.21
한국중부발전(주)신서천발전본부,1,2022-03-10 08:30,SOx,5.37
한국중부발전(주)신서천발전본부,1,2022-03-10 08:30,NOx,7.61
한국중부발전(주)신서천발전본부,1,2022-03-10 09:00,TSP,1.27
한국중부발전(주)신서천발전본부,1,2022-03-10 09:00,SOx,5.1
한국중부발전(주)신서천발전본부,1,2022-03-10 09:00,NOx,7.06
한국중부발전(주)신서천발전본부,1,2022-03-10 09:30,TSP,1.29
한국중부발전(주)신서천발전본부,1,2022-03-10 09:30,SOx,5.35
한국중부발전(주)신서천발전본부,1,2022-03-10 09:30,NOx,7.46
한국중부발전(주)신서천발전본부,1,2022-03-10 10:00,TSP,1.35
한국중부발전(주)신서천발전본부,1,2022-03-10 10:00,SOx,5.55
한국중부발전(주)신서천발전본부,1,2022-03-10 10:00,NOx,7.02
한국중부발전(주)신서천발전본부,1,2022-03-10 10:30,TSP,1.35
한국중부발전(주)신서천발전본부,1,2022-03-10 10:30,SOx,5.88
한국중부발전(주)신서천발전본부,1,2022-03-10 10:30,NOx,7.58
한국중부발전(주)신서천발전본부,1,2022-03-10 11:00,TSP,1.27
한국중부발전(주)신서천발전본부,1,2022-03-10 11:00,SOx,5.8
한국중부발전(주)신서천발전본부,1,2022-03-10 11:00,NOx,7.37
한국중부발전(주)신서천발전본부,1,2022-03-10 11:30,TSP,1.33
한국중부발전(주)신서천발전본부,1,2022-03-10 11:30,SOx,5.87
한국중부발전(주)신서천발전본부,1,2022-03-10 11:30,NOx,7.3
한국중부발전(주)신서천발전본부,1,2022-03-10 12:00,TSP,1.26
한국중부발전(주)신서천발전본부,1,2022-03-10 12:00,SOx,5.33
한국중부발전(주)신서천발전본부,1,2022-03-10 12:00,NOx,8.28
한국중부발전(주)신서천발전본부,1,2022-03-10 12:30,TSP,1.32
한국중부발전(주)신서천발전본부,1,2022-03-10 12:30,SOx,5.16
한국중부발전(주)신서천발전본부,1,2022-03-10 12:30,NOx,7.29
한국중부발전(주)신서천발전본부,1,2022-03-10 13:00,TSP,1.34
한국중부발전(주)신서천발전본부,1,2022-03-10 13:00,SOx,5.12
한국중부발전(주)신서천발전본부,1,2022-03-10 13:00,NOx,7.47
한국중부발전(주)신서천발전본부,1,2022-03-10 13:30,TSP,1.36
한국중부발전(주)신서천발전본부,1,2022-03-10 13:30,SOx,5.27
한국중부발전(주)신서천발전본부,1,2022-03-10 13:30,NOx,7.57
한국중부발전(주)신서천발전본부,1,2022-03-10 14:00,TSP,1.32
한국중부발전(주)신서천발전본부,1,2022-03-10 14:00,SOx,5.39
한국중부발전(주)신서천발전본부,1,2022-03-10 14:00,NOx,7.09
한국중부발전(주)신서천발전본부,1,2022-03-10 14:30,TSP,1.38
한국중부발전(주)신서천발전본부,1,2022-03-10 14:30,SOx,5.68
한국중부발전(주)신서천발전본부,1,2022-03-10 14:30,NOx,7.64
한국중부발전(주)신서천발전본부,1,2022-03-10 15:00,TSP,1.35
한국중부발전(주)신서천발전본부,1,2022-03-10 15:00,SOx,6.02
한국중부발전(주)신서천발전본부,1,2022-03-10 15:00,NOx,7.73
한국중부발전(주)신서천발전본부,1,2022-03-10 15:30,TSP,1.38
한국중부발전(주)신서천발전본부,1,2022-03-10 15:30,SOx,5.65
한국중부발전(주)신서천발전본부,1,2022-03-10 15:30,NOx,7.29
한국중부발전(주)신서천발전본부,1,2022-03-10 16:00,TSP,1.35
한국중부발전(주)신서천발전본부,1,2022-03-10 16:00,SOx,6.1
한국중부발전(주)신서천발전본부,1,2022-03-10 16:00,NOx,7.18
한국중부발전(주)신서천발전본부,1,2022-03-10 16:30,TSP,1.38
한국중부발전(주)신서천발전본부,1,2022-03-10 16:30,SOx,5.75
한국중부발전(주)신서천발전본부,1,2022-03-10 16:30,NOx,7.55
한국중부발전(주)신서천발전본부,1,2022-03-10 17:00,TSP,1.43
한국중부발전(주)신서천발전본부,1,2022-03-10 17:00,SOx,5.59
한국중부발전(주)신서천발전본부,1,2022-03-10 17:00,NOx,7.4
한국중부발전(주)신서천발전본부,1,2022-03-10 17:30,TSP,1.44
한국중부발전(주)신서천발전본부,1,2022-03-10 17:30,SOx,5.52
한국중부발전(주)신서천발전본부,1,2022-03-10 17:30,NOx,7.03
한국중부발전(주)신서천발전본부,1,2022-03-10 18:00,TSP,1.4
한국중부발전(주)신서천발전본부,1,2022-03-10 18:00,SOx,5.45
한국중부발전(주)신서천발전본부,1,2022-03-10 18:00,NOx,6.92
한국중부발전(주)신서천발전본부,1,2022-03-10 18:30,TSP,1.32
한국중부발전(주)신서천발전본부,1,2022-03-10 18:30,SOx,5.56
한국중부발전(주)신서천발전본부,1,2022-03-10 18:30,NOx,7.17
한국중부발전(주)신서천발전본부,1,2022-03-10 19:00,TSP,1.27
한국중부발전(주)신서천발전본부,1,2022-03-10 19:00,SOx,5.54
한국중부발전(주)신서천발전본부,1,2022-03-10 19:00,NOx,7.3
한국중부발전(주)신서천발전본부,1,2022-03-10 19:30,TSP,1.25
한국중부발전(주)신서천발전본부,1,2022-03-10 19:30,SOx,5.52
한국중부발전(주)신서천발전본부,1,2022-03-10 19:30,NOx,7.01
한국중부발전(주)신서천발전본부,1,2022-03-10 20:00,TSP,1.19
한국중부발전(주)신서천발전본부,1,2022-03-10 20:00,SOx,5.65
한국중부발전(주)신서천발전본부,1,2022-03-10 20:00,NOx,6.87
한국중부발전(주)신서천발전본부,1,2022-03-10 20:30,TSP,1.15
한국중부발전(주)신서천발전본부,1,2022-03-10 20:30,SOx,5.57
한국중부발전(주)신서천발전본부,1,2022-03-10 20:30,NOx,6.74
한국중부발전(주)신서천발전본부,1,2022-03-10 21:00,TSP,1.09
한국중부발전(주)신서천발전본부,1,2022-03-10 21:00,SOx,5.56
한국중부발전(주)신서천발전본부,1,2022-03-10 21:00,NOx,6.96
한국중부발전(주)신서천발전본부,1,2022-03-10 21:30,TSP,1.05
한국중부발전(주)신서천발전본부,1,2022-03-10 21:30,SOx,5.42
한국중부발전(주)신서천발전본부,1,2022-03-10 21:30,NOx,6.64
한국중부발전(주)신서천발전본부,1,2022-03-10 22:00,TSP,1.04
한국중부발전(주)신서천발전본부,1,2022-03-10 22:00,SOx,5.63
한국중부발전(주)신서천발전본부,1,2022-03-10 22:00,NOx,6.43
한국중부발전(주)신서천발전본부,1,2022-03-10 22:30,TSP,1.04
한국중부발전(주)신서천발전본부,1,2022-03-10 22:30,SOx,5.39
한국중부발전(주)신서천발전본부,1,2022-03-10 22:30,NOx,6.67
한국중부발전(주)신서천발전본부,1,2022-03-10 23:00,TSP,1.11
한국중부발전(주)신서천발전본부,1,2022-03-10 23:00,SOx,5.53
한국중부발전(주)신서천발전본부,1,2022-03-10 23:00,NOx,6.58
한국중부발전(주)신서천발전본부,1,2022-03-10 23:30,TSP,1.12
한국중부발전(주)신서천발전본부,1,2022-03-10 23:30,SOx,5.45
한국중부발전(주)신서천발전본부,1,2022-03-10 23:30,NOx,6.8
한국중부발전(주)신서천발전본부,1,2022-03-11 00:00,TSP,1.13
한국중부발전(주)신서천발전본부,1,2022-03-11 00:00,SOx,5.46
한국중부발전(주)신서천발전본부,1,2022-03-11 00:00,NOx,6.82
한국중부발전(주)신서천발전본부,1,2022-03-11 00:30,TSP,1.1
한국중부발전(주)신서천발전본부,1,2022-03-11 00:30,SOx,5.49
한국중부발전(주)신서천발전본부,1,2022-03-11 00:30,NOx,7.67
한국중부발전(주)신서천발전본부,1,2022-03-11 01:00,TSP,1.1
한국중부발전(주)신서천발전본부,1,2022-03-11 01:00,SOx,5.55
한국중부발전(주)신서천발전본부,1,2022-03-11 01:00,NOx,6.84
한국중부발전(주)신서천발전본부,1,2022-03-11 01:30,TSP,1.09
한국중부발전(주)신서천발전본부,1,2022-03-11 01:30,SOx,5.62
한국중부발전(주)신서천발전본부,1,2022-03-11 01:30,NOx,6.98
한국중부발전(주)신서천발전본부,1,2022-03-11 02:00,TSP,1.1
한국중부발전(주)신서천발전본부,1,2022-03-11 02:00,SOx,5.53
한국중부발전(주)신서천발전본부,1,2022-03-11 02:00,NOx,6.76
한국중부발전(주)신서천발전본부,1,2022-03-11 02:30,TSP,1.09
한국중부발전(주)신서천발전본부,1,2022-03-11 02:30,SOx,5.61
한국중부발전(주)신서천발전본부,1,2022-03-11 02:30,NOx,7.01
한국중부발전(주)신서천발전본부,1,2022-03-11 03:00,TSP,1.11
한국중부발전(주)신서천발전본부,1,2022-03-11 03:00,SOx,5.48
한국중부발전(주)신서천발전본부,1,2022-03-11 03:00,NOx,7.16
한국중부발전(주)신서천발전본부,1,2022-03-11 03:30,TSP,1.12
한국중부발전(주)신서천발전본부,1,2022-03-11 03:30,SOx,5.71
한국중부발전(주)신서천발전본부,1,2022-03-11 03:30,NOx,7.37
한국중부발전(주)신서천발전본부,1,2022-03-11 04:00,TSP,1.12
한국중부발전(주)신서천발전본부,1,2022-03-11 04:00,SOx,5.56
한국중부발전(주)신서천발전본부,1,2022-03-11 04:00,NOx,6.9
한국중부발전(주)신서천발전본부,1,2022-03-11 04:30,TSP,1.12
한국중부발전(주)신서천발전본부,1,2022-03-11 04:30,SOx,5.6
한국중부발전(주)신서천발전본부,1,2022-03-11 04:30,NOx,7.07
한국중부발전(주)신서천발전본부,1,2022-03-11 05:00,TSP,1.11
한국중부발전(주)신서천발전본부,1,2022-03-11 05:00,SOx,5.44
한국중부발전(주)신서천발전본부,1,2022-03-11 05:00,NOx,7.28
한국중부발전(주)신서천발전본부,1,2022-03-11 05:30,TSP,1.1
한국중부발전(주)신서천발전본부,1,2022-03-11 05:30,SOx,5.65
한국중부발전(주)신서천발전본부,1,2022-03-11 05:30,NOx,6.94
한국중부발전(주)신서천발전본부,1,2022-03-11 06:00,TSP,1.11
한국중부발전(주)신서천발전본부,1,2022-03-11 06:00,SOx,5.73
한국중부발전(주)신서천발전본부,1,2022-03-11 06:00,NOx,7.39
한국중부발전(주)신서천발전본부,1,2022-03-11 06:30,TSP,1.13
한국중부발전(주)신서천발전본부,1,2022-03-11 06:30,SOx,5.77
한국중부발전(주)신서천발전본부,1,2022-03-11 06:30,NOx,7.23
한국중부발전(주)신서천발전본부,1,2022-03-11 07:00,TSP,1.14
한국중부발전(주)신서천발전본부,1,2022-03-11 07:00,SOx,5.71
한국중부발전(주)신서천발전본부,1,2022-03-11 07:00,NOx,6.97
한국중부발전(주)신서천발전본부,1,2022-03-11 07:30,TSP,1.13
한국중부발전(주)신서천발전본부,1,2022-03-11 07:30,SOx,5.66
한국중부발전(주)신서천발전본부,1,2022-03-11 07:30,NOx,7.38
한국중부발전(주)신서천발전본부,1,2022-03-11 08:00,TSP,1.17
한국중부발전(주)신서천발전본부,1,2022-03-11 08:00,SOx,5.64
한국중부발전(주)신서천발전본부,1,2022-03-11 08:00,NOx,7.76
한국중부발전(주)신서천발전본부,1,2022-03-11 08:30,TSP,1.23
한국중부발전(주)신서천발전본부,1,2022-03-11 08:30,SOx,5.39
한국중부발전(주)신서천발전본부,1,2022-03-11 08:30,NOx,7.99
한국중부발전(주)신서천발전본부,1,2022-03-11 09:00,TSP,1.25
한국중부발전(주)신서천발전본부,1,2022-03-11 09:00,SOx,5.26
한국중부발전(주)신서천발전본부,1,2022-03-11 09:00,NOx,7.75
한국중부발전(주)신서천발전본부,1,2022-03-11 09:30,TSP,1.23
한국중부발전(주)신서천발전본부,1,2022-03-11 09:30,SOx,5.01
한국중부발전(주)신서천발전본부,1,2022-03-11 09:30,NOx,7.46
한국중부발전(주)신서천발전본부,1,2022-03-11 10:00,TSP,1.19
한국중부발전(주)신서천발전본부,1,2022-03-11 10:00,SOx,5.09
한국중부발전(주)신서천발전본부,1,2022-03-11 10:00,NOx,7.98
한국중부발전(주)신서천발전본부,1,2022-03-11 10:30,TSP,1.19
한국중부발전(주)신서천발전본부,1,2022-03-11 10:30,SOx,5.25
한국중부발전(주)신서천발전본부,1,2022-03-11 10:30,NOx,8.13
한국중부발전(주)신서천발전본부,1,2022-03-11 11:00,TSP,1.12
한국중부발전(주)신서천발전본부,1,2022-03-11 11:00,SOx,5.17
한국중부발전(주)신서천발전본부,1,2022-03-11 11:00,NOx,8.13
한국중부발전(주)신서천발전본부,1,2022-03-11 11:30,TSP,1.1
한국중부발전(주)신서천발전본부,1,2022-03-11 11:30,SOx,5.36
한국중부발전(주)신서천발전본부,1,2022-03-11 11:30,NOx,7.98
한국중부발전(주)신서천발전본부,1,2022-03-11 12:00,TSP,1.07
한국중부발전(주)신서천발전본부,1,2022-03-11 12:00,SOx,5.29
한국중부발전(주)신서천발전본부,1,2022-03-11 12:00,NOx,8.21
한국중부발전(주)신서천발전본부,1,2022-03-11 12:30,TSP,1.11
한국중부발전(주)신서천발전본부,1,2022-03-11 12:30,SOx,5.44
한국중부발전(주)신서천발전본부,1,2022-03-11 12:30,NOx,8.36
한국중부발전(주)신서천발전본부,1,2022-03-11 13:00,TSP,1.09
한국중부발전(주)신서천발전본부,1,2022-03-11 13:00,SOx,5.59
한국중부발전(주)신서천발전본부,1,2022-03-11 13:00,NOx,7.58
한국중부발전(주)신서천발전본부,1,2022-03-11 13:30,TSP,1.1
한국중부발전(주)신서천발전본부,1,2022-03-11 13:30,SOx,5.46
한국중부발전(주)신서천발전본부,1,2022-03-11 13:30,NOx,8.17
한국중부발전(주)신서천발전본부,1,2022-03-11 14:00,TSP,1.09
한국중부발전(주)신서천발전본부,1,2022-03-11 14:00,SOx,5.28
한국중부발전(주)신서천발전본부,1,2022-03-11 14:00,NOx,8.17
한국중부발전(주)신서천발전본부,1,2022-03-11 14:30,TSP,1.15
한국중부발전(주)신서천발전본부,1,2022-03-11 14:30,SOx,5.11
한국중부발전(주)신서천발전본부,1,2022-03-11 14:30,NOx,8.07
한국중부발전(주)신서천발전본부,1,2022-03-11 15:00,TSP,1.1
한국중부발전(주)신서천발전본부,1,2022-03-11 15:00,SOx,4.91
한국중부발전(주)신서천발전본부,1,2022-03-11 15:00,NOx,8.0
한국중부발전(주)신서천발전본부,1,2022-03-11 15:30,TSP,1.05
한국중부발전(주)신서천발전본부,1,2022-03-11 15:30,SOx,5.06
한국중부발전(주)신서천발전본부,1,2022-03-11 15:30,NOx,7.66
한국중부발전(주)신서천발전본부,1,2022-03-11 16:00,TSP,1.09
한국중부발전(주)신서천발전본부,1,2022-03-11 16:00,SOx,5.04
한국중부발전(주)신서천발전본부,1,2022-03-11 16:00,NOx,7.51
한국중부발전(주)신서천발전본부,1,2022-03-11 16:30,TSP,1.06
한국중부발전(주)신서천발전본부,1,2022-03-11 16:30,SOx,5.3
한국중부발전(주)신서천발전본부,1,2022-03-11 16:30,NOx,7.66
한국중부발전(주)신서천발전본부,1,2022-03-11 17:00,TSP,1.07
한국중부발전(주)신서천발전본부,1,2022-03-11 17:00,SOx,5.24
한국중부발전(주)신서천발전본부,1,2022-03-11 17:00,NOx,7.77
한국중부발전(주)신서천발전본부,1,2022-03-11 17:30,TSP,1.26
한국중부발전(주)신서천발전본부,1,2022-03-11 17:30,SOx,5.17
한국중부발전(주)신서천발전본부,1,2022-03-11 17:30,NOx,8.29
한국중부발전(주)신서천발전본부,1,2022-03-11 18:00,TSP,1.11
한국중부발전(주)신서천발전본부,1,2022-03-11 18:00,SOx,5.37
한국중부발전(주)신서천발전본부,1,2022-03-11 18:00,NOx,7.46
한국중부발전(주)신서천발전본부,1,2022-03-11 18:30,TSP,1.08
한국중부발전(주)신서천발전본부,1,2022-03-11 18:30,SOx,5.36
한국중부발전(주)신서천발전본부,1,2022-03-11 18:30,NOx,8.01
한국중부발전(주)신서천발전본부,1,2022-03-11 19:00,TSP,1.12
한국중부발전(주)신서천발전본부,1,2022-03-11 19:00,SOx,5.29
한국중부발전(주)신서천발전본부,1,2022-03-11 19:00,NOx,8.16
한국중부발전(주)신서천발전본부,1,2022-03-11 19:30,TSP,1.08
한국중부발전(주)신서천발전본부,1,2022-03-11 19:30,SOx,5.33
한국중부발전(주)신서천발전본부,1,2022-03-11 19:30,NOx,7.82
한국중부발전(주)신서천발전본부,1,2022-03-11 20:00,TSP,1.09
한국중부발전(주)신서천발전본부,1,2022-03-11 20:00,SOx,5.22
한국중부발전(주)신서천발전본부,1,2022-03-11 20:00,NOx,8.0
한국중부발전(주)신서천발전본부,1,2022-03-11 20:30,TSP,1.1
한국중부발전(주)신서천발전본부,1,2022-03-11 20:30,SOx,5.23
한국중부발전(주)신서천발전본부,1,2022-03-11 20:30,NOx,7.67
한국중부발전(주)신서천발전본부,1,2022-03-11 21:00,TSP,1.07
한국중부발전(주)신서천발전본부,1,2022-03-11 21:00,SOx,5.22
한국중부발전(주)신서천발전본부,1,2022-03-11 21:00,NOx,8.68
한국중부발전(주)신서천발전본부,1,2022-03-11 21:30,TSP,1.08
한국중부발전(주)신서천발전본부,1,2022-03-11 21:30,SOx,5.46
한국중부발전(주)신서천발전본부,1,2022-03-11 21:30,NOx,8.37
한국중부발전(주)신서천발전본부,1,2022-03-11 22:00,TSP,1.06
한국중부발전(주)신서천발전본부,1,2022-03-11 22:00,SOx,5.47
한국중부발전(주)신서천발전본부,1,2022-03-11 22:00,NOx,8.48
한국중부발전(주)신서천발전본부,1,2022-03-11 22:30,TSP,1.06
한국중부발전(주)신서천발전본부,1,2022-03-11 22:30,SOx,5.48
한국중부발전(주)신서천발전본부,1,2022-03-11 22:30,NOx,8.08
한국중부발전(주)신서천발전본부,1,2022-03-11 23:00,TSP,1.07
한국중부발전(주)신서천발전본부,1,2022-03-11 23:00,SOx,4.67
한국중부발전(주)신서천발전본부,1,2022-03-11 23:00,NOx,7.4
한국중부발전(주)신서천발전본부,1,2022-03-11 23:30,TSP,1.08
한국중부발전(주)신서천발전본부,1,2022-03-11 23:30,SOx,3.64
한국중부발전(주)신서천발전본부,1,2022-03-11 23:30,NOx,9.63
한국중부발전(주)신서천발전본부,1,2022-03-12 00:00,TSP,1.15
한국중부발전(주)신서천발전본부,1,2022-03-12 00:00,SOx,3.55
한국중부발전(주)신서천발전본부,1,2022-03-12 00:00,NOx,6.43
한국중부발전(주)신서천발전본부,1,2022-03-12 00:30,TSP,1.14
한국중부발전(주)신서천발전본부,1,2022-03-12 00:30,SOx,3.88
한국중부발전(주)신서천발전본부,1,2022-03-12 00:30,NOx,6.71
한국중부발전(주)신서천발전본부,1,2022-03-12 01:00,TSP,1.11
한국중부발전(주)신서천발전본부,1,2022-03-12 01:00,SOx,4.23
한국중부발전(주)신서천발전본부,1,2022-03-12 01:00,NOx,6.6
한국중부발전(주)신서천발전본부,1,2022-03-12 01:30,TSP,1.09
한국중부발전(주)신서천발전본부,1,2022-03-12 01:30,SOx,4.79
한국중부발전(주)신서천발전본부,1,2022-03-12 01:30,NOx,6.68
한국중부발전(주)신서천발전본부,1,2022-03-12 02:00,TSP,1.07
한국중부발전(주)신서천발전본부,1,2022-03-12 02:00,SOx,5.07
한국중부발전(주)신서천발전본부,1,2022-03-12 02:00,NOx,6.7
한국중부발전(주)신서천발전본부,1,2022-03-12 02:30,TSP,1.06
한국중부발전(주)신서천발전본부,1,2022-03-12 02:30,SOx,5.53
한국중부발전(주)신서천발전본부,1,2022-03-12 02:30,NOx,6.96
한국중부발전(주)신서천발전본부,1,2022-03-12 03:00,TSP,1.05
한국중부발전(주)신서천발전본부,1,2022-03-12 03:00,SOx,5.35
한국중부발전(주)신서천발전본부,1,2022-03-12 03:00,NOx,6.94
한국중부발전(주)신서천발전본부,1,2022-03-12 03:30,TSP,1.05
한국중부발전(주)신서천발전본부,1,2022-03-12 03:30,SOx,5.22
한국중부발전(주)신서천발전본부,1,2022-03-12 03:30,NOx,6.81
한국중부발전(주)신서천발전본부,1,2022-03-12 04:00,TSP,1.05
한국중부발전(주)신서천발전본부,1,2022-03-12 04:00,SOx,5.09
한국중부발전(주)신서천발전본부,1,2022-03-12 04:00,NOx,6.91
한국중부발전(주)신서천발전본부,1,2022-03-12 04:30,TSP,1.04
한국중부발전(주)신서천발전본부,1,2022-03-12 04:30,SOx,4.99
한국중부발전(주)신서천발전본부,1,2022-03-12 04:30,NOx,7.43
한국중부발전(주)신서천발전본부,1,2022-03-12 05:00,TSP,1.04
한국중부발전(주)신서천발전본부,1,2022-03-12 05:00,SOx,5.41
한국중부발전(주)신서천발전본부,1,2022-03-12 05:00,NOx,7.4
한국중부발전(주)신서천발전본부,1,2022-03-12 05:30,TSP,1.03
한국중부발전(주)신서천발전본부,1,2022-03-12 05:30,SOx,5.37
한국중부발전(주)신서천발전본부,1,2022-03-12 05:30,NOx,7.61
한국중부발전(주)신서천발전본부,1,2022-03-12 06:00,TSP,1.04
한국중부발전(주)신서천발전본부,1,2022-03-12 06:00,SOx,5.49
한국중부발전(주)신서천발전본부,1,2022-03-12 06:00,NOx,6.91
한국중부발전(주)신서천발전본부,1,2022-03-12 06:30,TSP,1.03
한국중부발전(주)신서천발전본부,1,2022-03-12 06:30,SOx,5.29
한국중부발전(주)신서천발전본부,1,2022-03-12 06:30,NOx,7.45
한국중부발전(주)신서천발전본부,1,2022-03-12 07:00,TSP,1.03
한국중부발전(주)신서천발전본부,1,2022-03-12 07:00,SOx,5.06
한국중부발전(주)신서천발전본부,1,2022-03-12 07:00,NOx,7.26
한국중부발전(주)신서천발전본부,1,2022-03-12 07:30,TSP,1.02
한국중부발전(주)신서천발전본부,1,2022-03-12 07:30,SOx,4.98
한국중부발전(주)신서천발전본부,1,2022-03-12 07:30,NOx,7.1
한국중부발전(주)신서천발전본부,1,2022-03-12 08:00,TSP,1.02
한국중부발전(주)신서천발전본부,1,2022-03-12 08:00,SOx,5.17
한국중부발전(주)신서천발전본부,1,2022-03-12 08:00,NOx,7.6
한국중부발전(주)신서천발전본부,1,2022-03-12 08:30,TSP,1.05
한국중부발전(주)신서천발전본부,1,2022-03-12 08:30,SOx,5.06
한국중부발전(주)신서천발전본부,1,2022-03-12 08:30,NOx,6.97
한국중부발전(주)신서천발전본부,1,2022-03-12 09:00,TSP,1.07
한국중부발전(주)신서천발전본부,1,2022-03-12 09:00,SOx,4.68
한국중부발전(주)신서천발전본부,1,2022-03-12 09:00,NOx,7.48
한국중부발전(주)신서천발전본부,1,2022-03-12 09:30,TSP,1.04
한국중부발전(주)신서천발전본부,1,2022-03-12 09:30,SOx,4.91
한국중부발전(주)신서천발전본부,1,2022-03-12 09:30,NOx,7.17
한국중부발전(주)신서천발전본부,1,2022-03-12 10:00,TSP,1.03
한국중부발전(주)신서천발전본부,1,2022-03-12 10:00,SOx,4.96
한국중부발전(주)신서천발전본부,1,2022-03-12 10:00,NOx,7.53
한국중부발전(주)신서천발전본부,1,2022-03-12 10:30,TSP,1.03
한국중부발전(주)신서천발전본부,1,2022-03-12 10:30,SOx,4.63
한국중부발전(주)신서천발전본부,1,2022-03-12 10:30,NOx,7.79
한국중부발전(주)신서천발전본부,1,2022-03-12 11:00,TSP,1.05
한국중부발전(주)신서천발전본부,1,2022-03-12 11:00,SOx,4.77
한국중부발전(주)신서천발전본부,1,2022-03-12 11:00,NOx,7.2
한국중부발전(주)신서천발전본부,1,2022-03-12 11:30,TSP,1.06
한국중부발전(주)신서천발전본부,1,2022-03-12 11:30,SOx,4.45
한국중부발전(주)신서천발전본부,1,2022-03-12 11:30,NOx,8.1
한국중부발전(주)신서천발전본부,1,2022-03-12 12:00,TSP,1.05
한국중부발전(주)신서천발전본부,1,2022-03-12 12:00,SOx,4.69
한국중부발전(주)신서천발전본부,1,2022-03-12 12:00,NOx,7.39
한국중부발전(주)신서천발전본부,1,2022-03-12 12:30,TSP,1.05
한국중부발전(주)신서천발전본부,1,2022-03-12 12:30,SOx,4.78
한국중부발전(주)신서천발전본부,1,2022-03-12 12:30,NOx,7.51
한국중부발전(주)신서천발전본부,1,2022-03-12 13:00,TSP,1.04
한국중부발전(주)신서천발전본부,1,2022-03-12 13:00,SOx,5.03
한국중부발전(주)신서천발전본부,1,2022-03-12 13:00,NOx,7.07
한국중부발전(주)신서천발전본부,1,2022-03-12 13:30,TSP,1.05
한국중부발전(주)신서천발전본부,1,2022-03-12 13:30,SOx,4.94
한국중부발전(주)신서천발전본부,1,2022-03-12 13:30,NOx,7.24
한국중부발전(주)신서천발전본부,1,2022-03-12 14:00,TSP,1.07
한국중부발전(주)신서천발전본부,1,2022-03-12 14:00,SOx,4.68
한국중부발전(주)신서천발전본부,1,2022-03-12 14:00,NOx,7.13
한국중부발전(주)신서천발전본부,1,2022-03-12 14:30,TSP,1.07
한국중부발전(주)신서천발전본부,1,2022-03-12 14:30,SOx,4.48
한국중부발전(주)신서천발전본부,1,2022-03-12 14:30,NOx,6.96
한국중부발전(주)신서천발전본부,1,2022-03-12 15:00,TSP,1.07
한국중부발전(주)신서천발전본부,1,2022-03-12 15:00,SOx,4.5
한국중부발전(주)신서천발전본부,1,2022-03-12 15:00,NOx,7.29
한국중부발전(주)신서천발전본부,1,2022-03-12 15:30,TSP,1.06
한국중부발전(주)신서천발전본부,1,2022-03-12 15:30,SOx,4.57
한국중부발전(주)신서천발전본부,1,2022-03-12 15:30,NOx,7.28
한국중부발전(주)신서천발전본부,1,2022-03-12 16:00,TSP,1.12
한국중부발전(주)신서천발전본부,1,2022-03-12 16:00,SOx,3.8
한국중부발전(주)신서천발전본부,1,2022-03-12 16:00,NOx,7.39
한국중부발전(주)신서천발전본부,1,2022-03-12 16:30,TSP,1.1
한국중부발전(주)신서천발전본부,1,2022-03-12 16:30,SOx,4.72
한국중부발전(주)신서천발전본부,1,2022-03-12 16:30,NOx,6.75
한국중부발전(주)신서천발전본부,1,2022-03-12 17:00,TSP,1.1
한국중부발전(주)신서천발전본부,1,2022-03-12 17:00,SOx,4.51
한국중부발전(주)신서천발전본부,1,2022-03-12 17:00,NOx,7.67
한국중부발전(주)신서천발전본부,1,2022-03-12 17:30,TSP,1.08
한국중부발전(주)신서천발전본부,1,2022-03-12 17:30,SOx,4.64
한국중부발전(주)신서천발전본부,1,2022-03-12 17:30,NOx,7.04
한국중부발전(주)신서천발전본부,1,2022-03-12 18:00,TSP,1.09
한국중부발전(주)신서천발전본부,1,2022-03-12 18:00,SOx,4.57
한국중부발전(주)신서천발전본부,1,2022-03-12 18:00,NOx,7.09
한국중부발전(주)신서천발전본부,1,2022-03-12 18:30,TSP,1.09
한국중부발전(주)신서천발전본부,1,2022-03-12 18:30,SOx,4.68
한국중부발전(주)신서천발전본부,1,2022-03-12 18:30,NOx,6.97
한국중부발전(주)신서천발전본부,1,2022-03-12 19:00,TSP,1.11
한국중부발전(주)신서천발전본부,1,2022-03-12 19:00,SOx,4.45
한국중부발전(주)신서천발전본부,1,2022-03-12 19:00,NOx,6.92
한국중부발전(주)신서천발전본부,1,2022-03-12 19:30,TSP,1.09
한국중부발전(주)신서천발전본부,1,2022-03-12 19:30,SOx,4.55
한국중부발전(주)신서천발전본부,1,2022-03-12 19:30,NOx,6.67
한국중부발전(주)신서천발전본부,1,2022-03-12 20:00,TSP,1.08
한국중부발전(주)신서천발전본부,1,2022-03-12 20:00,SOx,4.66
한국중부발전(주)신서천발전본부,1,2022-03-12 20:00,NOx,7.07
한국중부발전(주)신서천발전본부,1,2022-03-12 20:30,TSP,1.07
한국중부발전(주)신서천발전본부,1,2022-03-12 20:30,SOx,4.78
한국중부발전(주)신서천발전본부,1,2022-03-12 20:30,NOx,7.06
한국중부발전(주)신서천발전본부,1,2022-03-12 21:00,TSP,1.07
한국중부발전(주)신서천발전본부,1,2022-03-12 21:00,SOx,4.8
한국중부발전(주)신서천발전본부,1,2022-03-12 21:00,NOx,7.01
한국중부발전(주)신서천발전본부,1,2022-03-12 21:30,TSP,1.06
한국중부발전(주)신서천발전본부,1,2022-03-12 21:30,SOx,4.75
한국중부발전(주)신서천발전본부,1,2022-03-12 21:30,NOx,7.03
한국중부발전(주)신서천발전본부,1,2022-03-12 22:00,TSP,1.05
한국중부발전(주)신서천발전본부,1,2022-03-12 22:00,SOx,4.75
한국중부발전(주)신서천발전본부,1,2022-03-12 22:00,NOx,7.24
한국중부발전(주)신서천발전본부,1,2022-03-12 22:30,TSP,1.05
한국중부발전(주)신서천발전본부,1,2022-03-12 22:30,SOx,4.78
한국중부발전(주)신서천발전본부,1,2022-03-12 22:30,NOx,7.4
한국중부발전(주)신서천발전본부,1,2022-03-12 23:00,TSP,1.11
한국중부발전(주)신서천발전본부,1,2022-03-12 23:00,SOx,4.74
한국중부발전(주)신서천발전본부,1,2022-03-12 23:00,NOx,7.19
한국중부발전(주)신서천발전본부,1,2022-03-12 23:30,TSP,1.12
한국중부발전(주)신서천발전본부,1,2022-03-12 23:30,SOx,4.54
한국중부발전(주)신서천발전본부,1,2022-03-12 23:30,NOx,7.92
한국중부발전(주)신서천발전본부,1,2022-03-13 00:00,TSP,1.14
한국중부발전(주)신서천발전본부,1,2022-03-13 00:00,SOx,3.88
한국중부발전(주)신서천발전본부,1,2022-03-13 00:00,NOx,6.82
한국중부발전(주)신서천발전본부,1,2022-03-13 00:30,TSP,1.13
한국중부발전(주)신서천발전본부,1,2022-03-13 00:30,SOx,4.33
한국중부발전(주)신서천발전본부,1,2022-03-13 00:30,NOx,7.51
한국중부발전(주)신서천발전본부,1,2022-03-13 01:00,TSP,1.11
한국중부발전(주)신서천발전본부,1,2022-03-13 01:00,SOx,4.51
한국중부발전(주)신서천발전본부,1,2022-03-13 01:00,NOx,7.56
한국중부발전(주)신서천발전본부,1,2022-03-13 01:30,TSP,1.1
한국중부발전(주)신서천발전본부,1,2022-03-13 01:30,SOx,4.51
한국중부발전(주)신서천발전본부,1,2022-03-13 01:30,NOx,7.2
한국중부발전(주)신서천발전본부,1,2022-03-13 02:00,TSP,1.11
한국중부발전(주)신서천발전본부,1,2022-03-13 02:00,SOx,4.33
한국중부발전(주)신서천발전본부,1,2022-03-13 02:00,NOx,7.5
한국중부발전(주)신서천발전본부,1,2022-03-13 02:30,TSP,1.11
한국중부발전(주)신서천발전본부,1,2022-03-13 02:30,SOx,4.64
한국중부발전(주)신서천발전본부,1,2022-03-13 02:30,NOx,7.28
한국중부발전(주)신서천발전본부,1,2022-03-13 03:00,TSP,1.11
한국중부발전(주)신서천발전본부,1,2022-03-13 03:00,SOx,4.56
한국중부발전(주)신서천발전본부,1,2022-03-13 03:00,NOx,7.13
한국중부발전(주)신서천발전본부,1,2022-03-13 03:30,TSP,1.11
한국중부발전(주)신서천발전본부,1,2022-03-13 03:30,SOx,4.35
한국중부발전(주)신서천발전본부,1,2022-03-13 03:30,NOx,7.54
한국중부발전(주)신서천발전본부,1,2022-03-13 04:00,TSP,1.12
한국중부발전(주)신서천발전본부,1,2022-03-13 04:00,SOx,4.35
한국중부발전(주)신서천발전본부,1,2022-03-13 04:00,NOx,7.47
한국중부발전(주)신서천발전본부,1,2022-03-13 04:30,TSP,1.13
한국중부발전(주)신서천발전본부,1,2022-03-13 04:30,SOx,4.63
한국중부발전(주)신서천발전본부,1,2022-03-13 04:30,NOx,7.84
한국중부발전(주)신서천발전본부,1,2022-03-13 05:00,TSP,1.12
한국중부발전(주)신서천발전본부,1,2022-03-13 05:00,SOx,4.69
한국중부발전(주)신서천발전본부,1,2022-03-13 05:00,NOx,7.54
한국중부발전(주)신서천발전본부,1,2022-03-13 05:30,TSP,1.13
한국중부발전(주)신서천발전본부,1,2022-03-13 05:30,SOx,4.44
한국중부발전(주)신서천발전본부,1,2022-03-13 05:30,NOx,7.87
한국중부발전(주)신서천발전본부,1,2022-03-13 06:00,TSP,1.14
한국중부발전(주)신서천발전본부,1,2022-03-13 06:00,SOx,4.43
한국중부발전(주)신서천발전본부,1,2022-03-13 06:00,NOx,7.49
한국중부발전(주)신서천발전본부,1,2022-03-13 06:30,TSP,1.14
한국중부발전(주)신서천발전본부,1,2022-03-13 06:30,SOx,4.12
한국중부발전(주)신서천발전본부,1,2022-03-13 06:30,NOx,7.98
한국중부발전(주)신서천발전본부,1,2022-03-13 07:00,TSP,1.13
한국중부발전(주)신서천발전본부,1,2022-03-13 07:00,SOx,4.62
한국중부발전(주)신서천발전본부,1,2022-03-13 07:00,NOx,7.54
한국중부발전(주)신서천발전본부,1,2022-03-13 07:30,TSP,1.13
한국중부발전(주)신서천발전본부,1,2022-03-13 07:30,SOx,4.56
한국중부발전(주)신서천발전본부,1,2022-03-13 07:30,NOx,7.55
한국중부발전(주)신서천발전본부,1,2022-03-13 08:00,TSP,1.14
한국중부발전(주)신서천발전본부,1,2022-03-13 08:00,SOx,4.64
한국중부발전(주)신서천발전본부,1,2022-03-13 08:00,NOx,7.36
한국중부발전(주)신서천발전본부,1,2022-03-13 08:30,TSP,1.15
한국중부발전(주)신서천발전본부,1,2022-03-13 08:30,SOx,4.54
한국중부발전(주)신서천발전본부,1,2022-03-13 08:30,NOx,7.58
한국중부발전(주)신서천발전본부,1,2022-03-13 09:00,TSP,1.18
한국중부발전(주)신서천발전본부,1,2022-03-13 09:00,SOx,4.52
한국중부발전(주)신서천발전본부,1,2022-03-13 09:00,NOx,7.36
한국중부발전(주)신서천발전본부,1,2022-03-13 09:30,TSP,1.17
한국중부발전(주)신서천발전본부,1,2022-03-13 09:30,SOx,4.47
한국중부발전(주)신서천발전본부,1,2022-03-13 09:30,NOx,7.34
한국중부발전(주)신서천발전본부,1,2022-03-13 10:00,TSP,1.16
한국중부발전(주)신서천발전본부,1,2022-03-13 10:00,SOx,4.57
한국중부발전(주)신서천발전본부,1,2022-03-13 10:00,NOx,7.49
한국중부발전(주)신서천발전본부,1,2022-03-13 10:30,TSP,1.16
한국중부발전(주)신서천발전본부,1,2022-03-13 10:30,SOx,4.55
한국중부발전(주)신서천발전본부,1,2022-03-13 10:30,NOx,7.67
한국중부발전(주)신서천발전본부,1,2022-03-13 11:00,TSP,1.02
한국중부발전(주)신서천발전본부,1,2022-03-13 11:00,SOx,4.57
한국중부발전(주)신서천발전본부,1,2022-03-13 11:00,NOx,7.36
한국중부발전(주)신서천발전본부,1,2022-03-13 11:30,TSP,1.03
한국중부발전(주)신서천발전본부,1,2022-03-13 11:30,SOx,4.48
한국중부발전(주)신서천발전본부,1,2022-03-13 11:30,NOx,7.71
한국중부발전(주)신서천발전본부,1,2022-03-13 12:00,TSP,1.01
한국중부발전(주)신서천발전본부,1,2022-03-13 12:00,SOx,4.45
한국중부발전(주)신서천발전본부,1,2022-03-13 12:00,NOx,8.0
한국중부발전(주)신서천발전본부,1,2022-03-13 12:30,TSP,1.03
한국중부발전(주)신서천발전본부,1,2022-03-13 12:30,SOx,4.57
한국중부발전(주)신서천발전본부,1,2022-03-13 12:30,NOx,7.25
한국중부발전(주)신서천발전본부,1,2022-03-13 13:00,TSP,1.03
한국중부발전(주)신서천발전본부,1,2022-03-13 13:00,SOx,4.63
한국중부발전(주)신서천발전본부,1,2022-03-13 13:00,NOx,7.89
한국중부발전(주)신서천발전본부,1,2022-03-13 13:30,TSP,1.03
한국중부발전(주)신서천발전본부,1,2022-03-13 13:30,SOx,4.92
한국중부발전(주)신서천발전본부,1,2022-03-13 13:30,NOx,7.12
한국중부발전(주)신서천발전본부,1,2022-03-13 14:00,TSP,1.03
한국중부발전(주)신서천발전본부,1,2022-03-13 14:00,SOx,4.99
한국중부발전(주)신서천발전본부,1,2022-03-13 14:00,NOx,6.83
한국중부발전(주)신서천발전본부,1,2022-03-13 14:30,TSP,1.04
한국중부발전(주)신서천발전본부,1,2022-03-13 14:30,SOx,4.85
한국중부발전(주)신서천발전본부,1,2022-03-13 14:30,NOx,6.82
한국중부발전(주)신서천발전본부,1,2022-03-13 15:00,TSP,1.07
한국중부발전(주)신서천발전본부,1,2022-03-13 15:00,SOx,4.92
한국중부발전(주)신서천발전본부,1,2022-03-13 15:00,NOx,6.99
한국중부발전(주)신서천발전본부,1,2022-03-13 15:30,TSP,1.04
한국중부발전(주)신서천발전본부,1,2022-03-13 15:30,SOx,4.81
한국중부발전(주)신서천발전본부,1,2022-03-13 15:30,NOx,7.15
한국중부발전(주)신서천발전본부,1,2022-03-13 16:00,TSP,6.71
한국중부발전(주)신서천발전본부,1,2022-03-13 16:00,SOx,109.99
한국중부발전(주)신서천발전본부,1,2022-03-13 16:00,NOx,7.11
한국중부발전(주)신서천발전본부,1,2022-03-13 16:30,TSP,15.58
한국중부발전(주)신서천발전본부,1,2022-03-13 16:30,SOx,171.24
한국중부발전(주)신서천발전본부,1,2022-03-13 16:30,NOx,8.15
한국중부발전(주)신서천발전본부,1,2022-03-13 17:00,TSP,59.36
한국중부발전(주)신서천발전본부,1,2022-03-13 17:00,SOx,139.83
한국중부발전(주)신서천발전본부,1,2022-03-13 17:00,NOx,12.15
한국중부발전(주)신서천발전본부,1,2022-03-13 17:30,TSP,0.0
한국중부발전(주)신서천발전본부,1,2022-03-13 17:30,SOx,0.0
한국중부발전(주)신서천발전본부,1,2022-03-13 17:30,NOx,0.0
한국중부발전(주)신서천발전본부,1,2022-03-13 18:00,TSP,0.0
한국중부발전(주)신서천발전본부,1,2022-03-13 18:00,SOx,0.0
한국중부발전(주)신서천발전본부,1,2022-03-13 18:00,NOx,0.0
한국중부발전(주)신서천발전본부,1,2022-03-13 18:30,TSP,0.0
한국중부발전(주)신서천발전본부,1,2022-03-13 18:30,SOx,0.0
한국중부발전(주)신서천발전본부,1,2022-03-13 18:30,NOx,0.0
한국중부발전(주)신서천발전본부,1,2022-03-13 19:00,TSP,0.0
한국중부발전(주)신서천발전본부,1,2022-03-13 19:00,SOx,0.0
한국중부발전(주)신서천발전본부,1,2022-03-13 19:00,NOx,0.0
한국중부발전(주)신서천발전본부,1,2022-03-13 19:30,TSP,0.0
한국중부발전(주)신서천발전본부,1,2022-03-13 19:30,SOx,0.0
한국중부발전(주)신서천발전본부,1,2022-03-13 19:30,NOx,0.0
한국중부발전(주)신서천발전본부,1,2022-03-13 20:00,TSP,0.0
한국중부발전(주)신서천발전본부,1,2022-03-13 20:00,SOx,0.0
한국중부발전(주)신서천발전본부,1,2022-03-13 20:00,NOx,0.0
한국중부발전(주)신서천발전본부,1,2022-03-13 20:30,TSP,0.0
한국중부발전(주)신서천발전본부,1,2022-03-13 20:30,SOx,0.0
한국중부발전(주)신서천발전본부,1,2022-03-13 20:30,NOx,0.0
한국중부발전(주)신서천발전본부,1,2022-03-13 21:00,TSP,0.0
한국중부발전(주)신서천발전본부,1,2022-03-13 21:00,SOx,0.0
한국중부발전(주)신서천발전본부,1,2022-03-13 21:00,NOx,0.0
한국중부발전(주)신서천발전본부,1,2022-03-13 21:30,TSP,0.0
한국중부발전(주)신서천발전본부,1,2022-03-13 21:30,SOx,0.0
한국중부발전(주)신서천발전본부,1,2022-03-13 21:30,NOx,0.0
한국중부발전(주)신서천발전본부,1,2022-03-13 22:00,TSP,0.0
한국중부발전(주)신서천발전본부,1,2022-03-13 22:00,SOx,0.0
한국중부발전(주)신서천발전본부,1,2022-03-13 22:00,NOx,0.0
한국중부발전(주)신서천발전본부,1,2022-03-13 22:30,TSP,0.0
한국중부발전(주)신서천발전본부,1,2022-03-13 22:30,SOx,0.0
한국중부발전(주)신서천발전본부,1,2022-03-13 22:30,NOx,0.0
한국중부발전(주)신서천발전본부,1,2022-03-13 23:00,TSP,0.0
한국중부발전(주)신서천발전본부,1,2022-03-13 23:00,SOx,0.0
한국중부발전(주)신서천발전본부,1,2022-03-13 23:00,NOx,0.0
한국중부발전(주)신서천발전본부,1,2022-03-13 23:30,TSP,0.0
한국중부발전(주)신서천발전본부,1,2022-03-13 23:30,SOx,0.0
한국중부발전(주)신서천발전본부,1,2022-03-13 23:30,NOx,0.0
한국중부발전(주)신서천발전본부,1,2022-03-14 00:00,TSP,0.0
한국중부발전(주)신서천발전본부,1,2022-03-14 00:00,SOx,0.0
한국중부발전(주)신서천발전본부,1,2022-03-14 00:00,NOx,0.0
한국중부발전(주)신서천발전본부,1,2022-03-14 00:30,TSP,0.0
한국중부발전(주)신서천발전본부,1,2022-03-14 00:30,SOx,0.0
한국중부발전(주)신서천발전본부,1,2022-03-14 00:30,NOx,0.0
한국중부발전(주)신서천발전본부,1,2022-03-14 01:00,TSP,151.16
한국중부발전(주)신서천발전본부,1,2022-03-14 01:00,SOx,6.94
한국중부발전(주)신서천발전본부,1,2022-03-14 01:00,NOx,16.55
한국중부발전(주)신서천발전본부,1,2022-03-14 01:30,TSP,5.1
한국중부발전(주)신서천발전본부,1,2022-03-14 01:30,SOx,1.67
한국중부발전(주)신서천발전본부,1,2022-03-14 01:30,NOx,43.27
한국중부발전(주)신서천발전본부,1,2022-03-14 02:00,TSP,3.78
한국중부발전(주)신서천발전본부,1,2022-03-14 02:00,SOx,1.68
한국중부발전(주)신서천발전본부,1,2022-03-14 02:00,NOx,45.16
한국중부발전(주)신서천발전본부,1,2022-03-14 02:30,TSP,2.89
한국중부발전(주)신서천발전본부,1,2022-03-14 02:30,SOx,1.47
한국중부발전(주)신서천발전본부,1,2022-03-14 02:30,NOx,42.75
한국중부발전(주)신서천발전본부,1,2022-03-14 03:00,TSP,2.73
한국중부발전(주)신서천발전본부,1,2022-03-14 03:00,SOx,12.9
한국중부발전(주)신서천발전본부,1,2022-03-14 03:00,NOx,51.95
한국중부발전(주)신서천발전본부,1,2022-03-14 03:30,TSP,2.49
한국중부발전(주)신서천발전본부,1,2022-03-14 03:30,SOx,19.15
한국중부발전(주)신서천발전본부,1,2022-03-14 03:30,NOx,132.66
한국중부발전(주)신서천발전본부,1,2022-03-14 04:00,TSP,1.59
한국중부발전(주)신서천발전본부,1,2022-03-14 04:00,SOx,0.96
한국중부발전(주)신서천발전본부,1,2022-03-14 04:00,NOx,90.07
한국중부발전(주)신서천발전본부,1,2022-03-14 04:30,TSP,1.2
한국중부발전(주)신서천발전본부,1,2022-03-14 04:30,SOx,1.73
한국중부발전(주)신서천발전본부,1,2022-03-14 04:30,NOx,63.64
한국중부발전(주)신서천발전본부,1,2022-03-14 05:00,TSP,1.12
한국중부발전(주)신서천발전본부,1,2022-03-14 05:00,SOx,2.87
한국중부발전(주)신서천발전본부,1,2022-03-14 05:00,NOx,16.53
한국중부발전(주)신서천발전본부,1,2022-03-14 05:30,TSP,1.05
한국중부발전(주)신서천발전본부,1,2022-03-14 05:30,SOx,4.98
한국중부발전(주)신서천발전본부,1,2022-03-14 05:30,NOx,7.89
한국중부발전(주)신서천발전본부,1,2022-03-14 06:00,TSP,1.01
한국중부발전(주)신서천발전본부,1,2022-03-14 06:00,SOx,6.35
한국중부발전(주)신서천발전본부,1,2022-03-14 06:00,NOx,6.88
한국중부발전(주)신서천발전본부,1,2022-03-14 06:30,TSP,1.04
한국중부발전(주)신서천발전본부,1,2022-03-14 06:30,SOx,6.23
한국중부발전(주)신서천발전본부,1,2022-03-14 06:30,NOx,5.88
한국중부발전(주)신서천발전본부,1,2022-03-14 07:00,TSP,1.03
한국중부발전(주)신서천발전본부,1,2022-03-14 07:00,SOx,5.05
한국중부발전(주)신서천발전본부,1,2022-03-14 07:00,NOx,6.52
한국중부발전(주)신서천발전본부,1,2022-03-14 07:30,TSP,1.05
한국중부발전(주)신서천발전본부,1,2022-03-14 07:30,SOx,4.82
한국중부발전(주)신서천발전본부,1,2022-03-14 07:30,NOx,6.11
한국중부발전(주)신서천발전본부,1,2022-03-14 08:00,TSP,1.15
한국중부발전(주)신서천발전본부,1,2022-03-14 08:00,SOx,4.99
한국중부발전(주)신서천발전본부,1,2022-03-14 08:00,NOx,6.69
한국중부발전(주)신서천발전본부,1,2022-03-14 08:30,TSP,1.18
한국중부발전(주)신서천발전본부,1,2022-03-14 08:30,SOx,5.49
한국중부발전(주)신서천발전본부,1,2022-03-14 08:30,NOx,6.81
한국중부발전(주)신서천발전본부,1,2022-03-14 09:00,TSP,1.2
한국중부발전(주)신서천발전본부,1,2022-03-14 09:00,SOx,5.64
한국중부발전(주)신서천발전본부,1,2022-03-14 09:00,NOx,7.61
한국중부발전(주)신서천발전본부,1,2022-03-14 09:30,TSP,1.23
한국중부발전(주)신서천발전본부,1,2022-03-14 09:30,SOx,5.77
한국중부발전(주)신서천발전본부,1,2022-03-14 09:30,NOx,8.33
한국중부발전(주)신서천발전본부,1,2022-03-14 10:00,TSP,1.19
한국중부발전(주)신서천발전본부,1,2022-03-14 10:00,SOx,6.01
한국중부발전(주)신서천발전본부,1,2022-03-14 10:00,NOx,8.71
한국중부발전(주)신서천발전본부,1,2022-03-14 10:30,TSP,1.19
한국중부발전(주)신서천발전본부,1,2022-03-14 10:30,SOx,5.96
한국중부발전(주)신서천발전본부,1,2022-03-14 10:30,NOx,9.56
한국중부발전(주)신서천발전본부,1,2022-03-14 11:00,TSP,1.21
한국중부발전(주)신서천발전본부,1,2022-03-14 11:00,SOx,5.78
한국중부발전(주)신서천발전본부,1,2022-03-14 11:00,NOx,10.08
한국중부발전(주)신서천발전본부,1,2022-03-14 11:30,TSP,1.21
한국중부발전(주)신서천발전본부,1,2022-03-14 11:30,SOx,5.54
한국중부발전(주)신서천발전본부,1,2022-03-14 11:30,NOx,10.01
한국중부발전(주)신서천발전본부,1,2022-03-14 12:00,TSP,1.25
한국중부발전(주)신서천발전본부,1,2022-03-14 12:00,SOx,5.39
한국중부발전(주)신서천발전본부,1,2022-03-14 12:00,NOx,9.08
한국중부발전(주)신서천발전본부,1,2022-03-14 12:30,TSP,1.24
한국중부발전(주)신서천발전본부,1,2022-03-14 12:30,SOx,5.34
한국중부발전(주)신서천발전본부,1,2022-03-14 12:30,NOx,8.7
한국중부발전(주)신서천발전본부,1,2022-03-14 13:00,TSP,1.2
한국중부발전(주)신서천발전본부,1,2022-03-14 13:00,SOx,5.5
한국중부발전(주)신서천발전본부,1,2022-03-14 13:00,NOx,8.62
한국중부발전(주)신서천발전본부,1,2022-03-14 13:30,TSP,1.19
한국중부발전(주)신서천발전본부,1,2022-03-14 13:30,SOx,5.64
한국중부발전(주)신서천발전본부,1,2022-03-14 13:30,NOx,7.91
한국중부발전(주)신서천발전본부,1,2022-03-14 14:00,TSP,1.22
한국중부발전(주)신서천발전본부,1,2022-03-14 14:00,SOx,5.95
한국중부발전(주)신서천발전본부,1,2022-03-14 14:00,NOx,8.01
한국중부발전(주)신서천발전본부,1,2022-03-14 14:30,TSP,1.18
한국중부발전(주)신서천발전본부,1,2022-03-14 14:30,SOx,5.85
한국중부발전(주)신서천발전본부,1,2022-03-14 14:30,NOx,7.72
한국중부발전(주)신서천발전본부,1,2022-03-14 15:00,TSP,1.17
한국중부발전(주)신서천발전본부,1,2022-03-14 15:00,SOx,5.81
한국중부발전(주)신서천발전본부,1,2022-03-14 15:00,NOx,7.32
한국중부발전(주)신서천발전본부,1,2022-03-14 15:30,TSP,1.17
한국중부발전(주)신서천발전본부,1,2022-03-14 15:30,SOx,5.65
한국중부발전(주)신서천발전본부,1,2022-03-14 15:30,NOx,6.9
한국중부발전(주)신서천발전본부,1,2022-03-14 16:00,TSP,1.19
한국중부발전(주)신서천발전본부,1,2022-03-14 16:00,SOx,5.49
한국중부발전(주)신서천발전본부,1,2022-03-14 16:00,NOx,6.37
한국중부발전(주)신서천발전본부,1,2022-03-14 16:30,TSP,1.22
한국중부발전(주)신서천발전본부,1,2022-03-14 16:30,SOx,5.57
한국중부발전(주)신서천발전본부,1,2022-03-14 16:30,NOx,6.62
한국중부발전(주)신서천발전본부,1,2022-03-14 17:00,TSP,1.18
한국중부발전(주)신서천발전본부,1,2022-03-14 17:00,SOx,5.31
한국중부발전(주)신서천발전본부,1,2022-03-14 17:00,NOx,6.61
한국중부발전(주)신서천발전본부,1,2022-03-14 17:30,TSP,1.18
한국중부발전(주)신서천발전본부,1,2022-03-14 17:30,SOx,5.43
한국중부발전(주)신서천발전본부,1,2022-03-14 17:30,NOx,6.68
한국중부발전(주)신서천발전본부,1,2022-03-14 18:00,TSP,1.16
한국중부발전(주)신서천발전본부,1,2022-03-14 18:00,SOx,5.47
한국중부발전(주)신서천발전본부,1,2022-03-14 18:00,NOx,6.64
한국중부발전(주)신서천발전본부,1,2022-03-14 18:30,TSP,1.22
한국중부발전(주)신서천발전본부,1,2022-03-14 18:30,SOx,5.43
한국중부발전(주)신서천발전본부,1,2022-03-14 18:30,NOx,5.94
한국중부발전(주)신서천발전본부,1,2022-03-14 19:00,TSP,1.2
한국중부발전(주)신서천발전본부,1,2022-03-14 19:00,SOx,5.55
한국중부발전(주)신서천발전본부,1,2022-03-14 19:00,NOx,6.27
한국중부발전(주)신서천발전본부,1,2022-03-14 19:30,TSP,1.15
한국중부발전(주)신서천발전본부,1,2022-03-14 19:30,SOx,5.35
한국중부발전(주)신서천발전본부,1,2022-03-14 19:30,NOx,6.25
한국중부발전(주)신서천발전본부,1,2022-03-14 20:00,TSP,1.14
한국중부발전(주)신서천발전본부,1,2022-03-14 20:00,SOx,5.64
한국중부발전(주)신서천발전본부,1,2022-03-14 20:00,NOx,6.48
한국중부발전(주)신서천발전본부,1,2022-03-14 20:30,TSP,1.12
한국중부발전(주)신서천발전본부,1,2022-03-14 20:30,SOx,5.75
한국중부발전(주)신서천발전본부,1,2022-03-14 20:30,NOx,6.43
한국중부발전(주)신서천발전본부,1,2022-03-14 21:00,TSP,1.1
한국중부발전(주)신서천발전본부,1,2022-03-14 21:00,SOx,5.59
한국중부발전(주)신서천발전본부,1,2022-03-14 21:00,NOx,7.66
한국중부발전(주)신서천발전본부,1,2022-03-14 21:30,TSP,1.1
한국중부발전(주)신서천발전본부,1,2022-03-14 21:30,SOx,5.35
한국중부발전(주)신서천발전본부,1,2022-03-14 21:30,NOx,7.71
한국중부발전(주)신서천발전본부,1,2022-03-14 22:00,TSP,1.09
한국중부발전(주)신서천발전본부,1,2022-03-14 22:00,SOx,5.28
한국중부발전(주)신서천발전본부,1,2022-03-14 22:00,NOx,7.51
한국중부발전(주)신서천발전본부,1,2022-03-14 22:30,TSP,1.09
한국중부발전(주)신서천발전본부,1,2022-03-14 22:30,SOx,5.27
한국중부발전(주)신서천발전본부,1,2022-03-14 22:30,NOx,7.86
한국중부발전(주)신서천발전본부,1,2022-03-14 23:00,TSP,1.0
한국중부발전(주)신서천발전본부,1,2022-03-14 23:00,SOx,5.45
한국중부발전(주)신서천발전본부,1,2022-03-14 23:00,NOx,7.52
한국중부발전(주)신서천발전본부,1,2022-03-14 23:30,TSP,1.0
한국중부발전(주)신서천발전본부,1,2022-03-14 23:30,SOx,5.35
한국중부발전(주)신서천발전본부,1,2022-03-14 23:30,NOx,7.57
한국중부발전(주)신서천발전본부,1,2022-03-15 00:00,TSP,1.0
한국중부발전(주)신서천발전본부,1,2022-03-15 00:00,SOx,5.43
한국중부발전(주)신서천발전본부,1,2022-03-15 00:00,NOx,6.95
한국중부발전(주)신서천발전본부,1,2022-03-15 00:30,TSP,1.01
한국중부발전(주)신서천발전본부,1,2022-03-15 00:30,SOx,5.55
한국중부발전(주)신서천발전본부,1,2022-03-15 00:30,NOx,7.04
한국중부발전(주)신서천발전본부,1,2022-03-15 01:00,TSP,1.03
한국중부발전(주)신서천발전본부,1,2022-03-15 01:00,SOx,5.57
한국중부발전(주)신서천발전본부,1,2022-03-15 01:00,NOx,7.61
한국중부발전(주)신서천발전본부,1,2022-03-15 01:30,TSP,1.03
한국중부발전(주)신서천발전본부,1,2022-03-15 01:30,SOx,5.54
한국중부발전(주)신서천발전본부,1,2022-03-15 01:30,NOx,7.45
한국중부발전(주)신서천발전본부,1,2022-03-15 02:00,TSP,1.04
한국중부발전(주)신서천발전본부,1,2022-03-15 02:00,SOx,5.52
한국중부발전(주)신서천발전본부,1,2022-03-15 02:00,NOx,7.18
한국중부발전(주)신서천발전본부,1,2022-03-15 02:30,TSP,1.05
한국중부발전(주)신서천발전본부,1,2022-03-15 02:30,SOx,5.42
한국중부발전(주)신서천발전본부,1,2022-03-15 02:30,NOx,7.44
한국중부발전(주)신서천발전본부,1,2022-03-15 03:00,TSP,1.03
한국중부발전(주)신서천발전본부,1,2022-03-15 03:00,SOx,5.28
한국중부발전(주)신서천발전본부,1,2022-03-15 03:00,NOx,7.51
한국중부발전(주)신서천발전본부,1,2022-03-15 03:30,TSP,1.04
한국중부발전(주)신서천발전본부,1,2022-03-15 03:30,SOx,5.28
한국중부발전(주)신서천발전본부,1,2022-03-15 03:30,NOx,7.17
한국중부발전(주)신서천발전본부,1,2022-03-15 04:00,TSP,1.05
한국중부발전(주)신서천발전본부,1,2022-03-15 04:00,SOx,5.22
한국중부발전(주)신서천발전본부,1,2022-03-15 04:00,NOx,7.47
한국중부발전(주)신서천발전본부,1,2022-03-15 04:30,TSP,1.04
한국중부발전(주)신서천발전본부,1,2022-03-15 04:30,SOx,5.23
한국중부발전(주)신서천발전본부,1,2022-03-15 04:30,NOx,7.0
한국중부발전(주)신서천발전본부,1,2022-03-15 05:00,TSP,1.03
한국중부발전(주)신서천발전본부,1,2022-03-15 05:00,SOx,5.38
한국중부발전(주)신서천발전본부,1,2022-03-15 05:00,NOx,8.25
한국중부발전(주)신서천발전본부,1,2022-03-15 05:30,TSP,1.04
한국중부발전(주)신서천발전본부,1,2022-03-15 05:30,SOx,5.63
한국중부발전(주)신서천발전본부,1,2022-03-15 05:30,NOx,7.68
한국중부발전(주)신서천발전본부,1,2022-03-15 06:00,TSP,1.05
한국중부발전(주)신서천발전본부,1,2022-03-15 06:00,SOx,5.72
한국중부발전(주)신서천발전본부,1,2022-03-15 06:00,NOx,7.64
한국중부발전(주)신서천발전본부,1,2022-03-15 06:30,TSP,1.04
한국중부발전(주)신서천발전본부,1,2022-03-15 06:30,SOx,5.64
한국중부발전(주)신서천발전본부,1,2022-03-15 06:30,NOx,7.83
한국중부발전(주)신서천발전본부,1,2022-03-15 07:00,TSP,1.04
한국중부발전(주)신서천발전본부,1,2022-03-15 07:00,SOx,5.57
한국중부발전(주)신서천발전본부,1,2022-03-15 07:00,NOx,7.75
한국중부발전(주)신서천발전본부,1,2022-03-15 07:30,TSP,1.03
한국중부발전(주)신서천발전본부,1,2022-03-15 07:30,SOx,5.59
한국중부발전(주)신서천발전본부,1,2022-03-15 07:30,NOx,7.6
한국중부발전(주)신서천발전본부,1,2022-03-15 08:00,TSP,1.05
한국중부발전(주)신서천발전본부,1,2022-03-15 08:00,SOx,5.37
한국중부발전(주)신서천발전본부,1,2022-03-15 08:00,NOx,7.99
한국중부발전(주)신서천발전본부,1,2022-03-15 08:30,TSP,1.09
한국중부발전(주)신서천발전본부,1,2022-03-15 08:30,SOx,5.62
한국중부발전(주)신서천발전본부,1,2022-03-15 08:30,NOx,7.83
한국중부발전(주)신서천발전본부,1,2022-03-15 09:00,TSP,1.11
한국중부발전(주)신서천발전본부,1,2022-03-15 09:00,SOx,5.37
한국중부발전(주)신서천발전본부,1,2022-03-15 09:00,NOx,7.97
한국중부발전(주)신서천발전본부,1,2022-03-15 09:30,TSP,1.09
한국중부발전(주)신서천발전본부,1,2022-03-15 09:30,SOx,5.2
한국중부발전(주)신서천발전본부,1,2022-03-15 09:30,NOx,7.33
한국중부발전(주)신서천발전본부,1,2022-03-15 10:00,TSP,1.06
한국중부발전(주)신서천발전본부,1,2022-03-15 10:00,SOx,5.2
한국중부발전(주)신서천발전본부,1,2022-03-15 10:00,NOx,8.16
한국중부발전(주)신서천발전본부,1,2022-03-15 10:30,TSP,1.06
한국중부발전(주)신서천발전본부,1,2022-03-15 10:30,SOx,5.2
한국중부발전(주)신서천발전본부,1,2022-03-15 10:30,NOx,8.16
한국중부발전(주)신서천발전본부,1,2022-03-15 11:00,TSP,1.06
한국중부발전(주)신서천발전본부,1,2022-03-15 11:00,SOx,5.2
한국중부발전(주)신서천발전본부,1,2022-03-15 11:00,NOx,8.16
한국중부발전(주)신서천발전본부,1,2022-03-15 11:30,TSP,1.06
한국중부발전(주)신서천발전본부,1,2022-03-15 11:30,SOx,5.2
한국중부발전(주)신서천발전본부,1,2022-03-15 11:30,NOx,8.16
한국중부발전(주)신서천발전본부,1,2022-03-15 12:00,TSP,1.06
한국중부발전(주)신서천발전본부,1,2022-03-15 12:00,SOx,5.2
한국중부발전(주)신서천발전본부,1,2022-03-15 12:00,NOx,8.16
한국중부발전(주)신서천발전본부,1,2022-03-15 12:30,TSP,1.06
한국중부발전(주)신서천발전본부,1,2022-03-15 12:30,SOx,5.2
한국중부발전(주)신서천발전본부,1,2022-03-15 12:30,NOx,8.16
한국중부발전(주)신서천발전본부,1,2022-03-15 13:00,TSP,1.06
한국중부발전(주)신서천발전본부,1,2022-03-15 13:00,SOx,5.2
한국중부발전(주)신서천발전본부,1,2022-03-15 13:00,NOx,8.16
한국중부발전(주)신서천발전본부,1,2022-03-15 13:30,TSP,1.06
한국중부발전(주)신서천발전본부,1,2022-03-15 13:30,SOx,5.2
한국중부발전(주)신서천발전본부,1,2022-03-15 13:30,NOx,8.16
한국중부발전(주)신서천발전본부,1,2022-03-15 14:00,TSP,1.06
한국중부발전(주)신서천발전본부,1,2022-03-15 14:00,SOx,5.2
한국중부발전(주)신서천발전본부,1,2022-03-15 14:00,NOx,8.16
한국중부발전(주)신서천발전본부,1,2022-03-15 14:30,TSP,1.06
한국중부발전(주)신서천발전본부,1,2022-03-15 14:30,SOx,5.2
한국중부발전(주)신서천발전본부,1,2022-03-15 14:30,NOx,8.16
한국중부발전(주)신서천발전본부,1,2022-03-15 15:00,TSP,1.01
한국중부발전(주)신서천발전본부,1,2022-03-15 15:00,SOx,1.65
한국중부발전(주)신서천발전본부,1,2022-03-15 15:00,NOx,8.08
한국중부발전(주)신서천발전본부,1,2022-03-15 15:30,TSP,1.01
한국중부발전(주)신서천발전본부,1,2022-03-15 15:30,SOx,2.03
한국중부발전(주)신서천발전본부,1,2022-03-15 15:30,NOx,6.76
한국중부발전(주)신서천발전본부,1,2022-03-15 16:00,TSP,1.01
한국중부발전(주)신서천발전본부,1,2022-03-15 16:00,SOx,2.18
한국중부발전(주)신서천발전본부,1,2022-03-15 16:00,NOx,7.23
한국중부발전(주)신서천발전본부,1,2022-03-15 16:30,TSP,1.02
한국중부발전(주)신서천발전본부,1,2022-03-15 16:30,SOx,2.5
한국중부발전(주)신서천발전본부,1,2022-03-15 16:30,NOx,7.26
한국중부발전(주)신서천발전본부,1,2022-03-15 17:00,TSP,1.01
한국중부발전(주)신서천발전본부,1,2022-03-15 17:00,SOx,3.2
한국중부발전(주)신서천발전본부,1,2022-03-15 17:00,NOx,7.66
한국중부발전(주)신서천발전본부,1,2022-03-15 17:30,TSP,1.0
한국중부발전(주)신서천발전본부,1,2022-03-15 17:30,SOx,4.51
한국중부발전(주)신서천발전본부,1,2022-03-15 17:30,NOx,7.78
한국중부발전(주)신서천발전본부,1,2022-03-15 18:00,TSP,0.98
한국중부발전(주)신서천발전본부,1,2022-03-15 18:00,SOx,5.45
한국중부발전(주)신서천발전본부,1,2022-03-15 18:00,NOx,8.12
한국중부발전(주)신서천발전본부,1,2022-03-15 18:30,TSP,1.0
한국중부발전(주)신서천발전본부,1,2022-03-15 18:30,SOx,4.72
한국중부발전(주)신서천발전본부,1,2022-03-15 18:30,NOx,7.54
한국중부발전(주)신서천발전본부,1,2022-03-15 19:00,TSP,0.98
한국중부발전(주)신서천발전본부,1,2022-03-15 19:00,SOx,4.54
한국중부발전(주)신서천발전본부,1,2022-03-15 19:00,NOx,8.07
한국중부발전(주)신서천발전본부,1,2022-03-15 19:30,TSP,0.95
한국중부발전(주)신서천발전본부,1,2022-03-15 19:30,SOx,4.8
한국중부발전(주)신서천발전본부,1,2022-03-15 19:30,NOx,8.24
한국중부발전(주)신서천발전본부,1,2022-03-15 20:00,TSP,0.95
한국중부발전(주)신서천발전본부,1,2022-03-15 20:00,SOx,4.75
한국중부발전(주)신서천발전본부,1,2022-03-15 20:00,NOx,8.29
한국중부발전(주)신서천발전본부,1,2022-03-15 20:30,TSP,0.94
한국중부발전(주)신서천발전본부,1,2022-03-15 20:30,SOx,4.6
한국중부발전(주)신서천발전본부,1,2022-03-15 20:30,NOx,8.49
한국중부발전(주)신서천발전본부,1,2022-03-15 21:00,TSP,0.94
한국중부발전(주)신서천발전본부,1,2022-03-15 21:00,SOx,5.13
한국중부발전(주)신서천발전본부,1,2022-03-15 21:00,NOx,8.45
한국중부발전(주)신서천발전본부,1,2022-03-15 21:30,TSP,0.93
한국중부발전(주)신서천발전본부,1,2022-03-15 21:30,SOx,5.68
한국중부발전(주)신서천발전본부,1,2022-03-15 21:30,NOx,8.36
한국중부발전(주)신서천발전본부,1,2022-03-15 22:00,TSP,0.94
한국중부발전(주)신서천발전본부,1,2022-03-15 22:00,SOx,5.68
한국중부발전(주)신서천발전본부,1,2022-03-15 22:00,NOx,8.42
한국중부발전(주)신서천발전본부,1,2022-03-15 22:30,TSP,0.94
한국중부발전(주)신서천발전본부,1,2022-03-15 22:30,SOx,5.53
한국중부발전(주)신서천발전본부,1,2022-03-15 22:30,NOx,9.0
한국중부발전(주)신서천발전본부,1,2022-03-15 23:00,TSP,1.03
한국중부발전(주)신서천발전본부,1,2022-03-15 23:00,SOx,5.84
한국중부발전(주)신서천발전본부,1,2022-03-15 23:00,NOx,8.64
한국중부발전(주)신서천발전본부,1,2022-03-15 23:30,TSP,1.02
한국중부발전(주)신서천발전본부,1,2022-03-15 23:30,SOx,5.58
한국중부발전(주)신서천발전본부,1,2022-03-15 23:30,NOx,9.3
한국중부발전(주)신서천발전본부,1,2022-03-16 00:00,TSP,1.02
한국중부발전(주)신서천발전본부,1,2022-03-16 00:00,SOx,5.37
한국중부발전(주)신서천발전본부,1,2022-03-16 00:00,NOx,9.01
한국중부발전(주)신서천발전본부,1,2022-03-16 00:30,TSP,1.02
한국중부발전(주)신서천발전본부,1,2022-03-16 00:30,SOx,5.3
한국중부발전(주)신서천발전본부,1,2022-03-16 00:30,NOx,9.02
한국중부발전(주)신서천발전본부,1,2022-03-16 01:00,TSP,1.03
한국중부발전(주)신서천발전본부,1,2022-03-16 01:00,SOx,4.79
한국중부발전(주)신서천발전본부,1,2022-03-16 01:00,NOx,8.54
한국중부발전(주)신서천발전본부,1,2022-03-16 01:30,TSP,1.02
한국중부발전(주)신서천발전본부,1,2022-03-16 01:30,SOx,4.72
한국중부발전(주)신서천발전본부,1,2022-03-16 01:30,NOx,8.34
한국중부발전(주)신서천발전본부,1,2022-03-16 02:00,TSP,1.02
한국중부발전(주)신서천발전본부,1,2022-03-16 02:00,SOx,4.8
한국중부발전(주)신서천발전본부,1,2022-03-16 02:00,NOx,8.88
한국중부발전(주)신서천발전본부,1,2022-03-16 02:30,TSP,1.02
한국중부발전(주)신서천발전본부,1,2022-03-16 02:30,SOx,4.98
한국중부발전(주)신서천발전본부,1,2022-03-16 02:30,NOx,8.85
한국중부발전(주)신서천발전본부,1,2022-03-16 03:00,TSP,1.02
한국중부발전(주)신서천발전본부,1,2022-03-16 03:00,SOx,4.72
한국중부발전(주)신서천발전본부,1,2022-03-16 03:00,NOx,8.98
한국중부발전(주)신서천발전본부,1,2022-03-16 03:30,TSP,1.02
한국중부발전(주)신서천발전본부,1,2022-03-16 03:30,SOx,4.74
한국중부발전(주)신서천발전본부,1,2022-03-16 03:30,NOx,8.83
한국중부발전(주)신서천발전본부,1,2022-03-16 04:00,TSP,1.03
한국중부발전(주)신서천발전본부,1,2022-03-16 04:00,SOx,4.58
한국중부발전(주)신서천발전본부,1,2022-03-16 04:00,NOx,9.46
한국중부발전(주)신서천발전본부,1,2022-03-16 04:30,TSP,1.02
한국중부발전(주)신서천발전본부,1,2022-03-16 04:30,SOx,4.85
한국중부발전(주)신서천발전본부,1,2022-03-16 04:30,NOx,9.76
한국중부발전(주)신서천발전본부,1,2022-03-16 05:00,TSP,1.02
한국중부발전(주)신서천발전본부,1,2022-03-16 05:00,SOx,4.76
한국중부발전(주)신서천발전본부,1,2022-03-16 05:00,NOx,10.01
한국중부발전(주)신서천발전본부,1,2022-03-16 05:30,TSP,1.03
한국중부발전(주)신서천발전본부,1,2022-03-16 05:30,SOx,4.8
한국중부발전(주)신서천발전본부,1,2022-03-16 05:30,NOx,10.06
한국중부발전(주)신서천발전본부,1,2022-03-16 06:00,TSP,1.03
한국중부발전(주)신서천발전본부,1,2022-03-16 06:00,SOx,5.01
한국중부발전(주)신서천발전본부,1,2022-03-16 06:00,NOx,9.89
한국중부발전(주)신서천발전본부,1,2022-03-16 06:30,TSP,1.04
한국중부발전(주)신서천발전본부,1,2022-03-16 06:30,SOx,4.96
한국중부발전(주)신서천발전본부,1,2022-03-16 06:30,NOx,9.65
한국중부발전(주)신서천발전본부,1,2022-03-16 07:00,TSP,1.04
한국중부발전(주)신서천발전본부,1,2022-03-16 07:00,SOx,5.12
한국중부발전(주)신서천발전본부,1,2022-03-16 07:00,NOx,10.22
한국중부발전(주)신서천발전본부,1,2022-03-16 07:30,TSP,1.06
한국중부발전(주)신서천발전본부,1,2022-03-16 07:30,SOx,4.81
한국중부발전(주)신서천발전본부,1,2022-03-16 07:30,NOx,9.1
한국중부발전(주)신서천발전본부,1,2022-03-16 08:00,TSP,1.06
한국중부발전(주)신서천발전본부,1,2022-03-16 08:00,SOx,4.21
한국중부발전(주)신서천발전본부,1,2022-03-16 08:00,NOx,8.21
한국중부발전(주)신서천발전본부,1,2022-03-16 08:30,TSP,1.08
한국중부발전(주)신서천발전본부,1,2022-03-16 08:30,SOx,3.9
한국중부발전(주)신서천발전본부,1,2022-03-16 08:30,NOx,7.23
한국중부발전(주)신서천발전본부,1,2022-03-16 09:00,TSP,1.07
한국중부발전(주)신서천발전본부,1,2022-03-16 09:00,SOx,3.8
한국중부발전(주)신서천발전본부,1,2022-03-16 09:00,NOx,7.49
한국중부발전(주)신서천발전본부,1,2022-03-16 09:30,TSP,1.07
한국중부발전(주)신서천발전본부,1,2022-03-16 09:30,SOx,4.39
한국중부발전(주)신서천발전본부,1,2022-03-16 09:30,NOx,7.72
한국중부발전(주)신서천발전본부,1,2022-03-16 10:00,TSP,1.05
한국중부발전(주)신서천발전본부,1,2022-03-16 10:00,SOx,4.62
한국중부발전(주)신서천발전본부,1,2022-03-16 10:00,NOx,7.63
한국중부발전(주)신서천발전본부,1,2022-03-16 10:30,TSP,1.05
한국중부발전(주)신서천발전본부,1,2022-03-16 10:30,SOx,4.23
한국중부발전(주)신서천발전본부,1,2022-03-16 10:30,NOx,7.06
한국중부발전(주)신서천발전본부,1,2022-03-16 11:00,TSP,1.03
한국중부발전(주)신서천발전본부,1,2022-03-16 11:00,SOx,3.78
한국중부발전(주)신서천발전본부,1,2022-03-16 11:00,NOx,6.95
한국중부발전(주)신서천발전본부,1,2022-03-16 11:30,TSP,1.04
한국중부발전(주)신서천발전본부,1,2022-03-16 11:30,SOx,3.73
한국중부발전(주)신서천발전본부,1,2022-03-16 11:30,NOx,6.29
한국중부발전(주)신서천발전본부,1,2022-03-16 12:00,TSP,1.03
한국중부발전(주)신서천발전본부,1,2022-03-16 12:00,SOx,4.24
한국중부발전(주)신서천발전본부,1,2022-03-16 12:00,NOx,6.38
한국중부발전(주)신서천발전본부,1,2022-03-16 12:30,TSP,1.03
한국중부발전(주)신서천발전본부,1,2022-03-16 12:30,SOx,4.65
한국중부발전(주)신서천발전본부,1,2022-03-16 12:30,NOx,5.7
한국중부발전(주)신서천발전본부,1,2022-03-16 13:00,TSP,1.03
한국중부발전(주)신서천발전본부,1,2022-03-16 13:00,SOx,4.49
한국중부발전(주)신서천발전본부,1,2022-03-16 13:00,NOx,5.3
한국중부발전(주)신서천발전본부,1,2022-03-16 13:30,TSP,1.03
한국중부발전(주)신서천발전본부,1,2022-03-16 13:30,SOx,4.17
한국중부발전(주)신서천발전본부,1,2022-03-16 13:30,NOx,5.49
한국중부발전(주)신서천발전본부,1,2022-03-16 14:00,TSP,1.03
한국중부발전(주)신서천발전본부,1,2022-03-16 14:00,SOx,4.02
한국중부발전(주)신서천발전본부,1,2022-03-16 14:00,NOx,5.87
한국중부발전(주)신서천발전본부,1,2022-03-16 14:30,TSP,1.04
한국중부발전(주)신서천발전본부,1,2022-03-16 14:30,SOx,4.26
한국중부발전(주)신서천발전본부,1,2022-03-16 14:30,NOx,5.54
한국중부발전(주)신서천발전본부,1,2022-03-16 15:00,TSP,1.02
한국중부발전(주)신서천발전본부,1,2022-03-16 15:00,SOx,4.57
한국중부발전(주)신서천발전본부,1,2022-03-16 15:00,NOx,5.74
한국중부발전(주)신서천발전본부,1,2022-03-16 15:30,TSP,1.04
한국중부발전(주)신서천발전본부,1,2022-03-16 15:30,SOx,4.49
한국중부발전(주)신서천발전본부,1,2022-03-16 15:30,NOx,5.02
한국중부발전(주)신서천발전본부,1,2022-03-16 16:00,TSP,1.03
한국중부발전(주)신서천발전본부,1,2022-03-16 16:00,SOx,4.21
한국중부발전(주)신서천발전본부,1,2022-03-16 16:00,NOx,5.08
한국중부발전(주)신서천발전본부,1,2022-03-16 16:30,TSP,1.02
한국중부발전(주)신서천발전본부,1,2022-03-16 16:30,SOx,4.23
한국중부발전(주)신서천발전본부,1,2022-03-16 16:30,NOx,5.42
한국중부발전(주)신서천발전본부,1,2022-03-16 17:00,TSP,1.01
한국중부발전(주)신서천발전본부,1,2022-03-16 17:00,SOx,4.23
한국중부발전(주)신서천발전본부,1,2022-03-16 17:00,NOx,5.21
한국중부발전(주)신서천발전본부,1,2022-03-16 17:30,TSP,1.02
한국중부발전(주)신서천발전본부,1,2022-03-16 17:30,SOx,4.44
한국중부발전(주)신서천발전본부,1,2022-03-16 17:30,NOx,5.22
한국중부발전(주)신서천발전본부,1,2022-03-16 18:00,TSP,1.01
한국중부발전(주)신서천발전본부,1,2022-03-16 18:00,SOx,4.58
한국중부발전(주)신서천발전본부,1,2022-03-16 18:00,NOx,4.98
한국중부발전(주)신서천발전본부,1,2022-03-16 18:30,TSP,1.02
한국중부발전(주)신서천발전본부,1,2022-03-16 18:30,SOx,4.33
한국중부발전(주)신서천발전본부,1,2022-03-16 18:30,NOx,5.58
한국중부발전(주)신서천발전본부,1,2022-03-16 19:00,TSP,1.03
한국중부발전(주)신서천발전본부,1,2022-03-16 19:00,SOx,4.18
한국중부발전(주)신서천발전본부,1,2022-03-16 19:00,NOx,5.04
한국중부발전(주)신서천발전본부,1,2022-03-16 19:30,TSP,1.02
한국중부발전(주)신서천발전본부,1,2022-03-16 19:30,SOx,4.14
한국중부발전(주)신서천발전본부,1,2022-03-16 19:30,NOx,5.38
한국중부발전(주)신서천발전본부,1,2022-03-16 20:00,TSP,1.0
한국중부발전(주)신서천발전본부,1,2022-03-16 20:00,SOx,4.42
한국중부발전(주)신서천발전본부,1,2022-03-16 20:00,NOx,6.17
한국중부발전(주)신서천발전본부,1,2022-03-16 20:30,TSP,1.0
한국중부발전(주)신서천발전본부,1,2022-03-16 20:30,SOx,4.97
한국중부발전(주)신서천발전본부,1,2022-03-16 20:30,NOx,6.44
한국중부발전(주)신서천발전본부,1,2022-03-16 21:00,TSP,1.0
한국중부발전(주)신서천발전본부,1,2022-03-16 21:00,SOx,4.78
한국중부발전(주)신서천발전본부,1,2022-03-16 21:00,NOx,5.75
한국중부발전(주)신서천발전본부,1,2022-03-16 21:30,TSP,1.01
한국중부발전(주)신서천발전본부,1,2022-03-16 21:30,SOx,4.38
한국중부발전(주)신서천발전본부,1,2022-03-16 21:30,NOx,5.77
한국중부발전(주)신서천발전본부,1,2022-03-16 22:00,TSP,1.0
한국중부발전(주)신서천발전본부,1,2022-03-16 22:00,SOx,4.27
한국중부발전(주)신서천발전본부,1,2022-03-16 22:00,NOx,6.57
한국중부발전(주)신서천발전본부,1,2022-03-16 22:30,TSP,1.0
한국중부발전(주)신서천발전본부,1,2022-03-16 22:30,SOx,4.48
한국중부발전(주)신서천발전본부,1,2022-03-16 22:30,NOx,7.27
한국중부발전(주)신서천발전본부,1,2022-03-16 23:00,TSP,1.03
한국중부발전(주)신서천발전본부,1,2022-03-16 23:00,SOx,4.73
한국중부발전(주)신서천발전본부,1,2022-03-16 23:00,NOx,6.96
한국중부발전(주)신서천발전본부,1,2022-03-16 23:30,TSP,1.03
한국중부발전(주)신서천발전본부,1,2022-03-16 23:30,SOx,4.77
한국중부발전(주)신서천발전본부,1,2022-03-16 23:30,NOx,7.24
한국중부발전(주)신서천발전본부,1,2022-03-17 00:00,TSP,1.03
한국중부발전(주)신서천발전본부,1,2022-03-17 00:00,SOx,4.54
한국중부발전(주)신서천발전본부,1,2022-03-17 00:00,NOx,6.96
한국중부발전(주)신서천발전본부,1,2022-03-17 00:30,TSP,1.03
한국중부발전(주)신서천발전본부,1,2022-03-17 00:30,SOx,4.69
한국중부발전(주)신서천발전본부,1,2022-03-17 00:30,NOx,7.53
한국중부발전(주)신서천발전본부,1,2022-03-17 01:00,TSP,1.03
한국중부발전(주)신서천발전본부,1,2022-03-17 01:00,SOx,4.9
한국중부발전(주)신서천발전본부,1,2022-03-17 01:00,NOx,7.14
한국중부발전(주)신서천발전본부,1,2022-03-17 01:30,TSP,1.04
한국중부발전(주)신서천발전본부,1,2022-03-17 01:30,SOx,5.06
한국중부발전(주)신서천발전본부,1,2022-03-17 01:30,NOx,7.62
한국중부발전(주)신서천발전본부,1,2022-03-17 02:00,TSP,1.04
한국중부발전(주)신서천발전본부,1,2022-03-17 02:00,SOx,4.9
한국중부발전(주)신서천발전본부,1,2022-03-17 02:00,NOx,7.33
한국중부발전(주)신서천발전본부,1,2022-03-17 02:30,TSP,1.05
한국중부발전(주)신서천발전본부,1,2022-03-17 02:30,SOx,4.64
한국중부발전(주)신서천발전본부,1,2022-03-17 02:30,NOx,7.65
한국중부발전(주)신서천발전본부,1,2022-03-17 03:00,TSP,1.05
한국중부발전(주)신서천발전본부,1,2022-03-17 03:00,SOx,4.78
한국중부발전(주)신서천발전본부,1,2022-03-17 03:00,NOx,7.33
한국중부발전(주)신서천발전본부,1,2022-03-17 03:30,TSP,1.05
한국중부발전(주)신서천발전본부,1,2022-03-17 03:30,SOx,4.93
한국중부발전(주)신서천발전본부,1,2022-03-17 03:30,NOx,7.43
한국중부발전(주)신서천발전본부,1,2022-03-17 04:00,TSP,1.05
한국중부발전(주)신서천발전본부,1,2022-03-17 04:00,SOx,5.23
한국중부발전(주)신서천발전본부,1,2022-03-17 04:00,NOx,7.32
한국중부발전(주)신서천발전본부,1,2022-03-17 04:30,TSP,1.03
한국중부발전(주)신서천발전본부,1,2022-03-17 04:30,SOx,4.91
한국중부발전(주)신서천발전본부,1,2022-03-17 04:30,NOx,7.33
한국중부발전(주)신서천발전본부,1,2022-03-17 05:00,TSP,1.03
한국중부발전(주)신서천발전본부,1,2022-03-17 05:00,SOx,4.4
한국중부발전(주)신서천발전본부,1,2022-03-17 05:00,NOx,7.12
한국중부발전(주)신서천발전본부,1,2022-03-17 05:30,TSP,1.02
한국중부발전(주)신서천발전본부,1,2022-03-17 05:30,SOx,4.21
한국중부발전(주)신서천발전본부,1,2022-03-17 05:30,NOx,7.17
한국중부발전(주)신서천발전본부,1,2022-03-17 06:00,TSP,1.03
한국중부발전(주)신서천발전본부,1,2022-03-17 06:00,SOx,4.44
한국중부발전(주)신서천발전본부,1,2022-03-17 06:00,NOx,7.37
한국중부발전(주)신서천발전본부,1,2022-03-17 06:30,TSP,1.03
한국중부발전(주)신서천발전본부,1,2022-03-17 06:30,SOx,4.75
한국중부발전(주)신서천발전본부,1,2022-03-17 06:30,NOx,7.14
한국중부발전(주)신서천발전본부,1,2022-03-17 07:00,TSP,1.02
한국중부발전(주)신서천발전본부,1,2022-03-17 07:00,SOx,4.85
한국중부발전(주)신서천발전본부,1,2022-03-17 07:00,NOx,7.23
한국중부발전(주)신서천발전본부,1,2022-03-17 07:30,TSP,1.03
한국중부발전(주)신서천발전본부,1,2022-03-17 07:30,SOx,4.84
한국중부발전(주)신서천발전본부,1,2022-03-17 07:30,NOx,7.53
한국중부발전(주)신서천발전본부,1,2022-03-17 08:00,TSP,1.04
한국중부발전(주)신서천발전본부,1,2022-03-17 08:00,SOx,4.46
한국중부발전(주)신서천발전본부,1,2022-03-17 08:00,NOx,7.53
한국중부발전(주)신서천발전본부,1,2022-03-17 08:30,TSP,1.07
한국중부발전(주)신서천발전본부,1,2022-03-17 08:30,SOx,4.05
한국중부발전(주)신서천발전본부,1,2022-03-17 08:30,NOx,8.39
한국중부발전(주)신서천발전본부,1,2022-03-17 09:00,TSP,1.06
한국중부발전(주)신서천발전본부,1,2022-03-17 09:00,SOx,3.86
한국중부발전(주)신서천발전본부,1,2022-03-17 09:00,NOx,7.31
한국중부발전(주)신서천발전본부,1,2022-03-17 09:30,TSP,1.04
한국중부발전(주)신서천발전본부,1,2022-03-17 09:30,SOx,3.92
한국중부발전(주)신서천발전본부,1,2022-03-17 09:30,NOx,8.53
한국중부발전(주)신서천발전본부,1,2022-03-17 10:00,TSP,1.03
한국중부발전(주)신서천발전본부,1,2022-03-17 10:00,SOx,4.11
한국중부발전(주)신서천발전본부,1,2022-03-17 10:00,NOx,7.46
한국중부발전(주)신서천발전본부,1,2022-03-17 10:30,TSP,1.03
한국중부발전(주)신서천발전본부,1,2022-03-17 10:30,SOx,4.2
한국중부발전(주)신서천발전본부,1,2022-03-17 10:30,NOx,7.12
한국중부발전(주)신서천발전본부,1,2022-03-17 11:00,TSP,1.01
한국중부발전(주)신서천발전본부,1,2022-03-17 11:00,SOx,4.06
한국중부발전(주)신서천발전본부,1,2022-03-17 11:00,NOx,7.17
한국중부발전(주)신서천발전본부,1,2022-03-17 11:30,TSP,1.01
한국중부발전(주)신서천발전본부,1,2022-03-17 11:30,SOx,4.29
한국중부발전(주)신서천발전본부,1,2022-03-17 11:30,NOx,7.11
한국중부발전(주)신서천발전본부,1,2022-03-17 12:00,TSP,1.01
한국중부발전(주)신서천발전본부,1,2022-03-17 12:00,SOx,4.1
한국중부발전(주)신서천발전본부,1,2022-03-17 12:00,NOx,6.33
한국중부발전(주)신서천발전본부,1,2022-03-17 12:30,TSP,1.02
한국중부발전(주)신서천발전본부,1,2022-03-17 12:30,SOx,4.28
한국중부발전(주)신서천발전본부,1,2022-03-17 12:30,NOx,6.04
한국중부발전(주)신서천발전본부,1,2022-03-17 13:00,TSP,1.01
한국중부발전(주)신서천발전본부,1,2022-03-17 13:00,SOx,4.56
한국중부발전(주)신서천발전본부,1,2022-03-17 13:00,NOx,5.97
한국중부발전(주)신서천발전본부,1,2022-03-17 13:30,TSP,1.02
한국중부발전(주)신서천발전본부,1,2022-03-17 13:30,SOx,4.2
한국중부발전(주)신서천발전본부,1,2022-03-17 13:30,NOx,6.49
한국중부발전(주)신서천발전본부,1,2022-03-17 14:00,TSP,1.02
한국중부발전(주)신서천발전본부,1,2022-03-17 14:00,SOx,4.06
한국중부발전(주)신서천발전본부,1,2022-03-17 14:00,NOx,6.17
한국중부발전(주)신서천발전본부,1,2022-03-17 14:30,TSP,1.02
한국중부발전(주)신서천발전본부,1,2022-03-17 14:30,SOx,4.06
한국중부발전(주)신서천발전본부,1,2022-03-17 14:30,NOx,6.6
한국중부발전(주)신서천발전본부,1,2022-03-17 15:00,TSP,1.03
한국중부발전(주)신서천발전본부,1,2022-03-17 15:00,SOx,3.9
한국중부발전(주)신서천발전본부,1,2022-03-17 15:00,NOx,6.5
한국중부발전(주)신서천발전본부,1,2022-03-17 15:30,TSP,1.03
한국중부발전(주)신서천발전본부,1,2022-03-17 15:30,SOx,3.83
한국중부발전(주)신서천발전본부,1,2022-03-17 15:30,NOx,6.36
한국중부발전(주)신서천발전본부,1,2022-03-17 16:00,TSP,1.03
한국중부발전(주)신서천발전본부,1,2022-03-17 16:00,SOx,4.02
한국중부발전(주)신서천발전본부,1,2022-03-17 16:00,NOx,6.78
한국중부발전(주)신서천발전본부,1,2022-03-17 16:30,TSP,1.02
한국중부발전(주)신서천발전본부,1,2022-03-17 16:30,SOx,4.11
한국중부발전(주)신서천발전본부,1,2022-03-17 16:30,NOx,6.47
한국중부발전(주)신서천발전본부,1,2022-03-17 17:00,TSP,1.02
한국중부발전(주)신서천발전본부,1,2022-03-17 17:00,SOx,4.28
한국중부발전(주)신서천발전본부,1,2022-03-17 17:00,NOx,6.82
한국중부발전(주)신서천발전본부,1,2022-03-17 17:30,TSP,1.03
한국중부발전(주)신서천발전본부,1,2022-03-17 17:30,SOx,4.12
한국중부발전(주)신서천발전본부,1,2022-03-17 17:30,NOx,7.14
한국중부발전(주)신서천발전본부,1,2022-03-17 18:00,TSP,1.02
한국중부발전(주)신서천발전본부,1,2022-03-17 18:00,SOx,3.79
한국중부발전(주)신서천발전본부,1,2022-03-17 18:00,NOx,7.02
한국중부발전(주)신서천발전본부,1,2022-03-17 18:30,TSP,1.02
한국중부발전(주)신서천발전본부,1,2022-03-17 18:30,SOx,3.44
한국중부발전(주)신서천발전본부,1,2022-03-17 18:30,NOx,6.89
한국중부발전(주)신서천발전본부,1,2022-03-17 19:00,TSP,1.02
한국중부발전(주)신서천발전본부,1,2022-03-17 19:00,SOx,3.49
한국중부발전(주)신서천발전본부,1,2022-03-17 19:00,NOx,7.33
한국중부발전(주)신서천발전본부,1,2022-03-17 19:30,TSP,1.02
한국중부발전(주)신서천발전본부,1,2022-03-17 19:30,SOx,3.66
한국중부발전(주)신서천발전본부,1,2022-03-17 19:30,NOx,7.54
한국중부발전(주)신서천발전본부,1,2022-03-17 20:00,TSP,1.02
한국중부발전(주)신서천발전본부,1,2022-03-17 20:00,SOx,4.08
한국중부발전(주)신서천발전본부,1,2022-03-17 20:00,NOx,7.53
한국중부발전(주)신서천발전본부,1,2022-03-17 20:30,TSP,1.02
한국중부발전(주)신서천발전본부,1,2022-03-17 20:30,SOx,4.13
한국중부발전(주)신서천발전본부,1,2022-03-17 20:30,NOx,7.86
한국중부발전(주)신서천발전본부,1,2022-03-17 21:00,TSP,1.02
한국중부발전(주)신서천발전본부,1,2022-03-17 21:00,SOx,3.73
한국중부발전(주)신서천발전본부,1,2022-03-17 21:00,NOx,8.17
한국중부발전(주)신서천발전본부,1,2022-03-17 21:30,TSP,1.03
한국중부발전(주)신서천발전본부,1,2022-03-17 21:30,SOx,3.43
한국중부발전(주)신서천발전본부,1,2022-03-17 21:30,NOx,8.36
한국중부발전(주)신서천발전본부,1,2022-03-17 22:00,TSP,1.02
한국중부발전(주)신서천발전본부,1,2022-03-17 22:00,SOx,3.47
한국중부발전(주)신서천발전본부,1,2022-03-17 22:00,NOx,7.77
한국중부발전(주)신서천발전본부,1,2022-03-17 22:30,TSP,1.02
한국중부발전(주)신서천발전본부,1,2022-03-17 22:30,SOx,3.88
한국중부발전(주)신서천발전본부,1,2022-03-17 22:30,NOx,8.47
한국중부발전(주)신서천발전본부,1,2022-03-17 23:00,TSP,0.98
한국중부발전(주)신서천발전본부,1,2022-03-17 23:00,SOx,4.16
한국중부발전(주)신서천발전본부,1,2022-03-17 23:00,NOx,8.78
한국중부발전(주)신서천발전본부,1,2022-03-17 23:30,TSP,0.99
한국중부발전(주)신서천발전본부,1,2022-03-17 23:30,SOx,3.99
한국중부발전(주)신서천발전본부,1,2022-03-17 23:30,NOx,7.46
한국중부발전(주)신서천발전본부,1,2022-03-18 00:00,TSP,0.99
한국중부발전(주)신서천발전본부,1,2022-03-18 00:00,SOx,3.42
한국중부발전(주)신서천발전본부,1,2022-03-18 00:00,NOx,7.59
한국중부발전(주)신서천발전본부,1,2022-03-18 00:30,TSP,0.99
한국중부발전(주)신서천발전본부,1,2022-03-18 00:30,SOx,3.26
한국중부발전(주)신서천발전본부,1,2022-03-18 00:30,NOx,8.03
한국중부발전(주)신서천발전본부,1,2022-03-18 01:00,TSP,0.99
한국중부발전(주)신서천발전본부,1,2022-03-18 01:00,SOx,3.52
한국중부발전(주)신서천발전본부,1,2022-03-18 01:00,NOx,7.79
한국중부발전(주)신서천발전본부,1,2022-03-18 01:30,TSP,0.99
한국중부발전(주)신서천발전본부,1,2022-03-18 01:30,SOx,3.65
한국중부발전(주)신서천발전본부,1,2022-03-18 01:30,NOx,7.69
한국중부발전(주)신서천발전본부,1,2022-03-18 02:00,TSP,0.99
한국중부발전(주)신서천발전본부,1,2022-03-18 02:00,SOx,3.79
한국중부발전(주)신서천발전본부,1,2022-03-18 02:00,NOx,7.83
한국중부발전(주)신서천발전본부,1,2022-03-18 02:30,TSP,0.99
한국중부발전(주)신서천발전본부,1,2022-03-18 02:30,SOx,3.54
한국중부발전(주)신서천발전본부,1,2022-03-18 02:30,NOx,6.98
한국중부발전(주)신서천발전본부,1,2022-03-18 03:00,TSP,0.99
한국중부발전(주)신서천발전본부,1,2022-03-18 03:00,SOx,3.35
한국중부발전(주)신서천발전본부,1,2022-03-18 03:00,NOx,6.54
한국중부발전(주)신서천발전본부,1,2022-03-18 03:30,TSP,0.99
한국중부발전(주)신서천발전본부,1,2022-03-18 03:30,SOx,3.36
한국중부발전(주)신서천발전본부,1,2022-03-18 03:30,NOx,7.19
한국중부발전(주)신서천발전본부,1,2022-03-18 04:00,TSP,1.0
한국중부발전(주)신서천발전본부,1,2022-03-18 04:00,SOx,3.44
한국중부발전(주)신서천발전본부,1,2022-03-18 04:00,NOx,7.3
한국중부발전(주)신서천발전본부,1,2022-03-18 04:30,TSP,0.99
한국중부발전(주)신서천발전본부,1,2022-03-18 04:30,SOx,3.69
한국중부발전(주)신서천발전본부,1,2022-03-18 04:30,NOx,7.46
한국중부발전(주)신서천발전본부,1,2022-03-18 05:00,TSP,0.99
한국중부발전(주)신서천발전본부,1,2022-03-18 05:00,SOx,3.88
한국중부발전(주)신서천발전본부,1,2022-03-18 05:00,NOx,7.95
한국중부발전(주)신서천발전본부,1,2022-03-18 05:30,TSP,0.99
한국중부발전(주)신서천발전본부,1,2022-03-18 05:30,SOx,3.56
한국중부발전(주)신서천발전본부,1,2022-03-18 05:30,NOx,7.93
한국중부발전(주)신서천발전본부,1,2022-03-18 06:00,TSP,1.0
한국중부발전(주)신서천발전본부,1,2022-03-18 06:00,SOx,3.54
한국중부발전(주)신서천발전본부,1,2022-03-18 06:00,NOx,8.65
한국중부발전(주)신서천발전본부,1,2022-03-18 06:30,TSP,1.0
한국중부발전(주)신서천발전본부,1,2022-03-18 06:30,SOx,3.39
한국중부발전(주)신서천발전본부,1,2022-03-18 06:30,NOx,8.99
한국중부발전(주)신서천발전본부,1,2022-03-18 07:00,TSP,1.0
한국중부발전(주)신서천발전본부,1,2022-03-18 07:00,SOx,3.76
한국중부발전(주)신서천발전본부,1,2022-03-18 07:00,NOx,9.39
한국중부발전(주)신서천발전본부,1,2022-03-18 07:30,TSP,1.01
한국중부발전(주)신서천발전본부,1,2022-03-18 07:30,SOx,4.0
한국중부발전(주)신서천발전본부,1,2022-03-18 07:30,NOx,10.23
한국중부발전(주)신서천발전본부,1,2022-03-18 08:00,TSP,1.01
한국중부발전(주)신서천발전본부,1,2022-03-18 08:00,SOx,3.83
한국중부발전(주)신서천발전본부,1,2022-03-18 08:00,NOx,10.06
한국중부발전(주)신서천발전본부,1,2022-03-18 08:30,TSP,1.03
한국중부발전(주)신서천발전본부,1,2022-03-18 08:30,SOx,3.66
한국중부발전(주)신서천발전본부,1,2022-03-18 08:30,NOx,9.45
한국중부발전(주)신서천발전본부,1,2022-03-18 09:00,TSP,1.04
한국중부발전(주)신서천발전본부,1,2022-03-18 09:00,SOx,3.94
한국중부발전(주)신서천발전본부,1,2022-03-18 09:00,NOx,9.57
한국중부발전(주)신서천발전본부,1,2022-03-18 09:30,TSP,1.03
한국중부발전(주)신서천발전본부,1,2022-03-18 09:30,SOx,4.28
한국중부발전(주)신서천발전본부,1,2022-03-18 09:30,NOx,9.98
한국중부발전(주)신서천발전본부,1,2022-03-18 10:00,TSP,1.02
한국중부발전(주)신서천발전본부,1,2022-03-18 10:00,SOx,4.14
한국중부발전(주)신서천발전본부,1,2022-03-18 10:00,NOx,9.95
한국중부발전(주)신서천발전본부,1,2022-03-18 10:30,TSP,1.02
한국중부발전(주)신서천발전본부,1,2022-03-18 10:30,SOx,3.65
한국중부발전(주)신서천발전본부,1,2022-03-18 10:30,NOx,8.89
한국중부발전(주)신서천발전본부,1,2022-03-18 11:00,TSP,1.01
한국중부발전(주)신서천발전본부,1,2022-03-18 11:00,SOx,3.7
한국중부발전(주)신서천발전본부,1,2022-03-18 11:00,NOx,8.37
한국중부발전(주)신서천발전본부,1,2022-03-18 11:30,TSP,1.02
한국중부발전(주)신서천발전본부,1,2022-03-18 11:30,SOx,4.02
한국중부발전(주)신서천발전본부,1,2022-03-18 11:30,NOx,8.47
한국중부발전(주)신서천발전본부,1,2022-03-18 12:00,TSP,1.02
한국중부발전(주)신서천발전본부,1,2022-03-18 12:00,SOx,3.65
한국중부발전(주)신서천발전본부,1,2022-03-18 12:00,NOx,6.69
한국중부발전(주)신서천발전본부,1,2022-03-18 12:30,TSP,1.01
한국중부발전(주)신서천발전본부,1,2022-03-18 12:30,SOx,4.0
한국중부발전(주)신서천발전본부,1,2022-03-18 12:30,NOx,7.62
한국중부발전(주)신서천발전본부,1,2022-03-18 13:00,TSP,1.01
한국중부발전(주)신서천발전본부,1,2022-03-18 13:00,SOx,3.8
한국중부발전(주)신서천발전본부,1,2022-03-18 13:00,NOx,7.24
한국중부발전(주)신서천발전본부,1,2022-03-18 13:30,TSP,1.01
한국중부발전(주)신서천발전본부,1,2022-03-18 13:30,SOx,3.64
한국중부발전(주)신서천발전본부,1,2022-03-18 13:30,NOx,7.64
한국중부발전(주)신서천발전본부,1,2022-03-18 14:00,TSP,1.02
한국중부발전(주)신서천발전본부,1,2022-03-18 14:00,SOx,3.58
한국중부발전(주)신서천발전본부,1,2022-03-18 14:00,NOx,7.79
한국중부발전(주)신서천발전본부,1,2022-03-18 14:30,TSP,1.02
한국중부발전(주)신서천발전본부,1,2022-03-18 14:30,SOx,3.73
한국중부발전(주)신서천발전본부,1,2022-03-18 14:30,NOx,7.27
한국중부발전(주)신서천발전본부,1,2022-03-18 15:00,TSP,1.02
한국중부발전(주)신서천발전본부,1,2022-03-18 15:00,SOx,3.91
한국중부발전(주)신서천발전본부,1,2022-03-18 15:00,NOx,7.11
한국중부발전(주)신서천발전본부,1,2022-03-18 15:30,TSP,1.02
한국중부발전(주)신서천발전본부,1,2022-03-18 15:30,SOx,3.79
한국중부발전(주)신서천발전본부,1,2022-03-18 15:30,NOx,7.73
한국중부발전(주)신서천발전본부,1,2022-03-18 16:00,TSP,1.01
한국중부발전(주)신서천발전본부,1,2022-03-18 16:00,SOx,3.61
한국중부발전(주)신서천발전본부,1,2022-03-18 16:00,NOx,7.67
한국중부발전(주)신서천발전본부,1,2022-03-18 16:30,TSP,1.02
한국중부발전(주)신서천발전본부,1,2022-03-18 16:30,SOx,3.5
한국중부발전(주)신서천발전본부,1,2022-03-18 16:30,NOx,7.6
한국중부발전(주)신서천발전본부,1,2022-03-18 17:00,TSP,1.02
한국중부발전(주)신서천발전본부,1,2022-03-18 17:00,SOx,3.64
한국중부발전(주)신서천발전본부,1,2022-03-18 17:00,NOx,7.57
한국중부발전(주)신서천발전본부,1,2022-03-18 17:30,TSP,1.01
한국중부발전(주)신서천발전본부,1,2022-03-18 17:30,SOx,3.75
한국중부발전(주)신서천발전본부,1,2022-03-18 17:30,NOx,7.79
한국중부발전(주)신서천발전본부,1,2022-03-18 18:00,TSP,1.01
한국중부발전(주)신서천발전본부,1,2022-03-18 18:00,SOx,3.8
한국중부발전(주)신서천발전본부,1,2022-03-18 18:00,NOx,7.89
한국중부발전(주)신서천발전본부,1,2022-03-18 18:30,TSP,1.03
한국중부발전(주)신서천발전본부,1,2022-03-18 18:30,SOx,3.65
한국중부발전(주)신서천발전본부,1,2022-03-18 18:30,NOx,7.82
한국중부발전(주)신서천발전본부,1,2022-03-18 19:00,TSP,1.04
한국중부발전(주)신서천발전본부,1,2022-03-18 19:00,SOx,3.46
한국중부발전(주)신서천발전본부,1,2022-03-18 19:00,NOx,8.46
한국중부발전(주)신서천발전본부,1,2022-03-18 19:30,TSP,1.04
한국중부발전(주)신서천발전본부,1,2022-03-18 19:30,SOx,3.4
한국중부발전(주)신서천발전본부,1,2022-03-18 19:30,NOx,7.95
한국중부발전(주)신서천발전본부,1,2022-03-18 20:00,TSP,1.03
한국중부발전(주)신서천발전본부,1,2022-03-18 20:00,SOx,3.67
한국중부발전(주)신서천발전본부,1,2022-03-18 20:00,NOx,9.19
한국중부발전(주)신서천발전본부,1,2022-03-18 20:30,TSP,1.03
한국중부발전(주)신서천발전본부,1,2022-03-18 20:30,SOx,3.84
한국중부발전(주)신서천발전본부,1,2022-03-18 20:30,NOx,8.45
한국중부발전(주)신서천발전본부,1,2022-03-18 21:00,TSP,1.03
한국중부발전(주)신서천발전본부,1,2022-03-18 21:00,SOx,3.77
한국중부발전(주)신서천발전본부,1,2022-03-18 21:00,NOx,8.84
한국중부발전(주)신서천발전본부,1,2022-03-18 21:30,TSP,1.02
한국중부발전(주)신서천발전본부,1,2022-03-18 21:30,SOx,3.59
한국중부발전(주)신서천발전본부,1,2022-03-18 21:30,NOx,9.04
한국중부발전(주)신서천발전본부,1,2022-03-18 22:00,TSP,1.02
한국중부발전(주)신서천발전본부,1,2022-03-18 22:00,SOx,3.56
한국중부발전(주)신서천발전본부,1,2022-03-18 22:00,NOx,9.85
한국중부발전(주)신서천발전본부,1,2022-03-18 22:30,TSP,1.02
한국중부발전(주)신서천발전본부,1,2022-03-18 22:30,SOx,3.53
한국중부발전(주)신서천발전본부,1,2022-03-18 22:30,NOx,10.25
한국중부발전(주)신서천발전본부,1,2022-03-18 23:00,TSP,0.98
한국중부발전(주)신서천발전본부,1,2022-03-18 23:00,SOx,3.81
한국중부발전(주)신서천발전본부,1,2022-03-18 23:00,NOx,10.13
한국중부발전(주)신서천발전본부,1,2022-03-18 23:30,TSP,0.97
한국중부발전(주)신서천발전본부,1,2022-03-18 23:30,SOx,3.79
한국중부발전(주)신서천발전본부,1,2022-03-18 23:30,NOx,9.44
한국중부발전(주)신서천발전본부,1,2022-03-19 00:00,TSP,0.98
한국중부발전(주)신서천발전본부,1,2022-03-19 00:00,SOx,3.3
한국중부발전(주)신서천발전본부,1,2022-03-19 00:00,NOx,8.06
한국중부발전(주)신서천발전본부,1,2022-03-19 00:30,TSP,0.95
한국중부발전(주)신서천발전본부,1,2022-03-19 00:30,SOx,3.11
한국중부발전(주)신서천발전본부,1,2022-03-19 00:30,NOx,9.85
한국중부발전(주)신서천발전본부,1,2022-03-19 01:00,TSP,0.97
한국중부발전(주)신서천발전본부,1,2022-03-19 01:00,SOx,3.59
한국중부발전(주)신서천발전본부,1,2022-03-19 01:00,NOx,7.9
한국중부발전(주)신서천발전본부,1,2022-03-19 01:30,TSP,0.96
한국중부발전(주)신서천발전본부,1,2022-03-19 01:30,SOx,2.57
한국중부발전(주)신서천발전본부,1,2022-03-19 01:30,NOx,6.51
한국중부발전(주)신서천발전본부,1,2022-03-19 02:00,TSP,0.95
한국중부발전(주)신서천발전본부,1,2022-03-19 02:00,SOx,2.63
한국중부발전(주)신서천발전본부,1,2022-03-19 02:00,NOx,6.83
한국중부발전(주)신서천발전본부,1,2022-03-19 02:30,TSP,0.95
한국중부발전(주)신서천발전본부,1,2022-03-19 02:30,SOx,2.71
한국중부발전(주)신서천발전본부,1,2022-03-19 02:30,NOx,6.97
한국중부발전(주)신서천발전본부,1,2022-03-19 03:00,TSP,0.95
한국중부발전(주)신서천발전본부,1,2022-03-19 03:00,SOx,2.9
한국중부발전(주)신서천발전본부,1,2022-03-19 03:00,NOx,6.96
한국중부발전(주)신서천발전본부,1,2022-03-19 03:30,TSP,0.95
한국중부발전(주)신서천발전본부,1,2022-03-19 03:30,SOx,3.17
한국중부발전(주)신서천발전본부,1,2022-03-19 03:30,NOx,7.01
한국중부발전(주)신서천발전본부,1,2022-03-19 04:00,TSP,0.94
한국중부발전(주)신서천발전본부,1,2022-03-19 04:00,SOx,3.16
한국중부발전(주)신서천발전본부,1,2022-03-19 04:00,NOx,7.91
한국중부발전(주)신서천발전본부,1,2022-03-19 04:30,TSP,0.94
한국중부발전(주)신서천발전본부,1,2022-03-19 04:30,SOx,3.1
한국중부발전(주)신서천발전본부,1,2022-03-19 04:30,NOx,6.94
한국중부발전(주)신서천발전본부,1,2022-03-19 05:00,TSP,0.94
한국중부발전(주)신서천발전본부,1,2022-03-19 05:00,SOx,3.19
한국중부발전(주)신서천발전본부,1,2022-03-19 05:00,NOx,7.03
한국중부발전(주)신서천발전본부,1,2022-03-19 05:30,TSP,1.01
한국중부발전(주)신서천발전본부,1,2022-03-19 05:30,SOx,3.06
한국중부발전(주)신서천발전본부,1,2022-03-19 05:30,NOx,7.58
한국중부발전(주)신서천발전본부,1,2022-03-19 06:00,TSP,0.93
한국중부발전(주)신서천발전본부,1,2022-03-19 06:00,SOx,3.06
한국중부발전(주)신서천발전본부,1,2022-03-19 06:00,NOx,6.54
한국중부발전(주)신서천발전본부,1,2022-03-19 06:30,TSP,0.94
한국중부발전(주)신서천발전본부,1,2022-03-19 06:30,SOx,2.81
한국중부발전(주)신서천발전본부,1,2022-03-19 06:30,NOx,6.43
한국중부발전(주)신서천발전본부,1,2022-03-19 07:00,TSP,1.04
한국중부발전(주)신서천발전본부,1,2022-03-19 07:00,SOx,2.79
한국중부발전(주)신서천발전본부,1,2022-03-19 07:00,NOx,6.67
한국중부발전(주)신서천발전본부,1,2022-03-19 07:30,TSP,1.05
한국중부발전(주)신서천발전본부,1,2022-03-19 07:30,SOx,2.69
한국중부발전(주)신서천발전본부,1,2022-03-19 07:30,NOx,6.95
한국중부발전(주)신서천발전본부,1,2022-03-19 08:00,TSP,1.02
한국중부발전(주)신서천발전본부,1,2022-03-19 08:00,SOx,2.51
한국중부발전(주)신서천발전본부,1,2022-03-19 08:00,NOx,6.86
한국중부발전(주)신서천발전본부,1,2022-03-19 08:30,TSP,0.98
한국중부발전(주)신서천발전본부,1,2022-03-19 08:30,SOx,2.18
한국중부발전(주)신서천발전본부,1,2022-03-19 08:30,NOx,6.7
한국중부발전(주)신서천발전본부,1,2022-03-19 09:00,TSP,1.05
한국중부발전(주)신서천발전본부,1,2022-03-19 09:00,SOx,2.29
한국중부발전(주)신서천발전본부,1,2022-03-19 09:00,NOx,6.77
한국중부발전(주)신서천발전본부,1,2022-03-19 09:30,TSP,1.05
한국중부발전(주)신서천발전본부,1,2022-03-19 09:30,SOx,2.24
한국중부발전(주)신서천발전본부,1,2022-03-19 09:30,NOx,6.64
한국중부발전(주)신서천발전본부,1,2022-03-19 10:00,TSP,1.06
한국중부발전(주)신서천발전본부,1,2022-03-19 10:00,SOx,2.18
한국중부발전(주)신서천발전본부,1,2022-03-19 10:00,NOx,6.55
한국중부발전(주)신서천발전본부,1,2022-03-19 10:30,TSP,1.06
한국중부발전(주)신서천발전본부,1,2022-03-19 10:30,SOx,2.13
한국중부발전(주)신서천발전본부,1,2022-03-19 10:30,NOx,6.5
한국중부발전(주)신서천발전본부,1,2022-03-19 11:00,TSP,1.0
한국중부발전(주)신서천발전본부,1,2022-03-19 11:00,SOx,2.28
한국중부발전(주)신서천발전본부,1,2022-03-19 11:00,NOx,5.84
한국중부발전(주)신서천발전본부,1,2022-03-19 11:30,TSP,1.0
한국중부발전(주)신서천발전본부,1,2022-03-19 11:30,SOx,2.09
한국중부발전(주)신서천발전본부,1,2022-03-19 11:30,NOx,6.01
한국중부발전(주)신서천발전본부,1,2022-03-19 12:00,TSP,1.03
한국중부발전(주)신서천발전본부,1,2022-03-19 12:00,SOx,2.09
한국중부발전(주)신서천발전본부,1,2022-03-19 12:00,NOx,5.73
한국중부발전(주)신서천발전본부,1,2022-03-19 12:30,TSP,1.03
한국중부발전(주)신서천발전본부,1,2022-03-19 12:30,SOx,2.19
한국중부발전(주)신서천발전본부,1,2022-03-19 12:30,NOx,5.39
한국중부발전(주)신서천발전본부,1,2022-03-19 13:00,TSP,1.02
한국중부발전(주)신서천발전본부,1,2022-03-19 13:00,SOx,2.39
한국중부발전(주)신서천발전본부,1,2022-03-19 13:00,NOx,5.43
한국중부발전(주)신서천발전본부,1,2022-03-19 13:30,TSP,1.01
한국중부발전(주)신서천발전본부,1,2022-03-19 13:30,SOx,2.36
한국중부발전(주)신서천발전본부,1,2022-03-19 13:30,NOx,5.08
한국중부발전(주)신서천발전본부,1,2022-03-19 14:00,TSP,1.0
한국중부발전(주)신서천발전본부,1,2022-03-19 14:00,SOx,2.25
한국중부발전(주)신서천발전본부,1,2022-03-19 14:00,NOx,5.14
한국중부발전(주)신서천발전본부,1,2022-03-19 14:30,TSP,1.02
한국중부발전(주)신서천발전본부,1,2022-03-19 14:30,SOx,2.36
한국중부발전(주)신서천발전본부,1,2022-03-19 14:30,NOx,5.37
한국중부발전(주)신서천발전본부,1,2022-03-19 15:00,TSP,1.01
한국중부발전(주)신서천발전본부,1,2022-03-19 15:00,SOx,2.39
한국중부발전(주)신서천발전본부,1,2022-03-19 15:00,NOx,5.51
한국중부발전(주)신서천발전본부,1,2022-03-19 15:30,TSP,1.0
한국중부발전(주)신서천발전본부,1,2022-03-19 15:30,SOx,2.36
한국중부발전(주)신서천발전본부,1,2022-03-19 15:30,NOx,5.64
한국중부발전(주)신서천발전본부,1,2022-03-19 16:00,TSP,0.98
한국중부발전(주)신서천발전본부,1,2022-03-19 16:00,SOx,2.24
한국중부발전(주)신서천발전본부,1,2022-03-19 16:00,NOx,5.62
한국중부발전(주)신서천발전본부,1,2022-03-19 16:30,TSP,0.98
한국중부발전(주)신서천발전본부,1,2022-03-19 16:30,SOx,2.37
한국중부발전(주)신서천발전본부,1,2022-03-19 16:30,NOx,6.12
한국중부발전(주)신서천발전본부,1,2022-03-19 17:00,TSP,0.99
한국중부발전(주)신서천발전본부,1,2022-03-19 17:00,SOx,2.38
한국중부발전(주)신서천발전본부,1,2022-03-19 17:00,NOx,5.74
한국중부발전(주)신서천발전본부,1,2022-03-19 17:30,TSP,0.97
한국중부발전(주)신서천발전본부,1,2022-03-19 17:30,SOx,2.32
한국중부발전(주)신서천발전본부,1,2022-03-19 17:30,NOx,6.69
한국중부발전(주)신서천발전본부,1,2022-03-19 18:00,TSP,0.96
한국중부발전(주)신서천발전본부,1,2022-03-19 18:00,SOx,2.27
한국중부발전(주)신서천발전본부,1,2022-03-19 18:00,NOx,6.0
한국중부발전(주)신서천발전본부,1,2022-03-19 18:30,TSP,0.96
한국중부발전(주)신서천발전본부,1,2022-03-19 18:30,SOx,2.27
한국중부발전(주)신서천발전본부,1,2022-03-19 18:30,NOx,6.01
한국중부발전(주)신서천발전본부,1,2022-03-19 19:00,TSP,0.96
한국중부발전(주)신서천발전본부,1,2022-03-19 19:00,SOx,2.26
한국중부발전(주)신서천발전본부,1,2022-03-19 19:00,NOx,5.9
한국중부발전(주)신서천발전본부,1,2022-03-19 19:30,TSP,0.95
한국중부발전(주)신서천발전본부,1,2022-03-19 19:30,SOx,2.25
한국중부발전(주)신서천발전본부,1,2022-03-19 19:30,NOx,6.1
한국중부발전(주)신서천발전본부,1,2022-03-19 20:00,TSP,0.95
한국중부발전(주)신서천발전본부,1,2022-03-19 20:00,SOx,2.24
한국중부발전(주)신서천발전본부,1,2022-03-19 20:00,NOx,6.19
한국중부발전(주)신서천발전본부,1,2022-03-19 20:30,TSP,0.95
한국중부발전(주)신서천발전본부,1,2022-03-19 20:30,SOx,2.22
한국중부발전(주)신서천발전본부,1,2022-03-19 20:30,NOx,6.47
한국중부발전(주)신서천발전본부,1,2022-03-19 21:00,TSP,0.94
한국중부발전(주)신서천발전본부,1,2022-03-19 21:00,SOx,2.33
한국중부발전(주)신서천발전본부,1,2022-03-19 21:00,NOx,6.43
한국중부발전(주)신서천발전본부,1,2022-03-19 21:30,TSP,0.94
한국중부발전(주)신서천발전본부,1,2022-03-19 21:30,SOx,2.32
한국중부발전(주)신서천발전본부,1,2022-03-19 21:30,NOx,6.42
한국중부발전(주)신서천발전본부,1,2022-03-19 22:00,TSP,0.94
한국중부발전(주)신서천발전본부,1,2022-03-19 22:00,SOx,2.28
한국중부발전(주)신서천발전본부,1,2022-03-19 22:00,NOx,7.02
한국중부발전(주)신서천발전본부,1,2022-03-19 22:30,TSP,0.94
한국중부발전(주)신서천발전본부,1,2022-03-19 22:30,SOx,2.23
한국중부발전(주)신서천발전본부,1,2022-03-19 22:30,NOx,6.33
한국중부발전(주)신서천발전본부,1,2022-03-19 23:00,TSP,0.94
한국중부발전(주)신서천발전본부,1,2022-03-19 23:00,SOx,2.29
한국중부발전(주)신서천발전본부,1,2022-03-19 23:00,NOx,6.14
한국중부발전(주)신서천발전본부,1,2022-03-19 23:30,TSP,0.94
한국중부발전(주)신서천발전본부,1,2022-03-19 23:30,SOx,2.21
한국중부발전(주)신서천발전본부,1,2022-03-19 23:30,NOx,6.37
한국중부발전(주)신서천발전본부,1,2022-03-20 00:00,TSP,0.94
한국중부발전(주)신서천발전본부,1,2022-03-20 00:00,SOx,2.15
한국중부발전(주)신서천발전본부,1,2022-03-20 00:00,NOx,6.3
한국중부발전(주)신서천발전본부,1,2022-03-20 00:30,TSP,0.94
한국중부발전(주)신서천발전본부,1,2022-03-20 00:30,SOx,2.16
한국중부발전(주)신서천발전본부,1,2022-03-20 00:30,NOx,6.32
한국중부발전(주)신서천발전본부,1,2022-03-20 01:00,TSP,0.95
한국중부발전(주)신서천발전본부,1,2022-03-20 01:00,SOx,2.2
한국중부발전(주)신서천발전본부,1,2022-03-20 01:00,NOx,6.48
한국중부발전(주)신서천발전본부,1,2022-03-20 01:30,TSP,0.95
한국중부발전(주)신서천발전본부,1,2022-03-20 01:30,SOx,2.12
한국중부발전(주)신서천발전본부,1,2022-03-20 01:30,NOx,6.58
한국중부발전(주)신서천발전본부,1,2022-03-20 02:00,TSP,0.95
한국중부발전(주)신서천발전본부,1,2022-03-20 02:00,SOx,2.07
한국중부발전(주)신서천발전본부,1,2022-03-20 02:00,NOx,6.52
한국중부발전(주)신서천발전본부,1,2022-03-20 02:30,TSP,0.96
한국중부발전(주)신서천발전본부,1,2022-03-20 02:30,SOx,2.13
한국중부발전(주)신서천발전본부,1,2022-03-20 02:30,NOx,6.75
한국중부발전(주)신서천발전본부,1,2022-03-20 03:00,TSP,0.95
한국중부발전(주)신서천발전본부,1,2022-03-20 03:00,SOx,2.01
한국중부발전(주)신서천발전본부,1,2022-03-20 03:00,NOx,6.63
한국중부발전(주)신서천발전본부,1,2022-03-20 03:30,TSP,0.94
한국중부발전(주)신서천발전본부,1,2022-03-20 03:30,SOx,2.11
한국중부발전(주)신서천발전본부,1,2022-03-20 03:30,NOx,6.48
한국중부발전(주)신서천발전본부,1,2022-03-20 04:00,TSP,0.94
한국중부발전(주)신서천발전본부,1,2022-03-20 04:00,SOx,2.06
한국중부발전(주)신서천발전본부,1,2022-03-20 04:00,NOx,6.7
한국중부발전(주)신서천발전본부,1,2022-03-20 04:30,TSP,0.94
한국중부발전(주)신서천발전본부,1,2022-03-20 04:30,SOx,2.14
한국중부발전(주)신서천발전본부,1,2022-03-20 04:30,NOx,6.07
한국중부발전(주)신서천발전본부,1,2022-03-20 05:00,TSP,0.93
한국중부발전(주)신서천발전본부,1,2022-03-20 05:00,SOx,2.3
한국중부발전(주)신서천발전본부,1,2022-03-20 05:00,NOx,6.03
한국중부발전(주)신서천발전본부,1,2022-03-20 05:30,TSP,0.94
한국중부발전(주)신서천발전본부,1,2022-03-20 05:30,SOx,2.15
한국중부발전(주)신서천발전본부,1,2022-03-20 05:30,NOx,5.98
한국중부발전(주)신서천발전본부,1,2022-03-20 06:00,TSP,0.94
한국중부발전(주)신서천발전본부,1,2022-03-20 06:00,SOx,2.33
한국중부발전(주)신서천발전본부,1,2022-03-20 06:00,NOx,6.42
한국중부발전(주)신서천발전본부,1,2022-03-20 06:30,TSP,0.94
한국중부발전(주)신서천발전본부,1,2022-03-20 06:30,SOx,2.24
한국중부발전(주)신서천발전본부,1,2022-03-20 06:30,NOx,6.55
한국중부발전(주)신서천발전본부,1,2022-03-20 07:00,TSP,0.94
한국중부발전(주)신서천발전본부,1,2022-03-20 07:00,SOx,2.22
한국중부발전(주)신서천발전본부,1,2022-03-20 07:00,NOx,6.7
한국중부발전(주)신서천발전본부,1,2022-03-20 07:30,TSP,0.94
한국중부발전(주)신서천발전본부,1,2022-03-20 07:30,SOx,2.23
한국중부발전(주)신서천발전본부,1,2022-03-20 07:30,NOx,6.87
한국중부발전(주)신서천발전본부,1,2022-03-20 08:00,TSP,0.96
한국중부발전(주)신서천발전본부,1,2022-03-20 08:00,SOx,2.15
한국중부발전(주)신서천발전본부,1,2022-03-20 08:00,NOx,6.37
한국중부발전(주)신서천발전본부,1,2022-03-20 08:30,TSP,0.97
한국중부발전(주)신서천발전본부,1,2022-03-20 08:30,SOx,2.22
한국중부발전(주)신서천발전본부,1,2022-03-20 08:30,NOx,6.57
한국중부발전(주)신서천발전본부,1,2022-03-20 09:00,TSP,0.98
한국중부발전(주)신서천발전본부,1,2022-03-20 09:00,SOx,2.2
한국중부발전(주)신서천발전본부,1,2022-03-20 09:00,NOx,6.42
한국중부발전(주)신서천발전본부,1,2022-03-20 09:30,TSP,0.97
한국중부발전(주)신서천발전본부,1,2022-03-20 09:30,SOx,2.2
한국중부발전(주)신서천발전본부,1,2022-03-20 09:30,NOx,6.78
한국중부발전(주)신서천발전본부,1,2022-03-20 10:00,TSP,0.96
한국중부발전(주)신서천발전본부,1,2022-03-20 10:00,SOx,2.31
한국중부발전(주)신서천발전본부,1,2022-03-20 10:00,NOx,6.35
한국중부발전(주)신서천발전본부,1,2022-03-20 10:30,TSP,0.96
한국중부발전(주)신서천발전본부,1,2022-03-20 10:30,SOx,2.35
한국중부발전(주)신서천발전본부,1,2022-03-20 10:30,NOx,6.98
한국중부발전(주)신서천발전본부,1,2022-03-20 11:00,TSP,0.98
한국중부발전(주)신서천발전본부,1,2022-03-20 11:00,SOx,2.2
한국중부발전(주)신서천발전본부,1,2022-03-20 11:00,NOx,6.75
한국중부발전(주)신서천발전본부,1,2022-03-20 11:30,TSP,0.99
한국중부발전(주)신서천발전본부,1,2022-03-20 11:30,SOx,2.36
한국중부발전(주)신서천발전본부,1,2022-03-20 11:30,NOx,6.39
한국중부발전(주)신서천발전본부,1,2022-03-20 12:00,TSP,0.99
한국중부발전(주)신서천발전본부,1,2022-03-20 12:00,SOx,2.39
한국중부발전(주)신서천발전본부,1,2022-03-20 12:00,NOx,6.21
한국중부발전(주)신서천발전본부,1,2022-03-20 12:30,TSP,1.0
한국중부발전(주)신서천발전본부,1,2022-03-20 12:30,SOx,2.24
한국중부발전(주)신서천발전본부,1,2022-03-20 12:30,NOx,5.67
한국중부발전(주)신서천발전본부,1,2022-03-20 13:00,TSP,1.01
한국중부발전(주)신서천발전본부,1,2022-03-20 13:00,SOx,2.08
한국중부발전(주)신서천발전본부,1,2022-03-20 13:00,NOx,6.2
한국중부발전(주)신서천발전본부,1,2022-03-20 13:30,TSP,1.02
한국중부발전(주)신서천발전본부,1,2022-03-20 13:30,SOx,2.0
한국중부발전(주)신서천발전본부,1,2022-03-20 13:30,NOx,6.61
한국중부발전(주)신서천발전본부,1,2022-03-20 14:00,TSP,1.02
한국중부발전(주)신서천발전본부,1,2022-03-20 14:00,SOx,1.98
한국중부발전(주)신서천발전본부,1,2022-03-20 14:00,NOx,6.76
한국중부발전(주)신서천발전본부,1,2022-03-20 14:30,TSP,1.0
한국중부발전(주)신서천발전본부,1,2022-03-20 14:30,SOx,2.34
한국중부발전(주)신서천발전본부,1,2022-03-20 14:30,NOx,5.79
한국중부발전(주)신서천발전본부,1,2022-03-20 15:00,TSP,1.01
한국중부발전(주)신서천발전본부,1,2022-03-20 15:00,SOx,1.84
한국중부발전(주)신서천발전본부,1,2022-03-20 15:00,NOx,7.24
한국중부발전(주)신서천발전본부,1,2022-03-20 15:30,TSP,1.02
한국중부발전(주)신서천발전본부,1,2022-03-20 15:30,SOx,1.87
한국중부발전(주)신서천발전본부,1,2022-03-20 15:30,NOx,6.15
한국중부발전(주)신서천발전본부,1,2022-03-20 16:00,TSP,1.04
한국중부발전(주)신서천발전본부,1,2022-03-20 16:00,SOx,1.72
한국중부발전(주)신서천발전본부,1,2022-03-20 16:00,NOx,7.01
한국중부발전(주)신서천발전본부,1,2022-03-20 16:30,TSP,1.03
한국중부발전(주)신서천발전본부,1,2022-03-20 16:30,SOx,1.93
한국중부발전(주)신서천발전본부,1,2022-03-20 16:30,NOx,6.84
한국중부발전(주)신서천발전본부,1,2022-03-20 17:00,TSP,1.03
한국중부발전(주)신서천발전본부,1,2022-03-20 17:00,SOx,1.89
한국중부발전(주)신서천발전본부,1,2022-03-20 17:00,NOx,6.33
한국중부발전(주)신서천발전본부,1,2022-03-20 17:30,TSP,1.0
한국중부발전(주)신서천발전본부,1,2022-03-20 17:30,SOx,2.21
한국중부발전(주)신서천발전본부,1,2022-03-20 17:30,NOx,6.23
한국중부발전(주)신서천발전본부,1,2022-03-20 18:00,TSP,1.01
한국중부발전(주)신서천발전본부,1,2022-03-20 18:00,SOx,2.21
한국중부발전(주)신서천발전본부,1,2022-03-20 18:00,NOx,6.0
한국중부발전(주)신서천발전본부,1,2022-03-20 18:30,TSP,1.0
한국중부발전(주)신서천발전본부,1,2022-03-20 18:30,SOx,2.08
한국중부발전(주)신서천발전본부,1,2022-03-20 18:30,NOx,6.74
한국중부발전(주)신서천발전본부,1,2022-03-20 19:00,TSP,1.05
한국중부발전(주)신서천발전본부,1,2022-03-20 19:00,SOx,2.01
한국중부발전(주)신서천발전본부,1,2022-03-20 19:00,NOx,6.67
한국중부발전(주)신서천발전본부,1,2022-03-20 19:30,TSP,1.01
한국중부발전(주)신서천발전본부,1,2022-03-20 19:30,SOx,2.1
한국중부발전(주)신서천발전본부,1,2022-03-20 19:30,NOx,7.07
한국중부발전(주)신서천발전본부,1,2022-03-20 20:00,TSP,1.04
한국중부발전(주)신서천발전본부,1,2022-03-20 20:00,SOx,2.21
한국중부발전(주)신서천발전본부,1,2022-03-20 20:00,NOx,6.6
한국중부발전(주)신서천발전본부,1,2022-03-20 20:30,TSP,1.03
한국중부발전(주)신서천발전본부,1,2022-03-20 20:30,SOx,2.16
한국중부발전(주)신서천발전본부,1,2022-03-20 20:30,NOx,7.4
한국중부발전(주)신서천발전본부,1,2022-03-20 21:00,TSP,1.02
한국중부발전(주)신서천발전본부,1,2022-03-20 21:00,SOx,2.36
한국중부발전(주)신서천발전본부,1,2022-03-20 21:00,NOx,7.0
한국중부발전(주)신서천발전본부,1,2022-03-20 21:30,TSP,1.01
한국중부발전(주)신서천발전본부,1,2022-03-20 21:30,SOx,2.29
한국중부발전(주)신서천발전본부,1,2022-03-20 21:30,NOx,6.81
한국중부발전(주)신서천발전본부,1,2022-03-20 22:00,TSP,1.0
한국중부발전(주)신서천발전본부,1,2022-03-20 22:00,SOx,2.12
한국중부발전(주)신서천발전본부,1,2022-03-20 22:00,NOx,7.03
한국중부발전(주)신서천발전본부,1,2022-03-20 22:30,TSP,1.0
한국중부발전(주)신서천발전본부,1,2022-03-20 22:30,SOx,2.19
한국중부발전(주)신서천발전본부,1,2022-03-20 22:30,NOx,7.03
한국중부발전(주)신서천발전본부,1,2022-03-20 23:00,TSP,0.96
한국중부발전(주)신서천발전본부,1,2022-03-20 23:00,SOx,2.28
한국중부발전(주)신서천발전본부,1,2022-03-20 23:00,NOx,6.43
한국중부발전(주)신서천발전본부,1,2022-03-20 23:30,TSP,0.97
한국중부발전(주)신서천발전본부,1,2022-03-20 23:30,SOx,2.11
한국중부발전(주)신서천발전본부,1,2022-03-20 23:30,NOx,6.83
한국중부발전(주)신서천발전본부,1,2022-03-21 00:00,TSP,0.97
한국중부발전(주)신서천발전본부,1,2022-03-21 00:00,SOx,2.03
한국중부발전(주)신서천발전본부,1,2022-03-21 00:00,NOx,6.74
한국중부발전(주)신서천발전본부,1,2022-03-21 00:30,TSP,0.97
한국중부발전(주)신서천발전본부,1,2022-03-21 00:30,SOx,1.99
한국중부발전(주)신서천발전본부,1,2022-03-21 00:30,NOx,7.24
한국중부발전(주)신서천발전본부,1,2022-03-21 01:00,TSP,0.96
한국중부발전(주)신서천발전본부,1,2022-03-21 01:00,SOx,2.03
한국중부발전(주)신서천발전본부,1,2022-03-21 01:00,NOx,7.0
한국중부발전(주)신서천발전본부,1,2022-03-21 01:30,TSP,0.97
한국중부발전(주)신서천발전본부,1,2022-03-21 01:30,SOx,1.94
한국중부발전(주)신서천발전본부,1,2022-03-21 01:30,NOx,6.62
한국중부발전(주)신서천발전본부,1,2022-03-21 02:00,TSP,0.97
한국중부발전(주)신서천발전본부,1,2022-03-21 02:00,SOx,2.0
한국중부발전(주)신서천발전본부,1,2022-03-21 02:00,NOx,6.97
한국중부발전(주)신서천발전본부,1,2022-03-21 02:30,TSP,0.97
한국중부발전(주)신서천발전본부,1,2022-03-21 02:30,SOx,1.99
한국중부발전(주)신서천발전본부,1,2022-03-21 02:30,NOx,6.95
한국중부발전(주)신서천발전본부,1,2022-03-21 03:00,TSP,0.97
한국중부발전(주)신서천발전본부,1,2022-03-21 03:00,SOx,2.01
한국중부발전(주)신서천발전본부,1,2022-03-21 03:00,NOx,6.95
한국중부발전(주)신서천발전본부,1,2022-03-21 03:30,TSP,0.98
한국중부발전(주)신서천발전본부,1,2022-03-21 03:30,SOx,1.9
한국중부발전(주)신서천발전본부,1,2022-03-21 03:30,NOx,6.54
한국중부발전(주)신서천발전본부,1,2022-03-21 04:00,TSP,0.98
한국중부발전(주)신서천발전본부,1,2022-03-21 04:00,SOx,2.01
한국중부발전(주)신서천발전본부,1,2022-03-21 04:00,NOx,7.05
한국중부발전(주)신서천발전본부,1,2022-03-21 04:30,TSP,0.98
한국중부발전(주)신서천발전본부,1,2022-03-21 04:30,SOx,2.01
한국중부발전(주)신서천발전본부,1,2022-03-21 04:30,NOx,6.93
한국중부발전(주)신서천발전본부,1,2022-03-21 05:00,TSP,0.98
한국중부발전(주)신서천발전본부,1,2022-03-21 05:00,SOx,2.03
한국중부발전(주)신서천발전본부,1,2022-03-21 05:00,NOx,6.66
한국중부발전(주)신서천발전본부,1,2022-03-21 05:30,TSP,1.0
한국중부발전(주)신서천발전본부,1,2022-03-21 05:30,SOx,1.84
한국중부발전(주)신서천발전본부,1,2022-03-21 05:30,NOx,6.52
한국중부발전(주)신서천발전본부,1,2022-03-21 06:00,TSP,0.97
한국중부발전(주)신서천발전본부,1,2022-03-21 06:00,SOx,2.02
한국중부발전(주)신서천발전본부,1,2022-03-21 06:00,NOx,6.71
한국중부발전(주)신서천발전본부,1,2022-03-21 06:30,TSP,0.98
한국중부발전(주)신서천발전본부,1,2022-03-21 06:30,SOx,2.04
한국중부발전(주)신서천발전본부,1,2022-03-21 06:30,NOx,6.53
한국중부발전(주)신서천발전본부,1,2022-03-21 07:00,TSP,0.98
한국중부발전(주)신서천발전본부,1,2022-03-21 07:00,SOx,2.04
한국중부발전(주)신서천발전본부,1,2022-03-21 07:00,NOx,6.67
한국중부발전(주)신서천발전본부,1,2022-03-21 07:30,TSP,0.99
한국중부발전(주)신서천발전본부,1,2022-03-21 07:30,SOx,1.93
한국중부발전(주)신서천발전본부,1,2022-03-21 07:30,NOx,6.72
한국중부발전(주)신서천발전본부,1,2022-03-21 08:00,TSP,0.99
한국중부발전(주)신서천발전본부,1,2022-03-21 08:00,SOx,2.01
한국중부발전(주)신서천발전본부,1,2022-03-21 08:00,NOx,7.06
한국중부발전(주)신서천발전본부,1,2022-03-21 08:30,TSP,0.99
한국중부발전(주)신서천발전본부,1,2022-03-21 08:30,SOx,2.09
한국중부발전(주)신서천발전본부,1,2022-03-21 08:30,NOx,6.95
한국중부발전(주)신서천발전본부,1,2022-03-21 09:00,TSP,0.99
한국중부발전(주)신서천발전본부,1,2022-03-21 09:00,SOx,2.17
한국중부발전(주)신서천발전본부,1,2022-03-21 09:00,NOx,7.51
한국중부발전(주)신서천발전본부,1,2022-03-21 09:30,TSP,1.02
한국중부발전(주)신서천발전본부,1,2022-03-21 09:30,SOx,2.3
한국중부발전(주)신서천발전본부,1,2022-03-21 09:30,NOx,8.32
한국중부발전(주)신서천발전본부,1,2022-03-21 10:00,TSP,1.0
한국중부발전(주)신서천발전본부,1,2022-03-21 10:00,SOx,2.23
한국중부발전(주)신서천발전본부,1,2022-03-21 10:00,NOx,7.02
한국중부발전(주)신서천발전본부,1,2022-03-21 10:30,TSP,1.0
한국중부발전(주)신서천발전본부,1,2022-03-21 10:30,SOx,2.29
한국중부발전(주)신서천발전본부,1,2022-03-21 10:30,NOx,6.56
한국중부발전(주)신서천발전본부,1,2022-03-21 11:00,TSP,0.98
한국중부발전(주)신서천발전본부,1,2022-03-21 11:00,SOx,2.4
한국중부발전(주)신서천발전본부,1,2022-03-21 11:00,NOx,6.74
한국중부발전(주)신서천발전본부,1,2022-03-21 11:30,TSP,0.99
한국중부발전(주)신서천발전본부,1,2022-03-21 11:30,SOx,2.23
한국중부발전(주)신서천발전본부,1,2022-03-21 11:30,NOx,7.18
한국중부발전(주)신서천발전본부,1,2022-03-21 12:00,TSP,0.99
한국중부발전(주)신서천발전본부,1,2022-03-21 12:00,SOx,2.28
한국중부발전(주)신서천발전본부,1,2022-03-21 12:00,NOx,6.29
한국중부발전(주)신서천발전본부,1,2022-03-21 12:30,TSP,0.99
한국중부발전(주)신서천발전본부,1,2022-03-21 12:30,SOx,2.4
한국중부발전(주)신서천발전본부,1,2022-03-21 12:30,NOx,6.35
한국중부발전(주)신서천발전본부,1,2022-03-21 13:00,TSP,0.98
한국중부발전(주)신서천발전본부,1,2022-03-21 13:00,SOx,2.4
한국중부발전(주)신서천발전본부,1,2022-03-21 13:00,NOx,6.12
한국중부발전(주)신서천발전본부,1,2022-03-21 13:30,TSP,0.97
한국중부발전(주)신서천발전본부,1,2022-03-21 13:30,SOx,2.33
한국중부발전(주)신서천발전본부,1,2022-03-21 13:30,NOx,6.81
한국중부발전(주)신서천발전본부,1,2022-03-21 14:00,TSP,0.98
한국중부발전(주)신서천발전본부,1,2022-03-21 14:00,SOx,2.43
한국중부발전(주)신서천발전본부,1,2022-03-21 14:00,NOx,6.82
한국중부발전(주)신서천발전본부,1,2022-03-21 14:30,TSP,0.98
한국중부발전(주)신서천발전본부,1,2022-03-21 14:30,SOx,2.41
한국중부발전(주)신서천발전본부,1,2022-03-21 14:30,NOx,6.79
한국중부발전(주)신서천발전본부,1,2022-03-21 15:00,TSP,0.99
한국중부발전(주)신서천발전본부,1,2022-03-21 15:00,SOx,2.46
한국중부발전(주)신서천발전본부,1,2022-03-21 15:00,NOx,6.36
한국중부발전(주)신서천발전본부,1,2022-03-21 15:30,TSP,0.99
한국중부발전(주)신서천발전본부,1,2022-03-21 15:30,SOx,2.24
한국중부발전(주)신서천발전본부,1,2022-03-21 15:30,NOx,6.79
한국중부발전(주)신서천발전본부,1,2022-03-21 16:00,TSP,0.99
한국중부발전(주)신서천발전본부,1,2022-03-21 16:00,SOx,2.27
한국중부발전(주)신서천발전본부,1,2022-03-21 16:00,NOx,6.31
한국중부발전(주)신서천발전본부,1,2022-03-21 16:30,TSP,0.98
한국중부발전(주)신서천발전본부,1,2022-03-21 16:30,SOx,2.23
한국중부발전(주)신서천발전본부,1,2022-03-21 16:30,NOx,6.91
한국중부발전(주)신서천발전본부,1,2022-03-21 17:00,TSP,0.98
한국중부발전(주)신서천발전본부,1,2022-03-21 17:00,SOx,2.25
한국중부발전(주)신서천발전본부,1,2022-03-21 17:00,NOx,6.35
한국중부발전(주)신서천발전본부,1,2022-03-21 17:30,TSP,0.98
한국중부발전(주)신서천발전본부,1,2022-03-21 17:30,SOx,2.13
한국중부발전(주)신서천발전본부,1,2022-03-21 17:30,NOx,6.39
한국중부발전(주)신서천발전본부,1,2022-03-21 18:00,TSP,0.99
한국중부발전(주)신서천발전본부,1,2022-03-21 18:00,SOx,2.13
한국중부발전(주)신서천발전본부,1,2022-03-21 18:00,NOx,6.47
한국중부발전(주)신서천발전본부,1,2022-03-21 18:30,TSP,0.98
한국중부발전(주)신서천발전본부,1,2022-03-21 18:30,SOx,2.1
한국중부발전(주)신서천발전본부,1,2022-03-21 18:30,NOx,6.96
한국중부발전(주)신서천발전본부,1,2022-03-21 19:00,TSP,0.97
한국중부발전(주)신서천발전본부,1,2022-03-21 19:00,SOx,2.03
한국중부발전(주)신서천발전본부,1,2022-03-21 19:00,NOx,7.41
한국중부발전(주)신서천발전본부,1,2022-03-21 19:30,TSP,0.97
한국중부발전(주)신서천발전본부,1,2022-03-21 19:30,SOx,1.99
한국중부발전(주)신서천발전본부,1,2022-03-21 19:30,NOx,6.65
한국중부발전(주)신서천발전본부,1,2022-03-21 20:00,TSP,0.97
한국중부발전(주)신서천발전본부,1,2022-03-21 20:00,SOx,2.1
한국중부발전(주)신서천발전본부,1,2022-03-21 20:00,NOx,6.79
한국중부발전(주)신서천발전본부,1,2022-03-21 20:30,TSP,0.96
한국중부발전(주)신서천발전본부,1,2022-03-21 20:30,SOx,2.2
한국중부발전(주)신서천발전본부,1,2022-03-21 20:30,NOx,6.94
한국중부발전(주)신서천발전본부,1,2022-03-21 21:00,TSP,0.96
한국중부발전(주)신서천발전본부,1,2022-03-21 21:00,SOx,2.14
한국중부발전(주)신서천발전본부,1,2022-03-21 21:00,NOx,6.79
한국중부발전(주)신서천발전본부,1,2022-03-21 21:30,TSP,0.96
한국중부발전(주)신서천발전본부,1,2022-03-21 21:30,SOx,2.08
한국중부발전(주)신서천발전본부,1,2022-03-21 21:30,NOx,6.92
한국중부발전(주)신서천발전본부,1,2022-03-21 22:00,TSP,0.95
한국중부발전(주)신서천발전본부,1,2022-03-21 22:00,SOx,2.1
한국중부발전(주)신서천발전본부,1,2022-03-21 22:00,NOx,7.26
한국중부발전(주)신서천발전본부,1,2022-03-21 22:30,TSP,0.95
한국중부발전(주)신서천발전본부,1,2022-03-21 22:30,SOx,2.01
한국중부발전(주)신서천발전본부,1,2022-03-21 22:30,NOx,7.13
한국중부발전(주)신서천발전본부,1,2022-03-21 23:00,TSP,0.95
한국중부발전(주)신서천발전본부,1,2022-03-21 23:00,SOx,2.05
한국중부발전(주)신서천발전본부,1,2022-03-21 23:00,NOx,6.97
한국중부발전(주)신서천발전본부,1,2022-03-21 23:30,TSP,0.95
한국중부발전(주)신서천발전본부,1,2022-03-21 23:30,SOx,2.04
한국중부발전(주)신서천발전본부,1,2022-03-21 23:30,NOx,6.9
한국중부발전(주)신서천발전본부,1,2022-03-22 00:00,TSP,0.95
한국중부발전(주)신서천발전본부,1,2022-03-22 00:00,SOx,1.97
한국중부발전(주)신서천발전본부,1,2022-03-22 00:00,NOx,7.23
한국중부발전(주)신서천발전본부,1,2022-03-22 00:30,TSP,0.95
한국중부발전(주)신서천발전본부,1,2022-03-22 00:30,SOx,1.92
한국중부발전(주)신서천발전본부,1,2022-03-22 00:30,NOx,6.87
한국중부발전(주)신서천발전본부,1,2022-03-22 01:00,TSP,0.95
한국중부발전(주)신서천발전본부,1,2022-03-22 01:00,SOx,1.84
한국중부발전(주)신서천발전본부,1,2022-03-22 01:00,NOx,6.97
한국중부발전(주)신서천발전본부,1,2022-03-22 01:30,TSP,0.95
한국중부발전(주)신서천발전본부,1,2022-03-22 01:30,SOx,1.85
한국중부발전(주)신서천발전본부,1,2022-03-22 01:30,NOx,7.21
한국중부발전(주)신서천발전본부,1,2022-03-22 02:00,TSP,0.95
한국중부발전(주)신서천발전본부,1,2022-03-22 02:00,SOx,1.91
한국중부발전(주)신서천발전본부,1,2022-03-22 02:00,NOx,6.72
한국중부발전(주)신서천발전본부,1,2022-03-22 02:30,TSP,0.96
한국중부발전(주)신서천발전본부,1,2022-03-22 02:30,SOx,1.93
한국중부발전(주)신서천발전본부,1,2022-03-22 02:30,NOx,7.13
한국중부발전(주)신서천발전본부,1,2022-03-22 03:00,TSP,0.96
한국중부발전(주)신서천발전본부,1,2022-03-22 03:00,SOx,1.81
한국중부발전(주)신서천발전본부,1,2022-03-22 03:00,NOx,7.09
한국중부발전(주)신서천발전본부,1,2022-03-22 03:30,TSP,0.95
한국중부발전(주)신서천발전본부,1,2022-03-22 03:30,SOx,1.81
한국중부발전(주)신서천발전본부,1,2022-03-22 03:30,NOx,7.02
한국중부발전(주)신서천발전본부,1,2022-03-22 04:00,TSP,0.96
한국중부발전(주)신서천발전본부,1,2022-03-22 04:00,SOx,1.95
한국중부발전(주)신서천발전본부,1,2022-03-22 04:00,NOx,7.55
한국중부발전(주)신서천발전본부,1,2022-03-22 04:30,TSP,0.95
한국중부발전(주)신서천발전본부,1,2022-03-22 04:30,SOx,1.99
한국중부발전(주)신서천발전본부,1,2022-03-22 04:30,NOx,7.39
한국중부발전(주)신서천발전본부,1,2022-03-22 05:00,TSP,0.95
한국중부발전(주)신서천발전본부,1,2022-03-22 05:00,SOx,1.78
한국중부발전(주)신서천발전본부,1,2022-03-22 05:00,NOx,7.4
한국중부발전(주)신서천발전본부,1,2022-03-22 05:30,TSP,0.95
한국중부발전(주)신서천발전본부,1,2022-03-22 05:30,SOx,1.45
한국중부발전(주)신서천발전본부,1,2022-03-22 05:30,NOx,7.14
한국중부발전(주)신서천발전본부,1,2022-03-22 06:00,TSP,0.95
한국중부발전(주)신서천발전본부,1,2022-03-22 06:00,SOx,1.55
한국중부발전(주)신서천발전본부,1,2022-03-22 06:00,NOx,7.14
한국중부발전(주)신서천발전본부,1,2022-03-22 06:30,TSP,0.95
한국중부발전(주)신서천발전본부,1,2022-03-22 06:30,SOx,1.64
한국중부발전(주)신서천발전본부,1,2022-03-22 06:30,NOx,6.76
한국중부발전(주)신서천발전본부,1,2022-03-22 07:00,TSP,0.96
한국중부발전(주)신서천발전본부,1,2022-03-22 07:00,SOx,1.68
한국중부발전(주)신서천발전본부,1,2022-03-22 07:00,NOx,7.02
한국중부발전(주)신서천발전본부,1,2022-03-22 07:30,TSP,0.97
한국중부발전(주)신서천발전본부,1,2022-03-22 07:30,SOx,1.76
한국중부발전(주)신서천발전본부,1,2022-03-22 07:30,NOx,7.5
한국중부발전(주)신서천발전본부,1,2022-03-22 08:00,TSP,0.98
한국중부발전(주)신서천발전본부,1,2022-03-22 08:00,SOx,1.9
한국중부발전(주)신서천발전본부,1,2022-03-22 08:00,NOx,7.4
한국중부발전(주)신서천발전본부,1,2022-03-22 08:30,TSP,0.98
한국중부발전(주)신서천발전본부,1,2022-03-22 08:30,SOx,2.07
한국중부발전(주)신서천발전본부,1,2022-03-22 08:30,NOx,7.13
한국중부발전(주)신서천발전본부,1,2022-03-22 09:00,TSP,0.97
한국중부발전(주)신서천발전본부,1,2022-03-22 09:00,SOx,1.98
한국중부발전(주)신서천발전본부,1,2022-03-22 09:00,NOx,7.1
한국중부발전(주)신서천발전본부,1,2022-03-22 09:30,TSP,0.96
한국중부발전(주)신서천발전본부,1,2022-03-22 09:30,SOx,1.84
한국중부발전(주)신서천발전본부,1,2022-03-22 09:30,NOx,7.16
한국중부발전(주)신서천발전본부,1,2022-03-22 10:00,TSP,0.97
한국중부발전(주)신서천발전본부,1,2022-03-22 10:00,SOx,1.9
한국중부발전(주)신서천발전본부,1,2022-03-22 10:00,NOx,7.07
한국중부발전(주)신서천발전본부,1,2022-03-22 10:30,TSP,0.97
한국중부발전(주)신서천발전본부,1,2022-03-22 10:30,SOx,1.5
한국중부발전(주)신서천발전본부,1,2022-03-22 10:30,NOx,8.92
한국중부발전(주)신서천발전본부,1,2022-03-22 11:00,TSP,0.87
한국중부발전(주)신서천발전본부,1,2022-03-22 11:00,SOx,1.83
한국중부발전(주)신서천발전본부,1,2022-03-22 11:00,NOx,6.85
한국중부발전(주)신서천발전본부,1,2022-03-22 11:30,TSP,0.88
한국중부발전(주)신서천발전본부,1,2022-03-22 11:30,SOx,1.88
한국중부발전(주)신서천발전본부,1,2022-03-22 11:30,NOx,7.0
한국중부발전(주)신서천발전본부,1,2022-03-22 12:00,TSP,0.88
한국중부발전(주)신서천발전본부,1,2022-03-22 12:00,SOx,1.88
한국중부발전(주)신서천발전본부,1,2022-03-22 12:00,NOx,7.0
한국중부발전(주)신서천발전본부,1,2022-03-22 12:30,TSP,0.88
한국중부발전(주)신서천발전본부,1,2022-03-22 12:30,SOx,1.88
한국중부발전(주)신서천발전본부,1,2022-03-22 12:30,NOx,7.0
한국중부발전(주)신서천발전본부,1,2022-03-22 13:00,TSP,0.88
한국중부발전(주)신서천발전본부,1,2022-03-22 13:00,SOx,1.88
한국중부발전(주)신서천발전본부,1,2022-03-22 13:00,NOx,7.0
한국중부발전(주)신서천발전본부,1,2022-03-22 13:30,TSP,0.88
한국중부발전(주)신서천발전본부,1,2022-03-22 13:30,SOx,1.88
한국중부발전(주)신서천발전본부,1,2022-03-22 13:30,NOx,7.0
한국중부발전(주)신서천발전본부,1,2022-03-22 14:00,TSP,0.88
한국중부발전(주)신서천발전본부,1,2022-03-22 14:00,SOx,1.88
한국중부발전(주)신서천발전본부,1,2022-03-22 14:00,NOx,7.0
한국중부발전(주)신서천발전본부,1,2022-03-22 14:30,TSP,0.89
한국중부발전(주)신서천발전본부,1,2022-03-22 14:30,SOx,1.41
한국중부발전(주)신서천발전본부,1,2022-03-22 14:30,NOx,7.12
한국중부발전(주)신서천발전본부,1,2022-03-22 15:00,TSP,0.87
한국중부발전(주)신서천발전본부,1,2022-03-22 15:00,SOx,1.49
한국중부발전(주)신서천발전본부,1,2022-03-22 15:00,NOx,7.44
한국중부발전(주)신서천발전본부,1,2022-03-22 15:30,TSP,0.87
한국중부발전(주)신서천발전본부,1,2022-03-22 15:30,SOx,1.72
한국중부발전(주)신서천발전본부,1,2022-03-22 15:30,NOx,6.79
한국중부발전(주)신서천발전본부,1,2022-03-22 16:00,TSP,0.88
한국중부발전(주)신서천발전본부,1,2022-03-22 16:00,SOx,1.59
한국중부발전(주)신서천발전본부,1,2022-03-22 16:00,NOx,7.25
한국중부발전(주)신서천발전본부,1,2022-03-22 16:30,TSP,0.87
한국중부발전(주)신서천발전본부,1,2022-03-22 16:30,SOx,1.63
한국중부발전(주)신서천발전본부,1,2022-03-22 16:30,NOx,7.02
한국중부발전(주)신서천발전본부,1,2022-03-22 17:00,TSP,0.87
한국중부발전(주)신서천발전본부,1,2022-03-22 17:00,SOx,1.67
한국중부발전(주)신서천발전본부,1,2022-03-22 17:00,NOx,7.49
한국중부발전(주)신서천발전본부,1,2022-03-22 17:30,TSP,0.88
한국중부발전(주)신서천발전본부,1,2022-03-22 17:30,SOx,1.6
한국중부발전(주)신서천발전본부,1,2022-03-22 17:30,NOx,6.68
한국중부발전(주)신서천발전본부,1,2022-03-22 18:00,TSP,0.88
한국중부발전(주)신서천발전본부,1,2022-03-22 18:00,SOx,1.57
한국중부발전(주)신서천발전본부,1,2022-03-22 18:00,NOx,6.98
한국중부발전(주)신서천발전본부,1,2022-03-22 18:30,TSP,0.88
한국중부발전(주)신서천발전본부,1,2022-03-22 18:30,SOx,1.62
한국중부발전(주)신서천발전본부,1,2022-03-22 18:30,NOx,6.92
한국중부발전(주)신서천발전본부,1,2022-03-22 19:00,TSP,0.88
한국중부발전(주)신서천발전본부,1,2022-03-22 19:00,SOx,1.61
한국중부발전(주)신서천발전본부,1,2022-03-22 19:00,NOx,7.55
한국중부발전(주)신서천발전본부,1,2022-03-22 19:30,TSP,0.88
한국중부발전(주)신서천발전본부,1,2022-03-22 19:30,SOx,1.62
한국중부발전(주)신서천발전본부,1,2022-03-22 19:30,NOx,7.29
한국중부발전(주)신서천발전본부,1,2022-03-22 20:00,TSP,0.87
한국중부발전(주)신서천발전본부,1,2022-03-22 20:00,SOx,1.65
한국중부발전(주)신서천발전본부,1,2022-03-22 20:00,NOx,7.52
한국중부발전(주)신서천발전본부,1,2022-03-22 20:30,TSP,0.88
한국중부발전(주)신서천발전본부,1,2022-03-22 20:30,SOx,1.6
한국중부발전(주)신서천발전본부,1,2022-03-22 20:30,NOx,6.92
한국중부발전(주)신서천발전본부,1,2022-03-22 21:00,TSP,0.87
한국중부발전(주)신서천발전본부,1,2022-03-22 21:00,SOx,1.55
한국중부발전(주)신서천발전본부,1,2022-03-22 21:00,NOx,7.05
한국중부발전(주)신서천발전본부,1,2022-03-22 21:30,TSP,0.88
한국중부발전(주)신서천발전본부,1,2022-03-22 21:30,SOx,1.51
한국중부발전(주)신서천발전본부,1,2022-03-22 21:30,NOx,7.18
한국중부발전(주)신서천발전본부,1,2022-03-22 22:00,TSP,0.88
한국중부발전(주)신서천발전본부,1,2022-03-22 22:00,SOx,1.5
한국중부발전(주)신서천발전본부,1,2022-03-22 22:00,NOx,7.38
한국중부발전(주)신서천발전본부,1,2022-03-22 22:30,TSP,0.88
한국중부발전(주)신서천발전본부,1,2022-03-22 22:30,SOx,1.56
한국중부발전(주)신서천발전본부,1,2022-03-22 22:30,NOx,7.63
한국중부발전(주)신서천발전본부,1,2022-03-22 23:00,TSP,1.01
한국중부발전(주)신서천발전본부,1,2022-03-22 23:00,SOx,1.57
한국중부발전(주)신서천발전본부,1,2022-03-22 23:00,NOx,7.33
한국중부발전(주)신서천발전본부,1,2022-03-22 23:30,TSP,1.0
한국중부발전(주)신서천발전본부,1,2022-03-22 23:30,SOx,1.55
한국중부발전(주)신서천발전본부,1,2022-03-22 23:30,NOx,7.17
한국중부발전(주)신서천발전본부,1,2022-03-23 00:00,TSP,1.0
한국중부발전(주)신서천발전본부,1,2022-03-23 00:00,SOx,1.49
한국중부발전(주)신서천발전본부,1,2022-03-23 00:00,NOx,7.21
한국중부발전(주)신서천발전본부,1,2022-03-23 00:30,TSP,1.0
한국중부발전(주)신서천발전본부,1,2022-03-23 00:30,SOx,1.6
한국중부발전(주)신서천발전본부,1,2022-03-23 00:30,NOx,7.12
한국중부발전(주)신서천발전본부,1,2022-03-23 01:00,TSP,1.0
한국중부발전(주)신서천발전본부,1,2022-03-23 01:00,SOx,1.52
한국중부발전(주)신서천발전본부,1,2022-03-23 01:00,NOx,7.19
한국중부발전(주)신서천발전본부,1,2022-03-23 01:30,TSP,1.0
한국중부발전(주)신서천발전본부,1,2022-03-23 01:30,SOx,1.56
한국중부발전(주)신서천발전본부,1,2022-03-23 01:30,NOx,7.17
한국중부발전(주)신서천발전본부,1,2022-03-23 02:00,TSP,1.0
한국중부발전(주)신서천발전본부,1,2022-03-23 02:00,SOx,1.57
한국중부발전(주)신서천발전본부,1,2022-03-23 02:00,NOx,7.1
한국중부발전(주)신서천발전본부,1,2022-03-23 02:30,TSP,1.01
한국중부발전(주)신서천발전본부,1,2022-03-23 02:30,SOx,1.59
한국중부발전(주)신서천발전본부,1,2022-03-23 02:30,NOx,7.24
한국중부발전(주)신서천발전본부,1,2022-03-23 03:00,TSP,1.0
한국중부발전(주)신서천발전본부,1,2022-03-23 03:00,SOx,1.55
한국중부발전(주)신서천발전본부,1,2022-03-23 03:00,NOx,6.94
한국중부발전(주)신서천발전본부,1,2022-03-23 03:30,TSP,1.0
한국중부발전(주)신서천발전본부,1,2022-03-23 03:30,SOx,1.51
한국중부발전(주)신서천발전본부,1,2022-03-23 03:30,NOx,7.23
한국중부발전(주)신서천발전본부,1,2022-03-23 04:00,TSP,1.0
한국중부발전(주)신서천발전본부,1,2022-03-23 04:00,SOx,1.51
한국중부발전(주)신서천발전본부,1,2022-03-23 04:00,NOx,7.01
한국중부발전(주)신서천발전본부,1,2022-03-23 04:30,TSP,1.0
한국중부발전(주)신서천발전본부,1,2022-03-23 04:30,SOx,1.44
한국중부발전(주)신서천발전본부,1,2022-03-23 04:30,NOx,7.12
한국중부발전(주)신서천발전본부,1,2022-03-23 05:00,TSP,1.0
한국중부발전(주)신서천발전본부,1,2022-03-23 05:00,SOx,1.53
한국중부발전(주)신서천발전본부,1,2022-03-23 05:00,NOx,6.57
한국중부발전(주)신서천발전본부,1,2022-03-23 05:30,TSP,1.0
한국중부발전(주)신서천발전본부,1,2022-03-23 05:30,SOx,1.59
한국중부발전(주)신서천발전본부,1,2022-03-23 05:30,NOx,7.11
한국중부발전(주)신서천발전본부,1,2022-03-23 06:00,TSP,1.0
한국중부발전(주)신서천발전본부,1,2022-03-23 06:00,SOx,1.53
한국중부발전(주)신서천발전본부,1,2022-03-23 06:00,NOx,7.03
한국중부발전(주)신서천발전본부,1,2022-03-23 06:30,TSP,1.0
한국중부발전(주)신서천발전본부,1,2022-03-23 06:30,SOx,1.55
한국중부발전(주)신서천발전본부,1,2022-03-23 06:30,NOx,7.22
한국중부발전(주)신서천발전본부,1,2022-03-23 07:00,TSP,1.0
한국중부발전(주)신서천발전본부,1,2022-03-23 07:00,SOx,1.57
한국중부발전(주)신서천발전본부,1,2022-03-23 07:00,NOx,6.74
한국중부발전(주)신서천발전본부,1,2022-03-23 07:30,TSP,1.0
한국중부발전(주)신서천발전본부,1,2022-03-23 07:30,SOx,1.6
한국중부발전(주)신서천발전본부,1,2022-03-23 07:30,NOx,6.95
한국중부발전(주)신서천발전본부,1,2022-03-23 08:00,TSP,1.0
한국중부발전(주)신서천발전본부,1,2022-03-23 08:00,SOx,1.61
한국중부발전(주)신서천발전본부,1,2022-03-23 08:00,NOx,6.92
한국중부발전(주)신서천발전본부,1,2022-03-23 08:30,TSP,1.01
한국중부발전(주)신서천발전본부,1,2022-03-23 08:30,SOx,1.76
한국중부발전(주)신서천발전본부,1,2022-03-23 08:30,NOx,7.36
한국중부발전(주)신서천발전본부,1,2022-03-23 09:00,TSP,1.0
한국중부발전(주)신서천발전본부,1,2022-03-23 09:00,SOx,2.06
한국중부발전(주)신서천발전본부,1,2022-03-23 09:00,NOx,7.07
한국중부발전(주)신서천발전본부,1,2022-03-23 09:30,TSP,1.03
한국중부발전(주)신서천발전본부,1,2022-03-23 09:30,SOx,2.29
한국중부발전(주)신서천발전본부,1,2022-03-23 09:30,NOx,7.72
한국중부발전(주)신서천발전본부,1,2022-03-23 10:00,TSP,1.03
한국중부발전(주)신서천발전본부,1,2022-03-23 10:00,SOx,2.27
한국중부발전(주)신서천발전본부,1,2022-03-23 10:00,NOx,10.26
한국중부발전(주)신서천발전본부,1,2022-03-23 10:30,TSP,1.03
한국중부발전(주)신서천발전본부,1,2022-03-23 10:30,SOx,2.35
한국중부발전(주)신서천발전본부,1,2022-03-23 10:30,NOx,9.18
한국중부발전(주)신서천발전본부,1,2022-03-23 11:00,TSP,0.99
한국중부발전(주)신서천발전본부,1,2022-03-23 11:00,SOx,2.34
한국중부발전(주)신서천발전본부,1,2022-03-23 11:00,NOx,9.4
한국중부발전(주)신서천발전본부,1,2022-03-23 11:30,TSP,0.99
한국중부발전(주)신서천발전본부,1,2022-03-23 11:30,SOx,2.25
한국중부발전(주)신서천발전본부,1,2022-03-23 11:30,NOx,9.85
한국중부발전(주)신서천발전본부,1,2022-03-23 12:00,TSP,0.98
한국중부발전(주)신서천발전본부,1,2022-03-23 12:00,SOx,2.26
한국중부발전(주)신서천발전본부,1,2022-03-23 12:00,NOx,8.06
한국중부발전(주)신서천발전본부,1,2022-03-23 12:30,TSP,1.01
한국중부발전(주)신서천발전본부,1,2022-03-23 12:30,SOx,2.18
한국중부발전(주)신서천발전본부,1,2022-03-23 12:30,NOx,7.38
한국중부발전(주)신서천발전본부,1,2022-03-23 13:00,TSP,1.03
한국중부발전(주)신서천발전본부,1,2022-03-23 13:00,SOx,2.25
한국중부발전(주)신서천발전본부,1,2022-03-23 13:00,NOx,6.9
한국중부발전(주)신서천발전본부,1,2022-03-23 13:30,TSP,1.01
한국중부발전(주)신서천발전본부,1,2022-03-23 13:30,SOx,2.15
한국중부발전(주)신서천발전본부,1,2022-03-23 13:30,NOx,7.47
한국중부발전(주)신서천발전본부,1,2022-03-23 14:00,TSP,0.99
한국중부발전(주)신서천발전본부,1,2022-03-23 14:00,SOx,2.23
한국중부발전(주)신서천발전본부,1,2022-03-23 14:00,NOx,7.15
한국중부발전(주)신서천발전본부,1,2022-03-23 14:30,TSP,0.99
한국중부발전(주)신서천발전본부,1,2022-03-23 14:30,SOx,2.17
한국중부발전(주)신서천발전본부,1,2022-03-23 14:30,NOx,6.67
한국중부발전(주)신서천발전본부,1,2022-03-23 15:00,TSP,1.0
한국중부발전(주)신서천발전본부,1,2022-03-23 15:00,SOx,2.19
한국중부발전(주)신서천발전본부,1,2022-03-23 15:00,NOx,7.32
한국중부발전(주)신서천발전본부,1,2022-03-23 15:30,TSP,1.0
한국중부발전(주)신서천발전본부,1,2022-03-23 15:30,SOx,2.2
한국중부발전(주)신서천발전본부,1,2022-03-23 15:30,NOx,7.16
한국중부발전(주)신서천발전본부,1,2022-03-23 16:00,TSP,1.0
한국중부발전(주)신서천발전본부,1,2022-03-23 16:00,SOx,2.23
한국중부발전(주)신서천발전본부,1,2022-03-23 16:00,NOx,7.13
한국중부발전(주)신서천발전본부,1,2022-03-23 16:30,TSP,1.0
한국중부발전(주)신서천발전본부,1,2022-03-23 16:30,SOx,2.3
한국중부발전(주)신서천발전본부,1,2022-03-23 16:30,NOx,6.48
한국중부발전(주)신서천발전본부,1,2022-03-23 17:00,TSP,0.98
한국중부발전(주)신서천발전본부,1,2022-03-23 17:00,SOx,2.11
한국중부발전(주)신서천발전본부,1,2022-03-23 17:00,NOx,7.3
한국중부발전(주)신서천발전본부,1,2022-03-23 17:30,TSP,0.98
한국중부발전(주)신서천발전본부,1,2022-03-23 17:30,SOx,2.2
한국중부발전(주)신서천발전본부,1,2022-03-23 17:30,NOx,6.54
한국중부발전(주)신서천발전본부,1,2022-03-23 18:00,TSP,0.98
한국중부발전(주)신서천발전본부,1,2022-03-23 18:00,SOx,2.2
한국중부발전(주)신서천발전본부,1,2022-03-23 18:00,NOx,7.04
한국중부발전(주)신서천발전본부,1,2022-03-23 18:30,TSP,0.97
한국중부발전(주)신서천발전본부,1,2022-03-23 18:30,SOx,2.28
한국중부발전(주)신서천발전본부,1,2022-03-23 18:30,NOx,6.37
한국중부발전(주)신서천발전본부,1,2022-03-23 19:00,TSP,0.98
한국중부발전(주)신서천발전본부,1,2022-03-23 19:00,SOx,2.16
한국중부발전(주)신서천발전본부,1,2022-03-23 19:00,NOx,6.91
한국중부발전(주)신서천발전본부,1,2022-03-23 19:30,TSP,0.95
한국중부발전(주)신서천발전본부,1,2022-03-23 19:30,SOx,2.17
한국중부발전(주)신서천발전본부,1,2022-03-23 19:30,NOx,7.23
한국중부발전(주)신서천발전본부,1,2022-03-23 20:00,TSP,0.95
한국중부발전(주)신서천발전본부,1,2022-03-23 20:00,SOx,2.24
한국중부발전(주)신서천발전본부,1,2022-03-23 20:00,NOx,7.0
한국중부발전(주)신서천발전본부,1,2022-03-23 20:30,TSP,0.94
한국중부발전(주)신서천발전본부,1,2022-03-23 20:30,SOx,2.19
한국중부발전(주)신서천발전본부,1,2022-03-23 20:30,NOx,6.63
한국중부발전(주)신서천발전본부,1,2022-03-23 21:00,TSP,0.94
한국중부발전(주)신서천발전본부,1,2022-03-23 21:00,SOx,2.19
한국중부발전(주)신서천발전본부,1,2022-03-23 21:00,NOx,7.04
한국중부발전(주)신서천발전본부,1,2022-03-23 21:30,TSP,0.94
한국중부발전(주)신서천발전본부,1,2022-03-23 21:30,SOx,2.25
한국중부발전(주)신서천발전본부,1,2022-03-23 21:30,NOx,7.05
한국중부발전(주)신서천발전본부,1,2022-03-23 22:00,TSP,0.94
한국중부발전(주)신서천발전본부,1,2022-03-23 22:00,SOx,2.19
한국중부발전(주)신서천발전본부,1,2022-03-23 22:00,NOx,8.18
한국중부발전(주)신서천발전본부,1,2022-03-23 22:30,TSP,0.94
한국중부발전(주)신서천발전본부,1,2022-03-23 22:30,SOx,2.18
한국중부발전(주)신서천발전본부,1,2022-03-23 22:30,NOx,7.92
한국중부발전(주)신서천발전본부,1,2022-03-23 23:00,TSP,0.98
한국중부발전(주)신서천발전본부,1,2022-03-23 23:00,SOx,2.22
한국중부발전(주)신서천발전본부,1,2022-03-23 23:00,NOx,7.28
한국중부발전(주)신서천발전본부,1,2022-03-23 23:30,TSP,0.98
한국중부발전(주)신서천발전본부,1,2022-03-23 23:30,SOx,2.13
한국중부발전(주)신서천발전본부,1,2022-03-23 23:30,NOx,7.72
한국중부발전(주)신서천발전본부,1,2022-03-24 00:00,TSP,0.98
한국중부발전(주)신서천발전본부,1,2022-03-24 00:00,SOx,1.63
한국중부발전(주)신서천발전본부,1,2022-03-24 00:00,NOx,9.8
한국중부발전(주)신서천발전본부,1,2022-03-24 00:30,TSP,0.98
한국중부발전(주)신서천발전본부,1,2022-03-24 00:30,SOx,1.63
한국중부발전(주)신서천발전본부,1,2022-03-24 00:30,NOx,5.46
한국중부발전(주)신서천발전본부,1,2022-03-24 01:00,TSP,0.98
한국중부발전(주)신서천발전본부,1,2022-03-24 01:00,SOx,1.69
한국중부발전(주)신서천발전본부,1,2022-03-24 01:00,NOx,5.36
한국중부발전(주)신서천발전본부,1,2022-03-24 01:30,TSP,0.97
한국중부발전(주)신서천발전본부,1,2022-03-24 01:30,SOx,1.61
한국중부발전(주)신서천발전본부,1,2022-03-24 01:30,NOx,6.01
한국중부발전(주)신서천발전본부,1,2022-03-24 02:00,TSP,0.98
한국중부발전(주)신서천발전본부,1,2022-03-24 02:00,SOx,1.65
한국중부발전(주)신서천발전본부,1,2022-03-24 02:00,NOx,6.03
한국중부발전(주)신서천발전본부,1,2022-03-24 02:30,TSP,0.98
한국중부발전(주)신서천발전본부,1,2022-03-24 02:30,SOx,1.67
한국중부발전(주)신서천발전본부,1,2022-03-24 02:30,NOx,6.0
한국중부발전(주)신서천발전본부,1,2022-03-24 03:00,TSP,0.98
한국중부발전(주)신서천발전본부,1,2022-03-24 03:00,SOx,1.62
한국중부발전(주)신서천발전본부,1,2022-03-24 03:00,NOx,6.67
한국중부발전(주)신서천발전본부,1,2022-03-24 03:30,TSP,0.97
한국중부발전(주)신서천발전본부,1,2022-03-24 03:30,SOx,1.63
한국중부발전(주)신서천발전본부,1,2022-03-24 03:30,NOx,6.72
한국중부발전(주)신서천발전본부,1,2022-03-24 04:00,TSP,0.97
한국중부발전(주)신서천발전본부,1,2022-03-24 04:00,SOx,1.62
한국중부발전(주)신서천발전본부,1,2022-03-24 04:00,NOx,6.51
한국중부발전(주)신서천발전본부,1,2022-03-24 04:30,TSP,0.97
한국중부발전(주)신서천발전본부,1,2022-03-24 04:30,SOx,1.69
한국중부발전(주)신서천발전본부,1,2022-03-24 04:30,NOx,6.63
한국중부발전(주)신서천발전본부,1,2022-03-24 05:00,TSP,0.97
한국중부발전(주)신서천발전본부,1,2022-03-24 05:00,SOx,1.65
한국중부발전(주)신서천발전본부,1,2022-03-24 05:00,NOx,6.52
한국중부발전(주)신서천발전본부,1,2022-03-24 05:30,TSP,0.97
한국중부발전(주)신서천발전본부,1,2022-03-24 05:30,SOx,1.59
한국중부발전(주)신서천발전본부,1,2022-03-24 05:30,NOx,6.78
한국중부발전(주)신서천발전본부,1,2022-03-24 06:00,TSP,0.97
한국중부발전(주)신서천발전본부,1,2022-03-24 06:00,SOx,1.7
한국중부발전(주)신서천발전본부,1,2022-03-24 06:00,NOx,6.76
한국중부발전(주)신서천발전본부,1,2022-03-24 06:30,TSP,0.98
한국중부발전(주)신서천발전본부,1,2022-03-24 06:30,SOx,1.58
한국중부발전(주)신서천발전본부,1,2022-03-24 06:30,NOx,7.04
한국중부발전(주)신서천발전본부,1,2022-03-24 07:00,TSP,0.97
한국중부발전(주)신서천발전본부,1,2022-03-24 07:00,SOx,1.68
한국중부발전(주)신서천발전본부,1,2022-03-24 07:00,NOx,7.24
한국중부발전(주)신서천발전본부,1,2022-03-24 07:30,TSP,0.97
한국중부발전(주)신서천발전본부,1,2022-03-24 07:30,SOx,1.63
한국중부발전(주)신서천발전본부,1,2022-03-24 07:30,NOx,7.79
한국중부발전(주)신서천발전본부,1,2022-03-24 08:00,TSP,0.98
한국중부발전(주)신서천발전본부,1,2022-03-24 08:00,SOx,1.69
한국중부발전(주)신서천발전본부,1,2022-03-24 08:00,NOx,7.69
한국중부발전(주)신서천발전본부,1,2022-03-24 08:30,TSP,0.99
한국중부발전(주)신서천발전본부,1,2022-03-24 08:30,SOx,1.64
한국중부발전(주)신서천발전본부,1,2022-03-24 08:30,NOx,7.38
한국중부발전(주)신서천발전본부,1,2022-03-24 09:00,TSP,0.98
한국중부발전(주)신서천발전본부,1,2022-03-24 09:00,SOx,1.6
한국중부발전(주)신서천발전본부,1,2022-03-24 09:00,NOx,7.42
한국중부발전(주)신서천발전본부,1,2022-03-24 09:30,TSP,0.97
한국중부발전(주)신서천발전본부,1,2022-03-24 09:30,SOx,1.63
한국중부발전(주)신서천발전본부,1,2022-03-24 09:30,NOx,7.72
한국중부발전(주)신서천발전본부,1,2022-03-24 10:00,TSP,0.97
한국중부발전(주)신서천발전본부,1,2022-03-24 10:00,SOx,1.7
한국중부발전(주)신서천발전본부,1,2022-03-24 10:00,NOx,7.49
한국중부발전(주)신서천발전본부,1,2022-03-24 10:30,TSP,0.97
한국중부발전(주)신서천발전본부,1,2022-03-24 10:30,SOx,1.66
한국중부발전(주)신서천발전본부,1,2022-03-24 10:30,NOx,7.64
한국중부발전(주)신서천발전본부,1,2022-03-24 11:00,TSP,0.92
한국중부발전(주)신서천발전본부,1,2022-03-24 11:00,SOx,1.65
한국중부발전(주)신서천발전본부,1,2022-03-24 11:00,NOx,7.95
한국중부발전(주)신서천발전본부,1,2022-03-24 11:30,TSP,0.93
한국중부발전(주)신서천발전본부,1,2022-03-24 11:30,SOx,1.66
한국중부발전(주)신서천발전본부,1,2022-03-24 11:30,NOx,7.58
한국중부발전(주)신서천발전본부,1,2022-03-24 12:00,TSP,0.93
한국중부발전(주)신서천발전본부,1,2022-03-24 12:00,SOx,1.56
한국중부발전(주)신서천발전본부,1,2022-03-24 12:00,NOx,7.41
한국중부발전(주)신서천발전본부,1,2022-03-24 12:30,TSP,0.93
한국중부발전(주)신서천발전본부,1,2022-03-24 12:30,SOx,1.59
한국중부발전(주)신서천발전본부,1,2022-03-24 12:30,NOx,7.5
한국중부발전(주)신서천발전본부,1,2022-03-24 13:00,TSP,0.94
한국중부발전(주)신서천발전본부,1,2022-03-24 13:00,SOx,1.72
한국중부발전(주)신서천발전본부,1,2022-03-24 13:00,NOx,6.73
한국중부발전(주)신서천발전본부,1,2022-03-24 13:30,TSP,0.94
한국중부발전(주)신서천발전본부,1,2022-03-24 13:30,SOx,1.61
한국중부발전(주)신서천발전본부,1,2022-03-24 13:30,NOx,7.52
한국중부발전(주)신서천발전본부,1,2022-03-24 14:00,TSP,0.94
한국중부발전(주)신서천발전본부,1,2022-03-24 14:00,SOx,1.57
한국중부발전(주)신서천발전본부,1,2022-03-24 14:00,NOx,7.81
한국중부발전(주)신서천발전본부,1,2022-03-24 14:30,TSP,0.93
한국중부발전(주)신서천발전본부,1,2022-03-24 14:30,SOx,1.58
한국중부발전(주)신서천발전본부,1,2022-03-24 14:30,NOx,7.49
한국중부발전(주)신서천발전본부,1,2022-03-24 15:00,TSP,0.93
한국중부발전(주)신서천발전본부,1,2022-03-24 15:00,SOx,1.61
한국중부발전(주)신서천발전본부,1,2022-03-24 15:00,NOx,7.39
한국중부발전(주)신서천발전본부,1,2022-03-24 15:30,TSP,0.93
한국중부발전(주)신서천발전본부,1,2022-03-24 15:30,SOx,1.58
한국중부발전(주)신서천발전본부,1,2022-03-24 15:30,NOx,7.11
한국중부발전(주)신서천발전본부,1,2022-03-24 16:00,TSP,0.93
한국중부발전(주)신서천발전본부,1,2022-03-24 16:00,SOx,1.58
한국중부발전(주)신서천발전본부,1,2022-03-24 16:00,NOx,7.26
한국중부발전(주)신서천발전본부,1,2022-03-24 16:30,TSP,0.93
한국중부발전(주)신서천발전본부,1,2022-03-24 16:30,SOx,1.6
한국중부발전(주)신서천발전본부,1,2022-03-24 16:30,NOx,7.1
한국중부발전(주)신서천발전본부,1,2022-03-24 17:00,TSP,0.93
한국중부발전(주)신서천발전본부,1,2022-03-24 17:00,SOx,1.66
한국중부발전(주)신서천발전본부,1,2022-03-24 17:00,NOx,7.41
한국중부발전(주)신서천발전본부,1,2022-03-24 17:30,TSP,0.94
한국중부발전(주)신서천발전본부,1,2022-03-24 17:30,SOx,1.56
한국중부발전(주)신서천발전본부,1,2022-03-24 17:30,NOx,6.9
한국중부발전(주)신서천발전본부,1,2022-03-24 18:00,TSP,0.94
한국중부발전(주)신서천발전본부,1,2022-03-24 18:00,SOx,1.63
한국중부발전(주)신서천발전본부,1,2022-03-24 18:00,NOx,7.27
한국중부발전(주)신서천발전본부,1,2022-03-24 18:30,TSP,0.94
한국중부발전(주)신서천발전본부,1,2022-03-24 18:30,SOx,1.51
한국중부발전(주)신서천발전본부,1,2022-03-24 18:30,NOx,7.19
한국중부발전(주)신서천발전본부,1,2022-03-24 19:00,TSP,0.93
한국중부발전(주)신서천발전본부,1,2022-03-24 19:00,SOx,1.52
한국중부발전(주)신서천발전본부,1,2022-03-24 19:00,NOx,7.88
한국중부발전(주)신서천발전본부,1,2022-03-24 19:30,TSP,0.93
한국중부발전(주)신서천발전본부,1,2022-03-24 19:30,SOx,1.51
한국중부발전(주)신서천발전본부,1,2022-03-24 19:30,NOx,7.51
한국중부발전(주)신서천발전본부,1,2022-03-24 20:00,TSP,0.93
한국중부발전(주)신서천발전본부,1,2022-03-24 20:00,SOx,1.49
한국중부발전(주)신서천발전본부,1,2022-03-24 20:00,NOx,7.28
한국중부발전(주)신서천발전본부,1,2022-03-24 20:30,TSP,0.92
한국중부발전(주)신서천발전본부,1,2022-03-24 20:30,SOx,1.61
한국중부발전(주)신서천발전본부,1,2022-03-24 20:30,NOx,7.44
한국중부발전(주)신서천발전본부,1,2022-03-24 21:00,TSP,0.91
한국중부발전(주)신서천발전본부,1,2022-03-24 21:00,SOx,1.62
한국중부발전(주)신서천발전본부,1,2022-03-24 21:00,NOx,7.46
한국중부발전(주)신서천발전본부,1,2022-03-24 21:30,TSP,0.92
한국중부발전(주)신서천발전본부,1,2022-03-24 21:30,SOx,1.63
한국중부발전(주)신서천발전본부,1,2022-03-24 21:30,NOx,7.08
한국중부발전(주)신서천발전본부,1,2022-03-24 22:00,TSP,0.92
한국중부발전(주)신서천발전본부,1,2022-03-24 22:00,SOx,1.67
한국중부발전(주)신서천발전본부,1,2022-03-24 22:00,NOx,7.19
한국중부발전(주)신서천발전본부,1,2022-03-24 22:30,TSP,0.92
한국중부발전(주)신서천발전본부,1,2022-03-24 22:30,SOx,1.59
한국중부발전(주)신서천발전본부,1,2022-03-24 22:30,NOx,7.37
한국중부발전(주)신서천발전본부,1,2022-03-24 23:00,TSP,1.03
한국중부발전(주)신서천발전본부,1,2022-03-24 23:00,SOx,1.59
한국중부발전(주)신서천발전본부,1,2022-03-24 23:00,NOx,7.61
한국중부발전(주)신서천발전본부,1,2022-03-24 23:30,TSP,1.0
한국중부발전(주)신서천발전본부,1,2022-03-24 23:30,SOx,1.69
한국중부발전(주)신서천발전본부,1,2022-03-24 23:30,NOx,7.51
한국중부발전(주)신서천발전본부,1,2022-03-25 00:00,TSP,1.01
한국중부발전(주)신서천발전본부,1,2022-03-25 00:00,SOx,2.04
한국중부발전(주)신서천발전본부,1,2022-03-25 00:00,NOx,6.78
한국중부발전(주)신서천발전본부,1,2022-03-25 00:30,TSP,1.02
한국중부발전(주)신서천발전본부,1,2022-03-25 00:30,SOx,2.39
한국중부발전(주)신서천발전본부,1,2022-03-25 00:30,NOx,6.73
한국중부발전(주)신서천발전본부,1,2022-03-25 01:00,TSP,1.03
한국중부발전(주)신서천발전본부,1,2022-03-25 01:00,SOx,2.34
한국중부발전(주)신서천발전본부,1,2022-03-25 01:00,NOx,8.75
한국중부발전(주)신서천발전본부,1,2022-03-25 01:30,TSP,1.03
한국중부발전(주)신서천발전본부,1,2022-03-25 01:30,SOx,2.52
한국중부발전(주)신서천발전본부,1,2022-03-25 01:30,NOx,9.55
한국중부발전(주)신서천발전본부,1,2022-03-25 02:00,TSP,1.05
한국중부발전(주)신서천발전본부,1,2022-03-25 02:00,SOx,2.53
한국중부발전(주)신서천발전본부,1,2022-03-25 02:00,NOx,8.44
한국중부발전(주)신서천발전본부,1,2022-03-25 02:30,TSP,1.05
한국중부발전(주)신서천발전본부,1,2022-03-25 02:30,SOx,2.36
한국중부발전(주)신서천발전본부,1,2022-03-25 02:30,NOx,9.03
한국중부발전(주)신서천발전본부,1,2022-03-25 03:00,TSP,1.04
한국중부발전(주)신서천발전본부,1,2022-03-25 03:00,SOx,2.4
한국중부발전(주)신서천발전본부,1,2022-03-25 03:00,NOx,8.21
한국중부발전(주)신서천발전본부,1,2022-03-25 03:30,TSP,1.04
한국중부발전(주)신서천발전본부,1,2022-03-25 03:30,SOx,2.55
한국중부발전(주)신서천발전본부,1,2022-03-25 03:30,NOx,7.75
한국중부발전(주)신서천발전본부,1,2022-03-25 04:00,TSP,1.06
한국중부발전(주)신서천발전본부,1,2022-03-25 04:00,SOx,2.58
한국중부발전(주)신서천발전본부,1,2022-03-25 04:00,NOx,8.14
한국중부발전(주)신서천발전본부,1,2022-03-25 04:30,TSP,1.06
한국중부발전(주)신서천발전본부,1,2022-03-25 04:30,SOx,2.46
한국중부발전(주)신서천발전본부,1,2022-03-25 04:30,NOx,8.09
한국중부발전(주)신서천발전본부,1,2022-03-25 05:00,TSP,1.05
한국중부발전(주)신서천발전본부,1,2022-03-25 05:00,SOx,2.4
한국중부발전(주)신서천발전본부,1,2022-03-25 05:00,NOx,8.26
한국중부발전(주)신서천발전본부,1,2022-03-25 05:30,TSP,1.05
한국중부발전(주)신서천발전본부,1,2022-03-25 05:30,SOx,2.51
한국중부발전(주)신서천발전본부,1,2022-03-25 05:30,NOx,7.63
한국중부발전(주)신서천발전본부,1,2022-03-25 06:00,TSP,1.05
한국중부발전(주)신서천발전본부,1,2022-03-25 06:00,SOx,2.53
한국중부발전(주)신서천발전본부,1,2022-03-25 06:00,NOx,7.32
한국중부발전(주)신서천발전본부,1,2022-03-25 06:30,TSP,1.05
한국중부발전(주)신서천발전본부,1,2022-03-25 06:30,SOx,2.42
한국중부발전(주)신서천발전본부,1,2022-03-25 06:30,NOx,7.59
한국중부발전(주)신서천발전본부,1,2022-03-25 07:00,TSP,1.07
한국중부발전(주)신서천발전본부,1,2022-03-25 07:00,SOx,2.5
한국중부발전(주)신서천발전본부,1,2022-03-25 07:00,NOx,6.96
한국중부발전(주)신서천발전본부,1,2022-03-25 07:30,TSP,1.06
한국중부발전(주)신서천발전본부,1,2022-03-25 07:30,SOx,2.33
한국중부발전(주)신서천발전본부,1,2022-03-25 07:30,NOx,7.6
한국중부발전(주)신서천발전본부,1,2022-03-25 08:00,TSP,1.08
한국중부발전(주)신서천발전본부,1,2022-03-25 08:00,SOx,2.2
한국중부발전(주)신서천발전본부,1,2022-03-25 08:00,NOx,7.57
한국중부발전(주)신서천발전본부,1,2022-03-25 08:30,TSP,1.1
한국중부발전(주)신서천발전본부,1,2022-03-25 08:30,SOx,2.15
한국중부발전(주)신서천발전본부,1,2022-03-25 08:30,NOx,7.67
한국중부발전(주)신서천발전본부,1,2022-03-25 09:00,TSP,1.09
한국중부발전(주)신서천발전본부,1,2022-03-25 09:00,SOx,1.83
한국중부발전(주)신서천발전본부,1,2022-03-25 09:00,NOx,8.63
한국중부발전(주)신서천발전본부,1,2022-03-25 09:30,TSP,1.09
한국중부발전(주)신서천발전본부,1,2022-03-25 09:30,SOx,1.75
한국중부발전(주)신서천발전본부,1,2022-03-25 09:30,NOx,8.29
한국중부발전(주)신서천발전본부,1,2022-03-25 10:00,TSP,1.07
한국중부발전(주)신서천발전본부,1,2022-03-25 10:00,SOx,1.76
한국중부발전(주)신서천발전본부,1,2022-03-25 10:00,NOx,8.63
한국중부발전(주)신서천발전본부,1,2022-03-25 10:30,TSP,1.07
한국중부발전(주)신서천발전본부,1,2022-03-25 10:30,SOx,2.03
한국중부발전(주)신서천발전본부,1,2022-03-25 10:30,NOx,8.43
한국중부발전(주)신서천발전본부,1,2022-03-25 11:00,TSP,1.07
한국중부발전(주)신서천발전본부,1,2022-03-25 11:00,SOx,2.16
한국중부발전(주)신서천발전본부,1,2022-03-25 11:00,NOx,8.76
한국중부발전(주)신서천발전본부,1,2022-03-25 11:30,TSP,1.06
한국중부발전(주)신서천발전본부,1,2022-03-25 11:30,SOx,2.22
한국중부발전(주)신서천발전본부,1,2022-03-25 11:30,NOx,9.43
한국중부발전(주)신서천발전본부,1,2022-03-25 12:00,TSP,1.06
한국중부발전(주)신서천발전본부,1,2022-03-25 12:00,SOx,2.23
한국중부발전(주)신서천발전본부,1,2022-03-25 12:00,NOx,8.89
한국중부발전(주)신서천발전본부,1,2022-03-25 12:30,TSP,1.07
한국중부발전(주)신서천발전본부,1,2022-03-25 12:30,SOx,2.19
한국중부발전(주)신서천발전본부,1,2022-03-25 12:30,NOx,8.19
한국중부발전(주)신서천발전본부,1,2022-03-25 13:00,TSP,1.07
한국중부발전(주)신서천발전본부,1,2022-03-25 13:00,SOx,2.27
한국중부발전(주)신서천발전본부,1,2022-03-25 13:00,NOx,8.56
한국중부발전(주)신서천발전본부,1,2022-03-25 13:30,TSP,1.08
한국중부발전(주)신서천발전본부,1,2022-03-25 13:30,SOx,2.31
한국중부발전(주)신서천발전본부,1,2022-03-25 13:30,NOx,8.62
한국중부발전(주)신서천발전본부,1,2022-03-25 14:00,TSP,1.08
한국중부발전(주)신서천발전본부,1,2022-03-25 14:00,SOx,2.25
한국중부발전(주)신서천발전본부,1,2022-03-25 14:00,NOx,8.84
한국중부발전(주)신서천발전본부,1,2022-03-25 14:30,TSP,1.08
한국중부발전(주)신서천발전본부,1,2022-03-25 14:30,SOx,2.32
한국중부발전(주)신서천발전본부,1,2022-03-25 14:30,NOx,7.81
한국중부발전(주)신서천발전본부,1,2022-03-25 15:00,TSP,1.08
한국중부발전(주)신서천발전본부,1,2022-03-25 15:00,SOx,2.2
한국중부발전(주)신서천발전본부,1,2022-03-25 15:00,NOx,8.08
한국중부발전(주)신서천발전본부,1,2022-03-25 15:30,TSP,1.06
한국중부발전(주)신서천발전본부,1,2022-03-25 15:30,SOx,2.29
한국중부발전(주)신서천발전본부,1,2022-03-25 15:30,NOx,7.79
한국중부발전(주)신서천발전본부,1,2022-03-25 16:00,TSP,1.08
한국중부발전(주)신서천발전본부,1,2022-03-25 16:00,SOx,2.36
한국중부발전(주)신서천발전본부,1,2022-03-25 16:00,NOx,7.85
한국중부발전(주)신서천발전본부,1,2022-03-25 16:30,TSP,1.09
한국중부발전(주)신서천발전본부,1,2022-03-25 16:30,SOx,2.38
한국중부발전(주)신서천발전본부,1,2022-03-25 16:30,NOx,7.83
한국중부발전(주)신서천발전본부,1,2022-03-25 17:00,TSP,1.09
한국중부발전(주)신서천발전본부,1,2022-03-25 17:00,SOx,2.31
한국중부발전(주)신서천발전본부,1,2022-03-25 17:00,NOx,7.83
한국중부발전(주)신서천발전본부,1,2022-03-25 17:30,TSP,1.09
한국중부발전(주)신서천발전본부,1,2022-03-25 17:30,SOx,2.28
한국중부발전(주)신서천발전본부,1,2022-03-25 17:30,NOx,7.59
한국중부발전(주)신서천발전본부,1,2022-03-25 18:00,TSP,1.08
한국중부발전(주)신서천발전본부,1,2022-03-25 18:00,SOx,2.39
한국중부발전(주)신서천발전본부,1,2022-03-25 18:00,NOx,7.84
한국중부발전(주)신서천발전본부,1,2022-03-25 18:30,TSP,1.11
한국중부발전(주)신서천발전본부,1,2022-03-25 18:30,SOx,2.29
한국중부발전(주)신서천발전본부,1,2022-03-25 18:30,NOx,8.03
한국중부발전(주)신서천발전본부,1,2022-03-25 19:00,TSP,1.09
한국중부발전(주)신서천발전본부,1,2022-03-25 19:00,SOx,2.32
한국중부발전(주)신서천발전본부,1,2022-03-25 19:00,NOx,7.66
한국중부발전(주)신서천발전본부,1,2022-03-25 19:30,TSP,1.06
한국중부발전(주)신서천발전본부,1,2022-03-25 19:30,SOx,2.38
한국중부발전(주)신서천발전본부,1,2022-03-25 19:30,NOx,7.62
한국중부발전(주)신서천발전본부,1,2022-03-25 20:00,TSP,1.07
한국중부발전(주)신서천발전본부,1,2022-03-25 20:00,SOx,2.48
한국중부발전(주)신서천발전본부,1,2022-03-25 20:00,NOx,8.04
한국중부발전(주)신서천발전본부,1,2022-03-25 20:30,TSP,1.07
한국중부발전(주)신서천발전본부,1,2022-03-25 20:30,SOx,2.41
한국중부발전(주)신서천발전본부,1,2022-03-25 20:30,NOx,8.07
한국중부발전(주)신서천발전본부,1,2022-03-25 21:00,TSP,1.07
한국중부발전(주)신서천발전본부,1,2022-03-25 21:00,SOx,2.4
한국중부발전(주)신서천발전본부,1,2022-03-25 21:00,NOx,7.99
한국중부발전(주)신서천발전본부,1,2022-03-25 21:30,TSP,1.07
한국중부발전(주)신서천발전본부,1,2022-03-25 21:30,SOx,2.4
한국중부발전(주)신서천발전본부,1,2022-03-25 21:30,NOx,7.99
한국중부발전(주)신서천발전본부,1,2022-03-25 22:00,TSP,1.07
한국중부발전(주)신서천발전본부,1,2022-03-25 22:00,SOx,2.43
한국중부발전(주)신서천발전본부,1,2022-03-25 22:00,NOx,8.09
한국중부발전(주)신서천발전본부,1,2022-03-25 22:30,TSP,1.07
한국중부발전(주)신서천발전본부,1,2022-03-25 22:30,SOx,2.38
한국중부발전(주)신서천발전본부,1,2022-03-25 22:30,NOx,8.61
한국중부발전(주)신서천발전본부,1,2022-03-25 23:00,TSP,1.07
한국중부발전(주)신서천발전본부,1,2022-03-25 23:00,SOx,2.47
한국중부발전(주)신서천발전본부,1,2022-03-25 23:00,NOx,7.95
한국중부발전(주)신서천발전본부,1,2022-03-25 23:30,TSP,1.06
한국중부발전(주)신서천발전본부,1,2022-03-25 23:30,SOx,2.27
한국중부발전(주)신서천발전본부,1,2022-03-25 23:30,NOx,8.55
한국중부발전(주)신서천발전본부,1,2022-03-26 00:00,TSP,1.09
한국중부발전(주)신서천발전본부,1,2022-03-26 00:00,SOx,1.91
한국중부발전(주)신서천발전본부,1,2022-03-26 00:00,NOx,8.31
한국중부발전(주)신서천발전본부,1,2022-03-26 00:30,TSP,1.13
한국중부발전(주)신서천발전본부,1,2022-03-26 00:30,SOx,1.87
한국중부발전(주)신서천발전본부,1,2022-03-26 00:30,NOx,6.17
한국중부발전(주)신서천발전본부,1,2022-03-26 01:00,TSP,1.12
한국중부발전(주)신서천발전본부,1,2022-03-26 01:00,SOx,1.79
한국중부발전(주)신서천발전본부,1,2022-03-26 01:00,NOx,6.32
한국중부발전(주)신서천발전본부,1,2022-03-26 01:30,TSP,1.11
한국중부발전(주)신서천발전본부,1,2022-03-26 01:30,SOx,1.84
한국중부발전(주)신서천발전본부,1,2022-03-26 01:30,NOx,6.4
한국중부발전(주)신서천발전본부,1,2022-03-26 02:00,TSP,1.08
한국중부발전(주)신서천발전본부,1,2022-03-26 02:00,SOx,1.86
한국중부발전(주)신서천발전본부,1,2022-03-26 02:00,NOx,6.68
한국중부발전(주)신서천발전본부,1,2022-03-26 02:30,TSP,1.07
한국중부발전(주)신서천발전본부,1,2022-03-26 02:30,SOx,1.78
한국중부발전(주)신서천발전본부,1,2022-03-26 02:30,NOx,7.06
한국중부발전(주)신서천발전본부,1,2022-03-26 03:00,TSP,1.07
한국중부발전(주)신서천발전본부,1,2022-03-26 03:00,SOx,1.71
한국중부발전(주)신서천발전본부,1,2022-03-26 03:00,NOx,7.24
한국중부발전(주)신서천발전본부,1,2022-03-26 03:30,TSP,1.05
한국중부발전(주)신서천발전본부,1,2022-03-26 03:30,SOx,1.78
한국중부발전(주)신서천발전본부,1,2022-03-26 03:30,NOx,7.42
한국중부발전(주)신서천발전본부,1,2022-03-26 04:00,TSP,1.05
한국중부발전(주)신서천발전본부,1,2022-03-26 04:00,SOx,1.78
한국중부발전(주)신서천발전본부,1,2022-03-26 04:00,NOx,7.6
한국중부발전(주)신서천발전본부,1,2022-03-26 04:30,TSP,1.06
한국중부발전(주)신서천발전본부,1,2022-03-26 04:30,SOx,1.79
한국중부발전(주)신서천발전본부,1,2022-03-26 04:30,NOx,7.37
한국중부발전(주)신서천발전본부,1,2022-03-26 05:00,TSP,1.06
한국중부발전(주)신서천발전본부,1,2022-03-26 05:00,SOx,1.8
한국중부발전(주)신서천발전본부,1,2022-03-26 05:00,NOx,7.45
한국중부발전(주)신서천발전본부,1,2022-03-26 05:30,TSP,1.05
한국중부발전(주)신서천발전본부,1,2022-03-26 05:30,SOx,1.75
한국중부발전(주)신서천발전본부,1,2022-03-26 05:30,NOx,7.45
한국중부발전(주)신서천발전본부,1,2022-03-26 06:00,TSP,1.05
한국중부발전(주)신서천발전본부,1,2022-03-26 06:00,SOx,1.78
한국중부발전(주)신서천발전본부,1,2022-03-26 06:00,NOx,7.88
한국중부발전(주)신서천발전본부,1,2022-03-26 06:30,TSP,1.06
한국중부발전(주)신서천발전본부,1,2022-03-26 06:30,SOx,1.73
한국중부발전(주)신서천발전본부,1,2022-03-26 06:30,NOx,7.91
한국중부발전(주)신서천발전본부,1,2022-03-26 07:00,TSP,1.07
한국중부발전(주)신서천발전본부,1,2022-03-26 07:00,SOx,1.67
한국중부발전(주)신서천발전본부,1,2022-03-26 07:00,NOx,8.19
한국중부발전(주)신서천발전본부,1,2022-03-26 07:30,TSP,1.08
한국중부발전(주)신서천발전본부,1,2022-03-26 07:30,SOx,1.75
한국중부발전(주)신서천발전본부,1,2022-03-26 07:30,NOx,7.71
한국중부발전(주)신서천발전본부,1,2022-03-26 08:00,TSP,1.1
한국중부발전(주)신서천발전본부,1,2022-03-26 08:00,SOx,1.72
한국중부발전(주)신서천발전본부,1,2022-03-26 08:00,NOx,7.72
한국중부발전(주)신서천발전본부,1,2022-03-26 08:30,TSP,1.08
한국중부발전(주)신서천발전본부,1,2022-03-26 08:30,SOx,1.7
한국중부발전(주)신서천발전본부,1,2022-03-26 08:30,NOx,7.89
한국중부발전(주)신서천발전본부,1,2022-03-26 09:00,TSP,1.07
한국중부발전(주)신서천발전본부,1,2022-03-26 09:00,SOx,1.7
한국중부발전(주)신서천발전본부,1,2022-03-26 09:00,NOx,7.45
한국중부발전(주)신서천발전본부,1,2022-03-26 09:30,TSP,1.06
한국중부발전(주)신서천발전본부,1,2022-03-26 09:30,SOx,1.71
한국중부발전(주)신서천발전본부,1,2022-03-26 09:30,NOx,7.19
한국중부발전(주)신서천발전본부,1,2022-03-26 10:00,TSP,1.06
한국중부발전(주)신서천발전본부,1,2022-03-26 10:00,SOx,1.7
한국중부발전(주)신서천발전본부,1,2022-03-26 10:00,NOx,7.66
한국중부발전(주)신서천발전본부,1,2022-03-26 10:30,TSP,1.06
한국중부발전(주)신서천발전본부,1,2022-03-26 10:30,SOx,1.71
한국중부발전(주)신서천발전본부,1,2022-03-26 10:30,NOx,7.72
한국중부발전(주)신서천발전본부,1,2022-03-26 11:00,TSP,0.99
한국중부발전(주)신서천발전본부,1,2022-03-26 11:00,SOx,1.76
한국중부발전(주)신서천발전본부,1,2022-03-26 11:00,NOx,8.1
한국중부발전(주)신서천발전본부,1,2022-03-26 11:30,TSP,1.0
한국중부발전(주)신서천발전본부,1,2022-03-26 11:30,SOx,1.75
한국중부발전(주)신서천발전본부,1,2022-03-26 11:30,NOx,7.61
한국중부발전(주)신서천발전본부,1,2022-03-26 12:00,TSP,1.0
한국중부발전(주)신서천발전본부,1,2022-03-26 12:00,SOx,1.82
한국중부발전(주)신서천발전본부,1,2022-03-26 12:00,NOx,7.56
한국중부발전(주)신서천발전본부,1,2022-03-26 12:30,TSP,1.0
한국중부발전(주)신서천발전본부,1,2022-03-26 12:30,SOx,1.79
한국중부발전(주)신서천발전본부,1,2022-03-26 12:30,NOx,7.71
한국중부발전(주)신서천발전본부,1,2022-03-26 13:00,TSP,1.0
한국중부발전(주)신서천발전본부,1,2022-03-26 13:00,SOx,1.79
한국중부발전(주)신서천발전본부,1,2022-03-26 13:00,NOx,7.02
한국중부발전(주)신서천발전본부,1,2022-03-26 13:30,TSP,0.99
한국중부발전(주)신서천발전본부,1,2022-03-26 13:30,SOx,1.72
한국중부발전(주)신서천발전본부,1,2022-03-26 13:30,NOx,7.54
한국중부발전(주)신서천발전본부,1,2022-03-26 14:00,TSP,1.0
한국중부발전(주)신서천발전본부,1,2022-03-26 14:00,SOx,1.64
한국중부발전(주)신서천발전본부,1,2022-03-26 14:00,NOx,7.74
한국중부발전(주)신서천발전본부,1,2022-03-26 14:30,TSP,1.0
한국중부발전(주)신서천발전본부,1,2022-03-26 14:30,SOx,1.73
한국중부발전(주)신서천발전본부,1,2022-03-26 14:30,NOx,7.43
한국중부발전(주)신서천발전본부,1,2022-03-26 15:00,TSP,0.98
한국중부발전(주)신서천발전본부,1,2022-03-26 15:00,SOx,1.72
한국중부발전(주)신서천발전본부,1,2022-03-26 15:00,NOx,7.18
한국중부발전(주)신서천발전본부,1,2022-03-26 15:30,TSP,0.98
한국중부발전(주)신서천발전본부,1,2022-03-26 15:30,SOx,1.7
한국중부발전(주)신서천발전본부,1,2022-03-26 15:30,NOx,7.35
한국중부발전(주)신서천발전본부,1,2022-03-26 16:00,TSP,0.99
한국중부발전(주)신서천발전본부,1,2022-03-26 16:00,SOx,1.76
한국중부발전(주)신서천발전본부,1,2022-03-26 16:00,NOx,7.02
한국중부발전(주)신서천발전본부,1,2022-03-26 16:30,TSP,0.99
한국중부발전(주)신서천발전본부,1,2022-03-26 16:30,SOx,1.7
한국중부발전(주)신서천발전본부,1,2022-03-26 16:30,NOx,7.24
한국중부발전(주)신서천발전본부,1,2022-03-26 17:00,TSP,0.99
한국중부발전(주)신서천발전본부,1,2022-03-26 17:00,SOx,1.72
한국중부발전(주)신서천발전본부,1,2022-03-26 17:00,NOx,7.4
한국중부발전(주)신서천발전본부,1,2022-03-26 17:30,TSP,0.98
한국중부발전(주)신서천발전본부,1,2022-03-26 17:30,SOx,1.76
한국중부발전(주)신서천발전본부,1,2022-03-26 17:30,NOx,7.35
한국중부발전(주)신서천발전본부,1,2022-03-26 18:00,TSP,0.99
한국중부발전(주)신서천발전본부,1,2022-03-26 18:00,SOx,1.71
한국중부발전(주)신서천발전본부,1,2022-03-26 18:00,NOx,7.22
한국중부발전(주)신서천발전본부,1,2022-03-26 18:30,TSP,1.0
한국중부발전(주)신서천발전본부,1,2022-03-26 18:30,SOx,1.66
한국중부발전(주)신서천발전본부,1,2022-03-26 18:30,NOx,7.53
한국중부발전(주)신서천발전본부,1,2022-03-26 19:00,TSP,0.99
한국중부발전(주)신서천발전본부,1,2022-03-26 19:00,SOx,1.73
한국중부발전(주)신서천발전본부,1,2022-03-26 19:00,NOx,6.96
한국중부발전(주)신서천발전본부,1,2022-03-26 19:30,TSP,0.98
한국중부발전(주)신서천발전본부,1,2022-03-26 19:30,SOx,1.79
한국중부발전(주)신서천발전본부,1,2022-03-26 19:30,NOx,7.62
한국중부발전(주)신서천발전본부,1,2022-03-26 20:00,TSP,0.98
한국중부발전(주)신서천발전본부,1,2022-03-26 20:00,SOx,1.71
한국중부발전(주)신서천발전본부,1,2022-03-26 20:00,NOx,7.22
한국중부발전(주)신서천발전본부,1,2022-03-26 20:30,TSP,0.98
한국중부발전(주)신서천발전본부,1,2022-03-26 20:30,SOx,1.76
한국중부발전(주)신서천발전본부,1,2022-03-26 20:30,NOx,7.05
한국중부발전(주)신서천발전본부,1,2022-03-26 21:00,TSP,0.99
한국중부발전(주)신서천발전본부,1,2022-03-26 21:00,SOx,1.83
한국중부발전(주)신서천발전본부,1,2022-03-26 21:00,NOx,7.19
한국중부발전(주)신서천발전본부,1,2022-03-26 21:30,TSP,0.99
한국중부발전(주)신서천발전본부,1,2022-03-26 21:30,SOx,1.72
한국중부발전(주)신서천발전본부,1,2022-03-26 21:30,NOx,7.49
한국중부발전(주)신서천발전본부,1,2022-03-26 22:00,TSP,0.98
한국중부발전(주)신서천발전본부,1,2022-03-26 22:00,SOx,1.7
한국중부발전(주)신서천발전본부,1,2022-03-26 22:00,NOx,7.84
한국중부발전(주)신서천발전본부,1,2022-03-26 22:30,TSP,0.98
한국중부발전(주)신서천발전본부,1,2022-03-26 22:30,SOx,1.74
한국중부발전(주)신서천발전본부,1,2022-03-26 22:30,NOx,7.5
한국중부발전(주)신서천발전본부,1,2022-03-26 23:00,TSP,1.04
한국중부발전(주)신서천발전본부,1,2022-03-26 23:00,SOx,1.9
한국중부발전(주)신서천발전본부,1,2022-03-26 23:00,NOx,6.98
한국중부발전(주)신서천발전본부,1,2022-03-26 23:30,TSP,1.05
한국중부발전(주)신서천발전본부,1,2022-03-26 23:30,SOx,2.02
한국중부발전(주)신서천발전본부,1,2022-03-26 23:30,NOx,6.94
한국중부발전(주)신서천발전본부,1,2022-03-27 00:00,TSP,1.07
한국중부발전(주)신서천발전본부,1,2022-03-27 00:00,SOx,2.18
한국중부발전(주)신서천발전본부,1,2022-03-27 00:00,NOx,6.62
한국중부발전(주)신서천발전본부,1,2022-03-27 00:30,TSP,1.11
한국중부발전(주)신서천발전본부,1,2022-03-27 00:30,SOx,2.3
한국중부발전(주)신서천발전본부,1,2022-03-27 00:30,NOx,6.99
한국중부발전(주)신서천발전본부,1,2022-03-27 01:00,TSP,1.17
한국중부발전(주)신서천발전본부,1,2022-03-27 01:00,SOx,2.22
한국중부발전(주)신서천발전본부,1,2022-03-27 01:00,NOx,7.33
한국중부발전(주)신서천발전본부,1,2022-03-27 01:30,TSP,1.18
한국중부발전(주)신서천발전본부,1,2022-03-27 01:30,SOx,2.32
한국중부발전(주)신서천발전본부,1,2022-03-27 01:30,NOx,7.49
한국중부발전(주)신서천발전본부,1,2022-03-27 02:00,TSP,1.2
한국중부발전(주)신서천발전본부,1,2022-03-27 02:00,SOx,2.36
한국중부발전(주)신서천발전본부,1,2022-03-27 02:00,NOx,7.32
한국중부발전(주)신서천발전본부,1,2022-03-27 02:30,TSP,1.2
한국중부발전(주)신서천발전본부,1,2022-03-27 02:30,SOx,2.3
한국중부발전(주)신서천발전본부,1,2022-03-27 02:30,NOx,7.63
한국중부발전(주)신서천발전본부,1,2022-03-27 03:00,TSP,1.24
한국중부발전(주)신서천발전본부,1,2022-03-27 03:00,SOx,2.32
한국중부발전(주)신서천발전본부,1,2022-03-27 03:00,NOx,7.51
한국중부발전(주)신서천발전본부,1,2022-03-27 03:30,TSP,1.25
한국중부발전(주)신서천발전본부,1,2022-03-27 03:30,SOx,2.46
한국중부발전(주)신서천발전본부,1,2022-03-27 03:30,NOx,7.7
한국중부발전(주)신서천발전본부,1,2022-03-27 04:00,TSP,1.26
한국중부발전(주)신서천발전본부,1,2022-03-27 04:00,SOx,2.55
한국중부발전(주)신서천발전본부,1,2022-03-27 04:00,NOx,7.23
한국중부발전(주)신서천발전본부,1,2022-03-27 04:30,TSP,1.31
한국중부발전(주)신서천발전본부,1,2022-03-27 04:30,SOx,2.5
한국중부발전(주)신서천발전본부,1,2022-03-27 04:30,NOx,7.09
한국중부발전(주)신서천발전본부,1,2022-03-27 05:00,TSP,1.32
한국중부발전(주)신서천발전본부,1,2022-03-27 05:00,SOx,2.47
한국중부발전(주)신서천발전본부,1,2022-03-27 05:00,NOx,7.46
한국중부발전(주)신서천발전본부,1,2022-03-27 05:30,TSP,1.35
한국중부발전(주)신서천발전본부,1,2022-03-27 05:30,SOx,2.48
한국중부발전(주)신서천발전본부,1,2022-03-27 05:30,NOx,7.38
한국중부발전(주)신서천발전본부,1,2022-03-27 06:00,TSP,1.36
한국중부발전(주)신서천발전본부,1,2022-03-27 06:00,SOx,2.4
한국중부발전(주)신서천발전본부,1,2022-03-27 06:00,NOx,7.46
한국중부발전(주)신서천발전본부,1,2022-03-27 06:30,TSP,1.34
한국중부발전(주)신서천발전본부,1,2022-03-27 06:30,SOx,2.42
한국중부발전(주)신서천발전본부,1,2022-03-27 06:30,NOx,7.38
한국중부발전(주)신서천발전본부,1,2022-03-27 07:00,TSP,1.28
한국중부발전(주)신서천발전본부,1,2022-03-27 07:00,SOx,2.26
한국중부발전(주)신서천발전본부,1,2022-03-27 07:00,NOx,7.35
한국중부발전(주)신서천발전본부,1,2022-03-27 07:30,TSP,1.21
한국중부발전(주)신서천발전본부,1,2022-03-27 07:30,SOx,2.18
한국중부발전(주)신서천발전본부,1,2022-03-27 07:30,NOx,7.31
한국중부발전(주)신서천발전본부,1,2022-03-27 08:00,TSP,1.15
한국중부발전(주)신서천발전본부,1,2022-03-27 08:00,SOx,1.76
한국중부발전(주)신서천발전본부,1,2022-03-27 08:00,NOx,7.8
한국중부발전(주)신서천발전본부,1,2022-03-27 08:30,TSP,1.13
한국중부발전(주)신서천발전본부,1,2022-03-27 08:30,SOx,1.5
한국중부발전(주)신서천발전본부,1,2022-03-27 08:30,NOx,8.36
한국중부발전(주)신서천발전본부,1,2022-03-27 09:00,TSP,1.13
한국중부발전(주)신서천발전본부,1,2022-03-27 09:00,SOx,1.39
한국중부발전(주)신서천발전본부,1,2022-03-27 09:00,NOx,7.13
한국중부발전(주)신서천발전본부,1,2022-03-27 09:30,TSP,1.1
한국중부발전(주)신서천발전본부,1,2022-03-27 09:30,SOx,1.47
한국중부발전(주)신서천발전본부,1,2022-03-27 09:30,NOx,7.19
한국중부발전(주)신서천발전본부,1,2022-03-27 10:00,TSP,1.06
한국중부발전(주)신서천발전본부,1,2022-03-27 10:00,SOx,1.81
한국중부발전(주)신서천발전본부,1,2022-03-27 10:00,NOx,5.89
한국중부발전(주)신서천발전본부,1,2022-03-27 10:30,TSP,1.06
한국중부발전(주)신서천발전본부,1,2022-03-27 10:30,SOx,1.61
한국중부발전(주)신서천발전본부,1,2022-03-27 10:30,NOx,7.28
한국중부발전(주)신서천발전본부,1,2022-03-27 11:00,TSP,1.09
한국중부발전(주)신서천발전본부,1,2022-03-27 11:00,SOx,1.44
한국중부발전(주)신서천발전본부,1,2022-03-27 11:00,NOx,7.89
한국중부발전(주)신서천발전본부,1,2022-03-27 11:30,TSP,1.1
한국중부발전(주)신서천발전본부,1,2022-03-27 11:30,SOx,1.62
한국중부발전(주)신서천발전본부,1,2022-03-27 11:30,NOx,6.71
한국중부발전(주)신서천발전본부,1,2022-03-27 12:00,TSP,1.11
한국중부발전(주)신서천발전본부,1,2022-03-27 12:00,SOx,1.39
한국중부발전(주)신서천발전본부,1,2022-03-27 12:00,NOx,8.01
한국중부발전(주)신서천발전본부,1,2022-03-27 12:30,TSP,1.11
한국중부발전(주)신서천발전본부,1,2022-03-27 12:30,SOx,1.44
한국중부발전(주)신서천발전본부,1,2022-03-27 12:30,NOx,7.38
한국중부발전(주)신서천발전본부,1,2022-03-27 13:00,TSP,1.14
한국중부발전(주)신서천발전본부,1,2022-03-27 13:00,SOx,1.41
한국중부발전(주)신서천발전본부,1,2022-03-27 13:00,NOx,7.08
한국중부발전(주)신서천발전본부,1,2022-03-27 13:30,TSP,1.14
한국중부발전(주)신서천발전본부,1,2022-03-27 13:30,SOx,1.35
한국중부발전(주)신서천발전본부,1,2022-03-27 13:30,NOx,7.12
한국중부발전(주)신서천발전본부,1,2022-03-27 14:00,TSP,1.14
한국중부발전(주)신서천발전본부,1,2022-03-27 14:00,SOx,1.38
한국중부발전(주)신서천발전본부,1,2022-03-27 14:00,NOx,7.02
한국중부발전(주)신서천발전본부,1,2022-03-27 14:30,TSP,1.14
한국중부발전(주)신서천발전본부,1,2022-03-27 14:30,SOx,1.39
한국중부발전(주)신서천발전본부,1,2022-03-27 14:30,NOx,7.54
한국중부발전(주)신서천발전본부,1,2022-03-27 15:00,TSP,1.13
한국중부발전(주)신서천발전본부,1,2022-03-27 15:00,SOx,1.27
한국중부발전(주)신서천발전본부,1,2022-03-27 15:00,NOx,7.2
한국중부발전(주)신서천발전본부,1,2022-03-27 15:30,TSP,1.12
한국중부발전(주)신서천발전본부,1,2022-03-27 15:30,SOx,1.42
한국중부발전(주)신서천발전본부,1,2022-03-27 15:30,NOx,7.9
한국중부발전(주)신서천발전본부,1,2022-03-27 16:00,TSP,1.1
한국중부발전(주)신서천발전본부,1,2022-03-27 16:00,SOx,1.52
한국중부발전(주)신서천발전본부,1,2022-03-27 16:00,NOx,6.96
한국중부발전(주)신서천발전본부,1,2022-03-27 16:30,TSP,1.08
한국중부발전(주)신서천발전본부,1,2022-03-27 16:30,SOx,1.56
한국중부발전(주)신서천발전본부,1,2022-03-27 16:30,NOx,7.57
한국중부발전(주)신서천발전본부,1,2022-03-27 17:00,TSP,1.08
한국중부발전(주)신서천발전본부,1,2022-03-27 17:00,SOx,1.54
한국중부발전(주)신서천발전본부,1,2022-03-27 17:00,NOx,7.41
한국중부발전(주)신서천발전본부,1,2022-03-27 17:30,TSP,1.06
한국중부발전(주)신서천발전본부,1,2022-03-27 17:30,SOx,1.78
한국중부발전(주)신서천발전본부,1,2022-03-27 17:30,NOx,7.51
한국중부발전(주)신서천발전본부,1,2022-03-27 18:00,TSP,1.07
한국중부발전(주)신서천발전본부,1,2022-03-27 18:00,SOx,1.67
한국중부발전(주)신서천발전본부,1,2022-03-27 18:00,NOx,7.51
한국중부발전(주)신서천발전본부,1,2022-03-27 18:30,TSP,1.07
한국중부발전(주)신서천발전본부,1,2022-03-27 18:30,SOx,1.69
한국중부발전(주)신서천발전본부,1,2022-03-27 18:30,NOx,7.22
한국중부발전(주)신서천발전본부,1,2022-03-27 19:00,TSP,1.07
한국중부발전(주)신서천발전본부,1,2022-03-27 19:00,SOx,1.69
한국중부발전(주)신서천발전본부,1,2022-03-27 19:00,NOx,7.13
한국중부발전(주)신서천발전본부,1,2022-03-27 19:30,TSP,1.08
한국중부발전(주)신서천발전본부,1,2022-03-27 19:30,SOx,1.67
한국중부발전(주)신서천발전본부,1,2022-03-27 19:30,NOx,7.27
한국중부발전(주)신서천발전본부,1,2022-03-27 20:00,TSP,1.09
한국중부발전(주)신서천발전본부,1,2022-03-27 20:00,SOx,1.67
한국중부발전(주)신서천발전본부,1,2022-03-27 20:00,NOx,7.31
한국중부발전(주)신서천발전본부,1,2022-03-27 20:30,TSP,1.07
한국중부발전(주)신서천발전본부,1,2022-03-27 20:30,SOx,1.68
한국중부발전(주)신서천발전본부,1,2022-03-27 20:30,NOx,7.13
한국중부발전(주)신서천발전본부,1,2022-03-27 21:00,TSP,1.07
한국중부발전(주)신서천발전본부,1,2022-03-27 21:00,SOx,1.68
한국중부발전(주)신서천발전본부,1,2022-03-27 21:00,NOx,7.1
한국중부발전(주)신서천발전본부,1,2022-03-27 21:30,TSP,1.06
한국중부발전(주)신서천발전본부,1,2022-03-27 21:30,SOx,1.67
한국중부발전(주)신서천발전본부,1,2022-03-27 21:30,NOx,7.34
한국중부발전(주)신서천발전본부,1,2022-03-27 22:00,TSP,1.06
한국중부발전(주)신서천발전본부,1,2022-03-27 22:00,SOx,1.73
한국중부발전(주)신서천발전본부,1,2022-03-27 22:00,NOx,7.39
한국중부발전(주)신서천발전본부,1,2022-03-27 22:30,TSP,1.06
한국중부발전(주)신서천발전본부,1,2022-03-27 22:30,SOx,1.85
한국중부발전(주)신서천발전본부,1,2022-03-27 22:30,NOx,7.06
한국중부발전(주)신서천발전본부,1,2022-03-27 23:00,TSP,0.98
한국중부발전(주)신서천발전본부,1,2022-03-27 23:00,SOx,1.84
한국중부발전(주)신서천발전본부,1,2022-03-27 23:00,NOx,6.85
한국중부발전(주)신서천발전본부,1,2022-03-27 23:30,TSP,0.98
한국중부발전(주)신서천발전본부,1,2022-03-27 23:30,SOx,1.82
한국중부발전(주)신서천발전본부,1,2022-03-27 23:30,NOx,7.62
한국중부발전(주)신서천발전본부,1,2022-03-28 00:00,TSP,0.98
한국중부발전(주)신서천발전본부,1,2022-03-28 00:00,SOx,1.77
한국중부발전(주)신서천발전본부,1,2022-03-28 00:00,NOx,7.36
한국중부발전(주)신서천발전본부,1,2022-03-28 00:30,TSP,0.99
한국중부발전(주)신서천발전본부,1,2022-03-28 00:30,SOx,1.66
한국중부발전(주)신서천발전본부,1,2022-03-28 00:30,NOx,7.57
한국중부발전(주)신서천발전본부,1,2022-03-28 01:00,TSP,0.99
한국중부발전(주)신서천발전본부,1,2022-03-28 01:00,SOx,1.7
한국중부발전(주)신서천발전본부,1,2022-03-28 01:00,NOx,7.58
한국중부발전(주)신서천발전본부,1,2022-03-28 01:30,TSP,0.98
한국중부발전(주)신서천발전본부,1,2022-03-28 01:30,SOx,1.79
한국중부발전(주)신서천발전본부,1,2022-03-28 01:30,NOx,7.19
한국중부발전(주)신서천발전본부,1,2022-03-28 02:00,TSP,0.99
한국중부발전(주)신서천발전본부,1,2022-03-28 02:00,SOx,1.62
한국중부발전(주)신서천발전본부,1,2022-03-28 02:00,NOx,7.99
한국중부발전(주)신서천발전본부,1,2022-03-28 02:30,TSP,0.98
한국중부발전(주)신서천발전본부,1,2022-03-28 02:30,SOx,1.75
한국중부발전(주)신서천발전본부,1,2022-03-28 02:30,NOx,7.1
한국중부발전(주)신서천발전본부,1,2022-03-28 03:00,TSP,0.97
한국중부발전(주)신서천발전본부,1,2022-03-28 03:00,SOx,1.79
한국중부발전(주)신서천발전본부,1,2022-03-28 03:00,NOx,7.44
한국중부발전(주)신서천발전본부,1,2022-03-28 03:30,TSP,0.98
한국중부발전(주)신서천발전본부,1,2022-03-28 03:30,SOx,1.71
한국중부발전(주)신서천발전본부,1,2022-03-28 03:30,NOx,7.25
한국중부발전(주)신서천발전본부,1,2022-03-28 04:00,TSP,0.98
한국중부발전(주)신서천발전본부,1,2022-03-28 04:00,SOx,1.8
한국중부발전(주)신서천발전본부,1,2022-03-28 04:00,NOx,6.94
한국중부발전(주)신서천발전본부,1,2022-03-28 04:30,TSP,0.98
한국중부발전(주)신서천발전본부,1,2022-03-28 04:30,SOx,1.76
한국중부발전(주)신서천발전본부,1,2022-03-28 04:30,NOx,7.51
한국중부발전(주)신서천발전본부,1,2022-03-28 05:00,TSP,0.97
한국중부발전(주)신서천발전본부,1,2022-03-28 05:00,SOx,1.68
한국중부발전(주)신서천발전본부,1,2022-03-28 05:00,NOx,7.52
한국중부발전(주)신서천발전본부,1,2022-03-28 05:30,TSP,0.97
한국중부발전(주)신서천발전본부,1,2022-03-28 05:30,SOx,1.72
한국중부발전(주)신서천발전본부,1,2022-03-28 05:30,NOx,7.43
한국중부발전(주)신서천발전본부,1,2022-03-28 06:00,TSP,0.97
한국중부발전(주)신서천발전본부,1,2022-03-28 06:00,SOx,1.75
한국중부발전(주)신서천발전본부,1,2022-03-28 06:00,NOx,7.08
한국중부발전(주)신서천발전본부,1,2022-03-28 06:30,TSP,0.97
한국중부발전(주)신서천발전본부,1,2022-03-28 06:30,SOx,1.72
한국중부발전(주)신서천발전본부,1,2022-03-28 06:30,NOx,7.43
한국중부발전(주)신서천발전본부,1,2022-03-28 07:00,TSP,0.96
한국중부발전(주)신서천발전본부,1,2022-03-28 07:00,SOx,1.78
한국중부발전(주)신서천발전본부,1,2022-03-28 07:00,NOx,7.41
한국중부발전(주)신서천발전본부,1,2022-03-28 07:30,TSP,0.97
한국중부발전(주)신서천발전본부,1,2022-03-28 07:30,SOx,1.82
한국중부발전(주)신서천발전본부,1,2022-03-28 07:30,NOx,7.34
한국중부발전(주)신서천발전본부,1,2022-03-28 08:00,TSP,0.98
한국중부발전(주)신서천발전본부,1,2022-03-28 08:00,SOx,1.68
한국중부발전(주)신서천발전본부,1,2022-03-28 08:00,NOx,7.6
한국중부발전(주)신서천발전본부,1,2022-03-28 08:30,TSP,1.01
한국중부발전(주)신서천발전본부,1,2022-03-28 08:30,SOx,1.69
한국중부발전(주)신서천발전본부,1,2022-03-28 08:30,NOx,7.2
한국중부발전(주)신서천발전본부,1,2022-03-28 09:00,TSP,1.0
한국중부발전(주)신서천발전본부,1,2022-03-28 09:00,SOx,1.64
한국중부발전(주)신서천발전본부,1,2022-03-28 09:00,NOx,7.3
한국중부발전(주)신서천발전본부,1,2022-03-28 09:30,TSP,0.99
한국중부발전(주)신서천발전본부,1,2022-03-28 09:30,SOx,1.7
한국중부발전(주)신서천발전본부,1,2022-03-28 09:30,NOx,7.03
한국중부발전(주)신서천발전본부,1,2022-03-28 10:00,TSP,1.0
한국중부발전(주)신서천발전본부,1,2022-03-28 10:00,SOx,1.73
한국중부발전(주)신서천발전본부,1,2022-03-28 10:00,NOx,7.07
한국중부발전(주)신서천발전본부,1,2022-03-28 10:30,TSP,1.0
한국중부발전(주)신서천발전본부,1,2022-03-28 10:30,SOx,1.68
한국중부발전(주)신서천발전본부,1,2022-03-28 10:30,NOx,7.33
한국중부발전(주)신서천발전본부,1,2022-03-28 11:00,TSP,1.0
한국중부발전(주)신서천발전본부,1,2022-03-28 11:00,SOx,1.67
한국중부발전(주)신서천발전본부,1,2022-03-28 11:00,NOx,7.85
한국중부발전(주)신서천발전본부,1,2022-03-28 11:30,TSP,1.0
한국중부발전(주)신서천발전본부,1,2022-03-28 11:30,SOx,1.65
한국중부발전(주)신서천발전본부,1,2022-03-28 11:30,NOx,8.13
한국중부발전(주)신서천발전본부,1,2022-03-28 12:00,TSP,1.04
한국중부발전(주)신서천발전본부,1,2022-03-28 12:00,SOx,1.6
한국중부발전(주)신서천발전본부,1,2022-03-28 12:00,NOx,7.0
한국중부발전(주)신서천발전본부,1,2022-03-28 12:30,TSP,1.06
한국중부발전(주)신서천발전본부,1,2022-03-28 12:30,SOx,1.26
한국중부발전(주)신서천발전본부,1,2022-03-28 12:30,NOx,8.22
한국중부발전(주)신서천발전본부,1,2022-03-28 13:00,TSP,1.04
한국중부발전(주)신서천발전본부,1,2022-03-28 13:00,SOx,1.55
한국중부발전(주)신서천발전본부,1,2022-03-28 13:00,NOx,6.9
한국중부발전(주)신서천발전본부,1,2022-03-28 13:30,TSP,1.02
한국중부발전(주)신서천발전본부,1,2022-03-28 13:30,SOx,1.61
한국중부발전(주)신서천발전본부,1,2022-03-28 13:30,NOx,6.8
한국중부발전(주)신서천발전본부,1,2022-03-28 14:00,TSP,1.04
한국중부발전(주)신서천발전본부,1,2022-03-28 14:00,SOx,1.61
한국중부발전(주)신서천발전본부,1,2022-03-28 14:00,NOx,6.89
한국중부발전(주)신서천발전본부,1,2022-03-28 14:30,TSP,1.05
한국중부발전(주)신서천발전본부,1,2022-03-28 14:30,SOx,1.74
한국중부발전(주)신서천발전본부,1,2022-03-28 14:30,NOx,7.71
한국중부발전(주)신서천발전본부,1,2022-03-28 15:00,TSP,1.07
한국중부발전(주)신서천발전본부,1,2022-03-28 15:00,SOx,1.62
한국중부발전(주)신서천발전본부,1,2022-03-28 15:00,NOx,7.36
한국중부발전(주)신서천발전본부,1,2022-03-28 15:30,TSP,1.05
한국중부발전(주)신서천발전본부,1,2022-03-28 15:30,SOx,1.84
한국중부발전(주)신서천발전본부,1,2022-03-28 15:30,NOx,6.55
한국중부발전(주)신서천발전본부,1,2022-03-28 16:00,TSP,1.03
한국중부발전(주)신서천발전본부,1,2022-03-28 16:00,SOx,1.88
한국중부발전(주)신서천발전본부,1,2022-03-28 16:00,NOx,7.39
한국중부발전(주)신서천발전본부,1,2022-03-28 16:30,TSP,1.05
한국중부발전(주)신서천발전본부,1,2022-03-28 16:30,SOx,1.81
한국중부발전(주)신서천발전본부,1,2022-03-28 16:30,NOx,6.97
한국중부발전(주)신서천발전본부,1,2022-03-28 17:00,TSP,1.04
한국중부발전(주)신서천발전본부,1,2022-03-28 17:00,SOx,1.81
한국중부발전(주)신서천발전본부,1,2022-03-28 17:00,NOx,7.33
한국중부발전(주)신서천발전본부,1,2022-03-28 17:30,TSP,1.05
한국중부발전(주)신서천발전본부,1,2022-03-28 17:30,SOx,1.86
한국중부발전(주)신서천발전본부,1,2022-03-28 17:30,NOx,6.93
한국중부발전(주)신서천발전본부,1,2022-03-28 18:00,TSP,1.04
한국중부발전(주)신서천발전본부,1,2022-03-28 18:00,SOx,1.83
한국중부발전(주)신서천발전본부,1,2022-03-28 18:00,NOx,7.53
한국중부발전(주)신서천발전본부,1,2022-03-28 18:30,TSP,1.03
한국중부발전(주)신서천발전본부,1,2022-03-28 18:30,SOx,1.9
한국중부발전(주)신서천발전본부,1,2022-03-28 18:30,NOx,7.35
한국중부발전(주)신서천발전본부,1,2022-03-28 19:00,TSP,1.04
한국중부발전(주)신서천발전본부,1,2022-03-28 19:00,SOx,1.83
한국중부발전(주)신서천발전본부,1,2022-03-28 19:00,NOx,7.04
한국중부발전(주)신서천발전본부,1,2022-03-28 19:30,TSP,1.02
한국중부발전(주)신서천발전본부,1,2022-03-28 19:30,SOx,1.8
한국중부발전(주)신서천발전본부,1,2022-03-28 19:30,NOx,7.43
한국중부발전(주)신서천발전본부,1,2022-03-28 20:00,TSP,1.02
한국중부발전(주)신서천발전본부,1,2022-03-28 20:00,SOx,1.82
한국중부발전(주)신서천발전본부,1,2022-03-28 20:00,NOx,6.81
한국중부발전(주)신서천발전본부,1,2022-03-28 20:30,TSP,1.03
한국중부발전(주)신서천발전본부,1,2022-03-28 20:30,SOx,1.77
한국중부발전(주)신서천발전본부,1,2022-03-28 20:30,NOx,6.89
한국중부발전(주)신서천발전본부,1,2022-03-28 21:00,TSP,1.01
한국중부발전(주)신서천발전본부,1,2022-03-28 21:00,SOx,1.79
한국중부발전(주)신서천발전본부,1,2022-03-28 21:00,NOx,6.95
한국중부발전(주)신서천발전본부,1,2022-03-28 21:30,TSP,1.0
한국중부발전(주)신서천발전본부,1,2022-03-28 21:30,SOx,1.92
한국중부발전(주)신서천발전본부,1,2022-03-28 21:30,NOx,6.91
한국중부발전(주)신서천발전본부,1,2022-03-28 22:00,TSP,1.01
한국중부발전(주)신서천발전본부,1,2022-03-28 22:00,SOx,1.91
한국중부발전(주)신서천발전본부,1,2022-03-28 22:00,NOx,6.76
한국중부발전(주)신서천발전본부,1,2022-03-28 22:30,TSP,1.01
한국중부발전(주)신서천발전본부,1,2022-03-28 22:30,SOx,1.85
한국중부발전(주)신서천발전본부,1,2022-03-28 22:30,NOx,6.93
한국중부발전(주)신서천발전본부,1,2022-03-28 23:00,TSP,1.0
한국중부발전(주)신서천발전본부,1,2022-03-28 23:00,SOx,1.85
한국중부발전(주)신서천발전본부,1,2022-03-28 23:00,NOx,6.59
한국중부발전(주)신서천발전본부,1,2022-03-28 23:30,TSP,1.0
한국중부발전(주)신서천발전본부,1,2022-03-28 23:30,SOx,1.92
한국중부발전(주)신서천발전본부,1,2022-03-28 23:30,NOx,7.19
한국중부발전(주)신서천발전본부,1,2022-03-29 00:00,TSP,0.99
한국중부발전(주)신서천발전본부,1,2022-03-29 00:00,SOx,1.8
한국중부발전(주)신서천발전본부,1,2022-03-29 00:00,NOx,6.76
한국중부발전(주)신서천발전본부,1,2022-03-29 00:30,TSP,1.0
한국중부발전(주)신서천발전본부,1,2022-03-29 00:30,SOx,1.83
한국중부발전(주)신서천발전본부,1,2022-03-29 00:30,NOx,7.1
한국중부발전(주)신서천발전본부,1,2022-03-29 01:00,TSP,1.0
한국중부발전(주)신서천발전본부,1,2022-03-29 01:00,SOx,1.79
한국중부발전(주)신서천발전본부,1,2022-03-29 01:00,NOx,6.86
한국중부발전(주)신서천발전본부,1,2022-03-29 01:30,TSP,0.99
한국중부발전(주)신서천발전본부,1,2022-03-29 01:30,SOx,1.84
한국중부발전(주)신서천발전본부,1,2022-03-29 01:30,NOx,7.35
한국중부발전(주)신서천발전본부,1,2022-03-29 02:00,TSP,0.99
한국중부발전(주)신서천발전본부,1,2022-03-29 02:00,SOx,1.81
한국중부발전(주)신서천발전본부,1,2022-03-29 02:00,NOx,7.27
한국중부발전(주)신서천발전본부,1,2022-03-29 02:30,TSP,1.0
한국중부발전(주)신서천발전본부,1,2022-03-29 02:30,SOx,1.78
한국중부발전(주)신서천발전본부,1,2022-03-29 02:30,NOx,7.39
한국중부발전(주)신서천발전본부,1,2022-03-29 03:00,TSP,1.0
한국중부발전(주)신서천발전본부,1,2022-03-29 03:00,SOx,1.76
한국중부발전(주)신서천발전본부,1,2022-03-29 03:00,NOx,7.13
한국중부발전(주)신서천발전본부,1,2022-03-29 03:30,TSP,1.0
한국중부발전(주)신서천발전본부,1,2022-03-29 03:30,SOx,1.67
한국중부발전(주)신서천발전본부,1,2022-03-29 03:30,NOx,7.48
한국중부발전(주)신서천발전본부,1,2022-03-29 04:00,TSP,1.01
한국중부발전(주)신서천발전본부,1,2022-03-29 04:00,SOx,1.71
한국중부발전(주)신서천발전본부,1,2022-03-29 04:00,NOx,7.01
한국중부발전(주)신서천발전본부,1,2022-03-29 04:30,TSP,1.01
한국중부발전(주)신서천발전본부,1,2022-03-29 04:30,SOx,1.69
한국중부발전(주)신서천발전본부,1,2022-03-29 04:30,NOx,7.43
한국중부발전(주)신서천발전본부,1,2022-03-29 05:00,TSP,1.01
한국중부발전(주)신서천발전본부,1,2022-03-29 05:00,SOx,1.77
한국중부발전(주)신서천발전본부,1,2022-03-29 05:00,NOx,7.73
한국중부발전(주)신서천발전본부,1,2022-03-29 05:30,TSP,1.01
한국중부발전(주)신서천발전본부,1,2022-03-29 05:30,SOx,2.0
한국중부발전(주)신서천발전본부,1,2022-03-29 05:30,NOx,7.59
한국중부발전(주)신서천발전본부,1,2022-03-29 06:00,TSP,1.0
한국중부발전(주)신서천발전본부,1,2022-03-29 06:00,SOx,2.34
한국중부발전(주)신서천발전본부,1,2022-03-29 06:00,NOx,7.7
한국중부발전(주)신서천발전본부,1,2022-03-29 06:30,TSP,1.0
한국중부발전(주)신서천발전본부,1,2022-03-29 06:30,SOx,2.57
한국중부발전(주)신서천발전본부,1,2022-03-29 06:30,NOx,8.08
한국중부발전(주)신서천발전본부,1,2022-03-29 07:00,TSP,1.0
한국중부발전(주)신서천발전본부,1,2022-03-29 07:00,SOx,2.78
한국중부발전(주)신서천발전본부,1,2022-03-29 07:00,NOx,8.08
한국중부발전(주)신서천발전본부,1,2022-03-29 07:30,TSP,0.99
한국중부발전(주)신서천발전본부,1,2022-03-29 07:30,SOx,2.8
한국중부발전(주)신서천발전본부,1,2022-03-29 07:30,NOx,7.67
한국중부발전(주)신서천발전본부,1,2022-03-29 08:00,TSP,0.98
한국중부발전(주)신서천발전본부,1,2022-03-29 08:00,SOx,2.95
한국중부발전(주)신서천발전본부,1,2022-03-29 08:00,NOx,8.11
한국중부발전(주)신서천발전본부,1,2022-03-29 08:30,TSP,0.96
한국중부발전(주)신서천발전본부,1,2022-03-29 08:30,SOx,3.0
한국중부발전(주)신서천발전본부,1,2022-03-29 08:30,NOx,8.21
한국중부발전(주)신서천발전본부,1,2022-03-29 09:00,TSP,0.98
한국중부발전(주)신서천발전본부,1,2022-03-29 09:00,SOx,2.92
한국중부발전(주)신서천발전본부,1,2022-03-29 09:00,NOx,7.61
한국중부발전(주)신서천발전본부,1,2022-03-29 09:30,TSP,0.99
한국중부발전(주)신서천발전본부,1,2022-03-29 09:30,SOx,2.91
한국중부발전(주)신서천발전본부,1,2022-03-29 09:30,NOx,6.82
한국중부발전(주)신서천발전본부,1,2022-03-29 10:00,TSP,0.99
한국중부발전(주)신서천발전본부,1,2022-03-29 10:00,SOx,2.79
한국중부발전(주)신서천발전본부,1,2022-03-29 10:00,NOx,7.16
한국중부발전(주)신서천발전본부,1,2022-03-29 10:30,TSP,0.99
한국중부발전(주)신서천발전본부,1,2022-03-29 10:30,SOx,2.79
한국중부발전(주)신서천발전본부,1,2022-03-29 10:30,NOx,7.16
한국중부발전(주)신서천발전본부,1,2022-03-29 11:00,TSP,0.99
한국중부발전(주)신서천발전본부,1,2022-03-29 11:00,SOx,2.79
한국중부발전(주)신서천발전본부,1,2022-03-29 11:00,NOx,7.16
한국중부발전(주)신서천발전본부,1,2022-03-29 11:30,TSP,0.99
한국중부발전(주)신서천발전본부,1,2022-03-29 11:30,SOx,2.79
한국중부발전(주)신서천발전본부,1,2022-03-29 11:30,NOx,7.16
한국중부발전(주)신서천발전본부,1,2022-03-29 12:00,TSP,0.99
한국중부발전(주)신서천발전본부,1,2022-03-29 12:00,SOx,2.79
한국중부발전(주)신서천발전본부,1,2022-03-29 12:00,NOx,7.16
한국중부발전(주)신서천발전본부,1,2022-03-29 12:30,TSP,0.99
한국중부발전(주)신서천발전본부,1,2022-03-29 12:30,SOx,2.79
한국중부발전(주)신서천발전본부,1,2022-03-29 12:30,NOx,7.16
한국중부발전(주)신서천발전본부,1,2022-03-29 13:00,TSP,0.99
한국중부발전(주)신서천발전본부,1,2022-03-29 13:00,SOx,2.79
한국중부발전(주)신서천발전본부,1,2022-03-29 13:00,NOx,7.16
한국중부발전(주)신서천발전본부,1,2022-03-29 13:30,TSP,0.99
한국중부발전(주)신서천발전본부,1,2022-03-29 13:30,SOx,2.79
한국중부발전(주)신서천발전본부,1,2022-03-29 13:30,NOx,7.16
한국중부발전(주)신서천발전본부,1,2022-03-29 14:00,TSP,0.99
한국중부발전(주)신서천발전본부,1,2022-03-29 14:00,SOx,2.79
한국중부발전(주)신서천발전본부,1,2022-03-29 14:00,NOx,7.16
한국중부발전(주)신서천발전본부,1,2022-03-29 14:30,TSP,0.99
한국중부발전(주)신서천발전본부,1,2022-03-29 14:30,SOx,2.79
한국중부발전(주)신서천발전본부,1,2022-03-29 14:30,NOx,7.16
한국중부발전(주)신서천발전본부,1,2022-03-29 15:00,TSP,1.0
한국중부발전(주)신서천발전본부,1,2022-03-29 15:00,SOx,2.52
한국중부발전(주)신서천발전본부,1,2022-03-29 15:00,NOx,7.41
한국중부발전(주)신서천발전본부,1,2022-03-29 15:30,TSP,1.02
한국중부발전(주)신서천발전본부,1,2022-03-29 15:30,SOx,2.26
한국중부발전(주)신서천발전본부,1,2022-03-29 15:30,NOx,6.82
한국중부발전(주)신서천발전본부,1,2022-03-29 16:00,TSP,1.02
한국중부발전(주)신서천발전본부,1,2022-03-29 16:00,SOx,2.33
한국중부발전(주)신서천발전본부,1,2022-03-29 16:00,NOx,6.93
한국중부발전(주)신서천발전본부,1,2022-03-29 16:30,TSP,1.02
한국중부발전(주)신서천발전본부,1,2022-03-29 16:30,SOx,2.48
한국중부발전(주)신서천발전본부,1,2022-03-29 16:30,NOx,6.75
한국중부발전(주)신서천발전본부,1,2022-03-29 17:00,TSP,1.03
한국중부발전(주)신서천발전본부,1,2022-03-29 17:00,SOx,2.41
한국중부발전(주)신서천발전본부,1,2022-03-29 17:00,NOx,7.07
한국중부발전(주)신서천발전본부,1,2022-03-29 17:30,TSP,1.03
한국중부발전(주)신서천발전본부,1,2022-03-29 17:30,SOx,2.31
한국중부발전(주)신서천발전본부,1,2022-03-29 17:30,NOx,7.26
한국중부발전(주)신서천발전본부,1,2022-03-29 18:00,TSP,1.02
한국중부발전(주)신서천발전본부,1,2022-03-29 18:00,SOx,2.4
한국중부발전(주)신서천발전본부,1,2022-03-29 18:00,NOx,7.38
한국중부발전(주)신서천발전본부,1,2022-03-29 18:30,TSP,0.99
한국중부발전(주)신서천발전본부,1,2022-03-29 18:30,SOx,2.39
한국중부발전(주)신서천발전본부,1,2022-03-29 18:30,NOx,7.0
한국중부발전(주)신서천발전본부,1,2022-03-29 19:00,TSP,0.99
한국중부발전(주)신서천발전본부,1,2022-03-29 19:00,SOx,2.35
한국중부발전(주)신서천발전본부,1,2022-03-29 19:00,NOx,7.46
한국중부발전(주)신서천발전본부,1,2022-03-29 19:30,TSP,0.99
한국중부발전(주)신서천발전본부,1,2022-03-29 19:30,SOx,2.28
한국중부발전(주)신서천발전본부,1,2022-03-29 19:30,NOx,7.53
한국중부발전(주)신서천발전본부,1,2022-03-29 20:00,TSP,0.99
한국중부발전(주)신서천발전본부,1,2022-03-29 20:00,SOx,2.41
한국중부발전(주)신서천발전본부,1,2022-03-29 20:00,NOx,7.73
한국중부발전(주)신서천발전본부,1,2022-03-29 20:30,TSP,0.99
한국중부발전(주)신서천발전본부,1,2022-03-29 20:30,SOx,2.34
한국중부발전(주)신서천발전본부,1,2022-03-29 20:30,NOx,7.68
한국중부발전(주)신서천발전본부,1,2022-03-29 21:00,TSP,0.98
한국중부발전(주)신서천발전본부,1,2022-03-29 21:00,SOx,2.28
한국중부발전(주)신서천발전본부,1,2022-03-29 21:00,NOx,7.27
한국중부발전(주)신서천발전본부,1,2022-03-29 21:30,TSP,0.99
한국중부발전(주)신서천발전본부,1,2022-03-29 21:30,SOx,2.32
한국중부발전(주)신서천발전본부,1,2022-03-29 21:30,NOx,7.68
한국중부발전(주)신서천발전본부,1,2022-03-29 22:00,TSP,0.98
한국중부발전(주)신서천발전본부,1,2022-03-29 22:00,SOx,2.37
한국중부발전(주)신서천발전본부,1,2022-03-29 22:00,NOx,7.27
한국중부발전(주)신서천발전본부,1,2022-03-29 22:30,TSP,0.99
한국중부발전(주)신서천발전본부,1,2022-03-29 22:30,SOx,2.33
한국중부발전(주)신서천발전본부,1,2022-03-29 22:30,NOx,8.01
한국중부발전(주)신서천발전본부,1,2022-03-29 23:00,TSP,0.99
한국중부발전(주)신서천발전본부,1,2022-03-29 23:00,SOx,2.28
한국중부발전(주)신서천발전본부,1,2022-03-29 23:00,NOx,7.4
한국중부발전(주)신서천발전본부,1,2022-03-29 23:30,TSP,0.96
한국중부발전(주)신서천발전본부,1,2022-03-29 23:30,SOx,2.27
한국중부발전(주)신서천발전본부,1,2022-03-29 23:30,NOx,7.5
한국중부발전(주)신서천발전본부,1,2022-03-30 00:00,TSP,0.96
한국중부발전(주)신서천발전본부,1,2022-03-30 00:00,SOx,2.02
한국중부발전(주)신서천발전본부,1,2022-03-30 00:00,NOx,8.05
한국중부발전(주)신서천발전본부,1,2022-03-30 00:30,TSP,0.95
한국중부발전(주)신서천발전본부,1,2022-03-30 00:30,SOx,1.9
한국중부발전(주)신서천발전본부,1,2022-03-30 00:30,NOx,7.0
한국중부발전(주)신서천발전본부,1,2022-03-30 01:00,TSP,0.97
한국중부발전(주)신서천발전본부,1,2022-03-30 01:00,SOx,2.7
한국중부발전(주)신서천발전본부,1,2022-03-30 01:00,NOx,6.67
한국중부발전(주)신서천발전본부,1,2022-03-30 01:30,TSP,0.98
한국중부발전(주)신서천발전본부,1,2022-03-30 01:30,SOx,3.41
한국중부발전(주)신서천발전본부,1,2022-03-30 01:30,NOx,8.02
한국중부발전(주)신서천발전본부,1,2022-03-30 02:00,TSP,1.0
한국중부발전(주)신서천발전본부,1,2022-03-30 02:00,SOx,2.89
한국중부발전(주)신서천발전본부,1,2022-03-30 02:00,NOx,9.74
한국중부발전(주)신서천발전본부,1,2022-03-30 02:30,TSP,1.0
한국중부발전(주)신서천발전본부,1,2022-03-30 02:30,SOx,2.53
한국중부발전(주)신서천발전본부,1,2022-03-30 02:30,NOx,10.02
한국중부발전(주)신서천발전본부,1,2022-03-30 03:00,TSP,1.0
한국중부발전(주)신서천발전본부,1,2022-03-30 03:00,SOx,2.65
한국중부발전(주)신서천발전본부,1,2022-03-30 03:00,NOx,9.58
한국중부발전(주)신서천발전본부,1,2022-03-30 03:30,TSP,1.0
한국중부발전(주)신서천발전본부,1,2022-03-30 03:30,SOx,3.01
한국중부발전(주)신서천발전본부,1,2022-03-30 03:30,NOx,9.01
한국중부발전(주)신서천발전본부,1,2022-03-30 04:00,TSP,1.01
한국중부발전(주)신서천발전본부,1,2022-03-30 04:00,SOx,2.62
한국중부발전(주)신서천발전본부,1,2022-03-30 04:00,NOx,8.66
한국중부발전(주)신서천발전본부,1,2022-03-30 04:30,TSP,1.0
한국중부발전(주)신서천발전본부,1,2022-03-30 04:30,SOx,2.5
한국중부발전(주)신서천발전본부,1,2022-03-30 04:30,NOx,8.47
한국중부발전(주)신서천발전본부,1,2022-03-30 05:00,TSP,0.99
한국중부발전(주)신서천발전본부,1,2022-03-30 05:00,SOx,2.7
한국중부발전(주)신서천발전본부,1,2022-03-30 05:00,NOx,8.6
한국중부발전(주)신서천발전본부,1,2022-03-30 05:30,TSP,1.0
한국중부발전(주)신서천발전본부,1,2022-03-30 05:30,SOx,2.94
한국중부발전(주)신서천발전본부,1,2022-03-30 05:30,NOx,8.49
한국중부발전(주)신서천발전본부,1,2022-03-30 06:00,TSP,1.0
한국중부발전(주)신서천발전본부,1,2022-03-30 06:00,SOx,2.62
한국중부발전(주)신서천발전본부,1,2022-03-30 06:00,NOx,7.86
한국중부발전(주)신서천발전본부,1,2022-03-30 06:30,TSP,0.99
한국중부발전(주)신서천발전본부,1,2022-03-30 06:30,SOx,2.6
한국중부발전(주)신서천발전본부,1,2022-03-30 06:30,NOx,7.58
한국중부발전(주)신서천발전본부,1,2022-03-30 07:00,TSP,1.0
한국중부발전(주)신서천발전본부,1,2022-03-30 07:00,SOx,2.76
한국중부발전(주)신서천발전본부,1,2022-03-30 07:00,NOx,6.75
한국중부발전(주)신서천발전본부,1,2022-03-30 07:30,TSP,1.02
한국중부발전(주)신서천발전본부,1,2022-03-30 07:30,SOx,2.67
한국중부발전(주)신서천발전본부,1,2022-03-30 07:30,NOx,8.25
한국중부발전(주)신서천발전본부,1,2022-03-30 08:00,TSP,1.04
한국중부발전(주)신서천발전본부,1,2022-03-30 08:00,SOx,2.66
한국중부발전(주)신서천발전본부,1,2022-03-30 08:00,NOx,7.67
한국중부발전(주)신서천발전본부,1,2022-03-30 08:30,TSP,1.03
한국중부발전(주)신서천발전본부,1,2022-03-30 08:30,SOx,2.7
한국중부발전(주)신서천발전본부,1,2022-03-30 08:30,NOx,8.87
한국중부발전(주)신서천발전본부,1,2022-03-30 09:00,TSP,1.03
한국중부발전(주)신서천발전본부,1,2022-03-30 09:00,SOx,2.73
한국중부발전(주)신서천발전본부,1,2022-03-30 09:00,NOx,8.92
한국중부발전(주)신서천발전본부,1,2022-03-30 09:30,TSP,1.03
한국중부발전(주)신서천발전본부,1,2022-03-30 09:30,SOx,2.96
한국중부발전(주)신서천발전본부,1,2022-03-30 09:30,NOx,7.77
한국중부발전(주)신서천발전본부,1,2022-03-30 10:00,TSP,1.02
한국중부발전(주)신서천발전본부,1,2022-03-30 10:00,SOx,2.72
한국중부발전(주)신서천발전본부,1,2022-03-30 10:00,NOx,7.66
한국중부발전(주)신서천발전본부,1,2022-03-30 10:30,TSP,0.99
한국중부발전(주)신서천발전본부,1,2022-03-30 10:30,SOx,2.58
한국중부발전(주)신서천발전본부,1,2022-03-30 10:30,NOx,8.24
한국중부발전(주)신서천발전본부,1,2022-03-30 11:00,TSP,0.99
한국중부발전(주)신서천발전본부,1,2022-03-30 11:00,SOx,2.44
한국중부발전(주)신서천발전본부,1,2022-03-30 11:00,NOx,6.18
한국중부발전(주)신서천발전본부,1,2022-03-30 11:30,TSP,1.16
한국중부발전(주)신서천발전본부,1,2022-03-30 11:30,SOx,2.54
한국중부발전(주)신서천발전본부,1,2022-03-30 11:30,NOx,7.69
한국중부발전(주)신서천발전본부,1,2022-03-30 12:00,TSP,1.17
한국중부발전(주)신서천발전본부,1,2022-03-30 12:00,SOx,2.59
한국중부발전(주)신서천발전본부,1,2022-03-30 12:00,NOx,6.25
한국중부발전(주)신서천발전본부,1,2022-03-30 12:30,TSP,1.1
한국중부발전(주)신서천발전본부,1,2022-03-30 12:30,SOx,2.42
한국중부발전(주)신서천발전본부,1,2022-03-30 12:30,NOx,7.58
한국중부발전(주)신서천발전본부,1,2022-03-30 13:00,TSP,1.12
한국중부발전(주)신서천발전본부,1,2022-03-30 13:00,SOx,3.11
한국중부발전(주)신서천발전본부,1,2022-03-30 13:00,NOx,6.71
한국중부발전(주)신서천발전본부,1,2022-03-30 13:30,TSP,1.11
한국중부발전(주)신서천발전본부,1,2022-03-30 13:30,SOx,2.95
한국중부발전(주)신서천발전본부,1,2022-03-30 13:30,NOx,8.06
한국중부발전(주)신서천발전본부,1,2022-03-30 14:00,TSP,1.14
한국중부발전(주)신서천발전본부,1,2022-03-30 14:00,SOx,2.87
한국중부발전(주)신서천발전본부,1,2022-03-30 14:00,NOx,7.89
한국중부발전(주)신서천발전본부,1,2022-03-30 14:30,TSP,1.15
한국중부발전(주)신서천발전본부,1,2022-03-30 14:30,SOx,3.05
한국중부발전(주)신서천발전본부,1,2022-03-30 14:30,NOx,7.3
한국중부발전(주)신서천발전본부,1,2022-03-30 15:00,TSP,1.16
한국중부발전(주)신서천발전본부,1,2022-03-30 15:00,SOx,3.15
한국중부발전(주)신서천발전본부,1,2022-03-30 15:00,NOx,7.05
한국중부발전(주)신서천발전본부,1,2022-03-30 15:30,TSP,1.14
한국중부발전(주)신서천발전본부,1,2022-03-30 15:30,SOx,2.83
한국중부발전(주)신서천발전본부,1,2022-03-30 15:30,NOx,7.22
한국중부발전(주)신서천발전본부,1,2022-03-30 16:00,TSP,1.11
한국중부발전(주)신서천발전본부,1,2022-03-30 16:00,SOx,2.84
한국중부발전(주)신서천발전본부,1,2022-03-30 16:00,NOx,7.56
한국중부발전(주)신서천발전본부,1,2022-03-30 16:30,TSP,1.12
한국중부발전(주)신서천발전본부,1,2022-03-30 16:30,SOx,2.91
한국중부발전(주)신서천발전본부,1,2022-03-30 16:30,NOx,7.63
한국중부발전(주)신서천발전본부,1,2022-03-30 17:00,TSP,1.13
한국중부발전(주)신서천발전본부,1,2022-03-30 17:00,SOx,3.04
한국중부발전(주)신서천발전본부,1,2022-03-30 17:00,NOx,7.83
한국중부발전(주)신서천발전본부,1,2022-03-30 17:30,TSP,1.13
한국중부발전(주)신서천발전본부,1,2022-03-30 17:30,SOx,2.83
한국중부발전(주)신서천발전본부,1,2022-03-30 17:30,NOx,7.5
한국중부발전(주)신서천발전본부,1,2022-03-30 18:00,TSP,1.14
한국중부발전(주)신서천발전본부,1,2022-03-30 18:00,SOx,2.93
한국중부발전(주)신서천발전본부,1,2022-03-30 18:00,NOx,7.28
한국중부발전(주)신서천발전본부,1,2022-03-30 18:30,TSP,1.11
한국중부발전(주)신서천발전본부,1,2022-03-30 18:30,SOx,3.18
한국중부발전(주)신서천발전본부,1,2022-03-30 18:30,NOx,7.38
한국중부발전(주)신서천발전본부,1,2022-03-30 19:00,TSP,1.11
한국중부발전(주)신서천발전본부,1,2022-03-30 19:00,SOx,3.18
한국중부발전(주)신서천발전본부,1,2022-03-30 19:00,NOx,7.17
한국중부발전(주)신서천발전본부,1,2022-03-30 19:30,TSP,1.11
한국중부발전(주)신서천발전본부,1,2022-03-30 19:30,SOx,2.92
한국중부발전(주)신서천발전본부,1,2022-03-30 19:30,NOx,7.51
한국중부발전(주)신서천발전본부,1,2022-03-30 20:00,TSP,1.09
한국중부발전(주)신서천발전본부,1,2022-03-30 20:00,SOx,2.75
한국중부발전(주)신서천발전본부,1,2022-03-30 20:00,NOx,7.56
한국중부발전(주)신서천발전본부,1,2022-03-30 20:30,TSP,1.08
한국중부발전(주)신서천발전본부,1,2022-03-30 20:30,SOx,2.75
한국중부발전(주)신서천발전본부,1,2022-03-30 20:30,NOx,7.11
한국중부발전(주)신서천발전본부,1,2022-03-30 21:00,TSP,1.07
한국중부발전(주)신서천발전본부,1,2022-03-30 21:00,SOx,2.72
한국중부발전(주)신서천발전본부,1,2022-03-30 21:00,NOx,6.95
한국중부발전(주)신서천발전본부,1,2022-03-30 21:30,TSP,1.06
한국중부발전(주)신서천발전본부,1,2022-03-30 21:30,SOx,2.52
한국중부발전(주)신서천발전본부,1,2022-03-30 21:30,NOx,7.76
한국중부발전(주)신서천발전본부,1,2022-03-30 22:00,TSP,1.06
한국중부발전(주)신서천발전본부,1,2022-03-30 22:00,SOx,2.3
한국중부발전(주)신서천발전본부,1,2022-03-30 22:00,NOx,7.62
한국중부발전(주)신서천발전본부,1,2022-03-30 22:30,TSP,1.06
한국중부발전(주)신서천발전본부,1,2022-03-30 22:30,SOx,2.36
한국중부발전(주)신서천발전본부,1,2022-03-30 22:30,NOx,7.5
한국중부발전(주)신서천발전본부,1,2022-03-30 23:00,TSP,1.06
한국중부발전(주)신서천발전본부,1,2022-03-30 23:00,SOx,2.22
한국중부발전(주)신서천발전본부,1,2022-03-30 23:00,NOx,7.58
한국중부발전(주)신서천발전본부,1,2022-03-30 23:30,TSP,1.04
한국중부발전(주)신서천발전본부,1,2022-03-30 23:30,SOx,2.03
한국중부발전(주)신서천발전본부,1,2022-03-30 23:30,NOx,7.8
한국중부발전(주)신서천발전본부,1,2022-03-31 00:00,TSP,1.04
한국중부발전(주)신서천발전본부,1,2022-03-31 00:00,SOx,1.67
한국중부발전(주)신서천발전본부,1,2022-03-31 00:00,NOx,7.76
한국중부발전(주)신서천발전본부,1,2022-03-31 00:30,TSP,1.02
한국중부발전(주)신서천발전본부,1,2022-03-31 00:30,SOx,1.58
한국중부발전(주)신서천발전본부,1,2022-03-31 00:30,NOx,9.18
한국중부발전(주)신서천발전본부,1,2022-03-31 01:00,TSP,1.04
한국중부발전(주)신서천발전본부,1,2022-03-31 01:00,SOx,1.54
한국중부발전(주)신서천발전본부,1,2022-03-31 01:00,NOx,7.39
한국중부발전(주)신서천발전본부,1,2022-03-31 01:30,TSP,1.05
한국중부발전(주)신서천발전본부,1,2022-03-31 01:30,SOx,1.4
한국중부발전(주)신서천발전본부,1,2022-03-31 01:30,NOx,7.21
한국중부발전(주)신서천발전본부,1,2022-03-31 02:00,TSP,1.04
한국중부발전(주)신서천발전본부,1,2022-03-31 02:00,SOx,1.48
한국중부발전(주)신서천발전본부,1,2022-03-31 02:00,NOx,7.2
한국중부발전(주)신서천발전본부,1,2022-03-31 02:30,TSP,1.04
한국중부발전(주)신서천발전본부,1,2022-03-31 02:30,SOx,1.49
한국중부발전(주)신서천발전본부,1,2022-03-31 02:30,NOx,7.4
한국중부발전(주)신서천발전본부,1,2022-03-31 03:00,TSP,1.03
한국중부발전(주)신서천발전본부,1,2022-03-31 03:00,SOx,1.57
한국중부발전(주)신서천발전본부,1,2022-03-31 03:00,NOx,7.55
한국중부발전(주)신서천발전본부,1,2022-03-31 03:30,TSP,1.03
한국중부발전(주)신서천발전본부,1,2022-03-31 03:30,SOx,1.65
한국중부발전(주)신서천발전본부,1,2022-03-31 03:30,NOx,7.52
한국중부발전(주)신서천발전본부,1,2022-03-31 04:00,TSP,1.03
한국중부발전(주)신서천발전본부,1,2022-03-31 04:00,SOx,1.55
한국중부발전(주)신서천발전본부,1,2022-03-31 04:00,NOx,7.5
한국중부발전(주)신서천발전본부,1,2022-03-31 04:30,TSP,1.03
한국중부발전(주)신서천발전본부,1,2022-03-31 04:30,SOx,1.43
한국중부발전(주)신서천발전본부,1,2022-03-31 04:30,NOx,7.42
한국중부발전(주)신서천발전본부,1,2022-03-31 05:00,TSP,1.02
한국중부발전(주)신서천발전본부,1,2022-03-31 05:00,SOx,1.62
한국중부발전(주)신서천발전본부,1,2022-03-31 05:00,NOx,7.4
한국중부발전(주)신서천발전본부,1,2022-03-31 05:30,TSP,1.02
한국중부발전(주)신서천발전본부,1,2022-03-31 05:30,SOx,1.68
한국중부발전(주)신서천발전본부,1,2022-03-31 05:30,NOx,7.6
한국중부발전(주)신서천발전본부,1,2022-03-31 06:00,TSP,1.02
한국중부발전(주)신서천발전본부,1,2022-03-31 06:00,SOx,1.62
한국중부발전(주)신서천발전본부,1,2022-03-31 06:00,NOx,6.99
한국중부발전(주)신서천발전본부,1,2022-03-31 06:30,TSP,1.02
한국중부발전(주)신서천발전본부,1,2022-03-31 06:30,SOx,1.57
한국중부발전(주)신서천발전본부,1,2022-03-31 06:30,NOx,7.68
한국중부발전(주)신서천발전본부,1,2022-03-31 07:00,TSP,1.02
한국중부발전(주)신서천발전본부,1,2022-03-31 07:00,SOx,1.73
한국중부발전(주)신서천발전본부,1,2022-03-31 07:00,NOx,7.04
한국중부발전(주)신서천발전본부,1,2022-03-31 07:30,TSP,1.01
한국중부발전(주)신서천발전본부,1,2022-03-31 07:30,SOx,1.61
한국중부발전(주)신서천발전본부,1,2022-03-31 07:30,NOx,7.29
한국중부발전(주)신서천발전본부,1,2022-03-31 08:00,TSP,1.02
한국중부발전(주)신서천발전본부,1,2022-03-31 08:00,SOx,1.61
한국중부발전(주)신서천발전본부,1,2022-03-31 08:00,NOx,7.29
한국중부발전(주)신서천발전본부,1,2022-03-31 08:30,TSP,1.04
한국중부발전(주)신서천발전본부,1,2022-03-31 08:30,SOx,1.67
한국중부발전(주)신서천발전본부,1,2022-03-31 08:30,NOx,7.31
한국중부발전(주)신서천발전본부,1,2022-03-31 09:00,TSP,1.06
한국중부발전(주)신서천발전본부,1,2022-03-31 09:00,SOx,1.6
한국중부발전(주)신서천발전본부,1,2022-03-31 09:00,NOx,7.18
한국중부발전(주)신서천발전본부,1,2022-03-31 09:30,TSP,1.04
한국중부발전(주)신서천발전본부,1,2022-03-31 09:30,SOx,1.6
한국중부발전(주)신서천발전본부,1,2022-03-31 09:30,NOx,7.98
한국중부발전(주)신서천발전본부,1,2022-03-31 10:00,TSP,1.03
한국중부발전(주)신서천발전본부,1,2022-03-31 10:00,SOx,1.69
한국중부발전(주)신서천발전본부,1,2022-03-31 10:00,NOx,7.89
한국중부발전(주)신서천발전본부,1,2022-03-31 10:30,TSP,1.03
한국중부발전(주)신서천발전본부,1,2022-03-31 10:30,SOx,1.64
한국중부발전(주)신서천발전본부,1,2022-03-31 10:30,NOx,8.15
한국중부발전(주)신서천발전본부,1,2022-03-31 11:00,TSP,1.03
한국중부발전(주)신서천발전본부,1,2022-03-31 11:00,SOx,1.59
한국중부발전(주)신서천발전본부,1,2022-03-31 11:00,NOx,7.37
한국중부발전(주)신서천발전본부,1,2022-03-31 11:30,TSP,0.99
한국중부발전(주)신서천발전본부,1,2022-03-31 11:30,SOx,1.55
한국중부발전(주)신서천발전본부,1,2022-03-31 11:30,NOx,7.76
한국중부발전(주)신서천발전본부,1,2022-03-31 12:00,TSP,0.99
한국중부발전(주)신서천발전본부,1,2022-03-31 12:00,SOx,1.59
한국중부발전(주)신서천발전본부,1,2022-03-31 12:00,NOx,8.19
한국중부발전(주)신서천발전본부,1,2022-03-31 12:30,TSP,1.0
한국중부발전(주)신서천발전본부,1,2022-03-31 12:30,SOx,1.57
한국중부발전(주)신서천발전본부,1,2022-03-31 12:30,NOx,7.35
한국중부발전(주)신서천발전본부,1,2022-03-31 13:00,TSP,0.99
한국중부발전(주)신서천발전본부,1,2022-03-31 13:00,SOx,1.61
한국중부발전(주)신서천발전본부,1,2022-03-31 13:00,NOx,7.3
한국중부발전(주)신서천발전본부,1,2022-03-31 13:30,TSP,1.01
한국중부발전(주)신서천발전본부,1,2022-03-31 13:30,SOx,1.93
한국중부발전(주)신서천발전본부,1,2022-03-31 13:30,NOx,8.13
한국중부발전(주)신서천발전본부,1,2022-03-31 14:00,TSP,1.02
한국중부발전(주)신서천발전본부,1,2022-03-31 14:00,SOx,1.69
한국중부발전(주)신서천발전본부,1,2022-03-31 14:00,NOx,6.08
한국중부발전(주)신서천발전본부,1,2022-03-31 14:30,TSP,1.01
한국중부발전(주)신서천발전본부,1,2022-03-31 14:30,SOx,1.7
한국중부발전(주)신서천발전본부,1,2022-03-31 14:30,NOx,6.13
한국중부발전(주)신서천발전본부,1,2022-03-31 15:00,TSP,1.0
한국중부발전(주)신서천발전본부,1,2022-03-31 15:00,SOx,1.72
한국중부발전(주)신서천발전본부,1,2022-03-31 15:00,NOx,6.75
한국중부발전(주)신서천발전본부,1,2022-03-31 15:30,TSP,1.0
한국중부발전(주)신서천발전본부,1,2022-03-31 15:30,SOx,1.68
한국중부발전(주)신서천발전본부,1,2022-03-31 15:30,NOx,6.53
한국중부발전(주)신서천발전본부,1,2022-03-31 16:00,TSP,1.0
한국중부발전(주)신서천발전본부,1,2022-03-31 16:00,SOx,1.64
한국중부발전(주)신서천발전본부,1,2022-03-31 16:00,NOx,6.96
한국중부발전(주)신서천발전본부,1,2022-03-31 16:30,TSP,1.0
한국중부발전(주)신서천발전본부,1,2022-03-31 16:30,SOx,1.78
한국중부발전(주)신서천발전본부,1,2022-03-31 16:30,NOx,7.81
한국중부발전(주)신서천발전본부,1,2022-03-31 17:00,TSP,0.99
한국중부발전(주)신서천발전본부,1,2022-03-31 17:00,SOx,1.75
한국중부발전(주)신서천발전본부,1,2022-03-31 17:00,NOx,7.48
한국중부발전(주)신서천발전본부,1,2022-03-31 17:30,TSP,1.0
한국중부발전(주)신서천발전본부,1,2022-03-31 17:30,SOx,1.67
한국중부발전(주)신서천발전본부,1,2022-03-31 17:30,NOx,6.94
한국중부발전(주)신서천발전본부,1,2022-03-31 18:00,TSP,1.03
한국중부발전(주)신서천발전본부,1,2022-03-31 18:00,SOx,1.32
한국중부발전(주)신서천발전본부,1,2022-03-31 18:00,NOx,6.28
한국중부발전(주)신서천발전본부,1,2022-03-31 18:30,TSP,1.08
한국중부발전(주)신서천발전본부,1,2022-03-31 18:30,SOx,0.88
한국중부발전(주)신서천발전본부,1,2022-03-31 18:30,NOx,8.96
한국중부발전(주)신서천발전본부,1,2022-03-31 19:00,TSP,1.13
한국중부발전(주)신서천발전본부,1,2022-03-31 19:00,SOx,0.97
한국중부발전(주)신서천발전본부,1,2022-03-31 19:00,NOx,8.37
한국중부발전(주)신서천발전본부,1,2022-03-31 19:30,TSP,1.27
한국중부발전(주)신서천발전본부,1,2022-03-31 19:30,SOx,0.68
한국중부발전(주)신서천발전본부,1,2022-03-31 19:30,NOx,7.11
한국중부발전(주)신서천발전본부,1,2022-03-31 20:00,TSP,1.31
한국중부발전(주)신서천발전본부,1,2022-03-31 20:00,SOx,0.48
한국중부발전(주)신서천발전본부,1,2022-03-31 20:00,NOx,8.67
한국중부발전(주)신서천발전본부,1,2022-03-31 20:30,TSP,1.36
한국중부발전(주)신서천발전본부,1,2022-03-31 20:30,SOx,0.24
한국중부발전(주)신서천발전본부,1,2022-03-31 20:30,NOx,6.13
한국중부발전(주)신서천발전본부,1,2022-03-31 21:00,TSP,1.42
한국중부발전(주)신서천발전본부,1,2022-03-31 21:00,SOx,0.16
한국중부발전(주)신서천발전본부,1,2022-03-31 21:00,NOx,10.39
한국중부발전(주)신서천발전본부,1,2022-03-31 21:30,TSP,1.46
한국중부발전(주)신서천발전본부,1,2022-03-31 21:30,SOx,0.12
한국중부발전(주)신서천발전본부,1,2022-03-31 21:30,NOx,7.24
한국중부발전(주)신서천발전본부,1,2022-03-31 22:00,TSP,1.49
한국중부발전(주)신서천발전본부,1,2022-03-31 22:00,SOx,0.11
한국중부발전(주)신서천발전본부,1,2022-03-31 22:00,NOx,5.54
한국중부발전(주)신서천발전본부,1,2022-03-31 22:30,TSP,1.47
한국중부발전(주)신서천발전본부,1,2022-03-31 22:30,SOx,0.11
한국중부발전(주)신서천발전본부,1,2022-03-31 22:30,NOx,6.69
한국중부발전(주)신서천발전본부,1,2022-03-31 23:00,TSP,1.47
한국중부발전(주)신서천발전본부,1,2022-03-31 23:00,SOx,0.13
한국중부발전(주)신서천발전본부,1,2022-03-31 23:00,NOx,4.28
한국중부발전(주)신서천발전본부,1,2022-03-31 23:30,TSP,2.62
한국중부발전(주)신서천발전본부,1,2022-03-31 23:30,SOx,0.02
한국중부발전(주)신서천발전본부,1,2022-03-31 23:30,NOx,3.94
