사업장명,배출구,측정일시,"측정
항목",측정값
한국중부발전㈜신보령발전본부,1,2018-01-01 00:00,TSP,3.01
한국중부발전㈜신보령발전본부,1,2018-01-01 00:00,SOx,25.21
한국중부발전㈜신보령발전본부,1,2018-01-01 00:00,NOx,22.57
한국중부발전㈜신보령발전본부,1,2018-01-01 00:30,TSP,2.97
한국중부발전㈜신보령발전본부,1,2018-01-01 00:30,SOx,26.19
한국중부발전㈜신보령발전본부,1,2018-01-01 00:30,NOx,21.23
한국중부발전㈜신보령발전본부,1,2018-01-01 01:00,TSP,2.99
한국중부발전㈜신보령발전본부,1,2018-01-01 01:00,SOx,25.81
한국중부발전㈜신보령발전본부,1,2018-01-01 01:00,NOx,22.47
한국중부발전㈜신보령발전본부,1,2018-01-01 01:30,TSP,3.01
한국중부발전㈜신보령발전본부,1,2018-01-01 01:30,SOx,25.16
한국중부발전㈜신보령발전본부,1,2018-01-01 01:30,NOx,22.26
한국중부발전㈜신보령발전본부,1,2018-01-01 02:00,TSP,3.0
한국중부발전㈜신보령발전본부,1,2018-01-01 02:00,SOx,24.61
한국중부발전㈜신보령발전본부,1,2018-01-01 02:00,NOx,22.86
한국중부발전㈜신보령발전본부,1,2018-01-01 02:30,TSP,2.97
한국중부발전㈜신보령발전본부,1,2018-01-01 02:30,SOx,25.47
한국중부발전㈜신보령발전본부,1,2018-01-01 02:30,NOx,20.89
한국중부발전㈜신보령발전본부,1,2018-01-01 03:00,TSP,3.01
한국중부발전㈜신보령발전본부,1,2018-01-01 03:00,SOx,25.25
한국중부발전㈜신보령발전본부,1,2018-01-01 03:00,NOx,21.69
한국중부발전㈜신보령발전본부,1,2018-01-01 03:30,TSP,2.96
한국중부발전㈜신보령발전본부,1,2018-01-01 03:30,SOx,25.14
한국중부발전㈜신보령발전본부,1,2018-01-01 03:30,NOx,22.39
한국중부발전㈜신보령발전본부,1,2018-01-01 04:00,TSP,3.02
한국중부발전㈜신보령발전본부,1,2018-01-01 04:00,SOx,24.79
한국중부발전㈜신보령발전본부,1,2018-01-01 04:00,NOx,21.84
한국중부발전㈜신보령발전본부,1,2018-01-01 04:30,TSP,3.01
한국중부발전㈜신보령발전본부,1,2018-01-01 04:30,SOx,24.84
한국중부발전㈜신보령발전본부,1,2018-01-01 04:30,NOx,21.43
한국중부발전㈜신보령발전본부,1,2018-01-01 05:00,TSP,2.97
한국중부발전㈜신보령발전본부,1,2018-01-01 05:00,SOx,25.25
한국중부발전㈜신보령발전본부,1,2018-01-01 05:00,NOx,21.49
한국중부발전㈜신보령발전본부,1,2018-01-01 05:30,TSP,2.92
한국중부발전㈜신보령발전본부,1,2018-01-01 05:30,SOx,26.19
한국중부발전㈜신보령발전본부,1,2018-01-01 05:30,NOx,21.2
한국중부발전㈜신보령발전본부,1,2018-01-01 06:00,TSP,2.95
한국중부발전㈜신보령발전본부,1,2018-01-01 06:00,SOx,26.79
한국중부발전㈜신보령발전본부,1,2018-01-01 06:00,NOx,20.97
한국중부발전㈜신보령발전본부,1,2018-01-01 06:30,TSP,2.98
한국중부발전㈜신보령발전본부,1,2018-01-01 06:30,SOx,27.3
한국중부발전㈜신보령발전본부,1,2018-01-01 06:30,NOx,21.45
한국중부발전㈜신보령발전본부,1,2018-01-01 07:00,TSP,3.05
한국중부발전㈜신보령발전본부,1,2018-01-01 07:00,SOx,27.48
한국중부발전㈜신보령발전본부,1,2018-01-01 07:00,NOx,21.1
한국중부발전㈜신보령발전본부,1,2018-01-01 07:30,TSP,3.08
한국중부발전㈜신보령발전본부,1,2018-01-01 07:30,SOx,27.46
한국중부발전㈜신보령발전본부,1,2018-01-01 07:30,NOx,21.78
한국중부발전㈜신보령발전본부,1,2018-01-01 08:00,TSP,3.12
한국중부발전㈜신보령발전본부,1,2018-01-01 08:00,SOx,26.14
한국중부발전㈜신보령발전본부,1,2018-01-01 08:00,NOx,20.23
한국중부발전㈜신보령발전본부,1,2018-01-01 08:30,TSP,3.09
한국중부발전㈜신보령발전본부,1,2018-01-01 08:30,SOx,25.73
한국중부발전㈜신보령발전본부,1,2018-01-01 08:30,NOx,20.74
한국중부발전㈜신보령발전본부,1,2018-01-01 09:00,TSP,3.1
한국중부발전㈜신보령발전본부,1,2018-01-01 09:00,SOx,24.59
한국중부발전㈜신보령발전본부,1,2018-01-01 09:00,NOx,18.51
한국중부발전㈜신보령발전본부,1,2018-01-01 09:30,TSP,3.09
한국중부발전㈜신보령발전본부,1,2018-01-01 09:30,SOx,26.71
한국중부발전㈜신보령발전본부,1,2018-01-01 09:30,NOx,20.57
한국중부발전㈜신보령발전본부,1,2018-01-01 10:00,TSP,3.07
한국중부발전㈜신보령발전본부,1,2018-01-01 10:00,SOx,29.07
한국중부발전㈜신보령발전본부,1,2018-01-01 10:00,NOx,22.2
한국중부발전㈜신보령발전본부,1,2018-01-01 10:30,TSP,3.13
한국중부발전㈜신보령발전본부,1,2018-01-01 10:30,SOx,29.51
한국중부발전㈜신보령발전본부,1,2018-01-01 10:30,NOx,19.68
한국중부발전㈜신보령발전본부,1,2018-01-01 11:00,TSP,3.23
한국중부발전㈜신보령발전본부,1,2018-01-01 11:00,SOx,27.87
한국중부발전㈜신보령발전본부,1,2018-01-01 11:00,NOx,19.06
한국중부발전㈜신보령발전본부,1,2018-01-01 11:30,TSP,3.18
한국중부발전㈜신보령발전본부,1,2018-01-01 11:30,SOx,26.63
한국중부발전㈜신보령발전본부,1,2018-01-01 11:30,NOx,17.04
한국중부발전㈜신보령발전본부,1,2018-01-01 12:00,TSP,3.07
한국중부발전㈜신보령발전본부,1,2018-01-01 12:00,SOx,26.47
한국중부발전㈜신보령발전본부,1,2018-01-01 12:00,NOx,17.54
한국중부발전㈜신보령발전본부,1,2018-01-01 12:30,TSP,3.02
한국중부발전㈜신보령발전본부,1,2018-01-01 12:30,SOx,26.6
한국중부발전㈜신보령발전본부,1,2018-01-01 12:30,NOx,22.33
한국중부발전㈜신보령발전본부,1,2018-01-01 13:00,TSP,3.01
한국중부발전㈜신보령발전본부,1,2018-01-01 13:00,SOx,26.81
한국중부발전㈜신보령발전본부,1,2018-01-01 13:00,NOx,20.36
한국중부발전㈜신보령발전본부,1,2018-01-01 13:30,TSP,3.05
한국중부발전㈜신보령발전본부,1,2018-01-01 13:30,SOx,27.13
한국중부발전㈜신보령발전본부,1,2018-01-01 13:30,NOx,21.22
한국중부발전㈜신보령발전본부,1,2018-01-01 14:00,TSP,3.02
한국중부발전㈜신보령발전본부,1,2018-01-01 14:00,SOx,27.52
한국중부발전㈜신보령발전본부,1,2018-01-01 14:00,NOx,20.78
한국중부발전㈜신보령발전본부,1,2018-01-01 14:30,TSP,3.02
한국중부발전㈜신보령발전본부,1,2018-01-01 14:30,SOx,29.03
한국중부발전㈜신보령발전본부,1,2018-01-01 14:30,NOx,21.14
한국중부발전㈜신보령발전본부,1,2018-01-01 15:00,TSP,3.0
한국중부발전㈜신보령발전본부,1,2018-01-01 15:00,SOx,31.34
한국중부발전㈜신보령발전본부,1,2018-01-01 15:00,NOx,21.31
한국중부발전㈜신보령발전본부,1,2018-01-01 15:30,TSP,3.01
한국중부발전㈜신보령발전본부,1,2018-01-01 15:30,SOx,30.66
한국중부발전㈜신보령발전본부,1,2018-01-01 15:30,NOx,20.59
한국중부발전㈜신보령발전본부,1,2018-01-01 16:00,TSP,3.13
한국중부발전㈜신보령발전본부,1,2018-01-01 16:00,SOx,30.98
한국중부발전㈜신보령발전본부,1,2018-01-01 16:00,NOx,21.94
한국중부발전㈜신보령발전본부,1,2018-01-01 16:30,TSP,3.09
한국중부발전㈜신보령발전본부,1,2018-01-01 16:30,SOx,31.24
한국중부발전㈜신보령발전본부,1,2018-01-01 16:30,NOx,21.9
한국중부발전㈜신보령발전본부,1,2018-01-01 17:00,TSP,3.17
한국중부발전㈜신보령발전본부,1,2018-01-01 17:00,SOx,31.34
한국중부발전㈜신보령발전본부,1,2018-01-01 17:00,NOx,20.68
한국중부발전㈜신보령발전본부,1,2018-01-01 17:30,TSP,3.25
한국중부발전㈜신보령발전본부,1,2018-01-01 17:30,SOx,31.28
한국중부발전㈜신보령발전본부,1,2018-01-01 17:30,NOx,21.2
한국중부발전㈜신보령발전본부,1,2018-01-01 18:00,TSP,3.34
한국중부발전㈜신보령발전본부,1,2018-01-01 18:00,SOx,31.34
한국중부발전㈜신보령발전본부,1,2018-01-01 18:00,NOx,20.11
한국중부발전㈜신보령발전본부,1,2018-01-01 18:30,TSP,3.42
한국중부발전㈜신보령발전본부,1,2018-01-01 18:30,SOx,30.88
한국중부발전㈜신보령발전본부,1,2018-01-01 18:30,NOx,20.59
한국중부발전㈜신보령발전본부,1,2018-01-01 19:00,TSP,3.61
한국중부발전㈜신보령발전본부,1,2018-01-01 19:00,SOx,30.81
한국중부발전㈜신보령발전본부,1,2018-01-01 19:00,NOx,18.76
한국중부발전㈜신보령발전본부,1,2018-01-01 19:30,TSP,3.47
한국중부발전㈜신보령발전본부,1,2018-01-01 19:30,SOx,30.83
한국중부발전㈜신보령발전본부,1,2018-01-01 19:30,NOx,21.24
한국중부발전㈜신보령발전본부,1,2018-01-01 20:00,TSP,3.52
한국중부발전㈜신보령발전본부,1,2018-01-01 20:00,SOx,30.67
한국중부발전㈜신보령발전본부,1,2018-01-01 20:00,NOx,19.25
한국중부발전㈜신보령발전본부,1,2018-01-01 20:30,TSP,3.53
한국중부발전㈜신보령발전본부,1,2018-01-01 20:30,SOx,31.05
한국중부발전㈜신보령발전본부,1,2018-01-01 20:30,NOx,23.47
한국중부발전㈜신보령발전본부,1,2018-01-01 21:00,TSP,3.65
한국중부발전㈜신보령발전본부,1,2018-01-01 21:00,SOx,30.08
한국중부발전㈜신보령발전본부,1,2018-01-01 21:00,NOx,24.39
한국중부발전㈜신보령발전본부,1,2018-01-01 21:30,TSP,3.68
한국중부발전㈜신보령발전본부,1,2018-01-01 21:30,SOx,30.51
한국중부발전㈜신보령발전본부,1,2018-01-01 21:30,NOx,26.17
한국중부발전㈜신보령발전본부,1,2018-01-01 22:00,TSP,3.63
한국중부발전㈜신보령발전본부,1,2018-01-01 22:00,SOx,30.73
한국중부발전㈜신보령발전본부,1,2018-01-01 22:00,NOx,25.42
한국중부발전㈜신보령발전본부,1,2018-01-01 22:30,TSP,3.48
한국중부발전㈜신보령발전본부,1,2018-01-01 22:30,SOx,30.34
한국중부발전㈜신보령발전본부,1,2018-01-01 22:30,NOx,21.33
한국중부발전㈜신보령발전본부,1,2018-01-01 23:00,TSP,3.3
한국중부발전㈜신보령발전본부,1,2018-01-01 23:00,SOx,30.51
한국중부발전㈜신보령발전본부,1,2018-01-01 23:00,NOx,19.9
한국중부발전㈜신보령발전본부,1,2018-01-01 23:30,TSP,3.31
한국중부발전㈜신보령발전본부,1,2018-01-01 23:30,SOx,30.51
한국중부발전㈜신보령발전본부,1,2018-01-01 23:30,NOx,19.37
한국중부발전㈜신보령발전본부,1,2018-01-02 00:00,TSP,3.41
한국중부발전㈜신보령발전본부,1,2018-01-02 00:00,SOx,30.18
한국중부발전㈜신보령발전본부,1,2018-01-02 00:00,NOx,19.25
한국중부발전㈜신보령발전본부,1,2018-01-02 00:30,TSP,3.4
한국중부발전㈜신보령발전본부,1,2018-01-02 00:30,SOx,30.12
한국중부발전㈜신보령발전본부,1,2018-01-02 00:30,NOx,19.2
한국중부발전㈜신보령발전본부,1,2018-01-02 01:00,TSP,3.48
한국중부발전㈜신보령발전본부,1,2018-01-02 01:00,SOx,29.74
한국중부발전㈜신보령발전본부,1,2018-01-02 01:00,NOx,20.67
한국중부발전㈜신보령발전본부,1,2018-01-02 01:30,TSP,3.54
한국중부발전㈜신보령발전본부,1,2018-01-02 01:30,SOx,29.27
한국중부발전㈜신보령발전본부,1,2018-01-02 01:30,NOx,20.49
한국중부발전㈜신보령발전본부,1,2018-01-02 02:00,TSP,3.5
한국중부발전㈜신보령발전본부,1,2018-01-02 02:00,SOx,28.78
한국중부발전㈜신보령발전본부,1,2018-01-02 02:00,NOx,20.54
한국중부발전㈜신보령발전본부,1,2018-01-02 02:30,TSP,3.58
한국중부발전㈜신보령발전본부,1,2018-01-02 02:30,SOx,28.17
한국중부발전㈜신보령발전본부,1,2018-01-02 02:30,NOx,21.39
한국중부발전㈜신보령발전본부,1,2018-01-02 03:00,TSP,3.54
한국중부발전㈜신보령발전본부,1,2018-01-02 03:00,SOx,27.37
한국중부발전㈜신보령발전본부,1,2018-01-02 03:00,NOx,22.03
한국중부발전㈜신보령발전본부,1,2018-01-02 03:30,TSP,3.4
한국중부발전㈜신보령발전본부,1,2018-01-02 03:30,SOx,26.54
한국중부발전㈜신보령발전본부,1,2018-01-02 03:30,NOx,21.06
한국중부발전㈜신보령발전본부,1,2018-01-02 04:00,TSP,3.36
한국중부발전㈜신보령발전본부,1,2018-01-02 04:00,SOx,25.66
한국중부발전㈜신보령발전본부,1,2018-01-02 04:00,NOx,21.65
한국중부발전㈜신보령발전본부,1,2018-01-02 04:30,TSP,3.26
한국중부발전㈜신보령발전본부,1,2018-01-02 04:30,SOx,24.75
한국중부발전㈜신보령발전본부,1,2018-01-02 04:30,NOx,21.48
한국중부발전㈜신보령발전본부,1,2018-01-02 05:00,TSP,3.3
한국중부발전㈜신보령발전본부,1,2018-01-02 05:00,SOx,25.81
한국중부발전㈜신보령발전본부,1,2018-01-02 05:00,NOx,21.11
한국중부발전㈜신보령발전본부,1,2018-01-02 05:30,TSP,3.28
한국중부발전㈜신보령발전본부,1,2018-01-02 05:30,SOx,26.59
한국중부발전㈜신보령발전본부,1,2018-01-02 05:30,NOx,21.3
한국중부발전㈜신보령발전본부,1,2018-01-02 06:00,TSP,3.32
한국중부발전㈜신보령발전본부,1,2018-01-02 06:00,SOx,26.39
한국중부발전㈜신보령발전본부,1,2018-01-02 06:00,NOx,19.33
한국중부발전㈜신보령발전본부,1,2018-01-02 06:30,TSP,3.44
한국중부발전㈜신보령발전본부,1,2018-01-02 06:30,SOx,29.76
한국중부발전㈜신보령발전본부,1,2018-01-02 06:30,NOx,21.0
한국중부발전㈜신보령발전본부,1,2018-01-02 07:00,TSP,3.52
한국중부발전㈜신보령발전본부,1,2018-01-02 07:00,SOx,33.53
한국중부발전㈜신보령발전본부,1,2018-01-02 07:00,NOx,20.73
한국중부발전㈜신보령발전본부,1,2018-01-02 07:30,TSP,3.55
한국중부발전㈜신보령발전본부,1,2018-01-02 07:30,SOx,35.15
한국중부발전㈜신보령발전본부,1,2018-01-02 07:30,NOx,21.52
한국중부발전㈜신보령발전본부,1,2018-01-02 08:00,TSP,3.68
한국중부발전㈜신보령발전본부,1,2018-01-02 08:00,SOx,35.87
한국중부발전㈜신보령발전본부,1,2018-01-02 08:00,NOx,21.76
한국중부발전㈜신보령발전본부,1,2018-01-02 08:30,TSP,3.74
한국중부발전㈜신보령발전본부,1,2018-01-02 08:30,SOx,36.09
한국중부발전㈜신보령발전본부,1,2018-01-02 08:30,NOx,21.71
한국중부발전㈜신보령발전본부,1,2018-01-02 09:00,TSP,3.83
한국중부발전㈜신보령발전본부,1,2018-01-02 09:00,SOx,36.07
한국중부발전㈜신보령발전본부,1,2018-01-02 09:00,NOx,22.06
한국중부발전㈜신보령발전본부,1,2018-01-02 09:30,TSP,3.91
한국중부발전㈜신보령발전본부,1,2018-01-02 09:30,SOx,35.62
한국중부발전㈜신보령발전본부,1,2018-01-02 09:30,NOx,21.53
한국중부발전㈜신보령발전본부,1,2018-01-02 10:00,TSP,3.89
한국중부발전㈜신보령발전본부,1,2018-01-02 10:00,SOx,35.35
한국중부발전㈜신보령발전본부,1,2018-01-02 10:00,NOx,22.9
한국중부발전㈜신보령발전본부,1,2018-01-02 10:30,TSP,4.01
한국중부발전㈜신보령발전본부,1,2018-01-02 10:30,SOx,34.29
한국중부발전㈜신보령발전본부,1,2018-01-02 10:30,NOx,22.61
한국중부발전㈜신보령발전본부,1,2018-01-02 11:00,TSP,4.01
한국중부발전㈜신보령발전본부,1,2018-01-02 11:00,SOx,33.64
한국중부발전㈜신보령발전본부,1,2018-01-02 11:00,NOx,21.93
한국중부발전㈜신보령발전본부,1,2018-01-02 11:30,TSP,3.83
한국중부발전㈜신보령발전본부,1,2018-01-02 11:30,SOx,33.7
한국중부발전㈜신보령발전본부,1,2018-01-02 11:30,NOx,22.37
한국중부발전㈜신보령발전본부,1,2018-01-02 12:00,TSP,3.86
한국중부발전㈜신보령발전본부,1,2018-01-02 12:00,SOx,34.31
한국중부발전㈜신보령발전본부,1,2018-01-02 12:00,NOx,22.68
한국중부발전㈜신보령발전본부,1,2018-01-02 12:30,TSP,3.82
한국중부발전㈜신보령발전본부,1,2018-01-02 12:30,SOx,35.19
한국중부발전㈜신보령발전본부,1,2018-01-02 12:30,NOx,24.14
한국중부발전㈜신보령발전본부,1,2018-01-02 13:00,TSP,3.82
한국중부발전㈜신보령발전본부,1,2018-01-02 13:00,SOx,36.14
한국중부발전㈜신보령발전본부,1,2018-01-02 13:00,NOx,23.37
한국중부발전㈜신보령발전본부,1,2018-01-02 13:30,TSP,3.72
한국중부발전㈜신보령발전본부,1,2018-01-02 13:30,SOx,36.14
한국중부발전㈜신보령발전본부,1,2018-01-02 13:30,NOx,23.19
한국중부발전㈜신보령발전본부,1,2018-01-02 14:00,TSP,3.65
한국중부발전㈜신보령발전본부,1,2018-01-02 14:00,SOx,36.14
한국중부발전㈜신보령발전본부,1,2018-01-02 14:00,NOx,24.77
한국중부발전㈜신보령발전본부,1,2018-01-02 14:30,TSP,3.53
한국중부발전㈜신보령발전본부,1,2018-01-02 14:30,SOx,36.14
한국중부발전㈜신보령발전본부,1,2018-01-02 14:30,NOx,26.74
한국중부발전㈜신보령발전본부,1,2018-01-02 15:00,TSP,3.49
한국중부발전㈜신보령발전본부,1,2018-01-02 15:00,SOx,36.14
한국중부발전㈜신보령발전본부,1,2018-01-02 15:00,NOx,26.17
한국중부발전㈜신보령발전본부,1,2018-01-02 15:30,TSP,3.39
한국중부발전㈜신보령발전본부,1,2018-01-02 15:30,SOx,36.14
한국중부발전㈜신보령발전본부,1,2018-01-02 15:30,NOx,25.82
한국중부발전㈜신보령발전본부,1,2018-01-02 16:00,TSP,3.54
한국중부발전㈜신보령발전본부,1,2018-01-02 16:00,SOx,36.14
한국중부발전㈜신보령발전본부,1,2018-01-02 16:00,NOx,24.69
한국중부발전㈜신보령발전본부,1,2018-01-02 16:30,TSP,3.48
한국중부발전㈜신보령발전본부,1,2018-01-02 16:30,SOx,36.14
한국중부발전㈜신보령발전본부,1,2018-01-02 16:30,NOx,25.55
한국중부발전㈜신보령발전본부,1,2018-01-02 17:00,TSP,3.48
한국중부발전㈜신보령발전본부,1,2018-01-02 17:00,SOx,36.14
한국중부발전㈜신보령발전본부,1,2018-01-02 17:00,NOx,24.29
한국중부발전㈜신보령발전본부,1,2018-01-02 17:30,TSP,3.51
한국중부발전㈜신보령발전본부,1,2018-01-02 17:30,SOx,36.14
한국중부발전㈜신보령발전본부,1,2018-01-02 17:30,NOx,24.28
한국중부발전㈜신보령발전본부,1,2018-01-02 18:00,TSP,3.57
한국중부발전㈜신보령발전본부,1,2018-01-02 18:00,SOx,31.76
한국중부발전㈜신보령발전본부,1,2018-01-02 18:00,NOx,24.69
한국중부발전㈜신보령발전본부,1,2018-01-02 18:30,TSP,3.58
한국중부발전㈜신보령발전본부,1,2018-01-02 18:30,SOx,30.97
한국중부발전㈜신보령발전본부,1,2018-01-02 18:30,NOx,25.87
한국중부발전㈜신보령발전본부,1,2018-01-02 19:00,TSP,3.8
한국중부발전㈜신보령발전본부,1,2018-01-02 19:00,SOx,30.64
한국중부발전㈜신보령발전본부,1,2018-01-02 19:00,NOx,25.55
한국중부발전㈜신보령발전본부,1,2018-01-02 19:30,TSP,3.31
한국중부발전㈜신보령발전본부,1,2018-01-02 19:30,SOx,31.0
한국중부발전㈜신보령발전본부,1,2018-01-02 19:30,NOx,23.9
한국중부발전㈜신보령발전본부,1,2018-01-02 20:00,TSP,3.37
한국중부발전㈜신보령발전본부,1,2018-01-02 20:00,SOx,31.4
한국중부발전㈜신보령발전본부,1,2018-01-02 20:00,NOx,24.12
한국중부발전㈜신보령발전본부,1,2018-01-02 20:30,TSP,3.39
한국중부발전㈜신보령발전본부,1,2018-01-02 20:30,SOx,32.18
한국중부발전㈜신보령발전본부,1,2018-01-02 20:30,NOx,24.41
한국중부발전㈜신보령발전본부,1,2018-01-02 21:00,TSP,3.37
한국중부발전㈜신보령발전본부,1,2018-01-02 21:00,SOx,31.74
한국중부발전㈜신보령발전본부,1,2018-01-02 21:00,NOx,23.94
한국중부발전㈜신보령발전본부,1,2018-01-02 21:30,TSP,3.36
한국중부발전㈜신보령발전본부,1,2018-01-02 21:30,SOx,31.06
한국중부발전㈜신보령발전본부,1,2018-01-02 21:30,NOx,24.35
한국중부발전㈜신보령발전본부,1,2018-01-02 22:00,TSP,3.33
한국중부발전㈜신보령발전본부,1,2018-01-02 22:00,SOx,30.75
한국중부발전㈜신보령발전본부,1,2018-01-02 22:00,NOx,23.99
한국중부발전㈜신보령발전본부,1,2018-01-02 22:30,TSP,3.09
한국중부발전㈜신보령발전본부,1,2018-01-02 22:30,SOx,30.49
한국중부발전㈜신보령발전본부,1,2018-01-02 22:30,NOx,24.79
한국중부발전㈜신보령발전본부,1,2018-01-02 23:00,TSP,3.08
한국중부발전㈜신보령발전본부,1,2018-01-02 23:00,SOx,30.55
한국중부발전㈜신보령발전본부,1,2018-01-02 23:00,NOx,27.92
한국중부발전㈜신보령발전본부,1,2018-01-02 23:30,TSP,3.13
한국중부발전㈜신보령발전본부,1,2018-01-02 23:30,SOx,30.06
한국중부발전㈜신보령발전본부,1,2018-01-02 23:30,NOx,23.98
한국중부발전㈜신보령발전본부,1,2018-01-03 00:00,TSP,3.07
한국중부발전㈜신보령발전본부,1,2018-01-03 00:00,SOx,28.05
한국중부발전㈜신보령발전본부,1,2018-01-03 00:00,NOx,21.43
한국중부발전㈜신보령발전본부,1,2018-01-03 00:30,TSP,3.03
한국중부발전㈜신보령발전본부,1,2018-01-03 00:30,SOx,27.99
한국중부발전㈜신보령발전본부,1,2018-01-03 00:30,NOx,22.92
한국중부발전㈜신보령발전본부,1,2018-01-03 01:00,TSP,3.0
한국중부발전㈜신보령발전본부,1,2018-01-03 01:00,SOx,28.32
한국중부발전㈜신보령발전본부,1,2018-01-03 01:00,NOx,23.52
한국중부발전㈜신보령발전본부,1,2018-01-03 01:30,TSP,3.03
한국중부발전㈜신보령발전본부,1,2018-01-03 01:30,SOx,28.31
한국중부발전㈜신보령발전본부,1,2018-01-03 01:30,NOx,23.58
한국중부발전㈜신보령발전본부,1,2018-01-03 02:00,TSP,3.05
한국중부발전㈜신보령발전본부,1,2018-01-03 02:00,SOx,28.54
한국중부발전㈜신보령발전본부,1,2018-01-03 02:00,NOx,22.56
한국중부발전㈜신보령발전본부,1,2018-01-03 02:30,TSP,3.03
한국중부발전㈜신보령발전본부,1,2018-01-03 02:30,SOx,28.71
한국중부발전㈜신보령발전본부,1,2018-01-03 02:30,NOx,23.95
한국중부발전㈜신보령발전본부,1,2018-01-03 03:00,TSP,3.06
한국중부발전㈜신보령발전본부,1,2018-01-03 03:00,SOx,28.51
한국중부발전㈜신보령발전본부,1,2018-01-03 03:00,NOx,23.61
한국중부발전㈜신보령발전본부,1,2018-01-03 03:30,TSP,2.91
한국중부발전㈜신보령발전본부,1,2018-01-03 03:30,SOx,28.01
한국중부발전㈜신보령발전본부,1,2018-01-03 03:30,NOx,24.94
한국중부발전㈜신보령발전본부,1,2018-01-03 04:00,TSP,2.97
한국중부발전㈜신보령발전본부,1,2018-01-03 04:00,SOx,27.89
한국중부발전㈜신보령발전본부,1,2018-01-03 04:00,NOx,24.66
한국중부발전㈜신보령발전본부,1,2018-01-03 04:30,TSP,2.95
한국중부발전㈜신보령발전본부,1,2018-01-03 04:30,SOx,27.5
한국중부발전㈜신보령발전본부,1,2018-01-03 04:30,NOx,23.8
한국중부발전㈜신보령발전본부,1,2018-01-03 05:00,TSP,2.95
한국중부발전㈜신보령발전본부,1,2018-01-03 05:00,SOx,27.48
한국중부발전㈜신보령발전본부,1,2018-01-03 05:00,NOx,24.09
한국중부발전㈜신보령발전본부,1,2018-01-03 05:30,TSP,2.95
한국중부발전㈜신보령발전본부,1,2018-01-03 05:30,SOx,27.19
한국중부발전㈜신보령발전본부,1,2018-01-03 05:30,NOx,25.29
한국중부발전㈜신보령발전본부,1,2018-01-03 06:00,TSP,2.9
한국중부발전㈜신보령발전본부,1,2018-01-03 06:00,SOx,26.84
한국중부발전㈜신보령발전본부,1,2018-01-03 06:00,NOx,24.88
한국중부발전㈜신보령발전본부,1,2018-01-03 06:30,TSP,2.88
한국중부발전㈜신보령발전본부,1,2018-01-03 06:30,SOx,26.48
한국중부발전㈜신보령발전본부,1,2018-01-03 06:30,NOx,24.77
한국중부발전㈜신보령발전본부,1,2018-01-03 07:00,TSP,2.87
한국중부발전㈜신보령발전본부,1,2018-01-03 07:00,SOx,26.1
한국중부발전㈜신보령발전본부,1,2018-01-03 07:00,NOx,25.17
한국중부발전㈜신보령발전본부,1,2018-01-03 07:30,TSP,2.93
한국중부발전㈜신보령발전본부,1,2018-01-03 07:30,SOx,26.97
한국중부발전㈜신보령발전본부,1,2018-01-03 07:30,NOx,25.91
한국중부발전㈜신보령발전본부,1,2018-01-03 08:00,TSP,3.02
한국중부발전㈜신보령발전본부,1,2018-01-03 08:00,SOx,28.07
한국중부발전㈜신보령발전본부,1,2018-01-03 08:00,NOx,28.2
한국중부발전㈜신보령발전본부,1,2018-01-03 08:30,TSP,3.04
한국중부발전㈜신보령발전본부,1,2018-01-03 08:30,SOx,27.8
한국중부발전㈜신보령발전본부,1,2018-01-03 08:30,NOx,22.46
한국중부발전㈜신보령발전본부,1,2018-01-03 09:00,TSP,3.11
한국중부발전㈜신보령발전본부,1,2018-01-03 09:00,SOx,28.37
한국중부발전㈜신보령발전본부,1,2018-01-03 09:00,NOx,21.11
한국중부발전㈜신보령발전본부,1,2018-01-03 09:30,TSP,3.11
한국중부발전㈜신보령발전본부,1,2018-01-03 09:30,SOx,28.89
한국중부발전㈜신보령발전본부,1,2018-01-03 09:30,NOx,21.55
한국중부발전㈜신보령발전본부,1,2018-01-03 10:00,TSP,3.12
한국중부발전㈜신보령발전본부,1,2018-01-03 10:00,SOx,29.64
한국중부발전㈜신보령발전본부,1,2018-01-03 10:00,NOx,22.35
한국중부발전㈜신보령발전본부,1,2018-01-03 10:30,TSP,3.09
한국중부발전㈜신보령발전본부,1,2018-01-03 10:30,SOx,29.92
한국중부발전㈜신보령발전본부,1,2018-01-03 10:30,NOx,20.46
한국중부발전㈜신보령발전본부,1,2018-01-03 11:00,TSP,3.08
한국중부발전㈜신보령발전본부,1,2018-01-03 11:00,SOx,30.03
한국중부발전㈜신보령발전본부,1,2018-01-03 11:00,NOx,20.77
한국중부발전㈜신보령발전본부,1,2018-01-03 11:30,TSP,2.98
한국중부발전㈜신보령발전본부,1,2018-01-03 11:30,SOx,30.54
한국중부발전㈜신보령발전본부,1,2018-01-03 11:30,NOx,21.58
한국중부발전㈜신보령발전본부,1,2018-01-03 12:00,TSP,2.99
한국중부발전㈜신보령발전본부,1,2018-01-03 12:00,SOx,30.9
한국중부발전㈜신보령발전본부,1,2018-01-03 12:00,NOx,20.84
한국중부발전㈜신보령발전본부,1,2018-01-03 12:30,TSP,3.0
한국중부발전㈜신보령발전본부,1,2018-01-03 12:30,SOx,31.39
한국중부발전㈜신보령발전본부,1,2018-01-03 12:30,NOx,20.08
한국중부발전㈜신보령발전본부,1,2018-01-03 13:00,TSP,3.03
한국중부발전㈜신보령발전본부,1,2018-01-03 13:00,SOx,31.8
한국중부발전㈜신보령발전본부,1,2018-01-03 13:00,NOx,20.83
한국중부발전㈜신보령발전본부,1,2018-01-03 13:30,TSP,3.04
한국중부발전㈜신보령발전본부,1,2018-01-03 13:30,SOx,33.43
한국중부발전㈜신보령발전본부,1,2018-01-03 13:30,NOx,24.87
한국중부발전㈜신보령발전본부,1,2018-01-03 14:00,TSP,3.1
한국중부발전㈜신보령발전본부,1,2018-01-03 14:00,SOx,32.16
한국중부발전㈜신보령발전본부,1,2018-01-03 14:00,NOx,42.88
한국중부발전㈜신보령발전본부,1,2018-01-03 14:30,TSP,3.08
한국중부발전㈜신보령발전본부,1,2018-01-03 14:30,SOx,31.6
한국중부발전㈜신보령발전본부,1,2018-01-03 14:30,NOx,25.64
한국중부발전㈜신보령발전본부,1,2018-01-03 15:00,TSP,3.09
한국중부발전㈜신보령발전본부,1,2018-01-03 15:00,SOx,31.96
한국중부발전㈜신보령발전본부,1,2018-01-03 15:00,NOx,22.17
한국중부발전㈜신보령발전본부,1,2018-01-03 15:30,TSP,3.02
한국중부발전㈜신보령발전본부,1,2018-01-03 15:30,SOx,32.69
한국중부발전㈜신보령발전본부,1,2018-01-03 15:30,NOx,22.8
한국중부발전㈜신보령발전본부,1,2018-01-03 16:00,TSP,3.05
한국중부발전㈜신보령발전본부,1,2018-01-03 16:00,SOx,33.15
한국중부발전㈜신보령발전본부,1,2018-01-03 16:00,NOx,21.68
한국중부발전㈜신보령발전본부,1,2018-01-03 16:30,TSP,3.06
한국중부발전㈜신보령발전본부,1,2018-01-03 16:30,SOx,32.52
한국중부발전㈜신보령발전본부,1,2018-01-03 16:30,NOx,21.79
한국중부발전㈜신보령발전본부,1,2018-01-03 17:00,TSP,3.15
한국중부발전㈜신보령발전본부,1,2018-01-03 17:00,SOx,31.93
한국중부발전㈜신보령발전본부,1,2018-01-03 17:00,NOx,20.53
한국중부발전㈜신보령발전본부,1,2018-01-03 17:30,TSP,3.19
한국중부발전㈜신보령발전본부,1,2018-01-03 17:30,SOx,30.85
한국중부발전㈜신보령발전본부,1,2018-01-03 17:30,NOx,22.29
한국중부발전㈜신보령발전본부,1,2018-01-03 18:00,TSP,3.19
한국중부발전㈜신보령발전본부,1,2018-01-03 18:00,SOx,30.02
한국중부발전㈜신보령발전본부,1,2018-01-03 18:00,NOx,21.33
한국중부발전㈜신보령발전본부,1,2018-01-03 18:30,TSP,3.21
한국중부발전㈜신보령발전본부,1,2018-01-03 18:30,SOx,28.52
한국중부발전㈜신보령발전본부,1,2018-01-03 18:30,NOx,20.61
한국중부발전㈜신보령발전본부,1,2018-01-03 19:00,TSP,3.42
한국중부발전㈜신보령발전본부,1,2018-01-03 19:00,SOx,27.75
한국중부발전㈜신보령발전본부,1,2018-01-03 19:00,NOx,20.84
한국중부발전㈜신보령발전본부,1,2018-01-03 19:30,TSP,3.19
한국중부발전㈜신보령발전본부,1,2018-01-03 19:30,SOx,27.16
한국중부발전㈜신보령발전본부,1,2018-01-03 19:30,NOx,21.02
한국중부발전㈜신보령발전본부,1,2018-01-03 20:00,TSP,3.27
한국중부발전㈜신보령발전본부,1,2018-01-03 20:00,SOx,26.58
한국중부발전㈜신보령발전본부,1,2018-01-03 20:00,NOx,23.54
한국중부발전㈜신보령발전본부,1,2018-01-03 20:30,TSP,3.28
한국중부발전㈜신보령발전본부,1,2018-01-03 20:30,SOx,25.86
한국중부발전㈜신보령발전본부,1,2018-01-03 20:30,NOx,25.42
한국중부발전㈜신보령발전본부,1,2018-01-03 21:00,TSP,3.26
한국중부발전㈜신보령발전본부,1,2018-01-03 21:00,SOx,26.29
한국중부발전㈜신보령발전본부,1,2018-01-03 21:00,NOx,25.32
한국중부발전㈜신보령발전본부,1,2018-01-03 21:30,TSP,3.28
한국중부발전㈜신보령발전본부,1,2018-01-03 21:30,SOx,26.92
한국중부발전㈜신보령발전본부,1,2018-01-03 21:30,NOx,21.57
한국중부발전㈜신보령발전본부,1,2018-01-03 22:00,TSP,3.27
한국중부발전㈜신보령발전본부,1,2018-01-03 22:00,SOx,27.83
한국중부발전㈜신보령발전본부,1,2018-01-03 22:00,NOx,21.6
한국중부발전㈜신보령발전본부,1,2018-01-03 22:30,TSP,3.08
한국중부발전㈜신보령발전본부,1,2018-01-03 22:30,SOx,29.05
한국중부발전㈜신보령발전본부,1,2018-01-03 22:30,NOx,22.4
한국중부발전㈜신보령발전본부,1,2018-01-03 23:00,TSP,3.13
한국중부발전㈜신보령발전본부,1,2018-01-03 23:00,SOx,29.84
한국중부발전㈜신보령발전본부,1,2018-01-03 23:00,NOx,24.25
한국중부발전㈜신보령발전본부,1,2018-01-03 23:30,TSP,3.13
한국중부발전㈜신보령발전본부,1,2018-01-03 23:30,SOx,31.14
한국중부발전㈜신보령발전본부,1,2018-01-03 23:30,NOx,23.85
한국중부발전㈜신보령발전본부,1,2018-01-04 00:00,TSP,3.11
한국중부발전㈜신보령발전본부,1,2018-01-04 00:00,SOx,29.25
한국중부발전㈜신보령발전본부,1,2018-01-04 00:00,NOx,24.02
한국중부발전㈜신보령발전본부,1,2018-01-04 00:30,TSP,3.09
한국중부발전㈜신보령발전본부,1,2018-01-04 00:30,SOx,28.52
한국중부발전㈜신보령발전본부,1,2018-01-04 00:30,NOx,29.43
한국중부발전㈜신보령발전본부,1,2018-01-04 01:00,TSP,3.08
한국중부발전㈜신보령발전본부,1,2018-01-04 01:00,SOx,27.84
한국중부발전㈜신보령발전본부,1,2018-01-04 01:00,NOx,29.52
한국중부발전㈜신보령발전본부,1,2018-01-04 01:30,TSP,3.13
한국중부발전㈜신보령발전본부,1,2018-01-04 01:30,SOx,27.47
한국중부발전㈜신보령발전본부,1,2018-01-04 01:30,NOx,28.01
한국중부발전㈜신보령발전본부,1,2018-01-04 02:00,TSP,3.15
한국중부발전㈜신보령발전본부,1,2018-01-04 02:00,SOx,26.63
한국중부발전㈜신보령발전본부,1,2018-01-04 02:00,NOx,31.26
한국중부발전㈜신보령발전본부,1,2018-01-04 02:30,TSP,3.13
한국중부발전㈜신보령발전본부,1,2018-01-04 02:30,SOx,24.89
한국중부발전㈜신보령발전본부,1,2018-01-04 02:30,NOx,26.58
한국중부발전㈜신보령발전본부,1,2018-01-04 03:00,TSP,3.17
한국중부발전㈜신보령발전본부,1,2018-01-04 03:00,SOx,23.19
한국중부발전㈜신보령발전본부,1,2018-01-04 03:00,NOx,28.75
한국중부발전㈜신보령발전본부,1,2018-01-04 03:30,TSP,3.01
한국중부발전㈜신보령발전본부,1,2018-01-04 03:30,SOx,21.78
한국중부발전㈜신보령발전본부,1,2018-01-04 03:30,NOx,24.24
한국중부발전㈜신보령발전본부,1,2018-01-04 04:00,TSP,3.0
한국중부발전㈜신보령발전본부,1,2018-01-04 04:00,SOx,20.87
한국중부발전㈜신보령발전본부,1,2018-01-04 04:00,NOx,26.97
한국중부발전㈜신보령발전본부,1,2018-01-04 04:30,TSP,2.94
한국중부발전㈜신보령발전본부,1,2018-01-04 04:30,SOx,20.38
한국중부발전㈜신보령발전본부,1,2018-01-04 04:30,NOx,25.31
한국중부발전㈜신보령발전본부,1,2018-01-04 05:00,TSP,2.9
한국중부발전㈜신보령발전본부,1,2018-01-04 05:00,SOx,20.53
한국중부발전㈜신보령발전본부,1,2018-01-04 05:00,NOx,24.39
한국중부발전㈜신보령발전본부,1,2018-01-04 05:30,TSP,2.84
한국중부발전㈜신보령발전본부,1,2018-01-04 05:30,SOx,20.68
한국중부발전㈜신보령발전본부,1,2018-01-04 05:30,NOx,25.3
한국중부발전㈜신보령발전본부,1,2018-01-04 06:00,TSP,2.78
한국중부발전㈜신보령발전본부,1,2018-01-04 06:00,SOx,20.85
한국중부발전㈜신보령발전본부,1,2018-01-04 06:00,NOx,25.23
한국중부발전㈜신보령발전본부,1,2018-01-04 06:30,TSP,2.77
한국중부발전㈜신보령발전본부,1,2018-01-04 06:30,SOx,21.71
한국중부발전㈜신보령발전본부,1,2018-01-04 06:30,NOx,25.57
한국중부발전㈜신보령발전본부,1,2018-01-04 07:00,TSP,2.83
한국중부발전㈜신보령발전본부,1,2018-01-04 07:00,SOx,24.31
한국중부발전㈜신보령발전본부,1,2018-01-04 07:00,NOx,25.41
한국중부발전㈜신보령발전본부,1,2018-01-04 07:30,TSP,2.84
한국중부발전㈜신보령발전본부,1,2018-01-04 07:30,SOx,25.47
한국중부발전㈜신보령발전본부,1,2018-01-04 07:30,NOx,28.94
한국중부발전㈜신보령발전본부,1,2018-01-04 08:00,TSP,2.91
한국중부발전㈜신보령발전본부,1,2018-01-04 08:00,SOx,26.77
한국중부발전㈜신보령발전본부,1,2018-01-04 08:00,NOx,28.0
한국중부발전㈜신보령발전본부,1,2018-01-04 08:30,TSP,2.96
한국중부발전㈜신보령발전본부,1,2018-01-04 08:30,SOx,27.68
한국중부발전㈜신보령발전본부,1,2018-01-04 08:30,NOx,28.22
한국중부발전㈜신보령발전본부,1,2018-01-04 09:00,TSP,2.98
한국중부발전㈜신보령발전본부,1,2018-01-04 09:00,SOx,28.67
한국중부발전㈜신보령발전본부,1,2018-01-04 09:00,NOx,28.79
한국중부발전㈜신보령발전본부,1,2018-01-04 09:30,TSP,2.96
한국중부발전㈜신보령발전본부,1,2018-01-04 09:30,SOx,29.69
한국중부발전㈜신보령발전본부,1,2018-01-04 09:30,NOx,29.02
한국중부발전㈜신보령발전본부,1,2018-01-04 10:00,TSP,3.01
한국중부발전㈜신보령발전본부,1,2018-01-04 10:00,SOx,30.61
한국중부발전㈜신보령발전본부,1,2018-01-04 10:00,NOx,26.45
한국중부발전㈜신보령발전본부,1,2018-01-04 10:30,TSP,3.04
한국중부발전㈜신보령발전본부,1,2018-01-04 10:30,SOx,31.36
한국중부발전㈜신보령발전본부,1,2018-01-04 10:30,NOx,25.33
한국중부발전㈜신보령발전본부,1,2018-01-04 11:00,TSP,3.09
한국중부발전㈜신보령발전본부,1,2018-01-04 11:00,SOx,31.79
한국중부발전㈜신보령발전본부,1,2018-01-04 11:00,NOx,25.35
한국중부발전㈜신보령발전본부,1,2018-01-04 11:30,TSP,3.03
한국중부발전㈜신보령발전본부,1,2018-01-04 11:30,SOx,32.09
한국중부발전㈜신보령발전본부,1,2018-01-04 11:30,NOx,27.34
한국중부발전㈜신보령발전본부,1,2018-01-04 12:00,TSP,2.98
한국중부발전㈜신보령발전본부,1,2018-01-04 12:00,SOx,32.1
한국중부발전㈜신보령발전본부,1,2018-01-04 12:00,NOx,27.23
한국중부발전㈜신보령발전본부,1,2018-01-04 12:30,TSP,2.95
한국중부발전㈜신보령발전본부,1,2018-01-04 12:30,SOx,31.42
한국중부발전㈜신보령발전본부,1,2018-01-04 12:30,NOx,26.55
한국중부발전㈜신보령발전본부,1,2018-01-04 13:00,TSP,2.96
한국중부발전㈜신보령발전본부,1,2018-01-04 13:00,SOx,30.58
한국중부발전㈜신보령발전본부,1,2018-01-04 13:00,NOx,26.99
한국중부발전㈜신보령발전본부,1,2018-01-04 13:30,TSP,2.96
한국중부발전㈜신보령발전본부,1,2018-01-04 13:30,SOx,29.25
한국중부발전㈜신보령발전본부,1,2018-01-04 13:30,NOx,26.68
한국중부발전㈜신보령발전본부,1,2018-01-04 14:00,TSP,2.98
한국중부발전㈜신보령발전본부,1,2018-01-04 14:00,SOx,28.24
한국중부발전㈜신보령발전본부,1,2018-01-04 14:00,NOx,26.42
한국중부발전㈜신보령발전본부,1,2018-01-04 14:30,TSP,2.98
한국중부발전㈜신보령발전본부,1,2018-01-04 14:30,SOx,27.2
한국중부발전㈜신보령발전본부,1,2018-01-04 14:30,NOx,25.93
한국중부발전㈜신보령발전본부,1,2018-01-04 15:00,TSP,2.98
한국중부발전㈜신보령발전본부,1,2018-01-04 15:00,SOx,26.07
한국중부발전㈜신보령발전본부,1,2018-01-04 15:00,NOx,26.82
한국중부발전㈜신보령발전본부,1,2018-01-04 15:30,TSP,2.98
한국중부발전㈜신보령발전본부,1,2018-01-04 15:30,SOx,24.88
한국중부발전㈜신보령발전본부,1,2018-01-04 15:30,NOx,26.11
한국중부발전㈜신보령발전본부,1,2018-01-04 16:00,TSP,3.02
한국중부발전㈜신보령발전본부,1,2018-01-04 16:00,SOx,24.2
한국중부발전㈜신보령발전본부,1,2018-01-04 16:00,NOx,24.69
한국중부발전㈜신보령발전본부,1,2018-01-04 16:30,TSP,2.99
한국중부발전㈜신보령발전본부,1,2018-01-04 16:30,SOx,24.08
한국중부발전㈜신보령발전본부,1,2018-01-04 16:30,NOx,23.56
한국중부발전㈜신보령발전본부,1,2018-01-04 17:00,TSP,2.98
한국중부발전㈜신보령발전본부,1,2018-01-04 17:00,SOx,24.56
한국중부발전㈜신보령발전본부,1,2018-01-04 17:00,NOx,27.15
한국중부발전㈜신보령발전본부,1,2018-01-04 17:30,TSP,3.02
한국중부발전㈜신보령발전본부,1,2018-01-04 17:30,SOx,25.49
한국중부발전㈜신보령발전본부,1,2018-01-04 17:30,NOx,26.62
한국중부발전㈜신보령발전본부,1,2018-01-04 18:00,TSP,3.09
한국중부발전㈜신보령발전본부,1,2018-01-04 18:00,SOx,25.84
한국중부발전㈜신보령발전본부,1,2018-01-04 18:00,NOx,27.25
한국중부발전㈜신보령발전본부,1,2018-01-04 18:30,TSP,3.14
한국중부발전㈜신보령발전본부,1,2018-01-04 18:30,SOx,26.68
한국중부발전㈜신보령발전본부,1,2018-01-04 18:30,NOx,29.31
한국중부발전㈜신보령발전본부,1,2018-01-04 19:00,TSP,3.32
한국중부발전㈜신보령발전본부,1,2018-01-04 19:00,SOx,27.28
한국중부발전㈜신보령발전본부,1,2018-01-04 19:00,NOx,29.8
한국중부발전㈜신보령발전본부,1,2018-01-04 19:30,TSP,3.11
한국중부발전㈜신보령발전본부,1,2018-01-04 19:30,SOx,27.92
한국중부발전㈜신보령발전본부,1,2018-01-04 19:30,NOx,27.68
한국중부발전㈜신보령발전본부,1,2018-01-04 20:00,TSP,3.1
한국중부발전㈜신보령발전본부,1,2018-01-04 20:00,SOx,28.9
한국중부발전㈜신보령발전본부,1,2018-01-04 20:00,NOx,26.41
한국중부발전㈜신보령발전본부,1,2018-01-04 20:30,TSP,3.12
한국중부발전㈜신보령발전본부,1,2018-01-04 20:30,SOx,30.06
한국중부발전㈜신보령발전본부,1,2018-01-04 20:30,NOx,26.92
한국중부발전㈜신보령발전본부,1,2018-01-04 21:00,TSP,3.14
한국중부발전㈜신보령발전본부,1,2018-01-04 21:00,SOx,30.95
한국중부발전㈜신보령발전본부,1,2018-01-04 21:00,NOx,28.33
한국중부발전㈜신보령발전본부,1,2018-01-04 21:30,TSP,3.14
한국중부발전㈜신보령발전본부,1,2018-01-04 21:30,SOx,32.08
한국중부발전㈜신보령발전본부,1,2018-01-04 21:30,NOx,29.91
한국중부발전㈜신보령발전본부,1,2018-01-04 22:00,TSP,3.13
한국중부발전㈜신보령발전본부,1,2018-01-04 22:00,SOx,32.69
한국중부발전㈜신보령발전본부,1,2018-01-04 22:00,NOx,28.52
한국중부발전㈜신보령발전본부,1,2018-01-04 22:30,TSP,2.95
한국중부발전㈜신보령발전본부,1,2018-01-04 22:30,SOx,33.02
한국중부발전㈜신보령발전본부,1,2018-01-04 22:30,NOx,28.61
한국중부발전㈜신보령발전본부,1,2018-01-04 23:00,TSP,2.92
한국중부발전㈜신보령발전본부,1,2018-01-04 23:00,SOx,32.54
한국중부발전㈜신보령발전본부,1,2018-01-04 23:00,NOx,27.75
한국중부발전㈜신보령발전본부,1,2018-01-04 23:30,TSP,2.91
한국중부발전㈜신보령발전본부,1,2018-01-04 23:30,SOx,31.89
한국중부발전㈜신보령발전본부,1,2018-01-04 23:30,NOx,28.81
한국중부발전㈜신보령발전본부,1,2018-01-05 00:00,TSP,2.86
한국중부발전㈜신보령발전본부,1,2018-01-05 00:00,SOx,28.82
한국중부발전㈜신보령발전본부,1,2018-01-05 00:00,NOx,28.92
한국중부발전㈜신보령발전본부,1,2018-01-05 00:30,TSP,2.84
한국중부발전㈜신보령발전본부,1,2018-01-05 00:30,SOx,27.22
한국중부발전㈜신보령발전본부,1,2018-01-05 00:30,NOx,28.92
한국중부발전㈜신보령발전본부,1,2018-01-05 01:00,TSP,2.84
한국중부발전㈜신보령발전본부,1,2018-01-05 01:00,SOx,26.27
한국중부발전㈜신보령발전본부,1,2018-01-05 01:00,NOx,27.8
한국중부발전㈜신보령발전본부,1,2018-01-05 01:30,TSP,2.86
한국중부발전㈜신보령발전본부,1,2018-01-05 01:30,SOx,25.61
한국중부발전㈜신보령발전본부,1,2018-01-05 01:30,NOx,27.86
한국중부발전㈜신보령발전본부,1,2018-01-05 02:00,TSP,2.91
한국중부발전㈜신보령발전본부,1,2018-01-05 02:00,SOx,25.32
한국중부발전㈜신보령발전본부,1,2018-01-05 02:00,NOx,27.89
한국중부발전㈜신보령발전본부,1,2018-01-05 02:30,TSP,2.93
한국중부발전㈜신보령발전본부,1,2018-01-05 02:30,SOx,24.95
한국중부발전㈜신보령발전본부,1,2018-01-05 02:30,NOx,27.75
한국중부발전㈜신보령발전본부,1,2018-01-05 03:00,TSP,2.94
한국중부발전㈜신보령발전본부,1,2018-01-05 03:00,SOx,24.95
한국중부발전㈜신보령발전본부,1,2018-01-05 03:00,NOx,26.08
한국중부발전㈜신보령발전본부,1,2018-01-05 03:30,TSP,2.86
한국중부발전㈜신보령발전본부,1,2018-01-05 03:30,SOx,24.93
한국중부발전㈜신보령발전본부,1,2018-01-05 03:30,NOx,27.1
한국중부발전㈜신보령발전본부,1,2018-01-05 04:00,TSP,2.8
한국중부발전㈜신보령발전본부,1,2018-01-05 04:00,SOx,24.12
한국중부발전㈜신보령발전본부,1,2018-01-05 04:00,NOx,25.7
한국중부발전㈜신보령발전본부,1,2018-01-05 04:30,TSP,2.81
한국중부발전㈜신보령발전본부,1,2018-01-05 04:30,SOx,23.87
한국중부발전㈜신보령발전본부,1,2018-01-05 04:30,NOx,25.9
한국중부발전㈜신보령발전본부,1,2018-01-05 05:00,TSP,2.82
한국중부발전㈜신보령발전본부,1,2018-01-05 05:00,SOx,23.71
한국중부발전㈜신보령발전본부,1,2018-01-05 05:00,NOx,26.2
한국중부발전㈜신보령발전본부,1,2018-01-05 05:30,TSP,2.82
한국중부발전㈜신보령발전본부,1,2018-01-05 05:30,SOx,23.74
한국중부발전㈜신보령발전본부,1,2018-01-05 05:30,NOx,26.05
한국중부발전㈜신보령발전본부,1,2018-01-05 06:00,TSP,2.86
한국중부발전㈜신보령발전본부,1,2018-01-05 06:00,SOx,23.81
한국중부발전㈜신보령발전본부,1,2018-01-05 06:00,NOx,25.88
한국중부발전㈜신보령발전본부,1,2018-01-05 06:30,TSP,2.88
한국중부발전㈜신보령발전본부,1,2018-01-05 06:30,SOx,25.31
한국중부발전㈜신보령발전본부,1,2018-01-05 06:30,NOx,26.58
한국중부발전㈜신보령발전본부,1,2018-01-05 07:00,TSP,2.88
한국중부발전㈜신보령발전본부,1,2018-01-05 07:00,SOx,26.95
한국중부발전㈜신보령발전본부,1,2018-01-05 07:00,NOx,27.49
한국중부발전㈜신보령발전본부,1,2018-01-05 07:30,TSP,2.97
한국중부발전㈜신보령발전본부,1,2018-01-05 07:30,SOx,28.19
한국중부발전㈜신보령발전본부,1,2018-01-05 07:30,NOx,27.43
한국중부발전㈜신보령발전본부,1,2018-01-05 08:00,TSP,3.01
한국중부발전㈜신보령발전본부,1,2018-01-05 08:00,SOx,29.18
한국중부발전㈜신보령발전본부,1,2018-01-05 08:00,NOx,27.34
한국중부발전㈜신보령발전본부,1,2018-01-05 08:30,TSP,3.02
한국중부발전㈜신보령발전본부,1,2018-01-05 08:30,SOx,30.77
한국중부발전㈜신보령발전본부,1,2018-01-05 08:30,NOx,28.92
한국중부발전㈜신보령발전본부,1,2018-01-05 09:00,TSP,3.01
한국중부발전㈜신보령발전본부,1,2018-01-05 09:00,SOx,31.9
한국중부발전㈜신보령발전본부,1,2018-01-05 09:00,NOx,29.63
한국중부발전㈜신보령발전본부,1,2018-01-05 09:30,TSP,3.0
한국중부발전㈜신보령발전본부,1,2018-01-05 09:30,SOx,32.62
한국중부발전㈜신보령발전본부,1,2018-01-05 09:30,NOx,27.33
한국중부발전㈜신보령발전본부,1,2018-01-05 10:00,TSP,3.05
한국중부발전㈜신보령발전본부,1,2018-01-05 10:00,SOx,33.0
한국중부발전㈜신보령발전본부,1,2018-01-05 10:00,NOx,25.89
한국중부발전㈜신보령발전본부,1,2018-01-05 10:30,TSP,3.08
한국중부발전㈜신보령발전본부,1,2018-01-05 10:30,SOx,32.54
한국중부발전㈜신보령발전본부,1,2018-01-05 10:30,NOx,28.53
한국중부발전㈜신보령발전본부,1,2018-01-05 11:00,TSP,3.16
한국중부발전㈜신보령발전본부,1,2018-01-05 11:00,SOx,31.82
한국중부발전㈜신보령발전본부,1,2018-01-05 11:00,NOx,26.83
한국중부발전㈜신보령발전본부,1,2018-01-05 11:30,TSP,3.08
한국중부발전㈜신보령발전본부,1,2018-01-05 11:30,SOx,31.02
한국중부발전㈜신보령발전본부,1,2018-01-05 11:30,NOx,28.11
한국중부발전㈜신보령발전본부,1,2018-01-05 12:00,TSP,3.12
한국중부발전㈜신보령발전본부,1,2018-01-05 12:00,SOx,30.27
한국중부발전㈜신보령발전본부,1,2018-01-05 12:00,NOx,28.1
한국중부발전㈜신보령발전본부,1,2018-01-05 12:30,TSP,3.16
한국중부발전㈜신보령발전본부,1,2018-01-05 12:30,SOx,29.92
한국중부발전㈜신보령발전본부,1,2018-01-05 12:30,NOx,27.37
한국중부발전㈜신보령발전본부,1,2018-01-05 13:00,TSP,3.2
한국중부발전㈜신보령발전본부,1,2018-01-05 13:00,SOx,30.14
한국중부발전㈜신보령발전본부,1,2018-01-05 13:00,NOx,26.5
한국중부발전㈜신보령발전본부,1,2018-01-05 13:30,TSP,3.2
한국중부발전㈜신보령발전본부,1,2018-01-05 13:30,SOx,30.26
한국중부발전㈜신보령발전본부,1,2018-01-05 13:30,NOx,26.5
한국중부발전㈜신보령발전본부,1,2018-01-05 14:00,TSP,3.2
한국중부발전㈜신보령발전본부,1,2018-01-05 14:00,SOx,30.76
한국중부발전㈜신보령발전본부,1,2018-01-05 14:00,NOx,28.22
한국중부발전㈜신보령발전본부,1,2018-01-05 14:30,TSP,3.2
한국중부발전㈜신보령발전본부,1,2018-01-05 14:30,SOx,31.71
한국중부발전㈜신보령발전본부,1,2018-01-05 14:30,NOx,28.44
한국중부발전㈜신보령발전본부,1,2018-01-05 15:00,TSP,3.22
한국중부발전㈜신보령발전본부,1,2018-01-05 15:00,SOx,32.44
한국중부발전㈜신보령발전본부,1,2018-01-05 15:00,NOx,32.17
한국중부발전㈜신보령발전본부,1,2018-01-05 15:30,TSP,3.26
한국중부발전㈜신보령발전본부,1,2018-01-05 15:30,SOx,32.59
한국중부발전㈜신보령발전본부,1,2018-01-05 15:30,NOx,25.79
한국중부발전㈜신보령발전본부,1,2018-01-05 16:00,TSP,3.28
한국중부발전㈜신보령발전본부,1,2018-01-05 16:00,SOx,33.12
한국중부발전㈜신보령발전본부,1,2018-01-05 16:00,NOx,25.88
한국중부발전㈜신보령발전본부,1,2018-01-05 16:30,TSP,3.29
한국중부발전㈜신보령발전본부,1,2018-01-05 16:30,SOx,33.31
한국중부발전㈜신보령발전본부,1,2018-01-05 16:30,NOx,25.6
한국중부발전㈜신보령발전본부,1,2018-01-05 17:00,TSP,3.33
한국중부발전㈜신보령발전본부,1,2018-01-05 17:00,SOx,33.2
한국중부발전㈜신보령발전본부,1,2018-01-05 17:00,NOx,25.88
한국중부발전㈜신보령발전본부,1,2018-01-05 17:30,TSP,3.44
한국중부발전㈜신보령발전본부,1,2018-01-05 17:30,SOx,33.12
한국중부발전㈜신보령발전본부,1,2018-01-05 17:30,NOx,26.22
한국중부발전㈜신보령발전본부,1,2018-01-05 18:00,TSP,3.54
한국중부발전㈜신보령발전본부,1,2018-01-05 18:00,SOx,32.49
한국중부발전㈜신보령발전본부,1,2018-01-05 18:00,NOx,27.73
한국중부발전㈜신보령발전본부,1,2018-01-05 18:30,TSP,3.52
한국중부발전㈜신보령발전본부,1,2018-01-05 18:30,SOx,31.53
한국중부발전㈜신보령발전본부,1,2018-01-05 18:30,NOx,25.05
한국중부발전㈜신보령발전본부,1,2018-01-05 19:00,TSP,3.81
한국중부발전㈜신보령발전본부,1,2018-01-05 19:00,SOx,30.51
한국중부발전㈜신보령발전본부,1,2018-01-05 19:00,NOx,27.05
한국중부발전㈜신보령발전본부,1,2018-01-05 19:30,TSP,3.54
한국중부발전㈜신보령발전본부,1,2018-01-05 19:30,SOx,29.47
한국중부발전㈜신보령발전본부,1,2018-01-05 19:30,NOx,32.43
한국중부발전㈜신보령발전본부,1,2018-01-05 20:00,TSP,3.57
한국중부발전㈜신보령발전본부,1,2018-01-05 20:00,SOx,28.94
한국중부발전㈜신보령발전본부,1,2018-01-05 20:00,NOx,30.76
한국중부발전㈜신보령발전본부,1,2018-01-05 20:30,TSP,3.73
한국중부발전㈜신보령발전본부,1,2018-01-05 20:30,SOx,28.68
한국중부발전㈜신보령발전본부,1,2018-01-05 20:30,NOx,26.32
한국중부발전㈜신보령발전본부,1,2018-01-05 21:00,TSP,3.8
한국중부발전㈜신보령발전본부,1,2018-01-05 21:00,SOx,28.69
한국중부발전㈜신보령발전본부,1,2018-01-05 21:00,NOx,27.43
한국중부발전㈜신보령발전본부,1,2018-01-05 21:30,TSP,3.82
한국중부발전㈜신보령발전본부,1,2018-01-05 21:30,SOx,29.37
한국중부발전㈜신보령발전본부,1,2018-01-05 21:30,NOx,33.25
한국중부발전㈜신보령발전본부,1,2018-01-05 22:00,TSP,3.78
한국중부발전㈜신보령발전본부,1,2018-01-05 22:00,SOx,29.95
한국중부발전㈜신보령발전본부,1,2018-01-05 22:00,NOx,33.04
한국중부발전㈜신보령발전본부,1,2018-01-05 22:30,TSP,3.48
한국중부발전㈜신보령발전본부,1,2018-01-05 22:30,SOx,30.67
한국중부발전㈜신보령발전본부,1,2018-01-05 22:30,NOx,29.72
한국중부발전㈜신보령발전본부,1,2018-01-05 23:00,TSP,3.53
한국중부발전㈜신보령발전본부,1,2018-01-05 23:00,SOx,31.36
한국중부발전㈜신보령발전본부,1,2018-01-05 23:00,NOx,28.39
한국중부발전㈜신보령발전본부,1,2018-01-05 23:30,TSP,3.54
한국중부발전㈜신보령발전본부,1,2018-01-05 23:30,SOx,31.36
한국중부발전㈜신보령발전본부,1,2018-01-05 23:30,NOx,26.59
한국중부발전㈜신보령발전본부,1,2018-01-06 00:00,TSP,3.53
한국중부발전㈜신보령발전본부,1,2018-01-06 00:00,SOx,29.84
한국중부발전㈜신보령발전본부,1,2018-01-06 00:00,NOx,25.35
한국중부발전㈜신보령발전본부,1,2018-01-06 00:30,TSP,3.46
한국중부발전㈜신보령발전본부,1,2018-01-06 00:30,SOx,29.22
한국중부발전㈜신보령발전본부,1,2018-01-06 00:30,NOx,25.91
한국중부발전㈜신보령발전본부,1,2018-01-06 01:00,TSP,3.45
한국중부발전㈜신보령발전본부,1,2018-01-06 01:00,SOx,29.6
한국중부발전㈜신보령발전본부,1,2018-01-06 01:00,NOx,28.93
한국중부발전㈜신보령발전본부,1,2018-01-06 01:30,TSP,3.34
한국중부발전㈜신보령발전본부,1,2018-01-06 01:30,SOx,29.85
한국중부발전㈜신보령발전본부,1,2018-01-06 01:30,NOx,30.73
한국중부발전㈜신보령발전본부,1,2018-01-06 02:00,TSP,3.29
한국중부발전㈜신보령발전본부,1,2018-01-06 02:00,SOx,30.12
한국중부발전㈜신보령발전본부,1,2018-01-06 02:00,NOx,27.89
한국중부발전㈜신보령발전본부,1,2018-01-06 02:30,TSP,3.29
한국중부발전㈜신보령발전본부,1,2018-01-06 02:30,SOx,29.95
한국중부발전㈜신보령발전본부,1,2018-01-06 02:30,NOx,27.88
한국중부발전㈜신보령발전본부,1,2018-01-06 03:00,TSP,3.33
한국중부발전㈜신보령발전본부,1,2018-01-06 03:00,SOx,29.81
한국중부발전㈜신보령발전본부,1,2018-01-06 03:00,NOx,25.58
한국중부발전㈜신보령발전본부,1,2018-01-06 03:30,TSP,3.16
한국중부발전㈜신보령발전본부,1,2018-01-06 03:30,SOx,29.78
한국중부발전㈜신보령발전본부,1,2018-01-06 03:30,NOx,29.14
한국중부발전㈜신보령발전본부,1,2018-01-06 04:00,TSP,3.11
한국중부발전㈜신보령발전본부,1,2018-01-06 04:00,SOx,30.66
한국중부발전㈜신보령발전본부,1,2018-01-06 04:00,NOx,25.6
한국중부발전㈜신보령발전본부,1,2018-01-06 04:30,TSP,3.0
한국중부발전㈜신보령발전본부,1,2018-01-06 04:30,SOx,31.89
한국중부발전㈜신보령발전본부,1,2018-01-06 04:30,NOx,24.47
한국중부발전㈜신보령발전본부,1,2018-01-06 05:00,TSP,2.99
한국중부발전㈜신보령발전본부,1,2018-01-06 05:00,SOx,33.95
한국중부발전㈜신보령발전본부,1,2018-01-06 05:00,NOx,24.64
한국중부발전㈜신보령발전본부,1,2018-01-06 05:30,TSP,3.03
한국중부발전㈜신보령발전본부,1,2018-01-06 05:30,SOx,34.03
한국중부발전㈜신보령발전본부,1,2018-01-06 05:30,NOx,23.74
한국중부발전㈜신보령발전본부,1,2018-01-06 06:00,TSP,3.03
한국중부발전㈜신보령발전본부,1,2018-01-06 06:00,SOx,34.08
한국중부발전㈜신보령발전본부,1,2018-01-06 06:00,NOx,25.21
한국중부발전㈜신보령발전본부,1,2018-01-06 06:30,TSP,3.06
한국중부발전㈜신보령발전본부,1,2018-01-06 06:30,SOx,34.23
한국중부발전㈜신보령발전본부,1,2018-01-06 06:30,NOx,24.78
한국중부발전㈜신보령발전본부,1,2018-01-06 07:00,TSP,3.08
한국중부발전㈜신보령발전본부,1,2018-01-06 07:00,SOx,34.19
한국중부발전㈜신보령발전본부,1,2018-01-06 07:00,NOx,25.92
한국중부발전㈜신보령발전본부,1,2018-01-06 07:30,TSP,3.11
한국중부발전㈜신보령발전본부,1,2018-01-06 07:30,SOx,33.85
한국중부발전㈜신보령발전본부,1,2018-01-06 07:30,NOx,24.61
한국중부발전㈜신보령발전본부,1,2018-01-06 08:00,TSP,3.17
한국중부발전㈜신보령발전본부,1,2018-01-06 08:00,SOx,32.83
한국중부발전㈜신보령발전본부,1,2018-01-06 08:00,NOx,25.76
한국중부발전㈜신보령발전본부,1,2018-01-06 08:30,TSP,3.16
한국중부발전㈜신보령발전본부,1,2018-01-06 08:30,SOx,31.95
한국중부발전㈜신보령발전본부,1,2018-01-06 08:30,NOx,24.96
한국중부발전㈜신보령발전본부,1,2018-01-06 09:00,TSP,3.22
한국중부발전㈜신보령발전본부,1,2018-01-06 09:00,SOx,31.21
한국중부발전㈜신보령발전본부,1,2018-01-06 09:00,NOx,25.86
한국중부발전㈜신보령발전본부,1,2018-01-06 09:30,TSP,3.33
한국중부발전㈜신보령발전본부,1,2018-01-06 09:30,SOx,30.72
한국중부발전㈜신보령발전본부,1,2018-01-06 09:30,NOx,25.11
한국중부발전㈜신보령발전본부,1,2018-01-06 10:00,TSP,3.35
한국중부발전㈜신보령발전본부,1,2018-01-06 10:00,SOx,30.83
한국중부발전㈜신보령발전본부,1,2018-01-06 10:00,NOx,24.83
한국중부발전㈜신보령발전본부,1,2018-01-06 10:30,TSP,3.41
한국중부발전㈜신보령발전본부,1,2018-01-06 10:30,SOx,30.49
한국중부발전㈜신보령발전본부,1,2018-01-06 10:30,NOx,24.17
한국중부발전㈜신보령발전본부,1,2018-01-06 11:00,TSP,3.36
한국중부발전㈜신보령발전본부,1,2018-01-06 11:00,SOx,30.54
한국중부발전㈜신보령발전본부,1,2018-01-06 11:00,NOx,23.77
한국중부발전㈜신보령발전본부,1,2018-01-06 11:30,TSP,3.25
한국중부발전㈜신보령발전본부,1,2018-01-06 11:30,SOx,30.79
한국중부발전㈜신보령발전본부,1,2018-01-06 11:30,NOx,25.11
한국중부발전㈜신보령발전본부,1,2018-01-06 12:00,TSP,3.21
한국중부발전㈜신보령발전본부,1,2018-01-06 12:00,SOx,30.99
한국중부발전㈜신보령발전본부,1,2018-01-06 12:00,NOx,24.43
한국중부발전㈜신보령발전본부,1,2018-01-06 12:30,TSP,3.26
한국중부발전㈜신보령발전본부,1,2018-01-06 12:30,SOx,30.27
한국중부발전㈜신보령발전본부,1,2018-01-06 12:30,NOx,24.39
한국중부발전㈜신보령발전본부,1,2018-01-06 13:00,TSP,3.31
한국중부발전㈜신보령발전본부,1,2018-01-06 13:00,SOx,31.43
한국중부발전㈜신보령발전본부,1,2018-01-06 13:00,NOx,29.25
한국중부발전㈜신보령발전본부,1,2018-01-06 13:30,TSP,3.42
한국중부발전㈜신보령발전본부,1,2018-01-06 13:30,SOx,31.47
한국중부발전㈜신보령발전본부,1,2018-01-06 13:30,NOx,25.44
한국중부발전㈜신보령발전본부,1,2018-01-06 14:00,TSP,3.55
한국중부발전㈜신보령발전본부,1,2018-01-06 14:00,SOx,30.9
한국중부발전㈜신보령발전본부,1,2018-01-06 14:00,NOx,25.49
한국중부발전㈜신보령발전본부,1,2018-01-06 14:30,TSP,3.63
한국중부발전㈜신보령발전본부,1,2018-01-06 14:30,SOx,28.82
한국중부발전㈜신보령발전본부,1,2018-01-06 14:30,NOx,24.64
한국중부발전㈜신보령발전본부,1,2018-01-06 15:00,TSP,3.67
한국중부발전㈜신보령발전본부,1,2018-01-06 15:00,SOx,28.18
한국중부발전㈜신보령발전본부,1,2018-01-06 15:00,NOx,24.92
한국중부발전㈜신보령발전본부,1,2018-01-06 15:30,TSP,3.6
한국중부발전㈜신보령발전본부,1,2018-01-06 15:30,SOx,28.97
한국중부발전㈜신보령발전본부,1,2018-01-06 15:30,NOx,24.36
한국중부발전㈜신보령발전본부,1,2018-01-06 16:00,TSP,3.72
한국중부발전㈜신보령발전본부,1,2018-01-06 16:00,SOx,29.05
한국중부발전㈜신보령발전본부,1,2018-01-06 16:00,NOx,24.03
한국중부발전㈜신보령발전본부,1,2018-01-06 16:30,TSP,3.72
한국중부발전㈜신보령발전본부,1,2018-01-06 16:30,SOx,29.17
한국중부발전㈜신보령발전본부,1,2018-01-06 16:30,NOx,23.91
한국중부발전㈜신보령발전본부,1,2018-01-06 17:00,TSP,3.77
한국중부발전㈜신보령발전본부,1,2018-01-06 17:00,SOx,29.3
한국중부발전㈜신보령발전본부,1,2018-01-06 17:00,NOx,24.61
한국중부발전㈜신보령발전본부,1,2018-01-06 17:30,TSP,3.83
한국중부발전㈜신보령발전본부,1,2018-01-06 17:30,SOx,29.61
한국중부발전㈜신보령발전본부,1,2018-01-06 17:30,NOx,24.6
한국중부발전㈜신보령발전본부,1,2018-01-06 18:00,TSP,3.89
한국중부발전㈜신보령발전본부,1,2018-01-06 18:00,SOx,29.99
한국중부발전㈜신보령발전본부,1,2018-01-06 18:00,NOx,24.89
한국중부발전㈜신보령발전본부,1,2018-01-06 18:30,TSP,3.85
한국중부발전㈜신보령발전본부,1,2018-01-06 18:30,SOx,30.23
한국중부발전㈜신보령발전본부,1,2018-01-06 18:30,NOx,24.92
한국중부발전㈜신보령발전본부,1,2018-01-06 19:00,TSP,4.14
한국중부발전㈜신보령발전본부,1,2018-01-06 19:00,SOx,30.41
한국중부발전㈜신보령발전본부,1,2018-01-06 19:00,NOx,24.62
한국중부발전㈜신보령발전본부,1,2018-01-06 19:30,TSP,3.81
한국중부발전㈜신보령발전본부,1,2018-01-06 19:30,SOx,30.93
한국중부발전㈜신보령발전본부,1,2018-01-06 19:30,NOx,24.76
한국중부발전㈜신보령발전본부,1,2018-01-06 20:00,TSP,3.86
한국중부발전㈜신보령발전본부,1,2018-01-06 20:00,SOx,31.32
한국중부발전㈜신보령발전본부,1,2018-01-06 20:00,NOx,24.85
한국중부발전㈜신보령발전본부,1,2018-01-06 20:30,TSP,3.91
한국중부발전㈜신보령발전본부,1,2018-01-06 20:30,SOx,31.56
한국중부발전㈜신보령발전본부,1,2018-01-06 20:30,NOx,26.51
한국중부발전㈜신보령발전본부,1,2018-01-06 21:00,TSP,3.93
한국중부발전㈜신보령발전본부,1,2018-01-06 21:00,SOx,31.51
한국중부발전㈜신보령발전본부,1,2018-01-06 21:00,NOx,26.01
한국중부발전㈜신보령발전본부,1,2018-01-06 21:30,TSP,3.94
한국중부발전㈜신보령발전본부,1,2018-01-06 21:30,SOx,31.35
한국중부발전㈜신보령발전본부,1,2018-01-06 21:30,NOx,27.65
한국중부발전㈜신보령발전본부,1,2018-01-06 22:00,TSP,3.9
한국중부발전㈜신보령발전본부,1,2018-01-06 22:00,SOx,30.59
한국중부발전㈜신보령발전본부,1,2018-01-06 22:00,NOx,27.21
한국중부발전㈜신보령발전본부,1,2018-01-06 22:30,TSP,3.66
한국중부발전㈜신보령발전본부,1,2018-01-06 22:30,SOx,30.09
한국중부발전㈜신보령발전본부,1,2018-01-06 22:30,NOx,28.36
한국중부발전㈜신보령발전본부,1,2018-01-06 23:00,TSP,3.7
한국중부발전㈜신보령발전본부,1,2018-01-06 23:00,SOx,29.99
한국중부발전㈜신보령발전본부,1,2018-01-06 23:00,NOx,28.32
한국중부발전㈜신보령발전본부,1,2018-01-06 23:30,TSP,3.58
한국중부발전㈜신보령발전본부,1,2018-01-06 23:30,SOx,30.02
한국중부발전㈜신보령발전본부,1,2018-01-06 23:30,NOx,28.72
한국중부발전㈜신보령발전본부,1,2018-01-07 00:00,TSP,3.66
한국중부발전㈜신보령발전본부,1,2018-01-07 00:00,SOx,30.55
한국중부발전㈜신보령발전본부,1,2018-01-07 00:00,NOx,27.81
한국중부발전㈜신보령발전본부,1,2018-01-07 00:30,TSP,3.72
한국중부발전㈜신보령발전본부,1,2018-01-07 00:30,SOx,30.45
한국중부발전㈜신보령발전본부,1,2018-01-07 00:30,NOx,24.59
한국중부발전㈜신보령발전본부,1,2018-01-07 01:00,TSP,3.77
한국중부발전㈜신보령발전본부,1,2018-01-07 01:00,SOx,30.47
한국중부발전㈜신보령발전본부,1,2018-01-07 01:00,NOx,25.17
한국중부발전㈜신보령발전본부,1,2018-01-07 01:30,TSP,3.92
한국중부발전㈜신보령발전본부,1,2018-01-07 01:30,SOx,30.23
한국중부발전㈜신보령발전본부,1,2018-01-07 01:30,NOx,24.91
한국중부발전㈜신보령발전본부,1,2018-01-07 02:00,TSP,4.02
한국중부발전㈜신보령발전본부,1,2018-01-07 02:00,SOx,30.63
한국중부발전㈜신보령발전본부,1,2018-01-07 02:00,NOx,24.95
한국중부발전㈜신보령발전본부,1,2018-01-07 02:30,TSP,4.12
한국중부발전㈜신보령발전본부,1,2018-01-07 02:30,SOx,30.5
한국중부발전㈜신보령발전본부,1,2018-01-07 02:30,NOx,26.04
한국중부발전㈜신보령발전본부,1,2018-01-07 03:00,TSP,4.11
한국중부발전㈜신보령발전본부,1,2018-01-07 03:00,SOx,30.37
한국중부발전㈜신보령발전본부,1,2018-01-07 03:00,NOx,24.63
한국중부발전㈜신보령발전본부,1,2018-01-07 03:30,TSP,3.84
한국중부발전㈜신보령발전본부,1,2018-01-07 03:30,SOx,30.2
한국중부발전㈜신보령발전본부,1,2018-01-07 03:30,NOx,24.93
한국중부발전㈜신보령발전본부,1,2018-01-07 04:00,TSP,3.75
한국중부발전㈜신보령발전본부,1,2018-01-07 04:00,SOx,30.44
한국중부발전㈜신보령발전본부,1,2018-01-07 04:00,NOx,25.86
한국중부발전㈜신보령발전본부,1,2018-01-07 04:30,TSP,3.73
한국중부발전㈜신보령발전본부,1,2018-01-07 04:30,SOx,30.31
한국중부발전㈜신보령발전본부,1,2018-01-07 04:30,NOx,25.49
한국중부발전㈜신보령발전본부,1,2018-01-07 05:00,TSP,3.71
한국중부발전㈜신보령발전본부,1,2018-01-07 05:00,SOx,30.26
한국중부발전㈜신보령발전본부,1,2018-01-07 05:00,NOx,24.27
한국중부발전㈜신보령발전본부,1,2018-01-07 05:30,TSP,3.7
한국중부발전㈜신보령발전본부,1,2018-01-07 05:30,SOx,30.07
한국중부발전㈜신보령발전본부,1,2018-01-07 05:30,NOx,24.67
한국중부발전㈜신보령발전본부,1,2018-01-07 06:00,TSP,3.82
한국중부발전㈜신보령발전본부,1,2018-01-07 06:00,SOx,30.34
한국중부발전㈜신보령발전본부,1,2018-01-07 06:00,NOx,24.25
한국중부발전㈜신보령발전본부,1,2018-01-07 06:30,TSP,3.78
한국중부발전㈜신보령발전본부,1,2018-01-07 06:30,SOx,30.04
한국중부발전㈜신보령발전본부,1,2018-01-07 06:30,NOx,24.0
한국중부발전㈜신보령발전본부,1,2018-01-07 07:00,TSP,8.52
한국중부발전㈜신보령발전본부,1,2018-01-07 07:00,SOx,81.07
한국중부발전㈜신보령발전본부,1,2018-01-07 07:00,NOx,30.36
한국중부발전㈜신보령발전본부,1,2018-01-07 07:30,TSP,59.37
한국중부발전㈜신보령발전본부,1,2018-01-07 07:30,SOx,290.71
한국중부발전㈜신보령발전본부,1,2018-01-07 07:30,NOx,38.56
한국중부발전㈜신보령발전본부,1,2018-01-07 08:00,TSP,0.0
한국중부발전㈜신보령발전본부,1,2018-01-07 08:00,SOx,0.0
한국중부발전㈜신보령발전본부,1,2018-01-07 08:00,NOx,0.0
한국중부발전㈜신보령발전본부,1,2018-01-07 08:30,TSP,0.0
한국중부발전㈜신보령발전본부,1,2018-01-07 08:30,SOx,0.0
한국중부발전㈜신보령발전본부,1,2018-01-07 08:30,NOx,0.0
한국중부발전㈜신보령발전본부,1,2018-01-07 09:00,TSP,0.0
한국중부발전㈜신보령발전본부,1,2018-01-07 09:00,SOx,0.0
한국중부발전㈜신보령발전본부,1,2018-01-07 09:00,NOx,0.0
한국중부발전㈜신보령발전본부,1,2018-01-07 09:30,TSP,0.0
한국중부발전㈜신보령발전본부,1,2018-01-07 09:30,SOx,0.0
한국중부발전㈜신보령발전본부,1,2018-01-07 09:30,NOx,0.0
한국중부발전㈜신보령발전본부,1,2018-01-07 10:00,TSP,0.0
한국중부발전㈜신보령발전본부,1,2018-01-07 10:00,SOx,0.0
한국중부발전㈜신보령발전본부,1,2018-01-07 10:00,NOx,0.0
한국중부발전㈜신보령발전본부,1,2018-01-07 10:30,TSP,0.0
한국중부발전㈜신보령발전본부,1,2018-01-07 10:30,SOx,0.0
한국중부발전㈜신보령발전본부,1,2018-01-07 10:30,NOx,0.0
한국중부발전㈜신보령발전본부,1,2018-01-07 11:00,TSP,0.0
한국중부발전㈜신보령발전본부,1,2018-01-07 11:00,SOx,0.0
한국중부발전㈜신보령발전본부,1,2018-01-07 11:00,NOx,0.0
한국중부발전㈜신보령발전본부,1,2018-01-07 11:30,TSP,0.0
한국중부발전㈜신보령발전본부,1,2018-01-07 11:30,SOx,0.0
한국중부발전㈜신보령발전본부,1,2018-01-07 11:30,NOx,0.0
한국중부발전㈜신보령발전본부,1,2018-01-07 12:00,TSP,0.0
한국중부발전㈜신보령발전본부,1,2018-01-07 12:00,SOx,0.0
한국중부발전㈜신보령발전본부,1,2018-01-07 12:00,NOx,0.0
한국중부발전㈜신보령발전본부,1,2018-01-07 12:30,TSP,0.0
한국중부발전㈜신보령발전본부,1,2018-01-07 12:30,SOx,0.0
한국중부발전㈜신보령발전본부,1,2018-01-07 12:30,NOx,0.0
한국중부발전㈜신보령발전본부,1,2018-01-07 13:00,TSP,0.0
한국중부발전㈜신보령발전본부,1,2018-01-07 13:00,SOx,0.0
한국중부발전㈜신보령발전본부,1,2018-01-07 13:00,NOx,0.0
한국중부발전㈜신보령발전본부,1,2018-01-07 13:30,TSP,0.0
한국중부발전㈜신보령발전본부,1,2018-01-07 13:30,SOx,0.0
한국중부발전㈜신보령발전본부,1,2018-01-07 13:30,NOx,0.0
한국중부발전㈜신보령발전본부,1,2018-01-07 14:00,TSP,0.0
한국중부발전㈜신보령발전본부,1,2018-01-07 14:00,SOx,0.0
한국중부발전㈜신보령발전본부,1,2018-01-07 14:00,NOx,0.0
한국중부발전㈜신보령발전본부,1,2018-01-07 14:30,TSP,0.0
한국중부발전㈜신보령발전본부,1,2018-01-07 14:30,SOx,0.0
한국중부발전㈜신보령발전본부,1,2018-01-07 14:30,NOx,0.0
한국중부발전㈜신보령발전본부,1,2018-01-07 15:00,TSP,0.0
한국중부발전㈜신보령발전본부,1,2018-01-07 15:00,SOx,0.0
한국중부발전㈜신보령발전본부,1,2018-01-07 15:00,NOx,0.0
한국중부발전㈜신보령발전본부,1,2018-01-07 15:30,TSP,0.0
한국중부발전㈜신보령발전본부,1,2018-01-07 15:30,SOx,0.0
한국중부발전㈜신보령발전본부,1,2018-01-07 15:30,NOx,0.0
한국중부발전㈜신보령발전본부,1,2018-01-07 16:00,TSP,0.0
한국중부발전㈜신보령발전본부,1,2018-01-07 16:00,SOx,0.0
한국중부발전㈜신보령발전본부,1,2018-01-07 16:00,NOx,0.0
한국중부발전㈜신보령발전본부,1,2018-01-07 16:30,TSP,0.0
한국중부발전㈜신보령발전본부,1,2018-01-07 16:30,SOx,0.0
한국중부발전㈜신보령발전본부,1,2018-01-07 16:30,NOx,0.0
한국중부발전㈜신보령발전본부,1,2018-01-07 17:00,TSP,0.0
한국중부발전㈜신보령발전본부,1,2018-01-07 17:00,SOx,0.0
한국중부발전㈜신보령발전본부,1,2018-01-07 17:00,NOx,0.0
한국중부발전㈜신보령발전본부,1,2018-01-07 17:30,TSP,0.0
한국중부발전㈜신보령발전본부,1,2018-01-07 17:30,SOx,0.0
한국중부발전㈜신보령발전본부,1,2018-01-07 17:30,NOx,0.0
한국중부발전㈜신보령발전본부,1,2018-01-07 18:00,TSP,0.0
한국중부발전㈜신보령발전본부,1,2018-01-07 18:00,SOx,0.0
한국중부발전㈜신보령발전본부,1,2018-01-07 18:00,NOx,0.0
한국중부발전㈜신보령발전본부,1,2018-01-07 18:30,TSP,0.0
한국중부발전㈜신보령발전본부,1,2018-01-07 18:30,SOx,0.0
한국중부발전㈜신보령발전본부,1,2018-01-07 18:30,NOx,0.0
한국중부발전㈜신보령발전본부,1,2018-01-07 19:00,TSP,0.0
한국중부발전㈜신보령발전본부,1,2018-01-07 19:00,SOx,0.0
한국중부발전㈜신보령발전본부,1,2018-01-07 19:00,NOx,0.0
한국중부발전㈜신보령발전본부,1,2018-01-07 19:30,TSP,0.0
한국중부발전㈜신보령발전본부,1,2018-01-07 19:30,SOx,0.0
한국중부발전㈜신보령발전본부,1,2018-01-07 19:30,NOx,0.0
한국중부발전㈜신보령발전본부,1,2018-01-07 20:00,TSP,0.0
한국중부발전㈜신보령발전본부,1,2018-01-07 20:00,SOx,0.0
한국중부발전㈜신보령발전본부,1,2018-01-07 20:00,NOx,0.0
한국중부발전㈜신보령발전본부,1,2018-01-07 20:30,TSP,0.0
한국중부발전㈜신보령발전본부,1,2018-01-07 20:30,SOx,0.0
한국중부발전㈜신보령발전본부,1,2018-01-07 20:30,NOx,0.0
한국중부발전㈜신보령발전본부,1,2018-01-07 21:00,TSP,0.0
한국중부발전㈜신보령발전본부,1,2018-01-07 21:00,SOx,0.0
한국중부발전㈜신보령발전본부,1,2018-01-07 21:00,NOx,0.0
한국중부발전㈜신보령발전본부,1,2018-01-07 21:30,TSP,0.0
한국중부발전㈜신보령발전본부,1,2018-01-07 21:30,SOx,0.0
한국중부발전㈜신보령발전본부,1,2018-01-07 21:30,NOx,0.0
한국중부발전㈜신보령발전본부,1,2018-01-07 22:00,TSP,0.0
한국중부발전㈜신보령발전본부,1,2018-01-07 22:00,SOx,0.0
한국중부발전㈜신보령발전본부,1,2018-01-07 22:00,NOx,0.0
한국중부발전㈜신보령발전본부,1,2018-01-07 22:30,TSP,0.0
한국중부발전㈜신보령발전본부,1,2018-01-07 22:30,SOx,0.0
한국중부발전㈜신보령발전본부,1,2018-01-07 22:30,NOx,0.0
한국중부발전㈜신보령발전본부,1,2018-01-07 23:00,TSP,0.0
한국중부발전㈜신보령발전본부,1,2018-01-07 23:00,SOx,0.0
한국중부발전㈜신보령발전본부,1,2018-01-07 23:00,NOx,0.0
한국중부발전㈜신보령발전본부,1,2018-01-07 23:30,TSP,0.0
한국중부발전㈜신보령발전본부,1,2018-01-07 23:30,SOx,0.0
한국중부발전㈜신보령발전본부,1,2018-01-07 23:30,NOx,0.0
한국중부발전㈜신보령발전본부,1,2018-01-08 00:00,TSP,0.0
한국중부발전㈜신보령발전본부,1,2018-01-08 00:00,SOx,0.0
한국중부발전㈜신보령발전본부,1,2018-01-08 00:00,NOx,0.0
한국중부발전㈜신보령발전본부,1,2018-01-08 00:30,TSP,0.0
한국중부발전㈜신보령발전본부,1,2018-01-08 00:30,SOx,0.0
한국중부발전㈜신보령발전본부,1,2018-01-08 00:30,NOx,0.0
한국중부발전㈜신보령발전본부,1,2018-01-08 01:00,TSP,0.0
한국중부발전㈜신보령발전본부,1,2018-01-08 01:00,SOx,0.0
한국중부발전㈜신보령발전본부,1,2018-01-08 01:00,NOx,0.0
한국중부발전㈜신보령발전본부,1,2018-01-08 01:30,TSP,2470.43
한국중부발전㈜신보령발전본부,1,2018-01-08 01:30,SOx,0.0
한국중부발전㈜신보령발전본부,1,2018-01-08 01:30,NOx,219.98
한국중부발전㈜신보령발전본부,1,2018-01-08 02:00,TSP,51.42
한국중부발전㈜신보령발전본부,1,2018-01-08 02:00,SOx,12.26
한국중부발전㈜신보령발전본부,1,2018-01-08 02:00,NOx,92.8
한국중부발전㈜신보령발전본부,1,2018-01-08 02:30,TSP,18.19
한국중부발전㈜신보령발전본부,1,2018-01-08 02:30,SOx,76.4
한국중부발전㈜신보령발전본부,1,2018-01-08 02:30,NOx,111.93
한국중부발전㈜신보령발전본부,1,2018-01-08 03:00,TSP,8.27
한국중부발전㈜신보령발전본부,1,2018-01-08 03:00,SOx,267.39
한국중부발전㈜신보령발전본부,1,2018-01-08 03:00,NOx,197.54
한국중부발전㈜신보령발전본부,1,2018-01-08 03:30,TSP,7.17
한국중부발전㈜신보령발전본부,1,2018-01-08 03:30,SOx,230.71
한국중부발전㈜신보령발전본부,1,2018-01-08 03:30,NOx,194.6
한국중부발전㈜신보령발전본부,1,2018-01-08 04:00,TSP,8.5
한국중부발전㈜신보령발전본부,1,2018-01-08 04:00,SOx,162.12
한국중부발전㈜신보령발전본부,1,2018-01-08 04:00,NOx,183.53
한국중부발전㈜신보령발전본부,1,2018-01-08 04:30,TSP,5.97
한국중부발전㈜신보령발전본부,1,2018-01-08 04:30,SOx,15.4
한국중부발전㈜신보령발전본부,1,2018-01-08 04:30,NOx,140.24
한국중부발전㈜신보령발전본부,1,2018-01-08 05:00,TSP,5.49
한국중부발전㈜신보령발전본부,1,2018-01-08 05:00,SOx,17.87
한국중부발전㈜신보령발전본부,1,2018-01-08 05:00,NOx,156.25
한국중부발전㈜신보령발전본부,1,2018-01-08 05:30,TSP,4.66
한국중부발전㈜신보령발전본부,1,2018-01-08 05:30,SOx,16.28
한국중부발전㈜신보령발전본부,1,2018-01-08 05:30,NOx,35.07
한국중부발전㈜신보령발전본부,1,2018-01-08 06:00,TSP,3.76
한국중부발전㈜신보령발전본부,1,2018-01-08 06:00,SOx,16.71
한국중부발전㈜신보령발전본부,1,2018-01-08 06:00,NOx,10.57
한국중부발전㈜신보령발전본부,1,2018-01-08 06:30,TSP,4.13
한국중부발전㈜신보령발전본부,1,2018-01-08 06:30,SOx,15.83
한국중부발전㈜신보령발전본부,1,2018-01-08 06:30,NOx,11.3
한국중부발전㈜신보령발전본부,1,2018-01-08 07:00,TSP,3.95
한국중부발전㈜신보령발전본부,1,2018-01-08 07:00,SOx,15.91
한국중부발전㈜신보령발전본부,1,2018-01-08 07:00,NOx,14.06
한국중부발전㈜신보령발전본부,1,2018-01-08 07:30,TSP,3.82
한국중부발전㈜신보령발전본부,1,2018-01-08 07:30,SOx,19.48
한국중부발전㈜신보령발전본부,1,2018-01-08 07:30,NOx,16.32
한국중부발전㈜신보령발전본부,1,2018-01-08 08:00,TSP,3.69
한국중부발전㈜신보령발전본부,1,2018-01-08 08:00,SOx,28.05
한국중부발전㈜신보령발전본부,1,2018-01-08 08:00,NOx,21.47
한국중부발전㈜신보령발전본부,1,2018-01-08 08:30,TSP,3.27
한국중부발전㈜신보령발전본부,1,2018-01-08 08:30,SOx,33.1
한국중부발전㈜신보령발전본부,1,2018-01-08 08:30,NOx,24.26
한국중부발전㈜신보령발전본부,1,2018-01-08 09:00,TSP,3.14
한국중부발전㈜신보령발전본부,1,2018-01-08 09:00,SOx,36.83
한국중부발전㈜신보령발전본부,1,2018-01-08 09:00,NOx,24.67
한국중부발전㈜신보령발전본부,1,2018-01-08 09:30,TSP,3.37
한국중부발전㈜신보령발전본부,1,2018-01-08 09:30,SOx,36.06
한국중부발전㈜신보령발전본부,1,2018-01-08 09:30,NOx,29.68
한국중부발전㈜신보령발전본부,1,2018-01-08 10:00,TSP,3.63
한국중부발전㈜신보령발전본부,1,2018-01-08 10:00,SOx,35.59
한국중부발전㈜신보령발전본부,1,2018-01-08 10:00,NOx,28.32
한국중부발전㈜신보령발전본부,1,2018-01-08 10:30,TSP,3.76
한국중부발전㈜신보령발전본부,1,2018-01-08 10:30,SOx,34.22
한국중부발전㈜신보령발전본부,1,2018-01-08 10:30,NOx,30.93
한국중부발전㈜신보령발전본부,1,2018-01-08 11:00,TSP,3.85
한국중부발전㈜신보령발전본부,1,2018-01-08 11:00,SOx,33.95
한국중부발전㈜신보령발전본부,1,2018-01-08 11:00,NOx,32.52
한국중부발전㈜신보령발전본부,1,2018-01-08 11:30,TSP,3.44
한국중부발전㈜신보령발전본부,1,2018-01-08 11:30,SOx,33.7
한국중부발전㈜신보령발전본부,1,2018-01-08 11:30,NOx,32.32
한국중부발전㈜신보령발전본부,1,2018-01-08 12:00,TSP,3.54
한국중부발전㈜신보령발전본부,1,2018-01-08 12:00,SOx,33.19
한국중부발전㈜신보령발전본부,1,2018-01-08 12:00,NOx,31.72
한국중부발전㈜신보령발전본부,1,2018-01-08 12:30,TSP,3.6
한국중부발전㈜신보령발전본부,1,2018-01-08 12:30,SOx,32.63
한국중부발전㈜신보령발전본부,1,2018-01-08 12:30,NOx,32.22
한국중부발전㈜신보령발전본부,1,2018-01-08 13:00,TSP,3.88
한국중부발전㈜신보령발전본부,1,2018-01-08 13:00,SOx,34.34
한국중부발전㈜신보령발전본부,1,2018-01-08 13:00,NOx,36.65
한국중부발전㈜신보령발전본부,1,2018-01-08 13:30,TSP,3.9
한국중부발전㈜신보령발전본부,1,2018-01-08 13:30,SOx,34.02
한국중부발전㈜신보령발전본부,1,2018-01-08 13:30,NOx,30.31
한국중부발전㈜신보령발전본부,1,2018-01-08 14:00,TSP,3.91
한국중부발전㈜신보령발전본부,1,2018-01-08 14:00,SOx,33.37
한국중부발전㈜신보령발전본부,1,2018-01-08 14:00,NOx,26.13
한국중부발전㈜신보령발전본부,1,2018-01-08 14:30,TSP,3.97
한국중부발전㈜신보령발전본부,1,2018-01-08 14:30,SOx,33.79
한국중부발전㈜신보령발전본부,1,2018-01-08 14:30,NOx,25.59
한국중부발전㈜신보령발전본부,1,2018-01-08 15:00,TSP,4.1
한국중부발전㈜신보령발전본부,1,2018-01-08 15:00,SOx,34.05
한국중부발전㈜신보령발전본부,1,2018-01-08 15:00,NOx,32.09
한국중부발전㈜신보령발전본부,1,2018-01-08 15:30,TSP,4.09
한국중부발전㈜신보령발전본부,1,2018-01-08 15:30,SOx,33.48
한국중부발전㈜신보령발전본부,1,2018-01-08 15:30,NOx,28.37
한국중부발전㈜신보령발전본부,1,2018-01-08 16:00,TSP,4.33
한국중부발전㈜신보령발전본부,1,2018-01-08 16:00,SOx,33.56
한국중부발전㈜신보령발전본부,1,2018-01-08 16:00,NOx,27.16
한국중부발전㈜신보령발전본부,1,2018-01-08 16:30,TSP,4.23
한국중부발전㈜신보령발전본부,1,2018-01-08 16:30,SOx,32.64
한국중부발전㈜신보령발전본부,1,2018-01-08 16:30,NOx,24.19
한국중부발전㈜신보령발전본부,1,2018-01-08 17:00,TSP,4.23
한국중부발전㈜신보령발전본부,1,2018-01-08 17:00,SOx,30.86
한국중부발전㈜신보령발전본부,1,2018-01-08 17:00,NOx,23.2
한국중부발전㈜신보령발전본부,1,2018-01-08 17:30,TSP,4.32
한국중부발전㈜신보령발전본부,1,2018-01-08 17:30,SOx,30.29
한국중부발전㈜신보령발전본부,1,2018-01-08 17:30,NOx,22.93
한국중부발전㈜신보령발전본부,1,2018-01-08 18:00,TSP,4.45
한국중부발전㈜신보령발전본부,1,2018-01-08 18:00,SOx,29.75
한국중부발전㈜신보령발전본부,1,2018-01-08 18:00,NOx,23.95
한국중부발전㈜신보령발전본부,1,2018-01-08 18:30,TSP,4.56
한국중부발전㈜신보령발전본부,1,2018-01-08 18:30,SOx,28.97
한국중부발전㈜신보령발전본부,1,2018-01-08 18:30,NOx,25.49
한국중부발전㈜신보령발전본부,1,2018-01-08 19:00,TSP,4.89
한국중부발전㈜신보령발전본부,1,2018-01-08 19:00,SOx,28.32
한국중부발전㈜신보령발전본부,1,2018-01-08 19:00,NOx,25.83
한국중부발전㈜신보령발전본부,1,2018-01-08 19:30,TSP,4.26
한국중부발전㈜신보령발전본부,1,2018-01-08 19:30,SOx,27.78
한국중부발전㈜신보령발전본부,1,2018-01-08 19:30,NOx,28.22
한국중부발전㈜신보령발전본부,1,2018-01-08 20:00,TSP,4.37
한국중부발전㈜신보령발전본부,1,2018-01-08 20:00,SOx,27.26
한국중부발전㈜신보령발전본부,1,2018-01-08 20:00,NOx,24.76
한국중부발전㈜신보령발전본부,1,2018-01-08 20:30,TSP,4.49
한국중부발전㈜신보령발전본부,1,2018-01-08 20:30,SOx,26.65
한국중부발전㈜신보령발전본부,1,2018-01-08 20:30,NOx,27.72
한국중부발전㈜신보령발전본부,1,2018-01-08 21:00,TSP,4.52
한국중부발전㈜신보령발전본부,1,2018-01-08 21:00,SOx,26.58
한국중부발전㈜신보령발전본부,1,2018-01-08 21:00,NOx,28.49
한국중부발전㈜신보령발전본부,1,2018-01-08 21:30,TSP,4.59
한국중부발전㈜신보령발전본부,1,2018-01-08 21:30,SOx,26.47
한국중부발전㈜신보령발전본부,1,2018-01-08 21:30,NOx,27.86
한국중부발전㈜신보령발전본부,1,2018-01-08 22:00,TSP,4.53
한국중부발전㈜신보령발전본부,1,2018-01-08 22:00,SOx,26.41
한국중부발전㈜신보령발전본부,1,2018-01-08 22:00,NOx,25.43
한국중부발전㈜신보령발전본부,1,2018-01-08 22:30,TSP,4.12
한국중부발전㈜신보령발전본부,1,2018-01-08 22:30,SOx,26.09
한국중부발전㈜신보령발전본부,1,2018-01-08 22:30,NOx,26.92
한국중부발전㈜신보령발전본부,1,2018-01-08 23:00,TSP,4.08
한국중부발전㈜신보령발전본부,1,2018-01-08 23:00,SOx,25.93
한국중부발전㈜신보령발전본부,1,2018-01-08 23:00,NOx,26.26
한국중부발전㈜신보령발전본부,1,2018-01-08 23:30,TSP,3.95
한국중부발전㈜신보령발전본부,1,2018-01-08 23:30,SOx,26.1
한국중부발전㈜신보령발전본부,1,2018-01-08 23:30,NOx,28.36
한국중부발전㈜신보령발전본부,1,2018-01-09 00:00,TSP,4.11
한국중부발전㈜신보령발전본부,1,2018-01-09 00:00,SOx,26.2
한국중부발전㈜신보령발전본부,1,2018-01-09 00:00,NOx,30.37
한국중부발전㈜신보령발전본부,1,2018-01-09 00:30,TSP,4.09
한국중부발전㈜신보령발전본부,1,2018-01-09 00:30,SOx,26.2
한국중부발전㈜신보령발전본부,1,2018-01-09 00:30,NOx,30.56
한국중부발전㈜신보령발전본부,1,2018-01-09 01:00,TSP,4.16
한국중부발전㈜신보령발전본부,1,2018-01-09 01:00,SOx,26.11
한국중부발전㈜신보령발전본부,1,2018-01-09 01:00,NOx,30.01
한국중부발전㈜신보령발전본부,1,2018-01-09 01:30,TSP,4.18
한국중부발전㈜신보령발전본부,1,2018-01-09 01:30,SOx,26.29
한국중부발전㈜신보령발전본부,1,2018-01-09 01:30,NOx,31.34
한국중부발전㈜신보령발전본부,1,2018-01-09 02:00,TSP,4.22
한국중부발전㈜신보령발전본부,1,2018-01-09 02:00,SOx,26.16
한국중부발전㈜신보령발전본부,1,2018-01-09 02:00,NOx,31.76
한국중부발전㈜신보령발전본부,1,2018-01-09 02:30,TSP,4.24
한국중부발전㈜신보령발전본부,1,2018-01-09 02:30,SOx,26.06
한국중부발전㈜신보령발전본부,1,2018-01-09 02:30,NOx,30.69
한국중부발전㈜신보령발전본부,1,2018-01-09 03:00,TSP,4.1
한국중부발전㈜신보령발전본부,1,2018-01-09 03:00,SOx,25.51
한국중부발전㈜신보령발전본부,1,2018-01-09 03:00,NOx,30.5
한국중부발전㈜신보령발전본부,1,2018-01-09 03:30,TSP,3.9
한국중부발전㈜신보령발전본부,1,2018-01-09 03:30,SOx,25.21
한국중부발전㈜신보령발전본부,1,2018-01-09 03:30,NOx,32.18
한국중부발전㈜신보령발전본부,1,2018-01-09 04:00,TSP,3.83
한국중부발전㈜신보령발전본부,1,2018-01-09 04:00,SOx,24.95
한국중부발전㈜신보령발전본부,1,2018-01-09 04:00,NOx,29.95
한국중부발전㈜신보령발전본부,1,2018-01-09 04:30,TSP,3.81
한국중부발전㈜신보령발전본부,1,2018-01-09 04:30,SOx,24.84
한국중부발전㈜신보령발전본부,1,2018-01-09 04:30,NOx,26.4
한국중부발전㈜신보령발전본부,1,2018-01-09 05:00,TSP,3.71
한국중부발전㈜신보령발전본부,1,2018-01-09 05:00,SOx,24.57
한국중부발전㈜신보령발전본부,1,2018-01-09 05:00,NOx,27.1
한국중부발전㈜신보령발전본부,1,2018-01-09 05:30,TSP,3.61
한국중부발전㈜신보령발전본부,1,2018-01-09 05:30,SOx,24.52
한국중부발전㈜신보령발전본부,1,2018-01-09 05:30,NOx,23.11
한국중부발전㈜신보령발전본부,1,2018-01-09 06:00,TSP,3.62
한국중부발전㈜신보령발전본부,1,2018-01-09 06:00,SOx,24.21
한국중부발전㈜신보령발전본부,1,2018-01-09 06:00,NOx,25.1
한국중부발전㈜신보령발전본부,1,2018-01-09 06:30,TSP,3.52
한국중부발전㈜신보령발전본부,1,2018-01-09 06:30,SOx,23.51
한국중부발전㈜신보령발전본부,1,2018-01-09 06:30,NOx,23.31
한국중부발전㈜신보령발전본부,1,2018-01-09 07:00,TSP,3.56
한국중부발전㈜신보령발전본부,1,2018-01-09 07:00,SOx,22.94
한국중부발전㈜신보령발전본부,1,2018-01-09 07:00,NOx,23.0
한국중부발전㈜신보령발전본부,1,2018-01-09 07:30,TSP,3.41
한국중부발전㈜신보령발전본부,1,2018-01-09 07:30,SOx,20.82
한국중부발전㈜신보령발전본부,1,2018-01-09 07:30,NOx,22.97
한국중부발전㈜신보령발전본부,1,2018-01-09 08:00,TSP,3.59
한국중부발전㈜신보령발전본부,1,2018-01-09 08:00,SOx,22.11
한국중부발전㈜신보령발전본부,1,2018-01-09 08:00,NOx,23.65
한국중부발전㈜신보령발전본부,1,2018-01-09 08:30,TSP,3.44
한국중부발전㈜신보령발전본부,1,2018-01-09 08:30,SOx,23.45
한국중부발전㈜신보령발전본부,1,2018-01-09 08:30,NOx,20.45
한국중부발전㈜신보령발전본부,1,2018-01-09 09:00,TSP,3.48
한국중부발전㈜신보령발전본부,1,2018-01-09 09:00,SOx,23.56
한국중부발전㈜신보령발전본부,1,2018-01-09 09:00,NOx,20.83
한국중부발전㈜신보령발전본부,1,2018-01-09 09:30,TSP,3.47
한국중부발전㈜신보령발전본부,1,2018-01-09 09:30,SOx,23.38
한국중부발전㈜신보령발전본부,1,2018-01-09 09:30,NOx,22.1
한국중부발전㈜신보령발전본부,1,2018-01-09 10:00,TSP,3.5
한국중부발전㈜신보령발전본부,1,2018-01-09 10:00,SOx,23.52
한국중부발전㈜신보령발전본부,1,2018-01-09 10:00,NOx,24.03
한국중부발전㈜신보령발전본부,1,2018-01-09 10:30,TSP,3.52
한국중부발전㈜신보령발전본부,1,2018-01-09 10:30,SOx,23.33
한국중부발전㈜신보령발전본부,1,2018-01-09 10:30,NOx,23.22
한국중부발전㈜신보령발전본부,1,2018-01-09 11:00,TSP,3.42
한국중부발전㈜신보령발전본부,1,2018-01-09 11:00,SOx,23.23
한국중부발전㈜신보령발전본부,1,2018-01-09 11:00,NOx,21.46
한국중부발전㈜신보령발전본부,1,2018-01-09 11:30,TSP,3.17
한국중부발전㈜신보령발전본부,1,2018-01-09 11:30,SOx,23.2
한국중부발전㈜신보령발전본부,1,2018-01-09 11:30,NOx,23.7
한국중부발전㈜신보령발전본부,1,2018-01-09 12:00,TSP,3.18
한국중부발전㈜신보령발전본부,1,2018-01-09 12:00,SOx,23.0
한국중부발전㈜신보령발전본부,1,2018-01-09 12:00,NOx,24.21
한국중부발전㈜신보령발전본부,1,2018-01-09 12:30,TSP,3.18
한국중부발전㈜신보령발전본부,1,2018-01-09 12:30,SOx,22.97
한국중부발전㈜신보령발전본부,1,2018-01-09 12:30,NOx,24.6
한국중부발전㈜신보령발전본부,1,2018-01-09 13:00,TSP,3.18
한국중부발전㈜신보령발전본부,1,2018-01-09 13:00,SOx,23.61
한국중부발전㈜신보령발전본부,1,2018-01-09 13:00,NOx,24.25
한국중부발전㈜신보령발전본부,1,2018-01-09 13:30,TSP,3.19
한국중부발전㈜신보령발전본부,1,2018-01-09 13:30,SOx,23.68
한국중부발전㈜신보령발전본부,1,2018-01-09 13:30,NOx,25.12
한국중부발전㈜신보령발전본부,1,2018-01-09 14:00,TSP,3.23
한국중부발전㈜신보령발전본부,1,2018-01-09 14:00,SOx,23.49
한국중부발전㈜신보령발전본부,1,2018-01-09 14:00,NOx,23.79
한국중부발전㈜신보령발전본부,1,2018-01-09 14:30,TSP,3.19
한국중부발전㈜신보령발전본부,1,2018-01-09 14:30,SOx,23.58
한국중부발전㈜신보령발전본부,1,2018-01-09 14:30,NOx,25.12
한국중부발전㈜신보령발전본부,1,2018-01-09 15:00,TSP,3.15
한국중부발전㈜신보령발전본부,1,2018-01-09 15:00,SOx,23.63
한국중부발전㈜신보령발전본부,1,2018-01-09 15:00,NOx,24.71
한국중부발전㈜신보령발전본부,1,2018-01-09 15:30,TSP,3.19
한국중부발전㈜신보령발전본부,1,2018-01-09 15:30,SOx,23.6
한국중부발전㈜신보령발전본부,1,2018-01-09 15:30,NOx,25.43
한국중부발전㈜신보령발전본부,1,2018-01-09 16:00,TSP,3.28
한국중부발전㈜신보령발전본부,1,2018-01-09 16:00,SOx,23.59
한국중부발전㈜신보령발전본부,1,2018-01-09 16:00,NOx,24.64
한국중부발전㈜신보령발전본부,1,2018-01-09 16:30,TSP,3.26
한국중부발전㈜신보령발전본부,1,2018-01-09 16:30,SOx,23.49
한국중부발전㈜신보령발전본부,1,2018-01-09 16:30,NOx,24.89
한국중부발전㈜신보령발전본부,1,2018-01-09 17:00,TSP,3.34
한국중부발전㈜신보령발전본부,1,2018-01-09 17:00,SOx,23.78
한국중부발전㈜신보령발전본부,1,2018-01-09 17:00,NOx,23.6
한국중부발전㈜신보령발전본부,1,2018-01-09 17:30,TSP,3.38
한국중부발전㈜신보령발전본부,1,2018-01-09 17:30,SOx,23.7
한국중부발전㈜신보령발전본부,1,2018-01-09 17:30,NOx,26.22
한국중부발전㈜신보령발전본부,1,2018-01-09 18:00,TSP,3.39
한국중부발전㈜신보령발전본부,1,2018-01-09 18:00,SOx,23.92
한국중부발전㈜신보령발전본부,1,2018-01-09 18:00,NOx,25.11
한국중부발전㈜신보령발전본부,1,2018-01-09 18:30,TSP,3.45
한국중부발전㈜신보령발전본부,1,2018-01-09 18:30,SOx,23.54
한국중부발전㈜신보령발전본부,1,2018-01-09 18:30,NOx,25.75
한국중부발전㈜신보령발전본부,1,2018-01-09 19:00,TSP,3.68
한국중부발전㈜신보령발전본부,1,2018-01-09 19:00,SOx,23.46
한국중부발전㈜신보령발전본부,1,2018-01-09 19:00,NOx,25.95
한국중부발전㈜신보령발전본부,1,2018-01-09 19:30,TSP,3.34
한국중부발전㈜신보령발전본부,1,2018-01-09 19:30,SOx,23.3
한국중부발전㈜신보령발전본부,1,2018-01-09 19:30,NOx,26.1
한국중부발전㈜신보령발전본부,1,2018-01-09 20:00,TSP,3.43
한국중부발전㈜신보령발전본부,1,2018-01-09 20:00,SOx,23.36
한국중부발전㈜신보령발전본부,1,2018-01-09 20:00,NOx,27.2
한국중부발전㈜신보령발전본부,1,2018-01-09 20:30,TSP,3.41
한국중부발전㈜신보령발전본부,1,2018-01-09 20:30,SOx,23.43
한국중부발전㈜신보령발전본부,1,2018-01-09 20:30,NOx,28.92
한국중부발전㈜신보령발전본부,1,2018-01-09 21:00,TSP,3.4
한국중부발전㈜신보령발전본부,1,2018-01-09 21:00,SOx,23.79
한국중부발전㈜신보령발전본부,1,2018-01-09 21:00,NOx,23.73
한국중부발전㈜신보령발전본부,1,2018-01-09 21:30,TSP,3.38
한국중부발전㈜신보령발전본부,1,2018-01-09 21:30,SOx,23.82
한국중부발전㈜신보령발전본부,1,2018-01-09 21:30,NOx,25.39
한국중부발전㈜신보령발전본부,1,2018-01-09 22:00,TSP,3.22
한국중부발전㈜신보령발전본부,1,2018-01-09 22:00,SOx,23.98
한국중부발전㈜신보령발전본부,1,2018-01-09 22:00,NOx,24.37
한국중부발전㈜신보령발전본부,1,2018-01-09 22:30,TSP,3.0
한국중부발전㈜신보령발전본부,1,2018-01-09 22:30,SOx,23.9
한국중부발전㈜신보령발전본부,1,2018-01-09 22:30,NOx,24.43
한국중부발전㈜신보령발전본부,1,2018-01-09 23:00,TSP,3.04
한국중부발전㈜신보령발전본부,1,2018-01-09 23:00,SOx,23.93
한국중부발전㈜신보령발전본부,1,2018-01-09 23:00,NOx,21.72
한국중부발전㈜신보령발전본부,1,2018-01-09 23:30,TSP,3.01
한국중부발전㈜신보령발전본부,1,2018-01-09 23:30,SOx,23.81
한국중부발전㈜신보령발전본부,1,2018-01-09 23:30,NOx,24.16
한국중부발전㈜신보령발전본부,1,2018-01-10 00:00,TSP,3.14
한국중부발전㈜신보령발전본부,1,2018-01-10 00:00,SOx,24.0
한국중부발전㈜신보령발전본부,1,2018-01-10 00:00,NOx,23.0
한국중부발전㈜신보령발전본부,1,2018-01-10 00:30,TSP,3.08
한국중부발전㈜신보령발전본부,1,2018-01-10 00:30,SOx,24.03
한국중부발전㈜신보령발전본부,1,2018-01-10 00:30,NOx,25.17
한국중부발전㈜신보령발전본부,1,2018-01-10 01:00,TSP,3.1
한국중부발전㈜신보령발전본부,1,2018-01-10 01:00,SOx,24.28
한국중부발전㈜신보령발전본부,1,2018-01-10 01:00,NOx,24.01
한국중부발전㈜신보령발전본부,1,2018-01-10 01:30,TSP,3.17
한국중부발전㈜신보령발전본부,1,2018-01-10 01:30,SOx,24.34
한국중부발전㈜신보령발전본부,1,2018-01-10 01:30,NOx,24.12
한국중부발전㈜신보령발전본부,1,2018-01-10 02:00,TSP,3.09
한국중부발전㈜신보령발전본부,1,2018-01-10 02:00,SOx,24.34
한국중부발전㈜신보령발전본부,1,2018-01-10 02:00,NOx,25.67
한국중부발전㈜신보령발전본부,1,2018-01-10 02:30,TSP,3.14
한국중부발전㈜신보령발전본부,1,2018-01-10 02:30,SOx,24.14
한국중부발전㈜신보령발전본부,1,2018-01-10 02:30,NOx,25.45
한국중부발전㈜신보령발전본부,1,2018-01-10 03:00,TSP,3.2
한국중부발전㈜신보령발전본부,1,2018-01-10 03:00,SOx,24.05
한국중부발전㈜신보령발전본부,1,2018-01-10 03:00,NOx,25.15
한국중부발전㈜신보령발전본부,1,2018-01-10 03:30,TSP,3.04
한국중부발전㈜신보령발전본부,1,2018-01-10 03:30,SOx,23.69
한국중부발전㈜신보령발전본부,1,2018-01-10 03:30,NOx,26.1
한국중부발전㈜신보령발전본부,1,2018-01-10 04:00,TSP,3.06
한국중부발전㈜신보령발전본부,1,2018-01-10 04:00,SOx,23.56
한국중부발전㈜신보령발전본부,1,2018-01-10 04:00,NOx,25.58
한국중부발전㈜신보령발전본부,1,2018-01-10 04:30,TSP,3.02
한국중부발전㈜신보령발전본부,1,2018-01-10 04:30,SOx,23.7
한국중부발전㈜신보령발전본부,1,2018-01-10 04:30,NOx,25.5
한국중부발전㈜신보령발전본부,1,2018-01-10 05:00,TSP,3.03
한국중부발전㈜신보령발전본부,1,2018-01-10 05:00,SOx,23.71
한국중부발전㈜신보령발전본부,1,2018-01-10 05:00,NOx,25.34
한국중부발전㈜신보령발전본부,1,2018-01-10 05:30,TSP,3.01
한국중부발전㈜신보령발전본부,1,2018-01-10 05:30,SOx,23.57
한국중부발전㈜신보령발전본부,1,2018-01-10 05:30,NOx,25.23
한국중부발전㈜신보령발전본부,1,2018-01-10 06:00,TSP,2.99
한국중부발전㈜신보령발전본부,1,2018-01-10 06:00,SOx,23.65
한국중부발전㈜신보령발전본부,1,2018-01-10 06:00,NOx,26.01
한국중부발전㈜신보령발전본부,1,2018-01-10 06:30,TSP,2.98
한국중부발전㈜신보령발전본부,1,2018-01-10 06:30,SOx,23.41
한국중부발전㈜신보령발전본부,1,2018-01-10 06:30,NOx,26.2
한국중부발전㈜신보령발전본부,1,2018-01-10 07:00,TSP,3.04
한국중부발전㈜신보령발전본부,1,2018-01-10 07:00,SOx,23.45
한국중부발전㈜신보령발전본부,1,2018-01-10 07:00,NOx,26.09
한국중부발전㈜신보령발전본부,1,2018-01-10 07:30,TSP,3.0
한국중부발전㈜신보령발전본부,1,2018-01-10 07:30,SOx,23.47
한국중부발전㈜신보령발전본부,1,2018-01-10 07:30,NOx,25.5
한국중부발전㈜신보령발전본부,1,2018-01-10 08:00,TSP,3.02
한국중부발전㈜신보령발전본부,1,2018-01-10 08:00,SOx,23.46
한국중부발전㈜신보령발전본부,1,2018-01-10 08:00,NOx,25.11
한국중부발전㈜신보령발전본부,1,2018-01-10 08:30,TSP,3.01
한국중부발전㈜신보령발전본부,1,2018-01-10 08:30,SOx,23.15
한국중부발전㈜신보령발전본부,1,2018-01-10 08:30,NOx,25.05
한국중부발전㈜신보령발전본부,1,2018-01-10 09:00,TSP,3.0
한국중부발전㈜신보령발전본부,1,2018-01-10 09:00,SOx,23.01
한국중부발전㈜신보령발전본부,1,2018-01-10 09:00,NOx,24.43
한국중부발전㈜신보령발전본부,1,2018-01-10 09:30,TSP,3.06
한국중부발전㈜신보령발전본부,1,2018-01-10 09:30,SOx,22.74
한국중부발전㈜신보령발전본부,1,2018-01-10 09:30,NOx,25.07
한국중부발전㈜신보령발전본부,1,2018-01-10 10:00,TSP,3.08
한국중부발전㈜신보령발전본부,1,2018-01-10 10:00,SOx,22.6
한국중부발전㈜신보령발전본부,1,2018-01-10 10:00,NOx,23.79
한국중부발전㈜신보령발전본부,1,2018-01-10 10:30,TSP,3.06
한국중부발전㈜신보령발전본부,1,2018-01-10 10:30,SOx,22.16
한국중부발전㈜신보령발전본부,1,2018-01-10 10:30,NOx,25.62
한국중부발전㈜신보령발전본부,1,2018-01-10 11:00,TSP,3.08
한국중부발전㈜신보령발전본부,1,2018-01-10 11:00,SOx,21.91
한국중부발전㈜신보령발전본부,1,2018-01-10 11:00,NOx,25.27
한국중부발전㈜신보령발전본부,1,2018-01-10 11:30,TSP,2.93
한국중부발전㈜신보령발전본부,1,2018-01-10 11:30,SOx,22.08
한국중부발전㈜신보령발전본부,1,2018-01-10 11:30,NOx,25.9
한국중부발전㈜신보령발전본부,1,2018-01-10 12:00,TSP,2.93
한국중부발전㈜신보령발전본부,1,2018-01-10 12:00,SOx,22.25
한국중부발전㈜신보령발전본부,1,2018-01-10 12:00,NOx,25.33
한국중부발전㈜신보령발전본부,1,2018-01-10 12:30,TSP,2.93
한국중부발전㈜신보령발전본부,1,2018-01-10 12:30,SOx,22.54
한국중부발전㈜신보령발전본부,1,2018-01-10 12:30,NOx,25.2
한국중부발전㈜신보령발전본부,1,2018-01-10 13:00,TSP,2.94
한국중부발전㈜신보령발전본부,1,2018-01-10 13:00,SOx,22.62
한국중부발전㈜신보령발전본부,1,2018-01-10 13:00,NOx,26.66
한국중부발전㈜신보령발전본부,1,2018-01-10 13:30,TSP,2.91
한국중부발전㈜신보령발전본부,1,2018-01-10 13:30,SOx,22.76
한국중부발전㈜신보령발전본부,1,2018-01-10 13:30,NOx,26.88
한국중부발전㈜신보령발전본부,1,2018-01-10 14:00,TSP,2.94
한국중부발전㈜신보령발전본부,1,2018-01-10 14:00,SOx,22.94
한국중부발전㈜신보령발전본부,1,2018-01-10 14:00,NOx,27.95
한국중부발전㈜신보령발전본부,1,2018-01-10 14:30,TSP,2.97
한국중부발전㈜신보령발전본부,1,2018-01-10 14:30,SOx,22.98
한국중부발전㈜신보령발전본부,1,2018-01-10 14:30,NOx,23.77
한국중부발전㈜신보령발전본부,1,2018-01-10 15:00,TSP,2.9
한국중부발전㈜신보령발전본부,1,2018-01-10 15:00,SOx,23.18
한국중부발전㈜신보령발전본부,1,2018-01-10 15:00,NOx,24.4
한국중부발전㈜신보령발전본부,1,2018-01-10 15:30,TSP,2.89
한국중부발전㈜신보령발전본부,1,2018-01-10 15:30,SOx,23.15
한국중부발전㈜신보령발전본부,1,2018-01-10 15:30,NOx,23.68
한국중부발전㈜신보령발전본부,1,2018-01-10 16:00,TSP,2.89
한국중부발전㈜신보령발전본부,1,2018-01-10 16:00,SOx,23.44
한국중부발전㈜신보령발전본부,1,2018-01-10 16:00,NOx,23.97
한국중부발전㈜신보령발전본부,1,2018-01-10 16:30,TSP,2.93
한국중부발전㈜신보령발전본부,1,2018-01-10 16:30,SOx,23.28
한국중부발전㈜신보령발전본부,1,2018-01-10 16:30,NOx,25.56
한국중부발전㈜신보령발전본부,1,2018-01-10 17:00,TSP,2.95
한국중부발전㈜신보령발전본부,1,2018-01-10 17:00,SOx,23.26
한국중부발전㈜신보령발전본부,1,2018-01-10 17:00,NOx,25.36
한국중부발전㈜신보령발전본부,1,2018-01-10 17:30,TSP,2.95
한국중부발전㈜신보령발전본부,1,2018-01-10 17:30,SOx,23.94
한국중부발전㈜신보령발전본부,1,2018-01-10 17:30,NOx,24.26
한국중부발전㈜신보령발전본부,1,2018-01-10 18:00,TSP,2.98
한국중부발전㈜신보령발전본부,1,2018-01-10 18:00,SOx,23.84
한국중부발전㈜신보령발전본부,1,2018-01-10 18:00,NOx,23.34
한국중부발전㈜신보령발전본부,1,2018-01-10 18:30,TSP,3.0
한국중부발전㈜신보령발전본부,1,2018-01-10 18:30,SOx,23.92
한국중부발전㈜신보령발전본부,1,2018-01-10 18:30,NOx,24.72
한국중부발전㈜신보령발전본부,1,2018-01-10 19:00,TSP,3.17
한국중부발전㈜신보령발전본부,1,2018-01-10 19:00,SOx,23.34
한국중부발전㈜신보령발전본부,1,2018-01-10 19:00,NOx,25.73
한국중부발전㈜신보령발전본부,1,2018-01-10 19:30,TSP,2.98
한국중부발전㈜신보령발전본부,1,2018-01-10 19:30,SOx,23.39
한국중부발전㈜신보령발전본부,1,2018-01-10 19:30,NOx,25.67
한국중부발전㈜신보령발전본부,1,2018-01-10 20:00,TSP,3.02
한국중부발전㈜신보령발전본부,1,2018-01-10 20:00,SOx,22.85
한국중부발전㈜신보령발전본부,1,2018-01-10 20:00,NOx,25.76
한국중부발전㈜신보령발전본부,1,2018-01-10 20:30,TSP,3.06
한국중부발전㈜신보령발전본부,1,2018-01-10 20:30,SOx,22.82
한국중부발전㈜신보령발전본부,1,2018-01-10 20:30,NOx,25.5
한국중부발전㈜신보령발전본부,1,2018-01-10 21:00,TSP,3.05
한국중부발전㈜신보령발전본부,1,2018-01-10 21:00,SOx,22.59
한국중부발전㈜신보령발전본부,1,2018-01-10 21:00,NOx,26.36
한국중부발전㈜신보령발전본부,1,2018-01-10 21:30,TSP,3.1
한국중부발전㈜신보령발전본부,1,2018-01-10 21:30,SOx,22.38
한국중부발전㈜신보령발전본부,1,2018-01-10 21:30,NOx,26.89
한국중부발전㈜신보령발전본부,1,2018-01-10 22:00,TSP,3.09
한국중부발전㈜신보령발전본부,1,2018-01-10 22:00,SOx,21.86
한국중부발전㈜신보령발전본부,1,2018-01-10 22:00,NOx,26.28
한국중부발전㈜신보령발전본부,1,2018-01-10 22:30,TSP,2.88
한국중부발전㈜신보령발전본부,1,2018-01-10 22:30,SOx,21.57
한국중부발전㈜신보령발전본부,1,2018-01-10 22:30,NOx,26.42
한국중부발전㈜신보령발전본부,1,2018-01-10 23:00,TSP,2.89
한국중부발전㈜신보령발전본부,1,2018-01-10 23:00,SOx,21.81
한국중부발전㈜신보령발전본부,1,2018-01-10 23:00,NOx,26.22
한국중부발전㈜신보령발전본부,1,2018-01-10 23:30,TSP,2.88
한국중부발전㈜신보령발전본부,1,2018-01-10 23:30,SOx,22.0
한국중부발전㈜신보령발전본부,1,2018-01-10 23:30,NOx,26.08
한국중부발전㈜신보령발전본부,1,2018-01-11 00:00,TSP,2.89
한국중부발전㈜신보령발전본부,1,2018-01-11 00:00,SOx,23.17
한국중부발전㈜신보령발전본부,1,2018-01-11 00:00,NOx,26.67
한국중부발전㈜신보령발전본부,1,2018-01-11 00:30,TSP,2.9
한국중부발전㈜신보령발전본부,1,2018-01-11 00:30,SOx,24.27
한국중부발전㈜신보령발전본부,1,2018-01-11 00:30,NOx,26.65
한국중부발전㈜신보령발전본부,1,2018-01-11 01:00,TSP,2.97
한국중부발전㈜신보령발전본부,1,2018-01-11 01:00,SOx,25.63
한국중부발전㈜신보령발전본부,1,2018-01-11 01:00,NOx,26.46
한국중부발전㈜신보령발전본부,1,2018-01-11 01:30,TSP,2.97
한국중부발전㈜신보령발전본부,1,2018-01-11 01:30,SOx,27.0
한국중부발전㈜신보령발전본부,1,2018-01-11 01:30,NOx,27.61
한국중부발전㈜신보령발전본부,1,2018-01-11 02:00,TSP,3.05
한국중부발전㈜신보령발전본부,1,2018-01-11 02:00,SOx,28.11
한국중부발전㈜신보령발전본부,1,2018-01-11 02:00,NOx,27.54
한국중부발전㈜신보령발전본부,1,2018-01-11 02:30,TSP,3.07
한국중부발전㈜신보령발전본부,1,2018-01-11 02:30,SOx,29.45
한국중부발전㈜신보령발전본부,1,2018-01-11 02:30,NOx,28.52
한국중부발전㈜신보령발전본부,1,2018-01-11 03:00,TSP,3.11
한국중부발전㈜신보령발전본부,1,2018-01-11 03:00,SOx,30.58
한국중부발전㈜신보령발전본부,1,2018-01-11 03:00,NOx,29.97
한국중부발전㈜신보령발전본부,1,2018-01-11 03:30,TSP,3.07
한국중부발전㈜신보령발전본부,1,2018-01-11 03:30,SOx,31.53
한국중부발전㈜신보령발전본부,1,2018-01-11 03:30,NOx,29.89
한국중부발전㈜신보령발전본부,1,2018-01-11 04:00,TSP,3.09
한국중부발전㈜신보령발전본부,1,2018-01-11 04:00,SOx,32.33
한국중부발전㈜신보령발전본부,1,2018-01-11 04:00,NOx,28.19
한국중부발전㈜신보령발전본부,1,2018-01-11 04:30,TSP,3.07
한국중부발전㈜신보령발전본부,1,2018-01-11 04:30,SOx,32.6
한국중부발전㈜신보령발전본부,1,2018-01-11 04:30,NOx,29.47
한국중부발전㈜신보령발전본부,1,2018-01-11 05:00,TSP,3.03
한국중부발전㈜신보령발전본부,1,2018-01-11 05:00,SOx,32.85
한국중부발전㈜신보령발전본부,1,2018-01-11 05:00,NOx,30.96
한국중부발전㈜신보령발전본부,1,2018-01-11 05:30,TSP,2.99
한국중부발전㈜신보령발전본부,1,2018-01-11 05:30,SOx,32.72
한국중부발전㈜신보령발전본부,1,2018-01-11 05:30,NOx,33.06
한국중부발전㈜신보령발전본부,1,2018-01-11 06:00,TSP,2.99
한국중부발전㈜신보령발전본부,1,2018-01-11 06:00,SOx,32.38
한국중부발전㈜신보령발전본부,1,2018-01-11 06:00,NOx,31.97
한국중부발전㈜신보령발전본부,1,2018-01-11 06:30,TSP,2.98
한국중부발전㈜신보령발전본부,1,2018-01-11 06:30,SOx,31.55
한국중부발전㈜신보령발전본부,1,2018-01-11 06:30,NOx,31.14
한국중부발전㈜신보령발전본부,1,2018-01-11 07:00,TSP,3.01
한국중부발전㈜신보령발전본부,1,2018-01-11 07:00,SOx,30.92
한국중부발전㈜신보령발전본부,1,2018-01-11 07:00,NOx,30.37
한국중부발전㈜신보령발전본부,1,2018-01-11 07:30,TSP,2.95
한국중부발전㈜신보령발전본부,1,2018-01-11 07:30,SOx,30.2
한국중부발전㈜신보령발전본부,1,2018-01-11 07:30,NOx,31.77
한국중부발전㈜신보령발전본부,1,2018-01-11 08:00,TSP,2.92
한국중부발전㈜신보령발전본부,1,2018-01-11 08:00,SOx,29.45
한국중부발전㈜신보령발전본부,1,2018-01-11 08:00,NOx,30.75
한국중부발전㈜신보령발전본부,1,2018-01-11 08:30,TSP,2.9
한국중부발전㈜신보령발전본부,1,2018-01-11 08:30,SOx,28.57
한국중부발전㈜신보령발전본부,1,2018-01-11 08:30,NOx,30.84
한국중부발전㈜신보령발전본부,1,2018-01-11 09:00,TSP,2.92
한국중부발전㈜신보령발전본부,1,2018-01-11 09:00,SOx,27.32
한국중부발전㈜신보령발전본부,1,2018-01-11 09:00,NOx,30.11
한국중부발전㈜신보령발전본부,1,2018-01-11 09:30,TSP,2.93
한국중부발전㈜신보령발전본부,1,2018-01-11 09:30,SOx,26.61
한국중부발전㈜신보령발전본부,1,2018-01-11 09:30,NOx,30.18
한국중부발전㈜신보령발전본부,1,2018-01-11 10:00,TSP,2.94
한국중부발전㈜신보령발전본부,1,2018-01-11 10:00,SOx,26.0
한국중부발전㈜신보령발전본부,1,2018-01-11 10:00,NOx,27.71
한국중부발전㈜신보령발전본부,1,2018-01-11 10:30,TSP,2.93
한국중부발전㈜신보령발전본부,1,2018-01-11 10:30,SOx,24.8
한국중부발전㈜신보령발전본부,1,2018-01-11 10:30,NOx,24.69
한국중부발전㈜신보령발전본부,1,2018-01-11 11:00,TSP,2.92
한국중부발전㈜신보령발전본부,1,2018-01-11 11:00,SOx,24.96
한국중부발전㈜신보령발전본부,1,2018-01-11 11:00,NOx,25.91
한국중부발전㈜신보령발전본부,1,2018-01-11 11:30,TSP,2.81
한국중부발전㈜신보령발전본부,1,2018-01-11 11:30,SOx,24.96
한국중부발전㈜신보령발전본부,1,2018-01-11 11:30,NOx,26.19
한국중부발전㈜신보령발전본부,1,2018-01-11 12:00,TSP,2.85
한국중부발전㈜신보령발전본부,1,2018-01-11 12:00,SOx,25.03
한국중부발전㈜신보령발전본부,1,2018-01-11 12:00,NOx,24.21
한국중부발전㈜신보령발전본부,1,2018-01-11 12:30,TSP,2.82
한국중부발전㈜신보령발전본부,1,2018-01-11 12:30,SOx,24.91
한국중부발전㈜신보령발전본부,1,2018-01-11 12:30,NOx,24.05
한국중부발전㈜신보령발전본부,1,2018-01-11 13:00,TSP,2.82
한국중부발전㈜신보령발전본부,1,2018-01-11 13:00,SOx,24.51
한국중부발전㈜신보령발전본부,1,2018-01-11 13:00,NOx,24.69
한국중부발전㈜신보령발전본부,1,2018-01-11 13:30,TSP,2.84
한국중부발전㈜신보령발전본부,1,2018-01-11 13:30,SOx,24.54
한국중부발전㈜신보령발전본부,1,2018-01-11 13:30,NOx,24.93
한국중부발전㈜신보령발전본부,1,2018-01-11 14:00,TSP,2.83
한국중부발전㈜신보령발전본부,1,2018-01-11 14:00,SOx,24.31
한국중부발전㈜신보령발전본부,1,2018-01-11 14:00,NOx,27.45
한국중부발전㈜신보령발전본부,1,2018-01-11 14:30,TSP,2.87
한국중부발전㈜신보령발전본부,1,2018-01-11 14:30,SOx,24.13
한국중부발전㈜신보령발전본부,1,2018-01-11 14:30,NOx,24.79
한국중부발전㈜신보령발전본부,1,2018-01-11 15:00,TSP,2.83
한국중부발전㈜신보령발전본부,1,2018-01-11 15:00,SOx,23.99
한국중부발전㈜신보령발전본부,1,2018-01-11 15:00,NOx,26.21
한국중부발전㈜신보령발전본부,1,2018-01-11 15:30,TSP,2.77
한국중부발전㈜신보령발전본부,1,2018-01-11 15:30,SOx,24.09
한국중부발전㈜신보령발전본부,1,2018-01-11 15:30,NOx,24.39
한국중부발전㈜신보령발전본부,1,2018-01-11 16:00,TSP,2.81
한국중부발전㈜신보령발전본부,1,2018-01-11 16:00,SOx,24.19
한국중부발전㈜신보령발전본부,1,2018-01-11 16:00,NOx,24.34
한국중부발전㈜신보령발전본부,1,2018-01-11 16:30,TSP,2.79
한국중부발전㈜신보령발전본부,1,2018-01-11 16:30,SOx,24.11
한국중부발전㈜신보령발전본부,1,2018-01-11 16:30,NOx,24.02
한국중부발전㈜신보령발전본부,1,2018-01-11 17:00,TSP,2.82
한국중부발전㈜신보령발전본부,1,2018-01-11 17:00,SOx,24.09
한국중부발전㈜신보령발전본부,1,2018-01-11 17:00,NOx,24.38
한국중부발전㈜신보령발전본부,1,2018-01-11 17:30,TSP,2.85
한국중부발전㈜신보령발전본부,1,2018-01-11 17:30,SOx,23.99
한국중부발전㈜신보령발전본부,1,2018-01-11 17:30,NOx,27.13
한국중부발전㈜신보령발전본부,1,2018-01-11 18:00,TSP,2.89
한국중부발전㈜신보령발전본부,1,2018-01-11 18:00,SOx,24.28
한국중부발전㈜신보령발전본부,1,2018-01-11 18:00,NOx,31.2
한국중부발전㈜신보령발전본부,1,2018-01-11 18:30,TSP,2.88
한국중부발전㈜신보령발전본부,1,2018-01-11 18:30,SOx,24.6
한국중부발전㈜신보령발전본부,1,2018-01-11 18:30,NOx,25.5
한국중부발전㈜신보령발전본부,1,2018-01-11 19:00,TSP,3.02
한국중부발전㈜신보령발전본부,1,2018-01-11 19:00,SOx,25.11
한국중부발전㈜신보령발전본부,1,2018-01-11 19:00,NOx,26.32
한국중부발전㈜신보령발전본부,1,2018-01-11 19:30,TSP,2.87
한국중부발전㈜신보령발전본부,1,2018-01-11 19:30,SOx,25.22
한국중부발전㈜신보령발전본부,1,2018-01-11 19:30,NOx,24.32
한국중부발전㈜신보령발전본부,1,2018-01-11 20:00,TSP,2.93
한국중부발전㈜신보령발전본부,1,2018-01-11 20:00,SOx,25.05
한국중부발전㈜신보령발전본부,1,2018-01-11 20:00,NOx,24.28
한국중부발전㈜신보령발전본부,1,2018-01-11 20:30,TSP,2.98
한국중부발전㈜신보령발전본부,1,2018-01-11 20:30,SOx,25.15
한국중부발전㈜신보령발전본부,1,2018-01-11 20:30,NOx,22.67
한국중부발전㈜신보령발전본부,1,2018-01-11 21:00,TSP,2.95
한국중부발전㈜신보령발전본부,1,2018-01-11 21:00,SOx,25.28
한국중부발전㈜신보령발전본부,1,2018-01-11 21:00,NOx,30.97
한국중부발전㈜신보령발전본부,1,2018-01-11 21:30,TSP,2.99
한국중부발전㈜신보령발전본부,1,2018-01-11 21:30,SOx,25.55
한국중부발전㈜신보령발전본부,1,2018-01-11 21:30,NOx,24.12
한국중부발전㈜신보령발전본부,1,2018-01-11 22:00,TSP,2.94
한국중부발전㈜신보령발전본부,1,2018-01-11 22:00,SOx,27.1
한국중부발전㈜신보령발전본부,1,2018-01-11 22:00,NOx,21.84
한국중부발전㈜신보령발전본부,1,2018-01-11 22:30,TSP,2.74
한국중부발전㈜신보령발전본부,1,2018-01-11 22:30,SOx,28.09
한국중부발전㈜신보령발전본부,1,2018-01-11 22:30,NOx,21.7
한국중부발전㈜신보령발전본부,1,2018-01-11 23:00,TSP,2.74
한국중부발전㈜신보령발전본부,1,2018-01-11 23:00,SOx,28.34
한국중부발전㈜신보령발전본부,1,2018-01-11 23:00,NOx,23.36
한국중부발전㈜신보령발전본부,1,2018-01-11 23:30,TSP,2.75
한국중부발전㈜신보령발전본부,1,2018-01-11 23:30,SOx,28.44
한국중부발전㈜신보령발전본부,1,2018-01-11 23:30,NOx,23.36
한국중부발전㈜신보령발전본부,1,2018-01-12 00:00,TSP,2.79
한국중부발전㈜신보령발전본부,1,2018-01-12 00:00,SOx,28.44
한국중부발전㈜신보령발전본부,1,2018-01-12 00:00,NOx,22.59
한국중부발전㈜신보령발전본부,1,2018-01-12 00:30,TSP,2.81
한국중부발전㈜신보령발전본부,1,2018-01-12 00:30,SOx,29.04
한국중부발전㈜신보령발전본부,1,2018-01-12 00:30,NOx,22.25
한국중부발전㈜신보령발전본부,1,2018-01-12 01:00,TSP,2.8
한국중부발전㈜신보령발전본부,1,2018-01-12 01:00,SOx,29.61
한국중부발전㈜신보령발전본부,1,2018-01-12 01:00,NOx,22.38
한국중부발전㈜신보령발전본부,1,2018-01-12 01:30,TSP,2.83
한국중부발전㈜신보령발전본부,1,2018-01-12 01:30,SOx,30.16
한국중부발전㈜신보령발전본부,1,2018-01-12 01:30,NOx,18.7
한국중부발전㈜신보령발전본부,1,2018-01-12 02:00,TSP,2.81
한국중부발전㈜신보령발전본부,1,2018-01-12 02:00,SOx,30.92
한국중부발전㈜신보령발전본부,1,2018-01-12 02:00,NOx,17.59
한국중부발전㈜신보령발전본부,1,2018-01-12 02:30,TSP,2.82
한국중부발전㈜신보령발전본부,1,2018-01-12 02:30,SOx,31.26
한국중부발전㈜신보령발전본부,1,2018-01-12 02:30,NOx,22.34
한국중부발전㈜신보령발전본부,1,2018-01-12 03:00,TSP,2.87
한국중부발전㈜신보령발전본부,1,2018-01-12 03:00,SOx,31.12
한국중부발전㈜신보령발전본부,1,2018-01-12 03:00,NOx,22.81
한국중부발전㈜신보령발전본부,1,2018-01-12 03:30,TSP,2.82
한국중부발전㈜신보령발전본부,1,2018-01-12 03:30,SOx,31.39
한국중부발전㈜신보령발전본부,1,2018-01-12 03:30,NOx,22.23
한국중부발전㈜신보령발전본부,1,2018-01-12 04:00,TSP,2.81
한국중부발전㈜신보령발전본부,1,2018-01-12 04:00,SOx,31.95
한국중부발전㈜신보령발전본부,1,2018-01-12 04:00,NOx,20.62
한국중부발전㈜신보령발전본부,1,2018-01-12 04:30,TSP,2.76
한국중부발전㈜신보령발전본부,1,2018-01-12 04:30,SOx,32.28
한국중부발전㈜신보령발전본부,1,2018-01-12 04:30,NOx,22.27
한국중부발전㈜신보령발전본부,1,2018-01-12 05:00,TSP,2.78
한국중부발전㈜신보령발전본부,1,2018-01-12 05:00,SOx,32.84
한국중부발전㈜신보령발전본부,1,2018-01-12 05:00,NOx,21.44
한국중부발전㈜신보령발전본부,1,2018-01-12 05:30,TSP,2.79
한국중부발전㈜신보령발전본부,1,2018-01-12 05:30,SOx,32.97
한국중부발전㈜신보령발전본부,1,2018-01-12 05:30,NOx,20.55
한국중부발전㈜신보령발전본부,1,2018-01-12 06:00,TSP,2.78
한국중부발전㈜신보령발전본부,1,2018-01-12 06:00,SOx,33.3
한국중부발전㈜신보령발전본부,1,2018-01-12 06:00,NOx,21.5
한국중부발전㈜신보령발전본부,1,2018-01-12 06:30,TSP,2.73
한국중부발전㈜신보령발전본부,1,2018-01-12 06:30,SOx,33.53
한국중부발전㈜신보령발전본부,1,2018-01-12 06:30,NOx,21.82
한국중부발전㈜신보령발전본부,1,2018-01-12 07:00,TSP,2.74
한국중부발전㈜신보령발전본부,1,2018-01-12 07:00,SOx,33.83
한국중부발전㈜신보령발전본부,1,2018-01-12 07:00,NOx,19.29
한국중부발전㈜신보령발전본부,1,2018-01-12 07:30,TSP,2.72
한국중부발전㈜신보령발전본부,1,2018-01-12 07:30,SOx,34.22
한국중부발전㈜신보령발전본부,1,2018-01-12 07:30,NOx,20.98
한국중부발전㈜신보령발전본부,1,2018-01-12 08:00,TSP,2.73
한국중부발전㈜신보령발전본부,1,2018-01-12 08:00,SOx,34.5
한국중부발전㈜신보령발전본부,1,2018-01-12 08:00,NOx,20.82
한국중부발전㈜신보령발전본부,1,2018-01-12 08:30,TSP,2.71
한국중부발전㈜신보령발전본부,1,2018-01-12 08:30,SOx,34.69
한국중부발전㈜신보령발전본부,1,2018-01-12 08:30,NOx,20.72
한국중부발전㈜신보령발전본부,1,2018-01-12 09:00,TSP,2.73
한국중부발전㈜신보령발전본부,1,2018-01-12 09:00,SOx,35.0
한국중부발전㈜신보령발전본부,1,2018-01-12 09:00,NOx,21.17
한국중부발전㈜신보령발전본부,1,2018-01-12 09:30,TSP,2.78
한국중부발전㈜신보령발전본부,1,2018-01-12 09:30,SOx,35.53
한국중부발전㈜신보령발전본부,1,2018-01-12 09:30,NOx,19.76
한국중부발전㈜신보령발전본부,1,2018-01-12 10:00,TSP,2.77
한국중부발전㈜신보령발전본부,1,2018-01-12 10:00,SOx,35.78
한국중부발전㈜신보령발전본부,1,2018-01-12 10:00,NOx,21.84
한국중부발전㈜신보령발전본부,1,2018-01-12 10:30,TSP,2.83
한국중부발전㈜신보령발전본부,1,2018-01-12 10:30,SOx,35.89
한국중부발전㈜신보령발전본부,1,2018-01-12 10:30,NOx,19.88
한국중부발전㈜신보령발전본부,1,2018-01-12 11:00,TSP,2.89
한국중부발전㈜신보령발전본부,1,2018-01-12 11:00,SOx,35.58
한국중부발전㈜신보령발전본부,1,2018-01-12 11:00,NOx,20.01
한국중부발전㈜신보령발전본부,1,2018-01-12 11:30,TSP,2.88
한국중부발전㈜신보령발전본부,1,2018-01-12 11:30,SOx,35.69
한국중부발전㈜신보령발전본부,1,2018-01-12 11:30,NOx,20.2
한국중부발전㈜신보령발전본부,1,2018-01-12 12:00,TSP,2.81
한국중부발전㈜신보령발전본부,1,2018-01-12 12:00,SOx,36.12
한국중부발전㈜신보령발전본부,1,2018-01-12 12:00,NOx,21.1
한국중부발전㈜신보령발전본부,1,2018-01-12 12:30,TSP,2.79
한국중부발전㈜신보령발전본부,1,2018-01-12 12:30,SOx,36.89
한국중부발전㈜신보령발전본부,1,2018-01-12 12:30,NOx,20.7
한국중부발전㈜신보령발전본부,1,2018-01-12 13:00,TSP,2.84
한국중부발전㈜신보령발전본부,1,2018-01-12 13:00,SOx,37.49
한국중부발전㈜신보령발전본부,1,2018-01-12 13:00,NOx,21.79
한국중부발전㈜신보령발전본부,1,2018-01-12 13:30,TSP,2.85
한국중부발전㈜신보령발전본부,1,2018-01-12 13:30,SOx,37.07
한국중부발전㈜신보령발전본부,1,2018-01-12 13:30,NOx,20.95
한국중부발전㈜신보령발전본부,1,2018-01-12 14:00,TSP,2.81
한국중부발전㈜신보령발전본부,1,2018-01-12 14:00,SOx,34.21
한국중부발전㈜신보령발전본부,1,2018-01-12 14:00,NOx,19.85
한국중부발전㈜신보령발전본부,1,2018-01-12 14:30,TSP,2.8
한국중부발전㈜신보령발전본부,1,2018-01-12 14:30,SOx,34.82
한국중부발전㈜신보령발전본부,1,2018-01-12 14:30,NOx,19.55
한국중부발전㈜신보령발전본부,1,2018-01-12 15:00,TSP,2.83
한국중부발전㈜신보령발전본부,1,2018-01-12 15:00,SOx,35.38
한국중부발전㈜신보령발전본부,1,2018-01-12 15:00,NOx,19.56
한국중부발전㈜신보령발전본부,1,2018-01-12 15:30,TSP,2.84
한국중부발전㈜신보령발전본부,1,2018-01-12 15:30,SOx,35.76
한국중부발전㈜신보령발전본부,1,2018-01-12 15:30,NOx,17.94
한국중부발전㈜신보령발전본부,1,2018-01-12 16:00,TSP,2.87
한국중부발전㈜신보령발전본부,1,2018-01-12 16:00,SOx,35.01
한국중부발전㈜신보령발전본부,1,2018-01-12 16:00,NOx,19.61
한국중부발전㈜신보령발전본부,1,2018-01-12 16:30,TSP,2.87
한국중부발전㈜신보령발전본부,1,2018-01-12 16:30,SOx,34.76
한국중부발전㈜신보령발전본부,1,2018-01-12 16:30,NOx,18.73
한국중부발전㈜신보령발전본부,1,2018-01-12 17:00,TSP,2.88
한국중부발전㈜신보령발전본부,1,2018-01-12 17:00,SOx,34.17
한국중부발전㈜신보령발전본부,1,2018-01-12 17:00,NOx,18.6
한국중부발전㈜신보령발전본부,1,2018-01-12 17:30,TSP,2.91
한국중부발전㈜신보령발전본부,1,2018-01-12 17:30,SOx,33.55
한국중부발전㈜신보령발전본부,1,2018-01-12 17:30,NOx,18.13
한국중부발전㈜신보령발전본부,1,2018-01-12 18:00,TSP,2.99
한국중부발전㈜신보령발전본부,1,2018-01-12 18:00,SOx,33.3
한국중부발전㈜신보령발전본부,1,2018-01-12 18:00,NOx,17.55
한국중부발전㈜신보령발전본부,1,2018-01-12 18:30,TSP,3.03
한국중부발전㈜신보령발전본부,1,2018-01-12 18:30,SOx,33.22
한국중부발전㈜신보령발전본부,1,2018-01-12 18:30,NOx,18.94
한국중부발전㈜신보령발전본부,1,2018-01-12 19:00,TSP,3.19
한국중부발전㈜신보령발전본부,1,2018-01-12 19:00,SOx,32.63
한국중부발전㈜신보령발전본부,1,2018-01-12 19:00,NOx,19.22
한국중부발전㈜신보령발전본부,1,2018-01-12 19:30,TSP,3.12
한국중부발전㈜신보령발전본부,1,2018-01-12 19:30,SOx,31.7
한국중부발전㈜신보령발전본부,1,2018-01-12 19:30,NOx,19.74
한국중부발전㈜신보령발전본부,1,2018-01-12 20:00,TSP,3.17
한국중부발전㈜신보령발전본부,1,2018-01-12 20:00,SOx,28.42
한국중부발전㈜신보령발전본부,1,2018-01-12 20:00,NOx,19.33
한국중부발전㈜신보령발전본부,1,2018-01-12 20:30,TSP,3.17
한국중부발전㈜신보령발전본부,1,2018-01-12 20:30,SOx,27.51
한국중부발전㈜신보령발전본부,1,2018-01-12 20:30,NOx,19.71
한국중부발전㈜신보령발전본부,1,2018-01-12 21:00,TSP,3.18
한국중부발전㈜신보령발전본부,1,2018-01-12 21:00,SOx,27.24
한국중부발전㈜신보령발전본부,1,2018-01-12 21:00,NOx,18.88
한국중부발전㈜신보령발전본부,1,2018-01-12 21:30,TSP,3.1
한국중부발전㈜신보령발전본부,1,2018-01-12 21:30,SOx,26.21
한국중부발전㈜신보령발전본부,1,2018-01-12 21:30,NOx,18.85
한국중부발전㈜신보령발전본부,1,2018-01-12 22:00,TSP,3.05
한국중부발전㈜신보령발전본부,1,2018-01-12 22:00,SOx,25.37
한국중부발전㈜신보령발전본부,1,2018-01-12 22:00,NOx,18.48
한국중부발전㈜신보령발전본부,1,2018-01-12 22:30,TSP,2.94
한국중부발전㈜신보령발전본부,1,2018-01-12 22:30,SOx,24.74
한국중부발전㈜신보령발전본부,1,2018-01-12 22:30,NOx,18.78
한국중부발전㈜신보령발전본부,1,2018-01-12 23:00,TSP,2.91
한국중부발전㈜신보령발전본부,1,2018-01-12 23:00,SOx,24.06
한국중부발전㈜신보령발전본부,1,2018-01-12 23:00,NOx,18.48
한국중부발전㈜신보령발전본부,1,2018-01-12 23:30,TSP,2.97
한국중부발전㈜신보령발전본부,1,2018-01-12 23:30,SOx,22.83
한국중부발전㈜신보령발전본부,1,2018-01-12 23:30,NOx,19.29
한국중부발전㈜신보령발전본부,1,2018-01-13 00:00,TSP,2.95
한국중부발전㈜신보령발전본부,1,2018-01-13 00:00,SOx,21.94
한국중부발전㈜신보령발전본부,1,2018-01-13 00:00,NOx,19.17
한국중부발전㈜신보령발전본부,1,2018-01-13 00:30,TSP,2.92
한국중부발전㈜신보령발전본부,1,2018-01-13 00:30,SOx,21.03
한국중부발전㈜신보령발전본부,1,2018-01-13 00:30,NOx,18.23
한국중부발전㈜신보령발전본부,1,2018-01-13 01:00,TSP,2.98
한국중부발전㈜신보령발전본부,1,2018-01-13 01:00,SOx,20.59
한국중부발전㈜신보령발전본부,1,2018-01-13 01:00,NOx,18.32
한국중부발전㈜신보령발전본부,1,2018-01-13 01:30,TSP,3.01
한국중부발전㈜신보령발전본부,1,2018-01-13 01:30,SOx,20.38
한국중부발전㈜신보령발전본부,1,2018-01-13 01:30,NOx,19.14
한국중부발전㈜신보령발전본부,1,2018-01-13 02:00,TSP,3.11
한국중부발전㈜신보령발전본부,1,2018-01-13 02:00,SOx,20.79
한국중부발전㈜신보령발전본부,1,2018-01-13 02:00,NOx,19.44
한국중부발전㈜신보령발전본부,1,2018-01-13 02:30,TSP,3.23
한국중부발전㈜신보령발전본부,1,2018-01-13 02:30,SOx,21.08
한국중부발전㈜신보령발전본부,1,2018-01-13 02:30,NOx,19.55
한국중부발전㈜신보령발전본부,1,2018-01-13 03:00,TSP,3.27
한국중부발전㈜신보령발전본부,1,2018-01-13 03:00,SOx,20.91
한국중부발전㈜신보령발전본부,1,2018-01-13 03:00,NOx,22.17
한국중부발전㈜신보령발전본부,1,2018-01-13 03:30,TSP,3.22
한국중부발전㈜신보령발전본부,1,2018-01-13 03:30,SOx,20.79
한국중부발전㈜신보령발전본부,1,2018-01-13 03:30,NOx,20.33
한국중부발전㈜신보령발전본부,1,2018-01-13 04:00,TSP,3.19
한국중부발전㈜신보령발전본부,1,2018-01-13 04:00,SOx,21.01
한국중부발전㈜신보령발전본부,1,2018-01-13 04:00,NOx,19.84
한국중부발전㈜신보령발전본부,1,2018-01-13 04:30,TSP,3.17
한국중부발전㈜신보령발전본부,1,2018-01-13 04:30,SOx,21.21
한국중부발전㈜신보령발전본부,1,2018-01-13 04:30,NOx,21.96
한국중부발전㈜신보령발전본부,1,2018-01-13 05:00,TSP,3.19
한국중부발전㈜신보령발전본부,1,2018-01-13 05:00,SOx,21.13
한국중부발전㈜신보령발전본부,1,2018-01-13 05:00,NOx,22.07
한국중부발전㈜신보령발전본부,1,2018-01-13 05:30,TSP,3.17
한국중부발전㈜신보령발전본부,1,2018-01-13 05:30,SOx,20.82
한국중부발전㈜신보령발전본부,1,2018-01-13 05:30,NOx,21.33
한국중부발전㈜신보령발전본부,1,2018-01-13 06:00,TSP,3.15
한국중부발전㈜신보령발전본부,1,2018-01-13 06:00,SOx,20.29
한국중부발전㈜신보령발전본부,1,2018-01-13 06:00,NOx,21.87
한국중부발전㈜신보령발전본부,1,2018-01-13 06:30,TSP,3.15
한국중부발전㈜신보령발전본부,1,2018-01-13 06:30,SOx,19.74
한국중부발전㈜신보령발전본부,1,2018-01-13 06:30,NOx,20.49
한국중부발전㈜신보령발전본부,1,2018-01-13 07:00,TSP,3.12
한국중부발전㈜신보령발전본부,1,2018-01-13 07:00,SOx,19.84
한국중부발전㈜신보령발전본부,1,2018-01-13 07:00,NOx,19.82
한국중부발전㈜신보령발전본부,1,2018-01-13 07:30,TSP,3.09
한국중부발전㈜신보령발전본부,1,2018-01-13 07:30,SOx,19.94
한국중부발전㈜신보령발전본부,1,2018-01-13 07:30,NOx,20.63
한국중부발전㈜신보령발전본부,1,2018-01-13 08:00,TSP,3.18
한국중부발전㈜신보령발전본부,1,2018-01-13 08:00,SOx,20.46
한국중부발전㈜신보령발전본부,1,2018-01-13 08:00,NOx,21.5
한국중부발전㈜신보령발전본부,1,2018-01-13 08:30,TSP,3.19
한국중부발전㈜신보령발전본부,1,2018-01-13 08:30,SOx,20.96
한국중부발전㈜신보령발전본부,1,2018-01-13 08:30,NOx,21.6
한국중부발전㈜신보령발전본부,1,2018-01-13 09:00,TSP,3.27
한국중부발전㈜신보령발전본부,1,2018-01-13 09:00,SOx,21.26
한국중부발전㈜신보령발전본부,1,2018-01-13 09:00,NOx,21.68
한국중부발전㈜신보령발전본부,1,2018-01-13 09:30,TSP,3.34
한국중부발전㈜신보령발전본부,1,2018-01-13 09:30,SOx,21.72
한국중부발전㈜신보령발전본부,1,2018-01-13 09:30,NOx,21.68
한국중부발전㈜신보령발전본부,1,2018-01-13 10:00,TSP,3.39
한국중부발전㈜신보령발전본부,1,2018-01-13 10:00,SOx,22.5
한국중부발전㈜신보령발전본부,1,2018-01-13 10:00,NOx,21.14
한국중부발전㈜신보령발전본부,1,2018-01-13 10:30,TSP,3.4
한국중부발전㈜신보령발전본부,1,2018-01-13 10:30,SOx,23.0
한국중부발전㈜신보령발전본부,1,2018-01-13 10:30,NOx,21.96
한국중부발전㈜신보령발전본부,1,2018-01-13 11:00,TSP,3.38
한국중부발전㈜신보령발전본부,1,2018-01-13 11:00,SOx,23.27
한국중부발전㈜신보령발전본부,1,2018-01-13 11:00,NOx,19.05
한국중부발전㈜신보령발전본부,1,2018-01-13 11:30,TSP,3.22
한국중부발전㈜신보령발전본부,1,2018-01-13 11:30,SOx,23.58
한국중부발전㈜신보령발전본부,1,2018-01-13 11:30,NOx,17.89
한국중부발전㈜신보령발전본부,1,2018-01-13 12:00,TSP,3.23
한국중부발전㈜신보령발전본부,1,2018-01-13 12:00,SOx,23.74
한국중부발전㈜신보령발전본부,1,2018-01-13 12:00,NOx,16.88
한국중부발전㈜신보령발전본부,1,2018-01-13 12:30,TSP,3.24
한국중부발전㈜신보령발전본부,1,2018-01-13 12:30,SOx,23.71
한국중부발전㈜신보령발전본부,1,2018-01-13 12:30,NOx,17.3
한국중부발전㈜신보령발전본부,1,2018-01-13 13:00,TSP,3.25
한국중부발전㈜신보령발전본부,1,2018-01-13 13:00,SOx,23.47
한국중부발전㈜신보령발전본부,1,2018-01-13 13:00,NOx,17.17
한국중부발전㈜신보령발전본부,1,2018-01-13 13:30,TSP,3.28
한국중부발전㈜신보령발전본부,1,2018-01-13 13:30,SOx,23.0
한국중부발전㈜신보령발전본부,1,2018-01-13 13:30,NOx,17.13
한국중부발전㈜신보령발전본부,1,2018-01-13 14:00,TSP,3.29
한국중부발전㈜신보령발전본부,1,2018-01-13 14:00,SOx,22.44
한국중부발전㈜신보령발전본부,1,2018-01-13 14:00,NOx,15.94
한국중부발전㈜신보령발전본부,1,2018-01-13 14:30,TSP,3.34
한국중부발전㈜신보령발전본부,1,2018-01-13 14:30,SOx,21.82
한국중부발전㈜신보령발전본부,1,2018-01-13 14:30,NOx,17.26
한국중부발전㈜신보령발전본부,1,2018-01-13 15:00,TSP,3.34
한국중부발전㈜신보령발전본부,1,2018-01-13 15:00,SOx,21.15
한국중부발전㈜신보령발전본부,1,2018-01-13 15:00,NOx,17.06
한국중부발전㈜신보령발전본부,1,2018-01-13 15:30,TSP,3.33
한국중부발전㈜신보령발전본부,1,2018-01-13 15:30,SOx,21.08
한국중부발전㈜신보령발전본부,1,2018-01-13 15:30,NOx,17.43
한국중부발전㈜신보령발전본부,1,2018-01-13 16:00,TSP,3.51
한국중부발전㈜신보령발전본부,1,2018-01-13 16:00,SOx,20.99
한국중부발전㈜신보령발전본부,1,2018-01-13 16:00,NOx,18.18
한국중부발전㈜신보령발전본부,1,2018-01-13 16:30,TSP,3.5
한국중부발전㈜신보령발전본부,1,2018-01-13 16:30,SOx,21.06
한국중부발전㈜신보령발전본부,1,2018-01-13 16:30,NOx,18.26
한국중부발전㈜신보령발전본부,1,2018-01-13 17:00,TSP,3.57
한국중부발전㈜신보령발전본부,1,2018-01-13 17:00,SOx,21.57
한국중부발전㈜신보령발전본부,1,2018-01-13 17:00,NOx,19.03
한국중부발전㈜신보령발전본부,1,2018-01-13 17:30,TSP,3.62
한국중부발전㈜신보령발전본부,1,2018-01-13 17:30,SOx,22.78
한국중부발전㈜신보령발전본부,1,2018-01-13 17:30,NOx,16.53
한국중부발전㈜신보령발전본부,1,2018-01-13 18:00,TSP,3.7
한국중부발전㈜신보령발전본부,1,2018-01-13 18:00,SOx,23.03
한국중부발전㈜신보령발전본부,1,2018-01-13 18:00,NOx,21.01
한국중부발전㈜신보령발전본부,1,2018-01-13 18:30,TSP,3.77
한국중부발전㈜신보령발전본부,1,2018-01-13 18:30,SOx,23.23
한국중부발전㈜신보령발전본부,1,2018-01-13 18:30,NOx,21.28
한국중부발전㈜신보령발전본부,1,2018-01-13 19:00,TSP,3.95
한국중부발전㈜신보령발전본부,1,2018-01-13 19:00,SOx,23.15
한국중부발전㈜신보령발전본부,1,2018-01-13 19:00,NOx,21.83
한국중부발전㈜신보령발전본부,1,2018-01-13 19:30,TSP,3.62
한국중부발전㈜신보령발전본부,1,2018-01-13 19:30,SOx,23.41
한국중부발전㈜신보령발전본부,1,2018-01-13 19:30,NOx,23.39
한국중부발전㈜신보령발전본부,1,2018-01-13 20:00,TSP,3.71
한국중부발전㈜신보령발전본부,1,2018-01-13 20:00,SOx,23.46
한국중부발전㈜신보령발전본부,1,2018-01-13 20:00,NOx,22.55
한국중부발전㈜신보령발전본부,1,2018-01-13 20:30,TSP,3.8
한국중부발전㈜신보령발전본부,1,2018-01-13 20:30,SOx,23.32
한국중부발전㈜신보령발전본부,1,2018-01-13 20:30,NOx,21.88
한국중부발전㈜신보령발전본부,1,2018-01-13 21:00,TSP,3.77
한국중부발전㈜신보령발전본부,1,2018-01-13 21:00,SOx,23.16
한국중부발전㈜신보령발전본부,1,2018-01-13 21:00,NOx,24.75
한국중부발전㈜신보령발전본부,1,2018-01-13 21:30,TSP,3.77
한국중부발전㈜신보령발전본부,1,2018-01-13 21:30,SOx,23.05
한국중부발전㈜신보령발전본부,1,2018-01-13 21:30,NOx,26.14
한국중부발전㈜신보령발전본부,1,2018-01-13 22:00,TSP,3.64
한국중부발전㈜신보령발전본부,1,2018-01-13 22:00,SOx,22.81
한국중부발전㈜신보령발전본부,1,2018-01-13 22:00,NOx,24.14
한국중부발전㈜신보령발전본부,1,2018-01-13 22:30,TSP,3.38
한국중부발전㈜신보령발전본부,1,2018-01-13 22:30,SOx,22.66
한국중부발전㈜신보령발전본부,1,2018-01-13 22:30,NOx,23.82
한국중부발전㈜신보령발전본부,1,2018-01-13 23:00,TSP,3.52
한국중부발전㈜신보령발전본부,1,2018-01-13 23:00,SOx,22.58
한국중부발전㈜신보령발전본부,1,2018-01-13 23:00,NOx,23.88
한국중부발전㈜신보령발전본부,1,2018-01-13 23:30,TSP,3.5
한국중부발전㈜신보령발전본부,1,2018-01-13 23:30,SOx,22.46
한국중부발전㈜신보령발전본부,1,2018-01-13 23:30,NOx,24.09
한국중부발전㈜신보령발전본부,1,2018-01-14 00:00,TSP,3.54
한국중부발전㈜신보령발전본부,1,2018-01-14 00:00,SOx,22.51
한국중부발전㈜신보령발전본부,1,2018-01-14 00:00,NOx,24.45
한국중부발전㈜신보령발전본부,1,2018-01-14 00:30,TSP,3.57
한국중부발전㈜신보령발전본부,1,2018-01-14 00:30,SOx,23.02
한국중부발전㈜신보령발전본부,1,2018-01-14 00:30,NOx,24.21
한국중부발전㈜신보령발전본부,1,2018-01-14 01:00,TSP,3.7
한국중부발전㈜신보령발전본부,1,2018-01-14 01:00,SOx,23.89
한국중부발전㈜신보령발전본부,1,2018-01-14 01:00,NOx,21.93
한국중부발전㈜신보령발전본부,1,2018-01-14 01:30,TSP,3.84
한국중부발전㈜신보령발전본부,1,2018-01-14 01:30,SOx,24.86
한국중부발전㈜신보령발전본부,1,2018-01-14 01:30,NOx,20.09
한국중부발전㈜신보령발전본부,1,2018-01-14 02:00,TSP,3.95
한국중부발전㈜신보령발전본부,1,2018-01-14 02:00,SOx,26.02
한국중부발전㈜신보령발전본부,1,2018-01-14 02:00,NOx,20.27
한국중부발전㈜신보령발전본부,1,2018-01-14 02:30,TSP,4.05
한국중부발전㈜신보령발전본부,1,2018-01-14 02:30,SOx,27.36
한국중부발전㈜신보령발전본부,1,2018-01-14 02:30,NOx,20.7
한국중부발전㈜신보령발전본부,1,2018-01-14 03:00,TSP,4.07
한국중부발전㈜신보령발전본부,1,2018-01-14 03:00,SOx,28.84
한국중부발전㈜신보령발전본부,1,2018-01-14 03:00,NOx,20.28
한국중부발전㈜신보령발전본부,1,2018-01-14 03:30,TSP,3.83
한국중부발전㈜신보령발전본부,1,2018-01-14 03:30,SOx,30.22
한국중부발전㈜신보령발전본부,1,2018-01-14 03:30,NOx,20.78
한국중부발전㈜신보령발전본부,1,2018-01-14 04:00,TSP,3.77
한국중부발전㈜신보령발전본부,1,2018-01-14 04:00,SOx,31.59
한국중부발전㈜신보령발전본부,1,2018-01-14 04:00,NOx,21.41
한국중부발전㈜신보령발전본부,1,2018-01-14 04:30,TSP,3.78
한국중부발전㈜신보령발전본부,1,2018-01-14 04:30,SOx,31.87
한국중부발전㈜신보령발전본부,1,2018-01-14 04:30,NOx,20.32
한국중부발전㈜신보령발전본부,1,2018-01-14 05:00,TSP,3.58
한국중부발전㈜신보령발전본부,1,2018-01-14 05:00,SOx,32.06
한국중부발전㈜신보령발전본부,1,2018-01-14 05:00,NOx,21.0
한국중부발전㈜신보령발전본부,1,2018-01-14 05:30,TSP,3.62
한국중부발전㈜신보령발전본부,1,2018-01-14 05:30,SOx,31.71
한국중부발전㈜신보령발전본부,1,2018-01-14 05:30,NOx,21.95
한국중부발전㈜신보령발전본부,1,2018-01-14 06:00,TSP,3.67
한국중부발전㈜신보령발전본부,1,2018-01-14 06:00,SOx,31.93
한국중부발전㈜신보령발전본부,1,2018-01-14 06:00,NOx,22.07
한국중부발전㈜신보령발전본부,1,2018-01-14 06:30,TSP,3.6
한국중부발전㈜신보령발전본부,1,2018-01-14 06:30,SOx,31.88
한국중부발전㈜신보령발전본부,1,2018-01-14 06:30,NOx,23.05
한국중부발전㈜신보령발전본부,1,2018-01-14 07:00,TSP,3.64
한국중부발전㈜신보령발전본부,1,2018-01-14 07:00,SOx,31.71
한국중부발전㈜신보령발전본부,1,2018-01-14 07:00,NOx,22.14
한국중부발전㈜신보령발전본부,1,2018-01-14 07:30,TSP,3.52
한국중부발전㈜신보령발전본부,1,2018-01-14 07:30,SOx,32.01
한국중부발전㈜신보령발전본부,1,2018-01-14 07:30,NOx,21.26
한국중부발전㈜신보령발전본부,1,2018-01-14 08:00,TSP,3.72
한국중부발전㈜신보령발전본부,1,2018-01-14 08:00,SOx,31.95
한국중부발전㈜신보령발전본부,1,2018-01-14 08:00,NOx,23.03
한국중부발전㈜신보령발전본부,1,2018-01-14 08:30,TSP,3.73
한국중부발전㈜신보령발전본부,1,2018-01-14 08:30,SOx,31.43
한국중부발전㈜신보령발전본부,1,2018-01-14 08:30,NOx,22.85
한국중부발전㈜신보령발전본부,1,2018-01-14 09:00,TSP,3.74
한국중부발전㈜신보령발전본부,1,2018-01-14 09:00,SOx,31.09
한국중부발전㈜신보령발전본부,1,2018-01-14 09:00,NOx,21.67
한국중부발전㈜신보령발전본부,1,2018-01-14 09:30,TSP,3.74
한국중부발전㈜신보령발전본부,1,2018-01-14 09:30,SOx,31.35
한국중부발전㈜신보령발전본부,1,2018-01-14 09:30,NOx,20.16
한국중부발전㈜신보령발전본부,1,2018-01-14 10:00,TSP,3.81
한국중부발전㈜신보령발전본부,1,2018-01-14 10:00,SOx,31.53
한국중부발전㈜신보령발전본부,1,2018-01-14 10:00,NOx,18.5
한국중부발전㈜신보령발전본부,1,2018-01-14 10:30,TSP,3.82
한국중부발전㈜신보령발전본부,1,2018-01-14 10:30,SOx,30.74
한국중부발전㈜신보령발전본부,1,2018-01-14 10:30,NOx,17.91
한국중부발전㈜신보령발전본부,1,2018-01-14 11:00,TSP,3.71
한국중부발전㈜신보령발전본부,1,2018-01-14 11:00,SOx,29.49
한국중부발전㈜신보령발전본부,1,2018-01-14 11:00,NOx,18.19
한국중부발전㈜신보령발전본부,1,2018-01-14 11:30,TSP,3.51
한국중부발전㈜신보령발전본부,1,2018-01-14 11:30,SOx,27.22
한국중부발전㈜신보령발전본부,1,2018-01-14 11:30,NOx,16.66
한국중부발전㈜신보령발전본부,1,2018-01-14 12:00,TSP,3.51
한국중부발전㈜신보령발전본부,1,2018-01-14 12:00,SOx,27.74
한국중부발전㈜신보령발전본부,1,2018-01-14 12:00,NOx,16.51
한국중부발전㈜신보령발전본부,1,2018-01-14 12:30,TSP,3.5
한국중부발전㈜신보령발전본부,1,2018-01-14 12:30,SOx,26.61
한국중부발전㈜신보령발전본부,1,2018-01-14 12:30,NOx,17.62
한국중부발전㈜신보령발전본부,1,2018-01-14 13:00,TSP,3.45
한국중부발전㈜신보령발전본부,1,2018-01-14 13:00,SOx,27.69
한국중부발전㈜신보령발전본부,1,2018-01-14 13:00,NOx,15.77
한국중부발전㈜신보령발전본부,1,2018-01-14 13:30,TSP,3.5
한국중부발전㈜신보령발전본부,1,2018-01-14 13:30,SOx,25.67
한국중부발전㈜신보령발전본부,1,2018-01-14 13:30,NOx,17.6
한국중부발전㈜신보령발전본부,1,2018-01-14 14:00,TSP,3.48
한국중부발전㈜신보령발전본부,1,2018-01-14 14:00,SOx,27.21
한국중부발전㈜신보령발전본부,1,2018-01-14 14:00,NOx,18.01
한국중부발전㈜신보령발전본부,1,2018-01-14 14:30,TSP,3.46
한국중부발전㈜신보령발전본부,1,2018-01-14 14:30,SOx,26.68
한국중부발전㈜신보령발전본부,1,2018-01-14 14:30,NOx,18.19
한국중부발전㈜신보령발전본부,1,2018-01-14 15:00,TSP,3.49
한국중부발전㈜신보령발전본부,1,2018-01-14 15:00,SOx,26.98
한국중부발전㈜신보령발전본부,1,2018-01-14 15:00,NOx,18.49
한국중부발전㈜신보령발전본부,1,2018-01-14 15:30,TSP,3.58
한국중부발전㈜신보령발전본부,1,2018-01-14 15:30,SOx,26.96
한국중부발전㈜신보령발전본부,1,2018-01-14 15:30,NOx,18.61
한국중부발전㈜신보령발전본부,1,2018-01-14 16:00,TSP,3.71
한국중부발전㈜신보령발전본부,1,2018-01-14 16:00,SOx,27.13
한국중부발전㈜신보령발전본부,1,2018-01-14 16:00,NOx,17.51
한국중부발전㈜신보령발전본부,1,2018-01-14 16:30,TSP,3.71
한국중부발전㈜신보령발전본부,1,2018-01-14 16:30,SOx,27.02
한국중부발전㈜신보령발전본부,1,2018-01-14 16:30,NOx,18.16
한국중부발전㈜신보령발전본부,1,2018-01-14 17:00,TSP,3.83
한국중부발전㈜신보령발전본부,1,2018-01-14 17:00,SOx,26.5
한국중부발전㈜신보령발전본부,1,2018-01-14 17:00,NOx,18.95
한국중부발전㈜신보령발전본부,1,2018-01-14 17:30,TSP,3.86
한국중부발전㈜신보령발전본부,1,2018-01-14 17:30,SOx,27.3
한국중부발전㈜신보령발전본부,1,2018-01-14 17:30,NOx,16.64
한국중부발전㈜신보령발전본부,1,2018-01-14 18:00,TSP,3.92
한국중부발전㈜신보령발전본부,1,2018-01-14 18:00,SOx,27.84
한국중부발전㈜신보령발전본부,1,2018-01-14 18:00,NOx,17.43
한국중부발전㈜신보령발전본부,1,2018-01-14 18:30,TSP,4.01
한국중부발전㈜신보령발전본부,1,2018-01-14 18:30,SOx,28.22
한국중부발전㈜신보령발전본부,1,2018-01-14 18:30,NOx,17.29
한국중부발전㈜신보령발전본부,1,2018-01-14 19:00,TSP,4.29
한국중부발전㈜신보령발전본부,1,2018-01-14 19:00,SOx,28.6
한국중부발전㈜신보령발전본부,1,2018-01-14 19:00,NOx,18.68
한국중부발전㈜신보령발전본부,1,2018-01-14 19:30,TSP,3.82
한국중부발전㈜신보령발전본부,1,2018-01-14 19:30,SOx,28.79
한국중부발전㈜신보령발전본부,1,2018-01-14 19:30,NOx,20.43
한국중부발전㈜신보령발전본부,1,2018-01-14 20:00,TSP,3.86
한국중부발전㈜신보령발전본부,1,2018-01-14 20:00,SOx,29.51
한국중부발전㈜신보령발전본부,1,2018-01-14 20:00,NOx,19.5
한국중부발전㈜신보령발전본부,1,2018-01-14 20:30,TSP,3.97
한국중부발전㈜신보령발전본부,1,2018-01-14 20:30,SOx,29.46
한국중부발전㈜신보령발전본부,1,2018-01-14 20:30,NOx,20.63
한국중부발전㈜신보령발전본부,1,2018-01-14 21:00,TSP,4.08
한국중부발전㈜신보령발전본부,1,2018-01-14 21:00,SOx,29.94
한국중부발전㈜신보령발전본부,1,2018-01-14 21:00,NOx,19.74
한국중부발전㈜신보령발전본부,1,2018-01-14 21:30,TSP,4.14
한국중부발전㈜신보령발전본부,1,2018-01-14 21:30,SOx,29.93
한국중부발전㈜신보령발전본부,1,2018-01-14 21:30,NOx,20.05
한국중부발전㈜신보령발전본부,1,2018-01-14 22:00,TSP,4.04
한국중부발전㈜신보령발전본부,1,2018-01-14 22:00,SOx,29.57
한국중부발전㈜신보령발전본부,1,2018-01-14 22:00,NOx,19.33
한국중부발전㈜신보령발전본부,1,2018-01-14 22:30,TSP,3.81
한국중부발전㈜신보령발전본부,1,2018-01-14 22:30,SOx,29.25
한국중부발전㈜신보령발전본부,1,2018-01-14 22:30,NOx,21.41
한국중부발전㈜신보령발전본부,1,2018-01-14 23:00,TSP,3.78
한국중부발전㈜신보령발전본부,1,2018-01-14 23:00,SOx,28.87
한국중부발전㈜신보령발전본부,1,2018-01-14 23:00,NOx,22.7
한국중부발전㈜신보령발전본부,1,2018-01-14 23:30,TSP,3.83
한국중부발전㈜신보령발전본부,1,2018-01-14 23:30,SOx,28.86
한국중부발전㈜신보령발전본부,1,2018-01-14 23:30,NOx,21.82
한국중부발전㈜신보령발전본부,1,2018-01-15 00:00,TSP,3.86
한국중부발전㈜신보령발전본부,1,2018-01-15 00:00,SOx,28.81
한국중부발전㈜신보령발전본부,1,2018-01-15 00:00,NOx,23.59
한국중부발전㈜신보령발전본부,1,2018-01-15 00:30,TSP,3.9
한국중부발전㈜신보령발전본부,1,2018-01-15 00:30,SOx,28.49
한국중부발전㈜신보령발전본부,1,2018-01-15 00:30,NOx,21.59
한국중부발전㈜신보령발전본부,1,2018-01-15 01:00,TSP,4.07
한국중부발전㈜신보령발전본부,1,2018-01-15 01:00,SOx,28.59
한국중부발전㈜신보령발전본부,1,2018-01-15 01:00,NOx,21.3
한국중부발전㈜신보령발전본부,1,2018-01-15 01:30,TSP,4.06
한국중부발전㈜신보령발전본부,1,2018-01-15 01:30,SOx,27.75
한국중부발전㈜신보령발전본부,1,2018-01-15 01:30,NOx,21.56
한국중부발전㈜신보령발전본부,1,2018-01-15 02:00,TSP,4.2
한국중부발전㈜신보령발전본부,1,2018-01-15 02:00,SOx,26.23
한국중부발전㈜신보령발전본부,1,2018-01-15 02:00,NOx,18.71
한국중부발전㈜신보령발전본부,1,2018-01-15 02:30,TSP,4.31
한국중부발전㈜신보령발전본부,1,2018-01-15 02:30,SOx,27.74
한국중부발전㈜신보령발전본부,1,2018-01-15 02:30,NOx,19.67
한국중부발전㈜신보령발전본부,1,2018-01-15 03:00,TSP,4.11
한국중부발전㈜신보령발전본부,1,2018-01-15 03:00,SOx,27.95
한국중부발전㈜신보령발전본부,1,2018-01-15 03:00,NOx,19.05
한국중부발전㈜신보령발전본부,1,2018-01-15 03:30,TSP,3.81
한국중부발전㈜신보령발전본부,1,2018-01-15 03:30,SOx,27.41
한국중부발전㈜신보령발전본부,1,2018-01-15 03:30,NOx,18.23
한국중부발전㈜신보령발전본부,1,2018-01-15 04:00,TSP,3.67
한국중부발전㈜신보령발전본부,1,2018-01-15 04:00,SOx,25.83
한국중부발전㈜신보령발전본부,1,2018-01-15 04:00,NOx,17.19
한국중부발전㈜신보령발전본부,1,2018-01-15 04:30,TSP,3.63
한국중부발전㈜신보령발전본부,1,2018-01-15 04:30,SOx,25.58
한국중부발전㈜신보령발전본부,1,2018-01-15 04:30,NOx,16.36
한국중부발전㈜신보령발전본부,1,2018-01-15 05:00,TSP,3.67
한국중부발전㈜신보령발전본부,1,2018-01-15 05:00,SOx,26.88
한국중부발전㈜신보령발전본부,1,2018-01-15 05:00,NOx,16.1
한국중부발전㈜신보령발전본부,1,2018-01-15 05:30,TSP,3.57
한국중부발전㈜신보령발전본부,1,2018-01-15 05:30,SOx,25.37
한국중부발전㈜신보령발전본부,1,2018-01-15 05:30,NOx,16.39
한국중부발전㈜신보령발전본부,1,2018-01-15 06:00,TSP,3.65
한국중부발전㈜신보령발전본부,1,2018-01-15 06:00,SOx,26.43
한국중부발전㈜신보령발전본부,1,2018-01-15 06:00,NOx,17.3
한국중부발전㈜신보령발전본부,1,2018-01-15 06:30,TSP,3.57
한국중부발전㈜신보령발전본부,1,2018-01-15 06:30,SOx,28.18
한국중부발전㈜신보령발전본부,1,2018-01-15 06:30,NOx,19.45
한국중부발전㈜신보령발전본부,1,2018-01-15 07:00,TSP,3.47
한국중부발전㈜신보령발전본부,1,2018-01-15 07:00,SOx,28.41
한국중부발전㈜신보령발전본부,1,2018-01-15 07:00,NOx,18.83
한국중부발전㈜신보령발전본부,1,2018-01-15 07:30,TSP,3.58
한국중부발전㈜신보령발전본부,1,2018-01-15 07:30,SOx,27.6
한국중부발전㈜신보령발전본부,1,2018-01-15 07:30,NOx,19.26
한국중부발전㈜신보령발전본부,1,2018-01-15 08:00,TSP,3.69
한국중부발전㈜신보령발전본부,1,2018-01-15 08:00,SOx,29.14
한국중부발전㈜신보령발전본부,1,2018-01-15 08:00,NOx,18.19
한국중부발전㈜신보령발전본부,1,2018-01-15 08:30,TSP,3.71
한국중부발전㈜신보령발전본부,1,2018-01-15 08:30,SOx,29.13
한국중부발전㈜신보령발전본부,1,2018-01-15 08:30,NOx,18.89
한국중부발전㈜신보령발전본부,1,2018-01-15 09:00,TSP,3.8
한국중부발전㈜신보령발전본부,1,2018-01-15 09:00,SOx,28.99
한국중부발전㈜신보령발전본부,1,2018-01-15 09:00,NOx,19.67
한국중부발전㈜신보령발전본부,1,2018-01-15 09:30,TSP,3.95
한국중부발전㈜신보령발전본부,1,2018-01-15 09:30,SOx,29.01
한국중부발전㈜신보령발전본부,1,2018-01-15 09:30,NOx,19.26
한국중부발전㈜신보령발전본부,1,2018-01-15 10:00,TSP,4.01
한국중부발전㈜신보령발전본부,1,2018-01-15 10:00,SOx,28.69
한국중부발전㈜신보령발전본부,1,2018-01-15 10:00,NOx,18.82
한국중부발전㈜신보령발전본부,1,2018-01-15 10:30,TSP,4.14
한국중부발전㈜신보령발전본부,1,2018-01-15 10:30,SOx,28.29
한국중부발전㈜신보령발전본부,1,2018-01-15 10:30,NOx,19.75
한국중부발전㈜신보령발전본부,1,2018-01-15 11:00,TSP,4.07
한국중부발전㈜신보령발전본부,1,2018-01-15 11:00,SOx,27.68
한국중부발전㈜신보령발전본부,1,2018-01-15 11:00,NOx,20.16
한국중부발전㈜신보령발전본부,1,2018-01-15 11:30,TSP,3.83
한국중부발전㈜신보령발전본부,1,2018-01-15 11:30,SOx,27.42
한국중부발전㈜신보령발전본부,1,2018-01-15 11:30,NOx,19.49
한국중부발전㈜신보령발전본부,1,2018-01-15 12:00,TSP,3.93
한국중부발전㈜신보령발전본부,1,2018-01-15 12:00,SOx,27.7
한국중부발전㈜신보령발전본부,1,2018-01-15 12:00,NOx,18.52
한국중부발전㈜신보령발전본부,1,2018-01-15 12:30,TSP,3.97
한국중부발전㈜신보령발전본부,1,2018-01-15 12:30,SOx,27.8
한국중부발전㈜신보령발전본부,1,2018-01-15 12:30,NOx,20.17
한국중부발전㈜신보령발전본부,1,2018-01-15 13:00,TSP,4.01
한국중부발전㈜신보령발전본부,1,2018-01-15 13:00,SOx,29.09
한국중부발전㈜신보령발전본부,1,2018-01-15 13:00,NOx,20.09
한국중부발전㈜신보령발전본부,1,2018-01-15 13:30,TSP,4.09
한국중부발전㈜신보령발전본부,1,2018-01-15 13:30,SOx,27.59
한국중부발전㈜신보령발전본부,1,2018-01-15 13:30,NOx,17.53
한국중부발전㈜신보령발전본부,1,2018-01-15 14:00,TSP,3.94
한국중부발전㈜신보령발전본부,1,2018-01-15 14:00,SOx,27.46
한국중부발전㈜신보령발전본부,1,2018-01-15 14:00,NOx,17.84
한국중부발전㈜신보령발전본부,1,2018-01-15 14:30,TSP,3.89
한국중부발전㈜신보령발전본부,1,2018-01-15 14:30,SOx,27.55
한국중부발전㈜신보령발전본부,1,2018-01-15 14:30,NOx,18.06
한국중부발전㈜신보령발전본부,1,2018-01-15 15:00,TSP,3.93
한국중부발전㈜신보령발전본부,1,2018-01-15 15:00,SOx,27.79
한국중부발전㈜신보령발전본부,1,2018-01-15 15:00,NOx,18.88
한국중부발전㈜신보령발전본부,1,2018-01-15 15:30,TSP,3.9
한국중부발전㈜신보령발전본부,1,2018-01-15 15:30,SOx,27.59
한국중부발전㈜신보령발전본부,1,2018-01-15 15:30,NOx,17.14
한국중부발전㈜신보령발전본부,1,2018-01-15 16:00,TSP,4.2
한국중부발전㈜신보령발전본부,1,2018-01-15 16:00,SOx,27.6
한국중부발전㈜신보령발전본부,1,2018-01-15 16:00,NOx,18.02
한국중부발전㈜신보령발전본부,1,2018-01-15 16:30,TSP,4.13
한국중부발전㈜신보령발전본부,1,2018-01-15 16:30,SOx,27.36
한국중부발전㈜신보령발전본부,1,2018-01-15 16:30,NOx,18.95
한국중부발전㈜신보령발전본부,1,2018-01-15 17:00,TSP,4.19
한국중부발전㈜신보령발전본부,1,2018-01-15 17:00,SOx,27.41
한국중부발전㈜신보령발전본부,1,2018-01-15 17:00,NOx,18.6
한국중부발전㈜신보령발전본부,1,2018-01-15 17:30,TSP,4.3
한국중부발전㈜신보령발전본부,1,2018-01-15 17:30,SOx,28.17
한국중부발전㈜신보령발전본부,1,2018-01-15 17:30,NOx,19.24
한국중부발전㈜신보령발전본부,1,2018-01-15 18:00,TSP,4.26
한국중부발전㈜신보령발전본부,1,2018-01-15 18:00,SOx,28.79
한국중부발전㈜신보령발전본부,1,2018-01-15 18:00,NOx,18.02
한국중부발전㈜신보령발전본부,1,2018-01-15 18:30,TSP,4.28
한국중부발전㈜신보령발전본부,1,2018-01-15 18:30,SOx,29.0
한국중부발전㈜신보령발전본부,1,2018-01-15 18:30,NOx,20.93
한국중부발전㈜신보령발전본부,1,2018-01-15 19:00,TSP,4.64
한국중부발전㈜신보령발전본부,1,2018-01-15 19:00,SOx,29.65
한국중부발전㈜신보령발전본부,1,2018-01-15 19:00,NOx,20.22
한국중부발전㈜신보령발전본부,1,2018-01-15 19:30,TSP,3.93
한국중부발전㈜신보령발전본부,1,2018-01-15 19:30,SOx,30.15
한국중부발전㈜신보령발전본부,1,2018-01-15 19:30,NOx,20.07
한국중부발전㈜신보령발전본부,1,2018-01-15 20:00,TSP,3.94
한국중부발전㈜신보령발전본부,1,2018-01-15 20:00,SOx,31.59
한국중부발전㈜신보령발전본부,1,2018-01-15 20:00,NOx,17.73
한국중부발전㈜신보령발전본부,1,2018-01-15 20:30,TSP,4.03
한국중부발전㈜신보령발전본부,1,2018-01-15 20:30,SOx,32.71
한국중부발전㈜신보령발전본부,1,2018-01-15 20:30,NOx,18.8
한국중부발전㈜신보령발전본부,1,2018-01-15 21:00,TSP,3.91
한국중부발전㈜신보령발전본부,1,2018-01-15 21:00,SOx,34.31
한국중부발전㈜신보령발전본부,1,2018-01-15 21:00,NOx,18.59
한국중부발전㈜신보령발전본부,1,2018-01-15 21:30,TSP,4.03
한국중부발전㈜신보령발전본부,1,2018-01-15 21:30,SOx,35.83
한국중부발전㈜신보령발전본부,1,2018-01-15 21:30,NOx,21.14
한국중부발전㈜신보령발전본부,1,2018-01-15 22:00,TSP,3.92
한국중부발전㈜신보령발전본부,1,2018-01-15 22:00,SOx,35.13
한국중부발전㈜신보령발전본부,1,2018-01-15 22:00,NOx,20.17
한국중부발전㈜신보령발전본부,1,2018-01-15 22:30,TSP,3.56
한국중부발전㈜신보령발전본부,1,2018-01-15 22:30,SOx,34.18
한국중부발전㈜신보령발전본부,1,2018-01-15 22:30,NOx,19.57
한국중부발전㈜신보령발전본부,1,2018-01-15 23:00,TSP,3.66
한국중부발전㈜신보령발전본부,1,2018-01-15 23:00,SOx,33.14
한국중부발전㈜신보령발전본부,1,2018-01-15 23:00,NOx,19.09
한국중부발전㈜신보령발전본부,1,2018-01-15 23:30,TSP,3.6
한국중부발전㈜신보령발전본부,1,2018-01-15 23:30,SOx,31.84
한국중부발전㈜신보령발전본부,1,2018-01-15 23:30,NOx,17.63
한국중부발전㈜신보령발전본부,1,2018-01-16 00:00,TSP,3.8
한국중부발전㈜신보령발전본부,1,2018-01-16 00:00,SOx,30.34
한국중부발전㈜신보령발전본부,1,2018-01-16 00:00,NOx,18.73
한국중부발전㈜신보령발전본부,1,2018-01-16 00:30,TSP,3.81
한국중부발전㈜신보령발전본부,1,2018-01-16 00:30,SOx,28.75
한국중부발전㈜신보령발전본부,1,2018-01-16 00:30,NOx,18.27
한국중부발전㈜신보령발전본부,1,2018-01-16 01:00,TSP,3.79
한국중부발전㈜신보령발전본부,1,2018-01-16 01:00,SOx,27.85
한국중부발전㈜신보령발전본부,1,2018-01-16 01:00,NOx,17.62
한국중부발전㈜신보령발전본부,1,2018-01-16 01:30,TSP,3.84
한국중부발전㈜신보령발전본부,1,2018-01-16 01:30,SOx,27.01
한국중부발전㈜신보령발전본부,1,2018-01-16 01:30,NOx,17.46
한국중부발전㈜신보령발전본부,1,2018-01-16 02:00,TSP,3.87
한국중부발전㈜신보령발전본부,1,2018-01-16 02:00,SOx,26.59
한국중부발전㈜신보령발전본부,1,2018-01-16 02:00,NOx,20.76
한국중부발전㈜신보령발전본부,1,2018-01-16 02:30,TSP,3.77
한국중부발전㈜신보령발전본부,1,2018-01-16 02:30,SOx,26.27
한국중부발전㈜신보령발전본부,1,2018-01-16 02:30,NOx,20.09
한국중부발전㈜신보령발전본부,1,2018-01-16 03:00,TSP,3.78
한국중부발전㈜신보령발전본부,1,2018-01-16 03:00,SOx,25.88
한국중부발전㈜신보령발전본부,1,2018-01-16 03:00,NOx,20.46
한국중부발전㈜신보령발전본부,1,2018-01-16 03:30,TSP,3.54
한국중부발전㈜신보령발전본부,1,2018-01-16 03:30,SOx,25.96
한국중부발전㈜신보령발전본부,1,2018-01-16 03:30,NOx,19.59
한국중부발전㈜신보령발전본부,1,2018-01-16 04:00,TSP,3.53
한국중부발전㈜신보령발전본부,1,2018-01-16 04:00,SOx,25.89
한국중부발전㈜신보령발전본부,1,2018-01-16 04:00,NOx,19.86
한국중부발전㈜신보령발전본부,1,2018-01-16 04:30,TSP,3.61
한국중부발전㈜신보령발전본부,1,2018-01-16 04:30,SOx,25.58
한국중부발전㈜신보령발전본부,1,2018-01-16 04:30,NOx,18.99
한국중부발전㈜신보령발전본부,1,2018-01-16 05:00,TSP,3.57
한국중부발전㈜신보령발전본부,1,2018-01-16 05:00,SOx,25.44
한국중부발전㈜신보령발전본부,1,2018-01-16 05:00,NOx,18.25
한국중부발전㈜신보령발전본부,1,2018-01-16 05:30,TSP,3.64
한국중부발전㈜신보령발전본부,1,2018-01-16 05:30,SOx,25.27
한국중부발전㈜신보령발전본부,1,2018-01-16 05:30,NOx,21.63
한국중부발전㈜신보령발전본부,1,2018-01-16 06:00,TSP,3.7
한국중부발전㈜신보령발전본부,1,2018-01-16 06:00,SOx,25.41
한국중부발전㈜신보령발전본부,1,2018-01-16 06:00,NOx,18.95
한국중부발전㈜신보령발전본부,1,2018-01-16 06:30,TSP,3.55
한국중부발전㈜신보령발전본부,1,2018-01-16 06:30,SOx,25.27
한국중부발전㈜신보령발전본부,1,2018-01-16 06:30,NOx,20.04
한국중부발전㈜신보령발전본부,1,2018-01-16 07:00,TSP,3.39
한국중부발전㈜신보령발전본부,1,2018-01-16 07:00,SOx,25.39
한국중부발전㈜신보령발전본부,1,2018-01-16 07:00,NOx,18.26
한국중부발전㈜신보령발전본부,1,2018-01-16 07:30,TSP,3.47
한국중부발전㈜신보령발전본부,1,2018-01-16 07:30,SOx,23.62
한국중부발전㈜신보령발전본부,1,2018-01-16 07:30,NOx,19.21
한국중부발전㈜신보령발전본부,1,2018-01-16 08:00,TSP,3.5
한국중부발전㈜신보령발전본부,1,2018-01-16 08:00,SOx,26.25
한국중부발전㈜신보령발전본부,1,2018-01-16 08:00,NOx,17.33
한국중부발전㈜신보령발전본부,1,2018-01-16 08:30,TSP,3.59
한국중부발전㈜신보령발전본부,1,2018-01-16 08:30,SOx,26.71
한국중부발전㈜신보령발전본부,1,2018-01-16 08:30,NOx,16.81
한국중부발전㈜신보령발전본부,1,2018-01-16 09:00,TSP,3.63
한국중부발전㈜신보령발전본부,1,2018-01-16 09:00,SOx,26.83
한국중부발전㈜신보령발전본부,1,2018-01-16 09:00,NOx,17.61
한국중부발전㈜신보령발전본부,1,2018-01-16 09:30,TSP,3.66
한국중부발전㈜신보령발전본부,1,2018-01-16 09:30,SOx,26.76
한국중부발전㈜신보령발전본부,1,2018-01-16 09:30,NOx,17.55
한국중부발전㈜신보령발전본부,1,2018-01-16 10:00,TSP,3.8
한국중부발전㈜신보령발전본부,1,2018-01-16 10:00,SOx,26.98
한국중부발전㈜신보령발전본부,1,2018-01-16 10:00,NOx,17.48
한국중부발전㈜신보령발전본부,1,2018-01-16 10:30,TSP,3.88
한국중부발전㈜신보령발전본부,1,2018-01-16 10:30,SOx,26.7
한국중부발전㈜신보령발전본부,1,2018-01-16 10:30,NOx,17.92
한국중부발전㈜신보령발전본부,1,2018-01-16 11:00,TSP,3.87
한국중부발전㈜신보령발전본부,1,2018-01-16 11:00,SOx,26.32
한국중부발전㈜신보령발전본부,1,2018-01-16 11:00,NOx,18.08
한국중부발전㈜신보령발전본부,1,2018-01-16 11:30,TSP,3.68
한국중부발전㈜신보령발전본부,1,2018-01-16 11:30,SOx,26.18
한국중부발전㈜신보령발전본부,1,2018-01-16 11:30,NOx,18.36
한국중부발전㈜신보령발전본부,1,2018-01-16 12:00,TSP,3.68
한국중부발전㈜신보령발전본부,1,2018-01-16 12:00,SOx,26.0
한국중부발전㈜신보령발전본부,1,2018-01-16 12:00,NOx,19.82
한국중부발전㈜신보령발전본부,1,2018-01-16 12:30,TSP,3.7
한국중부발전㈜신보령발전본부,1,2018-01-16 12:30,SOx,25.84
한국중부발전㈜신보령발전본부,1,2018-01-16 12:30,NOx,18.58
한국중부발전㈜신보령발전본부,1,2018-01-16 13:00,TSP,3.81
한국중부발전㈜신보령발전본부,1,2018-01-16 13:00,SOx,25.82
한국중부발전㈜신보령발전본부,1,2018-01-16 13:00,NOx,18.05
한국중부발전㈜신보령발전본부,1,2018-01-16 13:30,TSP,3.82
한국중부발전㈜신보령발전본부,1,2018-01-16 13:30,SOx,25.69
한국중부발전㈜신보령발전본부,1,2018-01-16 13:30,NOx,17.73
한국중부발전㈜신보령발전본부,1,2018-01-16 14:00,TSP,3.92
한국중부발전㈜신보령발전본부,1,2018-01-16 14:00,SOx,25.71
한국중부발전㈜신보령발전본부,1,2018-01-16 14:00,NOx,17.54
한국중부발전㈜신보령발전본부,1,2018-01-16 14:30,TSP,3.92
한국중부발전㈜신보령발전본부,1,2018-01-16 14:30,SOx,25.74
한국중부발전㈜신보령발전본부,1,2018-01-16 14:30,NOx,18.01
한국중부발전㈜신보령발전본부,1,2018-01-16 15:00,TSP,3.94
한국중부발전㈜신보령발전본부,1,2018-01-16 15:00,SOx,25.7
한국중부발전㈜신보령발전본부,1,2018-01-16 15:00,NOx,17.78
한국중부발전㈜신보령발전본부,1,2018-01-16 15:30,TSP,4.02
한국중부발전㈜신보령발전본부,1,2018-01-16 15:30,SOx,25.95
한국중부발전㈜신보령발전본부,1,2018-01-16 15:30,NOx,17.91
한국중부발전㈜신보령발전본부,1,2018-01-16 16:00,TSP,4.24
한국중부발전㈜신보령발전본부,1,2018-01-16 16:00,SOx,26.33
한국중부발전㈜신보령발전본부,1,2018-01-16 16:00,NOx,17.35
한국중부발전㈜신보령발전본부,1,2018-01-16 16:30,TSP,4.14
한국중부발전㈜신보령발전본부,1,2018-01-16 16:30,SOx,26.56
한국중부발전㈜신보령발전본부,1,2018-01-16 16:30,NOx,19.67
한국중부발전㈜신보령발전본부,1,2018-01-16 17:00,TSP,4.27
한국중부발전㈜신보령발전본부,1,2018-01-16 17:00,SOx,26.58
한국중부발전㈜신보령발전본부,1,2018-01-16 17:00,NOx,22.67
한국중부발전㈜신보령발전본부,1,2018-01-16 17:30,TSP,4.31
한국중부발전㈜신보령발전본부,1,2018-01-16 17:30,SOx,26.62
한국중부발전㈜신보령발전본부,1,2018-01-16 17:30,NOx,19.89
한국중부발전㈜신보령발전본부,1,2018-01-16 18:00,TSP,4.36
한국중부발전㈜신보령발전본부,1,2018-01-16 18:00,SOx,25.68
한국중부발전㈜신보령발전본부,1,2018-01-16 18:00,NOx,20.18
한국중부발전㈜신보령발전본부,1,2018-01-16 18:30,TSP,4.4
한국중부발전㈜신보령발전본부,1,2018-01-16 18:30,SOx,26.71
한국중부발전㈜신보령발전본부,1,2018-01-16 18:30,NOx,22.55
한국중부발전㈜신보령발전본부,1,2018-01-16 19:00,TSP,4.53
한국중부발전㈜신보령발전본부,1,2018-01-16 19:00,SOx,26.68
한국중부발전㈜신보령발전본부,1,2018-01-16 19:00,NOx,20.26
한국중부발전㈜신보령발전본부,1,2018-01-16 19:30,TSP,4.08
한국중부발전㈜신보령발전본부,1,2018-01-16 19:30,SOx,26.79
한국중부발전㈜신보령발전본부,1,2018-01-16 19:30,NOx,18.47
한국중부발전㈜신보령발전본부,1,2018-01-16 20:00,TSP,4.16
한국중부발전㈜신보령발전본부,1,2018-01-16 20:00,SOx,26.82
한국중부발전㈜신보령발전본부,1,2018-01-16 20:00,NOx,17.93
한국중부발전㈜신보령발전본부,1,2018-01-16 20:30,TSP,4.33
한국중부발전㈜신보령발전본부,1,2018-01-16 20:30,SOx,26.32
한국중부발전㈜신보령발전본부,1,2018-01-16 20:30,NOx,20.43
한국중부발전㈜신보령발전본부,1,2018-01-16 21:00,TSP,4.7
한국중부발전㈜신보령발전본부,1,2018-01-16 21:00,SOx,26.22
한국중부발전㈜신보령발전본부,1,2018-01-16 21:00,NOx,19.13
한국중부발전㈜신보령발전본부,1,2018-01-16 21:30,TSP,4.64
한국중부발전㈜신보령발전본부,1,2018-01-16 21:30,SOx,26.16
한국중부발전㈜신보령발전본부,1,2018-01-16 21:30,NOx,18.0
한국중부발전㈜신보령발전본부,1,2018-01-16 22:00,TSP,4.54
한국중부발전㈜신보령발전본부,1,2018-01-16 22:00,SOx,26.12
한국중부발전㈜신보령발전본부,1,2018-01-16 22:00,NOx,18.2
한국중부발전㈜신보령발전본부,1,2018-01-16 22:30,TSP,4.18
한국중부발전㈜신보령발전본부,1,2018-01-16 22:30,SOx,26.25
한국중부발전㈜신보령발전본부,1,2018-01-16 22:30,NOx,18.84
한국중부발전㈜신보령발전본부,1,2018-01-16 23:00,TSP,4.11
한국중부발전㈜신보령발전본부,1,2018-01-16 23:00,SOx,26.51
한국중부발전㈜신보령발전본부,1,2018-01-16 23:00,NOx,17.07
한국중부발전㈜신보령발전본부,1,2018-01-16 23:30,TSP,4.13
한국중부발전㈜신보령발전본부,1,2018-01-16 23:30,SOx,26.54
한국중부발전㈜신보령발전본부,1,2018-01-16 23:30,NOx,17.47
한국중부발전㈜신보령발전본부,1,2018-01-17 00:00,TSP,4.42
한국중부발전㈜신보령발전본부,1,2018-01-17 00:00,SOx,26.52
한국중부발전㈜신보령발전본부,1,2018-01-17 00:00,NOx,18.34
한국중부발전㈜신보령발전본부,1,2018-01-17 00:30,TSP,4.2
한국중부발전㈜신보령발전본부,1,2018-01-17 00:30,SOx,26.75
한국중부발전㈜신보령발전본부,1,2018-01-17 00:30,NOx,17.69
한국중부발전㈜신보령발전본부,1,2018-01-17 01:00,TSP,4.33
한국중부발전㈜신보령발전본부,1,2018-01-17 01:00,SOx,27.0
한국중부발전㈜신보령발전본부,1,2018-01-17 01:00,NOx,16.7
한국중부발전㈜신보령발전본부,1,2018-01-17 01:30,TSP,4.32
한국중부발전㈜신보령발전본부,1,2018-01-17 01:30,SOx,27.34
한국중부발전㈜신보령발전본부,1,2018-01-17 01:30,NOx,18.63
한국중부발전㈜신보령발전본부,1,2018-01-17 02:00,TSP,4.33
한국중부발전㈜신보령발전본부,1,2018-01-17 02:00,SOx,27.46
한국중부발전㈜신보령발전본부,1,2018-01-17 02:00,NOx,17.7
한국중부발전㈜신보령발전본부,1,2018-01-17 02:30,TSP,4.45
한국중부발전㈜신보령발전본부,1,2018-01-17 02:30,SOx,27.35
한국중부발전㈜신보령발전본부,1,2018-01-17 02:30,NOx,17.75
한국중부발전㈜신보령발전본부,1,2018-01-17 03:00,TSP,4.29
한국중부발전㈜신보령발전본부,1,2018-01-17 03:00,SOx,27.19
한국중부발전㈜신보령발전본부,1,2018-01-17 03:00,NOx,17.7
한국중부발전㈜신보령발전본부,1,2018-01-17 03:30,TSP,3.87
한국중부발전㈜신보령발전본부,1,2018-01-17 03:30,SOx,27.16
한국중부발전㈜신보령발전본부,1,2018-01-17 03:30,NOx,18.69
한국중부발전㈜신보령발전본부,1,2018-01-17 04:00,TSP,3.97
한국중부발전㈜신보령발전본부,1,2018-01-17 04:00,SOx,26.95
한국중부발전㈜신보령발전본부,1,2018-01-17 04:00,NOx,19.57
한국중부발전㈜신보령발전본부,1,2018-01-17 04:30,TSP,3.81
한국중부발전㈜신보령발전본부,1,2018-01-17 04:30,SOx,26.99
한국중부발전㈜신보령발전본부,1,2018-01-17 04:30,NOx,18.87
한국중부발전㈜신보령발전본부,1,2018-01-17 05:00,TSP,3.88
한국중부발전㈜신보령발전본부,1,2018-01-17 05:00,SOx,27.2
한국중부발전㈜신보령발전본부,1,2018-01-17 05:00,NOx,17.31
한국중부발전㈜신보령발전본부,1,2018-01-17 05:30,TSP,3.97
한국중부발전㈜신보령발전본부,1,2018-01-17 05:30,SOx,26.92
한국중부발전㈜신보령발전본부,1,2018-01-17 05:30,NOx,18.51
한국중부발전㈜신보령발전본부,1,2018-01-17 06:00,TSP,3.76
한국중부발전㈜신보령발전본부,1,2018-01-17 06:00,SOx,27.07
한국중부발전㈜신보령발전본부,1,2018-01-17 06:00,NOx,18.8
한국중부발전㈜신보령발전본부,1,2018-01-17 06:30,TSP,3.84
한국중부발전㈜신보령발전본부,1,2018-01-17 06:30,SOx,27.53
한국중부발전㈜신보령발전본부,1,2018-01-17 06:30,NOx,19.47
한국중부발전㈜신보령발전본부,1,2018-01-17 07:00,TSP,3.74
한국중부발전㈜신보령발전본부,1,2018-01-17 07:00,SOx,27.93
한국중부발전㈜신보령발전본부,1,2018-01-17 07:00,NOx,18.74
한국중부발전㈜신보령발전본부,1,2018-01-17 07:30,TSP,3.8
한국중부발전㈜신보령발전본부,1,2018-01-17 07:30,SOx,28.2
한국중부발전㈜신보령발전본부,1,2018-01-17 07:30,NOx,19.21
한국중부발전㈜신보령발전본부,1,2018-01-17 08:00,TSP,4.1
한국중부발전㈜신보령발전본부,1,2018-01-17 08:00,SOx,28.39
한국중부발전㈜신보령발전본부,1,2018-01-17 08:00,NOx,20.33
한국중부발전㈜신보령발전본부,1,2018-01-17 08:30,TSP,3.98
한국중부발전㈜신보령발전본부,1,2018-01-17 08:30,SOx,28.1
한국중부발전㈜신보령발전본부,1,2018-01-17 08:30,NOx,19.93
한국중부발전㈜신보령발전본부,1,2018-01-17 09:00,TSP,4.07
한국중부발전㈜신보령발전본부,1,2018-01-17 09:00,SOx,28.18
한국중부발전㈜신보령발전본부,1,2018-01-17 09:00,NOx,21.6
한국중부발전㈜신보령발전본부,1,2018-01-17 09:30,TSP,4.2
한국중부발전㈜신보령발전본부,1,2018-01-17 09:30,SOx,28.18
한국중부발전㈜신보령발전본부,1,2018-01-17 09:30,NOx,24.88
한국중부발전㈜신보령발전본부,1,2018-01-17 10:00,TSP,4.26
한국중부발전㈜신보령발전본부,1,2018-01-17 10:00,SOx,27.52
한국중부발전㈜신보령발전본부,1,2018-01-17 10:00,NOx,27.24
한국중부발전㈜신보령발전본부,1,2018-01-17 10:30,TSP,4.29
한국중부발전㈜신보령발전본부,1,2018-01-17 10:30,SOx,27.39
한국중부발전㈜신보령발전본부,1,2018-01-17 10:30,NOx,23.66
한국중부발전㈜신보령발전본부,1,2018-01-17 11:00,TSP,4.28
한국중부발전㈜신보령발전본부,1,2018-01-17 11:00,SOx,26.81
한국중부발전㈜신보령발전본부,1,2018-01-17 11:00,NOx,21.12
한국중부발전㈜신보령발전본부,1,2018-01-17 11:30,TSP,3.75
한국중부발전㈜신보령발전본부,1,2018-01-17 11:30,SOx,26.55
한국중부발전㈜신보령발전본부,1,2018-01-17 11:30,NOx,21.94
한국중부발전㈜신보령발전본부,1,2018-01-17 12:00,TSP,3.8
한국중부발전㈜신보령발전본부,1,2018-01-17 12:00,SOx,26.08
한국중부발전㈜신보령발전본부,1,2018-01-17 12:00,NOx,20.57
한국중부발전㈜신보령발전본부,1,2018-01-17 12:30,TSP,3.77
한국중부발전㈜신보령발전본부,1,2018-01-17 12:30,SOx,25.69
한국중부발전㈜신보령발전본부,1,2018-01-17 12:30,NOx,20.48
한국중부발전㈜신보령발전본부,1,2018-01-17 13:00,TSP,3.79
한국중부발전㈜신보령발전본부,1,2018-01-17 13:00,SOx,25.59
한국중부발전㈜신보령발전본부,1,2018-01-17 13:00,NOx,19.37
한국중부발전㈜신보령발전본부,1,2018-01-17 13:30,TSP,3.79
한국중부발전㈜신보령발전본부,1,2018-01-17 13:30,SOx,25.59
한국중부발전㈜신보령발전본부,1,2018-01-17 13:30,NOx,19.37
한국중부발전㈜신보령발전본부,1,2018-01-17 14:00,TSP,3.79
한국중부발전㈜신보령발전본부,1,2018-01-17 14:00,SOx,25.59
한국중부발전㈜신보령발전본부,1,2018-01-17 14:00,NOx,19.37
한국중부발전㈜신보령발전본부,1,2018-01-17 14:30,TSP,3.79
한국중부발전㈜신보령발전본부,1,2018-01-17 14:30,SOx,25.59
한국중부발전㈜신보령발전본부,1,2018-01-17 14:30,NOx,19.37
한국중부발전㈜신보령발전본부,1,2018-01-17 15:00,TSP,4.0
한국중부발전㈜신보령발전본부,1,2018-01-17 15:00,SOx,24.8
한국중부발전㈜신보령발전본부,1,2018-01-17 15:00,NOx,21.72
한국중부발전㈜신보령발전본부,1,2018-01-17 15:30,TSP,3.89
한국중부발전㈜신보령발전본부,1,2018-01-17 15:30,SOx,24.48
한국중부발전㈜신보령발전본부,1,2018-01-17 15:30,NOx,21.24
한국중부발전㈜신보령발전본부,1,2018-01-17 16:00,TSP,4.06
한국중부발전㈜신보령발전본부,1,2018-01-17 16:00,SOx,24.34
한국중부발전㈜신보령발전본부,1,2018-01-17 16:00,NOx,20.84
한국중부발전㈜신보령발전본부,1,2018-01-17 16:30,TSP,4.12
한국중부발전㈜신보령발전본부,1,2018-01-17 16:30,SOx,24.44
한국중부발전㈜신보령발전본부,1,2018-01-17 16:30,NOx,19.6
한국중부발전㈜신보령발전본부,1,2018-01-17 17:00,TSP,4.2
한국중부발전㈜신보령발전본부,1,2018-01-17 17:00,SOx,24.41
한국중부발전㈜신보령발전본부,1,2018-01-17 17:00,NOx,20.3
한국중부발전㈜신보령발전본부,1,2018-01-17 17:30,TSP,4.33
한국중부발전㈜신보령발전본부,1,2018-01-17 17:30,SOx,24.71
한국중부발전㈜신보령발전본부,1,2018-01-17 17:30,NOx,21.64
한국중부발전㈜신보령발전본부,1,2018-01-17 18:00,TSP,4.43
한국중부발전㈜신보령발전본부,1,2018-01-17 18:00,SOx,24.5
한국중부발전㈜신보령발전본부,1,2018-01-17 18:00,NOx,22.92
한국중부발전㈜신보령발전본부,1,2018-01-17 18:30,TSP,4.49
한국중부발전㈜신보령발전본부,1,2018-01-17 18:30,SOx,24.27
한국중부발전㈜신보령발전본부,1,2018-01-17 18:30,NOx,20.78
한국중부발전㈜신보령발전본부,1,2018-01-17 19:00,TSP,4.93
한국중부발전㈜신보령발전본부,1,2018-01-17 19:00,SOx,23.52
한국중부발전㈜신보령발전본부,1,2018-01-17 19:00,NOx,20.03
한국중부발전㈜신보령발전본부,1,2018-01-17 19:30,TSP,4.22
한국중부발전㈜신보령발전본부,1,2018-01-17 19:30,SOx,23.36
한국중부발전㈜신보령발전본부,1,2018-01-17 19:30,NOx,20.67
한국중부발전㈜신보령발전본부,1,2018-01-17 20:00,TSP,4.21
한국중부발전㈜신보령발전본부,1,2018-01-17 20:00,SOx,23.41
한국중부발전㈜신보령발전본부,1,2018-01-17 20:00,NOx,21.7
한국중부발전㈜신보령발전본부,1,2018-01-17 20:30,TSP,4.42
한국중부발전㈜신보령발전본부,1,2018-01-17 20:30,SOx,23.58
한국중부발전㈜신보령발전본부,1,2018-01-17 20:30,NOx,20.66
한국중부발전㈜신보령발전본부,1,2018-01-17 21:00,TSP,4.42
한국중부발전㈜신보령발전본부,1,2018-01-17 21:00,SOx,23.75
한국중부발전㈜신보령발전본부,1,2018-01-17 21:00,NOx,24.19
한국중부발전㈜신보령발전본부,1,2018-01-17 21:30,TSP,4.5
한국중부발전㈜신보령발전본부,1,2018-01-17 21:30,SOx,24.3
한국중부발전㈜신보령발전본부,1,2018-01-17 21:30,NOx,24.52
한국중부발전㈜신보령발전본부,1,2018-01-17 22:00,TSP,4.47
한국중부발전㈜신보령발전본부,1,2018-01-17 22:00,SOx,24.43
한국중부발전㈜신보령발전본부,1,2018-01-17 22:00,NOx,24.82
한국중부발전㈜신보령발전본부,1,2018-01-17 22:30,TSP,3.97
한국중부발전㈜신보령발전본부,1,2018-01-17 22:30,SOx,24.85
한국중부발전㈜신보령발전본부,1,2018-01-17 22:30,NOx,20.3
한국중부발전㈜신보령발전본부,1,2018-01-17 23:00,TSP,3.97
한국중부발전㈜신보령발전본부,1,2018-01-17 23:00,SOx,25.03
한국중부발전㈜신보령발전본부,1,2018-01-17 23:00,NOx,19.34
한국중부발전㈜신보령발전본부,1,2018-01-17 23:30,TSP,3.93
한국중부발전㈜신보령발전본부,1,2018-01-17 23:30,SOx,25.02
한국중부발전㈜신보령발전본부,1,2018-01-17 23:30,NOx,20.26
한국중부발전㈜신보령발전본부,1,2018-01-18 00:00,TSP,4.1
한국중부발전㈜신보령발전본부,1,2018-01-18 00:00,SOx,24.95
한국중부발전㈜신보령발전본부,1,2018-01-18 00:00,NOx,22.09
한국중부발전㈜신보령발전본부,1,2018-01-18 00:30,TSP,4.12
한국중부발전㈜신보령발전본부,1,2018-01-18 00:30,SOx,24.79
한국중부발전㈜신보령발전본부,1,2018-01-18 00:30,NOx,21.77
한국중부발전㈜신보령발전본부,1,2018-01-18 01:00,TSP,4.16
한국중부발전㈜신보령발전본부,1,2018-01-18 01:00,SOx,24.68
한국중부발전㈜신보령발전본부,1,2018-01-18 01:00,NOx,19.25
한국중부발전㈜신보령발전본부,1,2018-01-18 01:30,TSP,4.23
한국중부발전㈜신보령발전본부,1,2018-01-18 01:30,SOx,24.72
한국중부발전㈜신보령발전본부,1,2018-01-18 01:30,NOx,19.99
한국중부발전㈜신보령발전본부,1,2018-01-18 02:00,TSP,4.4
한국중부발전㈜신보령발전본부,1,2018-01-18 02:00,SOx,24.59
한국중부발전㈜신보령발전본부,1,2018-01-18 02:00,NOx,23.0
한국중부발전㈜신보령발전본부,1,2018-01-18 02:30,TSP,4.42
한국중부발전㈜신보령발전본부,1,2018-01-18 02:30,SOx,24.82
한국중부발전㈜신보령발전본부,1,2018-01-18 02:30,NOx,20.23
한국중부발전㈜신보령발전본부,1,2018-01-18 03:00,TSP,4.36
한국중부발전㈜신보령발전본부,1,2018-01-18 03:00,SOx,25.09
한국중부발전㈜신보령발전본부,1,2018-01-18 03:00,NOx,18.47
한국중부발전㈜신보령발전본부,1,2018-01-18 03:30,TSP,4.13
한국중부발전㈜신보령발전본부,1,2018-01-18 03:30,SOx,25.81
한국중부발전㈜신보령발전본부,1,2018-01-18 03:30,NOx,19.38
한국중부발전㈜신보령발전본부,1,2018-01-18 04:00,TSP,3.98
한국중부발전㈜신보령발전본부,1,2018-01-18 04:00,SOx,26.54
한국중부발전㈜신보령발전본부,1,2018-01-18 04:00,NOx,19.47
한국중부발전㈜신보령발전본부,1,2018-01-18 04:30,TSP,4.0
한국중부발전㈜신보령발전본부,1,2018-01-18 04:30,SOx,27.69
한국중부발전㈜신보령발전본부,1,2018-01-18 04:30,NOx,19.94
한국중부발전㈜신보령발전본부,1,2018-01-18 05:00,TSP,4.0
한국중부발전㈜신보령발전본부,1,2018-01-18 05:00,SOx,28.26
한국중부발전㈜신보령발전본부,1,2018-01-18 05:00,NOx,20.11
한국중부발전㈜신보령발전본부,1,2018-01-18 05:30,TSP,4.01
한국중부발전㈜신보령발전본부,1,2018-01-18 05:30,SOx,29.04
한국중부발전㈜신보령발전본부,1,2018-01-18 05:30,NOx,19.39
한국중부발전㈜신보령발전본부,1,2018-01-18 06:00,TSP,4.08
한국중부발전㈜신보령발전본부,1,2018-01-18 06:00,SOx,29.12
한국중부발전㈜신보령발전본부,1,2018-01-18 06:00,NOx,19.55
한국중부발전㈜신보령발전본부,1,2018-01-18 06:30,TSP,3.95
한국중부발전㈜신보령발전본부,1,2018-01-18 06:30,SOx,29.24
한국중부발전㈜신보령발전본부,1,2018-01-18 06:30,NOx,18.86
한국중부발전㈜신보령발전본부,1,2018-01-18 07:00,TSP,4.03
한국중부발전㈜신보령발전본부,1,2018-01-18 07:00,SOx,28.71
한국중부발전㈜신보령발전본부,1,2018-01-18 07:00,NOx,20.01
한국중부발전㈜신보령발전본부,1,2018-01-18 07:30,TSP,4.1
한국중부발전㈜신보령발전본부,1,2018-01-18 07:30,SOx,28.56
한국중부발전㈜신보령발전본부,1,2018-01-18 07:30,NOx,18.7
한국중부발전㈜신보령발전본부,1,2018-01-18 08:00,TSP,4.42
한국중부발전㈜신보령발전본부,1,2018-01-18 08:00,SOx,27.9
한국중부발전㈜신보령발전본부,1,2018-01-18 08:00,NOx,14.87
한국중부발전㈜신보령발전본부,1,2018-01-18 08:30,TSP,4.12
한국중부발전㈜신보령발전본부,1,2018-01-18 08:30,SOx,27.47
한국중부발전㈜신보령발전본부,1,2018-01-18 08:30,NOx,20.74
한국중부발전㈜신보령발전본부,1,2018-01-18 09:00,TSP,4.22
한국중부발전㈜신보령발전본부,1,2018-01-18 09:00,SOx,27.35
한국중부발전㈜신보령발전본부,1,2018-01-18 09:00,NOx,20.88
한국중부발전㈜신보령발전본부,1,2018-01-18 09:30,TSP,4.18
한국중부발전㈜신보령발전본부,1,2018-01-18 09:30,SOx,27.02
한국중부발전㈜신보령발전본부,1,2018-01-18 09:30,NOx,20.32
한국중부발전㈜신보령발전본부,1,2018-01-18 10:00,TSP,4.29
한국중부발전㈜신보령발전본부,1,2018-01-18 10:00,SOx,26.57
한국중부발전㈜신보령발전본부,1,2018-01-18 10:00,NOx,21.07
한국중부발전㈜신보령발전본부,1,2018-01-18 10:30,TSP,4.34
한국중부발전㈜신보령발전본부,1,2018-01-18 10:30,SOx,26.28
한국중부발전㈜신보령발전본부,1,2018-01-18 10:30,NOx,21.56
한국중부발전㈜신보령발전본부,1,2018-01-18 11:00,TSP,4.06
한국중부발전㈜신보령발전본부,1,2018-01-18 11:00,SOx,25.96
한국중부발전㈜신보령발전본부,1,2018-01-18 11:00,NOx,20.72
한국중부발전㈜신보령발전본부,1,2018-01-18 11:30,TSP,3.76
한국중부발전㈜신보령발전본부,1,2018-01-18 11:30,SOx,25.79
한국중부발전㈜신보령발전본부,1,2018-01-18 11:30,NOx,20.15
한국중부발전㈜신보령발전본부,1,2018-01-18 12:00,TSP,3.67
한국중부발전㈜신보령발전본부,1,2018-01-18 12:00,SOx,25.71
한국중부발전㈜신보령발전본부,1,2018-01-18 12:00,NOx,21.25
한국중부발전㈜신보령발전본부,1,2018-01-18 12:30,TSP,3.65
한국중부발전㈜신보령발전본부,1,2018-01-18 12:30,SOx,25.89
한국중부발전㈜신보령발전본부,1,2018-01-18 12:30,NOx,20.0
한국중부발전㈜신보령발전본부,1,2018-01-18 13:00,TSP,3.71
한국중부발전㈜신보령발전본부,1,2018-01-18 13:00,SOx,26.09
한국중부발전㈜신보령발전본부,1,2018-01-18 13:00,NOx,20.53
한국중부발전㈜신보령발전본부,1,2018-01-18 13:30,TSP,3.63
한국중부발전㈜신보령발전본부,1,2018-01-18 13:30,SOx,26.35
한국중부발전㈜신보령발전본부,1,2018-01-18 13:30,NOx,21.26
한국중부발전㈜신보령발전본부,1,2018-01-18 14:00,TSP,3.68
한국중부발전㈜신보령발전본부,1,2018-01-18 14:00,SOx,26.44
한국중부발전㈜신보령발전본부,1,2018-01-18 14:00,NOx,21.21
한국중부발전㈜신보령발전본부,1,2018-01-18 14:30,TSP,3.78
한국중부발전㈜신보령발전본부,1,2018-01-18 14:30,SOx,27.15
한국중부발전㈜신보령발전본부,1,2018-01-18 14:30,NOx,20.12
한국중부발전㈜신보령발전본부,1,2018-01-18 15:00,TSP,3.82
한국중부발전㈜신보령발전본부,1,2018-01-18 15:00,SOx,27.1
한국중부발전㈜신보령발전본부,1,2018-01-18 15:00,NOx,20.03
한국중부발전㈜신보령발전본부,1,2018-01-18 15:30,TSP,3.77
한국중부발전㈜신보령발전본부,1,2018-01-18 15:30,SOx,27.27
한국중부발전㈜신보령발전본부,1,2018-01-18 15:30,NOx,21.32
한국중부발전㈜신보령발전본부,1,2018-01-18 16:00,TSP,4.05
한국중부발전㈜신보령발전본부,1,2018-01-18 16:00,SOx,28.02
한국중부발전㈜신보령발전본부,1,2018-01-18 16:00,NOx,21.62
한국중부발전㈜신보령발전본부,1,2018-01-18 16:30,TSP,3.94
한국중부발전㈜신보령발전본부,1,2018-01-18 16:30,SOx,28.52
한국중부발전㈜신보령발전본부,1,2018-01-18 16:30,NOx,22.57
한국중부발전㈜신보령발전본부,1,2018-01-18 17:00,TSP,4.09
한국중부발전㈜신보령발전본부,1,2018-01-18 17:00,SOx,28.7
한국중부발전㈜신보령발전본부,1,2018-01-18 17:00,NOx,21.48
한국중부발전㈜신보령발전본부,1,2018-01-18 17:30,TSP,4.09
한국중부발전㈜신보령발전본부,1,2018-01-18 17:30,SOx,28.98
한국중부발전㈜신보령발전본부,1,2018-01-18 17:30,NOx,21.35
한국중부발전㈜신보령발전본부,1,2018-01-18 18:00,TSP,4.12
한국중부발전㈜신보령발전본부,1,2018-01-18 18:00,SOx,29.12
한국중부발전㈜신보령발전본부,1,2018-01-18 18:00,NOx,22.08
한국중부발전㈜신보령발전본부,1,2018-01-18 18:30,TSP,4.29
한국중부발전㈜신보령발전본부,1,2018-01-18 18:30,SOx,28.76
한국중부발전㈜신보령발전본부,1,2018-01-18 18:30,NOx,23.25
한국중부발전㈜신보령발전본부,1,2018-01-18 19:00,TSP,4.49
한국중부발전㈜신보령발전본부,1,2018-01-18 19:00,SOx,28.7
한국중부발전㈜신보령발전본부,1,2018-01-18 19:00,NOx,22.65
한국중부발전㈜신보령발전본부,1,2018-01-18 19:30,TSP,3.93
한국중부발전㈜신보령발전본부,1,2018-01-18 19:30,SOx,28.43
한국중부발전㈜신보령발전본부,1,2018-01-18 19:30,NOx,22.97
한국중부발전㈜신보령발전본부,1,2018-01-18 20:00,TSP,4.07
한국중부발전㈜신보령발전본부,1,2018-01-18 20:00,SOx,28.57
한국중부발전㈜신보령발전본부,1,2018-01-18 20:00,NOx,22.52
한국중부발전㈜신보령발전본부,1,2018-01-18 20:30,TSP,4.02
한국중부발전㈜신보령발전본부,1,2018-01-18 20:30,SOx,28.56
한국중부발전㈜신보령발전본부,1,2018-01-18 20:30,NOx,22.29
한국중부발전㈜신보령발전본부,1,2018-01-18 21:00,TSP,4.11
한국중부발전㈜신보령발전본부,1,2018-01-18 21:00,SOx,28.39
한국중부발전㈜신보령발전본부,1,2018-01-18 21:00,NOx,23.74
한국중부발전㈜신보령발전본부,1,2018-01-18 21:30,TSP,4.25
한국중부발전㈜신보령발전본부,1,2018-01-18 21:30,SOx,28.51
한국중부발전㈜신보령발전본부,1,2018-01-18 21:30,NOx,19.9
한국중부발전㈜신보령발전본부,1,2018-01-18 22:00,TSP,4.19
한국중부발전㈜신보령발전본부,1,2018-01-18 22:00,SOx,27.85
한국중부발전㈜신보령발전본부,1,2018-01-18 22:00,NOx,19.62
한국중부발전㈜신보령발전본부,1,2018-01-18 22:30,TSP,3.81
한국중부발전㈜신보령발전본부,1,2018-01-18 22:30,SOx,27.39
한국중부발전㈜신보령발전본부,1,2018-01-18 22:30,NOx,20.4
한국중부발전㈜신보령발전본부,1,2018-01-18 23:00,TSP,3.68
한국중부발전㈜신보령발전본부,1,2018-01-18 23:00,SOx,27.0
한국중부발전㈜신보령발전본부,1,2018-01-18 23:00,NOx,21.19
한국중부발전㈜신보령발전본부,1,2018-01-18 23:30,TSP,3.7
한국중부발전㈜신보령발전본부,1,2018-01-18 23:30,SOx,26.74
한국중부발전㈜신보령발전본부,1,2018-01-18 23:30,NOx,21.28
한국중부발전㈜신보령발전본부,1,2018-01-19 00:00,TSP,3.98
한국중부발전㈜신보령발전본부,1,2018-01-19 00:00,SOx,26.49
한국중부발전㈜신보령발전본부,1,2018-01-19 00:00,NOx,22.02
한국중부발전㈜신보령발전본부,1,2018-01-19 00:30,TSP,3.88
한국중부발전㈜신보령발전본부,1,2018-01-19 00:30,SOx,26.53
한국중부발전㈜신보령발전본부,1,2018-01-19 00:30,NOx,22.22
한국중부발전㈜신보령발전본부,1,2018-01-19 01:00,TSP,3.99
한국중부발전㈜신보령발전본부,1,2018-01-19 01:00,SOx,26.28
한국중부발전㈜신보령발전본부,1,2018-01-19 01:00,NOx,22.06
한국중부발전㈜신보령발전본부,1,2018-01-19 01:30,TSP,4.1
한국중부발전㈜신보령발전본부,1,2018-01-19 01:30,SOx,26.31
한국중부발전㈜신보령발전본부,1,2018-01-19 01:30,NOx,22.26
한국중부발전㈜신보령발전본부,1,2018-01-19 02:00,TSP,4.13
한국중부발전㈜신보령발전본부,1,2018-01-19 02:00,SOx,26.55
한국중부발전㈜신보령발전본부,1,2018-01-19 02:00,NOx,21.94
한국중부발전㈜신보령발전본부,1,2018-01-19 02:30,TSP,4.22
한국중부발전㈜신보령발전본부,1,2018-01-19 02:30,SOx,26.56
한국중부발전㈜신보령발전본부,1,2018-01-19 02:30,NOx,21.31
한국중부발전㈜신보령발전본부,1,2018-01-19 03:00,TSP,4.02
한국중부발전㈜신보령발전본부,1,2018-01-19 03:00,SOx,26.51
한국중부발전㈜신보령발전본부,1,2018-01-19 03:00,NOx,20.5
한국중부발전㈜신보령발전본부,1,2018-01-19 03:30,TSP,3.71
한국중부발전㈜신보령발전본부,1,2018-01-19 03:30,SOx,26.67
한국중부발전㈜신보령발전본부,1,2018-01-19 03:30,NOx,21.23
한국중부발전㈜신보령발전본부,1,2018-01-19 04:00,TSP,3.85
한국중부발전㈜신보령발전본부,1,2018-01-19 04:00,SOx,26.98
한국중부발전㈜신보령발전본부,1,2018-01-19 04:00,NOx,21.86
한국중부발전㈜신보령발전본부,1,2018-01-19 04:30,TSP,3.78
한국중부발전㈜신보령발전본부,1,2018-01-19 04:30,SOx,27.13
한국중부발전㈜신보령발전본부,1,2018-01-19 04:30,NOx,21.4
한국중부발전㈜신보령발전본부,1,2018-01-19 05:00,TSP,3.81
한국중부발전㈜신보령발전본부,1,2018-01-19 05:00,SOx,27.12
한국중부발전㈜신보령발전본부,1,2018-01-19 05:00,NOx,22.66
한국중부발전㈜신보령발전본부,1,2018-01-19 05:30,TSP,3.86
한국중부발전㈜신보령발전본부,1,2018-01-19 05:30,SOx,27.58
한국중부발전㈜신보령발전본부,1,2018-01-19 05:30,NOx,21.57
한국중부발전㈜신보령발전본부,1,2018-01-19 06:00,TSP,3.8
한국중부발전㈜신보령발전본부,1,2018-01-19 06:00,SOx,27.5
한국중부발전㈜신보령발전본부,1,2018-01-19 06:00,NOx,22.06
한국중부발전㈜신보령발전본부,1,2018-01-19 06:30,TSP,3.78
한국중부발전㈜신보령발전본부,1,2018-01-19 06:30,SOx,27.43
한국중부발전㈜신보령발전본부,1,2018-01-19 06:30,NOx,22.34
한국중부발전㈜신보령발전본부,1,2018-01-19 07:00,TSP,3.81
한국중부발전㈜신보령발전본부,1,2018-01-19 07:00,SOx,27.32
한국중부발전㈜신보령발전본부,1,2018-01-19 07:00,NOx,22.07
한국중부발전㈜신보령발전본부,1,2018-01-19 07:30,TSP,3.75
한국중부발전㈜신보령발전본부,1,2018-01-19 07:30,SOx,26.95
한국중부발전㈜신보령발전본부,1,2018-01-19 07:30,NOx,22.53
한국중부발전㈜신보령발전본부,1,2018-01-19 08:00,TSP,4.0
한국중부발전㈜신보령발전본부,1,2018-01-19 08:00,SOx,27.23
한국중부발전㈜신보령발전본부,1,2018-01-19 08:00,NOx,23.03
한국중부발전㈜신보령발전본부,1,2018-01-19 08:30,TSP,3.89
한국중부발전㈜신보령발전본부,1,2018-01-19 08:30,SOx,27.18
한국중부발전㈜신보령발전본부,1,2018-01-19 08:30,NOx,22.19
한국중부발전㈜신보령발전본부,1,2018-01-19 09:00,TSP,4.0
한국중부발전㈜신보령발전본부,1,2018-01-19 09:00,SOx,27.32
한국중부발전㈜신보령발전본부,1,2018-01-19 09:00,NOx,22.61
한국중부발전㈜신보령발전본부,1,2018-01-19 09:30,TSP,4.21
한국중부발전㈜신보령발전본부,1,2018-01-19 09:30,SOx,27.39
한국중부발전㈜신보령발전본부,1,2018-01-19 09:30,NOx,23.14
한국중부발전㈜신보령발전본부,1,2018-01-19 10:00,TSP,4.24
한국중부발전㈜신보령발전본부,1,2018-01-19 10:00,SOx,27.62
한국중부발전㈜신보령발전본부,1,2018-01-19 10:00,NOx,23.06
한국중부발전㈜신보령발전본부,1,2018-01-19 10:30,TSP,4.35
한국중부발전㈜신보령발전본부,1,2018-01-19 10:30,SOx,27.33
한국중부발전㈜신보령발전본부,1,2018-01-19 10:30,NOx,22.72
한국중부발전㈜신보령발전본부,1,2018-01-19 11:00,TSP,4.42
한국중부발전㈜신보령발전본부,1,2018-01-19 11:00,SOx,26.88
한국중부발전㈜신보령발전본부,1,2018-01-19 11:00,NOx,22.3
한국중부발전㈜신보령발전본부,1,2018-01-19 11:30,TSP,3.95
한국중부발전㈜신보령발전본부,1,2018-01-19 11:30,SOx,26.53
한국중부발전㈜신보령발전본부,1,2018-01-19 11:30,NOx,21.67
한국중부발전㈜신보령발전본부,1,2018-01-19 12:00,TSP,3.99
한국중부발전㈜신보령발전본부,1,2018-01-19 12:00,SOx,26.23
한국중부발전㈜신보령발전본부,1,2018-01-19 12:00,NOx,22.44
한국중부발전㈜신보령발전본부,1,2018-01-19 12:30,TSP,4.03
한국중부발전㈜신보령발전본부,1,2018-01-19 12:30,SOx,25.65
한국중부발전㈜신보령발전본부,1,2018-01-19 12:30,NOx,21.39
한국중부발전㈜신보령발전본부,1,2018-01-19 13:00,TSP,3.97
한국중부발전㈜신보령발전본부,1,2018-01-19 13:00,SOx,25.12
한국중부발전㈜신보령발전본부,1,2018-01-19 13:00,NOx,21.73
한국중부발전㈜신보령발전본부,1,2018-01-19 13:30,TSP,4.01
한국중부발전㈜신보령발전본부,1,2018-01-19 13:30,SOx,25.0
한국중부발전㈜신보령발전본부,1,2018-01-19 13:30,NOx,21.06
한국중부발전㈜신보령발전본부,1,2018-01-19 14:00,TSP,4.07
한국중부발전㈜신보령발전본부,1,2018-01-19 14:00,SOx,25.25
한국중부발전㈜신보령발전본부,1,2018-01-19 14:00,NOx,22.58
한국중부발전㈜신보령발전본부,1,2018-01-19 14:30,TSP,3.97
한국중부발전㈜신보령발전본부,1,2018-01-19 14:30,SOx,25.28
한국중부발전㈜신보령발전본부,1,2018-01-19 14:30,NOx,23.43
한국중부발전㈜신보령발전본부,1,2018-01-19 15:00,TSP,3.9
한국중부발전㈜신보령발전본부,1,2018-01-19 15:00,SOx,25.66
한국중부발전㈜신보령발전본부,1,2018-01-19 15:00,NOx,23.09
한국중부발전㈜신보령발전본부,1,2018-01-19 15:30,TSP,3.85
한국중부발전㈜신보령발전본부,1,2018-01-19 15:30,SOx,25.98
한국중부발전㈜신보령발전본부,1,2018-01-19 15:30,NOx,21.6
한국중부발전㈜신보령발전본부,1,2018-01-19 16:00,TSP,4.06
한국중부발전㈜신보령발전본부,1,2018-01-19 16:00,SOx,26.3
한국중부발전㈜신보령발전본부,1,2018-01-19 16:00,NOx,21.9
한국중부발전㈜신보령발전본부,1,2018-01-19 16:30,TSP,4.08
한국중부발전㈜신보령발전본부,1,2018-01-19 16:30,SOx,26.87
한국중부발전㈜신보령발전본부,1,2018-01-19 16:30,NOx,21.89
한국중부발전㈜신보령발전본부,1,2018-01-19 17:00,TSP,4.05
한국중부발전㈜신보령발전본부,1,2018-01-19 17:00,SOx,27.27
한국중부발전㈜신보령발전본부,1,2018-01-19 17:00,NOx,22.0
한국중부발전㈜신보령발전본부,1,2018-01-19 17:30,TSP,4.11
한국중부발전㈜신보령발전본부,1,2018-01-19 17:30,SOx,27.75
한국중부발전㈜신보령발전본부,1,2018-01-19 17:30,NOx,20.14
한국중부발전㈜신보령발전본부,1,2018-01-19 18:00,TSP,4.33
한국중부발전㈜신보령발전본부,1,2018-01-19 18:00,SOx,28.04
한국중부발전㈜신보령발전본부,1,2018-01-19 18:00,NOx,18.97
한국중부발전㈜신보령발전본부,1,2018-01-19 18:30,TSP,4.3
한국중부발전㈜신보령발전본부,1,2018-01-19 18:30,SOx,27.61
한국중부발전㈜신보령발전본부,1,2018-01-19 18:30,NOx,20.73
한국중부발전㈜신보령발전본부,1,2018-01-19 19:00,TSP,4.66
한국중부발전㈜신보령발전본부,1,2018-01-19 19:00,SOx,27.46
한국중부발전㈜신보령발전본부,1,2018-01-19 19:00,NOx,21.22
한국중부발전㈜신보령발전본부,1,2018-01-19 19:30,TSP,4.02
한국중부발전㈜신보령발전본부,1,2018-01-19 19:30,SOx,27.79
한국중부발전㈜신보령발전본부,1,2018-01-19 19:30,NOx,21.04
한국중부발전㈜신보령발전본부,1,2018-01-19 20:00,TSP,4.12
한국중부발전㈜신보령발전본부,1,2018-01-19 20:00,SOx,27.46
한국중부발전㈜신보령발전본부,1,2018-01-19 20:00,NOx,22.32
한국중부발전㈜신보령발전본부,1,2018-01-19 20:30,TSP,4.27
한국중부발전㈜신보령발전본부,1,2018-01-19 20:30,SOx,26.96
한국중부발전㈜신보령발전본부,1,2018-01-19 20:30,NOx,21.1
한국중부발전㈜신보령발전본부,1,2018-01-19 21:00,TSP,4.29
한국중부발전㈜신보령발전본부,1,2018-01-19 21:00,SOx,26.4
한국중부발전㈜신보령발전본부,1,2018-01-19 21:00,NOx,20.56
한국중부발전㈜신보령발전본부,1,2018-01-19 21:30,TSP,4.37
한국중부발전㈜신보령발전본부,1,2018-01-19 21:30,SOx,25.96
한국중부발전㈜신보령발전본부,1,2018-01-19 21:30,NOx,20.79
한국중부발전㈜신보령발전본부,1,2018-01-19 22:00,TSP,4.3
한국중부발전㈜신보령발전본부,1,2018-01-19 22:00,SOx,25.32
한국중부발전㈜신보령발전본부,1,2018-01-19 22:00,NOx,21.01
한국중부발전㈜신보령발전본부,1,2018-01-19 22:30,TSP,3.86
한국중부발전㈜신보령발전본부,1,2018-01-19 22:30,SOx,24.83
한국중부발전㈜신보령발전본부,1,2018-01-19 22:30,NOx,20.32
한국중부발전㈜신보령발전본부,1,2018-01-19 23:00,TSP,3.75
한국중부발전㈜신보령발전본부,1,2018-01-19 23:00,SOx,24.37
한국중부발전㈜신보령발전본부,1,2018-01-19 23:00,NOx,20.34
한국중부발전㈜신보령발전본부,1,2018-01-19 23:30,TSP,3.93
한국중부발전㈜신보령발전본부,1,2018-01-19 23:30,SOx,24.39
한국중부발전㈜신보령발전본부,1,2018-01-19 23:30,NOx,20.78
한국중부발전㈜신보령발전본부,1,2018-01-20 00:00,TSP,4.08
한국중부발전㈜신보령발전본부,1,2018-01-20 00:00,SOx,24.61
한국중부발전㈜신보령발전본부,1,2018-01-20 00:00,NOx,20.05
한국중부발전㈜신보령발전본부,1,2018-01-20 00:30,TSP,4.1
한국중부발전㈜신보령발전본부,1,2018-01-20 00:30,SOx,25.62
한국중부발전㈜신보령발전본부,1,2018-01-20 00:30,NOx,20.89
한국중부발전㈜신보령발전본부,1,2018-01-20 01:00,TSP,4.16
한국중부발전㈜신보령발전본부,1,2018-01-20 01:00,SOx,26.25
한국중부발전㈜신보령발전본부,1,2018-01-20 01:00,NOx,19.98
한국중부발전㈜신보령발전본부,1,2018-01-20 01:30,TSP,4.15
한국중부발전㈜신보령발전본부,1,2018-01-20 01:30,SOx,27.02
한국중부발전㈜신보령발전본부,1,2018-01-20 01:30,NOx,19.93
한국중부발전㈜신보령발전본부,1,2018-01-20 02:00,TSP,4.25
한국중부발전㈜신보령발전본부,1,2018-01-20 02:00,SOx,27.94
한국중부발전㈜신보령발전본부,1,2018-01-20 02:00,NOx,19.63
한국중부발전㈜신보령발전본부,1,2018-01-20 02:30,TSP,4.59
한국중부발전㈜신보령발전본부,1,2018-01-20 02:30,SOx,28.45
한국중부발전㈜신보령발전본부,1,2018-01-20 02:30,NOx,19.02
한국중부발전㈜신보령발전본부,1,2018-01-20 03:00,TSP,4.24
한국중부발전㈜신보령발전본부,1,2018-01-20 03:00,SOx,29.05
한국중부발전㈜신보령발전본부,1,2018-01-20 03:00,NOx,19.04
한국중부발전㈜신보령발전본부,1,2018-01-20 03:30,TSP,3.99
한국중부발전㈜신보령발전본부,1,2018-01-20 03:30,SOx,29.6
한국중부발전㈜신보령발전본부,1,2018-01-20 03:30,NOx,20.01
한국중부발전㈜신보령발전본부,1,2018-01-20 04:00,TSP,3.93
한국중부발전㈜신보령발전본부,1,2018-01-20 04:00,SOx,30.0
한국중부발전㈜신보령발전본부,1,2018-01-20 04:00,NOx,18.53
한국중부발전㈜신보령발전본부,1,2018-01-20 04:30,TSP,3.92
한국중부발전㈜신보령발전본부,1,2018-01-20 04:30,SOx,30.04
한국중부발전㈜신보령발전본부,1,2018-01-20 04:30,NOx,19.75
한국중부발전㈜신보령발전본부,1,2018-01-20 05:00,TSP,3.9
한국중부발전㈜신보령발전본부,1,2018-01-20 05:00,SOx,29.97
한국중부발전㈜신보령발전본부,1,2018-01-20 05:00,NOx,18.36
한국중부발전㈜신보령발전본부,1,2018-01-20 05:30,TSP,3.7
한국중부발전㈜신보령발전본부,1,2018-01-20 05:30,SOx,30.48
한국중부발전㈜신보령발전본부,1,2018-01-20 05:30,NOx,20.59
한국중부발전㈜신보령발전본부,1,2018-01-20 06:00,TSP,3.61
한국중부발전㈜신보령발전본부,1,2018-01-20 06:00,SOx,30.34
한국중부발전㈜신보령발전본부,1,2018-01-20 06:00,NOx,19.9
한국중부발전㈜신보령발전본부,1,2018-01-20 06:30,TSP,3.61
한국중부발전㈜신보령발전본부,1,2018-01-20 06:30,SOx,30.39
한국중부발전㈜신보령발전본부,1,2018-01-20 06:30,NOx,19.99
한국중부발전㈜신보령발전본부,1,2018-01-20 07:00,TSP,3.55
한국중부발전㈜신보령발전본부,1,2018-01-20 07:00,SOx,30.06
한국중부발전㈜신보령발전본부,1,2018-01-20 07:00,NOx,19.36
한국중부발전㈜신보령발전본부,1,2018-01-20 07:30,TSP,3.58
한국중부발전㈜신보령발전본부,1,2018-01-20 07:30,SOx,29.99
한국중부발전㈜신보령발전본부,1,2018-01-20 07:30,NOx,18.84
한국중부발전㈜신보령발전본부,1,2018-01-20 08:00,TSP,3.75
한국중부발전㈜신보령발전본부,1,2018-01-20 08:00,SOx,29.83
한국중부발전㈜신보령발전본부,1,2018-01-20 08:00,NOx,21.31
한국중부발전㈜신보령발전본부,1,2018-01-20 08:30,TSP,3.68
한국중부발전㈜신보령발전본부,1,2018-01-20 08:30,SOx,29.45
한국중부발전㈜신보령발전본부,1,2018-01-20 08:30,NOx,22.67
한국중부발전㈜신보령발전본부,1,2018-01-20 09:00,TSP,3.76
한국중부발전㈜신보령발전본부,1,2018-01-20 09:00,SOx,29.05
한국중부발전㈜신보령발전본부,1,2018-01-20 09:00,NOx,22.52
한국중부발전㈜신보령발전본부,1,2018-01-20 09:30,TSP,3.83
한국중부발전㈜신보령발전본부,1,2018-01-20 09:30,SOx,28.93
한국중부발전㈜신보령발전본부,1,2018-01-20 09:30,NOx,21.28
한국중부발전㈜신보령발전본부,1,2018-01-20 10:00,TSP,4.0
한국중부발전㈜신보령발전본부,1,2018-01-20 10:00,SOx,28.64
한국중부발전㈜신보령발전본부,1,2018-01-20 10:00,NOx,22.07
한국중부발전㈜신보령발전본부,1,2018-01-20 10:30,TSP,4.11
한국중부발전㈜신보령발전본부,1,2018-01-20 10:30,SOx,28.08
한국중부발전㈜신보령발전본부,1,2018-01-20 10:30,NOx,22.91
한국중부발전㈜신보령발전본부,1,2018-01-20 11:00,TSP,4.04
한국중부발전㈜신보령발전본부,1,2018-01-20 11:00,SOx,27.6
한국중부발전㈜신보령발전본부,1,2018-01-20 11:00,NOx,22.93
한국중부발전㈜신보령발전본부,1,2018-01-20 11:30,TSP,3.7
한국중부발전㈜신보령발전본부,1,2018-01-20 11:30,SOx,27.3
한국중부발전㈜신보령발전본부,1,2018-01-20 11:30,NOx,25.82
한국중부발전㈜신보령발전본부,1,2018-01-20 12:00,TSP,3.61
한국중부발전㈜신보령발전본부,1,2018-01-20 12:00,SOx,27.66
한국중부발전㈜신보령발전본부,1,2018-01-20 12:00,NOx,24.59
한국중부발전㈜신보령발전본부,1,2018-01-20 12:30,TSP,3.6
한국중부발전㈜신보령발전본부,1,2018-01-20 12:30,SOx,28.11
한국중부발전㈜신보령발전본부,1,2018-01-20 12:30,NOx,22.06
한국중부발전㈜신보령발전본부,1,2018-01-20 13:00,TSP,3.6
한국중부발전㈜신보령발전본부,1,2018-01-20 13:00,SOx,27.98
한국중부발전㈜신보령발전본부,1,2018-01-20 13:00,NOx,21.38
한국중부발전㈜신보령발전본부,1,2018-01-20 13:30,TSP,3.56
한국중부발전㈜신보령발전본부,1,2018-01-20 13:30,SOx,28.41
한국중부발전㈜신보령발전본부,1,2018-01-20 13:30,NOx,20.83
한국중부발전㈜신보령발전본부,1,2018-01-20 14:00,TSP,3.55
한국중부발전㈜신보령발전본부,1,2018-01-20 14:00,SOx,29.01
한국중부발전㈜신보령발전본부,1,2018-01-20 14:00,NOx,20.83
한국중부발전㈜신보령발전본부,1,2018-01-20 14:30,TSP,3.57
한국중부발전㈜신보령발전본부,1,2018-01-20 14:30,SOx,29.35
한국중부발전㈜신보령발전본부,1,2018-01-20 14:30,NOx,21.08
한국중부발전㈜신보령발전본부,1,2018-01-20 15:00,TSP,3.6
한국중부발전㈜신보령발전본부,1,2018-01-20 15:00,SOx,29.98
한국중부발전㈜신보령발전본부,1,2018-01-20 15:00,NOx,20.5
한국중부발전㈜신보령발전본부,1,2018-01-20 15:30,TSP,3.58
한국중부발전㈜신보령발전본부,1,2018-01-20 15:30,SOx,30.15
한국중부발전㈜신보령발전본부,1,2018-01-20 15:30,NOx,18.59
한국중부발전㈜신보령발전본부,1,2018-01-20 16:00,TSP,3.94
한국중부발전㈜신보령발전본부,1,2018-01-20 16:00,SOx,29.8
한국중부발전㈜신보령발전본부,1,2018-01-20 16:00,NOx,21.47
한국중부발전㈜신보령발전본부,1,2018-01-20 16:30,TSP,3.71
한국중부발전㈜신보령발전본부,1,2018-01-20 16:30,SOx,29.57
한국중부발전㈜신보령발전본부,1,2018-01-20 16:30,NOx,19.7
한국중부발전㈜신보령발전본부,1,2018-01-20 17:00,TSP,3.79
한국중부발전㈜신보령발전본부,1,2018-01-20 17:00,SOx,29.14
한국중부발전㈜신보령발전본부,1,2018-01-20 17:00,NOx,20.65
한국중부발전㈜신보령발전본부,1,2018-01-20 17:30,TSP,3.93
한국중부발전㈜신보령발전본부,1,2018-01-20 17:30,SOx,28.9
한국중부발전㈜신보령발전본부,1,2018-01-20 17:30,NOx,19.57
한국중부발전㈜신보령발전본부,1,2018-01-20 18:00,TSP,3.95
한국중부발전㈜신보령발전본부,1,2018-01-20 18:00,SOx,28.34
한국중부발전㈜신보령발전본부,1,2018-01-20 18:00,NOx,19.5
한국중부발전㈜신보령발전본부,1,2018-01-20 18:30,TSP,4.13
한국중부발전㈜신보령발전본부,1,2018-01-20 18:30,SOx,27.46
한국중부발전㈜신보령발전본부,1,2018-01-20 18:30,NOx,19.9
한국중부발전㈜신보령발전본부,1,2018-01-20 19:00,TSP,4.4
한국중부발전㈜신보령발전본부,1,2018-01-20 19:00,SOx,26.67
한국중부발전㈜신보령발전본부,1,2018-01-20 19:00,NOx,20.34
한국중부발전㈜신보령발전본부,1,2018-01-20 19:30,TSP,3.85
한국중부발전㈜신보령발전본부,1,2018-01-20 19:30,SOx,26.59
한국중부발전㈜신보령발전본부,1,2018-01-20 19:30,NOx,20.58
한국중부발전㈜신보령발전본부,1,2018-01-20 20:00,TSP,3.96
한국중부발전㈜신보령발전본부,1,2018-01-20 20:00,SOx,26.48
한국중부발전㈜신보령발전본부,1,2018-01-20 20:00,NOx,21.59
한국중부발전㈜신보령발전본부,1,2018-01-20 20:30,TSP,3.97
한국중부발전㈜신보령발전본부,1,2018-01-20 20:30,SOx,26.72
한국중부발전㈜신보령발전본부,1,2018-01-20 20:30,NOx,21.13
한국중부발전㈜신보령발전본부,1,2018-01-20 21:00,TSP,3.97
한국중부발전㈜신보령발전본부,1,2018-01-20 21:00,SOx,27.37
한국중부발전㈜신보령발전본부,1,2018-01-20 21:00,NOx,22.01
한국중부발전㈜신보령발전본부,1,2018-01-20 21:30,TSP,4.05
한국중부발전㈜신보령발전본부,1,2018-01-20 21:30,SOx,27.71
한국중부발전㈜신보령발전본부,1,2018-01-20 21:30,NOx,22.09
한국중부발전㈜신보령발전본부,1,2018-01-20 22:00,TSP,3.91
한국중부발전㈜신보령발전본부,1,2018-01-20 22:00,SOx,27.92
한국중부발전㈜신보령발전본부,1,2018-01-20 22:00,NOx,21.26
한국중부발전㈜신보령발전본부,1,2018-01-20 22:30,TSP,3.57
한국중부발전㈜신보령발전본부,1,2018-01-20 22:30,SOx,27.75
한국중부발전㈜신보령발전본부,1,2018-01-20 22:30,NOx,21.1
한국중부발전㈜신보령발전본부,1,2018-01-20 23:00,TSP,3.59
한국중부발전㈜신보령발전본부,1,2018-01-20 23:00,SOx,27.89
한국중부발전㈜신보령발전본부,1,2018-01-20 23:00,NOx,21.81
한국중부발전㈜신보령발전본부,1,2018-01-20 23:30,TSP,3.47
한국중부발전㈜신보령발전본부,1,2018-01-20 23:30,SOx,27.32
한국중부발전㈜신보령발전본부,1,2018-01-20 23:30,NOx,21.02
한국중부발전㈜신보령발전본부,1,2018-01-21 00:00,TSP,3.74
한국중부발전㈜신보령발전본부,1,2018-01-21 00:00,SOx,26.76
한국중부발전㈜신보령발전본부,1,2018-01-21 00:00,NOx,20.81
한국중부발전㈜신보령발전본부,1,2018-01-21 00:30,TSP,4.01
한국중부발전㈜신보령발전본부,1,2018-01-21 00:30,SOx,26.52
한국중부발전㈜신보령발전본부,1,2018-01-21 00:30,NOx,21.0
한국중부발전㈜신보령발전본부,1,2018-01-21 01:00,TSP,4.59
한국중부발전㈜신보령발전본부,1,2018-01-21 01:00,SOx,25.84
한국중부발전㈜신보령발전본부,1,2018-01-21 01:00,NOx,21.62
한국중부발전㈜신보령발전본부,1,2018-01-21 01:30,TSP,3.97
한국중부발전㈜신보령발전본부,1,2018-01-21 01:30,SOx,25.78
한국중부발전㈜신보령발전본부,1,2018-01-21 01:30,NOx,21.25
한국중부발전㈜신보령발전본부,1,2018-01-21 02:00,TSP,3.97
한국중부발전㈜신보령발전본부,1,2018-01-21 02:00,SOx,25.4
한국중부발전㈜신보령발전본부,1,2018-01-21 02:00,NOx,21.93
한국중부발전㈜신보령발전본부,1,2018-01-21 02:30,TSP,3.96
한국중부발전㈜신보령발전본부,1,2018-01-21 02:30,SOx,24.85
한국중부발전㈜신보령발전본부,1,2018-01-21 02:30,NOx,21.21
한국중부발전㈜신보령발전본부,1,2018-01-21 03:00,TSP,3.86
한국중부발전㈜신보령발전본부,1,2018-01-21 03:00,SOx,24.8
한국중부발전㈜신보령발전본부,1,2018-01-21 03:00,NOx,21.45
한국중부발전㈜신보령발전본부,1,2018-01-21 03:30,TSP,3.47
한국중부발전㈜신보령발전본부,1,2018-01-21 03:30,SOx,25.31
한국중부발전㈜신보령발전본부,1,2018-01-21 03:30,NOx,20.18
한국중부발전㈜신보령발전본부,1,2018-01-21 04:00,TSP,3.49
한국중부발전㈜신보령발전본부,1,2018-01-21 04:00,SOx,25.83
한국중부발전㈜신보령발전본부,1,2018-01-21 04:00,NOx,20.69
한국중부발전㈜신보령발전본부,1,2018-01-21 04:30,TSP,3.56
한국중부발전㈜신보령발전본부,1,2018-01-21 04:30,SOx,25.97
한국중부발전㈜신보령발전본부,1,2018-01-21 04:30,NOx,20.1
한국중부발전㈜신보령발전본부,1,2018-01-21 05:00,TSP,3.54
한국중부발전㈜신보령발전본부,1,2018-01-21 05:00,SOx,26.21
한국중부발전㈜신보령발전본부,1,2018-01-21 05:00,NOx,21.04
한국중부발전㈜신보령발전본부,1,2018-01-21 05:30,TSP,3.56
한국중부발전㈜신보령발전본부,1,2018-01-21 05:30,SOx,27.0
한국중부발전㈜신보령발전본부,1,2018-01-21 05:30,NOx,20.48
한국중부발전㈜신보령발전본부,1,2018-01-21 06:00,TSP,3.56
한국중부발전㈜신보령발전본부,1,2018-01-21 06:00,SOx,27.4
한국중부발전㈜신보령발전본부,1,2018-01-21 06:00,NOx,20.74
한국중부발전㈜신보령발전본부,1,2018-01-21 06:30,TSP,3.55
한국중부발전㈜신보령발전본부,1,2018-01-21 06:30,SOx,28.42
한국중부발전㈜신보령발전본부,1,2018-01-21 06:30,NOx,21.45
한국중부발전㈜신보령발전본부,1,2018-01-21 07:00,TSP,3.61
한국중부발전㈜신보령발전본부,1,2018-01-21 07:00,SOx,28.88
한국중부발전㈜신보령발전본부,1,2018-01-21 07:00,NOx,21.63
한국중부발전㈜신보령발전본부,1,2018-01-21 07:30,TSP,3.61
한국중부발전㈜신보령발전본부,1,2018-01-21 07:30,SOx,29.08
한국중부발전㈜신보령발전본부,1,2018-01-21 07:30,NOx,21.98
한국중부발전㈜신보령발전본부,1,2018-01-21 08:00,TSP,3.76
한국중부발전㈜신보령발전본부,1,2018-01-21 08:00,SOx,29.05
한국중부발전㈜신보령발전본부,1,2018-01-21 08:00,NOx,22.7
한국중부발전㈜신보령발전본부,1,2018-01-21 08:30,TSP,3.76
한국중부발전㈜신보령발전본부,1,2018-01-21 08:30,SOx,28.12
한국중부발전㈜신보령발전본부,1,2018-01-21 08:30,NOx,23.86
한국중부발전㈜신보령발전본부,1,2018-01-21 09:00,TSP,3.73
한국중부발전㈜신보령발전본부,1,2018-01-21 09:00,SOx,27.64
한국중부발전㈜신보령발전본부,1,2018-01-21 09:00,NOx,23.35
한국중부발전㈜신보령발전본부,1,2018-01-21 09:30,TSP,3.76
한국중부발전㈜신보령발전본부,1,2018-01-21 09:30,SOx,27.5
한국중부발전㈜신보령발전본부,1,2018-01-21 09:30,NOx,22.87
한국중부발전㈜신보령발전본부,1,2018-01-21 10:00,TSP,3.78
한국중부발전㈜신보령발전본부,1,2018-01-21 10:00,SOx,27.05
한국중부발전㈜신보령발전본부,1,2018-01-21 10:00,NOx,23.6
한국중부발전㈜신보령발전본부,1,2018-01-21 10:30,TSP,3.74
한국중부발전㈜신보령발전본부,1,2018-01-21 10:30,SOx,26.67
한국중부발전㈜신보령발전본부,1,2018-01-21 10:30,NOx,23.59
한국중부발전㈜신보령발전본부,1,2018-01-21 11:00,TSP,3.69
한국중부발전㈜신보령발전본부,1,2018-01-21 11:00,SOx,26.55
한국중부발전㈜신보령발전본부,1,2018-01-21 11:00,NOx,22.79
한국중부발전㈜신보령발전본부,1,2018-01-21 11:30,TSP,3.36
한국중부발전㈜신보령발전본부,1,2018-01-21 11:30,SOx,26.58
한국중부발전㈜신보령발전본부,1,2018-01-21 11:30,NOx,22.28
한국중부발전㈜신보령발전본부,1,2018-01-21 12:00,TSP,3.31
한국중부발전㈜신보령발전본부,1,2018-01-21 12:00,SOx,26.98
한국중부발전㈜신보령발전본부,1,2018-01-21 12:00,NOx,21.84
한국중부발전㈜신보령발전본부,1,2018-01-21 12:30,TSP,3.26
한국중부발전㈜신보령발전본부,1,2018-01-21 12:30,SOx,27.7
한국중부발전㈜신보령발전본부,1,2018-01-21 12:30,NOx,19.41
한국중부발전㈜신보령발전본부,1,2018-01-21 13:00,TSP,3.18
한국중부발전㈜신보령발전본부,1,2018-01-21 13:00,SOx,28.5
한국중부발전㈜신보령발전본부,1,2018-01-21 13:00,NOx,19.9
한국중부발전㈜신보령발전본부,1,2018-01-21 13:30,TSP,3.15
한국중부발전㈜신보령발전본부,1,2018-01-21 13:30,SOx,28.7
한국중부발전㈜신보령발전본부,1,2018-01-21 13:30,NOx,19.64
한국중부발전㈜신보령발전본부,1,2018-01-21 14:00,TSP,3.19
한국중부발전㈜신보령발전본부,1,2018-01-21 14:00,SOx,29.0
한국중부발전㈜신보령발전본부,1,2018-01-21 14:00,NOx,19.51
한국중부발전㈜신보령발전본부,1,2018-01-21 14:30,TSP,3.15
한국중부발전㈜신보령발전본부,1,2018-01-21 14:30,SOx,29.43
한국중부발전㈜신보령발전본부,1,2018-01-21 14:30,NOx,19.21
한국중부발전㈜신보령발전본부,1,2018-01-21 15:00,TSP,3.1
한국중부발전㈜신보령발전본부,1,2018-01-21 15:00,SOx,29.74
한국중부발전㈜신보령발전본부,1,2018-01-21 15:00,NOx,19.71
한국중부발전㈜신보령발전본부,1,2018-01-21 15:30,TSP,3.16
한국중부발전㈜신보령발전본부,1,2018-01-21 15:30,SOx,29.78
한국중부발전㈜신보령발전본부,1,2018-01-21 15:30,NOx,19.62
한국중부발전㈜신보령발전본부,1,2018-01-21 16:00,TSP,3.26
한국중부발전㈜신보령발전본부,1,2018-01-21 16:00,SOx,29.83
한국중부발전㈜신보령발전본부,1,2018-01-21 16:00,NOx,20.31
한국중부발전㈜신보령발전본부,1,2018-01-21 16:30,TSP,3.27
한국중부발전㈜신보령발전본부,1,2018-01-21 16:30,SOx,29.56
한국중부발전㈜신보령발전본부,1,2018-01-21 16:30,NOx,15.94
한국중부발전㈜신보령발전본부,1,2018-01-21 17:00,TSP,3.31
한국중부발전㈜신보령발전본부,1,2018-01-21 17:00,SOx,29.24
한국중부발전㈜신보령발전본부,1,2018-01-21 17:00,NOx,18.13
한국중부발전㈜신보령발전본부,1,2018-01-21 17:30,TSP,3.31
한국중부발전㈜신보령발전본부,1,2018-01-21 17:30,SOx,29.04
한국중부발전㈜신보령발전본부,1,2018-01-21 17:30,NOx,18.79
한국중부발전㈜신보령발전본부,1,2018-01-21 18:00,TSP,3.37
한국중부발전㈜신보령발전본부,1,2018-01-21 18:00,SOx,28.68
한국중부발전㈜신보령발전본부,1,2018-01-21 18:00,NOx,19.44
한국중부발전㈜신보령발전본부,1,2018-01-21 18:30,TSP,3.37
한국중부발전㈜신보령발전본부,1,2018-01-21 18:30,SOx,28.07
한국중부발전㈜신보령발전본부,1,2018-01-21 18:30,NOx,19.44
한국중부발전㈜신보령발전본부,1,2018-01-21 19:00,TSP,3.73
한국중부발전㈜신보령발전본부,1,2018-01-21 19:00,SOx,27.31
한국중부발전㈜신보령발전본부,1,2018-01-21 19:00,NOx,18.18
한국중부발전㈜신보령발전본부,1,2018-01-21 19:30,TSP,3.28
한국중부발전㈜신보령발전본부,1,2018-01-21 19:30,SOx,26.76
한국중부발전㈜신보령발전본부,1,2018-01-21 19:30,NOx,19.26
한국중부발전㈜신보령발전본부,1,2018-01-21 20:00,TSP,3.29
한국중부발전㈜신보령발전본부,1,2018-01-21 20:00,SOx,26.49
한국중부발전㈜신보령발전본부,1,2018-01-21 20:00,NOx,17.41
한국중부발전㈜신보령발전본부,1,2018-01-21 20:30,TSP,3.4
한국중부발전㈜신보령발전본부,1,2018-01-21 20:30,SOx,26.15
한국중부발전㈜신보령발전본부,1,2018-01-21 20:30,NOx,17.92
한국중부발전㈜신보령발전본부,1,2018-01-21 21:00,TSP,3.43
한국중부발전㈜신보령발전본부,1,2018-01-21 21:00,SOx,25.94
한국중부발전㈜신보령발전본부,1,2018-01-21 21:00,NOx,18.07
한국중부발전㈜신보령발전본부,1,2018-01-21 21:30,TSP,3.43
한국중부발전㈜신보령발전본부,1,2018-01-21 21:30,SOx,25.9
한국중부발전㈜신보령발전본부,1,2018-01-21 21:30,NOx,20.47
한국중부발전㈜신보령발전본부,1,2018-01-21 22:00,TSP,3.44
한국중부발전㈜신보령발전본부,1,2018-01-21 22:00,SOx,25.23
한국중부발전㈜신보령발전본부,1,2018-01-21 22:00,NOx,20.74
한국중부발전㈜신보령발전본부,1,2018-01-21 22:30,TSP,3.09
한국중부발전㈜신보령발전본부,1,2018-01-21 22:30,SOx,25.36
한국중부발전㈜신보령발전본부,1,2018-01-21 22:30,NOx,17.41
한국중부발전㈜신보령발전본부,1,2018-01-21 23:00,TSP,3.11
한국중부발전㈜신보령발전본부,1,2018-01-21 23:00,SOx,25.55
한국중부발전㈜신보령발전본부,1,2018-01-21 23:00,NOx,26.47
한국중부발전㈜신보령발전본부,1,2018-01-21 23:30,TSP,3.98
한국중부발전㈜신보령발전본부,1,2018-01-21 23:30,SOx,25.6
한국중부발전㈜신보령발전본부,1,2018-01-21 23:30,NOx,20.57
한국중부발전㈜신보령발전본부,1,2018-01-22 00:00,TSP,3.33
한국중부발전㈜신보령발전본부,1,2018-01-22 00:00,SOx,25.97
한국중부발전㈜신보령발전본부,1,2018-01-22 00:00,NOx,20.53
한국중부발전㈜신보령발전본부,1,2018-01-22 00:30,TSP,3.23
한국중부발전㈜신보령발전본부,1,2018-01-22 00:30,SOx,26.41
한국중부발전㈜신보령발전본부,1,2018-01-22 00:30,NOx,18.77
한국중부발전㈜신보령발전본부,1,2018-01-22 01:00,TSP,3.22
한국중부발전㈜신보령발전본부,1,2018-01-22 01:00,SOx,26.87
한국중부발전㈜신보령발전본부,1,2018-01-22 01:00,NOx,17.65
한국중부발전㈜신보령발전본부,1,2018-01-22 01:30,TSP,3.27
한국중부발전㈜신보령발전본부,1,2018-01-22 01:30,SOx,28.01
한국중부발전㈜신보령발전본부,1,2018-01-22 01:30,NOx,18.39
한국중부발전㈜신보령발전본부,1,2018-01-22 02:00,TSP,3.32
한국중부발전㈜신보령발전본부,1,2018-01-22 02:00,SOx,28.5
한국중부발전㈜신보령발전본부,1,2018-01-22 02:00,NOx,18.57
한국중부발전㈜신보령발전본부,1,2018-01-22 02:30,TSP,3.33
한국중부발전㈜신보령발전본부,1,2018-01-22 02:30,SOx,29.22
한국중부발전㈜신보령발전본부,1,2018-01-22 02:30,NOx,19.56
한국중부발전㈜신보령발전본부,1,2018-01-22 03:00,TSP,3.37
한국중부발전㈜신보령발전본부,1,2018-01-22 03:00,SOx,29.97
한국중부발전㈜신보령발전본부,1,2018-01-22 03:00,NOx,20.15
한국중부발전㈜신보령발전본부,1,2018-01-22 03:30,TSP,3.1
한국중부발전㈜신보령발전본부,1,2018-01-22 03:30,SOx,31.15
한국중부발전㈜신보령발전본부,1,2018-01-22 03:30,NOx,18.22
한국중부발전㈜신보령발전본부,1,2018-01-22 04:00,TSP,3.02
한국중부발전㈜신보령발전본부,1,2018-01-22 04:00,SOx,31.24
한국중부발전㈜신보령발전본부,1,2018-01-22 04:00,NOx,18.9
한국중부발전㈜신보령발전본부,1,2018-01-22 04:30,TSP,2.95
한국중부발전㈜신보령발전본부,1,2018-01-22 04:30,SOx,31.5
한국중부발전㈜신보령발전본부,1,2018-01-22 04:30,NOx,18.95
한국중부발전㈜신보령발전본부,1,2018-01-22 05:00,TSP,3.0
한국중부발전㈜신보령발전본부,1,2018-01-22 05:00,SOx,30.78
한국중부발전㈜신보령발전본부,1,2018-01-22 05:00,NOx,17.42
한국중부발전㈜신보령발전본부,1,2018-01-22 05:30,TSP,2.99
한국중부발전㈜신보령발전본부,1,2018-01-22 05:30,SOx,30.42
한국중부발전㈜신보령발전본부,1,2018-01-22 05:30,NOx,18.46
한국중부발전㈜신보령발전본부,1,2018-01-22 06:00,TSP,2.95
한국중부발전㈜신보령발전본부,1,2018-01-22 06:00,SOx,29.05
한국중부발전㈜신보령발전본부,1,2018-01-22 06:00,NOx,17.76
한국중부발전㈜신보령발전본부,1,2018-01-22 06:30,TSP,3.07
한국중부발전㈜신보령발전본부,1,2018-01-22 06:30,SOx,25.46
한국중부발전㈜신보령발전본부,1,2018-01-22 06:30,NOx,17.0
한국중부발전㈜신보령발전본부,1,2018-01-22 07:00,TSP,2.96
한국중부발전㈜신보령발전본부,1,2018-01-22 07:00,SOx,26.41
한국중부발전㈜신보령발전본부,1,2018-01-22 07:00,NOx,18.05
한국중부발전㈜신보령발전본부,1,2018-01-22 07:30,TSP,2.84
한국중부발전㈜신보령발전본부,1,2018-01-22 07:30,SOx,26.64
한국중부발전㈜신보령발전본부,1,2018-01-22 07:30,NOx,17.36
한국중부발전㈜신보령발전본부,1,2018-01-22 08:00,TSP,2.95
한국중부발전㈜신보령발전본부,1,2018-01-22 08:00,SOx,25.42
한국중부발전㈜신보령발전본부,1,2018-01-22 08:00,NOx,16.39
한국중부발전㈜신보령발전본부,1,2018-01-22 08:30,TSP,2.96
한국중부발전㈜신보령발전본부,1,2018-01-22 08:30,SOx,24.6
한국중부발전㈜신보령발전본부,1,2018-01-22 08:30,NOx,17.52
한국중부발전㈜신보령발전본부,1,2018-01-22 09:00,TSP,3.04
한국중부발전㈜신보령발전본부,1,2018-01-22 09:00,SOx,24.03
한국중부발전㈜신보령발전본부,1,2018-01-22 09:00,NOx,16.05
한국중부발전㈜신보령발전본부,1,2018-01-22 09:30,TSP,3.04
한국중부발전㈜신보령발전본부,1,2018-01-22 09:30,SOx,24.22
한국중부발전㈜신보령발전본부,1,2018-01-22 09:30,NOx,16.46
한국중부발전㈜신보령발전본부,1,2018-01-22 10:00,TSP,3.1
한국중부발전㈜신보령발전본부,1,2018-01-22 10:00,SOx,24.31
한국중부발전㈜신보령발전본부,1,2018-01-22 10:00,NOx,16.19
한국중부발전㈜신보령발전본부,1,2018-01-22 10:30,TSP,3.12
한국중부발전㈜신보령발전본부,1,2018-01-22 10:30,SOx,23.53
한국중부발전㈜신보령발전본부,1,2018-01-22 10:30,NOx,17.7
한국중부발전㈜신보령발전본부,1,2018-01-22 11:00,TSP,3.09
한국중부발전㈜신보령발전본부,1,2018-01-22 11:00,SOx,23.21
한국중부발전㈜신보령발전본부,1,2018-01-22 11:00,NOx,16.72
한국중부발전㈜신보령발전본부,1,2018-01-22 11:30,TSP,2.91
한국중부발전㈜신보령발전본부,1,2018-01-22 11:30,SOx,23.35
한국중부발전㈜신보령발전본부,1,2018-01-22 11:30,NOx,16.95
한국중부발전㈜신보령발전본부,1,2018-01-22 12:00,TSP,2.95
한국중부발전㈜신보령발전본부,1,2018-01-22 12:00,SOx,23.47
한국중부발전㈜신보령발전본부,1,2018-01-22 12:00,NOx,17.46
한국중부발전㈜신보령발전본부,1,2018-01-22 12:30,TSP,2.95
한국중부발전㈜신보령발전본부,1,2018-01-22 12:30,SOx,23.74
한국중부발전㈜신보령발전본부,1,2018-01-22 12:30,NOx,17.12
한국중부발전㈜신보령발전본부,1,2018-01-22 13:00,TSP,2.95
한국중부발전㈜신보령발전본부,1,2018-01-22 13:00,SOx,24.0
한국중부발전㈜신보령발전본부,1,2018-01-22 13:00,NOx,18.6
한국중부발전㈜신보령발전본부,1,2018-01-22 13:30,TSP,2.97
한국중부발전㈜신보령발전본부,1,2018-01-22 13:30,SOx,24.27
한국중부발전㈜신보령발전본부,1,2018-01-22 13:30,NOx,18.2
한국중부발전㈜신보령발전본부,1,2018-01-22 14:00,TSP,2.94
한국중부발전㈜신보령발전본부,1,2018-01-22 14:00,SOx,24.24
한국중부발전㈜신보령발전본부,1,2018-01-22 14:00,NOx,18.95
한국중부발전㈜신보령발전본부,1,2018-01-22 14:30,TSP,2.9
한국중부발전㈜신보령발전본부,1,2018-01-22 14:30,SOx,24.49
한국중부발전㈜신보령발전본부,1,2018-01-22 14:30,NOx,17.89
한국중부발전㈜신보령발전본부,1,2018-01-22 15:00,TSP,2.91
한국중부발전㈜신보령발전본부,1,2018-01-22 15:00,SOx,24.99
한국중부발전㈜신보령발전본부,1,2018-01-22 15:00,NOx,18.49
한국중부발전㈜신보령발전본부,1,2018-01-22 15:30,TSP,3.03
한국중부발전㈜신보령발전본부,1,2018-01-22 15:30,SOx,25.54
한국중부발전㈜신보령발전본부,1,2018-01-22 15:30,NOx,16.81
한국중부발전㈜신보령발전본부,1,2018-01-22 16:00,TSP,3.07
한국중부발전㈜신보령발전본부,1,2018-01-22 16:00,SOx,25.27
한국중부발전㈜신보령발전본부,1,2018-01-22 16:00,NOx,20.95
한국중부발전㈜신보령발전본부,1,2018-01-22 16:30,TSP,3.14
한국중부발전㈜신보령발전본부,1,2018-01-22 16:30,SOx,25.89
한국중부발전㈜신보령발전본부,1,2018-01-22 16:30,NOx,19.42
한국중부발전㈜신보령발전본부,1,2018-01-22 17:00,TSP,3.05
한국중부발전㈜신보령발전본부,1,2018-01-22 17:00,SOx,25.48
한국중부발전㈜신보령발전본부,1,2018-01-22 17:00,NOx,20.87
한국중부발전㈜신보령발전본부,1,2018-01-22 17:30,TSP,3.06
한국중부발전㈜신보령발전본부,1,2018-01-22 17:30,SOx,25.77
한국중부발전㈜신보령발전본부,1,2018-01-22 17:30,NOx,21.18
한국중부발전㈜신보령발전본부,1,2018-01-22 18:00,TSP,3.04
한국중부발전㈜신보령발전본부,1,2018-01-22 18:00,SOx,25.82
한국중부발전㈜신보령발전본부,1,2018-01-22 18:00,NOx,21.0
한국중부발전㈜신보령발전본부,1,2018-01-22 18:30,TSP,3.04
한국중부발전㈜신보령발전본부,1,2018-01-22 18:30,SOx,25.86
한국중부발전㈜신보령발전본부,1,2018-01-22 18:30,NOx,21.98
한국중부발전㈜신보령발전본부,1,2018-01-22 19:00,TSP,3.28
한국중부발전㈜신보령발전본부,1,2018-01-22 19:00,SOx,25.27
한국중부발전㈜신보령발전본부,1,2018-01-22 19:00,NOx,23.53
한국중부발전㈜신보령발전본부,1,2018-01-22 19:30,TSP,2.97
한국중부발전㈜신보령발전본부,1,2018-01-22 19:30,SOx,24.74
한국중부발전㈜신보령발전본부,1,2018-01-22 19:30,NOx,22.13
한국중부발전㈜신보령발전본부,1,2018-01-22 20:00,TSP,3.06
한국중부발전㈜신보령발전본부,1,2018-01-22 20:00,SOx,23.56
한국중부발전㈜신보령발전본부,1,2018-01-22 20:00,NOx,20.67
한국중부발전㈜신보령발전본부,1,2018-01-22 20:30,TSP,3.11
한국중부발전㈜신보령발전본부,1,2018-01-22 20:30,SOx,23.8
한국중부발전㈜신보령발전본부,1,2018-01-22 20:30,NOx,20.62
한국중부발전㈜신보령발전본부,1,2018-01-22 21:00,TSP,3.26
한국중부발전㈜신보령발전본부,1,2018-01-22 21:00,SOx,23.79
한국중부발전㈜신보령발전본부,1,2018-01-22 21:00,NOx,21.81
한국중부발전㈜신보령발전본부,1,2018-01-22 21:30,TSP,3.19
한국중부발전㈜신보령발전본부,1,2018-01-22 21:30,SOx,23.66
한국중부발전㈜신보령발전본부,1,2018-01-22 21:30,NOx,25.29
한국중부발전㈜신보령발전본부,1,2018-01-22 22:00,TSP,3.12
한국중부발전㈜신보령발전본부,1,2018-01-22 22:00,SOx,23.47
한국중부발전㈜신보령발전본부,1,2018-01-22 22:00,NOx,24.92
한국중부발전㈜신보령발전본부,1,2018-01-22 22:30,TSP,2.91
한국중부발전㈜신보령발전본부,1,2018-01-22 22:30,SOx,23.75
한국중부발전㈜신보령발전본부,1,2018-01-22 22:30,NOx,25.28
한국중부발전㈜신보령발전본부,1,2018-01-22 23:00,TSP,3.11
한국중부발전㈜신보령발전본부,1,2018-01-22 23:00,SOx,23.84
한국중부발전㈜신보령발전본부,1,2018-01-22 23:00,NOx,24.37
한국중부발전㈜신보령발전본부,1,2018-01-22 23:30,TSP,2.95
한국중부발전㈜신보령발전본부,1,2018-01-22 23:30,SOx,24.1
한국중부발전㈜신보령발전본부,1,2018-01-22 23:30,NOx,25.66
한국중부발전㈜신보령발전본부,1,2018-01-23 00:00,TSP,2.98
한국중부발전㈜신보령발전본부,1,2018-01-23 00:00,SOx,24.82
한국중부발전㈜신보령발전본부,1,2018-01-23 00:00,NOx,25.39
한국중부발전㈜신보령발전본부,1,2018-01-23 00:30,TSP,2.95
한국중부발전㈜신보령발전본부,1,2018-01-23 00:30,SOx,24.8
한국중부발전㈜신보령발전본부,1,2018-01-23 00:30,NOx,24.91
한국중부발전㈜신보령발전본부,1,2018-01-23 01:00,TSP,2.9
한국중부발전㈜신보령발전본부,1,2018-01-23 01:00,SOx,25.59
한국중부발전㈜신보령발전본부,1,2018-01-23 01:00,NOx,24.03
한국중부발전㈜신보령발전본부,1,2018-01-23 01:30,TSP,2.93
한국중부발전㈜신보령발전본부,1,2018-01-23 01:30,SOx,25.69
한국중부발전㈜신보령발전본부,1,2018-01-23 01:30,NOx,25.45
한국중부발전㈜신보령발전본부,1,2018-01-23 02:00,TSP,2.95
한국중부발전㈜신보령발전본부,1,2018-01-23 02:00,SOx,25.56
한국중부발전㈜신보령발전본부,1,2018-01-23 02:00,NOx,25.76
한국중부발전㈜신보령발전본부,1,2018-01-23 02:30,TSP,2.98
한국중부발전㈜신보령발전본부,1,2018-01-23 02:30,SOx,25.4
한국중부발전㈜신보령발전본부,1,2018-01-23 02:30,NOx,26.06
한국중부발전㈜신보령발전본부,1,2018-01-23 03:00,TSP,3.06
한국중부발전㈜신보령발전본부,1,2018-01-23 03:00,SOx,25.22
한국중부발전㈜신보령발전본부,1,2018-01-23 03:00,NOx,26.71
한국중부발전㈜신보령발전본부,1,2018-01-23 03:30,TSP,2.93
한국중부발전㈜신보령발전본부,1,2018-01-23 03:30,SOx,25.35
한국중부발전㈜신보령발전본부,1,2018-01-23 03:30,NOx,27.97
한국중부발전㈜신보령발전본부,1,2018-01-23 04:00,TSP,2.9
한국중부발전㈜신보령발전본부,1,2018-01-23 04:00,SOx,24.99
한국중부발전㈜신보령발전본부,1,2018-01-23 04:00,NOx,28.03
한국중부발전㈜신보령발전본부,1,2018-01-23 04:30,TSP,2.89
한국중부발전㈜신보령발전본부,1,2018-01-23 04:30,SOx,24.74
한국중부발전㈜신보령발전본부,1,2018-01-23 04:30,NOx,27.48
한국중부발전㈜신보령발전본부,1,2018-01-23 05:00,TSP,2.82
한국중부발전㈜신보령발전본부,1,2018-01-23 05:00,SOx,24.22
한국중부발전㈜신보령발전본부,1,2018-01-23 05:00,NOx,26.63
한국중부발전㈜신보령발전본부,1,2018-01-23 05:30,TSP,2.81
한국중부발전㈜신보령발전본부,1,2018-01-23 05:30,SOx,23.6
한국중부발전㈜신보령발전본부,1,2018-01-23 05:30,NOx,28.41
한국중부발전㈜신보령발전본부,1,2018-01-23 06:00,TSP,2.84
한국중부발전㈜신보령발전본부,1,2018-01-23 06:00,SOx,23.39
한국중부발전㈜신보령발전본부,1,2018-01-23 06:00,NOx,27.39
한국중부발전㈜신보령발전본부,1,2018-01-23 06:30,TSP,2.82
한국중부발전㈜신보령발전본부,1,2018-01-23 06:30,SOx,23.78
한국중부발전㈜신보령발전본부,1,2018-01-23 06:30,NOx,27.18
한국중부발전㈜신보령발전본부,1,2018-01-23 07:00,TSP,2.81
한국중부발전㈜신보령발전본부,1,2018-01-23 07:00,SOx,23.84
한국중부발전㈜신보령발전본부,1,2018-01-23 07:00,NOx,27.56
한국중부발전㈜신보령발전본부,1,2018-01-23 07:30,TSP,2.75
한국중부발전㈜신보령발전본부,1,2018-01-23 07:30,SOx,23.73
한국중부발전㈜신보령발전본부,1,2018-01-23 07:30,NOx,27.75
한국중부발전㈜신보령발전본부,1,2018-01-23 08:00,TSP,2.75
한국중부발전㈜신보령발전본부,1,2018-01-23 08:00,SOx,23.92
한국중부발전㈜신보령발전본부,1,2018-01-23 08:00,NOx,28.55
한국중부발전㈜신보령발전본부,1,2018-01-23 08:30,TSP,2.79
한국중부발전㈜신보령발전본부,1,2018-01-23 08:30,SOx,24.06
한국중부발전㈜신보령발전본부,1,2018-01-23 08:30,NOx,29.47
한국중부발전㈜신보령발전본부,1,2018-01-23 09:00,TSP,2.77
한국중부발전㈜신보령발전본부,1,2018-01-23 09:00,SOx,24.35
한국중부발전㈜신보령발전본부,1,2018-01-23 09:00,NOx,30.18
한국중부발전㈜신보령발전본부,1,2018-01-23 09:30,TSP,2.77
한국중부발전㈜신보령발전본부,1,2018-01-23 09:30,SOx,24.41
한국중부발전㈜신보령발전본부,1,2018-01-23 09:30,NOx,30.03
한국중부발전㈜신보령발전본부,1,2018-01-23 10:00,TSP,2.81
한국중부발전㈜신보령발전본부,1,2018-01-23 10:00,SOx,24.91
한국중부발전㈜신보령발전본부,1,2018-01-23 10:00,NOx,29.3
한국중부발전㈜신보령발전본부,1,2018-01-23 10:30,TSP,2.79
한국중부발전㈜신보령발전본부,1,2018-01-23 10:30,SOx,24.76
한국중부발전㈜신보령발전본부,1,2018-01-23 10:30,NOx,26.66
한국중부발전㈜신보령발전본부,1,2018-01-23 11:00,TSP,2.82
한국중부발전㈜신보령발전본부,1,2018-01-23 11:00,SOx,24.56
한국중부발전㈜신보령발전본부,1,2018-01-23 11:00,NOx,26.36
한국중부발전㈜신보령발전본부,1,2018-01-23 11:30,TSP,2.75
한국중부발전㈜신보령발전본부,1,2018-01-23 11:30,SOx,24.66
한국중부발전㈜신보령발전본부,1,2018-01-23 11:30,NOx,26.02
한국중부발전㈜신보령발전본부,1,2018-01-23 12:00,TSP,2.72
한국중부발전㈜신보령발전본부,1,2018-01-23 12:00,SOx,24.7
한국중부발전㈜신보령발전본부,1,2018-01-23 12:00,NOx,26.17
한국중부발전㈜신보령발전본부,1,2018-01-23 12:30,TSP,2.73
한국중부발전㈜신보령발전본부,1,2018-01-23 12:30,SOx,24.84
한국중부발전㈜신보령발전본부,1,2018-01-23 12:30,NOx,28.36
한국중부발전㈜신보령발전본부,1,2018-01-23 13:00,TSP,2.75
한국중부발전㈜신보령발전본부,1,2018-01-23 13:00,SOx,24.82
한국중부발전㈜신보령발전본부,1,2018-01-23 13:00,NOx,30.42
한국중부발전㈜신보령발전본부,1,2018-01-23 13:30,TSP,2.78
한국중부발전㈜신보령발전본부,1,2018-01-23 13:30,SOx,24.32
한국중부발전㈜신보령발전본부,1,2018-01-23 13:30,NOx,23.84
한국중부발전㈜신보령발전본부,1,2018-01-23 14:00,TSP,2.78
한국중부발전㈜신보령발전본부,1,2018-01-23 14:00,SOx,24.45
한국중부발전㈜신보령발전본부,1,2018-01-23 14:00,NOx,24.05
한국중부발전㈜신보령발전본부,1,2018-01-23 14:30,TSP,2.76
한국중부발전㈜신보령발전본부,1,2018-01-23 14:30,SOx,24.4
한국중부발전㈜신보령발전본부,1,2018-01-23 14:30,NOx,24.02
한국중부발전㈜신보령발전본부,1,2018-01-23 15:00,TSP,2.76
한국중부발전㈜신보령발전본부,1,2018-01-23 15:00,SOx,24.52
한국중부발전㈜신보령발전본부,1,2018-01-23 15:00,NOx,24.02
한국중부발전㈜신보령발전본부,1,2018-01-23 15:30,TSP,2.76
한국중부발전㈜신보령발전본부,1,2018-01-23 15:30,SOx,24.26
한국중부발전㈜신보령발전본부,1,2018-01-23 15:30,NOx,24.16
한국중부발전㈜신보령발전본부,1,2018-01-23 16:00,TSP,2.78
한국중부발전㈜신보령발전본부,1,2018-01-23 16:00,SOx,24.34
한국중부발전㈜신보령발전본부,1,2018-01-23 16:00,NOx,23.97
한국중부발전㈜신보령발전본부,1,2018-01-23 16:30,TSP,2.75
한국중부발전㈜신보령발전본부,1,2018-01-23 16:30,SOx,23.8
한국중부발전㈜신보령발전본부,1,2018-01-23 16:30,NOx,24.33
한국중부발전㈜신보령발전본부,1,2018-01-23 17:00,TSP,2.77
한국중부발전㈜신보령발전본부,1,2018-01-23 17:00,SOx,23.84
한국중부발전㈜신보령발전본부,1,2018-01-23 17:00,NOx,23.68
한국중부발전㈜신보령발전본부,1,2018-01-23 17:30,TSP,2.8
한국중부발전㈜신보령발전본부,1,2018-01-23 17:30,SOx,23.6
한국중부발전㈜신보령발전본부,1,2018-01-23 17:30,NOx,23.13
한국중부발전㈜신보령발전본부,1,2018-01-23 18:00,TSP,2.84
한국중부발전㈜신보령발전본부,1,2018-01-23 18:00,SOx,23.58
한국중부발전㈜신보령발전본부,1,2018-01-23 18:00,NOx,22.53
한국중부발전㈜신보령발전본부,1,2018-01-23 18:30,TSP,2.85
한국중부발전㈜신보령발전본부,1,2018-01-23 18:30,SOx,23.6
한국중부발전㈜신보령발전본부,1,2018-01-23 18:30,NOx,23.13
한국중부발전㈜신보령발전본부,1,2018-01-23 19:00,TSP,2.87
한국중부발전㈜신보령발전본부,1,2018-01-23 19:00,SOx,23.44
한국중부발전㈜신보령발전본부,1,2018-01-23 19:00,NOx,23.46
한국중부발전㈜신보령발전본부,1,2018-01-23 19:30,TSP,2.77
한국중부발전㈜신보령발전본부,1,2018-01-23 19:30,SOx,23.74
한국중부발전㈜신보령발전본부,1,2018-01-23 19:30,NOx,23.64
한국중부발전㈜신보령발전본부,1,2018-01-23 20:00,TSP,2.81
한국중부발전㈜신보령발전본부,1,2018-01-23 20:00,SOx,23.76
한국중부발전㈜신보령발전본부,1,2018-01-23 20:00,NOx,23.07
한국중부발전㈜신보령발전본부,1,2018-01-23 20:30,TSP,2.79
한국중부발전㈜신보령발전본부,1,2018-01-23 20:30,SOx,24.09
한국중부발전㈜신보령발전본부,1,2018-01-23 20:30,NOx,23.1
한국중부발전㈜신보령발전본부,1,2018-01-23 21:00,TSP,2.79
한국중부발전㈜신보령발전본부,1,2018-01-23 21:00,SOx,24.11
한국중부발전㈜신보령발전본부,1,2018-01-23 21:00,NOx,22.46
한국중부발전㈜신보령발전본부,1,2018-01-23 21:30,TSP,2.8
한국중부발전㈜신보령발전본부,1,2018-01-23 21:30,SOx,24.09
한국중부발전㈜신보령발전본부,1,2018-01-23 21:30,NOx,23.03
한국중부발전㈜신보령발전본부,1,2018-01-23 22:00,TSP,2.8
한국중부발전㈜신보령발전본부,1,2018-01-23 22:00,SOx,24.39
한국중부발전㈜신보령발전본부,1,2018-01-23 22:00,NOx,23.24
한국중부발전㈜신보령발전본부,1,2018-01-23 22:30,TSP,2.82
한국중부발전㈜신보령발전본부,1,2018-01-23 22:30,SOx,24.11
한국중부발전㈜신보령발전본부,1,2018-01-23 22:30,NOx,23.17
한국중부발전㈜신보령발전본부,1,2018-01-23 23:00,TSP,2.81
한국중부발전㈜신보령발전본부,1,2018-01-23 23:00,SOx,24.08
한국중부발전㈜신보령발전본부,1,2018-01-23 23:00,NOx,23.74
한국중부발전㈜신보령발전본부,1,2018-01-23 23:30,TSP,2.78
한국중부발전㈜신보령발전본부,1,2018-01-23 23:30,SOx,24.04
한국중부발전㈜신보령발전본부,1,2018-01-23 23:30,NOx,23.17
한국중부발전㈜신보령발전본부,1,2018-01-24 00:00,TSP,2.76
한국중부발전㈜신보령발전본부,1,2018-01-24 00:00,SOx,24.31
한국중부발전㈜신보령발전본부,1,2018-01-24 00:00,NOx,22.98
한국중부발전㈜신보령발전본부,1,2018-01-24 00:30,TSP,2.78
한국중부발전㈜신보령발전본부,1,2018-01-24 00:30,SOx,24.17
한국중부발전㈜신보령발전본부,1,2018-01-24 00:30,NOx,23.25
한국중부발전㈜신보령발전본부,1,2018-01-24 01:00,TSP,2.82
한국중부발전㈜신보령발전본부,1,2018-01-24 01:00,SOx,24.1
한국중부발전㈜신보령발전본부,1,2018-01-24 01:00,NOx,22.58
한국중부발전㈜신보령발전본부,1,2018-01-24 01:30,TSP,2.82
한국중부발전㈜신보령발전본부,1,2018-01-24 01:30,SOx,24.05
한국중부발전㈜신보령발전본부,1,2018-01-24 01:30,NOx,22.85
한국중부발전㈜신보령발전본부,1,2018-01-24 02:00,TSP,2.81
한국중부발전㈜신보령발전본부,1,2018-01-24 02:00,SOx,23.93
한국중부발전㈜신보령발전본부,1,2018-01-24 02:00,NOx,23.8
한국중부발전㈜신보령발전본부,1,2018-01-24 02:30,TSP,2.82
한국중부발전㈜신보령발전본부,1,2018-01-24 02:30,SOx,23.68
한국중부발전㈜신보령발전본부,1,2018-01-24 02:30,NOx,24.52
한국중부발전㈜신보령발전본부,1,2018-01-24 03:00,TSP,2.8
한국중부발전㈜신보령발전본부,1,2018-01-24 03:00,SOx,23.6
한국중부발전㈜신보령발전본부,1,2018-01-24 03:00,NOx,25.65
한국중부발전㈜신보령발전본부,1,2018-01-24 03:30,TSP,2.77
한국중부발전㈜신보령발전본부,1,2018-01-24 03:30,SOx,23.57
한국중부발전㈜신보령발전본부,1,2018-01-24 03:30,NOx,25.86
한국중부발전㈜신보령발전본부,1,2018-01-24 04:00,TSP,2.76
한국중부발전㈜신보령발전본부,1,2018-01-24 04:00,SOx,23.59
한국중부발전㈜신보령발전본부,1,2018-01-24 04:00,NOx,24.67
한국중부발전㈜신보령발전본부,1,2018-01-24 04:30,TSP,2.73
한국중부발전㈜신보령발전본부,1,2018-01-24 04:30,SOx,23.45
한국중부발전㈜신보령발전본부,1,2018-01-24 04:30,NOx,24.56
한국중부발전㈜신보령발전본부,1,2018-01-24 05:00,TSP,2.76
한국중부발전㈜신보령발전본부,1,2018-01-24 05:00,SOx,23.17
한국중부발전㈜신보령발전본부,1,2018-01-24 05:00,NOx,25.23
한국중부발전㈜신보령발전본부,1,2018-01-24 05:30,TSP,2.77
한국중부발전㈜신보령발전본부,1,2018-01-24 05:30,SOx,23.37
한국중부발전㈜신보령발전본부,1,2018-01-24 05:30,NOx,24.73
한국중부발전㈜신보령발전본부,1,2018-01-24 06:00,TSP,2.79
한국중부발전㈜신보령발전본부,1,2018-01-24 06:00,SOx,23.63
한국중부발전㈜신보령발전본부,1,2018-01-24 06:00,NOx,25.21
한국중부발전㈜신보령발전본부,1,2018-01-24 06:30,TSP,2.78
한국중부발전㈜신보령발전본부,1,2018-01-24 06:30,SOx,23.64
한국중부발전㈜신보령발전본부,1,2018-01-24 06:30,NOx,25.1
한국중부발전㈜신보령발전본부,1,2018-01-24 07:00,TSP,2.71
한국중부발전㈜신보령발전본부,1,2018-01-24 07:00,SOx,23.68
한국중부발전㈜신보령발전본부,1,2018-01-24 07:00,NOx,24.06
한국중부발전㈜신보령발전본부,1,2018-01-24 07:30,TSP,2.7
한국중부발전㈜신보령발전본부,1,2018-01-24 07:30,SOx,23.92
한국중부발전㈜신보령발전본부,1,2018-01-24 07:30,NOx,22.38
한국중부발전㈜신보령발전본부,1,2018-01-24 08:00,TSP,2.74
한국중부발전㈜신보령발전본부,1,2018-01-24 08:00,SOx,23.89
한국중부발전㈜신보령발전본부,1,2018-01-24 08:00,NOx,22.67
한국중부발전㈜신보령발전본부,1,2018-01-24 08:30,TSP,2.69
한국중부발전㈜신보령발전본부,1,2018-01-24 08:30,SOx,24.47
한국중부발전㈜신보령발전본부,1,2018-01-24 08:30,NOx,22.85
한국중부발전㈜신보령발전본부,1,2018-01-24 09:00,TSP,2.69
한국중부발전㈜신보령발전본부,1,2018-01-24 09:00,SOx,24.61
한국중부발전㈜신보령발전본부,1,2018-01-24 09:00,NOx,24.9
한국중부발전㈜신보령발전본부,1,2018-01-24 09:30,TSP,2.76
한국중부발전㈜신보령발전본부,1,2018-01-24 09:30,SOx,24.6
한국중부발전㈜신보령발전본부,1,2018-01-24 09:30,NOx,24.25
한국중부발전㈜신보령발전본부,1,2018-01-24 10:00,TSP,2.73
한국중부발전㈜신보령발전본부,1,2018-01-24 10:00,SOx,24.46
한국중부발전㈜신보령발전본부,1,2018-01-24 10:00,NOx,24.44
한국중부발전㈜신보령발전본부,1,2018-01-24 10:30,TSP,2.77
한국중부발전㈜신보령발전본부,1,2018-01-24 10:30,SOx,24.0
한국중부발전㈜신보령발전본부,1,2018-01-24 10:30,NOx,24.79
한국중부발전㈜신보령발전본부,1,2018-01-24 11:00,TSP,2.8
한국중부발전㈜신보령발전본부,1,2018-01-24 11:00,SOx,24.04
한국중부발전㈜신보령발전본부,1,2018-01-24 11:00,NOx,23.86
한국중부발전㈜신보령발전본부,1,2018-01-24 11:30,TSP,2.77
한국중부발전㈜신보령발전본부,1,2018-01-24 11:30,SOx,23.9
한국중부발전㈜신보령발전본부,1,2018-01-24 11:30,NOx,24.38
한국중부발전㈜신보령발전본부,1,2018-01-24 12:00,TSP,2.74
한국중부발전㈜신보령발전본부,1,2018-01-24 12:00,SOx,23.74
한국중부발전㈜신보령발전본부,1,2018-01-24 12:00,NOx,25.92
한국중부발전㈜신보령발전본부,1,2018-01-24 12:30,TSP,2.76
한국중부발전㈜신보령발전본부,1,2018-01-24 12:30,SOx,23.71
한국중부발전㈜신보령발전본부,1,2018-01-24 12:30,NOx,24.5
한국중부발전㈜신보령발전본부,1,2018-01-24 13:00,TSP,2.8
한국중부발전㈜신보령발전본부,1,2018-01-24 13:00,SOx,23.43
한국중부발전㈜신보령발전본부,1,2018-01-24 13:00,NOx,27.51
한국중부발전㈜신보령발전본부,1,2018-01-24 13:30,TSP,2.79
한국중부발전㈜신보령발전본부,1,2018-01-24 13:30,SOx,23.3
한국중부발전㈜신보령발전본부,1,2018-01-24 13:30,NOx,28.34
한국중부발전㈜신보령발전본부,1,2018-01-24 14:00,TSP,3.0
한국중부발전㈜신보령발전본부,1,2018-01-24 14:00,SOx,23.34
한국중부발전㈜신보령발전본부,1,2018-01-24 14:00,NOx,25.99
한국중부발전㈜신보령발전본부,1,2018-01-24 14:30,TSP,2.79
한국중부발전㈜신보령발전본부,1,2018-01-24 14:30,SOx,23.53
한국중부발전㈜신보령발전본부,1,2018-01-24 14:30,NOx,20.46
한국중부발전㈜신보령발전본부,1,2018-01-24 15:00,TSP,2.78
한국중부발전㈜신보령발전본부,1,2018-01-24 15:00,SOx,23.73
한국중부발전㈜신보령발전본부,1,2018-01-24 15:00,NOx,19.09
한국중부발전㈜신보령발전본부,1,2018-01-24 15:30,TSP,2.72
한국중부발전㈜신보령발전본부,1,2018-01-24 15:30,SOx,23.9
한국중부발전㈜신보령발전본부,1,2018-01-24 15:30,NOx,21.16
한국중부발전㈜신보령발전본부,1,2018-01-24 16:00,TSP,2.74
한국중부발전㈜신보령발전본부,1,2018-01-24 16:00,SOx,24.11
한국중부발전㈜신보령발전본부,1,2018-01-24 16:00,NOx,20.14
한국중부발전㈜신보령발전본부,1,2018-01-24 16:30,TSP,2.75
한국중부발전㈜신보령발전본부,1,2018-01-24 16:30,SOx,24.4
한국중부발전㈜신보령발전본부,1,2018-01-24 16:30,NOx,20.06
한국중부발전㈜신보령발전본부,1,2018-01-24 17:00,TSP,2.75
한국중부발전㈜신보령발전본부,1,2018-01-24 17:00,SOx,24.2
한국중부발전㈜신보령발전본부,1,2018-01-24 17:00,NOx,20.26
한국중부발전㈜신보령발전본부,1,2018-01-24 17:30,TSP,2.77
한국중부발전㈜신보령발전본부,1,2018-01-24 17:30,SOx,24.08
한국중부발전㈜신보령발전본부,1,2018-01-24 17:30,NOx,22.43
한국중부발전㈜신보령발전본부,1,2018-01-24 18:00,TSP,2.79
한국중부발전㈜신보령발전본부,1,2018-01-24 18:00,SOx,24.27
한국중부발전㈜신보령발전본부,1,2018-01-24 18:00,NOx,20.53
한국중부발전㈜신보령발전본부,1,2018-01-24 18:30,TSP,2.84
한국중부발전㈜신보령발전본부,1,2018-01-24 18:30,SOx,24.12
한국중부발전㈜신보령발전본부,1,2018-01-24 18:30,NOx,25.12
한국중부발전㈜신보령발전본부,1,2018-01-24 19:00,TSP,2.85
한국중부발전㈜신보령발전본부,1,2018-01-24 19:00,SOx,23.98
한국중부발전㈜신보령발전본부,1,2018-01-24 19:00,NOx,21.1
한국중부발전㈜신보령발전본부,1,2018-01-24 19:30,TSP,2.9
한국중부발전㈜신보령발전본부,1,2018-01-24 19:30,SOx,23.98
한국중부발전㈜신보령발전본부,1,2018-01-24 19:30,NOx,18.91
한국중부발전㈜신보령발전본부,1,2018-01-24 20:00,TSP,2.76
한국중부발전㈜신보령발전본부,1,2018-01-24 20:00,SOx,24.55
한국중부발전㈜신보령발전본부,1,2018-01-24 20:00,NOx,18.83
한국중부발전㈜신보령발전본부,1,2018-01-24 20:30,TSP,2.77
한국중부발전㈜신보령발전본부,1,2018-01-24 20:30,SOx,25.94
한국중부발전㈜신보령발전본부,1,2018-01-24 20:30,NOx,18.67
한국중부발전㈜신보령발전본부,1,2018-01-24 21:00,TSP,2.77
한국중부발전㈜신보령발전본부,1,2018-01-24 21:00,SOx,26.11
한국중부발전㈜신보령발전본부,1,2018-01-24 21:00,NOx,19.49
한국중부발전㈜신보령발전본부,1,2018-01-24 21:30,TSP,2.82
한국중부발전㈜신보령발전본부,1,2018-01-24 21:30,SOx,25.91
한국중부발전㈜신보령발전본부,1,2018-01-24 21:30,NOx,19.09
한국중부발전㈜신보령발전본부,1,2018-01-24 22:00,TSP,2.84
한국중부발전㈜신보령발전본부,1,2018-01-24 22:00,SOx,25.4
한국중부발전㈜신보령발전본부,1,2018-01-24 22:00,NOx,19.57
한국중부발전㈜신보령발전본부,1,2018-01-24 22:30,TSP,2.83
한국중부발전㈜신보령발전본부,1,2018-01-24 22:30,SOx,25.2
한국중부발전㈜신보령발전본부,1,2018-01-24 22:30,NOx,19.75
한국중부발전㈜신보령발전본부,1,2018-01-24 23:00,TSP,2.74
한국중부발전㈜신보령발전본부,1,2018-01-24 23:00,SOx,24.73
한국중부발전㈜신보령발전본부,1,2018-01-24 23:00,NOx,19.92
한국중부발전㈜신보령발전본부,1,2018-01-24 23:30,TSP,2.71
한국중부발전㈜신보령발전본부,1,2018-01-24 23:30,SOx,24.38
한국중부발전㈜신보령발전본부,1,2018-01-24 23:30,NOx,19.79
한국중부발전㈜신보령발전본부,1,2018-01-25 00:00,TSP,2.69
한국중부발전㈜신보령발전본부,1,2018-01-25 00:00,SOx,24.19
한국중부발전㈜신보령발전본부,1,2018-01-25 00:00,NOx,20.08
한국중부발전㈜신보령발전본부,1,2018-01-25 00:30,TSP,2.72
한국중부발전㈜신보령발전본부,1,2018-01-25 00:30,SOx,24.23
한국중부발전㈜신보령발전본부,1,2018-01-25 00:30,NOx,21.01
한국중부발전㈜신보령발전본부,1,2018-01-25 01:00,TSP,2.73
한국중부발전㈜신보령발전본부,1,2018-01-25 01:00,SOx,23.99
한국중부발전㈜신보령발전본부,1,2018-01-25 01:00,NOx,19.28
한국중부발전㈜신보령발전본부,1,2018-01-25 01:30,TSP,2.75
한국중부발전㈜신보령발전본부,1,2018-01-25 01:30,SOx,23.57
한국중부발전㈜신보령발전본부,1,2018-01-25 01:30,NOx,20.21
한국중부발전㈜신보령발전본부,1,2018-01-25 02:00,TSP,2.79
한국중부발전㈜신보령발전본부,1,2018-01-25 02:00,SOx,23.19
한국중부발전㈜신보령발전본부,1,2018-01-25 02:00,NOx,21.02
한국중부발전㈜신보령발전본부,1,2018-01-25 02:30,TSP,2.74
한국중부발전㈜신보령발전본부,1,2018-01-25 02:30,SOx,22.43
한국중부발전㈜신보령발전본부,1,2018-01-25 02:30,NOx,20.25
한국중부발전㈜신보령발전본부,1,2018-01-25 03:00,TSP,2.73
한국중부발전㈜신보령발전본부,1,2018-01-25 03:00,SOx,21.63
한국중부발전㈜신보령발전본부,1,2018-01-25 03:00,NOx,19.8
한국중부발전㈜신보령발전본부,1,2018-01-25 03:30,TSP,2.73
한국중부발전㈜신보령발전본부,1,2018-01-25 03:30,SOx,20.66
한국중부발전㈜신보령발전본부,1,2018-01-25 03:30,NOx,20.19
한국중부발전㈜신보령발전본부,1,2018-01-25 04:00,TSP,2.76
한국중부발전㈜신보령발전본부,1,2018-01-25 04:00,SOx,19.98
한국중부발전㈜신보령발전본부,1,2018-01-25 04:00,NOx,20.09
한국중부발전㈜신보령발전본부,1,2018-01-25 04:30,TSP,2.79
한국중부발전㈜신보령발전본부,1,2018-01-25 04:30,SOx,19.53
한국중부발전㈜신보령발전본부,1,2018-01-25 04:30,NOx,20.19
한국중부발전㈜신보령발전본부,1,2018-01-25 05:00,TSP,2.8
한국중부발전㈜신보령발전본부,1,2018-01-25 05:00,SOx,19.03
한국중부발전㈜신보령발전본부,1,2018-01-25 05:00,NOx,19.32
한국중부발전㈜신보령발전본부,1,2018-01-25 05:30,TSP,2.78
한국중부발전㈜신보령발전본부,1,2018-01-25 05:30,SOx,18.14
한국중부발전㈜신보령발전본부,1,2018-01-25 05:30,NOx,20.21
한국중부발전㈜신보령발전본부,1,2018-01-25 06:00,TSP,2.81
한국중부발전㈜신보령발전본부,1,2018-01-25 06:00,SOx,18.71
한국중부발전㈜신보령발전본부,1,2018-01-25 06:00,NOx,20.41
한국중부발전㈜신보령발전본부,1,2018-01-25 06:30,TSP,2.77
한국중부발전㈜신보령발전본부,1,2018-01-25 06:30,SOx,18.68
한국중부발전㈜신보령발전본부,1,2018-01-25 06:30,NOx,18.93
한국중부발전㈜신보령발전본부,1,2018-01-25 07:00,TSP,2.78
한국중부발전㈜신보령발전본부,1,2018-01-25 07:00,SOx,18.27
한국중부발전㈜신보령발전본부,1,2018-01-25 07:00,NOx,19.21
한국중부발전㈜신보령발전본부,1,2018-01-25 07:30,TSP,2.74
한국중부발전㈜신보령발전본부,1,2018-01-25 07:30,SOx,18.05
한국중부발전㈜신보령발전본부,1,2018-01-25 07:30,NOx,19.77
한국중부발전㈜신보령발전본부,1,2018-01-25 08:00,TSP,2.77
한국중부발전㈜신보령발전본부,1,2018-01-25 08:00,SOx,18.02
한국중부발전㈜신보령발전본부,1,2018-01-25 08:00,NOx,20.93
한국중부발전㈜신보령발전본부,1,2018-01-25 08:30,TSP,2.85
한국중부발전㈜신보령발전본부,1,2018-01-25 08:30,SOx,18.02
한국중부발전㈜신보령발전본부,1,2018-01-25 08:30,NOx,20.73
한국중부발전㈜신보령발전본부,1,2018-01-25 09:00,TSP,2.85
한국중부발전㈜신보령발전본부,1,2018-01-25 09:00,SOx,18.01
한국중부발전㈜신보령발전본부,1,2018-01-25 09:00,NOx,20.7
한국중부발전㈜신보령발전본부,1,2018-01-25 09:30,TSP,2.92
한국중부발전㈜신보령발전본부,1,2018-01-25 09:30,SOx,17.99
한국중부발전㈜신보령발전본부,1,2018-01-25 09:30,NOx,20.48
한국중부발전㈜신보령발전본부,1,2018-01-25 10:00,TSP,2.95
한국중부발전㈜신보령발전본부,1,2018-01-25 10:00,SOx,17.95
한국중부발전㈜신보령발전본부,1,2018-01-25 10:00,NOx,20.35
한국중부발전㈜신보령발전본부,1,2018-01-25 10:30,TSP,2.94
한국중부발전㈜신보령발전본부,1,2018-01-25 10:30,SOx,17.75
한국중부발전㈜신보령발전본부,1,2018-01-25 10:30,NOx,20.59
한국중부발전㈜신보령발전본부,1,2018-01-25 11:00,TSP,2.94
한국중부발전㈜신보령발전본부,1,2018-01-25 11:00,SOx,21.81
한국중부발전㈜신보령발전본부,1,2018-01-25 11:00,NOx,20.61
한국중부발전㈜신보령발전본부,1,2018-01-25 11:30,TSP,2.88
한국중부발전㈜신보령발전본부,1,2018-01-25 11:30,SOx,21.06
한국중부발전㈜신보령발전본부,1,2018-01-25 11:30,NOx,19.27
한국중부발전㈜신보령발전본부,1,2018-01-25 12:00,TSP,2.77
한국중부발전㈜신보령발전본부,1,2018-01-25 12:00,SOx,21.03
한국중부발전㈜신보령발전본부,1,2018-01-25 12:00,NOx,19.69
한국중부발전㈜신보령발전본부,1,2018-01-25 12:30,TSP,2.78
한국중부발전㈜신보령발전본부,1,2018-01-25 12:30,SOx,20.88
한국중부발전㈜신보령발전본부,1,2018-01-25 12:30,NOx,18.51
한국중부발전㈜신보령발전본부,1,2018-01-25 13:00,TSP,2.79
한국중부발전㈜신보령발전본부,1,2018-01-25 13:00,SOx,20.6
한국중부발전㈜신보령발전본부,1,2018-01-25 13:00,NOx,18.42
한국중부발전㈜신보령발전본부,1,2018-01-25 13:30,TSP,2.77
한국중부발전㈜신보령발전본부,1,2018-01-25 13:30,SOx,20.21
한국중부발전㈜신보령발전본부,1,2018-01-25 13:30,NOx,17.22
한국중부발전㈜신보령발전본부,1,2018-01-25 14:00,TSP,2.82
한국중부발전㈜신보령발전본부,1,2018-01-25 14:00,SOx,19.84
한국중부발전㈜신보령발전본부,1,2018-01-25 14:00,NOx,17.58
한국중부발전㈜신보령발전본부,1,2018-01-25 14:30,TSP,2.8
한국중부발전㈜신보령발전본부,1,2018-01-25 14:30,SOx,19.71
한국중부발전㈜신보령발전본부,1,2018-01-25 14:30,NOx,18.88
한국중부발전㈜신보령발전본부,1,2018-01-25 15:00,TSP,2.84
한국중부발전㈜신보령발전본부,1,2018-01-25 15:00,SOx,19.8
한국중부발전㈜신보령발전본부,1,2018-01-25 15:00,NOx,19.22
한국중부발전㈜신보령발전본부,1,2018-01-25 15:30,TSP,2.95
한국중부발전㈜신보령발전본부,1,2018-01-25 15:30,SOx,20.05
한국중부발전㈜신보령발전본부,1,2018-01-25 15:30,NOx,18.68
한국중부발전㈜신보령발전본부,1,2018-01-25 16:00,TSP,2.93
한국중부발전㈜신보령발전본부,1,2018-01-25 16:00,SOx,22.36
한국중부발전㈜신보령발전본부,1,2018-01-25 16:00,NOx,18.34
한국중부발전㈜신보령발전본부,1,2018-01-25 16:30,TSP,2.81
한국중부발전㈜신보령발전본부,1,2018-01-25 16:30,SOx,22.53
한국중부발전㈜신보령발전본부,1,2018-01-25 16:30,NOx,18.39
한국중부발전㈜신보령발전본부,1,2018-01-25 17:00,TSP,2.84
한국중부발전㈜신보령발전본부,1,2018-01-25 17:00,SOx,22.72
한국중부발전㈜신보령발전본부,1,2018-01-25 17:00,NOx,18.69
한국중부발전㈜신보령발전본부,1,2018-01-25 17:30,TSP,2.91
한국중부발전㈜신보령발전본부,1,2018-01-25 17:30,SOx,22.98
한국중부발전㈜신보령발전본부,1,2018-01-25 17:30,NOx,20.41
한국중부발전㈜신보령발전본부,1,2018-01-25 18:00,TSP,2.94
한국중부발전㈜신보령발전본부,1,2018-01-25 18:00,SOx,22.89
한국중부발전㈜신보령발전본부,1,2018-01-25 18:00,NOx,20.94
한국중부발전㈜신보령발전본부,1,2018-01-25 18:30,TSP,3.01
한국중부발전㈜신보령발전본부,1,2018-01-25 18:30,SOx,22.75
한국중부발전㈜신보령발전본부,1,2018-01-25 18:30,NOx,19.91
한국중부발전㈜신보령발전본부,1,2018-01-25 19:00,TSP,3.13
한국중부발전㈜신보령발전본부,1,2018-01-25 19:00,SOx,22.72
한국중부발전㈜신보령발전본부,1,2018-01-25 19:00,NOx,19.9
한국중부발전㈜신보령발전본부,1,2018-01-25 19:30,TSP,3.03
한국중부발전㈜신보령발전본부,1,2018-01-25 19:30,SOx,22.56
한국중부발전㈜신보령발전본부,1,2018-01-25 19:30,NOx,20.13
한국중부발전㈜신보령발전본부,1,2018-01-25 20:00,TSP,3.06
한국중부발전㈜신보령발전본부,1,2018-01-25 20:00,SOx,22.94
한국중부발전㈜신보령발전본부,1,2018-01-25 20:00,NOx,20.85
한국중부발전㈜신보령발전본부,1,2018-01-25 20:30,TSP,3.09
한국중부발전㈜신보령발전본부,1,2018-01-25 20:30,SOx,23.4
한국중부발전㈜신보령발전본부,1,2018-01-25 20:30,NOx,21.43
한국중부발전㈜신보령발전본부,1,2018-01-25 21:00,TSP,3.04
한국중부발전㈜신보령발전본부,1,2018-01-25 21:00,SOx,23.73
한국중부발전㈜신보령발전본부,1,2018-01-25 21:00,NOx,20.84
한국중부발전㈜신보령발전본부,1,2018-01-25 21:30,TSP,3.05
한국중부발전㈜신보령발전본부,1,2018-01-25 21:30,SOx,24.33
한국중부발전㈜신보령발전본부,1,2018-01-25 21:30,NOx,21.53
한국중부발전㈜신보령발전본부,1,2018-01-25 22:00,TSP,3.09
한국중부발전㈜신보령발전본부,1,2018-01-25 22:00,SOx,24.14
한국중부발전㈜신보령발전본부,1,2018-01-25 22:00,NOx,22.63
한국중부발전㈜신보령발전본부,1,2018-01-25 22:30,TSP,2.91
한국중부발전㈜신보령발전본부,1,2018-01-25 22:30,SOx,24.17
한국중부발전㈜신보령발전본부,1,2018-01-25 22:30,NOx,21.87
한국중부발전㈜신보령발전본부,1,2018-01-25 23:00,TSP,2.94
한국중부발전㈜신보령발전본부,1,2018-01-25 23:00,SOx,24.16
한국중부발전㈜신보령발전본부,1,2018-01-25 23:00,NOx,22.79
한국중부발전㈜신보령발전본부,1,2018-01-25 23:30,TSP,2.9
한국중부발전㈜신보령발전본부,1,2018-01-25 23:30,SOx,24.01
한국중부발전㈜신보령발전본부,1,2018-01-25 23:30,NOx,22.77
한국중부발전㈜신보령발전본부,1,2018-01-26 00:00,TSP,2.95
한국중부발전㈜신보령발전본부,1,2018-01-26 00:00,SOx,24.33
한국중부발전㈜신보령발전본부,1,2018-01-26 00:00,NOx,21.03
한국중부발전㈜신보령발전본부,1,2018-01-26 00:30,TSP,2.93
한국중부발전㈜신보령발전본부,1,2018-01-26 00:30,SOx,24.16
한국중부발전㈜신보령발전본부,1,2018-01-26 00:30,NOx,20.77
한국중부발전㈜신보령발전본부,1,2018-01-26 01:00,TSP,2.98
한국중부발전㈜신보령발전본부,1,2018-01-26 01:00,SOx,24.14
한국중부발전㈜신보령발전본부,1,2018-01-26 01:00,NOx,20.53
한국중부발전㈜신보령발전본부,1,2018-01-26 01:30,TSP,15.73
한국중부발전㈜신보령발전본부,1,2018-01-26 01:30,SOx,197.0
한국중부발전㈜신보령발전본부,1,2018-01-26 01:30,NOx,17.07
한국중부발전㈜신보령발전본부,1,2018-01-26 02:00,TSP,0.0
한국중부발전㈜신보령발전본부,1,2018-01-26 02:00,SOx,0.0
한국중부발전㈜신보령발전본부,1,2018-01-26 02:00,NOx,0.0
한국중부발전㈜신보령발전본부,1,2018-01-26 02:30,TSP,0.0
한국중부발전㈜신보령발전본부,1,2018-01-26 02:30,SOx,0.0
한국중부발전㈜신보령발전본부,1,2018-01-26 02:30,NOx,0.0
한국중부발전㈜신보령발전본부,1,2018-01-26 03:00,TSP,0.0
한국중부발전㈜신보령발전본부,1,2018-01-26 03:00,SOx,0.0
한국중부발전㈜신보령발전본부,1,2018-01-26 03:00,NOx,0.0
한국중부발전㈜신보령발전본부,1,2018-01-26 03:30,TSP,0.0
한국중부발전㈜신보령발전본부,1,2018-01-26 03:30,SOx,0.0
한국중부발전㈜신보령발전본부,1,2018-01-26 03:30,NOx,0.0
한국중부발전㈜신보령발전본부,1,2018-01-26 04:00,TSP,0.0
한국중부발전㈜신보령발전본부,1,2018-01-26 04:00,SOx,0.0
한국중부발전㈜신보령발전본부,1,2018-01-26 04:00,NOx,0.0
한국중부발전㈜신보령발전본부,1,2018-01-26 04:30,TSP,1148.62
한국중부발전㈜신보령발전본부,1,2018-01-26 04:30,SOx,2.28
한국중부발전㈜신보령발전본부,1,2018-01-26 04:30,NOx,108.49
한국중부발전㈜신보령발전본부,1,2018-01-26 05:00,TSP,27.51
한국중부발전㈜신보령발전본부,1,2018-01-26 05:00,SOx,2.11
한국중부발전㈜신보령발전본부,1,2018-01-26 05:00,NOx,103.1
한국중부발전㈜신보령발전본부,1,2018-01-26 05:30,TSP,20.46
한국중부발전㈜신보령발전본부,1,2018-01-26 05:30,SOx,22.75
한국중부발전㈜신보령발전본부,1,2018-01-26 05:30,NOx,150.82
한국중부발전㈜신보령발전본부,1,2018-01-26 06:00,TSP,13.14
한국중부발전㈜신보령발전본부,1,2018-01-26 06:00,SOx,61.21
한국중부발전㈜신보령발전본부,1,2018-01-26 06:00,NOx,208.32
한국중부발전㈜신보령발전본부,1,2018-01-26 06:30,TSP,9.1
한국중부발전㈜신보령발전본부,1,2018-01-26 06:30,SOx,20.5
한국중부발전㈜신보령발전본부,1,2018-01-26 06:30,NOx,148.48
한국중부발전㈜신보령발전본부,1,2018-01-26 07:00,TSP,6.46
한국중부발전㈜신보령발전본부,1,2018-01-26 07:00,SOx,0.36
한국중부발전㈜신보령발전본부,1,2018-01-26 07:00,NOx,142.63
한국중부발전㈜신보령발전본부,1,2018-01-26 07:30,TSP,6.32
한국중부발전㈜신보령발전본부,1,2018-01-26 07:30,SOx,0.3
한국중부발전㈜신보령발전본부,1,2018-01-26 07:30,NOx,164.37
한국중부발전㈜신보령발전본부,1,2018-01-26 08:00,TSP,5.85
한국중부발전㈜신보령발전본부,1,2018-01-26 08:00,SOx,1.35
한국중부발전㈜신보령발전본부,1,2018-01-26 08:00,NOx,103.1
한국중부발전㈜신보령발전본부,1,2018-01-26 08:30,TSP,5.06
한국중부발전㈜신보령발전본부,1,2018-01-26 08:30,SOx,2.96
한국중부발전㈜신보령발전본부,1,2018-01-26 08:30,NOx,100.69
한국중부발전㈜신보령발전본부,1,2018-01-26 09:00,TSP,4.72
한국중부발전㈜신보령발전본부,1,2018-01-26 09:00,SOx,4.82
한국중부발전㈜신보령발전본부,1,2018-01-26 09:00,NOx,36.47
한국중부발전㈜신보령발전본부,1,2018-01-26 09:30,TSP,4.0
한국중부발전㈜신보령발전본부,1,2018-01-26 09:30,SOx,7.47
한국중부발전㈜신보령발전본부,1,2018-01-26 09:30,NOx,5.47
한국중부발전㈜신보령발전본부,1,2018-01-26 10:00,TSP,3.97
한국중부발전㈜신보령발전본부,1,2018-01-26 10:00,SOx,8.81
한국중부발전㈜신보령발전본부,1,2018-01-26 10:00,NOx,7.28
한국중부발전㈜신보령발전본부,1,2018-01-26 10:30,TSP,3.73
한국중부발전㈜신보령발전본부,1,2018-01-26 10:30,SOx,10.45
한국중부발전㈜신보령발전본부,1,2018-01-26 10:30,NOx,8.15
한국중부발전㈜신보령발전본부,1,2018-01-26 11:00,TSP,3.84
한국중부발전㈜신보령발전본부,1,2018-01-26 11:00,SOx,14.32
한국중부발전㈜신보령발전본부,1,2018-01-26 11:00,NOx,8.22
한국중부발전㈜신보령발전본부,1,2018-01-26 11:30,TSP,3.13
한국중부발전㈜신보령발전본부,1,2018-01-26 11:30,SOx,13.54
한국중부발전㈜신보령발전본부,1,2018-01-26 11:30,NOx,9.35
한국중부발전㈜신보령발전본부,1,2018-01-26 12:00,TSP,2.75
한국중부발전㈜신보령발전본부,1,2018-01-26 12:00,SOx,13.87
한국중부발전㈜신보령발전본부,1,2018-01-26 12:00,NOx,10.95
한국중부발전㈜신보령발전본부,1,2018-01-26 12:30,TSP,2.7
한국중부발전㈜신보령발전본부,1,2018-01-26 12:30,SOx,22.76
한국중부발전㈜신보령발전본부,1,2018-01-26 12:30,NOx,12.64
한국중부발전㈜신보령발전본부,1,2018-01-26 13:00,TSP,2.47
한국중부발전㈜신보령발전본부,1,2018-01-26 13:00,SOx,24.3
한국중부발전㈜신보령발전본부,1,2018-01-26 13:00,NOx,51.33
한국중부발전㈜신보령발전본부,1,2018-01-26 13:30,TSP,2.62
한국중부발전㈜신보령발전본부,1,2018-01-26 13:30,SOx,20.83
한국중부발전㈜신보령발전본부,1,2018-01-26 13:30,NOx,20.87
한국중부발전㈜신보령발전본부,1,2018-01-26 14:00,TSP,2.66
한국중부발전㈜신보령발전본부,1,2018-01-26 14:00,SOx,20.8
한국중부발전㈜신보령발전본부,1,2018-01-26 14:00,NOx,11.34
한국중부발전㈜신보령발전본부,1,2018-01-26 14:30,TSP,2.67
한국중부발전㈜신보령발전본부,1,2018-01-26 14:30,SOx,20.94
한국중부발전㈜신보령발전본부,1,2018-01-26 14:30,NOx,14.93
한국중부발전㈜신보령발전본부,1,2018-01-26 15:00,TSP,2.67
한국중부발전㈜신보령발전본부,1,2018-01-26 15:00,SOx,20.93
한국중부발전㈜신보령발전본부,1,2018-01-26 15:00,NOx,14.91
한국중부발전㈜신보령발전본부,1,2018-01-26 15:30,TSP,2.68
한국중부발전㈜신보령발전본부,1,2018-01-26 15:30,SOx,20.81
한국중부발전㈜신보령발전본부,1,2018-01-26 15:30,NOx,13.87
한국중부발전㈜신보령발전본부,1,2018-01-26 16:00,TSP,2.67
한국중부발전㈜신보령발전본부,1,2018-01-26 16:00,SOx,21.27
한국중부발전㈜신보령발전본부,1,2018-01-26 16:00,NOx,13.31
한국중부발전㈜신보령발전본부,1,2018-01-26 16:30,TSP,2.79
한국중부발전㈜신보령발전본부,1,2018-01-26 16:30,SOx,21.31
한국중부발전㈜신보령발전본부,1,2018-01-26 16:30,NOx,13.9
한국중부발전㈜신보령발전본부,1,2018-01-26 17:00,TSP,2.73
한국중부발전㈜신보령발전본부,1,2018-01-26 17:00,SOx,21.65
한국중부발전㈜신보령발전본부,1,2018-01-26 17:00,NOx,14.6
한국중부발전㈜신보령발전본부,1,2018-01-26 17:30,TSP,2.73
한국중부발전㈜신보령발전본부,1,2018-01-26 17:30,SOx,22.11
한국중부발전㈜신보령발전본부,1,2018-01-26 17:30,NOx,15.38
한국중부발전㈜신보령발전본부,1,2018-01-26 18:00,TSP,2.75
한국중부발전㈜신보령발전본부,1,2018-01-26 18:00,SOx,22.82
한국중부발전㈜신보령발전본부,1,2018-01-26 18:00,NOx,14.63
한국중부발전㈜신보령발전본부,1,2018-01-26 18:30,TSP,2.77
한국중부발전㈜신보령발전본부,1,2018-01-26 18:30,SOx,23.55
한국중부발전㈜신보령발전본부,1,2018-01-26 18:30,NOx,15.01
한국중부발전㈜신보령발전본부,1,2018-01-26 19:00,TSP,2.75
한국중부발전㈜신보령발전본부,1,2018-01-26 19:00,SOx,24.0
한국중부발전㈜신보령발전본부,1,2018-01-26 19:00,NOx,14.26
한국중부발전㈜신보령발전본부,1,2018-01-26 19:30,TSP,2.66
한국중부발전㈜신보령발전본부,1,2018-01-26 19:30,SOx,24.5
한국중부발전㈜신보령발전본부,1,2018-01-26 19:30,NOx,13.72
한국중부발전㈜신보령발전본부,1,2018-01-26 20:00,TSP,2.66
한국중부발전㈜신보령발전본부,1,2018-01-26 20:00,SOx,24.96
한국중부발전㈜신보령발전본부,1,2018-01-26 20:00,NOx,13.8
한국중부발전㈜신보령발전본부,1,2018-01-26 20:30,TSP,2.67
한국중부발전㈜신보령발전본부,1,2018-01-26 20:30,SOx,25.76
한국중부발전㈜신보령발전본부,1,2018-01-26 20:30,NOx,14.33
한국중부발전㈜신보령발전본부,1,2018-01-26 21:00,TSP,2.69
한국중부발전㈜신보령발전본부,1,2018-01-26 21:00,SOx,26.11
한국중부발전㈜신보령발전본부,1,2018-01-26 21:00,NOx,13.57
한국중부발전㈜신보령발전본부,1,2018-01-26 21:30,TSP,2.67
한국중부발전㈜신보령발전본부,1,2018-01-26 21:30,SOx,26.32
한국중부발전㈜신보령발전본부,1,2018-01-26 21:30,NOx,15.05
한국중부발전㈜신보령발전본부,1,2018-01-26 22:00,TSP,2.64
한국중부발전㈜신보령발전본부,1,2018-01-26 22:00,SOx,26.18
한국중부발전㈜신보령발전본부,1,2018-01-26 22:00,NOx,14.18
한국중부발전㈜신보령발전본부,1,2018-01-26 22:30,TSP,2.65
한국중부발전㈜신보령발전본부,1,2018-01-26 22:30,SOx,26.33
한국중부발전㈜신보령발전본부,1,2018-01-26 22:30,NOx,13.62
한국중부발전㈜신보령발전본부,1,2018-01-26 23:00,TSP,2.64
한국중부발전㈜신보령발전본부,1,2018-01-26 23:00,SOx,26.36
한국중부발전㈜신보령발전본부,1,2018-01-26 23:00,NOx,15.23
한국중부발전㈜신보령발전본부,1,2018-01-26 23:30,TSP,2.62
한국중부발전㈜신보령발전본부,1,2018-01-26 23:30,SOx,26.82
한국중부발전㈜신보령발전본부,1,2018-01-26 23:30,NOx,15.17
한국중부발전㈜신보령발전본부,1,2018-01-27 00:00,TSP,2.62
한국중부발전㈜신보령발전본부,1,2018-01-27 00:00,SOx,27.18
한국중부발전㈜신보령발전본부,1,2018-01-27 00:00,NOx,17.45
한국중부발전㈜신보령발전본부,1,2018-01-27 00:30,TSP,2.62
한국중부발전㈜신보령발전본부,1,2018-01-27 00:30,SOx,27.85
한국중부발전㈜신보령발전본부,1,2018-01-27 00:30,NOx,21.57
한국중부발전㈜신보령발전본부,1,2018-01-27 01:00,TSP,2.65
한국중부발전㈜신보령발전본부,1,2018-01-27 01:00,SOx,27.91
한국중부발전㈜신보령발전본부,1,2018-01-27 01:00,NOx,18.93
한국중부발전㈜신보령발전본부,1,2018-01-27 01:30,TSP,2.61
한국중부발전㈜신보령발전본부,1,2018-01-27 01:30,SOx,28.06
한국중부발전㈜신보령발전본부,1,2018-01-27 01:30,NOx,15.35
한국중부발전㈜신보령발전본부,1,2018-01-27 02:00,TSP,2.6
한국중부발전㈜신보령발전본부,1,2018-01-27 02:00,SOx,28.23
한국중부발전㈜신보령발전본부,1,2018-01-27 02:00,NOx,14.51
한국중부발전㈜신보령발전본부,1,2018-01-27 02:30,TSP,2.6
한국중부발전㈜신보령발전본부,1,2018-01-27 02:30,SOx,28.48
한국중부발전㈜신보령발전본부,1,2018-01-27 02:30,NOx,16.6
한국중부발전㈜신보령발전본부,1,2018-01-27 03:00,TSP,2.59
한국중부발전㈜신보령발전본부,1,2018-01-27 03:00,SOx,28.7
한국중부발전㈜신보령발전본부,1,2018-01-27 03:00,NOx,15.74
한국중부발전㈜신보령발전본부,1,2018-01-27 03:30,TSP,2.58
한국중부발전㈜신보령발전본부,1,2018-01-27 03:30,SOx,28.72
한국중부발전㈜신보령발전본부,1,2018-01-27 03:30,NOx,17.34
한국중부발전㈜신보령발전본부,1,2018-01-27 04:00,TSP,2.59
한국중부발전㈜신보령발전본부,1,2018-01-27 04:00,SOx,28.64
한국중부발전㈜신보령발전본부,1,2018-01-27 04:00,NOx,17.24
한국중부발전㈜신보령발전본부,1,2018-01-27 04:30,TSP,2.59
한국중부발전㈜신보령발전본부,1,2018-01-27 04:30,SOx,28.7
한국중부발전㈜신보령발전본부,1,2018-01-27 04:30,NOx,19.04
한국중부발전㈜신보령발전본부,1,2018-01-27 05:00,TSP,2.6
한국중부발전㈜신보령발전본부,1,2018-01-27 05:00,SOx,28.61
한국중부발전㈜신보령발전본부,1,2018-01-27 05:00,NOx,19.46
한국중부발전㈜신보령발전본부,1,2018-01-27 05:30,TSP,2.6
한국중부발전㈜신보령발전본부,1,2018-01-27 05:30,SOx,28.82
한국중부발전㈜신보령발전본부,1,2018-01-27 05:30,NOx,17.35
한국중부발전㈜신보령발전본부,1,2018-01-27 06:00,TSP,2.6
한국중부발전㈜신보령발전본부,1,2018-01-27 06:00,SOx,28.77
한국중부발전㈜신보령발전본부,1,2018-01-27 06:00,NOx,17.75
한국중부발전㈜신보령발전본부,1,2018-01-27 06:30,TSP,2.6
한국중부발전㈜신보령발전본부,1,2018-01-27 06:30,SOx,28.74
한국중부발전㈜신보령발전본부,1,2018-01-27 06:30,NOx,21.08
한국중부발전㈜신보령발전본부,1,2018-01-27 07:00,TSP,2.6
한국중부발전㈜신보령발전본부,1,2018-01-27 07:00,SOx,28.18
한국중부발전㈜신보령발전본부,1,2018-01-27 07:00,NOx,16.94
한국중부발전㈜신보령발전본부,1,2018-01-27 07:30,TSP,2.59
한국중부발전㈜신보령발전본부,1,2018-01-27 07:30,SOx,28.26
한국중부발전㈜신보령발전본부,1,2018-01-27 07:30,NOx,21.34
한국중부발전㈜신보령발전본부,1,2018-01-27 08:00,TSP,2.58
한국중부발전㈜신보령발전본부,1,2018-01-27 08:00,SOx,28.01
한국중부발전㈜신보령발전본부,1,2018-01-27 08:00,NOx,17.01
한국중부발전㈜신보령발전본부,1,2018-01-27 08:30,TSP,2.54
한국중부발전㈜신보령발전본부,1,2018-01-27 08:30,SOx,28.26
한국중부발전㈜신보령발전본부,1,2018-01-27 08:30,NOx,15.61
한국중부발전㈜신보령발전본부,1,2018-01-27 09:00,TSP,2.66
한국중부발전㈜신보령발전본부,1,2018-01-27 09:00,SOx,28.43
한국중부발전㈜신보령발전본부,1,2018-01-27 09:00,NOx,15.97
한국중부발전㈜신보령발전본부,1,2018-01-27 09:30,TSP,2.58
한국중부발전㈜신보령발전본부,1,2018-01-27 09:30,SOx,28.68
한국중부발전㈜신보령발전본부,1,2018-01-27 09:30,NOx,16.58
한국중부발전㈜신보령발전본부,1,2018-01-27 10:00,TSP,2.62
한국중부발전㈜신보령발전본부,1,2018-01-27 10:00,SOx,28.46
한국중부발전㈜신보령발전본부,1,2018-01-27 10:00,NOx,16.13
한국중부발전㈜신보령발전본부,1,2018-01-27 10:30,TSP,2.66
한국중부발전㈜신보령발전본부,1,2018-01-27 10:30,SOx,28.68
한국중부발전㈜신보령발전본부,1,2018-01-27 10:30,NOx,15.53
한국중부발전㈜신보령발전본부,1,2018-01-27 11:00,TSP,2.69
한국중부발전㈜신보령발전본부,1,2018-01-27 11:00,SOx,28.7
한국중부발전㈜신보령발전본부,1,2018-01-27 11:00,NOx,16.88
한국중부발전㈜신보령발전본부,1,2018-01-27 11:30,TSP,2.72
한국중부발전㈜신보령발전본부,1,2018-01-27 11:30,SOx,28.96
한국중부발전㈜신보령발전본부,1,2018-01-27 11:30,NOx,15.9
한국중부발전㈜신보령발전본부,1,2018-01-27 12:00,TSP,2.69
한국중부발전㈜신보령발전본부,1,2018-01-27 12:00,SOx,28.58
한국중부발전㈜신보령발전본부,1,2018-01-27 12:00,NOx,16.56
한국중부발전㈜신보령발전본부,1,2018-01-27 12:30,TSP,2.6
한국중부발전㈜신보령발전본부,1,2018-01-27 12:30,SOx,28.32
한국중부발전㈜신보령발전본부,1,2018-01-27 12:30,NOx,16.56
한국중부발전㈜신보령발전본부,1,2018-01-27 13:00,TSP,2.6
한국중부발전㈜신보령발전본부,1,2018-01-27 13:00,SOx,27.97
한국중부발전㈜신보령발전본부,1,2018-01-27 13:00,NOx,15.2
한국중부발전㈜신보령발전본부,1,2018-01-27 13:30,TSP,2.62
한국중부발전㈜신보령발전본부,1,2018-01-27 13:30,SOx,27.53
한국중부발전㈜신보령발전본부,1,2018-01-27 13:30,NOx,15.27
한국중부발전㈜신보령발전본부,1,2018-01-27 14:00,TSP,2.64
한국중부발전㈜신보령발전본부,1,2018-01-27 14:00,SOx,27.06
한국중부발전㈜신보령발전본부,1,2018-01-27 14:00,NOx,16.1
한국중부발전㈜신보령발전본부,1,2018-01-27 14:30,TSP,2.67
한국중부발전㈜신보령발전본부,1,2018-01-27 14:30,SOx,27.11
한국중부발전㈜신보령발전본부,1,2018-01-27 14:30,NOx,16.05
한국중부발전㈜신보령발전본부,1,2018-01-27 15:00,TSP,2.7
한국중부발전㈜신보령발전본부,1,2018-01-27 15:00,SOx,27.28
한국중부발전㈜신보령발전본부,1,2018-01-27 15:00,NOx,15.46
한국중부발전㈜신보령발전본부,1,2018-01-27 15:30,TSP,2.7
한국중부발전㈜신보령발전본부,1,2018-01-27 15:30,SOx,27.66
한국중부발전㈜신보령발전본부,1,2018-01-27 15:30,NOx,15.49
한국중부발전㈜신보령발전본부,1,2018-01-27 16:00,TSP,2.67
한국중부발전㈜신보령발전본부,1,2018-01-27 16:00,SOx,27.69
한국중부발전㈜신보령발전본부,1,2018-01-27 16:00,NOx,15.18
한국중부발전㈜신보령발전본부,1,2018-01-27 16:30,TSP,2.73
한국중부발전㈜신보령발전본부,1,2018-01-27 16:30,SOx,28.14
한국중부발전㈜신보령발전본부,1,2018-01-27 16:30,NOx,14.78
한국중부발전㈜신보령발전본부,1,2018-01-27 17:00,TSP,2.72
한국중부발전㈜신보령발전본부,1,2018-01-27 17:00,SOx,28.12
한국중부발전㈜신보령발전본부,1,2018-01-27 17:00,NOx,14.89
한국중부발전㈜신보령발전본부,1,2018-01-27 17:30,TSP,2.72
한국중부발전㈜신보령발전본부,1,2018-01-27 17:30,SOx,28.28
한국중부발전㈜신보령발전본부,1,2018-01-27 17:30,NOx,13.61
한국중부발전㈜신보령발전본부,1,2018-01-27 18:00,TSP,2.72
한국중부발전㈜신보령발전본부,1,2018-01-27 18:00,SOx,28.24
한국중부발전㈜신보령발전본부,1,2018-01-27 18:00,NOx,15.25
한국중부발전㈜신보령발전본부,1,2018-01-27 18:30,TSP,2.74
한국중부발전㈜신보령발전본부,1,2018-01-27 18:30,SOx,28.23
한국중부발전㈜신보령발전본부,1,2018-01-27 18:30,NOx,13.49
한국중부발전㈜신보령발전본부,1,2018-01-27 19:00,TSP,2.73
한국중부발전㈜신보령발전본부,1,2018-01-27 19:00,SOx,26.64
한국중부발전㈜신보령발전본부,1,2018-01-27 19:00,NOx,15.49
한국중부발전㈜신보령발전본부,1,2018-01-27 19:30,TSP,2.77
한국중부발전㈜신보령발전본부,1,2018-01-27 19:30,SOx,25.51
한국중부발전㈜신보령발전본부,1,2018-01-27 19:30,NOx,14.87
한국중부발전㈜신보령발전본부,1,2018-01-27 20:00,TSP,2.74
한국중부발전㈜신보령발전본부,1,2018-01-27 20:00,SOx,23.9
한국중부발전㈜신보령발전본부,1,2018-01-27 20:00,NOx,14.85
한국중부발전㈜신보령발전본부,1,2018-01-27 20:30,TSP,2.71
한국중부발전㈜신보령발전본부,1,2018-01-27 20:30,SOx,24.17
한국중부발전㈜신보령발전본부,1,2018-01-27 20:30,NOx,14.96
한국중부발전㈜신보령발전본부,1,2018-01-27 21:00,TSP,2.69
한국중부발전㈜신보령발전본부,1,2018-01-27 21:00,SOx,24.41
한국중부발전㈜신보령발전본부,1,2018-01-27 21:00,NOx,13.88
한국중부발전㈜신보령발전본부,1,2018-01-27 21:30,TSP,2.69
한국중부발전㈜신보령발전본부,1,2018-01-27 21:30,SOx,24.66
한국중부발전㈜신보령발전본부,1,2018-01-27 21:30,NOx,13.95
한국중부발전㈜신보령발전본부,1,2018-01-27 22:00,TSP,2.7
한국중부발전㈜신보령발전본부,1,2018-01-27 22:00,SOx,24.67
한국중부발전㈜신보령발전본부,1,2018-01-27 22:00,NOx,13.42
한국중부발전㈜신보령발전본부,1,2018-01-27 22:30,TSP,2.69
한국중부발전㈜신보령발전본부,1,2018-01-27 22:30,SOx,24.81
한국중부발전㈜신보령발전본부,1,2018-01-27 22:30,NOx,14.85
한국중부발전㈜신보령발전본부,1,2018-01-27 23:00,TSP,2.66
한국중부발전㈜신보령발전본부,1,2018-01-27 23:00,SOx,24.73
한국중부발전㈜신보령발전본부,1,2018-01-27 23:00,NOx,14.68
한국중부발전㈜신보령발전본부,1,2018-01-27 23:30,TSP,2.68
한국중부발전㈜신보령발전본부,1,2018-01-27 23:30,SOx,24.67
한국중부발전㈜신보령발전본부,1,2018-01-27 23:30,NOx,13.63
한국중부발전㈜신보령발전본부,1,2018-01-28 00:00,TSP,2.74
한국중부발전㈜신보령발전본부,1,2018-01-28 00:00,SOx,24.58
한국중부발전㈜신보령발전본부,1,2018-01-28 00:00,NOx,15.1
한국중부발전㈜신보령발전본부,1,2018-01-28 00:30,TSP,2.72
한국중부발전㈜신보령발전본부,1,2018-01-28 00:30,SOx,24.37
한국중부발전㈜신보령발전본부,1,2018-01-28 00:30,NOx,14.12
한국중부발전㈜신보령발전본부,1,2018-01-28 01:00,TSP,2.73
한국중부발전㈜신보령발전본부,1,2018-01-28 01:00,SOx,24.16
한국중부발전㈜신보령발전본부,1,2018-01-28 01:00,NOx,15.65
한국중부발전㈜신보령발전본부,1,2018-01-28 01:30,TSP,2.74
한국중부발전㈜신보령발전본부,1,2018-01-28 01:30,SOx,24.06
한국중부발전㈜신보령발전본부,1,2018-01-28 01:30,NOx,14.4
한국중부발전㈜신보령발전본부,1,2018-01-28 02:00,TSP,2.75
한국중부발전㈜신보령발전본부,1,2018-01-28 02:00,SOx,24.19
한국중부발전㈜신보령발전본부,1,2018-01-28 02:00,NOx,15.52
한국중부발전㈜신보령발전본부,1,2018-01-28 02:30,TSP,2.75
한국중부발전㈜신보령발전본부,1,2018-01-28 02:30,SOx,24.2
한국중부발전㈜신보령발전본부,1,2018-01-28 02:30,NOx,14.84
한국중부발전㈜신보령발전본부,1,2018-01-28 03:00,TSP,2.76
한국중부발전㈜신보령발전본부,1,2018-01-28 03:00,SOx,24.08
한국중부발전㈜신보령발전본부,1,2018-01-28 03:00,NOx,15.62
한국중부발전㈜신보령발전본부,1,2018-01-28 03:30,TSP,2.73
한국중부발전㈜신보령발전본부,1,2018-01-28 03:30,SOx,24.42
한국중부발전㈜신보령발전본부,1,2018-01-28 03:30,NOx,14.56
한국중부발전㈜신보령발전본부,1,2018-01-28 04:00,TSP,2.74
한국중부발전㈜신보령발전본부,1,2018-01-28 04:00,SOx,24.83
한국중부발전㈜신보령발전본부,1,2018-01-28 04:00,NOx,14.44
한국중부발전㈜신보령발전본부,1,2018-01-28 04:30,TSP,2.74
한국중부발전㈜신보령발전본부,1,2018-01-28 04:30,SOx,24.94
한국중부발전㈜신보령발전본부,1,2018-01-28 04:30,NOx,13.97
한국중부발전㈜신보령발전본부,1,2018-01-28 05:00,TSP,2.74
한국중부발전㈜신보령발전본부,1,2018-01-28 05:00,SOx,25.09
한국중부발전㈜신보령발전본부,1,2018-01-28 05:00,NOx,14.62
한국중부발전㈜신보령발전본부,1,2018-01-28 05:30,TSP,2.74
한국중부발전㈜신보령발전본부,1,2018-01-28 05:30,SOx,25.06
한국중부발전㈜신보령발전본부,1,2018-01-28 05:30,NOx,14.76
한국중부발전㈜신보령발전본부,1,2018-01-28 06:00,TSP,2.76
한국중부발전㈜신보령발전본부,1,2018-01-28 06:00,SOx,24.95
한국중부발전㈜신보령발전본부,1,2018-01-28 06:00,NOx,15.8
한국중부발전㈜신보령발전본부,1,2018-01-28 06:30,TSP,2.73
한국중부발전㈜신보령발전본부,1,2018-01-28 06:30,SOx,24.76
한국중부발전㈜신보령발전본부,1,2018-01-28 06:30,NOx,15.52
한국중부발전㈜신보령발전본부,1,2018-01-28 07:00,TSP,2.76
한국중부발전㈜신보령발전본부,1,2018-01-28 07:00,SOx,24.63
한국중부발전㈜신보령발전본부,1,2018-01-28 07:00,NOx,15.24
한국중부발전㈜신보령발전본부,1,2018-01-28 07:30,TSP,2.69
한국중부발전㈜신보령발전본부,1,2018-01-28 07:30,SOx,24.76
한국중부발전㈜신보령발전본부,1,2018-01-28 07:30,NOx,15.91
한국중부발전㈜신보령발전본부,1,2018-01-28 08:00,TSP,2.71
한국중부발전㈜신보령발전본부,1,2018-01-28 08:00,SOx,24.48
한국중부발전㈜신보령발전본부,1,2018-01-28 08:00,NOx,14.85
한국중부발전㈜신보령발전본부,1,2018-01-28 08:30,TSP,2.75
한국중부발전㈜신보령발전본부,1,2018-01-28 08:30,SOx,24.29
한국중부발전㈜신보령발전본부,1,2018-01-28 08:30,NOx,15.51
한국중부발전㈜신보령발전본부,1,2018-01-28 09:00,TSP,2.76
한국중부발전㈜신보령발전본부,1,2018-01-28 09:00,SOx,23.93
한국중부발전㈜신보령발전본부,1,2018-01-28 09:00,NOx,16.08
한국중부발전㈜신보령발전본부,1,2018-01-28 09:30,TSP,2.75
한국중부발전㈜신보령발전본부,1,2018-01-28 09:30,SOx,24.07
한국중부발전㈜신보령발전본부,1,2018-01-28 09:30,NOx,15.87
한국중부발전㈜신보령발전본부,1,2018-01-28 10:00,TSP,2.75
한국중부발전㈜신보령발전본부,1,2018-01-28 10:00,SOx,24.15
한국중부발전㈜신보령발전본부,1,2018-01-28 10:00,NOx,14.74
한국중부발전㈜신보령발전본부,1,2018-01-28 10:30,TSP,2.75
한국중부발전㈜신보령발전본부,1,2018-01-28 10:30,SOx,23.69
한국중부발전㈜신보령발전본부,1,2018-01-28 10:30,NOx,15.98
한국중부발전㈜신보령발전본부,1,2018-01-28 11:00,TSP,2.77
한국중부발전㈜신보령발전본부,1,2018-01-28 11:00,SOx,23.58
한국중부발전㈜신보령발전본부,1,2018-01-28 11:00,NOx,15.03
한국중부발전㈜신보령발전본부,1,2018-01-28 11:30,TSP,2.74
한국중부발전㈜신보령발전본부,1,2018-01-28 11:30,SOx,22.13
한국중부발전㈜신보령발전본부,1,2018-01-28 11:30,NOx,14.15
한국중부발전㈜신보령발전본부,1,2018-01-28 12:00,TSP,2.78
한국중부발전㈜신보령발전본부,1,2018-01-28 12:00,SOx,21.72
한국중부발전㈜신보령발전본부,1,2018-01-28 12:00,NOx,13.27
한국중부발전㈜신보령발전본부,1,2018-01-28 12:30,TSP,2.77
한국중부발전㈜신보령발전본부,1,2018-01-28 12:30,SOx,22.74
한국중부발전㈜신보령발전본부,1,2018-01-28 12:30,NOx,14.13
한국중부발전㈜신보령발전본부,1,2018-01-28 13:00,TSP,2.74
한국중부발전㈜신보령발전본부,1,2018-01-28 13:00,SOx,22.93
한국중부발전㈜신보령발전본부,1,2018-01-28 13:00,NOx,12.99
한국중부발전㈜신보령발전본부,1,2018-01-28 13:30,TSP,2.85
한국중부발전㈜신보령발전본부,1,2018-01-28 13:30,SOx,21.83
한국중부발전㈜신보령발전본부,1,2018-01-28 13:30,NOx,12.9
한국중부발전㈜신보령발전본부,1,2018-01-28 14:00,TSP,2.8
한국중부발전㈜신보령발전본부,1,2018-01-28 14:00,SOx,22.78
한국중부발전㈜신보령발전본부,1,2018-01-28 14:00,NOx,13.54
한국중부발전㈜신보령발전본부,1,2018-01-28 14:30,TSP,2.7
한국중부발전㈜신보령발전본부,1,2018-01-28 14:30,SOx,24.14
한국중부발전㈜신보령발전본부,1,2018-01-28 14:30,NOx,15.36
한국중부발전㈜신보령발전본부,1,2018-01-28 15:00,TSP,2.74
한국중부발전㈜신보령발전본부,1,2018-01-28 15:00,SOx,24.18
한국중부발전㈜신보령발전본부,1,2018-01-28 15:00,NOx,14.03
한국중부발전㈜신보령발전본부,1,2018-01-28 15:30,TSP,2.83
한국중부발전㈜신보령발전본부,1,2018-01-28 15:30,SOx,23.17
한국중부발전㈜신보령발전본부,1,2018-01-28 15:30,NOx,13.59
한국중부발전㈜신보령발전본부,1,2018-01-28 16:00,TSP,2.82
한국중부발전㈜신보령발전본부,1,2018-01-28 16:00,SOx,24.29
한국중부발전㈜신보령발전본부,1,2018-01-28 16:00,NOx,14.23
한국중부발전㈜신보령발전본부,1,2018-01-28 16:30,TSP,2.8
한국중부발전㈜신보령발전본부,1,2018-01-28 16:30,SOx,24.08
한국중부발전㈜신보령발전본부,1,2018-01-28 16:30,NOx,13.32
한국중부발전㈜신보령발전본부,1,2018-01-28 17:00,TSP,2.78
한국중부발전㈜신보령발전본부,1,2018-01-28 17:00,SOx,24.15
한국중부발전㈜신보령발전본부,1,2018-01-28 17:00,NOx,12.96
한국중부발전㈜신보령발전본부,1,2018-01-28 17:30,TSP,2.78
한국중부발전㈜신보령발전본부,1,2018-01-28 17:30,SOx,23.87
한국중부발전㈜신보령발전본부,1,2018-01-28 17:30,NOx,15.33
한국중부발전㈜신보령발전본부,1,2018-01-28 18:00,TSP,2.88
한국중부발전㈜신보령발전본부,1,2018-01-28 18:00,SOx,23.81
한국중부발전㈜신보령발전본부,1,2018-01-28 18:00,NOx,14.22
한국중부발전㈜신보령발전본부,1,2018-01-28 18:30,TSP,2.83
한국중부발전㈜신보령발전본부,1,2018-01-28 18:30,SOx,23.32
한국중부발전㈜신보령발전본부,1,2018-01-28 18:30,NOx,15.27
한국중부발전㈜신보령발전본부,1,2018-01-28 19:00,TSP,2.86
한국중부발전㈜신보령발전본부,1,2018-01-28 19:00,SOx,22.83
한국중부발전㈜신보령발전본부,1,2018-01-28 19:00,NOx,15.85
한국중부발전㈜신보령발전본부,1,2018-01-28 19:30,TSP,2.78
한국중부발전㈜신보령발전본부,1,2018-01-28 19:30,SOx,22.82
한국중부발전㈜신보령발전본부,1,2018-01-28 19:30,NOx,14.97
한국중부발전㈜신보령발전본부,1,2018-01-28 20:00,TSP,2.8
한국중부발전㈜신보령발전본부,1,2018-01-28 20:00,SOx,22.78
한국중부발전㈜신보령발전본부,1,2018-01-28 20:00,NOx,14.09
한국중부발전㈜신보령발전본부,1,2018-01-28 20:30,TSP,2.78
한국중부발전㈜신보령발전본부,1,2018-01-28 20:30,SOx,22.91
한국중부발전㈜신보령발전본부,1,2018-01-28 20:30,NOx,14.77
한국중부발전㈜신보령발전본부,1,2018-01-28 21:00,TSP,2.81
한국중부발전㈜신보령발전본부,1,2018-01-28 21:00,SOx,23.26
한국중부발전㈜신보령발전본부,1,2018-01-28 21:00,NOx,15.7
한국중부발전㈜신보령발전본부,1,2018-01-28 21:30,TSP,2.75
한국중부발전㈜신보령발전본부,1,2018-01-28 21:30,SOx,23.87
한국중부발전㈜신보령발전본부,1,2018-01-28 21:30,NOx,14.08
한국중부발전㈜신보령발전본부,1,2018-01-28 22:00,TSP,2.74
한국중부발전㈜신보령발전본부,1,2018-01-28 22:00,SOx,24.29
한국중부발전㈜신보령발전본부,1,2018-01-28 22:00,NOx,16.06
한국중부발전㈜신보령발전본부,1,2018-01-28 22:30,TSP,2.73
한국중부발전㈜신보령발전본부,1,2018-01-28 22:30,SOx,24.76
한국중부발전㈜신보령발전본부,1,2018-01-28 22:30,NOx,15.55
한국중부발전㈜신보령발전본부,1,2018-01-28 23:00,TSP,2.76
한국중부발전㈜신보령발전본부,1,2018-01-28 23:00,SOx,24.78
한국중부발전㈜신보령발전본부,1,2018-01-28 23:00,NOx,16.09
한국중부발전㈜신보령발전본부,1,2018-01-28 23:30,TSP,2.8
한국중부발전㈜신보령발전본부,1,2018-01-28 23:30,SOx,24.84
한국중부발전㈜신보령발전본부,1,2018-01-28 23:30,NOx,16.82
한국중부발전㈜신보령발전본부,1,2018-01-29 00:00,TSP,2.77
한국중부발전㈜신보령발전본부,1,2018-01-29 00:00,SOx,24.65
한국중부발전㈜신보령발전본부,1,2018-01-29 00:00,NOx,14.59
한국중부발전㈜신보령발전본부,1,2018-01-29 00:30,TSP,2.78
한국중부발전㈜신보령발전본부,1,2018-01-29 00:30,SOx,24.4
한국중부발전㈜신보령발전본부,1,2018-01-29 00:30,NOx,14.61
한국중부발전㈜신보령발전본부,1,2018-01-29 01:00,TSP,2.83
한국중부발전㈜신보령발전본부,1,2018-01-29 01:00,SOx,24.34
한국중부발전㈜신보령발전본부,1,2018-01-29 01:00,NOx,15.45
한국중부발전㈜신보령발전본부,1,2018-01-29 01:30,TSP,2.78
한국중부발전㈜신보령발전본부,1,2018-01-29 01:30,SOx,24.26
한국중부발전㈜신보령발전본부,1,2018-01-29 01:30,NOx,13.97
한국중부발전㈜신보령발전본부,1,2018-01-29 02:00,TSP,2.81
한국중부발전㈜신보령발전본부,1,2018-01-29 02:00,SOx,24.79
한국중부발전㈜신보령발전본부,1,2018-01-29 02:00,NOx,13.57
한국중부발전㈜신보령발전본부,1,2018-01-29 02:30,TSP,2.8
한국중부발전㈜신보령발전본부,1,2018-01-29 02:30,SOx,25.25
한국중부발전㈜신보령발전본부,1,2018-01-29 02:30,NOx,16.6
한국중부발전㈜신보령발전본부,1,2018-01-29 03:00,TSP,2.79
한국중부발전㈜신보령발전본부,1,2018-01-29 03:00,SOx,25.48
한국중부발전㈜신보령발전본부,1,2018-01-29 03:00,NOx,15.16
한국중부발전㈜신보령발전본부,1,2018-01-29 03:30,TSP,2.75
한국중부발전㈜신보령발전본부,1,2018-01-29 03:30,SOx,25.63
한국중부발전㈜신보령발전본부,1,2018-01-29 03:30,NOx,14.95
한국중부발전㈜신보령발전본부,1,2018-01-29 04:00,TSP,2.72
한국중부발전㈜신보령발전본부,1,2018-01-29 04:00,SOx,25.73
한국중부발전㈜신보령발전본부,1,2018-01-29 04:00,NOx,13.97
한국중부발전㈜신보령발전본부,1,2018-01-29 04:30,TSP,2.76
한국중부발전㈜신보령발전본부,1,2018-01-29 04:30,SOx,25.55
한국중부발전㈜신보령발전본부,1,2018-01-29 04:30,NOx,14.69
한국중부발전㈜신보령발전본부,1,2018-01-29 05:00,TSP,2.76
한국중부발전㈜신보령발전본부,1,2018-01-29 05:00,SOx,25.32
한국중부발전㈜신보령발전본부,1,2018-01-29 05:00,NOx,15.41
한국중부발전㈜신보령발전본부,1,2018-01-29 05:30,TSP,2.77
한국중부발전㈜신보령발전본부,1,2018-01-29 05:30,SOx,25.28
한국중부발전㈜신보령발전본부,1,2018-01-29 05:30,NOx,15.02
한국중부발전㈜신보령발전본부,1,2018-01-29 06:00,TSP,2.76
한국중부발전㈜신보령발전본부,1,2018-01-29 06:00,SOx,24.77
한국중부발전㈜신보령발전본부,1,2018-01-29 06:00,NOx,14.86
한국중부발전㈜신보령발전본부,1,2018-01-29 06:30,TSP,2.77
한국중부발전㈜신보령발전본부,1,2018-01-29 06:30,SOx,23.85
한국중부발전㈜신보령발전본부,1,2018-01-29 06:30,NOx,15.02
한국중부발전㈜신보령발전본부,1,2018-01-29 07:00,TSP,2.78
한국중부발전㈜신보령발전본부,1,2018-01-29 07:00,SOx,22.6
한국중부발전㈜신보령발전본부,1,2018-01-29 07:00,NOx,15.04
한국중부발전㈜신보령발전본부,1,2018-01-29 07:30,TSP,2.73
한국중부발전㈜신보령발전본부,1,2018-01-29 07:30,SOx,23.31
한국중부발전㈜신보령발전본부,1,2018-01-29 07:30,NOx,16.13
한국중부발전㈜신보령발전본부,1,2018-01-29 08:00,TSP,2.68
한국중부발전㈜신보령발전본부,1,2018-01-29 08:00,SOx,24.78
한국중부발전㈜신보령발전본부,1,2018-01-29 08:00,NOx,13.69
한국중부발전㈜신보령발전본부,1,2018-01-29 08:30,TSP,2.68
한국중부발전㈜신보령발전본부,1,2018-01-29 08:30,SOx,24.83
한국중부발전㈜신보령발전본부,1,2018-01-29 08:30,NOx,15.09
한국중부발전㈜신보령발전본부,1,2018-01-29 09:00,TSP,2.72
한국중부발전㈜신보령발전본부,1,2018-01-29 09:00,SOx,25.15
한국중부발전㈜신보령발전본부,1,2018-01-29 09:00,NOx,14.22
한국중부발전㈜신보령발전본부,1,2018-01-29 09:30,TSP,2.72
한국중부발전㈜신보령발전본부,1,2018-01-29 09:30,SOx,25.44
한국중부발전㈜신보령발전본부,1,2018-01-29 09:30,NOx,17.24
한국중부발전㈜신보령발전본부,1,2018-01-29 10:00,TSP,2.73
한국중부발전㈜신보령발전본부,1,2018-01-29 10:00,SOx,25.48
한국중부발전㈜신보령발전본부,1,2018-01-29 10:00,NOx,16.11
한국중부발전㈜신보령발전본부,1,2018-01-29 10:30,TSP,2.73
한국중부발전㈜신보령발전본부,1,2018-01-29 10:30,SOx,25.23
한국중부발전㈜신보령발전본부,1,2018-01-29 10:30,NOx,15.93
한국중부발전㈜신보령발전본부,1,2018-01-29 11:00,TSP,2.72
한국중부발전㈜신보령발전본부,1,2018-01-29 11:00,SOx,25.0
한국중부발전㈜신보령발전본부,1,2018-01-29 11:00,NOx,15.95
한국중부발전㈜신보령발전본부,1,2018-01-29 11:30,TSP,2.77
한국중부발전㈜신보령발전본부,1,2018-01-29 11:30,SOx,24.91
한국중부발전㈜신보령발전본부,1,2018-01-29 11:30,NOx,16.38
한국중부발전㈜신보령발전본부,1,2018-01-29 12:00,TSP,2.72
한국중부발전㈜신보령발전본부,1,2018-01-29 12:00,SOx,24.33
한국중부발전㈜신보령발전본부,1,2018-01-29 12:00,NOx,14.98
한국중부발전㈜신보령발전본부,1,2018-01-29 12:30,TSP,2.72
한국중부발전㈜신보령발전본부,1,2018-01-29 12:30,SOx,24.09
한국중부발전㈜신보령발전본부,1,2018-01-29 12:30,NOx,14.6
한국중부발전㈜신보령발전본부,1,2018-01-29 13:00,TSP,2.78
한국중부발전㈜신보령발전본부,1,2018-01-29 13:00,SOx,23.53
한국중부발전㈜신보령발전본부,1,2018-01-29 13:00,NOx,15.23
한국중부발전㈜신보령발전본부,1,2018-01-29 13:30,TSP,2.81
한국중부발전㈜신보령발전본부,1,2018-01-29 13:30,SOx,22.85
한국중부발전㈜신보령발전본부,1,2018-01-29 13:30,NOx,15.47
한국중부발전㈜신보령발전본부,1,2018-01-29 14:00,TSP,2.75
한국중부발전㈜신보령발전본부,1,2018-01-29 14:00,SOx,22.42
한국중부발전㈜신보령발전본부,1,2018-01-29 14:00,NOx,15.65
한국중부발전㈜신보령발전본부,1,2018-01-29 14:30,TSP,2.75
한국중부발전㈜신보령발전본부,1,2018-01-29 14:30,SOx,22.18
한국중부발전㈜신보령발전본부,1,2018-01-29 14:30,NOx,18.82
한국중부발전㈜신보령발전본부,1,2018-01-29 15:00,TSP,2.79
한국중부발전㈜신보령발전본부,1,2018-01-29 15:00,SOx,21.67
한국중부발전㈜신보령발전본부,1,2018-01-29 15:00,NOx,18.19
한국중부발전㈜신보령발전본부,1,2018-01-29 15:30,TSP,2.78
한국중부발전㈜신보령발전본부,1,2018-01-29 15:30,SOx,21.59
한국중부발전㈜신보령발전본부,1,2018-01-29 15:30,NOx,20.47
한국중부발전㈜신보령발전본부,1,2018-01-29 16:00,TSP,2.83
한국중부발전㈜신보령발전본부,1,2018-01-29 16:00,SOx,21.48
한국중부발전㈜신보령발전본부,1,2018-01-29 16:00,NOx,19.67
한국중부발전㈜신보령발전본부,1,2018-01-29 16:30,TSP,2.87
한국중부발전㈜신보령발전본부,1,2018-01-29 16:30,SOx,21.68
한국중부발전㈜신보령발전본부,1,2018-01-29 16:30,NOx,18.38
한국중부발전㈜신보령발전본부,1,2018-01-29 17:00,TSP,2.91
한국중부발전㈜신보령발전본부,1,2018-01-29 17:00,SOx,21.83
한국중부발전㈜신보령발전본부,1,2018-01-29 17:00,NOx,19.83
한국중부발전㈜신보령발전본부,1,2018-01-29 17:30,TSP,2.95
한국중부발전㈜신보령발전본부,1,2018-01-29 17:30,SOx,21.66
한국중부발전㈜신보령발전본부,1,2018-01-29 17:30,NOx,18.88
한국중부발전㈜신보령발전본부,1,2018-01-29 18:00,TSP,3.1
한국중부발전㈜신보령발전본부,1,2018-01-29 18:00,SOx,21.06
한국중부발전㈜신보령발전본부,1,2018-01-29 18:00,NOx,17.55
한국중부발전㈜신보령발전본부,1,2018-01-29 18:30,TSP,2.89
한국중부발전㈜신보령발전본부,1,2018-01-29 18:30,SOx,20.59
한국중부발전㈜신보령발전본부,1,2018-01-29 18:30,NOx,17.14
한국중부발전㈜신보령발전본부,1,2018-01-29 19:00,TSP,2.87
한국중부발전㈜신보령발전본부,1,2018-01-29 19:00,SOx,20.54
한국중부발전㈜신보령발전본부,1,2018-01-29 19:00,NOx,15.12
한국중부발전㈜신보령발전본부,1,2018-01-29 19:30,TSP,2.82
한국중부발전㈜신보령발전본부,1,2018-01-29 19:30,SOx,20.46
한국중부발전㈜신보령발전본부,1,2018-01-29 19:30,NOx,14.86
한국중부발전㈜신보령발전본부,1,2018-01-29 20:00,TSP,2.8
한국중부발전㈜신보령발전본부,1,2018-01-29 20:00,SOx,20.66
한국중부발전㈜신보령발전본부,1,2018-01-29 20:00,NOx,14.79
한국중부발전㈜신보령발전본부,1,2018-01-29 20:30,TSP,2.86
한국중부발전㈜신보령발전본부,1,2018-01-29 20:30,SOx,20.78
한국중부발전㈜신보령발전본부,1,2018-01-29 20:30,NOx,15.6
한국중부발전㈜신보령발전본부,1,2018-01-29 21:00,TSP,2.86
한국중부발전㈜신보령발전본부,1,2018-01-29 21:00,SOx,20.95
한국중부발전㈜신보령발전본부,1,2018-01-29 21:00,NOx,16.08
한국중부발전㈜신보령발전본부,1,2018-01-29 21:30,TSP,2.89
한국중부발전㈜신보령발전본부,1,2018-01-29 21:30,SOx,21.08
한국중부발전㈜신보령발전본부,1,2018-01-29 21:30,NOx,16.79
한국중부발전㈜신보령발전본부,1,2018-01-29 22:00,TSP,2.89
한국중부발전㈜신보령발전본부,1,2018-01-29 22:00,SOx,20.86
한국중부발전㈜신보령발전본부,1,2018-01-29 22:00,NOx,17.29
한국중부발전㈜신보령발전본부,1,2018-01-29 22:30,TSP,2.84
한국중부발전㈜신보령발전본부,1,2018-01-29 22:30,SOx,20.83
한국중부발전㈜신보령발전본부,1,2018-01-29 22:30,NOx,17.63
한국중부발전㈜신보령발전본부,1,2018-01-29 23:00,TSP,2.81
한국중부발전㈜신보령발전본부,1,2018-01-29 23:00,SOx,20.98
한국중부발전㈜신보령발전본부,1,2018-01-29 23:00,NOx,17.46
한국중부발전㈜신보령발전본부,1,2018-01-29 23:30,TSP,2.8
한국중부발전㈜신보령발전본부,1,2018-01-29 23:30,SOx,20.99
한국중부발전㈜신보령발전본부,1,2018-01-29 23:30,NOx,17.07
한국중부발전㈜신보령발전본부,1,2018-01-30 00:00,TSP,2.78
한국중부발전㈜신보령발전본부,1,2018-01-30 00:00,SOx,20.96
한국중부발전㈜신보령발전본부,1,2018-01-30 00:00,NOx,15.92
한국중부발전㈜신보령발전본부,1,2018-01-30 00:30,TSP,2.81
한국중부발전㈜신보령발전본부,1,2018-01-30 00:30,SOx,21.0
한국중부발전㈜신보령발전본부,1,2018-01-30 00:30,NOx,16.43
한국중부발전㈜신보령발전본부,1,2018-01-30 01:00,TSP,2.83
한국중부발전㈜신보령발전본부,1,2018-01-30 01:00,SOx,20.74
한국중부발전㈜신보령발전본부,1,2018-01-30 01:00,NOx,16.58
한국중부발전㈜신보령발전본부,1,2018-01-30 01:30,TSP,2.88
한국중부발전㈜신보령발전본부,1,2018-01-30 01:30,SOx,21.03
한국중부발전㈜신보령발전본부,1,2018-01-30 01:30,NOx,16.69
한국중부발전㈜신보령발전본부,1,2018-01-30 02:00,TSP,2.9
한국중부발전㈜신보령발전본부,1,2018-01-30 02:00,SOx,20.77
한국중부발전㈜신보령발전본부,1,2018-01-30 02:00,NOx,16.32
한국중부발전㈜신보령발전본부,1,2018-01-30 02:30,TSP,2.91
한국중부발전㈜신보령발전본부,1,2018-01-30 02:30,SOx,20.85
한국중부발전㈜신보령발전본부,1,2018-01-30 02:30,NOx,16.7
한국중부발전㈜신보령발전본부,1,2018-01-30 03:00,TSP,2.94
한국중부발전㈜신보령발전본부,1,2018-01-30 03:00,SOx,20.91
한국중부발전㈜신보령발전본부,1,2018-01-30 03:00,NOx,16.14
한국중부발전㈜신보령발전본부,1,2018-01-30 03:30,TSP,2.86
한국중부발전㈜신보령발전본부,1,2018-01-30 03:30,SOx,21.09
한국중부발전㈜신보령발전본부,1,2018-01-30 03:30,NOx,16.55
한국중부발전㈜신보령발전본부,1,2018-01-30 04:00,TSP,2.82
한국중부발전㈜신보령발전본부,1,2018-01-30 04:00,SOx,21.2
한국중부발전㈜신보령발전본부,1,2018-01-30 04:00,NOx,17.41
한국중부발전㈜신보령발전본부,1,2018-01-30 04:30,TSP,2.84
한국중부발전㈜신보령발전본부,1,2018-01-30 04:30,SOx,21.41
한국중부발전㈜신보령발전본부,1,2018-01-30 04:30,NOx,18.71
한국중부발전㈜신보령발전본부,1,2018-01-30 05:00,TSP,2.85
한국중부발전㈜신보령발전본부,1,2018-01-30 05:00,SOx,21.58
한국중부발전㈜신보령발전본부,1,2018-01-30 05:00,NOx,17.67
한국중부발전㈜신보령발전본부,1,2018-01-30 05:30,TSP,2.88
한국중부발전㈜신보령발전본부,1,2018-01-30 05:30,SOx,21.49
한국중부발전㈜신보령발전본부,1,2018-01-30 05:30,NOx,17.58
한국중부발전㈜신보령발전본부,1,2018-01-30 06:00,TSP,2.88
한국중부발전㈜신보령발전본부,1,2018-01-30 06:00,SOx,21.6
한국중부발전㈜신보령발전본부,1,2018-01-30 06:00,NOx,16.86
한국중부발전㈜신보령발전본부,1,2018-01-30 06:30,TSP,2.84
한국중부발전㈜신보령발전본부,1,2018-01-30 06:30,SOx,21.66
한국중부발전㈜신보령발전본부,1,2018-01-30 06:30,NOx,17.05
한국중부발전㈜신보령발전본부,1,2018-01-30 07:00,TSP,2.86
한국중부발전㈜신보령발전본부,1,2018-01-30 07:00,SOx,21.58
한국중부발전㈜신보령발전본부,1,2018-01-30 07:00,NOx,16.35
한국중부발전㈜신보령발전본부,1,2018-01-30 07:30,TSP,2.79
한국중부발전㈜신보령발전본부,1,2018-01-30 07:30,SOx,22.18
한국중부발전㈜신보령발전본부,1,2018-01-30 07:30,NOx,17.21
한국중부발전㈜신보령발전본부,1,2018-01-30 08:00,TSP,2.78
한국중부발전㈜신보령발전본부,1,2018-01-30 08:00,SOx,24.23
한국중부발전㈜신보령발전본부,1,2018-01-30 08:00,NOx,16.29
한국중부발전㈜신보령발전본부,1,2018-01-30 08:30,TSP,2.8
한국중부발전㈜신보령발전본부,1,2018-01-30 08:30,SOx,25.76
한국중부발전㈜신보령발전본부,1,2018-01-30 08:30,NOx,16.89
한국중부발전㈜신보령발전본부,1,2018-01-30 09:00,TSP,2.81
한국중부발전㈜신보령발전본부,1,2018-01-30 09:00,SOx,25.43
한국중부발전㈜신보령발전본부,1,2018-01-30 09:00,NOx,18.49
한국중부발전㈜신보령발전본부,1,2018-01-30 09:30,TSP,2.86
한국중부발전㈜신보령발전본부,1,2018-01-30 09:30,SOx,25.73
한국중부발전㈜신보령발전본부,1,2018-01-30 09:30,NOx,18.25
한국중부발전㈜신보령발전본부,1,2018-01-30 10:00,TSP,2.9
한국중부발전㈜신보령발전본부,1,2018-01-30 10:00,SOx,26.16
한국중부발전㈜신보령발전본부,1,2018-01-30 10:00,NOx,18.5
한국중부발전㈜신보령발전본부,1,2018-01-30 10:30,TSP,2.89
한국중부발전㈜신보령발전본부,1,2018-01-30 10:30,SOx,26.39
한국중부발전㈜신보령발전본부,1,2018-01-30 10:30,NOx,17.14
한국중부발전㈜신보령발전본부,1,2018-01-30 11:00,TSP,2.96
한국중부발전㈜신보령발전본부,1,2018-01-30 11:00,SOx,26.49
한국중부발전㈜신보령발전본부,1,2018-01-30 11:00,NOx,18.0
한국중부발전㈜신보령발전본부,1,2018-01-30 11:30,TSP,2.9
한국중부발전㈜신보령발전본부,1,2018-01-30 11:30,SOx,26.48
한국중부발전㈜신보령발전본부,1,2018-01-30 11:30,NOx,17.16
한국중부발전㈜신보령발전본부,1,2018-01-30 12:00,TSP,2.91
한국중부발전㈜신보령발전본부,1,2018-01-30 12:00,SOx,26.52
한국중부발전㈜신보령발전본부,1,2018-01-30 12:00,NOx,16.86
한국중부발전㈜신보령발전본부,1,2018-01-30 12:30,TSP,2.94
한국중부발전㈜신보령발전본부,1,2018-01-30 12:30,SOx,26.98
한국중부발전㈜신보령발전본부,1,2018-01-30 12:30,NOx,17.48
한국중부발전㈜신보령발전본부,1,2018-01-30 13:00,TSP,2.9
한국중부발전㈜신보령발전본부,1,2018-01-30 13:00,SOx,27.04
한국중부발전㈜신보령발전본부,1,2018-01-30 13:00,NOx,17.23
한국중부발전㈜신보령발전본부,1,2018-01-30 13:30,TSP,2.92
한국중부발전㈜신보령발전본부,1,2018-01-30 13:30,SOx,27.31
한국중부발전㈜신보령발전본부,1,2018-01-30 13:30,NOx,16.97
한국중부발전㈜신보령발전본부,1,2018-01-30 14:00,TSP,2.94
한국중부발전㈜신보령발전본부,1,2018-01-30 14:00,SOx,27.8
한국중부발전㈜신보령발전본부,1,2018-01-30 14:00,NOx,16.8
한국중부발전㈜신보령발전본부,1,2018-01-30 14:30,TSP,2.92
한국중부발전㈜신보령발전본부,1,2018-01-30 14:30,SOx,26.15
한국중부발전㈜신보령발전본부,1,2018-01-30 14:30,NOx,16.87
한국중부발전㈜신보령발전본부,1,2018-01-30 15:00,TSP,2.92
한국중부발전㈜신보령발전본부,1,2018-01-30 15:00,SOx,26.28
한국중부발전㈜신보령발전본부,1,2018-01-30 15:00,NOx,15.64
한국중부발전㈜신보령발전본부,1,2018-01-30 15:30,TSP,2.9
한국중부발전㈜신보령발전본부,1,2018-01-30 15:30,SOx,26.49
한국중부발전㈜신보령발전본부,1,2018-01-30 15:30,NOx,14.99
한국중부발전㈜신보령발전본부,1,2018-01-30 16:00,TSP,2.93
한국중부발전㈜신보령발전본부,1,2018-01-30 16:00,SOx,26.36
한국중부발전㈜신보령발전본부,1,2018-01-30 16:00,NOx,15.97
한국중부발전㈜신보령발전본부,1,2018-01-30 16:30,TSP,2.88
한국중부발전㈜신보령발전본부,1,2018-01-30 16:30,SOx,26.06
한국중부발전㈜신보령발전본부,1,2018-01-30 16:30,NOx,15.97
한국중부발전㈜신보령발전본부,1,2018-01-30 17:00,TSP,2.91
한국중부발전㈜신보령발전본부,1,2018-01-30 17:00,SOx,25.6
한국중부발전㈜신보령발전본부,1,2018-01-30 17:00,NOx,14.38
한국중부발전㈜신보령발전본부,1,2018-01-30 17:30,TSP,2.95
한국중부발전㈜신보령발전본부,1,2018-01-30 17:30,SOx,25.6
한국중부발전㈜신보령발전본부,1,2018-01-30 17:30,NOx,16.27
한국중부발전㈜신보령발전본부,1,2018-01-30 18:00,TSP,2.96
한국중부발전㈜신보령발전본부,1,2018-01-30 18:00,SOx,25.48
한국중부발전㈜신보령발전본부,1,2018-01-30 18:00,NOx,15.67
한국중부발전㈜신보령발전본부,1,2018-01-30 18:30,TSP,2.97
한국중부발전㈜신보령발전본부,1,2018-01-30 18:30,SOx,25.3
한국중부발전㈜신보령발전본부,1,2018-01-30 18:30,NOx,16.82
한국중부발전㈜신보령발전본부,1,2018-01-30 19:00,TSP,3.09
한국중부발전㈜신보령발전본부,1,2018-01-30 19:00,SOx,24.91
한국중부발전㈜신보령발전본부,1,2018-01-30 19:00,NOx,17.01
한국중부발전㈜신보령발전본부,1,2018-01-30 19:30,TSP,2.96
한국중부발전㈜신보령발전본부,1,2018-01-30 19:30,SOx,25.33
한국중부발전㈜신보령발전본부,1,2018-01-30 19:30,NOx,16.32
한국중부발전㈜신보령발전본부,1,2018-01-30 20:00,TSP,2.96
한국중부발전㈜신보령발전본부,1,2018-01-30 20:00,SOx,25.61
한국중부발전㈜신보령발전본부,1,2018-01-30 20:00,NOx,14.99
한국중부발전㈜신보령발전본부,1,2018-01-30 20:30,TSP,2.97
한국중부발전㈜신보령발전본부,1,2018-01-30 20:30,SOx,26.25
한국중부발전㈜신보령발전본부,1,2018-01-30 20:30,NOx,14.58
한국중부발전㈜신보령발전본부,1,2018-01-30 21:00,TSP,3.02
한국중부발전㈜신보령발전본부,1,2018-01-30 21:00,SOx,26.31
한국중부발전㈜신보령발전본부,1,2018-01-30 21:00,NOx,13.44
한국중부발전㈜신보령발전본부,1,2018-01-30 21:30,TSP,2.99
한국중부발전㈜신보령발전본부,1,2018-01-30 21:30,SOx,26.11
한국중부발전㈜신보령발전본부,1,2018-01-30 21:30,NOx,13.88
한국중부발전㈜신보령발전본부,1,2018-01-30 22:00,TSP,2.98
한국중부발전㈜신보령발전본부,1,2018-01-30 22:00,SOx,24.31
한국중부발전㈜신보령발전본부,1,2018-01-30 22:00,NOx,14.08
한국중부발전㈜신보령발전본부,1,2018-01-30 22:30,TSP,2.91
한국중부발전㈜신보령발전본부,1,2018-01-30 22:30,SOx,23.47
한국중부발전㈜신보령발전본부,1,2018-01-30 22:30,NOx,15.52
한국중부발전㈜신보령발전본부,1,2018-01-30 23:00,TSP,2.88
한국중부발전㈜신보령발전본부,1,2018-01-30 23:00,SOx,22.92
한국중부발전㈜신보령발전본부,1,2018-01-30 23:00,NOx,15.42
한국중부발전㈜신보령발전본부,1,2018-01-30 23:30,TSP,2.97
한국중부발전㈜신보령발전본부,1,2018-01-30 23:30,SOx,22.24
한국중부발전㈜신보령발전본부,1,2018-01-30 23:30,NOx,15.77
한국중부발전㈜신보령발전본부,1,2018-01-31 00:00,TSP,2.93
한국중부발전㈜신보령발전본부,1,2018-01-31 00:00,SOx,21.85
한국중부발전㈜신보령발전본부,1,2018-01-31 00:00,NOx,16.32
한국중부발전㈜신보령발전본부,1,2018-01-31 00:30,TSP,2.98
한국중부발전㈜신보령발전본부,1,2018-01-31 00:30,SOx,21.89
한국중부발전㈜신보령발전본부,1,2018-01-31 00:30,NOx,12.44
한국중부발전㈜신보령발전본부,1,2018-01-31 01:00,TSP,2.97
한국중부발전㈜신보령발전본부,1,2018-01-31 01:00,SOx,21.86
한국중부발전㈜신보령발전본부,1,2018-01-31 01:00,NOx,16.06
한국중부발전㈜신보령발전본부,1,2018-01-31 01:30,TSP,2.92
한국중부발전㈜신보령발전본부,1,2018-01-31 01:30,SOx,22.51
한국중부발전㈜신보령발전본부,1,2018-01-31 01:30,NOx,16.5
한국중부발전㈜신보령발전본부,1,2018-01-31 02:00,TSP,2.93
한국중부발전㈜신보령발전본부,1,2018-01-31 02:00,SOx,22.73
한국중부발전㈜신보령발전본부,1,2018-01-31 02:00,NOx,16.12
한국중부발전㈜신보령발전본부,1,2018-01-31 02:30,TSP,2.96
한국중부발전㈜신보령발전본부,1,2018-01-31 02:30,SOx,22.62
한국중부발전㈜신보령발전본부,1,2018-01-31 02:30,NOx,14.03
한국중부발전㈜신보령발전본부,1,2018-01-31 03:00,TSP,3.05
한국중부발전㈜신보령발전본부,1,2018-01-31 03:00,SOx,22.55
한국중부발전㈜신보령발전본부,1,2018-01-31 03:00,NOx,17.81
한국중부발전㈜신보령발전본부,1,2018-01-31 03:30,TSP,3.02
한국중부발전㈜신보령발전본부,1,2018-01-31 03:30,SOx,22.93
한국중부발전㈜신보령발전본부,1,2018-01-31 03:30,NOx,18.05
한국중부발전㈜신보령발전본부,1,2018-01-31 04:00,TSP,3.02
한국중부발전㈜신보령발전본부,1,2018-01-31 04:00,SOx,23.28
한국중부발전㈜신보령발전본부,1,2018-01-31 04:00,NOx,18.1
한국중부발전㈜신보령발전본부,1,2018-01-31 04:30,TSP,3.0
한국중부발전㈜신보령발전본부,1,2018-01-31 04:30,SOx,23.56
한국중부발전㈜신보령발전본부,1,2018-01-31 04:30,NOx,17.34
한국중부발전㈜신보령발전본부,1,2018-01-31 05:00,TSP,2.98
한국중부발전㈜신보령발전본부,1,2018-01-31 05:00,SOx,22.88
한국중부발전㈜신보령발전본부,1,2018-01-31 05:00,NOx,15.71
한국중부발전㈜신보령발전본부,1,2018-01-31 05:30,TSP,3.01
한국중부발전㈜신보령발전본부,1,2018-01-31 05:30,SOx,21.29
한국중부발전㈜신보령발전본부,1,2018-01-31 05:30,NOx,13.81
한국중부발전㈜신보령발전본부,1,2018-01-31 06:00,TSP,2.98
한국중부발전㈜신보령발전본부,1,2018-01-31 06:00,SOx,21.0
한국중부발전㈜신보령발전본부,1,2018-01-31 06:00,NOx,12.41
한국중부발전㈜신보령발전본부,1,2018-01-31 06:30,TSP,2.93
한국중부발전㈜신보령발전본부,1,2018-01-31 06:30,SOx,22.04
한국중부발전㈜신보령발전본부,1,2018-01-31 06:30,NOx,12.97
한국중부발전㈜신보령발전본부,1,2018-01-31 07:00,TSP,2.83
한국중부발전㈜신보령발전본부,1,2018-01-31 07:00,SOx,22.53
한국중부발전㈜신보령발전본부,1,2018-01-31 07:00,NOx,12.54
한국중부발전㈜신보령발전본부,1,2018-01-31 07:30,TSP,2.87
한국중부발전㈜신보령발전본부,1,2018-01-31 07:30,SOx,22.09
한국중부발전㈜신보령발전본부,1,2018-01-31 07:30,NOx,11.84
한국중부발전㈜신보령발전본부,1,2018-01-31 08:00,TSP,2.9
한국중부발전㈜신보령발전본부,1,2018-01-31 08:00,SOx,22.84
한국중부발전㈜신보령발전본부,1,2018-01-31 08:00,NOx,13.86
한국중부발전㈜신보령발전본부,1,2018-01-31 08:30,TSP,2.9
한국중부발전㈜신보령발전본부,1,2018-01-31 08:30,SOx,22.72
한국중부발전㈜신보령발전본부,1,2018-01-31 08:30,NOx,14.11
한국중부발전㈜신보령발전본부,1,2018-01-31 09:00,TSP,2.97
한국중부발전㈜신보령발전본부,1,2018-01-31 09:00,SOx,22.72
한국중부발전㈜신보령발전본부,1,2018-01-31 09:00,NOx,16.42
한국중부발전㈜신보령발전본부,1,2018-01-31 09:30,TSP,3.01
한국중부발전㈜신보령발전본부,1,2018-01-31 09:30,SOx,22.77
한국중부발전㈜신보령발전본부,1,2018-01-31 09:30,NOx,17.62
한국중부발전㈜신보령발전본부,1,2018-01-31 10:00,TSP,3.02
한국중부발전㈜신보령발전본부,1,2018-01-31 10:00,SOx,22.85
한국중부발전㈜신보령발전본부,1,2018-01-31 10:00,NOx,17.07
한국중부발전㈜신보령발전본부,1,2018-01-31 10:30,TSP,3.05
한국중부발전㈜신보령발전본부,1,2018-01-31 10:30,SOx,23.09
한국중부발전㈜신보령발전본부,1,2018-01-31 10:30,NOx,15.68
한국중부발전㈜신보령발전본부,1,2018-01-31 11:00,TSP,3.15
한국중부발전㈜신보령발전본부,1,2018-01-31 11:00,SOx,23.25
한국중부발전㈜신보령발전본부,1,2018-01-31 11:00,NOx,18.83
한국중부발전㈜신보령발전본부,1,2018-01-31 11:30,TSP,3.07
한국중부발전㈜신보령발전본부,1,2018-01-31 11:30,SOx,23.97
한국중부발전㈜신보령발전본부,1,2018-01-31 11:30,NOx,16.19
한국중부발전㈜신보령발전본부,1,2018-01-31 12:00,TSP,3.09
한국중부발전㈜신보령발전본부,1,2018-01-31 12:00,SOx,23.99
한국중부발전㈜신보령발전본부,1,2018-01-31 12:00,NOx,15.47
한국중부발전㈜신보령발전본부,1,2018-01-31 12:30,TSP,3.08
한국중부발전㈜신보령발전본부,1,2018-01-31 12:30,SOx,24.09
한국중부발전㈜신보령발전본부,1,2018-01-31 12:30,NOx,16.76
한국중부발전㈜신보령발전본부,1,2018-01-31 13:00,TSP,3.01
한국중부발전㈜신보령발전본부,1,2018-01-31 13:00,SOx,24.21
한국중부발전㈜신보령발전본부,1,2018-01-31 13:00,NOx,17.37
한국중부발전㈜신보령발전본부,1,2018-01-31 13:30,TSP,3.03
한국중부발전㈜신보령발전본부,1,2018-01-31 13:30,SOx,23.92
한국중부발전㈜신보령발전본부,1,2018-01-31 13:30,NOx,16.08
한국중부발전㈜신보령발전본부,1,2018-01-31 14:00,TSP,3.01
한국중부발전㈜신보령발전본부,1,2018-01-31 14:00,SOx,23.52
한국중부발전㈜신보령발전본부,1,2018-01-31 14:00,NOx,15.84
한국중부발전㈜신보령발전본부,1,2018-01-31 14:30,TSP,3.0
한국중부발전㈜신보령발전본부,1,2018-01-31 14:30,SOx,23.65
한국중부발전㈜신보령발전본부,1,2018-01-31 14:30,NOx,16.15
한국중부발전㈜신보령발전본부,1,2018-01-31 15:00,TSP,3.01
한국중부발전㈜신보령발전본부,1,2018-01-31 15:00,SOx,23.57
한국중부발전㈜신보령발전본부,1,2018-01-31 15:00,NOx,19.77
한국중부발전㈜신보령발전본부,1,2018-01-31 15:30,TSP,2.95
한국중부발전㈜신보령발전본부,1,2018-01-31 15:30,SOx,22.61
한국중부발전㈜신보령발전본부,1,2018-01-31 15:30,NOx,16.92
한국중부발전㈜신보령발전본부,1,2018-01-31 16:00,TSP,3.12
한국중부발전㈜신보령발전본부,1,2018-01-31 16:00,SOx,23.62
한국중부발전㈜신보령발전본부,1,2018-01-31 16:00,NOx,13.15
한국중부발전㈜신보령발전본부,1,2018-01-31 16:30,TSP,3.1
한국중부발전㈜신보령발전본부,1,2018-01-31 16:30,SOx,22.84
한국중부발전㈜신보령발전본부,1,2018-01-31 16:30,NOx,17.01
한국중부발전㈜신보령발전본부,1,2018-01-31 17:00,TSP,3.08
한국중부발전㈜신보령발전본부,1,2018-01-31 17:00,SOx,22.73
한국중부발전㈜신보령발전본부,1,2018-01-31 17:00,NOx,17.2
한국중부발전㈜신보령발전본부,1,2018-01-31 17:30,TSP,3.07
한국중부발전㈜신보령발전본부,1,2018-01-31 17:30,SOx,22.54
한국중부발전㈜신보령발전본부,1,2018-01-31 17:30,NOx,17.8
한국중부발전㈜신보령발전본부,1,2018-01-31 18:00,TSP,3.05
한국중부발전㈜신보령발전본부,1,2018-01-31 18:00,SOx,22.64
한국중부발전㈜신보령발전본부,1,2018-01-31 18:00,NOx,17.02
한국중부발전㈜신보령발전본부,1,2018-01-31 18:30,TSP,3.08
한국중부발전㈜신보령발전본부,1,2018-01-31 18:30,SOx,22.15
한국중부발전㈜신보령발전본부,1,2018-01-31 18:30,NOx,14.89
한국중부발전㈜신보령발전본부,1,2018-01-31 19:00,TSP,3.26
한국중부발전㈜신보령발전본부,1,2018-01-31 19:00,SOx,22.93
한국중부발전㈜신보령발전본부,1,2018-01-31 19:00,NOx,14.46
한국중부발전㈜신보령발전본부,1,2018-01-31 19:30,TSP,3.11
한국중부발전㈜신보령발전본부,1,2018-01-31 19:30,SOx,22.59
한국중부발전㈜신보령발전본부,1,2018-01-31 19:30,NOx,14.13
한국중부발전㈜신보령발전본부,1,2018-01-31 20:00,TSP,3.17
한국중부발전㈜신보령발전본부,1,2018-01-31 20:00,SOx,22.56
한국중부발전㈜신보령발전본부,1,2018-01-31 20:00,NOx,13.95
한국중부발전㈜신보령발전본부,1,2018-01-31 20:30,TSP,3.17
한국중부발전㈜신보령발전본부,1,2018-01-31 20:30,SOx,23.18
한국중부발전㈜신보령발전본부,1,2018-01-31 20:30,NOx,13.91
한국중부발전㈜신보령발전본부,1,2018-01-31 21:00,TSP,3.18
한국중부발전㈜신보령발전본부,1,2018-01-31 21:00,SOx,23.22
한국중부발전㈜신보령발전본부,1,2018-01-31 21:00,NOx,13.17
한국중부발전㈜신보령발전본부,1,2018-01-31 21:30,TSP,3.23
한국중부발전㈜신보령발전본부,1,2018-01-31 21:30,SOx,22.8
한국중부발전㈜신보령발전본부,1,2018-01-31 21:30,NOx,12.71
한국중부발전㈜신보령발전본부,1,2018-01-31 22:00,TSP,3.19
한국중부발전㈜신보령발전본부,1,2018-01-31 22:00,SOx,22.61
한국중부발전㈜신보령발전본부,1,2018-01-31 22:00,NOx,12.21
한국중부발전㈜신보령발전본부,1,2018-01-31 22:30,TSP,3.09
한국중부발전㈜신보령발전본부,1,2018-01-31 22:30,SOx,22.4
한국중부발전㈜신보령발전본부,1,2018-01-31 22:30,NOx,12.49
한국중부발전㈜신보령발전본부,1,2018-01-31 23:00,TSP,3.07
한국중부발전㈜신보령발전본부,1,2018-01-31 23:00,SOx,22.21
한국중부발전㈜신보령발전본부,1,2018-01-31 23:00,NOx,13.43
한국중부발전㈜신보령발전본부,1,2018-01-31 23:30,TSP,2.99
한국중부발전㈜신보령발전본부,1,2018-01-31 23:30,SOx,22.5
한국중부발전㈜신보령발전본부,1,2018-01-31 23:30,NOx,12.99
한국중부발전㈜신보령발전본부,1,2018-02-01 00:00,TSP,2.96
한국중부발전㈜신보령발전본부,1,2018-02-01 00:00,SOx,22.48
한국중부발전㈜신보령발전본부,1,2018-02-01 00:00,NOx,13.04
한국중부발전㈜신보령발전본부,1,2018-02-01 00:30,TSP,2.95
한국중부발전㈜신보령발전본부,1,2018-02-01 00:30,SOx,22.86
한국중부발전㈜신보령발전본부,1,2018-02-01 00:30,NOx,12.87
한국중부발전㈜신보령발전본부,1,2018-02-01 01:00,TSP,2.92
한국중부발전㈜신보령발전본부,1,2018-02-01 01:00,SOx,23.49
한국중부발전㈜신보령발전본부,1,2018-02-01 01:00,NOx,12.73
한국중부발전㈜신보령발전본부,1,2018-02-01 01:30,TSP,2.94
한국중부발전㈜신보령발전본부,1,2018-02-01 01:30,SOx,23.74
한국중부발전㈜신보령발전본부,1,2018-02-01 01:30,NOx,13.19
한국중부발전㈜신보령발전본부,1,2018-02-01 02:00,TSP,2.92
한국중부발전㈜신보령발전본부,1,2018-02-01 02:00,SOx,24.16
한국중부발전㈜신보령발전본부,1,2018-02-01 02:00,NOx,13.31
한국중부발전㈜신보령발전본부,1,2018-02-01 02:30,TSP,2.94
한국중부발전㈜신보령발전본부,1,2018-02-01 02:30,SOx,24.05
한국중부발전㈜신보령발전본부,1,2018-02-01 02:30,NOx,13.98
한국중부발전㈜신보령발전본부,1,2018-02-01 03:00,TSP,2.91
한국중부발전㈜신보령발전본부,1,2018-02-01 03:00,SOx,24.24
한국중부발전㈜신보령발전본부,1,2018-02-01 03:00,NOx,14.53
한국중부발전㈜신보령발전본부,1,2018-02-01 03:30,TSP,2.94
한국중부발전㈜신보령발전본부,1,2018-02-01 03:30,SOx,24.82
한국중부발전㈜신보령발전본부,1,2018-02-01 03:30,NOx,14.36
한국중부발전㈜신보령발전본부,1,2018-02-01 04:00,TSP,2.88
한국중부발전㈜신보령발전본부,1,2018-02-01 04:00,SOx,24.84
한국중부발전㈜신보령발전본부,1,2018-02-01 04:00,NOx,14.06
한국중부발전㈜신보령발전본부,1,2018-02-01 04:30,TSP,2.92
한국중부발전㈜신보령발전본부,1,2018-02-01 04:30,SOx,24.49
한국중부발전㈜신보령발전본부,1,2018-02-01 04:30,NOx,13.52
한국중부발전㈜신보령발전본부,1,2018-02-01 05:00,TSP,2.9
한국중부발전㈜신보령발전본부,1,2018-02-01 05:00,SOx,22.24
한국중부발전㈜신보령발전본부,1,2018-02-01 05:00,NOx,11.89
한국중부발전㈜신보령발전본부,1,2018-02-01 05:30,TSP,2.9
한국중부발전㈜신보령발전본부,1,2018-02-01 05:30,SOx,21.28
한국중부발전㈜신보령발전본부,1,2018-02-01 05:30,NOx,12.79
한국중부발전㈜신보령발전본부,1,2018-02-01 06:00,TSP,2.85
한국중부발전㈜신보령발전본부,1,2018-02-01 06:00,SOx,20.08
한국중부발전㈜신보령발전본부,1,2018-02-01 06:00,NOx,11.21
한국중부발전㈜신보령발전본부,1,2018-02-01 06:30,TSP,2.81
한국중부발전㈜신보령발전본부,1,2018-02-01 06:30,SOx,20.05
한국중부발전㈜신보령발전본부,1,2018-02-01 06:30,NOx,11.4
한국중부발전㈜신보령발전본부,1,2018-02-01 07:00,TSP,2.82
한국중부발전㈜신보령발전본부,1,2018-02-01 07:00,SOx,20.3
한국중부발전㈜신보령발전본부,1,2018-02-01 07:00,NOx,12.42
한국중부발전㈜신보령발전본부,1,2018-02-01 07:30,TSP,2.76
한국중부발전㈜신보령발전본부,1,2018-02-01 07:30,SOx,22.22
한국중부발전㈜신보령발전본부,1,2018-02-01 07:30,NOx,14.7
한국중부발전㈜신보령발전본부,1,2018-02-01 08:00,TSP,2.77
한국중부발전㈜신보령발전본부,1,2018-02-01 08:00,SOx,22.18
한국중부발전㈜신보령발전본부,1,2018-02-01 08:00,NOx,15.51
한국중부발전㈜신보령발전본부,1,2018-02-01 08:30,TSP,2.82
한국중부발전㈜신보령발전본부,1,2018-02-01 08:30,SOx,22.57
한국중부발전㈜신보령발전본부,1,2018-02-01 08:30,NOx,14.67
한국중부발전㈜신보령발전본부,1,2018-02-01 09:00,TSP,2.83
한국중부발전㈜신보령발전본부,1,2018-02-01 09:00,SOx,23.0
한국중부발전㈜신보령발전본부,1,2018-02-01 09:00,NOx,14.26
한국중부발전㈜신보령발전본부,1,2018-02-01 09:30,TSP,2.83
한국중부발전㈜신보령발전본부,1,2018-02-01 09:30,SOx,23.07
한국중부발전㈜신보령발전본부,1,2018-02-01 09:30,NOx,16.11
한국중부발전㈜신보령발전본부,1,2018-02-01 10:00,TSP,2.83
한국중부발전㈜신보령발전본부,1,2018-02-01 10:00,SOx,24.3
한국중부발전㈜신보령발전본부,1,2018-02-01 10:00,NOx,16.44
한국중부발전㈜신보령발전본부,1,2018-02-01 10:30,TSP,2.83
한국중부발전㈜신보령발전본부,1,2018-02-01 10:30,SOx,23.97
한국중부발전㈜신보령발전본부,1,2018-02-01 10:30,NOx,14.49
한국중부발전㈜신보령발전본부,1,2018-02-01 11:00,TSP,2.85
한국중부발전㈜신보령발전본부,1,2018-02-01 11:00,SOx,23.54
한국중부발전㈜신보령발전본부,1,2018-02-01 11:00,NOx,14.28
한국중부발전㈜신보령발전본부,1,2018-02-01 11:30,TSP,2.87
한국중부발전㈜신보령발전본부,1,2018-02-01 11:30,SOx,23.12
한국중부발전㈜신보령발전본부,1,2018-02-01 11:30,NOx,14.82
한국중부발전㈜신보령발전본부,1,2018-02-01 12:00,TSP,2.83
한국중부발전㈜신보령발전본부,1,2018-02-01 12:00,SOx,22.67
한국중부발전㈜신보령발전본부,1,2018-02-01 12:00,NOx,14.39
한국중부발전㈜신보령발전본부,1,2018-02-01 12:30,TSP,2.84
한국중부발전㈜신보령발전본부,1,2018-02-01 12:30,SOx,22.38
한국중부발전㈜신보령발전본부,1,2018-02-01 12:30,NOx,13.99
한국중부발전㈜신보령발전본부,1,2018-02-01 13:00,TSP,2.84
한국중부발전㈜신보령발전본부,1,2018-02-01 13:00,SOx,22.1
한국중부발전㈜신보령발전본부,1,2018-02-01 13:00,NOx,13.88
한국중부발전㈜신보령발전본부,1,2018-02-01 13:30,TSP,2.85
한국중부발전㈜신보령발전본부,1,2018-02-01 13:30,SOx,21.77
한국중부발전㈜신보령발전본부,1,2018-02-01 13:30,NOx,14.12
한국중부발전㈜신보령발전본부,1,2018-02-01 14:00,TSP,2.88
한국중부발전㈜신보령발전본부,1,2018-02-01 14:00,SOx,21.9
한국중부발전㈜신보령발전본부,1,2018-02-01 14:00,NOx,13.9
한국중부발전㈜신보령발전본부,1,2018-02-01 14:30,TSP,2.87
한국중부발전㈜신보령발전본부,1,2018-02-01 14:30,SOx,22.33
한국중부발전㈜신보령발전본부,1,2018-02-01 14:30,NOx,13.0
한국중부발전㈜신보령발전본부,1,2018-02-01 15:00,TSP,2.88
한국중부발전㈜신보령발전본부,1,2018-02-01 15:00,SOx,22.47
한국중부발전㈜신보령발전본부,1,2018-02-01 15:00,NOx,13.45
한국중부발전㈜신보령발전본부,1,2018-02-01 15:30,TSP,3.07
한국중부발전㈜신보령발전본부,1,2018-02-01 15:30,SOx,22.41
한국중부발전㈜신보령발전본부,1,2018-02-01 15:30,NOx,14.83
한국중부발전㈜신보령발전본부,1,2018-02-01 16:00,TSP,2.97
한국중부발전㈜신보령발전본부,1,2018-02-01 16:00,SOx,22.39
한국중부발전㈜신보령발전본부,1,2018-02-01 16:00,NOx,14.12
한국중부발전㈜신보령발전본부,1,2018-02-01 16:30,TSP,2.99
한국중부발전㈜신보령발전본부,1,2018-02-01 16:30,SOx,22.85
한국중부발전㈜신보령발전본부,1,2018-02-01 16:30,NOx,14.43
한국중부발전㈜신보령발전본부,1,2018-02-01 17:00,TSP,3.03
한국중부발전㈜신보령발전본부,1,2018-02-01 17:00,SOx,22.74
한국중부발전㈜신보령발전본부,1,2018-02-01 17:00,NOx,14.37
한국중부발전㈜신보령발전본부,1,2018-02-01 17:30,TSP,3.04
한국중부발전㈜신보령발전본부,1,2018-02-01 17:30,SOx,22.67
한국중부발전㈜신보령발전본부,1,2018-02-01 17:30,NOx,14.2
한국중부발전㈜신보령발전본부,1,2018-02-01 18:00,TSP,3.05
한국중부발전㈜신보령발전본부,1,2018-02-01 18:00,SOx,22.83
한국중부발전㈜신보령발전본부,1,2018-02-01 18:00,NOx,15.89
한국중부발전㈜신보령발전본부,1,2018-02-01 18:30,TSP,3.0
한국중부발전㈜신보령발전본부,1,2018-02-01 18:30,SOx,22.88
한국중부발전㈜신보령발전본부,1,2018-02-01 18:30,NOx,15.21
한국중부발전㈜신보령발전본부,1,2018-02-01 19:00,TSP,2.88
한국중부발전㈜신보령발전본부,1,2018-02-01 19:00,SOx,23.05
한국중부발전㈜신보령발전본부,1,2018-02-01 19:00,NOx,16.18
한국중부발전㈜신보령발전본부,1,2018-02-01 19:30,TSP,2.9
한국중부발전㈜신보령발전본부,1,2018-02-01 19:30,SOx,23.35
한국중부발전㈜신보령발전본부,1,2018-02-01 19:30,NOx,16.34
한국중부발전㈜신보령발전본부,1,2018-02-01 20:00,TSP,2.92
한국중부발전㈜신보령발전본부,1,2018-02-01 20:00,SOx,23.94
한국중부발전㈜신보령발전본부,1,2018-02-01 20:00,NOx,16.51
한국중부발전㈜신보령발전본부,1,2018-02-01 20:30,TSP,2.89
한국중부발전㈜신보령발전본부,1,2018-02-01 20:30,SOx,24.5
한국중부발전㈜신보령발전본부,1,2018-02-01 20:30,NOx,16.5
한국중부발전㈜신보령발전본부,1,2018-02-01 21:00,TSP,2.89
한국중부발전㈜신보령발전본부,1,2018-02-01 21:00,SOx,25.11
한국중부발전㈜신보령발전본부,1,2018-02-01 21:00,NOx,13.94
한국중부발전㈜신보령발전본부,1,2018-02-01 21:30,TSP,2.88
한국중부발전㈜신보령발전본부,1,2018-02-01 21:30,SOx,26.14
한국중부발전㈜신보령발전본부,1,2018-02-01 21:30,NOx,14.58
한국중부발전㈜신보령발전본부,1,2018-02-01 22:00,TSP,2.86
한국중부발전㈜신보령발전본부,1,2018-02-01 22:00,SOx,26.84
한국중부발전㈜신보령발전본부,1,2018-02-01 22:00,NOx,12.79
한국중부발전㈜신보령발전본부,1,2018-02-01 22:30,TSP,2.86
한국중부발전㈜신보령발전본부,1,2018-02-01 22:30,SOx,27.02
한국중부발전㈜신보령발전본부,1,2018-02-01 22:30,NOx,13.12
한국중부발전㈜신보령발전본부,1,2018-02-01 23:00,TSP,2.85
한국중부발전㈜신보령발전본부,1,2018-02-01 23:00,SOx,26.98
한국중부발전㈜신보령발전본부,1,2018-02-01 23:00,NOx,13.07
한국중부발전㈜신보령발전본부,1,2018-02-01 23:30,TSP,2.85
한국중부발전㈜신보령발전본부,1,2018-02-01 23:30,SOx,26.9
한국중부발전㈜신보령발전본부,1,2018-02-01 23:30,NOx,14.01
한국중부발전㈜신보령발전본부,1,2018-02-02 00:00,TSP,2.9
한국중부발전㈜신보령발전본부,1,2018-02-02 00:00,SOx,26.57
한국중부발전㈜신보령발전본부,1,2018-02-02 00:00,NOx,13.24
한국중부발전㈜신보령발전본부,1,2018-02-02 00:30,TSP,2.88
한국중부발전㈜신보령발전본부,1,2018-02-02 00:30,SOx,26.15
한국중부발전㈜신보령발전본부,1,2018-02-02 00:30,NOx,14.9
한국중부발전㈜신보령발전본부,1,2018-02-02 01:00,TSP,2.84
한국중부발전㈜신보령발전본부,1,2018-02-02 01:00,SOx,25.57
한국중부발전㈜신보령발전본부,1,2018-02-02 01:00,NOx,15.55
한국중부발전㈜신보령발전본부,1,2018-02-02 01:30,TSP,2.82
한국중부발전㈜신보령발전본부,1,2018-02-02 01:30,SOx,25.59
한국중부발전㈜신보령발전본부,1,2018-02-02 01:30,NOx,16.22
한국중부발전㈜신보령발전본부,1,2018-02-02 02:00,TSP,2.8
한국중부발전㈜신보령발전본부,1,2018-02-02 02:00,SOx,25.15
한국중부발전㈜신보령발전본부,1,2018-02-02 02:00,NOx,16.52
한국중부발전㈜신보령발전본부,1,2018-02-02 02:30,TSP,2.82
한국중부발전㈜신보령발전본부,1,2018-02-02 02:30,SOx,24.83
한국중부발전㈜신보령발전본부,1,2018-02-02 02:30,NOx,15.91
한국중부발전㈜신보령발전본부,1,2018-02-02 03:00,TSP,2.83
한국중부발전㈜신보령발전본부,1,2018-02-02 03:00,SOx,24.35
한국중부발전㈜신보령발전본부,1,2018-02-02 03:00,NOx,15.61
한국중부발전㈜신보령발전본부,1,2018-02-02 03:30,TSP,2.81
한국중부발전㈜신보령발전본부,1,2018-02-02 03:30,SOx,24.0
한국중부발전㈜신보령발전본부,1,2018-02-02 03:30,NOx,14.74
한국중부발전㈜신보령발전본부,1,2018-02-02 04:00,TSP,2.82
한국중부발전㈜신보령발전본부,1,2018-02-02 04:00,SOx,23.64
한국중부발전㈜신보령발전본부,1,2018-02-02 04:00,NOx,13.89
한국중부발전㈜신보령발전본부,1,2018-02-02 04:30,TSP,2.81
한국중부발전㈜신보령발전본부,1,2018-02-02 04:30,SOx,23.51
한국중부발전㈜신보령발전본부,1,2018-02-02 04:30,NOx,14.69
한국중부발전㈜신보령발전본부,1,2018-02-02 05:00,TSP,2.81
한국중부발전㈜신보령발전본부,1,2018-02-02 05:00,SOx,23.42
한국중부발전㈜신보령발전본부,1,2018-02-02 05:00,NOx,15.03
한국중부발전㈜신보령발전본부,1,2018-02-02 05:30,TSP,2.82
한국중부발전㈜신보령발전본부,1,2018-02-02 05:30,SOx,23.54
한국중부발전㈜신보령발전본부,1,2018-02-02 05:30,NOx,15.02
한국중부발전㈜신보령발전본부,1,2018-02-02 06:00,TSP,2.77
한국중부발전㈜신보령발전본부,1,2018-02-02 06:00,SOx,23.27
한국중부발전㈜신보령발전본부,1,2018-02-02 06:00,NOx,15.6
한국중부발전㈜신보령발전본부,1,2018-02-02 06:30,TSP,2.78
한국중부발전㈜신보령발전본부,1,2018-02-02 06:30,SOx,22.89
한국중부발전㈜신보령발전본부,1,2018-02-02 06:30,NOx,16.85
한국중부발전㈜신보령발전본부,1,2018-02-02 07:00,TSP,2.82
한국중부발전㈜신보령발전본부,1,2018-02-02 07:00,SOx,22.01
한국중부발전㈜신보령발전본부,1,2018-02-02 07:00,NOx,16.8
한국중부발전㈜신보령발전본부,1,2018-02-02 07:30,TSP,2.79
한국중부발전㈜신보령발전본부,1,2018-02-02 07:30,SOx,22.22
한국중부발전㈜신보령발전본부,1,2018-02-02 07:30,NOx,18.39
한국중부발전㈜신보령발전본부,1,2018-02-02 08:00,TSP,2.82
한국중부발전㈜신보령발전본부,1,2018-02-02 08:00,SOx,21.94
한국중부발전㈜신보령발전본부,1,2018-02-02 08:00,NOx,18.69
한국중부발전㈜신보령발전본부,1,2018-02-02 08:30,TSP,2.87
한국중부발전㈜신보령발전본부,1,2018-02-02 08:30,SOx,21.88
한국중부발전㈜신보령발전본부,1,2018-02-02 08:30,NOx,20.45
한국중부발전㈜신보령발전본부,1,2018-02-02 09:00,TSP,2.84
한국중부발전㈜신보령발전본부,1,2018-02-02 09:00,SOx,21.43
한국중부발전㈜신보령발전본부,1,2018-02-02 09:00,NOx,19.06
한국중부발전㈜신보령발전본부,1,2018-02-02 09:30,TSP,2.86
한국중부발전㈜신보령발전본부,1,2018-02-02 09:30,SOx,20.92
한국중부발전㈜신보령발전본부,1,2018-02-02 09:30,NOx,19.41
한국중부발전㈜신보령발전본부,1,2018-02-02 10:00,TSP,2.83
한국중부발전㈜신보령발전본부,1,2018-02-02 10:00,SOx,20.65
한국중부발전㈜신보령발전본부,1,2018-02-02 10:00,NOx,19.03
한국중부발전㈜신보령발전본부,1,2018-02-02 10:30,TSP,2.85
한국중부발전㈜신보령발전본부,1,2018-02-02 10:30,SOx,20.36
한국중부발전㈜신보령발전본부,1,2018-02-02 10:30,NOx,18.49
한국중부발전㈜신보령발전본부,1,2018-02-02 11:00,TSP,2.87
한국중부발전㈜신보령발전본부,1,2018-02-02 11:00,SOx,20.13
한국중부발전㈜신보령발전본부,1,2018-02-02 11:00,NOx,18.63
한국중부발전㈜신보령발전본부,1,2018-02-02 11:30,TSP,2.86
한국중부발전㈜신보령발전본부,1,2018-02-02 11:30,SOx,19.87
한국중부발전㈜신보령발전본부,1,2018-02-02 11:30,NOx,18.14
한국중부발전㈜신보령발전본부,1,2018-02-02 12:00,TSP,2.86
한국중부발전㈜신보령발전본부,1,2018-02-02 12:00,SOx,20.02
한국중부발전㈜신보령발전본부,1,2018-02-02 12:00,NOx,17.89
한국중부발전㈜신보령발전본부,1,2018-02-02 12:30,TSP,2.84
한국중부발전㈜신보령발전본부,1,2018-02-02 12:30,SOx,20.2
한국중부발전㈜신보령발전본부,1,2018-02-02 12:30,NOx,17.31
한국중부발전㈜신보령발전본부,1,2018-02-02 13:00,TSP,2.84
한국중부발전㈜신보령발전본부,1,2018-02-02 13:00,SOx,20.44
한국중부발전㈜신보령발전본부,1,2018-02-02 13:00,NOx,17.66
한국중부발전㈜신보령발전본부,1,2018-02-02 13:30,TSP,2.9
한국중부발전㈜신보령발전본부,1,2018-02-02 13:30,SOx,20.83
한국중부발전㈜신보령발전본부,1,2018-02-02 13:30,NOx,17.63
한국중부발전㈜신보령발전본부,1,2018-02-02 14:00,TSP,2.95
한국중부발전㈜신보령발전본부,1,2018-02-02 14:00,SOx,21.02
한국중부발전㈜신보령발전본부,1,2018-02-02 14:00,NOx,18.28
한국중부발전㈜신보령발전본부,1,2018-02-02 14:30,TSP,2.88
한국중부발전㈜신보령발전본부,1,2018-02-02 14:30,SOx,21.5
한국중부발전㈜신보령발전본부,1,2018-02-02 14:30,NOx,17.55
한국중부발전㈜신보령발전본부,1,2018-02-02 15:00,TSP,2.95
한국중부발전㈜신보령발전본부,1,2018-02-02 15:00,SOx,21.41
한국중부발전㈜신보령발전본부,1,2018-02-02 15:00,NOx,16.9
한국중부발전㈜신보령발전본부,1,2018-02-02 15:30,TSP,2.92
한국중부발전㈜신보령발전본부,1,2018-02-02 15:30,SOx,21.38
한국중부발전㈜신보령발전본부,1,2018-02-02 15:30,NOx,16.61
한국중부발전㈜신보령발전본부,1,2018-02-02 16:00,TSP,2.94
한국중부발전㈜신보령발전본부,1,2018-02-02 16:00,SOx,21.36
한국중부발전㈜신보령발전본부,1,2018-02-02 16:00,NOx,17.56
한국중부발전㈜신보령발전본부,1,2018-02-02 16:30,TSP,2.94
한국중부발전㈜신보령발전본부,1,2018-02-02 16:30,SOx,21.07
한국중부발전㈜신보령발전본부,1,2018-02-02 16:30,NOx,17.28
한국중부발전㈜신보령발전본부,1,2018-02-02 17:00,TSP,3.0
한국중부발전㈜신보령발전본부,1,2018-02-02 17:00,SOx,21.09
한국중부발전㈜신보령발전본부,1,2018-02-02 17:00,NOx,18.01
한국중부발전㈜신보령발전본부,1,2018-02-02 17:30,TSP,3.05
한국중부발전㈜신보령발전본부,1,2018-02-02 17:30,SOx,20.57
한국중부발전㈜신보령발전본부,1,2018-02-02 17:30,NOx,17.32
한국중부발전㈜신보령발전본부,1,2018-02-02 18:00,TSP,3.0
한국중부발전㈜신보령발전본부,1,2018-02-02 18:00,SOx,20.48
한국중부발전㈜신보령발전본부,1,2018-02-02 18:00,NOx,16.69
한국중부발전㈜신보령발전본부,1,2018-02-02 18:30,TSP,2.93
한국중부발전㈜신보령발전본부,1,2018-02-02 18:30,SOx,20.43
한국중부발전㈜신보령발전본부,1,2018-02-02 18:30,NOx,17.11
한국중부발전㈜신보령발전본부,1,2018-02-02 19:00,TSP,2.99
한국중부발전㈜신보령발전본부,1,2018-02-02 19:00,SOx,20.67
한국중부발전㈜신보령발전본부,1,2018-02-02 19:00,NOx,16.48
한국중부발전㈜신보령발전본부,1,2018-02-02 19:30,TSP,2.93
한국중부발전㈜신보령발전본부,1,2018-02-02 19:30,SOx,20.98
한국중부발전㈜신보령발전본부,1,2018-02-02 19:30,NOx,17.28
한국중부발전㈜신보령발전본부,1,2018-02-02 20:00,TSP,2.95
한국중부발전㈜신보령발전본부,1,2018-02-02 20:00,SOx,21.42
한국중부발전㈜신보령발전본부,1,2018-02-02 20:00,NOx,18.16
한국중부발전㈜신보령발전본부,1,2018-02-02 20:30,TSP,3.0
한국중부발전㈜신보령발전본부,1,2018-02-02 20:30,SOx,22.06
한국중부발전㈜신보령발전본부,1,2018-02-02 20:30,NOx,18.6
한국중부발전㈜신보령발전본부,1,2018-02-02 21:00,TSP,3.03
한국중부발전㈜신보령발전본부,1,2018-02-02 21:00,SOx,22.8
한국중부발전㈜신보령발전본부,1,2018-02-02 21:00,NOx,19.01
한국중부발전㈜신보령발전본부,1,2018-02-02 21:30,TSP,3.1
한국중부발전㈜신보령발전본부,1,2018-02-02 21:30,SOx,23.32
한국중부발전㈜신보령발전본부,1,2018-02-02 21:30,NOx,27.84
한국중부발전㈜신보령발전본부,1,2018-02-02 22:00,TSP,3.17
한국중부발전㈜신보령발전본부,1,2018-02-02 22:00,SOx,24.19
한국중부발전㈜신보령발전본부,1,2018-02-02 22:00,NOx,26.41
한국중부발전㈜신보령발전본부,1,2018-02-02 22:30,TSP,3.07
한국중부발전㈜신보령발전본부,1,2018-02-02 22:30,SOx,24.98
한국중부발전㈜신보령발전본부,1,2018-02-02 22:30,NOx,22.92
한국중부발전㈜신보령발전본부,1,2018-02-02 23:00,TSP,3.04
한국중부발전㈜신보령발전본부,1,2018-02-02 23:00,SOx,25.39
한국중부발전㈜신보령발전본부,1,2018-02-02 23:00,NOx,23.84
한국중부발전㈜신보령발전본부,1,2018-02-02 23:30,TSP,2.99
한국중부발전㈜신보령발전본부,1,2018-02-02 23:30,SOx,25.64
한국중부발전㈜신보령발전본부,1,2018-02-02 23:30,NOx,19.41
한국중부발전㈜신보령발전본부,1,2018-02-03 00:00,TSP,2.96
한국중부발전㈜신보령발전본부,1,2018-02-03 00:00,SOx,25.04
한국중부발전㈜신보령발전본부,1,2018-02-03 00:00,NOx,19.18
한국중부발전㈜신보령발전본부,1,2018-02-03 00:30,TSP,2.92
한국중부발전㈜신보령발전본부,1,2018-02-03 00:30,SOx,24.71
한국중부발전㈜신보령발전본부,1,2018-02-03 00:30,NOx,18.57
한국중부발전㈜신보령발전본부,1,2018-02-03 01:00,TSP,2.87
한국중부발전㈜신보령발전본부,1,2018-02-03 01:00,SOx,24.02
한국중부발전㈜신보령발전본부,1,2018-02-03 01:00,NOx,18.39
한국중부발전㈜신보령발전본부,1,2018-02-03 01:30,TSP,2.84
한국중부발전㈜신보령발전본부,1,2018-02-03 01:30,SOx,23.94
한국중부발전㈜신보령발전본부,1,2018-02-03 01:30,NOx,16.95
한국중부발전㈜신보령발전본부,1,2018-02-03 02:00,TSP,2.81
한국중부발전㈜신보령발전본부,1,2018-02-03 02:00,SOx,23.65
한국중부발전㈜신보령발전본부,1,2018-02-03 02:00,NOx,15.58
한국중부발전㈜신보령발전본부,1,2018-02-03 02:30,TSP,2.79
한국중부발전㈜신보령발전본부,1,2018-02-03 02:30,SOx,23.28
한국중부발전㈜신보령발전본부,1,2018-02-03 02:30,NOx,15.44
한국중부발전㈜신보령발전본부,1,2018-02-03 03:00,TSP,2.82
한국중부발전㈜신보령발전본부,1,2018-02-03 03:00,SOx,23.12
한국중부발전㈜신보령발전본부,1,2018-02-03 03:00,NOx,15.34
한국중부발전㈜신보령발전본부,1,2018-02-03 03:30,TSP,2.8
한국중부발전㈜신보령발전본부,1,2018-02-03 03:30,SOx,23.32
한국중부발전㈜신보령발전본부,1,2018-02-03 03:30,NOx,16.1
한국중부발전㈜신보령발전본부,1,2018-02-03 04:00,TSP,2.76
한국중부발전㈜신보령발전본부,1,2018-02-03 04:00,SOx,23.61
한국중부발전㈜신보령발전본부,1,2018-02-03 04:00,NOx,17.03
한국중부발전㈜신보령발전본부,1,2018-02-03 04:30,TSP,2.78
한국중부발전㈜신보령발전본부,1,2018-02-03 04:30,SOx,23.97
한국중부발전㈜신보령발전본부,1,2018-02-03 04:30,NOx,17.09
한국중부발전㈜신보령발전본부,1,2018-02-03 05:00,TSP,2.82
한국중부발전㈜신보령발전본부,1,2018-02-03 05:00,SOx,24.4
한국중부발전㈜신보령발전본부,1,2018-02-03 05:00,NOx,15.33
한국중부발전㈜신보령발전본부,1,2018-02-03 05:30,TSP,2.82
한국중부발전㈜신보령발전본부,1,2018-02-03 05:30,SOx,25.05
한국중부발전㈜신보령발전본부,1,2018-02-03 05:30,NOx,17.05
한국중부발전㈜신보령발전본부,1,2018-02-03 06:00,TSP,2.78
한국중부발전㈜신보령발전본부,1,2018-02-03 06:00,SOx,26.0
한국중부발전㈜신보령발전본부,1,2018-02-03 06:00,NOx,19.0
한국중부발전㈜신보령발전본부,1,2018-02-03 06:30,TSP,2.74
한국중부발전㈜신보령발전본부,1,2018-02-03 06:30,SOx,26.59
한국중부발전㈜신보령발전본부,1,2018-02-03 06:30,NOx,16.48
한국중부발전㈜신보령발전본부,1,2018-02-03 07:00,TSP,2.72
한국중부발전㈜신보령발전본부,1,2018-02-03 07:00,SOx,27.24
한국중부발전㈜신보령발전본부,1,2018-02-03 07:00,NOx,15.73
한국중부발전㈜신보령발전본부,1,2018-02-03 07:30,TSP,2.76
한국중부발전㈜신보령발전본부,1,2018-02-03 07:30,SOx,26.88
한국중부발전㈜신보령발전본부,1,2018-02-03 07:30,NOx,17.69
한국중부발전㈜신보령발전본부,1,2018-02-03 08:00,TSP,2.72
한국중부발전㈜신보령발전본부,1,2018-02-03 08:00,SOx,27.39
한국중부발전㈜신보령발전본부,1,2018-02-03 08:00,NOx,17.61
한국중부발전㈜신보령발전본부,1,2018-02-03 08:30,TSP,2.74
한국중부발전㈜신보령발전본부,1,2018-02-03 08:30,SOx,26.02
한국중부발전㈜신보령발전본부,1,2018-02-03 08:30,NOx,17.89
한국중부발전㈜신보령발전본부,1,2018-02-03 09:00,TSP,2.76
한국중부발전㈜신보령발전본부,1,2018-02-03 09:00,SOx,25.97
한국중부발전㈜신보령발전본부,1,2018-02-03 09:00,NOx,18.26
한국중부발전㈜신보령발전본부,1,2018-02-03 09:30,TSP,2.78
한국중부발전㈜신보령발전본부,1,2018-02-03 09:30,SOx,26.51
한국중부발전㈜신보령발전본부,1,2018-02-03 09:30,NOx,18.06
한국중부발전㈜신보령발전본부,1,2018-02-03 10:00,TSP,2.8
한국중부발전㈜신보령발전본부,1,2018-02-03 10:00,SOx,26.25
한국중부발전㈜신보령발전본부,1,2018-02-03 10:00,NOx,17.74
한국중부발전㈜신보령발전본부,1,2018-02-03 10:30,TSP,2.75
한국중부발전㈜신보령발전본부,1,2018-02-03 10:30,SOx,26.13
한국중부발전㈜신보령발전본부,1,2018-02-03 10:30,NOx,15.14
한국중부발전㈜신보령발전본부,1,2018-02-03 11:00,TSP,2.78
한국중부발전㈜신보령발전본부,1,2018-02-03 11:00,SOx,25.58
한국중부발전㈜신보령발전본부,1,2018-02-03 11:00,NOx,13.86
한국중부발전㈜신보령발전본부,1,2018-02-03 11:30,TSP,2.77
한국중부발전㈜신보령발전본부,1,2018-02-03 11:30,SOx,25.23
한국중부발전㈜신보령발전본부,1,2018-02-03 11:30,NOx,15.36
한국중부발전㈜신보령발전본부,1,2018-02-03 12:00,TSP,2.77
한국중부발전㈜신보령발전본부,1,2018-02-03 12:00,SOx,24.79
한국중부발전㈜신보령발전본부,1,2018-02-03 12:00,NOx,15.94
한국중부발전㈜신보령발전본부,1,2018-02-03 12:30,TSP,2.77
한국중부발전㈜신보령발전본부,1,2018-02-03 12:30,SOx,24.5
한국중부발전㈜신보령발전본부,1,2018-02-03 12:30,NOx,17.41
한국중부발전㈜신보령발전본부,1,2018-02-03 13:00,TSP,2.76
한국중부발전㈜신보령발전본부,1,2018-02-03 13:00,SOx,24.29
한국중부발전㈜신보령발전본부,1,2018-02-03 13:00,NOx,19.72
한국중부발전㈜신보령발전본부,1,2018-02-03 13:30,TSP,2.75
한국중부발전㈜신보령발전본부,1,2018-02-03 13:30,SOx,24.14
한국중부발전㈜신보령발전본부,1,2018-02-03 13:30,NOx,17.68
한국중부발전㈜신보령발전본부,1,2018-02-03 14:00,TSP,2.73
한국중부발전㈜신보령발전본부,1,2018-02-03 14:00,SOx,24.05
한국중부발전㈜신보령발전본부,1,2018-02-03 14:00,NOx,17.81
한국중부발전㈜신보령발전본부,1,2018-02-03 14:30,TSP,2.76
한국중부발전㈜신보령발전본부,1,2018-02-03 14:30,SOx,24.29
한국중부발전㈜신보령발전본부,1,2018-02-03 14:30,NOx,20.99
한국중부발전㈜신보령발전본부,1,2018-02-03 15:00,TSP,2.77
한국중부발전㈜신보령발전본부,1,2018-02-03 15:00,SOx,24.75
한국중부발전㈜신보령발전본부,1,2018-02-03 15:00,NOx,17.01
한국중부발전㈜신보령발전본부,1,2018-02-03 15:30,TSP,2.77
한국중부발전㈜신보령발전본부,1,2018-02-03 15:30,SOx,25.01
한국중부발전㈜신보령발전본부,1,2018-02-03 15:30,NOx,17.65
한국중부발전㈜신보령발전본부,1,2018-02-03 16:00,TSP,2.77
한국중부발전㈜신보령발전본부,1,2018-02-03 16:00,SOx,25.29
한국중부발전㈜신보령발전본부,1,2018-02-03 16:00,NOx,20.78
한국중부발전㈜신보령발전본부,1,2018-02-03 16:30,TSP,2.74
한국중부발전㈜신보령발전본부,1,2018-02-03 16:30,SOx,26.05
한국중부발전㈜신보령발전본부,1,2018-02-03 16:30,NOx,21.54
한국중부발전㈜신보령발전본부,1,2018-02-03 17:00,TSP,2.77
한국중부발전㈜신보령발전본부,1,2018-02-03 17:00,SOx,26.58
한국중부발전㈜신보령발전본부,1,2018-02-03 17:00,NOx,19.7
한국중부발전㈜신보령발전본부,1,2018-02-03 17:30,TSP,2.76
한국중부발전㈜신보령발전본부,1,2018-02-03 17:30,SOx,27.38
한국중부발전㈜신보령발전본부,1,2018-02-03 17:30,NOx,17.19
한국중부발전㈜신보령발전본부,1,2018-02-03 18:00,TSP,2.75
한국중부발전㈜신보령발전본부,1,2018-02-03 18:00,SOx,27.66
한국중부발전㈜신보령발전본부,1,2018-02-03 18:00,NOx,16.66
한국중부발전㈜신보령발전본부,1,2018-02-03 18:30,TSP,2.74
한국중부발전㈜신보령발전본부,1,2018-02-03 18:30,SOx,27.25
한국중부발전㈜신보령발전본부,1,2018-02-03 18:30,NOx,15.96
한국중부발전㈜신보령발전본부,1,2018-02-03 19:00,TSP,2.81
한국중부발전㈜신보령발전본부,1,2018-02-03 19:00,SOx,28.38
한국중부발전㈜신보령발전본부,1,2018-02-03 19:00,NOx,16.24
한국중부발전㈜신보령발전본부,1,2018-02-03 19:30,TSP,2.73
한국중부발전㈜신보령발전본부,1,2018-02-03 19:30,SOx,27.42
한국중부발전㈜신보령발전본부,1,2018-02-03 19:30,NOx,16.1
한국중부발전㈜신보령발전본부,1,2018-02-03 20:00,TSP,2.75
한국중부발전㈜신보령발전본부,1,2018-02-03 20:00,SOx,25.94
한국중부발전㈜신보령발전본부,1,2018-02-03 20:00,NOx,15.7
한국중부발전㈜신보령발전본부,1,2018-02-03 20:30,TSP,2.77
한국중부발전㈜신보령발전본부,1,2018-02-03 20:30,SOx,24.76
한국중부발전㈜신보령발전본부,1,2018-02-03 20:30,NOx,15.08
한국중부발전㈜신보령발전본부,1,2018-02-03 21:00,TSP,2.8
한국중부발전㈜신보령발전본부,1,2018-02-03 21:00,SOx,23.74
한국중부발전㈜신보령발전본부,1,2018-02-03 21:00,NOx,15.95
한국중부발전㈜신보령발전본부,1,2018-02-03 21:30,TSP,2.79
한국중부발전㈜신보령발전본부,1,2018-02-03 21:30,SOx,22.84
한국중부발전㈜신보령발전본부,1,2018-02-03 21:30,NOx,15.66
한국중부발전㈜신보령발전본부,1,2018-02-03 22:00,TSP,2.81
한국중부발전㈜신보령발전본부,1,2018-02-03 22:00,SOx,22.36
한국중부발전㈜신보령발전본부,1,2018-02-03 22:00,NOx,15.57
한국중부발전㈜신보령발전본부,1,2018-02-03 22:30,TSP,2.79
한국중부발전㈜신보령발전본부,1,2018-02-03 22:30,SOx,21.87
한국중부발전㈜신보령발전본부,1,2018-02-03 22:30,NOx,16.85
한국중부발전㈜신보령발전본부,1,2018-02-03 23:00,TSP,2.75
한국중부발전㈜신보령발전본부,1,2018-02-03 23:00,SOx,21.86
한국중부발전㈜신보령발전본부,1,2018-02-03 23:00,NOx,16.91
한국중부발전㈜신보령발전본부,1,2018-02-03 23:30,TSP,2.69
한국중부발전㈜신보령발전본부,1,2018-02-03 23:30,SOx,21.76
한국중부발전㈜신보령발전본부,1,2018-02-03 23:30,NOx,16.28
한국중부발전㈜신보령발전본부,1,2018-02-04 00:00,TSP,2.73
한국중부발전㈜신보령발전본부,1,2018-02-04 00:00,SOx,21.87
한국중부발전㈜신보령발전본부,1,2018-02-04 00:00,NOx,15.6
한국중부발전㈜신보령발전본부,1,2018-02-04 00:30,TSP,2.74
한국중부발전㈜신보령발전본부,1,2018-02-04 00:30,SOx,21.72
한국중부발전㈜신보령발전본부,1,2018-02-04 00:30,NOx,17.27
한국중부발전㈜신보령발전본부,1,2018-02-04 01:00,TSP,2.77
한국중부발전㈜신보령발전본부,1,2018-02-04 01:00,SOx,22.09
한국중부발전㈜신보령발전본부,1,2018-02-04 01:00,NOx,17.53
한국중부발전㈜신보령발전본부,1,2018-02-04 01:30,TSP,2.8
한국중부발전㈜신보령발전본부,1,2018-02-04 01:30,SOx,22.12
한국중부발전㈜신보령발전본부,1,2018-02-04 01:30,NOx,18.4
한국중부발전㈜신보령발전본부,1,2018-02-04 02:00,TSP,2.81
한국중부발전㈜신보령발전본부,1,2018-02-04 02:00,SOx,22.35
한국중부발전㈜신보령발전본부,1,2018-02-04 02:00,NOx,19.14
한국중부발전㈜신보령발전본부,1,2018-02-04 02:30,TSP,2.83
한국중부발전㈜신보령발전본부,1,2018-02-04 02:30,SOx,22.33
한국중부발전㈜신보령발전본부,1,2018-02-04 02:30,NOx,18.17
한국중부발전㈜신보령발전본부,1,2018-02-04 03:00,TSP,2.86
한국중부발전㈜신보령발전본부,1,2018-02-04 03:00,SOx,22.45
한국중부발전㈜신보령발전본부,1,2018-02-04 03:00,NOx,18.9
한국중부발전㈜신보령발전본부,1,2018-02-04 03:30,TSP,2.78
한국중부발전㈜신보령발전본부,1,2018-02-04 03:30,SOx,22.86
한국중부발전㈜신보령발전본부,1,2018-02-04 03:30,NOx,15.1
한국중부발전㈜신보령발전본부,1,2018-02-04 04:00,TSP,2.78
한국중부발전㈜신보령발전본부,1,2018-02-04 04:00,SOx,23.14
한국중부발전㈜신보령발전본부,1,2018-02-04 04:00,NOx,14.27
한국중부발전㈜신보령발전본부,1,2018-02-04 04:30,TSP,2.84
한국중부발전㈜신보령발전본부,1,2018-02-04 04:30,SOx,23.05
한국중부발전㈜신보령발전본부,1,2018-02-04 04:30,NOx,14.53
한국중부발전㈜신보령발전본부,1,2018-02-04 05:00,TSP,2.83
한국중부발전㈜신보령발전본부,1,2018-02-04 05:00,SOx,22.82
한국중부발전㈜신보령발전본부,1,2018-02-04 05:00,NOx,15.03
한국중부발전㈜신보령발전본부,1,2018-02-04 05:30,TSP,2.82
한국중부발전㈜신보령발전본부,1,2018-02-04 05:30,SOx,22.67
한국중부발전㈜신보령발전본부,1,2018-02-04 05:30,NOx,15.03
한국중부발전㈜신보령발전본부,1,2018-02-04 06:00,TSP,2.77
한국중부발전㈜신보령발전본부,1,2018-02-04 06:00,SOx,22.35
한국중부발전㈜신보령발전본부,1,2018-02-04 06:00,NOx,14.89
한국중부발전㈜신보령발전본부,1,2018-02-04 06:30,TSP,2.76
한국중부발전㈜신보령발전본부,1,2018-02-04 06:30,SOx,22.22
한국중부발전㈜신보령발전본부,1,2018-02-04 06:30,NOx,14.62
한국중부발전㈜신보령발전본부,1,2018-02-04 07:00,TSP,2.76
한국중부발전㈜신보령발전본부,1,2018-02-04 07:00,SOx,23.23
한국중부발전㈜신보령발전본부,1,2018-02-04 07:00,NOx,16.54
한국중부발전㈜신보령발전본부,1,2018-02-04 07:30,TSP,2.75
한국중부발전㈜신보령발전본부,1,2018-02-04 07:30,SOx,22.26
한국중부발전㈜신보령발전본부,1,2018-02-04 07:30,NOx,16.42
한국중부발전㈜신보령발전본부,1,2018-02-04 08:00,TSP,2.77
한국중부발전㈜신보령발전본부,1,2018-02-04 08:00,SOx,21.28
한국중부발전㈜신보령발전본부,1,2018-02-04 08:00,NOx,17.19
한국중부발전㈜신보령발전본부,1,2018-02-04 08:30,TSP,2.79
한국중부발전㈜신보령발전본부,1,2018-02-04 08:30,SOx,20.8
한국중부발전㈜신보령발전본부,1,2018-02-04 08:30,NOx,17.58
한국중부발전㈜신보령발전본부,1,2018-02-04 09:00,TSP,2.81
한국중부발전㈜신보령발전본부,1,2018-02-04 09:00,SOx,20.58
한국중부발전㈜신보령발전본부,1,2018-02-04 09:00,NOx,20.79
한국중부발전㈜신보령발전본부,1,2018-02-04 09:30,TSP,2.86
한국중부발전㈜신보령발전본부,1,2018-02-04 09:30,SOx,21.06
한국중부발전㈜신보령발전본부,1,2018-02-04 09:30,NOx,18.85
한국중부발전㈜신보령발전본부,1,2018-02-04 10:00,TSP,2.81
한국중부발전㈜신보령발전본부,1,2018-02-04 10:00,SOx,21.88
한국중부발전㈜신보령발전본부,1,2018-02-04 10:00,NOx,19.93
한국중부발전㈜신보령발전본부,1,2018-02-04 10:30,TSP,2.75
한국중부발전㈜신보령발전본부,1,2018-02-04 10:30,SOx,22.71
한국중부발전㈜신보령발전본부,1,2018-02-04 10:30,NOx,18.87
한국중부발전㈜신보령발전본부,1,2018-02-04 11:00,TSP,2.77
한국중부발전㈜신보령발전본부,1,2018-02-04 11:00,SOx,22.97
한국중부발전㈜신보령발전본부,1,2018-02-04 11:00,NOx,19.21
한국중부발전㈜신보령발전본부,1,2018-02-04 11:30,TSP,2.76
한국중부발전㈜신보령발전본부,1,2018-02-04 11:30,SOx,23.35
한국중부발전㈜신보령발전본부,1,2018-02-04 11:30,NOx,20.08
한국중부발전㈜신보령발전본부,1,2018-02-04 12:00,TSP,2.81
한국중부발전㈜신보령발전본부,1,2018-02-04 12:00,SOx,23.02
한국중부발전㈜신보령발전본부,1,2018-02-04 12:00,NOx,19.74
한국중부발전㈜신보령발전본부,1,2018-02-04 12:30,TSP,2.83
한국중부발전㈜신보령발전본부,1,2018-02-04 12:30,SOx,22.87
한국중부발전㈜신보령발전본부,1,2018-02-04 12:30,NOx,20.05
한국중부발전㈜신보령발전본부,1,2018-02-04 13:00,TSP,2.82
한국중부발전㈜신보령발전본부,1,2018-02-04 13:00,SOx,22.63
한국중부발전㈜신보령발전본부,1,2018-02-04 13:00,NOx,17.69
한국중부발전㈜신보령발전본부,1,2018-02-04 13:30,TSP,2.82
한국중부발전㈜신보령발전본부,1,2018-02-04 13:30,SOx,22.26
한국중부발전㈜신보령발전본부,1,2018-02-04 13:30,NOx,17.28
한국중부발전㈜신보령발전본부,1,2018-02-04 14:00,TSP,2.8
한국중부발전㈜신보령발전본부,1,2018-02-04 14:00,SOx,21.89
한국중부발전㈜신보령발전본부,1,2018-02-04 14:00,NOx,16.93
한국중부발전㈜신보령발전본부,1,2018-02-04 14:30,TSP,2.8
한국중부발전㈜신보령발전본부,1,2018-02-04 14:30,SOx,21.42
한국중부발전㈜신보령발전본부,1,2018-02-04 14:30,NOx,17.18
한국중부발전㈜신보령발전본부,1,2018-02-04 15:00,TSP,2.79
한국중부발전㈜신보령발전본부,1,2018-02-04 15:00,SOx,21.26
한국중부발전㈜신보령발전본부,1,2018-02-04 15:00,NOx,16.99
한국중부발전㈜신보령발전본부,1,2018-02-04 15:30,TSP,2.77
한국중부발전㈜신보령발전본부,1,2018-02-04 15:30,SOx,21.44
한국중부발전㈜신보령발전본부,1,2018-02-04 15:30,NOx,15.89
한국중부발전㈜신보령발전본부,1,2018-02-04 16:00,TSP,2.78
한국중부발전㈜신보령발전본부,1,2018-02-04 16:00,SOx,21.68
한국중부발전㈜신보령발전본부,1,2018-02-04 16:00,NOx,16.96
한국중부발전㈜신보령발전본부,1,2018-02-04 16:30,TSP,2.81
한국중부발전㈜신보령발전본부,1,2018-02-04 16:30,SOx,21.91
한국중부발전㈜신보령발전본부,1,2018-02-04 16:30,NOx,17.72
한국중부발전㈜신보령발전본부,1,2018-02-04 17:00,TSP,2.82
한국중부발전㈜신보령발전본부,1,2018-02-04 17:00,SOx,22.05
한국중부발전㈜신보령발전본부,1,2018-02-04 17:00,NOx,15.87
한국중부발전㈜신보령발전본부,1,2018-02-04 17:30,TSP,2.81
한국중부발전㈜신보령발전본부,1,2018-02-04 17:30,SOx,22.91
한국중부발전㈜신보령발전본부,1,2018-02-04 17:30,NOx,16.92
한국중부발전㈜신보령발전본부,1,2018-02-04 18:00,TSP,2.8
한국중부발전㈜신보령발전본부,1,2018-02-04 18:00,SOx,23.37
한국중부발전㈜신보령발전본부,1,2018-02-04 18:00,NOx,15.43
한국중부발전㈜신보령발전본부,1,2018-02-04 18:30,TSP,2.74
한국중부발전㈜신보령발전본부,1,2018-02-04 18:30,SOx,22.9
한국중부발전㈜신보령발전본부,1,2018-02-04 18:30,NOx,15.22
한국중부발전㈜신보령발전본부,1,2018-02-04 19:00,TSP,2.73
한국중부발전㈜신보령발전본부,1,2018-02-04 19:00,SOx,22.24
한국중부발전㈜신보령발전본부,1,2018-02-04 19:00,NOx,15.73
한국중부발전㈜신보령발전본부,1,2018-02-04 19:30,TSP,2.77
한국중부발전㈜신보령발전본부,1,2018-02-04 19:30,SOx,21.5
한국중부발전㈜신보령발전본부,1,2018-02-04 19:30,NOx,16.7
한국중부발전㈜신보령발전본부,1,2018-02-04 20:00,TSP,2.78
한국중부발전㈜신보령발전본부,1,2018-02-04 20:00,SOx,20.81
한국중부발전㈜신보령발전본부,1,2018-02-04 20:00,NOx,16.72
한국중부발전㈜신보령발전본부,1,2018-02-04 20:30,TSP,2.84
한국중부발전㈜신보령발전본부,1,2018-02-04 20:30,SOx,20.4
한국중부발전㈜신보령발전본부,1,2018-02-04 20:30,NOx,16.01
한국중부발전㈜신보령발전본부,1,2018-02-04 21:00,TSP,2.86
한국중부발전㈜신보령발전본부,1,2018-02-04 21:00,SOx,20.27
한국중부발전㈜신보령발전본부,1,2018-02-04 21:00,NOx,16.6
한국중부발전㈜신보령발전본부,1,2018-02-04 21:30,TSP,2.88
한국중부발전㈜신보령발전본부,1,2018-02-04 21:30,SOx,19.93
한국중부발전㈜신보령발전본부,1,2018-02-04 21:30,NOx,16.98
한국중부발전㈜신보령발전본부,1,2018-02-04 22:00,TSP,2.92
한국중부발전㈜신보령발전본부,1,2018-02-04 22:00,SOx,19.41
한국중부발전㈜신보령발전본부,1,2018-02-04 22:00,NOx,16.72
한국중부발전㈜신보령발전본부,1,2018-02-04 22:30,TSP,2.92
한국중부발전㈜신보령발전본부,1,2018-02-04 22:30,SOx,19.03
한국중부발전㈜신보령발전본부,1,2018-02-04 22:30,NOx,16.59
한국중부발전㈜신보령발전본부,1,2018-02-04 23:00,TSP,2.87
한국중부발전㈜신보령발전본부,1,2018-02-04 23:00,SOx,18.69
한국중부발전㈜신보령발전본부,1,2018-02-04 23:00,NOx,15.34
한국중부발전㈜신보령발전본부,1,2018-02-04 23:30,TSP,2.9
한국중부발전㈜신보령발전본부,1,2018-02-04 23:30,SOx,18.28
한국중부발전㈜신보령발전본부,1,2018-02-04 23:30,NOx,16.3
한국중부발전㈜신보령발전본부,1,2018-02-05 00:00,TSP,2.86
한국중부발전㈜신보령발전본부,1,2018-02-05 00:00,SOx,18.18
한국중부발전㈜신보령발전본부,1,2018-02-05 00:00,NOx,15.49
한국중부발전㈜신보령발전본부,1,2018-02-05 00:30,TSP,2.92
한국중부발전㈜신보령발전본부,1,2018-02-05 00:30,SOx,17.67
한국중부발전㈜신보령발전본부,1,2018-02-05 00:30,NOx,15.82
한국중부발전㈜신보령발전본부,1,2018-02-05 01:00,TSP,2.93
한국중부발전㈜신보령발전본부,1,2018-02-05 01:00,SOx,17.71
한국중부발전㈜신보령발전본부,1,2018-02-05 01:00,NOx,16.21
한국중부발전㈜신보령발전본부,1,2018-02-05 01:30,TSP,2.96
한국중부발전㈜신보령발전본부,1,2018-02-05 01:30,SOx,17.46
한국중부발전㈜신보령발전본부,1,2018-02-05 01:30,NOx,16.17
한국중부발전㈜신보령발전본부,1,2018-02-05 02:00,TSP,3.04
한국중부발전㈜신보령발전본부,1,2018-02-05 02:00,SOx,17.49
한국중부발전㈜신보령발전본부,1,2018-02-05 02:00,NOx,17.17
한국중부발전㈜신보령발전본부,1,2018-02-05 02:30,TSP,3.02
한국중부발전㈜신보령발전본부,1,2018-02-05 02:30,SOx,17.43
한국중부발전㈜신보령발전본부,1,2018-02-05 02:30,NOx,16.71
한국중부발전㈜신보령발전본부,1,2018-02-05 03:00,TSP,3.05
한국중부발전㈜신보령발전본부,1,2018-02-05 03:00,SOx,17.49
한국중부발전㈜신보령발전본부,1,2018-02-05 03:00,NOx,16.5
한국중부발전㈜신보령발전본부,1,2018-02-05 03:30,TSP,3.0
한국중부발전㈜신보령발전본부,1,2018-02-05 03:30,SOx,17.52
한국중부발전㈜신보령발전본부,1,2018-02-05 03:30,NOx,16.27
한국중부발전㈜신보령발전본부,1,2018-02-05 04:00,TSP,2.98
한국중부발전㈜신보령발전본부,1,2018-02-05 04:00,SOx,17.58
한국중부발전㈜신보령발전본부,1,2018-02-05 04:00,NOx,16.6
한국중부발전㈜신보령발전본부,1,2018-02-05 04:30,TSP,2.94
한국중부발전㈜신보령발전본부,1,2018-02-05 04:30,SOx,17.56
한국중부발전㈜신보령발전본부,1,2018-02-05 04:30,NOx,16.08
한국중부발전㈜신보령발전본부,1,2018-02-05 05:00,TSP,2.91
한국중부발전㈜신보령발전본부,1,2018-02-05 05:00,SOx,17.75
한국중부발전㈜신보령발전본부,1,2018-02-05 05:00,NOx,16.85
한국중부발전㈜신보령발전본부,1,2018-02-05 05:30,TSP,2.9
한국중부발전㈜신보령발전본부,1,2018-02-05 05:30,SOx,18.16
한국중부발전㈜신보령발전본부,1,2018-02-05 05:30,NOx,16.15
한국중부발전㈜신보령발전본부,1,2018-02-05 06:00,TSP,2.9
한국중부발전㈜신보령발전본부,1,2018-02-05 06:00,SOx,18.32
한국중부발전㈜신보령발전본부,1,2018-02-05 06:00,NOx,16.53
한국중부발전㈜신보령발전본부,1,2018-02-05 06:30,TSP,2.89
한국중부발전㈜신보령발전본부,1,2018-02-05 06:30,SOx,18.4
한국중부발전㈜신보령발전본부,1,2018-02-05 06:30,NOx,16.54
한국중부발전㈜신보령발전본부,1,2018-02-05 07:00,TSP,2.88
한국중부발전㈜신보령발전본부,1,2018-02-05 07:00,SOx,18.63
한국중부발전㈜신보령발전본부,1,2018-02-05 07:00,NOx,17.84
한국중부발전㈜신보령발전본부,1,2018-02-05 07:30,TSP,2.82
한국중부발전㈜신보령발전본부,1,2018-02-05 07:30,SOx,19.1
한국중부발전㈜신보령발전본부,1,2018-02-05 07:30,NOx,18.27
한국중부발전㈜신보령발전본부,1,2018-02-05 08:00,TSP,2.8
한국중부발전㈜신보령발전본부,1,2018-02-05 08:00,SOx,19.3
한국중부발전㈜신보령발전본부,1,2018-02-05 08:00,NOx,18.23
한국중부발전㈜신보령발전본부,1,2018-02-05 08:30,TSP,2.81
한국중부발전㈜신보령발전본부,1,2018-02-05 08:30,SOx,19.65
한국중부발전㈜신보령발전본부,1,2018-02-05 08:30,NOx,16.75
한국중부발전㈜신보령발전본부,1,2018-02-05 09:00,TSP,2.85
한국중부발전㈜신보령발전본부,1,2018-02-05 09:00,SOx,19.41
한국중부발전㈜신보령발전본부,1,2018-02-05 09:00,NOx,16.97
한국중부발전㈜신보령발전본부,1,2018-02-05 09:30,TSP,2.9
한국중부발전㈜신보령발전본부,1,2018-02-05 09:30,SOx,19.63
한국중부발전㈜신보령발전본부,1,2018-02-05 09:30,NOx,15.45
한국중부발전㈜신보령발전본부,1,2018-02-05 10:00,TSP,2.93
한국중부발전㈜신보령발전본부,1,2018-02-05 10:00,SOx,20.02
한국중부발전㈜신보령발전본부,1,2018-02-05 10:00,NOx,15.44
한국중부발전㈜신보령발전본부,1,2018-02-05 10:30,TSP,2.98
한국중부발전㈜신보령발전본부,1,2018-02-05 10:30,SOx,20.27
한국중부발전㈜신보령발전본부,1,2018-02-05 10:30,NOx,15.02
한국중부발전㈜신보령발전본부,1,2018-02-05 11:00,TSP,2.98
한국중부발전㈜신보령발전본부,1,2018-02-05 11:00,SOx,19.92
한국중부발전㈜신보령발전본부,1,2018-02-05 11:00,NOx,19.08
한국중부발전㈜신보령발전본부,1,2018-02-05 11:30,TSP,2.93
한국중부발전㈜신보령발전본부,1,2018-02-05 11:30,SOx,19.83
한국중부발전㈜신보령발전본부,1,2018-02-05 11:30,NOx,15.26
한국중부발전㈜신보령발전본부,1,2018-02-05 12:00,TSP,2.92
한국중부발전㈜신보령발전본부,1,2018-02-05 12:00,SOx,19.67
한국중부발전㈜신보령발전본부,1,2018-02-05 12:00,NOx,18.74
한국중부발전㈜신보령발전본부,1,2018-02-05 12:30,TSP,2.89
한국중부발전㈜신보령발전본부,1,2018-02-05 12:30,SOx,19.59
한국중부발전㈜신보령발전본부,1,2018-02-05 12:30,NOx,17.46
한국중부발전㈜신보령발전본부,1,2018-02-05 13:00,TSP,2.86
한국중부발전㈜신보령발전본부,1,2018-02-05 13:00,SOx,19.55
한국중부발전㈜신보령발전본부,1,2018-02-05 13:00,NOx,21.77
한국중부발전㈜신보령발전본부,1,2018-02-05 13:30,TSP,2.82
한국중부발전㈜신보령발전본부,1,2018-02-05 13:30,SOx,19.59
한국중부발전㈜신보령발전본부,1,2018-02-05 13:30,NOx,18.41
한국중부발전㈜신보령발전본부,1,2018-02-05 14:00,TSP,2.76
한국중부발전㈜신보령발전본부,1,2018-02-05 14:00,SOx,19.78
한국중부발전㈜신보령발전본부,1,2018-02-05 14:00,NOx,18.3
한국중부발전㈜신보령발전본부,1,2018-02-05 14:30,TSP,2.77
한국중부발전㈜신보령발전본부,1,2018-02-05 14:30,SOx,20.13
한국중부발전㈜신보령발전본부,1,2018-02-05 14:30,NOx,18.31
한국중부발전㈜신보령발전본부,1,2018-02-05 15:00,TSP,2.74
한국중부발전㈜신보령발전본부,1,2018-02-05 15:00,SOx,20.42
한국중부발전㈜신보령발전본부,1,2018-02-05 15:00,NOx,18.96
한국중부발전㈜신보령발전본부,1,2018-02-05 15:30,TSP,2.76
한국중부발전㈜신보령발전본부,1,2018-02-05 15:30,SOx,20.44
한국중부발전㈜신보령발전본부,1,2018-02-05 15:30,NOx,18.9
한국중부발전㈜신보령발전본부,1,2018-02-05 16:00,TSP,2.76
한국중부발전㈜신보령발전본부,1,2018-02-05 16:00,SOx,20.69
한국중부발전㈜신보령발전본부,1,2018-02-05 16:00,NOx,17.98
한국중부발전㈜신보령발전본부,1,2018-02-05 16:30,TSP,2.75
한국중부발전㈜신보령발전본부,1,2018-02-05 16:30,SOx,20.66
한국중부발전㈜신보령발전본부,1,2018-02-05 16:30,NOx,19.01
한국중부발전㈜신보령발전본부,1,2018-02-05 17:00,TSP,2.79
한국중부발전㈜신보령발전본부,1,2018-02-05 17:00,SOx,20.88
한국중부발전㈜신보령발전본부,1,2018-02-05 17:00,NOx,20.56
한국중부발전㈜신보령발전본부,1,2018-02-05 17:30,TSP,2.77
한국중부발전㈜신보령발전본부,1,2018-02-05 17:30,SOx,20.86
한국중부발전㈜신보령발전본부,1,2018-02-05 17:30,NOx,21.08
한국중부발전㈜신보령발전본부,1,2018-02-05 18:00,TSP,2.83
한국중부발전㈜신보령발전본부,1,2018-02-05 18:00,SOx,20.98
한국중부발전㈜신보령발전본부,1,2018-02-05 18:00,NOx,19.58
한국중부발전㈜신보령발전본부,1,2018-02-05 18:30,TSP,2.82
한국중부발전㈜신보령발전본부,1,2018-02-05 18:30,SOx,21.12
한국중부발전㈜신보령발전본부,1,2018-02-05 18:30,NOx,18.1
한국중부발전㈜신보령발전본부,1,2018-02-05 19:00,TSP,2.87
한국중부발전㈜신보령발전본부,1,2018-02-05 19:00,SOx,21.23
한국중부발전㈜신보령발전본부,1,2018-02-05 19:00,NOx,17.21
한국중부발전㈜신보령발전본부,1,2018-02-05 19:30,TSP,2.78
한국중부발전㈜신보령발전본부,1,2018-02-05 19:30,SOx,20.91
한국중부발전㈜신보령발전본부,1,2018-02-05 19:30,NOx,17.51
한국중부발전㈜신보령발전본부,1,2018-02-05 20:00,TSP,2.79
한국중부발전㈜신보령발전본부,1,2018-02-05 20:00,SOx,20.5
한국중부발전㈜신보령발전본부,1,2018-02-05 20:00,NOx,17.84
한국중부발전㈜신보령발전본부,1,2018-02-05 20:30,TSP,2.76
한국중부발전㈜신보령발전본부,1,2018-02-05 20:30,SOx,20.79
한국중부발전㈜신보령발전본부,1,2018-02-05 20:30,NOx,19.1
한국중부발전㈜신보령발전본부,1,2018-02-05 21:00,TSP,2.78
한국중부발전㈜신보령발전본부,1,2018-02-05 21:00,SOx,20.78
한국중부발전㈜신보령발전본부,1,2018-02-05 21:00,NOx,19.5
한국중부발전㈜신보령발전본부,1,2018-02-05 21:30,TSP,2.8
한국중부발전㈜신보령발전본부,1,2018-02-05 21:30,SOx,21.1
한국중부발전㈜신보령발전본부,1,2018-02-05 21:30,NOx,21.0
한국중부발전㈜신보령발전본부,1,2018-02-05 22:00,TSP,2.81
한국중부발전㈜신보령발전본부,1,2018-02-05 22:00,SOx,21.35
한국중부발전㈜신보령발전본부,1,2018-02-05 22:00,NOx,21.01
한국중부발전㈜신보령발전본부,1,2018-02-05 22:30,TSP,2.79
한국중부발전㈜신보령발전본부,1,2018-02-05 22:30,SOx,21.84
한국중부발전㈜신보령발전본부,1,2018-02-05 22:30,NOx,20.62
한국중부발전㈜신보령발전본부,1,2018-02-05 23:00,TSP,2.77
한국중부발전㈜신보령발전본부,1,2018-02-05 23:00,SOx,22.25
한국중부발전㈜신보령발전본부,1,2018-02-05 23:00,NOx,20.59
한국중부발전㈜신보령발전본부,1,2018-02-05 23:30,TSP,2.71
한국중부발전㈜신보령발전본부,1,2018-02-05 23:30,SOx,22.28
한국중부발전㈜신보령발전본부,1,2018-02-05 23:30,NOx,17.37
한국중부발전㈜신보령발전본부,1,2018-02-06 00:00,TSP,2.63
한국중부발전㈜신보령발전본부,1,2018-02-06 00:00,SOx,22.68
한국중부발전㈜신보령발전본부,1,2018-02-06 00:00,NOx,18.64
한국중부발전㈜신보령발전본부,1,2018-02-06 00:30,TSP,2.54
한국중부발전㈜신보령발전본부,1,2018-02-06 00:30,SOx,22.42
한국중부발전㈜신보령발전본부,1,2018-02-06 00:30,NOx,18.84
한국중부발전㈜신보령발전본부,1,2018-02-06 01:00,TSP,2.59
한국중부발전㈜신보령발전본부,1,2018-02-06 01:00,SOx,22.47
한국중부발전㈜신보령발전본부,1,2018-02-06 01:00,NOx,19.96
한국중부발전㈜신보령발전본부,1,2018-02-06 01:30,TSP,2.58
한국중부발전㈜신보령발전본부,1,2018-02-06 01:30,SOx,22.06
한국중부발전㈜신보령발전본부,1,2018-02-06 01:30,NOx,20.06
한국중부발전㈜신보령발전본부,1,2018-02-06 02:00,TSP,2.59
한국중부발전㈜신보령발전본부,1,2018-02-06 02:00,SOx,22.09
한국중부발전㈜신보령발전본부,1,2018-02-06 02:00,NOx,19.99
한국중부발전㈜신보령발전본부,1,2018-02-06 02:30,TSP,2.58
한국중부발전㈜신보령발전본부,1,2018-02-06 02:30,SOx,21.66
한국중부발전㈜신보령발전본부,1,2018-02-06 02:30,NOx,19.91
한국중부발전㈜신보령발전본부,1,2018-02-06 03:00,TSP,2.62
한국중부발전㈜신보령발전본부,1,2018-02-06 03:00,SOx,21.6
한국중부발전㈜신보령발전본부,1,2018-02-06 03:00,NOx,19.83
한국중부발전㈜신보령발전본부,1,2018-02-06 03:30,TSP,2.56
한국중부발전㈜신보령발전본부,1,2018-02-06 03:30,SOx,21.45
한국중부발전㈜신보령발전본부,1,2018-02-06 03:30,NOx,19.6
한국중부발전㈜신보령발전본부,1,2018-02-06 04:00,TSP,2.58
한국중부발전㈜신보령발전본부,1,2018-02-06 04:00,SOx,21.2
한국중부발전㈜신보령발전본부,1,2018-02-06 04:00,NOx,19.73
한국중부발전㈜신보령발전본부,1,2018-02-06 04:30,TSP,2.56
한국중부발전㈜신보령발전본부,1,2018-02-06 04:30,SOx,21.0
한국중부발전㈜신보령발전본부,1,2018-02-06 04:30,NOx,20.38
한국중부발전㈜신보령발전본부,1,2018-02-06 05:00,TSP,2.57
한국중부발전㈜신보령발전본부,1,2018-02-06 05:00,SOx,20.91
한국중부발전㈜신보령발전본부,1,2018-02-06 05:00,NOx,20.61
한국중부발전㈜신보령발전본부,1,2018-02-06 05:30,TSP,2.58
한국중부발전㈜신보령발전본부,1,2018-02-06 05:30,SOx,20.88
한국중부발전㈜신보령발전본부,1,2018-02-06 05:30,NOx,20.55
한국중부발전㈜신보령발전본부,1,2018-02-06 06:00,TSP,2.58
한국중부발전㈜신보령발전본부,1,2018-02-06 06:00,SOx,21.05
한국중부발전㈜신보령발전본부,1,2018-02-06 06:00,NOx,20.52
한국중부발전㈜신보령발전본부,1,2018-02-06 06:30,TSP,2.57
한국중부발전㈜신보령발전본부,1,2018-02-06 06:30,SOx,21.21
한국중부발전㈜신보령발전본부,1,2018-02-06 06:30,NOx,19.89
한국중부발전㈜신보령발전본부,1,2018-02-06 07:00,TSP,2.56
한국중부발전㈜신보령발전본부,1,2018-02-06 07:00,SOx,21.27
한국중부발전㈜신보령발전본부,1,2018-02-06 07:00,NOx,19.45
한국중부발전㈜신보령발전본부,1,2018-02-06 07:30,TSP,2.55
한국중부발전㈜신보령발전본부,1,2018-02-06 07:30,SOx,20.93
한국중부발전㈜신보령발전본부,1,2018-02-06 07:30,NOx,18.0
한국중부발전㈜신보령발전본부,1,2018-02-06 08:00,TSP,2.56
한국중부발전㈜신보령발전본부,1,2018-02-06 08:00,SOx,20.93
한국중부발전㈜신보령발전본부,1,2018-02-06 08:00,NOx,18.75
한국중부발전㈜신보령발전본부,1,2018-02-06 08:30,TSP,2.56
한국중부발전㈜신보령발전본부,1,2018-02-06 08:30,SOx,20.84
한국중부발전㈜신보령발전본부,1,2018-02-06 08:30,NOx,19.16
한국중부발전㈜신보령발전본부,1,2018-02-06 09:00,TSP,2.6
한국중부발전㈜신보령발전본부,1,2018-02-06 09:00,SOx,21.04
한국중부발전㈜신보령발전본부,1,2018-02-06 09:00,NOx,19.77
한국중부발전㈜신보령발전본부,1,2018-02-06 09:30,TSP,2.56
한국중부발전㈜신보령발전본부,1,2018-02-06 09:30,SOx,20.92
한국중부발전㈜신보령발전본부,1,2018-02-06 09:30,NOx,19.39
한국중부발전㈜신보령발전본부,1,2018-02-06 10:00,TSP,2.55
한국중부발전㈜신보령발전본부,1,2018-02-06 10:00,SOx,21.13
한국중부발전㈜신보령발전본부,1,2018-02-06 10:00,NOx,19.28
한국중부발전㈜신보령발전본부,1,2018-02-06 10:30,TSP,2.55
한국중부발전㈜신보령발전본부,1,2018-02-06 10:30,SOx,20.94
한국중부발전㈜신보령발전본부,1,2018-02-06 10:30,NOx,19.14
한국중부발전㈜신보령발전본부,1,2018-02-06 11:00,TSP,2.61
한국중부발전㈜신보령발전본부,1,2018-02-06 11:00,SOx,21.25
한국중부발전㈜신보령발전본부,1,2018-02-06 11:00,NOx,19.44
한국중부발전㈜신보령발전본부,1,2018-02-06 11:30,TSP,2.58
한국중부발전㈜신보령발전본부,1,2018-02-06 11:30,SOx,21.22
한국중부발전㈜신보령발전본부,1,2018-02-06 11:30,NOx,19.34
한국중부발전㈜신보령발전본부,1,2018-02-06 12:00,TSP,2.58
한국중부발전㈜신보령발전본부,1,2018-02-06 12:00,SOx,20.88
한국중부발전㈜신보령발전본부,1,2018-02-06 12:00,NOx,19.47
한국중부발전㈜신보령발전본부,1,2018-02-06 12:30,TSP,2.63
한국중부발전㈜신보령발전본부,1,2018-02-06 12:30,SOx,20.75
한국중부발전㈜신보령발전본부,1,2018-02-06 12:30,NOx,20.05
한국중부발전㈜신보령발전본부,1,2018-02-06 13:00,TSP,2.61
한국중부발전㈜신보령발전본부,1,2018-02-06 13:00,SOx,20.96
한국중부발전㈜신보령발전본부,1,2018-02-06 13:00,NOx,19.87
한국중부발전㈜신보령발전본부,1,2018-02-06 13:30,TSP,2.61
한국중부발전㈜신보령발전본부,1,2018-02-06 13:30,SOx,20.94
한국중부발전㈜신보령발전본부,1,2018-02-06 13:30,NOx,17.98
한국중부발전㈜신보령발전본부,1,2018-02-06 14:00,TSP,2.62
한국중부발전㈜신보령발전본부,1,2018-02-06 14:00,SOx,20.5
한국중부발전㈜신보령발전본부,1,2018-02-06 14:00,NOx,17.99
한국중부발전㈜신보령발전본부,1,2018-02-06 14:30,TSP,2.61
한국중부발전㈜신보령발전본부,1,2018-02-06 14:30,SOx,20.89
한국중부발전㈜신보령발전본부,1,2018-02-06 14:30,NOx,16.16
한국중부발전㈜신보령발전본부,1,2018-02-06 15:00,TSP,2.67
한국중부발전㈜신보령발전본부,1,2018-02-06 15:00,SOx,20.64
한국중부발전㈜신보령발전본부,1,2018-02-06 15:00,NOx,15.79
한국중부발전㈜신보령발전본부,1,2018-02-06 15:30,TSP,2.62
한국중부발전㈜신보령발전본부,1,2018-02-06 15:30,SOx,20.53
한국중부발전㈜신보령발전본부,1,2018-02-06 15:30,NOx,16.46
한국중부발전㈜신보령발전본부,1,2018-02-06 16:00,TSP,2.63
한국중부발전㈜신보령발전본부,1,2018-02-06 16:00,SOx,20.94
한국중부발전㈜신보령발전본부,1,2018-02-06 16:00,NOx,16.38
한국중부발전㈜신보령발전본부,1,2018-02-06 16:30,TSP,2.73
한국중부발전㈜신보령발전본부,1,2018-02-06 16:30,SOx,20.35
한국중부발전㈜신보령발전본부,1,2018-02-06 16:30,NOx,17.09
한국중부발전㈜신보령발전본부,1,2018-02-06 17:00,TSP,2.81
한국중부발전㈜신보령발전본부,1,2018-02-06 17:00,SOx,19.98
한국중부발전㈜신보령발전본부,1,2018-02-06 17:00,NOx,18.45
한국중부발전㈜신보령발전본부,1,2018-02-06 17:30,TSP,2.9
한국중부발전㈜신보령발전본부,1,2018-02-06 17:30,SOx,19.74
한국중부발전㈜신보령발전본부,1,2018-02-06 17:30,NOx,16.9
한국중부발전㈜신보령발전본부,1,2018-02-06 18:00,TSP,2.87
한국중부발전㈜신보령발전본부,1,2018-02-06 18:00,SOx,19.77
한국중부발전㈜신보령발전본부,1,2018-02-06 18:00,NOx,18.97
한국중부발전㈜신보령발전본부,1,2018-02-06 18:30,TSP,2.81
한국중부발전㈜신보령발전본부,1,2018-02-06 18:30,SOx,19.74
한국중부발전㈜신보령발전본부,1,2018-02-06 18:30,NOx,17.84
한국중부발전㈜신보령발전본부,1,2018-02-06 19:00,TSP,2.85
한국중부발전㈜신보령발전본부,1,2018-02-06 19:00,SOx,19.38
한국중부발전㈜신보령발전본부,1,2018-02-06 19:00,NOx,18.85
한국중부발전㈜신보령발전본부,1,2018-02-06 19:30,TSP,2.87
한국중부발전㈜신보령발전본부,1,2018-02-06 19:30,SOx,19.13
한국중부발전㈜신보령발전본부,1,2018-02-06 19:30,NOx,18.07
한국중부발전㈜신보령발전본부,1,2018-02-06 20:00,TSP,2.89
한국중부발전㈜신보령발전본부,1,2018-02-06 20:00,SOx,18.95
한국중부발전㈜신보령발전본부,1,2018-02-06 20:00,NOx,16.96
한국중부발전㈜신보령발전본부,1,2018-02-06 20:30,TSP,2.9
한국중부발전㈜신보령발전본부,1,2018-02-06 20:30,SOx,18.6
한국중부발전㈜신보령발전본부,1,2018-02-06 20:30,NOx,17.0
한국중부발전㈜신보령발전본부,1,2018-02-06 21:00,TSP,2.88
한국중부발전㈜신보령발전본부,1,2018-02-06 21:00,SOx,18.65
한국중부발전㈜신보령발전본부,1,2018-02-06 21:00,NOx,16.47
한국중부발전㈜신보령발전본부,1,2018-02-06 21:30,TSP,2.86
한국중부발전㈜신보령발전본부,1,2018-02-06 21:30,SOx,18.68
한국중부발전㈜신보령발전본부,1,2018-02-06 21:30,NOx,14.93
한국중부발전㈜신보령발전본부,1,2018-02-06 22:00,TSP,2.83
한국중부발전㈜신보령발전본부,1,2018-02-06 22:00,SOx,18.57
한국중부발전㈜신보령발전본부,1,2018-02-06 22:00,NOx,14.89
한국중부발전㈜신보령발전본부,1,2018-02-06 22:30,TSP,2.85
한국중부발전㈜신보령발전본부,1,2018-02-06 22:30,SOx,18.48
한국중부발전㈜신보령발전본부,1,2018-02-06 22:30,NOx,16.82
한국중부발전㈜신보령발전본부,1,2018-02-06 23:00,TSP,2.78
한국중부발전㈜신보령발전본부,1,2018-02-06 23:00,SOx,17.88
한국중부발전㈜신보령발전본부,1,2018-02-06 23:00,NOx,16.65
한국중부발전㈜신보령발전본부,1,2018-02-06 23:30,TSP,2.8
한국중부발전㈜신보령발전본부,1,2018-02-06 23:30,SOx,17.43
한국중부발전㈜신보령발전본부,1,2018-02-06 23:30,NOx,17.11
한국중부발전㈜신보령발전본부,1,2018-02-07 00:00,TSP,2.79
한국중부발전㈜신보령발전본부,1,2018-02-07 00:00,SOx,16.67
한국중부발전㈜신보령발전본부,1,2018-02-07 00:00,NOx,18.12
한국중부발전㈜신보령발전본부,1,2018-02-07 00:30,TSP,2.77
한국중부발전㈜신보령발전본부,1,2018-02-07 00:30,SOx,16.16
한국중부발전㈜신보령발전본부,1,2018-02-07 00:30,NOx,18.38
한국중부발전㈜신보령발전본부,1,2018-02-07 01:00,TSP,2.79
한국중부발전㈜신보령발전본부,1,2018-02-07 01:00,SOx,15.72
한국중부발전㈜신보령발전본부,1,2018-02-07 01:00,NOx,19.74
한국중부발전㈜신보령발전본부,1,2018-02-07 01:30,TSP,2.79
한국중부발전㈜신보령발전본부,1,2018-02-07 01:30,SOx,15.62
한국중부발전㈜신보령발전본부,1,2018-02-07 01:30,NOx,19.05
한국중부발전㈜신보령발전본부,1,2018-02-07 02:00,TSP,2.78
한국중부발전㈜신보령발전본부,1,2018-02-07 02:00,SOx,18.33
한국중부발전㈜신보령발전본부,1,2018-02-07 02:00,NOx,19.65
한국중부발전㈜신보령발전본부,1,2018-02-07 02:30,TSP,2.81
한국중부발전㈜신보령발전본부,1,2018-02-07 02:30,SOx,19.84
한국중부발전㈜신보령발전본부,1,2018-02-07 02:30,NOx,19.16
한국중부발전㈜신보령발전본부,1,2018-02-07 03:00,TSP,2.83
한국중부발전㈜신보령발전본부,1,2018-02-07 03:00,SOx,19.92
한국중부발전㈜신보령발전본부,1,2018-02-07 03:00,NOx,17.42
한국중부발전㈜신보령발전본부,1,2018-02-07 03:30,TSP,2.79
한국중부발전㈜신보령발전본부,1,2018-02-07 03:30,SOx,20.21
한국중부발전㈜신보령발전본부,1,2018-02-07 03:30,NOx,19.19
한국중부발전㈜신보령발전본부,1,2018-02-07 04:00,TSP,2.74
한국중부발전㈜신보령발전본부,1,2018-02-07 04:00,SOx,20.34
한국중부발전㈜신보령발전본부,1,2018-02-07 04:00,NOx,17.14
한국중부발전㈜신보령발전본부,1,2018-02-07 04:30,TSP,2.68
한국중부발전㈜신보령발전본부,1,2018-02-07 04:30,SOx,20.48
한국중부발전㈜신보령발전본부,1,2018-02-07 04:30,NOx,17.34
한국중부발전㈜신보령발전본부,1,2018-02-07 05:00,TSP,2.67
한국중부발전㈜신보령발전본부,1,2018-02-07 05:00,SOx,21.24
한국중부발전㈜신보령발전본부,1,2018-02-07 05:00,NOx,16.24
한국중부발전㈜신보령발전본부,1,2018-02-07 05:30,TSP,2.67
한국중부발전㈜신보령발전본부,1,2018-02-07 05:30,SOx,21.75
한국중부발전㈜신보령발전본부,1,2018-02-07 05:30,NOx,16.42
한국중부발전㈜신보령발전본부,1,2018-02-07 06:00,TSP,2.69
한국중부발전㈜신보령발전본부,1,2018-02-07 06:00,SOx,21.16
한국중부발전㈜신보령발전본부,1,2018-02-07 06:00,NOx,15.87
한국중부발전㈜신보령발전본부,1,2018-02-07 06:30,TSP,2.7
한국중부발전㈜신보령발전본부,1,2018-02-07 06:30,SOx,20.53
한국중부발전㈜신보령발전본부,1,2018-02-07 06:30,NOx,15.85
한국중부발전㈜신보령발전본부,1,2018-02-07 07:00,TSP,2.68
한국중부발전㈜신보령발전본부,1,2018-02-07 07:00,SOx,20.27
한국중부발전㈜신보령발전본부,1,2018-02-07 07:00,NOx,16.21
한국중부발전㈜신보령발전본부,1,2018-02-07 07:30,TSP,2.65
한국중부발전㈜신보령발전본부,1,2018-02-07 07:30,SOx,20.64
한국중부발전㈜신보령발전본부,1,2018-02-07 07:30,NOx,16.74
한국중부발전㈜신보령발전본부,1,2018-02-07 08:00,TSP,2.64
한국중부발전㈜신보령발전본부,1,2018-02-07 08:00,SOx,21.56
한국중부발전㈜신보령발전본부,1,2018-02-07 08:00,NOx,17.41
한국중부발전㈜신보령발전본부,1,2018-02-07 08:30,TSP,2.69
한국중부발전㈜신보령발전본부,1,2018-02-07 08:30,SOx,20.9
한국중부발전㈜신보령발전본부,1,2018-02-07 08:30,NOx,17.93
한국중부발전㈜신보령발전본부,1,2018-02-07 09:00,TSP,2.73
한국중부발전㈜신보령발전본부,1,2018-02-07 09:00,SOx,20.63
한국중부발전㈜신보령발전본부,1,2018-02-07 09:00,NOx,18.29
한국중부발전㈜신보령발전본부,1,2018-02-07 09:30,TSP,2.78
한국중부발전㈜신보령발전본부,1,2018-02-07 09:30,SOx,20.38
한국중부발전㈜신보령발전본부,1,2018-02-07 09:30,NOx,17.87
한국중부발전㈜신보령발전본부,1,2018-02-07 10:00,TSP,2.79
한국중부발전㈜신보령발전본부,1,2018-02-07 10:00,SOx,20.52
한국중부발전㈜신보령발전본부,1,2018-02-07 10:00,NOx,17.57
한국중부발전㈜신보령발전본부,1,2018-02-07 10:30,TSP,2.8
한국중부발전㈜신보령발전본부,1,2018-02-07 10:30,SOx,20.28
한국중부발전㈜신보령발전본부,1,2018-02-07 10:30,NOx,16.91
한국중부발전㈜신보령발전본부,1,2018-02-07 11:00,TSP,2.79
한국중부발전㈜신보령발전본부,1,2018-02-07 11:00,SOx,19.63
한국중부발전㈜신보령발전본부,1,2018-02-07 11:00,NOx,17.19
한국중부발전㈜신보령발전본부,1,2018-02-07 11:30,TSP,2.78
한국중부발전㈜신보령발전본부,1,2018-02-07 11:30,SOx,19.43
한국중부발전㈜신보령발전본부,1,2018-02-07 11:30,NOx,17.98
한국중부발전㈜신보령발전본부,1,2018-02-07 12:00,TSP,2.78
한국중부발전㈜신보령발전본부,1,2018-02-07 12:00,SOx,18.81
한국중부발전㈜신보령발전본부,1,2018-02-07 12:00,NOx,16.81
한국중부발전㈜신보령발전본부,1,2018-02-07 12:30,TSP,2.75
한국중부발전㈜신보령발전본부,1,2018-02-07 12:30,SOx,18.6
한국중부발전㈜신보령발전본부,1,2018-02-07 12:30,NOx,17.34
한국중부발전㈜신보령발전본부,1,2018-02-07 13:00,TSP,2.74
한국중부발전㈜신보령발전본부,1,2018-02-07 13:00,SOx,18.43
한국중부발전㈜신보령발전본부,1,2018-02-07 13:00,NOx,16.49
한국중부발전㈜신보령발전본부,1,2018-02-07 13:30,TSP,2.74
한국중부발전㈜신보령발전본부,1,2018-02-07 13:30,SOx,18.59
한국중부발전㈜신보령발전본부,1,2018-02-07 13:30,NOx,16.01
한국중부발전㈜신보령발전본부,1,2018-02-07 14:00,TSP,2.76
한국중부발전㈜신보령발전본부,1,2018-02-07 14:00,SOx,18.23
한국중부발전㈜신보령발전본부,1,2018-02-07 14:00,NOx,16.42
한국중부발전㈜신보령발전본부,1,2018-02-07 14:30,TSP,2.75
한국중부발전㈜신보령발전본부,1,2018-02-07 14:30,SOx,18.58
한국중부발전㈜신보령발전본부,1,2018-02-07 14:30,NOx,16.78
한국중부발전㈜신보령발전본부,1,2018-02-07 15:00,TSP,2.81
한국중부발전㈜신보령발전본부,1,2018-02-07 15:00,SOx,19.67
한국중부발전㈜신보령발전본부,1,2018-02-07 15:00,NOx,19.88
한국중부발전㈜신보령발전본부,1,2018-02-07 15:30,TSP,2.9
한국중부발전㈜신보령발전본부,1,2018-02-07 15:30,SOx,21.43
한국중부발전㈜신보령발전본부,1,2018-02-07 15:30,NOx,18.09
한국중부발전㈜신보령발전본부,1,2018-02-07 16:00,TSP,2.91
한국중부발전㈜신보령발전본부,1,2018-02-07 16:00,SOx,20.64
한국중부발전㈜신보령발전본부,1,2018-02-07 16:00,NOx,26.3
한국중부발전㈜신보령발전본부,1,2018-02-07 16:30,TSP,2.86
한국중부발전㈜신보령발전본부,1,2018-02-07 16:30,SOx,21.32
한국중부발전㈜신보령발전본부,1,2018-02-07 16:30,NOx,21.94
한국중부발전㈜신보령발전본부,1,2018-02-07 17:00,TSP,2.84
한국중부발전㈜신보령발전본부,1,2018-02-07 17:00,SOx,21.63
한국중부발전㈜신보령발전본부,1,2018-02-07 17:00,NOx,21.34
한국중부발전㈜신보령발전본부,1,2018-02-07 17:30,TSP,2.87
한국중부발전㈜신보령발전본부,1,2018-02-07 17:30,SOx,21.54
한국중부발전㈜신보령발전본부,1,2018-02-07 17:30,NOx,19.05
한국중부발전㈜신보령발전본부,1,2018-02-07 18:00,TSP,2.84
한국중부발전㈜신보령발전본부,1,2018-02-07 18:00,SOx,20.8
한국중부발전㈜신보령발전본부,1,2018-02-07 18:00,NOx,20.77
한국중부발전㈜신보령발전본부,1,2018-02-07 18:30,TSP,2.87
한국중부발전㈜신보령발전본부,1,2018-02-07 18:30,SOx,20.57
한국중부발전㈜신보령발전본부,1,2018-02-07 18:30,NOx,22.06
한국중부발전㈜신보령발전본부,1,2018-02-07 19:00,TSP,2.96
한국중부발전㈜신보령발전본부,1,2018-02-07 19:00,SOx,20.2
한국중부발전㈜신보령발전본부,1,2018-02-07 19:00,NOx,23.52
한국중부발전㈜신보령발전본부,1,2018-02-07 19:30,TSP,2.9
한국중부발전㈜신보령발전본부,1,2018-02-07 19:30,SOx,19.95
한국중부발전㈜신보령발전본부,1,2018-02-07 19:30,NOx,23.67
한국중부발전㈜신보령발전본부,1,2018-02-07 20:00,TSP,2.92
한국중부발전㈜신보령발전본부,1,2018-02-07 20:00,SOx,19.89
한국중부발전㈜신보령발전본부,1,2018-02-07 20:00,NOx,20.95
한국중부발전㈜신보령발전본부,1,2018-02-07 20:30,TSP,2.9
한국중부발전㈜신보령발전본부,1,2018-02-07 20:30,SOx,20.33
한국중부발전㈜신보령발전본부,1,2018-02-07 20:30,NOx,21.6
한국중부발전㈜신보령발전본부,1,2018-02-07 21:00,TSP,2.91
한국중부발전㈜신보령발전본부,1,2018-02-07 21:00,SOx,21.06
한국중부발전㈜신보령발전본부,1,2018-02-07 21:00,NOx,20.23
한국중부발전㈜신보령발전본부,1,2018-02-07 21:30,TSP,2.95
한국중부발전㈜신보령발전본부,1,2018-02-07 21:30,SOx,21.86
한국중부발전㈜신보령발전본부,1,2018-02-07 21:30,NOx,19.02
한국중부발전㈜신보령발전본부,1,2018-02-07 22:00,TSP,2.96
한국중부발전㈜신보령발전본부,1,2018-02-07 22:00,SOx,21.03
한국중부발전㈜신보령발전본부,1,2018-02-07 22:00,NOx,18.02
한국중부발전㈜신보령발전본부,1,2018-02-07 22:30,TSP,2.93
한국중부발전㈜신보령발전본부,1,2018-02-07 22:30,SOx,20.09
한국중부발전㈜신보령발전본부,1,2018-02-07 22:30,NOx,17.75
한국중부발전㈜신보령발전본부,1,2018-02-07 23:00,TSP,2.92
한국중부발전㈜신보령발전본부,1,2018-02-07 23:00,SOx,19.89
한국중부발전㈜신보령발전본부,1,2018-02-07 23:00,NOx,18.32
한국중부발전㈜신보령발전본부,1,2018-02-07 23:30,TSP,2.88
한국중부발전㈜신보령발전본부,1,2018-02-07 23:30,SOx,20.55
한국중부발전㈜신보령발전본부,1,2018-02-07 23:30,NOx,18.35
한국중부발전㈜신보령발전본부,1,2018-02-08 00:00,TSP,2.77
한국중부발전㈜신보령발전본부,1,2018-02-08 00:00,SOx,21.37
한국중부발전㈜신보령발전본부,1,2018-02-08 00:00,NOx,18.04
한국중부발전㈜신보령발전본부,1,2018-02-08 00:30,TSP,2.68
한국중부발전㈜신보령발전본부,1,2018-02-08 00:30,SOx,21.78
한국중부발전㈜신보령발전본부,1,2018-02-08 00:30,NOx,20.23
한국중부발전㈜신보령발전본부,1,2018-02-08 01:00,TSP,2.65
한국중부발전㈜신보령발전본부,1,2018-02-08 01:00,SOx,21.75
한국중부발전㈜신보령발전본부,1,2018-02-08 01:00,NOx,18.99
한국중부발전㈜신보령발전본부,1,2018-02-08 01:30,TSP,2.63
한국중부발전㈜신보령발전본부,1,2018-02-08 01:30,SOx,21.71
한국중부발전㈜신보령발전본부,1,2018-02-08 01:30,NOx,19.16
한국중부발전㈜신보령발전본부,1,2018-02-08 02:00,TSP,2.62
한국중부발전㈜신보령발전본부,1,2018-02-08 02:00,SOx,21.62
한국중부발전㈜신보령발전본부,1,2018-02-08 02:00,NOx,19.75
한국중부발전㈜신보령발전본부,1,2018-02-08 02:30,TSP,2.6
한국중부발전㈜신보령발전본부,1,2018-02-08 02:30,SOx,21.71
한국중부발전㈜신보령발전본부,1,2018-02-08 02:30,NOx,18.01
한국중부발전㈜신보령발전본부,1,2018-02-08 03:00,TSP,2.62
한국중부발전㈜신보령발전본부,1,2018-02-08 03:00,SOx,21.88
한국중부발전㈜신보령발전본부,1,2018-02-08 03:00,NOx,18.11
한국중부발전㈜신보령발전본부,1,2018-02-08 03:30,TSP,2.6
한국중부발전㈜신보령발전본부,1,2018-02-08 03:30,SOx,21.87
한국중부발전㈜신보령발전본부,1,2018-02-08 03:30,NOx,18.99
한국중부발전㈜신보령발전본부,1,2018-02-08 04:00,TSP,2.58
한국중부발전㈜신보령발전본부,1,2018-02-08 04:00,SOx,22.16
한국중부발전㈜신보령발전본부,1,2018-02-08 04:00,NOx,19.67
한국중부발전㈜신보령발전본부,1,2018-02-08 04:30,TSP,2.58
한국중부발전㈜신보령발전본부,1,2018-02-08 04:30,SOx,22.41
한국중부발전㈜신보령발전본부,1,2018-02-08 04:30,NOx,20.89
한국중부발전㈜신보령발전본부,1,2018-02-08 05:00,TSP,2.61
한국중부발전㈜신보령발전본부,1,2018-02-08 05:00,SOx,23.07
한국중부발전㈜신보령발전본부,1,2018-02-08 05:00,NOx,21.74
한국중부발전㈜신보령발전본부,1,2018-02-08 05:30,TSP,2.66
한국중부발전㈜신보령발전본부,1,2018-02-08 05:30,SOx,22.63
한국중부발전㈜신보령발전본부,1,2018-02-08 05:30,NOx,22.02
한국중부발전㈜신보령발전본부,1,2018-02-08 06:00,TSP,2.64
한국중부발전㈜신보령발전본부,1,2018-02-08 06:00,SOx,22.06
한국중부발전㈜신보령발전본부,1,2018-02-08 06:00,NOx,20.99
한국중부발전㈜신보령발전본부,1,2018-02-08 06:30,TSP,2.62
한국중부발전㈜신보령발전본부,1,2018-02-08 06:30,SOx,21.18
한국중부발전㈜신보령발전본부,1,2018-02-08 06:30,NOx,21.34
한국중부발전㈜신보령발전본부,1,2018-02-08 07:00,TSP,2.63
한국중부발전㈜신보령발전본부,1,2018-02-08 07:00,SOx,21.11
한국중부발전㈜신보령발전본부,1,2018-02-08 07:00,NOx,22.09
한국중부발전㈜신보령발전본부,1,2018-02-08 07:30,TSP,2.63
한국중부발전㈜신보령발전본부,1,2018-02-08 07:30,SOx,21.4
한국중부발전㈜신보령발전본부,1,2018-02-08 07:30,NOx,22.85
한국중부발전㈜신보령발전본부,1,2018-02-08 08:00,TSP,2.62
한국중부발전㈜신보령발전본부,1,2018-02-08 08:00,SOx,21.93
한국중부발전㈜신보령발전본부,1,2018-02-08 08:00,NOx,21.06
한국중부발전㈜신보령발전본부,1,2018-02-08 08:30,TSP,2.63
한국중부발전㈜신보령발전본부,1,2018-02-08 08:30,SOx,22.13
한국중부발전㈜신보령발전본부,1,2018-02-08 08:30,NOx,21.52
한국중부발전㈜신보령발전본부,1,2018-02-08 09:00,TSP,2.64
한국중부발전㈜신보령발전본부,1,2018-02-08 09:00,SOx,22.4
한국중부발전㈜신보령발전본부,1,2018-02-08 09:00,NOx,21.56
한국중부발전㈜신보령발전본부,1,2018-02-08 09:30,TSP,2.65
한국중부발전㈜신보령발전본부,1,2018-02-08 09:30,SOx,22.18
한국중부발전㈜신보령발전본부,1,2018-02-08 09:30,NOx,21.31
한국중부발전㈜신보령발전본부,1,2018-02-08 10:00,TSP,2.68
한국중부발전㈜신보령발전본부,1,2018-02-08 10:00,SOx,22.44
한국중부발전㈜신보령발전본부,1,2018-02-08 10:00,NOx,22.45
한국중부발전㈜신보령발전본부,1,2018-02-08 10:30,TSP,2.69
한국중부발전㈜신보령발전본부,1,2018-02-08 10:30,SOx,22.81
한국중부발전㈜신보령발전본부,1,2018-02-08 10:30,NOx,23.58
한국중부발전㈜신보령발전본부,1,2018-02-08 11:00,TSP,2.72
한국중부발전㈜신보령발전본부,1,2018-02-08 11:00,SOx,22.52
한국중부발전㈜신보령발전본부,1,2018-02-08 11:00,NOx,25.29
한국중부발전㈜신보령발전본부,1,2018-02-08 11:30,TSP,2.75
한국중부발전㈜신보령발전본부,1,2018-02-08 11:30,SOx,22.93
한국중부발전㈜신보령발전본부,1,2018-02-08 11:30,NOx,23.48
한국중부발전㈜신보령발전본부,1,2018-02-08 12:00,TSP,2.71
한국중부발전㈜신보령발전본부,1,2018-02-08 12:00,SOx,22.26
한국중부발전㈜신보령발전본부,1,2018-02-08 12:00,NOx,23.55
한국중부발전㈜신보령발전본부,1,2018-02-08 12:30,TSP,2.7
한국중부발전㈜신보령발전본부,1,2018-02-08 12:30,SOx,22.18
한국중부발전㈜신보령발전본부,1,2018-02-08 12:30,NOx,22.68
한국중부발전㈜신보령발전본부,1,2018-02-08 13:00,TSP,2.68
한국중부발전㈜신보령발전본부,1,2018-02-08 13:00,SOx,22.89
한국중부발전㈜신보령발전본부,1,2018-02-08 13:00,NOx,22.17
한국중부발전㈜신보령발전본부,1,2018-02-08 13:30,TSP,2.7
한국중부발전㈜신보령발전본부,1,2018-02-08 13:30,SOx,23.62
한국중부발전㈜신보령발전본부,1,2018-02-08 13:30,NOx,22.6
한국중부발전㈜신보령발전본부,1,2018-02-08 14:00,TSP,2.69
한국중부발전㈜신보령발전본부,1,2018-02-08 14:00,SOx,24.38
한국중부발전㈜신보령발전본부,1,2018-02-08 14:00,NOx,22.54
한국중부발전㈜신보령발전본부,1,2018-02-08 14:30,TSP,2.69
한국중부발전㈜신보령발전본부,1,2018-02-08 14:30,SOx,24.95
한국중부발전㈜신보령발전본부,1,2018-02-08 14:30,NOx,22.17
한국중부발전㈜신보령발전본부,1,2018-02-08 15:00,TSP,2.67
한국중부발전㈜신보령발전본부,1,2018-02-08 15:00,SOx,25.05
한국중부발전㈜신보령발전본부,1,2018-02-08 15:00,NOx,21.9
한국중부발전㈜신보령발전본부,1,2018-02-08 15:30,TSP,2.65
한국중부발전㈜신보령발전본부,1,2018-02-08 15:30,SOx,25.81
한국중부발전㈜신보령발전본부,1,2018-02-08 15:30,NOx,22.0
한국중부발전㈜신보령발전본부,1,2018-02-08 16:00,TSP,2.63
한국중부발전㈜신보령발전본부,1,2018-02-08 16:00,SOx,22.04
한국중부발전㈜신보령발전본부,1,2018-02-08 16:00,NOx,21.59
한국중부발전㈜신보령발전본부,1,2018-02-08 16:30,TSP,2.68
한국중부발전㈜신보령발전본부,1,2018-02-08 16:30,SOx,21.61
한국중부발전㈜신보령발전본부,1,2018-02-08 16:30,NOx,20.92
한국중부발전㈜신보령발전본부,1,2018-02-08 17:00,TSP,2.77
한국중부발전㈜신보령발전본부,1,2018-02-08 17:00,SOx,21.53
한국중부발전㈜신보령발전본부,1,2018-02-08 17:00,NOx,21.16
한국중부발전㈜신보령발전본부,1,2018-02-08 17:30,TSP,2.91
한국중부발전㈜신보령발전본부,1,2018-02-08 17:30,SOx,20.77
한국중부발전㈜신보령발전본부,1,2018-02-08 17:30,NOx,21.12
한국중부발전㈜신보령발전본부,1,2018-02-08 18:00,TSP,2.97
한국중부발전㈜신보령발전본부,1,2018-02-08 18:00,SOx,21.12
한국중부발전㈜신보령발전본부,1,2018-02-08 18:00,NOx,21.26
한국중부발전㈜신보령발전본부,1,2018-02-08 18:30,TSP,2.93
한국중부발전㈜신보령발전본부,1,2018-02-08 18:30,SOx,19.35
한국중부발전㈜신보령발전본부,1,2018-02-08 18:30,NOx,20.03
한국중부발전㈜신보령발전본부,1,2018-02-08 19:00,TSP,3.07
한국중부발전㈜신보령발전본부,1,2018-02-08 19:00,SOx,19.49
한국중부발전㈜신보령발전본부,1,2018-02-08 19:00,NOx,21.0
한국중부발전㈜신보령발전본부,1,2018-02-08 19:30,TSP,2.98
한국중부발전㈜신보령발전본부,1,2018-02-08 19:30,SOx,20.44
한국중부발전㈜신보령발전본부,1,2018-02-08 19:30,NOx,20.55
한국중부발전㈜신보령발전본부,1,2018-02-08 20:00,TSP,2.96
한국중부발전㈜신보령발전본부,1,2018-02-08 20:00,SOx,19.84
한국중부발전㈜신보령발전본부,1,2018-02-08 20:00,NOx,19.54
한국중부발전㈜신보령발전본부,1,2018-02-08 20:30,TSP,2.97
한국중부발전㈜신보령발전본부,1,2018-02-08 20:30,SOx,19.65
한국중부발전㈜신보령발전본부,1,2018-02-08 20:30,NOx,18.73
한국중부발전㈜신보령발전본부,1,2018-02-08 21:00,TSP,3.0
한국중부발전㈜신보령발전본부,1,2018-02-08 21:00,SOx,19.86
한국중부발전㈜신보령발전본부,1,2018-02-08 21:00,NOx,19.47
한국중부발전㈜신보령발전본부,1,2018-02-08 21:30,TSP,3.0
한국중부발전㈜신보령발전본부,1,2018-02-08 21:30,SOx,20.4
한국중부발전㈜신보령발전본부,1,2018-02-08 21:30,NOx,19.07
한국중부발전㈜신보령발전본부,1,2018-02-08 22:00,TSP,2.99
한국중부발전㈜신보령발전본부,1,2018-02-08 22:00,SOx,20.75
한국중부발전㈜신보령발전본부,1,2018-02-08 22:00,NOx,19.14
한국중부발전㈜신보령발전본부,1,2018-02-08 22:30,TSP,2.9
한국중부발전㈜신보령발전본부,1,2018-02-08 22:30,SOx,21.12
한국중부발전㈜신보령발전본부,1,2018-02-08 22:30,NOx,20.06
한국중부발전㈜신보령발전본부,1,2018-02-08 23:00,TSP,2.88
한국중부발전㈜신보령발전본부,1,2018-02-08 23:00,SOx,21.82
한국중부발전㈜신보령발전본부,1,2018-02-08 23:00,NOx,20.44
한국중부발전㈜신보령발전본부,1,2018-02-08 23:30,TSP,2.84
한국중부발전㈜신보령발전본부,1,2018-02-08 23:30,SOx,21.6
한국중부발전㈜신보령발전본부,1,2018-02-08 23:30,NOx,20.96
한국중부발전㈜신보령발전본부,1,2018-02-09 00:00,TSP,2.83
한국중부발전㈜신보령발전본부,1,2018-02-09 00:00,SOx,21.73
한국중부발전㈜신보령발전본부,1,2018-02-09 00:00,NOx,21.37
한국중부발전㈜신보령발전본부,1,2018-02-09 00:30,TSP,2.82
한국중부발전㈜신보령발전본부,1,2018-02-09 00:30,SOx,21.1
한국중부발전㈜신보령발전본부,1,2018-02-09 00:30,NOx,22.0
한국중부발전㈜신보령발전본부,1,2018-02-09 01:00,TSP,2.85
한국중부발전㈜신보령발전본부,1,2018-02-09 01:00,SOx,20.81
한국중부발전㈜신보령발전본부,1,2018-02-09 01:00,NOx,21.65
한국중부발전㈜신보령발전본부,1,2018-02-09 01:30,TSP,2.89
한국중부발전㈜신보령발전본부,1,2018-02-09 01:30,SOx,20.77
한국중부발전㈜신보령발전본부,1,2018-02-09 01:30,NOx,22.33
한국중부발전㈜신보령발전본부,1,2018-02-09 02:00,TSP,2.9
한국중부발전㈜신보령발전본부,1,2018-02-09 02:00,SOx,20.29
한국중부발전㈜신보령발전본부,1,2018-02-09 02:00,NOx,21.67
한국중부발전㈜신보령발전본부,1,2018-02-09 02:30,TSP,2.93
한국중부발전㈜신보령발전본부,1,2018-02-09 02:30,SOx,19.98
한국중부발전㈜신보령발전본부,1,2018-02-09 02:30,NOx,21.56
한국중부발전㈜신보령발전본부,1,2018-02-09 03:00,TSP,2.92
한국중부발전㈜신보령발전본부,1,2018-02-09 03:00,SOx,19.41
한국중부발전㈜신보령발전본부,1,2018-02-09 03:00,NOx,22.68
한국중부발전㈜신보령발전본부,1,2018-02-09 03:30,TSP,2.91
한국중부발전㈜신보령발전본부,1,2018-02-09 03:30,SOx,19.87
한국중부발전㈜신보령발전본부,1,2018-02-09 03:30,NOx,22.36
한국중부발전㈜신보령발전본부,1,2018-02-09 04:00,TSP,2.9
한국중부발전㈜신보령발전본부,1,2018-02-09 04:00,SOx,19.87
한국중부발전㈜신보령발전본부,1,2018-02-09 04:00,NOx,22.41
한국중부발전㈜신보령발전본부,1,2018-02-09 04:30,TSP,2.91
한국중부발전㈜신보령발전본부,1,2018-02-09 04:30,SOx,19.91
한국중부발전㈜신보령발전본부,1,2018-02-09 04:30,NOx,22.13
한국중부발전㈜신보령발전본부,1,2018-02-09 05:00,TSP,2.9
한국중부발전㈜신보령발전본부,1,2018-02-09 05:00,SOx,20.0
한국중부발전㈜신보령발전본부,1,2018-02-09 05:00,NOx,22.17
한국중부발전㈜신보령발전본부,1,2018-02-09 05:30,TSP,2.88
한국중부발전㈜신보령발전본부,1,2018-02-09 05:30,SOx,20.11
한국중부발전㈜신보령발전본부,1,2018-02-09 05:30,NOx,21.74
한국중부발전㈜신보령발전본부,1,2018-02-09 06:00,TSP,2.86
한국중부발전㈜신보령발전본부,1,2018-02-09 06:00,SOx,20.66
한국중부발전㈜신보령발전본부,1,2018-02-09 06:00,NOx,22.6
한국중부발전㈜신보령발전본부,1,2018-02-09 06:30,TSP,2.91
한국중부발전㈜신보령발전본부,1,2018-02-09 06:30,SOx,20.02
한국중부발전㈜신보령발전본부,1,2018-02-09 06:30,NOx,20.35
한국중부발전㈜신보령발전본부,1,2018-02-09 07:00,TSP,2.93
한국중부발전㈜신보령발전본부,1,2018-02-09 07:00,SOx,19.47
한국중부발전㈜신보령발전본부,1,2018-02-09 07:00,NOx,17.97
한국중부발전㈜신보령발전본부,1,2018-02-09 07:30,TSP,2.84
한국중부발전㈜신보령발전본부,1,2018-02-09 07:30,SOx,22.29
한국중부발전㈜신보령발전본부,1,2018-02-09 07:30,NOx,20.94
한국중부발전㈜신보령발전본부,1,2018-02-09 08:00,TSP,2.81
한국중부발전㈜신보령발전본부,1,2018-02-09 08:00,SOx,23.3
한국중부발전㈜신보령발전본부,1,2018-02-09 08:00,NOx,21.07
한국중부발전㈜신보령발전본부,1,2018-02-09 08:30,TSP,2.86
한국중부발전㈜신보령발전본부,1,2018-02-09 08:30,SOx,22.99
한국중부발전㈜신보령발전본부,1,2018-02-09 08:30,NOx,21.62
한국중부발전㈜신보령발전본부,1,2018-02-09 09:00,TSP,2.93
한국중부발전㈜신보령발전본부,1,2018-02-09 09:00,SOx,22.25
한국중부발전㈜신보령발전본부,1,2018-02-09 09:00,NOx,21.95
한국중부발전㈜신보령발전본부,1,2018-02-09 09:30,TSP,2.98
한국중부발전㈜신보령발전본부,1,2018-02-09 09:30,SOx,22.15
한국중부발전㈜신보령발전본부,1,2018-02-09 09:30,NOx,21.93
한국중부발전㈜신보령발전본부,1,2018-02-09 10:00,TSP,3.02
한국중부발전㈜신보령발전본부,1,2018-02-09 10:00,SOx,21.67
한국중부발전㈜신보령발전본부,1,2018-02-09 10:00,NOx,21.4
한국중부발전㈜신보령발전본부,1,2018-02-09 10:30,TSP,3.09
한국중부발전㈜신보령발전본부,1,2018-02-09 10:30,SOx,21.31
한국중부발전㈜신보령발전본부,1,2018-02-09 10:30,NOx,22.59
한국중부발전㈜신보령발전본부,1,2018-02-09 11:00,TSP,3.11
한국중부발전㈜신보령발전본부,1,2018-02-09 11:00,SOx,20.81
한국중부발전㈜신보령발전본부,1,2018-02-09 11:00,NOx,22.22
한국중부발전㈜신보령발전본부,1,2018-02-09 11:30,TSP,3.03
한국중부발전㈜신보령발전본부,1,2018-02-09 11:30,SOx,20.24
한국중부발전㈜신보령발전본부,1,2018-02-09 11:30,NOx,23.17
한국중부발전㈜신보령발전본부,1,2018-02-09 12:00,TSP,3.03
한국중부발전㈜신보령발전본부,1,2018-02-09 12:00,SOx,19.93
한국중부발전㈜신보령발전본부,1,2018-02-09 12:00,NOx,23.68
한국중부발전㈜신보령발전본부,1,2018-02-09 12:30,TSP,3.01
한국중부발전㈜신보령발전본부,1,2018-02-09 12:30,SOx,20.45
한국중부발전㈜신보령발전본부,1,2018-02-09 12:30,NOx,23.44
한국중부발전㈜신보령발전본부,1,2018-02-09 13:00,TSP,2.96
한국중부발전㈜신보령발전본부,1,2018-02-09 13:00,SOx,21.5
한국중부발전㈜신보령발전본부,1,2018-02-09 13:00,NOx,25.47
한국중부발전㈜신보령발전본부,1,2018-02-09 13:30,TSP,2.92
한국중부발전㈜신보령발전본부,1,2018-02-09 13:30,SOx,22.69
한국중부발전㈜신보령발전본부,1,2018-02-09 13:30,NOx,23.82
한국중부발전㈜신보령발전본부,1,2018-02-09 14:00,TSP,2.86
한국중부발전㈜신보령발전본부,1,2018-02-09 14:00,SOx,23.57
한국중부발전㈜신보령발전본부,1,2018-02-09 14:00,NOx,21.59
한국중부발전㈜신보령발전본부,1,2018-02-09 14:30,TSP,2.81
한국중부발전㈜신보령발전본부,1,2018-02-09 14:30,SOx,24.15
한국중부발전㈜신보령발전본부,1,2018-02-09 14:30,NOx,20.41
한국중부발전㈜신보령발전본부,1,2018-02-09 15:00,TSP,2.79
한국중부발전㈜신보령발전본부,1,2018-02-09 15:00,SOx,22.74
한국중부발전㈜신보령발전본부,1,2018-02-09 15:00,NOx,20.1
한국중부발전㈜신보령발전본부,1,2018-02-09 15:30,TSP,2.76
한국중부발전㈜신보령발전본부,1,2018-02-09 15:30,SOx,20.97
한국중부발전㈜신보령발전본부,1,2018-02-09 15:30,NOx,18.61
한국중부발전㈜신보령발전본부,1,2018-02-09 16:00,TSP,2.78
한국중부발전㈜신보령발전본부,1,2018-02-09 16:00,SOx,21.47
한국중부발전㈜신보령발전본부,1,2018-02-09 16:00,NOx,18.06
한국중부발전㈜신보령발전본부,1,2018-02-09 16:30,TSP,2.77
한국중부발전㈜신보령발전본부,1,2018-02-09 16:30,SOx,21.95
한국중부발전㈜신보령발전본부,1,2018-02-09 16:30,NOx,19.54
한국중부발전㈜신보령발전본부,1,2018-02-09 17:00,TSP,2.81
한국중부발전㈜신보령발전본부,1,2018-02-09 17:00,SOx,22.14
한국중부발전㈜신보령발전본부,1,2018-02-09 17:00,NOx,20.64
한국중부발전㈜신보령발전본부,1,2018-02-09 17:30,TSP,2.83
한국중부발전㈜신보령발전본부,1,2018-02-09 17:30,SOx,22.43
한국중부발전㈜신보령발전본부,1,2018-02-09 17:30,NOx,21.07
한국중부발전㈜신보령발전본부,1,2018-02-09 18:00,TSP,2.85
한국중부발전㈜신보령발전본부,1,2018-02-09 18:00,SOx,22.43
한국중부발전㈜신보령발전본부,1,2018-02-09 18:00,NOx,21.99
한국중부발전㈜신보령발전본부,1,2018-02-09 18:30,TSP,2.88
한국중부발전㈜신보령발전본부,1,2018-02-09 18:30,SOx,22.38
한국중부발전㈜신보령발전본부,1,2018-02-09 18:30,NOx,21.48
한국중부발전㈜신보령발전본부,1,2018-02-09 19:00,TSP,3.0
한국중부발전㈜신보령발전본부,1,2018-02-09 19:00,SOx,21.62
한국중부발전㈜신보령발전본부,1,2018-02-09 19:00,NOx,21.35
한국중부발전㈜신보령발전본부,1,2018-02-09 19:30,TSP,2.86
한국중부발전㈜신보령발전본부,1,2018-02-09 19:30,SOx,21.03
한국중부발전㈜신보령발전본부,1,2018-02-09 19:30,NOx,19.64
한국중부발전㈜신보령발전본부,1,2018-02-09 20:00,TSP,2.9
한국중부발전㈜신보령발전본부,1,2018-02-09 20:00,SOx,20.04
한국중부발전㈜신보령발전본부,1,2018-02-09 20:00,NOx,18.43
한국중부발전㈜신보령발전본부,1,2018-02-09 20:30,TSP,2.91
한국중부발전㈜신보령발전본부,1,2018-02-09 20:30,SOx,19.66
한국중부발전㈜신보령발전본부,1,2018-02-09 20:30,NOx,17.89
한국중부발전㈜신보령발전본부,1,2018-02-09 21:00,TSP,2.94
한국중부발전㈜신보령발전본부,1,2018-02-09 21:00,SOx,19.2
한국중부발전㈜신보령발전본부,1,2018-02-09 21:00,NOx,18.47
한국중부발전㈜신보령발전본부,1,2018-02-09 21:30,TSP,2.95
한국중부발전㈜신보령발전본부,1,2018-02-09 21:30,SOx,18.98
한국중부발전㈜신보령발전본부,1,2018-02-09 21:30,NOx,19.55
한국중부발전㈜신보령발전본부,1,2018-02-09 22:00,TSP,2.96
한국중부발전㈜신보령발전본부,1,2018-02-09 22:00,SOx,18.61
한국중부발전㈜신보령발전본부,1,2018-02-09 22:00,NOx,20.01
한국중부발전㈜신보령발전본부,1,2018-02-09 22:30,TSP,2.89
한국중부발전㈜신보령발전본부,1,2018-02-09 22:30,SOx,17.72
한국중부발전㈜신보령발전본부,1,2018-02-09 22:30,NOx,21.16
한국중부발전㈜신보령발전본부,1,2018-02-09 23:00,TSP,2.92
한국중부발전㈜신보령발전본부,1,2018-02-09 23:00,SOx,17.48
한국중부발전㈜신보령발전본부,1,2018-02-09 23:00,NOx,19.28
한국중부발전㈜신보령발전본부,1,2018-02-09 23:30,TSP,2.88
한국중부발전㈜신보령발전본부,1,2018-02-09 23:30,SOx,16.89
한국중부발전㈜신보령발전본부,1,2018-02-09 23:30,NOx,19.95
한국중부발전㈜신보령발전본부,1,2018-02-10 00:00,TSP,2.89
한국중부발전㈜신보령발전본부,1,2018-02-10 00:00,SOx,19.71
한국중부발전㈜신보령발전본부,1,2018-02-10 00:00,NOx,20.41
한국중부발전㈜신보령발전본부,1,2018-02-10 00:30,TSP,2.88
한국중부발전㈜신보령발전본부,1,2018-02-10 00:30,SOx,21.24
한국중부발전㈜신보령발전본부,1,2018-02-10 00:30,NOx,19.92
한국중부발전㈜신보령발전본부,1,2018-02-10 01:00,TSP,2.9
한국중부발전㈜신보령발전본부,1,2018-02-10 01:00,SOx,21.45
한국중부발전㈜신보령발전본부,1,2018-02-10 01:00,NOx,19.77
한국중부발전㈜신보령발전본부,1,2018-02-10 01:30,TSP,2.91
한국중부발전㈜신보령발전본부,1,2018-02-10 01:30,SOx,22.06
한국중부발전㈜신보령발전본부,1,2018-02-10 01:30,NOx,19.55
한국중부발전㈜신보령발전본부,1,2018-02-10 02:00,TSP,2.91
한국중부발전㈜신보령발전본부,1,2018-02-10 02:00,SOx,22.57
한국중부발전㈜신보령발전본부,1,2018-02-10 02:00,NOx,18.59
한국중부발전㈜신보령발전본부,1,2018-02-10 02:30,TSP,2.9
한국중부발전㈜신보령발전본부,1,2018-02-10 02:30,SOx,23.26
한국중부발전㈜신보령발전본부,1,2018-02-10 02:30,NOx,18.84
한국중부발전㈜신보령발전본부,1,2018-02-10 03:00,TSP,2.9
한국중부발전㈜신보령발전본부,1,2018-02-10 03:00,SOx,23.45
한국중부발전㈜신보령발전본부,1,2018-02-10 03:00,NOx,19.5
한국중부발전㈜신보령발전본부,1,2018-02-10 03:30,TSP,2.83
한국중부발전㈜신보령발전본부,1,2018-02-10 03:30,SOx,23.56
한국중부발전㈜신보령발전본부,1,2018-02-10 03:30,NOx,20.28
한국중부발전㈜신보령발전본부,1,2018-02-10 04:00,TSP,2.83
한국중부발전㈜신보령발전본부,1,2018-02-10 04:00,SOx,23.53
한국중부발전㈜신보령발전본부,1,2018-02-10 04:00,NOx,19.55
한국중부발전㈜신보령발전본부,1,2018-02-10 04:30,TSP,2.88
한국중부발전㈜신보령발전본부,1,2018-02-10 04:30,SOx,23.7
한국중부발전㈜신보령발전본부,1,2018-02-10 04:30,NOx,21.14
한국중부발전㈜신보령발전본부,1,2018-02-10 05:00,TSP,2.9
한국중부발전㈜신보령발전본부,1,2018-02-10 05:00,SOx,24.17
한국중부발전㈜신보령발전본부,1,2018-02-10 05:00,NOx,21.93
한국중부발전㈜신보령발전본부,1,2018-02-10 05:30,TSP,2.9
한국중부발전㈜신보령발전본부,1,2018-02-10 05:30,SOx,23.76
한국중부발전㈜신보령발전본부,1,2018-02-10 05:30,NOx,21.11
한국중부발전㈜신보령발전본부,1,2018-02-10 06:00,TSP,2.93
한국중부발전㈜신보령발전본부,1,2018-02-10 06:00,SOx,20.25
한국중부발전㈜신보령발전본부,1,2018-02-10 06:00,NOx,21.49
한국중부발전㈜신보령발전본부,1,2018-02-10 06:30,TSP,2.94
한국중부발전㈜신보령발전본부,1,2018-02-10 06:30,SOx,20.15
한국중부발전㈜신보령발전본부,1,2018-02-10 06:30,NOx,21.94
한국중부발전㈜신보령발전본부,1,2018-02-10 07:00,TSP,2.96
한국중부발전㈜신보령발전본부,1,2018-02-10 07:00,SOx,20.06
한국중부발전㈜신보령발전본부,1,2018-02-10 07:00,NOx,22.11
한국중부발전㈜신보령발전본부,1,2018-02-10 07:30,TSP,2.92
한국중부발전㈜신보령발전본부,1,2018-02-10 07:30,SOx,20.2
한국중부발전㈜신보령발전본부,1,2018-02-10 07:30,NOx,22.16
한국중부발전㈜신보령발전본부,1,2018-02-10 08:00,TSP,2.91
한국중부발전㈜신보령발전본부,1,2018-02-10 08:00,SOx,20.53
한국중부발전㈜신보령발전본부,1,2018-02-10 08:00,NOx,22.25
한국중부발전㈜신보령발전본부,1,2018-02-10 08:30,TSP,2.9
한국중부발전㈜신보령발전본부,1,2018-02-10 08:30,SOx,20.76
한국중부발전㈜신보령발전본부,1,2018-02-10 08:30,NOx,22.6
한국중부발전㈜신보령발전본부,1,2018-02-10 09:00,TSP,2.9
한국중부발전㈜신보령발전본부,1,2018-02-10 09:00,SOx,21.06
한국중부발전㈜신보령발전본부,1,2018-02-10 09:00,NOx,21.58
한국중부발전㈜신보령발전본부,1,2018-02-10 09:30,TSP,2.92
한국중부발전㈜신보령발전본부,1,2018-02-10 09:30,SOx,21.38
한국중부발전㈜신보령발전본부,1,2018-02-10 09:30,NOx,21.21
한국중부발전㈜신보령발전본부,1,2018-02-10 10:00,TSP,2.95
한국중부발전㈜신보령발전본부,1,2018-02-10 10:00,SOx,21.83
한국중부발전㈜신보령발전본부,1,2018-02-10 10:00,NOx,21.3
한국중부발전㈜신보령발전본부,1,2018-02-10 10:30,TSP,2.95
한국중부발전㈜신보령발전본부,1,2018-02-10 10:30,SOx,22.22
한국중부발전㈜신보령발전본부,1,2018-02-10 10:30,NOx,19.69
한국중부발전㈜신보령발전본부,1,2018-02-10 11:00,TSP,2.97
한국중부발전㈜신보령발전본부,1,2018-02-10 11:00,SOx,21.92
한국중부발전㈜신보령발전본부,1,2018-02-10 11:00,NOx,19.59
한국중부발전㈜신보령발전본부,1,2018-02-10 11:30,TSP,2.88
한국중부발전㈜신보령발전본부,1,2018-02-10 11:30,SOx,21.23
한국중부발전㈜신보령발전본부,1,2018-02-10 11:30,NOx,20.52
한국중부발전㈜신보령발전본부,1,2018-02-10 12:00,TSP,2.83
한국중부발전㈜신보령발전본부,1,2018-02-10 12:00,SOx,20.82
한국중부발전㈜신보령발전본부,1,2018-02-10 12:00,NOx,19.05
한국중부발전㈜신보령발전본부,1,2018-02-10 12:30,TSP,2.81
한국중부발전㈜신보령발전본부,1,2018-02-10 12:30,SOx,19.99
한국중부발전㈜신보령발전본부,1,2018-02-10 12:30,NOx,19.0
한국중부발전㈜신보령발전본부,1,2018-02-10 13:00,TSP,2.82
한국중부발전㈜신보령발전본부,1,2018-02-10 13:00,SOx,19.9
한국중부발전㈜신보령발전본부,1,2018-02-10 13:00,NOx,19.32
한국중부발전㈜신보령발전본부,1,2018-02-10 13:30,TSP,2.8
한국중부발전㈜신보령발전본부,1,2018-02-10 13:30,SOx,19.59
한국중부발전㈜신보령발전본부,1,2018-02-10 13:30,NOx,18.35
한국중부발전㈜신보령발전본부,1,2018-02-10 14:00,TSP,2.81
한국중부발전㈜신보령발전본부,1,2018-02-10 14:00,SOx,19.68
한국중부발전㈜신보령발전본부,1,2018-02-10 14:00,NOx,19.21
한국중부발전㈜신보령발전본부,1,2018-02-10 14:30,TSP,2.84
한국중부발전㈜신보령발전본부,1,2018-02-10 14:30,SOx,19.85
한국중부발전㈜신보령발전본부,1,2018-02-10 14:30,NOx,19.01
한국중부발전㈜신보령발전본부,1,2018-02-10 15:00,TSP,2.82
한국중부발전㈜신보령발전본부,1,2018-02-10 15:00,SOx,19.65
한국중부발전㈜신보령발전본부,1,2018-02-10 15:00,NOx,19.79
한국중부발전㈜신보령발전본부,1,2018-02-10 15:30,TSP,2.85
한국중부발전㈜신보령발전본부,1,2018-02-10 15:30,SOx,19.87
한국중부발전㈜신보령발전본부,1,2018-02-10 15:30,NOx,19.11
한국중부발전㈜신보령발전본부,1,2018-02-10 16:00,TSP,2.81
한국중부발전㈜신보령발전본부,1,2018-02-10 16:00,SOx,19.81
한국중부발전㈜신보령발전본부,1,2018-02-10 16:00,NOx,19.2
한국중부발전㈜신보령발전본부,1,2018-02-10 16:30,TSP,2.81
한국중부발전㈜신보령발전본부,1,2018-02-10 16:30,SOx,19.56
한국중부발전㈜신보령발전본부,1,2018-02-10 16:30,NOx,21.19
한국중부발전㈜신보령발전본부,1,2018-02-10 17:00,TSP,2.82
한국중부발전㈜신보령발전본부,1,2018-02-10 17:00,SOx,19.3
한국중부발전㈜신보령발전본부,1,2018-02-10 17:00,NOx,19.89
한국중부발전㈜신보령발전본부,1,2018-02-10 17:30,TSP,2.84
한국중부발전㈜신보령발전본부,1,2018-02-10 17:30,SOx,19.13
한국중부발전㈜신보령발전본부,1,2018-02-10 17:30,NOx,22.67
한국중부발전㈜신보령발전본부,1,2018-02-10 18:00,TSP,2.89
한국중부발전㈜신보령발전본부,1,2018-02-10 18:00,SOx,19.38
한국중부발전㈜신보령발전본부,1,2018-02-10 18:00,NOx,23.51
한국중부발전㈜신보령발전본부,1,2018-02-10 18:30,TSP,2.92
한국중부발전㈜신보령발전본부,1,2018-02-10 18:30,SOx,19.48
한국중부발전㈜신보령발전본부,1,2018-02-10 18:30,NOx,21.36
한국중부발전㈜신보령발전본부,1,2018-02-10 19:00,TSP,3.0
한국중부발전㈜신보령발전본부,1,2018-02-10 19:00,SOx,19.2
한국중부발전㈜신보령발전본부,1,2018-02-10 19:00,NOx,24.7
한국중부발전㈜신보령발전본부,1,2018-02-10 19:30,TSP,2.93
한국중부발전㈜신보령발전본부,1,2018-02-10 19:30,SOx,18.79
한국중부발전㈜신보령발전본부,1,2018-02-10 19:30,NOx,21.57
한국중부발전㈜신보령발전본부,1,2018-02-10 20:00,TSP,2.92
한국중부발전㈜신보령발전본부,1,2018-02-10 20:00,SOx,17.89
한국중부발전㈜신보령발전본부,1,2018-02-10 20:00,NOx,22.71
한국중부발전㈜신보령발전본부,1,2018-02-10 20:30,TSP,2.91
한국중부발전㈜신보령발전본부,1,2018-02-10 20:30,SOx,17.21
한국중부발전㈜신보령발전본부,1,2018-02-10 20:30,NOx,22.32
한국중부발전㈜신보령발전본부,1,2018-02-10 21:00,TSP,2.95
한국중부발전㈜신보령발전본부,1,2018-02-10 21:00,SOx,16.82
한국중부발전㈜신보령발전본부,1,2018-02-10 21:00,NOx,22.15
한국중부발전㈜신보령발전본부,1,2018-02-10 21:30,TSP,2.98
한국중부발전㈜신보령발전본부,1,2018-02-10 21:30,SOx,16.63
한국중부발전㈜신보령발전본부,1,2018-02-10 21:30,NOx,21.29
한국중부발전㈜신보령발전본부,1,2018-02-10 22:00,TSP,3.0
한국중부발전㈜신보령발전본부,1,2018-02-10 22:00,SOx,16.21
한국중부발전㈜신보령발전본부,1,2018-02-10 22:00,NOx,20.95
한국중부발전㈜신보령발전본부,1,2018-02-10 22:30,TSP,2.93
한국중부발전㈜신보령발전본부,1,2018-02-10 22:30,SOx,16.31
한국중부발전㈜신보령발전본부,1,2018-02-10 22:30,NOx,20.99
한국중부발전㈜신보령발전본부,1,2018-02-10 23:00,TSP,2.91
한국중부발전㈜신보령발전본부,1,2018-02-10 23:00,SOx,16.34
한국중부발전㈜신보령발전본부,1,2018-02-10 23:00,NOx,20.61
한국중부발전㈜신보령발전본부,1,2018-02-10 23:30,TSP,2.88
한국중부발전㈜신보령발전본부,1,2018-02-10 23:30,SOx,17.87
한국중부발전㈜신보령발전본부,1,2018-02-10 23:30,NOx,20.27
한국중부발전㈜신보령발전본부,1,2018-02-11 00:00,TSP,2.87
한국중부발전㈜신보령발전본부,1,2018-02-11 00:00,SOx,20.3
한국중부발전㈜신보령발전본부,1,2018-02-11 00:00,NOx,19.71
한국중부발전㈜신보령발전본부,1,2018-02-11 00:30,TSP,2.82
한국중부발전㈜신보령발전본부,1,2018-02-11 00:30,SOx,20.46
한국중부발전㈜신보령발전본부,1,2018-02-11 00:30,NOx,20.36
한국중부발전㈜신보령발전본부,1,2018-02-11 01:00,TSP,2.84
한국중부발전㈜신보령발전본부,1,2018-02-11 01:00,SOx,20.06
한국중부발전㈜신보령발전본부,1,2018-02-11 01:00,NOx,19.14
한국중부발전㈜신보령발전본부,1,2018-02-11 01:30,TSP,2.81
한국중부발전㈜신보령발전본부,1,2018-02-11 01:30,SOx,20.28
한국중부발전㈜신보령발전본부,1,2018-02-11 01:30,NOx,18.64
한국중부발전㈜신보령발전본부,1,2018-02-11 02:00,TSP,2.78
한국중부발전㈜신보령발전본부,1,2018-02-11 02:00,SOx,19.95
한국중부발전㈜신보령발전본부,1,2018-02-11 02:00,NOx,17.92
한국중부발전㈜신보령발전본부,1,2018-02-11 02:30,TSP,2.81
한국중부발전㈜신보령발전본부,1,2018-02-11 02:30,SOx,20.01
한국중부발전㈜신보령발전본부,1,2018-02-11 02:30,NOx,16.97
한국중부발전㈜신보령발전본부,1,2018-02-11 03:00,TSP,2.82
한국중부발전㈜신보령발전본부,1,2018-02-11 03:00,SOx,20.39
한국중부발전㈜신보령발전본부,1,2018-02-11 03:00,NOx,19.05
한국중부발전㈜신보령발전본부,1,2018-02-11 03:30,TSP,2.84
한국중부발전㈜신보령발전본부,1,2018-02-11 03:30,SOx,20.75
한국중부발전㈜신보령발전본부,1,2018-02-11 03:30,NOx,20.76
한국중부발전㈜신보령발전본부,1,2018-02-11 04:00,TSP,2.81
한국중부발전㈜신보령발전본부,1,2018-02-11 04:00,SOx,20.89
한국중부발전㈜신보령발전본부,1,2018-02-11 04:00,NOx,22.0
한국중부발전㈜신보령발전본부,1,2018-02-11 04:30,TSP,2.79
한국중부발전㈜신보령발전본부,1,2018-02-11 04:30,SOx,20.93
한국중부발전㈜신보령발전본부,1,2018-02-11 04:30,NOx,20.98
한국중부발전㈜신보령발전본부,1,2018-02-11 05:00,TSP,2.81
한국중부발전㈜신보령발전본부,1,2018-02-11 05:00,SOx,21.28
한국중부발전㈜신보령발전본부,1,2018-02-11 05:00,NOx,20.77
한국중부발전㈜신보령발전본부,1,2018-02-11 05:30,TSP,2.83
한국중부발전㈜신보령발전본부,1,2018-02-11 05:30,SOx,21.31
한국중부발전㈜신보령발전본부,1,2018-02-11 05:30,NOx,19.86
한국중부발전㈜신보령발전본부,1,2018-02-11 06:00,TSP,2.84
한국중부발전㈜신보령발전본부,1,2018-02-11 06:00,SOx,21.81
한국중부발전㈜신보령발전본부,1,2018-02-11 06:00,NOx,21.02
한국중부발전㈜신보령발전본부,1,2018-02-11 06:30,TSP,2.83
한국중부발전㈜신보령발전본부,1,2018-02-11 06:30,SOx,22.35
한국중부발전㈜신보령발전본부,1,2018-02-11 06:30,NOx,20.28
한국중부발전㈜신보령발전본부,1,2018-02-11 07:00,TSP,2.8
한국중부발전㈜신보령발전본부,1,2018-02-11 07:00,SOx,22.27
한국중부발전㈜신보령발전본부,1,2018-02-11 07:00,NOx,20.5
한국중부발전㈜신보령발전본부,1,2018-02-11 07:30,TSP,2.78
한국중부발전㈜신보령발전본부,1,2018-02-11 07:30,SOx,22.12
한국중부발전㈜신보령발전본부,1,2018-02-11 07:30,NOx,21.0
한국중부발전㈜신보령발전본부,1,2018-02-11 08:00,TSP,2.77
한국중부발전㈜신보령발전본부,1,2018-02-11 08:00,SOx,21.3
한국중부발전㈜신보령발전본부,1,2018-02-11 08:00,NOx,20.74
한국중부발전㈜신보령발전본부,1,2018-02-11 08:30,TSP,2.76
한국중부발전㈜신보령발전본부,1,2018-02-11 08:30,SOx,21.03
한국중부발전㈜신보령발전본부,1,2018-02-11 08:30,NOx,19.98
한국중부발전㈜신보령발전본부,1,2018-02-11 09:00,TSP,2.77
한국중부발전㈜신보령발전본부,1,2018-02-11 09:00,SOx,20.84
한국중부발전㈜신보령발전본부,1,2018-02-11 09:00,NOx,20.85
한국중부발전㈜신보령발전본부,1,2018-02-11 09:30,TSP,2.8
한국중부발전㈜신보령발전본부,1,2018-02-11 09:30,SOx,20.77
한국중부발전㈜신보령발전본부,1,2018-02-11 09:30,NOx,20.0
한국중부발전㈜신보령발전본부,1,2018-02-11 10:00,TSP,2.83
한국중부발전㈜신보령발전본부,1,2018-02-11 10:00,SOx,21.11
한국중부발전㈜신보령발전본부,1,2018-02-11 10:00,NOx,20.85
한국중부발전㈜신보령발전본부,1,2018-02-11 10:30,TSP,2.83
한국중부발전㈜신보령발전본부,1,2018-02-11 10:30,SOx,21.0
한국중부발전㈜신보령발전본부,1,2018-02-11 10:30,NOx,20.53
한국중부발전㈜신보령발전본부,1,2018-02-11 11:00,TSP,2.87
한국중부발전㈜신보령발전본부,1,2018-02-11 11:00,SOx,21.35
한국중부발전㈜신보령발전본부,1,2018-02-11 11:00,NOx,19.38
한국중부발전㈜신보령발전본부,1,2018-02-11 11:30,TSP,2.8
한국중부발전㈜신보령발전본부,1,2018-02-11 11:30,SOx,21.25
한국중부발전㈜신보령발전본부,1,2018-02-11 11:30,NOx,21.03
한국중부발전㈜신보령발전본부,1,2018-02-11 12:00,TSP,2.81
한국중부발전㈜신보령발전본부,1,2018-02-11 12:00,SOx,21.07
한국중부발전㈜신보령발전본부,1,2018-02-11 12:00,NOx,19.49
한국중부발전㈜신보령발전본부,1,2018-02-11 12:30,TSP,2.81
한국중부발전㈜신보령발전본부,1,2018-02-11 12:30,SOx,20.42
한국중부발전㈜신보령발전본부,1,2018-02-11 12:30,NOx,20.52
한국중부발전㈜신보령발전본부,1,2018-02-11 13:00,TSP,2.81
한국중부발전㈜신보령발전본부,1,2018-02-11 13:00,SOx,20.02
한국중부발전㈜신보령발전본부,1,2018-02-11 13:00,NOx,19.51
한국중부발전㈜신보령발전본부,1,2018-02-11 13:30,TSP,2.81
한국중부발전㈜신보령발전본부,1,2018-02-11 13:30,SOx,19.95
한국중부발전㈜신보령발전본부,1,2018-02-11 13:30,NOx,19.59
한국중부발전㈜신보령발전본부,1,2018-02-11 14:00,TSP,2.79
한국중부발전㈜신보령발전본부,1,2018-02-11 14:00,SOx,19.12
한국중부발전㈜신보령발전본부,1,2018-02-11 14:00,NOx,19.01
한국중부발전㈜신보령발전본부,1,2018-02-11 14:30,TSP,2.79
한국중부발전㈜신보령발전본부,1,2018-02-11 14:30,SOx,19.33
한국중부발전㈜신보령발전본부,1,2018-02-11 14:30,NOx,19.49
한국중부발전㈜신보령발전본부,1,2018-02-11 15:00,TSP,2.78
한국중부발전㈜신보령발전본부,1,2018-02-11 15:00,SOx,19.58
한국중부발전㈜신보령발전본부,1,2018-02-11 15:00,NOx,18.47
한국중부발전㈜신보령발전본부,1,2018-02-11 15:30,TSP,2.8
한국중부발전㈜신보령발전본부,1,2018-02-11 15:30,SOx,19.94
한국중부발전㈜신보령발전본부,1,2018-02-11 15:30,NOx,20.55
한국중부발전㈜신보령발전본부,1,2018-02-11 16:00,TSP,2.8
한국중부발전㈜신보령발전본부,1,2018-02-11 16:00,SOx,20.26
한국중부발전㈜신보령발전본부,1,2018-02-11 16:00,NOx,18.29
한국중부발전㈜신보령발전본부,1,2018-02-11 16:30,TSP,2.84
한국중부발전㈜신보령발전본부,1,2018-02-11 16:30,SOx,20.41
한국중부발전㈜신보령발전본부,1,2018-02-11 16:30,NOx,16.67
한국중부발전㈜신보령발전본부,1,2018-02-11 17:00,TSP,2.84
한국중부발전㈜신보령발전본부,1,2018-02-11 17:00,SOx,21.02
한국중부발전㈜신보령발전본부,1,2018-02-11 17:00,NOx,16.82
한국중부발전㈜신보령발전본부,1,2018-02-11 17:30,TSP,2.86
한국중부발전㈜신보령발전본부,1,2018-02-11 17:30,SOx,21.3
한국중부발전㈜신보령발전본부,1,2018-02-11 17:30,NOx,20.09
한국중부발전㈜신보령발전본부,1,2018-02-11 18:00,TSP,2.86
한국중부발전㈜신보령발전본부,1,2018-02-11 18:00,SOx,21.93
한국중부발전㈜신보령발전본부,1,2018-02-11 18:00,NOx,21.74
한국중부발전㈜신보령발전본부,1,2018-02-11 18:30,TSP,2.88
한국중부발전㈜신보령발전본부,1,2018-02-11 18:30,SOx,21.8
한국중부발전㈜신보령발전본부,1,2018-02-11 18:30,NOx,18.12
한국중부발전㈜신보령발전본부,1,2018-02-11 19:00,TSP,3.01
한국중부발전㈜신보령발전본부,1,2018-02-11 19:00,SOx,21.85
한국중부발전㈜신보령발전본부,1,2018-02-11 19:00,NOx,21.39
한국중부발전㈜신보령발전본부,1,2018-02-11 19:30,TSP,2.86
한국중부발전㈜신보령발전본부,1,2018-02-11 19:30,SOx,21.61
한국중부발전㈜신보령발전본부,1,2018-02-11 19:30,NOx,18.41
한국중부발전㈜신보령발전본부,1,2018-02-11 20:00,TSP,2.84
한국중부발전㈜신보령발전본부,1,2018-02-11 20:00,SOx,21.59
한국중부발전㈜신보령발전본부,1,2018-02-11 20:00,NOx,18.92
한국중부발전㈜신보령발전본부,1,2018-02-11 20:30,TSP,2.82
한국중부발전㈜신보령발전본부,1,2018-02-11 20:30,SOx,21.08
한국중부발전㈜신보령발전본부,1,2018-02-11 20:30,NOx,18.56
한국중부발전㈜신보령발전본부,1,2018-02-11 21:00,TSP,2.81
한국중부발전㈜신보령발전본부,1,2018-02-11 21:00,SOx,21.01
한국중부발전㈜신보령발전본부,1,2018-02-11 21:00,NOx,18.03
한국중부발전㈜신보령발전본부,1,2018-02-11 21:30,TSP,2.8
한국중부발전㈜신보령발전본부,1,2018-02-11 21:30,SOx,20.94
한국중부발전㈜신보령발전본부,1,2018-02-11 21:30,NOx,18.86
한국중부발전㈜신보령발전본부,1,2018-02-11 22:00,TSP,2.81
한국중부발전㈜신보령발전본부,1,2018-02-11 22:00,SOx,20.69
한국중부발전㈜신보령발전본부,1,2018-02-11 22:00,NOx,18.86
한국중부발전㈜신보령발전본부,1,2018-02-11 22:30,TSP,2.78
한국중부발전㈜신보령발전본부,1,2018-02-11 22:30,SOx,20.67
한국중부발전㈜신보령발전본부,1,2018-02-11 22:30,NOx,19.8
한국중부발전㈜신보령발전본부,1,2018-02-11 23:00,TSP,2.76
한국중부발전㈜신보령발전본부,1,2018-02-11 23:00,SOx,21.2
한국중부발전㈜신보령발전본부,1,2018-02-11 23:00,NOx,19.05
한국중부발전㈜신보령발전본부,1,2018-02-11 23:30,TSP,2.7
한국중부발전㈜신보령발전본부,1,2018-02-11 23:30,SOx,21.25
한국중부발전㈜신보령발전본부,1,2018-02-11 23:30,NOx,18.86
한국중부발전㈜신보령발전본부,1,2018-02-12 00:00,TSP,2.73
한국중부발전㈜신보령발전본부,1,2018-02-12 00:00,SOx,21.69
한국중부발전㈜신보령발전본부,1,2018-02-12 00:00,NOx,18.83
한국중부발전㈜신보령발전본부,1,2018-02-12 00:30,TSP,2.74
한국중부발전㈜신보령발전본부,1,2018-02-12 00:30,SOx,21.46
한국중부발전㈜신보령발전본부,1,2018-02-12 00:30,NOx,18.38
한국중부발전㈜신보령발전본부,1,2018-02-12 01:00,TSP,2.75
한국중부발전㈜신보령발전본부,1,2018-02-12 01:00,SOx,21.37
한국중부발전㈜신보령발전본부,1,2018-02-12 01:00,NOx,18.22
한국중부발전㈜신보령발전본부,1,2018-02-12 01:30,TSP,2.74
한국중부발전㈜신보령발전본부,1,2018-02-12 01:30,SOx,21.26
한국중부발전㈜신보령발전본부,1,2018-02-12 01:30,NOx,18.69
한국중부발전㈜신보령발전본부,1,2018-02-12 02:00,TSP,2.74
한국중부발전㈜신보령발전본부,1,2018-02-12 02:00,SOx,21.41
한국중부발전㈜신보령발전본부,1,2018-02-12 02:00,NOx,19.09
한국중부발전㈜신보령발전본부,1,2018-02-12 02:30,TSP,2.75
한국중부발전㈜신보령발전본부,1,2018-02-12 02:30,SOx,21.12
한국중부발전㈜신보령발전본부,1,2018-02-12 02:30,NOx,18.76
한국중부발전㈜신보령발전본부,1,2018-02-12 03:00,TSP,2.76
한국중부발전㈜신보령발전본부,1,2018-02-12 03:00,SOx,20.69
한국중부발전㈜신보령발전본부,1,2018-02-12 03:00,NOx,19.04
한국중부발전㈜신보령발전본부,1,2018-02-12 03:30,TSP,2.75
한국중부발전㈜신보령발전본부,1,2018-02-12 03:30,SOx,20.59
한국중부발전㈜신보령발전본부,1,2018-02-12 03:30,NOx,20.27
한국중부발전㈜신보령발전본부,1,2018-02-12 04:00,TSP,2.75
한국중부발전㈜신보령발전본부,1,2018-02-12 04:00,SOx,20.38
한국중부발전㈜신보령발전본부,1,2018-02-12 04:00,NOx,19.46
한국중부발전㈜신보령발전본부,1,2018-02-12 04:30,TSP,2.75
한국중부발전㈜신보령발전본부,1,2018-02-12 04:30,SOx,20.08
한국중부발전㈜신보령발전본부,1,2018-02-12 04:30,NOx,19.29
한국중부발전㈜신보령발전본부,1,2018-02-12 05:00,TSP,2.73
한국중부발전㈜신보령발전본부,1,2018-02-12 05:00,SOx,20.23
한국중부발전㈜신보령발전본부,1,2018-02-12 05:00,NOx,18.61
한국중부발전㈜신보령발전본부,1,2018-02-12 05:30,TSP,2.7
한국중부발전㈜신보령발전본부,1,2018-02-12 05:30,SOx,20.13
한국중부발전㈜신보령발전본부,1,2018-02-12 05:30,NOx,18.67
한국중부발전㈜신보령발전본부,1,2018-02-12 06:00,TSP,2.67
한국중부발전㈜신보령발전본부,1,2018-02-12 06:00,SOx,20.38
한국중부발전㈜신보령발전본부,1,2018-02-12 06:00,NOx,18.31
한국중부발전㈜신보령발전본부,1,2018-02-12 06:30,TSP,2.67
한국중부발전㈜신보령발전본부,1,2018-02-12 06:30,SOx,20.1
한국중부발전㈜신보령발전본부,1,2018-02-12 06:30,NOx,17.55
한국중부발전㈜신보령발전본부,1,2018-02-12 07:00,TSP,2.69
한국중부발전㈜신보령발전본부,1,2018-02-12 07:00,SOx,20.78
한국중부발전㈜신보령발전본부,1,2018-02-12 07:00,NOx,16.89
한국중부발전㈜신보령발전본부,1,2018-02-12 07:30,TSP,2.73
한국중부발전㈜신보령발전본부,1,2018-02-12 07:30,SOx,20.75
한국중부발전㈜신보령발전본부,1,2018-02-12 07:30,NOx,17.57
한국중부발전㈜신보령발전본부,1,2018-02-12 08:00,TSP,2.73
한국중부발전㈜신보령발전본부,1,2018-02-12 08:00,SOx,20.86
한국중부발전㈜신보령발전본부,1,2018-02-12 08:00,NOx,16.25
한국중부발전㈜신보령발전본부,1,2018-02-12 08:30,TSP,2.69
한국중부발전㈜신보령발전본부,1,2018-02-12 08:30,SOx,21.16
한국중부발전㈜신보령발전본부,1,2018-02-12 08:30,NOx,16.59
한국중부발전㈜신보령발전본부,1,2018-02-12 09:00,TSP,2.71
한국중부발전㈜신보령발전본부,1,2018-02-12 09:00,SOx,21.1
한국중부발전㈜신보령발전본부,1,2018-02-12 09:00,NOx,18.12
한국중부발전㈜신보령발전본부,1,2018-02-12 09:30,TSP,2.7
한국중부발전㈜신보령발전본부,1,2018-02-12 09:30,SOx,21.18
한국중부발전㈜신보령발전본부,1,2018-02-12 09:30,NOx,18.67
한국중부발전㈜신보령발전본부,1,2018-02-12 10:00,TSP,2.74
한국중부발전㈜신보령발전본부,1,2018-02-12 10:00,SOx,20.61
한국중부발전㈜신보령발전본부,1,2018-02-12 10:00,NOx,19.52
한국중부발전㈜신보령발전본부,1,2018-02-12 10:30,TSP,2.72
한국중부발전㈜신보령발전본부,1,2018-02-12 10:30,SOx,20.74
한국중부발전㈜신보령발전본부,1,2018-02-12 10:30,NOx,20.9
한국중부발전㈜신보령발전본부,1,2018-02-12 11:00,TSP,2.73
한국중부발전㈜신보령발전본부,1,2018-02-12 11:00,SOx,20.7
한국중부발전㈜신보령발전본부,1,2018-02-12 11:00,NOx,20.59
한국중부발전㈜신보령발전본부,1,2018-02-12 11:30,TSP,2.75
한국중부발전㈜신보령발전본부,1,2018-02-12 11:30,SOx,20.48
한국중부발전㈜신보령발전본부,1,2018-02-12 11:30,NOx,21.36
한국중부발전㈜신보령발전본부,1,2018-02-12 12:00,TSP,2.73
한국중부발전㈜신보령발전본부,1,2018-02-12 12:00,SOx,20.0
한국중부발전㈜신보령발전본부,1,2018-02-12 12:00,NOx,22.27
한국중부발전㈜신보령발전본부,1,2018-02-12 12:30,TSP,2.74
한국중부발전㈜신보령발전본부,1,2018-02-12 12:30,SOx,19.41
한국중부발전㈜신보령발전본부,1,2018-02-12 12:30,NOx,21.45
한국중부발전㈜신보령발전본부,1,2018-02-12 13:00,TSP,2.72
한국중부발전㈜신보령발전본부,1,2018-02-12 13:00,SOx,19.48
한국중부발전㈜신보령발전본부,1,2018-02-12 13:00,NOx,20.9
한국중부발전㈜신보령발전본부,1,2018-02-12 13:30,TSP,2.72
한국중부발전㈜신보령발전본부,1,2018-02-12 13:30,SOx,19.41
한국중부발전㈜신보령발전본부,1,2018-02-12 13:30,NOx,20.95
한국중부발전㈜신보령발전본부,1,2018-02-12 14:00,TSP,2.7
한국중부발전㈜신보령발전본부,1,2018-02-12 14:00,SOx,18.86
한국중부발전㈜신보령발전본부,1,2018-02-12 14:00,NOx,20.55
한국중부발전㈜신보령발전본부,1,2018-02-12 14:30,TSP,2.74
한국중부발전㈜신보령발전본부,1,2018-02-12 14:30,SOx,18.56
한국중부발전㈜신보령발전본부,1,2018-02-12 14:30,NOx,20.89
한국중부발전㈜신보령발전본부,1,2018-02-12 15:00,TSP,2.73
한국중부발전㈜신보령발전본부,1,2018-02-12 15:00,SOx,18.42
한국중부발전㈜신보령발전본부,1,2018-02-12 15:00,NOx,20.31
한국중부발전㈜신보령발전본부,1,2018-02-12 15:30,TSP,2.73
한국중부발전㈜신보령발전본부,1,2018-02-12 15:30,SOx,18.65
한국중부발전㈜신보령발전본부,1,2018-02-12 15:30,NOx,19.82
한국중부발전㈜신보령발전본부,1,2018-02-12 16:00,TSP,2.74
한국중부발전㈜신보령발전본부,1,2018-02-12 16:00,SOx,19.05
한국중부발전㈜신보령발전본부,1,2018-02-12 16:00,NOx,20.8
한국중부발전㈜신보령발전본부,1,2018-02-12 16:30,TSP,2.73
한국중부발전㈜신보령발전본부,1,2018-02-12 16:30,SOx,18.91
한국중부발전㈜신보령발전본부,1,2018-02-12 16:30,NOx,22.18
한국중부발전㈜신보령발전본부,1,2018-02-12 17:00,TSP,2.75
한국중부발전㈜신보령발전본부,1,2018-02-12 17:00,SOx,18.68
한국중부발전㈜신보령발전본부,1,2018-02-12 17:00,NOx,21.5
한국중부발전㈜신보령발전본부,1,2018-02-12 17:30,TSP,2.74
한국중부발전㈜신보령발전본부,1,2018-02-12 17:30,SOx,18.3
한국중부발전㈜신보령발전본부,1,2018-02-12 17:30,NOx,20.82
한국중부발전㈜신보령발전본부,1,2018-02-12 18:00,TSP,2.75
한국중부발전㈜신보령발전본부,1,2018-02-12 18:00,SOx,18.06
한국중부발전㈜신보령발전본부,1,2018-02-12 18:00,NOx,21.09
한국중부발전㈜신보령발전본부,1,2018-02-12 18:30,TSP,2.81
한국중부발전㈜신보령발전본부,1,2018-02-12 18:30,SOx,17.87
한국중부발전㈜신보령발전본부,1,2018-02-12 18:30,NOx,20.71
한국중부발전㈜신보령발전본부,1,2018-02-12 19:00,TSP,2.87
한국중부발전㈜신보령발전본부,1,2018-02-12 19:00,SOx,17.54
한국중부발전㈜신보령발전본부,1,2018-02-12 19:00,NOx,19.9
한국중부발전㈜신보령발전본부,1,2018-02-12 19:30,TSP,2.8
한국중부발전㈜신보령발전본부,1,2018-02-12 19:30,SOx,17.32
한국중부발전㈜신보령발전본부,1,2018-02-12 19:30,NOx,19.02
한국중부발전㈜신보령발전본부,1,2018-02-12 20:00,TSP,2.85
한국중부발전㈜신보령발전본부,1,2018-02-12 20:00,SOx,17.39
한국중부발전㈜신보령발전본부,1,2018-02-12 20:00,NOx,18.65
한국중부발전㈜신보령발전본부,1,2018-02-12 20:30,TSP,2.82
한국중부발전㈜신보령발전본부,1,2018-02-12 20:30,SOx,17.13
한국중부발전㈜신보령발전본부,1,2018-02-12 20:30,NOx,20.45
한국중부발전㈜신보령발전본부,1,2018-02-12 21:00,TSP,2.82
한국중부발전㈜신보령발전본부,1,2018-02-12 21:00,SOx,17.39
한국중부발전㈜신보령발전본부,1,2018-02-12 21:00,NOx,19.84
한국중부발전㈜신보령발전본부,1,2018-02-12 21:30,TSP,2.84
한국중부발전㈜신보령발전본부,1,2018-02-12 21:30,SOx,17.59
한국중부발전㈜신보령발전본부,1,2018-02-12 21:30,NOx,19.7
한국중부발전㈜신보령발전본부,1,2018-02-12 22:00,TSP,2.83
한국중부발전㈜신보령발전본부,1,2018-02-12 22:00,SOx,17.65
한국중부발전㈜신보령발전본부,1,2018-02-12 22:00,NOx,20.93
한국중부발전㈜신보령발전본부,1,2018-02-12 22:30,TSP,2.8
한국중부발전㈜신보령발전본부,1,2018-02-12 22:30,SOx,17.56
한국중부발전㈜신보령발전본부,1,2018-02-12 22:30,NOx,21.39
한국중부발전㈜신보령발전본부,1,2018-02-12 23:00,TSP,2.75
한국중부발전㈜신보령발전본부,1,2018-02-12 23:00,SOx,17.35
한국중부발전㈜신보령발전본부,1,2018-02-12 23:00,NOx,20.74
한국중부발전㈜신보령발전본부,1,2018-02-12 23:30,TSP,2.8
한국중부발전㈜신보령발전본부,1,2018-02-12 23:30,SOx,17.17
한국중부발전㈜신보령발전본부,1,2018-02-12 23:30,NOx,21.89
한국중부발전㈜신보령발전본부,1,2018-02-13 00:00,TSP,2.79
한국중부발전㈜신보령발전본부,1,2018-02-13 00:00,SOx,16.96
한국중부발전㈜신보령발전본부,1,2018-02-13 00:00,NOx,21.99
한국중부발전㈜신보령발전본부,1,2018-02-13 00:30,TSP,2.79
한국중부발전㈜신보령발전본부,1,2018-02-13 00:30,SOx,16.77
한국중부발전㈜신보령발전본부,1,2018-02-13 00:30,NOx,21.87
한국중부발전㈜신보령발전본부,1,2018-02-13 01:00,TSP,2.74
한국중부발전㈜신보령발전본부,1,2018-02-13 01:00,SOx,16.49
한국중부발전㈜신보령발전본부,1,2018-02-13 01:00,NOx,21.23
한국중부발전㈜신보령발전본부,1,2018-02-13 01:30,TSP,2.77
한국중부발전㈜신보령발전본부,1,2018-02-13 01:30,SOx,16.81
한국중부발전㈜신보령발전본부,1,2018-02-13 01:30,NOx,21.64
한국중부발전㈜신보령발전본부,1,2018-02-13 02:00,TSP,2.78
한국중부발전㈜신보령발전본부,1,2018-02-13 02:00,SOx,17.21
한국중부발전㈜신보령발전본부,1,2018-02-13 02:00,NOx,21.52
한국중부발전㈜신보령발전본부,1,2018-02-13 02:30,TSP,2.79
한국중부발전㈜신보령발전본부,1,2018-02-13 02:30,SOx,17.53
한국중부발전㈜신보령발전본부,1,2018-02-13 02:30,NOx,20.54
한국중부발전㈜신보령발전본부,1,2018-02-13 03:00,TSP,2.83
한국중부발전㈜신보령발전본부,1,2018-02-13 03:00,SOx,17.84
한국중부발전㈜신보령발전본부,1,2018-02-13 03:00,NOx,20.21
한국중부발전㈜신보령발전본부,1,2018-02-13 03:30,TSP,2.81
한국중부발전㈜신보령발전본부,1,2018-02-13 03:30,SOx,18.29
한국중부발전㈜신보령발전본부,1,2018-02-13 03:30,NOx,20.21
한국중부발전㈜신보령발전본부,1,2018-02-13 04:00,TSP,2.83
한국중부발전㈜신보령발전본부,1,2018-02-13 04:00,SOx,19.25
한국중부발전㈜신보령발전본부,1,2018-02-13 04:00,NOx,19.16
한국중부발전㈜신보령발전본부,1,2018-02-13 04:30,TSP,2.83
한국중부발전㈜신보령발전본부,1,2018-02-13 04:30,SOx,19.95
한국중부발전㈜신보령발전본부,1,2018-02-13 04:30,NOx,20.15
한국중부발전㈜신보령발전본부,1,2018-02-13 05:00,TSP,2.81
한국중부발전㈜신보령발전본부,1,2018-02-13 05:00,SOx,19.84
한국중부발전㈜신보령발전본부,1,2018-02-13 05:00,NOx,19.25
한국중부발전㈜신보령발전본부,1,2018-02-13 05:30,TSP,2.81
한국중부발전㈜신보령발전본부,1,2018-02-13 05:30,SOx,19.27
한국중부발전㈜신보령발전본부,1,2018-02-13 05:30,NOx,18.41
한국중부발전㈜신보령발전본부,1,2018-02-13 06:00,TSP,2.79
한국중부발전㈜신보령발전본부,1,2018-02-13 06:00,SOx,19.63
한국중부발전㈜신보령발전본부,1,2018-02-13 06:00,NOx,18.89
한국중부발전㈜신보령발전본부,1,2018-02-13 06:30,TSP,2.77
한국중부발전㈜신보령발전본부,1,2018-02-13 06:30,SOx,19.31
한국중부발전㈜신보령발전본부,1,2018-02-13 06:30,NOx,18.36
한국중부발전㈜신보령발전본부,1,2018-02-13 07:00,TSP,2.76
한국중부발전㈜신보령발전본부,1,2018-02-13 07:00,SOx,18.8
한국중부발전㈜신보령발전본부,1,2018-02-13 07:00,NOx,18.09
한국중부발전㈜신보령발전본부,1,2018-02-13 07:30,TSP,2.75
한국중부발전㈜신보령발전본부,1,2018-02-13 07:30,SOx,18.62
한국중부발전㈜신보령발전본부,1,2018-02-13 07:30,NOx,18.16
한국중부발전㈜신보령발전본부,1,2018-02-13 08:00,TSP,2.76
한국중부발전㈜신보령발전본부,1,2018-02-13 08:00,SOx,17.99
한국중부발전㈜신보령발전본부,1,2018-02-13 08:00,NOx,18.65
한국중부발전㈜신보령발전본부,1,2018-02-13 08:30,TSP,2.78
한국중부발전㈜신보령발전본부,1,2018-02-13 08:30,SOx,17.75
한국중부발전㈜신보령발전본부,1,2018-02-13 08:30,NOx,18.94
한국중부발전㈜신보령발전본부,1,2018-02-13 09:00,TSP,2.79
한국중부발전㈜신보령발전본부,1,2018-02-13 09:00,SOx,17.08
한국중부발전㈜신보령발전본부,1,2018-02-13 09:00,NOx,20.07
한국중부발전㈜신보령발전본부,1,2018-02-13 09:30,TSP,2.86
한국중부발전㈜신보령발전본부,1,2018-02-13 09:30,SOx,17.58
한국중부발전㈜신보령발전본부,1,2018-02-13 09:30,NOx,20.08
한국중부발전㈜신보령발전본부,1,2018-02-13 10:00,TSP,2.86
한국중부발전㈜신보령발전본부,1,2018-02-13 10:00,SOx,18.05
한국중부발전㈜신보령발전본부,1,2018-02-13 10:00,NOx,19.2
한국중부발전㈜신보령발전본부,1,2018-02-13 10:30,TSP,2.92
한국중부발전㈜신보령발전본부,1,2018-02-13 10:30,SOx,18.6
한국중부발전㈜신보령발전본부,1,2018-02-13 10:30,NOx,20.3
한국중부발전㈜신보령발전본부,1,2018-02-13 11:00,TSP,2.93
한국중부발전㈜신보령발전본부,1,2018-02-13 11:00,SOx,19.31
한국중부발전㈜신보령발전본부,1,2018-02-13 11:00,NOx,21.9
한국중부발전㈜신보령발전본부,1,2018-02-13 11:30,TSP,2.83
한국중부발전㈜신보령발전본부,1,2018-02-13 11:30,SOx,19.89
한국중부발전㈜신보령발전본부,1,2018-02-13 11:30,NOx,20.78
한국중부발전㈜신보령발전본부,1,2018-02-13 12:00,TSP,2.84
한국중부발전㈜신보령발전본부,1,2018-02-13 12:00,SOx,19.58
한국중부발전㈜신보령발전본부,1,2018-02-13 12:00,NOx,19.9
한국중부발전㈜신보령발전본부,1,2018-02-13 12:30,TSP,2.86
한국중부발전㈜신보령발전본부,1,2018-02-13 12:30,SOx,19.73
한국중부발전㈜신보령발전본부,1,2018-02-13 12:30,NOx,19.01
한국중부발전㈜신보령발전본부,1,2018-02-13 13:00,TSP,2.82
한국중부발전㈜신보령발전본부,1,2018-02-13 13:00,SOx,20.96
한국중부발전㈜신보령발전본부,1,2018-02-13 13:00,NOx,17.93
한국중부발전㈜신보령발전본부,1,2018-02-13 13:30,TSP,2.82
한국중부발전㈜신보령발전본부,1,2018-02-13 13:30,SOx,19.03
한국중부발전㈜신보령발전본부,1,2018-02-13 13:30,NOx,18.86
한국중부발전㈜신보령발전본부,1,2018-02-13 14:00,TSP,2.79
한국중부발전㈜신보령발전본부,1,2018-02-13 14:00,SOx,19.02
한국중부발전㈜신보령발전본부,1,2018-02-13 14:00,NOx,18.89
한국중부발전㈜신보령발전본부,1,2018-02-13 14:30,TSP,2.79
한국중부발전㈜신보령발전본부,1,2018-02-13 14:30,SOx,18.77
한국중부발전㈜신보령발전본부,1,2018-02-13 14:30,NOx,18.93
한국중부발전㈜신보령발전본부,1,2018-02-13 15:00,TSP,2.82
한국중부발전㈜신보령발전본부,1,2018-02-13 15:00,SOx,19.55
한국중부발전㈜신보령발전본부,1,2018-02-13 15:00,NOx,17.88
한국중부발전㈜신보령발전본부,1,2018-02-13 15:30,TSP,2.81
한국중부발전㈜신보령발전본부,1,2018-02-13 15:30,SOx,20.54
한국중부발전㈜신보령발전본부,1,2018-02-13 15:30,NOx,18.44
한국중부발전㈜신보령발전본부,1,2018-02-13 16:00,TSP,2.81
한국중부발전㈜신보령발전본부,1,2018-02-13 16:00,SOx,20.66
한국중부발전㈜신보령발전본부,1,2018-02-13 16:00,NOx,17.87
한국중부발전㈜신보령발전본부,1,2018-02-13 16:30,TSP,2.86
한국중부발전㈜신보령발전본부,1,2018-02-13 16:30,SOx,20.6
한국중부발전㈜신보령발전본부,1,2018-02-13 16:30,NOx,17.08
한국중부발전㈜신보령발전본부,1,2018-02-13 17:00,TSP,2.86
한국중부발전㈜신보령발전본부,1,2018-02-13 17:00,SOx,20.6
한국중부발전㈜신보령발전본부,1,2018-02-13 17:00,NOx,17.1
한국중부발전㈜신보령발전본부,1,2018-02-13 17:30,TSP,2.88
한국중부발전㈜신보령발전본부,1,2018-02-13 17:30,SOx,20.6
한국중부발전㈜신보령발전본부,1,2018-02-13 17:30,NOx,17.9
한국중부발전㈜신보령발전본부,1,2018-02-13 18:00,TSP,2.88
한국중부발전㈜신보령발전본부,1,2018-02-13 18:00,SOx,20.76
한국중부발전㈜신보령발전본부,1,2018-02-13 18:00,NOx,18.06
한국중부발전㈜신보령발전본부,1,2018-02-13 18:30,TSP,2.87
한국중부발전㈜신보령발전본부,1,2018-02-13 18:30,SOx,20.42
한국중부발전㈜신보령발전본부,1,2018-02-13 18:30,NOx,17.14
한국중부발전㈜신보령발전본부,1,2018-02-13 19:00,TSP,2.95
한국중부발전㈜신보령발전본부,1,2018-02-13 19:00,SOx,20.27
한국중부발전㈜신보령발전본부,1,2018-02-13 19:00,NOx,17.41
한국중부발전㈜신보령발전본부,1,2018-02-13 19:30,TSP,2.85
한국중부발전㈜신보령발전본부,1,2018-02-13 19:30,SOx,20.02
한국중부발전㈜신보령발전본부,1,2018-02-13 19:30,NOx,17.32
한국중부발전㈜신보령발전본부,1,2018-02-13 20:00,TSP,2.9
한국중부발전㈜신보령발전본부,1,2018-02-13 20:00,SOx,20.13
한국중부발전㈜신보령발전본부,1,2018-02-13 20:00,NOx,16.56
한국중부발전㈜신보령발전본부,1,2018-02-13 20:30,TSP,2.94
한국중부발전㈜신보령발전본부,1,2018-02-13 20:30,SOx,20.45
한국중부발전㈜신보령발전본부,1,2018-02-13 20:30,NOx,17.33
한국중부발전㈜신보령발전본부,1,2018-02-13 21:00,TSP,2.95
한국중부발전㈜신보령발전본부,1,2018-02-13 21:00,SOx,21.36
한국중부발전㈜신보령발전본부,1,2018-02-13 21:00,NOx,17.98
한국중부발전㈜신보령발전본부,1,2018-02-13 21:30,TSP,2.98
한국중부발전㈜신보령발전본부,1,2018-02-13 21:30,SOx,21.51
한국중부발전㈜신보령발전본부,1,2018-02-13 21:30,NOx,17.73
한국중부발전㈜신보령발전본부,1,2018-02-13 22:00,TSP,2.98
한국중부발전㈜신보령발전본부,1,2018-02-13 22:00,SOx,21.7
한국중부발전㈜신보령발전본부,1,2018-02-13 22:00,NOx,17.8
한국중부발전㈜신보령발전본부,1,2018-02-13 22:30,TSP,2.88
한국중부발전㈜신보령발전본부,1,2018-02-13 22:30,SOx,21.63
한국중부발전㈜신보령발전본부,1,2018-02-13 22:30,NOx,17.34
한국중부발전㈜신보령발전본부,1,2018-02-13 23:00,TSP,2.88
한국중부발전㈜신보령발전본부,1,2018-02-13 23:00,SOx,22.06
한국중부발전㈜신보령발전본부,1,2018-02-13 23:00,NOx,17.39
한국중부발전㈜신보령발전본부,1,2018-02-13 23:30,TSP,2.88
한국중부발전㈜신보령발전본부,1,2018-02-13 23:30,SOx,21.25
한국중부발전㈜신보령발전본부,1,2018-02-13 23:30,NOx,18.01
한국중부발전㈜신보령발전본부,1,2018-02-14 00:00,TSP,2.88
한국중부발전㈜신보령발전본부,1,2018-02-14 00:00,SOx,20.98
한국중부발전㈜신보령발전본부,1,2018-02-14 00:00,NOx,18.77
한국중부발전㈜신보령발전본부,1,2018-02-14 00:30,TSP,2.87
한국중부발전㈜신보령발전본부,1,2018-02-14 00:30,SOx,20.51
한국중부발전㈜신보령발전본부,1,2018-02-14 00:30,NOx,18.29
한국중부발전㈜신보령발전본부,1,2018-02-14 01:00,TSP,2.83
한국중부발전㈜신보령발전본부,1,2018-02-14 01:00,SOx,20.12
한국중부발전㈜신보령발전본부,1,2018-02-14 01:00,NOx,19.53
한국중부발전㈜신보령발전본부,1,2018-02-14 01:30,TSP,2.83
한국중부발전㈜신보령발전본부,1,2018-02-14 01:30,SOx,19.74
한국중부발전㈜신보령발전본부,1,2018-02-14 01:30,NOx,19.96
한국중부발전㈜신보령발전본부,1,2018-02-14 02:00,TSP,2.86
한국중부발전㈜신보령발전본부,1,2018-02-14 02:00,SOx,19.38
한국중부발전㈜신보령발전본부,1,2018-02-14 02:00,NOx,20.48
한국중부발전㈜신보령발전본부,1,2018-02-14 02:30,TSP,2.88
한국중부발전㈜신보령발전본부,1,2018-02-14 02:30,SOx,19.09
한국중부발전㈜신보령발전본부,1,2018-02-14 02:30,NOx,19.71
한국중부발전㈜신보령발전본부,1,2018-02-14 03:00,TSP,2.97
한국중부발전㈜신보령발전본부,1,2018-02-14 03:00,SOx,18.6
한국중부발전㈜신보령발전본부,1,2018-02-14 03:00,NOx,22.39
한국중부발전㈜신보령발전본부,1,2018-02-14 03:30,TSP,2.95
한국중부발전㈜신보령발전본부,1,2018-02-14 03:30,SOx,18.15
한국중부발전㈜신보령발전본부,1,2018-02-14 03:30,NOx,20.2
한국중부발전㈜신보령발전본부,1,2018-02-14 04:00,TSP,2.95
한국중부발전㈜신보령발전본부,1,2018-02-14 04:00,SOx,18.17
한국중부발전㈜신보령발전본부,1,2018-02-14 04:00,NOx,19.28
한국중부발전㈜신보령발전본부,1,2018-02-14 04:30,TSP,2.94
한국중부발전㈜신보령발전본부,1,2018-02-14 04:30,SOx,18.34
한국중부발전㈜신보령발전본부,1,2018-02-14 04:30,NOx,19.57
한국중부발전㈜신보령발전본부,1,2018-02-14 05:00,TSP,2.95
한국중부발전㈜신보령발전본부,1,2018-02-14 05:00,SOx,18.6
한국중부발전㈜신보령발전본부,1,2018-02-14 05:00,NOx,19.44
한국중부발전㈜신보령발전본부,1,2018-02-14 05:30,TSP,2.92
한국중부발전㈜신보령발전본부,1,2018-02-14 05:30,SOx,18.76
한국중부발전㈜신보령발전본부,1,2018-02-14 05:30,NOx,19.86
한국중부발전㈜신보령발전본부,1,2018-02-14 06:00,TSP,2.93
한국중부발전㈜신보령발전본부,1,2018-02-14 06:00,SOx,18.67
한국중부발전㈜신보령발전본부,1,2018-02-14 06:00,NOx,18.33
한국중부발전㈜신보령발전본부,1,2018-02-14 06:30,TSP,2.91
한국중부발전㈜신보령발전본부,1,2018-02-14 06:30,SOx,18.83
한국중부발전㈜신보령발전본부,1,2018-02-14 06:30,NOx,19.66
한국중부발전㈜신보령발전본부,1,2018-02-14 07:00,TSP,2.91
한국중부발전㈜신보령발전본부,1,2018-02-14 07:00,SOx,18.83
한국중부발전㈜신보령발전본부,1,2018-02-14 07:00,NOx,20.02
한국중부발전㈜신보령발전본부,1,2018-02-14 07:30,TSP,2.9
한국중부발전㈜신보령발전본부,1,2018-02-14 07:30,SOx,18.75
한국중부발전㈜신보령발전본부,1,2018-02-14 07:30,NOx,20.34
한국중부발전㈜신보령발전본부,1,2018-02-14 08:00,TSP,2.93
한국중부발전㈜신보령발전본부,1,2018-02-14 08:00,SOx,18.34
한국중부발전㈜신보령발전본부,1,2018-02-14 08:00,NOx,19.74
한국중부발전㈜신보령발전본부,1,2018-02-14 08:30,TSP,2.93
한국중부발전㈜신보령발전본부,1,2018-02-14 08:30,SOx,18.64
한국중부발전㈜신보령발전본부,1,2018-02-14 08:30,NOx,19.51
한국중부발전㈜신보령발전본부,1,2018-02-14 09:00,TSP,2.95
한국중부발전㈜신보령발전본부,1,2018-02-14 09:00,SOx,18.53
한국중부발전㈜신보령발전본부,1,2018-02-14 09:00,NOx,18.9
한국중부발전㈜신보령발전본부,1,2018-02-14 09:30,TSP,2.95
한국중부발전㈜신보령발전본부,1,2018-02-14 09:30,SOx,18.48
한국중부발전㈜신보령발전본부,1,2018-02-14 09:30,NOx,19.07
한국중부발전㈜신보령발전본부,1,2018-02-14 10:00,TSP,2.98
한국중부발전㈜신보령발전본부,1,2018-02-14 10:00,SOx,18.65
한국중부발전㈜신보령발전본부,1,2018-02-14 10:00,NOx,17.73
한국중부발전㈜신보령발전본부,1,2018-02-14 10:30,TSP,3.0
한국중부발전㈜신보령발전본부,1,2018-02-14 10:30,SOx,18.36
한국중부발전㈜신보령발전본부,1,2018-02-14 10:30,NOx,17.24
한국중부발전㈜신보령발전본부,1,2018-02-14 11:00,TSP,3.08
한국중부발전㈜신보령발전본부,1,2018-02-14 11:00,SOx,18.23
한국중부발전㈜신보령발전본부,1,2018-02-14 11:00,NOx,17.61
한국중부발전㈜신보령발전본부,1,2018-02-14 11:30,TSP,3.06
한국중부발전㈜신보령발전본부,1,2018-02-14 11:30,SOx,18.77
한국중부발전㈜신보령발전본부,1,2018-02-14 11:30,NOx,10.87
한국중부발전㈜신보령발전본부,1,2018-02-14 12:00,TSP,2.96
한국중부발전㈜신보령발전본부,1,2018-02-14 12:00,SOx,18.17
한국중부발전㈜신보령발전본부,1,2018-02-14 12:00,NOx,11.81
한국중부발전㈜신보령발전본부,1,2018-02-14 12:30,TSP,2.96
한국중부발전㈜신보령발전본부,1,2018-02-14 12:30,SOx,17.7
한국중부발전㈜신보령발전본부,1,2018-02-14 12:30,NOx,11.45
한국중부발전㈜신보령발전본부,1,2018-02-14 13:00,TSP,2.92
한국중부발전㈜신보령발전본부,1,2018-02-14 13:00,SOx,17.69
한국중부발전㈜신보령발전본부,1,2018-02-14 13:00,NOx,12.19
한국중부발전㈜신보령발전본부,1,2018-02-14 13:30,TSP,2.94
한국중부발전㈜신보령발전본부,1,2018-02-14 13:30,SOx,15.2
한국중부발전㈜신보령발전본부,1,2018-02-14 13:30,NOx,13.52
한국중부발전㈜신보령발전본부,1,2018-02-14 14:00,TSP,2.89
한국중부발전㈜신보령발전본부,1,2018-02-14 14:00,SOx,14.78
한국중부발전㈜신보령발전본부,1,2018-02-14 14:00,NOx,13.7
한국중부발전㈜신보령발전본부,1,2018-02-14 14:30,TSP,2.97
한국중부발전㈜신보령발전본부,1,2018-02-14 14:30,SOx,16.35
한국중부발전㈜신보령발전본부,1,2018-02-14 14:30,NOx,11.58
한국중부발전㈜신보령발전본부,1,2018-02-14 15:00,TSP,2.98
한국중부발전㈜신보령발전본부,1,2018-02-14 15:00,SOx,17.2
한국중부발전㈜신보령발전본부,1,2018-02-14 15:00,NOx,11.54
한국중부발전㈜신보령발전본부,1,2018-02-14 15:30,TSP,2.92
한국중부발전㈜신보령발전본부,1,2018-02-14 15:30,SOx,18.84
한국중부발전㈜신보령발전본부,1,2018-02-14 15:30,NOx,12.5
한국중부발전㈜신보령발전본부,1,2018-02-14 16:00,TSP,2.96
한국중부발전㈜신보령발전본부,1,2018-02-14 16:00,SOx,19.97
한국중부발전㈜신보령발전본부,1,2018-02-14 16:00,NOx,11.98
한국중부발전㈜신보령발전본부,1,2018-02-14 16:30,TSP,2.97
한국중부발전㈜신보령발전본부,1,2018-02-14 16:30,SOx,20.34
한국중부발전㈜신보령발전본부,1,2018-02-14 16:30,NOx,12.12
한국중부발전㈜신보령발전본부,1,2018-02-14 17:00,TSP,2.99
한국중부발전㈜신보령발전본부,1,2018-02-14 17:00,SOx,19.58
한국중부발전㈜신보령발전본부,1,2018-02-14 17:00,NOx,10.83
한국중부발전㈜신보령발전본부,1,2018-02-14 17:30,TSP,3.08
한국중부발전㈜신보령발전본부,1,2018-02-14 17:30,SOx,19.35
한국중부발전㈜신보령발전본부,1,2018-02-14 17:30,NOx,11.28
한국중부발전㈜신보령발전본부,1,2018-02-14 18:00,TSP,3.07
한국중부발전㈜신보령발전본부,1,2018-02-14 18:00,SOx,20.49
한국중부발전㈜신보령발전본부,1,2018-02-14 18:00,NOx,10.39
한국중부발전㈜신보령발전본부,1,2018-02-14 18:30,TSP,3.1
한국중부발전㈜신보령발전본부,1,2018-02-14 18:30,SOx,20.72
한국중부발전㈜신보령발전본부,1,2018-02-14 18:30,NOx,11.14
한국중부발전㈜신보령발전본부,1,2018-02-14 19:00,TSP,3.15
한국중부발전㈜신보령발전본부,1,2018-02-14 19:00,SOx,20.46
한국중부발전㈜신보령발전본부,1,2018-02-14 19:00,NOx,10.26
한국중부발전㈜신보령발전본부,1,2018-02-14 19:30,TSP,3.0
한국중부발전㈜신보령발전본부,1,2018-02-14 19:30,SOx,20.38
한국중부발전㈜신보령발전본부,1,2018-02-14 19:30,NOx,10.22
한국중부발전㈜신보령발전본부,1,2018-02-14 20:00,TSP,3.02
한국중부발전㈜신보령발전본부,1,2018-02-14 20:00,SOx,19.73
한국중부발전㈜신보령발전본부,1,2018-02-14 20:00,NOx,11.72
한국중부발전㈜신보령발전본부,1,2018-02-14 20:30,TSP,3.05
한국중부발전㈜신보령발전본부,1,2018-02-14 20:30,SOx,19.5
한국중부발전㈜신보령발전본부,1,2018-02-14 20:30,NOx,11.41
한국중부발전㈜신보령발전본부,1,2018-02-14 21:00,TSP,3.04
한국중부발전㈜신보령발전본부,1,2018-02-14 21:00,SOx,19.88
한국중부발전㈜신보령발전본부,1,2018-02-14 21:00,NOx,11.26
한국중부발전㈜신보령발전본부,1,2018-02-14 21:30,TSP,3.04
한국중부발전㈜신보령발전본부,1,2018-02-14 21:30,SOx,19.94
한국중부발전㈜신보령발전본부,1,2018-02-14 21:30,NOx,11.71
한국중부발전㈜신보령발전본부,1,2018-02-14 22:00,TSP,3.0
한국중부발전㈜신보령발전본부,1,2018-02-14 22:00,SOx,19.57
한국중부발전㈜신보령발전본부,1,2018-02-14 22:00,NOx,11.46
한국중부발전㈜신보령발전본부,1,2018-02-14 22:30,TSP,2.89
한국중부발전㈜신보령발전본부,1,2018-02-14 22:30,SOx,19.37
한국중부발전㈜신보령발전본부,1,2018-02-14 22:30,NOx,11.38
한국중부발전㈜신보령발전본부,1,2018-02-14 23:00,TSP,2.85
한국중부발전㈜신보령발전본부,1,2018-02-14 23:00,SOx,19.11
한국중부발전㈜신보령발전본부,1,2018-02-14 23:00,NOx,12.94
한국중부발전㈜신보령발전본부,1,2018-02-14 23:30,TSP,2.88
한국중부발전㈜신보령발전본부,1,2018-02-14 23:30,SOx,19.07
한국중부발전㈜신보령발전본부,1,2018-02-14 23:30,NOx,13.0
한국중부발전㈜신보령발전본부,1,2018-02-15 00:00,TSP,2.91
한국중부발전㈜신보령발전본부,1,2018-02-15 00:00,SOx,18.95
한국중부발전㈜신보령발전본부,1,2018-02-15 00:00,NOx,12.23
한국중부발전㈜신보령발전본부,1,2018-02-15 00:30,TSP,2.94
한국중부발전㈜신보령발전본부,1,2018-02-15 00:30,SOx,18.97
한국중부발전㈜신보령발전본부,1,2018-02-15 00:30,NOx,12.81
한국중부발전㈜신보령발전본부,1,2018-02-15 01:00,TSP,2.95
한국중부발전㈜신보령발전본부,1,2018-02-15 01:00,SOx,18.45
한국중부발전㈜신보령발전본부,1,2018-02-15 01:00,NOx,12.53
한국중부발전㈜신보령발전본부,1,2018-02-15 01:30,TSP,2.97
한국중부발전㈜신보령발전본부,1,2018-02-15 01:30,SOx,16.51
한국중부발전㈜신보령발전본부,1,2018-02-15 01:30,NOx,10.62
한국중부발전㈜신보령발전본부,1,2018-02-15 02:00,TSP,2.96
한국중부발전㈜신보령발전본부,1,2018-02-15 02:00,SOx,20.3
한국중부발전㈜신보령발전본부,1,2018-02-15 02:00,NOx,11.99
한국중부발전㈜신보령발전본부,1,2018-02-15 02:30,TSP,2.93
한국중부발전㈜신보령발전본부,1,2018-02-15 02:30,SOx,22.58
한국중부발전㈜신보령발전본부,1,2018-02-15 02:30,NOx,12.21
한국중부발전㈜신보령발전본부,1,2018-02-15 03:00,TSP,2.98
한국중부발전㈜신보령발전본부,1,2018-02-15 03:00,SOx,22.25
한국중부발전㈜신보령발전본부,1,2018-02-15 03:00,NOx,13.2
한국중부발전㈜신보령발전본부,1,2018-02-15 03:30,TSP,2.91
한국중부발전㈜신보령발전본부,1,2018-02-15 03:30,SOx,22.78
한국중부발전㈜신보령발전본부,1,2018-02-15 03:30,NOx,13.35
한국중부발전㈜신보령발전본부,1,2018-02-15 04:00,TSP,2.92
한국중부발전㈜신보령발전본부,1,2018-02-15 04:00,SOx,22.09
한국중부발전㈜신보령발전본부,1,2018-02-15 04:00,NOx,14.05
한국중부발전㈜신보령발전본부,1,2018-02-15 04:30,TSP,2.89
한국중부발전㈜신보령발전본부,1,2018-02-15 04:30,SOx,21.19
한국중부발전㈜신보령발전본부,1,2018-02-15 04:30,NOx,11.86
한국중부발전㈜신보령발전본부,1,2018-02-15 05:00,TSP,2.88
한국중부발전㈜신보령발전본부,1,2018-02-15 05:00,SOx,21.95
한국중부발전㈜신보령발전본부,1,2018-02-15 05:00,NOx,12.18
한국중부발전㈜신보령발전본부,1,2018-02-15 05:30,TSP,2.83
한국중부발전㈜신보령발전본부,1,2018-02-15 05:30,SOx,21.35
한국중부발전㈜신보령발전본부,1,2018-02-15 05:30,NOx,12.09
한국중부발전㈜신보령발전본부,1,2018-02-15 06:00,TSP,2.81
한국중부발전㈜신보령발전본부,1,2018-02-15 06:00,SOx,17.14
한국중부발전㈜신보령발전본부,1,2018-02-15 06:00,NOx,13.13
한국중부발전㈜신보령발전본부,1,2018-02-15 06:30,TSP,2.83
한국중부발전㈜신보령발전본부,1,2018-02-15 06:30,SOx,16.87
한국중부발전㈜신보령발전본부,1,2018-02-15 06:30,NOx,13.12
한국중부발전㈜신보령발전본부,1,2018-02-15 07:00,TSP,2.84
한국중부발전㈜신보령발전본부,1,2018-02-15 07:00,SOx,16.31
한국중부발전㈜신보령발전본부,1,2018-02-15 07:00,NOx,13.28
한국중부발전㈜신보령발전본부,1,2018-02-15 07:30,TSP,2.84
한국중부발전㈜신보령발전본부,1,2018-02-15 07:30,SOx,16.17
한국중부발전㈜신보령발전본부,1,2018-02-15 07:30,NOx,13.42
한국중부발전㈜신보령발전본부,1,2018-02-15 08:00,TSP,2.87
한국중부발전㈜신보령발전본부,1,2018-02-15 08:00,SOx,16.42
한국중부발전㈜신보령발전본부,1,2018-02-15 08:00,NOx,13.9
한국중부발전㈜신보령발전본부,1,2018-02-15 08:30,TSP,2.85
한국중부발전㈜신보령발전본부,1,2018-02-15 08:30,SOx,16.93
한국중부발전㈜신보령발전본부,1,2018-02-15 08:30,NOx,13.66
한국중부발전㈜신보령발전본부,1,2018-02-15 09:00,TSP,2.9
한국중부발전㈜신보령발전본부,1,2018-02-15 09:00,SOx,16.01
한국중부발전㈜신보령발전본부,1,2018-02-15 09:00,NOx,11.9
한국중부발전㈜신보령발전본부,1,2018-02-15 09:30,TSP,2.97
한국중부발전㈜신보령발전본부,1,2018-02-15 09:30,SOx,16.06
한국중부발전㈜신보령발전본부,1,2018-02-15 09:30,NOx,12.0
한국중부발전㈜신보령발전본부,1,2018-02-15 10:00,TSP,2.93
한국중부발전㈜신보령발전본부,1,2018-02-15 10:00,SOx,17.77
한국중부발전㈜신보령발전본부,1,2018-02-15 10:00,NOx,12.77
한국중부발전㈜신보령발전본부,1,2018-02-15 10:30,TSP,2.99
한국중부발전㈜신보령발전본부,1,2018-02-15 10:30,SOx,17.81
한국중부발전㈜신보령발전본부,1,2018-02-15 10:30,NOx,12.7
한국중부발전㈜신보령발전본부,1,2018-02-15 11:00,TSP,2.98
한국중부발전㈜신보령발전본부,1,2018-02-15 11:00,SOx,16.37
한국중부발전㈜신보령발전본부,1,2018-02-15 11:00,NOx,10.32
한국중부발전㈜신보령발전본부,1,2018-02-15 11:30,TSP,2.94
한국중부발전㈜신보령발전본부,1,2018-02-15 11:30,SOx,15.43
한국중부발전㈜신보령발전본부,1,2018-02-15 11:30,NOx,10.81
한국중부발전㈜신보령발전본부,1,2018-02-15 12:00,TSP,2.9
한국중부발전㈜신보령발전본부,1,2018-02-15 12:00,SOx,15.07
한국중부발전㈜신보령발전본부,1,2018-02-15 12:00,NOx,11.25
한국중부발전㈜신보령발전본부,1,2018-02-15 12:30,TSP,2.87
한국중부발전㈜신보령발전본부,1,2018-02-15 12:30,SOx,14.9
한국중부발전㈜신보령발전본부,1,2018-02-15 12:30,NOx,11.97
한국중부발전㈜신보령발전본부,1,2018-02-15 13:00,TSP,2.87
한국중부발전㈜신보령발전본부,1,2018-02-15 13:00,SOx,15.13
한국중부발전㈜신보령발전본부,1,2018-02-15 13:00,NOx,12.5
한국중부발전㈜신보령발전본부,1,2018-02-15 13:30,TSP,2.88
한국중부발전㈜신보령발전본부,1,2018-02-15 13:30,SOx,15.2
한국중부발전㈜신보령발전본부,1,2018-02-15 13:30,NOx,12.59
한국중부발전㈜신보령발전본부,1,2018-02-15 14:00,TSP,2.87
한국중부발전㈜신보령발전본부,1,2018-02-15 14:00,SOx,16.65
한국중부발전㈜신보령발전본부,1,2018-02-15 14:00,NOx,13.53
한국중부발전㈜신보령발전본부,1,2018-02-15 14:30,TSP,2.83
한국중부발전㈜신보령발전본부,1,2018-02-15 14:30,SOx,16.12
한국중부발전㈜신보령발전본부,1,2018-02-15 14:30,NOx,12.73
한국중부발전㈜신보령발전본부,1,2018-02-15 15:00,TSP,2.91
한국중부발전㈜신보령발전본부,1,2018-02-15 15:00,SOx,16.2
한국중부발전㈜신보령발전본부,1,2018-02-15 15:00,NOx,14.03
한국중부발전㈜신보령발전본부,1,2018-02-15 15:30,TSP,2.88
한국중부발전㈜신보령발전본부,1,2018-02-15 15:30,SOx,16.04
한국중부발전㈜신보령발전본부,1,2018-02-15 15:30,NOx,14.83
한국중부발전㈜신보령발전본부,1,2018-02-15 16:00,TSP,2.95
한국중부발전㈜신보령발전본부,1,2018-02-15 16:00,SOx,15.85
한국중부발전㈜신보령발전본부,1,2018-02-15 16:00,NOx,14.6
한국중부발전㈜신보령발전본부,1,2018-02-15 16:30,TSP,2.97
한국중부발전㈜신보령발전본부,1,2018-02-15 16:30,SOx,16.1
한국중부발전㈜신보령발전본부,1,2018-02-15 16:30,NOx,16.49
한국중부발전㈜신보령발전본부,1,2018-02-15 17:00,TSP,3.0
한국중부발전㈜신보령발전본부,1,2018-02-15 17:00,SOx,16.29
한국중부발전㈜신보령발전본부,1,2018-02-15 17:00,NOx,13.27
한국중부발전㈜신보령발전본부,1,2018-02-15 17:30,TSP,2.98
한국중부발전㈜신보령발전본부,1,2018-02-15 17:30,SOx,16.13
한국중부발전㈜신보령발전본부,1,2018-02-15 17:30,NOx,13.1
한국중부발전㈜신보령발전본부,1,2018-02-15 18:00,TSP,3.04
한국중부발전㈜신보령발전본부,1,2018-02-15 18:00,SOx,16.01
한국중부발전㈜신보령발전본부,1,2018-02-15 18:00,NOx,13.21
한국중부발전㈜신보령발전본부,1,2018-02-15 18:30,TSP,3.05
한국중부발전㈜신보령발전본부,1,2018-02-15 18:30,SOx,15.89
한국중부발전㈜신보령발전본부,1,2018-02-15 18:30,NOx,14.65
한국중부발전㈜신보령발전본부,1,2018-02-15 19:00,TSP,3.2
한국중부발전㈜신보령발전본부,1,2018-02-15 19:00,SOx,16.12
한국중부발전㈜신보령발전본부,1,2018-02-15 19:00,NOx,15.09
한국중부발전㈜신보령발전본부,1,2018-02-15 19:30,TSP,3.03
한국중부발전㈜신보령발전본부,1,2018-02-15 19:30,SOx,16.4
한국중부발전㈜신보령발전본부,1,2018-02-15 19:30,NOx,15.08
한국중부발전㈜신보령발전본부,1,2018-02-15 20:00,TSP,3.01
한국중부발전㈜신보령발전본부,1,2018-02-15 20:00,SOx,16.49
한국중부발전㈜신보령발전본부,1,2018-02-15 20:00,NOx,12.37
한국중부발전㈜신보령발전본부,1,2018-02-15 20:30,TSP,2.98
한국중부발전㈜신보령발전본부,1,2018-02-15 20:30,SOx,16.32
한국중부발전㈜신보령발전본부,1,2018-02-15 20:30,NOx,11.74
한국중부발전㈜신보령발전본부,1,2018-02-15 21:00,TSP,2.98
한국중부발전㈜신보령발전본부,1,2018-02-15 21:00,SOx,15.99
한국중부발전㈜신보령발전본부,1,2018-02-15 21:00,NOx,12.28
한국중부발전㈜신보령발전본부,1,2018-02-15 21:30,TSP,3.0
한국중부발전㈜신보령발전본부,1,2018-02-15 21:30,SOx,16.0
한국중부발전㈜신보령발전본부,1,2018-02-15 21:30,NOx,12.65
한국중부발전㈜신보령발전본부,1,2018-02-15 22:00,TSP,3.0
한국중부발전㈜신보령발전본부,1,2018-02-15 22:00,SOx,16.29
한국중부발전㈜신보령발전본부,1,2018-02-15 22:00,NOx,12.59
한국중부발전㈜신보령발전본부,1,2018-02-15 22:30,TSP,2.93
한국중부발전㈜신보령발전본부,1,2018-02-15 22:30,SOx,16.24
한국중부발전㈜신보령발전본부,1,2018-02-15 22:30,NOx,12.75
한국중부발전㈜신보령발전본부,1,2018-02-15 23:00,TSP,2.92
한국중부발전㈜신보령발전본부,1,2018-02-15 23:00,SOx,16.06
한국중부발전㈜신보령발전본부,1,2018-02-15 23:00,NOx,12.86
한국중부발전㈜신보령발전본부,1,2018-02-15 23:30,TSP,2.9
한국중부발전㈜신보령발전본부,1,2018-02-15 23:30,SOx,15.4
한국중부발전㈜신보령발전본부,1,2018-02-15 23:30,NOx,13.03
한국중부발전㈜신보령발전본부,1,2018-02-16 00:00,TSP,2.94
한국중부발전㈜신보령발전본부,1,2018-02-16 00:00,SOx,14.97
한국중부발전㈜신보령발전본부,1,2018-02-16 00:00,NOx,12.59
한국중부발전㈜신보령발전본부,1,2018-02-16 00:30,TSP,2.98
한국중부발전㈜신보령발전본부,1,2018-02-16 00:30,SOx,14.1
한국중부발전㈜신보령발전본부,1,2018-02-16 00:30,NOx,13.12
한국중부발전㈜신보령발전본부,1,2018-02-16 01:00,TSP,2.98
한국중부발전㈜신보령발전본부,1,2018-02-16 01:00,SOx,12.88
한국중부발전㈜신보령발전본부,1,2018-02-16 01:00,NOx,11.33
한국중부발전㈜신보령발전본부,1,2018-02-16 01:30,TSP,2.94
한국중부발전㈜신보령발전본부,1,2018-02-16 01:30,SOx,12.73
한국중부발전㈜신보령발전본부,1,2018-02-16 01:30,NOx,10.38
한국중부발전㈜신보령발전본부,1,2018-02-16 02:00,TSP,2.9
한국중부발전㈜신보령발전본부,1,2018-02-16 02:00,SOx,12.76
한국중부발전㈜신보령발전본부,1,2018-02-16 02:00,NOx,8.86
한국중부발전㈜신보령발전본부,1,2018-02-16 02:30,TSP,2.93
한국중부발전㈜신보령발전본부,1,2018-02-16 02:30,SOx,13.06
한국중부발전㈜신보령발전본부,1,2018-02-16 02:30,NOx,9.62
한국중부발전㈜신보령발전본부,1,2018-02-16 03:00,TSP,2.88
한국중부발전㈜신보령발전본부,1,2018-02-16 03:00,SOx,13.31
한국중부발전㈜신보령발전본부,1,2018-02-16 03:00,NOx,9.92
한국중부발전㈜신보령발전본부,1,2018-02-16 03:30,TSP,2.84
한국중부발전㈜신보령발전본부,1,2018-02-16 03:30,SOx,14.75
한국중부발전㈜신보령발전본부,1,2018-02-16 03:30,NOx,10.12
한국중부발전㈜신보령발전본부,1,2018-02-16 04:00,TSP,2.85
한국중부발전㈜신보령발전본부,1,2018-02-16 04:00,SOx,15.17
한국중부발전㈜신보령발전본부,1,2018-02-16 04:00,NOx,10.54
한국중부발전㈜신보령발전본부,1,2018-02-16 04:30,TSP,2.81
한국중부발전㈜신보령발전본부,1,2018-02-16 04:30,SOx,15.81
한국중부발전㈜신보령발전본부,1,2018-02-16 04:30,NOx,11.08
한국중부발전㈜신보령발전본부,1,2018-02-16 05:00,TSP,2.83
한국중부발전㈜신보령발전본부,1,2018-02-16 05:00,SOx,16.28
한국중부발전㈜신보령발전본부,1,2018-02-16 05:00,NOx,10.72
한국중부발전㈜신보령발전본부,1,2018-02-16 05:30,TSP,2.83
한국중부발전㈜신보령발전본부,1,2018-02-16 05:30,SOx,16.94
한국중부발전㈜신보령발전본부,1,2018-02-16 05:30,NOx,11.1
한국중부발전㈜신보령발전본부,1,2018-02-16 06:00,TSP,2.82
한국중부발전㈜신보령발전본부,1,2018-02-16 06:00,SOx,18.6
한국중부발전㈜신보령발전본부,1,2018-02-16 06:00,NOx,13.17
한국중부발전㈜신보령발전본부,1,2018-02-16 06:30,TSP,2.81
한국중부발전㈜신보령발전본부,1,2018-02-16 06:30,SOx,19.41
한국중부발전㈜신보령발전본부,1,2018-02-16 06:30,NOx,13.95
한국중부발전㈜신보령발전본부,1,2018-02-16 07:00,TSP,2.81
한국중부발전㈜신보령발전본부,1,2018-02-16 07:00,SOx,19.33
한국중부발전㈜신보령발전본부,1,2018-02-16 07:00,NOx,13.97
한국중부발전㈜신보령발전본부,1,2018-02-16 07:30,TSP,2.83
한국중부발전㈜신보령발전본부,1,2018-02-16 07:30,SOx,18.66
한국중부발전㈜신보령발전본부,1,2018-02-16 07:30,NOx,13.87
한국중부발전㈜신보령발전본부,1,2018-02-16 08:00,TSP,2.9
한국중부발전㈜신보령발전본부,1,2018-02-16 08:00,SOx,17.96
한국중부발전㈜신보령발전본부,1,2018-02-16 08:00,NOx,13.49
한국중부발전㈜신보령발전본부,1,2018-02-16 08:30,TSP,2.85
한국중부발전㈜신보령발전본부,1,2018-02-16 08:30,SOx,18.91
한국중부발전㈜신보령발전본부,1,2018-02-16 08:30,NOx,14.84
한국중부발전㈜신보령발전본부,1,2018-02-16 09:00,TSP,2.92
한국중부발전㈜신보령발전본부,1,2018-02-16 09:00,SOx,19.13
한국중부발전㈜신보령발전본부,1,2018-02-16 09:00,NOx,13.8
한국중부발전㈜신보령발전본부,1,2018-02-16 09:30,TSP,2.96
한국중부발전㈜신보령발전본부,1,2018-02-16 09:30,SOx,18.84
한국중부발전㈜신보령발전본부,1,2018-02-16 09:30,NOx,14.76
한국중부발전㈜신보령발전본부,1,2018-02-16 10:00,TSP,2.98
한국중부발전㈜신보령발전본부,1,2018-02-16 10:00,SOx,18.57
한국중부발전㈜신보령발전본부,1,2018-02-16 10:00,NOx,14.64
한국중부발전㈜신보령발전본부,1,2018-02-16 10:30,TSP,3.03
한국중부발전㈜신보령발전본부,1,2018-02-16 10:30,SOx,18.14
한국중부발전㈜신보령발전본부,1,2018-02-16 10:30,NOx,15.73
한국중부발전㈜신보령발전본부,1,2018-02-16 11:00,TSP,3.02
한국중부발전㈜신보령발전본부,1,2018-02-16 11:00,SOx,16.9
한국중부발전㈜신보령발전본부,1,2018-02-16 11:00,NOx,16.02
한국중부발전㈜신보령발전본부,1,2018-02-16 11:30,TSP,2.91
한국중부발전㈜신보령발전본부,1,2018-02-16 11:30,SOx,15.02
한국중부발전㈜신보령발전본부,1,2018-02-16 11:30,NOx,15.38
한국중부발전㈜신보령발전본부,1,2018-02-16 12:00,TSP,2.94
한국중부발전㈜신보령발전본부,1,2018-02-16 12:00,SOx,13.93
한국중부발전㈜신보령발전본부,1,2018-02-16 12:00,NOx,13.47
한국중부발전㈜신보령발전본부,1,2018-02-16 12:30,TSP,2.94
한국중부발전㈜신보령발전본부,1,2018-02-16 12:30,SOx,13.55
한국중부발전㈜신보령발전본부,1,2018-02-16 12:30,NOx,13.71
한국중부발전㈜신보령발전본부,1,2018-02-16 13:00,TSP,3.0
한국중부발전㈜신보령발전본부,1,2018-02-16 13:00,SOx,12.13
한국중부발전㈜신보령발전본부,1,2018-02-16 13:00,NOx,9.38
한국중부발전㈜신보령발전본부,1,2018-02-16 13:30,TSP,2.99
한국중부발전㈜신보령발전본부,1,2018-02-16 13:30,SOx,11.51
한국중부발전㈜신보령발전본부,1,2018-02-16 13:30,NOx,10.68
한국중부발전㈜신보령발전본부,1,2018-02-16 14:00,TSP,2.94
한국중부발전㈜신보령발전본부,1,2018-02-16 14:00,SOx,12.76
한국중부발전㈜신보령발전본부,1,2018-02-16 14:00,NOx,12.21
한국중부발전㈜신보령발전본부,1,2018-02-16 14:30,TSP,2.94
한국중부발전㈜신보령발전본부,1,2018-02-16 14:30,SOx,12.58
한국중부발전㈜신보령발전본부,1,2018-02-16 14:30,NOx,11.86
한국중부발전㈜신보령발전본부,1,2018-02-16 15:00,TSP,2.91
한국중부발전㈜신보령발전본부,1,2018-02-16 15:00,SOx,14.15
한국중부발전㈜신보령발전본부,1,2018-02-16 15:00,NOx,17.18
한국중부발전㈜신보령발전본부,1,2018-02-16 15:30,TSP,2.85
한국중부발전㈜신보령발전본부,1,2018-02-16 15:30,SOx,15.76
한국중부발전㈜신보령발전본부,1,2018-02-16 15:30,NOx,14.54
한국중부발전㈜신보령발전본부,1,2018-02-16 16:00,TSP,2.86
한국중부발전㈜신보령발전본부,1,2018-02-16 16:00,SOx,15.32
한국중부발전㈜신보령발전본부,1,2018-02-16 16:00,NOx,14.07
한국중부발전㈜신보령발전본부,1,2018-02-16 16:30,TSP,2.89
한국중부발전㈜신보령발전본부,1,2018-02-16 16:30,SOx,15.77
한국중부발전㈜신보령발전본부,1,2018-02-16 16:30,NOx,14.99
한국중부발전㈜신보령발전본부,1,2018-02-16 17:00,TSP,2.92
한국중부발전㈜신보령발전본부,1,2018-02-16 17:00,SOx,15.82
한국중부발전㈜신보령발전본부,1,2018-02-16 17:00,NOx,14.88
한국중부발전㈜신보령발전본부,1,2018-02-16 17:30,TSP,2.94
한국중부발전㈜신보령발전본부,1,2018-02-16 17:30,SOx,15.89
한국중부발전㈜신보령발전본부,1,2018-02-16 17:30,NOx,15.82
한국중부발전㈜신보령발전본부,1,2018-02-16 18:00,TSP,2.96
한국중부발전㈜신보령발전본부,1,2018-02-16 18:00,SOx,16.66
한국중부발전㈜신보령발전본부,1,2018-02-16 18:00,NOx,17.61
한국중부발전㈜신보령발전본부,1,2018-02-16 18:30,TSP,2.92
한국중부발전㈜신보령발전본부,1,2018-02-16 18:30,SOx,17.22
한국중부발전㈜신보령발전본부,1,2018-02-16 18:30,NOx,18.54
한국중부발전㈜신보령발전본부,1,2018-02-16 19:00,TSP,3.06
한국중부발전㈜신보령발전본부,1,2018-02-16 19:00,SOx,17.12
한국중부발전㈜신보령발전본부,1,2018-02-16 19:00,NOx,18.75
한국중부발전㈜신보령발전본부,1,2018-02-16 19:30,TSP,2.9
한국중부발전㈜신보령발전본부,1,2018-02-16 19:30,SOx,16.62
한국중부발전㈜신보령발전본부,1,2018-02-16 19:30,NOx,18.46
한국중부발전㈜신보령발전본부,1,2018-02-16 20:00,TSP,2.98
한국중부발전㈜신보령발전본부,1,2018-02-16 20:00,SOx,16.74
한국중부발전㈜신보령발전본부,1,2018-02-16 20:00,NOx,18.06
한국중부발전㈜신보령발전본부,1,2018-02-16 20:30,TSP,3.01
한국중부발전㈜신보령발전본부,1,2018-02-16 20:30,SOx,17.19
한국중부발전㈜신보령발전본부,1,2018-02-16 20:30,NOx,17.88
한국중부발전㈜신보령발전본부,1,2018-02-16 21:00,TSP,3.06
한국중부발전㈜신보령발전본부,1,2018-02-16 21:00,SOx,17.88
한국중부발전㈜신보령발전본부,1,2018-02-16 21:00,NOx,18.05
한국중부발전㈜신보령발전본부,1,2018-02-16 21:30,TSP,3.11
한국중부발전㈜신보령발전본부,1,2018-02-16 21:30,SOx,18.14
한국중부발전㈜신보령발전본부,1,2018-02-16 21:30,NOx,17.96
한국중부발전㈜신보령발전본부,1,2018-02-16 22:00,TSP,3.08
한국중부발전㈜신보령발전본부,1,2018-02-16 22:00,SOx,17.39
한국중부발전㈜신보령발전본부,1,2018-02-16 22:00,NOx,17.9
한국중부발전㈜신보령발전본부,1,2018-02-16 22:30,TSP,2.96
한국중부발전㈜신보령발전본부,1,2018-02-16 22:30,SOx,17.38
한국중부발전㈜신보령발전본부,1,2018-02-16 22:30,NOx,18.01
한국중부발전㈜신보령발전본부,1,2018-02-16 23:00,TSP,2.97
한국중부발전㈜신보령발전본부,1,2018-02-16 23:00,SOx,17.94
한국중부발전㈜신보령발전본부,1,2018-02-16 23:00,NOx,17.5
한국중부발전㈜신보령발전본부,1,2018-02-16 23:30,TSP,2.94
한국중부발전㈜신보령발전본부,1,2018-02-16 23:30,SOx,18.2
한국중부발전㈜신보령발전본부,1,2018-02-16 23:30,NOx,16.6
한국중부발전㈜신보령발전본부,1,2018-02-17 00:00,TSP,2.98
한국중부발전㈜신보령발전본부,1,2018-02-17 00:00,SOx,17.89
한국중부발전㈜신보령발전본부,1,2018-02-17 00:00,NOx,15.51
한국중부발전㈜신보령발전본부,1,2018-02-17 00:30,TSP,2.93
한국중부발전㈜신보령발전본부,1,2018-02-17 00:30,SOx,17.41
한국중부발전㈜신보령발전본부,1,2018-02-17 00:30,NOx,15.94
한국중부발전㈜신보령발전본부,1,2018-02-17 01:00,TSP,2.94
한국중부발전㈜신보령발전본부,1,2018-02-17 01:00,SOx,17.32
한국중부발전㈜신보령발전본부,1,2018-02-17 01:00,NOx,15.87
한국중부발전㈜신보령발전본부,1,2018-02-17 01:30,TSP,2.94
한국중부발전㈜신보령발전본부,1,2018-02-17 01:30,SOx,16.92
한국중부발전㈜신보령발전본부,1,2018-02-17 01:30,NOx,16.43
한국중부발전㈜신보령발전본부,1,2018-02-17 02:00,TSP,2.98
한국중부발전㈜신보령발전본부,1,2018-02-17 02:00,SOx,15.19
한국중부발전㈜신보령발전본부,1,2018-02-17 02:00,NOx,14.05
한국중부발전㈜신보령발전본부,1,2018-02-17 02:30,TSP,2.99
한국중부발전㈜신보령발전본부,1,2018-02-17 02:30,SOx,13.9
한국중부발전㈜신보령발전본부,1,2018-02-17 02:30,NOx,12.93
한국중부발전㈜신보령발전본부,1,2018-02-17 03:00,TSP,2.99
한국중부발전㈜신보령발전본부,1,2018-02-17 03:00,SOx,13.41
한국중부발전㈜신보령발전본부,1,2018-02-17 03:00,NOx,13.46
한국중부발전㈜신보령발전본부,1,2018-02-17 03:30,TSP,2.89
한국중부발전㈜신보령발전본부,1,2018-02-17 03:30,SOx,12.83
한국중부발전㈜신보령발전본부,1,2018-02-17 03:30,NOx,12.42
한국중부발전㈜신보령발전본부,1,2018-02-17 04:00,TSP,2.88
한국중부발전㈜신보령발전본부,1,2018-02-17 04:00,SOx,12.28
한국중부발전㈜신보령발전본부,1,2018-02-17 04:00,NOx,13.55
한국중부발전㈜신보령발전본부,1,2018-02-17 04:30,TSP,2.89
한국중부발전㈜신보령발전본부,1,2018-02-17 04:30,SOx,12.13
한국중부발전㈜신보령발전본부,1,2018-02-17 04:30,NOx,12.48
한국중부발전㈜신보령발전본부,1,2018-02-17 05:00,TSP,2.87
한국중부발전㈜신보령발전본부,1,2018-02-17 05:00,SOx,12.2
한국중부발전㈜신보령발전본부,1,2018-02-17 05:00,NOx,13.01
한국중부발전㈜신보령발전본부,1,2018-02-17 05:30,TSP,2.85
한국중부발전㈜신보령발전본부,1,2018-02-17 05:30,SOx,12.22
한국중부발전㈜신보령발전본부,1,2018-02-17 05:30,NOx,13.41
한국중부발전㈜신보령발전본부,1,2018-02-17 06:00,TSP,2.85
한국중부발전㈜신보령발전본부,1,2018-02-17 06:00,SOx,13.18
한국중부발전㈜신보령발전본부,1,2018-02-17 06:00,NOx,15.14
한국중부발전㈜신보령발전본부,1,2018-02-17 06:30,TSP,2.84
한국중부발전㈜신보령발전본부,1,2018-02-17 06:30,SOx,13.49
한국중부발전㈜신보령발전본부,1,2018-02-17 06:30,NOx,14.78
한국중부발전㈜신보령발전본부,1,2018-02-17 07:00,TSP,2.86
한국중부발전㈜신보령발전본부,1,2018-02-17 07:00,SOx,14.35
한국중부발전㈜신보령발전본부,1,2018-02-17 07:00,NOx,14.96
한국중부발전㈜신보령발전본부,1,2018-02-17 07:30,TSP,2.74
한국중부발전㈜신보령발전본부,1,2018-02-17 07:30,SOx,16.08
한국중부발전㈜신보령발전본부,1,2018-02-17 07:30,NOx,17.13
한국중부발전㈜신보령발전본부,1,2018-02-17 08:00,TSP,2.81
한국중부발전㈜신보령발전본부,1,2018-02-17 08:00,SOx,15.85
한국중부발전㈜신보령발전본부,1,2018-02-17 08:00,NOx,16.0
한국중부발전㈜신보령발전본부,1,2018-02-17 08:30,TSP,2.88
한국중부발전㈜신보령발전본부,1,2018-02-17 08:30,SOx,14.7
한국중부발전㈜신보령발전본부,1,2018-02-17 08:30,NOx,12.0
한국중부발전㈜신보령발전본부,1,2018-02-17 09:00,TSP,2.85
한국중부발전㈜신보령발전본부,1,2018-02-17 09:00,SOx,14.64
한국중부발전㈜신보령발전본부,1,2018-02-17 09:00,NOx,12.9
한국중부발전㈜신보령발전본부,1,2018-02-17 09:30,TSP,2.85
한국중부발전㈜신보령발전본부,1,2018-02-17 09:30,SOx,14.7
한국중부발전㈜신보령발전본부,1,2018-02-17 09:30,NOx,13.84
한국중부발전㈜신보령발전본부,1,2018-02-17 10:00,TSP,2.86
한국중부발전㈜신보령발전본부,1,2018-02-17 10:00,SOx,14.71
한국중부발전㈜신보령발전본부,1,2018-02-17 10:00,NOx,14.81
한국중부발전㈜신보령발전본부,1,2018-02-17 10:30,TSP,2.88
한국중부발전㈜신보령발전본부,1,2018-02-17 10:30,SOx,14.54
한국중부발전㈜신보령발전본부,1,2018-02-17 10:30,NOx,13.38
한국중부발전㈜신보령발전본부,1,2018-02-17 11:00,TSP,2.83
한국중부발전㈜신보령발전본부,1,2018-02-17 11:00,SOx,14.37
한국중부발전㈜신보령발전본부,1,2018-02-17 11:00,NOx,14.12
한국중부발전㈜신보령발전본부,1,2018-02-17 11:30,TSP,2.81
한국중부발전㈜신보령발전본부,1,2018-02-17 11:30,SOx,13.67
한국중부발전㈜신보령발전본부,1,2018-02-17 11:30,NOx,15.2
한국중부발전㈜신보령발전본부,1,2018-02-17 12:00,TSP,2.8
한국중부발전㈜신보령발전본부,1,2018-02-17 12:00,SOx,13.13
한국중부발전㈜신보령발전본부,1,2018-02-17 12:00,NOx,16.97
한국중부발전㈜신보령발전본부,1,2018-02-17 12:30,TSP,2.8
한국중부발전㈜신보령발전본부,1,2018-02-17 12:30,SOx,14.08
한국중부발전㈜신보령발전본부,1,2018-02-17 12:30,NOx,18.89
한국중부발전㈜신보령발전본부,1,2018-02-17 13:00,TSP,2.81
한국중부발전㈜신보령발전본부,1,2018-02-17 13:00,SOx,15.81
한국중부발전㈜신보령발전본부,1,2018-02-17 13:00,NOx,18.95
한국중부발전㈜신보령발전본부,1,2018-02-17 13:30,TSP,2.78
한국중부발전㈜신보령발전본부,1,2018-02-17 13:30,SOx,15.6
한국중부발전㈜신보령발전본부,1,2018-02-17 13:30,NOx,16.84
한국중부발전㈜신보령발전본부,1,2018-02-17 14:00,TSP,2.78
한국중부발전㈜신보령발전본부,1,2018-02-17 14:00,SOx,15.62
한국중부발전㈜신보령발전본부,1,2018-02-17 14:00,NOx,16.15
한국중부발전㈜신보령발전본부,1,2018-02-17 14:30,TSP,2.74
한국중부발전㈜신보령발전본부,1,2018-02-17 14:30,SOx,15.91
한국중부발전㈜신보령발전본부,1,2018-02-17 14:30,NOx,15.91
한국중부발전㈜신보령발전본부,1,2018-02-17 15:00,TSP,2.75
한국중부발전㈜신보령발전본부,1,2018-02-17 15:00,SOx,16.33
한국중부발전㈜신보령발전본부,1,2018-02-17 15:00,NOx,14.17
한국중부발전㈜신보령발전본부,1,2018-02-17 15:30,TSP,2.78
한국중부발전㈜신보령발전본부,1,2018-02-17 15:30,SOx,16.5
한국중부발전㈜신보령발전본부,1,2018-02-17 15:30,NOx,13.6
한국중부발전㈜신보령발전본부,1,2018-02-17 16:00,TSP,2.8
한국중부발전㈜신보령발전본부,1,2018-02-17 16:00,SOx,17.31
한국중부발전㈜신보령발전본부,1,2018-02-17 16:00,NOx,14.83
한국중부발전㈜신보령발전본부,1,2018-02-17 16:30,TSP,2.79
한국중부발전㈜신보령발전본부,1,2018-02-17 16:30,SOx,18.25
한국중부발전㈜신보령발전본부,1,2018-02-17 16:30,NOx,14.51
한국중부발전㈜신보령발전본부,1,2018-02-17 17:00,TSP,2.76
한국중부발전㈜신보령발전본부,1,2018-02-17 17:00,SOx,20.23
한국중부발전㈜신보령발전본부,1,2018-02-17 17:00,NOx,17.11
한국중부발전㈜신보령발전본부,1,2018-02-17 17:30,TSP,2.76
한국중부발전㈜신보령발전본부,1,2018-02-17 17:30,SOx,20.97
한국중부발전㈜신보령발전본부,1,2018-02-17 17:30,NOx,17.82
한국중부발전㈜신보령발전본부,1,2018-02-17 18:00,TSP,2.8
한국중부발전㈜신보령발전본부,1,2018-02-17 18:00,SOx,21.0
한국중부발전㈜신보령발전본부,1,2018-02-17 18:00,NOx,18.93
한국중부발전㈜신보령발전본부,1,2018-02-17 18:30,TSP,2.82
한국중부발전㈜신보령발전본부,1,2018-02-17 18:30,SOx,21.29
한국중부발전㈜신보령발전본부,1,2018-02-17 18:30,NOx,20.4
한국중부발전㈜신보령발전본부,1,2018-02-17 19:00,TSP,2.98
한국중부발전㈜신보령발전본부,1,2018-02-17 19:00,SOx,21.42
한국중부발전㈜신보령발전본부,1,2018-02-17 19:00,NOx,20.6
한국중부발전㈜신보령발전본부,1,2018-02-17 19:30,TSP,2.89
한국중부발전㈜신보령발전본부,1,2018-02-17 19:30,SOx,21.89
한국중부발전㈜신보령발전본부,1,2018-02-17 19:30,NOx,20.03
한국중부발전㈜신보령발전본부,1,2018-02-17 20:00,TSP,2.91
한국중부발전㈜신보령발전본부,1,2018-02-17 20:00,SOx,21.7
한국중부발전㈜신보령발전본부,1,2018-02-17 20:00,NOx,19.82
한국중부발전㈜신보령발전본부,1,2018-02-17 20:30,TSP,2.9
한국중부발전㈜신보령발전본부,1,2018-02-17 20:30,SOx,20.85
한국중부발전㈜신보령발전본부,1,2018-02-17 20:30,NOx,18.67
한국중부발전㈜신보령발전본부,1,2018-02-17 21:00,TSP,2.94
한국중부발전㈜신보령발전본부,1,2018-02-17 21:00,SOx,20.97
한국중부발전㈜신보령발전본부,1,2018-02-17 21:00,NOx,17.57
한국중부발전㈜신보령발전본부,1,2018-02-17 21:30,TSP,2.96
한국중부발전㈜신보령발전본부,1,2018-02-17 21:30,SOx,20.94
한국중부발전㈜신보령발전본부,1,2018-02-17 21:30,NOx,16.96
한국중부발전㈜신보령발전본부,1,2018-02-17 22:00,TSP,2.92
한국중부발전㈜신보령발전본부,1,2018-02-17 22:00,SOx,21.03
한국중부발전㈜신보령발전본부,1,2018-02-17 22:00,NOx,17.43
한국중부발전㈜신보령발전본부,1,2018-02-17 22:30,TSP,2.83
한국중부발전㈜신보령발전본부,1,2018-02-17 22:30,SOx,20.57
한국중부발전㈜신보령발전본부,1,2018-02-17 22:30,NOx,16.82
한국중부발전㈜신보령발전본부,1,2018-02-17 23:00,TSP,2.81
한국중부발전㈜신보령발전본부,1,2018-02-17 23:00,SOx,20.62
한국중부발전㈜신보령발전본부,1,2018-02-17 23:00,NOx,17.54
한국중부발전㈜신보령발전본부,1,2018-02-17 23:30,TSP,2.84
한국중부발전㈜신보령발전본부,1,2018-02-17 23:30,SOx,20.64
한국중부발전㈜신보령발전본부,1,2018-02-17 23:30,NOx,17.76
한국중부발전㈜신보령발전본부,1,2018-02-18 00:00,TSP,2.83
한국중부발전㈜신보령발전본부,1,2018-02-18 00:00,SOx,21.44
한국중부발전㈜신보령발전본부,1,2018-02-18 00:00,NOx,17.84
한국중부발전㈜신보령발전본부,1,2018-02-18 00:30,TSP,2.86
한국중부발전㈜신보령발전본부,1,2018-02-18 00:30,SOx,22.34
한국중부발전㈜신보령발전본부,1,2018-02-18 00:30,NOx,17.05
한국중부발전㈜신보령발전본부,1,2018-02-18 01:00,TSP,2.94
한국중부발전㈜신보령발전본부,1,2018-02-18 01:00,SOx,21.33
한국중부발전㈜신보령발전본부,1,2018-02-18 01:00,NOx,15.43
한국중부발전㈜신보령발전본부,1,2018-02-18 01:30,TSP,2.92
한국중부발전㈜신보령발전본부,1,2018-02-18 01:30,SOx,21.9
한국중부발전㈜신보령발전본부,1,2018-02-18 01:30,NOx,16.76
한국중부발전㈜신보령발전본부,1,2018-02-18 02:00,TSP,3.0
한국중부발전㈜신보령발전본부,1,2018-02-18 02:00,SOx,20.18
한국중부발전㈜신보령발전본부,1,2018-02-18 02:00,NOx,17.12
한국중부발전㈜신보령발전본부,1,2018-02-18 02:30,TSP,3.0
한국중부발전㈜신보령발전본부,1,2018-02-18 02:30,SOx,22.38
한국중부발전㈜신보령발전본부,1,2018-02-18 02:30,NOx,17.29
한국중부발전㈜신보령발전본부,1,2018-02-18 03:00,TSP,3.02
한국중부발전㈜신보령발전본부,1,2018-02-18 03:00,SOx,20.3
한국중부발전㈜신보령발전본부,1,2018-02-18 03:00,NOx,15.46
한국중부발전㈜신보령발전본부,1,2018-02-18 03:30,TSP,2.94
한국중부발전㈜신보령발전본부,1,2018-02-18 03:30,SOx,20.1
한국중부발전㈜신보령발전본부,1,2018-02-18 03:30,NOx,13.19
한국중부발전㈜신보령발전본부,1,2018-02-18 04:00,TSP,2.92
한국중부발전㈜신보령발전본부,1,2018-02-18 04:00,SOx,20.64
한국중부발전㈜신보령발전본부,1,2018-02-18 04:00,NOx,12.51
한국중부발전㈜신보령발전본부,1,2018-02-18 04:30,TSP,2.94
한국중부발전㈜신보령발전본부,1,2018-02-18 04:30,SOx,24.08
한국중부발전㈜신보령발전본부,1,2018-02-18 04:30,NOx,15.38
한국중부발전㈜신보령발전본부,1,2018-02-18 05:00,TSP,2.89
한국중부발전㈜신보령발전본부,1,2018-02-18 05:00,SOx,25.77
한국중부발전㈜신보령발전본부,1,2018-02-18 05:00,NOx,15.59
한국중부발전㈜신보령발전본부,1,2018-02-18 05:30,TSP,2.87
한국중부발전㈜신보령발전본부,1,2018-02-18 05:30,SOx,24.22
한국중부발전㈜신보령발전본부,1,2018-02-18 05:30,NOx,14.01
한국중부발전㈜신보령발전본부,1,2018-02-18 06:00,TSP,2.91
한국중부발전㈜신보령발전본부,1,2018-02-18 06:00,SOx,23.0
한국중부발전㈜신보령발전본부,1,2018-02-18 06:00,NOx,13.24
한국중부발전㈜신보령발전본부,1,2018-02-18 06:30,TSP,2.89
한국중부발전㈜신보령발전본부,1,2018-02-18 06:30,SOx,23.02
한국중부발전㈜신보령발전본부,1,2018-02-18 06:30,NOx,13.01
한국중부발전㈜신보령발전본부,1,2018-02-18 07:00,TSP,2.85
한국중부발전㈜신보령발전본부,1,2018-02-18 07:00,SOx,23.0
한국중부발전㈜신보령발전본부,1,2018-02-18 07:00,NOx,12.52
한국중부발전㈜신보령발전본부,1,2018-02-18 07:30,TSP,2.81
한국중부발전㈜신보령발전본부,1,2018-02-18 07:30,SOx,22.71
한국중부발전㈜신보령발전본부,1,2018-02-18 07:30,NOx,11.12
한국중부발전㈜신보령발전본부,1,2018-02-18 08:00,TSP,2.81
한국중부발전㈜신보령발전본부,1,2018-02-18 08:00,SOx,22.44
한국중부발전㈜신보령발전본부,1,2018-02-18 08:00,NOx,10.07
한국중부발전㈜신보령발전본부,1,2018-02-18 08:30,TSP,2.81
한국중부발전㈜신보령발전본부,1,2018-02-18 08:30,SOx,22.38
한국중부발전㈜신보령발전본부,1,2018-02-18 08:30,NOx,10.85
한국중부발전㈜신보령발전본부,1,2018-02-18 09:00,TSP,2.8
한국중부발전㈜신보령발전본부,1,2018-02-18 09:00,SOx,22.59
한국중부발전㈜신보령발전본부,1,2018-02-18 09:00,NOx,11.85
한국중부발전㈜신보령발전본부,1,2018-02-18 09:30,TSP,2.84
한국중부발전㈜신보령발전본부,1,2018-02-18 09:30,SOx,22.52
한국중부발전㈜신보령발전본부,1,2018-02-18 09:30,NOx,14.12
한국중부발전㈜신보령발전본부,1,2018-02-18 10:00,TSP,2.84
한국중부발전㈜신보령발전본부,1,2018-02-18 10:00,SOx,22.49
한국중부발전㈜신보령발전본부,1,2018-02-18 10:00,NOx,14.39
한국중부발전㈜신보령발전본부,1,2018-02-18 10:30,TSP,2.88
한국중부발전㈜신보령발전본부,1,2018-02-18 10:30,SOx,22.37
한국중부발전㈜신보령발전본부,1,2018-02-18 10:30,NOx,14.55
한국중부발전㈜신보령발전본부,1,2018-02-18 11:00,TSP,2.85
한국중부발전㈜신보령발전본부,1,2018-02-18 11:00,SOx,22.75
한국중부발전㈜신보령발전본부,1,2018-02-18 11:00,NOx,15.64
한국중부발전㈜신보령발전본부,1,2018-02-18 11:30,TSP,2.78
한국중부발전㈜신보령발전본부,1,2018-02-18 11:30,SOx,22.94
한국중부발전㈜신보령발전본부,1,2018-02-18 11:30,NOx,15.62
한국중부발전㈜신보령발전본부,1,2018-02-18 12:00,TSP,2.78
한국중부발전㈜신보령발전본부,1,2018-02-18 12:00,SOx,23.66
한국중부발전㈜신보령발전본부,1,2018-02-18 12:00,NOx,15.81
한국중부발전㈜신보령발전본부,1,2018-02-18 12:30,TSP,2.8
한국중부발전㈜신보령발전본부,1,2018-02-18 12:30,SOx,24.13
한국중부발전㈜신보령발전본부,1,2018-02-18 12:30,NOx,14.73
한국중부발전㈜신보령발전본부,1,2018-02-18 13:00,TSP,2.75
한국중부발전㈜신보령발전본부,1,2018-02-18 13:00,SOx,20.72
한국중부발전㈜신보령발전본부,1,2018-02-18 13:00,NOx,16.1
한국중부발전㈜신보령발전본부,1,2018-02-18 13:30,TSP,2.78
한국중부발전㈜신보령발전본부,1,2018-02-18 13:30,SOx,20.23
한국중부발전㈜신보령발전본부,1,2018-02-18 13:30,NOx,15.39
한국중부발전㈜신보령발전본부,1,2018-02-18 14:00,TSP,2.78
한국중부발전㈜신보령발전본부,1,2018-02-18 14:00,SOx,20.5
한국중부발전㈜신보령발전본부,1,2018-02-18 14:00,NOx,14.28
한국중부발전㈜신보령발전본부,1,2018-02-18 14:30,TSP,2.8
한국중부발전㈜신보령발전본부,1,2018-02-18 14:30,SOx,20.65
한국중부발전㈜신보령발전본부,1,2018-02-18 14:30,NOx,13.67
한국중부발전㈜신보령발전본부,1,2018-02-18 15:00,TSP,2.85
한국중부발전㈜신보령발전본부,1,2018-02-18 15:00,SOx,21.36
한국중부발전㈜신보령발전본부,1,2018-02-18 15:00,NOx,13.77
한국중부발전㈜신보령발전본부,1,2018-02-18 15:30,TSP,2.85
한국중부발전㈜신보령발전본부,1,2018-02-18 15:30,SOx,21.49
한국중부발전㈜신보령발전본부,1,2018-02-18 15:30,NOx,13.84
한국중부발전㈜신보령발전본부,1,2018-02-18 16:00,TSP,2.85
한국중부발전㈜신보령발전본부,1,2018-02-18 16:00,SOx,21.5
한국중부발전㈜신보령발전본부,1,2018-02-18 16:00,NOx,13.97
한국중부발전㈜신보령발전본부,1,2018-02-18 16:30,TSP,2.85
한국중부발전㈜신보령발전본부,1,2018-02-18 16:30,SOx,21.57
한국중부발전㈜신보령발전본부,1,2018-02-18 16:30,NOx,13.42
한국중부발전㈜신보령발전본부,1,2018-02-18 17:00,TSP,2.87
한국중부발전㈜신보령발전본부,1,2018-02-18 17:00,SOx,21.48
한국중부발전㈜신보령발전본부,1,2018-02-18 17:00,NOx,14.21
한국중부발전㈜신보령발전본부,1,2018-02-18 17:30,TSP,2.9
한국중부발전㈜신보령발전본부,1,2018-02-18 17:30,SOx,23.03
한국중부발전㈜신보령발전본부,1,2018-02-18 17:30,NOx,15.69
한국중부발전㈜신보령발전본부,1,2018-02-18 18:00,TSP,2.9
한국중부발전㈜신보령발전본부,1,2018-02-18 18:00,SOx,22.36
한국중부발전㈜신보령발전본부,1,2018-02-18 18:00,NOx,15.1
한국중부발전㈜신보령발전본부,1,2018-02-18 18:30,TSP,2.86
한국중부발전㈜신보령발전본부,1,2018-02-18 18:30,SOx,23.1
한국중부발전㈜신보령발전본부,1,2018-02-18 18:30,NOx,16.24
한국중부발전㈜신보령발전본부,1,2018-02-18 19:00,TSP,3.0
한국중부발전㈜신보령발전본부,1,2018-02-18 19:00,SOx,22.98
한국중부발전㈜신보령발전본부,1,2018-02-18 19:00,NOx,16.56
한국중부발전㈜신보령발전본부,1,2018-02-18 19:30,TSP,2.93
한국중부발전㈜신보령발전본부,1,2018-02-18 19:30,SOx,23.11
한국중부발전㈜신보령발전본부,1,2018-02-18 19:30,NOx,16.99
한국중부발전㈜신보령발전본부,1,2018-02-18 20:00,TSP,2.94
한국중부발전㈜신보령발전본부,1,2018-02-18 20:00,SOx,23.27
한국중부발전㈜신보령발전본부,1,2018-02-18 20:00,NOx,18.02
한국중부발전㈜신보령발전본부,1,2018-02-18 20:30,TSP,2.97
한국중부발전㈜신보령발전본부,1,2018-02-18 20:30,SOx,23.67
한국중부발전㈜신보령발전본부,1,2018-02-18 20:30,NOx,18.35
한국중부발전㈜신보령발전본부,1,2018-02-18 21:00,TSP,3.01
한국중부발전㈜신보령발전본부,1,2018-02-18 21:00,SOx,22.11
한국중부발전㈜신보령발전본부,1,2018-02-18 21:00,NOx,13.99
한국중부발전㈜신보령발전본부,1,2018-02-18 21:30,TSP,3.08
한국중부발전㈜신보령발전본부,1,2018-02-18 21:30,SOx,23.29
한국중부발전㈜신보령발전본부,1,2018-02-18 21:30,NOx,14.99
한국중부발전㈜신보령발전본부,1,2018-02-18 22:00,TSP,2.98
한국중부발전㈜신보령발전본부,1,2018-02-18 22:00,SOx,24.86
한국중부발전㈜신보령발전본부,1,2018-02-18 22:00,NOx,15.93
한국중부발전㈜신보령발전본부,1,2018-02-18 22:30,TSP,2.89
한국중부발전㈜신보령발전본부,1,2018-02-18 22:30,SOx,25.07
한국중부발전㈜신보령발전본부,1,2018-02-18 22:30,NOx,16.03
한국중부발전㈜신보령발전본부,1,2018-02-18 23:00,TSP,2.89
한국중부발전㈜신보령발전본부,1,2018-02-18 23:00,SOx,25.43
한국중부발전㈜신보령발전본부,1,2018-02-18 23:00,NOx,16.6
한국중부발전㈜신보령발전본부,1,2018-02-18 23:30,TSP,2.88
한국중부발전㈜신보령발전본부,1,2018-02-18 23:30,SOx,25.22
한국중부발전㈜신보령발전본부,1,2018-02-18 23:30,NOx,21.15
한국중부발전㈜신보령발전본부,1,2018-02-19 00:00,TSP,2.88
한국중부발전㈜신보령발전본부,1,2018-02-19 00:00,SOx,25.07
한국중부발전㈜신보령발전본부,1,2018-02-19 00:00,NOx,16.79
한국중부발전㈜신보령발전본부,1,2018-02-19 00:30,TSP,2.94
한국중부발전㈜신보령발전본부,1,2018-02-19 00:30,SOx,22.24
한국중부발전㈜신보령발전본부,1,2018-02-19 00:30,NOx,13.69
한국중부발전㈜신보령발전본부,1,2018-02-19 01:00,TSP,2.94
한국중부발전㈜신보령발전본부,1,2018-02-19 01:00,SOx,21.64
한국중부발전㈜신보령발전본부,1,2018-02-19 01:00,NOx,11.78
한국중부발전㈜신보령발전본부,1,2018-02-19 01:30,TSP,2.92
한국중부발전㈜신보령발전본부,1,2018-02-19 01:30,SOx,21.5
한국중부발전㈜신보령발전본부,1,2018-02-19 01:30,NOx,13.32
한국중부발전㈜신보령발전본부,1,2018-02-19 02:00,TSP,2.9
한국중부발전㈜신보령발전본부,1,2018-02-19 02:00,SOx,21.48
한국중부발전㈜신보령발전본부,1,2018-02-19 02:00,NOx,13.26
한국중부발전㈜신보령발전본부,1,2018-02-19 02:30,TSP,2.84
한국중부발전㈜신보령발전본부,1,2018-02-19 02:30,SOx,21.47
한국중부발전㈜신보령발전본부,1,2018-02-19 02:30,NOx,13.51
한국중부발전㈜신보령발전본부,1,2018-02-19 03:00,TSP,2.86
한국중부발전㈜신보령발전본부,1,2018-02-19 03:00,SOx,21.62
한국중부발전㈜신보령발전본부,1,2018-02-19 03:00,NOx,13.7
한국중부발전㈜신보령발전본부,1,2018-02-19 03:30,TSP,2.82
한국중부발전㈜신보령발전본부,1,2018-02-19 03:30,SOx,21.73
한국중부발전㈜신보령발전본부,1,2018-02-19 03:30,NOx,14.18
한국중부발전㈜신보령발전본부,1,2018-02-19 04:00,TSP,2.81
한국중부발전㈜신보령발전본부,1,2018-02-19 04:00,SOx,22.13
한국중부발전㈜신보령발전본부,1,2018-02-19 04:00,NOx,14.74
한국중부발전㈜신보령발전본부,1,2018-02-19 04:30,TSP,2.82
한국중부발전㈜신보령발전본부,1,2018-02-19 04:30,SOx,23.17
한국중부발전㈜신보령발전본부,1,2018-02-19 04:30,NOx,16.38
한국중부발전㈜신보령발전본부,1,2018-02-19 05:00,TSP,2.74
한국중부발전㈜신보령발전본부,1,2018-02-19 05:00,SOx,25.56
한국중부발전㈜신보령발전본부,1,2018-02-19 05:00,NOx,18.26
한국중부발전㈜신보령발전본부,1,2018-02-19 05:30,TSP,2.74
한국중부발전㈜신보령발전본부,1,2018-02-19 05:30,SOx,25.59
한국중부발전㈜신보령발전본부,1,2018-02-19 05:30,NOx,16.87
한국중부발전㈜신보령발전본부,1,2018-02-19 06:00,TSP,2.76
한국중부발전㈜신보령발전본부,1,2018-02-19 06:00,SOx,25.66
한국중부발전㈜신보령발전본부,1,2018-02-19 06:00,NOx,15.91
한국중부발전㈜신보령발전본부,1,2018-02-19 06:30,TSP,2.77
한국중부발전㈜신보령발전본부,1,2018-02-19 06:30,SOx,26.09
한국중부발전㈜신보령발전본부,1,2018-02-19 06:30,NOx,16.83
한국중부발전㈜신보령발전본부,1,2018-02-19 07:00,TSP,2.76
한국중부발전㈜신보령발전본부,1,2018-02-19 07:00,SOx,25.91
한국중부발전㈜신보령발전본부,1,2018-02-19 07:00,NOx,17.09
한국중부발전㈜신보령발전본부,1,2018-02-19 07:30,TSP,2.76
한국중부발전㈜신보령발전본부,1,2018-02-19 07:30,SOx,25.64
한국중부발전㈜신보령발전본부,1,2018-02-19 07:30,NOx,17.69
한국중부발전㈜신보령발전본부,1,2018-02-19 08:00,TSP,2.75
한국중부발전㈜신보령발전본부,1,2018-02-19 08:00,SOx,25.46
한국중부발전㈜신보령발전본부,1,2018-02-19 08:00,NOx,18.84
한국중부발전㈜신보령발전본부,1,2018-02-19 08:30,TSP,2.77
한국중부발전㈜신보령발전본부,1,2018-02-19 08:30,SOx,25.21
한국중부발전㈜신보령발전본부,1,2018-02-19 08:30,NOx,20.02
한국중부발전㈜신보령발전본부,1,2018-02-19 09:00,TSP,2.8
한국중부발전㈜신보령발전본부,1,2018-02-19 09:00,SOx,25.13
한국중부발전㈜신보령발전본부,1,2018-02-19 09:00,NOx,19.5
한국중부발전㈜신보령발전본부,1,2018-02-19 09:30,TSP,2.81
한국중부발전㈜신보령발전본부,1,2018-02-19 09:30,SOx,24.97
한국중부발전㈜신보령발전본부,1,2018-02-19 09:30,NOx,18.95
한국중부발전㈜신보령발전본부,1,2018-02-19 10:00,TSP,2.86
한국중부발전㈜신보령발전본부,1,2018-02-19 10:00,SOx,25.19
한국중부발전㈜신보령발전본부,1,2018-02-19 10:00,NOx,18.65
한국중부발전㈜신보령발전본부,1,2018-02-19 10:30,TSP,2.86
한국중부발전㈜신보령발전본부,1,2018-02-19 10:30,SOx,24.84
한국중부발전㈜신보령발전본부,1,2018-02-19 10:30,NOx,19.06
한국중부발전㈜신보령발전본부,1,2018-02-19 11:00,TSP,2.86
한국중부발전㈜신보령발전본부,1,2018-02-19 11:00,SOx,24.51
한국중부발전㈜신보령발전본부,1,2018-02-19 11:00,NOx,18.65
한국중부발전㈜신보령발전본부,1,2018-02-19 11:30,TSP,2.85
한국중부발전㈜신보령발전본부,1,2018-02-19 11:30,SOx,24.56
한국중부발전㈜신보령발전본부,1,2018-02-19 11:30,NOx,18.6
한국중부발전㈜신보령발전본부,1,2018-02-19 12:00,TSP,2.82
한국중부발전㈜신보령발전본부,1,2018-02-19 12:00,SOx,24.35
한국중부발전㈜신보령발전본부,1,2018-02-19 12:00,NOx,17.35
한국중부발전㈜신보령발전본부,1,2018-02-19 12:30,TSP,2.8
한국중부발전㈜신보령발전본부,1,2018-02-19 12:30,SOx,24.28
한국중부발전㈜신보령발전본부,1,2018-02-19 12:30,NOx,17.13
한국중부발전㈜신보령발전본부,1,2018-02-19 13:00,TSP,2.8
한국중부발전㈜신보령발전본부,1,2018-02-19 13:00,SOx,24.32
한국중부발전㈜신보령발전본부,1,2018-02-19 13:00,NOx,17.23
한국중부발전㈜신보령발전본부,1,2018-02-19 13:30,TSP,2.79
한국중부발전㈜신보령발전본부,1,2018-02-19 13:30,SOx,24.42
한국중부발전㈜신보령발전본부,1,2018-02-19 13:30,NOx,16.99
한국중부발전㈜신보령발전본부,1,2018-02-19 14:00,TSP,2.81
한국중부발전㈜신보령발전본부,1,2018-02-19 14:00,SOx,25.27
한국중부발전㈜신보령발전본부,1,2018-02-19 14:00,NOx,17.22
한국중부발전㈜신보령발전본부,1,2018-02-19 14:30,TSP,2.88
한국중부발전㈜신보령발전본부,1,2018-02-19 14:30,SOx,25.43
한국중부발전㈜신보령발전본부,1,2018-02-19 14:30,NOx,16.66
한국중부발전㈜신보령발전본부,1,2018-02-19 15:00,TSP,2.82
한국중부발전㈜신보령발전본부,1,2018-02-19 15:00,SOx,25.34
한국중부발전㈜신보령발전본부,1,2018-02-19 15:00,NOx,17.73
한국중부발전㈜신보령발전본부,1,2018-02-19 15:30,TSP,2.81
한국중부발전㈜신보령발전본부,1,2018-02-19 15:30,SOx,25.64
한국중부발전㈜신보령발전본부,1,2018-02-19 15:30,NOx,17.03
한국중부발전㈜신보령발전본부,1,2018-02-19 16:00,TSP,2.83
한국중부발전㈜신보령발전본부,1,2018-02-19 16:00,SOx,25.53
한국중부발전㈜신보령발전본부,1,2018-02-19 16:00,NOx,16.81
한국중부발전㈜신보령발전본부,1,2018-02-19 16:30,TSP,2.85
한국중부발전㈜신보령발전본부,1,2018-02-19 16:30,SOx,25.59
한국중부발전㈜신보령발전본부,1,2018-02-19 16:30,NOx,17.7
한국중부발전㈜신보령발전본부,1,2018-02-19 17:00,TSP,2.87
한국중부발전㈜신보령발전본부,1,2018-02-19 17:00,SOx,25.23
한국중부발전㈜신보령발전본부,1,2018-02-19 17:00,NOx,18.19
한국중부발전㈜신보령발전본부,1,2018-02-19 17:30,TSP,2.89
한국중부발전㈜신보령발전본부,1,2018-02-19 17:30,SOx,25.35
한국중부발전㈜신보령발전본부,1,2018-02-19 17:30,NOx,18.1
한국중부발전㈜신보령발전본부,1,2018-02-19 18:00,TSP,2.89
한국중부발전㈜신보령발전본부,1,2018-02-19 18:00,SOx,25.12
한국중부발전㈜신보령발전본부,1,2018-02-19 18:00,NOx,17.85
한국중부발전㈜신보령발전본부,1,2018-02-19 18:30,TSP,2.88
한국중부발전㈜신보령발전본부,1,2018-02-19 18:30,SOx,24.84
한국중부발전㈜신보령발전본부,1,2018-02-19 18:30,NOx,15.79
한국중부발전㈜신보령발전본부,1,2018-02-19 19:00,TSP,2.92
한국중부발전㈜신보령발전본부,1,2018-02-19 19:00,SOx,24.64
한국중부발전㈜신보령발전본부,1,2018-02-19 19:00,NOx,15.36
한국중부발전㈜신보령발전본부,1,2018-02-19 19:30,TSP,2.86
한국중부발전㈜신보령발전본부,1,2018-02-19 19:30,SOx,24.18
한국중부발전㈜신보령발전본부,1,2018-02-19 19:30,NOx,15.29
한국중부발전㈜신보령발전본부,1,2018-02-19 20:00,TSP,2.88
한국중부발전㈜신보령발전본부,1,2018-02-19 20:00,SOx,23.06
한국중부발전㈜신보령발전본부,1,2018-02-19 20:00,NOx,15.2
한국중부발전㈜신보령발전본부,1,2018-02-19 20:30,TSP,2.89
한국중부발전㈜신보령발전본부,1,2018-02-19 20:30,SOx,21.68
한국중부발전㈜신보령발전본부,1,2018-02-19 20:30,NOx,15.92
한국중부발전㈜신보령발전본부,1,2018-02-19 21:00,TSP,2.95
한국중부발전㈜신보령발전본부,1,2018-02-19 21:00,SOx,20.45
한국중부발전㈜신보령발전본부,1,2018-02-19 21:00,NOx,15.44
한국중부발전㈜신보령발전본부,1,2018-02-19 21:30,TSP,2.95
한국중부발전㈜신보령발전본부,1,2018-02-19 21:30,SOx,19.45
한국중부발전㈜신보령발전본부,1,2018-02-19 21:30,NOx,17.17
한국중부발전㈜신보령발전본부,1,2018-02-19 22:00,TSP,2.95
한국중부발전㈜신보령발전본부,1,2018-02-19 22:00,SOx,18.0
한국중부발전㈜신보령발전본부,1,2018-02-19 22:00,NOx,17.55
한국중부발전㈜신보령발전본부,1,2018-02-19 22:30,TSP,2.94
한국중부발전㈜신보령발전본부,1,2018-02-19 22:30,SOx,19.04
한국중부발전㈜신보령발전본부,1,2018-02-19 22:30,NOx,19.05
한국중부발전㈜신보령발전본부,1,2018-02-19 23:00,TSP,2.95
한국중부발전㈜신보령발전본부,1,2018-02-19 23:00,SOx,17.74
한국중부발전㈜신보령발전본부,1,2018-02-19 23:00,NOx,18.87
한국중부발전㈜신보령발전본부,1,2018-02-19 23:30,TSP,2.93
한국중부발전㈜신보령발전본부,1,2018-02-19 23:30,SOx,15.02
한국중부발전㈜신보령발전본부,1,2018-02-19 23:30,NOx,18.08
한국중부발전㈜신보령발전본부,1,2018-02-20 00:00,TSP,2.94
한국중부발전㈜신보령발전본부,1,2018-02-20 00:00,SOx,13.25
한국중부발전㈜신보령발전본부,1,2018-02-20 00:00,NOx,17.42
한국중부발전㈜신보령발전본부,1,2018-02-20 00:30,TSP,2.92
한국중부발전㈜신보령발전본부,1,2018-02-20 00:30,SOx,11.9
한국중부발전㈜신보령발전본부,1,2018-02-20 00:30,NOx,16.29
한국중부발전㈜신보령발전본부,1,2018-02-20 01:00,TSP,2.94
한국중부발전㈜신보령발전본부,1,2018-02-20 01:00,SOx,11.7
한국중부발전㈜신보령발전본부,1,2018-02-20 01:00,NOx,18.39
한국중부발전㈜신보령발전본부,1,2018-02-20 01:30,TSP,2.95
한국중부발전㈜신보령발전본부,1,2018-02-20 01:30,SOx,11.67
한국중부발전㈜신보령발전본부,1,2018-02-20 01:30,NOx,18.19
한국중부발전㈜신보령발전본부,1,2018-02-20 02:00,TSP,2.96
한국중부발전㈜신보령발전본부,1,2018-02-20 02:00,SOx,11.69
한국중부발전㈜신보령발전본부,1,2018-02-20 02:00,NOx,18.58
한국중부발전㈜신보령발전본부,1,2018-02-20 02:30,TSP,2.97
한국중부발전㈜신보령발전본부,1,2018-02-20 02:30,SOx,11.71
한국중부발전㈜신보령발전본부,1,2018-02-20 02:30,NOx,17.28
한국중부발전㈜신보령발전본부,1,2018-02-20 03:00,TSP,2.99
한국중부발전㈜신보령발전본부,1,2018-02-20 03:00,SOx,11.82
한국중부발전㈜신보령발전본부,1,2018-02-20 03:00,NOx,18.62
한국중부발전㈜신보령발전본부,1,2018-02-20 03:30,TSP,2.95
한국중부발전㈜신보령발전본부,1,2018-02-20 03:30,SOx,11.85
한국중부발전㈜신보령발전본부,1,2018-02-20 03:30,NOx,18.2
한국중부발전㈜신보령발전본부,1,2018-02-20 04:00,TSP,2.93
한국중부발전㈜신보령발전본부,1,2018-02-20 04:00,SOx,12.34
한국중부발전㈜신보령발전본부,1,2018-02-20 04:00,NOx,19.16
한국중부발전㈜신보령발전본부,1,2018-02-20 04:30,TSP,2.92
한국중부발전㈜신보령발전본부,1,2018-02-20 04:30,SOx,14.62
한국중부발전㈜신보령발전본부,1,2018-02-20 04:30,NOx,18.44
한국중부발전㈜신보령발전본부,1,2018-02-20 05:00,TSP,2.94
한국중부발전㈜신보령발전본부,1,2018-02-20 05:00,SOx,14.32
한국중부발전㈜신보령발전본부,1,2018-02-20 05:00,NOx,19.02
한국중부발전㈜신보령발전본부,1,2018-02-20 05:30,TSP,2.94
한국중부발전㈜신보령발전본부,1,2018-02-20 05:30,SOx,14.1
한국중부발전㈜신보령발전본부,1,2018-02-20 05:30,NOx,18.54
한국중부발전㈜신보령발전본부,1,2018-02-20 06:00,TSP,2.93
한국중부발전㈜신보령발전본부,1,2018-02-20 06:00,SOx,14.0
한국중부발전㈜신보령발전본부,1,2018-02-20 06:00,NOx,18.43
한국중부발전㈜신보령발전본부,1,2018-02-20 06:30,TSP,2.94
한국중부발전㈜신보령발전본부,1,2018-02-20 06:30,SOx,13.88
한국중부발전㈜신보령발전본부,1,2018-02-20 06:30,NOx,18.91
한국중부발전㈜신보령발전본부,1,2018-02-20 07:00,TSP,2.94
한국중부발전㈜신보령발전본부,1,2018-02-20 07:00,SOx,13.86
한국중부발전㈜신보령발전본부,1,2018-02-20 07:00,NOx,17.86
한국중부발전㈜신보령발전본부,1,2018-02-20 07:30,TSP,2.9
한국중부발전㈜신보령발전본부,1,2018-02-20 07:30,SOx,13.62
한국중부발전㈜신보령발전본부,1,2018-02-20 07:30,NOx,17.71
한국중부발전㈜신보령발전본부,1,2018-02-20 08:00,TSP,2.9
한국중부발전㈜신보령발전본부,1,2018-02-20 08:00,SOx,13.5
한국중부발전㈜신보령발전본부,1,2018-02-20 08:00,NOx,18.23
한국중부발전㈜신보령발전본부,1,2018-02-20 08:30,TSP,2.87
한국중부발전㈜신보령발전본부,1,2018-02-20 08:30,SOx,13.43
한국중부발전㈜신보령발전본부,1,2018-02-20 08:30,NOx,18.92
한국중부발전㈜신보령발전본부,1,2018-02-20 09:00,TSP,2.9
한국중부발전㈜신보령발전본부,1,2018-02-20 09:00,SOx,14.27
한국중부발전㈜신보령발전본부,1,2018-02-20 09:00,NOx,19.7
한국중부발전㈜신보령발전본부,1,2018-02-20 09:30,TSP,2.91
한국중부발전㈜신보령발전본부,1,2018-02-20 09:30,SOx,15.27
한국중부발전㈜신보령발전본부,1,2018-02-20 09:30,NOx,20.83
한국중부발전㈜신보령발전본부,1,2018-02-20 10:00,TSP,2.92
한국중부발전㈜신보령발전본부,1,2018-02-20 10:00,SOx,15.15
한국중부발전㈜신보령발전본부,1,2018-02-20 10:00,NOx,20.77
한국중부발전㈜신보령발전본부,1,2018-02-20 10:30,TSP,2.98
한국중부발전㈜신보령발전본부,1,2018-02-20 10:30,SOx,15.05
한국중부발전㈜신보령발전본부,1,2018-02-20 10:30,NOx,20.54
한국중부발전㈜신보령발전본부,1,2018-02-20 11:00,TSP,3.02
한국중부발전㈜신보령발전본부,1,2018-02-20 11:00,SOx,14.6
한국중부발전㈜신보령발전본부,1,2018-02-20 11:00,NOx,19.84
한국중부발전㈜신보령발전본부,1,2018-02-20 11:30,TSP,2.97
한국중부발전㈜신보령발전본부,1,2018-02-20 11:30,SOx,14.07
한국중부발전㈜신보령발전본부,1,2018-02-20 11:30,NOx,21.24
한국중부발전㈜신보령발전본부,1,2018-02-20 12:00,TSP,2.99
한국중부발전㈜신보령발전본부,1,2018-02-20 12:00,SOx,13.16
한국중부발전㈜신보령발전본부,1,2018-02-20 12:00,NOx,19.4
한국중부발전㈜신보령발전본부,1,2018-02-20 12:30,TSP,2.94
한국중부발전㈜신보령발전본부,1,2018-02-20 12:30,SOx,12.46
한국중부발전㈜신보령발전본부,1,2018-02-20 12:30,NOx,20.68
한국중부발전㈜신보령발전본부,1,2018-02-20 13:00,TSP,2.94
한국중부발전㈜신보령발전본부,1,2018-02-20 13:00,SOx,13.06
한국중부발전㈜신보령발전본부,1,2018-02-20 13:00,NOx,20.61
한국중부발전㈜신보령발전본부,1,2018-02-20 13:30,TSP,3.0
한국중부발전㈜신보령발전본부,1,2018-02-20 13:30,SOx,12.99
한국중부발전㈜신보령발전본부,1,2018-02-20 13:30,NOx,19.98
한국중부발전㈜신보령발전본부,1,2018-02-20 14:00,TSP,3.04
한국중부발전㈜신보령발전본부,1,2018-02-20 14:00,SOx,12.6
한국중부발전㈜신보령발전본부,1,2018-02-20 14:00,NOx,19.77
한국중부발전㈜신보령발전본부,1,2018-02-20 14:30,TSP,3.09
한국중부발전㈜신보령발전본부,1,2018-02-20 14:30,SOx,13.46
한국중부발전㈜신보령발전본부,1,2018-02-20 14:30,NOx,19.52
한국중부발전㈜신보령발전본부,1,2018-02-20 15:00,TSP,3.13
한국중부발전㈜신보령발전본부,1,2018-02-20 15:00,SOx,13.97
한국중부발전㈜신보령발전본부,1,2018-02-20 15:00,NOx,18.45
한국중부발전㈜신보령발전본부,1,2018-02-20 15:30,TSP,3.13
한국중부발전㈜신보령발전본부,1,2018-02-20 15:30,SOx,14.74
한국중부발전㈜신보령발전본부,1,2018-02-20 15:30,NOx,18.24
한국중부발전㈜신보령발전본부,1,2018-02-20 16:00,TSP,3.11
한국중부발전㈜신보령발전본부,1,2018-02-20 16:00,SOx,15.77
한국중부발전㈜신보령발전본부,1,2018-02-20 16:00,NOx,18.29
한국중부발전㈜신보령발전본부,1,2018-02-20 16:30,TSP,3.15
한국중부발전㈜신보령발전본부,1,2018-02-20 16:30,SOx,16.63
한국중부발전㈜신보령발전본부,1,2018-02-20 16:30,NOx,18.79
한국중부발전㈜신보령발전본부,1,2018-02-20 17:00,TSP,3.19
한국중부발전㈜신보령발전본부,1,2018-02-20 17:00,SOx,17.23
한국중부발전㈜신보령발전본부,1,2018-02-20 17:00,NOx,17.93
한국중부발전㈜신보령발전본부,1,2018-02-20 17:30,TSP,3.25
한국중부발전㈜신보령발전본부,1,2018-02-20 17:30,SOx,17.75
한국중부발전㈜신보령발전본부,1,2018-02-20 17:30,NOx,19.59
한국중부발전㈜신보령발전본부,1,2018-02-20 18:00,TSP,3.34
한국중부발전㈜신보령발전본부,1,2018-02-20 18:00,SOx,18.14
한국중부발전㈜신보령발전본부,1,2018-02-20 18:00,NOx,16.89
한국중부발전㈜신보령발전본부,1,2018-02-20 18:30,TSP,3.35
한국중부발전㈜신보령발전본부,1,2018-02-20 18:30,SOx,18.93
한국중부발전㈜신보령발전본부,1,2018-02-20 18:30,NOx,17.42
한국중부발전㈜신보령발전본부,1,2018-02-20 19:00,TSP,3.52
한국중부발전㈜신보령발전본부,1,2018-02-20 19:00,SOx,19.5
한국중부발전㈜신보령발전본부,1,2018-02-20 19:00,NOx,18.02
한국중부발전㈜신보령발전본부,1,2018-02-20 19:30,TSP,3.31
한국중부발전㈜신보령발전본부,1,2018-02-20 19:30,SOx,19.85
한국중부발전㈜신보령발전본부,1,2018-02-20 19:30,NOx,18.16
한국중부발전㈜신보령발전본부,1,2018-02-20 20:00,TSP,3.31
한국중부발전㈜신보령발전본부,1,2018-02-20 20:00,SOx,19.87
한국중부발전㈜신보령발전본부,1,2018-02-20 20:00,NOx,19.68
한국중부발전㈜신보령발전본부,1,2018-02-20 20:30,TSP,3.3
한국중부발전㈜신보령발전본부,1,2018-02-20 20:30,SOx,20.06
한국중부발전㈜신보령발전본부,1,2018-02-20 20:30,NOx,19.31
한국중부발전㈜신보령발전본부,1,2018-02-20 21:00,TSP,3.29
한국중부발전㈜신보령발전본부,1,2018-02-20 21:00,SOx,20.61
한국중부발전㈜신보령발전본부,1,2018-02-20 21:00,NOx,19.2
한국중부발전㈜신보령발전본부,1,2018-02-20 21:30,TSP,3.31
한국중부발전㈜신보령발전본부,1,2018-02-20 21:30,SOx,20.81
한국중부발전㈜신보령발전본부,1,2018-02-20 21:30,NOx,19.09
한국중부발전㈜신보령발전본부,1,2018-02-20 22:00,TSP,3.29
한국중부발전㈜신보령발전본부,1,2018-02-20 22:00,SOx,20.49
한국중부발전㈜신보령발전본부,1,2018-02-20 22:00,NOx,18.9
한국중부발전㈜신보령발전본부,1,2018-02-20 22:30,TSP,3.14
한국중부발전㈜신보령발전본부,1,2018-02-20 22:30,SOx,20.59
한국중부발전㈜신보령발전본부,1,2018-02-20 22:30,NOx,18.14
한국중부발전㈜신보령발전본부,1,2018-02-20 23:00,TSP,3.14
한국중부발전㈜신보령발전본부,1,2018-02-20 23:00,SOx,20.39
한국중부발전㈜신보령발전본부,1,2018-02-20 23:00,NOx,18.62
한국중부발전㈜신보령발전본부,1,2018-02-20 23:30,TSP,3.12
한국중부발전㈜신보령발전본부,1,2018-02-20 23:30,SOx,19.61
한국중부발전㈜신보령발전본부,1,2018-02-20 23:30,NOx,19.04
한국중부발전㈜신보령발전본부,1,2018-02-21 00:00,TSP,3.12
한국중부발전㈜신보령발전본부,1,2018-02-21 00:00,SOx,19.68
한국중부발전㈜신보령발전본부,1,2018-02-21 00:00,NOx,19.15
한국중부발전㈜신보령발전본부,1,2018-02-21 00:30,TSP,3.14
한국중부발전㈜신보령발전본부,1,2018-02-21 00:30,SOx,19.41
한국중부발전㈜신보령발전본부,1,2018-02-21 00:30,NOx,19.53
한국중부발전㈜신보령발전본부,1,2018-02-21 01:00,TSP,3.15
한국중부발전㈜신보령발전본부,1,2018-02-21 01:00,SOx,19.7
한국중부발전㈜신보령발전본부,1,2018-02-21 01:00,NOx,18.19
한국중부발전㈜신보령발전본부,1,2018-02-21 01:30,TSP,3.13
한국중부발전㈜신보령발전본부,1,2018-02-21 01:30,SOx,19.53
한국중부발전㈜신보령발전본부,1,2018-02-21 01:30,NOx,19.06
한국중부발전㈜신보령발전본부,1,2018-02-21 02:00,TSP,3.18
한국중부발전㈜신보령발전본부,1,2018-02-21 02:00,SOx,19.53
한국중부발전㈜신보령발전본부,1,2018-02-21 02:00,NOx,19.18
한국중부발전㈜신보령발전본부,1,2018-02-21 02:30,TSP,3.19
한국중부발전㈜신보령발전본부,1,2018-02-21 02:30,SOx,19.59
한국중부발전㈜신보령발전본부,1,2018-02-21 02:30,NOx,20.44
한국중부발전㈜신보령발전본부,1,2018-02-21 03:00,TSP,3.22
한국중부발전㈜신보령발전본부,1,2018-02-21 03:00,SOx,19.87
한국중부발전㈜신보령발전본부,1,2018-02-21 03:00,NOx,20.93
한국중부발전㈜신보령발전본부,1,2018-02-21 03:30,TSP,3.08
한국중부발전㈜신보령발전본부,1,2018-02-21 03:30,SOx,19.86
한국중부발전㈜신보령발전본부,1,2018-02-21 03:30,NOx,20.26
한국중부발전㈜신보령발전본부,1,2018-02-21 04:00,TSP,3.08
한국중부발전㈜신보령발전본부,1,2018-02-21 04:00,SOx,19.77
한국중부발전㈜신보령발전본부,1,2018-02-21 04:00,NOx,20.41
한국중부발전㈜신보령발전본부,1,2018-02-21 04:30,TSP,3.09
한국중부발전㈜신보령발전본부,1,2018-02-21 04:30,SOx,19.86
한국중부발전㈜신보령발전본부,1,2018-02-21 04:30,NOx,21.12
한국중부발전㈜신보령발전본부,1,2018-02-21 05:00,TSP,3.08
한국중부발전㈜신보령발전본부,1,2018-02-21 05:00,SOx,20.0
한국중부발전㈜신보령발전본부,1,2018-02-21 05:00,NOx,21.47
한국중부발전㈜신보령발전본부,1,2018-02-21 05:30,TSP,3.07
한국중부발전㈜신보령발전본부,1,2018-02-21 05:30,SOx,20.46
한국중부발전㈜신보령발전본부,1,2018-02-21 05:30,NOx,20.97
한국중부발전㈜신보령발전본부,1,2018-02-21 06:00,TSP,3.1
한국중부발전㈜신보령발전본부,1,2018-02-21 06:00,SOx,20.82
한국중부발전㈜신보령발전본부,1,2018-02-21 06:00,NOx,19.25
한국중부발전㈜신보령발전본부,1,2018-02-21 06:30,TSP,3.09
한국중부발전㈜신보령발전본부,1,2018-02-21 06:30,SOx,20.66
한국중부발전㈜신보령발전본부,1,2018-02-21 06:30,NOx,20.03
한국중부발전㈜신보령발전본부,1,2018-02-21 07:00,TSP,3.09
한국중부발전㈜신보령발전본부,1,2018-02-21 07:00,SOx,20.34
한국중부발전㈜신보령발전본부,1,2018-02-21 07:00,NOx,19.68
한국중부발전㈜신보령발전본부,1,2018-02-21 07:30,TSP,3.03
한국중부발전㈜신보령발전본부,1,2018-02-21 07:30,SOx,20.3
한국중부발전㈜신보령발전본부,1,2018-02-21 07:30,NOx,19.76
한국중부발전㈜신보령발전본부,1,2018-02-21 08:00,TSP,3.06
한국중부발전㈜신보령발전본부,1,2018-02-21 08:00,SOx,20.32
한국중부발전㈜신보령발전본부,1,2018-02-21 08:00,NOx,20.41
한국중부발전㈜신보령발전본부,1,2018-02-21 08:30,TSP,3.11
한국중부발전㈜신보령발전본부,1,2018-02-21 08:30,SOx,20.99
한국중부발전㈜신보령발전본부,1,2018-02-21 08:30,NOx,20.35
한국중부발전㈜신보령발전본부,1,2018-02-21 09:00,TSP,3.14
한국중부발전㈜신보령발전본부,1,2018-02-21 09:00,SOx,20.6
한국중부발전㈜신보령발전본부,1,2018-02-21 09:00,NOx,20.41
한국중부발전㈜신보령발전본부,1,2018-02-21 09:30,TSP,3.23
한국중부발전㈜신보령발전본부,1,2018-02-21 09:30,SOx,20.35
한국중부발전㈜신보령발전본부,1,2018-02-21 09:30,NOx,20.73
한국중부발전㈜신보령발전본부,1,2018-02-21 10:00,TSP,3.23
한국중부발전㈜신보령발전본부,1,2018-02-21 10:00,SOx,20.35
한국중부발전㈜신보령발전본부,1,2018-02-21 10:00,NOx,20.73
한국중부발전㈜신보령발전본부,1,2018-02-21 10:30,TSP,3.17
한국중부발전㈜신보령발전본부,1,2018-02-21 10:30,SOx,19.85
한국중부발전㈜신보령발전본부,1,2018-02-21 10:30,NOx,20.16
한국중부발전㈜신보령발전본부,1,2018-02-21 11:00,TSP,3.16
한국중부발전㈜신보령발전본부,1,2018-02-21 11:00,SOx,20.27
한국중부발전㈜신보령발전본부,1,2018-02-21 11:00,NOx,20.11
한국중부발전㈜신보령발전본부,1,2018-02-21 11:30,TSP,3.08
한국중부발전㈜신보령발전본부,1,2018-02-21 11:30,SOx,20.55
한국중부발전㈜신보령발전본부,1,2018-02-21 11:30,NOx,19.59
한국중부발전㈜신보령발전본부,1,2018-02-21 12:00,TSP,3.08
한국중부발전㈜신보령발전본부,1,2018-02-21 12:00,SOx,20.67
한국중부발전㈜신보령발전본부,1,2018-02-21 12:00,NOx,19.37
한국중부발전㈜신보령발전본부,1,2018-02-21 12:30,TSP,3.07
한국중부발전㈜신보령발전본부,1,2018-02-21 12:30,SOx,19.99
한국중부발전㈜신보령발전본부,1,2018-02-21 12:30,NOx,18.79
한국중부발전㈜신보령발전본부,1,2018-02-21 13:00,TSP,3.11
한국중부발전㈜신보령발전본부,1,2018-02-21 13:00,SOx,19.99
한국중부발전㈜신보령발전본부,1,2018-02-21 13:00,NOx,16.7
한국중부발전㈜신보령발전본부,1,2018-02-21 13:30,TSP,3.17
한국중부발전㈜신보령발전본부,1,2018-02-21 13:30,SOx,20.53
한국중부발전㈜신보령발전본부,1,2018-02-21 13:30,NOx,23.29
한국중부발전㈜신보령발전본부,1,2018-02-21 14:00,TSP,3.31
한국중부발전㈜신보령발전본부,1,2018-02-21 14:00,SOx,20.68
한국중부발전㈜신보령발전본부,1,2018-02-21 14:00,NOx,23.1
한국중부발전㈜신보령발전본부,1,2018-02-21 14:30,TSP,3.29
한국중부발전㈜신보령발전본부,1,2018-02-21 14:30,SOx,20.89
한국중부발전㈜신보령발전본부,1,2018-02-21 14:30,NOx,20.85
한국중부발전㈜신보령발전본부,1,2018-02-21 15:00,TSP,3.24
한국중부발전㈜신보령발전본부,1,2018-02-21 15:00,SOx,21.63
한국중부발전㈜신보령발전본부,1,2018-02-21 15:00,NOx,20.63
한국중부발전㈜신보령발전본부,1,2018-02-21 15:30,TSP,3.19
한국중부발전㈜신보령발전본부,1,2018-02-21 15:30,SOx,21.48
한국중부발전㈜신보령발전본부,1,2018-02-21 15:30,NOx,20.23
한국중부발전㈜신보령발전본부,1,2018-02-21 16:00,TSP,3.22
한국중부발전㈜신보령발전본부,1,2018-02-21 16:00,SOx,21.18
한국중부발전㈜신보령발전본부,1,2018-02-21 16:00,NOx,23.15
한국중부발전㈜신보령발전본부,1,2018-02-21 16:30,TSP,3.14
한국중부발전㈜신보령발전본부,1,2018-02-21 16:30,SOx,20.95
한국중부발전㈜신보령발전본부,1,2018-02-21 16:30,NOx,22.77
한국중부발전㈜신보령발전본부,1,2018-02-21 17:00,TSP,3.2
한국중부발전㈜신보령발전본부,1,2018-02-21 17:00,SOx,21.12
한국중부발전㈜신보령발전본부,1,2018-02-21 17:00,NOx,23.54
한국중부발전㈜신보령발전본부,1,2018-02-21 17:30,TSP,3.23
한국중부발전㈜신보령발전본부,1,2018-02-21 17:30,SOx,21.27
한국중부발전㈜신보령발전본부,1,2018-02-21 17:30,NOx,25.49
한국중부발전㈜신보령발전본부,1,2018-02-21 18:00,TSP,3.28
한국중부발전㈜신보령발전본부,1,2018-02-21 18:00,SOx,21.2
한국중부발전㈜신보령발전본부,1,2018-02-21 18:00,NOx,26.57
한국중부발전㈜신보령발전본부,1,2018-02-21 18:30,TSP,3.39
한국중부발전㈜신보령발전본부,1,2018-02-21 18:30,SOx,20.7
한국중부발전㈜신보령발전본부,1,2018-02-21 18:30,NOx,28.33
한국중부발전㈜신보령발전본부,1,2018-02-21 19:00,TSP,3.59
한국중부발전㈜신보령발전본부,1,2018-02-21 19:00,SOx,20.22
한국중부발전㈜신보령발전본부,1,2018-02-21 19:00,NOx,24.5
한국중부발전㈜신보령발전본부,1,2018-02-21 19:30,TSP,3.37
한국중부발전㈜신보령발전본부,1,2018-02-21 19:30,SOx,20.1
한국중부발전㈜신보령발전본부,1,2018-02-21 19:30,NOx,18.08
한국중부발전㈜신보령발전본부,1,2018-02-21 20:00,TSP,3.37
한국중부발전㈜신보령발전본부,1,2018-02-21 20:00,SOx,20.2
한국중부발전㈜신보령발전본부,1,2018-02-21 20:00,NOx,17.52
한국중부발전㈜신보령발전본부,1,2018-02-21 20:30,TSP,3.37
한국중부발전㈜신보령발전본부,1,2018-02-21 20:30,SOx,20.26
한국중부발전㈜신보령발전본부,1,2018-02-21 20:30,NOx,23.55
한국중부발전㈜신보령발전본부,1,2018-02-21 21:00,TSP,3.45
한국중부발전㈜신보령발전본부,1,2018-02-21 21:00,SOx,20.14
한국중부발전㈜신보령발전본부,1,2018-02-21 21:00,NOx,27.01
한국중부발전㈜신보령발전본부,1,2018-02-21 21:30,TSP,3.44
한국중부발전㈜신보령발전본부,1,2018-02-21 21:30,SOx,20.24
한국중부발전㈜신보령발전본부,1,2018-02-21 21:30,NOx,20.9
한국중부발전㈜신보령발전본부,1,2018-02-21 22:00,TSP,3.37
한국중부발전㈜신보령발전본부,1,2018-02-21 22:00,SOx,20.49
한국중부발전㈜신보령발전본부,1,2018-02-21 22:00,NOx,24.18
한국중부발전㈜신보령발전본부,1,2018-02-21 22:30,TSP,3.14
한국중부발전㈜신보령발전본부,1,2018-02-21 22:30,SOx,21.11
한국중부발전㈜신보령발전본부,1,2018-02-21 22:30,NOx,16.31
한국중부발전㈜신보령발전본부,1,2018-02-21 23:00,TSP,3.08
한국중부발전㈜신보령발전본부,1,2018-02-21 23:00,SOx,20.78
한국중부발전㈜신보령발전본부,1,2018-02-21 23:00,NOx,17.75
한국중부발전㈜신보령발전본부,1,2018-02-21 23:30,TSP,3.02
한국중부발전㈜신보령발전본부,1,2018-02-21 23:30,SOx,20.55
한국중부발전㈜신보령발전본부,1,2018-02-21 23:30,NOx,15.86
한국중부발전㈜신보령발전본부,1,2018-02-22 00:00,TSP,3.13
한국중부발전㈜신보령발전본부,1,2018-02-22 00:00,SOx,20.32
한국중부발전㈜신보령발전본부,1,2018-02-22 00:00,NOx,17.32
한국중부발전㈜신보령발전본부,1,2018-02-22 00:30,TSP,3.09
한국중부발전㈜신보령발전본부,1,2018-02-22 00:30,SOx,20.66
한국중부발전㈜신보령발전본부,1,2018-02-22 00:30,NOx,17.53
한국중부발전㈜신보령발전본부,1,2018-02-22 01:00,TSP,3.15
한국중부발전㈜신보령발전본부,1,2018-02-22 01:00,SOx,20.44
한국중부발전㈜신보령발전본부,1,2018-02-22 01:00,NOx,18.81
한국중부발전㈜신보령발전본부,1,2018-02-22 01:30,TSP,3.19
한국중부발전㈜신보령발전본부,1,2018-02-22 01:30,SOx,20.42
한국중부발전㈜신보령발전본부,1,2018-02-22 01:30,NOx,19.61
한국중부발전㈜신보령발전본부,1,2018-02-22 02:00,TSP,3.2
한국중부발전㈜신보령발전본부,1,2018-02-22 02:00,SOx,19.9
한국중부발전㈜신보령발전본부,1,2018-02-22 02:00,NOx,19.69
한국중부발전㈜신보령발전본부,1,2018-02-22 02:30,TSP,3.3
한국중부발전㈜신보령발전본부,1,2018-02-22 02:30,SOx,20.0
한국중부발전㈜신보령발전본부,1,2018-02-22 02:30,NOx,18.73
한국중부발전㈜신보령발전본부,1,2018-02-22 03:00,TSP,3.26
한국중부발전㈜신보령발전본부,1,2018-02-22 03:00,SOx,19.46
한국중부발전㈜신보령발전본부,1,2018-02-22 03:00,NOx,19.64
한국중부발전㈜신보령발전본부,1,2018-02-22 03:30,TSP,3.18
한국중부발전㈜신보령발전본부,1,2018-02-22 03:30,SOx,19.62
한국중부발전㈜신보령발전본부,1,2018-02-22 03:30,NOx,20.09
한국중부발전㈜신보령발전본부,1,2018-02-22 04:00,TSP,3.2
한국중부발전㈜신보령발전본부,1,2018-02-22 04:00,SOx,20.03
한국중부발전㈜신보령발전본부,1,2018-02-22 04:00,NOx,20.8
한국중부발전㈜신보령발전본부,1,2018-02-22 04:30,TSP,3.23
한국중부발전㈜신보령발전본부,1,2018-02-22 04:30,SOx,20.8
한국중부발전㈜신보령발전본부,1,2018-02-22 04:30,NOx,20.77
한국중부발전㈜신보령발전본부,1,2018-02-22 05:00,TSP,3.34
한국중부발전㈜신보령발전본부,1,2018-02-22 05:00,SOx,21.8
한국중부발전㈜신보령발전본부,1,2018-02-22 05:00,NOx,20.56
한국중부발전㈜신보령발전본부,1,2018-02-22 05:30,TSP,3.42
한국중부발전㈜신보령발전본부,1,2018-02-22 05:30,SOx,20.96
한국중부발전㈜신보령발전본부,1,2018-02-22 05:30,NOx,16.4
한국중부발전㈜신보령발전본부,1,2018-02-22 06:00,TSP,3.39
한국중부발전㈜신보령발전본부,1,2018-02-22 06:00,SOx,21.71
한국중부발전㈜신보령발전본부,1,2018-02-22 06:00,NOx,16.37
한국중부발전㈜신보령발전본부,1,2018-02-22 06:30,TSP,3.36
한국중부발전㈜신보령발전본부,1,2018-02-22 06:30,SOx,21.72
한국중부발전㈜신보령발전본부,1,2018-02-22 06:30,NOx,16.41
한국중부발전㈜신보령발전본부,1,2018-02-22 07:00,TSP,3.47
한국중부발전㈜신보령발전본부,1,2018-02-22 07:00,SOx,22.32
한국중부발전㈜신보령발전본부,1,2018-02-22 07:00,NOx,16.12
한국중부발전㈜신보령발전본부,1,2018-02-22 07:30,TSP,3.56
한국중부발전㈜신보령발전본부,1,2018-02-22 07:30,SOx,22.25
한국중부발전㈜신보령발전본부,1,2018-02-22 07:30,NOx,17.36
한국중부발전㈜신보령발전본부,1,2018-02-22 08:00,TSP,3.68
한국중부발전㈜신보령발전본부,1,2018-02-22 08:00,SOx,19.81
한국중부발전㈜신보령발전본부,1,2018-02-22 08:00,NOx,18.56
한국중부발전㈜신보령발전본부,1,2018-02-22 08:30,TSP,3.67
한국중부발전㈜신보령발전본부,1,2018-02-22 08:30,SOx,18.31
한국중부발전㈜신보령발전본부,1,2018-02-22 08:30,NOx,19.13
한국중부발전㈜신보령발전본부,1,2018-02-22 09:00,TSP,3.75
한국중부발전㈜신보령발전본부,1,2018-02-22 09:00,SOx,18.88
한국중부발전㈜신보령발전본부,1,2018-02-22 09:00,NOx,18.06
한국중부발전㈜신보령발전본부,1,2018-02-22 09:30,TSP,3.97
한국중부발전㈜신보령발전본부,1,2018-02-22 09:30,SOx,19.47
한국중부발전㈜신보령발전본부,1,2018-02-22 09:30,NOx,18.37
한국중부발전㈜신보령발전본부,1,2018-02-22 10:00,TSP,4.0
한국중부발전㈜신보령발전본부,1,2018-02-22 10:00,SOx,19.72
한국중부발전㈜신보령발전본부,1,2018-02-22 10:00,NOx,19.4
한국중부발전㈜신보령발전본부,1,2018-02-22 10:30,TSP,4.07
한국중부발전㈜신보령발전본부,1,2018-02-22 10:30,SOx,18.73
한국중부발전㈜신보령발전본부,1,2018-02-22 10:30,NOx,20.17
한국중부발전㈜신보령발전본부,1,2018-02-22 11:00,TSP,4.12
한국중부발전㈜신보령발전본부,1,2018-02-22 11:00,SOx,17.85
한국중부발전㈜신보령발전본부,1,2018-02-22 11:00,NOx,18.21
한국중부발전㈜신보령발전본부,1,2018-02-22 11:30,TSP,3.79
한국중부발전㈜신보령발전본부,1,2018-02-22 11:30,SOx,17.78
한국중부발전㈜신보령발전본부,1,2018-02-22 11:30,NOx,17.37
한국중부발전㈜신보령발전본부,1,2018-02-22 12:00,TSP,3.82
한국중부발전㈜신보령발전본부,1,2018-02-22 12:00,SOx,17.84
한국중부발전㈜신보령발전본부,1,2018-02-22 12:00,NOx,18.1
한국중부발전㈜신보령발전본부,1,2018-02-22 12:30,TSP,3.82
한국중부발전㈜신보령발전본부,1,2018-02-22 12:30,SOx,18.15
한국중부발전㈜신보령발전본부,1,2018-02-22 12:30,NOx,17.66
한국중부발전㈜신보령발전본부,1,2018-02-22 13:00,TSP,3.77
한국중부발전㈜신보령발전본부,1,2018-02-22 13:00,SOx,18.62
한국중부발전㈜신보령발전본부,1,2018-02-22 13:00,NOx,17.39
한국중부발전㈜신보령발전본부,1,2018-02-22 13:30,TSP,3.81
한국중부발전㈜신보령발전본부,1,2018-02-22 13:30,SOx,18.97
한국중부발전㈜신보령발전본부,1,2018-02-22 13:30,NOx,17.1
한국중부발전㈜신보령발전본부,1,2018-02-22 14:00,TSP,3.79
한국중부발전㈜신보령발전본부,1,2018-02-22 14:00,SOx,19.6
한국중부발전㈜신보령발전본부,1,2018-02-22 14:00,NOx,16.77
한국중부발전㈜신보령발전본부,1,2018-02-22 14:30,TSP,3.84
한국중부발전㈜신보령발전본부,1,2018-02-22 14:30,SOx,19.41
한국중부발전㈜신보령발전본부,1,2018-02-22 14:30,NOx,18.75
한국중부발전㈜신보령발전본부,1,2018-02-22 15:00,TSP,3.91
한국중부발전㈜신보령발전본부,1,2018-02-22 15:00,SOx,19.46
한국중부발전㈜신보령발전본부,1,2018-02-22 15:00,NOx,17.59
한국중부발전㈜신보령발전본부,1,2018-02-22 15:30,TSP,3.84
한국중부발전㈜신보령발전본부,1,2018-02-22 15:30,SOx,19.13
한국중부발전㈜신보령발전본부,1,2018-02-22 15:30,NOx,17.39
한국중부발전㈜신보령발전본부,1,2018-02-22 16:00,TSP,4.01
한국중부발전㈜신보령발전본부,1,2018-02-22 16:00,SOx,19.13
한국중부발전㈜신보령발전본부,1,2018-02-22 16:00,NOx,16.97
한국중부발전㈜신보령발전본부,1,2018-02-22 16:30,TSP,4.17
한국중부발전㈜신보령발전본부,1,2018-02-22 16:30,SOx,18.95
한국중부발전㈜신보령발전본부,1,2018-02-22 16:30,NOx,17.11
한국중부발전㈜신보령발전본부,1,2018-02-22 17:00,TSP,4.16
한국중부발전㈜신보령발전본부,1,2018-02-22 17:00,SOx,18.97
한국중부발전㈜신보령발전본부,1,2018-02-22 17:00,NOx,16.85
한국중부발전㈜신보령발전본부,1,2018-02-22 17:30,TSP,4.27
한국중부발전㈜신보령발전본부,1,2018-02-22 17:30,SOx,19.04
한국중부발전㈜신보령발전본부,1,2018-02-22 17:30,NOx,16.96
한국중부발전㈜신보령발전본부,1,2018-02-22 18:00,TSP,4.43
한국중부발전㈜신보령발전본부,1,2018-02-22 18:00,SOx,19.23
한국중부발전㈜신보령발전본부,1,2018-02-22 18:00,NOx,16.27
한국중부발전㈜신보령발전본부,1,2018-02-22 18:30,TSP,4.47
한국중부발전㈜신보령발전본부,1,2018-02-22 18:30,SOx,19.19
한국중부발전㈜신보령발전본부,1,2018-02-22 18:30,NOx,16.78
한국중부발전㈜신보령발전본부,1,2018-02-22 19:00,TSP,4.71
한국중부발전㈜신보령발전본부,1,2018-02-22 19:00,SOx,18.63
한국중부발전㈜신보령발전본부,1,2018-02-22 19:00,NOx,17.19
한국중부발전㈜신보령발전본부,1,2018-02-22 19:30,TSP,4.21
한국중부발전㈜신보령발전본부,1,2018-02-22 19:30,SOx,18.44
한국중부발전㈜신보령발전본부,1,2018-02-22 19:30,NOx,17.75
한국중부발전㈜신보령발전본부,1,2018-02-22 20:00,TSP,4.28
한국중부발전㈜신보령발전본부,1,2018-02-22 20:00,SOx,18.15
한국중부발전㈜신보령발전본부,1,2018-02-22 20:00,NOx,18.29
한국중부발전㈜신보령발전본부,1,2018-02-22 20:30,TSP,4.45
한국중부발전㈜신보령발전본부,1,2018-02-22 20:30,SOx,18.12
한국중부발전㈜신보령발전본부,1,2018-02-22 20:30,NOx,18.07
한국중부발전㈜신보령발전본부,1,2018-02-22 21:00,TSP,4.38
한국중부발전㈜신보령발전본부,1,2018-02-22 21:00,SOx,18.1
한국중부발전㈜신보령발전본부,1,2018-02-22 21:00,NOx,18.46
한국중부발전㈜신보령발전본부,1,2018-02-22 21:30,TSP,4.48
한국중부발전㈜신보령발전본부,1,2018-02-22 21:30,SOx,18.16
한국중부발전㈜신보령발전본부,1,2018-02-22 21:30,NOx,18.91
한국중부발전㈜신보령발전본부,1,2018-02-22 22:00,TSP,4.39
한국중부발전㈜신보령발전본부,1,2018-02-22 22:00,SOx,18.04
한국중부발전㈜신보령발전본부,1,2018-02-22 22:00,NOx,18.82
한국중부발전㈜신보령발전본부,1,2018-02-22 22:30,TSP,4.08
한국중부발전㈜신보령발전본부,1,2018-02-22 22:30,SOx,18.06
한국중부발전㈜신보령발전본부,1,2018-02-22 22:30,NOx,19.33
한국중부발전㈜신보령발전본부,1,2018-02-22 23:00,TSP,4.09
한국중부발전㈜신보령발전본부,1,2018-02-22 23:00,SOx,18.18
한국중부발전㈜신보령발전본부,1,2018-02-22 23:00,NOx,18.7
한국중부발전㈜신보령발전본부,1,2018-02-22 23:30,TSP,4.09
한국중부발전㈜신보령발전본부,1,2018-02-22 23:30,SOx,17.99
한국중부발전㈜신보령발전본부,1,2018-02-22 23:30,NOx,18.88
한국중부발전㈜신보령발전본부,1,2018-02-23 00:00,TSP,4.25
한국중부발전㈜신보령발전본부,1,2018-02-23 00:00,SOx,17.89
한국중부발전㈜신보령발전본부,1,2018-02-23 00:00,NOx,17.86
한국중부발전㈜신보령발전본부,1,2018-02-23 00:30,TSP,4.47
한국중부발전㈜신보령발전본부,1,2018-02-23 00:30,SOx,17.31
한국중부발전㈜신보령발전본부,1,2018-02-23 00:30,NOx,19.29
한국중부발전㈜신보령발전본부,1,2018-02-23 01:00,TSP,4.5
한국중부발전㈜신보령발전본부,1,2018-02-23 01:00,SOx,17.58
한국중부발전㈜신보령발전본부,1,2018-02-23 01:00,NOx,18.75
한국중부발전㈜신보령발전본부,1,2018-02-23 01:30,TSP,5.2
한국중부발전㈜신보령발전본부,1,2018-02-23 01:30,SOx,17.55
한국중부발전㈜신보령발전본부,1,2018-02-23 01:30,NOx,19.23
한국중부발전㈜신보령발전본부,1,2018-02-23 02:00,TSP,4.64
한국중부발전㈜신보령발전본부,1,2018-02-23 02:00,SOx,17.67
한국중부발전㈜신보령발전본부,1,2018-02-23 02:00,NOx,19.64
한국중부발전㈜신보령발전본부,1,2018-02-23 02:30,TSP,4.68
한국중부발전㈜신보령발전본부,1,2018-02-23 02:30,SOx,17.83
한국중부발전㈜신보령발전본부,1,2018-02-23 02:30,NOx,19.88
한국중부발전㈜신보령발전본부,1,2018-02-23 03:00,TSP,4.61
한국중부발전㈜신보령발전본부,1,2018-02-23 03:00,SOx,18.1
한국중부발전㈜신보령발전본부,1,2018-02-23 03:00,NOx,19.6
한국중부발전㈜신보령발전본부,1,2018-02-23 03:30,TSP,4.31
한국중부발전㈜신보령발전본부,1,2018-02-23 03:30,SOx,18.24
한국중부발전㈜신보령발전본부,1,2018-02-23 03:30,NOx,19.89
한국중부발전㈜신보령발전본부,1,2018-02-23 04:00,TSP,4.28
한국중부발전㈜신보령발전본부,1,2018-02-23 04:00,SOx,18.05
한국중부발전㈜신보령발전본부,1,2018-02-23 04:00,NOx,20.11
한국중부발전㈜신보령발전본부,1,2018-02-23 04:30,TSP,4.27
한국중부발전㈜신보령발전본부,1,2018-02-23 04:30,SOx,17.74
한국중부발전㈜신보령발전본부,1,2018-02-23 04:30,NOx,20.19
한국중부발전㈜신보령발전본부,1,2018-02-23 05:00,TSP,4.41
한국중부발전㈜신보령발전본부,1,2018-02-23 05:00,SOx,17.68
한국중부발전㈜신보령발전본부,1,2018-02-23 05:00,NOx,19.66
한국중부발전㈜신보령발전본부,1,2018-02-23 05:30,TSP,4.33
한국중부발전㈜신보령발전본부,1,2018-02-23 05:30,SOx,18.95
한국중부발전㈜신보령발전본부,1,2018-02-23 05:30,NOx,19.74
한국중부발전㈜신보령발전본부,1,2018-02-23 06:00,TSP,4.28
한국중부발전㈜신보령발전본부,1,2018-02-23 06:00,SOx,19.87
한국중부발전㈜신보령발전본부,1,2018-02-23 06:00,NOx,19.83
한국중부발전㈜신보령발전본부,1,2018-02-23 06:30,TSP,4.23
한국중부발전㈜신보령발전본부,1,2018-02-23 06:30,SOx,20.89
한국중부발전㈜신보령발전본부,1,2018-02-23 06:30,NOx,20.71
한국중부발전㈜신보령발전본부,1,2018-02-23 07:00,TSP,4.17
한국중부발전㈜신보령발전본부,1,2018-02-23 07:00,SOx,22.59
한국중부발전㈜신보령발전본부,1,2018-02-23 07:00,NOx,21.14
한국중부발전㈜신보령발전본부,1,2018-02-23 07:30,TSP,4.16
한국중부발전㈜신보령발전본부,1,2018-02-23 07:30,SOx,21.08
한국중부발전㈜신보령발전본부,1,2018-02-23 07:30,NOx,20.11
한국중부발전㈜신보령발전본부,1,2018-02-23 08:00,TSP,4.32
한국중부발전㈜신보령발전본부,1,2018-02-23 08:00,SOx,20.03
한국중부발전㈜신보령발전본부,1,2018-02-23 08:00,NOx,19.95
한국중부발전㈜신보령발전본부,1,2018-02-23 08:30,TSP,4.35
한국중부발전㈜신보령발전본부,1,2018-02-23 08:30,SOx,20.86
한국중부발전㈜신보령발전본부,1,2018-02-23 08:30,NOx,20.18
한국중부발전㈜신보령발전본부,1,2018-02-23 09:00,TSP,4.32
한국중부발전㈜신보령발전본부,1,2018-02-23 09:00,SOx,21.53
한국중부발전㈜신보령발전본부,1,2018-02-23 09:00,NOx,19.9
한국중부발전㈜신보령발전본부,1,2018-02-23 09:30,TSP,4.31
한국중부발전㈜신보령발전본부,1,2018-02-23 09:30,SOx,21.81
한국중부발전㈜신보령발전본부,1,2018-02-23 09:30,NOx,20.09
한국중부발전㈜신보령발전본부,1,2018-02-23 10:00,TSP,4.38
한국중부발전㈜신보령발전본부,1,2018-02-23 10:00,SOx,21.81
한국중부발전㈜신보령발전본부,1,2018-02-23 10:00,NOx,19.81
한국중부발전㈜신보령발전본부,1,2018-02-23 10:30,TSP,4.41
한국중부발전㈜신보령발전본부,1,2018-02-23 10:30,SOx,21.88
한국중부발전㈜신보령발전본부,1,2018-02-23 10:30,NOx,19.86
한국중부발전㈜신보령발전본부,1,2018-02-23 11:00,TSP,4.14
한국중부발전㈜신보령발전본부,1,2018-02-23 11:00,SOx,21.46
한국중부발전㈜신보령발전본부,1,2018-02-23 11:00,NOx,20.94
한국중부발전㈜신보령발전본부,1,2018-02-23 11:30,TSP,3.79
한국중부발전㈜신보령발전본부,1,2018-02-23 11:30,SOx,21.3
한국중부발전㈜신보령발전본부,1,2018-02-23 11:30,NOx,19.95
한국중부발전㈜신보령발전본부,1,2018-02-23 12:00,TSP,3.65
한국중부발전㈜신보령발전본부,1,2018-02-23 12:00,SOx,21.37
한국중부발전㈜신보령발전본부,1,2018-02-23 12:00,NOx,20.55
한국중부발전㈜신보령발전본부,1,2018-02-23 12:30,TSP,3.59
한국중부발전㈜신보령발전본부,1,2018-02-23 12:30,SOx,21.21
한국중부발전㈜신보령발전본부,1,2018-02-23 12:30,NOx,19.61
한국중부발전㈜신보령발전본부,1,2018-02-23 13:00,TSP,3.58
한국중부발전㈜신보령발전본부,1,2018-02-23 13:00,SOx,20.97
한국중부발전㈜신보령발전본부,1,2018-02-23 13:00,NOx,19.18
한국중부발전㈜신보령발전본부,1,2018-02-23 13:30,TSP,3.47
한국중부발전㈜신보령발전본부,1,2018-02-23 13:30,SOx,20.83
한국중부발전㈜신보령발전본부,1,2018-02-23 13:30,NOx,18.7
한국중부발전㈜신보령발전본부,1,2018-02-23 14:00,TSP,3.37
한국중부발전㈜신보령발전본부,1,2018-02-23 14:00,SOx,20.82
한국중부발전㈜신보령발전본부,1,2018-02-23 14:00,NOx,19.29
한국중부발전㈜신보령발전본부,1,2018-02-23 14:30,TSP,3.37
한국중부발전㈜신보령발전본부,1,2018-02-23 14:30,SOx,20.76
한국중부발전㈜신보령발전본부,1,2018-02-23 14:30,NOx,19.33
한국중부발전㈜신보령발전본부,1,2018-02-23 15:00,TSP,3.33
한국중부발전㈜신보령발전본부,1,2018-02-23 15:00,SOx,21.12
한국중부발전㈜신보령발전본부,1,2018-02-23 15:00,NOx,19.28
한국중부발전㈜신보령발전본부,1,2018-02-23 15:30,TSP,3.36
한국중부발전㈜신보령발전본부,1,2018-02-23 15:30,SOx,21.26
한국중부발전㈜신보령발전본부,1,2018-02-23 15:30,NOx,17.39
한국중부발전㈜신보령발전본부,1,2018-02-23 16:00,TSP,3.63
한국중부발전㈜신보령발전본부,1,2018-02-23 16:00,SOx,21.4
한국중부발전㈜신보령발전본부,1,2018-02-23 16:00,NOx,18.68
한국중부발전㈜신보령발전본부,1,2018-02-23 16:30,TSP,3.49
한국중부발전㈜신보령발전본부,1,2018-02-23 16:30,SOx,21.77
한국중부발전㈜신보령발전본부,1,2018-02-23 16:30,NOx,19.1
한국중부발전㈜신보령발전본부,1,2018-02-23 17:00,TSP,3.52
한국중부발전㈜신보령발전본부,1,2018-02-23 17:00,SOx,21.12
한국중부발전㈜신보령발전본부,1,2018-02-23 17:00,NOx,20.2
한국중부발전㈜신보령발전본부,1,2018-02-23 17:30,TSP,3.53
한국중부발전㈜신보령발전본부,1,2018-02-23 17:30,SOx,21.16
한국중부발전㈜신보령발전본부,1,2018-02-23 17:30,NOx,20.22
한국중부발전㈜신보령발전본부,1,2018-02-23 18:00,TSP,3.61
한국중부발전㈜신보령발전본부,1,2018-02-23 18:00,SOx,21.54
한국중부발전㈜신보령발전본부,1,2018-02-23 18:00,NOx,23.47
한국중부발전㈜신보령발전본부,1,2018-02-23 18:30,TSP,3.74
한국중부발전㈜신보령발전본부,1,2018-02-23 18:30,SOx,21.35
한국중부발전㈜신보령발전본부,1,2018-02-23 18:30,NOx,21.03
한국중부발전㈜신보령발전본부,1,2018-02-23 19:00,TSP,3.84
한국중부발전㈜신보령발전본부,1,2018-02-23 19:00,SOx,21.46
한국중부발전㈜신보령발전본부,1,2018-02-23 19:00,NOx,20.32
한국중부발전㈜신보령발전본부,1,2018-02-23 19:30,TSP,3.24
한국중부발전㈜신보령발전본부,1,2018-02-23 19:30,SOx,21.18
한국중부발전㈜신보령발전본부,1,2018-02-23 19:30,NOx,18.41
한국중부발전㈜신보령발전본부,1,2018-02-23 20:00,TSP,3.29
한국중부발전㈜신보령발전본부,1,2018-02-23 20:00,SOx,21.25
한국중부발전㈜신보령발전본부,1,2018-02-23 20:00,NOx,17.04
한국중부발전㈜신보령발전본부,1,2018-02-23 20:30,TSP,3.32
한국중부발전㈜신보령발전본부,1,2018-02-23 20:30,SOx,21.39
한국중부발전㈜신보령발전본부,1,2018-02-23 20:30,NOx,18.96
한국중부발전㈜신보령발전본부,1,2018-02-23 21:00,TSP,3.38
한국중부발전㈜신보령발전본부,1,2018-02-23 21:00,SOx,21.32
한국중부발전㈜신보령발전본부,1,2018-02-23 21:00,NOx,18.16
한국중부발전㈜신보령발전본부,1,2018-02-23 21:30,TSP,3.44
한국중부발전㈜신보령발전본부,1,2018-02-23 21:30,SOx,21.08
한국중부발전㈜신보령발전본부,1,2018-02-23 21:30,NOx,15.98
한국중부발전㈜신보령발전본부,1,2018-02-23 22:00,TSP,3.3
한국중부발전㈜신보령발전본부,1,2018-02-23 22:00,SOx,21.3
한국중부발전㈜신보령발전본부,1,2018-02-23 22:00,NOx,16.02
한국중부발전㈜신보령발전본부,1,2018-02-23 22:30,TSP,2.93
한국중부발전㈜신보령발전본부,1,2018-02-23 22:30,SOx,21.37
한국중부발전㈜신보령발전본부,1,2018-02-23 22:30,NOx,15.63
한국중부발전㈜신보령발전본부,1,2018-02-23 23:00,TSP,2.93
한국중부발전㈜신보령발전본부,1,2018-02-23 23:00,SOx,21.43
한국중부발전㈜신보령발전본부,1,2018-02-23 23:00,NOx,17.46
한국중부발전㈜신보령발전본부,1,2018-02-23 23:30,TSP,2.93
한국중부발전㈜신보령발전본부,1,2018-02-23 23:30,SOx,21.88
한국중부발전㈜신보령발전본부,1,2018-02-23 23:30,NOx,17.61
한국중부발전㈜신보령발전본부,1,2018-02-24 00:00,TSP,2.97
한국중부발전㈜신보령발전본부,1,2018-02-24 00:00,SOx,22.15
한국중부발전㈜신보령발전본부,1,2018-02-24 00:00,NOx,18.57
한국중부발전㈜신보령발전본부,1,2018-02-24 00:30,TSP,2.97
한국중부발전㈜신보령발전본부,1,2018-02-24 00:30,SOx,22.06
한국중부발전㈜신보령발전본부,1,2018-02-24 00:30,NOx,17.93
한국중부발전㈜신보령발전본부,1,2018-02-24 01:00,TSP,2.98
한국중부발전㈜신보령발전본부,1,2018-02-24 01:00,SOx,22.24
한국중부발전㈜신보령발전본부,1,2018-02-24 01:00,NOx,18.89
한국중부발전㈜신보령발전본부,1,2018-02-24 01:30,TSP,3.03
한국중부발전㈜신보령발전본부,1,2018-02-24 01:30,SOx,21.87
한국중부발전㈜신보령발전본부,1,2018-02-24 01:30,NOx,18.25
한국중부발전㈜신보령발전본부,1,2018-02-24 02:00,TSP,3.08
한국중부발전㈜신보령발전본부,1,2018-02-24 02:00,SOx,22.19
한국중부발전㈜신보령발전본부,1,2018-02-24 02:00,NOx,17.67
한국중부발전㈜신보령발전본부,1,2018-02-24 02:30,TSP,3.14
한국중부발전㈜신보령발전본부,1,2018-02-24 02:30,SOx,21.86
한국중부발전㈜신보령발전본부,1,2018-02-24 02:30,NOx,18.03
한국중부발전㈜신보령발전본부,1,2018-02-24 03:00,TSP,3.18
한국중부발전㈜신보령발전본부,1,2018-02-24 03:00,SOx,21.49
한국중부발전㈜신보령발전본부,1,2018-02-24 03:00,NOx,17.79
한국중부발전㈜신보령발전본부,1,2018-02-24 03:30,TSP,2.92
한국중부발전㈜신보령발전본부,1,2018-02-24 03:30,SOx,21.08
한국중부발전㈜신보령발전본부,1,2018-02-24 03:30,NOx,17.55
한국중부발전㈜신보령발전본부,1,2018-02-24 04:00,TSP,2.94
한국중부발전㈜신보령발전본부,1,2018-02-24 04:00,SOx,21.02
한국중부발전㈜신보령발전본부,1,2018-02-24 04:00,NOx,18.03
한국중부발전㈜신보령발전본부,1,2018-02-24 04:30,TSP,2.92
한국중부발전㈜신보령발전본부,1,2018-02-24 04:30,SOx,21.32
한국중부발전㈜신보령발전본부,1,2018-02-24 04:30,NOx,18.31
한국중부발전㈜신보령발전본부,1,2018-02-24 05:00,TSP,2.9
한국중부발전㈜신보령발전본부,1,2018-02-24 05:00,SOx,21.34
한국중부발전㈜신보령발전본부,1,2018-02-24 05:00,NOx,18.75
한국중부발전㈜신보령발전본부,1,2018-02-24 05:30,TSP,2.87
한국중부발전㈜신보령발전본부,1,2018-02-24 05:30,SOx,21.68
한국중부발전㈜신보령발전본부,1,2018-02-24 05:30,NOx,18.92
한국중부발전㈜신보령발전본부,1,2018-02-24 06:00,TSP,2.88
한국중부발전㈜신보령발전본부,1,2018-02-24 06:00,SOx,21.78
한국중부발전㈜신보령발전본부,1,2018-02-24 06:00,NOx,18.63
한국중부발전㈜신보령발전본부,1,2018-02-24 06:30,TSP,2.9
한국중부발전㈜신보령발전본부,1,2018-02-24 06:30,SOx,22.11
한국중부발전㈜신보령발전본부,1,2018-02-24 06:30,NOx,18.38
한국중부발전㈜신보령발전본부,1,2018-02-24 07:00,TSP,2.88
한국중부발전㈜신보령발전본부,1,2018-02-24 07:00,SOx,21.83
한국중부발전㈜신보령발전본부,1,2018-02-24 07:00,NOx,17.94
한국중부발전㈜신보령발전본부,1,2018-02-24 07:30,TSP,2.86
한국중부발전㈜신보령발전본부,1,2018-02-24 07:30,SOx,21.9
한국중부발전㈜신보령발전본부,1,2018-02-24 07:30,NOx,18.95
한국중부발전㈜신보령발전본부,1,2018-02-24 08:00,TSP,2.92
한국중부발전㈜신보령발전본부,1,2018-02-24 08:00,SOx,22.1
한국중부발전㈜신보령발전본부,1,2018-02-24 08:00,NOx,18.26
한국중부발전㈜신보령발전본부,1,2018-02-24 08:30,TSP,2.92
한국중부발전㈜신보령발전본부,1,2018-02-24 08:30,SOx,21.57
한국중부발전㈜신보령발전본부,1,2018-02-24 08:30,NOx,19.34
한국중부발전㈜신보령발전본부,1,2018-02-24 09:00,TSP,2.95
한국중부발전㈜신보령발전본부,1,2018-02-24 09:00,SOx,21.39
한국중부발전㈜신보령발전본부,1,2018-02-24 09:00,NOx,17.83
한국중부발전㈜신보령발전본부,1,2018-02-24 09:30,TSP,3.02
한국중부발전㈜신보령발전본부,1,2018-02-24 09:30,SOx,20.83
한국중부발전㈜신보령발전본부,1,2018-02-24 09:30,NOx,17.42
한국중부발전㈜신보령발전본부,1,2018-02-24 10:00,TSP,3.08
한국중부발전㈜신보령발전본부,1,2018-02-24 10:00,SOx,20.17
한국중부발전㈜신보령발전본부,1,2018-02-24 10:00,NOx,16.49
한국중부발전㈜신보령발전본부,1,2018-02-24 10:30,TSP,3.09
한국중부발전㈜신보령발전본부,1,2018-02-24 10:30,SOx,19.07
한국중부발전㈜신보령발전본부,1,2018-02-24 10:30,NOx,16.42
한국중부발전㈜신보령발전본부,1,2018-02-24 11:00,TSP,3.12
한국중부발전㈜신보령발전본부,1,2018-02-24 11:00,SOx,17.99
한국중부발전㈜신보령발전본부,1,2018-02-24 11:00,NOx,16.26
한국중부발전㈜신보령발전본부,1,2018-02-24 11:30,TSP,3.01
한국중부발전㈜신보령발전본부,1,2018-02-24 11:30,SOx,16.3
한국중부발전㈜신보령발전본부,1,2018-02-24 11:30,NOx,15.93
한국중부발전㈜신보령발전본부,1,2018-02-24 12:00,TSP,3.01
한국중부발전㈜신보령발전본부,1,2018-02-24 12:00,SOx,15.73
한국중부발전㈜신보령발전본부,1,2018-02-24 12:00,NOx,15.67
한국중부발전㈜신보령발전본부,1,2018-02-24 12:30,TSP,3.04
한국중부발전㈜신보령발전본부,1,2018-02-24 12:30,SOx,14.2
한국중부발전㈜신보령발전본부,1,2018-02-24 12:30,NOx,16.74
한국중부발전㈜신보령발전본부,1,2018-02-24 13:00,TSP,3.09
한국중부발전㈜신보령발전본부,1,2018-02-24 13:00,SOx,14.18
한국중부발전㈜신보령발전본부,1,2018-02-24 13:00,NOx,17.94
한국중부발전㈜신보령발전본부,1,2018-02-24 13:30,TSP,3.06
한국중부발전㈜신보령발전본부,1,2018-02-24 13:30,SOx,14.2
한국중부발전㈜신보령발전본부,1,2018-02-24 13:30,NOx,18.14
한국중부발전㈜신보령발전본부,1,2018-02-24 14:00,TSP,3.08
한국중부발전㈜신보령발전본부,1,2018-02-24 14:00,SOx,16.09
한국중부발전㈜신보령발전본부,1,2018-02-24 14:00,NOx,18.18
한국중부발전㈜신보령발전본부,1,2018-02-24 14:30,TSP,3.13
한국중부발전㈜신보령발전본부,1,2018-02-24 14:30,SOx,16.65
한국중부발전㈜신보령발전본부,1,2018-02-24 14:30,NOx,18.48
한국중부발전㈜신보령발전본부,1,2018-02-24 15:00,TSP,3.16
한국중부발전㈜신보령발전본부,1,2018-02-24 15:00,SOx,17.51
한국중부발전㈜신보령발전본부,1,2018-02-24 15:00,NOx,17.96
한국중부발전㈜신보령발전본부,1,2018-02-24 15:30,TSP,3.21
한국중부발전㈜신보령발전본부,1,2018-02-24 15:30,SOx,18.08
한국중부발전㈜신보령발전본부,1,2018-02-24 15:30,NOx,17.73
한국중부발전㈜신보령발전본부,1,2018-02-24 16:00,TSP,3.27
한국중부발전㈜신보령발전본부,1,2018-02-24 16:00,SOx,18.02
한국중부발전㈜신보령발전본부,1,2018-02-24 16:00,NOx,16.74
한국중부발전㈜신보령발전본부,1,2018-02-24 16:30,TSP,3.32
한국중부발전㈜신보령발전본부,1,2018-02-24 16:30,SOx,18.04
한국중부발전㈜신보령발전본부,1,2018-02-24 16:30,NOx,17.69
한국중부발전㈜신보령발전본부,1,2018-02-24 17:00,TSP,3.37
한국중부발전㈜신보령발전본부,1,2018-02-24 17:00,SOx,18.64
한국중부발전㈜신보령발전본부,1,2018-02-24 17:00,NOx,18.43
한국중부발전㈜신보령발전본부,1,2018-02-24 17:30,TSP,3.43
한국중부발전㈜신보령발전본부,1,2018-02-24 17:30,SOx,19.11
한국중부발전㈜신보령발전본부,1,2018-02-24 17:30,NOx,17.29
한국중부발전㈜신보령발전본부,1,2018-02-24 18:00,TSP,3.56
한국중부발전㈜신보령발전본부,1,2018-02-24 18:00,SOx,19.57
한국중부발전㈜신보령발전본부,1,2018-02-24 18:00,NOx,17.49
한국중부발전㈜신보령발전본부,1,2018-02-24 18:30,TSP,3.64
한국중부발전㈜신보령발전본부,1,2018-02-24 18:30,SOx,19.5
한국중부발전㈜신보령발전본부,1,2018-02-24 18:30,NOx,17.66
한국중부발전㈜신보령발전본부,1,2018-02-24 19:00,TSP,3.83
한국중부발전㈜신보령발전본부,1,2018-02-24 19:00,SOx,19.93
한국중부발전㈜신보령발전본부,1,2018-02-24 19:00,NOx,18.17
한국중부발전㈜신보령발전본부,1,2018-02-24 19:30,TSP,3.48
한국중부발전㈜신보령발전본부,1,2018-02-24 19:30,SOx,20.07
한국중부발전㈜신보령발전본부,1,2018-02-24 19:30,NOx,19.32
한국중부발전㈜신보령발전본부,1,2018-02-24 20:00,TSP,3.58
한국중부발전㈜신보령발전본부,1,2018-02-24 20:00,SOx,20.19
한국중부발전㈜신보령발전본부,1,2018-02-24 20:00,NOx,19.55
한국중부발전㈜신보령발전본부,1,2018-02-24 20:30,TSP,3.68
한국중부발전㈜신보령발전본부,1,2018-02-24 20:30,SOx,20.97
한국중부발전㈜신보령발전본부,1,2018-02-24 20:30,NOx,19.19
한국중부발전㈜신보령발전본부,1,2018-02-24 21:00,TSP,3.76
한국중부발전㈜신보령발전본부,1,2018-02-24 21:00,SOx,22.02
한국중부발전㈜신보령발전본부,1,2018-02-24 21:00,NOx,19.21
한국중부발전㈜신보령발전본부,1,2018-02-24 21:30,TSP,3.78
한국중부발전㈜신보령발전본부,1,2018-02-24 21:30,SOx,22.72
한국중부발전㈜신보령발전본부,1,2018-02-24 21:30,NOx,18.77
한국중부발전㈜신보령발전본부,1,2018-02-24 22:00,TSP,3.77
한국중부발전㈜신보령발전본부,1,2018-02-24 22:00,SOx,23.75
한국중부발전㈜신보령발전본부,1,2018-02-24 22:00,NOx,19.09
한국중부발전㈜신보령발전본부,1,2018-02-24 22:30,TSP,3.46
한국중부발전㈜신보령발전본부,1,2018-02-24 22:30,SOx,22.7
한국중부발전㈜신보령발전본부,1,2018-02-24 22:30,NOx,18.51
한국중부발전㈜신보령발전본부,1,2018-02-24 23:00,TSP,3.44
한국중부발전㈜신보령발전본부,1,2018-02-24 23:00,SOx,22.21
한국중부발전㈜신보령발전본부,1,2018-02-24 23:00,NOx,19.21
한국중부발전㈜신보령발전본부,1,2018-02-24 23:30,TSP,3.44
한국중부발전㈜신보령발전본부,1,2018-02-24 23:30,SOx,21.49
한국중부발전㈜신보령발전본부,1,2018-02-24 23:30,NOx,19.42
한국중부발전㈜신보령발전본부,1,2018-02-25 00:00,TSP,3.57
한국중부발전㈜신보령발전본부,1,2018-02-25 00:00,SOx,21.07
한국중부발전㈜신보령발전본부,1,2018-02-25 00:00,NOx,20.11
한국중부발전㈜신보령발전본부,1,2018-02-25 00:30,TSP,3.59
한국중부발전㈜신보령발전본부,1,2018-02-25 00:30,SOx,20.53
한국중부발전㈜신보령발전본부,1,2018-02-25 00:30,NOx,19.62
한국중부발전㈜신보령발전본부,1,2018-02-25 01:00,TSP,3.72
한국중부발전㈜신보령발전본부,1,2018-02-25 01:00,SOx,20.03
한국중부발전㈜신보령발전본부,1,2018-02-25 01:00,NOx,18.74
한국중부발전㈜신보령발전본부,1,2018-02-25 01:30,TSP,3.78
한국중부발전㈜신보령발전본부,1,2018-02-25 01:30,SOx,19.26
한국중부발전㈜신보령발전본부,1,2018-02-25 01:30,NOx,20.09
한국중부발전㈜신보령발전본부,1,2018-02-25 02:00,TSP,3.92
한국중부발전㈜신보령발전본부,1,2018-02-25 02:00,SOx,18.78
한국중부발전㈜신보령발전본부,1,2018-02-25 02:00,NOx,19.77
한국중부발전㈜신보령발전본부,1,2018-02-25 02:30,TSP,4.05
한국중부발전㈜신보령발전본부,1,2018-02-25 02:30,SOx,17.79
한국중부발전㈜신보령발전본부,1,2018-02-25 02:30,NOx,20.08
한국중부발전㈜신보령발전본부,1,2018-02-25 03:00,TSP,3.9
한국중부발전㈜신보령발전본부,1,2018-02-25 03:00,SOx,18.1
한국중부발전㈜신보령발전본부,1,2018-02-25 03:00,NOx,20.41
한국중부발전㈜신보령발전본부,1,2018-02-25 03:30,TSP,3.67
한국중부발전㈜신보령발전본부,1,2018-02-25 03:30,SOx,18.27
한국중부발전㈜신보령발전본부,1,2018-02-25 03:30,NOx,20.07
한국중부발전㈜신보령발전본부,1,2018-02-25 04:00,TSP,3.68
한국중부발전㈜신보령발전본부,1,2018-02-25 04:00,SOx,18.25
한국중부발전㈜신보령발전본부,1,2018-02-25 04:00,NOx,19.93
한국중부발전㈜신보령발전본부,1,2018-02-25 04:30,TSP,3.71
한국중부발전㈜신보령발전본부,1,2018-02-25 04:30,SOx,17.75
한국중부발전㈜신보령발전본부,1,2018-02-25 04:30,NOx,19.61
한국중부발전㈜신보령발전본부,1,2018-02-25 05:00,TSP,3.69
한국중부발전㈜신보령발전본부,1,2018-02-25 05:00,SOx,17.63
한국중부발전㈜신보령발전본부,1,2018-02-25 05:00,NOx,20.19
한국중부발전㈜신보령발전본부,1,2018-02-25 05:30,TSP,3.65
한국중부발전㈜신보령발전본부,1,2018-02-25 05:30,SOx,18.14
한국중부발전㈜신보령발전본부,1,2018-02-25 05:30,NOx,18.83
한국중부발전㈜신보령발전본부,1,2018-02-25 06:00,TSP,3.61
한국중부발전㈜신보령발전본부,1,2018-02-25 06:00,SOx,18.56
한국중부발전㈜신보령발전본부,1,2018-02-25 06:00,NOx,19.24
한국중부발전㈜신보령발전본부,1,2018-02-25 06:30,TSP,3.65
한국중부발전㈜신보령발전본부,1,2018-02-25 06:30,SOx,19.02
한국중부발전㈜신보령발전본부,1,2018-02-25 06:30,NOx,19.54
한국중부발전㈜신보령발전본부,1,2018-02-25 07:00,TSP,3.66
한국중부발전㈜신보령발전본부,1,2018-02-25 07:00,SOx,19.66
한국중부발전㈜신보령발전본부,1,2018-02-25 07:00,NOx,19.07
한국중부발전㈜신보령발전본부,1,2018-02-25 07:30,TSP,3.66
한국중부발전㈜신보령발전본부,1,2018-02-25 07:30,SOx,19.2
한국중부발전㈜신보령발전본부,1,2018-02-25 07:30,NOx,19.46
한국중부발전㈜신보령발전본부,1,2018-02-25 08:00,TSP,3.79
한국중부발전㈜신보령발전본부,1,2018-02-25 08:00,SOx,18.31
한국중부발전㈜신보령발전본부,1,2018-02-25 08:00,NOx,19.44
한국중부발전㈜신보령발전본부,1,2018-02-25 08:30,TSP,3.84
한국중부발전㈜신보령발전본부,1,2018-02-25 08:30,SOx,17.56
한국중부발전㈜신보령발전본부,1,2018-02-25 08:30,NOx,19.17
한국중부발전㈜신보령발전본부,1,2018-02-25 09:00,TSP,3.88
한국중부발전㈜신보령발전본부,1,2018-02-25 09:00,SOx,17.4
한국중부발전㈜신보령발전본부,1,2018-02-25 09:00,NOx,18.45
한국중부발전㈜신보령발전본부,1,2018-02-25 09:30,TSP,3.92
한국중부발전㈜신보령발전본부,1,2018-02-25 09:30,SOx,15.95
한국중부발전㈜신보령발전본부,1,2018-02-25 09:30,NOx,17.23
한국중부발전㈜신보령발전본부,1,2018-02-25 10:00,TSP,4.02
한국중부발전㈜신보령발전본부,1,2018-02-25 10:00,SOx,16.84
한국중부발전㈜신보령발전본부,1,2018-02-25 10:00,NOx,18.16
한국중부발전㈜신보령발전본부,1,2018-02-25 10:30,TSP,4.05
한국중부발전㈜신보령발전본부,1,2018-02-25 10:30,SOx,16.75
한국중부발전㈜신보령발전본부,1,2018-02-25 10:30,NOx,18.26
한국중부발전㈜신보령발전본부,1,2018-02-25 11:00,TSP,3.82
한국중부발전㈜신보령발전본부,1,2018-02-25 11:00,SOx,16.63
한국중부발전㈜신보령발전본부,1,2018-02-25 11:00,NOx,17.57
한국중부발전㈜신보령발전본부,1,2018-02-25 11:30,TSP,3.6
한국중부발전㈜신보령발전본부,1,2018-02-25 11:30,SOx,16.55
한국중부발전㈜신보령발전본부,1,2018-02-25 11:30,NOx,17.15
한국중부발전㈜신보령발전본부,1,2018-02-25 12:00,TSP,3.77
한국중부발전㈜신보령발전본부,1,2018-02-25 12:00,SOx,18.18
한국중부발전㈜신보령발전본부,1,2018-02-25 12:00,NOx,19.52
한국중부발전㈜신보령발전본부,1,2018-02-25 12:30,TSP,3.76
한국중부발전㈜신보령발전본부,1,2018-02-25 12:30,SOx,18.22
한국중부발전㈜신보령발전본부,1,2018-02-25 12:30,NOx,18.53
한국중부발전㈜신보령발전본부,1,2018-02-25 13:00,TSP,3.75
한국중부발전㈜신보령발전본부,1,2018-02-25 13:00,SOx,18.76
한국중부발전㈜신보령발전본부,1,2018-02-25 13:00,NOx,18.46
한국중부발전㈜신보령발전본부,1,2018-02-25 13:30,TSP,3.77
한국중부발전㈜신보령발전본부,1,2018-02-25 13:30,SOx,19.99
한국중부발전㈜신보령발전본부,1,2018-02-25 13:30,NOx,18.02
한국중부발전㈜신보령발전본부,1,2018-02-25 14:00,TSP,3.73
한국중부발전㈜신보령발전본부,1,2018-02-25 14:00,SOx,18.87
한국중부발전㈜신보령발전본부,1,2018-02-25 14:00,NOx,18.1
한국중부발전㈜신보령발전본부,1,2018-02-25 14:30,TSP,3.88
한국중부발전㈜신보령발전본부,1,2018-02-25 14:30,SOx,18.63
한국중부발전㈜신보령발전본부,1,2018-02-25 14:30,NOx,18.35
한국중부발전㈜신보령발전본부,1,2018-02-25 15:00,TSP,3.77
한국중부발전㈜신보령발전본부,1,2018-02-25 15:00,SOx,21.83
한국중부발전㈜신보령발전본부,1,2018-02-25 15:00,NOx,18.33
한국중부발전㈜신보령발전본부,1,2018-02-25 15:30,TSP,3.78
한국중부발전㈜신보령발전본부,1,2018-02-25 15:30,SOx,21.36
한국중부발전㈜신보령발전본부,1,2018-02-25 15:30,NOx,17.44
한국중부발전㈜신보령발전본부,1,2018-02-25 16:00,TSP,4.02
한국중부발전㈜신보령발전본부,1,2018-02-25 16:00,SOx,21.15
한국중부발전㈜신보령발전본부,1,2018-02-25 16:00,NOx,18.26
한국중부발전㈜신보령발전본부,1,2018-02-25 16:30,TSP,4.04
한국중부발전㈜신보령발전본부,1,2018-02-25 16:30,SOx,21.82
한국중부발전㈜신보령발전본부,1,2018-02-25 16:30,NOx,18.9
한국중부발전㈜신보령발전본부,1,2018-02-25 17:00,TSP,4.16
한국중부발전㈜신보령발전본부,1,2018-02-25 17:00,SOx,22.8
한국중부발전㈜신보령발전본부,1,2018-02-25 17:00,NOx,19.27
한국중부발전㈜신보령발전본부,1,2018-02-25 17:30,TSP,4.3
한국중부발전㈜신보령발전본부,1,2018-02-25 17:30,SOx,22.86
한국중부발전㈜신보령발전본부,1,2018-02-25 17:30,NOx,19.61
한국중부발전㈜신보령발전본부,1,2018-02-25 18:00,TSP,4.29
한국중부발전㈜신보령발전본부,1,2018-02-25 18:00,SOx,22.53
한국중부발전㈜신보령발전본부,1,2018-02-25 18:00,NOx,15.53
한국중부발전㈜신보령발전본부,1,2018-02-25 18:30,TSP,4.36
한국중부발전㈜신보령발전본부,1,2018-02-25 18:30,SOx,24.06
한국중부발전㈜신보령발전본부,1,2018-02-25 18:30,NOx,18.53
한국중부발전㈜신보령발전본부,1,2018-02-25 19:00,TSP,4.39
한국중부발전㈜신보령발전본부,1,2018-02-25 19:00,SOx,24.93
한국중부발전㈜신보령발전본부,1,2018-02-25 19:00,NOx,19.01
한국중부발전㈜신보령발전본부,1,2018-02-25 19:30,TSP,3.91
한국중부발전㈜신보령발전본부,1,2018-02-25 19:30,SOx,25.64
한국중부발전㈜신보령발전본부,1,2018-02-25 19:30,NOx,19.31
한국중부발전㈜신보령발전본부,1,2018-02-25 20:00,TSP,4.07
한국중부발전㈜신보령발전본부,1,2018-02-25 20:00,SOx,25.49
한국중부발전㈜신보령발전본부,1,2018-02-25 20:00,NOx,19.07
한국중부발전㈜신보령발전본부,1,2018-02-25 20:30,TSP,4.13
한국중부발전㈜신보령발전본부,1,2018-02-25 20:30,SOx,24.99
한국중부발전㈜신보령발전본부,1,2018-02-25 20:30,NOx,19.75
한국중부발전㈜신보령발전본부,1,2018-02-25 21:00,TSP,4.11
한국중부발전㈜신보령발전본부,1,2018-02-25 21:00,SOx,23.96
한국중부발전㈜신보령발전본부,1,2018-02-25 21:00,NOx,19.81
한국중부발전㈜신보령발전본부,1,2018-02-25 21:30,TSP,4.3
한국중부발전㈜신보령발전본부,1,2018-02-25 21:30,SOx,22.97
한국중부발전㈜신보령발전본부,1,2018-02-25 21:30,NOx,20.06
한국중부발전㈜신보령발전본부,1,2018-02-25 22:00,TSP,4.16
한국중부발전㈜신보령발전본부,1,2018-02-25 22:00,SOx,21.61
한국중부발전㈜신보령발전본부,1,2018-02-25 22:00,NOx,20.73
한국중부발전㈜신보령발전본부,1,2018-02-25 22:30,TSP,3.78
한국중부발전㈜신보령발전본부,1,2018-02-25 22:30,SOx,20.64
한국중부발전㈜신보령발전본부,1,2018-02-25 22:30,NOx,20.83
한국중부발전㈜신보령발전본부,1,2018-02-25 23:00,TSP,3.9
한국중부발전㈜신보령발전본부,1,2018-02-25 23:00,SOx,19.19
한국중부발전㈜신보령발전본부,1,2018-02-25 23:00,NOx,20.7
한국중부발전㈜신보령발전본부,1,2018-02-25 23:30,TSP,4.01
한국중부발전㈜신보령발전본부,1,2018-02-25 23:30,SOx,17.82
한국중부발전㈜신보령발전본부,1,2018-02-25 23:30,NOx,20.81
한국중부발전㈜신보령발전본부,1,2018-02-26 00:00,TSP,4.21
한국중부발전㈜신보령발전본부,1,2018-02-26 00:00,SOx,16.62
한국중부발전㈜신보령발전본부,1,2018-02-26 00:00,NOx,20.42
한국중부발전㈜신보령발전본부,1,2018-02-26 00:30,TSP,4.12
한국중부발전㈜신보령발전본부,1,2018-02-26 00:30,SOx,16.07
한국중부발전㈜신보령발전본부,1,2018-02-26 00:30,NOx,20.69
한국중부발전㈜신보령발전본부,1,2018-02-26 01:00,TSP,4.2
한국중부발전㈜신보령발전본부,1,2018-02-26 01:00,SOx,15.87
한국중부발전㈜신보령발전본부,1,2018-02-26 01:00,NOx,21.06
한국중부발전㈜신보령발전본부,1,2018-02-26 01:30,TSP,4.26
한국중부발전㈜신보령발전본부,1,2018-02-26 01:30,SOx,16.26
한국중부발전㈜신보령발전본부,1,2018-02-26 01:30,NOx,20.44
한국중부발전㈜신보령발전본부,1,2018-02-26 02:00,TSP,4.26
한국중부발전㈜신보령발전본부,1,2018-02-26 02:00,SOx,17.14
한국중부발전㈜신보령발전본부,1,2018-02-26 02:00,NOx,21.83
한국중부발전㈜신보령발전본부,1,2018-02-26 02:30,TSP,4.28
한국중부발전㈜신보령발전본부,1,2018-02-26 02:30,SOx,17.94
한국중부발전㈜신보령발전본부,1,2018-02-26 02:30,NOx,20.56
한국중부발전㈜신보령발전본부,1,2018-02-26 03:00,TSP,4.2
한국중부발전㈜신보령발전본부,1,2018-02-26 03:00,SOx,19.24
한국중부발전㈜신보령발전본부,1,2018-02-26 03:00,NOx,20.61
한국중부발전㈜신보령발전본부,1,2018-02-26 03:30,TSP,3.83
한국중부발전㈜신보령발전본부,1,2018-02-26 03:30,SOx,20.38
한국중부발전㈜신보령발전본부,1,2018-02-26 03:30,NOx,22.5
한국중부발전㈜신보령발전본부,1,2018-02-26 04:00,TSP,3.89
한국중부발전㈜신보령발전본부,1,2018-02-26 04:00,SOx,22.4
한국중부발전㈜신보령발전본부,1,2018-02-26 04:00,NOx,20.37
한국중부발전㈜신보령발전본부,1,2018-02-26 04:30,TSP,3.88
한국중부발전㈜신보령발전본부,1,2018-02-26 04:30,SOx,23.71
한국중부발전㈜신보령발전본부,1,2018-02-26 04:30,NOx,20.12
한국중부발전㈜신보령발전본부,1,2018-02-26 05:00,TSP,3.84
한국중부발전㈜신보령발전본부,1,2018-02-26 05:00,SOx,24.31
한국중부발전㈜신보령발전본부,1,2018-02-26 05:00,NOx,20.99
한국중부발전㈜신보령발전본부,1,2018-02-26 05:30,TSP,3.82
한국중부발전㈜신보령발전본부,1,2018-02-26 05:30,SOx,25.07
한국중부발전㈜신보령발전본부,1,2018-02-26 05:30,NOx,20.64
한국중부발전㈜신보령발전본부,1,2018-02-26 06:00,TSP,3.82
한국중부발전㈜신보령발전본부,1,2018-02-26 06:00,SOx,25.16
한국중부발전㈜신보령발전본부,1,2018-02-26 06:00,NOx,19.86
한국중부발전㈜신보령발전본부,1,2018-02-26 06:30,TSP,3.76
한국중부발전㈜신보령발전본부,1,2018-02-26 06:30,SOx,25.19
한국중부발전㈜신보령발전본부,1,2018-02-26 06:30,NOx,20.39
한국중부발전㈜신보령발전본부,1,2018-02-26 07:00,TSP,3.82
한국중부발전㈜신보령발전본부,1,2018-02-26 07:00,SOx,25.21
한국중부발전㈜신보령발전본부,1,2018-02-26 07:00,NOx,19.97
한국중부발전㈜신보령발전본부,1,2018-02-26 07:30,TSP,3.73
한국중부발전㈜신보령발전본부,1,2018-02-26 07:30,SOx,25.52
한국중부발전㈜신보령발전본부,1,2018-02-26 07:30,NOx,20.27
한국중부발전㈜신보령발전본부,1,2018-02-26 08:00,TSP,4.13
한국중부발전㈜신보령발전본부,1,2018-02-26 08:00,SOx,25.71
한국중부발전㈜신보령발전본부,1,2018-02-26 08:00,NOx,21.25
한국중부발전㈜신보령발전본부,1,2018-02-26 08:30,TSP,3.98
한국중부발전㈜신보령발전본부,1,2018-02-26 08:30,SOx,26.23
한국중부발전㈜신보령발전본부,1,2018-02-26 08:30,NOx,22.68
한국중부발전㈜신보령발전본부,1,2018-02-26 09:00,TSP,4.04
한국중부발전㈜신보령발전본부,1,2018-02-26 09:00,SOx,25.47
한국중부발전㈜신보령발전본부,1,2018-02-26 09:00,NOx,21.35
한국중부발전㈜신보령발전본부,1,2018-02-26 09:30,TSP,4.08
한국중부발전㈜신보령발전본부,1,2018-02-26 09:30,SOx,25.42
한국중부발전㈜신보령발전본부,1,2018-02-26 09:30,NOx,19.73
한국중부발전㈜신보령발전본부,1,2018-02-26 10:00,TSP,4.26
한국중부발전㈜신보령발전본부,1,2018-02-26 10:00,SOx,25.29
한국중부발전㈜신보령발전본부,1,2018-02-26 10:00,NOx,20.12
한국중부발전㈜신보령발전본부,1,2018-02-26 10:30,TSP,4.26
한국중부발전㈜신보령발전본부,1,2018-02-26 10:30,SOx,25.27
한국중부발전㈜신보령발전본부,1,2018-02-26 10:30,NOx,21.01
한국중부발전㈜신보령발전본부,1,2018-02-26 11:00,TSP,4.13
한국중부발전㈜신보령발전본부,1,2018-02-26 11:00,SOx,24.91
한국중부발전㈜신보령발전본부,1,2018-02-26 11:00,NOx,21.18
한국중부발전㈜신보령발전본부,1,2018-02-26 11:30,TSP,3.84
한국중부발전㈜신보령발전본부,1,2018-02-26 11:30,SOx,24.92
한국중부발전㈜신보령발전본부,1,2018-02-26 11:30,NOx,21.21
한국중부발전㈜신보령발전본부,1,2018-02-26 12:00,TSP,3.82
한국중부발전㈜신보령발전본부,1,2018-02-26 12:00,SOx,25.04
한국중부발전㈜신보령발전본부,1,2018-02-26 12:00,NOx,20.05
한국중부발전㈜신보령발전본부,1,2018-02-26 12:30,TSP,3.84
한국중부발전㈜신보령발전본부,1,2018-02-26 12:30,SOx,24.47
한국중부발전㈜신보령발전본부,1,2018-02-26 12:30,NOx,20.29
한국중부발전㈜신보령발전본부,1,2018-02-26 13:00,TSP,3.8
한국중부발전㈜신보령발전본부,1,2018-02-26 13:00,SOx,24.61
한국중부발전㈜신보령발전본부,1,2018-02-26 13:00,NOx,20.44
한국중부발전㈜신보령발전본부,1,2018-02-26 13:30,TSP,3.84
한국중부발전㈜신보령발전본부,1,2018-02-26 13:30,SOx,25.11
한국중부발전㈜신보령발전본부,1,2018-02-26 13:30,NOx,20.89
한국중부발전㈜신보령발전본부,1,2018-02-26 14:00,TSP,3.84
한국중부발전㈜신보령발전본부,1,2018-02-26 14:00,SOx,25.51
한국중부발전㈜신보령발전본부,1,2018-02-26 14:00,NOx,21.6
한국중부발전㈜신보령발전본부,1,2018-02-26 14:30,TSP,3.79
한국중부발전㈜신보령발전본부,1,2018-02-26 14:30,SOx,25.74
한국중부발전㈜신보령발전본부,1,2018-02-26 14:30,NOx,21.24
한국중부발전㈜신보령발전본부,1,2018-02-26 15:00,TSP,3.82
한국중부발전㈜신보령발전본부,1,2018-02-26 15:00,SOx,25.76
한국중부발전㈜신보령발전본부,1,2018-02-26 15:00,NOx,20.68
한국중부발전㈜신보령발전본부,1,2018-02-26 15:30,TSP,3.89
한국중부발전㈜신보령발전본부,1,2018-02-26 15:30,SOx,25.95
한국중부발전㈜신보령발전본부,1,2018-02-26 15:30,NOx,21.08
한국중부발전㈜신보령발전본부,1,2018-02-26 16:00,TSP,4.11
한국중부발전㈜신보령발전본부,1,2018-02-26 16:00,SOx,25.91
한국중부발전㈜신보령발전본부,1,2018-02-26 16:00,NOx,20.07
한국중부발전㈜신보령발전본부,1,2018-02-26 16:30,TSP,4.13
한국중부발전㈜신보령발전본부,1,2018-02-26 16:30,SOx,25.52
한국중부발전㈜신보령발전본부,1,2018-02-26 16:30,NOx,20.5
한국중부발전㈜신보령발전본부,1,2018-02-26 17:00,TSP,4.19
한국중부발전㈜신보령발전본부,1,2018-02-26 17:00,SOx,25.44
한국중부발전㈜신보령발전본부,1,2018-02-26 17:00,NOx,20.75
한국중부발전㈜신보령발전본부,1,2018-02-26 17:30,TSP,4.39
한국중부발전㈜신보령발전본부,1,2018-02-26 17:30,SOx,25.33
한국중부발전㈜신보령발전본부,1,2018-02-26 17:30,NOx,20.3
한국중부발전㈜신보령발전본부,1,2018-02-26 18:00,TSP,4.44
한국중부발전㈜신보령발전본부,1,2018-02-26 18:00,SOx,25.48
한국중부발전㈜신보령발전본부,1,2018-02-26 18:00,NOx,19.78
한국중부발전㈜신보령발전본부,1,2018-02-26 18:30,TSP,4.5
한국중부발전㈜신보령발전본부,1,2018-02-26 18:30,SOx,25.04
한국중부발전㈜신보령발전본부,1,2018-02-26 18:30,NOx,20.57
한국중부발전㈜신보령발전본부,1,2018-02-26 19:00,TSP,4.74
한국중부발전㈜신보령발전본부,1,2018-02-26 19:00,SOx,24.73
한국중부발전㈜신보령발전본부,1,2018-02-26 19:00,NOx,20.89
한국중부발전㈜신보령발전본부,1,2018-02-26 19:30,TSP,4.24
한국중부발전㈜신보령발전본부,1,2018-02-26 19:30,SOx,23.73
한국중부발전㈜신보령발전본부,1,2018-02-26 19:30,NOx,20.34
한국중부발전㈜신보령발전본부,1,2018-02-26 20:00,TSP,4.21
한국중부발전㈜신보령발전본부,1,2018-02-26 20:00,SOx,22.63
한국중부발전㈜신보령발전본부,1,2018-02-26 20:00,NOx,20.76
한국중부발전㈜신보령발전본부,1,2018-02-26 20:30,TSP,4.4
한국중부발전㈜신보령발전본부,1,2018-02-26 20:30,SOx,21.53
한국중부발전㈜신보령발전본부,1,2018-02-26 20:30,NOx,20.94
한국중부발전㈜신보령발전본부,1,2018-02-26 21:00,TSP,4.51
한국중부발전㈜신보령발전본부,1,2018-02-26 21:00,SOx,20.39
한국중부발전㈜신보령발전본부,1,2018-02-26 21:00,NOx,20.75
한국중부발전㈜신보령발전본부,1,2018-02-26 21:30,TSP,4.58
한국중부발전㈜신보령발전본부,1,2018-02-26 21:30,SOx,18.99
한국중부발전㈜신보령발전본부,1,2018-02-26 21:30,NOx,20.74
한국중부발전㈜신보령발전본부,1,2018-02-26 22:00,TSP,4.55
한국중부발전㈜신보령발전본부,1,2018-02-26 22:00,SOx,17.57
한국중부발전㈜신보령발전본부,1,2018-02-26 22:00,NOx,20.29
한국중부발전㈜신보령발전본부,1,2018-02-26 22:30,TSP,4.16
한국중부발전㈜신보령발전본부,1,2018-02-26 22:30,SOx,16.65
한국중부발전㈜신보령발전본부,1,2018-02-26 22:30,NOx,19.65
한국중부발전㈜신보령발전본부,1,2018-02-26 23:00,TSP,4.18
한국중부발전㈜신보령발전본부,1,2018-02-26 23:00,SOx,15.93
한국중부발전㈜신보령발전본부,1,2018-02-26 23:00,NOx,19.68
한국중부발전㈜신보령발전본부,1,2018-02-26 23:30,TSP,4.22
한국중부발전㈜신보령발전본부,1,2018-02-26 23:30,SOx,15.39
한국중부발전㈜신보령발전본부,1,2018-02-26 23:30,NOx,20.09
한국중부발전㈜신보령발전본부,1,2018-02-27 00:00,TSP,4.34
한국중부발전㈜신보령발전본부,1,2018-02-27 00:00,SOx,16.58
한국중부발전㈜신보령발전본부,1,2018-02-27 00:00,NOx,18.62
한국중부발전㈜신보령발전본부,1,2018-02-27 00:30,TSP,4.35
한국중부발전㈜신보령발전본부,1,2018-02-27 00:30,SOx,16.78
한국중부발전㈜신보령발전본부,1,2018-02-27 00:30,NOx,19.62
한국중부발전㈜신보령발전본부,1,2018-02-27 01:00,TSP,4.59
한국중부발전㈜신보령발전본부,1,2018-02-27 01:00,SOx,16.53
한국중부발전㈜신보령발전본부,1,2018-02-27 01:00,NOx,19.46
한국중부발전㈜신보령발전본부,1,2018-02-27 01:30,TSP,4.6
한국중부발전㈜신보령발전본부,1,2018-02-27 01:30,SOx,16.83
한국중부발전㈜신보령발전본부,1,2018-02-27 01:30,NOx,19.33
한국중부발전㈜신보령발전본부,1,2018-02-27 02:00,TSP,4.67
한국중부발전㈜신보령발전본부,1,2018-02-27 02:00,SOx,16.86
한국중부발전㈜신보령발전본부,1,2018-02-27 02:00,NOx,19.82
한국중부발전㈜신보령발전본부,1,2018-02-27 02:30,TSP,4.79
한국중부발전㈜신보령발전본부,1,2018-02-27 02:30,SOx,17.12
한국중부발전㈜신보령발전본부,1,2018-02-27 02:30,NOx,20.26
한국중부발전㈜신보령발전본부,1,2018-02-27 03:00,TSP,4.68
한국중부발전㈜신보령발전본부,1,2018-02-27 03:00,SOx,17.03
한국중부발전㈜신보령발전본부,1,2018-02-27 03:00,NOx,20.0
한국중부발전㈜신보령발전본부,1,2018-02-27 03:30,TSP,4.24
한국중부발전㈜신보령발전본부,1,2018-02-27 03:30,SOx,17.28
한국중부발전㈜신보령발전본부,1,2018-02-27 03:30,NOx,20.31
한국중부발전㈜신보령발전본부,1,2018-02-27 04:00,TSP,4.26
한국중부발전㈜신보령발전본부,1,2018-02-27 04:00,SOx,17.54
한국중부발전㈜신보령발전본부,1,2018-02-27 04:00,NOx,20.75
한국중부발전㈜신보령발전본부,1,2018-02-27 04:30,TSP,4.16
한국중부발전㈜신보령발전본부,1,2018-02-27 04:30,SOx,17.49
한국중부발전㈜신보령발전본부,1,2018-02-27 04:30,NOx,20.81
한국중부발전㈜신보령발전본부,1,2018-02-27 05:00,TSP,4.37
한국중부발전㈜신보령발전본부,1,2018-02-27 05:00,SOx,17.54
한국중부발전㈜신보령발전본부,1,2018-02-27 05:00,NOx,21.11
한국중부발전㈜신보령발전본부,1,2018-02-27 05:30,TSP,4.27
한국중부발전㈜신보령발전본부,1,2018-02-27 05:30,SOx,17.44
한국중부발전㈜신보령발전본부,1,2018-02-27 05:30,NOx,22.02
한국중부발전㈜신보령발전본부,1,2018-02-27 06:00,TSP,4.22
한국중부발전㈜신보령발전본부,1,2018-02-27 06:00,SOx,17.36
한국중부발전㈜신보령발전본부,1,2018-02-27 06:00,NOx,23.59
한국중부발전㈜신보령발전본부,1,2018-02-27 06:30,TSP,4.43
한국중부발전㈜신보령발전본부,1,2018-02-27 06:30,SOx,17.93
한국중부발전㈜신보령발전본부,1,2018-02-27 06:30,NOx,22.07
한국중부발전㈜신보령발전본부,1,2018-02-27 07:00,TSP,4.45
한국중부발전㈜신보령발전본부,1,2018-02-27 07:00,SOx,18.21
한국중부발전㈜신보령발전본부,1,2018-02-27 07:00,NOx,23.08
한국중부발전㈜신보령발전본부,1,2018-02-27 07:30,TSP,4.49
한국중부발전㈜신보령발전본부,1,2018-02-27 07:30,SOx,18.28
한국중부발전㈜신보령발전본부,1,2018-02-27 07:30,NOx,22.61
한국중부발전㈜신보령발전본부,1,2018-02-27 08:00,TSP,5.06
한국중부발전㈜신보령발전본부,1,2018-02-27 08:00,SOx,18.01
한국중부발전㈜신보령발전본부,1,2018-02-27 08:00,NOx,21.32
한국중부발전㈜신보령발전본부,1,2018-02-27 08:30,TSP,4.84
한국중부발전㈜신보령발전본부,1,2018-02-27 08:30,SOx,17.98
한국중부발전㈜신보령발전본부,1,2018-02-27 08:30,NOx,21.2
한국중부발전㈜신보령발전본부,1,2018-02-27 09:00,TSP,5.03
한국중부발전㈜신보령발전본부,1,2018-02-27 09:00,SOx,18.04
한국중부발전㈜신보령발전본부,1,2018-02-27 09:00,NOx,21.55
한국중부발전㈜신보령발전본부,1,2018-02-27 09:30,TSP,5.18
한국중부발전㈜신보령발전본부,1,2018-02-27 09:30,SOx,17.83
한국중부발전㈜신보령발전본부,1,2018-02-27 09:30,NOx,20.54
한국중부발전㈜신보령발전본부,1,2018-02-27 10:00,TSP,5.44
한국중부발전㈜신보령발전본부,1,2018-02-27 10:00,SOx,18.06
한국중부발전㈜신보령발전본부,1,2018-02-27 10:00,NOx,19.42
한국중부발전㈜신보령발전본부,1,2018-02-27 10:30,TSP,5.44
한국중부발전㈜신보령발전본부,1,2018-02-27 10:30,SOx,18.16
한국중부발전㈜신보령발전본부,1,2018-02-27 10:30,NOx,19.51
한국중부발전㈜신보령발전본부,1,2018-02-27 11:00,TSP,5.61
한국중부발전㈜신보령발전본부,1,2018-02-27 11:00,SOx,18.2
한국중부발전㈜신보령발전본부,1,2018-02-27 11:00,NOx,20.06
한국중부발전㈜신보령발전본부,1,2018-02-27 11:30,TSP,5.37
한국중부발전㈜신보령발전본부,1,2018-02-27 11:30,SOx,18.25
한국중부발전㈜신보령발전본부,1,2018-02-27 11:30,NOx,20.93
한국중부발전㈜신보령발전본부,1,2018-02-27 12:00,TSP,5.37
한국중부발전㈜신보령발전본부,1,2018-02-27 12:00,SOx,18.67
한국중부발전㈜신보령발전본부,1,2018-02-27 12:00,NOx,20.11
한국중부발전㈜신보령발전본부,1,2018-02-27 12:30,TSP,5.28
한국중부발전㈜신보령발전본부,1,2018-02-27 12:30,SOx,18.75
한국중부발전㈜신보령발전본부,1,2018-02-27 12:30,NOx,19.68
한국중부발전㈜신보령발전본부,1,2018-02-27 13:00,TSP,5.15
한국중부발전㈜신보령발전본부,1,2018-02-27 13:00,SOx,19.17
한국중부발전㈜신보령발전본부,1,2018-02-27 13:00,NOx,18.96
한국중부발전㈜신보령발전본부,1,2018-02-27 13:30,TSP,5.49
한국중부발전㈜신보령발전본부,1,2018-02-27 13:30,SOx,19.18
한국중부발전㈜신보령발전본부,1,2018-02-27 13:30,NOx,19.91
한국중부발전㈜신보령발전본부,1,2018-02-27 14:00,TSP,5.27
한국중부발전㈜신보령발전본부,1,2018-02-27 14:00,SOx,19.2
한국중부발전㈜신보령발전본부,1,2018-02-27 14:00,NOx,19.65
한국중부발전㈜신보령발전본부,1,2018-02-27 14:30,TSP,5.45
한국중부발전㈜신보령발전본부,1,2018-02-27 14:30,SOx,19.03
한국중부발전㈜신보령발전본부,1,2018-02-27 14:30,NOx,19.07
한국중부발전㈜신보령발전본부,1,2018-02-27 15:00,TSP,5.53
한국중부발전㈜신보령발전본부,1,2018-02-27 15:00,SOx,19.3
한국중부발전㈜신보령발전본부,1,2018-02-27 15:00,NOx,18.35
한국중부발전㈜신보령발전본부,1,2018-02-27 15:30,TSP,5.51
한국중부발전㈜신보령발전본부,1,2018-02-27 15:30,SOx,19.43
한국중부발전㈜신보령발전본부,1,2018-02-27 15:30,NOx,18.32
한국중부발전㈜신보령발전본부,1,2018-02-27 16:00,TSP,6.46
한국중부발전㈜신보령발전본부,1,2018-02-27 16:00,SOx,19.43
한국중부발전㈜신보령발전본부,1,2018-02-27 16:00,NOx,18.97
한국중부발전㈜신보령발전본부,1,2018-02-27 16:30,TSP,6.14
한국중부발전㈜신보령발전본부,1,2018-02-27 16:30,SOx,19.7
한국중부발전㈜신보령발전본부,1,2018-02-27 16:30,NOx,16.92
한국중부발전㈜신보령발전본부,1,2018-02-27 17:00,TSP,6.07
한국중부발전㈜신보령발전본부,1,2018-02-27 17:00,SOx,17.76
한국중부발전㈜신보령발전본부,1,2018-02-27 17:00,NOx,17.2
한국중부발전㈜신보령발전본부,1,2018-02-27 17:30,TSP,6.08
한국중부발전㈜신보령발전본부,1,2018-02-27 17:30,SOx,15.89
한국중부발전㈜신보령발전본부,1,2018-02-27 17:30,NOx,17.25
한국중부발전㈜신보령발전본부,1,2018-02-27 18:00,TSP,6.3
한국중부발전㈜신보령발전본부,1,2018-02-27 18:00,SOx,16.53
한국중부발전㈜신보령발전본부,1,2018-02-27 18:00,NOx,17.47
한국중부발전㈜신보령발전본부,1,2018-02-27 18:30,TSP,6.56
한국중부발전㈜신보령발전본부,1,2018-02-27 18:30,SOx,16.66
한국중부발전㈜신보령발전본부,1,2018-02-27 18:30,NOx,17.55
한국중부발전㈜신보령발전본부,1,2018-02-27 19:00,TSP,7.05
한국중부발전㈜신보령발전본부,1,2018-02-27 19:00,SOx,19.88
한국중부발전㈜신보령발전본부,1,2018-02-27 19:00,NOx,17.05
한국중부발전㈜신보령발전본부,1,2018-02-27 19:30,TSP,5.94
한국중부발전㈜신보령발전본부,1,2018-02-27 19:30,SOx,20.03
한국중부발전㈜신보령발전본부,1,2018-02-27 19:30,NOx,16.76
한국중부발전㈜신보령발전본부,1,2018-02-27 20:00,TSP,6.16
한국중부발전㈜신보령발전본부,1,2018-02-27 20:00,SOx,19.98
한국중부발전㈜신보령발전본부,1,2018-02-27 20:00,NOx,17.55
한국중부발전㈜신보령발전본부,1,2018-02-27 20:30,TSP,6.32
한국중부발전㈜신보령발전본부,1,2018-02-27 20:30,SOx,20.16
한국중부발전㈜신보령발전본부,1,2018-02-27 20:30,NOx,16.93
한국중부발전㈜신보령발전본부,1,2018-02-27 21:00,TSP,6.35
한국중부발전㈜신보령발전본부,1,2018-02-27 21:00,SOx,20.82
한국중부발전㈜신보령발전본부,1,2018-02-27 21:00,NOx,17.32
한국중부발전㈜신보령발전본부,1,2018-02-27 21:30,TSP,6.53
한국중부발전㈜신보령발전본부,1,2018-02-27 21:30,SOx,20.43
한국중부발전㈜신보령발전본부,1,2018-02-27 21:30,NOx,15.51
한국중부발전㈜신보령발전본부,1,2018-02-27 22:00,TSP,6.16
한국중부발전㈜신보령발전본부,1,2018-02-27 22:00,SOx,20.73
한국중부발전㈜신보령발전본부,1,2018-02-27 22:00,NOx,15.26
한국중부발전㈜신보령발전본부,1,2018-02-27 22:30,TSP,5.72
한국중부발전㈜신보령발전본부,1,2018-02-27 22:30,SOx,20.31
한국중부발전㈜신보령발전본부,1,2018-02-27 22:30,NOx,14.74
한국중부발전㈜신보령발전본부,1,2018-02-27 23:00,TSP,5.63
한국중부발전㈜신보령발전본부,1,2018-02-27 23:00,SOx,20.37
한국중부발전㈜신보령발전본부,1,2018-02-27 23:00,NOx,14.56
한국중부발전㈜신보령발전본부,1,2018-02-27 23:30,TSP,5.74
한국중부발전㈜신보령발전본부,1,2018-02-27 23:30,SOx,20.54
한국중부발전㈜신보령발전본부,1,2018-02-27 23:30,NOx,14.51
한국중부발전㈜신보령발전본부,1,2018-02-28 00:00,TSP,5.91
한국중부발전㈜신보령발전본부,1,2018-02-28 00:00,SOx,19.38
한국중부발전㈜신보령발전본부,1,2018-02-28 00:00,NOx,14.5
한국중부발전㈜신보령발전본부,1,2018-02-28 00:30,TSP,5.79
한국중부발전㈜신보령발전본부,1,2018-02-28 00:30,SOx,19.28
한국중부발전㈜신보령발전본부,1,2018-02-28 00:30,NOx,19.21
한국중부발전㈜신보령발전본부,1,2018-02-28 01:00,TSP,5.89
한국중부발전㈜신보령발전본부,1,2018-02-28 01:00,SOx,18.3
한국중부발전㈜신보령발전본부,1,2018-02-28 01:00,NOx,13.35
한국중부발전㈜신보령발전본부,1,2018-02-28 01:30,TSP,6.12
한국중부발전㈜신보령발전본부,1,2018-02-28 01:30,SOx,18.28
한국중부발전㈜신보령발전본부,1,2018-02-28 01:30,NOx,14.38
한국중부발전㈜신보령발전본부,1,2018-02-28 02:00,TSP,6.13
한국중부발전㈜신보령발전본부,1,2018-02-28 02:00,SOx,18.11
한국중부발전㈜신보령발전본부,1,2018-02-28 02:00,NOx,15.21
한국중부발전㈜신보령발전본부,1,2018-02-28 02:30,TSP,6.25
한국중부발전㈜신보령발전본부,1,2018-02-28 02:30,SOx,18.06
한국중부발전㈜신보령발전본부,1,2018-02-28 02:30,NOx,16.53
한국중부발전㈜신보령발전본부,1,2018-02-28 03:00,TSP,5.86
한국중부발전㈜신보령발전본부,1,2018-02-28 03:00,SOx,18.3
한국중부발전㈜신보령발전본부,1,2018-02-28 03:00,NOx,15.96
한국중부발전㈜신보령발전본부,1,2018-02-28 03:30,TSP,5.35
한국중부발전㈜신보령발전본부,1,2018-02-28 03:30,SOx,18.44
한국중부발전㈜신보령발전본부,1,2018-02-28 03:30,NOx,16.57
한국중부발전㈜신보령발전본부,1,2018-02-28 04:00,TSP,5.43
한국중부발전㈜신보령발전본부,1,2018-02-28 04:00,SOx,18.72
한국중부발전㈜신보령발전본부,1,2018-02-28 04:00,NOx,16.6
한국중부발전㈜신보령발전본부,1,2018-02-28 04:30,TSP,5.26
한국중부발전㈜신보령발전본부,1,2018-02-28 04:30,SOx,19.1
한국중부발전㈜신보령발전본부,1,2018-02-28 04:30,NOx,15.96
한국중부발전㈜신보령발전본부,1,2018-02-28 05:00,TSP,5.53
한국중부발전㈜신보령발전본부,1,2018-02-28 05:00,SOx,19.55
한국중부발전㈜신보령발전본부,1,2018-02-28 05:00,NOx,15.52
한국중부발전㈜신보령발전본부,1,2018-02-28 05:30,TSP,5.68
한국중부발전㈜신보령발전본부,1,2018-02-28 05:30,SOx,19.82
한국중부발전㈜신보령발전본부,1,2018-02-28 05:30,NOx,14.99
한국중부발전㈜신보령발전본부,1,2018-02-28 06:00,TSP,5.86
한국중부발전㈜신보령발전본부,1,2018-02-28 06:00,SOx,20.01
한국중부발전㈜신보령발전본부,1,2018-02-28 06:00,NOx,17.32
한국중부발전㈜신보령발전본부,1,2018-02-28 06:30,TSP,5.97
한국중부발전㈜신보령발전본부,1,2018-02-28 06:30,SOx,19.98
한국중부발전㈜신보령발전본부,1,2018-02-28 06:30,NOx,19.14
한국중부발전㈜신보령발전본부,1,2018-02-28 07:00,TSP,6.14
한국중부발전㈜신보령발전본부,1,2018-02-28 07:00,SOx,20.63
한국중부발전㈜신보령발전본부,1,2018-02-28 07:00,NOx,19.55
한국중부발전㈜신보령발전본부,1,2018-02-28 07:30,TSP,6.12
한국중부발전㈜신보령발전본부,1,2018-02-28 07:30,SOx,20.39
한국중부발전㈜신보령발전본부,1,2018-02-28 07:30,NOx,19.2
한국중부발전㈜신보령발전본부,1,2018-02-28 08:00,TSP,6.42
한국중부발전㈜신보령발전본부,1,2018-02-28 08:00,SOx,20.01
한국중부발전㈜신보령발전본부,1,2018-02-28 08:00,NOx,20.47
한국중부발전㈜신보령발전본부,1,2018-02-28 08:30,TSP,6.27
한국중부발전㈜신보령발전본부,1,2018-02-28 08:30,SOx,19.87
한국중부발전㈜신보령발전본부,1,2018-02-28 08:30,NOx,20.36
한국중부발전㈜신보령발전본부,1,2018-02-28 09:00,TSP,5.84
한국중부발전㈜신보령발전본부,1,2018-02-28 09:00,SOx,19.33
한국중부발전㈜신보령발전본부,1,2018-02-28 09:00,NOx,20.62
한국중부발전㈜신보령발전본부,1,2018-02-28 09:30,TSP,5.82
한국중부발전㈜신보령발전본부,1,2018-02-28 09:30,SOx,19.36
한국중부발전㈜신보령발전본부,1,2018-02-28 09:30,NOx,20.57
한국중부발전㈜신보령발전본부,1,2018-02-28 10:00,TSP,5.84
한국중부발전㈜신보령발전본부,1,2018-02-28 10:00,SOx,19.27
한국중부발전㈜신보령발전본부,1,2018-02-28 10:00,NOx,20.05
한국중부발전㈜신보령발전본부,1,2018-02-28 10:30,TSP,5.78
한국중부발전㈜신보령발전본부,1,2018-02-28 10:30,SOx,19.07
한국중부발전㈜신보령발전본부,1,2018-02-28 10:30,NOx,20.36
한국중부발전㈜신보령발전본부,1,2018-02-28 11:00,TSP,5.92
한국중부발전㈜신보령발전본부,1,2018-02-28 11:00,SOx,18.84
한국중부발전㈜신보령발전본부,1,2018-02-28 11:00,NOx,19.34
한국중부발전㈜신보령발전본부,1,2018-02-28 11:30,TSP,5.82
한국중부발전㈜신보령발전본부,1,2018-02-28 11:30,SOx,19.16
한국중부발전㈜신보령발전본부,1,2018-02-28 11:30,NOx,20.25
한국중부발전㈜신보령발전본부,1,2018-02-28 12:00,TSP,5.97
한국중부발전㈜신보령발전본부,1,2018-02-28 12:00,SOx,19.07
한국중부발전㈜신보령발전본부,1,2018-02-28 12:00,NOx,20.16
한국중부발전㈜신보령발전본부,1,2018-02-28 12:30,TSP,5.94
한국중부발전㈜신보령발전본부,1,2018-02-28 12:30,SOx,19.17
한국중부발전㈜신보령발전본부,1,2018-02-28 12:30,NOx,21.75
한국중부발전㈜신보령발전본부,1,2018-02-28 13:00,TSP,5.94
한국중부발전㈜신보령발전본부,1,2018-02-28 13:00,SOx,19.33
한국중부발전㈜신보령발전본부,1,2018-02-28 13:00,NOx,22.07
한국중부발전㈜신보령발전본부,1,2018-02-28 13:30,TSP,5.94
한국중부발전㈜신보령발전본부,1,2018-02-28 13:30,SOx,19.65
한국중부발전㈜신보령발전본부,1,2018-02-28 13:30,NOx,20.27
한국중부발전㈜신보령발전본부,1,2018-02-28 14:00,TSP,3.73
한국중부발전㈜신보령발전본부,1,2018-02-28 14:00,SOx,19.72
한국중부발전㈜신보령발전본부,1,2018-02-28 14:00,NOx,21.99
한국중부발전㈜신보령발전본부,1,2018-02-28 14:30,TSP,3.7
한국중부발전㈜신보령발전본부,1,2018-02-28 14:30,SOx,20.04
한국중부발전㈜신보령발전본부,1,2018-02-28 14:30,NOx,21.76
한국중부발전㈜신보령발전본부,1,2018-02-28 15:00,TSP,3.83
한국중부발전㈜신보령발전본부,1,2018-02-28 15:00,SOx,20.09
한국중부발전㈜신보령발전본부,1,2018-02-28 15:00,NOx,21.21
한국중부발전㈜신보령발전본부,1,2018-02-28 15:30,TSP,3.65
한국중부발전㈜신보령발전본부,1,2018-02-28 15:30,SOx,20.06
한국중부발전㈜신보령발전본부,1,2018-02-28 15:30,NOx,21.55
한국중부발전㈜신보령발전본부,1,2018-02-28 16:00,TSP,4.49
한국중부발전㈜신보령발전본부,1,2018-02-28 16:00,SOx,20.44
한국중부발전㈜신보령발전본부,1,2018-02-28 16:00,NOx,20.86
한국중부발전㈜신보령발전본부,1,2018-02-28 16:30,TSP,4.37
한국중부발전㈜신보령발전본부,1,2018-02-28 16:30,SOx,20.38
한국중부발전㈜신보령발전본부,1,2018-02-28 16:30,NOx,21.3
한국중부발전㈜신보령발전본부,1,2018-02-28 17:00,TSP,4.52
한국중부발전㈜신보령발전본부,1,2018-02-28 17:00,SOx,20.74
한국중부발전㈜신보령발전본부,1,2018-02-28 17:00,NOx,21.57
한국중부발전㈜신보령발전본부,1,2018-02-28 17:30,TSP,4.95
한국중부발전㈜신보령발전본부,1,2018-02-28 17:30,SOx,21.01
한국중부발전㈜신보령발전본부,1,2018-02-28 17:30,NOx,19.99
한국중부발전㈜신보령발전본부,1,2018-02-28 18:00,TSP,5.16
한국중부발전㈜신보령발전본부,1,2018-02-28 18:00,SOx,21.0
한국중부발전㈜신보령발전본부,1,2018-02-28 18:00,NOx,20.28
한국중부발전㈜신보령발전본부,1,2018-02-28 18:30,TSP,5.13
한국중부발전㈜신보령발전본부,1,2018-02-28 18:30,SOx,21.2
한국중부발전㈜신보령발전본부,1,2018-02-28 18:30,NOx,20.0
한국중부발전㈜신보령발전본부,1,2018-02-28 19:00,TSP,5.29
한국중부발전㈜신보령발전본부,1,2018-02-28 19:00,SOx,16.85
한국중부발전㈜신보령발전본부,1,2018-02-28 19:00,NOx,19.0
한국중부발전㈜신보령발전본부,1,2018-02-28 19:30,TSP,3.88
한국중부발전㈜신보령발전본부,1,2018-02-28 19:30,SOx,17.52
한국중부발전㈜신보령발전본부,1,2018-02-28 19:30,NOx,19.73
한국중부발전㈜신보령발전본부,1,2018-02-28 20:00,TSP,3.79
한국중부발전㈜신보령발전본부,1,2018-02-28 20:00,SOx,17.81
한국중부발전㈜신보령발전본부,1,2018-02-28 20:00,NOx,20.03
한국중부발전㈜신보령발전본부,1,2018-02-28 20:30,TSP,3.81
한국중부발전㈜신보령발전본부,1,2018-02-28 20:30,SOx,18.77
한국중부발전㈜신보령발전본부,1,2018-02-28 20:30,NOx,20.6
한국중부발전㈜신보령발전본부,1,2018-02-28 21:00,TSP,3.9
한국중부발전㈜신보령발전본부,1,2018-02-28 21:00,SOx,19.58
한국중부발전㈜신보령발전본부,1,2018-02-28 21:00,NOx,20.1
한국중부발전㈜신보령발전본부,1,2018-02-28 21:30,TSP,4.09
한국중부발전㈜신보령발전본부,1,2018-02-28 21:30,SOx,19.78
한국중부발전㈜신보령발전본부,1,2018-02-28 21:30,NOx,19.09
한국중부발전㈜신보령발전본부,1,2018-02-28 22:00,TSP,3.91
한국중부발전㈜신보령발전본부,1,2018-02-28 22:00,SOx,19.99
한국중부발전㈜신보령발전본부,1,2018-02-28 22:00,NOx,19.54
한국중부발전㈜신보령발전본부,1,2018-02-28 22:30,TSP,3.48
한국중부발전㈜신보령발전본부,1,2018-02-28 22:30,SOx,20.43
한국중부발전㈜신보령발전본부,1,2018-02-28 22:30,NOx,20.81
한국중부발전㈜신보령발전본부,1,2018-02-28 23:00,TSP,3.54
한국중부발전㈜신보령발전본부,1,2018-02-28 23:00,SOx,20.61
한국중부발전㈜신보령발전본부,1,2018-02-28 23:00,NOx,21.4
한국중부발전㈜신보령발전본부,1,2018-02-28 23:30,TSP,3.67
한국중부발전㈜신보령발전본부,1,2018-02-28 23:30,SOx,20.73
한국중부발전㈜신보령발전본부,1,2018-02-28 23:30,NOx,20.34
한국중부발전㈜신보령발전본부,1,2018-03-01 00:00,TSP,3.92
한국중부발전㈜신보령발전본부,1,2018-03-01 00:00,SOx,19.96
한국중부발전㈜신보령발전본부,1,2018-03-01 00:00,NOx,20.27
한국중부발전㈜신보령발전본부,1,2018-03-01 00:30,TSP,3.78
한국중부발전㈜신보령발전본부,1,2018-03-01 00:30,SOx,19.33
한국중부발전㈜신보령발전본부,1,2018-03-01 00:30,NOx,18.48
한국중부발전㈜신보령발전본부,1,2018-03-01 01:00,TSP,3.76
한국중부발전㈜신보령발전본부,1,2018-03-01 01:00,SOx,19.76
한국중부발전㈜신보령발전본부,1,2018-03-01 01:00,NOx,18.67
한국중부발전㈜신보령발전본부,1,2018-03-01 01:30,TSP,3.85
한국중부발전㈜신보령발전본부,1,2018-03-01 01:30,SOx,20.25
한국중부발전㈜신보령발전본부,1,2018-03-01 01:30,NOx,20.44
한국중부발전㈜신보령발전본부,1,2018-03-01 02:00,TSP,4.08
한국중부발전㈜신보령발전본부,1,2018-03-01 02:00,SOx,20.22
한국중부발전㈜신보령발전본부,1,2018-03-01 02:00,NOx,20.73
한국중부발전㈜신보령발전본부,1,2018-03-01 02:30,TSP,3.81
한국중부발전㈜신보령발전본부,1,2018-03-01 02:30,SOx,20.21
한국중부발전㈜신보령발전본부,1,2018-03-01 02:30,NOx,20.1
한국중부발전㈜신보령발전본부,1,2018-03-01 03:00,TSP,3.6
한국중부발전㈜신보령발전본부,1,2018-03-01 03:00,SOx,20.63
한국중부발전㈜신보령발전본부,1,2018-03-01 03:00,NOx,19.75
한국중부발전㈜신보령발전본부,1,2018-03-01 03:30,TSP,2.81
한국중부발전㈜신보령발전본부,1,2018-03-01 03:30,SOx,20.69
한국중부발전㈜신보령발전본부,1,2018-03-01 03:30,NOx,20.5
한국중부발전㈜신보령발전본부,1,2018-03-01 04:00,TSP,2.56
한국중부발전㈜신보령발전본부,1,2018-03-01 04:00,SOx,20.89
한국중부발전㈜신보령발전본부,1,2018-03-01 04:00,NOx,19.44
한국중부발전㈜신보령발전본부,1,2018-03-01 04:30,TSP,2.46
한국중부발전㈜신보령발전본부,1,2018-03-01 04:30,SOx,21.44
한국중부발전㈜신보령발전본부,1,2018-03-01 04:30,NOx,19.62
한국중부발전㈜신보령발전본부,1,2018-03-01 05:00,TSP,2.64
한국중부발전㈜신보령발전본부,1,2018-03-01 05:00,SOx,21.98
한국중부발전㈜신보령발전본부,1,2018-03-01 05:00,NOx,19.93
한국중부발전㈜신보령발전본부,1,2018-03-01 05:30,TSP,2.32
한국중부발전㈜신보령발전본부,1,2018-03-01 05:30,SOx,22.26
한국중부발전㈜신보령발전본부,1,2018-03-01 05:30,NOx,19.28
한국중부발전㈜신보령발전본부,1,2018-03-01 06:00,TSP,2.27
한국중부발전㈜신보령발전본부,1,2018-03-01 06:00,SOx,22.42
한국중부발전㈜신보령발전본부,1,2018-03-01 06:00,NOx,18.71
한국중부발전㈜신보령발전본부,1,2018-03-01 06:30,TSP,2.2
한국중부발전㈜신보령발전본부,1,2018-03-01 06:30,SOx,22.5
한국중부발전㈜신보령발전본부,1,2018-03-01 06:30,NOx,18.67
한국중부발전㈜신보령발전본부,1,2018-03-01 07:00,TSP,2.09
한국중부발전㈜신보령발전본부,1,2018-03-01 07:00,SOx,22.34
한국중부발전㈜신보령발전본부,1,2018-03-01 07:00,NOx,16.65
한국중부발전㈜신보령발전본부,1,2018-03-01 07:30,TSP,2.04
한국중부발전㈜신보령발전본부,1,2018-03-01 07:30,SOx,22.43
한국중부발전㈜신보령발전본부,1,2018-03-01 07:30,NOx,17.68
한국중부발전㈜신보령발전본부,1,2018-03-01 08:00,TSP,2.46
한국중부발전㈜신보령발전본부,1,2018-03-01 08:00,SOx,22.12
한국중부발전㈜신보령발전본부,1,2018-03-01 08:00,NOx,17.22
한국중부발전㈜신보령발전본부,1,2018-03-01 08:30,TSP,2.33
한국중부발전㈜신보령발전본부,1,2018-03-01 08:30,SOx,22.01
한국중부발전㈜신보령발전본부,1,2018-03-01 08:30,NOx,15.18
한국중부발전㈜신보령발전본부,1,2018-03-01 09:00,TSP,2.44
한국중부발전㈜신보령발전본부,1,2018-03-01 09:00,SOx,21.82
한국중부발전㈜신보령발전본부,1,2018-03-01 09:00,NOx,18.45
한국중부발전㈜신보령발전본부,1,2018-03-01 09:30,TSP,2.51
한국중부발전㈜신보령발전본부,1,2018-03-01 09:30,SOx,21.7
한국중부발전㈜신보령발전본부,1,2018-03-01 09:30,NOx,19.49
한국중부발전㈜신보령발전본부,1,2018-03-01 10:00,TSP,2.6
한국중부발전㈜신보령발전본부,1,2018-03-01 10:00,SOx,21.61
한국중부발전㈜신보령발전본부,1,2018-03-01 10:00,NOx,14.11
한국중부발전㈜신보령발전본부,1,2018-03-01 10:30,TSP,2.69
한국중부발전㈜신보령발전본부,1,2018-03-01 10:30,SOx,21.19
한국중부발전㈜신보령발전본부,1,2018-03-01 10:30,NOx,15.24
한국중부발전㈜신보령발전본부,1,2018-03-01 11:00,TSP,2.48
한국중부발전㈜신보령발전본부,1,2018-03-01 11:00,SOx,20.68
한국중부발전㈜신보령발전본부,1,2018-03-01 11:00,NOx,15.4
한국중부발전㈜신보령발전본부,1,2018-03-01 11:30,TSP,1.89
한국중부발전㈜신보령발전본부,1,2018-03-01 11:30,SOx,20.65
한국중부발전㈜신보령발전본부,1,2018-03-01 11:30,NOx,16.87
한국중부발전㈜신보령발전본부,1,2018-03-01 12:00,TSP,1.86
한국중부발전㈜신보령발전본부,1,2018-03-01 12:00,SOx,20.51
한국중부발전㈜신보령발전본부,1,2018-03-01 12:00,NOx,15.8
한국중부발전㈜신보령발전본부,1,2018-03-01 12:30,TSP,1.86
한국중부발전㈜신보령발전본부,1,2018-03-01 12:30,SOx,20.4
한국중부발전㈜신보령발전본부,1,2018-03-01 12:30,NOx,16.05
한국중부발전㈜신보령발전본부,1,2018-03-01 13:00,TSP,1.82
한국중부발전㈜신보령발전본부,1,2018-03-01 13:00,SOx,20.32
한국중부발전㈜신보령발전본부,1,2018-03-01 13:00,NOx,18.74
한국중부발전㈜신보령발전본부,1,2018-03-01 13:30,TSP,1.79
한국중부발전㈜신보령발전본부,1,2018-03-01 13:30,SOx,20.28
한국중부발전㈜신보령발전본부,1,2018-03-01 13:30,NOx,21.25
한국중부발전㈜신보령발전본부,1,2018-03-01 14:00,TSP,1.72
한국중부발전㈜신보령발전본부,1,2018-03-01 14:00,SOx,20.26
한국중부발전㈜신보령발전본부,1,2018-03-01 14:00,NOx,23.03
한국중부발전㈜신보령발전본부,1,2018-03-01 14:30,TSP,1.69
한국중부발전㈜신보령발전본부,1,2018-03-01 14:30,SOx,19.93
한국중부발전㈜신보령발전본부,1,2018-03-01 14:30,NOx,17.47
한국중부발전㈜신보령발전본부,1,2018-03-01 15:00,TSP,1.77
한국중부발전㈜신보령발전본부,1,2018-03-01 15:00,SOx,19.68
한국중부발전㈜신보령발전본부,1,2018-03-01 15:00,NOx,16.93
한국중부발전㈜신보령발전본부,1,2018-03-01 15:30,TSP,1.71
한국중부발전㈜신보령발전본부,1,2018-03-01 15:30,SOx,19.38
한국중부발전㈜신보령발전본부,1,2018-03-01 15:30,NOx,20.41
한국중부발전㈜신보령발전본부,1,2018-03-01 16:00,TSP,2.08
한국중부발전㈜신보령발전본부,1,2018-03-01 16:00,SOx,19.41
한국중부발전㈜신보령발전본부,1,2018-03-01 16:00,NOx,21.54
한국중부발전㈜신보령발전본부,1,2018-03-01 16:30,TSP,1.99
한국중부발전㈜신보령발전본부,1,2018-03-01 16:30,SOx,19.17
한국중부발전㈜신보령발전본부,1,2018-03-01 16:30,NOx,21.69
한국중부발전㈜신보령발전본부,1,2018-03-01 17:00,TSP,2.08
한국중부발전㈜신보령발전본부,1,2018-03-01 17:00,SOx,19.18
한국중부발전㈜신보령발전본부,1,2018-03-01 17:00,NOx,22.39
한국중부발전㈜신보령발전본부,1,2018-03-01 17:30,TSP,2.21
한국중부발전㈜신보령발전본부,1,2018-03-01 17:30,SOx,19.31
한국중부발전㈜신보령발전본부,1,2018-03-01 17:30,NOx,23.26
한국중부발전㈜신보령발전본부,1,2018-03-01 18:00,TSP,2.4
한국중부발전㈜신보령발전본부,1,2018-03-01 18:00,SOx,19.51
한국중부발전㈜신보령발전본부,1,2018-03-01 18:00,NOx,23.1
한국중부발전㈜신보령발전본부,1,2018-03-01 18:30,TSP,2.48
한국중부발전㈜신보령발전본부,1,2018-03-01 18:30,SOx,19.43
한국중부발전㈜신보령발전본부,1,2018-03-01 18:30,NOx,22.38
한국중부발전㈜신보령발전본부,1,2018-03-01 19:00,TSP,2.85
한국중부발전㈜신보령발전본부,1,2018-03-01 19:00,SOx,19.29
한국중부발전㈜신보령발전본부,1,2018-03-01 19:00,NOx,22.49
한국중부발전㈜신보령발전본부,1,2018-03-01 19:30,TSP,2.1
한국중부발전㈜신보령발전본부,1,2018-03-01 19:30,SOx,18.74
한국중부발전㈜신보령발전본부,1,2018-03-01 19:30,NOx,21.2
한국중부발전㈜신보령발전본부,1,2018-03-01 20:00,TSP,2.17
한국중부발전㈜신보령발전본부,1,2018-03-01 20:00,SOx,18.18
한국중부발전㈜신보령발전본부,1,2018-03-01 20:00,NOx,22.49
한국중부발전㈜신보령발전본부,1,2018-03-01 20:30,TSP,2.42
한국중부발전㈜신보령발전본부,1,2018-03-01 20:30,SOx,17.42
한국중부발전㈜신보령발전본부,1,2018-03-01 20:30,NOx,22.39
한국중부발전㈜신보령발전본부,1,2018-03-01 21:00,TSP,2.49
한국중부발전㈜신보령발전본부,1,2018-03-01 21:00,SOx,16.88
한국중부발전㈜신보령발전본부,1,2018-03-01 21:00,NOx,22.5
한국중부발전㈜신보령발전본부,1,2018-03-01 21:30,TSP,2.61
한국중부발전㈜신보령발전본부,1,2018-03-01 21:30,SOx,16.26
한국중부발전㈜신보령발전본부,1,2018-03-01 21:30,NOx,22.14
한국중부발전㈜신보령발전본부,1,2018-03-01 22:00,TSP,2.64
한국중부발전㈜신보령발전본부,1,2018-03-01 22:00,SOx,15.61
한국중부발전㈜신보령발전본부,1,2018-03-01 22:00,NOx,23.23
한국중부발전㈜신보령발전본부,1,2018-03-01 22:30,TSP,2.18
한국중부발전㈜신보령발전본부,1,2018-03-01 22:30,SOx,15.76
한국중부발전㈜신보령발전본부,1,2018-03-01 22:30,NOx,20.47
한국중부발전㈜신보령발전본부,1,2018-03-01 23:00,TSP,2.16
한국중부발전㈜신보령발전본부,1,2018-03-01 23:00,SOx,14.73
한국중부발전㈜신보령발전본부,1,2018-03-01 23:00,NOx,20.87
한국중부발전㈜신보령발전본부,1,2018-03-01 23:30,TSP,2.17
한국중부발전㈜신보령발전본부,1,2018-03-01 23:30,SOx,13.57
한국중부발전㈜신보령발전본부,1,2018-03-01 23:30,NOx,21.07
한국중부발전㈜신보령발전본부,1,2018-03-02 00:00,TSP,2.53
한국중부발전㈜신보령발전본부,1,2018-03-02 00:00,SOx,15.45
한국중부발전㈜신보령발전본부,1,2018-03-02 00:00,NOx,21.4
한국중부발전㈜신보령발전본부,1,2018-03-02 00:30,TSP,2.38
한국중부발전㈜신보령발전본부,1,2018-03-02 00:30,SOx,15.25
한국중부발전㈜신보령발전본부,1,2018-03-02 00:30,NOx,22.06
한국중부발전㈜신보령발전본부,1,2018-03-02 01:00,TSP,2.55
한국중부발전㈜신보령발전본부,1,2018-03-02 01:00,SOx,14.72
한국중부발전㈜신보령발전본부,1,2018-03-02 01:00,NOx,23.9
한국중부발전㈜신보령발전본부,1,2018-03-02 01:30,TSP,2.71
한국중부발전㈜신보령발전본부,1,2018-03-02 01:30,SOx,14.5
한국중부발전㈜신보령발전본부,1,2018-03-02 01:30,NOx,22.22
한국중부발전㈜신보령발전본부,1,2018-03-02 02:00,TSP,2.76
한국중부발전㈜신보령발전본부,1,2018-03-02 02:00,SOx,14.46
한국중부발전㈜신보령발전본부,1,2018-03-02 02:00,NOx,21.93
한국중부발전㈜신보령발전본부,1,2018-03-02 02:30,TSP,2.87
한국중부발전㈜신보령발전본부,1,2018-03-02 02:30,SOx,14.44
한국중부발전㈜신보령발전본부,1,2018-03-02 02:30,NOx,22.91
한국중부발전㈜신보령발전본부,1,2018-03-02 03:00,TSP,2.68
한국중부발전㈜신보령발전본부,1,2018-03-02 03:00,SOx,14.66
한국중부발전㈜신보령발전본부,1,2018-03-02 03:00,NOx,22.29
한국중부발전㈜신보령발전본부,1,2018-03-02 03:30,TSP,2.29
한국중부발전㈜신보령발전본부,1,2018-03-02 03:30,SOx,14.67
한국중부발전㈜신보령발전본부,1,2018-03-02 03:30,NOx,22.68
한국중부발전㈜신보령발전본부,1,2018-03-02 04:00,TSP,2.22
한국중부발전㈜신보령발전본부,1,2018-03-02 04:00,SOx,14.89
한국중부발전㈜신보령발전본부,1,2018-03-02 04:00,NOx,23.0
한국중부발전㈜신보령발전본부,1,2018-03-02 04:30,TSP,2.22
한국중부발전㈜신보령발전본부,1,2018-03-02 04:30,SOx,15.31
한국중부발전㈜신보령발전본부,1,2018-03-02 04:30,NOx,23.24
한국중부발전㈜신보령발전본부,1,2018-03-02 05:00,TSP,2.23
한국중부발전㈜신보령발전본부,1,2018-03-02 05:00,SOx,15.37
한국중부발전㈜신보령발전본부,1,2018-03-02 05:00,NOx,23.14
한국중부발전㈜신보령발전본부,1,2018-03-02 05:30,TSP,2.26
한국중부발전㈜신보령발전본부,1,2018-03-02 05:30,SOx,15.44
한국중부발전㈜신보령발전본부,1,2018-03-02 05:30,NOx,22.5
한국중부발전㈜신보령발전본부,1,2018-03-02 06:00,TSP,2.23
한국중부발전㈜신보령발전본부,1,2018-03-02 06:00,SOx,15.3
한국중부발전㈜신보령발전본부,1,2018-03-02 06:00,NOx,22.49
한국중부발전㈜신보령발전본부,1,2018-03-02 06:30,TSP,2.22
한국중부발전㈜신보령발전본부,1,2018-03-02 06:30,SOx,15.46
한국중부발전㈜신보령발전본부,1,2018-03-02 06:30,NOx,22.79
한국중부발전㈜신보령발전본부,1,2018-03-02 07:00,TSP,2.26
한국중부발전㈜신보령발전본부,1,2018-03-02 07:00,SOx,15.71
한국중부발전㈜신보령발전본부,1,2018-03-02 07:00,NOx,21.73
한국중부발전㈜신보령발전본부,1,2018-03-02 07:30,TSP,2.21
한국중부발전㈜신보령발전본부,1,2018-03-02 07:30,SOx,15.86
한국중부발전㈜신보령발전본부,1,2018-03-02 07:30,NOx,20.86
한국중부발전㈜신보령발전본부,1,2018-03-02 08:00,TSP,2.68
한국중부발전㈜신보령발전본부,1,2018-03-02 08:00,SOx,16.22
한국중부발전㈜신보령발전본부,1,2018-03-02 08:00,NOx,19.65
한국중부발전㈜신보령발전본부,1,2018-03-02 08:30,TSP,2.63
한국중부발전㈜신보령발전본부,1,2018-03-02 08:30,SOx,16.16
한국중부발전㈜신보령발전본부,1,2018-03-02 08:30,NOx,19.97
한국중부발전㈜신보령발전본부,1,2018-03-02 09:00,TSP,2.93
한국중부발전㈜신보령발전본부,1,2018-03-02 09:00,SOx,15.99
한국중부발전㈜신보령발전본부,1,2018-03-02 09:00,NOx,20.23
한국중부발전㈜신보령발전본부,1,2018-03-02 09:30,TSP,2.88
한국중부발전㈜신보령발전본부,1,2018-03-02 09:30,SOx,16.34
한국중부발전㈜신보령발전본부,1,2018-03-02 09:30,NOx,19.53
한국중부발전㈜신보령발전본부,1,2018-03-02 10:00,TSP,2.97
한국중부발전㈜신보령발전본부,1,2018-03-02 10:00,SOx,16.17
한국중부발전㈜신보령발전본부,1,2018-03-02 10:00,NOx,21.42
한국중부발전㈜신보령발전본부,1,2018-03-02 10:30,TSP,3.03
한국중부발전㈜신보령발전본부,1,2018-03-02 10:30,SOx,15.93
한국중부발전㈜신보령발전본부,1,2018-03-02 10:30,NOx,20.39
한국중부발전㈜신보령발전본부,1,2018-03-02 11:00,TSP,2.85
한국중부발전㈜신보령발전본부,1,2018-03-02 11:00,SOx,16.0
한국중부발전㈜신보령발전본부,1,2018-03-02 11:00,NOx,17.96
한국중부발전㈜신보령발전본부,1,2018-03-02 11:30,TSP,2.51
한국중부발전㈜신보령발전본부,1,2018-03-02 11:30,SOx,14.36
한국중부발전㈜신보령발전본부,1,2018-03-02 11:30,NOx,17.93
한국중부발전㈜신보령발전본부,1,2018-03-02 12:00,TSP,2.35
한국중부발전㈜신보령발전본부,1,2018-03-02 12:00,SOx,14.98
한국중부발전㈜신보령발전본부,1,2018-03-02 12:00,NOx,20.31
한국중부발전㈜신보령발전본부,1,2018-03-02 12:30,TSP,2.33
한국중부발전㈜신보령발전본부,1,2018-03-02 12:30,SOx,14.92
한국중부발전㈜신보령발전본부,1,2018-03-02 12:30,NOx,20.6
한국중부발전㈜신보령발전본부,1,2018-03-02 13:00,TSP,2.35
한국중부발전㈜신보령발전본부,1,2018-03-02 13:00,SOx,15.23
한국중부발전㈜신보령발전본부,1,2018-03-02 13:00,NOx,21.65
한국중부발전㈜신보령발전본부,1,2018-03-02 13:30,TSP,2.4
한국중부발전㈜신보령발전본부,1,2018-03-02 13:30,SOx,15.3
한국중부발전㈜신보령발전본부,1,2018-03-02 13:30,NOx,22.33
한국중부발전㈜신보령발전본부,1,2018-03-02 14:00,TSP,2.39
한국중부발전㈜신보령발전본부,1,2018-03-02 14:00,SOx,15.65
한국중부발전㈜신보령발전본부,1,2018-03-02 14:00,NOx,22.09
한국중부발전㈜신보령발전본부,1,2018-03-02 14:30,TSP,2.39
한국중부발전㈜신보령발전본부,1,2018-03-02 14:30,SOx,16.04
한국중부발전㈜신보령발전본부,1,2018-03-02 14:30,NOx,21.99
한국중부발전㈜신보령발전본부,1,2018-03-02 15:00,TSP,2.41
한국중부발전㈜신보령발전본부,1,2018-03-02 15:00,SOx,15.7
한국중부발전㈜신보령발전본부,1,2018-03-02 15:00,NOx,18.28
한국중부발전㈜신보령발전본부,1,2018-03-02 15:30,TSP,2.37
한국중부발전㈜신보령발전본부,1,2018-03-02 15:30,SOx,15.65
한국중부발전㈜신보령발전본부,1,2018-03-02 15:30,NOx,17.62
한국중부발전㈜신보령발전본부,1,2018-03-02 16:00,TSP,2.94
한국중부발전㈜신보령발전본부,1,2018-03-02 16:00,SOx,15.95
한국중부발전㈜신보령발전본부,1,2018-03-02 16:00,NOx,16.18
한국중부발전㈜신보령발전본부,1,2018-03-02 16:30,TSP,2.86
한국중부발전㈜신보령발전본부,1,2018-03-02 16:30,SOx,15.48
한국중부발전㈜신보령발전본부,1,2018-03-02 16:30,NOx,15.46
한국중부발전㈜신보령발전본부,1,2018-03-02 17:00,TSP,2.88
한국중부발전㈜신보령발전본부,1,2018-03-02 17:00,SOx,15.62
한국중부발전㈜신보령발전본부,1,2018-03-02 17:00,NOx,16.19
한국중부발전㈜신보령발전본부,1,2018-03-02 17:30,TSP,2.95
한국중부발전㈜신보령발전본부,1,2018-03-02 17:30,SOx,15.77
한국중부발전㈜신보령발전본부,1,2018-03-02 17:30,NOx,15.42
한국중부발전㈜신보령발전본부,1,2018-03-02 18:00,TSP,3.2
한국중부발전㈜신보령발전본부,1,2018-03-02 18:00,SOx,16.21
한국중부발전㈜신보령발전본부,1,2018-03-02 18:00,NOx,14.0
한국중부발전㈜신보령발전본부,1,2018-03-02 18:30,TSP,3.4
한국중부발전㈜신보령발전본부,1,2018-03-02 18:30,SOx,16.23
한국중부발전㈜신보령발전본부,1,2018-03-02 18:30,NOx,14.25
한국중부발전㈜신보령발전본부,1,2018-03-02 19:00,TSP,3.58
한국중부발전㈜신보령발전본부,1,2018-03-02 19:00,SOx,16.12
한국중부발전㈜신보령발전본부,1,2018-03-02 19:00,NOx,15.14
한국중부발전㈜신보령발전본부,1,2018-03-02 19:30,TSP,2.65
한국중부발전㈜신보령발전본부,1,2018-03-02 19:30,SOx,16.28
한국중부발전㈜신보령발전본부,1,2018-03-02 19:30,NOx,14.78
한국중부발전㈜신보령발전본부,1,2018-03-02 20:00,TSP,2.56
한국중부발전㈜신보령발전본부,1,2018-03-02 20:00,SOx,16.45
한국중부발전㈜신보령발전본부,1,2018-03-02 20:00,NOx,16.39
한국중부발전㈜신보령발전본부,1,2018-03-02 20:30,TSP,2.65
한국중부발전㈜신보령발전본부,1,2018-03-02 20:30,SOx,16.69
한국중부발전㈜신보령발전본부,1,2018-03-02 20:30,NOx,16.45
한국중부발전㈜신보령발전본부,1,2018-03-02 21:00,TSP,2.81
한국중부발전㈜신보령발전본부,1,2018-03-02 21:00,SOx,16.74
한국중부발전㈜신보령발전본부,1,2018-03-02 21:00,NOx,16.95
한국중부발전㈜신보령발전본부,1,2018-03-02 21:30,TSP,2.8
한국중부발전㈜신보령발전본부,1,2018-03-02 21:30,SOx,17.0
한국중부발전㈜신보령발전본부,1,2018-03-02 21:30,NOx,16.19
한국중부발전㈜신보령발전본부,1,2018-03-02 22:00,TSP,2.58
한국중부발전㈜신보령발전본부,1,2018-03-02 22:00,SOx,16.95
한국중부발전㈜신보령발전본부,1,2018-03-02 22:00,NOx,16.29
한국중부발전㈜신보령발전본부,1,2018-03-02 22:30,TSP,2.28
한국중부발전㈜신보령발전본부,1,2018-03-02 22:30,SOx,17.13
한국중부발전㈜신보령발전본부,1,2018-03-02 22:30,NOx,16.24
한국중부발전㈜신보령발전본부,1,2018-03-02 23:00,TSP,2.15
한국중부발전㈜신보령발전본부,1,2018-03-02 23:00,SOx,16.83
한국중부발전㈜신보령발전본부,1,2018-03-02 23:00,NOx,15.85
한국중부발전㈜신보령발전본부,1,2018-03-02 23:30,TSP,2.17
한국중부발전㈜신보령발전본부,1,2018-03-02 23:30,SOx,16.89
한국중부발전㈜신보령발전본부,1,2018-03-02 23:30,NOx,15.75
한국중부발전㈜신보령발전본부,1,2018-03-03 00:00,TSP,2.58
한국중부발전㈜신보령발전본부,1,2018-03-03 00:00,SOx,16.67
한국중부발전㈜신보령발전본부,1,2018-03-03 00:00,NOx,15.76
한국중부발전㈜신보령발전본부,1,2018-03-03 00:30,TSP,2.71
한국중부발전㈜신보령발전본부,1,2018-03-03 00:30,SOx,16.56
한국중부발전㈜신보령발전본부,1,2018-03-03 00:30,NOx,15.79
한국중부발전㈜신보령발전본부,1,2018-03-03 01:00,TSP,2.58
한국중부발전㈜신보령발전본부,1,2018-03-03 01:00,SOx,16.61
한국중부발전㈜신보령발전본부,1,2018-03-03 01:00,NOx,15.83
한국중부발전㈜신보령발전본부,1,2018-03-03 01:30,TSP,2.71
한국중부발전㈜신보령발전본부,1,2018-03-03 01:30,SOx,16.2
한국중부발전㈜신보령발전본부,1,2018-03-03 01:30,NOx,16.42
한국중부발전㈜신보령발전본부,1,2018-03-03 02:00,TSP,2.79
한국중부발전㈜신보령발전본부,1,2018-03-03 02:00,SOx,16.14
한국중부발전㈜신보령발전본부,1,2018-03-03 02:00,NOx,16.49
한국중부발전㈜신보령발전본부,1,2018-03-03 02:30,TSP,2.95
한국중부발전㈜신보령발전본부,1,2018-03-03 02:30,SOx,15.86
한국중부발전㈜신보령발전본부,1,2018-03-03 02:30,NOx,16.64
한국중부발전㈜신보령발전본부,1,2018-03-03 03:00,TSP,2.63
한국중부발전㈜신보령발전본부,1,2018-03-03 03:00,SOx,15.46
한국중부발전㈜신보령발전본부,1,2018-03-03 03:00,NOx,15.65
한국중부발전㈜신보령발전본부,1,2018-03-03 03:30,TSP,2.28
한국중부발전㈜신보령발전본부,1,2018-03-03 03:30,SOx,14.75
한국중부발전㈜신보령발전본부,1,2018-03-03 03:30,NOx,15.56
한국중부발전㈜신보령발전본부,1,2018-03-03 04:00,TSP,2.25
한국중부발전㈜신보령발전본부,1,2018-03-03 04:00,SOx,14.53
한국중부발전㈜신보령발전본부,1,2018-03-03 04:00,NOx,16.61
한국중부발전㈜신보령발전본부,1,2018-03-03 04:30,TSP,2.18
한국중부발전㈜신보령발전본부,1,2018-03-03 04:30,SOx,14.33
한국중부발전㈜신보령발전본부,1,2018-03-03 04:30,NOx,15.34
한국중부발전㈜신보령발전본부,1,2018-03-03 05:00,TSP,2.31
한국중부발전㈜신보령발전본부,1,2018-03-03 05:00,SOx,14.38
한국중부발전㈜신보령발전본부,1,2018-03-03 05:00,NOx,15.0
한국중부발전㈜신보령발전본부,1,2018-03-03 05:30,TSP,2.3
한국중부발전㈜신보령발전본부,1,2018-03-03 05:30,SOx,14.7
한국중부발전㈜신보령발전본부,1,2018-03-03 05:30,NOx,14.54
한국중부발전㈜신보령발전본부,1,2018-03-03 06:00,TSP,2.35
한국중부발전㈜신보령발전본부,1,2018-03-03 06:00,SOx,14.81
한국중부발전㈜신보령발전본부,1,2018-03-03 06:00,NOx,14.27
한국중부발전㈜신보령발전본부,1,2018-03-03 06:30,TSP,2.39
한국중부발전㈜신보령발전본부,1,2018-03-03 06:30,SOx,15.05
한국중부발전㈜신보령발전본부,1,2018-03-03 06:30,NOx,15.31
한국중부발전㈜신보령발전본부,1,2018-03-03 07:00,TSP,2.32
한국중부발전㈜신보령발전본부,1,2018-03-03 07:00,SOx,15.33
한국중부발전㈜신보령발전본부,1,2018-03-03 07:00,NOx,14.3
한국중부발전㈜신보령발전본부,1,2018-03-03 07:30,TSP,2.42
한국중부발전㈜신보령발전본부,1,2018-03-03 07:30,SOx,15.41
한국중부발전㈜신보령발전본부,1,2018-03-03 07:30,NOx,15.15
한국중부발전㈜신보령발전본부,1,2018-03-03 08:00,TSP,2.73
한국중부발전㈜신보령발전본부,1,2018-03-03 08:00,SOx,15.56
한국중부발전㈜신보령발전본부,1,2018-03-03 08:00,NOx,14.66
한국중부발전㈜신보령발전본부,1,2018-03-03 08:30,TSP,2.74
한국중부발전㈜신보령발전본부,1,2018-03-03 08:30,SOx,15.53
한국중부발전㈜신보령발전본부,1,2018-03-03 08:30,NOx,15.27
한국중부발전㈜신보령발전본부,1,2018-03-03 09:00,TSP,2.78
한국중부발전㈜신보령발전본부,1,2018-03-03 09:00,SOx,15.88
한국중부발전㈜신보령발전본부,1,2018-03-03 09:00,NOx,15.12
한국중부발전㈜신보령발전본부,1,2018-03-03 09:30,TSP,3.01
한국중부발전㈜신보령발전본부,1,2018-03-03 09:30,SOx,15.94
한국중부발전㈜신보령발전본부,1,2018-03-03 09:30,NOx,15.4
한국중부발전㈜신보령발전본부,1,2018-03-03 10:00,TSP,3.06
한국중부발전㈜신보령발전본부,1,2018-03-03 10:00,SOx,16.66
한국중부발전㈜신보령발전본부,1,2018-03-03 10:00,NOx,15.44
한국중부발전㈜신보령발전본부,1,2018-03-03 10:30,TSP,3.08
한국중부발전㈜신보령발전본부,1,2018-03-03 10:30,SOx,16.68
한국중부발전㈜신보령발전본부,1,2018-03-03 10:30,NOx,15.96
한국중부발전㈜신보령발전본부,1,2018-03-03 11:00,TSP,2.83
한국중부발전㈜신보령발전본부,1,2018-03-03 11:00,SOx,16.78
한국중부발전㈜신보령발전본부,1,2018-03-03 11:00,NOx,15.92
한국중부발전㈜신보령발전본부,1,2018-03-03 11:30,TSP,2.3
한국중부발전㈜신보령발전본부,1,2018-03-03 11:30,SOx,17.31
한국중부발전㈜신보령발전본부,1,2018-03-03 11:30,NOx,15.97
한국중부발전㈜신보령발전본부,1,2018-03-03 12:00,TSP,2.21
한국중부발전㈜신보령발전본부,1,2018-03-03 12:00,SOx,17.56
한국중부발전㈜신보령발전본부,1,2018-03-03 12:00,NOx,15.49
한국중부발전㈜신보령발전본부,1,2018-03-03 12:30,TSP,2.21
한국중부발전㈜신보령발전본부,1,2018-03-03 12:30,SOx,17.59
한국중부발전㈜신보령발전본부,1,2018-03-03 12:30,NOx,14.33
한국중부발전㈜신보령발전본부,1,2018-03-03 13:00,TSP,2.22
한국중부발전㈜신보령발전본부,1,2018-03-03 13:00,SOx,18.01
한국중부발전㈜신보령발전본부,1,2018-03-03 13:00,NOx,13.77
한국중부발전㈜신보령발전본부,1,2018-03-03 13:30,TSP,2.11
한국중부발전㈜신보령발전본부,1,2018-03-03 13:30,SOx,18.04
한국중부발전㈜신보령발전본부,1,2018-03-03 13:30,NOx,13.2
한국중부발전㈜신보령발전본부,1,2018-03-03 14:00,TSP,1.86
한국중부발전㈜신보령발전본부,1,2018-03-03 14:00,SOx,17.36
한국중부발전㈜신보령발전본부,1,2018-03-03 14:00,NOx,12.87
한국중부발전㈜신보령발전본부,1,2018-03-03 14:30,TSP,1.87
한국중부발전㈜신보령발전본부,1,2018-03-03 14:30,SOx,16.96
한국중부발전㈜신보령발전본부,1,2018-03-03 14:30,NOx,11.51
한국중부발전㈜신보령발전본부,1,2018-03-03 15:00,TSP,2.15
한국중부발전㈜신보령발전본부,1,2018-03-03 15:00,SOx,18.42
한국중부발전㈜신보령발전본부,1,2018-03-03 15:00,NOx,10.33
한국중부발전㈜신보령발전본부,1,2018-03-03 15:30,TSP,2.13
한국중부발전㈜신보령발전본부,1,2018-03-03 15:30,SOx,18.59
한국중부발전㈜신보령발전본부,1,2018-03-03 15:30,NOx,11.07
한국중부발전㈜신보령발전본부,1,2018-03-03 16:00,TSP,2.62
한국중부발전㈜신보령발전본부,1,2018-03-03 16:00,SOx,19.05
한국중부발전㈜신보령발전본부,1,2018-03-03 16:00,NOx,10.57
한국중부발전㈜신보령발전본부,1,2018-03-03 16:30,TSP,2.69
한국중부발전㈜신보령발전본부,1,2018-03-03 16:30,SOx,19.45
한국중부발전㈜신보령발전본부,1,2018-03-03 16:30,NOx,10.68
한국중부발전㈜신보령발전본부,1,2018-03-03 17:00,TSP,2.65
한국중부발전㈜신보령발전본부,1,2018-03-03 17:00,SOx,19.57
한국중부발전㈜신보령발전본부,1,2018-03-03 17:00,NOx,10.46
한국중부발전㈜신보령발전본부,1,2018-03-03 17:30,TSP,2.86
한국중부발전㈜신보령발전본부,1,2018-03-03 17:30,SOx,19.57
한국중부발전㈜신보령발전본부,1,2018-03-03 17:30,NOx,11.02
한국중부발전㈜신보령발전본부,1,2018-03-03 18:00,TSP,3.02
한국중부발전㈜신보령발전본부,1,2018-03-03 18:00,SOx,19.59
한국중부발전㈜신보령발전본부,1,2018-03-03 18:00,NOx,11.26
한국중부발전㈜신보령발전본부,1,2018-03-03 18:30,TSP,3.15
한국중부발전㈜신보령발전본부,1,2018-03-03 18:30,SOx,20.25
한국중부발전㈜신보령발전본부,1,2018-03-03 18:30,NOx,11.27
한국중부발전㈜신보령발전본부,1,2018-03-03 19:00,TSP,3.49
한국중부발전㈜신보령발전본부,1,2018-03-03 19:00,SOx,20.42
한국중부발전㈜신보령발전본부,1,2018-03-03 19:00,NOx,11.8
한국중부발전㈜신보령발전본부,1,2018-03-03 19:30,TSP,2.67
한국중부발전㈜신보령발전본부,1,2018-03-03 19:30,SOx,20.24
한국중부발전㈜신보령발전본부,1,2018-03-03 19:30,NOx,11.77
한국중부발전㈜신보령발전본부,1,2018-03-03 20:00,TSP,2.82
한국중부발전㈜신보령발전본부,1,2018-03-03 20:00,SOx,19.89
한국중부발전㈜신보령발전본부,1,2018-03-03 20:00,NOx,11.05
한국중부발전㈜신보령발전본부,1,2018-03-03 20:30,TSP,3.02
한국중부발전㈜신보령발전본부,1,2018-03-03 20:30,SOx,19.25
한국중부발전㈜신보령발전본부,1,2018-03-03 20:30,NOx,11.38
한국중부발전㈜신보령발전본부,1,2018-03-03 21:00,TSP,3.26
한국중부발전㈜신보령발전본부,1,2018-03-03 21:00,SOx,18.34
한국중부발전㈜신보령발전본부,1,2018-03-03 21:00,NOx,11.35
한국중부발전㈜신보령발전본부,1,2018-03-03 21:30,TSP,3.15
한국중부발전㈜신보령발전본부,1,2018-03-03 21:30,SOx,17.31
한국중부발전㈜신보령발전본부,1,2018-03-03 21:30,NOx,11.25
한국중부발전㈜신보령발전본부,1,2018-03-03 22:00,TSP,2.91
한국중부발전㈜신보령발전본부,1,2018-03-03 22:00,SOx,17.24
한국중부발전㈜신보령발전본부,1,2018-03-03 22:00,NOx,11.95
한국중부발전㈜신보령발전본부,1,2018-03-03 22:30,TSP,2.48
한국중부발전㈜신보령발전본부,1,2018-03-03 22:30,SOx,17.01
한국중부발전㈜신보령발전본부,1,2018-03-03 22:30,NOx,12.06
한국중부발전㈜신보령발전본부,1,2018-03-03 23:00,TSP,2.62
한국중부발전㈜신보령발전본부,1,2018-03-03 23:00,SOx,17.11
한국중부발전㈜신보령발전본부,1,2018-03-03 23:00,NOx,12.43
한국중부발전㈜신보령발전본부,1,2018-03-03 23:30,TSP,2.57
한국중부발전㈜신보령발전본부,1,2018-03-03 23:30,SOx,17.23
한국중부발전㈜신보령발전본부,1,2018-03-03 23:30,NOx,12.01
한국중부발전㈜신보령발전본부,1,2018-03-04 00:00,TSP,2.96
한국중부발전㈜신보령발전본부,1,2018-03-04 00:00,SOx,17.33
한국중부발전㈜신보령발전본부,1,2018-03-04 00:00,NOx,12.82
한국중부발전㈜신보령발전본부,1,2018-03-04 00:30,TSP,2.87
한국중부발전㈜신보령발전본부,1,2018-03-04 00:30,SOx,17.68
한국중부발전㈜신보령발전본부,1,2018-03-04 00:30,NOx,12.71
한국중부발전㈜신보령발전본부,1,2018-03-04 01:00,TSP,3.09
한국중부발전㈜신보령발전본부,1,2018-03-04 01:00,SOx,17.68
한국중부발전㈜신보령발전본부,1,2018-03-04 01:00,NOx,13.42
한국중부발전㈜신보령발전본부,1,2018-03-04 01:30,TSP,3.18
한국중부발전㈜신보령발전본부,1,2018-03-04 01:30,SOx,17.74
한국중부발전㈜신보령발전본부,1,2018-03-04 01:30,NOx,13.01
한국중부발전㈜신보령발전본부,1,2018-03-04 02:00,TSP,3.42
한국중부발전㈜신보령발전본부,1,2018-03-04 02:00,SOx,18.1
한국중부발전㈜신보령발전본부,1,2018-03-04 02:00,NOx,12.6
한국중부발전㈜신보령발전본부,1,2018-03-04 02:30,TSP,3.52
한국중부발전㈜신보령발전본부,1,2018-03-04 02:30,SOx,18.13
한국중부발전㈜신보령발전본부,1,2018-03-04 02:30,NOx,13.28
한국중부발전㈜신보령발전본부,1,2018-03-04 03:00,TSP,3.18
한국중부발전㈜신보령발전본부,1,2018-03-04 03:00,SOx,18.14
한국중부발전㈜신보령발전본부,1,2018-03-04 03:00,NOx,13.54
한국중부발전㈜신보령발전본부,1,2018-03-04 03:30,TSP,2.72
한국중부발전㈜신보령발전본부,1,2018-03-04 03:30,SOx,18.46
한국중부발전㈜신보령발전본부,1,2018-03-04 03:30,NOx,13.12
한국중부발전㈜신보령발전본부,1,2018-03-04 04:00,TSP,2.72
한국중부발전㈜신보령발전본부,1,2018-03-04 04:00,SOx,18.69
한국중부발전㈜신보령발전본부,1,2018-03-04 04:00,NOx,13.18
한국중부발전㈜신보령발전본부,1,2018-03-04 04:30,TSP,2.74
한국중부발전㈜신보령발전본부,1,2018-03-04 04:30,SOx,18.88
한국중부발전㈜신보령발전본부,1,2018-03-04 04:30,NOx,12.96
한국중부발전㈜신보령발전본부,1,2018-03-04 05:00,TSP,2.7
한국중부발전㈜신보령발전본부,1,2018-03-04 05:00,SOx,19.1
한국중부발전㈜신보령발전본부,1,2018-03-04 05:00,NOx,13.99
한국중부발전㈜신보령발전본부,1,2018-03-04 05:30,TSP,2.79
한국중부발전㈜신보령발전본부,1,2018-03-04 05:30,SOx,18.99
한국중부발전㈜신보령발전본부,1,2018-03-04 05:30,NOx,13.82
한국중부발전㈜신보령발전본부,1,2018-03-04 06:00,TSP,2.8
한국중부발전㈜신보령발전본부,1,2018-03-04 06:00,SOx,19.25
한국중부발전㈜신보령발전본부,1,2018-03-04 06:00,NOx,13.34
한국중부발전㈜신보령발전본부,1,2018-03-04 06:30,TSP,2.87
한국중부발전㈜신보령발전본부,1,2018-03-04 06:30,SOx,19.2
한국중부발전㈜신보령발전본부,1,2018-03-04 06:30,NOx,13.5
한국중부발전㈜신보령발전본부,1,2018-03-04 07:00,TSP,2.84
한국중부발전㈜신보령발전본부,1,2018-03-04 07:00,SOx,19.1
한국중부발전㈜신보령발전본부,1,2018-03-04 07:00,NOx,13.63
한국중부발전㈜신보령발전본부,1,2018-03-04 07:30,TSP,2.72
한국중부발전㈜신보령발전본부,1,2018-03-04 07:30,SOx,19.32
한국중부발전㈜신보령발전본부,1,2018-03-04 07:30,NOx,13.77
한국중부발전㈜신보령발전본부,1,2018-03-04 08:00,TSP,3.21
한국중부발전㈜신보령발전본부,1,2018-03-04 08:00,SOx,19.88
한국중부발전㈜신보령발전본부,1,2018-03-04 08:00,NOx,11.88
한국중부발전㈜신보령발전본부,1,2018-03-04 08:30,TSP,3.05
한국중부발전㈜신보령발전본부,1,2018-03-04 08:30,SOx,19.59
한국중부발전㈜신보령발전본부,1,2018-03-04 08:30,NOx,14.07
한국중부발전㈜신보령발전본부,1,2018-03-04 09:00,TSP,3.12
한국중부발전㈜신보령발전본부,1,2018-03-04 09:00,SOx,19.42
한국중부발전㈜신보령발전본부,1,2018-03-04 09:00,NOx,13.4
한국중부발전㈜신보령발전본부,1,2018-03-04 09:30,TSP,3.2
한국중부발전㈜신보령발전본부,1,2018-03-04 09:30,SOx,19.2
한국중부발전㈜신보령발전본부,1,2018-03-04 09:30,NOx,13.6
한국중부발전㈜신보령발전본부,1,2018-03-04 10:00,TSP,3.5
한국중부발전㈜신보령발전본부,1,2018-03-04 10:00,SOx,19.37
한국중부발전㈜신보령발전본부,1,2018-03-04 10:00,NOx,13.08
한국중부발전㈜신보령발전본부,1,2018-03-04 10:30,TSP,3.44
한국중부발전㈜신보령발전본부,1,2018-03-04 10:30,SOx,19.32
한국중부발전㈜신보령발전본부,1,2018-03-04 10:30,NOx,12.15
한국중부발전㈜신보령발전본부,1,2018-03-04 11:00,TSP,2.99
한국중부발전㈜신보령발전본부,1,2018-03-04 11:00,SOx,18.93
한국중부발전㈜신보령발전본부,1,2018-03-04 11:00,NOx,11.14
한국중부발전㈜신보령발전본부,1,2018-03-04 11:30,TSP,1.97
한국중부발전㈜신보령발전본부,1,2018-03-04 11:30,SOx,17.99
한국중부발전㈜신보령발전본부,1,2018-03-04 11:30,NOx,8.07
한국중부발전㈜신보령발전본부,1,2018-03-04 12:00,TSP,2.25
한국중부발전㈜신보령발전본부,1,2018-03-04 12:00,SOx,18.22
한국중부발전㈜신보령발전본부,1,2018-03-04 12:00,NOx,13.15
한국중부발전㈜신보령발전본부,1,2018-03-04 12:30,TSP,2.31
한국중부발전㈜신보령발전본부,1,2018-03-04 12:30,SOx,19.08
한국중부발전㈜신보령발전본부,1,2018-03-04 12:30,NOx,12.48
한국중부발전㈜신보령발전본부,1,2018-03-04 13:00,TSP,2.6
한국중부발전㈜신보령발전본부,1,2018-03-04 13:00,SOx,20.19
한국중부발전㈜신보령발전본부,1,2018-03-04 13:00,NOx,11.39
한국중부발전㈜신보령발전본부,1,2018-03-04 13:30,TSP,2.47
한국중부발전㈜신보령발전본부,1,2018-03-04 13:30,SOx,20.12
한국중부발전㈜신보령발전본부,1,2018-03-04 13:30,NOx,12.04
한국중부발전㈜신보령발전본부,1,2018-03-04 14:00,TSP,2.5
한국중부발전㈜신보령발전본부,1,2018-03-04 14:00,SOx,20.08
한국중부발전㈜신보령발전본부,1,2018-03-04 14:00,NOx,12.03
한국중부발전㈜신보령발전본부,1,2018-03-04 14:30,TSP,2.55
한국중부발전㈜신보령발전본부,1,2018-03-04 14:30,SOx,18.45
한국중부발전㈜신보령발전본부,1,2018-03-04 14:30,NOx,11.65
한국중부발전㈜신보령발전본부,1,2018-03-04 15:00,TSP,2.57
한국중부발전㈜신보령발전본부,1,2018-03-04 15:00,SOx,16.7
한국중부발전㈜신보령발전본부,1,2018-03-04 15:00,NOx,11.55
한국중부발전㈜신보령발전본부,1,2018-03-04 15:30,TSP,2.84
한국중부발전㈜신보령발전본부,1,2018-03-04 15:30,SOx,16.1
한국중부발전㈜신보령발전본부,1,2018-03-04 15:30,NOx,11.09
한국중부발전㈜신보령발전본부,1,2018-03-04 16:00,TSP,3.15
한국중부발전㈜신보령발전본부,1,2018-03-04 16:00,SOx,16.01
한국중부발전㈜신보령발전본부,1,2018-03-04 16:00,NOx,11.3
한국중부발전㈜신보령발전본부,1,2018-03-04 16:30,TSP,3.03
한국중부발전㈜신보령발전본부,1,2018-03-04 16:30,SOx,15.87
한국중부발전㈜신보령발전본부,1,2018-03-04 16:30,NOx,12.23
한국중부발전㈜신보령발전본부,1,2018-03-04 17:00,TSP,2.82
한국중부발전㈜신보령발전본부,1,2018-03-04 17:00,SOx,14.79
한국중부발전㈜신보령발전본부,1,2018-03-04 17:00,NOx,9.69
한국중부발전㈜신보령발전본부,1,2018-03-04 17:30,TSP,3.19
한국중부발전㈜신보령발전본부,1,2018-03-04 17:30,SOx,15.33
한국중부발전㈜신보령발전본부,1,2018-03-04 17:30,NOx,10.11
한국중부발전㈜신보령발전본부,1,2018-03-04 18:00,TSP,3.39
한국중부발전㈜신보령발전본부,1,2018-03-04 18:00,SOx,16.28
한국중부발전㈜신보령발전본부,1,2018-03-04 18:00,NOx,12.46
한국중부발전㈜신보령발전본부,1,2018-03-04 18:30,TSP,3.75
한국중부발전㈜신보령발전본부,1,2018-03-04 18:30,SOx,16.9
한국중부발전㈜신보령발전본부,1,2018-03-04 18:30,NOx,13.55
한국중부발전㈜신보령발전본부,1,2018-03-04 19:00,TSP,3.77
한국중부발전㈜신보령발전본부,1,2018-03-04 19:00,SOx,17.37
한국중부발전㈜신보령발전본부,1,2018-03-04 19:00,NOx,13.2
한국중부발전㈜신보령발전본부,1,2018-03-04 19:30,TSP,2.99
한국중부발전㈜신보령발전본부,1,2018-03-04 19:30,SOx,18.56
한국중부발전㈜신보령발전본부,1,2018-03-04 19:30,NOx,12.15
한국중부발전㈜신보령발전본부,1,2018-03-04 20:00,TSP,3.12
한국중부발전㈜신보령발전본부,1,2018-03-04 20:00,SOx,18.84
한국중부발전㈜신보령발전본부,1,2018-03-04 20:00,NOx,11.6
한국중부발전㈜신보령발전본부,1,2018-03-04 20:30,TSP,3.18
한국중부발전㈜신보령발전본부,1,2018-03-04 20:30,SOx,19.59
한국중부발전㈜신보령발전본부,1,2018-03-04 20:30,NOx,11.31
한국중부발전㈜신보령발전본부,1,2018-03-04 21:00,TSP,3.48
한국중부발전㈜신보령발전본부,1,2018-03-04 21:00,SOx,19.9
한국중부발전㈜신보령발전본부,1,2018-03-04 21:00,NOx,11.97
한국중부발전㈜신보령발전본부,1,2018-03-04 21:30,TSP,3.37
한국중부발전㈜신보령발전본부,1,2018-03-04 21:30,SOx,17.11
한국중부발전㈜신보령발전본부,1,2018-03-04 21:30,NOx,12.06
한국중부발전㈜신보령발전본부,1,2018-03-04 22:00,TSP,2.87
한국중부발전㈜신보령발전본부,1,2018-03-04 22:00,SOx,16.15
한국중부발전㈜신보령발전본부,1,2018-03-04 22:00,NOx,12.69
한국중부발전㈜신보령발전본부,1,2018-03-04 22:30,TSP,2.43
한국중부발전㈜신보령발전본부,1,2018-03-04 22:30,SOx,16.53
한국중부발전㈜신보령발전본부,1,2018-03-04 22:30,NOx,12.34
한국중부발전㈜신보령발전본부,1,2018-03-04 23:00,TSP,2.48
한국중부발전㈜신보령발전본부,1,2018-03-04 23:00,SOx,16.37
한국중부발전㈜신보령발전본부,1,2018-03-04 23:00,NOx,12.1
한국중부발전㈜신보령발전본부,1,2018-03-04 23:30,TSP,2.5
한국중부발전㈜신보령발전본부,1,2018-03-04 23:30,SOx,15.96
한국중부발전㈜신보령발전본부,1,2018-03-04 23:30,NOx,13.19
한국중부발전㈜신보령발전본부,1,2018-03-05 00:00,TSP,2.66
한국중부발전㈜신보령발전본부,1,2018-03-05 00:00,SOx,14.69
한국중부발전㈜신보령발전본부,1,2018-03-05 00:00,NOx,12.24
한국중부발전㈜신보령발전본부,1,2018-03-05 00:30,TSP,2.54
한국중부발전㈜신보령발전본부,1,2018-03-05 00:30,SOx,14.33
한국중부발전㈜신보령발전본부,1,2018-03-05 00:30,NOx,13.36
한국중부발전㈜신보령발전본부,1,2018-03-05 01:00,TSP,2.98
한국중부발전㈜신보령발전본부,1,2018-03-05 01:00,SOx,14.91
한국중부발전㈜신보령발전본부,1,2018-03-05 01:00,NOx,13.95
한국중부발전㈜신보령발전본부,1,2018-03-05 01:30,TSP,2.95
한국중부발전㈜신보령발전본부,1,2018-03-05 01:30,SOx,14.78
한국중부발전㈜신보령발전본부,1,2018-03-05 01:30,NOx,12.75
한국중부발전㈜신보령발전본부,1,2018-03-05 02:00,TSP,3.15
한국중부발전㈜신보령발전본부,1,2018-03-05 02:00,SOx,15.09
한국중부발전㈜신보령발전본부,1,2018-03-05 02:00,NOx,13.56
한국중부발전㈜신보령발전본부,1,2018-03-05 02:30,TSP,3.26
한국중부발전㈜신보령발전본부,1,2018-03-05 02:30,SOx,15.21
한국중부발전㈜신보령발전본부,1,2018-03-05 02:30,NOx,13.42
한국중부발전㈜신보령발전본부,1,2018-03-05 03:00,TSP,3.03
한국중부발전㈜신보령발전본부,1,2018-03-05 03:00,SOx,15.08
한국중부발전㈜신보령발전본부,1,2018-03-05 03:00,NOx,13.71
한국중부발전㈜신보령발전본부,1,2018-03-05 03:30,TSP,2.56
한국중부발전㈜신보령발전본부,1,2018-03-05 03:30,SOx,15.1
한국중부발전㈜신보령발전본부,1,2018-03-05 03:30,NOx,13.39
한국중부발전㈜신보령발전본부,1,2018-03-05 04:00,TSP,2.53
한국중부발전㈜신보령발전본부,1,2018-03-05 04:00,SOx,15.08
한국중부발전㈜신보령발전본부,1,2018-03-05 04:00,NOx,13.97
한국중부발전㈜신보령발전본부,1,2018-03-05 04:30,TSP,2.67
한국중부발전㈜신보령발전본부,1,2018-03-05 04:30,SOx,15.15
한국중부발전㈜신보령발전본부,1,2018-03-05 04:30,NOx,14.49
한국중부발전㈜신보령발전본부,1,2018-03-05 05:00,TSP,2.6
한국중부발전㈜신보령발전본부,1,2018-03-05 05:00,SOx,15.24
한국중부발전㈜신보령발전본부,1,2018-03-05 05:00,NOx,14.38
한국중부발전㈜신보령발전본부,1,2018-03-05 05:30,TSP,2.75
한국중부발전㈜신보령발전본부,1,2018-03-05 05:30,SOx,15.2
한국중부발전㈜신보령발전본부,1,2018-03-05 05:30,NOx,14.57
한국중부발전㈜신보령발전본부,1,2018-03-05 06:00,TSP,2.71
한국중부발전㈜신보령발전본부,1,2018-03-05 06:00,SOx,15.4
한국중부발전㈜신보령발전본부,1,2018-03-05 06:00,NOx,15.41
한국중부발전㈜신보령발전본부,1,2018-03-05 06:30,TSP,2.91
한국중부발전㈜신보령발전본부,1,2018-03-05 06:30,SOx,15.52
한국중부발전㈜신보령발전본부,1,2018-03-05 06:30,NOx,15.4
한국중부발전㈜신보령발전본부,1,2018-03-05 07:00,TSP,2.72
한국중부발전㈜신보령발전본부,1,2018-03-05 07:00,SOx,15.77
한국중부발전㈜신보령발전본부,1,2018-03-05 07:00,NOx,15.43
한국중부발전㈜신보령발전본부,1,2018-03-05 07:30,TSP,2.81
한국중부발전㈜신보령발전본부,1,2018-03-05 07:30,SOx,15.97
한국중부발전㈜신보령발전본부,1,2018-03-05 07:30,NOx,15.63
한국중부발전㈜신보령발전본부,1,2018-03-05 08:00,TSP,3.38
한국중부발전㈜신보령발전본부,1,2018-03-05 08:00,SOx,16.02
한국중부발전㈜신보령발전본부,1,2018-03-05 08:00,NOx,15.86
한국중부발전㈜신보령발전본부,1,2018-03-05 08:30,TSP,3.29
한국중부발전㈜신보령발전본부,1,2018-03-05 08:30,SOx,16.24
한국중부발전㈜신보령발전본부,1,2018-03-05 08:30,NOx,16.26
한국중부발전㈜신보령발전본부,1,2018-03-05 09:00,TSP,3.35
한국중부발전㈜신보령발전본부,1,2018-03-05 09:00,SOx,16.35
한국중부발전㈜신보령발전본부,1,2018-03-05 09:00,NOx,15.44
한국중부발전㈜신보령발전본부,1,2018-03-05 09:30,TSP,3.47
한국중부발전㈜신보령발전본부,1,2018-03-05 09:30,SOx,16.81
한국중부발전㈜신보령발전본부,1,2018-03-05 09:30,NOx,15.32
한국중부발전㈜신보령발전본부,1,2018-03-05 10:00,TSP,3.54
한국중부발전㈜신보령발전본부,1,2018-03-05 10:00,SOx,16.57
한국중부발전㈜신보령발전본부,1,2018-03-05 10:00,NOx,17.37
한국중부발전㈜신보령발전본부,1,2018-03-05 10:30,TSP,3.47
한국중부발전㈜신보령발전본부,1,2018-03-05 10:30,SOx,16.31
한국중부발전㈜신보령발전본부,1,2018-03-05 10:30,NOx,16.24
한국중부발전㈜신보령발전본부,1,2018-03-05 11:00,TSP,3.13
한국중부발전㈜신보령발전본부,1,2018-03-05 11:00,SOx,16.16
한국중부발전㈜신보령발전본부,1,2018-03-05 11:00,NOx,15.36
한국중부발전㈜신보령발전본부,1,2018-03-05 11:30,TSP,2.68
한국중부발전㈜신보령발전본부,1,2018-03-05 11:30,SOx,15.97
한국중부발전㈜신보령발전본부,1,2018-03-05 11:30,NOx,15.87
한국중부발전㈜신보령발전본부,1,2018-03-05 12:00,TSP,2.63
한국중부발전㈜신보령발전본부,1,2018-03-05 12:00,SOx,16.05
한국중부발전㈜신보령발전본부,1,2018-03-05 12:00,NOx,15.69
한국중부발전㈜신보령발전본부,1,2018-03-05 12:30,TSP,2.7
한국중부발전㈜신보령발전본부,1,2018-03-05 12:30,SOx,16.36
한국중부발전㈜신보령발전본부,1,2018-03-05 12:30,NOx,15.03
한국중부발전㈜신보령발전본부,1,2018-03-05 13:00,TSP,2.57
한국중부발전㈜신보령발전본부,1,2018-03-05 13:00,SOx,16.75
한국중부발전㈜신보령발전본부,1,2018-03-05 13:00,NOx,13.49
한국중부발전㈜신보령발전본부,1,2018-03-05 13:30,TSP,2.53
한국중부발전㈜신보령발전본부,1,2018-03-05 13:30,SOx,16.53
한국중부발전㈜신보령발전본부,1,2018-03-05 13:30,NOx,13.3
한국중부발전㈜신보령발전본부,1,2018-03-05 14:00,TSP,2.49
한국중부발전㈜신보령발전본부,1,2018-03-05 14:00,SOx,16.5
한국중부발전㈜신보령발전본부,1,2018-03-05 14:00,NOx,14.47
한국중부발전㈜신보령발전본부,1,2018-03-05 14:30,TSP,2.44
한국중부발전㈜신보령발전본부,1,2018-03-05 14:30,SOx,16.56
한국중부발전㈜신보령발전본부,1,2018-03-05 14:30,NOx,13.9
한국중부발전㈜신보령발전본부,1,2018-03-05 15:00,TSP,2.53
한국중부발전㈜신보령발전본부,1,2018-03-05 15:00,SOx,16.45
한국중부발전㈜신보령발전본부,1,2018-03-05 15:00,NOx,15.1
한국중부발전㈜신보령발전본부,1,2018-03-05 15:30,TSP,2.7
한국중부발전㈜신보령발전본부,1,2018-03-05 15:30,SOx,14.87
한국중부발전㈜신보령발전본부,1,2018-03-05 15:30,NOx,14.85
한국중부발전㈜신보령발전본부,1,2018-03-05 16:00,TSP,3.29
한국중부발전㈜신보령발전본부,1,2018-03-05 16:00,SOx,13.62
한국중부발전㈜신보령발전본부,1,2018-03-05 16:00,NOx,14.04
한국중부발전㈜신보령발전본부,1,2018-03-05 16:30,TSP,3.07
한국중부발전㈜신보령발전본부,1,2018-03-05 16:30,SOx,13.36
한국중부발전㈜신보령발전본부,1,2018-03-05 16:30,NOx,14.06
한국중부발전㈜신보령발전본부,1,2018-03-05 17:00,TSP,3.29
한국중부발전㈜신보령발전본부,1,2018-03-05 17:00,SOx,13.5
한국중부발전㈜신보령발전본부,1,2018-03-05 17:00,NOx,14.11
한국중부발전㈜신보령발전본부,1,2018-03-05 17:30,TSP,3.4
한국중부발전㈜신보령발전본부,1,2018-03-05 17:30,SOx,13.66
한국중부발전㈜신보령발전본부,1,2018-03-05 17:30,NOx,13.89
한국중부발전㈜신보령발전본부,1,2018-03-05 18:00,TSP,3.55
한국중부발전㈜신보령발전본부,1,2018-03-05 18:00,SOx,14.09
한국중부발전㈜신보령발전본부,1,2018-03-05 18:00,NOx,12.59
한국중부발전㈜신보령발전본부,1,2018-03-05 18:30,TSP,3.51
한국중부발전㈜신보령발전본부,1,2018-03-05 18:30,SOx,14.03
한국중부발전㈜신보령발전본부,1,2018-03-05 18:30,NOx,13.39
한국중부발전㈜신보령발전본부,1,2018-03-05 19:00,TSP,3.75
한국중부발전㈜신보령발전본부,1,2018-03-05 19:00,SOx,13.89
한국중부발전㈜신보령발전본부,1,2018-03-05 19:00,NOx,13.39
한국중부발전㈜신보령발전본부,1,2018-03-05 19:30,TSP,3.04
한국중부발전㈜신보령발전본부,1,2018-03-05 19:30,SOx,14.06
한국중부발전㈜신보령발전본부,1,2018-03-05 19:30,NOx,13.4
한국중부발전㈜신보령발전본부,1,2018-03-05 20:00,TSP,3.11
한국중부발전㈜신보령발전본부,1,2018-03-05 20:00,SOx,14.25
한국중부발전㈜신보령발전본부,1,2018-03-05 20:00,NOx,13.05
한국중부발전㈜신보령발전본부,1,2018-03-05 20:30,TSP,3.35
한국중부발전㈜신보령발전본부,1,2018-03-05 20:30,SOx,14.15
한국중부발전㈜신보령발전본부,1,2018-03-05 20:30,NOx,12.72
한국중부발전㈜신보령발전본부,1,2018-03-05 21:00,TSP,3.49
한국중부발전㈜신보령발전본부,1,2018-03-05 21:00,SOx,14.32
한국중부발전㈜신보령발전본부,1,2018-03-05 21:00,NOx,13.21
한국중부발전㈜신보령발전본부,1,2018-03-05 21:30,TSP,3.62
한국중부발전㈜신보령발전본부,1,2018-03-05 21:30,SOx,14.35
한국중부발전㈜신보령발전본부,1,2018-03-05 21:30,NOx,13.72
한국중부발전㈜신보령발전본부,1,2018-03-05 22:00,TSP,3.27
한국중부발전㈜신보령발전본부,1,2018-03-05 22:00,SOx,14.4
한국중부발전㈜신보령발전본부,1,2018-03-05 22:00,NOx,13.68
한국중부발전㈜신보령발전본부,1,2018-03-05 22:30,TSP,2.81
한국중부발전㈜신보령발전본부,1,2018-03-05 22:30,SOx,14.29
한국중부발전㈜신보령발전본부,1,2018-03-05 22:30,NOx,14.15
한국중부발전㈜신보령발전본부,1,2018-03-05 23:00,TSP,2.78
한국중부발전㈜신보령발전본부,1,2018-03-05 23:00,SOx,14.24
한국중부발전㈜신보령발전본부,1,2018-03-05 23:00,NOx,13.88
한국중부발전㈜신보령발전본부,1,2018-03-05 23:30,TSP,2.85
한국중부발전㈜신보령발전본부,1,2018-03-05 23:30,SOx,14.32
한국중부발전㈜신보령발전본부,1,2018-03-05 23:30,NOx,15.03
한국중부발전㈜신보령발전본부,1,2018-03-06 00:00,TSP,3.35
한국중부발전㈜신보령발전본부,1,2018-03-06 00:00,SOx,14.4
한국중부발전㈜신보령발전본부,1,2018-03-06 00:00,NOx,15.12
한국중부발전㈜신보령발전본부,1,2018-03-06 00:30,TSP,3.24
한국중부발전㈜신보령발전본부,1,2018-03-06 00:30,SOx,14.44
한국중부발전㈜신보령발전본부,1,2018-03-06 00:30,NOx,14.81
한국중부발전㈜신보령발전본부,1,2018-03-06 01:00,TSP,3.35
한국중부발전㈜신보령발전본부,1,2018-03-06 01:00,SOx,14.63
한국중부발전㈜신보령발전본부,1,2018-03-06 01:00,NOx,15.05
한국중부발전㈜신보령발전본부,1,2018-03-06 01:30,TSP,3.45
한국중부발전㈜신보령발전본부,1,2018-03-06 01:30,SOx,14.73
한국중부발전㈜신보령발전본부,1,2018-03-06 01:30,NOx,14.9
한국중부발전㈜신보령발전본부,1,2018-03-06 02:00,TSP,3.7
한국중부발전㈜신보령발전본부,1,2018-03-06 02:00,SOx,15.0
한국중부발전㈜신보령발전본부,1,2018-03-06 02:00,NOx,14.99
한국중부발전㈜신보령발전본부,1,2018-03-06 02:30,TSP,3.65
한국중부발전㈜신보령발전본부,1,2018-03-06 02:30,SOx,15.03
한국중부발전㈜신보령발전본부,1,2018-03-06 02:30,NOx,15.31
한국중부발전㈜신보령발전본부,1,2018-03-06 03:00,TSP,3.18
한국중부발전㈜신보령발전본부,1,2018-03-06 03:00,SOx,15.2
한국중부발전㈜신보령발전본부,1,2018-03-06 03:00,NOx,15.18
한국중부발전㈜신보령발전본부,1,2018-03-06 03:30,TSP,2.75
한국중부발전㈜신보령발전본부,1,2018-03-06 03:30,SOx,15.39
한국중부발전㈜신보령발전본부,1,2018-03-06 03:30,NOx,16.39
한국중부발전㈜신보령발전본부,1,2018-03-06 04:00,TSP,2.56
한국중부발전㈜신보령발전본부,1,2018-03-06 04:00,SOx,15.33
한국중부발전㈜신보령발전본부,1,2018-03-06 04:00,NOx,16.6
한국중부발전㈜신보령발전본부,1,2018-03-06 04:30,TSP,2.63
한국중부발전㈜신보령발전본부,1,2018-03-06 04:30,SOx,15.45
한국중부발전㈜신보령발전본부,1,2018-03-06 04:30,NOx,16.6
한국중부발전㈜신보령발전본부,1,2018-03-06 05:00,TSP,2.68
한국중부발전㈜신보령발전본부,1,2018-03-06 05:00,SOx,15.44
한국중부발전㈜신보령발전본부,1,2018-03-06 05:00,NOx,15.86
한국중부발전㈜신보령발전본부,1,2018-03-06 05:30,TSP,2.63
한국중부발전㈜신보령발전본부,1,2018-03-06 05:30,SOx,15.72
한국중부발전㈜신보령발전본부,1,2018-03-06 05:30,NOx,15.79
한국중부발전㈜신보령발전본부,1,2018-03-06 06:00,TSP,2.65
한국중부발전㈜신보령발전본부,1,2018-03-06 06:00,SOx,15.72
한국중부발전㈜신보령발전본부,1,2018-03-06 06:00,NOx,15.96
한국중부발전㈜신보령발전본부,1,2018-03-06 06:30,TSP,2.56
한국중부발전㈜신보령발전본부,1,2018-03-06 06:30,SOx,15.85
한국중부발전㈜신보령발전본부,1,2018-03-06 06:30,NOx,16.14
한국중부발전㈜신보령발전본부,1,2018-03-06 07:00,TSP,2.97
한국중부발전㈜신보령발전본부,1,2018-03-06 07:00,SOx,16.11
한국중부발전㈜신보령발전본부,1,2018-03-06 07:00,NOx,16.42
한국중부발전㈜신보령발전본부,1,2018-03-06 07:30,TSP,2.61
한국중부발전㈜신보령발전본부,1,2018-03-06 07:30,SOx,16.08
한국중부발전㈜신보령발전본부,1,2018-03-06 07:30,NOx,16.56
한국중부발전㈜신보령발전본부,1,2018-03-06 08:00,TSP,3.1
한국중부발전㈜신보령발전본부,1,2018-03-06 08:00,SOx,16.43
한국중부발전㈜신보령발전본부,1,2018-03-06 08:00,NOx,16.85
한국중부발전㈜신보령발전본부,1,2018-03-06 08:30,TSP,3.13
한국중부발전㈜신보령발전본부,1,2018-03-06 08:30,SOx,16.36
한국중부발전㈜신보령발전본부,1,2018-03-06 08:30,NOx,16.33
한국중부발전㈜신보령발전본부,1,2018-03-06 09:00,TSP,3.14
한국중부발전㈜신보령발전본부,1,2018-03-06 09:00,SOx,16.45
한국중부발전㈜신보령발전본부,1,2018-03-06 09:00,NOx,16.0
한국중부발전㈜신보령발전본부,1,2018-03-06 09:30,TSP,3.39
한국중부발전㈜신보령발전본부,1,2018-03-06 09:30,SOx,16.15
한국중부발전㈜신보령발전본부,1,2018-03-06 09:30,NOx,16.95
한국중부발전㈜신보령발전본부,1,2018-03-06 10:00,TSP,3.25
한국중부발전㈜신보령발전본부,1,2018-03-06 10:00,SOx,16.29
한국중부발전㈜신보령발전본부,1,2018-03-06 10:00,NOx,16.97
한국중부발전㈜신보령발전본부,1,2018-03-06 10:30,TSP,3.35
한국중부발전㈜신보령발전본부,1,2018-03-06 10:30,SOx,16.39
한국중부발전㈜신보령발전본부,1,2018-03-06 10:30,NOx,16.65
한국중부발전㈜신보령발전본부,1,2018-03-06 11:00,TSP,3.02
한국중부발전㈜신보령발전본부,1,2018-03-06 11:00,SOx,16.92
한국중부발전㈜신보령발전본부,1,2018-03-06 11:00,NOx,16.16
한국중부발전㈜신보령발전본부,1,2018-03-06 11:30,TSP,2.58
한국중부발전㈜신보령발전본부,1,2018-03-06 11:30,SOx,18.47
한국중부발전㈜신보령발전본부,1,2018-03-06 11:30,NOx,17.65
한국중부발전㈜신보령발전본부,1,2018-03-06 12:00,TSP,2.5
한국중부발전㈜신보령발전본부,1,2018-03-06 12:00,SOx,21.05
한국중부발전㈜신보령발전본부,1,2018-03-06 12:00,NOx,17.03
한국중부발전㈜신보령발전본부,1,2018-03-06 12:30,TSP,2.5
한국중부발전㈜신보령발전본부,1,2018-03-06 12:30,SOx,23.63
한국중부발전㈜신보령발전본부,1,2018-03-06 12:30,NOx,17.5
한국중부발전㈜신보령발전본부,1,2018-03-06 13:00,TSP,2.55
한국중부발전㈜신보령발전본부,1,2018-03-06 13:00,SOx,24.66
한국중부발전㈜신보령발전본부,1,2018-03-06 13:00,NOx,18.56
한국중부발전㈜신보령발전본부,1,2018-03-06 13:30,TSP,2.41
한국중부발전㈜신보령발전본부,1,2018-03-06 13:30,SOx,27.39
한국중부발전㈜신보령발전본부,1,2018-03-06 13:30,NOx,18.14
한국중부발전㈜신보령발전본부,1,2018-03-06 14:00,TSP,2.42
한국중부발전㈜신보령발전본부,1,2018-03-06 14:00,SOx,30.36
한국중부발전㈜신보령발전본부,1,2018-03-06 14:00,NOx,19.78
한국중부발전㈜신보령발전본부,1,2018-03-06 14:30,TSP,2.58
한국중부발전㈜신보령발전본부,1,2018-03-06 14:30,SOx,33.03
한국중부발전㈜신보령발전본부,1,2018-03-06 14:30,NOx,18.71
한국중부발전㈜신보령발전본부,1,2018-03-06 15:00,TSP,2.38
한국중부발전㈜신보령발전본부,1,2018-03-06 15:00,SOx,35.58
한국중부발전㈜신보령발전본부,1,2018-03-06 15:00,NOx,19.92
한국중부발전㈜신보령발전본부,1,2018-03-06 15:30,TSP,2.22
한국중부발전㈜신보령발전본부,1,2018-03-06 15:30,SOx,38.65
한국중부발전㈜신보령발전본부,1,2018-03-06 15:30,NOx,20.92
한국중부발전㈜신보령발전본부,1,2018-03-06 16:00,TSP,2.6
한국중부발전㈜신보령발전본부,1,2018-03-06 16:00,SOx,40.65
한국중부발전㈜신보령발전본부,1,2018-03-06 16:00,NOx,20.88
한국중부발전㈜신보령발전본부,1,2018-03-06 16:30,TSP,2.56
한국중부발전㈜신보령발전본부,1,2018-03-06 16:30,SOx,41.42
한국중부발전㈜신보령발전본부,1,2018-03-06 16:30,NOx,20.33
한국중부발전㈜신보령발전본부,1,2018-03-06 17:00,TSP,2.4
한국중부발전㈜신보령발전본부,1,2018-03-06 17:00,SOx,40.33
한국중부발전㈜신보령발전본부,1,2018-03-06 17:00,NOx,18.85
한국중부발전㈜신보령발전본부,1,2018-03-06 17:30,TSP,2.37
한국중부발전㈜신보령발전본부,1,2018-03-06 17:30,SOx,39.4
한국중부발전㈜신보령발전본부,1,2018-03-06 17:30,NOx,18.24
한국중부발전㈜신보령발전본부,1,2018-03-06 18:00,TSP,2.39
한국중부발전㈜신보령발전본부,1,2018-03-06 18:00,SOx,38.48
한국중부발전㈜신보령발전본부,1,2018-03-06 18:00,NOx,18.36
한국중부발전㈜신보령발전본부,1,2018-03-06 18:30,TSP,2.5
한국중부발전㈜신보령발전본부,1,2018-03-06 18:30,SOx,36.4
한국중부발전㈜신보령발전본부,1,2018-03-06 18:30,NOx,18.79
한국중부발전㈜신보령발전본부,1,2018-03-06 19:00,TSP,2.67
한국중부발전㈜신보령발전본부,1,2018-03-06 19:00,SOx,35.22
한국중부발전㈜신보령발전본부,1,2018-03-06 19:00,NOx,18.46
한국중부발전㈜신보령발전본부,1,2018-03-06 19:30,TSP,2.04
한국중부발전㈜신보령발전본부,1,2018-03-06 19:30,SOx,35.08
한국중부발전㈜신보령발전본부,1,2018-03-06 19:30,NOx,18.44
한국중부발전㈜신보령발전본부,1,2018-03-06 20:00,TSP,1.85
한국중부발전㈜신보령발전본부,1,2018-03-06 20:00,SOx,35.04
한국중부발전㈜신보령발전본부,1,2018-03-06 20:00,NOx,18.01
한국중부발전㈜신보령발전본부,1,2018-03-06 20:30,TSP,1.88
한국중부발전㈜신보령발전본부,1,2018-03-06 20:30,SOx,34.97
한국중부발전㈜신보령발전본부,1,2018-03-06 20:30,NOx,17.7
한국중부발전㈜신보령발전본부,1,2018-03-06 21:00,TSP,1.93
한국중부발전㈜신보령발전본부,1,2018-03-06 21:00,SOx,36.18
한국중부발전㈜신보령발전본부,1,2018-03-06 21:00,NOx,18.9
한국중부발전㈜신보령발전본부,1,2018-03-06 21:30,TSP,1.96
한국중부발전㈜신보령발전본부,1,2018-03-06 21:30,SOx,36.68
한국중부발전㈜신보령발전본부,1,2018-03-06 21:30,NOx,18.48
한국중부발전㈜신보령발전본부,1,2018-03-06 22:00,TSP,1.64
한국중부발전㈜신보령발전본부,1,2018-03-06 22:00,SOx,36.34
한국중부발전㈜신보령발전본부,1,2018-03-06 22:00,NOx,16.65
한국중부발전㈜신보령발전본부,1,2018-03-06 22:30,TSP,1.15
한국중부발전㈜신보령발전본부,1,2018-03-06 22:30,SOx,35.92
한국중부발전㈜신보령발전본부,1,2018-03-06 22:30,NOx,17.06
한국중부발전㈜신보령발전본부,1,2018-03-06 23:00,TSP,1.19
한국중부발전㈜신보령발전본부,1,2018-03-06 23:00,SOx,35.0
한국중부발전㈜신보령발전본부,1,2018-03-06 23:00,NOx,16.54
한국중부발전㈜신보령발전본부,1,2018-03-06 23:30,TSP,1.07
한국중부발전㈜신보령발전본부,1,2018-03-06 23:30,SOx,33.81
한국중부발전㈜신보령발전본부,1,2018-03-06 23:30,NOx,16.3
한국중부발전㈜신보령발전본부,1,2018-03-07 00:00,TSP,1.3
한국중부발전㈜신보령발전본부,1,2018-03-07 00:00,SOx,31.77
한국중부발전㈜신보령발전본부,1,2018-03-07 00:00,NOx,16.28
한국중부발전㈜신보령발전본부,1,2018-03-07 00:30,TSP,1.24
한국중부발전㈜신보령발전본부,1,2018-03-07 00:30,SOx,30.07
한국중부발전㈜신보령발전본부,1,2018-03-07 00:30,NOx,16.59
한국중부발전㈜신보령발전본부,1,2018-03-07 01:00,TSP,1.26
한국중부발전㈜신보령발전본부,1,2018-03-07 01:00,SOx,28.34
한국중부발전㈜신보령발전본부,1,2018-03-07 01:00,NOx,18.28
한국중부발전㈜신보령발전본부,1,2018-03-07 01:30,TSP,1.32
한국중부발전㈜신보령발전본부,1,2018-03-07 01:30,SOx,26.7
한국중부발전㈜신보령발전본부,1,2018-03-07 01:30,NOx,16.34
한국중부발전㈜신보령발전본부,1,2018-03-07 02:00,TSP,1.38
한국중부발전㈜신보령발전본부,1,2018-03-07 02:00,SOx,25.55
한국중부발전㈜신보령발전본부,1,2018-03-07 02:00,NOx,17.25
한국중부발전㈜신보령발전본부,1,2018-03-07 02:30,TSP,1.46
한국중부발전㈜신보령발전본부,1,2018-03-07 02:30,SOx,23.74
한국중부발전㈜신보령발전본부,1,2018-03-07 02:30,NOx,20.41
한국중부발전㈜신보령발전본부,1,2018-03-07 03:00,TSP,1.36
한국중부발전㈜신보령발전본부,1,2018-03-07 03:00,SOx,22.3
한국중부발전㈜신보령발전본부,1,2018-03-07 03:00,NOx,16.09
한국중부발전㈜신보령발전본부,1,2018-03-07 03:30,TSP,1.07
한국중부발전㈜신보령발전본부,1,2018-03-07 03:30,SOx,21.2
한국중부발전㈜신보령발전본부,1,2018-03-07 03:30,NOx,15.67
한국중부발전㈜신보령발전본부,1,2018-03-07 04:00,TSP,1.07
한국중부발전㈜신보령발전본부,1,2018-03-07 04:00,SOx,19.98
한국중부발전㈜신보령발전본부,1,2018-03-07 04:00,NOx,19.26
한국중부발전㈜신보령발전본부,1,2018-03-07 04:30,TSP,1.0
한국중부발전㈜신보령발전본부,1,2018-03-07 04:30,SOx,19.28
한국중부발전㈜신보령발전본부,1,2018-03-07 04:30,NOx,20.2
한국중부발전㈜신보령발전본부,1,2018-03-07 05:00,TSP,0.94
한국중부발전㈜신보령발전본부,1,2018-03-07 05:00,SOx,18.71
한국중부발전㈜신보령발전본부,1,2018-03-07 05:00,NOx,17.78
한국중부발전㈜신보령발전본부,1,2018-03-07 05:30,TSP,0.93
한국중부발전㈜신보령발전본부,1,2018-03-07 05:30,SOx,18.76
한국중부발전㈜신보령발전본부,1,2018-03-07 05:30,NOx,17.63
한국중부발전㈜신보령발전본부,1,2018-03-07 06:00,TSP,0.92
한국중부발전㈜신보령발전본부,1,2018-03-07 06:00,SOx,18.41
한국중부발전㈜신보령발전본부,1,2018-03-07 06:00,NOx,18.31
한국중부발전㈜신보령발전본부,1,2018-03-07 06:30,TSP,0.9
한국중부발전㈜신보령발전본부,1,2018-03-07 06:30,SOx,17.97
한국중부발전㈜신보령발전본부,1,2018-03-07 06:30,NOx,18.3
한국중부발전㈜신보령발전본부,1,2018-03-07 07:00,TSP,0.93
한국중부발전㈜신보령발전본부,1,2018-03-07 07:00,SOx,17.63
한국중부발전㈜신보령발전본부,1,2018-03-07 07:00,NOx,17.47
한국중부발전㈜신보령발전본부,1,2018-03-07 07:30,TSP,0.93
한국중부발전㈜신보령발전본부,1,2018-03-07 07:30,SOx,17.53
한국중부발전㈜신보령발전본부,1,2018-03-07 07:30,NOx,18.25
한국중부발전㈜신보령발전본부,1,2018-03-07 08:00,TSP,1.16
한국중부발전㈜신보령발전본부,1,2018-03-07 08:00,SOx,17.36
한국중부발전㈜신보령발전본부,1,2018-03-07 08:00,NOx,19.5
한국중부발전㈜신보령발전본부,1,2018-03-07 08:30,TSP,1.24
한국중부발전㈜신보령발전본부,1,2018-03-07 08:30,SOx,17.03
한국중부발전㈜신보령발전본부,1,2018-03-07 08:30,NOx,21.14
한국중부발전㈜신보령발전본부,1,2018-03-07 09:00,TSP,1.13
한국중부발전㈜신보령발전본부,1,2018-03-07 09:00,SOx,17.1
한국중부발전㈜신보령발전본부,1,2018-03-07 09:00,NOx,21.7
한국중부발전㈜신보령발전본부,1,2018-03-07 09:30,TSP,1.24
한국중부발전㈜신보령발전본부,1,2018-03-07 09:30,SOx,17.48
한국중부발전㈜신보령발전본부,1,2018-03-07 09:30,NOx,21.81
한국중부발전㈜신보령발전본부,1,2018-03-07 10:00,TSP,1.32
한국중부발전㈜신보령발전본부,1,2018-03-07 10:00,SOx,17.97
한국중부발전㈜신보령발전본부,1,2018-03-07 10:00,NOx,20.4
한국중부발전㈜신보령발전본부,1,2018-03-07 10:30,TSP,1.38
한국중부발전㈜신보령발전본부,1,2018-03-07 10:30,SOx,18.2
한국중부발전㈜신보령발전본부,1,2018-03-07 10:30,NOx,19.43
한국중부발전㈜신보령발전본부,1,2018-03-07 11:00,TSP,1.35
한국중부발전㈜신보령발전본부,1,2018-03-07 11:00,SOx,17.24
한국중부발전㈜신보령발전본부,1,2018-03-07 11:00,NOx,18.9
한국중부발전㈜신보령발전본부,1,2018-03-07 11:30,TSP,1.22
한국중부발전㈜신보령발전본부,1,2018-03-07 11:30,SOx,17.33
한국중부발전㈜신보령발전본부,1,2018-03-07 11:30,NOx,21.29
한국중부발전㈜신보령발전본부,1,2018-03-07 12:00,TSP,1.23
한국중부발전㈜신보령발전본부,1,2018-03-07 12:00,SOx,17.93
한국중부발전㈜신보령발전본부,1,2018-03-07 12:00,NOx,22.47
한국중부발전㈜신보령발전본부,1,2018-03-07 12:30,TSP,1.15
한국중부발전㈜신보령발전본부,1,2018-03-07 12:30,SOx,18.69
한국중부발전㈜신보령발전본부,1,2018-03-07 12:30,NOx,20.96
한국중부발전㈜신보령발전본부,1,2018-03-07 13:00,TSP,1.18
한국중부발전㈜신보령발전본부,1,2018-03-07 13:00,SOx,19.33
한국중부발전㈜신보령발전본부,1,2018-03-07 13:00,NOx,20.85
한국중부발전㈜신보령발전본부,1,2018-03-07 13:30,TSP,1.21
한국중부발전㈜신보령발전본부,1,2018-03-07 13:30,SOx,19.5
한국중부발전㈜신보령발전본부,1,2018-03-07 13:30,NOx,18.87
한국중부발전㈜신보령발전본부,1,2018-03-07 14:00,TSP,1.21
한국중부발전㈜신보령발전본부,1,2018-03-07 14:00,SOx,20.43
한국중부발전㈜신보령발전본부,1,2018-03-07 14:00,NOx,19.42
한국중부발전㈜신보령발전본부,1,2018-03-07 14:30,TSP,1.14
한국중부발전㈜신보령발전본부,1,2018-03-07 14:30,SOx,20.59
한국중부발전㈜신보령발전본부,1,2018-03-07 14:30,NOx,19.64
한국중부발전㈜신보령발전본부,1,2018-03-07 15:00,TSP,1.2
한국중부발전㈜신보령발전본부,1,2018-03-07 15:00,SOx,20.47
한국중부발전㈜신보령발전본부,1,2018-03-07 15:00,NOx,22.17
한국중부발전㈜신보령발전본부,1,2018-03-07 15:30,TSP,1.19
한국중부발전㈜신보령발전본부,1,2018-03-07 15:30,SOx,20.28
한국중부발전㈜신보령발전본부,1,2018-03-07 15:30,NOx,20.72
한국중부발전㈜신보령발전본부,1,2018-03-07 16:00,TSP,1.38
한국중부발전㈜신보령발전본부,1,2018-03-07 16:00,SOx,19.93
한국중부발전㈜신보령발전본부,1,2018-03-07 16:00,NOx,21.55
한국중부발전㈜신보령발전본부,1,2018-03-07 16:30,TSP,1.36
한국중부발전㈜신보령발전본부,1,2018-03-07 16:30,SOx,19.87
한국중부발전㈜신보령발전본부,1,2018-03-07 16:30,NOx,23.08
한국중부발전㈜신보령발전본부,1,2018-03-07 17:00,TSP,1.39
한국중부발전㈜신보령발전본부,1,2018-03-07 17:00,SOx,19.45
한국중부발전㈜신보령발전본부,1,2018-03-07 17:00,NOx,21.3
한국중부발전㈜신보령발전본부,1,2018-03-07 17:30,TSP,1.43
한국중부발전㈜신보령발전본부,1,2018-03-07 17:30,SOx,18.96
한국중부발전㈜신보령발전본부,1,2018-03-07 17:30,NOx,20.68
한국중부발전㈜신보령발전본부,1,2018-03-07 18:00,TSP,1.5
한국중부발전㈜신보령발전본부,1,2018-03-07 18:00,SOx,18.54
한국중부발전㈜신보령발전본부,1,2018-03-07 18:00,NOx,22.71
한국중부발전㈜신보령발전본부,1,2018-03-07 18:30,TSP,1.7
한국중부발전㈜신보령발전본부,1,2018-03-07 18:30,SOx,18.28
한국중부발전㈜신보령발전본부,1,2018-03-07 18:30,NOx,22.23
한국중부발전㈜신보령발전본부,1,2018-03-07 19:00,TSP,1.84
한국중부발전㈜신보령발전본부,1,2018-03-07 19:00,SOx,17.89
한국중부발전㈜신보령발전본부,1,2018-03-07 19:00,NOx,21.24
한국중부발전㈜신보령발전본부,1,2018-03-07 19:30,TSP,1.33
한국중부발전㈜신보령발전본부,1,2018-03-07 19:30,SOx,17.95
한국중부발전㈜신보령발전본부,1,2018-03-07 19:30,NOx,22.15
한국중부발전㈜신보령발전본부,1,2018-03-07 20:00,TSP,1.31
한국중부발전㈜신보령발전본부,1,2018-03-07 20:00,SOx,18.01
한국중부발전㈜신보령발전본부,1,2018-03-07 20:00,NOx,22.66
한국중부발전㈜신보령발전본부,1,2018-03-07 20:30,TSP,1.45
한국중부발전㈜신보령발전본부,1,2018-03-07 20:30,SOx,18.1
한국중부발전㈜신보령발전본부,1,2018-03-07 20:30,NOx,23.28
한국중부발전㈜신보령발전본부,1,2018-03-07 21:00,TSP,1.42
한국중부발전㈜신보령발전본부,1,2018-03-07 21:00,SOx,18.24
한국중부발전㈜신보령발전본부,1,2018-03-07 21:00,NOx,23.15
한국중부발전㈜신보령발전본부,1,2018-03-07 21:30,TSP,1.48
한국중부발전㈜신보령발전본부,1,2018-03-07 21:30,SOx,18.49
한국중부발전㈜신보령발전본부,1,2018-03-07 21:30,NOx,22.82
한국중부발전㈜신보령발전본부,1,2018-03-07 22:00,TSP,1.38
한국중부발전㈜신보령발전본부,1,2018-03-07 22:00,SOx,18.63
한국중부발전㈜신보령발전본부,1,2018-03-07 22:00,NOx,23.19
한국중부발전㈜신보령발전본부,1,2018-03-07 22:30,TSP,1.11
한국중부발전㈜신보령발전본부,1,2018-03-07 22:30,SOx,18.64
한국중부발전㈜신보령발전본부,1,2018-03-07 22:30,NOx,23.5
한국중부발전㈜신보령발전본부,1,2018-03-07 23:00,TSP,1.12
한국중부발전㈜신보령발전본부,1,2018-03-07 23:00,SOx,19.0
한국중부발전㈜신보령발전본부,1,2018-03-07 23:00,NOx,23.65
한국중부발전㈜신보령발전본부,1,2018-03-07 23:30,TSP,1.09
한국중부발전㈜신보령발전본부,1,2018-03-07 23:30,SOx,19.08
한국중부발전㈜신보령발전본부,1,2018-03-07 23:30,NOx,22.13
한국중부발전㈜신보령발전본부,1,2018-03-08 00:00,TSP,1.26
한국중부발전㈜신보령발전본부,1,2018-03-08 00:00,SOx,18.97
한국중부발전㈜신보령발전본부,1,2018-03-08 00:00,NOx,21.41
한국중부발전㈜신보령발전본부,1,2018-03-08 00:30,TSP,1.22
한국중부발전㈜신보령발전본부,1,2018-03-08 00:30,SOx,18.55
한국중부발전㈜신보령발전본부,1,2018-03-08 00:30,NOx,21.84
한국중부발전㈜신보령발전본부,1,2018-03-08 01:00,TSP,1.25
한국중부발전㈜신보령발전본부,1,2018-03-08 01:00,SOx,18.57
한국중부발전㈜신보령발전본부,1,2018-03-08 01:00,NOx,23.97
한국중부발전㈜신보령발전본부,1,2018-03-08 01:30,TSP,1.32
한국중부발전㈜신보령발전본부,1,2018-03-08 01:30,SOx,18.51
한국중부발전㈜신보령발전본부,1,2018-03-08 01:30,NOx,24.01
한국중부발전㈜신보령발전본부,1,2018-03-08 02:00,TSP,1.36
한국중부발전㈜신보령발전본부,1,2018-03-08 02:00,SOx,18.58
한국중부발전㈜신보령발전본부,1,2018-03-08 02:00,NOx,23.69
한국중부발전㈜신보령발전본부,1,2018-03-08 02:30,TSP,1.52
한국중부발전㈜신보령발전본부,1,2018-03-08 02:30,SOx,18.41
한국중부발전㈜신보령발전본부,1,2018-03-08 02:30,NOx,23.85
한국중부발전㈜신보령발전본부,1,2018-03-08 03:00,TSP,1.37
한국중부발전㈜신보령발전본부,1,2018-03-08 03:00,SOx,18.6
한국중부발전㈜신보령발전본부,1,2018-03-08 03:00,NOx,23.07
한국중부발전㈜신보령발전본부,1,2018-03-08 03:30,TSP,1.13
한국중부발전㈜신보령발전본부,1,2018-03-08 03:30,SOx,18.59
한국중부발전㈜신보령발전본부,1,2018-03-08 03:30,NOx,22.57
한국중부발전㈜신보령발전본부,1,2018-03-08 04:00,TSP,1.13
한국중부발전㈜신보령발전본부,1,2018-03-08 04:00,SOx,18.91
한국중부발전㈜신보령발전본부,1,2018-03-08 04:00,NOx,23.0
한국중부발전㈜신보령발전본부,1,2018-03-08 04:30,TSP,1.15
한국중부발전㈜신보령발전본부,1,2018-03-08 04:30,SOx,19.23
한국중부발전㈜신보령발전본부,1,2018-03-08 04:30,NOx,23.45
한국중부발전㈜신보령발전본부,1,2018-03-08 05:00,TSP,1.12
한국중부발전㈜신보령발전본부,1,2018-03-08 05:00,SOx,19.37
한국중부발전㈜신보령발전본부,1,2018-03-08 05:00,NOx,23.68
한국중부발전㈜신보령발전본부,1,2018-03-08 05:30,TSP,1.14
한국중부발전㈜신보령발전본부,1,2018-03-08 05:30,SOx,19.53
한국중부발전㈜신보령발전본부,1,2018-03-08 05:30,NOx,24.63
한국중부발전㈜신보령발전본부,1,2018-03-08 06:00,TSP,1.07
한국중부발전㈜신보령발전본부,1,2018-03-08 06:00,SOx,19.87
한국중부발전㈜신보령발전본부,1,2018-03-08 06:00,NOx,24.36
한국중부발전㈜신보령발전본부,1,2018-03-08 06:30,TSP,1.08
한국중부발전㈜신보령발전본부,1,2018-03-08 06:30,SOx,19.88
한국중부발전㈜신보령발전본부,1,2018-03-08 06:30,NOx,24.5
한국중부발전㈜신보령발전본부,1,2018-03-08 07:00,TSP,1.07
한국중부발전㈜신보령발전본부,1,2018-03-08 07:00,SOx,19.89
한국중부발전㈜신보령발전본부,1,2018-03-08 07:00,NOx,23.25
한국중부발전㈜신보령발전본부,1,2018-03-08 07:30,TSP,1.07
한국중부발전㈜신보령발전본부,1,2018-03-08 07:30,SOx,19.87
한국중부발전㈜신보령발전본부,1,2018-03-08 07:30,NOx,22.95
한국중부발전㈜신보령발전본부,1,2018-03-08 08:00,TSP,1.26
한국중부발전㈜신보령발전본부,1,2018-03-08 08:00,SOx,19.93
한국중부발전㈜신보령발전본부,1,2018-03-08 08:00,NOx,22.7
한국중부발전㈜신보령발전본부,1,2018-03-08 08:30,TSP,1.16
한국중부발전㈜신보령발전본부,1,2018-03-08 08:30,SOx,20.26
한국중부발전㈜신보령발전본부,1,2018-03-08 08:30,NOx,22.42
한국중부발전㈜신보령발전본부,1,2018-03-08 09:00,TSP,1.17
한국중부발전㈜신보령발전본부,1,2018-03-08 09:00,SOx,20.27
한국중부발전㈜신보령발전본부,1,2018-03-08 09:00,NOx,23.22
한국중부발전㈜신보령발전본부,1,2018-03-08 09:30,TSP,1.28
한국중부발전㈜신보령발전본부,1,2018-03-08 09:30,SOx,20.14
한국중부발전㈜신보령발전본부,1,2018-03-08 09:30,NOx,24.09
한국중부발전㈜신보령발전본부,1,2018-03-08 10:00,TSP,1.3
한국중부발전㈜신보령발전본부,1,2018-03-08 10:00,SOx,20.05
한국중부발전㈜신보령발전본부,1,2018-03-08 10:00,NOx,24.15
한국중부발전㈜신보령발전본부,1,2018-03-08 10:30,TSP,1.47
한국중부발전㈜신보령발전본부,1,2018-03-08 10:30,SOx,19.92
한국중부발전㈜신보령발전본부,1,2018-03-08 10:30,NOx,23.18
한국중부발전㈜신보령발전본부,1,2018-03-08 11:00,TSP,1.36
한국중부발전㈜신보령발전본부,1,2018-03-08 11:00,SOx,19.64
한국중부발전㈜신보령발전본부,1,2018-03-08 11:00,NOx,23.95
한국중부발전㈜신보령발전본부,1,2018-03-08 11:30,TSP,1.05
한국중부발전㈜신보령발전본부,1,2018-03-08 11:30,SOx,19.63
한국중부발전㈜신보령발전본부,1,2018-03-08 11:30,NOx,23.04
한국중부발전㈜신보령발전본부,1,2018-03-08 12:00,TSP,1.03
한국중부발전㈜신보령발전본부,1,2018-03-08 12:00,SOx,19.58
한국중부발전㈜신보령발전본부,1,2018-03-08 12:00,NOx,22.43
한국중부발전㈜신보령발전본부,1,2018-03-08 12:30,TSP,1.12
한국중부발전㈜신보령발전본부,1,2018-03-08 12:30,SOx,19.49
한국중부발전㈜신보령발전본부,1,2018-03-08 12:30,NOx,23.16
한국중부발전㈜신보령발전본부,1,2018-03-08 13:00,TSP,1.0
한국중부발전㈜신보령발전본부,1,2018-03-08 13:00,SOx,19.78
한국중부발전㈜신보령발전본부,1,2018-03-08 13:00,NOx,22.37
한국중부발전㈜신보령발전본부,1,2018-03-08 13:30,TSP,1.04
한국중부발전㈜신보령발전본부,1,2018-03-08 13:30,SOx,19.41
한국중부발전㈜신보령발전본부,1,2018-03-08 13:30,NOx,22.29
한국중부발전㈜신보령발전본부,1,2018-03-08 14:00,TSP,1.04
한국중부발전㈜신보령발전본부,1,2018-03-08 14:00,SOx,19.33
한국중부발전㈜신보령발전본부,1,2018-03-08 14:00,NOx,21.53
한국중부발전㈜신보령발전본부,1,2018-03-08 14:30,TSP,1.01
한국중부발전㈜신보령발전본부,1,2018-03-08 14:30,SOx,19.42
한국중부발전㈜신보령발전본부,1,2018-03-08 14:30,NOx,21.84
한국중부발전㈜신보령발전본부,1,2018-03-08 15:00,TSP,1.03
한국중부발전㈜신보령발전본부,1,2018-03-08 15:00,SOx,19.59
한국중부발전㈜신보령발전본부,1,2018-03-08 15:00,NOx,22.37
한국중부발전㈜신보령발전본부,1,2018-03-08 15:30,TSP,0.97
한국중부발전㈜신보령발전본부,1,2018-03-08 15:30,SOx,19.7
한국중부발전㈜신보령발전본부,1,2018-03-08 15:30,NOx,22.67
한국중부발전㈜신보령발전본부,1,2018-03-08 16:00,TSP,1.18
한국중부발전㈜신보령발전본부,1,2018-03-08 16:00,SOx,20.05
한국중부발전㈜신보령발전본부,1,2018-03-08 16:00,NOx,21.69
한국중부발전㈜신보령발전본부,1,2018-03-08 16:30,TSP,1.17
한국중부발전㈜신보령발전본부,1,2018-03-08 16:30,SOx,20.24
한국중부발전㈜신보령발전본부,1,2018-03-08 16:30,NOx,21.64
한국중부발전㈜신보령발전본부,1,2018-03-08 17:00,TSP,1.24
한국중부발전㈜신보령발전본부,1,2018-03-08 17:00,SOx,20.58
한국중부발전㈜신보령발전본부,1,2018-03-08 17:00,NOx,21.33
한국중부발전㈜신보령발전본부,1,2018-03-08 17:30,TSP,1.28
한국중부발전㈜신보령발전본부,1,2018-03-08 17:30,SOx,20.94
한국중부발전㈜신보령발전본부,1,2018-03-08 17:30,NOx,20.96
한국중부발전㈜신보령발전본부,1,2018-03-08 18:00,TSP,1.38
한국중부발전㈜신보령발전본부,1,2018-03-08 18:00,SOx,21.19
한국중부발전㈜신보령발전본부,1,2018-03-08 18:00,NOx,21.82
한국중부발전㈜신보령발전본부,1,2018-03-08 18:30,TSP,1.4
한국중부발전㈜신보령발전본부,1,2018-03-08 18:30,SOx,20.96
한국중부발전㈜신보령발전본부,1,2018-03-08 18:30,NOx,21.47
한국중부발전㈜신보령발전본부,1,2018-03-08 19:00,TSP,1.63
한국중부발전㈜신보령발전본부,1,2018-03-08 19:00,SOx,20.76
한국중부발전㈜신보령발전본부,1,2018-03-08 19:00,NOx,20.42
한국중부발전㈜신보령발전본부,1,2018-03-08 19:30,TSP,1.24
한국중부발전㈜신보령발전본부,1,2018-03-08 19:30,SOx,20.63
한국중부발전㈜신보령발전본부,1,2018-03-08 19:30,NOx,21.15
한국중부발전㈜신보령발전본부,1,2018-03-08 20:00,TSP,1.21
한국중부발전㈜신보령발전본부,1,2018-03-08 20:00,SOx,20.99
한국중부발전㈜신보령발전본부,1,2018-03-08 20:00,NOx,20.65
한국중부발전㈜신보령발전본부,1,2018-03-08 20:30,TSP,1.3
한국중부발전㈜신보령발전본부,1,2018-03-08 20:30,SOx,21.0
한국중부발전㈜신보령발전본부,1,2018-03-08 20:30,NOx,21.65
한국중부발전㈜신보령발전본부,1,2018-03-08 21:00,TSP,1.32
한국중부발전㈜신보령발전본부,1,2018-03-08 21:00,SOx,21.15
한국중부발전㈜신보령발전본부,1,2018-03-08 21:00,NOx,22.08
한국중부발전㈜신보령발전본부,1,2018-03-08 21:30,TSP,1.35
한국중부발전㈜신보령발전본부,1,2018-03-08 21:30,SOx,21.22
한국중부발전㈜신보령발전본부,1,2018-03-08 21:30,NOx,21.63
한국중부발전㈜신보령발전본부,1,2018-03-08 22:00,TSP,1.32
한국중부발전㈜신보령발전본부,1,2018-03-08 22:00,SOx,20.58
한국중부발전㈜신보령발전본부,1,2018-03-08 22:00,NOx,22.57
한국중부발전㈜신보령발전본부,1,2018-03-08 22:30,TSP,1.02
한국중부발전㈜신보령발전본부,1,2018-03-08 22:30,SOx,20.1
한국중부발전㈜신보령발전본부,1,2018-03-08 22:30,NOx,23.38
한국중부발전㈜신보령발전본부,1,2018-03-08 23:00,TSP,1.08
한국중부발전㈜신보령발전본부,1,2018-03-08 23:00,SOx,21.12
한국중부발전㈜신보령발전본부,1,2018-03-08 23:00,NOx,21.86
한국중부발전㈜신보령발전본부,1,2018-03-08 23:30,TSP,1.02
한국중부발전㈜신보령발전본부,1,2018-03-08 23:30,SOx,21.78
한국중부발전㈜신보령발전본부,1,2018-03-08 23:30,NOx,22.49
한국중부발전㈜신보령발전본부,1,2018-03-09 00:00,TSP,1.16
한국중부발전㈜신보령발전본부,1,2018-03-09 00:00,SOx,22.25
한국중부발전㈜신보령발전본부,1,2018-03-09 00:00,NOx,21.81
한국중부발전㈜신보령발전본부,1,2018-03-09 00:30,TSP,1.15
한국중부발전㈜신보령발전본부,1,2018-03-09 00:30,SOx,22.75
한국중부발전㈜신보령발전본부,1,2018-03-09 00:30,NOx,20.27
한국중부발전㈜신보령발전본부,1,2018-03-09 01:00,TSP,1.2
한국중부발전㈜신보령발전본부,1,2018-03-09 01:00,SOx,23.33
한국중부발전㈜신보령발전본부,1,2018-03-09 01:00,NOx,19.66
한국중부발전㈜신보령발전본부,1,2018-03-09 01:30,TSP,1.28
한국중부발전㈜신보령발전본부,1,2018-03-09 01:30,SOx,23.99
한국중부발전㈜신보령발전본부,1,2018-03-09 01:30,NOx,20.45
한국중부발전㈜신보령발전본부,1,2018-03-09 02:00,TSP,1.35
한국중부발전㈜신보령발전본부,1,2018-03-09 02:00,SOx,24.69
한국중부발전㈜신보령발전본부,1,2018-03-09 02:00,NOx,20.67
한국중부발전㈜신보령발전본부,1,2018-03-09 02:30,TSP,1.41
한국중부발전㈜신보령발전본부,1,2018-03-09 02:30,SOx,24.74
한국중부발전㈜신보령발전본부,1,2018-03-09 02:30,NOx,20.23
한국중부발전㈜신보령발전본부,1,2018-03-09 03:00,TSP,1.35
한국중부발전㈜신보령발전본부,1,2018-03-09 03:00,SOx,25.28
한국중부발전㈜신보령발전본부,1,2018-03-09 03:00,NOx,19.42
한국중부발전㈜신보령발전본부,1,2018-03-09 03:30,TSP,1.14
한국중부발전㈜신보령발전본부,1,2018-03-09 03:30,SOx,25.98
한국중부발전㈜신보령발전본부,1,2018-03-09 03:30,NOx,19.24
한국중부발전㈜신보령발전본부,1,2018-03-09 04:00,TSP,1.15
한국중부발전㈜신보령발전본부,1,2018-03-09 04:00,SOx,26.16
한국중부발전㈜신보령발전본부,1,2018-03-09 04:00,NOx,19.33
한국중부발전㈜신보령발전본부,1,2018-03-09 04:30,TSP,1.15
한국중부발전㈜신보령발전본부,1,2018-03-09 04:30,SOx,26.48
한국중부발전㈜신보령발전본부,1,2018-03-09 04:30,NOx,18.64
한국중부발전㈜신보령발전본부,1,2018-03-09 05:00,TSP,1.14
한국중부발전㈜신보령발전본부,1,2018-03-09 05:00,SOx,26.57
한국중부발전㈜신보령발전본부,1,2018-03-09 05:00,NOx,20.16
한국중부발전㈜신보령발전본부,1,2018-03-09 05:30,TSP,1.12
한국중부발전㈜신보령발전본부,1,2018-03-09 05:30,SOx,26.36
한국중부발전㈜신보령발전본부,1,2018-03-09 05:30,NOx,19.9
한국중부발전㈜신보령발전본부,1,2018-03-09 06:00,TSP,1.11
한국중부발전㈜신보령발전본부,1,2018-03-09 06:00,SOx,26.04
한국중부발전㈜신보령발전본부,1,2018-03-09 06:00,NOx,19.6
한국중부발전㈜신보령발전본부,1,2018-03-09 06:30,TSP,1.13
한국중부발전㈜신보령발전본부,1,2018-03-09 06:30,SOx,25.86
한국중부발전㈜신보령발전본부,1,2018-03-09 06:30,NOx,18.28
한국중부발전㈜신보령발전본부,1,2018-03-09 07:00,TSP,1.06
한국중부발전㈜신보령발전본부,1,2018-03-09 07:00,SOx,25.69
한국중부발전㈜신보령발전본부,1,2018-03-09 07:00,NOx,17.82
한국중부발전㈜신보령발전본부,1,2018-03-09 07:30,TSP,1.07
한국중부발전㈜신보령발전본부,1,2018-03-09 07:30,SOx,25.58
한국중부발전㈜신보령발전본부,1,2018-03-09 07:30,NOx,19.26
한국중부발전㈜신보령발전본부,1,2018-03-09 08:00,TSP,1.19
한국중부발전㈜신보령발전본부,1,2018-03-09 08:00,SOx,25.36
한국중부발전㈜신보령발전본부,1,2018-03-09 08:00,NOx,18.73
한국중부발전㈜신보령발전본부,1,2018-03-09 08:30,TSP,1.14
한국중부발전㈜신보령발전본부,1,2018-03-09 08:30,SOx,25.24
한국중부발전㈜신보령발전본부,1,2018-03-09 08:30,NOx,18.34
한국중부발전㈜신보령발전본부,1,2018-03-09 09:00,TSP,1.22
한국중부발전㈜신보령발전본부,1,2018-03-09 09:00,SOx,24.99
한국중부발전㈜신보령발전본부,1,2018-03-09 09:00,NOx,18.78
한국중부발전㈜신보령발전본부,1,2018-03-09 09:30,TSP,1.27
한국중부발전㈜신보령발전본부,1,2018-03-09 09:30,SOx,25.18
한국중부발전㈜신보령발전본부,1,2018-03-09 09:30,NOx,19.6
한국중부발전㈜신보령발전본부,1,2018-03-09 10:00,TSP,1.35
한국중부발전㈜신보령발전본부,1,2018-03-09 10:00,SOx,25.22
한국중부발전㈜신보령발전본부,1,2018-03-09 10:00,NOx,20.39
한국중부발전㈜신보령발전본부,1,2018-03-09 10:30,TSP,1.38
한국중부발전㈜신보령발전본부,1,2018-03-09 10:30,SOx,25.06
한국중부발전㈜신보령발전본부,1,2018-03-09 10:30,NOx,20.21
한국중부발전㈜신보령발전본부,1,2018-03-09 11:00,TSP,1.34
한국중부발전㈜신보령발전본부,1,2018-03-09 11:00,SOx,24.96
한국중부발전㈜신보령발전본부,1,2018-03-09 11:00,NOx,19.79
한국중부발전㈜신보령발전본부,1,2018-03-09 11:30,TSP,1.08
한국중부발전㈜신보령발전본부,1,2018-03-09 11:30,SOx,25.07
한국중부발전㈜신보령발전본부,1,2018-03-09 11:30,NOx,17.85
한국중부발전㈜신보령발전본부,1,2018-03-09 12:00,TSP,1.1
한국중부발전㈜신보령발전본부,1,2018-03-09 12:00,SOx,24.99
한국중부발전㈜신보령발전본부,1,2018-03-09 12:00,NOx,18.43
한국중부발전㈜신보령발전본부,1,2018-03-09 12:30,TSP,1.07
한국중부발전㈜신보령발전본부,1,2018-03-09 12:30,SOx,25.36
한국중부발전㈜신보령발전본부,1,2018-03-09 12:30,NOx,18.1
한국중부발전㈜신보령발전본부,1,2018-03-09 13:00,TSP,1.01
한국중부발전㈜신보령발전본부,1,2018-03-09 13:00,SOx,25.32
한국중부발전㈜신보령발전본부,1,2018-03-09 13:00,NOx,18.55
한국중부발전㈜신보령발전본부,1,2018-03-09 13:30,TSP,1.0
한국중부발전㈜신보령발전본부,1,2018-03-09 13:30,SOx,25.31
한국중부발전㈜신보령발전본부,1,2018-03-09 13:30,NOx,17.68
한국중부발전㈜신보령발전본부,1,2018-03-09 14:00,TSP,0.99
한국중부발전㈜신보령발전본부,1,2018-03-09 14:00,SOx,25.47
한국중부발전㈜신보령발전본부,1,2018-03-09 14:00,NOx,17.09
한국중부발전㈜신보령발전본부,1,2018-03-09 14:30,TSP,0.95
한국중부발전㈜신보령발전본부,1,2018-03-09 14:30,SOx,25.51
한국중부발전㈜신보령발전본부,1,2018-03-09 14:30,NOx,17.99
한국중부발전㈜신보령발전본부,1,2018-03-09 15:00,TSP,0.98
한국중부발전㈜신보령발전본부,1,2018-03-09 15:00,SOx,25.65
한국중부발전㈜신보령발전본부,1,2018-03-09 15:00,NOx,18.8
한국중부발전㈜신보령발전본부,1,2018-03-09 15:30,TSP,1.0
한국중부발전㈜신보령발전본부,1,2018-03-09 15:30,SOx,26.14
한국중부발전㈜신보령발전본부,1,2018-03-09 15:30,NOx,21.02
한국중부발전㈜신보령발전본부,1,2018-03-09 16:00,TSP,1.11
한국중부발전㈜신보령발전본부,1,2018-03-09 16:00,SOx,26.62
한국중부발전㈜신보령발전본부,1,2018-03-09 16:00,NOx,17.31
한국중부발전㈜신보령발전본부,1,2018-03-09 16:30,TSP,1.1
한국중부발전㈜신보령발전본부,1,2018-03-09 16:30,SOx,27.07
한국중부발전㈜신보령발전본부,1,2018-03-09 16:30,NOx,16.31
한국중부발전㈜신보령발전본부,1,2018-03-09 17:00,TSP,1.16
한국중부발전㈜신보령발전본부,1,2018-03-09 17:00,SOx,27.37
한국중부발전㈜신보령발전본부,1,2018-03-09 17:00,NOx,17.11
한국중부발전㈜신보령발전본부,1,2018-03-09 17:30,TSP,1.3
한국중부발전㈜신보령발전본부,1,2018-03-09 17:30,SOx,27.98
한국중부발전㈜신보령발전본부,1,2018-03-09 17:30,NOx,15.53
한국중부발전㈜신보령발전본부,1,2018-03-09 18:00,TSP,1.24
한국중부발전㈜신보령발전본부,1,2018-03-09 18:00,SOx,28.51
한국중부발전㈜신보령발전본부,1,2018-03-09 18:00,NOx,17.29
한국중부발전㈜신보령발전본부,1,2018-03-09 18:30,TSP,1.33
한국중부발전㈜신보령발전본부,1,2018-03-09 18:30,SOx,28.55
한국중부발전㈜신보령발전본부,1,2018-03-09 18:30,NOx,18.17
한국중부발전㈜신보령발전본부,1,2018-03-09 19:00,TSP,1.56
한국중부발전㈜신보령발전본부,1,2018-03-09 19:00,SOx,28.28
한국중부발전㈜신보령발전본부,1,2018-03-09 19:00,NOx,18.07
한국중부발전㈜신보령발전본부,1,2018-03-09 19:30,TSP,1.09
한국중부발전㈜신보령발전본부,1,2018-03-09 19:30,SOx,27.94
한국중부발전㈜신보령발전본부,1,2018-03-09 19:30,NOx,17.55
한국중부발전㈜신보령발전본부,1,2018-03-09 20:00,TSP,1.27
한국중부발전㈜신보령발전본부,1,2018-03-09 20:00,SOx,27.86
한국중부발전㈜신보령발전본부,1,2018-03-09 20:00,NOx,16.95
한국중부발전㈜신보령발전본부,1,2018-03-09 20:30,TSP,1.29
한국중부발전㈜신보령발전본부,1,2018-03-09 20:30,SOx,27.32
한국중부발전㈜신보령발전본부,1,2018-03-09 20:30,NOx,17.4
한국중부발전㈜신보령발전본부,1,2018-03-09 21:00,TSP,1.22
한국중부발전㈜신보령발전본부,1,2018-03-09 21:00,SOx,26.93
한국중부발전㈜신보령발전본부,1,2018-03-09 21:00,NOx,17.08
한국중부발전㈜신보령발전본부,1,2018-03-09 21:30,TSP,1.27
한국중부발전㈜신보령발전본부,1,2018-03-09 21:30,SOx,26.65
한국중부발전㈜신보령발전본부,1,2018-03-09 21:30,NOx,17.41
한국중부발전㈜신보령발전본부,1,2018-03-09 22:00,TSP,1.16
한국중부발전㈜신보령발전본부,1,2018-03-09 22:00,SOx,26.42
한국중부발전㈜신보령발전본부,1,2018-03-09 22:00,NOx,16.58
한국중부발전㈜신보령발전본부,1,2018-03-09 22:30,TSP,0.93
한국중부발전㈜신보령발전본부,1,2018-03-09 22:30,SOx,26.21
한국중부발전㈜신보령발전본부,1,2018-03-09 22:30,NOx,17.81
한국중부발전㈜신보령발전본부,1,2018-03-09 23:00,TSP,0.87
한국중부발전㈜신보령발전본부,1,2018-03-09 23:00,SOx,26.19
한국중부발전㈜신보령발전본부,1,2018-03-09 23:00,NOx,18.91
한국중부발전㈜신보령발전본부,1,2018-03-09 23:30,TSP,0.89
한국중부발전㈜신보령발전본부,1,2018-03-09 23:30,SOx,26.26
한국중부발전㈜신보령발전본부,1,2018-03-09 23:30,NOx,15.97
한국중부발전㈜신보령발전본부,1,2018-03-10 00:00,TSP,1.1
한국중부발전㈜신보령발전본부,1,2018-03-10 00:00,SOx,26.45
한국중부발전㈜신보령발전본부,1,2018-03-10 00:00,NOx,16.14
한국중부발전㈜신보령발전본부,1,2018-03-10 00:30,TSP,1.01
한국중부발전㈜신보령발전본부,1,2018-03-10 00:30,SOx,26.63
한국중부발전㈜신보령발전본부,1,2018-03-10 00:30,NOx,16.36
한국중부발전㈜신보령발전본부,1,2018-03-10 01:00,TSP,1.02
한국중부발전㈜신보령발전본부,1,2018-03-10 01:00,SOx,26.45
한국중부발전㈜신보령발전본부,1,2018-03-10 01:00,NOx,15.91
한국중부발전㈜신보령발전본부,1,2018-03-10 01:30,TSP,1.09
한국중부발전㈜신보령발전본부,1,2018-03-10 01:30,SOx,26.34
한국중부발전㈜신보령발전본부,1,2018-03-10 01:30,NOx,15.43
한국중부발전㈜신보령발전본부,1,2018-03-10 02:00,TSP,1.17
한국중부발전㈜신보령발전본부,1,2018-03-10 02:00,SOx,26.81
한국중부발전㈜신보령발전본부,1,2018-03-10 02:00,NOx,14.88
한국중부발전㈜신보령발전본부,1,2018-03-10 02:30,TSP,1.26
한국중부발전㈜신보령발전본부,1,2018-03-10 02:30,SOx,26.75
한국중부발전㈜신보령발전본부,1,2018-03-10 02:30,NOx,15.2
한국중부발전㈜신보령발전본부,1,2018-03-10 03:00,TSP,1.14
한국중부발전㈜신보령발전본부,1,2018-03-10 03:00,SOx,27.04
한국중부발전㈜신보령발전본부,1,2018-03-10 03:00,NOx,15.02
한국중부발전㈜신보령발전본부,1,2018-03-10 03:30,TSP,0.92
한국중부발전㈜신보령발전본부,1,2018-03-10 03:30,SOx,27.02
한국중부발전㈜신보령발전본부,1,2018-03-10 03:30,NOx,14.8
한국중부발전㈜신보령발전본부,1,2018-03-10 04:00,TSP,0.93
한국중부발전㈜신보령발전본부,1,2018-03-10 04:00,SOx,27.12
한국중부발전㈜신보령발전본부,1,2018-03-10 04:00,NOx,15.71
한국중부발전㈜신보령발전본부,1,2018-03-10 04:30,TSP,0.89
한국중부발전㈜신보령발전본부,1,2018-03-10 04:30,SOx,26.85
한국중부발전㈜신보령발전본부,1,2018-03-10 04:30,NOx,18.07
한국중부발전㈜신보령발전본부,1,2018-03-10 05:00,TSP,0.86
한국중부발전㈜신보령발전본부,1,2018-03-10 05:00,SOx,26.52
한국중부발전㈜신보령발전본부,1,2018-03-10 05:00,NOx,18.04
한국중부발전㈜신보령발전본부,1,2018-03-10 05:30,TSP,0.87
한국중부발전㈜신보령발전본부,1,2018-03-10 05:30,SOx,26.21
한국중부발전㈜신보령발전본부,1,2018-03-10 05:30,NOx,19.25
한국중부발전㈜신보령발전본부,1,2018-03-10 06:00,TSP,0.84
한국중부발전㈜신보령발전본부,1,2018-03-10 06:00,SOx,25.86
한국중부발전㈜신보령발전본부,1,2018-03-10 06:00,NOx,19.24
한국중부발전㈜신보령발전본부,1,2018-03-10 06:30,TSP,0.84
한국중부발전㈜신보령발전본부,1,2018-03-10 06:30,SOx,25.7
한국중부발전㈜신보령발전본부,1,2018-03-10 06:30,NOx,19.15
한국중부발전㈜신보령발전본부,1,2018-03-10 07:00,TSP,0.92
한국중부발전㈜신보령발전본부,1,2018-03-10 07:00,SOx,24.86
한국중부발전㈜신보령발전본부,1,2018-03-10 07:00,NOx,19.27
한국중부발전㈜신보령발전본부,1,2018-03-10 07:30,TSP,0.84
한국중부발전㈜신보령발전본부,1,2018-03-10 07:30,SOx,24.48
한국중부발전㈜신보령발전본부,1,2018-03-10 07:30,NOx,20.18
한국중부발전㈜신보령발전본부,1,2018-03-10 08:00,TSP,0.96
한국중부발전㈜신보령발전본부,1,2018-03-10 08:00,SOx,24.13
한국중부발전㈜신보령발전본부,1,2018-03-10 08:00,NOx,20.14
한국중부발전㈜신보령발전본부,1,2018-03-10 08:30,TSP,1.03
한국중부발전㈜신보령발전본부,1,2018-03-10 08:30,SOx,24.04
한국중부발전㈜신보령발전본부,1,2018-03-10 08:30,NOx,19.23
한국중부발전㈜신보령발전본부,1,2018-03-10 09:00,TSP,1.01
한국중부발전㈜신보령발전본부,1,2018-03-10 09:00,SOx,23.94
한국중부발전㈜신보령발전본부,1,2018-03-10 09:00,NOx,19.57
한국중부발전㈜신보령발전본부,1,2018-03-10 09:30,TSP,1.05
한국중부발전㈜신보령발전본부,1,2018-03-10 09:30,SOx,23.82
한국중부발전㈜신보령발전본부,1,2018-03-10 09:30,NOx,19.61
한국중부발전㈜신보령발전본부,1,2018-03-10 10:00,TSP,1.12
한국중부발전㈜신보령발전본부,1,2018-03-10 10:00,SOx,24.08
한국중부발전㈜신보령발전본부,1,2018-03-10 10:00,NOx,18.96
한국중부발전㈜신보령발전본부,1,2018-03-10 10:30,TSP,1.25
한국중부발전㈜신보령발전본부,1,2018-03-10 10:30,SOx,24.0
한국중부발전㈜신보령발전본부,1,2018-03-10 10:30,NOx,18.4
한국중부발전㈜신보령발전본부,1,2018-03-10 11:00,TSP,1.27
한국중부발전㈜신보령발전본부,1,2018-03-10 11:00,SOx,23.8
한국중부발전㈜신보령발전본부,1,2018-03-10 11:00,NOx,17.47
한국중부발전㈜신보령발전본부,1,2018-03-10 11:30,TSP,1.06
한국중부발전㈜신보령발전본부,1,2018-03-10 11:30,SOx,24.09
한국중부발전㈜신보령발전본부,1,2018-03-10 11:30,NOx,18.14
한국중부발전㈜신보령발전본부,1,2018-03-10 12:00,TSP,1.0
한국중부발전㈜신보령발전본부,1,2018-03-10 12:00,SOx,24.63
한국중부발전㈜신보령발전본부,1,2018-03-10 12:00,NOx,18.33
한국중부발전㈜신보령발전본부,1,2018-03-10 12:30,TSP,0.96
한국중부발전㈜신보령발전본부,1,2018-03-10 12:30,SOx,25.11
한국중부발전㈜신보령발전본부,1,2018-03-10 12:30,NOx,17.52
한국중부발전㈜신보령발전본부,1,2018-03-10 13:00,TSP,0.95
한국중부발전㈜신보령발전본부,1,2018-03-10 13:00,SOx,25.5
한국중부발전㈜신보령발전본부,1,2018-03-10 13:00,NOx,18.03
한국중부발전㈜신보령발전본부,1,2018-03-10 13:30,TSP,0.92
한국중부발전㈜신보령발전본부,1,2018-03-10 13:30,SOx,24.53
한국중부발전㈜신보령발전본부,1,2018-03-10 13:30,NOx,17.92
한국중부발전㈜신보령발전본부,1,2018-03-10 14:00,TSP,0.94
한국중부발전㈜신보령발전본부,1,2018-03-10 14:00,SOx,23.86
한국중부발전㈜신보령발전본부,1,2018-03-10 14:00,NOx,17.78
한국중부발전㈜신보령발전본부,1,2018-03-10 14:30,TSP,0.88
한국중부발전㈜신보령발전본부,1,2018-03-10 14:30,SOx,24.11
한국중부발전㈜신보령발전본부,1,2018-03-10 14:30,NOx,16.01
한국중부발전㈜신보령발전본부,1,2018-03-10 15:00,TSP,0.94
한국중부발전㈜신보령발전본부,1,2018-03-10 15:00,SOx,24.81
한국중부발전㈜신보령발전본부,1,2018-03-10 15:00,NOx,16.42
한국중부발전㈜신보령발전본부,1,2018-03-10 15:30,TSP,0.89
한국중부발전㈜신보령발전본부,1,2018-03-10 15:30,SOx,23.59
한국중부발전㈜신보령발전본부,1,2018-03-10 15:30,NOx,17.09
한국중부발전㈜신보령발전본부,1,2018-03-10 16:00,TSP,1.07
한국중부발전㈜신보령발전본부,1,2018-03-10 16:00,SOx,24.94
한국중부발전㈜신보령발전본부,1,2018-03-10 16:00,NOx,18.03
한국중부발전㈜신보령발전본부,1,2018-03-10 16:30,TSP,1.06
한국중부발전㈜신보령발전본부,1,2018-03-10 16:30,SOx,24.96
한국중부발전㈜신보령발전본부,1,2018-03-10 16:30,NOx,16.57
한국중부발전㈜신보령발전본부,1,2018-03-10 17:00,TSP,1.07
한국중부발전㈜신보령발전본부,1,2018-03-10 17:00,SOx,24.66
한국중부발전㈜신보령발전본부,1,2018-03-10 17:00,NOx,16.97
한국중부발전㈜신보령발전본부,1,2018-03-10 17:30,TSP,1.11
한국중부발전㈜신보령발전본부,1,2018-03-10 17:30,SOx,24.61
한국중부발전㈜신보령발전본부,1,2018-03-10 17:30,NOx,17.79
한국중부발전㈜신보령발전본부,1,2018-03-10 18:00,TSP,1.22
한국중부발전㈜신보령발전본부,1,2018-03-10 18:00,SOx,24.36
한국중부발전㈜신보령발전본부,1,2018-03-10 18:00,NOx,18.4
한국중부발전㈜신보령발전본부,1,2018-03-10 18:30,TSP,1.23
한국중부발전㈜신보령발전본부,1,2018-03-10 18:30,SOx,23.73
한국중부발전㈜신보령발전본부,1,2018-03-10 18:30,NOx,18.22
한국중부발전㈜신보령발전본부,1,2018-03-10 19:00,TSP,1.47
한국중부발전㈜신보령발전본부,1,2018-03-10 19:00,SOx,23.11
한국중부발전㈜신보령발전본부,1,2018-03-10 19:00,NOx,17.76
한국중부발전㈜신보령발전본부,1,2018-03-10 19:30,TSP,1.08
한국중부발전㈜신보령발전본부,1,2018-03-10 19:30,SOx,22.31
한국중부발전㈜신보령발전본부,1,2018-03-10 19:30,NOx,17.9
한국중부발전㈜신보령발전본부,1,2018-03-10 20:00,TSP,1.1
한국중부발전㈜신보령발전본부,1,2018-03-10 20:00,SOx,21.55
한국중부발전㈜신보령발전본부,1,2018-03-10 20:00,NOx,18.9
한국중부발전㈜신보령발전본부,1,2018-03-10 20:30,TSP,1.18
한국중부발전㈜신보령발전본부,1,2018-03-10 20:30,SOx,21.27
한국중부발전㈜신보령발전본부,1,2018-03-10 20:30,NOx,18.6
한국중부발전㈜신보령발전본부,1,2018-03-10 21:00,TSP,1.23
한국중부발전㈜신보령발전본부,1,2018-03-10 21:00,SOx,20.71
한국중부발전㈜신보령발전본부,1,2018-03-10 21:00,NOx,20.2
한국중부발전㈜신보령발전본부,1,2018-03-10 21:30,TSP,1.21
한국중부발전㈜신보령발전본부,1,2018-03-10 21:30,SOx,20.18
한국중부발전㈜신보령발전본부,1,2018-03-10 21:30,NOx,19.29
한국중부발전㈜신보령발전본부,1,2018-03-10 22:00,TSP,1.14
한국중부발전㈜신보령발전본부,1,2018-03-10 22:00,SOx,19.39
한국중부발전㈜신보령발전본부,1,2018-03-10 22:00,NOx,18.84
한국중부발전㈜신보령발전본부,1,2018-03-10 22:30,TSP,1.02
한국중부발전㈜신보령발전본부,1,2018-03-10 22:30,SOx,18.68
한국중부발전㈜신보령발전본부,1,2018-03-10 22:30,NOx,17.03
한국중부발전㈜신보령발전본부,1,2018-03-10 23:00,TSP,0.92
한국중부발전㈜신보령발전본부,1,2018-03-10 23:00,SOx,17.94
한국중부발전㈜신보령발전본부,1,2018-03-10 23:00,NOx,18.49
한국중부발전㈜신보령발전본부,1,2018-03-10 23:30,TSP,0.95
한국중부발전㈜신보령발전본부,1,2018-03-10 23:30,SOx,17.66
한국중부발전㈜신보령발전본부,1,2018-03-10 23:30,NOx,19.18
한국중부발전㈜신보령발전본부,1,2018-03-11 00:00,TSP,1.0
한국중부발전㈜신보령발전본부,1,2018-03-11 00:00,SOx,17.35
한국중부발전㈜신보령발전본부,1,2018-03-11 00:00,NOx,19.25
한국중부발전㈜신보령발전본부,1,2018-03-11 00:30,TSP,1.0
한국중부발전㈜신보령발전본부,1,2018-03-11 00:30,SOx,17.31
한국중부발전㈜신보령발전본부,1,2018-03-11 00:30,NOx,19.96
한국중부발전㈜신보령발전본부,1,2018-03-11 01:00,TSP,1.03
한국중부발전㈜신보령발전본부,1,2018-03-11 01:00,SOx,17.58
한국중부발전㈜신보령발전본부,1,2018-03-11 01:00,NOx,19.36
한국중부발전㈜신보령발전본부,1,2018-03-11 01:30,TSP,1.07
한국중부발전㈜신보령발전본부,1,2018-03-11 01:30,SOx,18.02
한국중부발전㈜신보령발전본부,1,2018-03-11 01:30,NOx,20.2
한국중부발전㈜신보령발전본부,1,2018-03-11 02:00,TSP,1.12
한국중부발전㈜신보령발전본부,1,2018-03-11 02:00,SOx,18.79
한국중부발전㈜신보령발전본부,1,2018-03-11 02:00,NOx,21.9
한국중부발전㈜신보령발전본부,1,2018-03-11 02:30,TSP,1.16
한국중부발전㈜신보령발전본부,1,2018-03-11 02:30,SOx,19.5
한국중부발전㈜신보령발전본부,1,2018-03-11 02:30,NOx,21.58
한국중부발전㈜신보령발전본부,1,2018-03-11 03:00,TSP,1.2
한국중부발전㈜신보령발전본부,1,2018-03-11 03:00,SOx,20.32
한국중부발전㈜신보령발전본부,1,2018-03-11 03:00,NOx,21.61
한국중부발전㈜신보령발전본부,1,2018-03-11 03:30,TSP,1.02
한국중부발전㈜신보령발전본부,1,2018-03-11 03:30,SOx,21.16
한국중부발전㈜신보령발전본부,1,2018-03-11 03:30,NOx,20.8
한국중부발전㈜신보령발전본부,1,2018-03-11 04:00,TSP,1.01
한국중부발전㈜신보령발전본부,1,2018-03-11 04:00,SOx,22.35
한국중부발전㈜신보령발전본부,1,2018-03-11 04:00,NOx,19.43
한국중부발전㈜신보령발전본부,1,2018-03-11 04:30,TSP,0.98
한국중부발전㈜신보령발전본부,1,2018-03-11 04:30,SOx,23.38
한국중부발전㈜신보령발전본부,1,2018-03-11 04:30,NOx,17.78
한국중부발전㈜신보령발전본부,1,2018-03-11 05:00,TSP,0.97
한국중부발전㈜신보령발전본부,1,2018-03-11 05:00,SOx,24.17
한국중부발전㈜신보령발전본부,1,2018-03-11 05:00,NOx,18.43
한국중부발전㈜신보령발전본부,1,2018-03-11 05:30,TSP,0.98
한국중부발전㈜신보령발전본부,1,2018-03-11 05:30,SOx,24.89
한국중부발전㈜신보령발전본부,1,2018-03-11 05:30,NOx,18.25
한국중부발전㈜신보령발전본부,1,2018-03-11 06:00,TSP,0.95
한국중부발전㈜신보령발전본부,1,2018-03-11 06:00,SOx,25.18
한국중부발전㈜신보령발전본부,1,2018-03-11 06:00,NOx,19.78
한국중부발전㈜신보령발전본부,1,2018-03-11 06:30,TSP,0.96
한국중부발전㈜신보령발전본부,1,2018-03-11 06:30,SOx,24.74
한국중부발전㈜신보령발전본부,1,2018-03-11 06:30,NOx,18.89
한국중부발전㈜신보령발전본부,1,2018-03-11 07:00,TSP,0.96
한국중부발전㈜신보령발전본부,1,2018-03-11 07:00,SOx,24.96
한국중부발전㈜신보령발전본부,1,2018-03-11 07:00,NOx,18.54
한국중부발전㈜신보령발전본부,1,2018-03-11 07:30,TSP,0.98
한국중부발전㈜신보령발전본부,1,2018-03-11 07:30,SOx,24.93
한국중부발전㈜신보령발전본부,1,2018-03-11 07:30,NOx,18.52
한국중부발전㈜신보령발전본부,1,2018-03-11 08:00,TSP,1.1
한국중부발전㈜신보령발전본부,1,2018-03-11 08:00,SOx,25.24
한국중부발전㈜신보령발전본부,1,2018-03-11 08:00,NOx,18.38
한국중부발전㈜신보령발전본부,1,2018-03-11 08:30,TSP,1.1
한국중부발전㈜신보령발전본부,1,2018-03-11 08:30,SOx,24.97
한국중부발전㈜신보령발전본부,1,2018-03-11 08:30,NOx,19.92
한국중부발전㈜신보령발전본부,1,2018-03-11 09:00,TSP,1.15
한국중부발전㈜신보령발전본부,1,2018-03-11 09:00,SOx,24.91
한국중부발전㈜신보령발전본부,1,2018-03-11 09:00,NOx,18.62
한국중부발전㈜신보령발전본부,1,2018-03-11 09:30,TSP,1.22
한국중부발전㈜신보령발전본부,1,2018-03-11 09:30,SOx,25.17
한국중부발전㈜신보령발전본부,1,2018-03-11 09:30,NOx,18.12
한국중부발전㈜신보령발전본부,1,2018-03-11 10:00,TSP,1.34
한국중부발전㈜신보령발전본부,1,2018-03-11 10:00,SOx,25.67
한국중부발전㈜신보령발전본부,1,2018-03-11 10:00,NOx,17.97
한국중부발전㈜신보령발전본부,1,2018-03-11 10:30,TSP,1.41
한국중부발전㈜신보령발전본부,1,2018-03-11 10:30,SOx,25.63
한국중부발전㈜신보령발전본부,1,2018-03-11 10:30,NOx,17.82
한국중부발전㈜신보령발전본부,1,2018-03-11 11:00,TSP,1.38
한국중부발전㈜신보령발전본부,1,2018-03-11 11:00,SOx,25.34
한국중부발전㈜신보령발전본부,1,2018-03-11 11:00,NOx,16.74
한국중부발전㈜신보령발전본부,1,2018-03-11 11:30,TSP,1.21
한국중부발전㈜신보령발전본부,1,2018-03-11 11:30,SOx,25.21
한국중부발전㈜신보령발전본부,1,2018-03-11 11:30,NOx,17.0
한국중부발전㈜신보령발전본부,1,2018-03-11 12:00,TSP,1.16
한국중부발전㈜신보령발전본부,1,2018-03-11 12:00,SOx,25.04
한국중부발전㈜신보령발전본부,1,2018-03-11 12:00,NOx,17.94
한국중부발전㈜신보령발전본부,1,2018-03-11 12:30,TSP,1.15
한국중부발전㈜신보령발전본부,1,2018-03-11 12:30,SOx,25.53
한국중부발전㈜신보령발전본부,1,2018-03-11 12:30,NOx,17.88
한국중부발전㈜신보령발전본부,1,2018-03-11 13:00,TSP,1.15
한국중부발전㈜신보령발전본부,1,2018-03-11 13:00,SOx,25.56
한국중부발전㈜신보령발전본부,1,2018-03-11 13:00,NOx,17.39
한국중부발전㈜신보령발전본부,1,2018-03-11 13:30,TSP,1.16
한국중부발전㈜신보령발전본부,1,2018-03-11 13:30,SOx,25.5
한국중부발전㈜신보령발전본부,1,2018-03-11 13:30,NOx,16.5
한국중부발전㈜신보령발전본부,1,2018-03-11 14:00,TSP,1.14
한국중부발전㈜신보령발전본부,1,2018-03-11 14:00,SOx,25.43
한국중부발전㈜신보령발전본부,1,2018-03-11 14:00,NOx,15.78
한국중부발전㈜신보령발전본부,1,2018-03-11 14:30,TSP,1.17
한국중부발전㈜신보령발전본부,1,2018-03-11 14:30,SOx,25.41
한국중부발전㈜신보령발전본부,1,2018-03-11 14:30,NOx,16.47
한국중부발전㈜신보령발전본부,1,2018-03-11 15:00,TSP,1.16
한국중부발전㈜신보령발전본부,1,2018-03-11 15:00,SOx,25.42
한국중부발전㈜신보령발전본부,1,2018-03-11 15:00,NOx,17.82
한국중부발전㈜신보령발전본부,1,2018-03-11 15:30,TSP,1.15
한국중부발전㈜신보령발전본부,1,2018-03-11 15:30,SOx,25.37
한국중부발전㈜신보령발전본부,1,2018-03-11 15:30,NOx,16.43
한국중부발전㈜신보령발전본부,1,2018-03-11 16:00,TSP,1.3
한국중부발전㈜신보령발전본부,1,2018-03-11 16:00,SOx,24.89
한국중부발전㈜신보령발전본부,1,2018-03-11 16:00,NOx,15.66
한국중부발전㈜신보령발전본부,1,2018-03-11 16:30,TSP,1.3
한국중부발전㈜신보령발전본부,1,2018-03-11 16:30,SOx,24.78
한국중부발전㈜신보령발전본부,1,2018-03-11 16:30,NOx,13.21
한국중부발전㈜신보령발전본부,1,2018-03-11 17:00,TSP,1.35
한국중부발전㈜신보령발전본부,1,2018-03-11 17:00,SOx,24.91
한국중부발전㈜신보령발전본부,1,2018-03-11 17:00,NOx,13.9
한국중부발전㈜신보령발전본부,1,2018-03-11 17:30,TSP,1.42
한국중부발전㈜신보령발전본부,1,2018-03-11 17:30,SOx,24.13
한국중부발전㈜신보령발전본부,1,2018-03-11 17:30,NOx,12.59
한국중부발전㈜신보령발전본부,1,2018-03-11 18:00,TSP,1.52
한국중부발전㈜신보령발전본부,1,2018-03-11 18:00,SOx,25.28
한국중부발전㈜신보령발전본부,1,2018-03-11 18:00,NOx,14.31
한국중부발전㈜신보령발전본부,1,2018-03-11 18:30,TSP,1.61
한국중부발전㈜신보령발전본부,1,2018-03-11 18:30,SOx,24.71
한국중부발전㈜신보령발전본부,1,2018-03-11 18:30,NOx,12.6
한국중부발전㈜신보령발전본부,1,2018-03-11 19:00,TSP,1.84
한국중부발전㈜신보령발전본부,1,2018-03-11 19:00,SOx,23.96
한국중부발전㈜신보령발전본부,1,2018-03-11 19:00,NOx,13.42
한국중부발전㈜신보령발전본부,1,2018-03-11 19:30,TSP,1.45
한국중부발전㈜신보령발전본부,1,2018-03-11 19:30,SOx,23.47
한국중부발전㈜신보령발전본부,1,2018-03-11 19:30,NOx,14.05
한국중부발전㈜신보령발전본부,1,2018-03-11 20:00,TSP,1.57
한국중부발전㈜신보령발전본부,1,2018-03-11 20:00,SOx,23.45
한국중부발전㈜신보령발전본부,1,2018-03-11 20:00,NOx,15.28
한국중부발전㈜신보령발전본부,1,2018-03-11 20:30,TSP,1.51
한국중부발전㈜신보령발전본부,1,2018-03-11 20:30,SOx,23.47
한국중부발전㈜신보령발전본부,1,2018-03-11 20:30,NOx,15.26
한국중부발전㈜신보령발전본부,1,2018-03-11 21:00,TSP,1.52
한국중부발전㈜신보령발전본부,1,2018-03-11 21:00,SOx,23.95
한국중부발전㈜신보령발전본부,1,2018-03-11 21:00,NOx,14.85
한국중부발전㈜신보령발전본부,1,2018-03-11 21:30,TSP,1.55
한국중부발전㈜신보령발전본부,1,2018-03-11 21:30,SOx,24.13
한국중부발전㈜신보령발전본부,1,2018-03-11 21:30,NOx,15.52
한국중부발전㈜신보령발전본부,1,2018-03-11 22:00,TSP,1.5
한국중부발전㈜신보령발전본부,1,2018-03-11 22:00,SOx,24.43
한국중부발전㈜신보령발전본부,1,2018-03-11 22:00,NOx,15.12
한국중부발전㈜신보령발전본부,1,2018-03-11 22:30,TSP,1.28
한국중부발전㈜신보령발전본부,1,2018-03-11 22:30,SOx,24.31
한국중부발전㈜신보령발전본부,1,2018-03-11 22:30,NOx,16.7
한국중부발전㈜신보령발전본부,1,2018-03-11 23:00,TSP,1.26
한국중부발전㈜신보령발전본부,1,2018-03-11 23:00,SOx,24.59
한국중부발전㈜신보령발전본부,1,2018-03-11 23:00,NOx,16.7
한국중부발전㈜신보령발전본부,1,2018-03-11 23:30,TSP,1.23
한국중부발전㈜신보령발전본부,1,2018-03-11 23:30,SOx,24.64
한국중부발전㈜신보령발전본부,1,2018-03-11 23:30,NOx,16.99
한국중부발전㈜신보령발전본부,1,2018-03-12 00:00,TSP,1.35
한국중부발전㈜신보령발전본부,1,2018-03-12 00:00,SOx,24.83
한국중부발전㈜신보령발전본부,1,2018-03-12 00:00,NOx,16.96
한국중부발전㈜신보령발전본부,1,2018-03-12 00:30,TSP,1.3
한국중부발전㈜신보령발전본부,1,2018-03-12 00:30,SOx,24.58
한국중부발전㈜신보령발전본부,1,2018-03-12 00:30,NOx,17.17
한국중부발전㈜신보령발전본부,1,2018-03-12 01:00,TSP,1.33
한국중부발전㈜신보령발전본부,1,2018-03-12 01:00,SOx,24.38
한국중부발전㈜신보령발전본부,1,2018-03-12 01:00,NOx,17.22
한국중부발전㈜신보령발전본부,1,2018-03-12 01:30,TSP,1.36
한국중부발전㈜신보령발전본부,1,2018-03-12 01:30,SOx,24.39
한국중부발전㈜신보령발전본부,1,2018-03-12 01:30,NOx,16.51
한국중부발전㈜신보령발전본부,1,2018-03-12 02:00,TSP,1.43
한국중부발전㈜신보령발전본부,1,2018-03-12 02:00,SOx,24.17
한국중부발전㈜신보령발전본부,1,2018-03-12 02:00,NOx,17.14
한국중부발전㈜신보령발전본부,1,2018-03-12 02:30,TSP,1.53
한국중부발전㈜신보령발전본부,1,2018-03-12 02:30,SOx,24.1
한국중부발전㈜신보령발전본부,1,2018-03-12 02:30,NOx,17.8
한국중부발전㈜신보령발전본부,1,2018-03-12 03:00,TSP,1.54
한국중부발전㈜신보령발전본부,1,2018-03-12 03:00,SOx,23.9
한국중부발전㈜신보령발전본부,1,2018-03-12 03:00,NOx,16.82
한국중부발전㈜신보령발전본부,1,2018-03-12 03:30,TSP,1.32
한국중부발전㈜신보령발전본부,1,2018-03-12 03:30,SOx,23.69
한국중부발전㈜신보령발전본부,1,2018-03-12 03:30,NOx,16.89
한국중부발전㈜신보령발전본부,1,2018-03-12 04:00,TSP,1.33
한국중부발전㈜신보령발전본부,1,2018-03-12 04:00,SOx,23.49
한국중부발전㈜신보령발전본부,1,2018-03-12 04:00,NOx,17.84
한국중부발전㈜신보령발전본부,1,2018-03-12 04:30,TSP,1.33
한국중부발전㈜신보령발전본부,1,2018-03-12 04:30,SOx,23.62
한국중부발전㈜신보령발전본부,1,2018-03-12 04:30,NOx,18.6
한국중부발전㈜신보령발전본부,1,2018-03-12 05:00,TSP,1.32
한국중부발전㈜신보령발전본부,1,2018-03-12 05:00,SOx,23.43
한국중부발전㈜신보령발전본부,1,2018-03-12 05:00,NOx,18.25
한국중부발전㈜신보령발전본부,1,2018-03-12 05:30,TSP,1.26
한국중부발전㈜신보령발전본부,1,2018-03-12 05:30,SOx,23.82
한국중부발전㈜신보령발전본부,1,2018-03-12 05:30,NOx,17.92
한국중부발전㈜신보령발전본부,1,2018-03-12 06:00,TSP,1.28
한국중부발전㈜신보령발전본부,1,2018-03-12 06:00,SOx,24.28
한국중부발전㈜신보령발전본부,1,2018-03-12 06:00,NOx,18.52
한국중부발전㈜신보령발전본부,1,2018-03-12 06:30,TSP,1.26
한국중부발전㈜신보령발전본부,1,2018-03-12 06:30,SOx,24.49
한국중부발전㈜신보령발전본부,1,2018-03-12 06:30,NOx,18.82
한국중부발전㈜신보령발전본부,1,2018-03-12 07:00,TSP,1.27
한국중부발전㈜신보령발전본부,1,2018-03-12 07:00,SOx,24.63
한국중부발전㈜신보령발전본부,1,2018-03-12 07:00,NOx,18.35
한국중부발전㈜신보령발전본부,1,2018-03-12 07:30,TSP,1.29
한국중부발전㈜신보령발전본부,1,2018-03-12 07:30,SOx,24.34
한국중부발전㈜신보령발전본부,1,2018-03-12 07:30,NOx,18.33
한국중부발전㈜신보령발전본부,1,2018-03-12 08:00,TSP,1.34
한국중부발전㈜신보령발전본부,1,2018-03-12 08:00,SOx,24.26
한국중부발전㈜신보령발전본부,1,2018-03-12 08:00,NOx,17.87
한국중부발전㈜신보령발전본부,1,2018-03-12 08:30,TSP,1.3
한국중부발전㈜신보령발전본부,1,2018-03-12 08:30,SOx,23.5
한국중부발전㈜신보령발전본부,1,2018-03-12 08:30,NOx,16.38
한국중부발전㈜신보령발전본부,1,2018-03-12 09:00,TSP,1.32
한국중부발전㈜신보령발전본부,1,2018-03-12 09:00,SOx,23.1
한국중부발전㈜신보령발전본부,1,2018-03-12 09:00,NOx,17.02
한국중부발전㈜신보령발전본부,1,2018-03-12 09:30,TSP,1.4
한국중부발전㈜신보령발전본부,1,2018-03-12 09:30,SOx,23.36
한국중부발전㈜신보령발전본부,1,2018-03-12 09:30,NOx,17.27
한국중부발전㈜신보령발전본부,1,2018-03-12 10:00,TSP,1.51
한국중부발전㈜신보령발전본부,1,2018-03-12 10:00,SOx,24.0
한국중부발전㈜신보령발전본부,1,2018-03-12 10:00,NOx,16.3
한국중부발전㈜신보령발전본부,1,2018-03-12 10:30,TSP,1.59
한국중부발전㈜신보령발전본부,1,2018-03-12 10:30,SOx,23.83
한국중부발전㈜신보령발전본부,1,2018-03-12 10:30,NOx,17.85
한국중부발전㈜신보령발전본부,1,2018-03-12 11:00,TSP,1.67
한국중부발전㈜신보령발전본부,1,2018-03-12 11:00,SOx,23.65
한국중부발전㈜신보령발전본부,1,2018-03-12 11:00,NOx,16.95
한국중부발전㈜신보령발전본부,1,2018-03-12 11:30,TSP,1.42
한국중부발전㈜신보령발전본부,1,2018-03-12 11:30,SOx,23.61
한국중부발전㈜신보령발전본부,1,2018-03-12 11:30,NOx,16.95
한국중부발전㈜신보령발전본부,1,2018-03-12 12:00,TSP,1.4
한국중부발전㈜신보령발전본부,1,2018-03-12 12:00,SOx,23.63
한국중부발전㈜신보령발전본부,1,2018-03-12 12:00,NOx,16.5
한국중부발전㈜신보령발전본부,1,2018-03-12 12:30,TSP,1.42
한국중부발전㈜신보령발전본부,1,2018-03-12 12:30,SOx,23.31
한국중부발전㈜신보령발전본부,1,2018-03-12 12:30,NOx,15.82
한국중부발전㈜신보령발전본부,1,2018-03-12 13:00,TSP,1.38
한국중부발전㈜신보령발전본부,1,2018-03-12 13:00,SOx,23.28
한국중부발전㈜신보령발전본부,1,2018-03-12 13:00,NOx,16.3
한국중부발전㈜신보령발전본부,1,2018-03-12 13:30,TSP,1.39
한국중부발전㈜신보령발전본부,1,2018-03-12 13:30,SOx,23.33
한국중부발전㈜신보령발전본부,1,2018-03-12 13:30,NOx,16.23
한국중부발전㈜신보령발전본부,1,2018-03-12 14:00,TSP,1.42
한국중부발전㈜신보령발전본부,1,2018-03-12 14:00,SOx,23.55
한국중부발전㈜신보령발전본부,1,2018-03-12 14:00,NOx,16.13
한국중부발전㈜신보령발전본부,1,2018-03-12 14:30,TSP,1.37
한국중부발전㈜신보령발전본부,1,2018-03-12 14:30,SOx,23.48
한국중부발전㈜신보령발전본부,1,2018-03-12 14:30,NOx,16.29
한국중부발전㈜신보령발전본부,1,2018-03-12 15:00,TSP,1.39
한국중부발전㈜신보령발전본부,1,2018-03-12 15:00,SOx,23.68
한국중부발전㈜신보령발전본부,1,2018-03-12 15:00,NOx,16.7
한국중부발전㈜신보령발전본부,1,2018-03-12 15:30,TSP,1.38
한국중부발전㈜신보령발전본부,1,2018-03-12 15:30,SOx,23.73
한국중부발전㈜신보령발전본부,1,2018-03-12 15:30,NOx,15.12
한국중부발전㈜신보령발전본부,1,2018-03-12 16:00,TSP,1.5
한국중부발전㈜신보령발전본부,1,2018-03-12 16:00,SOx,23.89
한국중부발전㈜신보령발전본부,1,2018-03-12 16:00,NOx,14.91
한국중부발전㈜신보령발전본부,1,2018-03-12 16:30,TSP,1.58
한국중부발전㈜신보령발전본부,1,2018-03-12 16:30,SOx,23.72
한국중부발전㈜신보령발전본부,1,2018-03-12 16:30,NOx,15.7
한국중부발전㈜신보령발전본부,1,2018-03-12 17:00,TSP,1.59
한국중부발전㈜신보령발전본부,1,2018-03-12 17:00,SOx,24.1
한국중부발전㈜신보령발전본부,1,2018-03-12 17:00,NOx,15.2
한국중부발전㈜신보령발전본부,1,2018-03-12 17:30,TSP,1.62
한국중부발전㈜신보령발전본부,1,2018-03-12 17:30,SOx,22.7
한국중부발전㈜신보령발전본부,1,2018-03-12 17:30,NOx,12.05
한국중부발전㈜신보령발전본부,1,2018-03-12 18:00,TSP,1.69
한국중부발전㈜신보령발전본부,1,2018-03-12 18:00,SOx,23.66
한국중부발전㈜신보령발전본부,1,2018-03-12 18:00,NOx,12.85
한국중부발전㈜신보령발전본부,1,2018-03-12 18:30,TSP,1.68
한국중부발전㈜신보령발전본부,1,2018-03-12 18:30,SOx,23.41
한국중부발전㈜신보령발전본부,1,2018-03-12 18:30,NOx,12.56
한국중부발전㈜신보령발전본부,1,2018-03-12 19:00,TSP,1.87
한국중부발전㈜신보령발전본부,1,2018-03-12 19:00,SOx,23.29
한국중부발전㈜신보령발전본부,1,2018-03-12 19:00,NOx,12.94
한국중부발전㈜신보령발전본부,1,2018-03-12 19:30,TSP,1.46
한국중부발전㈜신보령발전본부,1,2018-03-12 19:30,SOx,23.2
한국중부발전㈜신보령발전본부,1,2018-03-12 19:30,NOx,12.76
한국중부발전㈜신보령발전본부,1,2018-03-12 20:00,TSP,1.52
한국중부발전㈜신보령발전본부,1,2018-03-12 20:00,SOx,23.05
한국중부발전㈜신보령발전본부,1,2018-03-12 20:00,NOx,11.99
한국중부발전㈜신보령발전본부,1,2018-03-12 20:30,TSP,1.5
한국중부발전㈜신보령발전본부,1,2018-03-12 20:30,SOx,23.03
한국중부발전㈜신보령발전본부,1,2018-03-12 20:30,NOx,13.37
한국중부발전㈜신보령발전본부,1,2018-03-12 21:00,TSP,1.54
한국중부발전㈜신보령발전본부,1,2018-03-12 21:00,SOx,23.09
한국중부발전㈜신보령발전본부,1,2018-03-12 21:00,NOx,13.74
한국중부발전㈜신보령발전본부,1,2018-03-12 21:30,TSP,1.59
한국중부발전㈜신보령발전본부,1,2018-03-12 21:30,SOx,23.11
한국중부발전㈜신보령발전본부,1,2018-03-12 21:30,NOx,13.83
한국중부발전㈜신보령발전본부,1,2018-03-12 22:00,TSP,1.57
한국중부발전㈜신보령발전본부,1,2018-03-12 22:00,SOx,23.13
한국중부발전㈜신보령발전본부,1,2018-03-12 22:00,NOx,15.54
한국중부발전㈜신보령발전본부,1,2018-03-12 22:30,TSP,1.37
한국중부발전㈜신보령발전본부,1,2018-03-12 22:30,SOx,23.23
한국중부발전㈜신보령발전본부,1,2018-03-12 22:30,NOx,15.1
한국중부발전㈜신보령발전본부,1,2018-03-12 23:00,TSP,1.36
한국중부발전㈜신보령발전본부,1,2018-03-12 23:00,SOx,23.3
한국중부발전㈜신보령발전본부,1,2018-03-12 23:00,NOx,14.09
한국중부발전㈜신보령발전본부,1,2018-03-12 23:30,TSP,1.37
한국중부발전㈜신보령발전본부,1,2018-03-12 23:30,SOx,23.61
한국중부발전㈜신보령발전본부,1,2018-03-12 23:30,NOx,13.13
한국중부발전㈜신보령발전본부,1,2018-03-13 00:00,TSP,1.46
한국중부발전㈜신보령발전본부,1,2018-03-13 00:00,SOx,23.92
한국중부발전㈜신보령발전본부,1,2018-03-13 00:00,NOx,13.71
한국중부발전㈜신보령발전본부,1,2018-03-13 00:30,TSP,1.45
한국중부발전㈜신보령발전본부,1,2018-03-13 00:30,SOx,24.31
한국중부발전㈜신보령발전본부,1,2018-03-13 00:30,NOx,14.36
한국중부발전㈜신보령발전본부,1,2018-03-13 01:00,TSP,1.55
한국중부발전㈜신보령발전본부,1,2018-03-13 01:00,SOx,24.1
한국중부발전㈜신보령발전본부,1,2018-03-13 01:00,NOx,14.95
한국중부발전㈜신보령발전본부,1,2018-03-13 01:30,TSP,1.6
한국중부발전㈜신보령발전본부,1,2018-03-13 01:30,SOx,23.4
한국중부발전㈜신보령발전본부,1,2018-03-13 01:30,NOx,14.26
한국중부발전㈜신보령발전본부,1,2018-03-13 02:00,TSP,1.64
한국중부발전㈜신보령발전본부,1,2018-03-13 02:00,SOx,22.66
한국중부발전㈜신보령발전본부,1,2018-03-13 02:00,NOx,14.49
한국중부발전㈜신보령발전본부,1,2018-03-13 02:30,TSP,1.71
한국중부발전㈜신보령발전본부,1,2018-03-13 02:30,SOx,21.69
한국중부발전㈜신보령발전본부,1,2018-03-13 02:30,NOx,14.49
한국중부발전㈜신보령발전본부,1,2018-03-13 03:00,TSP,1.7
한국중부발전㈜신보령발전본부,1,2018-03-13 03:00,SOx,20.19
한국중부발전㈜신보령발전본부,1,2018-03-13 03:00,NOx,14.72
한국중부발전㈜신보령발전본부,1,2018-03-13 03:30,TSP,1.52
한국중부발전㈜신보령발전본부,1,2018-03-13 03:30,SOx,20.17
한국중부발전㈜신보령발전본부,1,2018-03-13 03:30,NOx,14.08
한국중부발전㈜신보령발전본부,1,2018-03-13 04:00,TSP,1.52
한국중부발전㈜신보령발전본부,1,2018-03-13 04:00,SOx,18.58
한국중부발전㈜신보령발전본부,1,2018-03-13 04:00,NOx,14.27
한국중부발전㈜신보령발전본부,1,2018-03-13 04:30,TSP,1.38
한국중부발전㈜신보령발전본부,1,2018-03-13 04:30,SOx,16.96
한국중부발전㈜신보령발전본부,1,2018-03-13 04:30,NOx,14.86
한국중부발전㈜신보령발전본부,1,2018-03-13 05:00,TSP,1.45
한국중부발전㈜신보령발전본부,1,2018-03-13 05:00,SOx,18.06
한국중부발전㈜신보령발전본부,1,2018-03-13 05:00,NOx,14.85
한국중부발전㈜신보령발전본부,1,2018-03-13 05:30,TSP,1.43
한국중부발전㈜신보령발전본부,1,2018-03-13 05:30,SOx,17.87
한국중부발전㈜신보령발전본부,1,2018-03-13 05:30,NOx,14.83
한국중부발전㈜신보령발전본부,1,2018-03-13 06:00,TSP,1.43
한국중부발전㈜신보령발전본부,1,2018-03-13 06:00,SOx,17.48
한국중부발전㈜신보령발전본부,1,2018-03-13 06:00,NOx,14.66
한국중부발전㈜신보령발전본부,1,2018-03-13 06:30,TSP,1.55
한국중부발전㈜신보령발전본부,1,2018-03-13 06:30,SOx,17.4
한국중부발전㈜신보령발전본부,1,2018-03-13 06:30,NOx,15.21
한국중부발전㈜신보령발전본부,1,2018-03-13 07:00,TSP,1.48
한국중부발전㈜신보령발전본부,1,2018-03-13 07:00,SOx,17.39
한국중부발전㈜신보령발전본부,1,2018-03-13 07:00,NOx,14.38
한국중부발전㈜신보령발전본부,1,2018-03-13 07:30,TSP,1.49
한국중부발전㈜신보령발전본부,1,2018-03-13 07:30,SOx,17.26
한국중부발전㈜신보령발전본부,1,2018-03-13 07:30,NOx,15.92
한국중부발전㈜신보령발전본부,1,2018-03-13 08:00,TSP,1.71
한국중부발전㈜신보령발전본부,1,2018-03-13 08:00,SOx,17.25
한국중부발전㈜신보령발전본부,1,2018-03-13 08:00,NOx,15.63
한국중부발전㈜신보령발전본부,1,2018-03-13 08:30,TSP,1.73
한국중부발전㈜신보령발전본부,1,2018-03-13 08:30,SOx,17.25
한국중부발전㈜신보령발전본부,1,2018-03-13 08:30,NOx,15.94
한국중부발전㈜신보령발전본부,1,2018-03-13 09:00,TSP,1.85
한국중부발전㈜신보령발전본부,1,2018-03-13 09:00,SOx,17.28
한국중부발전㈜신보령발전본부,1,2018-03-13 09:00,NOx,15.03
한국중부발전㈜신보령발전본부,1,2018-03-13 09:30,TSP,2.14
한국중부발전㈜신보령발전본부,1,2018-03-13 09:30,SOx,17.44
한국중부발전㈜신보령발전본부,1,2018-03-13 09:30,NOx,15.46
한국중부발전㈜신보령발전본부,1,2018-03-13 10:00,TSP,2.24
한국중부발전㈜신보령발전본부,1,2018-03-13 10:00,SOx,17.7
한국중부발전㈜신보령발전본부,1,2018-03-13 10:00,NOx,14.45
한국중부발전㈜신보령발전본부,1,2018-03-13 10:30,TSP,2.26
한국중부발전㈜신보령발전본부,1,2018-03-13 10:30,SOx,17.39
한국중부발전㈜신보령발전본부,1,2018-03-13 10:30,NOx,13.98
한국중부발전㈜신보령발전본부,1,2018-03-13 11:00,TSP,2.02
한국중부발전㈜신보령발전본부,1,2018-03-13 11:00,SOx,16.8
한국중부발전㈜신보령발전본부,1,2018-03-13 11:00,NOx,14.11
한국중부발전㈜신보령발전본부,1,2018-03-13 11:30,TSP,1.64
한국중부발전㈜신보령발전본부,1,2018-03-13 11:30,SOx,16.76
한국중부발전㈜신보령발전본부,1,2018-03-13 11:30,NOx,14.13
한국중부발전㈜신보령발전본부,1,2018-03-13 12:00,TSP,1.71
한국중부발전㈜신보령발전본부,1,2018-03-13 12:00,SOx,16.9
한국중부발전㈜신보령발전본부,1,2018-03-13 12:00,NOx,13.78
한국중부발전㈜신보령발전본부,1,2018-03-13 12:30,TSP,1.67
한국중부발전㈜신보령발전본부,1,2018-03-13 12:30,SOx,17.14
한국중부발전㈜신보령발전본부,1,2018-03-13 12:30,NOx,14.7
한국중부발전㈜신보령발전본부,1,2018-03-13 13:00,TSP,1.64
한국중부발전㈜신보령발전본부,1,2018-03-13 13:00,SOx,17.07
한국중부발전㈜신보령발전본부,1,2018-03-13 13:00,NOx,14.14
한국중부발전㈜신보령발전본부,1,2018-03-13 13:30,TSP,1.63
한국중부발전㈜신보령발전본부,1,2018-03-13 13:30,SOx,16.95
한국중부발전㈜신보령발전본부,1,2018-03-13 13:30,NOx,13.49
한국중부발전㈜신보령발전본부,1,2018-03-13 14:00,TSP,1.82
한국중부발전㈜신보령발전본부,1,2018-03-13 14:00,SOx,16.38
한국중부발전㈜신보령발전본부,1,2018-03-13 14:00,NOx,13.26
한국중부발전㈜신보령발전본부,1,2018-03-13 14:30,TSP,1.63
한국중부발전㈜신보령발전본부,1,2018-03-13 14:30,SOx,16.21
한국중부발전㈜신보령발전본부,1,2018-03-13 14:30,NOx,14.1
한국중부발전㈜신보령발전본부,1,2018-03-13 15:00,TSP,1.62
한국중부발전㈜신보령발전본부,1,2018-03-13 15:00,SOx,16.23
한국중부발전㈜신보령발전본부,1,2018-03-13 15:00,NOx,14.66
한국중부발전㈜신보령발전본부,1,2018-03-13 15:30,TSP,1.7
한국중부발전㈜신보령발전본부,1,2018-03-13 15:30,SOx,16.37
한국중부발전㈜신보령발전본부,1,2018-03-13 15:30,NOx,14.86
한국중부발전㈜신보령발전본부,1,2018-03-13 16:00,TSP,2.0
한국중부발전㈜신보령발전본부,1,2018-03-13 16:00,SOx,16.29
한국중부발전㈜신보령발전본부,1,2018-03-13 16:00,NOx,14.56
한국중부발전㈜신보령발전본부,1,2018-03-13 16:30,TSP,1.94
한국중부발전㈜신보령발전본부,1,2018-03-13 16:30,SOx,16.42
한국중부발전㈜신보령발전본부,1,2018-03-13 16:30,NOx,14.41
한국중부발전㈜신보령발전본부,1,2018-03-13 17:00,TSP,2.23
한국중부발전㈜신보령발전본부,1,2018-03-13 17:00,SOx,16.38
한국중부발전㈜신보령발전본부,1,2018-03-13 17:00,NOx,14.34
한국중부발전㈜신보령발전본부,1,2018-03-13 17:30,TSP,2.29
한국중부발전㈜신보령발전본부,1,2018-03-13 17:30,SOx,16.61
한국중부발전㈜신보령발전본부,1,2018-03-13 17:30,NOx,14.27
한국중부발전㈜신보령발전본부,1,2018-03-13 18:00,TSP,2.31
한국중부발전㈜신보령발전본부,1,2018-03-13 18:00,SOx,16.79
한국중부발전㈜신보령발전본부,1,2018-03-13 18:00,NOx,14.21
한국중부발전㈜신보령발전본부,1,2018-03-13 18:30,TSP,2.34
한국중부발전㈜신보령발전본부,1,2018-03-13 18:30,SOx,16.75
한국중부발전㈜신보령발전본부,1,2018-03-13 18:30,NOx,14.76
한국중부발전㈜신보령발전본부,1,2018-03-13 19:00,TSP,2.77
한국중부발전㈜신보령발전본부,1,2018-03-13 19:00,SOx,16.99
한국중부발전㈜신보령발전본부,1,2018-03-13 19:00,NOx,15.82
한국중부발전㈜신보령발전본부,1,2018-03-13 19:30,TSP,2.3
한국중부발전㈜신보령발전본부,1,2018-03-13 19:30,SOx,16.9
한국중부발전㈜신보령발전본부,1,2018-03-13 19:30,NOx,15.34
한국중부발전㈜신보령발전본부,1,2018-03-13 20:00,TSP,2.37
한국중부발전㈜신보령발전본부,1,2018-03-13 20:00,SOx,17.31
한국중부발전㈜신보령발전본부,1,2018-03-13 20:00,NOx,16.43
한국중부발전㈜신보령발전본부,1,2018-03-13 20:30,TSP,2.46
한국중부발전㈜신보령발전본부,1,2018-03-13 20:30,SOx,17.6
한국중부발전㈜신보령발전본부,1,2018-03-13 20:30,NOx,14.65
한국중부발전㈜신보령발전본부,1,2018-03-13 21:00,TSP,2.34
한국중부발전㈜신보령발전본부,1,2018-03-13 21:00,SOx,17.83
한국중부발전㈜신보령발전본부,1,2018-03-13 21:00,NOx,15.59
한국중부발전㈜신보령발전본부,1,2018-03-13 21:30,TSP,2.42
한국중부발전㈜신보령발전본부,1,2018-03-13 21:30,SOx,18.15
한국중부발전㈜신보령발전본부,1,2018-03-13 21:30,NOx,15.13
한국중부발전㈜신보령발전본부,1,2018-03-13 22:00,TSP,2.46
한국중부발전㈜신보령발전본부,1,2018-03-13 22:00,SOx,18.14
한국중부발전㈜신보령발전본부,1,2018-03-13 22:00,NOx,15.6
한국중부발전㈜신보령발전본부,1,2018-03-13 22:30,TSP,2.09
한국중부발전㈜신보령발전본부,1,2018-03-13 22:30,SOx,18.27
한국중부발전㈜신보령발전본부,1,2018-03-13 22:30,NOx,16.4
한국중부발전㈜신보령발전본부,1,2018-03-13 23:00,TSP,1.97
한국중부발전㈜신보령발전본부,1,2018-03-13 23:00,SOx,18.07
한국중부발전㈜신보령발전본부,1,2018-03-13 23:00,NOx,15.84
한국중부발전㈜신보령발전본부,1,2018-03-13 23:30,TSP,1.93
한국중부발전㈜신보령발전본부,1,2018-03-13 23:30,SOx,18.07
한국중부발전㈜신보령발전본부,1,2018-03-13 23:30,NOx,16.59
한국중부발전㈜신보령발전본부,1,2018-03-14 00:00,TSP,2.2
한국중부발전㈜신보령발전본부,1,2018-03-14 00:00,SOx,17.83
한국중부발전㈜신보령발전본부,1,2018-03-14 00:00,NOx,15.62
한국중부발전㈜신보령발전본부,1,2018-03-14 00:30,TSP,2.16
한국중부발전㈜신보령발전본부,1,2018-03-14 00:30,SOx,17.55
한국중부발전㈜신보령발전본부,1,2018-03-14 00:30,NOx,16.06
한국중부발전㈜신보령발전본부,1,2018-03-14 01:00,TSP,2.15
한국중부발전㈜신보령발전본부,1,2018-03-14 01:00,SOx,17.65
한국중부발전㈜신보령발전본부,1,2018-03-14 01:00,NOx,15.87
한국중부발전㈜신보령발전본부,1,2018-03-14 01:30,TSP,2.28
한국중부발전㈜신보령발전본부,1,2018-03-14 01:30,SOx,18.05
한국중부발전㈜신보령발전본부,1,2018-03-14 01:30,NOx,15.38
한국중부발전㈜신보령발전본부,1,2018-03-14 02:00,TSP,2.54
한국중부발전㈜신보령발전본부,1,2018-03-14 02:00,SOx,18.18
한국중부발전㈜신보령발전본부,1,2018-03-14 02:00,NOx,15.23
한국중부발전㈜신보령발전본부,1,2018-03-14 02:30,TSP,2.52
한국중부발전㈜신보령발전본부,1,2018-03-14 02:30,SOx,18.46
한국중부발전㈜신보령발전본부,1,2018-03-14 02:30,NOx,15.55
한국중부발전㈜신보령발전본부,1,2018-03-14 03:00,TSP,2.45
한국중부발전㈜신보령발전본부,1,2018-03-14 03:00,SOx,18.17
한국중부발전㈜신보령발전본부,1,2018-03-14 03:00,NOx,15.94
한국중부발전㈜신보령발전본부,1,2018-03-14 03:30,TSP,2.07
한국중부발전㈜신보령발전본부,1,2018-03-14 03:30,SOx,18.46
한국중부발전㈜신보령발전본부,1,2018-03-14 03:30,NOx,15.05
한국중부발전㈜신보령발전본부,1,2018-03-14 04:00,TSP,1.96
한국중부발전㈜신보령발전본부,1,2018-03-14 04:00,SOx,18.38
한국중부발전㈜신보령발전본부,1,2018-03-14 04:00,NOx,16.06
한국중부발전㈜신보령발전본부,1,2018-03-14 04:30,TSP,2.05
한국중부발전㈜신보령발전본부,1,2018-03-14 04:30,SOx,18.65
한국중부발전㈜신보령발전본부,1,2018-03-14 04:30,NOx,16.09
한국중부발전㈜신보령발전본부,1,2018-03-14 05:00,TSP,2.08
한국중부발전㈜신보령발전본부,1,2018-03-14 05:00,SOx,19.01
한국중부발전㈜신보령발전본부,1,2018-03-14 05:00,NOx,16.33
한국중부발전㈜신보령발전본부,1,2018-03-14 05:30,TSP,2.05
한국중부발전㈜신보령발전본부,1,2018-03-14 05:30,SOx,18.95
한국중부발전㈜신보령발전본부,1,2018-03-14 05:30,NOx,15.07
한국중부발전㈜신보령발전본부,1,2018-03-14 06:00,TSP,2.2
한국중부발전㈜신보령발전본부,1,2018-03-14 06:00,SOx,18.98
한국중부발전㈜신보령발전본부,1,2018-03-14 06:00,NOx,15.64
한국중부발전㈜신보령발전본부,1,2018-03-14 06:30,TSP,2.19
한국중부발전㈜신보령발전본부,1,2018-03-14 06:30,SOx,18.9
한국중부발전㈜신보령발전본부,1,2018-03-14 06:30,NOx,16.16
한국중부발전㈜신보령발전본부,1,2018-03-14 07:00,TSP,2.12
한국중부발전㈜신보령발전본부,1,2018-03-14 07:00,SOx,18.92
한국중부발전㈜신보령발전본부,1,2018-03-14 07:00,NOx,16.54
한국중부발전㈜신보령발전본부,1,2018-03-14 07:30,TSP,2.31
한국중부발전㈜신보령발전본부,1,2018-03-14 07:30,SOx,18.75
한국중부발전㈜신보령발전본부,1,2018-03-14 07:30,NOx,16.61
한국중부발전㈜신보령발전본부,1,2018-03-14 08:00,TSP,2.47
한국중부발전㈜신보령발전본부,1,2018-03-14 08:00,SOx,18.88
한국중부발전㈜신보령발전본부,1,2018-03-14 08:00,NOx,16.31
한국중부발전㈜신보령발전본부,1,2018-03-14 08:30,TSP,2.51
한국중부발전㈜신보령발전본부,1,2018-03-14 08:30,SOx,19.33
한국중부발전㈜신보령발전본부,1,2018-03-14 08:30,NOx,15.93
한국중부발전㈜신보령발전본부,1,2018-03-14 09:00,TSP,2.36
한국중부발전㈜신보령발전본부,1,2018-03-14 09:00,SOx,19.41
한국중부발전㈜신보령발전본부,1,2018-03-14 09:00,NOx,15.65
한국중부발전㈜신보령발전본부,1,2018-03-14 09:30,TSP,2.43
한국중부발전㈜신보령발전본부,1,2018-03-14 09:30,SOx,19.66
한국중부발전㈜신보령발전본부,1,2018-03-14 09:30,NOx,15.32
한국중부발전㈜신보령발전본부,1,2018-03-14 10:00,TSP,2.5
한국중부발전㈜신보령발전본부,1,2018-03-14 10:00,SOx,19.68
한국중부발전㈜신보령발전본부,1,2018-03-14 10:00,NOx,15.5
한국중부발전㈜신보령발전본부,1,2018-03-14 10:30,TSP,2.57
한국중부발전㈜신보령발전본부,1,2018-03-14 10:30,SOx,18.16
한국중부발전㈜신보령발전본부,1,2018-03-14 10:30,NOx,16.25
한국중부발전㈜신보령발전본부,1,2018-03-14 11:00,TSP,2.32
한국중부발전㈜신보령발전본부,1,2018-03-14 11:00,SOx,15.91
한국중부발전㈜신보령발전본부,1,2018-03-14 11:00,NOx,16.43
한국중부발전㈜신보령발전본부,1,2018-03-14 11:30,TSP,2.18
한국중부발전㈜신보령발전본부,1,2018-03-14 11:30,SOx,20.14
한국중부발전㈜신보령발전본부,1,2018-03-14 11:30,NOx,16.46
한국중부발전㈜신보령발전본부,1,2018-03-14 12:00,TSP,2.01
한국중부발전㈜신보령발전본부,1,2018-03-14 12:00,SOx,20.18
한국중부발전㈜신보령발전본부,1,2018-03-14 12:00,NOx,16.45
한국중부발전㈜신보령발전본부,1,2018-03-14 12:30,TSP,1.94
한국중부발전㈜신보령발전본부,1,2018-03-14 12:30,SOx,20.32
한국중부발전㈜신보령발전본부,1,2018-03-14 12:30,NOx,15.36
한국중부발전㈜신보령발전본부,1,2018-03-14 13:00,TSP,1.9
한국중부발전㈜신보령발전본부,1,2018-03-14 13:00,SOx,20.31
한국중부발전㈜신보령발전본부,1,2018-03-14 13:00,NOx,14.43
한국중부발전㈜신보령발전본부,1,2018-03-14 13:30,TSP,1.85
한국중부발전㈜신보령발전본부,1,2018-03-14 13:30,SOx,20.42
한국중부발전㈜신보령발전본부,1,2018-03-14 13:30,NOx,13.85
한국중부발전㈜신보령발전본부,1,2018-03-14 14:00,TSP,1.92
한국중부발전㈜신보령발전본부,1,2018-03-14 14:00,SOx,20.73
한국중부발전㈜신보령발전본부,1,2018-03-14 14:00,NOx,15.22
한국중부발전㈜신보령발전본부,1,2018-03-14 14:30,TSP,1.89
한국중부발전㈜신보령발전본부,1,2018-03-14 14:30,SOx,20.54
한국중부발전㈜신보령발전본부,1,2018-03-14 14:30,NOx,15.25
한국중부발전㈜신보령발전본부,1,2018-03-14 15:00,TSP,1.96
한국중부발전㈜신보령발전본부,1,2018-03-14 15:00,SOx,20.4
한국중부발전㈜신보령발전본부,1,2018-03-14 15:00,NOx,13.46
한국중부발전㈜신보령발전본부,1,2018-03-14 15:30,TSP,2.09
한국중부발전㈜신보령발전본부,1,2018-03-14 15:30,SOx,20.73
한국중부발전㈜신보령발전본부,1,2018-03-14 15:30,NOx,10.22
한국중부발전㈜신보령발전본부,1,2018-03-14 16:00,TSP,2.26
한국중부발전㈜신보령발전본부,1,2018-03-14 16:00,SOx,22.07
한국중부발전㈜신보령발전본부,1,2018-03-14 16:00,NOx,13.6
한국중부발전㈜신보령발전본부,1,2018-03-14 16:30,TSP,3.08
한국중부발전㈜신보령발전본부,1,2018-03-14 16:30,SOx,22.93
한국중부발전㈜신보령발전본부,1,2018-03-14 16:30,NOx,15.3
한국중부발전㈜신보령발전본부,1,2018-03-14 17:00,TSP,2.32
한국중부발전㈜신보령발전본부,1,2018-03-14 17:00,SOx,20.09
한국중부발전㈜신보령발전본부,1,2018-03-14 17:00,NOx,15.09
한국중부발전㈜신보령발전본부,1,2018-03-14 17:30,TSP,2.33
한국중부발전㈜신보령발전본부,1,2018-03-14 17:30,SOx,21.17
한국중부발전㈜신보령발전본부,1,2018-03-14 17:30,NOx,14.81
한국중부발전㈜신보령발전본부,1,2018-03-14 18:00,TSP,2.45
한국중부발전㈜신보령발전본부,1,2018-03-14 18:00,SOx,22.36
한국중부발전㈜신보령발전본부,1,2018-03-14 18:00,NOx,14.2
한국중부발전㈜신보령발전본부,1,2018-03-14 18:30,TSP,2.59
한국중부발전㈜신보령발전본부,1,2018-03-14 18:30,SOx,23.66
한국중부발전㈜신보령발전본부,1,2018-03-14 18:30,NOx,13.78
한국중부발전㈜신보령발전본부,1,2018-03-14 19:00,TSP,2.81
한국중부발전㈜신보령발전본부,1,2018-03-14 19:00,SOx,24.48
한국중부발전㈜신보령발전본부,1,2018-03-14 19:00,NOx,11.19
한국중부발전㈜신보령발전본부,1,2018-03-14 19:30,TSP,2.12
한국중부발전㈜신보령발전본부,1,2018-03-14 19:30,SOx,25.26
한국중부발전㈜신보령발전본부,1,2018-03-14 19:30,NOx,12.73
한국중부발전㈜신보령발전본부,1,2018-03-14 20:00,TSP,2.22
한국중부발전㈜신보령발전본부,1,2018-03-14 20:00,SOx,27.21
한국중부발전㈜신보령발전본부,1,2018-03-14 20:00,NOx,10.4
한국중부발전㈜신보령발전본부,1,2018-03-14 20:30,TSP,2.8
한국중부발전㈜신보령발전본부,1,2018-03-14 20:30,SOx,27.92
한국중부발전㈜신보령발전본부,1,2018-03-14 20:30,NOx,11.62
한국중부발전㈜신보령발전본부,1,2018-03-14 21:00,TSP,2.94
한국중부발전㈜신보령발전본부,1,2018-03-14 21:00,SOx,28.36
한국중부발전㈜신보령발전본부,1,2018-03-14 21:00,NOx,11.76
한국중부발전㈜신보령발전본부,1,2018-03-14 21:30,TSP,2.74
한국중부발전㈜신보령발전본부,1,2018-03-14 21:30,SOx,27.93
한국중부발전㈜신보령발전본부,1,2018-03-14 21:30,NOx,14.45
한국중부발전㈜신보령발전본부,1,2018-03-14 22:00,TSP,2.48
한국중부발전㈜신보령발전본부,1,2018-03-14 22:00,SOx,27.49
한국중부발전㈜신보령발전본부,1,2018-03-14 22:00,NOx,23.68
한국중부발전㈜신보령발전본부,1,2018-03-14 22:30,TSP,2.11
한국중부발전㈜신보령발전본부,1,2018-03-14 22:30,SOx,26.81
한국중부발전㈜신보령발전본부,1,2018-03-14 22:30,NOx,12.43
한국중부발전㈜신보령발전본부,1,2018-03-14 23:00,TSP,1.82
한국중부발전㈜신보령발전본부,1,2018-03-14 23:00,SOx,26.14
한국중부발전㈜신보령발전본부,1,2018-03-14 23:00,NOx,15.06
한국중부발전㈜신보령발전본부,1,2018-03-14 23:30,TSP,1.83
한국중부발전㈜신보령발전본부,1,2018-03-14 23:30,SOx,26.38
한국중부발전㈜신보령발전본부,1,2018-03-14 23:30,NOx,15.06
한국중부발전㈜신보령발전본부,1,2018-03-15 00:00,TSP,2.48
한국중부발전㈜신보령발전본부,1,2018-03-15 00:00,SOx,26.1
한국중부발전㈜신보령발전본부,1,2018-03-15 00:00,NOx,16.44
한국중부발전㈜신보령발전본부,1,2018-03-15 00:30,TSP,2.05
한국중부발전㈜신보령발전본부,1,2018-03-15 00:30,SOx,26.09
한국중부발전㈜신보령발전본부,1,2018-03-15 00:30,NOx,15.59
한국중부발전㈜신보령발전본부,1,2018-03-15 01:00,TSP,2.11
한국중부발전㈜신보령발전본부,1,2018-03-15 01:00,SOx,25.15
한국중부발전㈜신보령발전본부,1,2018-03-15 01:00,NOx,15.68
한국중부발전㈜신보령발전본부,1,2018-03-15 01:30,TSP,2.23
한국중부발전㈜신보령발전본부,1,2018-03-15 01:30,SOx,24.39
한국중부발전㈜신보령발전본부,1,2018-03-15 01:30,NOx,15.95
한국중부발전㈜신보령발전본부,1,2018-03-15 02:00,TSP,2.2
한국중부발전㈜신보령발전본부,1,2018-03-15 02:00,SOx,23.85
한국중부발전㈜신보령발전본부,1,2018-03-15 02:00,NOx,15.95
한국중부발전㈜신보령발전본부,1,2018-03-15 02:30,TSP,2.53
한국중부발전㈜신보령발전본부,1,2018-03-15 02:30,SOx,23.7
한국중부발전㈜신보령발전본부,1,2018-03-15 02:30,NOx,15.55
한국중부발전㈜신보령발전본부,1,2018-03-15 03:00,TSP,2.18
한국중부발전㈜신보령발전본부,1,2018-03-15 03:00,SOx,24.07
한국중부발전㈜신보령발전본부,1,2018-03-15 03:00,NOx,15.59
한국중부발전㈜신보령발전본부,1,2018-03-15 03:30,TSP,1.78
한국중부발전㈜신보령발전본부,1,2018-03-15 03:30,SOx,24.85
한국중부발전㈜신보령발전본부,1,2018-03-15 03:30,NOx,15.05
한국중부발전㈜신보령발전본부,1,2018-03-15 04:00,TSP,1.84
한국중부발전㈜신보령발전본부,1,2018-03-15 04:00,SOx,25.91
한국중부발전㈜신보령발전본부,1,2018-03-15 04:00,NOx,15.71
한국중부발전㈜신보령발전본부,1,2018-03-15 04:30,TSP,1.9
한국중부발전㈜신보령발전본부,1,2018-03-15 04:30,SOx,26.34
한국중부발전㈜신보령발전본부,1,2018-03-15 04:30,NOx,15.46
한국중부발전㈜신보령발전본부,1,2018-03-15 05:00,TSP,1.78
한국중부발전㈜신보령발전본부,1,2018-03-15 05:00,SOx,26.61
한국중부발전㈜신보령발전본부,1,2018-03-15 05:00,NOx,15.96
한국중부발전㈜신보령발전본부,1,2018-03-15 05:30,TSP,1.63
한국중부발전㈜신보령발전본부,1,2018-03-15 05:30,SOx,26.7
한국중부발전㈜신보령발전본부,1,2018-03-15 05:30,NOx,16.02
한국중부발전㈜신보령발전본부,1,2018-03-15 06:00,TSP,1.59
한국중부발전㈜신보령발전본부,1,2018-03-15 06:00,SOx,26.39
한국중부발전㈜신보령발전본부,1,2018-03-15 06:00,NOx,16.22
한국중부발전㈜신보령발전본부,1,2018-03-15 06:30,TSP,1.63
한국중부발전㈜신보령발전본부,1,2018-03-15 06:30,SOx,26.3
한국중부발전㈜신보령발전본부,1,2018-03-15 06:30,NOx,15.88
한국중부발전㈜신보령발전본부,1,2018-03-15 07:00,TSP,1.63
한국중부발전㈜신보령발전본부,1,2018-03-15 07:00,SOx,26.46
한국중부발전㈜신보령발전본부,1,2018-03-15 07:00,NOx,15.65
한국중부발전㈜신보령발전본부,1,2018-03-15 07:30,TSP,1.55
한국중부발전㈜신보령발전본부,1,2018-03-15 07:30,SOx,25.79
한국중부발전㈜신보령발전본부,1,2018-03-15 07:30,NOx,15.88
한국중부발전㈜신보령발전본부,1,2018-03-15 08:00,TSP,1.94
한국중부발전㈜신보령발전본부,1,2018-03-15 08:00,SOx,25.75
한국중부발전㈜신보령발전본부,1,2018-03-15 08:00,NOx,16.63
한국중부발전㈜신보령발전본부,1,2018-03-15 08:30,TSP,1.82
한국중부발전㈜신보령발전본부,1,2018-03-15 08:30,SOx,25.19
한국중부발전㈜신보령발전본부,1,2018-03-15 08:30,NOx,15.63
한국중부발전㈜신보령발전본부,1,2018-03-15 09:00,TSP,1.9
한국중부발전㈜신보령발전본부,1,2018-03-15 09:00,SOx,24.59
한국중부발전㈜신보령발전본부,1,2018-03-15 09:00,NOx,16.06
한국중부발전㈜신보령발전본부,1,2018-03-15 09:30,TSP,2.01
한국중부발전㈜신보령발전본부,1,2018-03-15 09:30,SOx,24.43
한국중부발전㈜신보령발전본부,1,2018-03-15 09:30,NOx,17.59
한국중부발전㈜신보령발전본부,1,2018-03-15 10:00,TSP,2.13
한국중부발전㈜신보령발전본부,1,2018-03-15 10:00,SOx,24.39
한국중부발전㈜신보령발전본부,1,2018-03-15 10:00,NOx,17.05
한국중부발전㈜신보령발전본부,1,2018-03-15 10:30,TSP,2.21
한국중부발전㈜신보령발전본부,1,2018-03-15 10:30,SOx,25.04
한국중부발전㈜신보령발전본부,1,2018-03-15 10:30,NOx,17.38
한국중부발전㈜신보령발전본부,1,2018-03-15 11:00,TSP,1.93
한국중부발전㈜신보령발전본부,1,2018-03-15 11:00,SOx,25.62
한국중부발전㈜신보령발전본부,1,2018-03-15 11:00,NOx,16.27
한국중부발전㈜신보령발전본부,1,2018-03-15 11:30,TSP,1.55
한국중부발전㈜신보령발전본부,1,2018-03-15 11:30,SOx,25.9
한국중부발전㈜신보령발전본부,1,2018-03-15 11:30,NOx,16.27
한국중부발전㈜신보령발전본부,1,2018-03-15 12:00,TSP,1.53
한국중부발전㈜신보령발전본부,1,2018-03-15 12:00,SOx,25.88
한국중부발전㈜신보령발전본부,1,2018-03-15 12:00,NOx,16.6
한국중부발전㈜신보령발전본부,1,2018-03-15 12:30,TSP,1.5
한국중부발전㈜신보령발전본부,1,2018-03-15 12:30,SOx,25.85
한국중부발전㈜신보령발전본부,1,2018-03-15 12:30,NOx,15.29
한국중부발전㈜신보령발전본부,1,2018-03-15 13:00,TSP,1.43
한국중부발전㈜신보령발전본부,1,2018-03-15 13:00,SOx,25.74
한국중부발전㈜신보령발전본부,1,2018-03-15 13:00,NOx,15.58
한국중부발전㈜신보령발전본부,1,2018-03-15 13:30,TSP,1.43
한국중부발전㈜신보령발전본부,1,2018-03-15 13:30,SOx,25.58
한국중부발전㈜신보령발전본부,1,2018-03-15 13:30,NOx,15.43
한국중부발전㈜신보령발전본부,1,2018-03-15 14:00,TSP,1.42
한국중부발전㈜신보령발전본부,1,2018-03-15 14:00,SOx,25.52
한국중부발전㈜신보령발전본부,1,2018-03-15 14:00,NOx,15.82
한국중부발전㈜신보령발전본부,1,2018-03-15 14:30,TSP,1.39
한국중부발전㈜신보령발전본부,1,2018-03-15 14:30,SOx,25.26
한국중부발전㈜신보령발전본부,1,2018-03-15 14:30,NOx,17.32
한국중부발전㈜신보령발전본부,1,2018-03-15 15:00,TSP,1.4
한국중부발전㈜신보령발전본부,1,2018-03-15 15:00,SOx,25.6
한국중부발전㈜신보령발전본부,1,2018-03-15 15:00,NOx,15.28
한국중부발전㈜신보령발전본부,1,2018-03-15 15:30,TSP,1.36
한국중부발전㈜신보령발전본부,1,2018-03-15 15:30,SOx,25.52
한국중부발전㈜신보령발전본부,1,2018-03-15 15:30,NOx,14.14
한국중부발전㈜신보령발전본부,1,2018-03-15 16:00,TSP,1.6
한국중부발전㈜신보령발전본부,1,2018-03-15 16:00,SOx,25.87
한국중부발전㈜신보령발전본부,1,2018-03-15 16:00,NOx,17.89
한국중부발전㈜신보령발전본부,1,2018-03-15 16:30,TSP,1.56
한국중부발전㈜신보령발전본부,1,2018-03-15 16:30,SOx,26.06
한국중부발전㈜신보령발전본부,1,2018-03-15 16:30,NOx,15.01
한국중부발전㈜신보령발전본부,1,2018-03-15 17:00,TSP,1.6
한국중부발전㈜신보령발전본부,1,2018-03-15 17:00,SOx,26.1
한국중부발전㈜신보령발전본부,1,2018-03-15 17:00,NOx,17.7
한국중부발전㈜신보령발전본부,1,2018-03-15 17:30,TSP,1.67
한국중부발전㈜신보령발전본부,1,2018-03-15 17:30,SOx,26.08
한국중부발전㈜신보령발전본부,1,2018-03-15 17:30,NOx,17.55
한국중부발전㈜신보령발전본부,1,2018-03-15 18:00,TSP,1.82
한국중부발전㈜신보령발전본부,1,2018-03-15 18:00,SOx,26.17
한국중부발전㈜신보령발전본부,1,2018-03-15 18:00,NOx,17.84
한국중부발전㈜신보령발전본부,1,2018-03-15 18:30,TSP,1.91
한국중부발전㈜신보령발전본부,1,2018-03-15 18:30,SOx,26.1
한국중부발전㈜신보령발전본부,1,2018-03-15 18:30,NOx,16.19
한국중부발전㈜신보령발전본부,1,2018-03-15 19:00,TSP,2.23
한국중부발전㈜신보령발전본부,1,2018-03-15 19:00,SOx,25.43
한국중부발전㈜신보령발전본부,1,2018-03-15 19:00,NOx,19.26
한국중부발전㈜신보령발전본부,1,2018-03-15 19:30,TSP,1.58
한국중부발전㈜신보령발전본부,1,2018-03-15 19:30,SOx,25.06
한국중부발전㈜신보령발전본부,1,2018-03-15 19:30,NOx,17.39
한국중부발전㈜신보령발전본부,1,2018-03-15 20:00,TSP,1.66
한국중부발전㈜신보령발전본부,1,2018-03-15 20:00,SOx,25.07
한국중부발전㈜신보령발전본부,1,2018-03-15 20:00,NOx,18.41
한국중부발전㈜신보령발전본부,1,2018-03-15 20:30,TSP,1.68
한국중부발전㈜신보령발전본부,1,2018-03-15 20:30,SOx,24.93
한국중부발전㈜신보령발전본부,1,2018-03-15 20:30,NOx,18.36
한국중부발전㈜신보령발전본부,1,2018-03-15 21:00,TSP,1.64
한국중부발전㈜신보령발전본부,1,2018-03-15 21:00,SOx,24.9
한국중부발전㈜신보령발전본부,1,2018-03-15 21:00,NOx,19.2
한국중부발전㈜신보령발전본부,1,2018-03-15 21:30,TSP,1.69
한국중부발전㈜신보령발전본부,1,2018-03-15 21:30,SOx,24.98
한국중부발전㈜신보령발전본부,1,2018-03-15 21:30,NOx,19.98
한국중부발전㈜신보령발전본부,1,2018-03-15 22:00,TSP,1.6
한국중부발전㈜신보령발전본부,1,2018-03-15 22:00,SOx,24.68
한국중부발전㈜신보령발전본부,1,2018-03-15 22:00,NOx,20.16
한국중부발전㈜신보령발전본부,1,2018-03-15 22:30,TSP,1.21
한국중부발전㈜신보령발전본부,1,2018-03-15 22:30,SOx,24.8
한국중부발전㈜신보령발전본부,1,2018-03-15 22:30,NOx,20.03
한국중부발전㈜신보령발전본부,1,2018-03-15 23:00,TSP,1.19
한국중부발전㈜신보령발전본부,1,2018-03-15 23:00,SOx,24.63
한국중부발전㈜신보령발전본부,1,2018-03-15 23:00,NOx,20.09
한국중부발전㈜신보령발전본부,1,2018-03-15 23:30,TSP,1.14
한국중부발전㈜신보령발전본부,1,2018-03-15 23:30,SOx,24.77
한국중부발전㈜신보령발전본부,1,2018-03-15 23:30,NOx,21.92
한국중부발전㈜신보령발전본부,1,2018-03-16 00:00,TSP,1.26
한국중부발전㈜신보령발전본부,1,2018-03-16 00:00,SOx,24.67
한국중부발전㈜신보령발전본부,1,2018-03-16 00:00,NOx,18.91
한국중부발전㈜신보령발전본부,1,2018-03-16 00:30,TSP,1.28
한국중부발전㈜신보령발전본부,1,2018-03-16 00:30,SOx,24.6
한국중부발전㈜신보령발전본부,1,2018-03-16 00:30,NOx,18.09
한국중부발전㈜신보령발전본부,1,2018-03-16 01:00,TSP,1.35
한국중부발전㈜신보령발전본부,1,2018-03-16 01:00,SOx,24.67
한국중부발전㈜신보령발전본부,1,2018-03-16 01:00,NOx,17.85
한국중부발전㈜신보령발전본부,1,2018-03-16 01:30,TSP,1.41
한국중부발전㈜신보령발전본부,1,2018-03-16 01:30,SOx,24.36
한국중부발전㈜신보령발전본부,1,2018-03-16 01:30,NOx,18.02
한국중부발전㈜신보령발전본부,1,2018-03-16 02:00,TSP,1.48
한국중부발전㈜신보령발전본부,1,2018-03-16 02:00,SOx,23.72
한국중부발전㈜신보령발전본부,1,2018-03-16 02:00,NOx,18.38
한국중부발전㈜신보령발전본부,1,2018-03-16 02:30,TSP,1.52
한국중부발전㈜신보령발전본부,1,2018-03-16 02:30,SOx,22.96
한국중부발전㈜신보령발전본부,1,2018-03-16 02:30,NOx,18.83
한국중부발전㈜신보령발전본부,1,2018-03-16 03:00,TSP,1.48
한국중부발전㈜신보령발전본부,1,2018-03-16 03:00,SOx,22.11
한국중부발전㈜신보령발전본부,1,2018-03-16 03:00,NOx,19.07
한국중부발전㈜신보령발전본부,1,2018-03-16 03:30,TSP,1.19
한국중부발전㈜신보령발전본부,1,2018-03-16 03:30,SOx,21.24
한국중부발전㈜신보령발전본부,1,2018-03-16 03:30,NOx,19.47
한국중부발전㈜신보령발전본부,1,2018-03-16 04:00,TSP,1.16
한국중부발전㈜신보령발전본부,1,2018-03-16 04:00,SOx,20.45
한국중부발전㈜신보령발전본부,1,2018-03-16 04:00,NOx,19.95
한국중부발전㈜신보령발전본부,1,2018-03-16 04:30,TSP,1.17
한국중부발전㈜신보령발전본부,1,2018-03-16 04:30,SOx,19.54
한국중부발전㈜신보령발전본부,1,2018-03-16 04:30,NOx,21.87
한국중부발전㈜신보령발전본부,1,2018-03-16 05:00,TSP,1.1
한국중부발전㈜신보령발전본부,1,2018-03-16 05:00,SOx,18.67
한국중부발전㈜신보령발전본부,1,2018-03-16 05:00,NOx,21.05
한국중부발전㈜신보령발전본부,1,2018-03-16 05:30,TSP,1.14
한국중부발전㈜신보령발전본부,1,2018-03-16 05:30,SOx,18.12
한국중부발전㈜신보령발전본부,1,2018-03-16 05:30,NOx,19.6
한국중부발전㈜신보령발전본부,1,2018-03-16 06:00,TSP,1.13
한국중부발전㈜신보령발전본부,1,2018-03-16 06:00,SOx,17.57
한국중부발전㈜신보령발전본부,1,2018-03-16 06:00,NOx,20.02
한국중부발전㈜신보령발전본부,1,2018-03-16 06:30,TSP,1.14
한국중부발전㈜신보령발전본부,1,2018-03-16 06:30,SOx,17.33
한국중부발전㈜신보령발전본부,1,2018-03-16 06:30,NOx,20.44
한국중부발전㈜신보령발전본부,1,2018-03-16 07:00,TSP,1.14
한국중부발전㈜신보령발전본부,1,2018-03-16 07:00,SOx,17.28
한국중부발전㈜신보령발전본부,1,2018-03-16 07:00,NOx,20.32
한국중부발전㈜신보령발전본부,1,2018-03-16 07:30,TSP,1.14
한국중부발전㈜신보령발전본부,1,2018-03-16 07:30,SOx,16.96
한국중부발전㈜신보령발전본부,1,2018-03-16 07:30,NOx,19.57
한국중부발전㈜신보령발전본부,1,2018-03-16 08:00,TSP,1.14
한국중부발전㈜신보령발전본부,1,2018-03-16 08:00,SOx,17.03
한국중부발전㈜신보령발전본부,1,2018-03-16 08:00,NOx,20.58
한국중부발전㈜신보령발전본부,1,2018-03-16 08:30,TSP,1.14
한국중부발전㈜신보령발전본부,1,2018-03-16 08:30,SOx,17.0
한국중부발전㈜신보령발전본부,1,2018-03-16 08:30,NOx,19.85
한국중부발전㈜신보령발전본부,1,2018-03-16 09:00,TSP,1.14
한국중부발전㈜신보령발전본부,1,2018-03-16 09:00,SOx,17.04
한국중부발전㈜신보령발전본부,1,2018-03-16 09:00,NOx,20.45
한국중부발전㈜신보령발전본부,1,2018-03-16 09:30,TSP,1.14
한국중부발전㈜신보령발전본부,1,2018-03-16 09:30,SOx,16.9
한국중부발전㈜신보령발전본부,1,2018-03-16 09:30,NOx,18.86
한국중부발전㈜신보령발전본부,1,2018-03-16 10:00,TSP,1.4
한국중부발전㈜신보령발전본부,1,2018-03-16 10:00,SOx,17.21
한국중부발전㈜신보령발전본부,1,2018-03-16 10:00,NOx,18.67
한국중부발전㈜신보령발전본부,1,2018-03-16 10:30,TSP,1.39
한국중부발전㈜신보령발전본부,1,2018-03-16 10:30,SOx,17.52
한국중부발전㈜신보령발전본부,1,2018-03-16 10:30,NOx,19.03
한국중부발전㈜신보령발전본부,1,2018-03-16 11:00,TSP,1.4
한국중부발전㈜신보령발전본부,1,2018-03-16 11:00,SOx,17.47
한국중부발전㈜신보령발전본부,1,2018-03-16 11:00,NOx,19.25
한국중부발전㈜신보령발전본부,1,2018-03-16 11:30,TSP,1.15
한국중부발전㈜신보령발전본부,1,2018-03-16 11:30,SOx,17.3
한국중부발전㈜신보령발전본부,1,2018-03-16 11:30,NOx,19.49
한국중부발전㈜신보령발전본부,1,2018-03-16 12:00,TSP,1.18
한국중부발전㈜신보령발전본부,1,2018-03-16 12:00,SOx,17.42
한국중부발전㈜신보령발전본부,1,2018-03-16 12:00,NOx,19.31
한국중부발전㈜신보령발전본부,1,2018-03-16 12:30,TSP,1.14
한국중부발전㈜신보령발전본부,1,2018-03-16 12:30,SOx,17.38
한국중부발전㈜신보령발전본부,1,2018-03-16 12:30,NOx,18.72
한국중부발전㈜신보령발전본부,1,2018-03-16 13:00,TSP,1.18
한국중부발전㈜신보령발전본부,1,2018-03-16 13:00,SOx,17.47
한국중부발전㈜신보령발전본부,1,2018-03-16 13:00,NOx,17.15
한국중부발전㈜신보령발전본부,1,2018-03-16 13:30,TSP,1.2
한국중부발전㈜신보령발전본부,1,2018-03-16 13:30,SOx,17.57
한국중부발전㈜신보령발전본부,1,2018-03-16 13:30,NOx,17.54
한국중부발전㈜신보령발전본부,1,2018-03-16 14:00,TSP,1.2
한국중부발전㈜신보령발전본부,1,2018-03-16 14:00,SOx,17.86
한국중부발전㈜신보령발전본부,1,2018-03-16 14:00,NOx,17.58
한국중부발전㈜신보령발전본부,1,2018-03-16 14:30,TSP,1.15
한국중부발전㈜신보령발전본부,1,2018-03-16 14:30,SOx,17.68
한국중부발전㈜신보령발전본부,1,2018-03-16 14:30,NOx,16.7
한국중부발전㈜신보령발전본부,1,2018-03-16 15:00,TSP,1.14
한국중부발전㈜신보령발전본부,1,2018-03-16 15:00,SOx,17.75
한국중부발전㈜신보령발전본부,1,2018-03-16 15:00,NOx,17.55
한국중부발전㈜신보령발전본부,1,2018-03-16 15:30,TSP,1.16
한국중부발전㈜신보령발전본부,1,2018-03-16 15:30,SOx,17.88
한국중부발전㈜신보령발전본부,1,2018-03-16 15:30,NOx,17.53
한국중부발전㈜신보령발전본부,1,2018-03-16 16:00,TSP,1.32
한국중부발전㈜신보령발전본부,1,2018-03-16 16:00,SOx,17.75
한국중부발전㈜신보령발전본부,1,2018-03-16 16:00,NOx,16.42
한국중부발전㈜신보령발전본부,1,2018-03-16 16:30,TSP,1.29
한국중부발전㈜신보령발전본부,1,2018-03-16 16:30,SOx,17.85
한국중부발전㈜신보령발전본부,1,2018-03-16 16:30,NOx,16.55
한국중부발전㈜신보령발전본부,1,2018-03-16 17:00,TSP,1.42
한국중부발전㈜신보령발전본부,1,2018-03-16 17:00,SOx,18.07
한국중부발전㈜신보령발전본부,1,2018-03-16 17:00,NOx,16.35
한국중부발전㈜신보령발전본부,1,2018-03-16 17:30,TSP,1.47
한국중부발전㈜신보령발전본부,1,2018-03-16 17:30,SOx,18.14
한국중부발전㈜신보령발전본부,1,2018-03-16 17:30,NOx,16.45
한국중부발전㈜신보령발전본부,1,2018-03-16 18:00,TSP,1.54
한국중부발전㈜신보령발전본부,1,2018-03-16 18:00,SOx,18.34
한국중부발전㈜신보령발전본부,1,2018-03-16 18:00,NOx,15.22
한국중부발전㈜신보령발전본부,1,2018-03-16 18:30,TSP,1.62
한국중부발전㈜신보령발전본부,1,2018-03-16 18:30,SOx,18.39
한국중부발전㈜신보령발전본부,1,2018-03-16 18:30,NOx,15.44
한국중부발전㈜신보령발전본부,1,2018-03-16 19:00,TSP,1.85
한국중부발전㈜신보령발전본부,1,2018-03-16 19:00,SOx,18.47
한국중부발전㈜신보령발전본부,1,2018-03-16 19:00,NOx,15.85
한국중부발전㈜신보령발전본부,1,2018-03-16 19:30,TSP,1.42
한국중부발전㈜신보령발전본부,1,2018-03-16 19:30,SOx,18.55
한국중부발전㈜신보령발전본부,1,2018-03-16 19:30,NOx,16.34
한국중부발전㈜신보령발전본부,1,2018-03-16 20:00,TSP,1.48
한국중부발전㈜신보령발전본부,1,2018-03-16 20:00,SOx,18.98
한국중부발전㈜신보령발전본부,1,2018-03-16 20:00,NOx,17.03
한국중부발전㈜신보령발전본부,1,2018-03-16 20:30,TSP,1.47
한국중부발전㈜신보령발전본부,1,2018-03-16 20:30,SOx,19.46
한국중부발전㈜신보령발전본부,1,2018-03-16 20:30,NOx,17.41
한국중부발전㈜신보령발전본부,1,2018-03-16 21:00,TSP,1.53
한국중부발전㈜신보령발전본부,1,2018-03-16 21:00,SOx,19.74
한국중부발전㈜신보령발전본부,1,2018-03-16 21:00,NOx,17.44
한국중부발전㈜신보령발전본부,1,2018-03-16 21:30,TSP,1.65
한국중부발전㈜신보령발전본부,1,2018-03-16 21:30,SOx,19.96
한국중부발전㈜신보령발전본부,1,2018-03-16 21:30,NOx,18.03
한국중부발전㈜신보령발전본부,1,2018-03-16 22:00,TSP,1.48
한국중부발전㈜신보령발전본부,1,2018-03-16 22:00,SOx,19.97
한국중부발전㈜신보령발전본부,1,2018-03-16 22:00,NOx,17.35
한국중부발전㈜신보령발전본부,1,2018-03-16 22:30,TSP,1.23
한국중부발전㈜신보령발전본부,1,2018-03-16 22:30,SOx,19.99
한국중부발전㈜신보령발전본부,1,2018-03-16 22:30,NOx,17.06
한국중부발전㈜신보령발전본부,1,2018-03-16 23:00,TSP,1.23
한국중부발전㈜신보령발전본부,1,2018-03-16 23:00,SOx,20.15
한국중부발전㈜신보령발전본부,1,2018-03-16 23:00,NOx,18.94
한국중부발전㈜신보령발전본부,1,2018-03-16 23:30,TSP,1.21
한국중부발전㈜신보령발전본부,1,2018-03-16 23:30,SOx,20.57
한국중부발전㈜신보령발전본부,1,2018-03-16 23:30,NOx,19.14
한국중부발전㈜신보령발전본부,1,2018-03-17 00:00,TSP,1.32
한국중부발전㈜신보령발전본부,1,2018-03-17 00:00,SOx,20.58
한국중부발전㈜신보령발전본부,1,2018-03-17 00:00,NOx,19.86
한국중부발전㈜신보령발전본부,1,2018-03-17 00:30,TSP,1.26
한국중부발전㈜신보령발전본부,1,2018-03-17 00:30,SOx,20.37
한국중부발전㈜신보령발전본부,1,2018-03-17 00:30,NOx,20.54
한국중부발전㈜신보령발전본부,1,2018-03-17 01:00,TSP,1.34
한국중부발전㈜신보령발전본부,1,2018-03-17 01:00,SOx,20.33
한국중부발전㈜신보령발전본부,1,2018-03-17 01:00,NOx,18.48
한국중부발전㈜신보령발전본부,1,2018-03-17 01:30,TSP,1.34
한국중부발전㈜신보령발전본부,1,2018-03-17 01:30,SOx,20.35
한국중부발전㈜신보령발전본부,1,2018-03-17 01:30,NOx,18.62
한국중부발전㈜신보령발전본부,1,2018-03-17 02:00,TSP,1.45
한국중부발전㈜신보령발전본부,1,2018-03-17 02:00,SOx,20.07
한국중부발전㈜신보령발전본부,1,2018-03-17 02:00,NOx,18.34
한국중부발전㈜신보령발전본부,1,2018-03-17 02:30,TSP,1.56
한국중부발전㈜신보령발전본부,1,2018-03-17 02:30,SOx,19.96
한국중부발전㈜신보령발전본부,1,2018-03-17 02:30,NOx,19.56
한국중부발전㈜신보령발전본부,1,2018-03-17 03:00,TSP,1.41
한국중부발전㈜신보령발전본부,1,2018-03-17 03:00,SOx,19.84
한국중부발전㈜신보령발전본부,1,2018-03-17 03:00,NOx,19.54
한국중부발전㈜신보령발전본부,1,2018-03-17 03:30,TSP,1.25
한국중부발전㈜신보령발전본부,1,2018-03-17 03:30,SOx,20.23
한국중부발전㈜신보령발전본부,1,2018-03-17 03:30,NOx,19.56
한국중부발전㈜신보령발전본부,1,2018-03-17 04:00,TSP,1.23
한국중부발전㈜신보령발전본부,1,2018-03-17 04:00,SOx,20.45
한국중부발전㈜신보령발전본부,1,2018-03-17 04:00,NOx,19.65
한국중부발전㈜신보령발전본부,1,2018-03-17 04:30,TSP,1.23
한국중부발전㈜신보령발전본부,1,2018-03-17 04:30,SOx,20.84
한국중부발전㈜신보령발전본부,1,2018-03-17 04:30,NOx,19.38
한국중부발전㈜신보령발전본부,1,2018-03-17 05:00,TSP,1.19
한국중부발전㈜신보령발전본부,1,2018-03-17 05:00,SOx,21.29
한국중부발전㈜신보령발전본부,1,2018-03-17 05:00,NOx,18.94
한국중부발전㈜신보령발전본부,1,2018-03-17 05:30,TSP,1.2
한국중부발전㈜신보령발전본부,1,2018-03-17 05:30,SOx,21.27
한국중부발전㈜신보령발전본부,1,2018-03-17 05:30,NOx,18.72
한국중부발전㈜신보령발전본부,1,2018-03-17 06:00,TSP,1.18
한국중부발전㈜신보령발전본부,1,2018-03-17 06:00,SOx,21.04
한국중부발전㈜신보령발전본부,1,2018-03-17 06:00,NOx,18.5
한국중부발전㈜신보령발전본부,1,2018-03-17 06:30,TSP,1.24
한국중부발전㈜신보령발전본부,1,2018-03-17 06:30,SOx,20.97
한국중부발전㈜신보령발전본부,1,2018-03-17 06:30,NOx,19.66
한국중부발전㈜신보령발전본부,1,2018-03-17 07:00,TSP,1.19
한국중부발전㈜신보령발전본부,1,2018-03-17 07:00,SOx,21.06
한국중부발전㈜신보령발전본부,1,2018-03-17 07:00,NOx,20.04
한국중부발전㈜신보령발전본부,1,2018-03-17 07:30,TSP,1.11
한국중부발전㈜신보령발전본부,1,2018-03-17 07:30,SOx,20.96
한국중부발전㈜신보령발전본부,1,2018-03-17 07:30,NOx,21.9
한국중부발전㈜신보령발전본부,1,2018-03-17 08:00,TSP,1.29
한국중부발전㈜신보령발전본부,1,2018-03-17 08:00,SOx,20.93
한국중부발전㈜신보령발전본부,1,2018-03-17 08:00,NOx,22.16
한국중부발전㈜신보령발전본부,1,2018-03-17 08:30,TSP,1.2
한국중부발전㈜신보령발전본부,1,2018-03-17 08:30,SOx,20.72
한국중부발전㈜신보령발전본부,1,2018-03-17 08:30,NOx,21.92
한국중부발전㈜신보령발전본부,1,2018-03-17 09:00,TSP,1.28
한국중부발전㈜신보령발전본부,1,2018-03-17 09:00,SOx,20.52
한국중부발전㈜신보령발전본부,1,2018-03-17 09:00,NOx,21.24
한국중부발전㈜신보령발전본부,1,2018-03-17 09:30,TSP,1.42
한국중부발전㈜신보령발전본부,1,2018-03-17 09:30,SOx,20.84
한국중부발전㈜신보령발전본부,1,2018-03-17 09:30,NOx,20.41
한국중부발전㈜신보령발전본부,1,2018-03-17 10:00,TSP,1.43
한국중부발전㈜신보령발전본부,1,2018-03-17 10:00,SOx,20.85
한국중부발전㈜신보령발전본부,1,2018-03-17 10:00,NOx,20.3
한국중부발전㈜신보령발전본부,1,2018-03-17 10:30,TSP,1.51
한국중부발전㈜신보령발전본부,1,2018-03-17 10:30,SOx,21.1
한국중부발전㈜신보령발전본부,1,2018-03-17 10:30,NOx,21.37
한국중부발전㈜신보령발전본부,1,2018-03-17 11:00,TSP,1.43
한국중부발전㈜신보령발전본부,1,2018-03-17 11:00,SOx,20.76
한국중부발전㈜신보령발전본부,1,2018-03-17 11:00,NOx,21.17
한국중부발전㈜신보령발전본부,1,2018-03-17 11:30,TSP,1.21
한국중부발전㈜신보령발전본부,1,2018-03-17 11:30,SOx,20.73
한국중부발전㈜신보령발전본부,1,2018-03-17 11:30,NOx,19.36
한국중부발전㈜신보령발전본부,1,2018-03-17 12:00,TSP,1.14
한국중부발전㈜신보령발전본부,1,2018-03-17 12:00,SOx,20.47
한국중부발전㈜신보령발전본부,1,2018-03-17 12:00,NOx,22.46
한국중부발전㈜신보령발전본부,1,2018-03-17 12:30,TSP,1.17
한국중부발전㈜신보령발전본부,1,2018-03-17 12:30,SOx,20.24
한국중부발전㈜신보령발전본부,1,2018-03-17 12:30,NOx,19.82
한국중부발전㈜신보령발전본부,1,2018-03-17 13:00,TSP,1.17
한국중부발전㈜신보령발전본부,1,2018-03-17 13:00,SOx,20.46
한국중부발전㈜신보령발전본부,1,2018-03-17 13:00,NOx,19.62
한국중부발전㈜신보령발전본부,1,2018-03-17 13:30,TSP,1.16
한국중부발전㈜신보령발전본부,1,2018-03-17 13:30,SOx,20.2
한국중부발전㈜신보령발전본부,1,2018-03-17 13:30,NOx,20.03
한국중부발전㈜신보령발전본부,1,2018-03-17 14:00,TSP,1.15
한국중부발전㈜신보령발전본부,1,2018-03-17 14:00,SOx,20.26
한국중부발전㈜신보령발전본부,1,2018-03-17 14:00,NOx,19.52
한국중부발전㈜신보령발전본부,1,2018-03-17 14:30,TSP,1.16
한국중부발전㈜신보령발전본부,1,2018-03-17 14:30,SOx,20.03
한국중부발전㈜신보령발전본부,1,2018-03-17 14:30,NOx,17.75
한국중부발전㈜신보령발전본부,1,2018-03-17 15:00,TSP,1.21
한국중부발전㈜신보령발전본부,1,2018-03-17 15:00,SOx,19.85
한국중부발전㈜신보령발전본부,1,2018-03-17 15:00,NOx,19.56
한국중부발전㈜신보령발전본부,1,2018-03-17 15:30,TSP,1.21
한국중부발전㈜신보령발전본부,1,2018-03-17 15:30,SOx,19.75
한국중부발전㈜신보령발전본부,1,2018-03-17 15:30,NOx,17.38
한국중부발전㈜신보령발전본부,1,2018-03-17 16:00,TSP,1.3
한국중부발전㈜신보령발전본부,1,2018-03-17 16:00,SOx,20.1
한국중부발전㈜신보령발전본부,1,2018-03-17 16:00,NOx,19.4
한국중부발전㈜신보령발전본부,1,2018-03-17 16:30,TSP,1.29
한국중부발전㈜신보령발전본부,1,2018-03-17 16:30,SOx,20.45
한국중부발전㈜신보령발전본부,1,2018-03-17 16:30,NOx,18.72
한국중부발전㈜신보령발전본부,1,2018-03-17 17:00,TSP,1.37
한국중부발전㈜신보령발전본부,1,2018-03-17 17:00,SOx,20.7
한국중부발전㈜신보령발전본부,1,2018-03-17 17:00,NOx,19.14
한국중부발전㈜신보령발전본부,1,2018-03-17 17:30,TSP,1.6
한국중부발전㈜신보령발전본부,1,2018-03-17 17:30,SOx,21.14
한국중부발전㈜신보령발전본부,1,2018-03-17 17:30,NOx,20.54
한국중부발전㈜신보령발전본부,1,2018-03-17 18:00,TSP,1.58
한국중부발전㈜신보령발전본부,1,2018-03-17 18:00,SOx,21.34
한국중부발전㈜신보령발전본부,1,2018-03-17 18:00,NOx,17.27
한국중부발전㈜신보령발전본부,1,2018-03-17 18:30,TSP,1.6
한국중부발전㈜신보령발전본부,1,2018-03-17 18:30,SOx,21.39
한국중부발전㈜신보령발전본부,1,2018-03-17 18:30,NOx,18.54
한국중부발전㈜신보령발전본부,1,2018-03-17 19:00,TSP,1.82
한국중부발전㈜신보령발전본부,1,2018-03-17 19:00,SOx,21.04
한국중부발전㈜신보령발전본부,1,2018-03-17 19:00,NOx,18.48
한국중부발전㈜신보령발전본부,1,2018-03-17 19:30,TSP,1.32
한국중부발전㈜신보령발전본부,1,2018-03-17 19:30,SOx,21.09
한국중부발전㈜신보령발전본부,1,2018-03-17 19:30,NOx,19.81
한국중부발전㈜신보령발전본부,1,2018-03-17 20:00,TSP,1.35
한국중부발전㈜신보령발전본부,1,2018-03-17 20:00,SOx,20.97
한국중부발전㈜신보령발전본부,1,2018-03-17 20:00,NOx,20.3
한국중부발전㈜신보령발전본부,1,2018-03-17 20:30,TSP,1.33
한국중부발전㈜신보령발전본부,1,2018-03-17 20:30,SOx,20.99
한국중부발전㈜신보령발전본부,1,2018-03-17 20:30,NOx,20.26
한국중부발전㈜신보령발전본부,1,2018-03-17 21:00,TSP,1.38
한국중부발전㈜신보령발전본부,1,2018-03-17 21:00,SOx,21.16
한국중부발전㈜신보령발전본부,1,2018-03-17 21:00,NOx,18.53
한국중부발전㈜신보령발전본부,1,2018-03-17 21:30,TSP,1.43
한국중부발전㈜신보령발전본부,1,2018-03-17 21:30,SOx,21.17
한국중부발전㈜신보령발전본부,1,2018-03-17 21:30,NOx,18.59
한국중부발전㈜신보령발전본부,1,2018-03-17 22:00,TSP,1.35
한국중부발전㈜신보령발전본부,1,2018-03-17 22:00,SOx,20.87
한국중부발전㈜신보령발전본부,1,2018-03-17 22:00,NOx,19.2
한국중부발전㈜신보령발전본부,1,2018-03-17 22:30,TSP,1.1
한국중부발전㈜신보령발전본부,1,2018-03-17 22:30,SOx,20.7
한국중부발전㈜신보령발전본부,1,2018-03-17 22:30,NOx,19.16
한국중부발전㈜신보령발전본부,1,2018-03-17 23:00,TSP,1.09
한국중부발전㈜신보령발전본부,1,2018-03-17 23:00,SOx,20.23
한국중부발전㈜신보령발전본부,1,2018-03-17 23:00,NOx,18.68
한국중부발전㈜신보령발전본부,1,2018-03-17 23:30,TSP,1.05
한국중부발전㈜신보령발전본부,1,2018-03-17 23:30,SOx,20.11
한국중부발전㈜신보령발전본부,1,2018-03-17 23:30,NOx,20.06
한국중부발전㈜신보령발전본부,1,2018-03-18 00:00,TSP,1.14
한국중부발전㈜신보령발전본부,1,2018-03-18 00:00,SOx,19.78
한국중부발전㈜신보령발전본부,1,2018-03-18 00:00,NOx,19.15
한국중부발전㈜신보령발전본부,1,2018-03-18 00:30,TSP,1.18
한국중부발전㈜신보령발전본부,1,2018-03-18 00:30,SOx,19.69
한국중부발전㈜신보령발전본부,1,2018-03-18 00:30,NOx,20.84
한국중부발전㈜신보령발전본부,1,2018-03-18 01:00,TSP,1.24
한국중부발전㈜신보령발전본부,1,2018-03-18 01:00,SOx,20.19
한국중부발전㈜신보령발전본부,1,2018-03-18 01:00,NOx,22.19
한국중부발전㈜신보령발전본부,1,2018-03-18 01:30,TSP,1.34
한국중부발전㈜신보령발전본부,1,2018-03-18 01:30,SOx,21.14
한국중부발전㈜신보령발전본부,1,2018-03-18 01:30,NOx,19.28
한국중부발전㈜신보령발전본부,1,2018-03-18 02:00,TSP,1.45
한국중부발전㈜신보령발전본부,1,2018-03-18 02:00,SOx,21.92
한국중부발전㈜신보령발전본부,1,2018-03-18 02:00,NOx,19.27
한국중부발전㈜신보령발전본부,1,2018-03-18 02:30,TSP,1.59
한국중부발전㈜신보령발전본부,1,2018-03-18 02:30,SOx,22.78
한국중부발전㈜신보령발전본부,1,2018-03-18 02:30,NOx,19.56
한국중부발전㈜신보령발전본부,1,2018-03-18 03:00,TSP,1.53
한국중부발전㈜신보령발전본부,1,2018-03-18 03:00,SOx,23.87
한국중부발전㈜신보령발전본부,1,2018-03-18 03:00,NOx,18.53
한국중부발전㈜신보령발전본부,1,2018-03-18 03:30,TSP,1.34
한국중부발전㈜신보령발전본부,1,2018-03-18 03:30,SOx,24.9
한국중부발전㈜신보령발전본부,1,2018-03-18 03:30,NOx,18.6
한국중부발전㈜신보령발전본부,1,2018-03-18 04:00,TSP,1.39
한국중부발전㈜신보령발전본부,1,2018-03-18 04:00,SOx,25.75
한국중부발전㈜신보령발전본부,1,2018-03-18 04:00,NOx,17.75
한국중부발전㈜신보령발전본부,1,2018-03-18 04:30,TSP,1.42
한국중부발전㈜신보령발전본부,1,2018-03-18 04:30,SOx,26.57
한국중부발전㈜신보령발전본부,1,2018-03-18 04:30,NOx,18.79
한국중부발전㈜신보령발전본부,1,2018-03-18 05:00,TSP,1.42
한국중부발전㈜신보령발전본부,1,2018-03-18 05:00,SOx,26.86
한국중부발전㈜신보령발전본부,1,2018-03-18 05:00,NOx,19.69
한국중부발전㈜신보령발전본부,1,2018-03-18 05:30,TSP,1.42
한국중부발전㈜신보령발전본부,1,2018-03-18 05:30,SOx,26.96
한국중부발전㈜신보령발전본부,1,2018-03-18 05:30,NOx,19.15
한국중부발전㈜신보령발전본부,1,2018-03-18 06:00,TSP,1.38
한국중부발전㈜신보령발전본부,1,2018-03-18 06:00,SOx,26.94
한국중부발전㈜신보령발전본부,1,2018-03-18 06:00,NOx,18.39
한국중부발전㈜신보령발전본부,1,2018-03-18 06:30,TSP,1.33
한국중부발전㈜신보령발전본부,1,2018-03-18 06:30,SOx,26.46
한국중부발전㈜신보령발전본부,1,2018-03-18 06:30,NOx,18.04
한국중부발전㈜신보령발전본부,1,2018-03-18 07:00,TSP,1.3
한국중부발전㈜신보령발전본부,1,2018-03-18 07:00,SOx,26.75
한국중부발전㈜신보령발전본부,1,2018-03-18 07:00,NOx,19.01
한국중부발전㈜신보령발전본부,1,2018-03-18 07:30,TSP,1.3
한국중부발전㈜신보령발전본부,1,2018-03-18 07:30,SOx,26.92
한국중부발전㈜신보령발전본부,1,2018-03-18 07:30,NOx,20.6
한국중부발전㈜신보령발전본부,1,2018-03-18 08:00,TSP,1.44
한국중부발전㈜신보령발전본부,1,2018-03-18 08:00,SOx,27.34
한국중부발전㈜신보령발전본부,1,2018-03-18 08:00,NOx,20.82
한국중부발전㈜신보령발전본부,1,2018-03-18 08:30,TSP,1.38
한국중부발전㈜신보령발전본부,1,2018-03-18 08:30,SOx,27.76
한국중부발전㈜신보령발전본부,1,2018-03-18 08:30,NOx,20.25
한국중부발전㈜신보령발전본부,1,2018-03-18 09:00,TSP,1.53
한국중부발전㈜신보령발전본부,1,2018-03-18 09:00,SOx,27.69
한국중부발전㈜신보령발전본부,1,2018-03-18 09:00,NOx,20.46
한국중부발전㈜신보령발전본부,1,2018-03-18 09:30,TSP,1.51
한국중부발전㈜신보령발전본부,1,2018-03-18 09:30,SOx,27.25
한국중부발전㈜신보령발전본부,1,2018-03-18 09:30,NOx,21.16
한국중부발전㈜신보령발전본부,1,2018-03-18 10:00,TSP,1.58
한국중부발전㈜신보령발전본부,1,2018-03-18 10:00,SOx,27.08
한국중부발전㈜신보령발전본부,1,2018-03-18 10:00,NOx,21.2
한국중부발전㈜신보령발전본부,1,2018-03-18 10:30,TSP,1.62
한국중부발전㈜신보령발전본부,1,2018-03-18 10:30,SOx,26.88
한국중부발전㈜신보령발전본부,1,2018-03-18 10:30,NOx,19.52
한국중부발전㈜신보령발전본부,1,2018-03-18 11:00,TSP,1.5
한국중부발전㈜신보령발전본부,1,2018-03-18 11:00,SOx,26.33
한국중부발전㈜신보령발전본부,1,2018-03-18 11:00,NOx,19.06
한국중부발전㈜신보령발전본부,1,2018-03-18 11:30,TSP,1.33
한국중부발전㈜신보령발전본부,1,2018-03-18 11:30,SOx,26.29
한국중부발전㈜신보령발전본부,1,2018-03-18 11:30,NOx,18.25
한국중부발전㈜신보령발전본부,1,2018-03-18 12:00,TSP,1.29
한국중부발전㈜신보령발전본부,1,2018-03-18 12:00,SOx,26.29
한국중부발전㈜신보령발전본부,1,2018-03-18 12:00,NOx,17.61
한국중부발전㈜신보령발전본부,1,2018-03-18 12:30,TSP,1.28
한국중부발전㈜신보령발전본부,1,2018-03-18 12:30,SOx,26.03
한국중부발전㈜신보령발전본부,1,2018-03-18 12:30,NOx,18.03
한국중부발전㈜신보령발전본부,1,2018-03-18 13:00,TSP,1.29
한국중부발전㈜신보령발전본부,1,2018-03-18 13:00,SOx,25.47
한국중부발전㈜신보령발전본부,1,2018-03-18 13:00,NOx,17.98
한국중부발전㈜신보령발전본부,1,2018-03-18 13:30,TSP,1.28
한국중부발전㈜신보령발전본부,1,2018-03-18 13:30,SOx,25.54
한국중부발전㈜신보령발전본부,1,2018-03-18 13:30,NOx,18.37
한국중부발전㈜신보령발전본부,1,2018-03-18 14:00,TSP,1.31
한국중부발전㈜신보령발전본부,1,2018-03-18 14:00,SOx,25.65
한국중부발전㈜신보령발전본부,1,2018-03-18 14:00,NOx,19.55
한국중부발전㈜신보령발전본부,1,2018-03-18 14:30,TSP,1.33
한국중부발전㈜신보령발전본부,1,2018-03-18 14:30,SOx,25.82
한국중부발전㈜신보령발전본부,1,2018-03-18 14:30,NOx,18.28
한국중부발전㈜신보령발전본부,1,2018-03-18 15:00,TSP,1.36
한국중부발전㈜신보령발전본부,1,2018-03-18 15:00,SOx,26.22
한국중부발전㈜신보령발전본부,1,2018-03-18 15:00,NOx,16.44
한국중부발전㈜신보령발전본부,1,2018-03-18 15:30,TSP,1.45
한국중부발전㈜신보령발전본부,1,2018-03-18 15:30,SOx,26.8
한국중부발전㈜신보령발전본부,1,2018-03-18 15:30,NOx,17.47
한국중부발전㈜신보령발전본부,1,2018-03-18 16:00,TSP,1.46
한국중부발전㈜신보령발전본부,1,2018-03-18 16:00,SOx,26.72
한국중부발전㈜신보령발전본부,1,2018-03-18 16:00,NOx,17.34
한국중부발전㈜신보령발전본부,1,2018-03-18 16:30,TSP,1.5
한국중부발전㈜신보령발전본부,1,2018-03-18 16:30,SOx,26.81
한국중부발전㈜신보령발전본부,1,2018-03-18 16:30,NOx,17.42
한국중부발전㈜신보령발전본부,1,2018-03-18 17:00,TSP,1.61
한국중부발전㈜신보령발전본부,1,2018-03-18 17:00,SOx,26.12
한국중부발전㈜신보령발전본부,1,2018-03-18 17:00,NOx,18.17
한국중부발전㈜신보령발전본부,1,2018-03-18 17:30,TSP,1.64
한국중부발전㈜신보령발전본부,1,2018-03-18 17:30,SOx,26.01
한국중부발전㈜신보령발전본부,1,2018-03-18 17:30,NOx,18.58
한국중부발전㈜신보령발전본부,1,2018-03-18 18:00,TSP,1.71
한국중부발전㈜신보령발전본부,1,2018-03-18 18:00,SOx,25.31
한국중부발전㈜신보령발전본부,1,2018-03-18 18:00,NOx,18.09
한국중부발전㈜신보령발전본부,1,2018-03-18 18:30,TSP,1.77
한국중부발전㈜신보령발전본부,1,2018-03-18 18:30,SOx,24.68
한국중부발전㈜신보령발전본부,1,2018-03-18 18:30,NOx,18.23
한국중부발전㈜신보령발전본부,1,2018-03-18 19:00,TSP,1.92
한국중부발전㈜신보령발전본부,1,2018-03-18 19:00,SOx,24.2
한국중부발전㈜신보령발전본부,1,2018-03-18 19:00,NOx,19.21
한국중부발전㈜신보령발전본부,1,2018-03-18 19:30,TSP,1.49
한국중부발전㈜신보령발전본부,1,2018-03-18 19:30,SOx,24.26
한국중부발전㈜신보령발전본부,1,2018-03-18 19:30,NOx,19.74
한국중부발전㈜신보령발전본부,1,2018-03-18 20:00,TSP,1.56
한국중부발전㈜신보령발전본부,1,2018-03-18 20:00,SOx,24.46
한국중부발전㈜신보령발전본부,1,2018-03-18 20:00,NOx,18.79
한국중부발전㈜신보령발전본부,1,2018-03-18 20:30,TSP,1.57
한국중부발전㈜신보령발전본부,1,2018-03-18 20:30,SOx,24.55
한국중부발전㈜신보령발전본부,1,2018-03-18 20:30,NOx,17.58
한국중부발전㈜신보령발전본부,1,2018-03-18 21:00,TSP,1.62
한국중부발전㈜신보령발전본부,1,2018-03-18 21:00,SOx,24.94
한국중부발전㈜신보령발전본부,1,2018-03-18 21:00,NOx,17.66
한국중부발전㈜신보령발전본부,1,2018-03-18 21:30,TSP,1.7
한국중부발전㈜신보령발전본부,1,2018-03-18 21:30,SOx,25.42
한국중부발전㈜신보령발전본부,1,2018-03-18 21:30,NOx,18.26
한국중부발전㈜신보령발전본부,1,2018-03-18 22:00,TSP,1.61
한국중부발전㈜신보령발전본부,1,2018-03-18 22:00,SOx,25.75
한국중부발전㈜신보령발전본부,1,2018-03-18 22:00,NOx,18.19
한국중부발전㈜신보령발전본부,1,2018-03-18 22:30,TSP,1.38
한국중부발전㈜신보령발전본부,1,2018-03-18 22:30,SOx,25.92
한국중부발전㈜신보령발전본부,1,2018-03-18 22:30,NOx,18.51
한국중부발전㈜신보령발전본부,1,2018-03-18 23:00,TSP,1.36
한국중부발전㈜신보령발전본부,1,2018-03-18 23:00,SOx,25.99
한국중부발전㈜신보령발전본부,1,2018-03-18 23:00,NOx,17.94
한국중부발전㈜신보령발전본부,1,2018-03-18 23:30,TSP,1.34
한국중부발전㈜신보령발전본부,1,2018-03-18 23:30,SOx,26.06
한국중부발전㈜신보령발전본부,1,2018-03-18 23:30,NOx,17.06
한국중부발전㈜신보령발전본부,1,2018-03-19 00:00,TSP,1.4
한국중부발전㈜신보령발전본부,1,2018-03-19 00:00,SOx,25.6
한국중부발전㈜신보령발전본부,1,2018-03-19 00:00,NOx,17.32
한국중부발전㈜신보령발전본부,1,2018-03-19 00:30,TSP,1.38
한국중부발전㈜신보령발전본부,1,2018-03-19 00:30,SOx,25.17
한국중부발전㈜신보령발전본부,1,2018-03-19 00:30,NOx,16.89
한국중부발전㈜신보령발전본부,1,2018-03-19 01:00,TSP,1.45
한국중부발전㈜신보령발전본부,1,2018-03-19 01:00,SOx,24.74
한국중부발전㈜신보령발전본부,1,2018-03-19 01:00,NOx,17.13
한국중부발전㈜신보령발전본부,1,2018-03-19 01:30,TSP,1.54
한국중부발전㈜신보령발전본부,1,2018-03-19 01:30,SOx,23.62
한국중부발전㈜신보령발전본부,1,2018-03-19 01:30,NOx,16.82
한국중부발전㈜신보령발전본부,1,2018-03-19 02:00,TSP,1.47
한국중부발전㈜신보령발전본부,1,2018-03-19 02:00,SOx,22.19
한국중부발전㈜신보령발전본부,1,2018-03-19 02:00,NOx,17.6
한국중부발전㈜신보령발전본부,1,2018-03-19 02:30,TSP,1.54
한국중부발전㈜신보령발전본부,1,2018-03-19 02:30,SOx,21.0
한국중부발전㈜신보령발전본부,1,2018-03-19 02:30,NOx,18.68
한국중부발전㈜신보령발전본부,1,2018-03-19 03:00,TSP,1.51
한국중부발전㈜신보령발전본부,1,2018-03-19 03:00,SOx,19.34
한국중부발전㈜신보령발전본부,1,2018-03-19 03:00,NOx,18.44
한국중부발전㈜신보령발전본부,1,2018-03-19 03:30,TSP,1.28
한국중부발전㈜신보령발전본부,1,2018-03-19 03:30,SOx,18.6
한국중부발전㈜신보령발전본부,1,2018-03-19 03:30,NOx,18.77
한국중부발전㈜신보령발전본부,1,2018-03-19 04:00,TSP,1.25
한국중부발전㈜신보령발전본부,1,2018-03-19 04:00,SOx,17.34
한국중부발전㈜신보령발전본부,1,2018-03-19 04:00,NOx,20.8
한국중부발전㈜신보령발전본부,1,2018-03-19 04:30,TSP,1.23
한국중부발전㈜신보령발전본부,1,2018-03-19 04:30,SOx,16.69
한국중부발전㈜신보령발전본부,1,2018-03-19 04:30,NOx,20.4
한국중부발전㈜신보령발전본부,1,2018-03-19 05:00,TSP,1.22
한국중부발전㈜신보령발전본부,1,2018-03-19 05:00,SOx,16.18
한국중부발전㈜신보령발전본부,1,2018-03-19 05:00,NOx,21.55
한국중부발전㈜신보령발전본부,1,2018-03-19 05:30,TSP,1.21
한국중부발전㈜신보령발전본부,1,2018-03-19 05:30,SOx,16.32
한국중부발전㈜신보령발전본부,1,2018-03-19 05:30,NOx,20.8
한국중부발전㈜신보령발전본부,1,2018-03-19 06:00,TSP,1.23
한국중부발전㈜신보령발전본부,1,2018-03-19 06:00,SOx,16.14
한국중부발전㈜신보령발전본부,1,2018-03-19 06:00,NOx,21.03
한국중부발전㈜신보령발전본부,1,2018-03-19 06:30,TSP,1.14
한국중부발전㈜신보령발전본부,1,2018-03-19 06:30,SOx,15.99
한국중부발전㈜신보령발전본부,1,2018-03-19 06:30,NOx,21.29
한국중부발전㈜신보령발전본부,1,2018-03-19 07:00,TSP,1.16
한국중부발전㈜신보령발전본부,1,2018-03-19 07:00,SOx,16.12
한국중부발전㈜신보령발전본부,1,2018-03-19 07:00,NOx,20.91
한국중부발전㈜신보령발전본부,1,2018-03-19 07:30,TSP,1.12
한국중부발전㈜신보령발전본부,1,2018-03-19 07:30,SOx,16.36
한국중부발전㈜신보령발전본부,1,2018-03-19 07:30,NOx,21.83
한국중부발전㈜신보령발전본부,1,2018-03-19 08:00,TSP,1.24
한국중부발전㈜신보령발전본부,1,2018-03-19 08:00,SOx,16.8
한국중부발전㈜신보령발전본부,1,2018-03-19 08:00,NOx,21.65
한국중부발전㈜신보령발전본부,1,2018-03-19 08:30,TSP,1.2
한국중부발전㈜신보령발전본부,1,2018-03-19 08:30,SOx,16.98
한국중부발전㈜신보령발전본부,1,2018-03-19 08:30,NOx,21.06
한국중부발전㈜신보령발전본부,1,2018-03-19 09:00,TSP,1.25
한국중부발전㈜신보령발전본부,1,2018-03-19 09:00,SOx,17.3
한국중부발전㈜신보령발전본부,1,2018-03-19 09:00,NOx,20.95
한국중부발전㈜신보령발전본부,1,2018-03-19 09:30,TSP,1.33
한국중부발전㈜신보령발전본부,1,2018-03-19 09:30,SOx,17.73
한국중부발전㈜신보령발전본부,1,2018-03-19 09:30,NOx,19.93
한국중부발전㈜신보령발전본부,1,2018-03-19 10:00,TSP,1.41
한국중부발전㈜신보령발전본부,1,2018-03-19 10:00,SOx,18.15
한국중부발전㈜신보령발전본부,1,2018-03-19 10:00,NOx,19.46
한국중부발전㈜신보령발전본부,1,2018-03-19 10:30,TSP,1.45
한국중부발전㈜신보령발전본부,1,2018-03-19 10:30,SOx,18.95
한국중부발전㈜신보령발전본부,1,2018-03-19 10:30,NOx,21.06
한국중부발전㈜신보령발전본부,1,2018-03-19 11:00,TSP,1.41
한국중부발전㈜신보령발전본부,1,2018-03-19 11:00,SOx,18.86
한국중부발전㈜신보령발전본부,1,2018-03-19 11:00,NOx,20.11
한국중부발전㈜신보령발전본부,1,2018-03-19 11:30,TSP,1.17
한국중부발전㈜신보령발전본부,1,2018-03-19 11:30,SOx,18.58
한국중부발전㈜신보령발전본부,1,2018-03-19 11:30,NOx,20.18
한국중부발전㈜신보령발전본부,1,2018-03-19 12:00,TSP,1.3
한국중부발전㈜신보령발전본부,1,2018-03-19 12:00,SOx,18.9
한국중부발전㈜신보령발전본부,1,2018-03-19 12:00,NOx,20.12
한국중부발전㈜신보령발전본부,1,2018-03-19 12:30,TSP,1.2
한국중부발전㈜신보령발전본부,1,2018-03-19 12:30,SOx,19.0
한국중부발전㈜신보령발전본부,1,2018-03-19 12:30,NOx,19.43
한국중부발전㈜신보령발전본부,1,2018-03-19 13:00,TSP,1.17
한국중부발전㈜신보령발전본부,1,2018-03-19 13:00,SOx,19.1
한국중부발전㈜신보령발전본부,1,2018-03-19 13:00,NOx,20.78
한국중부발전㈜신보령발전본부,1,2018-03-19 13:30,TSP,1.15
한국중부발전㈜신보령발전본부,1,2018-03-19 13:30,SOx,19.43
한국중부발전㈜신보령발전본부,1,2018-03-19 13:30,NOx,19.83
한국중부발전㈜신보령발전본부,1,2018-03-19 14:00,TSP,1.19
한국중부발전㈜신보령발전본부,1,2018-03-19 14:00,SOx,19.79
한국중부발전㈜신보령발전본부,1,2018-03-19 14:00,NOx,18.62
한국중부발전㈜신보령발전본부,1,2018-03-19 14:30,TSP,1.2
한국중부발전㈜신보령발전본부,1,2018-03-19 14:30,SOx,19.74
한국중부발전㈜신보령발전본부,1,2018-03-19 14:30,NOx,15.23
한국중부발전㈜신보령발전본부,1,2018-03-19 15:00,TSP,1.29
한국중부발전㈜신보령발전본부,1,2018-03-19 15:00,SOx,19.55
한국중부발전㈜신보령발전본부,1,2018-03-19 15:00,NOx,15.61
한국중부발전㈜신보령발전본부,1,2018-03-19 15:30,TSP,1.29
한국중부발전㈜신보령발전본부,1,2018-03-19 15:30,SOx,19.53
한국중부발전㈜신보령발전본부,1,2018-03-19 15:30,NOx,18.22
한국중부발전㈜신보령발전본부,1,2018-03-19 16:00,TSP,1.42
한국중부발전㈜신보령발전본부,1,2018-03-19 16:00,SOx,19.95
한국중부발전㈜신보령발전본부,1,2018-03-19 16:00,NOx,20.68
한국중부발전㈜신보령발전본부,1,2018-03-19 16:30,TSP,1.39
한국중부발전㈜신보령발전본부,1,2018-03-19 16:30,SOx,20.34
한국중부발전㈜신보령발전본부,1,2018-03-19 16:30,NOx,19.63
한국중부발전㈜신보령발전본부,1,2018-03-19 17:00,TSP,1.45
한국중부발전㈜신보령발전본부,1,2018-03-19 17:00,SOx,20.55
한국중부발전㈜신보령발전본부,1,2018-03-19 17:00,NOx,19.7
한국중부발전㈜신보령발전본부,1,2018-03-19 17:30,TSP,1.68
한국중부발전㈜신보령발전본부,1,2018-03-19 17:30,SOx,20.63
한국중부발전㈜신보령발전본부,1,2018-03-19 17:30,NOx,19.62
한국중부발전㈜신보령발전본부,1,2018-03-19 18:00,TSP,1.74
한국중부발전㈜신보령발전본부,1,2018-03-19 18:00,SOx,20.72
한국중부발전㈜신보령발전본부,1,2018-03-19 18:00,NOx,18.9
한국중부발전㈜신보령발전본부,1,2018-03-19 18:30,TSP,1.73
한국중부발전㈜신보령발전본부,1,2018-03-19 18:30,SOx,20.66
한국중부발전㈜신보령발전본부,1,2018-03-19 18:30,NOx,22.78
한국중부발전㈜신보령발전본부,1,2018-03-19 19:00,TSP,1.93
한국중부발전㈜신보령발전본부,1,2018-03-19 19:00,SOx,20.14
한국중부발전㈜신보령발전본부,1,2018-03-19 19:00,NOx,19.18
한국중부발전㈜신보령발전본부,1,2018-03-19 19:30,TSP,1.46
한국중부발전㈜신보령발전본부,1,2018-03-19 19:30,SOx,20.07
한국중부발전㈜신보령발전본부,1,2018-03-19 19:30,NOx,19.96
한국중부발전㈜신보령발전본부,1,2018-03-19 20:00,TSP,1.43
한국중부발전㈜신보령발전본부,1,2018-03-19 20:00,SOx,19.59
한국중부발전㈜신보령발전본부,1,2018-03-19 20:00,NOx,20.97
한국중부발전㈜신보령발전본부,1,2018-03-19 20:30,TSP,1.58
한국중부발전㈜신보령발전본부,1,2018-03-19 20:30,SOx,19.47
한국중부발전㈜신보령발전본부,1,2018-03-19 20:30,NOx,20.83
한국중부발전㈜신보령발전본부,1,2018-03-19 21:00,TSP,1.51
한국중부발전㈜신보령발전본부,1,2018-03-19 21:00,SOx,19.48
한국중부발전㈜신보령발전본부,1,2018-03-19 21:00,NOx,20.59
한국중부발전㈜신보령발전본부,1,2018-03-19 21:30,TSP,1.5
한국중부발전㈜신보령발전본부,1,2018-03-19 21:30,SOx,19.57
한국중부발전㈜신보령발전본부,1,2018-03-19 21:30,NOx,27.99
한국중부발전㈜신보령발전본부,1,2018-03-19 22:00,TSP,1.51
한국중부발전㈜신보령발전본부,1,2018-03-19 22:00,SOx,19.49
한국중부발전㈜신보령발전본부,1,2018-03-19 22:00,NOx,24.4
한국중부발전㈜신보령발전본부,1,2018-03-19 22:30,TSP,1.25
한국중부발전㈜신보령발전본부,1,2018-03-19 22:30,SOx,19.72
한국중부발전㈜신보령발전본부,1,2018-03-19 22:30,NOx,21.43
한국중부발전㈜신보령발전본부,1,2018-03-19 23:00,TSP,1.23
한국중부발전㈜신보령발전본부,1,2018-03-19 23:00,SOx,19.83
한국중부발전㈜신보령발전본부,1,2018-03-19 23:00,NOx,21.29
한국중부발전㈜신보령발전본부,1,2018-03-19 23:30,TSP,1.19
한국중부발전㈜신보령발전본부,1,2018-03-19 23:30,SOx,19.71
한국중부발전㈜신보령발전본부,1,2018-03-19 23:30,NOx,21.97
한국중부발전㈜신보령발전본부,1,2018-03-20 00:00,TSP,1.29
한국중부발전㈜신보령발전본부,1,2018-03-20 00:00,SOx,20.06
한국중부발전㈜신보령발전본부,1,2018-03-20 00:00,NOx,23.57
한국중부발전㈜신보령발전본부,1,2018-03-20 00:30,TSP,1.31
한국중부발전㈜신보령발전본부,1,2018-03-20 00:30,SOx,20.22
한국중부발전㈜신보령발전본부,1,2018-03-20 00:30,NOx,23.62
한국중부발전㈜신보령발전본부,1,2018-03-20 01:00,TSP,1.32
한국중부발전㈜신보령발전본부,1,2018-03-20 01:00,SOx,19.95
한국중부발전㈜신보령발전본부,1,2018-03-20 01:00,NOx,23.42
한국중부발전㈜신보령발전본부,1,2018-03-20 01:30,TSP,1.35
한국중부발전㈜신보령발전본부,1,2018-03-20 01:30,SOx,20.18
한국중부발전㈜신보령발전본부,1,2018-03-20 01:30,NOx,23.23
한국중부발전㈜신보령발전본부,1,2018-03-20 02:00,TSP,1.42
한국중부발전㈜신보령발전본부,1,2018-03-20 02:00,SOx,20.25
한국중부발전㈜신보령발전본부,1,2018-03-20 02:00,NOx,23.59
한국중부발전㈜신보령발전본부,1,2018-03-20 02:30,TSP,1.51
한국중부발전㈜신보령발전본부,1,2018-03-20 02:30,SOx,20.11
한국중부발전㈜신보령발전본부,1,2018-03-20 02:30,NOx,24.32
한국중부발전㈜신보령발전본부,1,2018-03-20 03:00,TSP,1.5
한국중부발전㈜신보령발전본부,1,2018-03-20 03:00,SOx,19.75
한국중부발전㈜신보령발전본부,1,2018-03-20 03:00,NOx,23.7
한국중부발전㈜신보령발전본부,1,2018-03-20 03:30,TSP,1.29
한국중부발전㈜신보령발전본부,1,2018-03-20 03:30,SOx,19.71
한국중부발전㈜신보령발전본부,1,2018-03-20 03:30,NOx,23.72
한국중부발전㈜신보령발전본부,1,2018-03-20 04:00,TSP,1.27
한국중부발전㈜신보령발전본부,1,2018-03-20 04:00,SOx,19.42
한국중부발전㈜신보령발전본부,1,2018-03-20 04:00,NOx,23.58
한국중부발전㈜신보령발전본부,1,2018-03-20 04:30,TSP,1.24
한국중부발전㈜신보령발전본부,1,2018-03-20 04:30,SOx,19.43
한국중부발전㈜신보령발전본부,1,2018-03-20 04:30,NOx,24.24
한국중부발전㈜신보령발전본부,1,2018-03-20 05:00,TSP,1.25
한국중부발전㈜신보령발전본부,1,2018-03-20 05:00,SOx,19.1
한국중부발전㈜신보령발전본부,1,2018-03-20 05:00,NOx,23.67
한국중부발전㈜신보령발전본부,1,2018-03-20 05:30,TSP,1.21
한국중부발전㈜신보령발전본부,1,2018-03-20 05:30,SOx,19.04
한국중부발전㈜신보령발전본부,1,2018-03-20 05:30,NOx,23.03
한국중부발전㈜신보령발전본부,1,2018-03-20 06:00,TSP,1.22
한국중부발전㈜신보령발전본부,1,2018-03-20 06:00,SOx,18.69
한국중부발전㈜신보령발전본부,1,2018-03-20 06:00,NOx,22.76
한국중부발전㈜신보령발전본부,1,2018-03-20 06:30,TSP,1.23
한국중부발전㈜신보령발전본부,1,2018-03-20 06:30,SOx,18.2
한국중부발전㈜신보령발전본부,1,2018-03-20 06:30,NOx,25.47
한국중부발전㈜신보령발전본부,1,2018-03-20 07:00,TSP,1.22
한국중부발전㈜신보령발전본부,1,2018-03-20 07:00,SOx,17.81
한국중부발전㈜신보령발전본부,1,2018-03-20 07:00,NOx,23.13
한국중부발전㈜신보령발전본부,1,2018-03-20 07:30,TSP,1.22
한국중부발전㈜신보령발전본부,1,2018-03-20 07:30,SOx,17.64
한국중부발전㈜신보령발전본부,1,2018-03-20 07:30,NOx,22.68
한국중부발전㈜신보령발전본부,1,2018-03-20 08:00,TSP,1.31
한국중부발전㈜신보령발전본부,1,2018-03-20 08:00,SOx,17.67
한국중부발전㈜신보령발전본부,1,2018-03-20 08:00,NOx,22.87
한국중부발전㈜신보령발전본부,1,2018-03-20 08:30,TSP,1.31
한국중부발전㈜신보령발전본부,1,2018-03-20 08:30,SOx,17.39
한국중부발전㈜신보령발전본부,1,2018-03-20 08:30,NOx,22.55
한국중부발전㈜신보령발전본부,1,2018-03-20 09:00,TSP,1.37
한국중부발전㈜신보령발전본부,1,2018-03-20 09:00,SOx,17.35
한국중부발전㈜신보령발전본부,1,2018-03-20 09:00,NOx,22.2
한국중부발전㈜신보령발전본부,1,2018-03-20 09:30,TSP,1.42
한국중부발전㈜신보령발전본부,1,2018-03-20 09:30,SOx,17.48
한국중부발전㈜신보령발전본부,1,2018-03-20 09:30,NOx,21.15
한국중부발전㈜신보령발전본부,1,2018-03-20 10:00,TSP,1.48
한국중부발전㈜신보령발전본부,1,2018-03-20 10:00,SOx,18.19
한국중부발전㈜신보령발전본부,1,2018-03-20 10:00,NOx,20.66
한국중부발전㈜신보령발전본부,1,2018-03-20 10:30,TSP,1.57
한국중부발전㈜신보령발전본부,1,2018-03-20 10:30,SOx,18.33
한국중부발전㈜신보령발전본부,1,2018-03-20 10:30,NOx,21.29
한국중부발전㈜신보령발전본부,1,2018-03-20 11:00,TSP,1.58
한국중부발전㈜신보령발전본부,1,2018-03-20 11:00,SOx,18.73
한국중부발전㈜신보령발전본부,1,2018-03-20 11:00,NOx,20.86
한국중부발전㈜신보령발전본부,1,2018-03-20 11:30,TSP,1.31
한국중부발전㈜신보령발전본부,1,2018-03-20 11:30,SOx,18.88
한국중부발전㈜신보령발전본부,1,2018-03-20 11:30,NOx,19.75
한국중부발전㈜신보령발전본부,1,2018-03-20 12:00,TSP,1.27
한국중부발전㈜신보령발전본부,1,2018-03-20 12:00,SOx,19.26
한국중부발전㈜신보령발전본부,1,2018-03-20 12:00,NOx,20.38
한국중부발전㈜신보령발전본부,1,2018-03-20 12:30,TSP,1.24
한국중부발전㈜신보령발전본부,1,2018-03-20 12:30,SOx,19.65
한국중부발전㈜신보령발전본부,1,2018-03-20 12:30,NOx,20.33
한국중부발전㈜신보령발전본부,1,2018-03-20 13:00,TSP,1.28
한국중부발전㈜신보령발전본부,1,2018-03-20 13:00,SOx,19.84
한국중부발전㈜신보령발전본부,1,2018-03-20 13:00,NOx,19.0
한국중부발전㈜신보령발전본부,1,2018-03-20 13:30,TSP,1.31
한국중부발전㈜신보령발전본부,1,2018-03-20 13:30,SOx,19.9
한국중부발전㈜신보령발전본부,1,2018-03-20 13:30,NOx,21.77
한국중부발전㈜신보령발전본부,1,2018-03-20 14:00,TSP,1.25
한국중부발전㈜신보령발전본부,1,2018-03-20 14:00,SOx,19.7
한국중부발전㈜신보령발전본부,1,2018-03-20 14:00,NOx,20.54
한국중부발전㈜신보령발전본부,1,2018-03-20 14:30,TSP,1.27
한국중부발전㈜신보령발전본부,1,2018-03-20 14:30,SOx,20.07
한국중부발전㈜신보령발전본부,1,2018-03-20 14:30,NOx,20.82
한국중부발전㈜신보령발전본부,1,2018-03-20 15:00,TSP,1.24
한국중부발전㈜신보령발전본부,1,2018-03-20 15:00,SOx,20.08
한국중부발전㈜신보령발전본부,1,2018-03-20 15:00,NOx,20.62
한국중부발전㈜신보령발전본부,1,2018-03-20 15:30,TSP,1.22
한국중부발전㈜신보령발전본부,1,2018-03-20 15:30,SOx,20.15
한국중부발전㈜신보령발전본부,1,2018-03-20 15:30,NOx,21.89
한국중부발전㈜신보령발전본부,1,2018-03-20 16:00,TSP,1.35
한국중부발전㈜신보령발전본부,1,2018-03-20 16:00,SOx,19.95
한국중부발전㈜신보령발전본부,1,2018-03-20 16:00,NOx,22.46
한국중부발전㈜신보령발전본부,1,2018-03-20 16:30,TSP,1.33
한국중부발전㈜신보령발전본부,1,2018-03-20 16:30,SOx,20.0
한국중부발전㈜신보령발전본부,1,2018-03-20 16:30,NOx,21.67
한국중부발전㈜신보령발전본부,1,2018-03-20 17:00,TSP,1.46
한국중부발전㈜신보령발전본부,1,2018-03-20 17:00,SOx,20.25
한국중부발전㈜신보령발전본부,1,2018-03-20 17:00,NOx,21.65
한국중부발전㈜신보령발전본부,1,2018-03-20 17:30,TSP,1.5
한국중부발전㈜신보령발전본부,1,2018-03-20 17:30,SOx,20.24
한국중부발전㈜신보령발전본부,1,2018-03-20 17:30,NOx,25.07
한국중부발전㈜신보령발전본부,1,2018-03-20 18:00,TSP,1.6
한국중부발전㈜신보령발전본부,1,2018-03-20 18:00,SOx,20.7
한국중부발전㈜신보령발전본부,1,2018-03-20 18:00,NOx,21.58
한국중부발전㈜신보령발전본부,1,2018-03-20 18:30,TSP,1.69
한국중부발전㈜신보령발전본부,1,2018-03-20 18:30,SOx,20.62
한국중부발전㈜신보령발전본부,1,2018-03-20 18:30,NOx,20.81
한국중부발전㈜신보령발전본부,1,2018-03-20 19:00,TSP,1.95
한국중부발전㈜신보령발전본부,1,2018-03-20 19:00,SOx,20.52
한국중부발전㈜신보령발전본부,1,2018-03-20 19:00,NOx,20.74
한국중부발전㈜신보령발전본부,1,2018-03-20 19:30,TSP,1.48
한국중부발전㈜신보령발전본부,1,2018-03-20 19:30,SOx,20.55
한국중부발전㈜신보령발전본부,1,2018-03-20 19:30,NOx,20.83
한국중부발전㈜신보령발전본부,1,2018-03-20 20:00,TSP,1.55
한국중부발전㈜신보령발전본부,1,2018-03-20 20:00,SOx,20.45
한국중부발전㈜신보령발전본부,1,2018-03-20 20:00,NOx,21.22
한국중부발전㈜신보령발전본부,1,2018-03-20 20:30,TSP,1.56
한국중부발전㈜신보령발전본부,1,2018-03-20 20:30,SOx,20.65
한국중부발전㈜신보령발전본부,1,2018-03-20 20:30,NOx,22.45
한국중부발전㈜신보령발전본부,1,2018-03-20 21:00,TSP,1.61
한국중부발전㈜신보령발전본부,1,2018-03-20 21:00,SOx,20.37
한국중부발전㈜신보령발전본부,1,2018-03-20 21:00,NOx,22.73
한국중부발전㈜신보령발전본부,1,2018-03-20 21:30,TSP,1.67
한국중부발전㈜신보령발전본부,1,2018-03-20 21:30,SOx,20.34
한국중부발전㈜신보령발전본부,1,2018-03-20 21:30,NOx,23.05
한국중부발전㈜신보령발전본부,1,2018-03-20 22:00,TSP,1.55
한국중부발전㈜신보령발전본부,1,2018-03-20 22:00,SOx,20.11
한국중부발전㈜신보령발전본부,1,2018-03-20 22:00,NOx,22.83
한국중부발전㈜신보령발전본부,1,2018-03-20 22:30,TSP,1.31
한국중부발전㈜신보령발전본부,1,2018-03-20 22:30,SOx,19.71
한국중부발전㈜신보령발전본부,1,2018-03-20 22:30,NOx,23.42
한국중부발전㈜신보령발전본부,1,2018-03-20 23:00,TSP,1.26
한국중부발전㈜신보령발전본부,1,2018-03-20 23:00,SOx,19.52
한국중부발전㈜신보령발전본부,1,2018-03-20 23:00,NOx,23.52
한국중부발전㈜신보령발전본부,1,2018-03-20 23:30,TSP,1.22
한국중부발전㈜신보령발전본부,1,2018-03-20 23:30,SOx,19.07
한국중부발전㈜신보령발전본부,1,2018-03-20 23:30,NOx,22.92
한국중부발전㈜신보령발전본부,1,2018-03-21 00:00,TSP,1.32
한국중부발전㈜신보령발전본부,1,2018-03-21 00:00,SOx,18.55
한국중부발전㈜신보령발전본부,1,2018-03-21 00:00,NOx,23.38
한국중부발전㈜신보령발전본부,1,2018-03-21 00:30,TSP,1.3
한국중부발전㈜신보령발전본부,1,2018-03-21 00:30,SOx,18.84
한국중부발전㈜신보령발전본부,1,2018-03-21 00:30,NOx,23.51
한국중부발전㈜신보령발전본부,1,2018-03-21 01:00,TSP,1.52
한국중부발전㈜신보령발전본부,1,2018-03-21 01:00,SOx,19.73
한국중부발전㈜신보령발전본부,1,2018-03-21 01:00,NOx,23.25
한국중부발전㈜신보령발전본부,1,2018-03-21 01:30,TSP,1.51
한국중부발전㈜신보령발전본부,1,2018-03-21 01:30,SOx,20.87
한국중부발전㈜신보령발전본부,1,2018-03-21 01:30,NOx,23.79
한국중부발전㈜신보령발전본부,1,2018-03-21 02:00,TSP,1.61
한국중부발전㈜신보령발전본부,1,2018-03-21 02:00,SOx,22.36
한국중부발전㈜신보령발전본부,1,2018-03-21 02:00,NOx,23.18
한국중부발전㈜신보령발전본부,1,2018-03-21 02:30,TSP,1.72
한국중부발전㈜신보령발전본부,1,2018-03-21 02:30,SOx,23.68
한국중부발전㈜신보령발전본부,1,2018-03-21 02:30,NOx,23.78
한국중부발전㈜신보령발전본부,1,2018-03-21 03:00,TSP,1.71
한국중부발전㈜신보령발전본부,1,2018-03-21 03:00,SOx,23.37
한국중부발전㈜신보령발전본부,1,2018-03-21 03:00,NOx,23.84
한국중부발전㈜신보령발전본부,1,2018-03-21 03:30,TSP,1.51
한국중부발전㈜신보령발전본부,1,2018-03-21 03:30,SOx,24.73
한국중부발전㈜신보령발전본부,1,2018-03-21 03:30,NOx,23.51
한국중부발전㈜신보령발전본부,1,2018-03-21 04:00,TSP,1.52
한국중부발전㈜신보령발전본부,1,2018-03-21 04:00,SOx,24.86
한국중부발전㈜신보령발전본부,1,2018-03-21 04:00,NOx,23.36
한국중부발전㈜신보령발전본부,1,2018-03-21 04:30,TSP,1.53
한국중부발전㈜신보령발전본부,1,2018-03-21 04:30,SOx,25.0
한국중부발전㈜신보령발전본부,1,2018-03-21 04:30,NOx,24.26
한국중부발전㈜신보령발전본부,1,2018-03-21 05:00,TSP,1.52
한국중부발전㈜신보령발전본부,1,2018-03-21 05:00,SOx,25.27
한국중부발전㈜신보령발전본부,1,2018-03-21 05:00,NOx,23.86
한국중부발전㈜신보령발전본부,1,2018-03-21 05:30,TSP,1.54
한국중부발전㈜신보령발전본부,1,2018-03-21 05:30,SOx,25.0
한국중부발전㈜신보령발전본부,1,2018-03-21 05:30,NOx,22.54
한국중부발전㈜신보령발전본부,1,2018-03-21 06:00,TSP,1.48
한국중부발전㈜신보령발전본부,1,2018-03-21 06:00,SOx,25.18
한국중부발전㈜신보령발전본부,1,2018-03-21 06:00,NOx,23.17
한국중부발전㈜신보령발전본부,1,2018-03-21 06:30,TSP,1.47
한국중부발전㈜신보령발전본부,1,2018-03-21 06:30,SOx,25.33
한국중부발전㈜신보령발전본부,1,2018-03-21 06:30,NOx,23.38
한국중부발전㈜신보령발전본부,1,2018-03-21 07:00,TSP,1.48
한국중부발전㈜신보령발전본부,1,2018-03-21 07:00,SOx,25.57
한국중부발전㈜신보령발전본부,1,2018-03-21 07:00,NOx,22.5
한국중부발전㈜신보령발전본부,1,2018-03-21 07:30,TSP,1.42
한국중부발전㈜신보령발전본부,1,2018-03-21 07:30,SOx,25.27
한국중부발전㈜신보령발전본부,1,2018-03-21 07:30,NOx,23.13
한국중부발전㈜신보령발전본부,1,2018-03-21 08:00,TSP,1.51
한국중부발전㈜신보령발전본부,1,2018-03-21 08:00,SOx,25.48
한국중부발전㈜신보령발전본부,1,2018-03-21 08:00,NOx,22.44
한국중부발전㈜신보령발전본부,1,2018-03-21 08:30,TSP,1.5
한국중부발전㈜신보령발전본부,1,2018-03-21 08:30,SOx,25.4
한국중부발전㈜신보령발전본부,1,2018-03-21 08:30,NOx,22.77
한국중부발전㈜신보령발전본부,1,2018-03-21 09:00,TSP,1.53
한국중부발전㈜신보령발전본부,1,2018-03-21 09:00,SOx,25.29
한국중부발전㈜신보령발전본부,1,2018-03-21 09:00,NOx,29.25
한국중부발전㈜신보령발전본부,1,2018-03-21 09:30,TSP,1.63
한국중부발전㈜신보령발전본부,1,2018-03-21 09:30,SOx,24.88
한국중부발전㈜신보령발전본부,1,2018-03-21 09:30,NOx,26.24
한국중부발전㈜신보령발전본부,1,2018-03-21 10:00,TSP,1.71
한국중부발전㈜신보령발전본부,1,2018-03-21 10:00,SOx,24.54
한국중부발전㈜신보령발전본부,1,2018-03-21 10:00,NOx,23.95
한국중부발전㈜신보령발전본부,1,2018-03-21 10:30,TSP,1.79
한국중부발전㈜신보령발전본부,1,2018-03-21 10:30,SOx,24.08
한국중부발전㈜신보령발전본부,1,2018-03-21 10:30,NOx,24.12
한국중부발전㈜신보령발전본부,1,2018-03-21 11:00,TSP,1.72
한국중부발전㈜신보령발전본부,1,2018-03-21 11:00,SOx,23.9
한국중부발전㈜신보령발전본부,1,2018-03-21 11:00,NOx,22.99
한국중부발전㈜신보령발전본부,1,2018-03-21 11:30,TSP,1.48
한국중부발전㈜신보령발전본부,1,2018-03-21 11:30,SOx,23.65
한국중부발전㈜신보령발전본부,1,2018-03-21 11:30,NOx,22.65
한국중부발전㈜신보령발전본부,1,2018-03-21 12:00,TSP,1.44
한국중부발전㈜신보령발전본부,1,2018-03-21 12:00,SOx,23.59
한국중부발전㈜신보령발전본부,1,2018-03-21 12:00,NOx,22.8
한국중부발전㈜신보령발전본부,1,2018-03-21 12:30,TSP,1.44
한국중부발전㈜신보령발전본부,1,2018-03-21 12:30,SOx,23.6
한국중부발전㈜신보령발전본부,1,2018-03-21 12:30,NOx,23.0
한국중부발전㈜신보령발전본부,1,2018-03-21 13:00,TSP,1.43
한국중부발전㈜신보령발전본부,1,2018-03-21 13:00,SOx,23.21
한국중부발전㈜신보령발전본부,1,2018-03-21 13:00,NOx,23.37
한국중부발전㈜신보령발전본부,1,2018-03-21 13:30,TSP,1.45
한국중부발전㈜신보령발전본부,1,2018-03-21 13:30,SOx,23.15
한국중부발전㈜신보령발전본부,1,2018-03-21 13:30,NOx,20.04
한국중부발전㈜신보령발전본부,1,2018-03-21 14:00,TSP,1.51
한국중부발전㈜신보령발전본부,1,2018-03-21 14:00,SOx,23.38
한국중부발전㈜신보령발전본부,1,2018-03-21 14:00,NOx,21.56
한국중부발전㈜신보령발전본부,1,2018-03-21 14:30,TSP,1.53
한국중부발전㈜신보령발전본부,1,2018-03-21 14:30,SOx,23.83
한국중부발전㈜신보령발전본부,1,2018-03-21 14:30,NOx,25.46
한국중부발전㈜신보령발전본부,1,2018-03-21 15:00,TSP,1.54
한국중부발전㈜신보령발전본부,1,2018-03-21 15:00,SOx,23.65
한국중부발전㈜신보령발전본부,1,2018-03-21 15:00,NOx,26.58
한국중부발전㈜신보령발전본부,1,2018-03-21 15:30,TSP,1.38
한국중부발전㈜신보령발전본부,1,2018-03-21 15:30,SOx,23.62
한국중부발전㈜신보령발전본부,1,2018-03-21 15:30,NOx,24.27
한국중부발전㈜신보령발전본부,1,2018-03-21 16:00,TSP,1.52
한국중부발전㈜신보령발전본부,1,2018-03-21 16:00,SOx,23.43
한국중부발전㈜신보령발전본부,1,2018-03-21 16:00,NOx,28.85
한국중부발전㈜신보령발전본부,1,2018-03-21 16:30,TSP,1.6
한국중부발전㈜신보령발전본부,1,2018-03-21 16:30,SOx,23.57
한국중부발전㈜신보령발전본부,1,2018-03-21 16:30,NOx,24.8
한국중부발전㈜신보령발전본부,1,2018-03-21 17:00,TSP,1.62
한국중부발전㈜신보령발전본부,1,2018-03-21 17:00,SOx,23.94
한국중부발전㈜신보령발전본부,1,2018-03-21 17:00,NOx,24.43
한국중부발전㈜신보령발전본부,1,2018-03-21 17:30,TSP,1.68
한국중부발전㈜신보령발전본부,1,2018-03-21 17:30,SOx,24.17
한국중부발전㈜신보령발전본부,1,2018-03-21 17:30,NOx,25.79
한국중부발전㈜신보령발전본부,1,2018-03-21 18:00,TSP,1.7
한국중부발전㈜신보령발전본부,1,2018-03-21 18:00,SOx,24.34
한국중부발전㈜신보령발전본부,1,2018-03-21 18:00,NOx,22.82
한국중부발전㈜신보령발전본부,1,2018-03-21 18:30,TSP,1.69
한국중부발전㈜신보령발전본부,1,2018-03-21 18:30,SOx,23.66
한국중부발전㈜신보령발전본부,1,2018-03-21 18:30,NOx,21.07
한국중부발전㈜신보령발전본부,1,2018-03-21 19:00,TSP,2.02
한국중부발전㈜신보령발전본부,1,2018-03-21 19:00,SOx,23.41
한국중부발전㈜신보령발전본부,1,2018-03-21 19:00,NOx,21.59
한국중부발전㈜신보령발전본부,1,2018-03-21 19:30,TSP,1.64
한국중부발전㈜신보령발전본부,1,2018-03-21 19:30,SOx,23.06
한국중부발전㈜신보령발전본부,1,2018-03-21 19:30,NOx,21.6
한국중부발전㈜신보령발전본부,1,2018-03-21 20:00,TSP,1.59
한국중부발전㈜신보령발전본부,1,2018-03-21 20:00,SOx,23.04
한국중부발전㈜신보령발전본부,1,2018-03-21 20:00,NOx,21.35
한국중부발전㈜신보령발전본부,1,2018-03-21 20:30,TSP,1.69
한국중부발전㈜신보령발전본부,1,2018-03-21 20:30,SOx,22.65
한국중부발전㈜신보령발전본부,1,2018-03-21 20:30,NOx,21.32
한국중부발전㈜신보령발전본부,1,2018-03-21 21:00,TSP,1.81
한국중부발전㈜신보령발전본부,1,2018-03-21 21:00,SOx,23.39
한국중부발전㈜신보령발전본부,1,2018-03-21 21:00,NOx,21.68
한국중부발전㈜신보령발전본부,1,2018-03-21 21:30,TSP,1.86
한국중부발전㈜신보령발전본부,1,2018-03-21 21:30,SOx,23.36
한국중부발전㈜신보령발전본부,1,2018-03-21 21:30,NOx,21.93
한국중부발전㈜신보령발전본부,1,2018-03-21 22:00,TSP,1.8
한국중부발전㈜신보령발전본부,1,2018-03-21 22:00,SOx,23.39
한국중부발전㈜신보령발전본부,1,2018-03-21 22:00,NOx,21.21
한국중부발전㈜신보령발전본부,1,2018-03-21 22:30,TSP,1.5
한국중부발전㈜신보령발전본부,1,2018-03-21 22:30,SOx,23.46
한국중부발전㈜신보령발전본부,1,2018-03-21 22:30,NOx,21.34
한국중부발전㈜신보령발전본부,1,2018-03-21 23:00,TSP,1.49
한국중부발전㈜신보령발전본부,1,2018-03-21 23:00,SOx,23.33
한국중부발전㈜신보령발전본부,1,2018-03-21 23:00,NOx,20.58
한국중부발전㈜신보령발전본부,1,2018-03-21 23:30,TSP,1.48
한국중부발전㈜신보령발전본부,1,2018-03-21 23:30,SOx,23.12
한국중부발전㈜신보령발전본부,1,2018-03-21 23:30,NOx,20.43
한국중부발전㈜신보령발전본부,1,2018-03-22 00:00,TSP,1.51
한국중부발전㈜신보령발전본부,1,2018-03-22 00:00,SOx,23.32
한국중부발전㈜신보령발전본부,1,2018-03-22 00:00,NOx,21.87
한국중부발전㈜신보령발전본부,1,2018-03-22 00:30,TSP,1.52
한국중부발전㈜신보령발전본부,1,2018-03-22 00:30,SOx,23.34
한국중부발전㈜신보령발전본부,1,2018-03-22 00:30,NOx,21.38
한국중부발전㈜신보령발전본부,1,2018-03-22 01:00,TSP,1.59
한국중부발전㈜신보령발전본부,1,2018-03-22 01:00,SOx,23.49
한국중부발전㈜신보령발전본부,1,2018-03-22 01:00,NOx,22.09
한국중부발전㈜신보령발전본부,1,2018-03-22 01:30,TSP,1.59
한국중부발전㈜신보령발전본부,1,2018-03-22 01:30,SOx,22.84
한국중부발전㈜신보령발전본부,1,2018-03-22 01:30,NOx,21.68
한국중부발전㈜신보령발전본부,1,2018-03-22 02:00,TSP,1.75
한국중부발전㈜신보령발전본부,1,2018-03-22 02:00,SOx,22.82
한국중부발전㈜신보령발전본부,1,2018-03-22 02:00,NOx,22.33
한국중부발전㈜신보령발전본부,1,2018-03-22 02:30,TSP,1.74
한국중부발전㈜신보령발전본부,1,2018-03-22 02:30,SOx,21.77
한국중부발전㈜신보령발전본부,1,2018-03-22 02:30,NOx,27.95
한국중부발전㈜신보령발전본부,1,2018-03-22 03:00,TSP,1.71
한국중부발전㈜신보령발전본부,1,2018-03-22 03:00,SOx,21.22
한국중부발전㈜신보령발전본부,1,2018-03-22 03:00,NOx,21.72
한국중부발전㈜신보령발전본부,1,2018-03-22 03:30,TSP,1.44
한국중부발전㈜신보령발전본부,1,2018-03-22 03:30,SOx,20.39
한국중부발전㈜신보령발전본부,1,2018-03-22 03:30,NOx,21.85
한국중부발전㈜신보령발전본부,1,2018-03-22 04:00,TSP,1.4
한국중부발전㈜신보령발전본부,1,2018-03-22 04:00,SOx,19.86
한국중부발전㈜신보령발전본부,1,2018-03-22 04:00,NOx,21.19
한국중부발전㈜신보령발전본부,1,2018-03-22 04:30,TSP,1.35
한국중부발전㈜신보령발전본부,1,2018-03-22 04:30,SOx,18.9
한국중부발전㈜신보령발전본부,1,2018-03-22 04:30,NOx,21.33
한국중부발전㈜신보령발전본부,1,2018-03-22 05:00,TSP,1.28
한국중부발전㈜신보령발전본부,1,2018-03-22 05:00,SOx,18.27
한국중부발전㈜신보령발전본부,1,2018-03-22 05:00,NOx,23.5
한국중부발전㈜신보령발전본부,1,2018-03-22 05:30,TSP,1.17
한국중부발전㈜신보령발전본부,1,2018-03-22 05:30,SOx,17.87
한국중부발전㈜신보령발전본부,1,2018-03-22 05:30,NOx,22.1
한국중부발전㈜신보령발전본부,1,2018-03-22 06:00,TSP,1.18
한국중부발전㈜신보령발전본부,1,2018-03-22 06:00,SOx,17.52
한국중부발전㈜신보령발전본부,1,2018-03-22 06:00,NOx,23.33
한국중부발전㈜신보령발전본부,1,2018-03-22 06:30,TSP,1.22
한국중부발전㈜신보령발전본부,1,2018-03-22 06:30,SOx,16.85
한국중부발전㈜신보령발전본부,1,2018-03-22 06:30,NOx,23.5
한국중부발전㈜신보령발전본부,1,2018-03-22 07:00,TSP,1.38
한국중부발전㈜신보령발전본부,1,2018-03-22 07:00,SOx,16.11
한국중부발전㈜신보령발전본부,1,2018-03-22 07:00,NOx,24.69
한국중부발전㈜신보령발전본부,1,2018-03-22 07:30,TSP,1.26
한국중부발전㈜신보령발전본부,1,2018-03-22 07:30,SOx,15.73
한국중부발전㈜신보령발전본부,1,2018-03-22 07:30,NOx,24.75
한국중부발전㈜신보령발전본부,1,2018-03-22 08:00,TSP,1.36
한국중부발전㈜신보령발전본부,1,2018-03-22 08:00,SOx,15.41
한국중부발전㈜신보령발전본부,1,2018-03-22 08:00,NOx,25.05
한국중부발전㈜신보령발전본부,1,2018-03-22 08:30,TSP,1.34
한국중부발전㈜신보령발전본부,1,2018-03-22 08:30,SOx,16.38
한국중부발전㈜신보령발전본부,1,2018-03-22 08:30,NOx,24.94
한국중부발전㈜신보령발전본부,1,2018-03-22 09:00,TSP,1.5
한국중부발전㈜신보령발전본부,1,2018-03-22 09:00,SOx,18.63
한국중부발전㈜신보령발전본부,1,2018-03-22 09:00,NOx,24.66
한국중부발전㈜신보령발전본부,1,2018-03-22 09:30,TSP,1.53
한국중부발전㈜신보령발전본부,1,2018-03-22 09:30,SOx,18.36
한국중부발전㈜신보령발전본부,1,2018-03-22 09:30,NOx,25.5
한국중부발전㈜신보령발전본부,1,2018-03-22 10:00,TSP,1.55
한국중부발전㈜신보령발전본부,1,2018-03-22 10:00,SOx,18.61
한국중부발전㈜신보령발전본부,1,2018-03-22 10:00,NOx,25.21
한국중부발전㈜신보령발전본부,1,2018-03-22 10:30,TSP,1.66
한국중부발전㈜신보령발전본부,1,2018-03-22 10:30,SOx,18.78
한국중부발전㈜신보령발전본부,1,2018-03-22 10:30,NOx,24.36
한국중부발전㈜신보령발전본부,1,2018-03-22 11:00,TSP,1.6
한국중부발전㈜신보령발전본부,1,2018-03-22 11:00,SOx,18.97
한국중부발전㈜신보령발전본부,1,2018-03-22 11:00,NOx,24.66
한국중부발전㈜신보령발전본부,1,2018-03-22 11:30,TSP,1.35
한국중부발전㈜신보령발전본부,1,2018-03-22 11:30,SOx,19.24
한국중부발전㈜신보령발전본부,1,2018-03-22 11:30,NOx,24.64
한국중부발전㈜신보령발전본부,1,2018-03-22 12:00,TSP,1.38
한국중부발전㈜신보령발전본부,1,2018-03-22 12:00,SOx,19.33
한국중부발전㈜신보령발전본부,1,2018-03-22 12:00,NOx,24.39
한국중부발전㈜신보령발전본부,1,2018-03-22 12:30,TSP,1.33
한국중부발전㈜신보령발전본부,1,2018-03-22 12:30,SOx,19.47
한국중부발전㈜신보령발전본부,1,2018-03-22 12:30,NOx,24.86
한국중부발전㈜신보령발전본부,1,2018-03-22 13:00,TSP,1.4
한국중부발전㈜신보령발전본부,1,2018-03-22 13:00,SOx,19.32
한국중부발전㈜신보령발전본부,1,2018-03-22 13:00,NOx,25.06
한국중부발전㈜신보령발전본부,1,2018-03-22 13:30,TSP,1.42
한국중부발전㈜신보령발전본부,1,2018-03-22 13:30,SOx,19.81
한국중부발전㈜신보령발전본부,1,2018-03-22 13:30,NOx,25.29
한국중부발전㈜신보령발전본부,1,2018-03-22 14:00,TSP,1.26
한국중부발전㈜신보령발전본부,1,2018-03-22 14:00,SOx,19.51
한국중부발전㈜신보령발전본부,1,2018-03-22 14:00,NOx,24.06
한국중부발전㈜신보령발전본부,1,2018-03-22 14:30,TSP,1.53
한국중부발전㈜신보령발전본부,1,2018-03-22 14:30,SOx,20.13
한국중부발전㈜신보령발전본부,1,2018-03-22 14:30,NOx,22.94
한국중부발전㈜신보령발전본부,1,2018-03-22 15:00,TSP,1.35
한국중부발전㈜신보령발전본부,1,2018-03-22 15:00,SOx,20.33
한국중부발전㈜신보령발전본부,1,2018-03-22 15:00,NOx,24.1
한국중부발전㈜신보령발전본부,1,2018-03-22 15:30,TSP,1.31
한국중부발전㈜신보령발전본부,1,2018-03-22 15:30,SOx,20.68
한국중부발전㈜신보령발전본부,1,2018-03-22 15:30,NOx,23.59
한국중부발전㈜신보령발전본부,1,2018-03-22 16:00,TSP,1.5
한국중부발전㈜신보령발전본부,1,2018-03-22 16:00,SOx,20.72
한국중부발전㈜신보령발전본부,1,2018-03-22 16:00,NOx,23.5
한국중부발전㈜신보령발전본부,1,2018-03-22 16:30,TSP,1.48
한국중부발전㈜신보령발전본부,1,2018-03-22 16:30,SOx,20.81
한국중부발전㈜신보령발전본부,1,2018-03-22 16:30,NOx,23.88
한국중부발전㈜신보령발전본부,1,2018-03-22 17:00,TSP,1.5
한국중부발전㈜신보령발전본부,1,2018-03-22 17:00,SOx,20.89
한국중부발전㈜신보령발전본부,1,2018-03-22 17:00,NOx,23.51
한국중부발전㈜신보령발전본부,1,2018-03-22 17:30,TSP,1.57
한국중부발전㈜신보령발전본부,1,2018-03-22 17:30,SOx,20.61
한국중부발전㈜신보령발전본부,1,2018-03-22 17:30,NOx,23.17
한국중부발전㈜신보령발전본부,1,2018-03-22 18:00,TSP,1.69
한국중부발전㈜신보령발전본부,1,2018-03-22 18:00,SOx,20.67
한국중부발전㈜신보령발전본부,1,2018-03-22 18:00,NOx,23.54
한국중부발전㈜신보령발전본부,1,2018-03-22 18:30,TSP,1.79
한국중부발전㈜신보령발전본부,1,2018-03-22 18:30,SOx,20.71
한국중부발전㈜신보령발전본부,1,2018-03-22 18:30,NOx,23.84
한국중부발전㈜신보령발전본부,1,2018-03-22 19:00,TSP,2.07
한국중부발전㈜신보령발전본부,1,2018-03-22 19:00,SOx,20.55
한국중부발전㈜신보령발전본부,1,2018-03-22 19:00,NOx,24.23
한국중부발전㈜신보령발전본부,1,2018-03-22 19:30,TSP,1.56
한국중부발전㈜신보령발전본부,1,2018-03-22 19:30,SOx,20.48
한국중부발전㈜신보령발전본부,1,2018-03-22 19:30,NOx,24.99
한국중부발전㈜신보령발전본부,1,2018-03-22 20:00,TSP,1.66
한국중부발전㈜신보령발전본부,1,2018-03-22 20:00,SOx,20.85
한국중부발전㈜신보령발전본부,1,2018-03-22 20:00,NOx,24.61
한국중부발전㈜신보령발전본부,1,2018-03-22 20:30,TSP,1.69
한국중부발전㈜신보령발전본부,1,2018-03-22 20:30,SOx,20.82
한국중부발전㈜신보령발전본부,1,2018-03-22 20:30,NOx,24.73
한국중부발전㈜신보령발전본부,1,2018-03-22 21:00,TSP,1.75
한국중부발전㈜신보령발전본부,1,2018-03-22 21:00,SOx,21.12
한국중부발전㈜신보령발전본부,1,2018-03-22 21:00,NOx,24.36
한국중부발전㈜신보령발전본부,1,2018-03-22 21:30,TSP,1.84
한국중부발전㈜신보령발전본부,1,2018-03-22 21:30,SOx,21.13
한국중부발전㈜신보령발전본부,1,2018-03-22 21:30,NOx,24.17
한국중부발전㈜신보령발전본부,1,2018-03-22 22:00,TSP,1.8
한국중부발전㈜신보령발전본부,1,2018-03-22 22:00,SOx,21.51
한국중부발전㈜신보령발전본부,1,2018-03-22 22:00,NOx,24.12
한국중부발전㈜신보령발전본부,1,2018-03-22 22:30,TSP,1.35
한국중부발전㈜신보령발전본부,1,2018-03-22 22:30,SOx,21.58
한국중부발전㈜신보령발전본부,1,2018-03-22 22:30,NOx,24.42
한국중부발전㈜신보령발전본부,1,2018-03-22 23:00,TSP,1.36
한국중부발전㈜신보령발전본부,1,2018-03-22 23:00,SOx,21.89
한국중부발전㈜신보령발전본부,1,2018-03-22 23:00,NOx,24.14
한국중부발전㈜신보령발전본부,1,2018-03-22 23:30,TSP,1.35
한국중부발전㈜신보령발전본부,1,2018-03-22 23:30,SOx,21.66
한국중부발전㈜신보령발전본부,1,2018-03-22 23:30,NOx,24.71
한국중부발전㈜신보령발전본부,1,2018-03-23 00:00,TSP,1.5
한국중부발전㈜신보령발전본부,1,2018-03-23 00:00,SOx,21.56
한국중부발전㈜신보령발전본부,1,2018-03-23 00:00,NOx,24.47
한국중부발전㈜신보령발전본부,1,2018-03-23 00:30,TSP,1.47
한국중부발전㈜신보령발전본부,1,2018-03-23 00:30,SOx,21.54
한국중부발전㈜신보령발전본부,1,2018-03-23 00:30,NOx,24.25
한국중부발전㈜신보령발전본부,1,2018-03-23 01:00,TSP,1.5
한국중부발전㈜신보령발전본부,1,2018-03-23 01:00,SOx,21.26
한국중부발전㈜신보령발전본부,1,2018-03-23 01:00,NOx,24.27
한국중부발전㈜신보령발전본부,1,2018-03-23 01:30,TSP,1.57
한국중부발전㈜신보령발전본부,1,2018-03-23 01:30,SOx,21.05
한국중부발전㈜신보령발전본부,1,2018-03-23 01:30,NOx,24.52
한국중부발전㈜신보령발전본부,1,2018-03-23 02:00,TSP,1.66
한국중부발전㈜신보령발전본부,1,2018-03-23 02:00,SOx,20.9
한국중부발전㈜신보령발전본부,1,2018-03-23 02:00,NOx,23.88
한국중부발전㈜신보령발전본부,1,2018-03-23 02:30,TSP,1.72
한국중부발전㈜신보령발전본부,1,2018-03-23 02:30,SOx,20.88
한국중부발전㈜신보령발전본부,1,2018-03-23 02:30,NOx,24.33
한국중부발전㈜신보령발전본부,1,2018-03-23 03:00,TSP,1.73
한국중부발전㈜신보령발전본부,1,2018-03-23 03:00,SOx,20.91
한국중부발전㈜신보령발전본부,1,2018-03-23 03:00,NOx,24.37
한국중부발전㈜신보령발전본부,1,2018-03-23 03:30,TSP,1.45
한국중부발전㈜신보령발전본부,1,2018-03-23 03:30,SOx,20.85
한국중부발전㈜신보령발전본부,1,2018-03-23 03:30,NOx,24.73
한국중부발전㈜신보령발전본부,1,2018-03-23 04:00,TSP,1.41
한국중부발전㈜신보령발전본부,1,2018-03-23 04:00,SOx,20.81
한국중부발전㈜신보령발전본부,1,2018-03-23 04:00,NOx,23.67
한국중부발전㈜신보령발전본부,1,2018-03-23 04:30,TSP,1.41
한국중부발전㈜신보령발전본부,1,2018-03-23 04:30,SOx,20.87
한국중부발전㈜신보령발전본부,1,2018-03-23 04:30,NOx,23.8
한국중부발전㈜신보령발전본부,1,2018-03-23 05:00,TSP,1.38
한국중부발전㈜신보령발전본부,1,2018-03-23 05:00,SOx,20.95
한국중부발전㈜신보령발전본부,1,2018-03-23 05:00,NOx,23.6
한국중부발전㈜신보령발전본부,1,2018-03-23 05:30,TSP,1.37
한국중부발전㈜신보령발전본부,1,2018-03-23 05:30,SOx,20.79
한국중부발전㈜신보령발전본부,1,2018-03-23 05:30,NOx,23.19
한국중부발전㈜신보령발전본부,1,2018-03-23 06:00,TSP,1.38
한국중부발전㈜신보령발전본부,1,2018-03-23 06:00,SOx,20.86
한국중부발전㈜신보령발전본부,1,2018-03-23 06:00,NOx,24.65
한국중부발전㈜신보령발전본부,1,2018-03-23 06:30,TSP,1.35
한국중부발전㈜신보령발전본부,1,2018-03-23 06:30,SOx,20.92
한국중부발전㈜신보령발전본부,1,2018-03-23 06:30,NOx,24.03
한국중부발전㈜신보령발전본부,1,2018-03-23 07:00,TSP,1.34
한국중부발전㈜신보령발전본부,1,2018-03-23 07:00,SOx,20.68
한국중부발전㈜신보령발전본부,1,2018-03-23 07:00,NOx,24.81
한국중부발전㈜신보령발전본부,1,2018-03-23 07:30,TSP,1.31
한국중부발전㈜신보령발전본부,1,2018-03-23 07:30,SOx,20.65
한국중부발전㈜신보령발전본부,1,2018-03-23 07:30,NOx,24.84
한국중부발전㈜신보령발전본부,1,2018-03-23 08:00,TSP,1.46
한국중부발전㈜신보령발전본부,1,2018-03-23 08:00,SOx,20.55
한국중부발전㈜신보령발전본부,1,2018-03-23 08:00,NOx,25.26
한국중부발전㈜신보령발전본부,1,2018-03-23 08:30,TSP,1.49
한국중부발전㈜신보령발전본부,1,2018-03-23 08:30,SOx,20.64
한국중부발전㈜신보령발전본부,1,2018-03-23 08:30,NOx,24.6
한국중부발전㈜신보령발전본부,1,2018-03-23 09:00,TSP,1.49
한국중부발전㈜신보령발전본부,1,2018-03-23 09:00,SOx,20.47
한국중부발전㈜신보령발전본부,1,2018-03-23 09:00,NOx,25.31
한국중부발전㈜신보령발전본부,1,2018-03-23 09:30,TSP,1.6
한국중부발전㈜신보령발전본부,1,2018-03-23 09:30,SOx,20.91
한국중부발전㈜신보령발전본부,1,2018-03-23 09:30,NOx,26.32
한국중부발전㈜신보령발전본부,1,2018-03-23 10:00,TSP,1.71
한국중부발전㈜신보령발전본부,1,2018-03-23 10:00,SOx,20.91
한국중부발전㈜신보령발전본부,1,2018-03-23 10:00,NOx,23.7
한국중부발전㈜신보령발전본부,1,2018-03-23 10:30,TSP,1.74
한국중부발전㈜신보령발전본부,1,2018-03-23 10:30,SOx,20.86
한국중부발전㈜신보령발전본부,1,2018-03-23 10:30,NOx,23.4
한국중부발전㈜신보령발전본부,1,2018-03-23 11:00,TSP,1.69
한국중부발전㈜신보령발전본부,1,2018-03-23 11:00,SOx,20.57
한국중부발전㈜신보령발전본부,1,2018-03-23 11:00,NOx,25.22
한국중부발전㈜신보령발전본부,1,2018-03-23 11:30,TSP,1.47
한국중부발전㈜신보령발전본부,1,2018-03-23 11:30,SOx,20.51
한국중부발전㈜신보령발전본부,1,2018-03-23 11:30,NOx,25.25
한국중부발전㈜신보령발전본부,1,2018-03-23 12:00,TSP,1.37
한국중부발전㈜신보령발전본부,1,2018-03-23 12:00,SOx,20.52
한국중부발전㈜신보령발전본부,1,2018-03-23 12:00,NOx,25.21
한국중부발전㈜신보령발전본부,1,2018-03-23 12:30,TSP,1.33
한국중부발전㈜신보령발전본부,1,2018-03-23 12:30,SOx,20.51
한국중부발전㈜신보령발전본부,1,2018-03-23 12:30,NOx,26.9
한국중부발전㈜신보령발전본부,1,2018-03-23 13:00,TSP,1.34
한국중부발전㈜신보령발전본부,1,2018-03-23 13:00,SOx,20.6
한국중부발전㈜신보령발전본부,1,2018-03-23 13:00,NOx,24.95
한국중부발전㈜신보령발전본부,1,2018-03-23 13:30,TSP,1.35
한국중부발전㈜신보령발전본부,1,2018-03-23 13:30,SOx,20.47
한국중부발전㈜신보령발전본부,1,2018-03-23 13:30,NOx,25.72
한국중부발전㈜신보령발전본부,1,2018-03-23 14:00,TSP,1.35
한국중부발전㈜신보령발전본부,1,2018-03-23 14:00,SOx,20.31
한국중부발전㈜신보령발전본부,1,2018-03-23 14:00,NOx,25.61
한국중부발전㈜신보령발전본부,1,2018-03-23 14:30,TSP,1.29
한국중부발전㈜신보령발전본부,1,2018-03-23 14:30,SOx,20.61
한국중부발전㈜신보령발전본부,1,2018-03-23 14:30,NOx,26.18
한국중부발전㈜신보령발전본부,1,2018-03-23 15:00,TSP,1.31
한국중부발전㈜신보령발전본부,1,2018-03-23 15:00,SOx,20.87
한국중부발전㈜신보령발전본부,1,2018-03-23 15:00,NOx,27.92
한국중부발전㈜신보령발전본부,1,2018-03-23 15:30,TSP,1.33
한국중부발전㈜신보령발전본부,1,2018-03-23 15:30,SOx,20.99
한국중부발전㈜신보령발전본부,1,2018-03-23 15:30,NOx,27.02
한국중부발전㈜신보령발전본부,1,2018-03-23 16:00,TSP,1.47
한국중부발전㈜신보령발전본부,1,2018-03-23 16:00,SOx,20.98
한국중부발전㈜신보령발전본부,1,2018-03-23 16:00,NOx,18.23
한국중부발전㈜신보령발전본부,1,2018-03-23 16:30,TSP,1.41
한국중부발전㈜신보령발전본부,1,2018-03-23 16:30,SOx,20.9
한국중부발전㈜신보령발전본부,1,2018-03-23 16:30,NOx,25.45
한국중부발전㈜신보령발전본부,1,2018-03-23 17:00,TSP,1.48
한국중부발전㈜신보령발전본부,1,2018-03-23 17:00,SOx,21.07
한국중부발전㈜신보령발전본부,1,2018-03-23 17:00,NOx,23.99
한국중부발전㈜신보령발전본부,1,2018-03-23 17:30,TSP,1.58
한국중부발전㈜신보령발전본부,1,2018-03-23 17:30,SOx,21.27
한국중부발전㈜신보령발전본부,1,2018-03-23 17:30,NOx,24.48
한국중부발전㈜신보령발전본부,1,2018-03-23 18:00,TSP,1.69
한국중부발전㈜신보령발전본부,1,2018-03-23 18:00,SOx,21.5
한국중부발전㈜신보령발전본부,1,2018-03-23 18:00,NOx,23.73
한국중부발전㈜신보령발전본부,1,2018-03-23 18:30,TSP,1.75
한국중부발전㈜신보령발전본부,1,2018-03-23 18:30,SOx,21.07
한국중부발전㈜신보령발전본부,1,2018-03-23 18:30,NOx,22.28
한국중부발전㈜신보령발전본부,1,2018-03-23 19:00,TSP,1.98
한국중부발전㈜신보령발전본부,1,2018-03-23 19:00,SOx,20.99
한국중부발전㈜신보령발전본부,1,2018-03-23 19:00,NOx,21.58
한국중부발전㈜신보령발전본부,1,2018-03-23 19:30,TSP,1.47
한국중부발전㈜신보령발전본부,1,2018-03-23 19:30,SOx,20.96
한국중부발전㈜신보령발전본부,1,2018-03-23 19:30,NOx,22.33
한국중부발전㈜신보령발전본부,1,2018-03-23 20:00,TSP,1.5
한국중부발전㈜신보령발전본부,1,2018-03-23 20:00,SOx,21.33
한국중부발전㈜신보령발전본부,1,2018-03-23 20:00,NOx,22.16
한국중부발전㈜신보령발전본부,1,2018-03-23 20:30,TSP,1.48
한국중부발전㈜신보령발전본부,1,2018-03-23 20:30,SOx,21.38
한국중부발전㈜신보령발전본부,1,2018-03-23 20:30,NOx,22.09
한국중부발전㈜신보령발전본부,1,2018-03-23 21:00,TSP,1.61
한국중부발전㈜신보령발전본부,1,2018-03-23 21:00,SOx,21.8
한국중부발전㈜신보령발전본부,1,2018-03-23 21:00,NOx,22.6
한국중부발전㈜신보령발전본부,1,2018-03-23 21:30,TSP,1.62
한국중부발전㈜신보령발전본부,1,2018-03-23 21:30,SOx,22.76
한국중부발전㈜신보령발전본부,1,2018-03-23 21:30,NOx,22.74
한국중부발전㈜신보령발전본부,1,2018-03-23 22:00,TSP,1.56
한국중부발전㈜신보령발전본부,1,2018-03-23 22:00,SOx,23.33
한국중부발전㈜신보령발전본부,1,2018-03-23 22:00,NOx,23.16
한국중부발전㈜신보령발전본부,1,2018-03-23 22:30,TSP,1.19
한국중부발전㈜신보령발전본부,1,2018-03-23 22:30,SOx,22.78
한국중부발전㈜신보령발전본부,1,2018-03-23 22:30,NOx,24.12
한국중부발전㈜신보령발전본부,1,2018-03-23 23:00,TSP,1.21
한국중부발전㈜신보령발전본부,1,2018-03-23 23:00,SOx,22.37
한국중부발전㈜신보령발전본부,1,2018-03-23 23:00,NOx,24.31
한국중부발전㈜신보령발전본부,1,2018-03-23 23:30,TSP,1.19
한국중부발전㈜신보령발전본부,1,2018-03-23 23:30,SOx,21.88
한국중부발전㈜신보령발전본부,1,2018-03-23 23:30,NOx,24.1
한국중부발전㈜신보령발전본부,1,2018-03-24 00:00,TSP,1.29
한국중부발전㈜신보령발전본부,1,2018-03-24 00:00,SOx,21.47
한국중부발전㈜신보령발전본부,1,2018-03-24 00:00,NOx,23.89
한국중부발전㈜신보령발전본부,1,2018-03-24 00:30,TSP,1.28
한국중부발전㈜신보령발전본부,1,2018-03-24 00:30,SOx,21.06
한국중부발전㈜신보령발전본부,1,2018-03-24 00:30,NOx,24.3
한국중부발전㈜신보령발전본부,1,2018-03-24 01:00,TSP,1.34
한국중부발전㈜신보령발전본부,1,2018-03-24 01:00,SOx,20.73
한국중부발전㈜신보령발전본부,1,2018-03-24 01:00,NOx,23.89
한국중부발전㈜신보령발전본부,1,2018-03-24 01:30,TSP,1.36
한국중부발전㈜신보령발전본부,1,2018-03-24 01:30,SOx,20.45
한국중부발전㈜신보령발전본부,1,2018-03-24 01:30,NOx,24.74
한국중부발전㈜신보령발전본부,1,2018-03-24 02:00,TSP,1.45
한국중부발전㈜신보령발전본부,1,2018-03-24 02:00,SOx,19.82
한국중부발전㈜신보령발전본부,1,2018-03-24 02:00,NOx,24.7
한국중부발전㈜신보령발전본부,1,2018-03-24 02:30,TSP,1.56
한국중부발전㈜신보령발전본부,1,2018-03-24 02:30,SOx,19.52
한국중부발전㈜신보령발전본부,1,2018-03-24 02:30,NOx,24.66
한국중부발전㈜신보령발전본부,1,2018-03-24 03:00,TSP,1.5
한국중부발전㈜신보령발전본부,1,2018-03-24 03:00,SOx,19.18
한국중부발전㈜신보령발전본부,1,2018-03-24 03:00,NOx,24.73
한국중부발전㈜신보령발전본부,1,2018-03-24 03:30,TSP,1.31
한국중부발전㈜신보령발전본부,1,2018-03-24 03:30,SOx,19.31
한국중부발전㈜신보령발전본부,1,2018-03-24 03:30,NOx,24.21
한국중부발전㈜신보령발전본부,1,2018-03-24 04:00,TSP,1.34
한국중부발전㈜신보령발전본부,1,2018-03-24 04:00,SOx,19.22
한국중부발전㈜신보령발전본부,1,2018-03-24 04:00,NOx,24.49
한국중부발전㈜신보령발전본부,1,2018-03-24 04:30,TSP,1.32
한국중부발전㈜신보령발전본부,1,2018-03-24 04:30,SOx,19.27
한국중부발전㈜신보령발전본부,1,2018-03-24 04:30,NOx,24.46
한국중부발전㈜신보령발전본부,1,2018-03-24 05:00,TSP,1.27
한국중부발전㈜신보령발전본부,1,2018-03-24 05:00,SOx,19.03
한국중부발전㈜신보령발전본부,1,2018-03-24 05:00,NOx,23.74
한국중부발전㈜신보령발전본부,1,2018-03-24 05:30,TSP,1.26
한국중부발전㈜신보령발전본부,1,2018-03-24 05:30,SOx,19.02
한국중부발전㈜신보령발전본부,1,2018-03-24 05:30,NOx,24.05
한국중부발전㈜신보령발전본부,1,2018-03-24 06:00,TSP,1.3
한국중부발전㈜신보령발전본부,1,2018-03-24 06:00,SOx,18.95
한국중부발전㈜신보령발전본부,1,2018-03-24 06:00,NOx,24.08
한국중부발전㈜신보령발전본부,1,2018-03-24 06:30,TSP,1.27
한국중부발전㈜신보령발전본부,1,2018-03-24 06:30,SOx,18.96
한국중부발전㈜신보령발전본부,1,2018-03-24 06:30,NOx,23.8
한국중부발전㈜신보령발전본부,1,2018-03-24 07:00,TSP,1.29
한국중부발전㈜신보령발전본부,1,2018-03-24 07:00,SOx,18.85
한국중부발전㈜신보령발전본부,1,2018-03-24 07:00,NOx,23.03
한국중부발전㈜신보령발전본부,1,2018-03-24 07:30,TSP,1.25
한국중부발전㈜신보령발전본부,1,2018-03-24 07:30,SOx,18.83
한국중부발전㈜신보령발전본부,1,2018-03-24 07:30,NOx,22.27
한국중부발전㈜신보령발전본부,1,2018-03-24 08:00,TSP,1.37
한국중부발전㈜신보령발전본부,1,2018-03-24 08:00,SOx,18.67
한국중부발전㈜신보령발전본부,1,2018-03-24 08:00,NOx,23.29
한국중부발전㈜신보령발전본부,1,2018-03-24 08:30,TSP,1.4
한국중부발전㈜신보령발전본부,1,2018-03-24 08:30,SOx,18.46
한국중부발전㈜신보령발전본부,1,2018-03-24 08:30,NOx,24.23
한국중부발전㈜신보령발전본부,1,2018-03-24 09:00,TSP,1.45
한국중부발전㈜신보령발전본부,1,2018-03-24 09:00,SOx,18.14
한국중부발전㈜신보령발전본부,1,2018-03-24 09:00,NOx,26.71
한국중부발전㈜신보령발전본부,1,2018-03-24 09:30,TSP,1.5
한국중부발전㈜신보령발전본부,1,2018-03-24 09:30,SOx,17.6
한국중부발전㈜신보령발전본부,1,2018-03-24 09:30,NOx,26.06
한국중부발전㈜신보령발전본부,1,2018-03-24 10:00,TSP,1.57
한국중부발전㈜신보령발전본부,1,2018-03-24 10:00,SOx,17.45
한국중부발전㈜신보령발전본부,1,2018-03-24 10:00,NOx,25.83
한국중부발전㈜신보령발전본부,1,2018-03-24 10:30,TSP,1.69
한국중부발전㈜신보령발전본부,1,2018-03-24 10:30,SOx,17.26
한국중부발전㈜신보령발전본부,1,2018-03-24 10:30,NOx,26.5
한국중부발전㈜신보령발전본부,1,2018-03-24 11:00,TSP,1.53
한국중부발전㈜신보령발전본부,1,2018-03-24 11:00,SOx,17.25
한국중부발전㈜신보령발전본부,1,2018-03-24 11:00,NOx,26.36
한국중부발전㈜신보령발전본부,1,2018-03-24 11:30,TSP,1.31
한국중부발전㈜신보령발전본부,1,2018-03-24 11:30,SOx,17.1
한국중부발전㈜신보령발전본부,1,2018-03-24 11:30,NOx,26.76
한국중부발전㈜신보령발전본부,1,2018-03-24 12:00,TSP,1.31
한국중부발전㈜신보령발전본부,1,2018-03-24 12:00,SOx,17.27
한국중부발전㈜신보령발전본부,1,2018-03-24 12:00,NOx,25.59
한국중부발전㈜신보령발전본부,1,2018-03-24 12:30,TSP,1.29
한국중부발전㈜신보령발전본부,1,2018-03-24 12:30,SOx,17.35
한국중부발전㈜신보령발전본부,1,2018-03-24 12:30,NOx,25.3
한국중부발전㈜신보령발전본부,1,2018-03-24 13:00,TSP,1.26
한국중부발전㈜신보령발전본부,1,2018-03-24 13:00,SOx,17.65
한국중부발전㈜신보령발전본부,1,2018-03-24 13:00,NOx,24.9
한국중부발전㈜신보령발전본부,1,2018-03-24 13:30,TSP,1.27
한국중부발전㈜신보령발전본부,1,2018-03-24 13:30,SOx,17.68
한국중부발전㈜신보령발전본부,1,2018-03-24 13:30,NOx,25.05
한국중부발전㈜신보령발전본부,1,2018-03-24 14:00,TSP,1.24
한국중부발전㈜신보령발전본부,1,2018-03-24 14:00,SOx,18.34
한국중부발전㈜신보령발전본부,1,2018-03-24 14:00,NOx,24.25
한국중부발전㈜신보령발전본부,1,2018-03-24 14:30,TSP,1.25
한국중부발전㈜신보령발전본부,1,2018-03-24 14:30,SOx,19.08
한국중부발전㈜신보령발전본부,1,2018-03-24 14:30,NOx,23.75
한국중부발전㈜신보령발전본부,1,2018-03-24 15:00,TSP,1.27
한국중부발전㈜신보령발전본부,1,2018-03-24 15:00,SOx,19.6
한국중부발전㈜신보령발전본부,1,2018-03-24 15:00,NOx,24.57
한국중부발전㈜신보령발전본부,1,2018-03-24 15:30,TSP,1.28
한국중부발전㈜신보령발전본부,1,2018-03-24 15:30,SOx,20.17
한국중부발전㈜신보령발전본부,1,2018-03-24 15:30,NOx,24.12
한국중부발전㈜신보령발전본부,1,2018-03-24 16:00,TSP,1.49
한국중부발전㈜신보령발전본부,1,2018-03-24 16:00,SOx,20.67
한국중부발전㈜신보령발전본부,1,2018-03-24 16:00,NOx,23.18
한국중부발전㈜신보령발전본부,1,2018-03-24 16:30,TSP,1.43
한국중부발전㈜신보령발전본부,1,2018-03-24 16:30,SOx,21.51
한국중부발전㈜신보령발전본부,1,2018-03-24 16:30,NOx,22.93
한국중부발전㈜신보령발전본부,1,2018-03-24 17:00,TSP,1.47
한국중부발전㈜신보령발전본부,1,2018-03-24 17:00,SOx,21.86
한국중부발전㈜신보령발전본부,1,2018-03-24 17:00,NOx,23.49
한국중부발전㈜신보령발전본부,1,2018-03-24 17:30,TSP,1.59
한국중부발전㈜신보령발전본부,1,2018-03-24 17:30,SOx,22.03
한국중부발전㈜신보령발전본부,1,2018-03-24 17:30,NOx,23.22
한국중부발전㈜신보령발전본부,1,2018-03-24 18:00,TSP,1.66
한국중부발전㈜신보령발전본부,1,2018-03-24 18:00,SOx,22.03
한국중부발전㈜신보령발전본부,1,2018-03-24 18:00,NOx,23.38
한국중부발전㈜신보령발전본부,1,2018-03-24 18:30,TSP,1.7
한국중부발전㈜신보령발전본부,1,2018-03-24 18:30,SOx,21.86
한국중부발전㈜신보령발전본부,1,2018-03-24 18:30,NOx,22.44
한국중부발전㈜신보령발전본부,1,2018-03-24 19:00,TSP,2.09
한국중부발전㈜신보령발전본부,1,2018-03-24 19:00,SOx,21.68
한국중부발전㈜신보령발전본부,1,2018-03-24 19:00,NOx,22.7
한국중부발전㈜신보령발전본부,1,2018-03-24 19:30,TSP,1.5
한국중부발전㈜신보령발전본부,1,2018-03-24 19:30,SOx,21.61
한국중부발전㈜신보령발전본부,1,2018-03-24 19:30,NOx,23.12
한국중부발전㈜신보령발전본부,1,2018-03-24 20:00,TSP,1.68
한국중부발전㈜신보령발전본부,1,2018-03-24 20:00,SOx,21.47
한국중부발전㈜신보령발전본부,1,2018-03-24 20:00,NOx,22.6
한국중부발전㈜신보령발전본부,1,2018-03-24 20:30,TSP,1.67
한국중부발전㈜신보령발전본부,1,2018-03-24 20:30,SOx,21.0
한국중부발전㈜신보령발전본부,1,2018-03-24 20:30,NOx,22.79
한국중부발전㈜신보령발전본부,1,2018-03-24 21:00,TSP,1.69
한국중부발전㈜신보령발전본부,1,2018-03-24 21:00,SOx,20.89
한국중부발전㈜신보령발전본부,1,2018-03-24 21:00,NOx,23.2
한국중부발전㈜신보령발전본부,1,2018-03-24 21:30,TSP,1.74
한국중부발전㈜신보령발전본부,1,2018-03-24 21:30,SOx,21.2
한국중부발전㈜신보령발전본부,1,2018-03-24 21:30,NOx,23.62
한국중부발전㈜신보령발전본부,1,2018-03-24 22:00,TSP,1.63
한국중부발전㈜신보령발전본부,1,2018-03-24 22:00,SOx,21.23
한국중부발전㈜신보령발전본부,1,2018-03-24 22:00,NOx,23.54
한국중부발전㈜신보령발전본부,1,2018-03-24 22:30,TSP,1.35
한국중부발전㈜신보령발전본부,1,2018-03-24 22:30,SOx,21.09
한국중부발전㈜신보령발전본부,1,2018-03-24 22:30,NOx,23.61
한국중부발전㈜신보령발전본부,1,2018-03-24 23:00,TSP,1.35
한국중부발전㈜신보령발전본부,1,2018-03-24 23:00,SOx,21.34
한국중부발전㈜신보령발전본부,1,2018-03-24 23:00,NOx,23.69
한국중부발전㈜신보령발전본부,1,2018-03-24 23:30,TSP,1.32
한국중부발전㈜신보령발전본부,1,2018-03-24 23:30,SOx,21.37
한국중부발전㈜신보령발전본부,1,2018-03-24 23:30,NOx,23.87
한국중부발전㈜신보령발전본부,1,2018-03-25 00:00,TSP,1.4
한국중부발전㈜신보령발전본부,1,2018-03-25 00:00,SOx,21.13
한국중부발전㈜신보령발전본부,1,2018-03-25 00:00,NOx,23.43
한국중부발전㈜신보령발전본부,1,2018-03-25 00:30,TSP,1.45
한국중부발전㈜신보령발전본부,1,2018-03-25 00:30,SOx,20.13
한국중부발전㈜신보령발전본부,1,2018-03-25 00:30,NOx,23.79
한국중부발전㈜신보령발전본부,1,2018-03-25 01:00,TSP,1.42
한국중부발전㈜신보령발전본부,1,2018-03-25 01:00,SOx,19.3
한국중부발전㈜신보령발전본부,1,2018-03-25 01:00,NOx,22.96
한국중부발전㈜신보령발전본부,1,2018-03-25 01:30,TSP,1.41
한국중부발전㈜신보령발전본부,1,2018-03-25 01:30,SOx,17.89
한국중부발전㈜신보령발전본부,1,2018-03-25 01:30,NOx,23.53
한국중부발전㈜신보령발전본부,1,2018-03-25 02:00,TSP,1.55
한국중부발전㈜신보령발전본부,1,2018-03-25 02:00,SOx,16.67
한국중부발전㈜신보령발전본부,1,2018-03-25 02:00,NOx,23.7
한국중부발전㈜신보령발전본부,1,2018-03-25 02:30,TSP,1.63
한국중부발전㈜신보령발전본부,1,2018-03-25 02:30,SOx,15.25
한국중부발전㈜신보령발전본부,1,2018-03-25 02:30,NOx,22.57
한국중부발전㈜신보령발전본부,1,2018-03-25 03:00,TSP,1.59
한국중부발전㈜신보령발전본부,1,2018-03-25 03:00,SOx,14.32
한국중부발전㈜신보령발전본부,1,2018-03-25 03:00,NOx,22.73
한국중부발전㈜신보령발전본부,1,2018-03-25 03:30,TSP,1.3
한국중부발전㈜신보령발전본부,1,2018-03-25 03:30,SOx,13.99
한국중부발전㈜신보령발전본부,1,2018-03-25 03:30,NOx,22.09
한국중부발전㈜신보령발전본부,1,2018-03-25 04:00,TSP,1.24
한국중부발전㈜신보령발전본부,1,2018-03-25 04:00,SOx,13.27
한국중부발전㈜신보령발전본부,1,2018-03-25 04:00,NOx,22.55
한국중부발전㈜신보령발전본부,1,2018-03-25 04:30,TSP,1.25
한국중부발전㈜신보령발전본부,1,2018-03-25 04:30,SOx,13.51
한국중부발전㈜신보령발전본부,1,2018-03-25 04:30,NOx,23.52
한국중부발전㈜신보령발전본부,1,2018-03-25 05:00,TSP,1.27
한국중부발전㈜신보령발전본부,1,2018-03-25 05:00,SOx,15.53
한국중부발전㈜신보령발전본부,1,2018-03-25 05:00,NOx,24.17
한국중부발전㈜신보령발전본부,1,2018-03-25 05:30,TSP,1.24
한국중부발전㈜신보령발전본부,1,2018-03-25 05:30,SOx,15.1
한국중부발전㈜신보령발전본부,1,2018-03-25 05:30,NOx,25.25
한국중부발전㈜신보령발전본부,1,2018-03-25 06:00,TSP,1.25
한국중부발전㈜신보령발전본부,1,2018-03-25 06:00,SOx,14.72
한국중부발전㈜신보령발전본부,1,2018-03-25 06:00,NOx,25.07
한국중부발전㈜신보령발전본부,1,2018-03-25 06:30,TSP,1.28
한국중부발전㈜신보령발전본부,1,2018-03-25 06:30,SOx,14.27
한국중부발전㈜신보령발전본부,1,2018-03-25 06:30,NOx,25.38
한국중부발전㈜신보령발전본부,1,2018-03-25 07:00,TSP,1.28
한국중부발전㈜신보령발전본부,1,2018-03-25 07:00,SOx,13.87
한국중부발전㈜신보령발전본부,1,2018-03-25 07:00,NOx,25.4
한국중부발전㈜신보령발전본부,1,2018-03-25 07:30,TSP,1.31
한국중부발전㈜신보령발전본부,1,2018-03-25 07:30,SOx,13.48
한국중부발전㈜신보령발전본부,1,2018-03-25 07:30,NOx,26.46
한국중부발전㈜신보령발전본부,1,2018-03-25 08:00,TSP,1.64
한국중부발전㈜신보령발전본부,1,2018-03-25 08:00,SOx,13.18
한국중부발전㈜신보령발전본부,1,2018-03-25 08:00,NOx,26.62
한국중부발전㈜신보령발전본부,1,2018-03-25 08:30,TSP,1.63
한국중부발전㈜신보령발전본부,1,2018-03-25 08:30,SOx,12.94
한국중부발전㈜신보령발전본부,1,2018-03-25 08:30,NOx,26.47
한국중부발전㈜신보령발전본부,1,2018-03-25 09:00,TSP,1.67
한국중부발전㈜신보령발전본부,1,2018-03-25 09:00,SOx,12.55
한국중부발전㈜신보령발전본부,1,2018-03-25 09:00,NOx,26.55
한국중부발전㈜신보령발전본부,1,2018-03-25 09:30,TSP,1.71
한국중부발전㈜신보령발전본부,1,2018-03-25 09:30,SOx,12.76
한국중부발전㈜신보령발전본부,1,2018-03-25 09:30,NOx,25.32
한국중부발전㈜신보령발전본부,1,2018-03-25 10:00,TSP,2.03
한국중부발전㈜신보령발전본부,1,2018-03-25 10:00,SOx,13.16
한국중부발전㈜신보령발전본부,1,2018-03-25 10:00,NOx,25.54
한국중부발전㈜신보령발전본부,1,2018-03-25 10:30,TSP,2.09
한국중부발전㈜신보령발전본부,1,2018-03-25 10:30,SOx,13.55
한국중부발전㈜신보령발전본부,1,2018-03-25 10:30,NOx,25.49
한국중부발전㈜신보령발전본부,1,2018-03-25 11:00,TSP,1.78
한국중부발전㈜신보령발전본부,1,2018-03-25 11:00,SOx,14.02
한국중부발전㈜신보령발전본부,1,2018-03-25 11:00,NOx,27.09
한국중부발전㈜신보령발전본부,1,2018-03-25 11:30,TSP,1.55
한국중부발전㈜신보령발전본부,1,2018-03-25 11:30,SOx,13.61
한국중부발전㈜신보령발전본부,1,2018-03-25 11:30,NOx,26.27
한국중부발전㈜신보령발전본부,1,2018-03-25 12:00,TSP,1.58
한국중부발전㈜신보령발전본부,1,2018-03-25 12:00,SOx,13.28
한국중부발전㈜신보령발전본부,1,2018-03-25 12:00,NOx,28.06
한국중부발전㈜신보령발전본부,1,2018-03-25 12:30,TSP,1.54
한국중부발전㈜신보령발전본부,1,2018-03-25 12:30,SOx,12.74
한국중부발전㈜신보령발전본부,1,2018-03-25 12:30,NOx,24.89
한국중부발전㈜신보령발전본부,1,2018-03-25 13:00,TSP,1.57
한국중부발전㈜신보령발전본부,1,2018-03-25 13:00,SOx,12.99
한국중부발전㈜신보령발전본부,1,2018-03-25 13:00,NOx,25.99
한국중부발전㈜신보령발전본부,1,2018-03-25 13:30,TSP,1.55
한국중부발전㈜신보령발전본부,1,2018-03-25 13:30,SOx,13.06
한국중부발전㈜신보령발전본부,1,2018-03-25 13:30,NOx,25.34
한국중부발전㈜신보령발전본부,1,2018-03-25 14:00,TSP,1.51
한국중부발전㈜신보령발전본부,1,2018-03-25 14:00,SOx,13.74
한국중부발전㈜신보령발전본부,1,2018-03-25 14:00,NOx,26.25
한국중부발전㈜신보령발전본부,1,2018-03-25 14:30,TSP,1.54
한국중부발전㈜신보령발전본부,1,2018-03-25 14:30,SOx,14.11
한국중부발전㈜신보령발전본부,1,2018-03-25 14:30,NOx,26.93
한국중부발전㈜신보령발전본부,1,2018-03-25 15:00,TSP,1.63
한국중부발전㈜신보령발전본부,1,2018-03-25 15:00,SOx,13.86
한국중부발전㈜신보령발전본부,1,2018-03-25 15:00,NOx,24.62
한국중부발전㈜신보령발전본부,1,2018-03-25 15:30,TSP,1.69
한국중부발전㈜신보령발전본부,1,2018-03-25 15:30,SOx,14.06
한국중부발전㈜신보령발전본부,1,2018-03-25 15:30,NOx,22.68
한국중부발전㈜신보령발전본부,1,2018-03-25 16:00,TSP,1.9
한국중부발전㈜신보령발전본부,1,2018-03-25 16:00,SOx,14.07
한국중부발전㈜신보령발전본부,1,2018-03-25 16:00,NOx,25.06
한국중부발전㈜신보령발전본부,1,2018-03-25 16:30,TSP,1.8
한국중부발전㈜신보령발전본부,1,2018-03-25 16:30,SOx,13.64
한국중부발전㈜신보령발전본부,1,2018-03-25 16:30,NOx,24.7
한국중부발전㈜신보령발전본부,1,2018-03-25 17:00,TSP,2.06
한국중부발전㈜신보령발전본부,1,2018-03-25 17:00,SOx,11.85
한국중부발전㈜신보령발전본부,1,2018-03-25 17:00,NOx,24.46
한국중부발전㈜신보령발전본부,1,2018-03-25 17:30,TSP,2.21
한국중부발전㈜신보령발전본부,1,2018-03-25 17:30,SOx,11.03
한국중부발전㈜신보령발전본부,1,2018-03-25 17:30,NOx,27.06
한국중부발전㈜신보령발전본부,1,2018-03-25 18:00,TSP,2.26
한국중부발전㈜신보령발전본부,1,2018-03-25 18:00,SOx,10.01
한국중부발전㈜신보령발전본부,1,2018-03-25 18:00,NOx,22.89
한국중부발전㈜신보령발전본부,1,2018-03-25 18:30,TSP,2.35
한국중부발전㈜신보령발전본부,1,2018-03-25 18:30,SOx,10.01
한국중부발전㈜신보령발전본부,1,2018-03-25 18:30,NOx,21.0
한국중부발전㈜신보령발전본부,1,2018-03-25 19:00,TSP,2.42
한국중부발전㈜신보령발전본부,1,2018-03-25 19:00,SOx,9.69
한국중부발전㈜신보령발전본부,1,2018-03-25 19:00,NOx,21.64
한국중부발전㈜신보령발전본부,1,2018-03-25 19:30,TSP,1.82
한국중부발전㈜신보령발전본부,1,2018-03-25 19:30,SOx,9.69
한국중부발전㈜신보령발전본부,1,2018-03-25 19:30,NOx,21.38
한국중부발전㈜신보령발전본부,1,2018-03-25 20:00,TSP,1.76
한국중부발전㈜신보령발전본부,1,2018-03-25 20:00,SOx,9.51
한국중부발전㈜신보령발전본부,1,2018-03-25 20:00,NOx,21.32
한국중부발전㈜신보령발전본부,1,2018-03-25 20:30,TSP,1.81
한국중부발전㈜신보령발전본부,1,2018-03-25 20:30,SOx,9.55
한국중부발전㈜신보령발전본부,1,2018-03-25 20:30,NOx,21.45
한국중부발전㈜신보령발전본부,1,2018-03-25 21:00,TSP,2.06
한국중부발전㈜신보령발전본부,1,2018-03-25 21:00,SOx,9.61
한국중부발전㈜신보령발전본부,1,2018-03-25 21:00,NOx,22.2
한국중부발전㈜신보령발전본부,1,2018-03-25 21:30,TSP,2.03
한국중부발전㈜신보령발전본부,1,2018-03-25 21:30,SOx,9.85
한국중부발전㈜신보령발전본부,1,2018-03-25 21:30,NOx,22.03
한국중부발전㈜신보령발전본부,1,2018-03-25 22:00,TSP,1.75
한국중부발전㈜신보령발전본부,1,2018-03-25 22:00,SOx,9.82
한국중부발전㈜신보령발전본부,1,2018-03-25 22:00,NOx,22.05
한국중부발전㈜신보령발전본부,1,2018-03-25 22:30,TSP,1.48
한국중부발전㈜신보령발전본부,1,2018-03-25 22:30,SOx,9.8
한국중부발전㈜신보령발전본부,1,2018-03-25 22:30,NOx,21.45
한국중부발전㈜신보령발전본부,1,2018-03-25 23:00,TSP,1.43
한국중부발전㈜신보령발전본부,1,2018-03-25 23:00,SOx,10.02
한국중부발전㈜신보령발전본부,1,2018-03-25 23:00,NOx,22.31
한국중부발전㈜신보령발전본부,1,2018-03-25 23:30,TSP,1.39
한국중부발전㈜신보령발전본부,1,2018-03-25 23:30,SOx,10.06
한국중부발전㈜신보령발전본부,1,2018-03-25 23:30,NOx,21.51
한국중부발전㈜신보령발전본부,1,2018-03-26 00:00,TSP,1.66
한국중부발전㈜신보령발전본부,1,2018-03-26 00:00,SOx,10.3
한국중부발전㈜신보령발전본부,1,2018-03-26 00:00,NOx,21.73
한국중부발전㈜신보령발전본부,1,2018-03-26 00:30,TSP,1.52
한국중부발전㈜신보령발전본부,1,2018-03-26 00:30,SOx,10.44
한국중부발전㈜신보령발전본부,1,2018-03-26 00:30,NOx,22.13
한국중부발전㈜신보령발전본부,1,2018-03-26 01:00,TSP,1.76
한국중부발전㈜신보령발전본부,1,2018-03-26 01:00,SOx,10.87
한국중부발전㈜신보령발전본부,1,2018-03-26 01:00,NOx,22.3
한국중부발전㈜신보령발전본부,1,2018-03-26 01:30,TSP,1.9
한국중부발전㈜신보령발전본부,1,2018-03-26 01:30,SOx,11.34
한국중부발전㈜신보령발전본부,1,2018-03-26 01:30,NOx,22.2
한국중부발전㈜신보령발전본부,1,2018-03-26 02:00,TSP,1.89
한국중부발전㈜신보령발전본부,1,2018-03-26 02:00,SOx,11.45
한국중부발전㈜신보령발전본부,1,2018-03-26 02:00,NOx,22.71
한국중부발전㈜신보령발전본부,1,2018-03-26 02:30,TSP,2.12
한국중부발전㈜신보령발전본부,1,2018-03-26 02:30,SOx,11.38
한국중부발전㈜신보령발전본부,1,2018-03-26 02:30,NOx,22.92
한국중부발전㈜신보령발전본부,1,2018-03-26 03:00,TSP,1.88
한국중부발전㈜신보령발전본부,1,2018-03-26 03:00,SOx,11.6
한국중부발전㈜신보령발전본부,1,2018-03-26 03:00,NOx,23.45
한국중부발전㈜신보령발전본부,1,2018-03-26 03:30,TSP,1.97
한국중부발전㈜신보령발전본부,1,2018-03-26 03:30,SOx,11.56
한국중부발전㈜신보령발전본부,1,2018-03-26 03:30,NOx,23.91
한국중부발전㈜신보령발전본부,1,2018-03-26 04:00,TSP,1.62
한국중부발전㈜신보령발전본부,1,2018-03-26 04:00,SOx,11.67
한국중부발전㈜신보령발전본부,1,2018-03-26 04:00,NOx,23.58
한국중부발전㈜신보령발전본부,1,2018-03-26 04:30,TSP,1.89
한국중부발전㈜신보령발전본부,1,2018-03-26 04:30,SOx,11.94
한국중부발전㈜신보령발전본부,1,2018-03-26 04:30,NOx,24.12
한국중부발전㈜신보령발전본부,1,2018-03-26 05:00,TSP,1.51
한국중부발전㈜신보령발전본부,1,2018-03-26 05:00,SOx,11.92
한국중부발전㈜신보령발전본부,1,2018-03-26 05:00,NOx,23.59
한국중부발전㈜신보령발전본부,1,2018-03-26 05:30,TSP,1.69
한국중부발전㈜신보령발전본부,1,2018-03-26 05:30,SOx,12.47
한국중부발전㈜신보령발전본부,1,2018-03-26 05:30,NOx,24.37
한국중부발전㈜신보령발전본부,1,2018-03-26 06:00,TSP,1.59
한국중부발전㈜신보령발전본부,1,2018-03-26 06:00,SOx,12.24
한국중부발전㈜신보령발전본부,1,2018-03-26 06:00,NOx,23.88
한국중부발전㈜신보령발전본부,1,2018-03-26 06:30,TSP,1.45
한국중부발전㈜신보령발전본부,1,2018-03-26 06:30,SOx,12.02
한국중부발전㈜신보령발전본부,1,2018-03-26 06:30,NOx,23.86
한국중부발전㈜신보령발전본부,1,2018-03-26 07:00,TSP,1.34
한국중부발전㈜신보령발전본부,1,2018-03-26 07:00,SOx,11.61
한국중부발전㈜신보령발전본부,1,2018-03-26 07:00,NOx,23.87
한국중부발전㈜신보령발전본부,1,2018-03-26 07:30,TSP,1.3
한국중부발전㈜신보령발전본부,1,2018-03-26 07:30,SOx,11.27
한국중부발전㈜신보령발전본부,1,2018-03-26 07:30,NOx,23.51
한국중부발전㈜신보령발전본부,1,2018-03-26 08:00,TSP,1.5
한국중부발전㈜신보령발전본부,1,2018-03-26 08:00,SOx,11.04
한국중부발전㈜신보령발전본부,1,2018-03-26 08:00,NOx,24.15
한국중부발전㈜신보령발전본부,1,2018-03-26 08:30,TSP,1.47
한국중부발전㈜신보령발전본부,1,2018-03-26 08:30,SOx,10.65
한국중부발전㈜신보령발전본부,1,2018-03-26 08:30,NOx,23.28
한국중부발전㈜신보령발전본부,1,2018-03-26 09:00,TSP,1.59
한국중부발전㈜신보령발전본부,1,2018-03-26 09:00,SOx,10.51
한국중부발전㈜신보령발전본부,1,2018-03-26 09:00,NOx,23.43
한국중부발전㈜신보령발전본부,1,2018-03-26 09:30,TSP,1.74
한국중부발전㈜신보령발전본부,1,2018-03-26 09:30,SOx,10.12
한국중부발전㈜신보령발전본부,1,2018-03-26 09:30,NOx,22.66
한국중부발전㈜신보령발전본부,1,2018-03-26 10:00,TSP,1.75
한국중부발전㈜신보령발전본부,1,2018-03-26 10:00,SOx,10.22
한국중부발전㈜신보령발전본부,1,2018-03-26 10:00,NOx,22.46
한국중부발전㈜신보령발전본부,1,2018-03-26 10:30,TSP,1.75
한국중부발전㈜신보령발전본부,1,2018-03-26 10:30,SOx,9.87
한국중부발전㈜신보령발전본부,1,2018-03-26 10:30,NOx,21.39
한국중부발전㈜신보령발전본부,1,2018-03-26 11:00,TSP,1.63
한국중부발전㈜신보령발전본부,1,2018-03-26 11:00,SOx,9.54
한국중부발전㈜신보령발전본부,1,2018-03-26 11:00,NOx,21.95
한국중부발전㈜신보령발전본부,1,2018-03-26 11:30,TSP,1.13
한국중부발전㈜신보령발전본부,1,2018-03-26 11:30,SOx,9.33
한국중부발전㈜신보령발전본부,1,2018-03-26 11:30,NOx,25.14
한국중부발전㈜신보령발전본부,1,2018-03-26 12:00,TSP,1.09
한국중부발전㈜신보령발전본부,1,2018-03-26 12:00,SOx,9.03
한국중부발전㈜신보령발전본부,1,2018-03-26 12:00,NOx,21.87
한국중부발전㈜신보령발전본부,1,2018-03-26 12:30,TSP,1.06
한국중부발전㈜신보령발전본부,1,2018-03-26 12:30,SOx,8.03
한국중부발전㈜신보령발전본부,1,2018-03-26 12:30,NOx,21.94
한국중부발전㈜신보령발전본부,1,2018-03-26 13:00,TSP,1.12
한국중부발전㈜신보령발전본부,1,2018-03-26 13:00,SOx,8.56
한국중부발전㈜신보령발전본부,1,2018-03-26 13:00,NOx,21.11
한국중부발전㈜신보령발전본부,1,2018-03-26 13:30,TSP,1.13
한국중부발전㈜신보령발전본부,1,2018-03-26 13:30,SOx,9.03
한국중부발전㈜신보령발전본부,1,2018-03-26 13:30,NOx,21.67
한국중부발전㈜신보령발전본부,1,2018-03-26 14:00,TSP,1.13
한국중부발전㈜신보령발전본부,1,2018-03-26 14:00,SOx,10.75
한국중부발전㈜신보령발전본부,1,2018-03-26 14:00,NOx,21.74
한국중부발전㈜신보령발전본부,1,2018-03-26 14:30,TSP,1.08
한국중부발전㈜신보령발전본부,1,2018-03-26 14:30,SOx,10.9
한국중부발전㈜신보령발전본부,1,2018-03-26 14:30,NOx,20.17
한국중부발전㈜신보령발전본부,1,2018-03-26 15:00,TSP,1.08
한국중부발전㈜신보령발전본부,1,2018-03-26 15:00,SOx,8.68
한국중부발전㈜신보령발전본부,1,2018-03-26 15:00,NOx,20.53
한국중부발전㈜신보령발전본부,1,2018-03-26 15:30,TSP,1.1
한국중부발전㈜신보령발전본부,1,2018-03-26 15:30,SOx,8.15
한국중부발전㈜신보령발전본부,1,2018-03-26 15:30,NOx,20.75
한국중부발전㈜신보령발전본부,1,2018-03-26 16:00,TSP,1.27
한국중부발전㈜신보령발전본부,1,2018-03-26 16:00,SOx,8.58
한국중부발전㈜신보령발전본부,1,2018-03-26 16:00,NOx,19.8
한국중부발전㈜신보령발전본부,1,2018-03-26 16:30,TSP,1.28
한국중부발전㈜신보령발전본부,1,2018-03-26 16:30,SOx,8.46
한국중부발전㈜신보령발전본부,1,2018-03-26 16:30,NOx,19.34
한국중부발전㈜신보령발전본부,1,2018-03-26 17:00,TSP,1.32
한국중부발전㈜신보령발전본부,1,2018-03-26 17:00,SOx,8.3
한국중부발전㈜신보령발전본부,1,2018-03-26 17:00,NOx,19.86
한국중부발전㈜신보령발전본부,1,2018-03-26 17:30,TSP,1.35
한국중부발전㈜신보령발전본부,1,2018-03-26 17:30,SOx,8.22
한국중부발전㈜신보령발전본부,1,2018-03-26 17:30,NOx,21.06
한국중부발전㈜신보령발전본부,1,2018-03-26 18:00,TSP,1.44
한국중부발전㈜신보령발전본부,1,2018-03-26 18:00,SOx,8.19
한국중부발전㈜신보령발전본부,1,2018-03-26 18:00,NOx,21.32
한국중부발전㈜신보령발전본부,1,2018-03-26 18:30,TSP,1.55
한국중부발전㈜신보령발전본부,1,2018-03-26 18:30,SOx,8.15
한국중부발전㈜신보령발전본부,1,2018-03-26 18:30,NOx,19.86
한국중부발전㈜신보령발전본부,1,2018-03-26 19:00,TSP,1.87
한국중부발전㈜신보령발전본부,1,2018-03-26 19:00,SOx,7.96
한국중부발전㈜신보령발전본부,1,2018-03-26 19:00,NOx,19.25
한국중부발전㈜신보령발전본부,1,2018-03-26 19:30,TSP,1.34
한국중부발전㈜신보령발전본부,1,2018-03-26 19:30,SOx,8.02
한국중부발전㈜신보령발전본부,1,2018-03-26 19:30,NOx,18.88
한국중부발전㈜신보령발전본부,1,2018-03-26 20:00,TSP,1.43
한국중부발전㈜신보령발전본부,1,2018-03-26 20:00,SOx,8.13
한국중부발전㈜신보령발전본부,1,2018-03-26 20:00,NOx,19.86
한국중부발전㈜신보령발전본부,1,2018-03-26 20:30,TSP,1.7
한국중부발전㈜신보령발전본부,1,2018-03-26 20:30,SOx,8.06
한국중부발전㈜신보령발전본부,1,2018-03-26 20:30,NOx,19.46
한국중부발전㈜신보령발전본부,1,2018-03-26 21:00,TSP,2.0
한국중부발전㈜신보령발전본부,1,2018-03-26 21:00,SOx,8.1
한국중부발전㈜신보령발전본부,1,2018-03-26 21:00,NOx,18.9
한국중부발전㈜신보령발전본부,1,2018-03-26 21:30,TSP,1.89
한국중부발전㈜신보령발전본부,1,2018-03-26 21:30,SOx,8.3
한국중부발전㈜신보령발전본부,1,2018-03-26 21:30,NOx,19.22
한국중부발전㈜신보령발전본부,1,2018-03-26 22:00,TSP,1.86
한국중부발전㈜신보령발전본부,1,2018-03-26 22:00,SOx,8.43
한국중부발전㈜신보령발전본부,1,2018-03-26 22:00,NOx,18.21
한국중부발전㈜신보령발전본부,1,2018-03-26 22:30,TSP,1.24
한국중부발전㈜신보령발전본부,1,2018-03-26 22:30,SOx,8.26
한국중부발전㈜신보령발전본부,1,2018-03-26 22:30,NOx,18.62
한국중부발전㈜신보령발전본부,1,2018-03-26 23:00,TSP,1.16
한국중부발전㈜신보령발전본부,1,2018-03-26 23:00,SOx,8.26
한국중부발전㈜신보령발전본부,1,2018-03-26 23:00,NOx,19.35
한국중부발전㈜신보령발전본부,1,2018-03-26 23:30,TSP,1.14
한국중부발전㈜신보령발전본부,1,2018-03-26 23:30,SOx,8.26
한국중부발전㈜신보령발전본부,1,2018-03-26 23:30,NOx,19.37
한국중부발전㈜신보령발전본부,1,2018-03-27 00:00,TSP,1.34
한국중부발전㈜신보령발전본부,1,2018-03-27 00:00,SOx,8.3
한국중부발전㈜신보령발전본부,1,2018-03-27 00:00,NOx,19.79
한국중부발전㈜신보령발전본부,1,2018-03-27 00:30,TSP,1.25
한국중부발전㈜신보령발전본부,1,2018-03-27 00:30,SOx,8.42
한국중부발전㈜신보령발전본부,1,2018-03-27 00:30,NOx,19.82
한국중부발전㈜신보령발전본부,1,2018-03-27 01:00,TSP,1.31
한국중부발전㈜신보령발전본부,1,2018-03-27 01:00,SOx,8.55
한국중부발전㈜신보령발전본부,1,2018-03-27 01:00,NOx,20.24
한국중부발전㈜신보령발전본부,1,2018-03-27 01:30,TSP,1.44
한국중부발전㈜신보령발전본부,1,2018-03-27 01:30,SOx,9.3
한국중부발전㈜신보령발전본부,1,2018-03-27 01:30,NOx,19.79
한국중부발전㈜신보령발전본부,1,2018-03-27 02:00,TSP,1.49
한국중부발전㈜신보령발전본부,1,2018-03-27 02:00,SOx,9.94
한국중부발전㈜신보령발전본부,1,2018-03-27 02:00,NOx,20.1
한국중부발전㈜신보령발전본부,1,2018-03-27 02:30,TSP,1.62
한국중부발전㈜신보령발전본부,1,2018-03-27 02:30,SOx,10.9
한국중부발전㈜신보령발전본부,1,2018-03-27 02:30,NOx,19.94
한국중부발전㈜신보령발전본부,1,2018-03-27 03:00,TSP,1.63
한국중부발전㈜신보령발전본부,1,2018-03-27 03:00,SOx,11.12
한국중부발전㈜신보령발전본부,1,2018-03-27 03:00,NOx,21.33
한국중부발전㈜신보령발전본부,1,2018-03-27 03:30,TSP,1.52
한국중부발전㈜신보령발전본부,1,2018-03-27 03:30,SOx,12.61
한국중부발전㈜신보령발전본부,1,2018-03-27 03:30,NOx,20.72
한국중부발전㈜신보령발전본부,1,2018-03-27 04:00,TSP,1.49
한국중부발전㈜신보령발전본부,1,2018-03-27 04:00,SOx,13.04
한국중부발전㈜신보령발전본부,1,2018-03-27 04:00,NOx,21.1
한국중부발전㈜신보령발전본부,1,2018-03-27 04:30,TSP,1.49
한국중부발전㈜신보령발전본부,1,2018-03-27 04:30,SOx,13.62
한국중부발전㈜신보령발전본부,1,2018-03-27 04:30,NOx,20.72
한국중부발전㈜신보령발전본부,1,2018-03-27 05:00,TSP,1.59
한국중부발전㈜신보령발전본부,1,2018-03-27 05:00,SOx,14.14
한국중부발전㈜신보령발전본부,1,2018-03-27 05:00,NOx,20.13
한국중부발전㈜신보령발전본부,1,2018-03-27 05:30,TSP,1.52
한국중부발전㈜신보령발전본부,1,2018-03-27 05:30,SOx,14.43
한국중부발전㈜신보령발전본부,1,2018-03-27 05:30,NOx,20.69
한국중부발전㈜신보령발전본부,1,2018-03-27 06:00,TSP,1.53
한국중부발전㈜신보령발전본부,1,2018-03-27 06:00,SOx,15.24
한국중부발전㈜신보령발전본부,1,2018-03-27 06:00,NOx,19.65
한국중부발전㈜신보령발전본부,1,2018-03-27 06:30,TSP,1.52
한국중부발전㈜신보령발전본부,1,2018-03-27 06:30,SOx,15.77
한국중부발전㈜신보령발전본부,1,2018-03-27 06:30,NOx,19.98
한국중부발전㈜신보령발전본부,1,2018-03-27 07:00,TSP,1.59
한국중부발전㈜신보령발전본부,1,2018-03-27 07:00,SOx,16.25
한국중부발전㈜신보령발전본부,1,2018-03-27 07:00,NOx,18.53
한국중부발전㈜신보령발전본부,1,2018-03-27 07:30,TSP,2.16
한국중부발전㈜신보령발전본부,1,2018-03-27 07:30,SOx,17.03
한국중부발전㈜신보령발전본부,1,2018-03-27 07:30,NOx,18.12
한국중부발전㈜신보령발전본부,1,2018-03-27 08:00,TSP,1.88
한국중부발전㈜신보령발전본부,1,2018-03-27 08:00,SOx,15.78
한국중부발전㈜신보령발전본부,1,2018-03-27 08:00,NOx,17.92
한국중부발전㈜신보령발전본부,1,2018-03-27 08:30,TSP,1.88
한국중부발전㈜신보령발전본부,1,2018-03-27 08:30,SOx,14.33
한국중부발전㈜신보령발전본부,1,2018-03-27 08:30,NOx,17.77
한국중부발전㈜신보령발전본부,1,2018-03-27 09:00,TSP,1.89
한국중부발전㈜신보령발전본부,1,2018-03-27 09:00,SOx,14.12
한국중부발전㈜신보령발전본부,1,2018-03-27 09:00,NOx,18.24
한국중부발전㈜신보령발전본부,1,2018-03-27 09:30,TSP,2.07
한국중부발전㈜신보령발전본부,1,2018-03-27 09:30,SOx,13.97
한국중부발전㈜신보령발전본부,1,2018-03-27 09:30,NOx,17.48
한국중부발전㈜신보령발전본부,1,2018-03-27 10:00,TSP,2.26
한국중부발전㈜신보령발전본부,1,2018-03-27 10:00,SOx,13.8
한국중부발전㈜신보령발전본부,1,2018-03-27 10:00,NOx,18.0
한국중부발전㈜신보령발전본부,1,2018-03-27 10:30,TSP,2.4
한국중부발전㈜신보령발전본부,1,2018-03-27 10:30,SOx,13.6
한국중부발전㈜신보령발전본부,1,2018-03-27 10:30,NOx,18.25
한국중부발전㈜신보령발전본부,1,2018-03-27 11:00,TSP,2.18
한국중부발전㈜신보령발전본부,1,2018-03-27 11:00,SOx,13.47
한국중부발전㈜신보령발전본부,1,2018-03-27 11:00,NOx,18.09
한국중부발전㈜신보령발전본부,1,2018-03-27 11:30,TSP,1.88
한국중부발전㈜신보령발전본부,1,2018-03-27 11:30,SOx,13.38
한국중부발전㈜신보령발전본부,1,2018-03-27 11:30,NOx,18.94
한국중부발전㈜신보령발전본부,1,2018-03-27 12:00,TSP,1.88
한국중부발전㈜신보령발전본부,1,2018-03-27 12:00,SOx,13.75
한국중부발전㈜신보령발전본부,1,2018-03-27 12:00,NOx,19.56
한국중부발전㈜신보령발전본부,1,2018-03-27 12:30,TSP,1.82
한국중부발전㈜신보령발전본부,1,2018-03-27 12:30,SOx,13.87
한국중부발전㈜신보령발전본부,1,2018-03-27 12:30,NOx,20.76
한국중부발전㈜신보령발전본부,1,2018-03-27 13:00,TSP,1.88
한국중부발전㈜신보령발전본부,1,2018-03-27 13:00,SOx,13.92
한국중부발전㈜신보령발전본부,1,2018-03-27 13:00,NOx,20.85
한국중부발전㈜신보령발전본부,1,2018-03-27 13:30,TSP,1.81
한국중부발전㈜신보령발전본부,1,2018-03-27 13:30,SOx,14.12
한국중부발전㈜신보령발전본부,1,2018-03-27 13:30,NOx,20.18
한국중부발전㈜신보령발전본부,1,2018-03-27 14:00,TSP,1.8
한국중부발전㈜신보령발전본부,1,2018-03-27 14:00,SOx,14.07
한국중부발전㈜신보령발전본부,1,2018-03-27 14:00,NOx,20.2
한국중부발전㈜신보령발전본부,1,2018-03-27 14:30,TSP,1.79
한국중부발전㈜신보령발전본부,1,2018-03-27 14:30,SOx,14.42
한국중부발전㈜신보령발전본부,1,2018-03-27 14:30,NOx,20.11
한국중부발전㈜신보령발전본부,1,2018-03-27 15:00,TSP,1.78
한국중부발전㈜신보령발전본부,1,2018-03-27 15:00,SOx,14.48
한국중부발전㈜신보령발전본부,1,2018-03-27 15:00,NOx,20.15
한국중부발전㈜신보령발전본부,1,2018-03-27 15:30,TSP,1.81
한국중부발전㈜신보령발전본부,1,2018-03-27 15:30,SOx,14.69
한국중부발전㈜신보령발전본부,1,2018-03-27 15:30,NOx,20.03
한국중부발전㈜신보령발전본부,1,2018-03-27 16:00,TSP,2.1
한국중부발전㈜신보령발전본부,1,2018-03-27 16:00,SOx,14.94
한국중부발전㈜신보령발전본부,1,2018-03-27 16:00,NOx,19.67
한국중부발전㈜신보령발전본부,1,2018-03-27 16:30,TSP,1.96
한국중부발전㈜신보령발전본부,1,2018-03-27 16:30,SOx,15.06
한국중부발전㈜신보령발전본부,1,2018-03-27 16:30,NOx,19.42
한국중부발전㈜신보령발전본부,1,2018-03-27 17:00,TSP,2.05
한국중부발전㈜신보령발전본부,1,2018-03-27 17:00,SOx,14.88
한국중부발전㈜신보령발전본부,1,2018-03-27 17:00,NOx,18.35
한국중부발전㈜신보령발전본부,1,2018-03-27 17:30,TSP,2.07
한국중부발전㈜신보령발전본부,1,2018-03-27 17:30,SOx,14.99
한국중부발전㈜신보령발전본부,1,2018-03-27 17:30,NOx,17.86
한국중부발전㈜신보령발전본부,1,2018-03-27 18:00,TSP,2.13
한국중부발전㈜신보령발전본부,1,2018-03-27 18:00,SOx,15.14
한국중부발전㈜신보령발전본부,1,2018-03-27 18:00,NOx,17.44
한국중부발전㈜신보령발전본부,1,2018-03-27 18:30,TSP,2.12
한국중부발전㈜신보령발전본부,1,2018-03-27 18:30,SOx,14.87
한국중부발전㈜신보령발전본부,1,2018-03-27 18:30,NOx,17.94
한국중부발전㈜신보령발전본부,1,2018-03-27 19:00,TSP,2.93
한국중부발전㈜신보령발전본부,1,2018-03-27 19:00,SOx,14.7
한국중부발전㈜신보령발전본부,1,2018-03-27 19:00,NOx,18.63
한국중부발전㈜신보령발전본부,1,2018-03-27 19:30,TSP,2.29
한국중부발전㈜신보령발전본부,1,2018-03-27 19:30,SOx,14.6
한국중부발전㈜신보령발전본부,1,2018-03-27 19:30,NOx,18.07
한국중부발전㈜신보령발전본부,1,2018-03-27 20:00,TSP,2.36
한국중부발전㈜신보령발전본부,1,2018-03-27 20:00,SOx,14.57
한국중부발전㈜신보령발전본부,1,2018-03-27 20:00,NOx,18.19
한국중부발전㈜신보령발전본부,1,2018-03-27 20:30,TSP,2.19
한국중부발전㈜신보령발전본부,1,2018-03-27 20:30,SOx,14.52
한국중부발전㈜신보령발전본부,1,2018-03-27 20:30,NOx,17.09
한국중부발전㈜신보령발전본부,1,2018-03-27 21:00,TSP,2.23
한국중부발전㈜신보령발전본부,1,2018-03-27 21:00,SOx,14.54
한국중부발전㈜신보령발전본부,1,2018-03-27 21:00,NOx,17.7
한국중부발전㈜신보령발전본부,1,2018-03-27 21:30,TSP,2.37
한국중부발전㈜신보령발전본부,1,2018-03-27 21:30,SOx,14.53
한국중부발전㈜신보령발전본부,1,2018-03-27 21:30,NOx,17.79
한국중부발전㈜신보령발전본부,1,2018-03-27 22:00,TSP,2.36
한국중부발전㈜신보령발전본부,1,2018-03-27 22:00,SOx,14.63
한국중부발전㈜신보령발전본부,1,2018-03-27 22:00,NOx,18.15
한국중부발전㈜신보령발전본부,1,2018-03-27 22:30,TSP,1.91
한국중부발전㈜신보령발전본부,1,2018-03-27 22:30,SOx,14.6
한국중부발전㈜신보령발전본부,1,2018-03-27 22:30,NOx,18.19
한국중부발전㈜신보령발전본부,1,2018-03-27 23:00,TSP,1.86
한국중부발전㈜신보령발전본부,1,2018-03-27 23:00,SOx,14.62
한국중부발전㈜신보령발전본부,1,2018-03-27 23:00,NOx,18.01
한국중부발전㈜신보령발전본부,1,2018-03-27 23:30,TSP,1.76
한국중부발전㈜신보령발전본부,1,2018-03-27 23:30,SOx,14.76
한국중부발전㈜신보령발전본부,1,2018-03-27 23:30,NOx,18.11
한국중부발전㈜신보령발전본부,1,2018-03-28 00:00,TSP,2.01
한국중부발전㈜신보령발전본부,1,2018-03-28 00:00,SOx,14.62
한국중부발전㈜신보령발전본부,1,2018-03-28 00:00,NOx,18.6
한국중부발전㈜신보령발전본부,1,2018-03-28 00:30,TSP,1.94
한국중부발전㈜신보령발전본부,1,2018-03-28 00:30,SOx,14.05
한국중부발전㈜신보령발전본부,1,2018-03-28 00:30,NOx,19.08
한국중부발전㈜신보령발전본부,1,2018-03-28 01:00,TSP,1.88
한국중부발전㈜신보령발전본부,1,2018-03-28 01:00,SOx,13.21
한국중부발전㈜신보령발전본부,1,2018-03-28 01:00,NOx,19.15
한국중부발전㈜신보령발전본부,1,2018-03-28 01:30,TSP,2.14
한국중부발전㈜신보령발전본부,1,2018-03-28 01:30,SOx,12.94
한국중부발전㈜신보령발전본부,1,2018-03-28 01:30,NOx,18.53
한국중부발전㈜신보령발전본부,1,2018-03-28 02:00,TSP,2.09
한국중부발전㈜신보령발전본부,1,2018-03-28 02:00,SOx,12.22
한국중부발전㈜신보령발전본부,1,2018-03-28 02:00,NOx,18.78
한국중부발전㈜신보령발전본부,1,2018-03-28 02:30,TSP,2.19
한국중부발전㈜신보령발전본부,1,2018-03-28 02:30,SOx,11.25
한국중부발전㈜신보령발전본부,1,2018-03-28 02:30,NOx,19.48
한국중부발전㈜신보령발전본부,1,2018-03-28 03:00,TSP,1.92
한국중부발전㈜신보령발전본부,1,2018-03-28 03:00,SOx,10.36
한국중부발전㈜신보령발전본부,1,2018-03-28 03:00,NOx,19.4
한국중부발전㈜신보령발전본부,1,2018-03-28 03:30,TSP,1.49
한국중부발전㈜신보령발전본부,1,2018-03-28 03:30,SOx,9.8
한국중부발전㈜신보령발전본부,1,2018-03-28 03:30,NOx,19.71
한국중부발전㈜신보령발전본부,1,2018-03-28 04:00,TSP,1.43
한국중부발전㈜신보령발전본부,1,2018-03-28 04:00,SOx,8.96
한국중부발전㈜신보령발전본부,1,2018-03-28 04:00,NOx,19.63
한국중부발전㈜신보령발전본부,1,2018-03-28 04:30,TSP,1.37
한국중부발전㈜신보령발전본부,1,2018-03-28 04:30,SOx,8.52
한국중부발전㈜신보령발전본부,1,2018-03-28 04:30,NOx,19.2
한국중부발전㈜신보령발전본부,1,2018-03-28 05:00,TSP,1.29
한국중부발전㈜신보령발전본부,1,2018-03-28 05:00,SOx,8.26
한국중부발전㈜신보령발전본부,1,2018-03-28 05:00,NOx,20.2
한국중부발전㈜신보령발전본부,1,2018-03-28 05:30,TSP,1.35
한국중부발전㈜신보령발전본부,1,2018-03-28 05:30,SOx,8.12
한국중부발전㈜신보령발전본부,1,2018-03-28 05:30,NOx,20.79
한국중부발전㈜신보령발전본부,1,2018-03-28 06:00,TSP,1.23
한국중부발전㈜신보령발전본부,1,2018-03-28 06:00,SOx,7.89
한국중부발전㈜신보령발전본부,1,2018-03-28 06:00,NOx,19.08
한국중부발전㈜신보령발전본부,1,2018-03-28 06:30,TSP,1.2
한국중부발전㈜신보령발전본부,1,2018-03-28 06:30,SOx,7.91
한국중부발전㈜신보령발전본부,1,2018-03-28 06:30,NOx,18.55
한국중부발전㈜신보령발전본부,1,2018-03-28 07:00,TSP,1.17
한국중부발전㈜신보령발전본부,1,2018-03-28 07:00,SOx,7.89
한국중부발전㈜신보령발전본부,1,2018-03-28 07:00,NOx,18.61
한국중부발전㈜신보령발전본부,1,2018-03-28 07:30,TSP,1.16
한국중부발전㈜신보령발전본부,1,2018-03-28 07:30,SOx,7.99
한국중부발전㈜신보령발전본부,1,2018-03-28 07:30,NOx,18.73
한국중부발전㈜신보령발전본부,1,2018-03-28 08:00,TSP,1.4
한국중부발전㈜신보령발전본부,1,2018-03-28 08:00,SOx,9.8
한국중부발전㈜신보령발전본부,1,2018-03-28 08:00,NOx,18.59
한국중부발전㈜신보령발전본부,1,2018-03-28 08:30,TSP,1.37
한국중부발전㈜신보령발전본부,1,2018-03-28 08:30,SOx,10.24
한국중부발전㈜신보령발전본부,1,2018-03-28 08:30,NOx,17.96
한국중부발전㈜신보령발전본부,1,2018-03-28 09:00,TSP,1.46
한국중부발전㈜신보령발전본부,1,2018-03-28 09:00,SOx,10.78
한국중부발전㈜신보령발전본부,1,2018-03-28 09:00,NOx,18.26
한국중부발전㈜신보령발전본부,1,2018-03-28 09:30,TSP,1.49
한국중부발전㈜신보령발전본부,1,2018-03-28 09:30,SOx,11.28
한국중부발전㈜신보령발전본부,1,2018-03-28 09:30,NOx,18.32
한국중부발전㈜신보령발전본부,1,2018-03-28 10:00,TSP,1.54
한국중부발전㈜신보령발전본부,1,2018-03-28 10:00,SOx,11.2
한국중부발전㈜신보령발전본부,1,2018-03-28 10:00,NOx,18.44
한국중부발전㈜신보령발전본부,1,2018-03-28 10:30,TSP,1.54
한국중부발전㈜신보령발전본부,1,2018-03-28 10:30,SOx,11.2
한국중부발전㈜신보령발전본부,1,2018-03-28 10:30,NOx,18.44
한국중부발전㈜신보령발전본부,1,2018-03-28 11:00,TSP,1.54
한국중부발전㈜신보령발전본부,1,2018-03-28 11:00,SOx,11.2
한국중부발전㈜신보령발전본부,1,2018-03-28 11:00,NOx,18.44
한국중부발전㈜신보령발전본부,1,2018-03-28 11:30,TSP,1.54
한국중부발전㈜신보령발전본부,1,2018-03-28 11:30,SOx,11.2
한국중부발전㈜신보령발전본부,1,2018-03-28 11:30,NOx,18.44
한국중부발전㈜신보령발전본부,1,2018-03-28 12:00,TSP,1.54
한국중부발전㈜신보령발전본부,1,2018-03-28 12:00,SOx,11.2
한국중부발전㈜신보령발전본부,1,2018-03-28 12:00,NOx,18.44
한국중부발전㈜신보령발전본부,1,2018-03-28 12:30,TSP,1.54
한국중부발전㈜신보령발전본부,1,2018-03-28 12:30,SOx,11.2
한국중부발전㈜신보령발전본부,1,2018-03-28 12:30,NOx,18.44
한국중부발전㈜신보령발전본부,1,2018-03-28 13:00,TSP,1.54
한국중부발전㈜신보령발전본부,1,2018-03-28 13:00,SOx,11.2
한국중부발전㈜신보령발전본부,1,2018-03-28 13:00,NOx,18.44
한국중부발전㈜신보령발전본부,1,2018-03-28 13:30,TSP,1.54
한국중부발전㈜신보령발전본부,1,2018-03-28 13:30,SOx,11.2
한국중부발전㈜신보령발전본부,1,2018-03-28 13:30,NOx,18.44
한국중부발전㈜신보령발전본부,1,2018-03-28 14:00,TSP,1.13
한국중부발전㈜신보령발전본부,1,2018-03-28 14:00,SOx,12.67
한국중부발전㈜신보령발전본부,1,2018-03-28 14:00,NOx,17.54
한국중부발전㈜신보령발전본부,1,2018-03-28 14:30,TSP,1.12
한국중부발전㈜신보령발전본부,1,2018-03-28 14:30,SOx,12.18
한국중부발전㈜신보령발전본부,1,2018-03-28 14:30,NOx,17.61
한국중부발전㈜신보령발전본부,1,2018-03-28 15:00,TSP,1.14
한국중부발전㈜신보령발전본부,1,2018-03-28 15:00,SOx,12.16
한국중부발전㈜신보령발전본부,1,2018-03-28 15:00,NOx,16.56
한국중부발전㈜신보령발전본부,1,2018-03-28 15:30,TSP,1.17
한국중부발전㈜신보령발전본부,1,2018-03-28 15:30,SOx,12.44
한국중부발전㈜신보령발전본부,1,2018-03-28 15:30,NOx,16.55
한국중부발전㈜신보령발전본부,1,2018-03-28 16:00,TSP,1.33
한국중부발전㈜신보령발전본부,1,2018-03-28 16:00,SOx,12.35
한국중부발전㈜신보령발전본부,1,2018-03-28 16:00,NOx,16.68
한국중부발전㈜신보령발전본부,1,2018-03-28 16:30,TSP,1.31
한국중부발전㈜신보령발전본부,1,2018-03-28 16:30,SOx,11.95
한국중부발전㈜신보령발전본부,1,2018-03-28 16:30,NOx,16.13
한국중부발전㈜신보령발전본부,1,2018-03-28 17:00,TSP,1.38
한국중부발전㈜신보령발전본부,1,2018-03-28 17:00,SOx,12.55
한국중부발전㈜신보령발전본부,1,2018-03-28 17:00,NOx,15.57
한국중부발전㈜신보령발전본부,1,2018-03-28 17:30,TSP,1.42
한국중부발전㈜신보령발전본부,1,2018-03-28 17:30,SOx,12.47
한국중부발전㈜신보령발전본부,1,2018-03-28 17:30,NOx,16.43
한국중부발전㈜신보령발전본부,1,2018-03-28 18:00,TSP,1.53
한국중부발전㈜신보령발전본부,1,2018-03-28 18:00,SOx,12.66
한국중부발전㈜신보령발전본부,1,2018-03-28 18:00,NOx,17.48
한국중부발전㈜신보령발전본부,1,2018-03-28 18:30,TSP,1.61
한국중부발전㈜신보령발전본부,1,2018-03-28 18:30,SOx,13.26
한국중부발전㈜신보령발전본부,1,2018-03-28 18:30,NOx,17.97
한국중부발전㈜신보령발전본부,1,2018-03-28 19:00,TSP,1.96
한국중부발전㈜신보령발전본부,1,2018-03-28 19:00,SOx,13.84
한국중부발전㈜신보령발전본부,1,2018-03-28 19:00,NOx,16.85
한국중부발전㈜신보령발전본부,1,2018-03-28 19:30,TSP,1.5
한국중부발전㈜신보령발전본부,1,2018-03-28 19:30,SOx,13.91
한국중부발전㈜신보령발전본부,1,2018-03-28 19:30,NOx,17.0
한국중부발전㈜신보령발전본부,1,2018-03-28 20:00,TSP,1.61
한국중부발전㈜신보령발전본부,1,2018-03-28 20:00,SOx,14.36
한국중부발전㈜신보령발전본부,1,2018-03-28 20:00,NOx,17.5
한국중부발전㈜신보령발전본부,1,2018-03-28 20:30,TSP,1.65
한국중부발전㈜신보령발전본부,1,2018-03-28 20:30,SOx,14.62
한국중부발전㈜신보령발전본부,1,2018-03-28 20:30,NOx,17.06
한국중부발전㈜신보령발전본부,1,2018-03-28 21:00,TSP,1.69
한국중부발전㈜신보령발전본부,1,2018-03-28 21:00,SOx,15.22
한국중부발전㈜신보령발전본부,1,2018-03-28 21:00,NOx,16.61
한국중부발전㈜신보령발전본부,1,2018-03-28 21:30,TSP,1.75
한국중부발전㈜신보령발전본부,1,2018-03-28 21:30,SOx,15.52
한국중부발전㈜신보령발전본부,1,2018-03-28 21:30,NOx,17.18
한국중부발전㈜신보령발전본부,1,2018-03-28 22:00,TSP,1.82
한국중부발전㈜신보령발전본부,1,2018-03-28 22:00,SOx,15.53
한국중부발전㈜신보령발전본부,1,2018-03-28 22:00,NOx,17.26
한국중부발전㈜신보령발전본부,1,2018-03-28 22:30,TSP,1.34
한국중부발전㈜신보령발전본부,1,2018-03-28 22:30,SOx,15.92
한국중부발전㈜신보령발전본부,1,2018-03-28 22:30,NOx,16.25
한국중부발전㈜신보령발전본부,1,2018-03-28 23:00,TSP,1.33
한국중부발전㈜신보령발전본부,1,2018-03-28 23:00,SOx,16.1
한국중부발전㈜신보령발전본부,1,2018-03-28 23:00,NOx,17.57
한국중부발전㈜신보령발전본부,1,2018-03-28 23:30,TSP,1.31
한국중부발전㈜신보령발전본부,1,2018-03-28 23:30,SOx,16.0
한국중부발전㈜신보령발전본부,1,2018-03-28 23:30,NOx,17.25
한국중부발전㈜신보령발전본부,1,2018-03-29 00:00,TSP,1.46
한국중부발전㈜신보령발전본부,1,2018-03-29 00:00,SOx,15.82
한국중부발전㈜신보령발전본부,1,2018-03-29 00:00,NOx,17.19
한국중부발전㈜신보령발전본부,1,2018-03-29 00:30,TSP,1.42
한국중부발전㈜신보령발전본부,1,2018-03-29 00:30,SOx,15.48
한국중부발전㈜신보령발전본부,1,2018-03-29 00:30,NOx,17.0
한국중부발전㈜신보령발전본부,1,2018-03-29 01:00,TSP,1.45
한국중부발전㈜신보령발전본부,1,2018-03-29 01:00,SOx,15.08
한국중부발전㈜신보령발전본부,1,2018-03-29 01:00,NOx,17.53
한국중부발전㈜신보령발전본부,1,2018-03-29 01:30,TSP,1.5
한국중부발전㈜신보령발전본부,1,2018-03-29 01:30,SOx,14.85
한국중부발전㈜신보령발전본부,1,2018-03-29 01:30,NOx,17.12
한국중부발전㈜신보령발전본부,1,2018-03-29 02:00,TSP,1.6
한국중부발전㈜신보령발전본부,1,2018-03-29 02:00,SOx,15.22
한국중부발전㈜신보령발전본부,1,2018-03-29 02:00,NOx,17.42
한국중부발전㈜신보령발전본부,1,2018-03-29 02:30,TSP,1.69
한국중부발전㈜신보령발전본부,1,2018-03-29 02:30,SOx,15.35
한국중부발전㈜신보령발전본부,1,2018-03-29 02:30,NOx,18.01
한국중부발전㈜신보령발전본부,1,2018-03-29 03:00,TSP,1.62
한국중부발전㈜신보령발전본부,1,2018-03-29 03:00,SOx,15.65
한국중부발전㈜신보령발전본부,1,2018-03-29 03:00,NOx,17.19
한국중부발전㈜신보령발전본부,1,2018-03-29 03:30,TSP,1.43
한국중부발전㈜신보령발전본부,1,2018-03-29 03:30,SOx,16.04
한국중부발전㈜신보령발전본부,1,2018-03-29 03:30,NOx,18.07
한국중부발전㈜신보령발전본부,1,2018-03-29 04:00,TSP,1.41
한국중부발전㈜신보령발전본부,1,2018-03-29 04:00,SOx,16.25
한국중부발전㈜신보령발전본부,1,2018-03-29 04:00,NOx,17.11
한국중부발전㈜신보령발전본부,1,2018-03-29 04:30,TSP,1.41
한국중부발전㈜신보령발전본부,1,2018-03-29 04:30,SOx,16.4
한국중부발전㈜신보령발전본부,1,2018-03-29 04:30,NOx,17.26
한국중부발전㈜신보령발전본부,1,2018-03-29 05:00,TSP,1.4
한국중부발전㈜신보령발전본부,1,2018-03-29 05:00,SOx,16.52
한국중부발전㈜신보령발전본부,1,2018-03-29 05:00,NOx,16.85
한국중부발전㈜신보령발전본부,1,2018-03-29 05:30,TSP,1.36
한국중부발전㈜신보령발전본부,1,2018-03-29 05:30,SOx,16.52
한국중부발전㈜신보령발전본부,1,2018-03-29 05:30,NOx,16.09
한국중부발전㈜신보령발전본부,1,2018-03-29 06:00,TSP,1.37
한국중부발전㈜신보령발전본부,1,2018-03-29 06:00,SOx,16.73
한국중부발전㈜신보령발전본부,1,2018-03-29 06:00,NOx,17.06
한국중부발전㈜신보령발전본부,1,2018-03-29 06:30,TSP,1.33
한국중부발전㈜신보령발전본부,1,2018-03-29 06:30,SOx,16.62
한국중부발전㈜신보령발전본부,1,2018-03-29 06:30,NOx,16.72
한국중부발전㈜신보령발전본부,1,2018-03-29 07:00,TSP,1.3
한국중부발전㈜신보령발전본부,1,2018-03-29 07:00,SOx,16.43
한국중부발전㈜신보령발전본부,1,2018-03-29 07:00,NOx,17.03
한국중부발전㈜신보령발전본부,1,2018-03-29 07:30,TSP,1.29
한국중부발전㈜신보령발전본부,1,2018-03-29 07:30,SOx,16.09
한국중부발전㈜신보령발전본부,1,2018-03-29 07:30,NOx,17.27
한국중부발전㈜신보령발전본부,1,2018-03-29 08:00,TSP,1.49
한국중부발전㈜신보령발전본부,1,2018-03-29 08:00,SOx,16.2
한국중부발전㈜신보령발전본부,1,2018-03-29 08:00,NOx,16.86
한국중부발전㈜신보령발전본부,1,2018-03-29 08:30,TSP,1.41
한국중부발전㈜신보령발전본부,1,2018-03-29 08:30,SOx,15.66
한국중부발전㈜신보령발전본부,1,2018-03-29 08:30,NOx,15.76
한국중부발전㈜신보령발전본부,1,2018-03-29 09:00,TSP,1.48
한국중부발전㈜신보령발전본부,1,2018-03-29 09:00,SOx,15.58
한국중부발전㈜신보령발전본부,1,2018-03-29 09:00,NOx,16.27
한국중부발전㈜신보령발전본부,1,2018-03-29 09:30,TSP,1.57
한국중부발전㈜신보령발전본부,1,2018-03-29 09:30,SOx,15.71
한국중부발전㈜신보령발전본부,1,2018-03-29 09:30,NOx,17.05
한국중부발전㈜신보령발전본부,1,2018-03-29 10:00,TSP,1.65
한국중부발전㈜신보령발전본부,1,2018-03-29 10:00,SOx,15.56
한국중부발전㈜신보령발전본부,1,2018-03-29 10:00,NOx,15.91
한국중부발전㈜신보령발전본부,1,2018-03-29 10:30,TSP,1.74
한국중부발전㈜신보령발전본부,1,2018-03-29 10:30,SOx,15.58
한국중부발전㈜신보령발전본부,1,2018-03-29 10:30,NOx,17.57
한국중부발전㈜신보령발전본부,1,2018-03-29 11:00,TSP,1.61
한국중부발전㈜신보령발전본부,1,2018-03-29 11:00,SOx,15.39
한국중부발전㈜신보령발전본부,1,2018-03-29 11:00,NOx,17.49
한국중부발전㈜신보령발전본부,1,2018-03-29 11:30,TSP,1.34
한국중부발전㈜신보령발전본부,1,2018-03-29 11:30,SOx,15.19
한국중부발전㈜신보령발전본부,1,2018-03-29 11:30,NOx,17.01
한국중부발전㈜신보령발전본부,1,2018-03-29 12:00,TSP,1.28
한국중부발전㈜신보령발전본부,1,2018-03-29 12:00,SOx,14.97
한국중부발전㈜신보령발전본부,1,2018-03-29 12:00,NOx,16.91
한국중부발전㈜신보령발전본부,1,2018-03-29 12:30,TSP,1.19
한국중부발전㈜신보령발전본부,1,2018-03-29 12:30,SOx,13.99
한국중부발전㈜신보령발전본부,1,2018-03-29 12:30,NOx,16.85
한국중부발전㈜신보령발전본부,1,2018-03-29 13:00,TSP,1.31
한국중부발전㈜신보령발전본부,1,2018-03-29 13:00,SOx,14.63
한국중부발전㈜신보령발전본부,1,2018-03-29 13:00,NOx,16.75
한국중부발전㈜신보령발전본부,1,2018-03-29 13:30,TSP,1.3
한국중부발전㈜신보령발전본부,1,2018-03-29 13:30,SOx,14.62
한국중부발전㈜신보령발전본부,1,2018-03-29 13:30,NOx,16.39
한국중부발전㈜신보령발전본부,1,2018-03-29 14:00,TSP,1.26
한국중부발전㈜신보령발전본부,1,2018-03-29 14:00,SOx,14.47
한국중부발전㈜신보령발전본부,1,2018-03-29 14:00,NOx,16.44
한국중부발전㈜신보령발전본부,1,2018-03-29 14:30,TSP,1.27
한국중부발전㈜신보령발전본부,1,2018-03-29 14:30,SOx,14.58
한국중부발전㈜신보령발전본부,1,2018-03-29 14:30,NOx,16.32
한국중부발전㈜신보령발전본부,1,2018-03-29 15:00,TSP,1.25
한국중부발전㈜신보령발전본부,1,2018-03-29 15:00,SOx,14.42
한국중부발전㈜신보령발전본부,1,2018-03-29 15:00,NOx,14.47
한국중부발전㈜신보령발전본부,1,2018-03-29 15:30,TSP,1.31
한국중부발전㈜신보령발전본부,1,2018-03-29 15:30,SOx,14.25
한국중부발전㈜신보령발전본부,1,2018-03-29 15:30,NOx,16.6
한국중부발전㈜신보령발전본부,1,2018-03-29 16:00,TSP,1.47
한국중부발전㈜신보령발전본부,1,2018-03-29 16:00,SOx,13.99
한국중부발전㈜신보령발전본부,1,2018-03-29 16:00,NOx,14.9
한국중부발전㈜신보령발전본부,1,2018-03-29 16:30,TSP,1.4
한국중부발전㈜신보령발전본부,1,2018-03-29 16:30,SOx,13.74
한국중부발전㈜신보령발전본부,1,2018-03-29 16:30,NOx,13.81
한국중부발전㈜신보령발전본부,1,2018-03-29 17:00,TSP,1.38
한국중부발전㈜신보령발전본부,1,2018-03-29 17:00,SOx,13.63
한국중부발전㈜신보령발전본부,1,2018-03-29 17:00,NOx,16.06
한국중부발전㈜신보령발전본부,1,2018-03-29 17:30,TSP,1.51
한국중부발전㈜신보령발전본부,1,2018-03-29 17:30,SOx,13.43
한국중부발전㈜신보령발전본부,1,2018-03-29 17:30,NOx,15.87
한국중부발전㈜신보령발전본부,1,2018-03-29 18:00,TSP,1.67
한국중부발전㈜신보령발전본부,1,2018-03-29 18:00,SOx,13.4
한국중부발전㈜신보령발전본부,1,2018-03-29 18:00,NOx,14.45
한국중부발전㈜신보령발전본부,1,2018-03-29 18:30,TSP,1.7
한국중부발전㈜신보령발전본부,1,2018-03-29 18:30,SOx,13.01
한국중부발전㈜신보령발전본부,1,2018-03-29 18:30,NOx,14.28
한국중부발전㈜신보령발전본부,1,2018-03-29 19:00,TSP,1.84
한국중부발전㈜신보령발전본부,1,2018-03-29 19:00,SOx,12.63
한국중부발전㈜신보령발전본부,1,2018-03-29 19:00,NOx,11.88
한국중부발전㈜신보령발전본부,1,2018-03-29 19:30,TSP,1.31
한국중부발전㈜신보령발전본부,1,2018-03-29 19:30,SOx,12.28
한국중부발전㈜신보령발전본부,1,2018-03-29 19:30,NOx,16.78
한국중부발전㈜신보령발전본부,1,2018-03-29 20:00,TSP,1.34
한국중부발전㈜신보령발전본부,1,2018-03-29 20:00,SOx,12.27
한국중부발전㈜신보령발전본부,1,2018-03-29 20:00,NOx,16.71
한국중부발전㈜신보령발전본부,1,2018-03-29 20:30,TSP,1.38
한국중부발전㈜신보령발전본부,1,2018-03-29 20:30,SOx,12.17
한국중부발전㈜신보령발전본부,1,2018-03-29 20:30,NOx,17.33
한국중부발전㈜신보령발전본부,1,2018-03-29 21:00,TSP,1.43
한국중부발전㈜신보령발전본부,1,2018-03-29 21:00,SOx,12.23
한국중부발전㈜신보령발전본부,1,2018-03-29 21:00,NOx,17.39
한국중부발전㈜신보령발전본부,1,2018-03-29 21:30,TSP,1.58
한국중부발전㈜신보령발전본부,1,2018-03-29 21:30,SOx,12.47
한국중부발전㈜신보령발전본부,1,2018-03-29 21:30,NOx,17.92
한국중부발전㈜신보령발전본부,1,2018-03-29 22:00,TSP,1.42
한국중부발전㈜신보령발전본부,1,2018-03-29 22:00,SOx,12.65
한국중부발전㈜신보령발전본부,1,2018-03-29 22:00,NOx,16.75
한국중부발전㈜신보령발전본부,1,2018-03-29 22:30,TSP,1.2
한국중부발전㈜신보령발전본부,1,2018-03-29 22:30,SOx,12.93
한국중부발전㈜신보령발전본부,1,2018-03-29 22:30,NOx,16.57
한국중부발전㈜신보령발전본부,1,2018-03-29 23:00,TSP,1.25
한국중부발전㈜신보령발전본부,1,2018-03-29 23:00,SOx,12.99
한국중부발전㈜신보령발전본부,1,2018-03-29 23:00,NOx,18.06
한국중부발전㈜신보령발전본부,1,2018-03-29 23:30,TSP,1.21
한국중부발전㈜신보령발전본부,1,2018-03-29 23:30,SOx,13.25
한국중부발전㈜신보령발전본부,1,2018-03-29 23:30,NOx,17.79
한국중부발전㈜신보령발전본부,1,2018-03-30 00:00,TSP,1.38
한국중부발전㈜신보령발전본부,1,2018-03-30 00:00,SOx,13.22
한국중부발전㈜신보령발전본부,1,2018-03-30 00:00,NOx,17.49
한국중부발전㈜신보령발전본부,1,2018-03-30 00:30,TSP,1.33
한국중부발전㈜신보령발전본부,1,2018-03-30 00:30,SOx,13.71
한국중부발전㈜신보령발전본부,1,2018-03-30 00:30,NOx,18.03
한국중부발전㈜신보령발전본부,1,2018-03-30 01:00,TSP,1.31
한국중부발전㈜신보령발전본부,1,2018-03-30 01:00,SOx,13.98
한국중부발전㈜신보령발전본부,1,2018-03-30 01:00,NOx,16.72
한국중부발전㈜신보령발전본부,1,2018-03-30 01:30,TSP,1.4
한국중부발전㈜신보령발전본부,1,2018-03-30 01:30,SOx,14.56
한국중부발전㈜신보령발전본부,1,2018-03-30 01:30,NOx,17.2
한국중부발전㈜신보령발전본부,1,2018-03-30 02:00,TSP,1.49
한국중부발전㈜신보령발전본부,1,2018-03-30 02:00,SOx,15.23
한국중부발전㈜신보령발전본부,1,2018-03-30 02:00,NOx,17.3
한국중부발전㈜신보령발전본부,1,2018-03-30 02:30,TSP,1.6
한국중부발전㈜신보령발전본부,1,2018-03-30 02:30,SOx,15.72
한국중부발전㈜신보령발전본부,1,2018-03-30 02:30,NOx,17.34
한국중부발전㈜신보령발전본부,1,2018-03-30 03:00,TSP,1.5
한국중부발전㈜신보령발전본부,1,2018-03-30 03:00,SOx,16.47
한국중부발전㈜신보령발전본부,1,2018-03-30 03:00,NOx,19.02
한국중부발전㈜신보령발전본부,1,2018-03-30 03:30,TSP,1.29
한국중부발전㈜신보령발전본부,1,2018-03-30 03:30,SOx,17.1
한국중부발전㈜신보령발전본부,1,2018-03-30 03:30,NOx,19.31
한국중부발전㈜신보령발전본부,1,2018-03-30 04:00,TSP,1.3
한국중부발전㈜신보령발전본부,1,2018-03-30 04:00,SOx,17.31
한국중부발전㈜신보령발전본부,1,2018-03-30 04:00,NOx,19.01
한국중부발전㈜신보령발전본부,1,2018-03-30 04:30,TSP,1.46
한국중부발전㈜신보령발전본부,1,2018-03-30 04:30,SOx,14.56
한국중부발전㈜신보령발전본부,1,2018-03-30 04:30,NOx,19.98
한국중부발전㈜신보령발전본부,1,2018-03-30 05:00,TSP,1.41
한국중부발전㈜신보령발전본부,1,2018-03-30 05:00,SOx,14.83
한국중부발전㈜신보령발전본부,1,2018-03-30 05:00,NOx,20.54
한국중부발전㈜신보령발전본부,1,2018-03-30 05:30,TSP,1.44
한국중부발전㈜신보령발전본부,1,2018-03-30 05:30,SOx,15.13
한국중부발전㈜신보령발전본부,1,2018-03-30 05:30,NOx,21.85
한국중부발전㈜신보령발전본부,1,2018-03-30 06:00,TSP,1.46
한국중부발전㈜신보령발전본부,1,2018-03-30 06:00,SOx,15.25
한국중부발전㈜신보령발전본부,1,2018-03-30 06:00,NOx,20.71
한국중부발전㈜신보령발전본부,1,2018-03-30 06:30,TSP,1.68
한국중부발전㈜신보령발전본부,1,2018-03-30 06:30,SOx,15.61
한국중부발전㈜신보령발전본부,1,2018-03-30 06:30,NOx,21.6
한국중부발전㈜신보령발전본부,1,2018-03-30 07:00,TSP,1.37
한국중부발전㈜신보령발전본부,1,2018-03-30 07:00,SOx,15.54
한국중부발전㈜신보령발전본부,1,2018-03-30 07:00,NOx,21.85
한국중부발전㈜신보령발전본부,1,2018-03-30 07:30,TSP,1.32
한국중부발전㈜신보령발전본부,1,2018-03-30 07:30,SOx,15.38
한국중부발전㈜신보령발전본부,1,2018-03-30 07:30,NOx,21.66
한국중부발전㈜신보령발전본부,1,2018-03-30 08:00,TSP,1.47
한국중부발전㈜신보령발전본부,1,2018-03-30 08:00,SOx,15.33
한국중부발전㈜신보령발전본부,1,2018-03-30 08:00,NOx,21.58
한국중부발전㈜신보령발전본부,1,2018-03-30 08:30,TSP,1.42
한국중부발전㈜신보령발전본부,1,2018-03-30 08:30,SOx,15.2
한국중부발전㈜신보령발전본부,1,2018-03-30 08:30,NOx,21.13
한국중부발전㈜신보령발전본부,1,2018-03-30 09:00,TSP,1.55
한국중부발전㈜신보령발전본부,1,2018-03-30 09:00,SOx,15.49
한국중부발전㈜신보령발전본부,1,2018-03-30 09:00,NOx,20.81
한국중부발전㈜신보령발전본부,1,2018-03-30 09:30,TSP,1.67
한국중부발전㈜신보령발전본부,1,2018-03-30 09:30,SOx,15.38
한국중부발전㈜신보령발전본부,1,2018-03-30 09:30,NOx,21.25
한국중부발전㈜신보령발전본부,1,2018-03-30 10:00,TSP,1.7
한국중부발전㈜신보령발전본부,1,2018-03-30 10:00,SOx,15.41
한국중부발전㈜신보령발전본부,1,2018-03-30 10:00,NOx,19.98
한국중부발전㈜신보령발전본부,1,2018-03-30 10:30,TSP,1.85
한국중부발전㈜신보령발전본부,1,2018-03-30 10:30,SOx,15.44
한국중부발전㈜신보령발전본부,1,2018-03-30 10:30,NOx,21.09
한국중부발전㈜신보령발전본부,1,2018-03-30 11:00,TSP,1.65
한국중부발전㈜신보령발전본부,1,2018-03-30 11:00,SOx,15.54
한국중부발전㈜신보령발전본부,1,2018-03-30 11:00,NOx,19.48
한국중부발전㈜신보령발전본부,1,2018-03-30 11:30,TSP,1.39
한국중부발전㈜신보령발전본부,1,2018-03-30 11:30,SOx,15.63
한국중부발전㈜신보령발전본부,1,2018-03-30 11:30,NOx,19.5
한국중부발전㈜신보령발전본부,1,2018-03-30 12:00,TSP,1.4
한국중부발전㈜신보령발전본부,1,2018-03-30 12:00,SOx,15.58
한국중부발전㈜신보령발전본부,1,2018-03-30 12:00,NOx,19.29
한국중부발전㈜신보령발전본부,1,2018-03-30 12:30,TSP,1.36
한국중부발전㈜신보령발전본부,1,2018-03-30 12:30,SOx,15.59
한국중부발전㈜신보령발전본부,1,2018-03-30 12:30,NOx,20.13
한국중부발전㈜신보령발전본부,1,2018-03-30 13:00,TSP,1.33
한국중부발전㈜신보령발전본부,1,2018-03-30 13:00,SOx,15.65
한국중부발전㈜신보령발전본부,1,2018-03-30 13:00,NOx,18.55
한국중부발전㈜신보령발전본부,1,2018-03-30 13:30,TSP,1.33
한국중부발전㈜신보령발전본부,1,2018-03-30 13:30,SOx,15.64
한국중부발전㈜신보령발전본부,1,2018-03-30 13:30,NOx,18.5
한국중부발전㈜신보령발전본부,1,2018-03-30 14:00,TSP,1.31
한국중부발전㈜신보령발전본부,1,2018-03-30 14:00,SOx,15.93
한국중부발전㈜신보령발전본부,1,2018-03-30 14:00,NOx,17.8
한국중부발전㈜신보령발전본부,1,2018-03-30 14:30,TSP,1.43
한국중부발전㈜신보령발전본부,1,2018-03-30 14:30,SOx,15.9
한국중부발전㈜신보령발전본부,1,2018-03-30 14:30,NOx,19.11
한국중부발전㈜신보령발전본부,1,2018-03-30 15:00,TSP,1.27
한국중부발전㈜신보령발전본부,1,2018-03-30 15:00,SOx,15.63
한국중부발전㈜신보령발전본부,1,2018-03-30 15:00,NOx,19.29
한국중부발전㈜신보령발전본부,1,2018-03-30 15:30,TSP,1.24
한국중부발전㈜신보령발전본부,1,2018-03-30 15:30,SOx,15.75
한국중부발전㈜신보령발전본부,1,2018-03-30 15:30,NOx,20.81
한국중부발전㈜신보령발전본부,1,2018-03-30 16:00,TSP,1.41
한국중부발전㈜신보령발전본부,1,2018-03-30 16:00,SOx,15.54
한국중부발전㈜신보령발전본부,1,2018-03-30 16:00,NOx,21.02
한국중부발전㈜신보령발전본부,1,2018-03-30 16:30,TSP,1.41
한국중부발전㈜신보령발전본부,1,2018-03-30 16:30,SOx,15.51
한국중부발전㈜신보령발전본부,1,2018-03-30 16:30,NOx,19.97
한국중부발전㈜신보령발전본부,1,2018-03-30 17:00,TSP,1.46
한국중부발전㈜신보령발전본부,1,2018-03-30 17:00,SOx,15.57
한국중부발전㈜신보령발전본부,1,2018-03-30 17:00,NOx,18.32
한국중부발전㈜신보령발전본부,1,2018-03-30 17:30,TSP,1.53
한국중부발전㈜신보령발전본부,1,2018-03-30 17:30,SOx,15.56
한국중부발전㈜신보령발전본부,1,2018-03-30 17:30,NOx,18.12
한국중부발전㈜신보령발전본부,1,2018-03-30 18:00,TSP,1.56
한국중부발전㈜신보령발전본부,1,2018-03-30 18:00,SOx,15.21
한국중부발전㈜신보령발전본부,1,2018-03-30 18:00,NOx,18.56
한국중부발전㈜신보령발전본부,1,2018-03-30 18:30,TSP,1.63
한국중부발전㈜신보령발전본부,1,2018-03-30 18:30,SOx,15.05
한국중부발전㈜신보령발전본부,1,2018-03-30 18:30,NOx,18.12
한국중부발전㈜신보령발전본부,1,2018-03-30 19:00,TSP,1.9
한국중부발전㈜신보령발전본부,1,2018-03-30 19:00,SOx,14.61
한국중부발전㈜신보령발전본부,1,2018-03-30 19:00,NOx,17.3
한국중부발전㈜신보령발전본부,1,2018-03-30 19:30,TSP,1.48
한국중부발전㈜신보령발전본부,1,2018-03-30 19:30,SOx,14.47
한국중부발전㈜신보령발전본부,1,2018-03-30 19:30,NOx,17.61
한국중부발전㈜신보령발전본부,1,2018-03-30 20:00,TSP,1.53
한국중부발전㈜신보령발전본부,1,2018-03-30 20:00,SOx,14.32
한국중부발전㈜신보령발전본부,1,2018-03-30 20:00,NOx,17.48
한국중부발전㈜신보령발전본부,1,2018-03-30 20:30,TSP,1.81
한국중부발전㈜신보령발전본부,1,2018-03-30 20:30,SOx,14.24
한국중부발전㈜신보령발전본부,1,2018-03-30 20:30,NOx,16.48
한국중부발전㈜신보령발전본부,1,2018-03-30 21:00,TSP,2.2
한국중부발전㈜신보령발전본부,1,2018-03-30 21:00,SOx,14.23
한국중부발전㈜신보령발전본부,1,2018-03-30 21:00,NOx,16.83
한국중부발전㈜신보령발전본부,1,2018-03-30 21:30,TSP,2.04
한국중부발전㈜신보령발전본부,1,2018-03-30 21:30,SOx,14.16
한국중부발전㈜신보령발전본부,1,2018-03-30 21:30,NOx,16.35
한국중부발전㈜신보령발전본부,1,2018-03-30 22:00,TSP,2.02
한국중부발전㈜신보령발전본부,1,2018-03-30 22:00,SOx,14.08
한국중부발전㈜신보령발전본부,1,2018-03-30 22:00,NOx,16.16
한국중부발전㈜신보령발전본부,1,2018-03-30 22:30,TSP,1.56
한국중부발전㈜신보령발전본부,1,2018-03-30 22:30,SOx,14.02
한국중부발전㈜신보령발전본부,1,2018-03-30 22:30,NOx,16.25
한국중부발전㈜신보령발전본부,1,2018-03-30 23:00,TSP,1.5
한국중부발전㈜신보령발전본부,1,2018-03-30 23:00,SOx,13.91
한국중부발전㈜신보령발전본부,1,2018-03-30 23:00,NOx,16.79
한국중부발전㈜신보령발전본부,1,2018-03-30 23:30,TSP,1.51
한국중부발전㈜신보령발전본부,1,2018-03-30 23:30,SOx,13.9
한국중부발전㈜신보령발전본부,1,2018-03-30 23:30,NOx,16.47
한국중부발전㈜신보령발전본부,1,2018-03-31 00:00,TSP,1.78
한국중부발전㈜신보령발전본부,1,2018-03-31 00:00,SOx,13.78
한국중부발전㈜신보령발전본부,1,2018-03-31 00:00,NOx,16.44
한국중부발전㈜신보령발전본부,1,2018-03-31 00:30,TSP,1.65
한국중부발전㈜신보령발전본부,1,2018-03-31 00:30,SOx,13.88
한국중부발전㈜신보령발전본부,1,2018-03-31 00:30,NOx,16.22
한국중부발전㈜신보령발전본부,1,2018-03-31 01:00,TSP,1.75
한국중부발전㈜신보령발전본부,1,2018-03-31 01:00,SOx,13.87
한국중부발전㈜신보령발전본부,1,2018-03-31 01:00,NOx,16.75
한국중부발전㈜신보령발전본부,1,2018-03-31 01:30,TSP,1.8
한국중부발전㈜신보령발전본부,1,2018-03-31 01:30,SOx,13.96
한국중부발전㈜신보령발전본부,1,2018-03-31 01:30,NOx,16.96
한국중부발전㈜신보령발전본부,1,2018-03-31 02:00,TSP,1.89
한국중부발전㈜신보령발전본부,1,2018-03-31 02:00,SOx,13.75
한국중부발전㈜신보령발전본부,1,2018-03-31 02:00,NOx,17.88
한국중부발전㈜신보령발전본부,1,2018-03-31 02:30,TSP,1.93
한국중부발전㈜신보령발전본부,1,2018-03-31 02:30,SOx,14.04
한국중부발전㈜신보령발전본부,1,2018-03-31 02:30,NOx,18.21
한국중부발전㈜신보령발전본부,1,2018-03-31 03:00,TSP,1.76
한국중부발전㈜신보령발전본부,1,2018-03-31 03:00,SOx,13.86
한국중부발전㈜신보령발전본부,1,2018-03-31 03:00,NOx,17.87
한국중부발전㈜신보령발전본부,1,2018-03-31 03:30,TSP,1.52
한국중부발전㈜신보령발전본부,1,2018-03-31 03:30,SOx,14.11
한국중부발전㈜신보령발전본부,1,2018-03-31 03:30,NOx,17.84
한국중부발전㈜신보령발전본부,1,2018-03-31 04:00,TSP,1.45
한국중부발전㈜신보령발전본부,1,2018-03-31 04:00,SOx,14.05
한국중부발전㈜신보령발전본부,1,2018-03-31 04:00,NOx,17.92
한국중부발전㈜신보령발전본부,1,2018-03-31 04:30,TSP,1.38
한국중부발전㈜신보령발전본부,1,2018-03-31 04:30,SOx,14.22
한국중부발전㈜신보령발전본부,1,2018-03-31 04:30,NOx,16.87
한국중부발전㈜신보령발전본부,1,2018-03-31 05:00,TSP,1.45
한국중부발전㈜신보령발전본부,1,2018-03-31 05:00,SOx,14.33
한국중부발전㈜신보령발전본부,1,2018-03-31 05:00,NOx,16.69
한국중부발전㈜신보령발전본부,1,2018-03-31 05:30,TSP,1.33
한국중부발전㈜신보령발전본부,1,2018-03-31 05:30,SOx,14.3
한국중부발전㈜신보령발전본부,1,2018-03-31 05:30,NOx,17.32
한국중부발전㈜신보령발전본부,1,2018-03-31 06:00,TSP,1.29
한국중부발전㈜신보령발전본부,1,2018-03-31 06:00,SOx,14.42
한국중부발전㈜신보령발전본부,1,2018-03-31 06:00,NOx,17.62
한국중부발전㈜신보령발전본부,1,2018-03-31 06:30,TSP,1.3
한국중부발전㈜신보령발전본부,1,2018-03-31 06:30,SOx,14.96
한국중부발전㈜신보령발전본부,1,2018-03-31 06:30,NOx,19.73
한국중부발전㈜신보령발전본부,1,2018-03-31 07:00,TSP,1.38
한국중부발전㈜신보령발전본부,1,2018-03-31 07:00,SOx,16.17
한국중부발전㈜신보령발전본부,1,2018-03-31 07:00,NOx,25.12
한국중부발전㈜신보령발전본부,1,2018-03-31 07:30,TSP,1.45
한국중부발전㈜신보령발전본부,1,2018-03-31 07:30,SOx,16.19
한국중부발전㈜신보령발전본부,1,2018-03-31 07:30,NOx,17.33
한국중부발전㈜신보령발전본부,1,2018-03-31 08:00,TSP,1.68
한국중부발전㈜신보령발전본부,1,2018-03-31 08:00,SOx,16.08
한국중부발전㈜신보령발전본부,1,2018-03-31 08:00,NOx,18.97
한국중부발전㈜신보령발전본부,1,2018-03-31 08:30,TSP,1.61
한국중부발전㈜신보령발전본부,1,2018-03-31 08:30,SOx,16.39
한국중부발전㈜신보령발전본부,1,2018-03-31 08:30,NOx,19.27
한국중부발전㈜신보령발전본부,1,2018-03-31 09:00,TSP,1.68
한국중부발전㈜신보령발전본부,1,2018-03-31 09:00,SOx,16.31
한국중부발전㈜신보령발전본부,1,2018-03-31 09:00,NOx,19.05
한국중부발전㈜신보령발전본부,1,2018-03-31 09:30,TSP,1.77
한국중부발전㈜신보령발전본부,1,2018-03-31 09:30,SOx,16.82
한국중부발전㈜신보령발전본부,1,2018-03-31 09:30,NOx,18.82
한국중부발전㈜신보령발전본부,1,2018-03-31 10:00,TSP,1.91
한국중부발전㈜신보령발전본부,1,2018-03-31 10:00,SOx,16.66
한국중부발전㈜신보령발전본부,1,2018-03-31 10:00,NOx,17.55
한국중부발전㈜신보령발전본부,1,2018-03-31 10:30,TSP,1.97
한국중부발전㈜신보령발전본부,1,2018-03-31 10:30,SOx,15.84
한국중부발전㈜신보령발전본부,1,2018-03-31 10:30,NOx,17.31
한국중부발전㈜신보령발전본부,1,2018-03-31 11:00,TSP,1.81
한국중부발전㈜신보령발전본부,1,2018-03-31 11:00,SOx,15.33
한국중부발전㈜신보령발전본부,1,2018-03-31 11:00,NOx,16.87
한국중부발전㈜신보령발전본부,1,2018-03-31 11:30,TSP,1.5
한국중부발전㈜신보령발전본부,1,2018-03-31 11:30,SOx,14.76
한국중부발전㈜신보령발전본부,1,2018-03-31 11:30,NOx,16.54
한국중부발전㈜신보령발전본부,1,2018-03-31 12:00,TSP,1.58
한국중부발전㈜신보령발전본부,1,2018-03-31 12:00,SOx,14.22
한국중부발전㈜신보령발전본부,1,2018-03-31 12:00,NOx,16.82
한국중부발전㈜신보령발전본부,1,2018-03-31 12:30,TSP,1.42
한국중부발전㈜신보령발전본부,1,2018-03-31 12:30,SOx,13.81
한국중부발전㈜신보령발전본부,1,2018-03-31 12:30,NOx,16.42
한국중부발전㈜신보령발전본부,1,2018-03-31 13:00,TSP,1.43
한국중부발전㈜신보령발전본부,1,2018-03-31 13:00,SOx,13.51
한국중부발전㈜신보령발전본부,1,2018-03-31 13:00,NOx,15.7
한국중부발전㈜신보령발전본부,1,2018-03-31 13:30,TSP,1.43
한국중부발전㈜신보령발전본부,1,2018-03-31 13:30,SOx,13.49
한국중부발전㈜신보령발전본부,1,2018-03-31 13:30,NOx,16.54
한국중부발전㈜신보령발전본부,1,2018-03-31 14:00,TSP,1.31
한국중부발전㈜신보령발전본부,1,2018-03-31 14:00,SOx,14.09
한국중부발전㈜신보령발전본부,1,2018-03-31 14:00,NOx,12.88
한국중부발전㈜신보령발전본부,1,2018-03-31 14:30,TSP,1.35
한국중부발전㈜신보령발전본부,1,2018-03-31 14:30,SOx,14.28
한국중부발전㈜신보령발전본부,1,2018-03-31 14:30,NOx,10.93
한국중부발전㈜신보령발전본부,1,2018-03-31 15:00,TSP,1.27
한국중부발전㈜신보령발전본부,1,2018-03-31 15:00,SOx,13.62
한국중부발전㈜신보령발전본부,1,2018-03-31 15:00,NOx,15.28
한국중부발전㈜신보령발전본부,1,2018-03-31 15:30,TSP,1.34
한국중부발전㈜신보령발전본부,1,2018-03-31 15:30,SOx,14.08
한국중부발전㈜신보령발전본부,1,2018-03-31 15:30,NOx,14.55
한국중부발전㈜신보령발전본부,1,2018-03-31 16:00,TSP,1.59
한국중부발전㈜신보령발전본부,1,2018-03-31 16:00,SOx,14.41
한국중부발전㈜신보령발전본부,1,2018-03-31 16:00,NOx,15.1
한국중부발전㈜신보령발전본부,1,2018-03-31 16:30,TSP,1.53
한국중부발전㈜신보령발전본부,1,2018-03-31 16:30,SOx,14.87
한국중부발전㈜신보령발전본부,1,2018-03-31 16:30,NOx,14.39
한국중부발전㈜신보령발전본부,1,2018-03-31 17:00,TSP,1.66
한국중부발전㈜신보령발전본부,1,2018-03-31 17:00,SOx,15.12
한국중부발전㈜신보령발전본부,1,2018-03-31 17:00,NOx,14.71
한국중부발전㈜신보령발전본부,1,2018-03-31 17:30,TSP,1.86
한국중부발전㈜신보령발전본부,1,2018-03-31 17:30,SOx,15.37
한국중부발전㈜신보령발전본부,1,2018-03-31 17:30,NOx,13.05
한국중부발전㈜신보령발전본부,1,2018-03-31 18:00,TSP,1.93
한국중부발전㈜신보령발전본부,1,2018-03-31 18:00,SOx,15.37
한국중부발전㈜신보령발전본부,1,2018-03-31 18:00,NOx,13.83
한국중부발전㈜신보령발전본부,1,2018-03-31 18:30,TSP,1.89
한국중부발전㈜신보령발전본부,1,2018-03-31 18:30,SOx,15.11
한국중부발전㈜신보령발전본부,1,2018-03-31 18:30,NOx,14.82
한국중부발전㈜신보령발전본부,1,2018-03-31 19:00,TSP,2.11
한국중부발전㈜신보령발전본부,1,2018-03-31 19:00,SOx,14.43
한국중부발전㈜신보령발전본부,1,2018-03-31 19:00,NOx,13.97
한국중부발전㈜신보령발전본부,1,2018-03-31 19:30,TSP,1.77
한국중부발전㈜신보령발전본부,1,2018-03-31 19:30,SOx,13.08
한국중부발전㈜신보령발전본부,1,2018-03-31 19:30,NOx,13.93
한국중부발전㈜신보령발전본부,1,2018-03-31 20:00,TSP,1.76
한국중부발전㈜신보령발전본부,1,2018-03-31 20:00,SOx,10.46
한국중부발전㈜신보령발전본부,1,2018-03-31 20:00,NOx,9.54
한국중부발전㈜신보령발전본부,1,2018-03-31 20:30,TSP,1.86
한국중부발전㈜신보령발전본부,1,2018-03-31 20:30,SOx,10.66
한국중부발전㈜신보령발전본부,1,2018-03-31 20:30,NOx,7.6
한국중부발전㈜신보령발전본부,1,2018-03-31 21:00,TSP,1.91
한국중부발전㈜신보령발전본부,1,2018-03-31 21:00,SOx,9.51
한국중부발전㈜신보령발전본부,1,2018-03-31 21:00,NOx,8.72
한국중부발전㈜신보령발전본부,1,2018-03-31 21:30,TSP,2.21
한국중부발전㈜신보령발전본부,1,2018-03-31 21:30,SOx,8.89
한국중부발전㈜신보령발전본부,1,2018-03-31 21:30,NOx,5.87
한국중부발전㈜신보령발전본부,1,2018-03-31 22:00,TSP,1.79
한국중부발전㈜신보령발전본부,1,2018-03-31 22:00,SOx,9.15
한국중부발전㈜신보령발전본부,1,2018-03-31 22:00,NOx,5.37
한국중부발전㈜신보령발전본부,1,2018-03-31 22:30,TSP,1.2
한국중부발전㈜신보령발전본부,1,2018-03-31 22:30,SOx,7.76
한국중부발전㈜신보령발전본부,1,2018-03-31 22:30,NOx,8.77
한국중부발전㈜신보령발전본부,1,2018-03-31 23:00,TSP,1.25
한국중부발전㈜신보령발전본부,1,2018-03-31 23:00,SOx,6.17
한국중부발전㈜신보령발전본부,1,2018-03-31 23:00,NOx,11.07
한국중부발전㈜신보령발전본부,1,2018-03-31 23:30,TSP,1.32
한국중부발전㈜신보령발전본부,1,2018-03-31 23:30,SOx,2.37
한국중부발전㈜신보령발전본부,1,2018-03-31 23:30,NOx,56.9
