측정일시,값
2022-01-01 00:00:00,12.389166666666666
2022-01-01 01:00:00,12.280833333333334
2022-01-01 02:00:00,12.263333333333334
2022-01-01 03:00:00,12.535000000000002
2022-01-01 04:00:00,13.74
2022-01-01 05:00:00,12.518333333333333
2022-01-01 06:00:00,13.112499999999999
2022-01-01 07:00:00,13.293333333333335
2022-01-01 08:00:00,13.094166666666666
2022-01-01 09:00:00,13.0025
2022-01-01 10:00:00,12.9625
2022-01-01 11:00:00,14.665833333333333
2022-01-01 12:00:00,13.693333333333333
2022-01-01 13:00:00,13.282499999999999
2022-01-01 14:00:00,13.180833333333334
2022-01-01 15:00:00,12.966666666666667
2022-01-01 16:00:00,13.115
2022-01-01 17:00:00,13.508333333333333
2022-01-01 18:00:00,13.524166666666666
2022-01-01 19:00:00,13.301666666666668
2022-01-01 20:00:00,12.406666666666666
2022-01-01 21:00:00,12.578333333333333
2022-01-01 22:00:00,12.553333333333333
2022-01-01 23:00:00,12.343333333333334
2022-01-02 00:00:00,11.3075
2022-01-02 01:00:00,10.9625
2022-01-02 02:00:00,11.180833333333332
2022-01-02 03:00:00,11.771666666666667
2022-01-02 04:00:00,11.390833333333333
2022-01-02 05:00:00,10.436666666666666
2022-01-02 06:00:00,10.450000000000001
2022-01-02 07:00:00,10.175833333333333
2022-01-02 08:00:00,9.890833333333333
2022-01-02 09:00:00,9.896666666666667
2022-01-02 10:00:00,10.264166666666666
2022-01-02 11:00:00,10.205
2022-01-02 12:00:00,10.423333333333334
2022-01-02 13:00:00,10.4125
2022-01-02 14:00:00,10.211666666666666
2022-01-02 15:00:00,10.2325
2022-01-02 16:00:00,10.1225
2022-01-02 17:00:00,9.7175
2022-01-02 18:00:00,9.876666666666667
2022-01-02 19:00:00,10.495
2022-01-02 20:00:00,11.049166666666666
2022-01-02 21:00:00,11.213333333333333
2022-01-02 22:00:00,11.269166666666665
2022-01-02 23:00:00,11.984166666666667
2022-01-03 00:00:00,12.225833333333334
2022-01-03 01:00:00,11.825833333333334
2022-01-03 02:00:00,11.755
2022-01-03 03:00:00,11.186666666666667
2022-01-03 04:00:00,11.498333333333333
2022-01-03 05:00:00,11.094166666666666
2022-01-03 06:00:00,10.956666666666665
2022-01-03 07:00:00,10.264166666666666
2022-01-03 08:00:00,9.326666666666666
2022-01-03 09:00:00,8.623333333333333
2022-01-03 10:00:00,8.262500000000001
2022-01-03 11:00:00,7.858333333333333
2022-01-03 12:00:00,7.699166666666667
2022-01-03 13:00:00,8.047500000000001
2022-01-03 14:00:00,8.008333333333335
2022-01-03 15:00:00,8.340833333333334
2022-01-03 16:00:00,8.529166666666667
2022-01-03 17:00:00,8.7725
2022-01-03 18:00:00,8.948333333333332
2022-01-03 19:00:00,8.814166666666667
2022-01-03 20:00:00,8.476666666666667
2022-01-03 21:00:00,7.913333333333333
2022-01-03 22:00:00,7.798333333333333
2022-01-03 23:00:00,7.683333333333334
2022-01-04 00:00:00,7.5183333333333335
2022-01-04 01:00:00,7.801666666666667
2022-01-04 02:00:00,8.075000000000001
2022-01-04 03:00:00,8.3025
2022-01-04 04:00:00,8.365
2022-01-04 05:00:00,8.689166666666667
2022-01-04 06:00:00,9.013333333333334
2022-01-04 07:00:00,9.251666666666667
2022-01-04 08:00:00,9.58
2022-01-04 09:00:00,9.792499999999999
2022-01-04 10:00:00,10.12
2022-01-04 11:00:00,10.168333333333333
2022-01-04 12:00:00,10.123333333333333
2022-01-04 13:00:00,10.278333333333334
2022-01-04 14:00:00,11.035833333333334
2022-01-04 15:00:00,11.090833333333334
2022-01-04 16:00:00,10.865833333333333
2022-01-04 17:00:00,10.291666666666666
2022-01-04 18:00:00,9.909166666666666
2022-01-04 19:00:00,9.431666666666667
2022-01-04 20:00:00,8.831666666666667
2022-01-04 21:00:00,8.389999999999999
2022-01-04 22:00:00,8.528333333333334
2022-01-04 23:00:00,9.265
2022-01-05 00:00:00,11.207500000000001
2022-01-05 01:00:00,12.993333333333332
2022-01-05 02:00:00,14.1175
2022-01-05 03:00:00,14.743333333333332
2022-01-05 04:00:00,14.729999999999999
2022-01-05 05:00:00,14.6175
2022-01-05 06:00:00,14.559166666666668
2022-01-05 07:00:00,14.893333333333333
2022-01-05 08:00:00,15.159166666666666
2022-01-05 09:00:00,14.936666666666667
2022-01-05 10:00:00,14.879166666666668
2022-01-05 11:00:00,13.1075
2022-01-05 12:00:00,12.004166666666668
2022-01-05 13:00:00,11.779166666666667
2022-01-05 14:00:00,11.671666666666667
2022-01-05 15:00:00,11.973333333333334
2022-01-05 16:00:00,11.96
2022-01-05 17:00:00,11.880833333333333
2022-01-05 18:00:00,11.645000000000001
2022-01-05 19:00:00,11.765833333333333
2022-01-05 20:00:00,11.725833333333334
2022-01-05 21:00:00,11.881666666666666
2022-01-05 22:00:00,11.906666666666666
2022-01-05 23:00:00,12.108333333333334
2022-01-06 00:00:00,11.901666666666666
2022-01-06 01:00:00,11.904166666666667
2022-01-06 02:00:00,11.2475
2022-01-06 03:00:00,11.831666666666665
2022-01-06 04:00:00,12.410833333333334
2022-01-06 05:00:00,12.46
2022-01-06 06:00:00,12.667499999999999
2022-01-06 07:00:00,13.310833333333333
2022-01-06 08:00:00,12.546666666666667
2022-01-06 09:00:00,12.938333333333333
2022-01-06 10:00:00,12.645833333333334
2022-01-06 11:00:00,12.606666666666667
2022-01-06 12:00:00,12.625
2022-01-06 13:00:00,12.542499999999999
2022-01-06 14:00:00,12.387500000000001
2022-01-06 15:00:00,12.316666666666668
2022-01-06 16:00:00,13.481666666666667
2022-01-06 17:00:00,13.365
2022-01-06 18:00:00,12.835833333333333
2022-01-06 19:00:00,11.603333333333333
2022-01-06 20:00:00,11.21
2022-01-06 21:00:00,11.290833333333333
2022-01-06 22:00:00,11.384166666666667
2022-01-06 23:00:00,12.1925
2022-01-07 00:00:00,12.472500000000002
2022-01-07 01:00:00,12.863333333333335
2022-01-07 02:00:00,13.439166666666667
2022-01-07 03:00:00,13.634166666666667
2022-01-07 04:00:00,13.670833333333334
2022-01-07 05:00:00,13.784999999999998
2022-01-07 06:00:00,13.76
2022-01-07 07:00:00,13.1025
2022-01-07 08:00:00,13.551666666666668
2022-01-07 09:00:00,12.9425
2022-01-07 10:00:00,12.858333333333334
2022-01-07 11:00:00,12.7825
2022-01-07 12:00:00,11.88
2022-01-07 13:00:00,11.756666666666666
2022-01-07 14:00:00,11.156666666666666
2022-01-07 15:00:00,11.034166666666666
2022-01-07 16:00:00,11.986666666666666
2022-01-07 17:00:00,11.838333333333333
2022-01-07 18:00:00,11.663333333333334
2022-01-07 19:00:00,11.368333333333332
2022-01-07 20:00:00,11.025833333333333
2022-01-07 21:00:00,10.998333333333333
2022-01-07 22:00:00,11.410833333333334
2022-01-07 23:00:00,11.729166666666666
2022-01-08 00:00:00,11.888333333333334
2022-01-08 01:00:00,11.581666666666665
2022-01-08 02:00:00,11.871666666666664
2022-01-08 03:00:00,12.360833333333334
2022-01-08 04:00:00,13.020833333333334
2022-01-08 05:00:00,13.284999999999998
2022-01-08 06:00:00,13.551666666666668
2022-01-08 07:00:00,13.698333333333332
2022-01-08 08:00:00,13.788333333333334
2022-01-08 09:00:00,13.801666666666668
2022-01-08 10:00:00,13.929166666666667
2022-01-08 11:00:00,14.027500000000002
2022-01-08 12:00:00,14.415
2022-01-08 13:00:00,14.775
2022-01-08 14:00:00,14.487499999999999
2022-01-08 15:00:00,14.146666666666667
2022-01-08 16:00:00,13.1975
2022-01-08 17:00:00,13.059166666666668
2022-01-08 18:00:00,12.550833333333335
2022-01-08 19:00:00,12.12
2022-01-08 20:00:00,11.776666666666666
2022-01-08 21:00:00,11.842500000000001
2022-01-08 22:00:00,12.039166666666667
2022-01-08 23:00:00,12.394166666666665
2022-01-09 00:00:00,12.534999999999998
2022-01-09 01:00:00,12.737499999999999
2022-01-09 02:00:00,12.761666666666668
2022-01-09 03:00:00,12.975833333333334
2022-01-09 04:00:00,13.280000000000001
2022-01-09 05:00:00,13.6325
2022-01-09 06:00:00,13.316666666666668
2022-01-09 07:00:00,13.176666666666668
2022-01-09 08:00:00,13.136666666666665
2022-01-09 09:00:00,12.853333333333333
2022-01-09 10:00:00,12.533333333333333
2022-01-09 11:00:00,11.793333333333335
2022-01-09 12:00:00,11.79
2022-01-09 13:00:00,10.986666666666666
2022-01-09 14:00:00,10.5275
2022-01-09 15:00:00,10.258333333333333
2022-01-09 16:00:00,10.03
2022-01-09 17:00:00,9.975
2022-01-09 18:00:00,9.760833333333332
2022-01-09 19:00:00,10.024166666666666
2022-01-09 20:00:00,9.595
2022-01-09 21:00:00,9.395833333333334
2022-01-09 22:00:00,9.6525
2022-01-09 23:00:00,9.293333333333333
2022-01-10 00:00:00,9.014166666666666
2022-01-10 01:00:00,9.94
2022-01-10 02:00:00,10.788333333333334
2022-01-10 03:00:00,11.410000000000002
2022-01-10 04:00:00,11.765
2022-01-10 05:00:00,11.285833333333334
2022-01-10 06:00:00,10.5725
2022-01-10 07:00:00,10.3925
2022-01-10 08:00:00,10.03
2022-01-10 09:00:00,9.595833333333333
2022-01-10 10:00:00,9.698333333333332
2022-01-10 11:00:00,10.099166666666667
2022-01-10 12:00:00,10.184166666666668
2022-01-10 13:00:00,10.216666666666667
2022-01-10 14:00:00,10.228333333333333
2022-01-10 15:00:00,9.975833333333332
2022-01-10 16:00:00,10.591666666666667
2022-01-10 17:00:00,10.8275
2022-01-10 18:00:00,10.824166666666665
2022-01-10 19:00:00,10.950833333333334
2022-01-10 20:00:00,10.655833333333334
2022-01-10 21:00:00,10.745
2022-01-10 22:00:00,11.299166666666666
2022-01-10 23:00:00,12.739166666666668
2022-01-11 00:00:00,13.67
2022-01-11 01:00:00,13.768333333333333
2022-01-11 02:00:00,13.644166666666665
2022-01-11 03:00:00,13.734166666666667
2022-01-11 04:00:00,14.04
2022-01-11 05:00:00,14.144166666666669
2022-01-11 06:00:00,14.208333333333334
2022-01-11 07:00:00,14.141666666666666
2022-01-11 08:00:00,14.284999999999998
2022-01-11 09:00:00,13.680833333333334
2022-01-11 10:00:00,13.255833333333333
2022-01-11 11:00:00,13.948333333333332
2022-01-11 12:00:00,14.240833333333335
2022-01-11 13:00:00,14.251666666666667
2022-01-11 14:00:00,14.368333333333332
2022-01-11 15:00:00,14.991666666666667
2022-01-11 16:00:00,15.153333333333334
2022-01-11 17:00:00,14.913333333333334
2022-01-11 18:00:00,14.4825
2022-01-11 19:00:00,14.223333333333334
2022-01-11 20:00:00,14.285833333333334
2022-01-11 21:00:00,14.725
2022-01-11 22:00:00,14.5075
2022-01-11 23:00:00,14.894166666666669
2022-01-12 00:00:00,14.705
2022-01-12 01:00:00,14.819166666666666
2022-01-12 02:00:00,15.165833333333333
2022-01-12 03:00:00,15.4975
2022-01-12 04:00:00,15.504166666666665
2022-01-12 05:00:00,15.200000000000001
2022-01-12 06:00:00,15.6725
2022-01-12 07:00:00,15.7425
2022-01-12 08:00:00,15.299166666666666
2022-01-12 09:00:00,14.582500000000001
2022-01-12 10:00:00,14.311666666666667
2022-01-12 11:00:00,13.830833333333333
2022-01-12 12:00:00,13.792499999999999
2022-01-12 13:00:00,14.590833333333334
2022-01-12 14:00:00,14.362499999999999
2022-01-12 15:00:00,14.5675
2022-01-12 16:00:00,14.936666666666667
2022-01-12 17:00:00,14.581666666666665
2022-01-12 18:00:00,14.246666666666668
2022-01-12 19:00:00,14.049999999999999
2022-01-12 20:00:00,13.0875
2022-01-12 21:00:00,12.6
2022-01-12 22:00:00,12.965833333333334
2022-01-12 23:00:00,13.658333333333333
2022-01-13 00:00:00,13.849166666666667
2022-01-13 01:00:00,13.799166666666666
2022-01-13 02:00:00,13.805
2022-01-13 03:00:00,13.969999999999999
2022-01-13 04:00:00,13.744166666666667
2022-01-13 05:00:00,13.782499999999999
2022-01-13 06:00:00,13.808333333333335
2022-01-13 07:00:00,13.793333333333335
2022-01-13 08:00:00,14.144166666666665
2022-01-13 09:00:00,13.803333333333333
2022-01-13 10:00:00,13.778333333333334
2022-01-13 11:00:00,13.805833333333332
2022-01-13 12:00:00,13.766666666666666
2022-01-13 13:00:00,13.664166666666667
2022-01-13 14:00:00,13.603333333333333
2022-01-13 15:00:00,13.451666666666666
2022-01-13 16:00:00,13.444166666666668
2022-01-13 17:00:00,13.619166666666667
2022-01-13 18:00:00,13.1625
2022-01-13 19:00:00,12.934166666666668
2022-01-13 20:00:00,12.794166666666667
2022-01-13 21:00:00,12.724166666666667
2022-01-13 22:00:00,12.796666666666667
2022-01-13 23:00:00,13.248333333333333
2022-01-14 00:00:00,13.275833333333333
2022-01-14 01:00:00,12.960833333333333
2022-01-14 02:00:00,12.575833333333334
2022-01-14 03:00:00,12.098333333333334
2022-01-14 04:00:00,12.335833333333333
2022-01-14 05:00:00,12.198333333333332
2022-01-14 06:00:00,12.461666666666666
2022-01-14 07:00:00,13.46
2022-01-14 08:00:00,13.4925
2022-01-14 09:00:00,12.7025
2022-01-14 10:00:00,12.983333333333334
2022-01-14 11:00:00,13.269166666666665
2022-01-14 12:00:00,13.506666666666668
2022-01-14 13:00:00,14.1975
2022-01-14 14:00:00,13.903333333333334
2022-01-14 15:00:00,13.704166666666666
2022-01-14 16:00:00,12.910833333333334
2022-01-14 17:00:00,12.86
2022-01-14 18:00:00,12.813333333333333
2022-01-14 19:00:00,12.563333333333333
2022-01-14 20:00:00,12.460833333333333
2022-01-14 21:00:00,12.498333333333333
2022-01-14 22:00:00,12.549166666666666
2022-01-14 23:00:00,13.2525
2022-01-15 00:00:00,13.806666666666667
2022-01-15 01:00:00,13.7675
2022-01-15 02:00:00,13.8825
2022-01-15 03:00:00,13.445833333333333
2022-01-15 04:00:00,13.126666666666667
2022-01-15 05:00:00,13.391666666666667
2022-01-15 06:00:00,13.686666666666667
2022-01-15 07:00:00,13.930833333333332
2022-01-15 08:00:00,14.229999999999999
2022-01-15 09:00:00,14.055
2022-01-15 10:00:00,14.19
2022-01-15 11:00:00,14.255
2022-01-15 12:00:00,14.075833333333334
2022-01-15 13:00:00,14.455833333333333
2022-01-15 14:00:00,14.5625
2022-01-15 15:00:00,14.885833333333332
2022-01-15 16:00:00,15.42
2022-01-15 17:00:00,15.313333333333333
2022-01-15 18:00:00,15.340833333333334
2022-01-15 19:00:00,14.704166666666666
2022-01-15 20:00:00,14.456666666666665
2022-01-15 21:00:00,14.0875
2022-01-15 22:00:00,13.8725
2022-01-15 23:00:00,14.260833333333332
2022-01-16 00:00:00,14.180833333333334
2022-01-16 01:00:00,14.003333333333332
2022-01-16 02:00:00,13.835
2022-01-16 03:00:00,13.561666666666667
2022-01-16 04:00:00,12.991666666666667
2022-01-16 05:00:00,11.505
2022-01-16 06:00:00,9.915000000000001
2022-01-16 07:00:00,8.945833333333333
2022-01-16 08:00:00,8.644166666666667
2022-01-16 09:00:00,8.143333333333333
2022-01-16 10:00:00,8.018333333333333
2022-01-16 11:00:00,7.5325
2022-01-16 12:00:00,7.660833333333334
2022-01-16 13:00:00,7.5225
2022-01-16 14:00:00,7.649166666666666
2022-01-16 15:00:00,7.572500000000001
2022-01-16 16:00:00,7.640833333333333
2022-01-16 17:00:00,7.715
2022-01-16 18:00:00,7.7825
2022-01-16 19:00:00,8.290000000000001
2022-01-16 20:00:00,9.501666666666667
2022-01-16 21:00:00,10.967500000000001
2022-01-16 22:00:00,11.905833333333334
2022-01-16 23:00:00,12.255833333333333
2022-01-17 00:00:00,12.726666666666667
2022-01-17 01:00:00,13.7325
2022-01-17 02:00:00,13.365833333333333
2022-01-17 03:00:00,11.919166666666667
2022-01-17 04:00:00,10.684166666666668
2022-01-17 05:00:00,10.395833333333334
2022-01-17 06:00:00,10.022499999999999
2022-01-17 07:00:00,9.710833333333333
2022-01-17 08:00:00,9.72
2022-01-17 09:00:00,9.954166666666667
2022-01-17 10:00:00,10.424166666666666
2022-01-17 11:00:00,11.328333333333333
2022-01-17 12:00:00,12.256666666666668
2022-01-17 13:00:00,13.205833333333333
2022-01-17 14:00:00,13.436666666666667
2022-01-17 15:00:00,13.216666666666667
2022-01-17 16:00:00,13.111666666666666
2022-01-17 17:00:00,13.555
2022-01-17 18:00:00,13.774166666666666
2022-01-17 19:00:00,13.633333333333333
2022-01-17 20:00:00,14.0625
2022-01-17 21:00:00,14.13
2022-01-17 22:00:00,14.120833333333332
2022-01-17 23:00:00,13.518333333333333
2022-01-18 00:00:00,12.460833333333333
2022-01-18 01:00:00,11.844166666666666
2022-01-18 02:00:00,11.0725
2022-01-18 03:00:00,10.4425
2022-01-18 04:00:00,9.9275
2022-01-18 05:00:00,10.011666666666667
2022-01-18 06:00:00,10.396666666666667
2022-01-18 07:00:00,10.589166666666666
2022-01-18 08:00:00,10.1675
2022-01-18 09:00:00,9.748333333333333
2022-01-18 10:00:00,10.4125
2022-01-18 11:00:00,10.539166666666667
2022-01-18 12:00:00,10.641666666666667
2022-01-18 13:00:00,11.599166666666667
2022-01-18 14:00:00,12.7275
2022-01-18 15:00:00,13.669166666666667
2022-01-18 16:00:00,13.838333333333333
2022-01-18 17:00:00,13.871666666666668
2022-01-18 18:00:00,13.519166666666665
2022-01-18 19:00:00,13.041666666666666
2022-01-18 20:00:00,13.765833333333333
2022-01-18 21:00:00,15.023333333333333
2022-01-18 22:00:00,15.053333333333335
2022-01-18 23:00:00,14.350833333333334
2022-01-19 00:00:00,14.073333333333332
2022-01-19 01:00:00,14.303333333333335
2022-01-19 02:00:00,14.665
2022-01-19 03:00:00,14.229166666666666
2022-01-19 04:00:00,13.685
2022-01-19 05:00:00,13.906666666666666
2022-01-19 06:00:00,15.016666666666667
2022-01-19 07:00:00,15.640833333333333
2022-01-19 08:00:00,15.921666666666667
2022-01-19 09:00:00,15.287500000000001
2022-01-19 10:00:00,14.738333333333335
2022-01-19 11:00:00,14.493333333333332
2022-01-19 12:00:00,14.395833333333334
2022-01-19 13:00:00,14.604999999999999
2022-01-19 14:00:00,15.205
2022-01-19 15:00:00,15.115
2022-01-19 16:00:00,15.160000000000002
2022-01-19 17:00:00,14.595833333333333
2022-01-19 18:00:00,14.856666666666667
2022-01-19 19:00:00,15.399166666666666
2022-01-19 20:00:00,14.975
2022-01-19 21:00:00,14.236666666666666
2022-01-19 22:00:00,13.996666666666668
2022-01-19 23:00:00,14.174999999999999
2022-01-20 00:00:00,14.6825
2022-01-20 01:00:00,15.818333333333333
2022-01-20 02:00:00,15.659166666666666
2022-01-20 03:00:00,15.601666666666667
2022-01-20 04:00:00,14.815833333333332
2022-01-20 05:00:00,13.600833333333334
2022-01-20 06:00:00,13.085
2022-01-20 07:00:00,13.17
2022-01-20 08:00:00,14.068333333333333
2022-01-20 09:00:00,14.514166666666666
2022-01-20 10:00:00,14.389166666666666
2022-01-20 11:00:00,14.180833333333332
2022-01-20 12:00:00,14.07
2022-01-20 13:00:00,14.022499999999999
2022-01-20 14:00:00,13.971666666666666
2022-01-20 15:00:00,13.871666666666664
2022-01-20 16:00:00,14.0925
2022-01-20 17:00:00,14.263333333333334
2022-01-20 18:00:00,13.659166666666666
2022-01-20 19:00:00,13.988333333333335
2022-01-20 20:00:00,14.336666666666666
2022-01-20 21:00:00,14.369166666666667
2022-01-20 22:00:00,13.2575
2022-01-20 23:00:00,12.704166666666666
2022-01-21 00:00:00,13.180833333333332
2022-01-21 01:00:00,13.896666666666667
2022-01-21 02:00:00,14.913333333333334
2022-01-21 03:00:00,15.576666666666666
2022-01-21 04:00:00,14.613333333333335
2022-01-21 05:00:00,14.102500000000001
2022-01-21 06:00:00,14.015833333333333
2022-01-21 07:00:00,13.440833333333332
2022-01-21 08:00:00,12.836666666666666
2022-01-21 09:00:00,13.609166666666667
2022-01-21 10:00:00,13.589999999999998
2022-01-21 11:00:00,14.6175
2022-01-21 12:00:00,13.674999999999999
2022-01-21 13:00:00,14.135833333333332
2022-01-21 14:00:00,14.556666666666667
2022-01-21 15:00:00,15.078333333333333
2022-01-21 16:00:00,16.044999999999998
2022-01-21 17:00:00,15.9225
2022-01-21 18:00:00,15.380833333333333
2022-01-21 19:00:00,15.178333333333333
2022-01-21 20:00:00,15.398333333333333
2022-01-21 21:00:00,15.765
2022-01-21 22:00:00,17.070833333333333
2022-01-21 23:00:00,18.353333333333335
2022-01-22 00:00:00,19.655833333333334
2022-01-22 01:00:00,18.929166666666664
2022-01-22 02:00:00,18.611666666666668
2022-01-22 03:00:00,18.208333333333332
2022-01-22 04:00:00,18.539166666666667
2022-01-22 05:00:00,19.121666666666666
2022-01-22 06:00:00,18.6125
2022-01-22 07:00:00,18.42083333333333
2022-01-22 08:00:00,17.9275
2022-01-22 09:00:00,17.319166666666664
2022-01-22 10:00:00,18.374166666666667
2022-01-22 11:00:00,18.958333333333332
2022-01-22 12:00:00,18.513333333333332
2022-01-22 13:00:00,17.978333333333335
2022-01-22 14:00:00,17.482499999999998
2022-01-22 15:00:00,16.982499999999998
2022-01-22 16:00:00,16.163333333333334
2022-01-22 17:00:00,16.476666666666667
2022-01-22 18:00:00,17.260833333333334
2022-01-22 19:00:00,16.71
2022-01-22 20:00:00,15.6425
2022-01-22 21:00:00,14.821666666666667
2022-01-22 22:00:00,14.6475
2022-01-22 23:00:00,15.039166666666667
2022-01-23 00:00:00,15.1925
2022-01-23 01:00:00,15.444166666666668
2022-01-23 02:00:00,15.979166666666666
2022-01-23 03:00:00,15.102500000000001
2022-01-23 04:00:00,14.854999999999999
2022-01-23 05:00:00,14.385
2022-01-23 06:00:00,13.640833333333333
2022-01-23 07:00:00,13.243333333333332
2022-01-23 08:00:00,12.960833333333333
2022-01-23 09:00:00,12.545833333333334
2022-01-23 10:00:00,12.92
2022-01-23 11:00:00,13.650833333333333
2022-01-23 12:00:00,14.4475
2022-01-23 13:00:00,15.606666666666667
2022-01-23 14:00:00,15.99
2022-01-23 15:00:00,16.07166666666667
2022-01-23 16:00:00,16.458333333333332
2022-01-23 17:00:00,16.4325
2022-01-23 18:00:00,15.244166666666667
2022-01-23 19:00:00,15.138333333333334
2022-01-23 20:00:00,15.167499999999999
2022-01-23 21:00:00,15.57
2022-01-23 22:00:00,16.485
2022-01-23 23:00:00,17.871666666666666
2022-01-24 00:00:00,17.578333333333333
2022-01-24 01:00:00,15.113333333333335
2022-01-24 02:00:00,13.844166666666666
2022-01-24 03:00:00,13.655833333333334
2022-01-24 04:00:00,13.535000000000002
2022-01-24 05:00:00,13.049166666666666
2022-01-24 06:00:00,12.653333333333334
2022-01-24 07:00:00,12.38
2022-01-24 08:00:00,11.520833333333334
2022-01-24 09:00:00,10.7475
2022-01-24 10:00:00,10.730833333333331
2022-01-24 11:00:00,10.389999999999999
2022-01-24 12:00:00,10.4
2022-01-24 13:00:00,10.54
2022-01-24 14:00:00,10.309166666666666
2022-01-24 15:00:00,10.214166666666666
2022-01-24 16:00:00,10.6875
2022-01-24 17:00:00,11.534166666666666
2022-01-24 18:00:00,12.749166666666667
2022-01-24 19:00:00,13.005833333333333
2022-01-24 20:00:00,13.135
2022-01-24 21:00:00,13.173333333333332
2022-01-24 22:00:00,12.746666666666668
2022-01-24 23:00:00,12.085833333333333
2022-01-25 00:00:00,12.148333333333333
2022-01-25 01:00:00,12.775833333333333
2022-01-25 02:00:00,13.189166666666667
2022-01-25 03:00:00,13.641666666666666
2022-01-25 04:00:00,13.879166666666668
2022-01-25 05:00:00,14.768333333333333
2022-01-25 06:00:00,16.355
2022-01-25 07:00:00,16.253333333333334
2022-01-25 08:00:00,15.53
2022-01-25 09:00:00,15.15
2022-01-25 10:00:00,15.025833333333333
2022-01-25 11:00:00,14.975833333333334
2022-01-25 12:00:00,14.649166666666666
2022-01-25 13:00:00,14.39
2022-01-25 14:00:00,14.133333333333333
2022-01-25 15:00:00,13.978333333333333
2022-01-25 16:00:00,14.03
2022-01-25 17:00:00,13.778333333333334
2022-01-25 18:00:00,13.445
2022-01-25 19:00:00,14.005
2022-01-25 20:00:00,14.673333333333332
2022-01-25 21:00:00,15.5775
2022-01-25 22:00:00,15.360833333333332
2022-01-25 23:00:00,15.110833333333332
2022-01-26 00:00:00,14.656666666666666
2022-01-26 01:00:00,14.890833333333333
2022-01-26 02:00:00,14.155000000000001
2022-01-26 03:00:00,13.544166666666667
2022-01-26 04:00:00,13.071666666666667
2022-01-26 05:00:00,13.309166666666668
2022-01-26 06:00:00,13.313333333333333
2022-01-26 07:00:00,13.419166666666667
2022-01-26 08:00:00,13.031666666666666
2022-01-26 09:00:00,13.13
2022-01-26 10:00:00,13.010833333333332
2022-01-26 11:00:00,12.850833333333334
2022-01-26 12:00:00,12.631666666666668
2022-01-26 13:00:00,12.5075
2022-01-26 14:00:00,12.221666666666666
2022-01-26 15:00:00,12.158333333333333
2022-01-26 16:00:00,12.332500000000001
2022-01-26 17:00:00,13.444166666666668
2022-01-26 18:00:00,13.6875
2022-01-26 19:00:00,12.793333333333335
2022-01-26 20:00:00,12.044166666666667
2022-01-26 21:00:00,11.347499999999998
2022-01-26 22:00:00,11.18
2022-01-26 23:00:00,11.106666666666667
2022-01-27 00:00:00,10.766666666666666
2022-01-27 01:00:00,10.5875
2022-01-27 02:00:00,10.923333333333332
2022-01-27 03:00:00,11.253333333333332
2022-01-27 04:00:00,12.235833333333332
2022-01-27 05:00:00,12.534999999999998
2022-01-27 06:00:00,12.623333333333333
2022-01-27 07:00:00,13.028333333333334
2022-01-27 08:00:00,13.018333333333333
2022-01-27 09:00:00,13.229999999999999
2022-01-27 10:00:00,12.49
2022-01-27 11:00:00,11.394166666666665
2022-01-27 12:00:00,12.273333333333333
2022-01-27 13:00:00,12.9375
2022-01-27 14:00:00,13.26
2022-01-27 15:00:00,13.130833333333333
2022-01-27 16:00:00,13.034999999999998
2022-01-27 17:00:00,11.398333333333333
2022-01-27 18:00:00,8.684166666666666
2022-01-27 19:00:00,7.508333333333333
2022-01-27 20:00:00,7.166666666666667
2022-01-27 21:00:00,6.939166666666666
2022-01-27 22:00:00,7.136666666666667
2022-01-27 23:00:00,7.390000000000001
2022-01-28 00:00:00,7.7441666666666675
2022-01-28 01:00:00,8.806666666666667
2022-01-28 02:00:00,10.045833333333333
2022-01-28 03:00:00,10.68
2022-01-28 04:00:00,10.528333333333334
2022-01-28 05:00:00,10.4125
2022-01-28 06:00:00,10.718333333333334
2022-01-28 07:00:00,10.885833333333332
2022-01-28 08:00:00,11.106666666666667
2022-01-28 09:00:00,10.999166666666667
2022-01-28 10:00:00,11.246666666666668
2022-01-28 11:00:00,11.538333333333334
2022-01-28 12:00:00,12.018333333333333
2022-01-28 13:00:00,12.208333333333334
2022-01-28 14:00:00,12.188333333333333
2022-01-28 15:00:00,11.914166666666667
2022-01-28 16:00:00,12.215833333333334
2022-01-28 17:00:00,12.645000000000001
2022-01-28 18:00:00,13.219166666666666
2022-01-28 19:00:00,13.396666666666667
2022-01-28 20:00:00,13.375
2022-01-28 21:00:00,13.055
2022-01-28 22:00:00,12.493333333333332
2022-01-28 23:00:00,13.078333333333333
2022-01-29 00:00:00,14.636666666666668
2022-01-29 01:00:00,15.564166666666667
2022-01-29 02:00:00,15.271666666666667
2022-01-29 03:00:00,14.571666666666667
2022-01-29 04:00:00,14.3275
2022-01-29 05:00:00,14.285833333333334
2022-01-29 06:00:00,14.3775
2022-01-29 07:00:00,15.5475
2022-01-29 08:00:00,16.31
2022-01-29 09:00:00,16.195
2022-01-29 10:00:00,16.26666666666667
2022-01-29 11:00:00,16.0825
2022-01-29 12:00:00,15.125833333333333
2022-01-29 13:00:00,14.501666666666667
2022-01-29 14:00:00,13.415833333333333
2022-01-29 15:00:00,13.769166666666669
2022-01-29 16:00:00,14.594999999999999
2022-01-29 17:00:00,14.955
2022-01-29 18:00:00,14.731666666666667
2022-01-29 19:00:00,14.641666666666666
2022-01-29 20:00:00,14.5375
2022-01-29 21:00:00,13.887500000000001
2022-01-29 22:00:00,14.06
2022-01-29 23:00:00,13.818333333333333
2022-01-30 00:00:00,13.250833333333333
2022-01-30 01:00:00,13.119166666666667
2022-01-30 02:00:00,12.685
2022-01-30 03:00:00,12.512500000000001
2022-01-30 04:00:00,12.678333333333333
2022-01-30 05:00:00,12.361666666666666
2022-01-30 06:00:00,11.229166666666666
2022-01-30 07:00:00,10.271666666666667
2022-01-30 08:00:00,9.56
2022-01-30 09:00:00,9.120833333333334
2022-01-30 10:00:00,9.463333333333333
2022-01-30 11:00:00,9.7325
2022-01-30 12:00:00,9.59
2022-01-30 13:00:00,8.743333333333334
2022-01-30 14:00:00,8.272499999999999
2022-01-30 15:00:00,8.330833333333333
2022-01-30 16:00:00,8.286666666666667
2022-01-30 17:00:00,8.020833333333334
2022-01-30 18:00:00,7.843333333333333
2022-01-30 19:00:00,7.839166666666666
2022-01-30 20:00:00,7.761666666666667
2022-01-30 21:00:00,7.7525
2022-01-30 22:00:00,7.84
2022-01-30 23:00:00,7.760833333333334
2022-01-31 00:00:00,7.615833333333334
2022-01-31 01:00:00,7.4750000000000005
2022-01-31 02:00:00,7.376666666666666
2022-01-31 03:00:00,7.370833333333334
2022-01-31 04:00:00,7.4366666666666665
2022-01-31 05:00:00,7.538333333333333
2022-01-31 06:00:00,7.5249999999999995
2022-01-31 07:00:00,7.408333333333334
2022-01-31 08:00:00,8.2825
2022-01-31 09:00:00,4.4366666666666665
2022-01-31 10:00:00,3.7016666666666667
2022-01-31 11:00:00,3.705833333333333
2022-01-31 12:00:00,3.6966666666666668
2022-01-31 13:00:00,3.6758333333333333
2022-01-31 14:00:00,3.9233333333333333
2022-01-31 15:00:00,3.9791666666666665
2022-01-31 16:00:00,3.8966666666666665
2022-01-31 17:00:00,3.8649999999999998
2022-01-31 18:00:00,3.9825
2022-01-31 19:00:00,4.0008333333333335
2022-01-31 20:00:00,3.8816666666666664
2022-01-31 21:00:00,3.8775
2022-01-31 22:00:00,3.7550000000000003
2022-01-31 23:00:00,3.595833333333333
2022-02-01 00:00:00,3.5700000000000003
2022-02-01 01:00:00,3.65
2022-02-01 02:00:00,3.3833333333333333
2022-02-01 03:00:00,1.7825
2022-02-01 04:00:00,1.3808333333333334
2022-02-01 05:00:00,1.36
2022-02-01 06:00:00,1.3691666666666666
2022-02-01 07:00:00,1.3491666666666668
2022-02-01 08:00:00,1.32
2022-02-01 09:00:00,1.3175
2022-02-01 10:00:00,1.4683333333333335
2022-02-01 11:00:00,1.4933333333333334
2022-02-01 12:00:00,13.368333333333334
2022-02-01 13:00:00,3.3049999999999997
2022-02-01 14:00:00,5.039166666666667
2022-02-01 15:00:00,2.379166666666667
2022-02-01 16:00:00,3.7791666666666663
2022-02-01 17:00:00,3.749166666666666
2022-02-01 18:00:00,3.9233333333333333
2022-02-01 19:00:00,3.6474999999999995
2022-02-01 20:00:00,3.6291666666666664
2022-02-01 21:00:00,3.686666666666667
2022-02-01 22:00:00,3.9216666666666664
2022-02-01 23:00:00,4.233333333333333
2022-02-02 00:00:00,4.22
2022-02-02 01:00:00,4.324166666666667
2022-02-02 02:00:00,4.368333333333333
2022-02-02 03:00:00,4.298333333333333
2022-02-02 04:00:00,4.433333333333334
2022-02-02 05:00:00,4.411666666666666
2022-02-02 06:00:00,4.270833333333333
2022-02-02 07:00:00,4.380833333333333
2022-02-02 08:00:00,4.740833333333334
2022-02-02 09:00:00,4.793333333333334
2022-02-02 10:00:00,4.885833333333333
2022-02-02 11:00:00,4.701666666666667
2022-02-02 12:00:00,4.6725
2022-02-02 13:00:00,4.880833333333333
2022-02-02 14:00:00,4.8133333333333335
2022-02-02 15:00:00,4.680833333333333
2022-02-02 16:00:00,4.331666666666667
2022-02-02 17:00:00,4.245833333333334
2022-02-02 18:00:00,4.069166666666667
2022-02-02 19:00:00,3.920833333333333
2022-02-02 20:00:00,3.8708333333333336
2022-02-02 21:00:00,3.9633333333333334
2022-02-02 22:00:00,4.33
2022-02-02 23:00:00,4.8475
2022-02-03 00:00:00,5.415833333333333
2022-02-03 01:00:00,5.836666666666667
2022-02-03 02:00:00,5.4799999999999995
2022-02-03 03:00:00,5.305000000000001
2022-02-03 04:00:00,5.1425
2022-02-03 05:00:00,5.230833333333333
2022-02-03 06:00:00,5.735833333333333
2022-02-03 07:00:00,5.990833333333334
2022-02-03 08:00:00,5.8691666666666675
2022-02-03 09:00:00,5.454166666666667
2022-02-03 10:00:00,5.4775
2022-02-03 11:00:00,5.663333333333333
2022-02-03 12:00:00,5.575
2022-02-03 13:00:00,5.525833333333334
2022-02-03 14:00:00,5.7
2022-02-03 15:00:00,6.014166666666667
2022-02-03 16:00:00,6.44
2022-02-03 17:00:00,6.704166666666667
2022-02-03 18:00:00,6.3775
2022-02-03 19:00:00,5.976666666666667
2022-02-03 20:00:00,5.555
2022-02-03 21:00:00,5.510833333333333
2022-02-03 22:00:00,5.430833333333333
2022-02-03 23:00:00,6.140833333333333
2022-02-04 00:00:00,6.464166666666666
2022-02-04 01:00:00,7.689166666666666
2022-02-04 02:00:00,7.8125
2022-02-04 03:00:00,7.8975
2022-02-04 04:00:00,7.776666666666666
2022-02-04 05:00:00,7.614166666666667
2022-02-04 06:00:00,7.6433333333333335
2022-02-04 07:00:00,7.829999999999999
2022-02-04 08:00:00,8.005
2022-02-04 09:00:00,8.0525
2022-02-04 10:00:00,7.573333333333333
2022-02-04 11:00:00,7.890000000000001
2022-02-04 12:00:00,7.62
2022-02-04 13:00:00,7.521666666666667
2022-02-04 14:00:00,7.9191666666666665
2022-02-04 15:00:00,7.603333333333334
2022-02-04 16:00:00,7.2425
2022-02-04 17:00:00,6.946666666666666
2022-02-04 18:00:00,6.5808333333333335
2022-02-04 19:00:00,6.155833333333334
2022-02-04 20:00:00,5.953333333333333
2022-02-04 21:00:00,5.8675
2022-02-04 22:00:00,5.840833333333333
2022-02-04 23:00:00,6.184166666666666
2022-02-05 00:00:00,5.3500000000000005
2022-02-05 01:00:00,5.1883333333333335
2022-02-05 02:00:00,5.216666666666667
2022-02-05 03:00:00,5.680833333333333
2022-02-05 04:00:00,5.863333333333333
2022-02-05 05:00:00,6.039166666666667
2022-02-05 06:00:00,5.935833333333334
2022-02-05 07:00:00,5.8999999999999995
2022-02-05 08:00:00,5.930833333333333
2022-02-05 09:00:00,5.6816666666666675
2022-02-05 10:00:00,5.834166666666667
2022-02-05 11:00:00,5.854166666666667
2022-02-05 12:00:00,5.489166666666667
2022-02-05 13:00:00,5.613333333333333
2022-02-05 14:00:00,5.8425
2022-02-05 15:00:00,5.7975
2022-02-05 16:00:00,5.861666666666667
2022-02-05 17:00:00,5.908333333333332
2022-02-05 18:00:00,5.900833333333334
2022-02-05 19:00:00,5.6525
2022-02-05 20:00:00,5.769166666666667
2022-02-05 21:00:00,6.009166666666666
2022-02-05 22:00:00,6.2275
2022-02-05 23:00:00,6.6525
2022-02-06 00:00:00,6.039999999999999
2022-02-06 01:00:00,5.925833333333333
2022-02-06 02:00:00,5.97
2022-02-06 03:00:00,5.938333333333333
2022-02-06 04:00:00,6.040833333333333
2022-02-06 05:00:00,6.888333333333333
2022-02-06 06:00:00,7.189166666666666
2022-02-06 07:00:00,6.799166666666667
2022-02-06 08:00:00,6.6375
2022-02-06 09:00:00,6.604166666666667
2022-02-06 10:00:00,5.05
2022-02-06 11:00:00,2.776666666666667
2022-02-06 12:00:00,2.6091666666666664
2022-02-06 13:00:00,2.5791666666666666
2022-02-06 14:00:00,2.6916666666666664
2022-02-06 15:00:00,2.939166666666667
2022-02-06 16:00:00,3.6300000000000003
2022-02-06 17:00:00,3.9358333333333335
2022-02-06 18:00:00,4.0633333333333335
2022-02-06 19:00:00,4.325
2022-02-06 20:00:00,5.031666666666667
2022-02-06 21:00:00,5.3675
2022-02-06 22:00:00,5.385000000000001
2022-02-06 23:00:00,5.5058333333333325
2022-02-07 00:00:00,5.645833333333333
2022-02-07 01:00:00,18.56
2022-02-07 02:00:00,25.254166666666666
2022-02-07 03:00:00,11.470833333333333
2022-02-07 04:00:00,8.2475
2022-02-07 05:00:00,9.265833333333333
2022-02-07 06:00:00,10.805833333333332
2022-02-07 07:00:00,11.758333333333333
2022-02-07 08:00:00,12.3825
2022-02-07 09:00:00,12.674999999999999
2022-02-07 10:00:00,12.284166666666666
2022-02-07 11:00:00,11.799166666666666
2022-02-07 12:00:00,11.910833333333334
2022-02-07 13:00:00,12.370833333333332
2022-02-07 14:00:00,12.112499999999999
2022-02-07 15:00:00,12.210833333333333
2022-02-07 16:00:00,12.144166666666665
2022-02-07 17:00:00,12.0575
2022-02-07 18:00:00,12.201666666666668
2022-02-07 19:00:00,12.705
2022-02-07 20:00:00,12.885833333333332
2022-02-07 21:00:00,12.423333333333332
2022-02-07 22:00:00,12.206666666666665
2022-02-07 23:00:00,12.904166666666667
2022-02-08 00:00:00,12.200000000000001
2022-02-08 01:00:00,12.563333333333333
2022-02-08 02:00:00,12.538333333333334
2022-02-08 03:00:00,12.487499999999999
2022-02-08 04:00:00,11.706666666666665
2022-02-08 05:00:00,11.903333333333334
2022-02-08 06:00:00,12.954166666666666
2022-02-08 07:00:00,12.88
2022-02-08 08:00:00,12.530000000000001
2022-02-08 09:00:00,11.8125
2022-02-08 10:00:00,11.704166666666666
2022-02-08 11:00:00,12.928333333333333
2022-02-08 12:00:00,11.839166666666666
2022-02-08 13:00:00,12.291666666666666
2022-02-08 14:00:00,12.5225
2022-02-08 15:00:00,12.426666666666668
2022-02-08 16:00:00,12.61
2022-02-08 17:00:00,12.233333333333334
2022-02-08 18:00:00,12.38
2022-02-08 19:00:00,11.998333333333333
2022-02-08 20:00:00,11.316666666666665
2022-02-08 21:00:00,11.7675
2022-02-08 22:00:00,12.274166666666666
2022-02-08 23:00:00,13.1975
2022-02-09 00:00:00,12.459166666666667
2022-02-09 01:00:00,12.245833333333332
2022-02-09 02:00:00,11.6575
2022-02-09 03:00:00,11.774166666666666
2022-02-09 04:00:00,12.405000000000001
2022-02-09 05:00:00,13.124166666666667
2022-02-09 06:00:00,13.700833333333334
2022-02-09 07:00:00,13.655000000000001
2022-02-09 08:00:00,13.411666666666667
2022-02-09 09:00:00,13.274166666666666
2022-02-09 10:00:00,13.015833333333333
2022-02-09 11:00:00,12.7975
2022-02-09 12:00:00,12.85
2022-02-09 13:00:00,12.405000000000001
2022-02-09 14:00:00,12.333333333333334
2022-02-09 15:00:00,12.499166666666667
2022-02-09 16:00:00,13.011666666666665
2022-02-09 17:00:00,12.099166666666667
2022-02-09 18:00:00,11.461666666666666
2022-02-09 19:00:00,10.5375
2022-02-09 20:00:00,10.320833333333333
2022-02-09 21:00:00,10.1
2022-02-09 22:00:00,10.4675
2022-02-09 23:00:00,10.958333333333334
2022-02-10 00:00:00,10.5825
2022-02-10 01:00:00,10.330833333333333
2022-02-10 02:00:00,10.49
2022-02-10 03:00:00,11.219166666666666
2022-02-10 04:00:00,11.423333333333334
2022-02-10 05:00:00,11.359166666666667
2022-02-10 06:00:00,11.3925
2022-02-10 07:00:00,11.9625
2022-02-10 08:00:00,12.933333333333332
2022-02-10 09:00:00,13.137500000000001
2022-02-10 10:00:00,13.2675
2022-02-10 11:00:00,13.200000000000001
2022-02-10 12:00:00,13.027500000000002
2022-02-10 13:00:00,13.003333333333332
2022-02-10 14:00:00,12.8675
2022-02-10 15:00:00,12.5575
2022-02-10 16:00:00,12.606666666666667
2022-02-10 17:00:00,14.792499999999999
2022-02-10 18:00:00,15.025
2022-02-10 19:00:00,14.6225
2022-02-10 20:00:00,14.391666666666666
2022-02-10 21:00:00,14.049999999999999
2022-02-10 22:00:00,14.073333333333332
2022-02-10 23:00:00,13.679166666666667
2022-02-11 00:00:00,12.969166666666666
2022-02-11 01:00:00,12.430833333333332
2022-02-11 02:00:00,11.976666666666667
2022-02-11 03:00:00,11.781666666666666
2022-02-11 04:00:00,11.706666666666665
2022-02-11 05:00:00,11.9925
2022-02-11 06:00:00,12.698333333333332
2022-02-11 07:00:00,12.385833333333332
2022-02-11 08:00:00,11.628333333333332
2022-02-11 09:00:00,12.415
2022-02-11 10:00:00,9.4725
2022-02-11 11:00:00,6.5225
2022-02-11 12:00:00,5.8566666666666665
2022-02-11 13:00:00,5.5375000000000005
2022-02-11 14:00:00,5.415
2022-02-11 15:00:00,5.345833333333334
2022-02-11 16:00:00,5.506666666666667
2022-02-11 17:00:00,5.610833333333333
2022-02-11 18:00:00,5.8125
2022-02-11 19:00:00,5.569166666666667
2022-02-11 20:00:00,5.57
2022-02-11 21:00:00,5.780833333333334
2022-02-11 22:00:00,6.055
2022-02-11 23:00:00,6.149166666666667
2022-02-12 00:00:00,5.648333333333333
2022-02-12 01:00:00,5.2683333333333335
2022-02-12 02:00:00,5.113333333333333
2022-02-12 03:00:00,5.319999999999999
2022-02-12 04:00:00,5.439166666666666
2022-02-12 05:00:00,5.545000000000001
2022-02-12 06:00:00,5.3691666666666675
2022-02-12 07:00:00,5.236666666666667
2022-02-12 08:00:00,5.100833333333333
2022-02-12 09:00:00,5.098333333333334
2022-02-12 10:00:00,5.194166666666667
2022-02-12 11:00:00,5.4433333333333325
2022-02-12 12:00:00,5.339166666666667
2022-02-12 13:00:00,5.428333333333334
2022-02-12 14:00:00,5.600833333333334
2022-02-12 15:00:00,5.659166666666667
2022-02-12 16:00:00,5.7975
2022-02-12 17:00:00,5.809166666666667
2022-02-12 18:00:00,6.036666666666666
2022-02-12 19:00:00,5.816666666666666
2022-02-12 20:00:00,5.470833333333334
2022-02-12 21:00:00,5.71
2022-02-12 22:00:00,5.6675
2022-02-12 23:00:00,5.794999999999999
2022-02-13 00:00:00,5.495
2022-02-13 01:00:00,5.075
2022-02-13 02:00:00,4.933333333333334
2022-02-13 03:00:00,5.009166666666666
2022-02-13 04:00:00,5.139166666666667
2022-02-13 05:00:00,5.2491666666666665
2022-02-13 06:00:00,4.845
2022-02-13 07:00:00,4.471666666666667
2022-02-13 08:00:00,4.2683333333333335
2022-02-13 09:00:00,4.198333333333333
2022-02-13 10:00:00,4.121666666666667
2022-02-13 11:00:00,4.198333333333333
2022-02-13 12:00:00,4.571666666666666
2022-02-13 13:00:00,7.303333333333334
2022-02-13 14:00:00,11.034999999999998
2022-02-13 15:00:00,11.025
2022-02-13 16:00:00,11.3375
2022-02-13 17:00:00,11.4375
2022-02-13 18:00:00,10.459166666666667
2022-02-13 19:00:00,10.665833333333333
2022-02-13 20:00:00,10.503333333333332
2022-02-13 21:00:00,10.709166666666667
2022-02-13 22:00:00,10.397499999999999
2022-02-13 23:00:00,10.33
2022-02-14 00:00:00,10.026666666666667
2022-02-14 01:00:00,9.781666666666666
2022-02-14 02:00:00,9.699166666666667
2022-02-14 03:00:00,9.865
2022-02-14 04:00:00,10.020000000000001
2022-02-14 05:00:00,10.18
2022-02-14 06:00:00,10.338333333333333
2022-02-14 07:00:00,10.361666666666666
2022-02-14 08:00:00,10.709166666666667
2022-02-14 09:00:00,10.436666666666667
2022-02-14 10:00:00,10.495
2022-02-14 11:00:00,9.960833333333333
2022-02-14 12:00:00,9.805
2022-02-14 13:00:00,9.768333333333333
2022-02-14 14:00:00,9.665000000000001
2022-02-14 15:00:00,9.901666666666667
2022-02-14 16:00:00,10.664166666666667
2022-02-14 17:00:00,10.185
2022-02-14 18:00:00,10.139166666666666
2022-02-14 19:00:00,9.5025
2022-02-14 20:00:00,9.536666666666667
2022-02-14 21:00:00,9.348333333333334
2022-02-14 22:00:00,9.673333333333334
2022-02-14 23:00:00,10.896666666666667
2022-02-15 00:00:00,10.841666666666667
2022-02-15 01:00:00,10.773333333333333
2022-02-15 02:00:00,11.196666666666665
2022-02-15 03:00:00,11.6875
2022-02-15 04:00:00,12.146666666666667
2022-02-15 05:00:00,12.763333333333334
2022-02-15 06:00:00,12.948333333333332
2022-02-15 07:00:00,13.255833333333333
2022-02-15 08:00:00,13.637500000000001
2022-02-15 09:00:00,13.459166666666667
2022-02-15 10:00:00,12.4425
2022-02-15 11:00:00,12.417499999999999
2022-02-15 12:00:00,11.487499999999999
2022-02-15 13:00:00,11.727500000000001
2022-02-15 14:00:00,11.564166666666667
2022-02-15 15:00:00,11.85
2022-02-15 16:00:00,13.319166666666668
2022-02-15 17:00:00,14.473333333333334
2022-02-15 18:00:00,14.51
2022-02-15 19:00:00,13.295
2022-02-15 20:00:00,11.661666666666667
2022-02-15 21:00:00,10.665833333333333
2022-02-15 22:00:00,10.8825
2022-02-15 23:00:00,11.639166666666666
2022-02-16 00:00:00,11.861666666666666
2022-02-16 01:00:00,12.434166666666668
2022-02-16 02:00:00,11.985833333333334
2022-02-16 03:00:00,12.234166666666667
2022-02-16 04:00:00,12.8375
2022-02-16 05:00:00,12.924166666666666
2022-02-16 06:00:00,13.374166666666667
2022-02-16 07:00:00,14.7575
2022-02-16 08:00:00,15.913333333333334
2022-02-16 09:00:00,15.9225
2022-02-16 10:00:00,15.531666666666666
2022-02-16 11:00:00,14.539166666666667
2022-02-16 12:00:00,13.635833333333332
2022-02-16 13:00:00,13.426666666666668
2022-02-16 14:00:00,12.980833333333335
2022-02-16 15:00:00,12.285833333333334
2022-02-16 16:00:00,12.163333333333334
2022-02-16 17:00:00,12.963333333333333
2022-02-16 18:00:00,13.145833333333334
2022-02-16 19:00:00,12.378333333333332
2022-02-16 20:00:00,12.145833333333334
2022-02-16 21:00:00,11.413333333333334
2022-02-16 22:00:00,12.185833333333333
2022-02-16 23:00:00,12.979166666666666
2022-02-17 00:00:00,11.905833333333334
2022-02-17 01:00:00,11.125
2022-02-17 02:00:00,10.173333333333334
2022-02-17 03:00:00,9.585833333333333
2022-02-17 04:00:00,9.9275
2022-02-17 05:00:00,10.399166666666666
2022-02-17 06:00:00,10.792499999999999
2022-02-17 07:00:00,12.171666666666667
2022-02-17 08:00:00,12.205833333333333
2022-02-17 09:00:00,11.635833333333332
2022-02-17 10:00:00,11.269166666666665
2022-02-17 11:00:00,11.348333333333334
2022-02-17 12:00:00,11.3275
2022-02-17 13:00:00,11.260833333333332
2022-02-17 14:00:00,11.294166666666667
2022-02-17 15:00:00,11.777499999999998
2022-02-17 16:00:00,12.950833333333334
2022-02-17 17:00:00,12.546666666666667
2022-02-17 18:00:00,12.910833333333334
2022-02-17 19:00:00,12.686666666666667
2022-02-17 20:00:00,11.856666666666667
2022-02-17 21:00:00,11.11
2022-02-17 22:00:00,10.171666666666667
2022-02-17 23:00:00,9.974166666666667
2022-02-18 00:00:00,10.3125
2022-02-18 01:00:00,11.265833333333333
2022-02-18 02:00:00,12.043333333333335
2022-02-18 03:00:00,12.848333333333334
2022-02-18 04:00:00,12.649166666666668
2022-02-18 05:00:00,11.674166666666666
2022-02-18 06:00:00,11.301666666666668
2022-02-18 07:00:00,12.254166666666668
2022-02-18 08:00:00,11.948333333333332
2022-02-18 09:00:00,11.326666666666666
2022-02-18 10:00:00,12.3175
2022-02-18 11:00:00,13.106666666666667
2022-02-18 12:00:00,12.768333333333333
2022-02-18 13:00:00,12.161666666666667
2022-02-18 14:00:00,12.1425
2022-02-18 15:00:00,12.0875
2022-02-18 16:00:00,12.529166666666667
2022-02-18 17:00:00,11.8975
2022-02-18 18:00:00,11.765
2022-02-18 19:00:00,11.734166666666667
2022-02-18 20:00:00,11.049166666666666
2022-02-18 21:00:00,9.815
2022-02-18 22:00:00,9.839166666666666
2022-02-18 23:00:00,9.573333333333332
2022-02-19 00:00:00,8.3575
2022-02-19 01:00:00,7.2475
2022-02-19 02:00:00,6.995833333333334
2022-02-19 03:00:00,6.8175
2022-02-19 04:00:00,6.826666666666667
2022-02-19 05:00:00,7.054166666666667
2022-02-19 06:00:00,7.4125000000000005
2022-02-19 07:00:00,7.963333333333334
2022-02-19 08:00:00,8.691666666666666
2022-02-19 09:00:00,9.0125
2022-02-19 10:00:00,9.136666666666667
2022-02-19 11:00:00,9.213333333333333
2022-02-19 12:00:00,9.335833333333333
2022-02-19 13:00:00,10.126666666666667
2022-02-19 14:00:00,10.598333333333334
2022-02-19 15:00:00,10.352500000000001
2022-02-19 16:00:00,10.8425
2022-02-19 17:00:00,11.159166666666666
2022-02-19 18:00:00,10.933333333333332
2022-02-19 19:00:00,10.055
2022-02-19 20:00:00,9.499166666666666
2022-02-19 21:00:00,9.522499999999999
2022-02-19 22:00:00,9.808333333333334
2022-02-19 23:00:00,10.711666666666666
2022-02-20 00:00:00,10.820833333333333
2022-02-20 01:00:00,10.879166666666668
2022-02-20 02:00:00,11.085
2022-02-20 03:00:00,10.914166666666667
2022-02-20 04:00:00,10.616666666666667
2022-02-20 05:00:00,10.386666666666667
2022-02-20 06:00:00,10.335833333333333
2022-02-20 07:00:00,10.308333333333334
2022-02-20 08:00:00,6.794999999999999
2022-02-20 09:00:00,6.704166666666666
2022-02-20 10:00:00,5.3475
2022-02-20 11:00:00,3.6466666666666665
2022-02-20 12:00:00,3.0366666666666666
2022-02-20 13:00:00,3.1725
2022-02-20 14:00:00,3.2258333333333336
2022-02-20 15:00:00,2.998333333333333
2022-02-20 16:00:00,2.936666666666667
2022-02-20 17:00:00,3.3808333333333334
2022-02-20 18:00:00,3.4875000000000003
2022-02-20 19:00:00,3.4166666666666665
2022-02-20 20:00:00,3.3091666666666666
2022-02-20 21:00:00,3.1125000000000003
2022-02-20 22:00:00,2.9466666666666668
2022-02-20 23:00:00,3.0925
2022-02-21 00:00:00,2.831666666666667
2022-02-21 01:00:00,2.7550000000000003
2022-02-21 02:00:00,2.6966666666666668
2022-02-21 03:00:00,2.6191666666666666
2022-02-21 04:00:00,2.5008333333333335
2022-02-21 05:00:00,2.46
2022-02-21 06:00:00,2.58
2022-02-21 07:00:00,2.473333333333333
2022-02-21 08:00:00,2.529166666666667
2022-02-21 09:00:00,2.5966666666666667
2022-02-21 10:00:00,2.7783333333333338
2022-02-21 11:00:00,2.8441666666666663
2022-02-21 12:00:00,2.776666666666667
2022-02-21 13:00:00,2.734166666666667
2022-02-21 14:00:00,2.7475
2022-02-21 15:00:00,2.7616666666666667
2022-02-21 16:00:00,3.0833333333333335
2022-02-21 17:00:00,3.3866666666666667
2022-02-21 18:00:00,3.5325
2022-02-21 19:00:00,3.429166666666667
2022-02-21 20:00:00,3.2775
2022-02-21 21:00:00,2.97
2022-02-21 22:00:00,3.0925
2022-02-21 23:00:00,3.1783333333333332
2022-02-22 00:00:00,3.2183333333333333
2022-02-22 01:00:00,3.6425
2022-02-22 02:00:00,4.064166666666667
2022-02-22 03:00:00,4.3025
2022-02-22 04:00:00,4.3308333333333335
2022-02-22 05:00:00,4.316666666666666
2022-02-22 06:00:00,4.335833333333333
2022-02-22 07:00:00,4.488333333333333
2022-02-22 08:00:00,4.439166666666666
2022-02-22 09:00:00,4.3525
2022-02-22 10:00:00,4.315
2022-02-22 11:00:00,4.232500000000001
2022-02-22 12:00:00,4.435
2022-02-22 13:00:00,4.494166666666667
2022-02-22 14:00:00,4.475833333333333
2022-02-22 15:00:00,4.373333333333333
2022-02-22 16:00:00,4.569999999999999
2022-02-22 17:00:00,4.439166666666666
2022-02-22 18:00:00,4.415833333333333
2022-02-22 19:00:00,4.2975
2022-02-22 20:00:00,4.3549999999999995
2022-02-22 21:00:00,4.513333333333333
2022-02-22 22:00:00,4.47
2022-02-22 23:00:00,4.353333333333333
2022-02-23 00:00:00,4.364166666666667
2022-02-23 01:00:00,4.1499999999999995
2022-02-23 02:00:00,4.0841666666666665
2022-02-23 03:00:00,3.9416666666666664
2022-02-23 04:00:00,3.6991666666666667
2022-02-23 05:00:00,3.4825
2022-02-23 06:00:00,3.4675
2022-02-23 07:00:00,3.4574999999999996
2022-02-23 08:00:00,3.5091666666666668
2022-02-23 09:00:00,3.5925
2022-02-23 10:00:00,3.6174999999999997
2022-02-23 11:00:00,3.6166666666666667
2022-02-23 12:00:00,3.420833333333333
2022-02-23 13:00:00,3.465
2022-02-23 14:00:00,3.4616666666666664
2022-02-23 15:00:00,3.4499999999999997
2022-02-23 16:00:00,3.521666666666667
2022-02-23 17:00:00,3.35
2022-02-23 18:00:00,3.390833333333333
2022-02-23 19:00:00,3.2975
2022-02-23 20:00:00,3.3850000000000002
2022-02-23 21:00:00,3.591666666666667
2022-02-23 22:00:00,4.2299999999999995
2022-02-23 23:00:00,4.641666666666667
2022-02-24 00:00:00,4.381666666666667
2022-02-24 01:00:00,3.910833333333333
2022-02-24 02:00:00,3.4258333333333333
2022-02-24 03:00:00,3.348333333333333
2022-02-24 04:00:00,3.2449999999999997
2022-02-24 05:00:00,3.328333333333333
2022-02-24 06:00:00,3.2624999999999997
2022-02-24 07:00:00,3.234166666666667
2022-02-24 08:00:00,3.436666666666667
2022-02-24 09:00:00,3.6658333333333335
2022-02-24 10:00:00,3.4616666666666664
2022-02-24 11:00:00,3.705833333333333
2022-02-24 12:00:00,3.646666666666667
2022-02-24 13:00:00,3.6191666666666666
2022-02-24 14:00:00,3.7075
2022-02-24 15:00:00,3.8066666666666666
2022-02-24 16:00:00,3.865
2022-02-24 17:00:00,3.999166666666667
2022-02-24 18:00:00,3.8266666666666667
2022-02-24 19:00:00,3.8066666666666666
2022-02-24 20:00:00,3.5708333333333333
2022-02-24 21:00:00,3.655
2022-02-24 22:00:00,3.609166666666667
2022-02-24 23:00:00,3.6016666666666666
2022-02-25 00:00:00,3.5666666666666664
2022-02-25 01:00:00,3.6799999999999997
2022-02-25 02:00:00,3.7133333333333334
2022-02-25 03:00:00,3.7016666666666667
2022-02-25 04:00:00,3.5733333333333337
2022-02-25 05:00:00,3.5641666666666665
2022-02-25 06:00:00,3.7283333333333335
2022-02-25 07:00:00,3.9274999999999998
2022-02-25 08:00:00,3.8441666666666667
2022-02-25 09:00:00,3.823333333333333
2022-02-25 10:00:00,3.845
2022-02-25 11:00:00,3.8791666666666664
2022-02-25 12:00:00,3.810833333333333
2022-02-25 13:00:00,3.9316666666666666
2022-02-25 14:00:00,3.7183333333333337
2022-02-25 15:00:00,3.606666666666667
2022-02-25 16:00:00,3.5675000000000003
2022-02-25 17:00:00,3.2641666666666667
2022-02-25 18:00:00,3.358333333333333
2022-02-25 19:00:00,3.6466666666666665
2022-02-25 20:00:00,3.765
2022-02-25 21:00:00,3.7558333333333334
2022-02-25 22:00:00,3.5675000000000003
2022-02-25 23:00:00,3.9008333333333334
2022-02-26 00:00:00,4.014166666666667
2022-02-26 01:00:00,3.9599999999999995
2022-02-26 02:00:00,3.8966666666666665
2022-02-26 03:00:00,3.7999999999999994
2022-02-26 04:00:00,3.6966666666666668
2022-02-26 05:00:00,3.705
2022-02-26 06:00:00,3.515
2022-02-26 07:00:00,3.500833333333333
2022-02-26 08:00:00,3.36
2022-02-26 09:00:00,2.91
2022-02-26 10:00:00,2.2525
2022-02-26 11:00:00,1.7983333333333331
2022-02-26 12:00:00,1.5916666666666668
2022-02-26 13:00:00,1.7
2022-02-26 14:00:00,1.7316666666666667
2022-02-26 15:00:00,1.7408333333333335
2022-02-26 16:00:00,1.7933333333333332
2022-02-26 17:00:00,1.8833333333333335
2022-02-26 18:00:00,1.8016666666666665
2022-02-26 19:00:00,1.675
2022-02-26 20:00:00,1.7391666666666667
2022-02-26 21:00:00,1.7850000000000001
2022-02-26 22:00:00,1.5558333333333334
2022-02-26 23:00:00,1.8833333333333335
2022-02-27 00:00:00,1.5908333333333333
2022-02-27 01:00:00,1.5658333333333332
2022-02-27 02:00:00,1.7066666666666668
2022-02-27 03:00:00,1.9483333333333333
2022-02-27 04:00:00,1.9941666666666666
2022-02-27 05:00:00,1.9833333333333334
2022-02-27 06:00:00,2.1325
2022-02-27 07:00:00,2.0524999999999998
2022-02-27 08:00:00,1.8391666666666666
2022-02-27 09:00:00,1.9458333333333335
2022-02-27 10:00:00,1.6991666666666667
2022-02-27 11:00:00,1.6575
2022-02-27 12:00:00,1.32
2022-02-27 13:00:00,2.6333333333333333
2022-02-27 14:00:00,0.9708333333333333
2022-02-27 15:00:00,1.0625
2022-02-27 16:00:00,1.3708333333333333
2022-02-27 17:00:00,1.8175
2022-02-27 18:00:00,2.0475
2022-02-27 19:00:00,2.1958333333333333
2022-02-27 20:00:00,2.1591666666666667
2022-02-27 21:00:00,2.5641666666666665
2022-02-27 22:00:00,3.295
2022-02-27 23:00:00,3.715
2022-02-28 00:00:00,5.876666666666666
2022-02-28 01:00:00,7.030833333333334
2022-02-28 02:00:00,6.9175
2022-02-28 03:00:00,6.719166666666666
2022-02-28 04:00:00,7.223333333333334
2022-02-28 05:00:00,7.389166666666667
2022-02-28 06:00:00,7.266666666666667
2022-02-28 07:00:00,7.198333333333333
2022-02-28 08:00:00,7.36
2022-02-28 09:00:00,6.829166666666667
2022-02-28 10:00:00,6.635000000000001
2022-02-28 11:00:00,6.535833333333334
2022-02-28 12:00:00,6.3691666666666675
2022-02-28 13:00:00,6.62
2022-02-28 14:00:00,6.673333333333333
2022-02-28 15:00:00,6.5325
2022-02-28 16:00:00,6.579999999999999
2022-02-28 17:00:00,6.96
2022-02-28 18:00:00,7.439166666666666
2022-02-28 19:00:00,6.7441666666666675
2022-02-28 20:00:00,6.371666666666666
2022-02-28 21:00:00,6.089166666666666
2022-02-28 22:00:00,5.753333333333334
2022-02-28 23:00:00,5.978333333333333
2022-03-01 00:00:00,5.2283333333333335
2022-03-01 01:00:00,5.340833333333333
2022-03-01 02:00:00,6.3425
2022-03-01 03:00:00,6.506666666666667
2022-03-01 04:00:00,5.888333333333333
2022-03-01 05:00:00,5.647500000000001
2022-03-01 06:00:00,5.433333333333334
2022-03-01 07:00:00,5.668333333333333
2022-03-01 08:00:00,5.540833333333333
2022-03-01 09:00:00,5.5275
2022-03-01 10:00:00,5.9991666666666665
2022-03-01 11:00:00,6.285833333333333
2022-03-01 12:00:00,6.3116666666666665
2022-03-01 13:00:00,6.1308333333333325
2022-03-01 14:00:00,5.999166666666667
2022-03-01 15:00:00,6.4725
2022-03-01 16:00:00,5.954166666666667
2022-03-01 17:00:00,5.774166666666667
2022-03-01 18:00:00,5.7225
2022-03-01 19:00:00,5.939166666666666
2022-03-01 20:00:00,6.585
2022-03-01 21:00:00,6.96
2022-03-01 22:00:00,7.361666666666667
2022-03-01 23:00:00,7.3275
2022-03-02 00:00:00,7.503333333333333
2022-03-02 01:00:00,7.655
2022-03-02 02:00:00,7.4925
2022-03-02 03:00:00,7.733333333333333
2022-03-02 04:00:00,8.015833333333333
2022-03-02 05:00:00,8.055833333333334
2022-03-02 06:00:00,8.2875
2022-03-02 07:00:00,8.404166666666667
2022-03-02 08:00:00,8.6325
2022-03-02 09:00:00,8.501666666666667
2022-03-02 10:00:00,8.58
2022-03-02 11:00:00,8.231666666666667
2022-03-02 12:00:00,7.838333333333334
2022-03-02 13:00:00,7.405
2022-03-02 14:00:00,6.9433333333333325
2022-03-02 15:00:00,7.025833333333334
2022-03-02 16:00:00,7.410833333333333
2022-03-02 17:00:00,7.210833333333333
2022-03-02 18:00:00,7.814166666666666
2022-03-02 19:00:00,8.004166666666666
2022-03-02 20:00:00,7.468333333333334
2022-03-02 21:00:00,6.7491666666666665
2022-03-02 22:00:00,6.010000000000001
2022-03-02 23:00:00,5.673333333333333
2022-03-03 00:00:00,5.5825
2022-03-03 01:00:00,5.535833333333334
2022-03-03 02:00:00,5.43
2022-03-03 03:00:00,5.3999999999999995
2022-03-03 04:00:00,5.424166666666667
2022-03-03 05:00:00,5.4175
2022-03-03 06:00:00,5.745
2022-03-03 07:00:00,5.6933333333333325
2022-03-03 08:00:00,5.796666666666667
2022-03-03 09:00:00,6.7250000000000005
2022-03-03 10:00:00,6.894166666666667
2022-03-03 11:00:00,6.720833333333334
2022-03-03 12:00:00,6.4675
2022-03-03 13:00:00,6.200833333333333
2022-03-03 14:00:00,6.454166666666667
2022-03-03 15:00:00,6.074166666666667
2022-03-03 16:00:00,4.975833333333333
2022-03-03 17:00:00,5.088333333333334
2022-03-03 18:00:00,5.090833333333333
2022-03-03 19:00:00,4.9675
2022-03-03 20:00:00,5.2924999999999995
2022-03-03 21:00:00,5.5225
2022-03-03 22:00:00,5.785
2022-03-03 23:00:00,6.574166666666667
2022-03-04 00:00:00,6.3808333333333325
2022-03-04 01:00:00,5.723333333333333
2022-03-04 02:00:00,5.905833333333334
2022-03-04 03:00:00,6.335833333333333
2022-03-04 04:00:00,6.3758333333333335
2022-03-04 05:00:00,6.261666666666667
2022-03-04 06:00:00,6.219166666666666
2022-03-04 07:00:00,6.680833333333333
2022-03-04 08:00:00,7.413333333333333
2022-03-04 09:00:00,7.910833333333334
2022-03-04 10:00:00,8.1425
2022-03-04 11:00:00,7.43
2022-03-04 12:00:00,7.558333333333334
2022-03-04 13:00:00,7.44
2022-03-04 14:00:00,7.6525
2022-03-04 15:00:00,8.229166666666666
2022-03-04 16:00:00,7.767499999999999
2022-03-04 17:00:00,7.373333333333334
2022-03-04 18:00:00,7.948333333333333
2022-03-04 19:00:00,8.393333333333333
2022-03-04 20:00:00,8.18
2022-03-04 21:00:00,7.896666666666667
2022-03-04 22:00:00,6.598333333333334
2022-03-04 23:00:00,5.588333333333334
2022-03-05 00:00:00,3.5058333333333334
2022-03-05 01:00:00,2.845
2022-03-05 02:00:00,2.785833333333333
2022-03-05 03:00:00,2.8091666666666666
2022-03-05 04:00:00,2.7391666666666663
2022-03-05 05:00:00,2.705
2022-03-05 06:00:00,2.815
2022-03-05 07:00:00,2.9
2022-03-05 08:00:00,2.775
2022-03-05 09:00:00,2.8691666666666666
2022-03-05 10:00:00,3.0
2022-03-05 11:00:00,3.1108333333333333
2022-03-05 12:00:00,3.1916666666666664
2022-03-05 13:00:00,3.2675
2022-03-05 14:00:00,3.098333333333333
2022-03-05 15:00:00,2.7025
2022-03-05 16:00:00,2.5566666666666666
2022-03-05 17:00:00,3.0175
2022-03-05 18:00:00,3.1225
2022-03-05 19:00:00,3.0625
2022-03-05 20:00:00,2.8866666666666667
2022-03-05 21:00:00,2.8066666666666666
2022-03-05 22:00:00,2.7425
2022-03-05 23:00:00,2.749166666666667
2022-03-06 00:00:00,2.7016666666666667
2022-03-06 01:00:00,2.72
2022-03-06 02:00:00,2.7225
2022-03-06 03:00:00,2.7533333333333334
2022-03-06 04:00:00,2.825833333333333
2022-03-06 05:00:00,2.8991666666666664
2022-03-06 06:00:00,2.81
2022-03-06 07:00:00,2.8091666666666666
2022-03-06 08:00:00,2.785
2022-03-06 09:00:00,2.799166666666667
2022-03-06 10:00:00,2.9941666666666666
2022-03-06 11:00:00,2.7091666666666665
2022-03-06 12:00:00,2.1683333333333334
2022-03-06 13:00:00,1.9108333333333334
2022-03-06 14:00:00,1.7008333333333334
2022-03-06 15:00:00,3.4891666666666663
2022-03-06 16:00:00,3.4783333333333335
2022-03-06 17:00:00,3.626666666666667
2022-03-06 18:00:00,3.9075
2022-03-06 19:00:00,5.565833333333334
2022-03-06 20:00:00,3.6725
2022-03-06 21:00:00,4.828333333333334
2022-03-06 22:00:00,5.0525
2022-03-06 23:00:00,4.810833333333334
2022-03-07 00:00:00,5.238333333333333
2022-03-07 01:00:00,6.284166666666667
2022-03-07 02:00:00,6.739999999999999
2022-03-07 03:00:00,6.026666666666666
2022-03-07 04:00:00,4.7525
2022-03-07 05:00:00,4.2075000000000005
2022-03-07 06:00:00,4.139166666666667
2022-03-07 07:00:00,4.286666666666666
2022-03-07 08:00:00,4.4275
2022-03-07 09:00:00,4.570833333333334
2022-03-07 10:00:00,4.554166666666666
2022-03-07 11:00:00,4.486666666666666
2022-03-07 12:00:00,4.3116666666666665
2022-03-07 13:00:00,4.491666666666666
2022-03-07 14:00:00,5.364166666666667
2022-03-07 15:00:00,5.7275
2022-03-07 16:00:00,5.014166666666667
2022-03-07 17:00:00,5.215833333333333
2022-03-07 18:00:00,5.673333333333333
2022-03-07 19:00:00,5.97
2022-03-07 20:00:00,6.006666666666667
2022-03-07 21:00:00,6.088333333333334
2022-03-07 22:00:00,6.329166666666667
2022-03-07 23:00:00,6.286666666666666
2022-03-08 00:00:00,6.73
2022-03-08 01:00:00,6.925833333333333
2022-03-08 02:00:00,6.850833333333334
2022-03-08 03:00:00,7.161666666666666
2022-03-08 04:00:00,7.540833333333333
2022-03-08 05:00:00,7.678333333333334
2022-03-08 06:00:00,7.821666666666666
2022-03-08 07:00:00,8.324166666666667
2022-03-08 08:00:00,8.762500000000001
2022-03-08 09:00:00,9.1975
2022-03-08 10:00:00,9.828333333333333
2022-03-08 11:00:00,10.140833333333333
2022-03-08 12:00:00,10.509166666666667
2022-03-08 13:00:00,10.519166666666667
2022-03-08 14:00:00,10.870833333333332
2022-03-08 15:00:00,10.525833333333333
2022-03-08 16:00:00,9.789166666666667
2022-03-08 17:00:00,9.262500000000001
2022-03-08 18:00:00,8.977500000000001
2022-03-08 19:00:00,8.750833333333334
2022-03-08 20:00:00,8.935
2022-03-08 21:00:00,8.825833333333334
2022-03-08 22:00:00,8.824166666666667
2022-03-08 23:00:00,8.723333333333334
2022-03-09 00:00:00,8.560833333333333
2022-03-09 01:00:00,8.275833333333333
2022-03-09 02:00:00,8.190833333333332
2022-03-09 03:00:00,8.148333333333333
2022-03-09 04:00:00,9.102500000000001
2022-03-09 05:00:00,10.399166666666668
2022-03-09 06:00:00,11.027500000000002
2022-03-09 07:00:00,10.924166666666666
2022-03-09 08:00:00,11.3225
2022-03-09 09:00:00,10.434166666666668
2022-03-09 10:00:00,10.450833333333334
2022-03-09 11:00:00,11.279166666666667
2022-03-09 12:00:00,11.26
2022-03-09 13:00:00,11.5775
2022-03-09 14:00:00,12.041666666666666
2022-03-09 15:00:00,12.510833333333332
2022-03-09 16:00:00,12.033333333333333
2022-03-09 17:00:00,12.013333333333334
2022-03-09 18:00:00,12.277500000000002
2022-03-09 19:00:00,11.889166666666668
2022-03-09 20:00:00,11.858333333333334
2022-03-09 21:00:00,11.824166666666668
2022-03-09 22:00:00,11.845833333333333
2022-03-09 23:00:00,11.828333333333333
2022-03-10 00:00:00,10.775833333333333
2022-03-10 01:00:00,10.720833333333333
2022-03-10 02:00:00,10.451666666666666
2022-03-10 03:00:00,10.025
2022-03-10 04:00:00,9.9225
2022-03-10 05:00:00,9.799999999999999
2022-03-10 06:00:00,9.960833333333333
2022-03-10 07:00:00,9.478333333333333
2022-03-10 08:00:00,8.939166666666667
2022-03-10 09:00:00,8.9675
2022-03-10 10:00:00,8.815833333333334
2022-03-10 11:00:00,8.701666666666666
2022-03-10 12:00:00,8.405
2022-03-10 13:00:00,8.160833333333334
2022-03-10 14:00:00,8.165000000000001
2022-03-10 15:00:00,8.025
2022-03-10 16:00:00,7.564166666666666
2022-03-10 17:00:00,7.6625000000000005
2022-03-10 18:00:00,7.9575
2022-03-10 19:00:00,8.0475
2022-03-10 20:00:00,8.1175
2022-03-10 21:00:00,7.985833333333333
2022-03-10 22:00:00,7.9433333333333325
2022-03-10 23:00:00,8.514166666666666
2022-03-11 00:00:00,8.290833333333333
2022-03-11 01:00:00,8.231666666666667
2022-03-11 02:00:00,7.857500000000001
2022-03-11 03:00:00,7.8500000000000005
2022-03-11 04:00:00,8.253333333333332
2022-03-11 05:00:00,9.459999999999999
2022-03-11 06:00:00,9.840833333333334
2022-03-11 07:00:00,10.141666666666667
2022-03-11 08:00:00,9.637500000000001
2022-03-11 09:00:00,8.751666666666667
2022-03-11 10:00:00,7.984166666666667
2022-03-11 11:00:00,7.0808333333333335
2022-03-11 12:00:00,7.1883333333333335
2022-03-11 13:00:00,7.003333333333333
2022-03-11 14:00:00,6.776666666666666
2022-03-11 15:00:00,6.7875000000000005
2022-03-11 16:00:00,6.635833333333333
2022-03-11 17:00:00,7.0425
2022-03-11 18:00:00,6.9675
2022-03-11 19:00:00,6.329166666666667
2022-03-11 20:00:00,6.302499999999999
2022-03-11 21:00:00,6.289999999999999
2022-03-11 22:00:00,5.859999999999999
2022-03-11 23:00:00,3.7883333333333336
2022-03-12 00:00:00,2.9958333333333336
2022-03-12 01:00:00,3.095833333333333
2022-03-12 02:00:00,3.079166666666667
2022-03-12 03:00:00,3.1133333333333333
2022-03-12 04:00:00,3.1041666666666665
2022-03-12 05:00:00,3.1116666666666664
2022-03-12 06:00:00,3.0533333333333332
2022-03-12 07:00:00,3.0108333333333337
2022-03-12 08:00:00,3.051666666666667
2022-03-12 09:00:00,3.1333333333333333
2022-03-12 10:00:00,3.2241666666666666
2022-03-12 11:00:00,3.345
2022-03-12 12:00:00,3.266666666666667
2022-03-12 13:00:00,3.2675
2022-03-12 14:00:00,3.203333333333333
2022-03-12 15:00:00,3.189166666666667
2022-03-12 16:00:00,3.0375
2022-03-12 17:00:00,3.0175
2022-03-12 18:00:00,3.070833333333333
2022-03-12 19:00:00,2.954166666666667
2022-03-12 20:00:00,3.0866666666666664
2022-03-12 21:00:00,3.035
2022-03-12 22:00:00,3.1625
2022-03-12 23:00:00,3.0533333333333332
2022-03-13 00:00:00,2.9575
2022-03-13 01:00:00,3.195
2022-03-13 02:00:00,3.2100000000000004
2022-03-13 03:00:00,3.330833333333333
2022-03-13 04:00:00,3.2675
2022-03-13 05:00:00,3.358333333333333
2022-03-13 06:00:00,3.31
2022-03-13 07:00:00,3.3475
2022-03-13 08:00:00,3.4141666666666666
2022-03-13 09:00:00,3.374166666666666
2022-03-13 10:00:00,3.4225
2022-03-13 11:00:00,3.5558333333333336
2022-03-13 12:00:00,3.6525
2022-03-13 13:00:00,3.5825
2022-03-13 14:00:00,3.6166666666666667
2022-03-13 15:00:00,3.64
2022-03-13 16:00:00,3.475
2022-03-13 17:00:00,3.3049999999999997
2022-03-13 18:00:00,3.359166666666667
2022-03-13 19:00:00,3.1775
2022-03-13 20:00:00,3.0941666666666663
2022-03-13 21:00:00,2.986666666666667
2022-03-13 22:00:00,3.205833333333333
2022-03-13 23:00:00,3.565
2022-03-14 00:00:00,20.885833333333334
2022-03-14 01:00:00,5.0625
2022-03-14 02:00:00,4.183333333333334
2022-03-14 03:00:00,5.5425
2022-03-14 04:00:00,6.323333333333333
2022-03-14 05:00:00,7.3625
2022-03-14 06:00:00,8.512500000000001
2022-03-14 07:00:00,7.93
2022-03-14 08:00:00,7.785
2022-03-14 09:00:00,7.858333333333333
2022-03-14 10:00:00,8.666666666666666
2022-03-14 11:00:00,8.956666666666667
2022-03-14 12:00:00,8.699166666666667
2022-03-14 13:00:00,8.788333333333334
2022-03-14 14:00:00,9.168333333333333
2022-03-14 15:00:00,9.523333333333333
2022-03-14 16:00:00,9.426666666666668
2022-03-14 17:00:00,9.820833333333333
2022-03-14 18:00:00,10.743333333333332
2022-03-14 19:00:00,11.394166666666665
2022-03-14 20:00:00,11.2425
2022-03-14 21:00:00,11.054166666666667
2022-03-14 22:00:00,11.476666666666667
2022-03-14 23:00:00,11.519166666666665
2022-03-15 00:00:00,11.200833333333334
2022-03-15 01:00:00,10.674999999999999
2022-03-15 02:00:00,10.445833333333333
2022-03-15 03:00:00,10.6725
2022-03-15 04:00:00,10.5525
2022-03-15 05:00:00,10.8025
2022-03-15 06:00:00,11.464166666666666
2022-03-15 07:00:00,11.260833333333332
2022-03-15 08:00:00,11.110833333333334
2022-03-15 09:00:00,10.874166666666667
2022-03-15 10:00:00,10.514166666666666
2022-03-15 11:00:00,10.013333333333334
2022-03-15 12:00:00,9.505833333333333
2022-03-15 13:00:00,9.219166666666666
2022-03-15 14:00:00,9.293333333333333
2022-03-15 15:00:00,9.3075
2022-03-15 16:00:00,9.400833333333333
2022-03-15 17:00:00,9.264166666666666
2022-03-15 18:00:00,9.170833333333333
2022-03-15 19:00:00,9.113333333333333
2022-03-15 20:00:00,9.189166666666667
2022-03-15 21:00:00,9.273333333333333
2022-03-15 22:00:00,9.605
2022-03-15 23:00:00,10.191666666666666
2022-03-16 00:00:00,11.064166666666667
2022-03-16 01:00:00,11.416666666666666
2022-03-16 02:00:00,11.366666666666667
2022-03-16 03:00:00,11.631666666666668
2022-03-16 04:00:00,11.971666666666666
2022-03-16 05:00:00,11.7525
2022-03-16 06:00:00,11.445
2022-03-16 07:00:00,12.094166666666666
2022-03-16 08:00:00,12.5775
2022-03-16 09:00:00,13.165
2022-03-16 10:00:00,13.613333333333335
2022-03-16 11:00:00,13.521666666666667
2022-03-16 12:00:00,13.4475
2022-03-16 13:00:00,12.385
2022-03-16 14:00:00,12.063333333333333
2022-03-16 15:00:00,12.134166666666667
2022-03-16 16:00:00,11.969999999999999
2022-03-16 17:00:00,11.4925
2022-03-16 18:00:00,11.385833333333332
2022-03-16 19:00:00,11.2175
2022-03-16 20:00:00,11.209166666666667
2022-03-16 21:00:00,11.133333333333333
2022-03-16 22:00:00,10.9275
2022-03-16 23:00:00,11.4825
2022-03-17 00:00:00,11.67
2022-03-17 01:00:00,12.059166666666668
2022-03-17 02:00:00,12.2125
2022-03-17 03:00:00,12.294166666666667
2022-03-17 04:00:00,12.625
2022-03-17 05:00:00,12.633333333333333
2022-03-17 06:00:00,12.176666666666668
2022-03-17 07:00:00,11.971666666666666
2022-03-17 08:00:00,11.458333333333334
2022-03-17 09:00:00,11.378333333333332
2022-03-17 10:00:00,11.316666666666668
2022-03-17 11:00:00,11.251666666666667
2022-03-17 12:00:00,11.075000000000001
2022-03-17 13:00:00,10.879166666666668
2022-03-17 14:00:00,10.769166666666665
2022-03-17 15:00:00,11.075000000000001
2022-03-17 16:00:00,11.585833333333333
2022-03-17 17:00:00,11.523333333333333
2022-03-17 18:00:00,11.71
2022-03-17 19:00:00,12.170833333333334
2022-03-17 20:00:00,13.533333333333333
2022-03-17 21:00:00,13.865
2022-03-17 22:00:00,14.030000000000001
2022-03-17 23:00:00,14.693333333333333
2022-03-18 00:00:00,14.8575
2022-03-18 01:00:00,14.610833333333334
2022-03-18 02:00:00,14.195
2022-03-18 03:00:00,13.293333333333335
2022-03-18 04:00:00,13.310833333333333
2022-03-18 05:00:00,13.381666666666666
2022-03-18 06:00:00,13.666666666666666
2022-03-18 07:00:00,13.784999999999998
2022-03-18 08:00:00,13.615833333333333
2022-03-18 09:00:00,13.19
2022-03-18 10:00:00,11.9225
2022-03-18 11:00:00,12.070833333333333
2022-03-18 12:00:00,12.358333333333334
2022-03-18 13:00:00,11.9475
2022-03-18 14:00:00,11.894166666666665
2022-03-18 15:00:00,12.25
2022-03-18 16:00:00,12.295833333333334
2022-03-18 17:00:00,12.534999999999998
2022-03-18 18:00:00,13.398333333333333
2022-03-18 19:00:00,14.229166666666666
2022-03-18 20:00:00,13.209166666666667
2022-03-18 21:00:00,11.234166666666667
2022-03-18 22:00:00,7.895833333333333
2022-03-18 23:00:00,5.163333333333333
2022-03-19 00:00:00,3.3974999999999995
2022-03-19 01:00:00,3.1075
2022-03-19 02:00:00,2.9933333333333336
2022-03-19 03:00:00,2.5341666666666667
2022-03-19 04:00:00,2.3266666666666667
2022-03-19 05:00:00,2.1941666666666664
2022-03-19 06:00:00,2.1466666666666665
2022-03-19 07:00:00,1.9974999999999998
2022-03-19 08:00:00,1.9375
2022-03-19 09:00:00,1.7808333333333335
2022-03-19 10:00:00,1.7716666666666667
2022-03-19 11:00:00,1.8733333333333333
2022-03-19 12:00:00,1.8841666666666665
2022-03-19 13:00:00,1.8566666666666667
2022-03-19 14:00:00,1.8
2022-03-19 15:00:00,1.9016666666666666
2022-03-19 16:00:00,1.8316666666666668
2022-03-19 17:00:00,2.1141666666666667
2022-03-19 18:00:00,2.045
2022-03-19 19:00:00,2.1133333333333333
2022-03-19 20:00:00,2.0116666666666667
2022-03-19 21:00:00,1.9341666666666668
2022-03-19 22:00:00,1.9858333333333331
2022-03-19 23:00:00,1.9341666666666668
2022-03-20 00:00:00,1.7158333333333333
2022-03-20 01:00:00,1.6016666666666666
2022-03-20 02:00:00,1.5516666666666667
2022-03-20 03:00:00,1.5866666666666667
2022-03-20 04:00:00,1.5941666666666665
2022-03-20 05:00:00,1.6116666666666666
2022-03-20 06:00:00,1.5766666666666669
2022-03-20 07:00:00,1.4833333333333334
2022-03-20 08:00:00,1.5766666666666669
2022-03-20 09:00:00,1.5775
2022-03-20 10:00:00,1.5783333333333331
2022-03-20 11:00:00,1.7341666666666666
2022-03-20 12:00:00,1.9158333333333335
2022-03-20 13:00:00,2.066666666666667
2022-03-20 14:00:00,2.0975
2022-03-20 15:00:00,1.9191666666666667
2022-03-20 16:00:00,1.9141666666666666
2022-03-20 17:00:00,1.9166666666666667
2022-03-20 18:00:00,1.9766666666666666
2022-03-20 19:00:00,2.5533333333333332
2022-03-20 20:00:00,1.7933333333333332
2022-03-20 21:00:00,3.654166666666667
2022-03-20 22:00:00,4.901666666666666
2022-03-20 23:00:00,6.005
2022-03-21 00:00:00,8.330833333333333
2022-03-21 01:00:00,9.006666666666666
2022-03-21 02:00:00,9.381666666666666
2022-03-21 03:00:00,9.048333333333334
2022-03-21 04:00:00,9.196666666666667
2022-03-21 05:00:00,9.161666666666667
2022-03-21 06:00:00,9.512500000000001
2022-03-21 07:00:00,9.224166666666667
2022-03-21 08:00:00,8.965
2022-03-21 09:00:00,8.404166666666667
2022-03-21 10:00:00,8.047500000000001
2022-03-21 11:00:00,8.559166666666666
2022-03-21 12:00:00,8.9
2022-03-21 13:00:00,9.191666666666666
2022-03-21 14:00:00,9.2775
2022-03-21 15:00:00,9.295833333333333
2022-03-21 16:00:00,9.19
2022-03-21 17:00:00,9.155833333333334
2022-03-21 18:00:00,9.522499999999999
2022-03-21 19:00:00,9.1275
2022-03-21 20:00:00,8.534166666666666
2022-03-21 21:00:00,8.47
2022-03-21 22:00:00,8.394166666666667
2022-03-21 23:00:00,8.481666666666667
2022-03-22 00:00:00,9.145833333333334
2022-03-22 01:00:00,9.6175
2022-03-22 02:00:00,9.468333333333334
2022-03-22 03:00:00,8.995
2022-03-22 04:00:00,8.815
2022-03-22 05:00:00,8.606666666666667
2022-03-22 06:00:00,8.3825
2022-03-22 07:00:00,8.376666666666667
2022-03-22 08:00:00,8.139166666666666
2022-03-22 09:00:00,7.8999999999999995
2022-03-22 10:00:00,7.82
2022-03-22 11:00:00,7.825833333333333
2022-03-22 12:00:00,7.6241666666666665
2022-03-22 13:00:00,7.446666666666666
2022-03-22 14:00:00,7.256666666666667
2022-03-22 15:00:00,8.595
2022-03-22 16:00:00,9.478333333333333
2022-03-22 17:00:00,10.128333333333332
2022-03-22 18:00:00,9.9825
2022-03-22 19:00:00,10.12
2022-03-22 20:00:00,10.6825
2022-03-22 21:00:00,10.316666666666666
2022-03-22 22:00:00,9.409166666666666
2022-03-22 23:00:00,8.606666666666667
2022-03-23 00:00:00,7.7825
2022-03-23 01:00:00,7.800833333333333
2022-03-23 02:00:00,7.54
2022-03-23 03:00:00,7.394166666666667
2022-03-23 04:00:00,7.651666666666666
2022-03-23 05:00:00,7.559166666666666
2022-03-23 06:00:00,7.345833333333334
2022-03-23 07:00:00,7.283333333333334
2022-03-23 08:00:00,7.468333333333334
2022-03-23 09:00:00,8.666666666666666
2022-03-23 10:00:00,9.0875
2022-03-23 11:00:00,9.729166666666666
2022-03-23 12:00:00,9.530833333333334
2022-03-23 13:00:00,9.3425
2022-03-23 14:00:00,9.123333333333333
2022-03-23 15:00:00,9.498333333333333
2022-03-23 16:00:00,10.154166666666667
2022-03-23 17:00:00,9.227500000000001
2022-03-23 18:00:00,9.455
2022-03-23 19:00:00,9.216666666666667
2022-03-23 20:00:00,8.704166666666667
2022-03-23 21:00:00,8.590833333333334
2022-03-23 22:00:00,8.688333333333334
2022-03-23 23:00:00,7.978333333333334
2022-03-24 00:00:00,7.5325
2022-03-24 01:00:00,7.21
2022-03-24 02:00:00,7.109166666666667
2022-03-24 03:00:00,7.005
2022-03-24 04:00:00,7.4025
2022-03-24 05:00:00,8.290000000000001
2022-03-24 06:00:00,9.519166666666667
2022-03-24 07:00:00,10.376666666666667
2022-03-24 08:00:00,10.828333333333333
2022-03-24 09:00:00,10.438333333333333
2022-03-24 10:00:00,9.870833333333334
2022-03-24 11:00:00,9.900833333333333
2022-03-24 12:00:00,9.917499999999999
2022-03-24 13:00:00,9.850833333333334
2022-03-24 14:00:00,9.869166666666667
2022-03-24 15:00:00,10.265833333333333
2022-03-24 16:00:00,12.049166666666666
2022-03-24 17:00:00,12.75
2022-03-24 18:00:00,12.6625
2022-03-24 19:00:00,12.073333333333332
2022-03-24 20:00:00,11.0675
2022-03-24 21:00:00,10.976666666666667
2022-03-24 22:00:00,10.884166666666667
2022-03-24 23:00:00,11.006666666666668
2022-03-25 00:00:00,11.365833333333333
2022-03-25 01:00:00,11.655
2022-03-25 02:00:00,10.9675
2022-03-25 03:00:00,9.935833333333333
2022-03-25 04:00:00,9.01
2022-03-25 05:00:00,8.148333333333333
2022-03-25 06:00:00,7.8758333333333335
2022-03-25 07:00:00,8.045
2022-03-25 08:00:00,8.616666666666667
2022-03-25 09:00:00,10.246666666666668
2022-03-25 10:00:00,11.389166666666668
2022-03-25 11:00:00,11.657499999999999
2022-03-25 12:00:00,11.53
2022-03-25 13:00:00,11.1625
2022-03-25 14:00:00,10.87
2022-03-25 15:00:00,10.796666666666667
2022-03-25 16:00:00,10.865833333333333
2022-03-25 17:00:00,10.801666666666668
2022-03-25 18:00:00,10.961666666666666
2022-03-25 19:00:00,10.928333333333333
2022-03-25 20:00:00,11.096666666666666
2022-03-25 21:00:00,10.693333333333333
2022-03-25 22:00:00,9.230833333333335
2022-03-25 23:00:00,4.699166666666667
2022-03-26 00:00:00,2.7091666666666665
2022-03-26 01:00:00,2.84
2022-03-26 02:00:00,2.84
2022-03-26 03:00:00,2.8166666666666664
2022-03-26 04:00:00,2.7449999999999997
2022-03-26 05:00:00,2.5966666666666667
2022-03-26 06:00:00,2.665
2022-03-26 07:00:00,2.8791666666666664
2022-03-26 08:00:00,3.1833333333333336
2022-03-26 09:00:00,3.3808333333333334
2022-03-26 10:00:00,3.4966666666666666
2022-03-26 11:00:00,3.438333333333333
2022-03-26 12:00:00,3.47
2022-03-26 13:00:00,3.1833333333333336
2022-03-26 14:00:00,3.0666666666666664
2022-03-26 15:00:00,3.2275000000000005
2022-03-26 16:00:00,3.2733333333333334
2022-03-26 17:00:00,3.160833333333333
2022-03-26 18:00:00,3.1958333333333333
2022-03-26 19:00:00,3.2825
2022-03-26 20:00:00,3.4899999999999998
2022-03-26 21:00:00,3.519166666666667
2022-03-26 22:00:00,3.464166666666667
2022-03-26 23:00:00,3.3816666666666664
2022-03-27 00:00:00,3.063333333333333
2022-03-27 01:00:00,2.939166666666667
2022-03-27 02:00:00,2.955833333333333
2022-03-27 03:00:00,2.9233333333333333
2022-03-27 04:00:00,2.9133333333333336
2022-03-27 05:00:00,2.875
2022-03-27 06:00:00,2.81
2022-03-27 07:00:00,2.7583333333333333
2022-03-27 08:00:00,2.7708333333333335
2022-03-27 09:00:00,2.5100000000000002
2022-03-27 10:00:00,2.5066666666666664
2022-03-27 11:00:00,2.5908333333333333
2022-03-27 12:00:00,2.5883333333333334
2022-03-27 13:00:00,2.654166666666667
2022-03-27 14:00:00,2.6908333333333334
2022-03-27 15:00:00,2.6199999999999997
2022-03-27 16:00:00,2.815
2022-03-27 17:00:00,2.9125
2022-03-27 18:00:00,2.6533333333333333
2022-03-27 19:00:00,3.4324999999999997
2022-03-27 20:00:00,2.8433333333333333
2022-03-27 21:00:00,4.3
2022-03-27 22:00:00,6.723333333333333
2022-03-27 23:00:00,7.889166666666667
2022-03-28 00:00:00,8.112499999999999
2022-03-28 01:00:00,8.28
2022-03-28 02:00:00,7.333333333333333
2022-03-28 03:00:00,8.076666666666666
2022-03-28 04:00:00,7.9624999999999995
2022-03-28 05:00:00,7.694166666666667
2022-03-28 06:00:00,7.331666666666667
2022-03-28 07:00:00,7.298333333333333
2022-03-28 08:00:00,7.9075
2022-03-28 09:00:00,8.03
2022-03-28 10:00:00,8.1325
2022-03-28 11:00:00,7.8175
2022-03-28 12:00:00,7.859166666666667
2022-03-28 13:00:00,8.543333333333333
2022-03-28 14:00:00,8.024166666666668
2022-03-28 15:00:00,7.968333333333334
2022-03-28 16:00:00,8.286666666666667
2022-03-28 17:00:00,8.385
2022-03-28 18:00:00,8.881666666666666
2022-03-28 19:00:00,8.799166666666666
2022-03-28 20:00:00,9.1275
2022-03-28 21:00:00,9.728333333333333
2022-03-28 22:00:00,9.606666666666667
2022-03-28 23:00:00,8.950833333333334
2022-03-29 00:00:00,7.848333333333334
2022-03-29 01:00:00,7.506666666666667
2022-03-29 02:00:00,7.559166666666667
2022-03-29 03:00:00,7.570833333333333
2022-03-29 04:00:00,7.572500000000001
2022-03-29 05:00:00,7.504166666666666
2022-03-29 06:00:00,7.696666666666666
2022-03-29 07:00:00,7.704166666666667
2022-03-29 08:00:00,7.7025
2022-03-29 09:00:00,7.441666666666666
2022-03-29 10:00:00,7.81
2022-03-29 11:00:00,7.631666666666667
2022-03-29 12:00:00,7.711666666666666
2022-03-29 13:00:00,7.899166666666667
2022-03-29 14:00:00,7.965
2022-03-29 15:00:00,8.954166666666667
2022-03-29 16:00:00,9.209999999999999
2022-03-29 17:00:00,9.466666666666667
2022-03-29 18:00:00,10.350833333333334
2022-03-29 19:00:00,9.940833333333334
2022-03-29 20:00:00,9.845833333333333
2022-03-29 21:00:00,9.409166666666666
2022-03-29 22:00:00,9.650833333333333
2022-03-29 23:00:00,10.525
2022-03-30 00:00:00,9.619166666666667
2022-03-30 01:00:00,8.889999999999999
2022-03-30 02:00:00,8.310833333333333
2022-03-30 03:00:00,8.225
2022-03-30 04:00:00,8.118333333333334
2022-03-30 05:00:00,7.8066666666666675
2022-03-30 06:00:00,7.070833333333333
2022-03-30 07:00:00,6.524166666666667
2022-03-30 08:00:00,6.586666666666667
2022-03-30 09:00:00,6.9425
2022-03-30 10:00:00,7.428333333333334
2022-03-30 11:00:00,7.341666666666668
2022-03-30 12:00:00,6.94
2022-03-30 13:00:00,7.624166666666667
2022-03-30 14:00:00,7.846666666666667
2022-03-30 15:00:00,7.797499999999999
2022-03-30 16:00:00,7.145
2022-03-30 17:00:00,7.674166666666667
2022-03-30 18:00:00,8.061666666666666
2022-03-30 19:00:00,7.864999999999999
2022-03-30 20:00:00,7.539166666666667
2022-03-30 21:00:00,7.300833333333333
2022-03-30 22:00:00,7.035833333333333
2022-03-30 23:00:00,7.615000000000001
2022-03-31 00:00:00,8.331666666666667
2022-03-31 01:00:00,8.739166666666668
2022-03-31 02:00:00,8.703333333333333
2022-03-31 03:00:00,8.49
2022-03-31 04:00:00,8.485833333333334
2022-03-31 05:00:00,8.685833333333333
2022-03-31 06:00:00,8.977500000000001
2022-03-31 07:00:00,8.895000000000001
2022-03-31 08:00:00,9.153333333333334
2022-03-31 09:00:00,8.975
2022-03-31 10:00:00,9.065
2022-03-31 11:00:00,9.0925
2022-03-31 12:00:00,9.068333333333333
2022-03-31 13:00:00,9.124166666666666
2022-03-31 14:00:00,8.9975
2022-03-31 15:00:00,8.951666666666666
2022-03-31 16:00:00,9.5725
2022-03-31 17:00:00,9.324166666666667
2022-03-31 18:00:00,9.040000000000001
2022-03-31 19:00:00,8.356666666666667
2022-03-31 20:00:00,7.695
2022-03-31 21:00:00,8.054166666666665
2022-03-31 22:00:00,8.2025
2022-03-31 23:00:00,8.743333333333334
2022-04-01 00:00:00,8.725833333333332
2022-04-01 01:00:00,8.214166666666666
2022-04-01 02:00:00,7.698333333333333
2022-04-01 03:00:00,7.358333333333333
2022-04-01 04:00:00,7.519166666666667
2022-04-01 05:00:00,8.111666666666666
2022-04-01 06:00:00,8.5725
2022-04-01 07:00:00,8.82
2022-04-01 08:00:00,10.191666666666666
2022-04-01 09:00:00,9.190833333333334
2022-04-01 10:00:00,9.505833333333333
2022-04-01 11:00:00,8.326666666666666
2022-04-01 12:00:00,7.8741666666666665
2022-04-01 13:00:00,8.11
2022-04-01 14:00:00,7.795833333333333
2022-04-01 15:00:00,8.0075
2022-04-01 16:00:00,8.344166666666668
2022-04-01 17:00:00,9.08
2022-04-01 18:00:00,8.473333333333334
2022-04-01 19:00:00,7.753333333333333
2022-04-01 20:00:00,7.304166666666667
2022-04-01 21:00:00,5.93
2022-04-01 22:00:00,5.565
2022-04-01 23:00:00,2.9616666666666664
2022-04-02 00:00:00,2.67
2022-04-02 01:00:00,2.669166666666667
2022-04-02 02:00:00,2.686666666666667
2022-04-02 03:00:00,2.6325
2022-04-02 04:00:00,2.78
2022-04-02 05:00:00,3.0375
2022-04-02 06:00:00,3.1125000000000003
2022-04-02 07:00:00,3.1983333333333337
2022-04-02 08:00:00,2.861666666666667
2022-04-02 09:00:00,2.794166666666667
2022-04-02 10:00:00,2.799166666666667
2022-04-02 11:00:00,2.7591666666666668
2022-04-02 12:00:00,2.785
2022-04-02 13:00:00,2.9258333333333333
2022-04-02 14:00:00,2.8775
2022-04-02 15:00:00,2.8883333333333336
2022-04-02 16:00:00,2.985
2022-04-02 17:00:00,3.2183333333333337
2022-04-02 18:00:00,3.6233333333333335
2022-04-02 19:00:00,3.720833333333333
2022-04-02 20:00:00,3.9416666666666664
2022-04-02 21:00:00,4.2283333333333335
2022-04-02 22:00:00,4.326666666666667
2022-04-02 23:00:00,4.260833333333333
2022-04-03 00:00:00,3.7083333333333335
2022-04-03 01:00:00,3.6199999999999997
2022-04-03 02:00:00,3.9791666666666665
2022-04-03 03:00:00,4.2683333333333335
2022-04-03 04:00:00,4.566666666666667
2022-04-03 05:00:00,5.054166666666666
2022-04-03 06:00:00,4.9675
2022-04-03 07:00:00,4.713333333333334
2022-04-03 08:00:00,4.423333333333333
2022-04-03 09:00:00,4.620833333333334
2022-04-03 10:00:00,4.8374999999999995
2022-04-03 11:00:00,4.926666666666667
2022-04-03 12:00:00,4.908333333333333
2022-04-03 13:00:00,4.871666666666667
2022-04-03 14:00:00,4.971666666666667
2022-04-03 15:00:00,4.8175
2022-04-03 16:00:00,4.943333333333333
2022-04-03 17:00:00,4.698333333333333
2022-04-03 18:00:00,4.68
2022-04-03 19:00:00,4.9575000000000005
2022-04-03 20:00:00,5.238333333333333
2022-04-03 21:00:00,8.084999999999999
2022-04-03 22:00:00,6.645833333333333
2022-04-03 23:00:00,7.125833333333333
2022-04-04 00:00:00,7.783333333333334
2022-04-04 01:00:00,8.255
2022-04-04 02:00:00,8.13
2022-04-04 03:00:00,8.770000000000001
2022-04-04 04:00:00,9.026666666666667
2022-04-04 05:00:00,9.540833333333333
2022-04-04 06:00:00,9.808333333333334
2022-04-04 07:00:00,9.33
2022-04-04 08:00:00,9.57
2022-04-04 09:00:00,9.685
2022-04-04 10:00:00,9.7525
2022-04-04 11:00:00,9.903333333333334
2022-04-04 12:00:00,9.996666666666666
2022-04-04 13:00:00,10.515833333333333
2022-04-04 14:00:00,10.341666666666667
2022-04-04 15:00:00,10.391666666666667
2022-04-04 16:00:00,10.2925
2022-04-04 17:00:00,10.17
2022-04-04 18:00:00,10.522499999999999
2022-04-04 19:00:00,10.568333333333333
2022-04-04 20:00:00,10.356666666666667
2022-04-04 21:00:00,9.736666666666666
2022-04-04 22:00:00,9.049166666666666
2022-04-04 23:00:00,8.795833333333333
2022-04-05 00:00:00,8.583333333333334
2022-04-05 01:00:00,8.525833333333333
2022-04-05 02:00:00,8.8775
2022-04-05 03:00:00,8.788333333333332
2022-04-05 04:00:00,8.678333333333333
2022-04-05 05:00:00,8.816666666666666
2022-04-05 06:00:00,8.886666666666667
2022-04-05 07:00:00,9.1925
2022-04-05 08:00:00,9.286666666666667
2022-04-05 09:00:00,9.121666666666668
2022-04-05 10:00:00,9.133333333333333
2022-04-05 11:00:00,8.7975
2022-04-05 12:00:00,8.529166666666667
2022-04-05 13:00:00,8.660833333333334
2022-04-05 14:00:00,8.778333333333334
2022-04-05 15:00:00,9.165
2022-04-05 16:00:00,9.465
2022-04-05 17:00:00,9.810833333333333
2022-04-05 18:00:00,10.19
2022-04-05 19:00:00,9.8925
2022-04-05 20:00:00,9.354166666666666
2022-04-05 21:00:00,8.898333333333333
2022-04-05 22:00:00,8.62
2022-04-05 23:00:00,8.67
2022-04-06 00:00:00,8.631666666666666
2022-04-06 01:00:00,8.7825
2022-04-06 02:00:00,8.818333333333333
2022-04-06 03:00:00,8.553333333333333
2022-04-06 04:00:00,8.509166666666667
2022-04-06 05:00:00,8.495833333333334
2022-04-06 06:00:00,8.319166666666666
2022-04-06 07:00:00,8.364166666666668
2022-04-06 08:00:00,8.450833333333334
2022-04-06 09:00:00,8.306666666666667
2022-04-06 10:00:00,8.478333333333333
2022-04-06 11:00:00,9.058333333333334
2022-04-06 12:00:00,9.227500000000001
2022-04-06 13:00:00,9.693333333333333
2022-04-06 14:00:00,9.673333333333334
2022-04-06 15:00:00,9.789166666666667
2022-04-06 16:00:00,10.031666666666666
2022-04-06 17:00:00,9.648333333333333
2022-04-06 18:00:00,9.431666666666667
2022-04-06 19:00:00,9.459166666666667
2022-04-06 20:00:00,9.540833333333333
2022-04-06 21:00:00,9.608333333333333
2022-04-06 22:00:00,9.630833333333333
2022-04-06 23:00:00,9.785833333333334
2022-04-07 00:00:00,9.416666666666666
2022-04-07 01:00:00,9.786666666666667
2022-04-07 02:00:00,9.5925
2022-04-07 03:00:00,9.391666666666667
2022-04-07 04:00:00,9.473333333333334
2022-04-07 05:00:00,9.4625
2022-04-07 06:00:00,9.845
2022-04-07 07:00:00,9.644166666666667
2022-04-07 08:00:00,9.056666666666667
2022-04-07 09:00:00,9.185833333333333
2022-04-07 10:00:00,9.227500000000001
2022-04-07 11:00:00,9.394166666666667
2022-04-07 12:00:00,9.246666666666668
2022-04-07 13:00:00,9.09
2022-04-07 14:00:00,9.031666666666666
2022-04-07 15:00:00,8.542499999999999
2022-04-07 16:00:00,8.73
2022-04-07 17:00:00,9.784166666666666
2022-04-07 18:00:00,9.728333333333333
2022-04-07 19:00:00,9.671666666666667
2022-04-07 20:00:00,9.5675
2022-04-07 21:00:00,9.4175
2022-04-07 22:00:00,8.926666666666668
2022-04-07 23:00:00,8.512500000000001
2022-04-08 00:00:00,7.655833333333334
2022-04-08 01:00:00,7.1925
2022-04-08 02:00:00,7.533333333333334
2022-04-08 03:00:00,7.498333333333334
2022-04-08 04:00:00,7.759166666666666
2022-04-08 05:00:00,7.920833333333333
2022-04-08 06:00:00,7.814166666666666
2022-04-08 07:00:00,7.55
2022-04-08 08:00:00,7.447500000000001
2022-04-08 09:00:00,6.656666666666666
2022-04-08 10:00:00,6.211666666666667
2022-04-08 11:00:00,5.815
2022-04-08 12:00:00,5.494166666666666
2022-04-08 13:00:00,6.185
2022-04-08 14:00:00,6.82
2022-04-08 15:00:00,7.3
2022-04-08 16:00:00,7.571666666666666
2022-04-08 17:00:00,7.530833333333334
2022-04-08 18:00:00,7.715833333333333
2022-04-08 19:00:00,8.0275
2022-04-08 20:00:00,7.989166666666667
2022-04-08 21:00:00,7.4775
2022-04-08 22:00:00,6.515833333333333
2022-04-08 23:00:00,4.955
2022-04-09 00:00:00,3.215833333333333
2022-04-09 01:00:00,3.0116666666666667
2022-04-09 02:00:00,2.830833333333333
2022-04-09 03:00:00,2.670833333333333
2022-04-09 04:00:00,2.9433333333333334
2022-04-09 05:00:00,3.5375
2022-04-09 06:00:00,3.7383333333333333
2022-04-09 07:00:00,3.99
2022-04-09 08:00:00,3.9875000000000003
2022-04-09 09:00:00,4.2683333333333335
2022-04-09 10:00:00,4.464166666666666
2022-04-09 11:00:00,5.12
2022-04-09 12:00:00,5.069166666666667
2022-04-09 13:00:00,5.258333333333333
2022-04-09 14:00:00,4.818333333333333
2022-04-09 15:00:00,4.8025
2022-04-09 16:00:00,4.859166666666667
2022-04-09 17:00:00,5.034166666666667
2022-04-09 18:00:00,5.3975
2022-04-09 19:00:00,5.480833333333333
2022-04-09 20:00:00,5.4425
2022-04-09 21:00:00,5.215833333333333
2022-04-09 22:00:00,4.464166666666666
2022-04-09 23:00:00,3.945
2022-04-10 00:00:00,3.608333333333333
2022-04-10 01:00:00,3.5066666666666664
2022-04-10 02:00:00,3.405
2022-04-10 03:00:00,3.3066666666666666
2022-04-10 04:00:00,3.359166666666667
2022-04-10 05:00:00,3.3249999999999997
2022-04-10 06:00:00,3.408333333333333
2022-04-10 07:00:00,3.2816666666666667
2022-04-10 08:00:00,3.1358333333333337
2022-04-10 09:00:00,3.236666666666667
2022-04-10 10:00:00,3.311666666666667
2022-04-10 11:00:00,3.535833333333333
2022-04-10 12:00:00,3.578333333333333
2022-04-10 13:00:00,3.6766666666666663
2022-04-10 14:00:00,3.9491666666666667
2022-04-10 15:00:00,4.076666666666667
2022-04-10 16:00:00,4.1241666666666665
2022-04-10 17:00:00,4.265833333333333
2022-04-10 18:00:00,4.696666666666666
2022-04-10 19:00:00,5.355833333333333
2022-04-10 20:00:00,5.344166666666666
2022-04-10 21:00:00,6.118333333333333
2022-04-10 22:00:00,6.0575
2022-04-10 23:00:00,6.841666666666666
2022-04-11 00:00:00,8.039166666666667
2022-04-11 01:00:00,9.791666666666666
2022-04-11 02:00:00,11.277500000000002
2022-04-11 03:00:00,12.458333333333334
2022-04-11 04:00:00,13.311666666666667
2022-04-11 05:00:00,13.88
2022-04-11 06:00:00,13.87
2022-04-11 07:00:00,13.804166666666667
2022-04-11 08:00:00,13.155833333333334
2022-04-11 09:00:00,12.506666666666668
2022-04-11 10:00:00,13.265833333333333
2022-04-11 11:00:00,13.493333333333334
2022-04-11 12:00:00,12.727500000000001
2022-04-11 13:00:00,12.423333333333332
2022-04-11 14:00:00,12.469166666666666
2022-04-11 15:00:00,13.2275
2022-04-11 16:00:00,14.223333333333334
2022-04-11 17:00:00,14.151666666666666
2022-04-11 18:00:00,13.319166666666666
2022-04-11 19:00:00,12.324166666666665
2022-04-11 20:00:00,12.206666666666665
2022-04-11 21:00:00,12.585
2022-04-11 22:00:00,12.481666666666667
2022-04-11 23:00:00,11.625833333333333
2022-04-12 00:00:00,10.481666666666667
2022-04-12 01:00:00,9.945
2022-04-12 02:00:00,9.434166666666668
2022-04-12 03:00:00,9.250833333333334
2022-04-12 04:00:00,9.151666666666666
2022-04-12 05:00:00,9.249166666666667
2022-04-12 06:00:00,9.1575
2022-04-12 07:00:00,9.2875
2022-04-12 08:00:00,9.461666666666666
2022-04-12 09:00:00,9.128333333333334
2022-04-12 10:00:00,9.185833333333333
2022-04-12 11:00:00,9.388333333333334
2022-04-12 12:00:00,9.4275
2022-04-12 13:00:00,9.543333333333333
2022-04-12 14:00:00,9.480833333333333
2022-04-12 15:00:00,9.588333333333333
2022-04-12 16:00:00,9.7525
2022-04-12 17:00:00,9.663333333333332
2022-04-12 18:00:00,9.526666666666667
2022-04-12 19:00:00,9.504166666666666
2022-04-12 20:00:00,9.506666666666666
2022-04-12 21:00:00,9.4475
2022-04-12 22:00:00,9.116666666666667
2022-04-12 23:00:00,8.9
2022-04-13 00:00:00,8.516666666666667
2022-04-13 01:00:00,8.435833333333333
2022-04-13 02:00:00,8.629166666666666
2022-04-13 03:00:00,8.496666666666668
2022-04-13 04:00:00,8.445833333333333
2022-04-13 05:00:00,8.4175
2022-04-13 06:00:00,8.626666666666667
2022-04-13 07:00:00,8.905833333333334
2022-04-13 08:00:00,9.198333333333332
2022-04-13 09:00:00,9.2025
2022-04-13 10:00:00,9.750833333333333
2022-04-13 11:00:00,9.9425
2022-04-13 12:00:00,9.985
2022-04-13 13:00:00,10.286666666666667
2022-04-13 14:00:00,10.56
2022-04-13 15:00:00,10.4375
2022-04-13 16:00:00,10.285833333333333
2022-04-13 17:00:00,10.12
2022-04-13 18:00:00,10.16
2022-04-13 19:00:00,10.229999999999999
2022-04-13 20:00:00,9.911666666666667
2022-04-13 21:00:00,9.640833333333333
2022-04-13 22:00:00,9.5575
2022-04-13 23:00:00,9.859166666666667
2022-04-14 00:00:00,9.843333333333334
2022-04-14 01:00:00,10.2025
2022-04-14 02:00:00,10.435
2022-04-14 03:00:00,10.483333333333333
2022-04-14 04:00:00,10.359166666666667
2022-04-14 05:00:00,10.305
2022-04-14 06:00:00,10.583333333333334
2022-04-14 07:00:00,10.750833333333333
2022-04-14 08:00:00,10.62
2022-04-14 09:00:00,10.762500000000001
2022-04-14 10:00:00,10.85
2022-04-14 11:00:00,10.8225
2022-04-14 12:00:00,10.790833333333333
2022-04-14 13:00:00,10.81
2022-04-14 14:00:00,10.635
2022-04-14 15:00:00,10.245833333333334
2022-04-14 16:00:00,10.089166666666667
2022-04-14 17:00:00,10.035
2022-04-14 18:00:00,9.954166666666667
2022-04-14 19:00:00,10.040833333333333
2022-04-14 20:00:00,10.081666666666667
2022-04-14 21:00:00,10.616666666666667
2022-04-14 22:00:00,10.8125
2022-04-14 23:00:00,10.614166666666668
2022-04-15 00:00:00,10.238333333333333
2022-04-15 01:00:00,10.451666666666666
2022-04-15 02:00:00,10.465833333333334
2022-04-15 03:00:00,10.06
2022-04-15 04:00:00,10.2525
2022-04-15 05:00:00,10.435833333333333
2022-04-15 06:00:00,10.301666666666668
2022-04-15 07:00:00,10.285
2022-04-15 08:00:00,10.444166666666666
2022-04-15 09:00:00,8.406666666666666
2022-04-15 10:00:00,8.028333333333334
2022-04-15 11:00:00,8.0425
2022-04-15 12:00:00,6.166666666666667
2022-04-15 13:00:00,6.233333333333333
2022-04-15 14:00:00,6.8125
2022-04-15 15:00:00,6.913333333333333
2022-04-15 16:00:00,7.278333333333333
2022-04-15 17:00:00,7.237500000000001
2022-04-15 18:00:00,7.455000000000001
2022-04-15 19:00:00,7.019166666666667
2022-04-15 20:00:00,6.839166666666666
2022-04-15 21:00:00,7.174166666666667
2022-04-15 22:00:00,7.291666666666667
2022-04-15 23:00:00,7.2
2022-04-16 00:00:00,6.336666666666667
2022-04-16 01:00:00,5.801666666666667
2022-04-16 02:00:00,5.838333333333334
2022-04-16 03:00:00,5.998333333333334
2022-04-16 04:00:00,6.081666666666667
2022-04-16 05:00:00,6.2575
2022-04-16 06:00:00,6.345833333333332
2022-04-16 07:00:00,6.488333333333333
2022-04-16 08:00:00,6.588333333333334
2022-04-16 09:00:00,6.0925
2022-04-16 10:00:00,5.509166666666666
2022-04-16 11:00:00,5.820833333333333
2022-04-16 12:00:00,6.104166666666667
2022-04-16 13:00:00,6.566666666666666
2022-04-16 14:00:00,6.064166666666666
2022-04-16 15:00:00,6.208333333333333
2022-04-16 16:00:00,6.239999999999999
2022-04-16 17:00:00,6.845833333333334
2022-04-16 18:00:00,6.7925
2022-04-16 19:00:00,6.750833333333333
2022-04-16 20:00:00,6.560833333333334
2022-04-16 21:00:00,6.3741666666666665
2022-04-16 22:00:00,6.0575
2022-04-16 23:00:00,5.513333333333333
2022-04-17 00:00:00,5.324166666666667
2022-04-17 01:00:00,5.306666666666667
2022-04-17 02:00:00,5.258333333333334
2022-04-17 03:00:00,5.350833333333333
2022-04-17 04:00:00,5.350833333333333
2022-04-17 05:00:00,5.473333333333334
2022-04-17 06:00:00,5.418333333333333
2022-04-17 07:00:00,5.489166666666667
2022-04-17 08:00:00,5.665
2022-04-17 09:00:00,5.4925
2022-04-17 10:00:00,5.934166666666667
2022-04-17 11:00:00,5.8
2022-04-17 12:00:00,6.114999999999999
2022-04-17 13:00:00,6.5625
2022-04-17 14:00:00,6.8325
2022-04-17 15:00:00,6.9941666666666675
2022-04-17 16:00:00,7.038333333333333
2022-04-17 17:00:00,7.6499999999999995
2022-04-17 18:00:00,7.96
2022-04-17 19:00:00,7.925
2022-04-17 20:00:00,7.870833333333334
2022-04-17 21:00:00,8.005
2022-04-17 22:00:00,8.215833333333334
2022-04-17 23:00:00,8.378333333333334
2022-04-18 00:00:00,8.788333333333332
2022-04-18 01:00:00,8.974166666666667
2022-04-18 02:00:00,8.651666666666667
2022-04-18 03:00:00,8.509166666666667
2022-04-18 04:00:00,8.541666666666666
2022-04-18 05:00:00,8.370833333333334
2022-04-18 06:00:00,8.3075
2022-04-18 07:00:00,8.493333333333334
2022-04-18 08:00:00,8.368333333333334
2022-04-18 09:00:00,7.9941666666666675
2022-04-18 10:00:00,7.816666666666666
2022-04-18 11:00:00,7.578333333333333
2022-04-18 12:00:00,7.5683333333333325
2022-04-18 13:00:00,7.5566666666666675
2022-04-18 14:00:00,7.479166666666667
2022-04-18 15:00:00,7.404166666666666
2022-04-18 16:00:00,7.315833333333334
2022-04-18 17:00:00,7.079166666666667
2022-04-18 18:00:00,7.401666666666666
2022-04-18 19:00:00,7.4125000000000005
2022-04-18 20:00:00,7.526666666666666
2022-04-18 21:00:00,7.736666666666667
2022-04-18 22:00:00,7.719166666666666
2022-04-18 23:00:00,7.386666666666667
2022-04-19 00:00:00,6.805
2022-04-19 01:00:00,6.103333333333333
2022-04-19 02:00:00,6.019166666666667
2022-04-19 03:00:00,6.185833333333334
2022-04-19 04:00:00,6.379166666666666
2022-04-19 05:00:00,6.651666666666667
2022-04-19 06:00:00,6.340833333333333
2022-04-19 07:00:00,6.190833333333334
2022-04-19 08:00:00,6.267500000000001
2022-04-19 09:00:00,6.205000000000001
2022-04-19 10:00:00,6.019166666666666
2022-04-19 11:00:00,5.945
2022-04-19 12:00:00,5.800833333333333
2022-04-19 13:00:00,6.5025
2022-04-19 14:00:00,6.6308333333333325
2022-04-19 15:00:00,16.185833333333335
2022-04-19 16:00:00,6.245
2022-04-19 17:00:00,6.45
2022-04-19 18:00:00,6.679166666666666
2022-04-19 19:00:00,6.490833333333334
2022-04-19 20:00:00,6.254166666666666
2022-04-19 21:00:00,6.269166666666667
2022-04-19 22:00:00,6.419999999999999
2022-04-19 23:00:00,6.4175
2022-04-20 00:00:00,6.423333333333333
2022-04-20 01:00:00,6.611666666666667
2022-04-20 02:00:00,6.9425
2022-04-20 03:00:00,6.9941666666666675
2022-04-20 04:00:00,6.875
2022-04-20 05:00:00,7.131666666666667
2022-04-20 06:00:00,6.859166666666667
2022-04-20 07:00:00,6.797499999999999
2022-04-20 08:00:00,6.759166666666666
2022-04-20 09:00:00,6.781666666666666
2022-04-20 10:00:00,6.961666666666667
2022-04-20 11:00:00,6.6575
2022-04-20 12:00:00,5.848333333333334
2022-04-20 13:00:00,5.8741666666666665
2022-04-20 14:00:00,6.146666666666667
2022-04-20 15:00:00,5.928333333333334
2022-04-20 16:00:00,6.345
2022-04-20 17:00:00,6.556666666666666
2022-04-20 18:00:00,6.588333333333334
2022-04-20 19:00:00,6.6625000000000005
2022-04-20 20:00:00,6.841666666666668
2022-04-20 21:00:00,7.155
2022-04-20 22:00:00,7.398333333333333
2022-04-20 23:00:00,7.560833333333334
2022-04-21 00:00:00,7.596666666666667
2022-04-21 01:00:00,7.684166666666666
2022-04-21 02:00:00,7.706666666666666
2022-04-21 03:00:00,7.830000000000001
2022-04-21 04:00:00,7.6866666666666665
2022-04-21 05:00:00,7.595
2022-04-21 06:00:00,7.613333333333333
2022-04-21 07:00:00,7.745
2022-04-21 08:00:00,7.1433333333333335
2022-04-21 09:00:00,8.159166666666666
2022-04-21 10:00:00,8.230833333333333
2022-04-21 11:00:00,7.607499999999999
2022-04-21 12:00:00,7.458333333333333
2022-04-21 13:00:00,7.315
2022-04-21 14:00:00,7.305833333333332
2022-04-21 15:00:00,7.412499999999999
2022-04-21 16:00:00,7.616666666666667
2022-04-21 17:00:00,7.8116666666666665
2022-04-21 18:00:00,7.966666666666666
2022-04-21 19:00:00,8.0175
2022-04-21 20:00:00,8.051666666666668
2022-04-21 21:00:00,8.207500000000001
2022-04-21 22:00:00,8.1825
2022-04-21 23:00:00,7.995
2022-04-22 00:00:00,7.788333333333334
2022-04-22 01:00:00,7.8725
2022-04-22 02:00:00,7.825833333333333
2022-04-22 03:00:00,7.575833333333333
2022-04-22 04:00:00,7.446666666666666
2022-04-22 05:00:00,7.420833333333333
2022-04-22 06:00:00,7.255833333333334
2022-04-22 07:00:00,7.115833333333334
2022-04-22 08:00:00,7.1025
2022-04-22 09:00:00,7.0125
2022-04-22 10:00:00,6.566666666666666
2022-04-22 11:00:00,6.2775
2022-04-22 12:00:00,6.2375
2022-04-22 13:00:00,6.4675
2022-04-22 14:00:00,6.829999999999999
2022-04-22 15:00:00,6.8691666666666675
2022-04-22 16:00:00,7.3116666666666665
2022-04-22 17:00:00,7.370833333333334
2022-04-22 18:00:00,7.375
2022-04-22 19:00:00,7.3825
2022-04-22 20:00:00,7.195
2022-04-22 21:00:00,7.001666666666666
2022-04-22 22:00:00,6.845833333333334
2022-04-22 23:00:00,7.165
2022-04-23 00:00:00,6.785833333333333
2022-04-23 01:00:00,5.640833333333333
2022-04-23 02:00:00,5.283333333333333
2022-04-23 03:00:00,5.109166666666667
2022-04-23 04:00:00,4.8758333333333335
2022-04-23 05:00:00,4.7941666666666665
2022-04-23 06:00:00,5.013333333333333
2022-04-23 07:00:00,5.070833333333334
2022-04-23 08:00:00,4.034166666666667
2022-04-23 09:00:00,3.019166666666667
2022-04-23 10:00:00,2.67
2022-04-23 11:00:00,2.830833333333333
2022-04-23 12:00:00,2.5741666666666667
2022-04-23 13:00:00,2.4466666666666668
2022-04-23 14:00:00,2.4125
2022-04-23 15:00:00,2.2291666666666665
2022-04-23 16:00:00,2.1216666666666666
2022-04-23 17:00:00,2.089166666666667
2022-04-23 18:00:00,2.1425
2022-04-23 19:00:00,2.1216666666666666
2022-04-23 20:00:00,2.155
2022-04-23 21:00:00,2.191666666666667
2022-04-23 22:00:00,2.25
2022-04-23 23:00:00,2.3025
2022-04-24 00:00:00,2.1283333333333334
2022-04-24 01:00:00,2.1075
2022-04-24 02:00:00,2.1566666666666667
2022-04-24 03:00:00,2.0933333333333333
2022-04-24 04:00:00,2.1466666666666665
2022-04-24 05:00:00,2.1950000000000003
2022-04-24 06:00:00,2.045833333333333
2022-04-24 07:00:00,2.1525000000000003
2022-04-24 08:00:00,2.200833333333333
2022-04-24 09:00:00,2.1075
2022-04-24 10:00:00,2.0875
2022-04-24 11:00:00,2.0991666666666666
2022-04-24 12:00:00,26.641666666666666
2022-04-24 13:00:00,2.1566666666666667
2022-04-24 14:00:00,2.14
2022-04-24 15:00:00,3.0908333333333338
2022-04-24 16:00:00,4.340833333333333
2022-04-24 17:00:00,4.2283333333333335
2022-04-24 18:00:00,4.168333333333334
2022-04-24 19:00:00,4.095
2022-04-24 20:00:00,4.153333333333333
2022-04-24 21:00:00,4.1375
2022-04-24 22:00:00,4.1775
2022-04-24 23:00:00,4.288333333333333
2022-04-25 00:00:00,4.266666666666667
2022-04-25 01:00:00,5.055833333333333
2022-04-25 02:00:00,5.065833333333333
2022-04-25 03:00:00,5.357500000000001
2022-04-25 04:00:00,5.572500000000001
2022-04-25 05:00:00,6.343333333333334
2022-04-25 06:00:00,7.416666666666667
2022-04-25 07:00:00,8.681666666666667
2022-04-25 08:00:00,9.3575
2022-04-25 09:00:00,9.9875
2022-04-25 10:00:00,9.501666666666667
2022-04-25 11:00:00,9.7875
2022-04-25 12:00:00,9.327499999999999
2022-04-25 13:00:00,9.405833333333334
2022-04-25 14:00:00,9.650833333333333
2022-04-25 15:00:00,9.251666666666667
2022-04-25 16:00:00,9.852500000000001
2022-04-25 17:00:00,9.92
2022-04-25 18:00:00,10.07
2022-04-25 19:00:00,9.824166666666667
2022-04-25 20:00:00,9.878333333333332
2022-04-25 21:00:00,9.993333333333334
2022-04-25 22:00:00,10.235833333333334
2022-04-25 23:00:00,9.881666666666666
2022-04-26 00:00:00,8.906666666666666
2022-04-26 01:00:00,8.236666666666666
2022-04-26 02:00:00,8.0125
2022-04-26 03:00:00,7.973333333333334
2022-04-26 04:00:00,8.479999999999999
2022-04-26 05:00:00,8.589166666666666
2022-04-26 06:00:00,8.790833333333333
2022-04-26 07:00:00,9.045
2022-04-26 08:00:00,9.28
2022-04-26 09:00:00,9.370833333333334
2022-04-26 10:00:00,10.4075
2022-04-26 11:00:00,10.87
2022-04-26 12:00:00,10.385833333333334
2022-04-26 13:00:00,10.338333333333333
2022-04-26 14:00:00,9.353333333333333
2022-04-26 15:00:00,9.5575
2022-04-26 16:00:00,9.414166666666667
2022-04-26 17:00:00,8.964166666666666
2022-04-26 18:00:00,8.739166666666668
2022-04-26 19:00:00,8.795833333333333
2022-04-26 20:00:00,9.147499999999999
2022-04-26 21:00:00,9.309166666666666
2022-04-26 22:00:00,9.233333333333333
2022-04-26 23:00:00,9.234166666666667
2022-04-27 00:00:00,8.8725
2022-04-27 01:00:00,8.591666666666667
2022-04-27 02:00:00,8.57
2022-04-27 03:00:00,8.694166666666666
2022-04-27 04:00:00,8.795
2022-04-27 05:00:00,9.259166666666667
2022-04-27 06:00:00,9.425833333333333
2022-04-27 07:00:00,9.316666666666666
2022-04-27 08:00:00,9.195833333333333
2022-04-27 09:00:00,8.24
2022-04-27 10:00:00,7.8
2022-04-27 11:00:00,7.854166666666667
2022-04-27 12:00:00,8.2425
2022-04-27 13:00:00,9.391666666666667
2022-04-27 14:00:00,9.703333333333333
2022-04-27 15:00:00,11.410833333333334
2022-04-27 16:00:00,11.6875
2022-04-27 17:00:00,12.288333333333334
2022-04-27 18:00:00,12.549999999999999
2022-04-27 19:00:00,11.762500000000001
2022-04-27 20:00:00,12.204166666666666
2022-04-27 21:00:00,12.775
2022-04-27 22:00:00,12.049999999999999
2022-04-27 23:00:00,11.538333333333334
2022-04-28 00:00:00,11.082500000000001
2022-04-28 01:00:00,10.915833333333333
2022-04-28 02:00:00,11.173333333333334
2022-04-28 03:00:00,11.691666666666665
2022-04-28 04:00:00,11.204166666666666
2022-04-28 05:00:00,11.0475
2022-04-28 06:00:00,11.624166666666667
2022-04-28 07:00:00,11.326666666666666
2022-04-28 08:00:00,10.209166666666667
2022-04-28 09:00:00,9.361666666666666
2022-04-28 10:00:00,11.010833333333332
2022-04-28 11:00:00,10.7675
2022-04-28 12:00:00,10.619166666666667
2022-04-28 13:00:00,11.245
2022-04-28 14:00:00,11.035833333333334
2022-04-28 15:00:00,11.155833333333334
2022-04-28 16:00:00,11.040833333333333
2022-04-28 17:00:00,10.875833333333333
2022-04-28 18:00:00,10.979999999999999
2022-04-28 19:00:00,11.236666666666666
2022-04-28 20:00:00,11.608333333333333
2022-04-28 21:00:00,11.383333333333333
2022-04-28 22:00:00,10.489166666666668
2022-04-28 23:00:00,10.484166666666667
2022-04-29 00:00:00,10.6775
2022-04-29 01:00:00,10.871666666666668
2022-04-29 02:00:00,10.555833333333334
2022-04-29 03:00:00,10.440833333333332
2022-04-29 04:00:00,11.189166666666667
2022-04-29 05:00:00,11.445833333333333
2022-04-29 06:00:00,11.039166666666667
2022-04-29 07:00:00,12.356666666666667
2022-04-29 08:00:00,12.74
2022-04-29 09:00:00,12.236666666666666
2022-04-29 10:00:00,11.754166666666668
2022-04-29 11:00:00,11.387500000000001
2022-04-29 12:00:00,11.029166666666667
2022-04-29 13:00:00,11.030000000000001
2022-04-29 14:00:00,10.976666666666667
2022-04-29 15:00:00,10.798333333333332
2022-04-29 16:00:00,6.885833333333333
2022-04-29 17:00:00,7.0475
2022-04-29 18:00:00,7.685833333333334
2022-04-29 19:00:00,8.485833333333334
2022-04-29 20:00:00,9.444166666666666
2022-04-29 21:00:00,9.344166666666666
2022-04-29 22:00:00,7.854166666666667
2022-04-29 23:00:00,6.660833333333334
2022-04-30 00:00:00,5.599166666666666
2022-04-30 01:00:00,4.8549999999999995
2022-04-30 02:00:00,4.0616666666666665
2022-04-30 03:00:00,3.8408333333333338
2022-04-30 04:00:00,3.6758333333333333
2022-04-30 05:00:00,3.5825
2022-04-30 06:00:00,3.44
2022-04-30 07:00:00,3.5366666666666666
2022-04-30 08:00:00,3.4375
2022-04-30 09:00:00,3.7575000000000003
2022-04-30 10:00:00,4.679166666666666
2022-04-30 11:00:00,4.6241666666666665
2022-04-30 12:00:00,3.9408333333333334
2022-04-30 13:00:00,3.7775
2022-04-30 14:00:00,3.3641666666666663
2022-04-30 15:00:00,3.1275
2022-04-30 16:00:00,2.89
2022-04-30 17:00:00,2.9691666666666663
2022-04-30 18:00:00,3.640833333333333
2022-04-30 19:00:00,4.289166666666667
2022-04-30 20:00:00,4.4799999999999995
2022-04-30 21:00:00,4.67
2022-04-30 22:00:00,5.0649999999999995
2022-04-30 23:00:00,4.5200000000000005
2022-05-01 00:00:00,2.8358333333333334
2022-05-01 01:00:00,2.2825
2022-05-01 02:00:00,1.4408333333333332
2022-05-01 03:00:00,1.5516666666666665
2022-05-01 04:00:00,1.491666666666667
2022-05-01 05:00:00,1.8166666666666667
2022-05-01 06:00:00,1.8466666666666667
2022-05-01 07:00:00,2.058333333333333
2022-05-01 08:00:00,2.2708333333333335
2022-05-01 09:00:00,2.0733333333333337
2022-05-01 10:00:00,10.374999999999998
2022-05-01 11:00:00,4.2525
2022-05-01 12:00:00,3.0050000000000003
2022-05-01 13:00:00,3.3725
2022-05-01 14:00:00,4.6825
2022-05-01 15:00:00,5.041666666666667
2022-05-01 16:00:00,5.581666666666667
2022-05-01 17:00:00,5.348333333333333
2022-05-01 18:00:00,5.1725
2022-05-01 19:00:00,5.736666666666667
2022-05-01 20:00:00,5.554166666666667
2022-05-01 21:00:00,5.766666666666667
2022-05-01 22:00:00,5.84
2022-05-01 23:00:00,5.953333333333333
2022-05-02 00:00:00,6.031666666666666
2022-05-02 01:00:00,5.711666666666666
2022-05-02 02:00:00,6.5441666666666665
2022-05-02 03:00:00,6.416666666666667
2022-05-02 04:00:00,8.8075
2022-05-02 05:00:00,9.9
2022-05-02 06:00:00,10.400833333333333
2022-05-02 07:00:00,9.92
2022-05-02 08:00:00,9.8175
2022-05-02 09:00:00,8.830833333333333
2022-05-02 10:00:00,8.1975
2022-05-02 11:00:00,7.59
2022-05-02 12:00:00,7.125
2022-05-02 13:00:00,7.031666666666666
2022-05-02 14:00:00,6.949166666666667
2022-05-02 15:00:00,6.551666666666667
2022-05-02 16:00:00,7.140833333333333
2022-05-02 17:00:00,7.470833333333332
2022-05-02 18:00:00,8.873333333333333
2022-05-02 19:00:00,9.113333333333333
2022-05-02 20:00:00,8.796666666666667
2022-05-02 21:00:00,8.0825
2022-05-02 22:00:00,7.194166666666667
2022-05-02 23:00:00,6.7275
2022-05-03 00:00:00,6.708333333333333
2022-05-03 01:00:00,7.07
2022-05-03 02:00:00,7.475833333333334
2022-05-03 03:00:00,7.894166666666667
2022-05-03 04:00:00,7.908333333333334
2022-05-03 05:00:00,7.930833333333333
2022-05-03 06:00:00,8.004166666666666
2022-05-03 07:00:00,8.741666666666667
2022-05-03 08:00:00,9.420833333333333
2022-05-03 09:00:00,9.975
2022-05-03 10:00:00,10.225833333333334
2022-05-03 11:00:00,9.494166666666667
2022-05-03 12:00:00,8.720833333333333
2022-05-03 13:00:00,9.611666666666666
2022-05-03 14:00:00,9.315833333333334
2022-05-03 15:00:00,9.077499999999999
2022-05-03 16:00:00,10.021666666666667
2022-05-03 17:00:00,9.897499999999999
2022-05-03 18:00:00,8.977500000000001
2022-05-03 19:00:00,9.06
2022-05-03 20:00:00,9.028333333333334
2022-05-03 21:00:00,8.477500000000001
2022-05-03 22:00:00,8.085833333333333
2022-05-03 23:00:00,7.685833333333334
2022-05-04 00:00:00,7.139166666666667
2022-05-04 01:00:00,6.7941666666666665
2022-05-04 02:00:00,6.525833333333334
2022-05-04 03:00:00,6.5675
2022-05-04 04:00:00,6.5625
2022-05-04 05:00:00,6.56
2022-05-04 06:00:00,6.511666666666667
2022-05-04 07:00:00,6.385833333333334
2022-05-04 08:00:00,6.555833333333333
2022-05-04 09:00:00,6.841666666666666
2022-05-04 10:00:00,7.31
2022-05-04 11:00:00,7.7683333333333335
2022-05-04 12:00:00,7.7008333333333345
2022-05-04 13:00:00,7.545833333333333
2022-05-04 14:00:00,7.285
2022-05-04 15:00:00,6.969166666666666
2022-05-04 16:00:00,6.7425
2022-05-04 17:00:00,6.7250000000000005
2022-05-04 18:00:00,7.556666666666666
2022-05-04 19:00:00,7.955000000000001
2022-05-04 20:00:00,9.055
2022-05-04 21:00:00,9.424166666666666
2022-05-04 22:00:00,9.668333333333333
2022-05-04 23:00:00,9.935833333333333
2022-05-05 00:00:00,9.463333333333333
2022-05-05 01:00:00,9.81
2022-05-05 02:00:00,9.85
2022-05-05 03:00:00,9.516666666666667
2022-05-05 04:00:00,8.895833333333334
2022-05-05 05:00:00,7.613333333333333
2022-05-05 06:00:00,5.145
2022-05-05 07:00:00,5.1125
2022-05-05 08:00:00,5.011666666666667
2022-05-05 09:00:00,4.969166666666667
2022-05-05 10:00:00,4.929166666666666
2022-05-05 11:00:00,4.9
2022-05-05 12:00:00,5.0925
2022-05-05 13:00:00,5.218333333333334
2022-05-05 14:00:00,5.596666666666667
2022-05-05 15:00:00,11.854166666666666
2022-05-05 16:00:00,6.635833333333333
2022-05-05 17:00:00,5.850833333333334
2022-05-05 18:00:00,5.528333333333333
2022-05-05 19:00:00,6.028333333333333
2022-05-05 20:00:00,7.427499999999999
2022-05-05 21:00:00,7.745833333333334
2022-05-05 22:00:00,8.6875
2022-05-05 23:00:00,9.506666666666666
2022-05-06 00:00:00,10.616666666666667
2022-05-06 01:00:00,10.365833333333333
2022-05-06 02:00:00,10.581666666666667
2022-05-06 03:00:00,10.738333333333335
2022-05-06 04:00:00,10.636666666666667
2022-05-06 05:00:00,10.600833333333332
2022-05-06 06:00:00,10.836666666666666
2022-05-06 07:00:00,11.0725
2022-05-06 08:00:00,11.4
2022-05-06 09:00:00,11.189166666666667
2022-05-06 10:00:00,11.315
2022-05-06 11:00:00,11.058333333333332
2022-05-06 12:00:00,10.643333333333333
2022-05-06 13:00:00,10.348333333333334
2022-05-06 14:00:00,10.2775
2022-05-06 15:00:00,10.5425
2022-05-06 16:00:00,10.718333333333334
2022-05-06 17:00:00,10.563333333333333
2022-05-06 18:00:00,10.345833333333333
2022-05-06 19:00:00,9.765833333333333
2022-05-06 20:00:00,9.285833333333334
2022-05-06 21:00:00,8.768333333333333
2022-05-06 22:00:00,8.495
2022-05-06 23:00:00,6.031666666666666
2022-05-07 00:00:00,4.1033333333333335
2022-05-07 01:00:00,4.083333333333333
2022-05-07 02:00:00,4.009166666666666
2022-05-07 03:00:00,4.158333333333333
2022-05-07 04:00:00,4.279166666666667
2022-05-07 05:00:00,4.344166666666666
2022-05-07 06:00:00,4.4799999999999995
2022-05-07 07:00:00,4.608333333333333
2022-05-07 08:00:00,4.629166666666666
2022-05-07 09:00:00,4.795833333333333
2022-05-07 10:00:00,5.243333333333333
2022-05-07 11:00:00,5.453333333333333
2022-05-07 12:00:00,5.655
2022-05-07 13:00:00,5.7825
2022-05-07 14:00:00,6.046666666666667
2022-05-07 15:00:00,6.394166666666667
2022-05-07 16:00:00,6.5441666666666665
2022-05-07 17:00:00,6.609999999999999
2022-05-07 18:00:00,6.895833333333333
2022-05-07 19:00:00,7.043333333333333
2022-05-07 20:00:00,6.9175
2022-05-07 21:00:00,6.949999999999999
2022-05-07 22:00:00,6.655833333333334
2022-05-07 23:00:00,5.887499999999999
2022-05-08 00:00:00,4.6225
2022-05-08 01:00:00,2.671666666666667
2022-05-08 02:00:00,2.6975
2022-05-08 03:00:00,2.6649999999999996
2022-05-08 04:00:00,2.6391666666666667
2022-05-08 05:00:00,2.8625000000000003
2022-05-08 06:00:00,2.8125
2022-05-08 07:00:00,2.6841666666666666
2022-05-08 08:00:00,2.705
2022-05-08 09:00:00,2.8958333333333335
2022-05-08 10:00:00,6.279166666666668
2022-05-08 11:00:00,3.545
2022-05-08 12:00:00,3.2175
2022-05-08 13:00:00,4.6925
2022-05-08 14:00:00,5.760833333333333
2022-05-08 15:00:00,6.789166666666667
2022-05-08 16:00:00,7.4425
2022-05-08 17:00:00,7.195833333333333
2022-05-08 18:00:00,7.035
2022-05-08 19:00:00,7.046666666666667
2022-05-08 20:00:00,7.1066666666666665
2022-05-08 21:00:00,7.146666666666667
2022-05-08 22:00:00,7.415
2022-05-08 23:00:00,7.353333333333333
2022-05-09 00:00:00,7.381666666666667
2022-05-09 01:00:00,7.8758333333333335
2022-05-09 02:00:00,7.759166666666666
2022-05-09 03:00:00,7.770833333333333
2022-05-09 04:00:00,8.178333333333333
2022-05-09 05:00:00,8.490833333333333
2022-05-09 06:00:00,10.040000000000001
2022-05-09 07:00:00,10.319166666666666
2022-05-09 08:00:00,10.425833333333333
2022-05-09 09:00:00,10.334999999999999
2022-05-09 10:00:00,10.318333333333333
2022-05-09 11:00:00,10.009166666666667
2022-05-09 12:00:00,10.0725
2022-05-09 13:00:00,9.793333333333333
2022-05-09 14:00:00,10.409999999999998
2022-05-09 15:00:00,11.278333333333334
2022-05-09 16:00:00,10.576666666666666
2022-05-09 17:00:00,10.8025
2022-05-09 18:00:00,11.3175
2022-05-09 19:00:00,11.203333333333333
2022-05-09 20:00:00,11.292499999999999
2022-05-09 21:00:00,11.3025
2022-05-09 22:00:00,11.274166666666666
2022-05-09 23:00:00,11.180833333333334
2022-05-10 00:00:00,11.101666666666667
2022-05-10 01:00:00,11.141666666666666
2022-05-10 02:00:00,10.99
2022-05-10 03:00:00,10.956666666666665
2022-05-10 04:00:00,11.0875
2022-05-10 05:00:00,11.06
2022-05-10 06:00:00,10.748333333333335
2022-05-10 07:00:00,10.781666666666666
2022-05-10 08:00:00,10.511666666666667
2022-05-10 09:00:00,10.815833333333332
2022-05-10 10:00:00,10.92
2022-05-10 11:00:00,11.191666666666665
2022-05-10 12:00:00,11.308333333333332
2022-05-10 13:00:00,11.37
2022-05-10 14:00:00,11.479166666666666
2022-05-10 15:00:00,11.436666666666667
2022-05-10 16:00:00,11.604999999999999
2022-05-10 17:00:00,11.701666666666668
2022-05-10 18:00:00,11.755
2022-05-10 19:00:00,11.92
2022-05-10 20:00:00,11.8575
2022-05-10 21:00:00,11.455833333333333
2022-05-10 22:00:00,10.663333333333334
2022-05-10 23:00:00,9.186666666666666
2022-05-11 00:00:00,8.078333333333333
2022-05-11 01:00:00,7.4558333333333335
2022-05-11 02:00:00,7.3475
2022-05-11 03:00:00,7.569166666666667
2022-05-11 04:00:00,8.145000000000001
2022-05-11 05:00:00,8.574166666666667
2022-05-11 06:00:00,8.6275
2022-05-11 07:00:00,8.647499999999999
2022-05-11 08:00:00,9.186666666666666
2022-05-11 09:00:00,9.708333333333334
2022-05-11 10:00:00,10.006666666666666
2022-05-11 11:00:00,10.6625
2022-05-11 12:00:00,10.646666666666667
2022-05-11 13:00:00,10.840833333333334
2022-05-11 14:00:00,10.471666666666666
2022-05-11 15:00:00,10.230833333333333
2022-05-11 16:00:00,10.36
2022-05-11 17:00:00,10.5575
2022-05-11 18:00:00,10.260833333333332
2022-05-11 19:00:00,10.4125
2022-05-11 20:00:00,11.543333333333335
2022-05-11 21:00:00,12.334166666666667
2022-05-11 22:00:00,12.344166666666666
2022-05-11 23:00:00,11.081666666666665
2022-05-12 00:00:00,9.655833333333334
2022-05-12 01:00:00,9.0025
2022-05-12 02:00:00,9.109166666666667
2022-05-12 03:00:00,9.92
2022-05-12 04:00:00,10.4275
2022-05-12 05:00:00,11.298333333333332
2022-05-12 06:00:00,11.806666666666667
2022-05-12 07:00:00,11.770000000000001
2022-05-12 08:00:00,11.765
2022-05-12 09:00:00,11.731666666666667
2022-05-12 10:00:00,12.265
2022-05-12 11:00:00,12.399999999999999
2022-05-12 12:00:00,12.505
2022-05-12 13:00:00,12.6775
2022-05-12 14:00:00,12.840833333333334
2022-05-12 15:00:00,12.67
2022-05-12 16:00:00,12.884166666666665
2022-05-12 17:00:00,12.976666666666667
2022-05-12 18:00:00,12.989166666666668
2022-05-12 19:00:00,13.075833333333334
2022-05-12 20:00:00,13.137500000000001
2022-05-12 21:00:00,13.147499999999999
2022-05-12 22:00:00,13.350833333333334
2022-05-12 23:00:00,13.199166666666665
2022-05-13 00:00:00,13.005833333333333
2022-05-13 01:00:00,12.65
2022-05-13 02:00:00,12.409166666666666
2022-05-13 03:00:00,12.125
2022-05-13 04:00:00,11.7575
2022-05-13 05:00:00,11.450833333333334
2022-05-13 06:00:00,11.198333333333332
2022-05-13 07:00:00,10.909999999999998
2022-05-13 08:00:00,11.1175
2022-05-13 09:00:00,10.8775
2022-05-13 10:00:00,10.911666666666667
2022-05-13 11:00:00,11.064166666666667
2022-05-13 12:00:00,10.973333333333334
2022-05-13 13:00:00,11.11
2022-05-13 14:00:00,11.200000000000001
2022-05-13 15:00:00,11.6025
2022-05-13 16:00:00,12.299999999999999
2022-05-13 17:00:00,12.483333333333334
2022-05-13 18:00:00,12.860833333333334
2022-05-13 19:00:00,12.750833333333333
2022-05-13 20:00:00,12.200833333333334
2022-05-13 21:00:00,12.215000000000002
2022-05-13 22:00:00,11.4225
2022-05-13 23:00:00,8.66
2022-05-14 00:00:00,6.0058333333333325
2022-05-14 01:00:00,6.03
2022-05-14 02:00:00,5.541666666666667
2022-05-14 03:00:00,5.29
2022-05-14 04:00:00,5.320833333333333
2022-05-14 05:00:00,5.173333333333333
2022-05-14 06:00:00,5.175
2022-05-14 07:00:00,5.011666666666667
2022-05-14 08:00:00,5.020833333333333
2022-05-14 09:00:00,4.9675
2022-05-14 10:00:00,5.3275
2022-05-14 11:00:00,5.378333333333334
2022-05-14 12:00:00,5.228333333333333
2022-05-14 13:00:00,5.405833333333334
2022-05-14 14:00:00,5.439166666666666
2022-05-14 15:00:00,5.338333333333334
2022-05-14 16:00:00,5.444166666666667
2022-05-14 17:00:00,5.471666666666667
2022-05-14 18:00:00,5.676666666666667
2022-05-14 19:00:00,5.695
2022-05-14 20:00:00,5.634166666666666
2022-05-14 21:00:00,5.319166666666667
2022-05-14 22:00:00,4.680833333333333
2022-05-14 23:00:00,4.170833333333333
2022-05-15 00:00:00,3.8683333333333336
2022-05-15 01:00:00,2.3858333333333337
2022-05-15 02:00:00,1.72
2022-05-15 03:00:00,1.6258333333333332
2022-05-15 04:00:00,1.4416666666666667
2022-05-15 05:00:00,1.3916666666666666
2022-05-15 06:00:00,1.3666666666666665
2022-05-15 07:00:00,1.3783333333333332
2022-05-15 08:00:00,1.3616666666666666
2022-05-15 09:00:00,1.5108333333333333
2022-05-15 10:00:00,1.4866666666666666
2022-05-15 11:00:00,14.899999999999999
2022-05-15 12:00:00,3.804166666666667
2022-05-15 13:00:00,1.9833333333333334
2022-05-15 14:00:00,3.0875
2022-05-15 15:00:00,3.1191666666666666
2022-05-15 16:00:00,3.339166666666667
2022-05-15 17:00:00,4.3825
2022-05-15 18:00:00,4.745
2022-05-15 19:00:00,4.93
2022-05-15 20:00:00,4.955
2022-05-15 21:00:00,5.8125
2022-05-15 22:00:00,6.909166666666667
2022-05-15 23:00:00,6.7525
2022-05-16 00:00:00,7.644166666666667
2022-05-16 01:00:00,8.709166666666667
2022-05-16 02:00:00,9.856666666666667
2022-05-16 03:00:00,9.429166666666667
2022-05-16 04:00:00,9.378333333333332
2022-05-16 05:00:00,9.984166666666667
2022-05-16 06:00:00,10.235
2022-05-16 07:00:00,10.126666666666667
2022-05-16 08:00:00,9.8725
2022-05-16 09:00:00,9.845833333333333
2022-05-16 10:00:00,9.815
2022-05-16 11:00:00,9.35
2022-05-16 12:00:00,9.026666666666666
2022-05-16 13:00:00,9.009166666666667
2022-05-16 14:00:00,8.7675
2022-05-16 15:00:00,8.6925
2022-05-16 16:00:00,9.101666666666667
2022-05-16 17:00:00,9.041666666666666
2022-05-16 18:00:00,9.134166666666667
2022-05-16 19:00:00,9.199166666666667
2022-05-16 20:00:00,9.060833333333333
2022-05-16 21:00:00,9.495833333333334
2022-05-16 22:00:00,10.883333333333333
2022-05-16 23:00:00,12.599166666666667
2022-05-17 00:00:00,13.1275
2022-05-17 01:00:00,12.9475
2022-05-17 02:00:00,13.1425
2022-05-17 03:00:00,13.153333333333334
2022-05-17 04:00:00,13.0
2022-05-17 05:00:00,12.779166666666667
2022-05-17 06:00:00,12.806666666666667
2022-05-17 07:00:00,12.369166666666667
2022-05-17 08:00:00,12.0725
2022-05-17 09:00:00,11.666666666666666
2022-05-17 10:00:00,11.490833333333333
2022-05-17 11:00:00,11.375833333333333
2022-05-17 12:00:00,11.604166666666666
2022-05-17 13:00:00,11.722499999999998
2022-05-17 14:00:00,12.224166666666667
2022-05-17 15:00:00,11.830833333333333
2022-05-17 16:00:00,11.485833333333334
2022-05-17 17:00:00,11.5775
2022-05-17 18:00:00,11.4525
2022-05-17 19:00:00,11.253333333333332
2022-05-17 20:00:00,11.273333333333333
2022-05-17 21:00:00,11.251666666666667
2022-05-17 22:00:00,11.306666666666667
2022-05-17 23:00:00,11.343333333333334
2022-05-18 00:00:00,11.160000000000002
2022-05-18 01:00:00,11.01
2022-05-18 02:00:00,11.029166666666667
2022-05-18 03:00:00,11.099166666666667
2022-05-18 04:00:00,11.001666666666667
2022-05-18 05:00:00,11.014166666666666
2022-05-18 06:00:00,11.08
2022-05-18 07:00:00,11.176666666666668
2022-05-18 08:00:00,11.381666666666668
2022-05-18 09:00:00,11.286666666666667
2022-05-18 10:00:00,11.265833333333333
2022-05-18 11:00:00,11.279166666666667
2022-05-18 12:00:00,11.084166666666667
2022-05-18 13:00:00,11.254166666666665
2022-05-18 14:00:00,11.398333333333333
2022-05-18 15:00:00,11.474166666666667
2022-05-18 16:00:00,11.2575
2022-05-18 17:00:00,11.3025
2022-05-18 18:00:00,11.544166666666667
2022-05-18 19:00:00,11.461666666666666
2022-05-18 20:00:00,11.373333333333333
2022-05-18 21:00:00,10.949166666666665
2022-05-18 22:00:00,10.403333333333334
2022-05-18 23:00:00,9.754166666666666
2022-05-19 00:00:00,9.52
2022-05-19 01:00:00,9.542499999999999
2022-05-19 02:00:00,9.583333333333334
2022-05-19 03:00:00,9.82
2022-05-19 04:00:00,10.8125
2022-05-19 05:00:00,11.846666666666666
2022-05-19 06:00:00,12.039166666666667
2022-05-19 07:00:00,12.1075
2022-05-19 08:00:00,11.725
2022-05-19 09:00:00,11.331666666666665
2022-05-19 10:00:00,11.236666666666666
2022-05-19 11:00:00,11.316666666666668
2022-05-19 12:00:00,11.356666666666667
2022-05-19 13:00:00,11.3575
2022-05-19 14:00:00,11.3275
2022-05-19 15:00:00,11.243333333333334
2022-05-19 16:00:00,12.082500000000001
2022-05-19 17:00:00,12.610833333333334
2022-05-19 18:00:00,12.370833333333332
2022-05-19 19:00:00,12.181666666666667
2022-05-19 20:00:00,11.820833333333333
2022-05-19 21:00:00,11.338333333333333
2022-05-19 22:00:00,10.726666666666667
2022-05-19 23:00:00,10.56
2022-05-20 00:00:00,10.573333333333334
2022-05-20 01:00:00,10.748333333333333
2022-05-20 02:00:00,10.815
2022-05-20 03:00:00,10.909999999999998
2022-05-20 04:00:00,11.152500000000002
2022-05-20 05:00:00,11.417499999999999
2022-05-20 06:00:00,11.445833333333333
2022-05-20 07:00:00,11.549999999999999
2022-05-20 08:00:00,11.340833333333334
2022-05-20 09:00:00,10.874166666666667
2022-05-20 10:00:00,11.025
2022-05-20 11:00:00,10.758333333333333
2022-05-20 12:00:00,10.543333333333333
2022-05-20 13:00:00,10.451666666666666
2022-05-20 14:00:00,10.465
2022-05-20 15:00:00,10.548333333333334
2022-05-20 16:00:00,10.690833333333332
2022-05-20 17:00:00,10.840000000000002
2022-05-20 18:00:00,11.099166666666667
2022-05-20 19:00:00,11.470833333333333
2022-05-20 20:00:00,11.725
2022-05-20 21:00:00,12.678333333333333
2022-05-20 22:00:00,12.240833333333333
2022-05-20 23:00:00,10.106666666666667
2022-05-21 00:00:00,8.0675
2022-05-21 01:00:00,6.774166666666667
2022-05-21 02:00:00,6.77
2022-05-21 03:00:00,6.773333333333333
2022-05-21 04:00:00,6.86
2022-05-21 05:00:00,7.001666666666666
2022-05-21 06:00:00,6.898333333333333
2022-05-21 07:00:00,7.021666666666666
2022-05-21 08:00:00,6.998333333333334
2022-05-21 09:00:00,6.910833333333333
2022-05-21 10:00:00,6.944166666666667
2022-05-21 11:00:00,6.780833333333334
2022-05-21 12:00:00,6.633333333333333
2022-05-21 13:00:00,6.621666666666667
2022-05-21 14:00:00,6.615833333333334
2022-05-21 15:00:00,6.670833333333333
2022-05-21 16:00:00,6.559166666666666
2022-05-21 17:00:00,6.484166666666667
2022-05-21 18:00:00,6.529166666666666
2022-05-21 19:00:00,6.459166666666667
2022-05-21 20:00:00,6.355
2022-05-21 21:00:00,6.123333333333334
2022-05-21 22:00:00,5.798333333333333
2022-05-21 23:00:00,5.5183333333333335
2022-05-22 00:00:00,6.095
2022-05-22 01:00:00,5.765833333333333
2022-05-22 02:00:00,5.799166666666667
2022-05-22 03:00:00,5.711666666666666
2022-05-22 04:00:00,5.695833333333333
2022-05-22 05:00:00,5.7941666666666665
2022-05-22 06:00:00,5.9075
2022-05-22 07:00:00,5.863333333333333
2022-05-22 08:00:00,5.8183333333333325
2022-05-22 09:00:00,5.840833333333333
2022-05-22 10:00:00,5.654166666666666
2022-05-22 11:00:00,5.498333333333334
2022-05-22 12:00:00,5.466666666666666
2022-05-22 13:00:00,5.581666666666667
2022-05-22 14:00:00,5.483333333333333
2022-05-22 15:00:00,5.815833333333334
2022-05-22 16:00:00,5.9575
2022-05-22 17:00:00,5.890000000000001
2022-05-22 18:00:00,6.183333333333333
2022-05-22 19:00:00,6.4525
2022-05-22 20:00:00,6.614999999999999
2022-05-22 21:00:00,8.9875
2022-05-22 22:00:00,7.720833333333334
2022-05-22 23:00:00,7.818333333333334
2022-05-23 00:00:00,8.073333333333332
2022-05-23 01:00:00,9.7325
2022-05-23 02:00:00,11.173333333333334
2022-05-23 03:00:00,11.001666666666667
2022-05-23 04:00:00,10.963333333333333
2022-05-23 05:00:00,10.759166666666667
2022-05-23 06:00:00,10.720833333333333
2022-05-23 07:00:00,10.889166666666668
2022-05-23 08:00:00,10.8975
2022-05-23 09:00:00,10.855833333333335
2022-05-23 10:00:00,10.079166666666667
2022-05-23 11:00:00,9.294166666666667
2022-05-23 12:00:00,8.565833333333334
2022-05-23 13:00:00,8.48
2022-05-23 14:00:00,8.369166666666667
2022-05-23 15:00:00,8.4975
2022-05-23 16:00:00,8.373333333333333
2022-05-23 17:00:00,9.155
2022-05-23 18:00:00,11.134166666666667
2022-05-23 19:00:00,11.4375
2022-05-23 20:00:00,11.321666666666667
2022-05-23 21:00:00,11.012500000000001
2022-05-23 22:00:00,9.866666666666667
2022-05-23 23:00:00,8.8825
2022-05-24 00:00:00,8.115
2022-05-24 01:00:00,7.320833333333333
2022-05-24 02:00:00,6.71
2022-05-24 03:00:00,6.9325
2022-05-24 04:00:00,7.254166666666666
2022-05-24 05:00:00,7.429166666666666
2022-05-24 06:00:00,7.614999999999999
2022-05-24 07:00:00,8.022499999999999
2022-05-24 08:00:00,8.549999999999999
2022-05-24 09:00:00,9.0875
2022-05-24 10:00:00,8.861666666666666
2022-05-24 11:00:00,8.834166666666667
2022-05-24 12:00:00,8.645
2022-05-24 13:00:00,8.53
2022-05-24 14:00:00,8.658333333333333
2022-05-24 15:00:00,8.8325
2022-05-24 16:00:00,9.290000000000001
2022-05-24 17:00:00,10.0775
2022-05-24 18:00:00,10.203333333333335
2022-05-24 19:00:00,10.466666666666667
2022-05-24 20:00:00,10.4425
2022-05-24 21:00:00,10.65
2022-05-24 22:00:00,11.3725
2022-05-24 23:00:00,11.512500000000001
2022-05-25 00:00:00,11.435
2022-05-25 01:00:00,11.479166666666666
2022-05-25 02:00:00,11.430833333333332
2022-05-25 03:00:00,11.408333333333333
2022-05-25 04:00:00,11.380833333333333
2022-05-25 05:00:00,11.619166666666667
2022-05-25 06:00:00,12.06
2022-05-25 07:00:00,11.810833333333333
2022-05-25 08:00:00,11.275833333333333
2022-05-25 09:00:00,10.480833333333333
2022-05-25 10:00:00,10.409166666666666
2022-05-25 11:00:00,10.598333333333333
2022-05-25 12:00:00,10.8075
2022-05-25 13:00:00,10.595
2022-05-25 14:00:00,10.561666666666666
2022-05-25 15:00:00,10.793333333333335
2022-05-25 16:00:00,10.870833333333332
2022-05-25 17:00:00,9.949166666666667
2022-05-25 18:00:00,10.284166666666666
2022-05-25 19:00:00,10.582500000000001
2022-05-25 20:00:00,11.033333333333333
2022-05-25 21:00:00,10.974166666666667
2022-05-25 22:00:00,10.777500000000002
2022-05-25 23:00:00,9.891666666666667
2022-05-26 00:00:00,9.391666666666667
2022-05-26 01:00:00,9.250833333333334
2022-05-26 02:00:00,9.102500000000001
2022-05-26 03:00:00,9.280833333333334
2022-05-26 04:00:00,9.326666666666666
2022-05-26 05:00:00,9.3825
2022-05-26 06:00:00,9.755
2022-05-26 07:00:00,10.004166666666666
2022-05-26 08:00:00,10.444166666666666
2022-05-26 09:00:00,10.1225
2022-05-26 10:00:00,10.325833333333334
2022-05-26 11:00:00,10.67
2022-05-26 12:00:00,10.566666666666666
2022-05-26 13:00:00,10.371666666666666
2022-05-26 14:00:00,10.3325
2022-05-26 15:00:00,10.554166666666665
2022-05-26 16:00:00,10.730833333333335
2022-05-26 17:00:00,10.69
2022-05-26 18:00:00,10.648333333333333
2022-05-26 19:00:00,10.598333333333334
2022-05-26 20:00:00,10.861666666666666
2022-05-26 21:00:00,10.740833333333333
2022-05-26 22:00:00,10.623333333333333
2022-05-26 23:00:00,10.689166666666665
2022-05-27 00:00:00,11.060833333333333
2022-05-27 01:00:00,11.260833333333332
2022-05-27 02:00:00,11.391666666666666
2022-05-27 03:00:00,11.343333333333334
2022-05-27 04:00:00,11.7725
2022-05-27 05:00:00,12.1475
2022-05-27 06:00:00,12.478333333333333
2022-05-27 07:00:00,12.560833333333333
2022-05-27 08:00:00,13.2275
2022-05-27 09:00:00,12.791666666666666
2022-05-27 10:00:00,13.634166666666667
2022-05-27 11:00:00,13.801666666666668
2022-05-27 12:00:00,13.048333333333334
2022-05-27 13:00:00,13.034166666666666
2022-05-27 14:00:00,12.839999999999998
2022-05-27 15:00:00,12.956666666666665
2022-05-27 16:00:00,13.049999999999999
2022-05-27 17:00:00,12.956666666666665
2022-05-27 18:00:00,13.041666666666666
2022-05-27 19:00:00,13.2725
2022-05-27 20:00:00,13.066666666666668
2022-05-27 21:00:00,13.417499999999999
2022-05-27 22:00:00,11.097500000000002
2022-05-27 23:00:00,8.049166666666666
2022-05-28 00:00:00,7.427499999999999
2022-05-28 01:00:00,7.239999999999999
2022-05-28 02:00:00,7.322500000000001
2022-05-28 03:00:00,7.398333333333333
2022-05-28 04:00:00,7.3933333333333335
2022-05-28 05:00:00,7.491666666666667
2022-05-28 06:00:00,7.383333333333333
2022-05-28 07:00:00,7.398333333333333
2022-05-28 08:00:00,7.5183333333333335
2022-05-28 09:00:00,7.375833333333333
2022-05-28 10:00:00,7.186666666666667
2022-05-28 11:00:00,7.2925
2022-05-28 12:00:00,7.383333333333333
2022-05-28 13:00:00,7.3549999999999995
2022-05-28 14:00:00,7.174166666666667
2022-05-28 15:00:00,7.159166666666667
2022-05-28 16:00:00,7.2725
2022-05-28 17:00:00,7.426666666666667
2022-05-28 18:00:00,7.866666666666667
2022-05-28 19:00:00,7.6816666666666675
2022-05-28 20:00:00,7.419999999999999
2022-05-28 21:00:00,7.475833333333333
2022-05-28 22:00:00,7.483333333333333
2022-05-28 23:00:00,7.610833333333335
2022-05-29 00:00:00,7.905
2022-05-29 01:00:00,7.1691666666666665
2022-05-29 02:00:00,7.126666666666666
2022-05-29 03:00:00,7.035
2022-05-29 04:00:00,6.890833333333333
2022-05-29 05:00:00,6.996666666666667
2022-05-29 06:00:00,7.265
2022-05-29 07:00:00,7.269166666666667
2022-05-29 08:00:00,6.904166666666666
2022-05-29 09:00:00,7.1125
2022-05-29 10:00:00,7.489166666666667
2022-05-29 11:00:00,7.010833333333333
2022-05-29 12:00:00,7.079999999999999
2022-05-29 13:00:00,6.75
2022-05-29 14:00:00,6.439166666666666
2022-05-29 15:00:00,6.6475
2022-05-29 16:00:00,7.02
2022-05-29 17:00:00,6.9575
2022-05-29 18:00:00,7.009999999999999
2022-05-29 19:00:00,7.019166666666667
2022-05-29 20:00:00,7.001666666666666
2022-05-29 21:00:00,27.424166666666668
2022-05-29 22:00:00,5.741666666666667
2022-05-29 23:00:00,4.6125
2022-05-30 00:00:00,6.1475
2022-05-30 01:00:00,9.091666666666667
2022-05-30 02:00:00,8.735833333333334
2022-05-30 03:00:00,9.088333333333333
2022-05-30 04:00:00,9.3225
2022-05-30 05:00:00,10.384166666666667
2022-05-30 06:00:00,11.15
2022-05-30 07:00:00,11.6725
2022-05-30 08:00:00,12.03
2022-05-30 09:00:00,12.3025
2022-05-30 10:00:00,12.429166666666667
2022-05-30 11:00:00,11.896666666666667
2022-05-30 12:00:00,11.693333333333333
2022-05-30 13:00:00,11.545
2022-05-30 14:00:00,11.316666666666668
2022-05-30 15:00:00,11.485833333333332
2022-05-30 16:00:00,11.680833333333332
2022-05-30 17:00:00,11.633333333333333
2022-05-30 18:00:00,12.310833333333333
2022-05-30 19:00:00,11.854999999999999
2022-05-30 20:00:00,10.719999999999999
2022-05-30 21:00:00,10.261666666666667
2022-05-30 22:00:00,10.2325
2022-05-30 23:00:00,11.160000000000002
2022-05-31 00:00:00,11.874166666666667
2022-05-31 01:00:00,11.9125
2022-05-31 02:00:00,11.3125
2022-05-31 03:00:00,11.292499999999999
2022-05-31 04:00:00,11.803333333333333
2022-05-31 05:00:00,12.338333333333333
2022-05-31 06:00:00,12.709166666666667
2022-05-31 07:00:00,12.76
2022-05-31 08:00:00,12.9375
2022-05-31 09:00:00,12.959166666666667
2022-05-31 10:00:00,13.606666666666667
2022-05-31 11:00:00,13.894166666666665
2022-05-31 12:00:00,13.410833333333334
2022-05-31 13:00:00,13.737499999999999
2022-05-31 14:00:00,13.859166666666667
2022-05-31 15:00:00,13.604999999999999
2022-05-31 16:00:00,13.42
2022-05-31 17:00:00,13.643333333333333
2022-05-31 18:00:00,13.866666666666667
2022-05-31 19:00:00,13.8175
2022-05-31 20:00:00,13.373333333333333
2022-05-31 21:00:00,13.161666666666667
2022-05-31 22:00:00,12.464166666666666
2022-05-31 23:00:00,12.185
2022-06-01 00:00:00,11.0875
2022-06-01 01:00:00,9.348333333333334
2022-06-01 02:00:00,6.986666666666667
2022-06-01 03:00:00,5.733333333333333
2022-06-01 04:00:00,4.885
2022-06-01 05:00:00,5.404166666666666
2022-06-01 06:00:00,5.764166666666667
2022-06-01 07:00:00,5.708333333333333
2022-06-01 08:00:00,5.745
2022-06-01 09:00:00,5.6191666666666675
2022-06-01 10:00:00,5.483333333333333
2022-06-01 11:00:00,5.6258333333333335
2022-06-01 12:00:00,8.764166666666666
2022-06-01 13:00:00,6.914166666666667
2022-06-01 14:00:00,6.355
2022-06-01 15:00:00,7.570833333333333
2022-06-01 16:00:00,8.613333333333333
2022-06-01 17:00:00,9.039166666666667
2022-06-01 18:00:00,9.754166666666668
2022-06-01 19:00:00,10.470833333333333
2022-06-01 20:00:00,10.584999999999999
2022-06-01 21:00:00,10.181666666666667
2022-06-01 22:00:00,9.685833333333333
2022-06-01 23:00:00,8.339166666666667
2022-06-02 00:00:00,7.600833333333333
2022-06-02 01:00:00,7.405833333333334
2022-06-02 02:00:00,7.088333333333334
2022-06-02 03:00:00,6.8775
2022-06-02 04:00:00,8.309166666666668
2022-06-02 05:00:00,8.731666666666667
2022-06-02 06:00:00,9.005
2022-06-02 07:00:00,8.666666666666666
2022-06-02 08:00:00,8.990833333333333
2022-06-02 09:00:00,8.852500000000001
2022-06-02 10:00:00,9.285833333333333
2022-06-02 11:00:00,9.209166666666667
2022-06-02 12:00:00,9.214166666666666
2022-06-02 13:00:00,9.213333333333333
2022-06-02 14:00:00,9.255
2022-06-02 15:00:00,9.236666666666666
2022-06-02 16:00:00,9.633333333333333
2022-06-02 17:00:00,10.051666666666668
2022-06-02 18:00:00,10.084999999999999
2022-06-02 19:00:00,9.145
2022-06-02 20:00:00,8.397499999999999
2022-06-02 21:00:00,8.003333333333332
2022-06-02 22:00:00,7.843333333333334
2022-06-02 23:00:00,6.839166666666667
2022-06-03 00:00:00,5.8116666666666665
2022-06-03 01:00:00,5.195
2022-06-03 02:00:00,4.855833333333333
2022-06-03 03:00:00,4.551666666666667
2022-06-03 04:00:00,5.035
2022-06-03 05:00:00,4.13
2022-06-03 06:00:00,4.166666666666667
2022-06-03 07:00:00,4.474166666666666
2022-06-03 08:00:00,4.826666666666666
2022-06-03 09:00:00,4.7725
2022-06-03 10:00:00,5.021666666666667
2022-06-03 11:00:00,4.894166666666667
2022-06-03 12:00:00,4.7058333333333335
2022-06-03 13:00:00,4.864999999999999
2022-06-03 14:00:00,4.66
2022-06-03 15:00:00,4.2325
2022-06-03 16:00:00,4.0975
2022-06-03 17:00:00,4.140833333333333
2022-06-03 18:00:00,3.8983333333333334
2022-06-03 19:00:00,3.5766666666666667
2022-06-03 20:00:00,3.295833333333333
2022-06-03 21:00:00,2.984166666666667
2022-06-03 22:00:00,2.8016666666666663
2022-06-03 23:00:00,2.2716666666666665
2022-06-04 00:00:00,2.3766666666666665
2022-06-04 01:00:00,2.02
2022-06-04 02:00:00,1.9508333333333334
2022-06-04 03:00:00,1.9658333333333333
2022-06-04 04:00:00,2.029166666666667
2022-06-04 05:00:00,1.8625
2022-06-04 06:00:00,1.6441666666666668
2022-06-04 07:00:00,1.6841666666666668
2022-06-04 08:00:00,1.9258333333333333
2022-06-04 09:00:00,2.2808333333333333
2022-06-04 10:00:00,2.7100000000000004
2022-06-04 11:00:00,2.8341666666666665
2022-06-04 12:00:00,2.9324999999999997
2022-06-04 13:00:00,3.2391666666666663
2022-06-04 14:00:00,3.395
2022-06-04 15:00:00,3.9058333333333333
2022-06-04 16:00:00,3.935
2022-06-04 17:00:00,2.625
2022-06-04 18:00:00,2.098333333333333
2022-06-04 19:00:00,1.9691666666666665
2022-06-04 20:00:00,1.8208333333333335
2022-06-04 21:00:00,1.6825
2022-06-04 22:00:00,1.6316666666666666
2022-06-04 23:00:00,1.705
2022-06-05 00:00:00,1.8566666666666665
2022-06-05 01:00:00,1.8408333333333333
2022-06-05 02:00:00,1.86
2022-06-05 03:00:00,1.9341666666666668
2022-06-05 04:00:00,1.8833333333333335
2022-06-05 05:00:00,1.7975
2022-06-05 06:00:00,1.74
2022-06-05 07:00:00,1.7141666666666666
2022-06-05 08:00:00,1.5841666666666665
2022-06-05 09:00:00,1.6108333333333331
2022-06-05 10:00:00,1.6358333333333333
2022-06-05 11:00:00,1.7041666666666666
2022-06-05 12:00:00,1.7658333333333334
2022-06-05 13:00:00,1.825
2022-06-05 14:00:00,1.7241666666666664
2022-06-05 15:00:00,1.7208333333333332
2022-06-05 16:00:00,1.695
2022-06-05 17:00:00,1.6616666666666668
2022-06-05 18:00:00,1.7041666666666666
2022-06-05 19:00:00,1.9475
2022-06-05 20:00:00,2.4
2022-06-05 21:00:00,2.9675
2022-06-05 22:00:00,3.2925
2022-06-05 23:00:00,3.495833333333333
2022-06-06 00:00:00,3.5574999999999997
2022-06-06 01:00:00,4.069166666666667
2022-06-06 02:00:00,4.42
2022-06-06 03:00:00,4.470833333333333
2022-06-06 04:00:00,4.715000000000001
2022-06-06 05:00:00,4.8
2022-06-06 06:00:00,3.2525
2022-06-06 07:00:00,3.0775
2022-06-06 08:00:00,2.8891666666666667
2022-06-06 09:00:00,2.4908333333333332
2022-06-06 10:00:00,2.339166666666667
2022-06-06 11:00:00,2.401666666666667
2022-06-06 12:00:00,2.295833333333333
2022-06-06 13:00:00,2.2525
2022-06-06 14:00:00,2.3658333333333332
2022-06-06 15:00:00,2.2275
2022-06-06 16:00:00,2.4341666666666666
2022-06-06 17:00:00,1.9983333333333333
2022-06-06 18:00:00,2.0399999999999996
2022-06-06 19:00:00,2.200833333333333
2022-06-06 20:00:00,2.2866666666666666
2022-06-06 21:00:00,3.061666666666666
2022-06-06 22:00:00,2.42
2022-06-06 23:00:00,2.0766666666666667
2022-06-07 00:00:00,2.0483333333333333
2022-06-07 01:00:00,2.4808333333333334
2022-06-07 02:00:00,2.7708333333333335
2022-06-07 03:00:00,2.5708333333333333
2022-06-07 04:00:00,2.61
2022-06-07 05:00:00,2.481666666666667
2022-06-07 06:00:00,2.3725
2022-06-07 07:00:00,2.328333333333333
2022-06-07 08:00:00,2.5383333333333336
2022-06-07 09:00:00,2.8700000000000006
2022-06-07 10:00:00,3.0050000000000003
2022-06-07 11:00:00,3.4583333333333335
2022-06-07 12:00:00,3.125833333333333
2022-06-07 13:00:00,3.2675
2022-06-07 14:00:00,3.4149999999999996
2022-06-07 15:00:00,3.5225000000000004
2022-06-07 16:00:00,3.1925000000000003
2022-06-07 17:00:00,3.1283333333333334
2022-06-07 18:00:00,3.225
2022-06-07 19:00:00,3.275
2022-06-07 20:00:00,3.5608333333333335
2022-06-07 21:00:00,3.7675
2022-06-07 22:00:00,3.8808333333333334
2022-06-07 23:00:00,4.1325
2022-06-08 00:00:00,3.9808333333333334
2022-06-08 01:00:00,4.020833333333333
2022-06-08 02:00:00,3.9241666666666664
2022-06-08 03:00:00,3.924166666666667
2022-06-08 04:00:00,3.9949999999999997
2022-06-08 05:00:00,3.8658333333333332
2022-06-08 06:00:00,4.028333333333333
2022-06-08 07:00:00,4.170833333333333
2022-06-08 08:00:00,5.469166666666666
2022-06-08 09:00:00,5.696666666666666
2022-06-08 10:00:00,4.904166666666667
2022-06-08 11:00:00,4.615
2022-06-08 12:00:00,4.405
2022-06-08 13:00:00,4.3
2022-06-08 14:00:00,4.1499999999999995
2022-06-08 15:00:00,4.104166666666667
2022-06-08 16:00:00,4.1175
2022-06-08 17:00:00,4.800833333333333
2022-06-08 18:00:00,6.055833333333333
2022-06-08 19:00:00,6.329999999999999
2022-06-08 20:00:00,6.101666666666667
2022-06-08 21:00:00,5.46
2022-06-08 22:00:00,6.164166666666667
2022-06-08 23:00:00,7.868333333333333
2022-06-09 00:00:00,8.764166666666666
2022-06-09 01:00:00,8.95
2022-06-09 02:00:00,9.144166666666667
2022-06-09 03:00:00,9.3025
2022-06-09 04:00:00,9.365833333333333
2022-06-09 05:00:00,9.5625
2022-06-09 06:00:00,10.228333333333333
2022-06-09 07:00:00,10.454166666666667
2022-06-09 08:00:00,10.65
2022-06-09 09:00:00,10.490833333333333
2022-06-09 10:00:00,10.545833333333333
2022-06-09 11:00:00,10.5375
2022-06-09 12:00:00,10.5275
2022-06-09 13:00:00,10.528333333333334
2022-06-09 14:00:00,10.545833333333333
2022-06-09 15:00:00,10.535
2022-06-09 16:00:00,9.959166666666667
2022-06-09 17:00:00,9.433333333333334
2022-06-09 18:00:00,8.995833333333334
2022-06-09 19:00:00,8.814166666666667
2022-06-09 20:00:00,8.9725
2022-06-09 21:00:00,8.720833333333333
2022-06-09 22:00:00,8.554166666666667
2022-06-09 23:00:00,8.535833333333333
2022-06-10 00:00:00,9.038333333333334
2022-06-10 01:00:00,9.4625
2022-06-10 02:00:00,10.080833333333333
2022-06-10 03:00:00,10.964166666666666
2022-06-10 04:00:00,11.964999999999998
2022-06-10 05:00:00,12.133333333333333
2022-06-10 06:00:00,12.219999999999999
2022-06-10 07:00:00,11.723333333333334
2022-06-10 08:00:00,11.7425
2022-06-10 09:00:00,11.1
2022-06-10 10:00:00,11.044166666666667
2022-06-10 11:00:00,10.935
2022-06-10 12:00:00,8.758333333333335
2022-06-10 13:00:00,5.9383333333333335
2022-06-10 14:00:00,4.391666666666667
2022-06-10 15:00:00,3.918333333333333
2022-06-10 16:00:00,3.563333333333333
2022-06-10 17:00:00,3.419166666666667
2022-06-10 18:00:00,3.404166666666667
2022-06-10 19:00:00,3.269166666666667
2022-06-10 20:00:00,3.2133333333333334
2022-06-10 21:00:00,3.3783333333333334
2022-06-10 22:00:00,4.045
2022-06-10 23:00:00,4.385833333333333
2022-06-11 00:00:00,3.485
2022-06-11 01:00:00,3.6166666666666667
2022-06-11 02:00:00,3.6816666666666666
2022-06-11 03:00:00,3.8658333333333332
2022-06-11 04:00:00,3.8716666666666666
2022-06-11 05:00:00,3.7424999999999997
2022-06-11 06:00:00,3.8358333333333334
2022-06-11 07:00:00,3.9475
2022-06-11 08:00:00,4.086666666666667
2022-06-11 09:00:00,3.97
2022-06-11 10:00:00,4.270833333333333
2022-06-11 11:00:00,4.1899999999999995
2022-06-11 12:00:00,4.059166666666667
2022-06-11 13:00:00,4.010833333333333
2022-06-11 14:00:00,3.85
2022-06-11 15:00:00,4.285
2022-06-11 16:00:00,4.614999999999999
2022-06-11 17:00:00,4.376666666666666
2022-06-11 18:00:00,4.680000000000001
2022-06-11 19:00:00,4.613333333333333
2022-06-11 20:00:00,4.388333333333333
2022-06-11 21:00:00,4.345
2022-06-11 22:00:00,3.7083333333333335
2022-06-11 23:00:00,3.015
2022-06-12 00:00:00,2.4141666666666666
2022-06-12 01:00:00,2.235
2022-06-12 02:00:00,2.1275
2022-06-12 03:00:00,2.0325
2022-06-12 04:00:00,2.0241666666666664
2022-06-12 05:00:00,2.0066666666666664
2022-06-12 06:00:00,2.0083333333333333
2022-06-12 07:00:00,1.9241666666666666
2022-06-12 08:00:00,1.9400000000000002
2022-06-12 09:00:00,2.0091666666666668
2022-06-12 10:00:00,1.9983333333333333
2022-06-12 11:00:00,1.8383333333333332
2022-06-12 12:00:00,3.669166666666667
2022-06-12 13:00:00,1.82
2022-06-12 14:00:00,1.7816666666666665
2022-06-12 15:00:00,1.7458333333333333
2022-06-12 16:00:00,2.035833333333333
2022-06-12 17:00:00,2.14
2022-06-12 18:00:00,2.3858333333333337
2022-06-12 19:00:00,2.5500000000000003
2022-06-12 20:00:00,2.5275
2022-06-12 21:00:00,6.805
2022-06-12 22:00:00,2.9299999999999997
2022-06-12 23:00:00,2.609166666666667
2022-06-13 00:00:00,3.365
2022-06-13 01:00:00,3.689166666666667
2022-06-13 02:00:00,3.856666666666667
2022-06-13 03:00:00,4.623333333333333
2022-06-13 04:00:00,5.003333333333333
2022-06-13 05:00:00,5.1883333333333335
2022-06-13 06:00:00,5.176666666666667
2022-06-13 07:00:00,5.3
2022-06-13 08:00:00,5.672499999999999
2022-06-13 09:00:00,5.655833333333334
2022-06-13 10:00:00,5.338333333333334
2022-06-13 11:00:00,5.098333333333334
2022-06-13 12:00:00,4.86
2022-06-13 13:00:00,4.703333333333333
2022-06-13 14:00:00,4.534166666666667
2022-06-13 15:00:00,4.349166666666666
2022-06-13 16:00:00,4.535
2022-06-13 17:00:00,4.770833333333333
2022-06-13 18:00:00,5.971666666666667
2022-06-13 19:00:00,7.5325
2022-06-13 20:00:00,8.345
2022-06-13 21:00:00,8.9275
2022-06-13 22:00:00,8.8475
2022-06-13 23:00:00,7.660833333333334
2022-06-14 00:00:00,7.664166666666667
2022-06-14 01:00:00,8.193333333333333
2022-06-14 02:00:00,8.249166666666666
2022-06-14 03:00:00,8.2675
2022-06-14 04:00:00,8.481666666666667
2022-06-14 05:00:00,8.815833333333332
2022-06-14 06:00:00,9.090833333333334
2022-06-14 07:00:00,9.455
2022-06-14 08:00:00,9.8425
2022-06-14 09:00:00,10.3775
2022-06-14 10:00:00,10.736666666666666
2022-06-14 11:00:00,10.931666666666667
2022-06-14 12:00:00,10.4525
2022-06-14 13:00:00,10.440833333333332
2022-06-14 14:00:00,10.128333333333334
2022-06-14 15:00:00,10.194166666666666
2022-06-14 16:00:00,10.500833333333334
2022-06-14 17:00:00,11.1975
2022-06-14 18:00:00,10.900833333333333
2022-06-14 19:00:00,10.945833333333333
2022-06-14 20:00:00,10.6325
2022-06-14 21:00:00,10.724166666666667
2022-06-14 22:00:00,10.223333333333333
2022-06-14 23:00:00,9.995
2022-06-15 00:00:00,9.955
2022-06-15 01:00:00,10.0925
2022-06-15 02:00:00,9.950000000000001
2022-06-15 03:00:00,9.870833333333334
2022-06-15 04:00:00,9.611666666666666
2022-06-15 05:00:00,9.709166666666667
2022-06-15 06:00:00,10.025833333333333
2022-06-15 07:00:00,10.5025
2022-06-15 08:00:00,10.600833333333334
2022-06-15 09:00:00,9.6925
2022-06-15 10:00:00,8.628333333333332
2022-06-15 11:00:00,9.389166666666666
2022-06-15 12:00:00,9.614166666666668
2022-06-15 13:00:00,9.9425
2022-06-15 14:00:00,9.9325
2022-06-15 15:00:00,10.714166666666666
2022-06-15 16:00:00,11.515833333333333
2022-06-15 17:00:00,11.591666666666667
2022-06-15 18:00:00,11.671666666666667
2022-06-15 19:00:00,11.718333333333334
2022-06-15 20:00:00,11.83
2022-06-15 21:00:00,11.409999999999998
2022-06-15 22:00:00,10.245
2022-06-15 23:00:00,8.205833333333333
2022-06-16 00:00:00,6.6258333333333335
2022-06-16 01:00:00,5.946666666666666
2022-06-16 02:00:00,5.7316666666666665
2022-06-16 03:00:00,5.56
2022-06-16 04:00:00,5.381666666666667
2022-06-16 05:00:00,5.155833333333334
2022-06-16 06:00:00,5.058333333333333
2022-06-16 07:00:00,4.9025
2022-06-16 08:00:00,4.9725
2022-06-16 09:00:00,5.2675
2022-06-16 10:00:00,5.2316666666666665
2022-06-16 11:00:00,5.235
2022-06-16 12:00:00,5.090833333333333
2022-06-16 13:00:00,5.114166666666667
2022-06-16 14:00:00,5.076666666666667
2022-06-16 15:00:00,4.945833333333334
2022-06-16 16:00:00,8.050833333333333
2022-06-16 17:00:00,7.859166666666667
2022-06-16 18:00:00,10.100833333333334
2022-06-16 19:00:00,10.272499999999999
2022-06-16 20:00:00,10.434166666666666
2022-06-16 21:00:00,9.6175
2022-06-16 22:00:00,9.254166666666666
2022-06-16 23:00:00,9.1775
2022-06-17 00:00:00,8.623333333333333
2022-06-17 01:00:00,8.753333333333334
2022-06-17 02:00:00,8.9125
2022-06-17 03:00:00,8.864166666666668
2022-06-17 04:00:00,8.755833333333333
2022-06-17 05:00:00,8.574166666666667
2022-06-17 06:00:00,8.17
2022-06-17 07:00:00,7.255833333333334
2022-06-17 08:00:00,6.858333333333333
2022-06-17 09:00:00,6.560833333333334
2022-06-17 10:00:00,6.274166666666667
2022-06-17 11:00:00,6.508333333333333
2022-06-17 12:00:00,6.6933333333333325
2022-06-17 13:00:00,7.072500000000001
2022-06-17 14:00:00,7.232499999999999
2022-06-17 15:00:00,7.405
2022-06-17 16:00:00,7.77
2022-06-17 17:00:00,7.5575
2022-06-17 18:00:00,7.341666666666666
2022-06-17 19:00:00,7.62
2022-06-17 20:00:00,7.6499999999999995
2022-06-17 21:00:00,7.3975
2022-06-17 22:00:00,7.1275
2022-06-17 23:00:00,7.003333333333333
2022-06-18 00:00:00,7.029166666666666
2022-06-18 01:00:00,7.226666666666667
2022-06-18 02:00:00,7.3566666666666665
2022-06-18 03:00:00,7.303333333333334
2022-06-18 04:00:00,7.435833333333334
2022-06-18 05:00:00,7.476666666666667
2022-06-18 06:00:00,7.154166666666666
2022-06-18 07:00:00,6.1000000000000005
2022-06-18 08:00:00,4.430833333333333
2022-06-18 09:00:00,4.348333333333334
2022-06-18 10:00:00,3.638333333333333
2022-06-18 11:00:00,3.4499999999999997
2022-06-18 12:00:00,3.4475
2022-06-18 13:00:00,3.5875
2022-06-18 14:00:00,3.595
2022-06-18 15:00:00,3.3725
2022-06-18 16:00:00,3.421666666666667
2022-06-18 17:00:00,3.580833333333333
2022-06-18 18:00:00,3.483333333333333
2022-06-18 19:00:00,3.929166666666667
2022-06-18 20:00:00,3.904166666666667
2022-06-18 21:00:00,3.7575000000000003
2022-06-18 22:00:00,3.7658333333333336
2022-06-18 23:00:00,3.891666666666667
2022-06-19 00:00:00,4.3
2022-06-19 01:00:00,4.824166666666667
2022-06-19 02:00:00,4.955
2022-06-19 03:00:00,4.9425
2022-06-19 04:00:00,4.514166666666667
2022-06-19 05:00:00,3.0050000000000003
2022-06-19 06:00:00,2.8350000000000004
2022-06-19 07:00:00,2.7525
2022-06-19 08:00:00,2.7533333333333334
2022-06-19 09:00:00,2.9483333333333337
2022-06-19 10:00:00,2.8816666666666664
2022-06-19 11:00:00,3.0133333333333336
2022-06-19 12:00:00,2.875833333333333
2022-06-19 13:00:00,4.025833333333334
2022-06-19 14:00:00,3.2175
2022-06-19 15:00:00,3.2475
2022-06-19 16:00:00,3.9416666666666664
2022-06-19 17:00:00,4.0874999999999995
2022-06-19 18:00:00,4.498333333333334
2022-06-19 19:00:00,4.639166666666667
2022-06-19 20:00:00,4.6066666666666665
2022-06-19 21:00:00,4.675
2022-06-19 22:00:00,4.550833333333333
2022-06-19 23:00:00,4.456666666666666
2022-06-20 00:00:00,4.4624999999999995
2022-06-20 01:00:00,4.4591666666666665
2022-06-20 02:00:00,4.398333333333333
2022-06-20 03:00:00,4.4875
2022-06-20 04:00:00,4.8325000000000005
2022-06-20 05:00:00,4.9225
2022-06-20 06:00:00,4.9783333333333335
2022-06-20 07:00:00,5.0408333333333335
2022-06-20 08:00:00,5.195833333333334
2022-06-20 09:00:00,5.219166666666667
2022-06-20 10:00:00,5.3175
2022-06-20 11:00:00,5.449166666666667
2022-06-20 12:00:00,5.7558333333333325
2022-06-20 13:00:00,6.295833333333333
2022-06-20 14:00:00,7.1475
2022-06-20 15:00:00,7.991666666666666
2022-06-20 16:00:00,6.588333333333334
2022-06-20 17:00:00,6.0225
2022-06-20 18:00:00,5.685833333333334
2022-06-20 19:00:00,5.530833333333334
2022-06-20 20:00:00,5.719166666666666
2022-06-20 21:00:00,5.8825
2022-06-20 22:00:00,5.910833333333334
2022-06-20 23:00:00,5.9975
2022-06-21 00:00:00,6.3325000000000005
2022-06-21 01:00:00,6.476666666666667
2022-06-21 02:00:00,5.7508333333333335
2022-06-21 03:00:00,5.495
2022-06-21 04:00:00,5.6258333333333335
2022-06-21 05:00:00,5.503333333333334
2022-06-21 06:00:00,5.7775
2022-06-21 07:00:00,6.56
2022-06-21 08:00:00,6.5183333333333335
2022-06-21 09:00:00,5.5025
2022-06-21 10:00:00,5.905833333333334
2022-06-21 11:00:00,5.91
2022-06-21 12:00:00,5.6475
2022-06-21 13:00:00,6.114999999999999
2022-06-21 14:00:00,6.375
2022-06-21 15:00:00,6.478333333333333
2022-06-21 16:00:00,6.784166666666667
2022-06-21 17:00:00,6.267499999999999
2022-06-21 18:00:00,5.9375
2022-06-21 19:00:00,6.078333333333333
2022-06-21 20:00:00,6.076666666666667
2022-06-21 21:00:00,6.145833333333333
2022-06-21 22:00:00,6.745
2022-06-21 23:00:00,7.644166666666666
2022-06-22 00:00:00,7.881666666666667
2022-06-22 01:00:00,7.589166666666667
2022-06-22 02:00:00,7.763333333333333
2022-06-22 03:00:00,7.808333333333334
2022-06-22 04:00:00,7.810833333333334
2022-06-22 05:00:00,7.346666666666667
2022-06-22 06:00:00,7.2683333333333335
2022-06-22 07:00:00,6.390000000000001
2022-06-22 08:00:00,6.4075
2022-06-22 09:00:00,4.693333333333333
2022-06-22 10:00:00,5.284166666666667
2022-06-22 11:00:00,6.735833333333333
2022-06-22 12:00:00,6.9875
2022-06-22 13:00:00,6.713333333333334
2022-06-22 14:00:00,6.476666666666667
2022-06-22 15:00:00,6.8183333333333325
2022-06-22 16:00:00,6.944166666666667
2022-06-22 17:00:00,6.164166666666667
2022-06-22 18:00:00,5.760833333333333
2022-06-22 19:00:00,6.300833333333333
2022-06-22 20:00:00,7.125833333333333
2022-06-22 21:00:00,6.479166666666667
2022-06-22 22:00:00,6.71
2022-06-22 23:00:00,7.003333333333334
2022-06-23 00:00:00,5.069999999999999
2022-06-23 01:00:00,4.805000000000001
2022-06-23 02:00:00,4.453333333333333
2022-06-23 03:00:00,4.483333333333333
2022-06-23 04:00:00,4.460833333333333
2022-06-23 05:00:00,4.800833333333333
2022-06-23 06:00:00,5.144166666666667
2022-06-23 07:00:00,5.513333333333333
2022-06-23 08:00:00,5.430833333333333
2022-06-23 09:00:00,6.0808333333333335
2022-06-23 10:00:00,6.205000000000001
2022-06-23 11:00:00,6.22
2022-06-23 12:00:00,6.240833333333334
2022-06-23 13:00:00,6.2700000000000005
2022-06-23 14:00:00,6.1925
2022-06-23 15:00:00,6.178333333333334
2022-06-23 16:00:00,6.7225
2022-06-23 17:00:00,6.445
2022-06-23 18:00:00,6.254166666666666
2022-06-23 19:00:00,5.96
2022-06-23 20:00:00,6.108333333333333
2022-06-23 21:00:00,5.446666666666666
2022-06-23 22:00:00,4.774166666666667
2022-06-23 23:00:00,5.25
2022-06-24 00:00:00,5.8308333333333335
2022-06-24 01:00:00,5.7725
2022-06-24 02:00:00,5.329166666666667
2022-06-24 03:00:00,5.2924999999999995
2022-06-24 04:00:00,5.418333333333333
2022-06-24 05:00:00,5.666666666666667
2022-06-24 06:00:00,5.802499999999999
2022-06-24 07:00:00,6.213333333333334
2022-06-24 08:00:00,7.246666666666667
2022-06-24 09:00:00,7.930833333333333
2022-06-24 10:00:00,7.64
2022-06-24 11:00:00,6.883333333333333
2022-06-24 12:00:00,6.913333333333334
2022-06-24 13:00:00,6.7575
2022-06-24 14:00:00,6.770833333333333
2022-06-24 15:00:00,7.624166666666667
2022-06-24 16:00:00,8.4275
2022-06-24 17:00:00,8.789166666666667
2022-06-24 18:00:00,8.315833333333334
2022-06-24 19:00:00,6.898333333333333
2022-06-24 20:00:00,6.326666666666667
2022-06-24 21:00:00,4.7625
2022-06-24 22:00:00,3.875
2022-06-24 23:00:00,3.348333333333333
2022-06-25 00:00:00,2.3675
2022-06-25 01:00:00,2.4058333333333333
2022-06-25 02:00:00,2.4066666666666667
2022-06-25 03:00:00,2.4125
2022-06-25 04:00:00,2.308333333333333
2022-06-25 05:00:00,2.39
2022-06-25 06:00:00,2.5875
2022-06-25 07:00:00,2.9008333333333334
2022-06-25 08:00:00,1.7
2022-06-25 09:00:00,0.9533333333333335
2022-06-25 10:00:00,0.9908333333333333
2022-06-25 11:00:00,0.8541666666666666
2022-06-25 12:00:00,0.8775000000000001
2022-06-25 13:00:00,0.8649999999999999
2022-06-25 14:00:00,0.8783333333333333
2022-06-25 15:00:00,0.9775
2022-06-25 16:00:00,8.386666666666667
2022-06-25 17:00:00,1.1866666666666668
2022-06-25 18:00:00,1.03
2022-06-25 19:00:00,1.4658333333333333
2022-06-25 20:00:00,1.9075
2022-06-25 21:00:00,0.9333333333333332
2022-06-25 22:00:00,0.8500000000000001
2022-06-25 23:00:00,0.8883333333333333
2022-06-26 00:00:00,0.9016666666666667
2022-06-26 01:00:00,0.8833333333333333
2022-06-26 02:00:00,0.89
2022-06-26 03:00:00,0.8925000000000001
2022-06-26 04:00:00,0.8650000000000001
2022-06-26 05:00:00,0.8591666666666667
2022-06-26 06:00:00,0.8475
2022-06-26 07:00:00,0.82
2022-06-26 08:00:00,0.8491666666666666
2022-06-26 09:00:00,3.6775
2022-06-26 10:00:00,2.5
2022-06-26 11:00:00,1.26
2022-06-26 12:00:00,1.0308333333333335
2022-06-26 13:00:00,1.1391666666666667
2022-06-26 14:00:00,1.9733333333333334
2022-06-26 15:00:00,2.3858333333333337
2022-06-26 16:00:00,3.8699999999999997
2022-06-26 17:00:00,3.1391666666666667
2022-06-26 18:00:00,2.3266666666666667
2022-06-26 19:00:00,2.6791666666666667
2022-06-26 20:00:00,2.7066666666666666
2022-06-26 21:00:00,2.955833333333333
2022-06-26 22:00:00,3.0275
2022-06-26 23:00:00,3.260833333333333
2022-06-27 00:00:00,3.5308333333333333
2022-06-27 01:00:00,3.795
2022-06-27 02:00:00,3.8874999999999997
2022-06-27 03:00:00,4.155833333333333
2022-06-27 04:00:00,4.5475
2022-06-27 05:00:00,4.823333333333333
2022-06-27 06:00:00,5.3725
2022-06-27 07:00:00,4.6725
2022-06-27 08:00:00,4.92
2022-06-27 09:00:00,5.1125
2022-06-27 10:00:00,5.179166666666666
2022-06-27 11:00:00,5.1466666666666665
2022-06-27 12:00:00,5.248333333333334
2022-06-27 13:00:00,5.543333333333333
2022-06-27 14:00:00,5.82
2022-06-27 15:00:00,6.334166666666667
2022-06-27 16:00:00,6.425
2022-06-27 17:00:00,6.766666666666667
2022-06-27 18:00:00,6.499166666666667
2022-06-27 19:00:00,5.9375
2022-06-27 20:00:00,6.070833333333333
2022-06-27 21:00:00,6.425
2022-06-27 22:00:00,6.805833333333333
2022-06-27 23:00:00,8.014999999999999
2022-06-28 00:00:00,8.305833333333334
2022-06-28 01:00:00,7.8475
2022-06-28 02:00:00,8.009166666666667
2022-06-28 03:00:00,8.140833333333333
2022-06-28 04:00:00,8.461666666666668
2022-06-28 05:00:00,8.227500000000001
2022-06-28 06:00:00,8.038333333333334
2022-06-28 07:00:00,8.014999999999999
2022-06-28 08:00:00,8.695833333333333
2022-06-28 09:00:00,8.894166666666667
2022-06-28 10:00:00,9.149166666666668
2022-06-28 11:00:00,9.741666666666667
2022-06-28 12:00:00,10.745
2022-06-28 13:00:00,10.436666666666666
2022-06-28 14:00:00,8.505833333333333
2022-06-28 15:00:00,8.8675
2022-06-28 16:00:00,9.670833333333333
2022-06-28 17:00:00,10.215833333333334
2022-06-28 18:00:00,10.219166666666666
2022-06-28 19:00:00,9.564166666666667
2022-06-28 20:00:00,8.885833333333332
2022-06-28 21:00:00,9.0075
2022-06-28 22:00:00,9.029166666666667
2022-06-28 23:00:00,9.434166666666668
2022-06-29 00:00:00,10.036666666666667
2022-06-29 01:00:00,9.625833333333334
2022-06-29 02:00:00,8.7225
2022-06-29 03:00:00,8.280833333333334
2022-06-29 04:00:00,7.996666666666667
2022-06-29 05:00:00,7.798333333333333
2022-06-29 06:00:00,7.466666666666666
2022-06-29 07:00:00,7.271666666666667
2022-06-29 08:00:00,8.140833333333333
2022-06-29 09:00:00,8.13
2022-06-29 10:00:00,7.925833333333333
2022-06-29 11:00:00,8.620833333333334
2022-06-29 12:00:00,9.556666666666667
2022-06-29 13:00:00,9.48
2022-06-29 14:00:00,9.268333333333333
2022-06-29 15:00:00,8.935
2022-06-29 16:00:00,9.220833333333333
2022-06-29 17:00:00,9.07
2022-06-29 18:00:00,9.4075
2022-06-29 19:00:00,9.551666666666668
2022-06-29 20:00:00,8.9475
2022-06-29 21:00:00,7.360833333333333
2022-06-29 22:00:00,6.753333333333334
2022-06-29 23:00:00,7.621666666666666
2022-06-30 00:00:00,8.950833333333334
2022-06-30 01:00:00,10.878333333333332
2022-06-30 02:00:00,10.5375
2022-06-30 03:00:00,9.253333333333332
2022-06-30 04:00:00,9.188333333333334
2022-06-30 05:00:00,8.995
2022-06-30 06:00:00,9.172500000000001
2022-06-30 07:00:00,8.776666666666666
2022-06-30 08:00:00,9.279166666666667
2022-06-30 09:00:00,9.596666666666666
2022-06-30 10:00:00,10.198333333333334
2022-06-30 11:00:00,10.8925
2022-06-30 12:00:00,11.279166666666667
2022-06-30 13:00:00,11.446666666666667
2022-06-30 14:00:00,11.481666666666667
2022-06-30 15:00:00,11.613333333333335
2022-06-30 16:00:00,12.109166666666667
2022-06-30 17:00:00,11.601666666666667
2022-06-30 18:00:00,11.194166666666668
2022-06-30 19:00:00,11.006666666666666
2022-06-30 20:00:00,10.868333333333332
2022-06-30 21:00:00,10.89
2022-06-30 22:00:00,11.240833333333333
2022-06-30 23:00:00,11.531666666666666
2022-07-01 00:00:00,12.222499999999998
2022-07-01 01:00:00,12.643333333333333
2022-07-01 02:00:00,12.129166666666668
2022-07-01 03:00:00,11.469999999999999
2022-07-01 04:00:00,11.323333333333332
2022-07-01 05:00:00,11.389166666666666
2022-07-01 06:00:00,11.771666666666667
2022-07-01 07:00:00,12.193333333333333
2022-07-01 08:00:00,12.3175
2022-07-01 09:00:00,11.68
2022-07-01 10:00:00,11.783333333333333
2022-07-01 11:00:00,12.323333333333332
2022-07-01 12:00:00,13.2325
2022-07-01 13:00:00,13.8975
2022-07-01 14:00:00,13.594166666666666
2022-07-01 15:00:00,13.094166666666666
2022-07-01 16:00:00,13.265
2022-07-01 17:00:00,12.765
2022-07-01 18:00:00,11.886666666666665
2022-07-01 19:00:00,11.804166666666667
2022-07-01 20:00:00,11.228333333333333
2022-07-01 21:00:00,10.611666666666666
2022-07-01 22:00:00,9.4525
2022-07-01 23:00:00,8.230833333333333
2022-07-02 00:00:00,6.778333333333333
2022-07-02 01:00:00,6.6191666666666675
2022-07-02 02:00:00,6.224166666666666
2022-07-02 03:00:00,6.45
2022-07-02 04:00:00,6.273333333333333
2022-07-02 05:00:00,6.27
2022-07-02 06:00:00,6.4366666666666665
2022-07-02 07:00:00,6.370833333333334
2022-07-02 08:00:00,5.528333333333333
2022-07-02 09:00:00,4.543333333333333
2022-07-02 10:00:00,4.216666666666667
2022-07-02 11:00:00,4.230833333333334
2022-07-02 12:00:00,5.735833333333333
2022-07-02 13:00:00,6.783333333333334
2022-07-02 14:00:00,8.186666666666667
2022-07-02 15:00:00,4.616666666666667
2022-07-02 16:00:00,4.634166666666666
2022-07-02 17:00:00,4.6066666666666665
2022-07-02 18:00:00,4.576666666666667
2022-07-02 19:00:00,4.516666666666667
2022-07-02 20:00:00,4.724166666666666
2022-07-02 21:00:00,4.983333333333333
2022-07-02 22:00:00,4.636666666666667
2022-07-02 23:00:00,4.088333333333334
2022-07-03 00:00:00,3.7424999999999997
2022-07-03 01:00:00,3.5875
2022-07-03 02:00:00,3.611666666666667
2022-07-03 03:00:00,3.6316666666666664
2022-07-03 04:00:00,3.6675
2022-07-03 05:00:00,3.830833333333333
2022-07-03 06:00:00,4.21
2022-07-03 07:00:00,5.276666666666666
2022-07-03 08:00:00,6.3975
2022-07-03 09:00:00,6.8500000000000005
2022-07-03 10:00:00,6.855833333333334
2022-07-03 11:00:00,6.729166666666667
2022-07-03 12:00:00,11.464999999999998
2022-07-03 13:00:00,9.748333333333333
2022-07-03 14:00:00,37.17916666666667
2022-07-03 15:00:00,41.24666666666667
2022-07-03 16:00:00,41.785000000000004
2022-07-03 17:00:00,8.800833333333333
2022-07-03 18:00:00,9.910833333333334
2022-07-03 19:00:00,10.878333333333332
2022-07-03 20:00:00,10.553333333333333
2022-07-03 21:00:00,10.299999999999999
2022-07-03 22:00:00,10.115
2022-07-03 23:00:00,10.012500000000001
2022-07-04 00:00:00,10.1175
2022-07-04 01:00:00,10.740833333333333
2022-07-04 02:00:00,11.5575
2022-07-04 03:00:00,12.149166666666666
2022-07-04 04:00:00,12.774166666666666
2022-07-04 05:00:00,12.667499999999999
2022-07-04 06:00:00,12.976666666666667
2022-07-04 07:00:00,13.233333333333334
2022-07-04 08:00:00,12.631666666666666
2022-07-04 09:00:00,12.146666666666667
2022-07-04 10:00:00,12.508333333333333
2022-07-04 11:00:00,12.166666666666666
2022-07-04 12:00:00,12.1875
2022-07-04 13:00:00,13.033333333333333
2022-07-04 14:00:00,11.976666666666667
2022-07-04 15:00:00,12.152500000000002
2022-07-04 16:00:00,13.2575
2022-07-04 17:00:00,13.449166666666665
2022-07-04 18:00:00,13.279166666666667
2022-07-04 19:00:00,12.707500000000001
2022-07-04 20:00:00,12.3925
2022-07-04 21:00:00,12.31
2022-07-04 22:00:00,12.515
2022-07-04 23:00:00,12.445
2022-07-05 00:00:00,12.799999999999999
2022-07-05 01:00:00,13.116666666666667
2022-07-05 02:00:00,13.17
2022-07-05 03:00:00,12.8025
2022-07-05 04:00:00,12.8125
2022-07-05 05:00:00,13.070833333333333
2022-07-05 06:00:00,13.216666666666667
2022-07-05 07:00:00,13.008333333333333
2022-07-05 08:00:00,12.909166666666666
2022-07-05 09:00:00,12.8025
2022-07-05 10:00:00,12.794166666666667
2022-07-05 11:00:00,12.907499999999999
2022-07-05 12:00:00,12.493333333333332
2022-07-05 13:00:00,12.885
2022-07-05 14:00:00,12.753333333333332
2022-07-05 15:00:00,13.191666666666668
2022-07-05 16:00:00,13.339999999999998
2022-07-05 17:00:00,13.163333333333334
2022-07-05 18:00:00,12.625
2022-07-05 19:00:00,12.669166666666667
2022-07-05 20:00:00,12.433333333333332
2022-07-05 21:00:00,12.2125
2022-07-05 22:00:00,11.591666666666667
2022-07-05 23:00:00,11.460833333333333
2022-07-06 00:00:00,11.715833333333334
2022-07-06 01:00:00,12.291666666666666
2022-07-06 02:00:00,12.6325
2022-07-06 03:00:00,12.819166666666666
2022-07-06 04:00:00,13.0025
2022-07-06 05:00:00,12.960833333333333
2022-07-06 06:00:00,12.8975
2022-07-06 07:00:00,13.074166666666665
2022-07-06 08:00:00,13.6175
2022-07-06 09:00:00,13.4425
2022-07-06 10:00:00,13.094999999999999
2022-07-06 11:00:00,12.519166666666665
2022-07-06 12:00:00,11.988333333333335
2022-07-06 13:00:00,11.924999999999999
2022-07-06 14:00:00,11.788333333333334
2022-07-06 15:00:00,12.559166666666668
2022-07-06 16:00:00,12.715000000000002
2022-07-06 17:00:00,13.175833333333335
2022-07-06 18:00:00,13.534166666666666
2022-07-06 19:00:00,13.465833333333334
2022-07-06 20:00:00,13.203333333333333
2022-07-06 21:00:00,12.527500000000002
2022-07-06 22:00:00,12.438333333333333
2022-07-06 23:00:00,12.523333333333333
2022-07-07 00:00:00,12.555833333333332
2022-07-07 01:00:00,12.603333333333333
2022-07-07 02:00:00,12.304166666666667
2022-07-07 03:00:00,12.403333333333334
2022-07-07 04:00:00,12.195
2022-07-07 05:00:00,12.29
2022-07-07 06:00:00,12.899166666666666
2022-07-07 07:00:00,12.684166666666668
2022-07-07 08:00:00,12.549999999999999
2022-07-07 09:00:00,12.833333333333334
2022-07-07 10:00:00,12.968333333333334
2022-07-07 11:00:00,12.968333333333334
2022-07-07 12:00:00,12.919166666666667
2022-07-07 13:00:00,12.897499999999999
2022-07-07 14:00:00,12.764166666666666
2022-07-07 15:00:00,12.5625
2022-07-07 16:00:00,12.51
2022-07-07 17:00:00,13.025833333333333
2022-07-07 18:00:00,13.289166666666667
2022-07-07 19:00:00,13.429166666666667
2022-07-07 20:00:00,13.659999999999998
2022-07-07 21:00:00,13.57
2022-07-07 22:00:00,13.429166666666667
2022-07-07 23:00:00,13.1
2022-07-08 00:00:00,12.684166666666668
2022-07-08 01:00:00,12.865
2022-07-08 02:00:00,12.838333333333333
2022-07-08 03:00:00,12.650833333333333
2022-07-08 04:00:00,12.836666666666666
2022-07-08 05:00:00,13.184166666666668
2022-07-08 06:00:00,13.785833333333334
2022-07-08 07:00:00,13.816666666666668
2022-07-08 08:00:00,14.112499999999999
2022-07-08 09:00:00,14.217500000000001
2022-07-08 10:00:00,13.745
2022-07-08 11:00:00,13.234166666666667
2022-07-08 12:00:00,13.141666666666666
2022-07-08 13:00:00,13.113333333333335
2022-07-08 14:00:00,12.925833333333335
2022-07-08 15:00:00,12.993333333333334
2022-07-08 16:00:00,13.181666666666667
2022-07-08 17:00:00,13.301666666666668
2022-07-08 18:00:00,12.765
2022-07-08 19:00:00,12.310833333333333
2022-07-08 20:00:00,12.141666666666666
2022-07-08 21:00:00,12.050833333333335
2022-07-08 22:00:00,11.934166666666668
2022-07-08 23:00:00,11.7975
2022-07-09 00:00:00,11.716666666666667
2022-07-09 01:00:00,12.076666666666666
2022-07-09 02:00:00,12.183333333333335
2022-07-09 03:00:00,11.764166666666668
2022-07-09 04:00:00,11.244166666666667
2022-07-09 05:00:00,10.910000000000002
2022-07-09 06:00:00,10.799166666666666
2022-07-09 07:00:00,10.774166666666666
2022-07-09 08:00:00,10.495833333333334
2022-07-09 09:00:00,10.703333333333333
2022-07-09 10:00:00,10.794166666666667
2022-07-09 11:00:00,10.42
2022-07-09 12:00:00,10.476666666666667
2022-07-09 13:00:00,10.478333333333333
2022-07-09 14:00:00,10.493333333333334
2022-07-09 15:00:00,10.584999999999999
2022-07-09 16:00:00,10.955833333333333
2022-07-09 17:00:00,11.542499999999999
2022-07-09 18:00:00,11.791666666666666
2022-07-09 19:00:00,12.200833333333334
2022-07-09 20:00:00,12.485833333333332
2022-07-09 21:00:00,12.6325
2022-07-09 22:00:00,12.300833333333335
2022-07-09 23:00:00,12.158333333333333
2022-07-10 00:00:00,11.67
2022-07-10 01:00:00,10.288333333333332
2022-07-10 02:00:00,8.314166666666667
2022-07-10 03:00:00,7.594166666666666
2022-07-10 04:00:00,7.690833333333334
2022-07-10 05:00:00,7.848333333333334
2022-07-10 06:00:00,7.668333333333334
2022-07-10 07:00:00,7.530833333333334
2022-07-10 08:00:00,7.685
2022-07-10 09:00:00,7.214166666666666
2022-07-10 10:00:00,9.104999999999999
2022-07-10 11:00:00,12.744166666666667
2022-07-10 12:00:00,9.615833333333333
2022-07-10 13:00:00,9.684166666666666
2022-07-10 14:00:00,11.184166666666668
2022-07-10 15:00:00,13.512500000000001
2022-07-10 16:00:00,14.353333333333332
2022-07-10 17:00:00,14.64
2022-07-10 18:00:00,13.974166666666667
2022-07-10 19:00:00,13.729166666666666
2022-07-10 20:00:00,13.283333333333333
2022-07-10 21:00:00,13.024166666666666
2022-07-10 22:00:00,12.799999999999999
2022-07-10 23:00:00,12.387500000000001
2022-07-11 00:00:00,12.137500000000001
2022-07-11 01:00:00,12.266666666666666
2022-07-11 02:00:00,12.246666666666668
2022-07-11 03:00:00,12.143333333333333
2022-07-11 04:00:00,12.2975
2022-07-11 05:00:00,12.385
2022-07-11 06:00:00,12.4325
2022-07-11 07:00:00,12.038333333333334
2022-07-11 08:00:00,11.714166666666666
2022-07-11 09:00:00,10.845833333333333
2022-07-11 10:00:00,9.868333333333334
2022-07-11 11:00:00,9.205
2022-07-11 12:00:00,8.8425
2022-07-11 13:00:00,8.9825
2022-07-11 14:00:00,9.1225
2022-07-11 15:00:00,9.9325
2022-07-11 16:00:00,11.4525
2022-07-11 17:00:00,12.775
2022-07-11 18:00:00,13.440833333333332
2022-07-11 19:00:00,14.026666666666666
2022-07-11 20:00:00,14.495
2022-07-11 21:00:00,14.74
2022-07-11 22:00:00,14.64
2022-07-11 23:00:00,14.420833333333334
2022-07-12 00:00:00,13.933333333333332
2022-07-12 01:00:00,13.659166666666666
2022-07-12 02:00:00,13.630833333333333
2022-07-12 03:00:00,13.338333333333333
2022-07-12 04:00:00,13.559166666666668
2022-07-12 05:00:00,13.629166666666668
2022-07-12 06:00:00,13.610833333333334
2022-07-12 07:00:00,13.298333333333334
2022-07-12 08:00:00,12.953333333333333
2022-07-12 09:00:00,12.839166666666666
2022-07-12 10:00:00,12.743333333333332
2022-07-12 11:00:00,13.156666666666666
2022-07-12 12:00:00,13.569166666666668
2022-07-12 13:00:00,13.737499999999999
2022-07-12 14:00:00,13.541666666666666
2022-07-12 15:00:00,13.263333333333334
2022-07-12 16:00:00,13.305
2022-07-12 17:00:00,13.296666666666667
2022-07-12 18:00:00,13.31
2022-07-12 19:00:00,13.405833333333334
2022-07-12 20:00:00,13.299999999999999
2022-07-12 21:00:00,13.328333333333333
2022-07-12 22:00:00,13.519166666666665
2022-07-12 23:00:00,13.416666666666666
2022-07-13 00:00:00,13.659999999999998
2022-07-13 01:00:00,13.722500000000002
2022-07-13 02:00:00,13.673333333333334
2022-07-13 03:00:00,14.049166666666666
2022-07-13 04:00:00,14.3825
2022-07-13 05:00:00,14.675833333333332
2022-07-13 06:00:00,14.779166666666667
2022-07-13 07:00:00,14.723333333333334
2022-07-13 08:00:00,14.336666666666666
2022-07-13 09:00:00,13.8275
2022-07-13 10:00:00,13.375833333333333
2022-07-13 11:00:00,12.902500000000002
2022-07-13 12:00:00,12.813333333333333
2022-07-13 13:00:00,13.11
2022-07-13 14:00:00,13.4975
2022-07-13 15:00:00,13.395000000000001
2022-07-13 16:00:00,13.264166666666666
2022-07-13 17:00:00,13.369166666666667
2022-07-13 18:00:00,13.530000000000001
2022-07-13 19:00:00,14.0475
2022-07-13 20:00:00,14.663333333333334
2022-07-13 21:00:00,14.769166666666665
2022-07-13 22:00:00,14.476666666666667
2022-07-13 23:00:00,13.294166666666667
2022-07-14 00:00:00,12.449166666666668
2022-07-14 01:00:00,12.813333333333333
2022-07-14 02:00:00,12.645833333333334
2022-07-14 03:00:00,12.515833333333333
2022-07-14 04:00:00,12.379166666666668
2022-07-14 05:00:00,12.396666666666667
2022-07-14 06:00:00,12.653333333333334
2022-07-14 07:00:00,13.765
2022-07-14 08:00:00,14.571666666666667
2022-07-14 09:00:00,14.612499999999999
2022-07-14 10:00:00,14.631666666666666
2022-07-14 11:00:00,14.434166666666668
2022-07-14 12:00:00,14.621666666666668
2022-07-14 13:00:00,14.785833333333334
2022-07-14 14:00:00,14.76
2022-07-14 15:00:00,14.61
2022-07-14 16:00:00,14.318333333333333
2022-07-14 17:00:00,14.140833333333333
2022-07-14 18:00:00,13.813333333333333
2022-07-14 19:00:00,13.626666666666667
2022-07-14 20:00:00,13.585833333333333
2022-07-14 21:00:00,12.995
2022-07-14 22:00:00,13.048333333333332
2022-07-14 23:00:00,13.036666666666667
2022-07-15 00:00:00,13.245833333333332
2022-07-15 01:00:00,13.789166666666667
2022-07-15 02:00:00,13.738333333333335
2022-07-15 03:00:00,13.04
2022-07-15 04:00:00,13.106666666666667
2022-07-15 05:00:00,13.316666666666668
2022-07-15 06:00:00,13.326666666666666
2022-07-15 07:00:00,13.825833333333334
2022-07-15 08:00:00,14.120833333333332
2022-07-15 09:00:00,14.223333333333334
2022-07-15 10:00:00,13.498333333333333
2022-07-15 11:00:00,12.535833333333334
2022-07-15 12:00:00,12.130833333333333
2022-07-15 13:00:00,12.138333333333334
2022-07-15 14:00:00,12.163333333333334
2022-07-15 15:00:00,12.153333333333334
2022-07-15 16:00:00,12.725833333333334
2022-07-15 17:00:00,13.282499999999999
2022-07-15 18:00:00,14.128333333333332
2022-07-15 19:00:00,14.299166666666666
2022-07-15 20:00:00,14.558333333333332
2022-07-15 21:00:00,14.630833333333333
2022-07-15 22:00:00,14.744166666666667
2022-07-15 23:00:00,14.593333333333334
2022-07-16 00:00:00,14.525
2022-07-16 01:00:00,15.093333333333334
2022-07-16 02:00:00,15.050833333333335
2022-07-16 03:00:00,14.576666666666668
2022-07-16 04:00:00,14.669166666666667
2022-07-16 05:00:00,14.657499999999999
2022-07-16 06:00:00,15.001666666666667
2022-07-16 07:00:00,15.073333333333332
2022-07-16 08:00:00,14.989166666666668
2022-07-16 09:00:00,14.269166666666669
2022-07-16 10:00:00,14.033333333333333
2022-07-16 11:00:00,14.075833333333334
2022-07-16 12:00:00,13.895833333333334
2022-07-16 13:00:00,14.173333333333332
2022-07-16 14:00:00,14.776666666666666
2022-07-16 15:00:00,15.005
2022-07-16 16:00:00,14.675833333333332
2022-07-16 17:00:00,13.839166666666666
2022-07-16 18:00:00,13.085833333333333
2022-07-16 19:00:00,12.131666666666668
2022-07-16 20:00:00,11.540833333333333
2022-07-16 21:00:00,11.3675
2022-07-16 22:00:00,11.395833333333334
2022-07-16 23:00:00,11.665833333333333
2022-07-17 00:00:00,11.762500000000001
2022-07-17 01:00:00,11.635
2022-07-17 02:00:00,10.851666666666667
2022-07-17 03:00:00,10.487499999999999
2022-07-17 04:00:00,11.064166666666665
2022-07-17 05:00:00,11.216666666666667
2022-07-17 06:00:00,9.7775
2022-07-17 07:00:00,7.210833333333333
2022-07-17 08:00:00,6.755
2022-07-17 09:00:00,6.180833333333333
2022-07-17 10:00:00,6.071666666666666
2022-07-17 11:00:00,5.785833333333334
2022-07-17 12:00:00,5.838333333333334
2022-07-17 13:00:00,6.1875
2022-07-17 14:00:00,6.323333333333333
2022-07-17 15:00:00,6.47
2022-07-17 16:00:00,7.348333333333334
2022-07-17 17:00:00,7.394166666666666
2022-07-17 18:00:00,7.28
2022-07-17 19:00:00,7.216666666666666
2022-07-17 20:00:00,7.185833333333334
2022-07-17 21:00:00,7.403333333333333
2022-07-17 22:00:00,7.947500000000001
2022-07-17 23:00:00,9.105
2022-07-18 00:00:00,11.928333333333333
2022-07-18 01:00:00,14.625
2022-07-18 02:00:00,9.786666666666667
2022-07-18 03:00:00,9.5625
2022-07-18 04:00:00,11.299999999999999
2022-07-18 05:00:00,11.913333333333334
2022-07-18 06:00:00,13.098333333333334
2022-07-18 07:00:00,13.4
2022-07-18 08:00:00,12.938333333333333
2022-07-18 09:00:00,12.8775
2022-07-18 10:00:00,12.839166666666666
2022-07-18 11:00:00,12.759166666666667
2022-07-18 12:00:00,12.924166666666666
2022-07-18 13:00:00,13.2875
2022-07-18 14:00:00,13.745833333333332
2022-07-18 15:00:00,13.61
2022-07-18 16:00:00,14.12
2022-07-18 17:00:00,13.883333333333333
2022-07-18 18:00:00,14.376666666666667
2022-07-18 19:00:00,14.8725
2022-07-18 20:00:00,14.180833333333334
2022-07-18 21:00:00,13.944166666666666
2022-07-18 22:00:00,14.408333333333333
2022-07-18 23:00:00,14.605833333333331
2022-07-19 00:00:00,14.8275
2022-07-19 01:00:00,14.99
2022-07-19 02:00:00,14.184166666666668
2022-07-19 03:00:00,13.620833333333332
2022-07-19 04:00:00,13.734166666666667
2022-07-19 05:00:00,14.124166666666667
2022-07-19 06:00:00,14.116666666666667
2022-07-19 07:00:00,13.648333333333333
2022-07-19 08:00:00,13.261666666666665
2022-07-19 09:00:00,12.626666666666667
2022-07-19 10:00:00,12.4375
2022-07-19 11:00:00,11.828333333333333
2022-07-19 12:00:00,10.696666666666665
2022-07-19 13:00:00,11.286666666666667
2022-07-19 14:00:00,11.325000000000001
2022-07-19 15:00:00,11.399166666666666
2022-07-19 16:00:00,12.597499999999998
2022-07-19 17:00:00,12.943333333333333
2022-07-19 18:00:00,13.265833333333333
2022-07-19 19:00:00,13.260833333333332
2022-07-19 20:00:00,13.615833333333333
2022-07-19 21:00:00,14.264166666666666
2022-07-19 22:00:00,14.899166666666666
2022-07-19 23:00:00,15.741666666666667
2022-07-20 00:00:00,16.974999999999998
2022-07-20 01:00:00,17.095833333333335
2022-07-20 02:00:00,17.2025
2022-07-20 03:00:00,16.735
2022-07-20 04:00:00,15.868333333333334
2022-07-20 05:00:00,15.201666666666666
2022-07-20 06:00:00,14.055
2022-07-20 07:00:00,13.383333333333333
2022-07-20 08:00:00,13.159999999999998
2022-07-20 09:00:00,13.064166666666667
2022-07-20 10:00:00,13.324166666666665
2022-07-20 11:00:00,13.35
2022-07-20 12:00:00,12.7975
2022-07-20 13:00:00,12.540833333333333
2022-07-20 14:00:00,12.7175
2022-07-20 15:00:00,12.766666666666666
2022-07-20 16:00:00,12.848333333333334
2022-07-20 17:00:00,12.7675
2022-07-20 18:00:00,12.8275
2022-07-20 19:00:00,12.759166666666667
2022-07-20 20:00:00,13.013333333333334
2022-07-20 21:00:00,12.721666666666666
2022-07-20 22:00:00,12.119166666666667
2022-07-20 23:00:00,11.1025
2022-07-21 00:00:00,10.5
2022-07-21 01:00:00,10.493333333333334
2022-07-21 02:00:00,11.088333333333333
2022-07-21 03:00:00,11.258333333333333
2022-07-21 04:00:00,10.665
2022-07-21 05:00:00,9.223333333333334
2022-07-21 06:00:00,7.9325
2022-07-21 07:00:00,7.197500000000001
2022-07-21 08:00:00,6.776666666666666
2022-07-21 09:00:00,7.096666666666667
2022-07-21 10:00:00,7.350833333333333
2022-07-21 11:00:00,7.310833333333332
2022-07-21 12:00:00,7.3625
2022-07-21 13:00:00,7.424166666666667
2022-07-21 14:00:00,7.509166666666666
2022-07-21 15:00:00,7.528333333333333
2022-07-21 16:00:00,7.46
2022-07-21 17:00:00,7.720833333333334
2022-07-21 18:00:00,7.898333333333333
2022-07-21 19:00:00,7.935833333333332
2022-07-21 20:00:00,8.137500000000001
2022-07-21 21:00:00,8.035
2022-07-21 22:00:00,7.8183333333333325
2022-07-21 23:00:00,8.25
2022-07-22 00:00:00,9.155
2022-07-22 01:00:00,10.635
2022-07-22 02:00:00,11.793333333333335
2022-07-22 03:00:00,12.295833333333334
2022-07-22 04:00:00,12.793333333333335
2022-07-22 05:00:00,12.278333333333334
2022-07-22 06:00:00,12.078333333333333
2022-07-22 07:00:00,12.615833333333333
2022-07-22 08:00:00,12.472499999999998
2022-07-22 09:00:00,12.318333333333333
2022-07-22 10:00:00,12.079166666666666
2022-07-22 11:00:00,10.400833333333333
2022-07-22 12:00:00,9.218333333333334
2022-07-22 13:00:00,8.974166666666667
2022-07-22 14:00:00,8.794166666666667
2022-07-22 15:00:00,8.945833333333333
2022-07-22 16:00:00,9.075833333333334
2022-07-22 17:00:00,9.289166666666667
2022-07-22 18:00:00,9.189166666666667
2022-07-22 19:00:00,9.053333333333333
2022-07-22 20:00:00,8.985
2022-07-22 21:00:00,8.974166666666667
2022-07-22 22:00:00,8.858333333333333
2022-07-22 23:00:00,8.761666666666667
2022-07-23 00:00:00,8.236666666666666
2022-07-23 01:00:00,7.8808333333333325
2022-07-23 02:00:00,8.051666666666668
2022-07-23 03:00:00,8.479166666666666
2022-07-23 04:00:00,9.253333333333334
2022-07-23 05:00:00,10.364166666666668
2022-07-23 06:00:00,11.748333333333333
2022-07-23 07:00:00,11.8125
2022-07-23 08:00:00,11.411666666666667
2022-07-23 09:00:00,10.019166666666667
2022-07-23 10:00:00,9.011666666666667
2022-07-23 11:00:00,5.7075000000000005
2022-07-23 12:00:00,5.672499999999999
2022-07-23 13:00:00,5.719166666666666
2022-07-23 14:00:00,5.819166666666667
2022-07-23 15:00:00,5.931666666666666
2022-07-23 16:00:00,6.105833333333333
2022-07-23 17:00:00,6.3425
2022-07-23 18:00:00,6.4375
2022-07-23 19:00:00,6.538333333333334
2022-07-23 20:00:00,6.405833333333334
2022-07-23 21:00:00,6.329999999999999
2022-07-23 22:00:00,6.571666666666666
2022-07-23 23:00:00,6.595
2022-07-24 00:00:00,6.546666666666667
2022-07-24 01:00:00,6.571666666666666
2022-07-24 02:00:00,6.085
2022-07-24 03:00:00,6.0975
2022-07-24 04:00:00,6.2075
2022-07-24 05:00:00,6.054166666666667
2022-07-24 06:00:00,6.215
2022-07-24 07:00:00,6.076666666666667
2022-07-24 08:00:00,6.271666666666667
2022-07-24 09:00:00,6.430833333333333
2022-07-24 10:00:00,6.544999999999999
2022-07-24 11:00:00,6.3999999999999995
2022-07-24 12:00:00,6.498333333333334
2022-07-24 13:00:00,6.8675
2022-07-24 14:00:00,7.098333333333333
2022-07-24 15:00:00,7.336666666666667
2022-07-24 16:00:00,7.638333333333333
2022-07-24 17:00:00,7.256666666666667
2022-07-24 18:00:00,7.29
2022-07-24 19:00:00,7.659166666666667
2022-07-24 20:00:00,7.636666666666667
2022-07-24 21:00:00,7.7491666666666665
2022-07-24 22:00:00,8.153333333333334
2022-07-24 23:00:00,8.48
2022-07-25 00:00:00,8.798333333333334
2022-07-25 01:00:00,19.073333333333334
2022-07-25 02:00:00,10.835833333333333
2022-07-25 03:00:00,9.3575
2022-07-25 04:00:00,9.209166666666667
2022-07-25 05:00:00,9.643333333333333
2022-07-25 06:00:00,10.025
2022-07-25 07:00:00,10.996666666666668
2022-07-25 08:00:00,12.0025
2022-07-25 09:00:00,11.763333333333334
2022-07-25 10:00:00,11.512500000000001
2022-07-25 11:00:00,11.798333333333334
2022-07-25 12:00:00,12.079166666666666
2022-07-25 13:00:00,12.200833333333334
2022-07-25 14:00:00,12.919166666666667
2022-07-25 15:00:00,13.3925
2022-07-25 16:00:00,13.135833333333332
2022-07-25 17:00:00,13.186666666666667
2022-07-25 18:00:00,12.504166666666665
2022-07-25 19:00:00,12.082500000000001
2022-07-25 20:00:00,12.218333333333334
2022-07-25 21:00:00,12.409999999999998
2022-07-25 22:00:00,12.9125
2022-07-25 23:00:00,13.263333333333334
2022-07-26 00:00:00,13.959166666666667
2022-07-26 01:00:00,13.818333333333333
2022-07-26 02:00:00,13.589166666666666
2022-07-26 03:00:00,13.457500000000001
2022-07-26 04:00:00,13.290833333333333
2022-07-26 05:00:00,13.234166666666667
2022-07-26 06:00:00,13.263333333333334
2022-07-26 07:00:00,12.68
2022-07-26 08:00:00,12.513333333333334
2022-07-26 09:00:00,12.638333333333334
2022-07-26 10:00:00,13.9325
2022-07-26 11:00:00,14.768333333333333
2022-07-26 12:00:00,14.819166666666668
2022-07-26 13:00:00,14.589999999999998
2022-07-26 14:00:00,13.825000000000001
2022-07-26 15:00:00,13.228333333333333
2022-07-26 16:00:00,13.1225
2022-07-26 17:00:00,13.2275
2022-07-26 18:00:00,14.265833333333333
2022-07-26 19:00:00,14.546666666666667
2022-07-26 20:00:00,13.098333333333334
2022-07-26 21:00:00,12.665
2022-07-26 22:00:00,12.596666666666666
2022-07-26 23:00:00,12.457500000000001
2022-07-27 00:00:00,12.943333333333333
2022-07-27 01:00:00,12.900833333333333
2022-07-27 02:00:00,11.445
2022-07-27 03:00:00,10.571666666666667
2022-07-27 04:00:00,10.035
2022-07-27 05:00:00,10.019166666666667
2022-07-27 06:00:00,10.1825
2022-07-27 07:00:00,10.254166666666666
2022-07-27 08:00:00,11.050833333333335
2022-07-27 09:00:00,11.195
2022-07-27 10:00:00,11.430833333333334
2022-07-27 11:00:00,11.941666666666668
2022-07-27 12:00:00,12.315
2022-07-27 13:00:00,12.405833333333334
2022-07-27 14:00:00,12.056666666666667
2022-07-27 15:00:00,11.925833333333335
2022-07-27 16:00:00,11.1025
2022-07-27 17:00:00,11.303333333333333
2022-07-27 18:00:00,11.870833333333332
2022-07-27 19:00:00,12.371666666666668
2022-07-27 20:00:00,12.783333333333333
2022-07-27 21:00:00,13.1425
2022-07-27 22:00:00,13.295
2022-07-27 23:00:00,13.240833333333335
2022-07-28 00:00:00,13.460833333333333
2022-07-28 01:00:00,13.5025
2022-07-28 02:00:00,12.960833333333333
2022-07-28 03:00:00,12.544166666666667
2022-07-28 04:00:00,12.6775
2022-07-28 05:00:00,13.931666666666667
2022-07-28 06:00:00,13.803333333333335
2022-07-28 07:00:00,13.9375
2022-07-28 08:00:00,13.896666666666667
2022-07-28 09:00:00,13.690833333333332
2022-07-28 10:00:00,13.350833333333332
2022-07-28 11:00:00,13.0675
2022-07-28 12:00:00,12.568333333333333
2022-07-28 13:00:00,12.158333333333333
2022-07-28 14:00:00,12.513333333333334
2022-07-28 15:00:00,12.58
2022-07-28 16:00:00,13.489166666666668
2022-07-28 17:00:00,13.6925
2022-07-28 18:00:00,13.705
2022-07-28 19:00:00,13.291666666666666
2022-07-28 20:00:00,13.014166666666666
2022-07-28 21:00:00,13.068333333333333
2022-07-28 22:00:00,13.675833333333335
2022-07-28 23:00:00,13.868333333333332
2022-07-29 00:00:00,13.670833333333334
2022-07-29 01:00:00,13.036666666666667
2022-07-29 02:00:00,12.014166666666666
2022-07-29 03:00:00,11.6025
2022-07-29 04:00:00,11.54
2022-07-29 05:00:00,11.441666666666668
2022-07-29 06:00:00,11.793333333333335
2022-07-29 07:00:00,11.268333333333333
2022-07-29 08:00:00,10.936666666666667
2022-07-29 09:00:00,11.001666666666667
2022-07-29 10:00:00,11.301666666666668
2022-07-29 11:00:00,11.56
2022-07-29 12:00:00,11.725833333333334
2022-07-29 13:00:00,12.332500000000001
2022-07-29 14:00:00,12.395833333333334
2022-07-29 15:00:00,12.524166666666666
2022-07-29 16:00:00,13.209166666666667
2022-07-29 17:00:00,14.764166666666666
2022-07-29 18:00:00,14.060833333333335
2022-07-29 19:00:00,9.955833333333333
2022-07-29 20:00:00,6.558333333333334
2022-07-29 21:00:00,6.392499999999999
2022-07-29 22:00:00,7.788333333333333
2022-07-29 23:00:00,10.48
2022-07-30 00:00:00,10.78
2022-07-30 01:00:00,11.014166666666666
2022-07-30 02:00:00,10.9525
2022-07-30 03:00:00,11.443333333333333
2022-07-30 04:00:00,12.780833333333334
2022-07-30 05:00:00,13.4225
2022-07-30 06:00:00,13.513333333333334
2022-07-30 07:00:00,13.5375
2022-07-30 08:00:00,13.737499999999999
2022-07-30 09:00:00,13.118333333333332
2022-07-30 10:00:00,13.064166666666665
2022-07-30 11:00:00,12.9275
2022-07-30 12:00:00,11.830833333333333
2022-07-30 13:00:00,11.048333333333332
2022-07-30 14:00:00,10.813333333333333
2022-07-30 15:00:00,11.213333333333333
2022-07-30 16:00:00,11.566666666666668
2022-07-30 17:00:00,11.701666666666666
2022-07-30 18:00:00,11.631666666666666
2022-07-30 19:00:00,11.94
2022-07-30 20:00:00,12.141666666666666
2022-07-30 21:00:00,12.2475
2022-07-30 22:00:00,12.181666666666667
2022-07-30 23:00:00,11.593333333333334
2022-07-31 00:00:00,11.195833333333333
2022-07-31 01:00:00,10.930833333333334
2022-07-31 02:00:00,10.734166666666667
2022-07-31 03:00:00,10.795
2022-07-31 04:00:00,10.888333333333334
2022-07-31 05:00:00,10.915
2022-07-31 06:00:00,11.263333333333334
2022-07-31 07:00:00,11.969999999999999
2022-07-31 08:00:00,8.8325
2022-07-31 09:00:00,8.56
2022-07-31 10:00:00,8.348333333333333
2022-07-31 11:00:00,7.968333333333334
2022-07-31 12:00:00,7.547499999999999
2022-07-31 13:00:00,7.226666666666667
2022-07-31 14:00:00,7.16
2022-07-31 15:00:00,14.784999999999998
2022-07-31 16:00:00,13.318333333333333
2022-07-31 17:00:00,10.03
2022-07-31 18:00:00,11.356666666666667
2022-07-31 19:00:00,12.036666666666667
2022-07-31 20:00:00,13.805833333333334
2022-07-31 21:00:00,13.706666666666665
2022-07-31 22:00:00,13.331666666666665
2022-07-31 23:00:00,13.36
2022-08-01 00:00:00,12.864166666666668
2022-08-01 01:00:00,12.453333333333333
2022-08-01 02:00:00,12.320833333333333
2022-08-01 03:00:00,12.4275
2022-08-01 04:00:00,12.340000000000002
2022-08-01 05:00:00,12.085833333333333
2022-08-01 06:00:00,12.255833333333333
2022-08-01 07:00:00,12.868333333333332
2022-08-01 08:00:00,13.106666666666667
2022-08-01 09:00:00,13.15
2022-08-01 10:00:00,13.010833333333332
2022-08-01 11:00:00,12.435
2022-08-01 12:00:00,12.143333333333333
2022-08-01 13:00:00,12.245
2022-08-01 14:00:00,12.5325
2022-08-01 15:00:00,12.969166666666666
2022-08-01 16:00:00,13.015833333333333
2022-08-01 17:00:00,13.205
2022-08-01 18:00:00,13.396666666666667
2022-08-01 19:00:00,13.853333333333333
2022-08-01 20:00:00,13.891666666666666
2022-08-01 21:00:00,13.654166666666667
2022-08-01 22:00:00,13.8225
2022-08-01 23:00:00,13.829166666666666
2022-08-02 00:00:00,13.61
2022-08-02 01:00:00,13.29
2022-08-02 02:00:00,13.323333333333332
2022-08-02 03:00:00,13.449166666666665
2022-08-02 04:00:00,13.717500000000001
2022-08-02 05:00:00,14.022499999999999
2022-08-02 06:00:00,14.125833333333333
2022-08-02 07:00:00,14.387500000000001
2022-08-02 08:00:00,14.3675
2022-08-02 09:00:00,13.8975
2022-08-02 10:00:00,13.445833333333333
2022-08-02 11:00:00,13.279166666666667
2022-08-02 12:00:00,13.385833333333332
2022-08-02 13:00:00,13.285833333333334
2022-08-02 14:00:00,13.385
2022-08-02 15:00:00,13.465000000000002
2022-08-02 16:00:00,13.396666666666667
2022-08-02 17:00:00,13.480833333333335
2022-08-02 18:00:00,13.436666666666667
2022-08-02 19:00:00,13.103333333333333
2022-08-02 20:00:00,12.42
2022-08-02 21:00:00,12.1625
2022-08-02 22:00:00,12.739166666666668
2022-08-02 23:00:00,12.536666666666667
2022-08-03 00:00:00,11.441666666666668
2022-08-03 01:00:00,11.664166666666667
2022-08-03 02:00:00,11.986666666666666
2022-08-03 03:00:00,12.255833333333333
2022-08-03 04:00:00,12.431666666666667
2022-08-03 05:00:00,12.380833333333333
2022-08-03 06:00:00,11.690833333333332
2022-08-03 07:00:00,11.115833333333333
2022-08-03 08:00:00,10.475833333333332
2022-08-03 09:00:00,9.661666666666667
2022-08-03 10:00:00,9.575000000000001
2022-08-03 11:00:00,9.8675
2022-08-03 12:00:00,10.19
2022-08-03 13:00:00,10.581666666666667
2022-08-03 14:00:00,11.079166666666666
2022-08-03 15:00:00,11.092500000000001
2022-08-03 16:00:00,10.748333333333333
2022-08-03 17:00:00,11.324166666666665
2022-08-03 18:00:00,10.818333333333333
2022-08-03 19:00:00,10.895000000000001
2022-08-03 20:00:00,10.6225
2022-08-03 21:00:00,10.119166666666667
2022-08-03 22:00:00,8.783333333333333
2022-08-03 23:00:00,8.968333333333334
2022-08-04 00:00:00,8.804166666666665
2022-08-04 01:00:00,8.390833333333333
2022-08-04 02:00:00,7.616666666666667
2022-08-04 03:00:00,7.72
2022-08-04 04:00:00,9.016666666666667
2022-08-04 05:00:00,10.516666666666667
2022-08-04 06:00:00,10.979166666666666
2022-08-04 07:00:00,10.649166666666668
2022-08-04 08:00:00,9.5425
2022-08-04 09:00:00,8.465
2022-08-04 10:00:00,8.8175
2022-08-04 11:00:00,8.896666666666667
2022-08-04 12:00:00,8.866666666666665
2022-08-04 13:00:00,8.897499999999999
2022-08-04 14:00:00,8.831666666666667
2022-08-04 15:00:00,8.816666666666666
2022-08-04 16:00:00,6.0675
2022-08-04 17:00:00,6.54
2022-08-04 18:00:00,6.571666666666666
2022-08-04 19:00:00,6.841666666666666
2022-08-04 20:00:00,6.868333333333333
2022-08-04 21:00:00,6.68
2022-08-04 22:00:00,7.732500000000001
2022-08-04 23:00:00,9.7375
2022-08-05 00:00:00,9.569166666666666
2022-08-05 01:00:00,9.009166666666667
2022-08-05 02:00:00,8.538333333333334
2022-08-05 03:00:00,8.57
2022-08-05 04:00:00,9.394166666666667
2022-08-05 05:00:00,9.366666666666667
2022-08-05 06:00:00,7.7225
2022-08-05 07:00:00,7.320833333333333
2022-08-05 08:00:00,6.883333333333333
2022-08-05 09:00:00,6.616666666666667
2022-08-05 10:00:00,6.875
2022-08-05 11:00:00,7.039166666666667
2022-08-05 12:00:00,6.960833333333333
2022-08-05 13:00:00,6.8758333333333335
2022-08-05 14:00:00,6.995
2022-08-05 15:00:00,7.208333333333333
2022-08-05 16:00:00,7.596666666666667
2022-08-05 17:00:00,8.204166666666667
2022-08-05 18:00:00,9.221666666666666
2022-08-05 19:00:00,7.759166666666666
2022-08-05 20:00:00,6.845833333333334
2022-08-05 21:00:00,6.695833333333333
2022-08-05 22:00:00,7.239999999999999
2022-08-05 23:00:00,7.3999999999999995
2022-08-06 00:00:00,6.766666666666667
2022-08-06 01:00:00,5.519166666666667
2022-08-06 02:00:00,5.429166666666667
2022-08-06 03:00:00,5.699166666666667
2022-08-06 04:00:00,5.779166666666666
2022-08-06 05:00:00,5.963333333333334
2022-08-06 06:00:00,6.215
2022-08-06 07:00:00,6.1875
2022-08-06 08:00:00,5.945833333333334
2022-08-06 09:00:00,5.555833333333333
2022-08-06 10:00:00,5.641666666666667
2022-08-06 11:00:00,5.795833333333333
2022-08-06 12:00:00,5.723333333333334
2022-08-06 13:00:00,5.701666666666667
2022-08-06 14:00:00,5.765833333333333
2022-08-06 15:00:00,5.759166666666666
2022-08-06 16:00:00,5.850833333333333
2022-08-06 17:00:00,6.314166666666666
2022-08-06 18:00:00,6.3075
2022-08-06 19:00:00,6.2441666666666675
2022-08-06 20:00:00,6.259166666666666
2022-08-06 21:00:00,6.068333333333334
2022-08-06 22:00:00,5.648333333333333
2022-08-06 23:00:00,5.659166666666667
2022-08-07 00:00:00,5.094166666666667
2022-08-07 01:00:00,4.916666666666667
2022-08-07 02:00:00,4.954166666666667
2022-08-07 03:00:00,4.985
2022-08-07 04:00:00,5.3025
2022-08-07 05:00:00,5.166666666666667
2022-08-07 06:00:00,4.713333333333334
2022-08-07 07:00:00,4.503333333333333
2022-08-07 08:00:00,4.593333333333334
2022-08-07 09:00:00,4.6450000000000005
2022-08-07 10:00:00,4.28
2022-08-07 11:00:00,3.52
2022-08-07 12:00:00,3.1300000000000003
2022-08-07 13:00:00,2.921666666666667
2022-08-07 14:00:00,2.9466666666666668
2022-08-07 15:00:00,3.0175
2022-08-07 16:00:00,2.9958333333333336
2022-08-07 17:00:00,2.9616666666666664
2022-08-07 18:00:00,3.0191666666666666
2022-08-07 19:00:00,3.081666666666667
2022-08-07 20:00:00,3.35
2022-08-07 21:00:00,3.5325
2022-08-07 22:00:00,3.6666666666666665
2022-08-07 23:00:00,3.9358333333333335
2022-08-08 00:00:00,4.295833333333333
2022-08-08 01:00:00,4.4275
2022-08-08 02:00:00,3.99
2022-08-08 03:00:00,5.966666666666666
2022-08-08 04:00:00,5.526666666666666
2022-08-08 05:00:00,6.16
2022-08-08 06:00:00,7.126666666666666
2022-08-08 07:00:00,8.030833333333332
2022-08-08 08:00:00,9.728333333333333
2022-08-08 09:00:00,10.535833333333334
2022-08-08 10:00:00,9.881666666666666
2022-08-08 11:00:00,9.059166666666668
2022-08-08 12:00:00,8.424166666666666
2022-08-08 13:00:00,8.638333333333334
2022-08-08 14:00:00,8.834999999999999
2022-08-08 15:00:00,8.564166666666667
2022-08-08 16:00:00,7.900833333333334
2022-08-08 17:00:00,7.91
2022-08-08 18:00:00,8.815
2022-08-08 19:00:00,9.5275
2022-08-08 20:00:00,9.888333333333334
2022-08-08 21:00:00,10.841666666666667
2022-08-08 22:00:00,11.11
2022-08-08 23:00:00,10.918333333333335
2022-08-09 00:00:00,11.0375
2022-08-09 01:00:00,11.207500000000001
2022-08-09 02:00:00,11.094166666666666
2022-08-09 03:00:00,11.270833333333334
2022-08-09 04:00:00,11.167499999999999
2022-08-09 05:00:00,11.444166666666668
2022-08-09 06:00:00,11.71
2022-08-09 07:00:00,11.545
2022-08-09 08:00:00,12.0525
2022-08-09 09:00:00,11.451666666666666
2022-08-09 10:00:00,11.125
2022-08-09 11:00:00,11.025833333333333
2022-08-09 12:00:00,10.756666666666668
2022-08-09 13:00:00,10.3275
2022-08-09 14:00:00,10.450833333333334
2022-08-09 15:00:00,10.630833333333333
2022-08-09 16:00:00,10.612499999999999
2022-08-09 17:00:00,10.850833333333334
2022-08-09 18:00:00,10.515833333333333
2022-08-09 19:00:00,10.540833333333333
2022-08-09 20:00:00,10.226666666666667
2022-08-09 21:00:00,10.735
2022-08-09 22:00:00,10.0625
2022-08-09 23:00:00,9.671666666666667
2022-08-10 00:00:00,8.456666666666665
2022-08-10 01:00:00,7.776666666666666
2022-08-10 02:00:00,7.483333333333333
2022-08-10 03:00:00,7.225833333333333
2022-08-10 04:00:00,7.050833333333333
2022-08-10 05:00:00,6.990833333333334
2022-08-10 06:00:00,7.2749999999999995
2022-08-10 07:00:00,7.857499999999999
2022-08-10 08:00:00,8.720833333333333
2022-08-10 09:00:00,8.728333333333333
2022-08-10 10:00:00,9.381666666666666
2022-08-10 11:00:00,9.154166666666667
2022-08-10 12:00:00,8.295
2022-08-10 13:00:00,8.47
2022-08-10 14:00:00,8.510833333333332
2022-08-10 15:00:00,8.420833333333334
2022-08-10 16:00:00,9.413333333333332
2022-08-10 17:00:00,9.810833333333333
2022-08-10 18:00:00,9.990833333333333
2022-08-10 19:00:00,10.37
2022-08-10 20:00:00,10.167499999999999
2022-08-10 21:00:00,10.963333333333333
2022-08-10 22:00:00,10.458333333333334
2022-08-10 23:00:00,10.295
2022-08-11 00:00:00,10.586666666666668
2022-08-11 01:00:00,10.188333333333333
2022-08-11 02:00:00,9.352500000000001
2022-08-11 03:00:00,9.210833333333333
2022-08-11 04:00:00,8.82
2022-08-11 05:00:00,8.735000000000001
2022-08-11 06:00:00,8.633333333333333
2022-08-11 07:00:00,8.836666666666668
2022-08-11 08:00:00,10.499166666666666
2022-08-11 09:00:00,10.005
2022-08-11 10:00:00,10.158333333333333
2022-08-11 11:00:00,10.3775
2022-08-11 12:00:00,10.293333333333333
2022-08-11 13:00:00,10.119166666666667
2022-08-11 14:00:00,9.951666666666666
2022-08-11 15:00:00,9.563333333333334
2022-08-11 16:00:00,8.674999999999999
2022-08-11 17:00:00,8.346666666666666
2022-08-11 18:00:00,9.113333333333333
2022-08-11 19:00:00,9.1825
2022-08-11 20:00:00,8.784166666666666
2022-08-11 21:00:00,9.459999999999999
2022-08-11 22:00:00,10.563333333333334
2022-08-11 23:00:00,10.0525
2022-08-12 00:00:00,9.906666666666666
2022-08-12 01:00:00,9.736666666666666
2022-08-12 02:00:00,9.855
2022-08-12 03:00:00,9.313333333333334
2022-08-12 04:00:00,9.339166666666667
2022-08-12 05:00:00,9.775833333333333
2022-08-12 06:00:00,10.155833333333334
2022-08-12 07:00:00,9.34
2022-08-12 08:00:00,8.595833333333333
2022-08-12 09:00:00,8.47
2022-08-12 10:00:00,8.59
2022-08-12 11:00:00,9.955833333333333
2022-08-12 12:00:00,10.825833333333334
2022-08-12 13:00:00,10.3025
2022-08-12 14:00:00,10.0625
2022-08-12 15:00:00,10.138333333333334
2022-08-12 16:00:00,10.099166666666667
2022-08-12 17:00:00,10.896666666666667
2022-08-12 18:00:00,11.084166666666667
2022-08-12 19:00:00,9.095833333333333
2022-08-12 20:00:00,7.9025
2022-08-12 21:00:00,8.602500000000001
2022-08-12 22:00:00,10.078333333333333
2022-08-12 23:00:00,10.580833333333334
2022-08-13 00:00:00,9.836666666666666
2022-08-13 01:00:00,6.8933333333333335
2022-08-13 02:00:00,6.828333333333333
2022-08-13 03:00:00,6.575833333333333
2022-08-13 04:00:00,5.9750000000000005
2022-08-13 05:00:00,5.9316666666666675
2022-08-13 06:00:00,5.999166666666667
2022-08-13 07:00:00,6.3525
2022-08-13 08:00:00,6.6475
2022-08-13 09:00:00,6.865833333333334
2022-08-13 10:00:00,7.195833333333333
2022-08-13 11:00:00,6.694166666666667
2022-08-13 12:00:00,6.658333333333334
2022-08-13 13:00:00,6.6025
2022-08-13 14:00:00,6.260833333333333
2022-08-13 15:00:00,5.927499999999999
2022-08-13 16:00:00,5.974166666666666
2022-08-13 17:00:00,6.070833333333333
2022-08-13 18:00:00,5.951666666666667
2022-08-13 19:00:00,5.927499999999999
2022-08-13 20:00:00,5.77
2022-08-13 21:00:00,5.470833333333334
2022-08-13 22:00:00,5.101666666666667
2022-08-13 23:00:00,4.315833333333333
2022-08-14 00:00:00,3.9983333333333335
2022-08-14 01:00:00,3.845833333333333
2022-08-14 02:00:00,3.5941666666666667
2022-08-14 03:00:00,3.6300000000000003
2022-08-14 04:00:00,3.8524999999999996
2022-08-14 05:00:00,3.9408333333333334
2022-08-14 06:00:00,4.001666666666666
2022-08-14 07:00:00,4.113333333333333
2022-08-14 08:00:00,3.766666666666667
2022-08-14 09:00:00,3.7866666666666666
2022-08-14 10:00:00,3.779166666666667
2022-08-14 11:00:00,3.858333333333333
2022-08-14 12:00:00,3.909166666666667
2022-08-14 13:00:00,4.126666666666667
2022-08-14 14:00:00,4.184166666666667
2022-08-14 15:00:00,4.455
2022-08-14 16:00:00,4.574166666666667
2022-08-14 17:00:00,4.958333333333333
2022-08-14 18:00:00,5.384166666666666
2022-08-14 19:00:00,5.440833333333334
2022-08-14 20:00:00,5.221666666666667
2022-08-14 21:00:00,4.9825
2022-08-14 22:00:00,4.769166666666667
2022-08-14 23:00:00,4.52
2022-08-15 00:00:00,3.985
2022-08-15 01:00:00,3.4875000000000003
2022-08-15 02:00:00,3.355833333333333
2022-08-15 03:00:00,3.2525
2022-08-15 04:00:00,3.224166666666667
2022-08-15 05:00:00,3.3000000000000003
2022-08-15 06:00:00,3.3191666666666664
2022-08-15 07:00:00,3.4858333333333333
2022-08-15 08:00:00,3.5500000000000003
2022-08-15 09:00:00,3.4141666666666666
2022-08-15 10:00:00,3.4250000000000003
2022-08-15 11:00:00,3.4433333333333334
2022-08-15 12:00:00,3.5083333333333333
2022-08-15 13:00:00,3.5941666666666663
2022-08-15 14:00:00,3.725
2022-08-15 15:00:00,3.7325
2022-08-15 16:00:00,3.8866666666666667
2022-08-15 17:00:00,4.053333333333334
2022-08-15 18:00:00,4.151666666666666
2022-08-15 19:00:00,3.9141666666666666
2022-08-15 20:00:00,3.5124999999999997
2022-08-15 21:00:00,3.436666666666667
2022-08-15 22:00:00,3.7608333333333337
2022-08-15 23:00:00,4.349166666666666
2022-08-16 00:00:00,4.796666666666667
2022-08-16 01:00:00,5.089166666666666
2022-08-16 02:00:00,6.315833333333333
2022-08-16 03:00:00,6.789166666666667
2022-08-16 04:00:00,6.596666666666667
2022-08-16 05:00:00,6.506666666666667
2022-08-16 06:00:00,6.2941666666666665
2022-08-16 07:00:00,6.0775
2022-08-16 08:00:00,7.112500000000001
2022-08-16 09:00:00,7.835833333333333
2022-08-16 10:00:00,8.250833333333333
2022-08-16 11:00:00,8.738333333333333
2022-08-16 12:00:00,8.883333333333333
2022-08-16 13:00:00,9.775
2022-08-16 14:00:00,9.4525
2022-08-16 15:00:00,8.986666666666666
2022-08-16 16:00:00,8.751666666666667
2022-08-16 17:00:00,9.206666666666667
2022-08-16 18:00:00,9.495
2022-08-16 19:00:00,11.082500000000001
2022-08-16 20:00:00,11.099166666666667
2022-08-16 21:00:00,10.820833333333333
2022-08-16 22:00:00,10.194166666666666
2022-08-16 23:00:00,8.848333333333333
2022-08-17 00:00:00,7.221666666666667
2022-08-17 01:00:00,7.2316666666666665
2022-08-17 02:00:00,9.845833333333333
2022-08-17 03:00:00,11.034166666666666
2022-08-17 04:00:00,8.415833333333333
2022-08-17 05:00:00,9.268333333333333
2022-08-17 06:00:00,10.085833333333333
2022-08-17 07:00:00,11.119166666666667
2022-08-17 08:00:00,11.521666666666667
2022-08-17 09:00:00,11.501666666666667
2022-08-17 10:00:00,11.798333333333334
2022-08-17 11:00:00,11.428333333333333
2022-08-17 12:00:00,11.011666666666668
2022-08-17 13:00:00,10.269166666666665
2022-08-17 14:00:00,10.459166666666667
2022-08-17 15:00:00,9.895
2022-08-17 16:00:00,10.390833333333333
2022-08-17 17:00:00,10.349166666666667
2022-08-17 18:00:00,10.479166666666666
2022-08-17 19:00:00,9.900833333333333
2022-08-17 20:00:00,8.864166666666668
2022-08-17 21:00:00,7.6375
2022-08-17 22:00:00,6.555
2022-08-17 23:00:00,5.361666666666667
2022-08-18 00:00:00,4.0808333333333335
2022-08-18 01:00:00,3.8891666666666667
2022-08-18 02:00:00,3.8158333333333334
2022-08-18 03:00:00,3.8608333333333333
2022-08-18 04:00:00,3.861666666666667
2022-08-18 05:00:00,3.8991666666666664
2022-08-18 06:00:00,3.97
2022-08-18 07:00:00,3.8341666666666665
2022-08-18 08:00:00,4.115
2022-08-18 09:00:00,4.958333333333333
2022-08-18 10:00:00,4.954166666666667
2022-08-18 11:00:00,4.935833333333334
2022-08-18 12:00:00,4.948333333333333
2022-08-18 13:00:00,4.911666666666667
2022-08-18 14:00:00,4.875
2022-08-18 15:00:00,4.886666666666667
2022-08-18 16:00:00,5.295
2022-08-18 17:00:00,4.634166666666666
2022-08-18 18:00:00,4.240833333333334
2022-08-18 19:00:00,3.955
2022-08-18 20:00:00,3.9166666666666665
2022-08-18 21:00:00,3.965
2022-08-18 22:00:00,4.078333333333333
2022-08-18 23:00:00,3.9791666666666665
2022-08-19 00:00:00,3.845
2022-08-19 01:00:00,3.75
2022-08-19 02:00:00,3.8258333333333336
2022-08-19 03:00:00,3.9233333333333333
2022-08-19 04:00:00,3.8958333333333335
2022-08-19 05:00:00,3.8349999999999995
2022-08-19 06:00:00,3.8041666666666667
2022-08-19 07:00:00,3.8874999999999997
2022-08-19 08:00:00,3.9891666666666663
2022-08-19 09:00:00,4.225833333333333
2022-08-19 10:00:00,4.190833333333333
2022-08-19 11:00:00,4.655833333333333
2022-08-19 12:00:00,4.906666666666666
2022-08-19 13:00:00,4.983333333333333
2022-08-19 14:00:00,5.075
2022-08-19 15:00:00,5.038333333333333
2022-08-19 16:00:00,5.075833333333334
2022-08-19 17:00:00,5.015
2022-08-19 18:00:00,4.954166666666667
2022-08-19 19:00:00,4.81
2022-08-19 20:00:00,4.744166666666667
2022-08-19 21:00:00,4.697500000000001
2022-08-19 22:00:00,4.181666666666667
2022-08-19 23:00:00,4.0441666666666665
2022-08-20 00:00:00,3.7408333333333332
2022-08-20 01:00:00,3.4416666666666664
2022-08-20 02:00:00,3.4425000000000003
2022-08-20 03:00:00,3.68
2022-08-20 04:00:00,4.348333333333334
2022-08-20 05:00:00,5.139166666666667
2022-08-20 06:00:00,5.242500000000001
2022-08-20 07:00:00,5.101666666666667
2022-08-20 08:00:00,4.86
2022-08-20 09:00:00,4.6241666666666665
2022-08-20 10:00:00,4.7700000000000005
2022-08-20 11:00:00,4.5675
2022-08-20 12:00:00,4.655833333333333
2022-08-20 13:00:00,5.136666666666667
2022-08-20 14:00:00,5.451666666666667
2022-08-20 15:00:00,5.575
2022-08-20 16:00:00,5.179166666666666
2022-08-20 17:00:00,5.524166666666666
2022-08-20 18:00:00,5.624166666666667
2022-08-20 19:00:00,5.732500000000001
2022-08-20 20:00:00,5.489999999999999
2022-08-20 21:00:00,5.6475
2022-08-20 22:00:00,5.7058333333333335
2022-08-20 23:00:00,5.39
2022-08-21 00:00:00,5.033333333333333
2022-08-21 01:00:00,5.070833333333334
2022-08-21 02:00:00,5.3775
2022-08-21 03:00:00,5.428333333333334
2022-08-21 04:00:00,5.314166666666666
2022-08-21 05:00:00,5.483333333333333
2022-08-21 06:00:00,5.613333333333333
2022-08-21 07:00:00,5.635000000000001
2022-08-21 08:00:00,5.639166666666667
2022-08-21 09:00:00,5.456666666666667
2022-08-21 10:00:00,5.344166666666666
2022-08-21 11:00:00,5.571666666666666
2022-08-21 12:00:00,5.8175
2022-08-21 13:00:00,5.8325000000000005
2022-08-21 14:00:00,5.351666666666667
2022-08-21 15:00:00,4.8933333333333335
2022-08-21 16:00:00,4.324166666666667
2022-08-21 17:00:00,4.028333333333333
2022-08-21 18:00:00,4.096666666666667
2022-08-21 19:00:00,4.203333333333333
2022-08-21 20:00:00,4.1725
2022-08-21 21:00:00,4.259166666666667
2022-08-21 22:00:00,4.399166666666667
2022-08-21 23:00:00,4.458333333333333
2022-08-22 00:00:00,4.683333333333333
2022-08-22 01:00:00,4.554166666666666
2022-08-22 02:00:00,6.409166666666667
2022-08-22 03:00:00,4.995833333333334
2022-08-22 04:00:00,5.653333333333333
2022-08-22 05:00:00,5.935833333333334
2022-08-22 06:00:00,5.857500000000001
2022-08-22 07:00:00,6.416666666666667
2022-08-22 08:00:00,6.6000000000000005
2022-08-22 09:00:00,8.910833333333334
2022-08-22 10:00:00,5.4675
2022-08-22 11:00:00,4.9325
2022-08-22 12:00:00,4.883333333333333
2022-08-22 13:00:00,5.275833333333333
2022-08-22 14:00:00,6.670833333333333
2022-08-22 15:00:00,7.6525
2022-08-22 16:00:00,8.268333333333333
2022-08-22 17:00:00,8.705833333333333
2022-08-22 18:00:00,9.5875
2022-08-22 19:00:00,9.448333333333332
2022-08-22 20:00:00,8.575000000000001
2022-08-22 21:00:00,8.670833333333333
2022-08-22 22:00:00,8.831666666666667
2022-08-22 23:00:00,9.1325
2022-08-23 00:00:00,8.647499999999999
2022-08-23 01:00:00,9.26
2022-08-23 02:00:00,8.856666666666667
2022-08-23 03:00:00,8.814166666666667
2022-08-23 04:00:00,9.735
2022-08-23 05:00:00,9.933333333333334
2022-08-23 06:00:00,10.095
2022-08-23 07:00:00,9.858333333333333
2022-08-23 08:00:00,10.040000000000001
2022-08-23 09:00:00,11.0675
2022-08-23 10:00:00,11.141666666666666
2022-08-23 11:00:00,10.707500000000001
2022-08-23 12:00:00,8.704166666666667
2022-08-23 13:00:00,8.456666666666665
2022-08-23 14:00:00,8.379166666666666
2022-08-23 15:00:00,8.521666666666667
2022-08-23 16:00:00,9.860833333333334
2022-08-23 17:00:00,9.825833333333334
2022-08-23 18:00:00,9.559166666666666
2022-08-23 19:00:00,10.089166666666667
2022-08-23 20:00:00,9.429166666666667
2022-08-23 21:00:00,9.805
2022-08-23 22:00:00,9.89
2022-08-23 23:00:00,10.343333333333334
2022-08-24 00:00:00,9.827499999999999
2022-08-24 01:00:00,9.654166666666667
2022-08-24 02:00:00,8.838333333333333
2022-08-24 03:00:00,8.1875
2022-08-24 04:00:00,8.785833333333334
2022-08-24 05:00:00,10.044166666666667
2022-08-24 06:00:00,10.133333333333333
2022-08-24 07:00:00,10.07
2022-08-24 08:00:00,9.237499999999999
2022-08-24 09:00:00,8.92
2022-08-24 10:00:00,9.089166666666666
2022-08-24 11:00:00,9.500833333333333
2022-08-24 12:00:00,10.1725
2022-08-24 13:00:00,10.409166666666666
2022-08-24 14:00:00,10.4725
2022-08-24 15:00:00,10.988333333333332
2022-08-24 16:00:00,11.063333333333333
2022-08-24 17:00:00,10.43
2022-08-24 18:00:00,10.606666666666667
2022-08-24 19:00:00,11.163333333333334
2022-08-24 20:00:00,11.4975
2022-08-24 21:00:00,11.298333333333334
2022-08-24 22:00:00,10.125
2022-08-24 23:00:00,9.91
2022-08-25 00:00:00,9.768333333333333
2022-08-25 01:00:00,9.743333333333334
2022-08-25 02:00:00,9.726666666666667
2022-08-25 03:00:00,9.394166666666667
2022-08-25 04:00:00,9.082500000000001
2022-08-25 05:00:00,8.828333333333333
2022-08-25 06:00:00,8.564166666666667
2022-08-25 07:00:00,8.62
2022-08-25 08:00:00,9.010833333333332
2022-08-25 09:00:00,9.060833333333333
2022-08-25 10:00:00,9.045833333333333
2022-08-25 11:00:00,9.2675
2022-08-25 12:00:00,9.22
2022-08-25 13:00:00,9.434166666666666
2022-08-25 14:00:00,9.891666666666667
2022-08-25 15:00:00,10.1875
2022-08-25 16:00:00,10.799166666666666
2022-08-25 17:00:00,10.526666666666666
2022-08-25 18:00:00,9.9325
2022-08-25 19:00:00,10.664166666666667
2022-08-25 20:00:00,9.908333333333333
2022-08-25 21:00:00,10.921666666666667
2022-08-25 22:00:00,10.025
2022-08-25 23:00:00,8.5075
2022-08-26 00:00:00,6.209166666666667
2022-08-26 01:00:00,5.634166666666666
2022-08-26 02:00:00,5.4775
2022-08-26 03:00:00,5.640000000000001
2022-08-26 04:00:00,5.45
2022-08-26 05:00:00,5.7124999999999995
2022-08-26 06:00:00,5.784166666666667
2022-08-26 07:00:00,5.318333333333333
2022-08-26 08:00:00,5.435833333333334
2022-08-26 09:00:00,5.3475
2022-08-26 10:00:00,5.0175
2022-08-26 11:00:00,5.2299999999999995
2022-08-26 12:00:00,5.159166666666667
2022-08-26 13:00:00,5.73
2022-08-26 14:00:00,6.008333333333333
2022-08-26 15:00:00,6.274166666666666
2022-08-26 16:00:00,6.1308333333333325
2022-08-26 17:00:00,5.473333333333334
2022-08-26 18:00:00,5.661666666666666
2022-08-26 19:00:00,6.148333333333333
2022-08-26 20:00:00,5.571666666666666
2022-08-26 21:00:00,5.324166666666667
2022-08-26 22:00:00,4.386666666666667
2022-08-26 23:00:00,3.9575
2022-08-27 00:00:00,3.7916666666666665
2022-08-27 01:00:00,3.98
2022-08-27 02:00:00,4.2
2022-08-27 03:00:00,4.6691666666666665
2022-08-27 04:00:00,4.671666666666667
2022-08-27 05:00:00,4.531666666666666
2022-08-27 06:00:00,3.5391666666666666
2022-08-27 07:00:00,3.7025
2022-08-27 08:00:00,3.6591666666666662
2022-08-27 09:00:00,2.7375000000000003
2022-08-27 10:00:00,2.58
2022-08-27 11:00:00,1.4833333333333334
2022-08-27 12:00:00,1.6358333333333333
2022-08-27 13:00:00,1.7466666666666668
2022-08-27 14:00:00,1.7625
2022-08-27 15:00:00,1.8049999999999997
2022-08-27 16:00:00,1.7999999999999998
2022-08-27 17:00:00,1.7258333333333333
2022-08-27 18:00:00,1.7741666666666667
2022-08-27 19:00:00,1.875
2022-08-27 20:00:00,1.8883333333333334
2022-08-27 21:00:00,1.95
2022-08-27 22:00:00,1.8733333333333333
2022-08-27 23:00:00,1.8141666666666667
2022-08-28 00:00:00,1.7733333333333334
2022-08-28 01:00:00,1.64
2022-08-28 02:00:00,1.5883333333333332
2022-08-28 03:00:00,1.5633333333333332
2022-08-28 04:00:00,1.5583333333333333
2022-08-28 05:00:00,1.5666666666666667
2022-08-28 06:00:00,1.5025000000000002
2022-08-28 07:00:00,1.5283333333333333
2022-08-28 08:00:00,1.4983333333333333
2022-08-28 09:00:00,1.3941666666666668
2022-08-28 10:00:00,1.3591666666666666
2022-08-28 11:00:00,1.3391666666666666
2022-08-28 12:00:00,5.690833333333334
2022-08-28 13:00:00,1.6725
2022-08-28 14:00:00,1.8416666666666668
2022-08-28 15:00:00,2.0308333333333333
2022-08-28 16:00:00,2.5375
2022-08-28 17:00:00,4.031666666666666
2022-08-28 18:00:00,5.1225
2022-08-28 19:00:00,5.894166666666667
2022-08-28 20:00:00,4.898333333333333
2022-08-28 21:00:00,5.189166666666667
2022-08-28 22:00:00,5.420833333333333
2022-08-28 23:00:00,5.658333333333334
2022-08-29 00:00:00,5.716666666666666
2022-08-29 01:00:00,5.664166666666667
2022-08-29 02:00:00,5.3933333333333335
2022-08-29 03:00:00,5.2175
2022-08-29 04:00:00,5.019166666666667
2022-08-29 05:00:00,5.068333333333333
2022-08-29 06:00:00,5.005833333333333
2022-08-29 07:00:00,4.998333333333333
2022-08-29 08:00:00,5.154166666666667
2022-08-29 09:00:00,5.139166666666667
2022-08-29 10:00:00,5.7250000000000005
2022-08-29 11:00:00,6.0975
2022-08-29 12:00:00,6.175000000000001
2022-08-29 13:00:00,6.569166666666667
2022-08-29 14:00:00,6.845833333333334
2022-08-29 15:00:00,7.155
2022-08-29 16:00:00,6.878333333333334
2022-08-29 17:00:00,6.891666666666667
2022-08-29 18:00:00,7.218333333333334
2022-08-29 19:00:00,7.560833333333334
2022-08-29 20:00:00,7.4383333333333335
2022-08-29 21:00:00,7.4316666666666675
2022-08-29 22:00:00,7.114999999999999
2022-08-29 23:00:00,7.486666666666667
2022-08-30 00:00:00,7.464166666666666
2022-08-30 01:00:00,7.510000000000001
2022-08-30 02:00:00,7.422499999999999
2022-08-30 03:00:00,7.346666666666667
2022-08-30 04:00:00,7.4375
2022-08-30 05:00:00,7.513333333333333
2022-08-30 06:00:00,7.365833333333334
2022-08-30 07:00:00,7.21
2022-08-30 08:00:00,7.3675
2022-08-30 09:00:00,7.418333333333333
2022-08-30 10:00:00,7.046666666666667
2022-08-30 11:00:00,7.023333333333333
2022-08-30 12:00:00,6.669999999999999
2022-08-30 13:00:00,6.8775
2022-08-30 14:00:00,7.02
2022-08-30 15:00:00,7.354166666666667
2022-08-30 16:00:00,7.519166666666667
2022-08-30 17:00:00,8.095833333333333
2022-08-30 18:00:00,8.074166666666667
2022-08-30 19:00:00,7.740833333333334
2022-08-30 20:00:00,7.289166666666667
2022-08-30 21:00:00,7.386666666666667
2022-08-30 22:00:00,7.4383333333333335
2022-08-30 23:00:00,7.216666666666668
2022-08-31 00:00:00,7.1450000000000005
2022-08-31 01:00:00,7.3374999999999995
2022-08-31 02:00:00,7.172499999999999
2022-08-31 03:00:00,7.093333333333334
2022-08-31 04:00:00,7.1191666666666675
2022-08-31 05:00:00,7.6625000000000005
2022-08-31 06:00:00,7.099166666666666
2022-08-31 07:00:00,7.945
2022-08-31 08:00:00,8.295
2022-08-31 09:00:00,7.869166666666666
2022-08-31 10:00:00,7.84
2022-08-31 11:00:00,7.754166666666666
2022-08-31 12:00:00,7.7725
2022-08-31 13:00:00,7.8775
2022-08-31 14:00:00,7.696666666666666
2022-08-31 15:00:00,7.505
2022-08-31 16:00:00,7.676666666666667
2022-08-31 17:00:00,7.059166666666666
2022-08-31 18:00:00,7.131666666666667
2022-08-31 19:00:00,7.104166666666667
2022-08-31 20:00:00,6.508333333333334
2022-08-31 21:00:00,6.935833333333334
2022-08-31 22:00:00,7.470833333333334
2022-08-31 23:00:00,7.706666666666667
2022-09-01 00:00:00,7.124166666666667
2022-09-01 01:00:00,7.429166666666667
2022-09-01 02:00:00,7.113333333333333
2022-09-01 03:00:00,6.884166666666666
2022-09-01 04:00:00,6.9175
2022-09-01 05:00:00,7.426666666666667
2022-09-01 06:00:00,7.451666666666667
2022-09-01 07:00:00,7.526666666666666
2022-09-01 08:00:00,7.925
2022-09-01 09:00:00,7.86
2022-09-01 10:00:00,7.429166666666667
2022-09-01 11:00:00,7.476666666666667
2022-09-01 12:00:00,7.418333333333333
2022-09-01 13:00:00,7.439166666666666
2022-09-01 14:00:00,7.7075
2022-09-01 15:00:00,7.848333333333333
2022-09-01 16:00:00,7.714166666666666
2022-09-01 17:00:00,7.520833333333333
2022-09-01 18:00:00,7.695
2022-09-01 19:00:00,7.139166666666667
2022-09-01 20:00:00,7.0225
2022-09-01 21:00:00,6.8999999999999995
2022-09-01 22:00:00,6.915833333333333
2022-09-01 23:00:00,6.97
2022-09-02 00:00:00,6.7175
2022-09-02 01:00:00,6.745833333333334
2022-09-02 02:00:00,7.016666666666667
2022-09-02 03:00:00,7.470833333333334
2022-09-02 04:00:00,8.2225
2022-09-02 05:00:00,7.7075
2022-09-02 06:00:00,7.721666666666667
2022-09-02 07:00:00,7.846666666666667
2022-09-02 08:00:00,7.676666666666667
2022-09-02 09:00:00,7.519166666666667
2022-09-02 10:00:00,7.564166666666666
2022-09-02 11:00:00,7.47
2022-09-02 12:00:00,7.52
2022-09-02 13:00:00,7.5125
2022-09-02 14:00:00,7.468333333333334
2022-09-02 15:00:00,7.468333333333334
2022-09-02 16:00:00,7.415833333333333
2022-09-02 17:00:00,7.441666666666666
2022-09-02 18:00:00,7.379166666666666
2022-09-02 19:00:00,7.368333333333333
2022-09-02 20:00:00,7.068333333333334
2022-09-02 21:00:00,6.613333333333333
2022-09-02 22:00:00,6.114166666666667
2022-09-02 23:00:00,5.56
2022-09-03 00:00:00,4.743333333333333
2022-09-03 01:00:00,4.9725
2022-09-03 02:00:00,5.245
2022-09-03 03:00:00,5.0841666666666665
2022-09-03 04:00:00,4.7675
2022-09-03 05:00:00,4.6275
2022-09-03 06:00:00,4.7508333333333335
2022-09-03 07:00:00,5.179166666666666
2022-09-03 08:00:00,5.264166666666667
2022-09-03 09:00:00,5.035
2022-09-03 10:00:00,5.550833333333333
2022-09-03 11:00:00,5.450833333333333
2022-09-03 12:00:00,5.266666666666667
2022-09-03 13:00:00,5.278333333333333
2022-09-03 14:00:00,5.2683333333333335
2022-09-03 15:00:00,5.138333333333333
2022-09-03 16:00:00,5.194166666666667
2022-09-03 17:00:00,5.63
2022-09-03 18:00:00,5.379166666666666
2022-09-03 19:00:00,4.972499999999999
2022-09-03 20:00:00,3.614166666666667
2022-09-03 21:00:00,3.5341666666666662
2022-09-03 22:00:00,4.109166666666667
2022-09-03 23:00:00,5.1275
2022-09-04 00:00:00,6.145
2022-09-04 01:00:00,6.376666666666666
2022-09-04 02:00:00,5.9025
2022-09-04 03:00:00,6.055
2022-09-04 04:00:00,6.373333333333334
2022-09-04 05:00:00,6.6258333333333335
2022-09-04 06:00:00,6.515833333333333
2022-09-04 07:00:00,6.301666666666667
2022-09-04 08:00:00,6.480833333333333
2022-09-04 09:00:00,6.25
2022-09-04 10:00:00,6.315
2022-09-04 11:00:00,6.452500000000001
2022-09-04 12:00:00,6.340833333333333
2022-09-04 13:00:00,6.2425
2022-09-04 14:00:00,6.3
2022-09-04 15:00:00,6.465
2022-09-04 16:00:00,6.616666666666667
2022-09-04 17:00:00,6.335
2022-09-04 18:00:00,6.634166666666666
2022-09-04 19:00:00,6.822500000000001
2022-09-04 20:00:00,6.945
2022-09-04 21:00:00,6.8175
2022-09-04 22:00:00,6.795000000000001
2022-09-04 23:00:00,6.199999999999999
2022-09-05 00:00:00,6.5008333333333335
2022-09-05 01:00:00,6.728333333333333
2022-09-05 02:00:00,6.145833333333333
2022-09-05 03:00:00,6.245
2022-09-05 04:00:00,6.234999999999999
2022-09-05 05:00:00,6.6433333333333335
2022-09-05 06:00:00,6.9366666666666665
2022-09-05 07:00:00,7.3125
2022-09-05 08:00:00,7.8374999999999995
2022-09-05 09:00:00,9.140833333333333
2022-09-05 10:00:00,10.505833333333333
2022-09-05 11:00:00,11.527499999999998
2022-09-05 12:00:00,12.028333333333334
2022-09-05 13:00:00,11.4975
2022-09-05 14:00:00,11.1425
2022-09-05 15:00:00,11.525
2022-09-05 16:00:00,11.395000000000001
2022-09-05 17:00:00,11.4375
2022-09-05 18:00:00,10.9225
2022-09-05 19:00:00,11.748333333333333
2022-09-05 20:00:00,12.8725
2022-09-05 21:00:00,12.848333333333334
2022-09-05 22:00:00,12.530833333333334
2022-09-05 23:00:00,12.707500000000001
2022-09-06 00:00:00,12.770833333333334
2022-09-06 01:00:00,12.6325
2022-09-06 02:00:00,12.511666666666668
2022-09-06 03:00:00,12.436666666666667
2022-09-06 04:00:00,12.438333333333333
2022-09-06 05:00:00,11.850833333333334
2022-09-06 06:00:00,11.148333333333333
2022-09-06 07:00:00,11.254166666666668
2022-09-06 08:00:00,11.375833333333333
2022-09-06 09:00:00,11.415
2022-09-06 10:00:00,11.0725
2022-09-06 11:00:00,10.471666666666666
2022-09-06 12:00:00,10.083333333333334
2022-09-06 13:00:00,10.565833333333332
2022-09-06 14:00:00,10.918333333333335
2022-09-06 15:00:00,11.530833333333334
2022-09-06 16:00:00,11.010833333333332
2022-09-06 17:00:00,10.314166666666667
2022-09-06 18:00:00,11.350833333333334
2022-09-06 19:00:00,11.762500000000001
2022-09-06 20:00:00,11.199166666666668
2022-09-06 21:00:00,10.858333333333333
2022-09-06 22:00:00,10.835833333333333
2022-09-06 23:00:00,10.555833333333334
2022-09-07 00:00:00,10.175833333333333
2022-09-07 01:00:00,9.304166666666667
2022-09-07 02:00:00,7.1433333333333335
2022-09-07 03:00:00,4.1499999999999995
2022-09-07 04:00:00,3.48
2022-09-07 05:00:00,3.375833333333333
2022-09-07 06:00:00,4.555833333333333
2022-09-07 07:00:00,6.003333333333334
2022-09-07 08:00:00,4.548333333333333
2022-09-07 09:00:00,4.170833333333333
2022-09-07 10:00:00,4.225833333333333
2022-09-07 11:00:00,4.4433333333333325
2022-09-07 12:00:00,4.428333333333334
2022-09-07 13:00:00,4.214166666666666
2022-09-07 14:00:00,4.175
2022-09-07 15:00:00,4.6
2022-09-07 16:00:00,4.8
2022-09-07 17:00:00,5.105833333333333
2022-09-07 18:00:00,5.175
2022-09-07 19:00:00,5.284166666666667
2022-09-07 20:00:00,5.0675
2022-09-07 21:00:00,5.164166666666667
2022-09-07 22:00:00,5.415
2022-09-07 23:00:00,5.7625
2022-09-08 00:00:00,5.72
2022-09-08 01:00:00,5.836666666666667
2022-09-08 02:00:00,5.600833333333333
2022-09-08 03:00:00,5.6691666666666665
2022-09-08 04:00:00,6.035
2022-09-08 05:00:00,5.984166666666667
2022-09-08 06:00:00,6.2441666666666675
2022-09-08 07:00:00,6.1691666666666665
2022-09-08 08:00:00,6.723333333333333
2022-09-08 09:00:00,6.823333333333333
2022-09-08 10:00:00,6.884166666666666
2022-09-08 11:00:00,6.853333333333333
2022-09-08 12:00:00,6.909166666666667
2022-09-08 13:00:00,6.925
2022-09-08 14:00:00,6.858333333333333
2022-09-08 15:00:00,6.7225
2022-09-08 16:00:00,5.841666666666666
2022-09-08 17:00:00,5.589166666666666
2022-09-08 18:00:00,5.7725
2022-09-08 19:00:00,6.1258333333333335
2022-09-08 20:00:00,5.1925
2022-09-08 21:00:00,2.8366666666666664
2022-09-08 22:00:00,2.3991666666666664
2022-09-08 23:00:00,2.985
2022-09-09 00:00:00,2.2375000000000003
2022-09-09 01:00:00,1.593333333333333
2022-09-09 02:00:00,1.585
2022-09-09 03:00:00,1.5716666666666665
2022-09-09 04:00:00,1.5841666666666665
2022-09-09 05:00:00,1.6066666666666667
2022-09-09 06:00:00,1.6050000000000002
2022-09-09 07:00:00,1.5625
2022-09-09 08:00:00,1.5599999999999998
2022-09-09 09:00:00,1.4800000000000002
2022-09-09 10:00:00,1.5875000000000001
2022-09-09 11:00:00,1.5733333333333333
2022-09-09 12:00:00,1.5716666666666665
2022-09-09 13:00:00,1.5475
2022-09-09 14:00:00,1.5558333333333334
2022-09-09 15:00:00,1.7033333333333334
2022-09-09 16:00:00,1.7158333333333333
2022-09-09 17:00:00,1.5766666666666669
2022-09-09 18:00:00,1.6541666666666668
2022-09-09 19:00:00,1.57
2022-09-09 20:00:00,1.5608333333333333
2022-09-09 21:00:00,1.4166666666666667
2022-09-09 22:00:00,1.4433333333333334
2022-09-09 23:00:00,1.42
2022-09-10 00:00:00,1.3058333333333334
2022-09-10 01:00:00,1.3166666666666667
2022-09-10 02:00:00,1.3499999999999999
2022-09-10 03:00:00,1.3608333333333331
2022-09-10 04:00:00,1.4591666666666665
2022-09-10 05:00:00,1.5625
2022-09-10 06:00:00,1.5616666666666668
2022-09-10 07:00:00,1.5408333333333335
2022-09-10 08:00:00,1.4908333333333335
2022-09-10 09:00:00,1.3916666666666666
2022-09-10 10:00:00,1.4358333333333333
2022-09-10 11:00:00,1.4675
2022-09-10 12:00:00,1.4391666666666667
2022-09-10 13:00:00,1.4400000000000002
2022-09-10 14:00:00,1.3866666666666667
2022-09-10 15:00:00,1.625
2022-09-10 16:00:00,1.6633333333333333
2022-09-10 17:00:00,1.7625
2022-09-10 18:00:00,1.7066666666666663
2022-09-10 19:00:00,1.7283333333333335
2022-09-10 20:00:00,1.8333333333333333
2022-09-10 21:00:00,1.7750000000000001
2022-09-10 22:00:00,1.8466666666666667
2022-09-10 23:00:00,2.04
2022-09-11 00:00:00,2.1216666666666666
2022-09-11 01:00:00,2.1350000000000002
2022-09-11 02:00:00,2.160833333333333
2022-09-11 03:00:00,2.1525
2022-09-11 04:00:00,2.0875
2022-09-11 05:00:00,2.0841666666666665
2022-09-11 06:00:00,2.0625
2022-09-11 07:00:00,2.160833333333333
2022-09-11 08:00:00,2.1983333333333333
2022-09-11 09:00:00,2.18
2022-09-11 10:00:00,2.1175
2022-09-11 11:00:00,2.1266666666666665
2022-09-11 12:00:00,2.174166666666667
2022-09-11 13:00:00,2.2533333333333334
2022-09-11 14:00:00,2.223333333333333
2022-09-11 15:00:00,2.3633333333333333
2022-09-11 16:00:00,2.339166666666667
2022-09-11 17:00:00,2.3641666666666663
2022-09-11 18:00:00,2.3925
2022-09-11 19:00:00,2.3541666666666665
2022-09-11 20:00:00,2.245833333333333
2022-09-11 21:00:00,2.1500000000000004
2022-09-11 22:00:00,1.9666666666666668
2022-09-11 23:00:00,1.9075
2022-09-12 00:00:00,1.9358333333333333
2022-09-12 01:00:00,1.9725000000000001
2022-09-12 02:00:00,1.9258333333333333
2022-09-12 03:00:00,1.9258333333333333
2022-09-12 04:00:00,1.9283333333333335
2022-09-12 05:00:00,1.8541666666666667
2022-09-12 06:00:00,1.8783333333333332
2022-09-12 07:00:00,1.8224999999999998
2022-09-12 08:00:00,1.8733333333333333
2022-09-12 09:00:00,1.8324999999999998
2022-09-12 10:00:00,1.7416666666666665
2022-09-12 11:00:00,1.6983333333333335
2022-09-12 12:00:00,1.6683333333333332
2022-09-12 13:00:00,1.6141666666666667
2022-09-12 14:00:00,1.6341666666666665
2022-09-12 15:00:00,1.5258333333333336
2022-09-12 16:00:00,1.4641666666666666
2022-09-12 17:00:00,1.49
2022-09-12 18:00:00,1.6025
2022-09-12 19:00:00,1.6291666666666667
2022-09-12 20:00:00,1.6341666666666665
2022-09-12 21:00:00,1.57
2022-09-12 22:00:00,1.5458333333333334
2022-09-12 23:00:00,1.4258333333333333
2022-09-13 00:00:00,1.3233333333333333
2022-09-13 01:00:00,1.2908333333333335
2022-09-13 02:00:00,1.3275
2022-09-13 03:00:00,1.2791666666666668
2022-09-13 04:00:00,1.3083333333333333
2022-09-13 05:00:00,1.5216666666666665
2022-09-13 06:00:00,1.665
2022-09-13 07:00:00,1.7525000000000002
2022-09-13 08:00:00,2.0341666666666667
2022-09-13 09:00:00,2.370833333333333
2022-09-13 10:00:00,2.419166666666667
2022-09-13 11:00:00,2.254166666666667
2022-09-13 12:00:00,2.2158333333333333
2022-09-13 13:00:00,2.1858333333333335
2022-09-13 14:00:00,2.2075
2022-09-13 15:00:00,2.1166666666666667
2022-09-13 16:00:00,2.1666666666666665
2022-09-13 17:00:00,1.9933333333333334
2022-09-13 18:00:00,2.1283333333333334
2022-09-13 19:00:00,2.1666666666666665
2022-09-13 20:00:00,2.1366666666666667
2022-09-13 21:00:00,2.125833333333333
2022-09-13 22:00:00,2.1483333333333334
2022-09-13 23:00:00,2.1175
2022-09-14 00:00:00,3.3658333333333332
2022-09-14 01:00:00,2.5225
2022-09-14 02:00:00,2.6
2022-09-14 03:00:00,2.5375
2022-09-14 04:00:00,2.4766666666666666
2022-09-14 05:00:00,2.6466666666666665
2022-09-14 06:00:00,3.3575
2022-09-14 07:00:00,4.5
2022-09-14 08:00:00,5.848333333333334
2022-09-14 09:00:00,6.651666666666666
2022-09-14 10:00:00,6.635000000000001
2022-09-14 11:00:00,6.2175
2022-09-14 12:00:00,5.780833333333334
2022-09-14 13:00:00,5.894166666666667
2022-09-14 14:00:00,5.818333333333334
2022-09-14 15:00:00,5.883333333333333
2022-09-14 16:00:00,5.651666666666667
2022-09-14 17:00:00,5.389166666666667
2022-09-14 18:00:00,5.5975
2022-09-14 19:00:00,5.84
2022-09-14 20:00:00,6.251666666666668
2022-09-14 21:00:00,6.91
2022-09-14 22:00:00,6.9558333333333335
2022-09-14 23:00:00,7.0075
2022-09-15 00:00:00,7.576666666666667
2022-09-15 01:00:00,8.0725
2022-09-15 02:00:00,8.0525
2022-09-15 03:00:00,8.13
2022-09-15 04:00:00,7.375
2022-09-15 05:00:00,7.330000000000001
2022-09-15 06:00:00,7.458333333333333
2022-09-15 07:00:00,7.378333333333334
2022-09-15 08:00:00,7.436666666666667
2022-09-15 09:00:00,7.5225
2022-09-15 10:00:00,8.0175
2022-09-15 11:00:00,8.151666666666666
2022-09-15 12:00:00,8.165000000000001
2022-09-15 13:00:00,8.243333333333332
2022-09-15 14:00:00,8.266666666666666
2022-09-15 15:00:00,8.309166666666666
2022-09-15 16:00:00,8.465
2022-09-15 17:00:00,8.573333333333332
2022-09-15 18:00:00,8.439166666666667
2022-09-15 19:00:00,8.320833333333333
2022-09-15 20:00:00,7.609166666666667
2022-09-15 21:00:00,7.4575
2022-09-15 22:00:00,7.3500000000000005
2022-09-15 23:00:00,7.154166666666666
2022-09-16 00:00:00,6.263333333333333
2022-09-16 01:00:00,5.704166666666667
2022-09-16 02:00:00,5.523333333333333
2022-09-16 03:00:00,5.6125
2022-09-16 04:00:00,5.8500000000000005
2022-09-16 05:00:00,5.8549999999999995
2022-09-16 06:00:00,5.3566666666666665
2022-09-16 07:00:00,5.1466666666666665
2022-09-16 08:00:00,5.538333333333333
2022-09-16 09:00:00,5.9975
2022-09-16 10:00:00,6.389166666666667
2022-09-16 11:00:00,7.223333333333334
2022-09-16 12:00:00,7.425833333333333
2022-09-16 13:00:00,7.900833333333334
2022-09-16 14:00:00,5.16
2022-09-16 15:00:00,4.505833333333333
2022-09-16 16:00:00,4.714166666666666
2022-09-16 17:00:00,5.0575
2022-09-16 18:00:00,5.160833333333334
2022-09-16 19:00:00,4.9991666666666665
2022-09-16 20:00:00,5.0249999999999995
2022-09-16 21:00:00,5.265
2022-09-16 22:00:00,5.409166666666667
2022-09-16 23:00:00,6.2175
2022-09-17 00:00:00,6.758333333333333
2022-09-17 01:00:00,7.164166666666667
2022-09-17 02:00:00,7.6475
2022-09-17 03:00:00,7.556666666666666
2022-09-17 04:00:00,6.711666666666666
2022-09-17 05:00:00,7.304166666666667
2022-09-17 06:00:00,8.040000000000001
2022-09-17 07:00:00,6.4925
2022-09-17 08:00:00,6.4875
2022-09-17 09:00:00,6.512499999999999
2022-09-17 10:00:00,6.013333333333333
2022-09-17 11:00:00,5.699166666666667
2022-09-17 12:00:00,5.2525
2022-09-17 13:00:00,5.296666666666667
2022-09-17 14:00:00,5.289166666666667
2022-09-17 15:00:00,5.0925
2022-09-17 16:00:00,5.1883333333333335
2022-09-17 17:00:00,5.4775
2022-09-17 18:00:00,5.463333333333334
2022-09-17 19:00:00,5.4799999999999995
2022-09-17 20:00:00,5.357500000000001
2022-09-17 21:00:00,5.423333333333333
2022-09-17 22:00:00,5.795000000000001
2022-09-17 23:00:00,6.058333333333334
2022-09-18 00:00:00,5.069999999999999
2022-09-18 01:00:00,5.4025
2022-09-18 02:00:00,5.346666666666667
2022-09-18 03:00:00,5.128333333333334
2022-09-18 04:00:00,5.2725
2022-09-18 05:00:00,6.25
2022-09-18 06:00:00,6.05
2022-09-18 07:00:00,5.783333333333334
2022-09-18 08:00:00,6.035
2022-09-18 09:00:00,6.4191666666666665
2022-09-18 10:00:00,6.1225
2022-09-18 11:00:00,6.105
2022-09-18 12:00:00,5.547499999999999
2022-09-18 13:00:00,5.183333333333334
2022-09-18 14:00:00,6.232500000000001
2022-09-18 15:00:00,6.348333333333334
2022-09-18 16:00:00,6.609999999999999
2022-09-18 17:00:00,6.235833333333333
2022-09-18 18:00:00,5.715
2022-09-18 19:00:00,5.918333333333333
2022-09-18 20:00:00,5.715833333333333
2022-09-18 21:00:00,5.5825
2022-09-18 22:00:00,6.189166666666668
2022-09-18 23:00:00,5.864166666666667
2022-09-19 00:00:00,5.718333333333334
2022-09-19 01:00:00,5.454166666666667
2022-09-19 02:00:00,5.701666666666667
2022-09-19 03:00:00,14.184166666666668
2022-09-19 04:00:00,5.086666666666667
2022-09-19 05:00:00,4.9783333333333335
2022-09-19 06:00:00,4.910833333333334
2022-09-19 07:00:00,5.7075
2022-09-19 08:00:00,6.270833333333333
2022-09-19 09:00:00,6.771666666666666
2022-09-19 10:00:00,6.963333333333334
2022-09-19 11:00:00,6.638333333333333
2022-09-19 12:00:00,6.16
2022-09-19 13:00:00,6.629166666666667
2022-09-19 14:00:00,6.713333333333334
2022-09-19 15:00:00,6.530833333333334
2022-09-19 16:00:00,6.8525
2022-09-19 17:00:00,7.104166666666667
2022-09-19 18:00:00,6.661666666666666
2022-09-19 19:00:00,6.576666666666667
2022-09-19 20:00:00,5.859999999999999
2022-09-19 21:00:00,5.3525
2022-09-19 22:00:00,5.048333333333333
2022-09-19 23:00:00,5.175833333333333
2022-09-20 00:00:00,5.534166666666667
2022-09-20 01:00:00,6.131666666666667
2022-09-20 02:00:00,6.928333333333334
2022-09-20 03:00:00,6.835
2022-09-20 04:00:00,6.545833333333333
2022-09-20 05:00:00,6.760833333333333
2022-09-20 06:00:00,6.914166666666667
2022-09-20 07:00:00,7.346666666666667
2022-09-20 08:00:00,7.064166666666668
2022-09-20 09:00:00,6.7124999999999995
2022-09-20 10:00:00,6.255833333333334
2022-09-20 11:00:00,5.690833333333333
2022-09-20 12:00:00,4.796666666666667
2022-09-20 13:00:00,4.985
2022-09-20 14:00:00,4.2925
2022-09-20 15:00:00,4.425
2022-09-20 16:00:00,4.4375
2022-09-20 17:00:00,4.335
2022-09-20 18:00:00,4.534166666666667
2022-09-20 19:00:00,4.4425
2022-09-20 20:00:00,4.485833333333333
2022-09-20 21:00:00,4.785
2022-09-20 22:00:00,5.711666666666667
2022-09-20 23:00:00,6.045000000000001
2022-09-21 00:00:00,6.1499999999999995
2022-09-21 01:00:00,6.189166666666666
2022-09-21 02:00:00,6.395833333333333
2022-09-21 03:00:00,6.145
2022-09-21 04:00:00,6.485
2022-09-21 05:00:00,6.23
2022-09-21 06:00:00,6.085
2022-09-21 07:00:00,5.68
2022-09-21 08:00:00,5.8066666666666675
2022-09-21 09:00:00,5.8975
2022-09-21 10:00:00,5.111666666666667
2022-09-21 11:00:00,5.190833333333333
2022-09-21 12:00:00,5.0275
2022-09-21 13:00:00,5.165
2022-09-21 14:00:00,5.155833333333333
2022-09-21 15:00:00,5.513333333333333
2022-09-21 16:00:00,5.924166666666667
2022-09-21 17:00:00,5.71
2022-09-21 18:00:00,5.964166666666667
2022-09-21 19:00:00,6.239999999999999
2022-09-21 20:00:00,6.155
2022-09-21 21:00:00,6.141666666666667
2022-09-21 22:00:00,5.921666666666667
2022-09-21 23:00:00,5.421666666666667
2022-09-22 00:00:00,5.079166666666667
2022-09-22 01:00:00,4.8925
2022-09-22 02:00:00,4.663333333333333
2022-09-22 03:00:00,4.798333333333333
2022-09-22 04:00:00,4.7725
2022-09-22 05:00:00,4.864999999999999
2022-09-22 06:00:00,4.898333333333333
2022-09-22 07:00:00,4.916666666666667
2022-09-22 08:00:00,5.140833333333333
2022-09-22 09:00:00,5.269166666666666
2022-09-22 10:00:00,5.238333333333333
2022-09-22 11:00:00,5.259166666666666
2022-09-22 12:00:00,5.2425
2022-09-22 13:00:00,5.395
2022-09-22 14:00:00,5.3566666666666665
2022-09-22 15:00:00,5.064166666666666
2022-09-22 16:00:00,4.427499999999999
2022-09-22 17:00:00,4.242500000000001
2022-09-22 18:00:00,4.8741666666666665
2022-09-22 19:00:00,5.159166666666667
2022-09-22 20:00:00,5.579166666666667
2022-09-22 21:00:00,5.699166666666667
2022-09-22 22:00:00,5.660833333333334
2022-09-22 23:00:00,5.614166666666667
2022-09-23 00:00:00,5.373333333333334
2022-09-23 01:00:00,5.323333333333333
2022-09-23 02:00:00,5.15
2022-09-23 03:00:00,5.101666666666667
2022-09-23 04:00:00,5.221666666666667
2022-09-23 05:00:00,5.379166666666666
2022-09-23 06:00:00,5.7525
2022-09-23 07:00:00,5.871666666666666
2022-09-23 08:00:00,5.9975
2022-09-23 09:00:00,6.021666666666667
2022-09-23 10:00:00,5.036666666666667
2022-09-23 11:00:00,5.033333333333334
2022-09-23 12:00:00,5.550833333333333
2022-09-23 13:00:00,5.8775
2022-09-23 14:00:00,5.800833333333333
2022-09-23 15:00:00,5.600833333333333
2022-09-23 16:00:00,5.748333333333334
2022-09-23 17:00:00,6.026666666666667
2022-09-23 18:00:00,6.328333333333333
2022-09-23 19:00:00,5.674166666666667
2022-09-23 20:00:00,5.184166666666666
2022-09-23 21:00:00,5.7058333333333335
2022-09-23 22:00:00,5.514166666666667
2022-09-23 23:00:00,5.555833333333333
2022-09-24 00:00:00,5.968333333333333
2022-09-24 01:00:00,5.843333333333334
2022-09-24 02:00:00,6.009166666666666
2022-09-24 03:00:00,5.801666666666667
2022-09-24 04:00:00,5.778333333333333
2022-09-24 05:00:00,5.926666666666666
2022-09-24 06:00:00,5.530833333333333
2022-09-24 07:00:00,5.125
2022-09-24 08:00:00,3.6916666666666664
2022-09-24 09:00:00,1.6641666666666666
2022-09-24 10:00:00,1.6283333333333332
2022-09-24 11:00:00,1.6408333333333334
2022-09-24 12:00:00,1.5941666666666665
2022-09-24 13:00:00,1.5733333333333333
2022-09-24 14:00:00,1.5374999999999999
2022-09-24 15:00:00,1.5783333333333334
2022-09-24 16:00:00,1.5475
2022-09-24 17:00:00,1.4725000000000001
2022-09-24 18:00:00,1.5475
2022-09-24 19:00:00,1.5475
2022-09-24 20:00:00,1.5658333333333332
2022-09-24 21:00:00,1.5791666666666666
2022-09-24 22:00:00,1.5824999999999998
2022-09-24 23:00:00,1.6716666666666666
2022-09-25 00:00:00,1.6458333333333333
2022-09-25 01:00:00,1.6508333333333336
2022-09-25 02:00:00,1.485
2022-09-25 03:00:00,1.4883333333333333
2022-09-25 04:00:00,1.5233333333333334
2022-09-25 05:00:00,1.53
2022-09-25 06:00:00,1.5525
2022-09-25 07:00:00,1.6725
2022-09-25 08:00:00,1.3308333333333333
2022-09-25 09:00:00,1.3683333333333332
2022-09-25 10:00:00,1.3883333333333334
2022-09-25 11:00:00,1.3175
2022-09-25 12:00:00,101.55583333333333
2022-09-25 13:00:00,2.5591666666666666
2022-09-25 14:00:00,1.3608333333333331
2022-09-25 15:00:00,2.4808333333333334
2022-09-25 16:00:00,3.1024999999999996
2022-09-25 17:00:00,3.954166666666667
2022-09-25 18:00:00,4.1308333333333325
2022-09-25 19:00:00,4.548333333333334
2022-09-25 20:00:00,5.7441666666666675
2022-09-25 21:00:00,5.495
2022-09-25 22:00:00,5.325833333333333
2022-09-25 23:00:00,5.663333333333333
2022-09-26 00:00:00,5.964166666666667
2022-09-26 01:00:00,5.901666666666666
2022-09-26 02:00:00,5.799166666666667
2022-09-26 03:00:00,5.549166666666667
2022-09-26 04:00:00,5.605
2022-09-26 05:00:00,5.618333333333333
2022-09-26 06:00:00,5.7683333333333335
2022-09-26 07:00:00,5.325
2022-09-26 08:00:00,5.03
2022-09-26 09:00:00,5.15
2022-09-26 10:00:00,5.208333333333333
2022-09-26 11:00:00,3.750833333333333
2022-09-26 12:00:00,3.6116666666666664
2022-09-26 13:00:00,3.890833333333333
2022-09-26 14:00:00,4.538333333333333
2022-09-26 15:00:00,4.5575
2022-09-26 16:00:00,4.418333333333333
2022-09-26 17:00:00,4.64
2022-09-26 18:00:00,4.320833333333334
2022-09-26 19:00:00,4.016666666666667
2022-09-26 20:00:00,3.4683333333333333
2022-09-26 21:00:00,3.3208333333333333
2022-09-26 22:00:00,3.3366666666666664
2022-09-26 23:00:00,3.3891666666666667
2022-09-27 00:00:00,3.3508333333333336
2022-09-27 01:00:00,3.5375
2022-09-27 02:00:00,3.720833333333333
2022-09-27 03:00:00,3.7908333333333335
2022-09-27 04:00:00,3.8141666666666665
2022-09-27 05:00:00,3.6425
2022-09-27 06:00:00,3.918333333333333
2022-09-27 07:00:00,4.281666666666667
2022-09-27 08:00:00,5.423333333333333
2022-09-27 09:00:00,5.48
2022-09-27 10:00:00,4.6049999999999995
2022-09-27 11:00:00,4.978333333333333
2022-09-27 12:00:00,4.405833333333333
2022-09-27 13:00:00,4.777500000000001
2022-09-27 14:00:00,4.87
2022-09-27 15:00:00,5.802499999999999
2022-09-27 16:00:00,5.3425
2022-09-27 17:00:00,4.0475
2022-09-27 18:00:00,3.098333333333333
2022-09-27 19:00:00,3.3974999999999995
2022-09-27 20:00:00,3.609166666666667
2022-09-27 21:00:00,3.7741666666666664
2022-09-27 22:00:00,4.014166666666667
2022-09-27 23:00:00,4.491666666666666
2022-09-28 00:00:00,5.070833333333334
2022-09-28 01:00:00,4.610833333333333
2022-09-28 02:00:00,4.759166666666666
2022-09-28 03:00:00,5.1241666666666665
2022-09-28 04:00:00,4.6975
2022-09-28 05:00:00,5.079166666666667
2022-09-28 06:00:00,4.6275
2022-09-28 07:00:00,4.283333333333334
2022-09-28 08:00:00,4.990833333333334
2022-09-28 09:00:00,5.160833333333334
2022-09-28 10:00:00,5.264166666666667
2022-09-28 11:00:00,5.609166666666667
2022-09-28 12:00:00,5.54
2022-09-28 13:00:00,5.835833333333333
2022-09-28 14:00:00,6.0566666666666675
2022-09-28 15:00:00,6.373333333333334
2022-09-28 16:00:00,3.4766666666666666
2022-09-28 17:00:00,3.3158333333333334
2022-09-28 18:00:00,3.4341666666666666
2022-09-28 19:00:00,3.5625
2022-09-28 20:00:00,3.5816666666666666
2022-09-28 21:00:00,3.220833333333333
2022-09-28 22:00:00,2.995833333333333
2022-09-28 23:00:00,2.9749999999999996
2022-09-29 00:00:00,3.220833333333333
2022-09-29 01:00:00,3.4341666666666666
2022-09-29 02:00:00,3.9416666666666664
2022-09-29 03:00:00,4.51
2022-09-29 04:00:00,4.1241666666666665
2022-09-29 05:00:00,4.263333333333333
2022-09-29 06:00:00,4.349166666666666
2022-09-29 07:00:00,4.701666666666667
2022-09-29 08:00:00,5.1725
2022-09-29 09:00:00,4.444166666666667
2022-09-29 10:00:00,4.04
2022-09-29 11:00:00,3.891666666666666
2022-09-29 12:00:00,3.9075
2022-09-29 13:00:00,3.9008333333333334
2022-09-29 14:00:00,3.8575
2022-09-29 15:00:00,3.8808333333333334
2022-09-29 16:00:00,4.364166666666667
2022-09-29 17:00:00,4.840833333333333
2022-09-29 18:00:00,4.8741666666666665
2022-09-29 19:00:00,4.6674999999999995
2022-09-29 20:00:00,4.604166666666667
2022-09-29 21:00:00,4.4675
2022-09-29 22:00:00,4.33
2022-09-29 23:00:00,4.0408333333333335
2022-09-30 00:00:00,4.529166666666666
2022-09-30 01:00:00,5.7025
2022-09-30 02:00:00,6.464166666666667
2022-09-30 03:00:00,4.575833333333333
2022-09-30 04:00:00,3.8016666666666663
2022-09-30 05:00:00,3.6625
2022-09-30 06:00:00,3.5141666666666667
2022-09-30 07:00:00,3.4774999999999996
2022-09-30 08:00:00,3.8858333333333337
2022-09-30 09:00:00,3.6183333333333336
2022-09-30 10:00:00,3.510833333333333
2022-09-30 11:00:00,3.8350000000000004
2022-09-30 12:00:00,3.4416666666666664
2022-09-30 13:00:00,3.9266666666666663
2022-09-30 14:00:00,4.849166666666667
2022-09-30 15:00:00,4.905833333333333
2022-09-30 16:00:00,4.779166666666667
2022-09-30 17:00:00,5.0
2022-09-30 18:00:00,4.819999999999999
2022-09-30 19:00:00,3.97
2022-09-30 20:00:00,3.3358333333333334
2022-09-30 21:00:00,3.3983333333333334
2022-09-30 22:00:00,3.4916666666666667
2022-09-30 23:00:00,3.876666666666667
2022-10-01 00:00:00,4.011666666666667
2022-10-01 01:00:00,3.9741666666666666
2022-10-01 02:00:00,4.005
2022-10-01 03:00:00,3.8825000000000003
2022-10-01 04:00:00,3.7575000000000003
2022-10-01 05:00:00,3.7733333333333334
2022-10-01 06:00:00,3.661666666666667
2022-10-01 07:00:00,4.114999999999999
2022-10-01 08:00:00,5.415
2022-10-01 09:00:00,5.6225
2022-10-01 10:00:00,3.1125000000000003
2022-10-01 11:00:00,1.0016666666666667
2022-10-01 12:00:00,1.3791666666666667
2022-10-01 13:00:00,1.1466666666666667
2022-10-01 14:00:00,1.0416666666666667
2022-10-01 15:00:00,0.9866666666666667
2022-10-01 16:00:00,0.9925
2022-10-01 17:00:00,1.1133333333333333
2022-10-01 18:00:00,1.2608333333333335
2022-10-01 19:00:00,1.3658333333333335
2022-10-01 20:00:00,1.4116666666666664
2022-10-01 21:00:00,1.3516666666666666
2022-10-01 22:00:00,1.4141666666666666
2022-10-01 23:00:00,1.2666666666666666
2022-10-02 00:00:00,1.2308333333333332
2022-10-02 01:00:00,1.2583333333333333
2022-10-02 02:00:00,1.21
2022-10-02 03:00:00,1.205
2022-10-02 04:00:00,1.2258333333333333
2022-10-02 05:00:00,1.1575
2022-10-02 06:00:00,1.1258333333333335
2022-10-02 07:00:00,1.0383333333333333
2022-10-02 08:00:00,1.0558333333333334
2022-10-02 09:00:00,1.0066666666666666
2022-10-02 10:00:00,1.0283333333333333
2022-10-02 11:00:00,1.145
2022-10-02 12:00:00,41.527499999999996
2022-10-02 13:00:00,1.7383333333333333
2022-10-02 14:00:00,1.3908333333333331
2022-10-02 15:00:00,2.3825
2022-10-02 16:00:00,2.5766666666666667
2022-10-02 17:00:00,3.935833333333333
2022-10-02 18:00:00,4.283333333333333
2022-10-02 19:00:00,4.508333333333333
2022-10-02 20:00:00,4.455
2022-10-02 21:00:00,5.675833333333333
2022-10-02 22:00:00,5.563333333333333
2022-10-02 23:00:00,5.4366666666666665
2022-10-03 00:00:00,5.6225
2022-10-03 01:00:00,6.0375000000000005
2022-10-03 02:00:00,6.036666666666666
2022-10-03 03:00:00,5.760833333333333
2022-10-03 04:00:00,5.765
2022-10-03 05:00:00,5.679166666666667
2022-10-03 06:00:00,5.614166666666667
2022-10-03 07:00:00,4.9558333333333335
2022-10-03 08:00:00,4.329166666666667
2022-10-03 09:00:00,3.8433333333333337
2022-10-03 10:00:00,3.8475
2022-10-03 11:00:00,3.8049999999999997
2022-10-03 12:00:00,3.9825
2022-10-03 13:00:00,4.435833333333334
2022-10-03 14:00:00,4.384166666666666
2022-10-03 15:00:00,4.093333333333333
2022-10-03 16:00:00,4.2075000000000005
2022-10-03 17:00:00,4.0225
2022-10-03 18:00:00,4.155833333333333
2022-10-03 19:00:00,4.17
2022-10-03 20:00:00,4.295
2022-10-03 21:00:00,4.536666666666666
2022-10-03 22:00:00,4.838333333333334
2022-10-03 23:00:00,4.948333333333333
2022-10-04 00:00:00,4.031666666666667
2022-10-04 01:00:00,4.34
2022-10-04 02:00:00,4.585
2022-10-04 03:00:00,4.795833333333333
2022-10-04 04:00:00,4.5808333333333335
2022-10-04 05:00:00,4.78
2022-10-04 06:00:00,4.454166666666667
2022-10-04 07:00:00,4.441666666666666
2022-10-04 08:00:00,4.545
2022-10-04 09:00:00,4.5441666666666665
2022-10-04 10:00:00,4.164166666666667
2022-10-04 11:00:00,4.054166666666666
2022-10-04 12:00:00,4.0200000000000005
2022-10-04 13:00:00,3.938333333333333
2022-10-04 14:00:00,3.901666666666667
2022-10-04 15:00:00,3.8475
2022-10-04 16:00:00,3.768333333333333
2022-10-04 17:00:00,3.735
2022-10-04 18:00:00,3.578333333333333
2022-10-04 19:00:00,3.936666666666667
2022-10-04 20:00:00,3.8925
2022-10-04 21:00:00,4.224166666666666
2022-10-04 22:00:00,4.605
2022-10-04 23:00:00,4.029166666666667
2022-10-05 00:00:00,4.4075
2022-10-05 01:00:00,4.2716666666666665
2022-10-05 02:00:00,3.943333333333334
2022-10-05 03:00:00,3.8775
2022-10-05 04:00:00,3.8091666666666666
2022-10-05 05:00:00,3.629166666666667
2022-10-05 06:00:00,3.8033333333333332
2022-10-05 07:00:00,4.6775
2022-10-05 08:00:00,5.2625
2022-10-05 09:00:00,5.2525
2022-10-05 10:00:00,4.553333333333334
2022-10-05 11:00:00,3.794166666666667
2022-10-05 12:00:00,4.185
2022-10-05 13:00:00,4.551666666666667
2022-10-05 14:00:00,4.844166666666667
2022-10-05 15:00:00,5.2625
2022-10-05 16:00:00,4.736666666666667
2022-10-05 17:00:00,4.7975
2022-10-05 18:00:00,4.89
2022-10-05 19:00:00,4.814166666666666
2022-10-05 20:00:00,4.3374999999999995
2022-10-05 21:00:00,4.598333333333334
2022-10-05 22:00:00,4.5
2022-10-05 23:00:00,4.548333333333333
2022-10-06 00:00:00,4.579166666666667
2022-10-06 01:00:00,4.2825
2022-10-06 02:00:00,3.97
2022-10-06 03:00:00,4.074166666666667
2022-10-06 04:00:00,4.4025
2022-10-06 05:00:00,4.364999999999999
2022-10-06 06:00:00,4.743333333333333
2022-10-06 07:00:00,5.220833333333333
2022-10-06 08:00:00,4.949166666666667
2022-10-06 09:00:00,4.614166666666667
2022-10-06 10:00:00,3.9508333333333336
2022-10-06 11:00:00,3.6275
2022-10-06 12:00:00,3.4600000000000004
2022-10-06 13:00:00,3.595
2022-10-06 14:00:00,3.3333333333333335
2022-10-06 15:00:00,3.1641666666666666
2022-10-06 16:00:00,3.1149999999999998
2022-10-06 17:00:00,3.2091666666666665
2022-10-06 18:00:00,3.3191666666666664
2022-10-06 19:00:00,3.3775
2022-10-06 20:00:00,3.4758333333333336
2022-10-06 21:00:00,3.4891666666666663
2022-10-06 22:00:00,3.4116666666666666
2022-10-06 23:00:00,3.5591666666666666
2022-10-07 00:00:00,3.7266666666666666
2022-10-07 01:00:00,3.8608333333333333
2022-10-07 02:00:00,3.655
2022-10-07 03:00:00,3.6500000000000004
2022-10-07 04:00:00,3.9658333333333338
2022-10-07 05:00:00,4.263333333333333
2022-10-07 06:00:00,4.538333333333333
2022-10-07 07:00:00,4.7275
2022-10-07 08:00:00,4.504166666666666
2022-10-07 09:00:00,3.7475
2022-10-07 10:00:00,3.7641666666666667
2022-10-07 11:00:00,3.703333333333333
2022-10-07 12:00:00,3.714166666666667
2022-10-07 13:00:00,3.8716666666666666
2022-10-07 14:00:00,3.9433333333333334
2022-10-07 15:00:00,4.1225
2022-10-07 16:00:00,3.8558333333333334
2022-10-07 17:00:00,3.7258333333333336
2022-10-07 18:00:00,3.8441666666666667
2022-10-07 19:00:00,3.973333333333333
2022-10-07 20:00:00,4.083333333333333
2022-10-07 21:00:00,4.043333333333333
2022-10-07 22:00:00,3.8341666666666665
2022-10-07 23:00:00,3.73
2022-10-08 00:00:00,3.56
2022-10-08 01:00:00,3.5225000000000004
2022-10-08 02:00:00,3.5416666666666665
2022-10-08 03:00:00,3.595
2022-10-08 04:00:00,3.606666666666667
2022-10-08 05:00:00,3.6483333333333334
2022-10-08 06:00:00,3.515833333333333
2022-10-08 07:00:00,3.6675
2022-10-08 08:00:00,3.85
2022-10-08 09:00:00,4.216666666666667
2022-10-08 10:00:00,4.2325
2022-10-08 11:00:00,4.385
2022-10-08 12:00:00,4.358333333333333
2022-10-08 13:00:00,4.050833333333333
2022-10-08 14:00:00,3.9324999999999997
2022-10-08 15:00:00,3.9516666666666667
2022-10-08 16:00:00,4.1075
2022-10-08 17:00:00,4.095
2022-10-08 18:00:00,3.965
2022-10-08 19:00:00,3.858333333333333
2022-10-08 20:00:00,3.893333333333333
2022-10-08 21:00:00,4.1975
2022-10-08 22:00:00,4.3425
2022-10-08 23:00:00,4.359166666666667
2022-10-09 00:00:00,4.37
2022-10-09 01:00:00,4.095833333333333
2022-10-09 02:00:00,4.089166666666666
2022-10-09 03:00:00,4.049166666666667
2022-10-09 04:00:00,4.0616666666666665
2022-10-09 05:00:00,4.019166666666666
2022-10-09 06:00:00,4.0575
2022-10-09 07:00:00,4.364999999999999
2022-10-09 08:00:00,4.39
2022-10-09 09:00:00,4.591666666666667
2022-10-09 10:00:00,4.156666666666666
2022-10-09 11:00:00,4.398333333333333
2022-10-09 12:00:00,4.640833333333333
2022-10-09 13:00:00,4.8133333333333335
2022-10-09 14:00:00,4.3741666666666665
2022-10-09 15:00:00,4.25
2022-10-09 16:00:00,4.325833333333334
2022-10-09 17:00:00,3.9316666666666666
2022-10-09 18:00:00,3.723333333333333
2022-10-09 19:00:00,4.484166666666667
2022-10-09 20:00:00,4.194166666666667
2022-10-09 21:00:00,3.6016666666666666
2022-10-09 22:00:00,3.4225
2022-10-09 23:00:00,3.310833333333333
2022-10-10 00:00:00,3.49
2022-10-10 01:00:00,2.733333333333333
2022-10-10 02:00:00,2.2375000000000003
2022-10-10 03:00:00,2.233333333333333
2022-10-10 04:00:00,2.3725
2022-10-10 05:00:00,2.4608333333333334
2022-10-10 06:00:00,2.5175
2022-10-10 07:00:00,2.5991666666666666
2022-10-10 08:00:00,2.7408333333333332
2022-10-10 09:00:00,2.9058333333333333
2022-10-10 10:00:00,3.7133333333333334
2022-10-10 11:00:00,3.841666666666667
2022-10-10 12:00:00,4.490833333333334
2022-10-10 13:00:00,4.45
2022-10-10 14:00:00,4.2575
2022-10-10 15:00:00,4.253333333333333
2022-10-10 16:00:00,4.0183333333333335
2022-10-10 17:00:00,3.8783333333333334
2022-10-10 18:00:00,4.133333333333334
2022-10-10 19:00:00,4.37
2022-10-10 20:00:00,3.9458333333333333
2022-10-10 21:00:00,4.595
2022-10-10 22:00:00,4.075
2022-10-10 23:00:00,3.7466666666666666
2022-10-11 00:00:00,4.389166666666667
2022-10-11 01:00:00,4.3966666666666665
2022-10-11 02:00:00,4.015833333333333
2022-10-11 03:00:00,3.950833333333333
2022-10-11 04:00:00,3.875
2022-10-11 05:00:00,3.8858333333333337
2022-10-11 06:00:00,4.005
2022-10-11 07:00:00,3.785
2022-10-11 08:00:00,3.078333333333333
2022-10-11 09:00:00,3.2075
2022-10-11 10:00:00,3.5558333333333336
2022-10-11 11:00:00,3.2416666666666667
2022-10-11 12:00:00,2.9883333333333333
2022-10-11 13:00:00,3.0233333333333334
2022-10-11 14:00:00,3.0041666666666664
2022-10-11 15:00:00,3.1891666666666665
2022-10-11 16:00:00,3.723333333333333
2022-10-11 17:00:00,3.9883333333333333
2022-10-11 18:00:00,4.023333333333333
2022-10-11 19:00:00,3.23
2022-10-11 20:00:00,2.7424999999999997
2022-10-11 21:00:00,2.4983333333333335
2022-10-11 22:00:00,2.4541666666666666
2022-10-11 23:00:00,2.3383333333333334
2022-10-12 00:00:00,2.15
2022-10-12 01:00:00,2.27
2022-10-12 02:00:00,2.2166666666666663
2022-10-12 03:00:00,2.2375
2022-10-12 04:00:00,2.216666666666667
2022-10-12 05:00:00,2.2758333333333334
2022-10-12 06:00:00,2.2241666666666666
2022-10-12 07:00:00,2.089166666666667
2022-10-12 08:00:00,2.1525
2022-10-12 09:00:00,2.026666666666667
2022-10-12 10:00:00,1.9749999999999999
2022-10-12 11:00:00,2.0016666666666665
2022-10-12 12:00:00,1.9608333333333334
2022-10-12 13:00:00,1.9933333333333334
2022-10-12 14:00:00,2.1575
2022-10-12 15:00:00,2.504166666666667
2022-10-12 16:00:00,2.7466666666666666
2022-10-12 17:00:00,2.9466666666666668
2022-10-12 18:00:00,3.0033333333333334
2022-10-12 19:00:00,3.1683333333333334
2022-10-12 20:00:00,3.2916666666666665
2022-10-12 21:00:00,4.033333333333334
2022-10-12 22:00:00,4.675833333333333
2022-10-12 23:00:00,4.914166666666667
2022-10-13 00:00:00,4.59
2022-10-13 01:00:00,4.713333333333334
2022-10-13 02:00:00,4.385833333333333
2022-10-13 03:00:00,4.6000000000000005
2022-10-13 04:00:00,3.8400000000000003
2022-10-13 05:00:00,4.4025
2022-10-13 06:00:00,4.420833333333333
2022-10-13 07:00:00,4.777500000000001
2022-10-13 08:00:00,4.617500000000001
2022-10-13 09:00:00,5.159166666666667
2022-10-13 10:00:00,4.648333333333333
2022-10-13 11:00:00,4.758333333333333
2022-10-13 12:00:00,4.776666666666666
2022-10-13 13:00:00,4.804166666666666
2022-10-13 14:00:00,4.7825
2022-10-13 15:00:00,4.7683333333333335
2022-10-13 16:00:00,4.4624999999999995
2022-10-13 17:00:00,5.0175
2022-10-13 18:00:00,5.174166666666666
2022-10-13 19:00:00,4.75
2022-10-13 20:00:00,4.630833333333333
2022-10-13 21:00:00,4.775833333333334
2022-10-13 22:00:00,4.3075
2022-10-13 23:00:00,4.97
2022-10-14 00:00:00,4.780833333333333
2022-10-14 01:00:00,4.733333333333333
2022-10-14 02:00:00,4.944999999999999
2022-10-14 03:00:00,4.715833333333333
2022-10-14 04:00:00,4.910833333333334
2022-10-14 05:00:00,4.8308333333333335
2022-10-14 06:00:00,4.495
2022-10-14 07:00:00,4.91
2022-10-14 08:00:00,7.1241666666666665
2022-10-14 09:00:00,5.183333333333334
2022-10-14 10:00:00,16.889166666666668
2022-10-14 11:00:00,15.785833333333334
2022-10-14 12:00:00,16.949166666666667
2022-10-14 13:00:00,26.016666666666666
2022-10-14 14:00:00,26.028333333333332
2022-10-14 15:00:00,24.786666666666665
2022-10-14 16:00:00,9.695833333333333
2022-10-14 17:00:00,4.9475
2022-10-14 18:00:00,5.635000000000001
2022-10-14 19:00:00,5.444166666666667
2022-10-14 20:00:00,5.014166666666667
2022-10-14 21:00:00,5.253333333333333
2022-10-14 22:00:00,5.310833333333334
2022-10-14 23:00:00,5.145
2022-10-15 00:00:00,6.026666666666667
2022-10-15 01:00:00,6.036666666666666
2022-10-15 02:00:00,5.565
2022-10-15 03:00:00,5.2675
2022-10-15 04:00:00,5.160833333333334
2022-10-15 05:00:00,4.6375
2022-10-15 06:00:00,5.215833333333333
2022-10-15 07:00:00,4.12
2022-10-15 08:00:00,4.1325
2022-10-15 09:00:00,4.096666666666667
2022-10-15 10:00:00,4.314166666666666
2022-10-15 11:00:00,4.549166666666667
2022-10-15 12:00:00,3.5391666666666666
2022-10-15 13:00:00,3.7375000000000003
2022-10-15 14:00:00,4.195
2022-10-15 15:00:00,4.451666666666667
2022-10-15 16:00:00,4.645833333333333
2022-10-15 17:00:00,4.5125
2022-10-15 18:00:00,4.381666666666667
2022-10-15 19:00:00,4.645833333333333
2022-10-15 20:00:00,3.74
2022-10-15 21:00:00,3.9966666666666666
2022-10-15 22:00:00,4.075
2022-10-15 23:00:00,4.378333333333333
2022-10-16 00:00:00,4.3549999999999995
2022-10-16 01:00:00,4.121666666666667
2022-10-16 02:00:00,3.8966666666666665
2022-10-16 03:00:00,3.566666666666667
2022-10-16 04:00:00,3.6191666666666666
2022-10-16 05:00:00,3.875833333333333
2022-10-16 06:00:00,4.079166666666667
2022-10-16 07:00:00,3.7916666666666665
2022-10-16 08:00:00,3.4683333333333333
2022-10-16 09:00:00,3.7775
2022-10-16 10:00:00,3.366666666666667
2022-10-16 11:00:00,3.5149999999999992
2022-10-16 12:00:00,3.7466666666666666
2022-10-16 13:00:00,3.2816666666666667
2022-10-16 14:00:00,3.6391666666666667
2022-10-16 15:00:00,3.829166666666667
2022-10-16 16:00:00,4.068333333333333
2022-10-16 17:00:00,3.815
2022-10-16 18:00:00,3.4058333333333333
2022-10-16 19:00:00,3.1725
2022-10-16 20:00:00,3.223333333333333
2022-10-16 21:00:00,3.3925
2022-10-16 22:00:00,3.5824999999999996
2022-10-16 23:00:00,3.688333333333333
2022-10-17 00:00:00,3.658333333333333
2022-10-17 01:00:00,3.3858333333333337
2022-10-17 02:00:00,3.2866666666666666
2022-10-17 03:00:00,3.305
2022-10-17 04:00:00,3.2433333333333336
2022-10-17 05:00:00,3.2624999999999997
2022-10-17 06:00:00,3.349166666666667
2022-10-17 07:00:00,3.6875
2022-10-17 08:00:00,4.0425
2022-10-17 09:00:00,4.618333333333333
2022-10-17 10:00:00,4.785
2022-10-17 11:00:00,4.8
2022-10-17 12:00:00,4.3325000000000005
2022-10-17 13:00:00,4.476666666666667
2022-10-17 14:00:00,4.47
2022-10-17 15:00:00,4.826666666666667
2022-10-17 16:00:00,5.87
2022-10-17 17:00:00,5.680833333333333
2022-10-17 18:00:00,5.5925
2022-10-17 19:00:00,5.424166666666667
2022-10-17 20:00:00,5.460833333333333
2022-10-17 21:00:00,5.293333333333334
2022-10-17 22:00:00,5.440833333333333
2022-10-17 23:00:00,5.631666666666667
2022-10-18 00:00:00,5.538333333333334
2022-10-18 01:00:00,5.552499999999999
2022-10-18 02:00:00,5.445
2022-10-18 03:00:00,5.399166666666667
2022-10-18 04:00:00,5.400833333333334
2022-10-18 05:00:00,5.603333333333334
2022-10-18 06:00:00,5.884166666666666
2022-10-18 07:00:00,5.8425
2022-10-18 08:00:00,5.863333333333333
2022-10-18 09:00:00,5.88
2022-10-18 10:00:00,5.572500000000001
2022-10-18 11:00:00,5.004166666666666
2022-10-18 12:00:00,5.1049999999999995
2022-10-18 13:00:00,5.301666666666667
2022-10-18 14:00:00,5.47
2022-10-18 15:00:00,4.434166666666667
2022-10-18 16:00:00,5.4575
2022-10-18 17:00:00,5.573333333333333
2022-10-18 18:00:00,5.675833333333333
2022-10-18 19:00:00,5.565
2022-10-18 20:00:00,5.6625000000000005
2022-10-18 21:00:00,5.1975
2022-10-18 22:00:00,5.019166666666666
2022-10-18 23:00:00,5.205
2022-10-19 00:00:00,5.2275
2022-10-19 01:00:00,5.350833333333334
2022-10-19 02:00:00,5.6258333333333335
2022-10-19 03:00:00,5.444166666666667
2022-10-19 04:00:00,5.493333333333333
2022-10-19 05:00:00,5.6049999999999995
2022-10-19 06:00:00,5.784166666666667
2022-10-19 07:00:00,5.995833333333334
2022-10-19 08:00:00,5.891666666666667
2022-10-19 09:00:00,5.424166666666667
2022-10-19 10:00:00,4.8475
2022-10-19 11:00:00,4.570833333333333
2022-10-19 12:00:00,4.506666666666667
2022-10-19 13:00:00,5.319999999999999
2022-10-19 14:00:00,5.544999999999999
2022-10-19 15:00:00,5.215833333333333
2022-10-19 16:00:00,5.06
2022-10-19 17:00:00,5.260833333333333
2022-10-19 18:00:00,5.396666666666667
2022-10-19 19:00:00,5.4375
2022-10-19 20:00:00,5.090833333333333
2022-10-19 21:00:00,3.4875000000000003
2022-10-19 22:00:00,2.811666666666667
2022-10-19 23:00:00,3.641666666666666
2022-10-20 00:00:00,2.6758333333333333
2022-10-20 01:00:00,1.1691666666666667
2022-10-20 02:00:00,1.2033333333333334
2022-10-20 03:00:00,1.0916666666666666
2022-10-20 04:00:00,1.1116666666666666
2022-10-20 05:00:00,1.19
2022-10-20 06:00:00,1.2408333333333335
2022-10-20 07:00:00,1.2283333333333333
2022-10-20 08:00:00,1.3475
2022-10-20 09:00:00,1.2075
2022-10-20 10:00:00,1.1291666666666667
2022-10-20 11:00:00,1.3375000000000001
2022-10-20 12:00:00,1.3275
2022-10-20 13:00:00,1.3516666666666666
2022-10-20 14:00:00,1.3266666666666667
2022-10-20 15:00:00,1.1991666666666667
2022-10-20 16:00:00,1.255
2022-10-20 17:00:00,1.2675
2022-10-20 18:00:00,1.3333333333333333
2022-10-20 19:00:00,1.375
2022-10-20 20:00:00,1.3325
2022-10-20 21:00:00,1.3658333333333335
2022-10-20 22:00:00,1.7733333333333334
2022-10-20 23:00:00,2.348333333333333
2022-10-21 00:00:00,2.561666666666667
2022-10-21 01:00:00,2.715
2022-10-21 02:00:00,2.765
2022-10-21 03:00:00,2.873333333333333
2022-10-21 04:00:00,3.0033333333333334
2022-10-21 05:00:00,3.064166666666667
2022-10-21 06:00:00,3.15
2022-10-21 07:00:00,3.283333333333333
2022-10-21 08:00:00,3.356666666666667
2022-10-21 09:00:00,3.4125
2022-10-21 10:00:00,3.3800000000000003
2022-10-21 11:00:00,3.3333333333333335
2022-10-21 12:00:00,3.5308333333333337
2022-10-21 13:00:00,3.6566666666666663
2022-10-21 14:00:00,3.6908333333333334
2022-10-21 15:00:00,3.595
2022-10-21 16:00:00,3.688333333333334
2022-10-21 17:00:00,3.6208333333333336
2022-10-21 18:00:00,3.5
2022-10-21 19:00:00,3.2916666666666665
2022-10-21 20:00:00,3.1566666666666663
2022-10-21 21:00:00,3.2266666666666666
2022-10-21 22:00:00,3.25
2022-10-21 23:00:00,3.1566666666666667
2022-10-22 00:00:00,2.9958333333333336
2022-10-22 01:00:00,2.9058333333333333
2022-10-22 02:00:00,2.8649999999999998
2022-10-22 03:00:00,2.9324999999999997
2022-10-22 04:00:00,3.0383333333333336
2022-10-22 05:00:00,3.1333333333333333
2022-10-22 06:00:00,3.1925000000000003
2022-10-22 07:00:00,3.223333333333333
2022-10-22 08:00:00,3.233333333333333
2022-10-22 09:00:00,3.0925
2022-10-22 10:00:00,2.904166666666667
2022-10-22 11:00:00,2.6275
2022-10-22 12:00:00,2.56
2022-10-22 13:00:00,2.56
2022-10-22 14:00:00,2.665833333333333
2022-10-22 15:00:00,2.731666666666667
2022-10-22 16:00:00,2.8375
2022-10-22 17:00:00,3.0091666666666668
2022-10-22 18:00:00,3.135
2022-10-22 19:00:00,3.124166666666666
2022-10-22 20:00:00,3.216666666666667
2022-10-22 21:00:00,3.2133333333333334
2022-10-22 22:00:00,3.1991666666666667
2022-10-22 23:00:00,3.2775
2022-10-23 00:00:00,3.36
2022-10-23 01:00:00,3.4258333333333333
2022-10-23 02:00:00,3.3333333333333335
2022-10-23 03:00:00,3.285833333333333
2022-10-23 04:00:00,3.35
2022-10-23 05:00:00,3.4658333333333338
2022-10-23 06:00:00,3.3350000000000004
2022-10-23 07:00:00,2.3633333333333333
2022-10-23 08:00:00,1.8241666666666667
2022-10-23 09:00:00,1.5541666666666665
2022-10-23 10:00:00,1.6158333333333335
2022-10-23 11:00:00,1.6283333333333332
2022-10-23 12:00:00,1.655
2022-10-23 13:00:00,1.6900000000000002
2022-10-23 14:00:00,1.6383333333333334
2022-10-23 15:00:00,1.3358333333333334
2022-10-23 16:00:00,1.531666666666667
2022-10-23 17:00:00,1.4841666666666669
2022-10-23 18:00:00,1.5258333333333336
2022-10-23 19:00:00,1.5341666666666665
2022-10-23 20:00:00,1.5733333333333333
2022-10-23 21:00:00,1.6224999999999998
2022-10-23 22:00:00,1.7491666666666665
2022-10-23 23:00:00,1.6941666666666666
2022-10-24 00:00:00,1.5758333333333334
2022-10-24 01:00:00,3.6999999999999997
2022-10-24 02:00:00,1.5491666666666666
2022-10-24 03:00:00,1.5425000000000002
2022-10-24 04:00:00,1.6050000000000002
2022-10-24 05:00:00,1.9883333333333333
2022-10-24 06:00:00,2.7133333333333334
2022-10-24 07:00:00,2.9716666666666662
2022-10-24 08:00:00,3.0533333333333332
2022-10-24 09:00:00,2.9025
2022-10-24 10:00:00,2.92
2022-10-24 11:00:00,2.9425000000000003
2022-10-24 12:00:00,2.9225
2022-10-24 13:00:00,2.8716666666666666
2022-10-24 14:00:00,2.891666666666667
2022-10-24 15:00:00,3.0775
2022-10-24 16:00:00,2.8958333333333335
2022-10-24 17:00:00,2.965
2022-10-24 18:00:00,3.0366666666666666
2022-10-24 19:00:00,3.045833333333333
2022-10-24 20:00:00,2.973333333333333
2022-10-24 21:00:00,2.9125
2022-10-24 22:00:00,2.9324999999999997
2022-10-24 23:00:00,2.9375
2022-10-25 00:00:00,3.0483333333333333
2022-10-25 01:00:00,3.151666666666667
2022-10-25 02:00:00,3.2116666666666664
2022-10-25 03:00:00,3.3316666666666666
2022-10-25 04:00:00,3.410833333333333
2022-10-25 05:00:00,3.424166666666667
2022-10-25 06:00:00,3.4499999999999997
2022-10-25 07:00:00,3.47
2022-10-25 08:00:00,3.3958333333333335
2022-10-25 09:00:00,3.295833333333333
2022-10-25 10:00:00,3.294166666666667
2022-10-25 11:00:00,3.1933333333333334
2022-10-25 12:00:00,3.1999999999999997
2022-10-25 13:00:00,3.2099999999999995
2022-10-25 14:00:00,3.2525
2022-10-25 15:00:00,3.2458333333333336
2022-10-25 16:00:00,3.2016666666666667
2022-10-25 17:00:00,3.313333333333333
2022-10-25 18:00:00,3.31
2022-10-25 19:00:00,3.2116666666666664
2022-10-25 20:00:00,3.0925
2022-10-25 21:00:00,2.9958333333333336
2022-10-25 22:00:00,3.0741666666666667
2022-10-25 23:00:00,3.0566666666666666
2022-10-26 00:00:00,3.084166666666667
2022-10-26 01:00:00,3.0908333333333338
2022-10-26 02:00:00,3.098333333333333
2022-10-26 03:00:00,3.026666666666667
2022-10-26 04:00:00,3.0399999999999996
2022-10-26 05:00:00,3.0033333333333334
2022-10-26 06:00:00,3.0541666666666667
2022-10-26 07:00:00,3.0883333333333334
2022-10-26 08:00:00,3.1149999999999998
2022-10-26 09:00:00,3.0524999999999998
2022-10-26 10:00:00,3.03
2022-10-26 11:00:00,3.108333333333333
2022-10-26 12:00:00,3.1341666666666668
2022-10-26 13:00:00,3.158333333333333
2022-10-26 14:00:00,3.1950000000000003
2022-10-26 15:00:00,3.25
2022-10-26 16:00:00,3.2466666666666666
2022-10-26 17:00:00,3.3041666666666667
2022-10-26 18:00:00,3.231666666666667
2022-10-26 19:00:00,3.2475
2022-10-26 20:00:00,3.17
2022-10-26 21:00:00,3.169166666666667
2022-10-26 22:00:00,3.1483333333333334
2022-10-26 23:00:00,3.1316666666666664
2022-10-27 00:00:00,3.1283333333333334
2022-10-27 01:00:00,3.106666666666667
2022-10-27 02:00:00,3.1191666666666666
2022-10-27 03:00:00,3.0308333333333337
2022-10-27 04:00:00,2.954166666666667
2022-10-27 05:00:00,2.9883333333333333
2022-10-27 06:00:00,3.0400000000000005
2022-10-27 07:00:00,3.124166666666667
2022-10-27 08:00:00,3.115
2022-10-27 09:00:00,2.875833333333333
2022-10-27 10:00:00,2.8475
2022-10-27 11:00:00,2.751666666666667
2022-10-27 12:00:00,2.793333333333333
2022-10-27 13:00:00,2.7925
2022-10-27 14:00:00,2.856666666666667
2022-10-27 15:00:00,2.555
2022-10-27 16:00:00,2.535833333333333
2022-10-27 17:00:00,2.565
2022-10-27 18:00:00,2.651666666666667
2022-10-27 19:00:00,2.7383333333333333
2022-10-27 20:00:00,2.725
2022-10-27 21:00:00,2.7241666666666666
2022-10-27 22:00:00,2.7416666666666667
2022-10-27 23:00:00,2.749166666666667
2022-10-28 00:00:00,2.7624999999999997
2022-10-28 01:00:00,2.7975
2022-10-28 02:00:00,2.8575
2022-10-28 03:00:00,2.8783333333333334
2022-10-28 04:00:00,2.8725
2022-10-28 05:00:00,2.8775
2022-10-28 06:00:00,2.920833333333333
2022-10-28 07:00:00,2.8375
2022-10-28 08:00:00,2.766666666666667
2022-10-28 09:00:00,2.7533333333333334
2022-10-28 10:00:00,2.7025
2022-10-28 11:00:00,2.799166666666667
2022-10-28 12:00:00,2.84
2022-10-28 13:00:00,2.86
2022-10-28 14:00:00,2.7883333333333336
2022-10-28 15:00:00,2.6658333333333335
2022-10-28 16:00:00,2.66
2022-10-28 17:00:00,2.8183333333333334
2022-10-28 18:00:00,2.7775
2022-10-28 19:00:00,2.766666666666667
2022-10-28 20:00:00,2.8000000000000003
2022-10-28 21:00:00,2.783333333333333
2022-10-28 22:00:00,2.8983333333333334
2022-10-28 23:00:00,2.8708333333333336
2022-10-29 00:00:00,2.859166666666667
2022-10-29 01:00:00,2.856666666666667
2022-10-29 02:00:00,2.9091666666666662
2022-10-29 03:00:00,2.9225
2022-10-29 04:00:00,2.8866666666666667
2022-10-29 05:00:00,2.8716666666666666
2022-10-29 06:00:00,2.7991666666666664
2022-10-29 07:00:00,2.8266666666666667
2022-10-29 08:00:00,2.8808333333333334
2022-10-29 09:00:00,2.8358333333333334
2022-10-29 10:00:00,2.799166666666667
2022-10-29 11:00:00,2.6958333333333333
2022-10-29 12:00:00,2.730833333333333
2022-10-29 13:00:00,2.768333333333333
2022-10-29 14:00:00,2.7225
2022-10-29 15:00:00,2.8033333333333332
2022-10-29 16:00:00,2.811666666666666
2022-10-29 17:00:00,2.856666666666667
2022-10-29 18:00:00,2.9258333333333333
2022-10-29 19:00:00,2.9316666666666666
2022-10-29 20:00:00,2.9599999999999995
2022-10-29 21:00:00,3.026666666666667
2022-10-29 22:00:00,3.108333333333333
2022-10-29 23:00:00,3.0425
2022-10-30 00:00:00,3.0141666666666667
2022-10-30 01:00:00,2.950833333333333
2022-10-30 02:00:00,2.9499999999999997
2022-10-30 03:00:00,2.9858333333333333
2022-10-30 04:00:00,2.9941666666666666
2022-10-30 05:00:00,3.0124999999999997
2022-10-30 06:00:00,3.010833333333333
2022-10-30 07:00:00,2.9941666666666666
2022-10-30 08:00:00,2.8433333333333333
2022-10-30 09:00:00,2.7916666666666665
2022-10-30 10:00:00,2.5383333333333336
2022-10-30 11:00:00,2.7075
2022-10-30 12:00:00,2.733333333333334
2022-10-30 13:00:00,2.7758333333333334
2022-10-30 14:00:00,2.7441666666666666
2022-10-30 15:00:00,2.8000000000000003
2022-10-30 16:00:00,2.7275000000000005
2022-10-30 17:00:00,2.748333333333333
2022-10-30 18:00:00,2.794166666666667
2022-10-30 19:00:00,2.7566666666666664
2022-10-30 20:00:00,2.8158333333333334
2022-10-30 21:00:00,2.8033333333333332
2022-10-30 22:00:00,2.8000000000000003
2022-10-30 23:00:00,2.8208333333333333
2022-10-31 00:00:00,2.735
2022-10-31 01:00:00,2.7725000000000004
2022-10-31 02:00:00,2.7458333333333336
2022-10-31 03:00:00,2.8000000000000003
2022-10-31 04:00:00,2.8249999999999997
2022-10-31 05:00:00,2.8608333333333333
2022-10-31 06:00:00,2.8641666666666663
2022-10-31 07:00:00,2.8649999999999998
2022-10-31 08:00:00,2.874166666666666
2022-10-31 09:00:00,2.749166666666666
2022-10-31 10:00:00,2.8074999999999997
2022-10-31 11:00:00,2.795
2022-10-31 12:00:00,2.7566666666666664
2022-10-31 13:00:00,2.9025
2022-10-31 14:00:00,2.8800000000000003
2022-10-31 15:00:00,2.97
2022-10-31 16:00:00,2.9499999999999997
2022-10-31 17:00:00,2.8783333333333334
2022-10-31 18:00:00,2.8358333333333334
2022-10-31 19:00:00,2.9
2022-10-31 20:00:00,2.8816666666666664
2022-10-31 21:00:00,2.8874999999999997
2022-10-31 22:00:00,2.8516666666666666
2022-10-31 23:00:00,2.8491666666666666
2022-11-01 00:00:00,2.9258333333333333
2022-11-01 01:00:00,2.983333333333333
2022-11-01 02:00:00,2.985
2022-11-01 03:00:00,2.9466666666666668
2022-11-01 04:00:00,2.9766666666666666
2022-11-01 05:00:00,3.035833333333333
2022-11-01 06:00:00,3.07
2022-11-01 07:00:00,3.1233333333333335
2022-11-01 08:00:00,3.0933333333333333
2022-11-01 09:00:00,2.8683333333333336
2022-11-01 10:00:00,2.888333333333333
2022-11-01 11:00:00,3.0583333333333336
2022-11-01 12:00:00,3.128333333333334
2022-11-01 13:00:00,3.08
2022-11-01 14:00:00,3.015
2022-11-01 15:00:00,3.1508333333333334
2022-11-01 16:00:00,3.2458333333333336
2022-11-01 17:00:00,3.1575
2022-11-01 18:00:00,3.2466666666666666
2022-11-01 19:00:00,3.3208333333333333
2022-11-01 20:00:00,3.1725
2022-11-01 21:00:00,3.1799999999999997
2022-11-01 22:00:00,3.2025
2022-11-01 23:00:00,3.3125
2022-11-02 00:00:00,3.169166666666667
2022-11-02 01:00:00,3.1158333333333332
2022-11-02 02:00:00,3.106666666666667
2022-11-02 03:00:00,3.08
2022-11-02 04:00:00,3.1175
2022-11-02 05:00:00,3.0833333333333335
2022-11-02 06:00:00,3.1341666666666668
2022-11-02 07:00:00,3.098333333333333
2022-11-02 08:00:00,2.9266666666666663
2022-11-02 09:00:00,2.07
2022-11-02 10:00:00,1.8550000000000002
2022-11-02 11:00:00,1.8783333333333332
2022-11-02 12:00:00,1.8891666666666669
2022-11-02 13:00:00,1.9141666666666666
2022-11-02 14:00:00,2.0508333333333333
2022-11-02 15:00:00,2.0875
2022-11-02 16:00:00,1.7491666666666668
2022-11-02 17:00:00,1.7475000000000003
2022-11-02 18:00:00,1.6950000000000003
2022-11-02 19:00:00,1.6725
2022-11-02 20:00:00,1.6391666666666669
2022-11-02 21:00:00,1.5875000000000001
2022-11-02 22:00:00,1.5583333333333333
2022-11-02 23:00:00,1.5325
2022-11-03 00:00:00,1.5699999999999996
2022-11-03 01:00:00,1.6308333333333334
2022-11-03 02:00:00,1.6341666666666665
2022-11-03 03:00:00,1.5891666666666666
2022-11-03 04:00:00,1.5875000000000001
2022-11-03 05:00:00,1.5816666666666668
2022-11-03 06:00:00,1.6325
2022-11-03 07:00:00,1.5708333333333335
2022-11-03 08:00:00,1.5041666666666667
2022-11-03 09:00:00,1.4266666666666665
2022-11-03 10:00:00,1.4375
2022-11-03 11:00:00,1.4841666666666666
2022-11-03 12:00:00,1.5175
2022-11-03 13:00:00,3.1958333333333333
2022-11-03 14:00:00,1.9183333333333332
2022-11-03 15:00:00,1.4316666666666666
2022-11-03 16:00:00,1.3766666666666667
2022-11-03 17:00:00,1.4066666666666665
2022-11-03 18:00:00,1.3591666666666669
2022-11-03 19:00:00,1.3608333333333331
2022-11-03 20:00:00,1.3808333333333334
2022-11-03 21:00:00,1.3508333333333333
2022-11-03 22:00:00,1.3591666666666669
2022-11-03 23:00:00,1.3758333333333335
2022-11-04 00:00:00,1.3866666666666667
2022-11-04 01:00:00,1.3983333333333334
2022-11-04 02:00:00,1.4316666666666666
2022-11-04 03:00:00,1.4666666666666668
2022-11-04 04:00:00,1.5008333333333332
2022-11-04 05:00:00,1.5333333333333332
2022-11-04 06:00:00,1.5716666666666665
2022-11-04 07:00:00,1.5933333333333335
2022-11-04 08:00:00,1.5958333333333332
2022-11-04 09:00:00,1.5733333333333333
2022-11-04 10:00:00,1.5966666666666667
2022-11-04 11:00:00,1.5891666666666666
2022-11-04 12:00:00,1.5825000000000002
2022-11-04 13:00:00,1.5808333333333333
2022-11-04 14:00:00,1.5516666666666665
2022-11-04 15:00:00,2.1199999999999997
2022-11-04 16:00:00,1.9733333333333334
2022-11-04 17:00:00,2.0433333333333334
2022-11-04 18:00:00,2.075833333333333
2022-11-04 19:00:00,2.17
2022-11-04 20:00:00,2.11
2022-11-04 21:00:00,1.950833333333333
2022-11-04 22:00:00,1.8858333333333333
2022-11-04 23:00:00,1.9008333333333332
2022-11-05 00:00:00,1.9100000000000001
2022-11-05 01:00:00,1.9383333333333332
2022-11-05 02:00:00,1.9483333333333335
2022-11-05 03:00:00,1.96
2022-11-05 04:00:00,1.97
2022-11-05 05:00:00,1.9433333333333334
2022-11-05 06:00:00,1.9258333333333333
2022-11-05 07:00:00,1.8941666666666668
2022-11-05 08:00:00,1.8775000000000002
2022-11-05 09:00:00,1.8524999999999998
2022-11-05 10:00:00,1.8733333333333333
2022-11-05 11:00:00,1.9591666666666665
2022-11-05 12:00:00,1.9291666666666665
2022-11-05 13:00:00,1.969166666666667
2022-11-05 14:00:00,2.0
2022-11-05 15:00:00,1.9324999999999999
2022-11-05 16:00:00,1.9533333333333331
2022-11-05 17:00:00,1.9641666666666666
2022-11-05 18:00:00,1.9833333333333332
2022-11-05 19:00:00,1.8641666666666665
2022-11-05 20:00:00,1.7458333333333336
2022-11-05 21:00:00,1.7491666666666668
2022-11-05 22:00:00,1.7175
2022-11-05 23:00:00,1.4983333333333333
2022-11-06 00:00:00,1.24
2022-11-06 01:00:00,1.0358333333333334
2022-11-06 02:00:00,0.9358333333333334
2022-11-06 03:00:00,0.8666666666666667
2022-11-06 04:00:00,0.8633333333333333
2022-11-06 05:00:00,0.88
2022-11-06 06:00:00,0.9425
2022-11-06 07:00:00,0.9316666666666666
2022-11-06 08:00:00,0.9716666666666667
2022-11-06 09:00:00,1.0008333333333332
2022-11-06 10:00:00,1.0866666666666667
2022-11-06 11:00:00,1.0466666666666666
2022-11-06 12:00:00,1.0416666666666667
2022-11-06 13:00:00,1.0091666666666665
2022-11-06 14:00:00,0.9666666666666668
2022-11-06 15:00:00,0.7516666666666666
2022-11-06 16:00:00,0.7783333333333333
2022-11-06 17:00:00,0.8458333333333333
2022-11-06 18:00:00,0.7825000000000001
2022-11-06 19:00:00,0.7241666666666666
2022-11-06 20:00:00,0.7191666666666666
2022-11-06 21:00:00,0.6783333333333333
2022-11-06 22:00:00,0.6699999999999999
2022-11-06 23:00:00,0.5133333333333333
2022-11-07 00:00:00,0.48500000000000004
2022-11-07 01:00:00,0.4816666666666667
2022-11-07 02:00:00,0.49583333333333335
2022-11-07 03:00:00,0.5383333333333333
2022-11-07 04:00:00,0.5716666666666667
2022-11-07 05:00:00,0.6749999999999999
2022-11-07 06:00:00,0.8058333333333333
2022-11-07 07:00:00,1.065
2022-11-07 08:00:00,1.6233333333333333
2022-11-07 09:00:00,1.7341666666666669
2022-11-07 10:00:00,1.6900000000000002
2022-11-07 11:00:00,1.7525000000000002
2022-11-07 12:00:00,1.7625
2022-11-07 13:00:00,1.7616666666666667
2022-11-07 14:00:00,1.695
2022-11-07 15:00:00,1.7175
2022-11-07 16:00:00,1.3458333333333332
2022-11-07 17:00:00,1.3566666666666667
2022-11-07 18:00:00,1.2991666666666666
2022-11-07 19:00:00,1.3683333333333332
2022-11-07 20:00:00,1.3458333333333332
2022-11-07 21:00:00,1.3116666666666668
2022-11-07 22:00:00,1.2533333333333332
2022-11-07 23:00:00,1.2925
2022-11-08 00:00:00,1.3833333333333335
2022-11-08 01:00:00,1.7591666666666665
2022-11-08 02:00:00,1.9541666666666666
2022-11-08 03:00:00,2.0375
2022-11-08 04:00:00,2.0775
2022-11-08 05:00:00,2.1258333333333335
2022-11-08 06:00:00,2.1458333333333335
2022-11-08 07:00:00,2.2325
2022-11-08 08:00:00,2.3874999999999997
2022-11-08 09:00:00,2.5383333333333336
2022-11-08 10:00:00,2.645
2022-11-08 11:00:00,2.6533333333333338
2022-11-08 12:00:00,2.8491666666666666
2022-11-08 13:00:00,2.94
2022-11-08 14:00:00,2.8158333333333334
2022-11-08 15:00:00,2.8816666666666664
2022-11-08 16:00:00,3.168333333333333
2022-11-08 17:00:00,3.3525000000000005
2022-11-08 18:00:00,3.484166666666667
2022-11-08 19:00:00,3.6149999999999998
2022-11-08 20:00:00,3.3958333333333335
2022-11-08 21:00:00,3.3816666666666664
2022-11-08 22:00:00,3.4983333333333335
2022-11-08 23:00:00,3.589166666666667
2022-11-09 00:00:00,3.6333333333333333
2022-11-09 01:00:00,3.6149999999999998
2022-11-09 02:00:00,3.6566666666666663
2022-11-09 03:00:00,3.7449999999999997
2022-11-09 04:00:00,3.8008333333333333
2022-11-09 05:00:00,3.7550000000000003
2022-11-09 06:00:00,3.8175000000000003
2022-11-09 07:00:00,3.965833333333333
2022-11-09 08:00:00,4.07
2022-11-09 09:00:00,3.97
2022-11-09 10:00:00,4.030833333333334
2022-11-09 11:00:00,4.0625
2022-11-09 12:00:00,4.083333333333333
2022-11-09 13:00:00,4.033333333333333
2022-11-09 14:00:00,3.950833333333333
2022-11-09 15:00:00,3.8800000000000003
2022-11-09 16:00:00,3.984166666666667
2022-11-09 17:00:00,3.848333333333333
2022-11-09 18:00:00,3.983333333333333
2022-11-09 19:00:00,3.9091666666666662
2022-11-09 20:00:00,3.77
2022-11-09 21:00:00,3.67
2022-11-09 22:00:00,3.624166666666666
2022-11-09 23:00:00,3.591666666666667
2022-11-10 00:00:00,3.6816666666666666
2022-11-10 01:00:00,3.6908333333333334
2022-11-10 02:00:00,3.7108333333333334
2022-11-10 03:00:00,3.5741666666666667
2022-11-10 04:00:00,3.480833333333333
2022-11-10 05:00:00,3.3974999999999995
2022-11-10 06:00:00,3.4466666666666668
2022-11-10 07:00:00,3.498333333333333
2022-11-10 08:00:00,3.5641666666666665
2022-11-10 09:00:00,3.5066666666666664
2022-11-10 10:00:00,3.3974999999999995
2022-11-10 11:00:00,2.5316666666666667
2022-11-10 12:00:00,2.0641666666666665
2022-11-10 13:00:00,2.000833333333333
2022-11-10 14:00:00,2.1125000000000003
2022-11-10 15:00:00,2.0725000000000002
2022-11-10 16:00:00,2.3091666666666666
2022-11-10 17:00:00,2.250833333333333
2022-11-10 18:00:00,2.0966666666666667
2022-11-10 19:00:00,2.0683333333333334
2022-11-10 20:00:00,2.065
2022-11-10 21:00:00,2.018333333333333
2022-11-10 22:00:00,2.1291666666666664
2022-11-10 23:00:00,2.0066666666666664
2022-11-11 00:00:00,1.9974999999999998
2022-11-11 01:00:00,2.018333333333333
2022-11-11 02:00:00,2.0558333333333336
2022-11-11 03:00:00,2.0108333333333333
2022-11-11 04:00:00,1.7991666666666666
2022-11-11 05:00:00,1.64
2022-11-11 06:00:00,1.5616666666666665
2022-11-11 07:00:00,1.3783333333333332
2022-11-11 08:00:00,1.27
2022-11-11 09:00:00,1.1483333333333332
2022-11-11 10:00:00,1.095
2022-11-11 11:00:00,1.0691666666666666
2022-11-11 12:00:00,1.115
2022-11-11 13:00:00,1.0275
2022-11-11 14:00:00,0.9991666666666666
2022-11-11 15:00:00,1.0725
2022-11-11 16:00:00,1.1841666666666668
2022-11-11 17:00:00,1.1975
2022-11-11 18:00:00,1.1500000000000001
2022-11-11 19:00:00,1.0374999999999999
2022-11-11 20:00:00,1.0475
2022-11-11 21:00:00,1.0833333333333333
2022-11-11 22:00:00,1.13
2022-11-11 23:00:00,1.5075
2022-11-12 00:00:00,1.9508333333333334
2022-11-12 01:00:00,2.2241666666666666
2022-11-12 02:00:00,2.3175
2022-11-12 03:00:00,2.3925
2022-11-12 04:00:00,2.526666666666667
2022-11-12 05:00:00,2.6941666666666664
2022-11-12 06:00:00,2.646666666666667
2022-11-12 07:00:00,2.7125
2022-11-12 08:00:00,2.481666666666667
2022-11-12 09:00:00,1.5858333333333334
2022-11-12 10:00:00,0.7366666666666667
2022-11-12 11:00:00,0.7675000000000001
2022-11-12 12:00:00,0.7566666666666667
2022-11-12 13:00:00,0.7358333333333333
2022-11-12 14:00:00,0.7258333333333334
2022-11-12 15:00:00,0.7875
2022-11-12 16:00:00,0.8166666666666668
2022-11-12 17:00:00,0.8391666666666667
2022-11-12 18:00:00,0.805
2022-11-12 19:00:00,0.7291666666666666
2022-11-12 20:00:00,0.6808333333333333
2022-11-12 21:00:00,0.7133333333333333
2022-11-12 22:00:00,0.9066666666666666
2022-11-12 23:00:00,1.0508333333333333
2022-11-13 00:00:00,1.1533333333333333
2022-11-13 01:00:00,1.1683333333333332
2022-11-13 02:00:00,1.2058333333333333
2022-11-13 03:00:00,1.2258333333333333
2022-11-13 04:00:00,1.2983333333333333
2022-11-13 05:00:00,1.335
2022-11-13 06:00:00,1.3125
2022-11-13 07:00:00,1.2883333333333333
2022-11-13 08:00:00,1.3008333333333333
2022-11-13 09:00:00,1.3074999999999999
2022-11-13 10:00:00,1.3066666666666666
2022-11-13 11:00:00,1.2783333333333333
2022-11-13 12:00:00,1.25
2022-11-13 13:00:00,1.2758333333333334
2022-11-13 14:00:00,1.2441666666666666
2022-11-13 15:00:00,1.4116666666666668
2022-11-13 16:00:00,2.1141666666666667
2022-11-13 17:00:00,2.2183333333333333
2022-11-13 18:00:00,2.2733333333333334
2022-11-13 19:00:00,2.283333333333333
2022-11-13 20:00:00,2.4141666666666666
2022-11-13 21:00:00,2.5100000000000002
2022-11-13 22:00:00,2.3558333333333334
2022-11-13 23:00:00,2.2133333333333334
2022-11-14 00:00:00,2.1683333333333334
2022-11-14 01:00:00,2.2425
2022-11-14 02:00:00,2.0975
2022-11-14 03:00:00,2.013333333333333
2022-11-14 04:00:00,2.0058333333333334
2022-11-14 05:00:00,2.0408333333333335
2022-11-14 06:00:00,2.0725000000000002
2022-11-14 07:00:00,2.0141666666666667
2022-11-14 08:00:00,1.9525
2022-11-14 09:00:00,2.1199999999999997
2022-11-14 10:00:00,2.1625
2022-11-14 11:00:00,1.8150000000000002
2022-11-14 12:00:00,1.9083333333333332
2022-11-14 13:00:00,1.9216666666666666
2022-11-14 14:00:00,2.0741666666666667
2022-11-14 15:00:00,2.066666666666667
2022-11-14 16:00:00,1.54
2022-11-14 17:00:00,1.1416666666666666
2022-11-14 18:00:00,1.1166666666666667
2022-11-14 19:00:00,1.2008333333333334
2022-11-14 20:00:00,1.1291666666666667
2022-11-14 21:00:00,1.1825
2022-11-14 22:00:00,1.2208333333333332
2022-11-14 23:00:00,1.2441666666666666
2022-11-15 00:00:00,1.2208333333333334
2022-11-15 01:00:00,1.145
2022-11-15 02:00:00,0.9908333333333333
2022-11-15 03:00:00,0.9308333333333333
2022-11-15 04:00:00,0.935
2022-11-15 05:00:00,1.0025000000000002
2022-11-15 06:00:00,1.0383333333333333
2022-11-15 07:00:00,1.0916666666666666
2022-11-15 08:00:00,1.2741666666666667
2022-11-15 09:00:00,1.4933333333333334
2022-11-15 10:00:00,1.8266666666666669
2022-11-15 11:00:00,2.125833333333333
2022-11-15 12:00:00,2.345833333333333
2022-11-15 13:00:00,2.5166666666666666
2022-11-15 14:00:00,2.465
2022-11-15 15:00:00,2.4883333333333333
2022-11-15 16:00:00,2.5141666666666667
2022-11-15 17:00:00,2.750833333333333
2022-11-15 18:00:00,2.7975
2022-11-15 19:00:00,2.8366666666666664
2022-11-15 20:00:00,2.7216666666666662
2022-11-15 21:00:00,2.545833333333333
2022-11-15 22:00:00,2.5
2022-11-15 23:00:00,2.5941666666666663
2022-11-16 00:00:00,2.5975
2022-11-16 01:00:00,2.766666666666667
2022-11-16 02:00:00,2.9066666666666663
2022-11-16 03:00:00,2.9133333333333336
2022-11-16 04:00:00,2.908333333333333
2022-11-16 05:00:00,2.7866666666666666
2022-11-16 06:00:00,2.6425
2022-11-16 07:00:00,2.454166666666667
2022-11-16 08:00:00,2.34
2022-11-16 09:00:00,2.2558333333333334
2022-11-16 10:00:00,2.3008333333333333
2022-11-16 11:00:00,2.404166666666667
2022-11-16 12:00:00,2.36
2022-11-16 13:00:00,2.328333333333333
2022-11-16 14:00:00,2.2425
2022-11-16 15:00:00,2.154166666666667
2022-11-16 16:00:00,2.1416666666666666
2022-11-16 17:00:00,2.1999999999999997
2022-11-16 18:00:00,2.1733333333333333
2022-11-16 19:00:00,2.19
2022-11-16 20:00:00,2.43
2022-11-16 21:00:00,2.6566666666666667
2022-11-16 22:00:00,2.7583333333333333
2022-11-16 23:00:00,2.665833333333333
2022-11-17 00:00:00,2.311666666666667
2022-11-17 01:00:00,1.9608333333333334
2022-11-17 02:00:00,1.6849999999999998
2022-11-17 03:00:00,1.5975
2022-11-17 04:00:00,1.695
2022-11-17 05:00:00,1.8858333333333333
2022-11-17 06:00:00,1.83
2022-11-17 07:00:00,1.7516666666666667
2022-11-17 08:00:00,1.7241666666666668
2022-11-17 09:00:00,1.8066666666666666
2022-11-17 10:00:00,1.6375
2022-11-17 11:00:00,1.75
2022-11-17 12:00:00,1.4324999999999999
2022-11-17 13:00:00,1.515
2022-11-17 14:00:00,1.4116666666666668
2022-11-17 15:00:00,1.985
2022-11-17 16:00:00,2.31
2022-11-17 17:00:00,2.089166666666667
2022-11-17 18:00:00,1.8858333333333333
2022-11-17 19:00:00,1.9408333333333332
2022-11-17 20:00:00,1.95
2022-11-17 21:00:00,1.9725
2022-11-17 22:00:00,1.8066666666666666
2022-11-17 23:00:00,1.9441666666666666
2022-11-18 00:00:00,1.7675
2022-11-18 01:00:00,1.9383333333333332
2022-11-18 02:00:00,2.029166666666667
2022-11-18 03:00:00,2.1308333333333334
2022-11-18 04:00:00,2.250833333333333
2022-11-18 05:00:00,2.2733333333333334
2022-11-18 06:00:00,1.9741666666666664
2022-11-18 07:00:00,1.4541666666666666
2022-11-18 08:00:00,1.1199999999999999
2022-11-18 09:00:00,0.9791666666666666
2022-11-18 10:00:00,0.9816666666666668
2022-11-18 11:00:00,1.165
2022-11-18 12:00:00,1.1441666666666668
2022-11-18 13:00:00,1.1066666666666667
2022-11-18 14:00:00,1.1016666666666668
2022-11-18 15:00:00,1.0141666666666667
2022-11-18 16:00:00,0.9216666666666667
2022-11-18 17:00:00,0.9891666666666667
2022-11-18 18:00:00,0.8683333333333333
2022-11-18 19:00:00,0.7949999999999999
2022-11-18 20:00:00,0.8441666666666667
2022-11-18 21:00:00,0.8741666666666666
2022-11-18 22:00:00,0.9
2022-11-18 23:00:00,0.9241666666666667
2022-11-19 00:00:00,1.075
2022-11-19 01:00:00,1.4683333333333335
2022-11-19 02:00:00,1.843333333333333
2022-11-19 03:00:00,2.0316666666666667
2022-11-19 04:00:00,2.1575
2022-11-19 05:00:00,2.2216666666666667
2022-11-19 06:00:00,2.256666666666667
2022-11-19 07:00:00,2.2825
2022-11-19 08:00:00,1.8283333333333331
2022-11-19 09:00:00,1.1508333333333334
2022-11-19 10:00:00,1.03
2022-11-19 11:00:00,1.0191666666666668
2022-11-19 12:00:00,1.0225
2022-11-19 13:00:00,1.0391666666666666
2022-11-19 14:00:00,0.9783333333333332
2022-11-19 15:00:00,0.9858333333333333
2022-11-19 16:00:00,1.0525
2022-11-19 17:00:00,0.9499999999999998
2022-11-19 18:00:00,0.7775
2022-11-19 19:00:00,0.625
2022-11-19 20:00:00,0.5675
2022-11-19 21:00:00,0.5558333333333333
2022-11-19 22:00:00,0.5925
2022-11-19 23:00:00,0.7050000000000001
2022-11-20 00:00:00,0.685
2022-11-20 01:00:00,0.5733333333333334
2022-11-20 02:00:00,0.6491666666666667
2022-11-20 03:00:00,0.6058333333333333
2022-11-20 04:00:00,0.44249999999999995
2022-11-20 05:00:00,0.43
2022-11-20 06:00:00,0.46083333333333326
2022-11-20 07:00:00,0.5008333333333334
2022-11-20 08:00:00,0.5508333333333333
2022-11-20 09:00:00,0.5866666666666667
2022-11-20 10:00:00,0.6066666666666667
2022-11-20 11:00:00,0.5750000000000001
2022-11-20 12:00:00,0.5924999999999999
2022-11-20 13:00:00,0.605
2022-11-20 14:00:00,0.6116666666666667
2022-11-20 15:00:00,0.5991666666666666
2022-11-20 16:00:00,0.6066666666666666
2022-11-20 17:00:00,0.6408333333333333
2022-11-20 18:00:00,0.6475
2022-11-20 19:00:00,0.6283333333333333
2022-11-20 20:00:00,0.6491666666666667
2022-11-20 21:00:00,0.6391666666666667
2022-11-20 22:00:00,0.6433333333333333
2022-11-20 23:00:00,0.665
2022-11-21 00:00:00,0.6608333333333333
2022-11-21 01:00:00,0.6366666666666666
2022-11-21 02:00:00,0.6266666666666666
2022-11-21 03:00:00,0.6266666666666666
2022-11-21 04:00:00,0.6416666666666666
2022-11-21 05:00:00,0.6641666666666667
2022-11-21 06:00:00,0.6999999999999998
2022-11-21 07:00:00,0.7000000000000001
2022-11-21 08:00:00,0.6933333333333334
2022-11-21 09:00:00,3.365
2022-11-21 10:00:00,0.6741666666666667
2022-11-21 11:00:00,0.6808333333333333
2022-11-21 12:00:00,0.6883333333333334
2022-11-21 13:00:00,0.915
2022-11-21 14:00:00,1.6541666666666668
2022-11-21 15:00:00,2.0116666666666667
2022-11-21 16:00:00,2.07
2022-11-21 17:00:00,2.0908333333333333
2022-11-21 18:00:00,2.1125000000000003
2022-11-21 19:00:00,2.1225
2022-11-21 20:00:00,2.1025
2022-11-21 21:00:00,2.0433333333333334
2022-11-21 22:00:00,1.9383333333333335
2022-11-21 23:00:00,1.8575
2022-11-22 00:00:00,1.83
2022-11-22 01:00:00,1.9116666666666668
2022-11-22 02:00:00,1.8441666666666665
2022-11-22 03:00:00,1.8266666666666669
2022-11-22 04:00:00,1.8458333333333334
2022-11-22 05:00:00,1.8950000000000002
2022-11-22 06:00:00,2.0775
2022-11-22 07:00:00,2.0841666666666665
2022-11-22 08:00:00,1.9916666666666665
2022-11-22 09:00:00,1.9666666666666668
2022-11-22 10:00:00,2.01
2022-11-22 11:00:00,1.9574999999999998
2022-11-22 12:00:00,1.9283333333333335
2022-11-22 13:00:00,1.8775000000000002
2022-11-22 14:00:00,1.8175000000000001
2022-11-22 15:00:00,1.7058333333333333
2022-11-22 16:00:00,1.705
2022-11-22 17:00:00,1.6816666666666666
2022-11-22 18:00:00,1.6591666666666667
2022-11-22 19:00:00,1.6658333333333333
2022-11-22 20:00:00,1.5616666666666668
2022-11-22 21:00:00,1.4641666666666666
2022-11-22 22:00:00,1.4533333333333331
2022-11-22 23:00:00,1.4691666666666665
2022-11-23 00:00:00,1.5425000000000002
2022-11-23 01:00:00,1.6316666666666666
2022-11-23 02:00:00,1.6475
2022-11-23 03:00:00,1.665
2022-11-23 04:00:00,1.6283333333333332
2022-11-23 05:00:00,1.6216666666666668
2022-11-23 06:00:00,1.6125
2022-11-23 07:00:00,1.6491666666666667
2022-11-23 08:00:00,1.6824999999999999
2022-11-23 09:00:00,1.6824999999999999
2022-11-23 10:00:00,1.6308333333333334
2022-11-23 11:00:00,1.6674999999999998
2022-11-23 12:00:00,1.6833333333333333
2022-11-23 13:00:00,1.6916666666666667
2022-11-23 14:00:00,1.6925
2022-11-23 15:00:00,1.745
2022-11-23 16:00:00,1.7483333333333333
2022-11-23 17:00:00,1.7816666666666665
2022-11-23 18:00:00,1.8841666666666665
2022-11-23 19:00:00,1.9816666666666667
2022-11-23 20:00:00,1.9266666666666667
2022-11-23 21:00:00,2.0308333333333333
2022-11-23 22:00:00,1.9766666666666666
2022-11-23 23:00:00,1.9416666666666664
2022-11-24 00:00:00,1.7458333333333333
2022-11-24 01:00:00,1.5958333333333332
2022-11-24 02:00:00,1.5266666666666666
2022-11-24 03:00:00,1.57
2022-11-24 04:00:00,1.5683333333333334
2022-11-24 05:00:00,1.615
2022-11-24 06:00:00,1.6741666666666666
2022-11-24 07:00:00,1.7183333333333335
2022-11-24 08:00:00,1.8308333333333333
2022-11-24 09:00:00,1.8008333333333333
2022-11-24 10:00:00,1.8541666666666667
2022-11-24 11:00:00,1.7616666666666667
2022-11-24 12:00:00,1.705
2022-11-24 13:00:00,1.795
2022-11-24 14:00:00,1.9133333333333333
2022-11-24 15:00:00,1.9825
2022-11-24 16:00:00,1.9925
2022-11-24 17:00:00,2.1266666666666665
2022-11-24 18:00:00,2.23
2022-11-24 19:00:00,2.1991666666666667
2022-11-24 20:00:00,2.2075
2022-11-24 21:00:00,2.061666666666667
2022-11-24 22:00:00,1.8666666666666665
2022-11-24 23:00:00,1.8158333333333332
2022-11-25 00:00:00,1.825
2022-11-25 01:00:00,1.8791666666666667
2022-11-25 02:00:00,1.9308333333333334
2022-11-25 03:00:00,1.95
2022-11-25 04:00:00,1.9425000000000001
2022-11-25 05:00:00,2.0166666666666666
2022-11-25 06:00:00,2.0533333333333332
2022-11-25 07:00:00,2.158333333333333
2022-11-25 08:00:00,2.0516666666666663
2022-11-25 09:00:00,1.8858333333333333
2022-11-25 10:00:00,1.845
2022-11-25 11:00:00,1.4649999999999999
2022-11-25 12:00:00,1.37
2022-11-25 13:00:00,1.4283333333333335
2022-11-25 14:00:00,1.4666666666666668
2022-11-25 15:00:00,1.4474999999999998
2022-11-25 16:00:00,1.6133333333333333
2022-11-25 17:00:00,1.4908333333333335
2022-11-25 18:00:00,1.4949999999999999
2022-11-25 19:00:00,1.4883333333333333
2022-11-25 20:00:00,1.4783333333333335
2022-11-25 21:00:00,1.4441666666666666
2022-11-25 22:00:00,1.43
2022-11-25 23:00:00,1.5191666666666668
2022-11-26 00:00:00,1.5716666666666665
2022-11-26 01:00:00,1.6708333333333334
2022-11-26 02:00:00,1.755
2022-11-26 03:00:00,1.7983333333333331
2022-11-26 04:00:00,1.8324999999999998
2022-11-26 05:00:00,1.7975
2022-11-26 06:00:00,1.8141666666666667
2022-11-26 07:00:00,1.8191666666666666
2022-11-26 08:00:00,1.4216666666666666
2022-11-26 09:00:00,0.8091666666666666
2022-11-26 10:00:00,0.8175
2022-11-26 11:00:00,0.8424999999999999
2022-11-26 12:00:00,0.9
2022-11-26 13:00:00,0.9791666666666666
2022-11-26 14:00:00,0.9433333333333334
2022-11-26 15:00:00,0.9933333333333333
2022-11-26 16:00:00,1.0275
2022-11-26 17:00:00,1.1008333333333333
2022-11-26 18:00:00,1.0866666666666667
2022-11-26 19:00:00,1.0675
2022-11-26 20:00:00,1.105
2022-11-26 21:00:00,1.1841666666666666
2022-11-26 22:00:00,1.2241666666666668
2022-11-26 23:00:00,1.3308333333333333
2022-11-27 00:00:00,1.3633333333333333
2022-11-27 01:00:00,1.325
2022-11-27 02:00:00,1.3316666666666668
2022-11-27 03:00:00,1.343333333333333
2022-11-27 04:00:00,1.2608333333333333
2022-11-27 05:00:00,1.2316666666666667
2022-11-27 06:00:00,1.2783333333333333
2022-11-27 07:00:00,1.2458333333333333
2022-11-27 08:00:00,1.2566666666666666
2022-11-27 09:00:00,1.2883333333333333
2022-11-27 10:00:00,1.32
2022-11-27 11:00:00,1.2991666666666666
2022-11-27 12:00:00,1.2133333333333334
2022-11-27 13:00:00,1.2241666666666668
2022-11-27 14:00:00,1.3733333333333333
2022-11-27 15:00:00,1.4541666666666666
2022-11-27 16:00:00,1.4616666666666667
2022-11-27 17:00:00,1.3791666666666664
2022-11-27 18:00:00,1.3658333333333335
2022-11-27 19:00:00,1.3891666666666669
2022-11-27 20:00:00,1.3550000000000002
2022-11-27 21:00:00,1.344166666666667
2022-11-27 22:00:00,1.3133333333333332
2022-11-27 23:00:00,1.2641666666666667
2022-11-28 00:00:00,1.2883333333333333
2022-11-28 01:00:00,1.1866666666666668
2022-11-28 02:00:00,1.1841666666666668
2022-11-28 03:00:00,1.1541666666666668
2022-11-28 04:00:00,1.2333333333333334
2022-11-28 05:00:00,1.4208333333333334
2022-11-28 06:00:00,1.9266666666666667
2022-11-28 07:00:00,2.1341666666666668
2022-11-28 08:00:00,2.22
2022-11-28 09:00:00,2.138333333333333
2022-11-28 10:00:00,2.1625
2022-11-28 11:00:00,2.1933333333333334
2022-11-28 12:00:00,2.245833333333333
2022-11-28 13:00:00,1.86
2022-11-28 14:00:00,2.0066666666666664
2022-11-28 15:00:00,2.2791666666666663
2022-11-28 16:00:00,1.8508333333333333
2022-11-28 17:00:00,1.7408333333333335
2022-11-28 18:00:00,1.7158333333333335
2022-11-28 19:00:00,1.7591666666666665
2022-11-28 20:00:00,1.6849999999999998
2022-11-28 21:00:00,1.6849999999999998
2022-11-28 22:00:00,1.7683333333333333
2022-11-28 23:00:00,1.7983333333333331
2022-11-29 00:00:00,1.6258333333333335
2022-11-29 01:00:00,1.5675
2022-11-29 02:00:00,1.5641666666666667
2022-11-29 03:00:00,1.6125
2022-11-29 04:00:00,1.5866666666666667
2022-11-29 05:00:00,1.5608333333333333
2022-11-29 06:00:00,1.45
2022-11-29 07:00:00,1.3975
2022-11-29 08:00:00,1.2941666666666667
2022-11-29 09:00:00,19.125833333333336
2022-11-29 10:00:00,20.724166666666665
2022-11-29 11:00:00,11.911666666666667
2022-11-29 12:00:00,6.4575
2022-11-29 13:00:00,6.547499999999999
2022-11-29 14:00:00,13.299166666666665
2022-11-29 15:00:00,1.555
2022-11-29 16:00:00,1.5725
2022-11-29 17:00:00,1.5391666666666666
2022-11-29 18:00:00,1.3841666666666665
2022-11-29 19:00:00,1.46
2022-11-29 20:00:00,1.5383333333333333
2022-11-29 21:00:00,1.6475
2022-11-29 22:00:00,1.6458333333333333
2022-11-29 23:00:00,1.7033333333333334
2022-11-30 00:00:00,1.62
2022-11-30 01:00:00,1.5366666666666668
2022-11-30 02:00:00,1.5350000000000001
2022-11-30 03:00:00,1.4066666666666665
2022-11-30 04:00:00,1.2775
2022-11-30 05:00:00,1.2783333333333333
2022-11-30 06:00:00,1.2675
2022-11-30 07:00:00,1.2791666666666666
2022-11-30 08:00:00,9.715
2022-11-30 09:00:00,22.686666666666667
2022-11-30 10:00:00,3.3699999999999997
2022-11-30 11:00:00,3.385
2022-11-30 12:00:00,3.2991666666666664
2022-11-30 13:00:00,3.358333333333333
2022-11-30 14:00:00,3.3658333333333332
2022-11-30 15:00:00,3.275
2022-11-30 16:00:00,7.126666666666666
2022-11-30 17:00:00,4.687500000000001
2022-11-30 18:00:00,1.8091666666666668
2022-11-30 19:00:00,1.8375000000000001
2022-11-30 20:00:00,1.8708333333333333
2022-11-30 21:00:00,1.8866666666666667
2022-11-30 22:00:00,2.0083333333333333
2022-11-30 23:00:00,1.9716666666666667
2022-12-01 00:00:00,1.8433333333333335
2022-12-01 01:00:00,1.7858333333333334
2022-12-01 02:00:00,1.545
2022-12-01 03:00:00,1.4533333333333334
2022-12-01 04:00:00,1.4725000000000001
2022-12-01 05:00:00,1.5
2022-12-01 06:00:00,1.5266666666666666
2022-12-01 07:00:00,1.4974999999999998
2022-12-01 08:00:00,102.25
2022-12-01 09:00:00,59.41583333333333
2022-12-01 10:00:00,27.839166666666667
2022-12-01 11:00:00,10.495
2022-12-01 12:00:00,6.969166666666667
2022-12-01 13:00:00,6.95
2022-12-01 14:00:00,6.846666666666667
2022-12-01 15:00:00,6.769166666666667
2022-12-01 16:00:00,6.608333333333333
2022-12-01 17:00:00,3.9266666666666663
2022-12-01 18:00:00,1.405
2022-12-01 19:00:00,1.3891666666666669
2022-12-01 20:00:00,1.16
2022-12-01 21:00:00,1.3633333333333333
2022-12-01 22:00:00,1.5358333333333334
2022-12-01 23:00:00,1.6500000000000001
2022-12-02 00:00:00,1.6150000000000002
2022-12-02 01:00:00,1.6475
2022-12-02 02:00:00,1.6616666666666664
2022-12-02 03:00:00,1.6541666666666668
2022-12-02 04:00:00,1.718333333333333
2022-12-02 05:00:00,1.7183333333333335
2022-12-02 06:00:00,1.7141666666666666
2022-12-02 07:00:00,1.7241666666666664
2022-12-02 08:00:00,63.330000000000005
2022-12-02 09:00:00,32.62916666666666
2022-12-02 10:00:00,9.396666666666667
2022-12-02 11:00:00,6.369166666666666
2022-12-02 12:00:00,7.055833333333333
2022-12-02 13:00:00,7.685833333333334
2022-12-02 14:00:00,9.043333333333335
2022-12-02 15:00:00,16.850833333333334
2022-12-02 16:00:00,0.8816666666666667
2022-12-02 17:00:00,0.9183333333333333
2022-12-02 18:00:00,0.9008333333333334
2022-12-02 19:00:00,0.9783333333333334
2022-12-02 20:00:00,0.9516666666666667
2022-12-02 21:00:00,0.9341666666666667
2022-12-02 22:00:00,1.0158333333333334
2022-12-02 23:00:00,1.21
2022-12-03 00:00:00,1.4075
2022-12-03 01:00:00,1.4933333333333334
2022-12-03 02:00:00,1.4325
2022-12-03 03:00:00,1.3983333333333334
2022-12-03 04:00:00,1.4158333333333335
2022-12-03 05:00:00,1.4391666666666667
2022-12-03 06:00:00,1.4000000000000001
2022-12-03 07:00:00,1.4041666666666668
2022-12-03 08:00:00,28.9425
2022-12-03 09:00:00,27.813333333333333
2022-12-03 10:00:00,16.6075
2022-12-03 11:00:00,6.7275
2022-12-03 12:00:00,7.0125
2022-12-03 13:00:00,6.655833333333334
2022-12-03 14:00:00,6.774166666666666
2022-12-03 15:00:00,6.982500000000001
2022-12-03 16:00:00,9.266666666666666
2022-12-03 17:00:00,22.7075
2022-12-03 18:00:00,1.6133333333333333
2022-12-03 19:00:00,1.4966666666666668
2022-12-03 20:00:00,1.4858333333333331
2022-12-03 21:00:00,1.4024999999999999
2022-12-03 22:00:00,1.3549999999999998
2022-12-03 23:00:00,1.4616666666666667
2022-12-04 00:00:00,1.5858333333333334
2022-12-04 01:00:00,1.6783333333333335
2022-12-04 02:00:00,1.6983333333333333
2022-12-04 03:00:00,1.6849999999999998
2022-12-04 04:00:00,1.6933333333333334
2022-12-04 05:00:00,1.6908333333333332
2022-12-04 06:00:00,1.6125
2022-12-04 07:00:00,1.5108333333333333
2022-12-04 08:00:00,80.74916666666668
2022-12-04 09:00:00,94.95416666666667
2022-12-04 10:00:00,22.830833333333334
2022-12-04 11:00:00,46.82916666666667
2022-12-04 12:00:00,42.43749999999999
2022-12-04 13:00:00,6.734166666666667
2022-12-04 14:00:00,6.773333333333333
2022-12-04 15:00:00,6.664166666666667
2022-12-04 16:00:00,14.39
2022-12-04 17:00:00,1.765
2022-12-04 18:00:00,1.7783333333333333
2022-12-04 19:00:00,1.8499999999999999
2022-12-04 20:00:00,1.8941666666666668
2022-12-04 21:00:00,1.6674999999999998
2022-12-04 22:00:00,1.5566666666666666
2022-12-04 23:00:00,1.6325
2022-12-05 00:00:00,1.6733333333333331
2022-12-05 01:00:00,1.7458333333333333
2022-12-05 02:00:00,1.7300000000000002
2022-12-05 03:00:00,1.7366666666666666
2022-12-05 04:00:00,1.695
2022-12-05 05:00:00,1.705
2022-12-05 06:00:00,1.9525
2022-12-05 07:00:00,2.200833333333333
2022-12-05 08:00:00,66.95666666666666
2022-12-05 09:00:00,44.4725
2022-12-05 10:00:00,50.100833333333334
2022-12-05 11:00:00,107.71499999999999
2022-12-05 12:00:00,100.68083333333333
2022-12-05 13:00:00,34.70333333333333
2022-12-05 14:00:00,27.68166666666667
2022-12-05 15:00:00,7.177499999999999
2022-12-05 16:00:00,22.593333333333334
2022-12-05 17:00:00,40.9775
2022-12-05 18:00:00,1.9475
2022-12-05 19:00:00,1.7874999999999999
2022-12-05 20:00:00,1.8166666666666667
2022-12-05 21:00:00,1.7916666666666667
2022-12-05 22:00:00,1.7783333333333333
2022-12-05 23:00:00,1.705
2022-12-06 00:00:00,1.6533333333333333
2022-12-06 01:00:00,1.5999999999999999
2022-12-06 02:00:00,1.5966666666666667
2022-12-06 03:00:00,1.5758333333333334
2022-12-06 04:00:00,1.585
2022-12-06 05:00:00,1.595
2022-12-06 06:00:00,1.5458333333333334
2022-12-06 07:00:00,22.281666666666666
2022-12-06 08:00:00,83.68416666666667
2022-12-06 09:00:00,57.065
2022-12-06 10:00:00,7.024166666666667
2022-12-06 11:00:00,7.6000000000000005
2022-12-06 12:00:00,2.0433333333333334
2022-12-06 13:00:00,2.1591666666666667
2022-12-06 14:00:00,2.0316666666666667
2022-12-06 15:00:00,1.8591666666666666
2022-12-06 16:00:00,1.7625
2022-12-06 17:00:00,1.7758333333333332
2022-12-06 18:00:00,1.8758333333333332
2022-12-06 19:00:00,1.9900000000000002
2022-12-06 20:00:00,1.95
2022-12-06 21:00:00,2.04
2022-12-06 22:00:00,1.9791666666666667
2022-12-06 23:00:00,1.89
2022-12-07 00:00:00,1.8724999999999998
2022-12-07 01:00:00,1.8008333333333333
2022-12-07 02:00:00,1.7599999999999998
2022-12-07 03:00:00,1.745
2022-12-07 04:00:00,1.75
2022-12-07 05:00:00,1.7358333333333331
2022-12-07 06:00:00,1.6716666666666669
2022-12-07 07:00:00,28.695833333333336
2022-12-07 08:00:00,86.96583333333335
2022-12-07 09:00:00,96.59916666666668
2022-12-07 10:00:00,3.0816666666666666
2022-12-07 11:00:00,3.0716666666666668
2022-12-07 12:00:00,3.0566666666666666
2022-12-07 13:00:00,2.3425
2022-12-07 14:00:00,2.36
2022-12-07 15:00:00,3.2075
2022-12-07 16:00:00,22.59166666666667
2022-12-07 17:00:00,9.903333333333334
2022-12-07 18:00:00,1.7541666666666667
2022-12-07 19:00:00,1.905
2022-12-07 20:00:00,1.9066666666666665
2022-12-07 21:00:00,1.95
2022-12-07 22:00:00,1.9625000000000001
2022-12-07 23:00:00,1.985
2022-12-08 00:00:00,1.9675
2022-12-08 01:00:00,1.9525
2022-12-08 02:00:00,1.95
2022-12-08 03:00:00,1.95
2022-12-08 04:00:00,1.9033333333333333
2022-12-08 05:00:00,1.8658333333333335
2022-12-08 06:00:00,1.8325000000000002
2022-12-08 07:00:00,1.8133333333333335
2022-12-08 08:00:00,1.8158333333333332
2022-12-08 09:00:00,1.8441666666666665
2022-12-08 10:00:00,1.8841666666666665
2022-12-08 11:00:00,1.8508333333333333
2022-12-08 12:00:00,1.780833333333333
2022-12-08 13:00:00,1.7975
2022-12-08 14:00:00,1.7874999999999999
2022-12-08 15:00:00,1.7283333333333333
2022-12-08 16:00:00,1.7516666666666667
2022-12-08 17:00:00,1.78
2022-12-08 18:00:00,1.8641666666666667
2022-12-08 19:00:00,1.9558333333333333
2022-12-08 20:00:00,1.8741666666666668
2022-12-08 21:00:00,1.9733333333333334
2022-12-08 22:00:00,2.0141666666666667
2022-12-08 23:00:00,1.8116666666666668
2022-12-09 00:00:00,1.5416666666666667
2022-12-09 01:00:00,1.5225
2022-12-09 02:00:00,1.4799999999999998
2022-12-09 03:00:00,1.469166666666667
2022-12-09 04:00:00,1.4574999999999998
2022-12-09 05:00:00,1.415
2022-12-09 06:00:00,1.4116666666666668
2022-12-09 07:00:00,1.4033333333333333
2022-12-09 08:00:00,1.4308333333333334
2022-12-09 09:00:00,1.4275000000000002
2022-12-09 10:00:00,1.4725000000000001
2022-12-09 11:00:00,1.5083333333333335
2022-12-09 12:00:00,1.3499999999999999
2022-12-09 13:00:00,1.1725
2022-12-09 14:00:00,1.2166666666666666
2022-12-09 15:00:00,1.2899999999999998
2022-12-09 16:00:00,1.1508333333333334
2022-12-09 17:00:00,1.14
2022-12-09 18:00:00,1.1558333333333335
2022-12-09 19:00:00,1.1658333333333333
2022-12-09 20:00:00,1.1991666666666667
2022-12-09 21:00:00,1.305
2022-12-09 22:00:00,1.5891666666666666
2022-12-09 23:00:00,1.6791666666666665
2022-12-10 00:00:00,1.5533333333333335
2022-12-10 01:00:00,1.3858333333333333
2022-12-10 02:00:00,1.3433333333333335
2022-12-10 03:00:00,1.3583333333333334
2022-12-10 04:00:00,1.45
2022-12-10 05:00:00,1.4625000000000001
2022-12-10 06:00:00,1.5374999999999999
2022-12-10 07:00:00,3.3508333333333336
2022-12-10 08:00:00,13.560833333333335
2022-12-10 09:00:00,8.474166666666667
2022-12-10 10:00:00,4.741666666666666
2022-12-10 11:00:00,12.8375
2022-12-10 12:00:00,1.8933333333333333
2022-12-10 13:00:00,1.6975
2022-12-10 14:00:00,1.7158333333333333
2022-12-10 15:00:00,1.7591666666666665
2022-12-10 16:00:00,1.7266666666666666
2022-12-10 17:00:00,1.6858333333333333
2022-12-10 18:00:00,1.74
2022-12-10 19:00:00,1.6725
2022-12-10 20:00:00,1.5141666666666669
2022-12-10 21:00:00,1.5891666666666666
2022-12-10 22:00:00,1.5658333333333332
2022-12-10 23:00:00,1.38
2022-12-11 00:00:00,1.1500000000000001
2022-12-11 01:00:00,1.0283333333333333
2022-12-11 02:00:00,0.7541666666666668
2022-12-11 03:00:00,0.5366666666666666
2022-12-11 04:00:00,0.49499999999999994
2022-12-11 05:00:00,0.5025
2022-12-11 06:00:00,0.48333333333333334
2022-12-11 07:00:00,0.4791666666666667
2022-12-11 08:00:00,0.47833333333333333
2022-12-11 09:00:00,0.5041666666666667
2022-12-11 10:00:00,1.1666666666666665
2022-12-11 11:00:00,9.719166666666666
2022-12-11 12:00:00,5.345833333333334
2022-12-11 13:00:00,3.246666666666666
2022-12-11 14:00:00,0.53
2022-12-11 15:00:00,0.7283333333333334
2022-12-11 16:00:00,1.105
2022-12-11 17:00:00,1.1441666666666668
2022-12-11 18:00:00,1.1741666666666666
2022-12-11 19:00:00,1.2274999999999998
2022-12-11 20:00:00,1.2633333333333334
2022-12-11 21:00:00,1.2583333333333333
2022-12-11 22:00:00,1.2725
2022-12-11 23:00:00,1.2916666666666667
2022-12-12 00:00:00,1.3016666666666667
2022-12-12 01:00:00,1.3
2022-12-12 02:00:00,1.2808333333333335
2022-12-12 03:00:00,1.2833333333333334
2022-12-12 04:00:00,1.2808333333333335
2022-12-12 05:00:00,1.2
2022-12-12 06:00:00,1.1333333333333333
2022-12-12 07:00:00,1.165
2022-12-12 08:00:00,1.1191666666666666
2022-12-12 09:00:00,1.2208333333333334
2022-12-12 10:00:00,1.2691666666666668
2022-12-12 11:00:00,1.2575
2022-12-12 12:00:00,1.29
2022-12-12 13:00:00,1.4416666666666667
2022-12-12 14:00:00,1.405
2022-12-12 15:00:00,1.4116666666666668
2022-12-12 16:00:00,1.4658333333333333
2022-12-12 17:00:00,1.5716666666666665
2022-12-12 18:00:00,1.625
2022-12-12 19:00:00,1.6341666666666665
2022-12-12 20:00:00,1.5166666666666666
2022-12-12 21:00:00,1.5274999999999999
2022-12-12 22:00:00,1.6608333333333334
2022-12-12 23:00:00,1.6408333333333334
2022-12-13 00:00:00,1.5091666666666665
2022-12-13 01:00:00,1.5058333333333334
2022-12-13 02:00:00,1.5158333333333334
2022-12-13 03:00:00,1.4633333333333332
2022-12-13 04:00:00,1.5241666666666667
2022-12-13 05:00:00,1.6325
2022-12-13 06:00:00,1.8416666666666668
2022-12-13 07:00:00,1.87
2022-12-13 08:00:00,1.8458333333333332
2022-12-13 09:00:00,1.7783333333333333
2022-12-13 10:00:00,1.9741666666666668
2022-12-13 11:00:00,1.9675
2022-12-13 12:00:00,2.06
2022-12-13 13:00:00,1.9333333333333333
2022-12-13 14:00:00,2.0766666666666667
2022-12-13 15:00:00,2.2891666666666666
2022-12-13 16:00:00,2.3841666666666668
2022-12-13 17:00:00,2.2783333333333333
2022-12-13 18:00:00,2.2825
2022-12-13 19:00:00,2.1283333333333334
2022-12-13 20:00:00,2.080833333333333
2022-12-13 21:00:00,2.046666666666667
2022-12-13 22:00:00,2.0541666666666667
2022-12-13 23:00:00,1.9958333333333333
2022-12-14 00:00:00,1.9425
2022-12-14 01:00:00,1.89
2022-12-14 02:00:00,1.8116666666666665
2022-12-14 03:00:00,1.7850000000000001
2022-12-14 04:00:00,1.6783333333333335
2022-12-14 05:00:00,1.6825
2022-12-14 06:00:00,1.6833333333333333
2022-12-14 07:00:00,1.7133333333333332
2022-12-14 08:00:00,1.7991666666666666
2022-12-14 09:00:00,2.0833333333333335
2022-12-14 10:00:00,2.2825
2022-12-14 11:00:00,2.330833333333333
2022-12-14 12:00:00,2.3425
2022-12-14 13:00:00,2.4058333333333333
2022-12-14 14:00:00,2.3725
2022-12-14 15:00:00,2.4858333333333333
2022-12-14 16:00:00,2.5275
2022-12-14 17:00:00,2.654166666666667
2022-12-14 18:00:00,2.705833333333333
2022-12-14 19:00:00,2.5691666666666664
2022-12-14 20:00:00,2.4916666666666667
2022-12-14 21:00:00,2.5433333333333334
2022-12-14 22:00:00,2.6575
2022-12-14 23:00:00,2.655
2022-12-15 00:00:00,2.72
2022-12-15 01:00:00,2.6799999999999997
2022-12-15 02:00:00,2.3775
2022-12-15 03:00:00,2.1091666666666664
2022-12-15 04:00:00,1.9208333333333334
2022-12-15 05:00:00,1.8875
2022-12-15 06:00:00,1.885
2022-12-15 07:00:00,1.8724999999999998
2022-12-15 08:00:00,1.9875
2022-12-15 09:00:00,2.205833333333333
2022-12-15 10:00:00,3.295
2022-12-15 11:00:00,2.2216666666666667
2022-12-15 12:00:00,2.091666666666667
2022-12-15 13:00:00,2.3866666666666667
2022-12-15 14:00:00,2.424166666666667
2022-12-15 15:00:00,2.9433333333333334
2022-12-15 16:00:00,3.2566666666666664
2022-12-15 17:00:00,3.1533333333333338
2022-12-15 18:00:00,3.2991666666666664
2022-12-15 19:00:00,2.9675
2022-12-15 20:00:00,2.8733333333333335
2022-12-15 21:00:00,2.910833333333333
2022-12-15 22:00:00,2.939166666666667
2022-12-15 23:00:00,2.8049999999999997
2022-12-16 00:00:00,2.6841666666666666
2022-12-16 01:00:00,2.563333333333333
2022-12-16 02:00:00,2.4775
2022-12-16 03:00:00,2.5916666666666663
2022-12-16 04:00:00,2.6733333333333333
2022-12-16 05:00:00,2.658333333333333
2022-12-16 06:00:00,2.8608333333333333
2022-12-16 07:00:00,3.0566666666666666
2022-12-16 08:00:00,3.3349999999999995
2022-12-16 09:00:00,3.4633333333333334
2022-12-16 10:00:00,3.5050000000000003
2022-12-16 11:00:00,3.5341666666666662
2022-12-16 12:00:00,3.6291666666666664
2022-12-16 13:00:00,3.736666666666667
2022-12-16 14:00:00,3.7258333333333336
2022-12-16 15:00:00,3.9483333333333337
2022-12-16 16:00:00,3.8841666666666668
2022-12-16 17:00:00,3.8691666666666666
2022-12-16 18:00:00,3.9983333333333335
2022-12-16 19:00:00,3.5275
2022-12-16 20:00:00,3.0491666666666664
2022-12-16 21:00:00,2.8625000000000003
2022-12-16 22:00:00,2.6816666666666666
2022-12-16 23:00:00,2.7424999999999997
2022-12-17 00:00:00,3.06
2022-12-17 01:00:00,3.186666666666667
2022-12-17 02:00:00,3.295
2022-12-17 03:00:00,3.17
2022-12-17 04:00:00,3.1591666666666662
2022-12-17 05:00:00,3.1058333333333334
2022-12-17 06:00:00,3.0883333333333334
2022-12-17 07:00:00,3.0241666666666664
2022-12-17 08:00:00,2.9716666666666662
2022-12-17 09:00:00,3.1875
2022-12-17 10:00:00,3.2441666666666666
2022-12-17 11:00:00,3.141666666666667
2022-12-17 12:00:00,2.981666666666667
2022-12-17 13:00:00,2.8225
2022-12-17 14:00:00,2.885833333333333
2022-12-17 15:00:00,3.2266666666666666
2022-12-17 16:00:00,3.4725
2022-12-17 17:00:00,3.5191666666666666
2022-12-17 18:00:00,3.61
2022-12-17 19:00:00,3.5700000000000003
2022-12-17 20:00:00,3.4924999999999997
2022-12-17 21:00:00,3.6841666666666666
2022-12-17 22:00:00,3.8516666666666666
2022-12-17 23:00:00,4.093333333333334
2022-12-18 00:00:00,3.956666666666667
2022-12-18 01:00:00,2.8991666666666664
2022-12-18 02:00:00,2.4716666666666667
2022-12-18 03:00:00,2.5216666666666665
2022-12-18 04:00:00,2.6341666666666668
2022-12-18 05:00:00,2.7175
2022-12-18 06:00:00,2.72
2022-12-18 07:00:00,2.4741666666666666
2022-12-18 08:00:00,2.3649999999999998
2022-12-18 09:00:00,2.3333333333333335
2022-12-18 10:00:00,2.2516666666666665
2022-12-18 11:00:00,2.1216666666666666
2022-12-18 12:00:00,2.2183333333333333
2022-12-18 13:00:00,2.1491666666666664
2022-12-18 14:00:00,2.14
2022-12-18 15:00:00,2.2391666666666667
2022-12-18 16:00:00,2.236666666666667
2022-12-18 17:00:00,2.125
2022-12-18 18:00:00,2.151666666666667
2022-12-18 19:00:00,2.1941666666666664
2022-12-18 20:00:00,2.2158333333333333
2022-12-18 21:00:00,2.2566666666666664
2022-12-18 22:00:00,2.395
2022-12-18 23:00:00,2.7325
2022-12-19 00:00:00,3.1675
2022-12-19 01:00:00,3.4758333333333336
2022-12-19 02:00:00,3.5041666666666664
2022-12-19 03:00:00,3.466666666666667
2022-12-19 04:00:00,3.1641666666666666
2022-12-19 05:00:00,3.0141666666666667
2022-12-19 06:00:00,2.785
2022-12-19 07:00:00,2.611666666666667
2022-12-19 08:00:00,2.4591666666666665
2022-12-19 09:00:00,2.4625
2022-12-19 10:00:00,2.5375
2022-12-19 11:00:00,2.6350000000000002
2022-12-19 12:00:00,2.6999999999999997
2022-12-19 13:00:00,2.6999999999999997
2022-12-19 14:00:00,2.6966666666666668
2022-12-19 15:00:00,2.765
2022-12-19 16:00:00,2.7841666666666662
2022-12-19 17:00:00,2.894166666666667
2022-12-19 18:00:00,2.8158333333333334
2022-12-19 19:00:00,2.94
2022-12-19 20:00:00,3.089166666666667
2022-12-19 21:00:00,3.1675
2022-12-19 22:00:00,3.3083333333333336
2022-12-19 23:00:00,3.3783333333333334
2022-12-20 00:00:00,3.345833333333333
2022-12-20 01:00:00,3.3333333333333335
2022-12-20 02:00:00,3.2624999999999997
2022-12-20 03:00:00,3.1641666666666666
2022-12-20 04:00:00,3.170833333333333
2022-12-20 05:00:00,3.1833333333333336
2022-12-20 06:00:00,3.25
2022-12-20 07:00:00,3.341666666666667
2022-12-20 08:00:00,3.285
2022-12-20 09:00:00,3.144166666666667
2022-12-20 10:00:00,2.7375000000000003
2022-12-20 11:00:00,2.356666666666667
2022-12-20 12:00:00,2.0991666666666666
2022-12-20 13:00:00,2.118333333333333
2022-12-20 14:00:00,2.0475
2022-12-20 15:00:00,2.0458333333333334
2022-12-20 16:00:00,2.0566666666666666
2022-12-20 17:00:00,2.0500000000000003
2022-12-20 18:00:00,1.9866666666666666
2022-12-20 19:00:00,1.9641666666666666
2022-12-20 20:00:00,1.9225
2022-12-20 21:00:00,1.9266666666666667
2022-12-20 22:00:00,2.0341666666666667
2022-12-20 23:00:00,2.165833333333333
2022-12-21 00:00:00,2.1783333333333332
2022-12-21 01:00:00,2.169166666666667
2022-12-21 02:00:00,2.0574999999999997
2022-12-21 03:00:00,2.035833333333333
2022-12-21 04:00:00,2.0475
2022-12-21 05:00:00,2.106666666666667
2022-12-21 06:00:00,2.1374999999999997
2022-12-21 07:00:00,2.2275
2022-12-21 08:00:00,2.365
2022-12-21 09:00:00,2.3275
2022-12-21 10:00:00,2.3191666666666664
2022-12-21 11:00:00,2.2600000000000002
2022-12-21 12:00:00,2.295
2022-12-21 13:00:00,2.316666666666667
2022-12-21 14:00:00,2.3383333333333334
2022-12-21 15:00:00,2.2733333333333334
2022-12-21 16:00:00,2.205
2022-12-21 17:00:00,2.283333333333333
2022-12-21 18:00:00,2.3783333333333334
2022-12-21 19:00:00,2.5283333333333333
2022-12-21 20:00:00,2.671666666666667
2022-12-21 21:00:00,2.8249999999999997
2022-12-21 22:00:00,2.739166666666667
2022-12-21 23:00:00,2.6625
2022-12-22 00:00:00,2.545
2022-12-22 01:00:00,2.435
2022-12-22 02:00:00,2.3216666666666668
2022-12-22 03:00:00,2.4058333333333333
2022-12-22 04:00:00,2.4466666666666668
2022-12-22 05:00:00,2.5524999999999998
2022-12-22 06:00:00,2.5008333333333335
2022-12-22 07:00:00,2.408333333333333
2022-12-22 08:00:00,2.4533333333333336
2022-12-22 09:00:00,2.4625
2022-12-22 10:00:00,2.5008333333333335
2022-12-22 11:00:00,2.495
2022-12-22 12:00:00,2.459166666666667
2022-12-22 13:00:00,2.4600000000000004
2022-12-22 14:00:00,2.4583333333333335
2022-12-22 15:00:00,2.3783333333333334
2022-12-22 16:00:00,2.316666666666667
2022-12-22 17:00:00,2.3249999999999997
2022-12-22 18:00:00,2.381666666666667
2022-12-22 19:00:00,2.5141666666666667
2022-12-22 20:00:00,2.4958333333333336
2022-12-22 21:00:00,2.5225
2022-12-22 22:00:00,2.4274999999999998
2022-12-22 23:00:00,2.3925
2022-12-23 00:00:00,2.3516666666666666
2022-12-23 01:00:00,2.3033333333333332
2022-12-23 02:00:00,2.2608333333333333
2022-12-23 03:00:00,2.2333333333333334
2022-12-23 04:00:00,2.2508333333333335
2022-12-23 05:00:00,2.3074999999999997
2022-12-23 06:00:00,2.3225000000000002
2022-12-23 07:00:00,2.3825
2022-12-23 08:00:00,2.3741666666666665
2022-12-23 09:00:00,2.32
2022-12-23 10:00:00,2.2516666666666665
2022-12-23 11:00:00,2.2241666666666666
2022-12-23 12:00:00,2.216666666666667
2022-12-23 13:00:00,2.2025
2022-12-23 14:00:00,2.2075
2022-12-23 15:00:00,2.1083333333333334
2022-12-23 16:00:00,2.069166666666667
2022-12-23 17:00:00,2.1341666666666668
2022-12-23 18:00:00,2.1633333333333336
2022-12-23 19:00:00,2.195
2022-12-23 20:00:00,2.21
2022-12-23 21:00:00,2.2033333333333336
2022-12-23 22:00:00,2.188333333333333
2022-12-23 23:00:00,2.28
2022-12-24 00:00:00,2.329166666666667
2022-12-24 01:00:00,2.3675
2022-12-24 02:00:00,2.4058333333333333
2022-12-24 03:00:00,2.4558333333333335
2022-12-24 04:00:00,2.4250000000000003
2022-12-24 05:00:00,2.4575
2022-12-24 06:00:00,2.450833333333333
2022-12-24 07:00:00,2.4391666666666665
2022-12-24 08:00:00,2.5366666666666666
2022-12-24 09:00:00,2.4941666666666666
2022-12-24 10:00:00,2.3425
2022-12-24 11:00:00,2.035833333333333
2022-12-24 12:00:00,2.0850000000000004
2022-12-24 13:00:00,2.1008333333333336
2022-12-24 14:00:00,2.1425
2022-12-24 15:00:00,2.1958333333333333
2022-12-24 16:00:00,2.2016666666666667
2022-12-24 17:00:00,2.18
2022-12-24 18:00:00,2.066666666666667
2022-12-24 19:00:00,1.8975
2022-12-24 20:00:00,1.7741666666666667
2022-12-24 21:00:00,1.6666666666666667
2022-12-24 22:00:00,1.6875
2022-12-24 23:00:00,1.9433333333333334
2022-12-25 00:00:00,1.9858333333333331
2022-12-25 01:00:00,1.5916666666666668
2022-12-25 02:00:00,1.3758333333333332
2022-12-25 03:00:00,1.3483333333333334
2022-12-25 04:00:00,1.4083333333333332
2022-12-25 05:00:00,1.3533333333333335
2022-12-25 06:00:00,1.4158333333333335
2022-12-25 07:00:00,1.4749999999999999
2022-12-25 08:00:00,1.5925
2022-12-25 09:00:00,1.575
2022-12-25 10:00:00,8.730833333333333
2022-12-25 11:00:00,1.6691666666666667
2022-12-25 12:00:00,1.8183333333333334
2022-12-25 13:00:00,2.169166666666667
2022-12-25 14:00:00,2.5475
2022-12-25 15:00:00,3.4316666666666666
2022-12-25 16:00:00,4.1075
2022-12-25 17:00:00,4.3525
2022-12-25 18:00:00,4.406666666666667
2022-12-25 19:00:00,3.796666666666667
2022-12-25 20:00:00,3.2866666666666666
2022-12-25 21:00:00,3.266666666666667
2022-12-25 22:00:00,3.3433333333333337
2022-12-25 23:00:00,3.4341666666666666
2022-12-26 00:00:00,3.4949999999999997
2022-12-26 01:00:00,3.44
2022-12-26 02:00:00,3.6466666666666665
2022-12-26 03:00:00,4.060833333333333
2022-12-26 04:00:00,4.84
2022-12-26 05:00:00,4.623333333333334
2022-12-26 06:00:00,4.863333333333333
2022-12-26 07:00:00,5.076666666666667
2022-12-26 08:00:00,4.913333333333333
2022-12-26 09:00:00,4.869166666666667
2022-12-26 10:00:00,4.8341666666666665
2022-12-26 11:00:00,4.6825
2022-12-26 12:00:00,4.638333333333333
2022-12-26 13:00:00,4.610833333333333
2022-12-26 14:00:00,4.6875
2022-12-26 15:00:00,4.906666666666666
2022-12-26 16:00:00,3.704166666666666
2022-12-26 17:00:00,3.1950000000000003
2022-12-26 18:00:00,3.066666666666667
2022-12-26 19:00:00,2.669166666666667
2022-12-26 20:00:00,2.6233333333333335
2022-12-26 21:00:00,2.5475
2022-12-26 22:00:00,2.4883333333333333
2022-12-26 23:00:00,2.4791666666666665
2022-12-27 00:00:00,2.4991666666666665
2022-12-27 01:00:00,2.4633333333333334
2022-12-27 02:00:00,2.4133333333333336
2022-12-27 03:00:00,2.52
2022-12-27 04:00:00,2.5425
2022-12-27 05:00:00,2.4525
2022-12-27 06:00:00,2.3683333333333336
2022-12-27 07:00:00,2.275
2022-12-27 08:00:00,2.2908333333333335
2022-12-27 09:00:00,2.3175000000000003
2022-12-27 10:00:00,2.330833333333333
2022-12-27 11:00:00,2.5866666666666664
2022-12-27 12:00:00,2.6108333333333333
2022-12-27 13:00:00,2.77
2022-12-27 14:00:00,2.7899999999999996
2022-12-27 15:00:00,2.73
2022-12-27 16:00:00,2.545
2022-12-27 17:00:00,2.5475
2022-12-27 18:00:00,2.39
2022-12-27 19:00:00,2.3925
2022-12-27 20:00:00,2.4358333333333335
2022-12-27 21:00:00,2.5566666666666666
2022-12-27 22:00:00,2.7366666666666664
2022-12-27 23:00:00,2.861666666666667
2022-12-28 00:00:00,3.0308333333333337
2022-12-28 01:00:00,3.1950000000000003
2022-12-28 02:00:00,3.395
2022-12-28 03:00:00,3.660833333333333
2022-12-28 04:00:00,3.811666666666667
2022-12-28 05:00:00,3.795833333333333
2022-12-28 06:00:00,3.939166666666667
2022-12-28 07:00:00,3.9825
2022-12-28 08:00:00,4.0424999999999995
2022-12-28 09:00:00,4.3533333333333335
2022-12-28 10:00:00,4.3075
2022-12-28 11:00:00,3.6758333333333333
2022-12-28 12:00:00,3.5866666666666664
2022-12-28 13:00:00,3.6283333333333334
2022-12-28 14:00:00,3.9691666666666667
2022-12-28 15:00:00,4.1658333333333335
2022-12-28 16:00:00,4.1066666666666665
2022-12-28 17:00:00,4.284166666666667
2022-12-28 18:00:00,4.288333333333333
2022-12-28 19:00:00,4.25
2022-12-28 20:00:00,4.129166666666666
2022-12-28 21:00:00,4.324166666666667
2022-12-28 22:00:00,4.711666666666667
2022-12-28 23:00:00,5.006666666666667
2022-12-29 00:00:00,4.946666666666666
2022-12-29 01:00:00,4.29
2022-12-29 02:00:00,3.7891666666666666
2022-12-29 03:00:00,3.2100000000000004
2022-12-29 04:00:00,3.1141666666666663
2022-12-29 05:00:00,3.0341666666666662
2022-12-29 06:00:00,3.0675000000000003
2022-12-29 07:00:00,3.061666666666667
2022-12-29 08:00:00,3.123333333333333
2022-12-29 09:00:00,3.3516666666666666
2022-12-29 10:00:00,3.266666666666666
2022-12-29 11:00:00,3.1158333333333332
2022-12-29 12:00:00,2.9141666666666666
2022-12-29 13:00:00,2.9724999999999997
2022-12-29 14:00:00,3.141666666666666
2022-12-29 15:00:00,3.1525
2022-12-29 16:00:00,3.1275
2022-12-29 17:00:00,3.405
2022-12-29 18:00:00,3.3699999999999997
2022-12-29 19:00:00,3.3366666666666664
2022-12-29 20:00:00,3.3225
2022-12-29 21:00:00,3.4450000000000003
2022-12-29 22:00:00,3.5316666666666667
2022-12-29 23:00:00,3.545833333333333
2022-12-30 00:00:00,3.6483333333333334
2022-12-30 01:00:00,3.6225
2022-12-30 02:00:00,3.69
2022-12-30 03:00:00,3.475
2022-12-30 04:00:00,3.4608333333333334
2022-12-30 05:00:00,3.5366666666666666
2022-12-30 06:00:00,3.5141666666666667
2022-12-30 07:00:00,3.4975
2022-12-30 08:00:00,3.640833333333333
2022-12-30 09:00:00,3.464166666666667
2022-12-30 10:00:00,3.529166666666667
2022-12-30 11:00:00,3.4766666666666666
2022-12-30 12:00:00,3.6474999999999995
2022-12-30 13:00:00,3.475
2022-12-30 14:00:00,3.6208333333333336
2022-12-30 15:00:00,3.763333333333333
2022-12-30 16:00:00,3.6466666666666665
2022-12-30 17:00:00,4.071666666666666
2022-12-30 18:00:00,4.135833333333333
2022-12-30 19:00:00,3.9691666666666667
2022-12-30 20:00:00,3.9091666666666662
2022-12-30 21:00:00,3.9433333333333334
2022-12-30 22:00:00,4.020833333333333
2022-12-30 23:00:00,4.100833333333333
2022-12-31 00:00:00,3.8816666666666664
2022-12-31 01:00:00,3.8275
2022-12-31 02:00:00,4.185833333333333
2022-12-31 03:00:00,3.72
2022-12-31 04:00:00,3.584166666666667
2022-12-31 05:00:00,3.545
2022-12-31 06:00:00,3.4600000000000004
2022-12-31 07:00:00,3.6875
2022-12-31 08:00:00,4.189166666666667
2022-12-31 09:00:00,3.845
2022-12-31 10:00:00,3.6391666666666667
2022-12-31 11:00:00,3.5824999999999996
2022-12-31 12:00:00,3.5933333333333333
2022-12-31 13:00:00,3.6374999999999997
2022-12-31 14:00:00,3.6983333333333337
2022-12-31 15:00:00,3.1750000000000003
2022-12-31 16:00:00,3.1058333333333334
2022-12-31 17:00:00,2.975
2022-12-31 18:00:00,2.7549999999999994
2022-12-31 19:00:00,2.66
2022-12-31 20:00:00,2.6733333333333333
2022-12-31 21:00:00,2.7158333333333338
2022-12-31 22:00:00,2.8808333333333334
2022-12-31 23:00:00,2.8925
