측정일시,값
2023-01-01 00:00:00,3.5016666666666665
2023-01-01 01:00:00,3.4324999999999997
2023-01-01 02:00:00,3.4008333333333334
2023-01-01 03:00:00,3.545833333333333
2023-01-01 04:00:00,3.4308333333333336
2023-01-01 05:00:00,3.481666666666667
2023-01-01 06:00:00,3.4916666666666667
2023-01-01 07:00:00,3.25625
2023-01-01 08:00:00,3.4133333333333336
2023-01-01 09:00:00,3.4929166666666664
2023-01-01 10:00:00,3.43875
2023-01-01 11:00:00,3.4491666666666667
2023-01-01 12:00:00,3.4941666666666666
2023-01-01 13:00:00,3.56875
2023-01-01 14:00:00,3.0187500000000003
2023-01-01 15:00:00,3.4912499999999995
2023-01-01 16:00:00,3.2116666666666664
2023-01-01 17:00:00,3.60875
2023-01-01 18:00:00,3.3554166666666667
2023-01-01 19:00:00,3.8341666666666665
2023-01-01 20:00:00,3.0400000000000005
2023-01-01 21:00:00,3.0933333333333337
2023-01-01 22:00:00,2.9758333333333336
2023-01-01 23:00:00,3.017916666666667
2023-01-02 00:00:00,17.1675
2023-01-02 01:00:00,21.96666666666667
2023-01-02 02:00:00,21.008333333333333
2023-01-02 03:00:00,19.813333333333333
2023-01-02 04:00:00,21.526666666666667
2023-01-02 05:00:00,5.949166666666667
2023-01-02 06:00:00,3.76625
2023-01-02 07:00:00,3.81875
2023-01-02 08:00:00,3.7933333333333334
2023-01-02 09:00:00,3.68875
2023-01-02 10:00:00,3.87625
2023-01-02 11:00:00,3.8091666666666666
2023-01-02 12:00:00,3.535833333333333
2023-01-02 13:00:00,3.5095833333333335
2023-01-02 14:00:00,3.5520833333333335
2023-01-02 15:00:00,3.7762499999999997
2023-01-02 16:00:00,88.09666666666668
2023-01-02 17:00:00,59.54125
2023-01-02 18:00:00,8.381666666666666
2023-01-02 19:00:00,7.798333333333333
2023-01-02 20:00:00,9.117916666666668
2023-01-02 21:00:00,9.55
2023-01-02 22:00:00,10.472916666666666
2023-01-02 23:00:00,10.749583333333334
2023-01-03 00:00:00,10.520416666666668
2023-01-03 01:00:00,10.980416666666668
2023-01-03 02:00:00,11.019583333333332
2023-01-03 03:00:00,10.929166666666667
2023-01-03 04:00:00,10.979166666666666
2023-01-03 05:00:00,10.490833333333333
2023-01-03 06:00:00,10.68
2023-01-03 07:00:00,10.31875
2023-01-03 08:00:00,10.275416666666667
2023-01-03 09:00:00,7.8525
2023-01-03 10:00:00,11.372083333333334
2023-01-03 11:00:00,11.009583333333333
2023-01-03 12:00:00,12.375833333333333
2023-01-03 13:00:00,12.780000000000001
2023-01-03 14:00:00,28.24833333333333
2023-01-03 15:00:00,49.105
2023-01-03 16:00:00,10.657083333333334
2023-01-03 17:00:00,26.568749999999998
2023-01-03 18:00:00,13.598333333333334
2023-01-03 19:00:00,24.76
2023-01-03 20:00:00,23.20583333333333
2023-01-03 21:00:00,27.269166666666667
2023-01-03 22:00:00,12.269583333333335
2023-01-03 23:00:00,4.159166666666667
2023-01-04 00:00:00,4.5512500000000005
2023-01-04 01:00:00,4.444166666666667
2023-01-04 02:00:00,4.410416666666667
2023-01-04 03:00:00,4.334583333333334
2023-01-04 04:00:00,4.315416666666667
2023-01-04 05:00:00,20.969166666666666
2023-01-04 06:00:00,5.29625
2023-01-04 07:00:00,5.425833333333333
2023-01-04 08:00:00,6.0325
2023-01-04 09:00:00,6.310833333333334
2023-01-04 10:00:00,56.04208333333333
2023-01-04 11:00:00,9.738333333333333
2023-01-04 12:00:00,9.801666666666666
2023-01-04 13:00:00,9.900833333333333
2023-01-04 14:00:00,9.800833333333333
2023-01-04 15:00:00,9.667916666666667
2023-01-04 16:00:00,9.261666666666667
2023-01-04 17:00:00,12.200833333333334
2023-01-04 18:00:00,18.446666666666665
2023-01-04 19:00:00,19.23333333333333
2023-01-04 20:00:00,18.60333333333333
2023-01-04 21:00:00,18.91625
2023-01-04 22:00:00,18.658333333333335
2023-01-04 23:00:00,19.636666666666667
2023-01-05 00:00:00,19.074583333333333
2023-01-05 01:00:00,18.612083333333334
2023-01-05 02:00:00,17.852083333333333
2023-01-05 03:00:00,37.316250000000004
2023-01-05 04:00:00,22.167083333333334
2023-01-05 05:00:00,38.782916666666665
2023-01-05 06:00:00,27.214166666666667
2023-01-05 07:00:00,27.334166666666665
2023-01-05 08:00:00,18.923333333333336
2023-01-05 09:00:00,21.36
2023-01-05 10:00:00,17.09875
2023-01-05 11:00:00,10.0175
2023-01-05 12:00:00,9.104583333333332
2023-01-05 13:00:00,8.861666666666666
2023-01-05 14:00:00,8.791666666666666
2023-01-05 15:00:00,8.470833333333333
2023-01-05 16:00:00,17.054166666666667
2023-01-05 17:00:00,4.2058333333333335
2023-01-05 18:00:00,4.2975
2023-01-05 19:00:00,4.124583333333333
2023-01-05 20:00:00,4.03375
2023-01-05 21:00:00,3.9620833333333336
2023-01-05 22:00:00,3.9995833333333333
2023-01-05 23:00:00,4.127916666666667
2023-01-06 00:00:00,4.088333333333334
2023-01-06 01:00:00,4.174166666666667
2023-01-06 02:00:00,4.99875
2023-01-06 03:00:00,19.1725
2023-01-06 04:00:00,5.734583333333333
2023-01-06 05:00:00,24.717916666666667
2023-01-06 06:00:00,14.42875
2023-01-06 07:00:00,9.476666666666667
2023-01-06 08:00:00,7.552499999999999
2023-01-06 09:00:00,7.604166666666667
2023-01-06 10:00:00,13.213333333333333
2023-01-06 11:00:00,3.9425000000000003
2023-01-06 12:00:00,3.8833333333333333
2023-01-06 13:00:00,6.345833333333334
2023-01-06 14:00:00,18.167083333333334
2023-01-06 15:00:00,4.645833333333333
2023-01-06 16:00:00,4.775416666666667
2023-01-06 17:00:00,4.794583333333334
2023-01-06 18:00:00,5.43625
2023-01-06 19:00:00,4.253333333333333
2023-01-06 20:00:00,4.1825
2023-01-06 21:00:00,3.705
2023-01-06 22:00:00,4.025416666666667
2023-01-06 23:00:00,4.1825
2023-01-07 00:00:00,4.430833333333333
2023-01-07 01:00:00,4.08125
2023-01-07 02:00:00,4.183333333333334
2023-01-07 03:00:00,4.2908333333333335
2023-01-07 04:00:00,4.1883333333333335
2023-01-07 05:00:00,4.167916666666667
2023-01-07 06:00:00,4.339166666666666
2023-01-07 07:00:00,3.9779166666666668
2023-01-07 08:00:00,3.359166666666667
2023-01-07 09:00:00,6.035833333333333
2023-01-07 10:00:00,5.460416666666667
2023-01-07 11:00:00,1.7404166666666665
2023-01-07 12:00:00,1.5425000000000002
2023-01-07 13:00:00,1.7679166666666666
2023-01-07 14:00:00,1.7462499999999999
2023-01-07 15:00:00,10.042083333333332
2023-01-07 16:00:00,1.8470833333333332
2023-01-07 17:00:00,1.9595833333333335
2023-01-07 18:00:00,2.044166666666667
2023-01-07 19:00:00,2.0829166666666667
2023-01-07 20:00:00,1.969166666666667
2023-01-07 21:00:00,2.06125
2023-01-07 22:00:00,2.0570833333333334
2023-01-07 23:00:00,2.00625
2023-01-08 00:00:00,1.955
2023-01-08 01:00:00,3.2070833333333333
2023-01-08 02:00:00,1.29625
2023-01-08 03:00:00,0.9945833333333333
2023-01-08 04:00:00,0.8583333333333334
2023-01-08 05:00:00,0.7162499999999999
2023-01-08 06:00:00,0.5195833333333334
2023-01-08 07:00:00,0.31749999999999995
2023-01-08 08:00:00,0.5175
2023-01-08 09:00:00,0.9795833333333333
2023-01-08 10:00:00,1.4516666666666669
2023-01-08 11:00:00,21.000833333333333
2023-01-08 12:00:00,10.641666666666667
2023-01-08 13:00:00,12.0075
2023-01-08 14:00:00,9.685
2023-01-08 15:00:00,2.9525
2023-01-08 16:00:00,1.9879166666666668
2023-01-08 17:00:00,1.73125
2023-01-08 18:00:00,2.3020833333333335
2023-01-08 19:00:00,1.8308333333333333
2023-01-08 20:00:00,2.3175000000000003
2023-01-08 21:00:00,2.2095833333333332
2023-01-08 22:00:00,2.026666666666667
2023-01-08 23:00:00,2.11875
2023-01-09 00:00:00,2.205
2023-01-09 01:00:00,8.834166666666667
2023-01-09 02:00:00,37.14208333333333
2023-01-09 03:00:00,28.04041666666667
2023-01-09 04:00:00,32.00083333333333
2023-01-09 05:00:00,12.144999999999998
2023-01-09 06:00:00,8.880833333333333
2023-01-09 07:00:00,3.9975
2023-01-09 08:00:00,3.3179166666666666
2023-01-09 09:00:00,3.545833333333333
2023-01-09 10:00:00,3.907083333333333
2023-01-09 11:00:00,3.7904166666666668
2023-01-09 12:00:00,3.7862500000000003
2023-01-09 13:00:00,3.7308333333333334
2023-01-09 14:00:00,3.8870833333333334
2023-01-09 15:00:00,3.7154166666666666
2023-01-09 16:00:00,3.5995833333333334
2023-01-09 17:00:00,3.7866666666666666
2023-01-09 18:00:00,3.56125
2023-01-09 19:00:00,3.875
2023-01-09 20:00:00,4.312916666666667
2023-01-09 21:00:00,4.230833333333334
2023-01-09 22:00:00,4.1937500000000005
2023-01-09 23:00:00,3.9666666666666663
2023-01-10 00:00:00,3.8358333333333334
2023-01-10 01:00:00,4.152916666666667
2023-01-10 02:00:00,4.0841666666666665
2023-01-10 03:00:00,4.10125
2023-01-10 04:00:00,4.115416666666667
2023-01-10 05:00:00,3.96875
2023-01-10 06:00:00,3.935416666666667
2023-01-10 07:00:00,4.0945833333333335
2023-01-10 08:00:00,3.92625
2023-01-10 09:00:00,6.8687499999999995
2023-01-10 10:00:00,6.15125
2023-01-10 11:00:00,2.8362499999999997
2023-01-10 12:00:00,2.8820833333333336
2023-01-10 13:00:00,2.8820833333333336
2023-01-10 14:00:00,2.8691666666666666
2023-01-10 15:00:00,2.8041666666666667
2023-01-10 16:00:00,2.469583333333333
2023-01-10 17:00:00,2.5408333333333335
2023-01-10 18:00:00,2.4941666666666666
2023-01-10 19:00:00,2.717083333333333
2023-01-10 20:00:00,2.7395833333333335
2023-01-10 21:00:00,2.6991666666666667
2023-01-10 22:00:00,2.825416666666667
2023-01-10 23:00:00,2.638333333333333
2023-01-11 00:00:00,2.612083333333333
2023-01-11 01:00:00,2.5995833333333334
2023-01-11 02:00:00,2.66125
2023-01-11 03:00:00,2.776666666666667
2023-01-11 04:00:00,2.870416666666667
2023-01-11 05:00:00,2.780416666666667
2023-01-11 06:00:00,2.9612499999999997
2023-01-11 07:00:00,2.6975
2023-01-11 08:00:00,2.547916666666667
2023-01-11 09:00:00,3.3633333333333333
2023-01-11 10:00:00,4.860416666666667
2023-01-11 11:00:00,2.285416666666667
2023-01-11 12:00:00,2.359166666666667
2023-01-11 13:00:00,2.5033333333333334
2023-01-11 14:00:00,2.51625
2023-01-11 15:00:00,2.4091666666666667
2023-01-11 16:00:00,2.36
2023-01-11 17:00:00,2.2775000000000003
2023-01-11 18:00:00,2.359583333333333
2023-01-11 19:00:00,2.45125
2023-01-11 20:00:00,2.2608333333333337
2023-01-11 21:00:00,2.23375
2023-01-11 22:00:00,2.1575
2023-01-11 23:00:00,2.19375
2023-01-12 00:00:00,2.2404166666666665
2023-01-12 01:00:00,2.2933333333333334
2023-01-12 02:00:00,2.2725
2023-01-12 03:00:00,2.1929166666666666
2023-01-12 04:00:00,2.2916666666666665
2023-01-12 05:00:00,2.3033333333333332
2023-01-12 06:00:00,2.3512500000000003
2023-01-12 07:00:00,2.77125
2023-01-12 08:00:00,2.66125
2023-01-12 09:00:00,2.643333333333333
2023-01-12 10:00:00,2.2020833333333334
2023-01-12 11:00:00,1.5054166666666664
2023-01-12 12:00:00,2.11875
2023-01-12 13:00:00,2.1358333333333333
2023-01-12 14:00:00,2.1566666666666667
2023-01-12 15:00:00,2.049583333333333
2023-01-12 16:00:00,2.3654166666666665
2023-01-12 17:00:00,2.660416666666667
2023-01-12 18:00:00,2.2354166666666666
2023-01-12 19:00:00,2.26375
2023-01-12 20:00:00,2.3004166666666666
2023-01-12 21:00:00,2.410833333333333
2023-01-12 22:00:00,2.3358333333333334
2023-01-12 23:00:00,2.19125
2023-01-13 00:00:00,3.6770833333333335
2023-01-13 01:00:00,8.660833333333334
2023-01-13 02:00:00,25.5725
2023-01-13 03:00:00,26.232916666666668
2023-01-13 04:00:00,52.17083333333334
2023-01-13 05:00:00,10.463333333333333
2023-01-13 06:00:00,6.725416666666667
2023-01-13 07:00:00,6.989583333333333
2023-01-13 08:00:00,7.031666666666666
2023-01-13 09:00:00,5.08125
2023-01-13 10:00:00,5.534166666666667
2023-01-13 11:00:00,4.1187499999999995
2023-01-13 12:00:00,2.4841666666666664
2023-01-13 13:00:00,2.4595833333333332
2023-01-13 14:00:00,2.4274999999999998
2023-01-13 15:00:00,2.5966666666666667
2023-01-13 16:00:00,2.6208333333333336
2023-01-13 17:00:00,2.864166666666667
2023-01-13 18:00:00,2.486666666666667
2023-01-13 19:00:00,2.3041666666666667
2023-01-13 20:00:00,2.38875
2023-01-13 21:00:00,2.335
2023-01-13 22:00:00,2.44875
2023-01-13 23:00:00,2.779166666666667
2023-01-14 00:00:00,3.285833333333333
2023-01-14 01:00:00,2.2624999999999997
2023-01-14 02:00:00,2.2358333333333333
2023-01-14 03:00:00,2.3191666666666664
2023-01-14 04:00:00,2.372916666666667
2023-01-14 05:00:00,2.2404166666666665
2023-01-14 06:00:00,2.1925
2023-01-14 07:00:00,2.3141666666666665
2023-01-14 08:00:00,2.3541666666666665
2023-01-14 09:00:00,2.2325000000000004
2023-01-14 10:00:00,2.245
2023-01-14 11:00:00,2.2704166666666667
2023-01-14 12:00:00,2.245
2023-01-14 13:00:00,2.2491666666666665
2023-01-14 14:00:00,2.1670833333333333
2023-01-14 15:00:00,2.14
2023-01-14 16:00:00,2.39375
2023-01-14 17:00:00,2.405416666666667
2023-01-14 18:00:00,2.4529166666666664
2023-01-14 19:00:00,2.6266666666666665
2023-01-14 20:00:00,2.68625
2023-01-14 21:00:00,2.465833333333333
2023-01-14 22:00:00,2.3533333333333335
2023-01-14 23:00:00,2.5379166666666664
2023-01-15 00:00:00,2.28125
2023-01-15 01:00:00,2.1491666666666664
2023-01-15 02:00:00,2.36625
2023-01-15 03:00:00,2.16375
2023-01-15 04:00:00,2.191666666666667
2023-01-15 05:00:00,2.1350000000000002
2023-01-15 06:00:00,2.16375
2023-01-15 07:00:00,2.1408333333333336
2023-01-15 08:00:00,2.263333333333333
2023-01-15 09:00:00,2.1958333333333333
2023-01-15 10:00:00,2.151666666666667
2023-01-15 11:00:00,2.1816666666666666
2023-01-15 12:00:00,2.1758333333333333
2023-01-15 13:00:00,2.18
2023-01-15 14:00:00,2.15
2023-01-15 15:00:00,2.492916666666667
2023-01-15 16:00:00,2.1
2023-01-15 17:00:00,2.140833333333333
2023-01-15 18:00:00,2.0837499999999998
2023-01-15 19:00:00,1.8995833333333332
2023-01-15 20:00:00,2.1670833333333333
2023-01-15 21:00:00,1.9516666666666669
2023-01-15 22:00:00,1.9954166666666666
2023-01-15 23:00:00,1.9720833333333332
2023-01-16 00:00:00,1.9929166666666667
2023-01-16 01:00:00,2.032083333333333
2023-01-16 02:00:00,22.38416666666667
2023-01-16 03:00:00,16.737916666666667
2023-01-16 04:00:00,41.935833333333335
2023-01-16 05:00:00,46.93666666666667
2023-01-16 06:00:00,55.56375
2023-01-16 07:00:00,18.58125
2023-01-16 08:00:00,5.3525
2023-01-16 09:00:00,5.429583333333333
2023-01-16 10:00:00,7.729166666666667
2023-01-16 11:00:00,4.129583333333334
2023-01-16 12:00:00,3.8233333333333337
2023-01-16 13:00:00,3.9858333333333333
2023-01-16 14:00:00,4.08875
2023-01-16 15:00:00,4.493333333333333
2023-01-16 16:00:00,3.9345833333333338
2023-01-16 17:00:00,4.0529166666666665
2023-01-16 18:00:00,4.0616666666666665
2023-01-16 19:00:00,3.9737500000000003
2023-01-16 20:00:00,3.9645833333333336
2023-01-16 21:00:00,3.9295833333333334
2023-01-16 22:00:00,3.7554166666666666
2023-01-16 23:00:00,3.846666666666667
2023-01-17 00:00:00,3.949583333333333
2023-01-17 01:00:00,3.98875
2023-01-17 02:00:00,4.005
2023-01-17 03:00:00,3.9145833333333333
2023-01-17 04:00:00,3.9908333333333332
2023-01-17 05:00:00,3.9929166666666664
2023-01-17 06:00:00,3.9316666666666666
2023-01-17 07:00:00,3.9820833333333336
2023-01-17 08:00:00,4.1475
2023-01-17 09:00:00,4.404166666666667
2023-01-17 10:00:00,4.3654166666666665
2023-01-17 11:00:00,4.509166666666666
2023-01-17 12:00:00,3.9879166666666666
2023-01-17 13:00:00,3.9608333333333334
2023-01-17 14:00:00,4.0825000000000005
2023-01-17 15:00:00,4.1691666666666665
2023-01-17 16:00:00,3.89875
2023-01-17 17:00:00,4.736666666666667
2023-01-17 18:00:00,4.530833333333333
2023-01-17 19:00:00,4.653333333333333
2023-01-17 20:00:00,4.23375
2023-01-17 21:00:00,3.985416666666667
2023-01-17 22:00:00,3.9670833333333335
2023-01-17 23:00:00,3.9925
2023-01-18 00:00:00,3.9579166666666663
2023-01-18 01:00:00,3.8829166666666666
2023-01-18 02:00:00,3.8191666666666664
2023-01-18 03:00:00,3.7095833333333332
2023-01-18 04:00:00,3.78
2023-01-18 05:00:00,3.71125
2023-01-18 06:00:00,4.172916666666667
2023-01-18 07:00:00,4.1379166666666665
2023-01-18 08:00:00,3.9324999999999997
2023-01-18 09:00:00,3.7891666666666666
2023-01-18 10:00:00,3.8687500000000004
2023-01-18 11:00:00,3.75625
2023-01-18 12:00:00,3.6004166666666673
2023-01-18 13:00:00,3.7862500000000003
2023-01-18 14:00:00,3.5862499999999997
2023-01-18 15:00:00,3.6962500000000005
2023-01-18 16:00:00,3.564166666666667
2023-01-18 17:00:00,3.3674999999999997
2023-01-18 18:00:00,3.365
2023-01-18 19:00:00,3.8037500000000004
2023-01-18 20:00:00,3.934583333333333
2023-01-18 21:00:00,4.172083333333333
2023-01-18 22:00:00,4.242083333333333
2023-01-18 23:00:00,4.244583333333334
2023-01-19 00:00:00,4.196666666666666
2023-01-19 01:00:00,4.2387500000000005
2023-01-19 02:00:00,4.211666666666667
2023-01-19 03:00:00,4.2316666666666665
2023-01-19 04:00:00,4.195416666666667
2023-01-19 05:00:00,4.194583333333333
2023-01-19 06:00:00,4.20625
2023-01-19 07:00:00,4.151666666666666
2023-01-19 08:00:00,4.317916666666666
2023-01-19 09:00:00,4.37375
2023-01-19 10:00:00,4.732916666666667
2023-01-19 11:00:00,4.3625
2023-01-19 12:00:00,4.167083333333333
2023-01-19 13:00:00,4.654166666666667
2023-01-19 14:00:00,4.405833333333333
2023-01-19 15:00:00,3.8608333333333333
2023-01-19 16:00:00,3.76625
2023-01-19 17:00:00,3.720833333333333
2023-01-19 18:00:00,3.749166666666667
2023-01-19 19:00:00,3.7191666666666667
2023-01-19 20:00:00,3.6687499999999997
2023-01-19 21:00:00,3.6995833333333334
2023-01-19 22:00:00,3.8520833333333333
2023-01-19 23:00:00,3.8029166666666665
2023-01-20 00:00:00,3.797916666666667
2023-01-20 01:00:00,3.799583333333333
2023-01-20 02:00:00,3.8487500000000003
2023-01-20 03:00:00,3.7541666666666664
2023-01-20 04:00:00,3.9979166666666663
2023-01-20 05:00:00,3.93875
2023-01-20 06:00:00,3.7283333333333335
2023-01-20 07:00:00,3.8266666666666667
2023-01-20 08:00:00,3.9924999999999997
2023-01-20 09:00:00,4.37875
2023-01-20 10:00:00,5.0183333333333335
2023-01-20 11:00:00,4.61625
2023-01-20 12:00:00,2.658333333333333
2023-01-20 13:00:00,1.8695833333333332
2023-01-20 14:00:00,2.045
2023-01-20 15:00:00,2.12375
2023-01-20 16:00:00,2.2150000000000003
2023-01-20 17:00:00,2.3575
2023-01-20 18:00:00,2.388333333333333
2023-01-20 19:00:00,2.32875
2023-01-20 20:00:00,2.325416666666667
2023-01-20 21:00:00,2.305
2023-01-20 22:00:00,2.2675
2023-01-20 23:00:00,2.262916666666667
2023-01-21 00:00:00,2.265
2023-01-21 01:00:00,2.2708333333333335
2023-01-21 02:00:00,2.3562499999999997
2023-01-21 03:00:00,2.330416666666667
2023-01-21 04:00:00,2.2733333333333334
2023-01-21 05:00:00,2.3000000000000003
2023-01-21 06:00:00,2.2483333333333335
2023-01-21 07:00:00,2.160833333333333
2023-01-21 08:00:00,2.2491666666666665
2023-01-21 09:00:00,2.04625
2023-01-21 10:00:00,1.9245833333333333
2023-01-21 11:00:00,2.0124999999999997
2023-01-21 12:00:00,2.0029166666666667
2023-01-21 13:00:00,2.03875
2023-01-21 14:00:00,2.0524999999999998
2023-01-21 15:00:00,2.0679166666666666
2023-01-21 16:00:00,2.06375
2023-01-21 17:00:00,2.372083333333333
2023-01-21 18:00:00,2.0741666666666667
2023-01-21 19:00:00,2.2470833333333333
2023-01-21 20:00:00,2.2270833333333333
2023-01-21 21:00:00,2.1641666666666666
2023-01-21 22:00:00,2.3516666666666666
2023-01-21 23:00:00,2.4204166666666667
2023-01-22 00:00:00,2.08875
2023-01-22 01:00:00,1.9433333333333334
2023-01-22 02:00:00,2.057916666666667
2023-01-22 03:00:00,2.0320833333333335
2023-01-22 04:00:00,1.9799999999999998
2023-01-22 05:00:00,1.96375
2023-01-22 06:00:00,2.209166666666667
2023-01-22 07:00:00,2.0766666666666667
2023-01-22 08:00:00,2.1300000000000003
2023-01-22 09:00:00,2.3866666666666663
2023-01-22 10:00:00,2.3608333333333333
2023-01-22 11:00:00,2.1454166666666663
2023-01-22 12:00:00,2.3641666666666663
2023-01-22 13:00:00,2.4183333333333334
2023-01-22 14:00:00,2.435833333333333
2023-01-22 15:00:00,2.421666666666667
2023-01-22 16:00:00,2.3008333333333333
2023-01-22 17:00:00,2.2104166666666667
2023-01-22 18:00:00,2.20375
2023-01-22 19:00:00,2.2191666666666667
2023-01-22 20:00:00,2.2708333333333335
2023-01-22 21:00:00,2.28375
2023-01-22 22:00:00,2.29625
2023-01-22 23:00:00,2.3466666666666667
2023-01-23 00:00:00,2.305
2023-01-23 01:00:00,2.1566666666666667
2023-01-23 02:00:00,1.5650000000000002
2023-01-23 03:00:00,1.2916666666666667
2023-01-23 04:00:00,0.9833333333333333
2023-01-23 05:00:00,0.9720833333333334
2023-01-23 06:00:00,0.9820833333333333
2023-01-23 07:00:00,1.0020833333333332
2023-01-23 08:00:00,0.9808333333333333
2023-01-23 09:00:00,1.4112500000000001
2023-01-23 10:00:00,0.86125
2023-01-23 11:00:00,0.82875
2023-01-23 12:00:00,5.338333333333334
2023-01-23 13:00:00,7.999583333333333
2023-01-23 14:00:00,13.298333333333334
2023-01-23 15:00:00,9.46625
2023-01-23 16:00:00,1.812083333333333
2023-01-23 17:00:00,2.5091666666666668
2023-01-23 18:00:00,2.6983333333333337
2023-01-23 19:00:00,2.435
2023-01-23 20:00:00,2.330833333333333
2023-01-23 21:00:00,2.4345833333333333
2023-01-23 22:00:00,2.4620833333333336
2023-01-23 23:00:00,2.5816666666666666
2023-01-24 00:00:00,2.813333333333333
2023-01-24 01:00:00,3.03375
2023-01-24 02:00:00,3.1512500000000006
2023-01-24 03:00:00,3.3524999999999996
2023-01-24 04:00:00,3.6041666666666665
2023-01-24 05:00:00,3.5833333333333335
2023-01-24 06:00:00,4.09625
2023-01-24 07:00:00,1.9625000000000001
2023-01-24 08:00:00,2.889583333333333
2023-01-24 09:00:00,3.215
2023-01-24 10:00:00,3.2633333333333336
2023-01-24 11:00:00,2.1779166666666665
2023-01-24 12:00:00,2.3454166666666665
2023-01-24 13:00:00,2.5691666666666664
2023-01-24 14:00:00,2.68375
2023-01-24 15:00:00,2.3970833333333332
2023-01-24 16:00:00,2.3645833333333335
2023-01-24 17:00:00,2.7879166666666664
2023-01-24 18:00:00,2.70125
2023-01-24 19:00:00,2.6075
2023-01-24 20:00:00,2.6670833333333337
2023-01-24 21:00:00,2.61125
2023-01-24 22:00:00,2.7445833333333334
2023-01-24 23:00:00,2.9179166666666667
2023-01-25 00:00:00,2.6683333333333334
2023-01-25 01:00:00,9.872083333333334
2023-01-25 02:00:00,22.505
2023-01-25 03:00:00,15.975000000000001
2023-01-25 04:00:00,71.27499999999999
2023-01-25 05:00:00,44.3775
2023-01-25 06:00:00,42.79916666666667
2023-01-25 07:00:00,33.4425
2023-01-25 08:00:00,14.667499999999999
2023-01-25 09:00:00,10.014583333333333
2023-01-25 10:00:00,5.119583333333334
2023-01-25 11:00:00,4.71875
2023-01-25 12:00:00,5.103333333333333
2023-01-25 13:00:00,4.575
2023-01-25 14:00:00,25.62
2023-01-25 15:00:00,22.199166666666667
2023-01-25 16:00:00,10.4425
2023-01-25 17:00:00,8.145416666666668
2023-01-25 18:00:00,10.381666666666666
2023-01-25 19:00:00,14.86
2023-01-25 20:00:00,3.9566666666666666
2023-01-25 21:00:00,3.8858333333333337
2023-01-25 22:00:00,4.1000000000000005
2023-01-25 23:00:00,4.196666666666666
2023-01-26 00:00:00,3.9933333333333336
2023-01-26 01:00:00,3.9754166666666664
2023-01-26 02:00:00,12.524583333333332
2023-01-26 03:00:00,10.357916666666666
2023-01-26 04:00:00,5.784583333333333
2023-01-26 05:00:00,38.22708333333333
2023-01-26 06:00:00,16.64916666666667
2023-01-26 07:00:00,10.25
2023-01-26 08:00:00,7.979583333333333
2023-01-26 09:00:00,7.979583333333333
2023-01-26 10:00:00,8.50375
2023-01-26 11:00:00,8.095833333333333
2023-01-26 12:00:00,7.94125
2023-01-26 13:00:00,8.244583333333333
2023-01-26 14:00:00,8.24875
2023-01-26 15:00:00,8.22375
2023-01-26 16:00:00,7.9191666666666665
2023-01-26 17:00:00,8.023333333333333
2023-01-26 18:00:00,12.015416666666667
2023-01-26 19:00:00,4.962083333333333
2023-01-26 20:00:00,5.115
2023-01-26 21:00:00,5.726666666666667
2023-01-26 22:00:00,4.209583333333334
2023-01-26 23:00:00,4.36375
2023-01-27 00:00:00,4.3625
2023-01-27 01:00:00,4.392083333333333
2023-01-27 02:00:00,4.239166666666667
2023-01-27 03:00:00,4.567916666666666
2023-01-27 04:00:00,14.231666666666667
2023-01-27 05:00:00,42.365
2023-01-27 06:00:00,13.718333333333334
2023-01-27 07:00:00,8.1225
2023-01-27 08:00:00,7.7425
2023-01-27 09:00:00,7.842083333333334
2023-01-27 10:00:00,8.814583333333333
2023-01-27 11:00:00,14.292499999999999
2023-01-27 12:00:00,4.214166666666666
2023-01-27 13:00:00,11.364166666666668
2023-01-27 14:00:00,8.59
2023-01-27 15:00:00,5.387083333333333
2023-01-27 16:00:00,5.148750000000001
2023-01-27 17:00:00,4.797916666666667
2023-01-27 18:00:00,7.3308333333333335
2023-01-27 19:00:00,8.632083333333332
2023-01-27 20:00:00,3.629583333333333
2023-01-27 21:00:00,3.645
2023-01-27 22:00:00,3.7691666666666666
2023-01-27 23:00:00,3.760833333333333
2023-01-28 00:00:00,3.79625
2023-01-28 01:00:00,3.9275
2023-01-28 02:00:00,4.9054166666666665
2023-01-28 03:00:00,4.330416666666667
2023-01-28 04:00:00,4.397083333333334
2023-01-28 05:00:00,4.4816666666666665
2023-01-28 06:00:00,4.5495833333333335
2023-01-28 07:00:00,4.455416666666666
2023-01-28 08:00:00,4.3075
2023-01-28 09:00:00,8.722916666666666
2023-01-28 10:00:00,4.718333333333334
2023-01-28 11:00:00,6.96
2023-01-28 12:00:00,4.078333333333333
2023-01-28 13:00:00,2.75375
2023-01-28 14:00:00,2.8370833333333336
2023-01-28 15:00:00,3.4145833333333333
2023-01-28 16:00:00,2.4545833333333333
2023-01-28 17:00:00,2.5108333333333337
2023-01-28 18:00:00,2.514583333333333
2023-01-28 19:00:00,2.5279166666666666
2023-01-28 20:00:00,2.5004166666666667
2023-01-28 21:00:00,2.4720833333333334
2023-01-28 22:00:00,2.4225
2023-01-28 23:00:00,2.4279166666666665
2023-01-29 00:00:00,2.5658333333333334
2023-01-29 01:00:00,2.5458333333333334
2023-01-29 02:00:00,2.435416666666667
2023-01-29 03:00:00,2.297083333333333
2023-01-29 04:00:00,2.5704166666666666
2023-01-29 05:00:00,2.60375
2023-01-29 06:00:00,2.533333333333333
2023-01-29 07:00:00,2.67
2023-01-29 08:00:00,2.5216666666666665
2023-01-29 09:00:00,2.526666666666667
2023-01-29 10:00:00,2.549583333333333
2023-01-29 11:00:00,2.672083333333333
2023-01-29 12:00:00,2.6320833333333336
2023-01-29 13:00:00,3.189583333333333
2023-01-29 14:00:00,2.9287499999999995
2023-01-29 15:00:00,2.433333333333333
2023-01-29 16:00:00,2.4983333333333335
2023-01-29 17:00:00,2.5187500000000003
2023-01-29 18:00:00,2.358333333333333
2023-01-29 19:00:00,2.4545833333333333
2023-01-29 20:00:00,2.497916666666667
2023-01-29 21:00:00,2.475
2023-01-29 22:00:00,2.3466666666666667
2023-01-29 23:00:00,2.4220833333333336
2023-01-30 00:00:00,12.322916666666666
2023-01-30 01:00:00,13.525833333333333
2023-01-30 02:00:00,29.577916666666667
2023-01-30 03:00:00,43.04583333333334
2023-01-30 04:00:00,34.41458333333333
2023-01-30 05:00:00,20.549583333333334
2023-01-30 06:00:00,14.312916666666666
2023-01-30 07:00:00,7.477499999999999
2023-01-30 08:00:00,4.92875
2023-01-30 09:00:00,4.882083333333333
2023-01-30 10:00:00,5.1987499999999995
2023-01-30 11:00:00,4.90625
2023-01-30 12:00:00,5.068333333333333
2023-01-30 13:00:00,4.7195833333333335
2023-01-30 14:00:00,5.175833333333333
2023-01-30 15:00:00,5.129166666666666
2023-01-30 16:00:00,4.665
2023-01-30 17:00:00,4.28375
2023-01-30 18:00:00,4.309583333333333
2023-01-30 19:00:00,4.39875
2023-01-30 20:00:00,4.352916666666666
2023-01-30 21:00:00,4.504166666666666
2023-01-30 22:00:00,4.22875
2023-01-30 23:00:00,4.13
2023-01-31 00:00:00,4.17125
2023-01-31 01:00:00,4.198333333333333
2023-01-31 02:00:00,4.166250000000001
2023-01-31 03:00:00,4.302083333333333
2023-01-31 04:00:00,4.167916666666667
2023-01-31 05:00:00,4.37875
2023-01-31 06:00:00,4.420416666666667
2023-01-31 07:00:00,4.4504166666666665
2023-01-31 08:00:00,4.437083333333334
2023-01-31 09:00:00,4.314583333333333
2023-01-31 10:00:00,4.014166666666667
2023-01-31 11:00:00,3.7912500000000002
2023-01-31 12:00:00,2.964166666666667
2023-01-31 13:00:00,2.660416666666667
2023-01-31 14:00:00,2.762916666666667
2023-01-31 15:00:00,2.695
2023-01-31 16:00:00,2.8874999999999997
2023-01-31 17:00:00,3.00625
2023-01-31 18:00:00,3.3433333333333333
2023-01-31 19:00:00,2.935416666666667
2023-01-31 20:00:00,2.7466666666666666
2023-01-31 21:00:00,2.785833333333333
2023-01-31 22:00:00,3.1420833333333333
2023-01-31 23:00:00,4.072916666666667
2023-02-01 00:00:00,3.15
2023-02-01 01:00:00,2.8491666666666666
2023-02-01 02:00:00,2.9637499999999997
2023-02-01 03:00:00,3.9149999999999996
2023-02-01 04:00:00,21.19875
2023-02-01 05:00:00,4.015
2023-02-01 06:00:00,4.426666666666667
2023-02-01 07:00:00,4.41375
2023-02-01 08:00:00,4.116666666666666
2023-02-01 09:00:00,4.260416666666667
2023-02-01 10:00:00,3.17125
2023-02-01 11:00:00,2.862916666666667
2023-02-01 12:00:00,2.827083333333333
2023-02-01 13:00:00,8.085833333333333
2023-02-01 14:00:00,12.269166666666665
2023-02-01 15:00:00,19.4475
2023-02-01 16:00:00,13.207500000000001
2023-02-01 17:00:00,4.71875
2023-02-01 18:00:00,4.278333333333333
2023-02-01 19:00:00,4.1779166666666665
2023-02-01 20:00:00,4.139583333333333
2023-02-01 21:00:00,4.130833333333333
2023-02-01 22:00:00,4.044583333333334
2023-02-01 23:00:00,4.055833333333333
2023-02-02 00:00:00,4.2225
2023-02-02 01:00:00,4.189583333333333
2023-02-02 02:00:00,4.187083333333334
2023-02-02 03:00:00,18.502083333333335
2023-02-02 04:00:00,17.964166666666667
2023-02-02 05:00:00,10.077916666666667
2023-02-02 06:00:00,10.162916666666666
2023-02-02 07:00:00,10.05875
2023-02-02 08:00:00,8.292916666666667
2023-02-02 09:00:00,6.597083333333334
2023-02-02 10:00:00,4.205
2023-02-02 11:00:00,4.010833333333333
2023-02-02 12:00:00,4.547083333333333
2023-02-02 13:00:00,4.577083333333333
2023-02-02 14:00:00,19.260416666666668
2023-02-02 15:00:00,5.346666666666667
2023-02-02 16:00:00,4.992916666666667
2023-02-02 17:00:00,4.962083333333333
2023-02-02 18:00:00,7.059166666666667
2023-02-02 19:00:00,4.486666666666667
2023-02-02 20:00:00,4.457083333333333
2023-02-02 21:00:00,4.44625
2023-02-02 22:00:00,4.330416666666667
2023-02-02 23:00:00,4.460416666666666
2023-02-03 00:00:00,4.431666666666667
2023-02-03 01:00:00,4.30375
2023-02-03 02:00:00,4.349166666666666
2023-02-03 03:00:00,4.3308333333333335
2023-02-03 04:00:00,9.988333333333333
2023-02-03 05:00:00,35.598333333333336
2023-02-03 06:00:00,9.554166666666667
2023-02-03 07:00:00,7.142916666666667
2023-02-03 08:00:00,7.480416666666667
2023-02-03 09:00:00,7.635416666666667
2023-02-03 10:00:00,8.819583333333334
2023-02-03 11:00:00,7.864583333333333
2023-02-03 12:00:00,4.133333333333334
2023-02-03 13:00:00,4.39125
2023-02-03 14:00:00,4.190833333333333
2023-02-03 15:00:00,4.065
2023-02-03 16:00:00,3.637083333333333
2023-02-03 17:00:00,3.7687500000000003
2023-02-03 18:00:00,3.8554166666666667
2023-02-03 19:00:00,3.9545833333333333
2023-02-03 20:00:00,3.9020833333333336
2023-02-03 21:00:00,3.7154166666666666
2023-02-03 22:00:00,3.6045833333333337
2023-02-03 23:00:00,3.7541666666666664
2023-02-04 00:00:00,4.01375
2023-02-04 01:00:00,3.8745833333333337
2023-02-04 02:00:00,4.015833333333333
2023-02-04 03:00:00,4.11625
2023-02-04 04:00:00,4.08875
2023-02-04 05:00:00,3.9562500000000003
2023-02-04 06:00:00,3.82875
2023-02-04 07:00:00,3.8245833333333334
2023-02-04 08:00:00,3.8945833333333333
2023-02-04 09:00:00,33.367916666666666
2023-02-04 10:00:00,73.90333333333334
2023-02-04 11:00:00,16.771250000000002
2023-02-04 12:00:00,2.058333333333333
2023-02-04 13:00:00,41.90083333333333
2023-02-04 14:00:00,44.088750000000005
2023-02-04 15:00:00,19.21125
2023-02-04 16:00:00,1.9483333333333333
2023-02-04 17:00:00,1.9225
2023-02-04 18:00:00,223.64166666666665
2023-02-04 19:00:00,288.0370833333333
2023-02-04 20:00:00,109.81041666666665
2023-02-04 21:00:00,55.38166666666666
2023-02-04 22:00:00,44.90625
2023-02-04 23:00:00,41.29291666666666
2023-02-05 00:00:00,35.07125
2023-02-05 01:00:00,32.211666666666666
2023-02-05 02:00:00,29.369583333333335
2023-02-05 03:00:00,29.91125
2023-02-05 04:00:00,29.851250000000004
2023-02-05 05:00:00,28.08083333333333
2023-02-05 06:00:00,24.457083333333333
2023-02-05 07:00:00,26.482083333333335
2023-02-05 08:00:00,25.53791666666667
2023-02-05 09:00:00,26.224999999999998
2023-02-05 10:00:00,35.01625
2023-02-05 11:00:00,40.669583333333335
2023-02-05 12:00:00,39.16041666666667
2023-02-05 13:00:00,43.267500000000005
2023-02-05 14:00:00,24.770416666666666
2023-02-05 15:00:00,21.224166666666665
2023-02-05 16:00:00,22.810833333333335
2023-02-05 17:00:00,16.680416666666666
2023-02-05 18:00:00,24.917916666666667
2023-02-05 19:00:00,24.435000000000002
2023-02-05 20:00:00,24.61583333333333
2023-02-05 21:00:00,27.15833333333333
2023-02-05 22:00:00,27.75375
2023-02-05 23:00:00,27.712500000000002
2023-02-06 00:00:00,27.452916666666667
2023-02-06 01:00:00,28.920833333333334
2023-02-06 02:00:00,32.89625
2023-02-06 03:00:00,48.78791666666666
2023-02-06 04:00:00,36.22833333333333
2023-02-06 05:00:00,30.859583333333333
2023-02-06 06:00:00,30.940416666666664
2023-02-06 07:00:00,28.574583333333333
2023-02-06 08:00:00,23.597916666666666
2023-02-06 09:00:00,26.722499999999997
2023-02-06 10:00:00,15.515833333333333
2023-02-06 11:00:00,12.606250000000001
2023-02-06 12:00:00,11.217083333333333
2023-02-06 13:00:00,11.15625
2023-02-06 14:00:00,12.172083333333333
2023-02-06 15:00:00,19.86375
2023-02-06 16:00:00,19.939583333333335
2023-02-06 17:00:00,21.250833333333333
2023-02-06 18:00:00,17.6625
2023-02-06 19:00:00,10.609583333333333
2023-02-06 20:00:00,9.524583333333334
2023-02-06 21:00:00,9.1775
2023-02-06 22:00:00,8.600416666666666
2023-02-06 23:00:00,10.003333333333332
2023-02-07 00:00:00,9.547916666666667
2023-02-07 01:00:00,9.570833333333335
2023-02-07 02:00:00,9.3625
2023-02-07 03:00:00,13.255833333333333
2023-02-07 04:00:00,22.245416666666667
2023-02-07 05:00:00,11.145833333333334
2023-02-07 06:00:00,23.41625
2023-02-07 07:00:00,31.394166666666667
2023-02-07 08:00:00,15.405000000000001
2023-02-07 09:00:00,14.10375
2023-02-07 10:00:00,17.26125
2023-02-07 11:00:00,13.687916666666666
2023-02-07 12:00:00,11.3175
2023-02-07 13:00:00,11.55625
2023-02-07 14:00:00,11.7975
2023-02-07 15:00:00,43.17458333333334
2023-02-07 16:00:00,17.180416666666666
2023-02-07 17:00:00,18.35625
2023-02-07 18:00:00,16.882916666666667
2023-02-07 19:00:00,17.172083333333333
2023-02-07 20:00:00,11.7725
2023-02-07 21:00:00,13.415416666666665
2023-02-07 22:00:00,13.59125
2023-02-07 23:00:00,13.220416666666667
2023-02-08 00:00:00,12.964166666666666
2023-02-08 01:00:00,12.974166666666667
2023-02-08 02:00:00,12.866666666666667
2023-02-08 03:00:00,13.078333333333333
2023-02-08 04:00:00,13.127083333333333
2023-02-08 05:00:00,13.15
2023-02-08 06:00:00,30.32916666666667
2023-02-08 07:00:00,14.245
2023-02-08 08:00:00,14.1075
2023-02-08 09:00:00,13.92
2023-02-08 10:00:00,15.614166666666668
2023-02-08 11:00:00,12.70125
2023-02-08 12:00:00,12.3575
2023-02-08 13:00:00,12.37
2023-02-08 14:00:00,12.447083333333333
2023-02-08 15:00:00,8.413333333333334
2023-02-08 16:00:00,4.276666666666666
2023-02-08 17:00:00,4.102083333333334
2023-02-08 18:00:00,4.0112499999999995
2023-02-08 19:00:00,4.014583333333333
2023-02-08 20:00:00,4.002083333333333
2023-02-08 21:00:00,4.1025
2023-02-08 22:00:00,4.02125
2023-02-08 23:00:00,4.145833333333333
2023-02-09 00:00:00,4.305416666666667
2023-02-09 01:00:00,4.428333333333334
2023-02-09 02:00:00,4.35875
2023-02-09 03:00:00,4.42375
2023-02-09 04:00:00,25.560833333333335
2023-02-09 05:00:00,17.81625
2023-02-09 06:00:00,30.733333333333334
2023-02-09 07:00:00,9.4
2023-02-09 08:00:00,8.360000000000001
2023-02-09 09:00:00,17.859166666666667
2023-02-09 10:00:00,5.425
2023-02-09 11:00:00,4.662916666666667
2023-02-09 12:00:00,4.484583333333334
2023-02-09 13:00:00,4.249583333333334
2023-02-09 14:00:00,4.28625
2023-02-09 15:00:00,4.302916666666667
2023-02-09 16:00:00,4.427083333333333
2023-02-09 17:00:00,4.614166666666667
2023-02-09 18:00:00,4.503333333333333
2023-02-09 19:00:00,107.05000000000001
2023-02-09 20:00:00,36.7725
2023-02-09 21:00:00,15.094583333333333
2023-02-09 22:00:00,26.23875
2023-02-09 23:00:00,25.14791666666667
2023-02-10 00:00:00,14.329166666666667
2023-02-10 01:00:00,20.63625
2023-02-10 02:00:00,23.33375
2023-02-10 03:00:00,22.629583333333333
2023-02-10 04:00:00,21.387083333333333
2023-02-10 05:00:00,22.923333333333332
2023-02-10 06:00:00,48.206250000000004
2023-02-10 07:00:00,32.583333333333336
2023-02-10 08:00:00,22.830416666666665
2023-02-10 09:00:00,20.180000000000003
2023-02-10 10:00:00,20.232083333333332
2023-02-10 11:00:00,10.414583333333335
2023-02-10 12:00:00,5.723333333333334
2023-02-10 13:00:00,6.023333333333333
2023-02-10 14:00:00,6.458749999999999
2023-02-10 15:00:00,6.27625
2023-02-10 16:00:00,7.610833333333333
2023-02-10 17:00:00,7.918333333333333
2023-02-10 18:00:00,8.252916666666666
2023-02-10 19:00:00,8.51125
2023-02-10 20:00:00,10.05625
2023-02-10 21:00:00,10.256666666666666
2023-02-10 22:00:00,9.449583333333333
2023-02-10 23:00:00,8.514166666666666
2023-02-11 00:00:00,8.540833333333333
2023-02-11 01:00:00,8.696666666666667
2023-02-11 02:00:00,9.0975
2023-02-11 03:00:00,8.63625
2023-02-11 04:00:00,9.135416666666666
2023-02-11 05:00:00,9.980833333333333
2023-02-11 06:00:00,11.16125
2023-02-11 07:00:00,10.445416666666667
2023-02-11 08:00:00,10.372916666666667
2023-02-11 09:00:00,9.380416666666667
2023-02-11 10:00:00,10.140833333333333
2023-02-11 11:00:00,9.189583333333333
2023-02-11 12:00:00,9.626666666666667
2023-02-11 13:00:00,6.72375
2023-02-11 14:00:00,4.5200000000000005
2023-02-11 15:00:00,3.6612499999999994
2023-02-11 16:00:00,4.349583333333333
2023-02-11 17:00:00,4.8758333333333335
2023-02-11 18:00:00,4.45875
2023-02-11 19:00:00,4.3741666666666665
2023-02-11 20:00:00,3.6604166666666664
2023-02-11 21:00:00,3.109166666666667
2023-02-11 22:00:00,2.8491666666666666
2023-02-11 23:00:00,3.057916666666667
2023-02-12 00:00:00,3.69375
2023-02-12 01:00:00,3.811666666666667
2023-02-12 02:00:00,4.5945833333333335
2023-02-12 03:00:00,4.2804166666666665
2023-02-12 04:00:00,4.48125
2023-02-12 05:00:00,4.337916666666667
2023-02-12 06:00:00,4.473333333333334
2023-02-12 07:00:00,4.870833333333333
2023-02-12 08:00:00,5.1379166666666665
2023-02-12 09:00:00,5.410416666666666
2023-02-12 10:00:00,5.867916666666666
2023-02-12 11:00:00,6.698333333333333
2023-02-12 12:00:00,16.545416666666664
2023-02-12 13:00:00,29.99083333333333
2023-02-12 14:00:00,23.737083333333334
2023-02-12 15:00:00,26.412499999999998
2023-02-12 16:00:00,18.716666666666665
2023-02-12 17:00:00,7.1308333333333325
2023-02-12 18:00:00,5.73
2023-02-12 19:00:00,8.066666666666666
2023-02-12 20:00:00,7.236250000000001
2023-02-12 21:00:00,7.0375000000000005
2023-02-12 22:00:00,6.760416666666667
2023-02-12 23:00:00,6.762083333333333
2023-02-13 00:00:00,6.855833333333333
2023-02-13 01:00:00,7.057916666666666
2023-02-13 02:00:00,6.89375
2023-02-13 03:00:00,43.72541666666667
2023-02-13 04:00:00,29.62166666666667
2023-02-13 05:00:00,13.972916666666668
2023-02-13 06:00:00,14.26
2023-02-13 07:00:00,12.218333333333334
2023-02-13 08:00:00,10.937083333333334
2023-02-13 09:00:00,10.666666666666666
2023-02-13 10:00:00,10.170833333333333
2023-02-13 11:00:00,25.380416666666665
2023-02-13 12:00:00,7.3500000000000005
2023-02-13 13:00:00,7.3183333333333325
2023-02-13 14:00:00,10.270000000000001
2023-02-13 15:00:00,4.860416666666667
2023-02-13 16:00:00,4.645416666666667
2023-02-13 17:00:00,4.635416666666667
2023-02-13 18:00:00,4.689166666666666
2023-02-13 19:00:00,4.573333333333333
2023-02-13 20:00:00,4.5775
2023-02-13 21:00:00,4.739583333333333
2023-02-13 22:00:00,4.735
2023-02-13 23:00:00,4.7124999999999995
2023-02-14 00:00:00,4.9025
2023-02-14 01:00:00,4.876666666666667
2023-02-14 02:00:00,4.914166666666667
2023-02-14 03:00:00,4.960416666666667
2023-02-14 04:00:00,4.905
2023-02-14 05:00:00,9.490416666666667
2023-02-14 06:00:00,15.114166666666668
2023-02-14 07:00:00,17.259583333333335
2023-02-14 08:00:00,9.43375
2023-02-14 09:00:00,7.72125
2023-02-14 10:00:00,8.755
2023-02-14 11:00:00,6.446666666666666
2023-02-14 12:00:00,6.349166666666666
2023-02-14 13:00:00,6.804583333333333
2023-02-14 14:00:00,7.5075
2023-02-14 15:00:00,7.391666666666667
2023-02-14 16:00:00,7.129166666666666
2023-02-14 17:00:00,7.67625
2023-02-14 18:00:00,13.935833333333333
2023-02-14 19:00:00,4.9558333333333335
2023-02-14 20:00:00,4.593333333333333
2023-02-14 21:00:00,4.4158333333333335
2023-02-14 22:00:00,4.722916666666666
2023-02-14 23:00:00,4.786666666666666
2023-02-15 00:00:00,4.578333333333333
2023-02-15 01:00:00,4.433333333333334
2023-02-15 02:00:00,4.521666666666667
2023-02-15 03:00:00,4.433333333333334
2023-02-15 04:00:00,4.46625
2023-02-15 05:00:00,4.451666666666667
2023-02-15 06:00:00,26.796666666666667
2023-02-15 07:00:00,24.2375
2023-02-15 08:00:00,10.221666666666666
2023-02-15 09:00:00,7.92875
2023-02-15 10:00:00,6.904583333333334
2023-02-15 11:00:00,6.535833333333334
2023-02-15 12:00:00,6.595416666666666
2023-02-15 13:00:00,6.922083333333333
2023-02-15 14:00:00,15.216666666666667
2023-02-15 15:00:00,30.123333333333335
2023-02-15 16:00:00,12.677916666666667
2023-02-15 17:00:00,7.540833333333333
2023-02-15 18:00:00,289.2129166666667
2023-02-15 19:00:00,68.08541666666667
2023-02-15 20:00:00,29.385416666666668
2023-02-15 21:00:00,4.680833333333333
2023-02-15 22:00:00,4.440416666666667
2023-02-15 23:00:00,4.285416666666667
2023-02-16 00:00:00,4.38875
2023-02-16 01:00:00,4.3925
2023-02-16 02:00:00,4.3549999999999995
2023-02-16 03:00:00,4.54625
2023-02-16 04:00:00,4.529166666666667
2023-02-16 05:00:00,12.421666666666667
2023-02-16 06:00:00,30.796666666666667
2023-02-16 07:00:00,10.774583333333334
2023-02-16 08:00:00,7.768750000000001
2023-02-16 09:00:00,8.237916666666667
2023-02-16 10:00:00,16.318749999999998
2023-02-16 11:00:00,4.962083333333333
2023-02-16 12:00:00,4.92375
2023-02-16 13:00:00,4.897083333333334
2023-02-16 14:00:00,4.900833333333334
2023-02-16 15:00:00,4.7250000000000005
2023-02-16 16:00:00,4.73375
2023-02-16 17:00:00,4.8374999999999995
2023-02-16 18:00:00,5.23375
2023-02-16 19:00:00,4.8133333333333335
2023-02-16 20:00:00,4.752916666666667
2023-02-16 21:00:00,4.325
2023-02-16 22:00:00,4.318333333333333
2023-02-16 23:00:00,4.292083333333333
2023-02-17 00:00:00,4.245416666666666
2023-02-17 01:00:00,4.221666666666667
2023-02-17 02:00:00,4.24625
2023-02-17 03:00:00,4.165416666666666
2023-02-17 04:00:00,4.195
2023-02-17 05:00:00,4.300416666666667
2023-02-17 06:00:00,4.36125
2023-02-17 07:00:00,4.383333333333334
2023-02-17 08:00:00,4.49375
2023-02-17 09:00:00,4.8950000000000005
2023-02-17 10:00:00,4.810416666666667
2023-02-17 11:00:00,4.599166666666666
2023-02-17 12:00:00,4.159583333333333
2023-02-17 13:00:00,7.244583333333334
2023-02-17 14:00:00,17.44708333333333
2023-02-17 15:00:00,5.736250000000001
2023-02-17 16:00:00,5.798333333333333
2023-02-17 17:00:00,5.6025
2023-02-17 18:00:00,7.350416666666667
2023-02-17 19:00:00,4.50125
2023-02-17 20:00:00,4.3175
2023-02-17 21:00:00,4.483333333333333
2023-02-17 22:00:00,4.6258333333333335
2023-02-17 23:00:00,4.659583333333333
2023-02-18 00:00:00,4.2575
2023-02-18 01:00:00,4.2195833333333335
2023-02-18 02:00:00,4.49625
2023-02-18 03:00:00,4.4075
2023-02-18 04:00:00,4.345833333333334
2023-02-18 05:00:00,4.3075
2023-02-18 06:00:00,4.2625
2023-02-18 07:00:00,4.6187499999999995
2023-02-18 08:00:00,4.89
2023-02-18 09:00:00,4.665416666666666
2023-02-18 10:00:00,4.5062500000000005
2023-02-18 11:00:00,4.6625000000000005
2023-02-18 12:00:00,4.591666666666667
2023-02-18 13:00:00,4.5249999999999995
2023-02-18 14:00:00,4.60875
2023-02-18 15:00:00,4.604166666666667
2023-02-18 16:00:00,4.770416666666667
2023-02-18 17:00:00,4.918333333333333
2023-02-18 18:00:00,4.6825
2023-02-18 19:00:00,4.5075
2023-02-18 20:00:00,4.451666666666667
2023-02-18 21:00:00,4.487916666666666
2023-02-18 22:00:00,4.4816666666666665
2023-02-18 23:00:00,4.470416666666667
2023-02-19 00:00:00,4.1466666666666665
2023-02-19 01:00:00,4.072916666666667
2023-02-19 02:00:00,4.12625
2023-02-19 03:00:00,3.5475
2023-02-19 04:00:00,2.4283333333333332
2023-02-19 05:00:00,1.9500000000000002
2023-02-19 06:00:00,2.06875
2023-02-19 07:00:00,2.00875
2023-02-19 08:00:00,1.9841666666666666
2023-02-19 09:00:00,166.07208333333332
2023-02-19 10:00:00,83.53916666666666
2023-02-19 11:00:00,12.22625
2023-02-19 12:00:00,16.718333333333334
2023-02-19 13:00:00,27.7975
2023-02-19 14:00:00,40.9575
2023-02-19 15:00:00,47.05833333333334
2023-02-19 16:00:00,37.15125
2023-02-19 17:00:00,21.491249999999997
2023-02-19 18:00:00,16.14375
2023-02-19 19:00:00,6.145833333333333
2023-02-19 20:00:00,4.46
2023-02-19 21:00:00,5.9383333333333335
2023-02-19 22:00:00,6.14375
2023-02-19 23:00:00,4.763333333333333
2023-02-20 00:00:00,4.774166666666667
2023-02-20 01:00:00,4.863333333333333
2023-02-20 02:00:00,4.5125
2023-02-20 03:00:00,4.1362499999999995
2023-02-20 04:00:00,13.302083333333334
2023-02-20 05:00:00,11.657499999999999
2023-02-20 06:00:00,5.804583333333333
2023-02-20 07:00:00,6.177083333333333
2023-02-20 08:00:00,5.79375
2023-02-20 09:00:00,5.57375
2023-02-20 10:00:00,6.726666666666667
2023-02-20 11:00:00,3.732083333333333
2023-02-20 12:00:00,3.907083333333333
2023-02-20 13:00:00,3.9933333333333336
2023-02-20 14:00:00,3.967916666666667
2023-02-20 15:00:00,25.887083333333333
2023-02-20 16:00:00,5.755416666666666
2023-02-20 17:00:00,5.590416666666667
2023-02-20 18:00:00,7.102916666666666
2023-02-20 19:00:00,12.810416666666667
2023-02-20 20:00:00,4.21
2023-02-20 21:00:00,4.1499999999999995
2023-02-20 22:00:00,4.117083333333333
2023-02-20 23:00:00,4.565
2023-02-21 00:00:00,4.5062500000000005
2023-02-21 01:00:00,4.275833333333334
2023-02-21 02:00:00,4.243333333333333
2023-02-21 03:00:00,4.285416666666667
2023-02-21 04:00:00,4.359166666666667
2023-02-21 05:00:00,4.475416666666667
2023-02-21 06:00:00,22.11
2023-02-21 07:00:00,5.749583333333334
2023-02-21 08:00:00,5.3500000000000005
2023-02-21 09:00:00,5.27375
2023-02-21 10:00:00,8.561666666666666
2023-02-21 11:00:00,3.5191666666666666
2023-02-21 12:00:00,4.032916666666666
2023-02-21 13:00:00,8.654583333333333
2023-02-21 14:00:00,16.637083333333333
2023-02-21 15:00:00,8.082916666666668
2023-02-21 16:00:00,27.937916666666666
2023-02-21 17:00:00,10.438333333333333
2023-02-21 18:00:00,8.371666666666668
2023-02-21 19:00:00,16.954583333333336
2023-02-21 20:00:00,9.295833333333333
2023-02-21 21:00:00,4.762083333333333
2023-02-21 22:00:00,5.010416666666667
2023-02-21 23:00:00,4.141666666666667
2023-02-22 00:00:00,4.140833333333333
2023-02-22 01:00:00,4.247916666666667
2023-02-22 02:00:00,5.145416666666667
2023-02-22 03:00:00,4.327916666666667
2023-02-22 04:00:00,4.55375
2023-02-22 05:00:00,11.542916666666665
2023-02-22 06:00:00,44.218333333333334
2023-02-22 07:00:00,11.590416666666668
2023-02-22 08:00:00,8.67625
2023-02-22 09:00:00,7.596666666666667
2023-02-22 10:00:00,5.968333333333334
2023-02-22 11:00:00,4.1433333333333335
2023-02-22 12:00:00,4.1625000000000005
2023-02-22 13:00:00,4.2179166666666665
2023-02-22 14:00:00,4.721666666666667
2023-02-22 15:00:00,4.627916666666667
2023-02-22 16:00:00,5.0112499999999995
2023-02-22 17:00:00,4.815833333333333
2023-02-22 18:00:00,5.237916666666667
2023-02-22 19:00:00,5.322916666666667
2023-02-22 20:00:00,5.307083333333334
2023-02-22 21:00:00,5.017916666666666
2023-02-22 22:00:00,5.039583333333334
2023-02-22 23:00:00,5.019583333333333
2023-02-23 00:00:00,5.12375
2023-02-23 01:00:00,4.824583333333334
2023-02-23 02:00:00,4.876666666666667
2023-02-23 03:00:00,4.930833333333333
2023-02-23 04:00:00,5.19
2023-02-23 05:00:00,5.050833333333333
2023-02-23 06:00:00,5.122083333333333
2023-02-23 07:00:00,5.10875
2023-02-23 08:00:00,5.283333333333333
2023-02-23 09:00:00,4.891666666666667
2023-02-23 10:00:00,4.905
2023-02-23 11:00:00,4.739999999999999
2023-02-23 12:00:00,4.629166666666667
2023-02-23 13:00:00,4.904166666666667
2023-02-23 14:00:00,4.90875
2023-02-23 15:00:00,4.7275
2023-02-23 16:00:00,4.8075
2023-02-23 17:00:00,5.359166666666667
2023-02-23 18:00:00,5.2825
2023-02-23 19:00:00,5.297083333333333
2023-02-23 20:00:00,5.14625
2023-02-23 21:00:00,5.26375
2023-02-23 22:00:00,5.355416666666667
2023-02-23 23:00:00,5.5879166666666675
2023-02-24 00:00:00,5.417083333333333
2023-02-24 01:00:00,5.368333333333333
2023-02-24 02:00:00,5.295416666666667
2023-02-24 03:00:00,5.29125
2023-02-24 04:00:00,5.189166666666667
2023-02-24 05:00:00,5.010833333333333
2023-02-24 06:00:00,5.149166666666667
2023-02-24 07:00:00,5.1883333333333335
2023-02-24 08:00:00,5.122916666666667
2023-02-24 09:00:00,5.392916666666667
2023-02-24 10:00:00,5.1475
2023-02-24 11:00:00,4.891666666666667
2023-02-24 12:00:00,5.022083333333334
2023-02-24 13:00:00,4.546666666666667
2023-02-24 14:00:00,4.59375
2023-02-24 15:00:00,4.535833333333334
2023-02-24 16:00:00,4.560833333333333
2023-02-24 17:00:00,4.67875
2023-02-24 18:00:00,4.65125
2023-02-24 19:00:00,5.01875
2023-02-24 20:00:00,4.962916666666667
2023-02-24 21:00:00,5.603333333333333
2023-02-24 22:00:00,6.074166666666667
2023-02-24 23:00:00,5.574166666666667
2023-02-25 00:00:00,5.674166666666667
2023-02-25 01:00:00,5.644583333333333
2023-02-25 02:00:00,5.46375
2023-02-25 03:00:00,5.598333333333334
2023-02-25 04:00:00,5.522500000000001
2023-02-25 05:00:00,5.157916666666667
2023-02-25 06:00:00,5.490833333333334
2023-02-25 07:00:00,4.835416666666667
2023-02-25 08:00:00,4.1241666666666665
2023-02-25 09:00:00,3.95125
2023-02-25 10:00:00,9.108333333333333
2023-02-25 11:00:00,2.3995833333333336
2023-02-25 12:00:00,5.685416666666668
2023-02-25 13:00:00,1.8979166666666665
2023-02-25 14:00:00,2.151666666666667
2023-02-25 15:00:00,2.4975
2023-02-25 16:00:00,2.5720833333333335
2023-02-25 17:00:00,3.214166666666667
2023-02-25 18:00:00,2.33375
2023-02-25 19:00:00,2.1958333333333333
2023-02-25 20:00:00,2.145
2023-02-25 21:00:00,2.1770833333333335
2023-02-25 22:00:00,2.2433333333333336
2023-02-25 23:00:00,2.3725
2023-02-26 00:00:00,2.5066666666666664
2023-02-26 01:00:00,1.9887499999999998
2023-02-26 02:00:00,2.077916666666667
2023-02-26 03:00:00,2.079166666666667
2023-02-26 04:00:00,2.1374999999999997
2023-02-26 05:00:00,2.28375
2023-02-26 06:00:00,2.3675
2023-02-26 07:00:00,2.296666666666667
2023-02-26 08:00:00,2.2595833333333335
2023-02-26 09:00:00,2.3562499999999997
2023-02-26 10:00:00,2.2712499999999998
2023-02-26 11:00:00,5.415833333333334
2023-02-26 12:00:00,4.377916666666667
2023-02-26 13:00:00,5.309583333333333
2023-02-26 14:00:00,12.20125
2023-02-26 15:00:00,11.535416666666668
2023-02-26 16:00:00,8.837916666666667
2023-02-26 17:00:00,4.28
2023-02-26 18:00:00,3.1291666666666664
2023-02-26 19:00:00,2.780416666666666
2023-02-26 20:00:00,2.4991666666666665
2023-02-26 21:00:00,2.3474999999999997
2023-02-26 22:00:00,2.4970833333333333
2023-02-26 23:00:00,2.682916666666667
2023-02-27 00:00:00,2.6220833333333333
2023-02-27 01:00:00,28.495
2023-02-27 02:00:00,11.96375
2023-02-27 03:00:00,18.075833333333332
2023-02-27 04:00:00,17.8525
2023-02-27 05:00:00,6.3379166666666675
2023-02-27 06:00:00,4.509166666666666
2023-02-27 07:00:00,4.39375
2023-02-27 08:00:00,4.56
2023-02-27 09:00:00,11.197083333333333
2023-02-27 10:00:00,8.608333333333333
2023-02-27 11:00:00,7.132083333333333
2023-02-27 12:00:00,8.202083333333333
2023-02-27 13:00:00,8.42625
2023-02-27 14:00:00,6.872916666666666
2023-02-27 15:00:00,6.536666666666666
2023-02-27 16:00:00,6.485833333333333
2023-02-27 17:00:00,7.15375
2023-02-27 18:00:00,7.96125
2023-02-27 19:00:00,4.15125
2023-02-27 20:00:00,3.4604166666666667
2023-02-27 21:00:00,3.4995833333333337
2023-02-27 22:00:00,3.910833333333333
2023-02-27 23:00:00,3.7145833333333336
2023-02-28 00:00:00,3.719583333333333
2023-02-28 01:00:00,3.875
2023-02-28 02:00:00,3.6200000000000006
2023-02-28 03:00:00,3.7475
2023-02-28 04:00:00,3.9012499999999997
2023-02-28 05:00:00,3.9316666666666666
2023-02-28 06:00:00,3.888333333333333
2023-02-28 07:00:00,3.91625
2023-02-28 08:00:00,3.9183333333333334
2023-02-28 09:00:00,3.1300000000000003
2023-02-28 10:00:00,3.647916666666667
2023-02-28 11:00:00,2.7091666666666665
2023-02-28 12:00:00,3.216666666666667
2023-02-28 13:00:00,3.94
2023-02-28 14:00:00,4.0675
2023-02-28 15:00:00,4.354583333333333
2023-02-28 16:00:00,4.3925
2023-02-28 17:00:00,4.575
2023-02-28 18:00:00,4.02875
2023-02-28 19:00:00,4.1970833333333335
2023-02-28 20:00:00,3.4745833333333334
2023-02-28 21:00:00,3.9433333333333334
2023-02-28 22:00:00,3.9316666666666666
2023-02-28 23:00:00,4.38375
2023-03-01 00:00:00,4.375416666666667
2023-03-01 01:00:00,4.085833333333333
2023-03-01 02:00:00,4.3220833333333335
2023-03-01 03:00:00,3.935416666666667
2023-03-01 04:00:00,3.9033333333333338
2023-03-01 05:00:00,4.113333333333333
2023-03-01 06:00:00,4.205
2023-03-01 07:00:00,4.1970833333333335
2023-03-01 08:00:00,3.935416666666667
2023-03-01 09:00:00,4.067083333333334
2023-03-01 10:00:00,3.59375
2023-03-01 11:00:00,3.5124999999999997
2023-03-01 12:00:00,3.5825
2023-03-01 13:00:00,4.60875
2023-03-01 14:00:00,3.80125
2023-03-01 15:00:00,8.2325
2023-03-01 16:00:00,17.2
2023-03-01 17:00:00,8.228333333333333
2023-03-01 18:00:00,7.20375
2023-03-01 19:00:00,6.321666666666666
2023-03-01 20:00:00,6.444583333333333
2023-03-01 21:00:00,8.797083333333333
2023-03-01 22:00:00,8.994166666666667
2023-03-01 23:00:00,6.504166666666666
2023-03-02 00:00:00,8.230416666666667
2023-03-02 01:00:00,4.595
2023-03-02 02:00:00,3.8866666666666667
2023-03-02 03:00:00,21.80541666666667
2023-03-02 04:00:00,9.793333333333333
2023-03-02 05:00:00,23.337500000000002
2023-03-02 06:00:00,13.02875
2023-03-02 07:00:00,8.687916666666666
2023-03-02 08:00:00,7.864999999999999
2023-03-02 09:00:00,7.6275
2023-03-02 10:00:00,2.1325
2023-03-02 11:00:00,2.3516666666666666
2023-03-02 12:00:00,2.1654166666666668
2023-03-02 13:00:00,2.2270833333333333
2023-03-02 14:00:00,2.1629166666666664
2023-03-02 15:00:00,10.170416666666666
2023-03-02 16:00:00,14.017083333333334
2023-03-02 17:00:00,7.219166666666666
2023-03-02 18:00:00,4.74125
2023-03-02 19:00:00,4.074166666666667
2023-03-02 20:00:00,16.831666666666667
2023-03-02 21:00:00,2.2220833333333334
2023-03-02 22:00:00,2.339583333333333
2023-03-02 23:00:00,2.4
2023-03-03 00:00:00,2.3158333333333334
2023-03-03 01:00:00,2.393333333333333
2023-03-03 02:00:00,2.419583333333333
2023-03-03 03:00:00,2.4962500000000003
2023-03-03 04:00:00,2.5608333333333335
2023-03-03 05:00:00,21.243750000000002
2023-03-03 06:00:00,7.46
2023-03-03 07:00:00,5.301666666666667
2023-03-03 08:00:00,4.014166666666667
2023-03-03 09:00:00,13.582500000000001
2023-03-03 10:00:00,28.295833333333334
2023-03-03 11:00:00,29.066666666666666
2023-03-03 12:00:00,34.389583333333334
2023-03-03 13:00:00,21.8475
2023-03-03 14:00:00,19.8025
2023-03-03 15:00:00,19.057916666666667
2023-03-03 16:00:00,5.9504166666666665
2023-03-03 17:00:00,5.0512500000000005
2023-03-03 18:00:00,4.0775
2023-03-03 19:00:00,4.117500000000001
2023-03-03 20:00:00,4.2475
2023-03-03 21:00:00,6.367083333333333
2023-03-03 22:00:00,2.32625
2023-03-03 23:00:00,2.6175
2023-03-04 00:00:00,2.67625
2023-03-04 01:00:00,3.6062499999999997
2023-03-04 02:00:00,4.1866666666666665
2023-03-04 03:00:00,4.155
2023-03-04 04:00:00,4.244166666666667
2023-03-04 05:00:00,3.9425000000000003
2023-03-04 06:00:00,4.112916666666667
2023-03-04 07:00:00,4.353333333333333
2023-03-04 08:00:00,3.845416666666667
2023-03-04 09:00:00,3.52875
2023-03-04 10:00:00,3.4625
2023-03-04 11:00:00,3.325416666666667
2023-03-04 12:00:00,3.6141666666666663
2023-03-04 13:00:00,3.355
2023-03-04 14:00:00,2.265416666666667
2023-03-04 15:00:00,7.672916666666667
2023-03-04 16:00:00,12.831666666666669
2023-03-04 17:00:00,5.989166666666667
2023-03-04 18:00:00,4.749583333333333
2023-03-04 19:00:00,4.342083333333334
2023-03-04 20:00:00,4.21
2023-03-04 21:00:00,4.1154166666666665
2023-03-04 22:00:00,4.130416666666666
2023-03-04 23:00:00,4.110416666666667
2023-03-05 00:00:00,8.09625
2023-03-05 01:00:00,2.2754166666666666
2023-03-05 02:00:00,2.3716666666666666
2023-03-05 03:00:00,2.0662499999999997
2023-03-05 04:00:00,2.2191666666666667
2023-03-05 05:00:00,1.04375
2023-03-05 06:00:00,0.9583333333333334
2023-03-05 07:00:00,0.9291666666666667
2023-03-05 08:00:00,0.8854166666666666
2023-03-05 09:00:00,0.89
2023-03-05 10:00:00,1.0050000000000001
2023-03-05 11:00:00,0.8566666666666668
2023-03-05 12:00:00,0.94125
2023-03-05 13:00:00,1.00375
2023-03-05 14:00:00,4.031666666666667
2023-03-05 15:00:00,27.550416666666667
2023-03-05 16:00:00,22.457916666666666
2023-03-05 17:00:00,16.804166666666667
2023-03-05 18:00:00,4.825
2023-03-05 19:00:00,4.297916666666667
2023-03-05 20:00:00,4.13875
2023-03-05 21:00:00,7.245
2023-03-05 22:00:00,2.294166666666667
2023-03-05 23:00:00,2.2933333333333334
2023-03-06 00:00:00,2.4316666666666666
2023-03-06 01:00:00,2.2191666666666667
2023-03-06 02:00:00,8.851666666666667
2023-03-06 03:00:00,11.917916666666668
2023-03-06 04:00:00,4.2491666666666665
2023-03-06 05:00:00,15.060416666666667
2023-03-06 06:00:00,7.1258333333333335
2023-03-06 07:00:00,4.778333333333333
2023-03-06 08:00:00,4.759166666666666
2023-03-06 09:00:00,5.7508333333333335
2023-03-06 10:00:00,3.247916666666667
2023-03-06 11:00:00,3.436666666666667
2023-03-06 12:00:00,7.674166666666667
2023-03-06 13:00:00,1.9762500000000003
2023-03-06 14:00:00,2.0283333333333338
2023-03-06 15:00:00,30.825416666666666
2023-03-06 16:00:00,15.033333333333333
2023-03-06 17:00:00,18.813333333333333
2023-03-06 18:00:00,20.659166666666668
2023-03-06 19:00:00,15.265
2023-03-06 20:00:00,6.726666666666667
2023-03-06 21:00:00,2.9791666666666665
2023-03-06 22:00:00,2.544166666666667
2023-03-06 23:00:00,2.74875
2023-03-07 00:00:00,3.0858333333333334
2023-03-07 01:00:00,2.97875
2023-03-07 02:00:00,3.1575
2023-03-07 03:00:00,3.1654166666666668
2023-03-07 04:00:00,3.1487499999999997
2023-03-07 05:00:00,16.39625
2023-03-07 06:00:00,10.741666666666667
2023-03-07 07:00:00,4.22875
2023-03-07 08:00:00,4.126666666666666
2023-03-07 09:00:00,4.015
2023-03-07 10:00:00,3.918333333333333
2023-03-07 11:00:00,2.2416666666666667
2023-03-07 12:00:00,2.3204166666666666
2023-03-07 13:00:00,2.3945833333333333
2023-03-07 14:00:00,2.1579166666666665
2023-03-07 15:00:00,15.219583333333333
2023-03-07 16:00:00,10.019583333333333
2023-03-07 17:00:00,4.667916666666667
2023-03-07 18:00:00,4.83125
2023-03-07 19:00:00,4.958333333333333
2023-03-07 20:00:00,4.365833333333334
2023-03-07 21:00:00,2.27
2023-03-07 22:00:00,2.4283333333333332
2023-03-07 23:00:00,2.320416666666667
2023-03-08 00:00:00,2.3070833333333334
2023-03-08 01:00:00,2.1708333333333334
2023-03-08 02:00:00,2.25375
2023-03-08 03:00:00,2.1766666666666667
2023-03-08 04:00:00,2.1945833333333336
2023-03-08 05:00:00,6.619583333333334
2023-03-08 06:00:00,20.870416666666667
2023-03-08 07:00:00,5.670000000000001
2023-03-08 08:00:00,5.085833333333333
2023-03-08 09:00:00,5.06125
2023-03-08 10:00:00,5.445833333333333
2023-03-08 11:00:00,3.4112499999999994
2023-03-08 12:00:00,2.424166666666667
2023-03-08 13:00:00,2.405416666666667
2023-03-08 14:00:00,4.625416666666667
2023-03-08 15:00:00,20.582916666666666
2023-03-08 16:00:00,5.8812500000000005
2023-03-08 17:00:00,4.984166666666667
2023-03-08 18:00:00,5.1466666666666665
2023-03-08 19:00:00,5.057916666666666
2023-03-08 20:00:00,5.359583333333333
2023-03-08 21:00:00,3.885
2023-03-08 22:00:00,2.484166666666667
2023-03-08 23:00:00,2.4770833333333333
2023-03-09 00:00:00,2.3470833333333334
2023-03-09 01:00:00,2.5749999999999997
2023-03-09 02:00:00,2.5870833333333336
2023-03-09 03:00:00,2.5129166666666665
2023-03-09 04:00:00,2.607083333333333
2023-03-09 05:00:00,14.089583333333335
2023-03-09 06:00:00,13.878749999999998
2023-03-09 07:00:00,5.387083333333333
2023-03-09 08:00:00,5.196666666666666
2023-03-09 09:00:00,5.015833333333333
2023-03-09 10:00:00,4.715416666666667
2023-03-09 11:00:00,2.25
2023-03-09 12:00:00,2.2175
2023-03-09 13:00:00,2.33
2023-03-09 14:00:00,2.35125
2023-03-09 15:00:00,10.088333333333333
2023-03-09 16:00:00,25.585416666666664
2023-03-09 17:00:00,5.852916666666666
2023-03-09 18:00:00,5.285
2023-03-09 19:00:00,4.9870833333333335
2023-03-09 20:00:00,4.9245833333333335
2023-03-09 21:00:00,4.712916666666667
2023-03-09 22:00:00,3.5883333333333334
2023-03-09 23:00:00,3.9275
2023-03-10 00:00:00,3.077083333333333
2023-03-10 01:00:00,2.3754166666666667
2023-03-10 02:00:00,2.3791666666666664
2023-03-10 03:00:00,2.362083333333333
2023-03-10 04:00:00,2.3712500000000003
2023-03-10 05:00:00,11.644583333333335
2023-03-10 06:00:00,4.885416666666667
2023-03-10 07:00:00,3.728333333333333
2023-03-10 08:00:00,3.72875
2023-03-10 09:00:00,2.9762500000000003
2023-03-10 10:00:00,2.5175
2023-03-10 11:00:00,2.580833333333333
2023-03-10 12:00:00,2.6179166666666664
2023-03-10 13:00:00,2.6908333333333334
2023-03-10 14:00:00,2.64
2023-03-10 15:00:00,8.008750000000001
2023-03-10 16:00:00,6.712916666666666
2023-03-10 17:00:00,3.9291666666666667
2023-03-10 18:00:00,4.043333333333334
2023-03-10 19:00:00,3.985
2023-03-10 20:00:00,5.0200000000000005
2023-03-10 21:00:00,2.5349999999999997
2023-03-10 22:00:00,2.560416666666667
2023-03-10 23:00:00,2.5641666666666665
2023-03-11 00:00:00,2.53125
2023-03-11 01:00:00,2.475
2023-03-11 02:00:00,2.495416666666667
2023-03-11 03:00:00,2.5195833333333333
2023-03-11 04:00:00,2.5241666666666664
2023-03-11 05:00:00,2.49
2023-03-11 06:00:00,2.5795833333333333
2023-03-11 07:00:00,2.57
2023-03-11 08:00:00,2.57
2023-03-11 09:00:00,2.5974999999999997
2023-03-11 10:00:00,2.6679166666666667
2023-03-11 11:00:00,2.6666666666666665
2023-03-11 12:00:00,2.6791666666666667
2023-03-11 13:00:00,2.81125
2023-03-11 14:00:00,8.679166666666667
2023-03-11 15:00:00,5.894583333333333
2023-03-11 16:00:00,4.2091666666666665
2023-03-11 17:00:00,4.332916666666667
2023-03-11 18:00:00,4.1325
2023-03-11 19:00:00,4.015833333333333
2023-03-11 20:00:00,4.8637500000000005
2023-03-11 21:00:00,2.51125
2023-03-11 22:00:00,2.504583333333333
2023-03-11 23:00:00,2.4541666666666666
2023-03-12 00:00:00,2.405416666666667
2023-03-12 01:00:00,2.505
2023-03-12 02:00:00,2.535
2023-03-12 03:00:00,2.419583333333333
2023-03-12 04:00:00,2.4183333333333334
2023-03-12 05:00:00,2.4879166666666666
2023-03-12 06:00:00,2.4495833333333334
2023-03-12 07:00:00,2.490416666666667
2023-03-12 08:00:00,2.3529166666666668
2023-03-12 09:00:00,2.2741666666666664
2023-03-12 10:00:00,2.379166666666667
2023-03-12 11:00:00,2.3329166666666667
2023-03-12 12:00:00,2.462083333333333
2023-03-12 13:00:00,2.6091666666666664
2023-03-12 14:00:00,2.4929166666666664
2023-03-12 15:00:00,2.5725
2023-03-12 16:00:00,2.4325
2023-03-12 17:00:00,2.42125
2023-03-12 18:00:00,2.4745833333333334
2023-03-12 19:00:00,2.5925
2023-03-12 20:00:00,2.5666666666666664
2023-03-12 21:00:00,2.5812500000000003
2023-03-12 22:00:00,2.504583333333333
2023-03-12 23:00:00,2.450416666666667
2023-03-13 00:00:00,2.4654166666666666
2023-03-13 01:00:00,2.4608333333333334
2023-03-13 02:00:00,2.42875
2023-03-13 03:00:00,11.9525
2023-03-13 04:00:00,23.724999999999998
2023-03-13 05:00:00,11.575833333333334
2023-03-13 06:00:00,6.450833333333333
2023-03-13 07:00:00,6.133333333333333
2023-03-13 08:00:00,5.725833333333334
2023-03-13 09:00:00,5.205416666666666
2023-03-13 10:00:00,2.6216666666666666
2023-03-13 11:00:00,2.5591666666666666
2023-03-13 12:00:00,2.5795833333333333
2023-03-13 13:00:00,2.6233333333333335
2023-03-13 14:00:00,2.6191666666666666
2023-03-13 15:00:00,2.513333333333333
2023-03-13 16:00:00,2.59125
2023-03-13 17:00:00,2.6220833333333333
2023-03-13 18:00:00,2.39
2023-03-13 19:00:00,2.40375
2023-03-13 20:00:00,2.5858333333333334
2023-03-13 21:00:00,2.6391666666666667
2023-03-13 22:00:00,2.2604166666666665
2023-03-13 23:00:00,2.4575
2023-03-14 00:00:00,2.4375
2023-03-14 01:00:00,2.5704166666666666
2023-03-14 02:00:00,2.48875
2023-03-14 03:00:00,2.6512499999999997
2023-03-14 04:00:00,2.6750000000000003
2023-03-14 05:00:00,9.7225
2023-03-14 06:00:00,4.214583333333334
2023-03-14 07:00:00,4.18
2023-03-14 08:00:00,4.2625
2023-03-14 09:00:00,4.163333333333333
2023-03-14 10:00:00,3.8204166666666666
2023-03-14 11:00:00,2.325416666666667
2023-03-14 12:00:00,2.375
2023-03-14 13:00:00,2.7083333333333335
2023-03-14 14:00:00,2.7191666666666667
2023-03-14 15:00:00,7.597916666666667
2023-03-14 16:00:00,6.726666666666667
2023-03-14 17:00:00,3.9812499999999997
2023-03-14 18:00:00,4.04125
2023-03-14 19:00:00,3.86875
2023-03-14 20:00:00,4.1033333333333335
2023-03-14 21:00:00,2.5033333333333334
2023-03-14 22:00:00,2.5479166666666666
2023-03-14 23:00:00,2.4608333333333334
2023-03-15 00:00:00,2.502083333333333
2023-03-15 01:00:00,2.4916666666666667
2023-03-15 02:00:00,2.6008333333333336
2023-03-15 03:00:00,2.5033333333333334
2023-03-15 04:00:00,2.51625
2023-03-15 05:00:00,9.8925
2023-03-15 06:00:00,5.472916666666666
2023-03-15 07:00:00,3.799583333333333
2023-03-15 08:00:00,16.728333333333335
2023-03-15 09:00:00,12.560416666666667
2023-03-15 10:00:00,4.167083333333333
2023-03-15 11:00:00,3.7125000000000004
2023-03-15 12:00:00,3.6337500000000005
2023-03-15 13:00:00,3.6666666666666665
2023-03-15 14:00:00,3.829166666666667
2023-03-15 15:00:00,10.138333333333334
2023-03-15 16:00:00,6.220416666666666
2023-03-15 17:00:00,5.102916666666666
2023-03-15 18:00:00,5.4375
2023-03-15 19:00:00,5.733333333333333
2023-03-15 20:00:00,3.9133333333333336
2023-03-15 21:00:00,3.7716666666666665
2023-03-15 22:00:00,2.7125
2023-03-15 23:00:00,2.78875
2023-03-16 00:00:00,2.7291666666666665
2023-03-16 01:00:00,2.779166666666667
2023-03-16 02:00:00,2.714583333333333
2023-03-16 03:00:00,2.8233333333333337
2023-03-16 04:00:00,2.7262500000000003
2023-03-16 05:00:00,8.371666666666668
2023-03-16 06:00:00,7.863333333333333
2023-03-16 07:00:00,4.4558333333333335
2023-03-16 08:00:00,16.673333333333336
2023-03-16 09:00:00,11.050416666666665
2023-03-16 10:00:00,4.716666666666666
2023-03-16 11:00:00,4.124583333333333
2023-03-16 12:00:00,4.12875
2023-03-16 13:00:00,4.128333333333333
2023-03-16 14:00:00,3.8679166666666664
2023-03-16 15:00:00,14.05625
2023-03-16 16:00:00,16.524583333333332
2023-03-16 17:00:00,7.245
2023-03-16 18:00:00,6.647916666666666
2023-03-16 19:00:00,7.447916666666667
2023-03-16 20:00:00,7.1570833333333335
2023-03-16 21:00:00,2.620416666666667
2023-03-16 22:00:00,2.6
2023-03-16 23:00:00,2.6875
2023-03-17 00:00:00,2.6108333333333333
2023-03-17 01:00:00,2.80125
2023-03-17 02:00:00,2.778333333333333
2023-03-17 03:00:00,2.75375
2023-03-17 04:00:00,10.089583333333332
2023-03-17 05:00:00,15.44625
2023-03-17 06:00:00,6.978333333333333
2023-03-17 07:00:00,5.092083333333333
2023-03-17 08:00:00,5.522916666666667
2023-03-17 09:00:00,5.460833333333333
2023-03-17 10:00:00,5.12375
2023-03-17 11:00:00,6.26625
2023-03-17 12:00:00,4.235416666666667
2023-03-17 13:00:00,4.375416666666666
2023-03-17 14:00:00,14.660833333333334
2023-03-17 15:00:00,6.232916666666667
2023-03-17 16:00:00,5.03625
2023-03-17 17:00:00,5.176666666666667
2023-03-17 18:00:00,5.0062500000000005
2023-03-17 19:00:00,4.708333333333333
2023-03-17 20:00:00,5.53375
2023-03-17 21:00:00,4.57125
2023-03-17 22:00:00,4.391666666666667
2023-03-17 23:00:00,3.739166666666667
2023-03-18 00:00:00,4.515833333333333
2023-03-18 01:00:00,2.860416666666666
2023-03-18 02:00:00,2.665833333333333
2023-03-18 03:00:00,2.82625
2023-03-18 04:00:00,2.68875
2023-03-18 05:00:00,2.5820833333333333
2023-03-18 06:00:00,2.5749999999999997
2023-03-18 07:00:00,2.1020833333333333
2023-03-18 08:00:00,3.9091666666666662
2023-03-18 09:00:00,2.848333333333333
2023-03-18 10:00:00,1.21875
2023-03-18 11:00:00,1.1854166666666668
2023-03-18 12:00:00,1.18625
2023-03-18 13:00:00,1.3129166666666665
2023-03-18 14:00:00,5.859999999999999
2023-03-18 15:00:00,6.724166666666666
2023-03-18 16:00:00,3.0341666666666662
2023-03-18 17:00:00,3.1845833333333338
2023-03-18 18:00:00,3.0895833333333336
2023-03-18 19:00:00,3.0500000000000003
2023-03-18 20:00:00,2.9358333333333335
2023-03-18 21:00:00,2.903333333333333
2023-03-18 22:00:00,2.8158333333333334
2023-03-18 23:00:00,2.669166666666667
2023-03-19 00:00:00,3.5058333333333334
2023-03-19 01:00:00,1.4370833333333335
2023-03-19 02:00:00,1.4858333333333331
2023-03-19 03:00:00,1.5029166666666667
2023-03-19 04:00:00,1.5033333333333332
2023-03-19 05:00:00,1.3787500000000001
2023-03-19 06:00:00,1.4312500000000001
2023-03-19 07:00:00,1.4233333333333331
2023-03-19 08:00:00,1.4366666666666668
2023-03-19 09:00:00,1.47375
2023-03-19 10:00:00,1.4225
2023-03-19 11:00:00,1.41125
2023-03-19 12:00:00,1.4375
2023-03-19 13:00:00,1.5512499999999998
2023-03-19 14:00:00,33.604166666666664
2023-03-19 15:00:00,7.95
2023-03-19 16:00:00,13.54125
2023-03-19 17:00:00,12.725
2023-03-19 18:00:00,8.56375
2023-03-19 19:00:00,3.495416666666667
2023-03-19 20:00:00,2.91375
2023-03-19 21:00:00,2.9075
2023-03-19 22:00:00,2.966666666666667
2023-03-19 23:00:00,2.86375
2023-03-20 00:00:00,2.8441666666666667
2023-03-20 01:00:00,2.857083333333333
2023-03-20 02:00:00,2.9141666666666666
2023-03-20 03:00:00,3.0641666666666665
2023-03-20 04:00:00,3.044583333333333
2023-03-20 05:00:00,3.004583333333333
2023-03-20 06:00:00,3.0529166666666665
2023-03-20 07:00:00,2.9012499999999997
2023-03-20 08:00:00,3.2108333333333334
2023-03-20 09:00:00,3.14625
2023-03-20 10:00:00,3.045833333333333
2023-03-20 11:00:00,3.2925
2023-03-20 12:00:00,3.2670833333333333
2023-03-20 13:00:00,3.2533333333333334
2023-03-20 14:00:00,15.904583333333335
2023-03-20 15:00:00,4.622083333333333
2023-03-20 16:00:00,4.51
2023-03-20 17:00:00,4.425416666666667
2023-03-20 18:00:00,4.093333333333333
2023-03-20 19:00:00,4.175833333333333
2023-03-20 20:00:00,5.059166666666667
2023-03-20 21:00:00,2.94875
2023-03-20 22:00:00,2.9483333333333337
2023-03-20 23:00:00,3.154166666666667
2023-03-21 00:00:00,2.6975
2023-03-21 01:00:00,2.7475
2023-03-21 02:00:00,2.764583333333333
2023-03-21 03:00:00,3.095833333333333
2023-03-21 04:00:00,18.43625
2023-03-21 05:00:00,4.55375
2023-03-21 06:00:00,4.6450000000000005
2023-03-21 07:00:00,4.695833333333334
2023-03-21 08:00:00,3.8866666666666667
2023-03-21 09:00:00,4.5562499999999995
2023-03-21 10:00:00,2.8358333333333334
2023-03-21 11:00:00,2.5741666666666667
2023-03-21 12:00:00,2.76375
2023-03-21 13:00:00,3.1004166666666664
2023-03-21 14:00:00,3.1158333333333332
2023-03-21 15:00:00,3.0070833333333336
2023-03-21 16:00:00,2.8295833333333333
2023-03-21 17:00:00,2.9895833333333335
2023-03-21 18:00:00,3.0108333333333337
2023-03-21 19:00:00,3.1733333333333333
2023-03-21 20:00:00,3.200416666666667
2023-03-21 21:00:00,3.18625
2023-03-21 22:00:00,3.2416666666666667
2023-03-21 23:00:00,3.385
2023-03-22 00:00:00,3.2558333333333334
2023-03-22 01:00:00,3.123333333333333
2023-03-22 02:00:00,3.1166666666666667
2023-03-22 03:00:00,3.3520833333333333
2023-03-22 04:00:00,3.4320833333333334
2023-03-22 05:00:00,16.364166666666666
2023-03-22 06:00:00,4.65375
2023-03-22 07:00:00,4.588333333333334
2023-03-22 08:00:00,4.492916666666667
2023-03-22 09:00:00,4.62
2023-03-22 10:00:00,3.2429166666666664
2023-03-22 11:00:00,3.426666666666667
2023-03-22 12:00:00,3.4179166666666667
2023-03-22 13:00:00,3.4195833333333336
2023-03-22 14:00:00,3.4116666666666666
2023-03-22 15:00:00,17.72041666666667
2023-03-22 16:00:00,4.03
2023-03-22 17:00:00,3.5141666666666667
2023-03-22 18:00:00,3.13125
2023-03-22 19:00:00,3.5991666666666666
2023-03-22 20:00:00,2.5475
2023-03-22 21:00:00,2.48375
2023-03-22 22:00:00,2.5004166666666667
2023-03-22 23:00:00,2.557916666666667
2023-03-23 00:00:00,2.5391666666666666
2023-03-23 01:00:00,2.62625
2023-03-23 02:00:00,2.5629166666666667
2023-03-23 03:00:00,2.4429166666666666
2023-03-23 04:00:00,2.177916666666667
2023-03-23 05:00:00,14.505
2023-03-23 06:00:00,13.49375
2023-03-23 07:00:00,4.2825
2023-03-23 08:00:00,4.821666666666666
2023-03-23 09:00:00,4.567916666666666
2023-03-23 10:00:00,4.554166666666666
2023-03-23 11:00:00,4.616666666666666
2023-03-23 12:00:00,3.2095833333333332
2023-03-23 13:00:00,3.3208333333333333
2023-03-23 14:00:00,3.3658333333333332
2023-03-23 15:00:00,3.0395833333333333
2023-03-23 16:00:00,4.028333333333333
2023-03-23 17:00:00,1.9954166666666666
2023-03-23 18:00:00,1.9683333333333335
2023-03-23 19:00:00,2.2558333333333334
2023-03-23 20:00:00,2.2937499999999997
2023-03-23 21:00:00,2.0270833333333336
2023-03-23 22:00:00,2.2600000000000002
2023-03-23 23:00:00,1.89125
2023-03-24 00:00:00,1.8516666666666666
2023-03-24 01:00:00,1.8954166666666667
2023-03-24 02:00:00,2.0295833333333335
2023-03-24 03:00:00,1.9916666666666665
2023-03-24 04:00:00,2.285
2023-03-24 05:00:00,1.8766666666666667
2023-03-24 06:00:00,1.9391666666666667
2023-03-24 07:00:00,2.0216666666666665
2023-03-24 08:00:00,2.200833333333333
2023-03-24 09:00:00,1.9124999999999999
2023-03-24 10:00:00,2.0433333333333334
2023-03-24 11:00:00,2.4470833333333335
2023-03-24 12:00:00,1.8845833333333335
2023-03-24 13:00:00,1.8033333333333335
2023-03-24 14:00:00,1.8033333333333335
2023-03-24 15:00:00,1.8083333333333333
2023-03-24 16:00:00,2.0825
2023-03-24 17:00:00,1.8166666666666667
2023-03-24 18:00:00,1.9908333333333335
2023-03-24 19:00:00,2.0654166666666667
2023-03-24 20:00:00,2.2158333333333333
2023-03-24 21:00:00,2.1645833333333333
2023-03-24 22:00:00,2.1845833333333333
2023-03-24 23:00:00,2.1233333333333335
2023-03-25 00:00:00,2.06625
2023-03-25 01:00:00,1.8729166666666668
2023-03-25 02:00:00,1.9470833333333333
2023-03-25 03:00:00,1.9495833333333332
2023-03-25 04:00:00,2.0795833333333333
2023-03-25 05:00:00,2.0295833333333335
2023-03-25 06:00:00,1.9291666666666665
2023-03-25 07:00:00,1.9037499999999998
2023-03-25 08:00:00,1.9495833333333332
2023-03-25 09:00:00,2.192083333333333
2023-03-25 10:00:00,9.338333333333333
2023-03-25 11:00:00,8.557916666666666
2023-03-25 12:00:00,1.8016666666666667
2023-03-25 13:00:00,6.952916666666667
2023-03-25 14:00:00,11.74
2023-03-25 15:00:00,3.6975
2023-03-25 16:00:00,3.6775
2023-03-25 17:00:00,3.0033333333333334
2023-03-25 18:00:00,5.645833333333333
2023-03-25 19:00:00,1.8020833333333333
2023-03-25 20:00:00,1.8074999999999999
2023-03-25 21:00:00,1.8175000000000001
2023-03-25 22:00:00,1.8499999999999999
2023-03-25 23:00:00,1.9029166666666668
2023-03-26 00:00:00,1.7466666666666668
2023-03-26 01:00:00,1.78875
2023-03-26 02:00:00,1.77375
2023-03-26 03:00:00,1.8408333333333333
2023-03-26 04:00:00,1.7529166666666667
2023-03-26 05:00:00,1.7633333333333334
2023-03-26 06:00:00,1.7595833333333333
2023-03-26 07:00:00,1.8041666666666665
2023-03-26 08:00:00,1.7154166666666668
2023-03-26 09:00:00,2.1975000000000002
2023-03-26 10:00:00,1.7608333333333333
2023-03-26 11:00:00,46.16416666666667
2023-03-26 12:00:00,29.800833333333333
2023-03-26 13:00:00,118.09541666666665
2023-03-26 14:00:00,32.371249999999996
2023-03-26 15:00:00,24.649583333333336
2023-03-26 16:00:00,19.075833333333332
2023-03-26 17:00:00,31.713333333333335
2023-03-26 18:00:00,38.10125
2023-03-26 19:00:00,20.11875
2023-03-26 20:00:00,3.935416666666667
2023-03-26 21:00:00,3.092916666666667
2023-03-26 22:00:00,3.3212500000000005
2023-03-26 23:00:00,4.615833333333334
2023-03-27 00:00:00,3.9775000000000005
2023-03-27 01:00:00,1.5033333333333332
2023-03-27 02:00:00,1.6120833333333333
2023-03-27 03:00:00,1.6966666666666665
2023-03-27 04:00:00,1.8195833333333333
2023-03-27 05:00:00,1.8754166666666665
2023-03-27 06:00:00,2.084166666666667
2023-03-27 07:00:00,1.8070833333333332
2023-03-27 08:00:00,1.7
2023-03-27 09:00:00,1.6104166666666666
2023-03-27 10:00:00,1.6670833333333333
2023-03-27 11:00:00,1.6987499999999998
2023-03-27 12:00:00,2.1158333333333332
2023-03-27 13:00:00,1.9691666666666665
2023-03-27 14:00:00,16.249166666666664
2023-03-27 15:00:00,3.6841666666666666
2023-03-27 16:00:00,4.039166666666667
2023-03-27 17:00:00,3.22875
2023-03-27 18:00:00,3.234166666666667
2023-03-27 19:00:00,1.8375000000000001
2023-03-27 20:00:00,1.8270833333333332
2023-03-27 21:00:00,1.7995833333333333
2023-03-27 22:00:00,1.8895833333333332
2023-03-27 23:00:00,1.8454166666666667
2023-03-28 00:00:00,1.82875
2023-03-28 01:00:00,1.8341666666666667
2023-03-28 02:00:00,1.8466666666666667
2023-03-28 03:00:00,1.8383333333333332
2023-03-28 04:00:00,1.7979166666666666
2023-03-28 05:00:00,1.81125
2023-03-28 06:00:00,1.78125
2023-03-28 07:00:00,1.7879166666666668
2023-03-28 08:00:00,1.81125
2023-03-28 09:00:00,1.9145833333333335
2023-03-28 10:00:00,1.8258333333333334
2023-03-28 11:00:00,1.78125
2023-03-28 12:00:00,1.7425
2023-03-28 13:00:00,1.6812500000000001
2023-03-28 14:00:00,1.7316666666666667
2023-03-28 15:00:00,13.698750000000002
2023-03-28 16:00:00,10.190833333333334
2023-03-28 17:00:00,3.2312499999999997
2023-03-28 18:00:00,2.935416666666667
2023-03-28 19:00:00,2.9858333333333333
2023-03-28 20:00:00,2.98375
2023-03-28 21:00:00,3.254583333333333
2023-03-28 22:00:00,1.6754166666666668
2023-03-28 23:00:00,1.6616666666666668
2023-03-29 00:00:00,1.6279166666666667
2023-03-29 01:00:00,1.6316666666666666
2023-03-29 02:00:00,1.4854166666666666
2023-03-29 03:00:00,1.45125
2023-03-29 04:00:00,1.5008333333333335
2023-03-29 05:00:00,1.43875
2023-03-29 06:00:00,1.4345833333333333
2023-03-29 07:00:00,1.4695833333333332
2023-03-29 08:00:00,1.4458333333333335
2023-03-29 09:00:00,1.2929166666666667
2023-03-29 10:00:00,1.4779166666666665
2023-03-29 11:00:00,1.6533333333333333
2023-03-29 12:00:00,1.6204166666666666
2023-03-29 13:00:00,1.6641666666666666
2023-03-29 14:00:00,1.7437500000000001
2023-03-29 15:00:00,8.027916666666666
2023-03-29 16:00:00,9.014583333333333
2023-03-29 17:00:00,3.3233333333333337
2023-03-29 18:00:00,2.8516666666666666
2023-03-29 19:00:00,2.768333333333333
2023-03-29 20:00:00,7.002083333333332
2023-03-29 21:00:00,1.6483333333333334
2023-03-29 22:00:00,1.8425
2023-03-29 23:00:00,1.7833333333333332
2023-03-30 00:00:00,1.6770833333333333
2023-03-30 01:00:00,1.4704166666666667
2023-03-30 02:00:00,1.4629166666666666
2023-03-30 03:00:00,1.6533333333333333
2023-03-30 04:00:00,1.6524999999999999
2023-03-30 05:00:00,1.6454166666666665
2023-03-30 06:00:00,1.9245833333333333
2023-03-30 07:00:00,1.9579166666666667
2023-03-30 08:00:00,1.9775
2023-03-30 09:00:00,1.8629166666666668
2023-03-30 10:00:00,1.8208333333333335
2023-03-30 11:00:00,2.1879166666666667
2023-03-30 12:00:00,1.7366666666666666
2023-03-30 13:00:00,1.7837500000000002
2023-03-30 14:00:00,11.769166666666665
2023-03-30 15:00:00,9.022499999999999
2023-03-30 16:00:00,3.4604166666666667
2023-03-30 17:00:00,3.282083333333333
2023-03-30 18:00:00,3.435416666666667
2023-03-30 19:00:00,3.4120833333333334
2023-03-30 20:00:00,4.4375
2023-03-30 21:00:00,2.14875
2023-03-30 22:00:00,2.12125
2023-03-30 23:00:00,2.18125
2023-03-31 00:00:00,1.9295833333333334
2023-03-31 01:00:00,2.07375
2023-03-31 02:00:00,2.1004166666666664
2023-03-31 03:00:00,2.0808333333333335
2023-03-31 04:00:00,1.99875
2023-03-31 05:00:00,1.9470833333333335
2023-03-31 06:00:00,1.82
2023-03-31 07:00:00,1.9662499999999998
2023-03-31 08:00:00,2.0904166666666666
2023-03-31 09:00:00,1.9358333333333333
2023-03-31 10:00:00,2.0979166666666664
2023-03-31 11:00:00,1.9470833333333333
2023-03-31 12:00:00,2.0116666666666667
2023-03-31 13:00:00,2.1641666666666666
2023-03-31 14:00:00,2.0083333333333333
2023-03-31 15:00:00,13.921666666666667
2023-03-31 16:00:00,4.016666666666667
2023-03-31 17:00:00,3.6858333333333335
2023-03-31 18:00:00,3.0941666666666667
2023-03-31 19:00:00,3.275
2023-03-31 20:00:00,4.05875
2023-03-31 21:00:00,1.9066666666666665
2023-03-31 22:00:00,2.2395833333333335
2023-03-31 23:00:00,2.1854166666666663
2023-04-01 00:00:00,2.04875
2023-04-01 01:00:00,1.9620833333333332
2023-04-01 02:00:00,2.1233333333333335
2023-04-01 03:00:00,1.9720833333333332
2023-04-01 04:00:00,2.0154166666666664
2023-04-01 05:00:00,2.0716666666666668
2023-04-01 06:00:00,2.21375
2023-04-01 07:00:00,2.2295833333333333
2023-04-01 08:00:00,2.2908333333333335
2023-04-01 09:00:00,2.2741666666666664
2023-04-01 10:00:00,2.372916666666667
2023-04-01 11:00:00,3.269166666666667
2023-04-01 12:00:00,3.7254166666666673
2023-04-01 13:00:00,2.2395833333333335
2023-04-01 14:00:00,2.27875
2023-04-01 15:00:00,10.371250000000002
2023-04-01 16:00:00,10.015
2023-04-01 17:00:00,5.56375
2023-04-01 18:00:00,9.115
2023-04-01 19:00:00,3.87375
2023-04-01 20:00:00,3.8558333333333334
2023-04-01 21:00:00,4.664583333333334
2023-04-01 22:00:00,2.427916666666667
2023-04-01 23:00:00,2.396666666666667
2023-04-02 00:00:00,1.8395833333333333
2023-04-02 01:00:00,2.1029166666666668
2023-04-02 02:00:00,1.8583333333333334
2023-04-02 03:00:00,1.8687500000000001
2023-04-02 04:00:00,1.7883333333333333
2023-04-02 05:00:00,1.8475000000000001
2023-04-02 06:00:00,1.8108333333333333
2023-04-02 07:00:00,1.7779166666666668
2023-04-02 08:00:00,1.8566666666666667
2023-04-02 09:00:00,2.07125
2023-04-02 10:00:00,1.9945833333333332
2023-04-02 11:00:00,1.9649999999999999
2023-04-02 12:00:00,1.8766666666666667
2023-04-02 13:00:00,1.8895833333333334
2023-04-02 14:00:00,1.9454166666666666
2023-04-02 15:00:00,2.18
2023-04-02 16:00:00,2.0279166666666666
2023-04-02 17:00:00,1.8220833333333333
2023-04-02 18:00:00,1.8420833333333333
2023-04-02 19:00:00,1.81375
2023-04-02 20:00:00,1.7966666666666666
2023-04-02 21:00:00,1.7625
2023-04-02 22:00:00,1.7995833333333333
2023-04-02 23:00:00,1.8033333333333335
2023-04-03 00:00:00,1.7629166666666667
2023-04-03 01:00:00,1.7895833333333335
2023-04-03 02:00:00,1.8083333333333333
2023-04-03 03:00:00,1.8549999999999998
2023-04-03 04:00:00,1.8645833333333333
2023-04-03 05:00:00,1.8466666666666665
2023-04-03 06:00:00,1.86125
2023-04-03 07:00:00,1.8283333333333334
2023-04-03 08:00:00,1.9645833333333333
2023-04-03 09:00:00,2.16125
2023-04-03 10:00:00,2.1116666666666664
2023-04-03 11:00:00,2.4654166666666666
2023-04-03 12:00:00,2.1037500000000002
2023-04-03 13:00:00,2.060416666666667
2023-04-03 14:00:00,1.9116666666666664
2023-04-03 15:00:00,2.2266666666666666
2023-04-03 16:00:00,12.5775
2023-04-03 17:00:00,3.48
2023-04-03 18:00:00,3.4579166666666663
2023-04-03 19:00:00,2.97
2023-04-03 20:00:00,4.589166666666666
2023-04-03 21:00:00,1.8037500000000002
2023-04-03 22:00:00,1.8425
2023-04-03 23:00:00,1.8633333333333333
2023-04-04 00:00:00,1.7125000000000001
2023-04-04 01:00:00,107.73708333333333
2023-04-04 02:00:00,8.360416666666666
2023-04-04 03:00:00,13.979583333333332
2023-04-04 04:00:00,10.933333333333335
2023-04-04 05:00:00,8.047500000000001
2023-04-04 06:00:00,5.618333333333333
2023-04-04 07:00:00,3.682916666666667
2023-04-04 08:00:00,3.56125
2023-04-04 09:00:00,3.26125
2023-04-04 10:00:00,2.5208333333333335
2023-04-04 11:00:00,2.627083333333333
2023-04-04 12:00:00,2.72
2023-04-04 13:00:00,16.329166666666666
2023-04-04 14:00:00,4.464583333333334
2023-04-04 15:00:00,4.724166666666666
2023-04-04 16:00:00,3.9683333333333333
2023-04-04 17:00:00,3.68625
2023-04-04 18:00:00,4.179583333333333
2023-04-04 19:00:00,4.163749999999999
2023-04-04 20:00:00,4.50875
2023-04-04 21:00:00,3.330833333333333
2023-04-04 22:00:00,3.373333333333333
2023-04-04 23:00:00,3.59125
2023-04-05 00:00:00,2.8708333333333336
2023-04-05 01:00:00,3.3249999999999997
2023-04-05 02:00:00,3.5083333333333333
2023-04-05 03:00:00,3.3954166666666663
2023-04-05 04:00:00,6.968333333333333
2023-04-05 05:00:00,15.418333333333335
2023-04-05 06:00:00,12.762916666666667
2023-04-05 07:00:00,6.003333333333334
2023-04-05 08:00:00,5.734999999999999
2023-04-05 09:00:00,5.849166666666666
2023-04-05 10:00:00,5.537916666666667
2023-04-05 11:00:00,9.425416666666667
2023-04-05 12:00:00,11.224583333333333
2023-04-05 13:00:00,7.78375
2023-04-05 14:00:00,5.4575
2023-04-05 15:00:00,5.315
2023-04-05 16:00:00,5.370416666666666
2023-04-05 17:00:00,5.9312499999999995
2023-04-05 18:00:00,3.27125
2023-04-05 19:00:00,3.22
2023-04-05 20:00:00,3.0429166666666667
2023-04-05 21:00:00,2.9908333333333332
2023-04-05 22:00:00,2.9783333333333335
2023-04-05 23:00:00,3.1704166666666667
2023-04-06 00:00:00,3.5004166666666667
2023-04-06 01:00:00,3.0570833333333334
2023-04-06 02:00:00,2.9295833333333334
2023-04-06 03:00:00,3.1687499999999997
2023-04-06 04:00:00,3.23625
2023-04-06 05:00:00,10.987916666666669
2023-04-06 06:00:00,31.30541666666667
2023-04-06 07:00:00,6.316666666666666
2023-04-06 08:00:00,5.746666666666667
2023-04-06 09:00:00,6.175
2023-04-06 10:00:00,6.652916666666666
2023-04-06 11:00:00,5.35625
2023-04-06 12:00:00,4.6775
2023-04-06 13:00:00,5.98
2023-04-06 14:00:00,4.698333333333333
2023-04-06 15:00:00,4.8525
2023-04-06 16:00:00,4.804166666666666
2023-04-06 17:00:00,5.3275
2023-04-06 18:00:00,3.2862500000000003
2023-04-06 19:00:00,3.471666666666667
2023-04-06 20:00:00,3.1175
2023-04-06 21:00:00,3.0933333333333333
2023-04-06 22:00:00,3.3095833333333338
2023-04-06 23:00:00,3.1016666666666666
2023-04-07 00:00:00,2.8983333333333334
2023-04-07 01:00:00,3.154166666666667
2023-04-07 02:00:00,2.986666666666667
2023-04-07 03:00:00,3.019166666666667
2023-04-07 04:00:00,2.973333333333333
2023-04-07 05:00:00,3.1575
2023-04-07 06:00:00,3.1491666666666664
2023-04-07 07:00:00,2.938333333333333
2023-04-07 08:00:00,3.0658333333333334
2023-04-07 09:00:00,3.3350000000000004
2023-04-07 10:00:00,3.3674999999999997
2023-04-07 11:00:00,3.120416666666667
2023-04-07 12:00:00,3.1845833333333338
2023-04-07 13:00:00,3.4275
2023-04-07 14:00:00,3.3216666666666668
2023-04-07 15:00:00,3.563333333333333
2023-04-07 16:00:00,3.81125
2023-04-07 17:00:00,3.53
2023-04-07 18:00:00,4.23375
2023-04-07 19:00:00,3.4295833333333334
2023-04-07 20:00:00,3.1629166666666664
2023-04-07 21:00:00,2.085
2023-04-07 22:00:00,1.8170833333333334
2023-04-07 23:00:00,1.7904166666666665
2023-04-08 00:00:00,1.96
2023-04-08 01:00:00,1.8566666666666667
2023-04-08 02:00:00,1.7458333333333333
2023-04-08 03:00:00,2.02125
2023-04-08 04:00:00,1.8558333333333332
2023-04-08 05:00:00,1.76625
2023-04-08 06:00:00,1.8483333333333334
2023-04-08 07:00:00,1.6408333333333334
2023-04-08 08:00:00,1.7945833333333334
2023-04-08 09:00:00,1.9475
2023-04-08 10:00:00,1.9087499999999997
2023-04-08 11:00:00,1.76
2023-04-08 12:00:00,2.22
2023-04-08 13:00:00,2.42875
2023-04-08 14:00:00,2.57125
2023-04-08 15:00:00,2.8295833333333333
2023-04-08 16:00:00,2.61125
2023-04-08 17:00:00,2.072083333333333
2023-04-08 18:00:00,1.960416666666667
2023-04-08 19:00:00,1.65625
2023-04-08 20:00:00,1.6541666666666666
2023-04-08 21:00:00,1.7470833333333333
2023-04-08 22:00:00,1.9891666666666667
2023-04-08 23:00:00,1.91625
2023-04-09 00:00:00,1.9112500000000001
2023-04-09 01:00:00,1.9799999999999998
2023-04-09 02:00:00,1.9283333333333335
2023-04-09 03:00:00,1.8054166666666667
2023-04-09 04:00:00,1.9008333333333336
2023-04-09 05:00:00,1.7733333333333334
2023-04-09 06:00:00,1.8441666666666665
2023-04-09 07:00:00,1.8087499999999999
2023-04-09 08:00:00,1.9225
2023-04-09 09:00:00,2.4545833333333333
2023-04-09 10:00:00,2.2266666666666666
2023-04-09 11:00:00,2.1108333333333333
2023-04-09 12:00:00,2.23375
2023-04-09 13:00:00,2.3675
2023-04-09 14:00:00,2.5887499999999997
2023-04-09 15:00:00,2.4091666666666667
2023-04-09 16:00:00,2.32625
2023-04-09 17:00:00,1.9783333333333333
2023-04-09 18:00:00,2.17625
2023-04-09 19:00:00,1.8549999999999998
2023-04-09 20:00:00,1.82125
2023-04-09 21:00:00,1.7416666666666665
2023-04-09 22:00:00,1.7991666666666666
2023-04-09 23:00:00,1.7041666666666668
2023-04-10 00:00:00,1.7695833333333333
2023-04-10 01:00:00,1.8329166666666665
2023-04-10 02:00:00,1.9316666666666666
2023-04-10 03:00:00,1.8470833333333332
2023-04-10 04:00:00,1.7374999999999998
2023-04-10 05:00:00,1.7387500000000002
2023-04-10 06:00:00,1.6391666666666669
2023-04-10 07:00:00,2.0591666666666666
2023-04-10 08:00:00,1.804166666666667
2023-04-10 09:00:00,1.8250000000000002
2023-04-10 10:00:00,1.61125
2023-04-10 11:00:00,2.0066666666666664
2023-04-10 12:00:00,1.8991666666666667
2023-04-10 13:00:00,13.491666666666667
2023-04-10 14:00:00,7.900416666666666
2023-04-10 15:00:00,3.4825
2023-04-10 16:00:00,3.578333333333333
2023-04-10 17:00:00,3.68125
2023-04-10 18:00:00,3.340833333333333
2023-04-10 19:00:00,3.276666666666667
2023-04-10 20:00:00,3.4995833333333333
2023-04-10 21:00:00,1.78
2023-04-10 22:00:00,1.89375
2023-04-10 23:00:00,2.2125
2023-04-11 00:00:00,1.9683333333333335
2023-04-11 01:00:00,1.9279166666666665
2023-04-11 02:00:00,2.089166666666667
2023-04-11 03:00:00,2.0004166666666667
2023-04-11 04:00:00,1.8016666666666665
2023-04-11 05:00:00,2.0295833333333335
2023-04-11 06:00:00,2.037916666666667
2023-04-11 07:00:00,2.05125
2023-04-11 08:00:00,2.3487500000000003
2023-04-11 09:00:00,2.2075
2023-04-11 10:00:00,2.2929166666666667
2023-04-11 11:00:00,16.774583333333332
2023-04-11 12:00:00,3.7099999999999995
2023-04-11 13:00:00,3.66
2023-04-11 14:00:00,3.5570833333333334
2023-04-11 15:00:00,3.59375
2023-04-11 16:00:00,4.024583333333333
2023-04-11 17:00:00,3.811666666666667
2023-04-11 18:00:00,3.67375
2023-04-11 19:00:00,4.6866666666666665
2023-04-11 20:00:00,2.39125
2023-04-11 21:00:00,2.03375
2023-04-11 22:00:00,2.002083333333333
2023-04-11 23:00:00,2.0845833333333332
2023-04-12 00:00:00,1.8933333333333335
2023-04-12 01:00:00,2.2104166666666667
2023-04-12 02:00:00,2.5245833333333336
2023-04-12 03:00:00,2.3741666666666665
2023-04-12 04:00:00,2.2508333333333335
2023-04-12 05:00:00,1.89125
2023-04-12 06:00:00,2.1037500000000002
2023-04-12 07:00:00,2.200833333333333
2023-04-12 08:00:00,9.552083333333334
2023-04-12 09:00:00,66.01875
2023-04-12 10:00:00,30.600416666666664
2023-04-12 11:00:00,14.824583333333335
2023-04-12 12:00:00,15.375833333333334
2023-04-12 13:00:00,16.919999999999998
2023-04-12 14:00:00,30.570833333333336
2023-04-12 15:00:00,26.039583333333336
2023-04-12 16:00:00,21.464166666666667
2023-04-12 17:00:00,13.1075
2023-04-12 18:00:00,3.359166666666667
2023-04-12 19:00:00,6.228750000000001
2023-04-12 20:00:00,2.3387499999999997
2023-04-12 21:00:00,2.294166666666667
2023-04-12 22:00:00,2.13
2023-04-12 23:00:00,1.9954166666666666
2023-04-13 00:00:00,1.7808333333333335
2023-04-13 01:00:00,2.0004166666666667
2023-04-13 02:00:00,2.049583333333333
2023-04-13 03:00:00,2.328333333333333
2023-04-13 04:00:00,2.305833333333333
2023-04-13 05:00:00,2.4549999999999996
2023-04-13 06:00:00,2.4916666666666667
2023-04-13 07:00:00,2.6916666666666664
2023-04-13 08:00:00,10.274166666666668
2023-04-13 09:00:00,12.219166666666666
2023-04-13 10:00:00,4.0008333333333335
2023-04-13 11:00:00,4.5945833333333335
2023-04-13 12:00:00,4.154583333333333
2023-04-13 13:00:00,4.055833333333333
2023-04-13 14:00:00,3.783333333333333
2023-04-13 15:00:00,3.7216666666666662
2023-04-13 16:00:00,3.6612500000000003
2023-04-13 17:00:00,4.597083333333334
2023-04-13 18:00:00,2.8479166666666664
2023-04-13 19:00:00,2.682916666666667
2023-04-13 20:00:00,2.5166666666666666
2023-04-13 21:00:00,2.368333333333333
2023-04-13 22:00:00,2.3075
2023-04-13 23:00:00,2.2716666666666665
2023-04-14 00:00:00,2.1566666666666667
2023-04-14 01:00:00,2.09875
2023-04-14 02:00:00,1.95625
2023-04-14 03:00:00,1.8929166666666666
2023-04-14 04:00:00,2.0370833333333334
2023-04-14 05:00:00,2.2624999999999997
2023-04-14 06:00:00,2.2825
2023-04-14 07:00:00,2.3320833333333333
2023-04-14 08:00:00,2.8504166666666664
2023-04-14 09:00:00,16.48875
2023-04-14 10:00:00,45.28874999999999
2023-04-14 11:00:00,12.215833333333334
2023-04-14 12:00:00,12.1825
2023-04-14 13:00:00,19.139583333333334
2023-04-14 14:00:00,21.351249999999997
2023-04-14 15:00:00,13.970833333333333
2023-04-14 16:00:00,7.042083333333333
2023-04-14 17:00:00,2.9179166666666667
2023-04-14 18:00:00,3.0116666666666667
2023-04-14 19:00:00,3.05625
2023-04-14 20:00:00,2.8508333333333336
2023-04-14 21:00:00,4.456666666666666
2023-04-14 22:00:00,5.4120833333333325
2023-04-14 23:00:00,5.71375
2023-04-15 00:00:00,5.29
2023-04-15 01:00:00,4.857083333333333
2023-04-15 02:00:00,5.065833333333333
2023-04-15 03:00:00,2.4066666666666667
2023-04-15 04:00:00,2.890416666666667
2023-04-15 05:00:00,2.9266666666666663
2023-04-15 06:00:00,2.6266666666666665
2023-04-15 07:00:00,2.7550000000000003
2023-04-15 08:00:00,2.9583333333333335
2023-04-15 09:00:00,2.5220833333333332
2023-04-15 10:00:00,2.560416666666667
2023-04-15 11:00:00,2.2904166666666668
2023-04-15 12:00:00,2.6149999999999998
2023-04-15 13:00:00,2.23625
2023-04-15 14:00:00,2.68375
2023-04-15 15:00:00,2.5970833333333334
2023-04-15 16:00:00,2.5329166666666665
2023-04-15 17:00:00,2.490416666666667
2023-04-15 18:00:00,2.5383333333333336
2023-04-15 19:00:00,2.5658333333333334
2023-04-15 20:00:00,2.3558333333333334
2023-04-15 21:00:00,2.544166666666667
2023-04-15 22:00:00,1.6425
2023-04-15 23:00:00,1.87625
2023-04-16 00:00:00,3.49375
2023-04-16 01:00:00,1.7116666666666667
2023-04-16 02:00:00,1.7525000000000002
2023-04-16 03:00:00,1.9104166666666667
2023-04-16 04:00:00,1.6608333333333334
2023-04-16 05:00:00,1.8020833333333333
2023-04-16 06:00:00,2.004166666666667
2023-04-16 07:00:00,1.7054166666666664
2023-04-16 08:00:00,2.0662499999999997
2023-04-16 09:00:00,2.7841666666666662
2023-04-16 10:00:00,1.6016666666666666
2023-04-16 11:00:00,1.9208333333333334
2023-04-16 12:00:00,5.181666666666667
2023-04-16 13:00:00,2.890416666666667
2023-04-16 14:00:00,7.729166666666667
2023-04-16 15:00:00,18.634166666666665
2023-04-16 16:00:00,15.888333333333334
2023-04-16 17:00:00,8.03875
2023-04-16 18:00:00,2.263333333333333
2023-04-16 19:00:00,2.259583333333333
2023-04-16 20:00:00,2.4858333333333333
2023-04-16 21:00:00,2.8520833333333333
2023-04-16 22:00:00,2.61375
2023-04-16 23:00:00,2.80625
2023-04-17 00:00:00,2.6791666666666667
2023-04-17 01:00:00,2.870416666666667
2023-04-17 02:00:00,2.4141666666666666
2023-04-17 03:00:00,3.2229166666666664
2023-04-17 04:00:00,3.167083333333333
2023-04-17 05:00:00,3.5225000000000004
2023-04-17 06:00:00,3.579166666666667
2023-04-17 07:00:00,3.2204166666666665
2023-04-17 08:00:00,3.1858333333333335
2023-04-17 09:00:00,2.4566666666666666
2023-04-17 10:00:00,3.3345833333333332
2023-04-17 11:00:00,4.274583333333333
2023-04-17 12:00:00,4.1187499999999995
2023-04-17 13:00:00,4.312916666666667
2023-04-17 14:00:00,3.015
2023-04-17 15:00:00,2.9375
2023-04-17 16:00:00,2.75375
2023-04-17 17:00:00,2.214166666666667
2023-04-17 18:00:00,2.1508333333333334
2023-04-17 19:00:00,2.2120833333333336
2023-04-17 20:00:00,2.000833333333333
2023-04-17 21:00:00,1.8566666666666667
2023-04-17 22:00:00,1.9879166666666668
2023-04-17 23:00:00,2.0120833333333334
2023-04-18 00:00:00,1.9420833333333334
2023-04-18 01:00:00,1.8716666666666668
2023-04-18 02:00:00,2.0245833333333336
2023-04-18 03:00:00,1.845
2023-04-18 04:00:00,23.858333333333334
2023-04-18 05:00:00,7.2725
2023-04-18 06:00:00,4.6312500000000005
2023-04-18 07:00:00,4.90875
2023-04-18 08:00:00,5.014166666666666
2023-04-18 09:00:00,5.1187499999999995
2023-04-18 10:00:00,4.843333333333333
2023-04-18 11:00:00,5.2716666666666665
2023-04-18 12:00:00,4.884166666666666
2023-04-18 13:00:00,5.15125
2023-04-18 14:00:00,6.392916666666667
2023-04-18 15:00:00,4.9799999999999995
2023-04-18 16:00:00,4.85
2023-04-18 17:00:00,4.64625
2023-04-18 18:00:00,4.8062499999999995
2023-04-18 19:00:00,4.775416666666667
2023-04-18 20:00:00,4.495
2023-04-18 21:00:00,2.7329166666666667
2023-04-18 22:00:00,2.502083333333333
2023-04-18 23:00:00,2.29875
2023-04-19 00:00:00,2.1095833333333336
2023-04-19 01:00:00,2.3129166666666667
2023-04-19 02:00:00,2.3466666666666667
2023-04-19 03:00:00,2.4470833333333335
2023-04-19 04:00:00,2.3454166666666665
2023-04-19 05:00:00,2.1479166666666667
2023-04-19 06:00:00,2.3716666666666666
2023-04-19 07:00:00,2.1325
2023-04-19 08:00:00,2.3275
2023-04-19 09:00:00,2.557916666666667
2023-04-19 10:00:00,2.3495833333333334
2023-04-19 11:00:00,2.2445833333333334
2023-04-19 12:00:00,2.24125
2023-04-19 13:00:00,2.4770833333333333
2023-04-19 14:00:00,2.125833333333333
2023-04-19 15:00:00,2.8125
2023-04-19 16:00:00,2.752083333333333
2023-04-19 17:00:00,2.4045833333333335
2023-04-19 18:00:00,2.47375
2023-04-19 19:00:00,2.1791666666666667
2023-04-19 20:00:00,2.6625
2023-04-19 21:00:00,2.4266666666666667
2023-04-19 22:00:00,2.11875
2023-04-19 23:00:00,2.32125
2023-04-20 00:00:00,2.27875
2023-04-20 01:00:00,2.0820833333333333
2023-04-20 02:00:00,2.033333333333333
2023-04-20 03:00:00,2.1195833333333334
2023-04-20 04:00:00,2.200833333333333
2023-04-20 05:00:00,2.1454166666666663
2023-04-20 06:00:00,2.1004166666666664
2023-04-20 07:00:00,2.106666666666667
2023-04-20 08:00:00,2.2575
2023-04-20 09:00:00,1.9770833333333335
2023-04-20 10:00:00,1.8525
2023-04-20 11:00:00,2.120833333333333
2023-04-20 12:00:00,2.06125
2023-04-20 13:00:00,2.0349999999999997
2023-04-20 14:00:00,2.10875
2023-04-20 15:00:00,2.18375
2023-04-20 16:00:00,2.7016666666666667
2023-04-20 17:00:00,2.9791666666666665
2023-04-20 18:00:00,2.2975
2023-04-20 19:00:00,1.9974999999999998
2023-04-20 20:00:00,2.194166666666667
2023-04-20 21:00:00,2.16
2023-04-20 22:00:00,2.6216666666666666
2023-04-20 23:00:00,2.1774999999999998
2023-04-21 00:00:00,2.0104166666666665
2023-04-21 01:00:00,2.0741666666666663
2023-04-21 02:00:00,1.9779166666666665
2023-04-21 03:00:00,2.1020833333333333
2023-04-21 04:00:00,2.0762500000000004
2023-04-21 05:00:00,2.075833333333333
2023-04-21 06:00:00,2.029166666666667
2023-04-21 07:00:00,2.0775
2023-04-21 08:00:00,2.5125
2023-04-21 09:00:00,2.9116666666666666
2023-04-21 10:00:00,2.4320833333333334
2023-04-21 11:00:00,2.2195833333333335
2023-04-21 12:00:00,2.35875
2023-04-21 13:00:00,2.42125
2023-04-21 14:00:00,2.1308333333333334
2023-04-21 15:00:00,1.9154166666666665
2023-04-21 16:00:00,1.9412500000000001
2023-04-21 17:00:00,2.1620833333333334
2023-04-21 18:00:00,2.0191666666666666
2023-04-21 19:00:00,2.0616666666666665
2023-04-21 20:00:00,2.1599999999999997
2023-04-21 21:00:00,2.3854166666666665
2023-04-21 22:00:00,2.14875
2023-04-21 23:00:00,2.2645833333333334
2023-04-22 00:00:00,2.22125
2023-04-22 01:00:00,2.2204166666666665
2023-04-22 02:00:00,2.49875
2023-04-22 03:00:00,2.3325
2023-04-22 04:00:00,2.462083333333333
2023-04-22 05:00:00,2.4895833333333335
2023-04-22 06:00:00,2.5679166666666666
2023-04-22 07:00:00,2.835416666666667
2023-04-22 08:00:00,5.383333333333333
2023-04-22 09:00:00,2.535833333333333
2023-04-22 10:00:00,3.410833333333333
2023-04-22 11:00:00,3.207916666666667
2023-04-22 12:00:00,2.0058333333333334
2023-04-22 13:00:00,2.1245833333333333
2023-04-22 14:00:00,1.9949999999999999
2023-04-22 15:00:00,2.0879166666666666
2023-04-22 16:00:00,2.1479166666666667
2023-04-22 17:00:00,2.1929166666666666
2023-04-22 18:00:00,2.351666666666667
2023-04-22 19:00:00,2.0458333333333334
2023-04-22 20:00:00,2.0541666666666667
2023-04-22 21:00:00,1.99125
2023-04-22 22:00:00,1.9816666666666667
2023-04-22 23:00:00,2.3037500000000004
2023-04-23 00:00:00,2.0770833333333334
2023-04-23 01:00:00,2.370416666666667
2023-04-23 02:00:00,2.192083333333333
2023-04-23 03:00:00,2.2704166666666663
2023-04-23 04:00:00,2.0016666666666665
2023-04-23 05:00:00,2.026666666666667
2023-04-23 06:00:00,2.0500000000000003
2023-04-23 07:00:00,2.0587500000000003
2023-04-23 08:00:00,2.2183333333333333
2023-04-23 09:00:00,2.0500000000000003
2023-04-23 10:00:00,2.9600000000000004
2023-04-23 11:00:00,1.9925
2023-04-23 12:00:00,2.1329166666666666
2023-04-23 13:00:00,2.027083333333333
2023-04-23 14:00:00,2.52
2023-04-23 15:00:00,2.983333333333333
2023-04-23 16:00:00,2.1750000000000003
2023-04-23 17:00:00,2.1720833333333336
2023-04-23 18:00:00,1.8416666666666668
2023-04-23 19:00:00,2.1858333333333335
2023-04-23 20:00:00,2.0654166666666667
2023-04-23 21:00:00,2.280416666666667
2023-04-23 22:00:00,2.1008333333333336
2023-04-23 23:00:00,2.1420833333333333
2023-04-24 00:00:00,2.36
2023-04-24 01:00:00,2.027083333333333
2023-04-24 02:00:00,1.8333333333333333
2023-04-24 03:00:00,2.0429166666666667
2023-04-24 04:00:00,1.9575000000000002
2023-04-24 05:00:00,1.8825
2023-04-24 06:00:00,2.05875
2023-04-24 07:00:00,1.8145833333333332
2023-04-24 08:00:00,2.1933333333333334
2023-04-24 09:00:00,1.8033333333333335
2023-04-24 10:00:00,2.08
2023-04-24 11:00:00,1.6704166666666669
2023-04-24 12:00:00,18.383333333333336
2023-04-24 13:00:00,8.297500000000001
2023-04-24 14:00:00,25.664583333333336
2023-04-24 15:00:00,20.059166666666666
2023-04-24 16:00:00,12.829583333333334
2023-04-24 17:00:00,5.487916666666667
2023-04-24 18:00:00,5.34
2023-04-24 19:00:00,5.633333333333333
2023-04-24 20:00:00,5.673333333333333
2023-04-24 21:00:00,3.52875
2023-04-24 22:00:00,2.294583333333333
2023-04-24 23:00:00,2.2687500000000003
2023-04-25 00:00:00,2.3508333333333336
2023-04-25 01:00:00,2.530416666666667
2023-04-25 02:00:00,2.379583333333333
2023-04-25 03:00:00,2.2725
2023-04-25 04:00:00,2.236666666666667
2023-04-25 05:00:00,4.906666666666667
2023-04-25 06:00:00,17.664583333333333
2023-04-25 07:00:00,18.375
2023-04-25 08:00:00,4.784583333333334
2023-04-25 09:00:00,4.623333333333333
2023-04-25 10:00:00,4.443333333333333
2023-04-25 11:00:00,4.474583333333333
2023-04-25 12:00:00,4.60875
2023-04-25 13:00:00,4.47375
2023-04-25 14:00:00,4.617916666666667
2023-04-25 15:00:00,6.12125
2023-04-25 16:00:00,3.8383333333333334
2023-04-25 17:00:00,3.68375
2023-04-25 18:00:00,3.68875
2023-04-25 19:00:00,3.598333333333333
2023-04-25 20:00:00,3.877083333333333
2023-04-25 21:00:00,2.16375
2023-04-25 22:00:00,2.5033333333333334
2023-04-25 23:00:00,2.4945833333333334
2023-04-26 00:00:00,2.2895833333333333
2023-04-26 01:00:00,2.36875
2023-04-26 02:00:00,2.4366666666666665
2023-04-26 03:00:00,2.3720833333333333
2023-04-26 04:00:00,2.232083333333333
2023-04-26 05:00:00,2.2825
2023-04-26 06:00:00,2.35375
2023-04-26 07:00:00,2.2933333333333334
2023-04-26 08:00:00,2.4675
2023-04-26 09:00:00,2.140833333333333
2023-04-26 10:00:00,2.7095833333333332
2023-04-26 11:00:00,2.6683333333333334
2023-04-26 12:00:00,1.9204166666666669
2023-04-26 13:00:00,2.0483333333333333
2023-04-26 14:00:00,2.1858333333333335
2023-04-26 15:00:00,1.98625
2023-04-26 16:00:00,1.8
2023-04-26 17:00:00,1.9429166666666664
2023-04-26 18:00:00,1.84
2023-04-26 19:00:00,1.9204166666666664
2023-04-26 20:00:00,1.8454166666666667
2023-04-26 21:00:00,1.8949999999999998
2023-04-26 22:00:00,1.9041666666666668
2023-04-26 23:00:00,1.8866666666666667
2023-04-27 00:00:00,1.9204166666666669
2023-04-27 01:00:00,1.967083333333333
2023-04-27 02:00:00,2.07125
2023-04-27 03:00:00,2.0329166666666665
2023-04-27 04:00:00,2.11375
2023-04-27 05:00:00,2.035833333333333
2023-04-27 06:00:00,2.1008333333333336
2023-04-27 07:00:00,2.0625
2023-04-27 08:00:00,2.240416666666667
2023-04-27 09:00:00,4.500416666666667
2023-04-27 10:00:00,3.3316666666666666
2023-04-27 11:00:00,2.9250000000000003
2023-04-27 12:00:00,3.2604166666666665
2023-04-27 13:00:00,2.6783333333333332
2023-04-27 14:00:00,4.425833333333333
2023-04-27 15:00:00,4.5874999999999995
2023-04-27 16:00:00,4.736666666666667
2023-04-27 17:00:00,4.929166666666666
2023-04-27 18:00:00,4.95875
2023-04-27 19:00:00,4.805833333333333
2023-04-27 20:00:00,4.537083333333333
2023-04-27 21:00:00,3.327916666666667
2023-04-27 22:00:00,3.4412499999999997
2023-04-27 23:00:00,4.6691666666666665
2023-04-28 00:00:00,2.2095833333333332
2023-04-28 01:00:00,2.1416666666666666
2023-04-28 02:00:00,2.2079166666666667
2023-04-28 03:00:00,2.17625
2023-04-28 04:00:00,2.1129166666666666
2023-04-28 05:00:00,2.1225
2023-04-28 06:00:00,2.086666666666667
2023-04-28 07:00:00,2.1441666666666666
2023-04-28 08:00:00,2.6037500000000002
2023-04-28 09:00:00,2.9970833333333338
2023-04-28 10:00:00,3.22875
2023-04-28 11:00:00,3.6374999999999997
2023-04-28 12:00:00,2.4962500000000003
2023-04-28 13:00:00,13.36625
2023-04-28 14:00:00,3.859583333333333
2023-04-28 15:00:00,3.6054166666666667
2023-04-28 16:00:00,3.5075000000000003
2023-04-28 17:00:00,3.5991666666666666
2023-04-28 18:00:00,3.5395833333333333
2023-04-28 19:00:00,3.4125
2023-04-28 20:00:00,3.5775
2023-04-28 21:00:00,3.35
2023-04-28 22:00:00,3.188333333333333
2023-04-28 23:00:00,2.276666666666667
2023-04-29 00:00:00,1.9925
2023-04-29 01:00:00,2.145
2023-04-29 02:00:00,2.0875
2023-04-29 03:00:00,2.2841666666666667
2023-04-29 04:00:00,2.1545833333333335
2023-04-29 05:00:00,2.2275
2023-04-29 06:00:00,2.2062500000000003
2023-04-29 07:00:00,15.425416666666665
2023-04-29 08:00:00,9.121666666666666
2023-04-29 09:00:00,5.55875
2023-04-29 10:00:00,7.0325
2023-04-29 11:00:00,7.392083333333333
2023-04-29 12:00:00,6.59
2023-04-29 13:00:00,3.936666666666667
2023-04-29 14:00:00,2.5858333333333334
2023-04-29 15:00:00,2.47625
2023-04-29 16:00:00,2.3216666666666668
2023-04-29 17:00:00,2.1483333333333334
2023-04-29 18:00:00,2.107083333333333
2023-04-29 19:00:00,1.6970833333333333
2023-04-29 20:00:00,1.9887499999999998
2023-04-29 21:00:00,2.017916666666667
2023-04-29 22:00:00,2.2558333333333334
2023-04-29 23:00:00,2.361666666666667
2023-04-30 00:00:00,2.32125
2023-04-30 01:00:00,2.3887500000000004
2023-04-30 02:00:00,2.35375
2023-04-30 03:00:00,2.3466666666666667
2023-04-30 04:00:00,2.1616666666666666
2023-04-30 05:00:00,2.0966666666666667
2023-04-30 06:00:00,1.9270833333333333
2023-04-30 07:00:00,3.0079166666666666
2023-04-30 08:00:00,3.585416666666667
2023-04-30 09:00:00,1.0483333333333331
2023-04-30 10:00:00,0.6691666666666666
2023-04-30 11:00:00,0.9245833333333332
2023-04-30 12:00:00,1.0341666666666667
2023-04-30 13:00:00,0.6704166666666667
2023-04-30 14:00:00,0.8295833333333335
2023-04-30 15:00:00,0.7616666666666667
2023-04-30 16:00:00,0.9445833333333334
2023-04-30 17:00:00,0.6433333333333333
2023-04-30 18:00:00,0.6491666666666667
2023-04-30 19:00:00,0.6533333333333333
2023-04-30 20:00:00,0.7279166666666667
2023-04-30 21:00:00,0.7195833333333334
2023-04-30 22:00:00,0.8970833333333333
2023-04-30 23:00:00,6.864166666666666
2023-05-01 00:00:00,10.185416666666667
2023-05-01 01:00:00,8.87875
2023-05-01 02:00:00,2.355
2023-05-01 03:00:00,2.0725
2023-05-01 04:00:00,2.0470833333333336
2023-05-01 05:00:00,1.905
2023-05-01 06:00:00,1.97625
2023-05-01 07:00:00,2.2575
2023-05-01 08:00:00,2.5925
2023-05-01 09:00:00,2.3833333333333333
2023-05-01 10:00:00,2.7075
2023-05-01 11:00:00,2.4020833333333336
2023-05-01 12:00:00,2.155416666666667
2023-05-01 13:00:00,2.11875
2023-05-01 14:00:00,2.1345833333333335
2023-05-01 15:00:00,1.9404166666666667
2023-05-01 16:00:00,1.8720833333333333
2023-05-01 17:00:00,1.9708333333333332
2023-05-01 18:00:00,1.9245833333333335
2023-05-01 19:00:00,2.089583333333333
2023-05-01 20:00:00,16.750833333333336
2023-05-01 21:00:00,8.294583333333334
2023-05-01 22:00:00,15.17875
2023-05-01 23:00:00,32.861250000000005
2023-05-02 00:00:00,15.472916666666668
2023-05-02 01:00:00,1.9395833333333334
2023-05-02 02:00:00,2.0770833333333334
2023-05-02 03:00:00,1.9020833333333333
2023-05-02 04:00:00,2.3033333333333332
2023-05-02 05:00:00,2.390833333333333
2023-05-02 06:00:00,2.16375
2023-05-02 07:00:00,2.618333333333333
2023-05-02 08:00:00,2.42
2023-05-02 09:00:00,2.7674999999999996
2023-05-02 10:00:00,12.886666666666665
2023-05-02 11:00:00,14.146666666666667
2023-05-02 12:00:00,58.92583333333334
2023-05-02 13:00:00,38.172916666666666
2023-05-02 14:00:00,30.852500000000003
2023-05-02 15:00:00,28.43166666666667
2023-05-02 16:00:00,25.51
2023-05-02 17:00:00,20.05333333333333
2023-05-02 18:00:00,17.43958333333333
2023-05-02 19:00:00,7.5025
2023-05-02 20:00:00,3.172083333333333
2023-05-02 21:00:00,2.671666666666667
2023-05-02 22:00:00,3.515
2023-05-02 23:00:00,4.392916666666667
2023-05-03 00:00:00,9.534166666666666
2023-05-03 01:00:00,5.042083333333333
2023-05-03 02:00:00,1.9029166666666668
2023-05-03 03:00:00,1.9675
2023-05-03 04:00:00,1.93875
2023-05-03 05:00:00,1.9408333333333332
2023-05-03 06:00:00,2.0320833333333335
2023-05-03 07:00:00,3.8166666666666664
2023-05-03 08:00:00,12.670000000000002
2023-05-03 09:00:00,11.895000000000001
2023-05-03 10:00:00,19.409583333333334
2023-05-03 11:00:00,19.764583333333334
2023-05-03 12:00:00,17.035833333333333
2023-05-03 13:00:00,17.894583333333333
2023-05-03 14:00:00,17.065416666666668
2023-05-03 15:00:00,22.053749999999997
2023-05-03 16:00:00,40.831250000000004
2023-05-03 17:00:00,24.98625
2023-05-03 18:00:00,20.945833333333333
2023-05-03 19:00:00,22.954166666666666
2023-05-03 20:00:00,11.375833333333333
2023-05-03 21:00:00,2.995416666666667
2023-05-03 22:00:00,3.12375
2023-05-03 23:00:00,3.202916666666667
2023-05-04 00:00:00,3.360416666666667
2023-05-04 01:00:00,2.9766666666666666
2023-05-04 02:00:00,3.00625
2023-05-04 03:00:00,3.1845833333333338
2023-05-04 04:00:00,2.82375
2023-05-04 05:00:00,3.123333333333333
2023-05-04 06:00:00,2.9708333333333337
2023-05-04 07:00:00,2.7445833333333334
2023-05-04 08:00:00,3.0583333333333336
2023-05-04 09:00:00,3.0366666666666666
2023-05-04 10:00:00,2.4083333333333337
2023-05-04 11:00:00,2.467916666666667
2023-05-04 12:00:00,2.3183333333333334
2023-05-04 13:00:00,2.9433333333333334
2023-05-04 14:00:00,3.0083333333333333
2023-05-04 15:00:00,2.452916666666667
2023-05-04 16:00:00,3.2695833333333333
2023-05-04 17:00:00,2.780416666666667
2023-05-04 18:00:00,3.1624999999999996
2023-05-04 19:00:00,3.0124999999999997
2023-05-04 20:00:00,2.905
2023-05-04 21:00:00,2.981666666666667
2023-05-04 22:00:00,3.4175
2023-05-04 23:00:00,3.910833333333333
2023-05-05 00:00:00,3.370416666666667
2023-05-05 01:00:00,3.0508333333333333
2023-05-05 02:00:00,2.935
2023-05-05 03:00:00,3.000833333333334
2023-05-05 04:00:00,2.905416666666667
2023-05-05 05:00:00,3.0054166666666666
2023-05-05 06:00:00,3.122083333333333
2023-05-05 07:00:00,2.7204166666666665
2023-05-05 08:00:00,2.6350000000000002
2023-05-05 09:00:00,2.94375
2023-05-05 10:00:00,2.8520833333333333
2023-05-05 11:00:00,2.936666666666667
2023-05-05 12:00:00,3.10125
2023-05-05 13:00:00,2.78
2023-05-05 14:00:00,3.2758333333333334
2023-05-05 15:00:00,2.512916666666667
2023-05-05 16:00:00,2.8295833333333333
2023-05-05 17:00:00,2.8158333333333334
2023-05-05 18:00:00,2.8575
2023-05-05 19:00:00,2.9187499999999997
2023-05-05 20:00:00,2.9116666666666666
2023-05-05 21:00:00,2.9637499999999997
2023-05-05 22:00:00,2.49625
2023-05-05 23:00:00,2.8129166666666667
2023-05-06 00:00:00,2.6529166666666666
2023-05-06 01:00:00,2.5829166666666663
2023-05-06 02:00:00,2.645
2023-05-06 03:00:00,2.6441666666666666
2023-05-06 04:00:00,2.6670833333333337
2023-05-06 05:00:00,2.6733333333333333
2023-05-06 06:00:00,2.5050000000000003
2023-05-06 07:00:00,2.6570833333333335
2023-05-06 08:00:00,2.7583333333333333
2023-05-06 09:00:00,2.2245833333333334
2023-05-06 10:00:00,2.54
2023-05-06 11:00:00,2.5283333333333333
2023-05-06 12:00:00,2.585
2023-05-06 13:00:00,2.5691666666666664
2023-05-06 14:00:00,2.654166666666667
2023-05-06 15:00:00,2.747916666666667
2023-05-06 16:00:00,3.3962499999999998
2023-05-06 17:00:00,2.7295833333333337
2023-05-06 18:00:00,2.3529166666666668
2023-05-06 19:00:00,2.4791666666666665
2023-05-06 20:00:00,2.51375
2023-05-06 21:00:00,2.5174999999999996
2023-05-06 22:00:00,2.4625
2023-05-06 23:00:00,2.6054166666666667
2023-05-07 00:00:00,2.42
2023-05-07 01:00:00,2.1316666666666664
2023-05-07 02:00:00,2.223333333333333
2023-05-07 03:00:00,2.30625
2023-05-07 04:00:00,2.493333333333333
2023-05-07 05:00:00,2.0954166666666665
2023-05-07 06:00:00,1.75
2023-05-07 07:00:00,2.6066666666666665
2023-05-07 08:00:00,6.850416666666667
2023-05-07 09:00:00,1.4008333333333332
2023-05-07 10:00:00,1.3325
2023-05-07 11:00:00,1.3458333333333332
2023-05-07 12:00:00,19.200833333333332
2023-05-07 13:00:00,5.477083333333333
2023-05-07 14:00:00,13.90375
2023-05-07 15:00:00,15.988750000000001
2023-05-07 16:00:00,9.238333333333333
2023-05-07 17:00:00,2.1654166666666668
2023-05-07 18:00:00,1.3958333333333333
2023-05-07 19:00:00,2.299166666666667
2023-05-07 20:00:00,2.1175
2023-05-07 21:00:00,1.9220833333333334
2023-05-07 22:00:00,1.6516666666666666
2023-05-07 23:00:00,1.8825
2023-05-08 00:00:00,1.8445833333333335
2023-05-08 01:00:00,1.8316666666666668
2023-05-08 02:00:00,1.98625
2023-05-08 03:00:00,1.7891666666666666
2023-05-08 04:00:00,1.7016666666666669
2023-05-08 05:00:00,1.5679166666666668
2023-05-08 06:00:00,1.68875
2023-05-08 07:00:00,1.6229166666666668
2023-05-08 08:00:00,1.60375
2023-05-08 09:00:00,1.6475
2023-05-08 10:00:00,1.58
2023-05-08 11:00:00,1.5829166666666667
2023-05-08 12:00:00,1.5374999999999999
2023-05-08 13:00:00,1.5345833333333332
2023-05-08 14:00:00,2.9258333333333333
2023-05-08 15:00:00,2.9475
2023-05-08 16:00:00,3.2016666666666667
2023-05-08 17:00:00,3.5050000000000003
2023-05-08 18:00:00,3.393333333333333
2023-05-08 19:00:00,3.23875
2023-05-08 20:00:00,3.3495833333333334
2023-05-08 21:00:00,2.6175
2023-05-08 22:00:00,1.9100000000000001
2023-05-08 23:00:00,2.0466666666666664
2023-05-09 00:00:00,2.3179166666666666
2023-05-09 01:00:00,2.1391666666666667
2023-05-09 02:00:00,2.0695833333333336
2023-05-09 03:00:00,2.00875
2023-05-09 04:00:00,1.9866666666666666
2023-05-09 05:00:00,1.5441666666666667
2023-05-09 06:00:00,1.7208333333333332
2023-05-09 07:00:00,1.8929166666666666
2023-05-09 08:00:00,2.785833333333333
2023-05-09 09:00:00,3.46625
2023-05-09 10:00:00,1.26375
2023-05-09 11:00:00,1.6858333333333333
2023-05-09 12:00:00,1.2058333333333333
2023-05-09 13:00:00,1.0995833333333334
2023-05-09 14:00:00,1.0208333333333333
2023-05-09 15:00:00,1.86
2023-05-09 16:00:00,2.589166666666667
2023-05-09 17:00:00,2.6458333333333335
2023-05-09 18:00:00,2.6166666666666667
2023-05-09 19:00:00,2.5749999999999997
2023-05-09 20:00:00,2.450416666666667
2023-05-09 21:00:00,2.4654166666666666
2023-05-09 22:00:00,2.5595833333333333
2023-05-09 23:00:00,1.1033333333333333
2023-05-10 00:00:00,1.0820833333333333
2023-05-10 01:00:00,1.15875
2023-05-10 02:00:00,1.1491666666666667
2023-05-10 03:00:00,1.2845833333333332
2023-05-10 04:00:00,1.4116666666666668
2023-05-10 05:00:00,1.2437500000000001
2023-05-10 06:00:00,1.1695833333333334
2023-05-10 07:00:00,1.1645833333333335
2023-05-10 08:00:00,1.07875
2023-05-10 09:00:00,1.1379166666666667
2023-05-10 10:00:00,1.4770833333333335
2023-05-10 11:00:00,1.3683333333333334
2023-05-10 12:00:00,1.24875
2023-05-10 13:00:00,1.2791666666666666
2023-05-10 14:00:00,2.1045833333333333
2023-05-10 15:00:00,2.7525
2023-05-10 16:00:00,2.76375
2023-05-10 17:00:00,2.984583333333333
2023-05-10 18:00:00,2.9204166666666667
2023-05-10 19:00:00,3.155
2023-05-10 20:00:00,3.2904166666666668
2023-05-10 21:00:00,3.5475
2023-05-10 22:00:00,3.1512499999999997
2023-05-10 23:00:00,2.4695833333333335
2023-05-11 00:00:00,1.5479166666666666
2023-05-11 01:00:00,1.5733333333333333
2023-05-11 02:00:00,1.4391666666666667
2023-05-11 03:00:00,1.1895833333333332
2023-05-11 04:00:00,1.1837499999999999
2023-05-11 05:00:00,1.1870833333333335
2023-05-11 06:00:00,1.2866666666666666
2023-05-11 07:00:00,1.3329166666666667
2023-05-11 08:00:00,1.6454166666666665
2023-05-11 09:00:00,1.7120833333333334
2023-05-11 10:00:00,1.7429166666666667
2023-05-11 11:00:00,1.635
2023-05-11 12:00:00,1.7645833333333334
2023-05-11 13:00:00,2.18875
2023-05-11 14:00:00,2.4225
2023-05-11 15:00:00,4.115833333333334
2023-05-11 16:00:00,4.122916666666667
2023-05-11 17:00:00,4.1066666666666665
2023-05-11 18:00:00,4.110416666666667
2023-05-11 19:00:00,4.207083333333333
2023-05-11 20:00:00,4.0737499999999995
2023-05-11 21:00:00,2.7445833333333334
2023-05-11 22:00:00,1.3462500000000002
2023-05-11 23:00:00,1.24625
2023-05-12 00:00:00,1.27
2023-05-12 01:00:00,1.235
2023-05-12 02:00:00,1.2329166666666667
2023-05-12 03:00:00,1.2979166666666666
2023-05-12 04:00:00,1.3266666666666667
2023-05-12 05:00:00,1.3816666666666666
2023-05-12 06:00:00,1.2491666666666668
2023-05-12 07:00:00,1.3404166666666668
2023-05-12 08:00:00,1.22125
2023-05-12 09:00:00,1.35875
2023-05-12 10:00:00,1.5916666666666668
2023-05-12 11:00:00,1.4725
2023-05-12 12:00:00,1.62875
2023-05-12 13:00:00,3.5987500000000003
2023-05-12 14:00:00,4.132083333333333
2023-05-12 15:00:00,3.6483333333333334
2023-05-12 16:00:00,3.875
2023-05-12 17:00:00,3.580416666666667
2023-05-12 18:00:00,3.5745833333333334
2023-05-12 19:00:00,3.598333333333333
2023-05-12 20:00:00,2.7925
2023-05-12 21:00:00,1.2604166666666667
2023-05-12 22:00:00,1.3241666666666667
2023-05-12 23:00:00,1.2670833333333333
2023-05-13 00:00:00,1.1620833333333334
2023-05-13 01:00:00,1.26875
2023-05-13 02:00:00,1.4520833333333334
2023-05-13 03:00:00,1.5704166666666666
2023-05-13 04:00:00,1.5933333333333335
2023-05-13 05:00:00,1.8191666666666666
2023-05-13 06:00:00,1.9904166666666665
2023-05-13 07:00:00,3.6824999999999997
2023-05-13 08:00:00,6.537916666666667
2023-05-13 09:00:00,1.1216666666666668
2023-05-13 10:00:00,1.3712499999999999
2023-05-13 11:00:00,1.3833333333333335
2023-05-13 12:00:00,1.2066666666666668
2023-05-13 13:00:00,1.3533333333333335
2023-05-13 14:00:00,0.9674999999999999
2023-05-13 15:00:00,0.9525
2023-05-13 16:00:00,0.9429166666666666
2023-05-13 17:00:00,0.9458333333333333
2023-05-13 18:00:00,0.8541666666666666
2023-05-13 19:00:00,0.8558333333333333
2023-05-13 20:00:00,0.8566666666666668
2023-05-13 21:00:00,0.8766666666666666
2023-05-13 22:00:00,0.8683333333333333
2023-05-13 23:00:00,0.9225
2023-05-14 00:00:00,0.8920833333333333
2023-05-14 01:00:00,0.9029166666666667
2023-05-14 02:00:00,1.0291666666666668
2023-05-14 03:00:00,1.05
2023-05-14 04:00:00,1.1266666666666667
2023-05-14 05:00:00,1.0220833333333335
2023-05-14 06:00:00,0.9016666666666667
2023-05-14 07:00:00,0.8770833333333333
2023-05-14 08:00:00,0.80125
2023-05-14 09:00:00,1.1333333333333333
2023-05-14 10:00:00,0.9091666666666667
2023-05-14 11:00:00,0.8858333333333334
2023-05-14 12:00:00,11.129583333333334
2023-05-14 13:00:00,1.8791666666666667
2023-05-14 14:00:00,2.683333333333333
2023-05-14 15:00:00,6.457916666666667
2023-05-14 16:00:00,10.214583333333334
2023-05-14 17:00:00,6.168333333333333
2023-05-14 18:00:00,6.988333333333333
2023-05-14 19:00:00,2.452083333333333
2023-05-14 20:00:00,2.379583333333333
2023-05-14 21:00:00,2.57625
2023-05-14 22:00:00,2.3141666666666665
2023-05-14 23:00:00,2.3841666666666668
2023-05-15 00:00:00,2.4875000000000003
2023-05-15 01:00:00,2.3279166666666664
2023-05-15 02:00:00,2.4225
2023-05-15 03:00:00,2.4466666666666668
2023-05-15 04:00:00,2.6316666666666664
2023-05-15 05:00:00,2.6054166666666667
2023-05-15 06:00:00,2.279166666666667
2023-05-15 07:00:00,2.3554166666666667
2023-05-15 08:00:00,2.8074999999999997
2023-05-15 09:00:00,2.649583333333333
2023-05-15 10:00:00,2.515
2023-05-15 11:00:00,2.44875
2023-05-15 12:00:00,2.3966666666666665
2023-05-15 13:00:00,19.787916666666668
2023-05-15 14:00:00,23.231666666666666
2023-05-15 15:00:00,5.61625
2023-05-15 16:00:00,5.5925
2023-05-15 17:00:00,5.4375
2023-05-15 18:00:00,5.327916666666667
2023-05-15 19:00:00,5.2225
2023-05-15 20:00:00,4.75
2023-05-15 21:00:00,3.185
2023-05-15 22:00:00,3.9779166666666668
2023-05-15 23:00:00,2.2308333333333334
2023-05-16 00:00:00,2.3383333333333334
2023-05-16 01:00:00,2.52875
2023-05-16 02:00:00,2.2670833333333333
2023-05-16 03:00:00,2.3833333333333333
2023-05-16 04:00:00,2.2695833333333333
2023-05-16 05:00:00,2.2825
2023-05-16 06:00:00,2.3341666666666665
2023-05-16 07:00:00,2.971666666666667
2023-05-16 08:00:00,2.6750000000000003
2023-05-16 09:00:00,2.8625000000000003
2023-05-16 10:00:00,2.5870833333333336
2023-05-16 11:00:00,2.82625
2023-05-16 12:00:00,3.4775000000000005
2023-05-16 13:00:00,2.841666666666667
2023-05-16 14:00:00,17.1275
2023-05-16 15:00:00,4.065416666666667
2023-05-16 16:00:00,9.477083333333333
2023-05-16 17:00:00,7.631666666666667
2023-05-16 18:00:00,5.234166666666667
2023-05-16 19:00:00,4.75625
2023-05-16 20:00:00,4.807916666666666
2023-05-16 21:00:00,4.709583333333334
2023-05-16 22:00:00,2.7466666666666666
2023-05-16 23:00:00,2.1991666666666667
2023-05-17 00:00:00,2.19
2023-05-17 01:00:00,2.21875
2023-05-17 02:00:00,1.9483333333333333
2023-05-17 03:00:00,2.04625
2023-05-17 04:00:00,2.2412500000000004
2023-05-17 05:00:00,2.0175
2023-05-17 06:00:00,2.01875
2023-05-17 07:00:00,2.49875
2023-05-17 08:00:00,2.3804166666666666
2023-05-17 09:00:00,2.497916666666667
2023-05-17 10:00:00,31.082083333333333
2023-05-17 11:00:00,27.978333333333335
2023-05-17 12:00:00,29.3025
2023-05-17 13:00:00,40.65791666666667
2023-05-17 14:00:00,31.95375
2023-05-17 15:00:00,8.202916666666667
2023-05-17 16:00:00,5.2325
2023-05-17 17:00:00,4.866666666666666
2023-05-17 18:00:00,5.302083333333333
2023-05-17 19:00:00,5.50125
2023-05-17 20:00:00,5.204583333333333
2023-05-17 21:00:00,4.744583333333334
2023-05-17 22:00:00,4.19625
2023-05-17 23:00:00,2.9633333333333334
2023-05-18 00:00:00,2.669166666666667
2023-05-18 01:00:00,2.5570833333333334
2023-05-18 02:00:00,2.766666666666667
2023-05-18 03:00:00,2.7116666666666664
2023-05-18 04:00:00,2.5295833333333335
2023-05-18 05:00:00,4.9191666666666665
2023-05-18 06:00:00,14.843333333333334
2023-05-18 07:00:00,19.968333333333334
2023-05-18 08:00:00,4.6175
2023-05-18 09:00:00,4.7995833333333335
2023-05-18 10:00:00,4.50375
2023-05-18 11:00:00,4.465833333333333
2023-05-18 12:00:00,4.49
2023-05-18 13:00:00,4.349166666666666
2023-05-18 14:00:00,3.982083333333333
2023-05-18 15:00:00,3.3833333333333333
2023-05-18 16:00:00,3.63125
2023-05-18 17:00:00,2.8212499999999996
2023-05-18 18:00:00,2.3983333333333334
2023-05-18 19:00:00,2.4945833333333334
2023-05-18 20:00:00,2.47875
2023-05-18 21:00:00,2.5341666666666667
2023-05-18 22:00:00,2.674583333333333
2023-05-18 23:00:00,2.665
2023-05-19 00:00:00,2.575
2023-05-19 01:00:00,2.6775
2023-05-19 02:00:00,2.7308333333333334
2023-05-19 03:00:00,2.63875
2023-05-19 04:00:00,2.7079166666666663
2023-05-19 05:00:00,2.7099999999999995
2023-05-19 06:00:00,2.750833333333334
2023-05-19 07:00:00,2.8066666666666666
2023-05-19 08:00:00,2.6779166666666665
2023-05-19 09:00:00,2.2025
2023-05-19 10:00:00,2.8470833333333334
2023-05-19 11:00:00,2.4120833333333334
2023-05-19 12:00:00,2.6525
2023-05-19 13:00:00,1.9695833333333332
2023-05-19 14:00:00,2.205833333333333
2023-05-19 15:00:00,2.50625
2023-05-19 16:00:00,2.6695833333333336
2023-05-19 17:00:00,9.660833333333334
2023-05-19 18:00:00,4.02
2023-05-19 19:00:00,3.9525
2023-05-19 20:00:00,3.8125
2023-05-19 21:00:00,3.8808333333333334
2023-05-19 22:00:00,2.3945833333333333
2023-05-19 23:00:00,2.4720833333333334
2023-05-20 00:00:00,2.31125
2023-05-20 01:00:00,2.7266666666666666
2023-05-20 02:00:00,2.5058333333333334
2023-05-20 03:00:00,2.2325
2023-05-20 04:00:00,2.205416666666667
2023-05-20 05:00:00,2.46875
2023-05-20 06:00:00,2.40625
2023-05-20 07:00:00,2.4095833333333334
2023-05-20 08:00:00,2.2808333333333333
2023-05-20 09:00:00,2.577916666666667
2023-05-20 10:00:00,3.3229166666666665
2023-05-20 11:00:00,1.3658333333333335
2023-05-20 12:00:00,1.23375
2023-05-20 13:00:00,1.2220833333333332
2023-05-20 14:00:00,1.2691666666666668
2023-05-20 15:00:00,1.2016666666666667
2023-05-20 16:00:00,19.870416666666667
2023-05-20 17:00:00,2.84375
2023-05-20 18:00:00,2.4983333333333335
2023-05-20 19:00:00,2.6824999999999997
2023-05-20 20:00:00,2.704166666666667
2023-05-20 21:00:00,4.954166666666667
2023-05-20 22:00:00,0.84375
2023-05-20 23:00:00,0.9470833333333334
2023-05-21 00:00:00,0.98
2023-05-21 01:00:00,0.9875000000000002
2023-05-21 02:00:00,0.9525
2023-05-21 03:00:00,1.0466666666666666
2023-05-21 04:00:00,1.0220833333333335
2023-05-21 05:00:00,1.0483333333333336
2023-05-21 06:00:00,1.0475
2023-05-21 07:00:00,1.0766666666666664
2023-05-21 08:00:00,1.1466666666666667
2023-05-21 09:00:00,1.2066666666666668
2023-05-21 10:00:00,1.2162499999999998
2023-05-21 11:00:00,1.1429166666666666
2023-05-21 12:00:00,1.5037500000000001
2023-05-21 13:00:00,2.27875
2023-05-21 14:00:00,2.0124999999999997
2023-05-21 15:00:00,2.018333333333333
2023-05-21 16:00:00,1.9379166666666665
2023-05-21 17:00:00,1.9920833333333332
2023-05-21 18:00:00,1.9966666666666668
2023-05-21 19:00:00,1.9725000000000001
2023-05-21 20:00:00,1.87875
2023-05-21 21:00:00,1.9020833333333333
2023-05-21 22:00:00,1.9437499999999999
2023-05-21 23:00:00,1.9241666666666666
2023-05-22 00:00:00,1.9308333333333332
2023-05-22 01:00:00,2.0141666666666667
2023-05-22 02:00:00,1.9841666666666666
2023-05-22 03:00:00,1.9262500000000002
2023-05-22 04:00:00,1.8708333333333333
2023-05-22 05:00:00,1.9391666666666667
2023-05-22 06:00:00,1.93625
2023-05-22 07:00:00,1.9725
2023-05-22 08:00:00,2.1629166666666664
2023-05-22 09:00:00,2.4379166666666667
2023-05-22 10:00:00,2.645
2023-05-22 11:00:00,2.5791666666666666
2023-05-22 12:00:00,4.7804166666666665
2023-05-22 13:00:00,20.789583333333333
2023-05-22 14:00:00,4.9875
2023-05-22 15:00:00,5.158333333333333
2023-05-22 16:00:00,4.369583333333334
2023-05-22 17:00:00,4.676666666666667
2023-05-22 18:00:00,5.687916666666666
2023-05-22 19:00:00,5.31
2023-05-22 20:00:00,3.64625
2023-05-22 21:00:00,2.9250000000000003
2023-05-22 22:00:00,2.04875
2023-05-22 23:00:00,2.1154166666666665
2023-05-23 00:00:00,2.1891666666666665
2023-05-23 01:00:00,2.4129166666666664
2023-05-23 02:00:00,2.597916666666667
2023-05-23 03:00:00,2.4583333333333335
2023-05-23 04:00:00,2.1591666666666667
2023-05-23 05:00:00,2.089166666666667
2023-05-23 06:00:00,2.0195833333333333
2023-05-23 07:00:00,2.2075
2023-05-23 08:00:00,2.0145833333333334
2023-05-23 09:00:00,2.3520833333333333
2023-05-23 10:00:00,2.3291666666666666
2023-05-23 11:00:00,3.0283333333333338
2023-05-23 12:00:00,3.0720833333333335
2023-05-23 13:00:00,3.0383333333333336
2023-05-23 14:00:00,14.833333333333334
2023-05-23 15:00:00,3.5279166666666666
2023-05-23 16:00:00,21.419166666666666
2023-05-23 17:00:00,4.2316666666666665
2023-05-23 18:00:00,4.315416666666667
2023-05-23 19:00:00,4.18375
2023-05-23 20:00:00,4.382083333333333
2023-05-23 21:00:00,4.255416666666667
2023-05-23 22:00:00,2.0433333333333334
2023-05-23 23:00:00,2.0425
2023-05-24 00:00:00,2.0
2023-05-24 01:00:00,2.0383333333333336
2023-05-24 02:00:00,1.9829166666666669
2023-05-24 03:00:00,1.8254166666666667
2023-05-24 04:00:00,1.8162500000000001
2023-05-24 05:00:00,1.9312500000000001
2023-05-24 06:00:00,1.9204166666666669
2023-05-24 07:00:00,1.8729166666666668
2023-05-24 08:00:00,1.9908333333333335
2023-05-24 09:00:00,2.3766666666666665
2023-05-24 10:00:00,2.7691666666666666
2023-05-24 11:00:00,2.392916666666667
2023-05-24 12:00:00,2.6454166666666663
2023-05-24 13:00:00,3.0308333333333333
2023-05-24 14:00:00,18.42875
2023-05-24 15:00:00,8.372083333333334
2023-05-24 16:00:00,4.930416666666667
2023-05-24 17:00:00,4.4075
2023-05-24 18:00:00,4.342083333333333
2023-05-24 19:00:00,4.349583333333333
2023-05-24 20:00:00,4.784583333333333
2023-05-24 21:00:00,5.10625
2023-05-24 22:00:00,2.6683333333333334
2023-05-24 23:00:00,2.43875
2023-05-25 00:00:00,2.1641666666666666
2023-05-25 01:00:00,2.0366666666666666
2023-05-25 02:00:00,1.9520833333333334
2023-05-25 03:00:00,1.9100000000000001
2023-05-25 04:00:00,2.0058333333333334
2023-05-25 05:00:00,1.9845833333333331
2023-05-25 06:00:00,2.05125
2023-05-25 07:00:00,2.236666666666667
2023-05-25 08:00:00,3.5437499999999997
2023-05-25 09:00:00,3.70125
2023-05-25 10:00:00,3.7516666666666665
2023-05-25 11:00:00,4.043333333333333
2023-05-25 12:00:00,4.0825
2023-05-25 13:00:00,4.338333333333334
2023-05-25 14:00:00,13.780416666666667
2023-05-25 15:00:00,5.864999999999999
2023-05-25 16:00:00,4.522083333333334
2023-05-25 17:00:00,3.70375
2023-05-25 18:00:00,4.6025
2023-05-25 19:00:00,3.2079166666666663
2023-05-25 20:00:00,4.255416666666666
2023-05-25 21:00:00,2.2933333333333334
2023-05-25 22:00:00,2.84625
2023-05-25 23:00:00,2.672083333333333
2023-05-26 00:00:00,2.567083333333333
2023-05-26 01:00:00,2.5016666666666665
2023-05-26 02:00:00,2.35125
2023-05-26 03:00:00,2.379166666666667
2023-05-26 04:00:00,2.4491666666666667
2023-05-26 05:00:00,2.47125
2023-05-26 06:00:00,8.5375
2023-05-26 07:00:00,8.869166666666667
2023-05-26 08:00:00,3.8983333333333334
2023-05-26 09:00:00,3.37875
2023-05-26 10:00:00,2.9704166666666665
2023-05-26 11:00:00,3.08
2023-05-26 12:00:00,12.284166666666666
2023-05-26 13:00:00,14.302916666666668
2023-05-26 14:00:00,10.047083333333333
2023-05-26 15:00:00,4.876666666666667
2023-05-26 16:00:00,4.735
2023-05-26 17:00:00,4.447916666666667
2023-05-26 18:00:00,4.296666666666667
2023-05-26 19:00:00,4.261666666666667
2023-05-26 20:00:00,4.476666666666667
2023-05-26 21:00:00,3.7220833333333334
2023-05-26 22:00:00,2.9933333333333336
2023-05-26 23:00:00,3.1420833333333333
2023-05-27 00:00:00,2.8275
2023-05-27 01:00:00,2.7183333333333333
2023-05-27 02:00:00,2.5141666666666667
2023-05-27 03:00:00,2.6525
2023-05-27 04:00:00,2.7458333333333336
2023-05-27 05:00:00,2.672083333333333
2023-05-27 06:00:00,2.6029166666666668
2023-05-27 07:00:00,2.623333333333333
2023-05-27 08:00:00,3.0029166666666662
2023-05-27 09:00:00,3.3525000000000005
2023-05-27 10:00:00,4.0775
2023-05-27 11:00:00,3.3333333333333335
2023-05-27 12:00:00,2.920833333333333
2023-05-27 13:00:00,3.02875
2023-05-27 14:00:00,15.6225
2023-05-27 15:00:00,5.860416666666667
2023-05-27 16:00:00,12.895416666666668
2023-05-27 17:00:00,4.573333333333333
2023-05-27 18:00:00,4.549166666666667
2023-05-27 19:00:00,4.742916666666667
2023-05-27 20:00:00,5.29375
2023-05-27 21:00:00,4.9262500000000005
2023-05-27 22:00:00,3.05875
2023-05-27 23:00:00,7.2625
2023-05-28 00:00:00,5.40125
2023-05-28 01:00:00,2.845833333333333
2023-05-28 02:00:00,2.827083333333333
2023-05-28 03:00:00,15.58875
2023-05-28 04:00:00,7.04
2023-05-28 05:00:00,23.931250000000002
2023-05-28 06:00:00,25.116666666666664
2023-05-28 07:00:00,19.811666666666667
2023-05-28 08:00:00,15.023333333333333
2023-05-28 09:00:00,7.421666666666667
2023-05-28 10:00:00,3.0883333333333334
2023-05-28 11:00:00,2.655416666666667
2023-05-28 12:00:00,2.6158333333333332
2023-05-28 13:00:00,2.6008333333333336
2023-05-28 14:00:00,2.9612499999999997
2023-05-28 15:00:00,3.0629166666666667
2023-05-28 16:00:00,2.86875
2023-05-28 17:00:00,2.7245833333333334
2023-05-28 18:00:00,2.9779166666666668
2023-05-28 19:00:00,3.4120833333333334
2023-05-28 20:00:00,3.8241666666666667
2023-05-28 21:00:00,4.015
2023-05-28 22:00:00,3.9908333333333332
2023-05-28 23:00:00,3.8554166666666667
2023-05-29 00:00:00,3.5066666666666664
2023-05-29 01:00:00,3.560416666666667
2023-05-29 02:00:00,3.60875
2023-05-29 03:00:00,3.7266666666666666
2023-05-29 04:00:00,3.6675
2023-05-29 05:00:00,3.470833333333333
2023-05-29 06:00:00,3.5749999999999997
2023-05-29 07:00:00,3.39875
2023-05-29 08:00:00,3.605
2023-05-29 09:00:00,3.305
2023-05-29 10:00:00,4.1066666666666665
2023-05-29 11:00:00,3.908333333333333
2023-05-29 12:00:00,3.5904166666666666
2023-05-29 13:00:00,4.035416666666666
2023-05-29 14:00:00,3.6870833333333333
2023-05-29 15:00:00,4.035
2023-05-29 16:00:00,4.6125
2023-05-29 17:00:00,4.0775
2023-05-29 18:00:00,4.5737499999999995
2023-05-29 19:00:00,4.2775
2023-05-29 20:00:00,4.0320833333333335
2023-05-29 21:00:00,3.405416666666666
2023-05-29 22:00:00,3.1275
2023-05-29 23:00:00,3.0429166666666667
2023-05-30 00:00:00,2.63625
2023-05-30 01:00:00,2.4516666666666667
2023-05-30 02:00:00,2.36875
2023-05-30 03:00:00,2.1870833333333333
2023-05-30 04:00:00,2.3825
2023-05-30 05:00:00,2.6333333333333333
2023-05-30 06:00:00,2.54875
2023-05-30 07:00:00,2.6954166666666666
2023-05-30 08:00:00,2.8154166666666662
2023-05-30 09:00:00,3.0391666666666666
2023-05-30 10:00:00,2.921666666666667
2023-05-30 11:00:00,2.95875
2023-05-30 12:00:00,8.638333333333332
2023-05-30 13:00:00,13.210416666666667
2023-05-30 14:00:00,4.19125
2023-05-30 15:00:00,4.756666666666667
2023-05-30 16:00:00,4.6499999999999995
2023-05-30 17:00:00,3.6929166666666666
2023-05-30 18:00:00,4.5025
2023-05-30 19:00:00,3.7458333333333336
2023-05-30 20:00:00,3.3091666666666666
2023-05-30 21:00:00,2.8541666666666665
2023-05-30 22:00:00,2.637916666666667
2023-05-30 23:00:00,2.5545833333333334
2023-05-31 00:00:00,2.34875
2023-05-31 01:00:00,2.21
2023-05-31 02:00:00,2.3679166666666664
2023-05-31 03:00:00,2.4045833333333335
2023-05-31 04:00:00,2.3670833333333334
2023-05-31 05:00:00,2.335
2023-05-31 06:00:00,2.3829166666666666
2023-05-31 07:00:00,2.7825
2023-05-31 08:00:00,3.139583333333334
2023-05-31 09:00:00,2.347916666666667
2023-05-31 10:00:00,2.981666666666667
2023-05-31 11:00:00,3.109583333333333
2023-05-31 12:00:00,4.0183333333333335
2023-05-31 13:00:00,4.815833333333333
2023-05-31 14:00:00,4.196666666666666
2023-05-31 15:00:00,17.849166666666665
2023-05-31 16:00:00,3.5908333333333338
2023-05-31 17:00:00,3.1166666666666667
2023-05-31 18:00:00,3.750833333333333
2023-05-31 19:00:00,3.8837500000000005
2023-05-31 20:00:00,4.15375
2023-05-31 21:00:00,3.0858333333333334
2023-05-31 22:00:00,3.092916666666667
2023-05-31 23:00:00,3.06375
2023-06-01 00:00:00,3.263333333333333
2023-06-01 01:00:00,3.2395833333333335
2023-06-01 02:00:00,3.3991666666666664
2023-06-01 03:00:00,3.4133333333333336
2023-06-01 04:00:00,3.2087499999999998
2023-06-01 05:00:00,3.0566666666666666
2023-06-01 06:00:00,2.0749999999999997
2023-06-01 07:00:00,1.8475000000000001
2023-06-01 08:00:00,2.2933333333333334
2023-06-01 09:00:00,2.0475
2023-06-01 10:00:00,2.0225
2023-06-01 11:00:00,2.0725000000000002
2023-06-01 12:00:00,2.5070833333333336
2023-06-01 13:00:00,2.9025
2023-06-01 14:00:00,2.8958333333333335
2023-06-01 15:00:00,3.3179166666666666
2023-06-01 16:00:00,2.6529166666666666
2023-06-01 17:00:00,3.183333333333333
2023-06-01 18:00:00,3.016666666666667
2023-06-01 19:00:00,2.908333333333333
2023-06-01 20:00:00,2.9725
2023-06-01 21:00:00,3.1775
2023-06-01 22:00:00,3.7229166666666664
2023-06-01 23:00:00,2.1766666666666667
2023-06-02 00:00:00,2.247916666666667
2023-06-02 01:00:00,2.19625
2023-06-02 02:00:00,2.2908333333333335
2023-06-02 03:00:00,2.18875
2023-06-02 04:00:00,2.3054166666666664
2023-06-02 05:00:00,2.2266666666666666
2023-06-02 06:00:00,2.12875
2023-06-02 07:00:00,2.887083333333333
2023-06-02 08:00:00,3.59375
2023-06-02 09:00:00,2.1158333333333332
2023-06-02 10:00:00,2.192083333333333
2023-06-02 11:00:00,1.92875
2023-06-02 12:00:00,2.2550000000000003
2023-06-02 13:00:00,5.96
2023-06-02 14:00:00,2.56125
2023-06-02 15:00:00,2.6437500000000003
2023-06-02 16:00:00,3.0641666666666665
2023-06-02 17:00:00,2.5275
2023-06-02 18:00:00,2.225
2023-06-02 19:00:00,2.4274999999999998
2023-06-02 20:00:00,2.391666666666667
2023-06-02 21:00:00,2.219583333333333
2023-06-02 22:00:00,2.62625
2023-06-02 23:00:00,2.6929166666666666
2023-06-03 00:00:00,2.56
2023-06-03 01:00:00,2.2525
2023-06-03 02:00:00,1.9970833333333333
2023-06-03 03:00:00,2.0
2023-06-03 04:00:00,1.9666666666666668
2023-06-03 05:00:00,2.018333333333333
2023-06-03 06:00:00,2.02625
2023-06-03 07:00:00,2.1416666666666666
2023-06-03 08:00:00,2.0395833333333333
2023-06-03 09:00:00,2.4766666666666666
2023-06-03 10:00:00,2.0829166666666667
2023-06-03 11:00:00,1.9649999999999999
2023-06-03 12:00:00,2.1508333333333334
2023-06-03 13:00:00,2.74875
2023-06-03 14:00:00,2.6941666666666664
2023-06-03 15:00:00,4.06
2023-06-03 16:00:00,20.821250000000003
2023-06-03 17:00:00,3.0766666666666667
2023-06-03 18:00:00,2.9483333333333337
2023-06-03 19:00:00,2.85375
2023-06-03 20:00:00,2.735
2023-06-03 21:00:00,2.737916666666667
2023-06-03 22:00:00,2.1945833333333336
2023-06-03 23:00:00,2.6879166666666667
2023-06-04 00:00:00,2.6054166666666667
2023-06-04 01:00:00,2.795
2023-06-04 02:00:00,1.9229166666666666
2023-06-04 03:00:00,2.5595833333333333
2023-06-04 04:00:00,1.0562500000000001
2023-06-04 05:00:00,0.7675000000000001
2023-06-04 06:00:00,0.7966666666666665
2023-06-04 07:00:00,0.7766666666666667
2023-06-04 08:00:00,0.9570833333333333
2023-06-04 09:00:00,0.785
2023-06-04 10:00:00,0.625
2023-06-04 11:00:00,0.8554166666666667
2023-06-04 12:00:00,0.4379166666666667
2023-06-04 13:00:00,2.5483333333333333
2023-06-04 14:00:00,4.26625
2023-06-04 15:00:00,6.890416666666667
2023-06-04 16:00:00,8.73625
2023-06-04 17:00:00,3.79125
2023-06-04 18:00:00,4.03875
2023-06-04 19:00:00,3.2266666666666666
2023-06-04 20:00:00,3.2525
2023-06-04 21:00:00,3.4920833333333334
2023-06-04 22:00:00,3.4525
2023-06-04 23:00:00,3.3691666666666666
2023-06-05 00:00:00,3.078333333333333
2023-06-05 01:00:00,3.0187500000000003
2023-06-05 02:00:00,3.3625000000000003
2023-06-05 03:00:00,3.0975
2023-06-05 04:00:00,3.1787499999999995
2023-06-05 05:00:00,3.5029166666666662
2023-06-05 06:00:00,3.7533333333333334
2023-06-05 07:00:00,3.3670833333333334
2023-06-05 08:00:00,15.393333333333333
2023-06-05 09:00:00,9.994166666666667
2023-06-05 10:00:00,10.204583333333334
2023-06-05 11:00:00,15.112916666666665
2023-06-05 12:00:00,14.100833333333334
2023-06-05 13:00:00,11.051666666666668
2023-06-05 14:00:00,5.342083333333334
2023-06-05 15:00:00,2.955
2023-06-05 16:00:00,3.1983333333333337
2023-06-05 17:00:00,3.970833333333333
2023-06-05 18:00:00,4.383333333333334
2023-06-05 19:00:00,3.3674999999999997
2023-06-05 20:00:00,3.14625
2023-06-05 21:00:00,2.8808333333333334
2023-06-05 22:00:00,2.6441666666666666
2023-06-05 23:00:00,2.572083333333333
2023-06-06 00:00:00,2.5437499999999997
2023-06-06 01:00:00,2.4633333333333334
2023-06-06 02:00:00,2.4274999999999998
2023-06-06 03:00:00,2.2470833333333333
2023-06-06 04:00:00,2.415833333333333
2023-06-06 05:00:00,2.432916666666667
2023-06-06 06:00:00,2.2908333333333335
2023-06-06 07:00:00,2.017916666666667
2023-06-06 08:00:00,2.2420833333333334
2023-06-06 09:00:00,2.1820833333333334
2023-06-06 10:00:00,2.2445833333333334
2023-06-06 11:00:00,2.3995833333333336
2023-06-06 12:00:00,2.177916666666667
2023-06-06 13:00:00,2.4779166666666668
2023-06-06 14:00:00,2.3366666666666664
2023-06-06 15:00:00,3.2616666666666667
2023-06-06 16:00:00,2.8349999999999995
2023-06-06 17:00:00,2.5208333333333335
2023-06-06 18:00:00,2.4162500000000002
2023-06-06 19:00:00,2.325416666666667
2023-06-06 20:00:00,2.81
2023-06-06 21:00:00,3.5029166666666662
2023-06-06 22:00:00,3.665833333333333
2023-06-06 23:00:00,3.372916666666667
2023-06-07 00:00:00,2.8562499999999997
2023-06-07 01:00:00,2.4808333333333334
2023-06-07 02:00:00,2.3400000000000003
2023-06-07 03:00:00,2.319166666666667
2023-06-07 04:00:00,2.294166666666667
2023-06-07 05:00:00,2.2225
2023-06-07 06:00:00,2.0475
2023-06-07 07:00:00,2.115
2023-06-07 08:00:00,2.280416666666667
2023-06-07 09:00:00,2.2675
2023-06-07 10:00:00,2.2645833333333334
2023-06-07 11:00:00,2.3445833333333335
2023-06-07 12:00:00,10.060833333333333
2023-06-07 13:00:00,7.642083333333333
2023-06-07 14:00:00,3.372916666666667
2023-06-07 15:00:00,3.4475
2023-06-07 16:00:00,3.34125
2023-06-07 17:00:00,4.024583333333333
2023-06-07 18:00:00,3.0395833333333333
2023-06-07 19:00:00,2.7266666666666666
2023-06-07 20:00:00,2.3291666666666666
2023-06-07 21:00:00,2.368333333333333
2023-06-07 22:00:00,2.5733333333333333
2023-06-07 23:00:00,2.642916666666667
2023-06-08 00:00:00,2.51125
2023-06-08 01:00:00,2.43125
2023-06-08 02:00:00,2.4433333333333334
2023-06-08 03:00:00,2.4995833333333333
2023-06-08 04:00:00,2.555
2023-06-08 05:00:00,2.5079166666666666
2023-06-08 06:00:00,2.4979166666666663
2023-06-08 07:00:00,2.455
2023-06-08 08:00:00,2.732083333333333
2023-06-08 09:00:00,2.6758333333333333
2023-06-08 10:00:00,2.717083333333333
2023-06-08 11:00:00,2.7899999999999996
2023-06-08 12:00:00,2.42
2023-06-08 13:00:00,2.4841666666666664
2023-06-08 14:00:00,2.765416666666667
2023-06-08 15:00:00,2.5479166666666666
2023-06-08 16:00:00,2.2345833333333336
2023-06-08 17:00:00,2.4854166666666666
2023-06-08 18:00:00,2.5679166666666666
2023-06-08 19:00:00,2.5470833333333336
2023-06-08 20:00:00,2.515
2023-06-08 21:00:00,2.4545833333333333
2023-06-08 22:00:00,2.704166666666667
2023-06-08 23:00:00,3.1175
2023-06-09 00:00:00,3.205416666666667
2023-06-09 01:00:00,3.324583333333333
2023-06-09 02:00:00,2.9183333333333334
2023-06-09 03:00:00,1.8074999999999999
2023-06-09 04:00:00,1.8920833333333336
2023-06-09 05:00:00,1.9054166666666668
2023-06-09 06:00:00,2.0775
2023-06-09 07:00:00,2.1141666666666667
2023-06-09 08:00:00,2.0095833333333335
2023-06-09 09:00:00,1.78875
2023-06-09 10:00:00,1.7241666666666668
2023-06-09 11:00:00,1.75875
2023-06-09 12:00:00,2.0404166666666668
2023-06-09 13:00:00,1.9179166666666667
2023-06-09 14:00:00,1.6466666666666667
2023-06-09 15:00:00,1.5754166666666667
2023-06-09 16:00:00,1.6366666666666667
2023-06-09 17:00:00,1.51
2023-06-09 18:00:00,1.5808333333333333
2023-06-09 19:00:00,1.625
2023-06-09 20:00:00,1.6325
2023-06-09 21:00:00,1.5662500000000001
2023-06-09 22:00:00,1.6295833333333334
2023-06-09 23:00:00,1.8
2023-06-10 00:00:00,1.8816666666666666
2023-06-10 01:00:00,1.9154166666666665
2023-06-10 02:00:00,1.9799999999999998
2023-06-10 03:00:00,1.8150000000000002
2023-06-10 04:00:00,1.70375
2023-06-10 05:00:00,1.8666666666666665
2023-06-10 06:00:00,7.13375
2023-06-10 07:00:00,2.67
2023-06-10 08:00:00,1.1083333333333334
2023-06-10 09:00:00,1.3195833333333333
2023-06-10 10:00:00,1.1191666666666666
2023-06-10 11:00:00,1.1875
2023-06-10 12:00:00,1.2016666666666667
2023-06-10 13:00:00,0.7629166666666668
2023-06-10 14:00:00,0.7725
2023-06-10 15:00:00,1.2504166666666667
2023-06-10 16:00:00,0.91125
2023-06-10 17:00:00,0.835
2023-06-10 18:00:00,0.9187499999999998
2023-06-10 19:00:00,0.8366666666666666
2023-06-10 20:00:00,0.80375
2023-06-10 21:00:00,0.7654166666666665
2023-06-10 22:00:00,0.7229166666666668
2023-06-10 23:00:00,0.6945833333333334
2023-06-11 00:00:00,0.8366666666666666
2023-06-11 01:00:00,0.8379166666666666
2023-06-11 02:00:00,1.0125
2023-06-11 03:00:00,1.1804166666666667
2023-06-11 04:00:00,1.1345833333333333
2023-06-11 05:00:00,1.1395833333333334
2023-06-11 06:00:00,1.1995833333333332
2023-06-11 07:00:00,1.1733333333333333
2023-06-11 08:00:00,1.07375
2023-06-11 09:00:00,1.1045833333333333
2023-06-11 10:00:00,1.2225
2023-06-11 11:00:00,1.1395833333333334
2023-06-11 12:00:00,1.0608333333333333
2023-06-11 13:00:00,0.9125
2023-06-11 14:00:00,1.0070833333333333
2023-06-11 15:00:00,1.0795833333333333
2023-06-11 16:00:00,1.1933333333333334
2023-06-11 17:00:00,1.2425
2023-06-11 18:00:00,1.7954166666666669
2023-06-11 19:00:00,1.3079166666666666
2023-06-11 20:00:00,1.3033333333333335
2023-06-11 21:00:00,1.2808333333333335
2023-06-11 22:00:00,1.1420833333333333
2023-06-11 23:00:00,0.9508333333333333
2023-06-12 00:00:00,0.8520833333333333
2023-06-12 01:00:00,0.81875
2023-06-12 02:00:00,21.510833333333334
2023-06-12 03:00:00,7.022083333333334
2023-06-12 04:00:00,12.514583333333333
2023-06-12 05:00:00,11.369583333333333
2023-06-12 06:00:00,9.945833333333335
2023-06-12 07:00:00,1.8562500000000002
2023-06-12 08:00:00,2.2391666666666667
2023-06-12 09:00:00,2.0966666666666667
2023-06-12 10:00:00,2.32125
2023-06-12 11:00:00,2.2733333333333334
2023-06-12 12:00:00,2.348333333333333
2023-06-12 13:00:00,2.5058333333333334
2023-06-12 14:00:00,2.5454166666666667
2023-06-12 15:00:00,2.64125
2023-06-12 16:00:00,2.2912500000000002
2023-06-12 17:00:00,2.445
2023-06-12 18:00:00,3.171666666666667
2023-06-12 19:00:00,3.7495833333333333
2023-06-12 20:00:00,3.9225
2023-06-12 21:00:00,2.889583333333333
2023-06-12 22:00:00,2.2795833333333335
2023-06-12 23:00:00,2.4075
2023-06-13 00:00:00,2.4616666666666664
2023-06-13 01:00:00,2.4962500000000003
2023-06-13 02:00:00,2.3554166666666667
2023-06-13 03:00:00,2.3095833333333333
2023-06-13 04:00:00,2.2908333333333335
2023-06-13 05:00:00,2.307916666666667
2023-06-13 06:00:00,2.28
2023-06-13 07:00:00,2.3829166666666666
2023-06-13 08:00:00,2.370416666666667
2023-06-13 09:00:00,2.48125
2023-06-13 10:00:00,2.5575
2023-06-13 11:00:00,2.2504166666666667
2023-06-13 12:00:00,1.78875
2023-06-13 13:00:00,5.107083333333333
2023-06-13 14:00:00,19.820416666666667
2023-06-13 15:00:00,3.37875
2023-06-13 16:00:00,3.0516666666666663
2023-06-13 17:00:00,3.1833333333333336
2023-06-13 18:00:00,3.061666666666667
2023-06-13 19:00:00,2.96625
2023-06-13 20:00:00,2.813333333333333
2023-06-13 21:00:00,2.8375
2023-06-13 22:00:00,2.8754166666666667
2023-06-13 23:00:00,2.966666666666667
2023-06-14 00:00:00,2.0654166666666667
2023-06-14 01:00:00,2.0883333333333334
2023-06-14 02:00:00,2.045
2023-06-14 03:00:00,2.0516666666666667
2023-06-14 04:00:00,2.00625
2023-06-14 05:00:00,1.9375
2023-06-14 06:00:00,1.9470833333333333
2023-06-14 07:00:00,1.8191666666666666
2023-06-14 08:00:00,1.9779166666666665
2023-06-14 09:00:00,2.1462499999999998
2023-06-14 10:00:00,2.214166666666667
2023-06-14 11:00:00,2.32875
2023-06-14 12:00:00,2.2895833333333333
2023-06-14 13:00:00,11.881666666666668
2023-06-14 14:00:00,16.706666666666667
2023-06-14 15:00:00,3.374166666666667
2023-06-14 16:00:00,3.360416666666667
2023-06-14 17:00:00,3.265
2023-06-14 18:00:00,3.4025
2023-06-14 19:00:00,3.4495833333333334
2023-06-14 20:00:00,3.1929166666666666
2023-06-14 21:00:00,3.9466666666666668
2023-06-14 22:00:00,2.901666666666667
2023-06-14 23:00:00,2.5850000000000004
2023-06-15 00:00:00,2.145
2023-06-15 01:00:00,2.03125
2023-06-15 02:00:00,2.03375
2023-06-15 03:00:00,2.0779166666666664
2023-06-15 04:00:00,2.2254166666666664
2023-06-15 05:00:00,2.2308333333333334
2023-06-15 06:00:00,2.299166666666667
2023-06-15 07:00:00,2.6962499999999996
2023-06-15 08:00:00,2.6770833333333335
2023-06-15 09:00:00,2.862083333333333
2023-06-15 10:00:00,2.9883333333333333
2023-06-15 11:00:00,2.9804166666666667
2023-06-15 12:00:00,3.3325
2023-06-15 13:00:00,3.75375
2023-06-15 14:00:00,3.889583333333334
2023-06-15 15:00:00,3.8870833333333334
2023-06-15 16:00:00,3.49375
2023-06-15 17:00:00,3.7745833333333336
2023-06-15 18:00:00,2.6495833333333336
2023-06-15 19:00:00,2.59
2023-06-15 20:00:00,2.5833333333333335
2023-06-15 21:00:00,2.473333333333333
2023-06-15 22:00:00,2.469583333333333
2023-06-15 23:00:00,2.341666666666667
2023-06-16 00:00:00,2.4225
2023-06-16 01:00:00,2.415
2023-06-16 02:00:00,2.2816666666666667
2023-06-16 03:00:00,2.2895833333333333
2023-06-16 04:00:00,2.254583333333333
2023-06-16 05:00:00,2.3129166666666667
2023-06-16 06:00:00,2.3145833333333337
2023-06-16 07:00:00,2.3954166666666667
2023-06-16 08:00:00,2.37875
2023-06-16 09:00:00,2.4579166666666667
2023-06-16 10:00:00,2.410833333333333
2023-06-16 11:00:00,2.220833333333333
2023-06-16 12:00:00,2.26375
2023-06-16 13:00:00,7.610416666666667
2023-06-16 14:00:00,6.404583333333334
2023-06-16 15:00:00,3.2449999999999997
2023-06-16 16:00:00,3.1525
2023-06-16 17:00:00,3.2916666666666665
2023-06-16 18:00:00,3.3325
2023-06-16 19:00:00,3.182916666666667
2023-06-16 20:00:00,3.1804166666666664
2023-06-16 21:00:00,3.4129166666666664
2023-06-16 22:00:00,4.17125
2023-06-16 23:00:00,2.6220833333333333
2023-06-17 00:00:00,2.5124999999999997
2023-06-17 01:00:00,2.118333333333333
2023-06-17 02:00:00,2.28
2023-06-17 03:00:00,2.3316666666666666
2023-06-17 04:00:00,2.33
2023-06-17 05:00:00,2.2775000000000003
2023-06-17 06:00:00,2.4516666666666667
2023-06-17 07:00:00,2.78125
2023-06-17 08:00:00,17.172916666666666
2023-06-17 09:00:00,2.1645833333333333
2023-06-17 10:00:00,2.25625
2023-06-17 11:00:00,2.2845833333333334
2023-06-17 12:00:00,2.1616666666666666
2023-06-17 13:00:00,2.1533333333333333
2023-06-17 14:00:00,2.1983333333333333
2023-06-17 15:00:00,2.2616666666666667
2023-06-17 16:00:00,2.4187499999999997
2023-06-17 17:00:00,2.3433333333333333
2023-06-17 18:00:00,2.31375
2023-06-17 19:00:00,2.23875
2023-06-17 20:00:00,2.216666666666667
2023-06-17 21:00:00,2.2045833333333333
2023-06-17 22:00:00,2.1104166666666666
2023-06-17 23:00:00,2.0925
2023-06-18 00:00:00,2.0795833333333333
2023-06-18 01:00:00,2.1350000000000002
2023-06-18 02:00:00,2.091666666666667
2023-06-18 03:00:00,2.0858333333333334
2023-06-18 04:00:00,2.1345833333333335
2023-06-18 05:00:00,2.29625
2023-06-18 06:00:00,2.2383333333333333
2023-06-18 07:00:00,2.12375
2023-06-18 08:00:00,1.9170833333333333
2023-06-18 09:00:00,2.0208333333333335
2023-06-18 10:00:00,1.9279166666666667
2023-06-18 11:00:00,2.1683333333333334
2023-06-18 12:00:00,2.14875
2023-06-18 13:00:00,19.84416666666667
2023-06-18 14:00:00,4.944583333333333
2023-06-18 15:00:00,6.853750000000001
2023-06-18 16:00:00,7.425416666666667
2023-06-18 17:00:00,6.993333333333333
2023-06-18 18:00:00,2.5370833333333334
2023-06-18 19:00:00,2.5708333333333333
2023-06-18 20:00:00,2.6054166666666667
2023-06-18 21:00:00,2.6175
2023-06-18 22:00:00,2.7008333333333336
2023-06-18 23:00:00,2.597916666666667
2023-06-19 00:00:00,2.5316666666666667
2023-06-19 01:00:00,2.4975
2023-06-19 02:00:00,2.7449999999999997
2023-06-19 03:00:00,2.53625
2023-06-19 04:00:00,2.4808333333333334
2023-06-19 05:00:00,2.4483333333333333
2023-06-19 06:00:00,2.3891666666666667
2023-06-19 07:00:00,2.129583333333333
2023-06-19 08:00:00,2.0870833333333336
2023-06-19 09:00:00,2.533333333333333
2023-06-19 10:00:00,2.7241666666666666
2023-06-19 11:00:00,2.72625
2023-06-19 12:00:00,2.700833333333333
2023-06-19 13:00:00,12.207083333333332
2023-06-19 14:00:00,17.63083333333333
2023-06-19 15:00:00,4.9695833333333335
2023-06-19 16:00:00,5.284166666666667
2023-06-19 17:00:00,5.340833333333333
2023-06-19 18:00:00,5.69875
2023-06-19 19:00:00,4.233333333333333
2023-06-19 20:00:00,4.19625
2023-06-19 21:00:00,2.4775
2023-06-19 22:00:00,2.3466666666666667
2023-06-19 23:00:00,2.4745833333333334
2023-06-20 00:00:00,2.3341666666666665
2023-06-20 01:00:00,2.5525
2023-06-20 02:00:00,2.43375
2023-06-20 03:00:00,2.2537499999999997
2023-06-20 04:00:00,2.280416666666667
2023-06-20 05:00:00,2.3383333333333334
2023-06-20 06:00:00,2.3249999999999997
2023-06-20 07:00:00,2.32375
2023-06-20 08:00:00,5.425833333333333
2023-06-20 09:00:00,7.650416666666666
2023-06-20 10:00:00,7.663333333333333
2023-06-20 11:00:00,5.599166666666666
2023-06-20 12:00:00,4.230833333333334
2023-06-20 13:00:00,26.935
2023-06-20 14:00:00,8.507083333333332
2023-06-20 15:00:00,5.035416666666666
2023-06-20 16:00:00,5.070833333333334
2023-06-20 17:00:00,4.80625
2023-06-20 18:00:00,5.5249999999999995
2023-06-20 19:00:00,3.7120833333333336
2023-06-20 20:00:00,3.549166666666667
2023-06-20 21:00:00,3.692083333333333
2023-06-20 22:00:00,7.302500000000001
2023-06-20 23:00:00,6.990833333333334
2023-06-21 00:00:00,3.4025
2023-06-21 01:00:00,2.7541666666666664
2023-06-21 02:00:00,2.8745833333333333
2023-06-21 03:00:00,2.9633333333333334
2023-06-21 04:00:00,2.735
2023-06-21 05:00:00,2.7383333333333333
2023-06-21 06:00:00,2.5941666666666667
2023-06-21 07:00:00,5.539166666666667
2023-06-21 08:00:00,5.8254166666666665
2023-06-21 09:00:00,3.25625
2023-06-21 10:00:00,3.2695833333333333
2023-06-21 11:00:00,3.4195833333333336
2023-06-21 12:00:00,19.256249999999998
2023-06-21 13:00:00,6.353333333333333
2023-06-21 14:00:00,4.23375
2023-06-21 15:00:00,4.88875
2023-06-21 16:00:00,4.962083333333333
2023-06-21 17:00:00,3.06875
2023-06-21 18:00:00,2.87625
2023-06-21 19:00:00,2.735416666666667
2023-06-21 20:00:00,3.090833333333333
2023-06-21 21:00:00,2.6758333333333333
2023-06-21 22:00:00,2.59375
2023-06-21 23:00:00,2.685
2023-06-22 00:00:00,2.7470833333333338
2023-06-22 01:00:00,2.6508333333333334
2023-06-22 02:00:00,2.5691666666666664
2023-06-22 03:00:00,2.549583333333333
2023-06-22 04:00:00,2.6654166666666668
2023-06-22 05:00:00,2.6575
2023-06-22 06:00:00,2.6025
2023-06-22 07:00:00,2.5841666666666665
2023-06-22 08:00:00,2.564583333333333
2023-06-22 09:00:00,2.6266666666666665
2023-06-22 10:00:00,2.4325
2023-06-22 11:00:00,2.504166666666667
2023-06-22 12:00:00,2.4179166666666667
2023-06-22 13:00:00,2.3783333333333334
2023-06-22 14:00:00,10.579166666666667
2023-06-22 15:00:00,4.442083333333334
2023-06-22 16:00:00,5.350833333333333
2023-06-22 17:00:00,4.92375
2023-06-22 18:00:00,4.70125
2023-06-22 19:00:00,3.2475
2023-06-22 20:00:00,2.2733333333333334
2023-06-22 21:00:00,2.2208333333333337
2023-06-22 22:00:00,2.32875
2023-06-22 23:00:00,2.31125
2023-06-23 00:00:00,2.1824999999999997
2023-06-23 01:00:00,2.2891666666666666
2023-06-23 02:00:00,2.2970833333333336
2023-06-23 03:00:00,2.3275
2023-06-23 04:00:00,2.3133333333333335
2023-06-23 05:00:00,2.2254166666666664
2023-06-23 06:00:00,2.165
2023-06-23 07:00:00,2.3625000000000003
2023-06-23 08:00:00,2.3800000000000003
2023-06-23 09:00:00,2.606666666666667
2023-06-23 10:00:00,2.5341666666666667
2023-06-23 11:00:00,2.5454166666666667
2023-06-23 12:00:00,2.4145833333333333
2023-06-23 13:00:00,2.4366666666666665
2023-06-23 14:00:00,8.607916666666666
2023-06-23 15:00:00,9.280416666666667
2023-06-23 16:00:00,3.0825
2023-06-23 17:00:00,2.84125
2023-06-23 18:00:00,2.8987499999999997
2023-06-23 19:00:00,5.599166666666666
2023-06-23 20:00:00,3.3495833333333334
2023-06-23 21:00:00,4.1812499999999995
2023-06-23 22:00:00,3.9141666666666666
2023-06-23 23:00:00,3.32875
2023-06-24 00:00:00,3.323333333333333
2023-06-24 01:00:00,3.362083333333333
2023-06-24 02:00:00,2.7933333333333334
2023-06-24 03:00:00,2.5225
2023-06-24 04:00:00,2.2954166666666667
2023-06-24 05:00:00,2.4475000000000002
2023-06-24 06:00:00,2.796666666666667
2023-06-24 07:00:00,2.607083333333333
2023-06-24 08:00:00,9.289583333333335
2023-06-24 09:00:00,5.432916666666666
2023-06-24 10:00:00,3.0966666666666662
2023-06-24 11:00:00,3.079166666666667
2023-06-24 12:00:00,3.1366666666666667
2023-06-24 13:00:00,8.740833333333333
2023-06-24 14:00:00,9.475
2023-06-24 15:00:00,13.339999999999998
2023-06-24 16:00:00,4.5129166666666665
2023-06-24 17:00:00,4.310416666666667
2023-06-24 18:00:00,4.4312499999999995
2023-06-24 19:00:00,4.50375
2023-06-24 20:00:00,4.4245833333333335
2023-06-24 21:00:00,4.37125
2023-06-24 22:00:00,4.537916666666667
2023-06-24 23:00:00,5.9325
2023-06-25 00:00:00,4.460833333333333
2023-06-25 01:00:00,2.361666666666667
2023-06-25 02:00:00,2.53875
2023-06-25 03:00:00,2.4175
2023-06-25 04:00:00,2.527083333333333
2023-06-25 05:00:00,2.5095833333333335
2023-06-25 06:00:00,2.46125
2023-06-25 07:00:00,2.4058333333333333
2023-06-25 08:00:00,2.5329166666666665
2023-06-25 09:00:00,2.7016666666666667
2023-06-25 10:00:00,2.6641666666666666
2023-06-25 11:00:00,2.81125
2023-06-25 12:00:00,2.6058333333333334
2023-06-25 13:00:00,2.6420833333333333
2023-06-25 14:00:00,2.665
2023-06-25 15:00:00,18.30666666666667
2023-06-25 16:00:00,12.828333333333333
2023-06-25 17:00:00,5.110416666666667
2023-06-25 18:00:00,7.209166666666667
2023-06-25 19:00:00,5.075833333333333
2023-06-25 20:00:00,4.870833333333334
2023-06-25 21:00:00,5.255
2023-06-25 22:00:00,4.434166666666667
2023-06-25 23:00:00,3.922083333333333
2023-06-26 00:00:00,2.487083333333333
2023-06-26 01:00:00,2.532083333333333
2023-06-26 02:00:00,2.3962499999999998
2023-06-26 03:00:00,2.427916666666667
2023-06-26 04:00:00,2.5212499999999998
2023-06-26 05:00:00,2.6508333333333334
2023-06-26 06:00:00,10.150416666666667
2023-06-26 07:00:00,24.695833333333336
2023-06-26 08:00:00,4.257916666666667
2023-06-26 09:00:00,4.194583333333333
2023-06-26 10:00:00,4.102083333333333
2023-06-26 11:00:00,4.090416666666667
2023-06-26 12:00:00,4.156666666666667
2023-06-26 13:00:00,6.5025
2023-06-26 14:00:00,6.485
2023-06-26 15:00:00,11.844166666666666
2023-06-26 16:00:00,11.697916666666666
2023-06-26 17:00:00,11.949166666666668
2023-06-26 18:00:00,15.624166666666667
2023-06-26 19:00:00,6.778333333333333
2023-06-26 20:00:00,5.447916666666667
2023-06-26 21:00:00,9.000833333333333
2023-06-26 22:00:00,7.957083333333333
2023-06-26 23:00:00,5.5975
2023-06-27 00:00:00,5.3495833333333325
2023-06-27 01:00:00,4.797916666666667
2023-06-27 02:00:00,4.178333333333334
2023-06-27 03:00:00,4.147916666666666
2023-06-27 04:00:00,4.177083333333333
2023-06-27 05:00:00,4.1125
2023-06-27 06:00:00,4.010833333333333
2023-06-27 07:00:00,3.8533333333333335
2023-06-27 08:00:00,3.9287499999999995
2023-06-27 09:00:00,4.12125
2023-06-27 10:00:00,3.377083333333333
2023-06-27 11:00:00,7.90125
2023-06-27 12:00:00,7.065
2023-06-27 13:00:00,12.816250000000002
2023-06-27 14:00:00,3.486666666666667
2023-06-27 15:00:00,3.8020833333333335
2023-06-27 16:00:00,7.642083333333333
2023-06-27 17:00:00,14.967083333333333
2023-06-27 18:00:00,12.728333333333333
2023-06-27 19:00:00,9.838333333333333
2023-06-27 20:00:00,5.34
2023-06-27 21:00:00,4.595
2023-06-27 22:00:00,4.115
2023-06-27 23:00:00,4.1525
2023-06-28 00:00:00,3.595833333333333
2023-06-28 01:00:00,3.59
2023-06-28 02:00:00,3.60875
2023-06-28 03:00:00,3.4525
2023-06-28 04:00:00,3.44125
2023-06-28 05:00:00,3.375
2023-06-28 06:00:00,3.370416666666667
2023-06-28 07:00:00,9.704166666666667
2023-06-28 08:00:00,4.224583333333333
2023-06-28 09:00:00,7.912083333333334
2023-06-28 10:00:00,8.92375
2023-06-28 11:00:00,15.56
2023-06-28 12:00:00,19.819166666666664
2023-06-28 13:00:00,20.249166666666667
2023-06-28 14:00:00,19.72375
2023-06-28 15:00:00,19.44333333333333
2023-06-28 16:00:00,18.152916666666666
2023-06-28 17:00:00,5.947083333333333
2023-06-28 18:00:00,4.43
2023-06-28 19:00:00,4.327916666666666
2023-06-28 20:00:00,4.484166666666667
2023-06-28 21:00:00,4.136666666666667
2023-06-28 22:00:00,4.332916666666667
2023-06-28 23:00:00,3.809583333333333
2023-06-29 00:00:00,4.265833333333334
2023-06-29 01:00:00,2.7758333333333334
2023-06-29 02:00:00,2.066666666666667
2023-06-29 03:00:00,1.9962499999999999
2023-06-29 04:00:00,2.1420833333333333
2023-06-29 05:00:00,2.015
2023-06-29 06:00:00,2.182916666666667
2023-06-29 07:00:00,16.714583333333334
2023-06-29 08:00:00,9.849583333333333
2023-06-29 09:00:00,23.222916666666666
2023-06-29 10:00:00,23.139166666666668
2023-06-29 11:00:00,29.72458333333333
2023-06-29 12:00:00,32.19625
2023-06-29 13:00:00,30.45625
2023-06-29 14:00:00,26.751666666666665
2023-06-29 15:00:00,15.44
2023-06-29 16:00:00,4.789166666666667
2023-06-29 17:00:00,5.342083333333334
2023-06-29 18:00:00,3.000833333333333
2023-06-29 19:00:00,2.985
2023-06-29 20:00:00,3.0566666666666666
2023-06-29 21:00:00,2.7945833333333336
2023-06-29 22:00:00,2.87125
2023-06-29 23:00:00,2.5325
2023-06-30 00:00:00,2.3895833333333334
2023-06-30 01:00:00,2.3875
2023-06-30 02:00:00,2.5191666666666666
2023-06-30 03:00:00,2.3941666666666666
2023-06-30 04:00:00,2.4525
2023-06-30 05:00:00,2.2708333333333335
2023-06-30 06:00:00,2.5416666666666665
2023-06-30 07:00:00,2.660833333333333
2023-06-30 08:00:00,2.7595833333333335
2023-06-30 09:00:00,3.2975
2023-06-30 10:00:00,2.9887499999999996
2023-06-30 11:00:00,3.3800000000000003
2023-06-30 12:00:00,8.414583333333335
2023-06-30 13:00:00,20.887083333333333
2023-06-30 14:00:00,4.3725
2023-06-30 15:00:00,4.483333333333333
2023-06-30 16:00:00,4.2525
2023-06-30 17:00:00,4.016666666666667
2023-06-30 18:00:00,3.9333333333333336
2023-06-30 19:00:00,3.0516666666666663
2023-06-30 20:00:00,2.9691666666666667
2023-06-30 21:00:00,2.7075
2023-06-30 22:00:00,2.665
2023-06-30 23:00:00,2.51125
2023-07-01 00:00:00,2.46875
2023-07-01 01:00:00,2.3808333333333334
2023-07-01 02:00:00,2.4316666666666666
2023-07-01 03:00:00,2.4120833333333334
2023-07-01 04:00:00,2.15375
2023-07-01 05:00:00,1.7508333333333335
2023-07-01 06:00:00,2.047916666666667
2023-07-01 07:00:00,1.6254166666666665
2023-07-01 08:00:00,1.7029166666666666
2023-07-01 09:00:00,2.9370833333333333
2023-07-01 10:00:00,3.8625000000000003
2023-07-01 11:00:00,12.087083333333332
2023-07-01 12:00:00,10.464583333333334
2023-07-01 13:00:00,4.974166666666666
2023-07-01 14:00:00,3.064166666666667
2023-07-01 15:00:00,2.8249999999999997
2023-07-01 16:00:00,2.92125
2023-07-01 17:00:00,3.0708333333333333
2023-07-01 18:00:00,3.25
2023-07-01 19:00:00,3.297083333333333
2023-07-01 20:00:00,3.2274999999999996
2023-07-01 21:00:00,2.625
2023-07-01 22:00:00,2.810416666666667
2023-07-01 23:00:00,3.060416666666667
2023-07-02 00:00:00,2.845416666666667
2023-07-02 01:00:00,3.3962499999999998
2023-07-02 02:00:00,4.234166666666667
2023-07-02 03:00:00,2.8066666666666666
2023-07-02 04:00:00,2.8204166666666666
2023-07-02 05:00:00,2.8783333333333334
2023-07-02 06:00:00,2.8008333333333333
2023-07-02 07:00:00,2.8524999999999996
2023-07-02 08:00:00,2.887083333333333
2023-07-02 09:00:00,2.779583333333333
2023-07-02 10:00:00,2.7112499999999997
2023-07-02 11:00:00,2.5504166666666666
2023-07-02 12:00:00,2.3841666666666668
2023-07-02 13:00:00,2.2958333333333334
2023-07-02 14:00:00,1.6529166666666668
2023-07-02 15:00:00,1.7370833333333333
2023-07-02 16:00:00,2.0325
2023-07-02 17:00:00,37.459583333333335
2023-07-02 18:00:00,93.31041666666668
2023-07-02 19:00:00,45.78125
2023-07-02 20:00:00,41.66125
2023-07-02 21:00:00,40.68208333333333
2023-07-02 22:00:00,40.75875
2023-07-02 23:00:00,41.14541666666667
2023-07-03 00:00:00,30.412916666666664
2023-07-03 01:00:00,2.9725
2023-07-03 02:00:00,2.6841666666666666
2023-07-03 03:00:00,8.794583333333334
2023-07-03 04:00:00,12.014166666666668
2023-07-03 05:00:00,13.98625
2023-07-03 06:00:00,15.719166666666666
2023-07-03 07:00:00,8.940416666666666
2023-07-03 08:00:00,3.9825
2023-07-03 09:00:00,3.7516666666666665
2023-07-03 10:00:00,3.7095833333333332
2023-07-03 11:00:00,3.887916666666667
2023-07-03 12:00:00,4.0625
2023-07-03 13:00:00,15.547916666666666
2023-07-03 14:00:00,6.132916666666667
2023-07-03 15:00:00,5.172083333333333
2023-07-03 16:00:00,4.962083333333333
2023-07-03 17:00:00,4.675
2023-07-03 18:00:00,5.31125
2023-07-03 19:00:00,5.55
2023-07-03 20:00:00,5.475833333333334
2023-07-03 21:00:00,4.402916666666667
2023-07-03 22:00:00,4.1154166666666665
2023-07-03 23:00:00,3.8520833333333333
2023-07-04 00:00:00,4.032916666666666
2023-07-04 01:00:00,3.9975
2023-07-04 02:00:00,3.9499999999999997
2023-07-04 03:00:00,3.858333333333333
2023-07-04 04:00:00,4.003333333333333
2023-07-04 05:00:00,4.1937500000000005
2023-07-04 06:00:00,21.16625
2023-07-04 07:00:00,11.981666666666667
2023-07-04 08:00:00,6.5
2023-07-04 09:00:00,6.672916666666667
2023-07-04 10:00:00,6.798333333333333
2023-07-04 11:00:00,6.222083333333334
2023-07-04 12:00:00,6.725833333333334
2023-07-04 13:00:00,7.105416666666667
2023-07-04 14:00:00,7.460416666666667
2023-07-04 15:00:00,5.38
2023-07-04 16:00:00,4.433333333333334
2023-07-04 17:00:00,4.60375
2023-07-04 18:00:00,4.7091666666666665
2023-07-04 19:00:00,4.729166666666667
2023-07-04 20:00:00,4.132916666666667
2023-07-04 21:00:00,4.49625
2023-07-04 22:00:00,4.8758333333333335
2023-07-04 23:00:00,4.187916666666667
2023-07-05 00:00:00,4.117916666666667
2023-07-05 01:00:00,3.517916666666667
2023-07-05 02:00:00,4.0275
2023-07-05 03:00:00,4.214166666666666
2023-07-05 04:00:00,4.40125
2023-07-05 05:00:00,4.645416666666667
2023-07-05 06:00:00,4.880416666666666
2023-07-05 07:00:00,4.773333333333333
2023-07-05 08:00:00,4.2975
2023-07-05 09:00:00,7.555416666666667
2023-07-05 10:00:00,9.951666666666666
2023-07-05 11:00:00,9.8025
2023-07-05 12:00:00,10.00625
2023-07-05 13:00:00,9.280833333333334
2023-07-05 14:00:00,9.855833333333335
2023-07-05 15:00:00,10.495000000000001
2023-07-05 16:00:00,10.787916666666668
2023-07-05 17:00:00,5.088333333333334
2023-07-05 18:00:00,4.8254166666666665
2023-07-05 19:00:00,4.9025
2023-07-05 20:00:00,5.03375
2023-07-05 21:00:00,4.4991666666666665
2023-07-05 22:00:00,4.599166666666666
2023-07-05 23:00:00,4.6345833333333335
2023-07-06 00:00:00,5.0874999999999995
2023-07-06 01:00:00,5.08125
2023-07-06 02:00:00,4.7525
2023-07-06 03:00:00,5.066666666666667
2023-07-06 04:00:00,5.006666666666667
2023-07-06 05:00:00,5.2995833333333335
2023-07-06 06:00:00,5.48125
2023-07-06 07:00:00,5.540833333333333
2023-07-06 08:00:00,5.7179166666666665
2023-07-06 09:00:00,5.405833333333334
2023-07-06 10:00:00,5.537916666666667
2023-07-06 11:00:00,4.720416666666666
2023-07-06 12:00:00,4.5424999999999995
2023-07-06 13:00:00,5.01375
2023-07-06 14:00:00,5.359583333333333
2023-07-06 15:00:00,5.96875
2023-07-06 16:00:00,5.0687500000000005
2023-07-06 17:00:00,4.550416666666667
2023-07-06 18:00:00,4.298333333333333
2023-07-06 19:00:00,4.2804166666666665
2023-07-06 20:00:00,4.503333333333333
2023-07-06 21:00:00,4.126666666666667
2023-07-06 22:00:00,4.15875
2023-07-06 23:00:00,4.36625
2023-07-07 00:00:00,4.34375
2023-07-07 01:00:00,4.492500000000001
2023-07-07 02:00:00,4.56125
2023-07-07 03:00:00,4.5562499999999995
2023-07-07 04:00:00,4.696666666666666
2023-07-07 05:00:00,5.057083333333334
2023-07-07 06:00:00,35.36166666666667
2023-07-07 07:00:00,31.718333333333334
2023-07-07 08:00:00,7.68625
2023-07-07 09:00:00,7.978750000000001
2023-07-07 10:00:00,7.834166666666667
2023-07-07 11:00:00,7.5566666666666675
2023-07-07 12:00:00,7.1241666666666665
2023-07-07 13:00:00,7.280833333333334
2023-07-07 14:00:00,6.949166666666667
2023-07-07 15:00:00,7.136666666666667
2023-07-07 16:00:00,6.2075
2023-07-07 17:00:00,4.523333333333333
2023-07-07 18:00:00,4.409166666666667
2023-07-07 19:00:00,4.265
2023-07-07 20:00:00,3.641666666666667
2023-07-07 21:00:00,3.6612500000000003
2023-07-07 22:00:00,3.8641666666666663
2023-07-07 23:00:00,3.625833333333333
2023-07-08 00:00:00,3.514583333333333
2023-07-08 01:00:00,3.4025
2023-07-08 02:00:00,3.581666666666667
2023-07-08 03:00:00,3.4691666666666667
2023-07-08 04:00:00,3.2816666666666667
2023-07-08 05:00:00,6.230833333333333
2023-07-08 06:00:00,3.5741666666666667
2023-07-08 07:00:00,1.9258333333333333
2023-07-08 08:00:00,1.9066666666666665
2023-07-08 09:00:00,1.9445833333333333
2023-07-08 10:00:00,1.845
2023-07-08 11:00:00,1.7387500000000002
2023-07-08 12:00:00,1.7979166666666666
2023-07-08 13:00:00,1.8958333333333333
2023-07-08 14:00:00,2.0466666666666664
2023-07-08 15:00:00,6.775416666666666
2023-07-08 16:00:00,4.260833333333333
2023-07-08 17:00:00,2.43125
2023-07-08 18:00:00,2.4525
2023-07-08 19:00:00,2.5216666666666665
2023-07-08 20:00:00,2.3095833333333333
2023-07-08 21:00:00,2.0516666666666667
2023-07-08 22:00:00,1.75875
2023-07-08 23:00:00,1.88375
2023-07-09 00:00:00,1.8429166666666665
2023-07-09 01:00:00,1.67875
2023-07-09 02:00:00,1.7054166666666666
2023-07-09 03:00:00,1.6995833333333332
2023-07-09 04:00:00,1.6566666666666665
2023-07-09 05:00:00,1.6895833333333334
2023-07-09 06:00:00,1.6983333333333333
2023-07-09 07:00:00,1.6025
2023-07-09 08:00:00,1.5895833333333333
2023-07-09 09:00:00,1.64
2023-07-09 10:00:00,1.5941666666666665
2023-07-09 11:00:00,1.5254166666666666
2023-07-09 12:00:00,1.5566666666666666
2023-07-09 13:00:00,1.5433333333333332
2023-07-09 14:00:00,3.557083333333333
2023-07-09 15:00:00,1.1954166666666666
2023-07-09 16:00:00,1.0666666666666667
2023-07-09 17:00:00,1.4670833333333333
2023-07-09 18:00:00,5.114999999999999
2023-07-09 19:00:00,1.7537500000000001
2023-07-09 20:00:00,2.1437500000000003
2023-07-09 21:00:00,1.7891666666666666
2023-07-09 22:00:00,1.5279166666666668
2023-07-09 23:00:00,1.5945833333333332
2023-07-10 00:00:00,1.6854166666666668
2023-07-10 01:00:00,15.107083333333334
2023-07-10 02:00:00,11.76
2023-07-10 03:00:00,8.935416666666667
2023-07-10 04:00:00,11.402499999999998
2023-07-10 05:00:00,12.561250000000001
2023-07-10 06:00:00,9.18
2023-07-10 07:00:00,8.37625
2023-07-10 08:00:00,10.908333333333333
2023-07-10 09:00:00,9.41375
2023-07-10 10:00:00,4.0304166666666665
2023-07-10 11:00:00,3.8654166666666665
2023-07-10 12:00:00,4.294583333333333
2023-07-10 13:00:00,4.437916666666667
2023-07-10 14:00:00,4.49875
2023-07-10 15:00:00,8.16
2023-07-10 16:00:00,4.627083333333333
2023-07-10 17:00:00,5.159166666666667
2023-07-10 18:00:00,5.353750000000001
2023-07-10 19:00:00,10.13625
2023-07-10 20:00:00,3.91
2023-07-10 21:00:00,4.035416666666666
2023-07-10 22:00:00,4.154166666666667
2023-07-10 23:00:00,4.062916666666667
2023-07-11 00:00:00,3.3058333333333336
2023-07-11 01:00:00,3.2783333333333338
2023-07-11 02:00:00,3.1925000000000003
2023-07-11 03:00:00,3.1820833333333334
2023-07-11 04:00:00,3.018333333333333
2023-07-11 05:00:00,3.092916666666667
2023-07-11 06:00:00,3.1300000000000003
2023-07-11 07:00:00,10.136666666666667
2023-07-11 08:00:00,4.062916666666667
2023-07-11 09:00:00,4.5062500000000005
2023-07-11 10:00:00,17.050416666666667
2023-07-11 11:00:00,8.311666666666666
2023-07-11 12:00:00,8.168750000000001
2023-07-11 13:00:00,4.9937499999999995
2023-07-11 14:00:00,5.16125
2023-07-11 15:00:00,4.640416666666667
2023-07-11 16:00:00,4.082083333333333
2023-07-11 17:00:00,4.206666666666667
2023-07-11 18:00:00,4.037916666666667
2023-07-11 19:00:00,3.4829166666666667
2023-07-11 20:00:00,3.4545833333333333
2023-07-11 21:00:00,3.1916666666666664
2023-07-11 22:00:00,3.37375
2023-07-11 23:00:00,3.64125
2023-07-12 00:00:00,3.2170833333333335
2023-07-12 01:00:00,3.4341666666666666
2023-07-12 02:00:00,3.3670833333333334
2023-07-12 03:00:00,3.37125
2023-07-12 04:00:00,3.435
2023-07-12 05:00:00,3.4466666666666668
2023-07-12 06:00:00,3.2720833333333332
2023-07-12 07:00:00,3.3874999999999997
2023-07-12 08:00:00,3.4595833333333332
2023-07-12 09:00:00,3.85125
2023-07-12 10:00:00,3.799583333333333
2023-07-12 11:00:00,3.737083333333333
2023-07-12 12:00:00,21.613333333333333
2023-07-12 13:00:00,4.489583333333333
2023-07-12 14:00:00,4.785416666666666
2023-07-12 15:00:00,4.6554166666666665
2023-07-12 16:00:00,4.565833333333333
2023-07-12 17:00:00,4.5754166666666665
2023-07-12 18:00:00,3.7558333333333334
2023-07-12 19:00:00,3.61875
2023-07-12 20:00:00,3.5574999999999997
2023-07-12 21:00:00,3.535833333333333
2023-07-12 22:00:00,3.7320833333333336
2023-07-12 23:00:00,3.984166666666667
2023-07-13 00:00:00,4.035833333333334
2023-07-13 01:00:00,3.98375
2023-07-13 02:00:00,3.9508333333333336
2023-07-13 03:00:00,4.023333333333333
2023-07-13 04:00:00,4.189166666666666
2023-07-13 05:00:00,8.862916666666667
2023-07-13 06:00:00,11.17875
2023-07-13 07:00:00,19.912499999999998
2023-07-13 08:00:00,16.342916666666667
2023-07-13 09:00:00,11.691249999999998
2023-07-13 10:00:00,5.882916666666667
2023-07-13 11:00:00,5.3425
2023-07-13 12:00:00,5.235416666666667
2023-07-13 13:00:00,5.305833333333333
2023-07-13 14:00:00,5.560833333333334
2023-07-13 15:00:00,5.8125
2023-07-13 16:00:00,5.874583333333334
2023-07-13 17:00:00,5.884583333333333
2023-07-13 18:00:00,5.609166666666667
2023-07-13 19:00:00,3.580416666666667
2023-07-13 20:00:00,3.4637499999999997
2023-07-13 21:00:00,3.5050000000000003
2023-07-13 22:00:00,3.6975
2023-07-13 23:00:00,3.7920833333333337
2023-07-14 00:00:00,3.82875
2023-07-14 01:00:00,3.63875
2023-07-14 02:00:00,3.6820833333333334
2023-07-14 03:00:00,3.736666666666667
2023-07-14 04:00:00,3.8241666666666667
2023-07-14 05:00:00,3.9079166666666665
2023-07-14 06:00:00,22.615416666666665
2023-07-14 07:00:00,16.7575
2023-07-14 08:00:00,14.216666666666667
2023-07-14 09:00:00,6.767916666666667
2023-07-14 10:00:00,6.939166666666666
2023-07-14 11:00:00,6.863333333333333
2023-07-14 12:00:00,6.899583333333333
2023-07-14 13:00:00,6.824166666666667
2023-07-14 14:00:00,5.275
2023-07-14 15:00:00,5.86
2023-07-14 16:00:00,4.292916666666667
2023-07-14 17:00:00,4.2775
2023-07-14 18:00:00,4.1379166666666665
2023-07-14 19:00:00,4.18875
2023-07-14 20:00:00,3.84
2023-07-14 21:00:00,3.95125
2023-07-14 22:00:00,3.953333333333333
2023-07-14 23:00:00,3.6333333333333333
2023-07-15 00:00:00,3.37625
2023-07-15 01:00:00,4.87
2023-07-15 02:00:00,2.46625
2023-07-15 03:00:00,2.6345833333333335
2023-07-15 04:00:00,2.6266666666666665
2023-07-15 05:00:00,2.5854166666666667
2023-07-15 06:00:00,2.7395833333333335
2023-07-15 07:00:00,2.6791666666666667
2023-07-15 08:00:00,2.9125
2023-07-15 09:00:00,2.810416666666667
2023-07-15 10:00:00,2.6308333333333334
2023-07-15 11:00:00,2.4908333333333332
2023-07-15 12:00:00,2.6125000000000003
2023-07-15 13:00:00,2.6616666666666666
2023-07-15 14:00:00,2.7624999999999997
2023-07-15 15:00:00,2.8499999999999996
2023-07-15 16:00:00,2.702083333333333
2023-07-15 17:00:00,2.6345833333333335
2023-07-15 18:00:00,2.5187500000000003
2023-07-15 19:00:00,2.350416666666667
2023-07-15 20:00:00,2.597916666666667
2023-07-15 21:00:00,2.7899999999999996
2023-07-15 22:00:00,2.4541666666666666
2023-07-15 23:00:00,2.51375
2023-07-16 00:00:00,2.7733333333333334
2023-07-16 01:00:00,2.8454166666666665
2023-07-16 02:00:00,2.4683333333333333
2023-07-16 03:00:00,2.29625
2023-07-16 04:00:00,2.2408333333333332
2023-07-16 05:00:00,2.2225
2023-07-16 06:00:00,2.2666666666666666
2023-07-16 07:00:00,2.3775
2023-07-16 08:00:00,2.51625
2023-07-16 09:00:00,2.427916666666667
2023-07-16 10:00:00,2.2504166666666667
2023-07-16 11:00:00,2.5683333333333334
2023-07-16 12:00:00,2.47375
2023-07-16 13:00:00,2.4316666666666666
2023-07-16 14:00:00,2.6933333333333334
2023-07-16 15:00:00,2.7587500000000005
2023-07-16 16:00:00,2.629583333333333
2023-07-16 17:00:00,2.7595833333333335
2023-07-16 18:00:00,2.768333333333333
2023-07-16 19:00:00,2.7495833333333333
2023-07-16 20:00:00,2.7075
2023-07-16 21:00:00,2.8129166666666667
2023-07-16 22:00:00,3.06375
2023-07-16 23:00:00,3.3524999999999996
2023-07-17 00:00:00,3.469583333333334
2023-07-17 01:00:00,5.04625
2023-07-17 02:00:00,11.747916666666667
2023-07-17 03:00:00,19.263333333333332
2023-07-17 04:00:00,23.282083333333333
2023-07-17 05:00:00,11.410416666666668
2023-07-17 06:00:00,31.132083333333338
2023-07-17 07:00:00,20.320416666666667
2023-07-17 08:00:00,22.288333333333338
2023-07-17 09:00:00,15.732916666666666
2023-07-17 10:00:00,9.0525
2023-07-17 11:00:00,4.153333333333333
2023-07-17 12:00:00,4.414166666666667
2023-07-17 13:00:00,4.040416666666666
2023-07-17 14:00:00,4.236666666666666
2023-07-17 15:00:00,4.229583333333333
2023-07-17 16:00:00,3.7566666666666664
2023-07-17 17:00:00,4.06125
2023-07-17 18:00:00,4.12125
2023-07-17 19:00:00,3.9137500000000003
2023-07-17 20:00:00,3.450833333333333
2023-07-17 21:00:00,3.0375
2023-07-17 22:00:00,3.5712500000000005
2023-07-17 23:00:00,3.6199999999999997
2023-07-18 00:00:00,3.4929166666666664
2023-07-18 01:00:00,3.9970833333333338
2023-07-18 02:00:00,3.81875
2023-07-18 03:00:00,3.7708333333333335
2023-07-18 04:00:00,3.9433333333333334
2023-07-18 05:00:00,4.006666666666667
2023-07-18 06:00:00,21.908333333333335
2023-07-18 07:00:00,8.3725
2023-07-18 08:00:00,4.935416666666667
2023-07-18 09:00:00,4.825833333333333
2023-07-18 10:00:00,4.526666666666666
2023-07-18 11:00:00,3.64875
2023-07-18 12:00:00,3.4945833333333334
2023-07-18 13:00:00,3.295833333333333
2023-07-18 14:00:00,3.6191666666666666
2023-07-18 15:00:00,3.525
2023-07-18 16:00:00,3.327083333333333
2023-07-18 17:00:00,3.5516666666666663
2023-07-18 18:00:00,3.938333333333333
2023-07-18 19:00:00,3.8562499999999997
2023-07-18 20:00:00,3.6625
2023-07-18 21:00:00,3.5545833333333334
2023-07-18 22:00:00,3.658333333333333
2023-07-18 23:00:00,6.651666666666667
2023-07-19 00:00:00,3.54875
2023-07-19 01:00:00,2.9020833333333336
2023-07-19 02:00:00,2.8233333333333337
2023-07-19 03:00:00,2.9254166666666666
2023-07-19 04:00:00,2.9525
2023-07-19 05:00:00,2.9129166666666664
2023-07-19 06:00:00,3.1333333333333333
2023-07-19 07:00:00,3.1975
2023-07-19 08:00:00,3.217916666666667
2023-07-19 09:00:00,3.125
2023-07-19 10:00:00,2.8954166666666663
2023-07-19 11:00:00,3.044166666666667
2023-07-19 12:00:00,3.01
2023-07-19 13:00:00,3.0241666666666673
2023-07-19 14:00:00,2.7504166666666667
2023-07-19 15:00:00,2.9370833333333337
2023-07-19 16:00:00,2.9133333333333336
2023-07-19 17:00:00,2.952083333333334
2023-07-19 18:00:00,2.6779166666666665
2023-07-19 19:00:00,2.9250000000000003
2023-07-19 20:00:00,2.61625
2023-07-19 21:00:00,2.4970833333333333
2023-07-19 22:00:00,2.3604166666666666
2023-07-19 23:00:00,2.5241666666666664
2023-07-20 00:00:00,2.5124999999999997
2023-07-20 01:00:00,2.405416666666667
2023-07-20 02:00:00,2.6020833333333333
2023-07-20 03:00:00,2.5004166666666667
2023-07-20 04:00:00,2.4995833333333333
2023-07-20 05:00:00,2.487083333333333
2023-07-20 06:00:00,2.5316666666666667
2023-07-20 07:00:00,2.74625
2023-07-20 08:00:00,6.129166666666666
2023-07-20 09:00:00,10.468333333333334
2023-07-20 10:00:00,15.129583333333334
2023-07-20 11:00:00,6.586666666666666
2023-07-20 12:00:00,3.6300000000000003
2023-07-20 13:00:00,4.2225
2023-07-20 14:00:00,3.889583333333333
2023-07-20 15:00:00,4.099166666666666
2023-07-20 16:00:00,4.07
2023-07-20 17:00:00,3.3358333333333334
2023-07-20 18:00:00,3.6808333333333336
2023-07-20 19:00:00,3.6575
2023-07-20 20:00:00,4.152916666666667
2023-07-20 21:00:00,2.6108333333333333
2023-07-20 22:00:00,2.42375
2023-07-20 23:00:00,2.61375
2023-07-21 00:00:00,2.5258333333333334
2023-07-21 01:00:00,2.7550000000000003
2023-07-21 02:00:00,2.638333333333333
2023-07-21 03:00:00,2.5083333333333333
2023-07-21 04:00:00,2.42125
2023-07-21 05:00:00,2.4658333333333333
2023-07-21 06:00:00,2.3775
2023-07-21 07:00:00,2.44
2023-07-21 08:00:00,2.43
2023-07-21 09:00:00,2.563333333333333
2023-07-21 10:00:00,2.2954166666666667
2023-07-21 11:00:00,13.740833333333335
2023-07-21 12:00:00,26.111250000000002
2023-07-21 13:00:00,8.092916666666667
2023-07-21 14:00:00,5.48125
2023-07-21 15:00:00,5.662916666666667
2023-07-21 16:00:00,4.194166666666667
2023-07-21 17:00:00,4.32875
2023-07-21 18:00:00,4.265416666666667
2023-07-21 19:00:00,4.109166666666667
2023-07-21 20:00:00,4.5275
2023-07-21 21:00:00,3.25625
2023-07-21 22:00:00,2.464166666666667
2023-07-21 23:00:00,2.452916666666667
2023-07-22 00:00:00,2.9612499999999997
2023-07-22 01:00:00,4.12
2023-07-22 02:00:00,1.64625
2023-07-22 03:00:00,1.60875
2023-07-22 04:00:00,1.6408333333333331
2023-07-22 05:00:00,1.5766666666666669
2023-07-22 06:00:00,1.51625
2023-07-22 07:00:00,1.6683333333333332
2023-07-22 08:00:00,1.7454166666666666
2023-07-22 09:00:00,1.5625
2023-07-22 10:00:00,1.7991666666666666
2023-07-22 11:00:00,1.6741666666666666
2023-07-22 12:00:00,1.5308333333333335
2023-07-22 13:00:00,1.5883333333333336
2023-07-22 14:00:00,1.6075
2023-07-22 15:00:00,1.6016666666666666
2023-07-22 16:00:00,1.5633333333333332
2023-07-22 17:00:00,1.4974999999999998
2023-07-22 18:00:00,1.8012499999999998
2023-07-22 19:00:00,1.6566666666666665
2023-07-22 20:00:00,1.6199999999999999
2023-07-22 21:00:00,1.6341666666666665
2023-07-22 22:00:00,1.6933333333333334
2023-07-22 23:00:00,1.5704166666666666
2023-07-23 00:00:00,1.4045833333333333
2023-07-23 01:00:00,1.4729166666666667
2023-07-23 02:00:00,1.5183333333333333
2023-07-23 03:00:00,1.4525
2023-07-23 04:00:00,1.5316666666666665
2023-07-23 05:00:00,1.5208333333333333
2023-07-23 06:00:00,1.4966666666666668
2023-07-23 07:00:00,1.5112500000000002
2023-07-23 08:00:00,1.3783333333333332
2023-07-23 09:00:00,1.3658333333333335
2023-07-23 10:00:00,1.3970833333333335
2023-07-23 11:00:00,1.5933333333333335
2023-07-23 12:00:00,1.4925
2023-07-23 13:00:00,1.465
2023-07-23 14:00:00,1.5016666666666667
2023-07-23 15:00:00,1.3966666666666665
2023-07-23 16:00:00,1.3616666666666666
2023-07-23 17:00:00,1.5929166666666665
2023-07-23 18:00:00,1.6979166666666667
2023-07-23 19:00:00,1.5254166666666666
2023-07-23 20:00:00,1.5379166666666668
2023-07-23 21:00:00,1.5262499999999999
2023-07-23 22:00:00,1.5866666666666667
2023-07-23 23:00:00,1.5566666666666666
2023-07-24 00:00:00,1.64375
2023-07-24 01:00:00,1.53
2023-07-24 02:00:00,1.3345833333333335
2023-07-24 03:00:00,1.6566666666666665
2023-07-24 04:00:00,1.4154166666666665
2023-07-24 05:00:00,8.874583333333334
2023-07-24 06:00:00,10.719999999999999
2023-07-24 07:00:00,11.655833333333334
2023-07-24 08:00:00,35.35208333333333
2023-07-24 09:00:00,34.321666666666665
2023-07-24 10:00:00,19.636666666666667
2023-07-24 11:00:00,19.59125
2023-07-24 12:00:00,17.90375
2023-07-24 13:00:00,15.279583333333333
2023-07-24 14:00:00,10.865416666666667
2023-07-24 15:00:00,3.629583333333333
2023-07-24 16:00:00,3.2495833333333333
2023-07-24 17:00:00,2.68625
2023-07-24 18:00:00,3.25
2023-07-24 19:00:00,3.095
2023-07-24 20:00:00,3.12375
2023-07-24 21:00:00,3.015416666666667
2023-07-24 22:00:00,2.8233333333333337
2023-07-24 23:00:00,3.409166666666667
2023-07-25 00:00:00,3.5
2023-07-25 01:00:00,3.4633333333333334
2023-07-25 02:00:00,3.078333333333333
2023-07-25 03:00:00,3.029583333333333
2023-07-25 04:00:00,3.0379166666666673
2023-07-25 05:00:00,2.9295833333333334
2023-07-25 06:00:00,2.9104166666666664
2023-07-25 07:00:00,2.859583333333333
2023-07-25 08:00:00,3.0066666666666664
2023-07-25 09:00:00,3.45125
2023-07-25 10:00:00,3.1041666666666665
2023-07-25 11:00:00,2.9204166666666667
2023-07-25 12:00:00,2.73
2023-07-25 13:00:00,3.3229166666666665
2023-07-25 14:00:00,3.2325
2023-07-25 15:00:00,3.0187500000000003
2023-07-25 16:00:00,2.827083333333333
2023-07-25 17:00:00,3.0370833333333334
2023-07-25 18:00:00,3.0254166666666666
2023-07-25 19:00:00,2.8495833333333334
2023-07-25 20:00:00,3.3183333333333334
2023-07-25 21:00:00,3.05625
2023-07-25 22:00:00,2.9479166666666665
2023-07-25 23:00:00,3.0075
2023-07-26 00:00:00,3.2275000000000005
2023-07-26 01:00:00,3.2129166666666666
2023-07-26 02:00:00,2.997916666666667
2023-07-26 03:00:00,2.9029166666666666
2023-07-26 04:00:00,2.53
2023-07-26 05:00:00,2.5258333333333334
2023-07-26 06:00:00,2.566666666666667
2023-07-26 07:00:00,2.8320833333333333
2023-07-26 08:00:00,3.470833333333333
2023-07-26 09:00:00,3.4825
2023-07-26 10:00:00,3.30125
2023-07-26 11:00:00,2.7975
2023-07-26 12:00:00,3.1999999999999997
2023-07-26 13:00:00,3.4416666666666664
2023-07-26 14:00:00,3.0691666666666664
2023-07-26 15:00:00,3.5870833333333336
2023-07-26 16:00:00,3.2325
2023-07-26 17:00:00,3.7424999999999997
2023-07-26 18:00:00,3.2433333333333336
2023-07-26 19:00:00,3.4333333333333336
2023-07-26 20:00:00,3.375
2023-07-26 21:00:00,3.6058333333333334
2023-07-26 22:00:00,3.2879166666666664
2023-07-26 23:00:00,3.1008333333333336
2023-07-27 00:00:00,3.279166666666667
2023-07-27 01:00:00,3.4458333333333333
2023-07-27 02:00:00,3.3516666666666666
2023-07-27 03:00:00,3.2395833333333335
2023-07-27 04:00:00,3.1141666666666663
2023-07-27 05:00:00,3.2091666666666665
2023-07-27 06:00:00,3.282083333333333
2023-07-27 07:00:00,3.2420833333333334
2023-07-27 08:00:00,3.3562499999999997
2023-07-27 09:00:00,3.5775
2023-07-27 10:00:00,3.3775
2023-07-27 11:00:00,3.6158333333333332
2023-07-27 12:00:00,4.305
2023-07-27 13:00:00,4.483333333333333
2023-07-27 14:00:00,4.348333333333334
2023-07-27 15:00:00,4.414583333333334
2023-07-27 16:00:00,4.75625
2023-07-27 17:00:00,4.506666666666667
2023-07-27 18:00:00,4.597916666666666
2023-07-27 19:00:00,4.3975
2023-07-27 20:00:00,4.5929166666666665
2023-07-27 21:00:00,4.504583333333334
2023-07-27 22:00:00,3.5116666666666667
2023-07-27 23:00:00,3.3333333333333335
2023-07-28 00:00:00,3.2133333333333334
2023-07-28 01:00:00,3.220416666666667
2023-07-28 02:00:00,3.1337499999999996
2023-07-28 03:00:00,3.1054166666666667
2023-07-28 04:00:00,3.0816666666666666
2023-07-28 05:00:00,3.1016666666666666
2023-07-28 06:00:00,3.11375
2023-07-28 07:00:00,3.11125
2023-07-28 08:00:00,3.515833333333333
2023-07-28 09:00:00,3.41
2023-07-28 10:00:00,3.62375
2023-07-28 11:00:00,3.7975
2023-07-28 12:00:00,3.80875
2023-07-28 13:00:00,6.705416666666667
2023-07-28 14:00:00,15.261666666666668
2023-07-28 15:00:00,3.9370833333333333
2023-07-28 16:00:00,4.5275
2023-07-28 17:00:00,4.837083333333333
2023-07-28 18:00:00,4.358333333333333
2023-07-28 19:00:00,3.9145833333333333
2023-07-28 20:00:00,4.570416666666667
2023-07-28 21:00:00,3.0549999999999997
2023-07-28 22:00:00,2.7062500000000003
2023-07-28 23:00:00,4.96625
2023-07-29 00:00:00,2.910416666666667
2023-07-29 01:00:00,2.0375
2023-07-29 02:00:00,1.45125
2023-07-29 03:00:00,1.4758333333333333
2023-07-29 04:00:00,1.5054166666666668
2023-07-29 05:00:00,1.5008333333333335
2023-07-29 06:00:00,1.5779166666666666
2023-07-29 07:00:00,1.49875
2023-07-29 08:00:00,1.365
2023-07-29 09:00:00,1.1358333333333333
2023-07-29 10:00:00,1.1833333333333333
2023-07-29 11:00:00,1.0683333333333334
2023-07-29 12:00:00,0.9187500000000001
2023-07-29 13:00:00,5.0216666666666665
2023-07-29 14:00:00,16.034583333333334
2023-07-29 15:00:00,2.0733333333333333
2023-07-29 16:00:00,13.720833333333333
2023-07-29 17:00:00,3.9745833333333334
2023-07-29 18:00:00,3.5270833333333336
2023-07-29 19:00:00,3.5866666666666664
2023-07-29 20:00:00,3.8716666666666666
2023-07-29 21:00:00,3.1300000000000003
2023-07-29 22:00:00,1.74125
2023-07-29 23:00:00,1.7562499999999999
2023-07-30 00:00:00,1.5966666666666665
2023-07-30 01:00:00,1.71125
2023-07-30 02:00:00,1.5991666666666664
2023-07-30 03:00:00,1.5758333333333334
2023-07-30 04:00:00,1.5687499999999999
2023-07-30 05:00:00,1.6283333333333336
2023-07-30 06:00:00,1.6208333333333333
2023-07-30 07:00:00,1.8408333333333333
2023-07-30 08:00:00,1.5341666666666667
2023-07-30 09:00:00,1.5475
2023-07-30 10:00:00,1.38
2023-07-30 11:00:00,1.3787500000000001
2023-07-30 12:00:00,1.5233333333333334
2023-07-30 13:00:00,1.53875
2023-07-30 14:00:00,1.5570833333333332
2023-07-30 15:00:00,1.5045833333333334
2023-07-30 16:00:00,1.5491666666666666
2023-07-30 17:00:00,1.6804166666666667
2023-07-30 18:00:00,2.0175
2023-07-30 19:00:00,2.0475
2023-07-30 20:00:00,2.0345833333333334
2023-07-30 21:00:00,1.8554166666666665
2023-07-30 22:00:00,1.9645833333333333
2023-07-30 23:00:00,1.9525
2023-07-31 00:00:00,1.8545833333333333
2023-07-31 01:00:00,1.9841666666666669
2023-07-31 02:00:00,1.9937499999999997
2023-07-31 03:00:00,1.97375
2023-07-31 04:00:00,1.8741666666666668
2023-07-31 05:00:00,1.835
2023-07-31 06:00:00,1.7708333333333333
2023-07-31 07:00:00,1.7658333333333331
2023-07-31 08:00:00,1.74
2023-07-31 09:00:00,14.732083333333334
2023-07-31 10:00:00,5.73875
2023-07-31 11:00:00,2.8820833333333336
2023-07-31 12:00:00,2.990416666666667
2023-07-31 13:00:00,2.8699999999999997
2023-07-31 14:00:00,4.105833333333334
2023-07-31 15:00:00,34.81375
2023-07-31 16:00:00,5.934166666666666
2023-07-31 17:00:00,5.084583333333334
2023-07-31 18:00:00,5.03625
2023-07-31 19:00:00,5.531666666666666
2023-07-31 20:00:00,3.3091666666666666
2023-07-31 21:00:00,2.0304166666666665
2023-07-31 22:00:00,1.91875
2023-07-31 23:00:00,2.1141666666666667
2023-08-01 00:00:00,2.2087499999999998
2023-08-01 01:00:00,1.9974999999999998
2023-08-01 02:00:00,1.8720833333333333
2023-08-01 03:00:00,1.9025
2023-08-01 04:00:00,1.8291666666666666
2023-08-01 05:00:00,1.92125
2023-08-01 06:00:00,1.8491666666666668
2023-08-01 07:00:00,1.9575000000000002
2023-08-01 08:00:00,1.7312500000000002
2023-08-01 09:00:00,2.1041666666666665
2023-08-01 10:00:00,1.8275
2023-08-01 11:00:00,1.9637499999999999
2023-08-01 12:00:00,1.9016666666666666
2023-08-01 13:00:00,2.002083333333333
2023-08-01 14:00:00,10.434166666666666
2023-08-01 15:00:00,24.049166666666665
2023-08-01 16:00:00,4.860416666666667
2023-08-01 17:00:00,4.275416666666667
2023-08-01 18:00:00,3.684583333333333
2023-08-01 19:00:00,4.065416666666667
2023-08-01 20:00:00,3.797083333333333
2023-08-01 21:00:00,3.1358333333333337
2023-08-01 22:00:00,2.02875
2023-08-01 23:00:00,2.1254166666666667
2023-08-02 00:00:00,1.8754166666666665
2023-08-02 01:00:00,1.9395833333333334
2023-08-02 02:00:00,1.8712499999999999
2023-08-02 03:00:00,1.83
2023-08-02 04:00:00,1.88
2023-08-02 05:00:00,1.9749999999999999
2023-08-02 06:00:00,1.9008333333333332
2023-08-02 07:00:00,2.0349999999999997
2023-08-02 08:00:00,1.9683333333333335
2023-08-02 09:00:00,2.4516666666666667
2023-08-02 10:00:00,2.6104166666666666
2023-08-02 11:00:00,2.6645833333333333
2023-08-02 12:00:00,2.49125
2023-08-02 13:00:00,2.549166666666667
2023-08-02 14:00:00,17.920833333333334
2023-08-02 15:00:00,22.388333333333335
2023-08-02 16:00:00,9.5625
2023-08-02 17:00:00,4.6499999999999995
2023-08-02 18:00:00,4.812083333333333
2023-08-02 19:00:00,3.5395833333333333
2023-08-02 20:00:00,2.7724999999999995
2023-08-02 21:00:00,1.8575000000000002
2023-08-02 22:00:00,1.8008333333333333
2023-08-02 23:00:00,1.8699999999999999
2023-08-03 00:00:00,1.8979166666666665
2023-08-03 01:00:00,1.8891666666666669
2023-08-03 02:00:00,1.6312499999999999
2023-08-03 03:00:00,1.8066666666666666
2023-08-03 04:00:00,1.6145833333333333
2023-08-03 05:00:00,1.6141666666666667
2023-08-03 06:00:00,1.5916666666666668
2023-08-03 07:00:00,1.6545833333333333
2023-08-03 08:00:00,11.571666666666667
2023-08-03 09:00:00,24.00208333333333
2023-08-03 10:00:00,6.001666666666666
2023-08-03 11:00:00,16.1825
2023-08-03 12:00:00,13.998333333333333
2023-08-03 13:00:00,9.680833333333332
2023-08-03 14:00:00,11.265
2023-08-03 15:00:00,11.211666666666666
2023-08-03 16:00:00,4.660833333333334
2023-08-03 17:00:00,4.6625
2023-08-03 18:00:00,4.3175
2023-08-03 19:00:00,4.3125
2023-08-03 20:00:00,4.068333333333333
2023-08-03 21:00:00,3.719583333333333
2023-08-03 22:00:00,2.825416666666667
2023-08-03 23:00:00,2.716666666666667
2023-08-04 00:00:00,2.814166666666667
2023-08-04 01:00:00,3.17
2023-08-04 02:00:00,3.1687499999999997
2023-08-04 03:00:00,3.2770833333333336
2023-08-04 04:00:00,3.3129166666666667
2023-08-04 05:00:00,3.3958333333333335
2023-08-04 06:00:00,3.122916666666667
2023-08-04 07:00:00,2.82875
2023-08-04 08:00:00,2.9625
2023-08-04 09:00:00,3.26375
2023-08-04 10:00:00,3.1791666666666667
2023-08-04 11:00:00,2.9895833333333335
2023-08-04 12:00:00,3.0987500000000003
2023-08-04 13:00:00,3.151666666666667
2023-08-04 14:00:00,18.484583333333333
2023-08-04 15:00:00,21.956249999999997
2023-08-04 16:00:00,5.989583333333333
2023-08-04 17:00:00,5.885833333333333
2023-08-04 18:00:00,5.265833333333333
2023-08-04 19:00:00,4.92875
2023-08-04 20:00:00,4.732083333333334
2023-08-04 21:00:00,3.564166666666667
2023-08-04 22:00:00,3.1316666666666664
2023-08-04 23:00:00,2.6191666666666666
2023-08-05 00:00:00,2.956666666666667
2023-08-05 01:00:00,5.45
2023-08-05 02:00:00,5.02125
2023-08-05 03:00:00,1.5675
2023-08-05 04:00:00,1.455
2023-08-05 05:00:00,1.3858333333333333
2023-08-05 06:00:00,1.4437499999999999
2023-08-05 07:00:00,1.4441666666666666
2023-08-05 08:00:00,1.4616666666666667
2023-08-05 09:00:00,1.2729166666666667
2023-08-05 10:00:00,1.0116666666666665
2023-08-05 11:00:00,0.9254166666666667
2023-08-05 12:00:00,0.8804166666666667
2023-08-05 13:00:00,0.9145833333333334
2023-08-05 14:00:00,0.9229166666666666
2023-08-05 15:00:00,1.1583333333333334
2023-08-05 16:00:00,15.069583333333332
2023-08-05 17:00:00,2.5166666666666666
2023-08-05 18:00:00,2.4770833333333333
2023-08-05 19:00:00,2.4604166666666667
2023-08-05 20:00:00,2.7283333333333335
2023-08-05 21:00:00,1.6049999999999998
2023-08-05 22:00:00,1.50875
2023-08-05 23:00:00,1.4683333333333335
2023-08-06 00:00:00,1.5229166666666665
2023-08-06 01:00:00,1.5208333333333333
2023-08-06 02:00:00,1.5254166666666666
2023-08-06 03:00:00,1.5066666666666666
2023-08-06 04:00:00,1.52375
2023-08-06 05:00:00,1.4412500000000001
2023-08-06 06:00:00,1.4945833333333332
2023-08-06 07:00:00,1.5883333333333332
2023-08-06 08:00:00,1.24
2023-08-06 09:00:00,1.24125
2023-08-06 10:00:00,1.0108333333333335
2023-08-06 11:00:00,1.0245833333333334
2023-08-06 12:00:00,1.01875
2023-08-06 13:00:00,0.9995833333333334
2023-08-06 14:00:00,1.1575
2023-08-06 15:00:00,1.2216666666666667
2023-08-06 16:00:00,13.924583333333333
2023-08-06 17:00:00,2.5108333333333333
2023-08-06 18:00:00,2.6391666666666667
2023-08-06 19:00:00,2.545
2023-08-06 20:00:00,2.7295833333333337
2023-08-06 21:00:00,1.6679166666666667
2023-08-06 22:00:00,1.72375
2023-08-06 23:00:00,1.5899999999999999
2023-08-07 00:00:00,1.6395833333333334
2023-08-07 01:00:00,1.7074999999999998
2023-08-07 02:00:00,12.484583333333333
2023-08-07 03:00:00,27.389166666666668
2023-08-07 04:00:00,42.30875
2023-08-07 05:00:00,36.86375
2023-08-07 06:00:00,30.768749999999997
2023-08-07 07:00:00,20.86
2023-08-07 08:00:00,17.865
2023-08-07 09:00:00,9.099166666666667
2023-08-07 10:00:00,2.7533333333333334
2023-08-07 11:00:00,5.129583333333334
2023-08-07 12:00:00,22.243750000000002
2023-08-07 13:00:00,18.766666666666666
2023-08-07 14:00:00,5.1570833333333335
2023-08-07 15:00:00,5.514583333333333
2023-08-07 16:00:00,5.603750000000001
2023-08-07 17:00:00,5.704166666666667
2023-08-07 18:00:00,5.717083333333334
2023-08-07 19:00:00,5.4816666666666665
2023-08-07 20:00:00,6.145
2023-08-07 21:00:00,5.9675
2023-08-07 22:00:00,3.9254166666666666
2023-08-07 23:00:00,3.3350000000000004
2023-08-08 00:00:00,3.8529166666666668
2023-08-08 01:00:00,3.5104166666666665
2023-08-08 02:00:00,3.467916666666667
2023-08-08 03:00:00,3.2908333333333335
2023-08-08 04:00:00,3.4445833333333336
2023-08-08 05:00:00,3.4729166666666664
2023-08-08 06:00:00,3.9637499999999997
2023-08-08 07:00:00,3.7779166666666666
2023-08-08 08:00:00,4.02625
2023-08-08 09:00:00,4.700833333333333
2023-08-08 10:00:00,4.6570833333333335
2023-08-08 11:00:00,3.2870833333333334
2023-08-08 12:00:00,10.815
2023-08-08 13:00:00,37.639583333333334
2023-08-08 14:00:00,9.76
2023-08-08 15:00:00,16.6375
2023-08-08 16:00:00,13.046666666666667
2023-08-08 17:00:00,6.011666666666667
2023-08-08 18:00:00,6.281666666666666
2023-08-08 19:00:00,6.051666666666667
2023-08-08 20:00:00,5.345
2023-08-08 21:00:00,5.060416666666667
2023-08-08 22:00:00,4.753333333333333
2023-08-08 23:00:00,3.844583333333333
2023-08-09 00:00:00,4.452916666666667
2023-08-09 01:00:00,4.421666666666667
2023-08-09 02:00:00,4.285
2023-08-09 03:00:00,3.90625
2023-08-09 04:00:00,3.684583333333333
2023-08-09 05:00:00,3.704166666666667
2023-08-09 06:00:00,4.25125
2023-08-09 07:00:00,4.320833333333334
2023-08-09 08:00:00,4.339166666666666
2023-08-09 09:00:00,4.33375
2023-08-09 10:00:00,4.726666666666667
2023-08-09 11:00:00,4.7425
2023-08-09 12:00:00,34.331250000000004
2023-08-09 13:00:00,23.86208333333333
2023-08-09 14:00:00,7.290833333333333
2023-08-09 15:00:00,7.248333333333334
2023-08-09 16:00:00,6.9725
2023-08-09 17:00:00,5.367916666666667
2023-08-09 18:00:00,5.34125
2023-08-09 19:00:00,3.3683333333333336
2023-08-09 20:00:00,3.4
2023-08-09 21:00:00,2.9795833333333337
2023-08-09 22:00:00,3.1154166666666665
2023-08-09 23:00:00,3.24375
2023-08-10 00:00:00,3.3625000000000003
2023-08-10 01:00:00,3.5095833333333335
2023-08-10 02:00:00,3.4499999999999997
2023-08-10 03:00:00,3.4462499999999996
2023-08-10 04:00:00,3.7516666666666665
2023-08-10 05:00:00,3.9333333333333336
2023-08-10 06:00:00,3.7229166666666664
2023-08-10 07:00:00,9.309166666666668
2023-08-10 08:00:00,17.660416666666666
2023-08-10 09:00:00,5.293333333333334
2023-08-10 10:00:00,5.7683333333333335
2023-08-10 11:00:00,5.788333333333333
2023-08-10 12:00:00,5.550416666666667
2023-08-10 13:00:00,4.6379166666666665
2023-08-10 14:00:00,4.639166666666667
2023-08-10 15:00:00,4.6362499999999995
2023-08-10 16:00:00,5.7475
2023-08-10 17:00:00,4.815
2023-08-10 18:00:00,4.119166666666667
2023-08-10 19:00:00,3.7687500000000003
2023-08-10 20:00:00,3.64125
2023-08-10 21:00:00,3.2416666666666667
2023-08-10 22:00:00,3.546666666666667
2023-08-10 23:00:00,3.403333333333333
2023-08-11 00:00:00,3.512916666666667
2023-08-11 01:00:00,3.4770833333333333
2023-08-11 02:00:00,3.4858333333333333
2023-08-11 03:00:00,3.535833333333333
2023-08-11 04:00:00,3.7533333333333334
2023-08-11 05:00:00,4.0075
2023-08-11 06:00:00,3.8366666666666664
2023-08-11 07:00:00,3.8212499999999996
2023-08-11 08:00:00,4.265416666666667
2023-08-11 09:00:00,4.1745833333333335
2023-08-11 10:00:00,3.9008333333333334
2023-08-11 11:00:00,3.2270833333333333
2023-08-11 12:00:00,3.2587499999999996
2023-08-11 13:00:00,3.1308333333333334
2023-08-11 14:00:00,3.311666666666667
2023-08-11 15:00:00,3.266666666666666
2023-08-11 16:00:00,3.517916666666667
2023-08-11 17:00:00,3.251666666666667
2023-08-11 18:00:00,3.055
2023-08-11 19:00:00,2.905
2023-08-11 20:00:00,2.80125
2023-08-11 21:00:00,2.760833333333333
2023-08-11 22:00:00,2.62
2023-08-11 23:00:00,2.3395833333333336
2023-08-12 00:00:00,4.642916666666667
2023-08-12 01:00:00,2.0037499999999997
2023-08-12 02:00:00,1.285
2023-08-12 03:00:00,1.2266666666666666
2023-08-12 04:00:00,1.1624999999999999
2023-08-12 05:00:00,1.60125
2023-08-12 06:00:00,2.3216666666666668
2023-08-12 07:00:00,2.58125
2023-08-12 08:00:00,2.5270833333333336
2023-08-12 09:00:00,2.81625
2023-08-12 10:00:00,3.3491666666666666
2023-08-12 11:00:00,1.9479166666666667
2023-08-12 12:00:00,1.9108333333333334
2023-08-12 13:00:00,2.05125
2023-08-12 14:00:00,2.0620833333333333
2023-08-12 15:00:00,2.1441666666666666
2023-08-12 16:00:00,7.4025
2023-08-12 17:00:00,11.22375
2023-08-12 18:00:00,2.9179166666666667
2023-08-12 19:00:00,3.3370833333333336
2023-08-12 20:00:00,3.3037499999999995
2023-08-12 21:00:00,3.549583333333333
2023-08-12 22:00:00,2.72
2023-08-12 23:00:00,2.5745833333333334
2023-08-13 00:00:00,1.895833333333333
2023-08-13 01:00:00,1.7770833333333333
2023-08-13 02:00:00,1.9645833333333333
2023-08-13 03:00:00,2.20375
2023-08-13 04:00:00,2.1779166666666665
2023-08-13 05:00:00,2.08875
2023-08-13 06:00:00,1.9479166666666667
2023-08-13 07:00:00,2.0116666666666667
2023-08-13 08:00:00,2.3191666666666664
2023-08-13 09:00:00,2.200833333333333
2023-08-13 10:00:00,2.61875
2023-08-13 11:00:00,3.00375
2023-08-13 12:00:00,2.8191666666666664
2023-08-13 13:00:00,2.793333333333333
2023-08-13 14:00:00,2.0633333333333335
2023-08-13 15:00:00,2.716666666666667
2023-08-13 16:00:00,2.4791666666666665
2023-08-13 17:00:00,2.4308333333333336
2023-08-13 18:00:00,2.4283333333333332
2023-08-13 19:00:00,2.6037500000000002
2023-08-13 20:00:00,2.64
2023-08-13 21:00:00,2.7129166666666666
2023-08-13 22:00:00,2.5858333333333334
2023-08-13 23:00:00,2.9670833333333335
2023-08-14 00:00:00,2.5966666666666667
2023-08-14 01:00:00,2.6045833333333333
2023-08-14 02:00:00,2.70375
2023-08-14 03:00:00,2.4833333333333334
2023-08-14 04:00:00,2.4966666666666666
2023-08-14 05:00:00,2.5008333333333335
2023-08-14 06:00:00,3.2358333333333333
2023-08-14 07:00:00,2.8275
2023-08-14 08:00:00,2.8691666666666666
2023-08-14 09:00:00,2.6970833333333335
2023-08-14 10:00:00,2.6354166666666665
2023-08-14 11:00:00,3.0608333333333335
2023-08-14 12:00:00,2.125
2023-08-14 13:00:00,16.991666666666667
2023-08-14 14:00:00,3.2529166666666662
2023-08-14 15:00:00,3.12875
2023-08-14 16:00:00,3.1870833333333333
2023-08-14 17:00:00,3.064166666666667
2023-08-14 18:00:00,3.0175
2023-08-14 19:00:00,3.06375
2023-08-14 20:00:00,3.32
2023-08-14 21:00:00,1.9883333333333333
2023-08-14 22:00:00,2.044166666666667
2023-08-14 23:00:00,2.0116666666666667
2023-08-15 00:00:00,2.0741666666666667
2023-08-15 01:00:00,2.009583333333333
2023-08-15 02:00:00,1.8320833333333333
2023-08-15 03:00:00,1.7787499999999998
2023-08-15 04:00:00,1.7516666666666667
2023-08-15 05:00:00,1.7075000000000002
2023-08-15 06:00:00,1.6145833333333333
2023-08-15 07:00:00,1.6916666666666667
2023-08-15 08:00:00,1.7387500000000002
2023-08-15 09:00:00,1.7016666666666669
2023-08-15 10:00:00,1.8074999999999999
2023-08-15 11:00:00,1.8325000000000002
2023-08-15 12:00:00,1.8558333333333332
2023-08-15 13:00:00,1.9566666666666668
2023-08-15 14:00:00,2.0058333333333334
2023-08-15 15:00:00,2.4600000000000004
2023-08-15 16:00:00,2.2075
2023-08-15 17:00:00,2.1454166666666667
2023-08-15 18:00:00,1.9204166666666669
2023-08-15 19:00:00,1.914583333333333
2023-08-15 20:00:00,1.9000000000000001
2023-08-15 21:00:00,1.8875
2023-08-15 22:00:00,1.9124999999999999
2023-08-15 23:00:00,1.9108333333333334
2023-08-16 00:00:00,1.9241666666666666
2023-08-16 01:00:00,1.8929166666666666
2023-08-16 02:00:00,4.65375
2023-08-16 03:00:00,13.854583333333332
2023-08-16 04:00:00,22.050416666666667
2023-08-16 05:00:00,27.82541666666667
2023-08-16 06:00:00,11.0525
2023-08-16 07:00:00,9.21375
2023-08-16 08:00:00,6.27
2023-08-16 09:00:00,3.250833333333333
2023-08-16 10:00:00,9.016666666666667
2023-08-16 11:00:00,13.159166666666666
2023-08-16 12:00:00,33.15416666666666
2023-08-16 13:00:00,30.044166666666666
2023-08-16 14:00:00,11.538333333333334
2023-08-16 15:00:00,9.72875
2023-08-16 16:00:00,6.502916666666667
2023-08-16 17:00:00,6.655
2023-08-16 18:00:00,5.579583333333333
2023-08-16 19:00:00,6.12125
2023-08-16 20:00:00,7.0562499999999995
2023-08-16 21:00:00,5.495
2023-08-16 22:00:00,3.75
2023-08-16 23:00:00,3.6841666666666666
2023-08-17 00:00:00,3.5379166666666664
2023-08-17 01:00:00,3.4704166666666665
2023-08-17 02:00:00,3.707916666666667
2023-08-17 03:00:00,3.581666666666667
2023-08-17 04:00:00,3.54875
2023-08-17 05:00:00,3.767916666666667
2023-08-17 06:00:00,3.8045833333333334
2023-08-17 07:00:00,3.6504166666666666
2023-08-17 08:00:00,3.7108333333333334
2023-08-17 09:00:00,3.35875
2023-08-17 10:00:00,3.4499999999999997
2023-08-17 11:00:00,3.7449999999999997
2023-08-17 12:00:00,4.690416666666667
2023-08-17 13:00:00,6.219166666666667
2023-08-17 14:00:00,7.179166666666667
2023-08-17 15:00:00,6.840416666666666
2023-08-17 16:00:00,6.429166666666667
2023-08-17 17:00:00,6.369583333333334
2023-08-17 18:00:00,6.333749999999999
2023-08-17 19:00:00,6.20625
2023-08-17 20:00:00,6.395
2023-08-17 21:00:00,6.465
2023-08-17 22:00:00,3.5966666666666662
2023-08-17 23:00:00,3.5620833333333333
2023-08-18 00:00:00,3.5525
2023-08-18 01:00:00,3.5995833333333334
2023-08-18 02:00:00,3.6529166666666666
2023-08-18 03:00:00,3.6337499999999996
2023-08-18 04:00:00,3.44875
2023-08-18 05:00:00,3.3779166666666662
2023-08-18 06:00:00,3.8275
2023-08-18 07:00:00,3.919166666666667
2023-08-18 08:00:00,3.8808333333333334
2023-08-18 09:00:00,4.285
2023-08-18 10:00:00,3.8829166666666666
2023-08-18 11:00:00,3.875
2023-08-18 12:00:00,10.103333333333333
2023-08-18 13:00:00,24.43375
2023-08-18 14:00:00,5.2775
2023-08-18 15:00:00,5.120833333333334
2023-08-18 16:00:00,5.279166666666667
2023-08-18 17:00:00,5.712083333333333
2023-08-18 18:00:00,5.341666666666666
2023-08-18 19:00:00,5.384166666666666
2023-08-18 20:00:00,5.729166666666667
2023-08-18 21:00:00,5.086666666666667
2023-08-18 22:00:00,3.4308333333333336
2023-08-18 23:00:00,2.3858333333333337
2023-08-19 00:00:00,5.21
2023-08-19 01:00:00,6.085833333333333
2023-08-19 02:00:00,1.36
2023-08-19 03:00:00,1.36125
2023-08-19 04:00:00,1.3366666666666667
2023-08-19 05:00:00,1.3374999999999997
2023-08-19 06:00:00,1.352083333333333
2023-08-19 07:00:00,1.38875
2023-08-19 08:00:00,1.4466666666666665
2023-08-19 09:00:00,9.318333333333333
2023-08-19 10:00:00,1.9862499999999998
2023-08-19 11:00:00,2.06625
2023-08-19 12:00:00,2.0408333333333335
2023-08-19 13:00:00,1.7266666666666668
2023-08-19 14:00:00,1.4008333333333336
2023-08-19 15:00:00,1.3466666666666667
2023-08-19 16:00:00,9.527500000000002
2023-08-19 17:00:00,6.511666666666667
2023-08-19 18:00:00,2.1945833333333336
2023-08-19 19:00:00,2.0241666666666664
2023-08-19 20:00:00,2.17875
2023-08-19 21:00:00,2.9716666666666662
2023-08-19 22:00:00,1.4000000000000001
2023-08-19 23:00:00,1.2679166666666666
2023-08-20 00:00:00,1.2791666666666666
2023-08-20 01:00:00,1.2533333333333332
2023-08-20 02:00:00,1.2245833333333334
2023-08-20 03:00:00,1.1854166666666666
2023-08-20 04:00:00,1.165
2023-08-20 05:00:00,1.2758333333333332
2023-08-20 06:00:00,1.2745833333333334
2023-08-20 07:00:00,1.3108333333333333
2023-08-20 08:00:00,1.1516666666666666
2023-08-20 09:00:00,1.155
2023-08-20 10:00:00,1.2254166666666666
2023-08-20 11:00:00,1.4345833333333333
2023-08-20 12:00:00,1.2545833333333334
2023-08-20 13:00:00,1.1754166666666668
2023-08-20 14:00:00,1.3291666666666666
2023-08-20 15:00:00,1.3066666666666666
2023-08-20 16:00:00,1.3337500000000002
2023-08-20 17:00:00,11.595833333333333
2023-08-20 18:00:00,2.236666666666667
2023-08-20 19:00:00,2.3229166666666665
2023-08-20 20:00:00,2.37625
2023-08-20 21:00:00,3.3120833333333333
2023-08-20 22:00:00,1.3366666666666667
2023-08-20 23:00:00,1.4825
2023-08-21 00:00:00,9.123333333333333
2023-08-21 01:00:00,20.02541666666667
2023-08-21 02:00:00,20.74625
2023-08-21 03:00:00,25.055833333333336
2023-08-21 04:00:00,12.856666666666667
2023-08-21 05:00:00,15.991666666666667
2023-08-21 06:00:00,13.730416666666668
2023-08-21 07:00:00,11.352916666666667
2023-08-21 08:00:00,5.409166666666667
2023-08-21 09:00:00,3.20375
2023-08-21 10:00:00,3.0925
2023-08-21 11:00:00,6.837500000000001
2023-08-21 12:00:00,22.407916666666665
2023-08-21 13:00:00,20.13458333333333
2023-08-21 14:00:00,7.427499999999999
2023-08-21 15:00:00,6.8975
2023-08-21 16:00:00,5.5975
2023-08-21 17:00:00,5.69875
2023-08-21 18:00:00,5.72625
2023-08-21 19:00:00,5.640416666666667
2023-08-21 20:00:00,5.586666666666667
2023-08-21 21:00:00,6.255416666666666
2023-08-21 22:00:00,3.1783333333333332
2023-08-21 23:00:00,3.0366666666666666
2023-08-22 00:00:00,3.1991666666666667
2023-08-22 01:00:00,3.0812500000000003
2023-08-22 02:00:00,3.0812500000000003
2023-08-22 03:00:00,2.810416666666667
2023-08-22 04:00:00,2.7470833333333338
2023-08-22 05:00:00,2.9225
2023-08-22 06:00:00,2.8266666666666667
2023-08-22 07:00:00,2.7112499999999997
2023-08-22 08:00:00,3.0279166666666666
2023-08-22 09:00:00,3.015833333333333
2023-08-22 10:00:00,3.0475
2023-08-22 11:00:00,13.247083333333334
2023-08-22 12:00:00,8.19125
2023-08-22 13:00:00,24.55
2023-08-22 14:00:00,8.949166666666667
2023-08-22 15:00:00,6.064583333333334
2023-08-22 16:00:00,6.2941666666666665
2023-08-22 17:00:00,6.485
2023-08-22 18:00:00,5.952916666666667
2023-08-22 19:00:00,5.759166666666666
2023-08-22 20:00:00,5.497083333333333
2023-08-22 21:00:00,3.9908333333333332
2023-08-22 22:00:00,3.15625
2023-08-22 23:00:00,2.73875
2023-08-23 00:00:00,3.512916666666667
2023-08-23 01:00:00,3.545833333333333
2023-08-23 02:00:00,3.1725
2023-08-23 03:00:00,3.31375
2023-08-23 04:00:00,3.4691666666666667
2023-08-23 05:00:00,3.1641666666666666
2023-08-23 06:00:00,10.824166666666665
2023-08-23 07:00:00,27.37875
2023-08-23 08:00:00,5.922916666666667
2023-08-23 09:00:00,4.87125
2023-08-23 10:00:00,5.15875
2023-08-23 11:00:00,5.0754166666666665
2023-08-23 12:00:00,19.292083333333334
2023-08-23 13:00:00,13.609166666666667
2023-08-23 14:00:00,6.21
2023-08-23 15:00:00,5.663333333333333
2023-08-23 16:00:00,5.44125
2023-08-23 17:00:00,5.394166666666667
2023-08-23 18:00:00,5.71125
2023-08-23 19:00:00,4.17125
2023-08-23 20:00:00,3.42625
2023-08-23 21:00:00,2.9408333333333334
2023-08-23 22:00:00,3.5574999999999997
2023-08-23 23:00:00,3.0387500000000003
2023-08-24 00:00:00,2.859583333333333
2023-08-24 01:00:00,3.2775
2023-08-24 02:00:00,3.075416666666667
2023-08-24 03:00:00,3.44125
2023-08-24 04:00:00,3.4258333333333333
2023-08-24 05:00:00,2.9029166666666666
2023-08-24 06:00:00,15.012499999999998
2023-08-24 07:00:00,17.563333333333333
2023-08-24 08:00:00,11.845416666666665
2023-08-24 09:00:00,5.611249999999999
2023-08-24 10:00:00,5.829166666666667
2023-08-24 11:00:00,5.783333333333334
2023-08-24 12:00:00,5.427916666666667
2023-08-24 13:00:00,5.339583333333334
2023-08-24 14:00:00,4.415416666666666
2023-08-24 15:00:00,4.1987499999999995
2023-08-24 16:00:00,5.921250000000001
2023-08-24 17:00:00,5.2125
2023-08-24 18:00:00,5.359583333333333
2023-08-24 19:00:00,4.05625
2023-08-24 20:00:00,4.042083333333333
2023-08-24 21:00:00,3.9516666666666667
2023-08-24 22:00:00,3.9791666666666665
2023-08-24 23:00:00,3.3754166666666667
2023-08-25 00:00:00,3.0795833333333333
2023-08-25 01:00:00,3.5116666666666667
2023-08-25 02:00:00,3.3783333333333334
2023-08-25 03:00:00,3.6208333333333336
2023-08-25 04:00:00,3.3808333333333334
2023-08-25 05:00:00,3.3183333333333334
2023-08-25 06:00:00,3.359583333333333
2023-08-25 07:00:00,3.2708333333333335
2023-08-25 08:00:00,3.2920833333333337
2023-08-25 09:00:00,3.1508333333333334
2023-08-25 10:00:00,3.5362500000000003
2023-08-25 11:00:00,3.6354166666666665
2023-08-25 12:00:00,3.2937499999999997
2023-08-25 13:00:00,4.083333333333333
2023-08-25 14:00:00,3.4616666666666664
2023-08-25 15:00:00,3.8837500000000005
2023-08-25 16:00:00,2.339583333333333
2023-08-25 17:00:00,2.45375
2023-08-25 18:00:00,2.46
2023-08-25 19:00:00,2.44625
2023-08-25 20:00:00,2.464166666666667
2023-08-25 21:00:00,2.3850000000000002
2023-08-25 22:00:00,2.5004166666666667
2023-08-25 23:00:00,2.3666666666666667
2023-08-26 00:00:00,3.830833333333333
2023-08-26 01:00:00,2.57875
2023-08-26 02:00:00,1.4008333333333332
2023-08-26 03:00:00,1.3595833333333334
2023-08-26 04:00:00,1.4604166666666665
2023-08-26 05:00:00,1.4845833333333331
2023-08-26 06:00:00,1.4312500000000001
2023-08-26 07:00:00,1.45375
2023-08-26 08:00:00,1.30625
2023-08-26 09:00:00,1.4141666666666666
2023-08-26 10:00:00,1.3241666666666667
2023-08-26 11:00:00,1.41
2023-08-26 12:00:00,1.5254166666666666
2023-08-26 13:00:00,1.6091666666666669
2023-08-26 14:00:00,1.5274999999999999
2023-08-26 15:00:00,1.4420833333333334
2023-08-26 16:00:00,1.4308333333333332
2023-08-26 17:00:00,1.71125
2023-08-26 18:00:00,1.7491666666666665
2023-08-26 19:00:00,1.7179166666666665
2023-08-26 20:00:00,1.6925
2023-08-26 21:00:00,1.735
2023-08-26 22:00:00,1.85125
2023-08-26 23:00:00,2.0420833333333333
2023-08-27 00:00:00,1.95125
2023-08-27 01:00:00,2.2712499999999998
2023-08-27 02:00:00,2.3045833333333334
2023-08-27 03:00:00,2.225
2023-08-27 04:00:00,2.4608333333333334
2023-08-27 05:00:00,2.7483333333333335
2023-08-27 06:00:00,2.73375
2023-08-27 07:00:00,2.5729166666666665
2023-08-27 08:00:00,2.4945833333333334
2023-08-27 09:00:00,2.6808333333333336
2023-08-27 10:00:00,1.9066666666666665
2023-08-27 11:00:00,2.2075
2023-08-27 12:00:00,1.7924999999999998
2023-08-27 13:00:00,1.7595833333333333
2023-08-27 14:00:00,1.6445833333333333
2023-08-27 15:00:00,1.755
2023-08-27 16:00:00,1.7870833333333334
2023-08-27 17:00:00,1.8245833333333332
2023-08-27 18:00:00,1.8370833333333334
2023-08-27 19:00:00,1.93625
2023-08-27 20:00:00,1.95875
2023-08-27 21:00:00,1.89625
2023-08-27 22:00:00,1.9637499999999999
2023-08-27 23:00:00,2.0595833333333333
2023-08-28 00:00:00,1.8916666666666666
2023-08-28 01:00:00,2.5554166666666664
2023-08-28 02:00:00,12.260416666666666
2023-08-28 03:00:00,17.622083333333332
2023-08-28 04:00:00,33.25333333333334
2023-08-28 05:00:00,23.472083333333334
2023-08-28 06:00:00,26.069999999999997
2023-08-28 07:00:00,21.055833333333332
2023-08-28 08:00:00,12.402083333333332
2023-08-28 09:00:00,5.339583333333334
2023-08-28 10:00:00,3.9616666666666664
2023-08-28 11:00:00,3.70125
2023-08-28 12:00:00,3.8229166666666665
2023-08-28 13:00:00,10.738750000000001
2023-08-28 14:00:00,12.765833333333333
2023-08-28 15:00:00,4.050416666666666
2023-08-28 16:00:00,4.550416666666667
2023-08-28 17:00:00,5.159583333333333
2023-08-28 18:00:00,4.702916666666667
2023-08-28 19:00:00,4.076666666666667
2023-08-28 20:00:00,3.8083333333333336
2023-08-28 21:00:00,3.8770833333333337
2023-08-28 22:00:00,4.12
2023-08-28 23:00:00,4.115833333333334
2023-08-29 00:00:00,3.470833333333333
2023-08-29 01:00:00,3.4145833333333333
2023-08-29 02:00:00,3.0270833333333336
2023-08-29 03:00:00,2.84
2023-08-29 04:00:00,2.9279166666666665
2023-08-29 05:00:00,2.908333333333333
2023-08-29 06:00:00,3.2583333333333333
2023-08-29 07:00:00,10.912083333333333
2023-08-29 08:00:00,11.497916666666667
2023-08-29 09:00:00,4.727083333333334
2023-08-29 10:00:00,4.899166666666667
2023-08-29 11:00:00,5.14
2023-08-29 12:00:00,5.355
2023-08-29 13:00:00,5.514583333333333
2023-08-29 14:00:00,5.39375
2023-08-29 15:00:00,5.861249999999999
2023-08-29 16:00:00,5.469166666666666
2023-08-29 17:00:00,7.6379166666666665
2023-08-29 18:00:00,3.997916666666667
2023-08-29 19:00:00,3.782916666666667
2023-08-29 20:00:00,3.0879166666666666
2023-08-29 21:00:00,2.7754166666666666
2023-08-29 22:00:00,2.8883333333333336
2023-08-29 23:00:00,2.3179166666666666
2023-08-30 00:00:00,2.06875
2023-08-30 01:00:00,2.0241666666666664
2023-08-30 02:00:00,2.0416666666666665
2023-08-30 03:00:00,2.2333333333333334
2023-08-30 04:00:00,2.219583333333333
2023-08-30 05:00:00,2.2358333333333333
2023-08-30 06:00:00,2.5195833333333333
2023-08-30 07:00:00,15.421666666666667
2023-08-30 08:00:00,29.46291666666667
2023-08-30 09:00:00,9.70125
2023-08-30 10:00:00,10.211666666666666
2023-08-30 11:00:00,5.7525
2023-08-30 12:00:00,5.38625
2023-08-30 13:00:00,5.383333333333333
2023-08-30 14:00:00,5.985416666666667
2023-08-30 15:00:00,6.1554166666666665
2023-08-30 16:00:00,4.959583333333334
2023-08-30 17:00:00,5.2558333333333325
2023-08-30 18:00:00,3.6604166666666664
2023-08-30 19:00:00,4.002083333333333
2023-08-30 20:00:00,4.097083333333333
2023-08-30 21:00:00,3.6425
2023-08-30 22:00:00,4.12125
2023-08-30 23:00:00,3.7983333333333333
2023-08-31 00:00:00,3.74875
2023-08-31 01:00:00,3.8083333333333336
2023-08-31 02:00:00,3.7449999999999997
2023-08-31 03:00:00,3.41375
2023-08-31 04:00:00,3.279166666666667
2023-08-31 05:00:00,3.169583333333333
2023-08-31 06:00:00,3.06125
2023-08-31 07:00:00,3.2262500000000003
2023-08-31 08:00:00,3.362083333333333
2023-08-31 09:00:00,3.4120833333333334
2023-08-31 10:00:00,3.5425
2023-08-31 11:00:00,3.3558333333333334
2023-08-31 12:00:00,3.577083333333333
2023-08-31 13:00:00,3.6337499999999996
2023-08-31 14:00:00,3.9466666666666668
2023-08-31 15:00:00,4.195833333333334
2023-08-31 16:00:00,4.022083333333334
2023-08-31 17:00:00,3.8775
2023-08-31 18:00:00,3.8725
2023-08-31 19:00:00,3.5175
2023-08-31 20:00:00,3.2725000000000004
2023-08-31 21:00:00,3.6816666666666666
2023-08-31 22:00:00,4.120416666666666
2023-08-31 23:00:00,4.2941666666666665
2023-09-01 00:00:00,4.440833333333333
2023-09-01 01:00:00,4.361666666666667
2023-09-01 02:00:00,4.205416666666666
2023-09-01 03:00:00,4.314166666666666
2023-09-01 04:00:00,4.33
2023-09-01 05:00:00,4.2
2023-09-01 06:00:00,3.6979166666666665
2023-09-01 07:00:00,3.7554166666666666
2023-09-01 08:00:00,4.055416666666667
2023-09-01 09:00:00,4.2725
2023-09-01 10:00:00,4.97125
2023-09-01 11:00:00,5.764583333333333
2023-09-01 12:00:00,5.8429166666666665
2023-09-01 13:00:00,3.964166666666667
2023-09-01 14:00:00,2.70375
2023-09-01 15:00:00,2.597916666666667
2023-09-01 16:00:00,2.733333333333333
2023-09-01 17:00:00,3.7620833333333334
2023-09-01 18:00:00,3.38875
2023-09-01 19:00:00,3.3874999999999997
2023-09-01 20:00:00,3.3245833333333334
2023-09-01 21:00:00,3.2616666666666667
2023-09-01 22:00:00,3.3358333333333334
2023-09-01 23:00:00,3.0720833333333335
2023-09-02 00:00:00,2.8791666666666664
2023-09-02 01:00:00,2.2070833333333333
2023-09-02 02:00:00,2.26375
2023-09-02 03:00:00,1.66625
2023-09-02 04:00:00,1.7504166666666665
2023-09-02 05:00:00,1.7791666666666668
2023-09-02 06:00:00,1.7787499999999998
2023-09-02 07:00:00,1.71125
2023-09-02 08:00:00,1.7958333333333334
2023-09-02 09:00:00,1.7787499999999998
2023-09-02 10:00:00,1.95375
2023-09-02 11:00:00,1.885
2023-09-02 12:00:00,1.9708333333333332
2023-09-02 13:00:00,1.7170833333333333
2023-09-02 14:00:00,1.7474999999999998
2023-09-02 15:00:00,1.930416666666667
2023-09-02 16:00:00,2.2429166666666664
2023-09-02 17:00:00,2.1370833333333334
2023-09-02 18:00:00,1.8949999999999998
2023-09-02 19:00:00,1.8904166666666666
2023-09-02 20:00:00,1.8991666666666667
2023-09-02 21:00:00,1.9024999999999999
2023-09-02 22:00:00,2.0941666666666667
2023-09-02 23:00:00,2.2558333333333334
2023-09-03 00:00:00,2.2329166666666667
2023-09-03 01:00:00,2.4170833333333337
2023-09-03 02:00:00,2.3
2023-09-03 03:00:00,2.2291666666666665
2023-09-03 04:00:00,2.3075
2023-09-03 05:00:00,2.1216666666666666
2023-09-03 06:00:00,2.34125
2023-09-03 07:00:00,2.120416666666667
2023-09-03 08:00:00,2.287916666666667
2023-09-03 09:00:00,2.21125
2023-09-03 10:00:00,2.0158333333333336
2023-09-03 11:00:00,1.97625
2023-09-03 12:00:00,2.065
2023-09-03 13:00:00,2.2575
2023-09-03 14:00:00,2.001666666666667
2023-09-03 15:00:00,2.3983333333333334
2023-09-03 16:00:00,2.2683333333333335
2023-09-03 17:00:00,2.0058333333333334
2023-09-03 18:00:00,2.07375
2023-09-03 19:00:00,2.09625
2023-09-03 20:00:00,2.12
2023-09-03 21:00:00,2.1516666666666664
2023-09-03 22:00:00,2.17875
2023-09-03 23:00:00,2.1833333333333336
2023-09-04 00:00:00,2.11125
2023-09-04 01:00:00,6.743333333333333
2023-09-04 02:00:00,8.185416666666667
2023-09-04 03:00:00,9.53875
2023-09-04 04:00:00,31.359583333333333
2023-09-04 05:00:00,32.99666666666667
2023-09-04 06:00:00,37.08958333333333
2023-09-04 07:00:00,28.76291666666667
2023-09-04 08:00:00,5.693333333333334
2023-09-04 09:00:00,5.378333333333333
2023-09-04 10:00:00,3.841666666666667
2023-09-04 11:00:00,7.744166666666666
2023-09-04 12:00:00,41.64625
2023-09-04 13:00:00,35.60875
2023-09-04 14:00:00,7.067916666666666
2023-09-04 15:00:00,7.242916666666667
2023-09-04 16:00:00,7.4504166666666665
2023-09-04 17:00:00,7.03625
2023-09-04 18:00:00,6.99125
2023-09-04 19:00:00,6.65375
2023-09-04 20:00:00,6.975833333333334
2023-09-04 21:00:00,5.039583333333334
2023-09-04 22:00:00,4.87125
2023-09-04 23:00:00,4.730416666666667
2023-09-05 00:00:00,4.670833333333333
2023-09-05 01:00:00,4.697916666666667
2023-09-05 02:00:00,4.505
2023-09-05 03:00:00,4.456666666666666
2023-09-05 04:00:00,4.709583333333334
2023-09-05 05:00:00,4.6362499999999995
2023-09-05 06:00:00,4.734583333333333
2023-09-05 07:00:00,4.40875
2023-09-05 08:00:00,4.62
2023-09-05 09:00:00,4.979166666666667
2023-09-05 10:00:00,4.81125
2023-09-05 11:00:00,4.365
2023-09-05 12:00:00,3.439583333333333
2023-09-05 13:00:00,4.01625
2023-09-05 14:00:00,39.754583333333336
2023-09-05 15:00:00,12.262499999999998
2023-09-05 16:00:00,7.7749999999999995
2023-09-05 17:00:00,7.4004166666666675
2023-09-05 18:00:00,7.483333333333333
2023-09-05 19:00:00,7.27
2023-09-05 20:00:00,6.679583333333333
2023-09-05 21:00:00,4.8012500000000005
2023-09-05 22:00:00,4.315
2023-09-05 23:00:00,6.28625
2023-09-06 00:00:00,3.543333333333333
2023-09-06 01:00:00,2.17125
2023-09-06 02:00:00,1.9158333333333335
2023-09-06 03:00:00,1.8783333333333332
2023-09-06 04:00:00,1.9887499999999998
2023-09-06 05:00:00,1.93625
2023-09-06 06:00:00,2.066666666666667
2023-09-06 07:00:00,2.129166666666667
2023-09-06 08:00:00,2.442083333333333
2023-09-06 09:00:00,2.4183333333333334
2023-09-06 10:00:00,2.1408333333333336
2023-09-06 11:00:00,2.1091666666666664
2023-09-06 12:00:00,1.7612500000000002
2023-09-06 13:00:00,1.5975
2023-09-06 14:00:00,6.620833333333334
2023-09-06 15:00:00,23.004583333333333
2023-09-06 16:00:00,3.9525
2023-09-06 17:00:00,4.132083333333333
2023-09-06 18:00:00,3.653333333333333
2023-09-06 19:00:00,3.7470833333333338
2023-09-06 20:00:00,4.26375
2023-09-06 21:00:00,2.5383333333333336
2023-09-06 22:00:00,2.0066666666666664
2023-09-06 23:00:00,1.9804166666666667
2023-09-07 00:00:00,1.9795833333333333
2023-09-07 01:00:00,1.9808333333333332
2023-09-07 02:00:00,1.9783333333333333
2023-09-07 03:00:00,2.2970833333333336
2023-09-07 04:00:00,2.1345833333333335
2023-09-07 05:00:00,2.1620833333333334
2023-09-07 06:00:00,2.3508333333333336
2023-09-07 07:00:00,2.5375
2023-09-07 08:00:00,2.585
2023-09-07 09:00:00,2.2654166666666664
2023-09-07 10:00:00,2.4908333333333332
2023-09-07 11:00:00,2.34125
2023-09-07 12:00:00,2.174166666666667
2023-09-07 13:00:00,2.069583333333333
2023-09-07 14:00:00,13.445833333333333
2023-09-07 15:00:00,14.582083333333335
2023-09-07 16:00:00,4.474583333333333
2023-09-07 17:00:00,3.8454166666666665
2023-09-07 18:00:00,3.891666666666667
2023-09-07 19:00:00,4.198333333333333
2023-09-07 20:00:00,4.6812499999999995
2023-09-07 21:00:00,2.19375
2023-09-07 22:00:00,2.1620833333333334
2023-09-07 23:00:00,2.030416666666667
2023-09-08 00:00:00,2.1391666666666667
2023-09-08 01:00:00,2.283333333333333
2023-09-08 02:00:00,2.182916666666667
2023-09-08 03:00:00,2.12375
2023-09-08 04:00:00,2.1670833333333333
2023-09-08 05:00:00,2.2325
2023-09-08 06:00:00,2.57375
2023-09-08 07:00:00,2.07625
2023-09-08 08:00:00,2.0775
2023-09-08 09:00:00,2.267916666666667
2023-09-08 10:00:00,2.3937500000000003
2023-09-08 11:00:00,2.8354166666666667
2023-09-08 12:00:00,2.6933333333333334
2023-09-08 13:00:00,2.158333333333333
2023-09-08 14:00:00,2.61375
2023-09-08 15:00:00,2.6983333333333337
2023-09-08 16:00:00,2.7754166666666666
2023-09-08 17:00:00,2.893333333333333
2023-09-08 18:00:00,2.952083333333333
2023-09-08 19:00:00,2.9600000000000004
2023-09-08 20:00:00,20.70875
2023-09-08 21:00:00,26.218750000000004
2023-09-08 22:00:00,5.068333333333333
2023-09-08 23:00:00,11.07
2023-09-09 00:00:00,7.8374999999999995
2023-09-09 01:00:00,7.042916666666667
2023-09-09 02:00:00,1.82125
2023-09-09 03:00:00,1.5341666666666667
2023-09-09 04:00:00,1.4179166666666667
2023-09-09 05:00:00,1.3891666666666669
2023-09-09 06:00:00,1.2891666666666668
2023-09-09 07:00:00,1.3066666666666666
2023-09-09 08:00:00,1.2545833333333334
2023-09-09 09:00:00,1.1966666666666665
2023-09-09 10:00:00,1.2820833333333332
2023-09-09 11:00:00,1.2929166666666667
2023-09-09 12:00:00,1.2675
2023-09-09 13:00:00,3.1358333333333337
2023-09-09 14:00:00,56.30916666666667
2023-09-09 15:00:00,17.947916666666668
2023-09-09 16:00:00,4.642916666666667
2023-09-09 17:00:00,4.4937499999999995
2023-09-09 18:00:00,4.107083333333333
2023-09-09 19:00:00,4.024166666666667
2023-09-09 20:00:00,4.034583333333333
2023-09-09 21:00:00,2.57
2023-09-09 22:00:00,1.28
2023-09-09 23:00:00,1.2783333333333333
2023-09-10 00:00:00,1.26375
2023-09-10 01:00:00,1.2170833333333333
2023-09-10 02:00:00,1.2566666666666666
2023-09-10 03:00:00,1.255
2023-09-10 04:00:00,1.2658333333333334
2023-09-10 05:00:00,1.2666666666666666
2023-09-10 06:00:00,1.2425
2023-09-10 07:00:00,1.2408333333333335
2023-09-10 08:00:00,1.2341666666666666
2023-09-10 09:00:00,1.24625
2023-09-10 10:00:00,1.135
2023-09-10 11:00:00,1.22625
2023-09-10 12:00:00,1.2366666666666666
2023-09-10 13:00:00,1.1575
2023-09-10 14:00:00,1.1545833333333333
2023-09-10 15:00:00,1.14625
2023-09-10 16:00:00,1.2279166666666668
2023-09-10 17:00:00,1.2108333333333334
2023-09-10 18:00:00,1.325
2023-09-10 19:00:00,1.3208333333333333
2023-09-10 20:00:00,1.3758333333333335
2023-09-10 21:00:00,1.3483333333333334
2023-09-10 22:00:00,1.33
2023-09-10 23:00:00,1.3183333333333334
2023-09-11 00:00:00,1.1595833333333334
2023-09-11 01:00:00,3.1320833333333327
2023-09-11 02:00:00,5.62875
2023-09-11 03:00:00,12.255833333333333
2023-09-11 04:00:00,19.568749999999998
2023-09-11 05:00:00,25.00208333333333
2023-09-11 06:00:00,18.819583333333334
2023-09-11 07:00:00,5.22125
2023-09-11 08:00:00,2.7183333333333333
2023-09-11 09:00:00,17.855833333333333
2023-09-11 10:00:00,11.219166666666666
2023-09-11 11:00:00,13.873750000000001
2023-09-11 12:00:00,18.439583333333335
2023-09-11 13:00:00,9.522083333333333
2023-09-11 14:00:00,32.81375
2023-09-11 15:00:00,14.453333333333333
2023-09-11 16:00:00,5.474166666666666
2023-09-11 17:00:00,5.191666666666667
2023-09-11 18:00:00,4.82
2023-09-11 19:00:00,4.713333333333334
2023-09-11 20:00:00,5.291666666666667
2023-09-11 21:00:00,2.8125
2023-09-11 22:00:00,1.8470833333333332
2023-09-11 23:00:00,1.8720833333333333
2023-09-12 00:00:00,1.8358333333333334
2023-09-12 01:00:00,1.9295833333333334
2023-09-12 02:00:00,2.0879166666666666
2023-09-12 03:00:00,2.0633333333333335
2023-09-12 04:00:00,2.0604166666666663
2023-09-12 05:00:00,2.0749999999999997
2023-09-12 06:00:00,15.847500000000002
2023-09-12 07:00:00,3.2825
2023-09-12 08:00:00,3.6016666666666666
2023-09-12 09:00:00,3.9745833333333334
2023-09-12 10:00:00,3.8304166666666664
2023-09-12 11:00:00,3.307916666666667
2023-09-12 12:00:00,3.1641666666666666
2023-09-12 13:00:00,3.2729166666666667
2023-09-12 14:00:00,14.455833333333333
2023-09-12 15:00:00,3.6354166666666665
2023-09-12 16:00:00,3.9941666666666666
2023-09-12 17:00:00,4.3187500000000005
2023-09-12 18:00:00,4.1812499999999995
2023-09-12 19:00:00,3.9025
2023-09-12 20:00:00,4.224583333333333
2023-09-12 21:00:00,2.3945833333333333
2023-09-12 22:00:00,2.404166666666667
2023-09-12 23:00:00,2.219583333333333
2023-09-13 00:00:00,2.2191666666666667
2023-09-13 01:00:00,2.21875
2023-09-13 02:00:00,2.21125
2023-09-13 03:00:00,2.2816666666666667
2023-09-13 04:00:00,2.464583333333333
2023-09-13 05:00:00,2.464166666666667
2023-09-13 06:00:00,19.5575
2023-09-13 07:00:00,14.801666666666668
2023-09-13 08:00:00,7.1000000000000005
2023-09-13 09:00:00,4.4775
2023-09-13 10:00:00,4.321666666666666
2023-09-13 11:00:00,4.06625
2023-09-13 12:00:00,3.7133333333333334
2023-09-13 13:00:00,3.54625
2023-09-13 14:00:00,3.390833333333333
2023-09-13 15:00:00,3.41625
2023-09-13 16:00:00,3.6045833333333337
2023-09-13 17:00:00,3.51625
2023-09-13 18:00:00,3.482083333333333
2023-09-13 19:00:00,3.559583333333333
2023-09-13 20:00:00,3.5704166666666666
2023-09-13 21:00:00,2.06625
2023-09-13 22:00:00,2.08875
2023-09-13 23:00:00,2.0275000000000003
2023-09-14 00:00:00,2.1308333333333334
2023-09-14 01:00:00,2.1425
2023-09-14 02:00:00,2.057916666666667
2023-09-14 03:00:00,1.8954166666666667
2023-09-14 04:00:00,1.91875
2023-09-14 05:00:00,2.095833333333333
2023-09-14 06:00:00,14.870833333333332
2023-09-14 07:00:00,2.9283333333333332
2023-09-14 08:00:00,3.0741666666666667
2023-09-14 09:00:00,3.115
2023-09-14 10:00:00,3.185416666666667
2023-09-14 11:00:00,3.0379166666666664
2023-09-14 12:00:00,2.985416666666667
2023-09-14 13:00:00,2.9875000000000003
2023-09-14 14:00:00,3.0879166666666666
2023-09-14 15:00:00,3.0383333333333336
2023-09-14 16:00:00,3.360416666666667
2023-09-14 17:00:00,3.360416666666667
2023-09-14 18:00:00,3.1820833333333334
2023-09-14 19:00:00,3.120416666666667
2023-09-14 20:00:00,2.733333333333333
2023-09-14 21:00:00,2.3495833333333334
2023-09-14 22:00:00,2.2916666666666665
2023-09-14 23:00:00,2.2325
2023-09-15 00:00:00,2.1095833333333336
2023-09-15 01:00:00,2.205
2023-09-15 02:00:00,2.0154166666666664
2023-09-15 03:00:00,1.9395833333333332
2023-09-15 04:00:00,1.99125
2023-09-15 05:00:00,2.18875
2023-09-15 06:00:00,21.6125
2023-09-15 07:00:00,3.0025
2023-09-15 08:00:00,3.214166666666667
2023-09-15 09:00:00,3.192083333333333
2023-09-15 10:00:00,3.10875
2023-09-15 11:00:00,3.2158333333333338
2023-09-15 12:00:00,24.18541666666667
2023-09-15 13:00:00,4.043333333333334
2023-09-15 14:00:00,3.888333333333333
2023-09-15 15:00:00,4.158333333333333
2023-09-15 16:00:00,4.875
2023-09-15 17:00:00,3.7566666666666664
2023-09-15 18:00:00,3.4341666666666666
2023-09-15 19:00:00,3.2425
2023-09-15 20:00:00,3.6645833333333333
2023-09-15 21:00:00,3.297083333333333
2023-09-15 22:00:00,3.6625
2023-09-15 23:00:00,2.765416666666667
2023-09-16 00:00:00,3.700416666666667
2023-09-16 01:00:00,3.040833333333333
2023-09-16 02:00:00,1.6920833333333334
2023-09-16 03:00:00,1.5899999999999999
2023-09-16 04:00:00,1.6524999999999999
2023-09-16 05:00:00,1.6129166666666668
2023-09-16 06:00:00,1.5416666666666667
2023-09-16 07:00:00,1.48125
2023-09-16 08:00:00,1.4620833333333334
2023-09-16 09:00:00,1.5683333333333334
2023-09-16 10:00:00,1.7166666666666666
2023-09-16 11:00:00,1.6629166666666666
2023-09-16 12:00:00,12.317916666666667
2023-09-16 13:00:00,15.533333333333333
2023-09-16 14:00:00,2.59125
2023-09-16 15:00:00,2.299166666666667
2023-09-16 16:00:00,2.2558333333333334
2023-09-16 17:00:00,2.4779166666666668
2023-09-16 18:00:00,2.6058333333333334
2023-09-16 19:00:00,2.3995833333333336
2023-09-16 20:00:00,2.8016666666666663
2023-09-16 21:00:00,1.4775
2023-09-16 22:00:00,1.50125
2023-09-16 23:00:00,1.5562500000000001
2023-09-17 00:00:00,1.6325
2023-09-17 01:00:00,1.6987500000000002
2023-09-17 02:00:00,1.6683333333333332
2023-09-17 03:00:00,1.6820833333333332
2023-09-17 04:00:00,1.7258333333333333
2023-09-17 05:00:00,1.6304166666666664
2023-09-17 06:00:00,1.6287500000000001
2023-09-17 07:00:00,7.279583333333334
2023-09-17 08:00:00,10.2175
2023-09-17 09:00:00,2.5625
2023-09-17 10:00:00,2.6645833333333333
2023-09-17 11:00:00,2.8095833333333338
2023-09-17 12:00:00,2.842916666666667
2023-09-17 13:00:00,2.8662500000000004
2023-09-17 14:00:00,3.0141666666666667
2023-09-17 15:00:00,3.217916666666667
2023-09-17 16:00:00,1.7941666666666667
2023-09-17 17:00:00,1.7825
2023-09-17 18:00:00,1.7249999999999999
2023-09-17 19:00:00,1.70875
2023-09-17 20:00:00,1.6137500000000002
2023-09-17 21:00:00,1.6133333333333333
2023-09-17 22:00:00,1.4979166666666668
2023-09-17 23:00:00,1.6604166666666667
2023-09-18 00:00:00,1.6416666666666666
2023-09-18 01:00:00,1.8412499999999998
2023-09-18 02:00:00,4.829583333333333
2023-09-18 03:00:00,6.379166666666666
2023-09-18 04:00:00,8.305833333333334
2023-09-18 05:00:00,17.557916666666667
2023-09-18 06:00:00,25.489166666666666
2023-09-18 07:00:00,20.540000000000003
2023-09-18 08:00:00,31.140833333333333
2023-09-18 09:00:00,27.552083333333332
2023-09-18 10:00:00,9.694583333333334
2023-09-18 11:00:00,4.2804166666666665
2023-09-18 12:00:00,21.97583333333333
2023-09-18 13:00:00,28.764583333333334
2023-09-18 14:00:00,14.984166666666667
2023-09-18 15:00:00,6.962083333333333
2023-09-18 16:00:00,6.158333333333334
2023-09-18 17:00:00,5.8175
2023-09-18 18:00:00,5.775833333333334
2023-09-18 19:00:00,5.773333333333333
2023-09-18 20:00:00,6.755416666666666
2023-09-18 21:00:00,5.255833333333333
2023-09-18 22:00:00,3.589166666666667
2023-09-18 23:00:00,3.54125
2023-09-19 00:00:00,3.6970833333333335
2023-09-19 01:00:00,3.485
2023-09-19 02:00:00,3.5179166666666664
2023-09-19 03:00:00,3.5812500000000003
2023-09-19 04:00:00,3.6804166666666664
2023-09-19 05:00:00,3.6995833333333334
2023-09-19 06:00:00,3.310416666666667
2023-09-19 07:00:00,3.3629166666666666
2023-09-19 08:00:00,3.4324999999999997
2023-09-19 09:00:00,3.85
2023-09-19 10:00:00,3.6966666666666668
2023-09-19 11:00:00,3.69125
2023-09-19 12:00:00,5.664583333333333
2023-09-19 13:00:00,32.32208333333333
2023-09-19 14:00:00,12.552083333333334
2023-09-19 15:00:00,5.798333333333333
2023-09-19 16:00:00,5.510416666666667
2023-09-19 17:00:00,5.823333333333333
2023-09-19 18:00:00,5.735416666666667
2023-09-19 19:00:00,5.5995833333333325
2023-09-19 20:00:00,4.74625
2023-09-19 21:00:00,5.859166666666667
2023-09-19 22:00:00,4.414583333333334
2023-09-19 23:00:00,3.6470833333333332
2023-09-20 00:00:00,3.4491666666666667
2023-09-20 01:00:00,3.61875
2023-09-20 02:00:00,3.26
2023-09-20 03:00:00,2.814583333333333
2023-09-20 04:00:00,2.9441666666666664
2023-09-20 05:00:00,3.2704166666666663
2023-09-20 06:00:00,24.322916666666668
2023-09-20 07:00:00,16.2075
2023-09-20 08:00:00,9.384583333333333
2023-09-20 09:00:00,5.227083333333334
2023-09-20 10:00:00,10.632916666666667
2023-09-20 11:00:00,5.651666666666666
2023-09-20 12:00:00,5.703749999999999
2023-09-20 13:00:00,5.69875
2023-09-20 14:00:00,4.83
2023-09-20 15:00:00,4.456666666666666
2023-09-20 16:00:00,4.235
2023-09-20 17:00:00,4.305416666666667
2023-09-20 18:00:00,4.5
2023-09-20 19:00:00,5.5495833333333335
2023-09-20 20:00:00,3.06875
2023-09-20 21:00:00,3.643333333333333
2023-09-20 22:00:00,3.3408333333333338
2023-09-20 23:00:00,3.3691666666666666
2023-09-21 00:00:00,3.1954166666666666
2023-09-21 01:00:00,3.049583333333333
2023-09-21 02:00:00,2.4454166666666666
2023-09-21 03:00:00,2.52375
2023-09-21 04:00:00,2.4070833333333335
2023-09-21 05:00:00,2.5679166666666666
2023-09-21 06:00:00,2.5900000000000003
2023-09-21 07:00:00,8.09125
2023-09-21 08:00:00,26.15416666666667
2023-09-21 09:00:00,14.393750000000002
2023-09-21 10:00:00,5.55875
2023-09-21 11:00:00,4.565416666666667
2023-09-21 12:00:00,4.54125
2023-09-21 13:00:00,4.46625
2023-09-21 14:00:00,4.681666666666667
2023-09-21 15:00:00,5.163749999999999
2023-09-21 16:00:00,5.0725
2023-09-21 17:00:00,4.525833333333333
2023-09-21 18:00:00,3.4370833333333333
2023-09-21 19:00:00,3.5270833333333336
2023-09-21 20:00:00,3.26375
2023-09-21 21:00:00,3.30125
2023-09-21 22:00:00,3.11875
2023-09-21 23:00:00,3.137916666666667
2023-09-22 00:00:00,3.03375
2023-09-22 01:00:00,4.142083333333333
2023-09-22 02:00:00,2.48375
2023-09-22 03:00:00,2.2058333333333335
2023-09-22 04:00:00,2.1995833333333334
2023-09-22 05:00:00,2.25125
2023-09-22 06:00:00,2.317083333333333
2023-09-22 07:00:00,2.2108333333333334
2023-09-22 08:00:00,2.220833333333333
2023-09-22 09:00:00,2.32375
2023-09-22 10:00:00,2.0858333333333334
2023-09-22 11:00:00,2.2158333333333338
2023-09-22 12:00:00,2.7237500000000003
2023-09-22 13:00:00,3.9379166666666663
2023-09-22 14:00:00,31.020416666666666
2023-09-22 15:00:00,9.528333333333334
2023-09-22 16:00:00,4.140833333333333
2023-09-22 17:00:00,3.8533333333333335
2023-09-22 18:00:00,4.523333333333333
2023-09-22 19:00:00,2.813333333333333
2023-09-22 20:00:00,2.60875
2023-09-22 21:00:00,1.5912500000000003
2023-09-22 22:00:00,1.73125
2023-09-22 23:00:00,2.3470833333333334
2023-09-23 00:00:00,1.9954166666666666
2023-09-23 01:00:00,1.4616666666666667
2023-09-23 02:00:00,2.1441666666666666
2023-09-23 03:00:00,1.999583333333333
2023-09-23 04:00:00,2.0591666666666666
2023-09-23 05:00:00,2.1291666666666664
2023-09-23 06:00:00,2.0508333333333333
2023-09-23 07:00:00,1.9945833333333336
2023-09-23 08:00:00,2.1483333333333334
2023-09-23 09:00:00,5.706666666666667
2023-09-23 10:00:00,3.560416666666667
2023-09-23 11:00:00,2.9308333333333336
2023-09-23 12:00:00,1.5374999999999999
2023-09-23 13:00:00,2.310833333333333
2023-09-23 14:00:00,2.565
2023-09-23 15:00:00,41.61208333333333
2023-09-23 16:00:00,16.121666666666666
2023-09-23 17:00:00,5.4312499999999995
2023-09-23 18:00:00,5.013333333333333
2023-09-23 19:00:00,4.832083333333333
2023-09-23 20:00:00,4.8175
2023-09-23 21:00:00,5.214583333333334
2023-09-23 22:00:00,3.34375
2023-09-23 23:00:00,2.0
2023-09-24 00:00:00,1.7616666666666667
2023-09-24 01:00:00,1.7991666666666666
2023-09-24 02:00:00,1.8204166666666666
2023-09-24 03:00:00,1.8637499999999998
2023-09-24 04:00:00,1.955
2023-09-24 05:00:00,1.9270833333333333
2023-09-24 06:00:00,1.9625000000000001
2023-09-24 07:00:00,1.8529166666666665
2023-09-24 08:00:00,2.245833333333333
2023-09-24 09:00:00,2.155
2023-09-24 10:00:00,2.2895833333333333
2023-09-24 11:00:00,2.0124999999999997
2023-09-24 12:00:00,5.1975
2023-09-24 13:00:00,8.224166666666667
2023-09-24 14:00:00,28.46666666666667
2023-09-24 15:00:00,27.26625
2023-09-24 16:00:00,17.951249999999998
2023-09-24 17:00:00,7.0008333333333335
2023-09-24 18:00:00,1.9079166666666667
2023-09-24 19:00:00,2.107083333333333
2023-09-24 20:00:00,1.9779166666666665
2023-09-24 21:00:00,1.9366666666666668
2023-09-24 22:00:00,1.8770833333333332
2023-09-24 23:00:00,1.93625
2023-09-25 00:00:00,1.9008333333333336
2023-09-25 01:00:00,1.9579166666666667
2023-09-25 02:00:00,1.9283333333333335
2023-09-25 03:00:00,1.9179166666666665
2023-09-25 04:00:00,1.9737500000000001
2023-09-25 05:00:00,1.9391666666666667
2023-09-25 06:00:00,1.9016666666666666
2023-09-25 07:00:00,3.9804166666666667
2023-09-25 08:00:00,9.168750000000001
2023-09-25 09:00:00,3.3208333333333333
2023-09-25 10:00:00,2.9345833333333338
2023-09-25 11:00:00,10.194583333333334
2023-09-25 12:00:00,18.417916666666667
2023-09-25 13:00:00,21.914166666666663
2023-09-25 14:00:00,27.223333333333333
2023-09-25 15:00:00,6.140416666666667
2023-09-25 16:00:00,3.8358333333333334
2023-09-25 17:00:00,3.9345833333333338
2023-09-25 18:00:00,4.019166666666666
2023-09-25 19:00:00,3.8212499999999996
2023-09-25 20:00:00,3.4466666666666668
2023-09-25 21:00:00,3.44125
2023-09-25 22:00:00,1.6654166666666665
2023-09-25 23:00:00,1.6945833333333333
2023-09-26 00:00:00,1.8312499999999998
2023-09-26 01:00:00,1.8341666666666665
2023-09-26 02:00:00,6.055416666666667
2023-09-26 03:00:00,3.43625
2023-09-26 04:00:00,6.012083333333333
2023-09-26 05:00:00,7.269166666666666
2023-09-26 06:00:00,6.544999999999999
2023-09-26 07:00:00,3.92125
2023-09-26 08:00:00,2.8662499999999995
2023-09-26 09:00:00,2.8845833333333335
2023-09-26 10:00:00,16.174166666666665
2023-09-26 11:00:00,20.855416666666667
2023-09-26 12:00:00,6.065
2023-09-26 13:00:00,6.22375
2023-09-26 14:00:00,5.822500000000001
2023-09-26 15:00:00,5.28
2023-09-26 16:00:00,5.292916666666667
2023-09-26 17:00:00,5.757916666666667
2023-09-26 18:00:00,6.017916666666667
2023-09-26 19:00:00,5.547083333333333
2023-09-26 20:00:00,4.802499999999999
2023-09-26 21:00:00,2.5341666666666667
2023-09-26 22:00:00,1.5025000000000002
2023-09-26 23:00:00,1.5108333333333333
2023-09-27 00:00:00,2.2075
2023-09-27 01:00:00,1.3741666666666665
2023-09-27 02:00:00,1.27
2023-09-27 03:00:00,1.2945833333333334
2023-09-27 04:00:00,1.21125
2023-09-27 05:00:00,1.17125
2023-09-27 06:00:00,15.318333333333333
2023-09-27 07:00:00,30.345
2023-09-27 08:00:00,14.190833333333336
2023-09-27 09:00:00,3.7733333333333334
2023-09-27 10:00:00,3.59125
2023-09-27 11:00:00,3.5366666666666666
2023-09-27 12:00:00,3.5491666666666664
2023-09-27 13:00:00,3.7433333333333336
2023-09-27 14:00:00,3.154166666666667
2023-09-27 15:00:00,2.1599999999999997
2023-09-27 16:00:00,3.5408333333333335
2023-09-27 17:00:00,2.3400000000000003
2023-09-27 18:00:00,2.2558333333333334
2023-09-27 19:00:00,2.256666666666667
2023-09-27 20:00:00,2.2079166666666663
2023-09-27 21:00:00,2.0870833333333336
2023-09-27 22:00:00,1.86125
2023-09-27 23:00:00,1.8941666666666668
2023-09-28 00:00:00,1.7904166666666665
2023-09-28 01:00:00,1.5995833333333334
2023-09-28 02:00:00,1.3791666666666667
2023-09-28 03:00:00,1.7337499999999997
2023-09-28 04:00:00,1.64
2023-09-28 05:00:00,1.7645833333333334
2023-09-28 06:00:00,1.7437500000000001
2023-09-28 07:00:00,1.8325000000000002
2023-09-28 08:00:00,1.7383333333333333
2023-09-28 09:00:00,1.6070833333333334
2023-09-28 10:00:00,1.3675
2023-09-28 11:00:00,1.3975
2023-09-28 12:00:00,1.3399999999999999
2023-09-28 13:00:00,1.3370833333333332
2023-09-28 14:00:00,1.3154166666666667
2023-09-28 15:00:00,10.40625
2023-09-28 16:00:00,7.3183333333333325
2023-09-28 17:00:00,2.435
2023-09-28 18:00:00,2.34625
2023-09-28 19:00:00,2.2275
2023-09-28 20:00:00,2.375
2023-09-28 21:00:00,2.752916666666667
2023-09-28 22:00:00,1.9316666666666666
2023-09-28 23:00:00,1.8916666666666666
2023-09-29 00:00:00,1.8883333333333334
2023-09-29 01:00:00,1.9420833333333334
2023-09-29 02:00:00,1.9229166666666666
2023-09-29 03:00:00,1.7995833333333335
2023-09-29 04:00:00,1.60375
2023-09-29 05:00:00,1.5199999999999998
2023-09-29 06:00:00,1.485
2023-09-29 07:00:00,1.5095833333333335
2023-09-29 08:00:00,1.4862499999999998
2023-09-29 09:00:00,1.5379166666666666
2023-09-29 10:00:00,1.36625
2023-09-29 11:00:00,1.1829166666666666
2023-09-29 12:00:00,1.2379166666666668
2023-09-29 13:00:00,14.708333333333334
2023-09-29 14:00:00,28.17625
2023-09-29 15:00:00,7.607499999999999
2023-09-29 16:00:00,4.327916666666667
2023-09-29 17:00:00,4.531666666666667
2023-09-29 18:00:00,4.37875
2023-09-29 19:00:00,5.7725
2023-09-29 20:00:00,1.3441666666666665
2023-09-29 21:00:00,1.3466666666666667
2023-09-29 22:00:00,1.655
2023-09-29 23:00:00,1.9854166666666668
2023-09-30 00:00:00,2.0475
2023-09-30 01:00:00,2.1
2023-09-30 02:00:00,2.205833333333333
2023-09-30 03:00:00,2.17375
2023-09-30 04:00:00,2.1020833333333333
2023-09-30 05:00:00,1.9591666666666665
2023-09-30 06:00:00,2.1166666666666667
2023-09-30 07:00:00,2.0820833333333333
2023-09-30 08:00:00,2.1958333333333333
2023-09-30 09:00:00,2.4716666666666667
2023-09-30 10:00:00,2.279583333333333
2023-09-30 11:00:00,2.1558333333333333
2023-09-30 12:00:00,2.2245833333333334
2023-09-30 13:00:00,2.2191666666666667
2023-09-30 14:00:00,2.3120833333333333
2023-09-30 15:00:00,27.84375
2023-09-30 16:00:00,29.88791666666667
2023-09-30 17:00:00,5.537083333333334
2023-09-30 18:00:00,5.146249999999999
2023-09-30 19:00:00,4.8725
2023-09-30 20:00:00,4.723333333333334
2023-09-30 21:00:00,4.654166666666667
2023-09-30 22:00:00,4.60625
2023-09-30 23:00:00,5.349583333333334
2023-10-01 00:00:00,3.3266666666666667
2023-10-01 01:00:00,1.9400000000000002
2023-10-01 02:00:00,1.8279166666666666
2023-10-01 03:00:00,1.8254166666666667
2023-10-01 04:00:00,1.8220833333333335
2023-10-01 05:00:00,1.8741666666666665
2023-10-01 06:00:00,1.8125
2023-10-01 07:00:00,1.8283333333333334
2023-10-01 08:00:00,2.2875
2023-10-01 09:00:00,1.9445833333333333
2023-10-01 10:00:00,2.07875
2023-10-01 11:00:00,1.9041666666666668
2023-10-01 12:00:00,1.5066666666666666
2023-10-01 13:00:00,1.4979166666666668
2023-10-01 14:00:00,8.014166666666666
2023-10-01 15:00:00,48.442499999999995
2023-10-01 16:00:00,7.207083333333333
2023-10-01 17:00:00,4.73875
2023-10-01 18:00:00,4.725833333333333
2023-10-01 19:00:00,4.6345833333333335
2023-10-01 20:00:00,4.548333333333333
2023-10-01 21:00:00,4.662916666666667
2023-10-01 22:00:00,4.725
2023-10-01 23:00:00,6.74625
2023-10-02 00:00:00,2.1508333333333334
2023-10-02 01:00:00,2.219583333333333
2023-10-02 02:00:00,2.25875
2023-10-02 03:00:00,2.137916666666667
2023-10-02 04:00:00,2.4004166666666666
2023-10-02 05:00:00,2.24
2023-10-02 06:00:00,2.36625
2023-10-02 07:00:00,2.17125
2023-10-02 08:00:00,2.2354166666666666
2023-10-02 09:00:00,2.23875
2023-10-02 10:00:00,40.7575
2023-10-02 11:00:00,21.0775
2023-10-02 12:00:00,18.751250000000002
2023-10-02 13:00:00,37.3275
2023-10-02 14:00:00,34.21
2023-10-02 15:00:00,51.520833333333336
2023-10-02 16:00:00,25.352500000000003
2023-10-02 17:00:00,4.617500000000001
2023-10-02 18:00:00,4.206666666666666
2023-10-02 19:00:00,4.5375000000000005
2023-10-02 20:00:00,3.629583333333333
2023-10-02 21:00:00,2.0379166666666664
2023-10-02 22:00:00,2.0558333333333336
2023-10-02 23:00:00,1.9795833333333333
2023-10-03 00:00:00,2.1095833333333336
2023-10-03 01:00:00,2.085
2023-10-03 02:00:00,2.025
2023-10-03 03:00:00,1.76625
2023-10-03 04:00:00,1.6166666666666665
2023-10-03 05:00:00,1.9262499999999998
2023-10-03 06:00:00,1.791666666666667
2023-10-03 07:00:00,1.8812499999999999
2023-10-03 08:00:00,1.8854166666666667
2023-10-03 09:00:00,1.8991666666666667
2023-10-03 10:00:00,2.08875
2023-10-03 11:00:00,1.9383333333333332
2023-10-03 12:00:00,1.8425000000000002
2023-10-03 13:00:00,1.9845833333333334
2023-10-03 14:00:00,11.25125
2023-10-03 15:00:00,36.689166666666665
2023-10-03 16:00:00,20.83458333333333
2023-10-03 17:00:00,5.290416666666666
2023-10-03 18:00:00,4.679166666666666
2023-10-03 19:00:00,4.655833333333334
2023-10-03 20:00:00,6.521666666666667
2023-10-03 21:00:00,2.0904166666666666
2023-10-03 22:00:00,1.9841666666666666
2023-10-03 23:00:00,1.5491666666666666
2023-10-04 00:00:00,1.5533333333333335
2023-10-04 01:00:00,1.4091666666666667
2023-10-04 02:00:00,1.345
2023-10-04 03:00:00,1.4466666666666665
2023-10-04 04:00:00,1.3687500000000001
2023-10-04 05:00:00,1.6066666666666667
2023-10-04 06:00:00,2.0945833333333335
2023-10-04 07:00:00,1.9854166666666666
2023-10-04 08:00:00,1.9974999999999998
2023-10-04 09:00:00,26.506666666666664
2023-10-04 10:00:00,4.597916666666666
2023-10-04 11:00:00,6.965416666666667
2023-10-04 12:00:00,13.24875
2023-10-04 13:00:00,15.597916666666668
2023-10-04 14:00:00,15.129583333333334
2023-10-04 15:00:00,38.07041666666667
2023-10-04 16:00:00,14.993333333333334
2023-10-04 17:00:00,16.004583333333333
2023-10-04 18:00:00,4.554166666666666
2023-10-04 19:00:00,5.01875
2023-10-04 20:00:00,2.7229166666666664
2023-10-04 21:00:00,2.4375
2023-10-04 22:00:00,2.5070833333333336
2023-10-04 23:00:00,2.450416666666667
2023-10-05 00:00:00,2.30625
2023-10-05 01:00:00,2.36
2023-10-05 02:00:00,2.3733333333333335
2023-10-05 03:00:00,2.357083333333333
2023-10-05 04:00:00,2.4274999999999998
2023-10-05 05:00:00,2.4116666666666666
2023-10-05 06:00:00,2.3591666666666664
2023-10-05 07:00:00,2.1504166666666666
2023-10-05 08:00:00,2.4070833333333335
2023-10-05 09:00:00,2.485
2023-10-05 10:00:00,2.47
2023-10-05 11:00:00,2.3175
2023-10-05 12:00:00,2.30375
2023-10-05 13:00:00,2.7591666666666668
2023-10-05 14:00:00,13.378333333333332
2023-10-05 15:00:00,4.001666666666666
2023-10-05 16:00:00,4.4245833333333335
2023-10-05 17:00:00,4.440833333333333
2023-10-05 18:00:00,4.2820833333333335
2023-10-05 19:00:00,4.240833333333334
2023-10-05 20:00:00,4.334583333333334
2023-10-05 21:00:00,3.0195833333333333
2023-10-05 22:00:00,2.452083333333333
2023-10-05 23:00:00,2.47125
2023-10-06 00:00:00,2.49875
2023-10-06 01:00:00,2.4591666666666665
2023-10-06 02:00:00,2.325833333333333
2023-10-06 03:00:00,2.415
2023-10-06 04:00:00,2.502083333333333
2023-10-06 05:00:00,2.4075
2023-10-06 06:00:00,2.3225000000000002
2023-10-06 07:00:00,2.3666666666666667
2023-10-06 08:00:00,2.3054166666666664
2023-10-06 09:00:00,2.2683333333333335
2023-10-06 10:00:00,2.205416666666667
2023-10-06 11:00:00,1.9066666666666665
2023-10-06 12:00:00,1.74
2023-10-06 13:00:00,1.8745833333333335
2023-10-06 14:00:00,1.5720833333333333
2023-10-06 15:00:00,1.7241666666666668
2023-10-06 16:00:00,2.0729166666666665
2023-10-06 17:00:00,1.955
2023-10-06 18:00:00,2.06125
2023-10-06 19:00:00,2.0570833333333334
2023-10-06 20:00:00,2.0475
2023-10-06 21:00:00,2.0408333333333335
2023-10-06 22:00:00,2.2504166666666667
2023-10-06 23:00:00,2.1929166666666666
2023-10-07 00:00:00,2.2933333333333334
2023-10-07 01:00:00,2.2879166666666664
2023-10-07 02:00:00,2.2466666666666666
2023-10-07 03:00:00,2.2670833333333333
2023-10-07 04:00:00,2.2912500000000002
2023-10-07 05:00:00,2.3162499999999997
2023-10-07 06:00:00,2.202083333333333
2023-10-07 07:00:00,1.7483333333333333
2023-10-07 08:00:00,1.95125
2023-10-07 09:00:00,1.91375
2023-10-07 10:00:00,1.8275
2023-10-07 11:00:00,2.12875
2023-10-07 12:00:00,2.154166666666667
2023-10-07 13:00:00,2.2404166666666665
2023-10-07 14:00:00,2.28125
2023-10-07 15:00:00,4.405833333333333
2023-10-07 16:00:00,2.5991666666666666
2023-10-07 17:00:00,2.4812499999999997
2023-10-07 18:00:00,2.5533333333333332
2023-10-07 19:00:00,2.4791666666666665
2023-10-07 20:00:00,1.6825
2023-10-07 21:00:00,1.4941666666666666
2023-10-07 22:00:00,1.5795833333333336
2023-10-07 23:00:00,1.6166666666666665
2023-10-08 00:00:00,1.6570833333333335
2023-10-08 01:00:00,1.7249999999999999
2023-10-08 02:00:00,1.6570833333333332
2023-10-08 03:00:00,1.6458333333333333
2023-10-08 04:00:00,1.83625
2023-10-08 05:00:00,1.7850000000000001
2023-10-08 06:00:00,1.9483333333333333
2023-10-08 07:00:00,2.0637499999999998
2023-10-08 08:00:00,2.03875
2023-10-08 09:00:00,2.012916666666667
2023-10-08 10:00:00,1.9829166666666664
2023-10-08 11:00:00,1.9433333333333334
2023-10-08 12:00:00,2.2550000000000003
2023-10-08 13:00:00,8.720833333333333
2023-10-08 14:00:00,9.845
2023-10-08 15:00:00,3.1191666666666666
2023-10-08 16:00:00,3.1325
2023-10-08 17:00:00,3.089166666666667
2023-10-08 18:00:00,2.77875
2023-10-08 19:00:00,2.8520833333333333
2023-10-08 20:00:00,2.0054166666666666
2023-10-08 21:00:00,2.05
2023-10-08 22:00:00,2.0591666666666666
2023-10-08 23:00:00,1.9516666666666664
2023-10-09 00:00:00,1.9283333333333335
2023-10-09 01:00:00,1.8825000000000003
2023-10-09 02:00:00,1.955
2023-10-09 03:00:00,1.8879166666666667
2023-10-09 04:00:00,2.09375
2023-10-09 05:00:00,2.235
2023-10-09 06:00:00,2.1841666666666666
2023-10-09 07:00:00,2.217083333333333
2023-10-09 08:00:00,2.2020833333333334
2023-10-09 09:00:00,2.180833333333333
2023-10-09 10:00:00,2.1245833333333333
2023-10-09 11:00:00,1.9683333333333335
2023-10-09 12:00:00,2.0908333333333333
2023-10-09 13:00:00,27.18625
2023-10-09 14:00:00,13.183333333333332
2023-10-09 15:00:00,6.906666666666666
2023-10-09 16:00:00,15.311250000000001
2023-10-09 17:00:00,5.022916666666666
2023-10-09 18:00:00,5.138333333333334
2023-10-09 19:00:00,5.032916666666667
2023-10-09 20:00:00,4.9870833333333335
2023-10-09 21:00:00,4.695
2023-10-09 22:00:00,4.7025
2023-10-09 23:00:00,3.3608333333333333
2023-10-10 00:00:00,2.04625
2023-10-10 01:00:00,2.1179166666666664
2023-10-10 02:00:00,2.0175
2023-10-10 03:00:00,2.12875
2023-10-10 04:00:00,10.502916666666666
2023-10-10 05:00:00,16.069166666666664
2023-10-10 06:00:00,3.3325
2023-10-10 07:00:00,10.40875
2023-10-10 08:00:00,5.9025
2023-10-10 09:00:00,5.14125
2023-10-10 10:00:00,2.7975
2023-10-10 11:00:00,2.62
2023-10-10 12:00:00,2.1345833333333335
2023-10-10 13:00:00,19.374166666666667
2023-10-10 14:00:00,23.590833333333332
2023-10-10 15:00:00,15.393749999999999
2023-10-10 16:00:00,26.16541666666667
2023-10-10 17:00:00,27.9275
2023-10-10 18:00:00,12.677916666666667
2023-10-10 19:00:00,4.510416666666667
2023-10-10 20:00:00,5.022916666666666
2023-10-10 21:00:00,3.9829166666666667
2023-10-10 22:00:00,1.93875
2023-10-10 23:00:00,1.9874999999999998
2023-10-11 00:00:00,1.8712499999999999
2023-10-11 01:00:00,1.9020833333333333
2023-10-11 02:00:00,1.835
2023-10-11 03:00:00,1.97625
2023-10-11 04:00:00,1.6879166666666665
2023-10-11 05:00:00,1.6925
2023-10-11 06:00:00,1.8004166666666663
2023-10-11 07:00:00,1.8699999999999999
2023-10-11 08:00:00,1.7816666666666665
2023-10-11 09:00:00,23.463333333333335
2023-10-11 10:00:00,7.0754166666666665
2023-10-11 11:00:00,3.8633333333333333
2023-10-11 12:00:00,6.31375
2023-10-11 13:00:00,9.821666666666667
2023-10-11 14:00:00,31.359166666666667
2023-10-11 15:00:00,19.290833333333335
2023-10-11 16:00:00,4.834583333333334
2023-10-11 17:00:00,4.926666666666667
2023-10-11 18:00:00,4.94375
2023-10-11 19:00:00,5.064583333333333
2023-10-11 20:00:00,6.354583333333333
2023-10-11 21:00:00,2.3249999999999997
2023-10-11 22:00:00,2.283333333333333
2023-10-11 23:00:00,2.3729166666666663
2023-10-12 00:00:00,2.3904166666666664
2023-10-12 01:00:00,2.2925
2023-10-12 02:00:00,2.8229166666666665
2023-10-12 03:00:00,2.0425
2023-10-12 04:00:00,2.0279166666666666
2023-10-12 05:00:00,2.129583333333333
2023-10-12 06:00:00,2.09125
2023-10-12 07:00:00,2.087083333333333
2023-10-12 08:00:00,2.0404166666666668
2023-10-12 09:00:00,2.1366666666666667
2023-10-12 10:00:00,2.0237499999999997
2023-10-12 11:00:00,2.0704166666666666
2023-10-12 12:00:00,6.514583333333333
2023-10-12 13:00:00,35.28875
2023-10-12 14:00:00,82.12708333333333
2023-10-12 15:00:00,40.839166666666664
2023-10-12 16:00:00,5.659166666666667
2023-10-12 17:00:00,5.181666666666667
2023-10-12 18:00:00,5.2316666666666665
2023-10-12 19:00:00,5.244166666666667
2023-10-12 20:00:00,5.172083333333333
2023-10-12 21:00:00,5.011666666666667
2023-10-12 22:00:00,5.569166666666667
2023-10-12 23:00:00,4.539583333333334
2023-10-13 00:00:00,2.4337500000000003
2023-10-13 01:00:00,2.56375
2023-10-13 02:00:00,2.5120833333333334
2023-10-13 03:00:00,2.5366666666666666
2023-10-13 04:00:00,2.392916666666667
2023-10-13 05:00:00,2.435
2023-10-13 06:00:00,2.4229166666666666
2023-10-13 07:00:00,2.4716666666666667
2023-10-13 08:00:00,2.5225000000000004
2023-10-13 09:00:00,2.669166666666667
2023-10-13 10:00:00,2.3954166666666667
2023-10-13 11:00:00,2.1837500000000003
2023-10-13 12:00:00,1.8087499999999999
2023-10-13 13:00:00,11.590000000000002
2023-10-13 14:00:00,32.43416666666667
2023-10-13 15:00:00,5.394166666666667
2023-10-13 16:00:00,5.1312500000000005
2023-10-13 17:00:00,5.09375
2023-10-13 18:00:00,4.99625
2023-10-13 19:00:00,4.987916666666667
2023-10-13 20:00:00,4.87875
2023-10-13 21:00:00,4.87125
2023-10-13 22:00:00,4.279583333333334
2023-10-13 23:00:00,3.0925
2023-10-14 00:00:00,3.0866666666666664
2023-10-14 01:00:00,2.2841666666666667
2023-10-14 02:00:00,2.356666666666667
2023-10-14 03:00:00,2.3375
2023-10-14 04:00:00,2.319166666666667
2023-10-14 05:00:00,2.3537500000000002
2023-10-14 06:00:00,2.4620833333333336
2023-10-14 07:00:00,2.62875
2023-10-14 08:00:00,2.186666666666667
2023-10-14 09:00:00,2.2295833333333337
2023-10-14 10:00:00,2.095833333333333
2023-10-14 11:00:00,2.063333333333333
2023-10-14 12:00:00,14.777916666666668
2023-10-14 13:00:00,7.484166666666667
2023-10-14 14:00:00,3.3333333333333335
2023-10-14 15:00:00,3.0308333333333333
2023-10-14 16:00:00,3.2525
2023-10-14 17:00:00,3.2270833333333333
2023-10-14 18:00:00,3.1983333333333337
2023-10-14 19:00:00,3.1141666666666663
2023-10-14 20:00:00,3.1075
2023-10-14 21:00:00,3.22
2023-10-14 22:00:00,2.18125
2023-10-14 23:00:00,2.152083333333333
2023-10-15 00:00:00,2.07625
2023-10-15 01:00:00,1.8145833333333332
2023-10-15 02:00:00,2.11375
2023-10-15 03:00:00,0.5908333333333333
2023-10-15 04:00:00,0.505
2023-10-15 05:00:00,0.5287499999999999
2023-10-15 06:00:00,0.5183333333333333
2023-10-15 07:00:00,0.5225000000000001
2023-10-15 08:00:00,0.52
2023-10-15 09:00:00,0.515
2023-10-15 10:00:00,0.5241666666666667
2023-10-15 11:00:00,0.48333333333333334
2023-10-15 12:00:00,3.9437499999999996
2023-10-15 13:00:00,10.28125
2023-10-15 14:00:00,11.218333333333334
2023-10-15 15:00:00,14.092916666666667
2023-10-15 16:00:00,5.808333333333333
2023-10-15 17:00:00,3.3825000000000003
2023-10-15 18:00:00,3.237916666666667
2023-10-15 19:00:00,3.2449999999999997
2023-10-15 20:00:00,3.2937499999999997
2023-10-15 21:00:00,3.3033333333333332
2023-10-15 22:00:00,4.135833333333333
2023-10-15 23:00:00,2.1820833333333334
2023-10-16 00:00:00,1.8870833333333332
2023-10-16 01:00:00,2.0033333333333334
2023-10-16 02:00:00,2.0704166666666666
2023-10-16 03:00:00,2.080416666666667
2023-10-16 04:00:00,3.137916666666667
2023-10-16 05:00:00,36.27666666666667
2023-10-16 06:00:00,6.740000000000001
2023-10-16 07:00:00,4.493333333333333
2023-10-16 08:00:00,4.126666666666667
2023-10-16 09:00:00,19.33125
2023-10-16 10:00:00,11.727500000000001
2023-10-16 11:00:00,15.995416666666666
2023-10-16 12:00:00,39.76416666666667
2023-10-16 13:00:00,48.85875000000001
2023-10-16 14:00:00,20.400833333333335
2023-10-16 15:00:00,17.075833333333332
2023-10-16 16:00:00,4.750416666666667
2023-10-16 17:00:00,4.599166666666666
2023-10-16 18:00:00,4.602916666666666
2023-10-16 19:00:00,4.4437500000000005
2023-10-16 20:00:00,4.64625
2023-10-16 21:00:00,2.93875
2023-10-16 22:00:00,2.9345833333333338
2023-10-16 23:00:00,3.0395833333333333
2023-10-17 00:00:00,2.131666666666667
2023-10-17 01:00:00,2.3474999999999997
2023-10-17 02:00:00,2.5991666666666666
2023-10-17 03:00:00,2.259583333333333
2023-10-17 04:00:00,2.2458333333333336
2023-10-17 05:00:00,2.151666666666667
2023-10-17 06:00:00,2.120833333333333
2023-10-17 07:00:00,2.0016666666666665
2023-10-17 08:00:00,1.97875
2023-10-17 09:00:00,2.325833333333333
2023-10-17 10:00:00,2.33
2023-10-17 11:00:00,1.5120833333333332
2023-10-17 12:00:00,7.058749999999999
2023-10-17 13:00:00,21.7225
2023-10-17 14:00:00,35.02916666666667
2023-10-17 15:00:00,23.464166666666667
2023-10-17 16:00:00,5.454583333333333
2023-10-17 17:00:00,4.8012500000000005
2023-10-17 18:00:00,4.6883333333333335
2023-10-17 19:00:00,4.71875
2023-10-17 20:00:00,5.722083333333333
2023-10-17 21:00:00,14.99125
2023-10-17 22:00:00,2.48875
2023-10-17 23:00:00,2.48
2023-10-18 00:00:00,2.46875
2023-10-18 01:00:00,2.40875
2023-10-18 02:00:00,7.54625
2023-10-18 03:00:00,3.016666666666667
2023-10-18 04:00:00,2.04625
2023-10-18 05:00:00,1.9937500000000001
2023-10-18 06:00:00,1.9649999999999999
2023-10-18 07:00:00,1.9079166666666667
2023-10-18 08:00:00,1.8754166666666665
2023-10-18 09:00:00,1.8454166666666667
2023-10-18 10:00:00,1.8541666666666667
2023-10-18 11:00:00,9.807083333333333
2023-10-18 12:00:00,39.49166666666667
2023-10-18 13:00:00,56.2825
2023-10-18 14:00:00,44.637499999999996
2023-10-18 15:00:00,39.449999999999996
2023-10-18 16:00:00,13.623750000000001
2023-10-18 17:00:00,4.454583333333333
2023-10-18 18:00:00,4.5320833333333335
2023-10-18 19:00:00,4.7629166666666665
2023-10-18 20:00:00,4.88
2023-10-18 21:00:00,3.855
2023-10-18 22:00:00,2.78
2023-10-18 23:00:00,2.75125
2023-10-19 00:00:00,2.1133333333333333
2023-10-19 01:00:00,2.0816666666666666
2023-10-19 02:00:00,2.1316666666666664
2023-10-19 03:00:00,2.2891666666666666
2023-10-19 04:00:00,2.38
2023-10-19 05:00:00,3.6125000000000003
2023-10-19 06:00:00,11.176249999999998
2023-10-19 07:00:00,6.951666666666667
2023-10-19 08:00:00,3.6495833333333336
2023-10-19 09:00:00,3.6316666666666664
2023-10-19 10:00:00,3.7620833333333334
2023-10-19 11:00:00,2.7624999999999997
2023-10-19 12:00:00,2.6508333333333334
2023-10-19 13:00:00,2.5854166666666667
2023-10-19 14:00:00,3.452916666666667
2023-10-19 15:00:00,3.6641666666666666
2023-10-19 16:00:00,3.8404166666666666
2023-10-19 17:00:00,3.94875
2023-10-19 18:00:00,3.9525
2023-10-19 19:00:00,3.7170833333333335
2023-10-19 20:00:00,3.7575
2023-10-19 21:00:00,2.4875
2023-10-19 22:00:00,3.017916666666667
2023-10-19 23:00:00,2.954166666666667
2023-10-20 00:00:00,3.0241666666666664
2023-10-20 01:00:00,2.8000000000000003
2023-10-20 02:00:00,2.6625
2023-10-20 03:00:00,2.4370833333333333
2023-10-20 04:00:00,2.45375
2023-10-20 05:00:00,2.50875
2023-10-20 06:00:00,2.2904166666666668
2023-10-20 07:00:00,2.412916666666667
2023-10-20 08:00:00,10.41375
2023-10-20 09:00:00,3.3266666666666667
2023-10-20 10:00:00,1.1958333333333333
2023-10-20 11:00:00,1.3383333333333332
2023-10-20 12:00:00,1.5920833333333333
2023-10-20 13:00:00,1.5741666666666667
2023-10-20 14:00:00,1.64625
2023-10-20 15:00:00,1.39125
2023-10-20 16:00:00,1.4016666666666666
2023-10-20 17:00:00,1.7454166666666666
2023-10-20 18:00:00,1.6145833333333333
2023-10-20 19:00:00,2.08375
2023-10-20 20:00:00,2.0825
2023-10-20 21:00:00,2.0325
2023-10-20 22:00:00,1.865
2023-10-20 23:00:00,1.7466666666666668
2023-10-21 00:00:00,1.6670833333333333
2023-10-21 01:00:00,1.580416666666667
2023-10-21 02:00:00,1.6079166666666664
2023-10-21 03:00:00,1.6341666666666665
2023-10-21 04:00:00,1.6970833333333335
2023-10-21 05:00:00,1.8558333333333332
2023-10-21 06:00:00,1.7658333333333334
2023-10-21 07:00:00,1.8637500000000002
2023-10-21 08:00:00,2.025
2023-10-21 09:00:00,2.0116666666666667
2023-10-21 10:00:00,1.9054166666666665
2023-10-21 11:00:00,1.4825
2023-10-21 12:00:00,1.5795833333333331
2023-10-21 13:00:00,6.53125
2023-10-21 14:00:00,3.9725
2023-10-21 15:00:00,2.63
2023-10-21 16:00:00,2.6425
2023-10-21 17:00:00,3.1133333333333333
2023-10-21 18:00:00,2.8874999999999997
2023-10-21 19:00:00,2.872916666666667
2023-10-21 20:00:00,3.0366666666666666
2023-10-21 21:00:00,4.302083333333333
2023-10-21 22:00:00,2.404583333333333
2023-10-21 23:00:00,2.38625
2023-10-22 00:00:00,2.40875
2023-10-22 01:00:00,1.5491666666666666
2023-10-22 02:00:00,1.3304166666666666
2023-10-22 03:00:00,0.7287500000000001
2023-10-22 04:00:00,0.6691666666666666
2023-10-22 05:00:00,0.66
2023-10-22 06:00:00,0.5775
2023-10-22 07:00:00,0.5145833333333333
2023-10-22 08:00:00,0.24749999999999997
2023-10-22 09:00:00,0.36375
2023-10-22 10:00:00,0.6104166666666667
2023-10-22 11:00:00,1.8491666666666668
2023-10-22 12:00:00,6.77
2023-10-22 13:00:00,9.429583333333333
2023-10-22 14:00:00,9.78375
2023-10-22 15:00:00,26.780416666666667
2023-10-22 16:00:00,3.3266666666666667
2023-10-22 17:00:00,4.320416666666667
2023-10-22 18:00:00,4.210416666666666
2023-10-22 19:00:00,4.57625
2023-10-22 20:00:00,3.6004166666666664
2023-10-22 21:00:00,2.160416666666667
2023-10-22 22:00:00,2.2608333333333333
2023-10-22 23:00:00,2.2866666666666666
2023-10-23 00:00:00,2.250833333333333
2023-10-23 01:00:00,2.337083333333333
2023-10-23 02:00:00,2.385
2023-10-23 03:00:00,2.415833333333333
2023-10-23 04:00:00,2.5866666666666664
2023-10-23 05:00:00,18.331666666666667
2023-10-23 06:00:00,3.904583333333333
2023-10-23 07:00:00,3.575416666666667
2023-10-23 08:00:00,3.372083333333333
2023-10-23 09:00:00,11.759166666666667
2023-10-23 10:00:00,14.766666666666666
2023-10-23 11:00:00,14.349583333333333
2023-10-23 12:00:00,28.35291666666667
2023-10-23 13:00:00,32.17791666666667
2023-10-23 14:00:00,33.43125
2023-10-23 15:00:00,36.30458333333333
2023-10-23 16:00:00,24.965
2023-10-23 17:00:00,5.460416666666667
2023-10-23 18:00:00,4.273333333333333
2023-10-23 19:00:00,4.04375
2023-10-23 20:00:00,3.6500000000000004
2023-10-23 21:00:00,3.405
2023-10-23 22:00:00,4.36125
2023-10-23 23:00:00,3.590833333333333
2023-10-24 00:00:00,2.3841666666666668
2023-10-24 01:00:00,2.2762499999999997
2023-10-24 02:00:00,2.2383333333333333
2023-10-24 03:00:00,2.2133333333333334
2023-10-24 04:00:00,2.1416666666666666
2023-10-24 05:00:00,7.876666666666666
2023-10-24 06:00:00,3.641666666666667
2023-10-24 07:00:00,3.4575
2023-10-24 08:00:00,3.39125
2023-10-24 09:00:00,3.154166666666667
2023-10-24 10:00:00,2.9429166666666666
2023-10-24 11:00:00,2.5595833333333333
2023-10-24 12:00:00,1.61
2023-10-24 13:00:00,10.469583333333334
2023-10-24 14:00:00,18.365
2023-10-24 15:00:00,4.905833333333333
2023-10-24 16:00:00,4.332083333333333
2023-10-24 17:00:00,4.468333333333334
2023-10-24 18:00:00,4.40125
2023-10-24 19:00:00,4.4470833333333335
2023-10-24 20:00:00,4.489166666666667
2023-10-24 21:00:00,5.097083333333333
2023-10-24 22:00:00,2.439583333333333
2023-10-24 23:00:00,2.3595833333333336
2023-10-25 00:00:00,2.265416666666667
2023-10-25 01:00:00,2.7729166666666667
2023-10-25 02:00:00,2.1579166666666665
2023-10-25 03:00:00,1.98375
2023-10-25 04:00:00,1.9870833333333333
2023-10-25 05:00:00,5.591666666666668
2023-10-25 06:00:00,25.349166666666665
2023-10-25 07:00:00,4.300833333333333
2023-10-25 08:00:00,3.90875
2023-10-25 09:00:00,3.877083333333333
2023-10-25 10:00:00,4.651666666666666
2023-10-25 11:00:00,10.597916666666666
2023-10-25 12:00:00,25.293333333333333
2023-10-25 13:00:00,29.925833333333333
2023-10-25 14:00:00,49.135416666666664
2023-10-25 15:00:00,26.96541666666667
2023-10-25 16:00:00,14.225416666666668
2023-10-25 17:00:00,4.380833333333333
2023-10-25 18:00:00,4.255416666666666
2023-10-25 19:00:00,4.30375
2023-10-25 20:00:00,5.150833333333334
2023-10-25 21:00:00,2.7770833333333336
2023-10-25 22:00:00,2.2970833333333336
2023-10-25 23:00:00,2.2891666666666666
2023-10-26 00:00:00,2.2670833333333333
2023-10-26 01:00:00,2.2520833333333337
2023-10-26 02:00:00,2.32625
2023-10-26 03:00:00,2.26625
2023-10-26 04:00:00,2.2875
2023-10-26 05:00:00,16.99041666666667
2023-10-26 06:00:00,16.84958333333333
2023-10-26 07:00:00,4.310416666666667
2023-10-26 08:00:00,4.1450000000000005
2023-10-26 09:00:00,4.935416666666667
2023-10-26 10:00:00,3.723333333333333
2023-10-26 11:00:00,3.3195833333333336
2023-10-26 12:00:00,3.44125
2023-10-26 13:00:00,5.163333333333333
2023-10-26 14:00:00,4.841666666666667
2023-10-26 15:00:00,4.800833333333333
2023-10-26 16:00:00,4.094166666666666
2023-10-26 17:00:00,3.9875000000000003
2023-10-26 18:00:00,4.15875
2023-10-26 19:00:00,4.122083333333333
2023-10-26 20:00:00,4.435833333333333
2023-10-26 21:00:00,3.202916666666667
2023-10-26 22:00:00,3.2137499999999997
2023-10-26 23:00:00,3.1312499999999996
2023-10-27 00:00:00,3.4295833333333334
2023-10-27 01:00:00,2.20375
2023-10-27 02:00:00,2.24875
2023-10-27 03:00:00,2.2170833333333335
2023-10-27 04:00:00,2.1704166666666667
2023-10-27 05:00:00,2.4266666666666667
2023-10-27 06:00:00,20.943749999999998
2023-10-27 07:00:00,4.6225
2023-10-27 08:00:00,4.680416666666667
2023-10-27 09:00:00,4.232916666666667
2023-10-27 10:00:00,5.107916666666667
2023-10-27 11:00:00,2.348333333333333
2023-10-27 12:00:00,1.89
2023-10-27 13:00:00,11.734166666666667
2023-10-27 14:00:00,10.46625
2023-10-27 15:00:00,4.37625
2023-10-27 16:00:00,3.969583333333333
2023-10-27 17:00:00,3.91625
2023-10-27 18:00:00,4.006666666666667
2023-10-27 19:00:00,3.91375
2023-10-27 20:00:00,3.8825
2023-10-27 21:00:00,4.22375
2023-10-27 22:00:00,2.93625
2023-10-27 23:00:00,3.2550000000000003
2023-10-28 00:00:00,2.0970833333333334
2023-10-28 01:00:00,2.1658333333333335
2023-10-28 02:00:00,2.0716666666666668
2023-10-28 03:00:00,2.0629166666666667
2023-10-28 04:00:00,2.1175
2023-10-28 05:00:00,2.1125000000000003
2023-10-28 06:00:00,2.1079166666666667
2023-10-28 07:00:00,2.1016666666666666
2023-10-28 08:00:00,2.2929166666666667
2023-10-28 09:00:00,3.0566666666666666
2023-10-28 10:00:00,2.8841666666666668
2023-10-28 11:00:00,1.5887499999999999
2023-10-28 12:00:00,1.6354166666666667
2023-10-28 13:00:00,1.52375
2023-10-28 14:00:00,4.8637500000000005
2023-10-28 15:00:00,22.319583333333338
2023-10-28 16:00:00,11.063749999999999
2023-10-28 17:00:00,3.8854166666666665
2023-10-28 18:00:00,3.8554166666666667
2023-10-28 19:00:00,3.8679166666666664
2023-10-28 20:00:00,3.7495833333333333
2023-10-28 21:00:00,2.924166666666667
2023-10-28 22:00:00,2.768333333333333
2023-10-28 23:00:00,2.9304166666666664
2023-10-29 00:00:00,3.0862499999999997
2023-10-29 01:00:00,1.9487500000000002
2023-10-29 02:00:00,1.9054166666666665
2023-10-29 03:00:00,1.8008333333333333
2023-10-29 04:00:00,1.8766666666666667
2023-10-29 05:00:00,1.8433333333333335
2023-10-29 06:00:00,1.9066666666666665
2023-10-29 07:00:00,1.9179166666666665
2023-10-29 08:00:00,1.9266666666666667
2023-10-29 09:00:00,1.835
2023-10-29 10:00:00,1.6529166666666668
2023-10-29 11:00:00,1.6858333333333333
2023-10-29 12:00:00,1.8845833333333333
2023-10-29 13:00:00,1.7829166666666667
2023-10-29 14:00:00,4.05625
2023-10-29 15:00:00,21.365
2023-10-29 16:00:00,4.13875
2023-10-29 17:00:00,3.95875
2023-10-29 18:00:00,4.06125
2023-10-29 19:00:00,3.614166666666667
2023-10-29 20:00:00,3.5608333333333335
2023-10-29 21:00:00,3.7175
2023-10-29 22:00:00,5.691666666666666
2023-10-29 23:00:00,2.935
2023-10-30 00:00:00,1.86
2023-10-30 01:00:00,1.8725000000000003
2023-10-30 02:00:00,1.8841666666666665
2023-10-30 03:00:00,1.8445833333333332
2023-10-30 04:00:00,1.9033333333333335
2023-10-30 05:00:00,19.8625
2023-10-30 06:00:00,14.547083333333333
2023-10-30 07:00:00,4.285
2023-10-30 08:00:00,3.9408333333333334
2023-10-30 09:00:00,17.758333333333333
2023-10-30 10:00:00,19.102500000000003
2023-10-30 11:00:00,33.04
2023-10-30 12:00:00,34.516666666666666
2023-10-30 13:00:00,53.052083333333336
2023-10-30 14:00:00,16.9275
2023-10-30 15:00:00,16.761666666666667
2023-10-30 16:00:00,5.975833333333333
2023-10-30 17:00:00,4.379166666666666
2023-10-30 18:00:00,4.2316666666666665
2023-10-30 19:00:00,3.9116666666666666
2023-10-30 20:00:00,4.756666666666667
2023-10-30 21:00:00,2.7879166666666664
2023-10-30 22:00:00,2.245416666666667
2023-10-30 23:00:00,2.3366666666666664
2023-10-31 00:00:00,2.2525
2023-10-31 01:00:00,2.8058333333333336
2023-10-31 02:00:00,3.455833333333333
2023-10-31 03:00:00,2.5416666666666665
2023-10-31 04:00:00,10.698333333333332
2023-10-31 05:00:00,28.505
2023-10-31 06:00:00,4.755416666666666
2023-10-31 07:00:00,4.50875
2023-10-31 08:00:00,4.26
2023-10-31 09:00:00,4.19
2023-10-31 10:00:00,7.339166666666666
2023-10-31 11:00:00,5.315833333333333
2023-10-31 12:00:00,22.827083333333334
2023-10-31 13:00:00,35.22708333333333
2023-10-31 14:00:00,26.403750000000002
2023-10-31 15:00:00,4.695416666666667
2023-10-31 16:00:00,4.3950000000000005
2023-10-31 17:00:00,4.2250000000000005
2023-10-31 18:00:00,4.257083333333333
2023-10-31 19:00:00,4.24
2023-10-31 20:00:00,6.182916666666666
2023-10-31 21:00:00,2.4325
2023-10-31 22:00:00,2.513333333333333
2023-10-31 23:00:00,2.5283333333333333
2023-11-01 00:00:00,2.401666666666667
2023-11-01 01:00:00,2.3841666666666668
2023-11-01 02:00:00,2.34125
2023-11-01 03:00:00,2.27
2023-11-01 04:00:00,2.3525
2023-11-01 05:00:00,2.302916666666667
2023-11-01 06:00:00,2.1925
2023-11-01 07:00:00,2.019166666666667
2023-11-01 08:00:00,2.1275
2023-11-01 09:00:00,2.4408333333333334
2023-11-01 10:00:00,2.1175
2023-11-01 11:00:00,1.995
2023-11-01 12:00:00,2.361666666666667
2023-11-01 13:00:00,9.130416666666667
2023-11-01 14:00:00,27.628749999999997
2023-11-01 15:00:00,4.369583333333334
2023-11-01 16:00:00,4.130416666666666
2023-11-01 17:00:00,4.1554166666666665
2023-11-01 18:00:00,3.8979166666666667
2023-11-01 19:00:00,4.969166666666667
2023-11-01 20:00:00,2.4779166666666668
2023-11-01 21:00:00,1.9883333333333333
2023-11-01 22:00:00,2.1633333333333336
2023-11-01 23:00:00,2.1437500000000003
2023-11-02 00:00:00,2.2345833333333336
2023-11-02 01:00:00,1.9716666666666667
2023-11-02 02:00:00,2.16
2023-11-02 03:00:00,2.0433333333333334
2023-11-02 04:00:00,2.2075
2023-11-02 05:00:00,6.030833333333334
2023-11-02 06:00:00,8.0475
2023-11-02 07:00:00,3.0620833333333333
2023-11-02 08:00:00,3.013333333333333
2023-11-02 09:00:00,2.955416666666667
2023-11-02 10:00:00,2.25375
2023-11-02 11:00:00,2.0812500000000003
2023-11-02 12:00:00,1.9716666666666667
2023-11-02 13:00:00,2.42375
2023-11-02 14:00:00,21.22625
2023-11-02 15:00:00,4.345
2023-11-02 16:00:00,4.059583333333333
2023-11-02 17:00:00,4.119166666666667
2023-11-02 18:00:00,14.921666666666667
2023-11-02 19:00:00,16.747916666666665
2023-11-02 20:00:00,13.772083333333335
2023-11-02 21:00:00,4.454166666666667
2023-11-02 22:00:00,1.9941666666666666
2023-11-02 23:00:00,1.9216666666666669
2023-11-03 00:00:00,2.48625
2023-11-03 01:00:00,2.1991666666666667
2023-11-03 02:00:00,2.0991666666666666
2023-11-03 03:00:00,2.2112499999999997
2023-11-03 04:00:00,2.0212499999999998
2023-11-03 05:00:00,2.0708333333333333
2023-11-03 06:00:00,20.7
2023-11-03 07:00:00,4.9558333333333335
2023-11-03 08:00:00,5.2075000000000005
2023-11-03 09:00:00,3.6750000000000003
2023-11-03 10:00:00,3.31375
2023-11-03 11:00:00,2.857083333333333
2023-11-03 12:00:00,2.4858333333333333
2023-11-03 13:00:00,13.904166666666667
2023-11-03 14:00:00,6.673749999999999
2023-11-03 15:00:00,4.601666666666667
2023-11-03 16:00:00,4.400416666666667
2023-11-03 17:00:00,4.155
2023-11-03 18:00:00,4.12875
2023-11-03 19:00:00,4.34625
2023-11-03 20:00:00,4.960416666666666
2023-11-03 21:00:00,2.410833333333333
2023-11-03 22:00:00,2.18125
2023-11-03 23:00:00,2.19
2023-11-04 00:00:00,2.15625
2023-11-04 01:00:00,2.1783333333333332
2023-11-04 02:00:00,2.1083333333333334
2023-11-04 03:00:00,1.8370833333333334
2023-11-04 04:00:00,2.0283333333333333
2023-11-04 05:00:00,1.9558333333333333
2023-11-04 06:00:00,1.9354166666666666
2023-11-04 07:00:00,1.7891666666666666
2023-11-04 08:00:00,1.9720833333333332
2023-11-04 09:00:00,1.8491666666666668
2023-11-04 10:00:00,1.7125000000000001
2023-11-04 11:00:00,1.8066666666666666
2023-11-04 12:00:00,1.72
2023-11-04 13:00:00,1.8083333333333333
2023-11-04 14:00:00,2.20625
2023-11-04 15:00:00,2.089166666666667
2023-11-04 16:00:00,2.0941666666666667
2023-11-04 17:00:00,2.002083333333333
2023-11-04 18:00:00,1.8529166666666665
2023-11-04 19:00:00,1.8958333333333333
2023-11-04 20:00:00,1.8316666666666668
2023-11-04 21:00:00,1.8870833333333332
2023-11-04 22:00:00,1.6979166666666667
2023-11-04 23:00:00,1.6995833333333332
2023-11-05 00:00:00,1.6762500000000002
2023-11-05 01:00:00,1.70875
2023-11-05 02:00:00,2.061666666666667
2023-11-05 03:00:00,2.04
2023-11-05 04:00:00,2.1220833333333333
2023-11-05 05:00:00,2.1841666666666666
2023-11-05 06:00:00,2.1279166666666667
2023-11-05 07:00:00,2.1725
2023-11-05 08:00:00,2.2495833333333333
2023-11-05 09:00:00,2.09625
2023-11-05 10:00:00,1.7895833333333335
2023-11-05 11:00:00,1.6195833333333332
2023-11-05 12:00:00,1.67875
2023-11-05 13:00:00,2.05375
2023-11-05 14:00:00,2.2933333333333334
2023-11-05 15:00:00,2.3629166666666666
2023-11-05 16:00:00,2.345
2023-11-05 17:00:00,2.3475
2023-11-05 18:00:00,2.32625
2023-11-05 19:00:00,2.2708333333333335
2023-11-05 20:00:00,2.2433333333333336
2023-11-05 21:00:00,2.16875
2023-11-05 22:00:00,2.3000000000000003
2023-11-05 23:00:00,2.405
2023-11-06 00:00:00,2.2129166666666666
2023-11-06 01:00:00,2.2041666666666666
2023-11-06 02:00:00,2.2720833333333332
2023-11-06 03:00:00,2.2445833333333334
2023-11-06 04:00:00,2.3283333333333336
2023-11-06 05:00:00,10.690833333333332
2023-11-06 06:00:00,11.689166666666667
2023-11-06 07:00:00,6.5058333333333325
2023-11-06 08:00:00,3.2404166666666665
2023-11-06 09:00:00,3.3958333333333335
2023-11-06 10:00:00,3.652083333333333
2023-11-06 11:00:00,3.74
2023-11-06 12:00:00,3.5262500000000006
2023-11-06 13:00:00,2.9258333333333333
2023-11-06 14:00:00,2.844583333333333
2023-11-06 15:00:00,3.28875
2023-11-06 16:00:00,3.3820833333333336
2023-11-06 17:00:00,2.56375
2023-11-06 18:00:00,2.8987499999999997
2023-11-06 19:00:00,2.665
2023-11-06 20:00:00,2.7875
2023-11-06 21:00:00,2.747083333333333
2023-11-06 22:00:00,2.2129166666666666
2023-11-06 23:00:00,7.652916666666667
2023-11-07 00:00:00,2.0433333333333334
2023-11-07 01:00:00,2.0866666666666664
2023-11-07 02:00:00,1.9154166666666665
2023-11-07 03:00:00,2.03625
2023-11-07 04:00:00,2.0995833333333334
2023-11-07 05:00:00,2.0658333333333334
2023-11-07 06:00:00,1.98375
2023-11-07 07:00:00,2.1133333333333333
2023-11-07 08:00:00,2.1525000000000003
2023-11-07 09:00:00,1.9975000000000003
2023-11-07 10:00:00,2.0004166666666667
2023-11-07 11:00:00,1.8104166666666668
2023-11-07 12:00:00,17.62875
2023-11-07 13:00:00,25.25916666666667
2023-11-07 14:00:00,6.1691666666666665
2023-11-07 15:00:00,5.14625
2023-11-07 16:00:00,4.197916666666667
2023-11-07 17:00:00,4.354166666666667
2023-11-07 18:00:00,4.257083333333333
2023-11-07 19:00:00,7.4316666666666675
2023-11-07 20:00:00,1.9525
2023-11-07 21:00:00,1.9729166666666667
2023-11-07 22:00:00,2.1095833333333336
2023-11-07 23:00:00,2.0529166666666665
2023-11-08 00:00:00,2.0316666666666667
2023-11-08 01:00:00,2.1108333333333333
2023-11-08 02:00:00,2.1325
2023-11-08 03:00:00,2.13
2023-11-08 04:00:00,2.112083333333333
2023-11-08 05:00:00,2.040833333333333
2023-11-08 06:00:00,1.9487499999999998
2023-11-08 07:00:00,2.0375
2023-11-08 08:00:00,1.98625
2023-11-08 09:00:00,1.9295833333333334
2023-11-08 10:00:00,1.9454166666666666
2023-11-08 11:00:00,1.8625
2023-11-08 12:00:00,10.513333333333334
2023-11-08 13:00:00,10.97875
2023-11-08 14:00:00,3.1733333333333333
2023-11-08 15:00:00,3.18125
2023-11-08 16:00:00,3.1820833333333334
2023-11-08 17:00:00,3.1145833333333335
2023-11-08 18:00:00,8.360833333333334
2023-11-08 19:00:00,5.27875
2023-11-08 20:00:00,3.0841666666666665
2023-11-08 21:00:00,3.1162500000000004
2023-11-08 22:00:00,8.10625
2023-11-08 23:00:00,2.1341666666666668
2023-11-09 00:00:00,2.1866666666666665
2023-11-09 01:00:00,2.0900000000000003
2023-11-09 02:00:00,2.15375
2023-11-09 03:00:00,2.09
2023-11-09 04:00:00,2.1816666666666666
2023-11-09 05:00:00,2.069583333333333
2023-11-09 06:00:00,2.1858333333333335
2023-11-09 07:00:00,7.4054166666666665
2023-11-09 08:00:00,17.285833333333333
2023-11-09 09:00:00,10.068333333333333
2023-11-09 10:00:00,2.5908333333333333
2023-11-09 11:00:00,2.4274999999999998
2023-11-09 12:00:00,3.3533333333333335
2023-11-09 13:00:00,3.8866666666666667
2023-11-09 14:00:00,4.597083333333333
2023-11-09 15:00:00,4.642499999999999
2023-11-09 16:00:00,7.1575
2023-11-09 17:00:00,7.025833333333334
2023-11-09 18:00:00,4.881666666666667
2023-11-09 19:00:00,5.423333333333333
2023-11-09 20:00:00,3.4445833333333336
2023-11-09 21:00:00,2.48875
2023-11-09 22:00:00,1.9591666666666665
2023-11-09 23:00:00,1.9508333333333334
2023-11-10 00:00:00,2.0554166666666664
2023-11-10 01:00:00,1.9458333333333335
2023-11-10 02:00:00,1.9658333333333335
2023-11-10 03:00:00,1.8854166666666667
2023-11-10 04:00:00,1.8983333333333332
2023-11-10 05:00:00,16.72125
2023-11-10 06:00:00,15.709583333333333
2023-11-10 07:00:00,27.35208333333333
2023-11-10 08:00:00,24.583333333333332
2023-11-10 09:00:00,3.2954166666666667
2023-11-10 10:00:00,8.199166666666667
2023-11-10 11:00:00,2.7624999999999997
2023-11-10 12:00:00,2.7412500000000004
2023-11-10 13:00:00,37.70916666666667
2023-11-10 14:00:00,12.473333333333334
2023-11-10 15:00:00,6.027916666666666
2023-11-10 16:00:00,3.985416666666667
2023-11-10 17:00:00,3.8825000000000003
2023-11-10 18:00:00,4.7404166666666665
2023-11-10 19:00:00,3.0454166666666667
2023-11-10 20:00:00,4.577083333333333
2023-11-10 21:00:00,2.3208333333333333
2023-11-10 22:00:00,2.243333333333333
2023-11-10 23:00:00,2.3491666666666666
2023-11-11 00:00:00,2.3441666666666667
2023-11-11 01:00:00,2.3408333333333333
2023-11-11 02:00:00,2.3245833333333334
2023-11-11 03:00:00,2.3520833333333333
2023-11-11 04:00:00,2.1333333333333333
2023-11-11 05:00:00,2.080416666666667
2023-11-11 06:00:00,2.3225000000000002
2023-11-11 07:00:00,2.1925
2023-11-11 08:00:00,1.64375
2023-11-11 09:00:00,1.5641666666666667
2023-11-11 10:00:00,1.7458333333333333
2023-11-11 11:00:00,2.25125
2023-11-11 12:00:00,1.914583333333333
2023-11-11 13:00:00,1.9225
2023-11-11 14:00:00,1.905833333333333
2023-11-11 15:00:00,2.0554166666666664
2023-11-11 16:00:00,2.2399999999999998
2023-11-11 17:00:00,2.3545833333333333
2023-11-11 18:00:00,2.2325000000000004
2023-11-11 19:00:00,2.3020833333333335
2023-11-11 20:00:00,2.2216666666666667
2023-11-11 21:00:00,2.3466666666666667
2023-11-11 22:00:00,2.379166666666667
2023-11-11 23:00:00,2.5900000000000003
2023-11-12 00:00:00,2.558333333333333
2023-11-12 01:00:00,2.3825
2023-11-12 02:00:00,2.0433333333333334
2023-11-12 03:00:00,1.8870833333333332
2023-11-12 04:00:00,1.9895833333333333
2023-11-12 05:00:00,2.0091666666666668
2023-11-12 06:00:00,2.0708333333333333
2023-11-12 07:00:00,2.04
2023-11-12 08:00:00,1.6158333333333335
2023-11-12 09:00:00,38.157500000000006
2023-11-12 10:00:00,10.834166666666667
2023-11-12 11:00:00,2.5783333333333336
2023-11-12 12:00:00,1.0445833333333334
2023-11-12 13:00:00,1.19125
2023-11-12 14:00:00,12.86125
2023-11-12 15:00:00,32.964166666666664
2023-11-12 16:00:00,4.870416666666666
2023-11-12 17:00:00,1.7770833333333333
2023-11-12 18:00:00,1.8254166666666667
2023-11-12 19:00:00,1.6433333333333335
2023-11-12 20:00:00,1.7170833333333333
2023-11-12 21:00:00,1.6866666666666668
2023-11-12 22:00:00,1.6933333333333334
2023-11-12 23:00:00,1.6804166666666667
2023-11-13 00:00:00,1.9229166666666666
2023-11-13 01:00:00,1.8904166666666669
2023-11-13 02:00:00,1.83875
2023-11-13 03:00:00,1.7599999999999998
2023-11-13 04:00:00,1.7958333333333334
2023-11-13 05:00:00,1.79625
2023-11-13 06:00:00,1.7625000000000002
2023-11-13 07:00:00,1.7525000000000002
2023-11-13 08:00:00,2.0408333333333335
2023-11-13 09:00:00,2.1754166666666666
2023-11-13 10:00:00,2.17125
2023-11-13 11:00:00,5.8808333333333325
2023-11-13 12:00:00,24.512083333333333
2023-11-13 13:00:00,21.6975
2023-11-13 14:00:00,17.085
2023-11-13 15:00:00,7.84625
2023-11-13 16:00:00,3.6612500000000003
2023-11-13 17:00:00,3.268333333333333
2023-11-13 18:00:00,3.2475
2023-11-13 19:00:00,3.578333333333333
2023-11-13 20:00:00,9.424166666666666
2023-11-13 21:00:00,2.0058333333333334
2023-11-13 22:00:00,1.9004166666666666
2023-11-13 23:00:00,1.8033333333333335
2023-11-14 00:00:00,1.8062500000000001
2023-11-14 01:00:00,1.8766666666666667
2023-11-14 02:00:00,1.8324999999999998
2023-11-14 03:00:00,1.8366666666666667
2023-11-14 04:00:00,1.9154166666666665
2023-11-14 05:00:00,15.862916666666665
2023-11-14 06:00:00,3.3175000000000003
2023-11-14 07:00:00,2.842916666666667
2023-11-14 08:00:00,2.89
2023-11-14 09:00:00,6.289583333333334
2023-11-14 10:00:00,1.9433333333333334
2023-11-14 11:00:00,6.637083333333334
2023-11-14 12:00:00,22.892500000000002
2023-11-14 13:00:00,13.282083333333333
2023-11-14 14:00:00,4.4925
2023-11-14 15:00:00,4.78875
2023-11-14 16:00:00,4.260833333333333
2023-11-14 17:00:00,4.291666666666667
2023-11-14 18:00:00,4.195833333333334
2023-11-14 19:00:00,8.145833333333334
2023-11-14 20:00:00,5.484166666666667
2023-11-14 21:00:00,1.79125
2023-11-14 22:00:00,1.8479166666666664
2023-11-14 23:00:00,1.8379166666666666
2023-11-15 00:00:00,1.9204166666666669
2023-11-15 01:00:00,1.9570833333333333
2023-11-15 02:00:00,1.9945833333333332
2023-11-15 03:00:00,1.9545833333333336
2023-11-15 04:00:00,1.9445833333333333
2023-11-15 05:00:00,19.482083333333332
2023-11-15 06:00:00,23.187083333333334
2023-11-15 07:00:00,4.266666666666667
2023-11-15 08:00:00,4.128333333333333
2023-11-15 09:00:00,7.399583333333333
2023-11-15 10:00:00,10.956666666666665
2023-11-15 11:00:00,1.8504166666666666
2023-11-15 12:00:00,1.8845833333333333
2023-11-15 13:00:00,10.354999999999999
2023-11-15 14:00:00,33.38875
2023-11-15 15:00:00,19.942083333333333
2023-11-15 16:00:00,20.199583333333333
2023-11-15 17:00:00,7.582083333333333
2023-11-15 18:00:00,5.292083333333333
2023-11-15 19:00:00,6.114166666666667
2023-11-15 20:00:00,2.2600000000000002
2023-11-15 21:00:00,2.2733333333333334
2023-11-15 22:00:00,2.2666666666666666
2023-11-15 23:00:00,2.294166666666667
2023-11-16 00:00:00,2.325416666666667
2023-11-16 01:00:00,2.21875
2023-11-16 02:00:00,2.24625
2023-11-16 03:00:00,2.34625
2023-11-16 04:00:00,2.2591666666666668
2023-11-16 05:00:00,18.861250000000002
2023-11-16 06:00:00,22.10625
2023-11-16 07:00:00,5.22625
2023-11-16 08:00:00,4.4025
2023-11-16 09:00:00,4.390416666666667
2023-11-16 10:00:00,34.60874999999999
2023-11-16 11:00:00,11.90625
2023-11-16 12:00:00,9.759583333333333
2023-11-16 13:00:00,11.840000000000002
2023-11-16 14:00:00,13.960833333333333
2023-11-16 15:00:00,12.628333333333332
2023-11-16 16:00:00,7.2870833333333325
2023-11-16 17:00:00,3.93875
2023-11-16 18:00:00,3.9433333333333334
2023-11-16 19:00:00,4.597916666666666
2023-11-16 20:00:00,3.8125
2023-11-16 21:00:00,2.31875
2023-11-16 22:00:00,2.5533333333333332
2023-11-16 23:00:00,2.3379166666666666
2023-11-17 00:00:00,2.1625
2023-11-17 01:00:00,1.98625
2023-11-17 02:00:00,2.19875
2023-11-17 03:00:00,2.2720833333333332
2023-11-17 04:00:00,2.1995833333333334
2023-11-17 05:00:00,10.65625
2023-11-17 06:00:00,28.023750000000003
2023-11-17 07:00:00,5.33875
2023-11-17 08:00:00,4.489583333333333
2023-11-17 09:00:00,4.5424999999999995
2023-11-17 10:00:00,6.18375
2023-11-17 11:00:00,2.2608333333333337
2023-11-17 12:00:00,4.824583333333333
2023-11-17 13:00:00,31.444166666666664
2023-11-17 14:00:00,5.770833333333333
2023-11-17 15:00:00,5.363333333333333
2023-11-17 16:00:00,5.057083333333334
2023-11-17 17:00:00,7.326250000000001
2023-11-17 18:00:00,3.2675
2023-11-17 19:00:00,3.4433333333333334
2023-11-17 20:00:00,2.9637499999999997
2023-11-17 21:00:00,2.9545833333333333
2023-11-17 22:00:00,3.0016666666666665
2023-11-17 23:00:00,3.095833333333333
2023-11-18 00:00:00,3.25375
2023-11-18 01:00:00,3.292083333333333
2023-11-18 02:00:00,3.5833333333333335
2023-11-18 03:00:00,3.3175000000000003
2023-11-18 04:00:00,2.3291666666666666
2023-11-18 05:00:00,2.2654166666666664
2023-11-18 06:00:00,1.9574999999999998
2023-11-18 07:00:00,2.1791666666666667
2023-11-18 08:00:00,2.58
2023-11-18 09:00:00,2.1441666666666666
2023-11-18 10:00:00,2.355
2023-11-18 11:00:00,2.24375
2023-11-18 12:00:00,2.4541666666666666
2023-11-18 13:00:00,2.580833333333333
2023-11-18 14:00:00,2.3766666666666665
2023-11-18 15:00:00,2.4916666666666667
2023-11-18 16:00:00,2.21125
2023-11-18 17:00:00,2.3024999999999998
2023-11-18 18:00:00,2.44875
2023-11-18 19:00:00,2.145
2023-11-18 20:00:00,1.6970833333333335
2023-11-18 21:00:00,1.7712500000000002
2023-11-18 22:00:00,1.8591666666666666
2023-11-18 23:00:00,1.904583333333333
2023-11-19 00:00:00,1.94625
2023-11-19 01:00:00,1.9475
2023-11-19 02:00:00,1.8991666666666667
2023-11-19 03:00:00,1.915
2023-11-19 04:00:00,2.1504166666666666
2023-11-19 05:00:00,2.0908333333333333
2023-11-19 06:00:00,2.217916666666667
2023-11-19 07:00:00,2.0904166666666666
2023-11-19 08:00:00,1.8758333333333332
2023-11-19 09:00:00,3.9466666666666668
2023-11-19 10:00:00,2.53375
2023-11-19 11:00:00,2.3816666666666664
2023-11-19 12:00:00,1.9712500000000002
2023-11-19 13:00:00,2.055833333333333
2023-11-19 14:00:00,2.060416666666667
2023-11-19 15:00:00,2.2725
2023-11-19 16:00:00,2.2408333333333332
2023-11-19 17:00:00,2.084166666666667
2023-11-19 18:00:00,2.1458333333333335
2023-11-19 19:00:00,2.5508333333333333
2023-11-19 20:00:00,2.391666666666667
2023-11-19 21:00:00,2.4741666666666666
2023-11-19 22:00:00,2.48875
2023-11-19 23:00:00,2.5620833333333333
2023-11-20 00:00:00,2.3504166666666664
2023-11-20 01:00:00,2.0516666666666667
2023-11-20 02:00:00,2.1245833333333333
2023-11-20 03:00:00,3.4933333333333327
2023-11-20 04:00:00,18.643333333333334
2023-11-20 05:00:00,2.6970833333333335
2023-11-20 06:00:00,3.0175
2023-11-20 07:00:00,3.5079166666666666
2023-11-20 08:00:00,2.8841666666666668
2023-11-20 09:00:00,12.507499999999999
2023-11-20 10:00:00,5.28125
2023-11-20 11:00:00,32.91625
2023-11-20 12:00:00,59.80166666666667
2023-11-20 13:00:00,52.63333333333333
2023-11-20 14:00:00,20.21
2023-11-20 15:00:00,19.065833333333334
2023-11-20 16:00:00,20.080416666666668
2023-11-20 17:00:00,11.555
2023-11-20 18:00:00,3.735416666666667
2023-11-20 19:00:00,4.072916666666667
2023-11-20 20:00:00,2.47875
2023-11-20 21:00:00,2.1866666666666665
2023-11-20 22:00:00,2.3008333333333333
2023-11-20 23:00:00,2.1720833333333336
2023-11-21 00:00:00,2.0129166666666665
2023-11-21 01:00:00,2.1075
2023-11-21 02:00:00,2.05875
2023-11-21 03:00:00,2.1245833333333333
2023-11-21 04:00:00,1.9541666666666666
2023-11-21 05:00:00,2.0441666666666665
2023-11-21 06:00:00,2.040833333333333
2023-11-21 07:00:00,7.130416666666666
2023-11-21 08:00:00,10.615
2023-11-21 09:00:00,3.63625
2023-11-21 10:00:00,2.7945833333333336
2023-11-21 11:00:00,2.2670833333333333
2023-11-21 12:00:00,2.1858333333333335
2023-11-21 13:00:00,9.555
2023-11-21 14:00:00,9.02875
2023-11-21 15:00:00,4.132083333333333
2023-11-21 16:00:00,3.8854166666666665
2023-11-21 17:00:00,3.8691666666666666
2023-11-21 18:00:00,3.7375000000000003
2023-11-21 19:00:00,4.4575000000000005
2023-11-21 20:00:00,3.3020833333333335
2023-11-21 21:00:00,1.9504166666666667
2023-11-21 22:00:00,1.87375
2023-11-21 23:00:00,1.8425
2023-11-22 00:00:00,1.7612500000000002
2023-11-22 01:00:00,1.84375
2023-11-22 02:00:00,1.8945833333333333
2023-11-22 03:00:00,1.88875
2023-11-22 04:00:00,8.157916666666667
2023-11-22 05:00:00,33.1425
2023-11-22 06:00:00,5.539583333333333
2023-11-22 07:00:00,3.967916666666667
2023-11-22 08:00:00,3.8479166666666664
2023-11-22 09:00:00,4.5125
2023-11-22 10:00:00,3.1766666666666663
2023-11-22 11:00:00,3.0108333333333337
2023-11-22 12:00:00,3.955833333333333
2023-11-22 13:00:00,19.582083333333333
2023-11-22 14:00:00,4.36
2023-11-22 15:00:00,4.263333333333334
2023-11-22 16:00:00,4.225833333333333
2023-11-22 17:00:00,4.180833333333333
2023-11-22 18:00:00,5.0424999999999995
2023-11-22 19:00:00,2.5220833333333332
2023-11-22 20:00:00,2.715
2023-11-22 21:00:00,2.61
2023-11-22 22:00:00,2.74875
2023-11-22 23:00:00,2.7916666666666665
2023-11-23 00:00:00,2.7679166666666664
2023-11-23 01:00:00,2.68875
2023-11-23 02:00:00,2.67125
2023-11-23 03:00:00,2.6795833333333334
2023-11-23 04:00:00,2.665
2023-11-23 05:00:00,5.64875
2023-11-23 06:00:00,24.06958333333333
2023-11-23 07:00:00,5.892916666666667
2023-11-23 08:00:00,5.1000000000000005
2023-11-23 09:00:00,4.876666666666667
2023-11-23 10:00:00,4.237916666666667
2023-11-23 11:00:00,8.870416666666666
2023-11-23 12:00:00,18.875000000000004
2023-11-23 13:00:00,29.413333333333338
2023-11-23 14:00:00,24.625833333333333
2023-11-23 15:00:00,6.462083333333333
2023-11-23 16:00:00,7.62625
2023-11-23 17:00:00,8.893333333333333
2023-11-23 18:00:00,8.84625
2023-11-23 19:00:00,13.344999999999999
2023-11-23 20:00:00,15.215416666666664
2023-11-23 21:00:00,6.713333333333334
2023-11-23 22:00:00,3.435
2023-11-23 23:00:00,2.8295833333333333
2023-11-24 00:00:00,3.981666666666667
2023-11-24 01:00:00,2.7620833333333334
2023-11-24 02:00:00,21.617916666666662
2023-11-24 03:00:00,8.575
2023-11-24 04:00:00,19.96875
2023-11-24 05:00:00,54.7525
2023-11-24 06:00:00,33.745416666666664
2023-11-24 07:00:00,9.362083333333333
2023-11-24 08:00:00,4.906666666666666
2023-11-24 09:00:00,12.488750000000001
2023-11-24 10:00:00,6.979583333333333
2023-11-24 11:00:00,2.4133333333333336
2023-11-24 12:00:00,1.85625
2023-11-24 13:00:00,30.55875
2023-11-24 14:00:00,10.028333333333334
2023-11-24 15:00:00,25.756249999999998
2023-11-24 16:00:00,17.632916666666667
2023-11-24 17:00:00,16.218333333333334
2023-11-24 18:00:00,9.195416666666667
2023-11-24 19:00:00,13.873750000000001
2023-11-24 20:00:00,9.161666666666667
2023-11-24 21:00:00,12.191249999999998
2023-11-24 22:00:00,3.6775
2023-11-24 23:00:00,7.34125
2023-11-25 00:00:00,9.932083333333333
2023-11-25 01:00:00,10.0875
2023-11-25 02:00:00,9.687083333333334
2023-11-25 03:00:00,9.835416666666665
2023-11-25 04:00:00,9.829583333333334
2023-11-25 05:00:00,10.505416666666667
2023-11-25 06:00:00,6.760833333333333
2023-11-25 07:00:00,4.0075
2023-11-25 08:00:00,6.690416666666667
2023-11-25 09:00:00,6.663333333333334
2023-11-25 10:00:00,2.591666666666667
2023-11-25 11:00:00,2.53375
2023-11-25 12:00:00,7.399583333333333
2023-11-25 13:00:00,17.441666666666666
2023-11-25 14:00:00,3.80875
2023-11-25 15:00:00,4.272916666666666
2023-11-25 16:00:00,3.422083333333333
2023-11-25 17:00:00,2.828333333333333
2023-11-25 18:00:00,2.7983333333333333
2023-11-25 19:00:00,10.495833333333334
2023-11-25 20:00:00,1.63875
2023-11-25 21:00:00,1.84375
2023-11-25 22:00:00,1.7083333333333333
2023-11-25 23:00:00,2.9295833333333334
2023-11-26 00:00:00,3.1366666666666667
2023-11-26 01:00:00,2.9470833333333335
2023-11-26 02:00:00,2.026666666666667
2023-11-26 03:00:00,2.0675000000000003
2023-11-26 04:00:00,2.2095833333333332
2023-11-26 05:00:00,2.405416666666667
2023-11-26 06:00:00,2.2779166666666666
2023-11-26 07:00:00,2.25125
2023-11-26 08:00:00,2.2425
2023-11-26 09:00:00,2.0658333333333334
2023-11-26 10:00:00,2.6525
2023-11-26 11:00:00,1.9766666666666668
2023-11-26 12:00:00,2.012916666666667
2023-11-26 13:00:00,2.2220833333333334
2023-11-26 14:00:00,1.8795833333333334
2023-11-26 15:00:00,1.8491666666666668
2023-11-26 16:00:00,2.021666666666667
2023-11-26 17:00:00,1.9012499999999999
2023-11-26 18:00:00,1.9108333333333334
2023-11-26 19:00:00,1.9124999999999999
2023-11-26 20:00:00,1.7954166666666669
2023-11-26 21:00:00,1.5391666666666666
2023-11-26 22:00:00,1.6720833333333334
2023-11-26 23:00:00,1.7095833333333335
2023-11-27 00:00:00,5.91375
2023-11-27 01:00:00,5.99625
2023-11-27 02:00:00,10.5675
2023-11-27 03:00:00,38.71875
2023-11-27 04:00:00,75.34041666666667
2023-11-27 05:00:00,48.35541666666666
2023-11-27 06:00:00,21.8125
2023-11-27 07:00:00,13.233333333333334
2023-11-27 08:00:00,7.227083333333333
2023-11-27 09:00:00,6.457083333333333
2023-11-27 10:00:00,6.2925
2023-11-27 11:00:00,6.48125
2023-11-27 12:00:00,6.416666666666667
2023-11-27 13:00:00,27.32375
2023-11-27 14:00:00,15.477500000000001
2023-11-27 15:00:00,19.911666666666665
2023-11-27 16:00:00,27.144583333333333
2023-11-27 17:00:00,32.821666666666665
2023-11-27 18:00:00,10.612083333333333
2023-11-27 19:00:00,4.39625
2023-11-27 20:00:00,4.210833333333333
2023-11-27 21:00:00,4.360416666666667
2023-11-27 22:00:00,4.184166666666667
2023-11-27 23:00:00,4.160416666666666
2023-11-28 00:00:00,3.9650000000000003
2023-11-28 01:00:00,4.076666666666667
2023-11-28 02:00:00,4.24
2023-11-28 03:00:00,4.315416666666667
2023-11-28 04:00:00,6.4675
2023-11-28 05:00:00,36.15541666666667
2023-11-28 06:00:00,13.689583333333333
2023-11-28 07:00:00,6.138750000000001
2023-11-28 08:00:00,5.758333333333333
2023-11-28 09:00:00,5.361666666666667
2023-11-28 10:00:00,17.49625
2023-11-28 11:00:00,4.385416666666667
2023-11-28 12:00:00,3.4620833333333336
2023-11-28 13:00:00,74.9275
2023-11-28 14:00:00,37.30583333333333
2023-11-28 15:00:00,25.184583333333336
2023-11-28 16:00:00,24.334166666666665
2023-11-28 17:00:00,31.22083333333333
2023-11-28 18:00:00,8.668750000000001
2023-11-28 19:00:00,4.809166666666667
2023-11-28 20:00:00,21.78916666666667
2023-11-28 21:00:00,24.25
2023-11-28 22:00:00,21.86
2023-11-28 23:00:00,21.916666666666668
2023-11-29 00:00:00,61.192083333333336
2023-11-29 01:00:00,30.5575
2023-11-29 02:00:00,28.68416666666667
2023-11-29 03:00:00,25.284166666666668
2023-11-29 04:00:00,3.3025
2023-11-29 05:00:00,31.43958333333333
2023-11-29 06:00:00,8.862083333333334
2023-11-29 07:00:00,42.49166666666667
2023-11-29 08:00:00,35.30416666666667
2023-11-29 09:00:00,31.187916666666666
2023-11-29 10:00:00,27.144166666666667
2023-11-29 11:00:00,4.907916666666667
2023-11-29 12:00:00,2.6629166666666664
2023-11-29 13:00:00,17.245416666666667
2023-11-29 14:00:00,5.77375
2023-11-29 15:00:00,16.857499999999998
2023-11-29 16:00:00,16.008333333333333
2023-11-29 17:00:00,6.704583333333333
2023-11-29 18:00:00,7.57
2023-11-29 19:00:00,9.364166666666668
2023-11-29 20:00:00,21.837083333333336
2023-11-29 21:00:00,14.34125
2023-11-29 22:00:00,6.84375
2023-11-29 23:00:00,4.265833333333333
2023-11-30 00:00:00,4.082083333333333
2023-11-30 01:00:00,4.191666666666666
2023-11-30 02:00:00,4.254166666666666
2023-11-30 03:00:00,4.210833333333333
2023-11-30 04:00:00,4.27625
2023-11-30 05:00:00,20.0475
2023-11-30 06:00:00,63.810833333333335
2023-11-30 07:00:00,6.855416666666667
2023-11-30 08:00:00,5.492916666666667
2023-11-30 09:00:00,9.678333333333333
2023-11-30 10:00:00,4.4070833333333335
2023-11-30 11:00:00,3.8233333333333337
2023-11-30 12:00:00,3.860416666666666
2023-11-30 13:00:00,21.006666666666668
2023-11-30 14:00:00,12.304166666666667
2023-11-30 15:00:00,5.345833333333334
2023-11-30 16:00:00,6.279583333333334
2023-11-30 17:00:00,6.478333333333333
2023-11-30 18:00:00,4.442083333333334
2023-11-30 19:00:00,4.403333333333333
2023-11-30 20:00:00,4.3029166666666665
2023-11-30 21:00:00,4.296666666666666
2023-11-30 22:00:00,4.20625
2023-11-30 23:00:00,4.336250000000001
2023-12-01 00:00:00,4.00125
2023-12-01 01:00:00,3.7366666666666664
2023-12-01 02:00:00,3.7045833333333333
2023-12-01 03:00:00,4.139583333333333
2023-12-01 04:00:00,4.045416666666667
2023-12-01 05:00:00,4.129166666666666
2023-12-01 06:00:00,12.148333333333333
2023-12-01 07:00:00,10.564583333333333
2023-12-01 08:00:00,5.6312500000000005
2023-12-01 09:00:00,5.6825
2023-12-01 10:00:00,5.638749999999999
2023-12-01 11:00:00,4.3175
2023-12-01 12:00:00,3.60125
2023-12-01 13:00:00,3.34375
2023-12-01 14:00:00,3.3000000000000003
2023-12-01 15:00:00,3.4095833333333334
2023-12-01 16:00:00,4.10625
2023-12-01 17:00:00,4.05875
2023-12-01 18:00:00,3.8670833333333334
2023-12-01 19:00:00,3.8008333333333333
2023-12-01 20:00:00,3.6799999999999997
2023-12-01 21:00:00,3.9266666666666663
2023-12-01 22:00:00,4.260833333333333
2023-12-01 23:00:00,4.185416666666667
2023-12-02 00:00:00,4.5841666666666665
2023-12-02 01:00:00,4.5408333333333335
2023-12-02 02:00:00,4.306666666666667
2023-12-02 03:00:00,4.369583333333333
2023-12-02 04:00:00,4.189583333333333
2023-12-02 05:00:00,4.1154166666666665
2023-12-02 06:00:00,3.921666666666667
2023-12-02 07:00:00,4.2316666666666665
2023-12-02 08:00:00,4.0112499999999995
2023-12-02 09:00:00,4.639166666666667
2023-12-02 10:00:00,5.760416666666667
2023-12-02 11:00:00,5.132916666666667
2023-12-02 12:00:00,4.341666666666667
2023-12-02 13:00:00,4.446666666666666
2023-12-02 14:00:00,4.325
2023-12-02 15:00:00,4.78125
2023-12-02 16:00:00,5.1275
2023-12-02 17:00:00,6.204999999999999
2023-12-02 18:00:00,5.295833333333333
2023-12-02 19:00:00,5.39375
2023-12-02 20:00:00,4.445833333333334
2023-12-02 21:00:00,3.9929166666666664
2023-12-02 22:00:00,4.0008333333333335
2023-12-02 23:00:00,4.0325
2023-12-03 00:00:00,4.0304166666666665
2023-12-03 01:00:00,5.388333333333333
2023-12-03 02:00:00,2.8125
2023-12-03 03:00:00,2.14
2023-12-03 04:00:00,1.9962499999999999
2023-12-03 05:00:00,2.0120833333333334
2023-12-03 06:00:00,2.0704166666666666
2023-12-03 07:00:00,1.8949999999999998
2023-12-03 08:00:00,1.8904166666666666
2023-12-03 09:00:00,1.7025
2023-12-03 10:00:00,1.9887499999999998
2023-12-03 11:00:00,3.545833333333333
2023-12-03 12:00:00,33.085
2023-12-03 13:00:00,31.37375
2023-12-03 14:00:00,20.083333333333332
2023-12-03 15:00:00,2.15375
2023-12-03 16:00:00,2.5433333333333334
2023-12-03 17:00:00,2.99
2023-12-03 18:00:00,2.8816666666666664
2023-12-03 19:00:00,2.66375
2023-12-03 20:00:00,2.5524999999999998
2023-12-03 21:00:00,2.3666666666666667
2023-12-03 22:00:00,4.264583333333333
2023-12-03 23:00:00,5.852916666666666
2023-12-04 00:00:00,2.9149999999999996
2023-12-04 01:00:00,116.73041666666667
2023-12-04 02:00:00,22.674166666666665
2023-12-04 03:00:00,35.83375
2023-12-04 04:00:00,31.16125
2023-12-04 05:00:00,25.147499999999997
2023-12-04 06:00:00,8.877083333333333
2023-12-04 07:00:00,6.743333333333333
2023-12-04 08:00:00,6.727916666666666
2023-12-04 09:00:00,9.207083333333333
2023-12-04 10:00:00,3.555
2023-12-04 11:00:00,4.023333333333333
2023-12-04 12:00:00,3.6170833333333334
2023-12-04 13:00:00,3.7875
2023-12-04 14:00:00,4.625
2023-12-04 15:00:00,5.463333333333334
2023-12-04 16:00:00,5.3725
2023-12-04 17:00:00,5.03
2023-12-04 18:00:00,5.0249999999999995
2023-12-04 19:00:00,5.038333333333333
2023-12-04 20:00:00,5.155833333333333
2023-12-04 21:00:00,5.175833333333333
2023-12-04 22:00:00,5.3620833333333335
2023-12-04 23:00:00,5.417083333333333
2023-12-05 00:00:00,5.197916666666667
2023-12-05 01:00:00,5.2425
2023-12-05 02:00:00,4.864583333333333
2023-12-05 03:00:00,5.2299999999999995
2023-12-05 04:00:00,6.596666666666667
2023-12-05 05:00:00,5.380416666666666
2023-12-05 06:00:00,5.402916666666667
2023-12-05 07:00:00,5.31875
2023-12-05 08:00:00,6.817916666666666
2023-12-05 09:00:00,6.465
2023-12-05 10:00:00,4.945416666666667
2023-12-05 11:00:00,4.400416666666667
2023-12-05 12:00:00,4.21375
2023-12-05 13:00:00,4.601249999999999
2023-12-05 14:00:00,4.858333333333333
2023-12-05 15:00:00,5.215416666666667
2023-12-05 16:00:00,5.592083333333334
2023-12-05 17:00:00,5.1000000000000005
2023-12-05 18:00:00,4.821666666666666
2023-12-05 19:00:00,3.93375
2023-12-05 20:00:00,4.0
2023-12-05 21:00:00,4.337916666666667
2023-12-05 22:00:00,4.312916666666667
2023-12-05 23:00:00,4.360416666666667
2023-12-06 00:00:00,4.320416666666667
2023-12-06 01:00:00,4.278333333333333
2023-12-06 02:00:00,4.31
2023-12-06 03:00:00,4.448333333333333
2023-12-06 04:00:00,4.98375
2023-12-06 05:00:00,4.91
2023-12-06 06:00:00,4.746666666666667
2023-12-06 07:00:00,4.195833333333334
2023-12-06 08:00:00,4.170833333333333
2023-12-06 09:00:00,4.222916666666666
2023-12-06 10:00:00,3.8441666666666667
2023-12-06 11:00:00,4.233333333333333
2023-12-06 12:00:00,4.314583333333333
2023-12-06 13:00:00,5.990833333333334
2023-12-06 14:00:00,6.062916666666666
2023-12-06 15:00:00,4.61
2023-12-06 16:00:00,5.980416666666667
2023-12-06 17:00:00,4.65375
2023-12-06 18:00:00,4.286666666666666
2023-12-06 19:00:00,4.200833333333334
2023-12-06 20:00:00,3.8891666666666667
2023-12-06 21:00:00,3.56125
2023-12-06 22:00:00,3.6474999999999995
2023-12-06 23:00:00,3.5820833333333333
2023-12-07 00:00:00,3.6512499999999997
2023-12-07 01:00:00,3.7091666666666665
2023-12-07 02:00:00,3.6462499999999998
2023-12-07 03:00:00,22.345
2023-12-07 04:00:00,5.689166666666666
2023-12-07 05:00:00,5.372083333333333
2023-12-07 06:00:00,5.241666666666666
2023-12-07 07:00:00,5.15
2023-12-07 08:00:00,4.968333333333333
2023-12-07 09:00:00,4.381666666666667
2023-12-07 10:00:00,3.31375
2023-12-07 11:00:00,3.3179166666666666
2023-12-07 12:00:00,3.2970833333333336
2023-12-07 13:00:00,3.1183333333333336
2023-12-07 14:00:00,3.4812499999999997
2023-12-07 15:00:00,3.7420833333333334
2023-12-07 16:00:00,5.119583333333333
2023-12-07 17:00:00,5.295416666666667
2023-12-07 18:00:00,4.136666666666666
2023-12-07 19:00:00,4.0725
2023-12-07 20:00:00,3.7724999999999995
2023-12-07 21:00:00,3.8183333333333334
2023-12-07 22:00:00,3.9949999999999997
2023-12-07 23:00:00,3.7624999999999997
2023-12-08 00:00:00,4.366666666666666
2023-12-08 01:00:00,4.6866666666666665
2023-12-08 02:00:00,4.454166666666667
2023-12-08 03:00:00,4.3525
2023-12-08 04:00:00,4.791666666666667
2023-12-08 05:00:00,4.8845833333333335
2023-12-08 06:00:00,4.814166666666666
2023-12-08 07:00:00,4.98125
2023-12-08 08:00:00,4.4975
2023-12-08 09:00:00,4.477916666666666
2023-12-08 10:00:00,5.174166666666667
2023-12-08 11:00:00,3.137083333333333
2023-12-08 12:00:00,1.91875
2023-12-08 13:00:00,1.8591666666666666
2023-12-08 14:00:00,1.76375
2023-12-08 15:00:00,2.200416666666667
2023-12-08 16:00:00,2.3120833333333333
2023-12-08 17:00:00,2.392916666666667
2023-12-08 18:00:00,2.3908333333333336
2023-12-08 19:00:00,2.3983333333333334
2023-12-08 20:00:00,2.325833333333333
2023-12-08 21:00:00,2.3737500000000002
2023-12-08 22:00:00,2.3125
2023-12-08 23:00:00,2.3962499999999998
2023-12-09 00:00:00,2.3691666666666666
2023-12-09 01:00:00,2.3491666666666666
2023-12-09 02:00:00,2.4233333333333333
2023-12-09 03:00:00,2.4491666666666667
2023-12-09 04:00:00,2.4158333333333335
2023-12-09 05:00:00,2.44125
2023-12-09 06:00:00,2.845416666666667
2023-12-09 07:00:00,2.19
2023-12-09 08:00:00,2.078333333333333
2023-12-09 09:00:00,1.98375
2023-12-09 10:00:00,2.1062499999999997
2023-12-09 11:00:00,2.1425
2023-12-09 12:00:00,2.26125
2023-12-09 13:00:00,2.51625
2023-12-09 14:00:00,2.60125
2023-12-09 15:00:00,2.6254166666666667
2023-12-09 16:00:00,2.6616666666666666
2023-12-09 17:00:00,2.9120833333333334
2023-12-09 18:00:00,2.6325
2023-12-09 19:00:00,2.21625
2023-12-09 20:00:00,2.3716666666666666
2023-12-09 21:00:00,2.2616666666666667
2023-12-09 22:00:00,2.0570833333333334
2023-12-09 23:00:00,2.2704166666666667
2023-12-10 00:00:00,2.0591666666666666
2023-12-10 01:00:00,2.2095833333333332
2023-12-10 02:00:00,2.194166666666667
2023-12-10 03:00:00,2.220833333333333
2023-12-10 04:00:00,2.2616666666666667
2023-12-10 05:00:00,2.1870833333333333
2023-12-10 06:00:00,2.2283333333333335
2023-12-10 07:00:00,2.2687500000000003
2023-12-10 08:00:00,2.33625
2023-12-10 09:00:00,2.28375
2023-12-10 10:00:00,2.5204166666666663
2023-12-10 11:00:00,2.86375
2023-12-10 12:00:00,2.7158333333333338
2023-12-10 13:00:00,2.69125
2023-12-10 14:00:00,2.1191666666666666
2023-12-10 15:00:00,2.2520833333333337
2023-12-10 16:00:00,2.0633333333333335
2023-12-10 17:00:00,1.9512500000000002
2023-12-10 18:00:00,1.9733333333333334
2023-12-10 19:00:00,2.066666666666667
2023-12-10 20:00:00,2.1133333333333333
2023-12-10 21:00:00,2.0749999999999997
2023-12-10 22:00:00,2.26875
2023-12-10 23:00:00,2.23125
2023-12-11 00:00:00,2.07125
2023-12-11 01:00:00,23.740416666666665
2023-12-11 02:00:00,25.410833333333333
2023-12-11 03:00:00,36.70375
2023-12-11 04:00:00,49.57958333333334
2023-12-11 05:00:00,67.99333333333333
2023-12-11 06:00:00,40.75541666666667
2023-12-11 07:00:00,9.170416666666666
2023-12-11 08:00:00,5.472916666666666
2023-12-11 09:00:00,5.9325
2023-12-11 10:00:00,5.014583333333333
2023-12-11 11:00:00,3.924166666666667
2023-12-11 12:00:00,4.2804166666666665
2023-12-11 13:00:00,4.45625
2023-12-11 14:00:00,4.505833333333333
2023-12-11 15:00:00,5.597083333333333
2023-12-11 16:00:00,5.54
2023-12-11 17:00:00,5.14625
2023-12-11 18:00:00,5.640833333333333
2023-12-11 19:00:00,4.6674999999999995
2023-12-11 20:00:00,5.287083333333334
2023-12-11 21:00:00,4.75125
2023-12-11 22:00:00,3.7554166666666666
2023-12-11 23:00:00,4.360416666666667
2023-12-12 00:00:00,3.8512500000000003
2023-12-12 01:00:00,3.655416666666667
2023-12-12 02:00:00,3.58
2023-12-12 03:00:00,3.6325000000000003
2023-12-12 04:00:00,3.73
2023-12-12 05:00:00,10.513333333333334
2023-12-12 06:00:00,18.9475
2023-12-12 07:00:00,27.205416666666665
2023-12-12 08:00:00,12.054583333333333
2023-12-12 09:00:00,6.232083333333333
2023-12-12 10:00:00,7.010000000000001
2023-12-12 11:00:00,5.0975
2023-12-12 12:00:00,4.864166666666667
2023-12-12 13:00:00,5.102916666666666
2023-12-12 14:00:00,5.215
2023-12-12 15:00:00,5.724166666666666
2023-12-12 16:00:00,5.225416666666667
2023-12-12 17:00:00,6.0425
2023-12-12 18:00:00,4.3237499999999995
2023-12-12 19:00:00,4.4312499999999995
2023-12-12 20:00:00,4.174166666666667
2023-12-12 21:00:00,4.097083333333333
2023-12-12 22:00:00,4.092083333333334
2023-12-12 23:00:00,4.162083333333333
2023-12-13 00:00:00,3.771666666666667
2023-12-13 01:00:00,3.9091666666666662
2023-12-13 02:00:00,3.80125
2023-12-13 03:00:00,3.674166666666667
2023-12-13 04:00:00,3.5841666666666665
2023-12-13 05:00:00,3.6612499999999994
2023-12-13 06:00:00,3.5279166666666666
2023-12-13 07:00:00,3.6062499999999997
2023-12-13 08:00:00,3.5974999999999997
2023-12-13 09:00:00,7.5254166666666675
2023-12-13 10:00:00,3.8716666666666666
2023-12-13 11:00:00,1.61125
2023-12-13 12:00:00,1.625
2023-12-13 13:00:00,2.31625
2023-12-13 14:00:00,3.2624999999999997
2023-12-13 15:00:00,3.5075000000000003
2023-12-13 16:00:00,3.40625
2023-12-13 17:00:00,2.6533333333333333
2023-12-13 18:00:00,1.9858333333333336
2023-12-13 19:00:00,1.9083333333333332
2023-12-13 20:00:00,2.004583333333333
2023-12-13 21:00:00,1.81375
2023-12-13 22:00:00,1.90625
2023-12-13 23:00:00,1.9533333333333334
2023-12-14 00:00:00,1.9333333333333333
2023-12-14 01:00:00,2.1199999999999997
2023-12-14 02:00:00,2.1625
2023-12-14 03:00:00,2.0766666666666667
2023-12-14 04:00:00,2.03625
2023-12-14 05:00:00,2.0516666666666663
2023-12-14 06:00:00,2.0058333333333334
2023-12-14 07:00:00,2.00625
2023-12-14 08:00:00,1.8929166666666666
2023-12-14 09:00:00,2.3083333333333336
2023-12-14 10:00:00,2.952916666666667
2023-12-14 11:00:00,3.1704166666666667
2023-12-14 12:00:00,3.21875
2023-12-14 13:00:00,3.3216666666666668
2023-12-14 14:00:00,3.2775
2023-12-14 15:00:00,2.6125
2023-12-14 16:00:00,2.7066666666666666
2023-12-14 17:00:00,2.223333333333333
2023-12-14 18:00:00,2.17625
2023-12-14 19:00:00,2.0991666666666666
2023-12-14 20:00:00,2.174583333333333
2023-12-14 21:00:00,1.9158333333333335
2023-12-14 22:00:00,1.67125
2023-12-14 23:00:00,1.8208333333333335
2023-12-15 00:00:00,1.9770833333333335
2023-12-15 01:00:00,2.0483333333333333
2023-12-15 02:00:00,1.9929166666666667
2023-12-15 03:00:00,1.9054166666666665
2023-12-15 04:00:00,1.9820833333333334
2023-12-15 05:00:00,1.9466666666666665
2023-12-15 06:00:00,1.9091666666666667
2023-12-15 07:00:00,1.6029166666666665
2023-12-15 08:00:00,2.11375
2023-12-15 09:00:00,2.3175
2023-12-15 10:00:00,2.2779166666666666
2023-12-15 11:00:00,2.1350000000000002
2023-12-15 12:00:00,2.14875
2023-12-15 13:00:00,2.15875
2023-12-15 14:00:00,2.237083333333333
2023-12-15 15:00:00,1.985
2023-12-15 16:00:00,2.0662499999999997
2023-12-15 17:00:00,2.0433333333333334
2023-12-15 18:00:00,1.8991666666666667
2023-12-15 19:00:00,1.8595833333333334
2023-12-15 20:00:00,1.9191666666666665
2023-12-15 21:00:00,2.06375
2023-12-15 22:00:00,1.9341666666666668
2023-12-15 23:00:00,1.8995833333333334
2023-12-16 00:00:00,1.8779166666666667
2023-12-16 01:00:00,1.9179166666666667
2023-12-16 02:00:00,1.8820833333333333
2023-12-16 03:00:00,1.8908333333333334
2023-12-16 04:00:00,2.0766666666666667
2023-12-16 05:00:00,2.05875
2023-12-16 06:00:00,2.11625
2023-12-16 07:00:00,2.26125
2023-12-16 08:00:00,2.252083333333333
2023-12-16 09:00:00,2.357083333333333
2023-12-16 10:00:00,2.3054166666666664
2023-12-16 11:00:00,2.2845833333333334
2023-12-16 12:00:00,15.03375
2023-12-16 13:00:00,34.34458333333333
2023-12-16 14:00:00,7.3475
2023-12-16 15:00:00,3.3466666666666662
2023-12-16 16:00:00,3.0191666666666666
2023-12-16 17:00:00,3.1354166666666665
2023-12-16 18:00:00,3.2325
2023-12-16 19:00:00,3.275
2023-12-16 20:00:00,3.2608333333333337
2023-12-16 21:00:00,3.08
2023-12-16 22:00:00,3.1791666666666667
2023-12-16 23:00:00,2.1750000000000003
2023-12-17 00:00:00,1.915416666666667
2023-12-17 01:00:00,1.6775
2023-12-17 02:00:00,1.7299999999999998
2023-12-17 03:00:00,1.6883333333333332
2023-12-17 04:00:00,1.75875
2023-12-17 05:00:00,1.6683333333333332
2023-12-17 06:00:00,1.7891666666666668
2023-12-17 07:00:00,1.8374999999999997
2023-12-17 08:00:00,1.7495833333333335
2023-12-17 09:00:00,1.7995833333333333
2023-12-17 10:00:00,38.73499999999999
2023-12-17 11:00:00,44.3225
2023-12-17 12:00:00,18.665416666666665
2023-12-17 13:00:00,34.24041666666667
2023-12-17 14:00:00,25.887083333333333
2023-12-17 15:00:00,28.394583333333333
2023-12-17 16:00:00,2.6641666666666666
2023-12-17 17:00:00,2.6233333333333335
2023-12-17 18:00:00,2.5958333333333337
2023-12-17 19:00:00,3.36375
2023-12-17 20:00:00,1.82125
2023-12-17 21:00:00,1.73375
2023-12-17 22:00:00,1.7579166666666666
2023-12-17 23:00:00,18.885416666666668
2023-12-18 00:00:00,35.46125
2023-12-18 01:00:00,24.288750000000004
2023-12-18 02:00:00,46.907916666666665
2023-12-18 03:00:00,24.270833333333332
2023-12-18 04:00:00,73.12833333333333
2023-12-18 05:00:00,44.74333333333333
2023-12-18 06:00:00,25.980833333333333
2023-12-18 07:00:00,14.578333333333333
2023-12-18 08:00:00,9.667083333333332
2023-12-18 09:00:00,8.454583333333334
2023-12-18 10:00:00,50.359166666666674
2023-12-18 11:00:00,10.52375
2023-12-18 12:00:00,3.5016666666666665
2023-12-18 13:00:00,27.178749999999997
2023-12-18 14:00:00,5.172916666666667
2023-12-18 15:00:00,4.791666666666667
2023-12-18 16:00:00,4.3620833333333335
2023-12-18 17:00:00,4.50125
2023-12-18 18:00:00,7.489166666666666
2023-12-18 19:00:00,3.7125
2023-12-18 20:00:00,3.9020833333333336
2023-12-18 21:00:00,3.85
2023-12-18 22:00:00,3.67625
2023-12-18 23:00:00,3.5933333333333333
2023-12-19 00:00:00,3.9404166666666662
2023-12-19 01:00:00,4.485833333333333
2023-12-19 02:00:00,4.7941666666666665
2023-12-19 03:00:00,4.52875
2023-12-19 04:00:00,4.5175
2023-12-19 05:00:00,4.64875
2023-12-19 06:00:00,36.99791666666667
2023-12-19 07:00:00,12.725416666666668
2023-12-19 08:00:00,7.547916666666667
2023-12-19 09:00:00,7.069583333333333
2023-12-19 10:00:00,8.832083333333333
2023-12-19 11:00:00,4.986249999999999
2023-12-19 12:00:00,4.824583333333334
2023-12-19 13:00:00,14.76625
2023-12-19 14:00:00,15.165416666666665
2023-12-19 15:00:00,6.177083333333333
2023-12-19 16:00:00,5.339166666666667
2023-12-19 17:00:00,5.432083333333334
2023-12-19 18:00:00,11.9
2023-12-19 19:00:00,4.215
2023-12-19 20:00:00,4.71875
2023-12-19 21:00:00,4.859583333333333
2023-12-19 22:00:00,4.89375
2023-12-19 23:00:00,4.828333333333333
2023-12-20 00:00:00,4.9525
2023-12-20 01:00:00,5.21625
2023-12-20 02:00:00,4.928333333333334
2023-12-20 03:00:00,4.642916666666667
2023-12-20 04:00:00,4.458333333333333
2023-12-20 05:00:00,4.2629166666666665
2023-12-20 06:00:00,30.5475
2023-12-20 07:00:00,8.225833333333334
2023-12-20 08:00:00,5.509166666666666
2023-12-20 09:00:00,5.4750000000000005
2023-12-20 10:00:00,5.84
2023-12-20 11:00:00,5.172083333333333
2023-12-20 12:00:00,4.958749999999999
2023-12-20 13:00:00,5.025
2023-12-20 14:00:00,4.79625
2023-12-20 15:00:00,4.99375
2023-12-20 16:00:00,5.308333333333334
2023-12-20 17:00:00,5.504583333333334
2023-12-20 18:00:00,10.0675
2023-12-20 19:00:00,4.6312500000000005
2023-12-20 20:00:00,4.252083333333333
2023-12-20 21:00:00,3.921666666666667
2023-12-20 22:00:00,3.9429166666666666
2023-12-20 23:00:00,3.9616666666666664
2023-12-21 00:00:00,3.983333333333334
2023-12-21 01:00:00,3.9145833333333333
2023-12-21 02:00:00,3.952916666666667
2023-12-21 03:00:00,4.000416666666667
2023-12-21 04:00:00,15.645000000000001
2023-12-21 05:00:00,23.179166666666664
2023-12-21 06:00:00,39.57333333333333
2023-12-21 07:00:00,31.124166666666667
2023-12-21 08:00:00,9.9625
2023-12-21 09:00:00,7.663333333333333
2023-12-21 10:00:00,7.392500000000001
2023-12-21 11:00:00,7.724166666666666
2023-12-21 12:00:00,7.075
2023-12-21 13:00:00,7.022083333333334
2023-12-21 14:00:00,6.589583333333334
2023-12-21 15:00:00,6.2275
2023-12-21 16:00:00,6.350833333333333
2023-12-21 17:00:00,5.022083333333334
2023-12-21 18:00:00,6.462083333333333
2023-12-21 19:00:00,3.7087499999999998
2023-12-21 20:00:00,4.011666666666667
2023-12-21 21:00:00,4.332916666666667
2023-12-21 22:00:00,4.5304166666666665
2023-12-21 23:00:00,4.609166666666667
2023-12-22 00:00:00,4.54
2023-12-22 01:00:00,4.467083333333333
2023-12-22 02:00:00,4.52125
2023-12-22 03:00:00,4.4425
2023-12-22 04:00:00,4.372083333333333
2023-12-22 05:00:00,31.10083333333333
2023-12-22 06:00:00,31.346666666666664
2023-12-22 07:00:00,8.650416666666667
2023-12-22 08:00:00,7.291250000000001
2023-12-22 09:00:00,7.28125
2023-12-22 10:00:00,11.637500000000001
2023-12-22 11:00:00,6.634583333333333
2023-12-22 12:00:00,7.605
2023-12-22 13:00:00,5.457083333333333
2023-12-22 14:00:00,5.372916666666668
2023-12-22 15:00:00,5.468333333333334
2023-12-22 16:00:00,5.637083333333333
2023-12-22 17:00:00,4.5512500000000005
2023-12-22 18:00:00,4.089166666666666
2023-12-22 19:00:00,3.8983333333333334
2023-12-22 20:00:00,3.652083333333333
2023-12-22 21:00:00,3.530416666666667
2023-12-22 22:00:00,3.8179166666666666
2023-12-22 23:00:00,3.9645833333333336
2023-12-23 00:00:00,4.223333333333334
2023-12-23 01:00:00,4.181666666666667
2023-12-23 02:00:00,4.090833333333333
2023-12-23 03:00:00,4.288333333333333
2023-12-23 04:00:00,4.1762500000000005
2023-12-23 05:00:00,4.227916666666666
2023-12-23 06:00:00,4.312083333333333
2023-12-23 07:00:00,4.184583333333333
2023-12-23 08:00:00,4.339166666666666
2023-12-23 09:00:00,4.424166666666666
2023-12-23 10:00:00,4.910416666666666
2023-12-23 11:00:00,4.293333333333333
2023-12-23 12:00:00,4.6125
2023-12-23 13:00:00,4.385
2023-12-23 14:00:00,4.351666666666667
2023-12-23 15:00:00,4.7179166666666665
2023-12-23 16:00:00,5.26625
2023-12-23 17:00:00,4.455416666666667
2023-12-23 18:00:00,4.2975
2023-12-23 19:00:00,4.4262500000000005
2023-12-23 20:00:00,4.43625
2023-12-23 21:00:00,4.417916666666667
2023-12-23 22:00:00,4.533333333333333
2023-12-23 23:00:00,4.470833333333333
2023-12-24 00:00:00,4.58625
2023-12-24 01:00:00,10.728333333333332
2023-12-24 02:00:00,6.701666666666667
2023-12-24 03:00:00,2.529166666666667
2023-12-24 04:00:00,2.27375
2023-12-24 05:00:00,2.2595833333333335
2023-12-24 06:00:00,2.2779166666666666
2023-12-24 07:00:00,2.35
2023-12-24 08:00:00,2.506666666666667
2023-12-24 09:00:00,2.4324999999999997
2023-12-24 10:00:00,2.4095833333333334
2023-12-24 11:00:00,2.4091666666666667
2023-12-24 12:00:00,2.2066666666666666
2023-12-24 13:00:00,2.3220833333333335
2023-12-24 14:00:00,2.6704166666666667
2023-12-24 15:00:00,3.254583333333333
2023-12-24 16:00:00,2.6075
2023-12-24 17:00:00,2.5887499999999997
2023-12-24 18:00:00,2.544583333333333
2023-12-24 19:00:00,2.6941666666666664
2023-12-24 20:00:00,2.6358333333333333
2023-12-24 21:00:00,2.6687499999999997
2023-12-24 22:00:00,2.779166666666667
2023-12-24 23:00:00,2.6958333333333333
2023-12-25 00:00:00,2.7137499999999997
2023-12-25 01:00:00,2.6420833333333333
2023-12-25 02:00:00,2.4633333333333334
2023-12-25 03:00:00,2.462083333333333
2023-12-25 04:00:00,2.4116666666666666
2023-12-25 05:00:00,2.33
2023-12-25 06:00:00,2.3670833333333334
2023-12-25 07:00:00,2.328333333333333
2023-12-25 08:00:00,2.3891666666666667
2023-12-25 09:00:00,2.8074999999999997
2023-12-25 10:00:00,35.432916666666664
2023-12-25 11:00:00,10.629166666666666
2023-12-25 12:00:00,18.02958333333333
2023-12-25 13:00:00,47.92583333333334
2023-12-25 14:00:00,29.78333333333333
2023-12-25 15:00:00,45.09875
2023-12-25 16:00:00,50.19958333333333
2023-12-25 17:00:00,23.767916666666665
2023-12-25 18:00:00,8.266250000000001
2023-12-25 19:00:00,6.430833333333333
2023-12-25 20:00:00,9.73
2023-12-25 21:00:00,4.839583333333333
2023-12-25 22:00:00,4.650416666666667
2023-12-25 23:00:00,4.53875
2023-12-26 00:00:00,4.327916666666667
2023-12-26 01:00:00,4.47
2023-12-26 02:00:00,4.355416666666667
2023-12-26 03:00:00,4.604166666666667
2023-12-26 04:00:00,4.708749999999999
2023-12-26 05:00:00,4.52875
2023-12-26 06:00:00,4.7316666666666665
2023-12-26 07:00:00,4.502916666666667
2023-12-26 08:00:00,4.359166666666667
2023-12-26 09:00:00,5.032916666666666
2023-12-26 10:00:00,4.714583333333334
2023-12-26 11:00:00,4.543333333333334
2023-12-26 12:00:00,4.44625
2023-12-26 13:00:00,4.53125
2023-12-26 14:00:00,4.30375
2023-12-26 15:00:00,4.43875
2023-12-26 16:00:00,4.527083333333334
2023-12-26 17:00:00,4.2575
2023-12-26 18:00:00,4.339583333333334
2023-12-26 19:00:00,6.585416666666667
2023-12-26 20:00:00,19.529166666666665
2023-12-26 21:00:00,11.707500000000001
2023-12-26 22:00:00,4.484583333333333
2023-12-26 23:00:00,4.6120833333333335
2023-12-27 00:00:00,5.0529166666666665
2023-12-27 01:00:00,4.708333333333333
2023-12-27 02:00:00,4.718333333333333
2023-12-27 03:00:00,4.493333333333333
2023-12-27 04:00:00,4.532916666666666
2023-12-27 05:00:00,4.487916666666666
2023-12-27 06:00:00,4.625
2023-12-27 07:00:00,4.668333333333333
2023-12-27 08:00:00,4.909166666666667
2023-12-27 09:00:00,4.965
2023-12-27 10:00:00,5.263333333333334
2023-12-27 11:00:00,5.15375
2023-12-27 12:00:00,5.029166666666667
2023-12-27 13:00:00,5.3687499999999995
2023-12-27 14:00:00,5.737500000000001
2023-12-27 15:00:00,5.954583333333333
2023-12-27 16:00:00,5.430833333333333
2023-12-27 17:00:00,4.992916666666667
2023-12-27 18:00:00,4.7995833333333335
2023-12-27 19:00:00,4.7075000000000005
2023-12-27 20:00:00,4.660416666666666
2023-12-27 21:00:00,4.63375
2023-12-27 22:00:00,4.736666666666667
2023-12-27 23:00:00,4.740833333333334
2023-12-28 00:00:00,4.604583333333333
2023-12-28 01:00:00,4.60375
2023-12-28 02:00:00,4.760833333333333
2023-12-28 03:00:00,4.626666666666667
2023-12-28 04:00:00,4.675833333333333
2023-12-28 05:00:00,4.699583333333334
2023-12-28 06:00:00,4.596666666666667
2023-12-28 07:00:00,4.740833333333334
2023-12-28 08:00:00,4.797083333333333
2023-12-28 09:00:00,4.717083333333333
2023-12-28 10:00:00,5.2804166666666665
2023-12-28 11:00:00,4.9904166666666665
2023-12-28 12:00:00,4.89
2023-12-28 13:00:00,4.805
2023-12-28 14:00:00,5.273333333333333
2023-12-28 15:00:00,4.50125
2023-12-28 16:00:00,4.712083333333333
2023-12-28 17:00:00,4.5320833333333335
2023-12-28 18:00:00,4.635416666666667
2023-12-28 19:00:00,4.802499999999999
2023-12-28 20:00:00,4.7995833333333335
2023-12-28 21:00:00,5.059583333333333
2023-12-28 22:00:00,5.206666666666666
2023-12-28 23:00:00,5.28875
2023-12-29 00:00:00,5.381666666666667
2023-12-29 01:00:00,5.532916666666666
2023-12-29 02:00:00,5.618333333333333
2023-12-29 03:00:00,4.34
2023-12-29 04:00:00,8.974166666666667
2023-12-29 05:00:00,3.995416666666667
2023-12-29 06:00:00,3.0329166666666665
2023-12-29 07:00:00,3.2899999999999996
2023-12-29 08:00:00,3.3545833333333337
2023-12-29 09:00:00,3.295
2023-12-29 10:00:00,3.4629166666666666
2023-12-29 11:00:00,3.9933333333333336
2023-12-29 12:00:00,3.3970833333333332
2023-12-29 13:00:00,3.2695833333333333
2023-12-29 14:00:00,3.0549999999999997
2023-12-29 15:00:00,3.50375
2023-12-29 16:00:00,3.452916666666667
2023-12-29 17:00:00,3.3674999999999997
2023-12-29 18:00:00,3.2720833333333332
2023-12-29 19:00:00,3.1266666666666665
2023-12-29 20:00:00,3.2475
2023-12-29 21:00:00,3.25625
2023-12-29 22:00:00,3.30875
2023-12-29 23:00:00,3.1895833333333337
2023-12-30 00:00:00,12.996666666666668
2023-12-30 01:00:00,2.9408333333333334
2023-12-30 02:00:00,2.1662500000000002
2023-12-30 03:00:00,2.0412500000000002
2023-12-30 04:00:00,2.0275000000000003
2023-12-30 05:00:00,1.9654166666666668
2023-12-30 06:00:00,1.9616666666666667
2023-12-30 07:00:00,2.1320833333333336
2023-12-30 08:00:00,2.1191666666666666
2023-12-30 09:00:00,2.379583333333333
2023-12-30 10:00:00,2.35125
2023-12-30 11:00:00,2.4933333333333336
2023-12-30 12:00:00,2.54125
2023-12-30 13:00:00,2.4454166666666666
2023-12-30 14:00:00,2.5066666666666664
2023-12-30 15:00:00,2.49875
2023-12-30 16:00:00,2.6579166666666665
2023-12-30 17:00:00,2.5970833333333334
2023-12-30 18:00:00,2.429583333333333
2023-12-30 19:00:00,2.2504166666666667
2023-12-30 20:00:00,2.2654166666666664
2023-12-30 21:00:00,2.2416666666666667
2023-12-30 22:00:00,2.2941666666666665
2023-12-30 23:00:00,2.314583333333333
2023-12-31 00:00:00,2.36625
2023-12-31 01:00:00,2.41
2023-12-31 02:00:00,2.4616666666666664
2023-12-31 03:00:00,2.4633333333333334
2023-12-31 04:00:00,2.535833333333333
2023-12-31 05:00:00,2.63
2023-12-31 06:00:00,2.525
2023-12-31 07:00:00,2.5870833333333336
2023-12-31 08:00:00,2.83375
2023-12-31 09:00:00,2.717916666666667
2023-12-31 10:00:00,2.7208333333333337
2023-12-31 11:00:00,2.4454166666666666
2023-12-31 12:00:00,2.535416666666667
2023-12-31 13:00:00,2.555416666666667
2023-12-31 14:00:00,2.45875
2023-12-31 15:00:00,2.26125
2023-12-31 16:00:00,2.235
2023-12-31 17:00:00,2.2504166666666667
2023-12-31 18:00:00,2.267916666666667
2023-12-31 19:00:00,2.1479166666666667
2023-12-31 20:00:00,2.125833333333333
2023-12-31 21:00:00,2.18375
2023-12-31 22:00:00,2.0404166666666668
2023-12-31 23:00:00,2.2545833333333336
