측정일시,값
2020-01-01 00:00:00,1096958.0
2020-01-01 01:00:00,1098354.5
2020-01-01 02:00:00,1090090.5
2020-01-01 03:00:00,1009062.0
2020-01-01 04:00:00,1081241.5
2020-01-01 05:00:00,1097275.5
2020-01-01 06:00:00,1098395.5
2020-01-01 07:00:00,1094600.0
2020-01-01 08:00:00,1066855.0
2020-01-01 09:00:00,1083405.0
2020-01-01 10:00:00,1117367.5
2020-01-01 11:00:00,1036497.5
2020-01-01 12:00:00,1050210.5
2020-01-01 13:00:00,1072198.5
2020-01-01 14:00:00,1102313.0
2020-01-01 15:00:00,1118058.5
2020-01-01 16:00:00,1113054.5
2020-01-01 17:00:00,1123384.5
2020-01-01 18:00:00,1113404.0
2020-01-01 19:00:00,1114610.5
2020-01-01 20:00:00,1108689.0
2020-01-01 21:00:00,1113912.5
2020-01-01 22:00:00,1119842.0
2020-01-01 23:00:00,1122180.0
2020-01-02 00:00:00,1120870.5
2020-01-02 01:00:00,1023410.0
2020-01-02 02:00:00,1120285.0
2020-01-02 03:00:00,1114525.5
2020-01-02 04:00:00,1112151.5
2020-01-02 05:00:00,1081579.5
2020-01-02 06:00:00,1115099.0
2020-01-02 07:00:00,1111562.5
2020-01-02 08:00:00,1121736.5
2020-01-02 09:00:00,1122012.5
2020-01-02 10:00:00,1126493.0
2020-01-02 11:00:00,1124981.0
2020-01-02 12:00:00,1116688.5
2020-01-02 13:00:00,1125325.0
2020-01-02 14:00:00,1124849.5
2020-01-02 15:00:00,1122341.0
2020-01-02 16:00:00,1122164.0
2020-01-02 17:00:00,1098767.0
2020-01-02 18:00:00,1098895.0
2020-01-02 19:00:00,1106747.5
2020-01-02 20:00:00,1116867.5
2020-01-02 21:00:00,1123200.0
2020-01-02 22:00:00,1120242.5
2020-01-02 23:00:00,1117197.0
2020-01-03 00:00:00,1115777.5
2020-01-03 01:00:00,1111395.0
2020-01-03 02:00:00,1115368.5
2020-01-03 03:00:00,1109665.5
2020-01-03 04:00:00,1108887.0
2020-01-03 05:00:00,1106257.0
2020-01-03 06:00:00,1108025.5
2020-01-03 07:00:00,1116800.5
2020-01-03 08:00:00,1121082.5
2020-01-03 09:00:00,1122862.0
2020-01-03 10:00:00,1116308.0
2020-01-03 11:00:00,1115005.5
2020-01-03 12:00:00,1121699.0
2020-01-03 13:00:00,1132618.0
2020-01-03 14:00:00,1133125.5
2020-01-03 15:00:00,1131849.5
2020-01-03 16:00:00,1134945.5
2020-01-03 17:00:00,1123026.0
2020-01-03 18:00:00,1119544.0
2020-01-03 19:00:00,1108675.0
2020-01-03 20:00:00,1105256.5
2020-01-03 21:00:00,1109297.5
2020-01-03 22:00:00,1111193.0
2020-01-03 23:00:00,1119456.5
2020-01-04 00:00:00,1124899.0
2020-01-04 01:00:00,1113160.5
2020-01-04 02:00:00,1109060.5
2020-01-04 03:00:00,1113209.5
2020-01-04 04:00:00,1115507.5
2020-01-04 05:00:00,1117103.0
2020-01-04 06:00:00,1121709.0
2020-01-04 07:00:00,1103957.5
2020-01-04 08:00:00,1106631.5
2020-01-04 09:00:00,1110976.0
2020-01-04 10:00:00,1114369.5
2020-01-04 11:00:00,1112420.0
2020-01-04 12:00:00,1127298.5
2020-01-04 13:00:00,1126354.5
2020-01-04 14:00:00,1126627.0
2020-01-04 15:00:00,1123066.0
2020-01-04 16:00:00,1125984.5
2020-01-04 17:00:00,1111749.5
2020-01-04 18:00:00,1109975.5
2020-01-04 19:00:00,1120486.5
2020-01-04 20:00:00,1123596.5
2020-01-04 21:00:00,1122951.0
2020-01-04 22:00:00,1120163.0
2020-01-04 23:00:00,1117740.5
2020-01-05 00:00:00,1111930.5
2020-01-05 01:00:00,1111100.0
2020-01-05 02:00:00,1117604.5
2020-01-05 03:00:00,1128722.5
2020-01-05 04:00:00,1134173.5
2020-01-05 05:00:00,1130389.0
2020-01-05 06:00:00,1134949.5
2020-01-05 07:00:00,1130094.5
2020-01-05 08:00:00,1139100.0
2020-01-05 09:00:00,1085510.0
2020-01-05 10:00:00,1120242.5
2020-01-05 11:00:00,1069220.0
2020-01-05 12:00:00,1106975.0
2020-01-05 13:00:00,1127871.0
2020-01-05 14:00:00,1131965.0
2020-01-05 15:00:00,1125451.5
2020-01-05 16:00:00,1126572.0
2020-01-05 17:00:00,1118748.0
2020-01-05 18:00:00,1115248.5
2020-01-05 19:00:00,1105152.5
2020-01-05 20:00:00,1112792.5
2020-01-05 21:00:00,1115308.5
2020-01-05 22:00:00,1109117.0
2020-01-05 23:00:00,1104803.0
2020-01-06 00:00:00,1106180.5
2020-01-06 01:00:00,1113850.0
2020-01-06 02:00:00,1108436.0
2020-01-06 03:00:00,1110232.5
2020-01-06 04:00:00,1105914.0
2020-01-06 05:00:00,1106391.5
2020-01-06 06:00:00,1109154.0
2020-01-06 07:00:00,1112809.5
2020-01-06 08:00:00,1120215.0
2020-01-06 09:00:00,1120440.5
2020-01-06 10:00:00,1120638.0
2020-01-06 11:00:00,1116604.5
2020-01-06 12:00:00,1125298.0
2020-01-06 13:00:00,1130155.0
2020-01-06 14:00:00,1117047.0
2020-01-06 15:00:00,1118272.0
2020-01-06 16:00:00,1122550.0
2020-01-06 17:00:00,1121477.0
2020-01-06 18:00:00,1129408.5
2020-01-06 19:00:00,1138000.5
2020-01-06 20:00:00,1142186.0
2020-01-06 21:00:00,1137978.0
2020-01-06 22:00:00,1133752.5
2020-01-06 23:00:00,1138645.0
2020-01-07 00:00:00,1126121.0
2020-01-07 01:00:00,1127989.0
2020-01-07 02:00:00,1125124.0
2020-01-07 03:00:00,1125148.0
2020-01-07 04:00:00,1128290.0
2020-01-07 05:00:00,1140343.0
2020-01-07 06:00:00,1136377.0
2020-01-07 07:00:00,1124111.5
2020-01-07 08:00:00,1139540.0
2020-01-07 09:00:00,1144571.0
2020-01-07 10:00:00,1144571.0
2020-01-07 11:00:00,1144571.0
2020-01-07 12:00:00,1136043.5
2020-01-07 13:00:00,1153721.5
2020-01-07 14:00:00,1160868.0
2020-01-07 15:00:00,1153397.5
2020-01-07 16:00:00,1156584.5
2020-01-07 17:00:00,1158800.5
2020-01-07 18:00:00,1153956.0
2020-01-07 19:00:00,1149931.5
2020-01-07 20:00:00,1141124.0
2020-01-07 21:00:00,1146093.5
2020-01-07 22:00:00,1147429.5
2020-01-07 23:00:00,1144161.5
2020-01-08 00:00:00,1137112.5
2020-01-08 01:00:00,1133407.5
2020-01-08 02:00:00,1135588.0
2020-01-08 03:00:00,1129833.0
2020-01-08 04:00:00,1126768.5
2020-01-08 05:00:00,1116557.5
2020-01-08 06:00:00,1022139.0
2020-01-08 07:00:00,1089228.5
2020-01-08 08:00:00,1127457.5
2020-01-08 09:00:00,1137612.5
2020-01-08 10:00:00,1132945.0
2020-01-08 11:00:00,1124883.0
2020-01-08 12:00:00,1106517.5
2020-01-08 13:00:00,1111225.0
2020-01-08 14:00:00,1122326.5
2020-01-08 15:00:00,1117053.5
2020-01-08 16:00:00,1112949.5
2020-01-08 17:00:00,1110141.5
2020-01-08 18:00:00,1112625.5
2020-01-08 19:00:00,1113813.5
2020-01-08 20:00:00,1127613.5
2020-01-08 21:00:00,1118933.5
2020-01-08 22:00:00,1113895.0
2020-01-08 23:00:00,1109301.0
2020-01-09 00:00:00,1103349.0
2020-01-09 01:00:00,1105895.0
2020-01-09 02:00:00,1104262.0
2020-01-09 03:00:00,1103596.5
2020-01-09 04:00:00,1101107.0
2020-01-09 05:00:00,1097877.0
2020-01-09 06:00:00,1099194.5
2020-01-09 07:00:00,1104687.5
2020-01-09 08:00:00,1115250.5
2020-01-09 09:00:00,1116514.0
2020-01-09 10:00:00,1113330.0
2020-01-09 11:00:00,1113699.0
2020-01-09 12:00:00,1105693.0
2020-01-09 13:00:00,1106384.0
2020-01-09 14:00:00,1106528.5
2020-01-09 15:00:00,1108100.0
2020-01-09 16:00:00,1105080.5
2020-01-09 17:00:00,1096786.5
2020-01-09 18:00:00,1094540.0
2020-01-09 19:00:00,1096793.0
2020-01-09 20:00:00,1100889.5
2020-01-09 21:00:00,1094793.5
2020-01-09 22:00:00,1102818.5
2020-01-09 23:00:00,1100612.0
2020-01-10 00:00:00,1091256.0
2020-01-10 01:00:00,1094246.0
2020-01-10 02:00:00,1093598.0
2020-01-10 03:00:00,1103188.0
2020-01-10 04:00:00,1100778.5
2020-01-10 05:00:00,1104973.0
2020-01-10 06:00:00,1099147.0
2020-01-10 07:00:00,1099851.5
2020-01-10 08:00:00,1104869.5
2020-01-10 09:00:00,1119356.0
2020-01-10 10:00:00,1115822.0
2020-01-10 11:00:00,1108084.5
2020-01-10 12:00:00,1103561.5
2020-01-10 13:00:00,1108342.5
2020-01-10 14:00:00,1108914.5
2020-01-10 15:00:00,1099718.0
2020-01-10 16:00:00,1099468.5
2020-01-10 17:00:00,1103834.5
2020-01-10 18:00:00,1105988.5
2020-01-10 19:00:00,1103803.5
2020-01-10 20:00:00,1096097.5
2020-01-10 21:00:00,1096369.0
2020-01-10 22:00:00,1106421.5
2020-01-10 23:00:00,1110020.5
2020-01-11 00:00:00,1104710.0
2020-01-11 01:00:00,1099624.5
2020-01-11 02:00:00,1102537.5
2020-01-11 03:00:00,1106018.0
2020-01-11 04:00:00,1106166.0
2020-01-11 05:00:00,1103327.5
2020-01-11 06:00:00,1103813.0
2020-01-11 07:00:00,1108193.0
2020-01-11 08:00:00,1112165.5
2020-01-11 09:00:00,1115002.5
2020-01-11 10:00:00,1109840.5
2020-01-11 11:00:00,1105112.0
2020-01-11 12:00:00,1112632.0
2020-01-11 13:00:00,1125178.5
2020-01-11 14:00:00,1115910.5
2020-01-11 15:00:00,1118796.5
2020-01-11 16:00:00,1116096.0
2020-01-11 17:00:00,1113979.5
2020-01-11 18:00:00,1109599.5
2020-01-11 19:00:00,1101089.5
2020-01-11 20:00:00,1106752.0
2020-01-11 21:00:00,1109957.0
2020-01-11 22:00:00,1108051.5
2020-01-11 23:00:00,1109174.0
2020-01-12 00:00:00,1102334.0
2020-01-12 01:00:00,1095812.5
2020-01-12 02:00:00,1098939.0
2020-01-12 03:00:00,1096996.5
2020-01-12 04:00:00,1104243.0
2020-01-12 05:00:00,1109010.0
2020-01-12 06:00:00,1129151.0
2020-01-12 07:00:00,1115584.5
2020-01-12 08:00:00,1127564.5
2020-01-12 09:00:00,1087391.5
2020-01-12 10:00:00,1120718.0
2020-01-12 11:00:00,1114147.0
2020-01-12 12:00:00,1106541.5
2020-01-12 13:00:00,1110030.5
2020-01-12 14:00:00,1098571.0
2020-01-12 15:00:00,1104220.0
2020-01-12 16:00:00,1098649.5
2020-01-12 17:00:00,1102334.5
2020-01-12 18:00:00,1119288.5
2020-01-12 19:00:00,1121559.5
2020-01-12 20:00:00,1137315.5
2020-01-12 21:00:00,1133517.5
2020-01-12 22:00:00,1127400.0
2020-01-12 23:00:00,1128133.5
2020-01-13 00:00:00,1131417.5
2020-01-13 01:00:00,1132887.0
2020-01-13 02:00:00,1131799.5
2020-01-13 03:00:00,1117741.5
2020-01-13 04:00:00,1081810.5
2020-01-13 05:00:00,1020153.0
2020-01-13 06:00:00,1074862.0
2020-01-13 07:00:00,1112546.5
2020-01-13 08:00:00,1143968.0
2020-01-13 09:00:00,1145448.5
2020-01-13 10:00:00,1139343.0
2020-01-13 11:00:00,1132913.0
2020-01-13 12:00:00,1120205.0
2020-01-13 13:00:00,1125239.0
2020-01-13 14:00:00,1125554.0
2020-01-13 15:00:00,1118630.5
2020-01-13 16:00:00,1129190.0
2020-01-13 17:00:00,1128320.5
2020-01-13 18:00:00,1122158.0
2020-01-13 19:00:00,1121624.5
2020-01-13 20:00:00,1126729.5
2020-01-13 21:00:00,1120917.0
2020-01-13 22:00:00,1118704.5
2020-01-13 23:00:00,1121915.0
2020-01-14 00:00:00,1114849.5
2020-01-14 01:00:00,1113527.0
2020-01-14 02:00:00,1112078.5
2020-01-14 03:00:00,1121559.5
2020-01-14 04:00:00,1113511.0
2020-01-14 05:00:00,1116099.0
2020-01-14 06:00:00,1128203.0
2020-01-14 07:00:00,1127525.5
2020-01-14 08:00:00,1133935.5
2020-01-14 09:00:00,1123801.0
2020-01-14 10:00:00,1122508.0
2020-01-14 11:00:00,1122508.0
2020-01-14 12:00:00,1122508.0
2020-01-14 13:00:00,1122508.0
2020-01-14 14:00:00,1122508.0
2020-01-14 15:00:00,1124572.0
2020-01-14 16:00:00,1124098.0
2020-01-14 17:00:00,1122058.0
2020-01-14 18:00:00,1112978.0
2020-01-14 19:00:00,1119563.0
2020-01-14 20:00:00,1114474.0
2020-01-14 21:00:00,1119595.0
2020-01-14 22:00:00,1116217.5
2020-01-14 23:00:00,1109079.0
2020-01-15 00:00:00,1108343.0
2020-01-15 01:00:00,1107515.5
2020-01-15 02:00:00,1114144.5
2020-01-15 03:00:00,1115953.0
2020-01-15 04:00:00,1109234.0
2020-01-15 05:00:00,1105353.0
2020-01-15 06:00:00,1108568.5
2020-01-15 07:00:00,1102878.0
2020-01-15 08:00:00,1113089.0
2020-01-15 09:00:00,1122500.0
2020-01-15 10:00:00,1118560.0
2020-01-15 11:00:00,1115899.5
2020-01-15 12:00:00,1117139.0
2020-01-15 13:00:00,1128331.0
2020-01-15 14:00:00,1131616.0
2020-01-15 15:00:00,1128771.0
2020-01-15 16:00:00,1119725.5
2020-01-15 17:00:00,1113868.0
2020-01-15 18:00:00,1116239.0
2020-01-15 19:00:00,1114620.5
2020-01-15 20:00:00,1111254.5
2020-01-15 21:00:00,1110809.0
2020-01-15 22:00:00,1116526.0
2020-01-15 23:00:00,1133703.0
2020-01-16 00:00:00,1132395.0
2020-01-16 01:00:00,1123075.0
2020-01-16 02:00:00,1117730.5
2020-01-16 03:00:00,1124310.0
2020-01-16 04:00:00,1118058.5
2020-01-16 05:00:00,1119992.5
2020-01-16 06:00:00,1128454.5
2020-01-16 07:00:00,1126580.0
2020-01-16 08:00:00,1130254.0
2020-01-16 09:00:00,1120786.0
2020-01-16 10:00:00,1132366.5
2020-01-16 11:00:00,1130522.5
2020-01-16 12:00:00,1087820.5
2020-01-16 13:00:00,1125894.5
2020-01-16 14:00:00,1126197.0
2020-01-16 15:00:00,1125678.0
2020-01-16 16:00:00,1120049.0
2020-01-16 17:00:00,1124400.5
2020-01-16 18:00:00,1129011.5
2020-01-16 19:00:00,1130608.5
2020-01-16 20:00:00,1122946.5
2020-01-16 21:00:00,1124895.5
2020-01-16 22:00:00,1114239.0
2020-01-16 23:00:00,1123276.0
2020-01-17 00:00:00,1116772.0
2020-01-17 01:00:00,1119163.0
2020-01-17 02:00:00,1123248.5
2020-01-17 03:00:00,1121174.0
2020-01-17 04:00:00,1123320.0
2020-01-17 05:00:00,1119395.5
2020-01-17 06:00:00,1117201.0
2020-01-17 07:00:00,1117990.0
2020-01-17 08:00:00,1133171.5
2020-01-17 09:00:00,1130224.5
2020-01-17 10:00:00,1125653.0
2020-01-17 11:00:00,1126874.5
2020-01-17 12:00:00,1127512.0
2020-01-17 13:00:00,1136405.0
2020-01-17 14:00:00,1137047.0
2020-01-17 15:00:00,1132193.0
2020-01-17 16:00:00,1136395.0
2020-01-17 17:00:00,1128972.0
2020-01-17 18:00:00,1130633.0
2020-01-17 19:00:00,1125985.5
2020-01-17 20:00:00,1120850.5
2020-01-17 21:00:00,1116642.0
2020-01-17 22:00:00,1122127.5
2020-01-17 23:00:00,1120456.5
2020-01-18 00:00:00,1118914.0
2020-01-18 01:00:00,1119192.0
2020-01-18 02:00:00,1133299.0
2020-01-18 03:00:00,1105180.5
2020-01-18 04:00:00,1129642.5
2020-01-18 05:00:00,1125480.0
2020-01-18 06:00:00,1124925.5
2020-01-18 07:00:00,1125188.0
2020-01-18 08:00:00,1134932.5
2020-01-18 09:00:00,1136355.0
2020-01-18 10:00:00,1122756.5
2020-01-18 11:00:00,1124890.5
2020-01-18 12:00:00,1125896.5
2020-01-18 13:00:00,1135253.5
2020-01-18 14:00:00,1134734.0
2020-01-18 15:00:00,1139965.0
2020-01-18 16:00:00,1134300.5
2020-01-18 17:00:00,1137094.5
2020-01-18 18:00:00,1131587.5
2020-01-18 19:00:00,1123754.0
2020-01-18 20:00:00,1119631.5
2020-01-18 21:00:00,1120289.5
2020-01-18 22:00:00,1128224.0
2020-01-18 23:00:00,1128380.0
2020-01-19 00:00:00,1130665.0
2020-01-19 01:00:00,1120928.0
2020-01-19 02:00:00,1114546.5
2020-01-19 03:00:00,1115448.5
2020-01-19 04:00:00,1118591.5
2020-01-19 05:00:00,1118601.5
2020-01-19 06:00:00,1117825.0
2020-01-19 07:00:00,1121493.0
2020-01-19 08:00:00,1132862.0
2020-01-19 09:00:00,1135517.5
2020-01-19 10:00:00,1128296.5
2020-01-19 11:00:00,1130839.0
2020-01-19 12:00:00,1133728.5
2020-01-19 13:00:00,1145672.0
2020-01-19 14:00:00,1138781.5
2020-01-19 15:00:00,1136611.5
2020-01-19 16:00:00,1136700.5
2020-01-19 17:00:00,1132234.0
2020-01-19 18:00:00,1128225.0
2020-01-19 19:00:00,1118341.0
2020-01-19 20:00:00,1120819.0
2020-01-19 21:00:00,1126770.5
2020-01-19 22:00:00,1123129.5
2020-01-19 23:00:00,1121631.0
2020-01-20 00:00:00,1119440.0
2020-01-20 01:00:00,1117972.5
2020-01-20 02:00:00,1118982.5
2020-01-20 03:00:00,1120401.5
2020-01-20 04:00:00,1117146.5
2020-01-20 05:00:00,1119549.5
2020-01-20 06:00:00,1126251.0
2020-01-20 07:00:00,1131059.5
2020-01-20 08:00:00,1135749.0
2020-01-20 09:00:00,1125453.0
2020-01-20 10:00:00,1127233.5
2020-01-20 11:00:00,1130141.0
2020-01-20 12:00:00,1127194.0
2020-01-20 13:00:00,1131733.5
2020-01-20 14:00:00,1154874.0
2020-01-20 15:00:00,1155884.5
2020-01-20 16:00:00,1152314.0
2020-01-20 17:00:00,1140325.5
2020-01-20 18:00:00,1143205.5
2020-01-20 19:00:00,1149364.0
2020-01-20 20:00:00,1144899.0
2020-01-20 21:00:00,1142091.5
2020-01-20 22:00:00,1127784.5
2020-01-20 23:00:00,1128822.5
2020-01-21 00:00:00,1114273.0
2020-01-21 01:00:00,1113341.5
2020-01-21 02:00:00,1109832.0
2020-01-21 03:00:00,1101371.0
2020-01-21 04:00:00,1080792.0
2020-01-21 05:00:00,1048224.0
2020-01-21 06:00:00,1022976.5
2020-01-21 07:00:00,1033852.5
2020-01-21 08:00:00,1069466.5
2020-01-21 09:00:00,1072550.0
2020-01-21 10:00:00,1072550.0
2020-01-21 11:00:00,1072550.0
2020-01-21 12:00:00,1072550.0
2020-01-21 13:00:00,1072550.0
2020-01-21 14:00:00,1072550.0
2020-01-21 15:00:00,1053984.5
2020-01-21 16:00:00,1097594.5
2020-01-21 17:00:00,1123412.0
2020-01-21 18:00:00,1095081.0
2020-01-21 19:00:00,1087149.5
2020-01-21 20:00:00,1047571.5
2020-01-21 21:00:00,1019589.5
2020-01-21 22:00:00,1030053.0
2020-01-21 23:00:00,1036069.0
2020-01-22 00:00:00,1032090.5
2020-01-22 01:00:00,1032725.0
2020-01-22 02:00:00,1068540.5
2020-01-22 03:00:00,1099158.5
2020-01-22 04:00:00,1083638.0
2020-01-22 05:00:00,1086237.5
2020-01-22 06:00:00,1037432.0
2020-01-22 07:00:00,1015471.5
2020-01-22 08:00:00,1058631.0
2020-01-22 09:00:00,1079659.0
2020-01-22 10:00:00,1078289.0
2020-01-22 11:00:00,1071888.0
2020-01-22 12:00:00,1024620.0
2020-01-22 13:00:00,1030067.0
2020-01-22 14:00:00,1102844.0
2020-01-22 15:00:00,1092670.5
2020-01-22 16:00:00,1073741.5
2020-01-22 17:00:00,1115140.5
2020-01-22 18:00:00,1115979.0
2020-01-22 19:00:00,1116244.5
2020-01-22 20:00:00,1097528.5
2020-01-22 21:00:00,1048382.0
2020-01-22 22:00:00,1034323.0
2020-01-22 23:00:00,1066374.5
2020-01-23 00:00:00,1053538.0
2020-01-23 01:00:00,1056918.5
2020-01-23 02:00:00,1083091.0
2020-01-23 03:00:00,1086705.0
2020-01-23 04:00:00,1066070.5
2020-01-23 05:00:00,1051741.0
2020-01-23 06:00:00,1045291.0
2020-01-23 07:00:00,1048097.0
2020-01-23 08:00:00,1081376.5
2020-01-23 09:00:00,1102913.0
2020-01-23 10:00:00,1108118.5
2020-01-23 11:00:00,1110668.0
2020-01-23 12:00:00,1062536.5
2020-01-23 13:00:00,1065944.5
2020-01-23 14:00:00,1062591.0
2020-01-23 15:00:00,1069697.5
2020-01-23 16:00:00,1068575.0
2020-01-23 17:00:00,1068150.5
2020-01-23 18:00:00,1076854.0
2020-01-23 19:00:00,1077057.5
2020-01-23 20:00:00,1072733.5
2020-01-23 21:00:00,1055294.5
2020-01-23 22:00:00,1059121.5
2020-01-23 23:00:00,1122546.5
2020-01-24 00:00:00,1109357.0
2020-01-24 01:00:00,1108062.5
2020-01-24 02:00:00,1101950.0
2020-01-24 03:00:00,1091778.0
2020-01-24 04:00:00,1066172.0
2020-01-24 05:00:00,1071851.0
2020-01-24 06:00:00,1107668.5
2020-01-24 07:00:00,1128059.0
2020-01-24 08:00:00,1116377.5
2020-01-24 09:00:00,990917.5
2020-01-24 10:00:00,947945.0
2020-01-24 11:00:00,892969.5
2020-01-24 12:00:00,923609.0
2020-01-24 13:00:00,942371.0
2020-01-24 14:00:00,939868.5
2020-01-24 15:00:00,934415.0
2020-01-24 16:00:00,1017488.5
2020-01-24 17:00:00,1063621.0
2020-01-24 18:00:00,1105755.5
2020-01-24 19:00:00,1051729.5
2020-01-24 20:00:00,1048148.0
2020-01-24 21:00:00,1036323.0
2020-01-24 22:00:00,1095093.0
2020-01-24 23:00:00,1108142.5
2020-01-25 00:00:00,1037198.5
2020-01-25 01:00:00,928017.5
2020-01-25 02:00:00,905697.0
2020-01-25 03:00:00,897972.5
2020-01-25 04:00:00,938501.5
2020-01-25 05:00:00,1035950.0
2020-01-25 06:00:00,1089978.5
2020-01-25 07:00:00,1117518.5
2020-01-25 08:00:00,1030877.0
2020-01-25 09:00:00,934418.5
2020-01-25 10:00:00,938410.5
2020-01-25 11:00:00,968246.5
2020-01-25 12:00:00,991136.5
2020-01-25 13:00:00,962216.0
2020-01-25 14:00:00,1002664.5
2020-01-25 15:00:00,1047888.0
2020-01-25 16:00:00,1039676.5
2020-01-25 17:00:00,1049242.5
2020-01-25 18:00:00,1111935.5
2020-01-25 19:00:00,1079997.5
2020-01-25 20:00:00,1029191.0
2020-01-25 21:00:00,1030134.5
2020-01-25 22:00:00,1097214.5
2020-01-25 23:00:00,1100078.5
2020-01-26 00:00:00,944368.5
2020-01-26 01:00:00,905881.0
2020-01-26 02:00:00,919636.5
2020-01-26 03:00:00,934160.5
2020-01-26 04:00:00,961288.5
2020-01-26 05:00:00,987052.5
2020-01-26 06:00:00,1033386.0
2020-01-26 07:00:00,1007523.0
2020-01-26 08:00:00,934773.0
2020-01-26 09:00:00,933029.5
2020-01-26 10:00:00,942356.5
2020-01-26 11:00:00,969464.5
2020-01-26 12:00:00,975649.5
2020-01-26 13:00:00,995536.0
2020-01-26 14:00:00,969967.5
2020-01-26 15:00:00,941057.0
2020-01-26 16:00:00,941590.0
2020-01-26 17:00:00,983317.0
2020-01-26 18:00:00,1051523.0
2020-01-26 19:00:00,1012259.0
2020-01-26 20:00:00,968768.5
2020-01-26 21:00:00,1046667.0
2020-01-26 22:00:00,1107240.0
2020-01-26 23:00:00,1112973.0
2020-01-27 00:00:00,994635.0
2020-01-27 01:00:00,926150.5
2020-01-27 02:00:00,916562.5
2020-01-27 03:00:00,924101.0
2020-01-27 04:00:00,975729.5
2020-01-27 05:00:00,988125.0
2020-01-27 06:00:00,994873.5
2020-01-27 07:00:00,989709.0
2020-01-27 08:00:00,1068912.5
2020-01-27 09:00:00,1101348.0
2020-01-27 10:00:00,1115766.0
2020-01-27 11:00:00,1116224.0
2020-01-27 12:00:00,1109275.0
2020-01-27 13:00:00,1115332.5
2020-01-27 14:00:00,1144024.5
2020-01-27 15:00:00,1149816.5
2020-01-27 16:00:00,1143455.5
2020-01-27 17:00:00,1143241.0
2020-01-27 18:00:00,1134994.5
2020-01-27 19:00:00,1120604.0
2020-01-27 20:00:00,1075812.5
2020-01-27 21:00:00,980537.5
2020-01-27 22:00:00,1052488.0
2020-01-27 23:00:00,1064860.0
2020-01-28 00:00:00,940739.5
2020-01-28 01:00:00,962824.0
2020-01-28 02:00:00,927239.0
2020-01-28 03:00:00,917350.0
2020-01-28 04:00:00,924986.0
2020-01-28 05:00:00,924155.5
2020-01-28 06:00:00,922647.0
2020-01-28 07:00:00,948862.5
2020-01-28 08:00:00,1089799.5
2020-01-28 09:00:00,1129473.0
2020-01-28 10:00:00,1129473.0
2020-01-28 11:00:00,1129473.0
2020-01-28 12:00:00,1129473.0
2020-01-28 13:00:00,1129473.0
2020-01-28 14:00:00,1129473.0
2020-01-28 15:00:00,1071976.5
2020-01-28 16:00:00,1072317.5
2020-01-28 17:00:00,1113363.5
2020-01-28 18:00:00,1124277.0
2020-01-28 19:00:00,1099267.0
2020-01-28 20:00:00,1080472.0
2020-01-28 21:00:00,1063869.5
2020-01-28 22:00:00,1059683.5
2020-01-28 23:00:00,1075720.5
2020-01-29 00:00:00,1053895.5
2020-01-29 01:00:00,1054906.5
2020-01-29 02:00:00,1050192.5
2020-01-29 03:00:00,1053470.0
2020-01-29 04:00:00,1055575.0
2020-01-29 05:00:00,1050672.5
2020-01-29 06:00:00,1042775.5
2020-01-29 07:00:00,1046802.0
2020-01-29 08:00:00,1073312.5
2020-01-29 09:00:00,1082423.5
2020-01-29 10:00:00,1111238.0
2020-01-29 11:00:00,1079880.5
2020-01-29 12:00:00,1062081.0
2020-01-29 13:00:00,1103330.0
2020-01-29 14:00:00,1139711.0
2020-01-29 15:00:00,1099749.0
2020-01-29 16:00:00,1080055.0
2020-01-29 17:00:00,1074662.0
2020-01-29 18:00:00,1106736.5
2020-01-29 19:00:00,1106600.5
2020-01-29 20:00:00,1104249.0
2020-01-29 21:00:00,1081735.5
2020-01-29 22:00:00,1083165.0
2020-01-29 23:00:00,1099575.0
2020-01-30 00:00:00,1088680.0
2020-01-30 01:00:00,1063080.0
2020-01-30 02:00:00,1079812.5
2020-01-30 03:00:00,1065855.5
2020-01-30 04:00:00,1057545.0
2020-01-30 05:00:00,1067866.5
2020-01-30 06:00:00,1065020.5
2020-01-30 07:00:00,1065879.5
2020-01-30 08:00:00,1071475.5
2020-01-30 09:00:00,1076264.0
2020-01-30 10:00:00,1065018.0
2020-01-30 11:00:00,1064408.5
2020-01-30 12:00:00,1072281.0
2020-01-30 13:00:00,1074473.5
2020-01-30 14:00:00,1067722.5
2020-01-30 15:00:00,1057075.5
2020-01-30 16:00:00,1068061.5
2020-01-30 17:00:00,1078810.5
2020-01-30 18:00:00,1085911.5
2020-01-30 19:00:00,1076485.0
2020-01-30 20:00:00,1076382.5
2020-01-30 21:00:00,1071389.0
2020-01-30 22:00:00,1062295.0
2020-01-30 23:00:00,1090408.0
2020-01-31 00:00:00,1073919.0
2020-01-31 01:00:00,1060625.0
2020-01-31 02:00:00,1093448.5
2020-01-31 03:00:00,1100978.5
2020-01-31 04:00:00,1091958.0
2020-01-31 05:00:00,1056095.0
2020-01-31 06:00:00,1064263.0
2020-01-31 07:00:00,1051598.0
2020-01-31 08:00:00,1075907.0
2020-01-31 09:00:00,1098951.5
2020-01-31 10:00:00,1107310.0
2020-01-31 11:00:00,1119686.5
2020-01-31 12:00:00,1086710.0
2020-01-31 13:00:00,1096335.0
2020-01-31 14:00:00,1149242.0
2020-01-31 15:00:00,1129528.5
2020-01-31 16:00:00,1139404.0
2020-01-31 17:00:00,1131927.5
2020-01-31 18:00:00,1123091.5
2020-01-31 19:00:00,1086556.0
2020-01-31 20:00:00,1034094.0
2020-01-31 21:00:00,1041667.5
2020-01-31 22:00:00,1052565.5
2020-01-31 23:00:00,1099716.5
2020-02-01 00:00:00,1074214.5
2020-02-01 01:00:00,1047918.5
2020-02-01 02:00:00,1040524.5
2020-02-01 03:00:00,1050917.0
2020-02-01 04:00:00,1045020.5
2020-02-01 05:00:00,1047315.0
2020-02-01 06:00:00,1042563.0
2020-02-01 07:00:00,1037424.0
2020-02-01 08:00:00,1053158.5
2020-02-01 09:00:00,1042664.0
2020-02-01 10:00:00,1045979.0
2020-02-01 11:00:00,1045335.0
2020-02-01 12:00:00,1039399.0
2020-02-01 13:00:00,1057002.5
2020-02-01 14:00:00,1045290.5
2020-02-01 15:00:00,1055778.0
2020-02-01 16:00:00,1070400.0
2020-02-01 17:00:00,1079268.0
2020-02-01 18:00:00,1087243.5
2020-02-01 19:00:00,1061366.0
2020-02-01 20:00:00,1048407.5
2020-02-01 21:00:00,1057198.0
2020-02-01 22:00:00,1078901.0
2020-02-01 23:00:00,1077276.5
2020-02-02 00:00:00,1039226.0
2020-02-02 01:00:00,1063363.5
2020-02-02 02:00:00,1072170.5
2020-02-02 03:00:00,1065630.5
2020-02-02 04:00:00,1052360.5
2020-02-02 05:00:00,1059637.0
2020-02-02 06:00:00,1049776.5
2020-02-02 07:00:00,1058122.0
2020-02-02 08:00:00,1060893.0
2020-02-02 09:00:00,1049624.0
2020-02-02 10:00:00,1069326.5
2020-02-02 11:00:00,1026936.0
2020-02-02 12:00:00,1049597.5
2020-02-02 13:00:00,1077196.5
2020-02-02 14:00:00,1056650.0
2020-02-02 15:00:00,1056731.5
2020-02-02 16:00:00,1054124.5
2020-02-02 17:00:00,1063380.5
2020-02-02 18:00:00,1073299.5
2020-02-02 19:00:00,1060570.0
2020-02-02 20:00:00,1052796.0
2020-02-02 21:00:00,1052990.0
2020-02-02 22:00:00,1058277.5
2020-02-02 23:00:00,1054190.0
2020-02-03 00:00:00,1020256.5
2020-02-03 01:00:00,1069486.0
2020-02-03 02:00:00,1079941.0
2020-02-03 03:00:00,1066464.5
2020-02-03 04:00:00,1054088.0
2020-02-03 05:00:00,1045540.5
2020-02-03 06:00:00,1099947.0
2020-02-03 07:00:00,1042193.5
2020-02-03 08:00:00,1064853.5
2020-02-03 09:00:00,1123492.5
2020-02-03 10:00:00,1099662.0
2020-02-03 11:00:00,1085233.5
2020-02-03 12:00:00,1053444.0
2020-02-03 13:00:00,1124988.0
2020-02-03 14:00:00,1127749.0
2020-02-03 15:00:00,1117672.5
2020-02-03 16:00:00,1087647.5
2020-02-03 17:00:00,1075364.5
2020-02-03 18:00:00,1094128.0
2020-02-03 19:00:00,1103214.5
2020-02-03 20:00:00,1093742.0
2020-02-03 21:00:00,1053455.5
2020-02-03 22:00:00,1052853.0
2020-02-03 23:00:00,1079291.5
2020-02-04 00:00:00,1060597.5
2020-02-04 01:00:00,1084391.5
2020-02-04 02:00:00,1063957.5
2020-02-04 03:00:00,1045775.5
2020-02-04 04:00:00,1054714.0
2020-02-04 05:00:00,1056427.5
2020-02-04 06:00:00,1049092.0
2020-02-04 07:00:00,1050297.5
2020-02-04 08:00:00,1059558.0
2020-02-04 09:00:00,1045568.0
2020-02-04 10:00:00,1045568.0
2020-02-04 11:00:00,1045568.0
2020-02-04 12:00:00,1045568.0
2020-02-04 13:00:00,1045568.0
2020-02-04 14:00:00,1045568.0
2020-02-04 15:00:00,1058609.0
2020-02-04 16:00:00,1063898.0
2020-02-04 17:00:00,1067115.5
2020-02-04 18:00:00,1096209.0
2020-02-04 19:00:00,1096460.5
2020-02-04 20:00:00,1071440.5
2020-02-04 21:00:00,1046559.5
2020-02-04 22:00:00,1044580.0
2020-02-04 23:00:00,1052702.0
2020-02-05 00:00:00,1049787.5
2020-02-05 01:00:00,1052383.0
2020-02-05 02:00:00,1049119.0
2020-02-05 03:00:00,1046050.5
2020-02-05 04:00:00,1048096.0
2020-02-05 05:00:00,1044067.5
2020-02-05 06:00:00,1037037.0
2020-02-05 07:00:00,1046452.0
2020-02-05 08:00:00,1057641.5
2020-02-05 09:00:00,1079783.0
2020-02-05 10:00:00,1136740.5
2020-02-05 11:00:00,1127238.5
2020-02-05 12:00:00,1068719.0
2020-02-05 13:00:00,1089085.5
2020-02-05 14:00:00,1089449.0
2020-02-05 15:00:00,1070490.5
2020-02-05 16:00:00,1069338.5
2020-02-05 17:00:00,1050111.5
2020-02-05 18:00:00,1073455.0
2020-02-05 19:00:00,1093140.0
2020-02-05 20:00:00,1081121.5
2020-02-05 21:00:00,1046754.0
2020-02-05 22:00:00,1033658.0
2020-02-05 23:00:00,1056428.0
2020-02-06 00:00:00,1035324.5
2020-02-06 01:00:00,1063646.0
2020-02-06 02:00:00,1079035.5
2020-02-06 03:00:00,1076338.0
2020-02-06 04:00:00,1039096.5
2020-02-06 05:00:00,1033728.5
2020-02-06 06:00:00,1034472.0
2020-02-06 07:00:00,1035515.0
2020-02-06 08:00:00,1056332.0
2020-02-06 09:00:00,1080458.0
2020-02-06 10:00:00,1090139.0
2020-02-06 11:00:00,1097807.5
2020-02-06 12:00:00,1051672.0
2020-02-06 13:00:00,1057845.5
2020-02-06 14:00:00,1080599.5
2020-02-06 15:00:00,1059583.5
2020-02-06 16:00:00,1054506.5
2020-02-06 17:00:00,1034220.5
2020-02-06 18:00:00,1052727.5
2020-02-06 19:00:00,1036719.5
2020-02-06 20:00:00,1029624.5
2020-02-06 21:00:00,1031458.5
2020-02-06 22:00:00,1037938.0
2020-02-06 23:00:00,1071203.0
2020-02-07 00:00:00,1071788.5
2020-02-07 01:00:00,1047837.5
2020-02-07 02:00:00,1059404.5
2020-02-07 03:00:00,1087081.0
2020-02-07 04:00:00,1106398.5
2020-02-07 05:00:00,1108582.5
2020-02-07 06:00:00,1083761.5
2020-02-07 07:00:00,1043729.0
2020-02-07 08:00:00,1083291.5
2020-02-07 09:00:00,1089622.0
2020-02-07 10:00:00,1089480.5
2020-02-07 11:00:00,1101189.5
2020-02-07 12:00:00,1026798.0
2020-02-07 13:00:00,1039283.5
2020-02-07 14:00:00,1103006.5
2020-02-07 15:00:00,1098608.0
2020-02-07 16:00:00,1089233.5
2020-02-07 17:00:00,1091282.0
2020-02-07 18:00:00,1101457.5
2020-02-07 19:00:00,1119909.0
2020-02-07 20:00:00,1105543.5
2020-02-07 21:00:00,1084286.5
2020-02-07 22:00:00,1069132.5
2020-02-07 23:00:00,1110630.0
2020-02-08 00:00:00,1100687.5
2020-02-08 01:00:00,1070550.0
2020-02-08 02:00:00,1069936.5
2020-02-08 03:00:00,1099911.5
2020-02-08 04:00:00,1098453.5
2020-02-08 05:00:00,1063687.0
2020-02-08 06:00:00,1047288.5
2020-02-08 07:00:00,1046531.5
2020-02-08 08:00:00,1069234.5
2020-02-08 09:00:00,1078865.0
2020-02-08 10:00:00,1059464.5
2020-02-08 11:00:00,1051373.0
2020-02-08 12:00:00,1026246.0
2020-02-08 13:00:00,1041101.0
2020-02-08 14:00:00,1047798.5
2020-02-08 15:00:00,1041941.5
2020-02-08 16:00:00,1058013.5
2020-02-08 17:00:00,1062039.0
2020-02-08 18:00:00,1083409.0
2020-02-08 19:00:00,1106673.5
2020-02-08 20:00:00,1090524.5
2020-02-08 21:00:00,1049293.0
2020-02-08 22:00:00,1047435.0
2020-02-08 23:00:00,1057475.5
2020-02-09 00:00:00,1046571.5
2020-02-09 01:00:00,1034811.0
2020-02-09 02:00:00,1050729.5
2020-02-09 03:00:00,1039842.5
2020-02-09 04:00:00,1044561.5
2020-02-09 05:00:00,1044253.0
2020-02-09 06:00:00,1048904.0
2020-02-09 07:00:00,1055881.0
2020-02-09 08:00:00,1032976.0
2020-02-09 09:00:00,981552.5
2020-02-09 10:00:00,1008519.5
2020-02-09 11:00:00,948899.0
2020-02-09 12:00:00,1038144.5
2020-02-09 13:00:00,958537.5
2020-02-09 14:00:00,1029560.0
2020-02-09 15:00:00,1024421.0
2020-02-09 16:00:00,1049249.0
2020-02-09 17:00:00,1053098.5
2020-02-09 18:00:00,1049108.5
2020-02-09 19:00:00,1052167.5
2020-02-09 20:00:00,1046615.5
2020-02-09 21:00:00,1033928.0
2020-02-09 22:00:00,1058729.5
2020-02-09 23:00:00,1058376.5
2020-02-10 00:00:00,1057831.5
2020-02-10 01:00:00,1069051.5
2020-02-10 02:00:00,1086535.0
2020-02-10 03:00:00,1065781.0
2020-02-10 04:00:00,1052915.0
2020-02-10 05:00:00,1032026.5
2020-02-10 06:00:00,1019794.5
2020-02-10 07:00:00,1045410.0
2020-02-10 08:00:00,1066575.0
2020-02-10 09:00:00,1078306.0
2020-02-10 10:00:00,1110333.0
2020-02-10 11:00:00,1102889.0
2020-02-10 12:00:00,1050313.0
2020-02-10 13:00:00,1075783.0
2020-02-10 14:00:00,1146559.5
2020-02-10 15:00:00,1132528.0
2020-02-10 16:00:00,1125930.0
2020-02-10 17:00:00,1093531.0
2020-02-10 18:00:00,1099336.5
2020-02-10 19:00:00,1119551.5
2020-02-10 20:00:00,1120500.0
2020-02-10 21:00:00,1082193.5
2020-02-10 22:00:00,1042305.5
2020-02-10 23:00:00,1053383.0
2020-02-11 00:00:00,1040211.0
2020-02-11 01:00:00,1084245.5
2020-02-11 02:00:00,1103902.0
2020-02-11 03:00:00,1087020.5
2020-02-11 04:00:00,1049362.0
2020-02-11 05:00:00,1043661.5
2020-02-11 06:00:00,1035448.0
2020-02-11 07:00:00,1049674.5
2020-02-11 08:00:00,1091827.0
2020-02-11 09:00:00,1116051.0
2020-02-11 10:00:00,1116051.0
2020-02-11 11:00:00,1116051.0
2020-02-11 12:00:00,1116051.0
2020-02-11 13:00:00,1116051.0
2020-02-11 14:00:00,1116051.0
2020-02-11 15:00:00,1116051.0
2020-02-11 16:00:00,1105708.0
2020-02-11 17:00:00,1111386.5
2020-02-11 18:00:00,1125831.5
2020-02-11 19:00:00,1114940.0
2020-02-11 20:00:00,1077790.0
2020-02-11 21:00:00,1041751.0
2020-02-11 22:00:00,1054040.5
2020-02-11 23:00:00,1052837.0
2020-02-12 00:00:00,1051195.0
2020-02-12 01:00:00,1077271.0
2020-02-12 02:00:00,1122109.5
2020-02-12 03:00:00,1088594.0
2020-02-12 04:00:00,1057847.0
2020-02-12 05:00:00,1063773.5
2020-02-12 06:00:00,1065011.5
2020-02-12 07:00:00,1024113.5
2020-02-12 08:00:00,1067273.5
2020-02-12 09:00:00,1064097.0
2020-02-12 10:00:00,1062703.0
2020-02-12 11:00:00,1083904.5
2020-02-12 12:00:00,1087307.5
2020-02-12 13:00:00,1134530.5
2020-02-12 14:00:00,1165097.5
2020-02-12 15:00:00,1101470.5
2020-02-12 16:00:00,1076951.5
2020-02-12 17:00:00,1063610.0
2020-02-12 18:00:00,1069687.0
2020-02-12 19:00:00,1068399.0
2020-02-12 20:00:00,1060709.0
2020-02-12 21:00:00,1063487.5
2020-02-12 22:00:00,1074220.5
2020-02-12 23:00:00,1085113.5
2020-02-13 00:00:00,1050794.0
2020-02-13 01:00:00,1083783.5
2020-02-13 02:00:00,1083941.0
2020-02-13 03:00:00,1055026.0
2020-02-13 04:00:00,1055452.5
2020-02-13 05:00:00,1056671.0
2020-02-13 06:00:00,1047671.5
2020-02-13 07:00:00,1036907.5
2020-02-13 08:00:00,1050568.5
2020-02-13 09:00:00,1058176.0
2020-02-13 10:00:00,1062969.5
2020-02-13 11:00:00,1110425.5
2020-02-13 12:00:00,1088671.5
2020-02-13 13:00:00,1106758.0
2020-02-13 14:00:00,1107085.5
2020-02-13 15:00:00,1087508.0
2020-02-13 16:00:00,1088958.5
2020-02-13 17:00:00,1100616.5
2020-02-13 18:00:00,1112742.0
2020-02-13 19:00:00,1113417.5
2020-02-13 20:00:00,1061812.0
2020-02-13 21:00:00,1059407.0
2020-02-13 22:00:00,1053457.0
2020-02-13 23:00:00,1052815.5
2020-02-14 00:00:00,1051270.0
2020-02-14 01:00:00,1061364.0
2020-02-14 02:00:00,1062577.0
2020-02-14 03:00:00,1065987.0
2020-02-14 04:00:00,1077190.5
2020-02-14 05:00:00,1061909.0
2020-02-14 06:00:00,1076483.5
2020-02-14 07:00:00,1063023.0
2020-02-14 08:00:00,1067837.0
2020-02-14 09:00:00,1070203.0
2020-02-14 10:00:00,1074327.0
2020-02-14 11:00:00,1079125.0
2020-02-14 12:00:00,1062992.5
2020-02-14 13:00:00,1072793.5
2020-02-14 14:00:00,1131475.0
2020-02-14 15:00:00,1069902.5
2020-02-14 16:00:00,1078232.5
2020-02-14 17:00:00,1066119.5
2020-02-14 18:00:00,1096190.0
2020-02-14 19:00:00,1119302.5
2020-02-14 20:00:00,1116686.0
2020-02-14 21:00:00,1077772.0
2020-02-14 22:00:00,1056713.0
2020-02-14 23:00:00,1090172.5
2020-02-15 00:00:00,1084790.0
2020-02-15 01:00:00,1073702.0
2020-02-15 02:00:00,1078535.5
2020-02-15 03:00:00,1079159.0
2020-02-15 04:00:00,1084325.5
2020-02-15 05:00:00,1073939.0
2020-02-15 06:00:00,1060910.5
2020-02-15 07:00:00,1060148.5
2020-02-15 08:00:00,1061756.0
2020-02-15 09:00:00,1065723.5
2020-02-15 10:00:00,1071502.0
2020-02-15 11:00:00,1094519.5
2020-02-15 12:00:00,1088025.5
2020-02-15 13:00:00,1074755.5
2020-02-15 14:00:00,1059540.5
2020-02-15 15:00:00,1068945.5
2020-02-15 16:00:00,1069435.0
2020-02-15 17:00:00,1082820.5
2020-02-15 18:00:00,1089126.0
2020-02-15 19:00:00,1088034.0
2020-02-15 20:00:00,1094528.5
2020-02-15 21:00:00,1096747.5
2020-02-15 22:00:00,1104707.0
2020-02-15 23:00:00,1104446.5
2020-02-16 00:00:00,1090048.0
2020-02-16 01:00:00,1100281.5
2020-02-16 02:00:00,1086557.0
2020-02-16 03:00:00,1076892.0
2020-02-16 04:00:00,1096139.0
2020-02-16 05:00:00,1102147.0
2020-02-16 06:00:00,1058951.5
2020-02-16 07:00:00,1058006.5
2020-02-16 08:00:00,1079177.0
2020-02-16 09:00:00,1113829.5
2020-02-16 10:00:00,1121877.5
2020-02-16 11:00:00,1100926.0
2020-02-16 12:00:00,1069658.5
2020-02-16 13:00:00,1079769.5
2020-02-16 14:00:00,1040627.5
2020-02-16 15:00:00,1101132.0
2020-02-16 16:00:00,1115539.0
2020-02-16 17:00:00,1099425.0
2020-02-16 18:00:00,1113040.5
2020-02-16 19:00:00,1138240.5
2020-02-16 20:00:00,1118874.0
2020-02-16 21:00:00,1083430.0
2020-02-16 22:00:00,1071901.5
2020-02-16 23:00:00,1058397.0
2020-02-17 00:00:00,1048501.5
2020-02-17 01:00:00,1066389.0
2020-02-17 02:00:00,1064818.5
2020-02-17 03:00:00,1058049.5
2020-02-17 04:00:00,1074884.0
2020-02-17 05:00:00,1098092.5
2020-02-17 06:00:00,1076956.5
2020-02-17 07:00:00,1080398.5
2020-02-17 08:00:00,1106209.5
2020-02-17 09:00:00,1123268.0
2020-02-17 10:00:00,1127373.0
2020-02-17 11:00:00,1129137.5
2020-02-17 12:00:00,1129271.0
2020-02-17 13:00:00,1133998.5
2020-02-17 14:00:00,1119315.0
2020-02-17 15:00:00,1132615.5
2020-02-17 16:00:00,1129576.0
2020-02-17 17:00:00,1123828.0
2020-02-17 18:00:00,1127353.0
2020-02-17 19:00:00,1130978.5
2020-02-17 20:00:00,1132558.0
2020-02-17 21:00:00,1127990.5
2020-02-17 22:00:00,1130181.5
2020-02-17 23:00:00,1124466.0
2020-02-18 00:00:00,1128866.5
2020-02-18 01:00:00,1129676.5
2020-02-18 02:00:00,1131264.5
2020-02-18 03:00:00,1131450.0
2020-02-18 04:00:00,1134341.5
2020-02-18 05:00:00,1129741.5
2020-02-18 06:00:00,1123249.0
2020-02-18 07:00:00,1122352.5
2020-02-18 08:00:00,1124013.0
2020-02-18 09:00:00,1127058.5
2020-02-18 10:00:00,1125730.0
2020-02-18 11:00:00,1125730.0
2020-02-18 12:00:00,1125730.0
2020-02-18 13:00:00,1125730.0
2020-02-18 14:00:00,1125730.0
2020-02-18 15:00:00,1125730.0
2020-02-18 16:00:00,1125730.0
2020-02-18 17:00:00,1125730.0
2020-02-18 18:00:00,1129843.5
2020-02-18 19:00:00,1131434.5
2020-02-18 20:00:00,1131844.0
2020-02-18 21:00:00,1129328.5
2020-02-18 22:00:00,1127689.0
2020-02-18 23:00:00,1128841.5
2020-02-19 00:00:00,1101825.0
2020-02-19 01:00:00,1070501.5
2020-02-19 02:00:00,1067563.5
2020-02-19 03:00:00,1074120.0
2020-02-19 04:00:00,1066919.0
2020-02-19 05:00:00,1048268.0
2020-02-19 06:00:00,1057869.5
2020-02-19 07:00:00,1054243.5
2020-02-19 08:00:00,1057716.5
2020-02-19 09:00:00,1051333.5
2020-02-19 10:00:00,1052420.5
2020-02-19 11:00:00,1047728.0
2020-02-19 12:00:00,1035683.5
2020-02-19 13:00:00,1054830.0
2020-02-19 14:00:00,1089176.0
2020-02-19 15:00:00,1153750.0
2020-02-19 16:00:00,1136332.0
2020-02-19 17:00:00,1111276.5
2020-02-19 18:00:00,1068859.5
2020-02-19 19:00:00,1050373.0
2020-02-19 20:00:00,1052062.5
2020-02-19 21:00:00,1051993.0
2020-02-19 22:00:00,1046145.0
2020-02-19 23:00:00,1053178.0
2020-02-20 00:00:00,1041704.0
2020-02-20 01:00:00,1046470.0
2020-02-20 02:00:00,1053490.0
2020-02-20 03:00:00,1061958.5
2020-02-20 04:00:00,1084977.5
2020-02-20 05:00:00,1110947.5
2020-02-20 06:00:00,1115226.0
2020-02-20 07:00:00,1088854.0
2020-02-20 08:00:00,1051375.5
2020-02-20 09:00:00,1047393.5
2020-02-20 10:00:00,1042162.0
2020-02-20 11:00:00,1045997.0
2020-02-20 12:00:00,1039982.5
2020-02-20 13:00:00,1050945.5
2020-02-20 14:00:00,1063247.5
2020-02-20 15:00:00,1074935.0
2020-02-20 16:00:00,1097763.5
2020-02-20 17:00:00,1090913.5
2020-02-20 18:00:00,1096330.5
2020-02-20 19:00:00,1114382.5
2020-02-20 20:00:00,1122089.5
2020-02-20 21:00:00,1086893.0
2020-02-20 22:00:00,1052771.0
2020-02-20 23:00:00,1053720.5
2020-02-21 00:00:00,1046138.0
2020-02-21 01:00:00,1056826.5
2020-02-21 02:00:00,1047492.5
2020-02-21 03:00:00,1044799.0
2020-02-21 04:00:00,1058234.0
2020-02-21 05:00:00,1059140.5
2020-02-21 06:00:00,1043138.5
2020-02-21 07:00:00,1030991.5
2020-02-21 08:00:00,1049677.5
2020-02-21 09:00:00,1043116.5
2020-02-21 10:00:00,1051787.5
2020-02-21 11:00:00,1078729.0
2020-02-21 12:00:00,1058048.5
2020-02-21 13:00:00,1070557.0
2020-02-21 14:00:00,1127942.5
2020-02-21 15:00:00,1112016.5
2020-02-21 16:00:00,1093534.0
2020-02-21 17:00:00,1046198.5
2020-02-21 18:00:00,1050711.0
2020-02-21 19:00:00,1064287.0
2020-02-21 20:00:00,1060659.5
2020-02-21 21:00:00,1054713.5
2020-02-21 22:00:00,1051158.0
2020-02-21 23:00:00,1067576.5
2020-02-22 00:00:00,1073576.0
2020-02-22 01:00:00,1051482.5
2020-02-22 02:00:00,1051143.0
2020-02-22 03:00:00,1045606.0
2020-02-22 04:00:00,1058535.0
2020-02-22 05:00:00,1043886.5
2020-02-22 06:00:00,1037099.5
2020-02-22 07:00:00,1044938.5
2020-02-22 08:00:00,1079589.0
2020-02-22 09:00:00,1063340.0
2020-02-22 10:00:00,956551.5
2020-02-22 11:00:00,943328.0
2020-02-22 12:00:00,931577.5
2020-02-22 13:00:00,932463.0
2020-02-22 14:00:00,936436.0
2020-02-22 15:00:00,1014173.5
2020-02-22 16:00:00,1002634.5
2020-02-22 17:00:00,1039942.0
2020-02-22 18:00:00,1057538.0
2020-02-22 19:00:00,1058343.5
2020-02-22 20:00:00,1037418.0
2020-02-22 21:00:00,1044895.0
2020-02-22 22:00:00,1063130.5
2020-02-22 23:00:00,1097078.0
2020-02-23 00:00:00,1089049.0
2020-02-23 01:00:00,1021095.5
2020-02-23 02:00:00,1034845.0
2020-02-23 03:00:00,1031884.0
2020-02-23 04:00:00,1038289.0
2020-02-23 05:00:00,1028370.0
2020-02-23 06:00:00,1038479.5
2020-02-23 07:00:00,1029110.0
2020-02-23 08:00:00,995942.0
2020-02-23 09:00:00,1018568.0
2020-02-23 10:00:00,1014462.5
2020-02-23 11:00:00,995733.0
2020-02-23 12:00:00,1008456.5
2020-02-23 13:00:00,1030679.5
2020-02-23 14:00:00,1030678.5
2020-02-23 15:00:00,969039.0
2020-02-23 16:00:00,969931.5
2020-02-23 17:00:00,1047122.5
2020-02-23 18:00:00,1118549.5
2020-02-23 19:00:00,1121095.5
2020-02-23 20:00:00,1117825.0
2020-02-23 21:00:00,1110222.5
2020-02-23 22:00:00,1121445.5
2020-02-23 23:00:00,1111751.0
2020-02-24 00:00:00,1044505.5
2020-02-24 01:00:00,1033222.0
2020-02-24 02:00:00,1032219.5
2020-02-24 03:00:00,1026899.0
2020-02-24 04:00:00,1029194.0
2020-02-24 05:00:00,1033073.0
2020-02-24 06:00:00,1039363.5
2020-02-24 07:00:00,1077086.0
2020-02-24 08:00:00,1073342.5
2020-02-24 09:00:00,1048733.0
2020-02-24 10:00:00,1050070.0
2020-02-24 11:00:00,1080167.0
2020-02-24 12:00:00,1027451.5
2020-02-24 13:00:00,1099226.0
2020-02-24 14:00:00,1163315.0
2020-02-24 15:00:00,1142564.0
2020-02-24 16:00:00,1131229.5
2020-02-24 17:00:00,1076171.0
2020-02-24 18:00:00,1063562.0
2020-02-24 19:00:00,1062712.0
2020-02-24 20:00:00,1052360.5
2020-02-24 21:00:00,1059536.5
2020-02-24 22:00:00,1059351.5
2020-02-24 23:00:00,1085322.5
2020-02-25 00:00:00,1054724.5
2020-02-25 01:00:00,1093361.5
2020-02-25 02:00:00,1134660.0
2020-02-25 03:00:00,1139286.5
2020-02-25 04:00:00,1133532.5
2020-02-25 05:00:00,1125191.0
2020-02-25 06:00:00,1114791.0
2020-02-25 07:00:00,1124316.5
2020-02-25 08:00:00,1135348.5
2020-02-25 09:00:00,1118517.5
2020-02-25 10:00:00,1117224.0
2020-02-25 11:00:00,1117224.0
2020-02-25 12:00:00,1117224.0
2020-02-25 13:00:00,1117224.0
2020-02-25 14:00:00,1117224.0
2020-02-25 15:00:00,1117224.0
2020-02-25 16:00:00,1113073.5
2020-02-25 17:00:00,1063832.0
2020-02-25 18:00:00,1067512.0
2020-02-25 19:00:00,1065302.0
2020-02-25 20:00:00,1063766.5
2020-02-25 21:00:00,1060066.5
2020-02-25 22:00:00,1064109.0
2020-02-25 23:00:00,1096699.0
2020-02-26 00:00:00,1063570.0
2020-02-26 01:00:00,1054786.0
2020-02-26 02:00:00,1056059.5
2020-02-26 03:00:00,1053657.5
2020-02-26 04:00:00,1063558.5
2020-02-26 05:00:00,1046685.5
2020-02-26 06:00:00,1051553.0
2020-02-26 07:00:00,1057655.0
2020-02-26 08:00:00,1057852.0
2020-02-26 09:00:00,1062819.0
2020-02-26 10:00:00,1061927.0
2020-02-26 11:00:00,1063356.5
2020-02-26 12:00:00,1054556.5
2020-02-26 13:00:00,1094661.5
2020-02-26 14:00:00,1145594.5
2020-02-26 15:00:00,1133951.5
2020-02-26 16:00:00,1121856.5
2020-02-26 17:00:00,1087852.5
2020-02-26 18:00:00,1059937.0
2020-02-26 19:00:00,1047410.5
2020-02-26 20:00:00,1055992.5
2020-02-26 21:00:00,1049632.5
2020-02-26 22:00:00,1050628.5
2020-02-26 23:00:00,1062384.5
2020-02-27 00:00:00,1068111.5
2020-02-27 01:00:00,1056355.0
2020-02-27 02:00:00,1059452.5
2020-02-27 03:00:00,1058376.0
2020-02-27 04:00:00,1049720.0
2020-02-27 05:00:00,1059537.0
2020-02-27 06:00:00,1081812.0
2020-02-27 07:00:00,1100986.5
2020-02-27 08:00:00,1119803.5
2020-02-27 09:00:00,1105934.5
2020-02-27 10:00:00,1098016.5
2020-02-27 11:00:00,1097171.0
2020-02-27 12:00:00,1043345.5
2020-02-27 13:00:00,1076890.5
2020-02-27 14:00:00,1053735.5
2020-02-27 15:00:00,1070000.5
2020-02-27 16:00:00,1084918.0
2020-02-27 17:00:00,1066010.5
2020-02-27 18:00:00,1047618.0
2020-02-27 19:00:00,1058392.5
2020-02-27 20:00:00,1058834.5
2020-02-27 21:00:00,1050883.0
2020-02-27 22:00:00,1055587.0
2020-02-27 23:00:00,1057105.5
2020-02-28 00:00:00,1055685.5
2020-02-28 01:00:00,1087521.0
2020-02-28 02:00:00,1102314.0
2020-02-28 03:00:00,1095728.5
2020-02-28 04:00:00,1070518.5
2020-02-28 05:00:00,1076816.5
2020-02-28 06:00:00,1084773.0
2020-02-28 07:00:00,1073020.0
2020-02-28 08:00:00,1095216.5
2020-02-28 09:00:00,1109961.5
2020-02-28 10:00:00,1124953.0
2020-02-28 11:00:00,1141872.5
2020-02-28 12:00:00,1146265.5
2020-02-28 13:00:00,1158472.0
2020-02-28 14:00:00,1153822.5
2020-02-28 15:00:00,1145161.0
2020-02-28 16:00:00,1130532.5
2020-02-28 17:00:00,1067091.0
2020-02-28 18:00:00,1057239.0
2020-02-28 19:00:00,1066992.5
2020-02-28 20:00:00,1061317.0
2020-02-28 21:00:00,1053190.5
2020-02-28 22:00:00,1049000.0
2020-02-28 23:00:00,1069053.0
2020-02-29 00:00:00,1053979.0
2020-02-29 01:00:00,1055443.0
2020-02-29 02:00:00,1049137.0
2020-02-29 03:00:00,1059814.5
2020-02-29 04:00:00,1053369.5
2020-02-29 05:00:00,1057633.0
2020-02-29 06:00:00,1057933.0
2020-02-29 07:00:00,1073220.0
2020-02-29 08:00:00,1052217.0
2020-02-29 09:00:00,1054697.5
2020-02-29 10:00:00,1056570.5
2020-02-29 11:00:00,1058234.0
2020-02-29 12:00:00,1063377.0
2020-02-29 13:00:00,1060554.5
2020-02-29 14:00:00,1069980.5
2020-02-29 15:00:00,1078540.5
2020-02-29 16:00:00,1075637.5
2020-02-29 17:00:00,1064594.0
2020-02-29 18:00:00,1061935.0
2020-02-29 19:00:00,1065562.5
2020-02-29 20:00:00,1064147.0
2020-02-29 21:00:00,1057649.5
2020-02-29 22:00:00,1061554.5
2020-02-29 23:00:00,1065113.0
2020-03-01 00:00:00,1079579.0
2020-03-01 01:00:00,1080155.0
2020-03-01 02:00:00,1086641.0
2020-03-01 03:00:00,1084242.5
2020-03-01 04:00:00,1082106.5
2020-03-01 05:00:00,1086509.0
2020-03-01 06:00:00,1072092.0
2020-03-01 07:00:00,1075314.0
2020-03-01 08:00:00,1088045.0
2020-03-01 09:00:00,1056935.5
2020-03-01 10:00:00,1092725.5
2020-03-01 11:00:00,1089376.0
2020-03-01 12:00:00,1081604.5
2020-03-01 13:00:00,1088510.0
2020-03-01 14:00:00,1100198.5
2020-03-01 15:00:00,1093059.0
2020-03-01 16:00:00,1083205.5
2020-03-01 17:00:00,1093105.5
2020-03-01 18:00:00,1110072.0
2020-03-01 19:00:00,1090477.5
2020-03-01 20:00:00,1077673.0
2020-03-01 21:00:00,1076944.5
2020-03-01 22:00:00,1091081.5
2020-03-01 23:00:00,1078198.5
2020-03-02 00:00:00,1082011.0
2020-03-02 01:00:00,1094387.5
2020-03-02 02:00:00,1078534.0
2020-03-02 03:00:00,1086745.0
2020-03-02 04:00:00,1071149.0
2020-03-02 05:00:00,1092454.0
2020-03-02 06:00:00,1078733.0
2020-03-02 07:00:00,1066812.5
2020-03-02 08:00:00,1093576.5
2020-03-02 09:00:00,1064360.0
2020-03-02 10:00:00,1069456.5
2020-03-02 11:00:00,1085179.5
2020-03-02 12:00:00,1092567.5
2020-03-02 13:00:00,1119176.5
2020-03-02 14:00:00,1141785.5
2020-03-02 15:00:00,1128931.5
2020-03-02 16:00:00,1135461.0
2020-03-02 17:00:00,1129594.0
2020-03-02 18:00:00,1136406.0
2020-03-02 19:00:00,1127229.0
2020-03-02 20:00:00,1103791.0
2020-03-02 21:00:00,1068212.0
2020-03-02 22:00:00,1088275.0
2020-03-02 23:00:00,1105120.0
2020-03-03 00:00:00,1091542.0
2020-03-03 01:00:00,1122775.5
2020-03-03 02:00:00,1122998.0
2020-03-03 03:00:00,1130835.5
2020-03-03 04:00:00,1134084.5
2020-03-03 05:00:00,1122059.5
2020-03-03 06:00:00,1103893.0
2020-03-03 07:00:00,1118602.5
2020-03-03 08:00:00,1136106.0
2020-03-03 09:00:00,1137364.0
2020-03-03 10:00:00,1138611.0
2020-03-03 11:00:00,1138611.0
2020-03-03 12:00:00,1138611.0
2020-03-03 13:00:00,1138611.0
2020-03-03 14:00:00,1138611.0
2020-03-03 15:00:00,1134701.5
2020-03-03 16:00:00,1112472.5
2020-03-03 17:00:00,1088741.0
2020-03-03 18:00:00,1119221.5
2020-03-03 19:00:00,1160675.0
2020-03-03 20:00:00,1150932.5
2020-03-03 21:00:00,1107009.5
2020-03-03 22:00:00,1088313.0
2020-03-03 23:00:00,1097678.5
2020-03-04 00:00:00,1097338.0
2020-03-04 01:00:00,1121075.0
2020-03-04 02:00:00,1121976.5
2020-03-04 03:00:00,1136923.5
2020-03-04 04:00:00,1135726.0
2020-03-04 05:00:00,1125575.5
2020-03-04 06:00:00,1116162.0
2020-03-04 07:00:00,1138487.5
2020-03-04 08:00:00,1139977.0
2020-03-04 09:00:00,1116331.0
2020-03-04 10:00:00,1091282.5
2020-03-04 11:00:00,1094182.5
2020-03-04 12:00:00,1095008.5
2020-03-04 13:00:00,1103643.0
2020-03-04 14:00:00,1110608.0
2020-03-04 15:00:00,1153830.0
2020-03-04 16:00:00,1147546.0
2020-03-04 17:00:00,1138617.0
2020-03-04 18:00:00,1152157.0
2020-03-04 19:00:00,1159495.5
2020-03-04 20:00:00,1151497.0
2020-03-04 21:00:00,1102756.5
2020-03-04 22:00:00,1100909.0
2020-03-04 23:00:00,1133500.0
2020-03-05 00:00:00,1120639.5
2020-03-05 01:00:00,1101923.0
2020-03-05 02:00:00,1091174.0
2020-03-05 03:00:00,1095911.5
2020-03-05 04:00:00,1090658.0
2020-03-05 05:00:00,1090347.0
2020-03-05 06:00:00,1100201.0
2020-03-05 07:00:00,1144065.0
2020-03-05 08:00:00,1156385.0
2020-03-05 09:00:00,1155069.5
2020-03-05 10:00:00,1138442.0
2020-03-05 11:00:00,1134340.0
2020-03-05 12:00:00,1089558.0
2020-03-05 13:00:00,1115853.5
2020-03-05 14:00:00,1108219.5
2020-03-05 15:00:00,1084150.0
2020-03-05 16:00:00,1118099.5
2020-03-05 17:00:00,1078698.5
2020-03-05 18:00:00,1074274.5
2020-03-05 19:00:00,1096748.5
2020-03-05 20:00:00,1076361.0
2020-03-05 21:00:00,1074920.5
2020-03-05 22:00:00,1075143.5
2020-03-05 23:00:00,1099068.0
2020-03-06 00:00:00,1100620.0
2020-03-06 01:00:00,1089773.0
2020-03-06 02:00:00,1088005.0
2020-03-06 03:00:00,1093613.5
2020-03-06 04:00:00,1098521.0
2020-03-06 05:00:00,1098676.0
2020-03-06 06:00:00,1101534.0
2020-03-06 07:00:00,1086562.5
2020-03-06 08:00:00,1120132.5
2020-03-06 09:00:00,1118149.0
2020-03-06 10:00:00,1097936.5
2020-03-06 11:00:00,1088616.5
2020-03-06 12:00:00,1057293.5
2020-03-06 13:00:00,1085672.0
2020-03-06 14:00:00,1146304.5
2020-03-06 15:00:00,1090264.0
2020-03-06 16:00:00,1102098.5
2020-03-06 17:00:00,1087375.0
2020-03-06 18:00:00,1089800.5
2020-03-06 19:00:00,1108523.5
2020-03-06 20:00:00,1076429.5
2020-03-06 21:00:00,1076073.5
2020-03-06 22:00:00,1085296.5
2020-03-06 23:00:00,1109564.0
2020-03-07 00:00:00,1088492.5
2020-03-07 01:00:00,1077054.5
2020-03-07 02:00:00,1084143.0
2020-03-07 03:00:00,1084797.0
2020-03-07 04:00:00,1084616.0
2020-03-07 05:00:00,1080864.5
2020-03-07 06:00:00,1083898.0
2020-03-07 07:00:00,1083893.5
2020-03-07 08:00:00,1105438.5
2020-03-07 09:00:00,1109856.5
2020-03-07 10:00:00,1085557.0
2020-03-07 11:00:00,1089895.0
2020-03-07 12:00:00,1104364.5
2020-03-07 13:00:00,1096957.5
2020-03-07 14:00:00,1109180.0
2020-03-07 15:00:00,1097157.0
2020-03-07 16:00:00,1088339.0
2020-03-07 17:00:00,1084020.5
2020-03-07 18:00:00,1094825.0
2020-03-07 19:00:00,1084824.5
2020-03-07 20:00:00,1080139.0
2020-03-07 21:00:00,1091373.0
2020-03-07 22:00:00,1090183.0
2020-03-07 23:00:00,1105932.0
2020-03-08 00:00:00,1084862.5
2020-03-08 01:00:00,1086531.5
2020-03-08 02:00:00,1084836.0
2020-03-08 03:00:00,1098094.5
2020-03-08 04:00:00,1103333.0
2020-03-08 05:00:00,1100899.5
2020-03-08 06:00:00,1103933.5
2020-03-08 07:00:00,1105585.0
2020-03-08 08:00:00,1098330.0
2020-03-08 09:00:00,1097350.5
2020-03-08 10:00:00,1110106.5
2020-03-08 11:00:00,1117679.0
2020-03-08 12:00:00,1093043.5
2020-03-08 13:00:00,1111242.0
2020-03-08 14:00:00,1104497.0
2020-03-08 15:00:00,1123630.5
2020-03-08 16:00:00,1120848.0
2020-03-08 17:00:00,1100224.0
2020-03-08 18:00:00,1137628.5
2020-03-08 19:00:00,1136107.5
2020-03-08 20:00:00,1125287.0
2020-03-08 21:00:00,1103296.5
2020-03-08 22:00:00,1089863.0
2020-03-08 23:00:00,1084305.0
2020-03-09 00:00:00,1077527.5
2020-03-09 01:00:00,1092172.5
2020-03-09 02:00:00,1082281.5
2020-03-09 03:00:00,1078223.0
2020-03-09 04:00:00,1096252.0
2020-03-09 05:00:00,1093648.5
2020-03-09 06:00:00,1081843.0
2020-03-09 07:00:00,1091600.5
2020-03-09 08:00:00,1124555.5
2020-03-09 09:00:00,1120904.0
2020-03-09 10:00:00,1093513.5
2020-03-09 11:00:00,1120508.0
2020-03-09 12:00:00,1079720.5
2020-03-09 13:00:00,1074364.0
2020-03-09 14:00:00,1157623.0
2020-03-09 15:00:00,1141006.5
2020-03-09 16:00:00,1130537.5
2020-03-09 17:00:00,1083938.5
2020-03-09 18:00:00,1073429.5
2020-03-09 19:00:00,1081565.0
2020-03-09 20:00:00,1082809.5
2020-03-09 21:00:00,1088500.5
2020-03-09 22:00:00,1081865.0
2020-03-09 23:00:00,1083244.5
2020-03-10 00:00:00,1077527.0
2020-03-10 01:00:00,1097955.5
2020-03-10 02:00:00,1085360.0
2020-03-10 03:00:00,1080073.5
2020-03-10 04:00:00,1091581.0
2020-03-10 05:00:00,1103201.0
2020-03-10 06:00:00,1120025.0
2020-03-10 07:00:00,1116600.0
2020-03-10 08:00:00,1126755.5
2020-03-10 09:00:00,1140918.5
2020-03-10 10:00:00,1139697.0
2020-03-10 11:00:00,1139697.0
2020-03-10 12:00:00,1139697.0
2020-03-10 13:00:00,1139697.0
2020-03-10 14:00:00,1153041.5
2020-03-10 15:00:00,1158365.5
2020-03-10 16:00:00,1147089.5
2020-03-10 17:00:00,1075232.0
2020-03-10 18:00:00,1055840.5
2020-03-10 19:00:00,1092411.5
2020-03-10 20:00:00,1126195.5
2020-03-10 21:00:00,1092604.5
2020-03-10 22:00:00,1081097.0
2020-03-10 23:00:00,1095382.0
2020-03-11 00:00:00,1076649.0
2020-03-11 01:00:00,1073031.0
2020-03-11 02:00:00,1061237.5
2020-03-11 03:00:00,1062928.5
2020-03-11 04:00:00,1068889.0
2020-03-11 05:00:00,1084946.5
2020-03-11 06:00:00,1119906.0
2020-03-11 07:00:00,1100440.5
2020-03-11 08:00:00,1066541.5
2020-03-11 09:00:00,1070532.0
2020-03-11 10:00:00,1085435.0
2020-03-11 11:00:00,1058240.5
2020-03-11 12:00:00,1047200.0
2020-03-11 13:00:00,1091017.0
2020-03-11 14:00:00,1142178.5
2020-03-11 15:00:00,1103264.0
2020-03-11 16:00:00,1072106.5
2020-03-11 17:00:00,1075813.5
2020-03-11 18:00:00,1083665.0
2020-03-11 19:00:00,1068598.0
2020-03-11 20:00:00,1072530.5
2020-03-11 21:00:00,1084531.0
2020-03-11 22:00:00,1070630.0
2020-03-11 23:00:00,1088635.5
2020-03-12 00:00:00,1073832.5
2020-03-12 01:00:00,1067879.5
2020-03-12 02:00:00,1079873.5
2020-03-12 03:00:00,1071536.5
2020-03-12 04:00:00,1072303.0
2020-03-12 05:00:00,1064840.5
2020-03-12 06:00:00,1063123.5
2020-03-12 07:00:00,1068886.5
2020-03-12 08:00:00,1076591.5
2020-03-12 09:00:00,1074346.5
2020-03-12 10:00:00,1069227.0
2020-03-12 11:00:00,1073442.5
2020-03-12 12:00:00,1065088.5
2020-03-12 13:00:00,1073406.0
2020-03-12 14:00:00,1079935.0
2020-03-12 15:00:00,1114910.0
2020-03-12 16:00:00,1131422.5
2020-03-12 17:00:00,1108198.0
2020-03-12 18:00:00,1076715.0
2020-03-12 19:00:00,1112567.0
2020-03-12 20:00:00,1113655.0
2020-03-12 21:00:00,1079889.0
2020-03-12 22:00:00,1072839.5
2020-03-12 23:00:00,1086204.5
2020-03-13 00:00:00,1061491.0
2020-03-13 01:00:00,1086440.5
2020-03-13 02:00:00,1071006.0
2020-03-13 03:00:00,1066938.0
2020-03-13 04:00:00,1073531.0
2020-03-13 05:00:00,1077644.5
2020-03-13 06:00:00,1062096.5
2020-03-13 07:00:00,1057918.0
2020-03-13 08:00:00,1087456.5
2020-03-13 09:00:00,1075021.5
2020-03-13 10:00:00,1072118.5
2020-03-13 11:00:00,1072759.5
2020-03-13 12:00:00,992546.5
2020-03-13 13:00:00,981023.5
2020-03-13 14:00:00,1003915.0
2020-03-13 15:00:00,1069883.5
2020-03-13 16:00:00,1061363.0
2020-03-13 17:00:00,1062042.5
2020-03-13 18:00:00,1070818.0
2020-03-13 19:00:00,1059268.5
2020-03-13 20:00:00,1051679.0
2020-03-13 21:00:00,1052734.5
2020-03-13 22:00:00,1073684.5
2020-03-13 23:00:00,1062761.0
2020-03-14 00:00:00,1066071.0
2020-03-14 01:00:00,1066069.0
2020-03-14 02:00:00,1059854.5
2020-03-14 03:00:00,1071577.0
2020-03-14 04:00:00,1066999.5
2020-03-14 05:00:00,1078994.5
2020-03-14 06:00:00,1081135.5
2020-03-14 07:00:00,1069239.5
2020-03-14 08:00:00,1069626.5
2020-03-14 09:00:00,1099506.5
2020-03-14 10:00:00,1087118.0
2020-03-14 11:00:00,1085285.5
2020-03-14 12:00:00,1075121.0
2020-03-14 13:00:00,1082263.5
2020-03-14 14:00:00,1085717.0
2020-03-14 15:00:00,1089331.0
2020-03-14 16:00:00,1070518.5
2020-03-14 17:00:00,1093030.5
2020-03-14 18:00:00,1072035.5
2020-03-14 19:00:00,1072406.5
2020-03-14 20:00:00,1076051.5
2020-03-14 21:00:00,1081926.0
2020-03-14 22:00:00,1088547.0
2020-03-14 23:00:00,1086980.0
2020-03-15 00:00:00,1088080.5
2020-03-15 01:00:00,1096274.5
2020-03-15 02:00:00,1086275.0
2020-03-15 03:00:00,1091864.5
2020-03-15 04:00:00,1086275.5
2020-03-15 05:00:00,1079447.0
2020-03-15 06:00:00,1072916.0
2020-03-15 07:00:00,1073585.5
2020-03-15 08:00:00,1091225.0
2020-03-15 09:00:00,1101853.0
2020-03-15 10:00:00,1106906.5
2020-03-15 11:00:00,1105828.0
2020-03-15 12:00:00,1119261.5
2020-03-15 13:00:00,1118925.5
2020-03-15 14:00:00,1098395.0
2020-03-15 15:00:00,1079926.0
2020-03-15 16:00:00,1108682.5
2020-03-15 17:00:00,1104984.5
2020-03-15 18:00:00,1114278.5
2020-03-15 19:00:00,1088767.0
2020-03-15 20:00:00,1080905.5
2020-03-15 21:00:00,1072339.0
2020-03-15 22:00:00,1070517.0
2020-03-15 23:00:00,1088605.5
2020-03-16 00:00:00,1086321.0
2020-03-16 01:00:00,1082849.5
2020-03-16 02:00:00,1088113.0
2020-03-16 03:00:00,1097311.5
2020-03-16 04:00:00,1105274.5
2020-03-16 05:00:00,1118164.5
2020-03-16 06:00:00,1120373.5
2020-03-16 07:00:00,1112663.0
2020-03-16 08:00:00,1115658.0
2020-03-16 09:00:00,1105046.5
2020-03-16 10:00:00,1083051.5
2020-03-16 11:00:00,1079592.5
2020-03-16 12:00:00,1072303.5
2020-03-16 13:00:00,1096482.0
2020-03-16 14:00:00,1158180.5
2020-03-16 15:00:00,1118026.0
2020-03-16 16:00:00,1122043.0
2020-03-16 17:00:00,1108085.5
2020-03-16 18:00:00,1119259.5
2020-03-16 19:00:00,1156183.0
2020-03-16 20:00:00,1146972.5
2020-03-16 21:00:00,1124140.5
2020-03-16 22:00:00,1099136.0
2020-03-16 23:00:00,1086656.0
2020-03-17 00:00:00,1085790.5
2020-03-17 01:00:00,1093733.5
2020-03-17 02:00:00,1098471.5
2020-03-17 03:00:00,1116092.5
2020-03-17 04:00:00,1135211.0
2020-03-17 05:00:00,1152279.0
2020-03-17 06:00:00,1143115.5
2020-03-17 07:00:00,1120679.5
2020-03-17 08:00:00,1125508.0
2020-03-17 09:00:00,1108089.0
2020-03-17 10:00:00,1108089.0
2020-03-17 11:00:00,1113073.5
2020-03-17 12:00:00,1097369.5
2020-03-17 13:00:00,1107399.5
2020-03-17 14:00:00,1101674.0
2020-03-17 15:00:00,1099986.0
2020-03-17 16:00:00,1100808.0
2020-03-17 17:00:00,1092003.0
2020-03-17 18:00:00,1106102.5
2020-03-17 19:00:00,1131339.5
2020-03-17 20:00:00,1134770.0
2020-03-17 21:00:00,1098788.5
2020-03-17 22:00:00,1076808.5
2020-03-17 23:00:00,1086915.0
2020-03-18 00:00:00,1080251.5
2020-03-18 01:00:00,1101139.5
2020-03-18 02:00:00,1111825.0
2020-03-18 03:00:00,1110753.0
2020-03-18 04:00:00,1098541.5
2020-03-18 05:00:00,1098624.0
2020-03-18 06:00:00,1109270.0
2020-03-18 07:00:00,1092615.5
2020-03-18 08:00:00,1107392.0
2020-03-18 09:00:00,1103220.5
2020-03-18 10:00:00,1111819.5
2020-03-18 11:00:00,1081111.5
2020-03-18 12:00:00,1062551.5
2020-03-18 13:00:00,1091584.0
2020-03-18 14:00:00,1115968.0
2020-03-18 15:00:00,1087670.5
2020-03-18 16:00:00,1089577.5
2020-03-18 17:00:00,1075746.0
2020-03-18 18:00:00,1088406.5
2020-03-18 19:00:00,1088872.5
2020-03-18 20:00:00,1097874.0
2020-03-18 21:00:00,1100506.5
2020-03-18 22:00:00,1107146.5
2020-03-18 23:00:00,1107859.5
2020-03-19 00:00:00,1090646.5
2020-03-19 01:00:00,1104318.5
2020-03-19 02:00:00,1098005.5
2020-03-19 03:00:00,1099921.0
2020-03-19 04:00:00,1108338.0
2020-03-19 05:00:00,1106422.5
2020-03-19 06:00:00,1101233.0
2020-03-19 07:00:00,1087128.0
2020-03-19 08:00:00,1104196.5
2020-03-19 09:00:00,1111772.5
2020-03-19 10:00:00,1104605.0
2020-03-19 11:00:00,1098381.0
2020-03-19 12:00:00,1082070.0
2020-03-19 13:00:00,1070395.0
2020-03-19 14:00:00,1085403.5
2020-03-19 15:00:00,1130930.5
2020-03-19 16:00:00,1131037.5
2020-03-19 17:00:00,1108849.0
2020-03-19 18:00:00,1098244.5
2020-03-19 19:00:00,1143411.0
2020-03-19 20:00:00,1109761.5
2020-03-19 21:00:00,1074720.5
2020-03-19 22:00:00,1071427.0
2020-03-19 23:00:00,1081257.5
2020-03-20 00:00:00,1075513.5
2020-03-20 01:00:00,1071283.0
2020-03-20 02:00:00,1070829.5
2020-03-20 03:00:00,1066738.5
2020-03-20 04:00:00,1081632.5
2020-03-20 05:00:00,1073747.0
2020-03-20 06:00:00,1081466.5
2020-03-20 07:00:00,1071849.0
2020-03-20 08:00:00,1089123.5
2020-03-20 09:00:00,1085890.0
2020-03-20 10:00:00,1086071.5
2020-03-20 11:00:00,1070581.5
2020-03-20 12:00:00,1061388.5
2020-03-20 13:00:00,1098712.5
2020-03-20 14:00:00,1124479.5
2020-03-20 15:00:00,1078974.5
2020-03-20 16:00:00,1079234.0
2020-03-20 17:00:00,1079668.0
2020-03-20 18:00:00,1087166.5
2020-03-20 19:00:00,1102872.0
2020-03-20 20:00:00,1104841.0
2020-03-20 21:00:00,1087432.0
2020-03-20 22:00:00,1078435.0
2020-03-20 23:00:00,1106353.5
2020-03-21 00:00:00,1087526.0
2020-03-21 01:00:00,1093713.5
2020-03-21 02:00:00,1094428.0
2020-03-21 03:00:00,1072970.0
2020-03-21 04:00:00,1077234.0
2020-03-21 05:00:00,1078779.0
2020-03-21 06:00:00,1093534.0
2020-03-21 07:00:00,1108504.0
2020-03-21 08:00:00,1119975.5
2020-03-21 09:00:00,1098789.5
2020-03-21 10:00:00,1098906.0
2020-03-21 11:00:00,1074241.5
2020-03-21 12:00:00,1094814.5
2020-03-21 13:00:00,1105791.0
2020-03-21 14:00:00,1104167.0
2020-03-21 15:00:00,1100850.0
2020-03-21 16:00:00,1095126.0
2020-03-21 17:00:00,1080772.5
2020-03-21 18:00:00,1090769.0
2020-03-21 19:00:00,1089839.0
2020-03-21 20:00:00,1087109.0
2020-03-21 21:00:00,1089097.5
2020-03-21 22:00:00,1094459.0
2020-03-21 23:00:00,1141495.0
2020-03-22 00:00:00,1128736.5
2020-03-22 01:00:00,1081321.5
2020-03-22 02:00:00,1079695.0
2020-03-22 03:00:00,1065644.5
2020-03-22 04:00:00,1086682.5
2020-03-22 05:00:00,1090946.5
2020-03-22 06:00:00,1086662.0
2020-03-22 07:00:00,1082639.5
2020-03-22 08:00:00,1059116.0
2020-03-22 09:00:00,1087746.0
2020-03-22 10:00:00,1085262.5
2020-03-22 11:00:00,1021791.5
2020-03-22 12:00:00,1047205.0
2020-03-22 13:00:00,1113787.0
2020-03-22 14:00:00,1101022.0
2020-03-22 15:00:00,1071302.0
2020-03-22 16:00:00,1105761.5
2020-03-22 17:00:00,1087558.0
2020-03-22 18:00:00,1111084.5
2020-03-22 19:00:00,1128887.5
2020-03-22 20:00:00,1106528.5
2020-03-22 21:00:00,1077206.0
2020-03-22 22:00:00,1088459.5
2020-03-22 23:00:00,1073920.5
2020-03-23 00:00:00,1060998.5
2020-03-23 01:00:00,1050259.0
2020-03-23 02:00:00,1044471.0
2020-03-23 03:00:00,1050402.5
2020-03-23 04:00:00,1098209.5
2020-03-23 05:00:00,1099075.0
2020-03-23 06:00:00,1097972.0
2020-03-23 07:00:00,1071353.5
2020-03-23 08:00:00,1084781.0
2020-03-23 09:00:00,1077166.5
2020-03-23 10:00:00,1100340.5
2020-03-23 11:00:00,1090725.5
2020-03-23 12:00:00,1083982.0
2020-03-23 13:00:00,1110546.0
2020-03-23 14:00:00,1167732.0
2020-03-23 15:00:00,1146676.5
2020-03-23 16:00:00,1155411.5
2020-03-23 17:00:00,1132281.0
2020-03-23 18:00:00,1133957.5
2020-03-23 19:00:00,1108525.0
2020-03-23 20:00:00,1092406.5
2020-03-23 21:00:00,1106977.5
2020-03-23 22:00:00,1091930.5
2020-03-23 23:00:00,1089703.5
2020-03-24 00:00:00,1129753.0
2020-03-24 01:00:00,1136926.5
2020-03-24 02:00:00,1134984.0
2020-03-24 03:00:00,1123554.0
2020-03-24 04:00:00,1136076.5
2020-03-24 05:00:00,1147419.5
2020-03-24 06:00:00,1153722.0
2020-03-24 07:00:00,1123626.0
2020-03-24 08:00:00,1103146.0
2020-03-24 09:00:00,1099337.0
2020-03-24 10:00:00,1099337.0
2020-03-24 11:00:00,1095054.5
2020-03-24 12:00:00,1090722.0
2020-03-24 13:00:00,1079951.0
2020-03-24 14:00:00,1085987.0
2020-03-24 15:00:00,1090007.5
2020-03-24 16:00:00,1092400.5
2020-03-24 17:00:00,1082288.5
2020-03-24 18:00:00,1106498.5
2020-03-24 19:00:00,1109833.5
2020-03-24 20:00:00,1084386.5
2020-03-24 21:00:00,1089392.5
2020-03-24 22:00:00,1089018.5
2020-03-24 23:00:00,1075880.0
2020-03-25 00:00:00,1098816.5
2020-03-25 01:00:00,1101259.5
2020-03-25 02:00:00,1108017.0
2020-03-25 03:00:00,1106765.0
2020-03-25 04:00:00,1094636.0
2020-03-25 05:00:00,1098705.5
2020-03-25 06:00:00,1084835.0
2020-03-25 07:00:00,1093922.5
2020-03-25 08:00:00,1101133.5
2020-03-25 09:00:00,1081155.5
2020-03-25 10:00:00,1103398.0
2020-03-25 11:00:00,1110343.5
2020-03-25 12:00:00,1087411.0
2020-03-25 13:00:00,1095481.5
2020-03-25 14:00:00,1155613.0
2020-03-25 15:00:00,1134771.5
2020-03-25 16:00:00,1117873.0
2020-03-25 17:00:00,1088906.5
2020-03-25 18:00:00,1069111.0
2020-03-25 19:00:00,1072914.5
2020-03-25 20:00:00,1070259.0
2020-03-25 21:00:00,1078052.5
2020-03-25 22:00:00,1082306.0
2020-03-25 23:00:00,1078231.0
2020-03-26 00:00:00,1078722.0
2020-03-26 01:00:00,1097226.0
2020-03-26 02:00:00,1084244.5
2020-03-26 03:00:00,1091110.5
2020-03-26 04:00:00,1105993.5
2020-03-26 05:00:00,1106267.0
2020-03-26 06:00:00,1076388.5
2020-03-26 07:00:00,1081210.5
2020-03-26 08:00:00,1119769.5
2020-03-26 09:00:00,1147467.0
2020-03-26 10:00:00,1137417.0
2020-03-26 11:00:00,1114067.5
2020-03-26 12:00:00,1086127.0
2020-03-26 13:00:00,1120615.0
2020-03-26 14:00:00,1156527.0
2020-03-26 15:00:00,1170853.5
2020-03-26 16:00:00,1173149.0
2020-03-26 17:00:00,1124297.0
2020-03-26 18:00:00,1092923.5
2020-03-26 19:00:00,1106683.0
2020-03-26 20:00:00,1106207.5
2020-03-26 21:00:00,1112196.5
2020-03-26 22:00:00,1105993.0
2020-03-26 23:00:00,1107480.0
2020-03-27 00:00:00,1101882.0
2020-03-27 01:00:00,1127252.5
2020-03-27 02:00:00,1120922.0
2020-03-27 03:00:00,1107938.5
2020-03-27 04:00:00,1094639.5
2020-03-27 05:00:00,1096255.5
2020-03-27 06:00:00,1100435.5
2020-03-27 07:00:00,1101378.5
2020-03-27 08:00:00,1153270.0
2020-03-27 09:00:00,1158708.0
2020-03-27 10:00:00,1155295.5
2020-03-27 11:00:00,1156771.5
2020-03-27 12:00:00,1137315.0
2020-03-27 13:00:00,1104119.5
2020-03-27 14:00:00,1127247.5
2020-03-27 15:00:00,1059082.5
2020-03-27 16:00:00,1056698.0
2020-03-27 17:00:00,1063715.5
2020-03-27 18:00:00,1070547.0
2020-03-27 19:00:00,1088915.5
2020-03-27 20:00:00,1064812.0
2020-03-27 21:00:00,1077742.5
2020-03-27 22:00:00,1073903.0
2020-03-27 23:00:00,1069339.5
2020-03-28 00:00:00,1072863.0
2020-03-28 01:00:00,1074390.0
2020-03-28 02:00:00,1065520.0
2020-03-28 03:00:00,1050228.5
2020-03-28 04:00:00,1059023.5
2020-03-28 05:00:00,1068875.0
2020-03-28 06:00:00,1072418.0
2020-03-28 07:00:00,1075152.0
2020-03-28 08:00:00,1070169.0
2020-03-28 09:00:00,1062296.0
2020-03-28 10:00:00,1098611.0
2020-03-28 11:00:00,1118481.0
2020-03-28 12:00:00,1122489.5
2020-03-28 13:00:00,1054540.5
2020-03-28 14:00:00,0.0
2020-03-28 15:00:00,0.0
2020-03-28 16:00:00,0.0
2020-03-28 17:00:00,0.0
2020-03-28 18:00:00,0.0
2020-03-28 19:00:00,0.0
2020-03-28 20:00:00,174748.95
2020-03-28 21:00:00,348456.5
2020-03-28 22:00:00,557029.5
2020-03-28 23:00:00,701257.5
2020-03-29 00:00:00,1048569.0
2020-03-29 01:00:00,1070559.0
2020-03-29 02:00:00,1068250.5
2020-03-29 03:00:00,1064368.5
2020-03-29 04:00:00,1067230.5
2020-03-29 05:00:00,1062172.5
2020-03-29 06:00:00,1059348.5
2020-03-29 07:00:00,1030169.5
2020-03-29 08:00:00,988755.5
2020-03-29 09:00:00,1060396.5
2020-03-29 10:00:00,1102212.0
2020-03-29 11:00:00,1085614.0
2020-03-29 12:00:00,1085036.0
2020-03-29 13:00:00,1031924.0
2020-03-29 14:00:00,1118600.0
2020-03-29 15:00:00,1090204.0
2020-03-29 16:00:00,1121989.0
2020-03-29 17:00:00,1135448.0
2020-03-29 18:00:00,1135001.0
2020-03-29 19:00:00,1116453.0
2020-03-29 20:00:00,1076404.0
2020-03-29 21:00:00,1070003.5
2020-03-29 22:00:00,1086848.5
2020-03-29 23:00:00,1102315.5
2020-03-30 00:00:00,1083070.0
2020-03-30 01:00:00,1082689.5
2020-03-30 02:00:00,1079258.5
2020-03-30 03:00:00,1091026.5
2020-03-30 04:00:00,1112850.5
2020-03-30 05:00:00,1121398.5
2020-03-30 06:00:00,1114219.5
2020-03-30 07:00:00,1072923.0
2020-03-30 08:00:00,1070978.5
2020-03-30 09:00:00,1079243.0
2020-03-30 10:00:00,1103238.0
2020-03-30 11:00:00,1097524.0
2020-03-30 12:00:00,1066475.0
2020-03-30 13:00:00,1086448.5
2020-03-30 14:00:00,1125466.0
2020-03-30 15:00:00,1068727.5
2020-03-30 16:00:00,1082793.0
2020-03-30 17:00:00,1081921.5
2020-03-30 18:00:00,1072871.0
2020-03-30 19:00:00,1112369.0
2020-03-30 20:00:00,1097741.0
2020-03-30 21:00:00,1067469.5
2020-03-30 22:00:00,1059445.5
2020-03-30 23:00:00,1090989.0
2020-03-31 00:00:00,1057233.0
2020-03-31 01:00:00,1069403.5
2020-03-31 02:00:00,1058200.0
2020-03-31 03:00:00,1076094.5
2020-03-31 04:00:00,1082890.5
2020-03-31 05:00:00,1070607.5
2020-03-31 06:00:00,1079457.5
2020-03-31 07:00:00,1071768.5
2020-03-31 08:00:00,1078676.0
2020-03-31 09:00:00,1087284.5
2020-03-31 10:00:00,1099107.0
2020-03-31 11:00:00,1115375.0
2020-03-31 12:00:00,1060229.0
2020-03-31 13:00:00,1081200.0
2020-03-31 14:00:00,1077722.5
2020-03-31 15:00:00,1079850.0
2020-03-31 16:00:00,1093379.0
2020-03-31 17:00:00,1065906.5
2020-03-31 18:00:00,1072720.0
2020-03-31 19:00:00,1091539.0
2020-03-31 20:00:00,1071796.0
2020-03-31 21:00:00,1077648.5
2020-03-31 22:00:00,1089531.0
2020-03-31 23:00:00,1114120.0
2020-04-01 00:00:00,1328148.0
2020-04-01 01:00:00,1357361.5
2020-04-01 02:00:00,1374503.5
2020-04-01 03:00:00,1369752.0
2020-04-01 04:00:00,1366948.0
2020-04-01 05:00:00,1362792.5
2020-04-01 06:00:00,1373505.5
2020-04-01 07:00:00,1385841.5
2020-04-01 08:00:00,1393219.5
2020-04-01 09:00:00,1382185.0
2020-04-01 10:00:00,1350722.0
2020-04-01 11:00:00,1342853.5
2020-04-01 12:00:00,1179357.5
2020-04-01 13:00:00,1221188.5
2020-04-01 14:00:00,1213099.5
2020-04-01 15:00:00,1224722.0
2020-04-01 16:00:00,1355678.5
2020-04-01 17:00:00,1336690.5
2020-04-01 18:00:00,1362600.5
2020-04-01 19:00:00,1395837.5
2020-04-01 20:00:00,1396490.0
2020-04-01 21:00:00,1390320.0
2020-04-01 22:00:00,1382433.5
2020-04-01 23:00:00,1382738.5
2020-04-02 00:00:00,1383687.0
2020-04-02 01:00:00,1390150.0
2020-04-02 02:00:00,1375758.0
2020-04-02 03:00:00,1374220.5
2020-04-02 04:00:00,1377187.5
2020-04-02 05:00:00,1373744.0
2020-04-02 06:00:00,1375511.5
2020-04-02 07:00:00,1344058.0
2020-04-02 08:00:00,1321814.5
2020-04-02 09:00:00,1329994.0
2020-04-02 10:00:00,1337364.0
2020-04-02 11:00:00,1347693.5
2020-04-02 12:00:00,1261638.5
2020-04-02 13:00:00,1329059.5
2020-04-02 14:00:00,1376905.5
2020-04-02 15:00:00,1371293.0
2020-04-02 16:00:00,1350953.0
2020-04-02 17:00:00,1320111.5
2020-04-02 18:00:00,1320949.0
2020-04-02 19:00:00,1337617.0
2020-04-02 20:00:00,1370205.0
2020-04-02 21:00:00,1347495.5
2020-04-02 22:00:00,1328049.5
2020-04-02 23:00:00,1336921.5
2020-04-03 00:00:00,1298227.5
2020-04-03 01:00:00,1341213.5
2020-04-03 02:00:00,1362131.0
2020-04-03 03:00:00,1345733.5
2020-04-03 04:00:00,1352356.0
2020-04-03 05:00:00,1357395.5
2020-04-03 06:00:00,1359258.0
2020-04-03 07:00:00,1301259.5
2020-04-03 08:00:00,1301532.0
2020-04-03 09:00:00,1319691.0
2020-04-03 10:00:00,1323822.5
2020-04-03 11:00:00,1295512.0
2020-04-03 12:00:00,1166066.5
2020-04-03 13:00:00,1131308.5
2020-04-03 14:00:00,1168615.0
2020-04-03 15:00:00,1286138.5
2020-04-03 16:00:00,1310386.0
2020-04-03 17:00:00,1314372.0
2020-04-03 18:00:00,1317388.0
2020-04-03 19:00:00,1329821.5
2020-04-03 20:00:00,1324207.0
2020-04-03 21:00:00,1329389.5
2020-04-03 22:00:00,1334550.0
2020-04-03 23:00:00,1350554.5
2020-04-04 00:00:00,1352202.5
2020-04-04 01:00:00,1352917.0
2020-04-04 02:00:00,1369525.0
2020-04-04 03:00:00,1378611.0
2020-04-04 04:00:00,1380369.5
2020-04-04 05:00:00,1348823.0
2020-04-04 06:00:00,1369038.5
2020-04-04 07:00:00,1368637.5
2020-04-04 08:00:00,1334598.0
2020-04-04 09:00:00,1331987.5
2020-04-04 10:00:00,1350238.0
2020-04-04 11:00:00,1148264.0
2020-04-04 12:00:00,1145417.5
2020-04-04 13:00:00,1131917.0
2020-04-04 14:00:00,1134830.5
2020-04-04 15:00:00,1135106.0
2020-04-04 16:00:00,1152637.5
2020-04-04 17:00:00,1190809.0
2020-04-04 18:00:00,1296428.0
2020-04-04 19:00:00,1347633.0
2020-04-04 20:00:00,1348909.5
2020-04-04 21:00:00,1342162.0
2020-04-04 22:00:00,1353577.0
2020-04-04 23:00:00,1348305.5
2020-04-05 00:00:00,1342782.0
2020-04-05 01:00:00,1292732.5
2020-04-05 02:00:00,1211273.0
2020-04-05 03:00:00,1150549.0
2020-04-05 04:00:00,1197735.5
2020-04-05 05:00:00,1313836.0
2020-04-05 06:00:00,1334681.0
2020-04-05 07:00:00,1213244.0
2020-04-05 08:00:00,1140584.0
2020-04-05 09:00:00,1132012.0
2020-04-05 10:00:00,1133652.0
2020-04-05 11:00:00,1137437.5
2020-04-05 12:00:00,1139288.0
2020-04-05 13:00:00,1136513.5
2020-04-05 14:00:00,1130760.0
2020-04-05 15:00:00,1130588.5
2020-04-05 16:00:00,1147606.5
2020-04-05 17:00:00,1308823.0
2020-04-05 18:00:00,1369463.5
2020-04-05 19:00:00,1366112.0
2020-04-05 20:00:00,1322915.0
2020-04-05 21:00:00,1316148.0
2020-04-05 22:00:00,1322729.0
2020-04-05 23:00:00,1300501.5
2020-04-06 00:00:00,1165006.5
2020-04-06 01:00:00,1269889.0
2020-04-06 02:00:00,1265253.5
2020-04-06 03:00:00,1275890.0
2020-04-06 04:00:00,1325114.5
2020-04-06 05:00:00,1337736.5
2020-04-06 06:00:00,1367875.0
2020-04-06 07:00:00,1364783.0
2020-04-06 08:00:00,1347977.5
2020-04-06 09:00:00,1334084.5
2020-04-06 10:00:00,1337033.0
2020-04-06 11:00:00,1342483.0
2020-04-06 12:00:00,1161587.5
2020-04-06 13:00:00,1336362.0
2020-04-06 14:00:00,1390942.0
2020-04-06 15:00:00,1389272.5
2020-04-06 16:00:00,1398931.0
2020-04-06 17:00:00,1389556.5
2020-04-06 18:00:00,1378958.5
2020-04-06 19:00:00,1378014.0
2020-04-06 20:00:00,1381293.0
2020-04-06 21:00:00,1374412.0
2020-04-06 22:00:00,1377614.5
2020-04-06 23:00:00,1377285.5
2020-04-07 00:00:00,1333908.5
2020-04-07 01:00:00,1220332.0
2020-04-07 02:00:00,1277479.5
2020-04-07 03:00:00,1267167.0
2020-04-07 04:00:00,1377954.5
2020-04-07 05:00:00,1367912.0
2020-04-07 06:00:00,1378498.0
2020-04-07 07:00:00,1375946.5
2020-04-07 08:00:00,1377673.5
2020-04-07 09:00:00,1383790.0
2020-04-07 10:00:00,1383790.0
2020-04-07 11:00:00,1383790.0
2020-04-07 12:00:00,1383790.0
2020-04-07 13:00:00,1383790.0
2020-04-07 14:00:00,1392828.0
2020-04-07 15:00:00,1388881.5
2020-04-07 16:00:00,1383805.0
2020-04-07 17:00:00,1374370.5
2020-04-07 18:00:00,1359535.5
2020-04-07 19:00:00,1380114.0
2020-04-07 20:00:00,1390194.0
2020-04-07 21:00:00,1398990.0
2020-04-07 22:00:00,1398865.0
2020-04-07 23:00:00,1375939.0
2020-04-08 00:00:00,1325084.5
2020-04-08 01:00:00,1215814.5
2020-04-08 02:00:00,1339136.5
2020-04-08 03:00:00,1316749.5
2020-04-08 04:00:00,1331693.5
2020-04-08 05:00:00,1346075.5
2020-04-08 06:00:00,1386441.5
2020-04-08 07:00:00,1372258.5
2020-04-08 08:00:00,1379152.5
2020-04-08 09:00:00,1369422.5
2020-04-08 10:00:00,1351965.5
2020-04-08 11:00:00,1367821.0
2020-04-08 12:00:00,1259124.5
2020-04-08 13:00:00,1281112.5
2020-04-08 14:00:00,1274156.0
2020-04-08 15:00:00,1348606.5
2020-04-08 16:00:00,1367212.0
2020-04-08 17:00:00,1370495.5
2020-04-08 18:00:00,1359873.0
2020-04-08 19:00:00,1356462.5
2020-04-08 20:00:00,1363437.5
2020-04-08 21:00:00,1351651.0
2020-04-08 22:00:00,1360332.5
2020-04-08 23:00:00,1367518.0
2020-04-09 00:00:00,1354853.5
2020-04-09 01:00:00,1355640.0
2020-04-09 02:00:00,1350717.0
2020-04-09 03:00:00,1357624.5
2020-04-09 04:00:00,1350174.5
2020-04-09 05:00:00,1351328.5
2020-04-09 06:00:00,1352145.5
2020-04-09 07:00:00,1359786.5
2020-04-09 08:00:00,1363025.0
2020-04-09 09:00:00,1361807.0
2020-04-09 10:00:00,1374026.0
2020-04-09 11:00:00,1379562.0
2020-04-09 12:00:00,1371208.5
2020-04-09 13:00:00,1395273.5
2020-04-09 14:00:00,1402706.5
2020-04-09 15:00:00,1399822.0
2020-04-09 16:00:00,1388092.5
2020-04-09 17:00:00,1401336.5
2020-04-09 18:00:00,1394646.5
2020-04-09 19:00:00,1385384.5
2020-04-09 20:00:00,1383736.5
2020-04-09 21:00:00,1385722.0
2020-04-09 22:00:00,1384765.5
2020-04-09 23:00:00,1381124.0
2020-04-10 00:00:00,1385985.5
2020-04-10 01:00:00,1387108.0
2020-04-10 02:00:00,1380356.5
2020-04-10 03:00:00,1387070.0
2020-04-10 04:00:00,1385140.0
2020-04-10 05:00:00,1381043.5
2020-04-10 06:00:00,1393216.0
2020-04-10 07:00:00,1387151.0
2020-04-10 08:00:00,1385549.5
2020-04-10 09:00:00,1385091.5
2020-04-10 10:00:00,1379958.5
2020-04-10 11:00:00,1374713.5
2020-04-10 12:00:00,1361658.5
2020-04-10 13:00:00,1371229.5
2020-04-10 14:00:00,1364566.5
2020-04-10 15:00:00,1357443.5
2020-04-10 16:00:00,1351400.5
2020-04-10 17:00:00,1348912.0
2020-04-10 18:00:00,1352914.0
2020-04-10 19:00:00,1353479.5
2020-04-10 20:00:00,1354353.0
2020-04-10 21:00:00,1358526.0
2020-04-10 22:00:00,1362673.5
2020-04-10 23:00:00,1351710.5
2020-04-11 00:00:00,1353437.5
2020-04-11 01:00:00,1347186.5
2020-04-11 02:00:00,1359990.0
2020-04-11 03:00:00,1364266.0
2020-04-11 04:00:00,1362538.5
2020-04-11 05:00:00,1366656.5
2020-04-11 06:00:00,1356475.0
2020-04-11 07:00:00,1349359.0
2020-04-11 08:00:00,1369813.5
2020-04-11 09:00:00,1259941.5
2020-04-11 10:00:00,1175738.0
2020-04-11 11:00:00,1151964.0
2020-04-11 12:00:00,1184924.0
2020-04-11 13:00:00,1183730.0
2020-04-11 14:00:00,1208918.5
2020-04-11 15:00:00,1242065.5
2020-04-11 16:00:00,1295307.0
2020-04-11 17:00:00,1202296.5
2020-04-11 18:00:00,1306680.0
2020-04-11 19:00:00,1414293.0
2020-04-11 20:00:00,1415826.0
2020-04-11 21:00:00,1416235.0
2020-04-11 22:00:00,1416173.5
2020-04-11 23:00:00,1404495.0
2020-04-12 00:00:00,1404299.5
2020-04-12 01:00:00,1343826.0
2020-04-12 02:00:00,1181317.0
2020-04-12 03:00:00,1167184.5
2020-04-12 04:00:00,1198098.0
2020-04-12 05:00:00,1295379.5
2020-04-12 06:00:00,1367400.5
2020-04-12 07:00:00,1361332.5
2020-04-12 08:00:00,1168054.0
2020-04-12 09:00:00,1220269.5
2020-04-12 10:00:00,1269575.0
2020-04-12 11:00:00,1178955.5
2020-04-12 12:00:00,1186442.0
2020-04-12 13:00:00,1177058.5
2020-04-12 14:00:00,1175579.5
2020-04-12 15:00:00,1219025.0
2020-04-12 16:00:00,1363482.0
2020-04-12 17:00:00,1242765.0
2020-04-12 18:00:00,1407989.5
2020-04-12 19:00:00,1414359.0
2020-04-12 20:00:00,1410447.5
2020-04-12 21:00:00,1407475.5
2020-04-12 22:00:00,1403757.0
2020-04-12 23:00:00,1402677.0
2020-04-13 00:00:00,1349062.5
2020-04-13 01:00:00,1334156.5
2020-04-13 02:00:00,1303471.5
2020-04-13 03:00:00,1320996.0
2020-04-13 04:00:00,1318950.0
2020-04-13 05:00:00,1315679.5
2020-04-13 06:00:00,1402370.0
2020-04-13 07:00:00,1409807.5
2020-04-13 08:00:00,1422901.5
2020-04-13 09:00:00,1418136.0
2020-04-13 10:00:00,1414070.0
2020-04-13 11:00:00,1420397.0
2020-04-13 12:00:00,1381973.0
2020-04-13 13:00:00,1409273.0
2020-04-13 14:00:00,1417411.0
2020-04-13 15:00:00,1395265.5
2020-04-13 16:00:00,1412470.5
2020-04-13 17:00:00,1411560.0
2020-04-13 18:00:00,1408044.0
2020-04-13 19:00:00,1413814.5
2020-04-13 20:00:00,1408292.0
2020-04-13 21:00:00,1413560.0
2020-04-13 22:00:00,1414077.0
2020-04-13 23:00:00,1417494.0
2020-04-14 00:00:00,1415014.5
2020-04-14 01:00:00,1412006.5
2020-04-14 02:00:00,1390406.0
2020-04-14 03:00:00,1399927.5
2020-04-14 04:00:00,1395183.5
2020-04-14 05:00:00,1392159.0
2020-04-14 06:00:00,1393769.5
2020-04-14 07:00:00,1394704.5
2020-04-14 08:00:00,1394997.5
2020-04-14 09:00:00,1401272.0
2020-04-14 10:00:00,1400508.0
2020-04-14 11:00:00,1400508.0
2020-04-14 12:00:00,1400508.0
2020-04-14 13:00:00,1346405.0
2020-04-14 14:00:00,1351756.5
2020-04-14 15:00:00,1317298.0
2020-04-14 16:00:00,1389770.0
2020-04-14 17:00:00,1386078.0
2020-04-14 18:00:00,1390017.0
2020-04-14 19:00:00,1387879.0
2020-04-14 20:00:00,1383813.5
2020-04-14 21:00:00,1388280.5
2020-04-14 22:00:00,1390448.0
2020-04-14 23:00:00,1379315.5
2020-04-15 00:00:00,1390842.0
2020-04-15 01:00:00,1345292.5
2020-04-15 02:00:00,1358900.0
2020-04-15 03:00:00,1386845.0
2020-04-15 04:00:00,1404481.5
2020-04-15 05:00:00,1411480.0
2020-04-15 06:00:00,1399502.0
2020-04-15 07:00:00,1254979.0
2020-04-15 08:00:00,1330403.5
2020-04-15 09:00:00,1247547.5
2020-04-15 10:00:00,1258325.0
2020-04-15 11:00:00,1183378.0
2020-04-15 12:00:00,1171421.5
2020-04-15 13:00:00,1206338.5
2020-04-15 14:00:00,1268234.5
2020-04-15 15:00:00,1235427.5
2020-04-15 16:00:00,1291649.0
2020-04-15 17:00:00,1212192.5
2020-04-15 18:00:00,1307508.5
2020-04-15 19:00:00,1425389.0
2020-04-15 20:00:00,1421560.5
2020-04-15 21:00:00,1321642.0
2020-04-15 22:00:00,1409810.5
2020-04-15 23:00:00,1378609.5
2020-04-16 00:00:00,1225008.5
2020-04-16 01:00:00,1222364.5
2020-04-16 02:00:00,1276820.5
2020-04-16 03:00:00,1304777.5
2020-04-16 04:00:00,1266351.5
2020-04-16 05:00:00,1310994.0
2020-04-16 06:00:00,1383221.0
2020-04-16 07:00:00,1423061.5
2020-04-16 08:00:00,1428066.0
2020-04-16 09:00:00,1420575.5
2020-04-16 10:00:00,1414216.5
2020-04-16 11:00:00,1417059.5
2020-04-16 12:00:00,1312158.0
2020-04-16 13:00:00,1403054.0
2020-04-16 14:00:00,1415839.0
2020-04-16 15:00:00,1419597.0
2020-04-16 16:00:00,1406311.5
2020-04-16 17:00:00,1416634.5
2020-04-16 18:00:00,1403462.0
2020-04-16 19:00:00,1409880.5
2020-04-16 20:00:00,1408954.5
2020-04-16 21:00:00,1415291.0
2020-04-16 22:00:00,1412750.5
2020-04-16 23:00:00,1411946.0
2020-04-17 00:00:00,1405567.0
2020-04-17 01:00:00,1406919.0
2020-04-17 02:00:00,1397091.5
2020-04-17 03:00:00,1409778.0
2020-04-17 04:00:00,1416076.0
2020-04-17 05:00:00,1415184.5
2020-04-17 06:00:00,1411861.5
2020-04-17 07:00:00,1413720.0
2020-04-17 08:00:00,1406309.0
2020-04-17 09:00:00,1404223.5
2020-04-17 10:00:00,1405863.5
2020-04-17 11:00:00,1401554.5
2020-04-17 12:00:00,1325993.5
2020-04-17 13:00:00,1428958.0
2020-04-17 14:00:00,1430030.5
2020-04-17 15:00:00,1418229.5
2020-04-17 16:00:00,1411680.5
2020-04-17 17:00:00,1408593.5
2020-04-17 18:00:00,1411158.0
2020-04-17 19:00:00,1415839.5
2020-04-17 20:00:00,1428054.0
2020-04-17 21:00:00,1428785.0
2020-04-17 22:00:00,1431233.5
2020-04-17 23:00:00,1425913.0
2020-04-18 00:00:00,1419870.0
2020-04-18 01:00:00,1413464.5
2020-04-18 02:00:00,1406282.0
2020-04-18 03:00:00,1402839.5
2020-04-18 04:00:00,1405688.5
2020-04-18 05:00:00,1412825.5
2020-04-18 06:00:00,1414565.0
2020-04-18 07:00:00,1414410.0
2020-04-18 08:00:00,1404232.0
2020-04-18 09:00:00,1148588.5
2020-04-18 10:00:00,1162270.0
2020-04-18 11:00:00,1163655.5
2020-04-18 12:00:00,1133637.5
2020-04-18 13:00:00,1089783.5
2020-04-18 14:00:00,942372.5
2020-04-18 15:00:00,1066368.0
2020-04-18 16:00:00,1058474.5
2020-04-18 17:00:00,980535.0
2020-04-18 18:00:00,1140946.5
2020-04-18 19:00:00,1180534.0
2020-04-18 20:00:00,1405458.0
2020-04-18 21:00:00,1396564.5
2020-04-18 22:00:00,1398025.0
2020-04-18 23:00:00,1400862.5
2020-04-19 00:00:00,1334483.5
2020-04-19 01:00:00,1191032.0
2020-04-19 02:00:00,1148761.5
2020-04-19 03:00:00,1136607.5
2020-04-19 04:00:00,1144214.0
2020-04-19 05:00:00,1184282.0
2020-04-19 06:00:00,1288754.5
2020-04-19 07:00:00,1191316.0
2020-04-19 08:00:00,1220943.0
2020-04-19 09:00:00,1304383.0
2020-04-19 10:00:00,1401745.0
2020-04-19 11:00:00,1407227.5
2020-04-19 12:00:00,1407147.5
2020-04-19 13:00:00,1411014.5
2020-04-19 14:00:00,1402920.5
2020-04-19 15:00:00,1413533.0
2020-04-19 16:00:00,1407966.0
2020-04-19 17:00:00,1397706.0
2020-04-19 18:00:00,1385986.5
2020-04-19 19:00:00,1404605.5
2020-04-19 20:00:00,1406181.0
2020-04-19 21:00:00,1398228.5
2020-04-19 22:00:00,1403170.0
2020-04-19 23:00:00,1395033.0
2020-04-20 00:00:00,1367563.5
2020-04-20 01:00:00,1402299.0
2020-04-20 02:00:00,1363447.0
2020-04-20 03:00:00,1245716.0
2020-04-20 04:00:00,1170361.0
2020-04-20 05:00:00,1340381.0
2020-04-20 06:00:00,1403269.0
2020-04-20 07:00:00,1403618.5
2020-04-20 08:00:00,1407621.5
2020-04-20 09:00:00,1408641.0
2020-04-20 10:00:00,1411671.5
2020-04-20 11:00:00,1397938.5
2020-04-20 12:00:00,1380455.5
2020-04-20 13:00:00,1405446.5
2020-04-20 14:00:00,1413692.0
2020-04-20 15:00:00,1404922.5
2020-04-20 16:00:00,1389772.0
2020-04-20 17:00:00,1369406.0
2020-04-20 18:00:00,1349642.0
2020-04-20 19:00:00,1357706.0
2020-04-20 20:00:00,1360874.5
2020-04-20 21:00:00,1370167.0
2020-04-20 22:00:00,1364058.0
2020-04-20 23:00:00,1366107.0
2020-04-21 00:00:00,1354259.5
2020-04-21 01:00:00,1353975.0
2020-04-21 02:00:00,1353400.0
2020-04-21 03:00:00,1366158.0
2020-04-21 04:00:00,1369870.5
2020-04-21 05:00:00,1357353.5
2020-04-21 06:00:00,1360111.5
2020-04-21 07:00:00,1353050.0
2020-04-21 08:00:00,1359381.5
2020-04-21 09:00:00,1353044.0
2020-04-21 10:00:00,1353044.0
2020-04-21 11:00:00,1353044.0
2020-04-21 12:00:00,1353044.0
2020-04-21 13:00:00,1353044.0
2020-04-21 14:00:00,1237963.5
2020-04-21 15:00:00,1156012.0
2020-04-21 16:00:00,1349515.0
2020-04-21 17:00:00,1351246.5
2020-04-21 18:00:00,1340018.0
2020-04-21 19:00:00,1354737.5
2020-04-21 20:00:00,1360618.0
2020-04-21 21:00:00,1357806.0
2020-04-21 22:00:00,1361824.5
2020-04-21 23:00:00,1363799.0
2020-04-22 00:00:00,1364767.5
2020-04-22 01:00:00,1354421.0
2020-04-22 02:00:00,1340963.5
2020-04-22 03:00:00,1356212.5
2020-04-22 04:00:00,1355941.0
2020-04-22 05:00:00,1355761.5
2020-04-22 06:00:00,1360937.5
2020-04-22 07:00:00,1362206.5
2020-04-22 08:00:00,1373095.0
2020-04-22 09:00:00,1354900.5
2020-04-22 10:00:00,1355354.0
2020-04-22 11:00:00,1390325.0
2020-04-22 12:00:00,1181311.0
2020-04-22 13:00:00,1309071.5
2020-04-22 14:00:00,1333403.5
2020-04-22 15:00:00,1327093.5
2020-04-22 16:00:00,1362902.5
2020-04-22 17:00:00,1343125.0
2020-04-22 18:00:00,1346492.5
2020-04-22 19:00:00,1351626.5
2020-04-22 20:00:00,1349973.0
2020-04-22 21:00:00,1341382.5
2020-04-22 22:00:00,1343470.0
2020-04-22 23:00:00,1345643.5
2020-04-23 00:00:00,1350145.0
2020-04-23 01:00:00,1352163.0
2020-04-23 02:00:00,1308547.5
2020-04-23 03:00:00,1341262.0
2020-04-23 04:00:00,1343229.0
2020-04-23 05:00:00,1338290.0
2020-04-23 06:00:00,1342635.5
2020-04-23 07:00:00,1342021.5
2020-04-23 08:00:00,1354970.5
2020-04-23 09:00:00,1292315.0
2020-04-23 10:00:00,1099726.0
2020-04-23 11:00:00,1115935.5
2020-04-23 12:00:00,1127617.0
2020-04-23 13:00:00,1166441.5
2020-04-23 14:00:00,1150987.5
2020-04-23 15:00:00,1119390.5
2020-04-23 16:00:00,1110894.5
2020-04-23 17:00:00,1188267.0
2020-04-23 18:00:00,1335313.0
2020-04-23 19:00:00,1346786.5
2020-04-23 20:00:00,1356335.5
2020-04-23 21:00:00,1354668.0
2020-04-23 22:00:00,1346886.0
2020-04-23 23:00:00,1334565.0
2020-04-24 00:00:00,1324604.5
2020-04-24 01:00:00,1225171.5
2020-04-24 02:00:00,1222711.0
2020-04-24 03:00:00,1171744.0
2020-04-24 04:00:00,1321834.0
2020-04-24 05:00:00,1354627.0
2020-04-24 06:00:00,1358149.0
2020-04-24 07:00:00,1302923.5
2020-04-24 08:00:00,1359269.5
2020-04-24 09:00:00,1340825.5
2020-04-24 10:00:00,1193674.0
2020-04-24 11:00:00,1158877.5
2020-04-24 12:00:00,1152411.0
2020-04-24 13:00:00,1129731.0
2020-04-24 14:00:00,1130932.5
2020-04-24 15:00:00,1130510.0
2020-04-24 16:00:00,1210920.0
2020-04-24 17:00:00,1227595.0
2020-04-24 18:00:00,1341885.0
2020-04-24 19:00:00,1361613.0
2020-04-24 20:00:00,1354205.5
2020-04-24 21:00:00,1320279.0
2020-04-24 22:00:00,1348951.0
2020-04-24 23:00:00,1357314.0
2020-04-25 00:00:00,1178138.0
2020-04-25 01:00:00,1161374.0
2020-04-25 02:00:00,1299917.0
2020-04-25 03:00:00,1303468.5
2020-04-25 04:00:00,1352548.5
2020-04-25 05:00:00,1353894.5
2020-04-25 06:00:00,1356290.0
2020-04-25 07:00:00,1260053.5
2020-04-25 08:00:00,1144063.5
2020-04-25 09:00:00,1163141.0
2020-04-25 10:00:00,1142646.5
2020-04-25 11:00:00,1121474.5
2020-04-25 12:00:00,1147199.0
2020-04-25 13:00:00,1153796.0
2020-04-25 14:00:00,1146580.0
2020-04-25 15:00:00,1163704.0
2020-04-25 16:00:00,1153301.5
2020-04-25 17:00:00,1147230.0
2020-04-25 18:00:00,1273961.5
2020-04-25 19:00:00,1425771.0
2020-04-25 20:00:00,1437140.5
2020-04-25 21:00:00,1421222.0
2020-04-25 22:00:00,1418886.5
2020-04-25 23:00:00,1422563.5
2020-04-26 00:00:00,1421302.5
2020-04-26 01:00:00,1237573.5
2020-04-26 02:00:00,1329538.5
2020-04-26 03:00:00,1272944.0
2020-04-26 04:00:00,1215689.0
2020-04-26 05:00:00,1208611.0
2020-04-26 06:00:00,1191582.5
2020-04-26 07:00:00,1149912.0
2020-04-26 08:00:00,1161786.5
2020-04-26 09:00:00,1161403.0
2020-04-26 10:00:00,1148061.5
2020-04-26 11:00:00,1144324.5
2020-04-26 12:00:00,1147605.5
2020-04-26 13:00:00,1142864.0
2020-04-26 14:00:00,1148156.5
2020-04-26 15:00:00,1147653.0
2020-04-26 16:00:00,1161275.5
2020-04-26 17:00:00,1208674.5
2020-04-26 18:00:00,1322234.5
2020-04-26 19:00:00,1388345.0
2020-04-26 20:00:00,1390681.0
2020-04-26 21:00:00,1390039.0
2020-04-26 22:00:00,1396323.5
2020-04-26 23:00:00,1386348.0
2020-04-27 00:00:00,1203555.5
2020-04-27 01:00:00,1157284.0
2020-04-27 02:00:00,1134133.0
2020-04-27 03:00:00,1144274.0
2020-04-27 04:00:00,1141999.0
2020-04-27 05:00:00,1144000.5
2020-04-27 06:00:00,1148968.5
2020-04-27 07:00:00,1155937.0
2020-04-27 08:00:00,1368202.0
2020-04-27 09:00:00,1217913.5
2020-04-27 10:00:00,1338355.0
2020-04-27 11:00:00,1402971.5
2020-04-27 12:00:00,1336466.5
2020-04-27 13:00:00,1402327.5
2020-04-27 14:00:00,1410692.0
2020-04-27 15:00:00,1397753.5
2020-04-27 16:00:00,1401536.0
2020-04-27 17:00:00,1407177.5
2020-04-27 18:00:00,1396768.0
2020-04-27 19:00:00,1393517.0
2020-04-27 20:00:00,1392443.0
2020-04-27 21:00:00,1386540.5
2020-04-27 22:00:00,1382211.5
2020-04-27 23:00:00,1370789.0
2020-04-28 00:00:00,1361691.0
2020-04-28 01:00:00,1354523.5
2020-04-28 02:00:00,1348093.5
2020-04-28 03:00:00,1237693.5
2020-04-28 04:00:00,1295485.0
2020-04-28 05:00:00,1377927.0
2020-04-28 06:00:00,1388477.5
2020-04-28 07:00:00,1399309.0
2020-04-28 08:00:00,1404548.0
2020-04-28 09:00:00,1400934.0
2020-04-28 10:00:00,1400934.0
2020-04-28 11:00:00,1400934.0
2020-04-28 12:00:00,1400934.0
2020-04-28 13:00:00,1400934.0
2020-04-28 14:00:00,1179860.5
2020-04-28 15:00:00,1187732.5
2020-04-28 16:00:00,1318341.0
2020-04-28 17:00:00,1259778.5
2020-04-28 18:00:00,1385436.0
2020-04-28 19:00:00,1418939.5
2020-04-28 20:00:00,1410620.5
2020-04-28 21:00:00,1403118.0
2020-04-28 22:00:00,1295865.5
2020-04-28 23:00:00,1346785.5
2020-04-29 00:00:00,1315110.5
2020-04-29 01:00:00,1337620.5
2020-04-29 02:00:00,1270518.0
2020-04-29 03:00:00,1244877.5
2020-04-29 04:00:00,1392871.5
2020-04-29 05:00:00,1380232.0
2020-04-29 06:00:00,1380752.0
2020-04-29 07:00:00,1397187.5
2020-04-29 08:00:00,1406080.5
2020-04-29 09:00:00,1208188.5
2020-04-29 10:00:00,1174879.0
2020-04-29 11:00:00,1147217.5
2020-04-29 12:00:00,1145112.5
2020-04-29 13:00:00,1142538.0
2020-04-29 14:00:00,1157584.5
2020-04-29 15:00:00,1157108.0
2020-04-29 16:00:00,1207849.5
2020-04-29 17:00:00,1199628.5
2020-04-29 18:00:00,1181899.5
2020-04-29 19:00:00,1398304.0
2020-04-29 20:00:00,1412500.5
2020-04-29 21:00:00,1408469.5
2020-04-29 22:00:00,1386369.5
2020-04-29 23:00:00,1374795.0
2020-04-30 00:00:00,1147503.0
2020-04-30 01:00:00,1155718.0
2020-04-30 02:00:00,1151245.5
2020-04-30 03:00:00,1150818.5
2020-04-30 04:00:00,1154615.5
2020-04-30 05:00:00,1143995.0
2020-04-30 06:00:00,1145749.5
2020-04-30 07:00:00,1155274.5
2020-04-30 08:00:00,1170314.0
2020-04-30 09:00:00,1163246.5
2020-04-30 10:00:00,1164127.5
2020-04-30 11:00:00,1178307.5
2020-04-30 12:00:00,1179247.0
2020-04-30 13:00:00,1181880.5
2020-04-30 14:00:00,1173285.0
2020-04-30 15:00:00,1176145.5
2020-04-30 16:00:00,1173354.5
2020-04-30 17:00:00,1165770.0
2020-04-30 18:00:00,1160280.5
2020-04-30 19:00:00,1266251.0
2020-04-30 20:00:00,1400574.5
2020-04-30 21:00:00,1167889.0
2020-04-30 22:00:00,1158088.0
2020-04-30 23:00:00,1162669.5
2020-05-01 00:00:00,1401544.0
2020-05-01 01:00:00,1407491.0
2020-05-01 02:00:00,1396802.5
2020-05-01 03:00:00,1400071.5
2020-05-01 04:00:00,1404732.5
2020-05-01 05:00:00,1398938.0
2020-05-01 06:00:00,1411229.0
2020-05-01 07:00:00,1431574.0
2020-05-01 08:00:00,1430219.5
2020-05-01 09:00:00,1388257.5
2020-05-01 10:00:00,1350978.5
2020-05-01 11:00:00,1396144.5
2020-05-01 12:00:00,1434329.0
2020-05-01 13:00:00,1419197.0
2020-05-01 14:00:00,1448900.5
2020-05-01 15:00:00,1446803.5
2020-05-01 16:00:00,1463631.0
2020-05-01 17:00:00,1398250.5
2020-05-01 18:00:00,1432737.5
2020-05-01 19:00:00,1451597.0
2020-05-01 20:00:00,1456129.5
2020-05-01 21:00:00,1469999.5
2020-05-01 22:00:00,1465461.5
2020-05-01 23:00:00,1467138.5
2020-05-02 00:00:00,1442743.5
2020-05-02 01:00:00,1446316.5
2020-05-02 02:00:00,1441614.5
2020-05-02 03:00:00,1449315.0
2020-05-02 04:00:00,1450512.5
2020-05-02 05:00:00,1440313.0
2020-05-02 06:00:00,1462313.5
2020-05-02 07:00:00,1454742.5
2020-05-02 08:00:00,1463066.0
2020-05-02 09:00:00,1465690.5
2020-05-02 10:00:00,1463402.5
2020-05-02 11:00:00,1464314.5
2020-05-02 12:00:00,1453938.5
2020-05-02 13:00:00,1457605.0
2020-05-02 14:00:00,1460190.5
2020-05-02 15:00:00,1448408.0
2020-05-02 16:00:00,1445610.5
2020-05-02 17:00:00,1441208.5
2020-05-02 18:00:00,1433524.0
2020-05-02 19:00:00,1444565.0
2020-05-02 20:00:00,1448224.0
2020-05-02 21:00:00,1443297.0
2020-05-02 22:00:00,1443194.5
2020-05-02 23:00:00,1454085.0
2020-05-03 00:00:00,1446755.0
2020-05-03 01:00:00,1439077.5
2020-05-03 02:00:00,1438692.5
2020-05-03 03:00:00,1447866.5
2020-05-03 04:00:00,1447823.0
2020-05-03 05:00:00,1444365.0
2020-05-03 06:00:00,1445506.5
2020-05-03 07:00:00,1447956.0
2020-05-03 08:00:00,1459629.0
2020-05-03 09:00:00,1461516.5
2020-05-03 10:00:00,1461335.5
2020-05-03 11:00:00,1463369.5
2020-05-03 12:00:00,1463574.0
2020-05-03 13:00:00,1455655.5
2020-05-03 14:00:00,1442471.5
2020-05-03 15:00:00,1447246.0
2020-05-03 16:00:00,1459480.5
2020-05-03 17:00:00,1460542.5
2020-05-03 18:00:00,1453510.5
2020-05-03 19:00:00,1450461.0
2020-05-03 20:00:00,1450347.0
2020-05-03 21:00:00,1437414.5
2020-05-03 22:00:00,1438800.0
2020-05-03 23:00:00,1446840.0
2020-05-04 00:00:00,1440315.5
2020-05-04 01:00:00,1432082.0
2020-05-04 02:00:00,1434089.0
2020-05-04 03:00:00,1440569.5
2020-05-04 04:00:00,1448260.0
2020-05-04 05:00:00,1402911.0
2020-05-04 06:00:00,1429493.0
2020-05-04 07:00:00,1292465.5
2020-05-04 08:00:00,1445480.0
2020-05-04 09:00:00,1457354.0
2020-05-04 10:00:00,1467087.5
2020-05-04 11:00:00,1468919.5
2020-05-04 12:00:00,1453557.5
2020-05-04 13:00:00,1441872.0
2020-05-04 14:00:00,1451043.5
2020-05-04 15:00:00,1452786.5
2020-05-04 16:00:00,1453822.0
2020-05-04 17:00:00,1454115.0
2020-05-04 18:00:00,1445748.0
2020-05-04 19:00:00,1431185.5
2020-05-04 20:00:00,1446474.5
2020-05-04 21:00:00,1438913.5
2020-05-04 22:00:00,1430914.5
2020-05-04 23:00:00,1428816.0
2020-05-05 00:00:00,1438248.0
2020-05-05 01:00:00,1436877.0
2020-05-05 02:00:00,1418505.5
2020-05-05 03:00:00,1438064.5
2020-05-05 04:00:00,1429317.0
2020-05-05 05:00:00,1425256.5
2020-05-05 06:00:00,1432208.0
2020-05-05 07:00:00,1429106.5
2020-05-05 08:00:00,1443340.5
2020-05-05 09:00:00,1447420.0
2020-05-05 10:00:00,1447385.5
2020-05-05 11:00:00,1444213.0
2020-05-05 12:00:00,1441533.0
2020-05-05 13:00:00,1435883.5
2020-05-05 14:00:00,1427772.5
2020-05-05 15:00:00,1417271.5
2020-05-05 16:00:00,1431503.5
2020-05-05 17:00:00,1423908.0
2020-05-05 18:00:00,1422787.5
2020-05-05 19:00:00,1428351.0
2020-05-05 20:00:00,1434638.5
2020-05-05 21:00:00,1434991.5
2020-05-05 22:00:00,1433509.5
2020-05-05 23:00:00,1442847.5
2020-05-06 00:00:00,1435866.5
2020-05-06 01:00:00,1433944.0
2020-05-06 02:00:00,1431007.5
2020-05-06 03:00:00,1429275.5
2020-05-06 04:00:00,1444786.5
2020-05-06 05:00:00,1447403.5
2020-05-06 06:00:00,1452725.5
2020-05-06 07:00:00,1441467.0
2020-05-06 08:00:00,1455933.0
2020-05-06 09:00:00,1435293.0
2020-05-06 10:00:00,1435293.0
2020-05-06 11:00:00,1435293.0
2020-05-06 12:00:00,1435293.0
2020-05-06 13:00:00,1454647.5
2020-05-06 14:00:00,1481244.0
2020-05-06 15:00:00,1462862.5
2020-05-06 16:00:00,1448546.0
2020-05-06 17:00:00,1450671.5
2020-05-06 18:00:00,1442521.5
2020-05-06 19:00:00,1447442.0
2020-05-06 20:00:00,1453980.5
2020-05-06 21:00:00,1456584.5
2020-05-06 22:00:00,1438772.5
2020-05-06 23:00:00,1437785.0
2020-05-07 00:00:00,1428384.5
2020-05-07 01:00:00,1431608.5
2020-05-07 02:00:00,1438443.5
2020-05-07 03:00:00,1438762.0
2020-05-07 04:00:00,1425704.0
2020-05-07 05:00:00,1428705.5
2020-05-07 06:00:00,1420534.0
2020-05-07 07:00:00,1419745.0
2020-05-07 08:00:00,1424686.5
2020-05-07 09:00:00,1427412.0
2020-05-07 10:00:00,1420764.5
2020-05-07 11:00:00,1415337.5
2020-05-07 12:00:00,1419250.5
2020-05-07 13:00:00,1436998.0
2020-05-07 14:00:00,1450797.5
2020-05-07 15:00:00,1456072.5
2020-05-07 16:00:00,1440934.5
2020-05-07 17:00:00,1422320.0
2020-05-07 18:00:00,1437945.5
2020-05-07 19:00:00,1431806.0
2020-05-07 20:00:00,1436206.0
2020-05-07 21:00:00,1443752.0
2020-05-07 22:00:00,1434840.0
2020-05-07 23:00:00,1433099.5
2020-05-08 00:00:00,1433006.0
2020-05-08 01:00:00,1430684.0
2020-05-08 02:00:00,1430150.0
2020-05-08 03:00:00,1425222.5
2020-05-08 04:00:00,1417010.0
2020-05-08 05:00:00,1421532.5
2020-05-08 06:00:00,1416360.5
2020-05-08 07:00:00,1429424.0
2020-05-08 08:00:00,1451754.5
2020-05-08 09:00:00,1481618.0
2020-05-08 10:00:00,1528180.0
2020-05-08 11:00:00,1443501.5
2020-05-08 12:00:00,1447512.5
2020-05-08 13:00:00,1460883.5
2020-05-08 14:00:00,1459485.0
2020-05-08 15:00:00,1447423.5
2020-05-08 16:00:00,1460950.0
2020-05-08 17:00:00,1461191.5
2020-05-08 18:00:00,1455188.5
2020-05-08 19:00:00,1459825.5
2020-05-08 20:00:00,1447033.0
2020-05-08 21:00:00,1449466.0
2020-05-08 22:00:00,1448601.5
2020-05-08 23:00:00,1447773.5
2020-05-09 00:00:00,1445711.0
2020-05-09 01:00:00,1443689.0
2020-05-09 02:00:00,1439954.0
2020-05-09 03:00:00,1459830.5
2020-05-09 04:00:00,1458449.0
2020-05-09 05:00:00,1436789.5
2020-05-09 06:00:00,1451030.5
2020-05-09 07:00:00,1464596.5
2020-05-09 08:00:00,1479984.5
2020-05-09 09:00:00,1479952.5
2020-05-09 10:00:00,1473576.0
2020-05-09 11:00:00,1475396.0
2020-05-09 12:00:00,1472373.5
2020-05-09 13:00:00,1465373.0
2020-05-09 14:00:00,1452505.0
2020-05-09 15:00:00,1450178.5
2020-05-09 16:00:00,1453003.0
2020-05-09 17:00:00,1442992.5
2020-05-09 18:00:00,1446258.5
2020-05-09 19:00:00,1459425.0
2020-05-09 20:00:00,1454215.5
2020-05-09 21:00:00,1461953.5
2020-05-09 22:00:00,1445396.0
2020-05-09 23:00:00,1454343.0
2020-05-10 00:00:00,1456175.0
2020-05-10 01:00:00,1443484.5
2020-05-10 02:00:00,1431422.0
2020-05-10 03:00:00,1411026.0
2020-05-10 04:00:00,1418518.5
2020-05-10 05:00:00,1383579.0
2020-05-10 06:00:00,1416346.0
2020-05-10 07:00:00,1442412.0
2020-05-10 08:00:00,1442663.0
2020-05-10 09:00:00,1456537.5
2020-05-10 10:00:00,1452274.0
2020-05-10 11:00:00,1437194.0
2020-05-10 12:00:00,1421208.0
2020-05-10 13:00:00,1427742.0
2020-05-10 14:00:00,1409600.5
2020-05-10 15:00:00,1435578.5
2020-05-10 16:00:00,1415277.0
2020-05-10 17:00:00,1408896.5
2020-05-10 18:00:00,1410333.5
2020-05-10 19:00:00,1431687.0
2020-05-10 20:00:00,1440213.0
2020-05-10 21:00:00,1434593.0
2020-05-10 22:00:00,1428487.0
2020-05-10 23:00:00,1435069.5
2020-05-11 00:00:00,1421994.0
2020-05-11 01:00:00,1432778.0
2020-05-11 02:00:00,1418651.0
2020-05-11 03:00:00,1430299.0
2020-05-11 04:00:00,1438339.0
2020-05-11 05:00:00,1432058.5
2020-05-11 06:00:00,1431841.5
2020-05-11 07:00:00,1428106.0
2020-05-11 08:00:00,1446161.0
2020-05-11 09:00:00,1448771.0
2020-05-11 10:00:00,1447449.0
2020-05-11 11:00:00,1443345.5
2020-05-11 12:00:00,1414616.5
2020-05-11 13:00:00,1458112.5
2020-05-11 14:00:00,1463831.5
2020-05-11 15:00:00,1457402.5
2020-05-11 16:00:00,1468542.0
2020-05-11 17:00:00,1460653.5
2020-05-11 18:00:00,1452402.5
2020-05-11 19:00:00,1455168.5
2020-05-11 20:00:00,1456659.5
2020-05-11 21:00:00,1448637.5
2020-05-11 22:00:00,1447793.5
2020-05-11 23:00:00,1455538.0
2020-05-12 00:00:00,1458565.5
2020-05-12 01:00:00,1457470.5
2020-05-12 02:00:00,1450091.5
2020-05-12 03:00:00,1448819.0
2020-05-12 04:00:00,1445098.0
2020-05-12 05:00:00,1456015.5
2020-05-12 06:00:00,1458398.0
2020-05-12 07:00:00,1458606.5
2020-05-12 08:00:00,1470722.0
2020-05-12 09:00:00,1473360.0
2020-05-12 10:00:00,1473360.0
2020-05-12 11:00:00,1473360.0
2020-05-12 12:00:00,1473360.0
2020-05-12 13:00:00,1473360.0
2020-05-12 14:00:00,1473360.0
2020-05-12 15:00:00,1462515.0
2020-05-12 16:00:00,1459300.5
2020-05-12 17:00:00,1456296.0
2020-05-12 18:00:00,1448644.5
2020-05-12 19:00:00,1455796.0
2020-05-12 20:00:00,1455687.0
2020-05-12 21:00:00,1455738.5
2020-05-12 22:00:00,1445435.5
2020-05-12 23:00:00,1449745.5
2020-05-13 00:00:00,1435797.0
2020-05-13 01:00:00,1435956.0
2020-05-13 02:00:00,1449562.5
2020-05-13 03:00:00,1456371.0
2020-05-13 04:00:00,1447858.0
2020-05-13 05:00:00,1446658.5
2020-05-13 06:00:00,1445128.5
2020-05-13 07:00:00,1433415.5
2020-05-13 08:00:00,1450697.5
2020-05-13 09:00:00,1441439.5
2020-05-13 10:00:00,1444616.0
2020-05-13 11:00:00,1420610.5
2020-05-13 12:00:00,1401697.0
2020-05-13 13:00:00,1430727.5
2020-05-13 14:00:00,1441428.5
2020-05-13 15:00:00,1452604.0
2020-05-13 16:00:00,1454148.5
2020-05-13 17:00:00,1446758.5
2020-05-13 18:00:00,1434192.5
2020-05-13 19:00:00,1440440.0
2020-05-13 20:00:00,1439186.5
2020-05-13 21:00:00,1432756.0
2020-05-13 22:00:00,1430688.0
2020-05-13 23:00:00,1421127.5
2020-05-14 00:00:00,1424309.5
2020-05-14 01:00:00,1432725.5
2020-05-14 02:00:00,1427621.5
2020-05-14 03:00:00,1421490.0
2020-05-14 04:00:00,1417120.0
2020-05-14 05:00:00,1417630.0
2020-05-14 06:00:00,1417987.0
2020-05-14 07:00:00,1426317.0
2020-05-14 08:00:00,1443419.5
2020-05-14 09:00:00,1440130.0
2020-05-14 10:00:00,1427299.0
2020-05-14 11:00:00,1423968.5
2020-05-14 12:00:00,1423564.5
2020-05-14 13:00:00,1436320.0
2020-05-14 14:00:00,1422807.0
2020-05-14 15:00:00,1407424.0
2020-05-14 16:00:00,1431600.0
2020-05-14 17:00:00,1438085.0
2020-05-14 18:00:00,1429435.0
2020-05-14 19:00:00,1439861.5
2020-05-14 20:00:00,1432324.0
2020-05-14 21:00:00,1431009.5
2020-05-14 22:00:00,1424255.0
2020-05-14 23:00:00,1399933.5
2020-05-15 00:00:00,1392537.5
2020-05-15 01:00:00,1391107.5
2020-05-15 02:00:00,1402578.5
2020-05-15 03:00:00,1419952.0
2020-05-15 04:00:00,1420610.5
2020-05-15 05:00:00,1282871.0
2020-05-15 06:00:00,1381594.0
2020-05-15 07:00:00,1389216.5
2020-05-15 08:00:00,1422047.0
2020-05-15 09:00:00,1411694.0
2020-05-15 10:00:00,1412943.5
2020-05-15 11:00:00,1424320.0
2020-05-15 12:00:00,1425446.5
2020-05-15 13:00:00,1428479.5
2020-05-15 14:00:00,1428511.5
2020-05-15 15:00:00,1432734.5
2020-05-15 16:00:00,1435794.0
2020-05-15 17:00:00,1424160.5
2020-05-15 18:00:00,1421865.0
2020-05-15 19:00:00,1423779.5
2020-05-15 20:00:00,1429412.0
2020-05-15 21:00:00,1420514.0
2020-05-15 22:00:00,1414453.0
2020-05-15 23:00:00,1412871.0
2020-05-16 00:00:00,1407332.0
2020-05-16 01:00:00,1406734.5
2020-05-16 02:00:00,1401193.0
2020-05-16 03:00:00,1414980.5
2020-05-16 04:00:00,1403615.5
2020-05-16 05:00:00,1403592.5
2020-05-16 06:00:00,1403878.5
2020-05-16 07:00:00,1399487.5
2020-05-16 08:00:00,1420026.5
2020-05-16 09:00:00,1415449.5
2020-05-16 10:00:00,1413932.0
2020-05-16 11:00:00,1381436.0
2020-05-16 12:00:00,1397184.0
2020-05-16 13:00:00,1419696.0
2020-05-16 14:00:00,1428129.5
2020-05-16 15:00:00,1434848.0
2020-05-16 16:00:00,1407367.5
2020-05-16 17:00:00,1400816.5
2020-05-16 18:00:00,1408943.0
2020-05-16 19:00:00,1416688.0
2020-05-16 20:00:00,1415209.0
2020-05-16 21:00:00,1415029.5
2020-05-16 22:00:00,1404729.0
2020-05-16 23:00:00,1405885.0
2020-05-17 00:00:00,1392920.0
2020-05-17 01:00:00,1411254.0
2020-05-17 02:00:00,1391119.0
2020-05-17 03:00:00,1394486.5
2020-05-17 04:00:00,1378304.0
2020-05-17 05:00:00,1399691.0
2020-05-17 06:00:00,1426774.5
2020-05-17 07:00:00,1439540.5
2020-05-17 08:00:00,1452491.0
2020-05-17 09:00:00,1435614.0
2020-05-17 10:00:00,1454557.5
2020-05-17 11:00:00,1458835.5
2020-05-17 12:00:00,1238102.5
2020-05-17 13:00:00,1225459.5
2020-05-17 14:00:00,1436616.5
2020-05-17 15:00:00,1468126.0
2020-05-17 16:00:00,1464762.0
2020-05-17 17:00:00,1455168.5
2020-05-17 18:00:00,1458382.0
2020-05-17 19:00:00,1470926.0
2020-05-17 20:00:00,1484300.5
2020-05-17 21:00:00,1468485.5
2020-05-17 22:00:00,1461291.0
2020-05-17 23:00:00,1435819.5
2020-05-18 00:00:00,1440258.5
2020-05-18 01:00:00,1202437.5
2020-05-18 02:00:00,1176682.0
2020-05-18 03:00:00,1180394.5
2020-05-18 04:00:00,1166208.5
2020-05-18 05:00:00,1146082.5
2020-05-18 06:00:00,1181343.5
2020-05-18 07:00:00,1170303.5
2020-05-18 08:00:00,1346993.5
2020-05-18 09:00:00,1492057.0
2020-05-18 10:00:00,1487439.0
2020-05-18 11:00:00,1488769.0
2020-05-18 12:00:00,1480133.0
2020-05-18 13:00:00,1482994.5
2020-05-18 14:00:00,1489413.5
2020-05-18 15:00:00,1481431.0
2020-05-18 16:00:00,1475780.5
2020-05-18 17:00:00,1450773.0
2020-05-18 18:00:00,1450811.0
2020-05-18 19:00:00,1446145.0
2020-05-18 20:00:00,1446583.0
2020-05-18 21:00:00,1448095.5
2020-05-18 22:00:00,1452522.5
2020-05-18 23:00:00,1451033.5
2020-05-19 00:00:00,1434580.5
2020-05-19 01:00:00,1444496.0
2020-05-19 02:00:00,1440000.0
2020-05-19 03:00:00,1447863.0
2020-05-19 04:00:00,1447956.0
2020-05-19 05:00:00,1393837.0
2020-05-19 06:00:00,1441143.0
2020-05-19 07:00:00,1370739.5
2020-05-19 08:00:00,1455776.0
2020-05-19 09:00:00,1451871.0
2020-05-19 10:00:00,1456610.0
2020-05-19 11:00:00,1456610.0
2020-05-19 12:00:00,1456610.0
2020-05-19 13:00:00,1456610.0
2020-05-19 14:00:00,1456610.0
2020-05-19 15:00:00,1461181.0
2020-05-19 16:00:00,1462535.0
2020-05-19 17:00:00,1459027.0
2020-05-19 18:00:00,1451255.5
2020-05-19 19:00:00,1462557.5
2020-05-19 20:00:00,1460624.0
2020-05-19 21:00:00,1454635.5
2020-05-19 22:00:00,1451021.0
2020-05-19 23:00:00,1455734.5
2020-05-20 00:00:00,1447680.0
2020-05-20 01:00:00,1456824.5
2020-05-20 02:00:00,1458037.5
2020-05-20 03:00:00,1453726.5
2020-05-20 04:00:00,1447251.5
2020-05-20 05:00:00,1439768.0
2020-05-20 06:00:00,1435707.5
2020-05-20 07:00:00,1432591.0
2020-05-20 08:00:00,1449219.5
2020-05-20 09:00:00,1447797.5
2020-05-20 10:00:00,1446027.5
2020-05-20 11:00:00,1426625.0
2020-05-20 12:00:00,1442149.5
2020-05-20 13:00:00,1430580.0
2020-05-20 14:00:00,1417342.5
2020-05-20 15:00:00,1436229.0
2020-05-20 16:00:00,1450889.5
2020-05-20 17:00:00,1440115.0
2020-05-20 18:00:00,1427597.0
2020-05-20 19:00:00,1437594.0
2020-05-20 20:00:00,1418700.0
2020-05-20 21:00:00,1417930.5
2020-05-20 22:00:00,1429358.5
2020-05-20 23:00:00,1423221.0
2020-05-21 00:00:00,1405272.5
2020-05-21 01:00:00,1405575.5
2020-05-21 02:00:00,1405281.0
2020-05-21 03:00:00,1414762.5
2020-05-21 04:00:00,1412852.0
2020-05-21 05:00:00,1410715.5
2020-05-21 06:00:00,1404955.5
2020-05-21 07:00:00,1425349.0
2020-05-21 08:00:00,1446283.5
2020-05-21 09:00:00,1435809.5
2020-05-21 10:00:00,1440472.5
2020-05-21 11:00:00,1437581.0
2020-05-21 12:00:00,1421649.5
2020-05-21 13:00:00,1430343.5
2020-05-21 14:00:00,1418926.0
2020-05-21 15:00:00,1416802.0
2020-05-21 16:00:00,1414701.5
2020-05-21 17:00:00,1414331.0
2020-05-21 18:00:00,1436347.5
2020-05-21 19:00:00,1429383.0
2020-05-21 20:00:00,1416851.5
2020-05-21 21:00:00,1424329.5
2020-05-21 22:00:00,1425575.5
2020-05-21 23:00:00,1420458.5
2020-05-22 00:00:00,1410540.5
2020-05-22 01:00:00,1446452.0
2020-05-22 02:00:00,1404341.0
2020-05-22 03:00:00,1449428.0
2020-05-22 04:00:00,1446550.0
2020-05-22 05:00:00,1449083.0
2020-05-22 06:00:00,1449443.5
2020-05-22 07:00:00,1462304.5
2020-05-22 08:00:00,1480343.0
2020-05-22 09:00:00,1472568.5
2020-05-22 10:00:00,1453310.0
2020-05-22 11:00:00,1434974.0
2020-05-22 12:00:00,1436710.0
2020-05-22 13:00:00,1468667.0
2020-05-22 14:00:00,1446577.5
2020-05-22 15:00:00,1435260.5
2020-05-22 16:00:00,1438450.5
2020-05-22 17:00:00,1430668.0
2020-05-22 18:00:00,1423067.0
2020-05-22 19:00:00,1433076.0
2020-05-22 20:00:00,1434403.0
2020-05-22 21:00:00,1441971.5
2020-05-22 22:00:00,1446085.0
2020-05-22 23:00:00,1441359.5
2020-05-23 00:00:00,1435941.0
2020-05-23 01:00:00,1435497.5
2020-05-23 02:00:00,1430615.0
2020-05-23 03:00:00,1423466.5
2020-05-23 04:00:00,1417504.5
2020-05-23 05:00:00,1419034.0
2020-05-23 06:00:00,1391975.5
2020-05-23 07:00:00,1375288.5
2020-05-23 08:00:00,1422498.5
2020-05-23 09:00:00,1416499.0
2020-05-23 10:00:00,1417844.5
2020-05-23 11:00:00,1412790.0
2020-05-23 12:00:00,1400764.0
2020-05-23 13:00:00,1420992.0
2020-05-23 14:00:00,1415515.5
2020-05-23 15:00:00,1407022.5
2020-05-23 16:00:00,1412581.0
2020-05-23 17:00:00,1390498.5
2020-05-23 18:00:00,1411939.5
2020-05-23 19:00:00,1425639.5
2020-05-23 20:00:00,1436682.5
2020-05-23 21:00:00,1423261.0
2020-05-23 22:00:00,1428677.5
2020-05-23 23:00:00,1423443.5
2020-05-24 00:00:00,1428169.0
2020-05-24 01:00:00,1420277.5
2020-05-24 02:00:00,1440301.0
2020-05-24 03:00:00,1445124.5
2020-05-24 04:00:00,1422069.0
2020-05-24 05:00:00,1387880.5
2020-05-24 06:00:00,1378044.0
2020-05-24 07:00:00,1303309.5
2020-05-24 08:00:00,1133560.0
2020-05-24 09:00:00,1132860.0
2020-05-24 10:00:00,1188650.5
2020-05-24 11:00:00,1399578.5
2020-05-24 12:00:00,1388043.5
2020-05-24 13:00:00,1293328.5
2020-05-24 14:00:00,1158095.0
2020-05-24 15:00:00,1145468.0
2020-05-24 16:00:00,1175938.0
2020-05-24 17:00:00,1428088.0
2020-05-24 18:00:00,1393187.0
2020-05-24 19:00:00,1409610.0
2020-05-24 20:00:00,1403088.5
2020-05-24 21:00:00,1406563.0
2020-05-24 22:00:00,1411391.0
2020-05-24 23:00:00,1407746.0
2020-05-25 00:00:00,1392969.0
2020-05-25 01:00:00,1405236.0
2020-05-25 02:00:00,1401195.5
2020-05-25 03:00:00,1403093.5
2020-05-25 04:00:00,1408394.0
2020-05-25 05:00:00,1385173.0
2020-05-25 06:00:00,1379961.5
2020-05-25 07:00:00,1400451.5
2020-05-25 08:00:00,1417949.5
2020-05-25 09:00:00,1412316.0
2020-05-25 10:00:00,1403716.5
2020-05-25 11:00:00,1393390.0
2020-05-25 12:00:00,1404852.5
2020-05-25 13:00:00,1432783.5
2020-05-25 14:00:00,1420452.0
2020-05-25 15:00:00,1410435.0
2020-05-25 16:00:00,1405025.0
2020-05-25 17:00:00,1399616.5
2020-05-25 18:00:00,1397426.0
2020-05-25 19:00:00,1403981.5
2020-05-25 20:00:00,1409582.0
2020-05-25 21:00:00,1409822.0
2020-05-25 22:00:00,1401014.5
2020-05-25 23:00:00,1401472.5
2020-05-26 00:00:00,1400490.0
2020-05-26 01:00:00,1398884.5
2020-05-26 02:00:00,1393246.5
2020-05-26 03:00:00,1395599.5
2020-05-26 04:00:00,1383904.0
2020-05-26 05:00:00,1363153.5
2020-05-26 06:00:00,1404866.5
2020-05-26 07:00:00,1409656.5
2020-05-26 08:00:00,1421338.5
2020-05-26 09:00:00,1427687.0
2020-05-26 10:00:00,1427687.0
2020-05-26 11:00:00,1427687.0
2020-05-26 12:00:00,1427687.0
2020-05-26 13:00:00,1427687.0
2020-05-26 14:00:00,1427687.0
2020-05-26 15:00:00,1411468.5
2020-05-26 16:00:00,1421677.0
2020-05-26 17:00:00,1415934.5
2020-05-26 18:00:00,1409724.0
2020-05-26 19:00:00,1412751.5
2020-05-26 20:00:00,1413135.0
2020-05-26 21:00:00,1411555.5
2020-05-26 22:00:00,1408959.0
2020-05-26 23:00:00,1404650.5
2020-05-27 00:00:00,1403806.5
2020-05-27 01:00:00,1425866.5
2020-05-27 02:00:00,1408746.5
2020-05-27 03:00:00,1412025.0
2020-05-27 04:00:00,1404378.0
2020-05-27 05:00:00,1402551.5
2020-05-27 06:00:00,1403570.0
2020-05-27 07:00:00,1400488.0
2020-05-27 08:00:00,1410834.5
2020-05-27 09:00:00,1414897.0
2020-05-27 10:00:00,1407216.5
2020-05-27 11:00:00,1405101.5
2020-05-27 12:00:00,1404287.5
2020-05-27 13:00:00,1420078.5
2020-05-27 14:00:00,1410531.0
2020-05-27 15:00:00,1350275.5
2020-05-27 16:00:00,1399120.0
2020-05-27 17:00:00,1403625.0
2020-05-27 18:00:00,1404283.0
2020-05-27 19:00:00,1405346.0
2020-05-27 20:00:00,1405886.5
2020-05-27 21:00:00,1405903.0
2020-05-27 22:00:00,1407059.0
2020-05-27 23:00:00,1407303.5
2020-05-28 00:00:00,1409881.5
2020-05-28 01:00:00,1402485.0
2020-05-28 02:00:00,1393740.5
2020-05-28 03:00:00,1401988.0
2020-05-28 04:00:00,1392816.5
2020-05-28 05:00:00,1392540.0
2020-05-28 06:00:00,1395775.5
2020-05-28 07:00:00,1398888.0
2020-05-28 08:00:00,1405775.5
2020-05-28 09:00:00,1415107.0
2020-05-28 10:00:00,1408627.5
2020-05-28 11:00:00,1387020.0
2020-05-28 12:00:00,1402575.5
2020-05-28 13:00:00,1412125.0
2020-05-28 14:00:00,1411886.5
2020-05-28 15:00:00,1403787.0
2020-05-28 16:00:00,1400399.0
2020-05-28 17:00:00,1398382.0
2020-05-28 18:00:00,1397443.5
2020-05-28 19:00:00,1393184.0
2020-05-28 20:00:00,1394321.0
2020-05-28 21:00:00,1387837.0
2020-05-28 22:00:00,1390428.5
2020-05-28 23:00:00,1394732.5
2020-05-29 00:00:00,1377115.5
2020-05-29 01:00:00,1362744.5
2020-05-29 02:00:00,1374325.0
2020-05-29 03:00:00,1386905.5
2020-05-29 04:00:00,1407216.5
2020-05-29 05:00:00,1396551.5
2020-05-29 06:00:00,1386964.5
2020-05-29 07:00:00,1372570.0
2020-05-29 08:00:00,1392476.0
2020-05-29 09:00:00,1384976.5
2020-05-29 10:00:00,1387777.0
2020-05-29 11:00:00,1402488.5
2020-05-29 12:00:00,1405185.0
2020-05-29 13:00:00,1410846.5
2020-05-29 14:00:00,1396162.0
2020-05-29 15:00:00,1408096.0
2020-05-29 16:00:00,1410458.0
2020-05-29 17:00:00,1394076.0
2020-05-29 18:00:00,1390710.0
2020-05-29 19:00:00,1394173.0
2020-05-29 20:00:00,1395852.5
2020-05-29 21:00:00,1388207.5
2020-05-29 22:00:00,1388585.5
2020-05-29 23:00:00,1393785.0
2020-05-30 00:00:00,1394764.0
2020-05-30 01:00:00,1399303.0
2020-05-30 02:00:00,1394468.0
2020-05-30 03:00:00,1381123.5
2020-05-30 04:00:00,1384330.5
2020-05-30 05:00:00,1386159.5
2020-05-30 06:00:00,1389485.0
2020-05-30 07:00:00,1016487.0
2020-05-30 08:00:00,553467.0
2020-05-30 09:00:00,100466.2
2020-05-30 10:00:00,104.65
2020-05-30 11:00:00,0.0
2020-05-30 12:00:00,0.0
2020-05-30 13:00:00,0.0
2020-05-30 14:00:00,0.0
2020-05-30 15:00:00,0.0
2020-05-30 16:00:00,0.0
2020-05-30 17:00:00,0.0
2020-05-30 18:00:00,0.0
2020-05-30 19:00:00,0.0
2020-05-30 20:00:00,0.0
2020-05-30 21:00:00,0.0
2020-05-30 22:00:00,0.0
2020-05-30 23:00:00,0.0
2020-05-31 00:00:00,0.0
2020-05-31 01:00:00,0.0
2020-05-31 02:00:00,0.0
2020-05-31 03:00:00,0.0
2020-05-31 04:00:00,0.0
2020-05-31 05:00:00,0.0
2020-05-31 06:00:00,0.0
2020-05-31 07:00:00,0.0
2020-05-31 08:00:00,0.0
2020-05-31 09:00:00,0.0
2020-05-31 10:00:00,0.0
2020-05-31 11:00:00,0.0
2020-05-31 12:00:00,0.0
2020-05-31 13:00:00,0.0
2020-05-31 14:00:00,0.0
2020-05-31 15:00:00,0.0
2020-05-31 16:00:00,0.0
2020-05-31 17:00:00,0.0
2020-05-31 18:00:00,0.0
2020-05-31 19:00:00,0.0
2020-05-31 20:00:00,0.0
2020-05-31 21:00:00,0.0
2020-05-31 22:00:00,0.0
2020-05-31 23:00:00,0.0
2020-06-01 00:00:00,0.0
2020-06-01 01:00:00,0.0
2020-06-01 02:00:00,0.0
2020-06-01 03:00:00,0.0
2020-06-01 04:00:00,0.0
2020-06-01 05:00:00,0.0
2020-06-01 06:00:00,0.0
2020-06-01 07:00:00,0.0
2020-06-01 08:00:00,0.0
2020-06-01 09:00:00,0.0
2020-06-01 10:00:00,0.0
2020-06-01 11:00:00,0.0
2020-06-01 12:00:00,0.0
2020-06-01 13:00:00,0.0
2020-06-01 14:00:00,0.0
2020-06-01 15:00:00,0.0
2020-06-01 16:00:00,0.0
2020-06-01 17:00:00,0.0
2020-06-01 18:00:00,0.0
2020-06-01 19:00:00,0.0
2020-06-01 20:00:00,0.0
2020-06-01 21:00:00,0.0
2020-06-01 22:00:00,0.0
2020-06-01 23:00:00,0.0
2020-06-02 00:00:00,0.0
2020-06-02 01:00:00,0.0
2020-06-02 02:00:00,0.0
2020-06-02 03:00:00,0.0
2020-06-02 04:00:00,0.0
2020-06-02 05:00:00,216541.5
2020-06-02 06:00:00,295810.0
2020-06-02 07:00:00,401980.5
2020-06-02 08:00:00,684395.5
2020-06-02 09:00:00,825766.0
2020-06-02 10:00:00,825766.0
2020-06-02 11:00:00,825766.0
2020-06-02 12:00:00,825766.0
2020-06-02 13:00:00,825766.0
2020-06-02 14:00:00,825766.0
2020-06-02 15:00:00,1495418.0
2020-06-02 16:00:00,1501173.5
2020-06-02 17:00:00,1489483.0
2020-06-02 18:00:00,1500338.0
2020-06-02 19:00:00,1498059.0
2020-06-02 20:00:00,1480559.5
2020-06-02 21:00:00,1476106.5
2020-06-02 22:00:00,1450159.0
2020-06-02 23:00:00,1438606.5
2020-06-03 00:00:00,1440205.0
2020-06-03 01:00:00,1435840.0
2020-06-03 02:00:00,1433327.5
2020-06-03 03:00:00,1427749.5
2020-06-03 04:00:00,1424111.5
2020-06-03 05:00:00,1424708.5
2020-06-03 06:00:00,1431424.5
2020-06-03 07:00:00,1427542.0
2020-06-03 08:00:00,1439952.5
2020-06-03 09:00:00,1452169.0
2020-06-03 10:00:00,1445198.0
2020-06-03 11:00:00,1445358.5
2020-06-03 12:00:00,1431036.5
2020-06-03 13:00:00,1440515.5
2020-06-03 14:00:00,1438625.0
2020-06-03 15:00:00,1450371.0
2020-06-03 16:00:00,1445351.0
2020-06-03 17:00:00,1420358.5
2020-06-03 18:00:00,1402805.0
2020-06-03 19:00:00,1413949.0
2020-06-03 20:00:00,1418238.0
2020-06-03 21:00:00,1410679.0
2020-06-03 22:00:00,1425105.5
2020-06-03 23:00:00,1419352.5
2020-06-04 00:00:00,1421823.0
2020-06-04 01:00:00,1411882.0
2020-06-04 02:00:00,1408978.5
2020-06-04 03:00:00,1411159.5
2020-06-04 04:00:00,1427141.5
2020-06-04 05:00:00,1440148.5
2020-06-04 06:00:00,1431846.5
2020-06-04 07:00:00,1439081.0
2020-06-04 08:00:00,1462248.0
2020-06-04 09:00:00,1478648.5
2020-06-04 10:00:00,1456349.0
2020-06-04 11:00:00,1450197.5
2020-06-04 12:00:00,1435441.5
2020-06-04 13:00:00,1440657.5
2020-06-04 14:00:00,1461052.5
2020-06-04 15:00:00,1469584.5
2020-06-04 16:00:00,1463704.0
2020-06-04 17:00:00,1464922.0
2020-06-04 18:00:00,1464892.5
2020-06-04 19:00:00,1464648.5
2020-06-04 20:00:00,1466352.0
2020-06-04 21:00:00,1454739.0
2020-06-04 22:00:00,1451937.5
2020-06-04 23:00:00,1445094.0
2020-06-05 00:00:00,1442233.0
2020-06-05 01:00:00,1432410.0
2020-06-05 02:00:00,1431862.0
2020-06-05 03:00:00,1430003.0
2020-06-05 04:00:00,1429229.5
2020-06-05 05:00:00,1436409.5
2020-06-05 06:00:00,1433153.0
2020-06-05 07:00:00,1452740.5
2020-06-05 08:00:00,1448147.5
2020-06-05 09:00:00,1441983.0
2020-06-05 10:00:00,1434216.0
2020-06-05 11:00:00,1431462.5
2020-06-05 12:00:00,1437701.5
2020-06-05 13:00:00,1460208.0
2020-06-05 14:00:00,1454939.5
2020-06-05 15:00:00,1452672.5
2020-06-05 16:00:00,1455246.5
2020-06-05 17:00:00,1446699.0
2020-06-05 18:00:00,1432869.5
2020-06-05 19:00:00,1443848.5
2020-06-05 20:00:00,1448394.5
2020-06-05 21:00:00,1448263.0
2020-06-05 22:00:00,1440930.5
2020-06-05 23:00:00,1442453.5
2020-06-06 00:00:00,1414518.5
2020-06-06 01:00:00,1301595.0
2020-06-06 02:00:00,1283194.0
2020-06-06 03:00:00,1217783.0
2020-06-06 04:00:00,1256487.5
2020-06-06 05:00:00,1309195.5
2020-06-06 06:00:00,1217677.5
2020-06-06 07:00:00,1195664.5
2020-06-06 08:00:00,1304068.5
2020-06-06 09:00:00,1378040.5
2020-06-06 10:00:00,1448182.5
2020-06-06 11:00:00,1440233.0
2020-06-06 12:00:00,1445591.5
2020-06-06 13:00:00,1447605.5
2020-06-06 14:00:00,1433672.0
2020-06-06 15:00:00,1471464.5
2020-06-06 16:00:00,1465098.0
2020-06-06 17:00:00,1447090.0
2020-06-06 18:00:00,1437673.5
2020-06-06 19:00:00,1440315.0
2020-06-06 20:00:00,1437301.0
2020-06-06 21:00:00,1439378.5
2020-06-06 22:00:00,1436128.0
2020-06-06 23:00:00,1308504.5
2020-06-07 00:00:00,1418709.0
2020-06-07 01:00:00,1326960.5
2020-06-07 02:00:00,1176133.5
2020-06-07 03:00:00,1085083.0
2020-06-07 04:00:00,995136.0
2020-06-07 05:00:00,1035646.5
2020-06-07 06:00:00,1103129.0
2020-06-07 07:00:00,1020414.5
2020-06-07 08:00:00,978747.0
2020-06-07 09:00:00,935192.5
2020-06-07 10:00:00,978619.5
2020-06-07 11:00:00,949723.5
2020-06-07 12:00:00,989192.5
2020-06-07 13:00:00,973871.0
2020-06-07 14:00:00,1053763.0
2020-06-07 15:00:00,1072117.5
2020-06-07 16:00:00,1187132.0
2020-06-07 17:00:00,1292675.5
2020-06-07 18:00:00,1435482.5
2020-06-07 19:00:00,1447500.0
2020-06-07 20:00:00,1451602.5
2020-06-07 21:00:00,1455535.0
2020-06-07 22:00:00,1444221.5
2020-06-07 23:00:00,1345370.5
2020-06-08 00:00:00,1182417.0
2020-06-08 01:00:00,1203211.0
2020-06-08 02:00:00,1172972.0
2020-06-08 03:00:00,1170572.5
2020-06-08 04:00:00,1180530.0
2020-06-08 05:00:00,1168230.0
2020-06-08 06:00:00,1171252.5
2020-06-08 07:00:00,1194037.5
2020-06-08 08:00:00,1419766.5
2020-06-08 09:00:00,1437356.5
2020-06-08 10:00:00,1450955.5
2020-06-08 11:00:00,1460050.0
2020-06-08 12:00:00,1458582.5
2020-06-08 13:00:00,1450351.5
2020-06-08 14:00:00,1455282.0
2020-06-08 15:00:00,1472825.0
2020-06-08 16:00:00,1475247.5
2020-06-08 17:00:00,1461001.0
2020-06-08 18:00:00,1441597.5
2020-06-08 19:00:00,1430615.0
2020-06-08 20:00:00,1422455.0
2020-06-08 21:00:00,1429896.5
2020-06-08 22:00:00,1430683.5
2020-06-08 23:00:00,1430023.5
2020-06-09 00:00:00,1405937.0
2020-06-09 01:00:00,1415195.5
2020-06-09 02:00:00,1412368.5
2020-06-09 03:00:00,1382513.5
2020-06-09 04:00:00,1232572.0
2020-06-09 05:00:00,1153958.5
2020-06-09 06:00:00,1249876.0
2020-06-09 07:00:00,1260196.5
2020-06-09 08:00:00,1406560.5
2020-06-09 09:00:00,1429127.0
2020-06-09 10:00:00,1429127.0
2020-06-09 11:00:00,1429127.0
2020-06-09 12:00:00,1429127.0
2020-06-09 13:00:00,1429127.0
2020-06-09 14:00:00,1429127.0
2020-06-09 15:00:00,1429127.0
2020-06-09 16:00:00,1429127.0
2020-06-09 17:00:00,1429127.0
2020-06-09 18:00:00,1429127.0
2020-06-09 19:00:00,1433878.5
2020-06-09 20:00:00,1432634.5
2020-06-09 21:00:00,1428165.0
2020-06-09 22:00:00,1438464.0
2020-06-09 23:00:00,1443391.0
2020-06-10 00:00:00,1439820.5
2020-06-10 01:00:00,1440874.5
2020-06-10 02:00:00,1444029.5
2020-06-10 03:00:00,1443884.5
2020-06-10 04:00:00,1415168.5
2020-06-10 05:00:00,1297514.0
2020-06-10 06:00:00,1228771.5
2020-06-10 07:00:00,1221703.5
2020-06-10 08:00:00,1451774.0
2020-06-10 09:00:00,1456212.0
2020-06-10 10:00:00,1436779.5
2020-06-10 11:00:00,1430954.5
2020-06-10 12:00:00,1446233.0
2020-06-10 13:00:00,1474161.5
2020-06-10 14:00:00,1482269.0
2020-06-10 15:00:00,1483672.0
2020-06-10 16:00:00,1478499.5
2020-06-10 17:00:00,1466070.0
2020-06-10 18:00:00,1463311.5
2020-06-10 19:00:00,1455506.5
2020-06-10 20:00:00,1447333.0
2020-06-10 21:00:00,1455873.0
2020-06-10 22:00:00,1463585.0
2020-06-10 23:00:00,1449938.5
2020-06-11 00:00:00,1447990.0
2020-06-11 01:00:00,1442416.0
2020-06-11 02:00:00,1448909.5
2020-06-11 03:00:00,1438061.0
2020-06-11 04:00:00,1440149.0
2020-06-11 05:00:00,1433557.0
2020-06-11 06:00:00,1378563.0
2020-06-11 07:00:00,1391657.0
2020-06-11 08:00:00,1465729.5
2020-06-11 09:00:00,1461048.0
2020-06-11 10:00:00,1451518.5
2020-06-11 11:00:00,1443198.0
2020-06-11 12:00:00,1449789.0
2020-06-11 13:00:00,1478193.0
2020-06-11 14:00:00,1475219.0
2020-06-11 15:00:00,1472604.5
2020-06-11 16:00:00,1468929.5
2020-06-11 17:00:00,1476086.0
2020-06-11 18:00:00,1469089.5
2020-06-11 19:00:00,1480292.0
2020-06-11 20:00:00,1463413.5
2020-06-11 21:00:00,1465277.0
2020-06-11 22:00:00,1472857.0
2020-06-11 23:00:00,1470033.0
2020-06-12 00:00:00,1472926.0
2020-06-12 01:00:00,1461402.5
2020-06-12 02:00:00,1450695.0
2020-06-12 03:00:00,1465282.5
2020-06-12 04:00:00,1461311.5
2020-06-12 05:00:00,1418024.0
2020-06-12 06:00:00,1414987.0
2020-06-12 07:00:00,1462311.5
2020-06-12 08:00:00,1467125.0
2020-06-12 09:00:00,1470466.5
2020-06-12 10:00:00,1475313.5
2020-06-12 11:00:00,1471154.5
2020-06-12 12:00:00,1467031.5
2020-06-12 13:00:00,1472361.5
2020-06-12 14:00:00,1469842.5
2020-06-12 15:00:00,1458937.5
2020-06-12 16:00:00,1470904.5
2020-06-12 17:00:00,1470647.0
2020-06-12 18:00:00,1468525.5
2020-06-12 19:00:00,1464048.5
2020-06-12 20:00:00,1457061.0
2020-06-12 21:00:00,1453839.5
2020-06-12 22:00:00,1466150.0
2020-06-12 23:00:00,1477980.0
2020-06-13 00:00:00,1456032.0
2020-06-13 01:00:00,1436335.0
2020-06-13 02:00:00,1440336.5
2020-06-13 03:00:00,1443936.5
2020-06-13 04:00:00,1402420.5
2020-06-13 05:00:00,1384477.5
2020-06-13 06:00:00,1335936.5
2020-06-13 07:00:00,1328893.0
2020-06-13 08:00:00,1353796.0
2020-06-13 09:00:00,1262356.0
2020-06-13 10:00:00,1449132.5
2020-06-13 11:00:00,1467182.5
2020-06-13 12:00:00,1461812.0
2020-06-13 13:00:00,1466245.5
2020-06-13 14:00:00,1468670.5
2020-06-13 15:00:00,1484259.0
2020-06-13 16:00:00,1478806.5
2020-06-13 17:00:00,1490491.0
2020-06-13 18:00:00,1476876.0
2020-06-13 19:00:00,1473203.0
2020-06-13 20:00:00,1470852.0
2020-06-13 21:00:00,1474696.0
2020-06-13 22:00:00,1449803.5
2020-06-13 23:00:00,1387864.0
2020-06-14 00:00:00,1191623.5
2020-06-14 01:00:00,1171437.0
2020-06-14 02:00:00,1132518.5
2020-06-14 03:00:00,1144407.0
2020-06-14 04:00:00,1177700.5
2020-06-14 05:00:00,1152763.5
2020-06-14 06:00:00,1247713.0
2020-06-14 07:00:00,1282765.0
2020-06-14 08:00:00,1477678.5
2020-06-14 09:00:00,1477794.5
2020-06-14 10:00:00,1468702.0
2020-06-14 11:00:00,1460679.5
2020-06-14 12:00:00,1458699.0
2020-06-14 13:00:00,1399688.5
2020-06-14 14:00:00,1231081.0
2020-06-14 15:00:00,1228716.5
2020-06-14 16:00:00,1390803.0
2020-06-14 17:00:00,1444805.0
2020-06-14 18:00:00,1449652.5
2020-06-14 19:00:00,1442008.0
2020-06-14 20:00:00,1445778.0
2020-06-14 21:00:00,1426086.5
2020-06-14 22:00:00,1422337.5
2020-06-14 23:00:00,1195458.0
2020-06-15 00:00:00,1153579.0
2020-06-15 01:00:00,1177705.5
2020-06-15 02:00:00,1173767.0
2020-06-15 03:00:00,1126250.0
2020-06-15 04:00:00,1137823.0
2020-06-15 05:00:00,1169298.0
2020-06-15 06:00:00,1120973.5
2020-06-15 07:00:00,1233338.0
2020-06-15 08:00:00,1454308.5
2020-06-15 09:00:00,1445343.0
2020-06-15 10:00:00,1449854.0
2020-06-15 11:00:00,1440307.5
2020-06-15 12:00:00,1355377.0
2020-06-15 13:00:00,1451299.0
2020-06-15 14:00:00,1459652.5
2020-06-15 15:00:00,1465934.0
2020-06-15 16:00:00,1466846.0
2020-06-15 17:00:00,1460483.0
2020-06-15 18:00:00,1445573.5
2020-06-15 19:00:00,1437399.0
2020-06-15 20:00:00,1445282.5
2020-06-15 21:00:00,1446404.0
2020-06-15 22:00:00,1427187.0
2020-06-15 23:00:00,1421320.5
2020-06-16 00:00:00,1394013.5
2020-06-16 01:00:00,1416477.0
2020-06-16 02:00:00,1371309.5
2020-06-16 03:00:00,1321563.5
2020-06-16 04:00:00,1394266.0
2020-06-16 05:00:00,1444184.0
2020-06-16 06:00:00,1453832.5
2020-06-16 07:00:00,1440197.5
2020-06-16 08:00:00,1470776.0
2020-06-16 09:00:00,1460836.5
2020-06-16 10:00:00,1454857.0
2020-06-16 11:00:00,1454857.0
2020-06-16 12:00:00,1454857.0
2020-06-16 13:00:00,1454857.0
2020-06-16 14:00:00,1454857.0
2020-06-16 15:00:00,1454857.0
2020-06-16 16:00:00,1454010.5
2020-06-16 17:00:00,1445151.0
2020-06-16 18:00:00,1443658.0
2020-06-16 19:00:00,1447888.0
2020-06-16 20:00:00,1449115.0
2020-06-16 21:00:00,1446707.5
2020-06-16 22:00:00,1441483.0
2020-06-16 23:00:00,1445684.5
2020-06-17 00:00:00,1445204.5
2020-06-17 01:00:00,1400099.0
2020-06-17 02:00:00,1359263.0
2020-06-17 03:00:00,1334907.0
2020-06-17 04:00:00,1257225.5
2020-06-17 05:00:00,1304862.0
2020-06-17 06:00:00,1411465.5
2020-06-17 07:00:00,1420868.5
2020-06-17 08:00:00,1445020.5
2020-06-17 09:00:00,1445797.5
2020-06-17 10:00:00,1432341.5
2020-06-17 11:00:00,1414727.5
2020-06-17 12:00:00,1418370.5
2020-06-17 13:00:00,1456042.5
2020-06-17 14:00:00,1473400.5
2020-06-17 15:00:00,1439960.5
2020-06-17 16:00:00,1436021.5
2020-06-17 17:00:00,1436013.0
2020-06-17 18:00:00,1428964.5
2020-06-17 19:00:00,1422637.5
2020-06-17 20:00:00,1425504.0
2020-06-17 21:00:00,1424354.0
2020-06-17 22:00:00,1417099.5
2020-06-17 23:00:00,1418979.0
2020-06-18 00:00:00,1429048.0
2020-06-18 01:00:00,1430757.0
2020-06-18 02:00:00,1413675.0
2020-06-18 03:00:00,1360674.0
2020-06-18 04:00:00,1354601.5
2020-06-18 05:00:00,1274158.5
2020-06-18 06:00:00,1246160.5
2020-06-18 07:00:00,1347238.5
2020-06-18 08:00:00,1444185.5
2020-06-18 09:00:00,1439972.5
2020-06-18 10:00:00,1428174.0
2020-06-18 11:00:00,1436553.0
2020-06-18 12:00:00,1408528.5
2020-06-18 13:00:00,1441566.5
2020-06-18 14:00:00,1435210.0
2020-06-18 15:00:00,1437899.0
2020-06-18 16:00:00,1442567.0
2020-06-18 17:00:00,1442885.0
2020-06-18 18:00:00,1457650.5
2020-06-18 19:00:00,1460392.5
2020-06-18 20:00:00,1450671.0
2020-06-18 21:00:00,1437851.0
2020-06-18 22:00:00,1425326.0
2020-06-18 23:00:00,1420767.0
2020-06-19 00:00:00,1422869.0
2020-06-19 01:00:00,1411041.0
2020-06-19 02:00:00,1297012.0
2020-06-19 03:00:00,1240223.5
2020-06-19 04:00:00,1257825.5
2020-06-19 05:00:00,1245347.5
2020-06-19 06:00:00,1216575.0
2020-06-19 07:00:00,1288726.5
2020-06-19 08:00:00,1381504.0
2020-06-19 09:00:00,1430156.0
2020-06-19 10:00:00,1393281.5
2020-06-19 11:00:00,1428888.5
2020-06-19 12:00:00,1383973.5
2020-06-19 13:00:00,1435869.0
2020-06-19 14:00:00,1417517.0
2020-06-19 15:00:00,1396946.5
2020-06-19 16:00:00,1360983.0
2020-06-19 17:00:00,1331895.0
2020-06-19 18:00:00,1343091.5
2020-06-19 19:00:00,1356617.5
2020-06-19 20:00:00,1365464.0
2020-06-19 21:00:00,1345227.5
2020-06-19 22:00:00,1365209.5
2020-06-19 23:00:00,1353497.0
2020-06-20 00:00:00,1309278.0
2020-06-20 01:00:00,1331699.0
2020-06-20 02:00:00,1358624.0
2020-06-20 03:00:00,1339343.5
2020-06-20 04:00:00,1358301.5
2020-06-20 05:00:00,1381314.0
2020-06-20 06:00:00,1373520.0
2020-06-20 07:00:00,1301497.5
2020-06-20 08:00:00,1290947.5
2020-06-20 09:00:00,1346698.0
2020-06-20 10:00:00,1344558.0
2020-06-20 11:00:00,1325544.5
2020-06-20 12:00:00,1327958.0
2020-06-20 13:00:00,1366714.0
2020-06-20 14:00:00,1232576.0
2020-06-20 15:00:00,1285645.5
2020-06-20 16:00:00,1360279.0
2020-06-20 17:00:00,1362875.0
2020-06-20 18:00:00,1374878.0
2020-06-20 19:00:00,1381589.0
2020-06-20 20:00:00,1373631.0
2020-06-20 21:00:00,1364594.5
2020-06-20 22:00:00,1353922.5
2020-06-20 23:00:00,861677.0
2020-06-21 00:00:00,544640.0
2020-06-21 01:00:00,66761.5
2020-06-21 02:00:00,0.0
2020-06-21 03:00:00,0.0
2020-06-21 04:00:00,0.0
2020-06-21 05:00:00,0.0
2020-06-21 06:00:00,0.0
2020-06-21 07:00:00,0.0
2020-06-21 08:00:00,0.0
2020-06-21 09:00:00,0.0
2020-06-21 10:00:00,0.0
2020-06-21 11:00:00,0.0
2020-06-21 12:00:00,0.0
2020-06-21 13:00:00,0.0
2020-06-21 14:00:00,0.0
2020-06-21 15:00:00,0.0
2020-06-21 16:00:00,0.0
2020-06-21 17:00:00,0.0
2020-06-21 18:00:00,0.0
2020-06-21 19:00:00,0.0
2020-06-21 20:00:00,0.0
2020-06-21 21:00:00,0.0
2020-06-21 22:00:00,0.0
2020-06-21 23:00:00,0.0
2020-06-22 00:00:00,0.0
2020-06-22 01:00:00,0.0
2020-06-22 02:00:00,0.0
2020-06-22 03:00:00,107709.05
2020-06-22 04:00:00,305911.0
2020-06-22 05:00:00,361210.5
2020-06-22 06:00:00,542037.0
2020-06-22 07:00:00,626950.5
2020-06-22 08:00:00,960593.5
2020-06-22 09:00:00,1471552.5
2020-06-22 10:00:00,1445190.5
2020-06-22 11:00:00,1427824.0
2020-06-22 12:00:00,1377146.0
2020-06-22 13:00:00,1393513.0
2020-06-22 14:00:00,1389243.0
2020-06-22 15:00:00,1366966.5
2020-06-22 16:00:00,1362427.5
2020-06-22 17:00:00,1356681.5
2020-06-22 18:00:00,1350353.0
2020-06-22 19:00:00,1355176.5
2020-06-22 20:00:00,1338722.0
2020-06-22 21:00:00,1338912.0
2020-06-22 22:00:00,1335558.5
2020-06-22 23:00:00,1340930.0
2020-06-23 00:00:00,1263437.0
2020-06-23 01:00:00,1275481.0
2020-06-23 02:00:00,1272464.0
2020-06-23 03:00:00,1179353.5
2020-06-23 04:00:00,1182057.5
2020-06-23 05:00:00,1215665.5
2020-06-23 06:00:00,1228125.5
2020-06-23 07:00:00,1139431.0
2020-06-23 08:00:00,1188150.5
2020-06-23 09:00:00,1374778.0
2020-06-23 10:00:00,1374778.0
2020-06-23 11:00:00,1374778.0
2020-06-23 12:00:00,1374778.0
2020-06-23 13:00:00,1374778.0
2020-06-23 14:00:00,1374778.0
2020-06-23 15:00:00,1354870.0
2020-06-23 16:00:00,1339299.5
2020-06-23 17:00:00,1333279.5
2020-06-23 18:00:00,1345171.5
2020-06-23 19:00:00,1356356.0
2020-06-23 20:00:00,1349794.0
2020-06-23 21:00:00,1347316.5
2020-06-23 22:00:00,1349880.5
2020-06-23 23:00:00,1384888.0
2020-06-24 00:00:00,1328484.0
2020-06-24 01:00:00,1241063.0
2020-06-24 02:00:00,1271820.5
2020-06-24 03:00:00,1290214.5
2020-06-24 04:00:00,1223933.5
2020-06-24 05:00:00,1231370.5
2020-06-24 06:00:00,1277963.5
2020-06-24 07:00:00,1353936.5
2020-06-24 08:00:00,1427519.0
2020-06-24 09:00:00,1417194.5
2020-06-24 10:00:00,1343374.5
2020-06-24 11:00:00,1329085.5
2020-06-24 12:00:00,1325853.0
2020-06-24 13:00:00,1360922.0
2020-06-24 14:00:00,1419861.0
2020-06-24 15:00:00,1382595.5
2020-06-24 16:00:00,1367531.0
2020-06-24 17:00:00,1359494.0
2020-06-24 18:00:00,1374359.0
2020-06-24 19:00:00,1426980.0
2020-06-24 20:00:00,1429542.0
2020-06-24 21:00:00,1383944.0
2020-06-24 22:00:00,1385675.0
2020-06-24 23:00:00,1387540.5
2020-06-25 00:00:00,1371420.5
2020-06-25 01:00:00,1336727.0
2020-06-25 02:00:00,1353127.5
2020-06-25 03:00:00,1357749.0
2020-06-25 04:00:00,1355507.0
2020-06-25 05:00:00,1366086.0
2020-06-25 06:00:00,1329738.5
2020-06-25 07:00:00,1369919.5
2020-06-25 08:00:00,1443414.0
2020-06-25 09:00:00,1429030.5
2020-06-25 10:00:00,1377741.5
2020-06-25 11:00:00,1350329.5
2020-06-25 12:00:00,1352079.5
2020-06-25 13:00:00,1386612.5
2020-06-25 14:00:00,1404915.0
2020-06-25 15:00:00,1395984.5
2020-06-25 16:00:00,1415895.0
2020-06-25 17:00:00,1422000.0
2020-06-25 18:00:00,1381374.0
2020-06-25 19:00:00,1364097.5
2020-06-25 20:00:00,1350736.0
2020-06-25 21:00:00,1382999.5
2020-06-25 22:00:00,1360495.5
2020-06-25 23:00:00,1341870.0
2020-06-26 00:00:00,1327521.0
2020-06-26 01:00:00,1320796.5
2020-06-26 02:00:00,1254132.0
2020-06-26 03:00:00,1186413.0
2020-06-26 04:00:00,1246153.0
2020-06-26 05:00:00,1262952.5
2020-06-26 06:00:00,1294395.0
2020-06-26 07:00:00,1232084.0
2020-06-26 08:00:00,1357851.0
2020-06-26 09:00:00,1267215.0
2020-06-26 10:00:00,1151580.5
2020-06-26 11:00:00,1125217.5
2020-06-26 12:00:00,1075020.5
2020-06-26 13:00:00,1116783.5
2020-06-26 14:00:00,1107695.0
2020-06-26 15:00:00,1115244.5
2020-06-26 16:00:00,1124928.0
2020-06-26 17:00:00,1110266.5
2020-06-26 18:00:00,1090679.0
2020-06-26 19:00:00,1123503.0
2020-06-26 20:00:00,1131132.5
2020-06-26 21:00:00,1128361.5
2020-06-26 22:00:00,1124027.0
2020-06-26 23:00:00,1123147.0
2020-06-27 00:00:00,1084013.0
2020-06-27 01:00:00,1111167.5
2020-06-27 02:00:00,1121508.5
2020-06-27 03:00:00,1086396.0
2020-06-27 04:00:00,1103350.5
2020-06-27 05:00:00,1105423.5
2020-06-27 06:00:00,1097801.0
2020-06-27 07:00:00,988034.5
2020-06-27 08:00:00,583967.0
2020-06-27 09:00:00,100581.0
2020-06-27 10:00:00,0.0
2020-06-27 11:00:00,0.0
2020-06-27 12:00:00,0.0
2020-06-27 13:00:00,0.0
2020-06-27 14:00:00,0.0
2020-06-27 15:00:00,0.0
2020-06-27 16:00:00,0.0
2020-06-27 17:00:00,0.0
2020-06-27 18:00:00,0.0
2020-06-27 19:00:00,0.0
2020-06-27 20:00:00,0.0
2020-06-27 21:00:00,0.0
2020-06-27 22:00:00,0.0
2020-06-27 23:00:00,0.0
2020-06-28 00:00:00,0.0
2020-06-28 01:00:00,0.0
2020-06-28 02:00:00,0.0
2020-06-28 03:00:00,0.0
2020-06-28 04:00:00,0.0
2020-06-28 05:00:00,0.0
2020-06-28 06:00:00,0.0
2020-06-28 07:00:00,0.0
2020-06-28 08:00:00,0.0
2020-06-28 09:00:00,0.0
2020-06-28 10:00:00,0.0
2020-06-28 11:00:00,0.0
2020-06-28 12:00:00,0.0
2020-06-28 13:00:00,0.0
2020-06-28 14:00:00,0.0
2020-06-28 15:00:00,0.0
2020-06-28 16:00:00,0.0
2020-06-28 17:00:00,0.0
2020-06-28 18:00:00,0.0
2020-06-28 19:00:00,0.0
2020-06-28 20:00:00,0.0
2020-06-28 21:00:00,0.0
2020-06-28 22:00:00,0.0
2020-06-28 23:00:00,0.0
2020-06-29 00:00:00,0.0
2020-06-29 01:00:00,0.0
2020-06-29 02:00:00,0.0
2020-06-29 03:00:00,50847.435
2020-06-29 04:00:00,250622.5
2020-06-29 05:00:00,347065.0
2020-06-29 06:00:00,529025.5
2020-06-29 07:00:00,766287.0
2020-06-29 08:00:00,1279384.5
2020-06-29 09:00:00,1496568.5
2020-06-29 10:00:00,1488005.0
2020-06-29 11:00:00,1488112.0
2020-06-29 12:00:00,1488816.0
2020-06-29 13:00:00,1485276.0
2020-06-29 14:00:00,1480112.5
2020-06-29 15:00:00,1471903.0
2020-06-29 16:00:00,1455352.0
2020-06-29 17:00:00,1445151.5
2020-06-29 18:00:00,1423217.0
2020-06-29 19:00:00,1458265.5
2020-06-29 20:00:00,1453416.0
2020-06-29 21:00:00,1444089.0
2020-06-29 22:00:00,1451121.0
2020-06-29 23:00:00,1449942.0
2020-06-30 00:00:00,1410581.0
2020-06-30 01:00:00,1452306.0
2020-06-30 02:00:00,1428784.0
2020-06-30 03:00:00,1420739.0
2020-06-30 04:00:00,1436415.5
2020-06-30 05:00:00,1404054.0
2020-06-30 06:00:00,1341786.0
2020-06-30 07:00:00,1434234.0
2020-06-30 08:00:00,1415164.5
2020-06-30 09:00:00,1440188.5
2020-06-30 10:00:00,1442903.0
2020-06-30 11:00:00,1438246.5
2020-06-30 12:00:00,1433372.0
2020-06-30 13:00:00,1453017.0
2020-06-30 14:00:00,1447877.5
2020-06-30 15:00:00,1450848.0
2020-06-30 16:00:00,1441543.5
2020-06-30 17:00:00,1438445.0
2020-06-30 18:00:00,1393965.0
2020-06-30 19:00:00,1421818.0
2020-06-30 20:00:00,1432411.0
2020-06-30 21:00:00,1429514.0
2020-06-30 22:00:00,1424404.0
2020-06-30 23:00:00,1398743.0
2020-07-01 00:00:00,1106896.0
2020-07-01 01:00:00,1066798.0
2020-07-01 02:00:00,1089789.0
2020-07-01 03:00:00,1055332.5
2020-07-01 04:00:00,1038825.0
2020-07-01 05:00:00,1113781.0
2020-07-01 06:00:00,1238736.0
2020-07-01 07:00:00,1179011.0
2020-07-01 08:00:00,1299840.0
2020-07-01 09:00:00,1352686.5
2020-07-01 10:00:00,1347533.5
2020-07-01 11:00:00,1307044.5
2020-07-01 12:00:00,1200423.5
2020-07-01 13:00:00,1375314.5
2020-07-01 14:00:00,1410343.0
2020-07-01 15:00:00,1382421.5
2020-07-01 16:00:00,1341491.0
2020-07-01 17:00:00,1243199.0
2020-07-01 18:00:00,1235400.0
2020-07-01 19:00:00,1362819.0
2020-07-01 20:00:00,1408816.0
2020-07-01 21:00:00,1417572.5
2020-07-01 22:00:00,1405531.5
2020-07-01 23:00:00,1367007.0
2020-07-02 00:00:00,1185568.0
2020-07-02 01:00:00,1170065.5
2020-07-02 02:00:00,1177044.0
2020-07-02 03:00:00,1224640.5
2020-07-02 04:00:00,1259707.5
2020-07-02 05:00:00,1197392.0
2020-07-02 06:00:00,1265752.0
2020-07-02 07:00:00,1273808.0
2020-07-02 08:00:00,1331721.5
2020-07-02 09:00:00,1350315.0
2020-07-02 10:00:00,1353975.5
2020-07-02 11:00:00,1346749.5
2020-07-02 12:00:00,1302851.0
2020-07-02 13:00:00,1397039.5
2020-07-02 14:00:00,1382343.5
2020-07-02 15:00:00,1351433.0
2020-07-02 16:00:00,1346774.5
2020-07-02 17:00:00,1348891.0
2020-07-02 18:00:00,1350302.5
2020-07-02 19:00:00,1345651.5
2020-07-02 20:00:00,1354260.0
2020-07-02 21:00:00,1370211.5
2020-07-02 22:00:00,1369239.0
2020-07-02 23:00:00,1412080.0
2020-07-03 00:00:00,1406744.0
2020-07-03 01:00:00,1319691.5
2020-07-03 02:00:00,1214979.5
2020-07-03 03:00:00,1207802.5
2020-07-03 04:00:00,1208351.0
2020-07-03 05:00:00,1234888.5
2020-07-03 06:00:00,1274607.5
2020-07-03 07:00:00,1375603.5
2020-07-03 08:00:00,1401431.0
2020-07-03 09:00:00,1424624.5
2020-07-03 10:00:00,1407276.5
2020-07-03 11:00:00,1373631.0
2020-07-03 12:00:00,1348565.0
2020-07-03 13:00:00,1361144.0
2020-07-03 14:00:00,1366575.5
2020-07-03 15:00:00,1389712.5
2020-07-03 16:00:00,1398528.5
2020-07-03 17:00:00,1397763.5
2020-07-03 18:00:00,1400137.5
2020-07-03 19:00:00,1391499.0
2020-07-03 20:00:00,1385666.0
2020-07-03 21:00:00,1394446.0
2020-07-03 22:00:00,1392275.0
2020-07-03 23:00:00,1399368.5
2020-07-04 00:00:00,1392532.0
2020-07-04 01:00:00,1389907.0
2020-07-04 02:00:00,1378696.5
2020-07-04 03:00:00,1332485.0
2020-07-04 04:00:00,1317406.5
2020-07-04 05:00:00,1388520.0
2020-07-04 06:00:00,1389662.0
2020-07-04 07:00:00,1389293.5
2020-07-04 08:00:00,1399648.0
2020-07-04 09:00:00,1405886.5
2020-07-04 10:00:00,1398336.0
2020-07-04 11:00:00,1386877.0
2020-07-04 12:00:00,1390038.0
2020-07-04 13:00:00,1397973.5
2020-07-04 14:00:00,1403487.5
2020-07-04 15:00:00,1385793.5
2020-07-04 16:00:00,1392599.0
2020-07-04 17:00:00,1310436.0
2020-07-04 18:00:00,1343002.5
2020-07-04 19:00:00,1336616.0
2020-07-04 20:00:00,1375210.5
2020-07-04 21:00:00,1380931.5
2020-07-04 22:00:00,1372561.0
2020-07-04 23:00:00,1409466.0
2020-07-05 00:00:00,1435335.0
2020-07-05 01:00:00,1431270.5
2020-07-05 02:00:00,1240476.5
2020-07-05 03:00:00,1198052.5
2020-07-05 04:00:00,1209362.5
2020-07-05 05:00:00,1208034.0
2020-07-05 06:00:00,1223848.0
2020-07-05 07:00:00,1214499.0
2020-07-05 08:00:00,1248555.0
2020-07-05 09:00:00,1233965.5
2020-07-05 10:00:00,1259770.0
2020-07-05 11:00:00,1273915.5
2020-07-05 12:00:00,1387025.0
2020-07-05 13:00:00,1398274.0
2020-07-05 14:00:00,1257622.5
2020-07-05 15:00:00,1218992.5
2020-07-05 16:00:00,1216414.0
2020-07-05 17:00:00,1210508.5
2020-07-05 18:00:00,1320242.0
2020-07-05 19:00:00,1420235.0
2020-07-05 20:00:00,1462822.0
2020-07-05 21:00:00,1438009.0
2020-07-05 22:00:00,1446195.0
2020-07-05 23:00:00,1404424.5
2020-07-06 00:00:00,1317468.5
2020-07-06 01:00:00,1311666.0
2020-07-06 02:00:00,1329917.0
2020-07-06 03:00:00,1304683.0
2020-07-06 04:00:00,1354486.5
2020-07-06 05:00:00,1256821.5
2020-07-06 06:00:00,1303971.5
2020-07-06 07:00:00,1393687.0
2020-07-06 08:00:00,1413650.5
2020-07-06 09:00:00,1419561.0
2020-07-06 10:00:00,1409845.0
2020-07-06 11:00:00,1418507.0
2020-07-06 12:00:00,1412232.5
2020-07-06 13:00:00,1424559.5
2020-07-06 14:00:00,1455718.0
2020-07-06 15:00:00,1479510.0
2020-07-06 16:00:00,1451945.0
2020-07-06 17:00:00,1409183.0
2020-07-06 18:00:00,1399871.5
2020-07-06 19:00:00,1401454.0
2020-07-06 20:00:00,1410623.0
2020-07-06 21:00:00,1399890.5
2020-07-06 22:00:00,1417119.5
2020-07-06 23:00:00,1469067.5
2020-07-07 00:00:00,1441967.5
2020-07-07 01:00:00,1340490.5
2020-07-07 02:00:00,1408893.0
2020-07-07 03:00:00,1297890.5
2020-07-07 04:00:00,1328749.0
2020-07-07 05:00:00,1261104.0
2020-07-07 06:00:00,1286372.5
2020-07-07 07:00:00,1385884.0
2020-07-07 08:00:00,1432138.0
2020-07-07 09:00:00,1429319.5
2020-07-07 10:00:00,1418814.0
2020-07-07 11:00:00,1418814.0
2020-07-07 12:00:00,1418814.0
2020-07-07 13:00:00,1418814.0
2020-07-07 14:00:00,1410258.0
2020-07-07 15:00:00,1401702.0
2020-07-07 16:00:00,1401702.0
2020-07-07 17:00:00,1416224.5
2020-07-07 18:00:00,1414461.0
2020-07-07 19:00:00,1425812.0
2020-07-07 20:00:00,1436684.5
2020-07-07 21:00:00,1409837.0
2020-07-07 22:00:00,1408678.0
2020-07-07 23:00:00,1426224.5
2020-07-08 00:00:00,1270296.0
2020-07-08 01:00:00,1352918.5
2020-07-08 02:00:00,1265792.0
2020-07-08 03:00:00,1219914.0
2020-07-08 04:00:00,1221439.5
2020-07-08 05:00:00,1221138.5
2020-07-08 06:00:00,1177507.0
2020-07-08 07:00:00,1138684.5
2020-07-08 08:00:00,1266746.0
2020-07-08 09:00:00,1470865.5
2020-07-08 10:00:00,1442552.5
2020-07-08 11:00:00,1423994.0
2020-07-08 12:00:00,1372916.5
2020-07-08 13:00:00,1437148.0
2020-07-08 14:00:00,1436709.5
2020-07-08 15:00:00,1435621.5
2020-07-08 16:00:00,1460176.0
2020-07-08 17:00:00,1424104.0
2020-07-08 18:00:00,1388880.5
2020-07-08 19:00:00,1399809.5
2020-07-08 20:00:00,1400042.5
2020-07-08 21:00:00,1396619.5
2020-07-08 22:00:00,1380631.0
2020-07-08 23:00:00,1397285.5
2020-07-09 00:00:00,1369080.5
2020-07-09 01:00:00,1411448.5
2020-07-09 02:00:00,1364613.0
2020-07-09 03:00:00,1243092.0
2020-07-09 04:00:00,1240921.5
2020-07-09 05:00:00,1215397.5
2020-07-09 06:00:00,1173391.0
2020-07-09 07:00:00,1127114.5
2020-07-09 08:00:00,1316903.5
2020-07-09 09:00:00,1465727.0
2020-07-09 10:00:00,1475666.5
2020-07-09 11:00:00,1471906.5
2020-07-09 12:00:00,1413789.0
2020-07-09 13:00:00,1424065.5
2020-07-09 14:00:00,1412409.5
2020-07-09 15:00:00,1413205.0
2020-07-09 16:00:00,1402749.0
2020-07-09 17:00:00,1400472.5
2020-07-09 18:00:00,1424325.0
2020-07-09 19:00:00,1472936.0
2020-07-09 20:00:00,1471294.0
2020-07-09 21:00:00,1465162.5
2020-07-09 22:00:00,1423005.5
2020-07-09 23:00:00,1457607.5
2020-07-10 00:00:00,1444926.0
2020-07-10 01:00:00,1329901.5
2020-07-10 02:00:00,1290525.0
2020-07-10 03:00:00,1295789.5
2020-07-10 04:00:00,1377345.0
2020-07-10 05:00:00,1327104.0
2020-07-10 06:00:00,1319079.5
2020-07-10 07:00:00,1391348.0
2020-07-10 08:00:00,1408248.0
2020-07-10 09:00:00,1400224.5
2020-07-10 10:00:00,1468715.5
2020-07-10 11:00:00,1434187.0
2020-07-10 12:00:00,1396055.5
2020-07-10 13:00:00,1416006.0
2020-07-10 14:00:00,1401855.0
2020-07-10 15:00:00,1406714.0
2020-07-10 16:00:00,1408592.5
2020-07-10 17:00:00,1412421.5
2020-07-10 18:00:00,1441336.5
2020-07-10 19:00:00,1496082.5
2020-07-10 20:00:00,1460326.0
2020-07-10 21:00:00,1434340.0
2020-07-10 22:00:00,1398975.0
2020-07-10 23:00:00,1459665.0
2020-07-11 00:00:00,1460181.5
2020-07-11 01:00:00,1461666.0
2020-07-11 02:00:00,1431408.5
2020-07-11 03:00:00,1404387.5
2020-07-11 04:00:00,1404644.0
2020-07-11 05:00:00,1399817.0
2020-07-11 06:00:00,1339464.0
2020-07-11 07:00:00,1344336.0
2020-07-11 08:00:00,1252743.5
2020-07-11 09:00:00,1295769.0
2020-07-11 10:00:00,1431721.0
2020-07-11 11:00:00,1444533.0
2020-07-11 12:00:00,1439448.0
2020-07-11 13:00:00,1412152.0
2020-07-11 14:00:00,1400786.5
2020-07-11 15:00:00,1379170.0
2020-07-11 16:00:00,1378159.5
2020-07-11 17:00:00,1372137.5
2020-07-11 18:00:00,1376741.5
2020-07-11 19:00:00,1385499.0
2020-07-11 20:00:00,1383344.0
2020-07-11 21:00:00,1382038.0
2020-07-11 22:00:00,1379357.5
2020-07-11 23:00:00,1399865.0
2020-07-12 00:00:00,1387413.0
2020-07-12 01:00:00,1341840.5
2020-07-12 02:00:00,1268687.5
2020-07-12 03:00:00,1195722.0
2020-07-12 04:00:00,1201292.5
2020-07-12 05:00:00,1255148.0
2020-07-12 06:00:00,1396001.5
2020-07-12 07:00:00,1357231.5
2020-07-12 08:00:00,1283889.0
2020-07-12 09:00:00,1313731.5
2020-07-12 10:00:00,1434462.0
2020-07-12 11:00:00,1432628.0
2020-07-12 12:00:00,1423672.0
2020-07-12 13:00:00,1412480.0
2020-07-12 14:00:00,1355171.5
2020-07-12 15:00:00,1363981.5
2020-07-12 16:00:00,1359707.0
2020-07-12 17:00:00,1359365.5
2020-07-12 18:00:00,1343274.0
2020-07-12 19:00:00,1328186.5
2020-07-12 20:00:00,1350960.5
2020-07-12 21:00:00,1367879.5
2020-07-12 22:00:00,1356236.5
2020-07-12 23:00:00,1388537.5
2020-07-13 00:00:00,1273884.5
2020-07-13 01:00:00,1233728.0
2020-07-13 02:00:00,1353144.0
2020-07-13 03:00:00,1349744.0
2020-07-13 04:00:00,1360507.0
2020-07-13 05:00:00,1373606.0
2020-07-13 06:00:00,1389358.0
2020-07-13 07:00:00,1400400.5
2020-07-13 08:00:00,1403377.5
2020-07-13 09:00:00,1362302.5
2020-07-13 10:00:00,1368379.0
2020-07-13 11:00:00,1372548.0
2020-07-13 12:00:00,1350226.5
2020-07-13 13:00:00,1370502.5
2020-07-13 14:00:00,1378875.0
2020-07-13 15:00:00,1388957.0
2020-07-13 16:00:00,1376821.0
2020-07-13 17:00:00,1365268.5
2020-07-13 18:00:00,1365123.5
2020-07-13 19:00:00,1383097.5
2020-07-13 20:00:00,1377405.0
2020-07-13 21:00:00,1373060.0
2020-07-13 22:00:00,1295698.0
2020-07-13 23:00:00,1364844.0
2020-07-14 00:00:00,1326084.0
2020-07-14 01:00:00,1382349.5
2020-07-14 02:00:00,1376499.0
2020-07-14 03:00:00,1354670.5
2020-07-14 04:00:00,1384493.5
2020-07-14 05:00:00,1352050.0
2020-07-14 06:00:00,1382623.5
2020-07-14 07:00:00,1360190.5
2020-07-14 08:00:00,1414102.0
2020-07-14 09:00:00,1423212.0
2020-07-14 10:00:00,1417991.0
2020-07-14 11:00:00,1417991.0
2020-07-14 12:00:00,1417991.0
2020-07-14 13:00:00,1417991.0
2020-07-14 14:00:00,1417991.0
2020-07-14 15:00:00,1400995.5
2020-07-14 16:00:00,1427321.5
2020-07-14 17:00:00,1407999.0
2020-07-14 18:00:00,1371653.0
2020-07-14 19:00:00,1380312.5
2020-07-14 20:00:00,1417128.0
2020-07-14 21:00:00,1404869.5
2020-07-14 22:00:00,1366989.0
2020-07-14 23:00:00,1405986.0
2020-07-15 00:00:00,1304180.5
2020-07-15 01:00:00,1308935.0
2020-07-15 02:00:00,1306098.5
2020-07-15 03:00:00,1279672.0
2020-07-15 04:00:00,1276465.0
2020-07-15 05:00:00,1250647.0
2020-07-15 06:00:00,1301172.0
2020-07-15 07:00:00,1311048.0
2020-07-15 08:00:00,1426415.5
2020-07-15 09:00:00,1428474.5
2020-07-15 10:00:00,1394706.0
2020-07-15 11:00:00,1394863.5
2020-07-15 12:00:00,1254878.5
2020-07-15 13:00:00,1401479.0
2020-07-15 14:00:00,1464345.0
2020-07-15 15:00:00,1409531.5
2020-07-15 16:00:00,1408389.0
2020-07-15 17:00:00,1396506.5
2020-07-15 18:00:00,1413548.0
2020-07-15 19:00:00,1445982.0
2020-07-15 20:00:00,1442148.0
2020-07-15 21:00:00,1420487.0
2020-07-15 22:00:00,1387256.0
2020-07-15 23:00:00,1403320.5
2020-07-16 00:00:00,1321116.0
2020-07-16 01:00:00,1286552.5
2020-07-16 02:00:00,1276393.0
2020-07-16 03:00:00,1235853.5
2020-07-16 04:00:00,1245824.5
2020-07-16 05:00:00,1232615.5
2020-07-16 06:00:00,1266143.5
2020-07-16 07:00:00,1379812.5
2020-07-16 08:00:00,1506996.5
2020-07-16 09:00:00,1518464.0
2020-07-16 10:00:00,1511159.0
2020-07-16 11:00:00,1506380.0
2020-07-16 12:00:00,1491081.5
2020-07-16 13:00:00,1506335.0
2020-07-16 14:00:00,1512098.5
2020-07-16 15:00:00,1510381.0
2020-07-16 16:00:00,1491615.0
2020-07-16 17:00:00,1419874.5
2020-07-16 18:00:00,1365993.0
2020-07-16 19:00:00,1383175.0
2020-07-16 20:00:00,1397997.0
2020-07-16 21:00:00,1372848.5
2020-07-16 22:00:00,1363338.5
2020-07-16 23:00:00,1359158.0
2020-07-17 00:00:00,1301810.0
2020-07-17 01:00:00,1246293.0
2020-07-17 02:00:00,1291749.0
2020-07-17 03:00:00,1278794.5
2020-07-17 04:00:00,1300358.5
2020-07-17 05:00:00,1230295.0
2020-07-17 06:00:00,1143045.5
2020-07-17 07:00:00,1102032.0
2020-07-17 08:00:00,1327572.5
2020-07-17 09:00:00,1397018.5
2020-07-17 10:00:00,1446523.0
2020-07-17 11:00:00,1432706.5
2020-07-17 12:00:00,1335649.0
2020-07-17 13:00:00,1413912.5
2020-07-17 14:00:00,1379269.5
2020-07-17 15:00:00,1394364.5
2020-07-17 16:00:00,1387644.5
2020-07-17 17:00:00,1394158.0
2020-07-17 18:00:00,1416010.5
2020-07-17 19:00:00,1443465.5
2020-07-17 20:00:00,1464746.5
2020-07-17 21:00:00,1454485.0
2020-07-17 22:00:00,1411407.5
2020-07-17 23:00:00,1426597.5
2020-07-18 00:00:00,1377841.0
2020-07-18 01:00:00,1425618.5
2020-07-18 02:00:00,1365760.5
2020-07-18 03:00:00,1375903.5
2020-07-18 04:00:00,1361768.0
2020-07-18 05:00:00,1421922.5
2020-07-18 06:00:00,1410031.0
2020-07-18 07:00:00,1378064.5
2020-07-18 08:00:00,1348587.0
2020-07-18 09:00:00,1428431.5
2020-07-18 10:00:00,1473446.5
2020-07-18 11:00:00,1452449.0
2020-07-18 12:00:00,1434507.5
2020-07-18 13:00:00,1405554.0
2020-07-18 14:00:00,1374560.5
2020-07-18 15:00:00,1279881.0
2020-07-18 16:00:00,1329620.5
2020-07-18 17:00:00,1347335.5
2020-07-18 18:00:00,1361216.5
2020-07-18 19:00:00,1398350.5
2020-07-18 20:00:00,1414171.5
2020-07-18 21:00:00,1412163.0
2020-07-18 22:00:00,1392878.5
2020-07-18 23:00:00,1456038.0
2020-07-19 00:00:00,1336327.0
2020-07-19 01:00:00,1372152.0
2020-07-19 02:00:00,1302127.0
2020-07-19 03:00:00,1263265.0
2020-07-19 04:00:00,1268217.0
2020-07-19 05:00:00,1199314.5
2020-07-19 06:00:00,1267448.0
2020-07-19 07:00:00,1238594.5
2020-07-19 08:00:00,1214740.0
2020-07-19 09:00:00,1158827.5
2020-07-19 10:00:00,1155011.0
2020-07-19 11:00:00,1136591.5
2020-07-19 12:00:00,1159361.5
2020-07-19 13:00:00,1318556.0
2020-07-19 14:00:00,1458339.0
2020-07-19 15:00:00,1456784.5
2020-07-19 16:00:00,1419879.0
2020-07-19 17:00:00,1394600.0
2020-07-19 18:00:00,1390625.0
2020-07-19 19:00:00,1399342.0
2020-07-19 20:00:00,1391737.0
2020-07-19 21:00:00,1396350.5
2020-07-19 22:00:00,1411399.0
2020-07-19 23:00:00,1429863.5
2020-07-20 00:00:00,1392291.0
2020-07-20 01:00:00,1308534.0
2020-07-20 02:00:00,1206159.5
2020-07-20 03:00:00,1222201.0
2020-07-20 04:00:00,1298968.0
2020-07-20 05:00:00,1436690.5
2020-07-20 06:00:00,1458348.0
2020-07-20 07:00:00,1453068.5
2020-07-20 08:00:00,1467410.5
2020-07-20 09:00:00,1460323.0
2020-07-20 10:00:00,1452432.0
2020-07-20 11:00:00,1457239.0
2020-07-20 12:00:00,1393094.0
2020-07-20 13:00:00,1376245.0
2020-07-20 14:00:00,1415778.0
2020-07-20 15:00:00,1398079.0
2020-07-20 16:00:00,1405411.5
2020-07-20 17:00:00,1393584.5
2020-07-20 18:00:00,1382993.0
2020-07-20 19:00:00,1411137.0
2020-07-20 20:00:00,1404160.0
2020-07-20 21:00:00,1403094.0
2020-07-20 22:00:00,1397160.5
2020-07-20 23:00:00,1401519.5
2020-07-21 00:00:00,1286789.5
2020-07-21 01:00:00,1243147.0
2020-07-21 02:00:00,1237689.0
2020-07-21 03:00:00,1222997.0
2020-07-21 04:00:00,1220225.5
2020-07-21 05:00:00,1257297.5
2020-07-21 06:00:00,1297155.0
2020-07-21 07:00:00,1250702.0
2020-07-21 08:00:00,1383831.5
2020-07-21 09:00:00,1404824.0
2020-07-21 10:00:00,1404824.0
2020-07-21 11:00:00,1404824.0
2020-07-21 12:00:00,1404824.0
2020-07-21 13:00:00,1404824.0
2020-07-21 14:00:00,1404824.0
2020-07-21 15:00:00,1395016.0
2020-07-21 16:00:00,1391146.0
2020-07-21 17:00:00,1393889.0
2020-07-21 18:00:00,1393180.5
2020-07-21 19:00:00,1399883.0
2020-07-21 20:00:00,1401006.5
2020-07-21 21:00:00,1409422.5
2020-07-21 22:00:00,1404678.5
2020-07-21 23:00:00,1423606.5
2020-07-22 00:00:00,1411621.5
2020-07-22 01:00:00,1404504.0
2020-07-22 02:00:00,1442823.0
2020-07-22 03:00:00,1377228.0
2020-07-22 04:00:00,1347915.5
2020-07-22 05:00:00,1264649.5
2020-07-22 06:00:00,1272561.0
2020-07-22 07:00:00,1341320.0
2020-07-22 08:00:00,1483210.0
2020-07-22 09:00:00,1422450.0
2020-07-22 10:00:00,1405252.5
2020-07-22 11:00:00,1391579.0
2020-07-22 12:00:00,1372087.5
2020-07-22 13:00:00,1405236.0
2020-07-22 14:00:00,1456175.0
2020-07-22 15:00:00,1433095.0
2020-07-22 16:00:00,1402791.5
2020-07-22 17:00:00,1398543.0
2020-07-22 18:00:00,1400519.5
2020-07-22 19:00:00,1415540.0
2020-07-22 20:00:00,1415439.5
2020-07-22 21:00:00,1404419.5
2020-07-22 22:00:00,1374603.0
2020-07-22 23:00:00,1389056.0
2020-07-23 00:00:00,1352834.5
2020-07-23 01:00:00,1430934.0
2020-07-23 02:00:00,1438116.0
2020-07-23 03:00:00,1431530.5
2020-07-23 04:00:00,1419807.5
2020-07-23 05:00:00,1286283.0
2020-07-23 06:00:00,1260713.0
2020-07-23 07:00:00,1364519.0
2020-07-23 08:00:00,1482619.5
2020-07-23 09:00:00,1491287.5
2020-07-23 10:00:00,1503534.5
2020-07-23 11:00:00,1511849.5
2020-07-23 12:00:00,1492804.5
2020-07-23 13:00:00,1494097.5
2020-07-23 14:00:00,1503201.0
2020-07-23 15:00:00,1510962.5
2020-07-23 16:00:00,1521211.5
2020-07-23 17:00:00,1420131.5
2020-07-23 18:00:00,1367869.0
2020-07-23 19:00:00,1364011.5
2020-07-23 20:00:00,1367934.0
2020-07-23 21:00:00,1360974.5
2020-07-23 22:00:00,1352002.5
2020-07-23 23:00:00,1421038.5
2020-07-24 00:00:00,1521694.5
2020-07-24 01:00:00,1513591.5
2020-07-24 02:00:00,1508031.5
2020-07-24 03:00:00,1516856.0
2020-07-24 04:00:00,1515803.5
2020-07-24 05:00:00,1514444.0
2020-07-24 06:00:00,1513344.5
2020-07-24 07:00:00,1502605.0
2020-07-24 08:00:00,1500523.0
2020-07-24 09:00:00,1513316.5
2020-07-24 10:00:00,1503822.0
2020-07-24 11:00:00,1512942.5
2020-07-24 12:00:00,1516756.0
2020-07-24 13:00:00,1509781.5
2020-07-24 14:00:00,1510385.0
2020-07-24 15:00:00,1509309.0
2020-07-24 16:00:00,1506874.0
2020-07-24 17:00:00,1416418.5
2020-07-24 18:00:00,1401208.0
2020-07-24 19:00:00,1427972.0
2020-07-24 20:00:00,1420204.5
2020-07-24 21:00:00,1409859.0
2020-07-24 22:00:00,1394114.0
2020-07-24 23:00:00,1424591.0
2020-07-25 00:00:00,1394190.0
2020-07-25 01:00:00,1366521.5
2020-07-25 02:00:00,1370148.0
2020-07-25 03:00:00,1253015.5
2020-07-25 04:00:00,1220076.0
2020-07-25 05:00:00,1198887.5
2020-07-25 06:00:00,1200208.5
2020-07-25 07:00:00,1224112.5
2020-07-25 08:00:00,1271068.5
2020-07-25 09:00:00,1227306.5
2020-07-25 10:00:00,1306923.5
2020-07-25 11:00:00,1384408.5
2020-07-25 12:00:00,1358002.5
2020-07-25 13:00:00,1407872.5
2020-07-25 14:00:00,1421723.0
2020-07-25 15:00:00,1382876.0
2020-07-25 16:00:00,1379298.5
2020-07-25 17:00:00,1248080.5
2020-07-25 18:00:00,1247467.5
2020-07-25 19:00:00,1347854.5
2020-07-25 20:00:00,1449700.5
2020-07-25 21:00:00,1504832.5
2020-07-25 22:00:00,1424607.0
2020-07-25 23:00:00,1399785.5
2020-07-26 00:00:00,1318669.0
2020-07-26 01:00:00,1262965.0
2020-07-26 02:00:00,1403940.0
2020-07-26 03:00:00,1417409.0
2020-07-26 04:00:00,1403045.5
2020-07-26 05:00:00,1401422.5
2020-07-26 06:00:00,1393809.0
2020-07-26 07:00:00,1302274.0
2020-07-26 08:00:00,1238525.5
2020-07-26 09:00:00,1242977.5
2020-07-26 10:00:00,1246856.0
2020-07-26 11:00:00,1239992.5
2020-07-26 12:00:00,1238101.0
2020-07-26 13:00:00,1243782.5
2020-07-26 14:00:00,1239125.5
2020-07-26 15:00:00,1252211.0
2020-07-26 16:00:00,1363021.5
2020-07-26 17:00:00,1339481.0
2020-07-26 18:00:00,1404705.5
2020-07-26 19:00:00,1417580.5
2020-07-26 20:00:00,1441498.5
2020-07-26 21:00:00,1480823.5
2020-07-26 22:00:00,1499189.0
2020-07-26 23:00:00,1478777.5
2020-07-27 00:00:00,1376782.0
2020-07-27 01:00:00,1278265.5
2020-07-27 02:00:00,1333593.0
2020-07-27 03:00:00,1411670.5
2020-07-27 04:00:00,1401808.5
2020-07-27 05:00:00,1417125.5
2020-07-27 06:00:00,1376685.5
2020-07-27 07:00:00,1385204.0
2020-07-27 08:00:00,1397412.0
2020-07-27 09:00:00,1405969.0
2020-07-27 10:00:00,1406464.5
2020-07-27 11:00:00,1415133.0
2020-07-27 12:00:00,1403443.0
2020-07-27 13:00:00,1429910.5
2020-07-27 14:00:00,1494748.5
2020-07-27 15:00:00,1456396.0
2020-07-27 16:00:00,1420014.0
2020-07-27 17:00:00,1407593.5
2020-07-27 18:00:00,1424208.5
2020-07-27 19:00:00,1442045.5
2020-07-27 20:00:00,1460885.5
2020-07-27 21:00:00,1481708.5
2020-07-27 22:00:00,1432421.5
2020-07-27 23:00:00,1409160.0
2020-07-28 00:00:00,1216699.5
2020-07-28 01:00:00,1231322.0
2020-07-28 02:00:00,1210363.0
2020-07-28 03:00:00,1222487.0
2020-07-28 04:00:00,1219476.0
2020-07-28 05:00:00,1219217.0
2020-07-28 06:00:00,1254938.5
2020-07-28 07:00:00,1269872.0
2020-07-28 08:00:00,1431000.5
2020-07-28 09:00:00,1485055.0
2020-07-28 10:00:00,1485055.0
2020-07-28 11:00:00,1485055.0
2020-07-28 12:00:00,1485055.0
2020-07-28 13:00:00,1485055.0
2020-07-28 14:00:00,1485055.0
2020-07-28 15:00:00,1485055.0
2020-07-28 16:00:00,1443712.5
2020-07-28 17:00:00,1397082.5
2020-07-28 18:00:00,1396434.0
2020-07-28 19:00:00,1402602.5
2020-07-28 20:00:00,1430166.5
2020-07-28 21:00:00,1413051.0
2020-07-28 22:00:00,1391998.0
2020-07-28 23:00:00,1388435.0
2020-07-29 00:00:00,1281218.5
2020-07-29 01:00:00,1312053.0
2020-07-29 02:00:00,1286414.0
2020-07-29 03:00:00,1221751.5
2020-07-29 04:00:00,1214256.5
2020-07-29 05:00:00,1226353.0
2020-07-29 06:00:00,1340188.5
2020-07-29 07:00:00,1378580.0
2020-07-29 08:00:00,1414161.5
2020-07-29 09:00:00,1431321.5
2020-07-29 10:00:00,1409690.5
2020-07-29 11:00:00,1409558.5
2020-07-29 12:00:00,1375190.5
2020-07-29 13:00:00,1388912.0
2020-07-29 14:00:00,1402414.0
2020-07-29 15:00:00,1383581.0
2020-07-29 16:00:00,1398140.0
2020-07-29 17:00:00,1399070.5
2020-07-29 18:00:00,1395026.5
2020-07-29 19:00:00,1434803.5
2020-07-29 20:00:00,1457829.0
2020-07-29 21:00:00,1414250.5
2020-07-29 22:00:00,1382718.0
2020-07-29 23:00:00,1377994.0
2020-07-30 00:00:00,1305940.0
2020-07-30 01:00:00,1343788.0
2020-07-30 02:00:00,1355038.0
2020-07-30 03:00:00,1283626.0
2020-07-30 04:00:00,1241567.5
2020-07-30 05:00:00,1217675.5
2020-07-30 06:00:00,1198958.0
2020-07-30 07:00:00,1287114.5
2020-07-30 08:00:00,1444493.5
2020-07-30 09:00:00,1446985.0
2020-07-30 10:00:00,1423057.5
2020-07-30 11:00:00,1384820.5
2020-07-30 12:00:00,1374516.0
2020-07-30 13:00:00,1372924.0
2020-07-30 14:00:00,1380307.0
2020-07-30 15:00:00,1397840.5
2020-07-30 16:00:00,1408316.5
2020-07-30 17:00:00,1410660.0
2020-07-30 18:00:00,1430354.5
2020-07-30 19:00:00,1458739.0
2020-07-30 20:00:00,1449701.5
2020-07-30 21:00:00,1415349.5
2020-07-30 22:00:00,1352692.5
2020-07-30 23:00:00,1285749.5
2020-07-31 00:00:00,1222336.0
2020-07-31 01:00:00,1332136.5
2020-07-31 02:00:00,1373249.0
2020-07-31 03:00:00,1314537.0
2020-07-31 04:00:00,1319533.0
2020-07-31 05:00:00,1270203.5
2020-07-31 06:00:00,1265714.5
2020-07-31 07:00:00,1201666.5
2020-07-31 08:00:00,1376202.0
2020-07-31 09:00:00,1428120.0
2020-07-31 10:00:00,1461346.0
2020-07-31 11:00:00,1443913.5
2020-07-31 12:00:00,1432755.5
2020-07-31 13:00:00,1435064.5
2020-07-31 14:00:00,1440630.0
2020-07-31 15:00:00,1454709.0
2020-07-31 16:00:00,1459896.5
2020-07-31 17:00:00,1418511.0
2020-07-31 18:00:00,1387488.0
2020-07-31 19:00:00,1403446.0
2020-07-31 20:00:00,1420302.5
2020-07-31 21:00:00,1401584.5
2020-07-31 22:00:00,1374776.0
2020-07-31 23:00:00,1382891.0
2020-08-01 00:00:00,1344779.5
2020-08-01 01:00:00,1356516.5
2020-08-01 02:00:00,1347298.0
2020-08-01 03:00:00,1272612.0
2020-08-01 04:00:00,1284920.0
2020-08-01 05:00:00,1294653.0
2020-08-01 06:00:00,1344200.5
2020-08-01 07:00:00,1306714.0
2020-08-01 08:00:00,1362637.5
2020-08-01 09:00:00,1412826.0
2020-08-01 10:00:00,1310941.0
2020-08-01 11:00:00,1380534.5
2020-08-01 12:00:00,1391842.0
2020-08-01 13:00:00,1412821.5
2020-08-01 14:00:00,1405020.5
2020-08-01 15:00:00,1404232.0
2020-08-01 16:00:00,1392054.5
2020-08-01 17:00:00,1376526.5
2020-08-01 18:00:00,1373230.5
2020-08-01 19:00:00,1377317.5
2020-08-01 20:00:00,1374508.0
2020-08-01 21:00:00,1368314.5
2020-08-01 22:00:00,1329345.0
2020-08-01 23:00:00,1364809.0
2020-08-02 00:00:00,1366974.0
2020-08-02 01:00:00,1315053.0
2020-08-02 02:00:00,1288491.5
2020-08-02 03:00:00,1267216.5
2020-08-02 04:00:00,1266846.0
2020-08-02 05:00:00,1280913.0
2020-08-02 06:00:00,1339777.5
2020-08-02 07:00:00,1361336.0
2020-08-02 08:00:00,1408556.0
2020-08-02 09:00:00,1396531.5
2020-08-02 10:00:00,1451143.0
2020-08-02 11:00:00,1455531.0
2020-08-02 12:00:00,1458984.5
2020-08-02 13:00:00,1472047.0
2020-08-02 14:00:00,1462371.5
2020-08-02 15:00:00,1446901.5
2020-08-02 16:00:00,1370256.5
2020-08-02 17:00:00,1384802.0
2020-08-02 18:00:00,1386527.5
2020-08-02 19:00:00,1401374.0
2020-08-02 20:00:00,1416017.0
2020-08-02 21:00:00,1451876.0
2020-08-02 22:00:00,1437173.5
2020-08-02 23:00:00,1448685.0
2020-08-03 00:00:00,1286820.0
2020-08-03 01:00:00,1305522.0
2020-08-03 02:00:00,1327244.5
2020-08-03 03:00:00,1324260.0
2020-08-03 04:00:00,1332168.5
2020-08-03 05:00:00,1342567.0
2020-08-03 06:00:00,1308122.0
2020-08-03 07:00:00,1247869.0
2020-08-03 08:00:00,1384213.0
2020-08-03 09:00:00,1429639.0
2020-08-03 10:00:00,1421065.0
2020-08-03 11:00:00,1421871.0
2020-08-03 12:00:00,1453626.5
2020-08-03 13:00:00,1420348.5
2020-08-03 14:00:00,1472088.5
2020-08-03 15:00:00,1401437.5
2020-08-03 16:00:00,1404515.5
2020-08-03 17:00:00,1411641.0
2020-08-03 18:00:00,1424493.0
2020-08-03 19:00:00,1474386.5
2020-08-03 20:00:00,1472454.5
2020-08-03 21:00:00,1456168.0
2020-08-03 22:00:00,1414867.5
2020-08-03 23:00:00,1413177.0
2020-08-04 00:00:00,1333553.5
2020-08-04 01:00:00,1310100.0
2020-08-04 02:00:00,1433587.0
2020-08-04 03:00:00,1461879.0
2020-08-04 04:00:00,1466825.0
2020-08-04 05:00:00,1480667.0
2020-08-04 06:00:00,1432164.5
2020-08-04 07:00:00,1345790.0
2020-08-04 08:00:00,1404868.5
2020-08-04 09:00:00,1433444.5
2020-08-04 10:00:00,1439744.0
2020-08-04 11:00:00,1439744.0
2020-08-04 12:00:00,1439744.0
2020-08-04 13:00:00,1439744.0
2020-08-04 14:00:00,1439744.0
2020-08-04 15:00:00,1394747.0
2020-08-04 16:00:00,1405200.5
2020-08-04 17:00:00,1411104.5
2020-08-04 18:00:00,1393334.0
2020-08-04 19:00:00,1401067.5
2020-08-04 20:00:00,1402431.5
2020-08-04 21:00:00,1390069.0
2020-08-04 22:00:00,1379001.5
2020-08-04 23:00:00,1399139.5
2020-08-05 00:00:00,1301757.5
2020-08-05 01:00:00,1371029.5
2020-08-05 02:00:00,1359779.0
2020-08-05 03:00:00,1252314.0
2020-08-05 04:00:00,1216117.0
2020-08-05 05:00:00,1220131.0
2020-08-05 06:00:00,1271052.0
2020-08-05 07:00:00,1266903.0
2020-08-05 08:00:00,1362847.0
2020-08-05 09:00:00,1414376.5
2020-08-05 10:00:00,1453372.0
2020-08-05 11:00:00,1473651.5
2020-08-05 12:00:00,1429897.5
2020-08-05 13:00:00,1438914.0
2020-08-05 14:00:00,1451032.0
2020-08-05 15:00:00,1439223.0
2020-08-05 16:00:00,1411837.5
2020-08-05 17:00:00,1396581.5
2020-08-05 18:00:00,1387415.5
2020-08-05 19:00:00,1424262.0
2020-08-05 20:00:00,1450270.5
2020-08-05 21:00:00,1411326.0
2020-08-05 22:00:00,1384854.0
2020-08-05 23:00:00,1393720.0
2020-08-06 00:00:00,1405875.5
2020-08-06 01:00:00,1384850.5
2020-08-06 02:00:00,1321470.5
2020-08-06 03:00:00,1252125.0
2020-08-06 04:00:00,1248264.5
2020-08-06 05:00:00,1244480.0
2020-08-06 06:00:00,1357684.0
2020-08-06 07:00:00,1327238.0
2020-08-06 08:00:00,1386405.5
2020-08-06 09:00:00,1385228.0
2020-08-06 10:00:00,1370683.0
2020-08-06 11:00:00,1369511.5
2020-08-06 12:00:00,1366997.5
2020-08-06 13:00:00,1366345.0
2020-08-06 14:00:00,1364031.5
2020-08-06 15:00:00,1368752.0
2020-08-06 16:00:00,1370574.5
2020-08-06 17:00:00,1370838.5
2020-08-06 18:00:00,1378089.0
2020-08-06 19:00:00,1385285.5
2020-08-06 20:00:00,1371762.5
2020-08-06 21:00:00,1373096.5
2020-08-06 22:00:00,1362293.5
2020-08-06 23:00:00,1365876.5
2020-08-07 00:00:00,1335434.5
2020-08-07 01:00:00,1330945.5
2020-08-07 02:00:00,1272871.0
2020-08-07 03:00:00,1289362.5
2020-08-07 04:00:00,1263184.0
2020-08-07 05:00:00,1274926.5
2020-08-07 06:00:00,1304693.5
2020-08-07 07:00:00,1369788.0
2020-08-07 08:00:00,1419876.5
2020-08-07 09:00:00,1424427.5
2020-08-07 10:00:00,1430676.0
2020-08-07 11:00:00,1413436.0
2020-08-07 12:00:00,1364685.0
2020-08-07 13:00:00,1379882.5
2020-08-07 14:00:00,1374875.0
2020-08-07 15:00:00,1375853.0
2020-08-07 16:00:00,1378845.5
2020-08-07 17:00:00,1360515.0
2020-08-07 18:00:00,1372203.0
2020-08-07 19:00:00,1438527.0
2020-08-07 20:00:00,1426526.0
2020-08-07 21:00:00,1378012.5
2020-08-07 22:00:00,1373295.5
2020-08-07 23:00:00,1385166.0
2020-08-08 00:00:00,1379712.0
2020-08-08 01:00:00,1389857.5
2020-08-08 02:00:00,1385067.0
2020-08-08 03:00:00,1399957.5
2020-08-08 04:00:00,1391181.0
2020-08-08 05:00:00,1391215.0
2020-08-08 06:00:00,1424547.0
2020-08-08 07:00:00,1434656.0
2020-08-08 08:00:00,1402066.5
2020-08-08 09:00:00,1413515.0
2020-08-08 10:00:00,1436924.0
2020-08-08 11:00:00,1463477.5
2020-08-08 12:00:00,1415221.0
2020-08-08 13:00:00,1398509.0
2020-08-08 14:00:00,1399767.0
2020-08-08 15:00:00,1402556.5
2020-08-08 16:00:00,1410903.5
2020-08-08 17:00:00,1393075.0
2020-08-08 18:00:00,1385394.5
2020-08-08 19:00:00,1403625.5
2020-08-08 20:00:00,1410801.0
2020-08-08 21:00:00,1400319.0
2020-08-08 22:00:00,1403292.0
2020-08-08 23:00:00,1415726.0
2020-08-09 00:00:00,1407783.0
2020-08-09 01:00:00,1406976.5
2020-08-09 02:00:00,1361354.0
2020-08-09 03:00:00,1357641.5
2020-08-09 04:00:00,1329885.5
2020-08-09 05:00:00,1386807.5
2020-08-09 06:00:00,1420210.0
2020-08-09 07:00:00,1370644.0
2020-08-09 08:00:00,1298683.5
2020-08-09 09:00:00,1252263.5
2020-08-09 10:00:00,1360794.5
2020-08-09 11:00:00,1376238.0
2020-08-09 12:00:00,1400691.0
2020-08-09 13:00:00,1399964.5
2020-08-09 14:00:00,1411228.5
2020-08-09 15:00:00,1422916.5
2020-08-09 16:00:00,1430900.0
2020-08-09 17:00:00,1445323.0
2020-08-09 18:00:00,1416466.5
2020-08-09 19:00:00,1387941.0
2020-08-09 20:00:00,1389495.0
2020-08-09 21:00:00,1399886.5
2020-08-09 22:00:00,1384472.5
2020-08-09 23:00:00,1395696.5
2020-08-10 00:00:00,1384108.5
2020-08-10 01:00:00,1335716.5
2020-08-10 02:00:00,1315315.0
2020-08-10 03:00:00,1284558.5
2020-08-10 04:00:00,1356942.0
2020-08-10 05:00:00,1360918.0
2020-08-10 06:00:00,1381438.5
2020-08-10 07:00:00,1440850.0
2020-08-10 08:00:00,1430349.0
2020-08-10 09:00:00,1437116.5
2020-08-10 10:00:00,1460623.0
2020-08-10 11:00:00,1466401.5
2020-08-10 12:00:00,1408557.0
2020-08-10 13:00:00,1407537.5
2020-08-10 14:00:00,1431893.0
2020-08-10 15:00:00,1400623.0
2020-08-10 16:00:00,1399346.0
2020-08-10 17:00:00,1395482.0
2020-08-10 18:00:00,1392489.5
2020-08-10 19:00:00,1410697.5
2020-08-10 20:00:00,1418668.5
2020-08-10 21:00:00,1408111.0
2020-08-10 22:00:00,1396854.5
2020-08-10 23:00:00,1413508.5
2020-08-11 00:00:00,1447124.0
2020-08-11 01:00:00,1482168.0
2020-08-11 02:00:00,1474900.5
2020-08-11 03:00:00,1455344.5
2020-08-11 04:00:00,1447096.0
2020-08-11 05:00:00,1482093.5
2020-08-11 06:00:00,1470418.0
2020-08-11 07:00:00,1456094.0
2020-08-11 08:00:00,1457448.0
2020-08-11 09:00:00,1413975.0
2020-08-11 10:00:00,1410862.0
2020-08-11 11:00:00,1410862.0
2020-08-11 12:00:00,1410862.0
2020-08-11 13:00:00,1410862.0
2020-08-11 14:00:00,1410862.0
2020-08-11 15:00:00,1374235.0
2020-08-11 16:00:00,1379997.5
2020-08-11 17:00:00,1374668.5
2020-08-11 18:00:00,1382635.0
2020-08-11 19:00:00,1403761.5
2020-08-11 20:00:00,1425185.5
2020-08-11 21:00:00,1437711.5
2020-08-11 22:00:00,1412793.0
2020-08-11 23:00:00,1424982.0
2020-08-12 00:00:00,1413341.5
2020-08-12 01:00:00,1428416.5
2020-08-12 02:00:00,1427255.5
2020-08-12 03:00:00,1434715.0
2020-08-12 04:00:00,1434542.0
2020-08-12 05:00:00,1419809.5
2020-08-12 06:00:00,1440025.0
2020-08-12 07:00:00,1405264.5
2020-08-12 08:00:00,1380168.0
2020-08-12 09:00:00,1372798.0
2020-08-12 10:00:00,1375237.0
2020-08-12 11:00:00,1367962.0
2020-08-12 12:00:00,1362589.0
2020-08-12 13:00:00,1377967.5
2020-08-12 14:00:00,1383527.5
2020-08-12 15:00:00,1369307.0
2020-08-12 16:00:00,1368477.5
2020-08-12 17:00:00,1368167.5
2020-08-12 18:00:00,1367155.5
2020-08-12 19:00:00,1370009.5
2020-08-12 20:00:00,1365597.0
2020-08-12 21:00:00,1366338.5
2020-08-12 22:00:00,1379619.5
2020-08-12 23:00:00,1389084.5
2020-08-13 00:00:00,1402185.0
2020-08-13 01:00:00,1440343.0
2020-08-13 02:00:00,1439323.5
2020-08-13 03:00:00,1339644.0
2020-08-13 04:00:00,1390001.0
2020-08-13 05:00:00,1388185.0
2020-08-13 06:00:00,1383380.0
2020-08-13 07:00:00,1346960.5
2020-08-13 08:00:00,1401327.0
2020-08-13 09:00:00,1378377.0
2020-08-13 10:00:00,1377700.5
2020-08-13 11:00:00,1381543.5
2020-08-13 12:00:00,1368762.0
2020-08-13 13:00:00,1394289.5
2020-08-13 14:00:00,1383716.5
2020-08-13 15:00:00,1389727.0
2020-08-13 16:00:00,1392306.0
2020-08-13 17:00:00,1388540.0
2020-08-13 18:00:00,1384052.5
2020-08-13 19:00:00,1381919.0
2020-08-13 20:00:00,1378857.5
2020-08-13 21:00:00,1370390.5
2020-08-13 22:00:00,1369700.5
2020-08-13 23:00:00,1392439.0
2020-08-14 00:00:00,1398073.5
2020-08-14 01:00:00,1444611.0
2020-08-14 02:00:00,1413989.5
2020-08-14 03:00:00,1354727.0
2020-08-14 04:00:00,1373768.5
2020-08-14 05:00:00,1415866.0
2020-08-14 06:00:00,1440024.5
2020-08-14 07:00:00,1386838.5
2020-08-14 08:00:00,1442501.0
2020-08-14 09:00:00,1434312.5
2020-08-14 10:00:00,1462499.5
2020-08-14 11:00:00,1437872.0
2020-08-14 12:00:00,1390691.0
2020-08-14 13:00:00,1396818.0
2020-08-14 14:00:00,1398070.0
2020-08-14 15:00:00,1404134.0
2020-08-14 16:00:00,1417174.5
2020-08-14 17:00:00,1405319.5
2020-08-14 18:00:00,1399089.0
2020-08-14 19:00:00,1420784.5
2020-08-14 20:00:00,1421768.5
2020-08-14 21:00:00,1415840.0
2020-08-14 22:00:00,1409623.0
2020-08-14 23:00:00,1400904.0
2020-08-15 00:00:00,1431036.0
2020-08-15 01:00:00,1479164.0
2020-08-15 02:00:00,1478132.5
2020-08-15 03:00:00,1468288.5
2020-08-15 04:00:00,1405316.5
2020-08-15 05:00:00,1384948.0
2020-08-15 06:00:00,1403133.0
2020-08-15 07:00:00,1353134.5
2020-08-15 08:00:00,1425864.0
2020-08-15 09:00:00,1446650.5
2020-08-15 10:00:00,1501481.5
2020-08-15 11:00:00,1480709.5
2020-08-15 12:00:00,1487376.5
2020-08-15 13:00:00,1474098.5
2020-08-15 14:00:00,1471226.0
2020-08-15 15:00:00,1463159.5
2020-08-15 16:00:00,1445713.5
2020-08-15 17:00:00,1420590.5
2020-08-15 18:00:00,1443205.5
2020-08-15 19:00:00,1483532.0
2020-08-15 20:00:00,1496707.5
2020-08-15 21:00:00,1463158.5
2020-08-15 22:00:00,1426702.0
2020-08-15 23:00:00,1402464.5
2020-08-16 00:00:00,1364903.0
2020-08-16 01:00:00,1446376.5
2020-08-16 02:00:00,1468621.5
2020-08-16 03:00:00,1444658.0
2020-08-16 04:00:00,1393013.0
2020-08-16 05:00:00,1358752.5
2020-08-16 06:00:00,1364707.5
2020-08-16 07:00:00,1313753.5
2020-08-16 08:00:00,1267827.5
2020-08-16 09:00:00,1334015.0
2020-08-16 10:00:00,1376456.0
2020-08-16 11:00:00,1404280.5
2020-08-16 12:00:00,1440446.0
2020-08-16 13:00:00,1464335.0
2020-08-16 14:00:00,1473693.5
2020-08-16 15:00:00,1477331.5
2020-08-16 16:00:00,1490653.0
2020-08-16 17:00:00,1493479.0
2020-08-16 18:00:00,1489835.5
2020-08-16 19:00:00,1488490.0
2020-08-16 20:00:00,1476764.0
2020-08-16 21:00:00,1427109.5
2020-08-16 22:00:00,1433208.5
2020-08-16 23:00:00,1478463.0
2020-08-17 00:00:00,1404479.0
2020-08-17 01:00:00,1408463.5
2020-08-17 02:00:00,1362743.0
2020-08-17 03:00:00,1335796.5
2020-08-17 04:00:00,1305639.5
2020-08-17 05:00:00,1254194.0
2020-08-17 06:00:00,1222766.5
2020-08-17 07:00:00,1234490.5
2020-08-17 08:00:00,1396064.5
2020-08-17 09:00:00,1400331.0
2020-08-17 10:00:00,1412944.0
2020-08-17 11:00:00,1409290.0
2020-08-17 12:00:00,1403130.0
2020-08-17 13:00:00,1403130.0
2020-08-17 14:00:00,1403130.0
2020-08-17 15:00:00,1403130.0
2020-08-17 16:00:00,1403130.0
2020-08-17 17:00:00,1403130.0
2020-08-17 18:00:00,1403130.0
2020-08-17 19:00:00,1403130.0
2020-08-17 20:00:00,1403130.0
2020-08-17 21:00:00,1403130.0
2020-08-17 22:00:00,1403130.0
2020-08-17 23:00:00,1403130.0
2020-08-18 00:00:00,1385613.0
2020-08-18 01:00:00,1385613.0
2020-08-18 02:00:00,1385613.0
2020-08-18 03:00:00,1385613.0
2020-08-18 04:00:00,1385613.0
2020-08-18 05:00:00,1385613.0
2020-08-18 06:00:00,1385613.0
2020-08-18 07:00:00,1385613.0
2020-08-18 08:00:00,1385613.0
2020-08-18 09:00:00,1385613.0
2020-08-18 10:00:00,1385613.0
2020-08-18 11:00:00,1385613.0
2020-08-18 12:00:00,1385613.0
2020-08-18 13:00:00,1385613.0
2020-08-18 14:00:00,1385613.0
2020-08-18 15:00:00,1385613.0
2020-08-18 16:00:00,1385613.0
2020-08-18 17:00:00,1385613.0
2020-08-18 18:00:00,1385613.0
2020-08-18 19:00:00,1385613.0
2020-08-18 20:00:00,1385613.0
2020-08-18 21:00:00,1385613.0
2020-08-18 22:00:00,1385613.0
2020-08-18 23:00:00,1385613.0
2020-08-19 00:00:00,1435401.0
2020-08-19 01:00:00,1486467.0
2020-08-19 02:00:00,1464583.5
2020-08-19 03:00:00,1444251.0
2020-08-19 04:00:00,1411489.0
2020-08-19 05:00:00,1385917.0
2020-08-19 06:00:00,1382889.5
2020-08-19 07:00:00,1342360.5
2020-08-19 08:00:00,1413283.0
2020-08-19 09:00:00,1400945.0
2020-08-19 10:00:00,1404060.0
2020-08-19 11:00:00,1412358.5
2020-08-19 12:00:00,1390559.5
2020-08-19 13:00:00,1441315.0
2020-08-19 14:00:00,1453546.5
2020-08-19 15:00:00,1402544.0
2020-08-19 16:00:00,1405219.5
2020-08-19 17:00:00,1397682.5
2020-08-19 18:00:00,1395738.0
2020-08-19 19:00:00,1409860.0
2020-08-19 20:00:00,1421159.5
2020-08-19 21:00:00,1451568.5
2020-08-19 22:00:00,1474936.5
2020-08-19 23:00:00,1490249.5
2020-08-20 00:00:00,1472741.0
2020-08-20 01:00:00,1467173.5
2020-08-20 02:00:00,1440732.0
2020-08-20 03:00:00,1425901.5
2020-08-20 04:00:00,1437238.5
2020-08-20 05:00:00,1458987.0
2020-08-20 06:00:00,1480665.5
2020-08-20 07:00:00,1472932.5
2020-08-20 08:00:00,1448721.0
2020-08-20 09:00:00,1398960.5
2020-08-20 10:00:00,1390918.5
2020-08-20 11:00:00,1390244.0
2020-08-20 12:00:00,1352348.5
2020-08-20 13:00:00,1374681.5
2020-08-20 14:00:00,1356061.5
2020-08-20 15:00:00,1361373.0
2020-08-20 16:00:00,1380805.5
2020-08-20 17:00:00,1367316.0
2020-08-20 18:00:00,1346950.0
2020-08-20 19:00:00,1358226.0
2020-08-20 20:00:00,1351580.0
2020-08-20 21:00:00,1346328.5
2020-08-20 22:00:00,1364406.5
2020-08-20 23:00:00,1371824.5
2020-08-21 00:00:00,1371721.0
2020-08-21 01:00:00,1435076.5
2020-08-21 02:00:00,1390805.0
2020-08-21 03:00:00,1360054.0
2020-08-21 04:00:00,1361120.5
2020-08-21 05:00:00,1374288.0
2020-08-21 06:00:00,1374387.0
2020-08-21 07:00:00,1377471.5
2020-08-21 08:00:00,1408799.5
2020-08-21 09:00:00,1387594.0
2020-08-21 10:00:00,1390098.5
2020-08-21 11:00:00,1444006.5
2020-08-21 12:00:00,1381458.0
2020-08-21 13:00:00,1385251.0
2020-08-21 14:00:00,1373627.5
2020-08-21 15:00:00,1385926.5
2020-08-21 16:00:00,1383412.0
2020-08-21 17:00:00,1376708.0
2020-08-21 18:00:00,1362775.0
2020-08-21 19:00:00,1354180.5
2020-08-21 20:00:00,1346756.0
2020-08-21 21:00:00,1359007.5
2020-08-21 22:00:00,1346439.5
2020-08-21 23:00:00,1363564.5
2020-08-22 00:00:00,1356476.0
2020-08-22 01:00:00,1381453.0
2020-08-22 02:00:00,1398623.0
2020-08-22 03:00:00,1441941.0
2020-08-22 04:00:00,1430023.5
2020-08-22 05:00:00,1432187.0
2020-08-22 06:00:00,1440732.0
2020-08-22 07:00:00,1365732.5
2020-08-22 08:00:00,1368314.5
2020-08-22 09:00:00,1370598.0
2020-08-22 10:00:00,1374306.5
2020-08-22 11:00:00,1380220.5
2020-08-22 12:00:00,1384258.0
2020-08-22 13:00:00,1378296.5
2020-08-22 14:00:00,1377705.0
2020-08-22 15:00:00,1369523.0
2020-08-22 16:00:00,1367520.5
2020-08-22 17:00:00,1363994.5
2020-08-22 18:00:00,1368408.5
2020-08-22 19:00:00,1373372.5
2020-08-22 20:00:00,1372827.5
2020-08-22 21:00:00,1393850.0
2020-08-22 22:00:00,1371568.5
2020-08-22 23:00:00,1403438.0
2020-08-23 00:00:00,1375378.5
2020-08-23 01:00:00,1343899.5
2020-08-23 02:00:00,1387262.5
2020-08-23 03:00:00,1424031.0
2020-08-23 04:00:00,1387670.5
2020-08-23 05:00:00,1375856.5
2020-08-23 06:00:00,1371037.5
2020-08-23 07:00:00,1295081.0
2020-08-23 08:00:00,1283219.5
2020-08-23 09:00:00,1297685.0
2020-08-23 10:00:00,1357037.0
2020-08-23 11:00:00,1355335.5
2020-08-23 12:00:00,1352291.0
2020-08-23 13:00:00,1427689.5
2020-08-23 14:00:00,1393188.5
2020-08-23 15:00:00,1391600.0
2020-08-23 16:00:00,1393419.5
2020-08-23 17:00:00,1396275.5
2020-08-23 18:00:00,1409158.0
2020-08-23 19:00:00,1392780.0
2020-08-23 20:00:00,1367417.5
2020-08-23 21:00:00,1390700.0
2020-08-23 22:00:00,1377076.0
2020-08-23 23:00:00,1360155.5
2020-08-24 00:00:00,1366606.0
2020-08-24 01:00:00,1375903.0
2020-08-24 02:00:00,1431982.5
2020-08-24 03:00:00,1398935.5
2020-08-24 04:00:00,1371859.5
2020-08-24 05:00:00,1339708.0
2020-08-24 06:00:00,1252512.5
2020-08-24 07:00:00,1375767.5
2020-08-24 08:00:00,1375662.0
2020-08-24 09:00:00,1375246.0
2020-08-24 10:00:00,1375528.0
2020-08-24 11:00:00,1388147.0
2020-08-24 12:00:00,1369608.5
2020-08-24 13:00:00,1389126.5
2020-08-24 14:00:00,1413806.0
2020-08-24 15:00:00,1391450.0
2020-08-24 16:00:00,1379177.5
2020-08-24 17:00:00,1378148.5
2020-08-24 18:00:00,1371414.0
2020-08-24 19:00:00,1380392.5
2020-08-24 20:00:00,1386181.0
2020-08-24 21:00:00,1389269.0
2020-08-24 22:00:00,1381249.5
2020-08-24 23:00:00,1387335.0
2020-08-25 00:00:00,1395657.5
2020-08-25 01:00:00,1435796.0
2020-08-25 02:00:00,1391742.5
2020-08-25 03:00:00,1367884.0
2020-08-25 04:00:00,1299606.5
2020-08-25 05:00:00,1268727.0
2020-08-25 06:00:00,1245171.5
2020-08-25 07:00:00,1199644.5
2020-08-25 08:00:00,1339108.5
2020-08-25 09:00:00,1373214.0
2020-08-25 10:00:00,1373214.0
2020-08-25 11:00:00,1373214.0
2020-08-25 12:00:00,1373214.0
2020-08-25 13:00:00,1373214.0
2020-08-25 14:00:00,1373214.0
2020-08-25 15:00:00,1402928.5
2020-08-25 16:00:00,1426327.5
2020-08-25 17:00:00,1469475.0
2020-08-25 18:00:00,1439864.0
2020-08-25 19:00:00,1440343.5
2020-08-25 20:00:00,1399238.5
2020-08-25 21:00:00,1387453.0
2020-08-25 22:00:00,1374403.0
2020-08-25 23:00:00,1387088.5
2020-08-26 00:00:00,1385719.0
2020-08-26 01:00:00,1408165.0
2020-08-26 02:00:00,1402605.5
2020-08-26 03:00:00,1429204.5
2020-08-26 04:00:00,1403753.5
2020-08-26 05:00:00,1375169.5
2020-08-26 06:00:00,1320093.5
2020-08-26 07:00:00,1235609.5
2020-08-26 08:00:00,1397921.0
2020-08-26 09:00:00,1421921.5
2020-08-26 10:00:00,1441106.5
2020-08-26 11:00:00,1442759.0
2020-08-26 12:00:00,1401872.0
2020-08-26 13:00:00,1428537.5
2020-08-26 14:00:00,1439136.0
2020-08-26 15:00:00,1417805.5
2020-08-26 16:00:00,1423254.0
2020-08-26 17:00:00,1418867.0
2020-08-26 18:00:00,1408176.0
2020-08-26 19:00:00,1409201.0
2020-08-26 20:00:00,1401858.5
2020-08-26 21:00:00,1402484.0
2020-08-26 22:00:00,1400631.5
2020-08-26 23:00:00,1410654.0
2020-08-27 00:00:00,1401797.5
2020-08-27 01:00:00,1428339.0
2020-08-27 02:00:00,1438634.5
2020-08-27 03:00:00,1421953.5
2020-08-27 04:00:00,1338308.0
2020-08-27 05:00:00,1329825.5
2020-08-27 06:00:00,1350101.0
2020-08-27 07:00:00,1395044.5
2020-08-27 08:00:00,1415733.5
2020-08-27 09:00:00,1415005.5
2020-08-27 10:00:00,1408629.5
2020-08-27 11:00:00,1400253.0
2020-08-27 12:00:00,1382244.5
2020-08-27 13:00:00,1419717.5
2020-08-27 14:00:00,1424935.5
2020-08-27 15:00:00,1422878.0
2020-08-27 16:00:00,1410306.0
2020-08-27 17:00:00,1407274.5
2020-08-27 18:00:00,1399558.0
2020-08-27 19:00:00,1408320.0
2020-08-27 20:00:00,1383636.5
2020-08-27 21:00:00,1390091.0
2020-08-27 22:00:00,1393477.5
2020-08-27 23:00:00,1390008.0
2020-08-28 00:00:00,1387629.0
2020-08-28 01:00:00,1406114.0
2020-08-28 02:00:00,1433535.0
2020-08-28 03:00:00,1437070.0
2020-08-28 04:00:00,1426534.0
2020-08-28 05:00:00,1425255.5
2020-08-28 06:00:00,1465678.5
2020-08-28 07:00:00,1464032.0
2020-08-28 08:00:00,1472652.5
2020-08-28 09:00:00,1470509.0
2020-08-28 10:00:00,1471616.0
2020-08-28 11:00:00,1476810.0
2020-08-28 12:00:00,1398477.0
2020-08-28 13:00:00,1399700.0
2020-08-28 14:00:00,1416917.0
2020-08-28 15:00:00,1412539.5
2020-08-28 16:00:00,1423045.0
2020-08-28 17:00:00,1424102.5
2020-08-28 18:00:00,1418112.0
2020-08-28 19:00:00,1432672.0
2020-08-28 20:00:00,1428379.5
2020-08-28 21:00:00,1406146.0
2020-08-28 22:00:00,1401314.5
2020-08-28 23:00:00,1413582.5
2020-08-29 00:00:00,1396778.0
2020-08-29 01:00:00,1420539.0
2020-08-29 02:00:00,1386865.0
2020-08-29 03:00:00,1326558.5
2020-08-29 04:00:00,1360609.5
2020-08-29 05:00:00,1379085.0
2020-08-29 06:00:00,1412740.5
2020-08-29 07:00:00,1407474.0
2020-08-29 08:00:00,1462355.5
2020-08-29 09:00:00,1513624.0
2020-08-29 10:00:00,1498153.5
2020-08-29 11:00:00,1490102.0
2020-08-29 12:00:00,1474934.5
2020-08-29 13:00:00,1492198.0
2020-08-29 14:00:00,1505362.5
2020-08-29 15:00:00,1468084.5
2020-08-29 16:00:00,1406009.5
2020-08-29 17:00:00,1401586.0
2020-08-29 18:00:00,1396606.0
2020-08-29 19:00:00,1404166.0
2020-08-29 20:00:00,1406092.5
2020-08-29 21:00:00,1381247.0
2020-08-29 22:00:00,1372941.0
2020-08-29 23:00:00,1409914.0
2020-08-30 00:00:00,1309304.5
2020-08-30 01:00:00,1418651.0
2020-08-30 02:00:00,1359113.5
2020-08-30 03:00:00,1265514.0
2020-08-30 04:00:00,1291718.5
2020-08-30 05:00:00,1358210.0
2020-08-30 06:00:00,1329014.5
2020-08-30 07:00:00,1246985.0
2020-08-30 08:00:00,1208722.5
2020-08-30 09:00:00,1238801.0
2020-08-30 10:00:00,1409070.0
2020-08-30 11:00:00,1467708.0
2020-08-30 12:00:00,1466498.0
2020-08-30 13:00:00,1452875.5
2020-08-30 14:00:00,1422977.5
2020-08-30 15:00:00,1436325.5
2020-08-30 16:00:00,1441024.0
2020-08-30 17:00:00,1440083.0
2020-08-30 18:00:00,1430529.5
2020-08-30 19:00:00,1425137.5
2020-08-30 20:00:00,1409938.0
2020-08-30 21:00:00,1411606.5
2020-08-30 22:00:00,1426359.0
2020-08-30 23:00:00,1410817.0
2020-08-31 00:00:00,1350468.5
2020-08-31 01:00:00,1358550.0
2020-08-31 02:00:00,1288107.0
2020-08-31 03:00:00,1191040.0
2020-08-31 04:00:00,1169591.0
2020-08-31 05:00:00,1249415.0
2020-08-31 06:00:00,1430057.5
2020-08-31 07:00:00,1474983.5
2020-08-31 08:00:00,1476985.5
2020-08-31 09:00:00,1459988.0
2020-08-31 10:00:00,1419483.5
2020-08-31 11:00:00,1412626.5
2020-08-31 12:00:00,1327652.0
2020-08-31 13:00:00,1435306.5
2020-08-31 14:00:00,1445578.5
2020-08-31 15:00:00,1405286.5
2020-08-31 16:00:00,1415156.0
2020-08-31 17:00:00,1408186.5
2020-08-31 18:00:00,1399921.0
2020-08-31 19:00:00,1402836.0
2020-08-31 20:00:00,1394580.0
2020-08-31 21:00:00,1412998.5
2020-08-31 22:00:00,1381482.0
2020-08-31 23:00:00,1439927.0
2020-09-01 00:00:00,1358171.5
2020-09-01 01:00:00,1412719.0
2020-09-01 02:00:00,1399843.0
2020-09-01 03:00:00,1322942.5
2020-09-01 04:00:00,1310448.0
2020-09-01 05:00:00,1252295.0
2020-09-01 06:00:00,1279002.0
2020-09-01 07:00:00,1294309.5
2020-09-01 08:00:00,1411706.5
2020-09-01 09:00:00,1392563.0
2020-09-01 10:00:00,1380386.0
2020-09-01 11:00:00,1368375.0
2020-09-01 12:00:00,1208332.5
2020-09-01 13:00:00,1395809.5
2020-09-01 14:00:00,1376533.5
2020-09-01 15:00:00,1383881.5
2020-09-01 16:00:00,1397012.0
2020-09-01 17:00:00,1396254.5
2020-09-01 18:00:00,1391589.0
2020-09-01 19:00:00,1424782.5
2020-09-01 20:00:00,1429418.0
2020-09-01 21:00:00,1441259.0
2020-09-01 22:00:00,1482488.5
2020-09-01 23:00:00,1495412.0
2020-09-02 00:00:00,1457027.0
2020-09-02 01:00:00,1468498.5
2020-09-02 02:00:00,1425431.0
2020-09-02 03:00:00,1392775.5
2020-09-02 04:00:00,1383699.0
2020-09-02 05:00:00,1301261.0
2020-09-02 06:00:00,1248388.0
2020-09-02 07:00:00,1376513.0
2020-09-02 08:00:00,1440570.5
2020-09-02 09:00:00,1493735.0
2020-09-02 10:00:00,1493735.0
2020-09-02 11:00:00,1493735.0
2020-09-02 12:00:00,1493735.0
2020-09-02 13:00:00,1493735.0
2020-09-02 14:00:00,1493735.0
2020-09-02 15:00:00,1452128.5
2020-09-02 16:00:00,1440549.5
2020-09-02 17:00:00,1420856.5
2020-09-02 18:00:00,1420522.5
2020-09-02 19:00:00,1457622.0
2020-09-02 20:00:00,1452390.5
2020-09-02 21:00:00,1442245.0
2020-09-02 22:00:00,1475433.5
2020-09-02 23:00:00,1420208.5
2020-09-03 00:00:00,1347335.0
2020-09-03 01:00:00,1427868.5
2020-09-03 02:00:00,1473531.0
2020-09-03 03:00:00,1412726.0
2020-09-03 04:00:00,1450781.5
2020-09-03 05:00:00,1287238.5
2020-09-03 06:00:00,1161828.5
2020-09-03 07:00:00,1136658.0
2020-09-03 08:00:00,1147632.5
2020-09-03 09:00:00,1140010.5
2020-09-03 10:00:00,1135792.0
2020-09-03 11:00:00,1122071.5
2020-09-03 12:00:00,1084249.0
2020-09-03 13:00:00,1113527.0
2020-09-03 14:00:00,1120937.0
2020-09-03 15:00:00,1124303.0
2020-09-03 16:00:00,1126316.5
2020-09-03 17:00:00,1122245.0
2020-09-03 18:00:00,1118937.0
2020-09-03 19:00:00,1120992.0
2020-09-03 20:00:00,1124222.0
2020-09-03 21:00:00,1129153.5
2020-09-03 22:00:00,1129927.5
2020-09-03 23:00:00,1149385.5
2020-09-04 00:00:00,1121037.5
2020-09-04 01:00:00,1147024.5
2020-09-04 02:00:00,1174649.5
2020-09-04 03:00:00,1181821.0
2020-09-04 04:00:00,1137232.5
2020-09-04 05:00:00,1123940.0
2020-09-04 06:00:00,1151980.0
2020-09-04 07:00:00,1151049.5
2020-09-04 08:00:00,1137952.5
2020-09-04 09:00:00,1134829.0
2020-09-04 10:00:00,1189829.5
2020-09-04 11:00:00,1111739.0
2020-09-04 12:00:00,1045476.0
2020-09-04 13:00:00,1113723.0
2020-09-04 14:00:00,1114906.5
2020-09-04 15:00:00,1115130.5
2020-09-04 16:00:00,1123169.5
2020-09-04 17:00:00,1126952.0
2020-09-04 18:00:00,1129029.0
2020-09-04 19:00:00,1138208.0
2020-09-04 20:00:00,1119894.0
2020-09-04 21:00:00,1121924.0
2020-09-04 22:00:00,1111953.0
2020-09-04 23:00:00,1154480.5
2020-09-05 00:00:00,1131812.0
2020-09-05 01:00:00,1103478.5
2020-09-05 02:00:00,1137156.5
2020-09-05 03:00:00,1132819.5
2020-09-05 04:00:00,1104457.0
2020-09-05 05:00:00,1116184.5
2020-09-05 06:00:00,1117061.0
2020-09-05 07:00:00,1102665.5
2020-09-05 08:00:00,1127387.5
2020-09-05 09:00:00,1142154.5
2020-09-05 10:00:00,1163090.0
2020-09-05 11:00:00,1151664.5
2020-09-05 12:00:00,1080212.5
2020-09-05 13:00:00,1090294.0
2020-09-05 14:00:00,1094706.5
2020-09-05 15:00:00,1093979.5
2020-09-05 16:00:00,1099227.0
2020-09-05 17:00:00,1098487.0
2020-09-05 18:00:00,1085098.0
2020-09-05 19:00:00,1088897.0
2020-09-05 20:00:00,1088819.0
2020-09-05 21:00:00,1088477.5
2020-09-05 22:00:00,1099086.0
2020-09-05 23:00:00,1113609.5
2020-09-06 00:00:00,1070227.0
2020-09-06 01:00:00,1101251.0
2020-09-06 02:00:00,1124802.5
2020-09-06 03:00:00,1088446.5
2020-09-06 04:00:00,1058335.0
2020-09-06 05:00:00,1114088.5
2020-09-06 06:00:00,1086535.0
2020-09-06 07:00:00,1023882.0
2020-09-06 08:00:00,990821.0
2020-09-06 09:00:00,1041498.0
2020-09-06 10:00:00,1111327.0
2020-09-06 11:00:00,1112811.0
2020-09-06 12:00:00,1108033.0
2020-09-06 13:00:00,1117920.5
2020-09-06 14:00:00,1106625.5
2020-09-06 15:00:00,1098562.5
2020-09-06 16:00:00,1099299.0
2020-09-06 17:00:00,1096884.5
2020-09-06 18:00:00,1106485.0
2020-09-06 19:00:00,1102765.5
2020-09-06 20:00:00,1079278.5
2020-09-06 21:00:00,1031224.5
2020-09-06 22:00:00,1099259.0
2020-09-06 23:00:00,1033150.0
2020-09-07 00:00:00,983534.0
2020-09-07 01:00:00,977546.5
2020-09-07 02:00:00,998076.0
2020-09-07 03:00:00,1022110.5
2020-09-07 04:00:00,1131728.0
2020-09-07 05:00:00,1177570.0
2020-09-07 06:00:00,1185103.0
2020-09-07 07:00:00,1173359.5
2020-09-07 08:00:00,1154213.5
2020-09-07 09:00:00,1139330.0
2020-09-07 10:00:00,1128192.5
2020-09-07 11:00:00,1134475.0
2020-09-07 12:00:00,1005000.0
2020-09-07 13:00:00,1149523.0
2020-09-07 14:00:00,1150119.0
2020-09-07 15:00:00,1147179.0
2020-09-07 16:00:00,1154191.0
2020-09-07 17:00:00,1151116.0
2020-09-07 18:00:00,1147830.5
2020-09-07 19:00:00,1175152.5
2020-09-07 20:00:00,1146168.0
2020-09-07 21:00:00,1145417.0
2020-09-07 22:00:00,1138171.0
2020-09-07 23:00:00,1147237.5
2020-09-08 00:00:00,1155949.5
2020-09-08 01:00:00,1156891.5
2020-09-08 02:00:00,1143256.5
2020-09-08 03:00:00,1175454.5
2020-09-08 04:00:00,1168460.5
2020-09-08 05:00:00,1144582.5
2020-09-08 06:00:00,1142435.0
2020-09-08 07:00:00,1160061.5
2020-09-08 08:00:00,1169120.5
2020-09-08 09:00:00,1155508.0
2020-09-08 10:00:00,1155508.0
2020-09-08 11:00:00,1155508.0
2020-09-08 12:00:00,1155508.0
2020-09-08 13:00:00,1155508.0
2020-09-08 14:00:00,1155508.0
2020-09-08 15:00:00,1258566.5
2020-09-08 16:00:00,1382641.5
2020-09-08 17:00:00,1423537.0
2020-09-08 18:00:00,1411061.0
2020-09-08 19:00:00,1387752.5
2020-09-08 20:00:00,1334064.0
2020-09-08 21:00:00,1338624.0
2020-09-08 22:00:00,1349427.0
2020-09-08 23:00:00,1357760.0
2020-09-09 00:00:00,1339058.5
2020-09-09 01:00:00,1351213.5
2020-09-09 02:00:00,1358797.5
2020-09-09 03:00:00,1326457.5
2020-09-09 04:00:00,1249943.5
2020-09-09 05:00:00,1284562.5
2020-09-09 06:00:00,1269553.0
2020-09-09 07:00:00,1373663.5
2020-09-09 08:00:00,1349402.5
2020-09-09 09:00:00,1354706.0
2020-09-09 10:00:00,1346211.5
2020-09-09 11:00:00,1322769.5
2020-09-09 12:00:00,1160091.5
2020-09-09 13:00:00,1269816.5
2020-09-09 14:00:00,1301518.0
2020-09-09 15:00:00,1271763.0
2020-09-09 16:00:00,1329763.0
2020-09-09 17:00:00,1337093.0
2020-09-09 18:00:00,1339564.0
2020-09-09 19:00:00,1350906.5
2020-09-09 20:00:00,1397557.5
2020-09-09 21:00:00,1408111.0
2020-09-09 22:00:00,1402571.0
2020-09-09 23:00:00,1406357.0
2020-09-10 00:00:00,1372654.0
2020-09-10 01:00:00,1355037.5
2020-09-10 02:00:00,1380343.0
2020-09-10 03:00:00,1385988.5
2020-09-10 04:00:00,1387482.5
2020-09-10 05:00:00,1358499.0
2020-09-10 06:00:00,1398620.0
2020-09-10 07:00:00,1423995.0
2020-09-10 08:00:00,1379363.0
2020-09-10 09:00:00,1373360.5
2020-09-10 10:00:00,1380562.5
2020-09-10 11:00:00,1427499.5
2020-09-10 12:00:00,1358755.5
2020-09-10 13:00:00,1368358.0
2020-09-10 14:00:00,1356585.0
2020-09-10 15:00:00,1345206.5
2020-09-10 16:00:00,1347729.0
2020-09-10 17:00:00,1359241.0
2020-09-10 18:00:00,1388696.5
2020-09-10 19:00:00,1433364.5
2020-09-10 20:00:00,1417816.5
2020-09-10 21:00:00,1405039.0
2020-09-10 22:00:00,1392248.0
2020-09-10 23:00:00,1377716.0
2020-09-11 00:00:00,1351926.5
2020-09-11 01:00:00,1339513.0
2020-09-11 02:00:00,1336415.0
2020-09-11 03:00:00,1349673.0
2020-09-11 04:00:00,1349245.0
2020-09-11 05:00:00,1353302.5
2020-09-11 06:00:00,1361038.0
2020-09-11 07:00:00,1401903.5
2020-09-11 08:00:00,1393474.0
2020-09-11 09:00:00,1398338.5
2020-09-11 10:00:00,1385058.5
2020-09-11 11:00:00,1376111.5
2020-09-11 12:00:00,1311999.0
2020-09-11 13:00:00,1333029.5
2020-09-11 14:00:00,1377126.0
2020-09-11 15:00:00,1336344.0
2020-09-11 16:00:00,1335567.0
2020-09-11 17:00:00,1346994.5
2020-09-11 18:00:00,1342201.0
2020-09-11 19:00:00,1356272.5
2020-09-11 20:00:00,1367520.5
2020-09-11 21:00:00,1355981.5
2020-09-11 22:00:00,1348867.5
2020-09-11 23:00:00,1402223.5
2020-09-12 00:00:00,1411343.0
2020-09-12 01:00:00,1346332.5
2020-09-12 02:00:00,1336937.0
2020-09-12 03:00:00,1337657.5
2020-09-12 04:00:00,1268347.5
2020-09-12 05:00:00,1355376.0
2020-09-12 06:00:00,1379466.0
2020-09-12 07:00:00,1407305.5
2020-09-12 08:00:00,1410801.0
2020-09-12 09:00:00,1205415.5
2020-09-12 10:00:00,1229254.0
2020-09-12 11:00:00,1190165.5
2020-09-12 12:00:00,1183160.5
2020-09-12 13:00:00,1228327.5
2020-09-12 14:00:00,1265181.5
2020-09-12 15:00:00,1289520.0
2020-09-12 16:00:00,1321097.0
2020-09-12 17:00:00,1192354.0
2020-09-12 18:00:00,1264999.0
2020-09-12 19:00:00,1316398.5
2020-09-12 20:00:00,1210783.5
2020-09-12 21:00:00,1304545.5
2020-09-12 22:00:00,1346053.0
2020-09-12 23:00:00,1354257.0
2020-09-13 00:00:00,1218112.5
2020-09-13 01:00:00,1158999.0
2020-09-13 02:00:00,1290633.0
2020-09-13 03:00:00,1266755.5
2020-09-13 04:00:00,1305388.5
2020-09-13 05:00:00,1368592.5
2020-09-13 06:00:00,1403676.0
2020-09-13 07:00:00,1392293.5
2020-09-13 08:00:00,1183837.0
2020-09-13 09:00:00,1176474.0
2020-09-13 10:00:00,1189200.0
2020-09-13 11:00:00,1179525.5
2020-09-13 12:00:00,1207375.0
2020-09-13 13:00:00,1300813.5
2020-09-13 14:00:00,1316745.0
2020-09-13 15:00:00,1172025.0
2020-09-13 16:00:00,1236816.0
2020-09-13 17:00:00,1352099.0
2020-09-13 18:00:00,1382048.0
2020-09-13 19:00:00,1429080.0
2020-09-13 20:00:00,1427603.0
2020-09-13 21:00:00,1408534.5
2020-09-13 22:00:00,1368652.5
2020-09-13 23:00:00,1344521.0
2020-09-14 00:00:00,1208052.0
2020-09-14 01:00:00,1199222.0
2020-09-14 02:00:00,1223361.5
2020-09-14 03:00:00,1237259.0
2020-09-14 04:00:00,1328076.0
2020-09-14 05:00:00,1379133.5
2020-09-14 06:00:00,1406656.0
2020-09-14 07:00:00,1403824.5
2020-09-14 08:00:00,1415034.0
2020-09-14 09:00:00,1382764.0
2020-09-14 10:00:00,1382213.0
2020-09-14 11:00:00,1350556.5
2020-09-14 12:00:00,1218120.0
2020-09-14 13:00:00,1348883.5
2020-09-14 14:00:00,1347406.5
2020-09-14 15:00:00,1324482.0
2020-09-14 16:00:00,1346946.0
2020-09-14 17:00:00,1354419.5
2020-09-14 18:00:00,1359327.5
2020-09-14 19:00:00,1367414.0
2020-09-14 20:00:00,1360309.5
2020-09-14 21:00:00,1345717.5
2020-09-14 22:00:00,1274162.0
2020-09-14 23:00:00,1335536.0
2020-09-15 00:00:00,1202499.0
2020-09-15 01:00:00,1220096.0
2020-09-15 02:00:00,1257838.5
2020-09-15 03:00:00,1170275.5
2020-09-15 04:00:00,1325028.5
2020-09-15 05:00:00,1359469.5
2020-09-15 06:00:00,1388363.5
2020-09-15 07:00:00,1394936.5
2020-09-15 08:00:00,1404346.0
2020-09-15 09:00:00,1384190.0
2020-09-15 10:00:00,1384190.0
2020-09-15 11:00:00,1384190.0
2020-09-15 12:00:00,1384190.0
2020-09-15 13:00:00,1384190.0
2020-09-15 14:00:00,1384190.0
2020-09-15 15:00:00,1380663.0
2020-09-15 16:00:00,1409718.5
2020-09-15 17:00:00,1417284.0
2020-09-15 18:00:00,1413785.5
2020-09-15 19:00:00,1428013.5
2020-09-15 20:00:00,1390501.0
2020-09-15 21:00:00,1383357.5
2020-09-15 22:00:00,1375113.5
2020-09-15 23:00:00,1391184.5
2020-09-16 00:00:00,1414465.0
2020-09-16 01:00:00,1411370.0
2020-09-16 02:00:00,1435145.0
2020-09-16 03:00:00,1379122.5
2020-09-16 04:00:00,1272524.5
2020-09-16 05:00:00,1237683.0
2020-09-16 06:00:00,1374650.0
2020-09-16 07:00:00,1441879.0
2020-09-16 08:00:00,1477258.0
2020-09-16 09:00:00,1470404.5
2020-09-16 10:00:00,1460970.0
2020-09-16 11:00:00,1460428.5
2020-09-16 12:00:00,1403583.5
2020-09-16 13:00:00,1448742.5
2020-09-16 14:00:00,1440939.5
2020-09-16 15:00:00,1408361.5
2020-09-16 16:00:00,1380973.0
2020-09-16 17:00:00,1387553.0
2020-09-16 18:00:00,1429111.0
2020-09-16 19:00:00,1430615.0
2020-09-16 20:00:00,1374333.0
2020-09-16 21:00:00,1372098.5
2020-09-16 22:00:00,1419121.0
2020-09-16 23:00:00,1430455.5
2020-09-17 00:00:00,1437588.0
2020-09-17 01:00:00,1426614.0
2020-09-17 02:00:00,1405570.0
2020-09-17 03:00:00,1364028.5
2020-09-17 04:00:00,1293667.5
2020-09-17 05:00:00,1204065.0
2020-09-17 06:00:00,1273924.0
2020-09-17 07:00:00,1425203.5
2020-09-17 08:00:00,1461866.0
2020-09-17 09:00:00,1452300.0
2020-09-17 10:00:00,1435974.5
2020-09-17 11:00:00,1407034.5
2020-09-17 12:00:00,1341452.0
2020-09-17 13:00:00,1407901.0
2020-09-17 14:00:00,1406288.0
2020-09-17 15:00:00,1392864.0
2020-09-17 16:00:00,1408328.5
2020-09-17 17:00:00,1433977.0
2020-09-17 18:00:00,1438419.0
2020-09-17 19:00:00,1454275.0
2020-09-17 20:00:00,1449087.5
2020-09-17 21:00:00,1446281.5
2020-09-17 22:00:00,1426662.0
2020-09-17 23:00:00,1431105.0
2020-09-18 00:00:00,1403966.5
2020-09-18 01:00:00,1405041.5
2020-09-18 02:00:00,1405374.0
2020-09-18 03:00:00,1433662.0
2020-09-18 04:00:00,1432051.5
2020-09-18 05:00:00,1436433.5
2020-09-18 06:00:00,1424039.5
2020-09-18 07:00:00,1410772.0
2020-09-18 08:00:00,1391247.0
2020-09-18 09:00:00,1374878.5
2020-09-18 10:00:00,1380970.0
2020-09-18 11:00:00,1226495.0
2020-09-18 12:00:00,1191775.5
2020-09-18 13:00:00,1217679.0
2020-09-18 14:00:00,1355550.0
2020-09-18 15:00:00,1321614.5
2020-09-18 16:00:00,1402485.0
2020-09-18 17:00:00,1406276.0
2020-09-18 18:00:00,1439011.5
2020-09-18 19:00:00,1410879.5
2020-09-18 20:00:00,1369830.0
2020-09-18 21:00:00,1412888.0
2020-09-18 22:00:00,964120.0
2020-09-18 23:00:00,523141.5
2020-09-19 00:00:00,65978.5
2020-09-19 01:00:00,0.0
2020-09-19 02:00:00,0.0
2020-09-19 03:00:00,0.0
2020-09-19 04:00:00,0.0
2020-09-19 05:00:00,0.0
2020-09-19 06:00:00,0.0
2020-09-19 07:00:00,0.0
2020-09-19 08:00:00,0.0
2020-09-19 09:00:00,0.0
2020-09-19 10:00:00,0.0
2020-09-19 11:00:00,0.0
2020-09-19 12:00:00,0.0
2020-09-19 13:00:00,0.0
2020-09-19 14:00:00,0.0
2020-09-19 15:00:00,0.0
2020-09-19 16:00:00,0.0
2020-09-19 17:00:00,0.0
2020-09-19 18:00:00,0.0
2020-09-19 19:00:00,0.0
2020-09-19 20:00:00,0.0
2020-09-19 21:00:00,0.0
2020-09-19 22:00:00,0.0
2020-09-19 23:00:00,0.0
2020-09-20 00:00:00,0.0
2020-09-20 01:00:00,0.0
2020-09-20 02:00:00,0.0
2020-09-20 03:00:00,0.0
2020-09-20 04:00:00,0.0
2020-09-20 05:00:00,0.0
2020-09-20 06:00:00,0.0
2020-09-20 07:00:00,0.0
2020-09-20 08:00:00,0.0
2020-09-20 09:00:00,0.0
2020-09-20 10:00:00,0.0
2020-09-20 11:00:00,0.0
2020-09-20 12:00:00,0.0
2020-09-20 13:00:00,0.0
2020-09-20 14:00:00,0.0
2020-09-20 15:00:00,0.0
2020-09-20 16:00:00,0.0
2020-09-20 17:00:00,0.0
2020-09-20 18:00:00,0.0
2020-09-20 19:00:00,0.0
2020-09-20 20:00:00,0.0
2020-09-20 21:00:00,0.0
2020-09-20 22:00:00,0.0
2020-09-20 23:00:00,0.0
2020-09-21 00:00:00,0.0
2020-09-21 01:00:00,0.0
2020-09-21 02:00:00,0.0
2020-09-21 03:00:00,0.0
2020-09-21 04:00:00,0.0
2020-09-21 05:00:00,0.0
2020-09-21 06:00:00,0.0
2020-09-21 07:00:00,0.0
2020-09-21 08:00:00,0.0
2020-09-21 09:00:00,0.0
2020-09-21 10:00:00,0.0
2020-09-21 11:00:00,0.0
2020-09-21 12:00:00,0.0
2020-09-21 13:00:00,0.0
2020-09-21 14:00:00,0.0
2020-09-21 15:00:00,0.0
2020-09-21 16:00:00,0.0
2020-09-21 17:00:00,0.0
2020-09-21 18:00:00,0.0
2020-09-21 19:00:00,0.0
2020-09-21 20:00:00,0.0
2020-09-21 21:00:00,0.0
2020-09-21 22:00:00,0.0
2020-09-21 23:00:00,0.0
2020-09-22 00:00:00,0.0
2020-09-22 01:00:00,0.0
2020-09-22 02:00:00,0.0
2020-09-22 03:00:00,0.0
2020-09-22 04:00:00,0.0
2020-09-22 05:00:00,0.0
2020-09-22 06:00:00,0.0
2020-09-22 07:00:00,0.0
2020-09-22 08:00:00,0.0
2020-09-22 09:00:00,0.0
2020-09-22 10:00:00,0.0
2020-09-22 11:00:00,0.0
2020-09-22 12:00:00,0.0
2020-09-22 13:00:00,0.0
2020-09-22 14:00:00,0.0
2020-09-22 15:00:00,0.0
2020-09-22 16:00:00,0.0
2020-09-22 17:00:00,0.0
2020-09-22 18:00:00,0.0
2020-09-22 19:00:00,0.0
2020-09-22 20:00:00,0.0
2020-09-22 21:00:00,0.0
2020-09-22 22:00:00,0.0
2020-09-22 23:00:00,0.0
2020-09-23 00:00:00,0.0
2020-09-23 01:00:00,0.0
2020-09-23 02:00:00,0.0
2020-09-23 03:00:00,0.0
2020-09-23 04:00:00,0.0
2020-09-23 05:00:00,0.0
2020-09-23 06:00:00,0.0
2020-09-23 07:00:00,0.0
2020-09-23 08:00:00,0.0
2020-09-23 09:00:00,0.0
2020-09-23 10:00:00,0.0
2020-09-23 11:00:00,0.0
2020-09-23 12:00:00,0.0
2020-09-23 13:00:00,0.0
2020-09-23 14:00:00,0.0
2020-09-23 15:00:00,0.0
2020-09-23 16:00:00,0.0
2020-09-23 17:00:00,0.0
2020-09-23 18:00:00,0.0
2020-09-23 19:00:00,0.0
2020-09-23 20:00:00,0.0
2020-09-23 21:00:00,0.0
2020-09-23 22:00:00,0.0
2020-09-23 23:00:00,0.0
2020-09-24 00:00:00,0.0
2020-09-24 01:00:00,0.0
2020-09-24 02:00:00,0.0
2020-09-24 03:00:00,0.0
2020-09-24 04:00:00,0.0
2020-09-24 05:00:00,0.0
2020-09-24 06:00:00,0.0
2020-09-24 07:00:00,0.0
2020-09-24 08:00:00,0.0
2020-09-24 09:00:00,0.0
2020-09-24 10:00:00,0.0
2020-09-24 11:00:00,0.0
2020-09-24 12:00:00,0.0
2020-09-24 13:00:00,0.0
2020-09-24 14:00:00,0.0
2020-09-24 15:00:00,0.0
2020-09-24 16:00:00,0.0
2020-09-24 17:00:00,0.0
2020-09-24 18:00:00,0.0
2020-09-24 19:00:00,0.0
2020-09-24 20:00:00,0.0
2020-09-24 21:00:00,0.0
2020-09-24 22:00:00,0.0
2020-09-24 23:00:00,0.0
2020-09-25 00:00:00,0.0
2020-09-25 01:00:00,0.0
2020-09-25 02:00:00,0.0
2020-09-25 03:00:00,0.0
2020-09-25 04:00:00,0.0
2020-09-25 05:00:00,0.0
2020-09-25 06:00:00,0.0
2020-09-25 07:00:00,0.0
2020-09-25 08:00:00,0.0
2020-09-25 09:00:00,0.0
2020-09-25 10:00:00,0.0
2020-09-25 11:00:00,0.0
2020-09-25 12:00:00,0.0
2020-09-25 13:00:00,0.0
2020-09-25 14:00:00,0.0
2020-09-25 15:00:00,0.0
2020-09-25 16:00:00,0.0
2020-09-25 17:00:00,0.0
2020-09-25 18:00:00,0.0
2020-09-25 19:00:00,0.0
2020-09-25 20:00:00,116516.95
2020-09-25 21:00:00,198259.0
2020-09-25 22:00:00,283020.0
2020-09-25 23:00:00,355445.5
2020-09-26 00:00:00,417827.0
2020-09-26 01:00:00,590254.0
2020-09-26 02:00:00,688594.0
2020-09-26 03:00:00,718150.5
2020-09-26 04:00:00,814804.0
2020-09-26 05:00:00,1229006.0
2020-09-26 06:00:00,1435598.0
2020-09-26 07:00:00,1446399.0
2020-09-26 08:00:00,1440030.0
2020-09-26 09:00:00,1188455.5
2020-09-26 10:00:00,1183448.0
2020-09-26 11:00:00,1190339.5
2020-09-26 12:00:00,1195174.0
2020-09-26 13:00:00,1193060.0
2020-09-26 14:00:00,1202306.5
2020-09-26 15:00:00,1221925.0
2020-09-26 16:00:00,1404793.5
2020-09-26 17:00:00,1344966.5
2020-09-26 18:00:00,1404928.0
2020-09-26 19:00:00,1373121.5
2020-09-26 20:00:00,1344294.0
2020-09-26 21:00:00,1387044.0
2020-09-26 22:00:00,1398214.5
2020-09-26 23:00:00,1401416.0
2020-09-27 00:00:00,1397457.5
2020-09-27 01:00:00,1399614.0
2020-09-27 02:00:00,1328265.5
2020-09-27 03:00:00,1243782.5
2020-09-27 04:00:00,1250736.0
2020-09-27 05:00:00,1368667.0
2020-09-27 06:00:00,1396686.5
2020-09-27 07:00:00,1362111.5
2020-09-27 08:00:00,1215663.0
2020-09-27 09:00:00,1165505.5
2020-09-27 10:00:00,1189674.5
2020-09-27 11:00:00,1202637.0
2020-09-27 12:00:00,1219953.0
2020-09-27 13:00:00,1384624.0
2020-09-27 14:00:00,1389969.5
2020-09-27 15:00:00,1407835.0
2020-09-27 16:00:00,1409853.0
2020-09-27 17:00:00,1407400.0
2020-09-27 18:00:00,1398841.0
2020-09-27 19:00:00,1400344.0
2020-09-27 20:00:00,1404639.5
2020-09-27 21:00:00,1405546.5
2020-09-27 22:00:00,1396909.0
2020-09-27 23:00:00,1380081.5
2020-09-28 00:00:00,1253945.5
2020-09-28 01:00:00,1326213.0
2020-09-28 02:00:00,1227195.0
2020-09-28 03:00:00,1157839.5
2020-09-28 04:00:00,1190540.0
2020-09-28 05:00:00,1321726.0
2020-09-28 06:00:00,1333621.5
2020-09-28 07:00:00,1391900.0
2020-09-28 08:00:00,1401684.5
2020-09-28 09:00:00,1402131.0
2020-09-28 10:00:00,1404557.0
2020-09-28 11:00:00,1412992.0
2020-09-28 12:00:00,1401506.5
2020-09-28 13:00:00,1418827.5
2020-09-28 14:00:00,1428302.5
2020-09-28 15:00:00,1325434.5
2020-09-28 16:00:00,1360041.0
2020-09-28 17:00:00,1355510.5
2020-09-28 18:00:00,1376601.0
2020-09-28 19:00:00,1387462.5
2020-09-28 20:00:00,1374942.5
2020-09-28 21:00:00,1351008.0
2020-09-28 22:00:00,1342223.0
2020-09-28 23:00:00,1375533.0
2020-09-29 00:00:00,1290399.5
2020-09-29 01:00:00,1361958.5
2020-09-29 02:00:00,1407582.0
2020-09-29 03:00:00,1407246.5
2020-09-29 04:00:00,1376185.0
2020-09-29 05:00:00,1368879.0
2020-09-29 06:00:00,1374103.5
2020-09-29 07:00:00,1358399.0
2020-09-29 08:00:00,1365974.5
2020-09-29 09:00:00,1340888.0
2020-09-29 10:00:00,1340888.0
2020-09-29 11:00:00,1340888.0
2020-09-29 12:00:00,1340888.0
2020-09-29 13:00:00,1340888.0
2020-09-29 14:00:00,1361895.5
2020-09-29 15:00:00,1379040.5
2020-09-29 16:00:00,1408379.5
2020-09-29 17:00:00,1382782.5
2020-09-29 18:00:00,1403380.0
2020-09-29 19:00:00,1402444.0
2020-09-29 20:00:00,1375894.5
2020-09-29 21:00:00,1314679.5
2020-09-29 22:00:00,1350270.0
2020-09-29 23:00:00,1400118.5
2020-09-30 00:00:00,1377891.0
2020-09-30 01:00:00,1335609.0
2020-09-30 02:00:00,1310161.5
2020-09-30 03:00:00,1331335.5
2020-09-30 04:00:00,1345849.5
2020-09-30 05:00:00,1348953.0
2020-09-30 06:00:00,1348171.0
2020-09-30 07:00:00,1323034.5
2020-09-30 08:00:00,1173304.5
2020-09-30 09:00:00,1174586.5
2020-09-30 10:00:00,1184036.5
2020-09-30 11:00:00,1175279.5
2020-09-30 12:00:00,1164033.0
2020-09-30 13:00:00,1179484.0
2020-09-30 14:00:00,1196395.5
2020-09-30 15:00:00,1188171.0
2020-09-30 16:00:00,1248842.5
2020-09-30 17:00:00,1345998.0
2020-09-30 18:00:00,1351968.0
2020-09-30 19:00:00,1350155.5
2020-09-30 20:00:00,1369499.0
2020-09-30 21:00:00,1387275.0
2020-09-30 22:00:00,1400427.5
2020-09-30 23:00:00,1383528.0
2020-10-01 00:00:00,1265961.5
2020-10-01 01:00:00,1212679.0
2020-10-01 02:00:00,1152461.0
2020-10-01 03:00:00,1163950.5
2020-10-01 04:00:00,1165495.5
2020-10-01 05:00:00,1243246.0
2020-10-01 06:00:00,1381721.5
2020-10-01 07:00:00,1375574.0
2020-10-01 08:00:00,1188681.0
2020-10-01 09:00:00,1182824.0
2020-10-01 10:00:00,1174729.0
2020-10-01 11:00:00,1162685.5
2020-10-01 12:00:00,1160535.0
2020-10-01 13:00:00,1172804.5
2020-10-01 14:00:00,1228008.5
2020-10-01 15:00:00,1303202.0
2020-10-01 16:00:00,1341377.5
2020-10-01 17:00:00,1346389.0
2020-10-01 18:00:00,1344183.0
2020-10-01 19:00:00,1343131.0
2020-10-01 20:00:00,1351394.0
2020-10-01 21:00:00,1357724.0
2020-10-01 22:00:00,1364224.0
2020-10-01 23:00:00,1364697.5
2020-10-02 00:00:00,1357427.0
2020-10-02 01:00:00,1368220.0
2020-10-02 02:00:00,1356309.5
2020-10-02 03:00:00,1339584.0
2020-10-02 04:00:00,1338333.5
2020-10-02 05:00:00,1355357.0
2020-10-02 06:00:00,1353428.0
2020-10-02 07:00:00,1333431.0
2020-10-02 08:00:00,1183208.5
2020-10-02 09:00:00,1178414.0
2020-10-02 10:00:00,1186031.0
2020-10-02 11:00:00,1198367.0
2020-10-02 12:00:00,1205364.5
2020-10-02 13:00:00,1303749.5
2020-10-02 14:00:00,1361665.0
2020-10-02 15:00:00,1367921.5
2020-10-02 16:00:00,1365846.5
2020-10-02 17:00:00,1359123.5
2020-10-02 18:00:00,1365374.0
2020-10-02 19:00:00,1326863.0
2020-10-02 20:00:00,1253137.5
2020-10-02 21:00:00,1353933.5
2020-10-02 22:00:00,1332303.5
2020-10-02 23:00:00,1375577.0
2020-10-03 00:00:00,1344077.5
2020-10-03 01:00:00,1363698.0
2020-10-03 02:00:00,1360207.0
2020-10-03 03:00:00,1319083.0
2020-10-03 04:00:00,1328013.0
2020-10-03 05:00:00,1341750.5
2020-10-03 06:00:00,1353848.0
2020-10-03 07:00:00,1356854.5
2020-10-03 08:00:00,1353168.0
2020-10-03 09:00:00,1279923.0
2020-10-03 10:00:00,1241015.0
2020-10-03 11:00:00,1166731.0
2020-10-03 12:00:00,1168782.5
2020-10-03 13:00:00,1182155.0
2020-10-03 14:00:00,1169325.0
2020-10-03 15:00:00,1180060.0
2020-10-03 16:00:00,1198908.5
2020-10-03 17:00:00,1245757.0
2020-10-03 18:00:00,1337596.5
2020-10-03 19:00:00,1344661.5
2020-10-03 20:00:00,1350282.0
2020-10-03 21:00:00,1348438.0
2020-10-03 22:00:00,1380998.5
2020-10-03 23:00:00,1391462.5
2020-10-04 00:00:00,1368135.0
2020-10-04 01:00:00,1354180.5
2020-10-04 02:00:00,1344167.5
2020-10-04 03:00:00,1350103.0
2020-10-04 04:00:00,1340905.0
2020-10-04 05:00:00,1348691.5
2020-10-04 06:00:00,1340890.5
2020-10-04 07:00:00,1304923.0
2020-10-04 08:00:00,1176512.5
2020-10-04 09:00:00,1236488.0
2020-10-04 10:00:00,1358443.0
2020-10-04 11:00:00,1395645.0
2020-10-04 12:00:00,1375055.5
2020-10-04 13:00:00,1354441.5
2020-10-04 14:00:00,1370224.5
2020-10-04 15:00:00,1276829.0
2020-10-04 16:00:00,1350928.0
2020-10-04 17:00:00,1338701.5
2020-10-04 18:00:00,1337261.0
2020-10-04 19:00:00,1351708.0
2020-10-04 20:00:00,1366587.0
2020-10-04 21:00:00,1399817.0
2020-10-04 22:00:00,1393355.0
2020-10-04 23:00:00,1385883.5
2020-10-05 00:00:00,1334340.5
2020-10-05 01:00:00,1327464.5
2020-10-05 02:00:00,1339817.0
2020-10-05 03:00:00,1364453.5
2020-10-05 04:00:00,1362052.5
2020-10-05 05:00:00,1373770.0
2020-10-05 06:00:00,1361682.5
2020-10-05 07:00:00,1351881.0
2020-10-05 08:00:00,1372797.5
2020-10-05 09:00:00,1324591.0
2020-10-05 10:00:00,1213421.0
2020-10-05 11:00:00,1169908.0
2020-10-05 12:00:00,1123379.0
2020-10-05 13:00:00,1166129.0
2020-10-05 14:00:00,1196516.5
2020-10-05 15:00:00,1277611.0
2020-10-05 16:00:00,1327652.0
2020-10-05 17:00:00,1329547.0
2020-10-05 18:00:00,1352762.0
2020-10-05 19:00:00,1365512.0
2020-10-05 20:00:00,1367110.5
2020-10-05 21:00:00,1362714.5
2020-10-05 22:00:00,1331327.5
2020-10-05 23:00:00,1324841.0
2020-10-06 00:00:00,1312124.5
2020-10-06 01:00:00,1314819.5
2020-10-06 02:00:00,1302583.0
2020-10-06 03:00:00,1329491.0
2020-10-06 04:00:00,1336345.5
2020-10-06 05:00:00,1346649.5
2020-10-06 06:00:00,1389557.0
2020-10-06 07:00:00,1380565.0
2020-10-06 08:00:00,1397286.0
2020-10-06 09:00:00,1383111.5
2020-10-06 10:00:00,1384990.0
2020-10-06 11:00:00,1384990.0
2020-10-06 12:00:00,1384990.0
2020-10-06 13:00:00,1384990.0
2020-10-06 14:00:00,1384990.0
2020-10-06 15:00:00,1289163.5
2020-10-06 16:00:00,1388706.0
2020-10-06 17:00:00,1393824.0
2020-10-06 18:00:00,1388592.5
2020-10-06 19:00:00,1370438.0
2020-10-06 20:00:00,1334603.0
2020-10-06 21:00:00,1336443.5
2020-10-06 22:00:00,1340017.0
2020-10-06 23:00:00,1349664.0
2020-10-07 00:00:00,1331559.5
2020-10-07 01:00:00,1329654.0
2020-10-07 02:00:00,1313472.5
2020-10-07 03:00:00,1326990.0
2020-10-07 04:00:00,1324867.5
2020-10-07 05:00:00,1314816.0
2020-10-07 06:00:00,1354480.5
2020-10-07 07:00:00,1361432.5
2020-10-07 08:00:00,1386439.5
2020-10-07 09:00:00,1323399.5
2020-10-07 10:00:00,1240587.0
2020-10-07 11:00:00,1271204.5
2020-10-07 12:00:00,1139879.0
2020-10-07 13:00:00,1291283.0
2020-10-07 14:00:00,1321246.5
2020-10-07 15:00:00,1311981.0
2020-10-07 16:00:00,1329617.5
2020-10-07 17:00:00,1302590.0
2020-10-07 18:00:00,1312702.5
2020-10-07 19:00:00,1314263.5
2020-10-07 20:00:00,1324084.5
2020-10-07 21:00:00,1317893.0
2020-10-07 22:00:00,1341743.0
2020-10-07 23:00:00,1377124.0
2020-10-08 00:00:00,1344704.0
2020-10-08 01:00:00,1305785.0
2020-10-08 02:00:00,1286284.5
2020-10-08 03:00:00,1295049.0
2020-10-08 04:00:00,1256201.0
2020-10-08 05:00:00,1223168.5
2020-10-08 06:00:00,1302763.5
2020-10-08 07:00:00,1319114.5
2020-10-08 08:00:00,1327437.5
2020-10-08 09:00:00,1206862.0
2020-10-08 10:00:00,1179879.5
2020-10-08 11:00:00,1156174.5
2020-10-08 12:00:00,1143015.0
2020-10-08 13:00:00,1157725.0
2020-10-08 14:00:00,1151052.0
2020-10-08 15:00:00,1210826.5
2020-10-08 16:00:00,1335477.0
2020-10-08 17:00:00,1308219.5
2020-10-08 18:00:00,1319060.5
2020-10-08 19:00:00,1320816.0
2020-10-08 20:00:00,1332545.5
2020-10-08 21:00:00,1309967.0
2020-10-08 22:00:00,1315488.0
2020-10-08 23:00:00,1376136.0
2020-10-09 00:00:00,1279803.5
2020-10-09 01:00:00,1214441.5
2020-10-09 02:00:00,1280401.0
2020-10-09 03:00:00,1287136.0
2020-10-09 04:00:00,1308367.5
2020-10-09 05:00:00,1341929.0
2020-10-09 06:00:00,1376337.0
2020-10-09 07:00:00,1376498.0
2020-10-09 08:00:00,1339518.0
2020-10-09 09:00:00,1165318.5
2020-10-09 10:00:00,1197220.5
2020-10-09 11:00:00,1156966.5
2020-10-09 12:00:00,1138458.5
2020-10-09 13:00:00,1164090.5
2020-10-09 14:00:00,1159866.5
2020-10-09 15:00:00,1167716.5
2020-10-09 16:00:00,1305638.0
2020-10-09 17:00:00,1363560.5
2020-10-09 18:00:00,1388187.0
2020-10-09 19:00:00,1331280.0
2020-10-09 20:00:00,1286237.0
2020-10-09 21:00:00,1260478.0
2020-10-09 22:00:00,1284473.0
2020-10-09 23:00:00,1282604.0
2020-10-10 00:00:00,1198957.5
2020-10-10 01:00:00,1258857.5
2020-10-10 02:00:00,1227865.5
2020-10-10 03:00:00,1248892.0
2020-10-10 04:00:00,1236364.5
2020-10-10 05:00:00,1327458.0
2020-10-10 06:00:00,1279393.0
2020-10-10 07:00:00,1240841.0
2020-10-10 08:00:00,1177423.0
2020-10-10 09:00:00,1180690.0
2020-10-10 10:00:00,1179979.0
2020-10-10 11:00:00,1170601.5
2020-10-10 12:00:00,1170043.5
2020-10-10 13:00:00,1169514.5
2020-10-10 14:00:00,1173865.5
2020-10-10 15:00:00,1172148.5
2020-10-10 16:00:00,1187071.0
2020-10-10 17:00:00,1201616.5
2020-10-10 18:00:00,1226073.0
2020-10-10 19:00:00,1167751.0
2020-10-10 20:00:00,1173641.5
2020-10-10 21:00:00,1174163.5
2020-10-10 22:00:00,1190066.0
2020-10-10 23:00:00,1332629.5
2020-10-11 00:00:00,1196507.0
2020-10-11 01:00:00,1177398.5
2020-10-11 02:00:00,1173982.5
2020-10-11 03:00:00,1179716.0
2020-10-11 04:00:00,1190877.0
2020-10-11 05:00:00,1253559.0
2020-10-11 06:00:00,1193373.5
2020-10-11 07:00:00,1212065.5
2020-10-11 08:00:00,1194057.0
2020-10-11 09:00:00,1185332.5
2020-10-11 10:00:00,1184097.0
2020-10-11 11:00:00,1207611.0
2020-10-11 12:00:00,1334594.5
2020-10-11 13:00:00,1358056.0
2020-10-11 14:00:00,1278754.0
2020-10-11 15:00:00,1239318.0
2020-10-11 16:00:00,1252314.0
2020-10-11 17:00:00,1339199.5
2020-10-11 18:00:00,1361068.5
2020-10-11 19:00:00,1336802.0
2020-10-11 20:00:00,1345493.0
2020-10-11 21:00:00,1360115.0
2020-10-11 22:00:00,1348143.5
2020-10-11 23:00:00,1327534.0
2020-10-12 00:00:00,1261646.0
2020-10-12 01:00:00,1198358.5
2020-10-12 02:00:00,1156843.0
2020-10-12 03:00:00,1190043.5
2020-10-12 04:00:00,1173014.0
2020-10-12 05:00:00,1169876.0
2020-10-12 06:00:00,1179394.5
2020-10-12 07:00:00,1301768.5
2020-10-12 08:00:00,1417119.5
2020-10-12 09:00:00,1413675.5
2020-10-12 10:00:00,1324647.0
2020-10-12 11:00:00,1152326.5
2020-10-12 12:00:00,1150031.0
2020-10-12 13:00:00,1253016.5
2020-10-12 14:00:00,1356134.0
2020-10-12 15:00:00,1347766.5
2020-10-12 16:00:00,1356487.5
2020-10-12 17:00:00,1333855.5
2020-10-12 18:00:00,1329364.0
2020-10-12 19:00:00,1334751.5
2020-10-12 20:00:00,1307894.0
2020-10-12 21:00:00,1356033.5
2020-10-12 22:00:00,1367108.5
2020-10-12 23:00:00,1372151.5
2020-10-13 00:00:00,1260277.5
2020-10-13 01:00:00,1161429.5
2020-10-13 02:00:00,1296130.0
2020-10-13 03:00:00,1289262.0
2020-10-13 04:00:00,1246410.0
2020-10-13 05:00:00,1291733.5
2020-10-13 06:00:00,1289242.5
2020-10-13 07:00:00,1315183.5
2020-10-13 08:00:00,1342743.5
2020-10-13 09:00:00,1174701.0
2020-10-13 10:00:00,1174701.0
2020-10-13 11:00:00,1174701.0
2020-10-13 12:00:00,1174701.0
2020-10-13 13:00:00,1252098.5
2020-10-13 14:00:00,1302697.5
2020-10-13 15:00:00,1313104.0
2020-10-13 16:00:00,1327220.5
2020-10-13 17:00:00,1306658.0
2020-10-13 18:00:00,1329005.0
2020-10-13 19:00:00,1301473.5
2020-10-13 20:00:00,1302098.5
2020-10-13 21:00:00,1317755.5
2020-10-13 22:00:00,1360066.5
2020-10-13 23:00:00,1313017.5
2020-10-14 00:00:00,1228352.5
2020-10-14 01:00:00,1300116.0
2020-10-14 02:00:00,1300109.5
2020-10-14 03:00:00,1299115.5
2020-10-14 04:00:00,1310197.0
2020-10-14 05:00:00,1319193.0
2020-10-14 06:00:00,1324033.0
2020-10-14 07:00:00,1384311.5
2020-10-14 08:00:00,1389706.5
2020-10-14 09:00:00,1384572.5
2020-10-14 10:00:00,1353218.0
2020-10-14 11:00:00,1278666.5
2020-10-14 12:00:00,1168541.5
2020-10-14 13:00:00,1238590.5
2020-10-14 14:00:00,1196122.0
2020-10-14 15:00:00,1239686.5
2020-10-14 16:00:00,1390451.0
2020-10-14 17:00:00,1340733.5
2020-10-14 18:00:00,1361437.5
2020-10-14 19:00:00,1365620.0
2020-10-14 20:00:00,1363908.5
2020-10-14 21:00:00,1354512.5
2020-10-14 22:00:00,1358929.5
2020-10-14 23:00:00,1346658.0
2020-10-15 00:00:00,1293372.5
2020-10-15 01:00:00,1301986.5
2020-10-15 02:00:00,1344103.0
2020-10-15 03:00:00,1231288.5
2020-10-15 04:00:00,1194981.0
2020-10-15 05:00:00,1294302.5
2020-10-15 06:00:00,1305206.0
2020-10-15 07:00:00,1310286.0
2020-10-15 08:00:00,1321037.5
2020-10-15 09:00:00,1240025.5
2020-10-15 10:00:00,1154555.0
2020-10-15 11:00:00,1143877.5
2020-10-15 12:00:00,1132377.0
2020-10-15 13:00:00,1160708.0
2020-10-15 14:00:00,1198155.0
2020-10-15 15:00:00,1221614.0
2020-10-15 16:00:00,1314864.5
2020-10-15 17:00:00,1311798.0
2020-10-15 18:00:00,1310750.0
2020-10-15 19:00:00,1314076.0
2020-10-15 20:00:00,1286878.5
2020-10-15 21:00:00,1275059.0
2020-10-15 22:00:00,1317068.0
2020-10-15 23:00:00,1342069.0
2020-10-16 00:00:00,1282537.5
2020-10-16 01:00:00,1233043.0
2020-10-16 02:00:00,1244687.5
2020-10-16 03:00:00,1241116.0
2020-10-16 04:00:00,1212511.0
2020-10-16 05:00:00,1235603.0
2020-10-16 06:00:00,1214009.5
2020-10-16 07:00:00,1313937.5
2020-10-16 08:00:00,1329846.5
2020-10-16 09:00:00,1327985.0
2020-10-16 10:00:00,1349068.0
2020-10-16 11:00:00,1374294.0
2020-10-16 12:00:00,1320320.0
2020-10-16 13:00:00,1369369.0
2020-10-16 14:00:00,1365121.5
2020-10-16 15:00:00,1332812.0
2020-10-16 16:00:00,1315077.0
2020-10-16 17:00:00,1300797.0
2020-10-16 18:00:00,1304902.5
2020-10-16 19:00:00,1323617.5
2020-10-16 20:00:00,1316388.5
2020-10-16 21:00:00,1315953.5
2020-10-16 22:00:00,1335378.0
2020-10-16 23:00:00,1362779.0
2020-10-17 00:00:00,1318152.5
2020-10-17 01:00:00,1228383.0
2020-10-17 02:00:00,1306990.5
2020-10-17 03:00:00,1327474.5
2020-10-17 04:00:00,1329799.5
2020-10-17 05:00:00,1309039.5
2020-10-17 06:00:00,1317012.5
2020-10-17 07:00:00,1251458.5
2020-10-17 08:00:00,1181182.5
2020-10-17 09:00:00,1164125.5
2020-10-17 10:00:00,1184827.5
2020-10-17 11:00:00,1188930.5
2020-10-17 12:00:00,1160043.5
2020-10-17 13:00:00,1221547.5
2020-10-17 14:00:00,1204383.0
2020-10-17 15:00:00,1181782.0
2020-10-17 16:00:00,1201892.5
2020-10-17 17:00:00,1180943.5
2020-10-17 18:00:00,1227113.5
2020-10-17 19:00:00,1166933.0
2020-10-17 20:00:00,1196950.5
2020-10-17 21:00:00,1207630.5
2020-10-17 22:00:00,1285377.5
2020-10-17 23:00:00,1327895.5
2020-10-18 00:00:00,1213433.5
2020-10-18 01:00:00,1174844.5
2020-10-18 02:00:00,1138066.0
2020-10-18 03:00:00,1145808.5
2020-10-18 04:00:00,1152596.0
2020-10-18 05:00:00,1209367.5
2020-10-18 06:00:00,1216445.5
2020-10-18 07:00:00,1207641.5
2020-10-18 08:00:00,1158676.0
2020-10-18 09:00:00,1156307.5
2020-10-18 10:00:00,1147304.5
2020-10-18 11:00:00,1158743.0
2020-10-18 12:00:00,1151169.0
2020-10-18 13:00:00,1151499.5
2020-10-18 14:00:00,1152556.0
2020-10-18 15:00:00,1164525.0
2020-10-18 16:00:00,1205106.5
2020-10-18 17:00:00,1229573.0
2020-10-18 18:00:00,1333687.5
2020-10-18 19:00:00,1330470.5
2020-10-18 20:00:00,1317795.0
2020-10-18 21:00:00,1293855.0
2020-10-18 22:00:00,1270477.0
2020-10-18 23:00:00,1297531.5
2020-10-19 00:00:00,1274206.5
2020-10-19 01:00:00,1283437.5
2020-10-19 02:00:00,1272352.0
2020-10-19 03:00:00,1251386.5
2020-10-19 04:00:00,1250854.0
2020-10-19 05:00:00,1322185.0
2020-10-19 06:00:00,1321215.0
2020-10-19 07:00:00,1328930.0
2020-10-19 08:00:00,1362341.5
2020-10-19 09:00:00,1211504.5
2020-10-19 10:00:00,1175880.0
2020-10-19 11:00:00,1155189.0
2020-10-19 12:00:00,1158424.5
2020-10-19 13:00:00,1186797.0
2020-10-19 14:00:00,1161404.5
2020-10-19 15:00:00,1171509.5
2020-10-19 16:00:00,1314315.0
2020-10-19 17:00:00,1311324.0
2020-10-19 18:00:00,1310099.0
2020-10-19 19:00:00,1321271.5
2020-10-19 20:00:00,1315045.5
2020-10-19 21:00:00,1319817.5
2020-10-19 22:00:00,1324561.5
2020-10-19 23:00:00,1335472.0
2020-10-20 00:00:00,1311530.0
2020-10-20 01:00:00,1281385.0
2020-10-20 02:00:00,1267662.5
2020-10-20 03:00:00,1239540.0
2020-10-20 04:00:00,1231494.0
2020-10-20 05:00:00,1267615.5
2020-10-20 06:00:00,1329807.0
2020-10-20 07:00:00,1321719.0
2020-10-20 08:00:00,1341698.5
2020-10-20 09:00:00,1306713.0
2020-10-20 10:00:00,1306713.0
2020-10-20 11:00:00,1306713.0
2020-10-20 12:00:00,1306713.0
2020-10-20 13:00:00,1306713.0
2020-10-20 14:00:00,1306713.0
2020-10-20 15:00:00,1336131.5
2020-10-20 16:00:00,1344343.5
2020-10-20 17:00:00,1344358.5
2020-10-20 18:00:00,1333616.0
2020-10-20 19:00:00,1352745.0
2020-10-20 20:00:00,1362319.5
2020-10-20 21:00:00,1377748.5
2020-10-20 22:00:00,1371013.0
2020-10-20 23:00:00,1339134.5
2020-10-21 00:00:00,1312173.0
2020-10-21 01:00:00,1290854.5
2020-10-21 02:00:00,1309140.0
2020-10-21 03:00:00,1257417.5
2020-10-21 04:00:00,1191252.5
2020-10-21 05:00:00,1240616.0
2020-10-21 06:00:00,1292391.5
2020-10-21 07:00:00,1330707.5
2020-10-21 08:00:00,1358058.5
2020-10-21 09:00:00,1354825.0
2020-10-21 10:00:00,1362985.5
2020-10-21 11:00:00,1356713.0
2020-10-21 12:00:00,1329602.0
2020-10-21 13:00:00,1397551.5
2020-10-21 14:00:00,1401329.5
2020-10-21 15:00:00,1346405.0
2020-10-21 16:00:00,1388293.0
2020-10-21 17:00:00,1332968.0
2020-10-21 18:00:00,1325397.0
2020-10-21 19:00:00,1323603.0
2020-10-21 20:00:00,1314292.5
2020-10-21 21:00:00,1329533.0
2020-10-21 22:00:00,1339430.0
2020-10-21 23:00:00,1339095.5
2020-10-22 00:00:00,1273910.0
2020-10-22 01:00:00,1321840.5
2020-10-22 02:00:00,1320257.0
2020-10-22 03:00:00,1256915.5
2020-10-22 04:00:00,1239215.5
2020-10-22 05:00:00,1302526.5
2020-10-22 06:00:00,1360750.0
2020-10-22 07:00:00,1413237.5
2020-10-22 08:00:00,1434848.5
2020-10-22 09:00:00,1391987.5
2020-10-22 10:00:00,1384208.5
2020-10-22 11:00:00,1355003.5
2020-10-22 12:00:00,1180555.0
2020-10-22 13:00:00,1344100.0
2020-10-22 14:00:00,1366534.0
2020-10-22 15:00:00,1350007.0
2020-10-22 16:00:00,1358579.0
2020-10-22 17:00:00,1324659.0
2020-10-22 18:00:00,1352684.5
2020-10-22 19:00:00,1331561.0
2020-10-22 20:00:00,1282207.0
2020-10-22 21:00:00,1287034.0
2020-10-22 22:00:00,1295801.5
2020-10-22 23:00:00,1277298.5
2020-10-23 00:00:00,1199960.5
2020-10-23 01:00:00,1206089.5
2020-10-23 02:00:00,1231525.5
2020-10-23 03:00:00,1208695.0
2020-10-23 04:00:00,1231950.5
2020-10-23 05:00:00,1306933.0
2020-10-23 06:00:00,1336150.0
2020-10-23 07:00:00,1275534.0
2020-10-23 08:00:00,1177399.0
2020-10-23 09:00:00,1165554.5
2020-10-23 10:00:00,1125778.5
2020-10-23 11:00:00,1090872.0
2020-10-23 12:00:00,930701.5
2020-10-23 13:00:00,1007677.5
2020-10-23 14:00:00,1218988.5
2020-10-23 15:00:00,1293049.0
2020-10-23 16:00:00,1369392.5
2020-10-23 17:00:00,1351735.0
2020-10-23 18:00:00,1325328.5
2020-10-23 19:00:00,1255431.5
2020-10-23 20:00:00,1172205.5
2020-10-23 21:00:00,1147428.5
2020-10-23 22:00:00,1172394.0
2020-10-23 23:00:00,1333462.0
2020-10-24 00:00:00,1300237.0
2020-10-24 01:00:00,1273403.0
2020-10-24 02:00:00,1298964.0
2020-10-24 03:00:00,1271152.0
2020-10-24 04:00:00,1282742.5
2020-10-24 05:00:00,1325792.5
2020-10-24 06:00:00,1332972.0
2020-10-24 07:00:00,1267524.5
2020-10-24 08:00:00,1144616.5
2020-10-24 09:00:00,1152712.5
2020-10-24 10:00:00,1192882.5
2020-10-24 11:00:00,1196111.5
2020-10-24 12:00:00,1173933.0
2020-10-24 13:00:00,1099100.5
2020-10-24 14:00:00,1054262.5
2020-10-24 15:00:00,1089845.0
2020-10-24 16:00:00,1098487.5
2020-10-24 17:00:00,1222657.0
2020-10-24 18:00:00,1187215.5
2020-10-24 19:00:00,1169527.5
2020-10-24 20:00:00,1184586.0
2020-10-24 21:00:00,1182434.0
2020-10-24 22:00:00,1219269.5
2020-10-24 23:00:00,1342779.5
2020-10-25 00:00:00,1287917.5
2020-10-25 01:00:00,1280093.5
2020-10-25 02:00:00,1284846.5
2020-10-25 03:00:00,1246656.5
2020-10-25 04:00:00,1250379.5
2020-10-25 05:00:00,1304467.5
2020-10-25 06:00:00,1275641.5
2020-10-25 07:00:00,1243533.0
2020-10-25 08:00:00,1147567.5
2020-10-25 09:00:00,1049805.5
2020-10-25 10:00:00,965723.0
2020-10-25 11:00:00,930014.0
2020-10-25 12:00:00,1069677.0
2020-10-25 13:00:00,1105707.0
2020-10-25 14:00:00,1151971.5
2020-10-25 15:00:00,1182616.0
2020-10-25 16:00:00,1234498.0
2020-10-25 17:00:00,1247440.0
2020-10-25 18:00:00,1225478.0
2020-10-25 19:00:00,1176971.5
2020-10-25 20:00:00,1165747.5
2020-10-25 21:00:00,1262247.0
2020-10-25 22:00:00,1299758.5
2020-10-25 23:00:00,1302648.0
2020-10-26 00:00:00,1255358.0
2020-10-26 01:00:00,1301703.5
2020-10-26 02:00:00,1294363.0
2020-10-26 03:00:00,1260548.0
2020-10-26 04:00:00,1293258.5
2020-10-26 05:00:00,1296907.5
2020-10-26 06:00:00,1314791.0
2020-10-26 07:00:00,1326098.5
2020-10-26 08:00:00,1330221.0
2020-10-26 09:00:00,1235233.0
2020-10-26 10:00:00,1320622.0
2020-10-26 11:00:00,1218996.0
2020-10-26 12:00:00,1156157.0
2020-10-26 13:00:00,1249904.5
2020-10-26 14:00:00,1343466.5
2020-10-26 15:00:00,1346810.0
2020-10-26 16:00:00,1382263.5
2020-10-26 17:00:00,1352645.5
2020-10-26 18:00:00,1379120.0
2020-10-26 19:00:00,1302192.5
2020-10-26 20:00:00,1322757.5
2020-10-26 21:00:00,1313196.5
2020-10-26 22:00:00,1320737.0
2020-10-26 23:00:00,1333200.5
2020-10-27 00:00:00,1323369.5
2020-10-27 01:00:00,1345273.5
2020-10-27 02:00:00,1324518.5
2020-10-27 03:00:00,1299632.0
2020-10-27 04:00:00,1321148.5
2020-10-27 05:00:00,1339177.0
2020-10-27 06:00:00,1393881.5
2020-10-27 07:00:00,1405589.0
2020-10-27 08:00:00,1426814.5
2020-10-27 09:00:00,1396865.0
2020-10-27 10:00:00,1396865.0
2020-10-27 11:00:00,1396865.0
2020-10-27 12:00:00,1396865.0
2020-10-27 13:00:00,1396865.0
2020-10-27 14:00:00,1350057.0
2020-10-27 15:00:00,1315353.5
2020-10-27 16:00:00,1378678.5
2020-10-27 17:00:00,1354204.5
2020-10-27 18:00:00,1342835.0
2020-10-27 19:00:00,1331816.5
2020-10-27 20:00:00,1334429.0
2020-10-27 21:00:00,1353125.5
2020-10-27 22:00:00,1350580.0
2020-10-27 23:00:00,1376811.5
2020-10-28 00:00:00,1326514.5
2020-10-28 01:00:00,1297598.5
2020-10-28 02:00:00,1296591.5
2020-10-28 03:00:00,1291446.5
2020-10-28 04:00:00,1300549.5
2020-10-28 05:00:00,1310275.0
2020-10-28 06:00:00,1329768.0
2020-10-28 07:00:00,1340909.0
2020-10-28 08:00:00,1382188.0
2020-10-28 09:00:00,1341524.0
2020-10-28 10:00:00,1341486.0
2020-10-28 11:00:00,1294327.5
2020-10-28 12:00:00,1215550.5
2020-10-28 13:00:00,1258082.0
2020-10-28 14:00:00,1295438.5
2020-10-28 15:00:00,1317055.0
2020-10-28 16:00:00,1321465.0
2020-10-28 17:00:00,1351229.5
2020-10-28 18:00:00,1358138.0
2020-10-28 19:00:00,1387392.5
2020-10-28 20:00:00,1398373.0
2020-10-28 21:00:00,1364544.5
2020-10-28 22:00:00,1397109.5
2020-10-28 23:00:00,1367522.5
2020-10-29 00:00:00,1280233.0
2020-10-29 01:00:00,1276318.0
2020-10-29 02:00:00,1258516.0
2020-10-29 03:00:00,1231947.0
2020-10-29 04:00:00,1229326.5
2020-10-29 05:00:00,1256003.0
2020-10-29 06:00:00,1281931.5
2020-10-29 07:00:00,1279479.5
2020-10-29 08:00:00,1278822.5
2020-10-29 09:00:00,1220549.0
2020-10-29 10:00:00,1286827.0
2020-10-29 11:00:00,1245083.5
2020-10-29 12:00:00,1175709.0
2020-10-29 13:00:00,1327375.0
2020-10-29 14:00:00,1283504.5
2020-10-29 15:00:00,1293287.0
2020-10-29 16:00:00,1341584.5
2020-10-29 17:00:00,1346077.0
2020-10-29 18:00:00,1354527.0
2020-10-29 19:00:00,1341750.0
2020-10-29 20:00:00,1348500.5
2020-10-29 21:00:00,1325252.0
2020-10-29 22:00:00,1325044.0
2020-10-29 23:00:00,1326197.0
2020-10-30 00:00:00,1291044.5
2020-10-30 01:00:00,1331407.0
2020-10-30 02:00:00,1337384.0
2020-10-30 03:00:00,1311522.5
2020-10-30 04:00:00,1313971.5
2020-10-30 05:00:00,1340983.5
2020-10-30 06:00:00,1343923.5
2020-10-30 07:00:00,1332040.0
2020-10-30 08:00:00,1327735.5
2020-10-30 09:00:00,1215834.5
2020-10-30 10:00:00,1184512.5
2020-10-30 11:00:00,1194436.0
2020-10-30 12:00:00,1164429.0
2020-10-30 13:00:00,1225776.5
2020-10-30 14:00:00,1267740.5
2020-10-30 15:00:00,1267305.5
2020-10-30 16:00:00,1329690.5
2020-10-30 17:00:00,1316437.0
2020-10-30 18:00:00,1316043.5
2020-10-30 19:00:00,1202820.0
2020-10-30 20:00:00,1161064.5
2020-10-30 21:00:00,1157267.0
2020-10-30 22:00:00,1163991.5
2020-10-30 23:00:00,1285035.5
2020-10-31 00:00:00,1179265.0
2020-10-31 01:00:00,1255397.0
2020-10-31 02:00:00,1271545.5
2020-10-31 03:00:00,1222913.5
2020-10-31 04:00:00,1258643.5
2020-10-31 05:00:00,1300226.0
2020-10-31 06:00:00,1306973.0
2020-10-31 07:00:00,1303900.0
2020-10-31 08:00:00,1243633.0
2020-10-31 09:00:00,1129681.0
2020-10-31 10:00:00,1170509.5
2020-10-31 11:00:00,1118725.5
2020-10-31 12:00:00,1126857.5
2020-10-31 13:00:00,1130469.0
2020-10-31 14:00:00,1127280.0
2020-10-31 15:00:00,1127838.5
2020-10-31 16:00:00,1240634.0
2020-10-31 17:00:00,1282959.5
2020-10-31 18:00:00,1277729.5
2020-10-31 19:00:00,1244748.5
2020-10-31 20:00:00,1222272.5
2020-10-31 21:00:00,1273870.5
2020-10-31 22:00:00,1291997.5
2020-10-31 23:00:00,1320938.5
2020-11-01 00:00:00,1152851.0
2020-11-01 01:00:00,1250321.0
2020-11-01 02:00:00,1232832.0
2020-11-01 03:00:00,1161916.5
2020-11-01 04:00:00,1238502.0
2020-11-01 05:00:00,1257043.5
2020-11-01 06:00:00,1223905.0
2020-11-01 07:00:00,1301667.5
2020-11-01 08:00:00,1269061.5
2020-11-01 09:00:00,1226436.5
2020-11-01 10:00:00,1272179.5
2020-11-01 11:00:00,1212979.0
2020-11-01 12:00:00,1184956.5
2020-11-01 13:00:00,1188637.5
2020-11-01 14:00:00,1255808.5
2020-11-01 15:00:00,1138515.5
2020-11-01 16:00:00,1149678.0
2020-11-01 17:00:00,1229200.0
2020-11-01 18:00:00,1217653.0
2020-11-01 19:00:00,1308458.0
2020-11-01 20:00:00,1322554.0
2020-11-01 21:00:00,1285149.0
2020-11-01 22:00:00,1180993.5
2020-11-01 23:00:00,1214802.0
2020-11-02 00:00:00,1177333.0
2020-11-02 01:00:00,1235581.5
2020-11-02 02:00:00,1174512.5
2020-11-02 03:00:00,1160905.5
2020-11-02 04:00:00,1195041.0
2020-11-02 05:00:00,1211295.0
2020-11-02 06:00:00,1191050.0
2020-11-02 07:00:00,1217428.5
2020-11-02 08:00:00,1266011.0
2020-11-02 09:00:00,1274598.5
2020-11-02 10:00:00,1174261.0
2020-11-02 11:00:00,1188454.0
2020-11-02 12:00:00,1143485.0
2020-11-02 13:00:00,1209228.5
2020-11-02 14:00:00,1251116.0
2020-11-02 15:00:00,1176237.0
2020-11-02 16:00:00,1244497.0
2020-11-02 17:00:00,1223869.0
2020-11-02 18:00:00,1192014.0
2020-11-02 19:00:00,1174993.5
2020-11-02 20:00:00,1218735.5
2020-11-02 21:00:00,1306559.5
2020-11-02 22:00:00,1279649.0
2020-11-02 23:00:00,1177030.5
2020-11-03 00:00:00,1252759.5
2020-11-03 01:00:00,1272914.0
2020-11-03 02:00:00,1304799.5
2020-11-03 03:00:00,1219138.5
2020-11-03 04:00:00,1200862.0
2020-11-03 05:00:00,1180153.5
2020-11-03 06:00:00,1281261.0
2020-11-03 07:00:00,1263588.5
2020-11-03 08:00:00,1321096.5
2020-11-03 09:00:00,1170990.0
2020-11-03 10:00:00,1170990.0
2020-11-03 11:00:00,1170990.0
2020-11-03 12:00:00,1170990.0
2020-11-03 13:00:00,1170990.0
2020-11-03 14:00:00,1176560.5
2020-11-03 15:00:00,1247015.0
2020-11-03 16:00:00,1276206.0
2020-11-03 17:00:00,1227700.0
2020-11-03 18:00:00,1252356.0
2020-11-03 19:00:00,1179509.0
2020-11-03 20:00:00,1217712.0
2020-11-03 21:00:00,1220247.5
2020-11-03 22:00:00,1224379.5
2020-11-03 23:00:00,1285101.5
2020-11-04 00:00:00,1139429.5
2020-11-04 01:00:00,1118431.5
2020-11-04 02:00:00,1112855.5
2020-11-04 03:00:00,1116892.0
2020-11-04 04:00:00,1116900.0
2020-11-04 05:00:00,1126469.5
2020-11-04 06:00:00,1252654.0
2020-11-04 07:00:00,1328916.0
2020-11-04 08:00:00,1305656.0
2020-11-04 09:00:00,1136694.0
2020-11-04 10:00:00,1181761.5
2020-11-04 11:00:00,1161099.0
2020-11-04 12:00:00,1124910.0
2020-11-04 13:00:00,1120230.0
2020-11-04 14:00:00,1122165.0
2020-11-04 15:00:00,1142933.5
2020-11-04 16:00:00,1282655.5
2020-11-04 17:00:00,1242906.0
2020-11-04 18:00:00,1276997.0
2020-11-04 19:00:00,1279797.5
2020-11-04 20:00:00,1286006.5
2020-11-04 21:00:00,1271957.5
2020-11-04 22:00:00,1271081.5
2020-11-04 23:00:00,1308740.0
2020-11-05 00:00:00,1200155.0
2020-11-05 01:00:00,1165907.0
2020-11-05 02:00:00,1167698.0
2020-11-05 03:00:00,1117678.0
2020-11-05 04:00:00,1120361.0
2020-11-05 05:00:00,1154134.5
2020-11-05 06:00:00,1272009.0
2020-11-05 07:00:00,1299626.5
2020-11-05 08:00:00,1355890.5
2020-11-05 09:00:00,1314688.5
2020-11-05 10:00:00,1303342.5
2020-11-05 11:00:00,1162653.5
2020-11-05 12:00:00,1123767.0
2020-11-05 13:00:00,1143080.5
2020-11-05 14:00:00,1236106.5
2020-11-05 15:00:00,1253859.0
2020-11-05 16:00:00,1259199.0
2020-11-05 17:00:00,1199448.0
2020-11-05 18:00:00,1215953.5
2020-11-05 19:00:00,1147544.5
2020-11-05 20:00:00,1159069.0
2020-11-05 21:00:00,1241143.5
2020-11-05 22:00:00,1173530.5
2020-11-05 23:00:00,1222861.5
2020-11-06 00:00:00,1213738.5
2020-11-06 01:00:00,1348384.5
2020-11-06 02:00:00,1347154.5
2020-11-06 03:00:00,1276403.5
2020-11-06 04:00:00,1278020.5
2020-11-06 05:00:00,1333566.5
2020-11-06 06:00:00,1252942.5
2020-11-06 07:00:00,1201283.5
2020-11-06 08:00:00,1345575.5
2020-11-06 09:00:00,1386937.5
2020-11-06 10:00:00,1352600.5
2020-11-06 11:00:00,1362496.0
2020-11-06 12:00:00,1158161.5
2020-11-06 13:00:00,1293829.0
2020-11-06 14:00:00,1315610.0
2020-11-06 15:00:00,1282401.5
2020-11-06 16:00:00,1305525.5
2020-11-06 17:00:00,1193971.0
2020-11-06 18:00:00,1200905.5
2020-11-06 19:00:00,1249765.0
2020-11-06 20:00:00,1335843.5
2020-11-06 21:00:00,1194750.5
2020-11-06 22:00:00,1271031.0
2020-11-06 23:00:00,1306312.0
2020-11-07 00:00:00,1161486.5
2020-11-07 01:00:00,1243562.0
2020-11-07 02:00:00,1203183.5
2020-11-07 03:00:00,1140476.0
2020-11-07 04:00:00,1151410.5
2020-11-07 05:00:00,1229039.0
2020-11-07 06:00:00,1265743.5
2020-11-07 07:00:00,1226652.5
2020-11-07 08:00:00,1301443.5
2020-11-07 09:00:00,1161831.5
2020-11-07 10:00:00,1157166.5
2020-11-07 11:00:00,1117796.0
2020-11-07 12:00:00,984925.5
2020-11-07 13:00:00,999661.0
2020-11-07 14:00:00,1015602.0
2020-11-07 15:00:00,1028008.0
2020-11-07 16:00:00,1052018.0
2020-11-07 17:00:00,1062100.0
2020-11-07 18:00:00,1046485.5
2020-11-07 19:00:00,1016042.5
2020-11-07 20:00:00,1054326.5
2020-11-07 21:00:00,1035263.5
2020-11-07 22:00:00,1059811.5
2020-11-07 23:00:00,1075688.5
2020-11-08 00:00:00,1038806.0
2020-11-08 01:00:00,1075091.0
2020-11-08 02:00:00,1072910.5
2020-11-08 03:00:00,1034669.0
2020-11-08 04:00:00,1058902.5
2020-11-08 05:00:00,1066053.5
2020-11-08 06:00:00,1061981.0
2020-11-08 07:00:00,1056838.0
2020-11-08 08:00:00,999889.0
2020-11-08 09:00:00,961609.5
2020-11-08 10:00:00,931355.5
2020-11-08 11:00:00,898895.0
2020-11-08 12:00:00,892516.5
2020-11-08 13:00:00,891116.0
2020-11-08 14:00:00,889140.0
2020-11-08 15:00:00,888095.5
2020-11-08 16:00:00,1052374.0
2020-11-08 17:00:00,1126947.0
2020-11-08 18:00:00,1122455.0
2020-11-08 19:00:00,1112555.0
2020-11-08 20:00:00,1121827.5
2020-11-08 21:00:00,1122455.5
2020-11-08 22:00:00,1142621.0
2020-11-08 23:00:00,1164599.5
2020-11-09 00:00:00,1120544.5
2020-11-09 01:00:00,1118949.0
2020-11-09 02:00:00,1149167.0
2020-11-09 03:00:00,1121514.5
2020-11-09 04:00:00,1119328.0
2020-11-09 05:00:00,1124271.5
2020-11-09 06:00:00,1155020.0
2020-11-09 07:00:00,1270101.0
2020-11-09 08:00:00,1307704.0
2020-11-09 09:00:00,1146846.5
2020-11-09 10:00:00,1125095.5
2020-11-09 11:00:00,1115731.5
2020-11-09 12:00:00,1112425.0
2020-11-09 13:00:00,1131097.5
2020-11-09 14:00:00,1178546.5
2020-11-09 15:00:00,1274231.0
2020-11-09 16:00:00,1322937.5
2020-11-09 17:00:00,1301465.5
2020-11-09 18:00:00,1280885.5
2020-11-09 19:00:00,1314766.0
2020-11-09 20:00:00,1325079.5
2020-11-09 21:00:00,1309934.5
2020-11-09 22:00:00,1263364.0
2020-11-09 23:00:00,1338641.0
2020-11-10 00:00:00,1177073.5
2020-11-10 01:00:00,1142022.0
2020-11-10 02:00:00,1166849.0
2020-11-10 03:00:00,1202183.5
2020-11-10 04:00:00,1215789.0
2020-11-10 05:00:00,1238452.0
2020-11-10 06:00:00,1184904.0
2020-11-10 07:00:00,1257898.0
2020-11-10 08:00:00,1303164.5
2020-11-10 09:00:00,1175139.0
2020-11-10 10:00:00,1140598.0
2020-11-10 11:00:00,1140598.0
2020-11-10 12:00:00,1140598.0
2020-11-10 13:00:00,1140598.0
2020-11-10 14:00:00,1136158.0
2020-11-10 15:00:00,1193506.5
2020-11-10 16:00:00,1307123.5
2020-11-10 17:00:00,1222852.5
2020-11-10 18:00:00,1271615.0
2020-11-10 19:00:00,1154248.0
2020-11-10 20:00:00,1127923.0
2020-11-10 21:00:00,1158026.5
2020-11-10 22:00:00,1124787.5
2020-11-10 23:00:00,1292397.5
2020-11-11 00:00:00,1169249.0
2020-11-11 01:00:00,1184012.5
2020-11-11 02:00:00,1158419.5
2020-11-11 03:00:00,1134318.5
2020-11-11 04:00:00,1178849.0
2020-11-11 05:00:00,1155497.0
2020-11-11 06:00:00,1165026.0
2020-11-11 07:00:00,1333783.0
2020-11-11 08:00:00,1354507.5
2020-11-11 09:00:00,1192214.0
2020-11-11 10:00:00,1179374.0
2020-11-11 11:00:00,1144013.5
2020-11-11 12:00:00,1115068.5
2020-11-11 13:00:00,1126351.5
2020-11-11 14:00:00,1148931.5
2020-11-11 15:00:00,1213408.0
2020-11-11 16:00:00,1313889.0
2020-11-11 17:00:00,1181815.5
2020-11-11 18:00:00,1157089.5
2020-11-11 19:00:00,1192573.5
2020-11-11 20:00:00,1288266.0
2020-11-11 21:00:00,1233984.5
2020-11-11 22:00:00,1171730.5
2020-11-11 23:00:00,1269617.5
2020-11-12 00:00:00,1172415.0
2020-11-12 01:00:00,1141336.0
2020-11-12 02:00:00,1141300.5
2020-11-12 03:00:00,1127215.0
2020-11-12 04:00:00,1151696.0
2020-11-12 05:00:00,1144279.0
2020-11-12 06:00:00,1235498.0
2020-11-12 07:00:00,1359382.5
2020-11-12 08:00:00,1367597.0
2020-11-12 09:00:00,1272684.0
2020-11-12 10:00:00,1289162.0
2020-11-12 11:00:00,1182417.5
2020-11-12 12:00:00,1137259.5
2020-11-12 13:00:00,1203289.5
2020-11-12 14:00:00,1129541.5
2020-11-12 15:00:00,1148917.5
2020-11-12 16:00:00,1184179.5
2020-11-12 17:00:00,1202814.0
2020-11-12 18:00:00,1256896.0
2020-11-12 19:00:00,1154521.5
2020-11-12 20:00:00,1274944.5
2020-11-12 21:00:00,1288568.0
2020-11-12 22:00:00,1232857.0
2020-11-12 23:00:00,1269940.0
2020-11-13 00:00:00,1129995.5
2020-11-13 01:00:00,1118751.0
2020-11-13 02:00:00,1115283.0
2020-11-13 03:00:00,1116794.5
2020-11-13 04:00:00,1129551.0
2020-11-13 05:00:00,1145053.0
2020-11-13 06:00:00,1190613.0
2020-11-13 07:00:00,1208816.0
2020-11-13 08:00:00,1299501.5
2020-11-13 09:00:00,1304723.0
2020-11-13 10:00:00,1341227.5
2020-11-13 11:00:00,1285500.0
2020-11-13 12:00:00,1167234.5
2020-11-13 13:00:00,1223249.0
2020-11-13 14:00:00,1159769.0
2020-11-13 15:00:00,1194979.5
2020-11-13 16:00:00,1204956.5
2020-11-13 17:00:00,1189505.5
2020-11-13 18:00:00,1192109.5
2020-11-13 19:00:00,1148293.5
2020-11-13 20:00:00,1203451.5
2020-11-13 21:00:00,1246777.0
2020-11-13 22:00:00,1204361.0
2020-11-13 23:00:00,1297583.0
2020-11-14 00:00:00,1158521.0
2020-11-14 01:00:00,1166864.5
2020-11-14 02:00:00,1145115.5
2020-11-14 03:00:00,1114596.5
2020-11-14 04:00:00,1122705.0
2020-11-14 05:00:00,1142300.0
2020-11-14 06:00:00,1075404.0
2020-11-14 07:00:00,1055901.5
2020-11-14 08:00:00,1054687.0
2020-11-14 09:00:00,938252.0
2020-11-14 10:00:00,936422.0
2020-11-14 11:00:00,956066.5
2020-11-14 12:00:00,910562.5
2020-11-14 13:00:00,935870.0
2020-11-14 14:00:00,950232.0
2020-11-14 15:00:00,956966.5
2020-11-14 16:00:00,950469.0
2020-11-14 17:00:00,961315.5
2020-11-14 18:00:00,1001021.0
2020-11-14 19:00:00,984639.0
2020-11-14 20:00:00,1014700.5
2020-11-14 21:00:00,992935.0
2020-11-14 22:00:00,1063211.0
2020-11-14 23:00:00,1082388.0
2020-11-15 00:00:00,1062735.0
2020-11-15 01:00:00,1042305.0
2020-11-15 02:00:00,1005465.0
2020-11-15 03:00:00,937134.5
2020-11-15 04:00:00,955559.0
2020-11-15 05:00:00,988767.5
2020-11-15 06:00:00,1051916.5
2020-11-15 07:00:00,1075255.0
2020-11-15 08:00:00,1056356.0
2020-11-15 09:00:00,978909.0
2020-11-15 10:00:00,1043172.5
2020-11-15 11:00:00,1132861.5
2020-11-15 12:00:00,1124215.0
2020-11-15 13:00:00,1135433.5
2020-11-15 14:00:00,1144320.5
2020-11-15 15:00:00,1155428.0
2020-11-15 16:00:00,1154980.5
2020-11-15 17:00:00,1227159.0
2020-11-15 18:00:00,1170074.5
2020-11-15 19:00:00,1140636.5
2020-11-15 20:00:00,1133541.0
2020-11-15 21:00:00,1111985.5
2020-11-15 22:00:00,1078614.0
2020-11-15 23:00:00,1039061.5
2020-11-16 00:00:00,994161.5
2020-11-16 01:00:00,1057550.0
2020-11-16 02:00:00,1038623.0
2020-11-16 03:00:00,1010539.0
2020-11-16 04:00:00,995963.5
2020-11-16 05:00:00,1057553.5
2020-11-16 06:00:00,1089341.5
2020-11-16 07:00:00,1126161.5
2020-11-16 08:00:00,1043361.0
2020-11-16 09:00:00,0.0
2020-11-16 10:00:00,0.0
2020-11-16 11:00:00,133561.0
2020-11-16 12:00:00,394462.0
2020-11-16 13:00:00,662232.5
2020-11-16 14:00:00,773002.5
2020-11-16 15:00:00,1059419.5
2020-11-16 16:00:00,1147538.0
2020-11-16 17:00:00,1122156.0
2020-11-16 18:00:00,1134416.0
2020-11-16 19:00:00,1158274.5
2020-11-16 20:00:00,1149156.5
2020-11-16 21:00:00,1204231.0
2020-11-16 22:00:00,1182579.5
2020-11-16 23:00:00,1314977.5
2020-11-17 00:00:00,1206141.0
2020-11-17 01:00:00,1295910.0
2020-11-17 02:00:00,1273860.5
2020-11-17 03:00:00,1220992.0
2020-11-17 04:00:00,1235244.0
2020-11-17 05:00:00,1199770.5
2020-11-17 06:00:00,1156226.0
2020-11-17 07:00:00,1222053.5
2020-11-17 08:00:00,1268950.5
2020-11-17 09:00:00,1172149.5
2020-11-17 10:00:00,1163288.0
2020-11-17 11:00:00,1163288.0
2020-11-17 12:00:00,1163288.0
2020-11-17 13:00:00,1163288.0
2020-11-17 14:00:00,1163288.0
2020-11-17 15:00:00,1290811.5
2020-11-17 16:00:00,1292443.0
2020-11-17 17:00:00,1269816.5
2020-11-17 18:00:00,1257940.5
2020-11-17 19:00:00,1321177.0
2020-11-17 20:00:00,1349427.5
2020-11-17 21:00:00,1268518.0
2020-11-17 22:00:00,1188430.5
2020-11-17 23:00:00,1244561.5
2020-11-18 00:00:00,1168592.0
2020-11-18 01:00:00,1218242.5
2020-11-18 02:00:00,1195185.0
2020-11-18 03:00:00,1196144.0
2020-11-18 04:00:00,1168656.5
2020-11-18 05:00:00,1162182.5
2020-11-18 06:00:00,1161695.0
2020-11-18 07:00:00,1167750.0
2020-11-18 08:00:00,1221240.0
2020-11-18 09:00:00,1209222.5
2020-11-18 10:00:00,1174248.5
2020-11-18 11:00:00,1193666.0
2020-11-18 12:00:00,1211502.5
2020-11-18 13:00:00,1230928.5
2020-11-18 14:00:00,1265333.5
2020-11-18 15:00:00,1293253.0
2020-11-18 16:00:00,1475968.0
2020-11-18 17:00:00,1504646.5
2020-11-18 18:00:00,1501339.0
2020-11-18 19:00:00,1509651.0
2020-11-18 20:00:00,1530261.5
2020-11-18 21:00:00,1505729.5
2020-11-18 22:00:00,1507466.5
2020-11-18 23:00:00,1502034.0
2020-11-19 00:00:00,1502722.5
2020-11-19 01:00:00,1505419.5
2020-11-19 02:00:00,1504840.0
2020-11-19 03:00:00,1504822.5
2020-11-19 04:00:00,1502818.5
2020-11-19 05:00:00,1491732.0
2020-11-19 06:00:00,1496195.0
2020-11-19 07:00:00,1494250.5
2020-11-19 08:00:00,1492960.0
2020-11-19 09:00:00,1487639.5
2020-11-19 10:00:00,1479811.0
2020-11-19 11:00:00,1463413.0
2020-11-19 12:00:00,1447919.5
2020-11-19 13:00:00,1456779.5
2020-11-19 14:00:00,1464093.5
2020-11-19 15:00:00,1449805.5
2020-11-19 16:00:00,1448908.0
2020-11-19 17:00:00,1439845.5
2020-11-19 18:00:00,1434128.5
2020-11-19 19:00:00,1443426.5
2020-11-19 20:00:00,1448661.0
2020-11-19 21:00:00,1443810.0
2020-11-19 22:00:00,1437447.5
2020-11-19 23:00:00,1437478.5
2020-11-20 00:00:00,1436853.5
2020-11-20 01:00:00,1432521.0
2020-11-20 02:00:00,1432871.0
2020-11-20 03:00:00,1443776.0
2020-11-20 04:00:00,1437924.0
2020-11-20 05:00:00,1433414.0
2020-11-20 06:00:00,1419164.0
2020-11-20 07:00:00,1416171.5
2020-11-20 08:00:00,1416710.0
2020-11-20 09:00:00,1426016.0
2020-11-20 10:00:00,1426947.5
2020-11-20 11:00:00,1428104.0
2020-11-20 12:00:00,1424763.0
2020-11-20 13:00:00,1423893.0
2020-11-20 14:00:00,1428045.5
2020-11-20 15:00:00,1413522.5
2020-11-20 16:00:00,1406800.0
2020-11-20 17:00:00,1414848.5
2020-11-20 18:00:00,1401798.0
2020-11-20 19:00:00,1405058.5
2020-11-20 20:00:00,1411287.0
2020-11-20 21:00:00,1403289.5
2020-11-20 22:00:00,1404795.0
2020-11-20 23:00:00,1406813.0
2020-11-21 00:00:00,1408372.5
2020-11-21 01:00:00,1396180.0
2020-11-21 02:00:00,1399187.5
2020-11-21 03:00:00,1397825.0
2020-11-21 04:00:00,1402628.5
2020-11-21 05:00:00,1406175.5
2020-11-21 06:00:00,1411692.0
2020-11-21 07:00:00,1409304.0
2020-11-21 08:00:00,1407989.0
2020-11-21 09:00:00,1414440.0
2020-11-21 10:00:00,1406325.0
2020-11-21 11:00:00,1393173.5
2020-11-21 12:00:00,1402083.5
2020-11-21 13:00:00,1411477.5
2020-11-21 14:00:00,1408116.0
2020-11-21 15:00:00,1405364.5
2020-11-21 16:00:00,1407402.5
2020-11-21 17:00:00,1406766.5
2020-11-21 18:00:00,1405039.0
2020-11-21 19:00:00,1418454.0
2020-11-21 20:00:00,1413830.5
2020-11-21 21:00:00,1434523.0
2020-11-21 22:00:00,1364919.5
2020-11-21 23:00:00,1354652.5
2020-11-22 00:00:00,1381810.5
2020-11-22 01:00:00,1431203.5
2020-11-22 02:00:00,1420611.0
2020-11-22 03:00:00,1413662.5
2020-11-22 04:00:00,1418952.0
2020-11-22 05:00:00,1428225.5
2020-11-22 06:00:00,1441456.5
2020-11-22 07:00:00,1439120.0
2020-11-22 08:00:00,1431271.0
2020-11-22 09:00:00,1436118.5
2020-11-22 10:00:00,1437530.0
2020-11-22 11:00:00,1434347.5
2020-11-22 12:00:00,1431665.0
2020-11-22 13:00:00,1432828.5
2020-11-22 14:00:00,1425142.5
2020-11-22 15:00:00,1416212.0
2020-11-22 16:00:00,1424997.5
2020-11-22 17:00:00,1424838.0
2020-11-22 18:00:00,1411115.0
2020-11-22 19:00:00,1419798.5
2020-11-22 20:00:00,1421237.5
2020-11-22 21:00:00,1419421.0
2020-11-22 22:00:00,1414562.5
2020-11-22 23:00:00,1405341.5
2020-11-23 00:00:00,1409177.0
2020-11-23 01:00:00,1405551.5
2020-11-23 02:00:00,1410253.0
2020-11-23 03:00:00,1420913.5
2020-11-23 04:00:00,1413978.0
2020-11-23 05:00:00,1399624.0
2020-11-23 06:00:00,1398556.0
2020-11-23 07:00:00,1399427.5
2020-11-23 08:00:00,1405225.5
2020-11-23 09:00:00,1412326.5
2020-11-23 10:00:00,1414622.5
2020-11-23 11:00:00,1400715.5
2020-11-23 12:00:00,1394572.0
2020-11-23 13:00:00,1399338.0
2020-11-23 14:00:00,1405642.5
2020-11-23 15:00:00,1395685.5
2020-11-23 16:00:00,1403857.0
2020-11-23 17:00:00,1400179.5
2020-11-23 18:00:00,1390925.5
2020-11-23 19:00:00,1395727.5
2020-11-23 20:00:00,1393838.5
2020-11-23 21:00:00,1392603.5
2020-11-23 22:00:00,1396694.0
2020-11-23 23:00:00,1391270.0
2020-11-24 00:00:00,1392688.0
2020-11-24 01:00:00,1393461.5
2020-11-24 02:00:00,1382546.0
2020-11-24 03:00:00,1391854.5
2020-11-24 04:00:00,1385519.5
2020-11-24 05:00:00,1395142.0
2020-11-24 06:00:00,1395360.5
2020-11-24 07:00:00,1383063.0
2020-11-24 08:00:00,1397300.5
2020-11-24 09:00:00,1403261.5
2020-11-24 10:00:00,1403305.0
2020-11-24 11:00:00,1403305.0
2020-11-24 12:00:00,1403305.0
2020-11-24 13:00:00,1403305.0
2020-11-24 14:00:00,1403305.0
2020-11-24 15:00:00,1376589.0
2020-11-24 16:00:00,1353107.5
2020-11-24 17:00:00,1411934.5
2020-11-24 18:00:00,1425279.5
2020-11-24 19:00:00,1415337.0
2020-11-24 20:00:00,1416588.5
2020-11-24 21:00:00,1415174.0
2020-11-24 22:00:00,1413307.5
2020-11-24 23:00:00,1407639.5
2020-11-25 00:00:00,1417131.5
2020-11-25 01:00:00,1426488.5
2020-11-25 02:00:00,1412942.0
2020-11-25 03:00:00,1417706.5
2020-11-25 04:00:00,1412107.0
2020-11-25 05:00:00,1412977.0
2020-11-25 06:00:00,1421631.5
2020-11-25 07:00:00,1425187.5
2020-11-25 08:00:00,1429271.0
2020-11-25 09:00:00,1432500.0
2020-11-25 10:00:00,1445537.0
2020-11-25 11:00:00,1433690.5
2020-11-25 12:00:00,1421284.5
2020-11-25 13:00:00,1418591.5
2020-11-25 14:00:00,1427008.0
2020-11-25 15:00:00,1443606.5
2020-11-25 16:00:00,1443032.0
2020-11-25 17:00:00,1426669.5
2020-11-25 18:00:00,1414396.5
2020-11-25 19:00:00,1414366.0
2020-11-25 20:00:00,1428689.5
2020-11-25 21:00:00,1434915.5
2020-11-25 22:00:00,1431015.5
2020-11-25 23:00:00,1425305.0
2020-11-26 00:00:00,1416246.5
2020-11-26 01:00:00,1416876.0
2020-11-26 02:00:00,1419081.0
2020-11-26 03:00:00,1423128.5
2020-11-26 04:00:00,1427372.0
2020-11-26 05:00:00,1426627.5
2020-11-26 06:00:00,1433372.0
2020-11-26 07:00:00,1426778.5
2020-11-26 08:00:00,1432638.5
2020-11-26 09:00:00,1438241.5
2020-11-26 10:00:00,1427541.5
2020-11-26 11:00:00,1436031.0
2020-11-26 12:00:00,1442116.0
2020-11-26 13:00:00,1432920.5
2020-11-26 14:00:00,1440660.5
2020-11-26 15:00:00,1424883.0
2020-11-26 16:00:00,1427017.5
2020-11-26 17:00:00,1433835.0
2020-11-26 18:00:00,1424165.5
2020-11-26 19:00:00,1431048.5
2020-11-26 20:00:00,1429085.5
2020-11-26 21:00:00,1430668.0
2020-11-26 22:00:00,1430850.5
2020-11-26 23:00:00,1427522.0
2020-11-27 00:00:00,1411466.5
2020-11-27 01:00:00,1417765.0
2020-11-27 02:00:00,1420953.0
2020-11-27 03:00:00,1430220.5
2020-11-27 04:00:00,1431938.5
2020-11-27 05:00:00,1427500.5
2020-11-27 06:00:00,1420274.0
2020-11-27 07:00:00,1422390.5
2020-11-27 08:00:00,1432491.0
2020-11-27 09:00:00,1444437.0
2020-11-27 10:00:00,1432169.5
2020-11-27 11:00:00,1414408.5
2020-11-27 12:00:00,1425204.5
2020-11-27 13:00:00,1435722.0
2020-11-27 14:00:00,1423471.5
2020-11-27 15:00:00,1429132.5
2020-11-27 16:00:00,1429391.0
2020-11-27 17:00:00,1428844.0
2020-11-27 18:00:00,1415625.0
2020-11-27 19:00:00,1432897.5
2020-11-27 20:00:00,1438195.5
2020-11-27 21:00:00,1443002.0
2020-11-27 22:00:00,1435762.0
2020-11-27 23:00:00,1424889.5
2020-11-28 00:00:00,1408137.5
2020-11-28 01:00:00,1408007.0
2020-11-28 02:00:00,1405704.5
2020-11-28 03:00:00,1412014.0
2020-11-28 04:00:00,1411868.0
2020-11-28 05:00:00,1410892.0
2020-11-28 06:00:00,1416204.5
2020-11-28 07:00:00,1432868.5
2020-11-28 08:00:00,1427380.0
2020-11-28 09:00:00,1413131.5
2020-11-28 10:00:00,1408506.0
2020-11-28 11:00:00,1418602.5
2020-11-28 12:00:00,1410659.0
2020-11-28 13:00:00,1418058.0
2020-11-28 14:00:00,1416706.0
2020-11-28 15:00:00,1421204.5
2020-11-28 16:00:00,1417528.0
2020-11-28 17:00:00,1423460.0
2020-11-28 18:00:00,1412522.5
2020-11-28 19:00:00,1420457.0
2020-11-28 20:00:00,1415233.5
2020-11-28 21:00:00,1411040.0
2020-11-28 22:00:00,1417676.5
2020-11-28 23:00:00,1419061.5
2020-11-29 00:00:00,1415147.5
2020-11-29 01:00:00,1403267.5
2020-11-29 02:00:00,1409096.0
2020-11-29 03:00:00,1418615.0
2020-11-29 04:00:00,1431151.0
2020-11-29 05:00:00,1442737.5
2020-11-29 06:00:00,1444792.5
2020-11-29 07:00:00,1444552.5
2020-11-29 08:00:00,1426661.5
2020-11-29 09:00:00,1429901.5
2020-11-29 10:00:00,1427077.5
2020-11-29 11:00:00,1413161.0
2020-11-29 12:00:00,1409580.0
2020-11-29 13:00:00,1427187.5
2020-11-29 14:00:00,1429280.5
2020-11-29 15:00:00,1418637.0
2020-11-29 16:00:00,1428485.0
2020-11-29 17:00:00,1420448.0
2020-11-29 18:00:00,1427050.5
2020-11-29 19:00:00,1427838.0
2020-11-29 20:00:00,1429932.5
2020-11-29 21:00:00,1430426.5
2020-11-29 22:00:00,1418648.0
2020-11-29 23:00:00,1418862.5
2020-11-30 00:00:00,1408563.0
2020-11-30 01:00:00,1406105.5
2020-11-30 02:00:00,1407723.5
2020-11-30 03:00:00,1412962.5
2020-11-30 04:00:00,1415487.0
2020-11-30 05:00:00,1415947.0
2020-11-30 06:00:00,1419082.5
2020-11-30 07:00:00,1430964.0
2020-11-30 08:00:00,1423940.0
2020-11-30 09:00:00,1427345.5
2020-11-30 10:00:00,1422121.5
2020-11-30 11:00:00,1431033.5
2020-11-30 12:00:00,1435433.0
2020-11-30 13:00:00,1429031.5
2020-11-30 14:00:00,1429216.0
2020-11-30 15:00:00,1419453.5
2020-11-30 16:00:00,1419319.0
2020-11-30 17:00:00,1418011.0
2020-11-30 18:00:00,1397403.5
2020-11-30 19:00:00,1415073.5
2020-11-30 20:00:00,1408341.5
2020-11-30 21:00:00,1398985.0
2020-11-30 22:00:00,1408538.5
2020-11-30 23:00:00,1260803.5
2020-12-01 00:00:00,1103615.0
2020-12-01 01:00:00,1114343.5
2020-12-01 02:00:00,1107743.5
2020-12-01 03:00:00,1105241.5
2020-12-01 04:00:00,1097557.0
2020-12-01 05:00:00,1102001.5
2020-12-01 06:00:00,1099762.0
2020-12-01 07:00:00,1101752.5
2020-12-01 08:00:00,1110134.0
2020-12-01 09:00:00,1126409.0
2020-12-01 10:00:00,1128051.0
2020-12-01 11:00:00,1128051.0
2020-12-01 12:00:00,1128051.0
2020-12-01 13:00:00,1128051.0
2020-12-01 14:00:00,1127951.5
2020-12-01 15:00:00,1128967.5
2020-12-01 16:00:00,1126286.5
2020-12-01 17:00:00,1115544.5
2020-12-01 18:00:00,1118106.0
2020-12-01 19:00:00,1117764.0
2020-12-01 20:00:00,1121243.5
2020-12-01 21:00:00,1124832.5
2020-12-01 22:00:00,1132064.5
2020-12-01 23:00:00,1138978.0
2020-12-02 00:00:00,1131267.5
2020-12-02 01:00:00,1126510.5
2020-12-02 02:00:00,1119759.0
2020-12-02 03:00:00,1119746.5
2020-12-02 04:00:00,1125958.0
2020-12-02 05:00:00,1123981.0
2020-12-02 06:00:00,1127563.5
2020-12-02 07:00:00,1127369.0
2020-12-02 08:00:00,1125635.5
2020-12-02 09:00:00,1134422.0
2020-12-02 10:00:00,1138402.5
2020-12-02 11:00:00,1140517.5
2020-12-02 12:00:00,1136169.0
2020-12-02 13:00:00,1130016.0
2020-12-02 14:00:00,1129371.0
2020-12-02 15:00:00,1129828.0
2020-12-02 16:00:00,1133910.0
2020-12-02 17:00:00,1132667.0
2020-12-02 18:00:00,1125622.5
2020-12-02 19:00:00,1124689.5
2020-12-02 20:00:00,1132762.0
2020-12-02 21:00:00,1135301.0
2020-12-02 22:00:00,1144681.5
2020-12-02 23:00:00,1141506.5
2020-12-03 00:00:00,1139640.0
2020-12-03 01:00:00,1138526.0
2020-12-03 02:00:00,1130698.0
2020-12-03 03:00:00,1118356.5
2020-12-03 04:00:00,1109602.5
2020-12-03 05:00:00,1109194.5
2020-12-03 06:00:00,1108590.5
2020-12-03 07:00:00,1109713.5
2020-12-03 08:00:00,1117321.0
2020-12-03 09:00:00,1119767.0
2020-12-03 10:00:00,1125715.0
2020-12-03 11:00:00,1110377.0
2020-12-03 12:00:00,1104786.0
2020-12-03 13:00:00,1119310.5
2020-12-03 14:00:00,1113798.5
2020-12-03 15:00:00,1113224.0
2020-12-03 16:00:00,1110955.5
2020-12-03 17:00:00,1104735.0
2020-12-03 18:00:00,1106149.5
2020-12-03 19:00:00,1110874.5
2020-12-03 20:00:00,1118077.5
2020-12-03 21:00:00,1123561.5
2020-12-03 22:00:00,1125518.0
2020-12-03 23:00:00,1127739.5
2020-12-04 00:00:00,1125183.5
2020-12-04 01:00:00,1123826.5
2020-12-04 02:00:00,1111741.0
2020-12-04 03:00:00,1118777.0
2020-12-04 04:00:00,1119550.0
2020-12-04 05:00:00,1120651.5
2020-12-04 06:00:00,1127536.5
2020-12-04 07:00:00,1130114.0
2020-12-04 08:00:00,1136341.5
2020-12-04 09:00:00,1160701.0
2020-12-04 10:00:00,1151747.0
2020-12-04 11:00:00,1149205.5
2020-12-04 12:00:00,1139079.5
2020-12-04 13:00:00,1136438.5
2020-12-04 14:00:00,1135403.5
2020-12-04 15:00:00,1136076.0
2020-12-04 16:00:00,1124478.5
2020-12-04 17:00:00,1130473.0
2020-12-04 18:00:00,1131231.0
2020-12-04 19:00:00,1127955.5
2020-12-04 20:00:00,1146799.5
2020-12-04 21:00:00,1145908.0
2020-12-04 22:00:00,1146528.5
2020-12-04 23:00:00,1128853.0
2020-12-05 00:00:00,1132587.5
2020-12-05 01:00:00,1138827.0
2020-12-05 02:00:00,1133222.5
2020-12-05 03:00:00,1142295.5
2020-12-05 04:00:00,1148315.5
2020-12-05 05:00:00,1142473.5
2020-12-05 06:00:00,1139869.5
2020-12-05 07:00:00,1136495.5
2020-12-05 08:00:00,1149848.5
2020-12-05 09:00:00,1152191.0
2020-12-05 10:00:00,1152326.5
2020-12-05 11:00:00,1141442.0
2020-12-05 12:00:00,1136753.5
2020-12-05 13:00:00,1142244.5
2020-12-05 14:00:00,1141515.0
2020-12-05 15:00:00,1149926.5
2020-12-05 16:00:00,1156375.5
2020-12-05 17:00:00,1148228.5
2020-12-05 18:00:00,1136769.5
2020-12-05 19:00:00,1136784.5
2020-12-05 20:00:00,1141272.0
2020-12-05 21:00:00,1154601.5
2020-12-05 22:00:00,1151468.5
2020-12-05 23:00:00,1148400.0
2020-12-06 00:00:00,1140083.0
2020-12-06 01:00:00,1138344.5
2020-12-06 02:00:00,1140405.0
2020-12-06 03:00:00,1137656.5
2020-12-06 04:00:00,1133022.5
2020-12-06 05:00:00,1144967.5
2020-12-06 06:00:00,1155603.0
2020-12-06 07:00:00,1163612.0
2020-12-06 08:00:00,1159423.0
2020-12-06 09:00:00,1159774.0
2020-12-06 10:00:00,1159253.0
2020-12-06 11:00:00,1160007.5
2020-12-06 12:00:00,1153311.5
2020-12-06 13:00:00,1154454.0
2020-12-06 14:00:00,1161419.0
2020-12-06 15:00:00,1153726.5
2020-12-06 16:00:00,1150084.5
2020-12-06 17:00:00,1144557.0
2020-12-06 18:00:00,1137198.0
2020-12-06 19:00:00,1140806.0
2020-12-06 20:00:00,1141019.5
2020-12-06 21:00:00,1149264.0
2020-12-06 22:00:00,1151448.0
2020-12-06 23:00:00,1142342.5
2020-12-07 00:00:00,1139853.5
2020-12-07 01:00:00,1140332.0
2020-12-07 02:00:00,1147833.5
2020-12-07 03:00:00,1149389.5
2020-12-07 04:00:00,1152417.0
2020-12-07 05:00:00,1144281.0
2020-12-07 06:00:00,1136685.0
2020-12-07 07:00:00,1140147.0
2020-12-07 08:00:00,1146851.0
2020-12-07 09:00:00,1152323.0
2020-12-07 10:00:00,1153829.5
2020-12-07 11:00:00,1152991.0
2020-12-07 12:00:00,1159501.0
2020-12-07 13:00:00,1156823.5
2020-12-07 14:00:00,1150475.5
2020-12-07 15:00:00,1136263.5
2020-12-07 16:00:00,1145450.5
2020-12-07 17:00:00,1143480.0
2020-12-07 18:00:00,1123198.5
2020-12-07 19:00:00,1120836.5
2020-12-07 20:00:00,1121428.0
2020-12-07 21:00:00,1119442.0
2020-12-07 22:00:00,1120419.5
2020-12-07 23:00:00,1121153.0
2020-12-08 00:00:00,1111575.5
2020-12-08 01:00:00,1109873.0
2020-12-08 02:00:00,1106437.0
2020-12-08 03:00:00,1104049.5
2020-12-08 04:00:00,1110954.5
2020-12-08 05:00:00,1119662.5
2020-12-08 06:00:00,1129078.0
2020-12-08 07:00:00,1137389.0
2020-12-08 08:00:00,1137756.5
2020-12-08 09:00:00,1137080.0
2020-12-08 10:00:00,1137080.0
2020-12-08 11:00:00,1137080.0
2020-12-08 12:00:00,1137080.0
2020-12-08 13:00:00,1137080.0
2020-12-08 14:00:00,1137687.5
2020-12-08 15:00:00,1138836.5
2020-12-08 16:00:00,1143576.5
2020-12-08 17:00:00,1148387.5
2020-12-08 18:00:00,1141035.5
2020-12-08 19:00:00,1135021.0
2020-12-08 20:00:00,1139429.5
2020-12-08 21:00:00,1138219.0
2020-12-08 22:00:00,1128810.0
2020-12-08 23:00:00,1123940.0
2020-12-09 00:00:00,1127931.0
2020-12-09 01:00:00,1121225.0
2020-12-09 02:00:00,1133832.5
2020-12-09 03:00:00,1139390.0
2020-12-09 04:00:00,1144135.5
2020-12-09 05:00:00,1129782.0
2020-12-09 06:00:00,1129107.0
2020-12-09 07:00:00,1129293.5
2020-12-09 08:00:00,1127344.5
2020-12-09 09:00:00,1139639.5
2020-12-09 10:00:00,1165467.0
2020-12-09 11:00:00,1138686.5
2020-12-09 12:00:00,1138709.0
2020-12-09 13:00:00,1145766.0
2020-12-09 14:00:00,1156180.0
2020-12-09 15:00:00,1152482.5
2020-12-09 16:00:00,1142922.5
2020-12-09 17:00:00,1149440.0
2020-12-09 18:00:00,1148366.5
2020-12-09 19:00:00,1145509.5
2020-12-09 20:00:00,1144848.0
2020-12-09 21:00:00,1148377.0
2020-12-09 22:00:00,1140082.5
2020-12-09 23:00:00,1148996.0
2020-12-10 00:00:00,1144990.0
2020-12-10 01:00:00,1146273.5
2020-12-10 02:00:00,1139509.5
2020-12-10 03:00:00,1143767.5
2020-12-10 04:00:00,1144116.5
2020-12-10 05:00:00,1146904.5
2020-12-10 06:00:00,1154745.0
2020-12-10 07:00:00,1156493.5
2020-12-10 08:00:00,1156580.5
2020-12-10 09:00:00,1164629.0
2020-12-10 10:00:00,1150094.5
2020-12-10 11:00:00,1155186.5
2020-12-10 12:00:00,1173334.0
2020-12-10 13:00:00,1156302.0
2020-12-10 14:00:00,1153032.5
2020-12-10 15:00:00,1156335.5
2020-12-10 16:00:00,1154917.0
2020-12-10 17:00:00,1142280.0
2020-12-10 18:00:00,1146629.0
2020-12-10 19:00:00,1134635.0
2020-12-10 20:00:00,1140666.5
2020-12-10 21:00:00,1145212.0
2020-12-10 22:00:00,1151940.5
2020-12-10 23:00:00,1147427.0
2020-12-11 00:00:00,1136267.0
2020-12-11 01:00:00,1144478.5
2020-12-11 02:00:00,1141463.0
2020-12-11 03:00:00,1140688.5
2020-12-11 04:00:00,1144068.5
2020-12-11 05:00:00,1146897.5
2020-12-11 06:00:00,1149480.5
2020-12-11 07:00:00,1141257.5
2020-12-11 08:00:00,1149248.5
2020-12-11 09:00:00,1146830.0
2020-12-11 10:00:00,1148380.0
2020-12-11 11:00:00,1132521.0
2020-12-11 12:00:00,1128096.5
2020-12-11 13:00:00,1137590.5
2020-12-11 14:00:00,1132957.0
2020-12-11 15:00:00,1125671.0
2020-12-11 16:00:00,1134522.5
2020-12-11 17:00:00,1141151.5
2020-12-11 18:00:00,1137370.5
2020-12-11 19:00:00,1130414.5
2020-12-11 20:00:00,1142808.5
2020-12-11 21:00:00,1149260.5
2020-12-11 22:00:00,1139076.5
2020-12-11 23:00:00,1133657.0
2020-12-12 00:00:00,1121588.5
2020-12-12 01:00:00,1125726.0
2020-12-12 02:00:00,1122717.5
2020-12-12 03:00:00,1125489.5
2020-12-12 04:00:00,1122005.0
2020-12-12 05:00:00,1121294.0
2020-12-12 06:00:00,1124972.0
2020-12-12 07:00:00,1122134.5
2020-12-12 08:00:00,1128508.0
2020-12-12 09:00:00,1134539.0
2020-12-12 10:00:00,1147604.0
2020-12-12 11:00:00,1149395.5
2020-12-12 12:00:00,1134801.5
2020-12-12 13:00:00,1126703.0
2020-12-12 14:00:00,1126106.0
2020-12-12 15:00:00,1133772.0
2020-12-12 16:00:00,1131008.0
2020-12-12 17:00:00,1127088.5
2020-12-12 18:00:00,1117215.5
2020-12-12 19:00:00,1127039.0
2020-12-12 20:00:00,1131779.0
2020-12-12 21:00:00,1131557.0
2020-12-12 22:00:00,1136238.0
2020-12-12 23:00:00,1121869.5
2020-12-13 00:00:00,1116091.0
2020-12-13 01:00:00,1124895.5
2020-12-13 02:00:00,1126077.5
2020-12-13 03:00:00,1131965.0
2020-12-13 04:00:00,1123587.0
2020-12-13 05:00:00,1122272.5
2020-12-13 06:00:00,1121493.0
2020-12-13 07:00:00,1125626.0
2020-12-13 08:00:00,1138792.0
2020-12-13 09:00:00,1142861.5
2020-12-13 10:00:00,1138980.0
2020-12-13 11:00:00,1122506.5
2020-12-13 12:00:00,1118537.0
2020-12-13 13:00:00,1131735.5
2020-12-13 14:00:00,1135969.5
2020-12-13 15:00:00,1135773.5
2020-12-13 16:00:00,1127201.5
2020-12-13 17:00:00,1122798.0
2020-12-13 18:00:00,1121127.0
2020-12-13 19:00:00,1124947.0
2020-12-13 20:00:00,1115067.0
2020-12-13 21:00:00,1120932.0
2020-12-13 22:00:00,1122190.5
2020-12-13 23:00:00,1113646.0
2020-12-14 00:00:00,1359008.0
2020-12-14 01:00:00,1422905.5
2020-12-14 02:00:00,1416258.0
2020-12-14 03:00:00,1410365.5
2020-12-14 04:00:00,1413886.0
2020-12-14 05:00:00,1398442.5
2020-12-14 06:00:00,1175317.0
2020-12-14 07:00:00,1196195.0
2020-12-14 08:00:00,1430701.5
2020-12-14 09:00:00,1414790.0
2020-12-14 10:00:00,1405041.0
2020-12-14 11:00:00,1415839.5
2020-12-14 12:00:00,1415564.0
2020-12-14 13:00:00,1417114.0
2020-12-14 14:00:00,1430035.5
2020-12-14 15:00:00,1430734.5
2020-12-14 16:00:00,1424606.5
2020-12-14 17:00:00,1434134.0
2020-12-14 18:00:00,1421584.5
2020-12-14 19:00:00,1436852.0
2020-12-14 20:00:00,1417778.0
2020-12-14 21:00:00,1419814.0
2020-12-14 22:00:00,1425574.5
2020-12-14 23:00:00,1409160.5
2020-12-15 00:00:00,1421941.5
2020-12-15 01:00:00,1407711.5
2020-12-15 02:00:00,1398218.0
2020-12-15 03:00:00,1405958.0
2020-12-15 04:00:00,1410079.0
2020-12-15 05:00:00,1402293.5
2020-12-15 06:00:00,1393868.0
2020-12-15 07:00:00,1387901.5
2020-12-15 08:00:00,1384378.0
2020-12-15 09:00:00,1395447.0
2020-12-15 10:00:00,1395447.0
2020-12-15 11:00:00,1395447.0
2020-12-15 12:00:00,1395447.0
2020-12-15 13:00:00,1395447.0
2020-12-15 14:00:00,1395447.0
2020-12-15 15:00:00,1400630.0
2020-12-15 16:00:00,1402135.5
2020-12-15 17:00:00,1398038.5
2020-12-15 18:00:00,1411857.5
2020-12-15 19:00:00,1429750.0
2020-12-15 20:00:00,1415445.5
2020-12-15 21:00:00,1418687.0
2020-12-15 22:00:00,1426875.5
2020-12-15 23:00:00,1419964.5
2020-12-16 00:00:00,1400425.0
2020-12-16 01:00:00,1411843.0
2020-12-16 02:00:00,1428239.0
2020-12-16 03:00:00,1432731.0
2020-12-16 04:00:00,1440917.0
2020-12-16 05:00:00,1448560.0
2020-12-16 06:00:00,1437937.0
2020-12-16 07:00:00,1434182.0
2020-12-16 08:00:00,1434479.0
2020-12-16 09:00:00,1431457.5
2020-12-16 10:00:00,1424626.5
2020-12-16 11:00:00,1434181.5
2020-12-16 12:00:00,1435099.0
2020-12-16 13:00:00,1439911.5
2020-12-16 14:00:00,1423688.0
2020-12-16 15:00:00,1421155.0
2020-12-16 16:00:00,1432165.0
2020-12-16 17:00:00,1449903.0
2020-12-16 18:00:00,1439089.0
2020-12-16 19:00:00,1454144.5
2020-12-16 20:00:00,1449167.0
2020-12-16 21:00:00,1449207.0
2020-12-16 22:00:00,1449683.0
2020-12-16 23:00:00,1258462.5
2020-12-17 00:00:00,1137888.5
2020-12-17 01:00:00,1134251.5
2020-12-17 02:00:00,1133938.0
2020-12-17 03:00:00,1131460.5
2020-12-17 04:00:00,1137250.5
2020-12-17 05:00:00,1134042.0
2020-12-17 06:00:00,1128400.0
2020-12-17 07:00:00,1134247.5
2020-12-17 08:00:00,1134471.5
2020-12-17 09:00:00,1140903.5
2020-12-17 10:00:00,1139806.0
2020-12-17 11:00:00,1135206.5
2020-12-17 12:00:00,1138450.5
2020-12-17 13:00:00,1138474.5
2020-12-17 14:00:00,1132852.0
2020-12-17 15:00:00,1134961.5
2020-12-17 16:00:00,1141180.0
2020-12-17 17:00:00,1149202.5
2020-12-17 18:00:00,1164212.5
2020-12-17 19:00:00,1168802.5
2020-12-17 20:00:00,1170465.0
2020-12-17 21:00:00,1165224.5
2020-12-17 22:00:00,1158616.5
2020-12-17 23:00:00,1154502.0
2020-12-18 00:00:00,1156815.0
2020-12-18 01:00:00,1153603.0
2020-12-18 02:00:00,1152240.0
2020-12-18 03:00:00,1142498.0
2020-12-18 04:00:00,1149845.5
2020-12-18 05:00:00,1141530.0
2020-12-18 06:00:00,1148098.5
2020-12-18 07:00:00,1154620.0
2020-12-18 08:00:00,1153182.5
2020-12-18 09:00:00,1151503.5
2020-12-18 10:00:00,1155067.5
2020-12-18 11:00:00,1151422.0
2020-12-18 12:00:00,1146462.5
2020-12-18 13:00:00,1141833.0
2020-12-18 14:00:00,1123439.0
2020-12-18 15:00:00,1116988.5
2020-12-18 16:00:00,1127409.0
2020-12-18 17:00:00,1127563.5
2020-12-18 18:00:00,1121803.5
2020-12-18 19:00:00,1122387.5
2020-12-18 20:00:00,1126370.0
2020-12-18 21:00:00,1119439.5
2020-12-18 22:00:00,1129778.0
2020-12-18 23:00:00,1126820.0
2020-12-19 00:00:00,1121677.5
2020-12-19 01:00:00,1118491.0
2020-12-19 02:00:00,1118546.0
2020-12-19 03:00:00,1122278.0
2020-12-19 04:00:00,1127578.5
2020-12-19 05:00:00,1120939.0
2020-12-19 06:00:00,1123333.0
2020-12-19 07:00:00,1126925.5
2020-12-19 08:00:00,1136061.5
2020-12-19 09:00:00,1126563.5
2020-12-19 10:00:00,1123213.0
2020-12-19 11:00:00,1120643.0
2020-12-19 12:00:00,1116116.5
2020-12-19 13:00:00,1120205.5
2020-12-19 14:00:00,1120282.5
2020-12-19 15:00:00,1129705.5
2020-12-19 16:00:00,1146195.0
2020-12-19 17:00:00,1138489.0
2020-12-19 18:00:00,1122730.5
2020-12-19 19:00:00,1131112.0
2020-12-19 20:00:00,1131677.0
2020-12-19 21:00:00,1132868.5
2020-12-19 22:00:00,1124465.5
2020-12-19 23:00:00,1123268.0
2020-12-20 00:00:00,1116491.0
2020-12-20 01:00:00,1117746.5
2020-12-20 02:00:00,1111991.0
2020-12-20 03:00:00,1116753.0
2020-12-20 04:00:00,1116387.5
2020-12-20 05:00:00,1121194.5
2020-12-20 06:00:00,1118879.5
2020-12-20 07:00:00,1118059.0
2020-12-20 08:00:00,1119851.5
2020-12-20 09:00:00,1121699.0
2020-12-20 10:00:00,1115924.0
2020-12-20 11:00:00,1116709.0
2020-12-20 12:00:00,1107245.5
2020-12-20 13:00:00,1109038.0
2020-12-20 14:00:00,1125012.0
2020-12-20 15:00:00,1119256.5
2020-12-20 16:00:00,1125215.0
2020-12-20 17:00:00,1128523.0
2020-12-20 18:00:00,1120065.0
2020-12-20 19:00:00,1126552.0
2020-12-20 20:00:00,1123020.0
2020-12-20 21:00:00,1123948.0
2020-12-20 22:00:00,1122120.5
2020-12-20 23:00:00,1124809.5
2020-12-21 00:00:00,1130342.0
2020-12-21 01:00:00,1147711.0
2020-12-21 02:00:00,1144502.0
2020-12-21 03:00:00,1135805.5
2020-12-21 04:00:00,1140557.5
2020-12-21 05:00:00,1133493.0
2020-12-21 06:00:00,1130949.0
2020-12-21 07:00:00,1143252.0
2020-12-21 08:00:00,1143217.0
2020-12-21 09:00:00,1140980.0
2020-12-21 10:00:00,1138133.0
2020-12-21 11:00:00,1147254.0
2020-12-21 12:00:00,1152982.5
2020-12-21 13:00:00,1169943.0
2020-12-21 14:00:00,1157282.0
2020-12-21 15:00:00,1153595.5
2020-12-21 16:00:00,1161868.0
2020-12-21 17:00:00,1160864.0
2020-12-21 18:00:00,1147925.0
2020-12-21 19:00:00,1152380.0
2020-12-21 20:00:00,1157340.5
2020-12-21 21:00:00,1157869.0
2020-12-21 22:00:00,1167720.0
2020-12-21 23:00:00,1153435.0
2020-12-22 00:00:00,1145564.0
2020-12-22 01:00:00,1139795.0
2020-12-22 02:00:00,1134241.5
2020-12-22 03:00:00,1138297.5
2020-12-22 04:00:00,1138095.0
2020-12-22 05:00:00,1130243.5
2020-12-22 06:00:00,1128071.5
2020-12-22 07:00:00,1129564.0
2020-12-22 08:00:00,1129457.0
2020-12-22 09:00:00,1130861.0
2020-12-22 10:00:00,1130861.0
2020-12-22 11:00:00,1130861.0
2020-12-22 12:00:00,1130861.0
2020-12-22 13:00:00,1130861.0
2020-12-22 14:00:00,1126762.5
2020-12-22 15:00:00,1117035.0
2020-12-22 16:00:00,1128922.0
2020-12-22 17:00:00,1131278.0
2020-12-22 18:00:00,1131750.5
2020-12-22 19:00:00,1145799.5
2020-12-22 20:00:00,1140257.0
2020-12-22 21:00:00,1134146.5
2020-12-22 22:00:00,1125388.5
2020-12-22 23:00:00,1125765.5
2020-12-23 00:00:00,1125373.5
2020-12-23 01:00:00,1110858.0
2020-12-23 02:00:00,1105765.0
2020-12-23 03:00:00,1118590.0
2020-12-23 04:00:00,1123990.0
2020-12-23 05:00:00,1116989.5
2020-12-23 06:00:00,1120070.5
2020-12-23 07:00:00,1124630.5
2020-12-23 08:00:00,1123971.0
2020-12-23 09:00:00,1125835.0
2020-12-23 10:00:00,1122014.0
2020-12-23 11:00:00,1105785.0
2020-12-23 12:00:00,1108449.5
2020-12-23 13:00:00,1117425.0
2020-12-23 14:00:00,1118050.5
2020-12-23 15:00:00,1118129.0
2020-12-23 16:00:00,1113172.5
2020-12-23 17:00:00,1121193.5
2020-12-23 18:00:00,1114375.0
2020-12-23 19:00:00,1132268.0
2020-12-23 20:00:00,1137054.0
2020-12-23 21:00:00,1143595.5
2020-12-23 22:00:00,1143190.0
2020-12-23 23:00:00,1142620.0
2020-12-24 00:00:00,1136121.0
2020-12-24 01:00:00,1129977.5
2020-12-24 02:00:00,1126303.0
2020-12-24 03:00:00,1137647.5
2020-12-24 04:00:00,1146390.0
2020-12-24 05:00:00,1144308.0
2020-12-24 06:00:00,1144130.5
2020-12-24 07:00:00,1144833.5
2020-12-24 08:00:00,1150184.0
2020-12-24 09:00:00,1151321.5
2020-12-24 10:00:00,1144586.5
2020-12-24 11:00:00,1146432.0
2020-12-24 12:00:00,1144139.0
2020-12-24 13:00:00,1142956.0
2020-12-24 14:00:00,1138830.5
2020-12-24 15:00:00,1143082.5
2020-12-24 16:00:00,1131067.5
2020-12-24 17:00:00,1132177.0
2020-12-24 18:00:00,1125880.5
2020-12-24 19:00:00,1126618.5
2020-12-24 20:00:00,1126966.5
2020-12-24 21:00:00,1132656.0
2020-12-24 22:00:00,1113709.5
2020-12-24 23:00:00,1117263.0
2020-12-25 00:00:00,1115661.5
2020-12-25 01:00:00,1118026.0
2020-12-25 02:00:00,1120425.0
2020-12-25 03:00:00,1123203.5
2020-12-25 04:00:00,1118905.5
2020-12-25 05:00:00,1115854.5
2020-12-25 06:00:00,1121823.0
2020-12-25 07:00:00,1120775.5
2020-12-25 08:00:00,1121264.0
2020-12-25 09:00:00,1130876.5
2020-12-25 10:00:00,1149244.0
2020-12-25 11:00:00,1145287.5
2020-12-25 12:00:00,1126456.5
2020-12-25 13:00:00,1124653.0
2020-12-25 14:00:00,1134231.5
2020-12-25 15:00:00,1128299.0
2020-12-25 16:00:00,1121526.5
2020-12-25 17:00:00,1134189.0
2020-12-25 18:00:00,1130067.0
2020-12-25 19:00:00,1125442.5
2020-12-25 20:00:00,1119531.5
2020-12-25 21:00:00,1115702.0
2020-12-25 22:00:00,1123283.5
2020-12-25 23:00:00,1120579.0
2020-12-26 00:00:00,1128201.0
2020-12-26 01:00:00,1122586.5
2020-12-26 02:00:00,1110872.5
2020-12-26 03:00:00,1119087.0
2020-12-26 04:00:00,1114801.0
2020-12-26 05:00:00,1111788.0
2020-12-26 06:00:00,1114235.5
2020-12-26 07:00:00,1116674.5
2020-12-26 08:00:00,1132707.5
2020-12-26 09:00:00,1131432.5
2020-12-26 10:00:00,1134688.0
2020-12-26 11:00:00,1144908.5
2020-12-26 12:00:00,1137793.5
2020-12-26 13:00:00,1132404.5
2020-12-26 14:00:00,1132335.0
2020-12-26 15:00:00,1134385.0
2020-12-26 16:00:00,1136458.5
2020-12-26 17:00:00,1130023.0
2020-12-26 18:00:00,1120912.5
2020-12-26 19:00:00,1120643.0
2020-12-26 20:00:00,1117961.5
2020-12-26 21:00:00,1110110.5
2020-12-26 22:00:00,1122369.0
2020-12-26 23:00:00,1123700.5
2020-12-27 00:00:00,1124918.5
2020-12-27 01:00:00,1126466.5
2020-12-27 02:00:00,1117314.5
2020-12-27 03:00:00,1113183.0
2020-12-27 04:00:00,1120164.0
2020-12-27 05:00:00,1122578.5
2020-12-27 06:00:00,1132184.0
2020-12-27 07:00:00,1117187.5
2020-12-27 08:00:00,1123268.5
2020-12-27 09:00:00,1117730.5
2020-12-27 10:00:00,1124086.0
2020-12-27 11:00:00,1133809.0
2020-12-27 12:00:00,1128680.0
2020-12-27 13:00:00,1149924.5
2020-12-27 14:00:00,1147208.0
2020-12-27 15:00:00,1144342.0
2020-12-27 16:00:00,1136415.5
2020-12-27 17:00:00,1129766.0
2020-12-27 18:00:00,1131672.5
2020-12-27 19:00:00,1130209.0
2020-12-27 20:00:00,1132596.0
2020-12-27 21:00:00,1134636.0
2020-12-27 22:00:00,1136998.5
2020-12-27 23:00:00,1138779.5
2020-12-28 00:00:00,1134136.0
2020-12-28 01:00:00,1134657.0
2020-12-28 02:00:00,1133526.5
2020-12-28 03:00:00,1131781.0
2020-12-28 04:00:00,1135810.5
2020-12-28 05:00:00,1137668.0
2020-12-28 06:00:00,1148729.5
2020-12-28 07:00:00,1139365.5
2020-12-28 08:00:00,1148772.5
2020-12-28 09:00:00,1154626.5
2020-12-28 10:00:00,1150423.0
2020-12-28 11:00:00,1141685.5
2020-12-28 12:00:00,1142904.0
2020-12-28 13:00:00,1137864.0
2020-12-28 14:00:00,1141130.5
2020-12-28 15:00:00,1137877.0
2020-12-28 16:00:00,1141972.0
2020-12-28 17:00:00,1130621.5
2020-12-28 18:00:00,1129700.0
2020-12-28 19:00:00,1137114.0
2020-12-28 20:00:00,1137758.5
2020-12-28 21:00:00,1136503.5
2020-12-28 22:00:00,1129508.5
2020-12-28 23:00:00,1124405.0
2020-12-29 00:00:00,1130063.5
2020-12-29 01:00:00,1130993.0
2020-12-29 02:00:00,1126666.0
2020-12-29 03:00:00,1120218.5
2020-12-29 04:00:00,1115614.0
2020-12-29 05:00:00,1113995.0
2020-12-29 06:00:00,1114490.5
2020-12-29 07:00:00,1110992.0
2020-12-29 08:00:00,1116906.5
2020-12-29 09:00:00,1127365.5
2020-12-29 10:00:00,1128931.0
2020-12-29 11:00:00,1127901.0
2020-12-29 12:00:00,1115580.0
2020-12-29 13:00:00,1114037.0
2020-12-29 14:00:00,1127150.5
2020-12-29 15:00:00,1127408.0
2020-12-29 16:00:00,1131733.5
2020-12-29 17:00:00,1127757.0
2020-12-29 18:00:00,1124274.5
2020-12-29 19:00:00,1117109.5
2020-12-29 20:00:00,1117997.5
2020-12-29 21:00:00,1127467.5
2020-12-29 22:00:00,1133048.0
2020-12-29 23:00:00,1131159.0
2020-12-30 00:00:00,1125731.5
2020-12-30 01:00:00,1117665.5
2020-12-30 02:00:00,1117416.5
2020-12-30 03:00:00,1116899.5
2020-12-30 04:00:00,1116747.0
2020-12-30 05:00:00,1115915.5
2020-12-30 06:00:00,1126397.5
2020-12-30 07:00:00,1130445.5
2020-12-30 08:00:00,1122352.0
2020-12-30 09:00:00,1135586.0
2020-12-30 10:00:00,1135878.0
2020-12-30 11:00:00,1138075.0
2020-12-30 12:00:00,1127103.0
2020-12-30 13:00:00,1129134.5
2020-12-30 14:00:00,1128490.0
2020-12-30 15:00:00,1129391.5
2020-12-30 16:00:00,1117244.5
2020-12-30 17:00:00,1116560.0
2020-12-30 18:00:00,1123239.5
2020-12-30 19:00:00,1120759.5
2020-12-30 20:00:00,1117104.5
2020-12-30 21:00:00,1110756.0
2020-12-30 22:00:00,1125340.5
2020-12-30 23:00:00,1127567.5
2020-12-31 00:00:00,1132732.0
2020-12-31 01:00:00,1133565.0
2020-12-31 02:00:00,1118951.5
2020-12-31 03:00:00,1112438.0
2020-12-31 04:00:00,1113044.5
2020-12-31 05:00:00,1117518.0
2020-12-31 06:00:00,1121842.5
2020-12-31 07:00:00,1120947.0
2020-12-31 08:00:00,1123854.0
2020-12-31 09:00:00,1128095.0
2020-12-31 10:00:00,1127750.5
2020-12-31 11:00:00,1128636.0
2020-12-31 12:00:00,1126385.0
2020-12-31 13:00:00,1125807.5
2020-12-31 14:00:00,1114102.5
2020-12-31 15:00:00,1122809.5
2020-12-31 16:00:00,1125878.0
2020-12-31 17:00:00,1131683.5
2020-12-31 18:00:00,1120539.5
2020-12-31 19:00:00,1132492.0
2020-12-31 20:00:00,1124879.0
2020-12-31 21:00:00,1120638.0
2020-12-31 22:00:00,1122871.0
2020-12-31 23:00:00,1120434.0
