일시,FL1
2020-01-01 00:00:00,1100264.0
2020-01-01 00:30:00,1093652.0
2020-01-01 01:00:00,1098410.0
2020-01-01 01:30:00,1098299.0
2020-01-01 02:00:00,1095728.0
2020-01-01 02:30:00,1084453.0
2020-01-01 03:00:00,1041475.0
2020-01-01 03:30:00,976649.0
2020-01-01 04:00:00,1082350.0
2020-01-01 04:30:00,1080133.0
2020-01-01 05:00:00,1099905.0
2020-01-01 05:30:00,1094646.0
2020-01-01 06:00:00,1099562.0
2020-01-01 06:30:00,1097229.0
2020-01-01 07:00:00,1093858.0
2020-01-01 07:30:00,1095342.0
2020-01-01 08:00:00,1096225.0
2020-01-01 08:30:00,1037485.0
2020-01-01 09:00:00,1047386.0
2020-01-01 09:30:00,1119424.0
2020-01-01 10:00:00,1125890.0
2020-01-01 10:30:00,1108845.0
2020-01-01 11:00:00,1098125.0
2020-01-01 11:30:00,974870.0
2020-01-01 12:00:00,1041064.0
2020-01-01 12:30:00,1059357.0
2020-01-01 13:00:00,1046461.0
2020-01-01 13:30:00,1097936.0
2020-01-01 14:00:00,1111176.0
2020-01-01 14:30:00,1093450.0
2020-01-01 15:00:00,1121381.0
2020-01-01 15:30:00,1114736.0
2020-01-01 16:00:00,1100303.0
2020-01-01 16:30:00,1125806.0
2020-01-01 17:00:00,1125602.0
2020-01-01 17:30:00,1121167.0
2020-01-01 18:00:00,1119182.0
2020-01-01 18:30:00,1107626.0
2020-01-01 19:00:00,1117282.0
2020-01-01 19:30:00,1111939.0
2020-01-01 20:00:00,1108561.0
2020-01-01 20:30:00,1108817.0
2020-01-01 21:00:00,1115856.0
2020-01-01 21:30:00,1111969.0
2020-01-01 22:00:00,1120141.0
2020-01-01 22:30:00,1119543.0
2020-01-01 23:00:00,1122212.0
2020-01-01 23:30:00,1122148.0
2020-01-02 00:00:00,1124480.0
2020-01-02 00:30:00,1117261.0
2020-01-02 01:00:00,1051424.0
2020-01-02 01:30:00,995396.0
2020-01-02 02:00:00,1118278.0
2020-01-02 02:30:00,1122292.0
2020-01-02 03:00:00,1115282.0
2020-01-02 03:30:00,1113769.0
2020-01-02 04:00:00,1112628.0
2020-01-02 04:30:00,1111675.0
2020-01-02 05:00:00,1108284.0
2020-01-02 05:30:00,1054875.0
2020-01-02 06:00:00,1104926.0
2020-01-02 06:30:00,1125272.0
2020-01-02 07:00:00,1117207.0
2020-01-02 07:30:00,1105918.0
2020-01-02 08:00:00,1124427.0
2020-01-02 08:30:00,1119046.0
2020-01-02 09:00:00,1121895.0
2020-01-02 09:30:00,1122130.0
2020-01-02 10:00:00,1125852.0
2020-01-02 10:30:00,1127134.0
2020-01-02 11:00:00,1123581.0
2020-01-02 11:30:00,1126381.0
2020-01-02 12:00:00,1115171.0
2020-01-02 12:30:00,1118206.0
2020-01-02 13:00:00,1125296.0
2020-01-02 13:30:00,1125354.0
2020-01-02 14:00:00,1129753.0
2020-01-02 14:30:00,1119946.0
2020-01-02 15:00:00,1120963.0
2020-01-02 15:30:00,1123719.0
2020-01-02 16:00:00,1123618.0
2020-01-02 16:30:00,1120710.0
2020-01-02 17:00:00,1104468.0
2020-01-02 17:30:00,1093066.0
2020-01-02 18:00:00,1096869.0
2020-01-02 18:30:00,1100921.0
2020-01-02 19:00:00,1098976.0
2020-01-02 19:30:00,1114519.0
2020-01-02 20:00:00,1118929.0
2020-01-02 20:30:00,1114806.0
2020-01-02 21:00:00,1125198.0
2020-01-02 21:30:00,1121202.0
2020-01-02 22:00:00,1121450.0
2020-01-02 22:30:00,1119035.0
2020-01-02 23:00:00,1116420.0
2020-01-02 23:30:00,1117974.0
2020-01-03 00:00:00,1117456.0
2020-01-03 00:30:00,1114099.0
2020-01-03 01:00:00,1109958.0
2020-01-03 01:30:00,1112832.0
2020-01-03 02:00:00,1117097.0
2020-01-03 02:30:00,1113640.0
2020-01-03 03:00:00,1108263.0
2020-01-03 03:30:00,1111068.0
2020-01-03 04:00:00,1107349.0
2020-01-03 04:30:00,1110425.0
2020-01-03 05:00:00,1110415.0
2020-01-03 05:30:00,1102099.0
2020-01-03 06:00:00,1110491.0
2020-01-03 06:30:00,1105560.0
2020-01-03 07:00:00,1115729.0
2020-01-03 07:30:00,1117872.0
2020-01-03 08:00:00,1118496.0
2020-01-03 08:30:00,1123669.0
2020-01-03 09:00:00,1126333.0
2020-01-03 09:30:00,1119391.0
2020-01-03 10:00:00,1113649.0
2020-01-03 10:30:00,1118967.0
2020-01-03 11:00:00,1115909.0
2020-01-03 11:30:00,1114102.0
2020-01-03 12:00:00,1117101.0
2020-01-03 12:30:00,1126297.0
2020-01-03 13:00:00,1132703.0
2020-01-03 13:30:00,1132533.0
2020-01-03 14:00:00,1132989.0
2020-01-03 14:30:00,1133262.0
2020-01-03 15:00:00,1133886.0
2020-01-03 15:30:00,1129813.0
2020-01-03 16:00:00,1137507.0
2020-01-03 16:30:00,1132384.0
2020-01-03 17:00:00,1125401.0
2020-01-03 17:30:00,1120651.0
2020-01-03 18:00:00,1118035.0
2020-01-03 18:30:00,1121053.0
2020-01-03 19:00:00,1111392.0
2020-01-03 19:30:00,1105958.0
2020-01-03 20:00:00,1104761.0
2020-01-03 20:30:00,1105752.0
2020-01-03 21:00:00,1105081.0
2020-01-03 21:30:00,1113514.0
2020-01-03 22:00:00,1110776.0
2020-01-03 22:30:00,1111610.0
2020-01-03 23:00:00,1116760.0
2020-01-03 23:30:00,1122153.0
2020-01-04 00:00:00,1122952.0
2020-01-04 00:30:00,1126846.0
2020-01-04 01:00:00,1112265.0
2020-01-04 01:30:00,1114056.0
2020-01-04 02:00:00,1105579.0
2020-01-04 02:30:00,1112542.0
2020-01-04 03:00:00,1113150.0
2020-01-04 03:30:00,1113269.0
2020-01-04 04:00:00,1115374.0
2020-01-04 04:30:00,1115641.0
2020-01-04 05:00:00,1120437.0
2020-01-04 05:30:00,1113769.0
2020-01-04 06:00:00,1125922.0
2020-01-04 06:30:00,1117496.0
2020-01-04 07:00:00,1099844.0
2020-01-04 07:30:00,1108071.0
2020-01-04 08:00:00,1107995.0
2020-01-04 08:30:00,1105268.0
2020-01-04 09:00:00,1108870.0
2020-01-04 09:30:00,1113082.0
2020-01-04 10:00:00,1117003.0
2020-01-04 10:30:00,1111736.0
2020-01-04 11:00:00,1112400.0
2020-01-04 11:30:00,1112440.0
2020-01-04 12:00:00,1129454.0
2020-01-04 12:30:00,1125143.0
2020-01-04 13:00:00,1127425.0
2020-01-04 13:30:00,1125284.0
2020-01-04 14:00:00,1130237.0
2020-01-04 14:30:00,1123017.0
2020-01-04 15:00:00,1124617.0
2020-01-04 15:30:00,1121515.0
2020-01-04 16:00:00,1128331.0
2020-01-04 16:30:00,1123638.0
2020-01-04 17:00:00,1114106.0
2020-01-04 17:30:00,1109393.0
2020-01-04 18:00:00,1110194.0
2020-01-04 18:30:00,1109757.0
2020-01-04 19:00:00,1117845.0
2020-01-04 19:30:00,1123128.0
2020-01-04 20:00:00,1127400.0
2020-01-04 20:30:00,1119793.0
2020-01-04 21:00:00,1125555.0
2020-01-04 21:30:00,1120347.0
2020-01-04 22:00:00,1123667.0
2020-01-04 22:30:00,1116659.0
2020-01-04 23:00:00,1114869.0
2020-01-04 23:30:00,1120612.0
2020-01-05 00:00:00,1112956.0
2020-01-05 00:30:00,1110905.0
2020-01-05 01:00:00,1111666.0
2020-01-05 01:30:00,1110534.0
2020-01-05 02:00:00,1115758.0
2020-01-05 02:30:00,1119451.0
2020-01-05 03:00:00,1127653.0
2020-01-05 03:30:00,1129792.0
2020-01-05 04:00:00,1135490.0
2020-01-05 04:30:00,1132857.0
2020-01-05 05:00:00,1130504.0
2020-01-05 05:30:00,1130274.0
2020-01-05 06:00:00,1137216.0
2020-01-05 06:30:00,1132683.0
2020-01-05 07:00:00,1133343.0
2020-01-05 07:30:00,1126846.0
2020-01-05 08:00:00,1132111.0
2020-01-05 08:30:00,1146089.0
2020-01-05 09:00:00,1098059.0
2020-01-05 09:30:00,1072961.0
2020-01-05 10:00:00,1122998.0
2020-01-05 10:30:00,1117487.0
2020-01-05 11:00:00,1085135.0
2020-01-05 11:30:00,1053305.0
2020-01-05 12:00:00,1099624.0
2020-01-05 12:30:00,1114326.0
2020-01-05 13:00:00,1130740.0
2020-01-05 13:30:00,1125002.0
2020-01-05 14:00:00,1128923.0
2020-01-05 14:30:00,1135007.0
2020-01-05 15:00:00,1127917.0
2020-01-05 15:30:00,1122986.0
2020-01-05 16:00:00,1120130.0
2020-01-05 16:30:00,1133014.0
2020-01-05 17:00:00,1119510.0
2020-01-05 17:30:00,1117986.0
2020-01-05 18:00:00,1115568.0
2020-01-05 18:30:00,1114929.0
2020-01-05 19:00:00,1104974.0
2020-01-05 19:30:00,1105331.0
2020-01-05 20:00:00,1108165.0
2020-01-05 20:30:00,1117420.0
2020-01-05 21:00:00,1108321.0
2020-01-05 21:30:00,1122296.0
2020-01-05 22:00:00,1110333.0
2020-01-05 22:30:00,1107901.0
2020-01-05 23:00:00,1104495.0
2020-01-05 23:30:00,1105111.0
2020-01-06 00:00:00,1106136.0
2020-01-06 00:30:00,1106225.0
2020-01-06 01:00:00,1108168.0
2020-01-06 01:30:00,1119532.0
2020-01-06 02:00:00,1105781.0
2020-01-06 02:30:00,1111091.0
2020-01-06 03:00:00,1109885.0
2020-01-06 03:30:00,1110580.0
2020-01-06 04:00:00,1109987.0
2020-01-06 04:30:00,1101841.0
2020-01-06 05:00:00,1108232.0
2020-01-06 05:30:00,1104551.0
2020-01-06 06:00:00,1107458.0
2020-01-06 06:30:00,1110850.0
2020-01-06 07:00:00,1109749.0
2020-01-06 07:30:00,1115870.0
2020-01-06 08:00:00,1114868.0
2020-01-06 08:30:00,1125562.0
2020-01-06 09:00:00,1119694.0
2020-01-06 09:30:00,1121187.0
2020-01-06 10:00:00,1122575.0
2020-01-06 10:30:00,1118701.0
2020-01-06 11:00:00,1112564.0
2020-01-06 11:30:00,1120645.0
2020-01-06 12:00:00,1120068.0
2020-01-06 12:30:00,1130528.0
2020-01-06 13:00:00,1130155.0
2020-01-06 13:30:00,1130155.0
2020-01-06 14:00:00,1117533.0
2020-01-06 14:30:00,1116561.0
2020-01-06 15:00:00,1112900.0
2020-01-06 15:30:00,1123644.0
2020-01-06 16:00:00,1123844.0
2020-01-06 16:30:00,1121256.0
2020-01-06 17:00:00,1116406.0
2020-01-06 17:30:00,1126548.0
2020-01-06 18:00:00,1128849.0
2020-01-06 18:30:00,1129968.0
2020-01-06 19:00:00,1143833.0
2020-01-06 19:30:00,1132168.0
2020-01-06 20:00:00,1143960.0
2020-01-06 20:30:00,1140412.0
2020-01-06 21:00:00,1136627.0
2020-01-06 21:30:00,1139329.0
2020-01-06 22:00:00,1135139.0
2020-01-06 22:30:00,1132366.0
2020-01-06 23:00:00,1140823.0
2020-01-06 23:30:00,1136467.0
2020-01-07 00:00:00,1132533.0
2020-01-07 00:30:00,1119709.0
2020-01-07 01:00:00,1123673.0
2020-01-07 01:30:00,1132305.0
2020-01-07 02:00:00,1125034.0
2020-01-07 02:30:00,1125214.0
2020-01-07 03:00:00,1123402.0
2020-01-07 03:30:00,1126894.0
2020-01-07 04:00:00,1123298.0
2020-01-07 04:30:00,1133282.0
2020-01-07 05:00:00,1135393.0
2020-01-07 05:30:00,1145293.0
2020-01-07 06:00:00,1142844.0
2020-01-07 06:30:00,1129910.0
2020-01-07 07:00:00,1121417.0
2020-01-07 07:30:00,1126806.0
2020-01-07 08:00:00,1139062.0
2020-01-07 08:30:00,1140018.0
2020-01-07 09:00:00,1144571.0
2020-01-07 09:30:00,1144571.0
2020-01-07 10:00:00,1144571.0
2020-01-07 10:30:00,1144571.0
2020-01-07 11:00:00,1144571.0
2020-01-07 11:30:00,1144571.0
2020-01-07 12:00:00,1131424.0
2020-01-07 12:30:00,1140663.0
2020-01-07 13:00:00,1151358.0
2020-01-07 13:30:00,1156085.0
2020-01-07 14:00:00,1165918.0
2020-01-07 14:30:00,1155818.0
2020-01-07 15:00:00,1151710.0
2020-01-07 15:30:00,1155085.0
2020-01-07 16:00:00,1158577.0
2020-01-07 16:30:00,1154592.0
2020-01-07 17:00:00,1157072.0
2020-01-07 17:30:00,1160529.0
2020-01-07 18:00:00,1155600.0
2020-01-07 18:30:00,1152312.0
2020-01-07 19:00:00,1149710.0
2020-01-07 19:30:00,1150153.0
2020-01-07 20:00:00,1138885.0
2020-01-07 20:30:00,1143363.0
2020-01-07 21:00:00,1147063.0
2020-01-07 21:30:00,1145124.0
2020-01-07 22:00:00,1150757.0
2020-01-07 22:30:00,1144102.0
2020-01-07 23:00:00,1148758.0
2020-01-07 23:30:00,1139565.0
2020-01-08 00:00:00,1133452.0
2020-01-08 00:30:00,1140773.0
2020-01-08 01:00:00,1133984.0
2020-01-08 01:30:00,1132831.0
2020-01-08 02:00:00,1138665.0
2020-01-08 02:30:00,1132511.0
2020-01-08 03:00:00,1132130.0
2020-01-08 03:30:00,1127536.0
2020-01-08 04:00:00,1124684.0
2020-01-08 04:30:00,1128853.0
2020-01-08 05:00:00,1115644.0
2020-01-08 05:30:00,1117471.0
2020-01-08 06:00:00,1073482.0
2020-01-08 06:30:00,970796.0
2020-01-08 07:00:00,1077944.0
2020-01-08 07:30:00,1100513.0
2020-01-08 08:00:00,1126495.0
2020-01-08 08:30:00,1128420.0
2020-01-08 09:00:00,1145043.0
2020-01-08 09:30:00,1130182.0
2020-01-08 10:00:00,1135364.0
2020-01-08 10:30:00,1130526.0
2020-01-08 11:00:00,1129000.0
2020-01-08 11:30:00,1120766.0
2020-01-08 12:00:00,1106381.0
2020-01-08 12:30:00,1106654.0
2020-01-08 13:00:00,1106669.0
2020-01-08 13:30:00,1115781.0
2020-01-08 14:00:00,1129403.0
2020-01-08 14:30:00,1115250.0
2020-01-08 15:00:00,1120583.0
2020-01-08 15:30:00,1113524.0
2020-01-08 16:00:00,1114446.0
2020-01-08 16:30:00,1111453.0
2020-01-08 17:00:00,1109494.0
2020-01-08 17:30:00,1110789.0
2020-01-08 18:00:00,1111867.0
2020-01-08 18:30:00,1113384.0
2020-01-08 19:00:00,1112747.0
2020-01-08 19:30:00,1114880.0
2020-01-08 20:00:00,1122758.0
2020-01-08 20:30:00,1132469.0
2020-01-08 21:00:00,1118218.0
2020-01-08 21:30:00,1119649.0
2020-01-08 22:00:00,1116988.0
2020-01-08 22:30:00,1110802.0
2020-01-08 23:00:00,1114311.0
2020-01-08 23:30:00,1104291.0
2020-01-09 00:00:00,1103330.0
2020-01-09 00:30:00,1103368.0
2020-01-09 01:00:00,1101017.0
2020-01-09 01:30:00,1110773.0
2020-01-09 02:00:00,1105686.0
2020-01-09 02:30:00,1102838.0
2020-01-09 03:00:00,1103736.0
2020-01-09 03:30:00,1103457.0
2020-01-09 04:00:00,1099079.0
2020-01-09 04:30:00,1103135.0
2020-01-09 05:00:00,1096400.0
2020-01-09 05:30:00,1099354.0
2020-01-09 06:00:00,1096081.0
2020-01-09 06:30:00,1102308.0
2020-01-09 07:00:00,1104496.0
2020-01-09 07:30:00,1104879.0
2020-01-09 08:00:00,1109365.0
2020-01-09 08:30:00,1121136.0
2020-01-09 09:00:00,1119717.0
2020-01-09 09:30:00,1113311.0
2020-01-09 10:00:00,1112273.0
2020-01-09 10:30:00,1114387.0
2020-01-09 11:00:00,1115586.0
2020-01-09 11:30:00,1111812.0
2020-01-09 12:00:00,1107710.0
2020-01-09 12:30:00,1103676.0
2020-01-09 13:00:00,1105661.0
2020-01-09 13:30:00,1107107.0
2020-01-09 14:00:00,1106562.0
2020-01-09 14:30:00,1106495.0
2020-01-09 15:00:00,1106823.0
2020-01-09 15:30:00,1109377.0
2020-01-09 16:00:00,1105917.0
2020-01-09 16:30:00,1104244.0
2020-01-09 17:00:00,1096618.0
2020-01-09 17:30:00,1096955.0
2020-01-09 18:00:00,1096041.0
2020-01-09 18:30:00,1093039.0
2020-01-09 19:00:00,1095811.0
2020-01-09 19:30:00,1097775.0
2020-01-09 20:00:00,1105241.0
2020-01-09 20:30:00,1096538.0
2020-01-09 21:00:00,1093778.0
2020-01-09 21:30:00,1095809.0
2020-01-09 22:00:00,1100926.0
2020-01-09 22:30:00,1104711.0
2020-01-09 23:00:00,1100313.0
2020-01-09 23:30:00,1100911.0
2020-01-10 00:00:00,1090832.0
2020-01-10 00:30:00,1091680.0
2020-01-10 01:00:00,1092909.0
2020-01-10 01:30:00,1095583.0
2020-01-10 02:00:00,1092837.0
2020-01-10 02:30:00,1094359.0
2020-01-10 03:00:00,1103912.0
2020-01-10 03:30:00,1102464.0
2020-01-10 04:00:00,1098232.0
2020-01-10 04:30:00,1103325.0
2020-01-10 05:00:00,1105866.0
2020-01-10 05:30:00,1104080.0
2020-01-10 06:00:00,1100684.0
2020-01-10 06:30:00,1097610.0
2020-01-10 07:00:00,1099303.0
2020-01-10 07:30:00,1100400.0
2020-01-10 08:00:00,1101934.0
2020-01-10 08:30:00,1107805.0
2020-01-10 09:00:00,1117095.0
2020-01-10 09:30:00,1121617.0
2020-01-10 10:00:00,1116387.0
2020-01-10 10:30:00,1115257.0
2020-01-10 11:00:00,1107372.0
2020-01-10 11:30:00,1108797.0
2020-01-10 12:00:00,1106945.0
2020-01-10 12:30:00,1100178.0
2020-01-10 13:00:00,1110240.0
2020-01-10 13:30:00,1106445.0
2020-01-10 14:00:00,1100670.0
2020-01-10 14:30:00,1117159.0
2020-01-10 15:00:00,1101160.0
2020-01-10 15:30:00,1098276.0
2020-01-10 16:00:00,1097259.0
2020-01-10 16:30:00,1101678.0
2020-01-10 17:00:00,1101967.0
2020-01-10 17:30:00,1105702.0
2020-01-10 18:00:00,1108813.0
2020-01-10 18:30:00,1103164.0
2020-01-10 19:00:00,1105229.0
2020-01-10 19:30:00,1102378.0
2020-01-10 20:00:00,1100520.0
2020-01-10 20:30:00,1091675.0
2020-01-10 21:00:00,1098188.0
2020-01-10 21:30:00,1094550.0
2020-01-10 22:00:00,1100444.0
2020-01-10 22:30:00,1112399.0
2020-01-10 23:00:00,1111865.0
2020-01-10 23:30:00,1108176.0
2020-01-11 00:00:00,1106997.0
2020-01-11 00:30:00,1102423.0
2020-01-11 01:00:00,1097797.0
2020-01-11 01:30:00,1101452.0
2020-01-11 02:00:00,1101431.0
2020-01-11 02:30:00,1103644.0
2020-01-11 03:00:00,1106037.0
2020-01-11 03:30:00,1105999.0
2020-01-11 04:00:00,1103367.0
2020-01-11 04:30:00,1108965.0
2020-01-11 05:00:00,1103927.0
2020-01-11 05:30:00,1102728.0
2020-01-11 06:00:00,1105131.0
2020-01-11 06:30:00,1102495.0
2020-01-11 07:00:00,1107691.0
2020-01-11 07:30:00,1108695.0
2020-01-11 08:00:00,1109917.0
2020-01-11 08:30:00,1114414.0
2020-01-11 09:00:00,1112714.0
2020-01-11 09:30:00,1117291.0
2020-01-11 10:00:00,1111194.0
2020-01-11 10:30:00,1108487.0
2020-01-11 11:00:00,1104248.0
2020-01-11 11:30:00,1105976.0
2020-01-11 12:00:00,1112124.0
2020-01-11 12:30:00,1113140.0
2020-01-11 13:00:00,1125539.0
2020-01-11 13:30:00,1124818.0
2020-01-11 14:00:00,1117277.0
2020-01-11 14:30:00,1114544.0
2020-01-11 15:00:00,1120512.0
2020-01-11 15:30:00,1117081.0
2020-01-11 16:00:00,1115003.0
2020-01-11 16:30:00,1117189.0
2020-01-11 17:00:00,1112780.0
2020-01-11 17:30:00,1115179.0
2020-01-11 18:00:00,1106781.0
2020-01-11 18:30:00,1112418.0
2020-01-11 19:00:00,1102577.0
2020-01-11 19:30:00,1099602.0
2020-01-11 20:00:00,1104930.0
2020-01-11 20:30:00,1108574.0
2020-01-11 21:00:00,1111067.0
2020-01-11 21:30:00,1108847.0
2020-01-11 22:00:00,1112586.0
2020-01-11 22:30:00,1103517.0
2020-01-11 23:00:00,1105671.0
2020-01-11 23:30:00,1112677.0
2020-01-12 00:00:00,1107350.0
2020-01-12 00:30:00,1097318.0
2020-01-12 01:00:00,1097518.0
2020-01-12 01:30:00,1094107.0
2020-01-12 02:00:00,1101230.0
2020-01-12 02:30:00,1096648.0
2020-01-12 03:00:00,1094527.0
2020-01-12 03:30:00,1099466.0
2020-01-12 04:00:00,1100816.0
2020-01-12 04:30:00,1107670.0
2020-01-12 05:00:00,1104679.0
2020-01-12 05:30:00,1113341.0
2020-01-12 06:00:00,1129440.0
2020-01-12 06:30:00,1128862.0
2020-01-12 07:00:00,1116110.0
2020-01-12 07:30:00,1115059.0
2020-01-12 08:00:00,1121637.0
2020-01-12 08:30:00,1133492.0
2020-01-12 09:00:00,1110243.0
2020-01-12 09:30:00,1064540.0
2020-01-12 10:00:00,1121192.0
2020-01-12 10:30:00,1120244.0
2020-01-12 11:00:00,1122717.0
2020-01-12 11:30:00,1105577.0
2020-01-12 12:00:00,1103471.0
2020-01-12 12:30:00,1109612.0
2020-01-12 13:00:00,1107331.0
2020-01-12 13:30:00,1112730.0
2020-01-12 14:00:00,1092046.0
2020-01-12 14:30:00,1105096.0
2020-01-12 15:00:00,1090725.0
2020-01-12 15:30:00,1117715.0
2020-01-12 16:00:00,1095379.0
2020-01-12 16:30:00,1101920.0
2020-01-12 17:00:00,1100497.0
2020-01-12 17:30:00,1104172.0
2020-01-12 18:00:00,1111220.0
2020-01-12 18:30:00,1127357.0
2020-01-12 19:00:00,1114007.0
2020-01-12 19:30:00,1129112.0
2020-01-12 20:00:00,1138701.0
2020-01-12 20:30:00,1135930.0
2020-01-12 21:00:00,1134985.0
2020-01-12 21:30:00,1132050.0
2020-01-12 22:00:00,1127807.0
2020-01-12 22:30:00,1126993.0
2020-01-12 23:00:00,1127759.0
2020-01-12 23:30:00,1128508.0
2020-01-13 00:00:00,1129173.0
2020-01-13 00:30:00,1133662.0
2020-01-13 01:00:00,1140951.0
2020-01-13 01:30:00,1124823.0
2020-01-13 02:00:00,1135127.0
2020-01-13 02:30:00,1128472.0
2020-01-13 03:00:00,1116266.0
2020-01-13 03:30:00,1119217.0
2020-01-13 04:00:00,1103879.0
2020-01-13 04:30:00,1059742.0
2020-01-13 05:00:00,1038347.0
2020-01-13 05:30:00,1001959.0
2020-01-13 06:00:00,1063988.0
2020-01-13 06:30:00,1085736.0
2020-01-13 07:00:00,1100455.0
2020-01-13 07:30:00,1124638.0
2020-01-13 08:00:00,1143562.0
2020-01-13 08:30:00,1144374.0
2020-01-13 09:00:00,1144876.0
2020-01-13 09:30:00,1146021.0
2020-01-13 10:00:00,1138730.0
2020-01-13 10:30:00,1139956.0
2020-01-13 11:00:00,1132184.0
2020-01-13 11:30:00,1133642.0
2020-01-13 12:00:00,1121997.0
2020-01-13 12:30:00,1118413.0
2020-01-13 13:00:00,1126918.0
2020-01-13 13:30:00,1123560.0
2020-01-13 14:00:00,1118660.0
2020-01-13 14:30:00,1132448.0
2020-01-13 15:00:00,1117577.0
2020-01-13 15:30:00,1119684.0
2020-01-13 16:00:00,1126232.0
2020-01-13 16:30:00,1132148.0
2020-01-13 17:00:00,1133204.0
2020-01-13 17:30:00,1123437.0
2020-01-13 18:00:00,1119477.0
2020-01-13 18:30:00,1124839.0
2020-01-13 19:00:00,1123673.0
2020-01-13 19:30:00,1119576.0
2020-01-13 20:00:00,1125694.0
2020-01-13 20:30:00,1127765.0
2020-01-13 21:00:00,1122421.0
2020-01-13 21:30:00,1119413.0
2020-01-13 22:00:00,1120513.0
2020-01-13 22:30:00,1116896.0
2020-01-13 23:00:00,1118114.0
2020-01-13 23:30:00,1125716.0
2020-01-14 00:00:00,1111097.0
2020-01-14 00:30:00,1118602.0
2020-01-14 01:00:00,1107792.0
2020-01-14 01:30:00,1119262.0
2020-01-14 02:00:00,1116672.0
2020-01-14 02:30:00,1107485.0
2020-01-14 03:00:00,1120325.0
2020-01-14 03:30:00,1122794.0
2020-01-14 04:00:00,1113705.0
2020-01-14 04:30:00,1113317.0
2020-01-14 05:00:00,1118223.0
2020-01-14 05:30:00,1113975.0
2020-01-14 06:00:00,1127313.0
2020-01-14 06:30:00,1129093.0
2020-01-14 07:00:00,1125126.0
2020-01-14 07:30:00,1129925.0
2020-01-14 08:00:00,1134280.0
2020-01-14 08:30:00,1133591.0
2020-01-14 09:00:00,1125094.0
2020-01-14 09:30:00,1122508.0
2020-01-14 10:00:00,1122508.0
2020-01-14 10:30:00,1122508.0
2020-01-14 11:00:00,1122508.0
2020-01-14 11:30:00,1122508.0
2020-01-14 12:00:00,1122508.0
2020-01-14 12:30:00,1122508.0
2020-01-14 13:00:00,1122508.0
2020-01-14 13:30:00,1122508.0
2020-01-14 14:00:00,1122508.0
2020-01-14 14:30:00,1122508.0
2020-01-14 15:00:00,1128749.0
2020-01-14 15:30:00,1120395.0
2020-01-14 16:00:00,1127831.0
2020-01-14 16:30:00,1120365.0
2020-01-14 17:00:00,1120519.0
2020-01-14 17:30:00,1123597.0
2020-01-14 18:00:00,1113253.0
2020-01-14 18:30:00,1112703.0
2020-01-14 19:00:00,1117084.0
2020-01-14 19:30:00,1122042.0
2020-01-14 20:00:00,1113597.0
2020-01-14 20:30:00,1115351.0
2020-01-14 21:00:00,1120525.0
2020-01-14 21:30:00,1118665.0
2020-01-14 22:00:00,1116401.0
2020-01-14 22:30:00,1116034.0
2020-01-14 23:00:00,1107074.0
2020-01-14 23:30:00,1111084.0
2020-01-15 00:00:00,1105634.0
2020-01-15 00:30:00,1111052.0
2020-01-15 01:00:00,1103456.0
2020-01-15 01:30:00,1111575.0
2020-01-15 02:00:00,1107837.0
2020-01-15 02:30:00,1120452.0
2020-01-15 03:00:00,1113940.0
2020-01-15 03:30:00,1117966.0
2020-01-15 04:00:00,1108793.0
2020-01-15 04:30:00,1109675.0
2020-01-15 05:00:00,1105257.0
2020-01-15 05:30:00,1105449.0
2020-01-15 06:00:00,1108610.0
2020-01-15 06:30:00,1108527.0
2020-01-15 07:00:00,1103089.0
2020-01-15 07:30:00,1102667.0
2020-01-15 08:00:00,1114790.0
2020-01-15 08:30:00,1111388.0
2020-01-15 09:00:00,1124574.0
2020-01-15 09:30:00,1120426.0
2020-01-15 10:00:00,1120051.0
2020-01-15 10:30:00,1117069.0
2020-01-15 11:00:00,1118508.0
2020-01-15 11:30:00,1113291.0
2020-01-15 12:00:00,1113941.0
2020-01-15 12:30:00,1120337.0
2020-01-15 13:00:00,1126987.0
2020-01-15 13:30:00,1129675.0
2020-01-15 14:00:00,1128597.0
2020-01-15 14:30:00,1134635.0
2020-01-15 15:00:00,1140380.0
2020-01-15 15:30:00,1117162.0
2020-01-15 16:00:00,1121313.0
2020-01-15 16:30:00,1118138.0
2020-01-15 17:00:00,1117575.0
2020-01-15 17:30:00,1110161.0
2020-01-15 18:00:00,1117094.0
2020-01-15 18:30:00,1115384.0
2020-01-15 19:00:00,1115350.0
2020-01-15 19:30:00,1113891.0
2020-01-15 20:00:00,1108719.0
2020-01-15 20:30:00,1113790.0
2020-01-15 21:00:00,1109029.0
2020-01-15 21:30:00,1112589.0
2020-01-15 22:00:00,1118495.0
2020-01-15 22:30:00,1114557.0
2020-01-15 23:00:00,1130152.0
2020-01-15 23:30:00,1137254.0
2020-01-16 00:00:00,1130212.0
2020-01-16 00:30:00,1134578.0
2020-01-16 01:00:00,1120338.0
2020-01-16 01:30:00,1125812.0
2020-01-16 02:00:00,1116660.0
2020-01-16 02:30:00,1118801.0
2020-01-16 03:00:00,1119632.0
2020-01-16 03:30:00,1128988.0
2020-01-16 04:00:00,1120174.0
2020-01-16 04:30:00,1115943.0
2020-01-16 05:00:00,1115559.0
2020-01-16 05:30:00,1124426.0
2020-01-16 06:00:00,1124058.0
2020-01-16 06:30:00,1132851.0
2020-01-16 07:00:00,1128936.0
2020-01-16 07:30:00,1124224.0
2020-01-16 08:00:00,1129860.0
2020-01-16 08:30:00,1130648.0
2020-01-16 09:00:00,1119919.0
2020-01-16 09:30:00,1121653.0
2020-01-16 10:00:00,1133118.0
2020-01-16 10:30:00,1131615.0
2020-01-16 11:00:00,1131889.0
2020-01-16 11:30:00,1129156.0
2020-01-16 12:00:00,1119869.0
2020-01-16 12:30:00,1055772.0
2020-01-16 13:00:00,1128561.0
2020-01-16 13:30:00,1123228.0
2020-01-16 14:00:00,1121323.0
2020-01-16 14:30:00,1131071.0
2020-01-16 15:00:00,1127439.0
2020-01-16 15:30:00,1123917.0
2020-01-16 16:00:00,1123054.0
2020-01-16 16:30:00,1117044.0
2020-01-16 17:00:00,1118347.0
2020-01-16 17:30:00,1130454.0
2020-01-16 18:00:00,1126407.0
2020-01-16 18:30:00,1131616.0
2020-01-16 19:00:00,1132607.0
2020-01-16 19:30:00,1128610.0
2020-01-16 20:00:00,1129008.0
2020-01-16 20:30:00,1116885.0
2020-01-16 21:00:00,1123381.0
2020-01-16 21:30:00,1126410.0
2020-01-16 22:00:00,1112234.0
2020-01-16 22:30:00,1116244.0
2020-01-16 23:00:00,1123415.0
2020-01-16 23:30:00,1123137.0
2020-01-17 00:00:00,1116087.0
2020-01-17 00:30:00,1117457.0
2020-01-17 01:00:00,1121726.0
2020-01-17 01:30:00,1116600.0
2020-01-17 02:00:00,1127830.0
2020-01-17 02:30:00,1118667.0
2020-01-17 03:00:00,1120665.0
2020-01-17 03:30:00,1121683.0
2020-01-17 04:00:00,1126994.0
2020-01-17 04:30:00,1119646.0
2020-01-17 05:00:00,1115181.0
2020-01-17 05:30:00,1123610.0
2020-01-17 06:00:00,1117898.0
2020-01-17 06:30:00,1116504.0
2020-01-17 07:00:00,1117486.0
2020-01-17 07:30:00,1118494.0
2020-01-17 08:00:00,1136140.0
2020-01-17 08:30:00,1130203.0
2020-01-17 09:00:00,1131160.0
2020-01-17 09:30:00,1129289.0
2020-01-17 10:00:00,1122828.0
2020-01-17 10:30:00,1128478.0
2020-01-17 11:00:00,1126493.0
2020-01-17 11:30:00,1127256.0
2020-01-17 12:00:00,1130072.0
2020-01-17 12:30:00,1124952.0
2020-01-17 13:00:00,1135888.0
2020-01-17 13:30:00,1136922.0
2020-01-17 14:00:00,1139735.0
2020-01-17 14:30:00,1134359.0
2020-01-17 15:00:00,1136542.0
2020-01-17 15:30:00,1127844.0
2020-01-17 16:00:00,1140127.0
2020-01-17 16:30:00,1132663.0
2020-01-17 17:00:00,1125620.0
2020-01-17 17:30:00,1132324.0
2020-01-17 18:00:00,1135135.0
2020-01-17 18:30:00,1126131.0
2020-01-17 19:00:00,1131456.0
2020-01-17 19:30:00,1120515.0
2020-01-17 20:00:00,1118330.0
2020-01-17 20:30:00,1123371.0
2020-01-17 21:00:00,1119822.0
2020-01-17 21:30:00,1113462.0
2020-01-17 22:00:00,1119257.0
2020-01-17 22:30:00,1124998.0
2020-01-17 23:00:00,1121238.0
2020-01-17 23:30:00,1119675.0
2020-01-18 00:00:00,1118029.0
2020-01-18 00:30:00,1119799.0
2020-01-18 01:00:00,1114734.0
2020-01-18 01:30:00,1123650.0
2020-01-18 02:00:00,1137078.0
2020-01-18 02:30:00,1129520.0
2020-01-18 03:00:00,1073127.0
2020-01-18 03:30:00,1137234.0
2020-01-18 04:00:00,1129634.0
2020-01-18 04:30:00,1129651.0
2020-01-18 05:00:00,1120334.0
2020-01-18 05:30:00,1130626.0
2020-01-18 06:00:00,1127299.0
2020-01-18 06:30:00,1122552.0
2020-01-18 07:00:00,1122308.0
2020-01-18 07:30:00,1128068.0
2020-01-18 08:00:00,1132420.0
2020-01-18 08:30:00,1137445.0
2020-01-18 09:00:00,1137094.0
2020-01-18 09:30:00,1135616.0
2020-01-18 10:00:00,1126071.0
2020-01-18 10:30:00,1119442.0
2020-01-18 11:00:00,1125725.0
2020-01-18 11:30:00,1124056.0
2020-01-18 12:00:00,1123281.0
2020-01-18 12:30:00,1128512.0
2020-01-18 13:00:00,1136076.0
2020-01-18 13:30:00,1134431.0
2020-01-18 14:00:00,1134390.0
2020-01-18 14:30:00,1135078.0
2020-01-18 15:00:00,1142343.0
2020-01-18 15:30:00,1137587.0
2020-01-18 16:00:00,1133367.0
2020-01-18 16:30:00,1135234.0
2020-01-18 17:00:00,1134126.0
2020-01-18 17:30:00,1140063.0
2020-01-18 18:00:00,1130261.0
2020-01-18 18:30:00,1132914.0
2020-01-18 19:00:00,1122541.0
2020-01-18 19:30:00,1124967.0
2020-01-18 20:00:00,1122651.0
2020-01-18 20:30:00,1116612.0
2020-01-18 21:00:00,1119551.0
2020-01-18 21:30:00,1121028.0
2020-01-18 22:00:00,1124226.0
2020-01-18 22:30:00,1132222.0
2020-01-18 23:00:00,1130831.0
2020-01-18 23:30:00,1125929.0
2020-01-19 00:00:00,1134041.0
2020-01-19 00:30:00,1127289.0
2020-01-19 01:00:00,1120367.0
2020-01-19 01:30:00,1121489.0
2020-01-19 02:00:00,1110541.0
2020-01-19 02:30:00,1118552.0
2020-01-19 03:00:00,1114746.0
2020-01-19 03:30:00,1116151.0
2020-01-19 04:00:00,1115315.0
2020-01-19 04:30:00,1121868.0
2020-01-19 05:00:00,1115786.0
2020-01-19 05:30:00,1121417.0
2020-01-19 06:00:00,1119006.0
2020-01-19 06:30:00,1116644.0
2020-01-19 07:00:00,1121465.0
2020-01-19 07:30:00,1121521.0
2020-01-19 08:00:00,1131839.0
2020-01-19 08:30:00,1133885.0
2020-01-19 09:00:00,1135916.0
2020-01-19 09:30:00,1135119.0
2020-01-19 10:00:00,1128690.0
2020-01-19 10:30:00,1127903.0
2020-01-19 11:00:00,1130766.0
2020-01-19 11:30:00,1130912.0
2020-01-19 12:00:00,1129207.0
2020-01-19 12:30:00,1138250.0
2020-01-19 13:00:00,1143310.0
2020-01-19 13:30:00,1148034.0
2020-01-19 14:00:00,1135925.0
2020-01-19 14:30:00,1141638.0
2020-01-19 15:00:00,1136048.0
2020-01-19 15:30:00,1137175.0
2020-01-19 16:00:00,1136798.0
2020-01-19 16:30:00,1136603.0
2020-01-19 17:00:00,1130269.0
2020-01-19 17:30:00,1134199.0
2020-01-19 18:00:00,1124757.0
2020-01-19 18:30:00,1131693.0
2020-01-19 19:00:00,1120215.0
2020-01-19 19:30:00,1116467.0
2020-01-19 20:00:00,1118703.0
2020-01-19 20:30:00,1122935.0
2020-01-19 21:00:00,1125859.0
2020-01-19 21:30:00,1127682.0
2020-01-19 22:00:00,1128722.0
2020-01-19 22:30:00,1117537.0
2020-01-19 23:00:00,1122876.0
2020-01-19 23:30:00,1120386.0
2020-01-20 00:00:00,1120188.0
2020-01-20 00:30:00,1118692.0
2020-01-20 01:00:00,1119521.0
2020-01-20 01:30:00,1116424.0
2020-01-20 02:00:00,1120731.0
2020-01-20 02:30:00,1117234.0
2020-01-20 03:00:00,1117196.0
2020-01-20 03:30:00,1123607.0
2020-01-20 04:00:00,1114301.0
2020-01-20 04:30:00,1119992.0
2020-01-20 05:00:00,1117083.0
2020-01-20 05:30:00,1122016.0
2020-01-20 06:00:00,1116674.0
2020-01-20 06:30:00,1135828.0
2020-01-20 07:00:00,1135344.0
2020-01-20 07:30:00,1126775.0
2020-01-20 08:00:00,1132461.0
2020-01-20 08:30:00,1139037.0
2020-01-20 09:00:00,1128234.0
2020-01-20 09:30:00,1122672.0
2020-01-20 10:00:00,1126073.0
2020-01-20 10:30:00,1128394.0
2020-01-20 11:00:00,1124896.0
2020-01-20 11:30:00,1135386.0
2020-01-20 12:00:00,1126090.0
2020-01-20 12:30:00,1128298.0
2020-01-20 13:00:00,1130897.0
2020-01-20 13:30:00,1132570.0
2020-01-20 14:00:00,1145278.0
2020-01-20 14:30:00,1164470.0
2020-01-20 15:00:00,1158656.0
2020-01-20 15:30:00,1153113.0
2020-01-20 16:00:00,1147440.0
2020-01-20 16:30:00,1157188.0
2020-01-20 17:00:00,1143792.0
2020-01-20 17:30:00,1136859.0
2020-01-20 18:00:00,1143076.0
2020-01-20 18:30:00,1143335.0
2020-01-20 19:00:00,1145202.0
2020-01-20 19:30:00,1153526.0
2020-01-20 20:00:00,1147850.0
2020-01-20 20:30:00,1141948.0
2020-01-20 21:00:00,1142652.0
2020-01-20 21:30:00,1141531.0
2020-01-20 22:00:00,1131471.0
2020-01-20 22:30:00,1124098.0
2020-01-20 23:00:00,1130602.0
2020-01-20 23:30:00,1127043.0
2020-01-21 00:00:00,1119014.0
2020-01-21 00:30:00,1109532.0
2020-01-21 01:00:00,1114510.0
2020-01-21 01:30:00,1112173.0
2020-01-21 02:00:00,1112335.0
2020-01-21 02:30:00,1107329.0
2020-01-21 03:00:00,1102400.0
2020-01-21 03:30:00,1100342.0
2020-01-21 04:00:00,1087672.0
2020-01-21 04:30:00,1073912.0
2020-01-21 05:00:00,1065481.0
2020-01-21 05:30:00,1030967.0
2020-01-21 06:00:00,1020582.0
2020-01-21 06:30:00,1025371.0
2020-01-21 07:00:00,1032316.0
2020-01-21 07:30:00,1035389.0
2020-01-21 08:00:00,1061088.0
2020-01-21 08:30:00,1077845.0
2020-01-21 09:00:00,1072550.0
2020-01-21 09:30:00,1072550.0
2020-01-21 10:00:00,1072550.0
2020-01-21 10:30:00,1072550.0
2020-01-21 11:00:00,1072550.0
2020-01-21 11:30:00,1072550.0
2020-01-21 12:00:00,1072550.0
2020-01-21 12:30:00,1072550.0
2020-01-21 13:00:00,1072550.0
2020-01-21 13:30:00,1072550.0
2020-01-21 14:00:00,1072550.0
2020-01-21 14:30:00,1072550.0
2020-01-21 15:00:00,1072550.0
2020-01-21 15:30:00,1035419.0
2020-01-21 16:00:00,1056213.0
2020-01-21 16:30:00,1138976.0
2020-01-21 17:00:00,1126385.0
2020-01-21 17:30:00,1120439.0
2020-01-21 18:00:00,1104686.0
2020-01-21 18:30:00,1085476.0
2020-01-21 19:00:00,1088368.0
2020-01-21 19:30:00,1085931.0
2020-01-21 20:00:00,1057868.0
2020-01-21 20:30:00,1037275.0
2020-01-21 21:00:00,1015366.0
2020-01-21 21:30:00,1023813.0
2020-01-21 22:00:00,1030011.0
2020-01-21 22:30:00,1030095.0
2020-01-21 23:00:00,1032843.0
2020-01-21 23:30:00,1039295.0
2020-01-22 00:00:00,1036647.0
2020-01-22 00:30:00,1027534.0
2020-01-22 01:00:00,1032891.0
2020-01-22 01:30:00,1032559.0
2020-01-22 02:00:00,1054947.0
2020-01-22 02:30:00,1082134.0
2020-01-22 03:00:00,1099359.0
2020-01-22 03:30:00,1098958.0
2020-01-22 04:00:00,1090407.0
2020-01-22 04:30:00,1076869.0
2020-01-22 05:00:00,1087628.0
2020-01-22 05:30:00,1084847.0
2020-01-22 06:00:00,1052416.0
2020-01-22 06:30:00,1022448.0
2020-01-22 07:00:00,1014557.0
2020-01-22 07:30:00,1016386.0
2020-01-22 08:00:00,1038356.0
2020-01-22 08:30:00,1078906.0
2020-01-22 09:00:00,1080134.0
2020-01-22 09:30:00,1079184.0
2020-01-22 10:00:00,1073673.0
2020-01-22 10:30:00,1082905.0
2020-01-22 11:00:00,1073896.0
2020-01-22 11:30:00,1069880.0
2020-01-22 12:00:00,1033722.0
2020-01-22 12:30:00,1015518.0
2020-01-22 13:00:00,1023893.0
2020-01-22 13:30:00,1036241.0
2020-01-22 14:00:00,1088508.0
2020-01-22 14:30:00,1117180.0
2020-01-22 15:00:00,1110927.0
2020-01-22 15:30:00,1074414.0
2020-01-22 16:00:00,1050403.0
2020-01-22 16:30:00,1097080.0
2020-01-22 17:00:00,1114271.0
2020-01-22 17:30:00,1116010.0
2020-01-22 18:00:00,1114751.0
2020-01-22 18:30:00,1117207.0
2020-01-22 19:00:00,1117701.0
2020-01-22 19:30:00,1114788.0
2020-01-22 20:00:00,1105944.0
2020-01-22 20:30:00,1089113.0
2020-01-22 21:00:00,1064615.0
2020-01-22 21:30:00,1032149.0
2020-01-22 22:00:00,1030119.0
2020-01-22 22:30:00,1038527.0
2020-01-22 23:00:00,1077620.0
2020-01-22 23:30:00,1055129.0
2020-01-23 00:00:00,1053725.0
2020-01-23 00:30:00,1053351.0
2020-01-23 01:00:00,1060363.0
2020-01-23 01:30:00,1053474.0
2020-01-23 02:00:00,1082832.0
2020-01-23 02:30:00,1083350.0
2020-01-23 03:00:00,1090404.0
2020-01-23 03:30:00,1083006.0
2020-01-23 04:00:00,1075693.0
2020-01-23 04:30:00,1056448.0
2020-01-23 05:00:00,1052334.0
2020-01-23 05:30:00,1051148.0
2020-01-23 06:00:00,1047897.0
2020-01-23 06:30:00,1042685.0
2020-01-23 07:00:00,1054513.0
2020-01-23 07:30:00,1041681.0
2020-01-23 08:00:00,1064732.0
2020-01-23 08:30:00,1098021.0
2020-01-23 09:00:00,1097166.0
2020-01-23 09:30:00,1108660.0
2020-01-23 10:00:00,1107232.0
2020-01-23 10:30:00,1109005.0
2020-01-23 11:00:00,1113569.0
2020-01-23 11:30:00,1107767.0
2020-01-23 12:00:00,1070286.0
2020-01-23 12:30:00,1054787.0
2020-01-23 13:00:00,1066032.0
2020-01-23 13:30:00,1065857.0
2020-01-23 14:00:00,1060281.0
2020-01-23 14:30:00,1064901.0
2020-01-23 15:00:00,1065166.0
2020-01-23 15:30:00,1074229.0
2020-01-23 16:00:00,1067896.0
2020-01-23 16:30:00,1069254.0
2020-01-23 17:00:00,1054977.0
2020-01-23 17:30:00,1081324.0
2020-01-23 18:00:00,1075172.0
2020-01-23 18:30:00,1078536.0
2020-01-23 19:00:00,1079713.0
2020-01-23 19:30:00,1074402.0
2020-01-23 20:00:00,1075075.0
2020-01-23 20:30:00,1070392.0
2020-01-23 21:00:00,1057312.0
2020-01-23 21:30:00,1053277.0
2020-01-23 22:00:00,1052694.0
2020-01-23 22:30:00,1065549.0
2020-01-23 23:00:00,1125304.0
2020-01-23 23:30:00,1119789.0
2020-01-24 00:00:00,1112190.0
2020-01-24 00:30:00,1106524.0
2020-01-24 01:00:00,1113924.0
2020-01-24 01:30:00,1102201.0
2020-01-24 02:00:00,1107097.0
2020-01-24 02:30:00,1096803.0
2020-01-24 03:00:00,1092601.0
2020-01-24 03:30:00,1090955.0
2020-01-24 04:00:00,1070266.0
2020-01-24 04:30:00,1062078.0
2020-01-24 05:00:00,1072613.0
2020-01-24 05:30:00,1071089.0
2020-01-24 06:00:00,1088219.0
2020-01-24 06:30:00,1127118.0
2020-01-24 07:00:00,1132985.0
2020-01-24 07:30:00,1123133.0
2020-01-24 08:00:00,1125100.0
2020-01-24 08:30:00,1107655.0
2020-01-24 09:00:00,973987.0
2020-01-24 09:30:00,1007848.0
2020-01-24 10:00:00,981438.0
2020-01-24 10:30:00,914452.0
2020-01-24 11:00:00,889345.0
2020-01-24 11:30:00,896594.0
2020-01-24 12:00:00,960576.0
2020-01-24 12:30:00,886642.0
2020-01-24 13:00:00,920385.0
2020-01-24 13:30:00,964357.0
2020-01-24 14:00:00,929539.0
2020-01-24 14:30:00,950198.0
2020-01-24 15:00:00,944066.0
2020-01-24 15:30:00,924764.0
2020-01-24 16:00:00,1003628.0
2020-01-24 16:30:00,1031349.0
2020-01-24 17:00:00,1043180.0
2020-01-24 17:30:00,1084062.0
2020-01-24 18:00:00,1103513.0
2020-01-24 18:30:00,1107998.0
2020-01-24 19:00:00,1064946.0
2020-01-24 19:30:00,1038513.0
2020-01-24 20:00:00,1058134.0
2020-01-24 20:30:00,1038162.0
2020-01-24 21:00:00,1025698.0
2020-01-24 21:30:00,1046948.0
2020-01-24 22:00:00,1083766.0
2020-01-24 22:30:00,1106420.0
2020-01-24 23:00:00,1109592.0
2020-01-24 23:30:00,1106693.0
2020-01-25 00:00:00,1059517.0
2020-01-25 00:30:00,1014880.0
2020-01-25 01:00:00,934965.0
2020-01-25 01:30:00,921070.0
2020-01-25 02:00:00,914459.0
2020-01-25 02:30:00,896935.0
2020-01-25 03:00:00,891672.0
2020-01-25 03:30:00,904273.0
2020-01-25 04:00:00,937521.0
2020-01-25 04:30:00,939482.0
2020-01-25 05:00:00,1028625.0
2020-01-25 05:30:00,1043275.0
2020-01-25 06:00:00,1074569.0
2020-01-25 06:30:00,1105388.0
2020-01-25 07:00:00,1114641.0
2020-01-25 07:30:00,1120396.0
2020-01-25 08:00:00,1070700.0
2020-01-25 08:30:00,991054.0
2020-01-25 09:00:00,935050.0
2020-01-25 09:30:00,933787.0
2020-01-25 10:00:00,943666.0
2020-01-25 10:30:00,933155.0
2020-01-25 11:00:00,985831.0
2020-01-25 11:30:00,950662.0
2020-01-25 12:00:00,1019144.0
2020-01-25 12:30:00,963129.0
2020-01-25 13:00:00,970623.0
2020-01-25 13:30:00,953809.0
2020-01-25 14:00:00,1016823.0
2020-01-25 14:30:00,988506.0
2020-01-25 15:00:00,1003803.0
2020-01-25 15:30:00,1091973.0
2020-01-25 16:00:00,1079547.0
2020-01-25 16:30:00,999806.0
2020-01-25 17:00:00,1030794.0
2020-01-25 17:30:00,1067691.0
2020-01-25 18:00:00,1106767.0
2020-01-25 18:30:00,1117104.0
2020-01-25 19:00:00,1107430.0
2020-01-25 19:30:00,1052565.0
2020-01-25 20:00:00,1019958.0
2020-01-25 20:30:00,1038424.0
2020-01-25 21:00:00,1005482.0
2020-01-25 21:30:00,1054787.0
2020-01-25 22:00:00,1091219.0
2020-01-25 22:30:00,1103210.0
2020-01-25 23:00:00,1123984.0
2020-01-25 23:30:00,1076173.0
2020-01-26 00:00:00,966508.0
2020-01-26 00:30:00,922229.0
2020-01-26 01:00:00,907864.0
2020-01-26 01:30:00,903898.0
2020-01-26 02:00:00,913128.0
2020-01-26 02:30:00,926145.0
2020-01-26 03:00:00,916025.0
2020-01-26 03:30:00,952296.0
2020-01-26 04:00:00,959259.0
2020-01-26 04:30:00,963318.0
2020-01-26 05:00:00,994870.0
2020-01-26 05:30:00,979235.0
2020-01-26 06:00:00,1026032.0
2020-01-26 06:30:00,1040740.0
2020-01-26 07:00:00,1006794.0
2020-01-26 07:30:00,1008252.0
2020-01-26 08:00:00,930228.0
2020-01-26 08:30:00,939318.0
2020-01-26 09:00:00,941507.0
2020-01-26 09:30:00,924552.0
2020-01-26 10:00:00,955969.0
2020-01-26 10:30:00,928744.0
2020-01-26 11:00:00,940408.0
2020-01-26 11:30:00,998521.0
2020-01-26 12:00:00,990712.0
2020-01-26 12:30:00,960587.0
2020-01-26 13:00:00,986697.0
2020-01-26 13:30:00,1004375.0
2020-01-26 14:00:00,990026.0
2020-01-26 14:30:00,949909.0
2020-01-26 15:00:00,946832.0
2020-01-26 15:30:00,935282.0
2020-01-26 16:00:00,934481.0
2020-01-26 16:30:00,948699.0
2020-01-26 17:00:00,954621.0
2020-01-26 17:30:00,1012013.0
2020-01-26 18:00:00,1066867.0
2020-01-26 18:30:00,1036179.0
2020-01-26 19:00:00,1004725.0
2020-01-26 19:30:00,1019793.0
2020-01-26 20:00:00,964701.0
2020-01-26 20:30:00,972836.0
2020-01-26 21:00:00,1022138.0
2020-01-26 21:30:00,1071196.0
2020-01-26 22:00:00,1098742.0
2020-01-26 22:30:00,1115738.0
2020-01-26 23:00:00,1119904.0
2020-01-26 23:30:00,1106042.0
2020-01-27 00:00:00,1066950.0
2020-01-27 00:30:00,922320.0
2020-01-27 01:00:00,927240.0
2020-01-27 01:30:00,925061.0
2020-01-27 02:00:00,919922.0
2020-01-27 02:30:00,913203.0
2020-01-27 03:00:00,925417.0
2020-01-27 03:30:00,922785.0
2020-01-27 04:00:00,974496.0
2020-01-27 04:30:00,976963.0
2020-01-27 05:00:00,979601.0
2020-01-27 05:30:00,996649.0
2020-01-27 06:00:00,974310.0
2020-01-27 06:30:00,1015437.0
2020-01-27 07:00:00,980913.0
2020-01-27 07:30:00,998505.0
2020-01-27 08:00:00,1053473.0
2020-01-27 08:30:00,1084352.0
2020-01-27 09:00:00,1086996.0
2020-01-27 09:30:00,1115700.0
2020-01-27 10:00:00,1121895.0
2020-01-27 10:30:00,1109637.0
2020-01-27 11:00:00,1117066.0
2020-01-27 11:30:00,1115382.0
2020-01-27 12:00:00,1108300.0
2020-01-27 12:30:00,1110250.0
2020-01-27 13:00:00,1112449.0
2020-01-27 13:30:00,1118216.0
2020-01-27 14:00:00,1139324.0
2020-01-27 14:30:00,1148725.0
2020-01-27 15:00:00,1151817.0
2020-01-27 15:30:00,1147816.0
2020-01-27 16:00:00,1143648.0
2020-01-27 16:30:00,1143263.0
2020-01-27 17:00:00,1138164.0
2020-01-27 17:30:00,1148318.0
2020-01-27 18:00:00,1137157.0
2020-01-27 18:30:00,1132832.0
2020-01-27 19:00:00,1131118.0
2020-01-27 19:30:00,1110090.0
2020-01-27 20:00:00,1103018.0
2020-01-27 20:30:00,1048607.0
2020-01-27 21:00:00,985132.0
2020-01-27 21:30:00,975943.0
2020-01-27 22:00:00,1046406.0
2020-01-27 22:30:00,1058570.0
2020-01-27 23:00:00,1075728.0
2020-01-27 23:30:00,1053992.0
2020-01-28 00:00:00,942247.0
2020-01-28 00:30:00,939232.0
2020-01-28 01:00:00,961873.0
2020-01-28 01:30:00,963775.0
2020-01-28 02:00:00,931620.0
2020-01-28 02:30:00,922858.0
2020-01-28 03:00:00,918397.0
2020-01-28 03:30:00,916303.0
2020-01-28 04:00:00,922473.0
2020-01-28 04:30:00,927499.0
2020-01-28 05:00:00,928510.0
2020-01-28 05:30:00,919801.0
2020-01-28 06:00:00,931000.0
2020-01-28 06:30:00,914294.0
2020-01-28 07:00:00,927124.0
2020-01-28 07:30:00,970601.0
2020-01-28 08:00:00,1072821.0
2020-01-28 08:30:00,1106778.0
2020-01-28 09:00:00,1129473.0
2020-01-28 09:30:00,1129473.0
2020-01-28 10:00:00,1129473.0
2020-01-28 10:30:00,1129473.0
2020-01-28 11:00:00,1129473.0
2020-01-28 11:30:00,1129473.0
2020-01-28 12:00:00,1129473.0
2020-01-28 12:30:00,1129473.0
2020-01-28 13:00:00,1129473.0
2020-01-28 13:30:00,1129473.0
2020-01-28 14:00:00,1129473.0
2020-01-28 14:30:00,1129473.0
2020-01-28 15:00:00,1080882.0
2020-01-28 15:30:00,1063071.0
2020-01-28 16:00:00,1071358.0
2020-01-28 16:30:00,1073277.0
2020-01-28 17:00:00,1103736.0
2020-01-28 17:30:00,1122991.0
2020-01-28 18:00:00,1127223.0
2020-01-28 18:30:00,1121331.0
2020-01-28 19:00:00,1106659.0
2020-01-28 19:30:00,1091875.0
2020-01-28 20:00:00,1090339.0
2020-01-28 20:30:00,1070605.0
2020-01-28 21:00:00,1067295.0
2020-01-28 21:30:00,1060444.0
2020-01-28 22:00:00,1061278.0
2020-01-28 22:30:00,1058089.0
2020-01-28 23:00:00,1085124.0
2020-01-28 23:30:00,1066317.0
2020-01-29 00:00:00,1053904.0
2020-01-29 00:30:00,1053887.0
2020-01-29 01:00:00,1049565.0
2020-01-29 01:30:00,1060248.0
2020-01-29 02:00:00,1053562.0
2020-01-29 02:30:00,1046823.0
2020-01-29 03:00:00,1048138.0
2020-01-29 03:30:00,1058802.0
2020-01-29 04:00:00,1058931.0
2020-01-29 04:30:00,1052219.0
2020-01-29 05:00:00,1049048.0
2020-01-29 05:30:00,1052297.0
2020-01-29 06:00:00,1055093.0
2020-01-29 06:30:00,1030458.0
2020-01-29 07:00:00,1047364.0
2020-01-29 07:30:00,1046240.0
2020-01-29 08:00:00,1065278.0
2020-01-29 08:30:00,1081347.0
2020-01-29 09:00:00,1072917.0
2020-01-29 09:30:00,1091930.0
2020-01-29 10:00:00,1123996.0
2020-01-29 10:30:00,1098480.0
2020-01-29 11:00:00,1087753.0
2020-01-29 11:30:00,1072008.0
2020-01-29 12:00:00,1061451.0
2020-01-29 12:30:00,1062711.0
2020-01-29 13:00:00,1083860.0
2020-01-29 13:30:00,1122800.0
2020-01-29 14:00:00,1146921.0
2020-01-29 14:30:00,1132501.0
2020-01-29 15:00:00,1106676.0
2020-01-29 15:30:00,1092822.0
2020-01-29 16:00:00,1075365.0
2020-01-29 16:30:00,1084745.0
2020-01-29 17:00:00,1062618.0
2020-01-29 17:30:00,1086706.0
2020-01-29 18:00:00,1105912.0
2020-01-29 18:30:00,1107561.0
2020-01-29 19:00:00,1104527.0
2020-01-29 19:30:00,1108674.0
2020-01-29 20:00:00,1108990.0
2020-01-29 20:30:00,1099508.0
2020-01-29 21:00:00,1082377.0
2020-01-29 21:30:00,1081094.0
2020-01-29 22:00:00,1085519.0
2020-01-29 22:30:00,1080811.0
2020-01-29 23:00:00,1097432.0
2020-01-29 23:30:00,1101718.0
2020-01-30 00:00:00,1099245.0
2020-01-30 00:30:00,1078115.0
2020-01-30 01:00:00,1057041.0
2020-01-30 01:30:00,1069119.0
2020-01-30 02:00:00,1082033.0
2020-01-30 02:30:00,1077592.0
2020-01-30 03:00:00,1070788.0
2020-01-30 03:30:00,1060923.0
2020-01-30 04:00:00,1059433.0
2020-01-30 04:30:00,1055657.0
2020-01-30 05:00:00,1064962.0
2020-01-30 05:30:00,1070771.0
2020-01-30 06:00:00,1068421.0
2020-01-30 06:30:00,1061620.0
2020-01-30 07:00:00,1066217.0
2020-01-30 07:30:00,1065542.0
2020-01-30 08:00:00,1063983.0
2020-01-30 08:30:00,1078968.0
2020-01-30 09:00:00,1074017.0
2020-01-30 09:30:00,1078511.0
2020-01-30 10:00:00,1067092.0
2020-01-30 10:30:00,1062944.0
2020-01-30 11:00:00,1061000.0
2020-01-30 11:30:00,1067817.0
2020-01-30 12:00:00,1072376.0
2020-01-30 12:30:00,1072186.0
2020-01-30 13:00:00,1076077.0
2020-01-30 13:30:00,1072870.0
2020-01-30 14:00:00,1068571.0
2020-01-30 14:30:00,1066874.0
2020-01-30 15:00:00,1054854.0
2020-01-30 15:30:00,1059297.0
2020-01-30 16:00:00,1066066.0
2020-01-30 16:30:00,1070057.0
2020-01-30 17:00:00,1074642.0
2020-01-30 17:30:00,1082979.0
2020-01-30 18:00:00,1083965.0
2020-01-30 18:30:00,1087858.0
2020-01-30 19:00:00,1076585.0
2020-01-30 19:30:00,1076385.0
2020-01-30 20:00:00,1077800.0
2020-01-30 20:30:00,1074965.0
2020-01-30 21:00:00,1072041.0
2020-01-30 21:30:00,1070737.0
2020-01-30 22:00:00,1065724.0
2020-01-30 22:30:00,1058866.0
2020-01-30 23:00:00,1095059.0
2020-01-30 23:30:00,1085757.0
2020-01-31 00:00:00,1085136.0
2020-01-31 00:30:00,1062702.0
2020-01-31 01:00:00,1060762.0
2020-01-31 01:30:00,1060488.0
2020-01-31 02:00:00,1082858.0
2020-01-31 02:30:00,1104039.0
2020-01-31 03:00:00,1095202.0
2020-01-31 03:30:00,1106755.0
2020-01-31 04:00:00,1099013.0
2020-01-31 04:30:00,1084903.0
2020-01-31 05:00:00,1057338.0
2020-01-31 05:30:00,1054852.0
2020-01-31 06:00:00,1060880.0
2020-01-31 06:30:00,1067646.0
2020-01-31 07:00:00,1054391.0
2020-01-31 07:30:00,1048805.0
2020-01-31 08:00:00,1066149.0
2020-01-31 08:30:00,1085665.0
2020-01-31 09:00:00,1098777.0
2020-01-31 09:30:00,1099126.0
2020-01-31 10:00:00,1102721.0
2020-01-31 10:30:00,1111899.0
2020-01-31 11:00:00,1117806.0
2020-01-31 11:30:00,1121567.0
2020-01-31 12:00:00,1104092.0
2020-01-31 12:30:00,1069328.0
2020-01-31 13:00:00,1067477.0
2020-01-31 13:30:00,1125193.0
2020-01-31 14:00:00,1158453.0
2020-01-31 14:30:00,1140031.0
2020-01-31 15:00:00,1123404.0
2020-01-31 15:30:00,1135653.0
2020-01-31 16:00:00,1136586.0
2020-01-31 16:30:00,1142222.0
2020-01-31 17:00:00,1132697.0
2020-01-31 17:30:00,1131158.0
2020-01-31 18:00:00,1127475.0
2020-01-31 18:30:00,1118708.0
2020-01-31 19:00:00,1106891.0
2020-01-31 19:30:00,1066221.0
2020-01-31 20:00:00,1034069.0
2020-01-31 20:30:00,1034119.0
2020-01-31 21:00:00,1040607.0
2020-01-31 21:30:00,1042728.0
2020-01-31 22:00:00,1056157.0
2020-01-31 22:30:00,1048974.0
2020-01-31 23:00:00,1103243.0
2020-01-31 23:30:00,1096190.0
2020-02-01 00:00:00,1085320.0
2020-02-01 00:30:00,1063109.0
2020-02-01 01:00:00,1051192.0
2020-02-01 01:30:00,1044645.0
2020-02-01 02:00:00,1042223.0
2020-02-01 02:30:00,1038826.0
2020-02-01 03:00:00,1052656.0
2020-02-01 03:30:00,1049178.0
2020-02-01 04:00:00,1047332.0
2020-02-01 04:30:00,1042709.0
2020-02-01 05:00:00,1047199.0
2020-02-01 05:30:00,1047431.0
2020-02-01 06:00:00,1043819.0
2020-02-01 06:30:00,1041307.0
2020-02-01 07:00:00,1036867.0
2020-02-01 07:30:00,1037981.0
2020-02-01 08:00:00,1052099.0
2020-02-01 08:30:00,1054218.0
2020-02-01 09:00:00,1037785.0
2020-02-01 09:30:00,1047543.0
2020-02-01 10:00:00,1045090.0
2020-02-01 10:30:00,1046868.0
2020-02-01 11:00:00,1041275.0
2020-02-01 11:30:00,1049395.0
2020-02-01 12:00:00,1045886.0
2020-02-01 12:30:00,1032912.0
2020-02-01 13:00:00,1054774.0
2020-02-01 13:30:00,1059231.0
2020-02-01 14:00:00,1049049.0
2020-02-01 14:30:00,1041532.0
2020-02-01 15:00:00,1049205.0
2020-02-01 15:30:00,1062351.0
2020-02-01 16:00:00,1063868.0
2020-02-01 16:30:00,1076932.0
2020-02-01 17:00:00,1074545.0
2020-02-01 17:30:00,1083991.0
2020-02-01 18:00:00,1089145.0
2020-02-01 18:30:00,1085342.0
2020-02-01 19:00:00,1072074.0
2020-02-01 19:30:00,1050658.0
2020-02-01 20:00:00,1050663.0
2020-02-01 20:30:00,1046152.0
2020-02-01 21:00:00,1051879.0
2020-02-01 21:30:00,1062517.0
2020-02-01 22:00:00,1073066.0
2020-02-01 22:30:00,1084736.0
2020-02-01 23:00:00,1099868.0
2020-02-01 23:30:00,1054685.0
2020-02-02 00:00:00,1038526.0
2020-02-02 00:30:00,1039926.0
2020-02-02 01:00:00,1049619.0
2020-02-02 01:30:00,1077108.0
2020-02-02 02:00:00,1077955.0
2020-02-02 02:30:00,1066386.0
2020-02-02 03:00:00,1068241.0
2020-02-02 03:30:00,1063020.0
2020-02-02 04:00:00,1056381.0
2020-02-02 04:30:00,1048340.0
2020-02-02 05:00:00,1060947.0
2020-02-02 05:30:00,1058327.0
2020-02-02 06:00:00,1053260.0
2020-02-02 06:30:00,1046293.0
2020-02-02 07:00:00,1058802.0
2020-02-02 07:30:00,1057442.0
2020-02-02 08:00:00,1056054.0
2020-02-02 08:30:00,1065732.0
2020-02-02 09:00:00,1049251.0
2020-02-02 09:30:00,1049997.0
2020-02-02 10:00:00,1075857.0
2020-02-02 10:30:00,1062796.0
2020-02-02 11:00:00,1013741.0
2020-02-02 11:30:00,1040131.0
2020-02-02 12:00:00,1074974.0
2020-02-02 12:30:00,1024221.0
2020-02-02 13:00:00,1065686.0
2020-02-02 13:30:00,1088707.0
2020-02-02 14:00:00,1061100.0
2020-02-02 14:30:00,1052200.0
2020-02-02 15:00:00,1067746.0
2020-02-02 15:30:00,1045717.0
2020-02-02 16:00:00,1037150.0
2020-02-02 16:30:00,1071099.0
2020-02-02 17:00:00,1060283.0
2020-02-02 17:30:00,1066478.0
2020-02-02 18:00:00,1069357.0
2020-02-02 18:30:00,1077242.0
2020-02-02 19:00:00,1066250.0
2020-02-02 19:30:00,1054890.0
2020-02-02 20:00:00,1047014.0
2020-02-02 20:30:00,1058578.0
2020-02-02 21:00:00,1047434.0
2020-02-02 21:30:00,1058546.0
2020-02-02 22:00:00,1068155.0
2020-02-02 22:30:00,1048400.0
2020-02-02 23:00:00,1065199.0
2020-02-02 23:30:00,1043181.0
2020-02-03 00:00:00,1037857.0
2020-02-03 00:30:00,1002656.0
2020-02-03 01:00:00,1058208.0
2020-02-03 01:30:00,1080764.0
2020-02-03 02:00:00,1089472.0
2020-02-03 02:30:00,1070410.0
2020-02-03 03:00:00,1075360.0
2020-02-03 03:30:00,1057569.0
2020-02-03 04:00:00,1050529.0
2020-02-03 04:30:00,1057647.0
2020-02-03 05:00:00,1049047.0
2020-02-03 05:30:00,1042034.0
2020-02-03 06:00:00,1110275.0
2020-02-03 06:30:00,1089619.0
2020-02-03 07:00:00,1048082.0
2020-02-03 07:30:00,1036305.0
2020-02-03 08:00:00,1048175.0
2020-02-03 08:30:00,1081532.0
2020-02-03 09:00:00,1118108.0
2020-02-03 09:30:00,1128877.0
2020-02-03 10:00:00,1134051.0
2020-02-03 10:30:00,1065273.0
2020-02-03 11:00:00,1081240.0
2020-02-03 11:30:00,1089227.0
2020-02-03 12:00:00,1060940.0
2020-02-03 12:30:00,1045948.0
2020-02-03 13:00:00,1106141.0
2020-02-03 13:30:00,1143835.0
2020-02-03 14:00:00,1126958.0
2020-02-03 14:30:00,1128540.0
2020-02-03 15:00:00,1124384.0
2020-02-03 15:30:00,1110961.0
2020-02-03 16:00:00,1094834.0
2020-02-03 16:30:00,1080461.0
2020-02-03 17:00:00,1072863.0
2020-02-03 17:30:00,1077866.0
2020-02-03 18:00:00,1084606.0
2020-02-03 18:30:00,1103650.0
2020-02-03 19:00:00,1098197.0
2020-02-03 19:30:00,1108232.0
2020-02-03 20:00:00,1099379.0
2020-02-03 20:30:00,1088105.0
2020-02-03 21:00:00,1064906.0
2020-02-03 21:30:00,1042005.0
2020-02-03 22:00:00,1056844.0
2020-02-03 22:30:00,1048862.0
2020-02-03 23:00:00,1077083.0
2020-02-03 23:30:00,1081500.0
2020-02-04 00:00:00,1063849.0
2020-02-04 00:30:00,1057346.0
2020-02-04 01:00:00,1088802.0
2020-02-04 01:30:00,1079981.0
2020-02-04 02:00:00,1068227.0
2020-02-04 02:30:00,1059688.0
2020-02-04 03:00:00,1046916.0
2020-02-04 03:30:00,1044635.0
2020-02-04 04:00:00,1048580.0
2020-02-04 04:30:00,1060848.0
2020-02-04 05:00:00,1066287.0
2020-02-04 05:30:00,1046568.0
2020-02-04 06:00:00,1049785.0
2020-02-04 06:30:00,1048399.0
2020-02-04 07:00:00,1060336.0
2020-02-04 07:30:00,1040259.0
2020-02-04 08:00:00,1060357.0
2020-02-04 08:30:00,1058759.0
2020-02-04 09:00:00,1045568.0
2020-02-04 09:30:00,1045568.0
2020-02-04 10:00:00,1045568.0
2020-02-04 10:30:00,1045568.0
2020-02-04 11:00:00,1045568.0
2020-02-04 11:30:00,1045568.0
2020-02-04 12:00:00,1045568.0
2020-02-04 12:30:00,1045568.0
2020-02-04 13:00:00,1045568.0
2020-02-04 13:30:00,1045568.0
2020-02-04 14:00:00,1045568.0
2020-02-04 14:30:00,1045568.0
2020-02-04 15:00:00,1045568.0
2020-02-04 15:30:00,1071650.0
2020-02-04 16:00:00,1066387.0
2020-02-04 16:30:00,1061409.0
2020-02-04 17:00:00,1059116.0
2020-02-04 17:30:00,1075115.0
2020-02-04 18:00:00,1096711.0
2020-02-04 18:30:00,1095707.0
2020-02-04 19:00:00,1102205.0
2020-02-04 19:30:00,1090716.0
2020-02-04 20:00:00,1078147.0
2020-02-04 20:30:00,1064734.0
2020-02-04 21:00:00,1047989.0
2020-02-04 21:30:00,1045130.0
2020-02-04 22:00:00,1047499.0
2020-02-04 22:30:00,1041661.0
2020-02-04 23:00:00,1052008.0
2020-02-04 23:30:00,1053396.0
2020-02-05 00:00:00,1053755.0
2020-02-05 00:30:00,1045820.0
2020-02-05 01:00:00,1045684.0
2020-02-05 01:30:00,1059082.0
2020-02-05 02:00:00,1055160.0
2020-02-05 02:30:00,1043078.0
2020-02-05 03:00:00,1043854.0
2020-02-05 03:30:00,1048247.0
2020-02-05 04:00:00,1053885.0
2020-02-05 04:30:00,1042307.0
2020-02-05 05:00:00,1047556.0
2020-02-05 05:30:00,1040579.0
2020-02-05 06:00:00,1037773.0
2020-02-05 06:30:00,1036301.0
2020-02-05 07:00:00,1048207.0
2020-02-05 07:30:00,1044697.0
2020-02-05 08:00:00,1051784.0
2020-02-05 08:30:00,1063499.0
2020-02-05 09:00:00,1063327.0
2020-02-05 09:30:00,1096239.0
2020-02-05 10:00:00,1139550.0
2020-02-05 10:30:00,1133931.0
2020-02-05 11:00:00,1134838.0
2020-02-05 11:30:00,1119639.0
2020-02-05 12:00:00,1081745.0
2020-02-05 12:30:00,1055693.0
2020-02-05 13:00:00,1077436.0
2020-02-05 13:30:00,1100735.0
2020-02-05 14:00:00,1091982.0
2020-02-05 14:30:00,1086916.0
2020-02-05 15:00:00,1072314.0
2020-02-05 15:30:00,1068667.0
2020-02-05 16:00:00,1075836.0
2020-02-05 16:30:00,1062841.0
2020-02-05 17:00:00,1046942.0
2020-02-05 17:30:00,1053281.0
2020-02-05 18:00:00,1068737.0
2020-02-05 18:30:00,1078173.0
2020-02-05 19:00:00,1090851.0
2020-02-05 19:30:00,1095429.0
2020-02-05 20:00:00,1094694.0
2020-02-05 20:30:00,1067549.0
2020-02-05 21:00:00,1054097.0
2020-02-05 21:30:00,1039411.0
2020-02-05 22:00:00,1034962.0
2020-02-05 22:30:00,1032354.0
2020-02-05 23:00:00,1056377.0
2020-02-05 23:30:00,1056479.0
2020-02-06 00:00:00,1043631.0
2020-02-06 00:30:00,1027018.0
2020-02-06 01:00:00,1052697.0
2020-02-06 01:30:00,1074595.0
2020-02-06 02:00:00,1089372.0
2020-02-06 02:30:00,1068699.0
2020-02-06 03:00:00,1078605.0
2020-02-06 03:30:00,1074071.0
2020-02-06 04:00:00,1043162.0
2020-02-06 04:30:00,1035031.0
2020-02-06 05:00:00,1032594.0
2020-02-06 05:30:00,1034863.0
2020-02-06 06:00:00,1036937.0
2020-02-06 06:30:00,1032007.0
2020-02-06 07:00:00,1042352.0
2020-02-06 07:30:00,1028678.0
2020-02-06 08:00:00,1047343.0
2020-02-06 08:30:00,1065321.0
2020-02-06 09:00:00,1077557.0
2020-02-06 09:30:00,1083359.0
2020-02-06 10:00:00,1085068.0
2020-02-06 10:30:00,1095210.0
2020-02-06 11:00:00,1101464.0
2020-02-06 11:30:00,1094151.0
2020-02-06 12:00:00,1067094.0
2020-02-06 12:30:00,1036250.0
2020-02-06 13:00:00,1045319.0
2020-02-06 13:30:00,1070372.0
2020-02-06 14:00:00,1089195.0
2020-02-06 14:30:00,1072004.0
2020-02-06 15:00:00,1066903.0
2020-02-06 15:30:00,1052264.0
2020-02-06 16:00:00,1057311.0
2020-02-06 16:30:00,1051702.0
2020-02-06 17:00:00,1051300.0
2020-02-06 17:30:00,1017141.0
2020-02-06 18:00:00,1044244.0
2020-02-06 18:30:00,1061211.0
2020-02-06 19:00:00,1049708.0
2020-02-06 19:30:00,1023731.0
2020-02-06 20:00:00,1026038.0
2020-02-06 20:30:00,1033211.0
2020-02-06 21:00:00,1027884.0
2020-02-06 21:30:00,1035033.0
2020-02-06 22:00:00,1031494.0
2020-02-06 22:30:00,1044382.0
2020-02-06 23:00:00,1067634.0
2020-02-06 23:30:00,1074772.0
2020-02-07 00:00:00,1076879.0
2020-02-07 00:30:00,1066698.0
2020-02-07 01:00:00,1053158.0
2020-02-07 01:30:00,1042517.0
2020-02-07 02:00:00,1055003.0
2020-02-07 02:30:00,1063806.0
2020-02-07 03:00:00,1081087.0
2020-02-07 03:30:00,1093075.0
2020-02-07 04:00:00,1108798.0
2020-02-07 04:30:00,1103999.0
2020-02-07 05:00:00,1107423.0
2020-02-07 05:30:00,1109742.0
2020-02-07 06:00:00,1102779.0
2020-02-07 06:30:00,1064744.0
2020-02-07 07:00:00,1041667.0
2020-02-07 07:30:00,1045791.0
2020-02-07 08:00:00,1064709.0
2020-02-07 08:30:00,1101874.0
2020-02-07 09:00:00,1089121.0
2020-02-07 09:30:00,1090123.0
2020-02-07 10:00:00,1087580.0
2020-02-07 10:30:00,1091381.0
2020-02-07 11:00:00,1107218.0
2020-02-07 11:30:00,1095161.0
2020-02-07 12:00:00,1035382.0
2020-02-07 12:30:00,1018214.0
2020-02-07 13:00:00,1037539.0
2020-02-07 13:30:00,1041028.0
2020-02-07 14:00:00,1082523.0
2020-02-07 14:30:00,1123490.0
2020-02-07 15:00:00,1112875.0
2020-02-07 15:30:00,1084341.0
2020-02-07 16:00:00,1086071.0
2020-02-07 16:30:00,1092396.0
2020-02-07 17:00:00,1084894.0
2020-02-07 17:30:00,1097670.0
2020-02-07 18:00:00,1091981.0
2020-02-07 18:30:00,1110934.0
2020-02-07 19:00:00,1118900.0
2020-02-07 19:30:00,1120918.0
2020-02-07 20:00:00,1114382.0
2020-02-07 20:30:00,1096705.0
2020-02-07 21:00:00,1092188.0
2020-02-07 21:30:00,1076385.0
2020-02-07 22:00:00,1071465.0
2020-02-07 22:30:00,1066800.0
2020-02-07 23:00:00,1109414.0
2020-02-07 23:30:00,1111846.0
2020-02-08 00:00:00,1105335.0
2020-02-08 00:30:00,1096040.0
2020-02-08 01:00:00,1073356.0
2020-02-08 01:30:00,1067744.0
2020-02-08 02:00:00,1071560.0
2020-02-08 02:30:00,1068313.0
2020-02-08 03:00:00,1096586.0
2020-02-08 03:30:00,1103237.0
2020-02-08 04:00:00,1104659.0
2020-02-08 04:30:00,1092248.0
2020-02-08 05:00:00,1081745.0
2020-02-08 05:30:00,1045629.0
2020-02-08 06:00:00,1044558.0
2020-02-08 06:30:00,1050019.0
2020-02-08 07:00:00,1045587.0
2020-02-08 07:30:00,1047476.0
2020-02-08 08:00:00,1064122.0
2020-02-08 08:30:00,1074347.0
2020-02-08 09:00:00,1078031.0
2020-02-08 09:30:00,1079699.0
2020-02-08 10:00:00,1068949.0
2020-02-08 10:30:00,1049980.0
2020-02-08 11:00:00,1055360.0
2020-02-08 11:30:00,1047386.0
2020-02-08 12:00:00,1046942.0
2020-02-08 12:30:00,1005550.0
2020-02-08 13:00:00,1043016.0
2020-02-08 13:30:00,1039186.0
2020-02-08 14:00:00,1042787.0
2020-02-08 14:30:00,1052810.0
2020-02-08 15:00:00,1030763.0
2020-02-08 15:30:00,1053120.0
2020-02-08 16:00:00,1064682.0
2020-02-08 16:30:00,1051345.0
2020-02-08 17:00:00,1055372.0
2020-02-08 17:30:00,1068706.0
2020-02-08 18:00:00,1081628.0
2020-02-08 18:30:00,1085190.0
2020-02-08 19:00:00,1106290.0
2020-02-08 19:30:00,1107057.0
2020-02-08 20:00:00,1093723.0
2020-02-08 20:30:00,1087326.0
2020-02-08 21:00:00,1059322.0
2020-02-08 21:30:00,1039264.0
2020-02-08 22:00:00,1046131.0
2020-02-08 22:30:00,1048739.0
2020-02-08 23:00:00,1057628.0
2020-02-08 23:30:00,1057323.0
2020-02-09 00:00:00,1046990.0
2020-02-09 00:30:00,1046153.0
2020-02-09 01:00:00,1032779.0
2020-02-09 01:30:00,1036843.0
2020-02-09 02:00:00,1054248.0
2020-02-09 02:30:00,1047211.0
2020-02-09 03:00:00,1038528.0
2020-02-09 03:30:00,1041157.0
2020-02-09 04:00:00,1045062.0
2020-02-09 04:30:00,1044061.0
2020-02-09 05:00:00,1041629.0
2020-02-09 05:30:00,1046877.0
2020-02-09 06:00:00,1043896.0
2020-02-09 06:30:00,1053912.0
2020-02-09 07:00:00,1054928.0
2020-02-09 07:30:00,1056834.0
2020-02-09 08:00:00,1036580.0
2020-02-09 08:30:00,1029372.0
2020-02-09 09:00:00,955244.0
2020-02-09 09:30:00,1007861.0
2020-02-09 10:00:00,1031177.0
2020-02-09 10:30:00,985862.0
2020-02-09 11:00:00,946700.0
2020-02-09 11:30:00,951098.0
2020-02-09 12:00:00,1047753.0
2020-02-09 12:30:00,1028536.0
2020-02-09 13:00:00,945863.0
2020-02-09 13:30:00,971212.0
2020-02-09 14:00:00,1049094.0
2020-02-09 14:30:00,1010026.0
2020-02-09 15:00:00,1016829.0
2020-02-09 15:30:00,1032013.0
2020-02-09 16:00:00,1072832.0
2020-02-09 16:30:00,1025666.0
2020-02-09 17:00:00,1044777.0
2020-02-09 17:30:00,1061420.0
2020-02-09 18:00:00,1049922.0
2020-02-09 18:30:00,1048295.0
2020-02-09 19:00:00,1054991.0
2020-02-09 19:30:00,1049344.0
2020-02-09 20:00:00,1056240.0
2020-02-09 20:30:00,1036991.0
2020-02-09 21:00:00,1028653.0
2020-02-09 21:30:00,1039203.0
2020-02-09 22:00:00,1060271.0
2020-02-09 22:30:00,1057188.0
2020-02-09 23:00:00,1062408.0
2020-02-09 23:30:00,1054345.0
2020-02-10 00:00:00,1055202.0
2020-02-10 00:30:00,1060461.0
2020-02-10 01:00:00,1049416.0
2020-02-10 01:30:00,1088687.0
2020-02-10 02:00:00,1083714.0
2020-02-10 02:30:00,1089356.0
2020-02-10 03:00:00,1061927.0
2020-02-10 03:30:00,1069635.0
2020-02-10 04:00:00,1062246.0
2020-02-10 04:30:00,1043584.0
2020-02-10 05:00:00,1041592.0
2020-02-10 05:30:00,1022461.0
2020-02-10 06:00:00,1032303.0
2020-02-10 06:30:00,1007286.0
2020-02-10 07:00:00,1050152.0
2020-02-10 07:30:00,1040668.0
2020-02-10 08:00:00,1061949.0
2020-02-10 08:30:00,1071201.0
2020-02-10 09:00:00,1078612.0
2020-02-10 09:30:00,1078000.0
2020-02-10 10:00:00,1107420.0
2020-02-10 10:30:00,1113246.0
2020-02-10 11:00:00,1116038.0
2020-02-10 11:30:00,1089740.0
2020-02-10 12:00:00,1053546.0
2020-02-10 12:30:00,1047080.0
2020-02-10 13:00:00,1063167.0
2020-02-10 13:30:00,1088399.0
2020-02-10 14:00:00,1158897.0
2020-02-10 14:30:00,1134222.0
2020-02-10 15:00:00,1132752.0
2020-02-10 15:30:00,1132304.0
2020-02-10 16:00:00,1130733.0
2020-02-10 16:30:00,1121127.0
2020-02-10 17:00:00,1095878.0
2020-02-10 17:30:00,1091184.0
2020-02-10 18:00:00,1101338.0
2020-02-10 18:30:00,1097335.0
2020-02-10 19:00:00,1113983.0
2020-02-10 19:30:00,1125120.0
2020-02-10 20:00:00,1122155.0
2020-02-10 20:30:00,1118845.0
2020-02-10 21:00:00,1098346.0
2020-02-10 21:30:00,1066041.0
2020-02-10 22:00:00,1045559.0
2020-02-10 22:30:00,1039052.0
2020-02-10 23:00:00,1062666.0
2020-02-10 23:30:00,1044100.0
2020-02-11 00:00:00,1038667.0
2020-02-11 00:30:00,1041755.0
2020-02-11 01:00:00,1069003.0
2020-02-11 01:30:00,1099488.0
2020-02-11 02:00:00,1106528.0
2020-02-11 02:30:00,1101276.0
2020-02-11 03:00:00,1096507.0
2020-02-11 03:30:00,1077534.0
2020-02-11 04:00:00,1060492.0
2020-02-11 04:30:00,1038232.0
2020-02-11 05:00:00,1045541.0
2020-02-11 05:30:00,1041782.0
2020-02-11 06:00:00,1039567.0
2020-02-11 06:30:00,1031329.0
2020-02-11 07:00:00,1044697.0
2020-02-11 07:30:00,1054652.0
2020-02-11 08:00:00,1077848.0
2020-02-11 08:30:00,1105806.0
2020-02-11 09:00:00,1116051.0
2020-02-11 09:30:00,1116051.0
2020-02-11 10:00:00,1116051.0
2020-02-11 10:30:00,1116051.0
2020-02-11 11:00:00,1116051.0
2020-02-11 11:30:00,1116051.0
2020-02-11 12:00:00,1116051.0
2020-02-11 12:30:00,1116051.0
2020-02-11 13:00:00,1116051.0
2020-02-11 13:30:00,1116051.0
2020-02-11 14:00:00,1116051.0
2020-02-11 14:30:00,1116051.0
2020-02-11 15:00:00,1116051.0
2020-02-11 15:30:00,1116051.0
2020-02-11 16:00:00,1088168.0
2020-02-11 16:30:00,1123248.0
2020-02-11 17:00:00,1107034.0
2020-02-11 17:30:00,1115739.0
2020-02-11 18:00:00,1129514.0
2020-02-11 18:30:00,1122149.0
2020-02-11 19:00:00,1122591.0
2020-02-11 19:30:00,1107289.0
2020-02-11 20:00:00,1088113.0
2020-02-11 20:30:00,1067467.0
2020-02-11 21:00:00,1036792.0
2020-02-11 21:30:00,1046710.0
2020-02-11 22:00:00,1055257.0
2020-02-11 22:30:00,1052824.0
2020-02-11 23:00:00,1059849.0
2020-02-11 23:30:00,1045825.0
2020-02-12 00:00:00,1056774.0
2020-02-12 00:30:00,1045616.0
2020-02-12 01:00:00,1067433.0
2020-02-12 01:30:00,1087109.0
2020-02-12 02:00:00,1124362.0
2020-02-12 02:30:00,1119857.0
2020-02-12 03:00:00,1106627.0
2020-02-12 03:30:00,1070561.0
2020-02-12 04:00:00,1046201.0
2020-02-12 04:30:00,1069493.0
2020-02-12 05:00:00,1055704.0
2020-02-12 05:30:00,1071843.0
2020-02-12 06:00:00,1087359.0
2020-02-12 06:30:00,1042664.0
2020-02-12 07:00:00,1026031.0
2020-02-12 07:30:00,1022196.0
2020-02-12 08:00:00,1057679.0
2020-02-12 08:30:00,1076868.0
2020-02-12 09:00:00,1064496.0
2020-02-12 09:30:00,1063698.0
2020-02-12 10:00:00,1060593.0
2020-02-12 10:30:00,1064813.0
2020-02-12 11:00:00,1074473.0
2020-02-12 11:30:00,1093336.0
2020-02-12 12:00:00,1086189.0
2020-02-12 12:30:00,1088426.0
2020-02-12 13:00:00,1110548.0
2020-02-12 13:30:00,1158513.0
2020-02-12 14:00:00,1167716.0
2020-02-12 14:30:00,1162479.0
2020-02-12 15:00:00,1119016.0
2020-02-12 15:30:00,1083925.0
2020-02-12 16:00:00,1074451.0
2020-02-12 16:30:00,1079452.0
2020-02-12 17:00:00,1066591.0
2020-02-12 17:30:00,1060629.0
2020-02-12 18:00:00,1070806.0
2020-02-12 18:30:00,1068568.0
2020-02-12 19:00:00,1069398.0
2020-02-12 19:30:00,1067400.0
2020-02-12 20:00:00,1060135.0
2020-02-12 20:30:00,1061283.0
2020-02-12 21:00:00,1058736.0
2020-02-12 21:30:00,1068239.0
2020-02-12 22:00:00,1072608.0
2020-02-12 22:30:00,1075833.0
2020-02-12 23:00:00,1098886.0
2020-02-12 23:30:00,1071341.0
2020-02-13 00:00:00,1048938.0
2020-02-13 00:30:00,1052650.0
2020-02-13 01:00:00,1068749.0
2020-02-13 01:30:00,1098818.0
2020-02-13 02:00:00,1094533.0
2020-02-13 02:30:00,1073349.0
2020-02-13 03:00:00,1059905.0
2020-02-13 03:30:00,1050147.0
2020-02-13 04:00:00,1051539.0
2020-02-13 04:30:00,1059366.0
2020-02-13 05:00:00,1054618.0
2020-02-13 05:30:00,1058724.0
2020-02-13 06:00:00,1055934.0
2020-02-13 06:30:00,1039409.0
2020-02-13 07:00:00,1033968.0
2020-02-13 07:30:00,1039847.0
2020-02-13 08:00:00,1051511.0
2020-02-13 08:30:00,1049626.0
2020-02-13 09:00:00,1055273.0
2020-02-13 09:30:00,1061079.0
2020-02-13 10:00:00,1056983.0
2020-02-13 10:30:00,1068956.0
2020-02-13 11:00:00,1106845.0
2020-02-13 11:30:00,1114006.0
2020-02-13 12:00:00,1098739.0
2020-02-13 12:30:00,1078604.0
2020-02-13 13:00:00,1103507.0
2020-02-13 13:30:00,1110009.0
2020-02-13 14:00:00,1118573.0
2020-02-13 14:30:00,1095598.0
2020-02-13 15:00:00,1095232.0
2020-02-13 15:30:00,1079784.0
2020-02-13 16:00:00,1081517.0
2020-02-13 16:30:00,1096400.0
2020-02-13 17:00:00,1091898.0
2020-02-13 17:30:00,1109335.0
2020-02-13 18:00:00,1109481.0
2020-02-13 18:30:00,1116003.0
2020-02-13 19:00:00,1118421.0
2020-02-13 19:30:00,1108414.0
2020-02-13 20:00:00,1071264.0
2020-02-13 20:30:00,1052360.0
2020-02-13 21:00:00,1059409.0
2020-02-13 21:30:00,1059405.0
2020-02-13 22:00:00,1056886.0
2020-02-13 22:30:00,1050028.0
2020-02-13 23:00:00,1051642.0
2020-02-13 23:30:00,1053989.0
2020-02-14 00:00:00,1048867.0
2020-02-14 00:30:00,1053673.0
2020-02-14 01:00:00,1059865.0
2020-02-14 01:30:00,1062863.0
2020-02-14 02:00:00,1060502.0
2020-02-14 02:30:00,1064652.0
2020-02-14 03:00:00,1060962.0
2020-02-14 03:30:00,1071012.0
2020-02-14 04:00:00,1074582.0
2020-02-14 04:30:00,1079799.0
2020-02-14 05:00:00,1062478.0
2020-02-14 05:30:00,1061340.0
2020-02-14 06:00:00,1063937.0
2020-02-14 06:30:00,1089030.0
2020-02-14 07:00:00,1069165.0
2020-02-14 07:30:00,1056881.0
2020-02-14 08:00:00,1068663.0
2020-02-14 08:30:00,1067011.0
2020-02-14 09:00:00,1063785.0
2020-02-14 09:30:00,1076621.0
2020-02-14 10:00:00,1074097.0
2020-02-14 10:30:00,1074557.0
2020-02-14 11:00:00,1084574.0
2020-02-14 11:30:00,1073676.0
2020-02-14 12:00:00,1069834.0
2020-02-14 12:30:00,1056151.0
2020-02-14 13:00:00,1055433.0
2020-02-14 13:30:00,1090154.0
2020-02-14 14:00:00,1150596.0
2020-02-14 14:30:00,1112354.0
2020-02-14 15:00:00,1060926.0
2020-02-14 15:30:00,1078879.0
2020-02-14 16:00:00,1072250.0
2020-02-14 16:30:00,1084215.0
2020-02-14 17:00:00,1066526.0
2020-02-14 17:30:00,1065713.0
2020-02-14 18:00:00,1086126.0
2020-02-14 18:30:00,1106254.0
2020-02-14 19:00:00,1117505.0
2020-02-14 19:30:00,1121100.0
2020-02-14 20:00:00,1127064.0
2020-02-14 20:30:00,1106308.0
2020-02-14 21:00:00,1085288.0
2020-02-14 21:30:00,1070256.0
2020-02-14 22:00:00,1053603.0
2020-02-14 22:30:00,1059823.0
2020-02-14 23:00:00,1094550.0
2020-02-14 23:30:00,1085795.0
2020-02-15 00:00:00,1088386.0
2020-02-15 00:30:00,1081194.0
2020-02-15 01:00:00,1076290.0
2020-02-15 01:30:00,1071114.0
2020-02-15 02:00:00,1084300.0
2020-02-15 02:30:00,1072771.0
2020-02-15 03:00:00,1079532.0
2020-02-15 03:30:00,1078786.0
2020-02-15 04:00:00,1088391.0
2020-02-15 04:30:00,1080260.0
2020-02-15 05:00:00,1080554.0
2020-02-15 05:30:00,1067324.0
2020-02-15 06:00:00,1063346.0
2020-02-15 06:30:00,1058475.0
2020-02-15 07:00:00,1059678.0
2020-02-15 07:30:00,1060619.0
2020-02-15 08:00:00,1060082.0
2020-02-15 08:30:00,1063430.0
2020-02-15 09:00:00,1059167.0
2020-02-15 09:30:00,1072280.0
2020-02-15 10:00:00,1064690.0
2020-02-15 10:30:00,1078314.0
2020-02-15 11:00:00,1096176.0
2020-02-15 11:30:00,1092863.0
2020-02-15 12:00:00,1069122.0
2020-02-15 12:30:00,1106929.0
2020-02-15 13:00:00,1085962.0
2020-02-15 13:30:00,1063549.0
2020-02-15 14:00:00,1058368.0
2020-02-15 14:30:00,1060713.0
2020-02-15 15:00:00,1065665.0
2020-02-15 15:30:00,1072226.0
2020-02-15 16:00:00,1072008.0
2020-02-15 16:30:00,1066862.0
2020-02-15 17:00:00,1074941.0
2020-02-15 17:30:00,1090700.0
2020-02-15 18:00:00,1090683.0
2020-02-15 18:30:00,1087569.0
2020-02-15 19:00:00,1090914.0
2020-02-15 19:30:00,1085154.0
2020-02-15 20:00:00,1100702.0
2020-02-15 20:30:00,1088355.0
2020-02-15 21:00:00,1087976.0
2020-02-15 21:30:00,1105519.0
2020-02-15 22:00:00,1100942.0
2020-02-15 22:30:00,1108472.0
2020-02-15 23:00:00,1104558.0
2020-02-15 23:30:00,1104335.0
2020-02-16 00:00:00,1108314.0
2020-02-16 00:30:00,1071782.0
2020-02-16 01:00:00,1086886.0
2020-02-16 01:30:00,1113677.0
2020-02-16 02:00:00,1091708.0
2020-02-16 02:30:00,1081406.0
2020-02-16 03:00:00,1077317.0
2020-02-16 03:30:00,1076467.0
2020-02-16 04:00:00,1086490.0
2020-02-16 04:30:00,1105788.0
2020-02-16 05:00:00,1111303.0
2020-02-16 05:30:00,1092991.0
2020-02-16 06:00:00,1063820.0
2020-02-16 06:30:00,1054083.0
2020-02-16 07:00:00,1057501.0
2020-02-16 07:30:00,1058512.0
2020-02-16 08:00:00,1071612.0
2020-02-16 08:30:00,1086742.0
2020-02-16 09:00:00,1107861.0
2020-02-16 09:30:00,1119798.0
2020-02-16 10:00:00,1122820.0
2020-02-16 10:30:00,1120935.0
2020-02-16 11:00:00,1108618.0
2020-02-16 11:30:00,1093234.0
2020-02-16 12:00:00,1063156.0
2020-02-16 12:30:00,1076161.0
2020-02-16 13:00:00,1086941.0
2020-02-16 13:30:00,1072598.0
2020-02-16 14:00:00,1056403.0
2020-02-16 14:30:00,1024852.0
2020-02-16 15:00:00,1088013.0
2020-02-16 15:30:00,1114251.0
2020-02-16 16:00:00,1115627.0
2020-02-16 16:30:00,1115451.0
2020-02-16 17:00:00,1103389.0
2020-02-16 17:30:00,1095461.0
2020-02-16 18:00:00,1105631.0
2020-02-16 18:30:00,1120450.0
2020-02-16 19:00:00,1142911.0
2020-02-16 19:30:00,1133570.0
2020-02-16 20:00:00,1127206.0
2020-02-16 20:30:00,1110542.0
2020-02-16 21:00:00,1093922.0
2020-02-16 21:30:00,1072938.0
2020-02-16 22:00:00,1078938.0
2020-02-16 22:30:00,1064865.0
2020-02-16 23:00:00,1059946.0
2020-02-16 23:30:00,1056848.0
2020-02-17 00:00:00,1052956.0
2020-02-17 00:30:00,1044047.0
2020-02-17 01:00:00,1047967.0
2020-02-17 01:30:00,1084811.0
2020-02-17 02:00:00,1063818.0
2020-02-17 02:30:00,1065819.0
2020-02-17 03:00:00,1053280.0
2020-02-17 03:30:00,1062819.0
2020-02-17 04:00:00,1046543.0
2020-02-17 04:30:00,1103225.0
2020-02-17 05:00:00,1097735.0
2020-02-17 05:30:00,1098450.0
2020-02-17 06:00:00,1091111.0
2020-02-17 06:30:00,1062802.0
2020-02-17 07:00:00,1074531.0
2020-02-17 07:30:00,1086266.0
2020-02-17 08:00:00,1089415.0
2020-02-17 08:30:00,1123004.0
2020-02-17 09:00:00,1117886.0
2020-02-17 09:30:00,1128650.0
2020-02-17 10:00:00,1128077.0
2020-02-17 10:30:00,1126669.0
2020-02-17 11:00:00,1123775.0
2020-02-17 11:30:00,1134500.0
2020-02-17 12:00:00,1130516.0
2020-02-17 12:30:00,1128026.0
2020-02-17 13:00:00,1132814.0
2020-02-17 13:30:00,1135183.0
2020-02-17 14:00:00,1119131.0
2020-02-17 14:30:00,1119499.0
2020-02-17 15:00:00,1136482.0
2020-02-17 15:30:00,1128749.0
2020-02-17 16:00:00,1129577.0
2020-02-17 16:30:00,1129575.0
2020-02-17 17:00:00,1124686.0
2020-02-17 17:30:00,1122970.0
2020-02-17 18:00:00,1131914.0
2020-02-17 18:30:00,1122792.0
2020-02-17 19:00:00,1132205.0
2020-02-17 19:30:00,1129752.0
2020-02-17 20:00:00,1131857.0
2020-02-17 20:30:00,1133259.0
2020-02-17 21:00:00,1129274.0
2020-02-17 21:30:00,1126707.0
2020-02-17 22:00:00,1132598.0
2020-02-17 22:30:00,1127765.0
2020-02-17 23:00:00,1121654.0
2020-02-17 23:30:00,1127278.0
2020-02-18 00:00:00,1128172.0
2020-02-18 00:30:00,1129561.0
2020-02-18 01:00:00,1131389.0
2020-02-18 01:30:00,1127964.0
2020-02-18 02:00:00,1132329.0
2020-02-18 02:30:00,1130200.0
2020-02-18 03:00:00,1130517.0
2020-02-18 03:30:00,1132383.0
2020-02-18 04:00:00,1137420.0
2020-02-18 04:30:00,1131263.0
2020-02-18 05:00:00,1129988.0
2020-02-18 05:30:00,1129495.0
2020-02-18 06:00:00,1120697.0
2020-02-18 06:30:00,1125801.0
2020-02-18 07:00:00,1126080.0
2020-02-18 07:30:00,1118625.0
2020-02-18 08:00:00,1120178.0
2020-02-18 08:30:00,1127848.0
2020-02-18 09:00:00,1128387.0
2020-02-18 09:30:00,1125730.0
2020-02-18 10:00:00,1125730.0
2020-02-18 10:30:00,1125730.0
2020-02-18 11:00:00,1125730.0
2020-02-18 11:30:00,1125730.0
2020-02-18 12:00:00,1125730.0
2020-02-18 12:30:00,1125730.0
2020-02-18 13:00:00,1125730.0
2020-02-18 13:30:00,1125730.0
2020-02-18 14:00:00,1125730.0
2020-02-18 14:30:00,1125730.0
2020-02-18 15:00:00,1125730.0
2020-02-18 15:30:00,1125730.0
2020-02-18 16:00:00,1125730.0
2020-02-18 16:30:00,1125730.0
2020-02-18 17:00:00,1125730.0
2020-02-18 17:30:00,1125730.0
2020-02-18 18:00:00,1128889.0
2020-02-18 18:30:00,1130798.0
2020-02-18 19:00:00,1132204.0
2020-02-18 19:30:00,1130665.0
2020-02-18 20:00:00,1135814.0
2020-02-18 20:30:00,1127874.0
2020-02-18 21:00:00,1130396.0
2020-02-18 21:30:00,1128261.0
2020-02-18 22:00:00,1132320.0
2020-02-18 22:30:00,1123058.0
2020-02-18 23:00:00,1130849.0
2020-02-18 23:30:00,1126834.0
2020-02-19 00:00:00,1106434.0
2020-02-19 00:30:00,1097216.0
2020-02-19 01:00:00,1070805.0
2020-02-19 01:30:00,1070198.0
2020-02-19 02:00:00,1064277.0
2020-02-19 02:30:00,1070850.0
2020-02-19 03:00:00,1068645.0
2020-02-19 03:30:00,1079595.0
2020-02-19 04:00:00,1072876.0
2020-02-19 04:30:00,1060962.0
2020-02-19 05:00:00,1049126.0
2020-02-19 05:30:00,1047410.0
2020-02-19 06:00:00,1056695.0
2020-02-19 06:30:00,1059044.0
2020-02-19 07:00:00,1062507.0
2020-02-19 07:30:00,1045980.0
2020-02-19 08:00:00,1052529.0
2020-02-19 08:30:00,1062904.0
2020-02-19 09:00:00,1057741.0
2020-02-19 09:30:00,1044926.0
2020-02-19 10:00:00,1050733.0
2020-02-19 10:30:00,1054108.0
2020-02-19 11:00:00,1049403.0
2020-02-19 11:30:00,1046053.0
2020-02-19 12:00:00,1040026.0
2020-02-19 12:30:00,1031341.0
2020-02-19 13:00:00,1056345.0
2020-02-19 13:30:00,1053315.0
2020-02-19 14:00:00,1071854.0
2020-02-19 14:30:00,1106498.0
2020-02-19 15:00:00,1163203.0
2020-02-19 15:30:00,1144297.0
2020-02-19 16:00:00,1137537.0
2020-02-19 16:30:00,1135127.0
2020-02-19 17:00:00,1119088.0
2020-02-19 17:30:00,1103465.0
2020-02-19 18:00:00,1083035.0
2020-02-19 18:30:00,1054684.0
2020-02-19 19:00:00,1047433.0
2020-02-19 19:30:00,1053313.0
2020-02-19 20:00:00,1053582.0
2020-02-19 20:30:00,1050543.0
2020-02-19 21:00:00,1051052.0
2020-02-19 21:30:00,1052934.0
2020-02-19 22:00:00,1050388.0
2020-02-19 22:30:00,1041902.0
2020-02-19 23:00:00,1058275.0
2020-02-19 23:30:00,1048081.0
2020-02-20 00:00:00,1039666.0
2020-02-20 00:30:00,1043742.0
2020-02-20 01:00:00,1038737.0
2020-02-20 01:30:00,1054203.0
2020-02-20 02:00:00,1052430.0
2020-02-20 02:30:00,1054550.0
2020-02-20 03:00:00,1060286.0
2020-02-20 03:30:00,1063631.0
2020-02-20 04:00:00,1077209.0
2020-02-20 04:30:00,1092746.0
2020-02-20 05:00:00,1103809.0
2020-02-20 05:30:00,1118086.0
2020-02-20 06:00:00,1118909.0
2020-02-20 06:30:00,1111543.0
2020-02-20 07:00:00,1111942.0
2020-02-20 07:30:00,1065766.0
2020-02-20 08:00:00,1053066.0
2020-02-20 08:30:00,1049685.0
2020-02-20 09:00:00,1043743.0
2020-02-20 09:30:00,1051044.0
2020-02-20 10:00:00,1043136.0
2020-02-20 10:30:00,1041188.0
2020-02-20 11:00:00,1047433.0
2020-02-20 11:30:00,1044561.0
2020-02-20 12:00:00,1040950.0
2020-02-20 12:30:00,1039015.0
2020-02-20 13:00:00,1040567.0
2020-02-20 13:30:00,1061324.0
2020-02-20 14:00:00,1064977.0
2020-02-20 14:30:00,1061518.0
2020-02-20 15:00:00,1066474.0
2020-02-20 15:30:00,1083396.0
2020-02-20 16:00:00,1096906.0
2020-02-20 16:30:00,1098621.0
2020-02-20 17:00:00,1092646.0
2020-02-20 17:30:00,1089181.0
2020-02-20 18:00:00,1091008.0
2020-02-20 18:30:00,1101653.0
2020-02-20 19:00:00,1108234.0
2020-02-20 19:30:00,1120531.0
2020-02-20 20:00:00,1125934.0
2020-02-20 20:30:00,1118245.0
2020-02-20 21:00:00,1099867.0
2020-02-20 21:30:00,1073919.0
2020-02-20 22:00:00,1063247.0
2020-02-20 22:30:00,1042295.0
2020-02-20 23:00:00,1050849.0
2020-02-20 23:30:00,1056592.0
2020-02-21 00:00:00,1046252.0
2020-02-21 00:30:00,1046024.0
2020-02-21 01:00:00,1059118.0
2020-02-21 01:30:00,1054535.0
2020-02-21 02:00:00,1049585.0
2020-02-21 02:30:00,1045400.0
2020-02-21 03:00:00,1045550.0
2020-02-21 03:30:00,1044048.0
2020-02-21 04:00:00,1047390.0
2020-02-21 04:30:00,1069078.0
2020-02-21 05:00:00,1059005.0
2020-02-21 05:30:00,1059276.0
2020-02-21 06:00:00,1047214.0
2020-02-21 06:30:00,1039063.0
2020-02-21 07:00:00,1028793.0
2020-02-21 07:30:00,1033190.0
2020-02-21 08:00:00,1049207.0
2020-02-21 08:30:00,1050148.0
2020-02-21 09:00:00,1043290.0
2020-02-21 09:30:00,1042943.0
2020-02-21 10:00:00,1046540.0
2020-02-21 10:30:00,1057035.0
2020-02-21 11:00:00,1078594.0
2020-02-21 11:30:00,1078864.0
2020-02-21 12:00:00,1057027.0
2020-02-21 12:30:00,1059070.0
2020-02-21 13:00:00,1057397.0
2020-02-21 13:30:00,1083717.0
2020-02-21 14:00:00,1138365.0
2020-02-21 14:30:00,1117520.0
2020-02-21 15:00:00,1117517.0
2020-02-21 15:30:00,1106516.0
2020-02-21 16:00:00,1103967.0
2020-02-21 16:30:00,1083101.0
2020-02-21 17:00:00,1051056.0
2020-02-21 17:30:00,1041341.0
2020-02-21 18:00:00,1048407.0
2020-02-21 18:30:00,1053015.0
2020-02-21 19:00:00,1060414.0
2020-02-21 19:30:00,1068160.0
2020-02-21 20:00:00,1063885.0
2020-02-21 20:30:00,1057434.0
2020-02-21 21:00:00,1056260.0
2020-02-21 21:30:00,1053167.0
2020-02-21 22:00:00,1051092.0
2020-02-21 22:30:00,1051224.0
2020-02-21 23:00:00,1064979.0
2020-02-21 23:30:00,1070174.0
2020-02-22 00:00:00,1066410.0
2020-02-22 00:30:00,1080742.0
2020-02-22 01:00:00,1048391.0
2020-02-22 01:30:00,1054574.0
2020-02-22 02:00:00,1046710.0
2020-02-22 02:30:00,1055576.0
2020-02-22 03:00:00,1049617.0
2020-02-22 03:30:00,1041595.0
2020-02-22 04:00:00,1060238.0
2020-02-22 04:30:00,1056832.0
2020-02-22 05:00:00,1057055.0
2020-02-22 05:30:00,1030718.0
2020-02-22 06:00:00,1040932.0
2020-02-22 06:30:00,1033267.0
2020-02-22 07:00:00,1043220.0
2020-02-22 07:30:00,1046657.0
2020-02-22 08:00:00,1084117.0
2020-02-22 08:30:00,1075061.0
2020-02-22 09:00:00,1064717.0
2020-02-22 09:30:00,1061963.0
2020-02-22 10:00:00,976225.0
2020-02-22 10:30:00,936878.0
2020-02-22 11:00:00,946148.0
2020-02-22 11:30:00,940508.0
2020-02-22 12:00:00,935733.0
2020-02-22 12:30:00,927422.0
2020-02-22 13:00:00,939274.0
2020-02-22 13:30:00,925652.0
2020-02-22 14:00:00,926188.0
2020-02-22 14:30:00,946684.0
2020-02-22 15:00:00,985830.0
2020-02-22 15:30:00,1042517.0
2020-02-22 16:00:00,991712.0
2020-02-22 16:30:00,1013557.0
2020-02-22 17:00:00,1035758.0
2020-02-22 17:30:00,1044126.0
2020-02-22 18:00:00,1052806.0
2020-02-22 18:30:00,1062270.0
2020-02-22 19:00:00,1064734.0
2020-02-22 19:30:00,1051953.0
2020-02-22 20:00:00,1033830.0
2020-02-22 20:30:00,1041006.0
2020-02-22 21:00:00,1046398.0
2020-02-22 21:30:00,1043392.0
2020-02-22 22:00:00,1062083.0
2020-02-22 22:30:00,1064178.0
2020-02-22 23:00:00,1102546.0
2020-02-22 23:30:00,1091610.0
2020-02-23 00:00:00,1097287.0
2020-02-23 00:30:00,1080811.0
2020-02-23 01:00:00,1030589.0
2020-02-23 01:30:00,1011602.0
2020-02-23 02:00:00,1039097.0
2020-02-23 02:30:00,1030593.0
2020-02-23 03:00:00,1035186.0
2020-02-23 03:30:00,1028582.0
2020-02-23 04:00:00,1037764.0
2020-02-23 04:30:00,1038814.0
2020-02-23 05:00:00,1026111.0
2020-02-23 05:30:00,1030629.0
2020-02-23 06:00:00,1036131.0
2020-02-23 06:30:00,1040828.0
2020-02-23 07:00:00,1033530.0
2020-02-23 07:30:00,1024690.0
2020-02-23 08:00:00,995494.0
2020-02-23 08:30:00,996390.0
2020-02-23 09:00:00,976143.0
2020-02-23 09:30:00,1060993.0
2020-02-23 10:00:00,1018472.0
2020-02-23 10:30:00,1010453.0
2020-02-23 11:00:00,1026250.0
2020-02-23 11:30:00,965216.0
2020-02-23 12:00:00,1010637.0
2020-02-23 12:30:00,1006276.0
2020-02-23 13:00:00,1039167.0
2020-02-23 13:30:00,1022192.0
2020-02-23 14:00:00,1014014.0
2020-02-23 14:30:00,1047343.0
2020-02-23 15:00:00,1007343.0
2020-02-23 15:30:00,930735.0
2020-02-23 16:00:00,980036.0
2020-02-23 16:30:00,959827.0
2020-02-23 17:00:00,984523.0
2020-02-23 17:30:00,1109722.0
2020-02-23 18:00:00,1122688.0
2020-02-23 18:30:00,1114411.0
2020-02-23 19:00:00,1114705.0
2020-02-23 19:30:00,1127486.0
2020-02-23 20:00:00,1124428.0
2020-02-23 20:30:00,1111222.0
2020-02-23 21:00:00,1108887.0
2020-02-23 21:30:00,1111558.0
2020-02-23 22:00:00,1120374.0
2020-02-23 22:30:00,1122517.0
2020-02-23 23:00:00,1118820.0
2020-02-23 23:30:00,1104682.0
2020-02-24 00:00:00,1059614.0
2020-02-24 00:30:00,1029397.0
2020-02-24 01:00:00,1032111.0
2020-02-24 01:30:00,1034333.0
2020-02-24 02:00:00,1037200.0
2020-02-24 02:30:00,1027239.0
2020-02-24 03:00:00,1026047.0
2020-02-24 03:30:00,1027751.0
2020-02-24 04:00:00,1033057.0
2020-02-24 04:30:00,1025331.0
2020-02-24 05:00:00,1035550.0
2020-02-24 05:30:00,1030596.0
2020-02-24 06:00:00,1046505.0
2020-02-24 06:30:00,1032222.0
2020-02-24 07:00:00,1078696.0
2020-02-24 07:30:00,1075476.0
2020-02-24 08:00:00,1079136.0
2020-02-24 08:30:00,1067549.0
2020-02-24 09:00:00,1046567.0
2020-02-24 09:30:00,1050899.0
2020-02-24 10:00:00,1047370.0
2020-02-24 10:30:00,1052770.0
2020-02-24 11:00:00,1073709.0
2020-02-24 11:30:00,1086625.0
2020-02-24 12:00:00,1057721.0
2020-02-24 12:30:00,997182.0
2020-02-24 13:00:00,1089143.0
2020-02-24 13:30:00,1109309.0
2020-02-24 14:00:00,1160899.0
2020-02-24 14:30:00,1165731.0
2020-02-24 15:00:00,1140839.0
2020-02-24 15:30:00,1144289.0
2020-02-24 16:00:00,1137234.0
2020-02-24 16:30:00,1125225.0
2020-02-24 17:00:00,1082685.0
2020-02-24 17:30:00,1069657.0
2020-02-24 18:00:00,1064744.0
2020-02-24 18:30:00,1062380.0
2020-02-24 19:00:00,1067517.0
2020-02-24 19:30:00,1057907.0
2020-02-24 20:00:00,1052479.0
2020-02-24 20:30:00,1052242.0
2020-02-24 21:00:00,1059822.0
2020-02-24 21:30:00,1059251.0
2020-02-24 22:00:00,1060270.0
2020-02-24 22:30:00,1058433.0
2020-02-24 23:00:00,1094637.0
2020-02-24 23:30:00,1076008.0
2020-02-25 00:00:00,1054557.0
2020-02-25 00:30:00,1054892.0
2020-02-25 01:00:00,1076240.0
2020-02-25 01:30:00,1110483.0
2020-02-25 02:00:00,1129056.0
2020-02-25 02:30:00,1140264.0
2020-02-25 03:00:00,1138161.0
2020-02-25 03:30:00,1140412.0
2020-02-25 04:00:00,1136719.0
2020-02-25 04:30:00,1130346.0
2020-02-25 05:00:00,1127625.0
2020-02-25 05:30:00,1122757.0
2020-02-25 06:00:00,1120968.0
2020-02-25 06:30:00,1108614.0
2020-02-25 07:00:00,1120905.0
2020-02-25 07:30:00,1127728.0
2020-02-25 08:00:00,1141804.0
2020-02-25 08:30:00,1128893.0
2020-02-25 09:00:00,1119811.0
2020-02-25 09:30:00,1117224.0
2020-02-25 10:00:00,1117224.0
2020-02-25 10:30:00,1117224.0
2020-02-25 11:00:00,1117224.0
2020-02-25 11:30:00,1117224.0
2020-02-25 12:00:00,1117224.0
2020-02-25 12:30:00,1117224.0
2020-02-25 13:00:00,1117224.0
2020-02-25 13:30:00,1117224.0
2020-02-25 14:00:00,1117224.0
2020-02-25 14:30:00,1117224.0
2020-02-25 15:00:00,1117224.0
2020-02-25 15:30:00,1117224.0
2020-02-25 16:00:00,1117224.0
2020-02-25 16:30:00,1108923.0
2020-02-25 17:00:00,1063414.0
2020-02-25 17:30:00,1064250.0
2020-02-25 18:00:00,1067259.0
2020-02-25 18:30:00,1067765.0
2020-02-25 19:00:00,1065100.0
2020-02-25 19:30:00,1065504.0
2020-02-25 20:00:00,1060905.0
2020-02-25 20:30:00,1066628.0
2020-02-25 21:00:00,1063084.0
2020-02-25 21:30:00,1057049.0
2020-02-25 22:00:00,1058952.0
2020-02-25 22:30:00,1069266.0
2020-02-25 23:00:00,1101489.0
2020-02-25 23:30:00,1091909.0
2020-02-26 00:00:00,1071367.0
2020-02-26 00:30:00,1055773.0
2020-02-26 01:00:00,1049635.0
2020-02-26 01:30:00,1059937.0
2020-02-26 02:00:00,1059090.0
2020-02-26 02:30:00,1053029.0
2020-02-26 03:00:00,1052966.0
2020-02-26 03:30:00,1054349.0
2020-02-26 04:00:00,1064142.0
2020-02-26 04:30:00,1062975.0
2020-02-26 05:00:00,1046909.0
2020-02-26 05:30:00,1046462.0
2020-02-26 06:00:00,1049517.0
2020-02-26 06:30:00,1053589.0
2020-02-26 07:00:00,1062848.0
2020-02-26 07:30:00,1052462.0
2020-02-26 08:00:00,1055989.0
2020-02-26 08:30:00,1059715.0
2020-02-26 09:00:00,1063674.0
2020-02-26 09:30:00,1061964.0
2020-02-26 10:00:00,1063305.0
2020-02-26 10:30:00,1060549.0
2020-02-26 11:00:00,1060958.0
2020-02-26 11:30:00,1065755.0
2020-02-26 12:00:00,1058604.0
2020-02-26 12:30:00,1050509.0
2020-02-26 13:00:00,1086220.0
2020-02-26 13:30:00,1103103.0
2020-02-26 14:00:00,1152718.0
2020-02-26 14:30:00,1138471.0
2020-02-26 15:00:00,1127555.0
2020-02-26 15:30:00,1140348.0
2020-02-26 16:00:00,1120979.0
2020-02-26 16:30:00,1122734.0
2020-02-26 17:00:00,1096453.0
2020-02-26 17:30:00,1079252.0
2020-02-26 18:00:00,1063073.0
2020-02-26 18:30:00,1056801.0
2020-02-26 19:00:00,1047732.0
2020-02-26 19:30:00,1047089.0
2020-02-26 20:00:00,1063733.0
2020-02-26 20:30:00,1048252.0
2020-02-26 21:00:00,1050362.0
2020-02-26 21:30:00,1048903.0
2020-02-26 22:00:00,1051040.0
2020-02-26 22:30:00,1050217.0
2020-02-26 23:00:00,1067754.0
2020-02-26 23:30:00,1057015.0
2020-02-27 00:00:00,1056894.0
2020-02-27 00:30:00,1079329.0
2020-02-27 01:00:00,1061805.0
2020-02-27 01:30:00,1050905.0
2020-02-27 02:00:00,1058640.0
2020-02-27 02:30:00,1060265.0
2020-02-27 03:00:00,1064341.0
2020-02-27 03:30:00,1052411.0
2020-02-27 04:00:00,1051320.0
2020-02-27 04:30:00,1048120.0
2020-02-27 05:00:00,1052396.0
2020-02-27 05:30:00,1066678.0
2020-02-27 06:00:00,1075617.0
2020-02-27 06:30:00,1088007.0
2020-02-27 07:00:00,1107968.0
2020-02-27 07:30:00,1094005.0
2020-02-27 08:00:00,1119873.0
2020-02-27 08:30:00,1119734.0
2020-02-27 09:00:00,1107203.0
2020-02-27 09:30:00,1104666.0
2020-02-27 10:00:00,1091336.0
2020-02-27 10:30:00,1104697.0
2020-02-27 11:00:00,1100464.0
2020-02-27 11:30:00,1093878.0
2020-02-27 12:00:00,1041815.0
2020-02-27 12:30:00,1044876.0
2020-02-27 13:00:00,1073456.0
2020-02-27 13:30:00,1080325.0
2020-02-27 14:00:00,1055350.0
2020-02-27 14:30:00,1052121.0
2020-02-27 15:00:00,1071242.0
2020-02-27 15:30:00,1068759.0
2020-02-27 16:00:00,1084689.0
2020-02-27 16:30:00,1085147.0
2020-02-27 17:00:00,1078844.0
2020-02-27 17:30:00,1053177.0
2020-02-27 18:00:00,1042981.0
2020-02-27 18:30:00,1052255.0
2020-02-27 19:00:00,1065204.0
2020-02-27 19:30:00,1051581.0
2020-02-27 20:00:00,1061534.0
2020-02-27 20:30:00,1056135.0
2020-02-27 21:00:00,1050698.0
2020-02-27 21:30:00,1051068.0
2020-02-27 22:00:00,1052769.0
2020-02-27 22:30:00,1058405.0
2020-02-27 23:00:00,1062888.0
2020-02-27 23:30:00,1051323.0
2020-02-28 00:00:00,1050185.0
2020-02-28 00:30:00,1061186.0
2020-02-28 01:00:00,1081580.0
2020-02-28 01:30:00,1093462.0
2020-02-28 02:00:00,1096102.0
2020-02-28 02:30:00,1108526.0
2020-02-28 03:00:00,1103578.0
2020-02-28 03:30:00,1087879.0
2020-02-28 04:00:00,1073546.0
2020-02-28 04:30:00,1067491.0
2020-02-28 05:00:00,1072121.0
2020-02-28 05:30:00,1081512.0
2020-02-28 06:00:00,1084134.0
2020-02-28 06:30:00,1085412.0
2020-02-28 07:00:00,1090069.0
2020-02-28 07:30:00,1055971.0
2020-02-28 08:00:00,1086461.0
2020-02-28 08:30:00,1103972.0
2020-02-28 09:00:00,1105467.0
2020-02-28 09:30:00,1114456.0
2020-02-28 10:00:00,1121554.0
2020-02-28 10:30:00,1128352.0
2020-02-28 11:00:00,1140779.0
2020-02-28 11:30:00,1142966.0
2020-02-28 12:00:00,1146019.0
2020-02-28 12:30:00,1146512.0
2020-02-28 13:00:00,1155964.0
2020-02-28 13:30:00,1160980.0
2020-02-28 14:00:00,1154197.0
2020-02-28 14:30:00,1153448.0
2020-02-28 15:00:00,1146576.0
2020-02-28 15:30:00,1143746.0
2020-02-28 16:00:00,1138501.0
2020-02-28 16:30:00,1122564.0
2020-02-28 17:00:00,1079346.0
2020-02-28 17:30:00,1054836.0
2020-02-28 18:00:00,1050018.0
2020-02-28 18:30:00,1064460.0
2020-02-28 19:00:00,1073395.0
2020-02-28 19:30:00,1060590.0
2020-02-28 20:00:00,1060053.0
2020-02-28 20:30:00,1062581.0
2020-02-28 21:00:00,1056947.0
2020-02-28 21:30:00,1049434.0
2020-02-28 22:00:00,1044003.0
2020-02-28 22:30:00,1053997.0
2020-02-28 23:00:00,1076807.0
2020-02-28 23:30:00,1061299.0
2020-02-29 00:00:00,1055218.0
2020-02-29 00:30:00,1052740.0
2020-02-29 01:00:00,1050882.0
2020-02-29 01:30:00,1060004.0
2020-02-29 02:00:00,1054017.0
2020-02-29 02:30:00,1044257.0
2020-02-29 03:00:00,1060959.0
2020-02-29 03:30:00,1058670.0
2020-02-29 04:00:00,1054215.0
2020-02-29 04:30:00,1052524.0
2020-02-29 05:00:00,1060485.0
2020-02-29 05:30:00,1054781.0
2020-02-29 06:00:00,1061383.0
2020-02-29 06:30:00,1054483.0
2020-02-29 07:00:00,1079572.0
2020-02-29 07:30:00,1066868.0
2020-02-29 08:00:00,1056452.0
2020-02-29 08:30:00,1047982.0
2020-02-29 09:00:00,1054057.0
2020-02-29 09:30:00,1055338.0
2020-02-29 10:00:00,1057508.0
2020-02-29 10:30:00,1055633.0
2020-02-29 11:00:00,1055099.0
2020-02-29 11:30:00,1061369.0
2020-02-29 12:00:00,1065529.0
2020-02-29 12:30:00,1061225.0
2020-02-29 13:00:00,1060260.0
2020-02-29 13:30:00,1060849.0
2020-02-29 14:00:00,1061717.0
2020-02-29 14:30:00,1078244.0
2020-02-29 15:00:00,1077837.0
2020-02-29 15:30:00,1079244.0
2020-02-29 16:00:00,1076034.0
2020-02-29 16:30:00,1075241.0
2020-02-29 17:00:00,1071692.0
2020-02-29 17:30:00,1057496.0
2020-02-29 18:00:00,1058749.0
2020-02-29 18:30:00,1065121.0
2020-02-29 19:00:00,1067540.0
2020-02-29 19:30:00,1063585.0
2020-02-29 20:00:00,1058868.0
2020-02-29 20:30:00,1069426.0
2020-02-29 21:00:00,1053002.0
2020-02-29 21:30:00,1062297.0
2020-02-29 22:00:00,1069019.0
2020-02-29 22:30:00,1054090.0
2020-02-29 23:00:00,1073483.0
2020-02-29 23:30:00,1056743.0
2020-03-01 00:00:00,1076872.0
2020-03-01 00:30:00,1082286.0
2020-03-01 01:00:00,1086238.0
2020-03-01 01:30:00,1074072.0
2020-03-01 02:00:00,1085880.0
2020-03-01 02:30:00,1087402.0
2020-03-01 03:00:00,1080461.0
2020-03-01 03:30:00,1088024.0
2020-03-01 04:00:00,1085970.0
2020-03-01 04:30:00,1078243.0
2020-03-01 05:00:00,1093754.0
2020-03-01 05:30:00,1079264.0
2020-03-01 06:00:00,1077095.0
2020-03-01 06:30:00,1067089.0
2020-03-01 07:00:00,1073365.0
2020-03-01 07:30:00,1077263.0
2020-03-01 08:00:00,1088545.0
2020-03-01 08:30:00,1087545.0
2020-03-01 09:00:00,1029487.0
2020-03-01 09:30:00,1084384.0
2020-03-01 10:00:00,1093100.0
2020-03-01 10:30:00,1092351.0
2020-03-01 11:00:00,1086185.0
2020-03-01 11:30:00,1092567.0
2020-03-01 12:00:00,1081446.0
2020-03-01 12:30:00,1081763.0
2020-03-01 13:00:00,1083781.0
2020-03-01 13:30:00,1093239.0
2020-03-01 14:00:00,1094116.0
2020-03-01 14:30:00,1106281.0
2020-03-01 15:00:00,1091488.0
2020-03-01 15:30:00,1094630.0
2020-03-01 16:00:00,1083961.0
2020-03-01 16:30:00,1082450.0
2020-03-01 17:00:00,1090417.0
2020-03-01 17:30:00,1095794.0
2020-03-01 18:00:00,1113234.0
2020-03-01 18:30:00,1106910.0
2020-03-01 19:00:00,1094340.0
2020-03-01 19:30:00,1086615.0
2020-03-01 20:00:00,1080857.0
2020-03-01 20:30:00,1074489.0
2020-03-01 21:00:00,1076392.0
2020-03-01 21:30:00,1077497.0
2020-03-01 22:00:00,1090256.0
2020-03-01 22:30:00,1091907.0
2020-03-01 23:00:00,1083755.0
2020-03-01 23:30:00,1072642.0
2020-03-02 00:00:00,1071033.0
2020-03-02 00:30:00,1092989.0
2020-03-02 01:00:00,1111322.0
2020-03-02 01:30:00,1077453.0
2020-03-02 02:00:00,1076232.0
2020-03-02 02:30:00,1080836.0
2020-03-02 03:00:00,1078047.0
2020-03-02 03:30:00,1095443.0
2020-03-02 04:00:00,1067158.0
2020-03-02 04:30:00,1075140.0
2020-03-02 05:00:00,1098762.0
2020-03-02 05:30:00,1086146.0
2020-03-02 06:00:00,1088547.0
2020-03-02 06:30:00,1068919.0
2020-03-02 07:00:00,1069008.0
2020-03-02 07:30:00,1064617.0
2020-03-02 08:00:00,1092684.0
2020-03-02 08:30:00,1094469.0
2020-03-02 09:00:00,1075309.0
2020-03-02 09:30:00,1053411.0
2020-03-02 10:00:00,1068991.0
2020-03-02 10:30:00,1069922.0
2020-03-02 11:00:00,1075792.0
2020-03-02 11:30:00,1094567.0
2020-03-02 12:00:00,1093117.0
2020-03-02 12:30:00,1092018.0
2020-03-02 13:00:00,1117991.0
2020-03-02 13:30:00,1120362.0
2020-03-02 14:00:00,1138265.0
2020-03-02 14:30:00,1145306.0
2020-03-02 15:00:00,1130022.0
2020-03-02 15:30:00,1127841.0
2020-03-02 16:00:00,1134095.0
2020-03-02 16:30:00,1136827.0
2020-03-02 17:00:00,1122500.0
2020-03-02 17:30:00,1136688.0
2020-03-02 18:00:00,1133970.0
2020-03-02 18:30:00,1138842.0
2020-03-02 19:00:00,1133844.0
2020-03-02 19:30:00,1120614.0
2020-03-02 20:00:00,1107282.0
2020-03-02 20:30:00,1100300.0
2020-03-02 21:00:00,1065937.0
2020-03-02 21:30:00,1070487.0
2020-03-02 22:00:00,1087361.0
2020-03-02 22:30:00,1089189.0
2020-03-02 23:00:00,1109753.0
2020-03-02 23:30:00,1100487.0
2020-03-03 00:00:00,1091467.0
2020-03-03 00:30:00,1091617.0
2020-03-03 01:00:00,1116376.0
2020-03-03 01:30:00,1129175.0
2020-03-03 02:00:00,1124703.0
2020-03-03 02:30:00,1121293.0
2020-03-03 03:00:00,1131793.0
2020-03-03 03:30:00,1129878.0
2020-03-03 04:00:00,1131782.0
2020-03-03 04:30:00,1136387.0
2020-03-03 05:00:00,1131389.0
2020-03-03 05:30:00,1112730.0
2020-03-03 06:00:00,1105523.0
2020-03-03 06:30:00,1102263.0
2020-03-03 07:00:00,1112828.0
2020-03-03 07:30:00,1124377.0
2020-03-03 08:00:00,1124791.0
2020-03-03 08:30:00,1147421.0
2020-03-03 09:00:00,1136117.0
2020-03-03 09:30:00,1138611.0
2020-03-03 10:00:00,1138611.0
2020-03-03 10:30:00,1138611.0
2020-03-03 11:00:00,1138611.0
2020-03-03 11:30:00,1138611.0
2020-03-03 12:00:00,1138611.0
2020-03-03 12:30:00,1138611.0
2020-03-03 13:00:00,1138611.0
2020-03-03 13:30:00,1138611.0
2020-03-03 14:00:00,1138611.0
2020-03-03 14:30:00,1138611.0
2020-03-03 15:00:00,1140338.0
2020-03-03 15:30:00,1129065.0
2020-03-03 16:00:00,1111857.0
2020-03-03 16:30:00,1113088.0
2020-03-03 17:00:00,1094386.0
2020-03-03 17:30:00,1083096.0
2020-03-03 18:00:00,1102750.0
2020-03-03 18:30:00,1135693.0
2020-03-03 19:00:00,1163359.0
2020-03-03 19:30:00,1157991.0
2020-03-03 20:00:00,1153148.0
2020-03-03 20:30:00,1148717.0
2020-03-03 21:00:00,1117793.0
2020-03-03 21:30:00,1096226.0
2020-03-03 22:00:00,1092217.0
2020-03-03 22:30:00,1084409.0
2020-03-03 23:00:00,1098124.0
2020-03-03 23:30:00,1097233.0
2020-03-04 00:00:00,1098842.0
2020-03-04 00:30:00,1095834.0
2020-03-04 01:00:00,1132323.0
2020-03-04 01:30:00,1109827.0
2020-03-04 02:00:00,1120756.0
2020-03-04 02:30:00,1123197.0
2020-03-04 03:00:00,1135201.0
2020-03-04 03:30:00,1138646.0
2020-03-04 04:00:00,1136354.0
2020-03-04 04:30:00,1135098.0
2020-03-04 05:00:00,1132872.0
2020-03-04 05:30:00,1118279.0
2020-03-04 06:00:00,1120428.0
2020-03-04 06:30:00,1111896.0
2020-03-04 07:00:00,1130506.0
2020-03-04 07:30:00,1146469.0
2020-03-04 08:00:00,1140541.0
2020-03-04 08:30:00,1139413.0
2020-03-04 09:00:00,1124719.0
2020-03-04 09:30:00,1107943.0
2020-03-04 10:00:00,1095136.0
2020-03-04 10:30:00,1087429.0
2020-03-04 11:00:00,1094312.0
2020-03-04 11:30:00,1094053.0
2020-03-04 12:00:00,1102253.0
2020-03-04 12:30:00,1087764.0
2020-03-04 13:00:00,1098735.0
2020-03-04 13:30:00,1108551.0
2020-03-04 14:00:00,1099675.0
2020-03-04 14:30:00,1121541.0
2020-03-04 15:00:00,1157254.0
2020-03-04 15:30:00,1150406.0
2020-03-04 16:00:00,1153446.0
2020-03-04 16:30:00,1141646.0
2020-03-04 17:00:00,1138692.0
2020-03-04 17:30:00,1138542.0
2020-03-04 18:00:00,1140932.0
2020-03-04 18:30:00,1163382.0
2020-03-04 19:00:00,1167192.0
2020-03-04 19:30:00,1151799.0
2020-03-04 20:00:00,1158190.0
2020-03-04 20:30:00,1144804.0
2020-03-04 21:00:00,1116122.0
2020-03-04 21:30:00,1089391.0
2020-03-04 22:00:00,1093357.0
2020-03-04 22:30:00,1108461.0
2020-03-04 23:00:00,1136135.0
2020-03-04 23:30:00,1130865.0
2020-03-05 00:00:00,1128099.0
2020-03-05 00:30:00,1113180.0
2020-03-05 01:00:00,1099865.0
2020-03-05 01:30:00,1103981.0
2020-03-05 02:00:00,1084592.0
2020-03-05 02:30:00,1097756.0
2020-03-05 03:00:00,1098623.0
2020-03-05 03:30:00,1093200.0
2020-03-05 04:00:00,1091618.0
2020-03-05 04:30:00,1089698.0
2020-03-05 05:00:00,1086331.0
2020-03-05 05:30:00,1094363.0
2020-03-05 06:00:00,1092672.0
2020-03-05 06:30:00,1107730.0
2020-03-05 07:00:00,1138878.0
2020-03-05 07:30:00,1149252.0
2020-03-05 08:00:00,1150508.0
2020-03-05 08:30:00,1162262.0
2020-03-05 09:00:00,1158303.0
2020-03-05 09:30:00,1151836.0
2020-03-05 10:00:00,1148913.0
2020-03-05 10:30:00,1127971.0
2020-03-05 11:00:00,1133825.0
2020-03-05 11:30:00,1134855.0
2020-03-05 12:00:00,1093539.0
2020-03-05 12:30:00,1085577.0
2020-03-05 13:00:00,1111045.0
2020-03-05 13:30:00,1120662.0
2020-03-05 14:00:00,1120046.0
2020-03-05 14:30:00,1096393.0
2020-03-05 15:00:00,1078702.0
2020-03-05 15:30:00,1089598.0
2020-03-05 16:00:00,1116875.0
2020-03-05 16:30:00,1119324.0
2020-03-05 17:00:00,1085110.0
2020-03-05 17:30:00,1072287.0
2020-03-05 18:00:00,1067094.0
2020-03-05 18:30:00,1081455.0
2020-03-05 19:00:00,1096488.0
2020-03-05 19:30:00,1097009.0
2020-03-05 20:00:00,1086023.0
2020-03-05 20:30:00,1066699.0
2020-03-05 21:00:00,1079842.0
2020-03-05 21:30:00,1069999.0
2020-03-05 22:00:00,1075099.0
2020-03-05 22:30:00,1075188.0
2020-03-05 23:00:00,1099159.0
2020-03-05 23:30:00,1098977.0
2020-03-06 00:00:00,1101897.0
2020-03-06 00:30:00,1099343.0
2020-03-06 01:00:00,1092498.0
2020-03-06 01:30:00,1087048.0
2020-03-06 02:00:00,1094793.0
2020-03-06 02:30:00,1081217.0
2020-03-06 03:00:00,1090285.0
2020-03-06 03:30:00,1096942.0
2020-03-06 04:00:00,1098691.0
2020-03-06 04:30:00,1098351.0
2020-03-06 05:00:00,1092864.0
2020-03-06 05:30:00,1104488.0
2020-03-06 06:00:00,1109441.0
2020-03-06 06:30:00,1093627.0
2020-03-06 07:00:00,1090176.0
2020-03-06 07:30:00,1082949.0
2020-03-06 08:00:00,1101841.0
2020-03-06 08:30:00,1138424.0
2020-03-06 09:00:00,1123162.0
2020-03-06 09:30:00,1113136.0
2020-03-06 10:00:00,1086804.0
2020-03-06 10:30:00,1109069.0
2020-03-06 11:00:00,1100900.0
2020-03-06 11:30:00,1076333.0
2020-03-06 12:00:00,1050910.0
2020-03-06 12:30:00,1063677.0
2020-03-06 13:00:00,1073819.0
2020-03-06 13:30:00,1097525.0
2020-03-06 14:00:00,1157365.0
2020-03-06 14:30:00,1135244.0
2020-03-06 15:00:00,1091852.0
2020-03-06 15:30:00,1088676.0
2020-03-06 16:00:00,1107957.0
2020-03-06 16:30:00,1096240.0
2020-03-06 17:00:00,1084955.0
2020-03-06 17:30:00,1089795.0
2020-03-06 18:00:00,1082401.0
2020-03-06 18:30:00,1097200.0
2020-03-06 19:00:00,1113633.0
2020-03-06 19:30:00,1103414.0
2020-03-06 20:00:00,1087155.0
2020-03-06 20:30:00,1065704.0
2020-03-06 21:00:00,1076568.0
2020-03-06 21:30:00,1075579.0
2020-03-06 22:00:00,1095985.0
2020-03-06 22:30:00,1074608.0
2020-03-06 23:00:00,1110606.0
2020-03-06 23:30:00,1108522.0
2020-03-07 00:00:00,1106520.0
2020-03-07 00:30:00,1070465.0
2020-03-07 01:00:00,1076545.0
2020-03-07 01:30:00,1077564.0
2020-03-07 02:00:00,1074835.0
2020-03-07 02:30:00,1093451.0
2020-03-07 03:00:00,1085346.0
2020-03-07 03:30:00,1084248.0
2020-03-07 04:00:00,1084150.0
2020-03-07 04:30:00,1085082.0
2020-03-07 05:00:00,1080152.0
2020-03-07 05:30:00,1081577.0
2020-03-07 06:00:00,1089225.0
2020-03-07 06:30:00,1078571.0
2020-03-07 07:00:00,1086092.0
2020-03-07 07:30:00,1081695.0
2020-03-07 08:00:00,1097448.0
2020-03-07 08:30:00,1113429.0
2020-03-07 09:00:00,1110534.0
2020-03-07 09:30:00,1109179.0
2020-03-07 10:00:00,1090230.0
2020-03-07 10:30:00,1080884.0
2020-03-07 11:00:00,1094105.0
2020-03-07 11:30:00,1085685.0
2020-03-07 12:00:00,1094037.0
2020-03-07 12:30:00,1114692.0
2020-03-07 13:00:00,1098979.0
2020-03-07 13:30:00,1094936.0
2020-03-07 14:00:00,1103107.0
2020-03-07 14:30:00,1115253.0
2020-03-07 15:00:00,1102487.0
2020-03-07 15:30:00,1091827.0
2020-03-07 16:00:00,1092384.0
2020-03-07 16:30:00,1084294.0
2020-03-07 17:00:00,1087058.0
2020-03-07 17:30:00,1080983.0
2020-03-07 18:00:00,1082537.0
2020-03-07 18:30:00,1107113.0
2020-03-07 19:00:00,1092364.0
2020-03-07 19:30:00,1077285.0
2020-03-07 20:00:00,1082162.0
2020-03-07 20:30:00,1078116.0
2020-03-07 21:00:00,1091738.0
2020-03-07 21:30:00,1091008.0
2020-03-07 22:00:00,1094033.0
2020-03-07 22:30:00,1086333.0
2020-03-07 23:00:00,1106779.0
2020-03-07 23:30:00,1105085.0
2020-03-08 00:00:00,1089280.0
2020-03-08 00:30:00,1080445.0
2020-03-08 01:00:00,1087436.0
2020-03-08 01:30:00,1085627.0
2020-03-08 02:00:00,1076518.0
2020-03-08 02:30:00,1093154.0
2020-03-08 03:00:00,1097694.0
2020-03-08 03:30:00,1098495.0
2020-03-08 04:00:00,1098581.0
2020-03-08 04:30:00,1108085.0
2020-03-08 05:00:00,1102616.0
2020-03-08 05:30:00,1099183.0
2020-03-08 06:00:00,1097889.0
2020-03-08 06:30:00,1109978.0
2020-03-08 07:00:00,1114363.0
2020-03-08 07:30:00,1096807.0
2020-03-08 08:00:00,1107206.0
2020-03-08 08:30:00,1089454.0
2020-03-08 09:00:00,1108370.0
2020-03-08 09:30:00,1086331.0
2020-03-08 10:00:00,1109789.0
2020-03-08 10:30:00,1110424.0
2020-03-08 11:00:00,1109981.0
2020-03-08 11:30:00,1125377.0
2020-03-08 12:00:00,1127734.0
2020-03-08 12:30:00,1058353.0
2020-03-08 13:00:00,1113177.0
2020-03-08 13:30:00,1109307.0
2020-03-08 14:00:00,1106787.0
2020-03-08 14:30:00,1102207.0
2020-03-08 15:00:00,1112985.0
2020-03-08 15:30:00,1134276.0
2020-03-08 16:00:00,1118021.0
2020-03-08 16:30:00,1123675.0
2020-03-08 17:00:00,1069989.0
2020-03-08 17:30:00,1130459.0
2020-03-08 18:00:00,1133058.0
2020-03-08 18:30:00,1142199.0
2020-03-08 19:00:00,1141254.0
2020-03-08 19:30:00,1130961.0
2020-03-08 20:00:00,1132979.0
2020-03-08 20:30:00,1117595.0
2020-03-08 21:00:00,1109987.0
2020-03-08 21:30:00,1096606.0
2020-03-08 22:00:00,1093751.0
2020-03-08 22:30:00,1085975.0
2020-03-08 23:00:00,1080488.0
2020-03-08 23:30:00,1088122.0
2020-03-09 00:00:00,1084841.0
2020-03-09 00:30:00,1070214.0
2020-03-09 01:00:00,1083712.0
2020-03-09 01:30:00,1100633.0
2020-03-09 02:00:00,1076852.0
2020-03-09 02:30:00,1087711.0
2020-03-09 03:00:00,1079729.0
2020-03-09 03:30:00,1076717.0
2020-03-09 04:00:00,1084787.0
2020-03-09 04:30:00,1107717.0
2020-03-09 05:00:00,1102488.0
2020-03-09 05:30:00,1084809.0
2020-03-09 06:00:00,1078756.0
2020-03-09 06:30:00,1084930.0
2020-03-09 07:00:00,1092174.0
2020-03-09 07:30:00,1091027.0
2020-03-09 08:00:00,1119451.0
2020-03-09 08:30:00,1129660.0
2020-03-09 09:00:00,1130817.0
2020-03-09 09:30:00,1110991.0
2020-03-09 10:00:00,1094225.0
2020-03-09 10:30:00,1092802.0
2020-03-09 11:00:00,1114204.0
2020-03-09 11:30:00,1126812.0
2020-03-09 12:00:00,1085077.0
2020-03-09 12:30:00,1074364.0
2020-03-09 13:00:00,1074364.0
2020-03-09 13:30:00,1074364.0
2020-03-09 14:00:00,1163045.0
2020-03-09 14:30:00,1152201.0
2020-03-09 15:00:00,1142924.0
2020-03-09 15:30:00,1139089.0
2020-03-09 16:00:00,1129865.0
2020-03-09 16:30:00,1131210.0
2020-03-09 17:00:00,1094916.0
2020-03-09 17:30:00,1072961.0
2020-03-09 18:00:00,1072042.0
2020-03-09 18:30:00,1074817.0
2020-03-09 19:00:00,1083065.0
2020-03-09 19:30:00,1080065.0
2020-03-09 20:00:00,1078180.0
2020-03-09 20:30:00,1087439.0
2020-03-09 21:00:00,1088197.0
2020-03-09 21:30:00,1088804.0
2020-03-09 22:00:00,1085996.0
2020-03-09 22:30:00,1077734.0
2020-03-09 23:00:00,1085855.0
2020-03-09 23:30:00,1080634.0
2020-03-10 00:00:00,1078945.0
2020-03-10 00:30:00,1076109.0
2020-03-10 01:00:00,1110018.0
2020-03-10 01:30:00,1085893.0
2020-03-10 02:00:00,1084491.0
2020-03-10 02:30:00,1086229.0
2020-03-10 03:00:00,1079982.0
2020-03-10 03:30:00,1080165.0
2020-03-10 04:00:00,1084946.0
2020-03-10 04:30:00,1098216.0
2020-03-10 05:00:00,1106546.0
2020-03-10 05:30:00,1099856.0
2020-03-10 06:00:00,1125452.0
2020-03-10 06:30:00,1114598.0
2020-03-10 07:00:00,1127242.0
2020-03-10 07:30:00,1105958.0
2020-03-10 08:00:00,1109325.0
2020-03-10 08:30:00,1144186.0
2020-03-10 09:00:00,1142140.0
2020-03-10 09:30:00,1139697.0
2020-03-10 10:00:00,1139697.0
2020-03-10 10:30:00,1139697.0
2020-03-10 11:00:00,1139697.0
2020-03-10 11:30:00,1139697.0
2020-03-10 12:00:00,1139697.0
2020-03-10 12:30:00,1139697.0
2020-03-10 13:00:00,1139697.0
2020-03-10 13:30:00,1139697.0
2020-03-10 14:00:00,1139697.0
2020-03-10 14:30:00,1166386.0
2020-03-10 15:00:00,1156606.0
2020-03-10 15:30:00,1160125.0
2020-03-10 16:00:00,1154953.0
2020-03-10 16:30:00,1139226.0
2020-03-10 17:00:00,1088256.0
2020-03-10 17:30:00,1062208.0
2020-03-10 18:00:00,1052425.0
2020-03-10 18:30:00,1059256.0
2020-03-10 19:00:00,1083389.0
2020-03-10 19:30:00,1101434.0
2020-03-10 20:00:00,1117770.0
2020-03-10 20:30:00,1134621.0
2020-03-10 21:00:00,1106200.0
2020-03-10 21:30:00,1079009.0
2020-03-10 22:00:00,1080418.0
2020-03-10 22:30:00,1081776.0
2020-03-10 23:00:00,1101889.0
2020-03-10 23:30:00,1088875.0
2020-03-11 00:00:00,1077559.0
2020-03-11 00:30:00,1075739.0
2020-03-11 01:00:00,1075750.0
2020-03-11 01:30:00,1070312.0
2020-03-11 02:00:00,1061942.0
2020-03-11 02:30:00,1060533.0
2020-03-11 03:00:00,1061403.0
2020-03-11 03:30:00,1064454.0
2020-03-11 04:00:00,1065211.0
2020-03-11 04:30:00,1072567.0
2020-03-11 05:00:00,1076311.0
2020-03-11 05:30:00,1093582.0
2020-03-11 06:00:00,1116880.0
2020-03-11 06:30:00,1122932.0
2020-03-11 07:00:00,1119240.0
2020-03-11 07:30:00,1081641.0
2020-03-11 08:00:00,1066025.0
2020-03-11 08:30:00,1067058.0
2020-03-11 09:00:00,1074736.0
2020-03-11 09:30:00,1066328.0
2020-03-11 10:00:00,1083332.0
2020-03-11 10:30:00,1087538.0
2020-03-11 11:00:00,1070002.0
2020-03-11 11:30:00,1046479.0
2020-03-11 12:00:00,1039293.0
2020-03-11 12:30:00,1055107.0
2020-03-11 13:00:00,1074111.0
2020-03-11 13:30:00,1107923.0
2020-03-11 14:00:00,1149395.0
2020-03-11 14:30:00,1134962.0
2020-03-11 15:00:00,1111768.0
2020-03-11 15:30:00,1094760.0
2020-03-11 16:00:00,1068020.0
2020-03-11 16:30:00,1076193.0
2020-03-11 17:00:00,1071248.0
2020-03-11 17:30:00,1080379.0
2020-03-11 18:00:00,1084846.0
2020-03-11 18:30:00,1082484.0
2020-03-11 19:00:00,1074890.0
2020-03-11 19:30:00,1062306.0
2020-03-11 20:00:00,1066318.0
2020-03-11 20:30:00,1078743.0
2020-03-11 21:00:00,1088149.0
2020-03-11 21:30:00,1080913.0
2020-03-11 22:00:00,1072018.0
2020-03-11 22:30:00,1069242.0
2020-03-11 23:00:00,1102399.0
2020-03-11 23:30:00,1074872.0
2020-03-12 00:00:00,1076911.0
2020-03-12 00:30:00,1070754.0
2020-03-12 01:00:00,1069581.0
2020-03-12 01:30:00,1066178.0
2020-03-12 02:00:00,1075518.0
2020-03-12 02:30:00,1084229.0
2020-03-12 03:00:00,1073038.0
2020-03-12 03:30:00,1070035.0
2020-03-12 04:00:00,1071017.0
2020-03-12 04:30:00,1073589.0
2020-03-12 05:00:00,1072582.0
2020-03-12 05:30:00,1057099.0
2020-03-12 06:00:00,1064159.0
2020-03-12 06:30:00,1062088.0
2020-03-12 07:00:00,1066894.0
2020-03-12 07:30:00,1070879.0
2020-03-12 08:00:00,1077027.0
2020-03-12 08:30:00,1076156.0
2020-03-12 09:00:00,1074419.0
2020-03-12 09:30:00,1074274.0
2020-03-12 10:00:00,1069628.0
2020-03-12 10:30:00,1068826.0
2020-03-12 11:00:00,1076459.0
2020-03-12 11:30:00,1070426.0
2020-03-12 12:00:00,1071051.0
2020-03-12 12:30:00,1059126.0
2020-03-12 13:00:00,1065998.0
2020-03-12 13:30:00,1080814.0
2020-03-12 14:00:00,1074740.0
2020-03-12 14:30:00,1085130.0
2020-03-12 15:00:00,1107464.0
2020-03-12 15:30:00,1122356.0
2020-03-12 16:00:00,1133197.0
2020-03-12 16:30:00,1129648.0
2020-03-12 17:00:00,1108682.0
2020-03-12 17:30:00,1107714.0
2020-03-12 18:00:00,1076888.0
2020-03-12 18:30:00,1076542.0
2020-03-12 19:00:00,1112941.0
2020-03-12 19:30:00,1112193.0
2020-03-12 20:00:00,1117670.0
2020-03-12 20:30:00,1109640.0
2020-03-12 21:00:00,1086586.0
2020-03-12 21:30:00,1073192.0
2020-03-12 22:00:00,1074738.0
2020-03-12 22:30:00,1070941.0
2020-03-12 23:00:00,1094675.0
2020-03-12 23:30:00,1077734.0
2020-03-13 00:00:00,1058795.0
2020-03-13 00:30:00,1064187.0
2020-03-13 01:00:00,1081198.0
2020-03-13 01:30:00,1091683.0
2020-03-13 02:00:00,1078917.0
2020-03-13 02:30:00,1063095.0
2020-03-13 03:00:00,1065569.0
2020-03-13 03:30:00,1068307.0
2020-03-13 04:00:00,1065978.0
2020-03-13 04:30:00,1081084.0
2020-03-13 05:00:00,1079529.0
2020-03-13 05:30:00,1075760.0
2020-03-13 06:00:00,1071268.0
2020-03-13 06:30:00,1052925.0
2020-03-13 07:00:00,1060388.0
2020-03-13 07:30:00,1055448.0
2020-03-13 08:00:00,1078953.0
2020-03-13 08:30:00,1095960.0
2020-03-13 09:00:00,1080850.0
2020-03-13 09:30:00,1069193.0
2020-03-13 10:00:00,1077220.0
2020-03-13 10:30:00,1067017.0
2020-03-13 11:00:00,1083040.0
2020-03-13 11:30:00,1062479.0
2020-03-13 12:00:00,1008727.0
2020-03-13 12:30:00,976366.0
2020-03-13 13:00:00,983820.0
2020-03-13 13:30:00,978227.0
2020-03-13 14:00:00,979333.0
2020-03-13 14:30:00,1028497.0
2020-03-13 15:00:00,1070827.0
2020-03-13 15:30:00,1068940.0
2020-03-13 16:00:00,1067859.0
2020-03-13 16:30:00,1054867.0
2020-03-13 17:00:00,1061894.0
2020-03-13 17:30:00,1062191.0
2020-03-13 18:00:00,1071203.0
2020-03-13 18:30:00,1070433.0
2020-03-13 19:00:00,1067571.0
2020-03-13 19:30:00,1050966.0
2020-03-13 20:00:00,1051203.0
2020-03-13 20:30:00,1052155.0
2020-03-13 21:00:00,1044413.0
2020-03-13 21:30:00,1061056.0
2020-03-13 22:00:00,1081462.0
2020-03-13 22:30:00,1065907.0
2020-03-13 23:00:00,1067093.0
2020-03-13 23:30:00,1058429.0
2020-03-14 00:00:00,1066196.0
2020-03-14 00:30:00,1065946.0
2020-03-14 01:00:00,1063380.0
2020-03-14 01:30:00,1068758.0
2020-03-14 02:00:00,1059225.0
2020-03-14 02:30:00,1060484.0
2020-03-14 03:00:00,1075103.0
2020-03-14 03:30:00,1068051.0
2020-03-14 04:00:00,1066650.0
2020-03-14 04:30:00,1067349.0
2020-03-14 05:00:00,1084809.0
2020-03-14 05:30:00,1073180.0
2020-03-14 06:00:00,1088326.0
2020-03-14 06:30:00,1073945.0
2020-03-14 07:00:00,1068899.0
2020-03-14 07:30:00,1069580.0
2020-03-14 08:00:00,1066125.0
2020-03-14 08:30:00,1073128.0
2020-03-14 09:00:00,1081661.0
2020-03-14 09:30:00,1117352.0
2020-03-14 10:00:00,1093307.0
2020-03-14 10:30:00,1080929.0
2020-03-14 11:00:00,1088327.0
2020-03-14 11:30:00,1082244.0
2020-03-14 12:00:00,1063105.0
2020-03-14 12:30:00,1087137.0
2020-03-14 13:00:00,1079619.0
2020-03-14 13:30:00,1084908.0
2020-03-14 14:00:00,1086757.0
2020-03-14 14:30:00,1084677.0
2020-03-14 15:00:00,1095662.0
2020-03-14 15:30:00,1083000.0
2020-03-14 16:00:00,1086232.0
2020-03-14 16:30:00,1054805.0
2020-03-14 17:00:00,1075724.0
2020-03-14 17:30:00,1110337.0
2020-03-14 18:00:00,1075286.0
2020-03-14 18:30:00,1068785.0
2020-03-14 19:00:00,1070400.0
2020-03-14 19:30:00,1074413.0
2020-03-14 20:00:00,1070009.0
2020-03-14 20:30:00,1082094.0
2020-03-14 21:00:00,1081023.0
2020-03-14 21:30:00,1082829.0
2020-03-14 22:00:00,1084684.0
2020-03-14 22:30:00,1092410.0
2020-03-14 23:00:00,1095059.0
2020-03-14 23:30:00,1078901.0
2020-03-15 00:00:00,1079690.0
2020-03-15 00:30:00,1096471.0
2020-03-15 01:00:00,1073707.0
2020-03-15 01:30:00,1118842.0
2020-03-15 02:00:00,1084645.0
2020-03-15 02:30:00,1087905.0
2020-03-15 03:00:00,1101199.0
2020-03-15 03:30:00,1082530.0
2020-03-15 04:00:00,1087602.0
2020-03-15 04:30:00,1084949.0
2020-03-15 05:00:00,1066788.0
2020-03-15 05:30:00,1092106.0
2020-03-15 06:00:00,1074908.0
2020-03-15 06:30:00,1070924.0
2020-03-15 07:00:00,1071575.0
2020-03-15 07:30:00,1075596.0
2020-03-15 08:00:00,1070704.0
2020-03-15 08:30:00,1111746.0
2020-03-15 09:00:00,1092952.0
2020-03-15 09:30:00,1110754.0
2020-03-15 10:00:00,1120865.0
2020-03-15 10:30:00,1092948.0
2020-03-15 11:00:00,1115036.0
2020-03-15 11:30:00,1096620.0
2020-03-15 12:00:00,1128708.0
2020-03-15 12:30:00,1109815.0
2020-03-15 13:00:00,1123459.0
2020-03-15 13:30:00,1114392.0
2020-03-15 14:00:00,1100140.0
2020-03-15 14:30:00,1096650.0
2020-03-15 15:00:00,1082839.0
2020-03-15 15:30:00,1077013.0
2020-03-15 16:00:00,1103724.0
2020-03-15 16:30:00,1113641.0
2020-03-15 17:00:00,1102095.0
2020-03-15 17:30:00,1107874.0
2020-03-15 18:00:00,1111404.0
2020-03-15 18:30:00,1117153.0
2020-03-15 19:00:00,1092296.0
2020-03-15 19:30:00,1085238.0
2020-03-15 20:00:00,1086992.0
2020-03-15 20:30:00,1074819.0
2020-03-15 21:00:00,1071579.0
2020-03-15 21:30:00,1073099.0
2020-03-15 22:00:00,1070944.0
2020-03-15 22:30:00,1070090.0
2020-03-15 23:00:00,1082303.0
2020-03-15 23:30:00,1094908.0
2020-03-16 00:00:00,1088735.0
2020-03-16 00:30:00,1083907.0
2020-03-16 01:00:00,1062363.0
2020-03-16 01:30:00,1103336.0
2020-03-16 02:00:00,1080706.0
2020-03-16 02:30:00,1095520.0
2020-03-16 03:00:00,1103204.0
2020-03-16 03:30:00,1091419.0
2020-03-16 04:00:00,1106848.0
2020-03-16 04:30:00,1103701.0
2020-03-16 05:00:00,1113301.0
2020-03-16 05:30:00,1123028.0
2020-03-16 06:00:00,1124597.0
2020-03-16 06:30:00,1116150.0
2020-03-16 07:00:00,1115207.0
2020-03-16 07:30:00,1110119.0
2020-03-16 08:00:00,1114466.0
2020-03-16 08:30:00,1116850.0
2020-03-16 09:00:00,1112460.0
2020-03-16 09:30:00,1097633.0
2020-03-16 10:00:00,1083653.0
2020-03-16 10:30:00,1082450.0
2020-03-16 11:00:00,1083686.0
2020-03-16 11:30:00,1075499.0
2020-03-16 12:00:00,1073749.0
2020-03-16 12:30:00,1070858.0
2020-03-16 13:00:00,1070024.0
2020-03-16 13:30:00,1122940.0
2020-03-16 14:00:00,1166321.0
2020-03-16 14:30:00,1150040.0
2020-03-16 15:00:00,1117140.0
2020-03-16 15:30:00,1118912.0
2020-03-16 16:00:00,1118196.0
2020-03-16 16:30:00,1125890.0
2020-03-16 17:00:00,1109630.0
2020-03-16 17:30:00,1106541.0
2020-03-16 18:00:00,1105389.0
2020-03-16 18:30:00,1133130.0
2020-03-16 19:00:00,1153786.0
2020-03-16 19:30:00,1158580.0
2020-03-16 20:00:00,1149592.0
2020-03-16 20:30:00,1144353.0
2020-03-16 21:00:00,1132192.0
2020-03-16 21:30:00,1116089.0
2020-03-16 22:00:00,1109893.0
2020-03-16 22:30:00,1088379.0
2020-03-16 23:00:00,1090513.0
2020-03-16 23:30:00,1082799.0
2020-03-17 00:00:00,1085881.0
2020-03-17 00:30:00,1085700.0
2020-03-17 01:00:00,1096548.0
2020-03-17 01:30:00,1090919.0
2020-03-17 02:00:00,1097961.0
2020-03-17 02:30:00,1098982.0
2020-03-17 03:00:00,1116223.0
2020-03-17 03:30:00,1115962.0
2020-03-17 04:00:00,1130735.0
2020-03-17 04:30:00,1139687.0
2020-03-17 05:00:00,1151863.0
2020-03-17 05:30:00,1152695.0
2020-03-17 06:00:00,1146631.0
2020-03-17 06:30:00,1139600.0
2020-03-17 07:00:00,1132495.0
2020-03-17 07:30:00,1108864.0
2020-03-17 08:00:00,1123208.0
2020-03-17 08:30:00,1127808.0
2020-03-17 09:00:00,1108089.0
2020-03-17 09:30:00,1108089.0
2020-03-17 10:00:00,1108089.0
2020-03-17 10:30:00,1108089.0
2020-03-17 11:00:00,1108089.0
2020-03-17 11:30:00,1118058.0
2020-03-17 12:00:00,1100823.0
2020-03-17 12:30:00,1093916.0
2020-03-17 13:00:00,1104253.0
2020-03-17 13:30:00,1110546.0
2020-03-17 14:00:00,1102275.0
2020-03-17 14:30:00,1101073.0
2020-03-17 15:00:00,1094719.0
2020-03-17 15:30:00,1105253.0
2020-03-17 16:00:00,1100620.0
2020-03-17 16:30:00,1100996.0
2020-03-17 17:00:00,1092062.0
2020-03-17 17:30:00,1091944.0
2020-03-17 18:00:00,1100659.0
2020-03-17 18:30:00,1111546.0
2020-03-17 19:00:00,1133716.0
2020-03-17 19:30:00,1128963.0
2020-03-17 20:00:00,1133185.0
2020-03-17 20:30:00,1136355.0
2020-03-17 21:00:00,1115321.0
2020-03-17 21:30:00,1082256.0
2020-03-17 22:00:00,1077758.0
2020-03-17 22:30:00,1075859.0
2020-03-17 23:00:00,1098864.0
2020-03-17 23:30:00,1074966.0
2020-03-18 00:00:00,1082153.0
2020-03-18 00:30:00,1078350.0
2020-03-18 01:00:00,1092874.0
2020-03-18 01:30:00,1109405.0
2020-03-18 02:00:00,1108231.0
2020-03-18 02:30:00,1115419.0
2020-03-18 03:00:00,1110288.0
2020-03-18 03:30:00,1111218.0
2020-03-18 04:00:00,1097235.0
2020-03-18 04:30:00,1099848.0
2020-03-18 05:00:00,1097908.0
2020-03-18 05:30:00,1099340.0
2020-03-18 06:00:00,1107752.0
2020-03-18 06:30:00,1110788.0
2020-03-18 07:00:00,1096970.0
2020-03-18 07:30:00,1088261.0
2020-03-18 08:00:00,1092746.0
2020-03-18 08:30:00,1122038.0
2020-03-18 09:00:00,1092911.0
2020-03-18 09:30:00,1113530.0
2020-03-18 10:00:00,1106249.0
2020-03-18 10:30:00,1117390.0
2020-03-18 11:00:00,1099162.0
2020-03-18 11:30:00,1063061.0
2020-03-18 12:00:00,1052566.0
2020-03-18 12:30:00,1072537.0
2020-03-18 13:00:00,1057851.0
2020-03-18 13:30:00,1125317.0
2020-03-18 14:00:00,1147136.0
2020-03-18 14:30:00,1084800.0
2020-03-18 15:00:00,1079808.0
2020-03-18 15:30:00,1095533.0
2020-03-18 16:00:00,1094489.0
2020-03-18 16:30:00,1084666.0
2020-03-18 17:00:00,1079543.0
2020-03-18 17:30:00,1071949.0
2020-03-18 18:00:00,1085651.0
2020-03-18 18:30:00,1091162.0
2020-03-18 19:00:00,1095457.0
2020-03-18 19:30:00,1082288.0
2020-03-18 20:00:00,1098974.0
2020-03-18 20:30:00,1096774.0
2020-03-18 21:00:00,1100171.0
2020-03-18 21:30:00,1100842.0
2020-03-18 22:00:00,1108477.0
2020-03-18 22:30:00,1105816.0
2020-03-18 23:00:00,1104381.0
2020-03-18 23:30:00,1111338.0
2020-03-19 00:00:00,1094991.0
2020-03-19 00:30:00,1086302.0
2020-03-19 01:00:00,1107391.0
2020-03-19 01:30:00,1101246.0
2020-03-19 02:00:00,1099714.0
2020-03-19 02:30:00,1096297.0
2020-03-19 03:00:00,1098888.0
2020-03-19 03:30:00,1100954.0
2020-03-19 04:00:00,1106907.0
2020-03-19 04:30:00,1109769.0
2020-03-19 05:00:00,1108466.0
2020-03-19 05:30:00,1104379.0
2020-03-19 06:00:00,1108384.0
2020-03-19 06:30:00,1094082.0
2020-03-19 07:00:00,1086651.0
2020-03-19 07:30:00,1087605.0
2020-03-19 08:00:00,1098919.0
2020-03-19 08:30:00,1109474.0
2020-03-19 09:00:00,1112567.0
2020-03-19 09:30:00,1110978.0
2020-03-19 10:00:00,1106418.0
2020-03-19 10:30:00,1102792.0
2020-03-19 11:00:00,1111201.0
2020-03-19 11:30:00,1085561.0
2020-03-19 12:00:00,1071877.0
2020-03-19 12:30:00,1092263.0
2020-03-19 13:00:00,1043396.0
2020-03-19 13:30:00,1097394.0
2020-03-19 14:00:00,1084986.0
2020-03-19 14:30:00,1085821.0
2020-03-19 15:00:00,1110940.0
2020-03-19 15:30:00,1150921.0
2020-03-19 16:00:00,1120805.0
2020-03-19 16:30:00,1141270.0
2020-03-19 17:00:00,1116937.0
2020-03-19 17:30:00,1100761.0
2020-03-19 18:00:00,1086479.0
2020-03-19 18:30:00,1110010.0
2020-03-19 19:00:00,1143375.0
2020-03-19 19:30:00,1143447.0
2020-03-19 20:00:00,1128262.0
2020-03-19 20:30:00,1091261.0
2020-03-19 21:00:00,1073335.0
2020-03-19 21:30:00,1076106.0
2020-03-19 22:00:00,1072360.0
2020-03-19 22:30:00,1070494.0
2020-03-19 23:00:00,1091152.0
2020-03-19 23:30:00,1071363.0
2020-03-20 00:00:00,1071087.0
2020-03-20 00:30:00,1079940.0
2020-03-20 01:00:00,1071550.0
2020-03-20 01:30:00,1071016.0
2020-03-20 02:00:00,1071590.0
2020-03-20 02:30:00,1070069.0
2020-03-20 03:00:00,1068179.0
2020-03-20 03:30:00,1065298.0
2020-03-20 04:00:00,1072288.0
2020-03-20 04:30:00,1090977.0
2020-03-20 05:00:00,1076057.0
2020-03-20 05:30:00,1071437.0
2020-03-20 06:00:00,1080376.0
2020-03-20 06:30:00,1082557.0
2020-03-20 07:00:00,1076392.0
2020-03-20 07:30:00,1067306.0
2020-03-20 08:00:00,1086305.0
2020-03-20 08:30:00,1091942.0
2020-03-20 09:00:00,1081160.0
2020-03-20 09:30:00,1090620.0
2020-03-20 10:00:00,1086936.0
2020-03-20 10:30:00,1085207.0
2020-03-20 11:00:00,1075929.0
2020-03-20 11:30:00,1065234.0
2020-03-20 12:00:00,1076952.0
2020-03-20 12:30:00,1045825.0
2020-03-20 13:00:00,1085376.0
2020-03-20 13:30:00,1112049.0
2020-03-20 14:00:00,1117308.0
2020-03-20 14:30:00,1131651.0
2020-03-20 15:00:00,1084204.0
2020-03-20 15:30:00,1073745.0
2020-03-20 16:00:00,1075851.0
2020-03-20 16:30:00,1082617.0
2020-03-20 17:00:00,1083699.0
2020-03-20 17:30:00,1075637.0
2020-03-20 18:00:00,1089127.0
2020-03-20 18:30:00,1085206.0
2020-03-20 19:00:00,1095468.0
2020-03-20 19:30:00,1110276.0
2020-03-20 20:00:00,1100854.0
2020-03-20 20:30:00,1108828.0
2020-03-20 21:00:00,1094012.0
2020-03-20 21:30:00,1080852.0
2020-03-20 22:00:00,1077781.0
2020-03-20 22:30:00,1079089.0
2020-03-20 23:00:00,1104021.0
2020-03-20 23:30:00,1108686.0
2020-03-21 00:00:00,1091823.0
2020-03-21 00:30:00,1083229.0
2020-03-21 01:00:00,1093538.0
2020-03-21 01:30:00,1093889.0
2020-03-21 02:00:00,1101635.0
2020-03-21 02:30:00,1087221.0
2020-03-21 03:00:00,1074905.0
2020-03-21 03:30:00,1071035.0
2020-03-21 04:00:00,1073744.0
2020-03-21 04:30:00,1080724.0
2020-03-21 05:00:00,1077917.0
2020-03-21 05:30:00,1079641.0
2020-03-21 06:00:00,1077742.0
2020-03-21 06:30:00,1109326.0
2020-03-21 07:00:00,1103577.0
2020-03-21 07:30:00,1113431.0
2020-03-21 08:00:00,1124112.0
2020-03-21 08:30:00,1115839.0
2020-03-21 09:00:00,1092376.0
2020-03-21 09:30:00,1105203.0
2020-03-21 10:00:00,1102940.0
2020-03-21 10:30:00,1094872.0
2020-03-21 11:00:00,1088642.0
2020-03-21 11:30:00,1059841.0
2020-03-21 12:00:00,1111891.0
2020-03-21 12:30:00,1077738.0
2020-03-21 13:00:00,1109084.0
2020-03-21 13:30:00,1102498.0
2020-03-21 14:00:00,1109134.0
2020-03-21 14:30:00,1099200.0
2020-03-21 15:00:00,1103954.0
2020-03-21 15:30:00,1097746.0
2020-03-21 16:00:00,1092038.0
2020-03-21 16:30:00,1098214.0
2020-03-21 17:00:00,1080310.0
2020-03-21 17:30:00,1081235.0
2020-03-21 18:00:00,1076438.0
2020-03-21 18:30:00,1105100.0
2020-03-21 19:00:00,1094571.0
2020-03-21 19:30:00,1085107.0
2020-03-21 20:00:00,1086723.0
2020-03-21 20:30:00,1087495.0
2020-03-21 21:00:00,1089513.0
2020-03-21 21:30:00,1088682.0
2020-03-21 22:00:00,1105428.0
2020-03-21 22:30:00,1083490.0
2020-03-21 23:00:00,1137253.0
2020-03-21 23:30:00,1145737.0
2020-03-22 00:00:00,1137155.0
2020-03-22 00:30:00,1120318.0
2020-03-22 01:00:00,1088366.0
2020-03-22 01:30:00,1074277.0
2020-03-22 02:00:00,1085773.0
2020-03-22 02:30:00,1073617.0
2020-03-22 03:00:00,1061155.0
2020-03-22 03:30:00,1070134.0
2020-03-22 04:00:00,1073243.0
2020-03-22 04:30:00,1100122.0
2020-03-22 05:00:00,1094290.0
2020-03-22 05:30:00,1087603.0
2020-03-22 06:00:00,1093485.0
2020-03-22 06:30:00,1079839.0
2020-03-22 07:00:00,1082888.0
2020-03-22 07:30:00,1082391.0
2020-03-22 08:00:00,1058355.0
2020-03-22 08:30:00,1059877.0
2020-03-22 09:00:00,1077827.0
2020-03-22 09:30:00,1097665.0
2020-03-22 10:00:00,1108878.0
2020-03-22 10:30:00,1061647.0
2020-03-22 11:00:00,983950.0
2020-03-22 11:30:00,1059633.0
2020-03-22 12:00:00,1068411.0
2020-03-22 12:30:00,1025999.0
2020-03-22 13:00:00,1109919.0
2020-03-22 13:30:00,1117655.0
2020-03-22 14:00:00,1100081.0
2020-03-22 14:30:00,1101963.0
2020-03-22 15:00:00,1071304.0
2020-03-22 15:30:00,1071300.0
2020-03-22 16:00:00,1095626.0
2020-03-22 16:30:00,1115897.0
2020-03-22 17:00:00,1094765.0
2020-03-22 17:30:00,1080351.0
2020-03-22 18:00:00,1102773.0
2020-03-22 18:30:00,1119396.0
2020-03-22 19:00:00,1132727.0
2020-03-22 19:30:00,1125048.0
2020-03-22 20:00:00,1112602.0
2020-03-22 20:30:00,1100455.0
2020-03-22 21:00:00,1080078.0
2020-03-22 21:30:00,1074334.0
2020-03-22 22:00:00,1087676.0
2020-03-22 22:30:00,1089243.0
2020-03-22 23:00:00,1083842.0
2020-03-22 23:30:00,1063999.0
2020-03-23 00:00:00,1051002.0
2020-03-23 00:30:00,1070995.0
2020-03-23 01:00:00,1050596.0
2020-03-23 01:30:00,1049922.0
2020-03-23 02:00:00,1052836.0
2020-03-23 02:30:00,1036106.0
2020-03-23 03:00:00,1051580.0
2020-03-23 03:30:00,1049225.0
2020-03-23 04:00:00,1092973.0
2020-03-23 04:30:00,1103446.0
2020-03-23 05:00:00,1101056.0
2020-03-23 05:30:00,1097094.0
2020-03-23 06:00:00,1103452.0
2020-03-23 06:30:00,1092492.0
2020-03-23 07:00:00,1072885.0
2020-03-23 07:30:00,1069822.0
2020-03-23 08:00:00,1093942.0
2020-03-23 08:30:00,1075620.0
2020-03-23 09:00:00,1073982.0
2020-03-23 09:30:00,1080351.0
2020-03-23 10:00:00,1094731.0
2020-03-23 10:30:00,1105950.0
2020-03-23 11:00:00,1094269.0
2020-03-23 11:30:00,1087182.0
2020-03-23 12:00:00,1106011.0
2020-03-23 12:30:00,1061953.0
2020-03-23 13:00:00,1087602.0
2020-03-23 13:30:00,1133490.0
2020-03-23 14:00:00,1170557.0
2020-03-23 14:30:00,1164907.0
2020-03-23 15:00:00,1138284.0
2020-03-23 15:30:00,1155069.0
2020-03-23 16:00:00,1160495.0
2020-03-23 16:30:00,1150328.0
2020-03-23 17:00:00,1135528.0
2020-03-23 17:30:00,1129034.0
2020-03-23 18:00:00,1130533.0
2020-03-23 18:30:00,1137382.0
2020-03-23 19:00:00,1104205.0
2020-03-23 19:30:00,1112845.0
2020-03-23 20:00:00,1091162.0
2020-03-23 20:30:00,1093651.0
2020-03-23 21:00:00,1103736.0
2020-03-23 21:30:00,1110219.0
2020-03-23 22:00:00,1088656.0
2020-03-23 22:30:00,1095205.0
2020-03-23 23:00:00,1095464.0
2020-03-23 23:30:00,1083943.0
2020-03-24 00:00:00,1110330.0
2020-03-24 00:30:00,1149176.0
2020-03-24 01:00:00,1134033.0
2020-03-24 01:30:00,1139820.0
2020-03-24 02:00:00,1137115.0
2020-03-24 02:30:00,1132853.0
2020-03-24 03:00:00,1132585.0
2020-03-24 03:30:00,1114523.0
2020-03-24 04:00:00,1140262.0
2020-03-24 04:30:00,1131891.0
2020-03-24 05:00:00,1141391.0
2020-03-24 05:30:00,1153448.0
2020-03-24 06:00:00,1148942.0
2020-03-24 06:30:00,1158502.0
2020-03-24 07:00:00,1137789.0
2020-03-24 07:30:00,1109463.0
2020-03-24 08:00:00,1096267.0
2020-03-24 08:30:00,1110025.0
2020-03-24 09:00:00,1099337.0
2020-03-24 09:30:00,1099337.0
2020-03-24 10:00:00,1099337.0
2020-03-24 10:30:00,1099337.0
2020-03-24 11:00:00,1099337.0
2020-03-24 11:30:00,1090772.0
2020-03-24 12:00:00,1104078.0
2020-03-24 12:30:00,1077366.0
2020-03-24 13:00:00,1074818.0
2020-03-24 13:30:00,1085084.0
2020-03-24 14:00:00,1084629.0
2020-03-24 14:30:00,1087345.0
2020-03-24 15:00:00,1086599.0
2020-03-24 15:30:00,1093416.0
2020-03-24 16:00:00,1094588.0
2020-03-24 16:30:00,1090213.0
2020-03-24 17:00:00,1076984.0
2020-03-24 17:30:00,1087593.0
2020-03-24 18:00:00,1100763.0
2020-03-24 18:30:00,1112234.0
2020-03-24 19:00:00,1115137.0
2020-03-24 19:30:00,1104530.0
2020-03-24 20:00:00,1088961.0
2020-03-24 20:30:00,1079812.0
2020-03-24 21:00:00,1082497.0
2020-03-24 21:30:00,1096288.0
2020-03-24 22:00:00,1089817.0
2020-03-24 22:30:00,1088220.0
2020-03-24 23:00:00,1077571.0
2020-03-24 23:30:00,1074189.0
2020-03-25 00:00:00,1087993.0
2020-03-25 00:30:00,1109640.0
2020-03-25 01:00:00,1115115.0
2020-03-25 01:30:00,1087404.0
2020-03-25 02:00:00,1106914.0
2020-03-25 02:30:00,1109120.0
2020-03-25 03:00:00,1105414.0
2020-03-25 03:30:00,1108116.0
2020-03-25 04:00:00,1097899.0
2020-03-25 04:30:00,1091373.0
2020-03-25 05:00:00,1101782.0
2020-03-25 05:30:00,1095629.0
2020-03-25 06:00:00,1095144.0
2020-03-25 06:30:00,1074526.0
2020-03-25 07:00:00,1089991.0
2020-03-25 07:30:00,1097854.0
2020-03-25 08:00:00,1102191.0
2020-03-25 08:30:00,1100076.0
2020-03-25 09:00:00,1086547.0
2020-03-25 09:30:00,1075764.0
2020-03-25 10:00:00,1093143.0
2020-03-25 10:30:00,1113653.0
2020-03-25 11:00:00,1109414.0
2020-03-25 11:30:00,1111273.0
2020-03-25 12:00:00,1085794.0
2020-03-25 12:30:00,1089028.0
2020-03-25 13:00:00,1090723.0
2020-03-25 13:30:00,1100240.0
2020-03-25 14:00:00,1156237.0
2020-03-25 14:30:00,1154989.0
2020-03-25 15:00:00,1149352.0
2020-03-25 15:30:00,1120191.0
2020-03-25 16:00:00,1120423.0
2020-03-25 16:30:00,1115323.0
2020-03-25 17:00:00,1101150.0
2020-03-25 17:30:00,1076663.0
2020-03-25 18:00:00,1065268.0
2020-03-25 18:30:00,1072954.0
2020-03-25 19:00:00,1079875.0
2020-03-25 19:30:00,1065954.0
2020-03-25 20:00:00,1069851.0
2020-03-25 20:30:00,1070667.0
2020-03-25 21:00:00,1072872.0
2020-03-25 21:30:00,1083233.0
2020-03-25 22:00:00,1082325.0
2020-03-25 22:30:00,1082287.0
2020-03-25 23:00:00,1080578.0
2020-03-25 23:30:00,1075884.0
2020-03-26 00:00:00,1055456.0
2020-03-26 00:30:00,1101988.0
2020-03-26 01:00:00,1098379.0
2020-03-26 01:30:00,1096073.0
2020-03-26 02:00:00,1088139.0
2020-03-26 02:30:00,1080350.0
2020-03-26 03:00:00,1086528.0
2020-03-26 03:30:00,1095693.0
2020-03-26 04:00:00,1095227.0
2020-03-26 04:30:00,1116760.0
2020-03-26 05:00:00,1115035.0
2020-03-26 05:30:00,1097499.0
2020-03-26 06:00:00,1076924.0
2020-03-26 06:30:00,1075853.0
2020-03-26 07:00:00,1077844.0
2020-03-26 07:30:00,1084577.0
2020-03-26 08:00:00,1119049.0
2020-03-26 08:30:00,1120490.0
2020-03-26 09:00:00,1145671.0
2020-03-26 09:30:00,1149263.0
2020-03-26 10:00:00,1140378.0
2020-03-26 10:30:00,1134456.0
2020-03-26 11:00:00,1129912.0
2020-03-26 11:30:00,1098223.0
2020-03-26 12:00:00,1079636.0
2020-03-26 12:30:00,1092618.0
2020-03-26 13:00:00,1107511.0
2020-03-26 13:30:00,1133719.0
2020-03-26 14:00:00,1155388.0
2020-03-26 14:30:00,1157666.0
2020-03-26 15:00:00,1162901.0
2020-03-26 15:30:00,1178806.0
2020-03-26 16:00:00,1176958.0
2020-03-26 16:30:00,1169340.0
2020-03-26 17:00:00,1140320.0
2020-03-26 17:30:00,1108274.0
2020-03-26 18:00:00,1094265.0
2020-03-26 18:30:00,1091582.0
2020-03-26 19:00:00,1128989.0
2020-03-26 19:30:00,1084377.0
2020-03-26 20:00:00,1105423.0
2020-03-26 20:30:00,1106992.0
2020-03-26 21:00:00,1107916.0
2020-03-26 21:30:00,1116477.0
2020-03-26 22:00:00,1103503.0
2020-03-26 22:30:00,1108483.0
2020-03-26 23:00:00,1108209.0
2020-03-26 23:30:00,1106751.0
2020-03-27 00:00:00,1104912.0
2020-03-27 00:30:00,1098852.0
2020-03-27 01:00:00,1129915.0
2020-03-27 01:30:00,1124590.0
2020-03-27 02:00:00,1123819.0
2020-03-27 02:30:00,1118025.0
2020-03-27 03:00:00,1116354.0
2020-03-27 03:30:00,1099523.0
2020-03-27 04:00:00,1095726.0
2020-03-27 04:30:00,1093553.0
2020-03-27 05:00:00,1098991.0
2020-03-27 05:30:00,1093520.0
2020-03-27 06:00:00,1097491.0
2020-03-27 06:30:00,1103380.0
2020-03-27 07:00:00,1102070.0
2020-03-27 07:30:00,1100687.0
2020-03-27 08:00:00,1145161.0
2020-03-27 08:30:00,1161379.0
2020-03-27 09:00:00,1159000.0
2020-03-27 09:30:00,1158416.0
2020-03-27 10:00:00,1151904.0
2020-03-27 10:30:00,1158687.0
2020-03-27 11:00:00,1153214.0
2020-03-27 11:30:00,1160329.0
2020-03-27 12:00:00,1151835.0
2020-03-27 12:30:00,1122795.0
2020-03-27 13:00:00,1091211.0
2020-03-27 13:30:00,1117028.0
2020-03-27 14:00:00,1147378.0
2020-03-27 14:30:00,1107117.0
2020-03-27 15:00:00,1061393.0
2020-03-27 15:30:00,1056772.0
2020-03-27 16:00:00,1055758.0
2020-03-27 16:30:00,1057638.0
2020-03-27 17:00:00,1059247.0
2020-03-27 17:30:00,1068184.0
2020-03-27 18:00:00,1063240.0
2020-03-27 18:30:00,1077854.0
2020-03-27 19:00:00,1095627.0
2020-03-27 19:30:00,1082204.0
2020-03-27 20:00:00,1065642.0
2020-03-27 20:30:00,1063982.0
2020-03-27 21:00:00,1070665.0
2020-03-27 21:30:00,1084820.0
2020-03-27 22:00:00,1069748.0
2020-03-27 22:30:00,1078058.0
2020-03-27 23:00:00,1084788.0
2020-03-27 23:30:00,1053891.0
2020-03-28 00:00:00,1061399.0
2020-03-28 00:30:00,1084327.0
2020-03-28 01:00:00,1063063.0
2020-03-28 01:30:00,1085717.0
2020-03-28 02:00:00,1070420.0
2020-03-28 02:30:00,1060620.0
2020-03-28 03:00:00,1051410.0
2020-03-28 03:30:00,1049047.0
2020-03-28 04:00:00,1064062.0
2020-03-28 04:30:00,1053985.0
2020-03-28 05:00:00,1076572.0
2020-03-28 05:30:00,1061178.0
2020-03-28 06:00:00,1075045.0
2020-03-28 06:30:00,1069791.0
2020-03-28 07:00:00,1081639.0
2020-03-28 07:30:00,1068665.0
2020-03-28 08:00:00,1078246.0
2020-03-28 08:30:00,1062092.0
2020-03-28 09:00:00,1061812.0
2020-03-28 09:30:00,1062780.0
2020-03-28 10:00:00,1091844.0
2020-03-28 10:30:00,1105378.0
2020-03-28 11:00:00,1113603.0
2020-03-28 11:30:00,1123359.0
2020-03-28 12:00:00,1131036.0
2020-03-28 12:30:00,1113943.0
2020-03-28 13:00:00,1126374.0
2020-03-28 13:30:00,982707.0
2020-03-28 14:00:00,0.0
2020-03-28 14:30:00,0.0
2020-03-28 15:00:00,0.0
2020-03-28 15:30:00,0.0
2020-03-28 16:00:00,0.0
2020-03-28 16:30:00,0.0
2020-03-28 17:00:00,0.0
2020-03-28 17:30:00,0.0
2020-03-28 18:00:00,0.0
2020-03-28 18:30:00,0.0
2020-03-28 19:00:00,0.0
2020-03-28 19:30:00,0.0
2020-03-28 20:00:00,77169.9
2020-03-28 20:30:00,272328.0
2020-03-28 21:00:00,336579.0
2020-03-28 21:30:00,360334.0
2020-03-28 22:00:00,465575.0
2020-03-28 22:30:00,648484.0
2020-03-28 23:00:00,643249.0
2020-03-28 23:30:00,759266.0
2020-03-29 00:00:00,1025048.0
2020-03-29 00:30:00,1072090.0
2020-03-29 01:00:00,1074350.0
2020-03-29 01:30:00,1066768.0
2020-03-29 02:00:00,1078965.0
2020-03-29 02:30:00,1057536.0
2020-03-29 03:00:00,1067420.0
2020-03-29 03:30:00,1061317.0
2020-03-29 04:00:00,1064208.0
2020-03-29 04:30:00,1070253.0
2020-03-29 05:00:00,1055004.0
2020-03-29 05:30:00,1069341.0
2020-03-29 06:00:00,1056338.0
2020-03-29 06:30:00,1062359.0
2020-03-29 07:00:00,1048702.0
2020-03-29 07:30:00,1011637.0
2020-03-29 08:00:00,1050045.0
2020-03-29 08:30:00,927466.0
2020-03-29 09:00:00,1054054.0
2020-03-29 09:30:00,1066739.0
2020-03-29 10:00:00,1115343.0
2020-03-29 10:30:00,1089081.0
2020-03-29 11:00:00,1081787.0
2020-03-29 11:30:00,1089441.0
2020-03-29 12:00:00,1090839.0
2020-03-29 12:30:00,1079233.0
2020-03-29 13:00:00,1036082.0
2020-03-29 13:30:00,1027766.0
2020-03-29 14:00:00,1097229.0
2020-03-29 14:30:00,1139971.0
2020-03-29 15:00:00,1087406.0
2020-03-29 15:30:00,1093002.0
2020-03-29 16:00:00,1115270.0
2020-03-29 16:30:00,1128708.0
2020-03-29 17:00:00,1131649.0
2020-03-29 17:30:00,1139247.0
2020-03-29 18:00:00,1137705.0
2020-03-29 18:30:00,1132297.0
2020-03-29 19:00:00,1125611.0
2020-03-29 19:30:00,1107295.0
2020-03-29 20:00:00,1087088.0
2020-03-29 20:30:00,1065720.0
2020-03-29 21:00:00,1062352.0
2020-03-29 21:30:00,1077655.0
2020-03-29 22:00:00,1081628.0
2020-03-29 22:30:00,1092069.0
2020-03-29 23:00:00,1114026.0
2020-03-29 23:30:00,1090605.0
2020-03-30 00:00:00,1081460.0
2020-03-30 00:30:00,1084680.0
2020-03-30 01:00:00,1082180.0
2020-03-30 01:30:00,1083199.0
2020-03-30 02:00:00,1086317.0
2020-03-30 02:30:00,1072200.0
2020-03-30 03:00:00,1088194.0
2020-03-30 03:30:00,1093859.0
2020-03-30 04:00:00,1105569.0
2020-03-30 04:30:00,1120132.0
2020-03-30 05:00:00,1122284.0
2020-03-30 05:30:00,1120513.0
2020-03-30 06:00:00,1117898.0
2020-03-30 06:30:00,1110541.0
2020-03-30 07:00:00,1087723.0
2020-03-30 07:30:00,1058123.0
2020-03-30 08:00:00,1068861.0
2020-03-30 08:30:00,1073096.0
2020-03-30 09:00:00,1077031.0
2020-03-30 09:30:00,1081455.0
2020-03-30 10:00:00,1097569.0
2020-03-30 10:30:00,1108907.0
2020-03-30 11:00:00,1102250.0
2020-03-30 11:30:00,1092798.0
2020-03-30 12:00:00,1066341.0
2020-03-30 12:30:00,1066609.0
2020-03-30 13:00:00,1072829.0
2020-03-30 13:30:00,1100068.0
2020-03-30 14:00:00,1139249.0
2020-03-30 14:30:00,1111683.0
2020-03-30 15:00:00,1065951.0
2020-03-30 15:30:00,1071504.0
2020-03-30 16:00:00,1083253.0
2020-03-30 16:30:00,1082333.0
2020-03-30 17:00:00,1085833.0
2020-03-30 17:30:00,1078010.0
2020-03-30 18:00:00,1070892.0
2020-03-30 18:30:00,1074850.0
2020-03-30 19:00:00,1106765.0
2020-03-30 19:30:00,1117973.0
2020-03-30 20:00:00,1104504.0
2020-03-30 20:30:00,1090978.0
2020-03-30 21:00:00,1070585.0
2020-03-30 21:30:00,1064354.0
2020-03-30 22:00:00,1059951.0
2020-03-30 22:30:00,1058940.0
2020-03-30 23:00:00,1104743.0
2020-03-30 23:30:00,1077235.0
2020-03-31 00:00:00,1056647.0
2020-03-31 00:30:00,1057819.0
2020-03-31 01:00:00,1070899.0
2020-03-31 01:30:00,1067908.0
2020-03-31 02:00:00,1054465.0
2020-03-31 02:30:00,1061935.0
2020-03-31 03:00:00,1079013.0
2020-03-31 03:30:00,1073176.0
2020-03-31 04:00:00,1079135.0
2020-03-31 04:30:00,1086646.0
2020-03-31 05:00:00,1072540.0
2020-03-31 05:30:00,1068675.0
2020-03-31 06:00:00,1083957.0
2020-03-31 06:30:00,1074958.0
2020-03-31 07:00:00,1075155.0
2020-03-31 07:30:00,1068382.0
2020-03-31 08:00:00,1083437.0
2020-03-31 08:30:00,1073915.0
2020-03-31 09:00:00,1081889.0
2020-03-31 09:30:00,1092680.0
2020-03-31 10:00:00,1095333.0
2020-03-31 10:30:00,1102881.0
2020-03-31 11:00:00,1130457.0
2020-03-31 11:30:00,1100293.0
2020-03-31 12:00:00,1085757.0
2020-03-31 12:30:00,1034701.0
2020-03-31 13:00:00,1080121.0
2020-03-31 13:30:00,1082279.0
2020-03-31 14:00:00,1076636.0
2020-03-31 14:30:00,1078809.0
2020-03-31 15:00:00,1081297.0
2020-03-31 15:30:00,1078403.0
2020-03-31 16:00:00,1098732.0
2020-03-31 16:30:00,1088026.0
2020-03-31 17:00:00,1068396.0
2020-03-31 17:30:00,1063417.0
2020-03-31 18:00:00,1064962.0
2020-03-31 18:30:00,1080478.0
2020-03-31 19:00:00,1096141.0
2020-03-31 19:30:00,1086937.0
2020-03-31 20:00:00,1071556.0
2020-03-31 20:30:00,1072036.0
2020-03-31 21:00:00,1077909.0
2020-03-31 21:30:00,1077388.0
2020-03-31 22:00:00,1090987.0
2020-03-31 22:30:00,1088075.0
2020-03-31 23:00:00,1123731.0
2020-03-31 23:30:00,1104509.0
2020-04-01 00:00:00,1264895.0
2020-04-01 00:30:00,1391401.0
2020-04-01 01:00:00,1342739.0
2020-04-01 01:30:00,1371984.0
2020-04-01 02:00:00,1374638.0
2020-04-01 02:30:00,1374369.0
2020-04-01 03:00:00,1371108.0
2020-04-01 03:30:00,1368396.0
2020-04-01 04:00:00,1374301.0
2020-04-01 04:30:00,1359595.0
2020-04-01 05:00:00,1362133.0
2020-04-01 05:30:00,1363452.0
2020-04-01 06:00:00,1372173.0
2020-04-01 06:30:00,1374838.0
2020-04-01 07:00:00,1382474.0
2020-04-01 07:30:00,1389209.0
2020-04-01 08:00:00,1397663.0
2020-04-01 08:30:00,1388776.0
2020-04-01 09:00:00,1384895.0
2020-04-01 09:30:00,1379475.0
2020-04-01 10:00:00,1358090.0
2020-04-01 10:30:00,1343354.0
2020-04-01 11:00:00,1351970.0
2020-04-01 11:30:00,1333737.0
2020-04-01 12:00:00,1212608.0
2020-04-01 12:30:00,1146107.0
2020-04-01 13:00:00,1181206.0
2020-04-01 13:30:00,1261171.0
2020-04-01 14:00:00,1249208.0
2020-04-01 14:30:00,1176991.0
2020-04-01 15:00:00,1170642.0
2020-04-01 15:30:00,1278802.0
2020-04-01 16:00:00,1340504.0
2020-04-01 16:30:00,1370853.0
2020-04-01 17:00:00,1340441.0
2020-04-01 17:30:00,1332940.0
2020-04-01 18:00:00,1342482.0
2020-04-01 18:30:00,1382719.0
2020-04-01 19:00:00,1402618.0
2020-04-01 19:30:00,1389057.0
2020-04-01 20:00:00,1394073.0
2020-04-01 20:30:00,1398907.0
2020-04-01 21:00:00,1392612.0
2020-04-01 21:30:00,1388028.0
2020-04-01 22:00:00,1382644.0
2020-04-01 22:30:00,1382223.0
2020-04-01 23:00:00,1390419.0
2020-04-01 23:30:00,1375058.0
2020-04-02 00:00:00,1385943.0
2020-04-02 00:30:00,1381431.0
2020-04-02 01:00:00,1391088.0
2020-04-02 01:30:00,1389212.0
2020-04-02 02:00:00,1371873.0
2020-04-02 02:30:00,1379643.0
2020-04-02 03:00:00,1373544.0
2020-04-02 03:30:00,1374897.0
2020-04-02 04:00:00,1374568.0
2020-04-02 04:30:00,1379807.0
2020-04-02 05:00:00,1375518.0
2020-04-02 05:30:00,1371970.0
2020-04-02 06:00:00,1381447.0
2020-04-02 06:30:00,1369576.0
2020-04-02 07:00:00,1360606.0
2020-04-02 07:30:00,1327510.0
2020-04-02 08:00:00,1323136.0
2020-04-02 08:30:00,1320493.0
2020-04-02 09:00:00,1322948.0
2020-04-02 09:30:00,1337040.0
2020-04-02 10:00:00,1338022.0
2020-04-02 10:30:00,1336706.0
2020-04-02 11:00:00,1351503.0
2020-04-02 11:30:00,1343884.0
2020-04-02 12:00:00,1319129.0
2020-04-02 12:30:00,1204148.0
2020-04-02 13:00:00,1319021.0
2020-04-02 13:30:00,1339098.0
2020-04-02 14:00:00,1375219.0
2020-04-02 14:30:00,1378592.0
2020-04-02 15:00:00,1375841.0
2020-04-02 15:30:00,1366745.0
2020-04-02 16:00:00,1351648.0
2020-04-02 16:30:00,1350258.0
2020-04-02 17:00:00,1328468.0
2020-04-02 17:30:00,1311755.0
2020-04-02 18:00:00,1313714.0
2020-04-02 18:30:00,1328184.0
2020-04-02 19:00:00,1323589.0
2020-04-02 19:30:00,1351645.0
2020-04-02 20:00:00,1368659.0
2020-04-02 20:30:00,1371751.0
2020-04-02 21:00:00,1355072.0
2020-04-02 21:30:00,1339919.0
2020-04-02 22:00:00,1329820.0
2020-04-02 22:30:00,1326279.0
2020-04-02 23:00:00,1349526.0
2020-04-02 23:30:00,1324317.0
2020-04-03 00:00:00,1295327.0
2020-04-03 00:30:00,1301128.0
2020-04-03 01:00:00,1331193.0
2020-04-03 01:30:00,1351234.0
2020-04-03 02:00:00,1366957.0
2020-04-03 02:30:00,1357305.0
2020-04-03 03:00:00,1347816.0
2020-04-03 03:30:00,1343651.0
2020-04-03 04:00:00,1350369.0
2020-04-03 04:30:00,1354343.0
2020-04-03 05:00:00,1363054.0
2020-04-03 05:30:00,1351737.0
2020-04-03 06:00:00,1373758.0
2020-04-03 06:30:00,1344758.0
2020-04-03 07:00:00,1302384.0
2020-04-03 07:30:00,1300135.0
2020-04-03 08:00:00,1304720.0
2020-04-03 08:30:00,1298344.0
2020-04-03 09:00:00,1317769.0
2020-04-03 09:30:00,1321613.0
2020-04-03 10:00:00,1318162.0
2020-04-03 10:30:00,1329483.0
2020-04-03 11:00:00,1330735.0
2020-04-03 11:30:00,1260289.0
2020-04-03 12:00:00,1194271.0
2020-04-03 12:30:00,1137862.0
2020-04-03 13:00:00,1135802.0
2020-04-03 13:30:00,1126815.0
2020-04-03 14:00:00,1141582.0
2020-04-03 14:30:00,1195648.0
2020-04-03 15:00:00,1283925.0
2020-04-03 15:30:00,1288352.0
2020-04-03 16:00:00,1306489.0
2020-04-03 16:30:00,1314283.0
2020-04-03 17:00:00,1314050.0
2020-04-03 17:30:00,1314694.0
2020-04-03 18:00:00,1314682.0
2020-04-03 18:30:00,1320094.0
2020-04-03 19:00:00,1328714.0
2020-04-03 19:30:00,1330929.0
2020-04-03 20:00:00,1324812.0
2020-04-03 20:30:00,1323602.0
2020-04-03 21:00:00,1329959.0
2020-04-03 21:30:00,1328820.0
2020-04-03 22:00:00,1340767.0
2020-04-03 22:30:00,1328333.0
2020-04-03 23:00:00,1347244.0
2020-04-03 23:30:00,1353865.0
2020-04-04 00:00:00,1360876.0
2020-04-04 00:30:00,1343529.0
2020-04-04 01:00:00,1348107.0
2020-04-04 01:30:00,1357727.0
2020-04-04 02:00:00,1363472.0
2020-04-04 02:30:00,1375578.0
2020-04-04 03:00:00,1375977.0
2020-04-04 03:30:00,1381245.0
2020-04-04 04:00:00,1378613.0
2020-04-04 04:30:00,1382126.0
2020-04-04 05:00:00,1356148.0
2020-04-04 05:30:00,1341498.0
2020-04-04 06:00:00,1356194.0
2020-04-04 06:30:00,1381883.0
2020-04-04 07:00:00,1386060.0
2020-04-04 07:30:00,1351215.0
2020-04-04 08:00:00,1344677.0
2020-04-04 08:30:00,1324519.0
2020-04-04 09:00:00,1313459.0
2020-04-04 09:30:00,1350516.0
2020-04-04 10:00:00,1362681.0
2020-04-04 10:30:00,1337795.0
2020-04-04 11:00:00,1153746.0
2020-04-04 11:30:00,1142782.0
2020-04-04 12:00:00,1150149.0
2020-04-04 12:30:00,1140686.0
2020-04-04 13:00:00,1140694.0
2020-04-04 13:30:00,1123140.0
2020-04-04 14:00:00,1134087.0
2020-04-04 14:30:00,1135574.0
2020-04-04 15:00:00,1130158.0
2020-04-04 15:30:00,1140054.0
2020-04-04 16:00:00,1116116.0
2020-04-04 16:30:00,1189159.0
2020-04-04 17:00:00,1145660.0
2020-04-04 17:30:00,1235958.0
2020-04-04 18:00:00,1268663.0
2020-04-04 18:30:00,1324193.0
2020-04-04 19:00:00,1346822.0
2020-04-04 19:30:00,1348444.0
2020-04-04 20:00:00,1354214.0
2020-04-04 20:30:00,1343605.0
2020-04-04 21:00:00,1334976.0
2020-04-04 21:30:00,1349348.0
2020-04-04 22:00:00,1359985.0
2020-04-04 22:30:00,1347169.0
2020-04-04 23:00:00,1357834.0
2020-04-04 23:30:00,1338777.0
2020-04-05 00:00:00,1349327.0
2020-04-05 00:30:00,1336237.0
2020-04-05 01:00:00,1285653.0
2020-04-05 01:30:00,1299812.0
2020-04-05 02:00:00,1229479.0
2020-04-05 02:30:00,1193067.0
2020-04-05 03:00:00,1160120.0
2020-04-05 03:30:00,1140978.0
2020-04-05 04:00:00,1148570.0
2020-04-05 04:30:00,1246901.0
2020-04-05 05:00:00,1307324.0
2020-04-05 05:30:00,1320348.0
2020-04-05 06:00:00,1338302.0
2020-04-05 06:30:00,1331060.0
2020-04-05 07:00:00,1304083.0
2020-04-05 07:30:00,1122405.0
2020-04-05 08:00:00,1136360.0
2020-04-05 08:30:00,1144808.0
2020-04-05 09:00:00,1126721.0
2020-04-05 09:30:00,1137303.0
2020-04-05 10:00:00,1146651.0
2020-04-05 10:30:00,1120653.0
2020-04-05 11:00:00,1136884.0
2020-04-05 11:30:00,1137991.0
2020-04-05 12:00:00,1146826.0
2020-04-05 12:30:00,1131750.0
2020-04-05 13:00:00,1131659.0
2020-04-05 13:30:00,1141368.0
2020-04-05 14:00:00,1124330.0
2020-04-05 14:30:00,1137190.0
2020-04-05 15:00:00,1137034.0
2020-04-05 15:30:00,1124143.0
2020-04-05 16:00:00,1148327.0
2020-04-05 16:30:00,1146886.0
2020-04-05 17:00:00,1272571.0
2020-04-05 17:30:00,1345075.0
2020-04-05 18:00:00,1362416.0
2020-04-05 18:30:00,1376511.0
2020-04-05 19:00:00,1374163.0
2020-04-05 19:30:00,1358061.0
2020-04-05 20:00:00,1323598.0
2020-04-05 20:30:00,1322232.0
2020-04-05 21:00:00,1316435.0
2020-04-05 21:30:00,1315861.0
2020-04-05 22:00:00,1320121.0
2020-04-05 22:30:00,1325337.0
2020-04-05 23:00:00,1330323.0
2020-04-05 23:30:00,1270680.0
2020-04-06 00:00:00,1150043.0
2020-04-06 00:30:00,1179970.0
2020-04-06 01:00:00,1235866.0
2020-04-06 01:30:00,1303912.0
2020-04-06 02:00:00,1263603.0
2020-04-06 02:30:00,1266904.0
2020-04-06 03:00:00,1242947.0
2020-04-06 03:30:00,1308833.0
2020-04-06 04:00:00,1322485.0
2020-04-06 04:30:00,1327744.0
2020-04-06 05:00:00,1339030.0
2020-04-06 05:30:00,1336443.0
2020-04-06 06:00:00,1353270.0
2020-04-06 06:30:00,1382480.0
2020-04-06 07:00:00,1383007.0
2020-04-06 07:30:00,1346559.0
2020-04-06 08:00:00,1348650.0
2020-04-06 08:30:00,1347305.0
2020-04-06 09:00:00,1334736.0
2020-04-06 09:30:00,1333433.0
2020-04-06 10:00:00,1324684.0
2020-04-06 10:30:00,1349382.0
2020-04-06 11:00:00,1345415.0
2020-04-06 11:30:00,1339551.0
2020-04-06 12:00:00,1167083.0
2020-04-06 12:30:00,1156092.0
2020-04-06 13:00:00,1315443.0
2020-04-06 13:30:00,1357281.0
2020-04-06 14:00:00,1394304.0
2020-04-06 14:30:00,1387580.0
2020-04-06 15:00:00,1384914.0
2020-04-06 15:30:00,1393631.0
2020-04-06 16:00:00,1402018.0
2020-04-06 16:30:00,1395844.0
2020-04-06 17:00:00,1398215.0
2020-04-06 17:30:00,1380898.0
2020-04-06 18:00:00,1380826.0
2020-04-06 18:30:00,1377091.0
2020-04-06 19:00:00,1372119.0
2020-04-06 19:30:00,1383909.0
2020-04-06 20:00:00,1381930.0
2020-04-06 20:30:00,1380656.0
2020-04-06 21:00:00,1377748.0
2020-04-06 21:30:00,1371076.0
2020-04-06 22:00:00,1378589.0
2020-04-06 22:30:00,1376640.0
2020-04-06 23:00:00,1379440.0
2020-04-06 23:30:00,1375131.0
2020-04-07 00:00:00,1364941.0
2020-04-07 00:30:00,1302876.0
2020-04-07 01:00:00,1226365.0
2020-04-07 01:30:00,1214299.0
2020-04-07 02:00:00,1253514.0
2020-04-07 02:30:00,1301445.0
2020-04-07 03:00:00,1239555.0
2020-04-07 03:30:00,1294779.0
2020-04-07 04:00:00,1384566.0
2020-04-07 04:30:00,1371343.0
2020-04-07 05:00:00,1367902.0
2020-04-07 05:30:00,1367922.0
2020-04-07 06:00:00,1377315.0
2020-04-07 06:30:00,1379681.0
2020-04-07 07:00:00,1373916.0
2020-04-07 07:30:00,1377977.0
2020-04-07 08:00:00,1377744.0
2020-04-07 08:30:00,1377603.0
2020-04-07 09:00:00,1383790.0
2020-04-07 09:30:00,1383790.0
2020-04-07 10:00:00,1383790.0
2020-04-07 10:30:00,1383790.0
2020-04-07 11:00:00,1383790.0
2020-04-07 11:30:00,1383790.0
2020-04-07 12:00:00,1383790.0
2020-04-07 12:30:00,1383790.0
2020-04-07 13:00:00,1383790.0
2020-04-07 13:30:00,1383790.0
2020-04-07 14:00:00,1389852.0
2020-04-07 14:30:00,1395804.0
2020-04-07 15:00:00,1387419.0
2020-04-07 15:30:00,1390344.0
2020-04-07 16:00:00,1384342.0
2020-04-07 16:30:00,1383268.0
2020-04-07 17:00:00,1380349.0
2020-04-07 17:30:00,1368392.0
2020-04-07 18:00:00,1347874.0
2020-04-07 18:30:00,1371197.0
2020-04-07 19:00:00,1377545.0
2020-04-07 19:30:00,1382683.0
2020-04-07 20:00:00,1391117.0
2020-04-07 20:30:00,1389271.0
2020-04-07 21:00:00,1394910.0
2020-04-07 21:30:00,1403070.0
2020-04-07 22:00:00,1401182.0
2020-04-07 22:30:00,1396548.0
2020-04-07 23:00:00,1379100.0
2020-04-07 23:30:00,1372778.0
2020-04-08 00:00:00,1336838.0
2020-04-08 00:30:00,1313331.0
2020-04-08 01:00:00,1200792.0
2020-04-08 01:30:00,1230837.0
2020-04-08 02:00:00,1346486.0
2020-04-08 02:30:00,1331787.0
2020-04-08 03:00:00,1290087.0
2020-04-08 03:30:00,1343412.0
2020-04-08 04:00:00,1328009.0
2020-04-08 04:30:00,1335378.0
2020-04-08 05:00:00,1327926.0
2020-04-08 05:30:00,1364225.0
2020-04-08 06:00:00,1380051.0
2020-04-08 06:30:00,1392832.0
2020-04-08 07:00:00,1378303.0
2020-04-08 07:30:00,1366214.0
2020-04-08 08:00:00,1377028.0
2020-04-08 08:30:00,1381277.0
2020-04-08 09:00:00,1377568.0
2020-04-08 09:30:00,1361277.0
2020-04-08 10:00:00,1336776.0
2020-04-08 10:30:00,1367155.0
2020-04-08 11:00:00,1375792.0
2020-04-08 11:30:00,1359850.0
2020-04-08 12:00:00,1344778.0
2020-04-08 12:30:00,1173471.0
2020-04-08 13:00:00,1209087.0
2020-04-08 13:30:00,1353138.0
2020-04-08 14:00:00,1252742.0
2020-04-08 14:30:00,1295570.0
2020-04-08 15:00:00,1330317.0
2020-04-08 15:30:00,1366896.0
2020-04-08 16:00:00,1370854.0
2020-04-08 16:30:00,1363570.0
2020-04-08 17:00:00,1367436.0
2020-04-08 17:30:00,1373555.0
2020-04-08 18:00:00,1364773.0
2020-04-08 18:30:00,1354973.0
2020-04-08 19:00:00,1356347.0
2020-04-08 19:30:00,1356578.0
2020-04-08 20:00:00,1359176.0
2020-04-08 20:30:00,1367699.0
2020-04-08 21:00:00,1355184.0
2020-04-08 21:30:00,1348118.0
2020-04-08 22:00:00,1350717.0
2020-04-08 22:30:00,1369948.0
2020-04-08 23:00:00,1367890.0
2020-04-08 23:30:00,1367146.0
2020-04-09 00:00:00,1359452.0
2020-04-09 00:30:00,1350255.0
2020-04-09 01:00:00,1358835.0
2020-04-09 01:30:00,1352445.0
2020-04-09 02:00:00,1351296.0
2020-04-09 02:30:00,1350138.0
2020-04-09 03:00:00,1356602.0
2020-04-09 03:30:00,1358647.0
2020-04-09 04:00:00,1347583.0
2020-04-09 04:30:00,1352766.0
2020-04-09 05:00:00,1351808.0
2020-04-09 05:30:00,1350849.0
2020-04-09 06:00:00,1355083.0
2020-04-09 06:30:00,1349208.0
2020-04-09 07:00:00,1359517.0
2020-04-09 07:30:00,1360056.0
2020-04-09 08:00:00,1365766.0
2020-04-09 08:30:00,1360284.0
2020-04-09 09:00:00,1357559.0
2020-04-09 09:30:00,1366055.0
2020-04-09 10:00:00,1371917.0
2020-04-09 10:30:00,1376135.0
2020-04-09 11:00:00,1378304.0
2020-04-09 11:30:00,1380820.0
2020-04-09 12:00:00,1381606.0
2020-04-09 12:30:00,1360811.0
2020-04-09 13:00:00,1389588.0
2020-04-09 13:30:00,1400959.0
2020-04-09 14:00:00,1397507.0
2020-04-09 14:30:00,1407906.0
2020-04-09 15:00:00,1402883.0
2020-04-09 15:30:00,1396761.0
2020-04-09 16:00:00,1386989.0
2020-04-09 16:30:00,1389196.0
2020-04-09 17:00:00,1396692.0
2020-04-09 17:30:00,1405981.0
2020-04-09 18:00:00,1397564.0
2020-04-09 18:30:00,1391729.0
2020-04-09 19:00:00,1392951.0
2020-04-09 19:30:00,1377818.0
2020-04-09 20:00:00,1379219.0
2020-04-09 20:30:00,1388254.0
2020-04-09 21:00:00,1383935.0
2020-04-09 21:30:00,1387509.0
2020-04-09 22:00:00,1389428.0
2020-04-09 22:30:00,1380103.0
2020-04-09 23:00:00,1378699.0
2020-04-09 23:30:00,1383549.0
2020-04-10 00:00:00,1388885.0
2020-04-10 00:30:00,1383086.0
2020-04-10 01:00:00,1387906.0
2020-04-10 01:30:00,1386310.0
2020-04-10 02:00:00,1375550.0
2020-04-10 02:30:00,1385163.0
2020-04-10 03:00:00,1387436.0
2020-04-10 03:30:00,1386704.0
2020-04-10 04:00:00,1390331.0
2020-04-10 04:30:00,1379949.0
2020-04-10 05:00:00,1378943.0
2020-04-10 05:30:00,1383144.0
2020-04-10 06:00:00,1389017.0
2020-04-10 06:30:00,1397415.0
2020-04-10 07:00:00,1392412.0
2020-04-10 07:30:00,1381890.0
2020-04-10 08:00:00,1384776.0
2020-04-10 08:30:00,1386323.0
2020-04-10 09:00:00,1385722.0
2020-04-10 09:30:00,1384461.0
2020-04-10 10:00:00,1384700.0
2020-04-10 10:30:00,1375217.0
2020-04-10 11:00:00,1378601.0
2020-04-10 11:30:00,1370826.0
2020-04-10 12:00:00,1360991.0
2020-04-10 12:30:00,1362326.0
2020-04-10 13:00:00,1374281.0
2020-04-10 13:30:00,1368178.0
2020-04-10 14:00:00,1369861.0
2020-04-10 14:30:00,1359272.0
2020-04-10 15:00:00,1356391.0
2020-04-10 15:30:00,1358496.0
2020-04-10 16:00:00,1355521.0
2020-04-10 16:30:00,1347280.0
2020-04-10 17:00:00,1344852.0
2020-04-10 17:30:00,1352972.0
2020-04-10 18:00:00,1353813.0
2020-04-10 18:30:00,1352015.0
2020-04-10 19:00:00,1353928.0
2020-04-10 19:30:00,1353031.0
2020-04-10 20:00:00,1354394.0
2020-04-10 20:30:00,1354312.0
2020-04-10 21:00:00,1357709.0
2020-04-10 21:30:00,1359343.0
2020-04-10 22:00:00,1370835.0
2020-04-10 22:30:00,1354512.0
2020-04-10 23:00:00,1353634.0
2020-04-10 23:30:00,1349787.0
2020-04-11 00:00:00,1348468.0
2020-04-11 00:30:00,1358407.0
2020-04-11 01:00:00,1369504.0
2020-04-11 01:30:00,1324869.0
2020-04-11 02:00:00,1361651.0
2020-04-11 02:30:00,1358329.0
2020-04-11 03:00:00,1367175.0
2020-04-11 03:30:00,1361357.0
2020-04-11 04:00:00,1361414.0
2020-04-11 04:30:00,1363663.0
2020-04-11 05:00:00,1372055.0
2020-04-11 05:30:00,1361258.0
2020-04-11 06:00:00,1360503.0
2020-04-11 06:30:00,1352447.0
2020-04-11 07:00:00,1349279.0
2020-04-11 07:30:00,1349439.0
2020-04-11 08:00:00,1360655.0
2020-04-11 08:30:00,1378972.0
2020-04-11 09:00:00,1268774.0
2020-04-11 09:30:00,1251109.0
2020-04-11 10:00:00,1204599.0
2020-04-11 10:30:00,1146877.0
2020-04-11 11:00:00,1170839.0
2020-04-11 11:30:00,1133089.0
2020-04-11 12:00:00,1158024.0
2020-04-11 12:30:00,1211824.0
2020-04-11 13:00:00,1175493.0
2020-04-11 13:30:00,1191967.0
2020-04-11 14:00:00,1223599.0
2020-04-11 14:30:00,1194238.0
2020-04-11 15:00:00,1228696.0
2020-04-11 15:30:00,1255435.0
2020-04-11 16:00:00,1294569.0
2020-04-11 16:30:00,1296045.0
2020-04-11 17:00:00,1216586.0
2020-04-11 17:30:00,1188007.0
2020-04-11 18:00:00,1258545.0
2020-04-11 18:30:00,1354815.0
2020-04-11 19:00:00,1412153.0
2020-04-11 19:30:00,1416433.0
2020-04-11 20:00:00,1417204.0
2020-04-11 20:30:00,1414448.0
2020-04-11 21:00:00,1415218.0
2020-04-11 21:30:00,1417252.0
2020-04-11 22:00:00,1417825.0
2020-04-11 22:30:00,1414522.0
2020-04-11 23:00:00,1409007.0
2020-04-11 23:30:00,1399983.0
2020-04-12 00:00:00,1401771.0
2020-04-12 00:30:00,1406828.0
2020-04-12 01:00:00,1363602.0
2020-04-12 01:30:00,1324050.0
2020-04-12 02:00:00,1208525.0
2020-04-12 02:30:00,1154109.0
2020-04-12 03:00:00,1163518.0
2020-04-12 03:30:00,1170851.0
2020-04-12 04:00:00,1190351.0
2020-04-12 04:30:00,1205845.0
2020-04-12 05:00:00,1285888.0
2020-04-12 05:30:00,1304871.0
2020-04-12 06:00:00,1350678.0
2020-04-12 06:30:00,1384123.0
2020-04-12 07:00:00,1418629.0
2020-04-12 07:30:00,1304036.0
2020-04-12 08:00:00,1170931.0
2020-04-12 08:30:00,1165177.0
2020-04-12 09:00:00,1212654.0
2020-04-12 09:30:00,1227885.0
2020-04-12 10:00:00,1328707.0
2020-04-12 10:30:00,1210443.0
2020-04-12 11:00:00,1179569.0
2020-04-12 11:30:00,1178342.0
2020-04-12 12:00:00,1184215.0
2020-04-12 12:30:00,1188669.0
2020-04-12 13:00:00,1177356.0
2020-04-12 13:30:00,1176761.0
2020-04-12 14:00:00,1175985.0
2020-04-12 14:30:00,1175174.0
2020-04-12 15:00:00,1195770.0
2020-04-12 15:30:00,1242280.0
2020-04-12 16:00:00,1361572.0
2020-04-12 16:30:00,1365392.0
2020-04-12 17:00:00,1203699.0
2020-04-12 17:30:00,1281831.0
2020-04-12 18:00:00,1397569.0
2020-04-12 18:30:00,1418410.0
2020-04-12 19:00:00,1410927.0
2020-04-12 19:30:00,1417791.0
2020-04-12 20:00:00,1408481.0
2020-04-12 20:30:00,1412414.0
2020-04-12 21:00:00,1415916.0
2020-04-12 21:30:00,1399035.0
2020-04-12 22:00:00,1404026.0
2020-04-12 22:30:00,1403488.0
2020-04-12 23:00:00,1404992.0
2020-04-12 23:30:00,1400362.0
2020-04-13 00:00:00,1346620.0
2020-04-13 00:30:00,1351505.0
2020-04-13 01:00:00,1326162.0
2020-04-13 01:30:00,1342151.0
2020-04-13 02:00:00,1340574.0
2020-04-13 02:30:00,1266369.0
2020-04-13 03:00:00,1299937.0
2020-04-13 03:30:00,1342055.0
2020-04-13 04:00:00,1357635.0
2020-04-13 04:30:00,1280265.0
2020-04-13 05:00:00,1302971.0
2020-04-13 05:30:00,1328388.0
2020-04-13 06:00:00,1396143.0
2020-04-13 06:30:00,1408597.0
2020-04-13 07:00:00,1409828.0
2020-04-13 07:30:00,1409787.0
2020-04-13 08:00:00,1424887.0
2020-04-13 08:30:00,1420916.0
2020-04-13 09:00:00,1414545.0
2020-04-13 09:30:00,1421727.0
2020-04-13 10:00:00,1414470.0
2020-04-13 10:30:00,1413670.0
2020-04-13 11:00:00,1423012.0
2020-04-13 11:30:00,1417782.0
2020-04-13 12:00:00,1412153.0
2020-04-13 12:30:00,1351793.0
2020-04-13 13:00:00,1412003.0
2020-04-13 13:30:00,1406543.0
2020-04-13 14:00:00,1416646.0
2020-04-13 14:30:00,1418176.0
2020-04-13 15:00:00,1369688.0
2020-04-13 15:30:00,1420843.0
2020-04-13 16:00:00,1418943.0
2020-04-13 16:30:00,1405998.0
2020-04-13 17:00:00,1411815.0
2020-04-13 17:30:00,1411305.0
2020-04-13 18:00:00,1408379.0
2020-04-13 18:30:00,1407709.0
2020-04-13 19:00:00,1416139.0
2020-04-13 19:30:00,1411490.0
2020-04-13 20:00:00,1409092.0
2020-04-13 20:30:00,1407492.0
2020-04-13 21:00:00,1418553.0
2020-04-13 21:30:00,1408567.0
2020-04-13 22:00:00,1417142.0
2020-04-13 22:30:00,1411012.0
2020-04-13 23:00:00,1409172.0
2020-04-13 23:30:00,1425816.0
2020-04-14 00:00:00,1413825.0
2020-04-14 00:30:00,1416204.0
2020-04-14 01:00:00,1420098.0
2020-04-14 01:30:00,1403915.0
2020-04-14 02:00:00,1388247.0
2020-04-14 02:30:00,1392565.0
2020-04-14 03:00:00,1402262.0
2020-04-14 03:30:00,1397593.0
2020-04-14 04:00:00,1394658.0
2020-04-14 04:30:00,1395709.0
2020-04-14 05:00:00,1397613.0
2020-04-14 05:30:00,1386705.0
2020-04-14 06:00:00,1391200.0
2020-04-14 06:30:00,1396339.0
2020-04-14 07:00:00,1392217.0
2020-04-14 07:30:00,1397192.0
2020-04-14 08:00:00,1403118.0
2020-04-14 08:30:00,1386877.0
2020-04-14 09:00:00,1402036.0
2020-04-14 09:30:00,1400508.0
2020-04-14 10:00:00,1400508.0
2020-04-14 10:30:00,1400508.0
2020-04-14 11:00:00,1400508.0
2020-04-14 11:30:00,1400508.0
2020-04-14 12:00:00,1400508.0
2020-04-14 12:30:00,1400508.0
2020-04-14 13:00:00,1400508.0
2020-04-14 13:30:00,1292302.0
2020-04-14 14:00:00,1327037.0
2020-04-14 14:30:00,1376476.0
2020-04-14 15:00:00,1245985.0
2020-04-14 15:30:00,1388611.0
2020-04-14 16:00:00,1393002.0
2020-04-14 16:30:00,1386538.0
2020-04-14 17:00:00,1381634.0
2020-04-14 17:30:00,1390522.0
2020-04-14 18:00:00,1391954.0
2020-04-14 18:30:00,1388080.0
2020-04-14 19:00:00,1388338.0
2020-04-14 19:30:00,1387420.0
2020-04-14 20:00:00,1379392.0
2020-04-14 20:30:00,1388235.0
2020-04-14 21:00:00,1394623.0
2020-04-14 21:30:00,1381938.0
2020-04-14 22:00:00,1384512.0
2020-04-14 22:30:00,1396384.0
2020-04-14 23:00:00,1370312.0
2020-04-14 23:30:00,1388319.0
2020-04-15 00:00:00,1390552.0
2020-04-15 00:30:00,1391132.0
2020-04-15 01:00:00,1368167.0
2020-04-15 01:30:00,1322418.0
2020-04-15 02:00:00,1362177.0
2020-04-15 02:30:00,1355623.0
2020-04-15 03:00:00,1387182.0
2020-04-15 03:30:00,1386508.0
2020-04-15 04:00:00,1405567.0
2020-04-15 04:30:00,1403396.0
2020-04-15 05:00:00,1409303.0
2020-04-15 05:30:00,1413657.0
2020-04-15 06:00:00,1401866.0
2020-04-15 06:30:00,1397138.0
2020-04-15 07:00:00,1334245.0
2020-04-15 07:30:00,1175713.0
2020-04-15 08:00:00,1259389.0
2020-04-15 08:30:00,1401418.0
2020-04-15 09:00:00,1251129.0
2020-04-15 09:30:00,1243966.0
2020-04-15 10:00:00,1295831.0
2020-04-15 10:30:00,1220819.0
2020-04-15 11:00:00,1202285.0
2020-04-15 11:30:00,1164471.0
2020-04-15 12:00:00,1176155.0
2020-04-15 12:30:00,1166688.0
2020-04-15 13:00:00,1180521.0
2020-04-15 13:30:00,1232156.0
2020-04-15 14:00:00,1223861.0
2020-04-15 14:30:00,1312608.0
2020-04-15 15:00:00,1208201.0
2020-04-15 15:30:00,1262654.0
2020-04-15 16:00:00,1287633.0
2020-04-15 16:30:00,1295665.0
2020-04-15 17:00:00,1240434.0
2020-04-15 17:30:00,1183951.0
2020-04-15 18:00:00,1217928.0
2020-04-15 18:30:00,1397089.0
2020-04-15 19:00:00,1428976.0
2020-04-15 19:30:00,1421802.0
2020-04-15 20:00:00,1422798.0
2020-04-15 20:30:00,1420323.0
2020-04-15 21:00:00,1371511.0
2020-04-15 21:30:00,1271773.0
2020-04-15 22:00:00,1403699.0
2020-04-15 22:30:00,1415922.0
2020-04-15 23:00:00,1410488.0
2020-04-15 23:30:00,1346731.0
2020-04-16 00:00:00,1222956.0
2020-04-16 00:30:00,1227061.0
2020-04-16 01:00:00,1257377.0
2020-04-16 01:30:00,1187352.0
2020-04-16 02:00:00,1288213.0
2020-04-16 02:30:00,1265428.0
2020-04-16 03:00:00,1326013.0
2020-04-16 03:30:00,1283542.0
2020-04-16 04:00:00,1304099.0
2020-04-16 04:30:00,1228604.0
2020-04-16 05:00:00,1298293.0
2020-04-16 05:30:00,1323695.0
2020-04-16 06:00:00,1355305.0
2020-04-16 06:30:00,1411137.0
2020-04-16 07:00:00,1416420.0
2020-04-16 07:30:00,1429703.0
2020-04-16 08:00:00,1437053.0
2020-04-16 08:30:00,1419079.0
2020-04-16 09:00:00,1418931.0
2020-04-16 09:30:00,1422220.0
2020-04-16 10:00:00,1413826.0
2020-04-16 10:30:00,1414607.0
2020-04-16 11:00:00,1425856.0
2020-04-16 11:30:00,1408263.0
2020-04-16 12:00:00,1359983.0
2020-04-16 12:30:00,1264333.0
2020-04-16 13:00:00,1382835.0
2020-04-16 13:30:00,1423273.0
2020-04-16 14:00:00,1415449.0
2020-04-16 14:30:00,1416229.0
2020-04-16 15:00:00,1421227.0
2020-04-16 15:30:00,1417967.0
2020-04-16 16:00:00,1405402.0
2020-04-16 16:30:00,1407221.0
2020-04-16 17:00:00,1410910.0
2020-04-16 17:30:00,1422359.0
2020-04-16 18:00:00,1404702.0
2020-04-16 18:30:00,1402222.0
2020-04-16 19:00:00,1415152.0
2020-04-16 19:30:00,1404609.0
2020-04-16 20:00:00,1405512.0
2020-04-16 20:30:00,1412397.0
2020-04-16 21:00:00,1409759.0
2020-04-16 21:30:00,1420823.0
2020-04-16 22:00:00,1418912.0
2020-04-16 22:30:00,1406589.0
2020-04-16 23:00:00,1414468.0
2020-04-16 23:30:00,1409424.0
2020-04-17 00:00:00,1399391.0
2020-04-17 00:30:00,1411743.0
2020-04-17 01:00:00,1413036.0
2020-04-17 01:30:00,1400802.0
2020-04-17 02:00:00,1395846.0
2020-04-17 02:30:00,1398337.0
2020-04-17 03:00:00,1402008.0
2020-04-17 03:30:00,1417548.0
2020-04-17 04:00:00,1412095.0
2020-04-17 04:30:00,1420057.0
2020-04-17 05:00:00,1418875.0
2020-04-17 05:30:00,1411494.0
2020-04-17 06:00:00,1410475.0
2020-04-17 06:30:00,1413248.0
2020-04-17 07:00:00,1419147.0
2020-04-17 07:30:00,1408293.0
2020-04-17 08:00:00,1409095.0
2020-04-17 08:30:00,1403523.0
2020-04-17 09:00:00,1408858.0
2020-04-17 09:30:00,1399589.0
2020-04-17 10:00:00,1400630.0
2020-04-17 10:30:00,1411097.0
2020-04-17 11:00:00,1403116.0
2020-04-17 11:30:00,1399993.0
2020-04-17 12:00:00,1389203.0
2020-04-17 12:30:00,1262784.0
2020-04-17 13:00:00,1424962.0
2020-04-17 13:30:00,1432954.0
2020-04-17 14:00:00,1429636.0
2020-04-17 14:30:00,1430425.0
2020-04-17 15:00:00,1411958.0
2020-04-17 15:30:00,1424501.0
2020-04-17 16:00:00,1412771.0
2020-04-17 16:30:00,1410590.0
2020-04-17 17:00:00,1411536.0
2020-04-17 17:30:00,1405651.0
2020-04-17 18:00:00,1406039.0
2020-04-17 18:30:00,1416277.0
2020-04-17 19:00:00,1407490.0
2020-04-17 19:30:00,1424189.0
2020-04-17 20:00:00,1424606.0
2020-04-17 20:30:00,1431502.0
2020-04-17 21:00:00,1431602.0
2020-04-17 21:30:00,1425968.0
2020-04-17 22:00:00,1430595.0
2020-04-17 22:30:00,1431872.0
2020-04-17 23:00:00,1434985.0
2020-04-17 23:30:00,1416841.0
2020-04-18 00:00:00,1427550.0
2020-04-18 00:30:00,1412190.0
2020-04-18 01:00:00,1410439.0
2020-04-18 01:30:00,1416490.0
2020-04-18 02:00:00,1405659.0
2020-04-18 02:30:00,1406905.0
2020-04-18 03:00:00,1403092.0
2020-04-18 03:30:00,1402587.0
2020-04-18 04:00:00,1407504.0
2020-04-18 04:30:00,1403873.0
2020-04-18 05:00:00,1418026.0
2020-04-18 05:30:00,1407625.0
2020-04-18 06:00:00,1421323.0
2020-04-18 06:30:00,1407807.0
2020-04-18 07:00:00,1411423.0
2020-04-18 07:30:00,1417397.0
2020-04-18 08:00:00,1426640.0
2020-04-18 08:30:00,1381824.0
2020-04-18 09:00:00,1140290.0
2020-04-18 09:30:00,1156887.0
2020-04-18 10:00:00,1165456.0
2020-04-18 10:30:00,1159084.0
2020-04-18 11:00:00,1171624.0
2020-04-18 11:30:00,1155687.0
2020-04-18 12:00:00,1151038.0
2020-04-18 12:30:00,1116237.0
2020-04-18 13:00:00,1108710.0
2020-04-18 13:30:00,1070857.0
2020-04-18 14:00:00,937659.0
2020-04-18 14:30:00,947086.0
2020-04-18 15:00:00,994073.0
2020-04-18 15:30:00,1138663.0
2020-04-18 16:00:00,1081921.0
2020-04-18 16:30:00,1035028.0
2020-04-18 17:00:00,999569.0
2020-04-18 17:30:00,961501.0
2020-04-18 18:00:00,1113182.0
2020-04-18 18:30:00,1168711.0
2020-04-18 19:00:00,1165510.0
2020-04-18 19:30:00,1195558.0
2020-04-18 20:00:00,1406791.0
2020-04-18 20:30:00,1404125.0
2020-04-18 21:00:00,1397498.0
2020-04-18 21:30:00,1395631.0
2020-04-18 22:00:00,1395071.0
2020-04-18 22:30:00,1400979.0
2020-04-18 23:00:00,1399484.0
2020-04-18 23:30:00,1402241.0
2020-04-19 00:00:00,1334715.0
2020-04-19 00:30:00,1334252.0
2020-04-19 01:00:00,1196948.0
2020-04-19 01:30:00,1185116.0
2020-04-19 02:00:00,1151340.0
2020-04-19 02:30:00,1146183.0
2020-04-19 03:00:00,1135959.0
2020-04-19 03:30:00,1137256.0
2020-04-19 04:00:00,1139385.0
2020-04-19 04:30:00,1149043.0
2020-04-19 05:00:00,1186229.0
2020-04-19 05:30:00,1182335.0
2020-04-19 06:00:00,1293279.0
2020-04-19 06:30:00,1284230.0
2020-04-19 07:00:00,1230333.0
2020-04-19 07:30:00,1152299.0
2020-04-19 08:00:00,1157629.0
2020-04-19 08:30:00,1284257.0
2020-04-19 09:00:00,1228890.0
2020-04-19 09:30:00,1379876.0
2020-04-19 10:00:00,1404631.0
2020-04-19 10:30:00,1398859.0
2020-04-19 11:00:00,1404593.0
2020-04-19 11:30:00,1409862.0
2020-04-19 12:00:00,1402870.0
2020-04-19 12:30:00,1411425.0
2020-04-19 13:00:00,1412429.0
2020-04-19 13:30:00,1409600.0
2020-04-19 14:00:00,1403201.0
2020-04-19 14:30:00,1402640.0
2020-04-19 15:00:00,1413089.0
2020-04-19 15:30:00,1413977.0
2020-04-19 16:00:00,1409108.0
2020-04-19 16:30:00,1406824.0
2020-04-19 17:00:00,1397806.0
2020-04-19 17:30:00,1397606.0
2020-04-19 18:00:00,1384987.0
2020-04-19 18:30:00,1386986.0
2020-04-19 19:00:00,1401639.0
2020-04-19 19:30:00,1407572.0
2020-04-19 20:00:00,1407747.0
2020-04-19 20:30:00,1404615.0
2020-04-19 21:00:00,1401988.0
2020-04-19 21:30:00,1394469.0
2020-04-19 22:00:00,1408753.0
2020-04-19 22:30:00,1397587.0
2020-04-19 23:00:00,1403068.0
2020-04-19 23:30:00,1386998.0
2020-04-20 00:00:00,1330341.0
2020-04-20 00:30:00,1404786.0
2020-04-20 01:00:00,1402466.0
2020-04-20 01:30:00,1402132.0
2020-04-20 02:00:00,1395028.0
2020-04-20 02:30:00,1331866.0
2020-04-20 03:00:00,1294972.0
2020-04-20 03:30:00,1196460.0
2020-04-20 04:00:00,1156180.0
2020-04-20 04:30:00,1184542.0
2020-04-20 05:00:00,1275335.0
2020-04-20 05:30:00,1405427.0
2020-04-20 06:00:00,1401831.0
2020-04-20 06:30:00,1404707.0
2020-04-20 07:00:00,1398624.0
2020-04-20 07:30:00,1408613.0
2020-04-20 08:00:00,1413431.0
2020-04-20 08:30:00,1401812.0
2020-04-20 09:00:00,1406609.0
2020-04-20 09:30:00,1410673.0
2020-04-20 10:00:00,1407792.0
2020-04-20 10:30:00,1415551.0
2020-04-20 11:00:00,1402762.0
2020-04-20 11:30:00,1393115.0
2020-04-20 12:00:00,1383252.0
2020-04-20 12:30:00,1377659.0
2020-04-20 13:00:00,1398100.0
2020-04-20 13:30:00,1412793.0
2020-04-20 14:00:00,1416483.0
2020-04-20 14:30:00,1410901.0
2020-04-20 15:00:00,1411265.0
2020-04-20 15:30:00,1398580.0
2020-04-20 16:00:00,1390806.0
2020-04-20 16:30:00,1388738.0
2020-04-20 17:00:00,1368742.0
2020-04-20 17:30:00,1370070.0
2020-04-20 18:00:00,1353364.0
2020-04-20 18:30:00,1345920.0
2020-04-20 19:00:00,1353741.0
2020-04-20 19:30:00,1361671.0
2020-04-20 20:00:00,1355274.0
2020-04-20 20:30:00,1366475.0
2020-04-20 21:00:00,1366309.0
2020-04-20 21:30:00,1374025.0
2020-04-20 22:00:00,1366511.0
2020-04-20 22:30:00,1361605.0
2020-04-20 23:00:00,1366745.0
2020-04-20 23:30:00,1365469.0
2020-04-21 00:00:00,1358380.0
2020-04-21 00:30:00,1350139.0
2020-04-21 01:00:00,1355669.0
2020-04-21 01:30:00,1352281.0
2020-04-21 02:00:00,1347653.0
2020-04-21 02:30:00,1359147.0
2020-04-21 03:00:00,1368115.0
2020-04-21 03:30:00,1364201.0
2020-04-21 04:00:00,1373770.0
2020-04-21 04:30:00,1365971.0
2020-04-21 05:00:00,1362206.0
2020-04-21 05:30:00,1352501.0
2020-04-21 06:00:00,1360540.0
2020-04-21 06:30:00,1359683.0
2020-04-21 07:00:00,1354486.0
2020-04-21 07:30:00,1351614.0
2020-04-21 08:00:00,1361787.0
2020-04-21 08:30:00,1356976.0
2020-04-21 09:00:00,1353044.0
2020-04-21 09:30:00,1353044.0
2020-04-21 10:00:00,1353044.0
2020-04-21 10:30:00,1353044.0
2020-04-21 11:00:00,1353044.0
2020-04-21 11:30:00,1353044.0
2020-04-21 12:00:00,1353044.0
2020-04-21 12:30:00,1353044.0
2020-04-21 13:00:00,1353044.0
2020-04-21 13:30:00,1353044.0
2020-04-21 14:00:00,1353044.0
2020-04-21 14:30:00,1122883.0
2020-04-21 15:00:00,1112474.0
2020-04-21 15:30:00,1199550.0
2020-04-21 16:00:00,1344464.0
2020-04-21 16:30:00,1354566.0
2020-04-21 17:00:00,1352255.0
2020-04-21 17:30:00,1350238.0
2020-04-21 18:00:00,1340791.0
2020-04-21 18:30:00,1339245.0
2020-04-21 19:00:00,1354036.0
2020-04-21 19:30:00,1355439.0
2020-04-21 20:00:00,1358379.0
2020-04-21 20:30:00,1362857.0
2020-04-21 21:00:00,1357767.0
2020-04-21 21:30:00,1357845.0
2020-04-21 22:00:00,1362270.0
2020-04-21 22:30:00,1361379.0
2020-04-21 23:00:00,1364593.0
2020-04-21 23:30:00,1363005.0
2020-04-22 00:00:00,1362826.0
2020-04-22 00:30:00,1366709.0
2020-04-22 01:00:00,1355217.0
2020-04-22 01:30:00,1353625.0
2020-04-22 02:00:00,1343675.0
2020-04-22 02:30:00,1338252.0
2020-04-22 03:00:00,1351416.0
2020-04-22 03:30:00,1361009.0
2020-04-22 04:00:00,1356708.0
2020-04-22 04:30:00,1355174.0
2020-04-22 05:00:00,1356925.0
2020-04-22 05:30:00,1354598.0
2020-04-22 06:00:00,1362955.0
2020-04-22 06:30:00,1358920.0
2020-04-22 07:00:00,1364277.0
2020-04-22 07:30:00,1360136.0
2020-04-22 08:00:00,1371341.0
2020-04-22 08:30:00,1374849.0
2020-04-22 09:00:00,1358646.0
2020-04-22 09:30:00,1351155.0
2020-04-22 10:00:00,1354924.0
2020-04-22 10:30:00,1355784.0
2020-04-22 11:00:00,1389239.0
2020-04-22 11:30:00,1391411.0
2020-04-22 12:00:00,1213186.0
2020-04-22 12:30:00,1149436.0
2020-04-22 13:00:00,1251720.0
2020-04-22 13:30:00,1366423.0
2020-04-22 14:00:00,1360143.0
2020-04-22 14:30:00,1306664.0
2020-04-22 15:00:00,1289944.0
2020-04-22 15:30:00,1364243.0
2020-04-22 16:00:00,1361683.0
2020-04-22 16:30:00,1364122.0
2020-04-22 17:00:00,1351264.0
2020-04-22 17:30:00,1334986.0
2020-04-22 18:00:00,1342479.0
2020-04-22 18:30:00,1350506.0
2020-04-22 19:00:00,1349832.0
2020-04-22 19:30:00,1353421.0
2020-04-22 20:00:00,1351830.0
2020-04-22 20:30:00,1348116.0
2020-04-22 21:00:00,1342042.0
2020-04-22 21:30:00,1340723.0
2020-04-22 22:00:00,1342808.0
2020-04-22 22:30:00,1344132.0
2020-04-22 23:00:00,1349564.0
2020-04-22 23:30:00,1341723.0
2020-04-23 00:00:00,1351260.0
2020-04-23 00:30:00,1349030.0
2020-04-23 01:00:00,1359380.0
2020-04-23 01:30:00,1344946.0
2020-04-23 02:00:00,1340898.0
2020-04-23 02:30:00,1276197.0
2020-04-23 03:00:00,1346416.0
2020-04-23 03:30:00,1336108.0
2020-04-23 04:00:00,1346943.0
2020-04-23 04:30:00,1339515.0
2020-04-23 05:00:00,1338261.0
2020-04-23 05:30:00,1338319.0
2020-04-23 06:00:00,1343774.0
2020-04-23 06:30:00,1341497.0
2020-04-23 07:00:00,1344421.0
2020-04-23 07:30:00,1339622.0
2020-04-23 08:00:00,1349523.0
2020-04-23 08:30:00,1360418.0
2020-04-23 09:00:00,1353353.0
2020-04-23 09:30:00,1231277.0
2020-04-23 10:00:00,1099279.0
2020-04-23 10:30:00,1100173.0
2020-04-23 11:00:00,1108115.0
2020-04-23 11:30:00,1123756.0
2020-04-23 12:00:00,1129088.0
2020-04-23 12:30:00,1126146.0
2020-04-23 13:00:00,1137084.0
2020-04-23 13:30:00,1195799.0
2020-04-23 14:00:00,1181010.0
2020-04-23 14:30:00,1120965.0
2020-04-23 15:00:00,1105999.0
2020-04-23 15:30:00,1132782.0
2020-04-23 16:00:00,1111806.0
2020-04-23 16:30:00,1109983.0
2020-04-23 17:00:00,1120816.0
2020-04-23 17:30:00,1255718.0
2020-04-23 18:00:00,1323890.0
2020-04-23 18:30:00,1346736.0
2020-04-23 19:00:00,1345346.0
2020-04-23 19:30:00,1348227.0
2020-04-23 20:00:00,1354463.0
2020-04-23 20:30:00,1358208.0
2020-04-23 21:00:00,1351213.0
2020-04-23 21:30:00,1358123.0
2020-04-23 22:00:00,1348859.0
2020-04-23 22:30:00,1344913.0
2020-04-23 23:00:00,1349895.0
2020-04-23 23:30:00,1319235.0
2020-04-24 00:00:00,1338955.0
2020-04-24 00:30:00,1310254.0
2020-04-24 01:00:00,1236951.0
2020-04-24 01:30:00,1213392.0
2020-04-24 02:00:00,1248003.0
2020-04-24 02:30:00,1197419.0
2020-04-24 03:00:00,1154646.0
2020-04-24 03:30:00,1188842.0
2020-04-24 04:00:00,1303994.0
2020-04-24 04:30:00,1339674.0
2020-04-24 05:00:00,1357255.0
2020-04-24 05:30:00,1351999.0
2020-04-24 06:00:00,1358865.0
2020-04-24 06:30:00,1357433.0
2020-04-24 07:00:00,1353389.0
2020-04-24 07:30:00,1252458.0
2020-04-24 08:00:00,1362674.0
2020-04-24 08:30:00,1355865.0
2020-04-24 09:00:00,1347979.0
2020-04-24 09:30:00,1333672.0
2020-04-24 10:00:00,1159886.0
2020-04-24 10:30:00,1227462.0
2020-04-24 11:00:00,1167112.0
2020-04-24 11:30:00,1150643.0
2020-04-24 12:00:00,1168744.0
2020-04-24 12:30:00,1136078.0
2020-04-24 13:00:00,1131076.0
2020-04-24 13:30:00,1128386.0
2020-04-24 14:00:00,1125017.0
2020-04-24 14:30:00,1136848.0
2020-04-24 15:00:00,1132959.0
2020-04-24 15:30:00,1128061.0
2020-04-24 16:00:00,1166295.0
2020-04-24 16:30:00,1255545.0
2020-04-24 17:00:00,1219183.0
2020-04-24 17:30:00,1236007.0
2020-04-24 18:00:00,1324924.0
2020-04-24 18:30:00,1358846.0
2020-04-24 19:00:00,1358468.0
2020-04-24 19:30:00,1364758.0
2020-04-24 20:00:00,1355201.0
2020-04-24 20:30:00,1353210.0
2020-04-24 21:00:00,1339005.0
2020-04-24 21:30:00,1301553.0
2020-04-24 22:00:00,1358892.0
2020-04-24 22:30:00,1339010.0
2020-04-24 23:00:00,1356481.0
2020-04-24 23:30:00,1358147.0
2020-04-25 00:00:00,1244915.0
2020-04-25 00:30:00,1111361.0
2020-04-25 01:00:00,1132157.0
2020-04-25 01:30:00,1190591.0
2020-04-25 02:00:00,1244306.0
2020-04-25 02:30:00,1355528.0
2020-04-25 03:00:00,1310363.0
2020-04-25 03:30:00,1296574.0
2020-04-25 04:00:00,1348762.0
2020-04-25 04:30:00,1356335.0
2020-04-25 05:00:00,1361820.0
2020-04-25 05:30:00,1345969.0
2020-04-25 06:00:00,1337060.0
2020-04-25 06:30:00,1375520.0
2020-04-25 07:00:00,1364130.0
2020-04-25 07:30:00,1155977.0
2020-04-25 08:00:00,1143030.0
2020-04-25 08:30:00,1145097.0
2020-04-25 09:00:00,1160517.0
2020-04-25 09:30:00,1165765.0
2020-04-25 10:00:00,1149075.0
2020-04-25 10:30:00,1136218.0
2020-04-25 11:00:00,1124468.0
2020-04-25 11:30:00,1118481.0
2020-04-25 12:00:00,1129662.0
2020-04-25 12:30:00,1164736.0
2020-04-25 13:00:00,1158767.0
2020-04-25 13:30:00,1148825.0
2020-04-25 14:00:00,1153150.0
2020-04-25 14:30:00,1140010.0
2020-04-25 15:00:00,1165136.0
2020-04-25 15:30:00,1162272.0
2020-04-25 16:00:00,1153367.0
2020-04-25 16:30:00,1153236.0
2020-04-25 17:00:00,1147025.0
2020-04-25 17:30:00,1147435.0
2020-04-25 18:00:00,1193261.0
2020-04-25 18:30:00,1354662.0
2020-04-25 19:00:00,1423228.0
2020-04-25 19:30:00,1428314.0
2020-04-25 20:00:00,1438704.0
2020-04-25 20:30:00,1435577.0
2020-04-25 21:00:00,1420766.0
2020-04-25 21:30:00,1421678.0
2020-04-25 22:00:00,1419474.0
2020-04-25 22:30:00,1418299.0
2020-04-25 23:00:00,1416741.0
2020-04-25 23:30:00,1428386.0
2020-04-26 00:00:00,1420941.0
2020-04-26 00:30:00,1421664.0
2020-04-26 01:00:00,1247193.0
2020-04-26 01:30:00,1227954.0
2020-04-26 02:00:00,1298090.0
2020-04-26 02:30:00,1360987.0
2020-04-26 03:00:00,1280960.0
2020-04-26 03:30:00,1264928.0
2020-04-26 04:00:00,1239474.0
2020-04-26 04:30:00,1191904.0
2020-04-26 05:00:00,1221157.0
2020-04-26 05:30:00,1196065.0
2020-04-26 06:00:00,1240168.0
2020-04-26 06:30:00,1142997.0
2020-04-26 07:00:00,1146537.0
2020-04-26 07:30:00,1153287.0
2020-04-26 08:00:00,1170907.0
2020-04-26 08:30:00,1152666.0
2020-04-26 09:00:00,1149219.0
2020-04-26 09:30:00,1173587.0
2020-04-26 10:00:00,1149407.0
2020-04-26 10:30:00,1146716.0
2020-04-26 11:00:00,1149317.0
2020-04-26 11:30:00,1139332.0
2020-04-26 12:00:00,1161525.0
2020-04-26 12:30:00,1133686.0
2020-04-26 13:00:00,1139639.0
2020-04-26 13:30:00,1146089.0
2020-04-26 14:00:00,1147923.0
2020-04-26 14:30:00,1148390.0
2020-04-26 15:00:00,1150405.0
2020-04-26 15:30:00,1144901.0
2020-04-26 16:00:00,1156465.0
2020-04-26 16:30:00,1166086.0
2020-04-26 17:00:00,1167839.0
2020-04-26 17:30:00,1249510.0
2020-04-26 18:00:00,1261494.0
2020-04-26 18:30:00,1382975.0
2020-04-26 19:00:00,1391624.0
2020-04-26 19:30:00,1385066.0
2020-04-26 20:00:00,1389132.0
2020-04-26 20:30:00,1392230.0
2020-04-26 21:00:00,1382742.0
2020-04-26 21:30:00,1397336.0
2020-04-26 22:00:00,1398198.0
2020-04-26 22:30:00,1394449.0
2020-04-26 23:00:00,1391371.0
2020-04-26 23:30:00,1381325.0
2020-04-27 00:00:00,1272435.0
2020-04-27 00:30:00,1134676.0
2020-04-27 01:00:00,1186280.0
2020-04-27 01:30:00,1128288.0
2020-04-27 02:00:00,1134799.0
2020-04-27 02:30:00,1133467.0
2020-04-27 03:00:00,1142575.0
2020-04-27 03:30:00,1145973.0
2020-04-27 04:00:00,1139803.0
2020-04-27 04:30:00,1144195.0
2020-04-27 05:00:00,1140726.0
2020-04-27 05:30:00,1147275.0
2020-04-27 06:00:00,1151402.0
2020-04-27 06:30:00,1146535.0
2020-04-27 07:00:00,1151000.0
2020-04-27 07:30:00,1160874.0
2020-04-27 08:00:00,1323206.0
2020-04-27 08:30:00,1413198.0
2020-04-27 09:00:00,1254990.0
2020-04-27 09:30:00,1180837.0
2020-04-27 10:00:00,1276796.0
2020-04-27 10:30:00,1399914.0
2020-04-27 11:00:00,1410921.0
2020-04-27 11:30:00,1395022.0
2020-04-27 12:00:00,1395966.0
2020-04-27 12:30:00,1276967.0
2020-04-27 13:00:00,1390463.0
2020-04-27 13:30:00,1414192.0
2020-04-27 14:00:00,1413007.0
2020-04-27 14:30:00,1408377.0
2020-04-27 15:00:00,1395869.0
2020-04-27 15:30:00,1399638.0
2020-04-27 16:00:00,1399023.0
2020-04-27 16:30:00,1404049.0
2020-04-27 17:00:00,1408433.0
2020-04-27 17:30:00,1405922.0
2020-04-27 18:00:00,1397457.0
2020-04-27 18:30:00,1396079.0
2020-04-27 19:00:00,1393556.0
2020-04-27 19:30:00,1393478.0
2020-04-27 20:00:00,1393098.0
2020-04-27 20:30:00,1391788.0
2020-04-27 21:00:00,1386968.0
2020-04-27 21:30:00,1386113.0
2020-04-27 22:00:00,1384246.0
2020-04-27 22:30:00,1380177.0
2020-04-27 23:00:00,1375024.0
2020-04-27 23:30:00,1366554.0
2020-04-28 00:00:00,1370235.0
2020-04-28 00:30:00,1353147.0
2020-04-28 01:00:00,1335065.0
2020-04-28 01:30:00,1373982.0
2020-04-28 02:00:00,1377726.0
2020-04-28 02:30:00,1318461.0
2020-04-28 03:00:00,1230475.0
2020-04-28 03:30:00,1244912.0
2020-04-28 04:00:00,1261550.0
2020-04-28 04:30:00,1329420.0
2020-04-28 05:00:00,1382872.0
2020-04-28 05:30:00,1372982.0
2020-04-28 06:00:00,1382795.0
2020-04-28 06:30:00,1394160.0
2020-04-28 07:00:00,1394900.0
2020-04-28 07:30:00,1403718.0
2020-04-28 08:00:00,1404848.0
2020-04-28 08:30:00,1404248.0
2020-04-28 09:00:00,1400934.0
2020-04-28 09:30:00,1400934.0
2020-04-28 10:00:00,1400934.0
2020-04-28 10:30:00,1400934.0
2020-04-28 11:00:00,1400934.0
2020-04-28 11:30:00,1400934.0
2020-04-28 12:00:00,1400934.0
2020-04-28 12:30:00,1400934.0
2020-04-28 13:00:00,1400934.0
2020-04-28 13:30:00,1400934.0
2020-04-28 14:00:00,1174445.0
2020-04-28 14:30:00,1185276.0
2020-04-28 15:00:00,1178840.0
2020-04-28 15:30:00,1196625.0
2020-04-28 16:00:00,1325816.0
2020-04-28 16:30:00,1310866.0
2020-04-28 17:00:00,1244599.0
2020-04-28 17:30:00,1274958.0
2020-04-28 18:00:00,1363860.0
2020-04-28 18:30:00,1407012.0
2020-04-28 19:00:00,1416781.0
2020-04-28 19:30:00,1421098.0
2020-04-28 20:00:00,1413065.0
2020-04-28 20:30:00,1408176.0
2020-04-28 21:00:00,1410361.0
2020-04-28 21:30:00,1395875.0
2020-04-28 22:00:00,1390096.0
2020-04-28 22:30:00,1201635.0
2020-04-28 23:00:00,1369785.0
2020-04-28 23:30:00,1323786.0
2020-04-29 00:00:00,1255479.0
2020-04-29 00:30:00,1374742.0
2020-04-29 01:00:00,1360366.0
2020-04-29 01:30:00,1314875.0
2020-04-29 02:00:00,1299131.0
2020-04-29 02:30:00,1241905.0
2020-04-29 03:00:00,1217626.0
2020-04-29 03:30:00,1272129.0
2020-04-29 04:00:00,1392643.0
2020-04-29 04:30:00,1393100.0
2020-04-29 05:00:00,1392511.0
2020-04-29 05:30:00,1367953.0
2020-04-29 06:00:00,1373521.0
2020-04-29 06:30:00,1387983.0
2020-04-29 07:00:00,1402277.0
2020-04-29 07:30:00,1392098.0
2020-04-29 08:00:00,1405273.0
2020-04-29 08:30:00,1406888.0
2020-04-29 09:00:00,1241651.0
2020-04-29 09:30:00,1174726.0
2020-04-29 10:00:00,1180713.0
2020-04-29 10:30:00,1169045.0
2020-04-29 11:00:00,1157410.0
2020-04-29 11:30:00,1137025.0
2020-04-29 12:00:00,1152776.0
2020-04-29 12:30:00,1137449.0
2020-04-29 13:00:00,1138635.0
2020-04-29 13:30:00,1146441.0
2020-04-29 14:00:00,1177478.0
2020-04-29 14:30:00,1137691.0
2020-04-29 15:00:00,1162027.0
2020-04-29 15:30:00,1152189.0
2020-04-29 16:00:00,1162986.0
2020-04-29 16:30:00,1252713.0
2020-04-29 17:00:00,1260545.0
2020-04-29 17:30:00,1138712.0
2020-04-29 18:00:00,1141311.0
2020-04-29 18:30:00,1222488.0
2020-04-29 19:00:00,1388986.0
2020-04-29 19:30:00,1407622.0
2020-04-29 20:00:00,1416462.0
2020-04-29 20:30:00,1408539.0
2020-04-29 21:00:00,1406393.0
2020-04-29 21:30:00,1410546.0
2020-04-29 22:00:00,1388641.0
2020-04-29 22:30:00,1384098.0
2020-04-29 23:00:00,1394736.0
2020-04-29 23:30:00,1354854.0
2020-04-30 00:00:00,1148290.0
2020-04-30 00:30:00,1146716.0
2020-04-30 01:00:00,1156140.0
2020-04-30 01:30:00,1155296.0
2020-04-30 02:00:00,1155342.0
2020-04-30 02:30:00,1147149.0
2020-04-30 03:00:00,1146934.0
2020-04-30 03:30:00,1154703.0
2020-04-30 04:00:00,1150886.0
2020-04-30 04:30:00,1158345.0
2020-04-30 05:00:00,1144966.0
2020-04-30 05:30:00,1143024.0
2020-04-30 06:00:00,1147413.0
2020-04-30 06:30:00,1144086.0
2020-04-30 07:00:00,1145098.0
2020-04-30 07:30:00,1165451.0
2020-04-30 08:00:00,1170997.0
2020-04-30 08:30:00,1169631.0
2020-04-30 09:00:00,1165535.0
2020-04-30 09:30:00,1160958.0
2020-04-30 10:00:00,1164996.0
2020-04-30 10:30:00,1163259.0
2020-04-30 11:00:00,1175601.0
2020-04-30 11:30:00,1181014.0
2020-04-30 12:00:00,1177087.0
2020-04-30 12:30:00,1181407.0
2020-04-30 13:00:00,1184199.0
2020-04-30 13:30:00,1179562.0
2020-04-30 14:00:00,1175184.0
2020-04-30 14:30:00,1171386.0
2020-04-30 15:00:00,1175787.0
2020-04-30 15:30:00,1176504.0
2020-04-30 16:00:00,1174846.0
2020-04-30 16:30:00,1171863.0
2020-04-30 17:00:00,1164645.0
2020-04-30 17:30:00,1166895.0
2020-04-30 18:00:00,1164226.0
2020-04-30 18:30:00,1156335.0
2020-04-30 19:00:00,1203694.0
2020-04-30 19:30:00,1328808.0
2020-04-30 20:00:00,1412303.0
2020-04-30 20:30:00,1388846.0
2020-04-30 21:00:00,1174538.0
2020-04-30 21:30:00,1161240.0
2020-04-30 22:00:00,1161163.0
2020-04-30 22:30:00,1155013.0
2020-04-30 23:00:00,1174302.0
2020-04-30 23:30:00,1151037.0
2020-05-01 00:00:00,1399348.0
2020-05-01 00:30:00,1403740.0
2020-05-01 01:00:00,1406992.0
2020-05-01 01:30:00,1407990.0
2020-05-01 02:00:00,1405660.0
2020-05-01 02:30:00,1387945.0
2020-05-01 03:00:00,1404735.0
2020-05-01 03:30:00,1395408.0
2020-05-01 04:00:00,1395913.0
2020-05-01 04:30:00,1413552.0
2020-05-01 05:00:00,1379583.0
2020-05-01 05:30:00,1418293.0
2020-05-01 06:00:00,1413317.0
2020-05-01 06:30:00,1409141.0
2020-05-01 07:00:00,1435441.0
2020-05-01 07:30:00,1427707.0
2020-05-01 08:00:00,1430830.0
2020-05-01 08:30:00,1429609.0
2020-05-01 09:00:00,1331402.0
2020-05-01 09:30:00,1445113.0
2020-05-01 10:00:00,1405558.0
2020-05-01 10:30:00,1296399.0
2020-05-01 11:00:00,1380625.0
2020-05-01 11:30:00,1411664.0
2020-05-01 12:00:00,1437298.0
2020-05-01 12:30:00,1431360.0
2020-05-01 13:00:00,1414592.0
2020-05-01 13:30:00,1423802.0
2020-05-01 14:00:00,1444471.0
2020-05-01 14:30:00,1453330.0
2020-05-01 15:00:00,1442746.0
2020-05-01 15:30:00,1450861.0
2020-05-01 16:00:00,1469986.0
2020-05-01 16:30:00,1457276.0
2020-05-01 17:00:00,1354890.0
2020-05-01 17:30:00,1441611.0
2020-05-01 18:00:00,1422008.0
2020-05-01 18:30:00,1443467.0
2020-05-01 19:00:00,1454147.0
2020-05-01 19:30:00,1449047.0
2020-05-01 20:00:00,1458854.0
2020-05-01 20:30:00,1453405.0
2020-05-01 21:00:00,1466965.0
2020-05-01 21:30:00,1473034.0
2020-05-01 22:00:00,1455651.0
2020-05-01 22:30:00,1475272.0
2020-05-01 23:00:00,1471305.0
2020-05-01 23:30:00,1462972.0
2020-05-02 00:00:00,1442856.0
2020-05-02 00:30:00,1442631.0
2020-05-02 01:00:00,1449272.0
2020-05-02 01:30:00,1443361.0
2020-05-02 02:00:00,1449963.0
2020-05-02 02:30:00,1433266.0
2020-05-02 03:00:00,1447494.0
2020-05-02 03:30:00,1451136.0
2020-05-02 04:00:00,1452705.0
2020-05-02 04:30:00,1448320.0
2020-05-02 05:00:00,1442162.0
2020-05-02 05:30:00,1438464.0
2020-05-02 06:00:00,1463577.0
2020-05-02 06:30:00,1461050.0
2020-05-02 07:00:00,1457395.0
2020-05-02 07:30:00,1452090.0
2020-05-02 08:00:00,1468220.0
2020-05-02 08:30:00,1457912.0
2020-05-02 09:00:00,1464844.0
2020-05-02 09:30:00,1466537.0
2020-05-02 10:00:00,1458176.0
2020-05-02 10:30:00,1468629.0
2020-05-02 11:00:00,1466064.0
2020-05-02 11:30:00,1462565.0
2020-05-02 12:00:00,1453813.0
2020-05-02 12:30:00,1454064.0
2020-05-02 13:00:00,1454948.0
2020-05-02 13:30:00,1460262.0
2020-05-02 14:00:00,1456428.0
2020-05-02 14:30:00,1463953.0
2020-05-02 15:00:00,1452410.0
2020-05-02 15:30:00,1444406.0
2020-05-02 16:00:00,1447144.0
2020-05-02 16:30:00,1444077.0
2020-05-02 17:00:00,1432143.0
2020-05-02 17:30:00,1450274.0
2020-05-02 18:00:00,1431270.0
2020-05-02 18:30:00,1435778.0
2020-05-02 19:00:00,1438446.0
2020-05-02 19:30:00,1450684.0
2020-05-02 20:00:00,1449221.0
2020-05-02 20:30:00,1447227.0
2020-05-02 21:00:00,1445329.0
2020-05-02 21:30:00,1441265.0
2020-05-02 22:00:00,1442269.0
2020-05-02 22:30:00,1444120.0
2020-05-02 23:00:00,1458235.0
2020-05-02 23:30:00,1449935.0
2020-05-03 00:00:00,1448859.0
2020-05-03 00:30:00,1444651.0
2020-05-03 01:00:00,1439427.0
2020-05-03 01:30:00,1438728.0
2020-05-03 02:00:00,1431431.0
2020-05-03 02:30:00,1445954.0
2020-05-03 03:00:00,1452410.0
2020-05-03 03:30:00,1443323.0
2020-05-03 04:00:00,1448503.0
2020-05-03 04:30:00,1447143.0
2020-05-03 05:00:00,1445619.0
2020-05-03 05:30:00,1443111.0
2020-05-03 06:00:00,1446815.0
2020-05-03 06:30:00,1444198.0
2020-05-03 07:00:00,1451850.0
2020-05-03 07:30:00,1444062.0
2020-05-03 08:00:00,1461901.0
2020-05-03 08:30:00,1457357.0
2020-05-03 09:00:00,1462246.0
2020-05-03 09:30:00,1460787.0
2020-05-03 10:00:00,1460372.0
2020-05-03 10:30:00,1462299.0
2020-05-03 11:00:00,1467271.0
2020-05-03 11:30:00,1459468.0
2020-05-03 12:00:00,1462495.0
2020-05-03 12:30:00,1464653.0
2020-05-03 13:00:00,1454679.0
2020-05-03 13:30:00,1456632.0
2020-05-03 14:00:00,1441761.0
2020-05-03 14:30:00,1443182.0
2020-05-03 15:00:00,1450893.0
2020-05-03 15:30:00,1443599.0
2020-05-03 16:00:00,1453843.0
2020-05-03 16:30:00,1465118.0
2020-05-03 17:00:00,1466757.0
2020-05-03 17:30:00,1454328.0
2020-05-03 18:00:00,1455005.0
2020-05-03 18:30:00,1452016.0
2020-05-03 19:00:00,1447155.0
2020-05-03 19:30:00,1453767.0
2020-05-03 20:00:00,1452598.0
2020-05-03 20:30:00,1448096.0
2020-05-03 21:00:00,1434093.0
2020-05-03 21:30:00,1440736.0
2020-05-03 22:00:00,1440079.0
2020-05-03 22:30:00,1437521.0
2020-05-03 23:00:00,1450118.0
2020-05-03 23:30:00,1443562.0
2020-05-04 00:00:00,1439489.0
2020-05-04 00:30:00,1441142.0
2020-05-04 01:00:00,1435078.0
2020-05-04 01:30:00,1429086.0
2020-05-04 02:00:00,1430589.0
2020-05-04 02:30:00,1437589.0
2020-05-04 03:00:00,1430433.0
2020-05-04 03:30:00,1450706.0
2020-05-04 04:00:00,1454918.0
2020-05-04 04:30:00,1441602.0
2020-05-04 05:00:00,1410986.0
2020-05-04 05:30:00,1394836.0
2020-05-04 06:00:00,1435296.0
2020-05-04 06:30:00,1423690.0
2020-05-04 07:00:00,1355870.0
2020-05-04 07:30:00,1229061.0
2020-05-04 08:00:00,1445342.0
2020-05-04 08:30:00,1445618.0
2020-05-04 09:00:00,1454567.0
2020-05-04 09:30:00,1460141.0
2020-05-04 10:00:00,1472644.0
2020-05-04 10:30:00,1461531.0
2020-05-04 11:00:00,1474627.0
2020-05-04 11:30:00,1463212.0
2020-05-04 12:00:00,1464783.0
2020-05-04 12:30:00,1442332.0
2020-05-04 13:00:00,1439263.0
2020-05-04 13:30:00,1444481.0
2020-05-04 14:00:00,1456886.0
2020-05-04 14:30:00,1445201.0
2020-05-04 15:00:00,1450677.0
2020-05-04 15:30:00,1454896.0
2020-05-04 16:00:00,1455798.0
2020-05-04 16:30:00,1451846.0
2020-05-04 17:00:00,1458520.0
2020-05-04 17:30:00,1449710.0
2020-05-04 18:00:00,1447690.0
2020-05-04 18:30:00,1443806.0
2020-05-04 19:00:00,1434499.0
2020-05-04 19:30:00,1427872.0
2020-05-04 20:00:00,1443706.0
2020-05-04 20:30:00,1449243.0
2020-05-04 21:00:00,1444246.0
2020-05-04 21:30:00,1433581.0
2020-05-04 22:00:00,1433850.0
2020-05-04 22:30:00,1427979.0
2020-05-04 23:00:00,1433630.0
2020-05-04 23:30:00,1424002.0
2020-05-05 00:00:00,1430614.0
2020-05-05 00:30:00,1445882.0
2020-05-05 01:00:00,1444338.0
2020-05-05 01:30:00,1429416.0
2020-05-05 02:00:00,1419437.0
2020-05-05 02:30:00,1417574.0
2020-05-05 03:00:00,1425487.0
2020-05-05 03:30:00,1450642.0
2020-05-05 04:00:00,1424084.0
2020-05-05 04:30:00,1434550.0
2020-05-05 05:00:00,1417025.0
2020-05-05 05:30:00,1433488.0
2020-05-05 06:00:00,1433050.0
2020-05-05 06:30:00,1431366.0
2020-05-05 07:00:00,1437689.0
2020-05-05 07:30:00,1420524.0
2020-05-05 08:00:00,1441951.0
2020-05-05 08:30:00,1444730.0
2020-05-05 09:00:00,1450745.0
2020-05-05 09:30:00,1444095.0
2020-05-05 10:00:00,1447185.0
2020-05-05 10:30:00,1447586.0
2020-05-05 11:00:00,1452276.0
2020-05-05 11:30:00,1436150.0
2020-05-05 12:00:00,1442867.0
2020-05-05 12:30:00,1440199.0
2020-05-05 13:00:00,1440757.0
2020-05-05 13:30:00,1431010.0
2020-05-05 14:00:00,1428417.0
2020-05-05 14:30:00,1427128.0
2020-05-05 15:00:00,1414204.0
2020-05-05 15:30:00,1420339.0
2020-05-05 16:00:00,1431499.0
2020-05-05 16:30:00,1431508.0
2020-05-05 17:00:00,1423510.0
2020-05-05 17:30:00,1424306.0
2020-05-05 18:00:00,1422738.0
2020-05-05 18:30:00,1422837.0
2020-05-05 19:00:00,1425884.0
2020-05-05 19:30:00,1430818.0
2020-05-05 20:00:00,1432252.0
2020-05-05 20:30:00,1437025.0
2020-05-05 21:00:00,1430517.0
2020-05-05 21:30:00,1439466.0
2020-05-05 22:00:00,1436281.0
2020-05-05 22:30:00,1430738.0
2020-05-05 23:00:00,1451461.0
2020-05-05 23:30:00,1434234.0
2020-05-06 00:00:00,1439530.0
2020-05-06 00:30:00,1432203.0
2020-05-06 01:00:00,1436941.0
2020-05-06 01:30:00,1430947.0
2020-05-06 02:00:00,1430373.0
2020-05-06 02:30:00,1431642.0
2020-05-06 03:00:00,1429129.0
2020-05-06 03:30:00,1429422.0
2020-05-06 04:00:00,1447014.0
2020-05-06 04:30:00,1442559.0
2020-05-06 05:00:00,1444830.0
2020-05-06 05:30:00,1449977.0
2020-05-06 06:00:00,1456072.0
2020-05-06 06:30:00,1449379.0
2020-05-06 07:00:00,1439695.0
2020-05-06 07:30:00,1443239.0
2020-05-06 08:00:00,1460581.0
2020-05-06 08:30:00,1451285.0
2020-05-06 09:00:00,1435293.0
2020-05-06 09:30:00,1435293.0
2020-05-06 10:00:00,1435293.0
2020-05-06 10:30:00,1435293.0
2020-05-06 11:00:00,1435293.0
2020-05-06 11:30:00,1435293.0
2020-05-06 12:00:00,1435293.0
2020-05-06 12:30:00,1435293.0
2020-05-06 13:00:00,1435293.0
2020-05-06 13:30:00,1474002.0
2020-05-06 14:00:00,1482206.0
2020-05-06 14:30:00,1480282.0
2020-05-06 15:00:00,1472831.0
2020-05-06 15:30:00,1452894.0
2020-05-06 16:00:00,1447356.0
2020-05-06 16:30:00,1449736.0
2020-05-06 17:00:00,1444193.0
2020-05-06 17:30:00,1457150.0
2020-05-06 18:00:00,1447225.0
2020-05-06 18:30:00,1437818.0
2020-05-06 19:00:00,1445427.0
2020-05-06 19:30:00,1449457.0
2020-05-06 20:00:00,1449579.0
2020-05-06 20:30:00,1458382.0
2020-05-06 21:00:00,1458112.0
2020-05-06 21:30:00,1455057.0
2020-05-06 22:00:00,1447944.0
2020-05-06 22:30:00,1429601.0
2020-05-06 23:00:00,1436817.0
2020-05-06 23:30:00,1438753.0
2020-05-07 00:00:00,1427770.0
2020-05-07 00:30:00,1428999.0
2020-05-07 01:00:00,1432011.0
2020-05-07 01:30:00,1431206.0
2020-05-07 02:00:00,1434424.0
2020-05-07 02:30:00,1442463.0
2020-05-07 03:00:00,1434487.0
2020-05-07 03:30:00,1443037.0
2020-05-07 04:00:00,1426779.0
2020-05-07 04:30:00,1424629.0
2020-05-07 05:00:00,1430878.0
2020-05-07 05:30:00,1426533.0
2020-05-07 06:00:00,1424331.0
2020-05-07 06:30:00,1416737.0
2020-05-07 07:00:00,1417841.0
2020-05-07 07:30:00,1421649.0
2020-05-07 08:00:00,1426501.0
2020-05-07 08:30:00,1422872.0
2020-05-07 09:00:00,1427554.0
2020-05-07 09:30:00,1427270.0
2020-05-07 10:00:00,1423205.0
2020-05-07 10:30:00,1418324.0
2020-05-07 11:00:00,1411208.0
2020-05-07 11:30:00,1419467.0
2020-05-07 12:00:00,1416650.0
2020-05-07 12:30:00,1421851.0
2020-05-07 13:00:00,1439978.0
2020-05-07 13:30:00,1434018.0
2020-05-07 14:00:00,1446467.0
2020-05-07 14:30:00,1455128.0
2020-05-07 15:00:00,1460104.0
2020-05-07 15:30:00,1452041.0
2020-05-07 16:00:00,1449747.0
2020-05-07 16:30:00,1432122.0
2020-05-07 17:00:00,1423958.0
2020-05-07 17:30:00,1420682.0
2020-05-07 18:00:00,1437270.0
2020-05-07 18:30:00,1438621.0
2020-05-07 19:00:00,1430058.0
2020-05-07 19:30:00,1433554.0
2020-05-07 20:00:00,1436050.0
2020-05-07 20:30:00,1436362.0
2020-05-07 21:00:00,1444406.0
2020-05-07 21:30:00,1443098.0
2020-05-07 22:00:00,1435852.0
2020-05-07 22:30:00,1433828.0
2020-05-07 23:00:00,1432860.0
2020-05-07 23:30:00,1433339.0
2020-05-08 00:00:00,1430636.0
2020-05-08 00:30:00,1435376.0
2020-05-08 01:00:00,1427132.0
2020-05-08 01:30:00,1434236.0
2020-05-08 02:00:00,1435909.0
2020-05-08 02:30:00,1424391.0
2020-05-08 03:00:00,1425431.0
2020-05-08 03:30:00,1425014.0
2020-05-08 04:00:00,1409877.0
2020-05-08 04:30:00,1424143.0
2020-05-08 05:00:00,1423184.0
2020-05-08 05:30:00,1419881.0
2020-05-08 06:00:00,1415857.0
2020-05-08 06:30:00,1416864.0
2020-05-08 07:00:00,1429114.0
2020-05-08 07:30:00,1429734.0
2020-05-08 08:00:00,1443227.0
2020-05-08 08:30:00,1460282.0
2020-05-08 09:00:00,1451119.0
2020-05-08 09:30:00,1512117.0
2020-05-08 10:00:00,1542229.0
2020-05-08 10:30:00,1514131.0
2020-05-08 11:00:00,1464699.0
2020-05-08 11:30:00,1422304.0
2020-05-08 12:00:00,1441837.0
2020-05-08 12:30:00,1453188.0
2020-05-08 13:00:00,1466898.0
2020-05-08 13:30:00,1454869.0
2020-05-08 14:00:00,1467183.0
2020-05-08 14:30:00,1451787.0
2020-05-08 15:00:00,1442777.0
2020-05-08 15:30:00,1452070.0
2020-05-08 16:00:00,1460120.0
2020-05-08 16:30:00,1461780.0
2020-05-08 17:00:00,1462000.0
2020-05-08 17:30:00,1460383.0
2020-05-08 18:00:00,1450178.0
2020-05-08 18:30:00,1460199.0
2020-05-08 19:00:00,1466781.0
2020-05-08 19:30:00,1452870.0
2020-05-08 20:00:00,1449429.0
2020-05-08 20:30:00,1444637.0
2020-05-08 21:00:00,1451645.0
2020-05-08 21:30:00,1447287.0
2020-05-08 22:00:00,1447025.0
2020-05-08 22:30:00,1450178.0
2020-05-08 23:00:00,1445784.0
2020-05-08 23:30:00,1449763.0
2020-05-09 00:00:00,1447300.0
2020-05-09 00:30:00,1444122.0
2020-05-09 01:00:00,1442105.0
2020-05-09 01:30:00,1445273.0
2020-05-09 02:00:00,1442254.0
2020-05-09 02:30:00,1437654.0
2020-05-09 03:00:00,1462656.0
2020-05-09 03:30:00,1457005.0
2020-05-09 04:00:00,1460603.0
2020-05-09 04:30:00,1456295.0
2020-05-09 05:00:00,1448609.0
2020-05-09 05:30:00,1424970.0
2020-05-09 06:00:00,1455858.0
2020-05-09 06:30:00,1446203.0
2020-05-09 07:00:00,1461046.0
2020-05-09 07:30:00,1468147.0
2020-05-09 08:00:00,1479317.0
2020-05-09 08:30:00,1480652.0
2020-05-09 09:00:00,1478676.0
2020-05-09 09:30:00,1481229.0
2020-05-09 10:00:00,1473578.0
2020-05-09 10:30:00,1473574.0
2020-05-09 11:00:00,1473921.0
2020-05-09 11:30:00,1476871.0
2020-05-09 12:00:00,1478402.0
2020-05-09 12:30:00,1466345.0
2020-05-09 13:00:00,1471780.0
2020-05-09 13:30:00,1458966.0
2020-05-09 14:00:00,1456267.0
2020-05-09 14:30:00,1448743.0
2020-05-09 15:00:00,1449035.0
2020-05-09 15:30:00,1451322.0
2020-05-09 16:00:00,1451354.0
2020-05-09 16:30:00,1454652.0
2020-05-09 17:00:00,1439438.0
2020-05-09 17:30:00,1446547.0
2020-05-09 18:00:00,1440617.0
2020-05-09 18:30:00,1451900.0
2020-05-09 19:00:00,1463251.0
2020-05-09 19:30:00,1455599.0
2020-05-09 20:00:00,1451765.0
2020-05-09 20:30:00,1456666.0
2020-05-09 21:00:00,1462087.0
2020-05-09 21:30:00,1461820.0
2020-05-09 22:00:00,1444835.0
2020-05-09 22:30:00,1445957.0
2020-05-09 23:00:00,1450171.0
2020-05-09 23:30:00,1458515.0
2020-05-10 00:00:00,1461635.0
2020-05-10 00:30:00,1450715.0
2020-05-10 01:00:00,1442293.0
2020-05-10 01:30:00,1444676.0
2020-05-10 02:00:00,1426979.0
2020-05-10 02:30:00,1435865.0
2020-05-10 03:00:00,1434623.0
2020-05-10 03:30:00,1387429.0
2020-05-10 04:00:00,1422137.0
2020-05-10 04:30:00,1414900.0
2020-05-10 05:00:00,1317498.0
2020-05-10 05:30:00,1449660.0
2020-05-10 06:00:00,1415224.0
2020-05-10 06:30:00,1417468.0
2020-05-10 07:00:00,1442382.0
2020-05-10 07:30:00,1442442.0
2020-05-10 08:00:00,1443435.0
2020-05-10 08:30:00,1441891.0
2020-05-10 09:00:00,1453951.0
2020-05-10 09:30:00,1459124.0
2020-05-10 10:00:00,1455885.0
2020-05-10 10:30:00,1448663.0
2020-05-10 11:00:00,1445244.0
2020-05-10 11:30:00,1429144.0
2020-05-10 12:00:00,1420898.0
2020-05-10 12:30:00,1421518.0
2020-05-10 13:00:00,1434190.0
2020-05-10 13:30:00,1421294.0
2020-05-10 14:00:00,1434156.0
2020-05-10 14:30:00,1385045.0
2020-05-10 15:00:00,1442315.0
2020-05-10 15:30:00,1428842.0
2020-05-10 16:00:00,1396900.0
2020-05-10 16:30:00,1433654.0
2020-05-10 17:00:00,1399894.0
2020-05-10 17:30:00,1417899.0
2020-05-10 18:00:00,1400224.0
2020-05-10 18:30:00,1420443.0
2020-05-10 19:00:00,1431767.0
2020-05-10 19:30:00,1431607.0
2020-05-10 20:00:00,1439104.0
2020-05-10 20:30:00,1441322.0
2020-05-10 21:00:00,1439555.0
2020-05-10 21:30:00,1429631.0
2020-05-10 22:00:00,1423580.0
2020-05-10 22:30:00,1433394.0
2020-05-10 23:00:00,1432101.0
2020-05-10 23:30:00,1438038.0
2020-05-11 00:00:00,1416581.0
2020-05-11 00:30:00,1427407.0
2020-05-11 01:00:00,1430515.0
2020-05-11 01:30:00,1435041.0
2020-05-11 02:00:00,1419932.0
2020-05-11 02:30:00,1417370.0
2020-05-11 03:00:00,1426216.0
2020-05-11 03:30:00,1434382.0
2020-05-11 04:00:00,1439104.0
2020-05-11 04:30:00,1437574.0
2020-05-11 05:00:00,1435916.0
2020-05-11 05:30:00,1428201.0
2020-05-11 06:00:00,1429702.0
2020-05-11 06:30:00,1433981.0
2020-05-11 07:00:00,1429105.0
2020-05-11 07:30:00,1427107.0
2020-05-11 08:00:00,1447256.0
2020-05-11 08:30:00,1445066.0
2020-05-11 09:00:00,1447677.0
2020-05-11 09:30:00,1449865.0
2020-05-11 10:00:00,1447115.0
2020-05-11 10:30:00,1447783.0
2020-05-11 11:00:00,1449548.0
2020-05-11 11:30:00,1437143.0
2020-05-11 12:00:00,1415307.0
2020-05-11 12:30:00,1413926.0
2020-05-11 13:00:00,1459365.0
2020-05-11 13:30:00,1456860.0
2020-05-11 14:00:00,1461447.0
2020-05-11 14:30:00,1466216.0
2020-05-11 15:00:00,1463233.0
2020-05-11 15:30:00,1451572.0
2020-05-11 16:00:00,1468590.0
2020-05-11 16:30:00,1468494.0
2020-05-11 17:00:00,1464790.0
2020-05-11 17:30:00,1456517.0
2020-05-11 18:00:00,1449661.0
2020-05-11 18:30:00,1455144.0
2020-05-11 19:00:00,1449345.0
2020-05-11 19:30:00,1460992.0
2020-05-11 20:00:00,1458055.0
2020-05-11 20:30:00,1455264.0
2020-05-11 21:00:00,1441356.0
2020-05-11 21:30:00,1455919.0
2020-05-11 22:00:00,1446341.0
2020-05-11 22:30:00,1449246.0
2020-05-11 23:00:00,1448323.0
2020-05-11 23:30:00,1462753.0
2020-05-12 00:00:00,1457519.0
2020-05-12 00:30:00,1459612.0
2020-05-12 01:00:00,1462401.0
2020-05-12 01:30:00,1452540.0
2020-05-12 02:00:00,1451301.0
2020-05-12 02:30:00,1448882.0
2020-05-12 03:00:00,1445772.0
2020-05-12 03:30:00,1451866.0
2020-05-12 04:00:00,1442712.0
2020-05-12 04:30:00,1447484.0
2020-05-12 05:00:00,1456985.0
2020-05-12 05:30:00,1455046.0
2020-05-12 06:00:00,1461220.0
2020-05-12 06:30:00,1455576.0
2020-05-12 07:00:00,1459067.0
2020-05-12 07:30:00,1458146.0
2020-05-12 08:00:00,1473359.0
2020-05-12 08:30:00,1468085.0
2020-05-12 09:00:00,1473360.0
2020-05-12 09:30:00,1473360.0
2020-05-12 10:00:00,1473360.0
2020-05-12 10:30:00,1473360.0
2020-05-12 11:00:00,1473360.0
2020-05-12 11:30:00,1473360.0
2020-05-12 12:00:00,1473360.0
2020-05-12 12:30:00,1473360.0
2020-05-12 13:00:00,1473360.0
2020-05-12 13:30:00,1473360.0
2020-05-12 14:00:00,1473360.0
2020-05-12 14:30:00,1473360.0
2020-05-12 15:00:00,1473360.0
2020-05-12 15:30:00,1451670.0
2020-05-12 16:00:00,1460318.0
2020-05-12 16:30:00,1458283.0
2020-05-12 17:00:00,1456046.0
2020-05-12 17:30:00,1456546.0
2020-05-12 18:00:00,1443869.0
2020-05-12 18:30:00,1453420.0
2020-05-12 19:00:00,1449990.0
2020-05-12 19:30:00,1461602.0
2020-05-12 20:00:00,1454704.0
2020-05-12 20:30:00,1456670.0
2020-05-12 21:00:00,1455557.0
2020-05-12 21:30:00,1455920.0
2020-05-12 22:00:00,1450081.0
2020-05-12 22:30:00,1440790.0
2020-05-12 23:00:00,1455643.0
2020-05-12 23:30:00,1443848.0
2020-05-13 00:00:00,1445469.0
2020-05-13 00:30:00,1426125.0
2020-05-13 01:00:00,1443969.0
2020-05-13 01:30:00,1427943.0
2020-05-13 02:00:00,1452359.0
2020-05-13 02:30:00,1446766.0
2020-05-13 03:00:00,1453926.0
2020-05-13 03:30:00,1458816.0
2020-05-13 04:00:00,1446993.0
2020-05-13 04:30:00,1448723.0
2020-05-13 05:00:00,1446636.0
2020-05-13 05:30:00,1446681.0
2020-05-13 06:00:00,1447448.0
2020-05-13 06:30:00,1442809.0
2020-05-13 07:00:00,1436072.0
2020-05-13 07:30:00,1430759.0
2020-05-13 08:00:00,1455061.0
2020-05-13 08:30:00,1446334.0
2020-05-13 09:00:00,1446209.0
2020-05-13 09:30:00,1436670.0
2020-05-13 10:00:00,1449789.0
2020-05-13 10:30:00,1439443.0
2020-05-13 11:00:00,1432862.0
2020-05-13 11:30:00,1408359.0
2020-05-13 12:00:00,1416785.0
2020-05-13 12:30:00,1386609.0
2020-05-13 13:00:00,1407795.0
2020-05-13 13:30:00,1453660.0
2020-05-13 14:00:00,1442002.0
2020-05-13 14:30:00,1440855.0
2020-05-13 15:00:00,1457542.0
2020-05-13 15:30:00,1447666.0
2020-05-13 16:00:00,1453783.0
2020-05-13 16:30:00,1454514.0
2020-05-13 17:00:00,1453169.0
2020-05-13 17:30:00,1440348.0
2020-05-13 18:00:00,1435747.0
2020-05-13 18:30:00,1432638.0
2020-05-13 19:00:00,1442825.0
2020-05-13 19:30:00,1438055.0
2020-05-13 20:00:00,1438984.0
2020-05-13 20:30:00,1439389.0
2020-05-13 21:00:00,1430696.0
2020-05-13 21:30:00,1434816.0
2020-05-13 22:00:00,1436615.0
2020-05-13 22:30:00,1424761.0
2020-05-13 23:00:00,1420913.0
2020-05-13 23:30:00,1421342.0
2020-05-14 00:00:00,1425479.0
2020-05-14 00:30:00,1423140.0
2020-05-14 01:00:00,1434624.0
2020-05-14 01:30:00,1430827.0
2020-05-14 02:00:00,1432864.0
2020-05-14 02:30:00,1422379.0
2020-05-14 03:00:00,1414312.0
2020-05-14 03:30:00,1428668.0
2020-05-14 04:00:00,1413352.0
2020-05-14 04:30:00,1420888.0
2020-05-14 05:00:00,1410981.0
2020-05-14 05:30:00,1424279.0
2020-05-14 06:00:00,1427841.0
2020-05-14 06:30:00,1408133.0
2020-05-14 07:00:00,1423981.0
2020-05-14 07:30:00,1428653.0
2020-05-14 08:00:00,1449110.0
2020-05-14 08:30:00,1437729.0
2020-05-14 09:00:00,1449286.0
2020-05-14 09:30:00,1430974.0
2020-05-14 10:00:00,1428264.0
2020-05-14 10:30:00,1426334.0
2020-05-14 11:00:00,1433975.0
2020-05-14 11:30:00,1413962.0
2020-05-14 12:00:00,1427020.0
2020-05-14 12:30:00,1420109.0
2020-05-14 13:00:00,1432429.0
2020-05-14 13:30:00,1440211.0
2020-05-14 14:00:00,1417150.0
2020-05-14 14:30:00,1428464.0
2020-05-14 15:00:00,1373473.0
2020-05-14 15:30:00,1441375.0
2020-05-14 16:00:00,1432124.0
2020-05-14 16:30:00,1431076.0
2020-05-14 17:00:00,1443561.0
2020-05-14 17:30:00,1432609.0
2020-05-14 18:00:00,1428356.0
2020-05-14 18:30:00,1430514.0
2020-05-14 19:00:00,1446653.0
2020-05-14 19:30:00,1433070.0
2020-05-14 20:00:00,1430086.0
2020-05-14 20:30:00,1434562.0
2020-05-14 21:00:00,1429988.0
2020-05-14 21:30:00,1432031.0
2020-05-14 22:00:00,1432784.0
2020-05-14 22:30:00,1415726.0
2020-05-14 23:00:00,1404017.0
2020-05-14 23:30:00,1395850.0
2020-05-15 00:00:00,1390512.0
2020-05-15 00:30:00,1394563.0
2020-05-15 01:00:00,1387413.0
2020-05-15 01:30:00,1394802.0
2020-05-15 02:00:00,1399599.0
2020-05-15 02:30:00,1405558.0
2020-05-15 03:00:00,1427060.0
2020-05-15 03:30:00,1412844.0
2020-05-15 04:00:00,1424583.0
2020-05-15 04:30:00,1416638.0
2020-05-15 05:00:00,1352606.0
2020-05-15 05:30:00,1213136.0
2020-05-15 06:00:00,1357820.0
2020-05-15 06:30:00,1405368.0
2020-05-15 07:00:00,1382092.0
2020-05-15 07:30:00,1396341.0
2020-05-15 08:00:00,1426665.0
2020-05-15 08:30:00,1417429.0
2020-05-15 09:00:00,1411024.0
2020-05-15 09:30:00,1412364.0
2020-05-15 10:00:00,1410315.0
2020-05-15 10:30:00,1415572.0
2020-05-15 11:00:00,1422299.0
2020-05-15 11:30:00,1426341.0
2020-05-15 12:00:00,1426556.0
2020-05-15 12:30:00,1424337.0
2020-05-15 13:00:00,1427717.0
2020-05-15 13:30:00,1429242.0
2020-05-15 14:00:00,1424332.0
2020-05-15 14:30:00,1432691.0
2020-05-15 15:00:00,1434659.0
2020-05-15 15:30:00,1430810.0
2020-05-15 16:00:00,1445790.0
2020-05-15 16:30:00,1425798.0
2020-05-15 17:00:00,1426459.0
2020-05-15 17:30:00,1421862.0
2020-05-15 18:00:00,1418798.0
2020-05-15 18:30:00,1424932.0
2020-05-15 19:00:00,1423111.0
2020-05-15 19:30:00,1424448.0
2020-05-15 20:00:00,1442698.0
2020-05-15 20:30:00,1416126.0
2020-05-15 21:00:00,1418774.0
2020-05-15 21:30:00,1422254.0
2020-05-15 22:00:00,1420060.0
2020-05-15 22:30:00,1408846.0
2020-05-15 23:00:00,1411247.0
2020-05-15 23:30:00,1414495.0
2020-05-16 00:00:00,1406630.0
2020-05-16 00:30:00,1408034.0
2020-05-16 01:00:00,1409633.0
2020-05-16 01:30:00,1403836.0
2020-05-16 02:00:00,1404558.0
2020-05-16 02:30:00,1397828.0
2020-05-16 03:00:00,1413831.0
2020-05-16 03:30:00,1416130.0
2020-05-16 04:00:00,1403026.0
2020-05-16 04:30:00,1404205.0
2020-05-16 05:00:00,1410808.0
2020-05-16 05:30:00,1396377.0
2020-05-16 06:00:00,1410265.0
2020-05-16 06:30:00,1397492.0
2020-05-16 07:00:00,1396107.0
2020-05-16 07:30:00,1402868.0
2020-05-16 08:00:00,1425684.0
2020-05-16 08:30:00,1414369.0
2020-05-16 09:00:00,1413337.0
2020-05-16 09:30:00,1417562.0
2020-05-16 10:00:00,1409243.0
2020-05-16 10:30:00,1418621.0
2020-05-16 11:00:00,1408501.0
2020-05-16 11:30:00,1354371.0
2020-05-16 12:00:00,1388672.0
2020-05-16 12:30:00,1405696.0
2020-05-16 13:00:00,1413221.0
2020-05-16 13:30:00,1426171.0
2020-05-16 14:00:00,1420490.0
2020-05-16 14:30:00,1435769.0
2020-05-16 15:00:00,1442257.0
2020-05-16 15:30:00,1427439.0
2020-05-16 16:00:00,1427705.0
2020-05-16 16:30:00,1387030.0
2020-05-16 17:00:00,1392075.0
2020-05-16 17:30:00,1409558.0
2020-05-16 18:00:00,1401608.0
2020-05-16 18:30:00,1416278.0
2020-05-16 19:00:00,1419100.0
2020-05-16 19:30:00,1414276.0
2020-05-16 20:00:00,1415904.0
2020-05-16 20:30:00,1414514.0
2020-05-16 21:00:00,1420884.0
2020-05-16 21:30:00,1409175.0
2020-05-16 22:00:00,1408297.0
2020-05-16 22:30:00,1401161.0
2020-05-16 23:00:00,1411563.0
2020-05-16 23:30:00,1400207.0
2020-05-17 00:00:00,1406482.0
2020-05-17 00:30:00,1379358.0
2020-05-17 01:00:00,1412909.0
2020-05-17 01:30:00,1409599.0
2020-05-17 02:00:00,1401197.0
2020-05-17 02:30:00,1381041.0
2020-05-17 03:00:00,1394706.0
2020-05-17 03:30:00,1394267.0
2020-05-17 04:00:00,1399047.0
2020-05-17 04:30:00,1357561.0
2020-05-17 05:00:00,1403649.0
2020-05-17 05:30:00,1395733.0
2020-05-17 06:00:00,1418998.0
2020-05-17 06:30:00,1434551.0
2020-05-17 07:00:00,1426450.0
2020-05-17 07:30:00,1452631.0
2020-05-17 08:00:00,1456359.0
2020-05-17 08:30:00,1448623.0
2020-05-17 09:00:00,1429079.0
2020-05-17 09:30:00,1442149.0
2020-05-17 10:00:00,1443022.0
2020-05-17 10:30:00,1466093.0
2020-05-17 11:00:00,1454044.0
2020-05-17 11:30:00,1463627.0
2020-05-17 12:00:00,1292554.0
2020-05-17 12:30:00,1183651.0
2020-05-17 13:00:00,1180835.0
2020-05-17 13:30:00,1270084.0
2020-05-17 14:00:00,1444741.0
2020-05-17 14:30:00,1428492.0
2020-05-17 15:00:00,1460520.0
2020-05-17 15:30:00,1475732.0
2020-05-17 16:00:00,1452078.0
2020-05-17 16:30:00,1477446.0
2020-05-17 17:00:00,1454662.0
2020-05-17 17:30:00,1455675.0
2020-05-17 18:00:00,1456178.0
2020-05-17 18:30:00,1460586.0
2020-05-17 19:00:00,1463885.0
2020-05-17 19:30:00,1477967.0
2020-05-17 20:00:00,1484243.0
2020-05-17 20:30:00,1484358.0
2020-05-17 21:00:00,1476549.0
2020-05-17 21:30:00,1460422.0
2020-05-17 22:00:00,1467441.0
2020-05-17 22:30:00,1455141.0
2020-05-17 23:00:00,1454902.0
2020-05-17 23:30:00,1416737.0
2020-05-18 00:00:00,1430280.0
2020-05-18 00:30:00,1450237.0
2020-05-18 01:00:00,1218763.0
2020-05-18 01:30:00,1186112.0
2020-05-18 02:00:00,1174240.0
2020-05-18 02:30:00,1179124.0
2020-05-18 03:00:00,1203136.0
2020-05-18 03:30:00,1157653.0
2020-05-18 04:00:00,1174093.0
2020-05-18 04:30:00,1158324.0
2020-05-18 05:00:00,1169894.0
2020-05-18 05:30:00,1122271.0
2020-05-18 06:00:00,1173837.0
2020-05-18 06:30:00,1188850.0
2020-05-18 07:00:00,1179736.0
2020-05-18 07:30:00,1160871.0
2020-05-18 08:00:00,1219243.0
2020-05-18 08:30:00,1474744.0
2020-05-18 09:00:00,1492881.0
2020-05-18 09:30:00,1491233.0
2020-05-18 10:00:00,1492085.0
2020-05-18 10:30:00,1482793.0
2020-05-18 11:00:00,1490321.0
2020-05-18 11:30:00,1487217.0
2020-05-18 12:00:00,1483291.0
2020-05-18 12:30:00,1476975.0
2020-05-18 13:00:00,1478860.0
2020-05-18 13:30:00,1487129.0
2020-05-18 14:00:00,1489514.0
2020-05-18 14:30:00,1489313.0
2020-05-18 15:00:00,1485179.0
2020-05-18 15:30:00,1477683.0
2020-05-18 16:00:00,1481337.0
2020-05-18 16:30:00,1470224.0
2020-05-18 17:00:00,1453989.0
2020-05-18 17:30:00,1447557.0
2020-05-18 18:00:00,1453496.0
2020-05-18 18:30:00,1448126.0
2020-05-18 19:00:00,1449924.0
2020-05-18 19:30:00,1442366.0
2020-05-18 20:00:00,1439548.0
2020-05-18 20:30:00,1453618.0
2020-05-18 21:00:00,1446748.0
2020-05-18 21:30:00,1449443.0
2020-05-18 22:00:00,1451449.0
2020-05-18 22:30:00,1453596.0
2020-05-18 23:00:00,1453334.0
2020-05-18 23:30:00,1448733.0
2020-05-19 00:00:00,1439126.0
2020-05-19 00:30:00,1430035.0
2020-05-19 01:00:00,1449182.0
2020-05-19 01:30:00,1439810.0
2020-05-19 02:00:00,1438582.0
2020-05-19 02:30:00,1441418.0
2020-05-19 03:00:00,1443353.0
2020-05-19 03:30:00,1452373.0
2020-05-19 04:00:00,1452115.0
2020-05-19 04:30:00,1443797.0
2020-05-19 05:00:00,1361123.0
2020-05-19 05:30:00,1426551.0
2020-05-19 06:00:00,1436574.0
2020-05-19 06:30:00,1445712.0
2020-05-19 07:00:00,1408680.0
2020-05-19 07:30:00,1332799.0
2020-05-19 08:00:00,1458040.0
2020-05-19 08:30:00,1453512.0
2020-05-19 09:00:00,1447132.0
2020-05-19 09:30:00,1456610.0
2020-05-19 10:00:00,1456610.0
2020-05-19 10:30:00,1456610.0
2020-05-19 11:00:00,1456610.0
2020-05-19 11:30:00,1456610.0
2020-05-19 12:00:00,1456610.0
2020-05-19 12:30:00,1456610.0
2020-05-19 13:00:00,1456610.0
2020-05-19 13:30:00,1456610.0
2020-05-19 14:00:00,1456610.0
2020-05-19 14:30:00,1456610.0
2020-05-19 15:00:00,1462971.0
2020-05-19 15:30:00,1459391.0
2020-05-19 16:00:00,1463360.0
2020-05-19 16:30:00,1461710.0
2020-05-19 17:00:00,1461690.0
2020-05-19 17:30:00,1456364.0
2020-05-19 18:00:00,1441879.0
2020-05-19 18:30:00,1460632.0
2020-05-19 19:00:00,1458504.0
2020-05-19 19:30:00,1466611.0
2020-05-19 20:00:00,1463192.0
2020-05-19 20:30:00,1458056.0
2020-05-19 21:00:00,1453517.0
2020-05-19 21:30:00,1455754.0
2020-05-19 22:00:00,1453187.0
2020-05-19 22:30:00,1448855.0
2020-05-19 23:00:00,1458392.0
2020-05-19 23:30:00,1453077.0
2020-05-20 00:00:00,1450024.0
2020-05-20 00:30:00,1445336.0
2020-05-20 01:00:00,1452660.0
2020-05-20 01:30:00,1460989.0
2020-05-20 02:00:00,1459509.0
2020-05-20 02:30:00,1456566.0
2020-05-20 03:00:00,1453003.0
2020-05-20 03:30:00,1454450.0
2020-05-20 04:00:00,1440918.0
2020-05-20 04:30:00,1453585.0
2020-05-20 05:00:00,1447772.0
2020-05-20 05:30:00,1431764.0
2020-05-20 06:00:00,1436076.0
2020-05-20 06:30:00,1435339.0
2020-05-20 07:00:00,1430684.0
2020-05-20 07:30:00,1434498.0
2020-05-20 08:00:00,1447723.0
2020-05-20 08:30:00,1450716.0
2020-05-20 09:00:00,1446983.0
2020-05-20 09:30:00,1448612.0
2020-05-20 10:00:00,1442902.0
2020-05-20 10:30:00,1449153.0
2020-05-20 11:00:00,1440765.0
2020-05-20 11:30:00,1412485.0
2020-05-20 12:00:00,1444265.0
2020-05-20 12:30:00,1440034.0
2020-05-20 13:00:00,1419808.0
2020-05-20 13:30:00,1441352.0
2020-05-20 14:00:00,1415442.0
2020-05-20 14:30:00,1419243.0
2020-05-20 15:00:00,1433293.0
2020-05-20 15:30:00,1439165.0
2020-05-20 16:00:00,1449577.0
2020-05-20 16:30:00,1452202.0
2020-05-20 17:00:00,1447817.0
2020-05-20 17:30:00,1432413.0
2020-05-20 18:00:00,1425403.0
2020-05-20 18:30:00,1429791.0
2020-05-20 19:00:00,1443216.0
2020-05-20 19:30:00,1431972.0
2020-05-20 20:00:00,1419032.0
2020-05-20 20:30:00,1418368.0
2020-05-20 21:00:00,1412551.0
2020-05-20 21:30:00,1423310.0
2020-05-20 22:00:00,1433615.0
2020-05-20 22:30:00,1425102.0
2020-05-20 23:00:00,1422496.0
2020-05-20 23:30:00,1423946.0
2020-05-21 00:00:00,1404020.0
2020-05-21 00:30:00,1406525.0
2020-05-21 01:00:00,1396282.0
2020-05-21 01:30:00,1414869.0
2020-05-21 02:00:00,1413866.0
2020-05-21 02:30:00,1396696.0
2020-05-21 03:00:00,1419670.0
2020-05-21 03:30:00,1409855.0
2020-05-21 04:00:00,1422867.0
2020-05-21 04:30:00,1402837.0
2020-05-21 05:00:00,1406517.0
2020-05-21 05:30:00,1414914.0
2020-05-21 06:00:00,1406374.0
2020-05-21 06:30:00,1403537.0
2020-05-21 07:00:00,1424340.0
2020-05-21 07:30:00,1426358.0
2020-05-21 08:00:00,1446720.0
2020-05-21 08:30:00,1445847.0
2020-05-21 09:00:00,1437356.0
2020-05-21 09:30:00,1434263.0
2020-05-21 10:00:00,1438666.0
2020-05-21 10:30:00,1442279.0
2020-05-21 11:00:00,1443344.0
2020-05-21 11:30:00,1431818.0
2020-05-21 12:00:00,1417964.0
2020-05-21 12:30:00,1425335.0
2020-05-21 13:00:00,1428732.0
2020-05-21 13:30:00,1431955.0
2020-05-21 14:00:00,1420953.0
2020-05-21 14:30:00,1416899.0
2020-05-21 15:00:00,1420582.0
2020-05-21 15:30:00,1413022.0
2020-05-21 16:00:00,1421087.0
2020-05-21 16:30:00,1408316.0
2020-05-21 17:00:00,1408855.0
2020-05-21 17:30:00,1419807.0
2020-05-21 18:00:00,1429953.0
2020-05-21 18:30:00,1442742.0
2020-05-21 19:00:00,1435698.0
2020-05-21 19:30:00,1423068.0
2020-05-21 20:00:00,1423718.0
2020-05-21 20:30:00,1409985.0
2020-05-21 21:00:00,1425205.0
2020-05-21 21:30:00,1423454.0
2020-05-21 22:00:00,1421019.0
2020-05-21 22:30:00,1430132.0
2020-05-21 23:00:00,1419525.0
2020-05-21 23:30:00,1421392.0
2020-05-22 00:00:00,1423330.0
2020-05-22 00:30:00,1397751.0
2020-05-22 01:00:00,1446042.0
2020-05-22 01:30:00,1446862.0
2020-05-22 02:00:00,1358352.0
2020-05-22 02:30:00,1450330.0
2020-05-22 03:00:00,1454971.0
2020-05-22 03:30:00,1443885.0
2020-05-22 04:00:00,1445461.0
2020-05-22 04:30:00,1447639.0
2020-05-22 05:00:00,1439382.0
2020-05-22 05:30:00,1458784.0
2020-05-22 06:00:00,1460167.0
2020-05-22 06:30:00,1438720.0
2020-05-22 07:00:00,1465015.0
2020-05-22 07:30:00,1459594.0
2020-05-22 08:00:00,1476587.0
2020-05-22 08:30:00,1484099.0
2020-05-22 09:00:00,1473794.0
2020-05-22 09:30:00,1471343.0
2020-05-22 10:00:00,1454013.0
2020-05-22 10:30:00,1452607.0
2020-05-22 11:00:00,1438167.0
2020-05-22 11:30:00,1431781.0
2020-05-22 12:00:00,1431575.0
2020-05-22 12:30:00,1441845.0
2020-05-22 13:00:00,1470051.0
2020-05-22 13:30:00,1467283.0
2020-05-22 14:00:00,1453522.0
2020-05-22 14:30:00,1439633.0
2020-05-22 15:00:00,1434700.0
2020-05-22 15:30:00,1435821.0
2020-05-22 16:00:00,1443032.0
2020-05-22 16:30:00,1433869.0
2020-05-22 17:00:00,1436773.0
2020-05-22 17:30:00,1424563.0
2020-05-22 18:00:00,1417559.0
2020-05-22 18:30:00,1428575.0
2020-05-22 19:00:00,1436333.0
2020-05-22 19:30:00,1429819.0
2020-05-22 20:00:00,1433402.0
2020-05-22 20:30:00,1435404.0
2020-05-22 21:00:00,1439860.0
2020-05-22 21:30:00,1444083.0
2020-05-22 22:00:00,1444213.0
2020-05-22 22:30:00,1447957.0
2020-05-22 23:00:00,1447987.0
2020-05-22 23:30:00,1434732.0
2020-05-23 00:00:00,1435891.0
2020-05-23 00:30:00,1435991.0
2020-05-23 01:00:00,1439425.0
2020-05-23 01:30:00,1431570.0
2020-05-23 02:00:00,1429481.0
2020-05-23 02:30:00,1431749.0
2020-05-23 03:00:00,1419411.0
2020-05-23 03:30:00,1427522.0
2020-05-23 04:00:00,1420998.0
2020-05-23 04:30:00,1414011.0
2020-05-23 05:00:00,1418912.0
2020-05-23 05:30:00,1419156.0
2020-05-23 06:00:00,1390009.0
2020-05-23 06:30:00,1393942.0
2020-05-23 07:00:00,1399814.0
2020-05-23 07:30:00,1350763.0
2020-05-23 08:00:00,1425144.0
2020-05-23 08:30:00,1419853.0
2020-05-23 09:00:00,1415803.0
2020-05-23 09:30:00,1417195.0
2020-05-23 10:00:00,1411446.0
2020-05-23 10:30:00,1424243.0
2020-05-23 11:00:00,1421922.0
2020-05-23 11:30:00,1403658.0
2020-05-23 12:00:00,1397987.0
2020-05-23 12:30:00,1403541.0
2020-05-23 13:00:00,1424416.0
2020-05-23 13:30:00,1417568.0
2020-05-23 14:00:00,1410513.0
2020-05-23 14:30:00,1420518.0
2020-05-23 15:00:00,1404641.0
2020-05-23 15:30:00,1409404.0
2020-05-23 16:00:00,1405600.0
2020-05-23 16:30:00,1419562.0
2020-05-23 17:00:00,1395890.0
2020-05-23 17:30:00,1385107.0
2020-05-23 18:00:00,1413861.0
2020-05-23 18:30:00,1410018.0
2020-05-23 19:00:00,1417565.0
2020-05-23 19:30:00,1433714.0
2020-05-23 20:00:00,1433369.0
2020-05-23 20:30:00,1439996.0
2020-05-23 21:00:00,1424943.0
2020-05-23 21:30:00,1421579.0
2020-05-23 22:00:00,1427061.0
2020-05-23 22:30:00,1430294.0
2020-05-23 23:00:00,1431079.0
2020-05-23 23:30:00,1415808.0
2020-05-24 00:00:00,1423512.0
2020-05-24 00:30:00,1432826.0
2020-05-24 01:00:00,1412205.0
2020-05-24 01:30:00,1428350.0
2020-05-24 02:00:00,1431848.0
2020-05-24 02:30:00,1448754.0
2020-05-24 03:00:00,1449374.0
2020-05-24 03:30:00,1440875.0
2020-05-24 04:00:00,1426621.0
2020-05-24 04:30:00,1417517.0
2020-05-24 05:00:00,1347891.0
2020-05-24 05:30:00,1427870.0
2020-05-24 06:00:00,1390309.0
2020-05-24 06:30:00,1365779.0
2020-05-24 07:00:00,1377359.0
2020-05-24 07:30:00,1229260.0
2020-05-24 08:00:00,1115654.0
2020-05-24 08:30:00,1151466.0
2020-05-24 09:00:00,1121248.0
2020-05-24 09:30:00,1144472.0
2020-05-24 10:00:00,1167294.0
2020-05-24 10:30:00,1210007.0
2020-05-24 11:00:00,1441415.0
2020-05-24 11:30:00,1357742.0
2020-05-24 12:00:00,1399264.0
2020-05-24 12:30:00,1376823.0
2020-05-24 13:00:00,1395923.0
2020-05-24 13:30:00,1190734.0
2020-05-24 14:00:00,1158362.0
2020-05-24 14:30:00,1157828.0
2020-05-24 15:00:00,1153896.0
2020-05-24 15:30:00,1137040.0
2020-05-24 16:00:00,1161374.0
2020-05-24 16:30:00,1190502.0
2020-05-24 17:00:00,1449066.0
2020-05-24 17:30:00,1407110.0
2020-05-24 18:00:00,1390820.0
2020-05-24 18:30:00,1395554.0
2020-05-24 19:00:00,1410719.0
2020-05-24 19:30:00,1408501.0
2020-05-24 20:00:00,1399079.0
2020-05-24 20:30:00,1407098.0
2020-05-24 21:00:00,1400351.0
2020-05-24 21:30:00,1412775.0
2020-05-24 22:00:00,1413837.0
2020-05-24 22:30:00,1408945.0
2020-05-24 23:00:00,1415123.0
2020-05-24 23:30:00,1400369.0
2020-05-25 00:00:00,1394257.0
2020-05-25 00:30:00,1391681.0
2020-05-25 01:00:00,1405032.0
2020-05-25 01:30:00,1405440.0
2020-05-25 02:00:00,1394171.0
2020-05-25 02:30:00,1408220.0
2020-05-25 03:00:00,1410944.0
2020-05-25 03:30:00,1395243.0
2020-05-25 04:00:00,1414368.0
2020-05-25 04:30:00,1402420.0
2020-05-25 05:00:00,1371653.0
2020-05-25 05:30:00,1398693.0
2020-05-25 06:00:00,1390346.0
2020-05-25 06:30:00,1369577.0
2020-05-25 07:00:00,1385782.0
2020-05-25 07:30:00,1415121.0
2020-05-25 08:00:00,1416105.0
2020-05-25 08:30:00,1419794.0
2020-05-25 09:00:00,1416742.0
2020-05-25 09:30:00,1407890.0
2020-05-25 10:00:00,1408449.0
2020-05-25 10:30:00,1398984.0
2020-05-25 11:00:00,1387204.0
2020-05-25 11:30:00,1399576.0
2020-05-25 12:00:00,1401589.0
2020-05-25 12:30:00,1408116.0
2020-05-25 13:00:00,1435197.0
2020-05-25 13:30:00,1430370.0
2020-05-25 14:00:00,1422834.0
2020-05-25 14:30:00,1418070.0
2020-05-25 15:00:00,1410760.0
2020-05-25 15:30:00,1410110.0
2020-05-25 16:00:00,1401707.0
2020-05-25 16:30:00,1408343.0
2020-05-25 17:00:00,1404436.0
2020-05-25 17:30:00,1394797.0
2020-05-25 18:00:00,1388971.0
2020-05-25 18:30:00,1405881.0
2020-05-25 19:00:00,1406573.0
2020-05-25 19:30:00,1401390.0
2020-05-25 20:00:00,1407595.0
2020-05-25 20:30:00,1411569.0
2020-05-25 21:00:00,1408538.0
2020-05-25 21:30:00,1411106.0
2020-05-25 22:00:00,1399914.0
2020-05-25 22:30:00,1402115.0
2020-05-25 23:00:00,1406827.0
2020-05-25 23:30:00,1396118.0
2020-05-26 00:00:00,1402836.0
2020-05-26 00:30:00,1398144.0
2020-05-26 01:00:00,1393447.0
2020-05-26 01:30:00,1404322.0
2020-05-26 02:00:00,1403019.0
2020-05-26 02:30:00,1383474.0
2020-05-26 03:00:00,1393906.0
2020-05-26 03:30:00,1397293.0
2020-05-26 04:00:00,1382523.0
2020-05-26 04:30:00,1385285.0
2020-05-26 05:00:00,1345700.0
2020-05-26 05:30:00,1380607.0
2020-05-26 06:00:00,1411792.0
2020-05-26 06:30:00,1397941.0
2020-05-26 07:00:00,1413039.0
2020-05-26 07:30:00,1406274.0
2020-05-26 08:00:00,1419702.0
2020-05-26 08:30:00,1422975.0
2020-05-26 09:00:00,1427687.0
2020-05-26 09:30:00,1427687.0
2020-05-26 10:00:00,1427687.0
2020-05-26 10:30:00,1427687.0
2020-05-26 11:00:00,1427687.0
2020-05-26 11:30:00,1427687.0
2020-05-26 12:00:00,1427687.0
2020-05-26 12:30:00,1427687.0
2020-05-26 13:00:00,1427687.0
2020-05-26 13:30:00,1427687.0
2020-05-26 14:00:00,1427687.0
2020-05-26 14:30:00,1427687.0
2020-05-26 15:00:00,1401931.0
2020-05-26 15:30:00,1421006.0
2020-05-26 16:00:00,1422058.0
2020-05-26 16:30:00,1421296.0
2020-05-26 17:00:00,1418779.0
2020-05-26 17:30:00,1413090.0
2020-05-26 18:00:00,1411663.0
2020-05-26 18:30:00,1407785.0
2020-05-26 19:00:00,1409473.0
2020-05-26 19:30:00,1416030.0
2020-05-26 20:00:00,1414949.0
2020-05-26 20:30:00,1411321.0
2020-05-26 21:00:00,1418278.0
2020-05-26 21:30:00,1404833.0
2020-05-26 22:00:00,1410430.0
2020-05-26 22:30:00,1407488.0
2020-05-26 23:00:00,1401552.0
2020-05-26 23:30:00,1407749.0
2020-05-27 00:00:00,1404714.0
2020-05-27 00:30:00,1402899.0
2020-05-27 01:00:00,1432292.0
2020-05-27 01:30:00,1419441.0
2020-05-27 02:00:00,1409727.0
2020-05-27 02:30:00,1407766.0
2020-05-27 03:00:00,1410672.0
2020-05-27 03:30:00,1413378.0
2020-05-27 04:00:00,1415021.0
2020-05-27 04:30:00,1393735.0
2020-05-27 05:00:00,1405237.0
2020-05-27 05:30:00,1399866.0
2020-05-27 06:00:00,1399953.0
2020-05-27 06:30:00,1407187.0
2020-05-27 07:00:00,1404361.0
2020-05-27 07:30:00,1396615.0
2020-05-27 08:00:00,1414879.0
2020-05-27 08:30:00,1406790.0
2020-05-27 09:00:00,1409477.0
2020-05-27 09:30:00,1420317.0
2020-05-27 10:00:00,1412374.0
2020-05-27 10:30:00,1402059.0
2020-05-27 11:00:00,1407968.0
2020-05-27 11:30:00,1402235.0
2020-05-27 12:00:00,1402979.0
2020-05-27 12:30:00,1405596.0
2020-05-27 13:00:00,1411427.0
2020-05-27 13:30:00,1428730.0
2020-05-27 14:00:00,1424437.0
2020-05-27 14:30:00,1396625.0
2020-05-27 15:00:00,1341652.0
2020-05-27 15:30:00,1358899.0
2020-05-27 16:00:00,1392884.0
2020-05-27 16:30:00,1405356.0
2020-05-27 17:00:00,1402552.0
2020-05-27 17:30:00,1404698.0
2020-05-27 18:00:00,1401670.0
2020-05-27 18:30:00,1406896.0
2020-05-27 19:00:00,1402885.0
2020-05-27 19:30:00,1407807.0
2020-05-27 20:00:00,1406713.0
2020-05-27 20:30:00,1405060.0
2020-05-27 21:00:00,1408936.0
2020-05-27 21:30:00,1402870.0
2020-05-27 22:00:00,1406355.0
2020-05-27 22:30:00,1407763.0
2020-05-27 23:00:00,1408596.0
2020-05-27 23:30:00,1406011.0
2020-05-28 00:00:00,1416960.0
2020-05-28 00:30:00,1402803.0
2020-05-28 01:00:00,1402660.0
2020-05-28 01:30:00,1402310.0
2020-05-28 02:00:00,1399820.0
2020-05-28 02:30:00,1387661.0
2020-05-28 03:00:00,1404871.0
2020-05-28 03:30:00,1399105.0
2020-05-28 04:00:00,1399309.0
2020-05-28 04:30:00,1386324.0
2020-05-28 05:00:00,1386198.0
2020-05-28 05:30:00,1398882.0
2020-05-28 06:00:00,1399803.0
2020-05-28 06:30:00,1391748.0
2020-05-28 07:00:00,1400512.0
2020-05-28 07:30:00,1397264.0
2020-05-28 08:00:00,1401938.0
2020-05-28 08:30:00,1409613.0
2020-05-28 09:00:00,1418265.0
2020-05-28 09:30:00,1411949.0
2020-05-28 10:00:00,1414842.0
2020-05-28 10:30:00,1402413.0
2020-05-28 11:00:00,1390591.0
2020-05-28 11:30:00,1383449.0
2020-05-28 12:00:00,1397373.0
2020-05-28 12:30:00,1407778.0
2020-05-28 13:00:00,1413346.0
2020-05-28 13:30:00,1410904.0
2020-05-28 14:00:00,1413377.0
2020-05-28 14:30:00,1410396.0
2020-05-28 15:00:00,1408090.0
2020-05-28 15:30:00,1399484.0
2020-05-28 16:00:00,1402499.0
2020-05-28 16:30:00,1398299.0
2020-05-28 17:00:00,1403812.0
2020-05-28 17:30:00,1392952.0
2020-05-28 18:00:00,1389301.0
2020-05-28 18:30:00,1405586.0
2020-05-28 19:00:00,1393174.0
2020-05-28 19:30:00,1393194.0
2020-05-28 20:00:00,1398622.0
2020-05-28 20:30:00,1390020.0
2020-05-28 21:00:00,1386684.0
2020-05-28 21:30:00,1388990.0
2020-05-28 22:00:00,1389378.0
2020-05-28 22:30:00,1391479.0
2020-05-28 23:00:00,1398217.0
2020-05-28 23:30:00,1391248.0
2020-05-29 00:00:00,1376739.0
2020-05-29 00:30:00,1377492.0
2020-05-29 01:00:00,1349874.0
2020-05-29 01:30:00,1375615.0
2020-05-29 02:00:00,1372527.0
2020-05-29 02:30:00,1376123.0
2020-05-29 03:00:00,1379306.0
2020-05-29 03:30:00,1394505.0
2020-05-29 04:00:00,1408132.0
2020-05-29 04:30:00,1406301.0
2020-05-29 05:00:00,1406594.0
2020-05-29 05:30:00,1386509.0
2020-05-29 06:00:00,1392033.0
2020-05-29 06:30:00,1381896.0
2020-05-29 07:00:00,1371329.0
2020-05-29 07:30:00,1373811.0
2020-05-29 08:00:00,1397224.0
2020-05-29 08:30:00,1387728.0
2020-05-29 09:00:00,1384823.0
2020-05-29 09:30:00,1385130.0
2020-05-29 10:00:00,1388139.0
2020-05-29 10:30:00,1387415.0
2020-05-29 11:00:00,1401959.0
2020-05-29 11:30:00,1403018.0
2020-05-29 12:00:00,1408934.0
2020-05-29 12:30:00,1401436.0
2020-05-29 13:00:00,1413866.0
2020-05-29 13:30:00,1407827.0
2020-05-29 14:00:00,1398935.0
2020-05-29 14:30:00,1393389.0
2020-05-29 15:00:00,1408018.0
2020-05-29 15:30:00,1408174.0
2020-05-29 16:00:00,1411330.0
2020-05-29 16:30:00,1409586.0
2020-05-29 17:00:00,1395354.0
2020-05-29 17:30:00,1392798.0
2020-05-29 18:00:00,1385538.0
2020-05-29 18:30:00,1395882.0
2020-05-29 19:00:00,1391899.0
2020-05-29 19:30:00,1396447.0
2020-05-29 20:00:00,1399791.0
2020-05-29 20:30:00,1391914.0
2020-05-29 21:00:00,1380739.0
2020-05-29 21:30:00,1395676.0
2020-05-29 22:00:00,1391960.0
2020-05-29 22:30:00,1385211.0
2020-05-29 23:00:00,1396827.0
2020-05-29 23:30:00,1390743.0
2020-05-30 00:00:00,1398156.0
2020-05-30 00:30:00,1391372.0
2020-05-30 01:00:00,1401765.0
2020-05-30 01:30:00,1396841.0
2020-05-30 02:00:00,1403087.0
2020-05-30 02:30:00,1385849.0
2020-05-30 03:00:00,1374672.0
2020-05-30 03:30:00,1387575.0
2020-05-30 04:00:00,1387820.0
2020-05-30 04:30:00,1380841.0
2020-05-30 05:00:00,1397001.0
2020-05-30 05:30:00,1375318.0
2020-05-30 06:00:00,1392981.0
2020-05-30 06:30:00,1385989.0
2020-05-30 07:00:00,1134419.0
2020-05-30 07:30:00,898555.0
2020-05-30 08:00:00,632463.0
2020-05-30 08:30:00,474471.0
2020-05-30 09:00:00,187639.0
2020-05-30 09:30:00,13293.4
2020-05-30 10:00:00,209.3
2020-05-30 10:30:00,0.0
2020-05-30 11:00:00,0.0
2020-05-30 11:30:00,0.0
2020-05-30 12:00:00,0.0
2020-05-30 12:30:00,0.0
2020-05-30 13:00:00,0.0
2020-05-30 13:30:00,0.0
2020-05-30 14:00:00,0.0
2020-05-30 14:30:00,0.0
2020-05-30 15:00:00,0.0
2020-05-30 15:30:00,0.0
2020-05-30 16:00:00,0.0
2020-05-30 16:30:00,0.0
2020-05-30 17:00:00,0.0
2020-05-30 17:30:00,0.0
2020-05-30 18:00:00,0.0
2020-05-30 18:30:00,0.0
2020-05-30 19:00:00,0.0
2020-05-30 19:30:00,0.0
2020-05-30 20:00:00,0.0
2020-05-30 20:30:00,0.0
2020-05-30 21:00:00,0.0
2020-05-30 21:30:00,0.0
2020-05-30 22:00:00,0.0
2020-05-30 22:30:00,0.0
2020-05-30 23:00:00,0.0
2020-05-30 23:30:00,0.0
2020-05-31 00:00:00,0.0
2020-05-31 00:30:00,0.0
2020-05-31 01:00:00,0.0
2020-05-31 01:30:00,0.0
2020-05-31 02:00:00,0.0
2020-05-31 02:30:00,0.0
2020-05-31 03:00:00,0.0
2020-05-31 03:30:00,0.0
2020-05-31 04:00:00,0.0
2020-05-31 04:30:00,0.0
2020-05-31 05:00:00,0.0
2020-05-31 05:30:00,0.0
2020-05-31 06:00:00,0.0
2020-05-31 06:30:00,0.0
2020-05-31 07:00:00,0.0
2020-05-31 07:30:00,0.0
2020-05-31 08:00:00,0.0
2020-05-31 08:30:00,0.0
2020-05-31 09:00:00,0.0
2020-05-31 09:30:00,0.0
2020-05-31 10:00:00,0.0
2020-05-31 10:30:00,0.0
2020-05-31 11:00:00,0.0
2020-05-31 11:30:00,0.0
2020-05-31 12:00:00,0.0
2020-05-31 12:30:00,0.0
2020-05-31 13:00:00,0.0
2020-05-31 13:30:00,0.0
2020-05-31 14:00:00,0.0
2020-05-31 14:30:00,0.0
2020-05-31 15:00:00,0.0
2020-05-31 15:30:00,0.0
2020-05-31 16:00:00,0.0
2020-05-31 16:30:00,0.0
2020-05-31 17:00:00,0.0
2020-05-31 17:30:00,0.0
2020-05-31 18:00:00,0.0
2020-05-31 18:30:00,0.0
2020-05-31 19:00:00,0.0
2020-05-31 19:30:00,0.0
2020-05-31 20:00:00,0.0
2020-05-31 20:30:00,0.0
2020-05-31 21:00:00,0.0
2020-05-31 21:30:00,0.0
2020-05-31 22:00:00,0.0
2020-05-31 22:30:00,0.0
2020-05-31 23:00:00,0.0
2020-05-31 23:30:00,0.0
2020-06-01 00:00:00,0.0
2020-06-01 00:30:00,0.0
2020-06-01 01:00:00,0.0
2020-06-01 01:30:00,0.0
2020-06-01 02:00:00,0.0
2020-06-01 02:30:00,0.0
2020-06-01 03:00:00,0.0
2020-06-01 03:30:00,0.0
2020-06-01 04:00:00,0.0
2020-06-01 04:30:00,0.0
2020-06-01 05:00:00,0.0
2020-06-01 05:30:00,0.0
2020-06-01 06:00:00,0.0
2020-06-01 06:30:00,0.0
2020-06-01 07:00:00,0.0
2020-06-01 07:30:00,0.0
2020-06-01 08:00:00,0.0
2020-06-01 08:30:00,0.0
2020-06-01 09:00:00,0.0
2020-06-01 09:30:00,0.0
2020-06-01 10:00:00,0.0
2020-06-01 10:30:00,0.0
2020-06-01 11:00:00,0.0
2020-06-01 11:30:00,0.0
2020-06-01 12:00:00,0.0
2020-06-01 12:30:00,0.0
2020-06-01 13:00:00,0.0
2020-06-01 13:30:00,0.0
2020-06-01 14:00:00,0.0
2020-06-01 14:30:00,0.0
2020-06-01 15:00:00,0.0
2020-06-01 15:30:00,0.0
2020-06-01 16:00:00,0.0
2020-06-01 16:30:00,0.0
2020-06-01 17:00:00,0.0
2020-06-01 17:30:00,0.0
2020-06-01 18:00:00,0.0
2020-06-01 18:30:00,0.0
2020-06-01 19:00:00,0.0
2020-06-01 19:30:00,0.0
2020-06-01 20:00:00,0.0
2020-06-01 20:30:00,0.0
2020-06-01 21:00:00,0.0
2020-06-01 21:30:00,0.0
2020-06-01 22:00:00,0.0
2020-06-01 22:30:00,0.0
2020-06-01 23:00:00,0.0
2020-06-01 23:30:00,0.0
2020-06-02 00:00:00,0.0
2020-06-02 00:30:00,0.0
2020-06-02 01:00:00,0.0
2020-06-02 01:30:00,0.0
2020-06-02 02:00:00,0.0
2020-06-02 02:30:00,0.0
2020-06-02 03:00:00,0.0
2020-06-02 03:30:00,0.0
2020-06-02 04:00:00,0.0
2020-06-02 04:30:00,0.0
2020-06-02 05:00:00,166903.0
2020-06-02 05:30:00,266180.0
2020-06-02 06:00:00,293963.0
2020-06-02 06:30:00,297657.0
2020-06-02 07:00:00,328588.0
2020-06-02 07:30:00,475373.0
2020-06-02 08:00:00,648038.0
2020-06-02 08:30:00,720753.0
2020-06-02 09:00:00,825766.0
2020-06-02 09:30:00,825766.0
2020-06-02 10:00:00,825766.0
2020-06-02 10:30:00,825766.0
2020-06-02 11:00:00,825766.0
2020-06-02 11:30:00,825766.0
2020-06-02 12:00:00,825766.0
2020-06-02 12:30:00,825766.0
2020-06-02 13:00:00,825766.0
2020-06-02 13:30:00,825766.0
2020-06-02 14:00:00,825766.0
2020-06-02 14:30:00,825766.0
2020-06-02 15:00:00,1485533.0
2020-06-02 15:30:00,1505303.0
2020-06-02 16:00:00,1501776.0
2020-06-02 16:30:00,1500571.0
2020-06-02 17:00:00,1494673.0
2020-06-02 17:30:00,1484293.0
2020-06-02 18:00:00,1493578.0
2020-06-02 18:30:00,1507098.0
2020-06-02 19:00:00,1501765.0
2020-06-02 19:30:00,1494353.0
2020-06-02 20:00:00,1485323.0
2020-06-02 20:30:00,1475796.0
2020-06-02 21:00:00,1479951.0
2020-06-02 21:30:00,1472262.0
2020-06-02 22:00:00,1454473.0
2020-06-02 22:30:00,1445845.0
2020-06-02 23:00:00,1432248.0
2020-06-02 23:30:00,1444965.0
2020-06-03 00:00:00,1442665.0
2020-06-03 00:30:00,1437745.0
2020-06-03 01:00:00,1434636.0
2020-06-03 01:30:00,1437044.0
2020-06-03 02:00:00,1436944.0
2020-06-03 02:30:00,1429711.0
2020-06-03 03:00:00,1423990.0
2020-06-03 03:30:00,1431509.0
2020-06-03 04:00:00,1431467.0
2020-06-03 04:30:00,1416756.0
2020-06-03 05:00:00,1427818.0
2020-06-03 05:30:00,1421599.0
2020-06-03 06:00:00,1430827.0
2020-06-03 06:30:00,1432022.0
2020-06-03 07:00:00,1424702.0
2020-06-03 07:30:00,1430382.0
2020-06-03 08:00:00,1440400.0
2020-06-03 08:30:00,1439505.0
2020-06-03 09:00:00,1457004.0
2020-06-03 09:30:00,1447334.0
2020-06-03 10:00:00,1443134.0
2020-06-03 10:30:00,1447262.0
2020-06-03 11:00:00,1445908.0
2020-06-03 11:30:00,1444809.0
2020-06-03 12:00:00,1433884.0
2020-06-03 12:30:00,1428189.0
2020-06-03 13:00:00,1435017.0
2020-06-03 13:30:00,1446014.0
2020-06-03 14:00:00,1433528.0
2020-06-03 14:30:00,1443722.0
2020-06-03 15:00:00,1448247.0
2020-06-03 15:30:00,1452495.0
2020-06-03 16:00:00,1456696.0
2020-06-03 16:30:00,1434006.0
2020-06-03 17:00:00,1419830.0
2020-06-03 17:30:00,1420887.0
2020-06-03 18:00:00,1405365.0
2020-06-03 18:30:00,1400245.0
2020-06-03 19:00:00,1410548.0
2020-06-03 19:30:00,1417350.0
2020-06-03 20:00:00,1421037.0
2020-06-03 20:30:00,1415439.0
2020-06-03 21:00:00,1409712.0
2020-06-03 21:30:00,1411646.0
2020-06-03 22:00:00,1425419.0
2020-06-03 22:30:00,1424792.0
2020-06-03 23:00:00,1416561.0
2020-06-03 23:30:00,1422144.0
2020-06-04 00:00:00,1421798.0
2020-06-04 00:30:00,1421848.0
2020-06-04 01:00:00,1410809.0
2020-06-04 01:30:00,1412955.0
2020-06-04 02:00:00,1414885.0
2020-06-04 02:30:00,1403072.0
2020-06-04 03:00:00,1413509.0
2020-06-04 03:30:00,1408810.0
2020-06-04 04:00:00,1424504.0
2020-06-04 04:30:00,1429779.0
2020-06-04 05:00:00,1438040.0
2020-06-04 05:30:00,1442257.0
2020-06-04 06:00:00,1432750.0
2020-06-04 06:30:00,1430943.0
2020-06-04 07:00:00,1431581.0
2020-06-04 07:30:00,1446581.0
2020-06-04 08:00:00,1463404.0
2020-06-04 08:30:00,1461092.0
2020-06-04 09:00:00,1472855.0
2020-06-04 09:30:00,1484442.0
2020-06-04 10:00:00,1455801.0
2020-06-04 10:30:00,1456897.0
2020-06-04 11:00:00,1451545.0
2020-06-04 11:30:00,1448850.0
2020-06-04 12:00:00,1435803.0
2020-06-04 12:30:00,1435080.0
2020-06-04 13:00:00,1439940.0
2020-06-04 13:30:00,1441375.0
2020-06-04 14:00:00,1456456.0
2020-06-04 14:30:00,1465649.0
2020-06-04 15:00:00,1457758.0
2020-06-04 15:30:00,1481411.0
2020-06-04 16:00:00,1467078.0
2020-06-04 16:30:00,1460330.0
2020-06-04 17:00:00,1466482.0
2020-06-04 17:30:00,1463362.0
2020-06-04 18:00:00,1463803.0
2020-06-04 18:30:00,1465982.0
2020-06-04 19:00:00,1463824.0
2020-06-04 19:30:00,1465473.0
2020-06-04 20:00:00,1481683.0
2020-06-04 20:30:00,1451021.0
2020-06-04 21:00:00,1456803.0
2020-06-04 21:30:00,1452675.0
2020-06-04 22:00:00,1449677.0
2020-06-04 22:30:00,1454198.0
2020-06-04 23:00:00,1444650.0
2020-06-04 23:30:00,1445538.0
2020-06-05 00:00:00,1446382.0
2020-06-05 00:30:00,1438084.0
2020-06-05 01:00:00,1433089.0
2020-06-05 01:30:00,1431731.0
2020-06-05 02:00:00,1433733.0
2020-06-05 02:30:00,1429991.0
2020-06-05 03:00:00,1432805.0
2020-06-05 03:30:00,1427201.0
2020-06-05 04:00:00,1429868.0
2020-06-05 04:30:00,1428591.0
2020-06-05 05:00:00,1434906.0
2020-06-05 05:30:00,1437913.0
2020-06-05 06:00:00,1444758.0
2020-06-05 06:30:00,1421548.0
2020-06-05 07:00:00,1453547.0
2020-06-05 07:30:00,1451934.0
2020-06-05 08:00:00,1452156.0
2020-06-05 08:30:00,1444139.0
2020-06-05 09:00:00,1441383.0
2020-06-05 09:30:00,1442583.0
2020-06-05 10:00:00,1431515.0
2020-06-05 10:30:00,1436917.0
2020-06-05 11:00:00,1434259.0
2020-06-05 11:30:00,1428666.0
2020-06-05 12:00:00,1432124.0
2020-06-05 12:30:00,1443279.0
2020-06-05 13:00:00,1464581.0
2020-06-05 13:30:00,1455835.0
2020-06-05 14:00:00,1453101.0
2020-06-05 14:30:00,1456778.0
2020-06-05 15:00:00,1449502.0
2020-06-05 15:30:00,1455843.0
2020-06-05 16:00:00,1455091.0
2020-06-05 16:30:00,1455402.0
2020-06-05 17:00:00,1446027.0
2020-06-05 17:30:00,1447371.0
2020-06-05 18:00:00,1435119.0
2020-06-05 18:30:00,1430620.0
2020-06-05 19:00:00,1436379.0
2020-06-05 19:30:00,1451318.0
2020-06-05 20:00:00,1450289.0
2020-06-05 20:30:00,1446500.0
2020-06-05 21:00:00,1446303.0
2020-06-05 21:30:00,1450223.0
2020-06-05 22:00:00,1448480.0
2020-06-05 22:30:00,1433381.0
2020-06-05 23:00:00,1449585.0
2020-06-05 23:30:00,1435322.0
2020-06-06 00:00:00,1424637.0
2020-06-06 00:30:00,1404400.0
2020-06-06 01:00:00,1326156.0
2020-06-06 01:30:00,1277034.0
2020-06-06 02:00:00,1304608.0
2020-06-06 02:30:00,1261780.0
2020-06-06 03:00:00,1211621.0
2020-06-06 03:30:00,1223945.0
2020-06-06 04:00:00,1262352.0
2020-06-06 04:30:00,1250623.0
2020-06-06 05:00:00,1254487.0
2020-06-06 05:30:00,1363904.0
2020-06-06 06:00:00,1248629.0
2020-06-06 06:30:00,1186726.0
2020-06-06 07:00:00,1216839.0
2020-06-06 07:30:00,1174490.0
2020-06-06 08:00:00,1254109.0
2020-06-06 08:30:00,1354028.0
2020-06-06 09:00:00,1366545.0
2020-06-06 09:30:00,1389536.0
2020-06-06 10:00:00,1449941.0
2020-06-06 10:30:00,1446424.0
2020-06-06 11:00:00,1439316.0
2020-06-06 11:30:00,1441150.0
2020-06-06 12:00:00,1450860.0
2020-06-06 12:30:00,1440323.0
2020-06-06 13:00:00,1441565.0
2020-06-06 13:30:00,1453646.0
2020-06-06 14:00:00,1439252.0
2020-06-06 14:30:00,1428092.0
2020-06-06 15:00:00,1462036.0
2020-06-06 15:30:00,1480893.0
2020-06-06 16:00:00,1466639.0
2020-06-06 16:30:00,1463557.0
2020-06-06 17:00:00,1447980.0
2020-06-06 17:30:00,1446200.0
2020-06-06 18:00:00,1430490.0
2020-06-06 18:30:00,1444857.0
2020-06-06 19:00:00,1446565.0
2020-06-06 19:30:00,1434065.0
2020-06-06 20:00:00,1441934.0
2020-06-06 20:30:00,1432668.0
2020-06-06 21:00:00,1432422.0
2020-06-06 21:30:00,1446335.0
2020-06-06 22:00:00,1443902.0
2020-06-06 22:30:00,1428354.0
2020-06-06 23:00:00,1397151.0
2020-06-06 23:30:00,1219858.0
2020-06-07 00:00:00,1413680.0
2020-06-07 00:30:00,1423738.0
2020-06-07 01:00:00,1288803.0
2020-06-07 01:30:00,1365118.0
2020-06-07 02:00:00,1198829.0
2020-06-07 02:30:00,1153438.0
2020-06-07 03:00:00,1068080.0
2020-06-07 03:30:00,1102086.0
2020-06-07 04:00:00,991863.0
2020-06-07 04:30:00,998409.0
2020-06-07 05:00:00,972975.0
2020-06-07 05:30:00,1098318.0
2020-06-07 06:00:00,1179312.0
2020-06-07 06:30:00,1026946.0
2020-06-07 07:00:00,1045963.0
2020-06-07 07:30:00,994866.0
2020-06-07 08:00:00,976671.0
2020-06-07 08:30:00,980823.0
2020-06-07 09:00:00,933845.0
2020-06-07 09:30:00,936540.0
2020-06-07 10:00:00,1000135.0
2020-06-07 10:30:00,957104.0
2020-06-07 11:00:00,944253.0
2020-06-07 11:30:00,955194.0
2020-06-07 12:00:00,1001513.0
2020-06-07 12:30:00,976872.0
2020-06-07 13:00:00,974318.0
2020-06-07 13:30:00,973424.0
2020-06-07 14:00:00,985989.0
2020-06-07 14:30:00,1121537.0
2020-06-07 15:00:00,1068404.0
2020-06-07 15:30:00,1075831.0
2020-06-07 16:00:00,1185788.0
2020-06-07 16:30:00,1188476.0
2020-06-07 17:00:00,1194064.0
2020-06-07 17:30:00,1391287.0
2020-06-07 18:00:00,1431193.0
2020-06-07 18:30:00,1439772.0
2020-06-07 19:00:00,1450969.0
2020-06-07 19:30:00,1444031.0
2020-06-07 20:00:00,1449505.0
2020-06-07 20:30:00,1453700.0
2020-06-07 21:00:00,1462397.0
2020-06-07 21:30:00,1448673.0
2020-06-07 22:00:00,1450394.0
2020-06-07 22:30:00,1438049.0
2020-06-07 23:00:00,1413559.0
2020-06-07 23:30:00,1277182.0
2020-06-08 00:00:00,1171958.0
2020-06-08 00:30:00,1192876.0
2020-06-08 01:00:00,1201747.0
2020-06-08 01:30:00,1204675.0
2020-06-08 02:00:00,1178176.0
2020-06-08 02:30:00,1167768.0
2020-06-08 03:00:00,1171705.0
2020-06-08 03:30:00,1169440.0
2020-06-08 04:00:00,1175937.0
2020-06-08 04:30:00,1185123.0
2020-06-08 05:00:00,1168076.0
2020-06-08 05:30:00,1168384.0
2020-06-08 06:00:00,1177209.0
2020-06-08 06:30:00,1165296.0
2020-06-08 07:00:00,1208225.0
2020-06-08 07:30:00,1179850.0
2020-06-08 08:00:00,1415207.0
2020-06-08 08:30:00,1424326.0
2020-06-08 09:00:00,1435418.0
2020-06-08 09:30:00,1439295.0
2020-06-08 10:00:00,1451800.0
2020-06-08 10:30:00,1450111.0
2020-06-08 11:00:00,1455988.0
2020-06-08 11:30:00,1464112.0
2020-06-08 12:00:00,1461056.0
2020-06-08 12:30:00,1456109.0
2020-06-08 13:00:00,1457547.0
2020-06-08 13:30:00,1443156.0
2020-06-08 14:00:00,1452504.0
2020-06-08 14:30:00,1458060.0
2020-06-08 15:00:00,1472509.0
2020-06-08 15:30:00,1473141.0
2020-06-08 16:00:00,1491343.0
2020-06-08 16:30:00,1459152.0
2020-06-08 17:00:00,1466547.0
2020-06-08 17:30:00,1455455.0
2020-06-08 18:00:00,1440821.0
2020-06-08 18:30:00,1442374.0
2020-06-08 19:00:00,1436404.0
2020-06-08 19:30:00,1424826.0
2020-06-08 20:00:00,1423846.0
2020-06-08 20:30:00,1421064.0
2020-06-08 21:00:00,1429282.0
2020-06-08 21:30:00,1430511.0
2020-06-08 22:00:00,1432219.0
2020-06-08 22:30:00,1429148.0
2020-06-08 23:00:00,1431474.0
2020-06-08 23:30:00,1428573.0
2020-06-09 00:00:00,1403035.0
2020-06-09 00:30:00,1408839.0
2020-06-09 01:00:00,1418901.0
2020-06-09 01:30:00,1411490.0
2020-06-09 02:00:00,1418061.0
2020-06-09 02:30:00,1406676.0
2020-06-09 03:00:00,1402150.0
2020-06-09 03:30:00,1362877.0
2020-06-09 04:00:00,1281222.0
2020-06-09 04:30:00,1183922.0
2020-06-09 05:00:00,1151571.0
2020-06-09 05:30:00,1156346.0
2020-06-09 06:00:00,1215305.0
2020-06-09 06:30:00,1284447.0
2020-06-09 07:00:00,1310063.0
2020-06-09 07:30:00,1210330.0
2020-06-09 08:00:00,1391955.0
2020-06-09 08:30:00,1421166.0
2020-06-09 09:00:00,1429127.0
2020-06-09 09:30:00,1429127.0
2020-06-09 10:00:00,1429127.0
2020-06-09 10:30:00,1429127.0
2020-06-09 11:00:00,1429127.0
2020-06-09 11:30:00,1429127.0
2020-06-09 12:00:00,1429127.0
2020-06-09 12:30:00,1429127.0
2020-06-09 13:00:00,1429127.0
2020-06-09 13:30:00,1429127.0
2020-06-09 14:00:00,1429127.0
2020-06-09 14:30:00,1429127.0
2020-06-09 15:00:00,1429127.0
2020-06-09 15:30:00,1429127.0
2020-06-09 16:00:00,1429127.0
2020-06-09 16:30:00,1429127.0
2020-06-09 17:00:00,1429127.0
2020-06-09 17:30:00,1429127.0
2020-06-09 18:00:00,1429127.0
2020-06-09 18:30:00,1429127.0
2020-06-09 19:00:00,1442636.0
2020-06-09 19:30:00,1425121.0
2020-06-09 20:00:00,1433124.0
2020-06-09 20:30:00,1432145.0
2020-06-09 21:00:00,1422653.0
2020-06-09 21:30:00,1433677.0
2020-06-09 22:00:00,1440409.0
2020-06-09 22:30:00,1436519.0
2020-06-09 23:00:00,1449303.0
2020-06-09 23:30:00,1437479.0
2020-06-10 00:00:00,1436215.0
2020-06-10 00:30:00,1443426.0
2020-06-10 01:00:00,1440710.0
2020-06-10 01:30:00,1441039.0
2020-06-10 02:00:00,1446338.0
2020-06-10 02:30:00,1441721.0
2020-06-10 03:00:00,1441996.0
2020-06-10 03:30:00,1445773.0
2020-06-10 04:00:00,1441341.0
2020-06-10 04:30:00,1388996.0
2020-06-10 05:00:00,1361511.0
2020-06-10 05:30:00,1233517.0
2020-06-10 06:00:00,1231327.0
2020-06-10 06:30:00,1226216.0
2020-06-10 07:00:00,1209008.0
2020-06-10 07:30:00,1234399.0
2020-06-10 08:00:00,1443545.0
2020-06-10 08:30:00,1460003.0
2020-06-10 09:00:00,1456596.0
2020-06-10 09:30:00,1455828.0
2020-06-10 10:00:00,1443843.0
2020-06-10 10:30:00,1429716.0
2020-06-10 11:00:00,1434546.0
2020-06-10 11:30:00,1427363.0
2020-06-10 12:00:00,1440415.0
2020-06-10 12:30:00,1452051.0
2020-06-10 13:00:00,1474226.0
2020-06-10 13:30:00,1474097.0
2020-06-10 14:00:00,1480476.0
2020-06-10 14:30:00,1484062.0
2020-06-10 15:00:00,1481340.0
2020-06-10 15:30:00,1486004.0
2020-06-10 16:00:00,1481423.0
2020-06-10 16:30:00,1475576.0
2020-06-10 17:00:00,1471998.0
2020-06-10 17:30:00,1460142.0
2020-06-10 18:00:00,1460858.0
2020-06-10 18:30:00,1465765.0
2020-06-10 19:00:00,1456180.0
2020-06-10 19:30:00,1454833.0
2020-06-10 20:00:00,1442480.0
2020-06-10 20:30:00,1452186.0
2020-06-10 21:00:00,1447563.0
2020-06-10 21:30:00,1464183.0
2020-06-10 22:00:00,1472238.0
2020-06-10 22:30:00,1454932.0
2020-06-10 23:00:00,1447159.0
2020-06-10 23:30:00,1452718.0
2020-06-11 00:00:00,1454495.0
2020-06-11 00:30:00,1441485.0
2020-06-11 01:00:00,1440661.0
2020-06-11 01:30:00,1444171.0
2020-06-11 02:00:00,1451075.0
2020-06-11 02:30:00,1446744.0
2020-06-11 03:00:00,1432718.0
2020-06-11 03:30:00,1443404.0
2020-06-11 04:00:00,1439883.0
2020-06-11 04:30:00,1440415.0
2020-06-11 05:00:00,1443313.0
2020-06-11 05:30:00,1423801.0
2020-06-11 06:00:00,1407575.0
2020-06-11 06:30:00,1349551.0
2020-06-11 07:00:00,1343515.0
2020-06-11 07:30:00,1439799.0
2020-06-11 08:00:00,1464031.0
2020-06-11 08:30:00,1467428.0
2020-06-11 09:00:00,1455849.0
2020-06-11 09:30:00,1466247.0
2020-06-11 10:00:00,1454575.0
2020-06-11 10:30:00,1448462.0
2020-06-11 11:00:00,1444281.0
2020-06-11 11:30:00,1442115.0
2020-06-11 12:00:00,1442946.0
2020-06-11 12:30:00,1456632.0
2020-06-11 13:00:00,1473887.0
2020-06-11 13:30:00,1482499.0
2020-06-11 14:00:00,1472793.0
2020-06-11 14:30:00,1477645.0
2020-06-11 15:00:00,1474403.0
2020-06-11 15:30:00,1470806.0
2020-06-11 16:00:00,1469520.0
2020-06-11 16:30:00,1468339.0
2020-06-11 17:00:00,1479723.0
2020-06-11 17:30:00,1472449.0
2020-06-11 18:00:00,1468455.0
2020-06-11 18:30:00,1469724.0
2020-06-11 19:00:00,1479162.0
2020-06-11 19:30:00,1481422.0
2020-06-11 20:00:00,1469381.0
2020-06-11 20:30:00,1457446.0
2020-06-11 21:00:00,1458906.0
2020-06-11 21:30:00,1471648.0
2020-06-11 22:00:00,1475815.0
2020-06-11 22:30:00,1469899.0
2020-06-11 23:00:00,1468903.0
2020-06-11 23:30:00,1471163.0
2020-06-12 00:00:00,1471381.0
2020-06-12 00:30:00,1474471.0
2020-06-12 01:00:00,1464683.0
2020-06-12 01:30:00,1458122.0
2020-06-12 02:00:00,1445935.0
2020-06-12 02:30:00,1455455.0
2020-06-12 03:00:00,1462058.0
2020-06-12 03:30:00,1468507.0
2020-06-12 04:00:00,1458041.0
2020-06-12 04:30:00,1464582.0
2020-06-12 05:00:00,1421493.0
2020-06-12 05:30:00,1414555.0
2020-06-12 06:00:00,1436849.0
2020-06-12 06:30:00,1393125.0
2020-06-12 07:00:00,1464981.0
2020-06-12 07:30:00,1459642.0
2020-06-12 08:00:00,1472343.0
2020-06-12 08:30:00,1461907.0
2020-06-12 09:00:00,1471783.0
2020-06-12 09:30:00,1469150.0
2020-06-12 10:00:00,1466371.0
2020-06-12 10:30:00,1484256.0
2020-06-12 11:00:00,1475195.0
2020-06-12 11:30:00,1467114.0
2020-06-12 12:00:00,1472039.0
2020-06-12 12:30:00,1462024.0
2020-06-12 13:00:00,1471972.0
2020-06-12 13:30:00,1472751.0
2020-06-12 14:00:00,1471558.0
2020-06-12 14:30:00,1468127.0
2020-06-12 15:00:00,1459525.0
2020-06-12 15:30:00,1458350.0
2020-06-12 16:00:00,1464508.0
2020-06-12 16:30:00,1477301.0
2020-06-12 17:00:00,1465042.0
2020-06-12 17:30:00,1476252.0
2020-06-12 18:00:00,1465985.0
2020-06-12 18:30:00,1471066.0
2020-06-12 19:00:00,1464542.0
2020-06-12 19:30:00,1463555.0
2020-06-12 20:00:00,1462293.0
2020-06-12 20:30:00,1451829.0
2020-06-12 21:00:00,1455989.0
2020-06-12 21:30:00,1451690.0
2020-06-12 22:00:00,1465580.0
2020-06-12 22:30:00,1466720.0
2020-06-12 23:00:00,1472731.0
2020-06-12 23:30:00,1483229.0
2020-06-13 00:00:00,1446028.0
2020-06-13 00:30:00,1466036.0
2020-06-13 01:00:00,1473129.0
2020-06-13 01:30:00,1399541.0
2020-06-13 02:00:00,1419360.0
2020-06-13 02:30:00,1461313.0
2020-06-13 03:00:00,1451408.0
2020-06-13 03:30:00,1436465.0
2020-06-13 04:00:00,1422435.0
2020-06-13 04:30:00,1382406.0
2020-06-13 05:00:00,1333177.0
2020-06-13 05:30:00,1435778.0
2020-06-13 06:00:00,1390628.0
2020-06-13 06:30:00,1281245.0
2020-06-13 07:00:00,1333298.0
2020-06-13 07:30:00,1324488.0
2020-06-13 08:00:00,1352285.0
2020-06-13 08:30:00,1355307.0
2020-06-13 09:00:00,1205641.0
2020-06-13 09:30:00,1319071.0
2020-06-13 10:00:00,1438030.0
2020-06-13 10:30:00,1460235.0
2020-06-13 11:00:00,1470345.0
2020-06-13 11:30:00,1464020.0
2020-06-13 12:00:00,1459691.0
2020-06-13 12:30:00,1463933.0
2020-06-13 13:00:00,1463400.0
2020-06-13 13:30:00,1469091.0
2020-06-13 14:00:00,1476073.0
2020-06-13 14:30:00,1461268.0
2020-06-13 15:00:00,1485598.0
2020-06-13 15:30:00,1482920.0
2020-06-13 16:00:00,1480830.0
2020-06-13 16:30:00,1476783.0
2020-06-13 17:00:00,1488706.0
2020-06-13 17:30:00,1492276.0
2020-06-13 18:00:00,1483827.0
2020-06-13 18:30:00,1469925.0
2020-06-13 19:00:00,1474471.0
2020-06-13 19:30:00,1471935.0
2020-06-13 20:00:00,1472108.0
2020-06-13 20:30:00,1469596.0
2020-06-13 21:00:00,1470140.0
2020-06-13 21:30:00,1479252.0
2020-06-13 22:00:00,1476494.0
2020-06-13 22:30:00,1423113.0
2020-06-13 23:00:00,1462063.0
2020-06-13 23:30:00,1313665.0
2020-06-14 00:00:00,1210548.0
2020-06-14 00:30:00,1172699.0
2020-06-14 01:00:00,1177896.0
2020-06-14 01:30:00,1164978.0
2020-06-14 02:00:00,1163438.0
2020-06-14 02:30:00,1101599.0
2020-06-14 03:00:00,1136513.0
2020-06-14 03:30:00,1152301.0
2020-06-14 04:00:00,1182925.0
2020-06-14 04:30:00,1172476.0
2020-06-14 05:00:00,1112937.0
2020-06-14 05:30:00,1192590.0
2020-06-14 06:00:00,1198557.0
2020-06-14 06:30:00,1296869.0
2020-06-14 07:00:00,1298330.0
2020-06-14 07:30:00,1267200.0
2020-06-14 08:00:00,1478383.0
2020-06-14 08:30:00,1476974.0
2020-06-14 09:00:00,1479137.0
2020-06-14 09:30:00,1476452.0
2020-06-14 10:00:00,1472789.0
2020-06-14 10:30:00,1464615.0
2020-06-14 11:00:00,1463355.0
2020-06-14 11:30:00,1458004.0
2020-06-14 12:00:00,1457422.0
2020-06-14 12:30:00,1459976.0
2020-06-14 13:00:00,1436784.0
2020-06-14 13:30:00,1362593.0
2020-06-14 14:00:00,1259074.0
2020-06-14 14:30:00,1203088.0
2020-06-14 15:00:00,1213033.0
2020-06-14 15:30:00,1244400.0
2020-06-14 16:00:00,1358973.0
2020-06-14 16:30:00,1422633.0
2020-06-14 17:00:00,1442374.0
2020-06-14 17:30:00,1447236.0
2020-06-14 18:00:00,1449457.0
2020-06-14 18:30:00,1449848.0
2020-06-14 19:00:00,1444664.0
2020-06-14 19:30:00,1439352.0
2020-06-14 20:00:00,1441545.0
2020-06-14 20:30:00,1450011.0
2020-06-14 21:00:00,1439763.0
2020-06-14 21:30:00,1412410.0
2020-06-14 22:00:00,1430970.0
2020-06-14 22:30:00,1413705.0
2020-06-14 23:00:00,1217897.0
2020-06-14 23:30:00,1173019.0
2020-06-15 00:00:00,1133573.0
2020-06-15 00:30:00,1173585.0
2020-06-15 01:00:00,1182751.0
2020-06-15 01:30:00,1172660.0
2020-06-15 02:00:00,1170761.0
2020-06-15 02:30:00,1176773.0
2020-06-15 03:00:00,1144130.0
2020-06-15 03:30:00,1108370.0
2020-06-15 04:00:00,1119002.0
2020-06-15 04:30:00,1156644.0
2020-06-15 05:00:00,1173586.0
2020-06-15 05:30:00,1165010.0
2020-06-15 06:00:00,1130281.0
2020-06-15 06:30:00,1111666.0
2020-06-15 07:00:00,1171813.0
2020-06-15 07:30:00,1294863.0
2020-06-15 08:00:00,1465928.0
2020-06-15 08:30:00,1442689.0
2020-06-15 09:00:00,1442157.0
2020-06-15 09:30:00,1448529.0
2020-06-15 10:00:00,1459478.0
2020-06-15 10:30:00,1440230.0
2020-06-15 11:00:00,1440982.0
2020-06-15 11:30:00,1439633.0
2020-06-15 12:00:00,1414141.0
2020-06-15 12:30:00,1296613.0
2020-06-15 13:00:00,1453542.0
2020-06-15 13:30:00,1449056.0
2020-06-15 14:00:00,1459035.0
2020-06-15 14:30:00,1460270.0
2020-06-15 15:00:00,1464888.0
2020-06-15 15:30:00,1466980.0
2020-06-15 16:00:00,1463429.0
2020-06-15 16:30:00,1470263.0
2020-06-15 17:00:00,1462627.0
2020-06-15 17:30:00,1458339.0
2020-06-15 18:00:00,1440198.0
2020-06-15 18:30:00,1450949.0
2020-06-15 19:00:00,1440058.0
2020-06-15 19:30:00,1434740.0
2020-06-15 20:00:00,1438653.0
2020-06-15 20:30:00,1451912.0
2020-06-15 21:00:00,1444887.0
2020-06-15 21:30:00,1447921.0
2020-06-15 22:00:00,1440712.0
2020-06-15 22:30:00,1413662.0
2020-06-15 23:00:00,1425720.0
2020-06-15 23:30:00,1416921.0
2020-06-16 00:00:00,1373398.0
2020-06-16 00:30:00,1414629.0
2020-06-16 01:00:00,1421970.0
2020-06-16 01:30:00,1410984.0
2020-06-16 02:00:00,1385163.0
2020-06-16 02:30:00,1357456.0
2020-06-16 03:00:00,1334324.0
2020-06-16 03:30:00,1308803.0
2020-06-16 04:00:00,1362955.0
2020-06-16 04:30:00,1425577.0
2020-06-16 05:00:00,1437247.0
2020-06-16 05:30:00,1451121.0
2020-06-16 06:00:00,1452466.0
2020-06-16 06:30:00,1455199.0
2020-06-16 07:00:00,1448187.0
2020-06-16 07:30:00,1432208.0
2020-06-16 08:00:00,1469999.0
2020-06-16 08:30:00,1471553.0
2020-06-16 09:00:00,1466816.0
2020-06-16 09:30:00,1454857.0
2020-06-16 10:00:00,1454857.0
2020-06-16 10:30:00,1454857.0
2020-06-16 11:00:00,1454857.0
2020-06-16 11:30:00,1454857.0
2020-06-16 12:00:00,1454857.0
2020-06-16 12:30:00,1454857.0
2020-06-16 13:00:00,1454857.0
2020-06-16 13:30:00,1454857.0
2020-06-16 14:00:00,1454857.0
2020-06-16 14:30:00,1454857.0
2020-06-16 15:00:00,1454857.0
2020-06-16 15:30:00,1454857.0
2020-06-16 16:00:00,1454857.0
2020-06-16 16:30:00,1453164.0
2020-06-16 17:00:00,1447036.0
2020-06-16 17:30:00,1443266.0
2020-06-16 18:00:00,1434229.0
2020-06-16 18:30:00,1453087.0
2020-06-16 19:00:00,1452175.0
2020-06-16 19:30:00,1443601.0
2020-06-16 20:00:00,1438377.0
2020-06-16 20:30:00,1459853.0
2020-06-16 21:00:00,1449005.0
2020-06-16 21:30:00,1444410.0
2020-06-16 22:00:00,1439408.0
2020-06-16 22:30:00,1443558.0
2020-06-16 23:00:00,1450040.0
2020-06-16 23:30:00,1441329.0
2020-06-17 00:00:00,1450187.0
2020-06-17 00:30:00,1440222.0
2020-06-17 01:00:00,1416312.0
2020-06-17 01:30:00,1383886.0
2020-06-17 02:00:00,1340802.0
2020-06-17 02:30:00,1377724.0
2020-06-17 03:00:00,1348294.0
2020-06-17 03:30:00,1321520.0
2020-06-17 04:00:00,1291808.0
2020-06-17 04:30:00,1222643.0
2020-06-17 05:00:00,1261280.0
2020-06-17 05:30:00,1348444.0
2020-06-17 06:00:00,1425714.0
2020-06-17 06:30:00,1397217.0
2020-06-17 07:00:00,1420353.0
2020-06-17 07:30:00,1421384.0
2020-06-17 08:00:00,1445018.0
2020-06-17 08:30:00,1445023.0
2020-06-17 09:00:00,1445840.0
2020-06-17 09:30:00,1445755.0
2020-06-17 10:00:00,1435809.0
2020-06-17 10:30:00,1428874.0
2020-06-17 11:00:00,1414053.0
2020-06-17 11:30:00,1415402.0
2020-06-17 12:00:00,1414816.0
2020-06-17 12:30:00,1421925.0
2020-06-17 13:00:00,1451938.0
2020-06-17 13:30:00,1460147.0
2020-06-17 14:00:00,1483776.0
2020-06-17 14:30:00,1463025.0
2020-06-17 15:00:00,1445244.0
2020-06-17 15:30:00,1434677.0
2020-06-17 16:00:00,1431032.0
2020-06-17 16:30:00,1441011.0
2020-06-17 17:00:00,1440607.0
2020-06-17 17:30:00,1431419.0
2020-06-17 18:00:00,1436412.0
2020-06-17 18:30:00,1421517.0
2020-06-17 19:00:00,1430283.0
2020-06-17 19:30:00,1414992.0
2020-06-17 20:00:00,1413196.0
2020-06-17 20:30:00,1437812.0
2020-06-17 21:00:00,1425857.0
2020-06-17 21:30:00,1422851.0
2020-06-17 22:00:00,1421711.0
2020-06-17 22:30:00,1412488.0
2020-06-17 23:00:00,1421648.0
2020-06-17 23:30:00,1416310.0
2020-06-18 00:00:00,1430803.0
2020-06-18 00:30:00,1427293.0
2020-06-18 01:00:00,1428156.0
2020-06-18 01:30:00,1433358.0
2020-06-18 02:00:00,1420200.0
2020-06-18 02:30:00,1407150.0
2020-06-18 03:00:00,1361346.0
2020-06-18 03:30:00,1360002.0
2020-06-18 04:00:00,1369717.0
2020-06-18 04:30:00,1339486.0
2020-06-18 05:00:00,1283805.0
2020-06-18 05:30:00,1264512.0
2020-06-18 06:00:00,1265172.0
2020-06-18 06:30:00,1227149.0
2020-06-18 07:00:00,1354310.0
2020-06-18 07:30:00,1340167.0
2020-06-18 08:00:00,1450162.0
2020-06-18 08:30:00,1438209.0
2020-06-18 09:00:00,1444686.0
2020-06-18 09:30:00,1435259.0
2020-06-18 10:00:00,1429861.0
2020-06-18 10:30:00,1426487.0
2020-06-18 11:00:00,1440578.0
2020-06-18 11:30:00,1432528.0
2020-06-18 12:00:00,1420884.0
2020-06-18 12:30:00,1396173.0
2020-06-18 13:00:00,1440563.0
2020-06-18 13:30:00,1442570.0
2020-06-18 14:00:00,1441222.0
2020-06-18 14:30:00,1429198.0
2020-06-18 15:00:00,1442081.0
2020-06-18 15:30:00,1433717.0
2020-06-18 16:00:00,1445097.0
2020-06-18 16:30:00,1440037.0
2020-06-18 17:00:00,1448809.0
2020-06-18 17:30:00,1436961.0
2020-06-18 18:00:00,1456714.0
2020-06-18 18:30:00,1458587.0
2020-06-18 19:00:00,1457441.0
2020-06-18 19:30:00,1463344.0
2020-06-18 20:00:00,1460163.0
2020-06-18 20:30:00,1441179.0
2020-06-18 21:00:00,1438317.0
2020-06-18 21:30:00,1437385.0
2020-06-18 22:00:00,1431092.0
2020-06-18 22:30:00,1419560.0
2020-06-18 23:00:00,1415547.0
2020-06-18 23:30:00,1425987.0
2020-06-19 00:00:00,1435236.0
2020-06-19 00:30:00,1410502.0
2020-06-19 01:00:00,1424353.0
2020-06-19 01:30:00,1397729.0
2020-06-19 02:00:00,1327550.0
2020-06-19 02:30:00,1266474.0
2020-06-19 03:00:00,1254596.0
2020-06-19 03:30:00,1225851.0
2020-06-19 04:00:00,1256248.0
2020-06-19 04:30:00,1259403.0
2020-06-19 05:00:00,1210657.0
2020-06-19 05:30:00,1280038.0
2020-06-19 06:00:00,1246414.0
2020-06-19 06:30:00,1186736.0
2020-06-19 07:00:00,1317261.0
2020-06-19 07:30:00,1260192.0
2020-06-19 08:00:00,1344701.0
2020-06-19 08:30:00,1418307.0
2020-06-19 09:00:00,1429774.0
2020-06-19 09:30:00,1430538.0
2020-06-19 10:00:00,1389411.0
2020-06-19 10:30:00,1397152.0
2020-06-19 11:00:00,1440079.0
2020-06-19 11:30:00,1417698.0
2020-06-19 12:00:00,1356111.0
2020-06-19 12:30:00,1411836.0
2020-06-19 13:00:00,1441532.0
2020-06-19 13:30:00,1430206.0
2020-06-19 14:00:00,1419045.0
2020-06-19 14:30:00,1415989.0
2020-06-19 15:00:00,1391747.0
2020-06-19 15:30:00,1402146.0
2020-06-19 16:00:00,1377112.0
2020-06-19 16:30:00,1344854.0
2020-06-19 17:00:00,1341085.0
2020-06-19 17:30:00,1322705.0
2020-06-19 18:00:00,1338827.0
2020-06-19 18:30:00,1347356.0
2020-06-19 19:00:00,1353690.0
2020-06-19 19:30:00,1359545.0
2020-06-19 20:00:00,1371880.0
2020-06-19 20:30:00,1359048.0
2020-06-19 21:00:00,1346751.0
2020-06-19 21:30:00,1343704.0
2020-06-19 22:00:00,1361519.0
2020-06-19 22:30:00,1368900.0
2020-06-19 23:00:00,1372464.0
2020-06-19 23:30:00,1334530.0
2020-06-20 00:00:00,1331079.0
2020-06-20 00:30:00,1287477.0
2020-06-20 01:00:00,1336865.0
2020-06-20 01:30:00,1326533.0
2020-06-20 02:00:00,1372009.0
2020-06-20 02:30:00,1345239.0
2020-06-20 03:00:00,1354913.0
2020-06-20 03:30:00,1323774.0
2020-06-20 04:00:00,1362196.0
2020-06-20 04:30:00,1354407.0
2020-06-20 05:00:00,1380756.0
2020-06-20 05:30:00,1381872.0
2020-06-20 06:00:00,1378565.0
2020-06-20 06:30:00,1368475.0
2020-06-20 07:00:00,1378408.0
2020-06-20 07:30:00,1224587.0
2020-06-20 08:00:00,1251894.0
2020-06-20 08:30:00,1330001.0
2020-06-20 09:00:00,1339161.0
2020-06-20 09:30:00,1354235.0
2020-06-20 10:00:00,1351232.0
2020-06-20 10:30:00,1337884.0
2020-06-20 11:00:00,1340288.0
2020-06-20 11:30:00,1310801.0
2020-06-20 12:00:00,1329653.0
2020-06-20 12:30:00,1326263.0
2020-06-20 13:00:00,1361834.0
2020-06-20 13:30:00,1371594.0
2020-06-20 14:00:00,1259340.0
2020-06-20 14:30:00,1205812.0
2020-06-20 15:00:00,1239342.0
2020-06-20 15:30:00,1331949.0
2020-06-20 16:00:00,1365296.0
2020-06-20 16:30:00,1355262.0
2020-06-20 17:00:00,1364981.0
2020-06-20 17:30:00,1360769.0
2020-06-20 18:00:00,1374926.0
2020-06-20 18:30:00,1374830.0
2020-06-20 19:00:00,1378916.0
2020-06-20 19:30:00,1384262.0
2020-06-20 20:00:00,1379738.0
2020-06-20 20:30:00,1367524.0
2020-06-20 21:00:00,1367353.0
2020-06-20 21:30:00,1361836.0
2020-06-20 22:00:00,1359547.0
2020-06-20 22:30:00,1348298.0
2020-06-20 23:00:00,1019150.0
2020-06-20 23:30:00,704204.0
2020-06-21 00:00:00,609081.0
2020-06-21 00:30:00,480199.0
2020-06-21 01:00:00,133523.0
2020-06-21 01:30:00,0.0
2020-06-21 02:00:00,0.0
2020-06-21 02:30:00,0.0
2020-06-21 03:00:00,0.0
2020-06-21 03:30:00,0.0
2020-06-21 04:00:00,0.0
2020-06-21 04:30:00,0.0
2020-06-21 05:00:00,0.0
2020-06-21 05:30:00,0.0
2020-06-21 06:00:00,0.0
2020-06-21 06:30:00,0.0
2020-06-21 07:00:00,0.0
2020-06-21 07:30:00,0.0
2020-06-21 08:00:00,0.0
2020-06-21 08:30:00,0.0
2020-06-21 09:00:00,0.0
2020-06-21 09:30:00,0.0
2020-06-21 10:00:00,0.0
2020-06-21 10:30:00,0.0
2020-06-21 11:00:00,0.0
2020-06-21 11:30:00,0.0
2020-06-21 12:00:00,0.0
2020-06-21 12:30:00,0.0
2020-06-21 13:00:00,0.0
2020-06-21 13:30:00,0.0
2020-06-21 14:00:00,0.0
2020-06-21 14:30:00,0.0
2020-06-21 15:00:00,0.0
2020-06-21 15:30:00,0.0
2020-06-21 16:00:00,0.0
2020-06-21 16:30:00,0.0
2020-06-21 17:00:00,0.0
2020-06-21 17:30:00,0.0
2020-06-21 18:00:00,0.0
2020-06-21 18:30:00,0.0
2020-06-21 19:00:00,0.0
2020-06-21 19:30:00,0.0
2020-06-21 20:00:00,0.0
2020-06-21 20:30:00,0.0
2020-06-21 21:00:00,0.0
2020-06-21 21:30:00,0.0
2020-06-21 22:00:00,0.0
2020-06-21 22:30:00,0.0
2020-06-21 23:00:00,0.0
2020-06-21 23:30:00,0.0
2020-06-22 00:00:00,0.0
2020-06-22 00:30:00,0.0
2020-06-22 01:00:00,0.0
2020-06-22 01:30:00,0.0
2020-06-22 02:00:00,0.0
2020-06-22 02:30:00,0.0
2020-06-22 03:00:00,23325.1
2020-06-22 03:30:00,192093.0
2020-06-22 04:00:00,281357.0
2020-06-22 04:30:00,330465.0
2020-06-22 05:00:00,345174.0
2020-06-22 05:30:00,377247.0
2020-06-22 06:00:00,508063.0
2020-06-22 06:30:00,576011.0
2020-06-22 07:00:00,587497.0
2020-06-22 07:30:00,666404.0
2020-06-22 08:00:00,764514.0
2020-06-22 08:30:00,1156673.0
2020-06-22 09:00:00,1483188.0
2020-06-22 09:30:00,1459917.0
2020-06-22 10:00:00,1449161.0
2020-06-22 10:30:00,1441220.0
2020-06-22 11:00:00,1430485.0
2020-06-22 11:30:00,1425163.0
2020-06-22 12:00:00,1391226.0
2020-06-22 12:30:00,1363066.0
2020-06-22 13:00:00,1384614.0
2020-06-22 13:30:00,1402412.0
2020-06-22 14:00:00,1393514.0
2020-06-22 14:30:00,1384972.0
2020-06-22 15:00:00,1370271.0
2020-06-22 15:30:00,1363662.0
2020-06-22 16:00:00,1368820.0
2020-06-22 16:30:00,1356035.0
2020-06-22 17:00:00,1362181.0
2020-06-22 17:30:00,1351182.0
2020-06-22 18:00:00,1344784.0
2020-06-22 18:30:00,1355922.0
2020-06-22 19:00:00,1358346.0
2020-06-22 19:30:00,1352007.0
2020-06-22 20:00:00,1346779.0
2020-06-22 20:30:00,1330665.0
2020-06-22 21:00:00,1341896.0
2020-06-22 21:30:00,1335928.0
2020-06-22 22:00:00,1338550.0
2020-06-22 22:30:00,1332567.0
2020-06-22 23:00:00,1349270.0
2020-06-22 23:30:00,1332590.0
2020-06-23 00:00:00,1265176.0
2020-06-23 00:30:00,1261698.0
2020-06-23 01:00:00,1272654.0
2020-06-23 01:30:00,1278308.0
2020-06-23 02:00:00,1306275.0
2020-06-23 02:30:00,1238653.0
2020-06-23 03:00:00,1182352.0
2020-06-23 03:30:00,1176355.0
2020-06-23 04:00:00,1179048.0
2020-06-23 04:30:00,1185067.0
2020-06-23 05:00:00,1198809.0
2020-06-23 05:30:00,1232522.0
2020-06-23 06:00:00,1272322.0
2020-06-23 06:30:00,1183929.0
2020-06-23 07:00:00,1167518.0
2020-06-23 07:30:00,1111344.0
2020-06-23 08:00:00,1138078.0
2020-06-23 08:30:00,1238223.0
2020-06-23 09:00:00,1374778.0
2020-06-23 09:30:00,1374778.0
2020-06-23 10:00:00,1374778.0
2020-06-23 10:30:00,1374778.0
2020-06-23 11:00:00,1374778.0
2020-06-23 11:30:00,1374778.0
2020-06-23 12:00:00,1374778.0
2020-06-23 12:30:00,1374778.0
2020-06-23 13:00:00,1374778.0
2020-06-23 13:30:00,1374778.0
2020-06-23 14:00:00,1374778.0
2020-06-23 14:30:00,1374778.0
2020-06-23 15:00:00,1374778.0
2020-06-23 15:30:00,1334962.0
2020-06-23 16:00:00,1338389.0
2020-06-23 16:30:00,1340210.0
2020-06-23 17:00:00,1335826.0
2020-06-23 17:30:00,1330733.0
2020-06-23 18:00:00,1339665.0
2020-06-23 18:30:00,1350678.0
2020-06-23 19:00:00,1354991.0
2020-06-23 19:30:00,1357721.0
2020-06-23 20:00:00,1356489.0
2020-06-23 20:30:00,1343099.0
2020-06-23 21:00:00,1347593.0
2020-06-23 21:30:00,1347040.0
2020-06-23 22:00:00,1352622.0
2020-06-23 22:30:00,1347139.0
2020-06-23 23:00:00,1381275.0
2020-06-23 23:30:00,1388501.0
2020-06-24 00:00:00,1385385.0
2020-06-24 00:30:00,1271583.0
2020-06-24 01:00:00,1247402.0
2020-06-24 01:30:00,1234724.0
2020-06-24 02:00:00,1250632.0
2020-06-24 02:30:00,1293009.0
2020-06-24 03:00:00,1318865.0
2020-06-24 03:30:00,1261564.0
2020-06-24 04:00:00,1213691.0
2020-06-24 04:30:00,1234176.0
2020-06-24 05:00:00,1235816.0
2020-06-24 05:30:00,1226925.0
2020-06-24 06:00:00,1262371.0
2020-06-24 06:30:00,1293556.0
2020-06-24 07:00:00,1355211.0
2020-06-24 07:30:00,1352662.0
2020-06-24 08:00:00,1432633.0
2020-06-24 08:30:00,1422405.0
2020-06-24 09:00:00,1420879.0
2020-06-24 09:30:00,1413510.0
2020-06-24 10:00:00,1344406.0
2020-06-24 10:30:00,1342343.0
2020-06-24 11:00:00,1327466.0
2020-06-24 11:30:00,1330705.0
2020-06-24 12:00:00,1317096.0
2020-06-24 12:30:00,1334610.0
2020-06-24 13:00:00,1359413.0
2020-06-24 13:30:00,1362431.0
2020-06-24 14:00:00,1431405.0
2020-06-24 14:30:00,1408317.0
2020-06-24 15:00:00,1391149.0
2020-06-24 15:30:00,1374042.0
2020-06-24 16:00:00,1368159.0
2020-06-24 16:30:00,1366903.0
2020-06-24 17:00:00,1360887.0
2020-06-24 17:30:00,1358101.0
2020-06-24 18:00:00,1356322.0
2020-06-24 18:30:00,1392396.0
2020-06-24 19:00:00,1415859.0
2020-06-24 19:30:00,1438101.0
2020-06-24 20:00:00,1437815.0
2020-06-24 20:30:00,1421269.0
2020-06-24 21:00:00,1388025.0
2020-06-24 21:30:00,1379863.0
2020-06-24 22:00:00,1391239.0
2020-06-24 22:30:00,1380111.0
2020-06-24 23:00:00,1399899.0
2020-06-24 23:30:00,1375182.0
2020-06-25 00:00:00,1375032.0
2020-06-25 00:30:00,1367809.0
2020-06-25 01:00:00,1341501.0
2020-06-25 01:30:00,1331953.0
2020-06-25 02:00:00,1363122.0
2020-06-25 02:30:00,1343133.0
2020-06-25 03:00:00,1368892.0
2020-06-25 03:30:00,1346606.0
2020-06-25 04:00:00,1363287.0
2020-06-25 04:30:00,1347727.0
2020-06-25 05:00:00,1362567.0
2020-06-25 05:30:00,1369605.0
2020-06-25 06:00:00,1328131.0
2020-06-25 06:30:00,1331346.0
2020-06-25 07:00:00,1371401.0
2020-06-25 07:30:00,1368438.0
2020-06-25 08:00:00,1443486.0
2020-06-25 08:30:00,1443342.0
2020-06-25 09:00:00,1437379.0
2020-06-25 09:30:00,1420682.0
2020-06-25 10:00:00,1386351.0
2020-06-25 10:30:00,1369132.0
2020-06-25 11:00:00,1356851.0
2020-06-25 11:30:00,1343808.0
2020-06-25 12:00:00,1340443.0
2020-06-25 12:30:00,1363716.0
2020-06-25 13:00:00,1387301.0
2020-06-25 13:30:00,1385924.0
2020-06-25 14:00:00,1405966.0
2020-06-25 14:30:00,1403864.0
2020-06-25 15:00:00,1396586.0
2020-06-25 15:30:00,1395383.0
2020-06-25 16:00:00,1403622.0
2020-06-25 16:30:00,1428168.0
2020-06-25 17:00:00,1427078.0
2020-06-25 17:30:00,1416922.0
2020-06-25 18:00:00,1381359.0
2020-06-25 18:30:00,1381389.0
2020-06-25 19:00:00,1370716.0
2020-06-25 19:30:00,1357479.0
2020-06-25 20:00:00,1348791.0
2020-06-25 20:30:00,1352681.0
2020-06-25 21:00:00,1377344.0
2020-06-25 21:30:00,1388655.0
2020-06-25 22:00:00,1378880.0
2020-06-25 22:30:00,1342111.0
2020-06-25 23:00:00,1349314.0
2020-06-25 23:30:00,1334426.0
2020-06-26 00:00:00,1302603.0
2020-06-26 00:30:00,1352439.0
2020-06-26 01:00:00,1325035.0
2020-06-26 01:30:00,1316558.0
2020-06-26 02:00:00,1303007.0
2020-06-26 02:30:00,1205257.0
2020-06-26 03:00:00,1199582.0
2020-06-26 03:30:00,1173244.0
2020-06-26 04:00:00,1229335.0
2020-06-26 04:30:00,1262971.0
2020-06-26 05:00:00,1205171.0
2020-06-26 05:30:00,1320734.0
2020-06-26 06:00:00,1341891.0
2020-06-26 06:30:00,1246899.0
2020-06-26 07:00:00,1263418.0
2020-06-26 07:30:00,1200750.0
2020-06-26 08:00:00,1334290.0
2020-06-26 08:30:00,1381412.0
2020-06-26 09:00:00,1333224.0
2020-06-26 09:30:00,1201206.0
2020-06-26 10:00:00,1152638.0
2020-06-26 10:30:00,1150523.0
2020-06-26 11:00:00,1144550.0
2020-06-26 11:30:00,1105885.0
2020-06-26 12:00:00,1063504.0
2020-06-26 12:30:00,1086537.0
2020-06-26 13:00:00,1127125.0
2020-06-26 13:30:00,1106442.0
2020-06-26 14:00:00,1097077.0
2020-06-26 14:30:00,1118313.0
2020-06-26 15:00:00,1112904.0
2020-06-26 15:30:00,1117585.0
2020-06-26 16:00:00,1127725.0
2020-06-26 16:30:00,1122131.0
2020-06-26 17:00:00,1112367.0
2020-06-26 17:30:00,1108166.0
2020-06-26 18:00:00,1087487.0
2020-06-26 18:30:00,1093871.0
2020-06-26 19:00:00,1109781.0
2020-06-26 19:30:00,1137225.0
2020-06-26 20:00:00,1141917.0
2020-06-26 20:30:00,1120348.0
2020-06-26 21:00:00,1129761.0
2020-06-26 21:30:00,1126962.0
2020-06-26 22:00:00,1133474.0
2020-06-26 22:30:00,1114580.0
2020-06-26 23:00:00,1135095.0
2020-06-26 23:30:00,1111199.0
2020-06-27 00:00:00,1087663.0
2020-06-27 00:30:00,1080363.0
2020-06-27 01:00:00,1109839.0
2020-06-27 01:30:00,1112496.0
2020-06-27 02:00:00,1151092.0
2020-06-27 02:30:00,1091925.0
2020-06-27 03:00:00,1088432.0
2020-06-27 03:30:00,1084360.0
2020-06-27 04:00:00,1121092.0
2020-06-27 04:30:00,1085609.0
2020-06-27 05:00:00,1079590.0
2020-06-27 05:30:00,1131257.0
2020-06-27 06:00:00,1110400.0
2020-06-27 06:30:00,1085202.0
2020-06-27 07:00:00,1108329.0
2020-06-27 07:30:00,867740.0
2020-06-27 08:00:00,669005.0
2020-06-27 08:30:00,498929.0
2020-06-27 09:00:00,201162.0
2020-06-27 09:30:00,0.0
2020-06-27 10:00:00,0.0
2020-06-27 10:30:00,0.0
2020-06-27 11:00:00,0.0
2020-06-27 11:30:00,0.0
2020-06-27 12:00:00,0.0
2020-06-27 12:30:00,0.0
2020-06-27 13:00:00,0.0
2020-06-27 13:30:00,0.0
2020-06-27 14:00:00,0.0
2020-06-27 14:30:00,0.0
2020-06-27 15:00:00,0.0
2020-06-27 15:30:00,0.0
2020-06-27 16:00:00,0.0
2020-06-27 16:30:00,0.0
2020-06-27 17:00:00,0.0
2020-06-27 17:30:00,0.0
2020-06-27 18:00:00,0.0
2020-06-27 18:30:00,0.0
2020-06-27 19:00:00,0.0
2020-06-27 19:30:00,0.0
2020-06-27 20:00:00,0.0
2020-06-27 20:30:00,0.0
2020-06-27 21:00:00,0.0
2020-06-27 21:30:00,0.0
2020-06-27 22:00:00,0.0
2020-06-27 22:30:00,0.0
2020-06-27 23:00:00,0.0
2020-06-27 23:30:00,0.0
2020-06-28 00:00:00,0.0
2020-06-28 00:30:00,0.0
2020-06-28 01:00:00,0.0
2020-06-28 01:30:00,0.0
2020-06-28 02:00:00,0.0
2020-06-28 02:30:00,0.0
2020-06-28 03:00:00,0.0
2020-06-28 03:30:00,0.0
2020-06-28 04:00:00,0.0
2020-06-28 04:30:00,0.0
2020-06-28 05:00:00,0.0
2020-06-28 05:30:00,0.0
2020-06-28 06:00:00,0.0
2020-06-28 06:30:00,0.0
2020-06-28 07:00:00,0.0
2020-06-28 07:30:00,0.0
2020-06-28 08:00:00,0.0
2020-06-28 08:30:00,0.0
2020-06-28 09:00:00,0.0
2020-06-28 09:30:00,0.0
2020-06-28 10:00:00,0.0
2020-06-28 10:30:00,0.0
2020-06-28 11:00:00,0.0
2020-06-28 11:30:00,0.0
2020-06-28 12:00:00,0.0
2020-06-28 12:30:00,0.0
2020-06-28 13:00:00,0.0
2020-06-28 13:30:00,0.0
2020-06-28 14:00:00,0.0
2020-06-28 14:30:00,0.0
2020-06-28 15:00:00,0.0
2020-06-28 15:30:00,0.0
2020-06-28 16:00:00,0.0
2020-06-28 16:30:00,0.0
2020-06-28 17:00:00,0.0
2020-06-28 17:30:00,0.0
2020-06-28 18:00:00,0.0
2020-06-28 18:30:00,0.0
2020-06-28 19:00:00,0.0
2020-06-28 19:30:00,0.0
2020-06-28 20:00:00,0.0
2020-06-28 20:30:00,0.0
2020-06-28 21:00:00,0.0
2020-06-28 21:30:00,0.0
2020-06-28 22:00:00,0.0
2020-06-28 22:30:00,0.0
2020-06-28 23:00:00,0.0
2020-06-28 23:30:00,0.0
2020-06-29 00:00:00,0.0
2020-06-29 00:30:00,0.0
2020-06-29 01:00:00,0.0
2020-06-29 01:30:00,0.0
2020-06-29 02:00:00,0.0
2020-06-29 02:30:00,0.0
2020-06-29 03:00:00,6391.67
2020-06-29 03:30:00,95303.2
2020-06-29 04:00:00,214218.0
2020-06-29 04:30:00,287027.0
2020-06-29 05:00:00,343146.0
2020-06-29 05:30:00,350984.0
2020-06-29 06:00:00,434641.0
2020-06-29 06:30:00,623410.0
2020-06-29 07:00:00,719976.0
2020-06-29 07:30:00,812598.0
2020-06-29 08:00:00,1116662.0
2020-06-29 08:30:00,1442107.0
2020-06-29 09:00:00,1490282.0
2020-06-29 09:30:00,1502855.0
2020-06-29 10:00:00,1488694.0
2020-06-29 10:30:00,1487316.0
2020-06-29 11:00:00,1485834.0
2020-06-29 11:30:00,1490390.0
2020-06-29 12:00:00,1488809.0
2020-06-29 12:30:00,1488823.0
2020-06-29 13:00:00,1492751.0
2020-06-29 13:30:00,1477801.0
2020-06-29 14:00:00,1479375.0
2020-06-29 14:30:00,1480850.0
2020-06-29 15:00:00,1472707.0
2020-06-29 15:30:00,1471099.0
2020-06-29 16:00:00,1459079.0
2020-06-29 16:30:00,1451625.0
2020-06-29 17:00:00,1447602.0
2020-06-29 17:30:00,1442701.0
2020-06-29 18:00:00,1397428.0
2020-06-29 18:30:00,1449006.0
2020-06-29 19:00:00,1454482.0
2020-06-29 19:30:00,1462049.0
2020-06-29 20:00:00,1446888.0
2020-06-29 20:30:00,1459944.0
2020-06-29 21:00:00,1442835.0
2020-06-29 21:30:00,1445343.0
2020-06-29 22:00:00,1451410.0
2020-06-29 22:30:00,1450832.0
2020-06-29 23:00:00,1446624.0
2020-06-29 23:30:00,1453260.0
2020-06-30 00:00:00,1396521.0
2020-06-30 00:30:00,1424641.0
2020-06-30 01:00:00,1456857.0
2020-06-30 01:30:00,1447755.0
2020-06-30 02:00:00,1437933.0
2020-06-30 02:30:00,1419635.0
2020-06-30 03:00:00,1432185.0
2020-06-30 03:30:00,1409293.0
2020-06-30 04:00:00,1453737.0
2020-06-30 04:30:00,1419094.0
2020-06-30 05:00:00,1391800.0
2020-06-30 05:30:00,1416308.0
2020-06-30 06:00:00,1381294.0
2020-06-30 06:30:00,1302278.0
2020-06-30 07:00:00,1439984.0
2020-06-30 07:30:00,1428484.0
2020-06-30 08:00:00,1395220.0
2020-06-30 08:30:00,1435109.0
2020-06-30 09:00:00,1438904.0
2020-06-30 09:30:00,1441473.0
2020-06-30 10:00:00,1443827.0
2020-06-30 10:30:00,1441979.0
2020-06-30 11:00:00,1443718.0
2020-06-30 11:30:00,1432775.0
2020-06-30 12:00:00,1432432.0
2020-06-30 12:30:00,1434312.0
2020-06-30 13:00:00,1454769.0
2020-06-30 13:30:00,1451265.0
2020-06-30 14:00:00,1447695.0
2020-06-30 14:30:00,1448060.0
2020-06-30 15:00:00,1454102.0
2020-06-30 15:30:00,1447594.0
2020-06-30 16:00:00,1442604.0
2020-06-30 16:30:00,1440483.0
2020-06-30 17:00:00,1436732.0
2020-06-30 17:30:00,1440158.0
2020-06-30 18:00:00,1374095.0
2020-06-30 18:30:00,1413835.0
2020-06-30 19:00:00,1415867.0
2020-06-30 19:30:00,1427769.0
2020-06-30 20:00:00,1429028.0
2020-06-30 20:30:00,1435794.0
2020-06-30 21:00:00,1424633.0
2020-06-30 21:30:00,1434395.0
2020-06-30 22:00:00,1427998.0
2020-06-30 22:30:00,1420810.0
2020-06-30 23:00:00,1415623.0
2020-06-30 23:30:00,1381863.0
2020-07-01 00:00:00,1164948.0
2020-07-01 00:30:00,1048844.0
2020-07-01 01:00:00,1043484.0
2020-07-01 01:30:00,1090112.0
2020-07-01 02:00:00,1140191.0
2020-07-01 02:30:00,1039387.0
2020-07-01 03:00:00,1062111.0
2020-07-01 03:30:00,1048554.0
2020-07-01 04:00:00,1035684.0
2020-07-01 04:30:00,1041966.0
2020-07-01 05:00:00,1074124.0
2020-07-01 05:30:00,1153438.0
2020-07-01 06:00:00,1303497.0
2020-07-01 06:30:00,1173975.0
2020-07-01 07:00:00,1171163.0
2020-07-01 07:30:00,1186859.0
2020-07-01 08:00:00,1263404.0
2020-07-01 08:30:00,1336276.0
2020-07-01 09:00:00,1360463.0
2020-07-01 09:30:00,1344910.0
2020-07-01 10:00:00,1340499.0
2020-07-01 10:30:00,1354568.0
2020-07-01 11:00:00,1344670.0
2020-07-01 11:30:00,1269419.0
2020-07-01 12:00:00,1174803.0
2020-07-01 12:30:00,1226044.0
2020-07-01 13:00:00,1378274.0
2020-07-01 13:30:00,1372355.0
2020-07-01 14:00:00,1404144.0
2020-07-01 14:30:00,1416542.0
2020-07-01 15:00:00,1407566.0
2020-07-01 15:30:00,1357277.0
2020-07-01 16:00:00,1345854.0
2020-07-01 16:30:00,1337128.0
2020-07-01 17:00:00,1292360.0
2020-07-01 17:30:00,1194038.0
2020-07-01 18:00:00,1166751.0
2020-07-01 18:30:00,1304049.0
2020-07-01 19:00:00,1360289.0
2020-07-01 19:30:00,1365349.0
2020-07-01 20:00:00,1405232.0
2020-07-01 20:30:00,1412400.0
2020-07-01 21:00:00,1411743.0
2020-07-01 21:30:00,1423402.0
2020-07-01 22:00:00,1416743.0
2020-07-01 22:30:00,1394320.0
2020-07-01 23:00:00,1405793.0
2020-07-01 23:30:00,1328221.0
2020-07-02 00:00:00,1196756.0
2020-07-02 00:30:00,1174380.0
2020-07-02 01:00:00,1155420.0
2020-07-02 01:30:00,1184711.0
2020-07-02 02:00:00,1191587.0
2020-07-02 02:30:00,1162501.0
2020-07-02 03:00:00,1232019.0
2020-07-02 03:30:00,1217262.0
2020-07-02 04:00:00,1230449.0
2020-07-02 04:30:00,1288966.0
2020-07-02 05:00:00,1183655.0
2020-07-02 05:30:00,1211129.0
2020-07-02 06:00:00,1292463.0
2020-07-02 06:30:00,1239041.0
2020-07-02 07:00:00,1306706.0
2020-07-02 07:30:00,1240910.0
2020-07-02 08:00:00,1303660.0
2020-07-02 08:30:00,1359783.0
2020-07-02 09:00:00,1343617.0
2020-07-02 09:30:00,1357013.0
2020-07-02 10:00:00,1355183.0
2020-07-02 10:30:00,1352768.0
2020-07-02 11:00:00,1350467.0
2020-07-02 11:30:00,1343032.0
2020-07-02 12:00:00,1325870.0
2020-07-02 12:30:00,1279832.0
2020-07-02 13:00:00,1403406.0
2020-07-02 13:30:00,1390673.0
2020-07-02 14:00:00,1389503.0
2020-07-02 14:30:00,1375184.0
2020-07-02 15:00:00,1358883.0
2020-07-02 15:30:00,1343983.0
2020-07-02 16:00:00,1347810.0
2020-07-02 16:30:00,1345739.0
2020-07-02 17:00:00,1354170.0
2020-07-02 17:30:00,1343612.0
2020-07-02 18:00:00,1347511.0
2020-07-02 18:30:00,1353094.0
2020-07-02 19:00:00,1349315.0
2020-07-02 19:30:00,1341988.0
2020-07-02 20:00:00,1351904.0
2020-07-02 20:30:00,1356616.0
2020-07-02 21:00:00,1368403.0
2020-07-02 21:30:00,1372020.0
2020-07-02 22:00:00,1368710.0
2020-07-02 22:30:00,1369768.0
2020-07-02 23:00:00,1404112.0
2020-07-02 23:30:00,1420048.0
2020-07-03 00:00:00,1414570.0
2020-07-03 00:30:00,1398918.0
2020-07-03 01:00:00,1396097.0
2020-07-03 01:30:00,1243286.0
2020-07-03 02:00:00,1201751.0
2020-07-03 02:30:00,1228208.0
2020-07-03 03:00:00,1205670.0
2020-07-03 03:30:00,1209935.0
2020-07-03 04:00:00,1195866.0
2020-07-03 04:30:00,1220836.0
2020-07-03 05:00:00,1212024.0
2020-07-03 05:30:00,1257753.0
2020-07-03 06:00:00,1317863.0
2020-07-03 06:30:00,1231352.0
2020-07-03 07:00:00,1388391.0
2020-07-03 07:30:00,1362816.0
2020-07-03 08:00:00,1391585.0
2020-07-03 08:30:00,1411277.0
2020-07-03 09:00:00,1427303.0
2020-07-03 09:30:00,1421946.0
2020-07-03 10:00:00,1407796.0
2020-07-03 10:30:00,1406757.0
2020-07-03 11:00:00,1390621.0
2020-07-03 11:30:00,1356641.0
2020-07-03 12:00:00,1344375.0
2020-07-03 12:30:00,1352755.0
2020-07-03 13:00:00,1363169.0
2020-07-03 13:30:00,1359119.0
2020-07-03 14:00:00,1370409.0
2020-07-03 14:30:00,1362742.0
2020-07-03 15:00:00,1383289.0
2020-07-03 15:30:00,1396136.0
2020-07-03 16:00:00,1398214.0
2020-07-03 16:30:00,1398843.0
2020-07-03 17:00:00,1398157.0
2020-07-03 17:30:00,1397370.0
2020-07-03 18:00:00,1400230.0
2020-07-03 18:30:00,1400045.0
2020-07-03 19:00:00,1392481.0
2020-07-03 19:30:00,1390517.0
2020-07-03 20:00:00,1386331.0
2020-07-03 20:30:00,1385001.0
2020-07-03 21:00:00,1393514.0
2020-07-03 21:30:00,1395378.0
2020-07-03 22:00:00,1398539.0
2020-07-03 22:30:00,1386011.0
2020-07-03 23:00:00,1402646.0
2020-07-03 23:30:00,1396091.0
2020-07-04 00:00:00,1387215.0
2020-07-04 00:30:00,1397849.0
2020-07-04 01:00:00,1386710.0
2020-07-04 01:30:00,1393104.0
2020-07-04 02:00:00,1388036.0
2020-07-04 02:30:00,1369357.0
2020-07-04 03:00:00,1349586.0
2020-07-04 03:30:00,1315384.0
2020-07-04 04:00:00,1271743.0
2020-07-04 04:30:00,1363070.0
2020-07-04 05:00:00,1380287.0
2020-07-04 05:30:00,1396753.0
2020-07-04 06:00:00,1385477.0
2020-07-04 06:30:00,1393847.0
2020-07-04 07:00:00,1390636.0
2020-07-04 07:30:00,1387951.0
2020-07-04 08:00:00,1406612.0
2020-07-04 08:30:00,1392684.0
2020-07-04 09:00:00,1399915.0
2020-07-04 09:30:00,1411858.0
2020-07-04 10:00:00,1406415.0
2020-07-04 10:30:00,1390257.0
2020-07-04 11:00:00,1393826.0
2020-07-04 11:30:00,1379928.0
2020-07-04 12:00:00,1391421.0
2020-07-04 12:30:00,1388655.0
2020-07-04 13:00:00,1391000.0
2020-07-04 13:30:00,1404947.0
2020-07-04 14:00:00,1400507.0
2020-07-04 14:30:00,1406468.0
2020-07-04 15:00:00,1389196.0
2020-07-04 15:30:00,1382391.0
2020-07-04 16:00:00,1390810.0
2020-07-04 16:30:00,1394388.0
2020-07-04 17:00:00,1325763.0
2020-07-04 17:30:00,1295109.0
2020-07-04 18:00:00,1314100.0
2020-07-04 18:30:00,1371905.0
2020-07-04 19:00:00,1305020.0
2020-07-04 19:30:00,1368212.0
2020-07-04 20:00:00,1374828.0
2020-07-04 20:30:00,1375593.0
2020-07-04 21:00:00,1380342.0
2020-07-04 21:30:00,1381521.0
2020-07-04 22:00:00,1376529.0
2020-07-04 22:30:00,1368593.0
2020-07-04 23:00:00,1417421.0
2020-07-04 23:30:00,1401511.0
2020-07-05 00:00:00,1420216.0
2020-07-05 00:30:00,1450454.0
2020-07-05 01:00:00,1446037.0
2020-07-05 01:30:00,1416504.0
2020-07-05 02:00:00,1259948.0
2020-07-05 02:30:00,1221005.0
2020-07-05 03:00:00,1195857.0
2020-07-05 03:30:00,1200248.0
2020-07-05 04:00:00,1207972.0
2020-07-05 04:30:00,1210753.0
2020-07-05 05:00:00,1202071.0
2020-07-05 05:30:00,1213997.0
2020-07-05 06:00:00,1224193.0
2020-07-05 06:30:00,1223503.0
2020-07-05 07:00:00,1223827.0
2020-07-05 07:30:00,1205171.0
2020-07-05 08:00:00,1247198.0
2020-07-05 08:30:00,1249912.0
2020-07-05 09:00:00,1215453.0
2020-07-05 09:30:00,1252478.0
2020-07-05 10:00:00,1265545.0
2020-07-05 10:30:00,1253995.0
2020-07-05 11:00:00,1241067.0
2020-07-05 11:30:00,1306764.0
2020-07-05 12:00:00,1377634.0
2020-07-05 12:30:00,1396416.0
2020-07-05 13:00:00,1421018.0
2020-07-05 13:30:00,1375530.0
2020-07-05 14:00:00,1273316.0
2020-07-05 14:30:00,1241929.0
2020-07-05 15:00:00,1217256.0
2020-07-05 15:30:00,1220729.0
2020-07-05 16:00:00,1219936.0
2020-07-05 16:30:00,1212892.0
2020-07-05 17:00:00,1215857.0
2020-07-05 17:30:00,1205160.0
2020-07-05 18:00:00,1274115.0
2020-07-05 18:30:00,1366369.0
2020-07-05 19:00:00,1402415.0
2020-07-05 19:30:00,1438055.0
2020-07-05 20:00:00,1464209.0
2020-07-05 20:30:00,1461435.0
2020-07-05 21:00:00,1436055.0
2020-07-05 21:30:00,1439963.0
2020-07-05 22:00:00,1429482.0
2020-07-05 22:30:00,1462908.0
2020-07-05 23:00:00,1405444.0
2020-07-05 23:30:00,1403405.0
2020-07-06 00:00:00,1326911.0
2020-07-06 00:30:00,1308026.0
2020-07-06 01:00:00,1304128.0
2020-07-06 01:30:00,1319204.0
2020-07-06 02:00:00,1360879.0
2020-07-06 02:30:00,1298955.0
2020-07-06 03:00:00,1278397.0
2020-07-06 03:30:00,1330969.0
2020-07-06 04:00:00,1336586.0
2020-07-06 04:30:00,1372387.0
2020-07-06 05:00:00,1257660.0
2020-07-06 05:30:00,1255983.0
2020-07-06 06:00:00,1259287.0
2020-07-06 06:30:00,1348656.0
2020-07-06 07:00:00,1384301.0
2020-07-06 07:30:00,1403073.0
2020-07-06 08:00:00,1405131.0
2020-07-06 08:30:00,1422170.0
2020-07-06 09:00:00,1423844.0
2020-07-06 09:30:00,1415278.0
2020-07-06 10:00:00,1401890.0
2020-07-06 10:30:00,1417800.0
2020-07-06 11:00:00,1416074.0
2020-07-06 11:30:00,1420940.0
2020-07-06 12:00:00,1406644.0
2020-07-06 12:30:00,1417821.0
2020-07-06 13:00:00,1422795.0
2020-07-06 13:30:00,1426324.0
2020-07-06 14:00:00,1422192.0
2020-07-06 14:30:00,1489244.0
2020-07-06 15:00:00,1490420.0
2020-07-06 15:30:00,1468600.0
2020-07-06 16:00:00,1469013.0
2020-07-06 16:30:00,1434877.0
2020-07-06 17:00:00,1406358.0
2020-07-06 17:30:00,1412008.0
2020-07-06 18:00:00,1399042.0
2020-07-06 18:30:00,1400701.0
2020-07-06 19:00:00,1384740.0
2020-07-06 19:30:00,1418168.0
2020-07-06 20:00:00,1423822.0
2020-07-06 20:30:00,1397424.0
2020-07-06 21:00:00,1398410.0
2020-07-06 21:30:00,1401371.0
2020-07-06 22:00:00,1417458.0
2020-07-06 22:30:00,1416781.0
2020-07-06 23:00:00,1460642.0
2020-07-06 23:30:00,1477493.0
2020-07-07 00:00:00,1476899.0
2020-07-07 00:30:00,1407036.0
2020-07-07 01:00:00,1366992.0
2020-07-07 01:30:00,1313989.0
2020-07-07 02:00:00,1413118.0
2020-07-07 02:30:00,1404668.0
2020-07-07 03:00:00,1320178.0
2020-07-07 03:30:00,1275603.0
2020-07-07 04:00:00,1319199.0
2020-07-07 04:30:00,1338299.0
2020-07-07 05:00:00,1260919.0
2020-07-07 05:30:00,1261289.0
2020-07-07 06:00:00,1325735.0
2020-07-07 06:30:00,1247010.0
2020-07-07 07:00:00,1377960.0
2020-07-07 07:30:00,1393808.0
2020-07-07 08:00:00,1429500.0
2020-07-07 08:30:00,1434776.0
2020-07-07 09:00:00,1439825.0
2020-07-07 09:30:00,1418814.0
2020-07-07 10:00:00,1418814.0
2020-07-07 10:30:00,1418814.0
2020-07-07 11:00:00,1418814.0
2020-07-07 11:30:00,1418814.0
2020-07-07 12:00:00,1418814.0
2020-07-07 12:30:00,1418814.0
2020-07-07 13:00:00,1418814.0
2020-07-07 13:30:00,1418814.0
2020-07-07 14:00:00,1418814.0
2020-07-07 14:30:00,1401702.0
2020-07-07 15:00:00,1401702.0
2020-07-07 15:30:00,1401702.0
2020-07-07 16:00:00,1401702.0
2020-07-07 16:30:00,1401702.0
2020-07-07 17:00:00,1420762.0
2020-07-07 17:30:00,1411687.0
2020-07-07 18:00:00,1413823.0
2020-07-07 18:30:00,1415099.0
2020-07-07 19:00:00,1419585.0
2020-07-07 19:30:00,1432039.0
2020-07-07 20:00:00,1441512.0
2020-07-07 20:30:00,1431857.0
2020-07-07 21:00:00,1414369.0
2020-07-07 21:30:00,1405305.0
2020-07-07 22:00:00,1408611.0
2020-07-07 22:30:00,1408745.0
2020-07-07 23:00:00,1437649.0
2020-07-07 23:30:00,1414800.0
2020-07-08 00:00:00,1290558.0
2020-07-08 00:30:00,1250034.0
2020-07-08 01:00:00,1315542.0
2020-07-08 01:30:00,1390295.0
2020-07-08 02:00:00,1288364.0
2020-07-08 02:30:00,1243220.0
2020-07-08 03:00:00,1219661.0
2020-07-08 03:30:00,1220167.0
2020-07-08 04:00:00,1225960.0
2020-07-08 04:30:00,1216919.0
2020-07-08 05:00:00,1226969.0
2020-07-08 05:30:00,1215308.0
2020-07-08 06:00:00,1207939.0
2020-07-08 06:30:00,1147075.0
2020-07-08 07:00:00,1155456.0
2020-07-08 07:30:00,1121913.0
2020-07-08 08:00:00,1152540.0
2020-07-08 08:30:00,1380952.0
2020-07-08 09:00:00,1465450.0
2020-07-08 09:30:00,1476281.0
2020-07-08 10:00:00,1440711.0
2020-07-08 10:30:00,1444394.0
2020-07-08 11:00:00,1446220.0
2020-07-08 11:30:00,1401768.0
2020-07-08 12:00:00,1391423.0
2020-07-08 12:30:00,1354410.0
2020-07-08 13:00:00,1429479.0
2020-07-08 13:30:00,1444817.0
2020-07-08 14:00:00,1436374.0
2020-07-08 14:30:00,1437045.0
2020-07-08 15:00:00,1411067.0
2020-07-08 15:30:00,1460176.0
2020-07-08 16:00:00,1460176.0
2020-07-08 16:30:00,1460176.0
2020-07-08 17:00:00,1460176.0
2020-07-08 17:30:00,1388032.0
2020-07-08 18:00:00,1390374.0
2020-07-08 18:30:00,1387387.0
2020-07-08 19:00:00,1401906.0
2020-07-08 19:30:00,1397713.0
2020-07-08 20:00:00,1399936.0
2020-07-08 20:30:00,1400149.0
2020-07-08 21:00:00,1403312.0
2020-07-08 21:30:00,1389927.0
2020-07-08 22:00:00,1379934.0
2020-07-08 22:30:00,1381328.0
2020-07-08 23:00:00,1401270.0
2020-07-08 23:30:00,1393301.0
2020-07-09 00:00:00,1362439.0
2020-07-09 00:30:00,1375722.0
2020-07-09 01:00:00,1412890.0
2020-07-09 01:30:00,1410007.0
2020-07-09 02:00:00,1402904.0
2020-07-09 02:30:00,1326322.0
2020-07-09 03:00:00,1242225.0
2020-07-09 03:30:00,1243959.0
2020-07-09 04:00:00,1250035.0
2020-07-09 04:30:00,1231808.0
2020-07-09 05:00:00,1216869.0
2020-07-09 05:30:00,1213926.0
2020-07-09 06:00:00,1221169.0
2020-07-09 06:30:00,1125613.0
2020-07-09 07:00:00,1131415.0
2020-07-09 07:30:00,1122814.0
2020-07-09 08:00:00,1183424.0
2020-07-09 08:30:00,1450383.0
2020-07-09 09:00:00,1450969.0
2020-07-09 09:30:00,1480485.0
2020-07-09 10:00:00,1474444.0
2020-07-09 10:30:00,1476889.0
2020-07-09 11:00:00,1477392.0
2020-07-09 11:30:00,1466421.0
2020-07-09 12:00:00,1428892.0
2020-07-09 12:30:00,1398686.0
2020-07-09 13:00:00,1418312.0
2020-07-09 13:30:00,1429819.0
2020-07-09 14:00:00,1411372.0
2020-07-09 14:30:00,1413447.0
2020-07-09 15:00:00,1411375.0
2020-07-09 15:30:00,1415035.0
2020-07-09 16:00:00,1402615.0
2020-07-09 16:30:00,1402883.0
2020-07-09 17:00:00,1397398.0
2020-07-09 17:30:00,1403547.0
2020-07-09 18:00:00,1406661.0
2020-07-09 18:30:00,1441989.0
2020-07-09 19:00:00,1466390.0
2020-07-09 19:30:00,1479482.0
2020-07-09 20:00:00,1473193.0
2020-07-09 20:30:00,1469395.0
2020-07-09 21:00:00,1470355.0
2020-07-09 21:30:00,1459970.0
2020-07-09 22:00:00,1435281.0
2020-07-09 22:30:00,1410730.0
2020-07-09 23:00:00,1451075.0
2020-07-09 23:30:00,1464140.0
2020-07-10 00:00:00,1451081.0
2020-07-10 00:30:00,1438771.0
2020-07-10 01:00:00,1365525.0
2020-07-10 01:30:00,1294278.0
2020-07-10 02:00:00,1271197.0
2020-07-10 02:30:00,1309853.0
2020-07-10 03:00:00,1304939.0
2020-07-10 03:30:00,1286640.0
2020-07-10 04:00:00,1393072.0
2020-07-10 04:30:00,1361618.0
2020-07-10 05:00:00,1342683.0
2020-07-10 05:30:00,1311525.0
2020-07-10 06:00:00,1348953.0
2020-07-10 06:30:00,1289206.0
2020-07-10 07:00:00,1385853.0
2020-07-10 07:30:00,1396843.0
2020-07-10 08:00:00,1411716.0
2020-07-10 08:30:00,1404780.0
2020-07-10 09:00:00,1394601.0
2020-07-10 09:30:00,1405848.0
2020-07-10 10:00:00,1472684.0
2020-07-10 10:30:00,1464747.0
2020-07-10 11:00:00,1447544.0
2020-07-10 11:30:00,1420830.0
2020-07-10 12:00:00,1390439.0
2020-07-10 12:30:00,1401672.0
2020-07-10 13:00:00,1414202.0
2020-07-10 13:30:00,1417810.0
2020-07-10 14:00:00,1407904.0
2020-07-10 14:30:00,1395806.0
2020-07-10 15:00:00,1405780.0
2020-07-10 15:30:00,1407648.0
2020-07-10 16:00:00,1412701.0
2020-07-10 16:30:00,1404484.0
2020-07-10 17:00:00,1403472.0
2020-07-10 17:30:00,1421371.0
2020-07-10 18:00:00,1420672.0
2020-07-10 18:30:00,1462001.0
2020-07-10 19:00:00,1499115.0
2020-07-10 19:30:00,1493050.0
2020-07-10 20:00:00,1469866.0
2020-07-10 20:30:00,1450786.0
2020-07-10 21:00:00,1436405.0
2020-07-10 21:30:00,1432275.0
2020-07-10 22:00:00,1421829.0
2020-07-10 22:30:00,1376121.0
2020-07-10 23:00:00,1460114.0
2020-07-10 23:30:00,1459216.0
2020-07-11 00:00:00,1460252.0
2020-07-11 00:30:00,1460111.0
2020-07-11 01:00:00,1470155.0
2020-07-11 01:30:00,1453177.0
2020-07-11 02:00:00,1438562.0
2020-07-11 02:30:00,1424255.0
2020-07-11 03:00:00,1404514.0
2020-07-11 03:30:00,1404261.0
2020-07-11 04:00:00,1401580.0
2020-07-11 04:30:00,1407708.0
2020-07-11 05:00:00,1394410.0
2020-07-11 05:30:00,1405224.0
2020-07-11 06:00:00,1406719.0
2020-07-11 06:30:00,1272209.0
2020-07-11 07:00:00,1390865.0
2020-07-11 07:30:00,1297807.0
2020-07-11 08:00:00,1256557.0
2020-07-11 08:30:00,1248930.0
2020-07-11 09:00:00,1227251.0
2020-07-11 09:30:00,1364287.0
2020-07-11 10:00:00,1423875.0
2020-07-11 10:30:00,1439567.0
2020-07-11 11:00:00,1443286.0
2020-07-11 11:30:00,1445780.0
2020-07-11 12:00:00,1443571.0
2020-07-11 12:30:00,1435325.0
2020-07-11 13:00:00,1415443.0
2020-07-11 13:30:00,1408861.0
2020-07-11 14:00:00,1404037.0
2020-07-11 14:30:00,1397536.0
2020-07-11 15:00:00,1386360.0
2020-07-11 15:30:00,1371980.0
2020-07-11 16:00:00,1386461.0
2020-07-11 16:30:00,1369858.0
2020-07-11 17:00:00,1371739.0
2020-07-11 17:30:00,1372536.0
2020-07-11 18:00:00,1374279.0
2020-07-11 18:30:00,1379204.0
2020-07-11 19:00:00,1381072.0
2020-07-11 19:30:00,1389926.0
2020-07-11 20:00:00,1385402.0
2020-07-11 20:30:00,1381286.0
2020-07-11 21:00:00,1384134.0
2020-07-11 21:30:00,1379942.0
2020-07-11 22:00:00,1377569.0
2020-07-11 22:30:00,1381146.0
2020-07-11 23:00:00,1408676.0
2020-07-11 23:30:00,1391054.0
2020-07-12 00:00:00,1387651.0
2020-07-12 00:30:00,1387175.0
2020-07-12 01:00:00,1387055.0
2020-07-12 01:30:00,1296626.0
2020-07-12 02:00:00,1326243.0
2020-07-12 02:30:00,1211132.0
2020-07-12 03:00:00,1195972.0
2020-07-12 03:30:00,1195472.0
2020-07-12 04:00:00,1189207.0
2020-07-12 04:30:00,1213378.0
2020-07-12 05:00:00,1201258.0
2020-07-12 05:30:00,1309038.0
2020-07-12 06:00:00,1400828.0
2020-07-12 06:30:00,1391175.0
2020-07-12 07:00:00,1388678.0
2020-07-12 07:30:00,1325785.0
2020-07-12 08:00:00,1238397.0
2020-07-12 08:30:00,1329381.0
2020-07-12 09:00:00,1255707.0
2020-07-12 09:30:00,1371756.0
2020-07-12 10:00:00,1426771.0
2020-07-12 10:30:00,1442153.0
2020-07-12 11:00:00,1441208.0
2020-07-12 11:30:00,1424048.0
2020-07-12 12:00:00,1426432.0
2020-07-12 12:30:00,1420912.0
2020-07-12 13:00:00,1435015.0
2020-07-12 13:30:00,1389945.0
2020-07-12 14:00:00,1355043.0
2020-07-12 14:30:00,1355300.0
2020-07-12 15:00:00,1365044.0
2020-07-12 15:30:00,1362919.0
2020-07-12 16:00:00,1354374.0
2020-07-12 16:30:00,1365040.0
2020-07-12 17:00:00,1362879.0
2020-07-12 17:30:00,1355852.0
2020-07-12 18:00:00,1339721.0
2020-07-12 18:30:00,1346827.0
2020-07-12 19:00:00,1330221.0
2020-07-12 19:30:00,1326152.0
2020-07-12 20:00:00,1344398.0
2020-07-12 20:30:00,1357523.0
2020-07-12 21:00:00,1364179.0
2020-07-12 21:30:00,1371580.0
2020-07-12 22:00:00,1364555.0
2020-07-12 22:30:00,1347918.0
2020-07-12 23:00:00,1391609.0
2020-07-12 23:30:00,1385466.0
2020-07-13 00:00:00,1341771.0
2020-07-13 00:30:00,1205998.0
2020-07-13 01:00:00,1220262.0
2020-07-13 01:30:00,1247194.0
2020-07-13 02:00:00,1366610.0
2020-07-13 02:30:00,1339678.0
2020-07-13 03:00:00,1360108.0
2020-07-13 03:30:00,1339380.0
2020-07-13 04:00:00,1357670.0
2020-07-13 04:30:00,1363344.0
2020-07-13 05:00:00,1360651.0
2020-07-13 05:30:00,1386561.0
2020-07-13 06:00:00,1404492.0
2020-07-13 06:30:00,1374224.0
2020-07-13 07:00:00,1396218.0
2020-07-13 07:30:00,1404583.0
2020-07-13 08:00:00,1428013.0
2020-07-13 08:30:00,1378742.0
2020-07-13 09:00:00,1365504.0
2020-07-13 09:30:00,1359101.0
2020-07-13 10:00:00,1370072.0
2020-07-13 10:30:00,1366686.0
2020-07-13 11:00:00,1381394.0
2020-07-13 11:30:00,1363702.0
2020-07-13 12:00:00,1352526.0
2020-07-13 12:30:00,1347927.0
2020-07-13 13:00:00,1362076.0
2020-07-13 13:30:00,1378929.0
2020-07-13 14:00:00,1382651.0
2020-07-13 14:30:00,1375099.0
2020-07-13 15:00:00,1391214.0
2020-07-13 15:30:00,1386700.0
2020-07-13 16:00:00,1378339.0
2020-07-13 16:30:00,1375303.0
2020-07-13 17:00:00,1366453.0
2020-07-13 17:30:00,1364084.0
2020-07-13 18:00:00,1353401.0
2020-07-13 18:30:00,1376846.0
2020-07-13 19:00:00,1382332.0
2020-07-13 19:30:00,1383863.0
2020-07-13 20:00:00,1381736.0
2020-07-13 20:30:00,1373074.0
2020-07-13 21:00:00,1373317.0
2020-07-13 21:30:00,1372803.0
2020-07-13 22:00:00,1359497.0
2020-07-13 22:30:00,1231899.0
2020-07-13 23:00:00,1380928.0
2020-07-13 23:30:00,1348760.0
2020-07-14 00:00:00,1364506.0
2020-07-14 00:30:00,1287662.0
2020-07-14 01:00:00,1378525.0
2020-07-14 01:30:00,1386174.0
2020-07-14 02:00:00,1378859.0
2020-07-14 02:30:00,1374139.0
2020-07-14 03:00:00,1356048.0
2020-07-14 03:30:00,1353293.0
2020-07-14 04:00:00,1389515.0
2020-07-14 04:30:00,1379472.0
2020-07-14 05:00:00,1359027.0
2020-07-14 05:30:00,1345073.0
2020-07-14 06:00:00,1382048.0
2020-07-14 06:30:00,1383199.0
2020-07-14 07:00:00,1353245.0
2020-07-14 07:30:00,1367136.0
2020-07-14 08:00:00,1399598.0
2020-07-14 08:30:00,1428606.0
2020-07-14 09:00:00,1428433.0
2020-07-14 09:30:00,1417991.0
2020-07-14 10:00:00,1417991.0
2020-07-14 10:30:00,1417991.0
2020-07-14 11:00:00,1417991.0
2020-07-14 11:30:00,1417991.0
2020-07-14 12:00:00,1417991.0
2020-07-14 12:30:00,1417991.0
2020-07-14 13:00:00,1417991.0
2020-07-14 13:30:00,1417991.0
2020-07-14 14:00:00,1417991.0
2020-07-14 14:30:00,1417991.0
2020-07-14 15:00:00,1398942.0
2020-07-14 15:30:00,1403049.0
2020-07-14 16:00:00,1426491.0
2020-07-14 16:30:00,1428152.0
2020-07-14 17:00:00,1420852.0
2020-07-14 17:30:00,1395146.0
2020-07-14 18:00:00,1365372.0
2020-07-14 18:30:00,1377934.0
2020-07-14 19:00:00,1367215.0
2020-07-14 19:30:00,1393410.0
2020-07-14 20:00:00,1419470.0
2020-07-14 20:30:00,1414786.0
2020-07-14 21:00:00,1404528.0
2020-07-14 21:30:00,1405211.0
2020-07-14 22:00:00,1379539.0
2020-07-14 22:30:00,1354439.0
2020-07-14 23:00:00,1414289.0
2020-07-14 23:30:00,1397683.0
2020-07-15 00:00:00,1315798.0
2020-07-15 00:30:00,1292563.0
2020-07-15 01:00:00,1367760.0
2020-07-15 01:30:00,1250110.0
2020-07-15 02:00:00,1295759.0
2020-07-15 02:30:00,1316438.0
2020-07-15 03:00:00,1286827.0
2020-07-15 03:30:00,1272517.0
2020-07-15 04:00:00,1245212.0
2020-07-15 04:30:00,1307718.0
2020-07-15 05:00:00,1227219.0
2020-07-15 05:30:00,1274075.0
2020-07-15 06:00:00,1340325.0
2020-07-15 06:30:00,1262019.0
2020-07-15 07:00:00,1284606.0
2020-07-15 07:30:00,1337490.0
2020-07-15 08:00:00,1429889.0
2020-07-15 08:30:00,1422942.0
2020-07-15 09:00:00,1437928.0
2020-07-15 09:30:00,1419021.0
2020-07-15 10:00:00,1401900.0
2020-07-15 10:30:00,1387512.0
2020-07-15 11:00:00,1407103.0
2020-07-15 11:30:00,1382624.0
2020-07-15 12:00:00,1285991.0
2020-07-15 12:30:00,1223766.0
2020-07-15 13:00:00,1393006.0
2020-07-15 13:30:00,1409952.0
2020-07-15 14:00:00,1475478.0
2020-07-15 14:30:00,1453212.0
2020-07-15 15:00:00,1410463.0
2020-07-15 15:30:00,1408600.0
2020-07-15 16:00:00,1407839.0
2020-07-15 16:30:00,1408939.0
2020-07-15 17:00:00,1384440.0
2020-07-15 17:30:00,1408573.0
2020-07-15 18:00:00,1395033.0
2020-07-15 18:30:00,1432063.0
2020-07-15 19:00:00,1443455.0
2020-07-15 19:30:00,1448509.0
2020-07-15 20:00:00,1446942.0
2020-07-15 20:30:00,1437354.0
2020-07-15 21:00:00,1417740.0
2020-07-15 21:30:00,1423234.0
2020-07-15 22:00:00,1403902.0
2020-07-15 22:30:00,1370610.0
2020-07-15 23:00:00,1412272.0
2020-07-15 23:30:00,1394369.0
2020-07-16 00:00:00,1399983.0
2020-07-16 00:30:00,1242249.0
2020-07-16 01:00:00,1278401.0
2020-07-16 01:30:00,1294704.0
2020-07-16 02:00:00,1284710.0
2020-07-16 02:30:00,1268076.0
2020-07-16 03:00:00,1240378.0
2020-07-16 03:30:00,1231329.0
2020-07-16 04:00:00,1241097.0
2020-07-16 04:30:00,1250552.0
2020-07-16 05:00:00,1230697.0
2020-07-16 05:30:00,1234534.0
2020-07-16 06:00:00,1303378.0
2020-07-16 06:30:00,1228909.0
2020-07-16 07:00:00,1369010.0
2020-07-16 07:30:00,1390615.0
2020-07-16 08:00:00,1507404.0
2020-07-16 08:30:00,1506589.0
2020-07-16 09:00:00,1517923.0
2020-07-16 09:30:00,1519005.0
2020-07-16 10:00:00,1511903.0
2020-07-16 10:30:00,1510415.0
2020-07-16 11:00:00,1509388.0
2020-07-16 11:30:00,1503372.0
2020-07-16 12:00:00,1489228.0
2020-07-16 12:30:00,1492935.0
2020-07-16 13:00:00,1510061.0
2020-07-16 13:30:00,1502609.0
2020-07-16 14:00:00,1511314.0
2020-07-16 14:30:00,1512883.0
2020-07-16 15:00:00,1510251.0
2020-07-16 15:30:00,1510511.0
2020-07-16 16:00:00,1491346.0
2020-07-16 16:30:00,1491884.0
2020-07-16 17:00:00,1432704.0
2020-07-16 17:30:00,1407045.0
2020-07-16 18:00:00,1364603.0
2020-07-16 18:30:00,1367383.0
2020-07-16 19:00:00,1374051.0
2020-07-16 19:30:00,1392299.0
2020-07-16 20:00:00,1404586.0
2020-07-16 20:30:00,1391408.0
2020-07-16 21:00:00,1378926.0
2020-07-16 21:30:00,1366771.0
2020-07-16 22:00:00,1371644.0
2020-07-16 22:30:00,1355033.0
2020-07-16 23:00:00,1353834.0
2020-07-16 23:30:00,1364482.0
2020-07-17 00:00:00,1336775.0
2020-07-17 00:30:00,1266845.0
2020-07-17 01:00:00,1235698.0
2020-07-17 01:30:00,1256888.0
2020-07-17 02:00:00,1263745.0
2020-07-17 02:30:00,1319753.0
2020-07-17 03:00:00,1296115.0
2020-07-17 03:30:00,1261474.0
2020-07-17 04:00:00,1277622.0
2020-07-17 04:30:00,1323095.0
2020-07-17 05:00:00,1243702.0
2020-07-17 05:30:00,1216888.0
2020-07-17 06:00:00,1182093.0
2020-07-17 06:30:00,1103998.0
2020-07-17 07:00:00,1109723.0
2020-07-17 07:30:00,1094341.0
2020-07-17 08:00:00,1254292.0
2020-07-17 08:30:00,1400853.0
2020-07-17 09:00:00,1398874.0
2020-07-17 09:30:00,1395163.0
2020-07-17 10:00:00,1421413.0
2020-07-17 10:30:00,1471633.0
2020-07-17 11:00:00,1444621.0
2020-07-17 11:30:00,1420792.0
2020-07-17 12:00:00,1363486.0
2020-07-17 12:30:00,1307812.0
2020-07-17 13:00:00,1413039.0
2020-07-17 13:30:00,1414786.0
2020-07-17 14:00:00,1372347.0
2020-07-17 14:30:00,1386192.0
2020-07-17 15:00:00,1390906.0
2020-07-17 15:30:00,1397823.0
2020-07-17 16:00:00,1386421.0
2020-07-17 16:30:00,1388868.0
2020-07-17 17:00:00,1393680.0
2020-07-17 17:30:00,1394636.0
2020-07-17 18:00:00,1402443.0
2020-07-17 18:30:00,1429578.0
2020-07-17 19:00:00,1430322.0
2020-07-17 19:30:00,1456609.0
2020-07-17 20:00:00,1468695.0
2020-07-17 20:30:00,1460798.0
2020-07-17 21:00:00,1462736.0
2020-07-17 21:30:00,1446234.0
2020-07-17 22:00:00,1430122.0
2020-07-17 22:30:00,1392693.0
2020-07-17 23:00:00,1442561.0
2020-07-17 23:30:00,1410634.0
2020-07-18 00:00:00,1368183.0
2020-07-18 00:30:00,1387499.0
2020-07-18 01:00:00,1433476.0
2020-07-18 01:30:00,1417761.0
2020-07-18 02:00:00,1376435.0
2020-07-18 02:30:00,1355086.0
2020-07-18 03:00:00,1368176.0
2020-07-18 03:30:00,1383631.0
2020-07-18 04:00:00,1330040.0
2020-07-18 04:30:00,1393496.0
2020-07-18 05:00:00,1416980.0
2020-07-18 05:30:00,1426865.0
2020-07-18 06:00:00,1429001.0
2020-07-18 06:30:00,1391061.0
2020-07-18 07:00:00,1426924.0
2020-07-18 07:30:00,1329205.0
2020-07-18 08:00:00,1381423.0
2020-07-18 08:30:00,1315751.0
2020-07-18 09:00:00,1401346.0
2020-07-18 09:30:00,1455517.0
2020-07-18 10:00:00,1473996.0
2020-07-18 10:30:00,1472897.0
2020-07-18 11:00:00,1458100.0
2020-07-18 11:30:00,1446798.0
2020-07-18 12:00:00,1450413.0
2020-07-18 12:30:00,1418602.0
2020-07-18 13:00:00,1408018.0
2020-07-18 13:30:00,1403090.0
2020-07-18 14:00:00,1393777.0
2020-07-18 14:30:00,1355344.0
2020-07-18 15:00:00,1232984.0
2020-07-18 15:30:00,1326778.0
2020-07-18 16:00:00,1286354.0
2020-07-18 16:30:00,1372887.0
2020-07-18 17:00:00,1334295.0
2020-07-18 17:30:00,1360376.0
2020-07-18 18:00:00,1343103.0
2020-07-18 18:30:00,1379330.0
2020-07-18 19:00:00,1394007.0
2020-07-18 19:30:00,1402694.0
2020-07-18 20:00:00,1424950.0
2020-07-18 20:30:00,1403393.0
2020-07-18 21:00:00,1408177.0
2020-07-18 21:30:00,1416149.0
2020-07-18 22:00:00,1403330.0
2020-07-18 22:30:00,1382427.0
2020-07-18 23:00:00,1457325.0
2020-07-18 23:30:00,1454751.0
2020-07-19 00:00:00,1377445.0
2020-07-19 00:30:00,1295209.0
2020-07-19 01:00:00,1380835.0
2020-07-19 01:30:00,1363469.0
2020-07-19 02:00:00,1319715.0
2020-07-19 02:30:00,1284539.0
2020-07-19 03:00:00,1234816.0
2020-07-19 03:30:00,1291714.0
2020-07-19 04:00:00,1289467.0
2020-07-19 04:30:00,1246967.0
2020-07-19 05:00:00,1195690.0
2020-07-19 05:30:00,1202939.0
2020-07-19 06:00:00,1245440.0
2020-07-19 06:30:00,1289456.0
2020-07-19 07:00:00,1268835.0
2020-07-19 07:30:00,1208354.0
2020-07-19 08:00:00,1208977.0
2020-07-19 08:30:00,1220503.0
2020-07-19 09:00:00,1221478.0
2020-07-19 09:30:00,1096177.0
2020-07-19 10:00:00,1157785.0
2020-07-19 10:30:00,1152237.0
2020-07-19 11:00:00,1145866.0
2020-07-19 11:30:00,1127317.0
2020-07-19 12:00:00,1168164.0
2020-07-19 12:30:00,1150559.0
2020-07-19 13:00:00,1200847.0
2020-07-19 13:30:00,1436265.0
2020-07-19 14:00:00,1457559.0
2020-07-19 14:30:00,1459119.0
2020-07-19 15:00:00,1459285.0
2020-07-19 15:30:00,1454284.0
2020-07-19 16:00:00,1434725.0
2020-07-19 16:30:00,1405033.0
2020-07-19 17:00:00,1392427.0
2020-07-19 17:30:00,1396773.0
2020-07-19 18:00:00,1388239.0
2020-07-19 18:30:00,1393011.0
2020-07-19 19:00:00,1396371.0
2020-07-19 19:30:00,1402313.0
2020-07-19 20:00:00,1396540.0
2020-07-19 20:30:00,1386934.0
2020-07-19 21:00:00,1399174.0
2020-07-19 21:30:00,1393527.0
2020-07-19 22:00:00,1399569.0
2020-07-19 22:30:00,1423229.0
2020-07-19 23:00:00,1437698.0
2020-07-19 23:30:00,1422029.0
2020-07-20 00:00:00,1382613.0
2020-07-20 00:30:00,1401969.0
2020-07-20 01:00:00,1337041.0
2020-07-20 01:30:00,1280027.0
2020-07-20 02:00:00,1204705.0
2020-07-20 02:30:00,1207614.0
2020-07-20 03:00:00,1212616.0
2020-07-20 03:30:00,1231786.0
2020-07-20 04:00:00,1227361.0
2020-07-20 04:30:00,1370575.0
2020-07-20 05:00:00,1416074.0
2020-07-20 05:30:00,1457307.0
2020-07-20 06:00:00,1456780.0
2020-07-20 06:30:00,1459916.0
2020-07-20 07:00:00,1453563.0
2020-07-20 07:30:00,1452574.0
2020-07-20 08:00:00,1469280.0
2020-07-20 08:30:00,1465541.0
2020-07-20 09:00:00,1458443.0
2020-07-20 09:30:00,1462203.0
2020-07-20 10:00:00,1453174.0
2020-07-20 10:30:00,1451690.0
2020-07-20 11:00:00,1460216.0
2020-07-20 11:30:00,1454262.0
2020-07-20 12:00:00,1415411.0
2020-07-20 12:30:00,1370777.0
2020-07-20 13:00:00,1377471.0
2020-07-20 13:30:00,1375019.0
2020-07-20 14:00:00,1408136.0
2020-07-20 14:30:00,1423420.0
2020-07-20 15:00:00,1391996.0
2020-07-20 15:30:00,1404162.0
2020-07-20 16:00:00,1403744.0
2020-07-20 16:30:00,1407079.0
2020-07-20 17:00:00,1395452.0
2020-07-20 17:30:00,1391717.0
2020-07-20 18:00:00,1374329.0
2020-07-20 18:30:00,1391657.0
2020-07-20 19:00:00,1407606.0
2020-07-20 19:30:00,1414668.0
2020-07-20 20:00:00,1407829.0
2020-07-20 20:30:00,1400491.0
2020-07-20 21:00:00,1403266.0
2020-07-20 21:30:00,1402922.0
2020-07-20 22:00:00,1399758.0
2020-07-20 22:30:00,1394563.0
2020-07-20 23:00:00,1417979.0
2020-07-20 23:30:00,1385060.0
2020-07-21 00:00:00,1314929.0
2020-07-21 00:30:00,1258650.0
2020-07-21 01:00:00,1256320.0
2020-07-21 01:30:00,1229974.0
2020-07-21 02:00:00,1234036.0
2020-07-21 02:30:00,1241342.0
2020-07-21 03:00:00,1223776.0
2020-07-21 03:30:00,1222218.0
2020-07-21 04:00:00,1218154.0
2020-07-21 04:30:00,1222297.0
2020-07-21 05:00:00,1238852.0
2020-07-21 05:30:00,1275743.0
2020-07-21 06:00:00,1312111.0
2020-07-21 06:30:00,1282199.0
2020-07-21 07:00:00,1274006.0
2020-07-21 07:30:00,1227398.0
2020-07-21 08:00:00,1368733.0
2020-07-21 08:30:00,1398930.0
2020-07-21 09:00:00,1404824.0
2020-07-21 09:30:00,1404824.0
2020-07-21 10:00:00,1404824.0
2020-07-21 10:30:00,1404824.0
2020-07-21 11:00:00,1404824.0
2020-07-21 11:30:00,1404824.0
2020-07-21 12:00:00,1404824.0
2020-07-21 12:30:00,1404824.0
2020-07-21 13:00:00,1404824.0
2020-07-21 13:30:00,1404824.0
2020-07-21 14:00:00,1404824.0
2020-07-21 14:30:00,1404824.0
2020-07-21 15:00:00,1396458.0
2020-07-21 15:30:00,1393574.0
2020-07-21 16:00:00,1391968.0
2020-07-21 16:30:00,1390324.0
2020-07-21 17:00:00,1393237.0
2020-07-21 17:30:00,1394541.0
2020-07-21 18:00:00,1385500.0
2020-07-21 18:30:00,1400861.0
2020-07-21 19:00:00,1388668.0
2020-07-21 19:30:00,1411098.0
2020-07-21 20:00:00,1408625.0
2020-07-21 20:30:00,1393388.0
2020-07-21 21:00:00,1403718.0
2020-07-21 21:30:00,1415127.0
2020-07-21 22:00:00,1410594.0
2020-07-21 22:30:00,1398763.0
2020-07-21 23:00:00,1415945.0
2020-07-21 23:30:00,1431268.0
2020-07-22 00:00:00,1447536.0
2020-07-22 00:30:00,1375707.0
2020-07-22 01:00:00,1398229.0
2020-07-22 01:30:00,1410779.0
2020-07-22 02:00:00,1450238.0
2020-07-22 02:30:00,1435408.0
2020-07-22 03:00:00,1391948.0
2020-07-22 03:30:00,1362508.0
2020-07-22 04:00:00,1341326.0
2020-07-22 04:30:00,1354505.0
2020-07-22 05:00:00,1260746.0
2020-07-22 05:30:00,1268553.0
2020-07-22 06:00:00,1301123.0
2020-07-22 06:30:00,1243999.0
2020-07-22 07:00:00,1293355.0
2020-07-22 07:30:00,1389285.0
2020-07-22 08:00:00,1509623.0
2020-07-22 08:30:00,1456797.0
2020-07-22 09:00:00,1435550.0
2020-07-22 09:30:00,1409350.0
2020-07-22 10:00:00,1411978.0
2020-07-22 10:30:00,1398527.0
2020-07-22 11:00:00,1394935.0
2020-07-22 11:30:00,1388223.0
2020-07-22 12:00:00,1369752.0
2020-07-22 12:30:00,1374423.0
2020-07-22 13:00:00,1405394.0
2020-07-22 13:30:00,1405078.0
2020-07-22 14:00:00,1422123.0
2020-07-22 14:30:00,1490227.0
2020-07-22 15:00:00,1454813.0
2020-07-22 15:30:00,1411377.0
2020-07-22 16:00:00,1405959.0
2020-07-22 16:30:00,1399624.0
2020-07-22 17:00:00,1398769.0
2020-07-22 17:30:00,1398317.0
2020-07-22 18:00:00,1395042.0
2020-07-22 18:30:00,1405997.0
2020-07-22 19:00:00,1411017.0
2020-07-22 19:30:00,1420063.0
2020-07-22 20:00:00,1423229.0
2020-07-22 20:30:00,1407650.0
2020-07-22 21:00:00,1417443.0
2020-07-22 21:30:00,1391396.0
2020-07-22 22:00:00,1363974.0
2020-07-22 22:30:00,1385232.0
2020-07-22 23:00:00,1398185.0
2020-07-22 23:30:00,1379927.0
2020-07-23 00:00:00,1366287.0
2020-07-23 00:30:00,1339382.0
2020-07-23 01:00:00,1419064.0
2020-07-23 01:30:00,1442804.0
2020-07-23 02:00:00,1439629.0
2020-07-23 02:30:00,1436603.0
2020-07-23 03:00:00,1441016.0
2020-07-23 03:30:00,1422045.0
2020-07-23 04:00:00,1424132.0
2020-07-23 04:30:00,1415483.0
2020-07-23 05:00:00,1287314.0
2020-07-23 05:30:00,1285252.0
2020-07-23 06:00:00,1322304.0
2020-07-23 06:30:00,1199122.0
2020-07-23 07:00:00,1292276.0
2020-07-23 07:30:00,1436762.0
2020-07-23 08:00:00,1486581.0
2020-07-23 08:30:00,1478658.0
2020-07-23 09:00:00,1486256.0
2020-07-23 09:30:00,1496319.0
2020-07-23 10:00:00,1496479.0
2020-07-23 10:30:00,1510590.0
2020-07-23 11:00:00,1515731.0
2020-07-23 11:30:00,1507968.0
2020-07-23 12:00:00,1494138.0
2020-07-23 12:30:00,1491471.0
2020-07-23 13:00:00,1489103.0
2020-07-23 13:30:00,1499092.0
2020-07-23 14:00:00,1504343.0
2020-07-23 14:30:00,1502059.0
2020-07-23 15:00:00,1504916.0
2020-07-23 15:30:00,1517009.0
2020-07-23 16:00:00,1525686.0
2020-07-23 16:30:00,1516737.0
2020-07-23 17:00:00,1442363.0
2020-07-23 17:30:00,1397900.0
2020-07-23 18:00:00,1374777.0
2020-07-23 18:30:00,1360961.0
2020-07-23 19:00:00,1361175.0
2020-07-23 19:30:00,1366848.0
2020-07-23 20:00:00,1374496.0
2020-07-23 20:30:00,1361372.0
2020-07-23 21:00:00,1368440.0
2020-07-23 21:30:00,1353509.0
2020-07-23 22:00:00,1353170.0
2020-07-23 22:30:00,1350835.0
2020-07-23 23:00:00,1384811.0
2020-07-23 23:30:00,1457266.0
2020-07-24 00:00:00,1526474.0
2020-07-24 00:30:00,1516915.0
2020-07-24 01:00:00,1520890.0
2020-07-24 01:30:00,1506293.0
2020-07-24 02:00:00,1510953.0
2020-07-24 02:30:00,1505110.0
2020-07-24 03:00:00,1520089.0
2020-07-24 03:30:00,1513623.0
2020-07-24 04:00:00,1512713.0
2020-07-24 04:30:00,1518894.0
2020-07-24 05:00:00,1520491.0
2020-07-24 05:30:00,1508397.0
2020-07-24 06:00:00,1514096.0
2020-07-24 06:30:00,1512593.0
2020-07-24 07:00:00,1503447.0
2020-07-24 07:30:00,1501763.0
2020-07-24 08:00:00,1499031.0
2020-07-24 08:30:00,1502015.0
2020-07-24 09:00:00,1512307.0
2020-07-24 09:30:00,1514326.0
2020-07-24 10:00:00,1502889.0
2020-07-24 10:30:00,1504755.0
2020-07-24 11:00:00,1521221.0
2020-07-24 11:30:00,1504664.0
2020-07-24 12:00:00,1517867.0
2020-07-24 12:30:00,1515645.0
2020-07-24 13:00:00,1507948.0
2020-07-24 13:30:00,1511615.0
2020-07-24 14:00:00,1509686.0
2020-07-24 14:30:00,1511084.0
2020-07-24 15:00:00,1514107.0
2020-07-24 15:30:00,1504511.0
2020-07-24 16:00:00,1501421.0
2020-07-24 16:30:00,1512327.0
2020-07-24 17:00:00,1429731.0
2020-07-24 17:30:00,1403106.0
2020-07-24 18:00:00,1391367.0
2020-07-24 18:30:00,1411049.0
2020-07-24 19:00:00,1431009.0
2020-07-24 19:30:00,1424935.0
2020-07-24 20:00:00,1420449.0
2020-07-24 20:30:00,1419960.0
2020-07-24 21:00:00,1413618.0
2020-07-24 21:30:00,1406100.0
2020-07-24 22:00:00,1392957.0
2020-07-24 22:30:00,1395271.0
2020-07-24 23:00:00,1425190.0
2020-07-24 23:30:00,1423992.0
2020-07-25 00:00:00,1407180.0
2020-07-25 00:30:00,1381200.0
2020-07-25 01:00:00,1356538.0
2020-07-25 01:30:00,1376505.0
2020-07-25 02:00:00,1396029.0
2020-07-25 02:30:00,1344267.0
2020-07-25 03:00:00,1276909.0
2020-07-25 03:30:00,1229122.0
2020-07-25 04:00:00,1231289.0
2020-07-25 04:30:00,1208863.0
2020-07-25 05:00:00,1198198.0
2020-07-25 05:30:00,1199577.0
2020-07-25 06:00:00,1204774.0
2020-07-25 06:30:00,1195643.0
2020-07-25 07:00:00,1244295.0
2020-07-25 07:30:00,1203930.0
2020-07-25 08:00:00,1282581.0
2020-07-25 08:30:00,1259556.0
2020-07-25 09:00:00,1215662.0
2020-07-25 09:30:00,1238951.0
2020-07-25 10:00:00,1244008.0
2020-07-25 10:30:00,1369839.0
2020-07-25 11:00:00,1384303.0
2020-07-25 11:30:00,1384514.0
2020-07-25 12:00:00,1358764.0
2020-07-25 12:30:00,1357241.0
2020-07-25 13:00:00,1398688.0
2020-07-25 13:30:00,1417057.0
2020-07-25 14:00:00,1426591.0
2020-07-25 14:30:00,1416855.0
2020-07-25 15:00:00,1363383.0
2020-07-25 15:30:00,1402369.0
2020-07-25 16:00:00,1389838.0
2020-07-25 16:30:00,1368759.0
2020-07-25 17:00:00,1251986.0
2020-07-25 17:30:00,1244175.0
2020-07-25 18:00:00,1236148.0
2020-07-25 18:30:00,1258787.0
2020-07-25 19:00:00,1299413.0
2020-07-25 19:30:00,1396296.0
2020-07-25 20:00:00,1441648.0
2020-07-25 20:30:00,1457753.0
2020-07-25 21:00:00,1486700.0
2020-07-25 21:30:00,1522965.0
2020-07-25 22:00:00,1504351.0
2020-07-25 22:30:00,1344863.0
2020-07-25 23:00:00,1408033.0
2020-07-25 23:30:00,1391538.0
2020-07-26 00:00:00,1299592.0
2020-07-26 00:30:00,1337746.0
2020-07-26 01:00:00,1261095.0
2020-07-26 01:30:00,1264835.0
2020-07-26 02:00:00,1396046.0
2020-07-26 02:30:00,1411834.0
2020-07-26 03:00:00,1427217.0
2020-07-26 03:30:00,1407601.0
2020-07-26 04:00:00,1402334.0
2020-07-26 04:30:00,1403757.0
2020-07-26 05:00:00,1405699.0
2020-07-26 05:30:00,1397146.0
2020-07-26 06:00:00,1403302.0
2020-07-26 06:30:00,1384316.0
2020-07-26 07:00:00,1363323.0
2020-07-26 07:30:00,1241225.0
2020-07-26 08:00:00,1236920.0
2020-07-26 08:30:00,1240131.0
2020-07-26 09:00:00,1240419.0
2020-07-26 09:30:00,1245536.0
2020-07-26 10:00:00,1250225.0
2020-07-26 10:30:00,1243487.0
2020-07-26 11:00:00,1245965.0
2020-07-26 11:30:00,1234020.0
2020-07-26 12:00:00,1234973.0
2020-07-26 12:30:00,1241229.0
2020-07-26 13:00:00,1234730.0
2020-07-26 13:30:00,1252835.0
2020-07-26 14:00:00,1240203.0
2020-07-26 14:30:00,1238048.0
2020-07-26 15:00:00,1251660.0
2020-07-26 15:30:00,1252762.0
2020-07-26 16:00:00,1330172.0
2020-07-26 16:30:00,1395871.0
2020-07-26 17:00:00,1326474.0
2020-07-26 17:30:00,1352488.0
2020-07-26 18:00:00,1404780.0
2020-07-26 18:30:00,1404631.0
2020-07-26 19:00:00,1415222.0
2020-07-26 19:30:00,1419939.0
2020-07-26 20:00:00,1437928.0
2020-07-26 20:30:00,1445069.0
2020-07-26 21:00:00,1463450.0
2020-07-26 21:30:00,1498197.0
2020-07-26 22:00:00,1501776.0
2020-07-26 22:30:00,1496602.0
2020-07-26 23:00:00,1503574.0
2020-07-26 23:30:00,1453981.0
2020-07-27 00:00:00,1411512.0
2020-07-27 00:30:00,1342052.0
2020-07-27 01:00:00,1280802.0
2020-07-27 01:30:00,1275729.0
2020-07-27 02:00:00,1268131.0
2020-07-27 02:30:00,1399055.0
2020-07-27 03:00:00,1420040.0
2020-07-27 03:30:00,1403301.0
2020-07-27 04:00:00,1411587.0
2020-07-27 04:30:00,1392030.0
2020-07-27 05:00:00,1406563.0
2020-07-27 05:30:00,1427688.0
2020-07-27 06:00:00,1424803.0
2020-07-27 06:30:00,1328568.0
2020-07-27 07:00:00,1352873.0
2020-07-27 07:30:00,1417535.0
2020-07-27 08:00:00,1393689.0
2020-07-27 08:30:00,1401135.0
2020-07-27 09:00:00,1405935.0
2020-07-27 09:30:00,1406003.0
2020-07-27 10:00:00,1400563.0
2020-07-27 10:30:00,1412366.0
2020-07-27 11:00:00,1411175.0
2020-07-27 11:30:00,1419091.0
2020-07-27 12:00:00,1402888.0
2020-07-27 12:30:00,1403998.0
2020-07-27 13:00:00,1415434.0
2020-07-27 13:30:00,1444387.0
2020-07-27 14:00:00,1502582.0
2020-07-27 14:30:00,1486915.0
2020-07-27 15:00:00,1459604.0
2020-07-27 15:30:00,1453188.0
2020-07-27 16:00:00,1431810.0
2020-07-27 16:30:00,1408218.0
2020-07-27 17:00:00,1397308.0
2020-07-27 17:30:00,1417879.0
2020-07-27 18:00:00,1423044.0
2020-07-27 18:30:00,1425373.0
2020-07-27 19:00:00,1439595.0
2020-07-27 19:30:00,1444496.0
2020-07-27 20:00:00,1449813.0
2020-07-27 20:30:00,1471958.0
2020-07-27 21:00:00,1480785.0
2020-07-27 21:30:00,1482632.0
2020-07-27 22:00:00,1446314.0
2020-07-27 22:30:00,1418529.0
2020-07-27 23:00:00,1425823.0
2020-07-27 23:30:00,1392497.0
2020-07-28 00:00:00,1235222.0
2020-07-28 00:30:00,1198177.0
2020-07-28 01:00:00,1223438.0
2020-07-28 01:30:00,1239206.0
2020-07-28 02:00:00,1218279.0
2020-07-28 02:30:00,1202447.0
2020-07-28 03:00:00,1222477.0
2020-07-28 03:30:00,1222497.0
2020-07-28 04:00:00,1224081.0
2020-07-28 04:30:00,1214871.0
2020-07-28 05:00:00,1216078.0
2020-07-28 05:30:00,1222356.0
2020-07-28 06:00:00,1229357.0
2020-07-28 06:30:00,1280520.0
2020-07-28 07:00:00,1299353.0
2020-07-28 07:30:00,1240391.0
2020-07-28 08:00:00,1401652.0
2020-07-28 08:30:00,1460349.0
2020-07-28 09:00:00,1485055.0
2020-07-28 09:30:00,1485055.0
2020-07-28 10:00:00,1485055.0
2020-07-28 10:30:00,1485055.0
2020-07-28 11:00:00,1485055.0
2020-07-28 11:30:00,1485055.0
2020-07-28 12:00:00,1485055.0
2020-07-28 12:30:00,1485055.0
2020-07-28 13:00:00,1485055.0
2020-07-28 13:30:00,1485055.0
2020-07-28 14:00:00,1485055.0
2020-07-28 14:30:00,1485055.0
2020-07-28 15:00:00,1485055.0
2020-07-28 15:30:00,1485055.0
2020-07-28 16:00:00,1485055.0
2020-07-28 16:30:00,1402370.0
2020-07-28 17:00:00,1395469.0
2020-07-28 17:30:00,1398696.0
2020-07-28 18:00:00,1394430.0
2020-07-28 18:30:00,1398438.0
2020-07-28 19:00:00,1393810.0
2020-07-28 19:30:00,1411395.0
2020-07-28 20:00:00,1427697.0
2020-07-28 20:30:00,1432636.0
2020-07-28 21:00:00,1418521.0
2020-07-28 21:30:00,1407581.0
2020-07-28 22:00:00,1393465.0
2020-07-28 22:30:00,1390531.0
2020-07-28 23:00:00,1404318.0
2020-07-28 23:30:00,1372552.0
2020-07-29 00:00:00,1277321.0
2020-07-29 00:30:00,1285116.0
2020-07-29 01:00:00,1324717.0
2020-07-29 01:30:00,1299389.0
2020-07-29 02:00:00,1297044.0
2020-07-29 02:30:00,1275784.0
2020-07-29 03:00:00,1223964.0
2020-07-29 03:30:00,1219539.0
2020-07-29 04:00:00,1217547.0
2020-07-29 04:30:00,1210966.0
2020-07-29 05:00:00,1226082.0
2020-07-29 05:30:00,1226624.0
2020-07-29 06:00:00,1349783.0
2020-07-29 06:30:00,1330594.0
2020-07-29 07:00:00,1369521.0
2020-07-29 07:30:00,1387639.0
2020-07-29 08:00:00,1403626.0
2020-07-29 08:30:00,1424697.0
2020-07-29 09:00:00,1432484.0
2020-07-29 09:30:00,1430159.0
2020-07-29 10:00:00,1413918.0
2020-07-29 10:30:00,1405463.0
2020-07-29 11:00:00,1406023.0
2020-07-29 11:30:00,1413094.0
2020-07-29 12:00:00,1385970.0
2020-07-29 12:30:00,1364411.0
2020-07-29 13:00:00,1382124.0
2020-07-29 13:30:00,1395700.0
2020-07-29 14:00:00,1411652.0
2020-07-29 14:30:00,1393176.0
2020-07-29 15:00:00,1381344.0
2020-07-29 15:30:00,1385818.0
2020-07-29 16:00:00,1391415.0
2020-07-29 16:30:00,1404865.0
2020-07-29 17:00:00,1400005.0
2020-07-29 17:30:00,1398136.0
2020-07-29 18:00:00,1392157.0
2020-07-29 18:30:00,1397896.0
2020-07-29 19:00:00,1419909.0
2020-07-29 19:30:00,1449698.0
2020-07-29 20:00:00,1462758.0
2020-07-29 20:30:00,1452900.0
2020-07-29 21:00:00,1425718.0
2020-07-29 21:30:00,1402783.0
2020-07-29 22:00:00,1381907.0
2020-07-29 22:30:00,1383529.0
2020-07-29 23:00:00,1380287.0
2020-07-29 23:30:00,1375701.0
2020-07-30 00:00:00,1359703.0
2020-07-30 00:30:00,1252177.0
2020-07-30 01:00:00,1331290.0
2020-07-30 01:30:00,1356286.0
2020-07-30 02:00:00,1379401.0
2020-07-30 02:30:00,1330675.0
2020-07-30 03:00:00,1300067.0
2020-07-30 03:30:00,1267185.0
2020-07-30 04:00:00,1245107.0
2020-07-30 04:30:00,1238028.0
2020-07-30 05:00:00,1226939.0
2020-07-30 05:30:00,1208412.0
2020-07-30 06:00:00,1201039.0
2020-07-30 06:30:00,1196877.0
2020-07-30 07:00:00,1261503.0
2020-07-30 07:30:00,1312726.0
2020-07-30 08:00:00,1436776.0
2020-07-30 08:30:00,1452211.0
2020-07-30 09:00:00,1450084.0
2020-07-30 09:30:00,1443886.0
2020-07-30 10:00:00,1430642.0
2020-07-30 10:30:00,1415473.0
2020-07-30 11:00:00,1393080.0
2020-07-30 11:30:00,1376561.0
2020-07-30 12:00:00,1374541.0
2020-07-30 12:30:00,1374491.0
2020-07-30 13:00:00,1369558.0
2020-07-30 13:30:00,1376290.0
2020-07-30 14:00:00,1375883.0
2020-07-30 14:30:00,1384731.0
2020-07-30 15:00:00,1387486.0
2020-07-30 15:30:00,1408195.0
2020-07-30 16:00:00,1405653.0
2020-07-30 16:30:00,1410980.0
2020-07-30 17:00:00,1407739.0
2020-07-30 17:30:00,1413581.0
2020-07-30 18:00:00,1408193.0
2020-07-30 18:30:00,1452516.0
2020-07-30 19:00:00,1462515.0
2020-07-30 19:30:00,1454963.0
2020-07-30 20:00:00,1454123.0
2020-07-30 20:30:00,1445280.0
2020-07-30 21:00:00,1428734.0
2020-07-30 21:30:00,1401965.0
2020-07-30 22:00:00,1354655.0
2020-07-30 22:30:00,1350730.0
2020-07-30 23:00:00,1354804.0
2020-07-30 23:30:00,1216695.0
2020-07-31 00:00:00,1243476.0
2020-07-31 00:30:00,1201196.0
2020-07-31 01:00:00,1320407.0
2020-07-31 01:30:00,1343866.0
2020-07-31 02:00:00,1374513.0
2020-07-31 02:30:00,1371985.0
2020-07-31 03:00:00,1330319.0
2020-07-31 03:30:00,1298755.0
2020-07-31 04:00:00,1310171.0
2020-07-31 04:30:00,1328895.0
2020-07-31 05:00:00,1277370.0
2020-07-31 05:30:00,1263037.0
2020-07-31 06:00:00,1330047.0
2020-07-31 06:30:00,1201382.0
2020-07-31 07:00:00,1199837.0
2020-07-31 07:30:00,1203496.0
2020-07-31 08:00:00,1336832.0
2020-07-31 08:30:00,1415572.0
2020-07-31 09:00:00,1433502.0
2020-07-31 09:30:00,1422738.0
2020-07-31 10:00:00,1477953.0
2020-07-31 10:30:00,1444739.0
2020-07-31 11:00:00,1451491.0
2020-07-31 11:30:00,1436336.0
2020-07-31 12:00:00,1435232.0
2020-07-31 12:30:00,1430279.0
2020-07-31 13:00:00,1427537.0
2020-07-31 13:30:00,1442592.0
2020-07-31 14:00:00,1443204.0
2020-07-31 14:30:00,1438056.0
2020-07-31 15:00:00,1458627.0
2020-07-31 15:30:00,1450791.0
2020-07-31 16:00:00,1456983.0
2020-07-31 16:30:00,1462810.0
2020-07-31 17:00:00,1431109.0
2020-07-31 17:30:00,1405913.0
2020-07-31 18:00:00,1381661.0
2020-07-31 18:30:00,1393315.0
2020-07-31 19:00:00,1389677.0
2020-07-31 19:30:00,1417215.0
2020-07-31 20:00:00,1421339.0
2020-07-31 20:30:00,1419266.0
2020-07-31 21:00:00,1411575.0
2020-07-31 21:30:00,1391594.0
2020-07-31 22:00:00,1386806.0
2020-07-31 22:30:00,1362746.0
2020-07-31 23:00:00,1380857.0
2020-07-31 23:30:00,1384925.0
2020-08-01 00:00:00,1387458.0
2020-08-01 00:30:00,1302101.0
2020-08-01 01:00:00,1355836.0
2020-08-01 01:30:00,1357197.0
2020-08-01 02:00:00,1376151.0
2020-08-01 02:30:00,1318445.0
2020-08-01 03:00:00,1286561.0
2020-08-01 03:30:00,1258663.0
2020-08-01 04:00:00,1290928.0
2020-08-01 04:30:00,1278912.0
2020-08-01 05:00:00,1281690.0
2020-08-01 05:30:00,1307616.0
2020-08-01 06:00:00,1341807.0
2020-08-01 06:30:00,1346594.0
2020-08-01 07:00:00,1311277.0
2020-08-01 07:30:00,1302151.0
2020-08-01 08:00:00,1351743.0
2020-08-01 08:30:00,1373532.0
2020-08-01 09:00:00,1398562.0
2020-08-01 09:30:00,1427090.0
2020-08-01 10:00:00,1370891.0
2020-08-01 10:30:00,1250991.0
2020-08-01 11:00:00,1365749.0
2020-08-01 11:30:00,1395320.0
2020-08-01 12:00:00,1387424.0
2020-08-01 12:30:00,1396260.0
2020-08-01 13:00:00,1413224.0
2020-08-01 13:30:00,1412419.0
2020-08-01 14:00:00,1405767.0
2020-08-01 14:30:00,1404274.0
2020-08-01 15:00:00,1409868.0
2020-08-01 15:30:00,1398596.0
2020-08-01 16:00:00,1398715.0
2020-08-01 16:30:00,1385394.0
2020-08-01 17:00:00,1374827.0
2020-08-01 17:30:00,1378226.0
2020-08-01 18:00:00,1369337.0
2020-08-01 18:30:00,1377124.0
2020-08-01 19:00:00,1367164.0
2020-08-01 19:30:00,1387471.0
2020-08-01 20:00:00,1373522.0
2020-08-01 20:30:00,1375494.0
2020-08-01 21:00:00,1370908.0
2020-08-01 21:30:00,1365721.0
2020-08-01 22:00:00,1359756.0
2020-08-01 22:30:00,1298934.0
2020-08-01 23:00:00,1374167.0
2020-08-01 23:30:00,1355451.0
2020-08-02 00:00:00,1368368.0
2020-08-02 00:30:00,1365580.0
2020-08-02 01:00:00,1312137.0
2020-08-02 01:30:00,1317969.0
2020-08-02 02:00:00,1300377.0
2020-08-02 02:30:00,1276606.0
2020-08-02 03:00:00,1263528.0
2020-08-02 03:30:00,1270905.0
2020-08-02 04:00:00,1279450.0
2020-08-02 04:30:00,1254242.0
2020-08-02 05:00:00,1255814.0
2020-08-02 05:30:00,1306012.0
2020-08-02 06:00:00,1336435.0
2020-08-02 06:30:00,1343120.0
2020-08-02 07:00:00,1361825.0
2020-08-02 07:30:00,1360847.0
2020-08-02 08:00:00,1404856.0
2020-08-02 08:30:00,1412256.0
2020-08-02 09:00:00,1413089.0
2020-08-02 09:30:00,1379974.0
2020-08-02 10:00:00,1429768.0
2020-08-02 10:30:00,1472518.0
2020-08-02 11:00:00,1454938.0
2020-08-02 11:30:00,1456124.0
2020-08-02 12:00:00,1458626.0
2020-08-02 12:30:00,1459343.0
2020-08-02 13:00:00,1464704.0
2020-08-02 13:30:00,1479390.0
2020-08-02 14:00:00,1461129.0
2020-08-02 14:30:00,1463614.0
2020-08-02 15:00:00,1464430.0
2020-08-02 15:30:00,1429373.0
2020-08-02 16:00:00,1346067.0
2020-08-02 16:30:00,1394446.0
2020-08-02 17:00:00,1375376.0
2020-08-02 17:30:00,1394228.0
2020-08-02 18:00:00,1382113.0
2020-08-02 18:30:00,1390942.0
2020-08-02 19:00:00,1392668.0
2020-08-02 19:30:00,1410080.0
2020-08-02 20:00:00,1411875.0
2020-08-02 20:30:00,1420159.0
2020-08-02 21:00:00,1435810.0
2020-08-02 21:30:00,1467942.0
2020-08-02 22:00:00,1454774.0
2020-08-02 22:30:00,1419573.0
2020-08-02 23:00:00,1463575.0
2020-08-02 23:30:00,1433795.0
2020-08-03 00:00:00,1313508.0
2020-08-03 00:30:00,1260132.0
2020-08-03 01:00:00,1294491.0
2020-08-03 01:30:00,1316553.0
2020-08-03 02:00:00,1293766.0
2020-08-03 02:30:00,1360723.0
2020-08-03 03:00:00,1321517.0
2020-08-03 03:30:00,1327003.0
2020-08-03 04:00:00,1324396.0
2020-08-03 04:30:00,1339941.0
2020-08-03 05:00:00,1350033.0
2020-08-03 05:30:00,1335101.0
2020-08-03 06:00:00,1309518.0
2020-08-03 06:30:00,1306726.0
2020-08-03 07:00:00,1239402.0
2020-08-03 07:30:00,1256336.0
2020-08-03 08:00:00,1316539.0
2020-08-03 08:30:00,1451887.0
2020-08-03 09:00:00,1440025.0
2020-08-03 09:30:00,1419253.0
2020-08-03 10:00:00,1421841.0
2020-08-03 10:30:00,1420289.0
2020-08-03 11:00:00,1425464.0
2020-08-03 11:30:00,1418278.0
2020-08-03 12:00:00,1460435.0
2020-08-03 12:30:00,1446818.0
2020-08-03 13:00:00,1404285.0
2020-08-03 13:30:00,1436412.0
2020-08-03 14:00:00,1486467.0
2020-08-03 14:30:00,1457710.0
2020-08-03 15:00:00,1400327.0
2020-08-03 15:30:00,1402548.0
2020-08-03 16:00:00,1401623.0
2020-08-03 16:30:00,1407408.0
2020-08-03 17:00:00,1412634.0
2020-08-03 17:30:00,1410648.0
2020-08-03 18:00:00,1415217.0
2020-08-03 18:30:00,1433769.0
2020-08-03 19:00:00,1462069.0
2020-08-03 19:30:00,1486704.0
2020-08-03 20:00:00,1472838.0
2020-08-03 20:30:00,1472071.0
2020-08-03 21:00:00,1460327.0
2020-08-03 21:30:00,1452009.0
2020-08-03 22:00:00,1431344.0
2020-08-03 22:30:00,1398391.0
2020-08-03 23:00:00,1408499.0
2020-08-03 23:30:00,1417855.0
2020-08-04 00:00:00,1366925.0
2020-08-04 00:30:00,1300182.0
2020-08-04 01:00:00,1290689.0
2020-08-04 01:30:00,1329511.0
2020-08-04 02:00:00,1421620.0
2020-08-04 02:30:00,1445554.0
2020-08-04 03:00:00,1455632.0
2020-08-04 03:30:00,1468126.0
2020-08-04 04:00:00,1449813.0
2020-08-04 04:30:00,1483837.0
2020-08-04 05:00:00,1481193.0
2020-08-04 05:30:00,1480141.0
2020-08-04 06:00:00,1476109.0
2020-08-04 06:30:00,1388220.0
2020-08-04 07:00:00,1400231.0
2020-08-04 07:30:00,1291349.0
2020-08-04 08:00:00,1367256.0
2020-08-04 08:30:00,1442481.0
2020-08-04 09:00:00,1427145.0
2020-08-04 09:30:00,1439744.0
2020-08-04 10:00:00,1439744.0
2020-08-04 10:30:00,1439744.0
2020-08-04 11:00:00,1439744.0
2020-08-04 11:30:00,1439744.0
2020-08-04 12:00:00,1439744.0
2020-08-04 12:30:00,1439744.0
2020-08-04 13:00:00,1439744.0
2020-08-04 13:30:00,1439744.0
2020-08-04 14:00:00,1439744.0
2020-08-04 14:30:00,1439744.0
2020-08-04 15:00:00,1390031.0
2020-08-04 15:30:00,1399463.0
2020-08-04 16:00:00,1405199.0
2020-08-04 16:30:00,1405202.0
2020-08-04 17:00:00,1416008.0
2020-08-04 17:30:00,1406201.0
2020-08-04 18:00:00,1394394.0
2020-08-04 18:30:00,1392274.0
2020-08-04 19:00:00,1401159.0
2020-08-04 19:30:00,1400976.0
2020-08-04 20:00:00,1401563.0
2020-08-04 20:30:00,1403300.0
2020-08-04 21:00:00,1386270.0
2020-08-04 21:30:00,1393868.0
2020-08-04 22:00:00,1388951.0
2020-08-04 22:30:00,1369052.0
2020-08-04 23:00:00,1413701.0
2020-08-04 23:30:00,1384578.0
2020-08-05 00:00:00,1291008.0
2020-08-05 00:30:00,1312507.0
2020-08-05 01:00:00,1361523.0
2020-08-05 01:30:00,1380536.0
2020-08-05 02:00:00,1364768.0
2020-08-05 02:30:00,1354790.0
2020-08-05 03:00:00,1267225.0
2020-08-05 03:30:00,1237403.0
2020-08-05 04:00:00,1209568.0
2020-08-05 04:30:00,1222666.0
2020-08-05 05:00:00,1215637.0
2020-08-05 05:30:00,1224625.0
2020-08-05 06:00:00,1264490.0
2020-08-05 06:30:00,1277614.0
2020-08-05 07:00:00,1299472.0
2020-08-05 07:30:00,1234334.0
2020-08-05 08:00:00,1327784.0
2020-08-05 08:30:00,1397910.0
2020-08-05 09:00:00,1412563.0
2020-08-05 09:30:00,1416190.0
2020-08-05 10:00:00,1445266.0
2020-08-05 10:30:00,1461478.0
2020-08-05 11:00:00,1483148.0
2020-08-05 11:30:00,1464155.0
2020-08-05 12:00:00,1441267.0
2020-08-05 12:30:00,1418528.0
2020-08-05 13:00:00,1429079.0
2020-08-05 13:30:00,1448749.0
2020-08-05 14:00:00,1447476.0
2020-08-05 14:30:00,1454588.0
2020-08-05 15:00:00,1451526.0
2020-08-05 15:30:00,1426920.0
2020-08-05 16:00:00,1417688.0
2020-08-05 16:30:00,1405987.0
2020-08-05 17:00:00,1396207.0
2020-08-05 17:30:00,1396956.0
2020-08-05 18:00:00,1379881.0
2020-08-05 18:30:00,1394950.0
2020-08-05 19:00:00,1407269.0
2020-08-05 19:30:00,1441255.0
2020-08-05 20:00:00,1458027.0
2020-08-05 20:30:00,1442514.0
2020-08-05 21:00:00,1419674.0
2020-08-05 21:30:00,1402978.0
2020-08-05 22:00:00,1385845.0
2020-08-05 22:30:00,1383863.0
2020-08-05 23:00:00,1401149.0
2020-08-05 23:30:00,1386291.0
2020-08-06 00:00:00,1407815.0
2020-08-06 00:30:00,1403936.0
2020-08-06 01:00:00,1403175.0
2020-08-06 01:30:00,1366526.0
2020-08-06 02:00:00,1348272.0
2020-08-06 02:30:00,1294669.0
2020-08-06 03:00:00,1248500.0
2020-08-06 03:30:00,1255750.0
2020-08-06 04:00:00,1228592.0
2020-08-06 04:30:00,1267937.0
2020-08-06 05:00:00,1257220.0
2020-08-06 05:30:00,1231740.0
2020-08-06 06:00:00,1335319.0
2020-08-06 06:30:00,1380049.0
2020-08-06 07:00:00,1315909.0
2020-08-06 07:30:00,1338567.0
2020-08-06 08:00:00,1384777.0
2020-08-06 08:30:00,1388034.0
2020-08-06 09:00:00,1391312.0
2020-08-06 09:30:00,1379144.0
2020-08-06 10:00:00,1374550.0
2020-08-06 10:30:00,1366816.0
2020-08-06 11:00:00,1373816.0
2020-08-06 11:30:00,1365207.0
2020-08-06 12:00:00,1359753.0
2020-08-06 12:30:00,1374242.0
2020-08-06 13:00:00,1364259.0
2020-08-06 13:30:00,1368431.0
2020-08-06 14:00:00,1359076.0
2020-08-06 14:30:00,1368987.0
2020-08-06 15:00:00,1373501.0
2020-08-06 15:30:00,1364003.0
2020-08-06 16:00:00,1370390.0
2020-08-06 16:30:00,1370759.0
2020-08-06 17:00:00,1371224.0
2020-08-06 17:30:00,1370453.0
2020-08-06 18:00:00,1371144.0
2020-08-06 18:30:00,1385034.0
2020-08-06 19:00:00,1384686.0
2020-08-06 19:30:00,1385885.0
2020-08-06 20:00:00,1377103.0
2020-08-06 20:30:00,1366422.0
2020-08-06 21:00:00,1371421.0
2020-08-06 21:30:00,1374772.0
2020-08-06 22:00:00,1370681.0
2020-08-06 22:30:00,1353906.0
2020-08-06 23:00:00,1380315.0
2020-08-06 23:30:00,1351438.0
2020-08-07 00:00:00,1333695.0
2020-08-07 00:30:00,1337174.0
2020-08-07 01:00:00,1349631.0
2020-08-07 01:30:00,1312260.0
2020-08-07 02:00:00,1271968.0
2020-08-07 02:30:00,1273774.0
2020-08-07 03:00:00,1298998.0
2020-08-07 03:30:00,1279727.0
2020-08-07 04:00:00,1261018.0
2020-08-07 04:30:00,1265350.0
2020-08-07 05:00:00,1288165.0
2020-08-07 05:30:00,1261688.0
2020-08-07 06:00:00,1295375.0
2020-08-07 06:30:00,1314012.0
2020-08-07 07:00:00,1371926.0
2020-08-07 07:30:00,1367650.0
2020-08-07 08:00:00,1402957.0
2020-08-07 08:30:00,1436796.0
2020-08-07 09:00:00,1430600.0
2020-08-07 09:30:00,1418255.0
2020-08-07 10:00:00,1424515.0
2020-08-07 10:30:00,1436837.0
2020-08-07 11:00:00,1429287.0
2020-08-07 11:30:00,1397585.0
2020-08-07 12:00:00,1363799.0
2020-08-07 12:30:00,1365571.0
2020-08-07 13:00:00,1379457.0
2020-08-07 13:30:00,1380308.0
2020-08-07 14:00:00,1377573.0
2020-08-07 14:30:00,1372177.0
2020-08-07 15:00:00,1376705.0
2020-08-07 15:30:00,1375001.0
2020-08-07 16:00:00,1378568.0
2020-08-07 16:30:00,1379123.0
2020-08-07 17:00:00,1367975.0
2020-08-07 17:30:00,1353055.0
2020-08-07 18:00:00,1359727.0
2020-08-07 18:30:00,1384679.0
2020-08-07 19:00:00,1424223.0
2020-08-07 19:30:00,1452831.0
2020-08-07 20:00:00,1440136.0
2020-08-07 20:30:00,1412916.0
2020-08-07 21:00:00,1392351.0
2020-08-07 21:30:00,1363674.0
2020-08-07 22:00:00,1377328.0
2020-08-07 22:30:00,1369263.0
2020-08-07 23:00:00,1393185.0
2020-08-07 23:30:00,1377147.0
2020-08-08 00:00:00,1383881.0
2020-08-08 00:30:00,1375543.0
2020-08-08 01:00:00,1380841.0
2020-08-08 01:30:00,1398874.0
2020-08-08 02:00:00,1377963.0
2020-08-08 02:30:00,1392171.0
2020-08-08 03:00:00,1410284.0
2020-08-08 03:30:00,1389631.0
2020-08-08 04:00:00,1399319.0
2020-08-08 04:30:00,1383043.0
2020-08-08 05:00:00,1393939.0
2020-08-08 05:30:00,1388491.0
2020-08-08 06:00:00,1427910.0
2020-08-08 06:30:00,1421184.0
2020-08-08 07:00:00,1446010.0
2020-08-08 07:30:00,1423302.0
2020-08-08 08:00:00,1398287.0
2020-08-08 08:30:00,1405846.0
2020-08-08 09:00:00,1408392.0
2020-08-08 09:30:00,1418638.0
2020-08-08 10:00:00,1419951.0
2020-08-08 10:30:00,1453897.0
2020-08-08 11:00:00,1468997.0
2020-08-08 11:30:00,1457958.0
2020-08-08 12:00:00,1431067.0
2020-08-08 12:30:00,1399375.0
2020-08-08 13:00:00,1400080.0
2020-08-08 13:30:00,1396938.0
2020-08-08 14:00:00,1397890.0
2020-08-08 14:30:00,1401644.0
2020-08-08 15:00:00,1394631.0
2020-08-08 15:30:00,1410482.0
2020-08-08 16:00:00,1413592.0
2020-08-08 16:30:00,1408215.0
2020-08-08 17:00:00,1396404.0
2020-08-08 17:30:00,1389746.0
2020-08-08 18:00:00,1384261.0
2020-08-08 18:30:00,1386528.0
2020-08-08 19:00:00,1399160.0
2020-08-08 19:30:00,1408091.0
2020-08-08 20:00:00,1416378.0
2020-08-08 20:30:00,1405224.0
2020-08-08 21:00:00,1403277.0
2020-08-08 21:30:00,1397361.0
2020-08-08 22:00:00,1404580.0
2020-08-08 22:30:00,1402004.0
2020-08-08 23:00:00,1426980.0
2020-08-08 23:30:00,1404472.0
2020-08-09 00:00:00,1408338.0
2020-08-09 00:30:00,1407228.0
2020-08-09 01:00:00,1405768.0
2020-08-09 01:30:00,1408185.0
2020-08-09 02:00:00,1346778.0
2020-08-09 02:30:00,1375930.0
2020-08-09 03:00:00,1374764.0
2020-08-09 03:30:00,1340519.0
2020-08-09 04:00:00,1322758.0
2020-08-09 04:30:00,1337013.0
2020-08-09 05:00:00,1379876.0
2020-08-09 05:30:00,1393739.0
2020-08-09 06:00:00,1422674.0
2020-08-09 06:30:00,1417746.0
2020-08-09 07:00:00,1403789.0
2020-08-09 07:30:00,1337499.0
2020-08-09 08:00:00,1296829.0
2020-08-09 08:30:00,1300538.0
2020-08-09 09:00:00,1247096.0
2020-08-09 09:30:00,1257431.0
2020-08-09 10:00:00,1324532.0
2020-08-09 10:30:00,1397057.0
2020-08-09 11:00:00,1379056.0
2020-08-09 11:30:00,1373420.0
2020-08-09 12:00:00,1395171.0
2020-08-09 12:30:00,1406211.0
2020-08-09 13:00:00,1391264.0
2020-08-09 13:30:00,1408665.0
2020-08-09 14:00:00,1415850.0
2020-08-09 14:30:00,1406607.0
2020-08-09 15:00:00,1412054.0
2020-08-09 15:30:00,1433779.0
2020-08-09 16:00:00,1419397.0
2020-08-09 16:30:00,1442403.0
2020-08-09 17:00:00,1431462.0
2020-08-09 17:30:00,1459184.0
2020-08-09 18:00:00,1440903.0
2020-08-09 18:30:00,1392030.0
2020-08-09 19:00:00,1389108.0
2020-08-09 19:30:00,1386774.0
2020-08-09 20:00:00,1395615.0
2020-08-09 20:30:00,1383375.0
2020-08-09 21:00:00,1395256.0
2020-08-09 21:30:00,1404517.0
2020-08-09 22:00:00,1388573.0
2020-08-09 22:30:00,1380372.0
2020-08-09 23:00:00,1395560.0
2020-08-09 23:30:00,1395833.0
2020-08-10 00:00:00,1407171.0
2020-08-10 00:30:00,1361046.0
2020-08-10 01:00:00,1340505.0
2020-08-10 01:30:00,1330928.0
2020-08-10 02:00:00,1338800.0
2020-08-10 02:30:00,1291830.0
2020-08-10 03:00:00,1278218.0
2020-08-10 03:30:00,1290899.0
2020-08-10 04:00:00,1310176.0
2020-08-10 04:30:00,1403708.0
2020-08-10 05:00:00,1386100.0
2020-08-10 05:30:00,1335736.0
2020-08-10 06:00:00,1378731.0
2020-08-10 06:30:00,1384146.0
2020-08-10 07:00:00,1436505.0
2020-08-10 07:30:00,1445195.0
2020-08-10 08:00:00,1427744.0
2020-08-10 08:30:00,1432954.0
2020-08-10 09:00:00,1435151.0
2020-08-10 09:30:00,1439082.0
2020-08-10 10:00:00,1447806.0
2020-08-10 10:30:00,1473440.0
2020-08-10 11:00:00,1469930.0
2020-08-10 11:30:00,1462873.0
2020-08-10 12:00:00,1426340.0
2020-08-10 12:30:00,1390774.0
2020-08-10 13:00:00,1399975.0
2020-08-10 13:30:00,1415100.0
2020-08-10 14:00:00,1436121.0
2020-08-10 14:30:00,1427665.0
2020-08-10 15:00:00,1408331.0
2020-08-10 15:30:00,1392915.0
2020-08-10 16:00:00,1397987.0
2020-08-10 16:30:00,1400705.0
2020-08-10 17:00:00,1400909.0
2020-08-10 17:30:00,1390055.0
2020-08-10 18:00:00,1392817.0
2020-08-10 18:30:00,1392162.0
2020-08-10 19:00:00,1401335.0
2020-08-10 19:30:00,1420060.0
2020-08-10 20:00:00,1421349.0
2020-08-10 20:30:00,1415988.0
2020-08-10 21:00:00,1413595.0
2020-08-10 21:30:00,1402627.0
2020-08-10 22:00:00,1392561.0
2020-08-10 22:30:00,1401148.0
2020-08-10 23:00:00,1409928.0
2020-08-10 23:30:00,1417089.0
2020-08-11 00:00:00,1417992.0
2020-08-11 00:30:00,1476256.0
2020-08-11 01:00:00,1487010.0
2020-08-11 01:30:00,1477326.0
2020-08-11 02:00:00,1460906.0
2020-08-11 02:30:00,1488895.0
2020-08-11 03:00:00,1469299.0
2020-08-11 03:30:00,1441390.0
2020-08-11 04:00:00,1453041.0
2020-08-11 04:30:00,1441151.0
2020-08-11 05:00:00,1487794.0
2020-08-11 05:30:00,1476393.0
2020-08-11 06:00:00,1484258.0
2020-08-11 06:30:00,1456578.0
2020-08-11 07:00:00,1461470.0
2020-08-11 07:30:00,1450718.0
2020-08-11 08:00:00,1487871.0
2020-08-11 08:30:00,1427025.0
2020-08-11 09:00:00,1417088.0
2020-08-11 09:30:00,1410862.0
2020-08-11 10:00:00,1410862.0
2020-08-11 10:30:00,1410862.0
2020-08-11 11:00:00,1410862.0
2020-08-11 11:30:00,1410862.0
2020-08-11 12:00:00,1410862.0
2020-08-11 12:30:00,1410862.0
2020-08-11 13:00:00,1410862.0
2020-08-11 13:30:00,1410862.0
2020-08-11 14:00:00,1410862.0
2020-08-11 14:30:00,1410862.0
2020-08-11 15:00:00,1376037.0
2020-08-11 15:30:00,1372433.0
2020-08-11 16:00:00,1370453.0
2020-08-11 16:30:00,1389542.0
2020-08-11 17:00:00,1370297.0
2020-08-11 17:30:00,1379040.0
2020-08-11 18:00:00,1375216.0
2020-08-11 18:30:00,1390054.0
2020-08-11 19:00:00,1400750.0
2020-08-11 19:30:00,1406773.0
2020-08-11 20:00:00,1423950.0
2020-08-11 20:30:00,1426421.0
2020-08-11 21:00:00,1436051.0
2020-08-11 21:30:00,1439372.0
2020-08-11 22:00:00,1410810.0
2020-08-11 22:30:00,1414776.0
2020-08-11 23:00:00,1437122.0
2020-08-11 23:30:00,1412842.0
2020-08-12 00:00:00,1394468.0
2020-08-12 00:30:00,1432215.0
2020-08-12 01:00:00,1421343.0
2020-08-12 01:30:00,1435490.0
2020-08-12 02:00:00,1423930.0
2020-08-12 02:30:00,1430581.0
2020-08-12 03:00:00,1429726.0
2020-08-12 03:30:00,1439704.0
2020-08-12 04:00:00,1438809.0
2020-08-12 04:30:00,1430275.0
2020-08-12 05:00:00,1435951.0
2020-08-12 05:30:00,1403668.0
2020-08-12 06:00:00,1437182.0
2020-08-12 06:30:00,1442868.0
2020-08-12 07:00:00,1438491.0
2020-08-12 07:30:00,1372038.0
2020-08-12 08:00:00,1371430.0
2020-08-12 08:30:00,1388906.0
2020-08-12 09:00:00,1368818.0
2020-08-12 09:30:00,1376778.0
2020-08-12 10:00:00,1375392.0
2020-08-12 10:30:00,1375082.0
2020-08-12 11:00:00,1372266.0
2020-08-12 11:30:00,1363658.0
2020-08-12 12:00:00,1362299.0
2020-08-12 12:30:00,1362879.0
2020-08-12 13:00:00,1375124.0
2020-08-12 13:30:00,1380811.0
2020-08-12 14:00:00,1377980.0
2020-08-12 14:30:00,1389075.0
2020-08-12 15:00:00,1374993.0
2020-08-12 15:30:00,1363621.0
2020-08-12 16:00:00,1362382.0
2020-08-12 16:30:00,1374573.0
2020-08-12 17:00:00,1366735.0
2020-08-12 17:30:00,1369600.0
2020-08-12 18:00:00,1374180.0
2020-08-12 18:30:00,1360131.0
2020-08-12 19:00:00,1366382.0
2020-08-12 19:30:00,1373637.0
2020-08-12 20:00:00,1365149.0
2020-08-12 20:30:00,1366045.0
2020-08-12 21:00:00,1366897.0
2020-08-12 21:30:00,1365780.0
2020-08-12 22:00:00,1372239.0
2020-08-12 22:30:00,1387000.0
2020-08-12 23:00:00,1393595.0
2020-08-12 23:30:00,1384574.0
2020-08-13 00:00:00,1379527.0
2020-08-13 00:30:00,1424843.0
2020-08-13 01:00:00,1436076.0
2020-08-13 01:30:00,1444610.0
2020-08-13 02:00:00,1446248.0
2020-08-13 02:30:00,1432399.0
2020-08-13 03:00:00,1349915.0
2020-08-13 03:30:00,1329373.0
2020-08-13 04:00:00,1372349.0
2020-08-13 04:30:00,1407653.0
2020-08-13 05:00:00,1390384.0
2020-08-13 05:30:00,1385986.0
2020-08-13 06:00:00,1403057.0
2020-08-13 06:30:00,1363703.0
2020-08-13 07:00:00,1368572.0
2020-08-13 07:30:00,1325349.0
2020-08-13 08:00:00,1408388.0
2020-08-13 08:30:00,1394266.0
2020-08-13 09:00:00,1373614.0
2020-08-13 09:30:00,1383140.0
2020-08-13 10:00:00,1376852.0
2020-08-13 10:30:00,1378549.0
2020-08-13 11:00:00,1383526.0
2020-08-13 11:30:00,1379561.0
2020-08-13 12:00:00,1367137.0
2020-08-13 12:30:00,1370387.0
2020-08-13 13:00:00,1394720.0
2020-08-13 13:30:00,1393859.0
2020-08-13 14:00:00,1382950.0
2020-08-13 14:30:00,1384483.0
2020-08-13 15:00:00,1388575.0
2020-08-13 15:30:00,1390879.0
2020-08-13 16:00:00,1402207.0
2020-08-13 16:30:00,1382405.0
2020-08-13 17:00:00,1389068.0
2020-08-13 17:30:00,1388012.0
2020-08-13 18:00:00,1384156.0
2020-08-13 18:30:00,1383949.0
2020-08-13 19:00:00,1384104.0
2020-08-13 19:30:00,1379734.0
2020-08-13 20:00:00,1378708.0
2020-08-13 20:30:00,1379007.0
2020-08-13 21:00:00,1374731.0
2020-08-13 21:30:00,1366050.0
2020-08-13 22:00:00,1369147.0
2020-08-13 22:30:00,1370254.0
2020-08-13 23:00:00,1389021.0
2020-08-13 23:30:00,1395857.0
2020-08-14 00:00:00,1375553.0
2020-08-14 00:30:00,1420594.0
2020-08-14 01:00:00,1452008.0
2020-08-14 01:30:00,1437214.0
2020-08-14 02:00:00,1431156.0
2020-08-14 02:30:00,1396823.0
2020-08-14 03:00:00,1370694.0
2020-08-14 03:30:00,1338760.0
2020-08-14 04:00:00,1367481.0
2020-08-14 04:30:00,1380056.0
2020-08-14 05:00:00,1418626.0
2020-08-14 05:30:00,1413106.0
2020-08-14 06:00:00,1445085.0
2020-08-14 06:30:00,1434964.0
2020-08-14 07:00:00,1387482.0
2020-08-14 07:30:00,1386195.0
2020-08-14 08:00:00,1440916.0
2020-08-14 08:30:00,1444086.0
2020-08-14 09:00:00,1430059.0
2020-08-14 09:30:00,1438566.0
2020-08-14 10:00:00,1452605.0
2020-08-14 10:30:00,1472394.0
2020-08-14 11:00:00,1460320.0
2020-08-14 11:30:00,1415424.0
2020-08-14 12:00:00,1389445.0
2020-08-14 12:30:00,1391937.0
2020-08-14 13:00:00,1395804.0
2020-08-14 13:30:00,1397832.0
2020-08-14 14:00:00,1398913.0
2020-08-14 14:30:00,1397227.0
2020-08-14 15:00:00,1404539.0
2020-08-14 15:30:00,1403729.0
2020-08-14 16:00:00,1409404.0
2020-08-14 16:30:00,1424945.0
2020-08-14 17:00:00,1401829.0
2020-08-14 17:30:00,1408810.0
2020-08-14 18:00:00,1402065.0
2020-08-14 18:30:00,1396113.0
2020-08-14 19:00:00,1415106.0
2020-08-14 19:30:00,1426463.0
2020-08-14 20:00:00,1430513.0
2020-08-14 20:30:00,1413024.0
2020-08-14 21:00:00,1416184.0
2020-08-14 21:30:00,1415496.0
2020-08-14 22:00:00,1413464.0
2020-08-14 22:30:00,1405782.0
2020-08-14 23:00:00,1400830.0
2020-08-14 23:30:00,1400978.0
2020-08-15 00:00:00,1404034.0
2020-08-15 00:30:00,1458038.0
2020-08-15 01:00:00,1476942.0
2020-08-15 01:30:00,1481386.0
2020-08-15 02:00:00,1474666.0
2020-08-15 02:30:00,1481599.0
2020-08-15 03:00:00,1469612.0
2020-08-15 03:30:00,1466965.0
2020-08-15 04:00:00,1421777.0
2020-08-15 04:30:00,1388856.0
2020-08-15 05:00:00,1395828.0
2020-08-15 05:30:00,1374068.0
2020-08-15 06:00:00,1402215.0
2020-08-15 06:30:00,1404051.0
2020-08-15 07:00:00,1387193.0
2020-08-15 07:30:00,1319076.0
2020-08-15 08:00:00,1412551.0
2020-08-15 08:30:00,1439177.0
2020-08-15 09:00:00,1437414.0
2020-08-15 09:30:00,1455887.0
2020-08-15 10:00:00,1513253.0
2020-08-15 10:30:00,1489710.0
2020-08-15 11:00:00,1482858.0
2020-08-15 11:30:00,1478561.0
2020-08-15 12:00:00,1487426.0
2020-08-15 12:30:00,1487327.0
2020-08-15 13:00:00,1479306.0
2020-08-15 13:30:00,1468891.0
2020-08-15 14:00:00,1472427.0
2020-08-15 14:30:00,1470025.0
2020-08-15 15:00:00,1468733.0
2020-08-15 15:30:00,1457586.0
2020-08-15 16:00:00,1442022.0
2020-08-15 16:30:00,1449405.0
2020-08-15 17:00:00,1424021.0
2020-08-15 17:30:00,1417160.0
2020-08-15 18:00:00,1430806.0
2020-08-15 18:30:00,1455605.0
2020-08-15 19:00:00,1470169.0
2020-08-15 19:30:00,1496895.0
2020-08-15 20:00:00,1503534.0
2020-08-15 20:30:00,1489881.0
2020-08-15 21:00:00,1461730.0
2020-08-15 21:30:00,1464587.0
2020-08-15 22:00:00,1439930.0
2020-08-15 22:30:00,1413474.0
2020-08-15 23:00:00,1402717.0
2020-08-15 23:30:00,1402212.0
2020-08-16 00:00:00,1366682.0
2020-08-16 00:30:00,1363124.0
2020-08-16 01:00:00,1426806.0
2020-08-16 01:30:00,1465947.0
2020-08-16 02:00:00,1472091.0
2020-08-16 02:30:00,1465152.0
2020-08-16 03:00:00,1467532.0
2020-08-16 03:30:00,1421784.0
2020-08-16 04:00:00,1393196.0
2020-08-16 04:30:00,1392830.0
2020-08-16 05:00:00,1361597.0
2020-08-16 05:30:00,1355908.0
2020-08-16 06:00:00,1373090.0
2020-08-16 06:30:00,1356325.0
2020-08-16 07:00:00,1344120.0
2020-08-16 07:30:00,1283387.0
2020-08-16 08:00:00,1247739.0
2020-08-16 08:30:00,1287916.0
2020-08-16 09:00:00,1323239.0
2020-08-16 09:30:00,1344791.0
2020-08-16 10:00:00,1366434.0
2020-08-16 10:30:00,1386478.0
2020-08-16 11:00:00,1391006.0
2020-08-16 11:30:00,1417555.0
2020-08-16 12:00:00,1427636.0
2020-08-16 12:30:00,1453256.0
2020-08-16 13:00:00,1460141.0
2020-08-16 13:30:00,1468529.0
2020-08-16 14:00:00,1473391.0
2020-08-16 14:30:00,1473996.0
2020-08-16 15:00:00,1476642.0
2020-08-16 15:30:00,1478021.0
2020-08-16 16:00:00,1486340.0
2020-08-16 16:30:00,1494966.0
2020-08-16 17:00:00,1497391.0
2020-08-16 17:30:00,1489567.0
2020-08-16 18:00:00,1495937.0
2020-08-16 18:30:00,1483734.0
2020-08-16 19:00:00,1485469.0
2020-08-16 19:30:00,1491511.0
2020-08-16 20:00:00,1494308.0
2020-08-16 20:30:00,1459220.0
2020-08-16 21:00:00,1429865.0
2020-08-16 21:30:00,1424354.0
2020-08-16 22:00:00,1428421.0
2020-08-16 22:30:00,1437996.0
2020-08-16 23:00:00,1485708.0
2020-08-16 23:30:00,1471218.0
2020-08-17 00:00:00,1418536.0
2020-08-17 00:30:00,1390422.0
2020-08-17 01:00:00,1414647.0
2020-08-17 01:30:00,1402280.0
2020-08-17 02:00:00,1387956.0
2020-08-17 02:30:00,1337530.0
2020-08-17 03:00:00,1342534.0
2020-08-17 03:30:00,1329059.0
2020-08-17 04:00:00,1317229.0
2020-08-17 04:30:00,1294050.0
2020-08-17 05:00:00,1290055.0
2020-08-17 05:30:00,1218333.0
2020-08-17 06:00:00,1222370.0
2020-08-17 06:30:00,1223163.0
2020-08-17 07:00:00,1232002.0
2020-08-17 07:30:00,1236979.0
2020-08-17 08:00:00,1377153.0
2020-08-17 08:30:00,1414976.0
2020-08-17 09:00:00,1396421.0
2020-08-17 09:30:00,1404241.0
2020-08-17 10:00:00,1408273.0
2020-08-17 10:30:00,1417615.0
2020-08-17 11:00:00,1415450.0
2020-08-17 11:30:00,1403130.0
2020-08-17 12:00:00,1403130.0
2020-08-17 12:30:00,1403130.0
2020-08-17 13:00:00,1403130.0
2020-08-17 13:30:00,1403130.0
2020-08-17 14:00:00,1403130.0
2020-08-17 14:30:00,1403130.0
2020-08-17 15:00:00,1403130.0
2020-08-17 15:30:00,1403130.0
2020-08-17 16:00:00,1403130.0
2020-08-17 16:30:00,1403130.0
2020-08-17 17:00:00,1403130.0
2020-08-17 17:30:00,1403130.0
2020-08-17 18:00:00,1403130.0
2020-08-17 18:30:00,1403130.0
2020-08-17 19:00:00,1403130.0
2020-08-17 19:30:00,1403130.0
2020-08-17 20:00:00,1403130.0
2020-08-17 20:30:00,1403130.0
2020-08-17 21:00:00,1403130.0
2020-08-17 21:30:00,1403130.0
2020-08-17 22:00:00,1403130.0
2020-08-17 22:30:00,1403130.0
2020-08-17 23:00:00,1403130.0
2020-08-17 23:30:00,1403130.0
2020-08-18 00:00:00,1385613.0
2020-08-18 00:30:00,1385613.0
2020-08-18 01:00:00,1385613.0
2020-08-18 01:30:00,1385613.0
2020-08-18 02:00:00,1385613.0
2020-08-18 02:30:00,1385613.0
2020-08-18 03:00:00,1385613.0
2020-08-18 03:30:00,1385613.0
2020-08-18 04:00:00,1385613.0
2020-08-18 04:30:00,1385613.0
2020-08-18 05:00:00,1385613.0
2020-08-18 05:30:00,1385613.0
2020-08-18 06:00:00,1385613.0
2020-08-18 06:30:00,1385613.0
2020-08-18 07:00:00,1385613.0
2020-08-18 07:30:00,1385613.0
2020-08-18 08:00:00,1385613.0
2020-08-18 08:30:00,1385613.0
2020-08-18 09:00:00,1385613.0
2020-08-18 09:30:00,1385613.0
2020-08-18 10:00:00,1385613.0
2020-08-18 10:30:00,1385613.0
2020-08-18 11:00:00,1385613.0
2020-08-18 11:30:00,1385613.0
2020-08-18 12:00:00,1385613.0
2020-08-18 12:30:00,1385613.0
2020-08-18 13:00:00,1385613.0
2020-08-18 13:30:00,1385613.0
2020-08-18 14:00:00,1385613.0
2020-08-18 14:30:00,1385613.0
2020-08-18 15:00:00,1385613.0
2020-08-18 15:30:00,1385613.0
2020-08-18 16:00:00,1385613.0
2020-08-18 16:30:00,1385613.0
2020-08-18 17:00:00,1385613.0
2020-08-18 17:30:00,1385613.0
2020-08-18 18:00:00,1385613.0
2020-08-18 18:30:00,1385613.0
2020-08-18 19:00:00,1385613.0
2020-08-18 19:30:00,1385613.0
2020-08-18 20:00:00,1385613.0
2020-08-18 20:30:00,1385613.0
2020-08-18 21:00:00,1385613.0
2020-08-18 21:30:00,1385613.0
2020-08-18 22:00:00,1385613.0
2020-08-18 22:30:00,1385613.0
2020-08-18 23:00:00,1385613.0
2020-08-18 23:30:00,1385613.0
2020-08-19 00:00:00,1423566.0
2020-08-19 00:30:00,1447236.0
2020-08-19 01:00:00,1486265.0
2020-08-19 01:30:00,1486669.0
2020-08-19 02:00:00,1458812.0
2020-08-19 02:30:00,1470355.0
2020-08-19 03:00:00,1447714.0
2020-08-19 03:30:00,1440788.0
2020-08-19 04:00:00,1409826.0
2020-08-19 04:30:00,1413152.0
2020-08-19 05:00:00,1401819.0
2020-08-19 05:30:00,1370015.0
2020-08-19 06:00:00,1390517.0
2020-08-19 06:30:00,1375262.0
2020-08-19 07:00:00,1371939.0
2020-08-19 07:30:00,1312782.0
2020-08-19 08:00:00,1400323.0
2020-08-19 08:30:00,1426243.0
2020-08-19 09:00:00,1384411.0
2020-08-19 09:30:00,1417479.0
2020-08-19 10:00:00,1401535.0
2020-08-19 10:30:00,1406585.0
2020-08-19 11:00:00,1416658.0
2020-08-19 11:30:00,1408059.0
2020-08-19 12:00:00,1386351.0
2020-08-19 12:30:00,1394768.0
2020-08-19 13:00:00,1423129.0
2020-08-19 13:30:00,1459501.0
2020-08-19 14:00:00,1495881.0
2020-08-19 14:30:00,1411212.0
2020-08-19 15:00:00,1399008.0
2020-08-19 15:30:00,1406080.0
2020-08-19 16:00:00,1407908.0
2020-08-19 16:30:00,1402531.0
2020-08-19 17:00:00,1398378.0
2020-08-19 17:30:00,1396987.0
2020-08-19 18:00:00,1394176.0
2020-08-19 18:30:00,1397300.0
2020-08-19 19:00:00,1406379.0
2020-08-19 19:30:00,1413341.0
2020-08-19 20:00:00,1419837.0
2020-08-19 20:30:00,1422482.0
2020-08-19 21:00:00,1435348.0
2020-08-19 21:30:00,1467789.0
2020-08-19 22:00:00,1466998.0
2020-08-19 22:30:00,1482875.0
2020-08-19 23:00:00,1495977.0
2020-08-19 23:30:00,1484522.0
2020-08-20 00:00:00,1466941.0
2020-08-20 00:30:00,1478541.0
2020-08-20 01:00:00,1474208.0
2020-08-20 01:30:00,1460139.0
2020-08-20 02:00:00,1456085.0
2020-08-20 02:30:00,1425379.0
2020-08-20 03:00:00,1417198.0
2020-08-20 03:30:00,1434605.0
2020-08-20 04:00:00,1435979.0
2020-08-20 04:30:00,1438498.0
2020-08-20 05:00:00,1453553.0
2020-08-20 05:30:00,1464421.0
2020-08-20 06:00:00,1481187.0
2020-08-20 06:30:00,1480144.0
2020-08-20 07:00:00,1486084.0
2020-08-20 07:30:00,1459781.0
2020-08-20 08:00:00,1445038.0
2020-08-20 08:30:00,1452404.0
2020-08-20 09:00:00,1404311.0
2020-08-20 09:30:00,1393610.0
2020-08-20 10:00:00,1395066.0
2020-08-20 10:30:00,1386771.0
2020-08-20 11:00:00,1403532.0
2020-08-20 11:30:00,1376956.0
2020-08-20 12:00:00,1356336.0
2020-08-20 12:30:00,1348361.0
2020-08-20 13:00:00,1376612.0
2020-08-20 13:30:00,1372751.0
2020-08-20 14:00:00,1361748.0
2020-08-20 14:30:00,1350375.0
2020-08-20 15:00:00,1355152.0
2020-08-20 15:30:00,1367594.0
2020-08-20 16:00:00,1375249.0
2020-08-20 16:30:00,1386362.0
2020-08-20 17:00:00,1372033.0
2020-08-20 17:30:00,1362599.0
2020-08-20 18:00:00,1351474.0
2020-08-20 18:30:00,1342426.0
2020-08-20 19:00:00,1352989.0
2020-08-20 19:30:00,1363463.0
2020-08-20 20:00:00,1351679.0
2020-08-20 20:30:00,1351481.0
2020-08-20 21:00:00,1345948.0
2020-08-20 21:30:00,1346709.0
2020-08-20 22:00:00,1354758.0
2020-08-20 22:30:00,1374055.0
2020-08-20 23:00:00,1383858.0
2020-08-20 23:30:00,1359791.0
2020-08-21 00:00:00,1350327.0
2020-08-21 00:30:00,1393115.0
2020-08-21 01:00:00,1450813.0
2020-08-21 01:30:00,1419340.0
2020-08-21 02:00:00,1403791.0
2020-08-21 02:30:00,1377819.0
2020-08-21 03:00:00,1363191.0
2020-08-21 03:30:00,1356917.0
2020-08-21 04:00:00,1354248.0
2020-08-21 04:30:00,1367993.0
2020-08-21 05:00:00,1373323.0
2020-08-21 05:30:00,1375253.0
2020-08-21 06:00:00,1387067.0
2020-08-21 06:30:00,1361707.0
2020-08-21 07:00:00,1381636.0
2020-08-21 07:30:00,1373307.0
2020-08-21 08:00:00,1416078.0
2020-08-21 08:30:00,1401521.0
2020-08-21 09:00:00,1392413.0
2020-08-21 09:30:00,1382775.0
2020-08-21 10:00:00,1382578.0
2020-08-21 10:30:00,1397619.0
2020-08-21 11:00:00,1448496.0
2020-08-21 11:30:00,1439517.0
2020-08-21 12:00:00,1408003.0
2020-08-21 12:30:00,1354913.0
2020-08-21 13:00:00,1384958.0
2020-08-21 13:30:00,1385544.0
2020-08-21 14:00:00,1375544.0
2020-08-21 14:30:00,1371711.0
2020-08-21 15:00:00,1388277.0
2020-08-21 15:30:00,1383576.0
2020-08-21 16:00:00,1387590.0
2020-08-21 16:30:00,1379234.0
2020-08-21 17:00:00,1383923.0
2020-08-21 17:30:00,1369493.0
2020-08-21 18:00:00,1363843.0
2020-08-21 18:30:00,1361707.0
2020-08-21 19:00:00,1360864.0
2020-08-21 19:30:00,1347497.0
2020-08-21 20:00:00,1340416.0
2020-08-21 20:30:00,1353096.0
2020-08-21 21:00:00,1358918.0
2020-08-21 21:30:00,1359097.0
2020-08-21 22:00:00,1342378.0
2020-08-21 22:30:00,1350501.0
2020-08-21 23:00:00,1379000.0
2020-08-21 23:30:00,1348129.0
2020-08-22 00:00:00,1349124.0
2020-08-22 00:30:00,1363828.0
2020-08-22 01:00:00,1381940.0
2020-08-22 01:30:00,1380966.0
2020-08-22 02:00:00,1388248.0
2020-08-22 02:30:00,1408998.0
2020-08-22 03:00:00,1435176.0
2020-08-22 03:30:00,1448706.0
2020-08-22 04:00:00,1429243.0
2020-08-22 04:30:00,1430804.0
2020-08-22 05:00:00,1437385.0
2020-08-22 05:30:00,1426989.0
2020-08-22 06:00:00,1446327.0
2020-08-22 06:30:00,1435137.0
2020-08-22 07:00:00,1417883.0
2020-08-22 07:30:00,1313582.0
2020-08-22 08:00:00,1369223.0
2020-08-22 08:30:00,1367406.0
2020-08-22 09:00:00,1366356.0
2020-08-22 09:30:00,1374840.0
2020-08-22 10:00:00,1372883.0
2020-08-22 10:30:00,1375730.0
2020-08-22 11:00:00,1385467.0
2020-08-22 11:30:00,1374974.0
2020-08-22 12:00:00,1383221.0
2020-08-22 12:30:00,1385295.0
2020-08-22 13:00:00,1378214.0
2020-08-22 13:30:00,1378379.0
2020-08-22 14:00:00,1377897.0
2020-08-22 14:30:00,1377513.0
2020-08-22 15:00:00,1374937.0
2020-08-22 15:30:00,1364109.0
2020-08-22 16:00:00,1363885.0
2020-08-22 16:30:00,1371156.0
2020-08-22 17:00:00,1356053.0
2020-08-22 17:30:00,1371936.0
2020-08-22 18:00:00,1365556.0
2020-08-22 18:30:00,1371261.0
2020-08-22 19:00:00,1377251.0
2020-08-22 19:30:00,1369494.0
2020-08-22 20:00:00,1358221.0
2020-08-22 20:30:00,1387434.0
2020-08-22 21:00:00,1389234.0
2020-08-22 21:30:00,1398466.0
2020-08-22 22:00:00,1381369.0
2020-08-22 22:30:00,1361768.0
2020-08-22 23:00:00,1404230.0
2020-08-22 23:30:00,1402646.0
2020-08-23 00:00:00,1373148.0
2020-08-23 00:30:00,1377609.0
2020-08-23 01:00:00,1337188.0
2020-08-23 01:30:00,1350611.0
2020-08-23 02:00:00,1383571.0
2020-08-23 02:30:00,1390954.0
2020-08-23 03:00:00,1427761.0
2020-08-23 03:30:00,1420301.0
2020-08-23 04:00:00,1399161.0
2020-08-23 04:30:00,1376180.0
2020-08-23 05:00:00,1379849.0
2020-08-23 05:30:00,1371864.0
2020-08-23 06:00:00,1365912.0
2020-08-23 06:30:00,1376163.0
2020-08-23 07:00:00,1314159.0
2020-08-23 07:30:00,1276003.0
2020-08-23 08:00:00,1287191.0
2020-08-23 08:30:00,1279248.0
2020-08-23 09:00:00,1300784.0
2020-08-23 09:30:00,1294586.0
2020-08-23 10:00:00,1357500.0
2020-08-23 10:30:00,1356574.0
2020-08-23 11:00:00,1377069.0
2020-08-23 11:30:00,1333602.0
2020-08-23 12:00:00,1326649.0
2020-08-23 12:30:00,1377933.0
2020-08-23 13:00:00,1420119.0
2020-08-23 13:30:00,1435260.0
2020-08-23 14:00:00,1404351.0
2020-08-23 14:30:00,1382026.0
2020-08-23 15:00:00,1392029.0
2020-08-23 15:30:00,1391171.0
2020-08-23 16:00:00,1395789.0
2020-08-23 16:30:00,1391050.0
2020-08-23 17:00:00,1388501.0
2020-08-23 17:30:00,1404050.0
2020-08-23 18:00:00,1402981.0
2020-08-23 18:30:00,1415335.0
2020-08-23 19:00:00,1396851.0
2020-08-23 19:30:00,1388709.0
2020-08-23 20:00:00,1371068.0
2020-08-23 20:30:00,1363767.0
2020-08-23 21:00:00,1387794.0
2020-08-23 21:30:00,1393606.0
2020-08-23 22:00:00,1383631.0
2020-08-23 22:30:00,1370521.0
2020-08-23 23:00:00,1358941.0
2020-08-23 23:30:00,1361370.0
2020-08-24 00:00:00,1368834.0
2020-08-24 00:30:00,1364378.0
2020-08-24 01:00:00,1364855.0
2020-08-24 01:30:00,1386951.0
2020-08-24 02:00:00,1438554.0
2020-08-24 02:30:00,1425411.0
2020-08-24 03:00:00,1417025.0
2020-08-24 03:30:00,1380846.0
2020-08-24 04:00:00,1364780.0
2020-08-24 04:30:00,1378939.0
2020-08-24 05:00:00,1363599.0
2020-08-24 05:30:00,1315817.0
2020-08-24 06:00:00,1261452.0
2020-08-24 06:30:00,1243573.0
2020-08-24 07:00:00,1377300.0
2020-08-24 07:30:00,1374235.0
2020-08-24 08:00:00,1373370.0
2020-08-24 08:30:00,1377954.0
2020-08-24 09:00:00,1381206.0
2020-08-24 09:30:00,1369286.0
2020-08-24 10:00:00,1380548.0
2020-08-24 10:30:00,1370508.0
2020-08-24 11:00:00,1396374.0
2020-08-24 11:30:00,1379920.0
2020-08-24 12:00:00,1376462.0
2020-08-24 12:30:00,1362755.0
2020-08-24 13:00:00,1383984.0
2020-08-24 13:30:00,1394269.0
2020-08-24 14:00:00,1396798.0
2020-08-24 14:30:00,1430814.0
2020-08-24 15:00:00,1404150.0
2020-08-24 15:30:00,1378750.0
2020-08-24 16:00:00,1382562.0
2020-08-24 16:30:00,1375793.0
2020-08-24 17:00:00,1378467.0
2020-08-24 17:30:00,1377830.0
2020-08-24 18:00:00,1372837.0
2020-08-24 18:30:00,1369991.0
2020-08-24 19:00:00,1378231.0
2020-08-24 19:30:00,1382554.0
2020-08-24 20:00:00,1387838.0
2020-08-24 20:30:00,1384524.0
2020-08-24 21:00:00,1392475.0
2020-08-24 21:30:00,1386063.0
2020-08-24 22:00:00,1378779.0
2020-08-24 22:30:00,1383720.0
2020-08-24 23:00:00,1392465.0
2020-08-24 23:30:00,1382205.0
2020-08-25 00:00:00,1368477.0
2020-08-25 00:30:00,1422838.0
2020-08-25 01:00:00,1429939.0
2020-08-25 01:30:00,1441653.0
2020-08-25 02:00:00,1404729.0
2020-08-25 02:30:00,1378756.0
2020-08-25 03:00:00,1387472.0
2020-08-25 03:30:00,1348296.0
2020-08-25 04:00:00,1327944.0
2020-08-25 04:30:00,1271269.0
2020-08-25 05:00:00,1301397.0
2020-08-25 05:30:00,1236057.0
2020-08-25 06:00:00,1325055.0
2020-08-25 06:30:00,1165288.0
2020-08-25 07:00:00,1201037.0
2020-08-25 07:30:00,1198252.0
2020-08-25 08:00:00,1297260.0
2020-08-25 08:30:00,1380957.0
2020-08-25 09:00:00,1373214.0
2020-08-25 09:30:00,1373214.0
2020-08-25 10:00:00,1373214.0
2020-08-25 10:30:00,1373214.0
2020-08-25 11:00:00,1373214.0
2020-08-25 11:30:00,1373214.0
2020-08-25 12:00:00,1373214.0
2020-08-25 12:30:00,1373214.0
2020-08-25 13:00:00,1373214.0
2020-08-25 13:30:00,1373214.0
2020-08-25 14:00:00,1373214.0
2020-08-25 14:30:00,1373214.0
2020-08-25 15:00:00,1409594.0
2020-08-25 15:30:00,1396263.0
2020-08-25 16:00:00,1417930.0
2020-08-25 16:30:00,1434725.0
2020-08-25 17:00:00,1472386.0
2020-08-25 17:30:00,1466564.0
2020-08-25 18:00:00,1442280.0
2020-08-25 18:30:00,1437448.0
2020-08-25 19:00:00,1438819.0
2020-08-25 19:30:00,1441868.0
2020-08-25 20:00:00,1417763.0
2020-08-25 20:30:00,1380714.0
2020-08-25 21:00:00,1378548.0
2020-08-25 21:30:00,1396358.0
2020-08-25 22:00:00,1375903.0
2020-08-25 22:30:00,1372903.0
2020-08-25 23:00:00,1392846.0
2020-08-25 23:30:00,1381331.0
2020-08-26 00:00:00,1387062.0
2020-08-26 00:30:00,1384376.0
2020-08-26 01:00:00,1402073.0
2020-08-26 01:30:00,1414257.0
2020-08-26 02:00:00,1395192.0
2020-08-26 02:30:00,1410019.0
2020-08-26 03:00:00,1406971.0
2020-08-26 03:30:00,1451438.0
2020-08-26 04:00:00,1428362.0
2020-08-26 04:30:00,1379145.0
2020-08-26 05:00:00,1408595.0
2020-08-26 05:30:00,1341744.0
2020-08-26 06:00:00,1343929.0
2020-08-26 06:30:00,1296258.0
2020-08-26 07:00:00,1237042.0
2020-08-26 07:30:00,1234177.0
2020-08-26 08:00:00,1378966.0
2020-08-26 08:30:00,1416876.0
2020-08-26 09:00:00,1416582.0
2020-08-26 09:30:00,1427261.0
2020-08-26 10:00:00,1431853.0
2020-08-26 10:30:00,1450360.0
2020-08-26 11:00:00,1460579.0
2020-08-26 11:30:00,1424939.0
2020-08-26 12:00:00,1398786.0
2020-08-26 12:30:00,1404958.0
2020-08-26 13:00:00,1414116.0
2020-08-26 13:30:00,1442959.0
2020-08-26 14:00:00,1432457.0
2020-08-26 14:30:00,1445815.0
2020-08-26 15:00:00,1416004.0
2020-08-26 15:30:00,1419607.0
2020-08-26 16:00:00,1413056.0
2020-08-26 16:30:00,1433452.0
2020-08-26 17:00:00,1421779.0
2020-08-26 17:30:00,1415955.0
2020-08-26 18:00:00,1404525.0
2020-08-26 18:30:00,1411827.0
2020-08-26 19:00:00,1411499.0
2020-08-26 19:30:00,1406903.0
2020-08-26 20:00:00,1401521.0
2020-08-26 20:30:00,1402196.0
2020-08-26 21:00:00,1403376.0
2020-08-26 21:30:00,1401592.0
2020-08-26 22:00:00,1396108.0
2020-08-26 22:30:00,1405155.0
2020-08-26 23:00:00,1406133.0
2020-08-26 23:30:00,1415175.0
2020-08-27 00:00:00,1389998.0
2020-08-27 00:30:00,1413597.0
2020-08-27 01:00:00,1420037.0
2020-08-27 01:30:00,1436641.0
2020-08-27 02:00:00,1436678.0
2020-08-27 02:30:00,1440591.0
2020-08-27 03:00:00,1430840.0
2020-08-27 03:30:00,1413067.0
2020-08-27 04:00:00,1377431.0
2020-08-27 04:30:00,1299185.0
2020-08-27 05:00:00,1341214.0
2020-08-27 05:30:00,1318437.0
2020-08-27 06:00:00,1355472.0
2020-08-27 06:30:00,1344730.0
2020-08-27 07:00:00,1408290.0
2020-08-27 07:30:00,1381799.0
2020-08-27 08:00:00,1412148.0
2020-08-27 08:30:00,1419319.0
2020-08-27 09:00:00,1422909.0
2020-08-27 09:30:00,1407102.0
2020-08-27 10:00:00,1410827.0
2020-08-27 10:30:00,1406432.0
2020-08-27 11:00:00,1406235.0
2020-08-27 11:30:00,1394271.0
2020-08-27 12:00:00,1377269.0
2020-08-27 12:30:00,1387220.0
2020-08-27 13:00:00,1412928.0
2020-08-27 13:30:00,1426507.0
2020-08-27 14:00:00,1431777.0
2020-08-27 14:30:00,1418094.0
2020-08-27 15:00:00,1425503.0
2020-08-27 15:30:00,1420253.0
2020-08-27 16:00:00,1411364.0
2020-08-27 16:30:00,1409248.0
2020-08-27 17:00:00,1412956.0
2020-08-27 17:30:00,1401593.0
2020-08-27 18:00:00,1407202.0
2020-08-27 18:30:00,1391914.0
2020-08-27 19:00:00,1403219.0
2020-08-27 19:30:00,1413421.0
2020-08-27 20:00:00,1391969.0
2020-08-27 20:30:00,1375304.0
2020-08-27 21:00:00,1387235.0
2020-08-27 21:30:00,1392947.0
2020-08-27 22:00:00,1394715.0
2020-08-27 22:30:00,1392240.0
2020-08-27 23:00:00,1386445.0
2020-08-27 23:30:00,1393571.0
2020-08-28 00:00:00,1383598.0
2020-08-28 00:30:00,1391660.0
2020-08-28 01:00:00,1410828.0
2020-08-28 01:30:00,1401400.0
2020-08-28 02:00:00,1422311.0
2020-08-28 02:30:00,1444759.0
2020-08-28 03:00:00,1447902.0
2020-08-28 03:30:00,1426238.0
2020-08-28 04:00:00,1429486.0
2020-08-28 04:30:00,1423582.0
2020-08-28 05:00:00,1425785.0
2020-08-28 05:30:00,1424726.0
2020-08-28 06:00:00,1457943.0
2020-08-28 06:30:00,1473414.0
2020-08-28 07:00:00,1469375.0
2020-08-28 07:30:00,1458689.0
2020-08-28 08:00:00,1468763.0
2020-08-28 08:30:00,1476542.0
2020-08-28 09:00:00,1477946.0
2020-08-28 09:30:00,1463072.0
2020-08-28 10:00:00,1461968.0
2020-08-28 10:30:00,1481264.0
2020-08-28 11:00:00,1484148.0
2020-08-28 11:30:00,1469472.0
2020-08-28 12:00:00,1402414.0
2020-08-28 12:30:00,1394540.0
2020-08-28 13:00:00,1399738.0
2020-08-28 13:30:00,1399662.0
2020-08-28 14:00:00,1405124.0
2020-08-28 14:30:00,1428710.0
2020-08-28 15:00:00,1412992.0
2020-08-28 15:30:00,1412087.0
2020-08-28 16:00:00,1415841.0
2020-08-28 16:30:00,1430249.0
2020-08-28 17:00:00,1426899.0
2020-08-28 17:30:00,1421306.0
2020-08-28 18:00:00,1415318.0
2020-08-28 18:30:00,1420906.0
2020-08-28 19:00:00,1435974.0
2020-08-28 19:30:00,1429370.0
2020-08-28 20:00:00,1436417.0
2020-08-28 20:30:00,1420342.0
2020-08-28 21:00:00,1409272.0
2020-08-28 21:30:00,1403020.0
2020-08-28 22:00:00,1404488.0
2020-08-28 22:30:00,1398141.0
2020-08-28 23:00:00,1416480.0
2020-08-28 23:30:00,1410685.0
2020-08-29 00:00:00,1397454.0
2020-08-29 00:30:00,1396102.0
2020-08-29 01:00:00,1426020.0
2020-08-29 01:30:00,1415058.0
2020-08-29 02:00:00,1408769.0
2020-08-29 02:30:00,1364961.0
2020-08-29 03:00:00,1317733.0
2020-08-29 03:30:00,1335384.0
2020-08-29 04:00:00,1352990.0
2020-08-29 04:30:00,1368229.0
2020-08-29 05:00:00,1371399.0
2020-08-29 05:30:00,1386771.0
2020-08-29 06:00:00,1416311.0
2020-08-29 06:30:00,1409170.0
2020-08-29 07:00:00,1430881.0
2020-08-29 07:30:00,1384067.0
2020-08-29 08:00:00,1446181.0
2020-08-29 08:30:00,1478530.0
2020-08-29 09:00:00,1509045.0
2020-08-29 09:30:00,1518203.0
2020-08-29 10:00:00,1501143.0
2020-08-29 10:30:00,1495164.0
2020-08-29 11:00:00,1487442.0
2020-08-29 11:30:00,1492762.0
2020-08-29 12:00:00,1468227.0
2020-08-29 12:30:00,1481642.0
2020-08-29 13:00:00,1486506.0
2020-08-29 13:30:00,1497890.0
2020-08-29 14:00:00,1509973.0
2020-08-29 14:30:00,1500752.0
2020-08-29 15:00:00,1485410.0
2020-08-29 15:30:00,1450759.0
2020-08-29 16:00:00,1403267.0
2020-08-29 16:30:00,1408752.0
2020-08-29 17:00:00,1405782.0
2020-08-29 17:30:00,1397390.0
2020-08-29 18:00:00,1391276.0
2020-08-29 18:30:00,1401936.0
2020-08-29 19:00:00,1399981.0
2020-08-29 19:30:00,1408351.0
2020-08-29 20:00:00,1408741.0
2020-08-29 20:30:00,1403444.0
2020-08-29 21:00:00,1384575.0
2020-08-29 21:30:00,1377919.0
2020-08-29 22:00:00,1377666.0
2020-08-29 22:30:00,1368216.0
2020-08-29 23:00:00,1420567.0
2020-08-29 23:30:00,1399261.0
2020-08-30 00:00:00,1312179.0
2020-08-30 00:30:00,1306430.0
2020-08-30 01:00:00,1416303.0
2020-08-30 01:30:00,1420999.0
2020-08-30 02:00:00,1419396.0
2020-08-30 02:30:00,1298831.0
2020-08-30 03:00:00,1262810.0
2020-08-30 03:30:00,1268218.0
2020-08-30 04:00:00,1277911.0
2020-08-30 04:30:00,1305526.0
2020-08-30 05:00:00,1343100.0
2020-08-30 05:30:00,1373320.0
2020-08-30 06:00:00,1336293.0
2020-08-30 06:30:00,1321736.0
2020-08-30 07:00:00,1263232.0
2020-08-30 07:30:00,1230738.0
2020-08-30 08:00:00,1207399.0
2020-08-30 08:30:00,1210046.0
2020-08-30 09:00:00,1214722.0
2020-08-30 09:30:00,1262880.0
2020-08-30 10:00:00,1383889.0
2020-08-30 10:30:00,1434251.0
2020-08-30 11:00:00,1466325.0
2020-08-30 11:30:00,1469091.0
2020-08-30 12:00:00,1462553.0
2020-08-30 12:30:00,1470443.0
2020-08-30 13:00:00,1468826.0
2020-08-30 13:30:00,1436925.0
2020-08-30 14:00:00,1419017.0
2020-08-30 14:30:00,1426938.0
2020-08-30 15:00:00,1437602.0
2020-08-30 15:30:00,1435049.0
2020-08-30 16:00:00,1437549.0
2020-08-30 16:30:00,1444499.0
2020-08-30 17:00:00,1437916.0
2020-08-30 17:30:00,1442250.0
2020-08-30 18:00:00,1432868.0
2020-08-30 18:30:00,1428191.0
2020-08-30 19:00:00,1432388.0
2020-08-30 19:30:00,1417887.0
2020-08-30 20:00:00,1408181.0
2020-08-30 20:30:00,1411695.0
2020-08-30 21:00:00,1411973.0
2020-08-30 21:30:00,1411240.0
2020-08-30 22:00:00,1441887.0
2020-08-30 22:30:00,1410831.0
2020-08-30 23:00:00,1428204.0
2020-08-30 23:30:00,1393430.0
2020-08-31 00:00:00,1382869.0
2020-08-31 00:30:00,1318068.0
2020-08-31 01:00:00,1366995.0
2020-08-31 01:30:00,1350105.0
2020-08-31 02:00:00,1325190.0
2020-08-31 02:30:00,1251024.0
2020-08-31 03:00:00,1184691.0
2020-08-31 03:30:00,1197389.0
2020-08-31 04:00:00,1160888.0
2020-08-31 04:30:00,1178294.0
2020-08-31 05:00:00,1162438.0
2020-08-31 05:30:00,1336392.0
2020-08-31 06:00:00,1438078.0
2020-08-31 06:30:00,1422037.0
2020-08-31 07:00:00,1476642.0
2020-08-31 07:30:00,1473325.0
2020-08-31 08:00:00,1477879.0
2020-08-31 08:30:00,1476092.0
2020-08-31 09:00:00,1469795.0
2020-08-31 09:30:00,1450181.0
2020-08-31 10:00:00,1423064.0
2020-08-31 10:30:00,1415903.0
2020-08-31 11:00:00,1412552.0
2020-08-31 11:30:00,1412701.0
2020-08-31 12:00:00,1367869.0
2020-08-31 12:30:00,1287435.0
2020-08-31 13:00:00,1418131.0
2020-08-31 13:30:00,1452482.0
2020-08-31 14:00:00,1479965.0
2020-08-31 14:30:00,1411192.0
2020-08-31 15:00:00,1401258.0
2020-08-31 15:30:00,1409315.0
2020-08-31 16:00:00,1420705.0
2020-08-31 16:30:00,1409607.0
2020-08-31 17:00:00,1412300.0
2020-08-31 17:30:00,1404073.0
2020-08-31 18:00:00,1396927.0
2020-08-31 18:30:00,1402915.0
2020-08-31 19:00:00,1405136.0
2020-08-31 19:30:00,1400536.0
2020-08-31 20:00:00,1395930.0
2020-08-31 20:30:00,1393230.0
2020-08-31 21:00:00,1409477.0
2020-08-31 21:30:00,1416520.0
2020-08-31 22:00:00,1389275.0
2020-08-31 22:30:00,1373689.0
2020-08-31 23:00:00,1449825.0
2020-08-31 23:30:00,1430029.0
2020-09-01 00:00:00,1375950.0
2020-09-01 00:30:00,1340393.0
2020-09-01 01:00:00,1415149.0
2020-09-01 01:30:00,1410289.0
2020-09-01 02:00:00,1410483.0
2020-09-01 02:30:00,1389203.0
2020-09-01 03:00:00,1343520.0
2020-09-01 03:30:00,1302365.0
2020-09-01 04:00:00,1344942.0
2020-09-01 04:30:00,1275954.0
2020-09-01 05:00:00,1251217.0
2020-09-01 05:30:00,1253373.0
2020-09-01 06:00:00,1246369.0
2020-09-01 06:30:00,1311635.0
2020-09-01 07:00:00,1257544.0
2020-09-01 07:30:00,1331075.0
2020-09-01 08:00:00,1411043.0
2020-09-01 08:30:00,1412370.0
2020-09-01 09:00:00,1403236.0
2020-09-01 09:30:00,1381890.0
2020-09-01 10:00:00,1381284.0
2020-09-01 10:30:00,1379488.0
2020-09-01 11:00:00,1384687.0
2020-09-01 11:30:00,1352063.0
2020-09-01 12:00:00,1196131.0
2020-09-01 12:30:00,1220534.0
2020-09-01 13:00:00,1411411.0
2020-09-01 13:30:00,1380208.0
2020-09-01 14:00:00,1378394.0
2020-09-01 14:30:00,1374673.0
2020-09-01 15:00:00,1383601.0
2020-09-01 15:30:00,1384162.0
2020-09-01 16:00:00,1390214.0
2020-09-01 16:30:00,1403810.0
2020-09-01 17:00:00,1396667.0
2020-09-01 17:30:00,1395842.0
2020-09-01 18:00:00,1389843.0
2020-09-01 18:30:00,1393335.0
2020-09-01 19:00:00,1420066.0
2020-09-01 19:30:00,1429499.0
2020-09-01 20:00:00,1427209.0
2020-09-01 20:30:00,1431627.0
2020-09-01 21:00:00,1432199.0
2020-09-01 21:30:00,1450319.0
2020-09-01 22:00:00,1481020.0
2020-09-01 22:30:00,1483957.0
2020-09-01 23:00:00,1509304.0
2020-09-01 23:30:00,1481520.0
2020-09-02 00:00:00,1470330.0
2020-09-02 00:30:00,1443724.0
2020-09-02 01:00:00,1468372.0
2020-09-02 01:30:00,1468625.0
2020-09-02 02:00:00,1438291.0
2020-09-02 02:30:00,1412571.0
2020-09-02 03:00:00,1378166.0
2020-09-02 03:30:00,1407385.0
2020-09-02 04:00:00,1416464.0
2020-09-02 04:30:00,1350934.0
2020-09-02 05:00:00,1336898.0
2020-09-02 05:30:00,1265624.0
2020-09-02 06:00:00,1241438.0
2020-09-02 06:30:00,1255338.0
2020-09-02 07:00:00,1385724.0
2020-09-02 07:30:00,1367302.0
2020-09-02 08:00:00,1445466.0
2020-09-02 08:30:00,1435675.0
2020-09-02 09:00:00,1493735.0
2020-09-02 09:30:00,1493735.0
2020-09-02 10:00:00,1493735.0
2020-09-02 10:30:00,1493735.0
2020-09-02 11:00:00,1493735.0
2020-09-02 11:30:00,1493735.0
2020-09-02 12:00:00,1493735.0
2020-09-02 12:30:00,1493735.0
2020-09-02 13:00:00,1493735.0
2020-09-02 13:30:00,1493735.0
2020-09-02 14:00:00,1493735.0
2020-09-02 14:30:00,1493735.0
2020-09-02 15:00:00,1493735.0
2020-09-02 15:30:00,1410522.0
2020-09-02 16:00:00,1439977.0
2020-09-02 16:30:00,1441122.0
2020-09-02 17:00:00,1423865.0
2020-09-02 17:30:00,1417848.0
2020-09-02 18:00:00,1414828.0
2020-09-02 18:30:00,1426217.0
2020-09-02 19:00:00,1449903.0
2020-09-02 19:30:00,1465341.0
2020-09-02 20:00:00,1467866.0
2020-09-02 20:30:00,1436915.0
2020-09-02 21:00:00,1427327.0
2020-09-02 21:30:00,1457163.0
2020-09-02 22:00:00,1478090.0
2020-09-02 22:30:00,1472777.0
2020-09-02 23:00:00,1439530.0
2020-09-02 23:30:00,1400887.0
2020-09-03 00:00:00,1266154.0
2020-09-03 00:30:00,1428516.0
2020-09-03 01:00:00,1425894.0
2020-09-03 01:30:00,1429843.0
2020-09-03 02:00:00,1483145.0
2020-09-03 02:30:00,1463917.0
2020-09-03 03:00:00,1406577.0
2020-09-03 03:30:00,1418875.0
2020-09-03 04:00:00,1459008.0
2020-09-03 04:30:00,1442555.0
2020-09-03 05:00:00,1344796.0
2020-09-03 05:30:00,1229681.0
2020-09-03 06:00:00,1226958.0
2020-09-03 06:30:00,1096699.0
2020-09-03 07:00:00,1142869.0
2020-09-03 07:30:00,1130447.0
2020-09-03 08:00:00,1142682.0
2020-09-03 08:30:00,1152583.0
2020-09-03 09:00:00,1142415.0
2020-09-03 09:30:00,1137606.0
2020-09-03 10:00:00,1134498.0
2020-09-03 10:30:00,1137086.0
2020-09-03 11:00:00,1125432.0
2020-09-03 11:30:00,1118711.0
2020-09-03 12:00:00,1100779.0
2020-09-03 12:30:00,1067719.0
2020-09-03 13:00:00,1113848.0
2020-09-03 13:30:00,1113206.0
2020-09-03 14:00:00,1122019.0
2020-09-03 14:30:00,1119855.0
2020-09-03 15:00:00,1126866.0
2020-09-03 15:30:00,1121740.0
2020-09-03 16:00:00,1128907.0
2020-09-03 16:30:00,1123726.0
2020-09-03 17:00:00,1120588.0
2020-09-03 17:30:00,1123902.0
2020-09-03 18:00:00,1122603.0
2020-09-03 18:30:00,1115271.0
2020-09-03 19:00:00,1123957.0
2020-09-03 19:30:00,1118027.0
2020-09-03 20:00:00,1120433.0
2020-09-03 20:30:00,1128011.0
2020-09-03 21:00:00,1129440.0
2020-09-03 21:30:00,1128867.0
2020-09-03 22:00:00,1130817.0
2020-09-03 22:30:00,1129038.0
2020-09-03 23:00:00,1154110.0
2020-09-03 23:30:00,1144661.0
2020-09-04 00:00:00,1115543.0
2020-09-04 00:30:00,1126532.0
2020-09-04 01:00:00,1141396.0
2020-09-04 01:30:00,1152653.0
2020-09-04 02:00:00,1168740.0
2020-09-04 02:30:00,1180559.0
2020-09-04 03:00:00,1187258.0
2020-09-04 03:30:00,1176384.0
2020-09-04 04:00:00,1150710.0
2020-09-04 04:30:00,1123755.0
2020-09-04 05:00:00,1120734.0
2020-09-04 05:30:00,1127146.0
2020-09-04 06:00:00,1156269.0
2020-09-04 06:30:00,1147691.0
2020-09-04 07:00:00,1160706.0
2020-09-04 07:30:00,1141393.0
2020-09-04 08:00:00,1145027.0
2020-09-04 08:30:00,1130878.0
2020-09-04 09:00:00,1108063.0
2020-09-04 09:30:00,1161595.0
2020-09-04 10:00:00,1215727.0
2020-09-04 10:30:00,1163932.0
2020-09-04 11:00:00,1116935.0
2020-09-04 11:30:00,1106543.0
2020-09-04 12:00:00,1073295.0
2020-09-04 12:30:00,1017657.0
2020-09-04 13:00:00,1111815.0
2020-09-04 13:30:00,1115631.0
2020-09-04 14:00:00,1118165.0
2020-09-04 14:30:00,1111648.0
2020-09-04 15:00:00,1116716.0
2020-09-04 15:30:00,1113545.0
2020-09-04 16:00:00,1119141.0
2020-09-04 16:30:00,1127198.0
2020-09-04 17:00:00,1122437.0
2020-09-04 17:30:00,1131467.0
2020-09-04 18:00:00,1124624.0
2020-09-04 18:30:00,1133434.0
2020-09-04 19:00:00,1148158.0
2020-09-04 19:30:00,1128258.0
2020-09-04 20:00:00,1120449.0
2020-09-04 20:30:00,1119339.0
2020-09-04 21:00:00,1118193.0
2020-09-04 21:30:00,1125655.0
2020-09-04 22:00:00,1118990.0
2020-09-04 22:30:00,1104916.0
2020-09-04 23:00:00,1148549.0
2020-09-04 23:30:00,1160412.0
2020-09-05 00:00:00,1143422.0
2020-09-05 00:30:00,1120202.0
2020-09-05 01:00:00,1099051.0
2020-09-05 01:30:00,1107906.0
2020-09-05 02:00:00,1131933.0
2020-09-05 02:30:00,1142380.0
2020-09-05 03:00:00,1153449.0
2020-09-05 03:30:00,1112190.0
2020-09-05 04:00:00,1102538.0
2020-09-05 04:30:00,1106376.0
2020-09-05 05:00:00,1112844.0
2020-09-05 05:30:00,1119525.0
2020-09-05 06:00:00,1124656.0
2020-09-05 06:30:00,1109466.0
2020-09-05 07:00:00,1106020.0
2020-09-05 07:30:00,1099311.0
2020-09-05 08:00:00,1124305.0
2020-09-05 08:30:00,1130470.0
2020-09-05 09:00:00,1134005.0
2020-09-05 09:30:00,1150304.0
2020-09-05 10:00:00,1155322.0
2020-09-05 10:30:00,1170858.0
2020-09-05 11:00:00,1162357.0
2020-09-05 11:30:00,1140972.0
2020-09-05 12:00:00,1079643.0
2020-09-05 12:30:00,1080782.0
2020-09-05 13:00:00,1090403.0
2020-09-05 13:30:00,1090185.0
2020-09-05 14:00:00,1089222.0
2020-09-05 14:30:00,1100191.0
2020-09-05 15:00:00,1084769.0
2020-09-05 15:30:00,1103190.0
2020-09-05 16:00:00,1101871.0
2020-09-05 16:30:00,1096583.0
2020-09-05 17:00:00,1097805.0
2020-09-05 17:30:00,1099169.0
2020-09-05 18:00:00,1085662.0
2020-09-05 18:30:00,1084534.0
2020-09-05 19:00:00,1088340.0
2020-09-05 19:30:00,1089454.0
2020-09-05 20:00:00,1088836.0
2020-09-05 20:30:00,1088802.0
2020-09-05 21:00:00,1088788.0
2020-09-05 21:30:00,1088167.0
2020-09-05 22:00:00,1099621.0
2020-09-05 22:30:00,1098551.0
2020-09-05 23:00:00,1121105.0
2020-09-05 23:30:00,1106114.0
2020-09-06 00:00:00,1075342.0
2020-09-06 00:30:00,1065112.0
2020-09-06 01:00:00,1089591.0
2020-09-06 01:30:00,1112911.0
2020-09-06 02:00:00,1136571.0
2020-09-06 02:30:00,1113034.0
2020-09-06 03:00:00,1096502.0
2020-09-06 03:30:00,1080391.0
2020-09-06 04:00:00,1051464.0
2020-09-06 04:30:00,1065206.0
2020-09-06 05:00:00,1100236.0
2020-09-06 05:30:00,1127941.0
2020-09-06 06:00:00,1101022.0
2020-09-06 06:30:00,1072048.0
2020-09-06 07:00:00,1069045.0
2020-09-06 07:30:00,978719.0
2020-09-06 08:00:00,1016691.0
2020-09-06 08:30:00,964951.0
2020-09-06 09:00:00,999329.0
2020-09-06 09:30:00,1083667.0
2020-09-06 10:00:00,1112602.0
2020-09-06 10:30:00,1110052.0
2020-09-06 11:00:00,1121614.0
2020-09-06 11:30:00,1104008.0
2020-09-06 12:00:00,1106063.0
2020-09-06 12:30:00,1110003.0
2020-09-06 13:00:00,1128007.0
2020-09-06 13:30:00,1107834.0
2020-09-06 14:00:00,1105947.0
2020-09-06 14:30:00,1107304.0
2020-09-06 15:00:00,1100619.0
2020-09-06 15:30:00,1096506.0
2020-09-06 16:00:00,1099271.0
2020-09-06 16:30:00,1099327.0
2020-09-06 17:00:00,1091076.0
2020-09-06 17:30:00,1102693.0
2020-09-06 18:00:00,1111376.0
2020-09-06 18:30:00,1101594.0
2020-09-06 19:00:00,1109795.0
2020-09-06 19:30:00,1095736.0
2020-09-06 20:00:00,1094549.0
2020-09-06 20:30:00,1064008.0
2020-09-06 21:00:00,972807.0
2020-09-06 21:30:00,1089642.0
2020-09-06 22:00:00,1115754.0
2020-09-06 22:30:00,1082764.0
2020-09-06 23:00:00,1105485.0
2020-09-06 23:30:00,960815.0
2020-09-07 00:00:00,961941.0
2020-09-07 00:30:00,1005127.0
2020-09-07 01:00:00,978062.0
2020-09-07 01:30:00,977031.0
2020-09-07 02:00:00,977120.0
2020-09-07 02:30:00,1019032.0
2020-09-07 03:00:00,990396.0
2020-09-07 03:30:00,1053825.0
2020-09-07 04:00:00,1107994.0
2020-09-07 04:30:00,1155462.0
2020-09-07 05:00:00,1178057.0
2020-09-07 05:30:00,1177083.0
2020-09-07 06:00:00,1175322.0
2020-09-07 06:30:00,1194884.0
2020-09-07 07:00:00,1191979.0
2020-09-07 07:30:00,1154740.0
2020-09-07 08:00:00,1145646.0
2020-09-07 08:30:00,1162781.0
2020-09-07 09:00:00,1140868.0
2020-09-07 09:30:00,1137792.0
2020-09-07 10:00:00,1119752.0
2020-09-07 10:30:00,1136633.0
2020-09-07 11:00:00,1131025.0
2020-09-07 11:30:00,1137925.0
2020-09-07 12:00:00,1022867.0
2020-09-07 12:30:00,987133.0
2020-09-07 13:00:00,1127232.0
2020-09-07 13:30:00,1171814.0
2020-09-07 14:00:00,1155695.0
2020-09-07 14:30:00,1144543.0
2020-09-07 15:00:00,1144739.0
2020-09-07 15:30:00,1149619.0
2020-09-07 16:00:00,1154572.0
2020-09-07 16:30:00,1153810.0
2020-09-07 17:00:00,1154563.0
2020-09-07 17:30:00,1147669.0
2020-09-07 18:00:00,1148366.0
2020-09-07 18:30:00,1147295.0
2020-09-07 19:00:00,1180144.0
2020-09-07 19:30:00,1170161.0
2020-09-07 20:00:00,1143341.0
2020-09-07 20:30:00,1148995.0
2020-09-07 21:00:00,1142289.0
2020-09-07 21:30:00,1148545.0
2020-09-07 22:00:00,1144551.0
2020-09-07 22:30:00,1131791.0
2020-09-07 23:00:00,1158822.0
2020-09-07 23:30:00,1135653.0
2020-09-08 00:00:00,1148354.0
2020-09-08 00:30:00,1163545.0
2020-09-08 01:00:00,1166148.0
2020-09-08 01:30:00,1147635.0
2020-09-08 02:00:00,1138242.0
2020-09-08 02:30:00,1148271.0
2020-09-08 03:00:00,1169604.0
2020-09-08 03:30:00,1181305.0
2020-09-08 04:00:00,1167200.0
2020-09-08 04:30:00,1169721.0
2020-09-08 05:00:00,1153067.0
2020-09-08 05:30:00,1136098.0
2020-09-08 06:00:00,1142161.0
2020-09-08 06:30:00,1142709.0
2020-09-08 07:00:00,1158611.0
2020-09-08 07:30:00,1161512.0
2020-09-08 08:00:00,1174019.0
2020-09-08 08:30:00,1164222.0
2020-09-08 09:00:00,1155508.0
2020-09-08 09:30:00,1155508.0
2020-09-08 10:00:00,1155508.0
2020-09-08 10:30:00,1155508.0
2020-09-08 11:00:00,1155508.0
2020-09-08 11:30:00,1155508.0
2020-09-08 12:00:00,1155508.0
2020-09-08 12:30:00,1155508.0
2020-09-08 13:00:00,1155508.0
2020-09-08 13:30:00,1155508.0
2020-09-08 14:00:00,1155508.0
2020-09-08 14:30:00,1155508.0
2020-09-08 15:00:00,1155508.0
2020-09-08 15:30:00,1361625.0
2020-09-08 16:00:00,1370042.0
2020-09-08 16:30:00,1395241.0
2020-09-08 17:00:00,1420660.0
2020-09-08 17:30:00,1426414.0
2020-09-08 18:00:00,1414943.0
2020-09-08 18:30:00,1407179.0
2020-09-08 19:00:00,1402776.0
2020-09-08 19:30:00,1372729.0
2020-09-08 20:00:00,1331703.0
2020-09-08 20:30:00,1336425.0
2020-09-08 21:00:00,1329934.0
2020-09-08 21:30:00,1347314.0
2020-09-08 22:00:00,1357389.0
2020-09-08 22:30:00,1341465.0
2020-09-08 23:00:00,1375400.0
2020-09-08 23:30:00,1340120.0
2020-09-09 00:00:00,1341333.0
2020-09-09 00:30:00,1336784.0
2020-09-09 01:00:00,1354218.0
2020-09-09 01:30:00,1348209.0
2020-09-09 02:00:00,1364508.0
2020-09-09 02:30:00,1353087.0
2020-09-09 03:00:00,1338350.0
2020-09-09 03:30:00,1314565.0
2020-09-09 04:00:00,1247894.0
2020-09-09 04:30:00,1251993.0
2020-09-09 05:00:00,1300810.0
2020-09-09 05:30:00,1268315.0
2020-09-09 06:00:00,1217029.0
2020-09-09 06:30:00,1322077.0
2020-09-09 07:00:00,1375623.0
2020-09-09 07:30:00,1371704.0
2020-09-09 08:00:00,1341855.0
2020-09-09 08:30:00,1356950.0
2020-09-09 09:00:00,1353596.0
2020-09-09 09:30:00,1355816.0
2020-09-09 10:00:00,1348933.0
2020-09-09 10:30:00,1343490.0
2020-09-09 11:00:00,1331153.0
2020-09-09 11:30:00,1314386.0
2020-09-09 12:00:00,1160984.0
2020-09-09 12:30:00,1159199.0
2020-09-09 13:00:00,1195436.0
2020-09-09 13:30:00,1344197.0
2020-09-09 14:00:00,1339517.0
2020-09-09 14:30:00,1263519.0
2020-09-09 15:00:00,1215735.0
2020-09-09 15:30:00,1327791.0
2020-09-09 16:00:00,1329806.0
2020-09-09 16:30:00,1329720.0
2020-09-09 17:00:00,1332552.0
2020-09-09 17:30:00,1341634.0
2020-09-09 18:00:00,1330376.0
2020-09-09 18:30:00,1348752.0
2020-09-09 19:00:00,1350455.0
2020-09-09 19:30:00,1351358.0
2020-09-09 20:00:00,1378912.0
2020-09-09 20:30:00,1416203.0
2020-09-09 21:00:00,1403337.0
2020-09-09 21:30:00,1412885.0
2020-09-09 22:00:00,1407298.0
2020-09-09 22:30:00,1397844.0
2020-09-09 23:00:00,1417681.0
2020-09-09 23:30:00,1395033.0
2020-09-10 00:00:00,1392767.0
2020-09-10 00:30:00,1352541.0
2020-09-10 01:00:00,1343557.0
2020-09-10 01:30:00,1366518.0
2020-09-10 02:00:00,1383610.0
2020-09-10 02:30:00,1377076.0
2020-09-10 03:00:00,1384870.0
2020-09-10 03:30:00,1387107.0
2020-09-10 04:00:00,1388660.0
2020-09-10 04:30:00,1386305.0
2020-09-10 05:00:00,1371817.0
2020-09-10 05:30:00,1345181.0
2020-09-10 06:00:00,1409264.0
2020-09-10 06:30:00,1387976.0
2020-09-10 07:00:00,1436233.0
2020-09-10 07:30:00,1411757.0
2020-09-10 08:00:00,1392478.0
2020-09-10 08:30:00,1366248.0
2020-09-10 09:00:00,1372821.0
2020-09-10 09:30:00,1373900.0
2020-09-10 10:00:00,1368998.0
2020-09-10 10:30:00,1392127.0
2020-09-10 11:00:00,1438698.0
2020-09-10 11:30:00,1416301.0
2020-09-10 12:00:00,1366114.0
2020-09-10 12:30:00,1351397.0
2020-09-10 13:00:00,1369464.0
2020-09-10 13:30:00,1367252.0
2020-09-10 14:00:00,1360281.0
2020-09-10 14:30:00,1352889.0
2020-09-10 15:00:00,1343085.0
2020-09-10 15:30:00,1347328.0
2020-09-10 16:00:00,1341133.0
2020-09-10 16:30:00,1354325.0
2020-09-10 17:00:00,1352027.0
2020-09-10 17:30:00,1366455.0
2020-09-10 18:00:00,1370561.0
2020-09-10 18:30:00,1406832.0
2020-09-10 19:00:00,1436593.0
2020-09-10 19:30:00,1430136.0
2020-09-10 20:00:00,1420448.0
2020-09-10 20:30:00,1415185.0
2020-09-10 21:00:00,1408611.0
2020-09-10 21:30:00,1401467.0
2020-09-10 22:00:00,1395114.0
2020-09-10 22:30:00,1389382.0
2020-09-10 23:00:00,1376075.0
2020-09-10 23:30:00,1379357.0
2020-09-11 00:00:00,1363536.0
2020-09-11 00:30:00,1340317.0
2020-09-11 01:00:00,1343677.0
2020-09-11 01:30:00,1335349.0
2020-09-11 02:00:00,1336002.0
2020-09-11 02:30:00,1336828.0
2020-09-11 03:00:00,1354411.0
2020-09-11 03:30:00,1344935.0
2020-09-11 04:00:00,1344207.0
2020-09-11 04:30:00,1354283.0
2020-09-11 05:00:00,1356359.0
2020-09-11 05:30:00,1350246.0
2020-09-11 06:00:00,1332818.0
2020-09-11 06:30:00,1389258.0
2020-09-11 07:00:00,1410399.0
2020-09-11 07:30:00,1393408.0
2020-09-11 08:00:00,1395432.0
2020-09-11 08:30:00,1391516.0
2020-09-11 09:00:00,1397046.0
2020-09-11 09:30:00,1399631.0
2020-09-11 10:00:00,1388340.0
2020-09-11 10:30:00,1381777.0
2020-09-11 11:00:00,1387508.0
2020-09-11 11:30:00,1364715.0
2020-09-11 12:00:00,1320802.0
2020-09-11 12:30:00,1303196.0
2020-09-11 13:00:00,1320137.0
2020-09-11 13:30:00,1345922.0
2020-09-11 14:00:00,1370408.0
2020-09-11 14:30:00,1383844.0
2020-09-11 15:00:00,1348090.0
2020-09-11 15:30:00,1324598.0
2020-09-11 16:00:00,1332529.0
2020-09-11 16:30:00,1338605.0
2020-09-11 17:00:00,1345305.0
2020-09-11 17:30:00,1348684.0
2020-09-11 18:00:00,1338417.0
2020-09-11 18:30:00,1345985.0
2020-09-11 19:00:00,1350464.0
2020-09-11 19:30:00,1362081.0
2020-09-11 20:00:00,1370101.0
2020-09-11 20:30:00,1364940.0
2020-09-11 21:00:00,1355711.0
2020-09-11 21:30:00,1356252.0
2020-09-11 22:00:00,1342942.0
2020-09-11 22:30:00,1354793.0
2020-09-11 23:00:00,1385907.0
2020-09-11 23:30:00,1418540.0
2020-09-12 00:00:00,1416779.0
2020-09-12 00:30:00,1405907.0
2020-09-12 01:00:00,1355970.0
2020-09-12 01:30:00,1336695.0
2020-09-12 02:00:00,1326473.0
2020-09-12 02:30:00,1347401.0
2020-09-12 03:00:00,1341761.0
2020-09-12 03:30:00,1333554.0
2020-09-12 04:00:00,1251806.0
2020-09-12 04:30:00,1284889.0
2020-09-12 05:00:00,1344315.0
2020-09-12 05:30:00,1366437.0
2020-09-12 06:00:00,1371184.0
2020-09-12 06:30:00,1387748.0
2020-09-12 07:00:00,1412475.0
2020-09-12 07:30:00,1402136.0
2020-09-12 08:00:00,1424360.0
2020-09-12 08:30:00,1397242.0
2020-09-12 09:00:00,1213897.0
2020-09-12 09:30:00,1196934.0
2020-09-12 10:00:00,1203866.0
2020-09-12 10:30:00,1254642.0
2020-09-12 11:00:00,1198861.0
2020-09-12 11:30:00,1181470.0
2020-09-12 12:00:00,1178312.0
2020-09-12 12:30:00,1188009.0
2020-09-12 13:00:00,1174997.0
2020-09-12 13:30:00,1281658.0
2020-09-12 14:00:00,1251063.0
2020-09-12 14:30:00,1279300.0
2020-09-12 15:00:00,1229575.0
2020-09-12 15:30:00,1349465.0
2020-09-12 16:00:00,1299184.0
2020-09-12 16:30:00,1343010.0
2020-09-12 17:00:00,1192312.0
2020-09-12 17:30:00,1192396.0
2020-09-12 18:00:00,1210566.0
2020-09-12 18:30:00,1319432.0
2020-09-12 19:00:00,1324340.0
2020-09-12 19:30:00,1308457.0
2020-09-12 20:00:00,1244698.0
2020-09-12 20:30:00,1176869.0
2020-09-12 21:00:00,1301855.0
2020-09-12 21:30:00,1307236.0
2020-09-12 22:00:00,1348832.0
2020-09-12 22:30:00,1343274.0
2020-09-12 23:00:00,1375696.0
2020-09-12 23:30:00,1332818.0
2020-09-13 00:00:00,1253099.0
2020-09-13 00:30:00,1183126.0
2020-09-13 01:00:00,1161197.0
2020-09-13 01:30:00,1156801.0
2020-09-13 02:00:00,1284812.0
2020-09-13 02:30:00,1296454.0
2020-09-13 03:00:00,1271347.0
2020-09-13 03:30:00,1262164.0
2020-09-13 04:00:00,1299197.0
2020-09-13 04:30:00,1311580.0
2020-09-13 05:00:00,1365486.0
2020-09-13 05:30:00,1371699.0
2020-09-13 06:00:00,1393526.0
2020-09-13 06:30:00,1413826.0
2020-09-13 07:00:00,1422350.0
2020-09-13 07:30:00,1362237.0
2020-09-13 08:00:00,1199185.0
2020-09-13 08:30:00,1168489.0
2020-09-13 09:00:00,1176294.0
2020-09-13 09:30:00,1176654.0
2020-09-13 10:00:00,1181952.0
2020-09-13 10:30:00,1196448.0
2020-09-13 11:00:00,1180072.0
2020-09-13 11:30:00,1178979.0
2020-09-13 12:00:00,1176466.0
2020-09-13 12:30:00,1238284.0
2020-09-13 13:00:00,1284892.0
2020-09-13 13:30:00,1316735.0
2020-09-13 14:00:00,1327521.0
2020-09-13 14:30:00,1305969.0
2020-09-13 15:00:00,1173434.0
2020-09-13 15:30:00,1170616.0
2020-09-13 16:00:00,1178283.0
2020-09-13 16:30:00,1295349.0
2020-09-13 17:00:00,1356728.0
2020-09-13 17:30:00,1347470.0
2020-09-13 18:00:00,1359609.0
2020-09-13 18:30:00,1404487.0
2020-09-13 19:00:00,1429654.0
2020-09-13 19:30:00,1428506.0
2020-09-13 20:00:00,1424154.0
2020-09-13 20:30:00,1431052.0
2020-09-13 21:00:00,1415440.0
2020-09-13 21:30:00,1401629.0
2020-09-13 22:00:00,1378106.0
2020-09-13 22:30:00,1359199.0
2020-09-13 23:00:00,1354087.0
2020-09-13 23:30:00,1334955.0
2020-09-14 00:00:00,1207983.0
2020-09-14 00:30:00,1208121.0
2020-09-14 01:00:00,1216024.0
2020-09-14 01:30:00,1182420.0
2020-09-14 02:00:00,1203494.0
2020-09-14 02:30:00,1243229.0
2020-09-14 03:00:00,1237226.0
2020-09-14 03:30:00,1237292.0
2020-09-14 04:00:00,1302586.0
2020-09-14 04:30:00,1353566.0
2020-09-14 05:00:00,1372678.0
2020-09-14 05:30:00,1385589.0
2020-09-14 06:00:00,1404198.0
2020-09-14 06:30:00,1409114.0
2020-09-14 07:00:00,1404698.0
2020-09-14 07:30:00,1402951.0
2020-09-14 08:00:00,1407668.0
2020-09-14 08:30:00,1422400.0
2020-09-14 09:00:00,1410755.0
2020-09-14 09:30:00,1354773.0
2020-09-14 10:00:00,1350790.0
2020-09-14 10:30:00,1413636.0
2020-09-14 11:00:00,1388967.0
2020-09-14 11:30:00,1312146.0
2020-09-14 12:00:00,1205456.0
2020-09-14 12:30:00,1230784.0
2020-09-14 13:00:00,1346453.0
2020-09-14 13:30:00,1351314.0
2020-09-14 14:00:00,1348608.0
2020-09-14 14:30:00,1346205.0
2020-09-14 15:00:00,1328661.0
2020-09-14 15:30:00,1320303.0
2020-09-14 16:00:00,1335589.0
2020-09-14 16:30:00,1358303.0
2020-09-14 17:00:00,1356320.0
2020-09-14 17:30:00,1352519.0
2020-09-14 18:00:00,1356383.0
2020-09-14 18:30:00,1362272.0
2020-09-14 19:00:00,1364842.0
2020-09-14 19:30:00,1369986.0
2020-09-14 20:00:00,1345533.0
2020-09-14 20:30:00,1375086.0
2020-09-14 21:00:00,1351435.0
2020-09-14 21:30:00,1340000.0
2020-09-14 22:00:00,1329090.0
2020-09-14 22:30:00,1219234.0
2020-09-14 23:00:00,1343812.0
2020-09-14 23:30:00,1327260.0
2020-09-15 00:00:00,1218154.0
2020-09-15 00:30:00,1186844.0
2020-09-15 01:00:00,1227587.0
2020-09-15 01:30:00,1212605.0
2020-09-15 02:00:00,1259795.0
2020-09-15 02:30:00,1255882.0
2020-09-15 03:00:00,1175072.0
2020-09-15 03:30:00,1165479.0
2020-09-15 04:00:00,1313131.0
2020-09-15 04:30:00,1336926.0
2020-09-15 05:00:00,1360022.0
2020-09-15 05:30:00,1358917.0
2020-09-15 06:00:00,1372562.0
2020-09-15 06:30:00,1404165.0
2020-09-15 07:00:00,1401072.0
2020-09-15 07:30:00,1388801.0
2020-09-15 08:00:00,1403568.0
2020-09-15 08:30:00,1405124.0
2020-09-15 09:00:00,1384190.0
2020-09-15 09:30:00,1384190.0
2020-09-15 10:00:00,1384190.0
2020-09-15 10:30:00,1384190.0
2020-09-15 11:00:00,1384190.0
2020-09-15 11:30:00,1384190.0
2020-09-15 12:00:00,1384190.0
2020-09-15 12:30:00,1384190.0
2020-09-15 13:00:00,1384190.0
2020-09-15 13:30:00,1384190.0
2020-09-15 14:00:00,1384190.0
2020-09-15 14:30:00,1384190.0
2020-09-15 15:00:00,1378053.0
2020-09-15 15:30:00,1383273.0
2020-09-15 16:00:00,1398292.0
2020-09-15 16:30:00,1421145.0
2020-09-15 17:00:00,1423690.0
2020-09-15 17:30:00,1410878.0
2020-09-15 18:00:00,1404565.0
2020-09-15 18:30:00,1423006.0
2020-09-15 19:00:00,1425133.0
2020-09-15 19:30:00,1430894.0
2020-09-15 20:00:00,1397374.0
2020-09-15 20:30:00,1383628.0
2020-09-15 21:00:00,1384508.0
2020-09-15 21:30:00,1382207.0
2020-09-15 22:00:00,1372744.0
2020-09-15 22:30:00,1377483.0
2020-09-15 23:00:00,1383859.0
2020-09-15 23:30:00,1398510.0
2020-09-16 00:00:00,1419007.0
2020-09-16 00:30:00,1409923.0
2020-09-16 01:00:00,1409117.0
2020-09-16 01:30:00,1413623.0
2020-09-16 02:00:00,1432772.0
2020-09-16 02:30:00,1437518.0
2020-09-16 03:00:00,1379225.0
2020-09-16 03:30:00,1379020.0
2020-09-16 04:00:00,1319311.0
2020-09-16 04:30:00,1225738.0
2020-09-16 05:00:00,1221008.0
2020-09-16 05:30:00,1254358.0
2020-09-16 06:00:00,1346312.0
2020-09-16 06:30:00,1402988.0
2020-09-16 07:00:00,1437477.0
2020-09-16 07:30:00,1446281.0
2020-09-16 08:00:00,1476001.0
2020-09-16 08:30:00,1478515.0
2020-09-16 09:00:00,1470806.0
2020-09-16 09:30:00,1470003.0
2020-09-16 10:00:00,1460006.0
2020-09-16 10:30:00,1461934.0
2020-09-16 11:00:00,1461656.0
2020-09-16 11:30:00,1459201.0
2020-09-16 12:00:00,1421967.0
2020-09-16 12:30:00,1385200.0
2020-09-16 13:00:00,1458330.0
2020-09-16 13:30:00,1439155.0
2020-09-16 14:00:00,1439477.0
2020-09-16 14:30:00,1442402.0
2020-09-16 15:00:00,1414771.0
2020-09-16 15:30:00,1401952.0
2020-09-16 16:00:00,1381057.0
2020-09-16 16:30:00,1380889.0
2020-09-16 17:00:00,1386853.0
2020-09-16 17:30:00,1388253.0
2020-09-16 18:00:00,1418538.0
2020-09-16 18:30:00,1439684.0
2020-09-16 19:00:00,1442218.0
2020-09-16 19:30:00,1419012.0
2020-09-16 20:00:00,1384824.0
2020-09-16 20:30:00,1363842.0
2020-09-16 21:00:00,1367222.0
2020-09-16 21:30:00,1376975.0
2020-09-16 22:00:00,1410224.0
2020-09-16 22:30:00,1428018.0
2020-09-16 23:00:00,1427666.0
2020-09-16 23:30:00,1433245.0
2020-09-17 00:00:00,1441483.0
2020-09-17 00:30:00,1433693.0
2020-09-17 01:00:00,1432070.0
2020-09-17 01:30:00,1421158.0
2020-09-17 02:00:00,1415596.0
2020-09-17 02:30:00,1395544.0
2020-09-17 03:00:00,1359970.0
2020-09-17 03:30:00,1368087.0
2020-09-17 04:00:00,1341478.0
2020-09-17 04:30:00,1245857.0
2020-09-17 05:00:00,1215358.0
2020-09-17 05:30:00,1192772.0
2020-09-17 06:00:00,1195755.0
2020-09-17 06:30:00,1352093.0
2020-09-17 07:00:00,1407366.0
2020-09-17 07:30:00,1443041.0
2020-09-17 08:00:00,1449782.0
2020-09-17 08:30:00,1473950.0
2020-09-17 09:00:00,1456163.0
2020-09-17 09:30:00,1448437.0
2020-09-17 10:00:00,1438429.0
2020-09-17 10:30:00,1433520.0
2020-09-17 11:00:00,1415067.0
2020-09-17 11:30:00,1399002.0
2020-09-17 12:00:00,1350533.0
2020-09-17 12:30:00,1332371.0
2020-09-17 13:00:00,1400782.0
2020-09-17 13:30:00,1415020.0
2020-09-17 14:00:00,1414420.0
2020-09-17 14:30:00,1398156.0
2020-09-17 15:00:00,1391109.0
2020-09-17 15:30:00,1394619.0
2020-09-17 16:00:00,1399407.0
2020-09-17 16:30:00,1417250.0
2020-09-17 17:00:00,1432738.0
2020-09-17 17:30:00,1435216.0
2020-09-17 18:00:00,1428313.0
2020-09-17 18:30:00,1448525.0
2020-09-17 19:00:00,1452128.0
2020-09-17 19:30:00,1456422.0
2020-09-17 20:00:00,1448419.0
2020-09-17 20:30:00,1449756.0
2020-09-17 21:00:00,1451412.0
2020-09-17 21:30:00,1441151.0
2020-09-17 22:00:00,1425062.0
2020-09-17 22:30:00,1428262.0
2020-09-17 23:00:00,1431311.0
2020-09-17 23:30:00,1430899.0
2020-09-18 00:00:00,1402196.0
2020-09-18 00:30:00,1405737.0
2020-09-18 01:00:00,1408133.0
2020-09-18 01:30:00,1401950.0
2020-09-18 02:00:00,1390278.0
2020-09-18 02:30:00,1420470.0
2020-09-18 03:00:00,1431230.0
2020-09-18 03:30:00,1436094.0
2020-09-18 04:00:00,1434836.0
2020-09-18 04:30:00,1429267.0
2020-09-18 05:00:00,1438971.0
2020-09-18 05:30:00,1433896.0
2020-09-18 06:00:00,1433500.0
2020-09-18 06:30:00,1414579.0
2020-09-18 07:00:00,1432405.0
2020-09-18 07:30:00,1389139.0
2020-09-18 08:00:00,1388959.0
2020-09-18 08:30:00,1393535.0
2020-09-18 09:00:00,1369119.0
2020-09-18 09:30:00,1380638.0
2020-09-18 10:00:00,1369556.0
2020-09-18 10:30:00,1392384.0
2020-09-18 11:00:00,1251004.0
2020-09-18 11:30:00,1201986.0
2020-09-18 12:00:00,1194463.0
2020-09-18 12:30:00,1189088.0
2020-09-18 13:00:00,1194341.0
2020-09-18 13:30:00,1241017.0
2020-09-18 14:00:00,1374245.0
2020-09-18 14:30:00,1336855.0
2020-09-18 15:00:00,1269118.0
2020-09-18 15:30:00,1374111.0
2020-09-18 16:00:00,1392193.0
2020-09-18 16:30:00,1412777.0
2020-09-18 17:00:00,1401359.0
2020-09-18 17:30:00,1411193.0
2020-09-18 18:00:00,1428185.0
2020-09-18 18:30:00,1449838.0
2020-09-18 19:00:00,1423869.0
2020-09-18 19:30:00,1397890.0
2020-09-18 20:00:00,1363940.0
2020-09-18 20:30:00,1375720.0
2020-09-18 21:00:00,1401134.0
2020-09-18 21:30:00,1424642.0
2020-09-18 22:00:00,1141930.0
2020-09-18 22:30:00,786310.0
2020-09-18 23:00:00,616462.0
2020-09-18 23:30:00,429821.0
2020-09-19 00:00:00,131957.0
2020-09-19 00:30:00,0.0
2020-09-19 01:00:00,0.0
2020-09-19 01:30:00,0.0
2020-09-19 02:00:00,0.0
2020-09-19 02:30:00,0.0
2020-09-19 03:00:00,0.0
2020-09-19 03:30:00,0.0
2020-09-19 04:00:00,0.0
2020-09-19 04:30:00,0.0
2020-09-19 05:00:00,0.0
2020-09-19 05:30:00,0.0
2020-09-19 06:00:00,0.0
2020-09-19 06:30:00,0.0
2020-09-19 07:00:00,0.0
2020-09-19 07:30:00,0.0
2020-09-19 08:00:00,0.0
2020-09-19 08:30:00,0.0
2020-09-19 09:00:00,0.0
2020-09-19 09:30:00,0.0
2020-09-19 10:00:00,0.0
2020-09-19 10:30:00,0.0
2020-09-19 11:00:00,0.0
2020-09-19 11:30:00,0.0
2020-09-19 12:00:00,0.0
2020-09-19 12:30:00,0.0
2020-09-19 13:00:00,0.0
2020-09-19 13:30:00,0.0
2020-09-19 14:00:00,0.0
2020-09-19 14:30:00,0.0
2020-09-19 15:00:00,0.0
2020-09-19 15:30:00,0.0
2020-09-19 16:00:00,0.0
2020-09-19 16:30:00,0.0
2020-09-19 17:00:00,0.0
2020-09-19 17:30:00,0.0
2020-09-19 18:00:00,0.0
2020-09-19 18:30:00,0.0
2020-09-19 19:00:00,0.0
2020-09-19 19:30:00,0.0
2020-09-19 20:00:00,0.0
2020-09-19 20:30:00,0.0
2020-09-19 21:00:00,0.0
2020-09-19 21:30:00,0.0
2020-09-19 22:00:00,0.0
2020-09-19 22:30:00,0.0
2020-09-19 23:00:00,0.0
2020-09-19 23:30:00,0.0
2020-09-20 00:00:00,0.0
2020-09-20 00:30:00,0.0
2020-09-20 01:00:00,0.0
2020-09-20 01:30:00,0.0
2020-09-20 02:00:00,0.0
2020-09-20 02:30:00,0.0
2020-09-20 03:00:00,0.0
2020-09-20 03:30:00,0.0
2020-09-20 04:00:00,0.0
2020-09-20 04:30:00,0.0
2020-09-20 05:00:00,0.0
2020-09-20 05:30:00,0.0
2020-09-20 06:00:00,0.0
2020-09-20 06:30:00,0.0
2020-09-20 07:00:00,0.0
2020-09-20 07:30:00,0.0
2020-09-20 08:00:00,0.0
2020-09-20 08:30:00,0.0
2020-09-20 09:00:00,0.0
2020-09-20 09:30:00,0.0
2020-09-20 10:00:00,0.0
2020-09-20 10:30:00,0.0
2020-09-20 11:00:00,0.0
2020-09-20 11:30:00,0.0
2020-09-20 12:00:00,0.0
2020-09-20 12:30:00,0.0
2020-09-20 13:00:00,0.0
2020-09-20 13:30:00,0.0
2020-09-20 14:00:00,0.0
2020-09-20 14:30:00,0.0
2020-09-20 15:00:00,0.0
2020-09-20 15:30:00,0.0
2020-09-20 16:00:00,0.0
2020-09-20 16:30:00,0.0
2020-09-20 17:00:00,0.0
2020-09-20 17:30:00,0.0
2020-09-20 18:00:00,0.0
2020-09-20 18:30:00,0.0
2020-09-20 19:00:00,0.0
2020-09-20 19:30:00,0.0
2020-09-20 20:00:00,0.0
2020-09-20 20:30:00,0.0
2020-09-20 21:00:00,0.0
2020-09-20 21:30:00,0.0
2020-09-20 22:00:00,0.0
2020-09-20 22:30:00,0.0
2020-09-20 23:00:00,0.0
2020-09-20 23:30:00,0.0
2020-09-21 00:00:00,0.0
2020-09-21 00:30:00,0.0
2020-09-21 01:00:00,0.0
2020-09-21 01:30:00,0.0
2020-09-21 02:00:00,0.0
2020-09-21 02:30:00,0.0
2020-09-21 03:00:00,0.0
2020-09-21 03:30:00,0.0
2020-09-21 04:00:00,0.0
2020-09-21 04:30:00,0.0
2020-09-21 05:00:00,0.0
2020-09-21 05:30:00,0.0
2020-09-21 06:00:00,0.0
2020-09-21 06:30:00,0.0
2020-09-21 07:00:00,0.0
2020-09-21 07:30:00,0.0
2020-09-21 08:00:00,0.0
2020-09-21 08:30:00,0.0
2020-09-21 09:00:00,0.0
2020-09-21 09:30:00,0.0
2020-09-21 10:00:00,0.0
2020-09-21 10:30:00,0.0
2020-09-21 11:00:00,0.0
2020-09-21 11:30:00,0.0
2020-09-21 12:00:00,0.0
2020-09-21 12:30:00,0.0
2020-09-21 13:00:00,0.0
2020-09-21 13:30:00,0.0
2020-09-21 14:00:00,0.0
2020-09-21 14:30:00,0.0
2020-09-21 15:00:00,0.0
2020-09-21 15:30:00,0.0
2020-09-21 16:00:00,0.0
2020-09-21 16:30:00,0.0
2020-09-21 17:00:00,0.0
2020-09-21 17:30:00,0.0
2020-09-21 18:00:00,0.0
2020-09-21 18:30:00,0.0
2020-09-21 19:00:00,0.0
2020-09-21 19:30:00,0.0
2020-09-21 20:00:00,0.0
2020-09-21 20:30:00,0.0
2020-09-21 21:00:00,0.0
2020-09-21 21:30:00,0.0
2020-09-21 22:00:00,0.0
2020-09-21 22:30:00,0.0
2020-09-21 23:00:00,0.0
2020-09-21 23:30:00,0.0
2020-09-22 00:00:00,0.0
2020-09-22 00:30:00,0.0
2020-09-22 01:00:00,0.0
2020-09-22 01:30:00,0.0
2020-09-22 02:00:00,0.0
2020-09-22 02:30:00,0.0
2020-09-22 03:00:00,0.0
2020-09-22 03:30:00,0.0
2020-09-22 04:00:00,0.0
2020-09-22 04:30:00,0.0
2020-09-22 05:00:00,0.0
2020-09-22 05:30:00,0.0
2020-09-22 06:00:00,0.0
2020-09-22 06:30:00,0.0
2020-09-22 07:00:00,0.0
2020-09-22 07:30:00,0.0
2020-09-22 08:00:00,0.0
2020-09-22 08:30:00,0.0
2020-09-22 09:00:00,0.0
2020-09-22 09:30:00,0.0
2020-09-22 10:00:00,0.0
2020-09-22 10:30:00,0.0
2020-09-22 11:00:00,0.0
2020-09-22 11:30:00,0.0
2020-09-22 12:00:00,0.0
2020-09-22 12:30:00,0.0
2020-09-22 13:00:00,0.0
2020-09-22 13:30:00,0.0
2020-09-22 14:00:00,0.0
2020-09-22 14:30:00,0.0
2020-09-22 15:00:00,0.0
2020-09-22 15:30:00,0.0
2020-09-22 16:00:00,0.0
2020-09-22 16:30:00,0.0
2020-09-22 17:00:00,0.0
2020-09-22 17:30:00,0.0
2020-09-22 18:00:00,0.0
2020-09-22 18:30:00,0.0
2020-09-22 19:00:00,0.0
2020-09-22 19:30:00,0.0
2020-09-22 20:00:00,0.0
2020-09-22 20:30:00,0.0
2020-09-22 21:00:00,0.0
2020-09-22 21:30:00,0.0
2020-09-22 22:00:00,0.0
2020-09-22 22:30:00,0.0
2020-09-22 23:00:00,0.0
2020-09-22 23:30:00,0.0
2020-09-23 00:00:00,0.0
2020-09-23 00:30:00,0.0
2020-09-23 01:00:00,0.0
2020-09-23 01:30:00,0.0
2020-09-23 02:00:00,0.0
2020-09-23 02:30:00,0.0
2020-09-23 03:00:00,0.0
2020-09-23 03:30:00,0.0
2020-09-23 04:00:00,0.0
2020-09-23 04:30:00,0.0
2020-09-23 05:00:00,0.0
2020-09-23 05:30:00,0.0
2020-09-23 06:00:00,0.0
2020-09-23 06:30:00,0.0
2020-09-23 07:00:00,0.0
2020-09-23 07:30:00,0.0
2020-09-23 08:00:00,0.0
2020-09-23 08:30:00,0.0
2020-09-23 09:00:00,0.0
2020-09-23 09:30:00,0.0
2020-09-23 10:00:00,0.0
2020-09-23 10:30:00,0.0
2020-09-23 11:00:00,0.0
2020-09-23 11:30:00,0.0
2020-09-23 12:00:00,0.0
2020-09-23 12:30:00,0.0
2020-09-23 13:00:00,0.0
2020-09-23 13:30:00,0.0
2020-09-23 14:00:00,0.0
2020-09-23 14:30:00,0.0
2020-09-23 15:00:00,0.0
2020-09-23 15:30:00,0.0
2020-09-23 16:00:00,0.0
2020-09-23 16:30:00,0.0
2020-09-23 17:00:00,0.0
2020-09-23 17:30:00,0.0
2020-09-23 18:00:00,0.0
2020-09-23 18:30:00,0.0
2020-09-23 19:00:00,0.0
2020-09-23 19:30:00,0.0
2020-09-23 20:00:00,0.0
2020-09-23 20:30:00,0.0
2020-09-23 21:00:00,0.0
2020-09-23 21:30:00,0.0
2020-09-23 22:00:00,0.0
2020-09-23 22:30:00,0.0
2020-09-23 23:00:00,0.0
2020-09-23 23:30:00,0.0
2020-09-24 00:00:00,0.0
2020-09-24 00:30:00,0.0
2020-09-24 01:00:00,0.0
2020-09-24 01:30:00,0.0
2020-09-24 02:00:00,0.0
2020-09-24 02:30:00,0.0
2020-09-24 03:00:00,0.0
2020-09-24 03:30:00,0.0
2020-09-24 04:00:00,0.0
2020-09-24 04:30:00,0.0
2020-09-24 05:00:00,0.0
2020-09-24 05:30:00,0.0
2020-09-24 06:00:00,0.0
2020-09-24 06:30:00,0.0
2020-09-24 07:00:00,0.0
2020-09-24 07:30:00,0.0
2020-09-24 08:00:00,0.0
2020-09-24 08:30:00,0.0
2020-09-24 09:00:00,0.0
2020-09-24 09:30:00,0.0
2020-09-24 10:00:00,0.0
2020-09-24 10:30:00,0.0
2020-09-24 11:00:00,0.0
2020-09-24 11:30:00,0.0
2020-09-24 12:00:00,0.0
2020-09-24 12:30:00,0.0
2020-09-24 13:00:00,0.0
2020-09-24 13:30:00,0.0
2020-09-24 14:00:00,0.0
2020-09-24 14:30:00,0.0
2020-09-24 15:00:00,0.0
2020-09-24 15:30:00,0.0
2020-09-24 16:00:00,0.0
2020-09-24 16:30:00,0.0
2020-09-24 17:00:00,0.0
2020-09-24 17:30:00,0.0
2020-09-24 18:00:00,0.0
2020-09-24 18:30:00,0.0
2020-09-24 19:00:00,0.0
2020-09-24 19:30:00,0.0
2020-09-24 20:00:00,0.0
2020-09-24 20:30:00,0.0
2020-09-24 21:00:00,0.0
2020-09-24 21:30:00,0.0
2020-09-24 22:00:00,0.0
2020-09-24 22:30:00,0.0
2020-09-24 23:00:00,0.0
2020-09-24 23:30:00,0.0
2020-09-25 00:00:00,0.0
2020-09-25 00:30:00,0.0
2020-09-25 01:00:00,0.0
2020-09-25 01:30:00,0.0
2020-09-25 02:00:00,0.0
2020-09-25 02:30:00,0.0
2020-09-25 03:00:00,0.0
2020-09-25 03:30:00,0.0
2020-09-25 04:00:00,0.0
2020-09-25 04:30:00,0.0
2020-09-25 05:00:00,0.0
2020-09-25 05:30:00,0.0
2020-09-25 06:00:00,0.0
2020-09-25 06:30:00,0.0
2020-09-25 07:00:00,0.0
2020-09-25 07:30:00,0.0
2020-09-25 08:00:00,0.0
2020-09-25 08:30:00,0.0
2020-09-25 09:00:00,0.0
2020-09-25 09:30:00,0.0
2020-09-25 10:00:00,0.0
2020-09-25 10:30:00,0.0
2020-09-25 11:00:00,0.0
2020-09-25 11:30:00,0.0
2020-09-25 12:00:00,0.0
2020-09-25 12:30:00,0.0
2020-09-25 13:00:00,0.0
2020-09-25 13:30:00,0.0
2020-09-25 14:00:00,0.0
2020-09-25 14:30:00,0.0
2020-09-25 15:00:00,0.0
2020-09-25 15:30:00,0.0
2020-09-25 16:00:00,0.0
2020-09-25 16:30:00,0.0
2020-09-25 17:00:00,0.0
2020-09-25 17:30:00,0.0
2020-09-25 18:00:00,0.0
2020-09-25 18:30:00,0.0
2020-09-25 19:00:00,0.0
2020-09-25 19:30:00,0.0
2020-09-25 20:00:00,89385.9
2020-09-25 20:30:00,143648.0
2020-09-25 21:00:00,173832.0
2020-09-25 21:30:00,222686.0
2020-09-25 22:00:00,266158.0
2020-09-25 22:30:00,299882.0
2020-09-25 23:00:00,352998.0
2020-09-25 23:30:00,357893.0
2020-09-26 00:00:00,366601.0
2020-09-26 00:30:00,469053.0
2020-09-26 01:00:00,560029.0
2020-09-26 01:30:00,620479.0
2020-09-26 02:00:00,654291.0
2020-09-26 02:30:00,722897.0
2020-09-26 03:00:00,722525.0
2020-09-26 03:30:00,713776.0
2020-09-26 04:00:00,736660.0
2020-09-26 04:30:00,892948.0
2020-09-26 05:00:00,1144484.0
2020-09-26 05:30:00,1313528.0
2020-09-26 06:00:00,1418588.0
2020-09-26 06:30:00,1452608.0
2020-09-26 07:00:00,1446568.0
2020-09-26 07:30:00,1446230.0
2020-09-26 08:00:00,1450530.0
2020-09-26 08:30:00,1429530.0
2020-09-26 09:00:00,1192032.0
2020-09-26 09:30:00,1184879.0
2020-09-26 10:00:00,1186461.0
2020-09-26 10:30:00,1180435.0
2020-09-26 11:00:00,1191622.0
2020-09-26 11:30:00,1189057.0
2020-09-26 12:00:00,1196020.0
2020-09-26 12:30:00,1194328.0
2020-09-26 13:00:00,1194989.0
2020-09-26 13:30:00,1191131.0
2020-09-26 14:00:00,1203331.0
2020-09-26 14:30:00,1201282.0
2020-09-26 15:00:00,1189576.0
2020-09-26 15:30:00,1254274.0
2020-09-26 16:00:00,1413368.0
2020-09-26 16:30:00,1396219.0
2020-09-26 17:00:00,1355581.0
2020-09-26 17:30:00,1334352.0
2020-09-26 18:00:00,1397667.0
2020-09-26 18:30:00,1412189.0
2020-09-26 19:00:00,1394657.0
2020-09-26 19:30:00,1351586.0
2020-09-26 20:00:00,1306220.0
2020-09-26 20:30:00,1382368.0
2020-09-26 21:00:00,1373442.0
2020-09-26 21:30:00,1400646.0
2020-09-26 22:00:00,1406663.0
2020-09-26 22:30:00,1389766.0
2020-09-26 23:00:00,1400908.0
2020-09-26 23:30:00,1401924.0
2020-09-27 00:00:00,1394139.0
2020-09-27 00:30:00,1400776.0
2020-09-27 01:00:00,1395965.0
2020-09-27 01:30:00,1403263.0
2020-09-27 02:00:00,1332942.0
2020-09-27 02:30:00,1323589.0
2020-09-27 03:00:00,1266560.0
2020-09-27 03:30:00,1221005.0
2020-09-27 04:00:00,1233806.0
2020-09-27 04:30:00,1267666.0
2020-09-27 05:00:00,1364768.0
2020-09-27 05:30:00,1372566.0
2020-09-27 06:00:00,1395237.0
2020-09-27 06:30:00,1398136.0
2020-09-27 07:00:00,1396322.0
2020-09-27 07:30:00,1327901.0
2020-09-27 08:00:00,1264657.0
2020-09-27 08:30:00,1166669.0
2020-09-27 09:00:00,1165794.0
2020-09-27 09:30:00,1165217.0
2020-09-27 10:00:00,1188820.0
2020-09-27 10:30:00,1190529.0
2020-09-27 11:00:00,1221838.0
2020-09-27 11:30:00,1183436.0
2020-09-27 12:00:00,1206956.0
2020-09-27 12:30:00,1232950.0
2020-09-27 13:00:00,1365348.0
2020-09-27 13:30:00,1403900.0
2020-09-27 14:00:00,1369623.0
2020-09-27 14:30:00,1410316.0
2020-09-27 15:00:00,1410844.0
2020-09-27 15:30:00,1404826.0
2020-09-27 16:00:00,1406811.0
2020-09-27 16:30:00,1412895.0
2020-09-27 17:00:00,1404630.0
2020-09-27 17:30:00,1410170.0
2020-09-27 18:00:00,1403872.0
2020-09-27 18:30:00,1393810.0
2020-09-27 19:00:00,1400184.0
2020-09-27 19:30:00,1400504.0
2020-09-27 20:00:00,1403013.0
2020-09-27 20:30:00,1406266.0
2020-09-27 21:00:00,1408701.0
2020-09-27 21:30:00,1402392.0
2020-09-27 22:00:00,1398258.0
2020-09-27 22:30:00,1395560.0
2020-09-27 23:00:00,1386396.0
2020-09-27 23:30:00,1373767.0
2020-09-28 00:00:00,1215688.0
2020-09-28 00:30:00,1292203.0
2020-09-28 01:00:00,1340390.0
2020-09-28 01:30:00,1312036.0
2020-09-28 02:00:00,1251663.0
2020-09-28 02:30:00,1202727.0
2020-09-28 03:00:00,1164981.0
2020-09-28 03:30:00,1150698.0
2020-09-28 04:00:00,1172794.0
2020-09-28 04:30:00,1208286.0
2020-09-28 05:00:00,1261607.0
2020-09-28 05:30:00,1381845.0
2020-09-28 06:00:00,1278470.0
2020-09-28 06:30:00,1388773.0
2020-09-28 07:00:00,1393149.0
2020-09-28 07:30:00,1390651.0
2020-09-28 08:00:00,1404844.0
2020-09-28 08:30:00,1398525.0
2020-09-28 09:00:00,1394507.0
2020-09-28 09:30:00,1409755.0
2020-09-28 10:00:00,1402020.0
2020-09-28 10:30:00,1407094.0
2020-09-28 11:00:00,1410784.0
2020-09-28 11:30:00,1415200.0
2020-09-28 12:00:00,1408263.0
2020-09-28 12:30:00,1394750.0
2020-09-28 13:00:00,1409259.0
2020-09-28 13:30:00,1428396.0
2020-09-28 14:00:00,1443942.0
2020-09-28 14:30:00,1412663.0
2020-09-28 15:00:00,1353623.0
2020-09-28 15:30:00,1297246.0
2020-09-28 16:00:00,1353116.0
2020-09-28 16:30:00,1366966.0
2020-09-28 17:00:00,1352268.0
2020-09-28 17:30:00,1358753.0
2020-09-28 18:00:00,1361192.0
2020-09-28 18:30:00,1392010.0
2020-09-28 19:00:00,1384128.0
2020-09-28 19:30:00,1390797.0
2020-09-28 20:00:00,1386368.0
2020-09-28 20:30:00,1363517.0
2020-09-28 21:00:00,1355259.0
2020-09-28 21:30:00,1346757.0
2020-09-28 22:00:00,1341200.0
2020-09-28 22:30:00,1343246.0
2020-09-28 23:00:00,1374418.0
2020-09-28 23:30:00,1376648.0
2020-09-29 00:00:00,1308700.0
2020-09-29 00:30:00,1272099.0
2020-09-29 01:00:00,1343582.0
2020-09-29 01:30:00,1380335.0
2020-09-29 02:00:00,1400698.0
2020-09-29 02:30:00,1414466.0
2020-09-29 03:00:00,1410570.0
2020-09-29 03:30:00,1403923.0
2020-09-29 04:00:00,1383776.0
2020-09-29 04:30:00,1368594.0
2020-09-29 05:00:00,1364089.0
2020-09-29 05:30:00,1373669.0
2020-09-29 06:00:00,1377289.0
2020-09-29 06:30:00,1370918.0
2020-09-29 07:00:00,1371987.0
2020-09-29 07:30:00,1344811.0
2020-09-29 08:00:00,1362204.0
2020-09-29 08:30:00,1369745.0
2020-09-29 09:00:00,1340888.0
2020-09-29 09:30:00,1340888.0
2020-09-29 10:00:00,1340888.0
2020-09-29 10:30:00,1340888.0
2020-09-29 11:00:00,1340888.0
2020-09-29 11:30:00,1340888.0
2020-09-29 12:00:00,1340888.0
2020-09-29 12:30:00,1340888.0
2020-09-29 13:00:00,1340888.0
2020-09-29 13:30:00,1340888.0
2020-09-29 14:00:00,1361458.0
2020-09-29 14:30:00,1362333.0
2020-09-29 15:00:00,1373491.0
2020-09-29 15:30:00,1384590.0
2020-09-29 16:00:00,1403470.0
2020-09-29 16:30:00,1413289.0
2020-09-29 17:00:00,1386379.0
2020-09-29 17:30:00,1379186.0
2020-09-29 18:00:00,1399271.0
2020-09-29 18:30:00,1407489.0
2020-09-29 19:00:00,1403138.0
2020-09-29 19:30:00,1401750.0
2020-09-29 20:00:00,1403218.0
2020-09-29 20:30:00,1348571.0
2020-09-29 21:00:00,1287002.0
2020-09-29 21:30:00,1342357.0
2020-09-29 22:00:00,1347900.0
2020-09-29 22:30:00,1352640.0
2020-09-29 23:00:00,1397518.0
2020-09-29 23:30:00,1402719.0
2020-09-30 00:00:00,1380848.0
2020-09-30 00:30:00,1374934.0
2020-09-30 01:00:00,1355892.0
2020-09-30 01:30:00,1315326.0
2020-09-30 02:00:00,1333943.0
2020-09-30 02:30:00,1286380.0
2020-09-30 03:00:00,1336983.0
2020-09-30 03:30:00,1325688.0
2020-09-30 04:00:00,1339842.0
2020-09-30 04:30:00,1351857.0
2020-09-30 05:00:00,1345365.0
2020-09-30 05:30:00,1352541.0
2020-09-30 06:00:00,1352069.0
2020-09-30 06:30:00,1344273.0
2020-09-30 07:00:00,1347135.0
2020-09-30 07:30:00,1298934.0
2020-09-30 08:00:00,1184092.0
2020-09-30 08:30:00,1162517.0
2020-09-30 09:00:00,1170974.0
2020-09-30 09:30:00,1178199.0
2020-09-30 10:00:00,1187508.0
2020-09-30 10:30:00,1180565.0
2020-09-30 11:00:00,1170721.0
2020-09-30 11:30:00,1179838.0
2020-09-30 12:00:00,1166287.0
2020-09-30 12:30:00,1161779.0
2020-09-30 13:00:00,1166839.0
2020-09-30 13:30:00,1192129.0
2020-09-30 14:00:00,1202236.0
2020-09-30 14:30:00,1190555.0
2020-09-30 15:00:00,1175278.0
2020-09-30 15:30:00,1201064.0
2020-09-30 16:00:00,1198968.0
2020-09-30 16:30:00,1298717.0
2020-09-30 17:00:00,1343109.0
2020-09-30 17:30:00,1348887.0
2020-09-30 18:00:00,1353791.0
2020-09-30 18:30:00,1350145.0
2020-09-30 19:00:00,1350333.0
2020-09-30 19:30:00,1349978.0
2020-09-30 20:00:00,1357384.0
2020-09-30 20:30:00,1381614.0
2020-09-30 21:00:00,1381641.0
2020-09-30 21:30:00,1392909.0
2020-09-30 22:00:00,1402346.0
2020-09-30 22:30:00,1398509.0
2020-09-30 23:00:00,1391018.0
2020-09-30 23:30:00,1376038.0
2020-10-01 00:00:00,1339146.0
2020-10-01 00:30:00,1192777.0
2020-10-01 01:00:00,1258526.0
2020-10-01 01:30:00,1166832.0
2020-10-01 02:00:00,1151889.0
2020-10-01 02:30:00,1153033.0
2020-10-01 03:00:00,1161333.0
2020-10-01 03:30:00,1166568.0
2020-10-01 04:00:00,1165326.0
2020-10-01 04:30:00,1165665.0
2020-10-01 05:00:00,1164971.0
2020-10-01 05:30:00,1321521.0
2020-10-01 06:00:00,1367821.0
2020-10-01 06:30:00,1395622.0
2020-10-01 07:00:00,1398802.0
2020-10-01 07:30:00,1352346.0
2020-10-01 08:00:00,1191443.0
2020-10-01 08:30:00,1185919.0
2020-10-01 09:00:00,1187639.0
2020-10-01 09:30:00,1178009.0
2020-10-01 10:00:00,1176198.0
2020-10-01 10:30:00,1173260.0
2020-10-01 11:00:00,1164811.0
2020-10-01 11:30:00,1160560.0
2020-10-01 12:00:00,1164549.0
2020-10-01 12:30:00,1156521.0
2020-10-01 13:00:00,1164991.0
2020-10-01 13:30:00,1180618.0
2020-10-01 14:00:00,1192734.0
2020-10-01 14:30:00,1263283.0
2020-10-01 15:00:00,1278466.0
2020-10-01 15:30:00,1327938.0
2020-10-01 16:00:00,1336543.0
2020-10-01 16:30:00,1346212.0
2020-10-01 17:00:00,1335287.0
2020-10-01 17:30:00,1357491.0
2020-10-01 18:00:00,1344751.0
2020-10-01 18:30:00,1343615.0
2020-10-01 19:00:00,1338892.0
2020-10-01 19:30:00,1347370.0
2020-10-01 20:00:00,1347144.0
2020-10-01 20:30:00,1355644.0
2020-10-01 21:00:00,1351506.0
2020-10-01 21:30:00,1363942.0
2020-10-01 22:00:00,1375235.0
2020-10-01 22:30:00,1353213.0
2020-10-01 23:00:00,1365200.0
2020-10-01 23:30:00,1364195.0
2020-10-02 00:00:00,1359530.0
2020-10-02 00:30:00,1355324.0
2020-10-02 01:00:00,1368538.0
2020-10-02 01:30:00,1367902.0
2020-10-02 02:00:00,1363296.0
2020-10-02 02:30:00,1349323.0
2020-10-02 03:00:00,1346221.0
2020-10-02 03:30:00,1332947.0
2020-10-02 04:00:00,1335094.0
2020-10-02 04:30:00,1341573.0
2020-10-02 05:00:00,1355944.0
2020-10-02 05:30:00,1354770.0
2020-10-02 06:00:00,1354209.0
2020-10-02 06:30:00,1352647.0
2020-10-02 07:00:00,1347967.0
2020-10-02 07:30:00,1318895.0
2020-10-02 08:00:00,1185536.0
2020-10-02 08:30:00,1180881.0
2020-10-02 09:00:00,1180837.0
2020-10-02 09:30:00,1175991.0
2020-10-02 10:00:00,1183126.0
2020-10-02 10:30:00,1188936.0
2020-10-02 11:00:00,1195201.0
2020-10-02 11:30:00,1201533.0
2020-10-02 12:00:00,1203030.0
2020-10-02 12:30:00,1207699.0
2020-10-02 13:00:00,1281714.0
2020-10-02 13:30:00,1325785.0
2020-10-02 14:00:00,1368183.0
2020-10-02 14:30:00,1355147.0
2020-10-02 15:00:00,1367553.0
2020-10-02 15:30:00,1368290.0
2020-10-02 16:00:00,1365016.0
2020-10-02 16:30:00,1366677.0
2020-10-02 17:00:00,1356357.0
2020-10-02 17:30:00,1361890.0
2020-10-02 18:00:00,1361713.0
2020-10-02 18:30:00,1369035.0
2020-10-02 19:00:00,1366430.0
2020-10-02 19:30:00,1287296.0
2020-10-02 20:00:00,1290601.0
2020-10-02 20:30:00,1215674.0
2020-10-02 21:00:00,1329377.0
2020-10-02 21:30:00,1378490.0
2020-10-02 22:00:00,1314576.0
2020-10-02 22:30:00,1350031.0
2020-10-02 23:00:00,1369910.0
2020-10-02 23:30:00,1381244.0
2020-10-03 00:00:00,1370325.0
2020-10-03 00:30:00,1317830.0
2020-10-03 01:00:00,1353156.0
2020-10-03 01:30:00,1374240.0
2020-10-03 02:00:00,1365120.0
2020-10-03 02:30:00,1355294.0
2020-10-03 03:00:00,1341026.0
2020-10-03 03:30:00,1297140.0
2020-10-03 04:00:00,1324674.0
2020-10-03 04:30:00,1331352.0
2020-10-03 05:00:00,1347786.0
2020-10-03 05:30:00,1335715.0
2020-10-03 06:00:00,1349345.0
2020-10-03 06:30:00,1358351.0
2020-10-03 07:00:00,1359778.0
2020-10-03 07:30:00,1353931.0
2020-10-03 08:00:00,1349146.0
2020-10-03 08:30:00,1357190.0
2020-10-03 09:00:00,1334995.0
2020-10-03 09:30:00,1224851.0
2020-10-03 10:00:00,1291097.0
2020-10-03 10:30:00,1190933.0
2020-10-03 11:00:00,1168826.0
2020-10-03 11:30:00,1164636.0
2020-10-03 12:00:00,1166552.0
2020-10-03 12:30:00,1171013.0
2020-10-03 13:00:00,1184860.0
2020-10-03 13:30:00,1179450.0
2020-10-03 14:00:00,1169294.0
2020-10-03 14:30:00,1169356.0
2020-10-03 15:00:00,1177872.0
2020-10-03 15:30:00,1182248.0
2020-10-03 16:00:00,1191972.0
2020-10-03 16:30:00,1205845.0
2020-10-03 17:00:00,1173374.0
2020-10-03 17:30:00,1318140.0
2020-10-03 18:00:00,1334460.0
2020-10-03 18:30:00,1340733.0
2020-10-03 19:00:00,1342019.0
2020-10-03 19:30:00,1347304.0
2020-10-03 20:00:00,1356665.0
2020-10-03 20:30:00,1343899.0
2020-10-03 21:00:00,1350740.0
2020-10-03 21:30:00,1346136.0
2020-10-03 22:00:00,1368783.0
2020-10-03 22:30:00,1393214.0
2020-10-03 23:00:00,1396441.0
2020-10-03 23:30:00,1386484.0
2020-10-04 00:00:00,1385265.0
2020-10-04 00:30:00,1351005.0
2020-10-04 01:00:00,1354332.0
2020-10-04 01:30:00,1354029.0
2020-10-04 02:00:00,1356758.0
2020-10-04 02:30:00,1331577.0
2020-10-04 03:00:00,1356232.0
2020-10-04 03:30:00,1343974.0
2020-10-04 04:00:00,1338958.0
2020-10-04 04:30:00,1342852.0
2020-10-04 05:00:00,1352418.0
2020-10-04 05:30:00,1344965.0
2020-10-04 06:00:00,1348655.0
2020-10-04 06:30:00,1333126.0
2020-10-04 07:00:00,1340060.0
2020-10-04 07:30:00,1269786.0
2020-10-04 08:00:00,1175059.0
2020-10-04 08:30:00,1177966.0
2020-10-04 09:00:00,1180788.0
2020-10-04 09:30:00,1292188.0
2020-10-04 10:00:00,1335751.0
2020-10-04 10:30:00,1381135.0
2020-10-04 11:00:00,1397750.0
2020-10-04 11:30:00,1393540.0
2020-10-04 12:00:00,1380241.0
2020-10-04 12:30:00,1369870.0
2020-10-04 13:00:00,1345094.0
2020-10-04 13:30:00,1363789.0
2020-10-04 14:00:00,1370244.0
2020-10-04 14:30:00,1370205.0
2020-10-04 15:00:00,1289539.0
2020-10-04 15:30:00,1264119.0
2020-10-04 16:00:00,1343634.0
2020-10-04 16:30:00,1358222.0
2020-10-04 17:00:00,1332062.0
2020-10-04 17:30:00,1345341.0
2020-10-04 18:00:00,1341264.0
2020-10-04 18:30:00,1333258.0
2020-10-04 19:00:00,1354072.0
2020-10-04 19:30:00,1349344.0
2020-10-04 20:00:00,1347270.0
2020-10-04 20:30:00,1385904.0
2020-10-04 21:00:00,1407936.0
2020-10-04 21:30:00,1391698.0
2020-10-04 22:00:00,1396951.0
2020-10-04 22:30:00,1389759.0
2020-10-04 23:00:00,1397102.0
2020-10-04 23:30:00,1374665.0
2020-10-05 00:00:00,1332499.0
2020-10-05 00:30:00,1336182.0
2020-10-05 01:00:00,1338464.0
2020-10-05 01:30:00,1316465.0
2020-10-05 02:00:00,1330924.0
2020-10-05 02:30:00,1348710.0
2020-10-05 03:00:00,1372323.0
2020-10-05 03:30:00,1356584.0
2020-10-05 04:00:00,1352025.0
2020-10-05 04:30:00,1372080.0
2020-10-05 05:00:00,1377043.0
2020-10-05 05:30:00,1370497.0
2020-10-05 06:00:00,1363614.0
2020-10-05 06:30:00,1359751.0
2020-10-05 07:00:00,1350315.0
2020-10-05 07:30:00,1353447.0
2020-10-05 08:00:00,1386999.0
2020-10-05 08:30:00,1358596.0
2020-10-05 09:00:00,1328178.0
2020-10-05 09:30:00,1321004.0
2020-10-05 10:00:00,1213541.0
2020-10-05 10:30:00,1213301.0
2020-10-05 11:00:00,1226249.0
2020-10-05 11:30:00,1113567.0
2020-10-05 12:00:00,1119706.0
2020-10-05 12:30:00,1127052.0
2020-10-05 13:00:00,1150820.0
2020-10-05 13:30:00,1181438.0
2020-10-05 14:00:00,1180855.0
2020-10-05 14:30:00,1212178.0
2020-10-05 15:00:00,1243811.0
2020-10-05 15:30:00,1311411.0
2020-10-05 16:00:00,1328163.0
2020-10-05 16:30:00,1327141.0
2020-10-05 17:00:00,1329012.0
2020-10-05 17:30:00,1330082.0
2020-10-05 18:00:00,1335013.0
2020-10-05 18:30:00,1370511.0
2020-10-05 19:00:00,1356508.0
2020-10-05 19:30:00,1374516.0
2020-10-05 20:00:00,1367522.0
2020-10-05 20:30:00,1366699.0
2020-10-05 21:00:00,1357014.0
2020-10-05 21:30:00,1368415.0
2020-10-05 22:00:00,1344967.0
2020-10-05 22:30:00,1317688.0
2020-10-05 23:00:00,1329305.0
2020-10-05 23:30:00,1320377.0
2020-10-06 00:00:00,1306077.0
2020-10-06 00:30:00,1318172.0
2020-10-06 01:00:00,1318904.0
2020-10-06 01:30:00,1310735.0
2020-10-06 02:00:00,1298406.0
2020-10-06 02:30:00,1306760.0
2020-10-06 03:00:00,1330371.0
2020-10-06 03:30:00,1328611.0
2020-10-06 04:00:00,1331830.0
2020-10-06 04:30:00,1340861.0
2020-10-06 05:00:00,1341481.0
2020-10-06 05:30:00,1351818.0
2020-10-06 06:00:00,1383977.0
2020-10-06 06:30:00,1395137.0
2020-10-06 07:00:00,1387912.0
2020-10-06 07:30:00,1373218.0
2020-10-06 08:00:00,1408367.0
2020-10-06 08:30:00,1386205.0
2020-10-06 09:00:00,1381233.0
2020-10-06 09:30:00,1384990.0
2020-10-06 10:00:00,1384990.0
2020-10-06 10:30:00,1384990.0
2020-10-06 11:00:00,1384990.0
2020-10-06 11:30:00,1384990.0
2020-10-06 12:00:00,1384990.0
2020-10-06 12:30:00,1384990.0
2020-10-06 13:00:00,1384990.0
2020-10-06 13:30:00,1384990.0
2020-10-06 14:00:00,1384990.0
2020-10-06 14:30:00,1384990.0
2020-10-06 15:00:00,1208711.0
2020-10-06 15:30:00,1369616.0
2020-10-06 16:00:00,1377862.0
2020-10-06 16:30:00,1399550.0
2020-10-06 17:00:00,1391615.0
2020-10-06 17:30:00,1396033.0
2020-10-06 18:00:00,1382206.0
2020-10-06 18:30:00,1394979.0
2020-10-06 19:00:00,1389125.0
2020-10-06 19:30:00,1351751.0
2020-10-06 20:00:00,1344528.0
2020-10-06 20:30:00,1324678.0
2020-10-06 21:00:00,1334050.0
2020-10-06 21:30:00,1338837.0
2020-10-06 22:00:00,1335738.0
2020-10-06 22:30:00,1344296.0
2020-10-06 23:00:00,1351815.0
2020-10-06 23:30:00,1347513.0
2020-10-07 00:00:00,1333328.0
2020-10-07 00:30:00,1329791.0
2020-10-07 01:00:00,1334723.0
2020-10-07 01:30:00,1324585.0
2020-10-07 02:00:00,1313904.0
2020-10-07 02:30:00,1313041.0
2020-10-07 03:00:00,1331129.0
2020-10-07 03:30:00,1322851.0
2020-10-07 04:00:00,1325067.0
2020-10-07 04:30:00,1324668.0
2020-10-07 05:00:00,1308791.0
2020-10-07 05:30:00,1320841.0
2020-10-07 06:00:00,1355665.0
2020-10-07 06:30:00,1353296.0
2020-10-07 07:00:00,1357187.0
2020-10-07 07:30:00,1365678.0
2020-10-07 08:00:00,1379988.0
2020-10-07 08:30:00,1392891.0
2020-10-07 09:00:00,1357860.0
2020-10-07 09:30:00,1288939.0
2020-10-07 10:00:00,1227611.0
2020-10-07 10:30:00,1253563.0
2020-10-07 11:00:00,1306897.0
2020-10-07 11:30:00,1235512.0
2020-10-07 12:00:00,1131792.0
2020-10-07 12:30:00,1147966.0
2020-10-07 13:00:00,1250875.0
2020-10-07 13:30:00,1331691.0
2020-10-07 14:00:00,1326583.0
2020-10-07 14:30:00,1315910.0
2020-10-07 15:00:00,1305744.0
2020-10-07 15:30:00,1318218.0
2020-10-07 16:00:00,1326669.0
2020-10-07 16:30:00,1332566.0
2020-10-07 17:00:00,1302338.0
2020-10-07 17:30:00,1302842.0
2020-10-07 18:00:00,1307395.0
2020-10-07 18:30:00,1318010.0
2020-10-07 19:00:00,1307461.0
2020-10-07 19:30:00,1321066.0
2020-10-07 20:00:00,1331683.0
2020-10-07 20:30:00,1316486.0
2020-10-07 21:00:00,1310517.0
2020-10-07 21:30:00,1325269.0
2020-10-07 22:00:00,1341513.0
2020-10-07 22:30:00,1341973.0
2020-10-07 23:00:00,1370615.0
2020-10-07 23:30:00,1383633.0
2020-10-08 00:00:00,1364465.0
2020-10-08 00:30:00,1324943.0
2020-10-08 01:00:00,1307716.0
2020-10-08 01:30:00,1303854.0
2020-10-08 02:00:00,1289844.0
2020-10-08 02:30:00,1282725.0
2020-10-08 03:00:00,1305538.0
2020-10-08 03:30:00,1284560.0
2020-10-08 04:00:00,1287030.0
2020-10-08 04:30:00,1225372.0
2020-10-08 05:00:00,1193242.0
2020-10-08 05:30:00,1253095.0
2020-10-08 06:00:00,1299792.0
2020-10-08 06:30:00,1305735.0
2020-10-08 07:00:00,1324645.0
2020-10-08 07:30:00,1313584.0
2020-10-08 08:00:00,1331120.0
2020-10-08 08:30:00,1323755.0
2020-10-08 09:00:00,1269445.0
2020-10-08 09:30:00,1144279.0
2020-10-08 10:00:00,1140892.0
2020-10-08 10:30:00,1218867.0
2020-10-08 11:00:00,1177370.0
2020-10-08 11:30:00,1134979.0
2020-10-08 12:00:00,1137690.0
2020-10-08 12:30:00,1148340.0
2020-10-08 13:00:00,1157978.0
2020-10-08 13:30:00,1157472.0
2020-10-08 14:00:00,1147809.0
2020-10-08 14:30:00,1154295.0
2020-10-08 15:00:00,1169216.0
2020-10-08 15:30:00,1252437.0
2020-10-08 16:00:00,1337937.0
2020-10-08 16:30:00,1333017.0
2020-10-08 17:00:00,1311800.0
2020-10-08 17:30:00,1304639.0
2020-10-08 18:00:00,1309154.0
2020-10-08 18:30:00,1328967.0
2020-10-08 19:00:00,1315548.0
2020-10-08 19:30:00,1326084.0
2020-10-08 20:00:00,1334611.0
2020-10-08 20:30:00,1330480.0
2020-10-08 21:00:00,1294782.0
2020-10-08 21:30:00,1325152.0
2020-10-08 22:00:00,1316732.0
2020-10-08 22:30:00,1314244.0
2020-10-08 23:00:00,1369265.0
2020-10-08 23:30:00,1383007.0
2020-10-09 00:00:00,1330284.0
2020-10-09 00:30:00,1229323.0
2020-10-09 01:00:00,1182630.0
2020-10-09 01:30:00,1246253.0
2020-10-09 02:00:00,1265107.0
2020-10-09 02:30:00,1295695.0
2020-10-09 03:00:00,1292486.0
2020-10-09 03:30:00,1281786.0
2020-10-09 04:00:00,1300521.0
2020-10-09 04:30:00,1316214.0
2020-10-09 05:00:00,1332227.0
2020-10-09 05:30:00,1351631.0
2020-10-09 06:00:00,1368561.0
2020-10-09 06:30:00,1384113.0
2020-10-09 07:00:00,1392470.0
2020-10-09 07:30:00,1360526.0
2020-10-09 08:00:00,1351673.0
2020-10-09 08:30:00,1327363.0
2020-10-09 09:00:00,1167860.0
2020-10-09 09:30:00,1162777.0
2020-10-09 10:00:00,1204872.0
2020-10-09 10:30:00,1189569.0
2020-10-09 11:00:00,1174832.0
2020-10-09 11:30:00,1139101.0
2020-10-09 12:00:00,1131528.0
2020-10-09 12:30:00,1145389.0
2020-10-09 13:00:00,1168947.0
2020-10-09 13:30:00,1159234.0
2020-10-09 14:00:00,1161526.0
2020-10-09 14:30:00,1158207.0
2020-10-09 15:00:00,1159376.0
2020-10-09 15:30:00,1176057.0
2020-10-09 16:00:00,1278780.0
2020-10-09 16:30:00,1332496.0
2020-10-09 17:00:00,1342481.0
2020-10-09 17:30:00,1384640.0
2020-10-09 18:00:00,1392355.0
2020-10-09 18:30:00,1384019.0
2020-10-09 19:00:00,1336223.0
2020-10-09 19:30:00,1326337.0
2020-10-09 20:00:00,1305129.0
2020-10-09 20:30:00,1267345.0
2020-10-09 21:00:00,1254345.0
2020-10-09 21:30:00,1266611.0
2020-10-09 22:00:00,1320024.0
2020-10-09 22:30:00,1248922.0
2020-10-09 23:00:00,1329806.0
2020-10-09 23:30:00,1235402.0
2020-10-10 00:00:00,1215419.0
2020-10-10 00:30:00,1182496.0
2020-10-10 01:00:00,1271900.0
2020-10-10 01:30:00,1245815.0
2020-10-10 02:00:00,1184266.0
2020-10-10 02:30:00,1271465.0
2020-10-10 03:00:00,1265445.0
2020-10-10 03:30:00,1232339.0
2020-10-10 04:00:00,1233578.0
2020-10-10 04:30:00,1239151.0
2020-10-10 05:00:00,1296533.0
2020-10-10 05:30:00,1358383.0
2020-10-10 06:00:00,1326278.0
2020-10-10 06:30:00,1232508.0
2020-10-10 07:00:00,1309354.0
2020-10-10 07:30:00,1172328.0
2020-10-10 08:00:00,1172752.0
2020-10-10 08:30:00,1182094.0
2020-10-10 09:00:00,1179129.0
2020-10-10 09:30:00,1182251.0
2020-10-10 10:00:00,1179608.0
2020-10-10 10:30:00,1180350.0
2020-10-10 11:00:00,1170803.0
2020-10-10 11:30:00,1170400.0
2020-10-10 12:00:00,1171819.0
2020-10-10 12:30:00,1168268.0
2020-10-10 13:00:00,1170178.0
2020-10-10 13:30:00,1168851.0
2020-10-10 14:00:00,1172604.0
2020-10-10 14:30:00,1175127.0
2020-10-10 15:00:00,1172667.0
2020-10-10 15:30:00,1171630.0
2020-10-10 16:00:00,1175079.0
2020-10-10 16:30:00,1199063.0
2020-10-10 17:00:00,1181349.0
2020-10-10 17:30:00,1221884.0
2020-10-10 18:00:00,1218978.0
2020-10-10 18:30:00,1233168.0
2020-10-10 19:00:00,1162308.0
2020-10-10 19:30:00,1173194.0
2020-10-10 20:00:00,1174490.0
2020-10-10 20:30:00,1172793.0
2020-10-10 21:00:00,1173787.0
2020-10-10 21:30:00,1174540.0
2020-10-10 22:00:00,1186680.0
2020-10-10 22:30:00,1193452.0
2020-10-10 23:00:00,1332424.0
2020-10-10 23:30:00,1332835.0
2020-10-11 00:00:00,1220906.0
2020-10-11 00:30:00,1172108.0
2020-10-11 01:00:00,1173173.0
2020-10-11 01:30:00,1181624.0
2020-10-11 02:00:00,1176628.0
2020-10-11 02:30:00,1171337.0
2020-10-11 03:00:00,1178736.0
2020-10-11 03:30:00,1180696.0
2020-10-11 04:00:00,1181291.0
2020-10-11 04:30:00,1200463.0
2020-10-11 05:00:00,1250709.0
2020-10-11 05:30:00,1256409.0
2020-10-11 06:00:00,1202902.0
2020-10-11 06:30:00,1183845.0
2020-10-11 07:00:00,1206178.0
2020-10-11 07:30:00,1217953.0
2020-10-11 08:00:00,1195075.0
2020-10-11 08:30:00,1193039.0
2020-10-11 09:00:00,1181409.0
2020-10-11 09:30:00,1189256.0
2020-10-11 10:00:00,1183769.0
2020-10-11 10:30:00,1184425.0
2020-10-11 11:00:00,1179618.0
2020-10-11 11:30:00,1235604.0
2020-10-11 12:00:00,1335334.0
2020-10-11 12:30:00,1333855.0
2020-10-11 13:00:00,1365045.0
2020-10-11 13:30:00,1351067.0
2020-10-11 14:00:00,1275700.0
2020-10-11 14:30:00,1281808.0
2020-10-11 15:00:00,1203795.0
2020-10-11 15:30:00,1274841.0
2020-10-11 16:00:00,1206917.0
2020-10-11 16:30:00,1297711.0
2020-10-11 17:00:00,1314053.0
2020-10-11 17:30:00,1364346.0
2020-10-11 18:00:00,1374856.0
2020-10-11 18:30:00,1347281.0
2020-10-11 19:00:00,1334127.0
2020-10-11 19:30:00,1339477.0
2020-10-11 20:00:00,1341928.0
2020-10-11 20:30:00,1349058.0
2020-10-11 21:00:00,1361359.0
2020-10-11 21:30:00,1358871.0
2020-10-11 22:00:00,1354635.0
2020-10-11 22:30:00,1341652.0
2020-10-11 23:00:00,1338264.0
2020-10-11 23:30:00,1316804.0
2020-10-12 00:00:00,1317071.0
2020-10-12 00:30:00,1206221.0
2020-10-12 01:00:00,1215794.0
2020-10-12 01:30:00,1180923.0
2020-10-12 02:00:00,1167360.0
2020-10-12 02:30:00,1146326.0
2020-10-12 03:00:00,1169704.0
2020-10-12 03:30:00,1210383.0
2020-10-12 04:00:00,1175804.0
2020-10-12 04:30:00,1170224.0
2020-10-12 05:00:00,1167154.0
2020-10-12 05:30:00,1172598.0
2020-10-12 06:00:00,1178599.0
2020-10-12 06:30:00,1180190.0
2020-10-12 07:00:00,1236059.0
2020-10-12 07:30:00,1367478.0
2020-10-12 08:00:00,1403720.0
2020-10-12 08:30:00,1430519.0
2020-10-12 09:00:00,1419332.0
2020-10-12 09:30:00,1408019.0
2020-10-12 10:00:00,1356412.0
2020-10-12 10:30:00,1292882.0
2020-10-12 11:00:00,1154537.0
2020-10-12 11:30:00,1150116.0
2020-10-12 12:00:00,1146038.0
2020-10-12 12:30:00,1154024.0
2020-10-12 13:00:00,1159226.0
2020-10-12 13:30:00,1346807.0
2020-10-12 14:00:00,1376319.0
2020-10-12 14:30:00,1335949.0
2020-10-12 15:00:00,1348163.0
2020-10-12 15:30:00,1347370.0
2020-10-12 16:00:00,1357033.0
2020-10-12 16:30:00,1355942.0
2020-10-12 17:00:00,1331091.0
2020-10-12 17:30:00,1336620.0
2020-10-12 18:00:00,1330818.0
2020-10-12 18:30:00,1327910.0
2020-10-12 19:00:00,1340055.0
2020-10-12 19:30:00,1329448.0
2020-10-12 20:00:00,1283204.0
2020-10-12 20:30:00,1332584.0
2020-10-12 21:00:00,1360618.0
2020-10-12 21:30:00,1351449.0
2020-10-12 22:00:00,1356698.0
2020-10-12 22:30:00,1377519.0
2020-10-12 23:00:00,1394867.0
2020-10-12 23:30:00,1349436.0
2020-10-13 00:00:00,1321377.0
2020-10-13 00:30:00,1199178.0
2020-10-13 01:00:00,1171093.0
2020-10-13 01:30:00,1151766.0
2020-10-13 02:00:00,1295894.0
2020-10-13 02:30:00,1296366.0
2020-10-13 03:00:00,1288195.0
2020-10-13 03:30:00,1290329.0
2020-10-13 04:00:00,1265685.0
2020-10-13 04:30:00,1227135.0
2020-10-13 05:00:00,1272697.0
2020-10-13 05:30:00,1310770.0
2020-10-13 06:00:00,1300408.0
2020-10-13 06:30:00,1278077.0
2020-10-13 07:00:00,1328411.0
2020-10-13 07:30:00,1301956.0
2020-10-13 08:00:00,1358370.0
2020-10-13 08:30:00,1327117.0
2020-10-13 09:00:00,1174701.0
2020-10-13 09:30:00,1174701.0
2020-10-13 10:00:00,1174701.0
2020-10-13 10:30:00,1174701.0
2020-10-13 11:00:00,1174701.0
2020-10-13 11:30:00,1174701.0
2020-10-13 12:00:00,1174701.0
2020-10-13 12:30:00,1174701.0
2020-10-13 13:00:00,1174701.0
2020-10-13 13:30:00,1329496.0
2020-10-13 14:00:00,1293313.0
2020-10-13 14:30:00,1312082.0
2020-10-13 15:00:00,1304847.0
2020-10-13 15:30:00,1321361.0
2020-10-13 16:00:00,1326330.0
2020-10-13 16:30:00,1328111.0
2020-10-13 17:00:00,1304129.0
2020-10-13 17:30:00,1309187.0
2020-10-13 18:00:00,1326445.0
2020-10-13 18:30:00,1331565.0
2020-10-13 19:00:00,1306345.0
2020-10-13 19:30:00,1296602.0
2020-10-13 20:00:00,1301089.0
2020-10-13 20:30:00,1303108.0
2020-10-13 21:00:00,1302945.0
2020-10-13 21:30:00,1332566.0
2020-10-13 22:00:00,1361581.0
2020-10-13 22:30:00,1358552.0
2020-10-13 23:00:00,1329222.0
2020-10-13 23:30:00,1296813.0
2020-10-14 00:00:00,1259117.0
2020-10-14 00:30:00,1197588.0
2020-10-14 01:00:00,1296409.0
2020-10-14 01:30:00,1303823.0
2020-10-14 02:00:00,1298838.0
2020-10-14 02:30:00,1301381.0
2020-10-14 03:00:00,1316599.0
2020-10-14 03:30:00,1281632.0
2020-10-14 04:00:00,1305752.0
2020-10-14 04:30:00,1314642.0
2020-10-14 05:00:00,1321757.0
2020-10-14 05:30:00,1316629.0
2020-10-14 06:00:00,1316321.0
2020-10-14 06:30:00,1331745.0
2020-10-14 07:00:00,1380729.0
2020-10-14 07:30:00,1387894.0
2020-10-14 08:00:00,1388511.0
2020-10-14 08:30:00,1390902.0
2020-10-14 09:00:00,1385290.0
2020-10-14 09:30:00,1383855.0
2020-10-14 10:00:00,1356812.0
2020-10-14 10:30:00,1349624.0
2020-10-14 11:00:00,1322794.0
2020-10-14 11:30:00,1234539.0
2020-10-14 12:00:00,1175633.0
2020-10-14 12:30:00,1161450.0
2020-10-14 13:00:00,1208360.0
2020-10-14 13:30:00,1268821.0
2020-10-14 14:00:00,1216921.0
2020-10-14 14:30:00,1175323.0
2020-10-14 15:00:00,1186651.0
2020-10-14 15:30:00,1292722.0
2020-10-14 16:00:00,1395531.0
2020-10-14 16:30:00,1385371.0
2020-10-14 17:00:00,1343193.0
2020-10-14 17:30:00,1338274.0
2020-10-14 18:00:00,1362602.0
2020-10-14 18:30:00,1360273.0
2020-10-14 19:00:00,1359038.0
2020-10-14 19:30:00,1372202.0
2020-10-14 20:00:00,1375062.0
2020-10-14 20:30:00,1352755.0
2020-10-14 21:00:00,1353688.0
2020-10-14 21:30:00,1355337.0
2020-10-14 22:00:00,1354323.0
2020-10-14 22:30:00,1363536.0
2020-10-14 23:00:00,1359752.0
2020-10-14 23:30:00,1333564.0
2020-10-15 00:00:00,1338660.0
2020-10-15 00:30:00,1248085.0
2020-10-15 01:00:00,1240643.0
2020-10-15 01:30:00,1363330.0
2020-10-15 02:00:00,1371046.0
2020-10-15 02:30:00,1317160.0
2020-10-15 03:00:00,1273882.0
2020-10-15 03:30:00,1188695.0
2020-10-15 04:00:00,1195393.0
2020-10-15 04:30:00,1194569.0
2020-10-15 05:00:00,1285797.0
2020-10-15 05:30:00,1302808.0
2020-10-15 06:00:00,1304720.0
2020-10-15 06:30:00,1305692.0
2020-10-15 07:00:00,1318168.0
2020-10-15 07:30:00,1302404.0
2020-10-15 08:00:00,1314370.0
2020-10-15 08:30:00,1327705.0
2020-10-15 09:00:00,1271771.0
2020-10-15 09:30:00,1208280.0
2020-10-15 10:00:00,1170847.0
2020-10-15 10:30:00,1138263.0
2020-10-15 11:00:00,1152816.0
2020-10-15 11:30:00,1134939.0
2020-10-15 12:00:00,1127131.0
2020-10-15 12:30:00,1137623.0
2020-10-15 13:00:00,1144375.0
2020-10-15 13:30:00,1177041.0
2020-10-15 14:00:00,1223420.0
2020-10-15 14:30:00,1172890.0
2020-10-15 15:00:00,1171811.0
2020-10-15 15:30:00,1271417.0
2020-10-15 16:00:00,1314756.0
2020-10-15 16:30:00,1314973.0
2020-10-15 17:00:00,1309954.0
2020-10-15 17:30:00,1313642.0
2020-10-15 18:00:00,1313208.0
2020-10-15 18:30:00,1308292.0
2020-10-15 19:00:00,1317127.0
2020-10-15 19:30:00,1311025.0
2020-10-15 20:00:00,1293241.0
2020-10-15 20:30:00,1280516.0
2020-10-15 21:00:00,1249850.0
2020-10-15 21:30:00,1300268.0
2020-10-15 22:00:00,1314549.0
2020-10-15 22:30:00,1319587.0
2020-10-15 23:00:00,1343331.0
2020-10-15 23:30:00,1340807.0
2020-10-16 00:00:00,1320851.0
2020-10-16 00:30:00,1244224.0
2020-10-16 01:00:00,1188274.0
2020-10-16 01:30:00,1277812.0
2020-10-16 02:00:00,1273182.0
2020-10-16 02:30:00,1216193.0
2020-10-16 03:00:00,1239532.0
2020-10-16 03:30:00,1242700.0
2020-10-16 04:00:00,1220381.0
2020-10-16 04:30:00,1204641.0
2020-10-16 05:00:00,1209552.0
2020-10-16 05:30:00,1261654.0
2020-10-16 06:00:00,1220539.0
2020-10-16 06:30:00,1207480.0
2020-10-16 07:00:00,1323938.0
2020-10-16 07:30:00,1303937.0
2020-10-16 08:00:00,1324122.0
2020-10-16 08:30:00,1335571.0
2020-10-16 09:00:00,1322367.0
2020-10-16 09:30:00,1333603.0
2020-10-16 10:00:00,1320079.0
2020-10-16 10:30:00,1378057.0
2020-10-16 11:00:00,1392880.0
2020-10-16 11:30:00,1355708.0
2020-10-16 12:00:00,1325616.0
2020-10-16 12:30:00,1315024.0
2020-10-16 13:00:00,1359583.0
2020-10-16 13:30:00,1379155.0
2020-10-16 14:00:00,1376801.0
2020-10-16 14:30:00,1353442.0
2020-10-16 15:00:00,1338935.0
2020-10-16 15:30:00,1326689.0
2020-10-16 16:00:00,1316904.0
2020-10-16 16:30:00,1313250.0
2020-10-16 17:00:00,1296101.0
2020-10-16 17:30:00,1305493.0
2020-10-16 18:00:00,1302812.0
2020-10-16 18:30:00,1306993.0
2020-10-16 19:00:00,1312282.0
2020-10-16 19:30:00,1334953.0
2020-10-16 20:00:00,1323318.0
2020-10-16 20:30:00,1309459.0
2020-10-16 21:00:00,1315096.0
2020-10-16 21:30:00,1316811.0
2020-10-16 22:00:00,1334812.0
2020-10-16 22:30:00,1335944.0
2020-10-16 23:00:00,1363293.0
2020-10-16 23:30:00,1362265.0
2020-10-17 00:00:00,1364774.0
2020-10-17 00:30:00,1271531.0
2020-10-17 01:00:00,1179182.0
2020-10-17 01:30:00,1277584.0
2020-10-17 02:00:00,1315178.0
2020-10-17 02:30:00,1298803.0
2020-10-17 03:00:00,1328472.0
2020-10-17 03:30:00,1326477.0
2020-10-17 04:00:00,1331938.0
2020-10-17 04:30:00,1327661.0
2020-10-17 05:00:00,1317086.0
2020-10-17 05:30:00,1300993.0
2020-10-17 06:00:00,1317241.0
2020-10-17 06:30:00,1316784.0
2020-10-17 07:00:00,1337786.0
2020-10-17 07:30:00,1165131.0
2020-10-17 08:00:00,1178691.0
2020-10-17 08:30:00,1183674.0
2020-10-17 09:00:00,1159989.0
2020-10-17 09:30:00,1168262.0
2020-10-17 10:00:00,1199614.0
2020-10-17 10:30:00,1170041.0
2020-10-17 11:00:00,1157196.0
2020-10-17 11:30:00,1220665.0
2020-10-17 12:00:00,1159868.0
2020-10-17 12:30:00,1160219.0
2020-10-17 13:00:00,1166572.0
2020-10-17 13:30:00,1276523.0
2020-10-17 14:00:00,1192234.0
2020-10-17 14:30:00,1216532.0
2020-10-17 15:00:00,1202529.0
2020-10-17 15:30:00,1161035.0
2020-10-17 16:00:00,1165499.0
2020-10-17 16:30:00,1238286.0
2020-10-17 17:00:00,1192080.0
2020-10-17 17:30:00,1169807.0
2020-10-17 18:00:00,1225567.0
2020-10-17 18:30:00,1228660.0
2020-10-17 19:00:00,1149073.0
2020-10-17 19:30:00,1184793.0
2020-10-17 20:00:00,1191938.0
2020-10-17 20:30:00,1201963.0
2020-10-17 21:00:00,1166997.0
2020-10-17 21:30:00,1248264.0
2020-10-17 22:00:00,1291074.0
2020-10-17 22:30:00,1279681.0
2020-10-17 23:00:00,1341221.0
2020-10-17 23:30:00,1314570.0
2020-10-18 00:00:00,1235094.0
2020-10-18 00:30:00,1191773.0
2020-10-18 01:00:00,1196041.0
2020-10-18 01:30:00,1153648.0
2020-10-18 02:00:00,1140574.0
2020-10-18 02:30:00,1135558.0
2020-10-18 03:00:00,1143042.0
2020-10-18 03:30:00,1148575.0
2020-10-18 04:00:00,1149365.0
2020-10-18 04:30:00,1155827.0
2020-10-18 05:00:00,1205544.0
2020-10-18 05:30:00,1213191.0
2020-10-18 06:00:00,1215099.0
2020-10-18 06:30:00,1217792.0
2020-10-18 07:00:00,1230631.0
2020-10-18 07:30:00,1184652.0
2020-10-18 08:00:00,1154460.0
2020-10-18 08:30:00,1162892.0
2020-10-18 09:00:00,1166702.0
2020-10-18 09:30:00,1145913.0
2020-10-18 10:00:00,1146731.0
2020-10-18 10:30:00,1147878.0
2020-10-18 11:00:00,1155487.0
2020-10-18 11:30:00,1161999.0
2020-10-18 12:00:00,1157181.0
2020-10-18 12:30:00,1145157.0
2020-10-18 13:00:00,1151677.0
2020-10-18 13:30:00,1151322.0
2020-10-18 14:00:00,1151066.0
2020-10-18 14:30:00,1154046.0
2020-10-18 15:00:00,1149514.0
2020-10-18 15:30:00,1179536.0
2020-10-18 16:00:00,1194898.0
2020-10-18 16:30:00,1215315.0
2020-10-18 17:00:00,1196505.0
2020-10-18 17:30:00,1262641.0
2020-10-18 18:00:00,1329751.0
2020-10-18 18:30:00,1337624.0
2020-10-18 19:00:00,1344421.0
2020-10-18 19:30:00,1316520.0
2020-10-18 20:00:00,1326175.0
2020-10-18 20:30:00,1309415.0
2020-10-18 21:00:00,1293856.0
2020-10-18 21:30:00,1293854.0
2020-10-18 22:00:00,1272116.0
2020-10-18 22:30:00,1268838.0
2020-10-18 23:00:00,1322037.0
2020-10-18 23:30:00,1273026.0
2020-10-19 00:00:00,1288008.0
2020-10-19 00:30:00,1260405.0
2020-10-19 01:00:00,1294155.0
2020-10-19 01:30:00,1272720.0
2020-10-19 02:00:00,1297495.0
2020-10-19 02:30:00,1247209.0
2020-10-19 03:00:00,1254343.0
2020-10-19 03:30:00,1248430.0
2020-10-19 04:00:00,1243069.0
2020-10-19 04:30:00,1258639.0
2020-10-19 05:00:00,1314716.0
2020-10-19 05:30:00,1329654.0
2020-10-19 06:00:00,1311903.0
2020-10-19 06:30:00,1330527.0
2020-10-19 07:00:00,1335705.0
2020-10-19 07:30:00,1322155.0
2020-10-19 08:00:00,1365095.0
2020-10-19 08:30:00,1359588.0
2020-10-19 09:00:00,1243000.0
2020-10-19 09:30:00,1180009.0
2020-10-19 10:00:00,1161006.0
2020-10-19 10:30:00,1190754.0
2020-10-19 11:00:00,1171816.0
2020-10-19 11:30:00,1138562.0
2020-10-19 12:00:00,1160651.0
2020-10-19 12:30:00,1156198.0
2020-10-19 13:00:00,1177564.0
2020-10-19 13:30:00,1196030.0
2020-10-19 14:00:00,1152231.0
2020-10-19 14:30:00,1170578.0
2020-10-19 15:00:00,1147469.0
2020-10-19 15:30:00,1195550.0
2020-10-19 16:00:00,1299034.0
2020-10-19 16:30:00,1329596.0
2020-10-19 17:00:00,1300735.0
2020-10-19 17:30:00,1321913.0
2020-10-19 18:00:00,1305593.0
2020-10-19 18:30:00,1314605.0
2020-10-19 19:00:00,1324127.0
2020-10-19 19:30:00,1318416.0
2020-10-19 20:00:00,1307475.0
2020-10-19 20:30:00,1322616.0
2020-10-19 21:00:00,1317362.0
2020-10-19 21:30:00,1322273.0
2020-10-19 22:00:00,1327800.0
2020-10-19 22:30:00,1321323.0
2020-10-19 23:00:00,1344011.0
2020-10-19 23:30:00,1326933.0
2020-10-20 00:00:00,1317910.0
2020-10-20 00:30:00,1305150.0
2020-10-20 01:00:00,1282496.0
2020-10-20 01:30:00,1280274.0
2020-10-20 02:00:00,1279894.0
2020-10-20 02:30:00,1255431.0
2020-10-20 03:00:00,1233101.0
2020-10-20 03:30:00,1245979.0
2020-10-20 04:00:00,1251253.0
2020-10-20 04:30:00,1211735.0
2020-10-20 05:00:00,1226554.0
2020-10-20 05:30:00,1308677.0
2020-10-20 06:00:00,1338064.0
2020-10-20 06:30:00,1321550.0
2020-10-20 07:00:00,1326263.0
2020-10-20 07:30:00,1317175.0
2020-10-20 08:00:00,1338707.0
2020-10-20 08:30:00,1344690.0
2020-10-20 09:00:00,1306713.0
2020-10-20 09:30:00,1306713.0
2020-10-20 10:00:00,1306713.0
2020-10-20 10:30:00,1306713.0
2020-10-20 11:00:00,1306713.0
2020-10-20 11:30:00,1306713.0
2020-10-20 12:00:00,1306713.0
2020-10-20 12:30:00,1306713.0
2020-10-20 13:00:00,1306713.0
2020-10-20 13:30:00,1306713.0
2020-10-20 14:00:00,1306713.0
2020-10-20 14:30:00,1306713.0
2020-10-20 15:00:00,1331849.0
2020-10-20 15:30:00,1340414.0
2020-10-20 16:00:00,1339443.0
2020-10-20 16:30:00,1349244.0
2020-10-20 17:00:00,1343186.0
2020-10-20 17:30:00,1345531.0
2020-10-20 18:00:00,1331618.0
2020-10-20 18:30:00,1335614.0
2020-10-20 19:00:00,1338210.0
2020-10-20 19:30:00,1367280.0
2020-10-20 20:00:00,1365032.0
2020-10-20 20:30:00,1359607.0
2020-10-20 21:00:00,1367763.0
2020-10-20 21:30:00,1387734.0
2020-10-20 22:00:00,1392841.0
2020-10-20 22:30:00,1349185.0
2020-10-20 23:00:00,1339944.0
2020-10-20 23:30:00,1338325.0
2020-10-21 00:00:00,1319706.0
2020-10-21 00:30:00,1304640.0
2020-10-21 01:00:00,1292485.0
2020-10-21 01:30:00,1289224.0
2020-10-21 02:00:00,1320631.0
2020-10-21 02:30:00,1297649.0
2020-10-21 03:00:00,1297624.0
2020-10-21 03:30:00,1217211.0
2020-10-21 04:00:00,1195975.0
2020-10-21 04:30:00,1186530.0
2020-10-21 05:00:00,1199834.0
2020-10-21 05:30:00,1281398.0
2020-10-21 06:00:00,1312631.0
2020-10-21 06:30:00,1272152.0
2020-10-21 07:00:00,1329945.0
2020-10-21 07:30:00,1331470.0
2020-10-21 08:00:00,1348612.0
2020-10-21 08:30:00,1367505.0
2020-10-21 09:00:00,1353290.0
2020-10-21 09:30:00,1356360.0
2020-10-21 10:00:00,1358232.0
2020-10-21 10:30:00,1367739.0
2020-10-21 11:00:00,1375822.0
2020-10-21 11:30:00,1337604.0
2020-10-21 12:00:00,1326691.0
2020-10-21 12:30:00,1332513.0
2020-10-21 13:00:00,1375090.0
2020-10-21 13:30:00,1420013.0
2020-10-21 14:00:00,1426657.0
2020-10-21 14:30:00,1376002.0
2020-10-21 15:00:00,1337981.0
2020-10-21 15:30:00,1354829.0
2020-10-21 16:00:00,1392878.0
2020-10-21 16:30:00,1383708.0
2020-10-21 17:00:00,1332479.0
2020-10-21 17:30:00,1333457.0
2020-10-21 18:00:00,1325122.0
2020-10-21 18:30:00,1325672.0
2020-10-21 19:00:00,1321082.0
2020-10-21 19:30:00,1326124.0
2020-10-21 20:00:00,1309979.0
2020-10-21 20:30:00,1318606.0
2020-10-21 21:00:00,1315105.0
2020-10-21 21:30:00,1343961.0
2020-10-21 22:00:00,1357002.0
2020-10-21 22:30:00,1321858.0
2020-10-21 23:00:00,1353002.0
2020-10-21 23:30:00,1325189.0
2020-10-22 00:00:00,1292487.0
2020-10-22 00:30:00,1255333.0
2020-10-22 01:00:00,1305426.0
2020-10-22 01:30:00,1338255.0
2020-10-22 02:00:00,1310516.0
2020-10-22 02:30:00,1329998.0
2020-10-22 03:00:00,1279401.0
2020-10-22 03:30:00,1234430.0
2020-10-22 04:00:00,1250080.0
2020-10-22 04:30:00,1228351.0
2020-10-22 05:00:00,1262235.0
2020-10-22 05:30:00,1342818.0
2020-10-22 06:00:00,1361423.0
2020-10-22 06:30:00,1360077.0
2020-10-22 07:00:00,1419859.0
2020-10-22 07:30:00,1406616.0
2020-10-22 08:00:00,1435402.0
2020-10-22 08:30:00,1434295.0
2020-10-22 09:00:00,1397618.0
2020-10-22 09:30:00,1386357.0
2020-10-22 10:00:00,1388783.0
2020-10-22 10:30:00,1379634.0
2020-10-22 11:00:00,1385833.0
2020-10-22 11:30:00,1324174.0
2020-10-22 12:00:00,1185039.0
2020-10-22 12:30:00,1176071.0
2020-10-22 13:00:00,1295350.0
2020-10-22 13:30:00,1392850.0
2020-10-22 14:00:00,1372932.0
2020-10-22 14:30:00,1360136.0
2020-10-22 15:00:00,1346682.0
2020-10-22 15:30:00,1353332.0
2020-10-22 16:00:00,1352322.0
2020-10-22 16:30:00,1364836.0
2020-10-22 17:00:00,1304630.0
2020-10-22 17:30:00,1344688.0
2020-10-22 18:00:00,1359886.0
2020-10-22 18:30:00,1345483.0
2020-10-22 19:00:00,1328336.0
2020-10-22 19:30:00,1334786.0
2020-10-22 20:00:00,1297714.0
2020-10-22 20:30:00,1266700.0
2020-10-22 21:00:00,1247769.0
2020-10-22 21:30:00,1326299.0
2020-10-22 22:00:00,1340074.0
2020-10-22 22:30:00,1251529.0
2020-10-22 23:00:00,1336667.0
2020-10-22 23:30:00,1217930.0
2020-10-23 00:00:00,1187087.0
2020-10-23 00:30:00,1212834.0
2020-10-23 01:00:00,1226714.0
2020-10-23 01:30:00,1185465.0
2020-10-23 02:00:00,1247889.0
2020-10-23 02:30:00,1215162.0
2020-10-23 03:00:00,1213068.0
2020-10-23 03:30:00,1204322.0
2020-10-23 04:00:00,1207098.0
2020-10-23 04:30:00,1256803.0
2020-10-23 05:00:00,1289296.0
2020-10-23 05:30:00,1324570.0
2020-10-23 06:00:00,1344006.0
2020-10-23 06:30:00,1328294.0
2020-10-23 07:00:00,1323507.0
2020-10-23 07:30:00,1227561.0
2020-10-23 08:00:00,1181622.0
2020-10-23 08:30:00,1173176.0
2020-10-23 09:00:00,1166725.0
2020-10-23 09:30:00,1164384.0
2020-10-23 10:00:00,1131435.0
2020-10-23 10:30:00,1120122.0
2020-10-23 11:00:00,1117292.0
2020-10-23 11:30:00,1064452.0
2020-10-23 12:00:00,938381.0
2020-10-23 12:30:00,923022.0
2020-10-23 13:00:00,942086.0
2020-10-23 13:30:00,1073269.0
2020-10-23 14:00:00,1148623.0
2020-10-23 14:30:00,1289354.0
2020-10-23 15:00:00,1257890.0
2020-10-23 15:30:00,1328208.0
2020-10-23 16:00:00,1358404.0
2020-10-23 16:30:00,1380381.0
2020-10-23 17:00:00,1348868.0
2020-10-23 17:30:00,1354602.0
2020-10-23 18:00:00,1335897.0
2020-10-23 18:30:00,1314760.0
2020-10-23 19:00:00,1277642.0
2020-10-23 19:30:00,1233221.0
2020-10-23 20:00:00,1161516.0
2020-10-23 20:30:00,1182895.0
2020-10-23 21:00:00,1149691.0
2020-10-23 21:30:00,1145166.0
2020-10-23 22:00:00,1152041.0
2020-10-23 22:30:00,1192747.0
2020-10-23 23:00:00,1344292.0
2020-10-23 23:30:00,1322632.0
2020-10-24 00:00:00,1298783.0
2020-10-24 00:30:00,1301691.0
2020-10-24 01:00:00,1280697.0
2020-10-24 01:30:00,1266109.0
2020-10-24 02:00:00,1309173.0
2020-10-24 02:30:00,1288755.0
2020-10-24 03:00:00,1290548.0
2020-10-24 03:30:00,1251756.0
2020-10-24 04:00:00,1256788.0
2020-10-24 04:30:00,1308697.0
2020-10-24 05:00:00,1328674.0
2020-10-24 05:30:00,1322911.0
2020-10-24 06:00:00,1336555.0
2020-10-24 06:30:00,1329389.0
2020-10-24 07:00:00,1329119.0
2020-10-24 07:30:00,1205930.0
2020-10-24 08:00:00,1152206.0
2020-10-24 08:30:00,1137027.0
2020-10-24 09:00:00,1150283.0
2020-10-24 09:30:00,1155142.0
2020-10-24 10:00:00,1182270.0
2020-10-24 10:30:00,1203495.0
2020-10-24 11:00:00,1192983.0
2020-10-24 11:30:00,1199240.0
2020-10-24 12:00:00,1188414.0
2020-10-24 12:30:00,1159452.0
2020-10-24 13:00:00,1160706.0
2020-10-24 13:30:00,1037495.0
2020-10-24 14:00:00,1047991.0
2020-10-24 14:30:00,1060534.0
2020-10-24 15:00:00,1061753.0
2020-10-24 15:30:00,1117937.0
2020-10-24 16:00:00,1082260.0
2020-10-24 16:30:00,1114715.0
2020-10-24 17:00:00,1187693.0
2020-10-24 17:30:00,1257621.0
2020-10-24 18:00:00,1201353.0
2020-10-24 18:30:00,1173078.0
2020-10-24 19:00:00,1168447.0
2020-10-24 19:30:00,1170608.0
2020-10-24 20:00:00,1183894.0
2020-10-24 20:30:00,1185278.0
2020-10-24 21:00:00,1192812.0
2020-10-24 21:30:00,1172056.0
2020-10-24 22:00:00,1183240.0
2020-10-24 22:30:00,1255299.0
2020-10-24 23:00:00,1368987.0
2020-10-24 23:30:00,1316572.0
2020-10-25 00:00:00,1316004.0
2020-10-25 00:30:00,1259831.0
2020-10-25 01:00:00,1240883.0
2020-10-25 01:30:00,1319304.0
2020-10-25 02:00:00,1272831.0
2020-10-25 02:30:00,1296862.0
2020-10-25 03:00:00,1227984.0
2020-10-25 03:30:00,1265329.0
2020-10-25 04:00:00,1226993.0
2020-10-25 04:30:00,1273766.0
2020-10-25 05:00:00,1310401.0
2020-10-25 05:30:00,1298534.0
2020-10-25 06:00:00,1290036.0
2020-10-25 06:30:00,1261247.0
2020-10-25 07:00:00,1302058.0
2020-10-25 07:30:00,1185008.0
2020-10-25 08:00:00,1145543.0
2020-10-25 08:30:00,1149592.0
2020-10-25 09:00:00,1153688.0
2020-10-25 09:30:00,945923.0
2020-10-25 10:00:00,998116.0
2020-10-25 10:30:00,933330.0
2020-10-25 11:00:00,933729.0
2020-10-25 11:30:00,926299.0
2020-10-25 12:00:00,1063028.0
2020-10-25 12:30:00,1076326.0
2020-10-25 13:00:00,1106200.0
2020-10-25 13:30:00,1105214.0
2020-10-25 14:00:00,1080590.0
2020-10-25 14:30:00,1223353.0
2020-10-25 15:00:00,1177574.0
2020-10-25 15:30:00,1187658.0
2020-10-25 16:00:00,1289369.0
2020-10-25 16:30:00,1179627.0
2020-10-25 17:00:00,1180093.0
2020-10-25 17:30:00,1314787.0
2020-10-25 18:00:00,1256876.0
2020-10-25 18:30:00,1194080.0
2020-10-25 19:00:00,1170246.0
2020-10-25 19:30:00,1183697.0
2020-10-25 20:00:00,1159201.0
2020-10-25 20:30:00,1172294.0
2020-10-25 21:00:00,1246194.0
2020-10-25 21:30:00,1278300.0
2020-10-25 22:00:00,1319532.0
2020-10-25 22:30:00,1279985.0
2020-10-25 23:00:00,1306020.0
2020-10-25 23:30:00,1299276.0
2020-10-26 00:00:00,1264513.0
2020-10-26 00:30:00,1246203.0
2020-10-26 01:00:00,1274763.0
2020-10-26 01:30:00,1328644.0
2020-10-26 02:00:00,1312156.0
2020-10-26 02:30:00,1276570.0
2020-10-26 03:00:00,1250708.0
2020-10-26 03:30:00,1270388.0
2020-10-26 04:00:00,1282008.0
2020-10-26 04:30:00,1304509.0
2020-10-26 05:00:00,1284785.0
2020-10-26 05:30:00,1309030.0
2020-10-26 06:00:00,1308604.0
2020-10-26 06:30:00,1320978.0
2020-10-26 07:00:00,1324566.0
2020-10-26 07:30:00,1327631.0
2020-10-26 08:00:00,1335023.0
2020-10-26 08:30:00,1325419.0
2020-10-26 09:00:00,1258589.0
2020-10-26 09:30:00,1211877.0
2020-10-26 10:00:00,1323862.0
2020-10-26 10:30:00,1317382.0
2020-10-26 11:00:00,1254277.0
2020-10-26 11:30:00,1183715.0
2020-10-26 12:00:00,1158786.0
2020-10-26 12:30:00,1153528.0
2020-10-26 13:00:00,1182673.0
2020-10-26 13:30:00,1317136.0
2020-10-26 14:00:00,1338094.0
2020-10-26 14:30:00,1348839.0
2020-10-26 15:00:00,1340568.0
2020-10-26 15:30:00,1353052.0
2020-10-26 16:00:00,1375485.0
2020-10-26 16:30:00,1389042.0
2020-10-26 17:00:00,1349985.0
2020-10-26 17:30:00,1355306.0
2020-10-26 18:00:00,1374815.0
2020-10-26 18:30:00,1383425.0
2020-10-26 19:00:00,1298526.0
2020-10-26 19:30:00,1305859.0
2020-10-26 20:00:00,1321162.0
2020-10-26 20:30:00,1324353.0
2020-10-26 21:00:00,1317932.0
2020-10-26 21:30:00,1308461.0
2020-10-26 22:00:00,1318698.0
2020-10-26 22:30:00,1322776.0
2020-10-26 23:00:00,1346315.0
2020-10-26 23:30:00,1320086.0
2020-10-27 00:00:00,1329048.0
2020-10-27 00:30:00,1317691.0
2020-10-27 01:00:00,1345209.0
2020-10-27 01:30:00,1345338.0
2020-10-27 02:00:00,1326800.0
2020-10-27 02:30:00,1322237.0
2020-10-27 03:00:00,1306308.0
2020-10-27 03:30:00,1292956.0
2020-10-27 04:00:00,1320479.0
2020-10-27 04:30:00,1321818.0
2020-10-27 05:00:00,1350259.0
2020-10-27 05:30:00,1328095.0
2020-10-27 06:00:00,1392666.0
2020-10-27 06:30:00,1395097.0
2020-10-27 07:00:00,1394543.0
2020-10-27 07:30:00,1416635.0
2020-10-27 08:00:00,1437095.0
2020-10-27 08:30:00,1416534.0
2020-10-27 09:00:00,1396865.0
2020-10-27 09:30:00,1396865.0
2020-10-27 10:00:00,1396865.0
2020-10-27 10:30:00,1396865.0
2020-10-27 11:00:00,1396865.0
2020-10-27 11:30:00,1396865.0
2020-10-27 12:00:00,1396865.0
2020-10-27 12:30:00,1396865.0
2020-10-27 13:00:00,1396865.0
2020-10-27 13:30:00,1396865.0
2020-10-27 14:00:00,1396865.0
2020-10-27 14:30:00,1303249.0
2020-10-27 15:00:00,1281247.0
2020-10-27 15:30:00,1349460.0
2020-10-27 16:00:00,1390315.0
2020-10-27 16:30:00,1367042.0
2020-10-27 17:00:00,1347400.0
2020-10-27 17:30:00,1361009.0
2020-10-27 18:00:00,1348476.0
2020-10-27 18:30:00,1337194.0
2020-10-27 19:00:00,1337881.0
2020-10-27 19:30:00,1325752.0
2020-10-27 20:00:00,1332525.0
2020-10-27 20:30:00,1336333.0
2020-10-27 21:00:00,1334749.0
2020-10-27 21:30:00,1371502.0
2020-10-27 22:00:00,1350238.0
2020-10-27 22:30:00,1350922.0
2020-10-27 23:00:00,1398995.0
2020-10-27 23:30:00,1354628.0
2020-10-28 00:00:00,1340025.0
2020-10-28 00:30:00,1313004.0
2020-10-28 01:00:00,1298181.0
2020-10-28 01:30:00,1297016.0
2020-10-28 02:00:00,1319489.0
2020-10-28 02:30:00,1273694.0
2020-10-28 03:00:00,1294282.0
2020-10-28 03:30:00,1288611.0
2020-10-28 04:00:00,1301576.0
2020-10-28 04:30:00,1299523.0
2020-10-28 05:00:00,1305396.0
2020-10-28 05:30:00,1315154.0
2020-10-28 06:00:00,1330478.0
2020-10-28 06:30:00,1329058.0
2020-10-28 07:00:00,1342741.0
2020-10-28 07:30:00,1339077.0
2020-10-28 08:00:00,1397059.0
2020-10-28 08:30:00,1367317.0
2020-10-28 09:00:00,1337217.0
2020-10-28 09:30:00,1345831.0
2020-10-28 10:00:00,1338925.0
2020-10-28 10:30:00,1344047.0
2020-10-28 11:00:00,1294070.0
2020-10-28 11:30:00,1294585.0
2020-10-28 12:00:00,1295581.0
2020-10-28 12:30:00,1135520.0
2020-10-28 13:00:00,1189958.0
2020-10-28 13:30:00,1326206.0
2020-10-28 14:00:00,1308626.0
2020-10-28 14:30:00,1282251.0
2020-10-28 15:00:00,1329323.0
2020-10-28 15:30:00,1304787.0
2020-10-28 16:00:00,1332265.0
2020-10-28 16:30:00,1310665.0
2020-10-28 17:00:00,1337227.0
2020-10-28 17:30:00,1365232.0
2020-10-28 18:00:00,1364388.0
2020-10-28 18:30:00,1351888.0
2020-10-28 19:00:00,1363709.0
2020-10-28 19:30:00,1411076.0
2020-10-28 20:00:00,1398979.0
2020-10-28 20:30:00,1397767.0
2020-10-28 21:00:00,1363645.0
2020-10-28 21:30:00,1365444.0
2020-10-28 22:00:00,1398610.0
2020-10-28 22:30:00,1395609.0
2020-10-28 23:00:00,1399309.0
2020-10-28 23:30:00,1335736.0
2020-10-29 00:00:00,1289500.0
2020-10-29 00:30:00,1270966.0
2020-10-29 01:00:00,1277546.0
2020-10-29 01:30:00,1275090.0
2020-10-29 02:00:00,1256112.0
2020-10-29 02:30:00,1260920.0
2020-10-29 03:00:00,1220332.0
2020-10-29 03:30:00,1243562.0
2020-10-29 04:00:00,1219636.0
2020-10-29 04:30:00,1239017.0
2020-10-29 05:00:00,1251708.0
2020-10-29 05:30:00,1260298.0
2020-10-29 06:00:00,1285793.0
2020-10-29 06:30:00,1278070.0
2020-10-29 07:00:00,1290437.0
2020-10-29 07:30:00,1268522.0
2020-10-29 08:00:00,1278077.0
2020-10-29 08:30:00,1279568.0
2020-10-29 09:00:00,1248662.0
2020-10-29 09:30:00,1192436.0
2020-10-29 10:00:00,1289933.0
2020-10-29 10:30:00,1283721.0
2020-10-29 11:00:00,1278154.0
2020-10-29 11:30:00,1212013.0
2020-10-29 12:00:00,1174400.0
2020-10-29 12:30:00,1177018.0
2020-10-29 13:00:00,1292234.0
2020-10-29 13:30:00,1362516.0
2020-10-29 14:00:00,1269198.0
2020-10-29 14:30:00,1297811.0
2020-10-29 15:00:00,1283592.0
2020-10-29 15:30:00,1302982.0
2020-10-29 16:00:00,1336487.0
2020-10-29 16:30:00,1346682.0
2020-10-29 17:00:00,1348788.0
2020-10-29 17:30:00,1343366.0
2020-10-29 18:00:00,1365512.0
2020-10-29 18:30:00,1343542.0
2020-10-29 19:00:00,1334232.0
2020-10-29 19:30:00,1349268.0
2020-10-29 20:00:00,1347904.0
2020-10-29 20:30:00,1349097.0
2020-10-29 21:00:00,1305678.0
2020-10-29 21:30:00,1344826.0
2020-10-29 22:00:00,1333157.0
2020-10-29 22:30:00,1316931.0
2020-10-29 23:00:00,1330745.0
2020-10-29 23:30:00,1321649.0
2020-10-30 00:00:00,1306950.0
2020-10-30 00:30:00,1275139.0
2020-10-30 01:00:00,1321703.0
2020-10-30 01:30:00,1341111.0
2020-10-30 02:00:00,1348549.0
2020-10-30 02:30:00,1326219.0
2020-10-30 03:00:00,1323291.0
2020-10-30 03:30:00,1299754.0
2020-10-30 04:00:00,1319605.0
2020-10-30 04:30:00,1308338.0
2020-10-30 05:00:00,1333912.0
2020-10-30 05:30:00,1348055.0
2020-10-30 06:00:00,1341703.0
2020-10-30 06:30:00,1346144.0
2020-10-30 07:00:00,1338203.0
2020-10-30 07:30:00,1325877.0
2020-10-30 08:00:00,1331230.0
2020-10-30 08:30:00,1324241.0
2020-10-30 09:00:00,1262451.0
2020-10-30 09:30:00,1169218.0
2020-10-30 10:00:00,1202088.0
2020-10-30 10:30:00,1166937.0
2020-10-30 11:00:00,1223142.0
2020-10-30 11:30:00,1165730.0
2020-10-30 12:00:00,1169360.0
2020-10-30 12:30:00,1159498.0
2020-10-30 13:00:00,1186854.0
2020-10-30 13:30:00,1264699.0
2020-10-30 14:00:00,1297414.0
2020-10-30 14:30:00,1238067.0
2020-10-30 15:00:00,1216676.0
2020-10-30 15:30:00,1317935.0
2020-10-30 16:00:00,1327782.0
2020-10-30 16:30:00,1331599.0
2020-10-30 17:00:00,1304798.0
2020-10-30 17:30:00,1328076.0
2020-10-30 18:00:00,1326928.0
2020-10-30 18:30:00,1305159.0
2020-10-30 19:00:00,1234798.0
2020-10-30 19:30:00,1170842.0
2020-10-30 20:00:00,1161205.0
2020-10-30 20:30:00,1160924.0
2020-10-30 21:00:00,1171579.0
2020-10-30 21:30:00,1142955.0
2020-10-30 22:00:00,1173790.0
2020-10-30 22:30:00,1154193.0
2020-10-30 23:00:00,1297819.0
2020-10-30 23:30:00,1272252.0
2020-10-31 00:00:00,1161355.0
2020-10-31 00:30:00,1197175.0
2020-10-31 01:00:00,1223550.0
2020-10-31 01:30:00,1287244.0
2020-10-31 02:00:00,1266263.0
2020-10-31 02:30:00,1276828.0
2020-10-31 03:00:00,1247965.0
2020-10-31 03:30:00,1197862.0
2020-10-31 04:00:00,1245945.0
2020-10-31 04:30:00,1271342.0
2020-10-31 05:00:00,1304196.0
2020-10-31 05:30:00,1296256.0
2020-10-31 06:00:00,1309933.0
2020-10-31 06:30:00,1304013.0
2020-10-31 07:00:00,1311617.0
2020-10-31 07:30:00,1296183.0
2020-10-31 08:00:00,1273378.0
2020-10-31 08:30:00,1213888.0
2020-10-31 09:00:00,1123720.0
2020-10-31 09:30:00,1135642.0
2020-10-31 10:00:00,1186367.0
2020-10-31 10:30:00,1154652.0
2020-10-31 11:00:00,1117437.0
2020-10-31 11:30:00,1120014.0
2020-10-31 12:00:00,1128609.0
2020-10-31 12:30:00,1125106.0
2020-10-31 13:00:00,1128376.0
2020-10-31 13:30:00,1132562.0
2020-10-31 14:00:00,1130456.0
2020-10-31 14:30:00,1124104.0
2020-10-31 15:00:00,1125181.0
2020-10-31 15:30:00,1130496.0
2020-10-31 16:00:00,1201142.0
2020-10-31 16:30:00,1280126.0
2020-10-31 17:00:00,1257292.0
2020-10-31 17:30:00,1308627.0
2020-10-31 18:00:00,1267969.0
2020-10-31 18:30:00,1287490.0
2020-10-31 19:00:00,1244713.0
2020-10-31 19:30:00,1244784.0
2020-10-31 20:00:00,1224825.0
2020-10-31 20:30:00,1219720.0
2020-10-31 21:00:00,1271460.0
2020-10-31 21:30:00,1276281.0
2020-10-31 22:00:00,1299707.0
2020-10-31 22:30:00,1284288.0
2020-10-31 23:00:00,1358041.0
2020-10-31 23:30:00,1283836.0
2020-11-01 00:00:00,1132724.0
2020-11-01 00:30:00,1172978.0
2020-11-01 01:00:00,1269824.0
2020-11-01 01:30:00,1230818.0
2020-11-01 02:00:00,1253266.0
2020-11-01 02:30:00,1212398.0
2020-11-01 03:00:00,1164242.0
2020-11-01 03:30:00,1159591.0
2020-11-01 04:00:00,1189467.0
2020-11-01 04:30:00,1287537.0
2020-11-01 05:00:00,1267530.0
2020-11-01 05:30:00,1246557.0
2020-11-01 06:00:00,1218275.0
2020-11-01 06:30:00,1229535.0
2020-11-01 07:00:00,1295683.0
2020-11-01 07:30:00,1307652.0
2020-11-01 08:00:00,1238121.0
2020-11-01 08:30:00,1300002.0
2020-11-01 09:00:00,1196776.0
2020-11-01 09:30:00,1256097.0
2020-11-01 10:00:00,1324948.0
2020-11-01 10:30:00,1219411.0
2020-11-01 11:00:00,1227812.0
2020-11-01 11:30:00,1198146.0
2020-11-01 12:00:00,1186213.0
2020-11-01 12:30:00,1183700.0
2020-11-01 13:00:00,1199668.0
2020-11-01 13:30:00,1177607.0
2020-11-01 14:00:00,1281933.0
2020-11-01 14:30:00,1229684.0
2020-11-01 15:00:00,1136834.0
2020-11-01 15:30:00,1140197.0
2020-11-01 16:00:00,1146709.0
2020-11-01 16:30:00,1152647.0
2020-11-01 17:00:00,1183783.0
2020-11-01 17:30:00,1274617.0
2020-11-01 18:00:00,1221844.0
2020-11-01 18:30:00,1213462.0
2020-11-01 19:00:00,1305531.0
2020-11-01 19:30:00,1311385.0
2020-11-01 20:00:00,1315921.0
2020-11-01 20:30:00,1329187.0
2020-11-01 21:00:00,1264909.0
2020-11-01 21:30:00,1305389.0
2020-11-01 22:00:00,1209175.0
2020-11-01 22:30:00,1152812.0
2020-11-01 23:00:00,1244284.0
2020-11-01 23:30:00,1185320.0
2020-11-02 00:00:00,1168655.0
2020-11-02 00:30:00,1186011.0
2020-11-02 01:00:00,1231848.0
2020-11-02 01:30:00,1239315.0
2020-11-02 02:00:00,1177317.0
2020-11-02 02:30:00,1171708.0
2020-11-02 03:00:00,1147733.0
2020-11-02 03:30:00,1174078.0
2020-11-02 04:00:00,1205918.0
2020-11-02 04:30:00,1184164.0
2020-11-02 05:00:00,1214019.0
2020-11-02 05:30:00,1208571.0
2020-11-02 06:00:00,1140356.0
2020-11-02 06:30:00,1241744.0
2020-11-02 07:00:00,1295448.0
2020-11-02 07:30:00,1139409.0
2020-11-02 08:00:00,1238227.0
2020-11-02 08:30:00,1293795.0
2020-11-02 09:00:00,1287687.0
2020-11-02 09:30:00,1261510.0
2020-11-02 10:00:00,1199592.0
2020-11-02 10:30:00,1148930.0
2020-11-02 11:00:00,1147160.0
2020-11-02 11:30:00,1229748.0
2020-11-02 12:00:00,1125178.0
2020-11-02 12:30:00,1161792.0
2020-11-02 13:00:00,1165941.0
2020-11-02 13:30:00,1252516.0
2020-11-02 14:00:00,1228843.0
2020-11-02 14:30:00,1273389.0
2020-11-02 15:00:00,1152476.0
2020-11-02 15:30:00,1199998.0
2020-11-02 16:00:00,1219690.0
2020-11-02 16:30:00,1269304.0
2020-11-02 17:00:00,1179882.0
2020-11-02 17:30:00,1267856.0
2020-11-02 18:00:00,1195072.0
2020-11-02 18:30:00,1188956.0
2020-11-02 19:00:00,1116238.0
2020-11-02 19:30:00,1233749.0
2020-11-02 20:00:00,1244437.0
2020-11-02 20:30:00,1193034.0
2020-11-02 21:00:00,1284313.0
2020-11-02 21:30:00,1328806.0
2020-11-02 22:00:00,1245218.0
2020-11-02 22:30:00,1314080.0
2020-11-02 23:00:00,1234691.0
2020-11-02 23:30:00,1119370.0
2020-11-03 00:00:00,1258819.0
2020-11-03 00:30:00,1246700.0
2020-11-03 01:00:00,1246455.0
2020-11-03 01:30:00,1299373.0
2020-11-03 02:00:00,1327287.0
2020-11-03 02:30:00,1282312.0
2020-11-03 03:00:00,1208024.0
2020-11-03 03:30:00,1230253.0
2020-11-03 04:00:00,1186535.0
2020-11-03 04:30:00,1215189.0
2020-11-03 05:00:00,1194497.0
2020-11-03 05:30:00,1165810.0
2020-11-03 06:00:00,1261875.0
2020-11-03 06:30:00,1300647.0
2020-11-03 07:00:00,1271122.0
2020-11-03 07:30:00,1256055.0
2020-11-03 08:00:00,1298875.0
2020-11-03 08:30:00,1343318.0
2020-11-03 09:00:00,1170990.0
2020-11-03 09:30:00,1170990.0
2020-11-03 10:00:00,1170990.0
2020-11-03 10:30:00,1170990.0
2020-11-03 11:00:00,1170990.0
2020-11-03 11:30:00,1170990.0
2020-11-03 12:00:00,1170990.0
2020-11-03 12:30:00,1170990.0
2020-11-03 13:00:00,1170990.0
2020-11-03 13:30:00,1170990.0
2020-11-03 14:00:00,1170990.0
2020-11-03 14:30:00,1182131.0
2020-11-03 15:00:00,1258986.0
2020-11-03 15:30:00,1235044.0
2020-11-03 16:00:00,1291747.0
2020-11-03 16:30:00,1260665.0
2020-11-03 17:00:00,1199178.0
2020-11-03 17:30:00,1256222.0
2020-11-03 18:00:00,1265138.0
2020-11-03 18:30:00,1239574.0
2020-11-03 19:00:00,1185766.0
2020-11-03 19:30:00,1173252.0
2020-11-03 20:00:00,1194180.0
2020-11-03 20:30:00,1241244.0
2020-11-03 21:00:00,1179585.0
2020-11-03 21:30:00,1260910.0
2020-11-03 22:00:00,1259185.0
2020-11-03 22:30:00,1189574.0
2020-11-03 23:00:00,1309146.0
2020-11-03 23:30:00,1261057.0
2020-11-04 00:00:00,1163353.0
2020-11-04 00:30:00,1115506.0
2020-11-04 01:00:00,1124099.0
2020-11-04 01:30:00,1112764.0
2020-11-04 02:00:00,1108131.0
2020-11-04 02:30:00,1117580.0
2020-11-04 03:00:00,1118055.0
2020-11-04 03:30:00,1115729.0
2020-11-04 04:00:00,1120299.0
2020-11-04 04:30:00,1113501.0
2020-11-04 05:00:00,1123092.0
2020-11-04 05:30:00,1129847.0
2020-11-04 06:00:00,1211687.0
2020-11-04 06:30:00,1293621.0
2020-11-04 07:00:00,1330355.0
2020-11-04 07:30:00,1327477.0
2020-11-04 08:00:00,1317769.0
2020-11-04 08:30:00,1293543.0
2020-11-04 09:00:00,1152364.0
2020-11-04 09:30:00,1121024.0
2020-11-04 10:00:00,1139387.0
2020-11-04 10:30:00,1224136.0
2020-11-04 11:00:00,1204009.0
2020-11-04 11:30:00,1118189.0
2020-11-04 12:00:00,1127138.0
2020-11-04 12:30:00,1122682.0
2020-11-04 13:00:00,1118569.0
2020-11-04 13:30:00,1121891.0
2020-11-04 14:00:00,1118291.0
2020-11-04 14:30:00,1126039.0
2020-11-04 15:00:00,1126352.0
2020-11-04 15:30:00,1159515.0
2020-11-04 16:00:00,1276824.0
2020-11-04 16:30:00,1288487.0
2020-11-04 17:00:00,1192150.0
2020-11-04 17:30:00,1293662.0
2020-11-04 18:00:00,1264140.0
2020-11-04 18:30:00,1289854.0
2020-11-04 19:00:00,1268224.0
2020-11-04 19:30:00,1291371.0
2020-11-04 20:00:00,1295696.0
2020-11-04 20:30:00,1276317.0
2020-11-04 21:00:00,1273942.0
2020-11-04 21:30:00,1269973.0
2020-11-04 22:00:00,1269742.0
2020-11-04 22:30:00,1272421.0
2020-11-04 23:00:00,1308646.0
2020-11-04 23:30:00,1308834.0
2020-11-05 00:00:00,1250468.0
2020-11-05 00:30:00,1149842.0
2020-11-05 01:00:00,1174763.0
2020-11-05 01:30:00,1157051.0
2020-11-05 02:00:00,1192312.0
2020-11-05 02:30:00,1143084.0
2020-11-05 03:00:00,1119752.0
2020-11-05 03:30:00,1115604.0
2020-11-05 04:00:00,1120576.0
2020-11-05 04:30:00,1120146.0
2020-11-05 05:00:00,1149898.0
2020-11-05 05:30:00,1158371.0
2020-11-05 06:00:00,1252453.0
2020-11-05 06:30:00,1291565.0
2020-11-05 07:00:00,1287386.0
2020-11-05 07:30:00,1311867.0
2020-11-05 08:00:00,1350128.0
2020-11-05 08:30:00,1361653.0
2020-11-05 09:00:00,1329855.0
2020-11-05 09:30:00,1299522.0
2020-11-05 10:00:00,1320325.0
2020-11-05 10:30:00,1286360.0
2020-11-05 11:00:00,1195117.0
2020-11-05 11:30:00,1130190.0
2020-11-05 12:00:00,1124855.0
2020-11-05 12:30:00,1122679.0
2020-11-05 13:00:00,1122603.0
2020-11-05 13:30:00,1163558.0
2020-11-05 14:00:00,1199579.0
2020-11-05 14:30:00,1272634.0
2020-11-05 15:00:00,1261656.0
2020-11-05 15:30:00,1246062.0
2020-11-05 16:00:00,1247581.0
2020-11-05 16:30:00,1270817.0
2020-11-05 17:00:00,1181156.0
2020-11-05 17:30:00,1217740.0
2020-11-05 18:00:00,1201302.0
2020-11-05 18:30:00,1230605.0
2020-11-05 19:00:00,1157874.0
2020-11-05 19:30:00,1137215.0
2020-11-05 20:00:00,1141260.0
2020-11-05 20:30:00,1176878.0
2020-11-05 21:00:00,1215416.0
2020-11-05 21:30:00,1266871.0
2020-11-05 22:00:00,1205711.0
2020-11-05 22:30:00,1141350.0
2020-11-05 23:00:00,1243182.0
2020-11-05 23:30:00,1202541.0
2020-11-06 00:00:00,1153871.0
2020-11-06 00:30:00,1273606.0
2020-11-06 01:00:00,1348563.0
2020-11-06 01:30:00,1348206.0
2020-11-06 02:00:00,1352982.0
2020-11-06 02:30:00,1341327.0
2020-11-06 03:00:00,1287222.0
2020-11-06 03:30:00,1265585.0
2020-11-06 04:00:00,1264421.0
2020-11-06 04:30:00,1291620.0
2020-11-06 05:00:00,1331762.0
2020-11-06 05:30:00,1335371.0
2020-11-06 06:00:00,1352029.0
2020-11-06 06:30:00,1153856.0
2020-11-06 07:00:00,1219019.0
2020-11-06 07:30:00,1183548.0
2020-11-06 08:00:00,1318975.0
2020-11-06 08:30:00,1372176.0
2020-11-06 09:00:00,1392744.0
2020-11-06 09:30:00,1381131.0
2020-11-06 10:00:00,1332579.0
2020-11-06 10:30:00,1372622.0
2020-11-06 11:00:00,1401111.0
2020-11-06 11:30:00,1323881.0
2020-11-06 12:00:00,1173070.0
2020-11-06 12:30:00,1143253.0
2020-11-06 13:00:00,1260693.0
2020-11-06 13:30:00,1326965.0
2020-11-06 14:00:00,1325129.0
2020-11-06 14:30:00,1306091.0
2020-11-06 15:00:00,1248654.0
2020-11-06 15:30:00,1316149.0
2020-11-06 16:00:00,1326278.0
2020-11-06 16:30:00,1284773.0
2020-11-06 17:00:00,1144659.0
2020-11-06 17:30:00,1243283.0
2020-11-06 18:00:00,1212593.0
2020-11-06 18:30:00,1189218.0
2020-11-06 19:00:00,1186387.0
2020-11-06 19:30:00,1313143.0
2020-11-06 20:00:00,1376961.0
2020-11-06 20:30:00,1294726.0
2020-11-06 21:00:00,1236532.0
2020-11-06 21:30:00,1152969.0
2020-11-06 22:00:00,1206742.0
2020-11-06 22:30:00,1335320.0
2020-11-06 23:00:00,1348216.0
2020-11-06 23:30:00,1264408.0
2020-11-07 00:00:00,1181882.0
2020-11-07 00:30:00,1141091.0
2020-11-07 01:00:00,1236905.0
2020-11-07 01:30:00,1250219.0
2020-11-07 02:00:00,1244064.0
2020-11-07 02:30:00,1162303.0
2020-11-07 03:00:00,1140970.0
2020-11-07 03:30:00,1139982.0
2020-11-07 04:00:00,1142907.0
2020-11-07 04:30:00,1159914.0
2020-11-07 05:00:00,1209137.0
2020-11-07 05:30:00,1248941.0
2020-11-07 06:00:00,1267959.0
2020-11-07 06:30:00,1263528.0
2020-11-07 07:00:00,1210931.0
2020-11-07 07:30:00,1242374.0
2020-11-07 08:00:00,1287832.0
2020-11-07 08:30:00,1315055.0
2020-11-07 09:00:00,1167217.0
2020-11-07 09:30:00,1156446.0
2020-11-07 10:00:00,1161191.0
2020-11-07 10:30:00,1153142.0
2020-11-07 11:00:00,1146762.0
2020-11-07 11:30:00,1088830.0
2020-11-07 12:00:00,1008359.0
2020-11-07 12:30:00,961492.0
2020-11-07 13:00:00,983125.0
2020-11-07 13:30:00,1016197.0
2020-11-07 14:00:00,1021309.0
2020-11-07 14:30:00,1009895.0
2020-11-07 15:00:00,1009430.0
2020-11-07 15:30:00,1046586.0
2020-11-07 16:00:00,1044103.0
2020-11-07 16:30:00,1059933.0
2020-11-07 17:00:00,1045023.0
2020-11-07 17:30:00,1079177.0
2020-11-07 18:00:00,1053196.0
2020-11-07 18:30:00,1039775.0
2020-11-07 19:00:00,1034470.0
2020-11-07 19:30:00,997615.0
2020-11-07 20:00:00,1054796.0
2020-11-07 20:30:00,1053857.0
2020-11-07 21:00:00,1034256.0
2020-11-07 21:30:00,1036271.0
2020-11-07 22:00:00,1056331.0
2020-11-07 22:30:00,1063292.0
2020-11-07 23:00:00,1083864.0
2020-11-07 23:30:00,1067513.0
2020-11-08 00:00:00,1025548.0
2020-11-08 00:30:00,1052064.0
2020-11-08 01:00:00,1063562.0
2020-11-08 01:30:00,1086620.0
2020-11-08 02:00:00,1078965.0
2020-11-08 02:30:00,1066856.0
2020-11-08 03:00:00,1044012.0
2020-11-08 03:30:00,1025326.0
2020-11-08 04:00:00,1053427.0
2020-11-08 04:30:00,1064378.0
2020-11-08 05:00:00,1059932.0
2020-11-08 05:30:00,1072175.0
2020-11-08 06:00:00,1066658.0
2020-11-08 06:30:00,1057304.0
2020-11-08 07:00:00,1063416.0
2020-11-08 07:30:00,1050260.0
2020-11-08 08:00:00,997335.0
2020-11-08 08:30:00,1002443.0
2020-11-08 09:00:00,971023.0
2020-11-08 09:30:00,952196.0
2020-11-08 10:00:00,953386.0
2020-11-08 10:30:00,909325.0
2020-11-08 11:00:00,897339.0
2020-11-08 11:30:00,900451.0
2020-11-08 12:00:00,892017.0
2020-11-08 12:30:00,893016.0
2020-11-08 13:00:00,891309.0
2020-11-08 13:30:00,890923.0
2020-11-08 14:00:00,888873.0
2020-11-08 14:30:00,889407.0
2020-11-08 15:00:00,887534.0
2020-11-08 15:30:00,888657.0
2020-11-08 16:00:00,993817.0
2020-11-08 16:30:00,1110931.0
2020-11-08 17:00:00,1128327.0
2020-11-08 17:30:00,1125567.0
2020-11-08 18:00:00,1130844.0
2020-11-08 18:30:00,1114066.0
2020-11-08 19:00:00,1113157.0
2020-11-08 19:30:00,1111953.0
2020-11-08 20:00:00,1122324.0
2020-11-08 20:30:00,1121331.0
2020-11-08 21:00:00,1113512.0
2020-11-08 21:30:00,1131399.0
2020-11-08 22:00:00,1141374.0
2020-11-08 22:30:00,1143868.0
2020-11-08 23:00:00,1196507.0
2020-11-08 23:30:00,1132692.0
2020-11-09 00:00:00,1118657.0
2020-11-09 00:30:00,1122432.0
2020-11-09 01:00:00,1114847.0
2020-11-09 01:30:00,1123051.0
2020-11-09 02:00:00,1122965.0
2020-11-09 02:30:00,1175369.0
2020-11-09 03:00:00,1124604.0
2020-11-09 03:30:00,1118425.0
2020-11-09 04:00:00,1118891.0
2020-11-09 04:30:00,1119765.0
2020-11-09 05:00:00,1124664.0
2020-11-09 05:30:00,1123879.0
2020-11-09 06:00:00,1141943.0
2020-11-09 06:30:00,1168097.0
2020-11-09 07:00:00,1236139.0
2020-11-09 07:30:00,1304063.0
2020-11-09 08:00:00,1306363.0
2020-11-09 08:30:00,1309045.0
2020-11-09 09:00:00,1172323.0
2020-11-09 09:30:00,1121370.0
2020-11-09 10:00:00,1111257.0
2020-11-09 10:30:00,1138934.0
2020-11-09 11:00:00,1115859.0
2020-11-09 11:30:00,1115604.0
2020-11-09 12:00:00,1109913.0
2020-11-09 12:30:00,1114937.0
2020-11-09 13:00:00,1134165.0
2020-11-09 13:30:00,1128030.0
2020-11-09 14:00:00,1152551.0
2020-11-09 14:30:00,1204542.0
2020-11-09 15:00:00,1264521.0
2020-11-09 15:30:00,1283941.0
2020-11-09 16:00:00,1327139.0
2020-11-09 16:30:00,1318736.0
2020-11-09 17:00:00,1297463.0
2020-11-09 17:30:00,1305468.0
2020-11-09 18:00:00,1282334.0
2020-11-09 18:30:00,1279437.0
2020-11-09 19:00:00,1292799.0
2020-11-09 19:30:00,1336733.0
2020-11-09 20:00:00,1328976.0
2020-11-09 20:30:00,1321183.0
2020-11-09 21:00:00,1309481.0
2020-11-09 21:30:00,1310388.0
2020-11-09 22:00:00,1296261.0
2020-11-09 22:30:00,1230467.0
2020-11-09 23:00:00,1367295.0
2020-11-09 23:30:00,1309987.0
2020-11-10 00:00:00,1190792.0
2020-11-10 00:30:00,1163355.0
2020-11-10 01:00:00,1149791.0
2020-11-10 01:30:00,1134253.0
2020-11-10 02:00:00,1168713.0
2020-11-10 02:30:00,1164985.0
2020-11-10 03:00:00,1179782.0
2020-11-10 03:30:00,1224585.0
2020-11-10 04:00:00,1215091.0
2020-11-10 04:30:00,1216487.0
2020-11-10 05:00:00,1280231.0
2020-11-10 05:30:00,1196673.0
2020-11-10 06:00:00,1193638.0
2020-11-10 06:30:00,1176170.0
2020-11-10 07:00:00,1239640.0
2020-11-10 07:30:00,1276156.0
2020-11-10 08:00:00,1290082.0
2020-11-10 08:30:00,1316247.0
2020-11-10 09:00:00,1209680.0
2020-11-10 09:30:00,1140598.0
2020-11-10 10:00:00,1140598.0
2020-11-10 10:30:00,1140598.0
2020-11-10 11:00:00,1140598.0
2020-11-10 11:30:00,1140598.0
2020-11-10 12:00:00,1140598.0
2020-11-10 12:30:00,1140598.0
2020-11-10 13:00:00,1140598.0
2020-11-10 13:30:00,1140598.0
2020-11-10 14:00:00,1140598.0
2020-11-10 14:30:00,1131718.0
2020-11-10 15:00:00,1158974.0
2020-11-10 15:30:00,1228039.0
2020-11-10 16:00:00,1302290.0
2020-11-10 16:30:00,1311957.0
2020-11-10 17:00:00,1177435.0
2020-11-10 17:30:00,1268270.0
2020-11-10 18:00:00,1274323.0
2020-11-10 18:30:00,1268907.0
2020-11-10 19:00:00,1173835.0
2020-11-10 19:30:00,1134661.0
2020-11-10 20:00:00,1135454.0
2020-11-10 20:30:00,1120392.0
2020-11-10 21:00:00,1146342.0
2020-11-10 21:30:00,1169711.0
2020-11-10 22:00:00,1120861.0
2020-11-10 22:30:00,1128714.0
2020-11-10 23:00:00,1310047.0
2020-11-10 23:30:00,1274748.0
2020-11-11 00:00:00,1189806.0
2020-11-11 00:30:00,1148692.0
2020-11-11 01:00:00,1201992.0
2020-11-11 01:30:00,1166033.0
2020-11-11 02:00:00,1173402.0
2020-11-11 02:30:00,1143437.0
2020-11-11 03:00:00,1133454.0
2020-11-11 03:30:00,1135183.0
2020-11-11 04:00:00,1162765.0
2020-11-11 04:30:00,1194933.0
2020-11-11 05:00:00,1191719.0
2020-11-11 05:30:00,1119275.0
2020-11-11 06:00:00,1134331.0
2020-11-11 06:30:00,1195721.0
2020-11-11 07:00:00,1325309.0
2020-11-11 07:30:00,1342257.0
2020-11-11 08:00:00,1358618.0
2020-11-11 08:30:00,1350397.0
2020-11-11 09:00:00,1247465.0
2020-11-11 09:30:00,1136963.0
2020-11-11 10:00:00,1173578.0
2020-11-11 10:30:00,1185170.0
2020-11-11 11:00:00,1179213.0
2020-11-11 11:30:00,1108814.0
2020-11-11 12:00:00,1112689.0
2020-11-11 12:30:00,1117448.0
2020-11-11 13:00:00,1124954.0
2020-11-11 13:30:00,1127749.0
2020-11-11 14:00:00,1139048.0
2020-11-11 14:30:00,1158815.0
2020-11-11 15:00:00,1175539.0
2020-11-11 15:30:00,1251277.0
2020-11-11 16:00:00,1315144.0
2020-11-11 16:30:00,1312634.0
2020-11-11 17:00:00,1166031.0
2020-11-11 17:30:00,1197600.0
2020-11-11 18:00:00,1168186.0
2020-11-11 18:30:00,1145993.0
2020-11-11 19:00:00,1188085.0
2020-11-11 19:30:00,1197062.0
2020-11-11 20:00:00,1280996.0
2020-11-11 20:30:00,1295536.0
2020-11-11 21:00:00,1245249.0
2020-11-11 21:30:00,1222720.0
2020-11-11 22:00:00,1170421.0
2020-11-11 22:30:00,1173040.0
2020-11-11 23:00:00,1298965.0
2020-11-11 23:30:00,1240270.0
2020-11-12 00:00:00,1190717.0
2020-11-12 00:30:00,1154113.0
2020-11-12 01:00:00,1148052.0
2020-11-12 01:30:00,1134620.0
2020-11-12 02:00:00,1154247.0
2020-11-12 02:30:00,1128354.0
2020-11-12 03:00:00,1125694.0
2020-11-12 03:30:00,1128736.0
2020-11-12 04:00:00,1141881.0
2020-11-12 04:30:00,1161511.0
2020-11-12 05:00:00,1131370.0
2020-11-12 05:30:00,1157188.0
2020-11-12 06:00:00,1211074.0
2020-11-12 06:30:00,1259922.0
2020-11-12 07:00:00,1346551.0
2020-11-12 07:30:00,1372214.0
2020-11-12 08:00:00,1373169.0
2020-11-12 08:30:00,1362025.0
2020-11-12 09:00:00,1291529.0
2020-11-12 09:30:00,1253839.0
2020-11-12 10:00:00,1284536.0
2020-11-12 10:30:00,1293788.0
2020-11-12 11:00:00,1223503.0
2020-11-12 11:30:00,1141332.0
2020-11-12 12:00:00,1137457.0
2020-11-12 12:30:00,1137062.0
2020-11-12 13:00:00,1183913.0
2020-11-12 13:30:00,1222666.0
2020-11-12 14:00:00,1127118.0
2020-11-12 14:30:00,1131965.0
2020-11-12 15:00:00,1137846.0
2020-11-12 15:30:00,1159989.0
2020-11-12 16:00:00,1159989.0
2020-11-12 16:30:00,1208370.0
2020-11-12 17:00:00,1193650.0
2020-11-12 17:30:00,1211978.0
2020-11-12 18:00:00,1260625.0
2020-11-12 18:30:00,1253167.0
2020-11-12 19:00:00,1160309.0
2020-11-12 19:30:00,1148734.0
2020-11-12 20:00:00,1258487.0
2020-11-12 20:30:00,1291402.0
2020-11-12 21:00:00,1290355.0
2020-11-12 21:30:00,1286781.0
2020-11-12 22:00:00,1244959.0
2020-11-12 22:30:00,1220755.0
2020-11-12 23:00:00,1292357.0
2020-11-12 23:30:00,1247523.0
2020-11-13 00:00:00,1141209.0
2020-11-13 00:30:00,1118782.0
2020-11-13 01:00:00,1119480.0
2020-11-13 01:30:00,1118022.0
2020-11-13 02:00:00,1119746.0
2020-11-13 02:30:00,1110820.0
2020-11-13 03:00:00,1118993.0
2020-11-13 03:30:00,1114596.0
2020-11-13 04:00:00,1120539.0
2020-11-13 04:30:00,1138563.0
2020-11-13 05:00:00,1136056.0
2020-11-13 05:30:00,1154050.0
2020-11-13 06:00:00,1197532.0
2020-11-13 06:30:00,1183694.0
2020-11-13 07:00:00,1187335.0
2020-11-13 07:30:00,1230297.0
2020-11-13 08:00:00,1288492.0
2020-11-13 08:30:00,1310511.0
2020-11-13 09:00:00,1312465.0
2020-11-13 09:30:00,1296981.0
2020-11-13 10:00:00,1330579.0
2020-11-13 10:30:00,1351876.0
2020-11-13 11:00:00,1313972.0
2020-11-13 11:30:00,1257028.0
2020-11-13 12:00:00,1163901.0
2020-11-13 12:30:00,1170568.0
2020-11-13 13:00:00,1286247.0
2020-11-13 13:30:00,1160251.0
2020-11-13 14:00:00,1110401.0
2020-11-13 14:30:00,1209137.0
2020-11-13 15:00:00,1240324.0
2020-11-13 15:30:00,1149635.0
2020-11-13 16:00:00,1208376.0
2020-11-13 16:30:00,1201537.0
2020-11-13 17:00:00,1160103.0
2020-11-13 17:30:00,1218908.0
2020-11-13 18:00:00,1186036.0
2020-11-13 18:30:00,1198183.0
2020-11-13 19:00:00,1136236.0
2020-11-13 19:30:00,1160351.0
2020-11-13 20:00:00,1189778.0
2020-11-13 20:30:00,1217125.0
2020-11-13 21:00:00,1241253.0
2020-11-13 21:30:00,1252301.0
2020-11-13 22:00:00,1196218.0
2020-11-13 22:30:00,1212504.0
2020-11-13 23:00:00,1307177.0
2020-11-13 23:30:00,1287989.0
2020-11-14 00:00:00,1193597.0
2020-11-14 00:30:00,1123445.0
2020-11-14 01:00:00,1159833.0
2020-11-14 01:30:00,1173896.0
2020-11-14 02:00:00,1176135.0
2020-11-14 02:30:00,1114096.0
2020-11-14 03:00:00,1116195.0
2020-11-14 03:30:00,1112998.0
2020-11-14 04:00:00,1116040.0
2020-11-14 04:30:00,1129370.0
2020-11-14 05:00:00,1187054.0
2020-11-14 05:30:00,1097546.0
2020-11-14 06:00:00,1095224.0
2020-11-14 06:30:00,1055584.0
2020-11-14 07:00:00,1051329.0
2020-11-14 07:30:00,1060474.0
2020-11-14 08:00:00,1065629.0
2020-11-14 08:30:00,1043745.0
2020-11-14 09:00:00,955496.0
2020-11-14 09:30:00,921008.0
2020-11-14 10:00:00,931656.0
2020-11-14 10:30:00,941188.0
2020-11-14 11:00:00,984298.0
2020-11-14 11:30:00,927835.0
2020-11-14 12:00:00,903414.0
2020-11-14 12:30:00,917711.0
2020-11-14 13:00:00,932970.0
2020-11-14 13:30:00,938770.0
2020-11-14 14:00:00,938905.0
2020-11-14 14:30:00,961559.0
2020-11-14 15:00:00,969114.0
2020-11-14 15:30:00,944819.0
2020-11-14 16:00:00,948094.0
2020-11-14 16:30:00,952844.0
2020-11-14 17:00:00,916569.0
2020-11-14 17:30:00,1006062.0
2020-11-14 18:00:00,1007893.0
2020-11-14 18:30:00,994149.0
2020-11-14 19:00:00,970125.0
2020-11-14 19:30:00,999153.0
2020-11-14 20:00:00,1027820.0
2020-11-14 20:30:00,1001581.0
2020-11-14 21:00:00,949701.0
2020-11-14 21:30:00,1036169.0
2020-11-14 22:00:00,1064531.0
2020-11-14 22:30:00,1061891.0
2020-11-14 23:00:00,1081630.0
2020-11-14 23:30:00,1083146.0
2020-11-15 00:00:00,1078374.0
2020-11-15 00:30:00,1047096.0
2020-11-15 01:00:00,1051993.0
2020-11-15 01:30:00,1032617.0
2020-11-15 02:00:00,1033286.0
2020-11-15 02:30:00,977644.0
2020-11-15 03:00:00,947220.0
2020-11-15 03:30:00,927049.0
2020-11-15 04:00:00,941074.0
2020-11-15 04:30:00,970044.0
2020-11-15 05:00:00,949808.0
2020-11-15 05:30:00,1027727.0
2020-11-15 06:00:00,1051758.0
2020-11-15 06:30:00,1052075.0
2020-11-15 07:00:00,1071041.0
2020-11-15 07:30:00,1079469.0
2020-11-15 08:00:00,1078572.0
2020-11-15 08:30:00,1034140.0
2020-11-15 09:00:00,965678.0
2020-11-15 09:30:00,992140.0
2020-11-15 10:00:00,995025.0
2020-11-15 10:30:00,1091320.0
2020-11-15 11:00:00,1132630.0
2020-11-15 11:30:00,1133093.0
2020-11-15 12:00:00,1118816.0
2020-11-15 12:30:00,1129614.0
2020-11-15 13:00:00,1134497.0
2020-11-15 13:30:00,1136370.0
2020-11-15 14:00:00,1151017.0
2020-11-15 14:30:00,1137624.0
2020-11-15 15:00:00,1154829.0
2020-11-15 15:30:00,1156027.0
2020-11-15 16:00:00,1154529.0
2020-11-15 16:30:00,1155432.0
2020-11-15 17:00:00,1161626.0
2020-11-15 17:30:00,1292692.0
2020-11-15 18:00:00,1212190.0
2020-11-15 18:30:00,1127959.0
2020-11-15 19:00:00,1141653.0
2020-11-15 19:30:00,1139620.0
2020-11-15 20:00:00,1146706.0
2020-11-15 20:30:00,1120376.0
2020-11-15 21:00:00,1105762.0
2020-11-15 21:30:00,1118209.0
2020-11-15 22:00:00,1089930.0
2020-11-15 22:30:00,1067298.0
2020-11-15 23:00:00,1056880.0
2020-11-15 23:30:00,1021243.0
2020-11-16 00:00:00,1006081.0
2020-11-16 00:30:00,982242.0
2020-11-16 01:00:00,1055946.0
2020-11-16 01:30:00,1059154.0
2020-11-16 02:00:00,1054217.0
2020-11-16 02:30:00,1023029.0
2020-11-16 03:00:00,1011679.0
2020-11-16 03:30:00,1009399.0
2020-11-16 04:00:00,982199.0
2020-11-16 04:30:00,1009728.0
2020-11-16 05:00:00,1042943.0
2020-11-16 05:30:00,1072164.0
2020-11-16 06:00:00,1077440.0
2020-11-16 06:30:00,1101243.0
2020-11-16 07:00:00,1116509.0
2020-11-16 07:30:00,1135814.0
2020-11-16 08:00:00,1138908.0
2020-11-16 08:30:00,947814.0
2020-11-16 09:00:00,0.0
2020-11-16 09:30:00,0.0
2020-11-16 10:00:00,0.0
2020-11-16 10:30:00,0.0
2020-11-16 11:00:00,0.0
2020-11-16 11:30:00,267122.0
2020-11-16 12:00:00,331624.0
2020-11-16 12:30:00,457300.0
2020-11-16 13:00:00,617371.0
2020-11-16 13:30:00,707094.0
2020-11-16 14:00:00,690907.0
2020-11-16 14:30:00,855098.0
2020-11-16 15:00:00,1052361.0
2020-11-16 15:30:00,1066478.0
2020-11-16 16:00:00,1133450.0
2020-11-16 16:30:00,1161626.0
2020-11-16 17:00:00,1123746.0
2020-11-16 17:30:00,1120566.0
2020-11-16 18:00:00,1121375.0
2020-11-16 18:30:00,1147457.0
2020-11-16 19:00:00,1153786.0
2020-11-16 19:30:00,1162763.0
2020-11-16 20:00:00,1158906.0
2020-11-16 20:30:00,1139407.0
2020-11-16 21:00:00,1198597.0
2020-11-16 21:30:00,1209865.0
2020-11-16 22:00:00,1188196.0
2020-11-16 22:30:00,1176963.0
2020-11-16 23:00:00,1348744.0
2020-11-16 23:30:00,1281211.0
2020-11-17 00:00:00,1242341.0
2020-11-17 00:30:00,1169941.0
2020-11-17 01:00:00,1232278.0
2020-11-17 01:30:00,1359542.0
2020-11-17 02:00:00,1330221.0
2020-11-17 02:30:00,1217500.0
2020-11-17 03:00:00,1215001.0
2020-11-17 03:30:00,1226983.0
2020-11-17 04:00:00,1231841.0
2020-11-17 04:30:00,1238647.0
2020-11-17 05:00:00,1229128.0
2020-11-17 05:30:00,1170413.0
2020-11-17 06:00:00,1176504.0
2020-11-17 06:30:00,1135948.0
2020-11-17 07:00:00,1295678.0
2020-11-17 07:30:00,1148429.0
2020-11-17 08:00:00,1227836.0
2020-11-17 08:30:00,1310065.0
2020-11-17 09:00:00,1181011.0
2020-11-17 09:30:00,1163288.0
2020-11-17 10:00:00,1163288.0
2020-11-17 10:30:00,1163288.0
2020-11-17 11:00:00,1163288.0
2020-11-17 11:30:00,1163288.0
2020-11-17 12:00:00,1163288.0
2020-11-17 12:30:00,1163288.0
2020-11-17 13:00:00,1163288.0
2020-11-17 13:30:00,1163288.0
2020-11-17 14:00:00,1163288.0
2020-11-17 14:30:00,1163288.0
2020-11-17 15:00:00,1267307.0
2020-11-17 15:30:00,1314316.0
2020-11-17 16:00:00,1286240.0
2020-11-17 16:30:00,1298646.0
2020-11-17 17:00:00,1238093.0
2020-11-17 17:30:00,1301540.0
2020-11-17 18:00:00,1223082.0
2020-11-17 18:30:00,1292799.0
2020-11-17 19:00:00,1301015.0
2020-11-17 19:30:00,1341339.0
2020-11-17 20:00:00,1377035.0
2020-11-17 20:30:00,1321820.0
2020-11-17 21:00:00,1278768.0
2020-11-17 21:30:00,1258268.0
2020-11-17 22:00:00,1206606.0
2020-11-17 22:30:00,1170255.0
2020-11-17 23:00:00,1302459.0
2020-11-17 23:30:00,1186664.0
2020-11-18 00:00:00,1174817.0
2020-11-18 00:30:00,1162367.0
2020-11-18 01:00:00,1221221.0
2020-11-18 01:30:00,1215264.0
2020-11-18 02:00:00,1220165.0
2020-11-18 02:30:00,1170205.0
2020-11-18 03:00:00,1220249.0
2020-11-18 03:30:00,1172039.0
2020-11-18 04:00:00,1173959.0
2020-11-18 04:30:00,1163354.0
2020-11-18 05:00:00,1159967.0
2020-11-18 05:30:00,1164398.0
2020-11-18 06:00:00,1153465.0
2020-11-18 06:30:00,1169925.0
2020-11-18 07:00:00,1168590.0
2020-11-18 07:30:00,1166910.0
2020-11-18 08:00:00,1207947.0
2020-11-18 08:30:00,1234533.0
2020-11-18 09:00:00,1197320.0
2020-11-18 09:30:00,1221125.0
2020-11-18 10:00:00,1172467.0
2020-11-18 10:30:00,1176030.0
2020-11-18 11:00:00,1178424.0
2020-11-18 11:30:00,1208908.0
2020-11-18 12:00:00,1204702.0
2020-11-18 12:30:00,1218303.0
2020-11-18 13:00:00,1216336.0
2020-11-18 13:30:00,1245521.0
2020-11-18 14:00:00,1266058.0
2020-11-18 14:30:00,1264609.0
2020-11-18 15:00:00,1276670.0
2020-11-18 15:30:00,1309836.0
2020-11-18 16:00:00,1475968.0
2020-11-18 16:30:00,1475968.0
2020-11-18 17:00:00,1505302.0
2020-11-18 17:30:00,1503991.0
2020-11-18 18:00:00,1501949.0
2020-11-18 18:30:00,1500729.0
2020-11-18 19:00:00,1506035.0
2020-11-18 19:30:00,1513267.0
2020-11-18 20:00:00,1525281.0
2020-11-18 20:30:00,1535242.0
2020-11-18 21:00:00,1517132.0
2020-11-18 21:30:00,1494327.0
2020-11-18 22:00:00,1507040.0
2020-11-18 22:30:00,1507893.0
2020-11-18 23:00:00,1505419.0
2020-11-18 23:30:00,1498649.0
2020-11-19 00:00:00,1506638.0
2020-11-19 00:30:00,1498807.0
2020-11-19 01:00:00,1501111.0
2020-11-19 01:30:00,1509728.0
2020-11-19 02:00:00,1503352.0
2020-11-19 02:30:00,1506328.0
2020-11-19 03:00:00,1502565.0
2020-11-19 03:30:00,1507080.0
2020-11-19 04:00:00,1504765.0
2020-11-19 04:30:00,1500872.0
2020-11-19 05:00:00,1493106.0
2020-11-19 05:30:00,1490358.0
2020-11-19 06:00:00,1495389.0
2020-11-19 06:30:00,1497001.0
2020-11-19 07:00:00,1495105.0
2020-11-19 07:30:00,1493396.0
2020-11-19 08:00:00,1498557.0
2020-11-19 08:30:00,1487363.0
2020-11-19 09:00:00,1486183.0
2020-11-19 09:30:00,1489096.0
2020-11-19 10:00:00,1475937.0
2020-11-19 10:30:00,1483685.0
2020-11-19 11:00:00,1469419.0
2020-11-19 11:30:00,1457407.0
2020-11-19 12:00:00,1447835.0
2020-11-19 12:30:00,1448004.0
2020-11-19 13:00:00,1453899.0
2020-11-19 13:30:00,1459660.0
2020-11-19 14:00:00,1471990.0
2020-11-19 14:30:00,1456197.0
2020-11-19 15:00:00,1455802.0
2020-11-19 15:30:00,1443809.0
2020-11-19 16:00:00,1446667.0
2020-11-19 16:30:00,1451149.0
2020-11-19 17:00:00,1439640.0
2020-11-19 17:30:00,1440051.0
2020-11-19 18:00:00,1432087.0
2020-11-19 18:30:00,1436170.0
2020-11-19 19:00:00,1443121.0
2020-11-19 19:30:00,1443732.0
2020-11-19 20:00:00,1453434.0
2020-11-19 20:30:00,1443888.0
2020-11-19 21:00:00,1448111.0
2020-11-19 21:30:00,1439509.0
2020-11-19 22:00:00,1441666.0
2020-11-19 22:30:00,1433229.0
2020-11-19 23:00:00,1437588.0
2020-11-19 23:30:00,1437369.0
2020-11-20 00:00:00,1440661.0
2020-11-20 00:30:00,1433046.0
2020-11-20 01:00:00,1428546.0
2020-11-20 01:30:00,1436496.0
2020-11-20 02:00:00,1427461.0
2020-11-20 02:30:00,1438281.0
2020-11-20 03:00:00,1443156.0
2020-11-20 03:30:00,1444396.0
2020-11-20 04:00:00,1436951.0
2020-11-20 04:30:00,1438897.0
2020-11-20 05:00:00,1435134.0
2020-11-20 05:30:00,1431694.0
2020-11-20 06:00:00,1419548.0
2020-11-20 06:30:00,1418780.0
2020-11-20 07:00:00,1416615.0
2020-11-20 07:30:00,1415728.0
2020-11-20 08:00:00,1420556.0
2020-11-20 08:30:00,1412864.0
2020-11-20 09:00:00,1424487.0
2020-11-20 09:30:00,1427545.0
2020-11-20 10:00:00,1431041.0
2020-11-20 10:30:00,1422854.0
2020-11-20 11:00:00,1427732.0
2020-11-20 11:30:00,1428476.0
2020-11-20 12:00:00,1422342.0
2020-11-20 12:30:00,1427184.0
2020-11-20 13:00:00,1422598.0
2020-11-20 13:30:00,1425188.0
2020-11-20 14:00:00,1431307.0
2020-11-20 14:30:00,1424784.0
2020-11-20 15:00:00,1419993.0
2020-11-20 15:30:00,1407052.0
2020-11-20 16:00:00,1408813.0
2020-11-20 16:30:00,1404787.0
2020-11-20 17:00:00,1419086.0
2020-11-20 17:30:00,1410611.0
2020-11-20 18:00:00,1406272.0
2020-11-20 18:30:00,1397324.0
2020-11-20 19:00:00,1402044.0
2020-11-20 19:30:00,1408073.0
2020-11-20 20:00:00,1411031.0
2020-11-20 20:30:00,1411543.0
2020-11-20 21:00:00,1402280.0
2020-11-20 21:30:00,1404299.0
2020-11-20 22:00:00,1403913.0
2020-11-20 22:30:00,1405677.0
2020-11-20 23:00:00,1406522.0
2020-11-20 23:30:00,1407104.0
2020-11-21 00:00:00,1411935.0
2020-11-21 00:30:00,1404810.0
2020-11-21 01:00:00,1396559.0
2020-11-21 01:30:00,1395801.0
2020-11-21 02:00:00,1401751.0
2020-11-21 02:30:00,1396624.0
2020-11-21 03:00:00,1394011.0
2020-11-21 03:30:00,1401639.0
2020-11-21 04:00:00,1405904.0
2020-11-21 04:30:00,1399353.0
2020-11-21 05:00:00,1402593.0
2020-11-21 05:30:00,1409758.0
2020-11-21 06:00:00,1419514.0
2020-11-21 06:30:00,1403870.0
2020-11-21 07:00:00,1403941.0
2020-11-21 07:30:00,1414667.0
2020-11-21 08:00:00,1411469.0
2020-11-21 08:30:00,1404509.0
2020-11-21 09:00:00,1415784.0
2020-11-21 09:30:00,1413096.0
2020-11-21 10:00:00,1410177.0
2020-11-21 10:30:00,1402473.0
2020-11-21 11:00:00,1394409.0
2020-11-21 11:30:00,1391938.0
2020-11-21 12:00:00,1398875.0
2020-11-21 12:30:00,1405292.0
2020-11-21 13:00:00,1414354.0
2020-11-21 13:30:00,1408601.0
2020-11-21 14:00:00,1408317.0
2020-11-21 14:30:00,1407915.0
2020-11-21 15:00:00,1402219.0
2020-11-21 15:30:00,1408510.0
2020-11-21 16:00:00,1408540.0
2020-11-21 16:30:00,1406265.0
2020-11-21 17:00:00,1405140.0
2020-11-21 17:30:00,1408393.0
2020-11-21 18:00:00,1404306.0
2020-11-21 18:30:00,1405772.0
2020-11-21 19:00:00,1414109.0
2020-11-21 19:30:00,1422799.0
2020-11-21 20:00:00,1405817.0
2020-11-21 20:30:00,1421844.0
2020-11-21 21:00:00,1429409.0
2020-11-21 21:30:00,1439637.0
2020-11-21 22:00:00,1369164.0
2020-11-21 22:30:00,1360675.0
2020-11-21 23:00:00,1354805.0
2020-11-21 23:30:00,1354500.0
2020-11-22 00:00:00,1359534.0
2020-11-22 00:30:00,1404087.0
2020-11-22 01:00:00,1437738.0
2020-11-22 01:30:00,1424669.0
2020-11-22 02:00:00,1424458.0
2020-11-22 02:30:00,1416764.0
2020-11-22 03:00:00,1412147.0
2020-11-22 03:30:00,1415178.0
2020-11-22 04:00:00,1412674.0
2020-11-22 04:30:00,1425230.0
2020-11-22 05:00:00,1425959.0
2020-11-22 05:30:00,1430492.0
2020-11-22 06:00:00,1437445.0
2020-11-22 06:30:00,1445468.0
2020-11-22 07:00:00,1443603.0
2020-11-22 07:30:00,1434637.0
2020-11-22 08:00:00,1422003.0
2020-11-22 08:30:00,1440539.0
2020-11-22 09:00:00,1438744.0
2020-11-22 09:30:00,1433493.0
2020-11-22 10:00:00,1436797.0
2020-11-22 10:30:00,1438263.0
2020-11-22 11:00:00,1430014.0
2020-11-22 11:30:00,1438681.0
2020-11-22 12:00:00,1434945.0
2020-11-22 12:30:00,1428385.0
2020-11-22 13:00:00,1433899.0
2020-11-22 13:30:00,1431758.0
2020-11-22 14:00:00,1427684.0
2020-11-22 14:30:00,1422601.0
2020-11-22 15:00:00,1413379.0
2020-11-22 15:30:00,1419045.0
2020-11-22 16:00:00,1419137.0
2020-11-22 16:30:00,1430858.0
2020-11-22 17:00:00,1429509.0
2020-11-22 17:30:00,1420167.0
2020-11-22 18:00:00,1407256.0
2020-11-22 18:30:00,1414974.0
2020-11-22 19:00:00,1421343.0
2020-11-22 19:30:00,1418254.0
2020-11-22 20:00:00,1416310.0
2020-11-22 20:30:00,1426165.0
2020-11-22 21:00:00,1420268.0
2020-11-22 21:30:00,1418574.0
2020-11-22 22:00:00,1413051.0
2020-11-22 22:30:00,1416074.0
2020-11-22 23:00:00,1406784.0
2020-11-22 23:30:00,1403899.0
2020-11-23 00:00:00,1410304.0
2020-11-23 00:30:00,1408050.0
2020-11-23 01:00:00,1405287.0
2020-11-23 01:30:00,1405816.0
2020-11-23 02:00:00,1408943.0
2020-11-23 02:30:00,1411563.0
2020-11-23 03:00:00,1419362.0
2020-11-23 03:30:00,1422465.0
2020-11-23 04:00:00,1413098.0
2020-11-23 04:30:00,1414858.0
2020-11-23 05:00:00,1405733.0
2020-11-23 05:30:00,1393515.0
2020-11-23 06:00:00,1399144.0
2020-11-23 06:30:00,1397968.0
2020-11-23 07:00:00,1404195.0
2020-11-23 07:30:00,1394660.0
2020-11-23 08:00:00,1403950.0
2020-11-23 08:30:00,1406501.0
2020-11-23 09:00:00,1405528.0
2020-11-23 09:30:00,1419125.0
2020-11-23 10:00:00,1416526.0
2020-11-23 10:30:00,1412719.0
2020-11-23 11:00:00,1407221.0
2020-11-23 11:30:00,1394210.0
2020-11-23 12:00:00,1396685.0
2020-11-23 12:30:00,1392459.0
2020-11-23 13:00:00,1400464.0
2020-11-23 13:30:00,1398212.0
2020-11-23 14:00:00,1406330.0
2020-11-23 14:30:00,1404955.0
2020-11-23 15:00:00,1405936.0
2020-11-23 15:30:00,1385435.0
2020-11-23 16:00:00,1401076.0
2020-11-23 16:30:00,1406638.0
2020-11-23 17:00:00,1406638.0
2020-11-23 17:30:00,1393721.0
2020-11-23 18:00:00,1390732.0
2020-11-23 18:30:00,1391119.0
2020-11-23 19:00:00,1395378.0
2020-11-23 19:30:00,1396077.0
2020-11-23 20:00:00,1393965.0
2020-11-23 20:30:00,1393712.0
2020-11-23 21:00:00,1390239.0
2020-11-23 21:30:00,1394968.0
2020-11-23 22:00:00,1401550.0
2020-11-23 22:30:00,1391838.0
2020-11-23 23:00:00,1388931.0
2020-11-23 23:30:00,1393609.0
2020-11-24 00:00:00,1389237.0
2020-11-24 00:30:00,1396139.0
2020-11-24 01:00:00,1394704.0
2020-11-24 01:30:00,1392219.0
2020-11-24 02:00:00,1387401.0
2020-11-24 02:30:00,1377691.0
2020-11-24 03:00:00,1394627.0
2020-11-24 03:30:00,1389082.0
2020-11-24 04:00:00,1388067.0
2020-11-24 04:30:00,1382972.0
2020-11-24 05:00:00,1397209.0
2020-11-24 05:30:00,1393075.0
2020-11-24 06:00:00,1394952.0
2020-11-24 06:30:00,1395769.0
2020-11-24 07:00:00,1385518.0
2020-11-24 07:30:00,1380608.0
2020-11-24 08:00:00,1395956.0
2020-11-24 08:30:00,1398645.0
2020-11-24 09:00:00,1403218.0
2020-11-24 09:30:00,1403305.0
2020-11-24 10:00:00,1403305.0
2020-11-24 10:30:00,1403305.0
2020-11-24 11:00:00,1403305.0
2020-11-24 11:30:00,1403305.0
2020-11-24 12:00:00,1403305.0
2020-11-24 12:30:00,1403305.0
2020-11-24 13:00:00,1403305.0
2020-11-24 13:30:00,1403305.0
2020-11-24 14:00:00,1403305.0
2020-11-24 14:30:00,1403305.0
2020-11-24 15:00:00,1410016.0
2020-11-24 15:30:00,1343162.0
2020-11-24 16:00:00,1351104.0
2020-11-24 16:30:00,1355111.0
2020-11-24 17:00:00,1400272.0
2020-11-24 17:30:00,1423597.0
2020-11-24 18:00:00,1426075.0
2020-11-24 18:30:00,1424484.0
2020-11-24 19:00:00,1413164.0
2020-11-24 19:30:00,1417510.0
2020-11-24 20:00:00,1412418.0
2020-11-24 20:30:00,1420759.0
2020-11-24 21:00:00,1416105.0
2020-11-24 21:30:00,1414243.0
2020-11-24 22:00:00,1410911.0
2020-11-24 22:30:00,1415704.0
2020-11-24 23:00:00,1404936.0
2020-11-24 23:30:00,1410343.0
2020-11-25 00:00:00,1411665.0
2020-11-25 00:30:00,1422598.0
2020-11-25 01:00:00,1430558.0
2020-11-25 01:30:00,1422419.0
2020-11-25 02:00:00,1412241.0
2020-11-25 02:30:00,1413643.0
2020-11-25 03:00:00,1417358.0
2020-11-25 03:30:00,1418055.0
2020-11-25 04:00:00,1412009.0
2020-11-25 04:30:00,1412205.0
2020-11-25 05:00:00,1412320.0
2020-11-25 05:30:00,1413634.0
2020-11-25 06:00:00,1421899.0
2020-11-25 06:30:00,1421364.0
2020-11-25 07:00:00,1423661.0
2020-11-25 07:30:00,1426714.0
2020-11-25 08:00:00,1426668.0
2020-11-25 08:30:00,1431874.0
2020-11-25 09:00:00,1431333.0
2020-11-25 09:30:00,1433667.0
2020-11-25 10:00:00,1441223.0
2020-11-25 10:30:00,1449851.0
2020-11-25 11:00:00,1436886.0
2020-11-25 11:30:00,1430495.0
2020-11-25 12:00:00,1422973.0
2020-11-25 12:30:00,1419596.0
2020-11-25 13:00:00,1420187.0
2020-11-25 13:30:00,1416996.0
2020-11-25 14:00:00,1420681.0
2020-11-25 14:30:00,1433335.0
2020-11-25 15:00:00,1441467.0
2020-11-25 15:30:00,1445746.0
2020-11-25 16:00:00,1444369.0
2020-11-25 16:30:00,1441695.0
2020-11-25 17:00:00,1434665.0
2020-11-25 17:30:00,1418674.0
2020-11-25 18:00:00,1415234.0
2020-11-25 18:30:00,1413559.0
2020-11-25 19:00:00,1409790.0
2020-11-25 19:30:00,1418942.0
2020-11-25 20:00:00,1422746.0
2020-11-25 20:30:00,1434633.0
2020-11-25 21:00:00,1433389.0
2020-11-25 21:30:00,1436442.0
2020-11-25 22:00:00,1432429.0
2020-11-25 22:30:00,1429602.0
2020-11-25 23:00:00,1432558.0
2020-11-25 23:30:00,1418052.0
2020-11-26 00:00:00,1417285.0
2020-11-26 00:30:00,1415208.0
2020-11-26 01:00:00,1411667.0
2020-11-26 01:30:00,1422085.0
2020-11-26 02:00:00,1428060.0
2020-11-26 02:30:00,1410102.0
2020-11-26 03:00:00,1417494.0
2020-11-26 03:30:00,1428763.0
2020-11-26 04:00:00,1430101.0
2020-11-26 04:30:00,1424643.0
2020-11-26 05:00:00,1426118.0
2020-11-26 05:30:00,1427137.0
2020-11-26 06:00:00,1427104.0
2020-11-26 06:30:00,1439640.0
2020-11-26 07:00:00,1431965.0
2020-11-26 07:30:00,1421592.0
2020-11-26 08:00:00,1430614.0
2020-11-26 08:30:00,1434663.0
2020-11-26 09:00:00,1435636.0
2020-11-26 09:30:00,1440847.0
2020-11-26 10:00:00,1428403.0
2020-11-26 10:30:00,1426680.0
2020-11-26 11:00:00,1429553.0
2020-11-26 11:30:00,1442509.0
2020-11-26 12:00:00,1440676.0
2020-11-26 12:30:00,1443556.0
2020-11-26 13:00:00,1430794.0
2020-11-26 13:30:00,1435047.0
2020-11-26 14:00:00,1440172.0
2020-11-26 14:30:00,1441149.0
2020-11-26 15:00:00,1427021.0
2020-11-26 15:30:00,1422745.0
2020-11-26 16:00:00,1425382.0
2020-11-26 16:30:00,1428653.0
2020-11-26 17:00:00,1433835.0
2020-11-26 17:30:00,1433835.0
2020-11-26 18:00:00,1426808.0
2020-11-26 18:30:00,1421523.0
2020-11-26 19:00:00,1427099.0
2020-11-26 19:30:00,1434998.0
2020-11-26 20:00:00,1429796.0
2020-11-26 20:30:00,1428375.0
2020-11-26 21:00:00,1428872.0
2020-11-26 21:30:00,1432464.0
2020-11-26 22:00:00,1433044.0
2020-11-26 22:30:00,1428657.0
2020-11-26 23:00:00,1426684.0
2020-11-26 23:30:00,1428360.0
2020-11-27 00:00:00,1410655.0
2020-11-27 00:30:00,1412278.0
2020-11-27 01:00:00,1415879.0
2020-11-27 01:30:00,1419651.0
2020-11-27 02:00:00,1418712.0
2020-11-27 02:30:00,1423194.0
2020-11-27 03:00:00,1433482.0
2020-11-27 03:30:00,1426959.0
2020-11-27 04:00:00,1439786.0
2020-11-27 04:30:00,1424091.0
2020-11-27 05:00:00,1430833.0
2020-11-27 05:30:00,1424168.0
2020-11-27 06:00:00,1420553.0
2020-11-27 06:30:00,1419995.0
2020-11-27 07:00:00,1420657.0
2020-11-27 07:30:00,1424124.0
2020-11-27 08:00:00,1431517.0
2020-11-27 08:30:00,1433465.0
2020-11-27 09:00:00,1446723.0
2020-11-27 09:30:00,1442151.0
2020-11-27 10:00:00,1430255.0
2020-11-27 10:30:00,1434084.0
2020-11-27 11:00:00,1413549.0
2020-11-27 11:30:00,1415268.0
2020-11-27 12:00:00,1417684.0
2020-11-27 12:30:00,1432725.0
2020-11-27 13:00:00,1441918.0
2020-11-27 13:30:00,1429526.0
2020-11-27 14:00:00,1420743.0
2020-11-27 14:30:00,1426200.0
2020-11-27 15:00:00,1426699.0
2020-11-27 15:30:00,1431566.0
2020-11-27 16:00:00,1431406.0
2020-11-27 16:30:00,1427376.0
2020-11-27 17:00:00,1424431.0
2020-11-27 17:30:00,1433257.0
2020-11-27 18:00:00,1415861.0
2020-11-27 18:30:00,1415389.0
2020-11-27 19:00:00,1427449.0
2020-11-27 19:30:00,1438346.0
2020-11-27 20:00:00,1434022.0
2020-11-27 20:30:00,1442369.0
2020-11-27 21:00:00,1443188.0
2020-11-27 21:30:00,1442816.0
2020-11-27 22:00:00,1446042.0
2020-11-27 22:30:00,1425482.0
2020-11-27 23:00:00,1425453.0
2020-11-27 23:30:00,1424326.0
2020-11-28 00:00:00,1408975.0
2020-11-28 00:30:00,1407300.0
2020-11-28 01:00:00,1409082.0
2020-11-28 01:30:00,1406932.0
2020-11-28 02:00:00,1403120.0
2020-11-28 02:30:00,1408289.0
2020-11-28 03:00:00,1415551.0
2020-11-28 03:30:00,1408477.0
2020-11-28 04:00:00,1409401.0
2020-11-28 04:30:00,1414335.0
2020-11-28 05:00:00,1409902.0
2020-11-28 05:30:00,1411882.0
2020-11-28 06:00:00,1411851.0
2020-11-28 06:30:00,1420558.0
2020-11-28 07:00:00,1429968.0
2020-11-28 07:30:00,1435769.0
2020-11-28 08:00:00,1436840.0
2020-11-28 08:30:00,1417920.0
2020-11-28 09:00:00,1409816.0
2020-11-28 09:30:00,1416447.0
2020-11-28 10:00:00,1410683.0
2020-11-28 10:30:00,1406329.0
2020-11-28 11:00:00,1415171.0
2020-11-28 11:30:00,1422034.0
2020-11-28 12:00:00,1406923.0
2020-11-28 12:30:00,1414395.0
2020-11-28 13:00:00,1421853.0
2020-11-28 13:30:00,1414263.0
2020-11-28 14:00:00,1416338.0
2020-11-28 14:30:00,1417074.0
2020-11-28 15:00:00,1421627.0
2020-11-28 15:30:00,1420782.0
2020-11-28 16:00:00,1418605.0
2020-11-28 16:30:00,1416451.0
2020-11-28 17:00:00,1422181.0
2020-11-28 17:30:00,1424739.0
2020-11-28 18:00:00,1422164.0
2020-11-28 18:30:00,1402881.0
2020-11-28 19:00:00,1420244.0
2020-11-28 19:30:00,1420670.0
2020-11-28 20:00:00,1414446.0
2020-11-28 20:30:00,1416021.0
2020-11-28 21:00:00,1409270.0
2020-11-28 21:30:00,1412810.0
2020-11-28 22:00:00,1412261.0
2020-11-28 22:30:00,1423092.0
2020-11-28 23:00:00,1416396.0
2020-11-28 23:30:00,1421727.0
2020-11-29 00:00:00,1416576.0
2020-11-29 00:30:00,1413719.0
2020-11-29 01:00:00,1402719.0
2020-11-29 01:30:00,1403816.0
2020-11-29 02:00:00,1407133.0
2020-11-29 02:30:00,1411059.0
2020-11-29 03:00:00,1415269.0
2020-11-29 03:30:00,1421961.0
2020-11-29 04:00:00,1426689.0
2020-11-29 04:30:00,1435613.0
2020-11-29 05:00:00,1435856.0
2020-11-29 05:30:00,1449619.0
2020-11-29 06:00:00,1443758.0
2020-11-29 06:30:00,1445827.0
2020-11-29 07:00:00,1445265.0
2020-11-29 07:30:00,1443840.0
2020-11-29 08:00:00,1427244.0
2020-11-29 08:30:00,1426079.0
2020-11-29 09:00:00,1433720.0
2020-11-29 09:30:00,1426083.0
2020-11-29 10:00:00,1425797.0
2020-11-29 10:30:00,1428358.0
2020-11-29 11:00:00,1419668.0
2020-11-29 11:30:00,1406654.0
2020-11-29 12:00:00,1400394.0
2020-11-29 12:30:00,1418766.0
2020-11-29 13:00:00,1418086.0
2020-11-29 13:30:00,1436289.0
2020-11-29 14:00:00,1434010.0
2020-11-29 14:30:00,1424551.0
2020-11-29 15:00:00,1415404.0
2020-11-29 15:30:00,1421870.0
2020-11-29 16:00:00,1428906.0
2020-11-29 16:30:00,1428064.0
2020-11-29 17:00:00,1427751.0
2020-11-29 17:30:00,1413145.0
2020-11-29 18:00:00,1428672.0
2020-11-29 18:30:00,1425429.0
2020-11-29 19:00:00,1426272.0
2020-11-29 19:30:00,1429404.0
2020-11-29 20:00:00,1428689.0
2020-11-29 20:30:00,1431176.0
2020-11-29 21:00:00,1431138.0
2020-11-29 21:30:00,1429715.0
2020-11-29 22:00:00,1412516.0
2020-11-29 22:30:00,1424780.0
2020-11-29 23:00:00,1421833.0
2020-11-29 23:30:00,1415892.0
2020-11-30 00:00:00,1406703.0
2020-11-30 00:30:00,1410423.0
2020-11-30 01:00:00,1403516.0
2020-11-30 01:30:00,1408695.0
2020-11-30 02:00:00,1411572.0
2020-11-30 02:30:00,1403875.0
2020-11-30 03:00:00,1417694.0
2020-11-30 03:30:00,1408231.0
2020-11-30 04:00:00,1409624.0
2020-11-30 04:30:00,1421350.0
2020-11-30 05:00:00,1418226.0
2020-11-30 05:30:00,1413668.0
2020-11-30 06:00:00,1413623.0
2020-11-30 06:30:00,1424542.0
2020-11-30 07:00:00,1432623.0
2020-11-30 07:30:00,1429305.0
2020-11-30 08:00:00,1421783.0
2020-11-30 08:30:00,1426097.0
2020-11-30 09:00:00,1430862.0
2020-11-30 09:30:00,1423829.0
2020-11-30 10:00:00,1425119.0
2020-11-30 10:30:00,1419124.0
2020-11-30 11:00:00,1428076.0
2020-11-30 11:30:00,1433991.0
2020-11-30 12:00:00,1437596.0
2020-11-30 12:30:00,1433270.0
2020-11-30 13:00:00,1431166.0
2020-11-30 13:30:00,1426897.0
2020-11-30 14:00:00,1434967.0
2020-11-30 14:30:00,1423465.0
2020-11-30 15:00:00,1423463.0
2020-11-30 15:30:00,1415444.0
2020-11-30 16:00:00,1422405.0
2020-11-30 16:30:00,1416233.0
2020-11-30 17:00:00,1419243.0
2020-11-30 17:30:00,1416779.0
2020-11-30 18:00:00,1395493.0
2020-11-30 18:30:00,1399314.0
2020-11-30 19:00:00,1413503.0
2020-11-30 19:30:00,1416644.0
2020-11-30 20:00:00,1410738.0
2020-11-30 20:30:00,1405945.0
2020-11-30 21:00:00,1399725.0
2020-11-30 21:30:00,1398245.0
2020-11-30 22:00:00,1407756.0
2020-11-30 22:30:00,1409321.0
2020-11-30 23:00:00,1360394.0
2020-11-30 23:30:00,1161213.0
2020-12-01 00:00:00,1095247.0
2020-12-01 00:30:00,1111983.0
2020-12-01 01:00:00,1112822.0
2020-12-01 01:30:00,1115865.0
2020-12-01 02:00:00,1107099.0
2020-12-01 02:30:00,1108388.0
2020-12-01 03:00:00,1104674.0
2020-12-01 03:30:00,1105809.0
2020-12-01 04:00:00,1096379.0
2020-12-01 04:30:00,1098735.0
2020-12-01 05:00:00,1103087.0
2020-12-01 05:30:00,1100916.0
2020-12-01 06:00:00,1099039.0
2020-12-01 06:30:00,1100485.0
2020-12-01 07:00:00,1103124.0
2020-12-01 07:30:00,1100381.0
2020-12-01 08:00:00,1105963.0
2020-12-01 08:30:00,1114305.0
2020-12-01 09:00:00,1124767.0
2020-12-01 09:30:00,1128051.0
2020-12-01 10:00:00,1128051.0
2020-12-01 10:30:00,1128051.0
2020-12-01 11:00:00,1128051.0
2020-12-01 11:30:00,1128051.0
2020-12-01 12:00:00,1128051.0
2020-12-01 12:30:00,1128051.0
2020-12-01 13:00:00,1128051.0
2020-12-01 13:30:00,1128051.0
2020-12-01 14:00:00,1128051.0
2020-12-01 14:30:00,1127852.0
2020-12-01 15:00:00,1129458.0
2020-12-01 15:30:00,1128477.0
2020-12-01 16:00:00,1130318.0
2020-12-01 16:30:00,1122255.0
2020-12-01 17:00:00,1118456.0
2020-12-01 17:30:00,1112633.0
2020-12-01 18:00:00,1112633.0
2020-12-01 18:30:00,1123579.0
2020-12-01 19:00:00,1111441.0
2020-12-01 19:30:00,1124087.0
2020-12-01 20:00:00,1122663.0
2020-12-01 20:30:00,1119824.0
2020-12-01 21:00:00,1121896.0
2020-12-01 21:30:00,1127769.0
2020-12-01 22:00:00,1130769.0
2020-12-01 22:30:00,1133360.0
2020-12-01 23:00:00,1141320.0
2020-12-01 23:30:00,1136636.0
2020-12-02 00:00:00,1131796.0
2020-12-02 00:30:00,1130739.0
2020-12-02 01:00:00,1125340.0
2020-12-02 01:30:00,1127681.0
2020-12-02 02:00:00,1121604.0
2020-12-02 02:30:00,1117914.0
2020-12-02 03:00:00,1115614.0
2020-12-02 03:30:00,1123879.0
2020-12-02 04:00:00,1128081.0
2020-12-02 04:30:00,1123835.0
2020-12-02 05:00:00,1124037.0
2020-12-02 05:30:00,1123925.0
2020-12-02 06:00:00,1124961.0
2020-12-02 06:30:00,1130166.0
2020-12-02 07:00:00,1126718.0
2020-12-02 07:30:00,1128020.0
2020-12-02 08:00:00,1124713.0
2020-12-02 08:30:00,1126558.0
2020-12-02 09:00:00,1131015.0
2020-12-02 09:30:00,1137829.0
2020-12-02 10:00:00,1134555.0
2020-12-02 10:30:00,1142250.0
2020-12-02 11:00:00,1138989.0
2020-12-02 11:30:00,1142046.0
2020-12-02 12:00:00,1135056.0
2020-12-02 12:30:00,1137282.0
2020-12-02 13:00:00,1129952.0
2020-12-02 13:30:00,1130080.0
2020-12-02 14:00:00,1132688.0
2020-12-02 14:30:00,1126054.0
2020-12-02 15:00:00,1131579.0
2020-12-02 15:30:00,1128077.0
2020-12-02 16:00:00,1132498.0
2020-12-02 16:30:00,1135322.0
2020-12-02 17:00:00,1135949.0
2020-12-02 17:30:00,1129385.0
2020-12-02 18:00:00,1129134.0
2020-12-02 18:30:00,1122111.0
2020-12-02 19:00:00,1120556.0
2020-12-02 19:30:00,1128823.0
2020-12-02 20:00:00,1135765.0
2020-12-02 20:30:00,1129759.0
2020-12-02 21:00:00,1133542.0
2020-12-02 21:30:00,1137060.0
2020-12-02 22:00:00,1149026.0
2020-12-02 22:30:00,1140337.0
2020-12-02 23:00:00,1138820.0
2020-12-02 23:30:00,1144193.0
2020-12-03 00:00:00,1137257.0
2020-12-03 00:30:00,1142023.0
2020-12-03 01:00:00,1139945.0
2020-12-03 01:30:00,1137107.0
2020-12-03 02:00:00,1133075.0
2020-12-03 02:30:00,1128321.0
2020-12-03 03:00:00,1124666.0
2020-12-03 03:30:00,1112047.0
2020-12-03 04:00:00,1114079.0
2020-12-03 04:30:00,1105126.0
2020-12-03 05:00:00,1111073.0
2020-12-03 05:30:00,1107316.0
2020-12-03 06:00:00,1111628.0
2020-12-03 06:30:00,1105553.0
2020-12-03 07:00:00,1108423.0
2020-12-03 07:30:00,1111004.0
2020-12-03 08:00:00,1118119.0
2020-12-03 08:30:00,1116523.0
2020-12-03 09:00:00,1119563.0
2020-12-03 09:30:00,1119971.0
2020-12-03 10:00:00,1121457.0
2020-12-03 10:30:00,1129973.0
2020-12-03 11:00:00,1111522.0
2020-12-03 11:30:00,1109232.0
2020-12-03 12:00:00,1103132.0
2020-12-03 12:30:00,1106440.0
2020-12-03 13:00:00,1121518.0
2020-12-03 13:30:00,1117103.0
2020-12-03 14:00:00,1115294.0
2020-12-03 14:30:00,1112303.0
2020-12-03 15:00:00,1113717.0
2020-12-03 15:30:00,1112731.0
2020-12-03 16:00:00,1117295.0
2020-12-03 16:30:00,1104616.0
2020-12-03 17:00:00,1107592.0
2020-12-03 17:30:00,1101878.0
2020-12-03 18:00:00,1105799.0
2020-12-03 18:30:00,1106500.0
2020-12-03 19:00:00,1101094.0
2020-12-03 19:30:00,1120655.0
2020-12-03 20:00:00,1118302.0
2020-12-03 20:30:00,1117853.0
2020-12-03 21:00:00,1126781.0
2020-12-03 21:30:00,1120342.0
2020-12-03 22:00:00,1126610.0
2020-12-03 22:30:00,1124426.0
2020-12-03 23:00:00,1135367.0
2020-12-03 23:30:00,1120112.0
2020-12-04 00:00:00,1127966.0
2020-12-04 00:30:00,1122401.0
2020-12-04 01:00:00,1120259.0
2020-12-04 01:30:00,1127394.0
2020-12-04 02:00:00,1112385.0
2020-12-04 02:30:00,1111097.0
2020-12-04 03:00:00,1121088.0
2020-12-04 03:30:00,1116466.0
2020-12-04 04:00:00,1119389.0
2020-12-04 04:30:00,1119711.0
2020-12-04 05:00:00,1118807.0
2020-12-04 05:30:00,1122496.0
2020-12-04 06:00:00,1122743.0
2020-12-04 06:30:00,1132330.0
2020-12-04 07:00:00,1134949.0
2020-12-04 07:30:00,1125279.0
2020-12-04 08:00:00,1136063.0
2020-12-04 08:30:00,1136620.0
2020-12-04 09:00:00,1155641.0
2020-12-04 09:30:00,1165761.0
2020-12-04 10:00:00,1159713.0
2020-12-04 10:30:00,1143781.0
2020-12-04 11:00:00,1151504.0
2020-12-04 11:30:00,1146907.0
2020-12-04 12:00:00,1144956.0
2020-12-04 12:30:00,1133203.0
2020-12-04 13:00:00,1140468.0
2020-12-04 13:30:00,1132409.0
2020-12-04 14:00:00,1139458.0
2020-12-04 14:30:00,1131349.0
2020-12-04 15:00:00,1131635.0
2020-12-04 15:30:00,1140517.0
2020-12-04 16:00:00,1126689.0
2020-12-04 16:30:00,1122268.0
2020-12-04 17:00:00,1128207.0
2020-12-04 17:30:00,1132739.0
2020-12-04 18:00:00,1131231.0
2020-12-04 18:30:00,1131231.0
2020-12-04 19:00:00,1123258.0
2020-12-04 19:30:00,1132653.0
2020-12-04 20:00:00,1136062.0
2020-12-04 20:30:00,1157537.0
2020-12-04 21:00:00,1151277.0
2020-12-04 21:30:00,1140539.0
2020-12-04 22:00:00,1147834.0
2020-12-04 22:30:00,1145223.0
2020-12-04 23:00:00,1125060.0
2020-12-04 23:30:00,1132646.0
2020-12-05 00:00:00,1135759.0
2020-12-05 00:30:00,1129416.0
2020-12-05 01:00:00,1135815.0
2020-12-05 01:30:00,1141839.0
2020-12-05 02:00:00,1129552.0
2020-12-05 02:30:00,1136893.0
2020-12-05 03:00:00,1140294.0
2020-12-05 03:30:00,1144297.0
2020-12-05 04:00:00,1147733.0
2020-12-05 04:30:00,1148898.0
2020-12-05 05:00:00,1142017.0
2020-12-05 05:30:00,1142930.0
2020-12-05 06:00:00,1142153.0
2020-12-05 06:30:00,1137586.0
2020-12-05 07:00:00,1135959.0
2020-12-05 07:30:00,1137032.0
2020-12-05 08:00:00,1143486.0
2020-12-05 08:30:00,1156211.0
2020-12-05 09:00:00,1149608.0
2020-12-05 09:30:00,1154774.0
2020-12-05 10:00:00,1156517.0
2020-12-05 10:30:00,1148136.0
2020-12-05 11:00:00,1147285.0
2020-12-05 11:30:00,1135599.0
2020-12-05 12:00:00,1136458.0
2020-12-05 12:30:00,1137049.0
2020-12-05 13:00:00,1141036.0
2020-12-05 13:30:00,1143453.0
2020-12-05 14:00:00,1142977.0
2020-12-05 14:30:00,1140053.0
2020-12-05 15:00:00,1146121.0
2020-12-05 15:30:00,1153732.0
2020-12-05 16:00:00,1153098.0
2020-12-05 16:30:00,1159653.0
2020-12-05 17:00:00,1147259.0
2020-12-05 17:30:00,1149198.0
2020-12-05 18:00:00,1135747.0
2020-12-05 18:30:00,1137792.0
2020-12-05 19:00:00,1136781.0
2020-12-05 19:30:00,1136788.0
2020-12-05 20:00:00,1135809.0
2020-12-05 20:30:00,1146735.0
2020-12-05 21:00:00,1153704.0
2020-12-05 21:30:00,1155499.0
2020-12-05 22:00:00,1156055.0
2020-12-05 22:30:00,1146882.0
2020-12-05 23:00:00,1157649.0
2020-12-05 23:30:00,1139151.0
2020-12-06 00:00:00,1138920.0
2020-12-06 00:30:00,1141246.0
2020-12-06 01:00:00,1135687.0
2020-12-06 01:30:00,1141002.0
2020-12-06 02:00:00,1135890.0
2020-12-06 02:30:00,1144920.0
2020-12-06 03:00:00,1140657.0
2020-12-06 03:30:00,1134656.0
2020-12-06 04:00:00,1131906.0
2020-12-06 04:30:00,1134139.0
2020-12-06 05:00:00,1145258.0
2020-12-06 05:30:00,1144677.0
2020-12-06 06:00:00,1150597.0
2020-12-06 06:30:00,1160609.0
2020-12-06 07:00:00,1161670.0
2020-12-06 07:30:00,1165554.0
2020-12-06 08:00:00,1166320.0
2020-12-06 08:30:00,1152526.0
2020-12-06 09:00:00,1152112.0
2020-12-06 09:30:00,1167436.0
2020-12-06 10:00:00,1159300.0
2020-12-06 10:30:00,1159206.0
2020-12-06 11:00:00,1163289.0
2020-12-06 11:30:00,1156726.0
2020-12-06 12:00:00,1149614.0
2020-12-06 12:30:00,1157009.0
2020-12-06 13:00:00,1149589.0
2020-12-06 13:30:00,1159319.0
2020-12-06 14:00:00,1159640.0
2020-12-06 14:30:00,1163198.0
2020-12-06 15:00:00,1159876.0
2020-12-06 15:30:00,1147577.0
2020-12-06 16:00:00,1144286.0
2020-12-06 16:30:00,1155883.0
2020-12-06 17:00:00,1146608.0
2020-12-06 17:30:00,1142506.0
2020-12-06 18:00:00,1138710.0
2020-12-06 18:30:00,1135686.0
2020-12-06 19:00:00,1141494.0
2020-12-06 19:30:00,1140118.0
2020-12-06 20:00:00,1140410.0
2020-12-06 20:30:00,1141629.0
2020-12-06 21:00:00,1146052.0
2020-12-06 21:30:00,1152476.0
2020-12-06 22:00:00,1155712.0
2020-12-06 22:30:00,1147184.0
2020-12-06 23:00:00,1146610.0
2020-12-06 23:30:00,1138075.0
2020-12-07 00:00:00,1136643.0
2020-12-07 00:30:00,1143064.0
2020-12-07 01:00:00,1144637.0
2020-12-07 01:30:00,1136027.0
2020-12-07 02:00:00,1145989.0
2020-12-07 02:30:00,1149678.0
2020-12-07 03:00:00,1150743.0
2020-12-07 03:30:00,1148036.0
2020-12-07 04:00:00,1157152.0
2020-12-07 04:30:00,1147682.0
2020-12-07 05:00:00,1150234.0
2020-12-07 05:30:00,1138328.0
2020-12-07 06:00:00,1136597.0
2020-12-07 06:30:00,1136773.0
2020-12-07 07:00:00,1141410.0
2020-12-07 07:30:00,1138884.0
2020-12-07 08:00:00,1139383.0
2020-12-07 08:30:00,1154319.0
2020-12-07 09:00:00,1150573.0
2020-12-07 09:30:00,1154073.0
2020-12-07 10:00:00,1154625.0
2020-12-07 10:30:00,1153034.0
2020-12-07 11:00:00,1157443.0
2020-12-07 11:30:00,1148539.0
2020-12-07 12:00:00,1158795.0
2020-12-07 12:30:00,1160207.0
2020-12-07 13:00:00,1157279.0
2020-12-07 13:30:00,1156368.0
2020-12-07 14:00:00,1154811.0
2020-12-07 14:30:00,1146140.0
2020-12-07 15:00:00,1129066.0
2020-12-07 15:30:00,1143461.0
2020-12-07 16:00:00,1147610.0
2020-12-07 16:30:00,1143291.0
2020-12-07 17:00:00,1141737.0
2020-12-07 17:30:00,1145223.0
2020-12-07 18:00:00,1118079.0
2020-12-07 18:30:00,1128318.0
2020-12-07 19:00:00,1121569.0
2020-12-07 19:30:00,1120104.0
2020-12-07 20:00:00,1117629.0
2020-12-07 20:30:00,1125227.0
2020-12-07 21:00:00,1117608.0
2020-12-07 21:30:00,1121276.0
2020-12-07 22:00:00,1125780.0
2020-12-07 22:30:00,1115059.0
2020-12-07 23:00:00,1125521.0
2020-12-07 23:30:00,1116785.0
2020-12-08 00:00:00,1111018.0
2020-12-08 00:30:00,1112133.0
2020-12-08 01:00:00,1109395.0
2020-12-08 01:30:00,1110351.0
2020-12-08 02:00:00,1105584.0
2020-12-08 02:30:00,1107290.0
2020-12-08 03:00:00,1096648.0
2020-12-08 03:30:00,1111451.0
2020-12-08 04:00:00,1110500.0
2020-12-08 04:30:00,1111409.0
2020-12-08 05:00:00,1116482.0
2020-12-08 05:30:00,1122843.0
2020-12-08 06:00:00,1128830.0
2020-12-08 06:30:00,1129326.0
2020-12-08 07:00:00,1135164.0
2020-12-08 07:30:00,1139614.0
2020-12-08 08:00:00,1137448.0
2020-12-08 08:30:00,1138065.0
2020-12-08 09:00:00,1137080.0
2020-12-08 09:30:00,1137080.0
2020-12-08 10:00:00,1137080.0
2020-12-08 10:30:00,1137080.0
2020-12-08 11:00:00,1137080.0
2020-12-08 11:30:00,1137080.0
2020-12-08 12:00:00,1137080.0
2020-12-08 12:30:00,1137080.0
2020-12-08 13:00:00,1137080.0
2020-12-08 13:30:00,1137080.0
2020-12-08 14:00:00,1137080.0
2020-12-08 14:30:00,1138295.0
2020-12-08 15:00:00,1139351.0
2020-12-08 15:30:00,1138322.0
2020-12-08 16:00:00,1142476.0
2020-12-08 16:30:00,1144677.0
2020-12-08 17:00:00,1145466.0
2020-12-08 17:30:00,1151309.0
2020-12-08 18:00:00,1146751.0
2020-12-08 18:30:00,1135320.0
2020-12-08 19:00:00,1139444.0
2020-12-08 19:30:00,1130598.0
2020-12-08 20:00:00,1137650.0
2020-12-08 20:30:00,1141209.0
2020-12-08 21:00:00,1135580.0
2020-12-08 21:30:00,1140858.0
2020-12-08 22:00:00,1137282.0
2020-12-08 22:30:00,1120338.0
2020-12-08 23:00:00,1123903.0
2020-12-08 23:30:00,1123977.0
2020-12-09 00:00:00,1127775.0
2020-12-09 00:30:00,1128087.0
2020-12-09 01:00:00,1120892.0
2020-12-09 01:30:00,1121558.0
2020-12-09 02:00:00,1133760.0
2020-12-09 02:30:00,1133905.0
2020-12-09 03:00:00,1136998.0
2020-12-09 03:30:00,1141782.0
2020-12-09 04:00:00,1148085.0
2020-12-09 04:30:00,1140186.0
2020-12-09 05:00:00,1129454.0
2020-12-09 05:30:00,1130110.0
2020-12-09 06:00:00,1136491.0
2020-12-09 06:30:00,1121723.0
2020-12-09 07:00:00,1130590.0
2020-12-09 07:30:00,1127997.0
2020-12-09 08:00:00,1125301.0
2020-12-09 08:30:00,1129388.0
2020-12-09 09:00:00,1134791.0
2020-12-09 09:30:00,1144488.0
2020-12-09 10:00:00,1153330.0
2020-12-09 10:30:00,1177604.0
2020-12-09 11:00:00,1140204.0
2020-12-09 11:30:00,1137169.0
2020-12-09 12:00:00,1140652.0
2020-12-09 12:30:00,1136766.0
2020-12-09 13:00:00,1140923.0
2020-12-09 13:30:00,1150609.0
2020-12-09 14:00:00,1154751.0
2020-12-09 14:30:00,1157609.0
2020-12-09 15:00:00,1158470.0
2020-12-09 15:30:00,1146495.0
2020-12-09 16:00:00,1140679.0
2020-12-09 16:30:00,1145166.0
2020-12-09 17:00:00,1149271.0
2020-12-09 17:30:00,1149609.0
2020-12-09 18:00:00,1148891.0
2020-12-09 18:30:00,1147842.0
2020-12-09 19:00:00,1147842.0
2020-12-09 19:30:00,1143177.0
2020-12-09 20:00:00,1142769.0
2020-12-09 20:30:00,1146927.0
2020-12-09 21:00:00,1149673.0
2020-12-09 21:30:00,1147081.0
2020-12-09 22:00:00,1140121.0
2020-12-09 22:30:00,1140044.0
2020-12-09 23:00:00,1148167.0
2020-12-09 23:30:00,1149825.0
2020-12-10 00:00:00,1146531.0
2020-12-10 00:30:00,1143449.0
2020-12-10 01:00:00,1145343.0
2020-12-10 01:30:00,1147204.0
2020-12-10 02:00:00,1138072.0
2020-12-10 02:30:00,1140947.0
2020-12-10 03:00:00,1145189.0
2020-12-10 03:30:00,1142346.0
2020-12-10 04:00:00,1147508.0
2020-12-10 04:30:00,1140725.0
2020-12-10 05:00:00,1149093.0
2020-12-10 05:30:00,1144716.0
2020-12-10 06:00:00,1152338.0
2020-12-10 06:30:00,1157152.0
2020-12-10 07:00:00,1154198.0
2020-12-10 07:30:00,1158789.0
2020-12-10 08:00:00,1147272.0
2020-12-10 08:30:00,1165889.0
2020-12-10 09:00:00,1157405.0
2020-12-10 09:30:00,1171853.0
2020-12-10 10:00:00,1153614.0
2020-12-10 10:30:00,1146575.0
2020-12-10 11:00:00,1149237.0
2020-12-10 11:30:00,1161136.0
2020-12-10 12:00:00,1175018.0
2020-12-10 12:30:00,1171650.0
2020-12-10 13:00:00,1156548.0
2020-12-10 13:30:00,1156056.0
2020-12-10 14:00:00,1153052.0
2020-12-10 14:30:00,1153013.0
2020-12-10 15:00:00,1155083.0
2020-12-10 15:30:00,1157588.0
2020-12-10 16:00:00,1156818.0
2020-12-10 16:30:00,1153016.0
2020-12-10 17:00:00,1142440.0
2020-12-10 17:30:00,1142120.0
2020-12-10 18:00:00,1148540.0
2020-12-10 18:30:00,1144718.0
2020-12-10 19:00:00,1128547.0
2020-12-10 19:30:00,1140723.0
2020-12-10 20:00:00,1137557.0
2020-12-10 20:30:00,1143776.0
2020-12-10 21:00:00,1146305.0
2020-12-10 21:30:00,1144119.0
2020-12-10 22:00:00,1153339.0
2020-12-10 22:30:00,1150542.0
2020-12-10 23:00:00,1147203.0
2020-12-10 23:30:00,1147651.0
2020-12-11 00:00:00,1131906.0
2020-12-11 00:30:00,1140628.0
2020-12-11 01:00:00,1138306.0
2020-12-11 01:30:00,1150651.0
2020-12-11 02:00:00,1144732.0
2020-12-11 02:30:00,1138194.0
2020-12-11 03:00:00,1142560.0
2020-12-11 03:30:00,1138817.0
2020-12-11 04:00:00,1142855.0
2020-12-11 04:30:00,1145282.0
2020-12-11 05:00:00,1142706.0
2020-12-11 05:30:00,1151089.0
2020-12-11 06:00:00,1151309.0
2020-12-11 06:30:00,1147652.0
2020-12-11 07:00:00,1142464.0
2020-12-11 07:30:00,1140051.0
2020-12-11 08:00:00,1143081.0
2020-12-11 08:30:00,1155416.0
2020-12-11 09:00:00,1143969.0
2020-12-11 09:30:00,1149691.0
2020-12-11 10:00:00,1151995.0
2020-12-11 10:30:00,1144765.0
2020-12-11 11:00:00,1138555.0
2020-12-11 11:30:00,1126487.0
2020-12-11 12:00:00,1126512.0
2020-12-11 12:30:00,1129681.0
2020-12-11 13:00:00,1138592.0
2020-12-11 13:30:00,1136589.0
2020-12-11 14:00:00,1129985.0
2020-12-11 14:30:00,1135929.0
2020-12-11 15:00:00,1125768.0
2020-12-11 15:30:00,1125574.0
2020-12-11 16:00:00,1133810.0
2020-12-11 16:30:00,1135235.0
2020-12-11 17:00:00,1141462.0
2020-12-11 17:30:00,1140841.0
2020-12-11 18:00:00,1136419.0
2020-12-11 18:30:00,1138322.0
2020-12-11 19:00:00,1131087.0
2020-12-11 19:30:00,1129742.0
2020-12-11 20:00:00,1141345.0
2020-12-11 20:30:00,1144272.0
2020-12-11 21:00:00,1147810.0
2020-12-11 21:30:00,1150711.0
2020-12-11 22:00:00,1143334.0
2020-12-11 22:30:00,1134819.0
2020-12-11 23:00:00,1136998.0
2020-12-11 23:30:00,1130316.0
2020-12-12 00:00:00,1124389.0
2020-12-12 00:30:00,1118788.0
2020-12-12 01:00:00,1121924.0
2020-12-12 01:30:00,1129528.0
2020-12-12 02:00:00,1123647.0
2020-12-12 02:30:00,1121788.0
2020-12-12 03:00:00,1130457.0
2020-12-12 03:30:00,1120522.0
2020-12-12 04:00:00,1116356.0
2020-12-12 04:30:00,1127654.0
2020-12-12 05:00:00,1121824.0
2020-12-12 05:30:00,1120764.0
2020-12-12 06:00:00,1125418.0
2020-12-12 06:30:00,1124526.0
2020-12-12 07:00:00,1116185.0
2020-12-12 07:30:00,1128084.0
2020-12-12 08:00:00,1122241.0
2020-12-12 08:30:00,1134775.0
2020-12-12 09:00:00,1134027.0
2020-12-12 09:30:00,1135051.0
2020-12-12 10:00:00,1150342.0
2020-12-12 10:30:00,1144866.0
2020-12-12 11:00:00,1151641.0
2020-12-12 11:30:00,1147150.0
2020-12-12 12:00:00,1140081.0
2020-12-12 12:30:00,1129522.0
2020-12-12 13:00:00,1130826.0
2020-12-12 13:30:00,1122580.0
2020-12-12 14:00:00,1124200.0
2020-12-12 14:30:00,1128012.0
2020-12-12 15:00:00,1129102.0
2020-12-12 15:30:00,1138442.0
2020-12-12 16:00:00,1131445.0
2020-12-12 16:30:00,1130571.0
2020-12-12 17:00:00,1132093.0
2020-12-12 17:30:00,1122084.0
2020-12-12 18:00:00,1115578.0
2020-12-12 18:30:00,1118853.0
2020-12-12 19:00:00,1127039.0
2020-12-12 19:30:00,1127039.0
2020-12-12 20:00:00,1135027.0
2020-12-12 20:30:00,1128531.0
2020-12-12 21:00:00,1131241.0
2020-12-12 21:30:00,1131873.0
2020-12-12 22:00:00,1132723.0
2020-12-12 22:30:00,1139753.0
2020-12-12 23:00:00,1124413.0
2020-12-12 23:30:00,1119326.0
2020-12-13 00:00:00,1119500.0
2020-12-13 00:30:00,1112682.0
2020-12-13 01:00:00,1122114.0
2020-12-13 01:30:00,1127677.0
2020-12-13 02:00:00,1126441.0
2020-12-13 02:30:00,1125714.0
2020-12-13 03:00:00,1134909.0
2020-12-13 03:30:00,1129021.0
2020-12-13 04:00:00,1123137.0
2020-12-13 04:30:00,1124037.0
2020-12-13 05:00:00,1118076.0
2020-12-13 05:30:00,1126469.0
2020-12-13 06:00:00,1117988.0
2020-12-13 06:30:00,1124998.0
2020-12-13 07:00:00,1119659.0
2020-12-13 07:30:00,1131593.0
2020-12-13 08:00:00,1135123.0
2020-12-13 08:30:00,1142461.0
2020-12-13 09:00:00,1140980.0
2020-12-13 09:30:00,1144743.0
2020-12-13 10:00:00,1137465.0
2020-12-13 10:30:00,1140495.0
2020-12-13 11:00:00,1128623.0
2020-12-13 11:30:00,1116390.0
2020-12-13 12:00:00,1117842.0
2020-12-13 12:30:00,1119232.0
2020-12-13 13:00:00,1128644.0
2020-12-13 13:30:00,1134827.0
2020-12-13 14:00:00,1139877.0
2020-12-13 14:30:00,1132062.0
2020-12-13 15:00:00,1141695.0
2020-12-13 15:30:00,1129852.0
2020-12-13 16:00:00,1126254.0
2020-12-13 16:30:00,1128149.0
2020-12-13 17:00:00,1126252.0
2020-12-13 17:30:00,1119344.0
2020-12-13 18:00:00,1125044.0
2020-12-13 18:30:00,1117210.0
2020-12-13 19:00:00,1122884.0
2020-12-13 19:30:00,1127010.0
2020-12-13 20:00:00,1113893.0
2020-12-13 20:30:00,1116241.0
2020-12-13 21:00:00,1114817.0
2020-12-13 21:30:00,1127047.0
2020-12-13 22:00:00,1122309.0
2020-12-13 22:30:00,1122072.0
2020-12-13 23:00:00,1115800.0
2020-12-13 23:30:00,1111492.0
2020-12-14 00:00:00,1284896.0
2020-12-14 00:30:00,1433120.0
2020-12-14 01:00:00,1435520.0
2020-12-14 01:30:00,1410291.0
2020-12-14 02:00:00,1415453.0
2020-12-14 02:30:00,1417063.0
2020-12-14 03:00:00,1410562.0
2020-12-14 03:30:00,1410169.0
2020-12-14 04:00:00,1416227.0
2020-12-14 04:30:00,1411545.0
2020-12-14 05:00:00,1404017.0
2020-12-14 05:30:00,1392868.0
2020-12-14 06:00:00,1189918.0
2020-12-14 06:30:00,1160716.0
2020-12-14 07:00:00,1160302.0
2020-12-14 07:30:00,1232088.0
2020-12-14 08:00:00,1435579.0
2020-12-14 08:30:00,1425824.0
2020-12-14 09:00:00,1416435.0
2020-12-14 09:30:00,1413145.0
2020-12-14 10:00:00,1398815.0
2020-12-14 10:30:00,1411267.0
2020-12-14 11:00:00,1412529.0
2020-12-14 11:30:00,1419150.0
2020-12-14 12:00:00,1417744.0
2020-12-14 12:30:00,1413384.0
2020-12-14 13:00:00,1407829.0
2020-12-14 13:30:00,1426399.0
2020-12-14 14:00:00,1424926.0
2020-12-14 14:30:00,1435145.0
2020-12-14 15:00:00,1432750.0
2020-12-14 15:30:00,1428719.0
2020-12-14 16:00:00,1422093.0
2020-12-14 16:30:00,1427120.0
2020-12-14 17:00:00,1433888.0
2020-12-14 17:30:00,1434380.0
2020-12-14 18:00:00,1419596.0
2020-12-14 18:30:00,1423573.0
2020-12-14 19:00:00,1436852.0
2020-12-14 19:30:00,1436852.0
2020-12-14 20:00:00,1421042.0
2020-12-14 20:30:00,1414514.0
2020-12-14 21:00:00,1419742.0
2020-12-14 21:30:00,1419886.0
2020-12-14 22:00:00,1423196.0
2020-12-14 22:30:00,1427953.0
2020-12-14 23:00:00,1421190.0
2020-12-14 23:30:00,1397131.0
2020-12-15 00:00:00,1427728.0
2020-12-15 00:30:00,1416155.0
2020-12-15 01:00:00,1412262.0
2020-12-15 01:30:00,1403161.0
2020-12-15 02:00:00,1401156.0
2020-12-15 02:30:00,1395280.0
2020-12-15 03:00:00,1402503.0
2020-12-15 03:30:00,1409413.0
2020-12-15 04:00:00,1413396.0
2020-12-15 04:30:00,1406762.0
2020-12-15 05:00:00,1398431.0
2020-12-15 05:30:00,1406156.0
2020-12-15 06:00:00,1390120.0
2020-12-15 06:30:00,1397616.0
2020-12-15 07:00:00,1391029.0
2020-12-15 07:30:00,1384774.0
2020-12-15 08:00:00,1383263.0
2020-12-15 08:30:00,1385493.0
2020-12-15 09:00:00,1395447.0
2020-12-15 09:30:00,1395447.0
2020-12-15 10:00:00,1395447.0
2020-12-15 10:30:00,1395447.0
2020-12-15 11:00:00,1395447.0
2020-12-15 11:30:00,1395447.0
2020-12-15 12:00:00,1395447.0
2020-12-15 12:30:00,1395447.0
2020-12-15 13:00:00,1395447.0
2020-12-15 13:30:00,1395447.0
2020-12-15 14:00:00,1395447.0
2020-12-15 14:30:00,1395447.0
2020-12-15 15:00:00,1395609.0
2020-12-15 15:30:00,1405651.0
2020-12-15 16:00:00,1399786.0
2020-12-15 16:30:00,1404485.0
2020-12-15 17:00:00,1393960.0
2020-12-15 17:30:00,1402117.0
2020-12-15 18:00:00,1407653.0
2020-12-15 18:30:00,1416062.0
2020-12-15 19:00:00,1428337.0
2020-12-15 19:30:00,1431163.0
2020-12-15 20:00:00,1421734.0
2020-12-15 20:30:00,1409157.0
2020-12-15 21:00:00,1419720.0
2020-12-15 21:30:00,1417654.0
2020-12-15 22:00:00,1429535.0
2020-12-15 22:30:00,1424216.0
2020-12-15 23:00:00,1421685.0
2020-12-15 23:30:00,1418244.0
2020-12-16 00:00:00,1407338.0
2020-12-16 00:30:00,1393512.0
2020-12-16 01:00:00,1404898.0
2020-12-16 01:30:00,1418788.0
2020-12-16 02:00:00,1434046.0
2020-12-16 02:30:00,1422432.0
2020-12-16 03:00:00,1432332.0
2020-12-16 03:30:00,1433130.0
2020-12-16 04:00:00,1439751.0
2020-12-16 04:30:00,1442083.0
2020-12-16 05:00:00,1448236.0
2020-12-16 05:30:00,1448884.0
2020-12-16 06:00:00,1434361.0
2020-12-16 06:30:00,1441513.0
2020-12-16 07:00:00,1429676.0
2020-12-16 07:30:00,1438688.0
2020-12-16 08:00:00,1429523.0
2020-12-16 08:30:00,1439435.0
2020-12-16 09:00:00,1436797.0
2020-12-16 09:30:00,1426118.0
2020-12-16 10:00:00,1427328.0
2020-12-16 10:30:00,1421925.0
2020-12-16 11:00:00,1435310.0
2020-12-16 11:30:00,1433053.0
2020-12-16 12:00:00,1436013.0
2020-12-16 12:30:00,1434185.0
2020-12-16 13:00:00,1426595.0
2020-12-16 13:30:00,1453228.0
2020-12-16 14:00:00,1428924.0
2020-12-16 14:30:00,1418452.0
2020-12-16 15:00:00,1419421.0
2020-12-16 15:30:00,1422889.0
2020-12-16 16:00:00,1429582.0
2020-12-16 16:30:00,1434748.0
2020-12-16 17:00:00,1448024.0
2020-12-16 17:30:00,1451782.0
2020-12-16 18:00:00,1440084.0
2020-12-16 18:30:00,1438094.0
2020-12-16 19:00:00,1452251.0
2020-12-16 19:30:00,1456038.0
2020-12-16 20:00:00,1451230.0
2020-12-16 20:30:00,1447104.0
2020-12-16 21:00:00,1453830.0
2020-12-16 21:30:00,1444584.0
2020-12-16 22:00:00,1447149.0
2020-12-16 22:30:00,1452217.0
2020-12-16 23:00:00,1346197.0
2020-12-16 23:30:00,1170728.0
2020-12-17 00:00:00,1138347.0
2020-12-17 00:30:00,1137430.0
2020-12-17 01:00:00,1137031.0
2020-12-17 01:30:00,1131472.0
2020-12-17 02:00:00,1136486.0
2020-12-17 02:30:00,1131390.0
2020-12-17 03:00:00,1129067.0
2020-12-17 03:30:00,1133854.0
2020-12-17 04:00:00,1130494.0
2020-12-17 04:30:00,1144007.0
2020-12-17 05:00:00,1128303.0
2020-12-17 05:30:00,1139781.0
2020-12-17 06:00:00,1127041.0
2020-12-17 06:30:00,1129759.0
2020-12-17 07:00:00,1131023.0
2020-12-17 07:30:00,1137472.0
2020-12-17 08:00:00,1134984.0
2020-12-17 08:30:00,1133959.0
2020-12-17 09:00:00,1143454.0
2020-12-17 09:30:00,1138353.0
2020-12-17 10:00:00,1135109.0
2020-12-17 10:30:00,1144503.0
2020-12-17 11:00:00,1138073.0
2020-12-17 11:30:00,1132340.0
2020-12-17 12:00:00,1134246.0
2020-12-17 12:30:00,1142655.0
2020-12-17 13:00:00,1136345.0
2020-12-17 13:30:00,1140604.0
2020-12-17 14:00:00,1132645.0
2020-12-17 14:30:00,1133059.0
2020-12-17 15:00:00,1128845.0
2020-12-17 15:30:00,1141078.0
2020-12-17 16:00:00,1134078.0
2020-12-17 16:30:00,1148282.0
2020-12-17 17:00:00,1142653.0
2020-12-17 17:30:00,1155752.0
2020-12-17 18:00:00,1162757.0
2020-12-17 18:30:00,1165668.0
2020-12-17 19:00:00,1167390.0
2020-12-17 19:30:00,1170215.0
2020-12-17 20:00:00,1170215.0
2020-12-17 20:30:00,1170715.0
2020-12-17 21:00:00,1168220.0
2020-12-17 21:30:00,1162229.0
2020-12-17 22:00:00,1159494.0
2020-12-17 22:30:00,1157739.0
2020-12-17 23:00:00,1154148.0
2020-12-17 23:30:00,1154856.0
2020-12-18 00:00:00,1155585.0
2020-12-18 00:30:00,1158045.0
2020-12-18 01:00:00,1157013.0
2020-12-18 01:30:00,1150193.0
2020-12-18 02:00:00,1151603.0
2020-12-18 02:30:00,1152877.0
2020-12-18 03:00:00,1143078.0
2020-12-18 03:30:00,1141918.0
2020-12-18 04:00:00,1153231.0
2020-12-18 04:30:00,1146460.0
2020-12-18 05:00:00,1139643.0
2020-12-18 05:30:00,1143417.0
2020-12-18 06:00:00,1143704.0
2020-12-18 06:30:00,1152493.0
2020-12-18 07:00:00,1152053.0
2020-12-18 07:30:00,1157187.0
2020-12-18 08:00:00,1154931.0
2020-12-18 08:30:00,1151434.0
2020-12-18 09:00:00,1152462.0
2020-12-18 09:30:00,1150545.0
2020-12-18 10:00:00,1151955.0
2020-12-18 10:30:00,1158180.0
2020-12-18 11:00:00,1155854.0
2020-12-18 11:30:00,1146990.0
2020-12-18 12:00:00,1146480.0
2020-12-18 12:30:00,1146445.0
2020-12-18 13:00:00,1143105.0
2020-12-18 13:30:00,1140561.0
2020-12-18 14:00:00,1125573.0
2020-12-18 14:30:00,1121305.0
2020-12-18 15:00:00,1118602.0
2020-12-18 15:30:00,1115375.0
2020-12-18 16:00:00,1126947.0
2020-12-18 16:30:00,1127871.0
2020-12-18 17:00:00,1132132.0
2020-12-18 17:30:00,1122995.0
2020-12-18 18:00:00,1127693.0
2020-12-18 18:30:00,1115914.0
2020-12-18 19:00:00,1119622.0
2020-12-18 19:30:00,1125153.0
2020-12-18 20:00:00,1126953.0
2020-12-18 20:30:00,1125787.0
2020-12-18 21:00:00,1116511.0
2020-12-18 21:30:00,1122368.0
2020-12-18 22:00:00,1129415.0
2020-12-18 22:30:00,1130141.0
2020-12-18 23:00:00,1127396.0
2020-12-18 23:30:00,1126244.0
2020-12-19 00:00:00,1124963.0
2020-12-19 00:30:00,1118392.0
2020-12-19 01:00:00,1119964.0
2020-12-19 01:30:00,1117018.0
2020-12-19 02:00:00,1118569.0
2020-12-19 02:30:00,1118523.0
2020-12-19 03:00:00,1123195.0
2020-12-19 03:30:00,1121361.0
2020-12-19 04:00:00,1124452.0
2020-12-19 04:30:00,1130705.0
2020-12-19 05:00:00,1118878.0
2020-12-19 05:30:00,1123000.0
2020-12-19 06:00:00,1122990.0
2020-12-19 06:30:00,1123676.0
2020-12-19 07:00:00,1127138.0
2020-12-19 07:30:00,1126713.0
2020-12-19 08:00:00,1130572.0
2020-12-19 08:30:00,1141551.0
2020-12-19 09:00:00,1126105.0
2020-12-19 09:30:00,1127022.0
2020-12-19 10:00:00,1124300.0
2020-12-19 10:30:00,1122126.0
2020-12-19 11:00:00,1118045.0
2020-12-19 11:30:00,1123241.0
2020-12-19 12:00:00,1109994.0
2020-12-19 12:30:00,1122239.0
2020-12-19 13:00:00,1118379.0
2020-12-19 13:30:00,1122032.0
2020-12-19 14:00:00,1118526.0
2020-12-19 14:30:00,1122039.0
2020-12-19 15:00:00,1124301.0
2020-12-19 15:30:00,1135110.0
2020-12-19 16:00:00,1144971.0
2020-12-19 16:30:00,1147419.0
2020-12-19 17:00:00,1145929.0
2020-12-19 17:30:00,1131049.0
2020-12-19 18:00:00,1120243.0
2020-12-19 18:30:00,1125218.0
2020-12-19 19:00:00,1134383.0
2020-12-19 19:30:00,1127841.0
2020-12-19 20:00:00,1130326.0
2020-12-19 20:30:00,1133028.0
2020-12-19 21:00:00,1131028.0
2020-12-19 21:30:00,1134709.0
2020-12-19 22:00:00,1124893.0
2020-12-19 22:30:00,1124038.0
2020-12-19 23:00:00,1130511.0
2020-12-19 23:30:00,1116025.0
2020-12-20 00:00:00,1113098.0
2020-12-20 00:30:00,1119884.0
2020-12-20 01:00:00,1120158.0
2020-12-20 01:30:00,1115335.0
2020-12-20 02:00:00,1108063.0
2020-12-20 02:30:00,1115919.0
2020-12-20 03:00:00,1118171.0
2020-12-20 03:30:00,1115335.0
2020-12-20 04:00:00,1120014.0
2020-12-20 04:30:00,1112761.0
2020-12-20 05:00:00,1117526.0
2020-12-20 05:30:00,1124863.0
2020-12-20 06:00:00,1121422.0
2020-12-20 06:30:00,1116337.0
2020-12-20 07:00:00,1120220.0
2020-12-20 07:30:00,1115898.0
2020-12-20 08:00:00,1116007.0
2020-12-20 08:30:00,1123696.0
2020-12-20 09:00:00,1119366.0
2020-12-20 09:30:00,1124032.0
2020-12-20 10:00:00,1117410.0
2020-12-20 10:30:00,1114438.0
2020-12-20 11:00:00,1121283.0
2020-12-20 11:30:00,1112135.0
2020-12-20 12:00:00,1109334.0
2020-12-20 12:30:00,1105157.0
2020-12-20 13:00:00,1106805.0
2020-12-20 13:30:00,1111271.0
2020-12-20 14:00:00,1122126.0
2020-12-20 14:30:00,1127898.0
2020-12-20 15:00:00,1114969.0
2020-12-20 15:30:00,1123544.0
2020-12-20 16:00:00,1122590.0
2020-12-20 16:30:00,1127840.0
2020-12-20 17:00:00,1135293.0
2020-12-20 17:30:00,1121753.0
2020-12-20 18:00:00,1124986.0
2020-12-20 18:30:00,1115144.0
2020-12-20 19:00:00,1120196.0
2020-12-20 19:30:00,1132908.0
2020-12-20 20:00:00,1122561.0
2020-12-20 20:30:00,1123479.0
2020-12-20 21:00:00,1122942.0
2020-12-20 21:30:00,1124954.0
2020-12-20 22:00:00,1124097.0
2020-12-20 22:30:00,1120144.0
2020-12-20 23:00:00,1119688.0
2020-12-20 23:30:00,1129931.0
2020-12-21 00:00:00,1130405.0
2020-12-21 00:30:00,1130279.0
2020-12-21 01:00:00,1145168.0
2020-12-21 01:30:00,1150254.0
2020-12-21 02:00:00,1141576.0
2020-12-21 02:30:00,1147428.0
2020-12-21 03:00:00,1133655.0
2020-12-21 03:30:00,1137956.0
2020-12-21 04:00:00,1132810.0
2020-12-21 04:30:00,1148305.0
2020-12-21 05:00:00,1134886.0
2020-12-21 05:30:00,1132100.0
2020-12-21 06:00:00,1128419.0
2020-12-21 06:30:00,1133479.0
2020-12-21 07:00:00,1144954.0
2020-12-21 07:30:00,1141550.0
2020-12-21 08:00:00,1144517.0
2020-12-21 08:30:00,1141917.0
2020-12-21 09:00:00,1139399.0
2020-12-21 09:30:00,1142561.0
2020-12-21 10:00:00,1137111.0
2020-12-21 10:30:00,1139155.0
2020-12-21 11:00:00,1146457.0
2020-12-21 11:30:00,1148051.0
2020-12-21 12:00:00,1149490.0
2020-12-21 12:30:00,1156475.0
2020-12-21 13:00:00,1166792.0
2020-12-21 13:30:00,1173094.0
2020-12-21 14:00:00,1167392.0
2020-12-21 14:30:00,1147172.0
2020-12-21 15:00:00,1146967.0
2020-12-21 15:30:00,1160224.0
2020-12-21 16:00:00,1161037.0
2020-12-21 16:30:00,1162699.0
2020-12-21 17:00:00,1163913.0
2020-12-21 17:30:00,1157815.0
2020-12-21 18:00:00,1148981.0
2020-12-21 18:30:00,1146869.0
2020-12-21 19:00:00,1155061.0
2020-12-21 19:30:00,1149699.0
2020-12-21 20:00:00,1150944.0
2020-12-21 20:30:00,1163737.0
2020-12-21 21:00:00,1163377.0
2020-12-21 21:30:00,1152361.0
2020-12-21 22:00:00,1170324.0
2020-12-21 22:30:00,1165116.0
2020-12-21 23:00:00,1163601.0
2020-12-21 23:30:00,1143269.0
2020-12-22 00:00:00,1149425.0
2020-12-22 00:30:00,1141703.0
2020-12-22 01:00:00,1141802.0
2020-12-22 01:30:00,1137788.0
2020-12-22 02:00:00,1132199.0
2020-12-22 02:30:00,1136284.0
2020-12-22 03:00:00,1142477.0
2020-12-22 03:30:00,1134118.0
2020-12-22 04:00:00,1137164.0
2020-12-22 04:30:00,1139026.0
2020-12-22 05:00:00,1131958.0
2020-12-22 05:30:00,1128529.0
2020-12-22 06:00:00,1134167.0
2020-12-22 06:30:00,1121976.0
2020-12-22 07:00:00,1129849.0
2020-12-22 07:30:00,1129279.0
2020-12-22 08:00:00,1131259.0
2020-12-22 08:30:00,1127655.0
2020-12-22 09:00:00,1130861.0
2020-12-22 09:30:00,1130861.0
2020-12-22 10:00:00,1130861.0
2020-12-22 10:30:00,1130861.0
2020-12-22 11:00:00,1130861.0
2020-12-22 11:30:00,1130861.0
2020-12-22 12:00:00,1130861.0
2020-12-22 12:30:00,1130861.0
2020-12-22 13:00:00,1130861.0
2020-12-22 13:30:00,1130861.0
2020-12-22 14:00:00,1130861.0
2020-12-22 14:30:00,1122664.0
2020-12-22 15:00:00,1113032.0
2020-12-22 15:30:00,1121038.0
2020-12-22 16:00:00,1128065.0
2020-12-22 16:30:00,1129779.0
2020-12-22 17:00:00,1123611.0
2020-12-22 17:30:00,1138945.0
2020-12-22 18:00:00,1129287.0
2020-12-22 18:30:00,1134214.0
2020-12-22 19:00:00,1146325.0
2020-12-22 19:30:00,1145274.0
2020-12-22 20:00:00,1132281.0
2020-12-22 20:30:00,1148233.0
2020-12-22 21:00:00,1133035.0
2020-12-22 21:30:00,1135258.0
2020-12-22 22:00:00,1121769.0
2020-12-22 22:30:00,1129008.0
2020-12-22 23:00:00,1129514.0
2020-12-22 23:30:00,1122017.0
2020-12-23 00:00:00,1127191.0
2020-12-23 00:30:00,1123556.0
2020-12-23 01:00:00,1114370.0
2020-12-23 01:30:00,1107346.0
2020-12-23 02:00:00,1107333.0
2020-12-23 02:30:00,1104197.0
2020-12-23 03:00:00,1115700.0
2020-12-23 03:30:00,1121480.0
2020-12-23 04:00:00,1125978.0
2020-12-23 04:30:00,1122002.0
2020-12-23 05:00:00,1121287.0
2020-12-23 05:30:00,1112692.0
2020-12-23 06:00:00,1119981.0
2020-12-23 06:30:00,1120160.0
2020-12-23 07:00:00,1125624.0
2020-12-23 07:30:00,1123637.0
2020-12-23 08:00:00,1123652.0
2020-12-23 08:30:00,1124290.0
2020-12-23 09:00:00,1124279.0
2020-12-23 09:30:00,1127391.0
2020-12-23 10:00:00,1117439.0
2020-12-23 10:30:00,1126589.0
2020-12-23 11:00:00,1109760.0
2020-12-23 11:30:00,1101810.0
2020-12-23 12:00:00,1105733.0
2020-12-23 12:30:00,1111166.0
2020-12-23 13:00:00,1116579.0
2020-12-23 13:30:00,1118271.0
2020-12-23 14:00:00,1116544.0
2020-12-23 14:30:00,1119557.0
2020-12-23 15:00:00,1116136.0
2020-12-23 15:30:00,1120122.0
2020-12-23 16:00:00,1113956.0
2020-12-23 16:30:00,1112389.0
2020-12-23 17:00:00,1126870.0
2020-12-23 17:30:00,1115517.0
2020-12-23 18:00:00,1117222.0
2020-12-23 18:30:00,1111528.0
2020-12-23 19:00:00,1126252.0
2020-12-23 19:30:00,1138284.0
2020-12-23 20:00:00,1132292.0
2020-12-23 20:30:00,1141816.0
2020-12-23 21:00:00,1139931.0
2020-12-23 21:30:00,1147260.0
2020-12-23 22:00:00,1146726.0
2020-12-23 22:30:00,1139654.0
2020-12-23 23:00:00,1148272.0
2020-12-23 23:30:00,1136968.0
2020-12-24 00:00:00,1135321.0
2020-12-24 00:30:00,1136921.0
2020-12-24 01:00:00,1125824.0
2020-12-24 01:30:00,1134131.0
2020-12-24 02:00:00,1123799.0
2020-12-24 02:30:00,1128807.0
2020-12-24 03:00:00,1138540.0
2020-12-24 03:30:00,1136755.0
2020-12-24 04:00:00,1140921.0
2020-12-24 04:30:00,1151859.0
2020-12-24 05:00:00,1145113.0
2020-12-24 05:30:00,1143503.0
2020-12-24 06:00:00,1142560.0
2020-12-24 06:30:00,1145701.0
2020-12-24 07:00:00,1140193.0
2020-12-24 07:30:00,1149474.0
2020-12-24 08:00:00,1143712.0
2020-12-24 08:30:00,1156656.0
2020-12-24 09:00:00,1147590.0
2020-12-24 09:30:00,1155053.0
2020-12-24 10:00:00,1143507.0
2020-12-24 10:30:00,1145666.0
2020-12-24 11:00:00,1147083.0
2020-12-24 11:30:00,1145781.0
2020-12-24 12:00:00,1143908.0
2020-12-24 12:30:00,1144370.0
2020-12-24 13:00:00,1145320.0
2020-12-24 13:30:00,1140592.0
2020-12-24 14:00:00,1140490.0
2020-12-24 14:30:00,1137171.0
2020-12-24 15:00:00,1139548.0
2020-12-24 15:30:00,1146617.0
2020-12-24 16:00:00,1135860.0
2020-12-24 16:30:00,1126275.0
2020-12-24 17:00:00,1137583.0
2020-12-24 17:30:00,1126771.0
2020-12-24 18:00:00,1122899.0
2020-12-24 18:30:00,1128862.0
2020-12-24 19:00:00,1130072.0
2020-12-24 19:30:00,1123165.0
2020-12-24 20:00:00,1128660.0
2020-12-24 20:30:00,1125273.0
2020-12-24 21:00:00,1130049.0
2020-12-24 21:30:00,1135263.0
2020-12-24 22:00:00,1115198.0
2020-12-24 22:30:00,1112221.0
2020-12-24 23:00:00,1121935.0
2020-12-24 23:30:00,1112591.0
2020-12-25 00:00:00,1113345.0
2020-12-25 00:30:00,1117978.0
2020-12-25 01:00:00,1116399.0
2020-12-25 01:30:00,1119653.0
2020-12-25 02:00:00,1120575.0
2020-12-25 02:30:00,1120275.0
2020-12-25 03:00:00,1126470.0
2020-12-25 03:30:00,1119937.0
2020-12-25 04:00:00,1116037.0
2020-12-25 04:30:00,1121774.0
2020-12-25 05:00:00,1119864.0
2020-12-25 05:30:00,1111845.0
2020-12-25 06:00:00,1119727.0
2020-12-25 06:30:00,1123919.0
2020-12-25 07:00:00,1122299.0
2020-12-25 07:30:00,1119252.0
2020-12-25 08:00:00,1120837.0
2020-12-25 08:30:00,1121691.0
2020-12-25 09:00:00,1124676.0
2020-12-25 09:30:00,1137077.0
2020-12-25 10:00:00,1147112.0
2020-12-25 10:30:00,1151376.0
2020-12-25 11:00:00,1147085.0
2020-12-25 11:30:00,1143490.0
2020-12-25 12:00:00,1134815.0
2020-12-25 12:30:00,1118098.0
2020-12-25 13:00:00,1120361.0
2020-12-25 13:30:00,1128945.0
2020-12-25 14:00:00,1130645.0
2020-12-25 14:30:00,1137818.0
2020-12-25 15:00:00,1128764.0
2020-12-25 15:30:00,1127834.0
2020-12-25 16:00:00,1120235.0
2020-12-25 16:30:00,1122818.0
2020-12-25 17:00:00,1134140.0
2020-12-25 17:30:00,1134238.0
2020-12-25 18:00:00,1133671.0
2020-12-25 18:30:00,1126463.0
2020-12-25 19:00:00,1119133.0
2020-12-25 19:30:00,1131752.0
2020-12-25 20:00:00,1123211.0
2020-12-25 20:30:00,1115852.0
2020-12-25 21:00:00,1115852.0
2020-12-25 21:30:00,1115552.0
2020-12-25 22:00:00,1123530.0
2020-12-25 22:30:00,1123037.0
2020-12-25 23:00:00,1122665.0
2020-12-25 23:30:00,1118493.0
2020-12-26 00:00:00,1129046.0
2020-12-26 00:30:00,1127356.0
2020-12-26 01:00:00,1128354.0
2020-12-26 01:30:00,1116819.0
2020-12-26 02:00:00,1116233.0
2020-12-26 02:30:00,1105512.0
2020-12-26 03:00:00,1119252.0
2020-12-26 03:30:00,1118922.0
2020-12-26 04:00:00,1118289.0
2020-12-26 04:30:00,1111313.0
2020-12-26 05:00:00,1111159.0
2020-12-26 05:30:00,1112417.0
2020-12-26 06:00:00,1113295.0
2020-12-26 06:30:00,1115176.0
2020-12-26 07:00:00,1112337.0
2020-12-26 07:30:00,1121012.0
2020-12-26 08:00:00,1131089.0
2020-12-26 08:30:00,1134326.0
2020-12-26 09:00:00,1133211.0
2020-12-26 09:30:00,1129654.0
2020-12-26 10:00:00,1134267.0
2020-12-26 10:30:00,1135109.0
2020-12-26 11:00:00,1142380.0
2020-12-26 11:30:00,1147437.0
2020-12-26 12:00:00,1138088.0
2020-12-26 12:30:00,1137499.0
2020-12-26 13:00:00,1136127.0
2020-12-26 13:30:00,1128682.0
2020-12-26 14:00:00,1128702.0
2020-12-26 14:30:00,1135968.0
2020-12-26 15:00:00,1135591.0
2020-12-26 15:30:00,1133179.0
2020-12-26 16:00:00,1141785.0
2020-12-26 16:30:00,1131132.0
2020-12-26 17:00:00,1133865.0
2020-12-26 17:30:00,1126181.0
2020-12-26 18:00:00,1118781.0
2020-12-26 18:30:00,1123044.0
2020-12-26 19:00:00,1125864.0
2020-12-26 19:30:00,1115422.0
2020-12-26 20:00:00,1118049.0
2020-12-26 20:30:00,1117874.0
2020-12-26 21:00:00,1110750.0
2020-12-26 21:30:00,1109471.0
2020-12-26 22:00:00,1119204.0
2020-12-26 22:30:00,1125534.0
2020-12-26 23:00:00,1121141.0
2020-12-26 23:30:00,1126260.0
2020-12-27 00:00:00,1126668.0
2020-12-27 00:30:00,1123169.0
2020-12-27 01:00:00,1122386.0
2020-12-27 01:30:00,1130547.0
2020-12-27 02:00:00,1119130.0
2020-12-27 02:30:00,1115499.0
2020-12-27 03:00:00,1112287.0
2020-12-27 03:30:00,1114079.0
2020-12-27 04:00:00,1118402.0
2020-12-27 04:30:00,1121926.0
2020-12-27 05:00:00,1119117.0
2020-12-27 05:30:00,1126040.0
2020-12-27 06:00:00,1132482.0
2020-12-27 06:30:00,1131886.0
2020-12-27 07:00:00,1115102.0
2020-12-27 07:30:00,1119273.0
2020-12-27 08:00:00,1120226.0
2020-12-27 08:30:00,1126311.0
2020-12-27 09:00:00,1117118.0
2020-12-27 09:30:00,1118343.0
2020-12-27 10:00:00,1126659.0
2020-12-27 10:30:00,1121513.0
2020-12-27 11:00:00,1134163.0
2020-12-27 11:30:00,1133455.0
2020-12-27 12:00:00,1129820.0
2020-12-27 12:30:00,1127540.0
2020-12-27 13:00:00,1145181.0
2020-12-27 13:30:00,1154668.0
2020-12-27 14:00:00,1142886.0
2020-12-27 14:30:00,1151530.0
2020-12-27 15:00:00,1140298.0
2020-12-27 15:30:00,1148386.0
2020-12-27 16:00:00,1139279.0
2020-12-27 16:30:00,1133552.0
2020-12-27 17:00:00,1125889.0
2020-12-27 17:30:00,1133643.0
2020-12-27 18:00:00,1135602.0
2020-12-27 18:30:00,1127743.0
2020-12-27 19:00:00,1128966.0
2020-12-27 19:30:00,1131452.0
2020-12-27 20:00:00,1128174.0
2020-12-27 20:30:00,1137018.0
2020-12-27 21:00:00,1136534.0
2020-12-27 21:30:00,1132738.0
2020-12-27 22:00:00,1136744.0
2020-12-27 22:30:00,1137253.0
2020-12-27 23:00:00,1143892.0
2020-12-27 23:30:00,1133667.0
2020-12-28 00:00:00,1136308.0
2020-12-28 00:30:00,1131964.0
2020-12-28 01:00:00,1131709.0
2020-12-28 01:30:00,1137605.0
2020-12-28 02:00:00,1134852.0
2020-12-28 02:30:00,1132201.0
2020-12-28 03:00:00,1131644.0
2020-12-28 03:30:00,1131918.0
2020-12-28 04:00:00,1136515.0
2020-12-28 04:30:00,1135106.0
2020-12-28 05:00:00,1132718.0
2020-12-28 05:30:00,1142618.0
2020-12-28 06:00:00,1150898.0
2020-12-28 06:30:00,1146561.0
2020-12-28 07:00:00,1140200.0
2020-12-28 07:30:00,1138531.0
2020-12-28 08:00:00,1153157.0
2020-12-28 08:30:00,1144388.0
2020-12-28 09:00:00,1155583.0
2020-12-28 09:30:00,1153670.0
2020-12-28 10:00:00,1153741.0
2020-12-28 10:30:00,1147105.0
2020-12-28 11:00:00,1141946.0
2020-12-28 11:30:00,1141425.0
2020-12-28 12:00:00,1144047.0
2020-12-28 12:30:00,1141761.0
2020-12-28 13:00:00,1137541.0
2020-12-28 13:30:00,1138187.0
2020-12-28 14:00:00,1140560.0
2020-12-28 14:30:00,1141701.0
2020-12-28 15:00:00,1136577.0
2020-12-28 15:30:00,1139177.0
2020-12-28 16:00:00,1144768.0
2020-12-28 16:30:00,1139176.0
2020-12-28 17:00:00,1134676.0
2020-12-28 17:30:00,1126567.0
2020-12-28 18:00:00,1126154.0
2020-12-28 18:30:00,1133246.0
2020-12-28 19:00:00,1136372.0
2020-12-28 19:30:00,1137856.0
2020-12-28 20:00:00,1139233.0
2020-12-28 20:30:00,1136284.0
2020-12-28 21:00:00,1136284.0
2020-12-28 21:30:00,1136723.0
2020-12-28 22:00:00,1133083.0
2020-12-28 22:30:00,1125934.0
2020-12-28 23:00:00,1129451.0
2020-12-28 23:30:00,1119359.0
2020-12-29 00:00:00,1123579.0
2020-12-29 00:30:00,1136548.0
2020-12-29 01:00:00,1130530.0
2020-12-29 01:30:00,1131456.0
2020-12-29 02:00:00,1129836.0
2020-12-29 02:30:00,1123496.0
2020-12-29 03:00:00,1124331.0
2020-12-29 03:30:00,1116106.0
2020-12-29 04:00:00,1118610.0
2020-12-29 04:30:00,1112618.0
2020-12-29 05:00:00,1118098.0
2020-12-29 05:30:00,1109892.0
2020-12-29 06:00:00,1112753.0
2020-12-29 06:30:00,1116228.0
2020-12-29 07:00:00,1111244.0
2020-12-29 07:30:00,1110740.0
2020-12-29 08:00:00,1124929.0
2020-12-29 08:30:00,1108884.0
2020-12-29 09:00:00,1121450.0
2020-12-29 09:30:00,1133281.0
2020-12-29 10:00:00,1124819.0
2020-12-29 10:30:00,1133043.0
2020-12-29 11:00:00,1131118.0
2020-12-29 11:30:00,1124684.0
2020-12-29 12:00:00,1124569.0
2020-12-29 12:30:00,1106591.0
2020-12-29 13:00:00,1111170.0
2020-12-29 13:30:00,1116904.0
2020-12-29 14:00:00,1123816.0
2020-12-29 14:30:00,1130485.0
2020-12-29 15:00:00,1125748.0
2020-12-29 15:30:00,1129068.0
2020-12-29 16:00:00,1128811.0
2020-12-29 16:30:00,1134656.0
2020-12-29 17:00:00,1127880.0
2020-12-29 17:30:00,1127634.0
2020-12-29 18:00:00,1123294.0
2020-12-29 18:30:00,1125255.0
2020-12-29 19:00:00,1120152.0
2020-12-29 19:30:00,1114067.0
2020-12-29 20:00:00,1119045.0
2020-12-29 20:30:00,1116950.0
2020-12-29 21:00:00,1125973.0
2020-12-29 21:30:00,1128962.0
2020-12-29 22:00:00,1133888.0
2020-12-29 22:30:00,1132208.0
2020-12-29 23:00:00,1136956.0
2020-12-29 23:30:00,1125362.0
2020-12-30 00:00:00,1120202.0
2020-12-30 00:30:00,1131261.0
2020-12-30 01:00:00,1115365.0
2020-12-30 01:30:00,1119966.0
2020-12-30 02:00:00,1113600.0
2020-12-30 02:30:00,1121233.0
2020-12-30 03:00:00,1119548.0
2020-12-30 03:30:00,1114251.0
2020-12-30 04:00:00,1119106.0
2020-12-30 04:30:00,1114388.0
2020-12-30 05:00:00,1118157.0
2020-12-30 05:30:00,1113674.0
2020-12-30 06:00:00,1125008.0
2020-12-30 06:30:00,1127787.0
2020-12-30 07:00:00,1131556.0
2020-12-30 07:30:00,1129335.0
2020-12-30 08:00:00,1122450.0
2020-12-30 08:30:00,1122254.0
2020-12-30 09:00:00,1137025.0
2020-12-30 09:30:00,1134147.0
2020-12-30 10:00:00,1137842.0
2020-12-30 10:30:00,1133914.0
2020-12-30 11:00:00,1143476.0
2020-12-30 11:30:00,1132674.0
2020-12-30 12:00:00,1128071.0
2020-12-30 12:30:00,1126135.0
2020-12-30 13:00:00,1128822.0
2020-12-30 13:30:00,1129447.0
2020-12-30 14:00:00,1131937.0
2020-12-30 14:30:00,1125043.0
2020-12-30 15:00:00,1135047.0
2020-12-30 15:30:00,1123736.0
2020-12-30 16:00:00,1118063.0
2020-12-30 16:30:00,1116426.0
2020-12-30 17:00:00,1113160.0
2020-12-30 17:30:00,1119960.0
2020-12-30 18:00:00,1122896.0
2020-12-30 18:30:00,1123583.0
2020-12-30 19:00:00,1124214.0
2020-12-30 19:30:00,1117305.0
2020-12-30 20:00:00,1110060.0
2020-12-30 20:30:00,1124149.0
2020-12-30 21:00:00,1107958.0
2020-12-30 21:30:00,1113554.0
2020-12-30 22:00:00,1122450.0
2020-12-30 22:30:00,1128231.0
2020-12-30 23:00:00,1127242.0
2020-12-30 23:30:00,1127893.0
2020-12-31 00:00:00,1132566.0
2020-12-31 00:30:00,1132898.0
2020-12-31 01:00:00,1136912.0
2020-12-31 01:30:00,1130218.0
2020-12-31 02:00:00,1123090.0
2020-12-31 02:30:00,1114813.0
2020-12-31 03:00:00,1114326.0
2020-12-31 03:30:00,1110550.0
2020-12-31 04:00:00,1112853.0
2020-12-31 04:30:00,1113236.0
2020-12-31 05:00:00,1110108.0
2020-12-31 05:30:00,1124928.0
2020-12-31 06:00:00,1120137.0
2020-12-31 06:30:00,1123548.0
2020-12-31 07:00:00,1119216.0
2020-12-31 07:30:00,1122678.0
2020-12-31 08:00:00,1119885.0
2020-12-31 08:30:00,1127823.0
2020-12-31 09:00:00,1129079.0
2020-12-31 09:30:00,1127111.0
2020-12-31 10:00:00,1127429.0
2020-12-31 10:30:00,1128072.0
2020-12-31 11:00:00,1133983.0
2020-12-31 11:30:00,1123289.0
2020-12-31 12:00:00,1123759.0
2020-12-31 12:30:00,1129011.0
2020-12-31 13:00:00,1125626.0
2020-12-31 13:30:00,1125989.0
2020-12-31 14:00:00,1109102.0
2020-12-31 14:30:00,1119103.0
2020-12-31 15:00:00,1121418.0
2020-12-31 15:30:00,1124201.0
2020-12-31 16:00:00,1125113.0
2020-12-31 16:30:00,1126643.0
2020-12-31 17:00:00,1131529.0
2020-12-31 17:30:00,1131838.0
2020-12-31 18:00:00,1118511.0
2020-12-31 18:30:00,1122568.0
2020-12-31 19:00:00,1126108.0
2020-12-31 19:30:00,1138876.0
2020-12-31 20:00:00,1118312.0
2020-12-31 20:30:00,1131446.0
2020-12-31 21:00:00,1120638.0
2020-12-31 21:30:00,1120638.0
2020-12-31 22:00:00,1124084.0
2020-12-31 22:30:00,1121658.0
2020-12-31 23:00:00,1120223.0
2020-12-31 23:30:00,1120645.0
